frame,timestamp_ms,wall_ms,stage,transition,tier
12,60.8218,13.3726,boot.first-measured,Idle,-1
13,268.1963,207.4523,boot.first-measured,Idle,-1
14,807.2073,539.0106,boot.first-measured,Idle,-1
15,1687.3957,880.1887,boot.first-measured,Idle,-1
16,2152.8516,465.4558,boot.first-measured,Covering,1
17,2299.9218,147.0703,boot.first-measured,Covering,1
18,2315.0558,15.134,boot.first-measured,Covering,1
19,2326.9694,11.9137,boot.first-measured,Covering,1
20,2348.5922,21.6226,boot.first-measured,Covering,1
21,2365.8426,17.2505,boot.first-measured,Covering,1
22,2377.6681,11.8254,boot.first-measured,Covering,1
23,2396.5479,18.8799,boot.first-measured,Covering,1
24,2415.6656,19.1175,boot.first-measured,Covering,1
25,2433.7924,18.127,boot.first-measured,Covering,1
26,2442.9774,9.1851,boot.first-measured,Covering,1
27,2472.0283,29.0508,boot.first-measured,Covering,1
28,2489.0439,17.0156,boot.first-measured,Covering,1
29,2494.9864,5.9424,boot.first-measured,Covering,1
30,2509.3725,14.3862,boot.first-measured,Covering,1
31,2525.2247,15.8522,boot.first-measured,Covering,1
32,2543.0479,17.8232,boot.first-measured,Covering,1
33,2561.0803,18.0323,boot.first-measured,Covering,1
34,2583.3432,22.263,boot.first-measured,Covering,1
35,2607.4293,24.0862,boot.first-measured,Covering,1
36,2626.4353,19.0059,boot.first-measured,Covering,1
37,2644.9957,18.5603,boot.first-measured,Covering,1
38,2667.0471,22.0514,boot.first-measured,Covering,1
39,2688.4088,21.3618,boot.first-measured,Covering,1
40,2708.2936,19.8848,boot.first-measured,Covering,1
41,2725.5666,17.2731,boot.first-measured,Covering,1
42,2743.9327,18.3659,boot.first-measured,Covering,1
43,2770.2217,26.2891,boot.first-measured,Covering,1
44,2791.3847,21.163,boot.first-measured,Covering,1
45,2810.0215,18.6368,boot.first-measured,Covering,1
46,2834.778,24.7566,boot.first-measured,Covering,1
47,2851.9841,17.206,boot.first-measured,Covering,1
48,2867.5211,15.537,boot.first-measured,Covering,1
49,2884.7565,17.2354,boot.first-measured,Covering,1
50,2900.4286,15.6721,boot.first-measured,Covering,1
51,2917.1431,16.7144,boot.first-measured,Covering,1
52,2949.9152,32.7723,boot.first-measured,Covering,1
53,2957.9508,8.0355,boot.first-measured,Covering,1
54,2972.3863,14.4354,boot.first-measured,Covering,1
55,2984.9372,12.551,boot.first-measured,Covering,1
56,3016.8232,31.886,boot.first-measured,Covering,1
57,3023.4548,6.6316,boot.first-measured,Covering,1
58,3051.9921,28.5373,boot.first-measured,Covering,1
59,3059.5739,7.5817,boot.first-measured,Covering,1
60,3074.7146,15.1408,boot.first-measured,Covering,1
61,3088.1041,13.3895,boot.first-measured,Covering,1
62,3107.3703,19.2662,boot.first-measured,Covering,1
63,3120.7048,13.3344,boot.first-measured,Covering,1
64,3154.634,33.9293,boot.first-measured,Covering,1
65,3161.495,6.861,boot.first-measured,Covering,1
66,3176.0895,14.5945,boot.first-measured,Covering,1
67,3208.1328,32.0434,boot.first-measured,Covering,1
68,3216.2868,8.1539,boot.first-measured,Covering,1
69,3232.6101,16.3234,boot.first-measured,Covering,1
70,3245.8871,13.2769,boot.first-measured,Covering,1
71,3262.5411,16.654,boot.first-measured,Covering,1
72,3276.6091,14.068,boot.first-measured,Covering,1
73,3301.2882,24.6791,boot.first-measured,CoveredLoading,1
74,3322.9864,21.6982,boot.first-measured,CoveredLoading,1
75,3338.6678,15.6813,boot.first-measured,CoveredLoading,1
76,3473.5253,134.8576,boot.first-measured,CoveredLoading,1
77,3582.6059,109.0805,boot.first-measured,CoveredLoading,1
78,3743.5509,160.9451,boot.first-measured,CoveredLoading,1
79,3958.8154,215.2645,boot.first-measured,CoveredLoading,1
80,3989.8286,31.0131,boot.first-measured,CoveredLoading,1
81,4214.4219,224.5933,boot.first-measured,CoveredLoading,1
82,4276.6151,62.1932,boot.first-measured,CoveredLoading,1
83,4307.9571,31.342,boot.first-measured,CoveredLoading,1
84,4333.2214,25.2644,boot.first-measured,CoveredLoading,1
85,4357.3013,24.0798,boot.first-measured,CoveredLoading,1
86,4386.0355,28.7343,boot.first-measured,CoveredLoading,1
87,4445.2005,59.1646,boot.first-measured,CoveredLoading,1
88,4460.4963,15.2962,boot.first-measured,CoveredLoading,1
89,4482.3,21.8037,boot.first-measured,CoveredLoading,1
90,4513.5037,31.2037,boot.first-measured,Preparing,1
91,4546.0872,32.5834,boot.first-measured,Preparing,1
92,4574.7325,28.6454,boot.first-measured,Preparing,1
93,4605.7691,31.0366,boot.first-measured,Preparing,1
94,4632.5155,26.7464,boot.first-measured,Preparing,1
95,4667.3126,34.7971,boot.first-measured,Preparing,1
96,4699.1909,31.8782,boot.first-measured,Preparing,1
97,4728.2368,29.046,boot.first-measured,Preparing,1
98,4756.1703,27.9335,boot.first-measured,Revealing,1
99,4791.0707,34.9004,boot.first-measured,Revealing,1
100,4815.9822,24.9115,boot.first-measured,Revealing,1
101,4847.8621,31.8799,boot.first-measured,Revealing,1
102,4886.4678,38.6056,boot.first-measured,Revealing,1
103,4913.912,27.4442,boot.first-measured,Revealing,1
104,4945.4946,31.5827,boot.first-measured,Revealing,1
105,4974.792,29.2975,boot.first-measured,Revealing,1
106,5006.2222,31.43,boot.first-measured,Revealing,1
107,5033.3371,27.115,boot.first-measured,Revealing,1
108,5068.9221,35.585,boot.first-measured,Revealing,1
109,5100.2981,31.376,boot.first-measured,Revealing,1
110,5130.6294,30.3314,boot.first-measured,Revealing,1
111,5160.3961,29.7666,boot.first-measured,Revealing,1
112,5189.4524,29.0563,boot.first-measured,Revealing,1
113,5222.7174,33.265,boot.first-measured,Revealing,1
114,5251.3652,28.6477,boot.first-measured,Revealing,1
115,5283.1048,31.7397,boot.first-measured,Revealing,1
116,5313.5057,30.4009,boot.first-measured,Revealing,1
117,5346.5873,33.0816,boot.first-measured,Revealing,1
118,5378.4838,31.8964,boot.first-measured,Revealing,1
119,5406.8869,28.4032,boot.first-measured,Revealing,1
120,5432.2609,25.374,boot.first-measured,Revealing,1
121,5465.6034,33.3425,boot.first-measured,Revealing,1
122,5488.2972,22.6939,boot.first-measured,Revealing,1
123,5515.2877,26.9903,boot.first-measured,Revealing,1
124,5542.4026,27.115,boot.first-measured,Revealing,1
125,5568.1639,25.7613,boot.first-measured,Revealing,1
126,5596.2085,28.0445,boot.first-measured,Revealing,1
127,5622.4188,26.2104,boot.first-measured,Revealing,1
128,5643.6022,21.1833,boot.first-measured,Revealing,1
129,5667.7394,24.1373,boot.first-measured,Revealing,1
130,5694.362,26.6226,boot.first-measured,Revealing,1
131,5716.2618,21.8998,boot.first-measured,Revealing,1
132,5742.4643,26.2025,boot.first-measured,Revealing,1
133,5766.618,24.1536,boot.first-measured,Revealing,1
134,5794.8236,28.2056,boot.first-measured,Revealing,1
135,5818.6706,23.8471,boot.first-measured,Revealing,1
136,5870.4649,51.7941,boot.first-measured,Revealing,1
137,5966.1844,95.7196,boot.first-measured,Revealing,1
138,5986.1175,19.9332,boot.first-measured,Revealing,1
139,6019.0008,32.8832,boot.first-measured,Revealing,1
140,6045.2686,26.2679,boot.first-measured,Revealing,1
141,6057.9337,12.6651,boot.first-measured,Revealing,1
142,6082.3042,24.3705,boot.first-measured,Revealing,1
143,6120.0532,37.7491,boot.first-measured,Revealing,1
144,6131.4239,11.3707,boot.first-measured,Revealing,1
145,6155.5102,24.0862,boot.first-measured,Idle,1
146,6199.0691,43.5589,boot.first-measured,Idle,1
147,6525.4573,326.3879,menu.high.initial-load,Idle,2
148,6611.2348,85.7776,menu.high.initial-load,Idle,2
149,6819.2339,207.9989,menu.high.initial-load,Idle,2
150,6851.3545,32.1209,menu.high.initial-load,Idle,2
151,6881.6237,30.2692,menu.high.initial-load,Idle,2
152,6896.1574,14.5338,menu.high.initial-load,Idle,2
153,7113.797,217.6396,menu.high.initial-load,Idle,2
154,7211.5838,97.7867,menu.high.initial-load,Idle,2
155,7237.3034,25.7197,menu.high.initial-load,Idle,2
156,7316.0681,78.7646,menu.high.initial-load,Idle,2
157,7393.9541,77.8861,menu.high.initial-load,Idle,2
158,7418.9658,25.0117,menu.high.initial-load,Idle,2
159,7465.4611,46.495,menu.high.initial-load,Idle,2
160,7518.9315,53.4704,menu.high.initial-load,Idle,2
161,7543.3217,24.3904,menu.high.initial-load,Idle,2
162,7574.6094,31.2877,menu.high.initial-load,Idle,2
163,7593.5009,18.8916,menu.high.initial-load,Idle,2
164,7614.0399,20.539,menu.high.initial-load,Idle,2
165,7642.7121,28.6722,menu.high.initial-load,Idle,2
166,7671.0087,28.2964,menu.high.initial-load,Idle,2
167,7693.7129,22.7044,menu.high.initial-load,Idle,2
168,7717.3714,23.6585,menu.high.initial-load,Idle,2
169,7745.376,28.0045,menu.high.initial-load,Idle,2
170,7773.8785,28.5025,menu.high.initial-load,Idle,2
171,7798.7938,24.9154,menu.high.initial-load,Idle,2
172,7824.1455,25.3517,menu.high.initial-load,Idle,2
173,7847.5446,23.3991,menu.high.initial-load,Idle,2
174,7876.6289,29.0842,menu.high.initial-load,Idle,2
175,7904.6514,28.0226,menu.high.initial-load,Idle,2
176,7925.0378,20.3864,menu.high.initial-load,Idle,2
177,7952.2786,27.2408,menu.high.initial-load,Idle,2
178,8019.6677,67.389,menu.high.initial-load,Idle,2
179,8043.8699,24.2023,menu.high.initial-load,Idle,2
180,8116.2583,72.3884,menu.high.initial-load,Idle,2
181,8138.6774,22.419,menu.high.initial-load,Idle,2
182,8164.0312,25.3539,menu.high.initial-load,Idle,2
183,8193.2796,29.2482,menu.high.initial-load,Idle,2
184,8218.7008,25.4214,menu.high.initial-load,Idle,2
185,8246.0815,27.3807,menu.high.initial-load,Idle,2
186,8274.9361,28.8544,menu.high.initial-load,Idle,2
187,8300.131,25.1951,menu.high.initial-load,Idle,2
188,8327.2421,27.1111,menu.high.initial-load,Idle,2
189,8351.232,23.9899,menu.high.initial-load,Idle,2
190,8378.6877,27.4557,menu.high.initial-load,Idle,2
191,8407.4573,28.7696,menu.high.initial-load,Idle,2
192,8427.3283,19.8709,menu.high.initial-load,Idle,2
193,8454.3169,26.9887,menu.high.initial-load,Idle,2
194,8481.3701,27.0532,menu.high.steady,Idle,2
195,8509.057,27.6869,menu.high.steady,Idle,2
196,8536.1476,27.0906,menu.high.steady,Idle,2
197,8565.3085,29.1608,menu.high.steady,Idle,2
198,8589.6571,24.3487,menu.high.steady,Idle,2
199,8624.3586,34.7015,menu.high.steady,Idle,2
200,8644.9842,20.6254,menu.high.steady,Idle,2
201,8670.9478,25.9636,menu.high.steady,Idle,2
202,8699.4778,28.5301,menu.high.steady,Idle,2
203,8723.4416,23.9639,menu.high.steady,Idle,2
204,8749.6596,26.218,menu.high.steady,Idle,2
205,8775.523,25.8634,menu.high.steady,Idle,2
206,8802.401,26.8779,menu.high.steady,Idle,2
207,8829.8138,27.4129,menu.high.steady,Idle,2
208,8853.5032,23.6894,menu.high.steady,Idle,2
209,8878.7359,25.2325,menu.high.steady,Idle,2
210,8903.7033,24.9676,menu.high.steady,Idle,2
211,8933.896,30.1927,menu.high.steady,Idle,2
212,8961.1374,27.2414,menu.high.steady,Idle,2
213,9028.3137,67.1763,menu.high.steady,Idle,2
214,9047.2575,18.9438,menu.high.steady,Idle,2
215,9073.9583,26.7008,menu.high.steady,Idle,2
216,9136.1618,62.2032,menu.high.steady,Idle,2
217,9161.6905,25.5289,menu.high.steady,Idle,2
218,9185.4886,23.7982,menu.high.steady,Idle,2
219,9212.6429,27.1541,menu.high.steady,Idle,2
220,9239.9773,27.3343,menu.high.steady,Idle,2
221,9267.4819,27.5048,menu.high.steady,Idle,2
222,9294.8422,27.3603,menu.high.steady,Idle,2
223,9318.4738,23.6317,menu.high.steady,Idle,2
224,9345.9215,27.4477,menu.high.steady,Idle,2
225,9371.1687,25.2472,menu.high.steady,Idle,2
226,9400.1897,29.021,menu.high.steady,Idle,2
227,9424.5673,24.3776,menu.high.steady,Idle,2
228,9451.6215,27.0541,menu.high.steady,Idle,2
229,9478.916,27.2946,menu.high.steady,Idle,2
230,9504.5251,25.6091,menu.high.steady,Idle,2
231,9530.9044,26.3793,menu.high.steady,Idle,2
232,9556.7765,25.8721,menu.high.steady,Idle,2
233,9583.3004,26.5239,menu.high.steady,Idle,2
234,9608.9619,25.6615,menu.high.steady,Idle,2
235,9636.1075,27.1456,menu.high.steady,Idle,2
236,9665.4335,29.326,menu.high.steady,Idle,2
237,9689.1862,23.7527,menu.high.steady,Idle,2
238,9714.1473,24.961,menu.high.steady,Idle,2
239,9742.0074,27.8601,menu.high.steady,Idle,2
240,9768.8764,26.869,menu.high.steady,Idle,2
241,9796.0841,27.2076,menu.high.steady,Idle,2
242,9815.4976,19.4137,menu.high.steady,Idle,2
243,9842.2767,26.7791,menu.high.steady,Idle,2
244,9870.9555,28.6787,menu.high.steady,Idle,2
245,9893.9852,23.0298,menu.high.steady,Idle,2
246,9917.2384,23.2531,menu.high.steady,Idle,2
247,9943.6021,26.3636,menu.high.steady,Idle,2
248,9977.2388,33.6369,menu.high.steady,Idle,2
249,10014.3987,37.1599,menu.high.steady,Idle,2
250,10094.5234,80.1243,menu.high.steady,Idle,2
251,10115.1574,20.6341,menu.high.steady,Idle,2
252,10138.3732,23.216,menu.high.steady,Idle,2
253,10197.2827,58.9094,menu.high.steady,Idle,2
254,10223.7073,26.4248,menu.high.steady,Idle,2
255,10257.7776,34.0702,menu.high.steady,Idle,2
256,10290.3316,32.5541,menu.high.steady,Idle,2
257,10319.0906,28.759,menu.high.steady,Idle,2
258,10352.9721,33.8815,menu.high.steady,Idle,2
259,10386.6437,33.6716,menu.high.steady,Idle,2
260,10413.7395,27.0956,menu.high.steady,Idle,2
261,10447.3696,33.6302,menu.high.steady,Idle,2
262,10479.4681,32.0984,menu.high.steady,Idle,2
263,10513.2129,33.7449,menu.high.steady,Idle,2
264,10571.3328,58.12,menu.high.steady,Idle,2
265,10600.9417,29.6088,menu.high.steady,Idle,2
266,10670.7505,69.8089,menu.high.steady,Idle,2
267,10699.233,28.4826,menu.high.steady,Idle,2
268,10732.783,33.5498,menu.high.steady,Idle,2
269,10766.3927,33.6098,menu.high.steady,Idle,2
270,10800.204,33.8113,menu.high.steady,Idle,2
271,10825.7103,25.5063,menu.high.steady,Idle,2
272,10852.0423,26.3244,menu.high.steady,Idle,2
273,10879.0401,27.0053,menu.high.steady,Idle,2
274,10900.9835,21.9435,menu.high.steady,Idle,2
275,10933.1648,32.1813,menu.high.steady,Idle,2
276,10957.3794,24.2146,menu.high.steady,Idle,2
277,10984.7038,27.3243,menu.high.steady,Idle,2
278,11012.534,27.8301,menu.high.steady,Idle,2
279,11041.1863,28.6525,menu.high.steady,Idle,2
280,11066.16,24.9736,menu.high.steady,Idle,2
281,11092.0814,25.9214,menu.high.steady,Idle,2
282,11114.9926,22.9112,menu.high.steady,Idle,2
283,11144.0077,29.0152,menu.high.steady,Idle,2
284,11172.1023,28.0946,menu.high.steady,Idle,2
285,11195.5646,23.4622,menu.high.steady,Idle,2
286,11221.9346,26.3701,menu.high.steady,Idle,2
287,11246.4929,24.5583,menu.high.steady,Idle,2
288,11275.3328,28.8399,menu.high.steady,Idle,2
289,11297.5205,22.1877,menu.high.steady,Idle,2
290,11327.7031,30.1826,menu.high.steady,Idle,2
291,11351.9659,24.2628,menu.high.steady,Idle,2
292,11379.3234,27.3575,menu.high.steady,Idle,2
293,11441.5381,62.2147,menu.high.steady,Idle,2
294,11465.4338,23.8957,menu.high.steady,Idle,2
295,11499.5886,34.1548,menu.high.steady,Idle,2
296,11571.6596,72.071,menu.high.steady,Idle,2
297,11590.0207,18.3609,menu.high.steady,Idle,2
298,11618.3024,28.2818,menu.high.steady,Idle,2
299,11642.4565,24.1542,menu.high.steady,Idle,2
300,11667.2974,24.8409,menu.high.steady,Idle,2
301,11694.5992,27.3018,menu.high.steady,Idle,2
302,11718.687,24.0877,menu.high.steady,Idle,2
303,11745.7399,27.053,menu.high.steady,Idle,2
304,11775.3186,29.5787,menu.high.steady,Idle,2
305,11800.006,24.6874,menu.high.steady,Idle,2
306,11825.5354,25.5293,menu.high.steady,Idle,2
307,11854.3522,28.8168,menu.high.steady,Idle,2
308,11887.0756,32.7234,menu.high.steady,Idle,2
309,11911.4615,24.3859,menu.high.steady,Idle,2
310,11940.5139,29.0525,menu.high.steady,Idle,2
311,11964.9879,24.4739,menu.high.steady,Idle,2
312,11990.2698,25.282,menu.high.steady,Idle,2
313,12013.9645,23.6947,menu.high.steady,Idle,2
314,12043.4313,29.4668,menu.high.steady,Idle,2
315,12071.6231,28.1919,menu.high.steady,Idle,2
316,12095.5435,23.9203,menu.high.steady,Idle,2
317,12119.0649,23.5213,menu.high.steady,Idle,2
318,12146.1502,27.0854,menu.high.steady,Idle,2
319,12175.0282,28.878,menu.high.steady,Idle,2
320,12199.997,24.9688,menu.high.steady,Idle,2
321,12225.3715,25.3744,menu.high.steady,Idle,2
322,12251.2616,25.8902,menu.high.steady,Idle,2
323,12278.4225,27.1609,menu.high.steady,Idle,2
324,12307.545,29.1226,menu.high.steady,Idle,2
325,12332.9959,25.4508,menu.high.steady,Idle,2
326,12358.4555,25.4596,menu.high.steady,Idle,2
327,12384.0377,25.5822,menu.high.steady,Idle,2
328,12439.4653,55.4275,menu.high.steady,Idle,2
329,12461.2261,21.7609,menu.high.steady,Idle,2
330,12485.0882,23.862,menu.high.steady,Idle,2
331,12546.7992,61.7111,menu.high.steady,Idle,2
332,12571.2081,24.4089,menu.high.steady,Idle,2
333,12599.5312,28.3231,menu.high.steady,Idle,2
334,12624.8368,25.3055,menu.high.steady,Idle,2
335,12648.0657,23.229,menu.high.steady,Idle,2
336,12677.3923,29.3265,menu.high.steady,Idle,2
337,12705.1627,27.7704,menu.high.steady,Idle,2
338,12728.8849,23.7223,menu.high.steady,Idle,2
339,12755.467,26.5822,menu.high.steady,Idle,2
340,12779.443,23.9759,menu.high.steady,Idle,2
341,12808.3959,28.9529,menu.high.steady,Idle,2
342,12833.3638,24.9679,menu.high.steady,Idle,2
343,12860.6759,27.3121,menu.high.steady,Idle,2
344,12908.5847,47.9088,audit.snapshot.menu.high.steady,Idle,0
345,12922.3145,13.7298,audit.snapshot.menu.high.steady,Idle,0
346,12946.5602,24.2457,audit.snapshot.menu.high.steady,Idle,0
347,12967.4636,20.9033,audit.snapshot.menu.high.steady,Idle,0
348,12986.1312,18.6677,audit.snapshot.menu.high.steady,Idle,0
349,13010.4738,24.3426,audit.snapshot.menu.high.steady,Idle,0
350,13038.09,27.6161,audit.snapshot.menu.high.steady,Idle,0
351,13056.4414,18.3515,audit.snapshot.menu.high.steady,Idle,0
352,13077.2601,20.8187,audit.snapshot.menu.high.steady,Idle,0
353,13098.5405,21.2804,audit.snapshot.menu.high.steady,Idle,0
354,13116.9425,18.4019,audit.snapshot.menu.high.steady,Idle,0
355,13140.7227,23.7803,audit.snapshot.menu.high.steady,Idle,0
356,13161.0128,20.29,audit.snapshot.menu.high.steady,Idle,0
357,13178.884,17.8713,audit.snapshot.menu.high.steady,Idle,0
358,13199.9775,21.0935,audit.snapshot.menu.high.steady,Idle,0
359,13218.6735,18.696,audit.snapshot.menu.high.steady,Idle,0
360,13242.3649,23.6913,audit.snapshot.menu.high.steady,Idle,0
361,13263.5393,21.1745,audit.snapshot.menu.high.steady,Idle,0
362,13279.7783,16.239,audit.snapshot.menu.high.steady,Idle,0
363,13304.668,24.8897,audit.snapshot.menu.high.steady,Idle,0
364,13322.5057,17.8376,audit.snapshot.menu.high.steady,Idle,0
365,13343.0586,20.5531,audit.snapshot.menu.high.steady,Idle,0
366,13364.6508,21.5921,audit.snapshot.menu.high.steady,Idle,0
367,13382.9322,18.2815,audit.snapshot.menu.high.steady,Idle,0
368,13406.5707,23.6385,audit.snapshot.menu.high.steady,Idle,0
369,13442.7557,36.1849,audit.snapshot.menu.high.steady,Idle,0
370,13451.73,8.9742,audit.snapshot.menu.high.steady,Idle,0
371,13506.7241,54.9939,audit.snapshot.menu.high.steady,Idle,0
372,13524.0153,17.2915,audit.snapshot.menu.high.steady,Idle,0
373,13544.0329,20.0175,audit.snapshot.menu.high.steady,Idle,0
374,13565.708,21.6753,menu.tier0.steady,Idle,0
375,13628.4371,62.729,menu.tier0.steady,Idle,0
376,13644.2109,15.7737,menu.tier0.steady,Idle,0
377,13667.7604,23.5495,menu.tier0.steady,Idle,0
378,13683.7054,15.945,menu.tier0.steady,Idle,0
379,13707.2141,23.5088,menu.tier0.steady,Idle,0
380,13727.2218,20.0077,menu.tier0.steady,Idle,0
381,13745.1129,17.8911,menu.tier0.steady,Idle,0
382,13773.4606,28.3477,menu.tier0.steady,Idle,0
383,13790.9013,17.4407,menu.tier0.steady,Idle,0
384,13811.349,20.4477,menu.tier0.steady,Idle,0
385,13832.5897,21.2407,menu.tier0.steady,Idle,0
386,13851.0035,18.4137,menu.tier0.steady,Idle,0
387,13874.6321,23.6287,menu.tier0.steady,Idle,0
388,13889.3826,14.7505,menu.tier0.steady,Idle,0
389,13912.3391,22.9565,menu.tier0.steady,Idle,0
390,13933.0345,20.6955,menu.tier0.steady,Idle,0
391,13951.4176,18.3829,menu.tier0.steady,Idle,0
392,13978.2134,26.7959,menu.tier0.steady,Idle,0
393,14005.7788,27.5654,menu.tier0.steady,Idle,0
394,14033.2233,27.4445,menu.tier0.steady,Idle,0
395,14060.4807,27.2574,menu.tier0.steady,Idle,0
396,14085.2348,24.7541,menu.tier0.steady,Idle,0
397,14113.9926,28.7578,menu.tier0.steady,Idle,0
398,14136.8729,22.8804,menu.tier0.steady,Idle,0
399,14156.917,20.044,menu.tier0.steady,Idle,0
400,14183.9601,27.0431,menu.tier0.steady,Idle,0
401,14210.7115,26.7514,menu.tier0.steady,Idle,0
402,14238.5932,27.8817,menu.tier0.steady,Idle,0
403,14266.0253,27.4321,menu.tier0.steady,Idle,0
404,14291.0156,24.9903,menu.tier0.steady,Idle,0
405,14311.3036,20.2881,menu.tier0.steady,Idle,0
406,14334.3382,23.0345,menu.tier0.steady,Idle,0
407,14363.1633,28.8251,menu.tier0.steady,Idle,0
408,14389.1144,25.9511,menu.tier0.steady,Idle,0
409,14415.0864,25.972,menu.tier0.steady,Idle,0
410,14433.1356,18.0493,menu.tier0.steady,Idle,0
411,14459.8056,26.67,menu.tier0.steady,Idle,0
412,14484.5623,24.7566,menu.tier0.steady,Idle,0
413,14513.4621,28.8998,menu.tier0.steady,Idle,0
414,14539.4373,25.9752,menu.tier0.steady,Idle,0
415,14566.6999,27.2626,menu.tier0.steady,Idle,0
416,14593.6182,26.9183,menu.tier0.steady,Idle,0
417,14618.5667,24.9485,menu.tier0.steady,Idle,0
418,14642.1022,23.5354,menu.tier0.steady,Idle,0
419,14664.24,22.1378,menu.tier0.steady,Idle,0
420,14690.5184,26.2785,menu.tier0.steady,Idle,0
421,14717.344,26.8255,menu.tier0.steady,Idle,0
422,14744.2523,26.9085,menu.tier0.steady,Idle,0
423,14772.2861,28.0336,menu.tier0.steady,Idle,0
424,14798.0294,25.7434,menu.tier0.steady,Idle,0
425,14816.5326,18.5032,menu.tier0.steady,Idle,0
426,14839.5315,22.9988,menu.tier0.steady,Idle,0
427,14857.4034,17.8719,menu.tier0.steady,Idle,0
428,14877.7085,20.3053,menu.tier0.steady,Idle,0
429,14896.7624,19.0538,menu.tier0.steady,Idle,0
430,14917.4873,20.7249,menu.tier0.steady,Idle,0
431,14938.5834,21.0961,menu.tier0.steady,Idle,0
432,14963.0765,24.4931,menu.tier0.steady,Idle,0
433,14979.6005,16.524,menu.tier0.steady,Idle,0
434,15000.7384,21.1379,menu.tier0.steady,Idle,0
435,15021.7964,21.058,menu.tier0.steady,Idle,0
436,15042.4648,20.6684,menu.tier0.steady,Idle,0
437,15064.3554,21.8906,menu.tier0.steady,Idle,0
438,15080.6364,16.281,menu.tier0.steady,Idle,0
439,15105.584,24.9475,menu.tier0.steady,Idle,0
440,15123.4294,17.8454,menu.tier0.steady,Idle,0
441,15144.2142,20.7849,menu.tier0.steady,Idle,0
442,15165.3984,21.1841,menu.tier0.steady,Idle,0
443,15184.0577,18.6595,menu.tier0.steady,Idle,0
444,15207.8316,23.7737,menu.tier0.steady,Idle,0
445,15229.7097,21.8782,menu.tier0.steady,Idle,0
446,15246.2169,16.5072,menu.tier0.steady,Idle,0
447,15267.7788,21.5618,menu.tier0.steady,Idle,0
448,15288.7727,20.9941,menu.tier0.steady,Idle,0
449,15309.6076,20.8347,menu.tier0.steady,Idle,0
450,15331.1602,21.5527,menu.tier0.steady,Idle,0
451,15347.8026,16.6424,menu.tier0.steady,Idle,0
452,15372.9054,25.1027,menu.tier0.steady,Idle,0
453,15390.6099,17.7046,menu.tier0.steady,Idle,0
454,15411.0573,20.4474,menu.tier0.steady,Idle,0
455,15429.3508,18.2935,menu.tier0.steady,Idle,0
456,15448.7141,19.3632,menu.tier0.steady,Idle,0
457,15471.9452,23.2312,menu.tier0.steady,Idle,0
458,15494.1066,22.1614,menu.tier0.steady,Idle,0
459,15512.0896,17.9829,menu.tier0.steady,Idle,0
460,15533.5916,21.5021,menu.tier0.steady,Idle,0
461,15555.1388,21.5472,menu.tier0.steady,Idle,0
462,15575.6342,20.4954,menu.tier0.steady,Idle,0
463,15597.6537,22.0195,menu.tier0.steady,Idle,0
464,15613.9364,16.2827,menu.tier0.steady,Idle,0
465,15639.4312,25.4946,menu.tier0.steady,Idle,0
466,15656.9414,17.5105,menu.tier0.steady,Idle,0
467,15677.7153,20.7737,menu.tier0.steady,Idle,0
468,15699.0347,21.3195,menu.tier0.steady,Idle,0
469,15717.3508,18.3161,menu.tier0.steady,Idle,0
470,15741.1639,23.813,menu.tier0.steady,Idle,0
471,15763.1191,21.9553,menu.tier0.steady,Idle,0
472,15779.4564,16.3373,menu.tier0.steady,Idle,0
473,15801.3572,21.9008,menu.tier0.steady,Idle,0
474,15820.9038,19.5466,menu.tier0.steady,Idle,0
475,15842.6802,21.7764,menu.tier0.steady,Idle,0
476,15864.2989,21.6187,menu.tier0.steady,Idle,0
477,15880.7087,16.4098,menu.tier0.steady,Idle,0
478,15906.0484,25.3397,menu.tier0.steady,Idle,0
479,15923.5037,17.4553,menu.tier0.steady,Idle,0
480,15942.0598,18.5561,menu.tier0.steady,Idle,0
481,15965.5834,23.5236,menu.tier0.steady,Idle,0
482,15983.7197,18.1363,menu.tier0.steady,Idle,0
483,16007.4944,23.7747,menu.tier0.steady,Idle,0
484,16027.7027,20.208,menu.tier0.steady,Idle,0
485,16046.4955,18.7929,menu.tier0.steady,Idle,0
486,16068.2485,21.753,menu.tier0.steady,Idle,0
487,16091.1263,22.878,menu.tier0.steady,Idle,0
488,16109.5039,18.3775,menu.tier0.steady,Idle,0
489,16131.3643,21.8605,menu.tier0.steady,Idle,0
490,16147.6049,16.2406,menu.tier0.steady,Idle,0
491,16172.7495,25.1445,menu.tier0.steady,Idle,0
492,16190.4589,17.7095,menu.tier0.steady,Idle,0
493,16211.2639,20.805,menu.tier0.steady,Idle,0
494,16232.8464,21.5825,leaves.tier0.normal.r1,Covering,0
495,16320.9416,88.0952,leaves.tier0.normal.r1,Covering,0
496,16338.6979,17.7563,leaves.tier0.normal.r1,Covering,0
497,16364.9729,26.2749,leaves.tier0.normal.r1,Covering,0
498,16384.7584,19.7857,leaves.tier0.normal.r1,Covering,0
499,16409.6751,24.9166,leaves.tier0.normal.r1,Covering,0
500,16429.2582,19.5831,leaves.tier0.normal.r1,Covering,0
501,16457.5381,28.2799,leaves.tier0.normal.r1,Covering,0
502,16475.4563,17.9182,leaves.tier0.normal.r1,Covering,0
503,16498.6706,23.2143,leaves.tier0.normal.r1,Covering,0
504,16524.6226,25.952,leaves.tier0.normal.r1,Covering,0
505,16542.5716,17.949,leaves.tier0.normal.r1,Covering,0
506,16565.5548,22.9831,leaves.tier0.normal.r1,Covering,0
507,16588.205,22.6504,leaves.tier0.normal.r1,Covering,0
508,16609.9925,21.7874,leaves.tier0.normal.r1,Covering,0
509,16632.7975,22.805,leaves.tier0.normal.r1,Covering,0
510,16655.3199,22.5224,leaves.tier0.normal.r1,Covering,0
511,16676.9227,21.6028,leaves.tier0.normal.r1,Covering,0
512,16699.695,22.7723,leaves.tier0.normal.r1,Covering,0
513,16721.8038,22.1088,leaves.tier0.normal.r1,Covering,0
514,16743.7935,21.9896,leaves.tier0.normal.r1,Covering,0
515,16766.4239,22.6306,leaves.tier0.normal.r1,Covering,0
516,16788.8305,22.4065,leaves.tier0.normal.r1,Covering,0
517,16810.279,21.4485,leaves.tier0.normal.r1,Covering,0
518,16832.7531,22.474,leaves.tier0.normal.r1,Covering,0
519,16855.1126,22.3597,leaves.tier0.normal.r1,Covering,0
520,16876.972,21.8593,leaves.tier0.normal.r1,Covering,0
521,16899.9762,23.0042,leaves.tier0.normal.r1,Covering,0
522,16922.3617,22.3854,leaves.tier0.normal.r1,Covering,0
523,16945.3992,23.0376,leaves.tier0.normal.r1,Covering,0
524,16972.0506,26.6514,leaves.tier0.normal.r1,Covering,0
525,16994.8684,22.8177,leaves.tier0.normal.r1,Covering,0
526,17018.791,23.9227,leaves.tier0.normal.r1,Covering,0
527,17046.5085,27.7175,leaves.tier0.normal.r1,Covering,0
528,17076.3946,29.8861,leaves.tier0.normal.r1,Covering,0
529,17107.2459,30.8513,leaves.tier0.normal.r1,Covering,0
530,17134.1431,26.8972,leaves.tier0.normal.r1,Covering,0
531,17163.3541,29.211,leaves.tier0.normal.r1,Covering,0
532,17192.805,29.4509,leaves.tier0.normal.r1,Covering,0
533,17221.1519,28.3469,leaves.tier0.normal.r1,Covering,0
534,17249.915,28.7631,leaves.tier0.normal.r1,Covering,0
535,17282.0377,32.1227,leaves.tier0.normal.r1,Covering,0
536,17314.8015,32.7638,leaves.tier0.normal.r1,Covering,0
537,17348.1133,33.3118,leaves.tier0.normal.r1,Covering,0
538,17387.2775,39.1641,leaves.tier0.normal.r1,Covering,0
539,17413.288,26.0104,leaves.tier0.normal.r1,Covering,0
540,17442.6758,29.3879,leaves.tier0.normal.r1,Covering,0
541,17467.8947,25.2189,leaves.tier0.normal.r1,Covering,0
542,17497.124,29.2294,leaves.tier0.normal.r1,Covering,0
543,17525.9874,28.8634,leaves.tier0.normal.r1,Covering,0
544,17553.4561,27.4687,leaves.tier0.normal.r1,Covering,0
545,17582.6856,29.2295,leaves.tier0.normal.r1,Covering,0
546,17613.1719,30.4862,leaves.tier0.normal.r1,Covering,0
547,17643.7234,30.5516,leaves.tier0.normal.r1,Covering,0
548,17674.4774,30.754,leaves.tier0.normal.r1,Covering,0
549,17702.1351,27.6577,leaves.tier0.normal.r1,Covering,0
550,17730.4102,28.2751,leaves.tier0.normal.r1,Covering,0
551,17758.9878,28.5776,leaves.tier0.normal.r1,Covering,0
552,17786.1232,27.1354,leaves.tier0.normal.r1,Covering,0
553,17814.3793,28.256,leaves.tier0.normal.r1,Covering,0
554,17844.6494,30.2702,leaves.tier0.normal.r1,CoveredLoading,0
555,17874.6517,30.0021,leaves.tier0.normal.r1,CoveredLoading,0
556,17896.4597,21.8081,audit.snapshot.leaves.tier0.normal.r1.covered,CoveredLoading,0
557,17909.0218,12.5621,leaves.tier0.normal.r1.hold,CoveredLoading,0
558,17922.735,13.7132,leaves.tier0.normal.r1.hold,CoveredLoading,0
559,17937.6376,14.9027,leaves.tier0.normal.r1.hold,CoveredLoading,0
560,17950.6801,13.0425,leaves.tier0.normal.r1.hold,CoveredLoading,0
561,17969.108,18.4278,leaves.tier0.normal.r1.hold,CoveredLoading,0
562,17985.8943,16.7864,leaves.tier0.normal.r1.hold,CoveredLoading,0
563,18000.8864,14.9921,leaves.tier0.normal.r1.hold,CoveredLoading,0
564,18016.2899,15.4034,leaves.tier0.normal.r1.hold,CoveredLoading,0
565,18032.7366,16.4468,leaves.tier0.normal.r1.hold,CoveredLoading,0
566,18049.9713,17.2347,leaves.tier0.normal.r1.hold,CoveredLoading,0
567,18067.9973,18.0261,leaves.tier0.normal.r1.hold,CoveredLoading,0
568,18088.8195,20.8222,leaves.tier0.normal.r1.hold,CoveredLoading,0
569,18112.6988,23.8791,leaves.tier0.normal.r1.hold,CoveredLoading,0
570,18143.5978,30.8991,leaves.tier0.normal.r1.hold,CoveredLoading,0
571,18172.3669,28.7691,leaves.tier0.normal.r1.hold,CoveredLoading,0
572,18180.7057,8.3388,leaves.tier0.normal.r1.hold,CoveredLoading,0
573,18193.1293,12.4236,leaves.tier0.normal.r1.hold,CoveredLoading,0
574,18214.7856,21.6563,leaves.tier0.normal.r1.hold,CoveredLoading,0
575,18234.5916,19.806,leaves.tier0.normal.r1.hold,CoveredLoading,0
576,18255.6882,21.0966,leaves.tier0.normal.r1.reveal,Preparing,0
577,18291.2104,35.5222,leaves.tier0.normal.r1.reveal,Preparing,0
578,18333.3013,42.0909,leaves.tier0.normal.r1.reveal,Preparing,0
579,18368.6921,35.3907,leaves.tier0.normal.r1.reveal,Preparing,0
580,18405.2205,36.5284,leaves.tier0.normal.r1.reveal,Preparing,0
581,18440.2608,35.0404,leaves.tier0.normal.r1.reveal,Preparing,0
582,18474.2359,33.9751,leaves.tier0.normal.r1.reveal,Preparing,0
583,18507.4326,33.1967,leaves.tier0.normal.r1.reveal,Preparing,0
584,18536.803,29.3703,leaves.tier0.normal.r1.reveal,Revealing,0
585,18566.184,29.381,leaves.tier0.normal.r1.reveal,Revealing,0
586,18607.1057,40.9218,leaves.tier0.normal.r1.reveal,Revealing,0
587,18643.8916,36.7857,leaves.tier0.normal.r1.reveal,Revealing,0
588,18680.558,36.6666,leaves.tier0.normal.r1.reveal,Revealing,0
589,18710.6112,30.0532,leaves.tier0.normal.r1.reveal,Revealing,0
590,18749.4649,38.8537,leaves.tier0.normal.r1.reveal,Revealing,0
591,18790.18,40.7151,leaves.tier0.normal.r1.reveal,Revealing,0
592,18825.3564,35.1764,leaves.tier0.normal.r1.reveal,Revealing,0
593,18860.6292,35.2728,leaves.tier0.normal.r1.reveal,Revealing,0
594,18898.3505,37.7213,leaves.tier0.normal.r1.reveal,Revealing,0
595,18927.4289,29.0782,leaves.tier0.normal.r1.reveal,Revealing,0
596,18955.5145,28.0857,leaves.tier0.normal.r1.reveal,Revealing,0
597,18982.337,26.8226,leaves.tier0.normal.r1.reveal,Revealing,0
598,19010.2951,27.9581,leaves.tier0.normal.r1.reveal,Revealing,0
599,19049.1419,38.8468,leaves.tier0.normal.r1.reveal,Revealing,0
600,19079.5152,30.3733,leaves.tier0.normal.r1.reveal,Revealing,0
601,19110.545,31.0298,leaves.tier0.normal.r1.reveal,Revealing,0
602,19140.3008,29.7558,leaves.tier0.normal.r1.reveal,Revealing,0
603,19166.6038,26.3029,leaves.tier0.normal.r1.reveal,Revealing,0
604,19192.3211,25.7174,leaves.tier0.normal.r1.reveal,Revealing,0
605,19218.1226,25.8014,leaves.tier0.normal.r1.reveal,Revealing,0
606,19245.0214,26.8989,leaves.tier0.normal.r1.reveal,Revealing,0
607,19272.733,27.7115,leaves.tier0.normal.r1.reveal,Revealing,0
608,19294.2251,21.4922,leaves.tier0.normal.r1.reveal,Revealing,0
609,19315.9335,21.7085,leaves.tier0.normal.r1.reveal,Revealing,0
610,19340.9189,24.9854,leaves.tier0.normal.r1.reveal,Revealing,0
611,19363.7716,22.8526,leaves.tier0.normal.r1.reveal,Revealing,0
612,19383.6049,19.8334,leaves.tier0.normal.r1.reveal,Revealing,0
613,19416.3715,32.7665,leaves.tier0.normal.r1.reveal,Revealing,0
614,19442.2039,25.8324,leaves.tier0.normal.r1.reveal,Revealing,0
615,19465.1365,22.9326,leaves.tier0.normal.r1.reveal,Revealing,0
616,19484.7042,19.5677,leaves.tier0.normal.r1.reveal,Revealing,0
617,19509.4839,24.7797,leaves.tier0.normal.r1.reveal,Revealing,0
618,19532.2394,22.7554,leaves.tier0.normal.r1.reveal,Revealing,0
619,19552.2951,20.0558,leaves.tier0.normal.r1.reveal,Revealing,0
620,19577.1047,24.8096,leaves.tier0.normal.r1.reveal,Revealing,0
621,19599.8679,22.7632,leaves.tier0.normal.r1.reveal,Revealing,0
622,19621.9589,22.091,leaves.tier0.normal.r1.reveal,Revealing,0
623,19643.6516,21.6926,leaves.tier0.normal.r1.reveal,Revealing,0
624,19666.3708,22.7194,leaves.tier0.normal.r1.reveal,Revealing,0
625,19688.7598,22.3889,leaves.tier0.normal.r1.reveal,Revealing,0
626,19710.9818,22.222,leaves.tier0.normal.r1.reveal,Revealing,0
627,19733.4389,22.4571,leaves.tier0.normal.r1.reveal,Revealing,0
628,19756.0681,22.6292,leaves.tier0.normal.r1.reveal,Revealing,0
629,19777.8987,21.8306,leaves.tier0.normal.r1.reveal,Revealing,0
630,19800.5195,22.6209,leaves.tier0.normal.r1.reveal,Revealing,0
631,19825.7892,25.2696,leaves.tier0.normal.r1.reveal,Revealing,0
632,19845.3101,19.5209,leaves.tier0.normal.r1.reveal,Revealing,0
633,19867.755,22.4449,leaves.tier0.normal.r1.reveal,Revealing,0
634,19889.924,22.169,leaves.tier0.normal.r1.reveal,Revealing,0
635,19912.2102,22.2861,leaves.tier0.normal.r1.reveal,Revealing,0
636,19935.0166,22.8065,leaves.tier0.normal.r1.reveal,Idle,0
637,19963.5245,28.508,leaves.tier0.normal.r1.settle,Idle,0
638,19989.1581,25.6334,leaves.tier0.normal.r1.settle,Idle,0
639,20012.4373,23.2792,leaves.tier0.normal.r1.settle,Idle,0
640,20030.0584,17.6212,leaves.tier0.normal.r1.settle,Idle,0
641,20046.372,16.3136,leaves.tier0.normal.r1.settle,Idle,0
642,20068.0868,21.7148,leaves.tier0.normal.r1.settle,Idle,0
643,20088.7952,20.7083,leaves.tier0.normal.r1.settle,Idle,0
644,20109.5595,20.7643,leaves.tier0.normal.r1.settle,Idle,0
645,20131.3145,21.7551,leaves.tier0.normal.r1.settle,Idle,0
646,20149.4165,18.102,leaves.tier0.normal.r1.settle,Idle,0
647,20172.5565,23.14,leaves.tier0.normal.r1.settle,Idle,0
648,20190.2653,17.7088,leaves.tier0.normal.r1.settle,Idle,0
649,20211.2768,21.0113,leaves.tier0.normal.r1.settle,Idle,0
650,20232.4099,21.1333,leaves.tier0.normal.r1.settle,Idle,0
651,20250.7895,18.3795,leaves.tier0.normal.r1.settle,Idle,0
652,20275.2805,24.4911,leaves.tier0.reduced.r1,Covering,0
653,20303.7868,28.5064,leaves.tier0.reduced.r1,Covering,0
654,20322.9347,19.1477,leaves.tier0.reduced.r1,Covering,0
655,20344.1145,21.1799,leaves.tier0.reduced.r1,Covering,0
656,20365.7466,21.632,leaves.tier0.reduced.r1,Covering,0
657,20387.7076,21.9611,leaves.tier0.reduced.r1,Covering,0
658,20417.3422,29.6345,leaves.tier0.reduced.r1,Covering,0
659,20441.1558,23.8137,leaves.tier0.reduced.r1,CoveredLoading,0
660,20455.6802,14.5241,leaves.tier0.reduced.r1,CoveredLoading,0
661,20474.3167,18.6368,audit.snapshot.leaves.tier0.reduced.r1.covered,CoveredLoading,0
662,20488.5366,14.2199,leaves.tier0.reduced.r1.hold,CoveredLoading,0
663,20505.8171,17.2805,leaves.tier0.reduced.r1.hold,CoveredLoading,0
664,20524.917,19.0999,leaves.tier0.reduced.r1.hold,CoveredLoading,0
665,20538.982,14.0649,leaves.tier0.reduced.r1.hold,CoveredLoading,0
666,20558.4789,19.497,leaves.tier0.reduced.r1.hold,CoveredLoading,0
667,20572.2955,13.8167,leaves.tier0.reduced.r1.hold,CoveredLoading,0
668,20600.235,27.9393,leaves.tier0.reduced.r1.hold,CoveredLoading,0
669,20611.0383,10.8033,leaves.tier0.reduced.r1.hold,CoveredLoading,0
670,20629.8702,18.832,leaves.tier0.reduced.r1.hold,CoveredLoading,0
671,20641.8301,11.9598,leaves.tier0.reduced.r1.hold,CoveredLoading,0
672,20655.0432,13.2132,leaves.tier0.reduced.r1.hold,CoveredLoading,0
673,20673.1682,18.125,leaves.tier0.reduced.r1.hold,CoveredLoading,0
674,20691.6304,18.4622,leaves.tier0.reduced.r1.hold,CoveredLoading,0
675,20705.0184,13.388,leaves.tier0.reduced.r1.hold,CoveredLoading,0
676,20727.9853,22.967,leaves.tier0.reduced.r1.hold,CoveredLoading,0
677,20741.7189,13.7335,leaves.tier0.reduced.r1.hold,CoveredLoading,0
678,20754.4578,12.7389,leaves.tier0.reduced.r1.hold,CoveredLoading,0
679,20772.7047,18.2468,leaves.tier0.reduced.r1.hold,CoveredLoading,0
680,20791.3765,18.672,leaves.tier0.reduced.r1.hold,CoveredLoading,0
681,20820.5382,29.1616,leaves.tier0.reduced.r1.reveal,Preparing,0
682,20829.1978,8.6596,leaves.tier0.reduced.r1.reveal,Preparing,0
683,20845.9805,16.7828,leaves.tier0.reduced.r1.reveal,Preparing,0
684,20866.5033,20.5227,leaves.tier0.reduced.r1.reveal,Preparing,0
685,20884.4623,17.9589,leaves.tier0.reduced.r1.reveal,Preparing,0
686,20907.8892,23.427,leaves.tier0.reduced.r1.reveal,Revealing,0
687,20927.4861,19.597,leaves.tier0.reduced.r1.reveal,Revealing,0
688,20945.822,18.3358,leaves.tier0.reduced.r1.reveal,Revealing,0
689,20967.8426,22.0206,leaves.tier0.reduced.r1.reveal,Revealing,0
690,20991.9717,24.129,leaves.tier0.reduced.r1.reveal,Revealing,0
691,21010.7268,18.7551,leaves.tier0.reduced.r1.reveal,Revealing,0
692,21032.2988,21.5721,leaves.tier0.reduced.r1.reveal,Revealing,0
693,21051.3935,19.0946,leaves.tier0.reduced.r1.reveal,Revealing,0
694,21076.3316,24.9379,leaves.tier0.reduced.r1.reveal,Revealing,0
695,21099.4153,23.0839,leaves.tier0.reduced.r1.reveal,Idle,0
696,21126.0219,26.6067,leaves.tier0.reduced.r1.settle,Idle,0
697,21142.3146,16.2926,leaves.tier0.reduced.r1.settle,Idle,0
698,21164.2013,21.8868,leaves.tier0.reduced.r1.settle,Idle,0
699,21180.2107,16.0093,leaves.tier0.reduced.r1.settle,Idle,0
700,21205.2705,25.06,leaves.tier0.reduced.r1.settle,Idle,0
701,21223.0054,17.7348,leaves.tier0.reduced.r1.settle,Idle,0
702,21251.2676,28.2621,leaves.tier0.reduced.r1.settle,Idle,0
703,21274.237,22.9693,leaves.tier0.reduced.r1.settle,Idle,0
704,21294.003,19.7662,leaves.tier0.reduced.r1.settle,Idle,0
705,21312.4358,18.4327,leaves.tier0.reduced.r1.settle,Idle,0
706,21333.8785,21.4428,leaves.tier0.reduced.r1.settle,Idle,0
707,21352.3292,18.4507,leaves.tier0.reduced.r1.settle,Idle,0
708,21375.7715,23.4423,leaves.tier0.reduced.r1.settle,Idle,0
709,21397.2689,21.4974,leaves.tier0.reduced.r1.settle,Idle,0
710,21413.998,16.7291,leaves.tier0.reduced.r1.settle,Idle,0
711,21439.2002,25.2022,leaves.tier0.normal.r2,Covering,0
712,21486.1965,46.9962,leaves.tier0.normal.r2,Covering,0
713,21508.3633,22.1669,leaves.tier0.normal.r2,Covering,0
714,21531.3974,23.0342,leaves.tier0.normal.r2,Covering,0
715,21550.648,19.2506,leaves.tier0.normal.r2,Covering,0
716,21575.3431,24.695,leaves.tier0.normal.r2,Covering,0
717,21598.5676,23.2245,leaves.tier0.normal.r2,Covering,0
718,21617.9692,19.4016,leaves.tier0.normal.r2,Covering,0
719,21642.9919,25.0226,leaves.tier0.normal.r2,Covering,0
720,21665.4625,22.4707,leaves.tier0.normal.r2,Covering,0
721,21685.4744,20.0119,leaves.tier0.normal.r2,Covering,0
722,21711.1185,25.6441,leaves.tier0.normal.r2,Covering,0
723,21740.064,28.9454,leaves.tier0.normal.r2,Covering,0
724,21760.7033,20.6394,leaves.tier0.normal.r2,Covering,0
725,21780.0806,19.3774,leaves.tier0.normal.r2,Covering,0
726,21806.5619,26.4811,leaves.tier0.normal.r2,Covering,0
727,21826.9265,20.3647,leaves.tier0.normal.r2,Covering,0
728,21846.1786,19.2521,leaves.tier0.normal.r2,Covering,0
729,21872.4271,26.2484,leaves.tier0.normal.r2,Covering,0
730,21887.6921,15.2648,leaves.tier0.normal.r2,Covering,0
731,21911.5228,23.8308,leaves.tier0.normal.r2,Covering,0
732,21933.9748,22.4522,leaves.tier0.normal.r2,Covering,0
733,21956.6535,22.6787,leaves.tier0.normal.r2,Covering,0
734,21984.6885,28.035,leaves.tier0.normal.r2,Covering,0
735,22014.4949,29.8064,leaves.tier0.normal.r2,Covering,0
736,22046.4483,31.9532,leaves.tier0.normal.r2,Covering,0
737,22076.0194,29.5713,leaves.tier0.normal.r2,Covering,0
738,22105.0605,29.0411,leaves.tier0.normal.r2,Covering,0
739,22132.5018,27.4412,leaves.tier0.normal.r2,Covering,0
740,22155.3379,22.8362,leaves.tier0.normal.r2,Covering,0
741,22185.4952,30.1573,leaves.tier0.normal.r2,Covering,0
742,22219.2967,33.8013,leaves.tier0.normal.r2,Covering,0
743,22253.4101,34.1137,leaves.tier0.normal.r2,Covering,0
744,22281.6312,28.2209,leaves.tier0.normal.r2,Covering,0
745,22317.0871,35.456,leaves.tier0.normal.r2,Covering,0
746,22355.1973,38.1101,leaves.tier0.normal.r2,Covering,0
747,22384.1799,28.9827,leaves.tier0.normal.r2,Covering,0
748,22425.5446,41.3647,leaves.tier0.normal.r2,Covering,0
749,22465.2456,39.701,leaves.tier0.normal.r2,Covering,0
750,22505.8665,40.6209,leaves.tier0.normal.r2,Covering,0
751,22543.9108,38.0443,leaves.tier0.normal.r2,Covering,0
752,22578.2786,34.3678,leaves.tier0.normal.r2,Covering,0
753,22627.0664,48.7878,leaves.tier0.normal.r2,Covering,0
754,22659.1109,32.0445,leaves.tier0.normal.r2,Covering,0
755,22696.6069,37.496,leaves.tier0.normal.r2,Covering,0
756,22734.1909,37.584,leaves.tier0.normal.r2,Covering,0
757,22764.9483,30.7574,leaves.tier0.normal.r2,Covering,0
758,22802.6785,37.7302,leaves.tier0.normal.r2,Covering,0
759,22838.2746,35.5961,leaves.tier0.normal.r2,Covering,0
760,22867.2471,28.9725,leaves.tier0.normal.r2,Covering,0
761,22891.8305,24.5834,leaves.tier0.normal.r2,Covering,0
762,22922.1296,30.2991,leaves.tier0.normal.r2,Covering,0
763,22950.8184,28.6889,leaves.tier0.normal.r2,Covering,0
764,22976.9932,26.1747,leaves.tier0.normal.r2,Covering,0
765,23009.0084,32.0152,leaves.tier0.normal.r2,Covering,0
766,23041.1139,32.1055,leaves.tier0.normal.r2,CoveredLoading,0
767,23072.6705,31.5563,leaves.tier0.normal.r2,CoveredLoading,0
768,23084.2675,11.5973,audit.snapshot.leaves.tier0.normal.r2.covered,CoveredLoading,0
769,23100.6132,16.3457,leaves.tier0.normal.r2.hold,CoveredLoading,0
770,23113.8794,13.2662,leaves.tier0.normal.r2.hold,CoveredLoading,0
771,23129.9961,16.1167,leaves.tier0.normal.r2.hold,CoveredLoading,0
772,23150.184,20.1878,leaves.tier0.normal.r2.hold,CoveredLoading,0
773,23166.5519,16.368,leaves.tier0.normal.r2.hold,CoveredLoading,0
774,23179.4562,12.9043,leaves.tier0.normal.r2.hold,CoveredLoading,0
775,23195.4087,15.9525,leaves.tier0.normal.r2.hold,CoveredLoading,0
776,23210.1129,14.7041,leaves.tier0.normal.r2.hold,CoveredLoading,0
777,23241.9619,31.8491,leaves.tier0.normal.r2.hold,CoveredLoading,0
778,23248.3082,6.3463,leaves.tier0.normal.r2.hold,CoveredLoading,0
779,23260.7104,12.4022,leaves.tier0.normal.r2.hold,CoveredLoading,0
780,23277.4805,16.77,leaves.tier0.normal.r2.hold,CoveredLoading,0
781,23308.913,31.4326,leaves.tier0.normal.r2.hold,CoveredLoading,0
782,23315.3372,6.4243,leaves.tier0.normal.r2.hold,CoveredLoading,0
783,23329.9285,14.5912,leaves.tier0.normal.r2.hold,CoveredLoading,0
784,23344.2859,14.3573,leaves.tier0.normal.r2.hold,CoveredLoading,0
785,23376.0208,31.7349,leaves.tier0.normal.r2.hold,CoveredLoading,0
786,23382.3909,6.3702,leaves.tier0.normal.r2.hold,CoveredLoading,0
787,23396.7498,14.3589,leaves.tier0.normal.r2.hold,CoveredLoading,0
788,23411.7426,14.9927,leaves.tier0.normal.r2.reveal,Preparing,0
789,23440.1407,28.3982,leaves.tier0.normal.r2.reveal,Preparing,0
790,23469.9441,29.8034,leaves.tier0.normal.r2.reveal,Preparing,0
791,23497.1287,27.1845,leaves.tier0.normal.r2.reveal,Preparing,0
792,23525.0245,27.8958,leaves.tier0.normal.r2.reveal,Preparing,0
793,23552.0537,27.0293,leaves.tier0.normal.r2.reveal,Preparing,0
794,23589.5027,37.4489,leaves.tier0.normal.r2.reveal,Preparing,0
795,23612.8026,23.2999,leaves.tier0.normal.r2.reveal,Preparing,0
796,23642.9001,30.0976,leaves.tier0.normal.r2.reveal,Preparing,0
797,23673.3571,30.457,leaves.tier0.normal.r2.reveal,Revealing,0
798,23697.8686,24.5114,leaves.tier0.normal.r2.reveal,Revealing,0
799,23726.4097,28.5412,leaves.tier0.normal.r2.reveal,Revealing,0
800,23753.5943,27.1846,leaves.tier0.normal.r2.reveal,Revealing,0
801,23782.389,28.7947,leaves.tier0.normal.r2.reveal,Revealing,0
802,23819.3089,36.9199,leaves.tier0.normal.r2.reveal,Revealing,0
803,23846.8112,27.5021,leaves.tier0.normal.r2.reveal,Revealing,0
804,23876.9793,30.1683,leaves.tier0.normal.r2.reveal,Revealing,0
805,23907.6364,30.6571,leaves.tier0.normal.r2.reveal,Revealing,0
806,23934.2562,26.6198,leaves.tier0.normal.r2.reveal,Revealing,0
807,23963.169,28.9128,leaves.tier0.normal.r2.reveal,Revealing,0
808,23991.5338,28.3648,leaves.tier0.normal.r2.reveal,Revealing,0
809,24019.4512,27.9173,leaves.tier0.normal.r2.reveal,Revealing,0
810,24048.1526,28.7015,leaves.tier0.normal.r2.reveal,Revealing,0
811,24079.6624,31.5098,leaves.tier0.normal.r2.reveal,Revealing,0
812,24110.4698,30.8074,leaves.tier0.normal.r2.reveal,Revealing,0
813,24141.1002,30.6304,leaves.tier0.normal.r2.reveal,Revealing,0
814,24167.6577,26.5575,leaves.tier0.normal.r2.reveal,Revealing,0
815,24196.7135,29.0558,leaves.tier0.normal.r2.reveal,Revealing,0
816,24224.6595,27.946,leaves.tier0.normal.r2.reveal,Revealing,0
817,24252.078,27.4185,leaves.tier0.normal.r2.reveal,Revealing,0
818,24280.4709,28.3928,leaves.tier0.normal.r2.reveal,Revealing,0
819,24310.3093,29.8384,leaves.tier0.normal.r2.reveal,Revealing,0
820,24339.4281,29.1188,leaves.tier0.normal.r2.reveal,Revealing,0
821,24362.7685,23.3405,leaves.tier0.normal.r2.reveal,Revealing,0
822,24385.7263,22.9578,leaves.tier0.normal.r2.reveal,Revealing,0
823,24411.8963,26.1699,leaves.tier0.normal.r2.reveal,Revealing,0
824,24431.5565,19.6603,leaves.tier0.normal.r2.reveal,Revealing,0
825,24460.0665,28.51,leaves.tier0.normal.r2.reveal,Revealing,0
826,24479.5736,19.5071,leaves.tier0.normal.r2.reveal,Revealing,0
827,24505.6354,26.0618,leaves.tier0.normal.r2.reveal,Revealing,0
828,24527.7894,22.154,leaves.tier0.normal.r2.reveal,Revealing,0
829,24553.4215,25.6322,leaves.tier0.normal.r2.reveal,Revealing,0
830,24575.0838,21.6622,leaves.tier0.normal.r2.reveal,Revealing,0
831,24598.0158,22.932,leaves.tier0.normal.r2.reveal,Revealing,0
832,24617.3873,19.3715,leaves.tier0.normal.r2.reveal,Revealing,0
833,24642.0744,24.687,leaves.tier0.normal.r2.reveal,Revealing,0
834,24665.0985,23.0242,leaves.tier0.normal.r2.reveal,Revealing,0
835,24684.9986,19.9001,leaves.tier0.normal.r2.reveal,Revealing,0
836,24709.4448,24.4462,leaves.tier0.normal.r2.reveal,Revealing,0
837,24732.279,22.8342,leaves.tier0.normal.r2.reveal,Revealing,0
838,24752.2553,19.9763,leaves.tier0.normal.r2.reveal,Revealing,0
839,24777.1178,24.8624,leaves.tier0.normal.r2.reveal,Revealing,0
840,24799.3397,22.222,leaves.tier0.normal.r2.reveal,Revealing,0
841,24821.8202,22.4805,leaves.tier0.normal.r2.reveal,Revealing,0
842,24844.1658,22.3456,leaves.tier0.normal.r2.reveal,Revealing,0
843,24866.6548,22.489,leaves.tier0.normal.r2.reveal,Revealing,0
844,24888.7802,22.1255,leaves.tier0.normal.r2.reveal,Revealing,0
845,24910.7652,21.9849,leaves.tier0.normal.r2.reveal,Revealing,0
846,24933.5131,22.7479,leaves.tier0.normal.r2.reveal,Revealing,0
847,24956.0691,22.556,leaves.tier0.normal.r2.reveal,Revealing,0
848,24977.9223,21.8532,leaves.tier0.normal.r2.reveal,Revealing,0
849,25000.9689,23.0466,leaves.tier0.normal.r2.reveal,Revealing,0
850,25025.6712,24.7024,leaves.tier0.normal.r2.reveal,Revealing,0
851,25045.3344,19.6631,leaves.tier0.normal.r2.reveal,Revealing,0
852,25068.2658,22.9315,leaves.tier0.normal.r2.reveal,Idle,0
853,25096.6717,28.4058,leaves.tier0.normal.r2.settle,Idle,0
854,25113.1126,16.4409,leaves.tier0.normal.r2.settle,Idle,0
855,25138.1189,25.0063,leaves.tier0.normal.r2.settle,Idle,0
856,25155.9623,17.8433,leaves.tier0.normal.r2.settle,Idle,0
857,25176.3526,20.3903,leaves.tier0.normal.r2.settle,Idle,0
858,25198.0924,21.7398,leaves.tier0.normal.r2.settle,Idle,0
859,25216.1962,18.1039,leaves.tier0.normal.r2.settle,Idle,0
860,25247.9646,31.7684,leaves.tier0.normal.r2.settle,Idle,0
861,25267.5511,19.5866,leaves.tier0.normal.r2.settle,Idle,0
862,25288.7509,21.1997,leaves.tier0.normal.r2.settle,Idle,0
863,25309.6104,20.8594,leaves.tier0.normal.r2.settle,Idle,0
864,25331.03,21.4197,leaves.tier0.normal.r2.settle,Idle,0
865,25349.1968,18.1668,leaves.tier0.normal.r2.settle,Idle,0
866,25372.7355,23.5387,leaves.tier0.normal.r2.settle,Idle,0
867,25390.3461,17.6106,leaves.tier0.normal.r2.settle,Idle,0
868,25411.9185,21.5722,leaves.tier0.reduced.r2,Covering,0
869,25436.3329,24.4146,leaves.tier0.reduced.r2,Covering,0
870,25469.0606,32.7278,leaves.tier0.reduced.r2,Covering,0
871,25491.719,22.6583,leaves.tier0.reduced.r2,Covering,0
872,25510.3976,18.6785,leaves.tier0.reduced.r2,Covering,0
873,25532.5116,22.1141,leaves.tier0.reduced.r2,Covering,0
874,25550.9427,18.4311,leaves.tier0.reduced.r2,CoveredLoading,0
875,25571.7546,20.8119,leaves.tier0.reduced.r2,CoveredLoading,0
876,25591.1509,19.3963,audit.snapshot.leaves.tier0.reduced.r2.covered,CoveredLoading,0
877,25605.0715,13.9205,leaves.tier0.reduced.r2.hold,CoveredLoading,0
878,25621.9474,16.876,leaves.tier0.reduced.r2.hold,CoveredLoading,0
879,25639.9256,17.9782,leaves.tier0.reduced.r2.hold,CoveredLoading,0
880,25658.821,18.8954,leaves.tier0.reduced.r2.hold,CoveredLoading,0
881,25671.9999,13.1788,leaves.tier0.reduced.r2.hold,CoveredLoading,0
882,25688.4758,16.476,leaves.tier0.reduced.r2.hold,CoveredLoading,0
883,25706.4149,17.9391,leaves.tier0.reduced.r2.hold,CoveredLoading,0
884,25725.611,19.1961,leaves.tier0.reduced.r2.hold,CoveredLoading,0
885,25739.1846,13.5736,leaves.tier0.reduced.r2.hold,CoveredLoading,0
886,25758.3807,19.1961,leaves.tier0.reduced.r2.hold,CoveredLoading,0
887,25771.9379,13.557,leaves.tier0.reduced.r2.hold,CoveredLoading,0
888,25791.3007,19.363,leaves.tier0.reduced.r2.hold,CoveredLoading,0
889,25806.7821,15.4814,leaves.tier0.reduced.r2.hold,CoveredLoading,0
890,25824.8332,18.0511,leaves.tier0.reduced.r2.hold,CoveredLoading,0
891,25838.488,13.6548,leaves.tier0.reduced.r2.hold,CoveredLoading,0
892,25858.0824,19.5944,leaves.tier0.reduced.r2.hold,CoveredLoading,0
893,25871.7693,13.6869,leaves.tier0.reduced.r2.hold,CoveredLoading,0
894,25890.8693,19.1,leaves.tier0.reduced.r2.hold,CoveredLoading,0
895,25910.1715,19.3022,leaves.tier0.reduced.r2.hold,CoveredLoading,0
896,25920.2836,10.1121,leaves.tier0.reduced.r2.reveal,Preparing,0
897,25943.8858,23.6022,leaves.tier0.reduced.r2.reveal,Preparing,0
898,25965.7189,21.8331,leaves.tier0.reduced.r2.reveal,Preparing,0
899,25995.2234,29.5044,leaves.tier0.reduced.r2.reveal,Preparing,0
900,26016.2095,20.9861,leaves.tier0.reduced.r2.reveal,Revealing,0
901,26046.4857,30.2763,leaves.tier0.reduced.r2.reveal,Revealing,0
902,26083.133,36.6472,leaves.tier0.reduced.r2.reveal,Revealing,0
903,26115.743,32.6101,leaves.tier0.reduced.r2.reveal,Revealing,0
904,26135.3973,19.6542,leaves.tier0.reduced.r2.reveal,Revealing,0
905,26164.8695,29.4723,leaves.tier0.reduced.r2.reveal,Revealing,0
906,26194.1909,29.3213,leaves.tier0.reduced.r2.reveal,Revealing,0
907,26222.4834,28.2926,leaves.tier0.reduced.r2.reveal,Idle,0
908,26255.0202,32.5368,leaves.tier0.reduced.r2.settle,Idle,0
909,26284.8076,29.7875,leaves.tier0.reduced.r2.settle,Idle,0
910,26305.6217,20.814,leaves.tier0.reduced.r2.settle,Idle,0
911,26327.6295,22.0078,leaves.tier0.reduced.r2.settle,Idle,0
912,26355.2497,27.6202,leaves.tier0.reduced.r2.settle,Idle,0
913,26382.835,27.5852,leaves.tier0.reduced.r2.settle,Idle,0
914,26407.6482,24.8133,leaves.tier0.reduced.r2.settle,Idle,0
915,26429.7013,22.0531,leaves.tier0.reduced.r2.settle,Idle,0
916,26450.9781,21.2768,leaves.tier0.reduced.r2.settle,Idle,0
917,26477.1668,26.1887,leaves.tier0.reduced.r2.settle,Idle,0
918,26502.3017,25.1349,leaves.tier0.reduced.r2.settle,Idle,0
919,26530.7496,28.4479,leaves.tier0.reduced.r2.settle,Idle,0
920,26556.9767,26.227,leaves.tier0.reduced.r2.settle,Idle,0
921,26584.0759,27.0994,leaves.tier0.reduced.r2.settle,Idle,0
922,26610.9756,26.8996,leaves.tier0.reduced.r2.settle,Idle,0
923,26634.9402,23.9646,route.tier0.menu-camp,Covering,0
924,26683.4656,48.5253,route.tier0.menu-camp,Covering,0
925,26720.7567,37.2911,route.tier0.menu-camp,Covering,0
926,26745.3883,24.6317,route.tier0.menu-camp,Covering,0
927,26776.9971,31.6087,route.tier0.menu-camp,Covering,0
928,26800.7559,23.7589,route.tier0.menu-camp,Covering,0
929,26825.7893,25.0334,route.tier0.menu-camp,Covering,0
930,26845.4895,19.7002,route.tier0.menu-camp,Covering,0
931,26867.7228,22.2333,route.tier0.menu-camp,Covering,0
932,26886.5491,18.8263,route.tier0.menu-camp,Covering,0
933,26911.3323,24.7832,route.tier0.menu-camp,Covering,0
934,26944.4851,33.1528,route.tier0.menu-camp,Covering,0
935,26966.7013,22.2162,route.tier0.menu-camp,Covering,0
936,26988.5654,21.8641,route.tier0.menu-camp,Covering,0
937,27010.4345,21.8692,route.tier0.menu-camp,Covering,0
938,27033.048,22.6134,route.tier0.menu-camp,Covering,0
939,27055.2033,22.1553,route.tier0.menu-camp,Covering,0
940,27077.233,22.0296,route.tier0.menu-camp,Covering,0
941,27100.0153,22.7824,route.tier0.menu-camp,Covering,0
942,27121.947,21.9317,route.tier0.menu-camp,Covering,0
943,27143.8278,21.8808,route.tier0.menu-camp,Covering,0
944,27166.5023,22.6745,route.tier0.menu-camp,Covering,0
945,27188.7029,22.2005,route.tier0.menu-camp,Covering,0
946,27210.5783,21.8755,route.tier0.menu-camp,Covering,0
947,27233.326,22.7478,route.tier0.menu-camp,Covering,0
948,27255.5892,22.263,route.tier0.menu-camp,Covering,0
949,27277.292,21.703,route.tier0.menu-camp,Covering,0
950,27300.1338,22.8416,route.tier0.menu-camp,Covering,0
951,27322.7198,22.5861,route.tier0.menu-camp,Covering,0
952,27345.4608,22.741,route.tier0.menu-camp,Covering,0
953,27372.3519,26.8911,route.tier0.menu-camp,Covering,0
954,27394.9799,22.628,route.tier0.menu-camp,Covering,0
955,27418.8344,23.8545,route.tier0.menu-camp,Covering,0
956,27446.2649,27.4305,route.tier0.menu-camp,Covering,0
957,27476.2988,30.0339,route.tier0.menu-camp,Covering,0
958,27506.9062,30.6074,route.tier0.menu-camp,Covering,0
959,27534.5448,27.6385,route.tier0.menu-camp,Covering,0
960,27563.7199,29.175,route.tier0.menu-camp,Covering,0
961,27593.557,29.8373,route.tier0.menu-camp,Covering,0
962,27621.7211,28.1641,route.tier0.menu-camp,Covering,0
963,27650.4537,28.7326,route.tier0.menu-camp,Covering,0
964,27682.3201,31.8664,route.tier0.menu-camp,Covering,0
965,27714.3081,31.988,route.tier0.menu-camp,Covering,0
966,27745.8486,31.5405,route.tier0.menu-camp,Covering,0
967,27777.5884,31.7398,route.tier0.menu-camp,Covering,0
968,27815.6814,38.0929,route.tier0.menu-camp,Covering,0
969,27845.3426,29.6613,route.tier0.menu-camp,Covering,0
970,27875.8333,30.4907,route.tier0.menu-camp,Covering,0
971,27907.3652,31.5319,route.tier0.menu-camp,Covering,0
972,27934.1155,26.7503,route.tier0.menu-camp,Covering,0
973,27960.7851,26.6696,route.tier0.menu-camp,Covering,0
974,27988.5643,27.7792,route.tier0.menu-camp,Covering,0
975,28016.7856,28.2213,route.tier0.menu-camp,Covering,0
976,28048.1431,31.3574,route.tier0.menu-camp,Covering,0
977,28079.6767,31.5338,route.tier0.menu-camp,Covering,0
978,28110.8645,31.1875,route.tier0.menu-camp,Covering,0
979,28141.4318,30.5675,route.tier0.menu-camp,Covering,0
980,28166.6189,25.187,route.tier0.menu-camp,Covering,0
981,28194.2583,27.6394,route.tier0.menu-camp,Covering,0
982,28210.5347,16.2765,route.tier0.menu-camp,CoveredLoading,0
983,28252.9978,42.4631,route.tier0.menu-camp,CoveredLoading,0
984,28339.2985,86.3007,route.tier0.menu-camp,CoveredLoading,0
985,28479.364,140.0656,route.tier0.menu-camp,CoveredLoading,0
986,28530.7128,51.3487,route.tier0.menu-camp,CoveredLoading,0
987,28753.3971,222.6843,route.tier0.menu-camp,CoveredLoading,0
988,28767.3686,13.9715,route.tier0.menu-camp,CoveredLoading,0
989,28908.6917,141.3231,route.tier0.menu-camp,CoveredLoading,0
990,28937.35,28.6583,route.tier0.menu-camp,CoveredLoading,0
991,28960.9631,23.6131,route.tier0.menu-camp,CoveredLoading,0
992,28994.3681,33.405,route.tier0.menu-camp,CoveredLoading,0
993,29017.4859,23.1178,route.tier0.menu-camp,CoveredLoading,0
994,29039.1217,21.6358,route.tier0.menu-camp,CoveredLoading,0
995,29094.5116,55.3895,route.tier0.menu-camp,CoveredLoading,0
996,29112.2592,17.748,route.tier0.menu-camp,CoveredLoading,0
997,29137.4859,25.2266,route.tier0.menu-camp,CoveredLoading,0
998,29163.0483,25.5625,route.tier0.menu-camp,CoveredLoading,0
999,29210.0359,46.9875,route.tier0.menu-camp,CoveredLoading,0
1000,29226.5837,16.5479,route.tier0.menu-camp,CoveredLoading,0
1001,29246.1914,19.6077,route.tier0.menu-camp,CoveredLoading,0
1002,29276.4971,30.3057,route.tier0.menu-camp,CoveredLoading,0
1003,29318.6662,42.1691,route.tier0.menu-camp,CoveredLoading,0
1004,29331.141,12.4748,route.tier0.menu-camp,CoveredLoading,0
1005,29359.9691,28.8281,route.tier0.menu-camp,CoveredLoading,0
1006,29385.0432,25.0739,route.tier0.menu-camp,Preparing,0
1007,29424.7437,39.7007,route.tier0.menu-camp,Preparing,0
1008,29487.5443,62.8005,route.tier0.menu-camp,Preparing,0
1009,29507.8985,20.3542,route.tier0.menu-camp,Preparing,0
1010,29532.2624,24.3639,route.tier0.menu-camp,Preparing,0
1011,29589.4174,57.1551,route.tier0.menu-camp,Preparing,0
1012,29607.9864,18.569,route.tier0.menu-camp,Preparing,0
1013,29632.7538,24.7674,route.tier0.menu-camp,Revealing,0
1014,29659.5017,26.7479,route.tier0.menu-camp,Revealing,0
1015,29686.81,27.3083,route.tier0.menu-camp,Revealing,0
1016,29715.3781,28.568,route.tier0.menu-camp,Revealing,0
1017,29750.3195,34.9415,route.tier0.menu-camp,Revealing,0
1018,29783.7047,33.3852,route.tier0.menu-camp,Revealing,0
1019,29812.1681,28.4633,route.tier0.menu-camp,Revealing,0
1020,29842.3444,30.1764,route.tier0.menu-camp,Revealing,0
1021,29870.6288,28.2844,route.tier0.menu-camp,Revealing,0
1022,29895.6687,25.0399,route.tier0.menu-camp,Revealing,0
1023,29922.3326,26.6639,route.tier0.menu-camp,Revealing,0
1024,29954.6141,32.2814,route.tier0.menu-camp,Revealing,0
1025,29991.9105,37.2964,route.tier0.menu-camp,Revealing,0
1026,30029.5708,37.6603,route.tier0.menu-camp,Revealing,0
1027,30067.5894,38.0187,route.tier0.menu-camp,Revealing,0
1028,30097.9165,30.327,route.tier0.menu-camp,Revealing,0
1029,30134.436,36.5196,route.tier0.menu-camp,Revealing,0
1030,30170.4856,36.0496,route.tier0.menu-camp,Revealing,0
1031,30200.738,30.2523,route.tier0.menu-camp,Revealing,0
1032,30237.7951,37.0572,route.tier0.menu-camp,Revealing,0
1033,30274.7579,36.9628,route.tier0.menu-camp,Revealing,0
1034,30308.4355,33.6776,route.tier0.menu-camp,Revealing,0
1035,30341.3425,32.907,route.tier0.menu-camp,Revealing,0
1036,30375.6313,34.2886,route.tier0.menu-camp,Revealing,0
1037,30410.0261,34.3948,route.tier0.menu-camp,Revealing,0
1038,30431.8915,21.8656,route.tier0.menu-camp,Revealing,0
1039,30461.3892,29.4977,route.tier0.menu-camp,Revealing,0
1040,30533.9054,72.516,route.tier0.menu-camp,Revealing,0
1041,30555.4412,21.536,route.tier0.menu-camp,Revealing,0
1042,30580.0264,24.5852,route.tier0.menu-camp,Revealing,0
1043,30645.1821,65.1556,route.tier0.menu-camp,Revealing,0
1044,30663.6504,18.4684,route.tier0.menu-camp,Revealing,0
1045,30693.8106,30.1602,route.tier0.menu-camp,Revealing,0
1046,30732.557,38.7464,route.tier0.menu-camp,Revealing,0
1047,30757.9906,25.4336,route.tier0.menu-camp,Revealing,0
1048,30784.6795,26.6889,route.tier0.menu-camp,Revealing,0
1049,30809.6786,24.9992,route.tier0.menu-camp,Revealing,0
1050,30832.3509,22.6722,route.tier0.menu-camp,Revealing,0
1051,30852.2482,19.8973,route.tier0.menu-camp,Revealing,0
1052,30882.501,30.2527,route.tier0.menu-camp,Revealing,0
1053,30900.0205,17.5195,route.tier0.menu-camp,Revealing,0
1054,30929.9313,29.9109,route.tier0.menu-camp,Revealing,0
1055,30966.8213,36.89,route.tier0.menu-camp,Revealing,0
1056,30998.2901,31.4688,route.tier0.menu-camp,Revealing,0
1057,31007.3281,9.038,route.tier0.menu-camp,Revealing,0
1058,31034.4606,27.1324,route.tier0.menu-camp,Revealing,0
1059,31056.7916,22.3311,route.tier0.menu-camp,Idle,0
1060,31083.2804,26.4888,audit.snapshot.route.tier0.menu-camp.ready,Idle,0
1061,31118.3226,35.0422,audit.snapshot.route.tier0.menu-camp.ready,Idle,0
1062,31145.2202,26.8976,audit.snapshot.route.tier0.menu-camp.ready,Idle,0
1063,31154.0946,8.8744,audit.snapshot.route.tier0.menu-camp.ready,Idle,0
1064,31180.9035,26.8087,audit.snapshot.route.tier0.menu-camp.ready,Idle,0
1065,31199.4732,18.5699,audit.snapshot.route.tier0.menu-camp.ready,Idle,0
1066,31217.8384,18.3652,audit.snapshot.route.tier0.menu-camp.ready,Idle,0
1067,31241.8011,23.9627,audit.snapshot.route.tier0.menu-camp.ready,Idle,0
1068,31263.5224,21.7213,audit.snapshot.route.tier0.menu-camp.ready,Idle,0
1069,31281.8685,18.3461,audit.snapshot.route.tier0.menu-camp.ready,Idle,0
1070,31309.9303,28.0616,audit.snapshot.route.tier0.menu-camp.ready,Idle,0
1071,31327.4167,17.4866,audit.snapshot.route.tier0.menu-camp.ready,Idle,0
1072,31345.9218,18.5051,audit.snapshot.route.tier0.menu-camp.ready,Idle,0
1073,31381.2895,35.3676,audit.snapshot.route.tier0.menu-camp.ready,Idle,0
1074,31409.7147,28.4253,audit.snapshot.route.tier0.menu-camp.ready,Idle,0
1075,31419.3563,9.6416,audit.snapshot.route.tier0.menu-camp.ready,Idle,0
1076,31446.9456,27.5893,audit.snapshot.route.tier0.menu-camp.ready,Idle,0
1077,31464.8788,17.9332,audit.snapshot.route.tier0.menu-camp.ready,Idle,0
1078,31483.3571,18.4783,audit.snapshot.route.tier0.menu-camp.ready,Idle,0
1079,31519.1862,35.8291,audit.snapshot.route.tier0.menu-camp.ready,Idle,0
1080,31583.7553,64.569,audit.snapshot.route.tier0.menu-camp.ready,Idle,0
1081,31601.1972,17.4419,audit.snapshot.route.tier0.menu-camp.ready,Idle,0
1082,31674.2595,73.0623,audit.snapshot.route.tier0.menu-camp.ready,Idle,0
1083,31689.1021,14.8427,audit.snapshot.route.tier0.menu-camp.ready,Idle,0
1084,31708.5829,19.4809,audit.snapshot.route.tier0.menu-camp.ready,Idle,0
1085,31743.5231,34.9401,audit.snapshot.route.tier0.menu-camp.ready,Idle,0
1086,31752.9791,9.456,audit.snapshot.route.tier0.menu-camp.ready,Idle,0
1087,31774.6421,21.663,audit.snapshot.route.tier0.menu-camp.ready,Idle,0
1088,31801.1721,26.5299,audit.snapshot.route.tier0.menu-camp.ready,Idle,0
1089,31817.3625,16.1905,audit.snapshot.route.tier0.menu-camp.ready,Idle,0
1090,31841.0129,23.6504,camp.summer.tier0.empty,Idle,0
1091,31872.7134,31.7004,camp.summer.tier0.empty,Idle,0
1092,31905.0921,32.3788,camp.summer.tier0.empty,Idle,0
1093,31914.8987,9.8066,camp.summer.tier0.empty,Idle,0
1094,31938.2014,23.3027,camp.summer.tier0.empty,Idle,0
1095,31952.1133,13.9119,camp.summer.tier0.empty,Idle,0
1096,31983.4009,31.2876,camp.summer.tier0.empty,Idle,0
1097,32017.8288,34.4279,camp.summer.tier0.empty,Idle,0
1098,32045.2733,27.4445,camp.summer.tier0.empty,Idle,0
1099,32054.0123,8.739,camp.summer.tier0.empty,Idle,0
1100,32079.8369,25.8246,camp.summer.tier0.empty,Idle,0
1101,32097.9296,18.0926,camp.summer.tier0.empty,Idle,0
1102,32116.6082,18.6786,camp.summer.tier0.empty,Idle,0
1103,32152.2678,35.6597,camp.summer.tier0.empty,Idle,0
1104,32179.5327,27.2649,camp.summer.tier0.empty,Idle,0
1105,32191.3486,11.8159,camp.summer.tier0.empty,Idle,0
1106,32213.1306,21.782,camp.summer.tier0.empty,Idle,0
1107,32231.1412,18.0107,camp.summer.tier0.empty,Idle,0
1108,32249.6607,18.5193,camp.summer.tier0.empty,Idle,0
1109,32285.4415,35.7809,camp.summer.tier0.empty,Idle,0
1110,32294.7247,9.2832,camp.summer.tier0.empty,Idle,0
1111,32312.6447,17.92,camp.summer.tier0.empty,Idle,0
1112,32342.1205,29.4758,camp.summer.tier0.empty,Idle,0
1113,32359.6435,17.523,camp.summer.tier0.empty,Idle,0
1114,32378.4614,18.8179,camp.summer.tier0.empty,Idle,0
1115,32414.5241,36.0627,camp.summer.tier0.empty,Idle,0
1116,32448.4913,33.967,camp.summer.tier0.empty,Idle,0
1117,32465.2289,16.7377,camp.summer.tier0.empty,Idle,0
1118,32503.6816,38.4527,camp.summer.tier0.empty,Idle,0
1119,32587.5238,83.8422,camp.summer.tier0.empty,Idle,0
1120,32605.7217,18.198,camp.summer.tier0.empty,Idle,0
1121,32651.2792,45.5575,camp.summer.tier0.empty,Idle,0
1122,32664.6538,13.3746,camp.summer.tier0.empty,Idle,0
1123,32676.4398,11.7858,camp.summer.tier0.empty,Idle,0
1124,32713.9054,37.4657,camp.summer.tier0.empty,Idle,0
1125,32724.4524,10.5471,camp.summer.tier0.empty,Idle,0
1126,32746.6493,22.1969,camp.summer.tier0.empty,Idle,0
1127,32771.7276,25.0782,camp.summer.tier0.empty,Idle,0
1128,32787.0611,15.3335,camp.summer.tier0.empty,Idle,0
1129,32805.0182,17.9573,camp.summer.tier0.empty,Idle,0
1130,32873.9931,68.9747,camp.summer.tier0.empty,Idle,0
1131,32898.986,24.9927,camp.summer.tier0.empty,Idle,0
1132,32973.0106,74.0248,camp.summer.tier0.empty,Idle,0
1133,33003.0811,30.0706,camp.summer.tier0.empty,Idle,0
1134,33030.2245,27.1435,camp.summer.tier0.empty,Idle,0
1135,33040.4016,10.1769,camp.summer.tier0.empty,Idle,0
1136,33071.6455,31.2439,camp.summer.tier0.empty,Idle,0
1137,33091.3252,19.6798,camp.summer.tier0.empty,Idle,0
1138,33110.077,18.7518,camp.summer.tier0.empty,Idle,0
1139,33147.3457,37.2687,camp.summer.tier0.empty,Idle,0
1140,33175.9671,28.6213,camp.summer.tier0.empty,Idle,0
1141,33186.2812,10.3142,camp.summer.tier0.empty,Idle,0
1142,33213.5393,27.258,camp.summer.tier0.empty,Idle,0
1143,33229.3856,15.8461,camp.summer.tier0.empty,Idle,0
1144,33250.6168,21.2315,camp.summer.tier0.empty,Idle,0
1145,33291.5494,40.9327,camp.summer.tier0.empty,Idle,0
1146,33301.9437,10.3942,camp.summer.tier0.empty,Idle,0
1147,33332.1313,30.1876,camp.summer.tier0.empty,Idle,0
1148,33346.8687,14.7374,camp.summer.tier0.empty,Idle,0
1149,33365.4461,18.5775,camp.summer.tier0.empty,Idle,0
1150,33384.3213,18.8751,camp.summer.tier0.empty,Idle,0
1151,33418.237,33.9157,camp.summer.tier0.empty,Idle,0
1152,33444.0257,25.7887,camp.summer.tier0.empty,Idle,0
1153,33454.0768,10.051,camp.summer.tier0.empty,Idle,0
1154,33474.9667,20.8899,camp.summer.tier0.empty,Idle,0
1155,33511.1186,36.1519,camp.summer.tier0.empty,Idle,0
1156,33551.8081,40.6896,camp.summer.tier0.empty,Idle,0
1157,33562.3773,10.5692,camp.summer.tier0.empty,Idle,0
1158,33587.771,25.3937,camp.summer.tier0.empty,Idle,0
1159,33604.4712,16.7002,camp.summer.tier0.empty,Idle,0
1160,33626.9792,22.508,camp.summer.tier0.empty,Idle,0
1161,33656.0491,29.0699,camp.summer.tier0.empty,Idle,0
1162,33666.933,10.8839,camp.summer.tier0.empty,Idle,0
1163,33693.4195,26.4865,camp.summer.tier0.empty,Idle,0
1164,33718.6225,25.203,camp.summer.tier0.empty,Idle,0
1165,33738.0743,19.4518,camp.summer.tier0.empty,Idle,0
1166,33760.0343,21.96,camp.summer.tier0.empty,Idle,0
1167,33778.6914,18.6569,camp.summer.tier0.empty,Idle,0
1168,33844.7089,66.0176,camp.summer.tier0.empty,Idle,0
1169,33872.4111,27.7023,camp.summer.tier0.empty,Idle,0
1170,33886.2048,13.7938,camp.summer.tier0.empty,Idle,0
1171,33952.2614,66.0564,camp.summer.tier0.empty,Idle,0
1172,33976.2877,24.0263,camp.summer.tier0.empty,Idle,0
1173,34019.7953,43.5076,camp.summer.tier0.empty,Idle,0
1174,34056.7265,36.9313,camp.summer.tier0.empty,Idle,0
1175,34066.1937,9.4672,camp.summer.tier0.empty,Idle,0
1176,34108.5277,42.334,camp.summer.tier0.empty,Idle,0
1177,34141.651,33.1233,camp.summer.tier0.empty,Idle,0
1178,34150.6872,9.0362,camp.summer.tier0.empty,Idle,0
1179,34183.7703,33.0831,camp.summer.tier0.empty,Idle,0
1180,34205.3403,21.57,camp.summer.tier0.empty,Idle,0
1181,34233.1755,27.8352,camp.summer.tier0.empty,Idle,0
1182,34279.3189,46.1434,camp.summer.tier0.empty,Idle,0
1183,34309.2692,29.9503,camp.summer.tier0.empty,Idle,0
1184,34319.0724,9.8033,camp.summer.tier0.empty,Idle,0
1185,34346.7347,27.6621,camp.summer.tier0.empty,Idle,0
1186,34375.3023,28.5677,camp.summer.tier0.empty,Idle,0
1187,34400.4089,25.1067,camp.summer.tier0.empty,Idle,0
1188,34431.2804,30.8714,camp.summer.tier0.empty,Idle,0
1189,34450.2372,18.9567,camp.summer.tier0.empty,Idle,0
1190,34477.3697,27.1326,camp.summer.tier0.empty,Idle,0
1191,34525.0539,47.6841,camp.summer.tier0.empty,Idle,0
1192,34560.0028,34.949,camp.summer.tier0.empty,Idle,0
1193,34609.4317,49.4288,camp.summer.tier0.empty,Idle,0
1194,34623.8889,14.457,camp.summer.tier0.empty,Idle,0
1195,34650.7469,26.8583,camp.summer.tier0.empty,Idle,0
1196,34675.473,24.726,camp.summer.tier0.empty,Idle,0
1197,34702.3705,26.8975,camp.summer.tier0.empty,Idle,0
1198,34723.6916,21.321,camp.summer.tier0.empty,Idle,0
1199,34747.8157,24.1243,camp.summer.tier0.empty,Idle,0
1200,34791.1106,43.2948,camp.summer.tier0.empty,Idle,0
1201,34808.9133,17.8027,camp.summer.tier0.empty,Idle,0
1202,34829.0346,20.1212,camp.summer.tier0.empty,Idle,0
1203,34849.0811,20.0466,camp.summer.tier0.empty,Idle,0
1204,34867.3182,18.2369,camp.summer.tier0.empty,Idle,0
1205,34893.6202,26.3022,camp.summer.tier0.empty,Idle,0
1206,34931.9115,38.2914,camp.summer.tier0.empty,Idle,0
1207,34960.0072,28.0956,camp.summer.tier0.empty,Idle,0
1208,34969.0443,9.0372,camp.summer.tier0.empty,Idle,0
1209,35034.3703,65.326,camp.summer.tier0.empty,Idle,0
1210,35224.7094,190.3391,audit.snapshot.camp.summer.tier0.empty,Idle,0
1211,35242.4417,17.7322,audit.snapshot.camp.summer.tier0.empty,Idle,0
1212,35264.024,21.5823,audit.snapshot.camp.summer.tier0.empty,Idle,0
1213,35292.9005,28.8766,audit.snapshot.camp.summer.tier0.empty,Idle,0
1214,35305.1632,12.2628,audit.snapshot.camp.summer.tier0.empty,Idle,0
1215,35328.2074,23.0441,audit.snapshot.camp.summer.tier0.empty,Idle,0
1216,35347.073,18.8653,audit.snapshot.camp.summer.tier0.empty,Idle,0
1217,35378.0428,30.9701,audit.snapshot.camp.summer.tier0.empty,Idle,0
1218,35396.7569,18.714,audit.snapshot.camp.summer.tier0.empty,Idle,0
1219,35414.1259,17.3692,audit.snapshot.camp.summer.tier0.empty,Idle,0
1220,35437.6809,23.5549,audit.snapshot.camp.summer.tier0.empty,Idle,0
1221,35467.0622,29.3813,audit.snapshot.camp.summer.tier0.empty,Idle,0
1222,35483.477,16.4148,audit.snapshot.camp.summer.tier0.empty,Idle,0
1223,35505.1221,21.645,audit.snapshot.camp.summer.tier0.empty,Idle,0
1224,35527.6906,22.5686,audit.snapshot.camp.summer.tier0.empty,Idle,0
1225,35554.3488,26.6581,audit.snapshot.camp.summer.tier0.empty,Idle,0
1226,35571.401,17.0523,audit.snapshot.camp.summer.tier0.empty,Idle,0
1227,35593.955,22.5539,audit.snapshot.camp.summer.tier0.empty,Idle,0
1228,35612.5537,18.5988,audit.snapshot.camp.summer.tier0.empty,Idle,0
1229,35643.4385,30.8848,audit.snapshot.camp.summer.tier0.empty,Idle,0
1230,35661.3685,17.93,audit.snapshot.camp.summer.tier0.empty,Idle,0
1231,35680.1756,18.8071,audit.snapshot.camp.summer.tier0.empty,Idle,0
1232,35704.4274,24.2516,audit.snapshot.camp.summer.tier0.empty,Idle,0
1233,35733.0688,28.6415,audit.snapshot.camp.summer.tier0.empty,Idle,0
1234,35749.0505,15.9818,audit.snapshot.camp.summer.tier0.empty,Idle,0
1235,35770.8108,21.7603,audit.snapshot.camp.summer.tier0.empty,Idle,0
1236,35793.4243,22.6133,audit.snapshot.camp.summer.tier0.empty,Idle,0
1237,35818.6329,25.2088,audit.snapshot.camp.summer.tier0.empty,Idle,0
1238,35877.1495,58.5166,audit.snapshot.camp.summer.tier0.empty,Idle,0
1239,35898.1564,21.007,audit.snapshot.camp.summer.tier0.empty,Idle,0
1240,35913.3068,15.1501,camp.summer.tier0.solved,Idle,0
1241,35985.7291,72.4223,camp.summer.tier0.solved,Idle,0
1242,36002.0228,16.2939,camp.summer.tier0.solved,Idle,0
1243,36024.7024,22.6797,camp.summer.tier0.solved,Idle,0
1244,36044.2002,19.4976,camp.summer.tier0.solved,Idle,0
1245,36070.2811,26.081,camp.summer.tier0.solved,Idle,0
1246,36090.0255,19.7444,camp.summer.tier0.solved,Idle,0
1247,36117.8201,27.7946,camp.summer.tier0.solved,Idle,0
1248,36141.036,23.2159,camp.summer.tier0.solved,Idle,0
1249,36167.9683,26.9323,camp.summer.tier0.solved,Idle,0
1250,36184.4155,16.4472,camp.summer.tier0.solved,Idle,0
1251,36209.0941,24.6785,camp.summer.tier0.solved,Idle,0
1252,36230.8106,21.7166,camp.summer.tier0.solved,Idle,0
1253,36256.138,25.3273,camp.summer.tier0.solved,Idle,0
1254,36271.41,15.2721,camp.summer.tier0.solved,Idle,0
1255,36294.1218,22.7118,camp.summer.tier0.solved,Idle,0
1256,36312.9346,18.8128,camp.summer.tier0.solved,Idle,0
1257,36343.3435,30.409,camp.summer.tier0.solved,Idle,0
1258,36361.3106,17.9669,camp.summer.tier0.solved,Idle,0
1259,36379.8061,18.4956,camp.summer.tier0.solved,Idle,0
1260,36402.1677,22.3616,camp.summer.tier0.solved,Idle,0
1261,36431.3225,29.1547,camp.summer.tier0.solved,Idle,0
1262,36467.4574,36.135,camp.summer.tier0.solved,Idle,0
1263,36476.8001,9.3426,camp.summer.tier0.solved,Idle,0
1264,36497.3927,20.5927,camp.summer.tier0.solved,Idle,0
1265,36521.7512,24.3585,camp.summer.tier0.solved,Idle,0
1266,36537.997,16.2457,camp.summer.tier0.solved,Idle,0
1267,36560.5568,22.5599,camp.summer.tier0.solved,Idle,0
1268,36578.744,18.1871,camp.summer.tier0.solved,Idle,0
1269,36600.7332,21.9893,camp.summer.tier0.solved,Idle,0
1270,36624.683,23.9499,camp.summer.tier0.solved,Idle,0
1271,36651.9083,27.2251,camp.summer.tier0.solved,Idle,0
1272,36667.3401,15.4319,camp.summer.tier0.solved,Idle,0
1273,36691.4087,24.0686,camp.summer.tier0.solved,Idle,0
1274,36710.2596,18.851,camp.summer.tier0.solved,Idle,0
1275,36732.1792,21.9194,camp.summer.tier0.solved,Idle,0
1276,36750.9797,18.8006,camp.summer.tier0.solved,Idle,0
1277,36786.3103,35.3306,camp.summer.tier0.solved,Idle,0
1278,36815.9359,29.6255,camp.summer.tier0.solved,Idle,0
1279,36825.9478,10.012,camp.summer.tier0.solved,Idle,0
1280,36842.774,16.8262,camp.summer.tier0.solved,Idle,0
1281,36864.7503,21.9763,camp.summer.tier0.solved,Idle,0
1282,36883.2206,18.4702,camp.summer.tier0.solved,Idle,0
1283,36905.3244,22.1039,camp.summer.tier0.solved,Idle,0
1284,36934.6331,29.3087,camp.summer.tier0.solved,Idle,0
1285,36951.0299,16.3968,camp.summer.tier0.solved,Idle,0
1286,36975.1852,24.1553,camp.summer.tier0.solved,Idle,0
1287,36997.3658,22.1804,camp.summer.tier0.solved,Idle,0
1288,37020.9846,23.619,camp.summer.tier0.solved,Idle,0
1289,37037.9729,16.9883,camp.summer.tier0.solved,Idle,0
1290,37060.2621,22.2892,camp.summer.tier0.solved,Idle,0
1291,37078.6957,18.4335,camp.summer.tier0.solved,Idle,0
1292,37109.3861,30.6905,camp.summer.tier0.solved,Idle,0
1293,37126.9536,17.5675,camp.summer.tier0.solved,Idle,0
1294,37145.5184,18.5648,camp.summer.tier0.solved,Idle,0
1295,37167.5021,21.9838,camp.summer.tier0.solved,Idle,0
1296,37196.2256,28.7234,camp.summer.tier0.solved,Idle,0
1297,37211.0466,14.821,camp.summer.tier0.solved,Idle,0
1298,37233.423,22.3763,camp.summer.tier0.solved,Idle,0
1299,37252.5633,19.1404,camp.summer.tier0.solved,Idle,0
1300,37281.9789,29.4156,camp.summer.tier0.solved,Idle,0
1301,37299.6735,17.6945,camp.summer.tier0.solved,Idle,0
1302,37318.9498,19.2764,camp.summer.tier0.solved,Idle,0
1303,37342.6482,23.6984,camp.summer.tier0.solved,Idle,0
1304,37369.7893,27.1411,camp.summer.tier0.solved,Idle,0
1305,37385.2341,15.4447,camp.summer.tier0.solved,Idle,0
1306,37408.9706,23.7365,camp.summer.tier0.solved,Idle,0
1307,37431.1451,22.1747,camp.summer.tier0.solved,Idle,0
1308,37459.9363,28.7911,camp.summer.tier0.solved,Idle,0
1309,37472.2885,12.3523,camp.summer.tier0.solved,Idle,0
1310,37496.4636,24.1749,camp.summer.tier0.solved,Idle,0
1311,37513.4036,16.9401,camp.summer.tier0.solved,Idle,0
1312,37544.8756,31.4718,camp.summer.tier0.solved,Idle,0
1313,37563.7935,18.918,camp.summer.tier0.solved,Idle,0
1314,37582.9426,19.1491,camp.summer.tier0.solved,Idle,0
1315,37604.6297,21.6872,camp.summer.tier0.solved,Idle,0
1316,37633.6179,28.9882,camp.summer.tier0.solved,Idle,0
1317,37649.2478,15.6299,camp.summer.tier0.solved,Idle,0
1318,37671.5408,22.2928,camp.summer.tier0.solved,Idle,0
1319,37693.9714,22.4308,camp.summer.tier0.solved,Idle,0
1320,37719.4303,25.4589,camp.summer.tier0.solved,Idle,0
1321,37738.1498,18.7195,camp.summer.tier0.solved,Idle,0
1322,37760.81,22.6601,camp.summer.tier0.solved,Idle,0
1323,37779.9091,19.0992,camp.summer.tier0.solved,Idle,0
1324,37810.3275,30.4183,camp.summer.tier0.solved,Idle,0
1325,37827.9406,17.6131,camp.summer.tier0.solved,Idle,0
1326,37846.6584,18.7179,camp.summer.tier0.solved,Idle,0
1327,37869.0353,22.3769,camp.summer.tier0.solved,Idle,0
1328,37898.2246,29.1893,camp.summer.tier0.solved,Idle,0
1329,37918.882,20.6573,camp.summer.tier0.solved,Idle,0
1330,37947.8985,29.0166,camp.summer.tier0.solved,Idle,0
1331,37974.4299,26.5314,camp.summer.tier0.solved,Idle,0
1332,38001.2427,26.8128,camp.summer.tier0.solved,Idle,0
1333,38026.3955,25.1527,camp.summer.tier0.solved,Idle,0
1334,38052.0899,25.6946,camp.summer.tier0.solved,Idle,0
1335,38081.0981,29.008,camp.summer.tier0.solved,Idle,0
1336,38117.0659,35.9679,camp.summer.tier0.solved,Idle,0
1337,38135.0894,18.0235,camp.summer.tier0.solved,Idle,0
1338,38158.917,23.8276,camp.summer.tier0.solved,Idle,0
1339,38184.4129,25.4959,camp.summer.tier0.solved,Idle,0
1340,38220.6409,36.2279,camp.summer.tier0.solved,Idle,0
1341,38243.7806,23.1396,camp.summer.tier0.solved,Idle,0
1342,38269.2527,25.4723,camp.summer.tier0.solved,Idle,0
1343,38298.2495,28.9968,camp.summer.tier0.solved,Idle,0
1344,38326.9845,28.7348,camp.summer.tier0.solved,Idle,0
1345,38344.9824,17.9981,camp.summer.tier0.solved,Idle,0
1346,38376.0225,31.0401,camp.summer.tier0.solved,Idle,0
1347,38401.1126,25.09,camp.summer.tier0.solved,Idle,0
1348,38428.8012,27.6887,camp.summer.tier0.solved,Idle,0
1349,38445.3199,16.5187,camp.summer.tier0.solved,Idle,0
1350,38471.9396,26.6197,camp.summer.tier0.solved,Idle,0
1351,38497.1003,25.1606,camp.summer.tier0.solved,Idle,0
1352,38532.85,35.7497,camp.summer.tier0.solved,Idle,0
1353,38554.6142,21.7643,camp.summer.tier0.solved,Idle,0
1354,38581.7415,27.1273,camp.summer.tier0.solved,Idle,0
1355,38609.3951,27.6536,camp.summer.tier0.solved,Idle,0
1356,38639.8049,30.4098,camp.summer.tier0.solved,Idle,0
1357,38659.3083,19.5034,camp.summer.tier0.solved,Idle,0
1358,38687.6765,28.3682,camp.summer.tier0.solved,Idle,0
1359,38713.0229,25.3464,camp.summer.tier0.solved,Idle,0
1360,38751.8914,38.8686,route.tier0.camp-menu,Covering,0
1361,38801.4781,49.5864,route.tier0.camp-menu,Covering,0
1362,38821.0603,19.5824,route.tier0.camp-menu,Covering,0
1363,38841.3856,20.3254,route.tier0.camp-menu,Covering,0
1364,38867.3076,25.922,route.tier0.camp-menu,Covering,0
1365,38894.2005,26.8925,route.tier0.camp-menu,Covering,0
1366,38916.1007,21.9005,route.tier0.camp-menu,Covering,0
1367,38945.5965,29.4958,route.tier0.camp-menu,Covering,0
1368,38966.5046,20.9081,route.tier0.camp-menu,Covering,0
1369,38986.3799,19.8753,route.tier0.camp-menu,Covering,0
1370,39010.1235,23.7436,route.tier0.camp-menu,Covering,0
1371,39042.2089,32.0853,route.tier0.camp-menu,Covering,0
1372,39066.9315,24.7227,route.tier0.camp-menu,Covering,0
1373,39087.9935,21.0619,route.tier0.camp-menu,Covering,0
1374,39108.1437,20.1503,route.tier0.camp-menu,Covering,0
1375,39139.4875,31.3437,route.tier0.camp-menu,Covering,0
1376,39160.1051,20.6176,route.tier0.camp-menu,Covering,0
1377,39181.5001,21.3951,route.tier0.camp-menu,Covering,0
1378,39205.1306,23.6305,route.tier0.camp-menu,Covering,0
1379,39229.882,24.7513,route.tier0.camp-menu,Covering,0
1380,39251.4317,21.5497,route.tier0.camp-menu,Covering,0
1381,39273.3719,21.9403,route.tier0.camp-menu,Covering,0
1382,39300.101,26.7291,route.tier0.camp-menu,Covering,0
1383,39321.2311,21.1301,route.tier0.camp-menu,Covering,0
1384,39341.5627,20.3315,route.tier0.camp-menu,Covering,0
1385,39367.212,25.6494,route.tier0.camp-menu,Covering,0
1386,39388.4802,21.2681,route.tier0.camp-menu,Covering,0
1387,39408.7325,20.2524,route.tier0.camp-menu,Covering,0
1388,39435.2374,26.5049,route.tier0.camp-menu,Covering,0
1389,39460.0466,24.8092,route.tier0.camp-menu,Covering,0
1390,39482.2028,22.1562,route.tier0.camp-menu,Covering,0
1391,39517.4336,35.2307,route.tier0.camp-menu,Covering,0
1392,39536.992,19.5584,route.tier0.camp-menu,Covering,0
1393,39562.3703,25.3784,route.tier0.camp-menu,Covering,0
1394,39591.3185,28.9482,route.tier0.camp-menu,Covering,0
1395,39619.5622,28.2437,route.tier0.camp-menu,Covering,0
1396,39649.2674,29.7051,route.tier0.camp-menu,Covering,0
1397,39699.4534,50.186,route.tier0.camp-menu,Covering,0
1398,39713.9854,14.5321,route.tier0.camp-menu,Covering,0
1399,39745.4142,31.4288,route.tier0.camp-menu,Covering,0
1400,39777.489,32.0747,route.tier0.camp-menu,Covering,0
1401,39808.983,31.4941,route.tier0.camp-menu,Covering,0
1402,39841.3623,32.3792,route.tier0.camp-menu,Covering,0
1403,39884.6936,43.3314,route.tier0.camp-menu,Covering,0
1404,39908.1388,23.4452,route.tier0.camp-menu,Covering,0
1405,39934.4867,26.3478,route.tier0.camp-menu,Covering,0
1406,39978.9989,44.5123,route.tier0.camp-menu,Covering,0
1407,40021.0682,42.0694,route.tier0.camp-menu,Covering,0
1408,40030.6132,9.545,route.tier0.camp-menu,Covering,0
1409,40061.8236,31.2103,route.tier0.camp-menu,Covering,0
1410,40088.9655,27.1418,route.tier0.camp-menu,Covering,0
1411,40119.7725,30.807,route.tier0.camp-menu,Covering,0
1412,40151.2878,31.5154,route.tier0.camp-menu,Covering,0
1413,40180.7826,29.4948,route.tier0.camp-menu,Covering,0
1414,40211.602,30.8193,route.tier0.camp-menu,Covering,0
1415,40242.6895,31.0876,route.tier0.camp-menu,Covering,0
1416,40284.3858,41.6963,route.tier0.camp-menu,Covering,0
1417,40301.2494,16.8636,route.tier0.camp-menu,Covering,0
1418,40330.3469,29.0975,route.tier0.camp-menu,CoveredLoading,0
1419,40344.8389,14.4919,route.tier0.camp-menu,CoveredLoading,0
1420,40407.0847,62.2457,route.tier0.camp-menu,CoveredLoading,0
1421,40565.2892,158.2046,route.tier0.camp-menu,CoveredLoading,0
1422,40581.6396,16.3505,route.tier0.camp-menu,CoveredLoading,0
1423,40610.0133,28.3738,route.tier0.camp-menu,CoveredLoading,0
1424,40623.1345,13.1211,route.tier0.camp-menu,CoveredLoading,0
1425,40692.6947,69.5603,route.tier0.camp-menu,CoveredLoading,0
1426,40792.2786,99.5838,route.tier0.camp-menu,CoveredLoading,0
1427,40819.919,27.6404,route.tier0.camp-menu,CoveredLoading,0
1428,40841.5864,21.6673,route.tier0.camp-menu,CoveredLoading,0
1429,40867.1027,25.5163,route.tier0.camp-menu,CoveredLoading,0
1430,40901.497,34.3944,route.tier0.camp-menu,CoveredLoading,0
1431,40970.6386,69.1413,route.tier0.camp-menu,CoveredLoading,0
1432,40986.8273,16.189,route.tier0.camp-menu,CoveredLoading,0
1433,41029.562,42.7347,route.tier0.camp-menu,CoveredLoading,0
1434,41047.863,18.301,route.tier0.camp-menu,CoveredLoading,0
1435,41093.9772,46.1142,route.tier0.camp-menu,CoveredLoading,0
1436,41137.0992,43.122,route.tier0.camp-menu,CoveredLoading,0
1437,41182.6107,45.5114,route.tier0.camp-menu,CoveredLoading,0
1438,41210.6275,28.0169,route.tier0.camp-menu,CoveredLoading,0
1439,41245.1265,34.499,route.tier0.camp-menu,CoveredLoading,0
1440,41282.4245,37.2979,route.tier0.camp-menu,CoveredLoading,0
1441,41327.8446,45.4202,route.tier0.camp-menu,CoveredLoading,0
1442,41367.9335,40.0889,route.tier0.camp-menu,CoveredLoading,0
1443,41377.0025,9.069,route.tier0.camp-menu,CoveredLoading,0
1444,41406.4167,29.4142,route.tier0.camp-menu,Preparing,0
1445,41433.6666,27.2499,route.tier0.camp-menu,Preparing,0
1446,41466.1632,32.4965,route.tier0.camp-menu,Preparing,0
1447,41505.5045,39.3414,route.tier0.camp-menu,Preparing,0
1448,41540.5451,35.0404,route.tier0.camp-menu,Preparing,0
1449,41602.8958,62.3507,route.tier0.camp-menu,Preparing,0
1450,41620.3407,17.4451,route.tier0.camp-menu,Preparing,0
1451,41656.6193,36.2785,route.tier0.camp-menu,Revealing,0
1452,41687.9633,31.3441,route.tier0.camp-menu,Revealing,0
1453,41736.9036,48.9402,route.tier0.camp-menu,Revealing,0
1454,41774.0087,37.1051,route.tier0.camp-menu,Revealing,0
1455,41811.0941,37.0855,route.tier0.camp-menu,Revealing,0
1456,41839.6324,28.5383,route.tier0.camp-menu,Revealing,0
1457,41886.5458,46.9133,route.tier0.camp-menu,Revealing,0
1458,41900.9628,14.4169,route.tier0.camp-menu,Revealing,0
1459,41936.1052,35.1426,route.tier0.camp-menu,Revealing,0
1460,41975.6272,39.5219,route.tier0.camp-menu,Revealing,0
1461,42020.7207,45.0935,route.tier0.camp-menu,Revealing,0
1462,42050.0016,29.2811,route.tier0.camp-menu,Revealing,0
1463,42087.7475,37.7458,route.tier0.camp-menu,Revealing,0
1464,42115.9934,28.2459,route.tier0.camp-menu,Revealing,0
1465,42165.6341,49.6407,route.tier0.camp-menu,Revealing,0
1466,42183.0291,17.3951,route.tier0.camp-menu,Revealing,0
1467,42222.6649,39.6355,route.tier0.camp-menu,Revealing,0
1468,42257.9352,35.2706,route.tier0.camp-menu,Revealing,0
1469,42302.6815,44.7462,route.tier0.camp-menu,Revealing,0
1470,42332.8914,30.2099,route.tier0.camp-menu,Revealing,0
1471,42365.6208,32.7293,route.tier0.camp-menu,Revealing,0
1472,42398.2851,32.6644,route.tier0.camp-menu,Revealing,0
1473,42436.0838,37.7987,route.tier0.camp-menu,Revealing,0
1474,42450.2547,14.1708,route.tier0.camp-menu,Revealing,0
1475,42479.8621,29.6074,route.tier0.camp-menu,Revealing,0
1476,42509.6574,29.7954,route.tier0.camp-menu,Revealing,0
1477,42547.0899,37.4325,route.tier0.camp-menu,Revealing,0
1478,42572.793,25.703,route.tier0.camp-menu,Revealing,0
1479,42597.4222,24.6293,route.tier0.camp-menu,Revealing,0
1480,42626.9323,29.5101,route.tier0.camp-menu,Revealing,0
1481,42664.3524,37.42,route.tier0.camp-menu,Revealing,0
1482,42701.921,37.5686,route.tier0.camp-menu,Revealing,0
1483,42710.8167,8.8957,route.tier0.camp-menu,Revealing,0
1484,42735.6802,24.8636,route.tier0.camp-menu,Revealing,0
1485,42774.7454,39.0652,route.tier0.camp-menu,Revealing,0
1486,42796.6287,21.8833,route.tier0.camp-menu,Revealing,0
1487,42816.1987,19.57,route.tier0.camp-menu,Revealing,0
1488,42840.0262,23.8275,route.tier0.camp-menu,Revealing,0
1489,42878.6163,38.5899,route.tier0.camp-menu,Revealing,0
1490,42917.6364,39.0203,route.tier0.camp-menu,Revealing,0
1491,42929.8897,12.2533,route.tier0.camp-menu,Revealing,0
1492,42959.8442,29.9545,route.tier0.camp-menu,Revealing,0
1493,42997.5036,37.6594,route.tier0.camp-menu,Revealing,0
1494,43014.9899,17.4863,route.tier0.camp-menu,Revealing,0
1495,43039.0902,24.1003,route.tier0.camp-menu,Revealing,0
1496,43061.6336,22.5434,route.tier0.camp-menu,Idle,0
1497,43099.9317,38.2981,audit.snapshot.route.tier0.camp-menu.ready,Idle,0
1498,43109.4676,9.5359,audit.snapshot.route.tier0.camp-menu.ready,Idle,0
1499,43130.839,21.3714,audit.snapshot.route.tier0.camp-menu.ready,Idle,0
1500,43148.7553,17.9163,audit.snapshot.route.tier0.camp-menu.ready,Idle,0
1501,43179.425,30.6695,audit.snapshot.route.tier0.camp-menu.ready,Idle,0
1502,43194.6222,15.1973,audit.snapshot.route.tier0.camp-menu.ready,Idle,0
1503,43212.6041,17.9819,audit.snapshot.route.tier0.camp-menu.ready,Idle,0
1504,43233.7238,21.1198,audit.snapshot.route.tier0.camp-menu.ready,Idle,0
1505,43267.5141,33.7902,audit.snapshot.route.tier0.camp-menu.ready,Idle,0
1506,43300.9197,33.4057,audit.snapshot.route.tier0.camp-menu.ready,Idle,0
1507,43310.2847,9.3649,audit.snapshot.route.tier0.camp-menu.ready,Idle,0
1508,43333.4421,23.1575,audit.snapshot.route.tier0.camp-menu.ready,Idle,0
1509,43379.2668,45.8247,audit.snapshot.route.tier0.camp-menu.ready,Idle,0
1510,43398.1802,18.9134,audit.snapshot.route.tier0.camp-menu.ready,Idle,0
1511,43419.286,21.1058,audit.snapshot.route.tier0.camp-menu.ready,Idle,0
1512,43445.236,25.95,audit.snapshot.route.tier0.camp-menu.ready,Idle,0
1513,43481.8806,36.6446,audit.snapshot.route.tier0.camp-menu.ready,Idle,0
1514,43515.2284,33.3479,audit.snapshot.route.tier0.camp-menu.ready,Idle,0
1515,43524.9836,9.7551,audit.snapshot.route.tier0.camp-menu.ready,Idle,0
1516,43542.4776,17.4939,audit.snapshot.route.tier0.camp-menu.ready,Idle,0
1517,43569.4531,26.9754,audit.snapshot.route.tier0.camp-menu.ready,Idle,0
1518,43590.9064,21.4534,audit.snapshot.route.tier0.camp-menu.ready,Idle,0
1519,43611.468,20.5617,audit.snapshot.route.tier0.camp-menu.ready,Idle,0
1520,43632.6618,21.1938,audit.snapshot.route.tier0.camp-menu.ready,Idle,0
1521,43672.849,40.1871,audit.snapshot.route.tier0.camp-menu.ready,Idle,0
1522,43682.3815,9.5326,audit.snapshot.route.tier0.camp-menu.ready,Idle,0
1523,43705.8514,23.4699,audit.snapshot.route.tier0.camp-menu.ready,Idle,0
1524,43723.213,17.3616,audit.snapshot.route.tier0.camp-menu.ready,Idle,0
1525,43748.927,25.714,audit.snapshot.route.tier0.camp-menu.ready,Idle,0
1526,43767.2927,18.3658,audit.snapshot.route.tier0.camp-menu.ready,Idle,0
1527,43812.3222,45.0292,audit.snapshot.route.tier0.camp-menu.ready,Idle,1
1528,43826.574,14.252,audit.snapshot.route.tier0.camp-menu.ready,Idle,1
1529,43866.4912,39.9172,audit.snapshot.route.tier0.camp-menu.ready,Idle,1
1530,43900.033,33.5418,audit.snapshot.route.tier0.camp-menu.ready,Idle,1
1531,43910.0633,10.0303,audit.snapshot.route.tier0.camp-menu.ready,Idle,1
1532,43932.5548,22.4915,audit.snapshot.route.tier0.camp-menu.ready,Idle,1
1533,43964.5002,31.9454,audit.snapshot.route.tier0.camp-menu.ready,Idle,1
1534,43986.9776,22.4774,audit.snapshot.route.tier0.camp-menu.ready,Idle,1
1535,44009.8475,22.8698,audit.snapshot.route.tier0.camp-menu.ready,Idle,1
1536,44032.451,22.6036,audit.snapshot.route.tier0.camp-menu.ready,Idle,1
1537,44074.6892,42.2381,audit.snapshot.route.tier0.camp-menu.ready,Idle,1
1538,44111.2795,36.5903,audit.snapshot.route.tier0.camp-menu.ready,Idle,1
1539,44120.7821,9.5027,audit.snapshot.route.tier0.camp-menu.ready,Idle,1
1540,44149.5939,28.8119,audit.snapshot.route.tier0.camp-menu.ready,Idle,1
1541,44180.4072,30.8132,audit.snapshot.route.tier0.camp-menu.ready,Idle,1
1542,44199.8991,19.492,audit.snapshot.route.tier0.camp-menu.ready,Idle,1
1543,44222.6772,22.778,audit.snapshot.route.tier0.camp-menu.ready,Idle,1
1544,44244.3086,21.6314,audit.snapshot.route.tier0.camp-menu.ready,Idle,1
1545,44280.7023,36.3937,audit.snapshot.route.tier0.camp-menu.ready,Idle,1
1546,44290.4822,9.7798,audit.snapshot.route.tier0.camp-menu.ready,Idle,1
1547,44312.6232,22.1411,audit.snapshot.route.tier0.camp-menu.ready,Idle,1
1548,44335.0437,22.4203,audit.snapshot.route.tier0.camp-menu.ready,Idle,1
1549,44363.6696,28.626,audit.snapshot.route.tier0.camp-menu.ready,Idle,1
1550,44380.4175,16.7476,audit.snapshot.route.tier0.camp-menu.ready,Idle,1
1551,44408.1318,27.7146,audit.snapshot.route.tier0.camp-menu.ready,Idle,1
1552,44447.0004,38.8687,audit.snapshot.route.tier0.camp-menu.ready,Idle,1
1553,44531.8443,84.8438,audit.snapshot.route.tier0.camp-menu.ready,Idle,1
1554,44580.4156,48.5714,audit.snapshot.route.tier0.camp-menu.ready,Idle,1
1555,44591.2994,10.8838,audit.snapshot.route.tier0.camp-menu.ready,Idle,1
1556,44629.7832,38.4838,audit.snapshot.route.tier0.camp-menu.ready,Idle,1
1557,44683.0335,53.2503,menu.tier1.steady,Idle,1
1558,44704.8029,21.7694,menu.tier1.steady,Idle,1
1559,44728.3146,23.5117,menu.tier1.steady,Idle,1
1560,44749.4866,21.1719,menu.tier1.steady,Idle,1
1561,44781.1889,31.7024,menu.tier1.steady,Idle,1
1562,44802.7344,21.5453,menu.tier1.steady,Idle,1
1563,44825.2583,22.524,menu.tier1.steady,Idle,1
1564,44846.4477,21.1894,menu.tier1.steady,Idle,1
1565,44879.9303,33.4827,menu.tier1.steady,Idle,1
1566,44893.7247,13.7943,menu.tier1.steady,Idle,1
1567,44916.7676,23.0429,menu.tier1.steady,Idle,1
1568,44942.0923,25.3248,menu.tier1.steady,Idle,1
1569,44963.6803,21.5879,menu.tier1.steady,Idle,1
1570,44993.4408,29.7606,menu.tier1.steady,Idle,1
1571,45016.3069,22.8661,menu.tier1.steady,Idle,1
1572,45038.5565,22.2495,menu.tier1.steady,Idle,1
1573,45072.0114,33.4548,menu.tier1.steady,Idle,1
1574,45084.0491,12.0378,menu.tier1.steady,Idle,1
1575,45110.2509,26.2019,menu.tier1.steady,Idle,1
1576,45132.7178,22.4669,menu.tier1.steady,Idle,1
1577,45155.9871,23.2692,menu.tier1.steady,Idle,1
1578,45177.3388,21.3518,menu.tier1.steady,Idle,1
1579,45199.7069,22.368,menu.tier1.steady,Idle,1
1580,45222.6843,22.9775,menu.tier1.steady,Idle,1
1581,45249.1585,26.4743,menu.tier1.steady,Idle,1
1582,45273.1246,23.966,menu.tier1.steady,Idle,1
1583,45294.3098,21.1852,menu.tier1.steady,Idle,1
1584,45315.8282,21.5184,menu.tier1.steady,Idle,1
1585,45352.4159,36.5877,menu.tier1.steady,Idle,1
1586,45384.8473,32.4313,menu.tier1.steady,Idle,1
1587,45393.9986,9.1515,menu.tier1.steady,Idle,1
1588,45412.4941,18.4954,menu.tier1.steady,Idle,1
1589,45444.7469,32.2528,menu.tier1.steady,Idle,1
1590,45465.1869,20.44,menu.tier1.steady,Idle,1
1591,45484.8124,19.6255,menu.tier1.steady,Idle,1
1592,45509.9033,25.0907,menu.tier1.steady,Idle,1
1593,45546.706,36.8029,menu.tier1.steady,Idle,1
1594,45579.9842,33.2779,menu.tier1.steady,Idle,1
1595,45589.4036,9.4197,menu.tier1.steady,Idle,1
1596,45612.6115,23.2079,menu.tier1.steady,Idle,1
1597,45646.0789,33.4673,menu.tier1.steady,Idle,1
1598,45665.8389,19.7601,menu.tier1.steady,Idle,1
1599,45689.0383,23.1993,menu.tier1.steady,Idle,1
1600,45710.8883,21.8499,menu.tier1.steady,Idle,1
1601,45746.7755,35.8875,menu.tier1.steady,Idle,1
1602,45756.5459,9.7702,menu.tier1.steady,Idle,1
1603,45778.6125,22.0667,menu.tier1.steady,Idle,1
1604,45800.9554,22.3429,menu.tier1.steady,Idle,1
1605,45832.3762,31.4208,menu.tier1.steady,Idle,1
1606,45851.6541,19.2779,menu.tier1.steady,Idle,1
1607,45876.8201,25.1661,menu.tier1.steady,Idle,1
1608,45896.822,20.0018,menu.tier1.steady,Idle,1
1609,45941.373,44.5508,menu.tier1.steady,Idle,1
1610,45976.7096,35.3367,menu.tier1.steady,Idle,1
1611,45985.6293,8.9198,menu.tier1.steady,Idle,1
1612,46014.6242,28.9947,menu.tier1.steady,Idle,1
1613,46053.0465,38.4225,menu.tier1.steady,Idle,1
1614,46078.1518,25.1054,menu.tier1.steady,Idle,1
1615,46111.0779,32.926,menu.tier1.steady,Idle,1
1616,46137.086,26.0081,menu.tier1.steady,Idle,1
1617,46179.0811,41.9951,menu.tier1.steady,Idle,1
1618,46218.1621,39.081,menu.tier1.steady,Idle,1
1619,46227.3561,9.1939,menu.tier1.steady,Idle,1
1620,46251.7083,24.3523,menu.tier1.steady,Idle,1
1621,46288.5667,36.8584,menu.tier1.steady,Idle,1
1622,46306.8531,18.2788,menu.tier1.steady,Idle,1
1623,46332.4259,25.5802,menu.tier1.steady,Idle,1
1624,46361.9561,29.5305,menu.tier1.steady,Idle,1
1625,46412.1309,50.1747,menu.tier1.steady,Idle,1
1626,46421.6398,9.509,menu.tier1.steady,Idle,1
1627,46445.8816,24.2416,menu.tier1.steady,Idle,1
1628,46473.0767,27.1952,menu.tier1.steady,Idle,1
1629,46512.7216,39.6449,menu.tier1.steady,Idle,1
1630,46534.7454,22.0238,menu.tier1.steady,Idle,1
1631,46565.1046,30.3592,menu.tier1.steady,Idle,1
1632,46595.19,30.0854,menu.tier1.steady,Idle,1
1633,46639.9514,44.7614,menu.tier1.steady,Idle,1
1634,46677.7409,37.7893,menu.tier1.steady,Idle,1
1635,46686.5184,8.7777,menu.tier1.steady,Idle,1
1636,46714.6385,28.1201,menu.tier1.steady,Idle,1
1637,46752.8362,38.1977,menu.tier1.steady,Idle,1
1638,46778.1885,25.3522,menu.tier1.steady,Idle,1
1639,46804.8318,26.6435,menu.tier1.steady,Idle,1
1640,46827.9141,23.0822,menu.tier1.steady,Idle,1
1641,46866.2951,38.381,menu.tier1.steady,Idle,1
1642,46896.9976,30.7025,menu.tier1.steady,Idle,1
1643,46905.6903,8.6926,menu.tier1.steady,Idle,1
1644,46931.4547,25.7645,menu.tier1.steady,Idle,1
1645,46962.0791,30.6244,menu.tier1.steady,Idle,1
1646,46978.724,16.6449,menu.tier1.steady,Idle,1
1647,47001.4077,22.6837,menu.tier1.steady,Idle,1
1648,47024.2277,22.82,menu.tier1.steady,Idle,1
1649,47062.7722,38.5445,menu.tier1.steady,Idle,1
1650,47095.7925,33.0203,menu.tier1.steady,Idle,1
1651,47104.4592,8.6666,menu.tier1.steady,Idle,1
1652,47124.2479,19.7888,menu.tier1.steady,Idle,1
1653,47150.6994,26.4515,menu.tier1.steady,Idle,1
1654,47174.3671,23.6678,menu.tier1.steady,Idle,1
1655,47195.672,21.3048,menu.tier1.steady,Idle,1
1656,47216.9147,21.2427,menu.tier1.steady,Idle,1
1657,47253.5734,36.6587,menu.tier1.steady,Idle,1
1658,47265.4614,11.888,menu.tier1.steady,Idle,1
1659,47288.9243,23.463,menu.tier1.steady,Idle,1
1660,47310.3156,21.3912,menu.tier1.steady,Idle,1
1661,47337.7252,27.4096,menu.tier1.steady,Idle,1
1662,47355.9182,18.1931,menu.tier1.steady,Idle,1
1663,47379.22,23.3017,menu.tier1.steady,Idle,1
1664,47407.2038,27.9838,menu.tier1.steady,Idle,1
1665,47446.0042,38.8004,menu.tier1.steady,Idle,1
1666,47477.4284,31.4242,menu.tier1.steady,Idle,1
1667,47486.1599,8.7315,menu.tier1.steady,Idle,1
1668,47509.6878,23.5279,menu.tier1.steady,Idle,1
1669,47537.4773,27.7896,menu.tier1.steady,Idle,1
1670,47555.9991,18.5217,menu.tier1.steady,Idle,1
1671,47577.5587,21.5596,menu.tier1.steady,Idle,1
1672,47600.7627,23.204,menu.tier1.steady,Idle,1
1673,47636.9618,36.1991,menu.tier1.steady,Idle,1
1674,47672.072,35.1102,menu.tier1.steady,Idle,1
1675,47681.6458,9.5739,menu.tier1.steady,Idle,1
1676,47706.4829,24.837,menu.tier1.steady,Idle,1
1677,47735.8093,29.3264,leaves.tier1.normal.r1,Covering,1
1678,47822.8925,87.0831,leaves.tier1.normal.r1,Covering,1
1679,47844.5922,21.6998,leaves.tier1.normal.r1,Covering,1
1680,47872.5602,27.9681,leaves.tier1.normal.r1,Covering,1
1681,47902.1917,29.6313,leaves.tier1.normal.r1,Covering,1
1682,47926.3787,24.187,leaves.tier1.normal.r1,Covering,1
1683,47947.3184,20.9398,leaves.tier1.normal.r1,Covering,1
1684,47977.6804,30.362,leaves.tier1.normal.r1,Covering,1
1685,48021.4858,43.8055,leaves.tier1.normal.r1,Covering,1
1686,48040.7914,19.3056,leaves.tier1.normal.r1,Covering,1
1687,48064.3849,23.5934,leaves.tier1.normal.r1,Covering,1
1688,48086.7576,22.3727,leaves.tier1.normal.r1,Covering,1
1689,48122.6875,35.9299,leaves.tier1.normal.r1,Covering,1
1690,48145.024,22.3364,leaves.tier1.normal.r1,Covering,1
1691,48168.0086,22.9847,leaves.tier1.normal.r1,Covering,1
1692,48194.3329,26.3243,leaves.tier1.normal.r1,Covering,1
1693,48233.4906,39.1577,leaves.tier1.normal.r1,Covering,1
1694,48245.6955,12.2048,leaves.tier1.normal.r1,Covering,1
1695,48273.3936,27.6983,leaves.tier1.normal.r1,Covering,1
1696,48298.0958,24.702,leaves.tier1.normal.r1,Covering,1
1697,48329.3478,31.2521,leaves.tier1.normal.r1,Covering,1
1698,48347.4253,18.0775,leaves.tier1.normal.r1,Covering,1
1699,48376.2252,28.7999,leaves.tier1.normal.r1,Covering,1
1700,48400.3621,24.137,leaves.tier1.normal.r1,Covering,1
1701,48435.1528,34.7906,leaves.tier1.normal.r1,Covering,1
1702,48452.6778,17.5249,leaves.tier1.normal.r1,Covering,1
1703,48479.7848,27.1071,leaves.tier1.normal.r1,Covering,1
1704,48511.8061,32.0214,leaves.tier1.normal.r1,Covering,1
1705,48548.2342,36.428,leaves.tier1.normal.r1,Covering,1
1706,48576.8204,28.5862,leaves.tier1.normal.r1,Covering,1
1707,48610.2286,33.408,leaves.tier1.normal.r1,Covering,1
1708,48645.714,35.4856,leaves.tier1.normal.r1,Covering,1
1709,48695.8138,50.0998,leaves.tier1.normal.r1,Covering,1
1710,48712.6721,16.8582,leaves.tier1.normal.r1,Covering,1
1711,48745.8819,33.2098,leaves.tier1.normal.r1,Covering,1
1712,48777.225,31.3432,leaves.tier1.normal.r1,Covering,1
1713,48819.3088,42.0838,leaves.tier1.normal.r1,Covering,1
1714,48849.1155,29.8067,leaves.tier1.normal.r1,Covering,1
1715,48889.382,40.2667,leaves.tier1.normal.r1,Covering,1
1716,48916.7496,27.3674,leaves.tier1.normal.r1,Covering,1
1717,48967.0455,50.2956,leaves.tier1.normal.r1,Covering,1
1718,48983.9708,16.9254,leaves.tier1.normal.r1,Covering,1
1719,49016.5705,32.5999,leaves.tier1.normal.r1,Covering,1
1720,49047.1692,30.5987,leaves.tier1.normal.r1,Covering,1
1721,49086.5267,39.3575,leaves.tier1.normal.r1,Covering,1
1722,49113.9066,27.3799,leaves.tier1.normal.r1,Covering,1
1723,49146.578,32.6714,leaves.tier1.normal.r1,Covering,1
1724,49180.4668,33.8887,leaves.tier1.normal.r1,Covering,1
1725,49235.0166,54.5497,leaves.tier1.normal.r1,Covering,1
1726,49252.0644,17.048,leaves.tier1.normal.r1,Covering,1
1727,49283.41,31.3455,leaves.tier1.normal.r1,Covering,1
1728,49314.1632,30.7534,leaves.tier1.normal.r1,Covering,1
1729,49345.9644,31.801,leaves.tier1.normal.r1,CoveredLoading,1
1730,49362.1935,16.2293,leaves.tier1.normal.r1,CoveredLoading,1
1731,49376.369,14.1752,audit.snapshot.leaves.tier1.normal.r1.covered,CoveredLoading,1
1732,49394.1055,17.7367,leaves.tier1.normal.r1.hold,CoveredLoading,1
1733,49424.486,30.3806,leaves.tier1.normal.r1.hold,CoveredLoading,1
1734,49430.9101,6.424,leaves.tier1.normal.r1.hold,CoveredLoading,1
1735,49446.44,15.5299,leaves.tier1.normal.r1.hold,CoveredLoading,1
1736,49470.0371,23.5972,leaves.tier1.normal.r1.hold,CoveredLoading,1
1737,49498.969,28.9318,leaves.tier1.normal.r1.hold,CoveredLoading,1
1738,49506.0361,7.0671,leaves.tier1.normal.r1.hold,CoveredLoading,1
1739,49523.0757,17.0397,leaves.tier1.normal.r1.hold,CoveredLoading,1
1740,49536.2799,13.2041,leaves.tier1.normal.r1.hold,CoveredLoading,1
1741,49554.8536,18.5737,leaves.tier1.normal.r1.hold,CoveredLoading,1
1742,49586.9745,32.1209,leaves.tier1.normal.r1.hold,CoveredLoading,1
1743,49594.1923,7.2177,leaves.tier1.normal.r1.hold,CoveredLoading,1
1744,49607.7064,13.5141,leaves.tier1.normal.r1.hold,CoveredLoading,1
1745,49623.1617,15.4554,leaves.tier1.normal.r1.hold,CoveredLoading,1
1746,49639.7703,16.6085,leaves.tier1.normal.r1.hold,CoveredLoading,1
1747,49658.1108,18.3406,leaves.tier1.normal.r1.hold,CoveredLoading,1
1748,49684.6957,26.5849,leaves.tier1.normal.r1.hold,CoveredLoading,1
1749,49693.0541,8.3582,leaves.tier1.normal.r1.hold,CoveredLoading,1
1750,49709.6192,16.5651,leaves.tier1.normal.r1.hold,CoveredLoading,1
1751,49738.0429,28.4239,leaves.tier1.normal.r1.reveal,Preparing,1
1752,49759.5639,21.521,leaves.tier1.normal.r1.reveal,Preparing,1
1753,49791.5655,32.0015,leaves.tier1.normal.r1.reveal,Preparing,1
1754,49831.4134,39.8479,leaves.tier1.normal.r1.reveal,Preparing,1
1755,49870.6723,39.2589,leaves.tier1.normal.r1.reveal,Preparing,1
1756,49904.8215,34.1492,leaves.tier1.normal.r1.reveal,Preparing,1
1757,49941.2118,36.3904,leaves.tier1.normal.r1.reveal,Preparing,1
1758,49981.8322,40.6203,leaves.tier1.normal.r1.reveal,Preparing,1
1759,50022.6668,40.8346,leaves.tier1.normal.r1.reveal,Revealing,1
1760,50059.1969,36.5301,leaves.tier1.normal.r1.reveal,Revealing,1
1761,50099.949,40.7521,leaves.tier1.normal.r1.reveal,Revealing,1
1762,50140.5776,40.6288,leaves.tier1.normal.r1.reveal,Revealing,1
1763,50185.4108,44.8331,leaves.tier1.normal.r1.reveal,Revealing,1
1764,50220.8811,35.47,leaves.tier1.normal.r1.reveal,Revealing,1
1765,50260.5632,39.6823,leaves.tier1.normal.r1.reveal,Revealing,1
1766,50303.808,43.2449,leaves.tier1.normal.r1.reveal,Revealing,1
1767,50343.1777,39.3696,leaves.tier1.normal.r1.reveal,Revealing,1
1768,50393.5911,50.4134,leaves.tier1.normal.r1.reveal,Revealing,1
1769,50423.1391,29.5481,leaves.tier1.normal.r1.reveal,Revealing,1
1770,50457.552,34.4129,leaves.tier1.normal.r1.reveal,Revealing,1
1771,50499.241,41.689,leaves.tier1.normal.r1.reveal,Revealing,1
1772,50540.7685,41.5275,leaves.tier1.normal.r1.reveal,Revealing,1
1773,50588.3552,47.5867,leaves.tier1.normal.r1.reveal,Revealing,1
1774,50621.0061,32.6509,leaves.tier1.normal.r1.reveal,Revealing,1
1775,50650.4832,29.4771,leaves.tier1.normal.r1.reveal,Revealing,1
1776,50687.7691,37.2859,leaves.tier1.normal.r1.reveal,Revealing,1
1777,50717.6472,29.878,leaves.tier1.normal.r1.reveal,Revealing,1
1778,50764.4842,46.8371,leaves.tier1.normal.r1.reveal,Revealing,1
1779,50795.457,30.9728,leaves.tier1.normal.r1.reveal,Revealing,1
1780,50824.4324,28.9753,leaves.tier1.normal.r1.reveal,Revealing,1
1781,50857.2466,32.8142,leaves.tier1.normal.r1.reveal,Revealing,1
1782,50879.7275,22.4809,leaves.tier1.normal.r1.reveal,Revealing,1
1783,50915.3841,35.6565,leaves.tier1.normal.r1.reveal,Revealing,1
1784,50936.392,21.0079,leaves.tier1.normal.r1.reveal,Revealing,1
1785,50964.4146,28.0228,leaves.tier1.normal.r1.reveal,Revealing,1
1786,50988.9699,24.5553,leaves.tier1.normal.r1.reveal,Revealing,1
1787,51019.2358,30.2659,leaves.tier1.normal.r1.reveal,Revealing,1
1788,51052.7738,33.538,leaves.tier1.normal.r1.reveal,Revealing,1
1789,51081.0562,28.2824,leaves.tier1.normal.r1.reveal,Revealing,1
1790,51106.2068,25.1506,leaves.tier1.normal.r1.reveal,Revealing,1
1791,51134.306,28.0991,leaves.tier1.normal.r1.reveal,Revealing,1
1792,51160.389,26.083,leaves.tier1.normal.r1.reveal,Revealing,1
1793,51187.6508,27.2619,leaves.tier1.normal.r1.reveal,Revealing,1
1794,51207.5132,19.8624,leaves.tier1.normal.r1.reveal,Revealing,1
1795,51233.5227,26.0094,leaves.tier1.normal.r1.reveal,Revealing,1
1796,51259.714,26.1913,leaves.tier1.normal.r1.reveal,Revealing,1
1797,51282.2983,22.5843,leaves.tier1.normal.r1.reveal,Revealing,1
1798,51313.4082,31.11,leaves.tier1.normal.r1.reveal,Revealing,1
1799,51334.1557,20.7475,leaves.tier1.normal.r1.reveal,Revealing,1
1800,51358.0638,23.9081,leaves.tier1.normal.r1.reveal,Revealing,1
1801,51383.1016,25.0378,leaves.tier1.normal.r1.reveal,Revealing,1
1802,51407.6007,24.4991,leaves.tier1.normal.r1.reveal,Idle,1
1803,51446.8818,39.281,leaves.tier1.normal.r1.settle,Idle,1
1804,51466.9055,20.0237,leaves.tier1.normal.r1.settle,Idle,1
1805,51488.15,21.2446,leaves.tier1.normal.r1.settle,Idle,1
1806,51510.9045,22.7545,leaves.tier1.normal.r1.settle,Idle,1
1807,51533.0677,22.1632,leaves.tier1.normal.r1.settle,Idle,1
1808,51563.0573,29.9896,leaves.tier1.normal.r1.settle,Idle,1
1809,51581.3833,18.3259,leaves.tier1.normal.r1.settle,Idle,1
1810,51603.0797,21.6964,leaves.tier1.normal.r1.settle,Idle,1
1811,51627.8542,24.7745,leaves.tier1.normal.r1.settle,Idle,1
1812,51656.9304,29.0763,leaves.tier1.normal.r1.settle,Idle,1
1813,51680.9497,24.0193,leaves.tier1.normal.r1.settle,Idle,1
1814,51700.3049,19.3552,leaves.tier1.normal.r1.settle,Idle,1
1815,51725.0956,24.7907,leaves.tier1.normal.r1.settle,Idle,1
1816,51744.5705,19.4749,leaves.tier1.normal.r1.settle,Idle,1
1817,51767.4178,22.8473,leaves.tier1.normal.r1.settle,Idle,1
1818,51798.7977,31.3799,leaves.tier1.reduced.r1,Covering,1
1819,51824.0661,25.2684,leaves.tier1.reduced.r1,Covering,1
1820,51851.1192,27.053,leaves.tier1.reduced.r1,Covering,1
1821,51884.1327,33.0136,leaves.tier1.reduced.r1,Covering,1
1822,51927.348,43.2153,leaves.tier1.reduced.r1,Covering,1
1823,51944.2243,16.8763,leaves.tier1.reduced.r1,CoveredLoading,1
1824,51960.3852,16.1609,leaves.tier1.reduced.r1,CoveredLoading,1
1825,51975.8497,15.4645,audit.snapshot.leaves.tier1.reduced.r1.covered,CoveredLoading,1
1826,51994.1432,18.2936,leaves.tier1.reduced.r1.hold,CoveredLoading,1
1827,52012.0635,17.9201,leaves.tier1.reduced.r1.hold,CoveredLoading,1
1828,52028.8969,16.8335,leaves.tier1.reduced.r1.hold,CoveredLoading,1
1829,52045.6972,16.8003,leaves.tier1.reduced.r1.hold,CoveredLoading,1
1830,52065.1906,19.4934,leaves.tier1.reduced.r1.hold,CoveredLoading,1
1831,52079.3054,14.1147,leaves.tier1.reduced.r1.hold,CoveredLoading,1
1832,52095.6576,16.3522,leaves.tier1.reduced.r1.hold,CoveredLoading,1
1833,52113.9732,18.3156,leaves.tier1.reduced.r1.hold,CoveredLoading,1
1834,52128.7372,14.7642,leaves.tier1.reduced.r1.hold,CoveredLoading,1
1835,52144.6743,15.937,leaves.tier1.reduced.r1.hold,CoveredLoading,1
1836,52160.433,15.7588,leaves.tier1.reduced.r1.hold,CoveredLoading,1
1837,52179.4629,19.0298,leaves.tier1.reduced.r1.hold,CoveredLoading,1
1838,52195.4991,16.0362,leaves.tier1.reduced.r1.hold,CoveredLoading,1
1839,52214.7439,19.2448,leaves.tier1.reduced.r1.hold,CoveredLoading,1
1840,52228.6708,13.9269,leaves.tier1.reduced.r1.hold,CoveredLoading,1
1841,52244.6795,16.0087,leaves.tier1.reduced.r1.hold,CoveredLoading,1
1842,52260.6373,15.9578,leaves.tier1.reduced.r1.hold,CoveredLoading,1
1843,52280.7801,20.1428,leaves.tier1.reduced.r1.hold,CoveredLoading,1
1844,52296.6248,15.8446,leaves.tier1.reduced.r1.hold,CoveredLoading,1
1845,52326.7721,30.1474,leaves.tier1.reduced.r1.reveal,Preparing,1
1846,52335.9325,9.1604,leaves.tier1.reduced.r1.reveal,Preparing,1
1847,52359.5823,23.6498,leaves.tier1.reduced.r1.reveal,Preparing,1
1848,52380.9626,21.3803,leaves.tier1.reduced.r1.reveal,Preparing,1
1849,52402.0021,21.0394,leaves.tier1.reduced.r1.reveal,Revealing,1
1850,52423.5468,21.5449,leaves.tier1.reduced.r1.reveal,Revealing,1
1851,52448.2468,24.6999,leaves.tier1.reduced.r1.reveal,Revealing,1
1852,52478.8508,30.6039,leaves.tier1.reduced.r1.reveal,Revealing,1
1853,52506.8442,27.9935,leaves.tier1.reduced.r1.reveal,Revealing,1
1854,52528.159,21.3148,leaves.tier1.reduced.r1.reveal,Revealing,1
1855,52550.0434,21.8844,leaves.tier1.reduced.r1.reveal,Revealing,1
1856,52576.2269,26.1835,leaves.tier1.reduced.r1.reveal,Revealing,1
1857,52600.3517,24.1247,leaves.tier1.reduced.r1.reveal,Idle,1
1858,52631.2318,30.8802,leaves.tier1.reduced.r1.settle,Idle,1
1859,52652.6194,21.3876,leaves.tier1.reduced.r1.settle,Idle,1
1860,52675.6574,23.0379,leaves.tier1.reduced.r1.settle,Idle,1
1861,52699.8221,24.1648,leaves.tier1.reduced.r1.settle,Idle,1
1862,52729.0618,29.2396,leaves.tier1.reduced.r1.settle,Idle,1
1863,52748.1249,19.0632,leaves.tier1.reduced.r1.settle,Idle,1
1864,52769.6869,21.5619,leaves.tier1.reduced.r1.settle,Idle,1
1865,52794.3354,24.6486,leaves.tier1.reduced.r1.settle,Idle,1
1866,52815.7186,21.3832,leaves.tier1.reduced.r1.settle,Idle,1
1867,52845.3841,29.6655,leaves.tier1.reduced.r1.settle,Idle,1
1868,52865.5402,20.1561,leaves.tier1.reduced.r1.settle,Idle,1
1869,52887.4831,21.9429,leaves.tier1.reduced.r1.settle,Idle,1
1870,52908.236,20.7529,leaves.tier1.reduced.r1.settle,Idle,1
1871,52932.8131,24.5771,leaves.tier1.reduced.r1.settle,Idle,1
1872,52954.5081,21.695,leaves.tier1.reduced.r1.settle,Idle,1
1873,52983.2998,28.7917,leaves.tier1.normal.r2,Covering,1
1874,53042.9128,59.6129,leaves.tier1.normal.r2,Covering,1
1875,53084.273,41.3603,leaves.tier1.normal.r2,Covering,1
1876,53097.6999,13.4268,leaves.tier1.normal.r2,Covering,1
1877,53121.3112,23.6114,leaves.tier1.normal.r2,Covering,1
1878,53153.0181,31.707,leaves.tier1.normal.r2,Covering,1
1879,53177.3871,24.3688,leaves.tier1.normal.r2,Covering,1
1880,53201.2,23.813,leaves.tier1.normal.r2,Covering,1
1881,53224.5159,23.3159,leaves.tier1.normal.r2,Covering,1
1882,53261.6165,37.1006,leaves.tier1.normal.r2,Covering,1
1883,53290.0707,28.4542,leaves.tier1.normal.r2,Covering,1
1884,53310.6478,20.5771,leaves.tier1.normal.r2,Covering,1
1885,53334.2721,23.6243,leaves.tier1.normal.r2,Covering,1
1886,53360.7017,26.4296,leaves.tier1.normal.r2,Covering,1
1887,53382.7485,22.0469,leaves.tier1.normal.r2,Covering,1
1888,53406.2506,23.5019,leaves.tier1.normal.r2,Covering,1
1889,53449.6593,43.4088,leaves.tier1.normal.r2,Covering,1
1890,53463.5174,13.8581,leaves.tier1.normal.r2,Covering,1
1891,53484.7323,21.2148,leaves.tier1.normal.r2,Covering,1
1892,53511.2252,26.493,leaves.tier1.normal.r2,Covering,1
1893,53535.0106,23.7853,leaves.tier1.normal.r2,Covering,1
1894,53561.5181,26.5075,leaves.tier1.normal.r2,Covering,1
1895,53601.488,39.97,leaves.tier1.normal.r2,Covering,1
1896,53636.1294,34.6414,leaves.tier1.normal.r2,Covering,1
1897,53645.1177,8.9883,leaves.tier1.normal.r2,Covering,1
1898,53669.4809,24.3632,leaves.tier1.normal.r2,Covering,1
1899,53697.6474,28.1665,leaves.tier1.normal.r2,Covering,1
1900,53721.7904,24.1429,leaves.tier1.normal.r2,Covering,1
1901,53747.7118,25.9215,leaves.tier1.normal.r2,Covering,1
1902,53775.3409,27.629,leaves.tier1.normal.r2,Covering,1
1903,53823.9122,48.5714,leaves.tier1.normal.r2,Covering,1
1904,53840.8115,16.8993,leaves.tier1.normal.r2,Covering,1
1905,53872.8704,32.0589,leaves.tier1.normal.r2,Covering,1
1906,53912.0246,39.154,leaves.tier1.normal.r2,Covering,1
1907,53951.396,39.3716,leaves.tier1.normal.r2,Covering,1
1908,53978.0793,26.6833,leaves.tier1.normal.r2,Covering,1
1909,54025.4687,47.3893,leaves.tier1.normal.r2,Covering,1
1910,54044.4473,18.9786,leaves.tier1.normal.r2,Covering,1
1911,54071.8133,27.3661,leaves.tier1.normal.r2,Covering,1
1912,54094.9022,23.0889,leaves.tier1.normal.r2,Covering,1
1913,54141.8261,46.9238,leaves.tier1.normal.r2,Covering,1
1914,54168.098,26.272,leaves.tier1.normal.r2,Covering,1
1915,54208.6048,40.5067,leaves.tier1.normal.r2,Covering,1
1916,54249.727,41.1223,leaves.tier1.normal.r2,Covering,1
1917,54291.1416,41.4146,leaves.tier1.normal.r2,Covering,1
1918,54328.6146,37.473,leaves.tier1.normal.r2,Covering,1
1919,54371.2718,42.6571,leaves.tier1.normal.r2,Covering,1
1920,54412.0982,40.8265,leaves.tier1.normal.r2,Covering,1
1921,54442.5036,30.4054,leaves.tier1.normal.r2,Covering,1
1922,54483.4102,40.9065,leaves.tier1.normal.r2,Covering,1
1923,54536.0882,52.6781,leaves.tier1.normal.r2,Covering,1
1924,54559.1818,23.0934,leaves.tier1.normal.r2,CoveredLoading,1
1925,54575.6451,16.4634,leaves.tier1.normal.r2,CoveredLoading,1
1926,54593.8278,18.1827,audit.snapshot.leaves.tier1.normal.r2.covered,CoveredLoading,1
1927,54616.1264,22.2987,leaves.tier1.normal.r2.hold,CoveredLoading,1
1928,54636.3347,20.2083,leaves.tier1.normal.r2.hold,CoveredLoading,1
1929,54654.9662,18.6315,leaves.tier1.normal.r2.hold,CoveredLoading,1
1930,54668.2817,13.3154,leaves.tier1.normal.r2.hold,CoveredLoading,1
1931,54691.8278,23.5461,leaves.tier1.normal.r2.hold,CoveredLoading,1
1932,54708.5077,16.68,leaves.tier1.normal.r2.hold,CoveredLoading,1
1933,54726.5195,18.0117,leaves.tier1.normal.r2.hold,CoveredLoading,1
1934,54749.2213,22.7019,leaves.tier1.normal.r2.hold,CoveredLoading,1
1935,54769.4377,20.2164,leaves.tier1.normal.r2.hold,CoveredLoading,1
1936,54790.9053,21.4676,leaves.tier1.normal.r2.hold,CoveredLoading,1
1937,54814.532,23.6267,leaves.tier1.normal.r2.hold,CoveredLoading,1
1938,54829.9698,15.4378,leaves.tier1.normal.r2.hold,CoveredLoading,1
1939,54859.5987,29.6288,leaves.tier1.normal.r2.hold,CoveredLoading,1
1940,54868.6414,9.0428,leaves.tier1.normal.r2.hold,CoveredLoading,1
1941,54887.0521,18.4107,leaves.tier1.normal.r2.hold,CoveredLoading,1
1942,54901.1622,14.1101,leaves.tier1.normal.r2.hold,CoveredLoading,1
1943,54917.9066,16.7443,leaves.tier1.normal.r2.hold,CoveredLoading,1
1944,54932.9106,15.004,leaves.tier1.normal.r2.hold,CoveredLoading,1
1945,54949.0754,16.1649,leaves.tier1.normal.r2.hold,CoveredLoading,1
1946,54980.4922,31.4168,leaves.tier1.normal.r2.reveal,Preparing,1
1947,55006.6779,26.1857,leaves.tier1.normal.r2.reveal,Preparing,1
1948,55048.745,42.0671,leaves.tier1.normal.r2.reveal,Preparing,1
1949,55078.6422,29.8971,leaves.tier1.normal.r2.reveal,Preparing,1
1950,55107.6532,29.011,leaves.tier1.normal.r2.reveal,Preparing,1
1951,55155.008,47.3547,leaves.tier1.normal.r2.reveal,Preparing,1
1952,55180.1818,25.174,leaves.tier1.normal.r2.reveal,Preparing,1
1953,55212.0342,31.8523,leaves.tier1.normal.r2.reveal,Preparing,1
1954,55249.3138,37.2796,leaves.tier1.normal.r2.reveal,Revealing,1
1955,55281.5347,32.221,leaves.tier1.normal.r2.reveal,Revealing,1
1956,55313.4614,31.9267,leaves.tier1.normal.r2.reveal,Revealing,1
1957,55353.3977,39.9363,leaves.tier1.normal.r2.reveal,Revealing,1
1958,55388.7006,35.3029,leaves.tier1.normal.r2.reveal,Revealing,1
1959,55415.0804,26.3797,leaves.tier1.normal.r2.reveal,Revealing,1
1960,55468.5087,53.4284,leaves.tier1.normal.r2.reveal,Revealing,1
1961,55492.1515,23.6426,leaves.tier1.normal.r2.reveal,Revealing,1
1962,55521.2448,29.0934,leaves.tier1.normal.r2.reveal,Revealing,1
1963,55561.3217,40.077,leaves.tier1.normal.r2.reveal,Revealing,1
1964,55589.8834,28.5616,leaves.tier1.normal.r2.reveal,Revealing,1
1965,55621.4702,31.5868,leaves.tier1.normal.r2.reveal,Revealing,1
1966,55651.1999,29.7298,leaves.tier1.normal.r2.reveal,Revealing,1
1967,55682.9019,31.702,leaves.tier1.normal.r2.reveal,Revealing,1
1968,55716.3423,33.4404,leaves.tier1.normal.r2.reveal,Revealing,1
1969,55762.0738,45.7315,leaves.tier1.normal.r2.reveal,Revealing,1
1970,55786.4459,24.372,leaves.tier1.normal.r2.reveal,Revealing,1
1971,55826.0337,39.5878,leaves.tier1.normal.r2.reveal,Revealing,1
1972,55873.0497,47.0161,leaves.tier1.normal.r2.reveal,Revealing,1
1973,55915.6493,42.5997,leaves.tier1.normal.r2.reveal,Revealing,1
1974,55925.2243,9.575,leaves.tier1.normal.r2.reveal,Revealing,1
1975,55947.9989,22.7745,leaves.tier1.normal.r2.reveal,Revealing,1
1976,55975.6358,27.6368,leaves.tier1.normal.r2.reveal,Revealing,1
1977,56009.6336,33.9979,leaves.tier1.normal.r2.reveal,Revealing,1
1978,56033.1795,23.5459,leaves.tier1.normal.r2.reveal,Revealing,1
1979,56059.8228,26.6433,leaves.tier1.normal.r2.reveal,Revealing,1
1980,56107.9176,48.0948,leaves.tier1.normal.r2.reveal,Revealing,1
1981,56122.9864,15.0688,leaves.tier1.normal.r2.reveal,Revealing,1
1982,56144.5153,21.5289,leaves.tier1.normal.r2.reveal,Revealing,1
1983,56183.9718,39.4565,leaves.tier1.normal.r2.reveal,Revealing,1
1984,56197.6647,13.693,leaves.tier1.normal.r2.reveal,Revealing,1
1985,56219.1699,21.505,leaves.tier1.normal.r2.reveal,Revealing,1
1986,56245.1352,25.9654,leaves.tier1.normal.r2.reveal,Revealing,1
1987,56273.1603,28.025,leaves.tier1.normal.r2.reveal,Revealing,1
1988,56297.8014,24.641,leaves.tier1.normal.r2.reveal,Revealing,1
1989,56335.8831,38.0819,leaves.tier1.normal.r2.reveal,Revealing,1
1990,56373.8101,37.927,leaves.tier1.normal.r2.reveal,Revealing,1
1991,56385.9357,12.1256,leaves.tier1.normal.r2.reveal,Revealing,1
1992,56411.3897,25.4539,leaves.tier1.normal.r2.reveal,Revealing,1
1993,56434.9931,23.6034,leaves.tier1.normal.r2.reveal,Revealing,1
1994,56461.2997,26.3066,leaves.tier1.normal.r2.reveal,Revealing,1
1995,56488.3945,27.0948,leaves.tier1.normal.r2.reveal,Revealing,1
1996,56511.8534,23.459,leaves.tier1.normal.r2.reveal,Revealing,1
1997,56542.5326,30.6792,leaves.tier1.normal.r2.reveal,Revealing,1
1998,56566.7313,24.1987,leaves.tier1.normal.r2.reveal,Revealing,1
1999,56593.3392,26.608,leaves.tier1.normal.r2.reveal,Revealing,1
2000,56615.7353,22.3959,leaves.tier1.normal.r2.reveal,Revealing,1
2001,56659.0715,43.3363,leaves.tier1.normal.r2.reveal,Idle,1
2002,56674.5761,15.5046,leaves.tier1.normal.r2.settle,Idle,1
2003,56703.4753,28.8992,leaves.tier1.normal.r2.settle,Idle,1
2004,56724.2731,20.7978,leaves.tier1.normal.r2.settle,Idle,1
2005,56746.4848,22.2116,leaves.tier1.normal.r2.settle,Idle,1
2006,56772.5907,26.1061,leaves.tier1.normal.r2.settle,Idle,1
2007,56801.6887,29.0979,leaves.tier1.normal.r2.settle,Idle,1
2008,56822.9037,21.215,leaves.tier1.normal.r2.settle,Idle,1
2009,56844.4557,21.552,leaves.tier1.normal.r2.settle,Idle,1
2010,56867.6236,23.1679,leaves.tier1.normal.r2.settle,Idle,1
2011,56890.5698,22.9462,leaves.tier1.normal.r2.settle,Idle,1
2012,56912.9024,22.3326,leaves.tier1.normal.r2.settle,Idle,1
2013,56944.1887,31.2863,leaves.tier1.normal.r2.settle,Idle,1
2014,56965.7675,21.5786,leaves.tier1.normal.r2.settle,Idle,1
2015,56987.4533,21.686,leaves.tier1.normal.r2.settle,Idle,1
2016,57010.1044,22.651,leaves.tier1.normal.r2.settle,Idle,1
2017,57034.5665,24.4623,leaves.tier1.reduced.r2,Covering,1
2018,57064.7057,30.1391,leaves.tier1.reduced.r2,Covering,1
2019,57091.0285,26.3229,leaves.tier1.reduced.r2,Covering,1
2020,57119.7271,28.6984,leaves.tier1.reduced.r2,Covering,1
2021,57142.5335,22.8064,leaves.tier1.reduced.r2,Covering,1
2022,57168.1035,25.5701,leaves.tier1.reduced.r2,Covering,1
2023,57196.3659,28.2623,leaves.tier1.reduced.r2,CoveredLoading,1
2024,57210.6243,14.2584,leaves.tier1.reduced.r2,CoveredLoading,1
2025,57229.1394,18.5151,audit.snapshot.leaves.tier1.reduced.r2.covered,CoveredLoading,1
2026,57243.0971,13.9578,leaves.tier1.reduced.r2.hold,CoveredLoading,1
2027,57258.754,15.6569,leaves.tier1.reduced.r2.hold,CoveredLoading,1
2028,57273.1559,14.4019,leaves.tier1.reduced.r2.hold,CoveredLoading,1
2029,57289.0194,15.8635,leaves.tier1.reduced.r2.hold,CoveredLoading,1
2030,57307.0298,18.0103,leaves.tier1.reduced.r2.hold,CoveredLoading,1
2031,57324.3624,17.3327,leaves.tier1.reduced.r2.hold,CoveredLoading,1
2032,57342.7605,18.3981,leaves.tier1.reduced.r2.hold,CoveredLoading,1
2033,57355.8212,13.0605,leaves.tier1.reduced.r2.hold,CoveredLoading,1
2034,57373.216,17.3949,leaves.tier1.reduced.r2.hold,CoveredLoading,1
2035,57389.054,15.838,leaves.tier1.reduced.r2.hold,CoveredLoading,1
2036,57407.2305,18.1765,leaves.tier1.reduced.r2.hold,CoveredLoading,1
2037,57425.7977,18.5672,leaves.tier1.reduced.r2.hold,CoveredLoading,1
2038,57441.3021,15.5045,leaves.tier1.reduced.r2.hold,CoveredLoading,1
2039,57459.5491,18.2469,leaves.tier1.reduced.r2.hold,CoveredLoading,1
2040,57476.0678,16.5188,leaves.tier1.reduced.r2.hold,CoveredLoading,1
2041,57493.5287,17.4608,leaves.tier1.reduced.r2.hold,CoveredLoading,1
2042,57507.5092,13.9806,leaves.tier1.reduced.r2.hold,CoveredLoading,1
2043,57522.2268,14.7176,leaves.tier1.reduced.r2.hold,CoveredLoading,1
2044,57541.2522,19.0254,leaves.tier1.reduced.r2.hold,CoveredLoading,1
2045,57578.1107,36.8584,leaves.tier1.reduced.r2.reveal,Preparing,1
2046,57587.5249,9.4143,leaves.tier1.reduced.r2.reveal,Preparing,1
2047,57609.1928,21.6679,leaves.tier1.reduced.r2.reveal,Preparing,1
2048,57631.8252,22.6324,leaves.tier1.reduced.r2.reveal,Preparing,1
2049,57651.6258,19.8006,leaves.tier1.reduced.r2.reveal,Revealing,1
2050,57681.5642,29.9383,leaves.tier1.reduced.r2.reveal,Revealing,1
2051,57705.2015,23.6373,leaves.tier1.reduced.r2.reveal,Revealing,1
2052,57739.5918,34.3904,leaves.tier1.reduced.r2.reveal,Revealing,1
2053,57759.2596,19.6678,leaves.tier1.reduced.r2.reveal,Revealing,1
2054,57782.7426,23.483,leaves.tier1.reduced.r2.reveal,Revealing,1
2055,57805.1259,22.3832,leaves.tier1.reduced.r2.reveal,Revealing,1
2056,57832.201,27.0752,leaves.tier1.reduced.r2.reveal,Revealing,1
2057,57855.4703,23.2693,leaves.tier1.reduced.r2.reveal,Idle,1
2058,57886.6888,31.2185,leaves.tier1.reduced.r2.settle,Idle,1
2059,57907.178,20.4892,leaves.tier1.reduced.r2.settle,Idle,1
2060,57947.3789,40.2008,leaves.tier1.reduced.r2.settle,Idle,1
2061,57967.9576,20.5787,leaves.tier1.reduced.r2.settle,Idle,1
2062,57991.3198,23.3622,leaves.tier1.reduced.r2.settle,Idle,1
2063,58019.5126,28.1929,leaves.tier1.reduced.r2.settle,Idle,1
2064,58051.0625,31.5499,leaves.tier1.reduced.r2.settle,Idle,1
2065,58079.0464,27.9839,leaves.tier1.reduced.r2.settle,Idle,1
2066,58110.9601,31.9137,leaves.tier1.reduced.r2.settle,Idle,1
2067,58135.9502,24.99,leaves.tier1.reduced.r2.settle,Idle,1
2068,58161.1006,25.1505,leaves.tier1.reduced.r2.settle,Idle,1
2069,58189.9585,28.8579,leaves.tier1.reduced.r2.settle,Idle,1
2070,58218.562,28.6034,leaves.tier1.reduced.r2.settle,Idle,1
2071,58250.0967,31.5346,leaves.tier1.reduced.r2.settle,Idle,1
2072,58280.0338,29.9372,leaves.tier1.reduced.r2.settle,Idle,1
2073,58306.0638,26.03,route.tier1.menu-camp,Covering,1
2074,58355.7006,49.6369,route.tier1.menu-camp,Covering,1
2075,58393.4041,37.7035,route.tier1.menu-camp,Covering,1
2076,58419.0793,25.6751,route.tier1.menu-camp,Covering,1
2077,58452.346,33.2668,route.tier1.menu-camp,Covering,1
2078,58478.2891,25.9431,route.tier1.menu-camp,Covering,1
2079,58507.0584,28.7692,route.tier1.menu-camp,Covering,1
2080,58539.631,32.5727,route.tier1.menu-camp,Covering,1
2081,58569.399,29.768,route.tier1.menu-camp,Covering,1
2082,58603.8906,34.4915,route.tier1.menu-camp,Covering,1
2083,58641.936,38.0454,route.tier1.menu-camp,Covering,1
2084,58668.0903,26.1544,route.tier1.menu-camp,Covering,1
2085,58699.3649,31.2746,route.tier1.menu-camp,Covering,1
2086,58733.3922,34.0272,route.tier1.menu-camp,Covering,1
2087,58766.2535,32.8614,route.tier1.menu-camp,Covering,1
2088,58799.7544,33.5008,route.tier1.menu-camp,Covering,1
2089,58831.3102,31.5559,route.tier1.menu-camp,Covering,1
2090,58852.1804,20.8702,route.tier1.menu-camp,Covering,1
2091,58878.4043,26.2239,route.tier1.menu-camp,Covering,1
2092,58899.4608,21.0565,route.tier1.menu-camp,Covering,1
2093,58930.6087,31.1479,route.tier1.menu-camp,Covering,1
2094,58954.0781,23.4693,route.tier1.menu-camp,Covering,1
2095,58978.1444,24.0664,route.tier1.menu-camp,Covering,1
2096,59005.365,27.2206,route.tier1.menu-camp,Covering,1
2097,59033.4885,28.1234,route.tier1.menu-camp,Covering,1
2098,59066.2223,32.7339,route.tier1.menu-camp,Covering,1
2099,59095.0545,28.8322,route.tier1.menu-camp,Covering,1
2100,59123.151,28.0966,route.tier1.menu-camp,Covering,1
2101,59160.5875,37.4364,route.tier1.menu-camp,Covering,1
2102,59191.2139,30.6264,route.tier1.menu-camp,Covering,1
2103,59222.9342,31.7203,route.tier1.menu-camp,Covering,1
2104,59254.2872,31.353,route.tier1.menu-camp,Covering,1
2105,59287.5032,33.2159,route.tier1.menu-camp,Covering,1
2106,59318.9161,31.4128,route.tier1.menu-camp,Covering,1
2107,59351.3899,32.474,route.tier1.menu-camp,Covering,1
2108,59385.8393,34.4494,route.tier1.menu-camp,Covering,1
2109,59418.1423,32.3029,route.tier1.menu-camp,Covering,1
2110,59452.0389,33.8967,route.tier1.menu-camp,Covering,1
2111,59491.1795,39.1407,route.tier1.menu-camp,Covering,1
2112,59516.8624,25.6828,route.tier1.menu-camp,Covering,1
2113,59547.5869,30.7245,route.tier1.menu-camp,Covering,1
2114,59579.8641,32.2772,route.tier1.menu-camp,Covering,1
2115,59612.4402,32.576,route.tier1.menu-camp,Covering,1
2116,59642.7715,30.3313,route.tier1.menu-camp,Covering,1
2117,59667.4699,24.6984,route.tier1.menu-camp,Covering,1
2118,59696.8704,29.4005,route.tier1.menu-camp,Covering,1
2119,59729.2245,32.3542,route.tier1.menu-camp,Covering,1
2120,59768.638,39.4135,route.tier1.menu-camp,Covering,1
2121,59799.4726,30.8345,route.tier1.menu-camp,Covering,1
2122,59830.7233,31.2506,route.tier1.menu-camp,Covering,1
2123,59860.0021,29.2789,route.tier1.menu-camp,Covering,1
2124,59891.6424,31.6404,route.tier1.menu-camp,Covering,1
2125,59923.2601,31.6176,route.tier1.menu-camp,CoveredLoading,1
2126,59937.0563,13.7963,route.tier1.menu-camp,CoveredLoading,1
2127,59993.3114,56.2551,route.tier1.menu-camp,CoveredLoading,1
2128,60098.7833,105.4716,route.tier1.menu-camp,CoveredLoading,1
2129,60147.7131,48.9301,route.tier1.menu-camp,CoveredLoading,1
2130,60230.1846,82.4715,route.tier1.menu-camp,CoveredLoading,1
2131,60243.6209,13.4362,route.tier1.menu-camp,CoveredLoading,1
2132,60348.6473,105.0266,route.tier1.menu-camp,CoveredLoading,1
2133,60375.6033,26.9559,route.tier1.menu-camp,CoveredLoading,1
2134,60408.518,32.9147,route.tier1.menu-camp,CoveredLoading,1
2135,60431.9983,23.4803,route.tier1.menu-camp,CoveredLoading,1
2136,60460.1325,28.1341,route.tier1.menu-camp,CoveredLoading,1
2137,60490.5238,30.3914,route.tier1.menu-camp,CoveredLoading,1
2138,60548.931,58.4068,route.tier1.menu-camp,CoveredLoading,1
2139,60563.3166,14.386,route.tier1.menu-camp,CoveredLoading,1
2140,60590.2147,26.8981,route.tier1.menu-camp,CoveredLoading,1
2141,60618.0642,27.8495,route.tier1.menu-camp,CoveredLoading,1
2142,60650.7956,32.7315,route.tier1.menu-camp,CoveredLoading,1
2143,60684.3204,33.5246,route.tier1.menu-camp,CoveredLoading,1
2144,60722.0276,37.7073,route.tier1.menu-camp,CoveredLoading,1
2145,60752.3125,30.2849,route.tier1.menu-camp,CoveredLoading,1
2146,60789.9902,37.6777,route.tier1.menu-camp,CoveredLoading,1
2147,60830.5858,40.5956,route.tier1.menu-camp,Preparing,1
2148,60866.9368,36.3509,route.tier1.menu-camp,Preparing,1
2149,60899.6939,32.7572,route.tier1.menu-camp,Preparing,1
2150,60933.3647,33.6708,route.tier1.menu-camp,Preparing,1
2151,60975.1273,41.7626,route.tier1.menu-camp,Preparing,1
2152,61012.0715,36.9442,route.tier1.menu-camp,Preparing,1
2153,61044.4329,32.3613,route.tier1.menu-camp,Preparing,1
2154,61079.3867,34.9539,route.tier1.menu-camp,Revealing,1
2155,61111.9077,32.521,route.tier1.menu-camp,Revealing,1
2156,61144.2552,32.3475,route.tier1.menu-camp,Revealing,1
2157,61179.7163,35.4611,route.tier1.menu-camp,Revealing,1
2158,61218.3001,38.5836,route.tier1.menu-camp,Revealing,1
2159,61247.8224,29.5224,route.tier1.menu-camp,Revealing,1
2160,61280.8904,33.0679,route.tier1.menu-camp,Revealing,1
2161,61313.92,33.0298,route.tier1.menu-camp,Revealing,1
2162,61346.8909,32.9709,route.tier1.menu-camp,Revealing,1
2163,61380.004,33.1131,route.tier1.menu-camp,Revealing,1
2164,61412.8311,32.8268,route.tier1.menu-camp,Revealing,1
2165,61443.9849,31.1541,route.tier1.menu-camp,Revealing,1
2166,61476.2076,32.2227,route.tier1.menu-camp,Revealing,1
2167,61510.7955,34.5875,route.tier1.menu-camp,Revealing,1
2168,61546.4518,35.6567,route.tier1.menu-camp,Revealing,1
2169,61581.2409,34.789,route.tier1.menu-camp,Revealing,1
2170,61614.2402,32.9994,route.tier1.menu-camp,Revealing,1
2171,61647.3218,33.0816,route.tier1.menu-camp,Revealing,1
2172,61680.0141,32.6922,route.tier1.menu-camp,Revealing,1
2173,61712.6158,32.6018,route.tier1.menu-camp,Revealing,1
2174,61743.7604,31.1445,route.tier1.menu-camp,Revealing,1
2175,61774.7654,31.0051,route.tier1.menu-camp,Revealing,1
2176,61801.5871,26.8216,route.tier1.menu-camp,Revealing,1
2177,61831.6358,30.0488,route.tier1.menu-camp,Revealing,1
2178,61857.1643,25.5285,route.tier1.menu-camp,Revealing,1
2179,61881.6573,24.4927,route.tier1.menu-camp,Revealing,1
2180,61910.9571,29.3001,route.tier1.menu-camp,Revealing,1
2181,61947.8265,36.8693,route.tier1.menu-camp,Revealing,1
2182,61971.295,23.4686,route.tier1.menu-camp,Revealing,1
2183,62000.072,28.777,route.tier1.menu-camp,Revealing,1
2184,62034.0016,33.9296,route.tier1.menu-camp,Revealing,1
2185,62067.2926,33.291,route.tier1.menu-camp,Revealing,1
2186,62102.0018,34.7092,route.tier1.menu-camp,Revealing,1
2187,62134.4004,32.3985,route.tier1.menu-camp,Revealing,1
2188,62161.6373,27.2369,route.tier1.menu-camp,Revealing,1
2189,62195.995,34.3578,route.tier1.menu-camp,Revealing,1
2190,62231.4272,35.4322,route.tier1.menu-camp,Revealing,1
2191,62266.4762,35.0489,route.tier1.menu-camp,Revealing,1
2192,62299.0306,32.5545,route.tier1.menu-camp,Revealing,1
2193,62323.5918,24.5612,route.tier1.menu-camp,Revealing,1
2194,62356.9007,33.3089,route.tier1.menu-camp,Revealing,1
2195,62389.8085,32.9078,route.tier1.menu-camp,Revealing,1
2196,62423.0858,33.2773,route.tier1.menu-camp,Revealing,1
2197,62456.3695,33.2837,route.tier1.menu-camp,Revealing,1
2198,62484.1133,27.7439,route.tier1.menu-camp,Idle,1
2199,62519.8389,35.7255,audit.snapshot.route.tier1.menu-camp.ready,Idle,1
2200,62550.9115,31.0725,audit.snapshot.route.tier1.menu-camp.ready,Idle,1
2201,62583.8803,32.9689,audit.snapshot.route.tier1.menu-camp.ready,Idle,1
2202,62616.7016,32.8214,audit.snapshot.route.tier1.menu-camp.ready,Idle,1
2203,62642.976,26.2743,audit.snapshot.route.tier1.menu-camp.ready,Idle,1
2204,62674.0295,31.0535,audit.snapshot.route.tier1.menu-camp.ready,Idle,1
2205,62701.573,27.5435,audit.snapshot.route.tier1.menu-camp.ready,Idle,1
2206,62734.0686,32.4955,audit.snapshot.route.tier1.menu-camp.ready,Idle,1
2207,62766.7788,32.7103,audit.snapshot.route.tier1.menu-camp.ready,Idle,1
2208,62795.7765,28.9977,audit.snapshot.route.tier1.menu-camp.ready,Idle,1
2209,62818.3085,22.5319,audit.snapshot.route.tier1.menu-camp.ready,Idle,1
2210,62844.4369,26.1285,audit.snapshot.route.tier1.menu-camp.ready,Idle,1
2211,62867.4933,23.0564,audit.snapshot.route.tier1.menu-camp.ready,Idle,1
2212,62895.0313,27.538,audit.snapshot.route.tier1.menu-camp.ready,Idle,1
2213,62927.3354,32.304,audit.snapshot.route.tier1.menu-camp.ready,Idle,1
2214,62950.1462,22.8095,audit.snapshot.route.tier1.menu-camp.ready,Idle,1
2215,62975.8043,25.6594,audit.snapshot.route.tier1.menu-camp.ready,Idle,1
2216,62999.9952,24.1909,audit.snapshot.route.tier1.menu-camp.ready,Idle,1
2217,63032.3623,32.3672,audit.snapshot.route.tier1.menu-camp.ready,Idle,1
2218,63056.1138,23.7515,audit.snapshot.route.tier1.menu-camp.ready,Idle,1
2219,63078.5209,22.4071,audit.snapshot.route.tier1.menu-camp.ready,Idle,1
2220,63102.0724,23.5515,audit.snapshot.route.tier1.menu-camp.ready,Idle,1
2221,63130.406,28.3334,audit.snapshot.route.tier1.menu-camp.ready,Idle,1
2222,63163.302,32.8962,audit.snapshot.route.tier1.menu-camp.ready,Idle,1
2223,63182.9602,19.6582,audit.snapshot.route.tier1.menu-camp.ready,Idle,1
2224,63209.2515,26.2912,audit.snapshot.route.tier1.menu-camp.ready,Idle,1
2225,63233.354,24.1026,audit.snapshot.route.tier1.menu-camp.ready,Idle,1
2226,63256.9217,23.5677,audit.snapshot.route.tier1.menu-camp.ready,Idle,1
2227,63281.5895,24.6678,audit.snapshot.route.tier1.menu-camp.ready,Idle,1
2228,63307.0346,25.4451,audit.snapshot.route.tier1.menu-camp.ready,Idle,1
2229,63331.2866,24.2519,camp.summer.tier1.empty,Idle,1
2230,63351.3525,20.066,camp.summer.tier1.empty,Idle,1
2231,63377.4705,26.118,camp.summer.tier1.empty,Idle,1
2232,63409.47,31.9995,camp.summer.tier1.empty,Idle,1
2233,63431.634,22.164,camp.summer.tier1.empty,Idle,1
2234,63452.6487,21.0147,camp.summer.tier1.empty,Idle,1
2235,63478.0846,25.4359,camp.summer.tier1.empty,Idle,1
2236,63501.9785,23.8938,camp.summer.tier1.empty,Idle,1
2237,63527.7719,25.7935,camp.summer.tier1.empty,Idle,1
2238,63549.6824,21.9104,camp.summer.tier1.empty,Idle,1
2239,63575.6326,25.9503,camp.summer.tier1.empty,Idle,1
2240,63599.5578,23.9252,camp.summer.tier1.empty,Idle,1
2241,63623.2181,23.6603,camp.summer.tier1.empty,Idle,1
2242,63647.663,24.4448,camp.summer.tier1.empty,Idle,1
2243,63673.5064,25.8436,camp.summer.tier1.empty,Idle,1
2244,63697.2443,23.7378,camp.summer.tier1.empty,Idle,1
2245,63717.9525,20.7081,camp.summer.tier1.empty,Idle,1
2246,63750.8366,32.8842,camp.summer.tier1.empty,Idle,1
2247,63777.1006,26.2639,camp.summer.tier1.empty,Idle,1
2248,63800.5512,23.4507,camp.summer.tier1.empty,Idle,1
2249,63824.5061,23.9549,camp.summer.tier1.empty,Idle,1
2250,63848.7747,24.2686,camp.summer.tier1.empty,Idle,1
2251,63874.4144,25.6396,camp.summer.tier1.empty,Idle,1
2252,63898.8258,24.4114,camp.summer.tier1.empty,Idle,1
2253,63922.733,23.9073,camp.summer.tier1.empty,Idle,1
2254,63945.2281,22.4951,camp.summer.tier1.empty,Idle,1
2255,63969.083,23.8548,camp.summer.tier1.empty,Idle,1
2256,63997.2097,28.1268,camp.summer.tier1.empty,Idle,1
2257,64017.1483,19.9386,camp.summer.tier1.empty,Idle,1
2258,64043.5886,26.4403,camp.summer.tier1.empty,Idle,1
2259,64067.0194,23.4308,camp.summer.tier1.empty,Idle,1
2260,64090.6709,23.6515,camp.summer.tier1.empty,Idle,1
2261,64115.0811,24.4101,camp.summer.tier1.empty,Idle,1
2262,64140.8546,25.7736,camp.summer.tier1.empty,Idle,1
2263,64165.3653,24.5106,camp.summer.tier1.empty,Idle,1
2264,64185.8136,20.4484,camp.summer.tier1.empty,Idle,1
2265,64211.2639,25.4504,camp.summer.tier1.empty,Idle,1
2266,64234.5523,23.2882,camp.summer.tier1.empty,Idle,1
2267,64260.6905,26.1381,camp.summer.tier1.empty,Idle,1
2268,64282.5435,21.8532,camp.summer.tier1.empty,Idle,1
2269,64309.0456,26.5021,camp.summer.tier1.empty,Idle,1
2270,64334.801,25.7554,camp.summer.tier1.empty,Idle,1
2271,64365.6076,30.8066,camp.summer.tier1.empty,Idle,1
2272,64389.507,23.8994,camp.summer.tier1.empty,Idle,1
2273,64412.0859,22.5789,camp.summer.tier1.empty,Idle,1
2274,64435.8404,23.7545,camp.summer.tier1.empty,Idle,1
2275,64463.5193,27.6789,camp.summer.tier1.empty,Idle,1
2276,64483.9855,20.466,camp.summer.tier1.empty,Idle,1
2277,64510.4444,26.4591,camp.summer.tier1.empty,Idle,1
2278,64533.6235,23.1791,camp.summer.tier1.empty,Idle,1
2279,64557.3539,23.7304,camp.summer.tier1.empty,Idle,1
2280,64581.6045,24.2506,camp.summer.tier1.empty,Idle,1
2281,64607.3943,25.7898,camp.summer.tier1.empty,Idle,1
2282,64631.6535,24.2592,camp.summer.tier1.empty,Idle,1
2283,64655.4435,23.79,camp.summer.tier1.empty,Idle,1
2284,64678.3538,22.9103,camp.summer.tier1.empty,Idle,1
2285,64702.0841,23.7303,camp.summer.tier1.empty,Idle,1
2286,64731.5293,29.4452,camp.summer.tier1.empty,Idle,1
2287,64761.1387,29.6093,camp.summer.tier1.empty,Idle,1
2288,64783.0615,21.9228,camp.summer.tier1.empty,Idle,1
2289,64809.1774,26.116,camp.summer.tier1.empty,Idle,1
2290,64833.5228,24.3454,camp.summer.tier1.empty,Idle,1
2291,64857.0098,23.487,camp.summer.tier1.empty,Idle,1
2292,64881.776,24.7662,camp.summer.tier1.empty,Idle,1
2293,64907.7453,25.9691,camp.summer.tier1.empty,Idle,1
2294,64932.0704,24.3253,camp.summer.tier1.empty,Idle,1
2295,64956.0623,23.9919,camp.summer.tier1.empty,Idle,1
2296,64978.5438,22.4815,camp.summer.tier1.empty,Idle,1
2297,64999.5285,20.9847,camp.summer.tier1.empty,Idle,1
2298,65032.6185,33.09,camp.summer.tier1.empty,Idle,1
2299,65061.6018,28.9833,camp.summer.tier1.empty,Idle,1
2300,65083.7907,22.1889,camp.summer.tier1.empty,Idle,1
2301,65110.1696,26.3789,camp.summer.tier1.empty,Idle,1
2302,65133.9578,23.7882,camp.summer.tier1.empty,Idle,1
2303,65157.8091,23.8513,camp.summer.tier1.empty,Idle,1
2304,65181.7009,23.8918,camp.summer.tier1.empty,Idle,1
2305,65207.5097,25.8088,camp.summer.tier1.empty,Idle,1
2306,65232.1005,24.5908,camp.summer.tier1.empty,Idle,1
2307,65255.3608,23.2602,camp.summer.tier1.empty,Idle,1
2308,65278.5491,23.1883,camp.summer.tier1.empty,Idle,1
2309,65302.3992,23.8503,camp.summer.tier1.empty,Idle,1
2310,65328.6438,26.2445,camp.summer.tier1.empty,Idle,1
2311,65350.7216,22.0778,camp.summer.tier1.empty,Idle,1
2312,65376.9879,26.2663,camp.summer.tier1.empty,Idle,1
2313,65400.3288,23.3409,camp.summer.tier1.empty,Idle,1
2314,65426.5597,26.2309,camp.summer.tier1.empty,Idle,1
2315,65448.6212,22.0615,camp.summer.tier1.empty,Idle,1
2316,65474.2151,25.594,camp.summer.tier1.empty,Idle,1
2317,65498.7702,24.555,camp.summer.tier1.empty,Idle,1
2318,65519.2948,20.5246,camp.summer.tier1.empty,Idle,1
2319,65544.6883,25.3935,camp.summer.tier1.empty,Idle,1
2320,65568.5373,23.849,camp.summer.tier1.empty,Idle,1
2321,65594.6959,26.1585,camp.summer.tier1.empty,Idle,1
2322,65615.7807,21.0849,camp.summer.tier1.empty,Idle,1
2323,65650.0651,34.2844,camp.summer.tier1.empty,Idle,1
2324,65682.97,32.9049,camp.summer.tier1.empty,Idle,1
2325,65715.5345,32.5645,camp.summer.tier1.empty,Idle,1
2326,65748.1648,32.6303,camp.summer.tier1.empty,Idle,1
2327,65777.4192,29.2544,camp.summer.tier1.empty,Idle,1
2328,65810.5474,33.1281,camp.summer.tier1.empty,Idle,1
2329,65839.8309,29.2836,camp.summer.tier1.empty,Idle,1
2330,65869.6134,29.7825,camp.summer.tier1.empty,Idle,1
2331,65901.9237,32.3102,camp.summer.tier1.empty,Idle,1
2332,65933.1255,31.2019,camp.summer.tier1.empty,Idle,1
2333,65957.0486,23.9231,camp.summer.tier1.empty,Idle,1
2334,65986.7214,29.6728,camp.summer.tier1.empty,Idle,1
2335,66018.5563,31.8349,camp.summer.tier1.empty,Idle,1
2336,66051.6648,33.1085,camp.summer.tier1.empty,Idle,1
2337,66077.7698,26.105,camp.summer.tier1.empty,Idle,1
2338,66101.1185,23.3484,camp.summer.tier1.empty,Idle,1
2339,66126.854,25.7358,camp.summer.tier1.empty,Idle,1
2340,66149.4225,22.5684,camp.summer.tier1.empty,Idle,1
2341,66174.6397,25.2173,camp.summer.tier1.empty,Idle,1
2342,66198.633,23.9933,camp.summer.tier1.empty,Idle,1
2343,66222.655,24.022,camp.summer.tier1.empty,Idle,1
2344,66255.3231,32.6681,camp.summer.tier1.empty,Idle,1
2345,66278.2862,22.9631,camp.summer.tier1.empty,Idle,1
2346,66302.151,23.8648,camp.summer.tier1.empty,Idle,1
2347,66328.3241,26.1729,camp.summer.tier1.empty,Idle,1
2348,66350.5794,22.2554,camp.summer.tier1.empty,Idle,1
2349,66424.8097,74.2304,audit.snapshot.camp.summer.tier1.empty,Idle,1
2350,66445.0294,20.2196,audit.snapshot.camp.summer.tier1.empty,Idle,1
2351,66473.1567,28.1272,audit.snapshot.camp.summer.tier1.empty,Idle,1
2352,66502.4367,29.2801,audit.snapshot.camp.summer.tier1.empty,Idle,1
2353,66527.2388,24.8022,audit.snapshot.camp.summer.tier1.empty,Idle,1
2354,66549.684,22.4452,audit.snapshot.camp.summer.tier1.empty,Idle,1
2355,66575.9188,26.2348,audit.snapshot.camp.summer.tier1.empty,Idle,1
2356,66600.1294,24.2106,audit.snapshot.camp.summer.tier1.empty,Idle,1
2357,66628.6707,28.5413,audit.snapshot.camp.summer.tier1.empty,Idle,1
2358,66656.9611,28.2904,audit.snapshot.camp.summer.tier1.empty,Idle,1
2359,66681.7987,24.8376,audit.snapshot.camp.summer.tier1.empty,Idle,1
2360,66707.6034,25.8047,audit.snapshot.camp.summer.tier1.empty,Idle,1
2361,66732.3275,24.7241,audit.snapshot.camp.summer.tier1.empty,Idle,1
2362,66756.4401,24.1124,audit.snapshot.camp.summer.tier1.empty,Idle,1
2363,66781.1806,24.7406,audit.snapshot.camp.summer.tier1.empty,Idle,1
2364,66807.3187,26.1307,audit.snapshot.camp.summer.tier1.empty,Idle,1
2365,66831.1329,23.8217,audit.snapshot.camp.summer.tier1.empty,Idle,1
2366,66855.3707,24.2379,audit.snapshot.camp.summer.tier1.empty,Idle,1
2367,66878.2355,22.8647,audit.snapshot.camp.summer.tier1.empty,Idle,1
2368,66909.1892,30.9537,audit.snapshot.camp.summer.tier1.empty,Idle,1
2369,66934.9325,25.7433,audit.snapshot.camp.summer.tier1.empty,Idle,1
2370,66960.958,26.0255,audit.snapshot.camp.summer.tier1.empty,Idle,1
2371,66983.1815,22.2235,audit.snapshot.camp.summer.tier1.empty,Idle,1
2372,67009.9664,26.7849,audit.snapshot.camp.summer.tier1.empty,Idle,1
2373,67036.2805,26.3139,audit.snapshot.camp.summer.tier1.empty,Idle,1
2374,67067.0185,30.7382,audit.snapshot.camp.summer.tier1.empty,Idle,1
2375,67089.8769,22.8584,audit.snapshot.camp.summer.tier1.empty,Idle,1
2376,67115.5554,25.6785,audit.snapshot.camp.summer.tier1.empty,Idle,1
2377,67141.6882,26.1327,audit.snapshot.camp.summer.tier1.empty,Idle,1
2378,67168.1757,26.4876,audit.snapshot.camp.summer.tier1.empty,Idle,1
2379,67199.5895,31.4138,camp.summer.tier1.solved,Idle,1
2380,67231.8849,32.2953,camp.summer.tier1.solved,Idle,1
2381,67249.6549,17.7701,camp.summer.tier1.solved,Idle,1
2382,67283.4126,33.7577,camp.summer.tier1.solved,Idle,1
2383,67309.3624,25.9498,camp.summer.tier1.solved,Idle,1
2384,67333.544,24.1815,camp.summer.tier1.solved,Idle,1
2385,67360.0994,26.5554,camp.summer.tier1.solved,Idle,1
2386,67382.5048,22.4055,camp.summer.tier1.solved,Idle,1
2387,67409.3672,26.8625,camp.summer.tier1.solved,Idle,1
2388,67433.5034,24.136,camp.summer.tier1.solved,Idle,1
2389,67460.0024,26.4991,camp.summer.tier1.solved,Idle,1
2390,67482.4689,22.4665,camp.summer.tier1.solved,Idle,1
2391,67515.6177,33.1486,camp.summer.tier1.solved,Idle,1
2392,67541.8081,26.1904,camp.summer.tier1.solved,Idle,1
2393,67568.9853,27.1774,camp.summer.tier1.solved,Idle,1
2394,67599.9961,31.0108,camp.summer.tier1.solved,Idle,1
2395,67624.0992,24.1031,camp.summer.tier1.solved,Idle,1
2396,67648.6884,24.5892,camp.summer.tier1.solved,Idle,1
2397,67674.5079,25.8192,camp.summer.tier1.solved,Idle,1
2398,67698.8997,24.3921,camp.summer.tier1.solved,Idle,1
2399,67723.3452,24.4455,camp.summer.tier1.solved,Idle,1
2400,67745.7052,22.36,camp.summer.tier1.solved,Idle,1
2401,67773.3596,27.6544,camp.summer.tier1.solved,Idle,1
2402,67797.7699,24.4103,camp.summer.tier1.solved,Idle,1
2403,67831.096,33.3262,camp.summer.tier1.solved,Idle,1
2404,67851.943,20.8469,camp.summer.tier1.solved,Idle,1
2405,67878.354,26.4111,camp.summer.tier1.solved,Idle,1
2406,67902.3078,23.9537,camp.summer.tier1.solved,Idle,1
2407,67930.304,27.996,camp.summer.tier1.solved,Idle,1
2408,67951.1468,20.843,camp.summer.tier1.solved,Idle,1
2409,67984.9544,33.8076,camp.summer.tier1.solved,Idle,1
2410,68011.1143,26.1598,camp.summer.tier1.solved,Idle,1
2411,68034.7548,23.6406,camp.summer.tier1.solved,Idle,1
2412,68061.3546,26.5998,camp.summer.tier1.solved,Idle,1
2413,68094.2006,32.846,camp.summer.tier1.solved,Idle,1
2414,68116.5701,22.3692,camp.summer.tier1.solved,Idle,1
2415,68149.8105,33.2407,camp.summer.tier1.solved,Idle,1
2416,68176.231,26.4205,camp.summer.tier1.solved,Idle,1
2417,68200.3704,24.1393,camp.summer.tier1.solved,Idle,1
2418,68224.1641,23.7937,camp.summer.tier1.solved,Idle,1
2419,68248.6937,24.5297,camp.summer.tier1.solved,Idle,1
2420,68274.729,26.0353,camp.summer.tier1.solved,Idle,1
2421,68299.0385,24.3095,camp.summer.tier1.solved,Idle,1
2422,68323.0051,23.9666,camp.summer.tier1.solved,Idle,1
2423,68345.7812,22.7761,camp.summer.tier1.solved,Idle,1
2424,68373.788,28.0067,camp.summer.tier1.solved,Idle,1
2425,68397.7678,23.9799,camp.summer.tier1.solved,Idle,1
2426,68418.2135,20.4455,camp.summer.tier1.solved,Idle,1
2427,68444.5903,26.377,camp.summer.tier1.solved,Idle,1
2428,68469.1225,24.5322,camp.summer.tier1.solved,Idle,1
2429,68496.7521,27.6296,camp.summer.tier1.solved,Idle,1
2430,68517.6879,20.9356,camp.summer.tier1.solved,Idle,1
2431,68542.3968,24.7091,camp.summer.tier1.solved,Idle,1
2432,68567.9186,25.5216,camp.summer.tier1.solved,Idle,1
2433,68594.0481,26.1297,camp.summer.tier1.solved,Idle,1
2434,68616.3914,22.3432,camp.summer.tier1.solved,Idle,1
2435,68646.5194,30.128,camp.summer.tier1.solved,Idle,1
2436,68669.3753,22.8559,camp.summer.tier1.solved,Idle,1
2437,68693.7814,24.4061,camp.summer.tier1.solved,Idle,1
2438,68717.9287,24.1474,camp.summer.tier1.solved,Idle,1
2439,68750.2516,32.3229,camp.summer.tier1.solved,Idle,1
2440,68783.2771,33.0255,camp.summer.tier1.solved,Idle,1
2441,68809.8024,26.5252,camp.summer.tier1.solved,Idle,1
2442,68833.9348,24.1325,camp.summer.tier1.solved,Idle,1
2443,68860.3845,26.4496,camp.summer.tier1.solved,Idle,1
2444,68882.5321,22.1477,camp.summer.tier1.solved,Idle,1
2445,68908.9162,26.3841,camp.summer.tier1.solved,Idle,1
2446,68935.2897,26.3735,camp.summer.tier1.solved,Idle,1
2447,68966.4541,31.1643,camp.summer.tier1.solved,Idle,1
2448,68990.3141,23.8601,camp.summer.tier1.solved,Idle,1
2449,69015.5671,25.2529,camp.summer.tier1.solved,Idle,1
2450,69041.4815,25.9143,camp.summer.tier1.solved,Idle,1
2451,69065.3382,23.8569,camp.summer.tier1.solved,Idle,1
2452,69089.4177,24.0795,camp.summer.tier1.solved,Idle,1
2453,69114.3717,24.954,camp.summer.tier1.solved,Idle,1
2454,69138.162,23.7903,camp.summer.tier1.solved,Idle,1
2455,69167.0573,28.8953,camp.summer.tier1.solved,Idle,1
2456,69197.8135,30.7562,camp.summer.tier1.solved,Idle,1
2457,69221.5614,23.7479,camp.summer.tier1.solved,Idle,1
2458,69246.9471,25.3857,camp.summer.tier1.solved,Idle,1
2459,69275.7118,28.7647,camp.summer.tier1.solved,Idle,1
2460,69306.7103,30.9985,camp.summer.tier1.solved,Idle,1
2461,69334.3782,27.6679,camp.summer.tier1.solved,Idle,1
2462,69360.3202,25.942,camp.summer.tier1.solved,Idle,1
2463,69382.6244,22.3042,camp.summer.tier1.solved,Idle,1
2464,69414.3422,31.7178,camp.summer.tier1.solved,Idle,1
2465,69442.1527,27.8105,camp.summer.tier1.solved,Idle,1
2466,69466.6379,24.4852,camp.summer.tier1.solved,Idle,1
2467,69493.0453,26.4074,camp.summer.tier1.solved,Idle,1
2468,69523.2058,30.1605,camp.summer.tier1.solved,Idle,1
2469,69546.276,23.0701,camp.summer.tier1.solved,Idle,1
2470,69573.9093,27.6334,camp.summer.tier1.solved,Idle,1
2471,69598.4206,24.5111,camp.summer.tier1.solved,Idle,1
2472,69623.6961,25.2756,camp.summer.tier1.solved,Idle,1
2473,69656.5718,32.8758,camp.summer.tier1.solved,Idle,1
2474,69685.4302,28.8584,camp.summer.tier1.solved,Idle,1
2475,69718.2578,32.8276,camp.summer.tier1.solved,Idle,1
2476,69750.6044,32.3466,camp.summer.tier1.solved,Idle,1
2477,69783.3803,32.7758,camp.summer.tier1.solved,Idle,1
2478,69815.3564,31.9761,camp.summer.tier1.solved,Idle,1
2479,69848.1561,32.7998,camp.summer.tier1.solved,Idle,1
2480,69882.838,34.6819,camp.summer.tier1.solved,Idle,1
2481,69915.3951,32.5571,camp.summer.tier1.solved,Idle,1
2482,69939.5259,24.1307,camp.summer.tier1.solved,Idle,1
2483,69967.6422,28.1164,camp.summer.tier1.solved,Idle,1
2484,70000.2432,32.601,camp.summer.tier1.solved,Idle,1
2485,70033.3056,33.0623,camp.summer.tier1.solved,Idle,1
2486,70064.8801,31.5746,camp.summer.tier1.solved,Idle,1
2487,70087.9968,23.1166,camp.summer.tier1.solved,Idle,1
2488,70118.6642,30.6675,camp.summer.tier1.solved,Idle,1
2489,70144.9608,26.2966,camp.summer.tier1.solved,Idle,1
2490,70169.1194,24.1585,camp.summer.tier1.solved,Idle,1
2491,70196.9446,27.8253,camp.summer.tier1.solved,Idle,1
2492,70217.6029,20.6584,camp.summer.tier1.solved,Idle,1
2493,70243.6325,26.0294,camp.summer.tier1.solved,Idle,1
2494,70267.5303,23.8979,camp.summer.tier1.solved,Idle,1
2495,70294.2881,26.7578,camp.summer.tier1.solved,Idle,1
2496,70316.2471,21.959,camp.summer.tier1.solved,Idle,1
2497,70347.7244,31.4774,camp.summer.tier1.solved,Idle,1
2498,70375.9272,28.2027,camp.summer.tier1.solved,Idle,1
2499,70404.683,28.7558,route.tier1.camp-menu,Covering,1
2500,70457.6902,53.0072,route.tier1.camp-menu,Covering,1
2501,70481.0116,23.3213,route.tier1.camp-menu,Covering,1
2502,70511.1253,30.1138,route.tier1.camp-menu,Covering,1
2503,70542.3233,31.1978,route.tier1.camp-menu,Covering,1
2504,70568.0697,25.7466,route.tier1.camp-menu,Covering,1
2505,70595.7334,27.6637,route.tier1.camp-menu,Covering,1
2506,70631.5591,35.8257,route.tier1.camp-menu,Covering,1
2507,70660.3789,28.8197,route.tier1.camp-menu,Covering,1
2508,70687.2612,26.8823,route.tier1.camp-menu,Covering,1
2509,70720.4485,33.1873,route.tier1.camp-menu,Covering,1
2510,70754.658,34.2096,route.tier1.camp-menu,Covering,1
2511,70782.3292,27.6712,route.tier1.camp-menu,Covering,1
2512,70809.6563,27.3271,route.tier1.camp-menu,Covering,1
2513,70834.8429,25.1865,route.tier1.camp-menu,Covering,1
2514,70862.6486,27.8058,route.tier1.camp-menu,Covering,1
2515,70889.5727,26.9241,route.tier1.camp-menu,Covering,1
2516,70923.3548,33.7821,route.tier1.camp-menu,Covering,1
2517,70949.916,26.5613,route.tier1.camp-menu,Covering,1
2518,70977.0043,27.0882,route.tier1.camp-menu,Covering,1
2519,71009.1013,32.0968,route.tier1.camp-menu,Covering,1
2520,71039.7163,30.6152,route.tier1.camp-menu,Covering,1
2521,71064.8124,25.0962,route.tier1.camp-menu,Covering,1
2522,71090.2693,25.4567,route.tier1.camp-menu,Covering,1
2523,71127.3688,37.0996,route.tier1.camp-menu,Covering,1
2524,71152.1166,24.7478,route.tier1.camp-menu,Covering,1
2525,71183.2663,31.1497,route.tier1.camp-menu,Covering,1
2526,71214.0222,30.7559,route.tier1.camp-menu,Covering,1
2527,71246.6296,32.6074,route.tier1.camp-menu,Covering,1
2528,71287.6422,41.0126,route.tier1.camp-menu,Covering,1
2529,71320.9519,33.3095,route.tier1.camp-menu,Covering,1
2530,71355.6271,34.6754,route.tier1.camp-menu,Covering,1
2531,71389.7953,34.168,route.tier1.camp-menu,Covering,1
2532,71425.3178,35.5226,route.tier1.camp-menu,Covering,1
2533,71468.9572,43.6396,route.tier1.camp-menu,Covering,1
2534,71502.6631,33.7057,route.tier1.camp-menu,Covering,1
2535,71537.2605,34.5976,route.tier1.camp-menu,Covering,1
2536,71577.2951,40.0345,route.tier1.camp-menu,Covering,1
2537,71606.1774,28.8823,route.tier1.camp-menu,Covering,1
2538,71643.046,36.8686,route.tier1.camp-menu,Covering,1
2539,71681.1701,38.1241,route.tier1.camp-menu,Covering,1
2540,71716.9873,35.8171,route.tier1.camp-menu,Covering,1
2541,71758.597,41.6098,route.tier1.camp-menu,Covering,1
2542,71791.5492,32.952,route.tier1.camp-menu,Covering,1
2543,71833.9163,42.3672,route.tier1.camp-menu,Covering,1
2544,71865.1023,31.1861,route.tier1.camp-menu,Covering,1
2545,71897.8763,32.774,route.tier1.camp-menu,Covering,1
2546,71930.8876,33.0113,route.tier1.camp-menu,Covering,1
2547,71963.8247,32.937,route.tier1.camp-menu,Covering,1
2548,71994.4236,30.599,route.tier1.camp-menu,CoveredLoading,1
2549,72011.3183,16.8946,route.tier1.camp-menu,CoveredLoading,1
2550,72081.9295,70.6114,route.tier1.camp-menu,CoveredLoading,1
2551,72240.6455,158.7157,route.tier1.camp-menu,CoveredLoading,1
2552,72257.2807,16.6353,route.tier1.camp-menu,CoveredLoading,1
2553,72285.5122,28.2316,route.tier1.camp-menu,CoveredLoading,1
2554,72302.7624,17.2502,route.tier1.camp-menu,CoveredLoading,1
2555,72358.305,55.5426,route.tier1.camp-menu,CoveredLoading,1
2556,72460.628,102.323,route.tier1.camp-menu,CoveredLoading,1
2557,72484.2354,23.6075,route.tier1.camp-menu,CoveredLoading,1
2558,72512.6017,28.3662,route.tier1.camp-menu,CoveredLoading,1
2559,72542.1336,29.5319,route.tier1.camp-menu,CoveredLoading,1
2560,72579.7015,37.5679,route.tier1.camp-menu,CoveredLoading,1
2561,72642.3149,62.6131,route.tier1.camp-menu,CoveredLoading,1
2562,72657.3183,15.0037,route.tier1.camp-menu,CoveredLoading,1
2563,72682.4866,25.1683,route.tier1.camp-menu,CoveredLoading,1
2564,72710.9585,28.4718,route.tier1.camp-menu,CoveredLoading,1
2565,72742.2169,31.2584,route.tier1.camp-menu,CoveredLoading,1
2566,72769.1234,26.9065,route.tier1.camp-menu,CoveredLoading,1
2567,72798.3834,29.2601,route.tier1.camp-menu,CoveredLoading,1
2568,72827.5444,29.161,route.tier1.camp-menu,CoveredLoading,1
2569,72859.8959,32.3515,route.tier1.camp-menu,CoveredLoading,1
2570,72898.4245,38.5286,route.tier1.camp-menu,CoveredLoading,1
2571,72930.4224,31.9979,route.tier1.camp-menu,CoveredLoading,1
2572,72959.2956,28.8731,route.tier1.camp-menu,CoveredLoading,1
2573,72990.356,31.0605,route.tier1.camp-menu,Preparing,1
2574,73019.7446,29.3886,route.tier1.camp-menu,Preparing,1
2575,73051.8277,32.0831,route.tier1.camp-menu,Preparing,1
2576,73089.0158,37.1881,route.tier1.camp-menu,Preparing,1
2577,73120.1415,31.1257,route.tier1.camp-menu,Preparing,1
2578,73151.6722,31.5307,route.tier1.camp-menu,Preparing,1
2579,73191.0618,39.3896,route.tier1.camp-menu,Preparing,1
2580,73220.9417,29.8799,route.tier1.camp-menu,Preparing,1
2581,73252.1382,31.1965,route.tier1.camp-menu,Revealing,1
2582,73284.1026,31.9644,route.tier1.camp-menu,Revealing,1
2583,73321.0888,36.9862,route.tier1.camp-menu,Revealing,1
2584,73355.3556,34.2667,route.tier1.camp-menu,Revealing,1
2585,73394.3398,38.9843,route.tier1.camp-menu,Revealing,1
2586,73426.4057,32.0659,route.tier1.camp-menu,Revealing,1
2587,73458.2288,31.8231,route.tier1.camp-menu,Revealing,1
2588,73490.0489,31.8201,route.tier1.camp-menu,Revealing,1
2589,73518.8855,28.8365,route.tier1.camp-menu,Revealing,1
2590,73550.8167,31.9313,route.tier1.camp-menu,Revealing,1
2591,73581.4226,30.6059,route.tier1.camp-menu,Revealing,1
2592,73613.7831,32.3605,route.tier1.camp-menu,Revealing,1
2593,73655.0176,41.2345,route.tier1.camp-menu,Revealing,1
2594,73695.1373,40.1197,route.tier1.camp-menu,Revealing,1
2595,73738.2263,43.089,route.tier1.camp-menu,Revealing,1
2596,73778.0106,39.7842,route.tier1.camp-menu,Revealing,1
2597,73822.0139,44.0034,route.tier1.camp-menu,Revealing,1
2598,73858.9292,36.915,route.tier1.camp-menu,Revealing,1
2599,73900.1661,41.2372,route.tier1.camp-menu,Revealing,1
2600,73935.9526,35.7865,route.tier1.camp-menu,Revealing,1
2601,73965.7535,29.8009,route.tier1.camp-menu,Revealing,1
2602,74001.5501,35.7966,route.tier1.camp-menu,Revealing,1
2603,74034.8226,33.2725,route.tier1.camp-menu,Revealing,1
2604,74066.7158,31.8932,route.tier1.camp-menu,Revealing,1
2605,74094.4426,27.7268,route.tier1.camp-menu,Revealing,1
2606,74124.2653,29.8227,route.tier1.camp-menu,Revealing,1
2607,74144.5261,20.2609,route.tier1.camp-menu,Revealing,1
2608,74168.8324,24.3061,route.tier1.camp-menu,Revealing,1
2609,74196.5028,27.6705,route.tier1.camp-menu,Revealing,1
2610,74228.5367,32.0339,route.tier1.camp-menu,Revealing,1
2611,74251.2674,22.7306,route.tier1.camp-menu,Revealing,1
2612,74284.6208,33.3535,route.tier1.camp-menu,Revealing,1
2613,74311.2064,26.5856,route.tier1.camp-menu,Revealing,1
2614,74335.1253,23.9189,route.tier1.camp-menu,Revealing,1
2615,74361.8462,26.7208,route.tier1.camp-menu,Revealing,1
2616,74385.3347,23.4886,route.tier1.camp-menu,Revealing,1
2617,74411.1747,25.84,route.tier1.camp-menu,Revealing,1
2618,74434.9785,23.8037,route.tier1.camp-menu,Revealing,1
2619,74466.0541,31.0757,route.tier1.camp-menu,Revealing,1
2620,74493.3112,27.2571,route.tier1.camp-menu,Revealing,1
2621,74517.9058,24.5945,route.tier1.camp-menu,Revealing,1
2622,74544.6357,26.7299,route.tier1.camp-menu,Revealing,1
2623,74572.1604,27.5248,route.tier1.camp-menu,Revealing,1
2624,74604.512,32.3515,route.tier1.camp-menu,Revealing,1
2625,74630.5676,26.0558,route.tier1.camp-menu,Revealing,1
2626,74663.0615,32.4937,route.tier1.camp-menu,Idle,1
2627,74691.3364,28.2749,audit.snapshot.route.tier1.camp-menu.ready,Idle,1
2628,74709.914,18.5777,audit.snapshot.route.tier1.camp-menu.ready,Idle,1
2629,74732.9033,22.9893,audit.snapshot.route.tier1.camp-menu.ready,Idle,1
2630,74756.1822,23.2789,audit.snapshot.route.tier1.camp-menu.ready,Idle,1
2631,74778.9268,22.7442,audit.snapshot.route.tier1.camp-menu.ready,Idle,1
2632,74801.7457,22.8193,audit.snapshot.route.tier1.camp-menu.ready,Idle,1
2633,74824.8306,23.0849,audit.snapshot.route.tier1.camp-menu.ready,Idle,1
2634,74847.2299,22.3993,audit.snapshot.route.tier1.camp-menu.ready,Idle,1
2635,74873.5492,26.3192,audit.snapshot.route.tier1.camp-menu.ready,Idle,1
2636,74895.2019,21.6527,audit.snapshot.route.tier1.camp-menu.ready,Idle,1
2637,74916.3709,21.1691,audit.snapshot.route.tier1.camp-menu.ready,Idle,1
2638,74938.4479,22.0768,audit.snapshot.route.tier1.camp-menu.ready,Idle,1
2639,74962.5572,24.1096,audit.snapshot.route.tier1.camp-menu.ready,Idle,1
2640,74983.9325,21.3752,audit.snapshot.route.tier1.camp-menu.ready,Idle,1
2641,75009.4985,25.566,audit.snapshot.route.tier1.camp-menu.ready,Idle,1
2642,75032.7309,23.2323,audit.snapshot.route.tier1.camp-menu.ready,Idle,1
2643,75058.1423,25.4115,audit.snapshot.route.tier1.camp-menu.ready,Idle,1
2644,75084.7741,26.6318,audit.snapshot.route.tier1.camp-menu.ready,Idle,1
2645,75109.7686,24.9945,audit.snapshot.route.tier1.camp-menu.ready,Idle,1
2646,75134.7336,24.9649,audit.snapshot.route.tier1.camp-menu.ready,Idle,1
2647,75165.0386,30.3051,audit.snapshot.route.tier1.camp-menu.ready,Idle,1
2648,75184.5691,19.5304,audit.snapshot.route.tier1.camp-menu.ready,Idle,1
2649,75209.8714,25.3022,audit.snapshot.route.tier1.camp-menu.ready,Idle,1
2650,75233.1336,23.2624,audit.snapshot.route.tier1.camp-menu.ready,Idle,1
2651,75256.4614,23.3278,audit.snapshot.route.tier1.camp-menu.ready,Idle,1
2652,75278.542,22.0806,audit.snapshot.route.tier1.camp-menu.ready,Idle,1
2653,75301.5227,22.9807,audit.snapshot.route.tier1.camp-menu.ready,Idle,1
2654,75325.2546,23.7319,audit.snapshot.route.tier1.camp-menu.ready,Idle,1
2655,75346.5887,21.334,audit.snapshot.route.tier1.camp-menu.ready,Idle,1
2656,75376.8897,30.301,audit.snapshot.route.tier1.camp-menu.ready,Idle,1
2657,75430.5006,53.6108,audit.snapshot.route.tier1.camp-menu.ready,Idle,2
2658,75445.6816,15.1812,audit.snapshot.route.tier1.camp-menu.ready,Idle,2
2659,75477.6214,31.9398,audit.snapshot.route.tier1.camp-menu.ready,Idle,2
2660,75501.3085,23.6872,audit.snapshot.route.tier1.camp-menu.ready,Idle,2
2661,75528.2897,26.9811,audit.snapshot.route.tier1.camp-menu.ready,Idle,2
2662,75552.895,24.6053,audit.snapshot.route.tier1.camp-menu.ready,Idle,2
2663,75586.5014,33.6064,audit.snapshot.route.tier1.camp-menu.ready,Idle,2
2664,75611.5479,25.0465,audit.snapshot.route.tier1.camp-menu.ready,Idle,2
2665,75640.0157,28.4677,audit.snapshot.route.tier1.camp-menu.ready,Idle,2
2666,75662.4151,22.3993,audit.snapshot.route.tier1.camp-menu.ready,Idle,2
2667,75685.508,23.0931,audit.snapshot.route.tier1.camp-menu.ready,Idle,2
2668,75712.1646,26.6566,audit.snapshot.route.tier1.camp-menu.ready,Idle,2
2669,75740.5057,28.3411,audit.snapshot.route.tier1.camp-menu.ready,Idle,2
2670,75763.5164,23.0107,audit.snapshot.route.tier1.camp-menu.ready,Idle,2
2671,75789.6769,26.1605,audit.snapshot.route.tier1.camp-menu.ready,Idle,2
2672,75815.9339,26.257,audit.snapshot.route.tier1.camp-menu.ready,Idle,2
2673,75842.5284,26.5944,audit.snapshot.route.tier1.camp-menu.ready,Idle,2
2674,75867.664,25.1355,audit.snapshot.route.tier1.camp-menu.ready,Idle,2
2675,75894.6993,27.0355,audit.snapshot.route.tier1.camp-menu.ready,Idle,2
2676,75917.5318,22.8324,audit.snapshot.route.tier1.camp-menu.ready,Idle,2
2677,75944.0791,26.5475,audit.snapshot.route.tier1.camp-menu.ready,Idle,2
2678,75971.0051,26.9259,audit.snapshot.route.tier1.camp-menu.ready,Idle,2
2679,76001.5982,30.5931,audit.snapshot.route.tier1.camp-menu.ready,Idle,2
2680,76028.6917,27.0934,audit.snapshot.route.tier1.camp-menu.ready,Idle,2
2681,76051.4697,22.7781,audit.snapshot.route.tier1.camp-menu.ready,Idle,2
2682,76078.0399,26.5703,audit.snapshot.route.tier1.camp-menu.ready,Idle,2
2683,76106.4409,28.4009,audit.snapshot.route.tier1.camp-menu.ready,Idle,2
2684,76129.6255,23.1846,audit.snapshot.route.tier1.camp-menu.ready,Idle,2
2685,76155.9182,26.2926,audit.snapshot.route.tier1.camp-menu.ready,Idle,2
2686,76181.359,25.4409,audit.snapshot.route.tier1.camp-menu.ready,Idle,2
2687,76211.547,30.188,menu.tier2.steady,Idle,2
2688,76240.385,28.838,menu.tier2.steady,Idle,2
2689,76267.0874,26.7024,menu.tier2.steady,Idle,2
2690,76294.5612,27.4739,menu.tier2.steady,Idle,2
2691,76317.0044,22.4431,menu.tier2.steady,Idle,2
2692,76343.8517,26.8473,menu.tier2.steady,Idle,2
2693,76368.3208,24.4691,menu.tier2.steady,Idle,2
2694,76405.0231,36.7024,menu.tier2.steady,Idle,2
2695,76433.0419,28.0187,menu.tier2.steady,Idle,2
2696,76458.3715,25.3295,menu.tier2.steady,Idle,2
2697,76483.7167,25.3452,menu.tier2.steady,Idle,2
2698,76515.8956,32.1789,menu.tier2.steady,Idle,2
2699,76548.5821,32.6865,menu.tier2.steady,Idle,2
2700,76578.0607,29.4787,menu.tier2.steady,Idle,2
2701,76606.3471,28.2864,menu.tier2.steady,Idle,2
2702,76629.3218,22.9747,menu.tier2.steady,Idle,2
2703,76652.2292,22.9074,menu.tier2.steady,Idle,2
2704,76678.8308,26.6016,menu.tier2.steady,Idle,2
2705,76704.9634,26.1326,menu.tier2.steady,Idle,2
2706,76734.088,29.1246,menu.tier2.steady,Idle,2
2707,76765.7215,31.6332,menu.tier2.steady,Idle,2
2708,76790.7292,25.0079,menu.tier2.steady,Idle,2
2709,76814.3496,23.6204,menu.tier2.steady,Idle,2
2710,76842.7722,28.4227,menu.tier2.steady,Idle,2
2711,76867.618,24.8458,menu.tier2.steady,Idle,2
2712,76894.8945,27.2764,menu.tier2.steady,Idle,2
2713,76918.1704,23.276,menu.tier2.steady,Idle,2
2714,76952.1939,34.0234,menu.tier2.steady,Idle,2
2715,76978.163,25.9692,menu.tier2.steady,Idle,2
2716,77006.5825,28.4195,menu.tier2.steady,Idle,2
2717,77029.1768,22.5942,menu.tier2.steady,Idle,2
2718,77055.8137,26.637,menu.tier2.steady,Idle,2
2719,77082.0863,26.2725,menu.tier2.steady,Idle,2
2720,77113.113,31.0268,menu.tier2.steady,Idle,2
2721,77147.1333,34.0203,menu.tier2.steady,Idle,2
2722,77173.761,26.6277,menu.tier2.steady,Idle,2
2723,77200.8203,27.0593,menu.tier2.steady,Idle,2
2724,77228.1041,27.2837,menu.tier2.steady,Idle,2
2725,77251.1007,22.9967,menu.tier2.steady,Idle,2
2726,77277.7243,26.6235,menu.tier2.steady,Idle,2
2727,77301.6946,23.9704,menu.tier2.steady,Idle,2
2728,77328.7572,27.0626,menu.tier2.steady,Idle,2
2729,77351.4249,22.6675,menu.tier2.steady,Idle,2
2730,77377.9176,26.4929,menu.tier2.steady,Idle,2
2731,77406.2426,28.325,menu.tier2.steady,Idle,2
2732,77427.0857,20.8431,menu.tier2.steady,Idle,2
2733,77455.9933,28.9076,menu.tier2.steady,Idle,2
2734,77480.915,24.9216,menu.tier2.steady,Idle,2
2735,77505.8351,24.9201,menu.tier2.steady,Idle,2
2736,77532.5534,26.7184,menu.tier2.steady,Idle,2
2737,77557.5092,24.9558,menu.tier2.steady,Idle,2
2738,77581.186,23.6767,menu.tier2.steady,Idle,2
2739,77610.8544,29.6683,menu.tier2.steady,Idle,2
2740,77641.7224,30.868,menu.tier2.steady,Idle,2
2741,77674.8352,33.1129,menu.tier2.steady,Idle,2
2742,77702.5178,27.6826,menu.tier2.steady,Idle,2
2743,77735.4646,32.9469,menu.tier2.steady,Idle,2
2744,77768.9706,33.506,menu.tier2.steady,Idle,2
2745,77802.0277,33.0571,menu.tier2.steady,Idle,2
2746,77835.3592,33.3315,menu.tier2.steady,Idle,2
2747,77868.7882,33.4289,menu.tier2.steady,Idle,2
2748,77902.6003,33.8122,menu.tier2.steady,Idle,2
2749,77934.2845,31.6842,menu.tier2.steady,Idle,2
2750,77961.9498,27.6652,menu.tier2.steady,Idle,2
2751,77996.4673,34.5175,menu.tier2.steady,Idle,2
2752,78029.8406,33.3734,menu.tier2.steady,Idle,2
2753,78061.6973,31.8566,menu.tier2.steady,Idle,2
2754,78085.53,23.8327,menu.tier2.steady,Idle,2
2755,78111.698,26.168,menu.tier2.steady,Idle,2
2756,78143.6849,31.9869,menu.tier2.steady,Idle,2
2757,78171.9331,28.2482,menu.tier2.steady,Idle,2
2758,78198.7121,26.7791,menu.tier2.steady,Idle,2
2759,78223.5079,24.7957,menu.tier2.steady,Idle,2
2760,78249.0659,25.558,menu.tier2.steady,Idle,2
2761,78280.2923,31.2266,menu.tier2.steady,Idle,2
2762,78306.9177,26.6253,menu.tier2.steady,Idle,2
2763,78333.5789,26.6611,menu.tier2.steady,Idle,2
2764,78360.5649,26.9861,menu.tier2.steady,Idle,2
2765,78383.4627,22.8978,menu.tier2.steady,Idle,2
2766,78410.5568,27.0942,menu.tier2.steady,Idle,2
2767,78434.4597,23.9027,menu.tier2.steady,Idle,2
2768,78461.6555,27.1959,menu.tier2.steady,Idle,2
2769,78484.927,23.2714,menu.tier2.steady,Idle,2
2770,78511.526,26.5991,menu.tier2.steady,Idle,2
2771,78538.4354,26.9094,menu.tier2.steady,Idle,2
2772,78563.3743,24.9389,menu.tier2.steady,Idle,2
2773,78588.2032,24.8288,menu.tier2.steady,Idle,2
2774,78615.2697,27.0665,menu.tier2.steady,Idle,2
2775,78646.7484,31.4787,menu.tier2.steady,Idle,2
2776,78674.1553,27.4068,menu.tier2.steady,Idle,2
2777,78700.7296,26.5743,menu.tier2.steady,Idle,2
2778,78723.4206,22.6911,menu.tier2.steady,Idle,2
2779,78744.124,20.7035,menu.tier2.steady,Idle,2
2780,78772.9068,28.7827,menu.tier2.steady,Idle,2
2781,78799.9821,27.0754,menu.tier2.steady,Idle,2
2782,78825.0499,25.0678,menu.tier2.steady,Idle,2
2783,78848.491,23.4409,menu.tier2.steady,Idle,2
2784,78881.8976,33.4067,menu.tier2.steady,Idle,2
2785,78910.123,28.2255,menu.tier2.steady,Idle,2
2786,78934.6964,24.5733,menu.tier2.steady,Idle,2
2787,78961.7962,27.0999,menu.tier2.steady,Idle,2
2788,78984.7042,22.908,menu.tier2.steady,Idle,2
2789,79011.3263,26.6221,menu.tier2.steady,Idle,2
2790,79035.6547,24.3285,menu.tier2.steady,Idle,2
2791,79061.9988,26.344,menu.tier2.steady,Idle,2
2792,79085.6035,23.6047,menu.tier2.steady,Idle,2
2793,79118.9608,33.3573,menu.tier2.steady,Idle,2
2794,79145.9583,26.9975,menu.tier2.steady,Idle,2
2795,79174.4842,28.5259,menu.tier2.steady,Idle,2
2796,79199.69,25.2058,menu.tier2.steady,Idle,2
2797,79224.7004,25.0104,menu.tier2.steady,Idle,2
2798,79258.192,33.4916,menu.tier2.steady,Idle,2
2799,79283.6283,25.4363,menu.tier2.steady,Idle,2
2800,79310.6821,27.0538,menu.tier2.steady,Idle,2
2801,79335.2493,24.5672,menu.tier2.steady,Idle,2
2802,79362.0146,26.7653,menu.tier2.steady,Idle,2
2803,79384.7986,22.784,menu.tier2.steady,Idle,2
2804,79412.9426,28.144,menu.tier2.steady,Idle,2
2805,79443.6201,30.6775,menu.tier2.steady,Idle,2
2806,79471.4322,27.8121,menu.tier2.steady,Idle,2
2807,79497.2375,25.8053,leaves.tier2.normal.r1,Covering,2
2808,79618.0208,120.7832,leaves.tier2.normal.r1,Covering,2
2809,79655.5539,37.5332,leaves.tier2.normal.r1,Covering,2
2810,79681.3111,25.7572,leaves.tier2.normal.r1,Covering,2
2811,79710.0416,28.7305,leaves.tier2.normal.r1,Covering,2
2812,79736.3604,26.3187,leaves.tier2.normal.r1,Covering,2
2813,79766.9449,30.5847,leaves.tier2.normal.r1,Covering,2
2814,79804.256,37.3109,leaves.tier2.normal.r1,Covering,2
2815,79831.4716,27.2157,leaves.tier2.normal.r1,Covering,2
2816,79857.3488,25.8771,leaves.tier2.normal.r1,Covering,2
2817,79894.7337,37.3849,leaves.tier2.normal.r1,Covering,2
2818,79923.0118,28.2782,leaves.tier2.normal.r1,Covering,2
2819,79949.3915,26.3797,leaves.tier2.normal.r1,Covering,2
2820,79978.1288,28.7373,leaves.tier2.normal.r1,Covering,2
2821,80007.2771,29.1483,leaves.tier2.normal.r1,Covering,2
2822,80033.3989,26.1218,leaves.tier2.normal.r1,Covering,2
2823,80063.7415,30.3427,leaves.tier2.normal.r1,Covering,2
2824,80098.6324,34.8907,leaves.tier2.normal.r1,Covering,2
2825,80136.0066,37.3743,leaves.tier2.normal.r1,Covering,2
2826,80173.7783,37.7716,leaves.tier2.normal.r1,Covering,2
2827,80201.1962,27.418,leaves.tier2.normal.r1,Covering,2
2828,80240.3815,39.1852,leaves.tier2.normal.r1,Covering,2
2829,80272.7968,32.4154,leaves.tier2.normal.r1,Covering,2
2830,80307.7337,34.9368,leaves.tier2.normal.r1,Covering,2
2831,80340.3892,32.6556,leaves.tier2.normal.r1,Covering,2
2832,80374.7613,34.3721,leaves.tier2.normal.r1,Covering,2
2833,80409.4452,34.6838,leaves.tier2.normal.r1,Covering,2
2834,80443.9962,34.5511,leaves.tier2.normal.r1,Covering,2
2835,80484.001,40.0049,leaves.tier2.normal.r1,Covering,2
2836,80518.0676,34.0665,leaves.tier2.normal.r1,Covering,2
2837,80554.7951,36.7274,leaves.tier2.normal.r1,Covering,2
2838,80592.7217,37.9266,leaves.tier2.normal.r1,Covering,2
2839,80634.1903,41.4687,leaves.tier2.normal.r1,Covering,2
2840,80677.2181,43.0277,leaves.tier2.normal.r1,Covering,2
2841,80711.1024,33.8844,leaves.tier2.normal.r1,Covering,2
2842,80750.3535,39.2511,leaves.tier2.normal.r1,Covering,2
2843,80786.2779,35.9243,leaves.tier2.normal.r1,Covering,2
2844,80823.6883,37.4105,leaves.tier2.normal.r1,Covering,2
2845,80861.7872,38.0989,leaves.tier2.normal.r1,Covering,2
2846,80899.4192,37.6319,leaves.tier2.normal.r1,Covering,2
2847,80940.4213,41.0023,leaves.tier2.normal.r1,Covering,2
2848,80974.0817,33.6603,leaves.tier2.normal.r1,Covering,2
2849,81007.9328,33.851,leaves.tier2.normal.r1,Covering,2
2850,81040.9675,33.0348,leaves.tier2.normal.r1,Covering,2
2851,81074.3779,33.4104,leaves.tier2.normal.r1,Covering,2
2852,81108.0676,33.6897,leaves.tier2.normal.r1,CoveredLoading,2
2853,81124.4173,16.3496,leaves.tier2.normal.r1,CoveredLoading,2
2854,81140.1265,15.7093,audit.snapshot.leaves.tier2.normal.r1.covered,CoveredLoading,2
2855,81156.754,16.6275,leaves.tier2.normal.r1.hold,CoveredLoading,2
2856,81172.5853,15.8313,leaves.tier2.normal.r1.hold,CoveredLoading,2
2857,81188.0562,15.4709,leaves.tier2.normal.r1.hold,CoveredLoading,2
2858,81221.8358,33.7795,leaves.tier2.normal.r1.hold,CoveredLoading,2
2859,81229.4073,7.5715,leaves.tier2.normal.r1.hold,CoveredLoading,2
2860,81256.7586,27.3513,leaves.tier2.normal.r1.hold,CoveredLoading,2
2861,81264.6052,7.8468,leaves.tier2.normal.r1.hold,CoveredLoading,2
2862,81293.661,29.0557,leaves.tier2.normal.r1.hold,CoveredLoading,2
2863,81301.1566,7.4956,leaves.tier2.normal.r1.hold,CoveredLoading,2
2864,81314.8272,13.6706,leaves.tier2.normal.r1.hold,CoveredLoading,2
2865,81334.9382,20.1109,leaves.tier2.normal.r1.hold,CoveredLoading,2
2866,81348.5392,13.601,leaves.tier2.normal.r1.hold,CoveredLoading,2
2867,81362.9128,14.3737,leaves.tier2.normal.r1.hold,CoveredLoading,2
2868,81379.9203,17.0075,leaves.tier2.normal.r1.hold,CoveredLoading,2
2869,81395.3358,15.4155,leaves.tier2.normal.r1.hold,CoveredLoading,2
2870,81412.4763,17.1404,leaves.tier2.normal.r1.hold,CoveredLoading,2
2871,81441.2095,28.7333,leaves.tier2.normal.r1.hold,CoveredLoading,2
2872,81463.5335,22.324,leaves.tier2.normal.r1.hold,CoveredLoading,2
2873,81469.9609,6.4275,leaves.tier2.normal.r1.hold,CoveredLoading,2
2874,81483.5744,13.6134,leaves.tier2.normal.r1.reveal,Preparing,2
2875,81526.5692,42.9948,leaves.tier2.normal.r1.reveal,Preparing,2
2876,81570.9765,44.4073,leaves.tier2.normal.r1.reveal,Preparing,2
2877,81602.3317,31.3552,leaves.tier2.normal.r1.reveal,Preparing,2
2878,81637.8527,35.5209,leaves.tier2.normal.r1.reveal,Preparing,2
2879,81682.0341,44.1814,leaves.tier2.normal.r1.reveal,Preparing,2
2880,81725.9768,43.9427,leaves.tier2.normal.r1.reveal,Preparing,2
2881,81773.7205,47.7438,leaves.tier2.normal.r1.reveal,Revealing,2
2882,81811.1403,37.4198,leaves.tier2.normal.r1.reveal,Revealing,2
2883,81859.8012,48.6609,leaves.tier2.normal.r1.reveal,Revealing,2
2884,81910.64,50.8388,leaves.tier2.normal.r1.reveal,Revealing,2
2885,81942.4949,31.8548,leaves.tier2.normal.r1.reveal,Revealing,2
2886,81988.3768,45.8821,leaves.tier2.normal.r1.reveal,Revealing,2
2887,82033.3426,44.9657,leaves.tier2.normal.r1.reveal,Revealing,2
2888,82074.6383,41.2955,leaves.tier2.normal.r1.reveal,Revealing,2
2889,82110.8096,36.1715,leaves.tier2.normal.r1.reveal,Revealing,2
2890,82144.3135,33.5038,leaves.tier2.normal.r1.reveal,Revealing,2
2891,82175.5562,31.2426,leaves.tier2.normal.r1.reveal,Revealing,2
2892,82210.6811,35.125,leaves.tier2.normal.r1.reveal,Revealing,2
2893,82250.4159,39.7349,leaves.tier2.normal.r1.reveal,Revealing,2
2894,82282.939,32.5231,leaves.tier2.normal.r1.reveal,Revealing,2
2895,82316.5481,33.6091,leaves.tier2.normal.r1.reveal,Revealing,2
2896,82351.6822,35.134,leaves.tier2.normal.r1.reveal,Revealing,2
2897,82393.4279,41.7457,leaves.tier2.normal.r1.reveal,Revealing,2
2898,82426.356,32.9282,leaves.tier2.normal.r1.reveal,Revealing,2
2899,82458.4673,32.1112,leaves.tier2.normal.r1.reveal,Revealing,2
2900,82496.6653,38.1981,leaves.tier2.normal.r1.reveal,Revealing,2
2901,82528.7703,32.105,leaves.tier2.normal.r1.reveal,Revealing,2
2902,82565.304,36.5336,leaves.tier2.normal.r1.reveal,Revealing,2
2903,82595.429,30.1251,leaves.tier2.normal.r1.reveal,Revealing,2
2904,82639.1833,43.7543,leaves.tier2.normal.r1.reveal,Revealing,2
2905,82665.073,25.8897,leaves.tier2.normal.r1.reveal,Revealing,2
2906,82690.573,25.5,leaves.tier2.normal.r1.reveal,Revealing,2
2907,82717.2322,26.6592,leaves.tier2.normal.r1.reveal,Revealing,2
2908,82745.5463,28.314,leaves.tier2.normal.r1.reveal,Revealing,2
2909,82780.8869,35.3407,leaves.tier2.normal.r1.reveal,Revealing,2
2910,82813.2272,32.3403,leaves.tier2.normal.r1.reveal,Revealing,2
2911,82840.4437,27.2165,leaves.tier2.normal.r1.reveal,Revealing,2
2912,82867.2697,26.826,leaves.tier2.normal.r1.reveal,Revealing,2
2913,82909.2212,41.9514,leaves.tier2.normal.r1.reveal,Revealing,2
2914,82923.6992,14.478,leaves.tier2.normal.r1.reveal,Revealing,2
2915,82945.9642,22.265,leaves.tier2.normal.r1.reveal,Revealing,2
2916,82977.8363,31.8721,leaves.tier2.normal.r1.reveal,Revealing,2
2917,83008.879,31.0427,leaves.tier2.normal.r1.reveal,Revealing,2
2918,83042.0054,33.1264,leaves.tier2.normal.r1.reveal,Revealing,2
2919,83071.8891,29.8837,leaves.tier2.normal.r1.reveal,Revealing,2
2920,83100.1218,28.2328,leaves.tier2.normal.r1.reveal,Revealing,2
2921,83128.8911,28.7693,leaves.tier2.normal.r1.reveal,Revealing,2
2922,83157.5269,28.6358,leaves.tier2.normal.r1.reveal,Idle,2
2923,83187.4363,29.9094,leaves.tier2.normal.r1.settle,Idle,2
2924,83211.5716,24.1353,leaves.tier2.normal.r1.settle,Idle,2
2925,83240.0772,28.5055,leaves.tier2.normal.r1.settle,Idle,2
2926,83264.0804,24.0032,leaves.tier2.normal.r1.settle,Idle,2
2927,83304.7838,40.7035,leaves.tier2.normal.r1.settle,Idle,2
2928,83328.5783,23.7945,leaves.tier2.normal.r1.settle,Idle,2
2929,83352.0803,23.502,leaves.tier2.normal.r1.settle,Idle,2
2930,83378.9404,26.8601,leaves.tier2.normal.r1.settle,Idle,2
2931,83407.2991,28.3587,leaves.tier2.normal.r1.settle,Idle,2
2932,83431.3374,24.0382,leaves.tier2.normal.r1.settle,Idle,2
2933,83464.1153,32.778,leaves.tier2.normal.r1.settle,Idle,2
2934,83490.2465,26.1311,leaves.tier2.normal.r1.settle,Idle,2
2935,83513.9313,23.6848,leaves.tier2.normal.r1.settle,Idle,2
2936,83543.2262,29.295,leaves.tier2.normal.r1.settle,Idle,2
2937,83567.7067,24.4805,leaves.tier2.normal.r1.settle,Idle,2
2938,83595.987,28.2803,leaves.tier2.reduced.r1,Covering,2
2939,83627.9704,31.9835,leaves.tier2.reduced.r1,Covering,2
2940,83657.2416,29.271,leaves.tier2.reduced.r1,Covering,2
2941,83689.1128,31.8712,leaves.tier2.reduced.r1,Covering,2
2942,83723.218,34.1052,leaves.tier2.reduced.r1,Covering,2
2943,83762.439,39.221,leaves.tier2.reduced.r1,CoveredLoading,2
2944,83782.2596,19.8206,leaves.tier2.reduced.r1,CoveredLoading,2
2945,83798.0253,15.7658,audit.snapshot.leaves.tier2.reduced.r1.covered,CoveredLoading,2
2946,83814.9571,16.9318,leaves.tier2.reduced.r1.hold,CoveredLoading,2
2947,83830.0346,15.0775,leaves.tier2.reduced.r1.hold,CoveredLoading,2
2948,83848.7305,18.6959,leaves.tier2.reduced.r1.hold,CoveredLoading,2
2949,83864.978,16.2474,leaves.tier2.reduced.r1.hold,CoveredLoading,2
2950,83881.511,16.5331,leaves.tier2.reduced.r1.hold,CoveredLoading,2
2951,83898.2813,16.7703,leaves.tier2.reduced.r1.hold,CoveredLoading,2
2952,83914.8399,16.5586,leaves.tier2.reduced.r1.hold,CoveredLoading,2
2953,83932.2682,17.4283,leaves.tier2.reduced.r1.hold,CoveredLoading,2
2954,83948.4029,16.1346,leaves.tier2.reduced.r1.hold,CoveredLoading,2
2955,83963.1193,14.7165,leaves.tier2.reduced.r1.hold,CoveredLoading,2
2956,83983.1771,20.0577,leaves.tier2.reduced.r1.hold,CoveredLoading,2
2957,83998.6443,15.4673,leaves.tier2.reduced.r1.hold,CoveredLoading,2
2958,84015.11,16.4657,leaves.tier2.reduced.r1.hold,CoveredLoading,2
2959,84029.5042,14.3942,leaves.tier2.reduced.r1.hold,CoveredLoading,2
2960,84048.2305,18.7263,leaves.tier2.reduced.r1.hold,CoveredLoading,2
2961,84064.8771,16.6466,leaves.tier2.reduced.r1.hold,CoveredLoading,2
2962,84081.5175,16.6404,leaves.tier2.reduced.r1.hold,CoveredLoading,2
2963,84098.39,16.8725,leaves.tier2.reduced.r1.hold,CoveredLoading,2
2964,84114.8449,16.4549,leaves.tier2.reduced.r1.hold,CoveredLoading,2
2965,84155.928,41.083,leaves.tier2.reduced.r1.reveal,Preparing,2
2966,84167.5663,11.6384,leaves.tier2.reduced.r1.reveal,Preparing,2
2967,84201.3134,33.7471,leaves.tier2.reduced.r1.reveal,Preparing,2
2968,84234.9447,33.6312,leaves.tier2.reduced.r1.reveal,Revealing,2
2969,84268.781,33.8364,leaves.tier2.reduced.r1.reveal,Revealing,2
2970,84300.9335,32.1525,leaves.tier2.reduced.r1.reveal,Revealing,2
2971,84329.0245,28.0909,leaves.tier2.reduced.r1.reveal,Revealing,2
2972,84366.1372,37.1128,leaves.tier2.reduced.r1.reveal,Revealing,2
2973,84399.8013,33.664,leaves.tier2.reduced.r1.reveal,Revealing,2
2974,84434.787,34.9858,leaves.tier2.reduced.r1.reveal,Idle,2
2975,84471.9595,37.1725,leaves.tier2.reduced.r1.settle,Idle,2
2976,84501.8949,29.9354,leaves.tier2.reduced.r1.settle,Idle,2
2977,84535.6619,33.767,leaves.tier2.reduced.r1.settle,Idle,2
2978,84567.3453,31.6834,leaves.tier2.reduced.r1.settle,Idle,2
2979,84602.5111,35.1658,leaves.tier2.reduced.r1.settle,Idle,2
2980,84628.6221,26.1107,leaves.tier2.reduced.r1.settle,Idle,2
2981,84661.907,33.2852,leaves.tier2.reduced.r1.settle,Idle,2
2982,84685.3875,23.4806,leaves.tier2.reduced.r1.settle,Idle,2
2983,84712.1697,26.7821,leaves.tier2.reduced.r1.settle,Idle,2
2984,84738.2229,26.0532,leaves.tier2.reduced.r1.settle,Idle,2
2985,84765.5493,27.3264,leaves.tier2.reduced.r1.settle,Idle,2
2986,84796.7076,31.1582,leaves.tier2.reduced.r1.settle,Idle,2
2987,84823.1815,26.4739,leaves.tier2.reduced.r1.settle,Idle,2
2988,84853.534,30.3526,leaves.tier2.reduced.r1.settle,Idle,2
2989,84880.323,26.789,leaves.tier2.reduced.r1.settle,Idle,2
2990,84910.1294,29.8064,leaves.tier2.normal.r2,Covering,2
2991,84979.935,69.8056,leaves.tier2.normal.r2,Covering,2
2992,85010.8007,30.8657,leaves.tier2.normal.r2,Covering,2
2993,85043.7928,32.992,leaves.tier2.normal.r2,Covering,2
2994,85071.7954,28.0025,leaves.tier2.normal.r2,Covering,2
2995,85104.7421,32.9469,leaves.tier2.normal.r2,Covering,2
2996,85132.9138,28.1716,leaves.tier2.normal.r2,Covering,2
2997,85162.7516,29.8378,leaves.tier2.normal.r2,Covering,2
2998,85198.9369,36.1854,leaves.tier2.normal.r2,Covering,2
2999,85232.2668,33.3298,leaves.tier2.normal.r2,Covering,2
3000,85265.2275,32.9608,leaves.tier2.normal.r2,Covering,2
3001,85293.9533,28.7258,leaves.tier2.normal.r2,Covering,2
3002,85317.7609,23.8075,leaves.tier2.normal.r2,Covering,2
3003,85347.7297,29.9688,leaves.tier2.normal.r2,Covering,2
3004,85376.4532,28.7236,leaves.tier2.normal.r2,Covering,2
3005,85402.3401,25.8869,leaves.tier2.normal.r2,Covering,2
3006,85432.2548,29.9146,leaves.tier2.normal.r2,Covering,2
3007,85461.8698,29.6151,leaves.tier2.normal.r2,Covering,2
3008,85497.7622,35.8924,leaves.tier2.normal.r2,Covering,2
3009,85523.5453,25.7831,leaves.tier2.normal.r2,Covering,2
3010,85557.4968,33.9516,leaves.tier2.normal.r2,Covering,2
3011,85594.967,37.4701,leaves.tier2.normal.r2,Covering,2
3012,85623.4448,28.4778,leaves.tier2.normal.r2,Covering,2
3013,85650.9536,27.5088,leaves.tier2.normal.r2,Covering,2
3014,85682.8311,31.8774,leaves.tier2.normal.r2,Covering,2
3015,85715.5196,32.6886,leaves.tier2.normal.r2,Covering,2
3016,85754.3113,38.7917,leaves.tier2.normal.r2,Covering,2
3017,85791.4019,37.0906,leaves.tier2.normal.r2,Covering,2
3018,85822.7927,31.3908,leaves.tier2.normal.r2,Covering,2
3019,85862.2255,39.4328,leaves.tier2.normal.r2,Covering,2
3020,85904.5076,42.282,leaves.tier2.normal.r2,Covering,2
3021,85939.4421,34.9345,leaves.tier2.normal.r2,Covering,2
3022,85974.9241,35.482,leaves.tier2.normal.r2,Covering,2
3023,86010.443,35.519,leaves.tier2.normal.r2,Covering,2
3024,86049.0135,38.5705,leaves.tier2.normal.r2,Covering,2
3025,86092.2913,43.2779,leaves.tier2.normal.r2,Covering,2
3026,86122.0702,29.7788,leaves.tier2.normal.r2,Covering,2
3027,86162.1887,40.1185,leaves.tier2.normal.r2,Covering,2
3028,86203.2609,41.0722,leaves.tier2.normal.r2,Covering,2
3029,86237.7048,34.4439,leaves.tier2.normal.r2,Covering,2
3030,86272.0705,34.3657,leaves.tier2.normal.r2,Covering,2
3031,86306.3698,34.2993,leaves.tier2.normal.r2,Covering,2
3032,86345.7644,39.3946,leaves.tier2.normal.r2,Covering,2
3033,86380.5346,34.7702,leaves.tier2.normal.r2,Covering,2
3034,86416.6316,36.097,leaves.tier2.normal.r2,Covering,2
3035,86451.41,34.7784,leaves.tier2.normal.r2,Covering,2
3036,86484.7699,33.3599,leaves.tier2.normal.r2,Covering,2
3037,86518.3363,33.5664,leaves.tier2.normal.r2,CoveredLoading,2
3038,86534.8235,16.4872,leaves.tier2.normal.r2,CoveredLoading,2
3039,86550.0091,15.1856,audit.snapshot.leaves.tier2.normal.r2.covered,CoveredLoading,2
3040,86565.0476,15.0385,leaves.tier2.normal.r2.hold,CoveredLoading,2
3041,86580.7949,15.747,leaves.tier2.normal.r2.hold,CoveredLoading,2
3042,86598.5304,17.7357,leaves.tier2.normal.r2.hold,CoveredLoading,2
3043,86623.1026,24.5722,leaves.tier2.normal.r2.hold,CoveredLoading,2
3044,86638.6674,15.5649,leaves.tier2.normal.r2.hold,CoveredLoading,2
3045,86655.8056,17.1382,leaves.tier2.normal.r2.hold,CoveredLoading,2
3046,86670.0682,14.2626,leaves.tier2.normal.r2.hold,CoveredLoading,2
3047,86685.1328,15.0646,leaves.tier2.normal.r2.hold,CoveredLoading,2
3048,86702.5754,17.4426,leaves.tier2.normal.r2.hold,CoveredLoading,2
3049,86717.6142,15.0387,leaves.tier2.normal.r2.hold,CoveredLoading,2
3050,86734.6132,16.9991,leaves.tier2.normal.r2.hold,CoveredLoading,2
3051,86749.9895,15.3763,leaves.tier2.normal.r2.hold,CoveredLoading,2
3052,86783.3482,33.3587,leaves.tier2.normal.r2.hold,CoveredLoading,2
3053,86790.1585,6.8101,leaves.tier2.normal.r2.hold,CoveredLoading,2
3054,86817.9776,27.8193,leaves.tier2.normal.r2.hold,CoveredLoading,2
3055,86825.6008,7.6231,leaves.tier2.normal.r2.hold,CoveredLoading,2
3056,86841.1265,15.5258,leaves.tier2.normal.r2.hold,CoveredLoading,2
3057,86856.1031,14.9765,leaves.tier2.normal.r2.hold,CoveredLoading,2
3058,86873.5987,17.4956,leaves.tier2.normal.r2.hold,CoveredLoading,2
3059,86923.4018,49.8032,leaves.tier2.normal.r2.reveal,Preparing,2
3060,86933.0782,9.6764,leaves.tier2.normal.r2.reveal,Preparing,2
3061,86965.1167,32.0386,leaves.tier2.normal.r2.reveal,Preparing,2
3062,87009.3463,44.2294,leaves.tier2.normal.r2.reveal,Preparing,2
3063,87041.9949,32.6485,leaves.tier2.normal.r2.reveal,Preparing,2
3064,87076.3941,34.3993,leaves.tier2.normal.r2.reveal,Preparing,2
3065,87109.7416,33.3476,leaves.tier2.normal.r2.reveal,Preparing,2
3066,87143.3113,33.5697,leaves.tier2.normal.r2.reveal,Preparing,2
3067,87179.0841,35.7727,leaves.tier2.normal.r2.reveal,Revealing,2
3068,87217.2391,38.1551,leaves.tier2.normal.r2.reveal,Revealing,2
3069,87251.8921,34.653,leaves.tier2.normal.r2.reveal,Revealing,2
3070,87286.6603,34.7682,leaves.tier2.normal.r2.reveal,Revealing,2
3071,87327.9398,41.2795,leaves.tier2.normal.r2.reveal,Revealing,2
3072,87357.395,29.4552,leaves.tier2.normal.r2.reveal,Revealing,2
3073,87390.9977,33.6027,leaves.tier2.normal.r2.reveal,Revealing,2
3074,87424.6301,33.6323,leaves.tier2.normal.r2.reveal,Revealing,2
3075,87457.9012,33.2712,leaves.tier2.normal.r2.reveal,Revealing,2
3076,87491.9362,34.035,leaves.tier2.normal.r2.reveal,Revealing,2
3077,87526.2354,34.2992,leaves.tier2.normal.r2.reveal,Revealing,2
3078,87560.2874,34.052,leaves.tier2.normal.r2.reveal,Revealing,2
3079,87597.5547,37.2673,leaves.tier2.normal.r2.reveal,Revealing,2
3080,87632.9308,35.3761,leaves.tier2.normal.r2.reveal,Revealing,2
3081,87677.7507,44.8198,leaves.tier2.normal.r2.reveal,Revealing,2
3082,87715.6312,37.8806,leaves.tier2.normal.r2.reveal,Revealing,2
3083,87759.6524,44.0212,leaves.tier2.normal.r2.reveal,Revealing,2
3084,87808.1347,48.4822,leaves.tier2.normal.r2.reveal,Revealing,2
3085,87844.8492,36.7146,leaves.tier2.normal.r2.reveal,Revealing,2
3086,87882.2798,37.4306,leaves.tier2.normal.r2.reveal,Revealing,2
3087,87924.3103,42.0305,leaves.tier2.normal.r2.reveal,Revealing,2
3088,87963.2672,38.9568,leaves.tier2.normal.r2.reveal,Revealing,2
3089,88001.5577,38.2904,leaves.tier2.normal.r2.reveal,Revealing,2
3090,88038.3975,36.84,leaves.tier2.normal.r2.reveal,Revealing,2
3091,88085.1509,46.7534,leaves.tier2.normal.r2.reveal,Revealing,2
3092,88123.4198,38.2689,leaves.tier2.normal.r2.reveal,Revealing,2
3093,88150.5705,27.1507,leaves.tier2.normal.r2.reveal,Revealing,2
3094,88185.1257,34.5552,leaves.tier2.normal.r2.reveal,Revealing,2
3095,88223.0656,37.9399,leaves.tier2.normal.r2.reveal,Revealing,2
3096,88260.1245,37.0589,leaves.tier2.normal.r2.reveal,Revealing,2
3097,88296.0623,35.9377,leaves.tier2.normal.r2.reveal,Revealing,2
3098,88333.7646,37.7023,leaves.tier2.normal.r2.reveal,Revealing,2
3099,88368.8265,35.0619,leaves.tier2.normal.r2.reveal,Revealing,2
3100,88406.7404,37.914,leaves.tier2.normal.r2.reveal,Revealing,2
3101,88444.7049,37.9645,leaves.tier2.normal.r2.reveal,Revealing,2
3102,88481.9421,37.2371,leaves.tier2.normal.r2.reveal,Revealing,2
3103,88516.4059,34.4639,leaves.tier2.normal.r2.reveal,Revealing,2
3104,88551.3918,34.9858,leaves.tier2.normal.r2.reveal,Revealing,2
3105,88582.3432,30.9516,leaves.tier2.normal.r2.reveal,Idle,2
3106,88615.0367,32.6931,leaves.tier2.normal.r2.settle,Idle,2
3107,88642.9589,27.9224,leaves.tier2.normal.r2.settle,Idle,2
3108,88673.77,30.8112,leaves.tier2.normal.r2.settle,Idle,2
3109,88700.9324,27.1624,leaves.tier2.normal.r2.settle,Idle,2
3110,88737.6432,36.7108,leaves.tier2.normal.r2.settle,Idle,2
3111,88761.909,24.2655,leaves.tier2.normal.r2.settle,Idle,2
3112,88785.3203,23.4116,leaves.tier2.normal.r2.settle,Idle,2
3113,88811.7023,26.3819,leaves.tier2.normal.r2.settle,Idle,2
3114,88838.4483,26.7461,leaves.tier2.normal.r2.settle,Idle,2
3115,88863.1642,24.7159,leaves.tier2.normal.r2.settle,Idle,2
3116,88891.7993,28.6351,leaves.tier2.normal.r2.settle,Idle,2
3117,88915.3219,23.5225,leaves.tier2.normal.r2.settle,Idle,2
3118,88947.3887,32.0669,leaves.tier2.normal.r2.settle,Idle,2
3119,88974.2149,26.8261,leaves.tier2.normal.r2.settle,Idle,2
3120,89001.2387,27.0238,leaves.tier2.normal.r2.settle,Idle,2
3121,89029.7109,28.4723,leaves.tier2.reduced.r2,Covering,2
3122,89061.037,31.3261,leaves.tier2.reduced.r2,Covering,2
3123,89090.012,28.975,leaves.tier2.reduced.r2,Covering,2
3124,89111.7467,21.7347,leaves.tier2.reduced.r2,Covering,2
3125,89139.1899,27.4432,leaves.tier2.reduced.r2,Covering,2
3126,89174.8894,35.6994,leaves.tier2.reduced.r2,Covering,2
3127,89199.12,24.2307,leaves.tier2.reduced.r2,CoveredLoading,2
3128,89214.05,14.93,leaves.tier2.reduced.r2,CoveredLoading,2
3129,89229.789,15.739,audit.snapshot.leaves.tier2.reduced.r2.covered,CoveredLoading,2
3130,89246.2875,16.4985,leaves.tier2.reduced.r2.hold,CoveredLoading,2
3131,89263.1405,16.853,leaves.tier2.reduced.r2.hold,CoveredLoading,2
3132,89279.838,16.6974,leaves.tier2.reduced.r2.hold,CoveredLoading,2
3133,89296.2183,16.3805,leaves.tier2.reduced.r2.hold,CoveredLoading,2
3134,89314.0872,17.8688,leaves.tier2.reduced.r2.hold,CoveredLoading,2
3135,89329.697,15.6096,leaves.tier2.reduced.r2.hold,CoveredLoading,2
3136,89349.6894,19.9926,leaves.tier2.reduced.r2.hold,CoveredLoading,2
3137,89363.53,13.8405,leaves.tier2.reduced.r2.hold,CoveredLoading,2
3138,89380.0044,16.4745,leaves.tier2.reduced.r2.hold,CoveredLoading,2
3139,89396.3325,16.328,leaves.tier2.reduced.r2.hold,CoveredLoading,2
3140,89413.2657,16.9333,leaves.tier2.reduced.r2.hold,CoveredLoading,2
3141,89429.3713,16.1056,leaves.tier2.reduced.r2.hold,CoveredLoading,2
3142,89446.7166,17.3453,leaves.tier2.reduced.r2.hold,CoveredLoading,2
3143,89465.026,18.3093,leaves.tier2.reduced.r2.hold,CoveredLoading,2
3144,89479.6379,14.612,leaves.tier2.reduced.r2.hold,CoveredLoading,2
3145,89496.2568,16.6189,leaves.tier2.reduced.r2.hold,CoveredLoading,2
3146,89513.2482,16.9914,leaves.tier2.reduced.r2.hold,CoveredLoading,2
3147,89531.6525,18.4043,leaves.tier2.reduced.r2.hold,CoveredLoading,2
3148,89546.4082,14.7556,leaves.tier2.reduced.r2.hold,CoveredLoading,2
3149,89580.8255,34.4174,leaves.tier2.reduced.r2.reveal,Preparing,2
3150,89589.8783,9.0526,leaves.tier2.reduced.r2.reveal,Preparing,2
3151,89610.9611,21.083,leaves.tier2.reduced.r2.reveal,Preparing,2
3152,89635.8934,24.9322,leaves.tier2.reduced.r2.reveal,Preparing,2
3153,89662.0784,26.1851,leaves.tier2.reduced.r2.reveal,Revealing,2
3154,89685.4111,23.3327,leaves.tier2.reduced.r2.reveal,Revealing,2
3155,89711.9216,26.5104,leaves.tier2.reduced.r2.reveal,Revealing,2
3156,89746.4689,34.5474,leaves.tier2.reduced.r2.reveal,Revealing,2
3157,89781.079,34.6101,leaves.tier2.reduced.r2.reveal,Revealing,2
3158,89805.5131,24.4341,leaves.tier2.reduced.r2.reveal,Revealing,2
3159,89834.026,28.5129,leaves.tier2.reduced.r2.reveal,Revealing,2
3160,89862.8133,28.7873,leaves.tier2.reduced.r2.reveal,Idle,2
3161,89892.7233,29.91,leaves.tier2.reduced.r2.settle,Idle,2
3162,89914.6006,21.8774,leaves.tier2.reduced.r2.settle,Idle,2
3163,89939.2602,24.6594,leaves.tier2.reduced.r2.settle,Idle,2
3164,89965.9691,26.7091,leaves.tier2.reduced.r2.settle,Idle,2
3165,90004.4144,38.4451,leaves.tier2.reduced.r2.settle,Idle,2
3166,90028.647,24.2327,leaves.tier2.reduced.r2.settle,Idle,2
3167,90051.5824,22.9355,leaves.tier2.reduced.r2.settle,Idle,2
3168,90078.1637,26.5812,leaves.tier2.reduced.r2.settle,Idle,2
3169,90104.7928,26.6291,leaves.tier2.reduced.r2.settle,Idle,2
3170,90129.7005,24.9075,leaves.tier2.reduced.r2.settle,Idle,2
3171,90154.991,25.2905,leaves.tier2.reduced.r2.settle,Idle,2
3172,90181.8106,26.8197,leaves.tier2.reduced.r2.settle,Idle,2
3173,90206.3985,24.5881,leaves.tier2.reduced.r2.settle,Idle,2
3174,90233.3856,26.987,leaves.tier2.reduced.r2.settle,Idle,2
3175,90260.1414,26.7558,leaves.tier2.reduced.r2.settle,Idle,2
3176,90284.9188,24.7774,route.tier2.menu-camp,Covering,2
3177,90342.0222,57.1034,route.tier2.menu-camp,Covering,2
3178,90374.2924,32.2702,route.tier2.menu-camp,Covering,2
3179,90400.7774,26.4851,route.tier2.menu-camp,Covering,2
3180,90437.2715,36.4939,route.tier2.menu-camp,Covering,2
3181,90464.8165,27.5451,route.tier2.menu-camp,Covering,2
3182,90492.8251,28.0086,route.tier2.menu-camp,Covering,2
3183,90517.3916,24.5666,route.tier2.menu-camp,Covering,2
3184,90547.3147,29.9229,route.tier2.menu-camp,Covering,2
3185,90574.2239,26.9093,route.tier2.menu-camp,Covering,2
3186,90609.4063,35.1824,route.tier2.menu-camp,Covering,2
3187,90637.5308,28.1245,route.tier2.menu-camp,Covering,2
3188,90665.5732,28.0424,route.tier2.menu-camp,Covering,2
3189,90695.9666,30.3934,route.tier2.menu-camp,Covering,2
3190,90730.9923,35.0256,route.tier2.menu-camp,Covering,2
3191,90759.0046,28.0124,route.tier2.menu-camp,Covering,2
3192,90783.8346,24.83,route.tier2.menu-camp,Covering,2
3193,90813.8826,30.0478,route.tier2.menu-camp,Covering,2
3194,90839.5541,25.6717,route.tier2.menu-camp,Covering,2
3195,90867.7296,28.1755,route.tier2.menu-camp,Covering,2
3196,90898.0892,30.3596,route.tier2.menu-camp,Covering,2
3197,90925.9682,27.8789,route.tier2.menu-camp,Covering,2
3198,90950.7689,24.8008,route.tier2.menu-camp,Covering,2
3199,90980.7916,30.0227,route.tier2.menu-camp,Covering,2
3200,91011.8033,31.0118,route.tier2.menu-camp,Covering,2
3201,91041.9924,30.1889,route.tier2.menu-camp,Covering,2
3202,91077.9847,35.9924,route.tier2.menu-camp,Covering,2
3203,91109.2549,31.2701,route.tier2.menu-camp,Covering,2
3204,91143.3201,34.0653,route.tier2.menu-camp,Covering,2
3205,91177.5583,34.2383,route.tier2.menu-camp,Covering,2
3206,91214.1753,36.6169,route.tier2.menu-camp,Covering,2
3207,91249.0922,34.9169,route.tier2.menu-camp,Covering,2
3208,91285.2411,36.1489,route.tier2.menu-camp,Covering,2
3209,91320.1925,34.9514,route.tier2.menu-camp,Covering,2
3210,91357.1635,36.971,route.tier2.menu-camp,Covering,2
3211,91389.2008,32.0373,route.tier2.menu-camp,Covering,2
3212,91425.5436,36.3429,route.tier2.menu-camp,Covering,2
3213,91469.1236,43.5798,route.tier2.menu-camp,Covering,2
3214,91502.9377,33.8142,route.tier2.menu-camp,Covering,2
3215,91538.9487,36.011,route.tier2.menu-camp,Covering,2
3216,91571.2976,32.3488,route.tier2.menu-camp,Covering,2
3217,91607.3662,36.0686,route.tier2.menu-camp,Covering,2
3218,91644.0477,36.6816,route.tier2.menu-camp,Covering,2
3219,91693.7698,49.7221,route.tier2.menu-camp,Covering,2
3220,91738.1986,44.4287,route.tier2.menu-camp,Covering,2
3221,91783.7156,45.5171,route.tier2.menu-camp,Covering,2
3222,91827.4935,43.7778,route.tier2.menu-camp,Covering,2
3223,91875.1992,47.7057,route.tier2.menu-camp,Covering,2
3224,91911.0957,35.8966,route.tier2.menu-camp,CoveredLoading,2
3225,91929.134,18.0383,route.tier2.menu-camp,CoveredLoading,2
3226,91995.2883,66.1543,route.tier2.menu-camp,CoveredLoading,2
3227,92101.5402,106.2517,route.tier2.menu-camp,CoveredLoading,2
3228,92145.1594,43.6194,route.tier2.menu-camp,CoveredLoading,2
3229,92227.4161,82.2568,route.tier2.menu-camp,CoveredLoading,2
3230,92248.4653,21.049,route.tier2.menu-camp,CoveredLoading,2
3231,92375.9052,127.44,route.tier2.menu-camp,CoveredLoading,2
3232,92401.7573,25.8522,route.tier2.menu-camp,CoveredLoading,2
3233,92437.7047,35.9474,route.tier2.menu-camp,CoveredLoading,2
3234,92475.2214,37.5166,route.tier2.menu-camp,CoveredLoading,2
3235,92510.4682,35.2468,route.tier2.menu-camp,CoveredLoading,2
3236,92557.3814,46.9132,route.tier2.menu-camp,CoveredLoading,2
3237,92621.2303,63.8486,route.tier2.menu-camp,CoveredLoading,2
3238,92636.9624,15.7324,route.tier2.menu-camp,CoveredLoading,2
3239,92674.5824,37.6199,route.tier2.menu-camp,CoveredLoading,2
3240,92708.7072,34.1248,route.tier2.menu-camp,CoveredLoading,2
3241,92742.9677,34.2604,route.tier2.menu-camp,CoveredLoading,2
3242,92778.9001,35.9327,route.tier2.menu-camp,CoveredLoading,2
3243,92819.8769,40.9767,route.tier2.menu-camp,CoveredLoading,2
3244,92857.9326,38.0557,route.tier2.menu-camp,CoveredLoading,2
3245,92893.0498,35.1172,route.tier2.menu-camp,CoveredLoading,2
3246,92933.4276,40.3777,route.tier2.menu-camp,Preparing,2
3247,92973.3158,39.8883,route.tier2.menu-camp,Preparing,2
3248,93012.826,39.5103,route.tier2.menu-camp,Preparing,2
3249,93049.57,36.7439,route.tier2.menu-camp,Preparing,2
3250,93097.1182,47.548,route.tier2.menu-camp,Preparing,2
3251,93133.4715,36.3535,route.tier2.menu-camp,Preparing,2
3252,93168.3151,34.8436,route.tier2.menu-camp,Revealing,2
3253,93202.7169,34.4016,route.tier2.menu-camp,Revealing,2
3254,93236.7699,34.0532,route.tier2.menu-camp,Revealing,2
3255,93276.2017,39.4318,route.tier2.menu-camp,Revealing,2
3256,93317.1547,40.953,route.tier2.menu-camp,Revealing,2
3257,93350.5445,33.3898,route.tier2.menu-camp,Revealing,2
3258,93385.0153,34.4708,route.tier2.menu-camp,Revealing,2
3259,93419.8805,34.8652,route.tier2.menu-camp,Revealing,2
3260,93456.5486,36.6681,route.tier2.menu-camp,Revealing,2
3261,93491.3126,34.764,route.tier2.menu-camp,Revealing,2
3262,93525.8996,34.5869,route.tier2.menu-camp,Revealing,2
3263,93564.4981,38.5987,route.tier2.menu-camp,Revealing,2
3264,93601.3707,36.8725,route.tier2.menu-camp,Revealing,2
3265,93636.3596,34.9889,route.tier2.menu-camp,Revealing,2
3266,93676.1366,39.777,route.tier2.menu-camp,Revealing,2
3267,93717.2112,41.0746,route.tier2.menu-camp,Revealing,2
3268,93751.2326,34.0214,route.tier2.menu-camp,Revealing,2
3269,93785.6673,34.4346,route.tier2.menu-camp,Revealing,2
3270,93821.725,36.0577,route.tier2.menu-camp,Revealing,2
3271,93855.1595,33.4346,route.tier2.menu-camp,Revealing,2
3272,93888.2576,33.0981,route.tier2.menu-camp,Revealing,2
3273,93918.0302,29.7726,route.tier2.menu-camp,Revealing,2
3274,93949.6902,31.66,route.tier2.menu-camp,Revealing,2
3275,93980.8089,31.1186,route.tier2.menu-camp,Revealing,2
3276,94012.1591,31.3503,route.tier2.menu-camp,Revealing,2
3277,94047.4539,35.2948,route.tier2.menu-camp,Revealing,2
3278,94072.406,24.9521,route.tier2.menu-camp,Revealing,2
3279,94101.9802,29.5742,route.tier2.menu-camp,Revealing,2
3280,94132.5596,30.5795,route.tier2.menu-camp,Revealing,2
3281,94163.9537,31.394,route.tier2.menu-camp,Revealing,2
3282,94193.5789,29.6252,route.tier2.menu-camp,Revealing,2
3283,94219.1315,25.5526,route.tier2.menu-camp,Revealing,2
3284,94249.6194,30.4879,route.tier2.menu-camp,Revealing,2
3285,94285.8878,36.2684,route.tier2.menu-camp,Revealing,2
3286,94316.3865,30.4987,route.tier2.menu-camp,Revealing,2
3287,94347.1034,30.7168,route.tier2.menu-camp,Revealing,2
3288,94376.1516,29.0483,route.tier2.menu-camp,Revealing,2
3289,94405.0949,28.9433,route.tier2.menu-camp,Revealing,2
3290,94434.3597,29.2648,route.tier2.menu-camp,Revealing,2
3291,94464.9893,30.6296,route.tier2.menu-camp,Revealing,2
3292,94494.2266,29.2373,route.tier2.menu-camp,Revealing,2
3293,94519.7209,25.4943,route.tier2.menu-camp,Revealing,2
3294,94550.7865,31.0656,route.tier2.menu-camp,Revealing,2
3295,94582.9123,32.1258,route.tier2.menu-camp,Idle,2
3296,94617.0155,34.1032,audit.snapshot.route.tier2.menu-camp.ready,Idle,2
3297,94643.6049,26.5894,audit.snapshot.route.tier2.menu-camp.ready,Idle,2
3298,94669.3612,25.7563,audit.snapshot.route.tier2.menu-camp.ready,Idle,2
3299,94698.2438,28.8827,audit.snapshot.route.tier2.menu-camp.ready,Idle,2
3300,94726.3896,28.1457,audit.snapshot.route.tier2.menu-camp.ready,Idle,2
3301,94750.3233,23.9337,audit.snapshot.route.tier2.menu-camp.ready,Idle,2
3302,94777.793,27.4697,audit.snapshot.route.tier2.menu-camp.ready,Idle,2
3303,94805.4651,27.6721,audit.snapshot.route.tier2.menu-camp.ready,Idle,2
3304,94833.1778,27.7126,audit.snapshot.route.tier2.menu-camp.ready,Idle,2
3305,94867.7549,34.5772,audit.snapshot.route.tier2.menu-camp.ready,Idle,2
3306,94897.432,29.677,audit.snapshot.route.tier2.menu-camp.ready,Idle,2
3307,94925.0267,27.5948,audit.snapshot.route.tier2.menu-camp.ready,Idle,2
3308,94949.3626,24.3358,audit.snapshot.route.tier2.menu-camp.ready,Idle,2
3309,94977.1463,27.7839,audit.snapshot.route.tier2.menu-camp.ready,Idle,2
3310,95002.7959,25.6495,audit.snapshot.route.tier2.menu-camp.ready,Idle,2
3311,95031.6112,28.8152,audit.snapshot.route.tier2.menu-camp.ready,Idle,2
3312,95059.7968,28.1857,audit.snapshot.route.tier2.menu-camp.ready,Idle,2
3313,95083.5745,23.7775,audit.snapshot.route.tier2.menu-camp.ready,Idle,2
3314,95111.3272,27.7528,audit.snapshot.route.tier2.menu-camp.ready,Idle,2
3315,95136.5572,25.2302,audit.snapshot.route.tier2.menu-camp.ready,Idle,2
3316,95166.0268,29.4696,audit.snapshot.route.tier2.menu-camp.ready,Idle,2
3317,95194.4135,28.3866,audit.snapshot.route.tier2.menu-camp.ready,Idle,2
3318,95218.2713,23.8577,audit.snapshot.route.tier2.menu-camp.ready,Idle,2
3319,95247.6773,29.4061,audit.snapshot.route.tier2.menu-camp.ready,Idle,2
3320,95275.7199,28.0426,audit.snapshot.route.tier2.menu-camp.ready,Idle,2
3321,95301.8753,26.1554,audit.snapshot.route.tier2.menu-camp.ready,Idle,2
3322,95332.5958,30.7205,audit.snapshot.route.tier2.menu-camp.ready,Idle,2
3323,95362.6659,30.0701,audit.snapshot.route.tier2.menu-camp.ready,Idle,2
3324,95397.6729,35.0069,audit.snapshot.route.tier2.menu-camp.ready,Idle,2
3325,95425.0694,27.3966,audit.snapshot.route.tier2.menu-camp.ready,Idle,2
3326,95449.7374,24.668,camp.summer.tier2.empty,Idle,2
3327,95483.5122,33.7749,camp.summer.tier2.empty,Idle,2
3328,95510.9885,27.4762,camp.summer.tier2.empty,Idle,2
3329,95538.2374,27.2489,camp.summer.tier2.empty,Idle,2
3330,95566.3335,28.096,camp.summer.tier2.empty,Idle,2
3331,95594.1432,27.8097,camp.summer.tier2.empty,Idle,2
3332,95618.2387,24.0956,camp.summer.tier2.empty,Idle,2
3333,95649.3503,31.1116,camp.summer.tier2.empty,Idle,2
3334,95692.052,42.7017,camp.summer.tier2.empty,Idle,2
3335,95723.496,31.444,camp.summer.tier2.empty,Idle,2
3336,95757.4156,33.9196,camp.summer.tier2.empty,Idle,2
3337,95795.4479,38.0323,camp.summer.tier2.empty,Idle,2
3338,95830.0806,34.6328,camp.summer.tier2.empty,Idle,2
3339,95864.5945,34.5138,camp.summer.tier2.empty,Idle,2
3340,95901.7305,37.1359,camp.summer.tier2.empty,Idle,2
3341,95939.3925,37.6621,camp.summer.tier2.empty,Idle,2
3342,95969.161,29.7685,camp.summer.tier2.empty,Idle,2
3343,95999.869,30.7081,camp.summer.tier2.empty,Idle,2
3344,96034.9573,35.0881,camp.summer.tier2.empty,Idle,2
3345,96072.961,38.0038,camp.summer.tier2.empty,Idle,2
3346,96107.053,34.092,camp.summer.tier2.empty,Idle,2
3347,96136.7364,29.6834,camp.summer.tier2.empty,Idle,2
3348,96167.9057,31.1693,camp.summer.tier2.empty,Idle,2
3349,96206.1378,38.2319,camp.summer.tier2.empty,Idle,2
3350,96240.9453,34.8076,camp.summer.tier2.empty,Idle,2
3351,96278.6243,37.6791,camp.summer.tier2.empty,Idle,2
3352,96306.2214,27.5971,camp.summer.tier2.empty,Idle,2
3353,96335.9995,29.7781,camp.summer.tier2.empty,Idle,2
3354,96373.5204,37.5209,camp.summer.tier2.empty,Idle,2
3355,96408.0782,34.5577,camp.summer.tier2.empty,Idle,2
3356,96445.8531,37.7751,camp.summer.tier2.empty,Idle,2
3357,96475.7329,29.8796,camp.summer.tier2.empty,Idle,2
3358,96506.6976,30.9648,camp.summer.tier2.empty,Idle,2
3359,96540.9086,34.2109,camp.summer.tier2.empty,Idle,2
3360,96571.7427,30.8342,camp.summer.tier2.empty,Idle,2
3361,96599.3036,27.5609,camp.summer.tier2.empty,Idle,2
3362,96627.354,28.0503,camp.summer.tier2.empty,Idle,2
3363,96662.729,35.375,camp.summer.tier2.empty,Idle,2
3364,96691.918,29.189,camp.summer.tier2.empty,Idle,2
3365,96716.5654,24.6475,camp.summer.tier2.empty,Idle,2
3366,96744.4444,27.879,camp.summer.tier2.empty,Idle,2
3367,96772.1139,27.6694,camp.summer.tier2.empty,Idle,2
3368,96799.4741,27.3603,camp.summer.tier2.empty,Idle,2
3369,96827.9841,28.51,camp.summer.tier2.empty,Idle,2
3370,96852.009,24.025,camp.summer.tier2.empty,Idle,2
3371,96881.4036,29.3945,camp.summer.tier2.empty,Idle,2
3372,96909.329,27.9254,camp.summer.tier2.empty,Idle,2
3373,96935.2591,25.9301,camp.summer.tier2.empty,Idle,2
3374,96964.1693,28.9102,camp.summer.tier2.empty,Idle,2
3375,96991.9416,27.7723,camp.summer.tier2.empty,Idle,2
3376,97016.4825,24.5408,camp.summer.tier2.empty,Idle,2
3377,97046.0316,29.5491,camp.summer.tier2.empty,Idle,2
3378,97071.7847,25.7532,camp.summer.tier2.empty,Idle,2
3379,97099.4226,27.6379,camp.summer.tier2.empty,Idle,2
3380,97127.8801,28.4575,camp.summer.tier2.empty,Idle,2
3381,97151.7079,23.8278,camp.summer.tier2.empty,Idle,2
3382,97181.1946,29.4867,camp.summer.tier2.empty,Idle,2
3383,97209.1043,27.9096,camp.summer.tier2.empty,Idle,2
3384,97235.2779,26.1738,camp.summer.tier2.empty,Idle,2
3385,97265.8817,30.6037,camp.summer.tier2.empty,Idle,2
3386,97298.0429,32.161,camp.summer.tier2.empty,Idle,2
3387,97332.0428,34.0001,camp.summer.tier2.empty,Idle,2
3388,97364.4622,32.4194,camp.summer.tier2.empty,Idle,2
3389,97392.4156,27.9533,camp.summer.tier2.empty,Idle,2
3390,97416.6982,24.2827,camp.summer.tier2.empty,Idle,2
3391,97446.0179,29.3197,camp.summer.tier2.empty,Idle,2
3392,97472.0302,26.0123,camp.summer.tier2.empty,Idle,2
3393,97499.7746,27.7444,camp.summer.tier2.empty,Idle,2
3394,97528.0694,28.2948,camp.summer.tier2.empty,Idle,2
3395,97552.3182,24.2487,camp.summer.tier2.empty,Idle,2
3396,97581.6127,29.2947,camp.summer.tier2.empty,Idle,2
3397,97609.442,27.8292,camp.summer.tier2.empty,Idle,2
3398,97635.3222,25.8802,camp.summer.tier2.empty,Idle,2
3399,97664.8013,29.4791,camp.summer.tier2.empty,Idle,2
3400,97692.4881,27.6868,camp.summer.tier2.empty,Idle,2
3401,97717.1376,24.6494,camp.summer.tier2.empty,Idle,2
3402,97745.9683,28.8307,camp.summer.tier2.empty,Idle,2
3403,97772.2017,26.2334,camp.summer.tier2.empty,Idle,2
3404,97799.559,27.3574,camp.summer.tier2.empty,Idle,2
3405,97828.0608,28.5018,camp.summer.tier2.empty,Idle,2
3406,97852.0313,23.9705,camp.summer.tier2.empty,Idle,2
3407,97881.7031,29.6718,camp.summer.tier2.empty,Idle,2
3408,97910.7599,29.0568,camp.summer.tier2.empty,Idle,2
3409,97940.2888,29.5289,camp.summer.tier2.empty,Idle,2
3410,97969.7446,29.4557,camp.summer.tier2.empty,Idle,2
3411,97999.4993,29.7549,camp.summer.tier2.empty,Idle,2
3412,98027.6229,28.1235,camp.summer.tier2.empty,Idle,2
3413,98051.6096,23.9867,camp.summer.tier2.empty,Idle,2
3414,98080.9771,29.3674,camp.summer.tier2.empty,Idle,2
3415,98108.6592,27.6823,camp.summer.tier2.empty,Idle,2
3416,98140.2338,31.5745,camp.summer.tier2.empty,Idle,2
3417,98169.8547,29.6208,camp.summer.tier2.empty,Idle,2
3418,98199.2931,29.4386,camp.summer.tier2.empty,Idle,2
3419,98227.7958,28.5026,camp.summer.tier2.empty,Idle,2
3420,98251.2489,23.4532,camp.summer.tier2.empty,Idle,2
3421,98281.3079,30.0589,camp.summer.tier2.empty,Idle,2
3422,98308.7811,27.4732,camp.summer.tier2.empty,Idle,2
3423,98334.8843,26.1032,camp.summer.tier2.empty,Idle,2
3424,98362.3456,27.4613,camp.summer.tier2.empty,Idle,2
3425,98392.3548,30.0091,camp.summer.tier2.empty,Idle,2
3426,98414.1285,21.7737,camp.summer.tier2.empty,Idle,2
3427,98442.0675,27.9391,camp.summer.tier2.empty,Idle,2
3428,98469.6079,27.5404,camp.summer.tier2.empty,Idle,2
3429,98496.5331,26.9252,camp.summer.tier2.empty,Idle,2
3430,98523.1454,26.6123,camp.summer.tier2.empty,Idle,2
3431,98556.5942,33.4488,camp.summer.tier2.empty,Idle,2
3432,98584.0434,27.4492,camp.summer.tier2.empty,Idle,2
3433,98609.9942,25.9507,camp.summer.tier2.empty,Idle,2
3434,98638.0542,28.06,camp.summer.tier2.empty,Idle,2
3435,98667.1294,29.0753,camp.summer.tier2.empty,Idle,2
3436,98692.0806,24.9511,camp.summer.tier2.empty,Idle,2
3437,98719.2932,27.2127,camp.summer.tier2.empty,Idle,2
3438,98746.5959,27.3027,camp.summer.tier2.empty,Idle,2
3439,98773.1161,26.5201,camp.summer.tier2.empty,Idle,2
3440,98801.8874,28.7712,camp.summer.tier2.empty,Idle,2
3441,98829.493,27.6058,camp.summer.tier2.empty,Idle,2
3442,98855.657,26.164,camp.summer.tier2.empty,Idle,2
3443,98883.0621,27.4051,camp.summer.tier2.empty,Idle,2
3444,98907.9805,24.9183,camp.summer.tier2.empty,Idle,2
3445,98936.9876,29.0071,camp.summer.tier2.empty,Idle,2
3446,99013.3589,76.3714,audit.snapshot.camp.summer.tier2.empty,Idle,2
3447,99035.7597,22.4007,audit.snapshot.camp.summer.tier2.empty,Idle,2
3448,99063.1428,27.3833,audit.snapshot.camp.summer.tier2.empty,Idle,2
3449,99089.7082,26.5653,audit.snapshot.camp.summer.tier2.empty,Idle,2
3450,99117.3141,27.6058,audit.snapshot.camp.summer.tier2.empty,Idle,2
3451,99152.1194,34.8053,audit.snapshot.camp.summer.tier2.empty,Idle,2
3452,99180.5538,28.4345,audit.snapshot.camp.summer.tier2.empty,Idle,2
3453,99209.2342,28.6804,audit.snapshot.camp.summer.tier2.empty,Idle,2
3454,99236.6751,27.441,audit.snapshot.camp.summer.tier2.empty,Idle,2
3455,99266.0065,29.3313,audit.snapshot.camp.summer.tier2.empty,Idle,2
3456,99291.2702,25.2637,audit.snapshot.camp.summer.tier2.empty,Idle,2
3457,99318.5961,27.3259,audit.snapshot.camp.summer.tier2.empty,Idle,2
3458,99346.4083,27.8122,audit.snapshot.camp.summer.tier2.empty,Idle,2
3459,99373.1235,26.7152,audit.snapshot.camp.summer.tier2.empty,Idle,2
3460,99402.5141,29.3906,audit.snapshot.camp.summer.tier2.empty,Idle,2
3461,99429.6553,27.1412,audit.snapshot.camp.summer.tier2.empty,Idle,2
3462,99456.2554,26.6001,audit.snapshot.camp.summer.tier2.empty,Idle,2
3463,99484.0287,27.7732,audit.snapshot.camp.summer.tier2.empty,Idle,2
3464,99513.1312,29.1026,audit.snapshot.camp.summer.tier2.empty,Idle,2
3465,99548.0512,34.92,audit.snapshot.camp.summer.tier2.empty,Idle,2
3466,99571.2779,23.2267,audit.snapshot.camp.summer.tier2.empty,Idle,2
3467,99600.6558,29.3779,audit.snapshot.camp.summer.tier2.empty,Idle,2
3468,99629.2879,28.632,audit.snapshot.camp.summer.tier2.empty,Idle,2
3469,99656.3384,27.0505,audit.snapshot.camp.summer.tier2.empty,Idle,2
3470,99692.2347,35.8964,audit.snapshot.camp.summer.tier2.empty,Idle,2
3471,99730.6671,38.4322,audit.snapshot.camp.summer.tier2.empty,Idle,2
3472,99766.3329,35.6658,audit.snapshot.camp.summer.tier2.empty,Idle,2
3473,99800.7461,34.4134,audit.snapshot.camp.summer.tier2.empty,Idle,2
3474,99835.7776,35.0315,audit.snapshot.camp.summer.tier2.empty,Idle,2
3475,99872.5609,36.7833,audit.snapshot.camp.summer.tier2.empty,Idle,2
3476,99907.3381,34.7773,camp.summer.tier2.solved,Idle,2
3477,99945.4501,38.1119,camp.summer.tier2.solved,Idle,2
3478,99974.092,28.6419,camp.summer.tier2.solved,Idle,2
3479,100019.3983,45.3063,camp.summer.tier2.solved,Idle,2
3480,100052.0628,32.6645,camp.summer.tier2.solved,Idle,2
3481,100088.9541,36.8913,camp.summer.tier2.solved,Idle,2
3482,100123.1382,34.1839,camp.summer.tier2.solved,Idle,2
3483,100151.0044,27.8664,camp.summer.tier2.solved,Idle,2
3484,100188.5431,37.5387,camp.summer.tier2.solved,Idle,2
3485,100222.951,34.4079,camp.summer.tier2.solved,Idle,2
3486,100257.7395,34.7884,camp.summer.tier2.solved,Idle,2
3487,100295.5359,37.7964,camp.summer.tier2.solved,Idle,2
3488,100322.2731,26.7372,camp.summer.tier2.solved,Idle,2
3489,100356.4722,34.1993,camp.summer.tier2.solved,Idle,2
3490,100393.8008,37.3285,camp.summer.tier2.solved,Idle,2
3491,100433.2422,39.4414,camp.summer.tier2.solved,Idle,2
3492,100467.0388,33.7966,camp.summer.tier2.solved,Idle,2
3493,100501.6821,34.6433,camp.summer.tier2.solved,Idle,2
3494,100538.6371,36.9548,camp.summer.tier2.solved,Idle,2
3495,100569.7367,31.0998,camp.summer.tier2.solved,Idle,2
3496,100598.9128,29.176,camp.summer.tier2.solved,Idle,2
3497,100623.8839,24.9712,camp.summer.tier2.solved,Idle,2
3498,100662.0253,38.1414,camp.summer.tier2.solved,Idle,2
3499,100700.1105,38.0852,camp.summer.tier2.solved,Idle,2
3500,100725.4346,25.3241,camp.summer.tier2.solved,Idle,2
3501,100752.7485,27.3139,camp.summer.tier2.solved,Idle,2
3502,100778.5738,25.8253,camp.summer.tier2.solved,Idle,2
3503,100808.5691,29.9953,camp.summer.tier2.solved,Idle,2
3504,100836.6685,28.0994,camp.summer.tier2.solved,Idle,2
3505,100863.7647,27.0962,camp.summer.tier2.solved,Idle,2
3506,100890.5754,26.8107,camp.summer.tier2.solved,Idle,2
3507,100918.1473,27.5718,camp.summer.tier2.solved,Idle,2
3508,100952.4684,34.3212,camp.summer.tier2.solved,Idle,2
3509,100980.5139,28.0452,camp.summer.tier2.solved,Idle,2
3510,101008.7721,28.2584,camp.summer.tier2.solved,Idle,2
3511,101036.7542,27.9822,camp.summer.tier2.solved,Idle,2
3512,101066.1636,29.4095,camp.summer.tier2.solved,Idle,2
3513,101091.4948,25.3311,camp.summer.tier2.solved,Idle,2
3514,101118.7103,27.2155,camp.summer.tier2.solved,Idle,2
3515,101146.6541,27.9438,camp.summer.tier2.solved,Idle,2
3516,101173.4348,26.7806,camp.summer.tier2.solved,Idle,2
3517,101203.1838,29.749,camp.summer.tier2.solved,Idle,2
3518,101232.0387,28.855,camp.summer.tier2.solved,Idle,2
3519,101257.4129,25.3742,camp.summer.tier2.solved,Idle,2
3520,101284.5477,27.1348,camp.summer.tier2.solved,Idle,2
3521,101312.6477,28.1,camp.summer.tier2.solved,Idle,2
3522,101339.4013,26.7536,camp.summer.tier2.solved,Idle,2
3523,101368.5501,29.1488,camp.summer.tier2.solved,Idle,2
3524,101396.4073,27.8572,camp.summer.tier2.solved,Idle,2
3525,101423.1579,26.7506,camp.summer.tier2.solved,Idle,2
3526,101450.6067,27.4488,camp.summer.tier2.solved,Idle,2
3527,101475.5829,24.9762,camp.summer.tier2.solved,Idle,2
3528,101506.813,31.2301,camp.summer.tier2.solved,Idle,2
3529,101536.4339,29.6208,camp.summer.tier2.solved,Idle,2
3530,101569.1663,32.7325,camp.summer.tier2.solved,Idle,2
3531,101597.049,27.8826,camp.summer.tier2.solved,Idle,2
3532,101623.7118,26.6629,camp.summer.tier2.solved,Idle,2
3533,101650.9437,27.2318,camp.summer.tier2.solved,Idle,2
3534,101677.6351,26.6914,camp.summer.tier2.solved,Idle,2
3535,101706.1498,28.5142,camp.summer.tier2.solved,Idle,2
3536,101735.3225,29.1733,camp.summer.tier2.solved,Idle,2
3537,101763.3096,27.9871,camp.summer.tier2.solved,Idle,2
3538,101789.9246,26.615,camp.summer.tier2.solved,Idle,2
3539,101817.4259,27.5011,camp.summer.tier2.solved,Idle,2
3540,101842.3628,24.937,camp.summer.tier2.solved,Idle,2
3541,101872.012,29.6492,camp.summer.tier2.solved,Idle,2
3542,101901.3541,29.3421,camp.summer.tier2.solved,Idle,2
3543,101931.0472,29.6932,camp.summer.tier2.solved,Idle,2
3544,101955.6293,24.582,camp.summer.tier2.solved,Idle,2
3545,101983.0546,27.4253,camp.summer.tier2.solved,Idle,2
3546,102008.3288,25.2743,camp.summer.tier2.solved,Idle,2
3547,102037.8139,29.4851,camp.summer.tier2.solved,Idle,2
3548,102066.7882,28.9743,camp.summer.tier2.solved,Idle,2
3549,102092.4029,25.6147,camp.summer.tier2.solved,Idle,2
3550,102122.0804,29.6775,camp.summer.tier2.solved,Idle,2
3551,102156.3348,34.2543,camp.summer.tier2.solved,Idle,2
3552,102184.2001,27.8654,camp.summer.tier2.solved,Idle,2
3553,102210.3092,26.1092,camp.summer.tier2.solved,Idle,2
3554,102238.9553,28.6458,camp.summer.tier2.solved,Idle,2
3555,102268.3899,29.4348,camp.summer.tier2.solved,Idle,2
3556,102297.8443,29.4544,camp.summer.tier2.solved,Idle,2
3557,102322.693,24.8488,camp.summer.tier2.solved,Idle,2
3558,102350.5695,27.8764,camp.summer.tier2.solved,Idle,2
3559,102376.5801,26.0106,camp.summer.tier2.solved,Idle,2
3560,102405.1675,28.5871,camp.summer.tier2.solved,Idle,2
3561,102434.7492,29.5819,camp.summer.tier2.solved,Idle,2
3562,102464.2449,29.4958,camp.summer.tier2.solved,Idle,2
3563,102488.9643,24.7194,camp.summer.tier2.solved,Idle,2
3564,102516.4359,27.4715,camp.summer.tier2.solved,Idle,2
3565,102541.7287,25.293,camp.summer.tier2.solved,Idle,2
3566,102571.6158,29.8869,camp.summer.tier2.solved,Idle,2
3567,102600.9177,29.302,camp.summer.tier2.solved,Idle,2
3568,102630.6014,29.6837,camp.summer.tier2.solved,Idle,2
3569,102655.6937,25.0923,camp.summer.tier2.solved,Idle,2
3570,102683.4265,27.7327,camp.summer.tier2.solved,Idle,2
3571,102711.4873,28.0609,camp.summer.tier2.solved,Idle,2
3572,102743.5494,32.062,camp.summer.tier2.solved,Idle,2
3573,102785.1259,41.5766,camp.summer.tier2.solved,Idle,2
3574,102832.0186,46.8926,camp.summer.tier2.solved,Idle,2
3575,102859.7827,27.7641,camp.summer.tier2.solved,Idle,2
3576,102885.734,25.9513,camp.summer.tier2.solved,Idle,2
3577,102917.9495,32.2156,camp.summer.tier2.solved,Idle,2
3578,102945.5075,27.5578,camp.summer.tier2.solved,Idle,2
3579,102982.4681,36.9605,camp.summer.tier2.solved,Idle,2
3580,103016.7991,34.3312,camp.summer.tier2.solved,Idle,2
3581,103050.708,33.9089,camp.summer.tier2.solved,Idle,2
3582,103085.7083,35.0004,camp.summer.tier2.solved,Idle,2
3583,103115.8441,30.1359,camp.summer.tier2.solved,Idle,2
3584,103144.363,28.5188,camp.summer.tier2.solved,Idle,2
3585,103177.7234,33.3602,camp.summer.tier2.solved,Idle,2
3586,103212.3777,34.6545,camp.summer.tier2.solved,Idle,2
3587,103248.8245,36.4467,camp.summer.tier2.solved,Idle,2
3588,103279.6212,30.7967,camp.summer.tier2.solved,Idle,2
3589,103305.1536,25.5323,camp.summer.tier2.solved,Idle,2
3590,103348.2309,43.0774,camp.summer.tier2.solved,Idle,2
3591,103384.2611,36.0303,camp.summer.tier2.solved,Idle,2
3592,103415.1382,30.8771,camp.summer.tier2.solved,Idle,2
3593,103445.5178,30.3796,camp.summer.tier2.solved,Idle,2
3594,103474.572,29.0542,camp.summer.tier2.solved,Idle,2
3595,103500.3299,25.7579,camp.summer.tier2.solved,Idle,2
3596,103530.4677,30.1378,route.tier2.camp-menu,Covering,2
3597,103584.9515,54.4839,route.tier2.camp-menu,Covering,2
3598,103623.8385,38.8869,route.tier2.camp-menu,Covering,2
3599,103650.3442,26.5056,route.tier2.camp-menu,Covering,2
3600,103691.5871,41.243,route.tier2.camp-menu,Covering,2
3601,103738.1646,46.5774,route.tier2.camp-menu,Covering,2
3602,103775.6157,37.451,route.tier2.camp-menu,Covering,2
3603,103795.977,20.3614,route.tier2.camp-menu,Covering,2
3604,103831.4862,35.5093,route.tier2.camp-menu,Covering,2
3605,103885.8986,54.4124,route.tier2.camp-menu,Covering,2
3606,103962.2211,76.3224,route.tier2.camp-menu,Covering,2
3607,104023.3075,61.0863,route.tier2.camp-menu,Covering,2
3608,104075.8033,52.4959,route.tier2.camp-menu,Covering,2
3609,104135.4117,59.6085,route.tier2.camp-menu,Covering,2
3610,104185.2988,49.887,route.tier2.camp-menu,Covering,2
3611,104231.7548,46.4561,route.tier2.camp-menu,Covering,2
3612,104281.4008,49.6459,route.tier2.camp-menu,Covering,2
3613,104322.8123,41.4116,route.tier2.camp-menu,Covering,2
3614,104380.8539,58.0416,route.tier2.camp-menu,Covering,2
3615,104435.5728,54.7189,route.tier2.camp-menu,Covering,2
3616,104489.2291,53.6563,route.tier2.camp-menu,Covering,2
3617,104537.1459,47.9168,route.tier2.camp-menu,Covering,2
3618,104577.0052,39.8593,route.tier2.camp-menu,Covering,2
3619,104612.6393,35.634,route.tier2.camp-menu,Covering,2
3620,104655.745,43.1057,route.tier2.camp-menu,Covering,2
3621,104713.579,57.8339,route.tier2.camp-menu,Covering,2
3622,104762.8966,49.3174,route.tier2.camp-menu,Covering,2
3623,104788.7014,25.8052,route.tier2.camp-menu,Covering,2
3624,104828.7931,40.0916,route.tier2.camp-menu,Covering,2
3625,104867.7857,38.9927,route.tier2.camp-menu,Covering,2
3626,104919.0491,51.2635,route.tier2.camp-menu,Covering,2
3627,104940.9311,21.8818,route.tier2.camp-menu,Covering,2
3628,104999.6495,58.7184,route.tier2.camp-menu,Covering,2
3629,105045.0463,45.3969,route.tier2.camp-menu,Covering,2
3630,105107.8667,62.8202,route.tier2.camp-menu,Covering,2
3631,105161.0373,53.1708,route.tier2.camp-menu,CoveredLoading,2
3632,105190.3033,29.266,route.tier2.camp-menu,CoveredLoading,2
3633,105286.7359,96.4325,route.tier2.camp-menu,CoveredLoading,2
3634,105476.536,189.7998,route.tier2.camp-menu,CoveredLoading,2
3635,105494.5972,18.0615,route.tier2.camp-menu,CoveredLoading,2
3636,105523.4581,28.8609,route.tier2.camp-menu,CoveredLoading,2
3637,105548.8052,25.3472,route.tier2.camp-menu,CoveredLoading,2
3638,105610.1301,61.3248,route.tier2.camp-menu,CoveredLoading,2
3639,105712.3516,102.2216,route.tier2.camp-menu,CoveredLoading,2
3640,105741.3394,28.9877,route.tier2.camp-menu,CoveredLoading,2
3641,105770.1131,28.7738,route.tier2.camp-menu,CoveredLoading,2
3642,105800.5772,30.4641,route.tier2.camp-menu,CoveredLoading,2
3643,105841.9935,41.4162,route.tier2.camp-menu,CoveredLoading,2
3644,105902.7327,60.7387,route.tier2.camp-menu,CoveredLoading,2
3645,105918.4669,15.7349,route.tier2.camp-menu,CoveredLoading,2
3646,105959.1974,40.7303,route.tier2.camp-menu,CoveredLoading,2
3647,106011.5625,52.3652,route.tier2.camp-menu,CoveredLoading,2
3648,106050.3574,38.7949,route.tier2.camp-menu,CoveredLoading,2
3649,106098.8411,48.4837,route.tier2.camp-menu,CoveredLoading,2
3650,106141.7366,42.8955,route.tier2.camp-menu,CoveredLoading,2
3651,106175.4669,33.7303,route.tier2.camp-menu,CoveredLoading,2
3652,106211.0732,35.6063,route.tier2.camp-menu,CoveredLoading,2
3653,106258.0214,46.9482,route.tier2.camp-menu,CoveredLoading,2
3654,106294.0615,36.0401,route.tier2.camp-menu,CoveredLoading,2
3655,106327.4191,33.3576,route.tier2.camp-menu,CoveredLoading,2
3656,106358.1331,30.7139,route.tier2.camp-menu,CoveredLoading,2
3657,106391.9014,33.7684,route.tier2.camp-menu,Preparing,2
3658,106437.29,45.3886,route.tier2.camp-menu,Preparing,2
3659,106477.0665,39.7765,route.tier2.camp-menu,Preparing,2
3660,106512.1213,35.0548,route.tier2.camp-menu,Preparing,2
3661,106561.4622,49.3409,route.tier2.camp-menu,Preparing,2
3662,106594.5691,33.1069,route.tier2.camp-menu,Preparing,2
3663,106632.7914,38.2223,route.tier2.camp-menu,Preparing,2
3664,106670.2478,37.4564,route.tier2.camp-menu,Revealing,2
3665,106702.6045,32.3567,route.tier2.camp-menu,Revealing,2
3666,106734.8299,32.2253,route.tier2.camp-menu,Revealing,2
3667,106772.8661,38.0363,route.tier2.camp-menu,Revealing,2
3668,106812.7866,39.9205,route.tier2.camp-menu,Revealing,2
3669,106841.1315,28.3449,route.tier2.camp-menu,Revealing,2
3670,106874.9266,33.795,route.tier2.camp-menu,Revealing,2
3671,106908.2805,33.3539,route.tier2.camp-menu,Revealing,2
3672,106942.4269,34.1465,route.tier2.camp-menu,Revealing,2
3673,106977.2015,34.7746,route.tier2.camp-menu,Revealing,2
3674,107013.9062,36.7047,route.tier2.camp-menu,Revealing,2
3675,107043.8333,29.9271,route.tier2.camp-menu,Revealing,2
3676,107083.9503,40.1169,route.tier2.camp-menu,Revealing,2
3677,107122.2598,38.3096,route.tier2.camp-menu,Revealing,2
3678,107160.1872,37.9273,route.tier2.camp-menu,Revealing,2
3679,107194.0875,33.9003,route.tier2.camp-menu,Revealing,2
3680,107227.9056,33.8182,route.tier2.camp-menu,Revealing,2
3681,107264.1566,36.251,route.tier2.camp-menu,Revealing,2
3682,107297.6049,33.4482,route.tier2.camp-menu,Revealing,2
3683,107330.9633,33.3586,route.tier2.camp-menu,Revealing,2
3684,107363.2138,32.2505,route.tier2.camp-menu,Revealing,2
3685,107392.6879,29.474,route.tier2.camp-menu,Revealing,2
3686,107423.9728,31.2848,route.tier2.camp-menu,Revealing,2
3687,107447.2424,23.2696,route.tier2.camp-menu,Revealing,2
3688,107479.2913,32.049,route.tier2.camp-menu,Revealing,2
3689,107509.1754,29.884,route.tier2.camp-menu,Revealing,2
3690,107543.7023,34.5269,route.tier2.camp-menu,Revealing,2
3691,107568.1549,24.4526,route.tier2.camp-menu,Revealing,2
3692,107598.4278,30.2731,route.tier2.camp-menu,Revealing,2
3693,107624.3282,25.9003,route.tier2.camp-menu,Revealing,2
3694,107669.5413,45.213,route.tier2.camp-menu,Revealing,2
3695,107702.626,33.0848,route.tier2.camp-menu,Revealing,2
3696,107733.2817,30.6558,route.tier2.camp-menu,Revealing,2
3697,107755.2405,21.9586,route.tier2.camp-menu,Revealing,2
3698,107800.3836,45.1432,route.tier2.camp-menu,Revealing,2
3699,107848.0538,47.6702,route.tier2.camp-menu,Revealing,2
3700,107880.4358,32.382,route.tier2.camp-menu,Revealing,2
3701,107913.1175,32.6816,route.tier2.camp-menu,Revealing,2
3702,107942.1513,29.034,route.tier2.camp-menu,Revealing,2
3703,107973.7446,31.5931,route.tier2.camp-menu,Revealing,2
3704,108000.0383,26.2938,route.tier2.camp-menu,Revealing,2
3705,108028.4624,28.4241,route.tier2.camp-menu,Revealing,2
3706,108056.0201,27.5577,route.tier2.camp-menu,Revealing,2
3707,108083.9372,27.9171,route.tier2.camp-menu,Idle,2
3708,108117.5568,33.6195,audit.snapshot.route.tier2.camp-menu.ready,Idle,2
3709,108145.0126,27.4558,audit.snapshot.route.tier2.camp-menu.ready,Idle,2
3710,108169.2426,24.2301,audit.snapshot.route.tier2.camp-menu.ready,Idle,2
3711,108193.9596,24.717,audit.snapshot.route.tier2.camp-menu.ready,Idle,2
3712,108219.2095,25.25,audit.snapshot.route.tier2.camp-menu.ready,Idle,2
3713,108247.7636,28.5539,audit.snapshot.route.tier2.camp-menu.ready,Idle,2
3714,108274.4448,26.6813,audit.snapshot.route.tier2.camp-menu.ready,Idle,2
3715,108299.5655,25.1207,audit.snapshot.route.tier2.camp-menu.ready,Idle,2
3716,108324.8303,25.2648,audit.snapshot.route.tier2.camp-menu.ready,Idle,2
3717,108350.1186,25.2882,audit.snapshot.route.tier2.camp-menu.ready,Idle,2
3718,108377.5537,27.435,audit.snapshot.route.tier2.camp-menu.ready,Idle,2
3719,108402.0174,24.4639,audit.snapshot.route.tier2.camp-menu.ready,Idle,2
3720,108429.0355,27.0181,audit.snapshot.route.tier2.camp-menu.ready,Idle,2
3721,108452.4294,23.3939,audit.snapshot.route.tier2.camp-menu.ready,Idle,2
3722,108479.2004,26.771,audit.snapshot.route.tier2.camp-menu.ready,Idle,2
3723,108505.9508,26.7504,audit.snapshot.route.tier2.camp-menu.ready,Idle,2
3724,108533.0743,27.1235,audit.snapshot.route.tier2.camp-menu.ready,Idle,2
3725,108560.6043,27.5299,audit.snapshot.route.tier2.camp-menu.ready,Idle,2
3726,108583.9598,23.3556,audit.snapshot.route.tier2.camp-menu.ready,Idle,2
3727,108610.7453,26.7855,audit.snapshot.route.tier2.camp-menu.ready,Idle,2
3728,108635.8165,25.071,audit.snapshot.route.tier2.camp-menu.ready,Idle,2
3729,108662.2951,26.4788,audit.snapshot.route.tier2.camp-menu.ready,Idle,2
3730,108685.7994,23.5043,audit.snapshot.route.tier2.camp-menu.ready,Idle,2
3731,108712.6048,26.8054,audit.snapshot.route.tier2.camp-menu.ready,Idle,2
3732,108739.5121,26.9072,audit.snapshot.route.tier2.camp-menu.ready,Idle,2
3733,108766.6541,27.1421,audit.snapshot.route.tier2.camp-menu.ready,Idle,2
3734,108794.2646,27.6105,audit.snapshot.route.tier2.camp-menu.ready,Idle,2
3735,108817.3116,23.047,audit.snapshot.route.tier2.camp-menu.ready,Idle,2
3736,108844.1245,26.8129,audit.snapshot.route.tier2.camp-menu.ready,Idle,2
3737,108868.9843,24.8597,audit.snapshot.route.tier2.camp-menu.ready,Idle,2
3738,108897.0258,28.0416,route.high.normal.r1.menu-camp,Covering,2
3739,108957.8332,60.8073,route.high.normal.r1.menu-camp,Covering,2
3740,108990.3521,32.519,route.high.normal.r1.menu-camp,Covering,2
3741,109027.1703,36.8182,route.high.normal.r1.menu-camp,Covering,2
3742,109072.2191,45.0488,route.high.normal.r1.menu-camp,Covering,2
3743,109105.7774,33.5582,route.high.normal.r1.menu-camp,Covering,2
3744,109145.9897,40.2121,route.high.normal.r1.menu-camp,Covering,2
3745,109177.2409,31.2514,route.high.normal.r1.menu-camp,Covering,2
3746,109221.1588,43.9103,route.high.normal.r1.menu-camp,Covering,2
3747,109254.1926,33.0415,route.high.normal.r1.menu-camp,Covering,2
3748,109292.9846,38.792,route.high.normal.r1.menu-camp,Covering,2
3749,109339.0299,46.0452,route.high.normal.r1.menu-camp,Covering,2
3750,109380.3606,41.3309,route.high.normal.r1.menu-camp,Covering,2
3751,109417.0994,36.7387,route.high.normal.r1.menu-camp,Covering,2
3752,109458.7042,41.6047,route.high.normal.r1.menu-camp,Covering,2
3753,109501.0598,42.3557,route.high.normal.r1.menu-camp,Covering,2
3754,109549.5367,48.4768,route.high.normal.r1.menu-camp,Covering,2
3755,109601.0212,51.4846,route.high.normal.r1.menu-camp,Covering,2
3756,109653.1551,52.1339,route.high.normal.r1.menu-camp,Covering,2
3757,109709.9825,56.8274,route.high.normal.r1.menu-camp,Covering,2
3758,109766.9934,57.0108,route.high.normal.r1.menu-camp,Covering,2
3759,109812.8152,45.8219,route.high.normal.r1.menu-camp,Covering,2
3760,109859.56,46.7447,route.high.normal.r1.menu-camp,Covering,2
3761,109899.6353,40.0754,route.high.normal.r1.menu-camp,Covering,2
3762,109952.8878,53.2525,route.high.normal.r1.menu-camp,Covering,2
3763,109990.7505,37.8627,route.high.normal.r1.menu-camp,Covering,2
3764,110043.0281,52.2777,route.high.normal.r1.menu-camp,Covering,2
3765,110101.6504,58.6222,route.high.normal.r1.menu-camp,Covering,2
3766,110136.0005,34.3501,route.high.normal.r1.menu-camp,Covering,2
3767,110170.3505,34.35,route.high.normal.r1.menu-camp,Covering,2
3768,110207.042,36.6915,route.high.normal.r1.menu-camp,Covering,2
3769,110241.7188,34.6768,route.high.normal.r1.menu-camp,Covering,2
3770,110278.6286,36.9097,route.high.normal.r1.menu-camp,Covering,2
3771,110313.5248,34.8963,route.high.normal.r1.menu-camp,Covering,2
3772,110353.406,39.8812,route.high.normal.r1.menu-camp,Covering,2
3773,110399.0061,45.6,route.high.normal.r1.menu-camp,Covering,2
3774,110431.5946,32.5886,route.high.normal.r1.menu-camp,Covering,2
3775,110465.2838,33.6892,route.high.normal.r1.menu-camp,Covering,2
3776,110499.4872,34.2034,route.high.normal.r1.menu-camp,CoveredLoading,2
3777,110515.6766,16.1894,route.high.normal.r1.menu-camp,CoveredLoading,2
3778,110579.1443,63.4677,route.high.normal.r1.menu-camp,CoveredLoading,2
3779,110688.6427,109.4979,route.high.normal.r1.menu-camp,CoveredLoading,2
3780,110732.7159,44.0737,route.high.normal.r1.menu-camp,CoveredLoading,2
3781,110809.0494,76.3335,route.high.normal.r1.menu-camp,CoveredLoading,2
3782,110822.4057,13.3563,route.high.normal.r1.menu-camp,CoveredLoading,2
3783,110921.3711,98.9653,route.high.normal.r1.menu-camp,CoveredLoading,2
3784,110947.2442,25.8733,route.high.normal.r1.menu-camp,CoveredLoading,2
3785,110979.6548,32.4105,route.high.normal.r1.menu-camp,CoveredLoading,2
3786,111009.3164,29.6616,route.high.normal.r1.menu-camp,CoveredLoading,2
3787,111036.0708,26.7543,route.high.normal.r1.menu-camp,CoveredLoading,2
3788,111068.3431,32.2724,route.high.normal.r1.menu-camp,CoveredLoading,2
3789,111133.5349,65.184,route.high.normal.r1.menu-camp,CoveredLoading,2
3790,111148.2421,14.715,route.high.normal.r1.menu-camp,CoveredLoading,2
3791,111174.9206,26.6785,route.high.normal.r1.menu-camp,CoveredLoading,2
3792,111211.2117,36.2911,route.high.normal.r1.menu-camp,CoveredLoading,2
3793,111246.4523,35.2406,route.high.normal.r1.menu-camp,CoveredLoading,2
3794,111285.6351,39.1828,route.high.normal.r1.menu-camp,CoveredLoading,2
3795,111324.2055,38.5704,route.high.normal.r1.menu-camp,CoveredLoading,2
3796,111358.9324,34.7269,route.high.normal.r1.menu-camp,CoveredLoading,2
3797,111401.4088,42.4764,route.high.normal.r1.menu-camp,CoveredLoading,2
3798,111438.8432,37.4343,route.high.normal.r1.menu-camp,Preparing,2
3799,111471.9794,33.1363,route.high.normal.r1.menu-camp,Preparing,2
3800,111520.3662,48.3868,route.high.normal.r1.menu-camp,Preparing,2
3801,111534.4051,14.039,route.high.normal.r1.menu-camp,Preparing,2
3802,111585.1023,50.6969,route.high.normal.r1.menu-camp,Preparing,2
3803,111605.9051,20.8029,route.high.normal.r1.menu-camp,Preparing,2
3804,111651.3622,45.4572,route.high.normal.r1.menu-camp,Preparing,2
3805,111689.7043,38.3421,route.high.normal.r1.menu-camp,Revealing,2
3806,111723.4134,33.7091,route.high.normal.r1.menu-camp,Revealing,2
3807,111757.9651,34.5513,route.high.normal.r1.menu-camp,Revealing,2
3808,111794.3396,36.3749,route.high.normal.r1.menu-camp,Revealing,2
3809,111834.9744,40.6347,route.high.normal.r1.menu-camp,Revealing,2
3810,111866.8909,31.9165,route.high.normal.r1.menu-camp,Revealing,2
3811,111903.322,36.4312,route.high.normal.r1.menu-camp,Revealing,2
3812,111939.0861,35.764,route.high.normal.r1.menu-camp,Revealing,2
3813,111974.958,35.8718,route.high.normal.r1.menu-camp,Revealing,2
3814,112009.7377,34.7799,route.high.normal.r1.menu-camp,Revealing,2
3815,112045.9347,36.197,route.high.normal.r1.menu-camp,Revealing,2
3816,112093.778,47.8433,route.high.normal.r1.menu-camp,Revealing,2
3817,112127.0474,33.2693,route.high.normal.r1.menu-camp,Revealing,2
3818,112176.2309,49.1835,route.high.normal.r1.menu-camp,Revealing,2
3819,112191.4478,15.2169,route.high.normal.r1.menu-camp,Revealing,2
3820,112241.7107,50.2629,route.high.normal.r1.menu-camp,Revealing,2
3821,112285.6935,43.9829,route.high.normal.r1.menu-camp,Revealing,2
3822,112323.0535,37.3599,route.high.normal.r1.menu-camp,Revealing,2
3823,112356.8246,33.7712,route.high.normal.r1.menu-camp,Revealing,2
3824,112391.6315,34.8069,route.high.normal.r1.menu-camp,Revealing,2
3825,112424.346,32.7145,route.high.normal.r1.menu-camp,Revealing,2
3826,112453.1963,28.8503,route.high.normal.r1.menu-camp,Revealing,2
3827,112484.2587,31.0624,route.high.normal.r1.menu-camp,Revealing,2
3828,112515.0466,30.7879,route.high.normal.r1.menu-camp,Revealing,2
3829,112546.3327,31.2861,route.high.normal.r1.menu-camp,Revealing,2
3830,112579.1834,32.8507,route.high.normal.r1.menu-camp,Revealing,2
3831,112608.5337,29.3502,route.high.normal.r1.menu-camp,Revealing,2
3832,112651.9598,43.4261,route.high.normal.r1.menu-camp,Revealing,2
3833,112683.1296,31.1699,route.high.normal.r1.menu-camp,Revealing,2
3834,112714.2685,31.1389,route.high.normal.r1.menu-camp,Revealing,2
3835,112743.5482,29.2797,route.high.normal.r1.menu-camp,Revealing,2
3836,112774.4326,30.8843,route.high.normal.r1.menu-camp,Revealing,2
3837,112801.6182,27.1857,route.high.normal.r1.menu-camp,Revealing,2
3838,112843.2547,41.6365,route.high.normal.r1.menu-camp,Revealing,2
3839,112871.7442,28.4894,route.high.normal.r1.menu-camp,Revealing,2
3840,112920.4733,48.7291,route.high.normal.r1.menu-camp,Revealing,2
3841,112932.0933,11.62,route.high.normal.r1.menu-camp,Revealing,2
3842,112965.3038,33.2106,route.high.normal.r1.menu-camp,Revealing,2
3843,113005.0036,39.6998,route.high.normal.r1.menu-camp,Revealing,2
3844,113035.6831,30.6795,route.high.normal.r1.menu-camp,Revealing,2
3845,113074.2829,38.5997,route.high.normal.r1.menu-camp,Revealing,2
3846,113118.1205,43.8378,route.high.normal.r1.menu-camp,Idle,2
3847,113158.4434,40.3228,audit.snapshot.route.high.normal.r1.menu-camp.ready,Idle,2
3848,113180.0117,21.5683,audit.snapshot.route.high.normal.r1.menu-camp.ready,Idle,2
3849,113215.8156,35.8039,audit.snapshot.route.high.normal.r1.menu-camp.ready,Idle,2
3850,113266.4761,50.6605,audit.snapshot.route.high.normal.r1.menu-camp.ready,Idle,2
3851,113313.6418,47.1657,audit.snapshot.route.high.normal.r1.menu-camp.ready,Idle,2
3852,113324.8278,11.186,audit.snapshot.route.high.normal.r1.menu-camp.ready,Idle,2
3853,113348.4995,23.6717,audit.snapshot.route.high.normal.r1.menu-camp.ready,Idle,2
3854,113382.8146,34.315,audit.snapshot.route.high.normal.r1.menu-camp.ready,Idle,2
3855,113415.6317,32.817,audit.snapshot.route.high.normal.r1.menu-camp.ready,Idle,2
3856,113451.7322,36.1006,audit.snapshot.route.high.normal.r1.menu-camp.ready,Idle,2
3857,113485.9641,34.232,audit.snapshot.route.high.normal.r1.menu-camp.ready,Idle,2
3858,113515.6435,29.6794,audit.snapshot.route.high.normal.r1.menu-camp.ready,Idle,2
3859,113549.7686,34.1251,audit.snapshot.route.high.normal.r1.menu-camp.ready,Idle,2
3860,113583.7503,33.9817,audit.snapshot.route.high.normal.r1.menu-camp.ready,Idle,2
3861,113618.7111,34.9608,audit.snapshot.route.high.normal.r1.menu-camp.ready,Idle,2
3862,113655.2511,36.5398,audit.snapshot.route.high.normal.r1.menu-camp.ready,Idle,2
3863,113682.6377,27.3868,audit.snapshot.route.high.normal.r1.menu-camp.ready,Idle,2
3864,113717.0934,34.4555,audit.snapshot.route.high.normal.r1.menu-camp.ready,Idle,2
3865,113751.7714,34.6782,audit.snapshot.route.high.normal.r1.menu-camp.ready,Idle,2
3866,113786.5297,34.7583,audit.snapshot.route.high.normal.r1.menu-camp.ready,Idle,2
3867,113830.1942,43.6645,route.high.normal.r1.camp-menu,Covering,2
3868,113886.6022,56.408,route.high.normal.r1.camp-menu,Covering,2
3869,113931.9243,45.3221,route.high.normal.r1.camp-menu,Covering,2
3870,113953.57,21.6457,route.high.normal.r1.camp-menu,Covering,2
3871,113983.7272,30.1572,route.high.normal.r1.camp-menu,Covering,2
3872,114014.8336,31.1064,route.high.normal.r1.camp-menu,Covering,2
3873,114044.1521,29.3185,route.high.normal.r1.camp-menu,Covering,2
3874,114074.2465,30.0944,route.high.normal.r1.camp-menu,Covering,2
3875,114109.7602,35.5137,route.high.normal.r1.camp-menu,Covering,2
3876,114151.2089,41.4486,route.high.normal.r1.camp-menu,Covering,2
3877,114188.8338,37.625,route.high.normal.r1.camp-menu,Covering,2
3878,114224.1871,35.3532,route.high.normal.r1.camp-menu,Covering,2
3879,114237.6111,13.4241,route.high.normal.r1.camp-menu,Covering,2
3880,114285.0994,47.4883,route.high.normal.r1.camp-menu,Covering,2
3881,114334.9834,49.884,route.high.normal.r1.camp-menu,Covering,2
3882,114383.0766,48.0932,route.high.normal.r1.camp-menu,Covering,2
3883,114436.0972,53.0206,route.high.normal.r1.camp-menu,Covering,2
3884,114483.2515,47.1543,route.high.normal.r1.camp-menu,Covering,2
3885,114545.8848,62.6332,route.high.normal.r1.camp-menu,Covering,2
3886,114584.7792,38.8944,route.high.normal.r1.camp-menu,Covering,2
3887,114638.3816,53.6025,route.high.normal.r1.camp-menu,Covering,2
3888,114694.2824,55.9008,route.high.normal.r1.camp-menu,Covering,2
3889,114779.4245,85.1421,route.high.normal.r1.camp-menu,Covering,2
3890,114799.9357,20.5111,route.high.normal.r1.camp-menu,Covering,2
3891,114847.7857,47.8501,route.high.normal.r1.camp-menu,Covering,2
3892,114912.9693,65.1836,route.high.normal.r1.camp-menu,Covering,2
3893,114981.8728,68.9035,route.high.normal.r1.camp-menu,Covering,2
3894,115030.3576,48.4849,route.high.normal.r1.camp-menu,Covering,2
3895,115085.7282,55.3705,route.high.normal.r1.camp-menu,Covering,2
3896,115143.6391,57.9108,route.high.normal.r1.camp-menu,Covering,2
3897,115220.0492,76.4102,route.high.normal.r1.camp-menu,Covering,2
3898,115242.1779,22.1287,route.high.normal.r1.camp-menu,Covering,2
3899,115306.7163,64.5384,route.high.normal.r1.camp-menu,Covering,2
3900,115348.4524,41.7361,route.high.normal.r1.camp-menu,Covering,2
3901,115410.2677,61.8153,route.high.normal.r1.camp-menu,Covering,2
3902,115472.7911,62.5233,route.high.normal.r1.camp-menu,CoveredLoading,2
3903,115486.8131,14.022,route.high.normal.r1.camp-menu,CoveredLoading,2
3904,115565.7223,78.9093,route.high.normal.r1.camp-menu,CoveredLoading,2
3905,115760.6448,194.9221,route.high.normal.r1.camp-menu,CoveredLoading,2
3906,115779.502,18.8576,route.high.normal.r1.camp-menu,CoveredLoading,2
3907,115812.0689,32.567,route.high.normal.r1.camp-menu,CoveredLoading,2
3908,115832.3746,20.3055,route.high.normal.r1.camp-menu,CoveredLoading,2
3909,115898.3846,66.01,route.high.normal.r1.camp-menu,CoveredLoading,2
3910,116030.4025,132.0179,route.high.normal.r1.camp-menu,CoveredLoading,2
3911,116056.007,25.6046,route.high.normal.r1.camp-menu,CoveredLoading,2
3912,116095.7122,39.7052,route.high.normal.r1.camp-menu,CoveredLoading,2
3913,116175.558,79.8458,route.high.normal.r1.camp-menu,CoveredLoading,2
3914,116209.5335,33.9754,route.high.normal.r1.camp-menu,CoveredLoading,2
3915,116292.5613,83.0277,route.high.normal.r1.camp-menu,CoveredLoading,2
3916,116311.4608,18.8997,route.high.normal.r1.camp-menu,CoveredLoading,2
3917,116354.283,42.8223,route.high.normal.r1.camp-menu,CoveredLoading,2
3918,116420.6064,66.3231,route.high.normal.r1.camp-menu,CoveredLoading,2
3919,116442.1834,21.5773,route.high.normal.r1.camp-menu,CoveredLoading,2
3920,116483.3256,41.1421,route.high.normal.r1.camp-menu,CoveredLoading,2
3921,116516.9154,33.5896,route.high.normal.r1.camp-menu,CoveredLoading,2
3922,116549.5583,32.6428,route.high.normal.r1.camp-menu,CoveredLoading,2
3923,116603.7285,54.1704,route.high.normal.r1.camp-menu,CoveredLoading,2
3924,116633.1208,29.3922,route.high.normal.r1.camp-menu,CoveredLoading,2
3925,116669.7031,36.5825,route.high.normal.r1.camp-menu,CoveredLoading,2
3926,116712.718,43.0147,route.high.normal.r1.camp-menu,CoveredLoading,2
3927,116759.5491,46.8313,route.high.normal.r1.camp-menu,CoveredLoading,2
3928,116837.7731,78.224,route.high.normal.r1.camp-menu,CoveredLoading,2
3929,116864.0098,26.2367,route.high.normal.r1.camp-menu,Preparing,2
3930,116909.7825,45.7726,route.high.normal.r1.camp-menu,Preparing,2
3931,116955.6745,45.8921,route.high.normal.r1.camp-menu,Preparing,2
3932,117001.8282,46.1537,route.high.normal.r1.camp-menu,Preparing,2
3933,117045.6719,43.8436,route.high.normal.r1.camp-menu,Preparing,2
3934,117084.4325,38.7607,route.high.normal.r1.camp-menu,Preparing,2
3935,117127.5969,43.1644,route.high.normal.r1.camp-menu,Revealing,2
3936,117165.7836,38.1867,route.high.normal.r1.camp-menu,Revealing,2
3937,117209.4139,43.6302,route.high.normal.r1.camp-menu,Revealing,2
3938,117280.5414,71.1274,route.high.normal.r1.camp-menu,Revealing,2
3939,117309.0182,28.477,route.high.normal.r1.camp-menu,Revealing,2
3940,117344.4099,35.3916,route.high.normal.r1.camp-menu,Revealing,2
3941,117394.0546,49.6447,route.high.normal.r1.camp-menu,Revealing,2
3942,117450.151,56.0965,route.high.normal.r1.camp-menu,Revealing,2
3943,117511.2635,61.1126,route.high.normal.r1.camp-menu,Revealing,2
3944,117552.8211,41.5575,route.high.normal.r1.camp-menu,Revealing,2
3945,117617.832,65.0109,route.high.normal.r1.camp-menu,Revealing,2
3946,117684.9594,67.1273,route.high.normal.r1.camp-menu,Revealing,2
3947,117743.1251,58.1658,route.high.normal.r1.camp-menu,Revealing,2
3948,117831.1936,88.0684,route.high.normal.r1.camp-menu,Revealing,2
3949,117858.7746,27.581,route.high.normal.r1.camp-menu,Revealing,2
3950,117914.2337,55.4591,route.high.normal.r1.camp-menu,Revealing,2
3951,117967.6105,53.3768,route.high.normal.r1.camp-menu,Revealing,2
3952,118020.9221,53.3116,route.high.normal.r1.camp-menu,Revealing,2
3953,118086.4899,65.5679,route.high.normal.r1.camp-menu,Revealing,2
3954,118118.9508,32.4609,route.high.normal.r1.camp-menu,Revealing,2
3955,118156.8893,37.9384,route.high.normal.r1.camp-menu,Revealing,2
3956,118191.4396,34.5504,route.high.normal.r1.camp-menu,Revealing,2
3957,118230.9626,39.5231,route.high.normal.r1.camp-menu,Revealing,2
3958,118281.0776,50.1149,route.high.normal.r1.camp-menu,Revealing,2
3959,118297.763,16.6854,route.high.normal.r1.camp-menu,Revealing,2
3960,118334.4278,36.6648,route.high.normal.r1.camp-menu,Revealing,2
3961,118369.656,35.2281,route.high.normal.r1.camp-menu,Revealing,2
3962,118407.1797,37.5236,route.high.normal.r1.camp-menu,Revealing,2
3963,118439.2204,32.0409,route.high.normal.r1.camp-menu,Revealing,2
3964,118471.6478,32.4274,route.high.normal.r1.camp-menu,Revealing,2
3965,118506.065,34.417,route.high.normal.r1.camp-menu,Revealing,2
3966,118538.1896,32.1248,route.high.normal.r1.camp-menu,Idle,2
3967,118579.3488,41.1592,audit.snapshot.route.high.normal.r1.camp-menu.ready,Idle,2
3968,118618.5088,39.16,audit.snapshot.route.high.normal.r1.camp-menu.ready,Idle,2
3969,118633.449,14.9402,audit.snapshot.route.high.normal.r1.camp-menu.ready,Idle,2
3970,118657.754,24.305,audit.snapshot.route.high.normal.r1.camp-menu.ready,Idle,2
3971,118683.9708,26.2168,audit.snapshot.route.high.normal.r1.camp-menu.ready,Idle,2
3972,118709.3883,25.4174,audit.snapshot.route.high.normal.r1.camp-menu.ready,Idle,2
3973,118735.8168,26.4286,audit.snapshot.route.high.normal.r1.camp-menu.ready,Idle,2
3974,118762.6238,26.807,audit.snapshot.route.high.normal.r1.camp-menu.ready,Idle,2
3975,118786.0554,23.4316,audit.snapshot.route.high.normal.r1.camp-menu.ready,Idle,2
3976,118812.4992,26.4438,audit.snapshot.route.high.normal.r1.camp-menu.ready,Idle,2
3977,118839.7453,27.2461,audit.snapshot.route.high.normal.r1.camp-menu.ready,Idle,2
3978,118883.1707,43.4252,audit.snapshot.route.high.normal.r1.camp-menu.ready,Idle,2
3979,118896.0766,12.9059,audit.snapshot.route.high.normal.r1.camp-menu.ready,Idle,2
3980,118919.4907,23.4141,audit.snapshot.route.high.normal.r1.camp-menu.ready,Idle,2
3981,118945.8668,26.3763,audit.snapshot.route.high.normal.r1.camp-menu.ready,Idle,2
3982,118973.2593,27.3922,audit.snapshot.route.high.normal.r1.camp-menu.ready,Idle,2
3983,119021.212,47.953,audit.snapshot.route.high.normal.r1.camp-menu.ready,Idle,2
3984,119046.5706,25.3586,audit.snapshot.route.high.normal.r1.camp-menu.ready,Idle,2
3985,119073.9229,27.3523,audit.snapshot.route.high.normal.r1.camp-menu.ready,Idle,2
3986,119100.8348,26.9118,audit.snapshot.route.high.normal.r1.camp-menu.ready,Idle,2
3987,119138.2804,37.4452,route.high.reduced.r1.menu-camp,Covering,2
3988,119194.573,56.2931,route.high.reduced.r1.menu-camp,Covering,2
3989,119228.6047,34.0317,route.high.reduced.r1.menu-camp,Covering,2
3990,119285.3258,56.7208,route.high.reduced.r1.menu-camp,Covering,2
3991,119340.3509,55.0254,route.high.reduced.r1.menu-camp,CoveredLoading,2
3992,119370.7137,30.3627,route.high.reduced.r1.menu-camp,CoveredLoading,2
3993,119434.2071,63.4936,route.high.reduced.r1.menu-camp,CoveredLoading,2
3994,119556.2355,122.0281,route.high.reduced.r1.menu-camp,CoveredLoading,2
3995,119602.4144,46.1791,route.high.reduced.r1.menu-camp,CoveredLoading,2
3996,119681.6585,79.2442,route.high.reduced.r1.menu-camp,CoveredLoading,2
3997,119693.7301,12.0715,route.high.reduced.r1.menu-camp,CoveredLoading,2
3998,119777.3185,83.5884,route.high.reduced.r1.menu-camp,CoveredLoading,2
3999,119804.7035,27.385,route.high.reduced.r1.menu-camp,CoveredLoading,2
4000,119837.9948,33.2913,route.high.reduced.r1.menu-camp,CoveredLoading,2
4001,119868.6132,30.6184,route.high.reduced.r1.menu-camp,CoveredLoading,2
4002,119884.8479,16.2347,route.high.reduced.r1.menu-camp,CoveredLoading,2
4003,119910.9577,26.1098,route.high.reduced.r1.menu-camp,CoveredLoading,2
4004,119960.4475,49.4895,route.high.reduced.r1.menu-camp,CoveredLoading,2
4005,119984.6093,24.1621,route.high.reduced.r1.menu-camp,CoveredLoading,2
4006,119999.0986,14.4892,route.high.reduced.r1.menu-camp,CoveredLoading,2
4007,120018.9535,19.855,route.high.reduced.r1.menu-camp,CoveredLoading,2
4008,120048.2898,29.3362,route.high.reduced.r1.menu-camp,CoveredLoading,2
4009,120083.6564,35.3667,route.high.reduced.r1.menu-camp,CoveredLoading,2
4010,120104.368,20.7116,route.high.reduced.r1.menu-camp,CoveredLoading,2
4011,120130.7388,26.3708,route.high.reduced.r1.menu-camp,CoveredLoading,2
4012,120159.8506,29.1118,route.high.reduced.r1.menu-camp,CoveredLoading,2
4013,120201.3881,41.5375,route.high.reduced.r1.menu-camp,Preparing,2
4014,120216.4297,15.0416,route.high.reduced.r1.menu-camp,Preparing,2
4015,120249.2111,32.7814,route.high.reduced.r1.menu-camp,Preparing,2
4016,120281.2892,32.0781,route.high.reduced.r1.menu-camp,Revealing,2
4017,120309.4039,28.1147,route.high.reduced.r1.menu-camp,Revealing,2
4018,120344.7788,35.3747,route.high.reduced.r1.menu-camp,Revealing,2
4019,120379.1052,34.3267,route.high.reduced.r1.menu-camp,Revealing,2
4020,120409.9102,30.8048,route.high.reduced.r1.menu-camp,Revealing,2
4021,120445.0706,35.1605,route.high.reduced.r1.menu-camp,Revealing,2
4022,120471.8703,26.7997,route.high.reduced.r1.menu-camp,Idle,2
4023,120505.9335,34.0632,audit.snapshot.route.high.reduced.r1.menu-camp.ready,Idle,2
4024,120536.6073,30.6738,audit.snapshot.route.high.reduced.r1.menu-camp.ready,Idle,2
4025,120561.5372,24.9299,audit.snapshot.route.high.reduced.r1.menu-camp.ready,Idle,2
4026,120585.0403,23.5031,audit.snapshot.route.high.reduced.r1.menu-camp.ready,Idle,2
4027,120614.5,29.4596,audit.snapshot.route.high.reduced.r1.menu-camp.ready,Idle,2
4028,120658.2888,43.7889,audit.snapshot.route.high.reduced.r1.menu-camp.ready,Idle,2
4029,120695.3022,37.0134,audit.snapshot.route.high.reduced.r1.menu-camp.ready,Idle,2
4030,120704.3914,9.0892,audit.snapshot.route.high.reduced.r1.menu-camp.ready,Idle,2
4031,120729.6632,25.2717,audit.snapshot.route.high.reduced.r1.menu-camp.ready,Idle,2
4032,120757.0771,27.414,audit.snapshot.route.high.reduced.r1.menu-camp.ready,Idle,2
4033,120783.102,26.0249,audit.snapshot.route.high.reduced.r1.menu-camp.ready,Idle,2
4034,120812.1197,29.0177,audit.snapshot.route.high.reduced.r1.menu-camp.ready,Idle,2
4035,120836.0429,23.9231,audit.snapshot.route.high.reduced.r1.menu-camp.ready,Idle,2
4036,120879.7431,43.7001,audit.snapshot.route.high.reduced.r1.menu-camp.ready,Idle,2
4037,120916.0657,36.3228,audit.snapshot.route.high.reduced.r1.menu-camp.ready,Idle,2
4038,120926.2049,10.1392,audit.snapshot.route.high.reduced.r1.menu-camp.ready,Idle,2
4039,120953.8378,27.6329,audit.snapshot.route.high.reduced.r1.menu-camp.ready,Idle,2
4040,120993.7918,39.9539,audit.snapshot.route.high.reduced.r1.menu-camp.ready,Idle,2
4041,121017.6674,23.8756,audit.snapshot.route.high.reduced.r1.menu-camp.ready,Idle,2
4042,121047.007,29.3396,audit.snapshot.route.high.reduced.r1.menu-camp.ready,Idle,2
4043,121075.8731,28.8661,route.high.reduced.r1.camp-menu,Covering,2
4044,121119.692,43.819,route.high.reduced.r1.camp-menu,Covering,2
4045,121143.6621,23.9699,route.high.reduced.r1.camp-menu,Covering,2
4046,121169.0637,25.4018,route.high.reduced.r1.camp-menu,Covering,2
4047,121201.9329,32.8692,route.high.reduced.r1.camp-menu,Covering,2
4048,121231.8223,29.8894,route.high.reduced.r1.camp-menu,CoveredLoading,2
4049,121247.3041,15.4818,route.high.reduced.r1.camp-menu,CoveredLoading,2
4050,121315.8108,68.5067,route.high.reduced.r1.camp-menu,CoveredLoading,2
4051,121490.6176,174.8065,route.high.reduced.r1.camp-menu,CoveredLoading,2
4052,121508.0224,17.405,route.high.reduced.r1.camp-menu,CoveredLoading,2
4053,121535.4281,27.4058,route.high.reduced.r1.camp-menu,CoveredLoading,2
4054,121546.69,11.2619,route.high.reduced.r1.camp-menu,CoveredLoading,2
4055,121601.7052,55.0152,route.high.reduced.r1.camp-menu,CoveredLoading,2
4056,121704.9399,103.2347,route.high.reduced.r1.camp-menu,CoveredLoading,2
4057,121728.2483,23.3084,route.high.reduced.r1.camp-menu,CoveredLoading,2
4058,121748.3512,20.1029,route.high.reduced.r1.camp-menu,CoveredLoading,2
4059,121776.0733,27.722,route.high.reduced.r1.camp-menu,CoveredLoading,2
4060,121801.4206,25.3474,route.high.reduced.r1.camp-menu,CoveredLoading,2
4061,121872.0489,70.6281,route.high.reduced.r1.camp-menu,CoveredLoading,2
4062,121889.2613,17.2126,route.high.reduced.r1.camp-menu,CoveredLoading,2
4063,121924.1592,34.8978,route.high.reduced.r1.camp-menu,CoveredLoading,2
4064,121948.8743,24.7151,route.high.reduced.r1.camp-menu,CoveredLoading,2
4065,121980.427,31.5528,route.high.reduced.r1.camp-menu,CoveredLoading,2
4066,122008.3782,27.9513,route.high.reduced.r1.camp-menu,CoveredLoading,2
4067,122042.2063,33.828,route.high.reduced.r1.camp-menu,CoveredLoading,2
4068,122072.329,30.1226,route.high.reduced.r1.camp-menu,CoveredLoading,2
4069,122119.7073,47.3785,route.high.reduced.r1.camp-menu,CoveredLoading,2
4070,122136.1065,16.3991,route.high.reduced.r1.camp-menu,CoveredLoading,2
4071,122169.5195,33.4129,route.high.reduced.r1.camp-menu,CoveredLoading,2
4072,122205.3867,35.8673,route.high.reduced.r1.camp-menu,CoveredLoading,2
4073,122234.674,29.2872,route.high.reduced.r1.camp-menu,CoveredLoading,2
4074,122263.1158,28.4419,route.high.reduced.r1.camp-menu,Preparing,2
4075,122304.0137,40.8978,route.high.reduced.r1.camp-menu,Preparing,2
4076,122334.1399,30.1262,route.high.reduced.r1.camp-menu,Preparing,2
4077,122367.9946,33.8548,route.high.reduced.r1.camp-menu,Revealing,2
4078,122399.868,31.8733,route.high.reduced.r1.camp-menu,Revealing,2
4079,122427.3602,27.4923,route.high.reduced.r1.camp-menu,Revealing,2
4080,122460.9707,33.6105,route.high.reduced.r1.camp-menu,Revealing,2
4081,122503.0036,42.0329,route.high.reduced.r1.camp-menu,Revealing,2
4082,122516.8646,13.8609,route.high.reduced.r1.camp-menu,Revealing,2
4083,122549.0896,32.2251,route.high.reduced.r1.camp-menu,Idle,2
4084,122584.0904,35.0008,audit.snapshot.route.high.reduced.r1.camp-menu.ready,Idle,2
4085,122611.4478,27.3574,audit.snapshot.route.high.reduced.r1.camp-menu.ready,Idle,2
4086,122635.6105,24.1627,audit.snapshot.route.high.reduced.r1.camp-menu.ready,Idle,2
4087,122669.5962,33.9858,audit.snapshot.route.high.reduced.r1.camp-menu.ready,Idle,2
4088,122693.2455,23.6492,audit.snapshot.route.high.reduced.r1.camp-menu.ready,Idle,2
4089,122717.917,24.6715,audit.snapshot.route.high.reduced.r1.camp-menu.ready,Idle,2
4090,122746.5543,28.6373,audit.snapshot.route.high.reduced.r1.camp-menu.ready,Idle,2
4091,122769.6525,23.0981,audit.snapshot.route.high.reduced.r1.camp-menu.ready,Idle,2
4092,122795.9124,26.26,audit.snapshot.route.high.reduced.r1.camp-menu.ready,Idle,2
4093,122836.9062,40.9938,audit.snapshot.route.high.reduced.r1.camp-menu.ready,Idle,2
4094,122849.6626,12.7564,audit.snapshot.route.high.reduced.r1.camp-menu.ready,Idle,2
4095,122877.3865,27.7238,audit.snapshot.route.high.reduced.r1.camp-menu.ready,Idle,2
4096,122901.8829,24.4965,audit.snapshot.route.high.reduced.r1.camp-menu.ready,Idle,2
4097,122929.4269,27.544,audit.snapshot.route.high.reduced.r1.camp-menu.ready,Idle,2
4098,122952.0904,22.6635,audit.snapshot.route.high.reduced.r1.camp-menu.ready,Idle,2
4099,122986.0035,33.9132,audit.snapshot.route.high.reduced.r1.camp-menu.ready,Idle,2
4100,123013.4165,27.4129,audit.snapshot.route.high.reduced.r1.camp-menu.ready,Idle,2
4101,123035.7795,22.363,audit.snapshot.route.high.reduced.r1.camp-menu.ready,Idle,2
4102,123062.8957,27.1162,audit.snapshot.route.high.reduced.r1.camp-menu.ready,Idle,2
4103,123085.8489,22.9533,audit.snapshot.route.high.reduced.r1.camp-menu.ready,Idle,2
4104,123120.5788,34.7298,route.high.normal.r2.menu-camp,Covering,2
4105,123196.2952,75.7164,route.high.normal.r2.menu-camp,Covering,2
4106,123212.4358,16.1406,route.high.normal.r2.menu-camp,Covering,2
4107,123237.5843,25.1485,route.high.normal.r2.menu-camp,Covering,2
4108,123274.6853,37.1008,route.high.normal.r2.menu-camp,Covering,2
4109,123298.9727,24.2876,route.high.normal.r2.menu-camp,Covering,2
4110,123327.1297,28.157,route.high.normal.r2.menu-camp,Covering,2
4111,123367.8955,40.7658,route.high.normal.r2.menu-camp,Covering,2
4112,123401.0744,33.1789,route.high.normal.r2.menu-camp,Covering,2
4113,123436.3677,35.2932,route.high.normal.r2.menu-camp,Covering,2
4114,123467.5049,31.1373,route.high.normal.r2.menu-camp,Covering,2
4115,123501.2831,33.7781,route.high.normal.r2.menu-camp,Covering,2
4116,123531.7462,30.4631,route.high.normal.r2.menu-camp,Covering,2
4117,123558.0289,26.2827,route.high.normal.r2.menu-camp,Covering,2
4118,123584.4161,26.3872,route.high.normal.r2.menu-camp,Covering,2
4119,123614.8452,30.4292,route.high.normal.r2.menu-camp,Covering,2
4120,123645.2942,30.449,route.high.normal.r2.menu-camp,Covering,2
4121,123676.2206,30.9264,route.high.normal.r2.menu-camp,Covering,2
4122,123705.8679,29.6473,route.high.normal.r2.menu-camp,Covering,2
4123,123740.0663,34.1984,route.high.normal.r2.menu-camp,Covering,2
4124,123766.5289,26.4625,route.high.normal.r2.menu-camp,Covering,2
4125,123799.6861,33.1573,route.high.normal.r2.menu-camp,Covering,2
4126,123828.6687,28.9826,route.high.normal.r2.menu-camp,Covering,2
4127,123857.6608,28.9921,route.high.normal.r2.menu-camp,Covering,2
4128,123890.3349,32.6741,route.high.normal.r2.menu-camp,Covering,2
4129,123934.636,44.3011,route.high.normal.r2.menu-camp,Covering,2
4130,123960.4437,25.8077,route.high.normal.r2.menu-camp,Covering,2
4131,123994.0686,33.6247,route.high.normal.r2.menu-camp,Covering,2
4132,124028.3997,34.3314,route.high.normal.r2.menu-camp,Covering,2
4133,124066.3118,37.9119,route.high.normal.r2.menu-camp,Covering,2
4134,124100.9982,34.6865,route.high.normal.r2.menu-camp,Covering,2
4135,124152.9845,51.9863,route.high.normal.r2.menu-camp,Covering,2
4136,124185.6962,32.7117,route.high.normal.r2.menu-camp,Covering,2
4137,124227.3332,41.637,route.high.normal.r2.menu-camp,Covering,2
4138,124272.037,44.7038,route.high.normal.r2.menu-camp,Covering,2
4139,124314.4144,42.3773,route.high.normal.r2.menu-camp,Covering,2
4140,124346.9691,32.5548,route.high.normal.r2.menu-camp,Covering,2
4141,124383.8004,36.8313,route.high.normal.r2.menu-camp,Covering,2
4142,124417.0842,33.2837,route.high.normal.r2.menu-camp,Covering,2
4143,124461.2172,44.1331,route.high.normal.r2.menu-camp,Covering,2
4144,124495.5233,34.3061,route.high.normal.r2.menu-camp,Covering,2
4145,124529.4291,33.9057,route.high.normal.r2.menu-camp,Covering,2
4146,124569.214,39.785,route.high.normal.r2.menu-camp,Covering,2
4147,124609.5435,40.3295,route.high.normal.r2.menu-camp,Covering,2
4148,124640.6605,31.117,route.high.normal.r2.menu-camp,Covering,2
4149,124677.1737,36.513,route.high.normal.r2.menu-camp,Covering,2
4150,124715.0104,37.8369,route.high.normal.r2.menu-camp,CoveredLoading,2
4151,124745.0418,30.0314,route.high.normal.r2.menu-camp,CoveredLoading,2
4152,124803.3663,58.3245,route.high.normal.r2.menu-camp,CoveredLoading,2
4153,124944.5213,141.1545,route.high.normal.r2.menu-camp,CoveredLoading,2
4154,124991.0947,46.5739,route.high.normal.r2.menu-camp,CoveredLoading,2
4155,125069.3561,78.2614,route.high.normal.r2.menu-camp,CoveredLoading,2
4156,125081.4396,12.0835,route.high.normal.r2.menu-camp,CoveredLoading,2
4157,125166.6194,85.1798,route.high.normal.r2.menu-camp,CoveredLoading,2
4158,125193.3919,26.7725,route.high.normal.r2.menu-camp,CoveredLoading,2
4159,125227.5361,34.1441,route.high.normal.r2.menu-camp,CoveredLoading,2
4160,125251.3474,23.8114,route.high.normal.r2.menu-camp,CoveredLoading,2
4161,125291.6238,40.2763,route.high.normal.r2.menu-camp,CoveredLoading,2
4162,125324.7714,33.1477,route.high.normal.r2.menu-camp,CoveredLoading,2
4163,125386.0539,61.2823,route.high.normal.r2.menu-camp,CoveredLoading,2
4164,125413.2005,27.1468,route.high.normal.r2.menu-camp,CoveredLoading,2
4165,125432.299,19.0985,route.high.normal.r2.menu-camp,CoveredLoading,2
4166,125466.0273,33.7284,route.high.normal.r2.menu-camp,CoveredLoading,2
4167,125500.4364,34.409,route.high.normal.r2.menu-camp,CoveredLoading,2
4168,125561.9214,61.485,route.high.normal.r2.menu-camp,CoveredLoading,2
4169,125578.3541,16.4327,route.high.normal.r2.menu-camp,CoveredLoading,2
4170,125616.6744,38.3203,route.high.normal.r2.menu-camp,CoveredLoading,2
4171,125675.2436,58.5691,route.high.normal.r2.menu-camp,CoveredLoading,2
4172,125724.9384,49.6949,route.high.normal.r2.menu-camp,Preparing,2
4173,125760.1876,35.2492,route.high.normal.r2.menu-camp,Preparing,2
4174,125836.4536,76.266,route.high.normal.r2.menu-camp,Preparing,2
4175,125860.6014,24.1478,route.high.normal.r2.menu-camp,Preparing,2
4176,125909.968,49.3666,route.high.normal.r2.menu-camp,Preparing,2
4177,125958.6313,48.6633,route.high.normal.r2.menu-camp,Preparing,2
4178,126010.679,52.0478,route.high.normal.r2.menu-camp,Revealing,2
4179,126058.1525,47.4734,route.high.normal.r2.menu-camp,Revealing,2
4180,126094.8881,36.7356,route.high.normal.r2.menu-camp,Revealing,2
4181,126149.952,55.0639,route.high.normal.r2.menu-camp,Revealing,2
4182,126191.4153,41.4632,route.high.normal.r2.menu-camp,Revealing,2
4183,126234.3203,42.9051,route.high.normal.r2.menu-camp,Revealing,2
4184,126272.8895,38.569,route.high.normal.r2.menu-camp,Revealing,2
4185,126316.8143,43.925,route.high.normal.r2.menu-camp,Revealing,2
4186,126361.8521,45.0378,route.high.normal.r2.menu-camp,Revealing,2
4187,126404.5425,42.6904,route.high.normal.r2.menu-camp,Revealing,2
4188,126439.7087,35.1662,route.high.normal.r2.menu-camp,Revealing,2
4189,126474.7387,35.0299,route.high.normal.r2.menu-camp,Revealing,2
4190,126509.4582,34.7195,route.high.normal.r2.menu-camp,Revealing,2
4191,126540.7939,31.3358,route.high.normal.r2.menu-camp,Revealing,2
4192,126577.8252,37.0312,route.high.normal.r2.menu-camp,Revealing,2
4193,126609.0616,31.2365,route.high.normal.r2.menu-camp,Revealing,2
4194,126646.2697,37.2082,route.high.normal.r2.menu-camp,Revealing,2
4195,126679.696,33.4261,route.high.normal.r2.menu-camp,Revealing,2
4196,126719.2427,39.5469,route.high.normal.r2.menu-camp,Revealing,2
4197,126765.6996,46.4568,route.high.normal.r2.menu-camp,Revealing,2
4198,126784.5946,18.8948,route.high.normal.r2.menu-camp,Revealing,2
4199,126815.3507,30.7562,route.high.normal.r2.menu-camp,Revealing,2
4200,126846.0155,30.665,route.high.normal.r2.menu-camp,Revealing,2
4201,126884.2456,38.23,route.high.normal.r2.menu-camp,Revealing,2
4202,126911.1441,26.8985,route.high.normal.r2.menu-camp,Revealing,2
4203,126938.4419,27.2978,route.high.normal.r2.menu-camp,Revealing,2
4204,126968.5004,30.0585,route.high.normal.r2.menu-camp,Revealing,2
4205,126999.2101,30.7097,route.high.normal.r2.menu-camp,Revealing,2
4206,127028.6892,29.479,route.high.normal.r2.menu-camp,Revealing,2
4207,127055.878,27.1889,route.high.normal.r2.menu-camp,Revealing,2
4208,127083.8691,27.991,route.high.normal.r2.menu-camp,Revealing,2
4209,127133.459,49.5899,route.high.normal.r2.menu-camp,Revealing,2
4210,127175.3434,41.8844,route.high.normal.r2.menu-camp,Revealing,2
4211,127185.0683,9.725,route.high.normal.r2.menu-camp,Revealing,2
4212,127215.0906,30.0223,route.high.normal.r2.menu-camp,Revealing,2
4213,127250.8972,35.8065,route.high.normal.r2.menu-camp,Revealing,2
4214,127283.5464,32.6493,route.high.normal.r2.menu-camp,Revealing,2
4215,127315.81,32.2636,route.high.normal.r2.menu-camp,Revealing,2
4216,127346.8527,31.0427,route.high.normal.r2.menu-camp,Revealing,2
4217,127375.0556,28.2029,route.high.normal.r2.menu-camp,Revealing,2
4218,127403.5575,28.5019,route.high.normal.r2.menu-camp,Idle,2
4219,127437.9327,34.3752,audit.snapshot.route.high.normal.r2.menu-camp.ready,Idle,2
4220,127462.9173,24.9846,audit.snapshot.route.high.normal.r2.menu-camp.ready,Idle,2
4221,127505.0286,42.1113,audit.snapshot.route.high.normal.r2.menu-camp.ready,Idle,2
4222,127516.923,11.8944,audit.snapshot.route.high.normal.r2.menu-camp.ready,Idle,2
4223,127546.7292,29.8061,audit.snapshot.route.high.normal.r2.menu-camp.ready,Idle,2
4224,127573.9455,27.2163,audit.snapshot.route.high.normal.r2.menu-camp.ready,Idle,2
4225,127617.7373,43.7919,audit.snapshot.route.high.normal.r2.menu-camp.ready,Idle,2
4226,127632.9478,15.2104,audit.snapshot.route.high.normal.r2.menu-camp.ready,Idle,2
4227,127663.5485,30.6008,audit.snapshot.route.high.normal.r2.menu-camp.ready,Idle,2
4228,127690.984,27.4355,audit.snapshot.route.high.normal.r2.menu-camp.ready,Idle,2
4229,127735.0445,44.0605,audit.snapshot.route.high.normal.r2.menu-camp.ready,Idle,2
4230,127774.8402,39.7957,audit.snapshot.route.high.normal.r2.menu-camp.ready,Idle,2
4231,127784.9185,10.0781,audit.snapshot.route.high.normal.r2.menu-camp.ready,Idle,2
4232,127813.2748,28.3564,audit.snapshot.route.high.normal.r2.menu-camp.ready,Idle,2
4233,127862.0398,48.765,audit.snapshot.route.high.normal.r2.menu-camp.ready,Idle,2
4234,127873.3674,11.3277,audit.snapshot.route.high.normal.r2.menu-camp.ready,Idle,2
4235,127901.4954,28.128,audit.snapshot.route.high.normal.r2.menu-camp.ready,Idle,2
4236,127929.0512,27.5559,audit.snapshot.route.high.normal.r2.menu-camp.ready,Idle,2
4237,127970.4793,41.4279,audit.snapshot.route.high.normal.r2.menu-camp.ready,Idle,2
4238,128011.6806,41.2013,audit.snapshot.route.high.normal.r2.menu-camp.ready,Idle,2
4239,128024.6927,13.0122,route.high.normal.r2.camp-menu,Covering,2
4240,128081.0391,56.3464,route.high.normal.r2.camp-menu,Covering,2
4241,128120.4421,39.403,route.high.normal.r2.camp-menu,Covering,2
4242,128136.6249,16.1827,route.high.normal.r2.camp-menu,Covering,2
4243,128166.9785,30.3536,route.high.normal.r2.camp-menu,Covering,2
4244,128198.341,31.3626,route.high.normal.r2.camp-menu,Covering,2
4245,128250.4166,52.0756,route.high.normal.r2.camp-menu,Covering,2
4246,128265.7649,15.3481,route.high.normal.r2.camp-menu,Covering,2
4247,128296.9862,31.2216,route.high.normal.r2.camp-menu,Covering,2
4248,128325.727,28.7408,route.high.normal.r2.camp-menu,Covering,2
4249,128370.6714,44.9441,route.high.normal.r2.camp-menu,Covering,2
4250,128384.926,14.2548,route.high.normal.r2.camp-menu,Covering,2
4251,128416.5468,31.6207,route.high.normal.r2.camp-menu,Covering,2
4252,128447.7577,31.211,route.high.normal.r2.camp-menu,Covering,2
4253,128501.1103,53.3526,route.high.normal.r2.camp-menu,Covering,2
4254,128514.899,13.7887,route.high.normal.r2.camp-menu,Covering,2
4255,128544.3046,29.4055,route.high.normal.r2.camp-menu,Covering,2
4256,128573.3053,29.0008,route.high.normal.r2.camp-menu,Covering,2
4257,128618.3406,45.0353,route.high.normal.r2.camp-menu,Covering,2
4258,128634.4823,16.1417,route.high.normal.r2.camp-menu,Covering,2
4259,128665.472,30.9897,route.high.normal.r2.camp-menu,Covering,2
4260,128701.4257,35.9538,route.high.normal.r2.camp-menu,Covering,2
4261,128749.4305,48.0046,route.high.normal.r2.camp-menu,Covering,2
4262,128766.9817,17.5513,route.high.normal.r2.camp-menu,Covering,2
4263,128803.9657,36.984,route.high.normal.r2.camp-menu,Covering,2
4264,128836.1484,32.1827,route.high.normal.r2.camp-menu,Covering,2
4265,128885.6325,49.4842,route.high.normal.r2.camp-menu,Covering,2
4266,128907.6703,22.0377,route.high.normal.r2.camp-menu,Covering,2
4267,128945.5126,37.8424,route.high.normal.r2.camp-menu,Covering,2
4268,128994.3575,48.8448,route.high.normal.r2.camp-menu,Covering,2
4269,129050.0902,55.7326,route.high.normal.r2.camp-menu,Covering,2
4270,129075.8647,25.7746,route.high.normal.r2.camp-menu,Covering,2
4271,129116.7152,40.8504,route.high.normal.r2.camp-menu,Covering,2
4272,129161.9861,45.2711,route.high.normal.r2.camp-menu,Covering,2
4273,129216.5543,54.5681,route.high.normal.r2.camp-menu,Covering,2
4274,129237.2732,20.7187,route.high.normal.r2.camp-menu,Covering,2
4275,129274.8374,37.5643,route.high.normal.r2.camp-menu,Covering,2
4276,129310.0183,35.181,route.high.normal.r2.camp-menu,Covering,2
4277,129365.3912,55.3729,route.high.normal.r2.camp-menu,Covering,2
4278,129392.2362,26.845,route.high.normal.r2.camp-menu,Covering,2
4279,129425.2896,33.0534,route.high.normal.r2.camp-menu,Covering,2
4280,129460.0762,34.7866,route.high.normal.r2.camp-menu,Covering,2
4281,129521.421,61.3448,route.high.normal.r2.camp-menu,Covering,2
4282,129545.1561,23.7351,route.high.normal.r2.camp-menu,Covering,2
4283,129592.3571,47.201,route.high.normal.r2.camp-menu,Covering,2
4284,129637.4347,45.0775,route.high.normal.r2.camp-menu,CoveredLoading,2
4285,129658.2267,20.7922,route.high.normal.r2.camp-menu,CoveredLoading,2
4286,129729.0637,70.837,route.high.normal.r2.camp-menu,CoveredLoading,2
4287,129921.5889,192.525,route.high.normal.r2.camp-menu,CoveredLoading,2
4288,129938.2199,16.631,route.high.normal.r2.camp-menu,CoveredLoading,2
4289,129976.7331,38.513,route.high.normal.r2.camp-menu,CoveredLoading,2
4290,129995.851,19.1182,route.high.normal.r2.camp-menu,CoveredLoading,2
4291,130061.7206,65.8696,route.high.normal.r2.camp-menu,CoveredLoading,2
4292,130169.9408,108.2202,route.high.normal.r2.camp-menu,CoveredLoading,2
4293,130194.1335,24.1927,route.high.normal.r2.camp-menu,CoveredLoading,2
4294,130238.3197,44.1862,route.high.normal.r2.camp-menu,CoveredLoading,2
4295,130261.733,23.4132,route.high.normal.r2.camp-menu,CoveredLoading,2
4296,130289.6257,27.8927,route.high.normal.r2.camp-menu,CoveredLoading,2
4297,130369.6723,80.0464,route.high.normal.r2.camp-menu,CoveredLoading,2
4298,130385.2556,15.5836,route.high.normal.r2.camp-menu,CoveredLoading,2
4299,130417.394,32.1384,route.high.normal.r2.camp-menu,CoveredLoading,2
4300,130448.3185,30.9245,route.high.normal.r2.camp-menu,CoveredLoading,2
4301,130486.5494,38.2309,route.high.normal.r2.camp-menu,CoveredLoading,2
4302,130521.3268,34.7774,route.high.normal.r2.camp-menu,CoveredLoading,2
4303,130556.2227,34.8959,route.high.normal.r2.camp-menu,CoveredLoading,2
4304,130609.3707,53.148,route.high.normal.r2.camp-menu,CoveredLoading,2
4305,130628.0218,18.6511,route.high.normal.r2.camp-menu,CoveredLoading,2
4306,130657.8397,29.8179,route.high.normal.r2.camp-menu,CoveredLoading,2
4307,130691.2419,33.4022,route.high.normal.r2.camp-menu,CoveredLoading,2
4308,130724.1942,32.9521,route.high.normal.r2.camp-menu,CoveredLoading,2
4309,130757.5485,33.3544,route.high.normal.r2.camp-menu,Preparing,2
4310,130793.0017,35.4532,route.high.normal.r2.camp-menu,Preparing,2
4311,130831.955,38.9534,route.high.normal.r2.camp-menu,Preparing,2
4312,130866.9569,35.0018,route.high.normal.r2.camp-menu,Preparing,2
4313,130907.6011,40.6443,route.high.normal.r2.camp-menu,Preparing,2
4314,130961.7064,54.1052,route.high.normal.r2.camp-menu,Preparing,2
4315,131011.9933,50.287,route.high.normal.r2.camp-menu,Preparing,2
4316,131022.3405,10.3472,route.high.normal.r2.camp-menu,Revealing,2
4317,131053.3547,31.0141,route.high.normal.r2.camp-menu,Revealing,2
4318,131089.1119,35.7572,route.high.normal.r2.camp-menu,Revealing,2
4319,131122.9545,33.8423,route.high.normal.r2.camp-menu,Revealing,2
4320,131164.7076,41.7535,route.high.normal.r2.camp-menu,Revealing,2
4321,131208.5571,43.8495,route.high.normal.r2.camp-menu,Revealing,2
4322,131239.2875,30.7304,route.high.normal.r2.camp-menu,Revealing,2
4323,131274.4832,35.1956,route.high.normal.r2.camp-menu,Revealing,2
4324,131328.5558,54.0727,route.high.normal.r2.camp-menu,Revealing,2
4325,131343.9998,15.444,route.high.normal.r2.camp-menu,Revealing,2
4326,131380.116,36.1161,route.high.normal.r2.camp-menu,Revealing,2
4327,131414.457,34.3411,route.high.normal.r2.camp-menu,Revealing,2
4328,131446.607,32.1499,route.high.normal.r2.camp-menu,Revealing,2
4329,131508.1629,61.556,route.high.normal.r2.camp-menu,Revealing,2
4330,131525.1207,16.9578,route.high.normal.r2.camp-menu,Revealing,2
4331,131560.0296,34.9088,route.high.normal.r2.camp-menu,Revealing,2
4332,131602.7144,42.6849,route.high.normal.r2.camp-menu,Revealing,2
4333,131636.6886,33.9742,route.high.normal.r2.camp-menu,Revealing,2
4334,131686.1407,49.4521,route.high.normal.r2.camp-menu,Revealing,2
4335,131707.3561,21.2154,route.high.normal.r2.camp-menu,Revealing,2
4336,131738.4066,31.0505,route.high.normal.r2.camp-menu,Revealing,2
4337,131769.4969,31.0903,route.high.normal.r2.camp-menu,Revealing,2
4338,131798.7971,29.3001,route.high.normal.r2.camp-menu,Revealing,2
4339,131846.0515,47.2545,route.high.normal.r2.camp-menu,Revealing,2
4340,131859.5462,13.4947,route.high.normal.r2.camp-menu,Revealing,2
4341,131893.8092,34.2629,route.high.normal.r2.camp-menu,Revealing,2
4342,131924.8237,31.0146,route.high.normal.r2.camp-menu,Revealing,2
4343,131951.9359,27.1121,route.high.normal.r2.camp-menu,Revealing,2
4344,132000.3041,48.3683,route.high.normal.r2.camp-menu,Revealing,2
4345,132014.729,14.4249,route.high.normal.r2.camp-menu,Revealing,2
4346,132045.565,30.8358,route.high.normal.r2.camp-menu,Revealing,2
4347,132070.4248,24.86,route.high.normal.r2.camp-menu,Revealing,2
4348,132100.1594,29.7346,route.high.normal.r2.camp-menu,Revealing,2
4349,132141.2864,41.127,route.high.normal.r2.camp-menu,Revealing,2
4350,132182.6992,41.4128,route.high.normal.r2.camp-menu,Revealing,2
4351,132192.015,9.3157,route.high.normal.r2.camp-menu,Revealing,2
4352,132216.3594,24.3444,route.high.normal.r2.camp-menu,Revealing,2
4353,132247.2989,30.9396,route.high.normal.r2.camp-menu,Revealing,2
4354,132288.3118,41.0129,route.high.normal.r2.camp-menu,Revealing,2
4355,132309.4775,21.1657,route.high.normal.r2.camp-menu,Revealing,2
4356,132339.2984,29.8209,route.high.normal.r2.camp-menu,Revealing,2
4357,132368.2195,28.9211,route.high.normal.r2.camp-menu,Revealing,2
4358,132398.5436,30.3241,route.high.normal.r2.camp-menu,Revealing,2
4359,132439.0424,40.4988,route.high.normal.r2.camp-menu,Revealing,2
4360,132452.575,13.5325,route.high.normal.r2.camp-menu,Idle,2
4361,132489.2296,36.6545,audit.snapshot.route.high.normal.r2.camp-menu.ready,Idle,2
4362,132519.4662,30.2367,audit.snapshot.route.high.normal.r2.camp-menu.ready,Idle,2
4363,132546.3001,26.834,audit.snapshot.route.high.normal.r2.camp-menu.ready,Idle,2
4364,132587.2833,40.9832,audit.snapshot.route.high.normal.r2.camp-menu.ready,Idle,2
4365,132628.6579,41.3746,audit.snapshot.route.high.normal.r2.camp-menu.ready,Idle,2
4366,132638.1554,9.4976,audit.snapshot.route.high.normal.r2.camp-menu.ready,Idle,2
4367,132667.677,29.5216,audit.snapshot.route.high.normal.r2.camp-menu.ready,Idle,2
4368,132692.6932,25.0161,audit.snapshot.route.high.normal.r2.camp-menu.ready,Idle,2
4369,132735.6438,42.9506,audit.snapshot.route.high.normal.r2.camp-menu.ready,Idle,2
4370,132749.6029,13.9589,audit.snapshot.route.high.normal.r2.camp-menu.ready,Idle,2
4371,132777.4999,27.8973,audit.snapshot.route.high.normal.r2.camp-menu.ready,Idle,2
4372,132806.1896,28.6896,audit.snapshot.route.high.normal.r2.camp-menu.ready,Idle,2
4373,132835.9292,29.7397,audit.snapshot.route.high.normal.r2.camp-menu.ready,Idle,2
4374,132878.7486,42.8193,audit.snapshot.route.high.normal.r2.camp-menu.ready,Idle,2
4375,132889.7602,11.0116,audit.snapshot.route.high.normal.r2.camp-menu.ready,Idle,2
4376,132913.4307,23.6706,audit.snapshot.route.high.normal.r2.camp-menu.ready,Idle,2
4377,132942.313,28.8822,audit.snapshot.route.high.normal.r2.camp-menu.ready,Idle,2
4378,132967.7529,25.4399,audit.snapshot.route.high.normal.r2.camp-menu.ready,Idle,2
4379,133008.1706,40.4176,audit.snapshot.route.high.normal.r2.camp-menu.ready,Idle,2
4380,133046.8465,38.676,audit.snapshot.route.high.normal.r2.camp-menu.ready,Idle,2
4381,133058.6274,11.7809,route.high.reduced.r2.menu-camp,Covering,2
4382,133090.223,31.5956,route.high.reduced.r2.menu-camp,Covering,2
4383,133125.3254,35.1024,route.high.reduced.r2.menu-camp,Covering,2
4384,133166.9605,41.6351,route.high.reduced.r2.menu-camp,Covering,2
4385,133180.584,13.6235,route.high.reduced.r2.menu-camp,Covering,2
4386,133208.2466,27.6627,route.high.reduced.r2.menu-camp,Covering,2
4387,133231.7491,23.5023,route.high.reduced.r2.menu-camp,CoveredLoading,2
4388,133246.7295,14.9804,route.high.reduced.r2.menu-camp,CoveredLoading,2
4389,133323.154,76.4246,route.high.reduced.r2.menu-camp,CoveredLoading,2
4390,133452.5611,129.4067,route.high.reduced.r2.menu-camp,CoveredLoading,2
4391,133499.9364,47.3757,route.high.reduced.r2.menu-camp,CoveredLoading,2
4392,133580.6525,80.7161,route.high.reduced.r2.menu-camp,CoveredLoading,2
4393,133593.2965,12.644,route.high.reduced.r2.menu-camp,CoveredLoading,2
4394,133669.5829,76.2864,route.high.reduced.r2.menu-camp,CoveredLoading,2
4395,133698.8135,29.2306,route.high.reduced.r2.menu-camp,CoveredLoading,2
4396,133729.4813,30.6678,route.high.reduced.r2.menu-camp,CoveredLoading,2
4397,133753.3463,23.865,route.high.reduced.r2.menu-camp,CoveredLoading,2
4398,133780.275,26.9287,route.high.reduced.r2.menu-camp,CoveredLoading,2
4399,133808.164,27.889,route.high.reduced.r2.menu-camp,CoveredLoading,2
4400,133872.3127,64.1484,route.high.reduced.r2.menu-camp,CoveredLoading,2
4401,133904.6728,32.3604,route.high.reduced.r2.menu-camp,CoveredLoading,2
4402,133919.0535,14.3807,route.high.reduced.r2.menu-camp,CoveredLoading,2
4403,133950.136,31.0825,route.high.reduced.r2.menu-camp,CoveredLoading,2
4404,133984.6957,34.5597,route.high.reduced.r2.menu-camp,CoveredLoading,2
4405,134018.9408,34.2451,route.high.reduced.r2.menu-camp,CoveredLoading,2
4406,134052.8051,33.8642,route.high.reduced.r2.menu-camp,CoveredLoading,2
4407,134082.0162,29.2112,route.high.reduced.r2.menu-camp,CoveredLoading,2
4408,134113.8202,31.8039,route.high.reduced.r2.menu-camp,CoveredLoading,2
4409,134177.2827,63.4626,route.high.reduced.r2.menu-camp,Preparing,2
4410,134191.3689,14.0862,route.high.reduced.r2.menu-camp,Preparing,2
4411,134231.4033,40.0345,route.high.reduced.r2.menu-camp,Preparing,2
4412,134281.9931,50.5896,route.high.reduced.r2.menu-camp,Revealing,2
4413,134296.2389,14.246,route.high.reduced.r2.menu-camp,Revealing,2
4414,134335.7367,39.4977,route.high.reduced.r2.menu-camp,Revealing,2
4415,134398.0845,62.3477,route.high.reduced.r2.menu-camp,Revealing,2
4416,134417.885,19.8005,route.high.reduced.r2.menu-camp,Revealing,2
4417,134451.2783,33.3933,route.high.reduced.r2.menu-camp,Idle,2
4418,134483.6134,32.3351,audit.snapshot.route.high.reduced.r2.menu-camp.ready,Idle,2
4419,134526.1242,42.5109,audit.snapshot.route.high.reduced.r2.menu-camp.ready,Idle,2
4420,134564.9474,38.8232,audit.snapshot.route.high.reduced.r2.menu-camp.ready,Idle,2
4421,134575.1561,10.2087,audit.snapshot.route.high.reduced.r2.menu-camp.ready,Idle,2
4422,134596.8117,21.6556,audit.snapshot.route.high.reduced.r2.menu-camp.ready,Idle,2
4423,134649.7612,52.9495,audit.snapshot.route.high.reduced.r2.menu-camp.ready,Idle,2
4424,134661.9448,12.1835,audit.snapshot.route.high.reduced.r2.menu-camp.ready,Idle,2
4425,134685.937,23.9922,audit.snapshot.route.high.reduced.r2.menu-camp.ready,Idle,2
4426,134715.2202,29.2833,audit.snapshot.route.high.reduced.r2.menu-camp.ready,Idle,2
4427,134760.6753,45.4551,audit.snapshot.route.high.reduced.r2.menu-camp.ready,Idle,2
4428,134796.1966,35.5213,audit.snapshot.route.high.reduced.r2.menu-camp.ready,Idle,2
4429,134806.0225,9.8258,audit.snapshot.route.high.reduced.r2.menu-camp.ready,Idle,2
4430,134829.5978,23.5754,audit.snapshot.route.high.reduced.r2.menu-camp.ready,Idle,2
4431,134876.4386,46.8408,audit.snapshot.route.high.reduced.r2.menu-camp.ready,Idle,2
4432,134891.1647,14.7262,audit.snapshot.route.high.reduced.r2.menu-camp.ready,Idle,2
4433,134927.3042,36.1394,audit.snapshot.route.high.reduced.r2.menu-camp.ready,Idle,2
4434,134951.0834,23.7792,audit.snapshot.route.high.reduced.r2.menu-camp.ready,Idle,2
4435,134995.7822,44.6988,audit.snapshot.route.high.reduced.r2.menu-camp.ready,Idle,2
4436,135033.0717,37.2895,audit.snapshot.route.high.reduced.r2.menu-camp.ready,Idle,2
4437,135043.4205,10.3487,audit.snapshot.route.high.reduced.r2.menu-camp.ready,Idle,2
4438,135069.0611,25.6407,route.high.reduced.r2.camp-menu,Covering,2
4439,135117.2594,48.1983,route.high.reduced.r2.camp-menu,Covering,2
4440,135140.6519,23.3925,route.high.reduced.r2.camp-menu,Covering,2
4441,135165.3313,24.6794,route.high.reduced.r2.camp-menu,Covering,2
4442,135193.4667,28.1354,route.high.reduced.r2.camp-menu,Covering,2
4443,135217.6866,24.2199,route.high.reduced.r2.camp-menu,CoveredLoading,2
4444,135234.5557,16.8691,route.high.reduced.r2.camp-menu,CoveredLoading,2
4445,135309.0279,74.4721,route.high.reduced.r2.camp-menu,CoveredLoading,2
4446,135497.7556,188.7277,route.high.reduced.r2.camp-menu,CoveredLoading,2
4447,135514.5794,16.8237,route.high.reduced.r2.camp-menu,CoveredLoading,2
4448,135541.4782,26.899,route.high.reduced.r2.camp-menu,CoveredLoading,2
4449,135551.0892,9.6111,route.high.reduced.r2.camp-menu,CoveredLoading,2
4450,135605.1844,54.0951,route.high.reduced.r2.camp-menu,CoveredLoading,2
4451,135686.0106,80.8262,route.high.reduced.r2.camp-menu,CoveredLoading,2
4452,135718.1827,32.1721,route.high.reduced.r2.camp-menu,CoveredLoading,2
4453,135737.7859,19.6031,route.high.reduced.r2.camp-menu,CoveredLoading,2
4454,135757.7485,19.9626,route.high.reduced.r2.camp-menu,CoveredLoading,2
4455,135779.1718,21.4234,route.high.reduced.r2.camp-menu,CoveredLoading,2
4456,135844.2915,65.1194,route.high.reduced.r2.camp-menu,CoveredLoading,2
4457,135860.6119,16.3207,route.high.reduced.r2.camp-menu,CoveredLoading,2
4458,135895.5337,34.9218,route.high.reduced.r2.camp-menu,CoveredLoading,2
4459,135911.6507,16.117,route.high.reduced.r2.camp-menu,CoveredLoading,2
4460,135934.2029,22.5522,route.high.reduced.r2.camp-menu,CoveredLoading,2
4461,135960.5278,26.325,route.high.reduced.r2.camp-menu,CoveredLoading,2
4462,135983.6274,23.0996,route.high.reduced.r2.camp-menu,CoveredLoading,2
4463,136029.1539,45.5264,route.high.reduced.r2.camp-menu,CoveredLoading,2
4464,136045.204,16.0501,route.high.reduced.r2.camp-menu,CoveredLoading,2
4465,136070.2045,25.0005,route.high.reduced.r2.camp-menu,CoveredLoading,2
4466,136102.1561,31.9517,route.high.reduced.r2.camp-menu,CoveredLoading,2
4467,136129.2799,27.1237,route.high.reduced.r2.camp-menu,CoveredLoading,2
4468,136152.079,22.7991,route.high.reduced.r2.camp-menu,CoveredLoading,2
4469,136178.4807,26.4017,route.high.reduced.r2.camp-menu,Preparing,2
4470,136205.8737,27.3929,route.high.reduced.r2.camp-menu,Preparing,2
4471,136230.9167,25.0429,route.high.reduced.r2.camp-menu,Preparing,2
4472,136256.4352,25.5186,route.high.reduced.r2.camp-menu,Preparing,2
4473,136282.9147,26.4796,route.high.reduced.r2.camp-menu,Revealing,2
4474,136329.4052,46.4906,route.high.reduced.r2.camp-menu,Revealing,2
4475,136362.7917,33.3864,route.high.reduced.r2.camp-menu,Revealing,2
4476,136372.8403,10.0485,route.high.reduced.r2.camp-menu,Revealing,2
4477,136398.0131,25.1727,route.high.reduced.r2.camp-menu,Revealing,2
4478,136428.9778,30.9648,route.high.reduced.r2.camp-menu,Revealing,2
4479,136456.9807,28.003,route.high.reduced.r2.camp-menu,Revealing,2
4480,136484.4253,27.4445,route.high.reduced.r2.camp-menu,Idle,2
4481,136514.1368,29.7115,audit.snapshot.route.high.reduced.r2.camp-menu.ready,Idle,2
4482,136537.9836,23.8468,audit.snapshot.route.high.reduced.r2.camp-menu.ready,Idle,2
4483,136560.0957,22.1122,audit.snapshot.route.high.reduced.r2.camp-menu.ready,Idle,2
4484,136599.7516,39.6559,audit.snapshot.route.high.reduced.r2.camp-menu.ready,Idle,2
4485,136623.0532,23.3016,audit.snapshot.route.high.reduced.r2.camp-menu.ready,Idle,2
4486,136655.111,32.0578,audit.snapshot.route.high.reduced.r2.camp-menu.ready,Idle,2
4487,136684.7034,29.5924,audit.snapshot.route.high.reduced.r2.camp-menu.ready,Idle,2
4488,136712.311,27.6075,audit.snapshot.route.high.reduced.r2.camp-menu.ready,Idle,2
4489,136736.1021,23.7911,audit.snapshot.route.high.reduced.r2.camp-menu.ready,Idle,2
4490,136762.9631,26.8611,audit.snapshot.route.high.reduced.r2.camp-menu.ready,Idle,2
4491,136791.8534,28.8903,audit.snapshot.route.high.reduced.r2.camp-menu.ready,Idle,2
4492,136834.1854,42.332,audit.snapshot.route.high.reduced.r2.camp-menu.ready,Idle,2
4493,136845.2184,11.033,audit.snapshot.route.high.reduced.r2.camp-menu.ready,Idle,2
4494,136869.5206,24.3022,audit.snapshot.route.high.reduced.r2.camp-menu.ready,Idle,2
4495,136896.1261,26.6055,audit.snapshot.route.high.reduced.r2.camp-menu.ready,Idle,2
4496,136925.1722,29.046,audit.snapshot.route.high.reduced.r2.camp-menu.ready,Idle,2
4497,136949.5628,24.3907,audit.snapshot.route.high.reduced.r2.camp-menu.ready,Idle,2
4498,136984.3429,34.7801,audit.snapshot.route.high.reduced.r2.camp-menu.ready,Idle,2
4499,137013.2407,28.8977,audit.snapshot.route.high.reduced.r2.camp-menu.ready,Idle,2
4500,137043.194,29.9534,audit.snapshot.route.high.reduced.r2.camp-menu.ready,Idle,2
4501,137075.566,32.3721,route.high.normal.r3.menu-camp,Covering,2
4502,137135.8042,60.2381,route.high.normal.r3.menu-camp,Covering,2
4503,137183.9649,48.1606,route.high.normal.r3.menu-camp,Covering,2
4504,137238.7023,54.7375,route.high.normal.r3.menu-camp,Covering,2
4505,137257.7553,19.053,route.high.normal.r3.menu-camp,Covering,2
4506,137291.5684,33.8131,route.high.normal.r3.menu-camp,Covering,2
4507,137318.2646,26.6961,route.high.normal.r3.menu-camp,Covering,2
4508,137349.3417,31.0772,route.high.normal.r3.menu-camp,Covering,2
4509,137402.1913,52.8496,route.high.normal.r3.menu-camp,Covering,2
4510,137443.0763,40.885,route.high.normal.r3.menu-camp,Covering,2
4511,137452.1208,9.0445,route.high.normal.r3.menu-camp,Covering,2
4512,137481.6687,29.5478,route.high.normal.r3.menu-camp,Covering,2
4513,137510.9004,29.2317,route.high.normal.r3.menu-camp,Covering,2
4514,137538.9571,28.0567,route.high.normal.r3.menu-camp,Covering,2
4515,137566.9565,27.9995,route.high.normal.r3.menu-camp,Covering,2
4516,137595.0017,28.0452,route.high.normal.r3.menu-camp,Covering,2
4517,137619.9278,24.9261,route.high.normal.r3.menu-camp,Covering,2
4518,137650.1649,30.2371,route.high.normal.r3.menu-camp,Covering,2
4519,137680.5831,30.4182,route.high.normal.r3.menu-camp,Covering,2
4520,137727.3627,46.7796,route.high.normal.r3.menu-camp,Covering,2
4521,137736.9051,9.5424,route.high.normal.r3.menu-camp,Covering,2
4522,137766.3444,29.4393,route.high.normal.r3.menu-camp,Covering,2
4523,137795.6959,29.3512,route.high.normal.r3.menu-camp,Covering,2
4524,137823.3328,27.6372,route.high.normal.r3.menu-camp,Covering,2
4525,137855.9676,32.6347,route.high.normal.r3.menu-camp,Covering,2
4526,137894.4722,38.5046,route.high.normal.r3.menu-camp,Covering,2
4527,137927.6396,33.1674,route.high.normal.r3.menu-camp,Covering,2
4528,137961.9323,34.2927,route.high.normal.r3.menu-camp,Covering,2
4529,138006.5963,44.6641,route.high.normal.r3.menu-camp,Covering,2
4530,138043.076,36.4796,route.high.normal.r3.menu-camp,Covering,2
4531,138098.3215,55.2456,route.high.normal.r3.menu-camp,Covering,2
4532,138118.1802,19.8587,route.high.normal.r3.menu-camp,Covering,2
4533,138152.7613,34.5811,route.high.normal.r3.menu-camp,Covering,2
4534,138193.2449,40.4836,route.high.normal.r3.menu-camp,Covering,2
4535,138235.4157,42.1708,route.high.normal.r3.menu-camp,Covering,2
4536,138270.6445,35.2288,route.high.normal.r3.menu-camp,Covering,2
4537,138306.4011,35.7566,route.high.normal.r3.menu-camp,Covering,2
4538,138339.1204,32.7193,route.high.normal.r3.menu-camp,Covering,2
4539,138375.2488,36.1284,route.high.normal.r3.menu-camp,Covering,2
4540,138409.9232,34.6744,route.high.normal.r3.menu-camp,Covering,2
4541,138444.913,34.9897,route.high.normal.r3.menu-camp,Covering,2
4542,138510.3313,65.4184,route.high.normal.r3.menu-camp,Covering,2
4543,138558.4849,48.1536,route.high.normal.r3.menu-camp,Covering,2
4544,138568.6632,10.1784,route.high.normal.r3.menu-camp,Covering,2
4545,138603.153,34.4897,route.high.normal.r3.menu-camp,Covering,2
4546,138636.8285,33.6756,route.high.normal.r3.menu-camp,Covering,2
4547,138670.6188,33.7902,route.high.normal.r3.menu-camp,CoveredLoading,2
4548,138685.9572,15.3384,route.high.normal.r3.menu-camp,CoveredLoading,2
4549,138756.0615,70.1044,route.high.normal.r3.menu-camp,CoveredLoading,2
4550,138903.0567,146.9948,route.high.normal.r3.menu-camp,CoveredLoading,2
4551,138950.2179,47.1615,route.high.normal.r3.menu-camp,CoveredLoading,2
4552,139029.8483,79.6304,route.high.normal.r3.menu-camp,CoveredLoading,2
4553,139042.5774,12.7291,route.high.normal.r3.menu-camp,CoveredLoading,2
4554,139117.4783,74.9009,route.high.normal.r3.menu-camp,CoveredLoading,2
4555,139143.9206,26.4423,route.high.normal.r3.menu-camp,CoveredLoading,2
4556,139183.1545,39.2339,route.high.normal.r3.menu-camp,CoveredLoading,2
4557,139210.3296,27.175,route.high.normal.r3.menu-camp,CoveredLoading,2
4558,139242.5071,32.1776,route.high.normal.r3.menu-camp,CoveredLoading,2
4559,139276.0119,33.5046,route.high.normal.r3.menu-camp,CoveredLoading,2
4560,139343.9417,67.9295,route.high.normal.r3.menu-camp,CoveredLoading,2
4561,139362.7246,18.7832,route.high.normal.r3.menu-camp,CoveredLoading,2
4562,139386.0781,23.3538,route.high.normal.r3.menu-camp,CoveredLoading,2
4563,139429.0194,42.9411,route.high.normal.r3.menu-camp,CoveredLoading,2
4564,139477.2129,48.1936,route.high.normal.r3.menu-camp,CoveredLoading,2
4565,139495.2924,18.0795,route.high.normal.r3.menu-camp,CoveredLoading,2
4566,139531.7047,36.4123,route.high.normal.r3.menu-camp,CoveredLoading,2
4567,139568.3478,36.6431,route.high.normal.r3.menu-camp,CoveredLoading,2
4568,139622.4094,54.0616,route.high.normal.r3.menu-camp,CoveredLoading,2
4569,139651.9758,29.5664,route.high.normal.r3.menu-camp,CoveredLoading,2
4570,139692.6821,40.7063,route.high.normal.r3.menu-camp,Preparing,2
4571,139760.6245,67.9424,route.high.normal.r3.menu-camp,Preparing,2
4572,139774.3733,13.7488,route.high.normal.r3.menu-camp,Preparing,2
4573,139813.8341,39.4608,route.high.normal.r3.menu-camp,Preparing,2
4574,139852.0666,38.2325,route.high.normal.r3.menu-camp,Preparing,2
4575,139889.5852,37.5184,route.high.normal.r3.menu-camp,Preparing,2
4576,139927.0471,37.4621,route.high.normal.r3.menu-camp,Preparing,2
4577,139964.8458,37.7986,route.high.normal.r3.menu-camp,Revealing,2
4578,140020.8226,55.9768,route.high.normal.r3.menu-camp,Revealing,2
4579,140065.2475,44.4251,route.high.normal.r3.menu-camp,Revealing,2
4580,140119.9635,54.7159,route.high.normal.r3.menu-camp,Revealing,2
4581,140162.563,42.5995,route.high.normal.r3.menu-camp,Revealing,2
4582,140247.1815,84.6185,route.high.normal.r3.menu-camp,Revealing,2
4583,140270.8489,23.6674,route.high.normal.r3.menu-camp,Revealing,2
4584,140320.5718,49.7229,route.high.normal.r3.menu-camp,Revealing,2
4585,140370.9554,50.3835,route.high.normal.r3.menu-camp,Revealing,2
4586,140421.115,50.1596,route.high.normal.r3.menu-camp,Revealing,2
4587,140472.1497,51.0346,route.high.normal.r3.menu-camp,Revealing,2
4588,140522.126,49.9762,route.high.normal.r3.menu-camp,Revealing,2
4589,140587.4443,65.3186,route.high.normal.r3.menu-camp,Revealing,2
4590,140608.9378,21.4933,route.high.normal.r3.menu-camp,Revealing,2
4591,140657.6614,48.7237,route.high.normal.r3.menu-camp,Revealing,2
4592,140701.6039,43.9424,route.high.normal.r3.menu-camp,Revealing,2
4593,140770.1028,68.4991,route.high.normal.r3.menu-camp,Revealing,2
4594,140787.4354,17.3326,route.high.normal.r3.menu-camp,Revealing,2
4595,140837.3255,49.89,route.high.normal.r3.menu-camp,Revealing,2
4596,140878.7423,41.4168,route.high.normal.r3.menu-camp,Revealing,2
4597,140928.6249,49.8826,route.high.normal.r3.menu-camp,Revealing,2
4598,140957.8142,29.1894,route.high.normal.r3.menu-camp,Revealing,2
4599,141001.4331,43.6189,route.high.normal.r3.menu-camp,Revealing,2
4600,141044.9887,43.5555,route.high.normal.r3.menu-camp,Revealing,2
4601,141113.5838,68.5951,route.high.normal.r3.menu-camp,Revealing,2
4602,141128.7551,15.1714,route.high.normal.r3.menu-camp,Revealing,2
4603,141169.3628,40.6077,route.high.normal.r3.menu-camp,Revealing,2
4604,141215.9836,46.6207,route.high.normal.r3.menu-camp,Revealing,2
4605,141263.1269,47.1434,route.high.normal.r3.menu-camp,Revealing,2
4606,141296.1764,33.0495,route.high.normal.r3.menu-camp,Revealing,2
4607,141335.4693,39.2929,route.high.normal.r3.menu-camp,Revealing,2
4608,141381.1086,45.6393,route.high.normal.r3.menu-camp,Idle,2
4609,141447.4592,66.3506,audit.snapshot.route.high.normal.r3.menu-camp.ready,Idle,2
4610,141496.6342,49.175,audit.snapshot.route.high.normal.r3.menu-camp.ready,Idle,2
4611,141507.724,11.0897,audit.snapshot.route.high.normal.r3.menu-camp.ready,Idle,2
4612,141541.1988,33.4749,audit.snapshot.route.high.normal.r3.menu-camp.ready,Idle,2
4613,141579.9771,38.7783,audit.snapshot.route.high.normal.r3.menu-camp.ready,Idle,2
4614,141618.063,38.0859,audit.snapshot.route.high.normal.r3.menu-camp.ready,Idle,2
4615,141653.6956,35.6326,audit.snapshot.route.high.normal.r3.menu-camp.ready,Idle,2
4616,141695.3214,41.6257,audit.snapshot.route.high.normal.r3.menu-camp.ready,Idle,2
4617,141733.0563,37.7351,audit.snapshot.route.high.normal.r3.menu-camp.ready,Idle,2
4618,141769.009,35.9525,audit.snapshot.route.high.normal.r3.menu-camp.ready,Idle,2
4619,141808.3352,39.3262,audit.snapshot.route.high.normal.r3.menu-camp.ready,Idle,2
4620,141865.4586,57.1234,audit.snapshot.route.high.normal.r3.menu-camp.ready,Idle,2
4621,141877.5228,12.0641,audit.snapshot.route.high.normal.r3.menu-camp.ready,Idle,2
4622,141906.3747,28.852,audit.snapshot.route.high.normal.r3.menu-camp.ready,Idle,2
4623,141946.129,39.7543,audit.snapshot.route.high.normal.r3.menu-camp.ready,Idle,2
4624,142010.0727,63.9438,audit.snapshot.route.high.normal.r3.menu-camp.ready,Idle,2
4625,142062.8083,52.7355,audit.snapshot.route.high.normal.r3.menu-camp.ready,Idle,2
4626,142074.7867,11.9785,audit.snapshot.route.high.normal.r3.menu-camp.ready,Idle,2
4627,142108.1388,33.3521,audit.snapshot.route.high.normal.r3.menu-camp.ready,Idle,2
4628,142144.9111,36.7723,audit.snapshot.route.high.normal.r3.menu-camp.ready,Idle,2
4629,142187.0096,42.0986,route.high.normal.r3.camp-menu,Covering,2
4630,142250.2388,63.2291,route.high.normal.r3.camp-menu,Covering,2
4631,142317.336,67.0971,route.high.normal.r3.camp-menu,Covering,2
4632,142332.4258,15.0899,route.high.normal.r3.camp-menu,Covering,2
4633,142369.576,37.1502,route.high.normal.r3.camp-menu,Covering,2
4634,142412.7916,43.2156,route.high.normal.r3.camp-menu,Covering,2
4635,142454.8054,42.0138,route.high.normal.r3.camp-menu,Covering,2
4636,142504.946,50.1407,route.high.normal.r3.camp-menu,Covering,2
4637,142545.5377,40.5916,route.high.normal.r3.camp-menu,Covering,2
4638,142610.3616,64.8239,route.high.normal.r3.camp-menu,Covering,2
4639,142624.7867,14.425,route.high.normal.r3.camp-menu,Covering,2
4640,142668.2218,43.4353,route.high.normal.r3.camp-menu,Covering,2
4641,142707.9397,39.7179,route.high.normal.r3.camp-menu,Covering,2
4642,142750.7472,42.8074,route.high.normal.r3.camp-menu,Covering,2
4643,142790.7646,40.0173,route.high.normal.r3.camp-menu,Covering,2
4644,142833.4058,42.6413,route.high.normal.r3.camp-menu,Covering,2
4645,142874.2271,40.821,route.high.normal.r3.camp-menu,Covering,2
4646,142940.9075,66.6806,route.high.normal.r3.camp-menu,Covering,2
4647,142957.4987,16.5913,route.high.normal.r3.camp-menu,Covering,2
4648,143008.422,50.9233,route.high.normal.r3.camp-menu,Covering,2
4649,143054.7142,46.2922,route.high.normal.r3.camp-menu,Covering,2
4650,143105.9125,51.1983,route.high.normal.r3.camp-menu,Covering,2
4651,143145.0972,39.1846,route.high.normal.r3.camp-menu,Covering,2
4652,143226.6593,81.5622,route.high.normal.r3.camp-menu,Covering,2
4653,143245.9454,19.286,route.high.normal.r3.camp-menu,Covering,2
4654,143302.6534,56.7081,route.high.normal.r3.camp-menu,Covering,2
4655,143351.2284,48.5749,route.high.normal.r3.camp-menu,Covering,2
4656,143393.9652,42.7368,route.high.normal.r3.camp-menu,Covering,2
4657,143443.5415,49.5764,route.high.normal.r3.camp-menu,Covering,2
4658,143493.4693,49.9278,route.high.normal.r3.camp-menu,Covering,2
4659,143541.9915,48.5221,route.high.normal.r3.camp-menu,Covering,2
4660,143593.4246,51.4331,route.high.normal.r3.camp-menu,Covering,2
4661,143643.0878,49.6632,route.high.normal.r3.camp-menu,Covering,2
4662,143692.8186,49.7309,route.high.normal.r3.camp-menu,Covering,2
4663,143742.4686,49.65,route.high.normal.r3.camp-menu,Covering,2
4664,143792.9432,50.4745,route.high.normal.r3.camp-menu,CoveredLoading,2
4665,143811.6585,18.7153,route.high.normal.r3.camp-menu,CoveredLoading,2
4666,143948.832,137.1737,route.high.normal.r3.camp-menu,CoveredLoading,2
4667,144185.8804,237.0482,route.high.normal.r3.camp-menu,CoveredLoading,2
4668,144203.4053,17.525,route.high.normal.r3.camp-menu,CoveredLoading,2
4669,144244.5695,41.164,route.high.normal.r3.camp-menu,CoveredLoading,2
4670,144262.6789,18.1095,route.high.normal.r3.camp-menu,CoveredLoading,2
4671,144327.3764,64.6976,route.high.normal.r3.camp-menu,CoveredLoading,2
4672,144414.8434,87.4667,route.high.normal.r3.camp-menu,CoveredLoading,2
4673,144440.821,25.9779,route.high.normal.r3.camp-menu,CoveredLoading,2
4674,144485.4429,44.622,route.high.normal.r3.camp-menu,CoveredLoading,2
4675,144516.7903,31.3473,route.high.normal.r3.camp-menu,CoveredLoading,2
4676,144554.2586,37.4683,route.high.normal.r3.camp-menu,CoveredLoading,2
4677,144633.5904,79.3314,route.high.normal.r3.camp-menu,CoveredLoading,2
4678,144650.2735,16.6836,route.high.normal.r3.camp-menu,CoveredLoading,2
4679,144704.2958,54.0221,route.high.normal.r3.camp-menu,CoveredLoading,2
4680,144756.6932,52.3974,route.high.normal.r3.camp-menu,CoveredLoading,2
4681,144788.3109,31.6178,route.high.normal.r3.camp-menu,CoveredLoading,2
4682,144824.6569,36.346,route.high.normal.r3.camp-menu,CoveredLoading,2
4683,144861.5213,36.8644,route.high.normal.r3.camp-menu,CoveredLoading,2
4684,144892.3247,30.8033,route.high.normal.r3.camp-menu,CoveredLoading,2
4685,144926.3981,34.0735,route.high.normal.r3.camp-menu,CoveredLoading,2
4686,144969.5422,43.1439,route.high.normal.r3.camp-menu,CoveredLoading,2
4687,145001.0848,31.5428,route.high.normal.r3.camp-menu,CoveredLoading,2
4688,145042.479,41.3942,route.high.normal.r3.camp-menu,CoveredLoading,2
4689,145084.6107,42.1316,route.high.normal.r3.camp-menu,Preparing,2
4690,145128.3548,43.7441,route.high.normal.r3.camp-menu,Preparing,2
4691,145177.351,48.9963,route.high.normal.r3.camp-menu,Preparing,2
4692,145231.6404,54.2894,route.high.normal.r3.camp-menu,Preparing,2
4693,145266.2478,34.6074,route.high.normal.r3.camp-menu,Preparing,2
4694,145305.9931,39.7451,route.high.normal.r3.camp-menu,Preparing,2
4695,145335.9367,29.9438,route.high.normal.r3.camp-menu,Revealing,2
4696,145371.7437,35.807,route.high.normal.r3.camp-menu,Revealing,2
4697,145404.9187,33.175,route.high.normal.r3.camp-menu,Revealing,2
4698,145450.207,45.2883,route.high.normal.r3.camp-menu,Revealing,2
4699,145483.4598,33.2528,route.high.normal.r3.camp-menu,Revealing,2
4700,145517.2341,33.7744,route.high.normal.r3.camp-menu,Revealing,2
4701,145551.2513,34.0171,route.high.normal.r3.camp-menu,Revealing,2
4702,145577.9895,26.7378,route.high.normal.r3.camp-menu,Revealing,2
4703,145608.3822,30.3931,route.high.normal.r3.camp-menu,Revealing,2
4704,145654.1581,45.7759,route.high.normal.r3.camp-menu,Revealing,2
4705,145688.1194,33.9612,route.high.normal.r3.camp-menu,Revealing,2
4706,145726.5739,38.4547,route.high.normal.r3.camp-menu,Revealing,2
4707,145768.817,42.2429,route.high.normal.r3.camp-menu,Revealing,2
4708,145807.2279,38.411,route.high.normal.r3.camp-menu,Revealing,2
4709,145844.1546,36.9267,route.high.normal.r3.camp-menu,Revealing,2
4710,145887.6417,43.4871,route.high.normal.r3.camp-menu,Revealing,2
4711,145920.9742,33.3325,route.high.normal.r3.camp-menu,Revealing,2
4712,145955.9264,34.952,route.high.normal.r3.camp-menu,Revealing,2
4713,145989.315,33.3888,route.high.normal.r3.camp-menu,Revealing,2
4714,146027.7163,38.4013,route.high.normal.r3.camp-menu,Revealing,2
4715,146064.7775,37.0612,route.high.normal.r3.camp-menu,Revealing,2
4716,146105.8077,41.0302,route.high.normal.r3.camp-menu,Revealing,2
4717,146136.8425,31.0349,route.high.normal.r3.camp-menu,Revealing,2
4718,146173.4068,36.5642,route.high.normal.r3.camp-menu,Revealing,2
4719,146206.6502,33.2434,route.high.normal.r3.camp-menu,Revealing,2
4720,146244.2343,37.5841,route.high.normal.r3.camp-menu,Revealing,2
4721,146268.7824,24.5481,route.high.normal.r3.camp-menu,Revealing,2
4722,146306.48,37.6976,route.high.normal.r3.camp-menu,Revealing,2
4723,146332.1151,25.6351,route.high.normal.r3.camp-menu,Revealing,2
4724,146360.6958,28.5806,route.high.normal.r3.camp-menu,Revealing,2
4725,146385.2879,24.5922,route.high.normal.r3.camp-menu,Revealing,2
4726,146416.4745,31.1867,route.high.normal.r3.camp-menu,Revealing,2
4727,146448.7013,32.2267,route.high.normal.r3.camp-menu,Revealing,2
4728,146484.1275,35.4262,route.high.normal.r3.camp-menu,Revealing,2
4729,146511.1701,27.0426,route.high.normal.r3.camp-menu,Revealing,2
4730,146539.0652,27.8951,route.high.normal.r3.camp-menu,Revealing,2
4731,146568.0965,29.0314,route.high.normal.r3.camp-menu,Revealing,2
4732,146598.3601,30.2635,route.high.normal.r3.camp-menu,Revealing,2
4733,146623.8008,25.4406,route.high.normal.r3.camp-menu,Revealing,2
4734,146658.7587,34.958,route.high.normal.r3.camp-menu,Revealing,2
4735,146681.5205,22.7618,route.high.normal.r3.camp-menu,Revealing,2
4736,146712.5723,31.0518,route.high.normal.r3.camp-menu,Revealing,2
4737,146746.7145,34.1423,route.high.normal.r3.camp-menu,Idle,2
4738,146781.4693,34.7548,audit.snapshot.route.high.normal.r3.camp-menu.ready,Idle,2
4739,146807.1961,25.7265,audit.snapshot.route.high.normal.r3.camp-menu.ready,Idle,2
4740,146839.7781,32.5822,audit.snapshot.route.high.normal.r3.camp-menu.ready,Idle,2
4741,146869.8053,30.0272,audit.snapshot.route.high.normal.r3.camp-menu.ready,Idle,2
4742,146892.6954,22.8901,audit.snapshot.route.high.normal.r3.camp-menu.ready,Idle,2
4743,146927.8144,35.1189,audit.snapshot.route.high.normal.r3.camp-menu.ready,Idle,2
4744,146963.7265,35.9121,audit.snapshot.route.high.normal.r3.camp-menu.ready,Idle,2
4745,146991.0756,27.3492,audit.snapshot.route.high.normal.r3.camp-menu.ready,Idle,2
4746,147031.5763,40.5008,audit.snapshot.route.high.normal.r3.camp-menu.ready,Idle,2
4747,147051.2019,19.6255,audit.snapshot.route.high.normal.r3.camp-menu.ready,Idle,2
4748,147080.3607,29.1585,audit.snapshot.route.high.normal.r3.camp-menu.ready,Idle,2
4749,147110.3842,30.0236,audit.snapshot.route.high.normal.r3.camp-menu.ready,Idle,2
4750,147136.4717,26.0876,audit.snapshot.route.high.normal.r3.camp-menu.ready,Idle,2
4751,147170.5627,34.0911,audit.snapshot.route.high.normal.r3.camp-menu.ready,Idle,2
4752,147214.6778,44.1151,audit.snapshot.route.high.normal.r3.camp-menu.ready,Idle,2
4753,147242.9365,28.2587,audit.snapshot.route.high.normal.r3.camp-menu.ready,Idle,2
4754,147279.4157,36.4791,audit.snapshot.route.high.normal.r3.camp-menu.ready,Idle,2
4755,147312.9876,33.572,audit.snapshot.route.high.normal.r3.camp-menu.ready,Idle,2
4756,147335.7462,22.7586,audit.snapshot.route.high.normal.r3.camp-menu.ready,Idle,2
4757,147362.9829,27.2367,audit.snapshot.route.high.normal.r3.camp-menu.ready,Idle,2
4758,147396.4142,33.4313,route.high.reduced.r3.menu-camp,Covering,2
4759,147423.7101,27.2959,route.high.reduced.r3.menu-camp,Covering,2
4760,147467.2773,43.5672,route.high.reduced.r3.menu-camp,Covering,2
4761,147497.5894,30.3121,route.high.reduced.r3.menu-camp,Covering,2
4762,147537.9219,40.3325,route.high.reduced.r3.menu-camp,Covering,2
4763,147565.4228,27.5009,route.high.reduced.r3.menu-camp,CoveredLoading,2
4764,147582.6084,17.1856,route.high.reduced.r3.menu-camp,CoveredLoading,2
4765,147657.8134,75.2051,route.high.reduced.r3.menu-camp,CoveredLoading,2
4766,147797.9988,140.1851,route.high.reduced.r3.menu-camp,CoveredLoading,2
4767,147842.8439,44.8453,route.high.reduced.r3.menu-camp,CoveredLoading,2
4768,147920.4652,77.6213,route.high.reduced.r3.menu-camp,CoveredLoading,2
4769,147932.7733,12.3082,route.high.reduced.r3.menu-camp,CoveredLoading,2
4770,148006.4012,73.6278,route.high.reduced.r3.menu-camp,CoveredLoading,2
4771,148030.8413,24.4399,route.high.reduced.r3.menu-camp,CoveredLoading,2
4772,148067.8455,37.0044,route.high.reduced.r3.menu-camp,CoveredLoading,2
4773,148086.2542,18.4087,route.high.reduced.r3.menu-camp,CoveredLoading,2
4774,148119.9087,33.6544,route.high.reduced.r3.menu-camp,CoveredLoading,2
4775,148149.854,29.9454,route.high.reduced.r3.menu-camp,CoveredLoading,2
4776,148205.6448,55.7902,route.high.reduced.r3.menu-camp,CoveredLoading,2
4777,148224.8414,19.1972,route.high.reduced.r3.menu-camp,CoveredLoading,2
4778,148251.0159,26.1745,route.high.reduced.r3.menu-camp,CoveredLoading,2
4779,148283.2467,32.2308,route.high.reduced.r3.menu-camp,CoveredLoading,2
4780,148316.5872,33.3405,route.high.reduced.r3.menu-camp,CoveredLoading,2
4781,148349.946,33.3587,route.high.reduced.r3.menu-camp,CoveredLoading,2
4782,148385.2215,35.2755,route.high.reduced.r3.menu-camp,CoveredLoading,2
4783,148407.7871,22.5656,route.high.reduced.r3.menu-camp,CoveredLoading,2
4784,148434.3014,26.5144,route.high.reduced.r3.menu-camp,CoveredLoading,2
4785,148462.6438,28.3424,route.high.reduced.r3.menu-camp,Preparing,2
4786,148505.4059,42.7622,route.high.reduced.r3.menu-camp,Preparing,2
4787,148529.2425,23.8364,route.high.reduced.r3.menu-camp,Preparing,2
4788,148553.6834,24.441,route.high.reduced.r3.menu-camp,Revealing,2
4789,148613.0359,59.3525,route.high.reduced.r3.menu-camp,Revealing,2
4790,148625.5817,12.5457,route.high.reduced.r3.menu-camp,Revealing,2
4791,148652.6208,27.0392,route.high.reduced.r3.menu-camp,Revealing,2
4792,148703.5149,50.8941,route.high.reduced.r3.menu-camp,Revealing,2
4793,148715.7953,12.2804,route.high.reduced.r3.menu-camp,Revealing,2
4794,148746.7964,31.0011,route.high.reduced.r3.menu-camp,Idle,2
4795,148781.2572,34.4608,audit.snapshot.route.high.reduced.r3.menu-camp.ready,Idle,2
4796,148807.056,25.7987,audit.snapshot.route.high.reduced.r3.menu-camp.ready,Idle,2
4797,148840.3268,33.2707,audit.snapshot.route.high.reduced.r3.menu-camp.ready,Idle,2
4798,148873.8483,33.5217,audit.snapshot.route.high.reduced.r3.menu-camp.ready,Idle,2
4799,148907.0975,33.2491,audit.snapshot.route.high.reduced.r3.menu-camp.ready,Idle,2
4800,148940.5337,33.4363,audit.snapshot.route.high.reduced.r3.menu-camp.ready,Idle,2
4801,148971.1126,30.5788,audit.snapshot.route.high.reduced.r3.menu-camp.ready,Idle,2
4802,149000.5213,29.4088,audit.snapshot.route.high.reduced.r3.menu-camp.ready,Idle,2
4803,149034.1243,33.6029,audit.snapshot.route.high.reduced.r3.menu-camp.ready,Idle,2
4804,149073.4914,39.367,audit.snapshot.route.high.reduced.r3.menu-camp.ready,Idle,2
4805,149100.4442,26.953,audit.snapshot.route.high.reduced.r3.menu-camp.ready,Idle,2
4806,149134.0404,33.5962,audit.snapshot.route.high.reduced.r3.menu-camp.ready,Idle,2
4807,149167.9389,33.8984,audit.snapshot.route.high.reduced.r3.menu-camp.ready,Idle,2
4808,149207.0634,39.1246,audit.snapshot.route.high.reduced.r3.menu-camp.ready,Idle,2
4809,149239.9171,32.8537,audit.snapshot.route.high.reduced.r3.menu-camp.ready,Idle,2
4810,149273.3696,33.4525,audit.snapshot.route.high.reduced.r3.menu-camp.ready,Idle,2
4811,149307.0169,33.6473,audit.snapshot.route.high.reduced.r3.menu-camp.ready,Idle,2
4812,149346.5636,39.5467,audit.snapshot.route.high.reduced.r3.menu-camp.ready,Idle,2
4813,149367.4757,20.9122,audit.snapshot.route.high.reduced.r3.menu-camp.ready,Idle,2
4814,149394.7295,27.2536,audit.snapshot.route.high.reduced.r3.menu-camp.ready,Idle,2
4815,149420.0044,25.275,route.high.reduced.r3.camp-menu,Covering,2
4816,149473.0127,53.0081,route.high.reduced.r3.camp-menu,Covering,2
4817,149509.2335,36.221,route.high.reduced.r3.camp-menu,Covering,2
4818,149519.1879,9.9544,route.high.reduced.r3.camp-menu,Covering,2
4819,149546.7056,27.5177,route.high.reduced.r3.camp-menu,Covering,2
4820,149570.9685,24.2628,route.high.reduced.r3.camp-menu,CoveredLoading,2
4821,149580.9403,9.9719,route.high.reduced.r3.camp-menu,CoveredLoading,2
4822,149675.848,94.9077,route.high.reduced.r3.camp-menu,CoveredLoading,2
4823,149888.5268,212.6785,route.high.reduced.r3.camp-menu,CoveredLoading,2
4824,149904.3319,15.8054,route.high.reduced.r3.camp-menu,CoveredLoading,2
4825,149932.0382,27.7063,route.high.reduced.r3.camp-menu,CoveredLoading,2
4826,149948.7055,16.6673,route.high.reduced.r3.camp-menu,CoveredLoading,2
4827,150005.1993,56.4938,route.high.reduced.r3.camp-menu,CoveredLoading,2
4828,150085.6315,80.432,route.high.reduced.r3.camp-menu,CoveredLoading,2
4829,150112.9225,27.2913,route.high.reduced.r3.camp-menu,CoveredLoading,2
4830,150131.5645,18.6419,route.high.reduced.r3.camp-menu,CoveredLoading,2
4831,150151.5989,20.0344,route.high.reduced.r3.camp-menu,CoveredLoading,2
4832,150173.3961,21.7972,route.high.reduced.r3.camp-menu,CoveredLoading,2
4833,150226.9751,53.5786,route.high.reduced.r3.camp-menu,CoveredLoading,2
4834,150245.046,18.0712,route.high.reduced.r3.camp-menu,CoveredLoading,2
4835,150271.8081,26.762,route.high.reduced.r3.camp-menu,CoveredLoading,2
4836,150286.8167,15.0087,route.high.reduced.r3.camp-menu,CoveredLoading,2
4837,150320.0907,33.2741,route.high.reduced.r3.camp-menu,CoveredLoading,2
4838,150347.8339,27.7432,route.high.reduced.r3.camp-menu,CoveredLoading,2
4839,150373.602,25.7682,route.high.reduced.r3.camp-menu,CoveredLoading,2
4840,150413.069,39.4669,route.high.reduced.r3.camp-menu,CoveredLoading,2
4841,150441.0589,27.9899,route.high.reduced.r3.camp-menu,CoveredLoading,2
4842,150479.2534,38.1945,route.high.reduced.r3.camp-menu,CoveredLoading,2
4843,150511.3971,32.1436,route.high.reduced.r3.camp-menu,CoveredLoading,2
4844,150541.791,30.394,route.high.reduced.r3.camp-menu,CoveredLoading,2
4845,150565.6631,23.8721,route.high.reduced.r3.camp-menu,CoveredLoading,2
4846,150593.5194,27.8563,route.high.reduced.r3.camp-menu,Preparing,2
4847,150636.4065,42.887,route.high.reduced.r3.camp-menu,Preparing,2
4848,150676.7172,40.3108,route.high.reduced.r3.camp-menu,Preparing,2
4849,150705.6313,28.9141,route.high.reduced.r3.camp-menu,Revealing,2
4850,150732.0533,26.422,route.high.reduced.r3.camp-menu,Revealing,2
4851,150769.3849,37.3316,route.high.reduced.r3.camp-menu,Revealing,2
4852,150808.0647,38.6798,route.high.reduced.r3.camp-menu,Revealing,2
4853,150871.9964,63.9317,route.high.reduced.r3.camp-menu,Revealing,2
4854,150915.7511,43.7547,route.high.reduced.r3.camp-menu,Idle,2
4855,150954.5351,38.784,audit.snapshot.route.high.reduced.r3.camp-menu.ready,Idle,2
4856,151001.8859,47.3508,audit.snapshot.route.high.reduced.r3.camp-menu.ready,Idle,2
4857,151037.0617,35.1757,audit.snapshot.route.high.reduced.r3.camp-menu.ready,Idle,2
4858,151113.367,76.3054,audit.snapshot.route.high.reduced.r3.camp-menu.ready,Idle,2
4859,151152.3041,38.9371,audit.snapshot.route.high.reduced.r3.camp-menu.ready,Idle,2
4860,151182.4482,30.1441,audit.snapshot.route.high.reduced.r3.camp-menu.ready,Idle,2
4861,151219.4662,37.0181,audit.snapshot.route.high.reduced.r3.camp-menu.ready,Idle,2
4862,151263.1289,43.6626,audit.snapshot.route.high.reduced.r3.camp-menu.ready,Idle,2
4863,151312.1524,49.0235,audit.snapshot.route.high.reduced.r3.camp-menu.ready,Idle,2
4864,151346.5937,34.4413,audit.snapshot.route.high.reduced.r3.camp-menu.ready,Idle,2
4865,151378.6853,32.0916,audit.snapshot.route.high.reduced.r3.camp-menu.ready,Idle,2
4866,151411.8755,33.1903,audit.snapshot.route.high.reduced.r3.camp-menu.ready,Idle,2
4867,151445.2464,33.3708,audit.snapshot.route.high.reduced.r3.camp-menu.ready,Idle,2
4868,151479.1621,33.9156,audit.snapshot.route.high.reduced.r3.camp-menu.ready,Idle,2
4869,151511.8445,32.6826,audit.snapshot.route.high.reduced.r3.camp-menu.ready,Idle,2
4870,151544.9552,33.1104,audit.snapshot.route.high.reduced.r3.camp-menu.ready,Idle,2
4871,151576.4587,31.5037,audit.snapshot.route.high.reduced.r3.camp-menu.ready,Idle,2
4872,151610.9353,34.4765,audit.snapshot.route.high.reduced.r3.camp-menu.ready,Idle,2
4873,151650.1297,39.1945,audit.snapshot.route.high.reduced.r3.camp-menu.ready,Idle,2
4874,151677.7254,27.5957,audit.snapshot.route.high.reduced.r3.camp-menu.ready,Idle,2
4875,151731.1293,53.4038,route.high.to-spring,Covering,2
4876,151785.8905,54.7614,route.high.to-spring,Covering,2
4877,151829.3288,43.4383,route.high.to-spring,Covering,2
4878,151881.6413,52.3124,route.high.to-spring,Covering,2
4879,151937.0093,55.368,route.high.to-spring,Covering,2
4880,152004.8199,67.8107,route.high.to-spring,Covering,2
4881,152045.5061,40.6861,route.high.to-spring,Covering,2
4882,152113.445,67.9389,route.high.to-spring,Covering,2
4883,152158.9776,45.5326,route.high.to-spring,Covering,2
4884,152195.6857,36.7079,route.high.to-spring,Covering,2
4885,152238.429,42.7433,route.high.to-spring,Covering,2
4886,152273.2202,34.7914,route.high.to-spring,Covering,2
4887,152306.4958,33.2756,route.high.to-spring,Covering,2
4888,152340.4058,33.91,route.high.to-spring,Covering,2
4889,152375.83,35.4242,route.high.to-spring,Covering,2
4890,152409.3924,33.5624,route.high.to-spring,Covering,2
4891,152443.7245,34.3321,route.high.to-spring,Covering,2
4892,152480.549,36.8246,route.high.to-spring,Covering,2
4893,152516.4665,35.9173,route.high.to-spring,Covering,2
4894,152570.2236,53.757,route.high.to-spring,Covering,2
4895,152631.1441,60.9208,route.high.to-spring,Covering,2
4896,152685.5528,54.4085,route.high.to-spring,Covering,2
4897,152734.5176,48.9649,route.high.to-spring,Covering,2
4898,152799.3393,64.8217,route.high.to-spring,Covering,2
4899,152863.6927,64.3534,route.high.to-spring,Covering,2
4900,152947.3739,83.6812,route.high.to-spring,Covering,2
4901,152988.6617,41.2877,route.high.to-spring,Covering,2
4902,153064.6332,75.9716,route.high.to-spring,Covering,2
4903,153102.746,38.1129,route.high.to-spring,Covering,2
4904,153160.0527,57.3066,route.high.to-spring,Covering,2
4905,153204.7242,44.6714,route.high.to-spring,Covering,2
4906,153273.5592,68.8351,route.high.to-spring,Covering,2
4907,153316.9971,43.4378,route.high.to-spring,CoveredLoading,2
4908,153341.8361,24.8391,route.high.to-spring,CoveredLoading,2
4909,153444.1036,102.2675,route.high.to-spring,CoveredLoading,2
4910,153634.8082,190.7044,route.high.to-spring,CoveredLoading,2
4911,153675.8042,40.9962,route.high.to-spring,CoveredLoading,2
4912,153752.6091,76.8049,route.high.to-spring,CoveredLoading,2
4913,153773.8364,21.2273,route.high.to-spring,CoveredLoading,2
4914,153842.5312,68.6948,route.high.to-spring,CoveredLoading,2
4915,153881.9326,39.4013,route.high.to-spring,CoveredLoading,2
4916,153918.2154,36.2829,route.high.to-spring,CoveredLoading,2
4917,153964.3189,46.1034,route.high.to-spring,CoveredLoading,2
4918,154015.2636,50.9448,route.high.to-spring,CoveredLoading,2
4919,154066.7097,51.446,route.high.to-spring,CoveredLoading,2
4920,154162.0715,95.3616,route.high.to-spring,CoveredLoading,2
4921,154178.2307,16.1595,route.high.to-spring,CoveredLoading,2
4922,154253.7844,75.5536,route.high.to-spring,CoveredLoading,2
4923,154311.2812,57.4969,route.high.to-spring,Preparing,2
4924,154370.3845,59.1032,route.high.to-spring,Preparing,2
4925,154413.906,43.5216,route.high.to-spring,Preparing,2
4926,154457.3184,43.4124,route.high.to-spring,Preparing,2
4927,154521.1926,63.8742,route.high.to-spring,Preparing,2
4928,154561.2269,40.0343,route.high.to-spring,Revealing,2
4929,154609.1037,47.8768,route.high.to-spring,Revealing,2
4930,154663.5565,54.4528,route.high.to-spring,Revealing,2
4931,154719.3953,55.8387,route.high.to-spring,Revealing,2
4932,154767.3602,47.9648,route.high.to-spring,Revealing,2
4933,154832.2923,64.9323,route.high.to-spring,Revealing,2
4934,154886.2773,53.9849,route.high.to-spring,Revealing,2
4935,154933.7758,47.4985,route.high.to-spring,Revealing,2
4936,154985.8078,52.0322,route.high.to-spring,Revealing,2
4937,155033.5066,47.6987,route.high.to-spring,Revealing,2
4938,155085.5983,52.0916,route.high.to-spring,Revealing,2
4939,155150.5119,64.9137,route.high.to-spring,Revealing,2
4940,155196.2389,45.727,route.high.to-spring,Revealing,2
4941,155238.133,41.8941,route.high.to-spring,Revealing,2
4942,155276.0737,37.9406,route.high.to-spring,Revealing,2
4943,155320.8105,44.7368,route.high.to-spring,Revealing,2
4944,155352.8516,32.0411,route.high.to-spring,Revealing,2
4945,155427.0065,74.155,route.high.to-spring,Revealing,2
4946,155484.4499,57.4433,route.high.to-spring,Revealing,2
4947,155526.987,42.5372,route.high.to-spring,Revealing,2
4948,155573.8737,46.8867,route.high.to-spring,Revealing,2
4949,155610.4713,36.5976,route.high.to-spring,Revealing,2
4950,155686.0382,75.5668,route.high.to-spring,Revealing,2
4951,155729.1621,43.124,route.high.to-spring,Revealing,2
4952,155786.6741,57.512,route.high.to-spring,Revealing,2
4953,155867.0748,80.4008,route.high.to-spring,Revealing,2
4954,155890.0006,22.9257,route.high.to-spring,Revealing,2
4955,155928.1818,38.1811,route.high.to-spring,Revealing,2
4956,155984.6224,56.4407,route.high.to-spring,Idle,2
4957,156052.0241,67.4018,audit.snapshot.route.high.to-spring.ready,Idle,2
4958,156121.3752,69.3511,audit.snapshot.route.high.to-spring.ready,Idle,2
4959,156185.5566,64.1813,audit.snapshot.route.high.to-spring.ready,Idle,2
4960,156239.2189,53.6623,audit.snapshot.route.high.to-spring.ready,Idle,2
4961,156276.6017,37.3828,audit.snapshot.route.high.to-spring.ready,Idle,2
4962,156342.4116,65.8099,audit.snapshot.route.high.to-spring.ready,Idle,2
4963,156414.8902,72.4785,audit.snapshot.route.high.to-spring.ready,Idle,2
4964,156472.3122,57.4221,audit.snapshot.route.high.to-spring.ready,Idle,2
4965,156509.7121,37.3999,audit.snapshot.route.high.to-spring.ready,Idle,2
4966,156572.9452,63.2331,audit.snapshot.route.high.to-spring.ready,Idle,2
4967,156638.3103,65.365,audit.snapshot.route.high.to-spring.ready,Idle,2
4968,156676.2167,37.9064,audit.snapshot.route.high.to-spring.ready,Idle,2
4969,156739.3798,63.163,audit.snapshot.route.high.to-spring.ready,Idle,2
4970,156804.5195,65.1399,audit.snapshot.route.high.to-spring.ready,Idle,2
4971,156836.6577,32.1382,audit.snapshot.route.high.to-spring.ready,Idle,2
4972,156882.0608,45.4031,audit.snapshot.route.high.to-spring.ready,Idle,2
4973,156924.1994,42.1386,audit.snapshot.route.high.to-spring.ready,Idle,2
4974,156961.3637,37.1642,audit.snapshot.route.high.to-spring.ready,Idle,2
4975,157053.8385,92.4749,audit.snapshot.route.high.to-spring.ready,Idle,2
4976,157076.9517,23.1131,audit.snapshot.route.high.to-spring.ready,Idle,2
4977,157127.5157,50.5641,audit.snapshot.route.high.to-spring.ready,Idle,2
4978,157176.1944,48.6787,audit.snapshot.route.high.to-spring.ready,Idle,2
4979,157227.8091,51.6147,audit.snapshot.route.high.to-spring.ready,Idle,2
4980,157278.1455,50.3364,audit.snapshot.route.high.to-spring.ready,Idle,2
4981,157318.8511,40.7056,audit.snapshot.route.high.to-spring.ready,Idle,2
4982,157362.3041,43.453,audit.snapshot.route.high.to-spring.ready,Idle,2
4983,157421.6255,59.3213,audit.snapshot.route.high.to-spring.ready,Idle,2
4984,157457.4049,35.7795,audit.snapshot.route.high.to-spring.ready,Idle,2
4985,157488.9162,31.5113,audit.snapshot.route.high.to-spring.ready,Idle,2
4986,157555.4887,66.5725,audit.snapshot.route.high.to-spring.ready,Idle,2
4987,157579.3469,23.8581,audit.snapshot.route.high.to-spring.ready,Idle,2
4988,157630.0279,50.6812,audit.snapshot.route.high.to-spring.ready,Idle,2
4989,157667.5621,37.534,audit.snapshot.route.high.to-spring.ready,Idle,2
4990,157737.6059,70.0439,audit.snapshot.route.high.to-spring.ready,Idle,2
4991,157791.6121,54.0062,audit.snapshot.route.high.to-spring.ready,Idle,2
4992,157853.3098,61.6975,audit.snapshot.route.high.to-spring.ready,Idle,2
4993,157885.52,32.2103,audit.snapshot.route.high.to-spring.ready,Idle,2
4994,157900.1047,14.5846,audit.snapshot.route.high.to-spring.ready,Idle,2
4995,157932.9348,32.8303,audit.snapshot.route.high.to-spring.ready,Idle,2
4996,157974.7133,41.7786,audit.snapshot.route.high.to-spring.ready,Idle,2
4997,158022.2575,47.544,audit.snapshot.route.high.to-spring.ready,Idle,2
4998,158042.1762,19.9188,audit.snapshot.route.high.to-spring.ready,Idle,2
4999,158092.7048,50.5286,audit.snapshot.route.high.to-spring.ready,Idle,2
5000,158134.9446,42.2398,audit.snapshot.route.high.to-spring.ready,Idle,2
5001,158173.9971,39.0524,audit.snapshot.route.high.to-spring.ready,Idle,2
5002,158201.5541,27.5571,camp.spring.high.solved,Idle,2
5003,158233.7496,32.1955,camp.spring.high.solved,Idle,2
5004,158259.0556,25.306,camp.spring.high.solved,Idle,2
5005,158284.2967,25.241,camp.spring.high.solved,Idle,2
5006,158312.2477,27.9511,camp.spring.high.solved,Idle,2
5007,158345.6958,33.4481,camp.spring.high.solved,Idle,2
5008,158367.4348,21.7388,camp.spring.high.solved,Idle,2
5009,158396.8814,29.4468,camp.spring.high.solved,Idle,2
5010,158426.7531,29.8717,camp.spring.high.solved,Idle,2
5011,158459.6442,32.8911,camp.spring.high.solved,Idle,2
5012,158493.0561,33.4117,camp.spring.high.solved,Idle,2
5013,158523.8063,30.7505,camp.spring.high.solved,Idle,2
5014,158556.0923,32.2858,camp.spring.high.solved,Idle,2
5015,158586.6873,30.5951,camp.spring.high.solved,Idle,2
5016,158618.9693,32.282,camp.spring.high.solved,Idle,2
5017,158651.4539,32.4846,camp.spring.high.solved,Idle,2
5018,158684.4446,32.9907,camp.spring.high.solved,Idle,2
5019,158709.7443,25.2997,camp.spring.high.solved,Idle,2
5020,158758.372,48.6277,camp.spring.high.solved,Idle,2
5021,158769.499,11.1271,camp.spring.high.solved,Idle,2
5022,158802.1627,32.6636,camp.spring.high.solved,Idle,2
5023,158834.5927,32.43,camp.spring.high.solved,Idle,2
5024,158864.3625,29.7698,camp.spring.high.solved,Idle,2
5025,158889.2733,24.9108,camp.spring.high.solved,Idle,2
5026,158919.3912,30.1179,camp.spring.high.solved,Idle,2
5027,158952.081,32.6898,camp.spring.high.solved,Idle,2
5028,158985.0547,32.9737,camp.spring.high.solved,Idle,2
5029,159017.612,32.5571,camp.spring.high.solved,Idle,2
5030,159043.1358,25.524,camp.spring.high.solved,Idle,2
5031,159072.6495,29.5137,camp.spring.high.solved,Idle,2
5032,159103.0052,30.3557,camp.spring.high.solved,Idle,2
5033,159135.4837,32.4784,camp.spring.high.solved,Idle,2
5034,159166.9685,31.4849,camp.spring.high.solved,Idle,2
5035,159190.0364,23.0679,camp.spring.high.solved,Idle,2
5036,159218.5227,28.4863,camp.spring.high.solved,Idle,2
5037,159243.7122,25.1895,camp.spring.high.solved,Idle,2
5038,159274.1721,30.4598,camp.spring.high.solved,Idle,2
5039,159306.3495,32.1774,camp.spring.high.solved,Idle,2
5040,159333.168,26.8186,camp.spring.high.solved,Idle,2
5041,159361.493,28.325,camp.spring.high.solved,Idle,2
5042,159386.4322,24.9392,camp.spring.high.solved,Idle,2
5043,159417.9812,31.549,camp.spring.high.solved,Idle,2
5044,159441.1847,23.2034,camp.spring.high.solved,Idle,2
5045,159469.9024,28.7177,camp.spring.high.solved,Idle,2
5046,159495.2346,25.3324,camp.spring.high.solved,Idle,2
5047,159518.0293,22.7945,camp.spring.high.solved,Idle,2
5048,159542.3866,24.3574,camp.spring.high.solved,Idle,2
5049,159567.3043,24.9177,camp.spring.high.solved,Idle,2
5050,159594.547,27.2427,camp.spring.high.solved,Idle,2
5051,159618.9711,24.4241,camp.spring.high.solved,Idle,2
5052,159642.9248,23.9536,camp.spring.high.solved,Idle,2
5053,159668.7436,25.8187,camp.spring.high.solved,Idle,2
5054,159697.048,28.3046,camp.spring.high.solved,Idle,2
5055,159721.6566,24.6085,camp.spring.high.solved,Idle,2
5056,159747.5081,25.8513,camp.spring.high.solved,Idle,2
5057,159769.6164,22.1085,camp.spring.high.solved,Idle,2
5058,159800.925,31.3086,camp.spring.high.solved,Idle,2
5059,159824.6183,23.6933,camp.spring.high.solved,Idle,2
5060,159849.3642,24.7458,camp.spring.high.solved,Idle,2
5061,159872.8471,23.4829,camp.spring.high.solved,Idle,2
5062,159897.1315,24.2843,camp.spring.high.solved,Idle,2
5063,159924.0692,26.9379,camp.spring.high.solved,Idle,2
5064,159949.6792,25.6098,camp.spring.high.solved,Idle,2
5065,159989.4814,39.8024,camp.spring.high.solved,Idle,2
5066,159999.0789,9.5976,camp.spring.high.solved,Idle,2
5067,160024.0762,24.9972,camp.spring.high.solved,Idle,2
5068,160050.056,25.9799,camp.spring.high.solved,Idle,2
5069,160073.7493,23.6934,camp.spring.high.solved,Idle,2
5070,160099.9585,26.2091,camp.spring.high.solved,Idle,2
5071,160125.1709,25.2124,camp.spring.high.solved,Idle,2
5072,160150.8993,25.7283,camp.spring.high.solved,Idle,2
5073,160174.4109,23.5118,camp.spring.high.solved,Idle,2
5074,160203.099,28.688,camp.spring.high.solved,Idle,2
5075,160224.8151,21.716,camp.spring.high.solved,Idle,2
5076,160251.1313,26.3162,camp.spring.high.solved,Idle,2
5077,160270.4258,19.2941,camp.spring.high.solved,Idle,2
5078,160294.0465,23.6211,camp.spring.high.solved,Idle,2
5079,160319.8715,25.8248,camp.spring.high.solved,Idle,2
5080,160348.3624,28.4912,camp.spring.high.solved,Idle,2
5081,160369.4931,21.1307,camp.spring.high.solved,Idle,2
5082,160400.5573,31.0642,camp.spring.high.solved,Idle,2
5083,160423.0842,22.5269,camp.spring.high.solved,Idle,2
5084,160447.4556,24.371,camp.spring.high.solved,Idle,2
5085,160474.7232,27.2679,camp.spring.high.solved,Idle,2
5086,160499.6677,24.9444,camp.spring.high.solved,Idle,2
5087,160526.6707,27.0032,camp.spring.high.solved,Idle,2
5088,160558.1955,31.5246,camp.spring.high.solved,Idle,2
5089,160592.3996,34.2042,camp.spring.high.solved,Idle,2
5090,160625.0808,32.6813,camp.spring.high.solved,Idle,2
5091,160658.2409,33.1601,camp.spring.high.solved,Idle,2
5092,160690.7969,32.5558,camp.spring.high.solved,Idle,2
5093,160724.138,33.3413,camp.spring.high.solved,Idle,2
5094,160756.7665,32.6284,camp.spring.high.solved,Idle,2
5095,160784.2379,27.4713,camp.spring.high.solved,Idle,2
5096,160817.7549,33.5172,camp.spring.high.solved,Idle,2
5097,160850.9612,33.2063,camp.spring.high.solved,Idle,2
5098,160884.156,33.1948,camp.spring.high.solved,Idle,2
5099,160917.7381,33.582,camp.spring.high.solved,Idle,2
5100,160950.6634,32.9254,camp.spring.high.solved,Idle,2
5101,160984.061,33.3976,camp.spring.high.solved,Idle,2
5102,161017.0586,32.9975,camp.spring.high.solved,Idle,2
5103,161049.01,31.9514,camp.spring.high.solved,Idle,2
5104,161076.3846,27.3744,camp.spring.high.solved,Idle,2
5105,161102.7607,26.3763,camp.spring.high.solved,Idle,2
5106,161131.3581,28.5972,camp.spring.high.solved,Idle,2
5107,161152.9895,21.6317,camp.spring.high.solved,Idle,2
5108,161181.0704,28.0809,camp.spring.high.solved,Idle,2
5109,161206.1232,25.0528,camp.spring.high.solved,Idle,2
5110,161247.1522,41.0289,camp.spring.high.solved,Idle,2
5111,161280.9916,33.8394,camp.spring.high.solved,Idle,2
5112,161291.127,10.1355,camp.spring.high.solved,Idle,2
5113,161312.477,21.3499,camp.spring.high.solved,Idle,2
5114,161336.9999,24.523,camp.spring.high.solved,Idle,2
5115,161365.172,28.1721,camp.spring.high.solved,Idle,2
5116,161387.4082,22.236,camp.spring.high.solved,Idle,2
5117,161414.0441,26.6361,camp.spring.high.solved,Idle,2
5118,161440.4286,26.3844,camp.spring.high.solved,Idle,2
5119,161467.071,26.6425,camp.spring.high.solved,Idle,2
5120,161494.6806,27.6096,camp.spring.high.solved,Idle,2
5121,161517.7204,23.0398,camp.spring.high.solved,Idle,2
5122,161544.7843,27.0639,camp.spring.high.solved,Idle,2
5123,161567.1802,22.3959,camp.spring.high.solved,Idle,2
5124,161601.3754,34.1952,camp.spring.high.solved,Idle,2
5125,161636.3595,34.9841,camp.spring.high.solved,Idle,2
5126,161674.5451,38.1856,camp.spring.high.solved,Idle,2
5127,161708.3215,33.7764,camp.spring.high.solved,Idle,2
5128,161746.5536,38.2319,camp.spring.high.solved,Idle,2
5129,161783.2866,36.733,camp.spring.high.solved,Idle,2
5130,161819.4062,36.1198,camp.spring.high.solved,Idle,2
5131,161852.0092,32.6029,camp.spring.high.solved,Idle,2
5132,161879.3174,27.3083,camp.spring.high.solved,Idle,2
5133,161903.0087,23.6913,camp.spring.high.solved,Idle,2
5134,161931.2074,28.1987,camp.spring.high.solved,Idle,2
5135,161953.0564,21.849,camp.spring.high.solved,Idle,2
5136,161981.0004,27.9439,camp.spring.high.solved,Idle,2
5137,162004.5686,23.5682,camp.spring.high.solved,Idle,2
5138,162031.8784,27.3099,camp.spring.high.solved,Idle,2
5139,162056.242,24.3636,camp.spring.high.solved,Idle,2
5140,162082.2632,26.0212,camp.spring.high.solved,Idle,2
5141,162106.4817,24.2184,camp.spring.high.solved,Idle,2
5142,162134.4904,28.0087,camp.spring.high.solved,Idle,2
5143,162162.4092,27.9188,camp.spring.high.solved,Idle,2
5144,162185.8949,23.4858,camp.spring.high.solved,Idle,2
5145,162224.1223,38.2273,camp.spring.high.solved,Idle,2
5146,162258.4809,34.3586,camp.spring.high.solved,Idle,2
5147,162292.1027,33.6219,camp.spring.high.solved,Idle,2
5148,162329.5665,37.4636,camp.spring.high.solved,Idle,2
5149,162366.9431,37.3768,camp.spring.high.solved,Idle,2
5150,162401.0968,34.1537,camp.spring.high.solved,Idle,2
5151,162435.1009,34.004,camp.spring.high.solved,Idle,2
5152,162465.9833,30.8825,camp.spring.high.solved,Idle,2
5153,162493.0018,27.0185,camp.spring.high.solved,Idle,2
5154,162516.5904,23.5886,camp.spring.high.solved,Idle,2
5155,162561.4794,44.8888,camp.spring.high.solved,Idle,2
5156,162597.7169,36.2373,camp.spring.high.solved,Idle,2
5157,162606.5419,8.8255,camp.spring.high.solved,Idle,2
5158,162631.1703,24.6283,camp.spring.high.solved,Idle,2
5159,162653.4172,22.2469,camp.spring.high.solved,Idle,2
5160,162685.7529,32.3358,camp.spring.high.solved,Idle,2
5161,162716.853,31.1,camp.spring.high.solved,Idle,2
5162,162750.8178,33.9647,camp.spring.high.solved,Idle,2
5163,162784.9452,34.1276,camp.spring.high.solved,Idle,2
5164,162819.9947,35.0493,camp.spring.high.solved,Idle,2
5165,162858.4477,38.4531,camp.spring.high.solved,Idle,2
5166,162897.268,38.8202,camp.spring.high.solved,Idle,2
5167,162929.1716,31.9036,camp.spring.high.solved,Idle,2
5168,162951.9428,22.7711,camp.spring.high.solved,Idle,2
5169,162980.2781,28.3355,camp.spring.high.solved,Idle,2
5170,163003.1626,22.8845,camp.spring.high.solved,Idle,2
5171,163031.6201,28.4574,camp.spring.high.solved,Idle,2
5172,163053.6693,22.0493,camp.spring.high.solved,Idle,2
5173,163081.3443,27.675,camp.spring.high.solved,Idle,2
5174,163106.2114,24.867,camp.spring.high.solved,Idle,2
5175,163134.484,28.2726,camp.spring.high.solved,Idle,2
5176,163174.3252,39.8413,camp.spring.high.solved,Idle,2
5177,163209.3487,35.0233,camp.spring.high.solved,Idle,2
5178,163251.01,41.6613,camp.spring.high.solved,Idle,2
5179,163287.205,36.1952,camp.spring.high.solved,Idle,2
5180,163325.4367,38.2317,camp.spring.high.solved,Idle,2
5181,163367.4501,42.0134,camp.spring.high.solved,Idle,2
5182,163404.6656,37.2154,route.high.to-autumn,Covering,2
5183,163458.313,53.6474,route.high.to-autumn,Covering,2
5184,163490.8775,32.5645,route.high.to-autumn,Covering,2
5185,163515.5838,24.7063,route.high.to-autumn,Covering,2
5186,163549.2973,33.7136,route.high.to-autumn,Covering,2
5187,163576.938,27.6406,route.high.to-autumn,Covering,2
5188,163601.6113,24.6735,route.high.to-autumn,Covering,2
5189,163634.6332,33.0215,route.high.to-autumn,Covering,2
5190,163674.1043,39.4715,route.high.to-autumn,Covering,2
5191,163709.9611,35.8567,route.high.to-autumn,Covering,2
5192,163739.0395,29.0784,route.high.to-autumn,Covering,2
5193,163766.8849,27.8454,route.high.to-autumn,Covering,2
5194,163793.5434,26.6585,route.high.to-autumn,Covering,2
5195,163819.2078,25.6643,route.high.to-autumn,Covering,2
5196,163857.8366,38.6288,route.high.to-autumn,Covering,2
5197,163891.4769,33.6403,route.high.to-autumn,Covering,2
5198,163918.6261,27.1492,route.high.to-autumn,Covering,2
5199,163947.1179,28.4919,route.high.to-autumn,Covering,2
5200,163977.2918,30.1738,route.high.to-autumn,Covering,2
5201,164007.9993,30.7075,route.high.to-autumn,Covering,2
5202,164038.4884,30.4891,route.high.to-autumn,Covering,2
5203,164067.4217,28.9334,route.high.to-autumn,Covering,2
5204,164095.8944,28.4727,route.high.to-autumn,Covering,2
5205,164122.6927,26.7983,route.high.to-autumn,Covering,2
5206,164151.9559,29.2632,route.high.to-autumn,Covering,2
5207,164184.1773,32.2214,route.high.to-autumn,Covering,2
5208,164216.7877,32.6105,route.high.to-autumn,Covering,2
5209,164250.7887,34.0009,route.high.to-autumn,Covering,2
5210,164285.0425,34.2537,route.high.to-autumn,Covering,2
5211,164319.2323,34.1897,route.high.to-autumn,Covering,2
5212,164356.0292,36.7971,route.high.to-autumn,Covering,2
5213,164391.2429,35.2136,route.high.to-autumn,Covering,2
5214,164434.0708,42.8279,route.high.to-autumn,Covering,2
5215,164459.5949,25.5242,route.high.to-autumn,Covering,2
5216,164495.767,36.1721,route.high.to-autumn,Covering,2
5217,164538.364,42.597,route.high.to-autumn,Covering,2
5218,164571.3364,32.9724,route.high.to-autumn,Covering,2
5219,164612.1553,40.8188,route.high.to-autumn,Covering,2
5220,164659.5293,47.3741,route.high.to-autumn,Covering,2
5221,164704.7295,45.2001,route.high.to-autumn,Covering,2
5222,164746.2424,41.5129,route.high.to-autumn,Covering,2
5223,164790.9575,44.715,route.high.to-autumn,Covering,2
5224,164827.5972,36.6399,route.high.to-autumn,Covering,2
5225,164875.3977,47.8005,route.high.to-autumn,Covering,2
5226,164937.536,62.1382,route.high.to-autumn,Covering,2
5227,164960.8094,23.2735,route.high.to-autumn,Covering,2
5228,165008.1371,47.3277,route.high.to-autumn,CoveredLoading,2
5229,165027.0862,18.9491,route.high.to-autumn,CoveredLoading,2
5230,165097.6375,70.5514,route.high.to-autumn,CoveredLoading,2
5231,165265.1037,167.4659,route.high.to-autumn,CoveredLoading,2
5232,165311.717,46.6135,route.high.to-autumn,CoveredLoading,2
5233,165391.5477,79.8307,route.high.to-autumn,CoveredLoading,2
5234,165407.8507,16.303,route.high.to-autumn,CoveredLoading,2
5235,165486.9837,79.133,route.high.to-autumn,CoveredLoading,2
5236,165513.9643,26.9806,route.high.to-autumn,CoveredLoading,2
5237,165538.2756,24.3113,route.high.to-autumn,CoveredLoading,2
5238,165572.64,34.3644,route.high.to-autumn,CoveredLoading,2
5239,165608.2413,35.6013,route.high.to-autumn,CoveredLoading,2
5240,165643.3026,35.0613,route.high.to-autumn,CoveredLoading,2
5241,165675.9952,32.6926,route.high.to-autumn,CoveredLoading,2
5242,165718.1152,42.12,route.high.to-autumn,CoveredLoading,2
5243,165744.3749,26.2596,route.high.to-autumn,Preparing,2
5244,165778.1608,33.786,route.high.to-autumn,Preparing,2
5245,165825.4143,47.2534,route.high.to-autumn,Preparing,2
5246,165862.1926,36.7784,route.high.to-autumn,Preparing,2
5247,165893.0433,30.8507,route.high.to-autumn,Preparing,2
5248,165923.7092,30.6658,route.high.to-autumn,Preparing,2
5249,165971.5883,47.8792,route.high.to-autumn,Preparing,2
5250,165995.615,24.0267,route.high.to-autumn,Revealing,2
5251,166043.7424,48.1273,route.high.to-autumn,Revealing,2
5252,166094.7541,51.0117,route.high.to-autumn,Revealing,2
5253,166148.1703,53.4163,route.high.to-autumn,Revealing,2
5254,166200.1312,51.9608,route.high.to-autumn,Revealing,2
5255,166229.1838,29.0526,route.high.to-autumn,Revealing,2
5256,166267.4572,38.2735,route.high.to-autumn,Revealing,2
5257,166317.5003,50.0431,route.high.to-autumn,Revealing,2
5258,166351.8906,34.3902,route.high.to-autumn,Revealing,2
5259,166393.2104,41.3199,route.high.to-autumn,Revealing,2
5260,166424.84,31.6296,route.high.to-autumn,Revealing,2
5261,166472.5913,47.7512,route.high.to-autumn,Revealing,2
5262,166490.7373,18.1458,route.high.to-autumn,Revealing,2
5263,166523.8255,33.0884,route.high.to-autumn,Revealing,2
5264,166556.9452,33.1198,route.high.to-autumn,Revealing,2
5265,166587.5549,30.6096,route.high.to-autumn,Revealing,2
5266,166619.4206,31.8658,route.high.to-autumn,Revealing,2
5267,166660.1118,40.6912,route.high.to-autumn,Revealing,2
5268,166690.4289,30.317,route.high.to-autumn,Revealing,2
5269,166718.9069,28.4781,route.high.to-autumn,Revealing,2
5270,166748.999,30.0922,route.high.to-autumn,Revealing,2
5271,166774.3533,25.3542,route.high.to-autumn,Revealing,2
5272,166802.2501,27.8968,route.high.to-autumn,Revealing,2
5273,166832.7421,30.492,route.high.to-autumn,Revealing,2
5274,166866.3502,33.6081,route.high.to-autumn,Revealing,2
5275,166895.5202,29.17,route.high.to-autumn,Revealing,2
5276,166925.5847,30.0645,route.high.to-autumn,Revealing,2
5277,166948.0717,22.487,route.high.to-autumn,Revealing,2
5278,166972.0419,23.9702,route.high.to-autumn,Revealing,2
5279,167000.3457,28.3038,route.high.to-autumn,Revealing,2
5280,167023.887,23.5412,route.high.to-autumn,Revealing,2
5281,167051.121,27.2341,route.high.to-autumn,Revealing,2
5282,167084.787,33.6659,route.high.to-autumn,Revealing,2
5283,167114.0561,29.2692,route.high.to-autumn,Revealing,2
5284,167146.6808,32.6246,route.high.to-autumn,Revealing,2
5285,167173.702,27.0212,route.high.to-autumn,Revealing,2
5286,167199.7371,26.035,route.high.to-autumn,Revealing,2
5287,167226.7254,26.9885,route.high.to-autumn,Revealing,2
5288,167250.3012,23.5758,route.high.to-autumn,Revealing,2
5289,167279.1827,28.8814,route.high.to-autumn,Revealing,2
5290,167302.5685,23.3859,route.high.to-autumn,Revealing,2
5291,167332.0138,29.4452,route.high.to-autumn,Revealing,2
5292,167358.7954,26.7816,route.high.to-autumn,Revealing,2
5293,167382.306,23.5107,route.high.to-autumn,Revealing,2
5294,167408.7415,26.4355,route.high.to-autumn,Idle,2
5295,167531.7019,122.9604,audit.snapshot.route.high.to-autumn.ready,Idle,2
5296,167552.8175,21.1156,audit.snapshot.route.high.to-autumn.ready,Idle,2
5297,167595.6914,42.8739,audit.snapshot.route.high.to-autumn.ready,Idle,2
5298,167607.1932,11.5018,audit.snapshot.route.high.to-autumn.ready,Idle,2
5299,167631.8867,24.6935,audit.snapshot.route.high.to-autumn.ready,Idle,2
5300,167652.8989,21.0121,audit.snapshot.route.high.to-autumn.ready,Idle,2
5301,167680.556,27.6572,audit.snapshot.route.high.to-autumn.ready,Idle,2
5302,167709.0227,28.4667,audit.snapshot.route.high.to-autumn.ready,Idle,2
5303,167736.6925,27.6698,audit.snapshot.route.high.to-autumn.ready,Idle,2
5304,167764.3311,27.6384,audit.snapshot.route.high.to-autumn.ready,Idle,2
5305,167785.2315,20.9006,audit.snapshot.route.high.to-autumn.ready,Idle,2
5306,167828.1736,42.9421,audit.snapshot.route.high.to-autumn.ready,Idle,2
5307,167864.8164,36.6425,audit.snapshot.route.high.to-autumn.ready,Idle,2
5308,167878.3021,13.4858,audit.snapshot.route.high.to-autumn.ready,Idle,2
5309,167900.8829,22.581,audit.snapshot.route.high.to-autumn.ready,Idle,2
5310,167928.0028,27.1198,audit.snapshot.route.high.to-autumn.ready,Idle,2
5311,167959.019,31.0163,audit.snapshot.route.high.to-autumn.ready,Idle,2
5312,167983.574,24.555,audit.snapshot.route.high.to-autumn.ready,Idle,2
5313,168009.7379,26.1639,audit.snapshot.route.high.to-autumn.ready,Idle,2
5314,168034.1938,24.456,audit.snapshot.route.high.to-autumn.ready,Idle,2
5315,168060.472,26.2781,audit.snapshot.route.high.to-autumn.ready,Idle,2
5316,168088.5724,28.1003,audit.snapshot.route.high.to-autumn.ready,Idle,2
5317,168112.822,24.2497,audit.snapshot.route.high.to-autumn.ready,Idle,2
5318,168135.7719,22.9499,audit.snapshot.route.high.to-autumn.ready,Idle,2
5319,168162.4296,26.6577,audit.snapshot.route.high.to-autumn.ready,Idle,2
5320,168184.9314,22.5018,audit.snapshot.route.high.to-autumn.ready,Idle,2
5321,168212.9735,28.0421,audit.snapshot.route.high.to-autumn.ready,Idle,2
5322,168235.9178,22.9441,audit.snapshot.route.high.to-autumn.ready,Idle,2
5323,168264.0556,28.138,audit.snapshot.route.high.to-autumn.ready,Idle,2
5324,168294.6531,30.5975,audit.snapshot.route.high.to-autumn.ready,Idle,2
5325,168317.6225,22.9694,audit.snapshot.route.high.to-autumn.ready,Idle,2
5326,168351.826,34.2035,audit.snapshot.route.high.to-autumn.ready,Idle,2
5327,168372.6564,20.8304,audit.snapshot.route.high.to-autumn.ready,Idle,2
5328,168398.56,25.9036,audit.snapshot.route.high.to-autumn.ready,Idle,2
5329,168419.1928,20.6328,audit.snapshot.route.high.to-autumn.ready,Idle,2
5330,168443.6581,24.4652,audit.snapshot.route.high.to-autumn.ready,Idle,2
5331,168469.9723,26.3143,audit.snapshot.route.high.to-autumn.ready,Idle,2
5332,168496.2869,26.3146,audit.snapshot.route.high.to-autumn.ready,Idle,2
5333,168518.8227,22.5358,audit.snapshot.route.high.to-autumn.ready,Idle,2
5334,168546.6063,27.7836,audit.snapshot.route.high.to-autumn.ready,Idle,2
5335,168572.8039,26.1974,audit.snapshot.route.high.to-autumn.ready,Idle,2
5336,168605.7442,32.9404,audit.snapshot.route.high.to-autumn.ready,Idle,2
5337,168633.5744,27.8303,audit.snapshot.route.high.to-autumn.ready,Idle,2
5338,168667.0717,33.4973,audit.snapshot.route.high.to-autumn.ready,Idle,2
5339,168700.0654,32.9937,audit.snapshot.route.high.to-autumn.ready,Idle,2
5340,168732.7276,32.6621,camp.autumn.high.solved,Idle,2
5341,168765.9087,33.1812,camp.autumn.high.solved,Idle,2
5342,168796.7893,30.8806,camp.autumn.high.solved,Idle,2
5343,168837.1907,40.4013,camp.autumn.high.solved,Idle,2
5344,168869.0057,31.8151,camp.autumn.high.solved,Idle,2
5345,168899.3584,30.3526,camp.autumn.high.solved,Idle,2
5346,168934.722,35.3637,camp.autumn.high.solved,Idle,2
5347,168958.8142,24.092,camp.autumn.high.solved,Idle,2
5348,168991.6161,32.8021,camp.autumn.high.solved,Idle,2
5349,169025.1685,33.5524,camp.autumn.high.solved,Idle,2
5350,169049.5242,24.3557,camp.autumn.high.solved,Idle,2
5351,169073.9219,24.3977,camp.autumn.high.solved,Idle,2
5352,169099.416,25.4941,camp.autumn.high.solved,Idle,2
5353,169125.6987,26.2826,camp.autumn.high.solved,Idle,2
5354,169147.9874,22.2888,camp.autumn.high.solved,Idle,2
5355,169170.8026,22.8152,camp.autumn.high.solved,Idle,2
5356,169203.9774,33.1747,camp.autumn.high.solved,Idle,2
5357,169226.7748,22.7975,camp.autumn.high.solved,Idle,2
5358,169249.4783,22.7035,camp.autumn.high.solved,Idle,2
5359,169273.8202,24.3419,camp.autumn.high.solved,Idle,2
5360,169299.1942,25.374,camp.autumn.high.solved,Idle,2
5361,169325.8668,26.6604,camp.autumn.high.solved,Idle,2
5362,169347.9541,22.0995,camp.autumn.high.solved,Idle,2
5363,169370.9776,23.0235,camp.autumn.high.solved,Idle,2
5364,169398.2476,27.2699,camp.autumn.high.solved,Idle,2
5365,169419.0586,20.8111,camp.autumn.high.solved,Idle,2
5366,169447.1603,28.1017,camp.autumn.high.solved,Idle,2
5367,169469.8928,22.7325,camp.autumn.high.solved,Idle,2
5368,169497.7798,27.887,camp.autumn.high.solved,Idle,2
5369,169519.1555,21.3757,camp.autumn.high.solved,Idle,2
5370,169547.6489,28.4934,camp.autumn.high.solved,Idle,2
5371,169574.1497,26.5008,camp.autumn.high.solved,Idle,2
5372,169608.1062,33.9565,camp.autumn.high.solved,Idle,2
5373,169636.2222,28.116,camp.autumn.high.solved,Idle,2
5374,169662.9644,26.7422,camp.autumn.high.solved,Idle,2
5375,169685.1775,22.2131,camp.autumn.high.solved,Idle,2
5376,169713.4641,28.2864,camp.autumn.high.solved,Idle,2
5377,169736.4092,22.9453,camp.autumn.high.solved,Idle,2
5378,169766.0359,29.6267,camp.autumn.high.solved,Idle,2
5379,169797.6666,31.6307,camp.autumn.high.solved,Idle,2
5380,169818.8857,21.2191,camp.autumn.high.solved,Idle,2
5381,169846.8801,27.9943,camp.autumn.high.solved,Idle,2
5382,169875.4992,28.6192,camp.autumn.high.solved,Idle,2
5383,169903.2986,27.7992,camp.autumn.high.solved,Idle,2
5384,169931.0573,27.7589,camp.autumn.high.solved,Idle,2
5385,169952.0688,21.0115,camp.autumn.high.solved,Idle,2
5386,169980.1174,28.0486,camp.autumn.high.solved,Idle,2
5387,170002.8923,22.7749,camp.autumn.high.solved,Idle,2
5388,170031.3804,28.488,camp.autumn.high.solved,Idle,2
5389,170052.0168,20.6364,camp.autumn.high.solved,Idle,2
5390,170080.3171,28.3004,camp.autumn.high.solved,Idle,2
5391,170102.9569,22.6398,camp.autumn.high.solved,Idle,2
5392,170132.7887,29.8318,camp.autumn.high.solved,Idle,2
5393,170164.4826,31.694,camp.autumn.high.solved,Idle,2
5394,170185.9055,21.4227,camp.autumn.high.solved,Idle,2
5395,170213.6014,27.6959,camp.autumn.high.solved,Idle,2
5396,170236.3222,22.7209,camp.autumn.high.solved,Idle,2
5397,170264.3865,28.0643,camp.autumn.high.solved,Idle,2
5398,170285.7394,21.3528,camp.autumn.high.solved,Idle,2
5399,170319.0933,33.354,camp.autumn.high.solved,Idle,2
5400,170347.3638,28.2705,camp.autumn.high.solved,Idle,2
5401,170370.1397,22.7759,camp.autumn.high.solved,Idle,2
5402,170400.2633,30.1237,camp.autumn.high.solved,Idle,2
5403,170431.285,31.0215,camp.autumn.high.solved,Idle,2
5404,170454.9874,23.7025,camp.autumn.high.solved,Idle,2
5405,170490.0849,35.0975,camp.autumn.high.solved,Idle,2
5406,170519.6903,29.6054,camp.autumn.high.solved,Idle,2
5407,170547.2261,27.5358,camp.autumn.high.solved,Idle,2
5408,170569.9328,22.7067,camp.autumn.high.solved,Idle,2
5409,170597.8294,27.8966,camp.autumn.high.solved,Idle,2
5410,170617.6617,19.8323,camp.autumn.high.solved,Idle,2
5411,170647.2699,29.6081,camp.autumn.high.solved,Idle,2
5412,170670.1899,22.9202,camp.autumn.high.solved,Idle,2
5413,170697.9456,27.7554,camp.autumn.high.solved,Idle,2
5414,170731.4017,33.4563,camp.autumn.high.solved,Idle,2
5415,170752.3523,20.9505,camp.autumn.high.solved,Idle,2
5416,170778.7251,26.373,camp.autumn.high.solved,Idle,2
5417,170803.2996,24.5744,camp.autumn.high.solved,Idle,2
5418,170831.3624,28.0628,camp.autumn.high.solved,Idle,2
5419,170852.3889,21.0264,camp.autumn.high.solved,Idle,2
5420,170885.8621,33.4663,camp.autumn.high.solved,Idle,2
5421,170913.7844,27.9293,camp.autumn.high.solved,Idle,2
5422,170936.6835,22.8989,camp.autumn.high.solved,Idle,2
5423,170964.4957,27.8123,camp.autumn.high.solved,Idle,2
5424,170985.7329,21.2373,camp.autumn.high.solved,Idle,2
5425,171013.7313,27.9984,camp.autumn.high.solved,Idle,2
5426,171036.086,22.3547,camp.autumn.high.solved,Idle,2
5427,171064.2211,28.135,camp.autumn.high.solved,Idle,2
5428,171085.7273,21.5062,camp.autumn.high.solved,Idle,2
5429,171119.1592,33.432,camp.autumn.high.solved,Idle,2
5430,171147.4155,28.2563,camp.autumn.high.solved,Idle,2
5431,171169.7902,22.3747,camp.autumn.high.solved,Idle,2
5432,171197.7189,27.9287,camp.autumn.high.solved,Idle,2
5433,171218.7067,20.9878,camp.autumn.high.solved,Idle,2
5434,171246.6956,27.9889,camp.autumn.high.solved,Idle,2
5435,171269.4866,22.791,camp.autumn.high.solved,Idle,2
5436,171297.932,28.4453,camp.autumn.high.solved,Idle,2
5437,171318.7919,20.8598,camp.autumn.high.solved,Idle,2
5438,171347.0266,28.2349,camp.autumn.high.solved,Idle,2
5439,171369.5444,22.5177,camp.autumn.high.solved,Idle,2
5440,171396.1286,26.5843,camp.autumn.high.solved,Idle,2
5441,171418.4992,22.3706,camp.autumn.high.solved,Idle,2
5442,171446.7717,28.2724,camp.autumn.high.solved,Idle,2
5443,171475.0977,28.3261,camp.autumn.high.solved,Idle,2
5444,171503.0252,27.9275,camp.autumn.high.solved,Idle,2
5445,171531.2789,28.2535,camp.autumn.high.solved,Idle,2
5446,171552.215,20.9363,camp.autumn.high.solved,Idle,2
5447,171580.3348,28.1198,camp.autumn.high.solved,Idle,2
5448,171602.906,22.5712,camp.autumn.high.solved,Idle,2
5449,171631.3097,28.4035,camp.autumn.high.solved,Idle,2
5450,171652.2125,20.903,camp.autumn.high.solved,Idle,2
5451,171680.0491,27.8366,camp.autumn.high.solved,Idle,2
5452,171702.9239,22.8748,camp.autumn.high.solved,Idle,2
5453,171730.9721,28.0481,camp.autumn.high.solved,Idle,2
5454,171762.9237,31.9516,camp.autumn.high.solved,Idle,2
5455,171785.8075,22.8839,camp.autumn.high.solved,Idle,2
5456,171813.6735,27.8659,camp.autumn.high.solved,Idle,2
5457,171836.4611,22.7876,camp.autumn.high.solved,Idle,2
5458,171866.3218,29.8607,camp.autumn.high.solved,Idle,2
5459,171897.6904,31.3687,camp.autumn.high.solved,Idle,2
5460,171918.7726,21.0821,camp.autumn.high.solved,Idle,2
5461,171947.4221,28.6496,camp.autumn.high.solved,Idle,2
5462,171970.0472,22.6251,camp.autumn.high.solved,Idle,2
5463,171997.7554,27.7082,camp.autumn.high.solved,Idle,2
5464,172018.8302,21.0749,camp.autumn.high.solved,Idle,2
5465,172047.2649,28.4345,camp.autumn.high.solved,Idle,2
5466,172074.8538,27.589,camp.autumn.high.solved,Idle,2
5467,172103.2497,28.3958,camp.autumn.high.solved,Idle,2
5468,172130.4539,27.2043,camp.autumn.high.solved,Idle,2
5469,172164.4795,34.0256,camp.autumn.high.solved,Idle,2
5470,172186.2585,21.779,camp.autumn.high.solved,Idle,2
5471,172214.1824,27.9239,camp.autumn.high.solved,Idle,2
5472,172238.9673,24.7849,camp.autumn.high.solved,Idle,2
5473,172265.6101,26.6427,camp.autumn.high.solved,Idle,2
5474,172298.2728,32.6627,camp.autumn.high.solved,Idle,2
5475,172319.0893,20.8165,camp.autumn.high.solved,Idle,2
5476,172347.0882,27.999,camp.autumn.high.solved,Idle,2
5477,172369.9186,22.8304,camp.autumn.high.solved,Idle,2
5478,172396.3367,26.4181,camp.autumn.high.solved,Idle,2
5479,172419.6248,23.2881,camp.autumn.high.solved,Idle,2
5480,172446.9591,27.3343,camp.autumn.high.solved,Idle,2
5481,172469.4779,22.5188,camp.autumn.high.solved,Idle,2
5482,172497.7558,28.2779,camp.autumn.high.solved,Idle,2
5483,172531.1965,33.4407,camp.autumn.high.solved,Idle,2
5484,172552.0481,20.8515,camp.autumn.high.solved,Idle,2
5485,172581.9276,29.8796,camp.autumn.high.solved,Idle,2
5486,172608.796,26.8684,camp.autumn.high.solved,Idle,2
5487,172641.5594,32.7634,camp.autumn.high.solved,Idle,2
5488,172674.6068,33.0474,camp.autumn.high.solved,Idle,2
5489,172708.2911,33.6843,camp.autumn.high.solved,Idle,2
5490,172741.519,33.2279,camp.autumn.high.solved,Idle,2
5491,172774.3909,32.8719,camp.autumn.high.solved,Idle,2
5492,172806.3025,31.9115,camp.autumn.high.solved,Idle,2
5493,172836.9737,30.6713,camp.autumn.high.solved,Idle,2
5494,172870.5526,33.5789,camp.autumn.high.solved,Idle,2
5495,172902.324,31.7714,camp.autumn.high.solved,Idle,2
5496,172930.3043,27.9803,camp.autumn.high.solved,Idle,2
5497,172962.7817,32.4773,camp.autumn.high.solved,Idle,2
5498,172991.7645,28.9829,camp.autumn.high.solved,Idle,2
5499,173038.9912,47.2266,camp.autumn.high.solved,Idle,2
5500,173051.7188,12.7277,camp.autumn.high.solved,Idle,2
5501,173076.9077,25.1888,camp.autumn.high.solved,Idle,2
5502,173100.8503,23.9427,camp.autumn.high.solved,Idle,2
5503,173127.2325,26.3822,camp.autumn.high.solved,Idle,2
5504,173150.4035,23.171,camp.autumn.high.solved,Idle,2
5505,173176.5233,26.1198,camp.autumn.high.solved,Idle,2
5506,173200.8931,24.3697,camp.autumn.high.solved,Idle,2
5507,173227.3924,26.4992,camp.autumn.high.solved,Idle,2
5508,173250.0508,22.6586,camp.autumn.high.solved,Idle,2
5509,173276.5497,26.4989,camp.autumn.high.solved,Idle,2
5510,173301.0314,24.4816,camp.autumn.high.solved,Idle,2
5511,173334.0233,32.992,camp.autumn.high.solved,Idle,2
5512,173360.4674,26.4441,camp.autumn.high.solved,Idle,2
5513,173383.6494,23.182,camp.autumn.high.solved,Idle,2
5514,173409.9762,26.3192,camp.autumn.high.solved,Idle,2
5515,173436.1658,26.1972,camp.autumn.high.solved,Idle,2
5516,173467.6271,31.4613,camp.autumn.high.solved,Idle,2
5517,173505.1166,37.4892,camp.autumn.high.solved,Idle,2
5518,173517.1702,12.0539,camp.autumn.high.solved,Idle,2
5519,173544.2348,27.0646,camp.autumn.high.solved,Idle,2
5520,173572.5603,28.3255,route.high.to-winter,Covering,2
5521,173629.1984,56.6381,route.high.to-winter,Covering,2
5522,173649.9864,20.788,route.high.to-winter,Covering,2
5523,173679.537,29.5506,route.high.to-winter,Covering,2
5524,173714.2383,34.7013,route.high.to-winter,Covering,2
5525,173735.4839,21.2456,route.high.to-winter,Covering,2
5526,173765.0542,29.5703,route.high.to-winter,Covering,2
5527,173792.5364,27.4822,route.high.to-winter,Covering,2
5528,173816.8274,24.2909,route.high.to-winter,Covering,2
5529,173848.3859,31.5586,route.high.to-winter,Covering,2
5530,173881.2785,32.8925,route.high.to-winter,Covering,2
5531,173905.7903,24.5118,route.high.to-winter,Covering,2
5532,173933.2054,27.4151,route.high.to-winter,Covering,2
5533,173958.7403,25.5346,route.high.to-winter,Covering,2
5534,173983.3933,24.6533,route.high.to-winter,Covering,2
5535,174036.2915,52.8983,route.high.to-winter,Covering,2
5536,174049.8346,13.5431,route.high.to-winter,Covering,2
5537,174079.8453,30.0106,route.high.to-winter,Covering,2
5538,174106.8088,26.9636,route.high.to-winter,Covering,2
5539,174133.6475,26.8386,route.high.to-winter,Covering,2
5540,174161.7865,28.1391,route.high.to-winter,Covering,2
5541,174186.3278,24.5413,route.high.to-winter,Covering,2
5542,174215.2572,28.9293,route.high.to-winter,Covering,2
5543,174240.3196,25.0624,route.high.to-winter,Covering,2
5544,174269.5957,29.2762,route.high.to-winter,Covering,2
5545,174303.087,33.4913,route.high.to-winter,Covering,2
5546,174333.8457,30.7587,route.high.to-winter,Covering,2
5547,174364.6692,30.8235,route.high.to-winter,Covering,2
5548,174392.7453,28.0761,route.high.to-winter,Covering,2
5549,174435.9834,43.2381,route.high.to-winter,Covering,2
5550,174469.519,33.5355,route.high.to-winter,Covering,2
5551,174504.8298,35.3108,route.high.to-winter,Covering,2
5552,174539.2858,34.4561,route.high.to-winter,Covering,2
5553,174587.1184,47.8325,route.high.to-winter,Covering,2
5554,174609.8444,22.7261,route.high.to-winter,Covering,2
5555,174644.1648,34.3204,route.high.to-winter,Covering,2
5556,174678.3249,34.1602,route.high.to-winter,Covering,2
5557,174723.5041,45.1791,route.high.to-winter,Covering,2
5558,174765.3831,41.879,route.high.to-winter,Covering,2
5559,174792.8063,27.4232,route.high.to-winter,Covering,2
5560,174825.9694,33.163,route.high.to-winter,Covering,2
5561,174859.2183,33.2489,route.high.to-winter,Covering,2
5562,174906.6474,47.4291,route.high.to-winter,Covering,2
5563,174937.3005,30.6532,route.high.to-winter,Covering,2
5564,174971.3407,34.0402,route.high.to-winter,Covering,2
5565,175004.9322,33.5914,route.high.to-winter,Covering,2
5566,175038.3429,33.4108,route.high.to-winter,Covering,2
5567,175071.4988,33.1559,route.high.to-winter,Covering,2
5568,175104.4608,32.962,route.high.to-winter,Covering,2
5569,175137.7316,33.2707,route.high.to-winter,Covering,2
5570,175172.9474,35.2159,route.high.to-winter,CoveredLoading,2
5571,175192.7905,19.843,route.high.to-winter,CoveredLoading,2
5572,175289.0669,96.2765,route.high.to-winter,CoveredLoading,2
5573,175470.4636,181.3965,route.high.to-winter,CoveredLoading,2
5574,175507.2046,36.7412,route.high.to-winter,CoveredLoading,2
5575,175581.6137,74.4091,route.high.to-winter,CoveredLoading,2
5576,175598.9042,17.2905,route.high.to-winter,CoveredLoading,2
5577,175672.8322,73.9277,route.high.to-winter,CoveredLoading,2
5578,175695.5874,22.7555,route.high.to-winter,CoveredLoading,2
5579,175727.0266,31.4391,route.high.to-winter,CoveredLoading,2
5580,175756.8836,29.8569,route.high.to-winter,CoveredLoading,2
5581,175785.8216,28.9382,route.high.to-winter,CoveredLoading,2
5582,175817.0762,31.2546,route.high.to-winter,CoveredLoading,2
5583,175845.2466,28.1703,route.high.to-winter,CoveredLoading,2
5584,175878.487,33.2405,route.high.to-winter,CoveredLoading,2
5585,175907.8351,29.3481,route.high.to-winter,CoveredLoading,2
5586,175936.9308,29.0957,route.high.to-winter,CoveredLoading,2
5587,175968.2487,31.3178,route.high.to-winter,CoveredLoading,2
5588,176000.0766,31.8279,route.high.to-winter,Preparing,2
5589,176036.2621,36.1855,route.high.to-winter,Preparing,2
5590,176065.4879,29.2259,route.high.to-winter,Preparing,2
5591,176094.2742,28.7863,route.high.to-winter,Preparing,2
5592,176124.3675,30.0933,route.high.to-winter,Preparing,2
5593,176153.8036,29.436,route.high.to-winter,Preparing,2
5594,176192.8751,39.0715,route.high.to-winter,Preparing,2
5595,176223.2115,30.3365,route.high.to-winter,Preparing,2
5596,176252.1692,28.9577,route.high.to-winter,Revealing,2
5597,176283.5572,31.3879,route.high.to-winter,Revealing,2
5598,176311.1276,27.5706,route.high.to-winter,Revealing,2
5599,176345.2965,34.1688,route.high.to-winter,Revealing,2
5600,176380.9632,35.6667,route.high.to-winter,Revealing,2
5601,176418.4368,37.4736,route.high.to-winter,Revealing,2
5602,176437.7977,19.3607,route.high.to-winter,Revealing,2
5603,176469.4832,31.6858,route.high.to-winter,Revealing,2
5604,176500.836,31.3527,route.high.to-winter,Revealing,2
5605,176537.5478,36.7115,route.high.to-winter,Revealing,2
5606,176568.8166,31.269,route.high.to-winter,Revealing,2
5607,176604.5587,35.7421,route.high.to-winter,Revealing,2
5608,176644.1903,39.6317,route.high.to-winter,Revealing,2
5609,176683.8993,39.709,route.high.to-winter,Revealing,2
5610,176725.3132,41.4138,route.high.to-winter,Revealing,2
5611,176761.7994,36.4863,route.high.to-winter,Revealing,2
5612,176804.396,42.5964,route.high.to-winter,Revealing,2
5613,176843.6197,39.2239,route.high.to-winter,Revealing,2
5614,176883.7702,40.1504,route.high.to-winter,Revealing,2
5615,176916.1872,32.4171,route.high.to-winter,Revealing,2
5616,176948.982,32.7948,route.high.to-winter,Revealing,2
5617,176985.4721,36.4901,route.high.to-winter,Revealing,2
5618,177018.9647,33.4926,route.high.to-winter,Revealing,2
5619,177047.1134,28.1486,route.high.to-winter,Revealing,2
5620,177069.6234,22.5101,route.high.to-winter,Revealing,2
5621,177099.9604,30.3371,route.high.to-winter,Revealing,2
5622,177135.9681,36.0076,route.high.to-winter,Revealing,2
5623,177148.0266,12.0584,route.high.to-winter,Revealing,2
5624,177169.3578,21.3314,route.high.to-winter,Revealing,2
5625,177211.3576,41.9994,route.high.to-winter,Revealing,2
5626,177225.0255,13.6681,route.high.to-winter,Revealing,2
5627,177252.1449,27.1195,route.high.to-winter,Revealing,2
5628,177294.4307,42.2858,route.high.to-winter,Revealing,2
5629,177307.0653,12.6347,route.high.to-winter,Revealing,2
5630,177335.1419,28.0765,route.high.to-winter,Revealing,2
5631,177372.488,37.3461,route.high.to-winter,Revealing,2
5632,177386.975,14.4869,route.high.to-winter,Revealing,2
5633,177406.4592,19.4842,route.high.to-winter,Revealing,2
5634,177445.5948,39.1357,route.high.to-winter,Revealing,2
5635,177480.6315,35.0366,route.high.to-winter,Revealing,2
5636,177513.9243,33.2929,route.high.to-winter,Revealing,2
5637,177535.8821,21.9577,route.high.to-winter,Revealing,2
5638,177547.6061,11.7241,route.high.to-winter,Revealing,2
5639,177588.5866,40.9805,route.high.to-winter,Revealing,2
5640,177607.9913,19.4047,route.high.to-winter,Revealing,2
5641,177650.0651,42.0738,route.high.to-winter,Revealing,2
5642,177661.9176,11.8525,route.high.to-winter,Idle,2
5643,177779.3072,117.3896,audit.snapshot.route.high.to-winter.ready,Idle,2
5644,177798.2574,18.9502,audit.snapshot.route.high.to-winter.ready,Idle,2
5645,177834.8453,36.5878,audit.snapshot.route.high.to-winter.ready,Idle,2
5646,177865.6402,30.795,audit.snapshot.route.high.to-winter.ready,Idle,2
5647,177874.2742,8.634,audit.snapshot.route.high.to-winter.ready,Idle,2
5648,177894.7533,20.4791,audit.snapshot.route.high.to-winter.ready,Idle,2
5649,177915.9026,21.1491,audit.snapshot.route.high.to-winter.ready,Idle,2
5650,177942.2717,26.3692,audit.snapshot.route.high.to-winter.ready,Idle,2
5651,177968.5364,26.2648,audit.snapshot.route.high.to-winter.ready,Idle,2
5652,177993.6185,25.082,audit.snapshot.route.high.to-winter.ready,Idle,2
5653,178021.0579,27.4395,audit.snapshot.route.high.to-winter.ready,Idle,2
5654,178047.6471,26.5891,audit.snapshot.route.high.to-winter.ready,Idle,2
5655,178068.6522,21.0052,audit.snapshot.route.high.to-winter.ready,Idle,2
5656,178094.2038,25.5516,audit.snapshot.route.high.to-winter.ready,Idle,2
5657,178115.3194,21.1156,audit.snapshot.route.high.to-winter.ready,Idle,2
5658,178136.0315,20.7121,audit.snapshot.route.high.to-winter.ready,Idle,2
5659,178161.6982,25.6666,audit.snapshot.route.high.to-winter.ready,Idle,2
5660,178190.1527,28.4545,audit.snapshot.route.high.to-winter.ready,Idle,2
5661,178214.2483,24.0957,audit.snapshot.route.high.to-winter.ready,Idle,2
5662,178240.886,26.6376,audit.snapshot.route.high.to-winter.ready,Idle,2
5663,178267.6234,26.7374,audit.snapshot.route.high.to-winter.ready,Idle,2
5664,178292.9852,25.3619,audit.snapshot.route.high.to-winter.ready,Idle,2
5665,178314.1911,21.2059,audit.snapshot.route.high.to-winter.ready,Idle,2
5666,178335.5386,21.3475,audit.snapshot.route.high.to-winter.ready,Idle,2
5667,178360.5222,24.9835,audit.snapshot.route.high.to-winter.ready,Idle,2
5668,178390.5676,30.0455,audit.snapshot.route.high.to-winter.ready,Idle,2
5669,178413.7386,23.171,audit.snapshot.route.high.to-winter.ready,Idle,2
5670,178435.4126,21.6741,audit.snapshot.route.high.to-winter.ready,Idle,2
5671,178460.4092,24.9966,audit.snapshot.route.high.to-winter.ready,Idle,2
5672,178482.0418,21.6323,audit.snapshot.route.high.to-winter.ready,Idle,2
5673,178508.0458,26.0042,audit.snapshot.route.high.to-winter.ready,Idle,2
5674,178534.4954,26.4496,audit.snapshot.route.high.to-winter.ready,Idle,2
5675,178559.8376,25.3422,audit.snapshot.route.high.to-winter.ready,Idle,2
5676,178581.4543,21.6167,audit.snapshot.route.high.to-winter.ready,Idle,2
5677,178607.7945,26.3401,audit.snapshot.route.high.to-winter.ready,Idle,2
5678,178633.9045,26.1101,audit.snapshot.route.high.to-winter.ready,Idle,2
5679,178659.4265,25.522,audit.snapshot.route.high.to-winter.ready,Idle,2
5680,178685.7919,26.3653,audit.snapshot.route.high.to-winter.ready,Idle,2
5681,178711.5372,25.7453,audit.snapshot.route.high.to-winter.ready,Idle,2
5682,178734.5507,23.0133,audit.snapshot.route.high.to-winter.ready,Idle,2
5683,178759.9097,25.3592,audit.snapshot.route.high.to-winter.ready,Idle,2
5684,178777.4302,17.5204,audit.snapshot.route.high.to-winter.ready,Idle,2
5685,178802.6714,25.2414,audit.snapshot.route.high.to-winter.ready,Idle,2
5686,178827.2988,24.6274,audit.snapshot.route.high.to-winter.ready,Idle,2
5687,178848.6431,21.3442,audit.snapshot.route.high.to-winter.ready,Idle,2
5688,178869.4775,20.8344,camp.winter.high.solved,Idle,2
5689,178894.9353,25.458,camp.winter.high.solved,Idle,2
5690,178916.2356,21.3002,camp.winter.high.solved,Idle,2
5691,178947.9772,31.7416,camp.winter.high.solved,Idle,2
5692,178964.6269,16.6496,camp.winter.high.solved,Idle,2
5693,178984.7357,20.1089,camp.winter.high.solved,Idle,2
5694,179010.4998,25.764,camp.winter.high.solved,Idle,2
5695,179034.2429,23.7432,camp.winter.high.solved,Idle,2
5696,179060.6937,26.4508,camp.winter.high.solved,Idle,2
5697,179084.0749,23.3812,camp.winter.high.solved,Idle,2
5698,179106.9343,22.8594,camp.winter.high.solved,Idle,2
5699,179131.608,24.6737,camp.winter.high.solved,Idle,2
5700,179151.4033,19.7952,camp.winter.high.solved,Idle,2
5701,179176.7985,25.3953,camp.winter.high.solved,Idle,2
5702,179198.7495,21.951,camp.winter.high.solved,Idle,2
5703,179218.4193,19.6697,camp.winter.high.solved,Idle,2
5704,179243.7701,25.3509,camp.winter.high.solved,Idle,2
5705,179266.676,22.9059,camp.winter.high.solved,Idle,2
5706,179292.5744,25.8984,camp.winter.high.solved,Idle,2
5707,179313.7546,21.1802,camp.winter.high.solved,Idle,2
5708,179349.2255,35.4709,camp.winter.high.solved,Idle,2
5709,179361.3718,12.1464,camp.winter.high.solved,Idle,2
5710,179382.6612,21.2894,camp.winter.high.solved,Idle,2
5711,179406.3465,23.6852,camp.winter.high.solved,Idle,2
5712,179427.844,21.4974,camp.winter.high.solved,Idle,2
5713,179450.2101,22.3661,camp.winter.high.solved,Idle,2
5714,179480.386,30.176,camp.winter.high.solved,Idle,2
5715,179503.3673,22.9813,camp.winter.high.solved,Idle,2
5716,179528.3911,25.0238,camp.winter.high.solved,Idle,2
5717,179549.7788,21.3877,camp.winter.high.solved,Idle,2
5718,179573.0782,23.2994,camp.winter.high.solved,Idle,2
5719,179596.0086,22.9304,camp.winter.high.solved,Idle,2
5720,179617.6041,21.5955,camp.winter.high.solved,Idle,2
5721,179640.7523,23.1479,camp.winter.high.solved,Idle,2
5722,179665.0425,24.2905,camp.winter.high.solved,Idle,2
5723,179684.8206,19.7781,camp.winter.high.solved,Idle,2
5724,179710.0181,25.1975,camp.winter.high.solved,Idle,2
5725,179732.4873,22.4692,camp.winter.high.solved,Idle,2
5726,179752.4266,19.9389,camp.winter.high.solved,Idle,2
5727,179783.6985,31.2723,camp.winter.high.solved,Idle,2
5728,179807.543,23.8446,camp.winter.high.solved,Idle,2
5729,179831.7672,24.2241,camp.winter.high.solved,Idle,2
5730,179851.475,19.7078,camp.winter.high.solved,Idle,2
5731,179876.7404,25.2653,camp.winter.high.solved,Idle,2
5732,179899.3299,22.5895,camp.winter.high.solved,Idle,2
5733,179918.6414,19.3116,camp.winter.high.solved,Idle,2
5734,179943.9857,25.3443,camp.winter.high.solved,Idle,2
5735,179967.1291,23.1435,camp.winter.high.solved,Idle,2
5736,179992.6204,25.4911,camp.winter.high.solved,Idle,2
5737,180012.0179,19.3976,camp.winter.high.solved,Idle,2
5738,180035.3587,23.3408,camp.winter.high.solved,Idle,2
5739,180060.4572,25.0986,camp.winter.high.solved,Idle,2
5740,180096.6081,36.1507,camp.winter.high.solved,Idle,2
5741,180128.7705,32.1624,camp.winter.high.solved,Idle,2
5742,180138.2555,9.4851,camp.winter.high.solved,Idle,2
5743,180161.7971,23.5416,camp.winter.high.solved,Idle,2
5744,180183.0525,21.2554,camp.winter.high.solved,Idle,2
5745,180206.199,23.1465,camp.winter.high.solved,Idle,2
5746,180229.79,23.591,camp.winter.high.solved,Idle,2
5747,180250.8858,21.0958,camp.winter.high.solved,Idle,2
5748,180273.9723,23.0865,camp.winter.high.solved,Idle,2
5749,180298.3753,24.403,camp.winter.high.solved,Idle,2
5750,180318.2001,19.8247,camp.winter.high.solved,Idle,2
5751,180343.4982,25.2981,camp.winter.high.solved,Idle,2
5752,180365.648,22.1499,camp.winter.high.solved,Idle,2
5753,180385.8834,20.2355,camp.winter.high.solved,Idle,2
5754,180410.8894,25.0059,camp.winter.high.solved,Idle,2
5755,180434.3102,23.4208,camp.winter.high.solved,Idle,2
5756,180459.33,25.0199,camp.winter.high.solved,Idle,2
5757,180480.8393,21.5092,camp.winter.high.solved,Idle,2
5758,180501.9242,21.0849,camp.winter.high.solved,Idle,2
5759,180526.9971,25.0728,camp.winter.high.solved,Idle,2
5760,180548.6978,21.7008,camp.winter.high.solved,Idle,2
5761,180572.6258,23.928,camp.winter.high.solved,Idle,2
5762,180597.4646,24.8387,camp.winter.high.solved,Idle,2
5763,180630.5515,33.0869,camp.winter.high.solved,Idle,2
5764,180657.7721,27.2207,camp.winter.high.solved,Idle,2
5765,180684.5947,26.8226,camp.winter.high.solved,Idle,2
5766,180717.8112,33.2165,camp.winter.high.solved,Idle,2
5767,180750.4748,32.6635,camp.winter.high.solved,Idle,2
5768,180783.305,32.8303,camp.winter.high.solved,Idle,2
5769,180813.5823,30.2772,camp.winter.high.solved,Idle,2
5770,180846.447,32.8648,camp.winter.high.solved,Idle,2
5771,180875.8486,29.4015,camp.winter.high.solved,Idle,2
5772,180917.4473,41.5988,camp.winter.high.solved,Idle,2
5773,180950.421,32.9736,camp.winter.high.solved,Idle,2
5774,180983.19,32.7692,camp.winter.high.solved,Idle,2
5775,181013.5151,30.325,camp.winter.high.solved,Idle,2
5776,181046.1593,32.644,camp.winter.high.solved,Idle,2
5777,181075.6532,29.4941,camp.winter.high.solved,Idle,2
5778,181108.4386,32.7854,camp.winter.high.solved,Idle,2
5779,181141.7398,33.3012,camp.winter.high.solved,Idle,2
5780,181175.4557,33.7158,camp.winter.high.solved,Idle,2
5781,181208.4852,33.0296,camp.winter.high.solved,Idle,2
5782,181240.9542,32.4689,camp.winter.high.solved,Idle,2
5783,181269.9296,28.9754,camp.winter.high.solved,Idle,2
5784,181302.6139,32.6844,camp.winter.high.solved,Idle,2
5785,181335.0245,32.4106,camp.winter.high.solved,Idle,2
5786,181357.5403,22.5158,camp.winter.high.solved,Idle,2
5787,181383.7809,26.2406,camp.winter.high.solved,Idle,2
5788,181416.4683,32.6874,camp.winter.high.solved,Idle,2
5789,181446.6887,30.2204,camp.winter.high.solved,Idle,2
5790,181475.7574,29.0686,camp.winter.high.solved,Idle,2
5791,181522.7901,47.0326,camp.winter.high.solved,Idle,2
5792,181543.1561,20.3663,camp.winter.high.solved,Idle,2
5793,181577.5957,34.4393,camp.winter.high.solved,Idle,2
5794,181616.8089,39.2134,camp.winter.high.solved,Idle,2
5795,181649.7153,32.9063,camp.winter.high.solved,Idle,2
5796,181679.728,30.0128,camp.winter.high.solved,Idle,2
5797,181709.373,29.6449,camp.winter.high.solved,Idle,2
5798,181741.6873,32.3144,camp.winter.high.solved,Idle,2
5799,181775.3185,33.6301,camp.winter.high.solved,Idle,2
5800,181806.0291,30.7116,camp.winter.high.solved,Idle,2
5801,181831.1588,25.1296,camp.winter.high.solved,Idle,2
5802,181875.6147,44.456,camp.winter.high.solved,Idle,2
5803,181896.195,20.5801,camp.winter.high.solved,Idle,2
5804,181917.0846,20.8896,camp.winter.high.solved,Idle,2
5805,181951.2036,34.1193,camp.winter.high.solved,Idle,2
5806,181986.2338,35.03,camp.winter.high.solved,Idle,2
5807,182011.4984,25.2648,camp.winter.high.solved,Idle,2
5808,182047.4276,35.9291,camp.winter.high.solved,Idle,2
5809,182062.7568,15.3292,camp.winter.high.solved,Idle,2
5810,182080.594,17.8372,camp.winter.high.solved,Idle,2
5811,182106.3757,25.7817,camp.winter.high.solved,Idle,2
5812,182132.2706,25.8948,camp.winter.high.solved,Idle,2
5813,182158.3811,26.1106,camp.winter.high.solved,Idle,2
5814,182190.009,31.6277,camp.winter.high.solved,Idle,2
5815,182216.7596,26.7508,camp.winter.high.solved,Idle,2
5816,182236.683,19.9235,camp.winter.high.solved,Idle,2
5817,182269.8874,33.2043,camp.winter.high.solved,Idle,2
5818,182301.5882,31.7009,camp.winter.high.solved,Idle,2
5819,182330.8533,29.265,camp.winter.high.solved,Idle,2
5820,182363.961,33.1078,camp.winter.high.solved,Idle,2
5821,182394.8498,30.8888,camp.winter.high.solved,Idle,2
5822,182424.1087,29.2589,camp.winter.high.solved,Idle,2
5823,182458.4774,34.3686,camp.winter.high.solved,Idle,2
5824,182486.8905,28.4132,camp.winter.high.solved,Idle,2
5825,182518.4567,31.5662,camp.winter.high.solved,Idle,2
5826,182551.2153,32.7586,camp.winter.high.solved,Idle,2
5827,182583.6151,32.3998,camp.winter.high.solved,Idle,2
5828,182612.1074,28.4923,camp.winter.high.solved,Idle,2
5829,182651.3286,39.221,camp.winter.high.solved,Idle,2
5830,182685.8273,34.4989,camp.winter.high.solved,Idle,2
5831,182717.9769,32.1496,camp.winter.high.solved,Idle,2
5832,182750.1892,32.2123,camp.winter.high.solved,Idle,2
5833,182780.2401,30.0509,camp.winter.high.solved,Idle,2
5834,182807.7503,27.5101,camp.winter.high.solved,Idle,2
5835,182840.337,32.5868,camp.winter.high.solved,Idle,2
5836,182870.3065,29.9692,camp.winter.high.solved,Idle,2
5837,182901.7256,31.4194,camp.winter.high.solved,Idle,2
5838,182934.4745,32.7489,camp.winter.high.solved,Idle,2
5839,182966.8143,32.3398,camp.winter.high.solved,Idle,2
5840,183018.1031,51.2889,camp.winter.high.solved,Idle,2
5841,183058.9456,40.8424,camp.winter.high.solved,Idle,2
5842,183068.2412,9.2956,camp.winter.high.solved,Idle,2
5843,183105.785,37.5437,camp.winter.high.solved,Idle,2
5844,183135.7766,29.9917,camp.winter.high.solved,Idle,2
5845,183167.9491,32.1725,camp.winter.high.solved,Idle,2
5846,183200.7995,32.8504,camp.winter.high.solved,Idle,2
5847,183230.2673,29.4679,camp.winter.high.solved,Idle,2
5848,183261.426,31.1584,camp.winter.high.solved,Idle,2
5849,183290.8905,29.4647,camp.winter.high.solved,Idle,2
5850,183324.5586,33.6681,camp.winter.high.solved,Idle,2
5851,183353.5402,28.9816,camp.winter.high.solved,Idle,2
5852,183385.9535,32.4132,camp.winter.high.solved,Idle,2
5853,183418.2056,32.2521,camp.winter.high.solved,Idle,2
5854,183450.9403,32.7348,camp.winter.high.solved,Idle,2
5855,183480.9683,30.0279,camp.winter.high.solved,Idle,2
5856,183510.6506,29.6824,camp.winter.high.solved,Idle,2
5857,183541.0833,30.4327,camp.winter.high.solved,Idle,2
5858,183575.4391,34.3558,camp.winter.high.solved,Idle,2
5859,183601.1941,25.755,camp.winter.high.solved,Idle,2
5860,183639.4798,38.2856,camp.winter.high.solved,Idle,2
5861,183678.4371,38.9574,camp.winter.high.solved,Idle,2
5862,183701.9569,23.5197,camp.winter.high.solved,Idle,2
5863,183733.8779,31.9211,camp.winter.high.solved,Idle,2
5864,183763.6581,29.7802,camp.winter.high.solved,Idle,2
5865,183792.5336,28.8753,camp.winter.high.solved,Idle,2
5866,183824.6544,32.121,camp.winter.high.solved,Idle,2
5867,183853.1631,28.5087,camp.winter.high.solved,Idle,2
5868,183887.2683,34.1051,route.high.to-late-haven,Covering,2
5869,183950.1732,62.905,route.high.to-late-haven,Covering,2
5870,183979.5562,29.3828,route.high.to-late-haven,Covering,2
5871,184010.2481,30.6921,route.high.to-late-haven,Covering,2
5872,184043.494,33.2458,route.high.to-late-haven,Covering,2
5873,184077.2454,33.7514,route.high.to-late-haven,Covering,2
5874,184110.4532,33.2078,route.high.to-late-haven,Covering,2
5875,184143.7399,33.2868,route.high.to-late-haven,Covering,2
5876,184180.4588,36.7189,route.high.to-late-haven,Covering,2
5877,184218.3702,37.9114,route.high.to-late-haven,Covering,2
5878,184251.1931,32.8227,route.high.to-late-haven,Covering,2
5879,184285.23,34.037,route.high.to-late-haven,Covering,2
5880,184318.6561,33.4262,route.high.to-late-haven,Covering,2
5881,184352.5061,33.8499,route.high.to-late-haven,Covering,2
5882,184385.8938,33.3878,route.high.to-late-haven,Covering,2
5883,184419.3256,33.4318,route.high.to-late-haven,Covering,2
5884,184452.7554,33.4298,route.high.to-late-haven,Covering,2
5885,184486.2773,33.5218,route.high.to-late-haven,Covering,2
5886,184520.0557,33.7786,route.high.to-late-haven,Covering,2
5887,184552.8007,32.7448,route.high.to-late-haven,Covering,2
5888,184586.4108,33.6101,route.high.to-late-haven,Covering,2
5889,184620.1407,33.73,route.high.to-late-haven,Covering,2
5890,184658.5265,38.3858,route.high.to-late-haven,Covering,2
5891,184707.6646,49.138,route.high.to-late-haven,Covering,2
5892,184738.9676,31.3031,route.high.to-late-haven,Covering,2
5893,184773.609,34.6414,route.high.to-late-haven,Covering,2
5894,184813.1936,39.5845,route.high.to-late-haven,Covering,2
5895,184861.1154,47.9218,route.high.to-late-haven,Covering,2
5896,184900.0899,38.9745,route.high.to-late-haven,Covering,2
5897,184928.9744,28.8845,route.high.to-late-haven,Covering,2
5898,184976.8763,47.9019,route.high.to-late-haven,Covering,2
5899,185027.2722,50.396,route.high.to-late-haven,Covering,2
5900,185075.3637,48.0915,route.high.to-late-haven,Covering,2
5901,185109.6092,34.2455,route.high.to-late-haven,Covering,2
5902,185154.9941,45.3849,route.high.to-late-haven,Covering,2
5903,185196.3182,41.3241,route.high.to-late-haven,Covering,2
5904,185242.8811,46.5628,route.high.to-late-haven,Covering,2
5905,185283.4893,40.6083,route.high.to-late-haven,Covering,2
5906,185326.913,43.4237,route.high.to-late-haven,Covering,2
5907,185365.7069,38.7939,route.high.to-late-haven,Covering,2
5908,185411.1337,45.4268,route.high.to-late-haven,Covering,2
5909,185455.4886,44.3548,route.high.to-late-haven,Covering,2
5910,185495.6574,40.1688,route.high.to-late-haven,CoveredLoading,2
5911,185521.5786,25.9212,route.high.to-late-haven,CoveredLoading,2
5912,185605.9731,84.3946,route.high.to-late-haven,CoveredLoading,2
5913,185807.2803,201.3068,route.high.to-late-haven,CoveredLoading,2
5914,185852.2969,45.017,route.high.to-late-haven,CoveredLoading,2
5915,185931.3736,79.0768,route.high.to-late-haven,CoveredLoading,2
5916,185948.4417,17.068,route.high.to-late-haven,CoveredLoading,2
5917,186020.9269,72.4852,route.high.to-late-haven,CoveredLoading,2
5918,186052.9788,32.0519,route.high.to-late-haven,CoveredLoading,2
5919,186089.3068,36.328,route.high.to-late-haven,CoveredLoading,2
5920,186120.2253,30.9185,route.high.to-late-haven,CoveredLoading,2
5921,186160.4979,40.2726,route.high.to-late-haven,CoveredLoading,2
5922,186212.6607,52.1629,route.high.to-late-haven,CoveredLoading,2
5923,186259.2583,46.5975,route.high.to-late-haven,CoveredLoading,2
5924,186296.4019,37.1436,route.high.to-late-haven,CoveredLoading,2
5925,186342.9633,46.5613,route.high.to-late-haven,CoveredLoading,2
5926,186405.4655,62.5023,route.high.to-late-haven,CoveredLoading,2
5927,186428.577,23.1114,route.high.to-late-haven,CoveredLoading,2
5928,186476.1105,47.5335,route.high.to-late-haven,CoveredLoading,2
5929,186521.5814,45.471,route.high.to-late-haven,CoveredLoading,2
5930,186566.6418,45.0604,route.high.to-late-haven,CoveredLoading,2
5931,186612.2185,45.5766,route.high.to-late-haven,CoveredLoading,2
5932,186650.0973,37.8789,route.high.to-late-haven,CoveredLoading,2
5933,186695.4844,45.387,route.high.to-late-haven,CoveredLoading,2
5934,186743.8325,48.3481,route.high.to-late-haven,CoveredLoading,2
5935,186803.0551,59.2227,route.high.to-late-haven,Preparing,2
5936,186825.0702,22.0151,route.high.to-late-haven,Preparing,2
5937,186868.1556,43.0853,route.high.to-late-haven,Preparing,2
5938,186910.7943,42.6388,route.high.to-late-haven,Preparing,2
5939,186959.1048,48.3105,route.high.to-late-haven,Preparing,2
5940,187004.54,45.4351,route.high.to-late-haven,Preparing,2
5941,187047.6943,43.1543,route.high.to-late-haven,Revealing,2
5942,187095.5905,47.8961,route.high.to-late-haven,Revealing,2
5943,187147.4148,51.8246,route.high.to-late-haven,Revealing,2
5944,187201.4241,54.0093,route.high.to-late-haven,Revealing,2
5945,187243.4804,42.056,route.high.to-late-haven,Revealing,2
5946,187293.5899,50.1094,route.high.to-late-haven,Revealing,2
5947,187334.7958,41.206,route.high.to-late-haven,Revealing,2
5948,187380.1276,45.3319,route.high.to-late-haven,Revealing,2
5949,187428.0041,47.8765,route.high.to-late-haven,Revealing,2
5950,187476.9075,48.9034,route.high.to-late-haven,Revealing,2
5951,187525.1081,48.2007,route.high.to-late-haven,Revealing,2
5952,187572.029,46.9207,route.high.to-late-haven,Revealing,2
5953,187643.2648,71.236,route.high.to-late-haven,Revealing,2
5954,187662.5919,19.327,route.high.to-late-haven,Revealing,2
5955,187708.0396,45.4478,route.high.to-late-haven,Revealing,2
5956,187753.6658,45.6261,route.high.to-late-haven,Revealing,2
5957,187794.2842,40.6184,route.high.to-late-haven,Revealing,2
5958,187835.6292,41.3451,route.high.to-late-haven,Revealing,2
5959,187875.7099,40.0807,route.high.to-late-haven,Revealing,2
5960,187921.4029,45.693,route.high.to-late-haven,Revealing,2
5961,187957.246,35.8429,route.high.to-late-haven,Revealing,2
5962,187996.6193,39.3734,route.high.to-late-haven,Revealing,2
5963,188035.0242,38.405,route.high.to-late-haven,Revealing,2
5964,188070.374,35.3498,route.high.to-late-haven,Revealing,2
5965,188108.9782,38.6042,route.high.to-late-haven,Revealing,2
5966,188146.6561,37.6779,route.high.to-late-haven,Revealing,2
5967,188185.6464,38.9903,route.high.to-late-haven,Revealing,2
5968,188221.1221,35.4756,route.high.to-late-haven,Revealing,2
5969,188257.8934,36.7713,route.high.to-late-haven,Revealing,2
5970,188300.9672,43.0739,route.high.to-late-haven,Revealing,2
5971,188355.909,54.9418,route.high.to-late-haven,Revealing,2
5972,188375.221,19.3118,route.high.to-late-haven,Revealing,2
5973,188410.7379,35.517,route.high.to-late-haven,Revealing,2
5974,188454.1243,43.3865,route.high.to-late-haven,Idle,2
5975,188597.6182,143.4939,audit.snapshot.route.high.to-late-haven.ready,Idle,2
5976,188627.6683,30.0501,audit.snapshot.route.high.to-late-haven.ready,Idle,2
5977,188666.64,38.9717,audit.snapshot.route.high.to-late-haven.ready,Idle,2
5978,188701.3873,34.7473,audit.snapshot.route.high.to-late-haven.ready,Idle,2
5979,188735.628,34.2406,audit.snapshot.route.high.to-late-haven.ready,Idle,2
5980,188779.9077,44.2798,audit.snapshot.route.high.to-late-haven.ready,Idle,2
5981,188801.8786,21.9709,audit.snapshot.route.high.to-late-haven.ready,Idle,2
5982,188836.4003,34.5217,audit.snapshot.route.high.to-late-haven.ready,Idle,2
5983,188873.3427,36.9424,audit.snapshot.route.high.to-late-haven.ready,Idle,2
5984,188908.0744,34.7315,audit.snapshot.route.high.to-late-haven.ready,Idle,2
5985,188946.1715,38.0974,audit.snapshot.route.high.to-late-haven.ready,Idle,2
5986,188982.6007,36.429,audit.snapshot.route.high.to-late-haven.ready,Idle,2
5987,189019.478,36.8774,audit.snapshot.route.high.to-late-haven.ready,Idle,2
5988,189056.5593,37.0813,audit.snapshot.route.high.to-late-haven.ready,Idle,2
5989,189091.1949,34.6356,audit.snapshot.route.high.to-late-haven.ready,Idle,2
5990,189128.9394,37.7443,audit.snapshot.route.high.to-late-haven.ready,Idle,2
5991,189167.5164,38.5772,audit.snapshot.route.high.to-late-haven.ready,Idle,2
5992,189201.9576,34.4412,audit.snapshot.route.high.to-late-haven.ready,Idle,2
5993,189237.0137,35.0561,audit.snapshot.route.high.to-late-haven.ready,Idle,2
5994,189274.1559,37.142,audit.snapshot.route.high.to-late-haven.ready,Idle,2
5995,189311.6644,37.5086,audit.snapshot.route.high.to-late-haven.ready,Idle,2
5996,189350.6082,38.9438,audit.snapshot.route.high.to-late-haven.ready,Idle,2
5997,189385.0358,34.4278,audit.snapshot.route.high.to-late-haven.ready,Idle,2
5998,189430.3289,45.293,audit.snapshot.route.high.to-late-haven.ready,Idle,2
5999,189456.9812,26.6523,audit.snapshot.route.high.to-late-haven.ready,Idle,2
6000,189491.5766,34.5954,audit.snapshot.route.high.to-late-haven.ready,Idle,2
6001,189529.202,37.6252,audit.snapshot.route.high.to-late-haven.ready,Idle,2
6002,189568.2584,39.0565,audit.snapshot.route.high.to-late-haven.ready,Idle,2
6003,189602.9381,34.6797,audit.snapshot.route.high.to-late-haven.ready,Idle,2
6004,189639.9091,36.9708,audit.snapshot.route.high.to-late-haven.ready,Idle,2
6005,189674.9847,35.0758,audit.snapshot.route.high.to-late-haven.ready,Idle,2
6006,189711.9286,36.9439,audit.snapshot.route.high.to-late-haven.ready,Idle,2
6007,189750.9301,39.0017,audit.snapshot.route.high.to-late-haven.ready,Idle,2
6008,189785.9646,35.0344,audit.snapshot.route.high.to-late-haven.ready,Idle,2
6009,189823.1466,37.182,audit.snapshot.route.high.to-late-haven.ready,Idle,2
6010,189858.0514,34.9047,audit.snapshot.route.high.to-late-haven.ready,Idle,2
6011,189895.3992,37.3479,audit.snapshot.route.high.to-late-haven.ready,Idle,2
6012,189934.4327,39.0335,audit.snapshot.route.high.to-late-haven.ready,Idle,2
6013,189969.0167,34.5839,audit.snapshot.route.high.to-late-haven.ready,Idle,2
6014,190006.4962,37.4795,audit.snapshot.route.high.to-late-haven.ready,Idle,2
6015,190041.3271,34.831,audit.snapshot.route.high.to-late-haven.ready,Idle,2
6016,190088.875,47.5478,audit.snapshot.route.high.to-late-haven.ready,Idle,2
6017,190119.3692,30.4943,audit.snapshot.route.high.to-late-haven.ready,Idle,2
6018,190156.6854,37.3161,audit.snapshot.route.high.to-late-haven.ready,Idle,2
6019,190191.5824,34.8969,audit.snapshot.route.high.to-late-haven.ready,Idle,2
6020,190228.8198,37.2375,camp.late-haven.high.solved,Idle,2
6021,190267.5606,38.7409,camp.late-haven.high.solved,Idle,2
6022,190302.5986,35.038,camp.late-haven.high.solved,Idle,2
6023,190340.2032,37.6046,camp.late-haven.high.solved,Idle,2
6024,190374.881,34.6775,camp.late-haven.high.solved,Idle,2
6025,190419.4197,44.539,camp.late-haven.high.solved,Idle,2
6026,190452.8341,33.4143,camp.late-haven.high.solved,Idle,2
6027,190489.8962,37.0546,camp.late-haven.high.solved,Idle,2
6028,190524.7877,34.8991,camp.late-haven.high.solved,Idle,2
6029,190562.173,37.3853,camp.late-haven.high.solved,Idle,2
6030,190601.0929,38.9198,camp.late-haven.high.solved,Idle,2
6031,190629.3552,28.2624,camp.late-haven.high.solved,Idle,2
6032,190661.9619,32.6067,camp.late-haven.high.solved,Idle,2
6033,190699.4976,37.5356,camp.late-haven.high.solved,Idle,2
6034,190743.4432,43.9456,camp.late-haven.high.solved,Idle,2
6035,190770.6191,27.1759,camp.late-haven.high.solved,Idle,2
6036,190807.5179,36.8988,camp.late-haven.high.solved,Idle,2
6037,190844.3527,36.8348,camp.late-haven.high.solved,Idle,2
6038,190879.7387,35.3861,camp.late-haven.high.solved,Idle,2
6039,190918.3509,38.6122,camp.late-haven.high.solved,Idle,2
6040,190953.1164,34.7654,camp.late-haven.high.solved,Idle,2
6041,190990.2195,37.1033,camp.late-haven.high.solved,Idle,2
6042,191024.7229,34.5032,camp.late-haven.high.solved,Idle,2
6043,191078.2453,53.5224,camp.late-haven.high.solved,Idle,2
6044,191101.5,23.2548,camp.late-haven.high.solved,Idle,2
6045,191136.239,34.739,camp.late-haven.high.solved,Idle,2
6046,191173.4175,37.1785,camp.late-haven.high.solved,Idle,2
6047,191207.7503,34.3328,camp.late-haven.high.solved,Idle,2
6048,191245.9154,38.1651,camp.late-haven.high.solved,Idle,2
6049,191284.3413,38.4259,camp.late-haven.high.solved,Idle,2
6050,191319.2147,34.8734,camp.late-haven.high.solved,Idle,2
6051,191356.6235,37.4087,camp.late-haven.high.solved,Idle,2
6052,191403.6021,46.9786,camp.late-haven.high.solved,Idle,2
6053,191435.086,31.4841,camp.late-haven.high.solved,Idle,2
6054,191470.1998,35.1136,camp.late-haven.high.solved,Idle,2
6055,191507.0463,36.8459,camp.late-haven.high.solved,Idle,2
6056,191541.4918,34.4459,camp.late-haven.high.solved,Idle,2
6057,191579.4675,37.976,camp.late-haven.high.solved,Idle,2
6058,191618.3538,38.8863,camp.late-haven.high.solved,Idle,2
6059,191653.2889,34.9351,camp.late-haven.high.solved,Idle,2
6060,191690.1805,36.8915,camp.late-haven.high.solved,Idle,2
6061,191724.6271,34.4466,camp.late-haven.high.solved,Idle,2
6062,191761.2716,36.6445,camp.late-haven.high.solved,Idle,2
6063,191801.5677,40.2962,camp.late-haven.high.solved,Idle,2
6064,191836.2536,34.6858,camp.late-haven.high.solved,Idle,2
6065,191873.1761,36.9225,camp.late-haven.high.solved,Idle,2
6066,191907.9215,34.7455,camp.late-haven.high.solved,Idle,2
6067,191945.8933,37.9718,camp.late-haven.high.solved,Idle,2
6068,191984.7844,38.8911,camp.late-haven.high.solved,Idle,2
6069,192019.7595,34.975,camp.late-haven.high.solved,Idle,2
6070,192068.8779,49.1184,camp.late-haven.high.solved,Idle,2
6071,192101.0825,32.2047,camp.late-haven.high.solved,Idle,2
6072,192135.647,34.5643,camp.late-haven.high.solved,Idle,2
6073,192170.9663,35.3194,camp.late-haven.high.solved,Idle,2
6074,192208.0356,37.0693,camp.late-haven.high.solved,Idle,2
6075,192245.7474,37.7118,camp.late-haven.high.solved,Idle,2
6076,192285.2253,39.478,camp.late-haven.high.solved,Idle,2
6077,192319.7701,34.5448,camp.late-haven.high.solved,Idle,2
6078,192357.7679,37.9973,camp.late-haven.high.solved,Idle,2
6079,192394.9331,37.1656,camp.late-haven.high.solved,Idle,2
6080,192434.0152,39.0822,camp.late-haven.high.solved,Idle,2
6081,192468.8278,34.8126,camp.late-haven.high.solved,Idle,2
6082,192503.4188,34.5909,camp.late-haven.high.solved,Idle,2
6083,192540.3816,36.9629,camp.late-haven.high.solved,Idle,2
6084,192574.6795,34.2979,camp.late-haven.high.solved,Idle,2
6085,192612.5468,37.8673,camp.late-haven.high.solved,Idle,2
6086,192651.7632,39.2163,camp.late-haven.high.solved,Idle,2
6087,192686.2836,34.5203,camp.late-haven.high.solved,Idle,2
6088,192735.3943,49.1109,camp.late-haven.high.solved,Idle,2
6089,192767.2901,31.8959,camp.late-haven.high.solved,Idle,2
6090,192802.0618,34.7716,camp.late-haven.high.solved,Idle,2
6091,192836.3713,34.3095,camp.late-haven.high.solved,Idle,2
6092,192873.4992,37.1277,camp.late-haven.high.solved,Idle,2
6093,192908.1235,34.6244,camp.late-haven.high.solved,Idle,2
6094,192945.477,37.3536,camp.late-haven.high.solved,Idle,2
6095,192983.212,37.7346,camp.late-haven.high.solved,Idle,2
6096,193019.509,36.2974,camp.late-haven.high.solved,Idle,2
6097,193056.7095,37.2005,camp.late-haven.high.solved,Idle,2
6098,193091.1565,34.4469,camp.late-haven.high.solved,Idle,2
6099,193128.7775,37.6211,camp.late-haven.high.solved,Idle,2
6100,193167.9242,39.1467,camp.late-haven.high.solved,Idle,2
6101,193202.7027,34.7784,camp.late-haven.high.solved,Idle,2
6102,193240.1941,37.4914,camp.late-haven.high.solved,Idle,2
6103,193275.3894,35.195,camp.late-haven.high.solved,Idle,2
6104,193312.6189,37.2299,camp.late-haven.high.solved,Idle,2
6105,193352.0614,39.4425,camp.late-haven.high.solved,Idle,2
6106,193395.4999,43.4384,camp.late-haven.high.solved,Idle,2
6107,193423.4737,27.9738,camp.late-haven.high.solved,Idle,2
6108,193458.1638,34.6901,camp.late-haven.high.solved,Idle,2
6109,193495.6258,37.4619,camp.late-haven.high.solved,Idle,2
6110,193528.1883,32.5627,camp.late-haven.high.solved,Idle,2
6111,193557.7304,29.542,camp.late-haven.high.solved,Idle,2
6112,193595.1115,37.3812,camp.late-haven.high.solved,Idle,2
6113,193634.1852,39.0737,camp.late-haven.high.solved,Idle,2
6114,193668.5231,34.3379,camp.late-haven.high.solved,Idle,2
6115,193703.7501,35.227,camp.late-haven.high.solved,Idle,2
6116,193740.4809,36.7307,camp.late-haven.high.solved,Idle,2
6117,193774.8753,34.3943,camp.late-haven.high.solved,Idle,2
6118,193812.606,37.7309,camp.late-haven.high.solved,Idle,2
6119,193852.7843,40.1783,camp.late-haven.high.solved,Idle,2
6120,193890.4366,37.6522,camp.late-haven.high.solved,Idle,2
6121,193924.8174,34.3807,camp.late-haven.high.solved,Idle,2
6122,193961.1482,36.3308,camp.late-haven.high.solved,Idle,2
6123,193994.794,33.6457,camp.late-haven.high.solved,Idle,2
6124,194039.2964,44.5027,camp.late-haven.high.solved,Idle,2
6125,194069.3987,30.1023,camp.late-haven.high.solved,Idle,2
6126,194103.9376,34.5389,camp.late-haven.high.solved,Idle,2
6127,194140.6228,36.6852,camp.late-haven.high.solved,Idle,2
6128,194179.6806,39.0578,camp.late-haven.high.solved,Idle,2
6129,194217.5412,37.8606,camp.late-haven.high.solved,Idle,2
6130,194252.2276,34.6864,camp.late-haven.high.solved,Idle,2
6131,194286.7277,34.5001,camp.late-haven.high.solved,Idle,2
6132,194324.0205,37.2928,camp.late-haven.high.solved,Idle,2
6133,194372.9814,48.9607,camp.late-haven.high.solved,Idle,2
6134,194400.5359,27.5547,camp.late-haven.high.solved,Idle,2
6135,194435.0141,34.4781,camp.late-haven.high.solved,Idle,2
6136,194469.5013,34.4873,camp.late-haven.high.solved,Idle,2
6137,194506.5954,37.0941,camp.late-haven.high.solved,Idle,2
6138,194541.1382,34.5426,camp.late-haven.high.solved,Idle,2
6139,194579.9287,38.7906,camp.late-haven.high.solved,Idle,2
6140,194618.3026,38.3739,camp.late-haven.high.solved,Idle,2
6141,194652.6335,34.331,camp.late-haven.high.solved,Idle,2
6142,194702.0651,49.4316,camp.late-haven.high.solved,Idle,2
6143,194734.0763,32.0112,camp.late-haven.high.solved,Idle,2
6144,194768.8887,34.8123,camp.late-haven.high.solved,Idle,2
6145,194803.7484,34.8598,camp.late-haven.high.solved,Idle,2
6146,194840.8824,37.134,camp.late-haven.high.solved,Idle,2
6147,194879.7074,38.8251,camp.late-haven.high.solved,Idle,2
6148,194917.7685,38.061,camp.late-haven.high.solved,Idle,2
6149,194953.2906,35.5221,camp.late-haven.high.solved,Idle,2
6150,194991.91,38.6193,camp.late-haven.high.solved,Idle,2
6151,195028.057,36.147,camp.late-haven.high.solved,Idle,2
6152,195067.6111,39.5542,camp.late-haven.high.solved,Idle,2
6153,195102.0402,34.429,camp.late-haven.high.solved,Idle,2
6154,195137.2753,35.2351,camp.late-haven.high.solved,Idle,2
6155,195173.9898,36.7146,camp.late-haven.high.solved,Idle,2
6156,195212.9999,39.01,camp.late-haven.high.solved,Idle,2
6157,195250.9143,37.9145,camp.late-haven.high.solved,Idle,2
6158,195285.406,34.4917,camp.late-haven.high.solved,Idle,2
6159,195320.518,35.112,camp.late-haven.high.solved,Idle,2
6160,195369.3175,48.7994,camp.late-haven.high.solved,Idle,2
6161,195401.2071,31.8897,camp.late-haven.high.solved,Idle,2
6162,195436.4101,35.203,camp.late-haven.high.solved,Idle,2
6163,195473.8089,37.3988,camp.late-haven.high.solved,Idle,2
6164,195508.1304,34.3212,camp.late-haven.high.solved,Idle,2
6165,195547.1333,39.0031,camp.late-haven.high.solved,Idle,2
6166,195584.2084,37.0751,camp.late-haven.high.solved,Idle,2
6167,195618.9637,34.7554,camp.late-haven.high.solved,Idle,2
6168,195658.3178,39.354,camp.late-haven.high.solved,Idle,2
6169,195692.4792,34.1613,camp.late-haven.high.solved,Idle,2
6170,195730.2921,37.8129,camp.late-haven.high.solved,Idle,2
6171,195767.6379,37.3459,camp.late-haven.high.solved,Idle,2
6172,195802.4734,34.8356,camp.late-haven.high.solved,Idle,2
6173,195841.628,39.1546,camp.late-haven.high.solved,Idle,2
6174,195875.719,34.091,camp.late-haven.high.solved,Idle,2
6175,195913.6218,37.9028,camp.late-haven.high.solved,Idle,2
6176,195951.349,37.7272,camp.late-haven.high.solved,Idle,2
6177,195986.0531,34.704,camp.late-haven.high.solved,Idle,2
6178,196035.6621,49.6091,camp.late-haven.high.solved,Idle,2
6179,196067.2427,31.5805,camp.late-haven.high.solved,Idle,2
6180,196101.6498,34.4073,camp.late-haven.high.solved,Idle,2
6181,196136.0383,34.3884,camp.late-haven.high.solved,Idle,2
6182,196174.601,38.5626,camp.late-haven.high.solved,Idle,2
6183,196209.4329,34.832,camp.late-haven.high.solved,Idle,2
6184,196247.0474,37.6145,camp.late-haven.high.solved,Idle,2
6185,196284.7346,37.687,camp.late-haven.high.solved,Idle,2
6186,196319.5171,34.7827,camp.late-haven.high.solved,Idle,2
6187,196356.5133,36.9961,camp.late-haven.high.solved,Idle,2
6188,196391.3159,34.8027,camp.late-haven.high.solved,Idle,2
6189,196430.0006,38.6847,camp.late-haven.high.solved,Idle,2
6190,196467.5673,37.5667,camp.late-haven.high.solved,Idle,2
6191,196502.2197,34.6523,camp.late-haven.high.solved,Idle,2
6192,196537.0342,34.8146,camp.late-haven.high.solved,Idle,2
6193,196574.3409,37.3067,camp.late-haven.high.solved,Idle,2
6194,196613.0952,38.7542,camp.late-haven.high.solved,Idle,2
6195,196651.2978,38.2027,camp.late-haven.high.solved,Idle,2
6196,196694.9568,43.659,camp.late-haven.high.solved,Idle,2
6197,196723.2617,28.3048,camp.late-haven.high.solved,Idle,2
6198,196757.9511,34.6895,camp.late-haven.high.solved,Idle,2
6199,196796.6229,38.6718,camp.late-haven.high.solved,Idle,2
6200,196836.8734,40.2505,route.high.final-camp-menu,Covering,2
6201,196899.7286,62.8552,route.high.final-camp-menu,Covering,2
6202,196934.977,35.2483,route.high.final-camp-menu,Covering,2
6203,196971.3537,36.3768,route.high.final-camp-menu,Covering,2
6204,197021.5886,50.2349,route.high.final-camp-menu,Covering,2
6205,197059.2219,37.633,route.high.final-camp-menu,Covering,2
6206,197104.0152,44.7935,route.high.final-camp-menu,Covering,2
6207,197147.5762,43.5611,route.high.final-camp-menu,Covering,2
6208,197178.4473,30.871,route.high.final-camp-menu,Covering,2
6209,197213.7162,35.269,route.high.final-camp-menu,Covering,2
6210,197253.2538,39.5375,route.high.final-camp-menu,Covering,2
6211,197292.6305,39.3767,route.high.final-camp-menu,Covering,2
6212,197334.08,41.4495,route.high.final-camp-menu,Covering,2
6213,197368.6382,34.5583,route.high.final-camp-menu,Covering,2
6214,197421.9441,53.3057,route.high.final-camp-menu,Covering,2
6215,197458.4959,36.552,route.high.final-camp-menu,Covering,2
6216,197497.1197,38.6236,route.high.final-camp-menu,Covering,2
6217,197536.3381,39.2187,route.high.final-camp-menu,Covering,2
6218,197576.4811,40.1429,route.high.final-camp-menu,Covering,2
6219,197620.6353,44.1542,route.high.final-camp-menu,Covering,2
6220,197663.9873,43.352,route.high.final-camp-menu,Covering,2
6221,197710.5629,46.5756,route.high.final-camp-menu,Covering,2
6222,197759.7302,49.1673,route.high.final-camp-menu,Covering,2
6223,197811.2602,51.53,route.high.final-camp-menu,Covering,2
6224,197859.8447,48.5844,route.high.final-camp-menu,Covering,2
6225,197911.2171,51.3724,route.high.final-camp-menu,Covering,2
6226,197964.2099,52.9929,route.high.final-camp-menu,Covering,2
6227,198018.9419,54.732,route.high.final-camp-menu,Covering,2
6228,198061.0562,42.1143,route.high.final-camp-menu,Covering,2
6229,198109.6031,48.5469,route.high.final-camp-menu,Covering,2
6230,198160.782,51.1789,route.high.final-camp-menu,Covering,2
6231,198209.8802,49.0982,route.high.final-camp-menu,Covering,2
6232,198271.3538,61.4735,route.high.final-camp-menu,Covering,2
6233,198312.0984,40.7446,route.high.final-camp-menu,Covering,2
6234,198360.9252,48.8268,route.high.final-camp-menu,Covering,2
6235,198409.1375,48.2123,route.high.final-camp-menu,Covering,2
6236,198447.3744,38.2367,route.high.final-camp-menu,CoveredLoading,2
6237,198459.7752,12.4009,route.high.final-camp-menu,CoveredLoading,2
6238,198546.4838,86.7089,route.high.final-camp-menu,CoveredLoading,2
6239,198798.9901,252.5061,route.high.final-camp-menu,CoveredLoading,2
6240,198816.7451,17.7551,route.high.final-camp-menu,CoveredLoading,2
6241,198849.9977,33.2526,route.high.final-camp-menu,CoveredLoading,2
6242,198864.5326,14.5349,route.high.final-camp-menu,CoveredLoading,2
6243,198925.5753,61.0427,route.high.final-camp-menu,CoveredLoading,2
6244,199001.3215,75.7462,route.high.final-camp-menu,CoveredLoading,2
6245,199027.0379,25.7164,route.high.final-camp-menu,CoveredLoading,2
6246,199057.6502,30.6121,route.high.final-camp-menu,CoveredLoading,2
6247,199079.7542,22.1042,route.high.final-camp-menu,CoveredLoading,2
6248,199135.5805,55.8263,route.high.final-camp-menu,CoveredLoading,2
6249,199189.4974,53.9166,route.high.final-camp-menu,CoveredLoading,2
6250,199205.4229,15.9258,route.high.final-camp-menu,CoveredLoading,2
6251,199244.0854,38.6625,route.high.final-camp-menu,CoveredLoading,2
6252,199289.9334,45.848,route.high.final-camp-menu,CoveredLoading,2
6253,199323.4144,33.481,route.high.final-camp-menu,CoveredLoading,2
6254,199362.4561,39.0417,route.high.final-camp-menu,CoveredLoading,2
6255,199395.3637,32.9075,route.high.final-camp-menu,CoveredLoading,2
6256,199424.3144,28.9509,route.high.final-camp-menu,CoveredLoading,2
6257,199458.0708,33.7563,route.high.final-camp-menu,CoveredLoading,2
6258,199494.7133,36.6424,route.high.final-camp-menu,CoveredLoading,2
6259,199540.0065,45.2933,route.high.final-camp-menu,CoveredLoading,2
6260,199587.3572,47.3506,route.high.final-camp-menu,Preparing,2
6261,199617.2893,29.9321,route.high.final-camp-menu,Preparing,2
6262,199656.7633,39.4741,route.high.final-camp-menu,Preparing,2
6263,199690.0275,33.2642,route.high.final-camp-menu,Preparing,2
6264,199723.6238,33.5963,route.high.final-camp-menu,Preparing,2
6265,199756.834,33.2102,route.high.final-camp-menu,Preparing,2
6266,199795.8432,39.0091,route.high.final-camp-menu,Preparing,2
6267,199827.1717,31.3285,route.high.final-camp-menu,Revealing,2
6268,199873.0651,45.8935,route.high.final-camp-menu,Revealing,2
6269,199906.9432,33.8781,route.high.final-camp-menu,Revealing,2
6270,199943.3749,36.4317,route.high.final-camp-menu,Revealing,2
6271,199990.0208,46.6458,route.high.final-camp-menu,Revealing,2
6272,200055.6477,65.6269,route.high.final-camp-menu,Revealing,2
6273,200079.6458,23.9981,route.high.final-camp-menu,Revealing,2
6274,200127.0754,47.4296,route.high.final-camp-menu,Revealing,2
6275,200174.5483,47.473,route.high.final-camp-menu,Revealing,2
6276,200208.7141,34.1658,route.high.final-camp-menu,Revealing,2
6277,200248.3371,39.623,route.high.final-camp-menu,Revealing,2
6278,200295.9574,47.6202,route.high.final-camp-menu,Revealing,2
6279,200344.181,48.2235,route.high.final-camp-menu,Revealing,2
6280,200392.3012,48.1204,route.high.final-camp-menu,Revealing,2
6281,200430.2688,37.9675,route.high.final-camp-menu,Revealing,2
6282,200487.7265,57.4578,route.high.final-camp-menu,Revealing,2
6283,200512.8108,25.0842,route.high.final-camp-menu,Revealing,2
6284,200558.4356,45.6249,route.high.final-camp-menu,Revealing,2
6285,200597.489,39.0533,route.high.final-camp-menu,Revealing,2
6286,200636.3171,38.8282,route.high.final-camp-menu,Revealing,2
6287,200702.9717,66.6546,route.high.final-camp-menu,Revealing,2
6288,200720.5641,17.5925,route.high.final-camp-menu,Revealing,2
6289,200767.6798,47.1156,route.high.final-camp-menu,Revealing,2
6290,200806.5442,38.8641,route.high.final-camp-menu,Revealing,2
6291,200841.6282,35.0842,route.high.final-camp-menu,Revealing,2
6292,200880.0404,38.4122,route.high.final-camp-menu,Revealing,2
6293,200939.0777,59.0373,route.high.final-camp-menu,Revealing,2
6294,200958.6283,19.5506,route.high.final-camp-menu,Revealing,2
6295,200997.6206,38.9925,route.high.final-camp-menu,Revealing,2
6296,201036.3461,38.7254,route.high.final-camp-menu,Revealing,2
6297,201075.5548,39.2087,route.high.final-camp-menu,Revealing,2
6298,201114.2354,38.6805,route.high.final-camp-menu,Revealing,2
6299,201152.6976,38.4623,route.high.final-camp-menu,Revealing,2
6300,201191.2204,38.5228,route.high.final-camp-menu,Revealing,2
6301,201230.304,39.0835,route.high.final-camp-menu,Revealing,2
6302,201270.1873,39.8834,route.high.final-camp-menu,Idle,2
6303,201327.5628,57.3754,audit.snapshot.route.high.final-camp-menu.ready,Idle,2
6304,201341.6322,14.0694,audit.snapshot.route.high.final-camp-menu.ready,Idle,2
6305,201375.513,33.8809,audit.snapshot.route.high.final-camp-menu.ready,Idle,2
6306,201412.0458,36.5327,audit.snapshot.route.high.final-camp-menu.ready,Idle,2
6307,201447.7706,35.7248,audit.snapshot.route.high.final-camp-menu.ready,Idle,2
6308,201511.0652,63.2942,audit.snapshot.route.high.final-camp-menu.ready,Idle,2
6309,201525.4645,14.3997,audit.snapshot.route.high.final-camp-menu.ready,Idle,2
6310,201556.8945,31.43,audit.snapshot.route.high.final-camp-menu.ready,Idle,2
6311,201590.9821,34.0877,audit.snapshot.route.high.final-camp-menu.ready,Idle,2
6312,201627.6422,36.6601,audit.snapshot.route.high.final-camp-menu.ready,Idle,2
6313,201662.9226,35.2803,audit.snapshot.route.high.final-camp-menu.ready,Idle,2
6314,201720.1716,57.249,audit.snapshot.route.high.final-camp-menu.ready,Idle,2
6315,201737.0837,16.9121,audit.snapshot.route.high.final-camp-menu.ready,Idle,2
6316,201773.5974,36.5137,audit.snapshot.route.high.final-camp-menu.ready,Idle,2
6317,201807.653,34.0556,audit.snapshot.route.high.final-camp-menu.ready,Idle,2
6318,201843.6885,36.0355,audit.snapshot.route.high.final-camp-menu.ready,Idle,2
6319,201880.5092,36.8208,audit.snapshot.route.high.final-camp-menu.ready,Idle,2
6320,201914.8797,34.3706,audit.snapshot.route.high.final-camp-menu.ready,Idle,2
6321,201948.9604,34.0804,audit.snapshot.route.high.final-camp-menu.ready,Idle,2
6322,201985.9448,36.9845,audit.snapshot.route.high.final-camp-menu.ready,Idle,2
6323,202020.5121,34.5673,audit.snapshot.route.high.final-camp-menu.ready,Idle,2
6324,202078.3967,57.8845,audit.snapshot.route.high.final-camp-menu.ready,Idle,2
6325,202125.7367,47.3402,audit.snapshot.route.high.final-camp-menu.ready,Idle,2
6326,202135.4803,9.7435,audit.snapshot.route.high.final-camp-menu.ready,Idle,2
6327,202169.6009,34.1207,audit.snapshot.route.high.final-camp-menu.ready,Idle,2
6328,202204.5198,34.9189,audit.snapshot.route.high.final-camp-menu.ready,Idle,2
6329,202264.8017,60.2819,audit.snapshot.route.high.final-camp-menu.ready,Idle,2
6330,202311.0287,46.227,audit.snapshot.route.high.final-camp-menu.ready,Idle,2
6331,202320.7427,9.714,audit.snapshot.route.high.final-camp-menu.ready,Idle,2
6332,202356.8844,36.1417,audit.snapshot.route.high.final-camp-menu.ready,Idle,2
6333,202390.8781,33.9935,audit.snapshot.route.high.final-camp-menu.ready,Idle,2
6334,202426.8535,35.9755,audit.snapshot.route.high.final-camp-menu.ready,Idle,2
6335,202488.084,61.2305,audit.snapshot.route.high.final-camp-menu.ready,Idle,2
6336,202508.2567,20.1728,audit.snapshot.route.high.final-camp-menu.ready,Idle,2
6337,202542.0592,33.8025,audit.snapshot.route.high.final-camp-menu.ready,Idle,2
6338,202578.002,35.9426,audit.snapshot.route.high.final-camp-menu.ready,Idle,2
6339,202613.2448,35.243,audit.snapshot.route.high.final-camp-menu.ready,Idle,2
6340,202640.9704,27.7256,audit.snapshot.route.high.final-camp-menu.ready,Idle,2
6341,202675.7605,34.79,audit.snapshot.route.high.final-camp-menu.ready,Idle,2
6342,202709.3139,33.5533,audit.snapshot.route.high.final-camp-menu.ready,Idle,2
6343,202743.9544,34.6406,audit.snapshot.route.high.final-camp-menu.ready,Idle,2
6344,202781.5634,37.6091,audit.snapshot.route.high.final-camp-menu.ready,Idle,2
6345,202838.3992,56.8359,audit.snapshot.route.high.final-camp-menu.ready,Idle,2
6346,202856.6474,18.2481,audit.snapshot.route.high.final-camp-menu.ready,Idle,2
6347,202890.718,34.0706,audit.snapshot.route.high.final-camp-menu.ready,Idle,2
6348,202929.042,38.3241,ui.Levels.open,Idle,2
6349,202944.2838,15.2417,ui.Levels.open,Idle,2
6350,203216.8782,272.5944,ui.Levels.open,Idle,2
6351,203354.6608,137.7826,ui.Levels.open,Idle,2
6352,203451.5128,96.852,ui.Levels.open,Idle,2
6353,203483.6743,32.1615,ui.Levels.open,Idle,2
6354,203510.4699,26.7956,ui.Levels.open,Idle,2
6355,203518.4861,8.0161,ui.Levels.open,Idle,2
6356,203530.82,12.334,ui.Levels.open,Idle,2
6357,203544.8124,13.9923,ui.Levels.open,Idle,2
6358,203574.5273,29.7148,ui.Levels.open,Idle,2
6359,203583.3992,8.8721,ui.Levels.open,Idle,2
6360,203601.4414,18.0422,ui.Levels.open,Idle,2
6361,203619.191,17.7496,ui.Levels.open,Idle,2
6362,203642.8075,23.6165,ui.Levels.open,Idle,2
6363,203651.7562,8.9487,ui.Levels.open,Idle,2
6364,203664.2506,12.4944,ui.Levels.open,Idle,2
6365,203678.0819,13.8313,ui.Levels.open,Idle,2
6366,203707.6989,29.6169,ui.Levels.open,Idle,2
6367,203716.3921,8.6933,ui.Levels.open,Idle,2
6368,203727.8207,11.4285,ui.Levels.open,Idle,2
6369,203753.3683,25.5477,ui.Levels.open,Idle,2
6370,203763.0614,9.6931,ui.Levels.open,Idle,2
6371,203776.5873,13.5257,ui.Levels.open,Idle,2
6372,203802.4206,25.8334,ui.Levels.open,Idle,2
6373,203812.2727,9.8521,ui.Levels.open,Idle,2
6374,203835.6727,23.3998,ui.Levels.open,Idle,2
6375,203852.3581,16.6857,ui.Levels.open,Idle,2
6376,203867.8351,15.477,ui.Levels.open,Idle,2
6377,203892.2758,24.4407,ui.Levels.open,Idle,2
6378,203901.4865,9.2104,ui.Levels.steady,Idle,2
6379,203914.0825,12.5963,ui.Levels.steady,Idle,2
6380,203930.7639,16.6814,ui.Levels.steady,Idle,2
6381,203957.3356,26.5717,ui.Levels.steady,Idle,2
6382,203966.3528,9.0172,ui.Levels.steady,Idle,2
6383,203990.0554,23.7026,ui.Levels.steady,Idle,2
6384,203999.7649,9.7094,ui.Levels.steady,Idle,2
6385,204026.6749,26.9101,ui.Levels.steady,Idle,2
6386,204035.1587,8.4837,ui.Levels.steady,Idle,2
6387,204061.3816,26.223,ui.Levels.steady,Idle,2
6388,204075.5402,14.1585,ui.Levels.steady,Idle,2
6389,204086.9112,11.3711,ui.Levels.steady,Idle,2
6390,204101.1668,14.2556,ui.Levels.steady,Idle,2
6391,204113.8192,12.6524,ui.Levels.steady,Idle,2
6392,204141.2286,27.4094,ui.Levels.steady,Idle,2
6393,204149.3612,8.1325,ui.Levels.steady,Idle,2
6394,204174.4264,25.0652,ui.Levels.steady,Idle,2
6395,204184.3485,9.9222,ui.Levels.steady,Idle,2
6396,204196.9786,12.63,ui.Levels.steady,Idle,2
6397,204226.6287,29.6501,ui.Levels.steady,Idle,2
6398,204234.642,8.0134,ui.Levels.steady,Idle,2
6399,204261.1649,26.5228,ui.Levels.steady,Idle,2
6400,204271.3893,10.2245,ui.Levels.steady,Idle,2
6401,204285.3117,13.9225,ui.Levels.steady,Idle,2
6402,204298.2776,12.9657,ui.Levels.steady,Idle,2
6403,204313.9361,15.6586,ui.Levels.steady,Idle,2
6404,204341.17,27.2339,ui.Levels.steady,Idle,2
6405,204351.1818,10.0118,ui.Levels.steady,Idle,2
6406,204363.7558,12.5741,ui.Levels.steady,Idle,2
6407,204391.9752,28.2192,ui.Levels.steady,Idle,2
6408,204401.6042,9.629,ui.Levels.steady,Idle,2
6409,204429.3678,27.7637,ui.Levels.steady,Idle,2
6410,204439.1117,9.7439,ui.Levels.steady,Idle,2
6411,204457.0714,17.9596,ui.Levels.steady,Idle,2
6412,204468.3938,11.3225,ui.Levels.steady,Idle,2
6413,204481.4757,13.0819,ui.Levels.steady,Idle,2
6414,204497.0292,15.5533,ui.Levels.steady,Idle,2
6415,204524.5633,27.5342,ui.Levels.steady,Idle,2
6416,204534.7181,10.1549,ui.Levels.steady,Idle,2
6417,204562.6621,27.9439,ui.Levels.steady,Idle,2
6418,204571.3074,8.6454,ui.Levels.steady,Idle,2
6419,204585.2373,13.9299,ui.Levels.steady,Idle,2
6420,204598.2607,13.0233,ui.Levels.steady,Idle,2
6421,204614.1388,15.8781,ui.Levels.steady,Idle,2
6422,204641.3726,27.2337,ui.Levels.steady,Idle,2
6423,204651.4812,10.1088,ui.Levels.steady,Idle,2
6424,204675.8917,24.4103,ui.Levels.steady,Idle,2
6425,204685.8977,10.0061,ui.Levels.steady,Idle,2
6426,204698.8297,12.9321,ui.Levels.steady,Idle,2
6427,204729.3847,30.5549,ui.Levels.steady,Idle,2
6428,204737.8403,8.4556,ui.Levels.steady,Idle,2
6429,204752.2075,14.3673,ui.Levels.steady,Idle,2
6430,204780.4957,28.2882,ui.Levels.steady,Idle,2
6431,204790.7255,10.2293,ui.Levels.steady,Idle,2
6432,204801.9933,11.2681,ui.Levels.steady,Idle,2
6433,204830.4033,28.4102,ui.Levels.steady,Idle,2
6434,204839.2968,8.8935,ui.Levels.steady,Idle,2
6435,204852.1392,12.8423,ui.Levels.steady,Idle,2
6436,204880.4177,28.2786,ui.Levels.steady,Idle,2
6437,204890.3236,9.9056,ui.Levels.steady,Idle,2
6438,204901.6696,11.3462,ui.Levels.steady,Idle,2
6439,204930.1465,28.4768,ui.Levels.steady,Idle,2
6440,204938.6994,8.5531,ui.Levels.steady,Idle,2
6441,204952.1152,13.4159,ui.Levels.steady,Idle,2
6442,204980.5229,28.4076,ui.Levels.steady,Idle,2
6443,204989.6858,9.1629,ui.Levels.steady,Idle,2
6444,205002.4596,12.7738,ui.Levels.steady,Idle,2
6445,205030.6042,28.1445,ui.Levels.steady,Idle,2
6446,205038.4728,7.8687,ui.Levels.steady,Idle,2
6447,205052.1359,13.6631,ui.Levels.steady,Idle,2
6448,205068.6601,16.5242,ui.Levels.steady,Idle,2
6449,205084.4131,15.753,ui.Levels.steady,Idle,2
6450,205110.7722,26.3589,ui.Levels.steady,Idle,2
6451,205119.2046,8.4326,ui.Levels.steady,Idle,2
6452,205143.0147,23.8101,ui.Levels.steady,Idle,2
6453,205152.0433,9.0286,ui.Levels.steady,Idle,2
6454,205180.5653,28.5219,ui.Levels.steady,Idle,2
6455,205188.8017,8.2365,ui.Levels.steady,Idle,2
6456,205202.0092,13.2075,ui.Levels.steady,Idle,2
6457,205230.522,28.5127,ui.Levels.steady,Idle,2
6458,205238.7329,8.211,ui.Levels.steady,Idle,2
6459,205252.0,13.2672,ui.Levels.steady,Idle,2
6460,205267.7627,15.7625,ui.Levels.steady,Idle,2
6461,205292.2491,24.4864,ui.Levels.steady,Idle,2
6462,205309.5689,17.3199,ui.Levels.steady,Idle,2
6463,205327.1815,17.6126,ui.Levels.steady,Idle,2
6464,205335.684,8.5025,ui.Levels.steady,Idle,2
6465,205351.2776,15.5936,ui.Levels.steady,Idle,2
6466,205379.1536,27.8759,ui.Levels.steady,Idle,2
6467,205386.9497,7.7962,ui.Levels.steady,Idle,2
6468,205402.0257,15.076,ui.Levels.steady,Idle,2
6469,205429.9967,27.971,ui.Levels.steady,Idle,2
6470,205438.657,8.6602,ui.Levels.steady,Idle,2
6471,205452.0848,13.4279,ui.Levels.steady,Idle,2
6472,205480.6544,28.5696,ui.Levels.steady,Idle,2
6473,205488.643,7.9886,ui.Levels.steady,Idle,2
6474,205502.8101,14.1667,ui.Levels.steady,Idle,2
6475,205531.1543,28.3445,ui.Levels.steady,Idle,2
6476,205543.4372,12.2829,ui.Levels.steady,Idle,2
6477,205553.4316,9.9946,ui.Levels.steady,Idle,2
6478,205569.0114,15.5797,ui.Levels.steady,Idle,2
6479,205584.6703,15.6589,ui.Levels.steady,Idle,2
6480,205612.7238,28.0533,ui.Levels.steady,Idle,2
6481,205621.372,8.6484,ui.Levels.steady,Idle,2
6482,205635.4612,14.0893,ui.Levels.steady,Idle,2
6483,205663.7798,28.3185,ui.Levels.steady,Idle,2
6484,205671.7089,7.9291,ui.Levels.steady,Idle,2
6485,205686.1513,14.4424,ui.Levels.steady,Idle,2
6486,205701.4474,15.2962,ui.Levels.steady,Idle,2
6487,205726.1667,24.7192,ui.Levels.steady,Idle,2
6488,205743.8382,17.6715,ui.Levels.steady,Idle,2
6489,205751.917,8.0788,ui.Levels.steady,Idle,2
6490,205776.924,25.0068,ui.Levels.steady,Idle,2
6491,205786.134,9.2102,ui.Levels.steady,Idle,2
6492,205814.1137,27.9795,ui.Levels.steady,Idle,2
6493,205822.1032,7.9897,ui.Levels.steady,Idle,2
6494,205835.1764,13.0731,ui.Levels.steady,Idle,2
6495,205863.6665,28.4902,ui.Levels.steady,Idle,2
6496,205871.4271,7.7606,ui.Levels.steady,Idle,2
6497,205885.3446,13.9175,ui.Levels.steady,Idle,2
6498,205932.1401,46.7955,ui.map.scroll,Idle,2
6499,206065.0631,132.9229,ui.map.scroll,Idle,2
6500,206104.974,39.9109,ui.map.scroll,Idle,2
6501,206186.4395,81.4655,ui.map.scroll,Idle,2
6502,206221.1481,34.7087,ui.map.scroll,Idle,2
6503,206336.3979,115.2497,ui.map.scroll,Idle,2
6504,206380.1273,43.7295,ui.map.scroll,Idle,2
6505,206478.4015,98.2742,ui.map.scroll,Idle,2
6506,206511.7127,33.3111,ui.map.scroll,Idle,2
6507,206623.4004,111.6875,ui.map.scroll,Idle,2
6508,206675.6555,52.2555,ui.map.scroll,Idle,2
6509,206763.2002,87.5446,ui.map.scroll,Idle,2
6510,206816.8222,53.622,ui.map.scroll,Idle,2
6511,206922.384,105.5618,ui.map.scroll,Idle,2
6512,206980.8237,58.4397,ui.map.scroll,Idle,2
6513,207098.3554,117.5317,ui.map.scroll,Idle,2
6514,207153.0651,54.7096,ui.map.scroll,Idle,2
6515,207293.8849,140.8198,ui.map.scroll,Idle,2
6516,207335.1779,41.2931,ui.map.scroll,Idle,2
6517,207446.0271,110.849,ui.map.scroll,Idle,2
6518,207498.5731,52.5461,ui.map.scroll,Idle,2
6519,207629.9841,131.4111,ui.map.scroll,Idle,2
6520,207688.3633,58.3792,ui.map.scroll,Idle,2
6521,207762.4805,74.1172,ui.map.scroll,Idle,2
6522,207829.2491,66.7686,ui.map.scroll,Idle,2
6523,207916.8665,87.6173,ui.map.scroll,Idle,2
6524,207954.3526,37.4862,ui.map.scroll,Idle,2
6525,208067.3114,112.9588,ui.map.scroll,Idle,2
6526,208107.7351,40.4237,ui.map.scroll,Idle,2
6527,208197.4206,89.6854,ui.map.scroll,Idle,2
6528,208255.612,58.1915,ui.map.scroll,Idle,2
6529,208352.6294,97.0173,ui.map.scroll,Idle,2
6530,208400.1758,47.5466,ui.map.scroll,Idle,2
6531,208539.2219,139.046,ui.map.scroll,Idle,2
6532,208583.9918,44.77,ui.map.scroll,Idle,2
6533,208665.2402,81.248,ui.map.scroll,Idle,2
6534,208714.0523,48.8123,ui.map.scroll,Idle,2
6535,208791.3693,77.3171,ui.map.scroll,Idle,2
6536,208834.6899,43.3205,ui.map.scroll,Idle,2
6537,208927.9297,93.2399,ui.map.scroll,Idle,2
6538,208964.6642,36.7346,ui.map.scroll,Idle,2
6539,209067.8021,103.1378,ui.map.scroll,Idle,2
6540,209106.0115,38.2094,ui.map.scroll,Idle,2
6541,209191.8674,85.8559,ui.map.scroll,Idle,2
6542,209235.5889,43.7214,ui.map.scroll,Idle,2
6543,209335.5207,99.9317,ui.map.scroll,Idle,2
6544,209374.3778,38.8573,ui.map.scroll,Idle,2
6545,209476.5847,102.2069,ui.map.scroll,Idle,2
6546,209534.6783,58.0937,ui.map.scroll,Idle,2
6547,209654.3588,119.6804,ui.map.scroll,Idle,2
6548,209708.1528,53.794,ui.map.scroll,Idle,2
6549,209791.7552,83.6024,ui.map.scroll,Idle,2
6550,209853.9332,62.178,ui.map.scroll,Idle,2
6551,209947.2122,93.2788,ui.map.scroll,Idle,2
6552,210010.0158,62.8039,ui.map.scroll,Idle,2
6553,210105.7626,95.7467,ui.map.scroll,Idle,2
6554,210152.5409,46.7782,ui.map.scroll,Idle,2
6555,210263.7214,111.1806,ui.map.scroll,Idle,2
6556,210304.1985,40.4768,ui.map.scroll,Idle,2
6557,210389.7883,85.59,ui.map.scroll,Idle,2
6558,210440.1212,50.333,ui.map.scroll,Idle,2
6559,210520.639,80.5178,ui.map.scroll,Idle,2
6560,210583.6105,62.9715,ui.map.scroll,Idle,2
6561,210721.3655,137.755,ui.map.scroll,Idle,2
6562,210794.388,73.0224,ui.map.scroll,Idle,2
6563,210963.573,169.1851,ui.map.scroll,Idle,2
6564,211025.1536,61.5806,ui.map.scroll,Idle,2
6565,211119.7199,94.5662,ui.map.scroll,Idle,2
6566,211162.8811,43.1613,ui.map.scroll,Idle,2
6567,211279.7225,116.8414,ui.map.scroll,Idle,2
6568,211325.0999,45.3774,ui.map.scroll,Idle,2
6569,211427.4077,102.3078,ui.map.scroll,Idle,2
6570,211476.0087,48.601,ui.map.scroll,Idle,2
6571,211570.5,94.4913,ui.map.scroll,Idle,2
6572,211638.4068,67.9068,ui.map.scroll,Idle,2
6573,211744.2928,105.886,ui.map.scroll,Idle,2
6574,211806.652,62.3591,ui.map.scroll,Idle,2
6575,211932.6948,126.0429,ui.map.scroll,Idle,2
6576,211995.6855,62.9907,ui.map.scroll,Idle,2
6577,212114.6114,118.9259,ui.map.scroll,Idle,2
6578,212151.2952,36.6838,ui.map.scroll,Idle,2
6579,212250.9225,99.6273,ui.map.scroll,Idle,2
6580,212306.5173,55.5948,ui.map.scroll,Idle,2
6581,212404.3996,97.8823,ui.map.scroll,Idle,2
6582,212463.938,59.5384,ui.map.scroll,Idle,2
6583,212579.1782,115.2401,ui.map.scroll,Idle,2
6584,212623.3654,44.1874,ui.map.scroll,Idle,2
6585,212717.2162,93.8508,ui.map.scroll,Idle,2
6586,212755.2195,38.003,ui.map.scroll,Idle,2
6587,212826.9477,71.7283,ui.map.scroll,Idle,2
6588,212851.0305,24.0829,ui.Journeys.open,Idle,2
6589,212921.8791,70.8486,ui.Journeys.open,Idle,2
6590,213104.2494,182.3701,ui.Journeys.open,Idle,2
6591,213151.4215,47.1723,ui.Journeys.open,Idle,2
6592,213197.8769,46.4553,ui.Journeys.open,Idle,2
6593,213232.316,34.4391,ui.Journeys.open,Idle,2
6594,213276.0292,43.7132,ui.Journeys.open,Idle,2
6595,213315.3833,39.3542,ui.Journeys.open,Idle,2
6596,213359.0284,43.645,ui.Journeys.open,Idle,2
6597,213396.008,36.9797,ui.Journeys.open,Idle,2
6598,213441.7467,45.7387,ui.Journeys.open,Idle,2
6599,213469.1596,27.4129,ui.Journeys.open,Idle,2
6600,213527.8799,58.7202,ui.Journeys.open,Idle,2
6601,213550.2832,22.4034,ui.Journeys.open,Idle,2
6602,213580.6519,30.3686,ui.Journeys.open,Idle,2
6603,213618.7994,38.1476,ui.Journeys.open,Idle,2
6604,213668.7645,49.9651,ui.Journeys.open,Idle,2
6605,213709.0378,40.2733,ui.Journeys.open,Idle,2
6606,213744.9676,35.9298,ui.Journeys.open,Idle,2
6607,213785.2448,40.2771,ui.Journeys.open,Idle,2
6608,213816.5755,31.3308,ui.Journeys.open,Idle,2
6609,213857.0655,40.49,ui.Journeys.open,Idle,2
6610,213890.8475,33.782,ui.Journeys.open,Idle,2
6611,213928.1324,37.2848,ui.Journeys.open,Idle,2
6612,213968.8188,40.6865,ui.Journeys.open,Idle,2
6613,214009.8203,41.0014,ui.Journeys.open,Idle,2
6614,214049.0856,39.2654,ui.Journeys.open,Idle,2
6615,214092.7173,43.6317,ui.Journeys.open,Idle,2
6616,214134.0781,41.3608,ui.Journeys.open,Idle,2
6617,214177.6839,43.6058,ui.Journeys.open,Idle,2
6618,214217.7774,40.0934,ui.Journeys.steady,Idle,2
6619,214260.7966,43.0192,ui.Journeys.steady,Idle,2
6620,214300.9723,40.1758,ui.Journeys.steady,Idle,2
6621,214343.9429,42.9705,ui.Journeys.steady,Idle,2
6622,214383.8118,39.8689,ui.Journeys.steady,Idle,2
6623,214432.3626,48.5508,ui.Journeys.steady,Idle,2
6624,214466.5578,34.1952,ui.Journeys.steady,Idle,2
6625,214506.7208,40.1631,ui.Journeys.steady,Idle,2
6626,214527.6156,20.8946,ui.Journeys.steady,Idle,2
6627,214570.7022,43.0867,ui.Journeys.steady,Idle,2
6628,214600.1568,29.4547,ui.Journeys.steady,Idle,2
6629,214644.0587,43.9019,ui.Journeys.steady,Idle,2
6630,214683.7495,39.6908,ui.Journeys.steady,Idle,2
6631,214726.7262,42.9766,ui.Journeys.steady,Idle,2
6632,214766.648,39.9219,ui.Journeys.steady,Idle,2
6633,214810.4964,43.8483,ui.Journeys.steady,Idle,2
6634,214850.0029,39.5065,ui.Journeys.steady,Idle,2
6635,214893.2541,43.2513,ui.Journeys.steady,Idle,2
6636,214933.4147,40.1606,ui.Journeys.steady,Idle,2
6637,214976.9827,43.5679,ui.Journeys.steady,Idle,2
6638,215016.6125,39.6297,ui.Journeys.steady,Idle,2
6639,215060.0214,43.409,ui.Journeys.steady,Idle,2
6640,215099.9816,39.9603,ui.Journeys.steady,Idle,2
6641,215141.4806,41.4991,ui.Journeys.steady,Idle,2
6642,215174.2654,32.7846,ui.Journeys.steady,Idle,2
6643,215211.4718,37.2065,ui.Journeys.steady,Idle,2
6644,215251.2105,39.7387,ui.Journeys.steady,Idle,2
6645,215294.2877,43.0772,ui.Journeys.steady,Idle,2
6646,215333.7406,39.4528,ui.Journeys.steady,Idle,2
6647,215377.1188,43.3782,ui.Journeys.steady,Idle,2
6648,215416.826,39.7073,ui.Journeys.steady,Idle,2
6649,215460.6715,43.8454,ui.Journeys.steady,Idle,2
6650,215500.0145,39.3431,ui.Journeys.steady,Idle,2
6651,215543.3323,43.3177,ui.Journeys.steady,Idle,2
6652,215583.1084,39.7762,ui.Journeys.steady,Idle,2
6653,215627.7493,44.6407,ui.Journeys.steady,Idle,2
6654,215667.5836,39.8344,ui.Journeys.steady,Idle,2
6655,215699.8267,32.2431,ui.Journeys.steady,Idle,2
6656,215744.6888,44.8621,ui.Journeys.steady,Idle,2
6657,215791.1689,46.4802,ui.Journeys.steady,Idle,2
6658,215817.3493,26.1804,ui.Journeys.steady,Idle,2
6659,215860.7514,43.402,ui.Journeys.steady,Idle,2
6660,215900.4674,39.7161,ui.Journeys.steady,Idle,2
6661,215944.322,43.8545,ui.Journeys.steady,Idle,2
6662,215983.511,39.189,ui.Journeys.steady,Idle,2
6663,216027.6952,44.1842,ui.Journeys.steady,Idle,2
6664,216067.7028,40.0077,ui.Journeys.steady,Idle,2
6665,216111.0947,43.3917,ui.Journeys.steady,Idle,2
6666,216150.2946,39.2001,ui.Journeys.steady,Idle,2
6667,216193.6647,43.3701,ui.Journeys.steady,Idle,2
6668,216234.1919,40.5272,ui.Journeys.steady,Idle,2
6669,216277.5263,43.3344,ui.Journeys.steady,Idle,2
6670,216317.0179,39.4916,ui.Journeys.steady,Idle,2
6671,216360.3659,43.348,ui.Journeys.steady,Idle,2
6672,216400.2594,39.8935,ui.Journeys.steady,Idle,2
6673,216443.9962,43.7367,ui.Journeys.steady,Idle,2
6674,216483.6928,39.6967,ui.Journeys.steady,Idle,2
6675,216526.9416,43.2488,ui.Journeys.steady,Idle,2
6676,216566.8249,39.8833,ui.Journeys.steady,Idle,2
6677,216607.6178,40.7929,ui.Journeys.steady,Idle,2
6678,216640.7778,33.16,ui.Journeys.steady,Idle,2
6679,216678.2395,37.4617,ui.Journeys.steady,Idle,2
6680,216717.8912,39.6517,ui.Journeys.steady,Idle,2
6681,216749.7287,31.8375,ui.Journeys.steady,Idle,2
6682,216790.4719,40.7432,ui.Journeys.steady,Idle,2
6683,216817.5119,27.04,ui.Journeys.steady,Idle,2
6684,216861.4623,43.9504,ui.Journeys.steady,Idle,2
6685,216901.5499,40.0875,ui.Journeys.steady,Idle,2
6686,216933.2954,31.7456,ui.Journeys.steady,Idle,2
6687,216975.816,42.5205,ui.Journeys.steady,Idle,2
6688,217015.0088,39.1929,ui.Journeys.steady,Idle,2
6689,217058.9942,43.9853,ui.Journeys.steady,Idle,2
6690,217098.3395,39.3454,ui.Journeys.steady,Idle,2
6691,217143.9951,45.6556,ui.Journeys.steady,Idle,2
6692,217181.3249,37.3298,ui.Journeys.steady,Idle,2
6693,217224.0177,42.6928,ui.Journeys.steady,Idle,2
6694,217257.5472,33.5294,ui.Journeys.steady,Idle,2
6695,217295.3766,37.8295,ui.Journeys.steady,Idle,2
6696,217342.398,47.0212,ui.Journeys.steady,Idle,2
6697,217376.6115,34.2137,ui.Journeys.steady,Idle,2
6698,217414.9119,38.3005,ui.Journeys.steady,Idle,2
6699,217451.7604,36.8484,ui.Journeys.steady,Idle,2
6700,217483.4064,31.646,ui.Journeys.steady,Idle,2
6701,217523.7346,40.3282,ui.Journeys.steady,Idle,2
6702,217551.4704,27.7357,ui.Journeys.steady,Idle,2
6703,217594.413,42.9427,ui.Journeys.steady,Idle,2
6704,217635.5536,41.1405,ui.Journeys.steady,Idle,2
6705,217677.7036,42.1501,ui.Journeys.steady,Idle,2
6706,217717.6232,39.9197,ui.Journeys.steady,Idle,2
6707,217760.6863,43.063,ui.Journeys.steady,Idle,2
6708,217801.057,40.3707,ui.Journeys.steady,Idle,2
6709,217843.7374,42.6803,ui.Journeys.steady,Idle,2
6710,217883.8291,40.0918,ui.Journeys.steady,Idle,2
6711,217926.9647,43.1356,ui.Journeys.steady,Idle,2
6712,217976.3782,49.4135,ui.Journeys.steady,Idle,2
6713,218009.1918,32.8135,ui.Journeys.steady,Idle,2
6714,218050.8509,41.6591,ui.Journeys.steady,Idle,2
6715,218094.0023,43.1515,ui.Journeys.steady,Idle,2
6716,218133.991,39.9886,ui.Journeys.steady,Idle,2
6717,218177.3918,43.4009,ui.Journeys.steady,Idle,2
6718,218216.9581,39.5662,ui.Journeys.steady,Idle,2
6719,218259.3079,42.3499,ui.Journeys.steady,Idle,2
6720,218300.4849,41.1769,ui.Journeys.steady,Idle,2
6721,218342.367,41.8822,ui.Journeys.steady,Idle,2
6722,218382.4193,40.0523,ui.Journeys.steady,Idle,2
6723,218416.5933,34.174,ui.Journeys.steady,Idle,2
6724,218457.447,40.8537,ui.Journeys.steady,Idle,2
6725,218484.7508,27.3038,ui.Journeys.steady,Idle,2
6726,218527.5545,42.8037,ui.Journeys.steady,Idle,2
6727,218567.2205,39.666,ui.Journeys.steady,Idle,2
6728,218609.9807,42.76,ui.Journeys.steady,Idle,2
6729,218651.4049,41.4244,ui.Journeys.steady,Idle,2
6730,218683.3368,31.9319,ui.Journeys.steady,Idle,2
6731,218727.8048,44.4678,ui.Journeys.steady,Idle,2
6732,218768.2222,40.4174,ui.Journeys.steady,Idle,2
6733,218811.0083,42.7862,ui.Journeys.steady,Idle,2
6734,218849.2736,38.2653,ui.Journeys.steady,Idle,2
6735,218894.2442,44.9705,ui.Journeys.steady,Idle,2
6736,218933.8803,39.6363,ui.Journeys.steady,Idle,2
6737,218977.1613,43.2809,ui.Journeys.steady,Idle,2
6738,219018.5909,41.4297,ui.Settings.open,Idle,2
6739,219068.852,50.2611,ui.Settings.open,Idle,2
6740,219385.5648,316.7126,ui.Settings.open,Idle,2
6741,219422.7513,37.1866,ui.Settings.open,Idle,2
6742,219468.0459,45.2947,ui.Settings.open,Idle,2
6743,219508.2137,40.1677,ui.Settings.open,Idle,2
6744,219544.4016,36.188,ui.Settings.open,Idle,2
6745,219583.086,38.6844,ui.Settings.open,Idle,2
6746,219623.7502,40.6642,ui.Settings.open,Idle,2
6747,219650.6141,26.8639,ui.Settings.open,Idle,2
6748,219695.5673,44.9531,ui.Settings.open,Idle,2
6749,219746.0372,50.4699,ui.Settings.open,Idle,2
6750,219791.933,45.8957,ui.Settings.open,Idle,2
6751,219827.6862,35.7532,ui.Settings.open,Idle,2
6752,219867.1423,39.4563,ui.Settings.open,Idle,2
6753,219909.3566,42.2142,ui.Settings.open,Idle,2
6754,219948.918,39.5614,ui.Settings.open,Idle,2
6755,219992.2302,43.3121,ui.Settings.open,Idle,2
6756,220027.9609,35.7309,ui.Settings.open,Idle,2
6757,220065.4265,37.4656,ui.Settings.open,Idle,2
6758,220109.8306,44.404,ui.Settings.open,Idle,2
6759,220149.1897,39.359,ui.Settings.open,Idle,2
6760,220192.5131,43.3236,ui.Settings.open,Idle,2
6761,220227.6218,35.1087,ui.Settings.open,Idle,2
6762,220265.2848,37.663,ui.Settings.open,Idle,2
6763,220306.9408,41.656,ui.Settings.open,Idle,2
6764,220333.9731,27.0323,ui.Settings.open,Idle,2
6765,220376.722,42.7488,ui.Settings.open,Idle,2
6766,220415.6752,38.9533,ui.Settings.open,Idle,2
6767,220455.8466,40.1714,ui.Settings.open,Idle,2
6768,220495.8038,39.9572,ui.Settings.steady,Idle,2
6769,220552.225,56.4212,ui.Settings.steady,Idle,2
6770,220591.7661,39.5409,ui.Settings.steady,Idle,2
6771,220627.7817,36.0157,ui.Settings.steady,Idle,2
6772,220665.366,37.5843,ui.Settings.steady,Idle,2
6773,220710.0759,44.71,ui.Settings.steady,Idle,2
6774,220749.2235,39.1475,ui.Settings.steady,Idle,2
6775,220789.3493,40.1259,ui.Settings.steady,Idle,2
6776,220816.6614,27.312,ui.Settings.steady,Idle,2
6777,220856.811,40.1496,ui.Settings.steady,Idle,2
6778,220884.0056,27.1947,ui.Settings.steady,Idle,2
6779,220923.5006,39.4949,ui.Settings.steady,Idle,2
6780,220950.525,27.0245,ui.Settings.steady,Idle,2
6781,220992.654,42.129,ui.Settings.steady,Idle,2
6782,221032.3456,39.6916,ui.Settings.steady,Idle,2
6783,221072.0068,39.6612,ui.Settings.steady,Idle,2
6784,221110.8416,38.8347,ui.Settings.steady,Idle,2
6785,221150.2302,39.3886,ui.Settings.steady,Idle,2
6786,221192.5661,42.3359,ui.Settings.steady,Idle,2
6787,221233.272,40.706,ui.Settings.steady,Idle,2
6788,221273.1751,39.9031,ui.Settings.steady,Idle,2
6789,221300.1046,26.9295,ui.Settings.steady,Idle,2
6790,221340.2254,40.1208,ui.Settings.steady,Idle,2
6791,221366.5158,26.2904,ui.Settings.steady,Idle,2
6792,221410.0033,43.4874,ui.Settings.steady,Idle,2
6793,221445.7387,35.7354,ui.Settings.steady,Idle,2
6794,221488.3689,42.6303,ui.Settings.steady,Idle,2
6795,221527.4648,39.0957,ui.Settings.steady,Idle,2
6796,221568.0696,40.605,ui.Settings.steady,Idle,2
6797,221617.6077,49.5381,ui.Settings.steady,Idle,2
6798,221647.6942,30.0864,ui.Settings.steady,Idle,2
6799,221690.8677,43.1735,ui.Settings.steady,Idle,2
6800,221728.6467,37.7787,ui.Settings.steady,Idle,2
6801,221762.6214,33.975,ui.Settings.steady,Idle,2
6802,221793.1129,30.4914,ui.Settings.steady,Idle,2
6803,221833.1681,40.0553,ui.Settings.steady,Idle,2
6804,221873.2315,40.0635,ui.Settings.steady,Idle,2
6805,221895.2605,22.0289,ui.Settings.steady,Idle,2
6806,221922.0061,26.7456,ui.Settings.steady,Idle,2
6807,221956.3079,34.3019,ui.Settings.steady,Idle,2
6808,221983.6305,27.3224,ui.Settings.steady,Idle,2
6809,222066.0013,82.3708,ui.Settings.steady,Idle,2
6810,222093.8252,27.8239,ui.Settings.steady,Idle,2
6811,222167.7728,73.9478,ui.Settings.steady,Idle,2
6812,222194.9482,27.1752,ui.Settings.steady,Idle,2
6813,222234.2402,39.2923,ui.Settings.steady,Idle,2
6814,222276.6875,42.4471,ui.Settings.steady,Idle,2
6815,222316.581,39.8935,ui.Settings.steady,Idle,2
6816,222356.7279,40.147,ui.Settings.steady,Idle,2
6817,222383.9465,27.2186,ui.Settings.steady,Idle,2
6818,222426.7559,42.8093,ui.Settings.steady,Idle,2
6819,222466.4564,39.7006,ui.Settings.steady,Idle,2
6820,222506.6925,40.2361,ui.Settings.steady,Idle,2
6821,222534.054,27.3615,ui.Settings.steady,Idle,2
6822,222576.3873,42.3333,ui.Settings.steady,Idle,2
6823,222618.8397,42.4523,ui.Settings.steady,Idle,2
6824,222669.3046,50.4649,ui.Settings.steady,Idle,2
6825,222710.9723,41.6675,ui.Settings.steady,Idle,2
6826,222749.9298,38.9578,ui.Settings.steady,Idle,2
6827,222793.1219,43.1921,ui.Settings.steady,Idle,2
6828,222832.8459,39.7239,ui.Settings.steady,Idle,2
6829,222873.2947,40.4489,ui.Settings.steady,Idle,2
6830,222900.7112,27.4165,ui.Settings.steady,Idle,2
6831,222943.4869,42.7756,ui.Settings.steady,Idle,2
6832,222983.2479,39.761,ui.Settings.steady,Idle,2
6833,223075.2005,91.9525,ui.Settings.steady,Idle,2
6834,223131.8918,56.6911,ui.Settings.steady,Idle,2
6835,223213.5959,81.7044,ui.Settings.steady,Idle,2
6836,223244.2096,30.6136,ui.Settings.steady,Idle,2
6837,223284.2819,40.0723,ui.Settings.steady,Idle,2
6838,223327.4384,43.1566,ui.Settings.steady,Idle,2
6839,223367.3098,39.8715,ui.Settings.steady,Idle,2
6840,223410.3946,43.0847,ui.Settings.steady,Idle,2
6841,223450.1739,39.7794,ui.Settings.steady,Idle,2
6842,223490.0319,39.858,ui.Settings.steady,Idle,2
6843,223517.2408,27.2089,ui.Settings.steady,Idle,2
6844,223559.7672,42.5263,ui.Settings.steady,Idle,2
6845,223599.6947,39.9276,ui.Settings.steady,Idle,2
6846,223640.3656,40.6708,ui.Settings.steady,Idle,2
6847,223667.2887,26.9232,ui.Settings.steady,Idle,2
6848,223708.8779,41.5892,ui.Settings.steady,Idle,2
6849,223750.0186,41.1407,ui.Settings.steady,Idle,2
6850,223790.6154,40.5968,ui.Settings.steady,Idle,2
6851,223817.4539,26.8385,ui.Settings.steady,Idle,2
6852,223860.2525,42.7986,ui.Settings.steady,Idle,2
6853,223894.8009,34.5483,ui.Settings.steady,Idle,2
6854,223932.5067,37.7059,ui.Settings.steady,Idle,2
6855,223974.505,41.9981,ui.Settings.steady,Idle,2
6856,224010.982,36.4772,ui.Settings.steady,Idle,2
6857,224050.2967,39.3146,ui.Settings.steady,Idle,2
6858,224093.7047,43.408,ui.Settings.steady,Idle,2
6859,224166.4615,72.7569,ui.Settings.steady,Idle,2
6860,224194.8222,28.3604,ui.Settings.steady,Idle,2
6861,224269.4153,74.5934,ui.Settings.steady,Idle,2
6862,224300.3787,30.9633,ui.Settings.steady,Idle,2
6863,224342.2451,41.8662,ui.Settings.steady,Idle,2
6864,224382.8843,40.6395,ui.Settings.steady,Idle,2
6865,224423.2831,40.3989,ui.Settings.steady,Idle,2
6866,224443.3584,20.0752,ui.Settings.steady,Idle,2
6867,224483.7595,40.4011,ui.Settings.steady,Idle,2
6868,224526.9924,43.2328,ui.Settings.steady,Idle,2
6869,224566.4748,39.4825,ui.Settings.steady,Idle,2
6870,224609.9692,43.4943,ui.Settings.steady,Idle,2
6871,224647.7523,37.7831,ui.Settings.steady,Idle,2
6872,224694.2085,46.4562,ui.Settings.steady,Idle,2
6873,224733.9267,39.7182,ui.Settings.steady,Idle,2
6874,224775.2516,41.3249,ui.Settings.steady,Idle,2
6875,224814.3412,39.0897,ui.Settings.steady,Idle,2
6876,224857.246,42.9047,ui.Settings.steady,Idle,2
6877,224883.7363,26.4904,ui.Settings.steady,Idle,2
6878,224927.0737,43.3374,ui.Settings.steady,Idle,2
6879,224965.042,37.9683,ui.Settings.steady,Idle,2
6880,225009.0582,44.0161,ui.Settings.steady,Idle,2
6881,225049.6744,40.6163,ui.Settings.steady,Idle,2
6882,225089.9609,40.2865,ui.Settings.steady,Idle,2
6883,225117.0463,27.0854,ui.Settings.steady,Idle,2
6884,225206.7226,89.6759,ui.Settings.steady,Idle,2
6885,225243.3057,36.5832,ui.Settings.steady,Idle,2
6886,225321.6409,78.3354,ui.Settings.steady,Idle,2
6887,225359.2388,37.5977,ui.Settings.steady,Idle,2
6888,225567.5437,208.3052,ui.album.open,Idle,2
6889,225606.1398,38.5961,ui.album.open,Idle,2
6890,225719.3804,113.2405,ui.album.open,Idle,2
6891,225747.7524,28.3721,ui.album.open,Idle,2
6892,225793.6724,45.92,ui.album.open,Idle,2
6893,225820.8047,27.1323,ui.album.open,Idle,2
6894,225857.4441,36.6394,ui.album.open,Idle,2
6895,225893.2377,35.7935,ui.album.open,Idle,2
6896,225935.7914,42.5538,ui.album.open,Idle,2
6897,225976.43,40.6386,ui.album.open,Idle,2
6898,226017.8746,41.4446,ui.album.open,Idle,2
6899,226059.536,41.6613,ui.album.open,Idle,2
6900,226112.667,53.1311,ui.album.open,Idle,2
6901,226142.0086,29.3416,ui.album.open,Idle,2
6902,226182.5867,40.578,ui.album.open,Idle,2
6903,226231.2058,48.6193,ui.album.open,Idle,2
6904,226266.3328,35.1268,ui.album.open,Idle,2
6905,226308.8512,42.5174,ui.album.open,Idle,2
6906,226347.0306,38.1805,ui.album.open,Idle,2
6907,226382.7748,35.7442,ui.album.open,Idle,2
6908,226423.9176,41.1428,ui.album.open,Idle,2
6909,226458.4994,34.5818,ui.album.open,Idle,2
6910,226497.9373,39.4379,ui.album.open,Idle,2
6911,226537.3566,39.4193,ui.album.open,Idle,2
6912,226576.3503,38.9936,ui.album.open,Idle,2
6913,226612.8392,36.489,ui.album.open,Idle,2
6914,226653.9727,41.1335,ui.album.open,Idle,2
6915,226692.0492,38.0763,ui.album.open,Idle,2
6916,226731.3629,39.3139,ui.album.open,Idle,2
6917,226770.1776,38.8147,ui.album.open,Idle,2
6918,226807.6814,37.5038,ui.album.open,Idle,2
6919,226847.7901,40.1088,ui.album.open,Idle,2
6920,226883.1378,35.3476,ui.album.open,Idle,2
6921,226924.0825,40.9445,ui.album.open,Idle,2
6922,226963.37,39.2878,ui.album.open,Idle,2
6923,226996.9327,33.5625,ui.album.open,Idle,2
6924,227037.3975,40.4649,ui.album.open,Idle,2
6925,227075.0005,37.6029,ui.album.open,Idle,2
6926,227112.4165,37.4161,ui.album.open,Idle,2
6927,227149.0127,36.5962,ui.album.open,Idle,2
6928,227191.9478,42.935,ui.album.open,Idle,2
6929,227226.5921,34.6444,ui.album.open,Idle,2
6930,227264.6796,38.0875,ui.album.open,Idle,2
6931,227300.0692,35.3895,ui.album.open,Idle,2
6932,227342.9538,42.8846,ui.album.open,Idle,2
6933,227380.7431,37.7895,ui.album.high.steady,Idle,2
6934,227426.2331,45.4897,ui.album.high.steady,Idle,2
6935,227458.0097,31.7768,ui.album.high.steady,Idle,2
6936,227497.8794,39.8698,ui.album.high.steady,Idle,2
6937,227532.9344,35.0549,ui.album.high.steady,Idle,2
6938,227575.9477,43.0133,ui.album.high.steady,Idle,2
6939,227613.3714,37.4237,ui.album.high.steady,Idle,2
6940,227648.8111,35.4397,ui.album.high.steady,Idle,2
6941,227687.0661,38.255,ui.album.high.steady,Idle,2
6942,227726.9564,39.8896,ui.album.high.steady,Idle,2
6943,227765.1593,38.2035,ui.album.high.steady,Idle,2
6944,227808.448,43.2888,ui.album.high.steady,Idle,2
6945,227841.8021,33.3541,ui.album.high.steady,Idle,2
6946,227879.5663,37.7642,ui.album.high.steady,Idle,2
6947,227923.6365,44.0702,ui.album.high.steady,Idle,2
6948,227960.0659,36.4294,ui.album.high.steady,Idle,2
6949,227996.3866,36.3207,ui.album.high.steady,Idle,2
6950,228037.7589,41.3723,ui.album.high.steady,Idle,2
6951,228064.4178,26.6589,ui.album.high.steady,Idle,2
6952,228097.6652,33.2473,ui.album.high.steady,Idle,2
6953,228142.5266,44.8615,ui.album.high.steady,Idle,2
6954,228178.99,36.4633,ui.album.high.steady,Idle,2
6955,228215.8263,36.8364,ui.album.high.steady,Idle,2
6956,228258.3901,42.5636,ui.album.high.steady,Idle,2
6957,228293.4663,35.0763,ui.album.high.steady,Idle,2
6958,228331.8003,38.3341,ui.album.high.steady,Idle,2
6959,228370.587,38.7866,ui.album.high.steady,Idle,2
6960,228407.8897,37.3027,ui.album.high.steady,Idle,2
6961,228446.3224,38.4328,ui.album.high.steady,Idle,2
6962,228481.2882,34.9657,ui.album.high.steady,Idle,2
6963,228524.1002,42.812,ui.album.high.steady,Idle,2
6964,228562.6282,38.5281,ui.album.high.steady,Idle,2
6965,228598.5723,35.9441,ui.album.high.steady,Idle,2
6966,228640.7457,42.1733,ui.album.high.steady,Idle,2
6967,228679.0362,38.2906,ui.album.high.steady,Idle,2
6968,228714.7016,35.6654,ui.album.high.steady,Idle,2
6969,228757.4354,42.7338,ui.album.high.steady,Idle,2
6970,228795.0783,37.6429,ui.album.high.steady,Idle,2
6971,228829.3426,34.2643,ui.album.high.steady,Idle,2
6972,228871.1126,41.7699,ui.album.high.steady,Idle,2
6973,228910.6695,39.557,ui.album.high.steady,Idle,2
6974,228947.2401,36.5704,ui.album.high.steady,Idle,2
6975,228987.6698,40.4299,ui.album.high.steady,Idle,2
6976,229025.0873,37.4174,ui.album.high.steady,Idle,2
6977,229063.4279,38.3407,ui.album.high.steady,Idle,2
6978,229103.5147,40.0867,ui.album.high.steady,Idle,2
6979,229140.996,37.4813,ui.album.high.steady,Idle,2
6980,229179.4202,38.4243,ui.album.high.steady,Idle,2
6981,229215.2053,35.785,ui.album.high.steady,Idle,2
6982,229257.7067,42.5014,ui.album.high.steady,Idle,2
6983,229295.7572,38.0506,ui.album.high.steady,Idle,2
6984,229331.3756,35.6184,ui.album.high.steady,Idle,2
6985,229374.4241,43.0484,ui.album.high.steady,Idle,2
6986,229412.622,38.1979,ui.album.high.steady,Idle,2
6987,229449.6277,37.0057,ui.album.high.steady,Idle,2
6988,229490.1078,40.4798,ui.album.high.steady,Idle,2
6989,229527.1171,37.0096,ui.album.high.steady,Idle,2
6990,229563.44,36.3229,ui.album.high.steady,Idle,2
6991,229607.2242,43.7842,ui.album.high.steady,Idle,2
6992,229635.5089,28.2848,ui.album.high.steady,Idle,2
6993,229677.4531,41.9441,ui.album.high.steady,Idle,2
6994,229704.312,26.8589,ui.album.high.steady,Idle,2
6995,229741.1876,36.8757,ui.album.high.steady,Idle,2
6996,229768.4567,27.269,ui.album.high.steady,Idle,2
6997,229800.99,32.5333,ui.album.high.steady,Idle,2
6998,229826.3413,25.3513,ui.album.high.steady,Idle,2
6999,229851.9923,25.6509,ui.album.high.steady,Idle,2
7000,229878.0374,26.0452,ui.album.high.steady,Idle,2
7001,229899.1022,21.0649,ui.album.high.steady,Idle,2
7002,229927.805,28.7026,ui.album.high.steady,Idle,2
7003,229959.3308,31.5257,ui.album.high.steady,Idle,2
7004,229984.7481,25.4174,ui.album.high.steady,Idle,2
7005,230020.2488,35.5009,ui.album.high.steady,Idle,2
7006,230058.8164,38.5675,ui.album.high.steady,Idle,2
7007,230097.6399,38.8236,ui.album.high.steady,Idle,2
7008,230132.8538,35.2139,ui.album.high.steady,Idle,2
7009,230175.0368,42.183,ui.album.high.steady,Idle,2
7010,230209.576,34.5391,ui.album.high.steady,Idle,2
7011,230248.199,38.6231,ui.album.high.steady,Idle,2
7012,230283.0327,34.8337,ui.album.high.steady,Idle,2
7013,230325.2148,42.1821,ui.album.high.steady,Idle,2
7014,230359.7778,34.5628,ui.album.high.steady,Idle,2
7015,230394.3142,34.5367,ui.album.high.steady,Idle,2
7016,230427.6161,33.3018,ui.album.high.steady,Idle,2
7017,230464.1566,36.5406,ui.album.high.steady,Idle,2
7018,230499.3676,35.2108,ui.album.high.steady,Idle,2
7019,230537.7725,38.405,ui.album.high.steady,Idle,2
7020,230575.8462,38.0735,ui.album.high.steady,Idle,2
7021,230615.3877,39.5417,ui.album.high.steady,Idle,2
7022,230653.5735,38.1856,ui.album.high.steady,Idle,2
7023,230690.7877,37.2142,ui.album.high.steady,Idle,2
7024,230729.9543,39.1668,ui.album.high.steady,Idle,2
7025,230765.2736,35.3193,ui.album.high.steady,Idle,2
7026,230803.6392,38.3655,ui.album.high.steady,Idle,2
7027,230842.1145,38.4751,ui.album.high.steady,Idle,2
7028,230880.473,38.3587,ui.album.high.steady,Idle,2
7029,230915.4318,34.9587,ui.album.high.steady,Idle,2
7030,230958.0607,42.629,ui.album.high.steady,Idle,2
7031,230993.2519,35.191,ui.album.high.steady,Idle,2
7032,231031.234,37.9823,ui.album.high.steady,Idle,2
7033,231070.3545,39.1206,ui.album.high.steady,Idle,2
7034,231109.9204,39.5658,ui.album.high.steady,Idle,2
7035,231147.6869,37.7666,ui.album.high.steady,Idle,2
7036,231182.678,34.9911,ui.album.high.steady,Idle,2
7037,231224.6349,41.9568,ui.album.high.steady,Idle,2
7038,231259.2058,34.5711,ui.album.high.steady,Idle,2
7039,231297.8293,38.6234,ui.album.high.steady,Idle,2
7040,231332.5765,34.7472,ui.album.high.steady,Idle,2
7041,231370.6202,38.0438,ui.album.high.steady,Idle,2
7042,231407.6194,36.9991,ui.album.high.steady,Idle,2
7043,231447.1013,39.4819,ui.album.high.steady,Idle,2
7044,231482.5381,35.4367,ui.album.high.steady,Idle,2
7045,231520.549,38.011,ui.album.high.steady,Idle,2
7046,231557.4598,36.9108,ui.album.high.steady,Idle,2
7047,231597.07,39.6102,ui.album.high.steady,Idle,2
7048,231632.9429,35.8727,ui.album.high.steady,Idle,2
7049,231669.4531,36.5102,ui.album.high.steady,Idle,2
7050,231697.8082,28.3552,ui.album.high.steady,Idle,2
7051,231733.0208,35.2127,ui.album.high.steady,Idle,2
7052,231770.8903,37.8694,ui.album.high.steady,Idle,2
7053,231807.2713,36.3811,ui.album.high.steady,Idle,2
7054,231835.1966,27.9252,ui.album.high.steady,Idle,2
7055,231864.9916,29.7949,ui.album.high.steady,Idle,2
7056,231898.7121,33.7207,ui.album.high.steady,Idle,2
7057,231930.0652,31.3529,ui.album.high.steady,Idle,2
7058,231974.0622,43.9973,ui.album.high.steady,Idle,2
7059,232000.4657,26.4034,ui.album.high.steady,Idle,2
7060,232041.8132,41.3473,ui.album.high.steady,Idle,2
7061,232076.6981,34.8851,ui.album.high.steady,Idle,2
7062,232115.2552,38.5569,ui.album.high.steady,Idle,2
7063,232153.6001,38.3451,ui.album.high.steady,Idle,2
7064,232190.8903,37.2901,ui.album.high.steady,Idle,2
7065,232231.0524,40.1622,ui.album.high.steady,Idle,2
7066,232266.186,35.1336,ui.album.high.steady,Idle,2
7067,232308.4601,42.2741,ui.album.high.steady,Idle,2
7068,232343.1009,34.6407,ui.album.high.steady,Idle,2
7069,232381.9273,38.8265,ui.album.high.steady,Idle,2
7070,232419.188,37.2606,ui.album.high.steady,Idle,2
7071,232473.5806,54.3922,ui.album.high.steady,Idle,2
7072,232499.1347,25.5546,ui.album.high.steady,Idle,2
7073,232541.0602,41.9255,ui.album.high.steady,Idle,2
7074,232575.9388,34.8785,ui.album.high.steady,Idle,2
7075,232614.7612,38.8225,ui.album.high.steady,Idle,2
7076,232649.9273,35.1661,ui.album.high.steady,Idle,2
7077,232691.9257,41.9983,ui.album.high.steady,Idle,2
7078,232730.1745,38.2488,ui.album.high.steady,Idle,2
7079,232765.4283,35.2539,ui.album.high.steady,Idle,2
7080,232809.1921,43.7632,ui.album.high.steady,Idle,2
7081,232842.9341,33.7426,ui.album.high.steady,Idle,2
7082,232881.3172,38.3831,ui.album.high.steady,Idle,2
7083,232916.4998,35.1826,ui.album.rotate,Idle,2
7084,232958.2682,41.7683,ui.album.rotate,Idle,2
7085,232993.5941,35.326,ui.album.rotate,Idle,2
7086,233029.7167,36.1225,ui.album.rotate,Idle,2
7087,233080.7791,51.0624,ui.album.rotate,Idle,2
7088,233109.2172,28.4378,ui.album.rotate,Idle,2
7089,233148.1068,38.89,ui.album.rotate,Idle,2
7090,233182.3967,34.2899,ui.album.rotate,Idle,2
7091,233220.4445,38.0477,ui.album.rotate,Idle,2
7092,233259.1329,38.6883,ui.album.rotate,Idle,2
7093,233297.3618,38.229,ui.album.rotate,Idle,2
7094,233332.4218,35.06,ui.album.rotate,Idle,2
7095,233370.4482,38.0264,ui.album.rotate,Idle,2
7096,233408.5893,38.1411,ui.album.rotate,Idle,2
7097,233447.4565,38.8672,ui.album.rotate,Idle,2
7098,233483.0251,35.5686,ui.album.rotate,Idle,2
7099,233520.6574,37.6323,ui.album.rotate,Idle,2
7100,233558.8086,38.1513,ui.album.rotate,Idle,2
7101,233597.4703,38.6617,ui.album.rotate,Idle,2
7102,233632.2832,34.8129,ui.album.rotate,Idle,2
7103,233670.8742,38.5908,ui.album.rotate,Idle,2
7104,233710.1078,39.2338,ui.album.rotate,Idle,2
7105,233756.2481,46.1402,ui.album.rotate,Idle,2
7106,233794.186,37.9378,ui.album.rotate,Idle,2
7107,233836.2522,42.0664,ui.album.rotate,Idle,2
7108,233870.1223,33.87,ui.album.rotate,Idle,2
7109,233908.0585,37.9363,ui.album.rotate,Idle,2
7110,233942.5751,34.5166,ui.album.rotate,Idle,2
7111,233975.9538,33.3786,ui.album.rotate,Idle,2
7112,234015.1807,39.2269,ui.album.rotate,Idle,2
7113,234048.9461,33.7654,ui.album.rotate,Idle,2
7114,234086.9895,38.0435,ui.album.rotate,Idle,2
7115,234124.738,37.7484,ui.album.rotate,Idle,2
7116,234159.4278,34.6898,ui.album.rotate,Idle,2
7117,234194.2713,34.8435,ui.album.rotate,Idle,2
7118,234231.5141,37.2429,ui.album.rotate,Idle,2
7119,234265.6157,34.1016,ui.album.rotate,Idle,2
7120,234303.4293,37.8136,ui.album.rotate,Idle,2
7121,234340.3477,36.9184,ui.album.rotate,Idle,2
7122,234368.0344,27.6861,ui.album.rotate,Idle,2
7123,234396.6351,28.6013,ui.album.rotate,Idle,2
7124,234436.3964,39.7613,ui.album.rotate,Idle,2
7125,234471.7644,35.368,ui.album.rotate,Idle,2
7126,234508.6942,36.9297,ui.album.rotate,Idle,2
7127,234543.0956,34.4014,ui.album.rotate,Idle,2
7128,234576.9757,33.8801,ui.album.rotate,Idle,2
7129,234614.5513,37.5757,ui.album.rotate,Idle,2
7130,234648.5069,33.9556,ui.album.rotate,Idle,2
7131,234686.3307,37.8238,ui.album.rotate,Idle,2
7132,234721.6023,35.2716,ui.album.rotate,Idle,2
7133,234759.2038,37.6015,ui.album.rotate,Idle,2
7134,234792.132,32.9282,ui.album.rotate,Idle,2
7135,234831.1518,39.0197,ui.album.rotate,Idle,2
7136,234865.2171,34.0653,ui.album.rotate,Idle,2
7137,234899.1566,33.9396,ui.album.rotate,Idle,2
7138,234932.6556,33.499,ui.album.rotate,Idle,2
7139,234966.3891,33.7335,ui.album.rotate,Idle,2
7140,235003.0515,36.6623,ui.album.rotate,Idle,2
7141,235038.65,35.5985,ui.album.rotate,Idle,2
7142,235080.8382,42.1884,ui.album.rotate,Idle,2
7143,235105.3548,24.5164,ui.album.rotate,Idle,2
7144,235141.8071,36.4524,ui.album.rotate,Idle,2
7145,235175.4523,33.6452,ui.album.rotate,Idle,2
7146,235208.8191,33.3667,ui.album.rotate,Idle,2
7147,235242.4214,33.6022,ui.album.rotate,Idle,2
7148,235275.3755,32.9542,ui.album.rotate,Idle,2
7149,235308.8924,33.517,ui.album.rotate,Idle,2
7150,235342.2063,33.3138,ui.album.rotate,Idle,2
7151,235375.2963,33.0899,ui.album.rotate,Idle,2
7152,235411.3512,36.0547,ui.album.rotate,Idle,2
7153,235449.6898,38.339,ui.album.rotate,Idle,2
7154,235491.9065,42.2166,ui.album.rotate,Idle,2
7155,235521.2875,29.3811,ui.album.rotate,Idle,2
7156,235557.5592,36.2715,ui.album.rotate,Idle,2
7157,235592.7863,35.2272,ui.album.rotate,Idle,2
7158,235626.1748,33.3885,ui.album.rotate,Idle,2
7159,235659.7907,33.616,ui.album.rotate,Idle,2
7160,235695.8901,36.0993,ui.album.rotate,Idle,2
7161,235732.0226,36.1326,ui.album.rotate,Idle,2
7162,235769.8056,37.7829,ui.album.rotate,Idle,2
7163,235805.2138,35.4083,ui.album.rotate,Idle,2
7164,235842.1203,36.9065,ui.album.rotate,Idle,2
7165,235875.8848,33.7644,ui.album.rotate,Idle,2
7166,235909.4,33.5152,ui.album.rotate,Idle,2
7167,235944.0807,34.6805,ui.album.rotate,Idle,2
7168,235980.9743,36.8939,ui.album.rotate,Idle,2
7169,236015.0936,34.1193,ui.album.rotate,Idle,2
7170,236054.5735,39.4798,ui.album.rotate,Idle,2
7171,236101.7997,47.2261,ui.album.rotate,Idle,2
7172,236132.1922,30.3927,ui.album.rotate,Idle,2
7173,236169.9302,37.738,ui.album.rotate,Idle,2
7174,236205.2126,35.2824,ui.album.rotate,Idle,2
7175,236244.8374,39.6248,ui.album.rotate,Idle,2
7176,236286.5456,41.708,ui.album.rotate,Idle,2
7177,236321.4198,34.8745,ui.album.rotate,Idle,2
7178,236358.8884,37.4684,ui.album.rotate,Idle,2
7179,236393.6664,34.778,ui.album.rotate,Idle,2
7180,236432.7455,39.0792,ui.album.rotate,Idle,2
7181,236476.7657,44.0203,ui.album.rotate,Idle,2
7182,236508.6889,31.923,ui.album.rotate,Idle,2
7183,236543.2056,34.5168,ui.album.rotate,Idle,2
7184,236581.1181,37.9125,ui.album.rotate,Idle,2
7185,236615.8184,34.7002,ui.album.rotate,Idle,2
7186,236655.1994,39.3811,ui.album.rotate,Idle,2
7187,236703.1294,47.93,ui.album.rotate,Idle,2
7188,236747.0291,43.8997,ui.album.rotate,Idle,2
7189,236775.4439,28.4148,ui.album.rotate,Idle,2
7190,236811.4431,35.999,ui.album.rotate,Idle,2
7191,236848.6595,37.2166,ui.album.rotate,Idle,2
7192,236886.7452,38.0857,ui.album.rotate,Idle,2
7193,236925.2989,38.5535,ui.album.rotate,Idle,2
7194,236965.8661,40.5674,ui.album.rotate,Idle,2
7195,237008.7925,42.9263,ui.album.rotate,Idle,2
7196,237041.8309,33.0384,ui.album.rotate,Idle,2
7197,237076.7225,34.8916,ui.album.rotate,Idle,2
7198,237116.3194,39.597,ui.album.rotate,Idle,2
7199,237159.1498,42.8303,ui.album.rotate,Idle,2
7200,237191.8147,32.6649,ui.album.rotate,Idle,2
7201,237227.5451,35.7305,ui.album.rotate,Idle,2
7202,237264.8465,37.3014,ui.album.rotate,Idle,2
7203,237301.575,36.7284,audit.snapshot.ui.album.rotate,Idle,2
7204,237348.4575,46.8826,audit.snapshot.ui.album.rotate,Idle,2
7205,237381.5312,33.0737,audit.snapshot.ui.album.rotate,Idle,2
7206,237417.4542,35.9228,audit.snapshot.ui.album.rotate,Idle,2
7207,237451.0819,33.6278,audit.snapshot.ui.album.rotate,Idle,2
7208,237481.9635,30.8817,audit.snapshot.ui.album.rotate,Idle,2
7209,237517.686,35.7225,audit.snapshot.ui.album.rotate,Idle,2
7210,237562.0903,44.4043,audit.snapshot.ui.album.rotate,Idle,2
7211,237589.1691,27.0788,audit.snapshot.ui.album.rotate,Idle,2
7212,237634.8305,45.6613,audit.snapshot.ui.album.rotate,Idle,2
7213,237665.0671,30.2367,audit.snapshot.ui.album.rotate,Idle,2
7214,237698.9798,33.9127,audit.snapshot.ui.album.rotate,Idle,2
7215,237735.9888,37.009,audit.snapshot.ui.album.rotate,Idle,2
7216,237770.7403,34.7515,audit.snapshot.ui.album.rotate,Idle,2
7217,237808.5267,37.7864,audit.snapshot.ui.album.rotate,Idle,2
7218,237841.653,33.1261,audit.snapshot.ui.album.rotate,Idle,2
7219,237876.4173,34.7644,audit.snapshot.ui.album.rotate,Idle,2
7220,237913.8703,37.4531,audit.snapshot.ui.album.rotate,Idle,2
7221,237947.5188,33.6485,audit.snapshot.ui.album.rotate,Idle,2
7222,237981.6188,34.0999,audit.snapshot.ui.album.rotate,Idle,2
7223,238014.7702,33.1515,audit.snapshot.ui.album.rotate,Idle,2
7224,238048.2262,33.456,audit.snapshot.ui.album.rotate,Idle,2
7225,238081.9821,33.7558,audit.snapshot.ui.album.rotate,Idle,2
7226,238115.4886,33.5066,audit.snapshot.ui.album.rotate,Idle,2
7227,238152.8218,37.3332,audit.snapshot.ui.album.rotate,Idle,2
7228,238187.1855,34.3635,audit.snapshot.ui.album.rotate,Idle,2
7229,238224.1183,36.9328,audit.snapshot.ui.album.rotate,Idle,2
7230,238257.9234,33.8052,audit.snapshot.ui.album.rotate,Idle,2
7231,238291.8752,33.9519,audit.snapshot.ui.album.rotate,Idle,2
7232,238330.7672,38.8919,audit.snapshot.ui.album.rotate,Idle,2
7233,238364.2173,33.4503,audit.snapshot.ui.album.rotate,Idle,2
7234,238398.2838,34.0664,audit.snapshot.ui.album.rotate,Idle,2
7235,238428.4463,30.1625,audit.snapshot.ui.album.rotate,Idle,2
7236,238462.0828,33.6365,audit.snapshot.ui.album.rotate,Idle,2
7237,238495.651,33.5682,audit.snapshot.ui.album.rotate,Idle,2
7238,238528.7976,33.1466,audit.snapshot.ui.album.rotate,Idle,2
7239,238562.1712,33.3735,audit.snapshot.ui.album.rotate,Idle,2
7240,238599.2783,37.1072,audit.snapshot.ui.album.rotate,Idle,2
7241,238635.9791,36.7007,audit.snapshot.ui.album.rotate,Idle,2
7242,238668.9981,33.0191,audit.snapshot.ui.album.rotate,Idle,2
7243,238695.7657,26.7676,audit.snapshot.ui.album.rotate,Idle,2
7244,238729.1922,33.4263,audit.snapshot.ui.album.rotate,Idle,2
7245,238764.8974,35.7053,audit.snapshot.ui.album.rotate,Idle,2
7246,238797.9863,33.089,audit.snapshot.ui.album.rotate,Idle,2
7247,238831.729,33.7426,audit.snapshot.ui.album.rotate,Idle,2
7248,238864.562,32.8331,ui.album.quiet.high,Idle,2
7249,238898.1417,33.5797,ui.album.quiet.high,Idle,2
7250,238940.8327,42.6909,ui.album.quiet.high,Idle,2
7251,238969.992,29.1593,ui.album.quiet.high,Idle,2
7252,239004.5033,34.5112,ui.album.quiet.high,Idle,2
7253,239041.028,36.5248,ui.album.quiet.high,Idle,2
7254,239074.4338,33.4058,ui.album.quiet.high,Idle,2
7255,239108.2454,33.8115,ui.album.quiet.high,Idle,2
7256,239141.7204,33.4751,ui.album.quiet.high,Idle,2
7257,239176.716,34.9955,ui.album.quiet.high,Idle,2
7258,239212.9597,36.2438,ui.album.quiet.high,Idle,2
7259,239247.011,34.0513,ui.album.quiet.high,Idle,2
7260,239278.8824,31.8716,ui.album.quiet.high,Idle,2
7261,239312.8879,34.0054,ui.album.quiet.high,Idle,2
7262,239348.2782,35.3902,ui.album.quiet.high,Idle,2
7263,239381.3268,33.0487,ui.album.quiet.high,Idle,2
7264,239412.9895,31.6627,ui.album.quiet.high,Idle,2
7265,239447.9372,34.9477,ui.album.quiet.high,Idle,2
7266,239481.1242,33.187,ui.album.quiet.high,Idle,2
7267,239515.1076,33.9834,ui.album.quiet.high,Idle,2
7268,239545.9131,30.8055,ui.album.quiet.high,Idle,2
7269,239581.8796,35.9664,ui.album.quiet.high,Idle,2
7270,239614.8701,32.9905,ui.album.quiet.high,Idle,2
7271,239646.5233,31.6532,ui.album.quiet.high,Idle,2
7272,239682.2955,35.7722,ui.album.quiet.high,Idle,2
7273,239719.6067,37.3113,ui.album.quiet.high,Idle,2
7274,239753.2119,33.6052,ui.album.quiet.high,Idle,2
7275,239787.0979,33.8861,ui.album.quiet.high,Idle,2
7276,239821.0817,33.9837,ui.album.quiet.high,Idle,2
7277,239858.9268,37.8449,ui.album.quiet.high,Idle,2
7278,239891.122,32.1954,ui.album.quiet.high,Idle,2
7279,239926.3055,35.1835,ui.album.quiet.high,Idle,2
7280,239962.9277,36.6222,ui.album.quiet.high,Idle,2
7281,239997.1061,34.1784,ui.album.quiet.high,Idle,2
7282,240031.3115,34.2054,ui.album.quiet.high,Idle,2
7283,240064.7413,33.4297,ui.album.quiet.high,Idle,2
7284,240097.9201,33.1788,ui.album.quiet.high,Idle,2
7285,240131.4164,33.4964,ui.album.quiet.high,Idle,2
7286,240164.7129,33.2965,ui.album.quiet.high,Idle,2
7287,240198.2334,33.5204,ui.album.quiet.high,Idle,2
7288,240231.2956,33.0622,ui.album.quiet.high,Idle,2
7289,240262.6931,31.3976,ui.album.quiet.high,Idle,2
7290,240296.3665,33.6734,ui.album.quiet.high,Idle,2
7291,240329.7902,33.4236,ui.album.quiet.high,Idle,2
7292,240369.2646,39.4743,ui.album.quiet.high,Idle,2
7293,240402.9176,33.6532,ui.album.quiet.high,Idle,2
7294,240436.5815,33.6638,ui.album.quiet.high,Idle,2
7295,240470.5298,33.9484,ui.album.quiet.high,Idle,2
7296,240504.6927,34.1629,ui.album.quiet.high,Idle,2
7297,240542.4214,37.7286,ui.album.quiet.high,Idle,2
7298,240575.568,33.1466,ui.album.quiet.high,Idle,2
7299,240609.2595,33.6915,ui.album.quiet.high,Idle,2
7300,240641.6136,32.3541,ui.album.quiet.high,Idle,2
7301,240677.8137,36.2003,ui.album.quiet.high,Idle,2
7302,240714.4263,36.6125,ui.album.quiet.high,Idle,2
7303,240747.798,33.3717,ui.album.quiet.high,Idle,2
7304,240781.2296,33.4316,ui.album.quiet.high,Idle,2
7305,240814.7266,33.497,ui.album.quiet.high,Idle,2
7306,240847.9334,33.2067,ui.album.quiet.high,Idle,2
7307,240881.594,33.6606,ui.album.quiet.high,Idle,2
7308,240914.6161,33.0222,ui.album.quiet.high,Idle,2
7309,240947.9996,33.3834,ui.album.quiet.high,Idle,2
7310,240981.2641,33.2646,ui.album.quiet.high,Idle,2
7311,241014.5485,33.2844,ui.album.quiet.high,Idle,2
7312,241048.257,33.7085,ui.album.quiet.high,Idle,2
7313,241081.3153,33.0584,ui.album.quiet.high,Idle,2
7314,241114.5624,33.247,ui.album.quiet.high,Idle,2
7315,241148.2225,33.6601,ui.album.quiet.high,Idle,2
7316,241181.4972,33.2746,ui.album.quiet.high,Idle,2
7317,241213.2797,31.7826,ui.album.quiet.high,Idle,2
7318,241245.9457,32.666,ui.album.quiet.high,Idle,2
7319,241279.6756,33.7299,ui.album.quiet.high,Idle,2
7320,241314.8352,35.1596,ui.album.quiet.high,Idle,2
7321,241348.3917,33.5563,ui.album.quiet.high,Idle,2
7322,241381.7343,33.3428,ui.album.quiet.high,Idle,2
7323,241416.1618,34.4275,ui.album.quiet.high,Idle,2
7324,241456.523,40.361,ui.album.quiet.high,Idle,2
7325,241487.3004,30.7776,ui.album.quiet.high,Idle,2
7326,241521.4741,34.1737,ui.album.quiet.high,Idle,2
7327,241559.2361,37.7619,ui.album.quiet.high,Idle,2
7328,241592.2354,32.9993,ui.album.quiet.high,Idle,2
7329,241625.9798,33.7444,ui.album.quiet.high,Idle,2
7330,241659.2204,33.2405,ui.album.quiet.high,Idle,2
7331,241692.9361,33.7158,ui.album.quiet.high,Idle,2
7332,241729.8195,36.8835,ui.album.quiet.high,Idle,2
7333,241763.9366,34.1171,ui.album.quiet.high,Idle,2
7334,241798.983,35.0464,ui.album.quiet.high,Idle,2
7335,241840.2709,41.2878,ui.album.quiet.high,Idle,2
7336,241870.4274,30.1565,ui.album.quiet.high,Idle,2
7337,241905.0522,34.6249,ui.album.quiet.high,Idle,2
7338,241941.8438,36.7916,ui.album.quiet.high,Idle,2
7339,241975.7707,33.9268,ui.album.quiet.high,Idle,2
7340,242013.0279,37.2572,ui.album.quiet.high,Idle,2
7341,242047.1297,34.1019,ui.album.quiet.high,Idle,2
7342,242081.1852,34.0555,ui.album.quiet.high,Idle,2
7343,242114.6171,33.4319,ui.album.quiet.high,Idle,2
7344,242148.0457,33.4287,ui.album.quiet.high,Idle,2
7345,242181.5601,33.5143,ui.album.quiet.high,Idle,2
7346,242214.7626,33.2025,ui.album.quiet.high,Idle,2
7347,242248.2659,33.5033,ui.album.quiet.high,Idle,2
7348,242281.1484,32.8825,ui.album.quiet.high,Idle,2
7349,242314.5126,33.364,ui.album.quiet.high,Idle,2
7350,242347.917,33.4046,ui.album.quiet.high,Idle,2
7351,242381.2882,33.3712,ui.album.quiet.high,Idle,2
7352,242414.8381,33.5499,ui.album.quiet.high,Idle,2
7353,242447.9456,33.1075,ui.album.quiet.high,Idle,2
7354,242481.1309,33.1852,ui.album.quiet.high,Idle,2
7355,242514.5457,33.4149,ui.album.quiet.high,Idle,2
7356,242547.8681,33.3224,ui.album.quiet.high,Idle,2
7357,242581.5653,33.6972,ui.album.quiet.high,Idle,2
7358,242614.8241,33.2584,ui.album.quiet.high,Idle,2
7359,242648.6741,33.8504,ui.album.quiet.high,Idle,2
7360,242681.7374,33.0633,ui.album.quiet.high,Idle,2
7361,242714.9211,33.1837,ui.album.quiet.high,Idle,2
7362,242748.4397,33.5186,ui.album.quiet.high,Idle,2
7363,242781.4844,33.0447,ui.album.quiet.high,Idle,2
7364,242814.6888,33.2044,ui.album.quiet.high,Idle,2
7365,242847.9051,33.2163,ui.album.quiet.high,Idle,2
7366,242881.616,33.7108,ui.album.quiet.high,Idle,2
7367,242915.991,34.3751,ui.album.quiet.high,Idle,2
7368,242952.8862,36.8952,ui.album.quiet.high,Idle,2
7369,242986.8725,33.9863,ui.album.quiet.high,Idle,2
7370,243020.5974,33.7247,ui.album.quiet.high,Idle,2
7371,243054.6341,34.037,ui.album.quiet.high,Idle,2
7372,243092.272,37.6377,ui.album.quiet.high,Idle,2
7373,243125.5402,33.2681,ui.album.quiet.high,Idle,2
7374,243159.1522,33.612,ui.album.quiet.high,Idle,2
7375,243192.4542,33.302,ui.album.quiet.high,Idle,2
7376,243225.8366,33.3824,ui.album.quiet.high,Idle,2
7377,243258.6431,32.8067,ui.album.quiet.high,Idle,2
7378,243296.0111,37.368,ui.album.quiet.high,Idle,2
7379,243330.2591,34.248,ui.album.quiet.high,Idle,2
7380,243363.9988,33.7398,ui.album.quiet.high,Idle,2
7381,243395.7353,31.7364,ui.album.quiet.high,Idle,2
7382,243431.879,36.1437,ui.album.quiet.high,Idle,2
7383,243464.722,32.843,ui.album.quiet.high,Idle,2
7384,243498.3101,33.5882,ui.album.quiet.high,Idle,2
7385,243531.5184,33.2082,ui.album.quiet.high,Idle,2
7386,243564.8944,33.3758,ui.album.quiet.high,Idle,2
7387,243598.461,33.5668,ui.album.quiet.high,Idle,2
7388,243631.3133,32.8523,ui.album.quiet.high,Idle,2
7389,243664.3208,33.0075,ui.album.quiet.high,Idle,2
7390,243698.4708,34.15,ui.album.quiet.high,Idle,2
7391,243731.928,33.4572,ui.album.quiet.high,Idle,2
7392,243763.3439,31.416,ui.album.quiet.high,Idle,2
7393,243798.5554,35.2113,ui.album.quiet.high,Idle,2
7394,243831.6419,33.0866,ui.album.quiet.high,Idle,2
7395,243864.9855,33.3436,ui.album.quiet.high,Idle,2
7396,243898.1879,33.2024,ui.album.quiet.high,Idle,2
7397,243932.0221,33.8342,ui.album.quiet.high,Idle,2
