# Original Quiet Camp Ukrainian rural presentation asset
# Units: metres; Y up; no external geometry or textures
mtllib palette.mtl
o ua_power_pylon
v -1.8645057 0.0160014 -1.8635057
v -1.8645057 -0.0001231 -1.7345095
v -1.4145057 3.5998769 -1.2845095
v -1.8645057 0.0160014 -1.8635057
v -1.4145057 3.5998769 -1.2845095
v -1.4145057 3.6160014 -1.4135057
v -1.8645057 -0.0001231 -1.7345095
v -1.7354943 -0.0160014 -1.7364943
v -1.2854943 3.5839986 -1.2864943
v -1.8645057 -0.0001231 -1.7345095
v -1.2854943 3.5839986 -1.2864943
v -1.4145057 3.5998769 -1.2845095
v -1.7354943 -0.0160014 -1.7364943
v -1.7354943 0.0001231 -1.8654905
v -1.2854943 3.6001231 -1.4154905
v -1.7354943 -0.0160014 -1.7364943
v -1.2854943 3.6001231 -1.4154905
v -1.2854943 3.5839986 -1.2864943
v -1.7354943 0.0001231 -1.8654905
v -1.8645057 0.0160014 -1.8635057
v -1.4145057 3.6160014 -1.4135057
v -1.7354943 0.0001231 -1.8654905
v -1.4145057 3.6160014 -1.4135057
v -1.2854943 3.6001231 -1.4154905
v -1.8645057 -0.0001231 1.7345095
v -1.8645057 0.0160014 1.8635057
v -1.4145057 3.6160014 1.4135057
v -1.8645057 -0.0001231 1.7345095
v -1.4145057 3.6160014 1.4135057
v -1.4145057 3.5998769 1.2845095
v -1.8645057 0.0160014 1.8635057
v -1.7354943 0.0001231 1.8654905
v -1.2854943 3.6001231 1.4154905
v -1.8645057 0.0160014 1.8635057
v -1.2854943 3.6001231 1.4154905
v -1.4145057 3.6160014 1.4135057
v -1.7354943 0.0001231 1.8654905
v -1.7354943 -0.0160014 1.7364943
v -1.2854943 3.5839986 1.2864943
v -1.7354943 0.0001231 1.8654905
v -1.2854943 3.5839986 1.2864943
v -1.2854943 3.6001231 1.4154905
v -1.7354943 -0.0160014 1.7364943
v -1.8645057 -0.0001231 1.7345095
v -1.4145057 3.5998769 1.2845095
v -1.7354943 -0.0160014 1.7364943
v -1.4145057 3.5998769 1.2845095
v -1.2854943 3.5839986 1.2864943
v 1.7354943 0.0001231 -1.8654905
v 1.7354943 -0.0160014 -1.7364943
v 1.2854943 3.5839986 -1.2864943
v 1.7354943 0.0001231 -1.8654905
v 1.2854943 3.5839986 -1.2864943
v 1.2854943 3.6001231 -1.4154905
v 1.7354943 -0.0160014 -1.7364943
v 1.8645057 -0.0001231 -1.7345095
v 1.4145057 3.5998769 -1.2845095
v 1.7354943 -0.0160014 -1.7364943
v 1.4145057 3.5998769 -1.2845095
v 1.2854943 3.5839986 -1.2864943
v 1.8645057 -0.0001231 -1.7345095
v 1.8645057 0.0160014 -1.8635057
v 1.4145057 3.6160014 -1.4135057
v 1.8645057 -0.0001231 -1.7345095
v 1.4145057 3.6160014 -1.4135057
v 1.4145057 3.5998769 -1.2845095
v 1.8645057 0.0160014 -1.8635057
v 1.7354943 0.0001231 -1.8654905
v 1.2854943 3.6001231 -1.4154905
v 1.8645057 0.0160014 -1.8635057
v 1.2854943 3.6001231 -1.4154905
v 1.4145057 3.6160014 -1.4135057
v 1.7354943 -0.0160014 1.7364943
v 1.7354943 0.0001231 1.8654905
v 1.2854943 3.6001231 1.4154905
v 1.7354943 -0.0160014 1.7364943
v 1.2854943 3.6001231 1.4154905
v 1.2854943 3.5839986 1.2864943
v 1.7354943 0.0001231 1.8654905
v 1.8645057 0.0160014 1.8635057
v 1.4145057 3.6160014 1.4135057
v 1.7354943 0.0001231 1.8654905
v 1.4145057 3.6160014 1.4135057
v 1.2854943 3.6001231 1.4154905
v 1.8645057 0.0160014 1.8635057
v 1.8645057 -0.0001231 1.7345095
v 1.4145057 3.5998769 1.2845095
v 1.8645057 0.0160014 1.8635057
v 1.4145057 3.5998769 1.2845095
v 1.4145057 3.6160014 1.4135057
v 1.8645057 -0.0001231 1.7345095
v 1.7354943 -0.0160014 1.7364943
v 1.2854943 3.5839986 1.2864943
v 1.8645057 -0.0001231 1.7345095
v 1.2854943 3.5839986 1.2864943
v 1.4145057 3.5998769 1.2845095
v -1.7714850 -0.0314576 -1.7479442
v -1.7580499 -0.0314576 -1.8419894
v 1.3919501 3.5685424 -1.3919894
v -1.7714850 -0.0314576 -1.7479442
v 1.3919501 3.5685424 -1.3919894
v 1.3785150 3.5685424 -1.2979442
v -1.7580499 -0.0314576 -1.8419894
v -1.8285150 0.0314576 -1.8520558
v 1.3214850 3.6314576 -1.4020558
v -1.7580499 -0.0314576 -1.8419894
v 1.3214850 3.6314576 -1.4020558
v 1.3919501 3.5685424 -1.3919894
v -1.8285150 0.0314576 -1.8520558
v -1.8419501 0.0314576 -1.7580106
v 1.3080499 3.6314576 -1.3080106
v -1.8285150 0.0314576 -1.8520558
v 1.3080499 3.6314576 -1.3080106
v 1.3214850 3.6314576 -1.4020558
v -1.8419501 0.0314576 -1.7580106
v -1.7714850 -0.0314576 -1.7479442
v 1.3785150 3.5685424 -1.2979442
v -1.8419501 0.0314576 -1.7580106
v 1.3785150 3.5685424 -1.2979442
v 1.3080499 3.6314576 -1.3080106
v 1.7580499 -0.0314576 -1.8419894
v 1.7714850 -0.0314576 -1.7479442
v -1.3785150 3.5685424 -1.2979442
v 1.7580499 -0.0314576 -1.8419894
v -1.3785150 3.5685424 -1.2979442
v -1.3919501 3.5685424 -1.3919894
v 1.7714850 -0.0314576 -1.7479442
v 1.8419501 0.0314576 -1.7580106
v -1.3080499 3.6314576 -1.3080106
v 1.7714850 -0.0314576 -1.7479442
v -1.3080499 3.6314576 -1.3080106
v -1.3785150 3.5685424 -1.2979442
v 1.8419501 0.0314576 -1.7580106
v 1.8285150 0.0314576 -1.8520558
v -1.3214850 3.6314576 -1.4020558
v 1.8419501 0.0314576 -1.7580106
v -1.3214850 3.6314576 -1.4020558
v -1.3080499 3.6314576 -1.3080106
v 1.8285150 0.0314576 -1.8520558
v 1.7580499 -0.0314576 -1.8419894
v -1.3919501 3.5685424 -1.3919894
v 1.8285150 0.0314576 -1.8520558
v -1.3919501 3.5685424 -1.3919894
v -1.3214850 3.6314576 -1.4020558
v -1.8419894 -0.0314576 -1.7580499
v -1.7479442 -0.0314576 -1.7714850
v -1.2979442 3.5685424 1.3785150
v -1.8419894 -0.0314576 -1.7580499
v -1.2979442 3.5685424 1.3785150
v -1.3919894 3.5685424 1.3919501
v -1.7479442 -0.0314576 -1.7714850
v -1.7580106 0.0314576 -1.8419501
v -1.3080106 3.6314576 1.3080499
v -1.7479442 -0.0314576 -1.7714850
v -1.3080106 3.6314576 1.3080499
v -1.2979442 3.5685424 1.3785150
v -1.7580106 0.0314576 -1.8419501
v -1.8520558 0.0314576 -1.8285150
v -1.4020558 3.6314576 1.3214850
v -1.7580106 0.0314576 -1.8419501
v -1.4020558 3.6314576 1.3214850
v -1.3080106 3.6314576 1.3080499
v -1.8520558 0.0314576 -1.8285150
v -1.8419894 -0.0314576 -1.7580499
v -1.3919894 3.5685424 1.3919501
v -1.8520558 0.0314576 -1.8285150
v -1.3919894 3.5685424 1.3919501
v -1.4020558 3.6314576 1.3214850
v -1.7479442 -0.0314576 1.7714850
v -1.8419894 -0.0314576 1.7580499
v -1.3919894 3.5685424 -1.3919501
v -1.7479442 -0.0314576 1.7714850
v -1.3919894 3.5685424 -1.3919501
v -1.2979442 3.5685424 -1.3785150
v -1.8419894 -0.0314576 1.7580499
v -1.8520558 0.0314576 1.8285150
v -1.4020558 3.6314576 -1.3214850
v -1.8419894 -0.0314576 1.7580499
v -1.4020558 3.6314576 -1.3214850
v -1.3919894 3.5685424 -1.3919501
v -1.8520558 0.0314576 1.8285150
v -1.7580106 0.0314576 1.8419501
v -1.3080106 3.6314576 -1.3080499
v -1.8520558 0.0314576 1.8285150
v -1.3080106 3.6314576 -1.3080499
v -1.4020558 3.6314576 -1.3214850
v -1.7580106 0.0314576 1.8419501
v -1.7479442 -0.0314576 1.7714850
v -1.2979442 3.5685424 -1.3785150
v -1.7580106 0.0314576 1.8419501
v -1.2979442 3.5685424 -1.3785150
v -1.3080106 3.6314576 -1.3080499
v -1.7580499 -0.0314576 1.8419894
v -1.7714850 -0.0314576 1.7479442
v 1.3785150 3.5685424 1.2979442
v -1.7580499 -0.0314576 1.8419894
v 1.3785150 3.5685424 1.2979442
v 1.3919501 3.5685424 1.3919894
v -1.7714850 -0.0314576 1.7479442
v -1.8419501 0.0314576 1.7580106
v 1.3080499 3.6314576 1.3080106
v -1.7714850 -0.0314576 1.7479442
v 1.3080499 3.6314576 1.3080106
v 1.3785150 3.5685424 1.2979442
v -1.8419501 0.0314576 1.7580106
v -1.8285150 0.0314576 1.8520558
v 1.3214850 3.6314576 1.4020558
v -1.8419501 0.0314576 1.7580106
v 1.3214850 3.6314576 1.4020558
v 1.3080499 3.6314576 1.3080106
v -1.8285150 0.0314576 1.8520558
v -1.7580499 -0.0314576 1.8419894
v 1.3919501 3.5685424 1.3919894
v -1.8285150 0.0314576 1.8520558
v 1.3919501 3.5685424 1.3919894
v 1.3214850 3.6314576 1.4020558
v 1.7714850 -0.0314576 1.7479442
v 1.7580499 -0.0314576 1.8419894
v -1.3919501 3.5685424 1.3919894
v 1.7714850 -0.0314576 1.7479442
v -1.3919501 3.5685424 1.3919894
v -1.3785150 3.5685424 1.2979442
v 1.7580499 -0.0314576 1.8419894
v 1.8285150 0.0314576 1.8520558
v -1.3214850 3.6314576 1.4020558
v 1.7580499 -0.0314576 1.8419894
v -1.3214850 3.6314576 1.4020558
v -1.3919501 3.5685424 1.3919894
v 1.8285150 0.0314576 1.8520558
v 1.8419501 0.0314576 1.7580106
v -1.3080499 3.6314576 1.3080106
v 1.8285150 0.0314576 1.8520558
v -1.3080499 3.6314576 1.3080106
v -1.3214850 3.6314576 1.4020558
v 1.8419501 0.0314576 1.7580106
v 1.7714850 -0.0314576 1.7479442
v -1.3785150 3.5685424 1.2979442
v 1.8419501 0.0314576 1.7580106
v -1.3785150 3.5685424 1.2979442
v -1.3080499 3.6314576 1.3080106
v 1.7479442 -0.0314576 -1.7714850
v 1.8419894 -0.0314576 -1.7580499
v 1.3919894 3.5685424 1.3919501
v 1.7479442 -0.0314576 -1.7714850
v 1.3919894 3.5685424 1.3919501
v 1.2979442 3.5685424 1.3785150
v 1.8419894 -0.0314576 -1.7580499
v 1.8520558 0.0314576 -1.8285150
v 1.4020558 3.6314576 1.3214850
v 1.8419894 -0.0314576 -1.7580499
v 1.4020558 3.6314576 1.3214850
v 1.3919894 3.5685424 1.3919501
v 1.8520558 0.0314576 -1.8285150
v 1.7580106 0.0314576 -1.8419501
v 1.3080106 3.6314576 1.3080499
v 1.8520558 0.0314576 -1.8285150
v 1.3080106 3.6314576 1.3080499
v 1.4020558 3.6314576 1.3214850
v 1.7580106 0.0314576 -1.8419501
v 1.7479442 -0.0314576 -1.7714850
v 1.2979442 3.5685424 1.3785150
v 1.7580106 0.0314576 -1.8419501
v 1.2979442 3.5685424 1.3785150
v 1.3080106 3.6314576 1.3080499
v 1.8419894 -0.0314576 1.7580499
v 1.7479442 -0.0314576 1.7714850
v 1.2979442 3.5685424 -1.3785150
v 1.8419894 -0.0314576 1.7580499
v 1.2979442 3.5685424 -1.3785150
v 1.3919894 3.5685424 -1.3919501
v 1.7479442 -0.0314576 1.7714850
v 1.7580106 0.0314576 1.8419501
v 1.3080106 3.6314576 -1.3080499
v 1.7479442 -0.0314576 1.7714850
v 1.3080106 3.6314576 -1.3080499
v 1.2979442 3.5685424 -1.3785150
v 1.7580106 0.0314576 1.8419501
v 1.8520558 0.0314576 1.8285150
v 1.4020558 3.6314576 -1.3214850
v 1.7580106 0.0314576 1.8419501
v 1.4020558 3.6314576 -1.3214850
v 1.3080106 3.6314576 -1.3080499
v 1.8520558 0.0314576 1.8285150
v 1.8419894 -0.0314576 1.7580499
v 1.3919894 3.5685424 -1.3919501
v 1.8520558 0.0314576 1.8285150
v 1.3919894 3.5685424 -1.3919501
v 1.4020558 3.6314576 -1.3214850
v -1.3500000 3.5475000 -1.2975000
v -1.3500000 3.5475000 -1.4025000
v 1.3500000 3.5475000 -1.4025000
v -1.3500000 3.5475000 -1.2975000
v 1.3500000 3.5475000 -1.4025000
v 1.3500000 3.5475000 -1.2975000
v -1.3500000 3.5475000 -1.4025000
v -1.3500000 3.6525000 -1.4025000
v 1.3500000 3.6525000 -1.4025000
v -1.3500000 3.5475000 -1.4025000
v 1.3500000 3.6525000 -1.4025000
v 1.3500000 3.5475000 -1.4025000
v -1.3500000 3.6525000 -1.4025000
v -1.3500000 3.6525000 -1.2975000
v 1.3500000 3.6525000 -1.2975000
v -1.3500000 3.6525000 -1.4025000
v 1.3500000 3.6525000 -1.2975000
v 1.3500000 3.6525000 -1.4025000
v -1.3500000 3.6525000 -1.2975000
v -1.3500000 3.5475000 -1.2975000
v 1.3500000 3.5475000 -1.2975000
v -1.3500000 3.6525000 -1.2975000
v 1.3500000 3.5475000 -1.2975000
v 1.3500000 3.6525000 -1.2975000
v -1.4025000 3.5475000 -1.3500000
v -1.2975000 3.5475000 -1.3500000
v -1.2975000 3.5475000 1.3500000
v -1.4025000 3.5475000 -1.3500000
v -1.2975000 3.5475000 1.3500000
v -1.4025000 3.5475000 1.3500000
v -1.2975000 3.5475000 -1.3500000
v -1.2975000 3.6525000 -1.3500000
v -1.2975000 3.6525000 1.3500000
v -1.2975000 3.5475000 -1.3500000
v -1.2975000 3.6525000 1.3500000
v -1.2975000 3.5475000 1.3500000
v -1.2975000 3.6525000 -1.3500000
v -1.4025000 3.6525000 -1.3500000
v -1.4025000 3.6525000 1.3500000
v -1.2975000 3.6525000 -1.3500000
v -1.4025000 3.6525000 1.3500000
v -1.2975000 3.6525000 1.3500000
v -1.4025000 3.6525000 -1.3500000
v -1.4025000 3.5475000 -1.3500000
v -1.4025000 3.5475000 1.3500000
v -1.4025000 3.6525000 -1.3500000
v -1.4025000 3.5475000 1.3500000
v -1.4025000 3.6525000 1.3500000
v -1.3500000 3.5475000 1.4025000
v -1.3500000 3.5475000 1.2975000
v 1.3500000 3.5475000 1.2975000
v -1.3500000 3.5475000 1.4025000
v 1.3500000 3.5475000 1.2975000
v 1.3500000 3.5475000 1.4025000
v -1.3500000 3.5475000 1.2975000
v -1.3500000 3.6525000 1.2975000
v 1.3500000 3.6525000 1.2975000
v -1.3500000 3.5475000 1.2975000
v 1.3500000 3.6525000 1.2975000
v 1.3500000 3.5475000 1.2975000
v -1.3500000 3.6525000 1.2975000
v -1.3500000 3.6525000 1.4025000
v 1.3500000 3.6525000 1.4025000
v -1.3500000 3.6525000 1.2975000
v 1.3500000 3.6525000 1.4025000
v 1.3500000 3.6525000 1.2975000
v -1.3500000 3.6525000 1.4025000
v -1.3500000 3.5475000 1.4025000
v 1.3500000 3.5475000 1.4025000
v -1.3500000 3.6525000 1.4025000
v 1.3500000 3.5475000 1.4025000
v 1.3500000 3.6525000 1.4025000
v 1.2975000 3.5475000 -1.3500000
v 1.4025000 3.5475000 -1.3500000
v 1.4025000 3.5475000 1.3500000
v 1.2975000 3.5475000 -1.3500000
v 1.4025000 3.5475000 1.3500000
v 1.2975000 3.5475000 1.3500000
v 1.4025000 3.5475000 -1.3500000
v 1.4025000 3.6525000 -1.3500000
v 1.4025000 3.6525000 1.3500000
v 1.4025000 3.5475000 -1.3500000
v 1.4025000 3.6525000 1.3500000
v 1.4025000 3.5475000 1.3500000
v 1.4025000 3.6525000 -1.3500000
v 1.2975000 3.6525000 -1.3500000
v 1.2975000 3.6525000 1.3500000
v 1.4025000 3.6525000 -1.3500000
v 1.2975000 3.6525000 1.3500000
v 1.4025000 3.6525000 1.3500000
v 1.2975000 3.6525000 -1.3500000
v 1.2975000 3.5475000 -1.3500000
v 1.2975000 3.5475000 1.3500000
v 1.2975000 3.6525000 -1.3500000
v 1.2975000 3.5475000 1.3500000
v 1.2975000 3.6525000 1.3500000
v -1.4146643 3.6131951 -1.4139876
v -1.4146643 3.5999313 -1.2846661
v -1.0146643 7.4999313 -0.8846661
v -1.4146643 3.6131951 -1.4139876
v -1.0146643 7.4999313 -0.8846661
v -1.0146643 7.5131951 -1.0139876
v -1.4146643 3.5999313 -1.2846661
v -1.2853357 3.5868049 -1.2860124
v -0.8853357 7.4868049 -0.8860124
v -1.4146643 3.5999313 -1.2846661
v -0.8853357 7.4868049 -0.8860124
v -1.0146643 7.4999313 -0.8846661
v -1.2853357 3.5868049 -1.2860124
v -1.2853357 3.6000687 -1.4153339
v -0.8853357 7.5000687 -1.0153339
v -1.2853357 3.5868049 -1.2860124
v -0.8853357 7.5000687 -1.0153339
v -0.8853357 7.4868049 -0.8860124
v -1.2853357 3.6000687 -1.4153339
v -1.4146643 3.6131951 -1.4139876
v -1.0146643 7.5131951 -1.0139876
v -1.2853357 3.6000687 -1.4153339
v -1.0146643 7.5131951 -1.0139876
v -0.8853357 7.5000687 -1.0153339
v -1.4146643 3.5999313 1.2846661
v -1.4146643 3.6131951 1.4139876
v -1.0146643 7.5131951 1.0139876
v -1.4146643 3.5999313 1.2846661
v -1.0146643 7.5131951 1.0139876
v -1.0146643 7.4999313 0.8846661
v -1.4146643 3.6131951 1.4139876
v -1.2853357 3.6000687 1.4153339
v -0.8853357 7.5000687 1.0153339
v -1.4146643 3.6131951 1.4139876
v -0.8853357 7.5000687 1.0153339
v -1.0146643 7.5131951 1.0139876
v -1.2853357 3.6000687 1.4153339
v -1.2853357 3.5868049 1.2860124
v -0.8853357 7.4868049 0.8860124
v -1.2853357 3.6000687 1.4153339
v -0.8853357 7.4868049 0.8860124
v -0.8853357 7.5000687 1.0153339
v -1.2853357 3.5868049 1.2860124
v -1.4146643 3.5999313 1.2846661
v -1.0146643 7.4999313 0.8846661
v -1.2853357 3.5868049 1.2860124
v -1.0146643 7.4999313 0.8846661
v -0.8853357 7.4868049 0.8860124
v 1.2853357 3.6000687 -1.4153339
v 1.2853357 3.5868049 -1.2860124
v 0.8853357 7.4868049 -0.8860124
v 1.2853357 3.6000687 -1.4153339
v 0.8853357 7.4868049 -0.8860124
v 0.8853357 7.5000687 -1.0153339
v 1.2853357 3.5868049 -1.2860124
v 1.4146643 3.5999313 -1.2846661
v 1.0146643 7.4999313 -0.8846661
v 1.2853357 3.5868049 -1.2860124
v 1.0146643 7.4999313 -0.8846661
v 0.8853357 7.4868049 -0.8860124
v 1.4146643 3.5999313 -1.2846661
v 1.4146643 3.6131951 -1.4139876
v 1.0146643 7.5131951 -1.0139876
v 1.4146643 3.5999313 -1.2846661
v 1.0146643 7.5131951 -1.0139876
v 1.0146643 7.4999313 -0.8846661
v 1.4146643 3.6131951 -1.4139876
v 1.2853357 3.6000687 -1.4153339
v 0.8853357 7.5000687 -1.0153339
v 1.4146643 3.6131951 -1.4139876
v 0.8853357 7.5000687 -1.0153339
v 1.0146643 7.5131951 -1.0139876
v 1.2853357 3.5868049 1.2860124
v 1.2853357 3.6000687 1.4153339
v 0.8853357 7.5000687 1.0153339
v 1.2853357 3.5868049 1.2860124
v 0.8853357 7.5000687 1.0153339
v 0.8853357 7.4868049 0.8860124
v 1.2853357 3.6000687 1.4153339
v 1.4146643 3.6131951 1.4139876
v 1.0146643 7.5131951 1.0139876
v 1.2853357 3.6000687 1.4153339
v 1.0146643 7.5131951 1.0139876
v 0.8853357 7.5000687 1.0153339
v 1.4146643 3.6131951 1.4139876
v 1.4146643 3.5999313 1.2846661
v 1.0146643 7.4999313 0.8846661
v 1.4146643 3.6131951 1.4139876
v 1.0146643 7.4999313 0.8846661
v 1.0146643 7.5131951 1.0139876
v 1.4146643 3.5999313 1.2846661
v 1.2853357 3.5868049 1.2860124
v 0.8853357 7.4868049 0.8860124
v 1.4146643 3.5999313 1.2846661
v 0.8853357 7.4868049 0.8860124
v 1.0146643 7.4999313 0.8846661
v -1.3179853 3.5756035 -1.2962192
v -1.3017079 3.5756035 -1.3898144
v 0.9982921 7.4756035 -0.9898144
v -1.3179853 3.5756035 -1.2962192
v 0.9982921 7.4756035 -0.9898144
v 0.9820147 7.4756035 -0.8962192
v -1.3017079 3.5756035 -1.3898144
v -1.3820147 3.6243965 -1.4037808
v 0.9179853 7.5243965 -1.0037808
v -1.3017079 3.5756035 -1.3898144
v 0.9179853 7.5243965 -1.0037808
v 0.9982921 7.4756035 -0.9898144
v -1.3820147 3.6243965 -1.4037808
v -1.3982921 3.6243965 -1.3101856
v 0.9017079 7.5243965 -0.9101856
v -1.3820147 3.6243965 -1.4037808
v 0.9017079 7.5243965 -0.9101856
v 0.9179853 7.5243965 -1.0037808
v -1.3982921 3.6243965 -1.3101856
v -1.3179853 3.5756035 -1.2962192
v 0.9820147 7.4756035 -0.8962192
v -1.3982921 3.6243965 -1.3101856
v 0.9820147 7.4756035 -0.8962192
v 0.9017079 7.5243965 -0.9101856
v 1.3017079 3.5756035 -1.3898144
v 1.3179853 3.5756035 -1.2962192
v -0.9820147 7.4756035 -0.8962192
v 1.3017079 3.5756035 -1.3898144
v -0.9820147 7.4756035 -0.8962192
v -0.9982921 7.4756035 -0.9898144
v 1.3179853 3.5756035 -1.2962192
v 1.3982921 3.6243965 -1.3101856
v -0.9017079 7.5243965 -0.9101856
v 1.3179853 3.5756035 -1.2962192
v -0.9017079 7.5243965 -0.9101856
v -0.9820147 7.4756035 -0.8962192
v 1.3982921 3.6243965 -1.3101856
v 1.3820147 3.6243965 -1.4037808
v -0.9179853 7.5243965 -1.0037808
v 1.3982921 3.6243965 -1.3101856
v -0.9179853 7.5243965 -1.0037808
v -0.9017079 7.5243965 -0.9101856
v 1.3820147 3.6243965 -1.4037808
v 1.3017079 3.5756035 -1.3898144
v -0.9982921 7.4756035 -0.9898144
v 1.3820147 3.6243965 -1.4037808
v -0.9982921 7.4756035 -0.9898144
v -0.9179853 7.5243965 -1.0037808
v -1.3898144 3.5756035 -1.3017079
v -1.2962192 3.5756035 -1.3179853
v -0.8962192 7.4756035 0.9820147
v -1.3898144 3.5756035 -1.3017079
v -0.8962192 7.4756035 0.9820147
v -0.9898144 7.4756035 0.9982921
v -1.2962192 3.5756035 -1.3179853
v -1.3101856 3.6243965 -1.3982921
v -0.9101856 7.5243965 0.9017079
v -1.2962192 3.5756035 -1.3179853
v -0.9101856 7.5243965 0.9017079
v -0.8962192 7.4756035 0.9820147
v -1.3101856 3.6243965 -1.3982921
v -1.4037808 3.6243965 -1.3820147
v -1.0037808 7.5243965 0.9179853
v -1.3101856 3.6243965 -1.3982921
v -1.0037808 7.5243965 0.9179853
v -0.9101856 7.5243965 0.9017079
v -1.4037808 3.6243965 -1.3820147
v -1.3898144 3.5756035 -1.3017079
v -0.9898144 7.4756035 0.9982921
v -1.4037808 3.6243965 -1.3820147
v -0.9898144 7.4756035 0.9982921
v -1.0037808 7.5243965 0.9179853
v -1.2962192 3.5756035 1.3179853
v -1.3898144 3.5756035 1.3017079
v -0.9898144 7.4756035 -0.9982921
v -1.2962192 3.5756035 1.3179853
v -0.9898144 7.4756035 -0.9982921
v -0.8962192 7.4756035 -0.9820147
v -1.3898144 3.5756035 1.3017079
v -1.4037808 3.6243965 1.3820147
v -1.0037808 7.5243965 -0.9179853
v -1.3898144 3.5756035 1.3017079
v -1.0037808 7.5243965 -0.9179853
v -0.9898144 7.4756035 -0.9982921
v -1.4037808 3.6243965 1.3820147
v -1.3101856 3.6243965 1.3982921
v -0.9101856 7.5243965 -0.9017079
v -1.4037808 3.6243965 1.3820147
v -0.9101856 7.5243965 -0.9017079
v -1.0037808 7.5243965 -0.9179853
v -1.3101856 3.6243965 1.3982921
v -1.2962192 3.5756035 1.3179853
v -0.8962192 7.4756035 -0.9820147
v -1.3101856 3.6243965 1.3982921
v -0.8962192 7.4756035 -0.9820147
v -0.9101856 7.5243965 -0.9017079
v -1.3017079 3.5756035 1.3898144
v -1.3179853 3.5756035 1.2962192
v 0.9820147 7.4756035 0.8962192
v -1.3017079 3.5756035 1.3898144
v 0.9820147 7.4756035 0.8962192
v 0.9982921 7.4756035 0.9898144
v -1.3179853 3.5756035 1.2962192
v -1.3982921 3.6243965 1.3101856
v 0.9017079 7.5243965 0.9101856
v -1.3179853 3.5756035 1.2962192
v 0.9017079 7.5243965 0.9101856
v 0.9820147 7.4756035 0.8962192
v -1.3982921 3.6243965 1.3101856
v -1.3820147 3.6243965 1.4037808
v 0.9179853 7.5243965 1.0037808
v -1.3982921 3.6243965 1.3101856
v 0.9179853 7.5243965 1.0037808
v 0.9017079 7.5243965 0.9101856
v -1.3820147 3.6243965 1.4037808
v -1.3017079 3.5756035 1.3898144
v 0.9982921 7.4756035 0.9898144
v -1.3820147 3.6243965 1.4037808
v 0.9982921 7.4756035 0.9898144
v 0.9179853 7.5243965 1.0037808
v 1.3179853 3.5756035 1.2962192
v 1.3017079 3.5756035 1.3898144
v -0.9982921 7.4756035 0.9898144
v 1.3179853 3.5756035 1.2962192
v -0.9982921 7.4756035 0.9898144
v -0.9820147 7.4756035 0.8962192
v 1.3017079 3.5756035 1.3898144
v 1.3820147 3.6243965 1.4037808
v -0.9179853 7.5243965 1.0037808
v 1.3017079 3.5756035 1.3898144
v -0.9179853 7.5243965 1.0037808
v -0.9982921 7.4756035 0.9898144
v 1.3820147 3.6243965 1.4037808
v 1.3982921 3.6243965 1.3101856
v -0.9017079 7.5243965 0.9101856
v 1.3820147 3.6243965 1.4037808
v -0.9017079 7.5243965 0.9101856
v -0.9179853 7.5243965 1.0037808
v 1.3982921 3.6243965 1.3101856
v 1.3179853 3.5756035 1.2962192
v -0.9820147 7.4756035 0.8962192
v 1.3982921 3.6243965 1.3101856
v -0.9820147 7.4756035 0.8962192
v -0.9017079 7.5243965 0.9101856
v 1.2962192 3.5756035 -1.3179853
v 1.3898144 3.5756035 -1.3017079
v 0.9898144 7.4756035 0.9982921
v 1.2962192 3.5756035 -1.3179853
v 0.9898144 7.4756035 0.9982921
v 0.8962192 7.4756035 0.9820147
v 1.3898144 3.5756035 -1.3017079
v 1.4037808 3.6243965 -1.3820147
v 1.0037808 7.5243965 0.9179853
v 1.3898144 3.5756035 -1.3017079
v 1.0037808 7.5243965 0.9179853
v 0.9898144 7.4756035 0.9982921
v 1.4037808 3.6243965 -1.3820147
v 1.3101856 3.6243965 -1.3982921
v 0.9101856 7.5243965 0.9017079
v 1.4037808 3.6243965 -1.3820147
v 0.9101856 7.5243965 0.9017079
v 1.0037808 7.5243965 0.9179853
v 1.3101856 3.6243965 -1.3982921
v 1.2962192 3.5756035 -1.3179853
v 0.8962192 7.4756035 0.9820147
v 1.3101856 3.6243965 -1.3982921
v 0.8962192 7.4756035 0.9820147
v 0.9101856 7.5243965 0.9017079
v 1.3898144 3.5756035 1.3017079
v 1.2962192 3.5756035 1.3179853
v 0.8962192 7.4756035 -0.9820147
v 1.3898144 3.5756035 1.3017079
v 0.8962192 7.4756035 -0.9820147
v 0.9898144 7.4756035 -0.9982921
v 1.2962192 3.5756035 1.3179853
v 1.3101856 3.6243965 1.3982921
v 0.9101856 7.5243965 -0.9017079
v 1.2962192 3.5756035 1.3179853
v 0.9101856 7.5243965 -0.9017079
v 0.8962192 7.4756035 -0.9820147
v 1.3101856 3.6243965 1.3982921
v 1.4037808 3.6243965 1.3820147
v 1.0037808 7.5243965 -0.9179853
v 1.3101856 3.6243965 1.3982921
v 1.0037808 7.5243965 -0.9179853
v 0.9101856 7.5243965 -0.9017079
v 1.4037808 3.6243965 1.3820147
v 1.3898144 3.5756035 1.3017079
v 0.9898144 7.4756035 -0.9982921
v 1.4037808 3.6243965 1.3820147
v 0.9898144 7.4756035 -0.9982921
v 1.0037808 7.5243965 -0.9179853
v -0.9500000 7.4475000 -0.8975000
v -0.9500000 7.4475000 -1.0025000
v 0.9500000 7.4475000 -1.0025000
v -0.9500000 7.4475000 -0.8975000
v 0.9500000 7.4475000 -1.0025000
v 0.9500000 7.4475000 -0.8975000
v -0.9500000 7.4475000 -1.0025000
v -0.9500000 7.5525000 -1.0025000
v 0.9500000 7.5525000 -1.0025000
v -0.9500000 7.4475000 -1.0025000
v 0.9500000 7.5525000 -1.0025000
v 0.9500000 7.4475000 -1.0025000
v -0.9500000 7.5525000 -1.0025000
v -0.9500000 7.5525000 -0.8975000
v 0.9500000 7.5525000 -0.8975000
v -0.9500000 7.5525000 -1.0025000
v 0.9500000 7.5525000 -0.8975000
v 0.9500000 7.5525000 -1.0025000
v -0.9500000 7.5525000 -0.8975000
v -0.9500000 7.4475000 -0.8975000
v 0.9500000 7.4475000 -0.8975000
v -0.9500000 7.5525000 -0.8975000
v 0.9500000 7.4475000 -0.8975000
v 0.9500000 7.5525000 -0.8975000
v -1.0025000 7.4475000 -0.9500000
v -0.8975000 7.4475000 -0.9500000
v -0.8975000 7.4475000 0.9500000
v -1.0025000 7.4475000 -0.9500000
v -0.8975000 7.4475000 0.9500000
v -1.0025000 7.4475000 0.9500000
v -0.8975000 7.4475000 -0.9500000
v -0.8975000 7.5525000 -0.9500000
v -0.8975000 7.5525000 0.9500000
v -0.8975000 7.4475000 -0.9500000
v -0.8975000 7.5525000 0.9500000
v -0.8975000 7.4475000 0.9500000
v -0.8975000 7.5525000 -0.9500000
v -1.0025000 7.5525000 -0.9500000
v -1.0025000 7.5525000 0.9500000
v -0.8975000 7.5525000 -0.9500000
v -1.0025000 7.5525000 0.9500000
v -0.8975000 7.5525000 0.9500000
v -1.0025000 7.5525000 -0.9500000
v -1.0025000 7.4475000 -0.9500000
v -1.0025000 7.4475000 0.9500000
v -1.0025000 7.5525000 -0.9500000
v -1.0025000 7.4475000 0.9500000
v -1.0025000 7.5525000 0.9500000
v -0.9500000 7.4475000 1.0025000
v -0.9500000 7.4475000 0.8975000
v 0.9500000 7.4475000 0.8975000
v -0.9500000 7.4475000 1.0025000
v 0.9500000 7.4475000 0.8975000
v 0.9500000 7.4475000 1.0025000
v -0.9500000 7.4475000 0.8975000
v -0.9500000 7.5525000 0.8975000
v 0.9500000 7.5525000 0.8975000
v -0.9500000 7.4475000 0.8975000
v 0.9500000 7.5525000 0.8975000
v 0.9500000 7.4475000 0.8975000
v -0.9500000 7.5525000 0.8975000
v -0.9500000 7.5525000 1.0025000
v 0.9500000 7.5525000 1.0025000
v -0.9500000 7.5525000 0.8975000
v 0.9500000 7.5525000 1.0025000
v 0.9500000 7.5525000 0.8975000
v -0.9500000 7.5525000 1.0025000
v -0.9500000 7.4475000 1.0025000
v 0.9500000 7.4475000 1.0025000
v -0.9500000 7.5525000 1.0025000
v 0.9500000 7.4475000 1.0025000
v 0.9500000 7.5525000 1.0025000
v 0.8975000 7.4475000 -0.9500000
v 1.0025000 7.4475000 -0.9500000
v 1.0025000 7.4475000 0.9500000
v 0.8975000 7.4475000 -0.9500000
v 1.0025000 7.4475000 0.9500000
v 0.8975000 7.4475000 0.9500000
v 1.0025000 7.4475000 -0.9500000
v 1.0025000 7.5525000 -0.9500000
v 1.0025000 7.5525000 0.9500000
v 1.0025000 7.4475000 -0.9500000
v 1.0025000 7.5525000 0.9500000
v 1.0025000 7.4475000 0.9500000
v 1.0025000 7.5525000 -0.9500000
v 0.8975000 7.5525000 -0.9500000
v 0.8975000 7.5525000 0.9500000
v 1.0025000 7.5525000 -0.9500000
v 0.8975000 7.5525000 0.9500000
v 1.0025000 7.5525000 0.9500000
v 0.8975000 7.5525000 -0.9500000
v 0.8975000 7.4475000 -0.9500000
v 0.8975000 7.4475000 0.9500000
v 0.8975000 7.5525000 -0.9500000
v 0.8975000 7.4475000 0.9500000
v 0.8975000 7.5525000 0.9500000
v -1.0145269 7.5156563 -1.0135701
v -1.0145269 7.4998848 -0.8845304
v -0.6845269 10.1998848 -0.5545304
v -1.0145269 7.5156563 -1.0135701
v -0.6845269 10.1998848 -0.5545304
v -0.6845269 10.2156563 -0.6835701
v -1.0145269 7.4998848 -0.8845304
v -0.8854731 7.4843437 -0.8864299
v -0.5554731 10.1843437 -0.5564299
v -1.0145269 7.4998848 -0.8845304
v -0.5554731 10.1843437 -0.5564299
v -0.6845269 10.1998848 -0.5545304
v -0.8854731 7.4843437 -0.8864299
v -0.8854731 7.5001152 -1.0154696
v -0.5554731 10.2001152 -0.6854696
v -0.8854731 7.4843437 -0.8864299
v -0.5554731 10.2001152 -0.6854696
v -0.5554731 10.1843437 -0.5564299
v -0.8854731 7.5001152 -1.0154696
v -1.0145269 7.5156563 -1.0135701
v -0.6845269 10.2156563 -0.6835701
v -0.8854731 7.5001152 -1.0154696
v -0.6845269 10.2156563 -0.6835701
v -0.5554731 10.2001152 -0.6854696
v -1.0145269 7.4998848 0.8845304
v -1.0145269 7.5156563 1.0135701
v -0.6845269 10.2156563 0.6835701
v -1.0145269 7.4998848 0.8845304
v -0.6845269 10.2156563 0.6835701
v -0.6845269 10.1998848 0.5545304
v -1.0145269 7.5156563 1.0135701
v -0.8854731 7.5001152 1.0154696
v -0.5554731 10.2001152 0.6854696
v -1.0145269 7.5156563 1.0135701
v -0.5554731 10.2001152 0.6854696
v -0.6845269 10.2156563 0.6835701
v -0.8854731 7.5001152 1.0154696
v -0.8854731 7.4843437 0.8864299
v -0.5554731 10.1843437 0.5564299
v -0.8854731 7.5001152 1.0154696
v -0.5554731 10.1843437 0.5564299
v -0.5554731 10.2001152 0.6854696
v -0.8854731 7.4843437 0.8864299
v -1.0145269 7.4998848 0.8845304
v -0.6845269 10.1998848 0.5545304
v -0.8854731 7.4843437 0.8864299
v -0.6845269 10.1998848 0.5545304
v -0.5554731 10.1843437 0.5564299
v 0.8854731 7.5001152 -1.0154696
v 0.8854731 7.4843437 -0.8864299
v 0.5554731 10.1843437 -0.5564299
v 0.8854731 7.5001152 -1.0154696
v 0.5554731 10.1843437 -0.5564299
v 0.5554731 10.2001152 -0.6854696
v 0.8854731 7.4843437 -0.8864299
v 1.0145269 7.4998848 -0.8845304
v 0.6845269 10.1998848 -0.5545304
v 0.8854731 7.4843437 -0.8864299
v 0.6845269 10.1998848 -0.5545304
v 0.5554731 10.1843437 -0.5564299
v 1.0145269 7.4998848 -0.8845304
v 1.0145269 7.5156563 -1.0135701
v 0.6845269 10.2156563 -0.6835701
v 1.0145269 7.4998848 -0.8845304
v 0.6845269 10.2156563 -0.6835701
v 0.6845269 10.1998848 -0.5545304
v 1.0145269 7.5156563 -1.0135701
v 0.8854731 7.5001152 -1.0154696
v 0.5554731 10.2001152 -0.6854696
v 1.0145269 7.5156563 -1.0135701
v 0.5554731 10.2001152 -0.6854696
v 0.6845269 10.2156563 -0.6835701
v 0.8854731 7.4843437 0.8864299
v 0.8854731 7.5001152 1.0154696
v 0.5554731 10.2001152 0.6854696
v 0.8854731 7.4843437 0.8864299
v 0.5554731 10.2001152 0.6854696
v 0.5554731 10.1843437 0.5564299
v 0.8854731 7.5001152 1.0154696
v 1.0145269 7.5156563 1.0135701
v 0.6845269 10.2156563 0.6835701
v 0.8854731 7.5001152 1.0154696
v 0.6845269 10.2156563 0.6835701
v 0.5554731 10.2001152 0.6854696
v 1.0145269 7.5156563 1.0135701
v 1.0145269 7.4998848 0.8845304
v 0.6845269 10.1998848 0.5545304
v 1.0145269 7.5156563 1.0135701
v 0.6845269 10.1998848 0.5545304
v 0.6845269 10.2156563 0.6835701
v 1.0145269 7.4998848 0.8845304
v 0.8854731 7.4843437 0.8864299
v 0.5554731 10.1843437 0.5564299
v 1.0145269 7.4998848 0.8845304
v 0.5554731 10.1843437 0.5564299
v 0.6845269 10.1998848 0.5545304
v -0.9198085 7.4757362 -0.8951161
v -0.9002674 7.4757362 -0.9880846
v 0.6697326 10.1757362 -0.6580846
v -0.9198085 7.4757362 -0.8951161
v 0.6697326 10.1757362 -0.6580846
v 0.6501915 10.1757362 -0.5651161
v -0.9002674 7.4757362 -0.9880846
v -0.9801915 7.5242638 -1.0048839
v 0.5898085 10.2242638 -0.6748839
v -0.9002674 7.4757362 -0.9880846
v 0.5898085 10.2242638 -0.6748839
v 0.6697326 10.1757362 -0.6580846
v -0.9801915 7.5242638 -1.0048839
v -0.9997326 7.5242638 -0.9119154
v 0.5702674 10.2242638 -0.5819154
v -0.9801915 7.5242638 -1.0048839
v 0.5702674 10.2242638 -0.5819154
v 0.5898085 10.2242638 -0.6748839
v -0.9997326 7.5242638 -0.9119154
v -0.9198085 7.4757362 -0.8951161
v 0.6501915 10.1757362 -0.5651161
v -0.9997326 7.5242638 -0.9119154
v 0.6501915 10.1757362 -0.5651161
v 0.5702674 10.2242638 -0.5819154
v 0.9002674 7.4757362 -0.9880846
v 0.9198085 7.4757362 -0.8951161
v -0.6501915 10.1757362 -0.5651161
v 0.9002674 7.4757362 -0.9880846
v -0.6501915 10.1757362 -0.5651161
v -0.6697326 10.1757362 -0.6580846
v 0.9198085 7.4757362 -0.8951161
v 0.9997326 7.5242638 -0.9119154
v -0.5702674 10.2242638 -0.5819154
v 0.9198085 7.4757362 -0.8951161
v -0.5702674 10.2242638 -0.5819154
v -0.6501915 10.1757362 -0.5651161
v 0.9997326 7.5242638 -0.9119154
v 0.9801915 7.5242638 -1.0048839
v -0.5898085 10.2242638 -0.6748839
v 0.9997326 7.5242638 -0.9119154
v -0.5898085 10.2242638 -0.6748839
v -0.5702674 10.2242638 -0.5819154
v 0.9801915 7.5242638 -1.0048839
v 0.9002674 7.4757362 -0.9880846
v -0.6697326 10.1757362 -0.6580846
v 0.9801915 7.5242638 -1.0048839
v -0.6697326 10.1757362 -0.6580846
v -0.5898085 10.2242638 -0.6748839
v -0.9880846 7.4757362 -0.9002674
v -0.8951161 7.4757362 -0.9198085
v -0.5651161 10.1757362 0.6501915
v -0.9880846 7.4757362 -0.9002674
v -0.5651161 10.1757362 0.6501915
v -0.6580846 10.1757362 0.6697326
v -0.8951161 7.4757362 -0.9198085
v -0.9119154 7.5242638 -0.9997326
v -0.5819154 10.2242638 0.5702674
v -0.8951161 7.4757362 -0.9198085
v -0.5819154 10.2242638 0.5702674
v -0.5651161 10.1757362 0.6501915
v -0.9119154 7.5242638 -0.9997326
v -1.0048839 7.5242638 -0.9801915
v -0.6748839 10.2242638 0.5898085
v -0.9119154 7.5242638 -0.9997326
v -0.6748839 10.2242638 0.5898085
v -0.5819154 10.2242638 0.5702674
v -1.0048839 7.5242638 -0.9801915
v -0.9880846 7.4757362 -0.9002674
v -0.6580846 10.1757362 0.6697326
v -1.0048839 7.5242638 -0.9801915
v -0.6580846 10.1757362 0.6697326
v -0.6748839 10.2242638 0.5898085
v -0.8951161 7.4757362 0.9198085
v -0.9880846 7.4757362 0.9002674
v -0.6580846 10.1757362 -0.6697326
v -0.8951161 7.4757362 0.9198085
v -0.6580846 10.1757362 -0.6697326
v -0.5651161 10.1757362 -0.6501915
v -0.9880846 7.4757362 0.9002674
v -1.0048839 7.5242638 0.9801915
v -0.6748839 10.2242638 -0.5898085
v -0.9880846 7.4757362 0.9002674
v -0.6748839 10.2242638 -0.5898085
v -0.6580846 10.1757362 -0.6697326
v -1.0048839 7.5242638 0.9801915
v -0.9119154 7.5242638 0.9997326
v -0.5819154 10.2242638 -0.5702674
v -1.0048839 7.5242638 0.9801915
v -0.5819154 10.2242638 -0.5702674
v -0.6748839 10.2242638 -0.5898085
v -0.9119154 7.5242638 0.9997326
v -0.8951161 7.4757362 0.9198085
v -0.5651161 10.1757362 -0.6501915
v -0.9119154 7.5242638 0.9997326
v -0.5651161 10.1757362 -0.6501915
v -0.5819154 10.2242638 -0.5702674
v -0.9002674 7.4757362 0.9880846
v -0.9198085 7.4757362 0.8951161
v 0.6501915 10.1757362 0.5651161
v -0.9002674 7.4757362 0.9880846
v 0.6501915 10.1757362 0.5651161
v 0.6697326 10.1757362 0.6580846
v -0.9198085 7.4757362 0.8951161
v -0.9997326 7.5242638 0.9119154
v 0.5702674 10.2242638 0.5819154
v -0.9198085 7.4757362 0.8951161
v 0.5702674 10.2242638 0.5819154
v 0.6501915 10.1757362 0.5651161
v -0.9997326 7.5242638 0.9119154
v -0.9801915 7.5242638 1.0048839
v 0.5898085 10.2242638 0.6748839
v -0.9997326 7.5242638 0.9119154
v 0.5898085 10.2242638 0.6748839
v 0.5702674 10.2242638 0.5819154
v -0.9801915 7.5242638 1.0048839
v -0.9002674 7.4757362 0.9880846
v 0.6697326 10.1757362 0.6580846
v -0.9801915 7.5242638 1.0048839
v 0.6697326 10.1757362 0.6580846
v 0.5898085 10.2242638 0.6748839
v 0.9198085 7.4757362 0.8951161
v 0.9002674 7.4757362 0.9880846
v -0.6697326 10.1757362 0.6580846
v 0.9198085 7.4757362 0.8951161
v -0.6697326 10.1757362 0.6580846
v -0.6501915 10.1757362 0.5651161
v 0.9002674 7.4757362 0.9880846
v 0.9801915 7.5242638 1.0048839
v -0.5898085 10.2242638 0.6748839
v 0.9002674 7.4757362 0.9880846
v -0.5898085 10.2242638 0.6748839
v -0.6697326 10.1757362 0.6580846
v 0.9801915 7.5242638 1.0048839
v 0.9997326 7.5242638 0.9119154
v -0.5702674 10.2242638 0.5819154
v 0.9801915 7.5242638 1.0048839
v -0.5702674 10.2242638 0.5819154
v -0.5898085 10.2242638 0.6748839
v 0.9997326 7.5242638 0.9119154
v 0.9198085 7.4757362 0.8951161
v -0.6501915 10.1757362 0.5651161
v 0.9997326 7.5242638 0.9119154
v -0.6501915 10.1757362 0.5651161
v -0.5702674 10.2242638 0.5819154
v 0.8951161 7.4757362 -0.9198085
v 0.9880846 7.4757362 -0.9002674
v 0.6580846 10.1757362 0.6697326
v 0.8951161 7.4757362 -0.9198085
v 0.6580846 10.1757362 0.6697326
v 0.5651161 10.1757362 0.6501915
v 0.9880846 7.4757362 -0.9002674
v 1.0048839 7.5242638 -0.9801915
v 0.6748839 10.2242638 0.5898085
v 0.9880846 7.4757362 -0.9002674
v 0.6748839 10.2242638 0.5898085
v 0.6580846 10.1757362 0.6697326
v 1.0048839 7.5242638 -0.9801915
v 0.9119154 7.5242638 -0.9997326
v 0.5819154 10.2242638 0.5702674
v 1.0048839 7.5242638 -0.9801915
v 0.5819154 10.2242638 0.5702674
v 0.6748839 10.2242638 0.5898085
v 0.9119154 7.5242638 -0.9997326
v 0.8951161 7.4757362 -0.9198085
v 0.5651161 10.1757362 0.6501915
v 0.9119154 7.5242638 -0.9997326
v 0.5651161 10.1757362 0.6501915
v 0.5819154 10.2242638 0.5702674
v 0.9880846 7.4757362 0.9002674
v 0.8951161 7.4757362 0.9198085
v 0.5651161 10.1757362 -0.6501915
v 0.9880846 7.4757362 0.9002674
v 0.5651161 10.1757362 -0.6501915
v 0.6580846 10.1757362 -0.6697326
v 0.8951161 7.4757362 0.9198085
v 0.9119154 7.5242638 0.9997326
v 0.5819154 10.2242638 -0.5702674
v 0.8951161 7.4757362 0.9198085
v 0.5819154 10.2242638 -0.5702674
v 0.5651161 10.1757362 -0.6501915
v 0.9119154 7.5242638 0.9997326
v 1.0048839 7.5242638 0.9801915
v 0.6748839 10.2242638 -0.5898085
v 0.9119154 7.5242638 0.9997326
v 0.6748839 10.2242638 -0.5898085
v 0.5819154 10.2242638 -0.5702674
v 1.0048839 7.5242638 0.9801915
v 0.9880846 7.4757362 0.9002674
v 0.6580846 10.1757362 -0.6697326
v 1.0048839 7.5242638 0.9801915
v 0.6580846 10.1757362 -0.6697326
v 0.6748839 10.2242638 -0.5898085
v -0.6200000 10.1475000 -0.5675000
v -0.6200000 10.1475000 -0.6725000
v 0.6200000 10.1475000 -0.6725000
v -0.6200000 10.1475000 -0.5675000
v 0.6200000 10.1475000 -0.6725000
v 0.6200000 10.1475000 -0.5675000
v -0.6200000 10.1475000 -0.6725000
v -0.6200000 10.2525000 -0.6725000
v 0.6200000 10.2525000 -0.6725000
v -0.6200000 10.1475000 -0.6725000
v 0.6200000 10.2525000 -0.6725000
v 0.6200000 10.1475000 -0.6725000
v -0.6200000 10.2525000 -0.6725000
v -0.6200000 10.2525000 -0.5675000
v 0.6200000 10.2525000 -0.5675000
v -0.6200000 10.2525000 -0.6725000
v 0.6200000 10.2525000 -0.5675000
v 0.6200000 10.2525000 -0.6725000
v -0.6200000 10.2525000 -0.5675000
v -0.6200000 10.1475000 -0.5675000
v 0.6200000 10.1475000 -0.5675000
v -0.6200000 10.2525000 -0.5675000
v 0.6200000 10.1475000 -0.5675000
v 0.6200000 10.2525000 -0.5675000
v -0.6725000 10.1475000 -0.6200000
v -0.5675000 10.1475000 -0.6200000
v -0.5675000 10.1475000 0.6200000
v -0.6725000 10.1475000 -0.6200000
v -0.5675000 10.1475000 0.6200000
v -0.6725000 10.1475000 0.6200000
v -0.5675000 10.1475000 -0.6200000
v -0.5675000 10.2525000 -0.6200000
v -0.5675000 10.2525000 0.6200000
v -0.5675000 10.1475000 -0.6200000
v -0.5675000 10.2525000 0.6200000
v -0.5675000 10.1475000 0.6200000
v -0.5675000 10.2525000 -0.6200000
v -0.6725000 10.2525000 -0.6200000
v -0.6725000 10.2525000 0.6200000
v -0.5675000 10.2525000 -0.6200000
v -0.6725000 10.2525000 0.6200000
v -0.5675000 10.2525000 0.6200000
v -0.6725000 10.2525000 -0.6200000
v -0.6725000 10.1475000 -0.6200000
v -0.6725000 10.1475000 0.6200000
v -0.6725000 10.2525000 -0.6200000
v -0.6725000 10.1475000 0.6200000
v -0.6725000 10.2525000 0.6200000
v -0.6200000 10.1475000 0.6725000
v -0.6200000 10.1475000 0.5675000
v 0.6200000 10.1475000 0.5675000
v -0.6200000 10.1475000 0.6725000
v 0.6200000 10.1475000 0.5675000
v 0.6200000 10.1475000 0.6725000
v -0.6200000 10.1475000 0.5675000
v -0.6200000 10.2525000 0.5675000
v 0.6200000 10.2525000 0.5675000
v -0.6200000 10.1475000 0.5675000
v 0.6200000 10.2525000 0.5675000
v 0.6200000 10.1475000 0.5675000
v -0.6200000 10.2525000 0.5675000
v -0.6200000 10.2525000 0.6725000
v 0.6200000 10.2525000 0.6725000
v -0.6200000 10.2525000 0.5675000
v 0.6200000 10.2525000 0.6725000
v 0.6200000 10.2525000 0.5675000
v -0.6200000 10.2525000 0.6725000
v -0.6200000 10.1475000 0.6725000
v 0.6200000 10.1475000 0.6725000
v -0.6200000 10.2525000 0.6725000
v 0.6200000 10.1475000 0.6725000
v 0.6200000 10.2525000 0.6725000
v 0.5675000 10.1475000 -0.6200000
v 0.6725000 10.1475000 -0.6200000
v 0.6725000 10.1475000 0.6200000
v 0.5675000 10.1475000 -0.6200000
v 0.6725000 10.1475000 0.6200000
v 0.5675000 10.1475000 0.6200000
v 0.6725000 10.1475000 -0.6200000
v 0.6725000 10.2525000 -0.6200000
v 0.6725000 10.2525000 0.6200000
v 0.6725000 10.1475000 -0.6200000
v 0.6725000 10.2525000 0.6200000
v 0.6725000 10.1475000 0.6200000
v 0.6725000 10.2525000 -0.6200000
v 0.5675000 10.2525000 -0.6200000
v 0.5675000 10.2525000 0.6200000
v 0.6725000 10.2525000 -0.6200000
v 0.5675000 10.2525000 0.6200000
v 0.6725000 10.2525000 0.6200000
v 0.5675000 10.2525000 -0.6200000
v 0.5675000 10.1475000 -0.6200000
v 0.5675000 10.1475000 0.6200000
v 0.5675000 10.2525000 -0.6200000
v 0.5675000 10.1475000 0.6200000
v 0.5675000 10.2525000 0.6200000
v -0.6848810 10.2078639 -0.6846422
v -0.6848810 10.1999856 -0.5548812
v -0.5148810 12.9999856 -0.3848812
v -0.6848810 10.2078639 -0.6846422
v -0.5148810 12.9999856 -0.3848812
v -0.5148810 13.0078639 -0.5146422
v -0.6848810 10.1999856 -0.5548812
v -0.5551190 10.1921361 -0.5553578
v -0.3851190 12.9921361 -0.3853578
v -0.6848810 10.1999856 -0.5548812
v -0.3851190 12.9921361 -0.3853578
v -0.5148810 12.9999856 -0.3848812
v -0.5551190 10.1921361 -0.5553578
v -0.5551190 10.2000144 -0.6851188
v -0.3851190 13.0000144 -0.5151188
v -0.5551190 10.1921361 -0.5553578
v -0.3851190 13.0000144 -0.5151188
v -0.3851190 12.9921361 -0.3853578
v -0.5551190 10.2000144 -0.6851188
v -0.6848810 10.2078639 -0.6846422
v -0.5148810 13.0078639 -0.5146422
v -0.5551190 10.2000144 -0.6851188
v -0.5148810 13.0078639 -0.5146422
v -0.3851190 13.0000144 -0.5151188
v -0.6848810 10.1999856 0.5548812
v -0.6848810 10.2078639 0.6846422
v -0.5148810 13.0078639 0.5146422
v -0.6848810 10.1999856 0.5548812
v -0.5148810 13.0078639 0.5146422
v -0.5148810 12.9999856 0.3848812
v -0.6848810 10.2078639 0.6846422
v -0.5551190 10.2000144 0.6851188
v -0.3851190 13.0000144 0.5151188
v -0.6848810 10.2078639 0.6846422
v -0.3851190 13.0000144 0.5151188
v -0.5148810 13.0078639 0.5146422
v -0.5551190 10.2000144 0.6851188
v -0.5551190 10.1921361 0.5553578
v -0.3851190 12.9921361 0.3853578
v -0.5551190 10.2000144 0.6851188
v -0.3851190 12.9921361 0.3853578
v -0.3851190 13.0000144 0.5151188
v -0.5551190 10.1921361 0.5553578
v -0.6848810 10.1999856 0.5548812
v -0.5148810 12.9999856 0.3848812
v -0.5551190 10.1921361 0.5553578
v -0.5148810 12.9999856 0.3848812
v -0.3851190 12.9921361 0.3853578
v 0.5551190 10.2000144 -0.6851188
v 0.5551190 10.1921361 -0.5553578
v 0.3851190 12.9921361 -0.3853578
v 0.5551190 10.2000144 -0.6851188
v 0.3851190 12.9921361 -0.3853578
v 0.3851190 13.0000144 -0.5151188
v 0.5551190 10.1921361 -0.5553578
v 0.6848810 10.1999856 -0.5548812
v 0.5148810 12.9999856 -0.3848812
v 0.5551190 10.1921361 -0.5553578
v 0.5148810 12.9999856 -0.3848812
v 0.3851190 12.9921361 -0.3853578
v 0.6848810 10.1999856 -0.5548812
v 0.6848810 10.2078639 -0.6846422
v 0.5148810 13.0078639 -0.5146422
v 0.6848810 10.1999856 -0.5548812
v 0.5148810 13.0078639 -0.5146422
v 0.5148810 12.9999856 -0.3848812
v 0.6848810 10.2078639 -0.6846422
v 0.5551190 10.2000144 -0.6851188
v 0.3851190 13.0000144 -0.5151188
v 0.6848810 10.2078639 -0.6846422
v 0.3851190 13.0000144 -0.5151188
v 0.5148810 13.0078639 -0.5146422
v 0.5551190 10.1921361 0.5553578
v 0.5551190 10.2000144 0.6851188
v 0.3851190 13.0000144 0.5151188
v 0.5551190 10.1921361 0.5553578
v 0.3851190 13.0000144 0.5151188
v 0.3851190 12.9921361 0.3853578
v 0.5551190 10.2000144 0.6851188
v 0.6848810 10.2078639 0.6846422
v 0.5148810 13.0078639 0.5146422
v 0.5551190 10.2000144 0.6851188
v 0.5148810 13.0078639 0.5146422
v 0.3851190 13.0000144 0.5151188
v 0.6848810 10.2078639 0.6846422
v 0.6848810 10.1999856 0.5548812
v 0.5148810 12.9999856 0.3848812
v 0.6848810 10.2078639 0.6846422
v 0.5148810 12.9999856 0.3848812
v 0.5148810 13.0078639 0.5146422
v 0.6848810 10.1999856 0.5548812
v 0.5551190 10.1921361 0.5553578
v 0.3851190 12.9921361 0.3853578
v 0.6848810 10.1999856 0.5548812
v 0.3851190 12.9921361 0.3853578
v 0.5148810 12.9999856 0.3848812
v -0.6643810 10.2197762 -0.6663868
v -0.6643810 10.2140189 -0.5715614
v 0.4056190 13.0140189 -0.4015614
v -0.6643810 10.2197762 -0.6663868
v 0.4056190 13.0140189 -0.4015614
v 0.4056190 13.0197762 -0.4963868
v -0.6643810 10.2140189 -0.5715614
v -0.5756190 10.1802238 -0.5736132
v 0.4943810 12.9802238 -0.4036132
v -0.6643810 10.2140189 -0.5715614
v 0.4943810 12.9802238 -0.4036132
v 0.4056190 13.0140189 -0.4015614
v -0.5756190 10.1802238 -0.5736132
v -0.5756190 10.1859811 -0.6684386
v 0.4943810 12.9859811 -0.4984386
v -0.5756190 10.1802238 -0.5736132
v 0.4943810 12.9859811 -0.4984386
v 0.4943810 12.9802238 -0.4036132
v -0.5756190 10.1859811 -0.6684386
v -0.6643810 10.2197762 -0.6663868
v 0.4056190 13.0197762 -0.4963868
v -0.5756190 10.1859811 -0.6684386
v 0.4056190 13.0197762 -0.4963868
v 0.4943810 12.9859811 -0.4984386
v 0.5756190 10.1859811 -0.6684386
v 0.5756190 10.1802238 -0.5736132
v -0.4943810 12.9802238 -0.4036132
v 0.5756190 10.1859811 -0.6684386
v -0.4943810 12.9802238 -0.4036132
v -0.4943810 12.9859811 -0.4984386
v 0.5756190 10.1802238 -0.5736132
v 0.6643810 10.2140189 -0.5715614
v -0.4056190 13.0140189 -0.4015614
v 0.5756190 10.1802238 -0.5736132
v -0.4056190 13.0140189 -0.4015614
v -0.4943810 12.9802238 -0.4036132
v 0.6643810 10.2140189 -0.5715614
v 0.6643810 10.2197762 -0.6663868
v -0.4056190 13.0197762 -0.4963868
v 0.6643810 10.2140189 -0.5715614
v -0.4056190 13.0197762 -0.4963868
v -0.4056190 13.0140189 -0.4015614
v 0.6643810 10.2197762 -0.6663868
v 0.5756190 10.1859811 -0.6684386
v -0.4943810 12.9859811 -0.4984386
v 0.6643810 10.2197762 -0.6663868
v -0.4943810 12.9859811 -0.4984386
v -0.4056190 13.0197762 -0.4963868
v -0.6674238 10.2194683 -0.6634105
v -0.6674238 10.1855565 -0.5746693
v -0.4974238 12.9855565 0.4953307
v -0.6674238 10.2194683 -0.6634105
v -0.4974238 12.9855565 0.4953307
v -0.4974238 13.0194683 0.4065895
v -0.6674238 10.1855565 -0.5746693
v -0.5725762 10.1805317 -0.5765895
v -0.4025762 12.9805317 0.4934105
v -0.6674238 10.1855565 -0.5746693
v -0.4025762 12.9805317 0.4934105
v -0.4974238 12.9855565 0.4953307
v -0.5725762 10.1805317 -0.5765895
v -0.5725762 10.2144435 -0.6653307
v -0.4025762 13.0144435 0.4046693
v -0.5725762 10.1805317 -0.5765895
v -0.4025762 13.0144435 0.4046693
v -0.4025762 12.9805317 0.4934105
v -0.5725762 10.2144435 -0.6653307
v -0.6674238 10.2194683 -0.6634105
v -0.4974238 13.0194683 0.4065895
v -0.5725762 10.2144435 -0.6653307
v -0.4974238 13.0194683 0.4065895
v -0.4025762 13.0144435 0.4046693
v -0.6674238 10.1855565 0.5746693
v -0.6674238 10.2194683 0.6634105
v -0.4974238 13.0194683 -0.4065895
v -0.6674238 10.1855565 0.5746693
v -0.4974238 13.0194683 -0.4065895
v -0.4974238 12.9855565 -0.4953307
v -0.6674238 10.2194683 0.6634105
v -0.5725762 10.2144435 0.6653307
v -0.4025762 13.0144435 -0.4046693
v -0.6674238 10.2194683 0.6634105
v -0.4025762 13.0144435 -0.4046693
v -0.4974238 13.0194683 -0.4065895
v -0.5725762 10.2144435 0.6653307
v -0.5725762 10.1805317 0.5765895
v -0.4025762 12.9805317 -0.4934105
v -0.5725762 10.2144435 0.6653307
v -0.4025762 12.9805317 -0.4934105
v -0.4025762 13.0144435 -0.4046693
v -0.5725762 10.1805317 0.5765895
v -0.6674238 10.1855565 0.5746693
v -0.4974238 12.9855565 -0.4953307
v -0.5725762 10.1805317 0.5765895
v -0.4974238 12.9855565 -0.4953307
v -0.4025762 12.9805317 -0.4934105
v -0.6643810 10.2140189 0.5715614
v -0.6643810 10.2197762 0.6663868
v 0.4056190 13.0197762 0.4963868
v -0.6643810 10.2140189 0.5715614
v 0.4056190 13.0197762 0.4963868
v 0.4056190 13.0140189 0.4015614
v -0.6643810 10.2197762 0.6663868
v -0.5756190 10.1859811 0.6684386
v 0.4943810 12.9859811 0.4984386
v -0.6643810 10.2197762 0.6663868
v 0.4943810 12.9859811 0.4984386
v 0.4056190 13.0197762 0.4963868
v -0.5756190 10.1859811 0.6684386
v -0.5756190 10.1802238 0.5736132
v 0.4943810 12.9802238 0.4036132
v -0.5756190 10.1859811 0.6684386
v 0.4943810 12.9802238 0.4036132
v 0.4943810 12.9859811 0.4984386
v -0.5756190 10.1802238 0.5736132
v -0.6643810 10.2140189 0.5715614
v 0.4056190 13.0140189 0.4015614
v -0.5756190 10.1802238 0.5736132
v 0.4056190 13.0140189 0.4015614
v 0.4943810 12.9802238 0.4036132
v 0.5756190 10.1802238 0.5736132
v 0.5756190 10.1859811 0.6684386
v -0.4943810 12.9859811 0.4984386
v 0.5756190 10.1802238 0.5736132
v -0.4943810 12.9859811 0.4984386
v -0.4943810 12.9802238 0.4036132
v 0.5756190 10.1859811 0.6684386
v 0.6643810 10.2197762 0.6663868
v -0.4056190 13.0197762 0.4963868
v 0.5756190 10.1859811 0.6684386
v -0.4056190 13.0197762 0.4963868
v -0.4943810 12.9859811 0.4984386
v 0.6643810 10.2197762 0.6663868
v 0.6643810 10.2140189 0.5715614
v -0.4056190 13.0140189 0.4015614
v 0.6643810 10.2197762 0.6663868
v -0.4056190 13.0140189 0.4015614
v -0.4056190 13.0197762 0.4963868
v 0.6643810 10.2140189 0.5715614
v 0.5756190 10.1802238 0.5736132
v -0.4943810 12.9802238 0.4036132
v 0.6643810 10.2140189 0.5715614
v -0.4943810 12.9802238 0.4036132
v -0.4056190 13.0140189 0.4015614
v 0.5725762 10.2144435 -0.6653307
v 0.5725762 10.1805317 -0.5765895
v 0.4025762 12.9805317 0.4934105
v 0.5725762 10.2144435 -0.6653307
v 0.4025762 12.9805317 0.4934105
v 0.4025762 13.0144435 0.4046693
v 0.5725762 10.1805317 -0.5765895
v 0.6674238 10.1855565 -0.5746693
v 0.4974238 12.9855565 0.4953307
v 0.5725762 10.1805317 -0.5765895
v 0.4974238 12.9855565 0.4953307
v 0.4025762 12.9805317 0.4934105
v 0.6674238 10.1855565 -0.5746693
v 0.6674238 10.2194683 -0.6634105
v 0.4974238 13.0194683 0.4065895
v 0.6674238 10.1855565 -0.5746693
v 0.4974238 13.0194683 0.4065895
v 0.4974238 12.9855565 0.4953307
v 0.6674238 10.2194683 -0.6634105
v 0.5725762 10.2144435 -0.6653307
v 0.4025762 13.0144435 0.4046693
v 0.6674238 10.2194683 -0.6634105
v 0.4025762 13.0144435 0.4046693
v 0.4974238 13.0194683 0.4065895
v 0.5725762 10.1805317 0.5765895
v 0.5725762 10.2144435 0.6653307
v 0.4025762 13.0144435 -0.4046693
v 0.5725762 10.1805317 0.5765895
v 0.4025762 13.0144435 -0.4046693
v 0.4025762 12.9805317 -0.4934105
v 0.5725762 10.2144435 0.6653307
v 0.6674238 10.2194683 0.6634105
v 0.4974238 13.0194683 -0.4065895
v 0.5725762 10.2144435 0.6653307
v 0.4974238 13.0194683 -0.4065895
v 0.4025762 13.0144435 -0.4046693
v 0.6674238 10.2194683 0.6634105
v 0.6674238 10.1855565 0.5746693
v 0.4974238 12.9855565 -0.4953307
v 0.6674238 10.2194683 0.6634105
v 0.4974238 12.9855565 -0.4953307
v 0.4974238 13.0194683 -0.4065895
v 0.6674238 10.1855565 0.5746693
v 0.5725762 10.1805317 0.5765895
v 0.4025762 12.9805317 -0.4934105
v 0.6674238 10.1855565 0.5746693
v 0.4025762 12.9805317 -0.4934105
v 0.4974238 12.9855565 -0.4953307
v -0.4500000 12.9475000 -0.3975000
v -0.4500000 12.9475000 -0.5025000
v 0.4500000 12.9475000 -0.5025000
v -0.4500000 12.9475000 -0.3975000
v 0.4500000 12.9475000 -0.5025000
v 0.4500000 12.9475000 -0.3975000
v -0.4500000 12.9475000 -0.5025000
v -0.4500000 13.0525000 -0.5025000
v 0.4500000 13.0525000 -0.5025000
v -0.4500000 12.9475000 -0.5025000
v 0.4500000 13.0525000 -0.5025000
v 0.4500000 12.9475000 -0.5025000
v -0.4500000 13.0525000 -0.5025000
v -0.4500000 13.0525000 -0.3975000
v 0.4500000 13.0525000 -0.3975000
v -0.4500000 13.0525000 -0.5025000
v 0.4500000 13.0525000 -0.3975000
v 0.4500000 13.0525000 -0.5025000
v -0.4500000 13.0525000 -0.3975000
v -0.4500000 12.9475000 -0.3975000
v 0.4500000 12.9475000 -0.3975000
v -0.4500000 13.0525000 -0.3975000
v 0.4500000 12.9475000 -0.3975000
v 0.4500000 13.0525000 -0.3975000
v -0.5025000 12.9475000 -0.4500000
v -0.3975000 12.9475000 -0.4500000
v -0.3975000 12.9475000 0.4500000
v -0.5025000 12.9475000 -0.4500000
v -0.3975000 12.9475000 0.4500000
v -0.5025000 12.9475000 0.4500000
v -0.3975000 12.9475000 -0.4500000
v -0.3975000 13.0525000 -0.4500000
v -0.3975000 13.0525000 0.4500000
v -0.3975000 12.9475000 -0.4500000
v -0.3975000 13.0525000 0.4500000
v -0.3975000 12.9475000 0.4500000
v -0.3975000 13.0525000 -0.4500000
v -0.5025000 13.0525000 -0.4500000
v -0.5025000 13.0525000 0.4500000
v -0.3975000 13.0525000 -0.4500000
v -0.5025000 13.0525000 0.4500000
v -0.3975000 13.0525000 0.4500000
v -0.5025000 13.0525000 -0.4500000
v -0.5025000 12.9475000 -0.4500000
v -0.5025000 12.9475000 0.4500000
v -0.5025000 13.0525000 -0.4500000
v -0.5025000 12.9475000 0.4500000
v -0.5025000 13.0525000 0.4500000
v -0.4500000 12.9475000 0.5025000
v -0.4500000 12.9475000 0.3975000
v 0.4500000 12.9475000 0.3975000
v -0.4500000 12.9475000 0.5025000
v 0.4500000 12.9475000 0.3975000
v 0.4500000 12.9475000 0.5025000
v -0.4500000 12.9475000 0.3975000
v -0.4500000 13.0525000 0.3975000
v 0.4500000 13.0525000 0.3975000
v -0.4500000 12.9475000 0.3975000
v 0.4500000 13.0525000 0.3975000
v 0.4500000 12.9475000 0.3975000
v -0.4500000 13.0525000 0.3975000
v -0.4500000 13.0525000 0.5025000
v 0.4500000 13.0525000 0.5025000
v -0.4500000 13.0525000 0.3975000
v 0.4500000 13.0525000 0.5025000
v 0.4500000 13.0525000 0.3975000
v -0.4500000 13.0525000 0.5025000
v -0.4500000 12.9475000 0.5025000
v 0.4500000 12.9475000 0.5025000
v -0.4500000 13.0525000 0.5025000
v 0.4500000 12.9475000 0.5025000
v 0.4500000 13.0525000 0.5025000
v 0.3975000 12.9475000 -0.4500000
v 0.5025000 12.9475000 -0.4500000
v 0.5025000 12.9475000 0.4500000
v 0.3975000 12.9475000 -0.4500000
v 0.5025000 12.9475000 0.4500000
v 0.3975000 12.9475000 0.4500000
v 0.5025000 12.9475000 -0.4500000
v 0.5025000 13.0525000 -0.4500000
v 0.5025000 13.0525000 0.4500000
v 0.5025000 12.9475000 -0.4500000
v 0.5025000 13.0525000 0.4500000
v 0.5025000 12.9475000 0.4500000
v 0.5025000 13.0525000 -0.4500000
v 0.3975000 13.0525000 -0.4500000
v 0.3975000 13.0525000 0.4500000
v 0.5025000 13.0525000 -0.4500000
v 0.3975000 13.0525000 0.4500000
v 0.5025000 13.0525000 0.4500000
v 0.3975000 13.0525000 -0.4500000
v 0.3975000 12.9475000 -0.4500000
v 0.3975000 12.9475000 0.4500000
v 0.3975000 13.0525000 -0.4500000
v 0.3975000 12.9475000 0.4500000
v 0.3975000 13.0525000 0.4500000
v -0.5149564 13.0047603 -0.5148691
v -0.5149564 12.9999968 -0.3849564
v -0.4049564 15.9999968 -0.2749564
v -0.5149564 13.0047603 -0.5148691
v -0.4049564 15.9999968 -0.2749564
v -0.4049564 16.0047603 -0.4048691
v -0.5149564 12.9999968 -0.3849564
v -0.3850436 12.9952397 -0.3851309
v -0.2750436 15.9952397 -0.2751309
v -0.5149564 12.9999968 -0.3849564
v -0.2750436 15.9952397 -0.2751309
v -0.4049564 15.9999968 -0.2749564
v -0.3850436 12.9952397 -0.3851309
v -0.3850436 13.0000032 -0.5150436
v -0.2750436 16.0000032 -0.4050436
v -0.3850436 12.9952397 -0.3851309
v -0.2750436 16.0000032 -0.4050436
v -0.2750436 15.9952397 -0.2751309
v -0.3850436 13.0000032 -0.5150436
v -0.5149564 13.0047603 -0.5148691
v -0.4049564 16.0047603 -0.4048691
v -0.3850436 13.0000032 -0.5150436
v -0.4049564 16.0047603 -0.4048691
v -0.2750436 16.0000032 -0.4050436
v -0.5149564 12.9999968 0.3849564
v -0.5149564 13.0047603 0.5148691
v -0.4049564 16.0047603 0.4048691
v -0.5149564 12.9999968 0.3849564
v -0.4049564 16.0047603 0.4048691
v -0.4049564 15.9999968 0.2749564
v -0.5149564 13.0047603 0.5148691
v -0.3850436 13.0000032 0.5150436
v -0.2750436 16.0000032 0.4050436
v -0.5149564 13.0047603 0.5148691
v -0.2750436 16.0000032 0.4050436
v -0.4049564 16.0047603 0.4048691
v -0.3850436 13.0000032 0.5150436
v -0.3850436 12.9952397 0.3851309
v -0.2750436 15.9952397 0.2751309
v -0.3850436 13.0000032 0.5150436
v -0.2750436 15.9952397 0.2751309
v -0.2750436 16.0000032 0.4050436
v -0.3850436 12.9952397 0.3851309
v -0.5149564 12.9999968 0.3849564
v -0.4049564 15.9999968 0.2749564
v -0.3850436 12.9952397 0.3851309
v -0.4049564 15.9999968 0.2749564
v -0.2750436 15.9952397 0.2751309
v 0.3850436 13.0000032 -0.5150436
v 0.3850436 12.9952397 -0.3851309
v 0.2750436 15.9952397 -0.2751309
v 0.3850436 13.0000032 -0.5150436
v 0.2750436 15.9952397 -0.2751309
v 0.2750436 16.0000032 -0.4050436
v 0.3850436 12.9952397 -0.3851309
v 0.5149564 12.9999968 -0.3849564
v 0.4049564 15.9999968 -0.2749564
v 0.3850436 12.9952397 -0.3851309
v 0.4049564 15.9999968 -0.2749564
v 0.2750436 15.9952397 -0.2751309
v 0.5149564 12.9999968 -0.3849564
v 0.5149564 13.0047603 -0.5148691
v 0.4049564 16.0047603 -0.4048691
v 0.5149564 12.9999968 -0.3849564
v 0.4049564 16.0047603 -0.4048691
v 0.4049564 15.9999968 -0.2749564
v 0.5149564 13.0047603 -0.5148691
v 0.3850436 13.0000032 -0.5150436
v 0.2750436 16.0000032 -0.4050436
v 0.5149564 13.0047603 -0.5148691
v 0.2750436 16.0000032 -0.4050436
v 0.4049564 16.0047603 -0.4048691
v 0.3850436 12.9952397 0.3851309
v 0.3850436 13.0000032 0.5150436
v 0.2750436 16.0000032 0.4050436
v 0.3850436 12.9952397 0.3851309
v 0.2750436 16.0000032 0.4050436
v 0.2750436 15.9952397 0.2751309
v 0.3850436 13.0000032 0.5150436
v 0.5149564 13.0047603 0.5148691
v 0.4049564 16.0047603 0.4048691
v 0.3850436 13.0000032 0.5150436
v 0.4049564 16.0047603 0.4048691
v 0.2750436 16.0000032 0.4050436
v 0.5149564 13.0047603 0.5148691
v 0.5149564 12.9999968 0.3849564
v 0.4049564 15.9999968 0.2749564
v 0.5149564 13.0047603 0.5148691
v 0.4049564 15.9999968 0.2749564
v 0.4049564 16.0047603 0.4048691
v 0.5149564 12.9999968 0.3849564
v 0.3850436 12.9952397 0.3851309
v 0.2750436 15.9952397 0.2751309
v 0.5149564 12.9999968 0.3849564
v 0.2750436 15.9952397 0.2751309
v 0.4049564 15.9999968 0.2749564
v -0.4959361 13.0138208 -0.4970252
v -0.4959361 13.0103398 -0.4020890
v 0.2940639 16.0103398 -0.2920890
v -0.4959361 13.0138208 -0.4970252
v 0.2940639 16.0103398 -0.2920890
v 0.2940639 16.0138208 -0.3870252
v -0.4959361 13.0103398 -0.4020890
v -0.4040639 12.9861792 -0.4029748
v 0.3859361 15.9861792 -0.2929748
v -0.4959361 13.0103398 -0.4020890
v 0.3859361 15.9861792 -0.2929748
v 0.2940639 16.0103398 -0.2920890
v -0.4040639 12.9861792 -0.4029748
v -0.4040639 12.9896602 -0.4979110
v 0.3859361 15.9896602 -0.3879110
v -0.4040639 12.9861792 -0.4029748
v 0.3859361 15.9896602 -0.3879110
v 0.3859361 15.9861792 -0.2929748
v -0.4040639 12.9896602 -0.4979110
v -0.4959361 13.0138208 -0.4970252
v 0.2940639 16.0138208 -0.3870252
v -0.4040639 12.9896602 -0.4979110
v 0.2940639 16.0138208 -0.3870252
v 0.3859361 15.9896602 -0.3879110
v 0.4040639 12.9896602 -0.4979110
v 0.4040639 12.9861792 -0.4029748
v -0.3859361 15.9861792 -0.2929748
v 0.4040639 12.9896602 -0.4979110
v -0.3859361 15.9861792 -0.2929748
v -0.3859361 15.9896602 -0.3879110
v 0.4040639 12.9861792 -0.4029748
v 0.4959361 13.0103398 -0.4020890
v -0.2940639 16.0103398 -0.2920890
v 0.4040639 12.9861792 -0.4029748
v -0.2940639 16.0103398 -0.2920890
v -0.3859361 15.9861792 -0.2929748
v 0.4959361 13.0103398 -0.4020890
v 0.4959361 13.0138208 -0.4970252
v -0.2940639 16.0138208 -0.3870252
v 0.4959361 13.0103398 -0.4020890
v -0.2940639 16.0138208 -0.3870252
v -0.2940639 16.0103398 -0.2920890
v 0.4959361 13.0138208 -0.4970252
v 0.4040639 12.9896602 -0.4979110
v -0.3859361 15.9896602 -0.3879110
v 0.4959361 13.0138208 -0.4970252
v -0.3859361 15.9896602 -0.3879110
v -0.2940639 16.0138208 -0.3870252
v -0.4974702 13.0137237 -0.4955054
v -0.4974702 12.9895317 -0.4036373
v -0.3874702 15.9895317 0.3863627
v -0.4974702 13.0137237 -0.4955054
v -0.3874702 15.9895317 0.3863627
v -0.3874702 16.0137237 0.2944946
v -0.4974702 12.9895317 -0.4036373
v -0.4025298 12.9862763 -0.4044946
v -0.2925298 15.9862763 0.3855054
v -0.4974702 12.9895317 -0.4036373
v -0.2925298 15.9862763 0.3855054
v -0.3874702 15.9895317 0.3863627
v -0.4025298 12.9862763 -0.4044946
v -0.4025298 13.0104683 -0.4963627
v -0.2925298 16.0104683 0.2936373
v -0.4025298 12.9862763 -0.4044946
v -0.2925298 16.0104683 0.2936373
v -0.2925298 15.9862763 0.3855054
v -0.4025298 13.0104683 -0.4963627
v -0.4974702 13.0137237 -0.4955054
v -0.3874702 16.0137237 0.2944946
v -0.4025298 13.0104683 -0.4963627
v -0.3874702 16.0137237 0.2944946
v -0.2925298 16.0104683 0.2936373
v -0.4974702 12.9895317 0.4036373
v -0.4974702 13.0137237 0.4955054
v -0.3874702 16.0137237 -0.2944946
v -0.4974702 12.9895317 0.4036373
v -0.3874702 16.0137237 -0.2944946
v -0.3874702 15.9895317 -0.3863627
v -0.4974702 13.0137237 0.4955054
v -0.4025298 13.0104683 0.4963627
v -0.2925298 16.0104683 -0.2936373
v -0.4974702 13.0137237 0.4955054
v -0.2925298 16.0104683 -0.2936373
v -0.3874702 16.0137237 -0.2944946
v -0.4025298 13.0104683 0.4963627
v -0.4025298 12.9862763 0.4044946
v -0.2925298 15.9862763 -0.3855054
v -0.4025298 13.0104683 0.4963627
v -0.2925298 15.9862763 -0.3855054
v -0.2925298 16.0104683 -0.2936373
v -0.4025298 12.9862763 0.4044946
v -0.4974702 12.9895317 0.4036373
v -0.3874702 15.9895317 -0.3863627
v -0.4025298 12.9862763 0.4044946
v -0.3874702 15.9895317 -0.3863627
v -0.2925298 15.9862763 -0.3855054
v -0.4959361 13.0103398 0.4020890
v -0.4959361 13.0138208 0.4970252
v 0.2940639 16.0138208 0.3870252
v -0.4959361 13.0103398 0.4020890
v 0.2940639 16.0138208 0.3870252
v 0.2940639 16.0103398 0.2920890
v -0.4959361 13.0138208 0.4970252
v -0.4040639 12.9896602 0.4979110
v 0.3859361 15.9896602 0.3879110
v -0.4959361 13.0138208 0.4970252
v 0.3859361 15.9896602 0.3879110
v 0.2940639 16.0138208 0.3870252
v -0.4040639 12.9896602 0.4979110
v -0.4040639 12.9861792 0.4029748
v 0.3859361 15.9861792 0.2929748
v -0.4040639 12.9896602 0.4979110
v 0.3859361 15.9861792 0.2929748
v 0.3859361 15.9896602 0.3879110
v -0.4040639 12.9861792 0.4029748
v -0.4959361 13.0103398 0.4020890
v 0.2940639 16.0103398 0.2920890
v -0.4040639 12.9861792 0.4029748
v 0.2940639 16.0103398 0.2920890
v 0.3859361 15.9861792 0.2929748
v 0.4040639 12.9861792 0.4029748
v 0.4040639 12.9896602 0.4979110
v -0.3859361 15.9896602 0.3879110
v 0.4040639 12.9861792 0.4029748
v -0.3859361 15.9896602 0.3879110
v -0.3859361 15.9861792 0.2929748
v 0.4040639 12.9896602 0.4979110
v 0.4959361 13.0138208 0.4970252
v -0.2940639 16.0138208 0.3870252
v 0.4040639 12.9896602 0.4979110
v -0.2940639 16.0138208 0.3870252
v -0.3859361 15.9896602 0.3879110
v 0.4959361 13.0138208 0.4970252
v 0.4959361 13.0103398 0.4020890
v -0.2940639 16.0103398 0.2920890
v 0.4959361 13.0138208 0.4970252
v -0.2940639 16.0103398 0.2920890
v -0.2940639 16.0138208 0.3870252
v 0.4959361 13.0103398 0.4020890
v 0.4040639 12.9861792 0.4029748
v -0.3859361 15.9861792 0.2929748
v 0.4959361 13.0103398 0.4020890
v -0.3859361 15.9861792 0.2929748
v -0.2940639 16.0103398 0.2920890
v 0.4025298 13.0104683 -0.4963627
v 0.4025298 12.9862763 -0.4044946
v 0.2925298 15.9862763 0.3855054
v 0.4025298 13.0104683 -0.4963627
v 0.2925298 15.9862763 0.3855054
v 0.2925298 16.0104683 0.2936373
v 0.4025298 12.9862763 -0.4044946
v 0.4974702 12.9895317 -0.4036373
v 0.3874702 15.9895317 0.3863627
v 0.4025298 12.9862763 -0.4044946
v 0.3874702 15.9895317 0.3863627
v 0.2925298 15.9862763 0.3855054
v 0.4974702 12.9895317 -0.4036373
v 0.4974702 13.0137237 -0.4955054
v 0.3874702 16.0137237 0.2944946
v 0.4974702 12.9895317 -0.4036373
v 0.3874702 16.0137237 0.2944946
v 0.3874702 15.9895317 0.3863627
v 0.4974702 13.0137237 -0.4955054
v 0.4025298 13.0104683 -0.4963627
v 0.2925298 16.0104683 0.2936373
v 0.4974702 13.0137237 -0.4955054
v 0.2925298 16.0104683 0.2936373
v 0.3874702 16.0137237 0.2944946
v 0.4025298 12.9862763 0.4044946
v 0.4025298 13.0104683 0.4963627
v 0.2925298 16.0104683 -0.2936373
v 0.4025298 12.9862763 0.4044946
v 0.2925298 16.0104683 -0.2936373
v 0.2925298 15.9862763 -0.3855054
v 0.4025298 13.0104683 0.4963627
v 0.4974702 13.0137237 0.4955054
v 0.3874702 16.0137237 -0.2944946
v 0.4025298 13.0104683 0.4963627
v 0.3874702 16.0137237 -0.2944946
v 0.2925298 16.0104683 -0.2936373
v 0.4974702 13.0137237 0.4955054
v 0.4974702 12.9895317 0.4036373
v 0.3874702 15.9895317 -0.3863627
v 0.4974702 13.0137237 0.4955054
v 0.3874702 15.9895317 -0.3863627
v 0.3874702 16.0137237 -0.2944946
v 0.4974702 12.9895317 0.4036373
v 0.4025298 12.9862763 0.4044946
v 0.2925298 15.9862763 -0.3855054
v 0.4974702 12.9895317 0.4036373
v 0.2925298 15.9862763 -0.3855054
v 0.3874702 15.9895317 -0.3863627
v -3.9000000 10.0600000 0.0950000
v -3.9000000 10.0600000 -0.0950000
v 3.9000000 10.0600000 -0.0950000
v -3.9000000 10.0600000 0.0950000
v 3.9000000 10.0600000 -0.0950000
v 3.9000000 10.0600000 0.0950000
v -3.9000000 10.0600000 -0.0950000
v -3.9000000 10.3400000 -0.0950000
v 3.9000000 10.3400000 -0.0950000
v -3.9000000 10.0600000 -0.0950000
v 3.9000000 10.3400000 -0.0950000
v 3.9000000 10.0600000 -0.0950000
v -3.9000000 10.3400000 -0.0950000
v -3.9000000 10.3400000 0.0950000
v 3.9000000 10.3400000 0.0950000
v -3.9000000 10.3400000 -0.0950000
v 3.9000000 10.3400000 0.0950000
v 3.9000000 10.3400000 -0.0950000
v -3.9000000 10.3400000 0.0950000
v -3.9000000 10.0600000 0.0950000
v 3.9000000 10.0600000 0.0950000
v -3.9000000 10.3400000 0.0950000
v 3.9000000 10.0600000 0.0950000
v 3.9000000 10.3400000 0.0950000
v -3.9000000 10.3400000 0.0950000
v -3.9000000 10.3400000 -0.0950000
v -3.9000000 10.0600000 -0.0950000
v -3.9000000 10.3400000 0.0950000
v -3.9000000 10.0600000 -0.0950000
v -3.9000000 10.0600000 0.0950000
v 3.9000000 10.0600000 0.0950000
v 3.9000000 10.0600000 -0.0950000
v 3.9000000 10.3400000 -0.0950000
v 3.9000000 10.0600000 0.0950000
v 3.9000000 10.3400000 -0.0950000
v 3.9000000 10.3400000 0.0950000
v -0.4641681 9.1546622 -0.0475000
v -0.4641681 9.1546622 0.0475000
v -3.6641681 10.1546622 0.0475000
v -0.4641681 9.1546622 -0.0475000
v -3.6641681 10.1546622 0.0475000
v -3.6641681 10.1546622 -0.0475000
v -0.4641681 9.1546622 0.0475000
v -0.4358319 9.2453378 0.0475000
v -3.6358319 10.2453378 0.0475000
v -0.4641681 9.1546622 0.0475000
v -3.6358319 10.2453378 0.0475000
v -3.6641681 10.1546622 0.0475000
v -0.4358319 9.2453378 0.0475000
v -0.4358319 9.2453378 -0.0475000
v -3.6358319 10.2453378 -0.0475000
v -0.4358319 9.2453378 0.0475000
v -3.6358319 10.2453378 -0.0475000
v -3.6358319 10.2453378 0.0475000
v -0.4358319 9.2453378 -0.0475000
v -0.4641681 9.1546622 -0.0475000
v -3.6641681 10.1546622 -0.0475000
v -0.4358319 9.2453378 -0.0475000
v -3.6641681 10.1546622 -0.0475000
v -3.6358319 10.2453378 -0.0475000
v -3.5000000 10.1200000 0.0000000
v -3.6800000 10.1200000 0.1800000
v -3.6800000 9.3200000 0.1800000
v -3.5000000 10.1200000 0.0000000
v -3.6800000 9.3200000 0.1800000
v -3.5000000 9.3200000 0.0000000
v -3.6800000 9.3200000 0.0000000
v -3.5000000 9.3200000 0.0000000
v -3.6800000 9.3200000 0.1800000
v -3.6800000 10.1200000 0.0000000
v -3.6800000 10.1200000 0.1800000
v -3.5000000 10.1200000 0.0000000
v -3.6800000 10.1200000 0.1800000
v -3.8600000 10.1200000 0.0000000
v -3.8600000 9.3200000 0.0000000
v -3.6800000 10.1200000 0.1800000
v -3.8600000 9.3200000 0.0000000
v -3.6800000 9.3200000 0.1800000
v -3.6800000 9.3200000 0.0000000
v -3.6800000 9.3200000 0.1800000
v -3.8600000 9.3200000 0.0000000
v -3.6800000 10.1200000 0.0000000
v -3.8600000 10.1200000 0.0000000
v -3.6800000 10.1200000 0.1800000
v -3.8600000 10.1200000 0.0000000
v -3.6800000 10.1200000 -0.1800000
v -3.6800000 9.3200000 -0.1800000
v -3.8600000 10.1200000 0.0000000
v -3.6800000 9.3200000 -0.1800000
v -3.8600000 9.3200000 0.0000000
v -3.6800000 9.3200000 0.0000000
v -3.8600000 9.3200000 0.0000000
v -3.6800000 9.3200000 -0.1800000
v -3.6800000 10.1200000 0.0000000
v -3.6800000 10.1200000 -0.1800000
v -3.8600000 10.1200000 0.0000000
v -3.6800000 10.1200000 -0.1800000
v -3.5000000 10.1200000 0.0000000
v -3.5000000 9.3200000 0.0000000
v -3.6800000 10.1200000 -0.1800000
v -3.5000000 9.3200000 0.0000000
v -3.6800000 9.3200000 -0.1800000
v -3.6800000 9.3200000 0.0000000
v -3.6800000 9.3200000 -0.1800000
v -3.5000000 9.3200000 0.0000000
v -3.6800000 10.1200000 0.0000000
v -3.5000000 10.1200000 0.0000000
v -3.6800000 10.1200000 -0.1800000
v -3.4350000 9.5575000 0.0000000
v -3.6800000 9.5575000 0.2450000
v -3.6800000 9.5025000 0.2450000
v -3.4350000 9.5575000 0.0000000
v -3.6800000 9.5025000 0.2450000
v -3.4350000 9.5025000 0.0000000
v -3.6800000 9.5575000 0.2450000
v -3.9250000 9.5575000 0.0000000
v -3.9250000 9.5025000 0.0000000
v -3.6800000 9.5575000 0.2450000
v -3.9250000 9.5025000 0.0000000
v -3.6800000 9.5025000 0.2450000
v -3.9250000 9.5575000 0.0000000
v -3.6800000 9.5575000 -0.2450000
v -3.6800000 9.5025000 -0.2450000
v -3.9250000 9.5575000 0.0000000
v -3.6800000 9.5025000 -0.2450000
v -3.9250000 9.5025000 0.0000000
v -3.6800000 9.5575000 -0.2450000
v -3.4350000 9.5575000 0.0000000
v -3.4350000 9.5025000 0.0000000
v -3.6800000 9.5575000 -0.2450000
v -3.4350000 9.5025000 0.0000000
v -3.6800000 9.5025000 -0.2450000
v -3.4350000 9.8975000 0.0000000
v -3.6800000 9.8975000 0.2450000
v -3.6800000 9.8425000 0.2450000
v -3.4350000 9.8975000 0.0000000
v -3.6800000 9.8425000 0.2450000
v -3.4350000 9.8425000 0.0000000
v -3.6800000 9.8975000 0.2450000
v -3.9250000 9.8975000 0.0000000
v -3.9250000 9.8425000 0.0000000
v -3.6800000 9.8975000 0.2450000
v -3.9250000 9.8425000 0.0000000
v -3.6800000 9.8425000 0.2450000
v -3.9250000 9.8975000 0.0000000
v -3.6800000 9.8975000 -0.2450000
v -3.6800000 9.8425000 -0.2450000
v -3.9250000 9.8975000 0.0000000
v -3.6800000 9.8425000 -0.2450000
v -3.9250000 9.8425000 0.0000000
v -3.6800000 9.8975000 -0.2450000
v -3.4350000 9.8975000 0.0000000
v -3.4350000 9.8425000 0.0000000
v -3.6800000 9.8975000 -0.2450000
v -3.4350000 9.8425000 0.0000000
v -3.6800000 9.8425000 -0.2450000
v 0.4641681 9.1546622 0.0475000
v 0.4641681 9.1546622 -0.0475000
v 3.6641681 10.1546622 -0.0475000
v 0.4641681 9.1546622 0.0475000
v 3.6641681 10.1546622 -0.0475000
v 3.6641681 10.1546622 0.0475000
v 0.4641681 9.1546622 -0.0475000
v 0.4358319 9.2453378 -0.0475000
v 3.6358319 10.2453378 -0.0475000
v 0.4641681 9.1546622 -0.0475000
v 3.6358319 10.2453378 -0.0475000
v 3.6641681 10.1546622 -0.0475000
v 0.4358319 9.2453378 -0.0475000
v 0.4358319 9.2453378 0.0475000
v 3.6358319 10.2453378 0.0475000
v 0.4358319 9.2453378 -0.0475000
v 3.6358319 10.2453378 0.0475000
v 3.6358319 10.2453378 -0.0475000
v 0.4358319 9.2453378 0.0475000
v 0.4641681 9.1546622 0.0475000
v 3.6641681 10.1546622 0.0475000
v 0.4358319 9.2453378 0.0475000
v 3.6641681 10.1546622 0.0475000
v 3.6358319 10.2453378 0.0475000
v 3.8600000 10.1200000 0.0000000
v 3.6800000 10.1200000 0.1800000
v 3.6800000 9.3200000 0.1800000
v 3.8600000 10.1200000 0.0000000
v 3.6800000 9.3200000 0.1800000
v 3.8600000 9.3200000 0.0000000
v 3.6800000 9.3200000 0.0000000
v 3.8600000 9.3200000 0.0000000
v 3.6800000 9.3200000 0.1800000
v 3.6800000 10.1200000 0.0000000
v 3.6800000 10.1200000 0.1800000
v 3.8600000 10.1200000 0.0000000
v 3.6800000 10.1200000 0.1800000
v 3.5000000 10.1200000 0.0000000
v 3.5000000 9.3200000 0.0000000
v 3.6800000 10.1200000 0.1800000
v 3.5000000 9.3200000 0.0000000
v 3.6800000 9.3200000 0.1800000
v 3.6800000 9.3200000 0.0000000
v 3.6800000 9.3200000 0.1800000
v 3.5000000 9.3200000 0.0000000
v 3.6800000 10.1200000 0.0000000
v 3.5000000 10.1200000 0.0000000
v 3.6800000 10.1200000 0.1800000
v 3.5000000 10.1200000 0.0000000
v 3.6800000 10.1200000 -0.1800000
v 3.6800000 9.3200000 -0.1800000
v 3.5000000 10.1200000 0.0000000
v 3.6800000 9.3200000 -0.1800000
v 3.5000000 9.3200000 0.0000000
v 3.6800000 9.3200000 0.0000000
v 3.5000000 9.3200000 0.0000000
v 3.6800000 9.3200000 -0.1800000
v 3.6800000 10.1200000 0.0000000
v 3.6800000 10.1200000 -0.1800000
v 3.5000000 10.1200000 0.0000000
v 3.6800000 10.1200000 -0.1800000
v 3.8600000 10.1200000 0.0000000
v 3.8600000 9.3200000 0.0000000
v 3.6800000 10.1200000 -0.1800000
v 3.8600000 9.3200000 0.0000000
v 3.6800000 9.3200000 -0.1800000
v 3.6800000 9.3200000 0.0000000
v 3.6800000 9.3200000 -0.1800000
v 3.8600000 9.3200000 0.0000000
v 3.6800000 10.1200000 0.0000000
v 3.8600000 10.1200000 0.0000000
v 3.6800000 10.1200000 -0.1800000
v 3.9250000 9.5575000 0.0000000
v 3.6800000 9.5575000 0.2450000
v 3.6800000 9.5025000 0.2450000
v 3.9250000 9.5575000 0.0000000
v 3.6800000 9.5025000 0.2450000
v 3.9250000 9.5025000 0.0000000
v 3.6800000 9.5575000 0.2450000
v 3.4350000 9.5575000 0.0000000
v 3.4350000 9.5025000 0.0000000
v 3.6800000 9.5575000 0.2450000
v 3.4350000 9.5025000 0.0000000
v 3.6800000 9.5025000 0.2450000
v 3.4350000 9.5575000 0.0000000
v 3.6800000 9.5575000 -0.2450000
v 3.6800000 9.5025000 -0.2450000
v 3.4350000 9.5575000 0.0000000
v 3.6800000 9.5025000 -0.2450000
v 3.4350000 9.5025000 0.0000000
v 3.6800000 9.5575000 -0.2450000
v 3.9250000 9.5575000 0.0000000
v 3.9250000 9.5025000 0.0000000
v 3.6800000 9.5575000 -0.2450000
v 3.9250000 9.5025000 0.0000000
v 3.6800000 9.5025000 -0.2450000
v 3.9250000 9.8975000 0.0000000
v 3.6800000 9.8975000 0.2450000
v 3.6800000 9.8425000 0.2450000
v 3.9250000 9.8975000 0.0000000
v 3.6800000 9.8425000 0.2450000
v 3.9250000 9.8425000 0.0000000
v 3.6800000 9.8975000 0.2450000
v 3.4350000 9.8975000 0.0000000
v 3.4350000 9.8425000 0.0000000
v 3.6800000 9.8975000 0.2450000
v 3.4350000 9.8425000 0.0000000
v 3.6800000 9.8425000 0.2450000
v 3.4350000 9.8975000 0.0000000
v 3.6800000 9.8975000 -0.2450000
v 3.6800000 9.8425000 -0.2450000
v 3.4350000 9.8975000 0.0000000
v 3.6800000 9.8425000 -0.2450000
v 3.4350000 9.8425000 0.0000000
v 3.6800000 9.8975000 -0.2450000
v 3.9250000 9.8975000 0.0000000
v 3.9250000 9.8425000 0.0000000
v 3.6800000 9.8975000 -0.2450000
v 3.9250000 9.8425000 0.0000000
v 3.6800000 9.8425000 -0.2450000
v -3.4500000 12.8600000 0.0950000
v -3.4500000 12.8600000 -0.0950000
v 3.4500000 12.8600000 -0.0950000
v -3.4500000 12.8600000 0.0950000
v 3.4500000 12.8600000 -0.0950000
v 3.4500000 12.8600000 0.0950000
v -3.4500000 12.8600000 -0.0950000
v -3.4500000 13.1400000 -0.0950000
v 3.4500000 13.1400000 -0.0950000
v -3.4500000 12.8600000 -0.0950000
v 3.4500000 13.1400000 -0.0950000
v 3.4500000 12.8600000 -0.0950000
v -3.4500000 13.1400000 -0.0950000
v -3.4500000 13.1400000 0.0950000
v 3.4500000 13.1400000 0.0950000
v -3.4500000 13.1400000 -0.0950000
v 3.4500000 13.1400000 0.0950000
v 3.4500000 13.1400000 -0.0950000
v -3.4500000 13.1400000 0.0950000
v -3.4500000 12.8600000 0.0950000
v 3.4500000 12.8600000 0.0950000
v -3.4500000 13.1400000 0.0950000
v 3.4500000 12.8600000 0.0950000
v 3.4500000 13.1400000 0.0950000
v -3.4500000 13.1400000 0.0950000
v -3.4500000 13.1400000 -0.0950000
v -3.4500000 12.8600000 -0.0950000
v -3.4500000 13.1400000 0.0950000
v -3.4500000 12.8600000 -0.0950000
v -3.4500000 12.8600000 0.0950000
v 3.4500000 12.8600000 0.0950000
v 3.4500000 12.8600000 -0.0950000
v 3.4500000 13.1400000 -0.0950000
v 3.4500000 12.8600000 0.0950000
v 3.4500000 13.1400000 -0.0950000
v 3.4500000 13.1400000 0.0950000
v -0.4662328 11.9553598 -0.0475000
v -0.4662328 11.9553598 0.0475000
v -3.2162328 12.9553598 0.0475000
v -0.4662328 11.9553598 -0.0475000
v -3.2162328 12.9553598 0.0475000
v -3.2162328 12.9553598 -0.0475000
v -0.4662328 11.9553598 0.0475000
v -0.4337672 12.0446402 0.0475000
v -3.1837672 13.0446402 0.0475000
v -0.4662328 11.9553598 0.0475000
v -3.1837672 13.0446402 0.0475000
v -3.2162328 12.9553598 0.0475000
v -0.4337672 12.0446402 0.0475000
v -0.4337672 12.0446402 -0.0475000
v -3.1837672 13.0446402 -0.0475000
v -0.4337672 12.0446402 0.0475000
v -3.1837672 13.0446402 -0.0475000
v -3.1837672 13.0446402 0.0475000
v -0.4337672 12.0446402 -0.0475000
v -0.4662328 11.9553598 -0.0475000
v -3.2162328 12.9553598 -0.0475000
v -0.4337672 12.0446402 -0.0475000
v -3.2162328 12.9553598 -0.0475000
v -3.1837672 13.0446402 -0.0475000
v -3.0500000 12.9200000 0.0000000
v -3.2300000 12.9200000 0.1800000
v -3.2300000 12.1200000 0.1800000
v -3.0500000 12.9200000 0.0000000
v -3.2300000 12.1200000 0.1800000
v -3.0500000 12.1200000 0.0000000
v -3.2300000 12.1200000 0.0000000
v -3.0500000 12.1200000 0.0000000
v -3.2300000 12.1200000 0.1800000
v -3.2300000 12.9200000 0.0000000
v -3.2300000 12.9200000 0.1800000
v -3.0500000 12.9200000 0.0000000
v -3.2300000 12.9200000 0.1800000
v -3.4100000 12.9200000 0.0000000
v -3.4100000 12.1200000 0.0000000
v -3.2300000 12.9200000 0.1800000
v -3.4100000 12.1200000 0.0000000
v -3.2300000 12.1200000 0.1800000
v -3.2300000 12.1200000 0.0000000
v -3.2300000 12.1200000 0.1800000
v -3.4100000 12.1200000 0.0000000
v -3.2300000 12.9200000 0.0000000
v -3.4100000 12.9200000 0.0000000
v -3.2300000 12.9200000 0.1800000
v -3.4100000 12.9200000 0.0000000
v -3.2300000 12.9200000 -0.1800000
v -3.2300000 12.1200000 -0.1800000
v -3.4100000 12.9200000 0.0000000
v -3.2300000 12.1200000 -0.1800000
v -3.4100000 12.1200000 0.0000000
v -3.2300000 12.1200000 0.0000000
v -3.4100000 12.1200000 0.0000000
v -3.2300000 12.1200000 -0.1800000
v -3.2300000 12.9200000 0.0000000
v -3.2300000 12.9200000 -0.1800000
v -3.4100000 12.9200000 0.0000000
v -3.2300000 12.9200000 -0.1800000
v -3.0500000 12.9200000 0.0000000
v -3.0500000 12.1200000 0.0000000
v -3.2300000 12.9200000 -0.1800000
v -3.0500000 12.1200000 0.0000000
v -3.2300000 12.1200000 -0.1800000
v -3.2300000 12.1200000 0.0000000
v -3.2300000 12.1200000 -0.1800000
v -3.0500000 12.1200000 0.0000000
v -3.2300000 12.9200000 0.0000000
v -3.0500000 12.9200000 0.0000000
v -3.2300000 12.9200000 -0.1800000
v -2.9850000 12.3575000 0.0000000
v -3.2300000 12.3575000 0.2450000
v -3.2300000 12.3025000 0.2450000
v -2.9850000 12.3575000 0.0000000
v -3.2300000 12.3025000 0.2450000
v -2.9850000 12.3025000 0.0000000
v -3.2300000 12.3575000 0.2450000
v -3.4750000 12.3575000 0.0000000
v -3.4750000 12.3025000 0.0000000
v -3.2300000 12.3575000 0.2450000
v -3.4750000 12.3025000 0.0000000
v -3.2300000 12.3025000 0.2450000
v -3.4750000 12.3575000 0.0000000
v -3.2300000 12.3575000 -0.2450000
v -3.2300000 12.3025000 -0.2450000
v -3.4750000 12.3575000 0.0000000
v -3.2300000 12.3025000 -0.2450000
v -3.4750000 12.3025000 0.0000000
v -3.2300000 12.3575000 -0.2450000
v -2.9850000 12.3575000 0.0000000
v -2.9850000 12.3025000 0.0000000
v -3.2300000 12.3575000 -0.2450000
v -2.9850000 12.3025000 0.0000000
v -3.2300000 12.3025000 -0.2450000
v -2.9850000 12.6975000 0.0000000
v -3.2300000 12.6975000 0.2450000
v -3.2300000 12.6425000 0.2450000
v -2.9850000 12.6975000 0.0000000
v -3.2300000 12.6425000 0.2450000
v -2.9850000 12.6425000 0.0000000
v -3.2300000 12.6975000 0.2450000
v -3.4750000 12.6975000 0.0000000
v -3.4750000 12.6425000 0.0000000
v -3.2300000 12.6975000 0.2450000
v -3.4750000 12.6425000 0.0000000
v -3.2300000 12.6425000 0.2450000
v -3.4750000 12.6975000 0.0000000
v -3.2300000 12.6975000 -0.2450000
v -3.2300000 12.6425000 -0.2450000
v -3.4750000 12.6975000 0.0000000
v -3.2300000 12.6425000 -0.2450000
v -3.4750000 12.6425000 0.0000000
v -3.2300000 12.6975000 -0.2450000
v -2.9850000 12.6975000 0.0000000
v -2.9850000 12.6425000 0.0000000
v -3.2300000 12.6975000 -0.2450000
v -2.9850000 12.6425000 0.0000000
v -3.2300000 12.6425000 -0.2450000
v 0.4662328 11.9553598 0.0475000
v 0.4662328 11.9553598 -0.0475000
v 3.2162328 12.9553598 -0.0475000
v 0.4662328 11.9553598 0.0475000
v 3.2162328 12.9553598 -0.0475000
v 3.2162328 12.9553598 0.0475000
v 0.4662328 11.9553598 -0.0475000
v 0.4337672 12.0446402 -0.0475000
v 3.1837672 13.0446402 -0.0475000
v 0.4662328 11.9553598 -0.0475000
v 3.1837672 13.0446402 -0.0475000
v 3.2162328 12.9553598 -0.0475000
v 0.4337672 12.0446402 -0.0475000
v 0.4337672 12.0446402 0.0475000
v 3.1837672 13.0446402 0.0475000
v 0.4337672 12.0446402 -0.0475000
v 3.1837672 13.0446402 0.0475000
v 3.1837672 13.0446402 -0.0475000
v 0.4337672 12.0446402 0.0475000
v 0.4662328 11.9553598 0.0475000
v 3.2162328 12.9553598 0.0475000
v 0.4337672 12.0446402 0.0475000
v 3.2162328 12.9553598 0.0475000
v 3.1837672 13.0446402 0.0475000
v 3.4100000 12.9200000 0.0000000
v 3.2300000 12.9200000 0.1800000
v 3.2300000 12.1200000 0.1800000
v 3.4100000 12.9200000 0.0000000
v 3.2300000 12.1200000 0.1800000
v 3.4100000 12.1200000 0.0000000
v 3.2300000 12.1200000 0.0000000
v 3.4100000 12.1200000 0.0000000
v 3.2300000 12.1200000 0.1800000
v 3.2300000 12.9200000 0.0000000
v 3.2300000 12.9200000 0.1800000
v 3.4100000 12.9200000 0.0000000
v 3.2300000 12.9200000 0.1800000
v 3.0500000 12.9200000 0.0000000
v 3.0500000 12.1200000 0.0000000
v 3.2300000 12.9200000 0.1800000
v 3.0500000 12.1200000 0.0000000
v 3.2300000 12.1200000 0.1800000
v 3.2300000 12.1200000 0.0000000
v 3.2300000 12.1200000 0.1800000
v 3.0500000 12.1200000 0.0000000
v 3.2300000 12.9200000 0.0000000
v 3.0500000 12.9200000 0.0000000
v 3.2300000 12.9200000 0.1800000
v 3.0500000 12.9200000 0.0000000
v 3.2300000 12.9200000 -0.1800000
v 3.2300000 12.1200000 -0.1800000
v 3.0500000 12.9200000 0.0000000
v 3.2300000 12.1200000 -0.1800000
v 3.0500000 12.1200000 0.0000000
v 3.2300000 12.1200000 0.0000000
v 3.0500000 12.1200000 0.0000000
v 3.2300000 12.1200000 -0.1800000
v 3.2300000 12.9200000 0.0000000
v 3.2300000 12.9200000 -0.1800000
v 3.0500000 12.9200000 0.0000000
v 3.2300000 12.9200000 -0.1800000
v 3.4100000 12.9200000 0.0000000
v 3.4100000 12.1200000 0.0000000
v 3.2300000 12.9200000 -0.1800000
v 3.4100000 12.1200000 0.0000000
v 3.2300000 12.1200000 -0.1800000
v 3.2300000 12.1200000 0.0000000
v 3.2300000 12.1200000 -0.1800000
v 3.4100000 12.1200000 0.0000000
v 3.2300000 12.9200000 0.0000000
v 3.4100000 12.9200000 0.0000000
v 3.2300000 12.9200000 -0.1800000
v 3.4750000 12.3575000 0.0000000
v 3.2300000 12.3575000 0.2450000
v 3.2300000 12.3025000 0.2450000
v 3.4750000 12.3575000 0.0000000
v 3.2300000 12.3025000 0.2450000
v 3.4750000 12.3025000 0.0000000
v 3.2300000 12.3575000 0.2450000
v 2.9850000 12.3575000 0.0000000
v 2.9850000 12.3025000 0.0000000
v 3.2300000 12.3575000 0.2450000
v 2.9850000 12.3025000 0.0000000
v 3.2300000 12.3025000 0.2450000
v 2.9850000 12.3575000 0.0000000
v 3.2300000 12.3575000 -0.2450000
v 3.2300000 12.3025000 -0.2450000
v 2.9850000 12.3575000 0.0000000
v 3.2300000 12.3025000 -0.2450000
v 2.9850000 12.3025000 0.0000000
v 3.2300000 12.3575000 -0.2450000
v 3.4750000 12.3575000 0.0000000
v 3.4750000 12.3025000 0.0000000
v 3.2300000 12.3575000 -0.2450000
v 3.4750000 12.3025000 0.0000000
v 3.2300000 12.3025000 -0.2450000
v 3.4750000 12.6975000 0.0000000
v 3.2300000 12.6975000 0.2450000
v 3.2300000 12.6425000 0.2450000
v 3.4750000 12.6975000 0.0000000
v 3.2300000 12.6425000 0.2450000
v 3.4750000 12.6425000 0.0000000
v 3.2300000 12.6975000 0.2450000
v 2.9850000 12.6975000 0.0000000
v 2.9850000 12.6425000 0.0000000
v 3.2300000 12.6975000 0.2450000
v 2.9850000 12.6425000 0.0000000
v 3.2300000 12.6425000 0.2450000
v 2.9850000 12.6975000 0.0000000
v 3.2300000 12.6975000 -0.2450000
v 3.2300000 12.6425000 -0.2450000
v 2.9850000 12.6975000 0.0000000
v 3.2300000 12.6425000 -0.2450000
v 2.9850000 12.6425000 0.0000000
v 3.2300000 12.6975000 -0.2450000
v 3.4750000 12.6975000 0.0000000
v 3.4750000 12.6425000 0.0000000
v 3.2300000 12.6975000 -0.2450000
v 3.4750000 12.6425000 0.0000000
v 3.2300000 12.6425000 -0.2450000
v -2.8000000 15.6600000 0.0950000
v -2.8000000 15.6600000 -0.0950000
v 2.8000000 15.6600000 -0.0950000
v -2.8000000 15.6600000 0.0950000
v 2.8000000 15.6600000 -0.0950000
v 2.8000000 15.6600000 0.0950000
v -2.8000000 15.6600000 -0.0950000
v -2.8000000 15.9400000 -0.0950000
v 2.8000000 15.9400000 -0.0950000
v -2.8000000 15.6600000 -0.0950000
v 2.8000000 15.9400000 -0.0950000
v 2.8000000 15.6600000 -0.0950000
v -2.8000000 15.9400000 -0.0950000
v -2.8000000 15.9400000 0.0950000
v 2.8000000 15.9400000 0.0950000
v -2.8000000 15.9400000 -0.0950000
v 2.8000000 15.9400000 0.0950000
v 2.8000000 15.9400000 -0.0950000
v -2.8000000 15.9400000 0.0950000
v -2.8000000 15.6600000 0.0950000
v 2.8000000 15.6600000 0.0950000
v -2.8000000 15.9400000 0.0950000
v 2.8000000 15.6600000 0.0950000
v 2.8000000 15.9400000 0.0950000
v -2.8000000 15.9400000 0.0950000
v -2.8000000 15.9400000 -0.0950000
v -2.8000000 15.6600000 -0.0950000
v -2.8000000 15.9400000 0.0950000
v -2.8000000 15.6600000 -0.0950000
v -2.8000000 15.6600000 0.0950000
v 2.8000000 15.6600000 0.0950000
v 2.8000000 15.6600000 -0.0950000
v 2.8000000 15.9400000 -0.0950000
v 2.8000000 15.6600000 0.0950000
v 2.8000000 15.9400000 -0.0950000
v 2.8000000 15.9400000 0.0950000
v -0.4704218 14.7571141 -0.0475000
v -0.4704218 14.7571141 0.0475000
v -2.5704218 15.7571141 0.0475000
v -0.4704218 14.7571141 -0.0475000
v -2.5704218 15.7571141 0.0475000
v -2.5704218 15.7571141 -0.0475000
v -0.4704218 14.7571141 0.0475000
v -0.4295782 14.8428859 0.0475000
v -2.5295782 15.8428859 0.0475000
v -0.4704218 14.7571141 0.0475000
v -2.5295782 15.8428859 0.0475000
v -2.5704218 15.7571141 0.0475000
v -0.4295782 14.8428859 0.0475000
v -0.4295782 14.8428859 -0.0475000
v -2.5295782 15.8428859 -0.0475000
v -0.4295782 14.8428859 0.0475000
v -2.5295782 15.8428859 -0.0475000
v -2.5295782 15.8428859 0.0475000
v -0.4295782 14.8428859 -0.0475000
v -0.4704218 14.7571141 -0.0475000
v -2.5704218 15.7571141 -0.0475000
v -0.4295782 14.8428859 -0.0475000
v -2.5704218 15.7571141 -0.0475000
v -2.5295782 15.8428859 -0.0475000
v -2.4000000 15.7200000 0.0000000
v -2.5800000 15.7200000 0.1800000
v -2.5800000 14.9200000 0.1800000
v -2.4000000 15.7200000 0.0000000
v -2.5800000 14.9200000 0.1800000
v -2.4000000 14.9200000 0.0000000
v -2.5800000 14.9200000 0.0000000
v -2.4000000 14.9200000 0.0000000
v -2.5800000 14.9200000 0.1800000
v -2.5800000 15.7200000 0.0000000
v -2.5800000 15.7200000 0.1800000
v -2.4000000 15.7200000 0.0000000
v -2.5800000 15.7200000 0.1800000
v -2.7600000 15.7200000 0.0000000
v -2.7600000 14.9200000 0.0000000
v -2.5800000 15.7200000 0.1800000
v -2.7600000 14.9200000 0.0000000
v -2.5800000 14.9200000 0.1800000
v -2.5800000 14.9200000 0.0000000
v -2.5800000 14.9200000 0.1800000
v -2.7600000 14.9200000 0.0000000
v -2.5800000 15.7200000 0.0000000
v -2.7600000 15.7200000 0.0000000
v -2.5800000 15.7200000 0.1800000
v -2.7600000 15.7200000 0.0000000
v -2.5800000 15.7200000 -0.1800000
v -2.5800000 14.9200000 -0.1800000
v -2.7600000 15.7200000 0.0000000
v -2.5800000 14.9200000 -0.1800000
v -2.7600000 14.9200000 0.0000000
v -2.5800000 14.9200000 0.0000000
v -2.7600000 14.9200000 0.0000000
v -2.5800000 14.9200000 -0.1800000
v -2.5800000 15.7200000 0.0000000
v -2.5800000 15.7200000 -0.1800000
v -2.7600000 15.7200000 0.0000000
v -2.5800000 15.7200000 -0.1800000
v -2.4000000 15.7200000 0.0000000
v -2.4000000 14.9200000 0.0000000
v -2.5800000 15.7200000 -0.1800000
v -2.4000000 14.9200000 0.0000000
v -2.5800000 14.9200000 -0.1800000
v -2.5800000 14.9200000 0.0000000
v -2.5800000 14.9200000 -0.1800000
v -2.4000000 14.9200000 0.0000000
v -2.5800000 15.7200000 0.0000000
v -2.4000000 15.7200000 0.0000000
v -2.5800000 15.7200000 -0.1800000
v -2.3350000 15.1575000 0.0000000
v -2.5800000 15.1575000 0.2450000
v -2.5800000 15.1025000 0.2450000
v -2.3350000 15.1575000 0.0000000
v -2.5800000 15.1025000 0.2450000
v -2.3350000 15.1025000 0.0000000
v -2.5800000 15.1575000 0.2450000
v -2.8250000 15.1575000 0.0000000
v -2.8250000 15.1025000 0.0000000
v -2.5800000 15.1575000 0.2450000
v -2.8250000 15.1025000 0.0000000
v -2.5800000 15.1025000 0.2450000
v -2.8250000 15.1575000 0.0000000
v -2.5800000 15.1575000 -0.2450000
v -2.5800000 15.1025000 -0.2450000
v -2.8250000 15.1575000 0.0000000
v -2.5800000 15.1025000 -0.2450000
v -2.8250000 15.1025000 0.0000000
v -2.5800000 15.1575000 -0.2450000
v -2.3350000 15.1575000 0.0000000
v -2.3350000 15.1025000 0.0000000
v -2.5800000 15.1575000 -0.2450000
v -2.3350000 15.1025000 0.0000000
v -2.5800000 15.1025000 -0.2450000
v -2.3350000 15.4975000 0.0000000
v -2.5800000 15.4975000 0.2450000
v -2.5800000 15.4425000 0.2450000
v -2.3350000 15.4975000 0.0000000
v -2.5800000 15.4425000 0.2450000
v -2.3350000 15.4425000 0.0000000
v -2.5800000 15.4975000 0.2450000
v -2.8250000 15.4975000 0.0000000
v -2.8250000 15.4425000 0.0000000
v -2.5800000 15.4975000 0.2450000
v -2.8250000 15.4425000 0.0000000
v -2.5800000 15.4425000 0.2450000
v -2.8250000 15.4975000 0.0000000
v -2.5800000 15.4975000 -0.2450000
v -2.5800000 15.4425000 -0.2450000
v -2.8250000 15.4975000 0.0000000
v -2.5800000 15.4425000 -0.2450000
v -2.8250000 15.4425000 0.0000000
v -2.5800000 15.4975000 -0.2450000
v -2.3350000 15.4975000 0.0000000
v -2.3350000 15.4425000 0.0000000
v -2.5800000 15.4975000 -0.2450000
v -2.3350000 15.4425000 0.0000000
v -2.5800000 15.4425000 -0.2450000
v 0.4704218 14.7571141 0.0475000
v 0.4704218 14.7571141 -0.0475000
v 2.5704218 15.7571141 -0.0475000
v 0.4704218 14.7571141 0.0475000
v 2.5704218 15.7571141 -0.0475000
v 2.5704218 15.7571141 0.0475000
v 0.4704218 14.7571141 -0.0475000
v 0.4295782 14.8428859 -0.0475000
v 2.5295782 15.8428859 -0.0475000
v 0.4704218 14.7571141 -0.0475000
v 2.5295782 15.8428859 -0.0475000
v 2.5704218 15.7571141 -0.0475000
v 0.4295782 14.8428859 -0.0475000
v 0.4295782 14.8428859 0.0475000
v 2.5295782 15.8428859 0.0475000
v 0.4295782 14.8428859 -0.0475000
v 2.5295782 15.8428859 0.0475000
v 2.5295782 15.8428859 -0.0475000
v 0.4295782 14.8428859 0.0475000
v 0.4704218 14.7571141 0.0475000
v 2.5704218 15.7571141 0.0475000
v 0.4295782 14.8428859 0.0475000
v 2.5704218 15.7571141 0.0475000
v 2.5295782 15.8428859 0.0475000
v 2.7600000 15.7200000 0.0000000
v 2.5800000 15.7200000 0.1800000
v 2.5800000 14.9200000 0.1800000
v 2.7600000 15.7200000 0.0000000
v 2.5800000 14.9200000 0.1800000
v 2.7600000 14.9200000 0.0000000
v 2.5800000 14.9200000 0.0000000
v 2.7600000 14.9200000 0.0000000
v 2.5800000 14.9200000 0.1800000
v 2.5800000 15.7200000 0.0000000
v 2.5800000 15.7200000 0.1800000
v 2.7600000 15.7200000 0.0000000
v 2.5800000 15.7200000 0.1800000
v 2.4000000 15.7200000 0.0000000
v 2.4000000 14.9200000 0.0000000
v 2.5800000 15.7200000 0.1800000
v 2.4000000 14.9200000 0.0000000
v 2.5800000 14.9200000 0.1800000
v 2.5800000 14.9200000 0.0000000
v 2.5800000 14.9200000 0.1800000
v 2.4000000 14.9200000 0.0000000
v 2.5800000 15.7200000 0.0000000
v 2.4000000 15.7200000 0.0000000
v 2.5800000 15.7200000 0.1800000
v 2.4000000 15.7200000 0.0000000
v 2.5800000 15.7200000 -0.1800000
v 2.5800000 14.9200000 -0.1800000
v 2.4000000 15.7200000 0.0000000
v 2.5800000 14.9200000 -0.1800000
v 2.4000000 14.9200000 0.0000000
v 2.5800000 14.9200000 0.0000000
v 2.4000000 14.9200000 0.0000000
v 2.5800000 14.9200000 -0.1800000
v 2.5800000 15.7200000 0.0000000
v 2.5800000 15.7200000 -0.1800000
v 2.4000000 15.7200000 0.0000000
v 2.5800000 15.7200000 -0.1800000
v 2.7600000 15.7200000 0.0000000
v 2.7600000 14.9200000 0.0000000
v 2.5800000 15.7200000 -0.1800000
v 2.7600000 14.9200000 0.0000000
v 2.5800000 14.9200000 -0.1800000
v 2.5800000 14.9200000 0.0000000
v 2.5800000 14.9200000 -0.1800000
v 2.7600000 14.9200000 0.0000000
v 2.5800000 15.7200000 0.0000000
v 2.7600000 15.7200000 0.0000000
v 2.5800000 15.7200000 -0.1800000
v 2.8250000 15.1575000 0.0000000
v 2.5800000 15.1575000 0.2450000
v 2.5800000 15.1025000 0.2450000
v 2.8250000 15.1575000 0.0000000
v 2.5800000 15.1025000 0.2450000
v 2.8250000 15.1025000 0.0000000
v 2.5800000 15.1575000 0.2450000
v 2.3350000 15.1575000 0.0000000
v 2.3350000 15.1025000 0.0000000
v 2.5800000 15.1575000 0.2450000
v 2.3350000 15.1025000 0.0000000
v 2.5800000 15.1025000 0.2450000
v 2.3350000 15.1575000 0.0000000
v 2.5800000 15.1575000 -0.2450000
v 2.5800000 15.1025000 -0.2450000
v 2.3350000 15.1575000 0.0000000
v 2.5800000 15.1025000 -0.2450000
v 2.3350000 15.1025000 0.0000000
v 2.5800000 15.1575000 -0.2450000
v 2.8250000 15.1575000 0.0000000
v 2.8250000 15.1025000 0.0000000
v 2.5800000 15.1575000 -0.2450000
v 2.8250000 15.1025000 0.0000000
v 2.5800000 15.1025000 -0.2450000
v 2.8250000 15.4975000 0.0000000
v 2.5800000 15.4975000 0.2450000
v 2.5800000 15.4425000 0.2450000
v 2.8250000 15.4975000 0.0000000
v 2.5800000 15.4425000 0.2450000
v 2.8250000 15.4425000 0.0000000
v 2.5800000 15.4975000 0.2450000
v 2.3350000 15.4975000 0.0000000
v 2.3350000 15.4425000 0.0000000
v 2.5800000 15.4975000 0.2450000
v 2.3350000 15.4425000 0.0000000
v 2.5800000 15.4425000 0.2450000
v 2.3350000 15.4975000 0.0000000
v 2.5800000 15.4975000 -0.2450000
v 2.5800000 15.4425000 -0.2450000
v 2.3350000 15.4975000 0.0000000
v 2.5800000 15.4425000 -0.2450000
v 2.3350000 15.4425000 0.0000000
v 2.5800000 15.4975000 -0.2450000
v 2.8250000 15.4975000 0.0000000
v 2.8250000 15.4425000 0.0000000
v 2.5800000 15.4975000 -0.2450000
v 2.8250000 15.4425000 0.0000000
v 2.5800000 15.4425000 -0.2450000
v -2.0750000 0.0000000 -2.0750000
v -2.0750000 0.1800000 -2.0750000
v -1.5250000 0.1800000 -2.0750000
v -2.0750000 0.0000000 -2.0750000
v -1.5250000 0.1800000 -2.0750000
v -1.5250000 0.0000000 -2.0750000
v -2.0750000 0.0000000 -1.5250000
v -1.5250000 0.0000000 -1.5250000
v -1.5250000 0.1800000 -1.5250000
v -2.0750000 0.0000000 -1.5250000
v -1.5250000 0.1800000 -1.5250000
v -2.0750000 0.1800000 -1.5250000
v -2.0750000 0.0000000 -2.0750000
v -2.0750000 0.0000000 -1.5250000
v -2.0750000 0.1800000 -1.5250000
v -2.0750000 0.0000000 -2.0750000
v -2.0750000 0.1800000 -1.5250000
v -2.0750000 0.1800000 -2.0750000
v -1.5250000 0.0000000 -2.0750000
v -1.5250000 0.1800000 -2.0750000
v -1.5250000 0.1800000 -1.5250000
v -1.5250000 0.0000000 -2.0750000
v -1.5250000 0.1800000 -1.5250000
v -1.5250000 0.0000000 -1.5250000
v -2.0750000 0.0000000 -2.0750000
v -1.5250000 0.0000000 -2.0750000
v -1.5250000 0.0000000 -1.5250000
v -2.0750000 0.0000000 -2.0750000
v -1.5250000 0.0000000 -1.5250000
v -2.0750000 0.0000000 -1.5250000
v -2.0750000 0.1800000 -2.0750000
v -2.0750000 0.1800000 -1.5250000
v -1.5250000 0.1800000 -1.5250000
v -2.0750000 0.1800000 -2.0750000
v -1.5250000 0.1800000 -1.5250000
v -1.5250000 0.1800000 -2.0750000
v -2.0750000 0.0000000 1.5250000
v -2.0750000 0.1800000 1.5250000
v -1.5250000 0.1800000 1.5250000
v -2.0750000 0.0000000 1.5250000
v -1.5250000 0.1800000 1.5250000
v -1.5250000 0.0000000 1.5250000
v -2.0750000 0.0000000 2.0750000
v -1.5250000 0.0000000 2.0750000
v -1.5250000 0.1800000 2.0750000
v -2.0750000 0.0000000 2.0750000
v -1.5250000 0.1800000 2.0750000
v -2.0750000 0.1800000 2.0750000
v -2.0750000 0.0000000 1.5250000
v -2.0750000 0.0000000 2.0750000
v -2.0750000 0.1800000 2.0750000
v -2.0750000 0.0000000 1.5250000
v -2.0750000 0.1800000 2.0750000
v -2.0750000 0.1800000 1.5250000
v -1.5250000 0.0000000 1.5250000
v -1.5250000 0.1800000 1.5250000
v -1.5250000 0.1800000 2.0750000
v -1.5250000 0.0000000 1.5250000
v -1.5250000 0.1800000 2.0750000
v -1.5250000 0.0000000 2.0750000
v -2.0750000 0.0000000 1.5250000
v -1.5250000 0.0000000 1.5250000
v -1.5250000 0.0000000 2.0750000
v -2.0750000 0.0000000 1.5250000
v -1.5250000 0.0000000 2.0750000
v -2.0750000 0.0000000 2.0750000
v -2.0750000 0.1800000 1.5250000
v -2.0750000 0.1800000 2.0750000
v -1.5250000 0.1800000 2.0750000
v -2.0750000 0.1800000 1.5250000
v -1.5250000 0.1800000 2.0750000
v -1.5250000 0.1800000 1.5250000
v 1.5250000 0.0000000 -2.0750000
v 1.5250000 0.1800000 -2.0750000
v 2.0750000 0.1800000 -2.0750000
v 1.5250000 0.0000000 -2.0750000
v 2.0750000 0.1800000 -2.0750000
v 2.0750000 0.0000000 -2.0750000
v 1.5250000 0.0000000 -1.5250000
v 2.0750000 0.0000000 -1.5250000
v 2.0750000 0.1800000 -1.5250000
v 1.5250000 0.0000000 -1.5250000
v 2.0750000 0.1800000 -1.5250000
v 1.5250000 0.1800000 -1.5250000
v 1.5250000 0.0000000 -2.0750000
v 1.5250000 0.0000000 -1.5250000
v 1.5250000 0.1800000 -1.5250000
v 1.5250000 0.0000000 -2.0750000
v 1.5250000 0.1800000 -1.5250000
v 1.5250000 0.1800000 -2.0750000
v 2.0750000 0.0000000 -2.0750000
v 2.0750000 0.1800000 -2.0750000
v 2.0750000 0.1800000 -1.5250000
v 2.0750000 0.0000000 -2.0750000
v 2.0750000 0.1800000 -1.5250000
v 2.0750000 0.0000000 -1.5250000
v 1.5250000 0.0000000 -2.0750000
v 2.0750000 0.0000000 -2.0750000
v 2.0750000 0.0000000 -1.5250000
v 1.5250000 0.0000000 -2.0750000
v 2.0750000 0.0000000 -1.5250000
v 1.5250000 0.0000000 -1.5250000
v 1.5250000 0.1800000 -2.0750000
v 1.5250000 0.1800000 -1.5250000
v 2.0750000 0.1800000 -1.5250000
v 1.5250000 0.1800000 -2.0750000
v 2.0750000 0.1800000 -1.5250000
v 2.0750000 0.1800000 -2.0750000
v 1.5250000 0.0000000 1.5250000
v 1.5250000 0.1800000 1.5250000
v 2.0750000 0.1800000 1.5250000
v 1.5250000 0.0000000 1.5250000
v 2.0750000 0.1800000 1.5250000
v 2.0750000 0.0000000 1.5250000
v 1.5250000 0.0000000 2.0750000
v 2.0750000 0.0000000 2.0750000
v 2.0750000 0.1800000 2.0750000
v 1.5250000 0.0000000 2.0750000
v 2.0750000 0.1800000 2.0750000
v 1.5250000 0.1800000 2.0750000
v 1.5250000 0.0000000 1.5250000
v 1.5250000 0.0000000 2.0750000
v 1.5250000 0.1800000 2.0750000
v 1.5250000 0.0000000 1.5250000
v 1.5250000 0.1800000 2.0750000
v 1.5250000 0.1800000 1.5250000
v 2.0750000 0.0000000 1.5250000
v 2.0750000 0.1800000 1.5250000
v 2.0750000 0.1800000 2.0750000
v 2.0750000 0.0000000 1.5250000
v 2.0750000 0.1800000 2.0750000
v 2.0750000 0.0000000 2.0750000
v 1.5250000 0.0000000 1.5250000
v 2.0750000 0.0000000 1.5250000
v 2.0750000 0.0000000 2.0750000
v 1.5250000 0.0000000 1.5250000
v 2.0750000 0.0000000 2.0750000
v 1.5250000 0.0000000 2.0750000
v 1.5250000 0.1800000 1.5250000
v 1.5250000 0.1800000 2.0750000
v 2.0750000 0.1800000 2.0750000
v 1.5250000 0.1800000 1.5250000
v 2.0750000 0.1800000 2.0750000
v 2.0750000 0.1800000 1.5250000
vn -0.9923953 0.1221410 0.0152676
vn -0.9923953 0.1221410 0.0152676
vn 0.0000000 -0.1240347 0.9922779
vn 0.0000000 -0.1240347 0.9922779
vn 0.9923953 -0.1221410 -0.0152676
vn 0.9923953 -0.1221410 -0.0152676
vn -0.0000000 0.1240347 -0.9922779
vn 0.0000000 0.1240347 -0.9922779
vn -0.9923953 0.1221410 -0.0152676
vn -0.9923953 0.1221410 -0.0152676
vn -0.0000000 0.1240347 0.9922779
vn 0.0000000 0.1240347 0.9922779
vn 0.9923953 -0.1221410 0.0152676
vn 0.9923953 -0.1221410 0.0152676
vn 0.0000000 -0.1240347 -0.9922779
vn 0.0000000 -0.1240347 -0.9922779
vn -0.9923953 -0.1221410 -0.0152676
vn -0.9923953 -0.1221410 -0.0152676
vn -0.0000000 -0.1240347 0.9922779
vn 0.0000000 -0.1240347 0.9922779
vn 0.9923953 0.1221410 0.0152676
vn 0.9923953 0.1221410 0.0152676
vn 0.0000000 0.1240347 -0.9922779
vn 0.0000000 0.1240347 -0.9922779
vn -0.9923953 -0.1221410 0.0152676
vn -0.9923953 -0.1221410 0.0152676
vn 0.0000000 0.1240347 0.9922779
vn 0.0000000 0.1240347 0.9922779
vn 0.9923953 0.1221410 -0.0152676
vn 0.9923953 0.1221410 -0.0152676
vn -0.0000000 -0.1240347 -0.9922779
vn 0.0000000 -0.1240347 -0.9922779
vn 0.7417381 -0.6622662 0.1059626
vn 0.7417381 -0.6622662 0.1059626
vn 0.1414214 -0.0000000 -0.9899495
vn 0.1414214 0.0000000 -0.9899495
vn -0.7417381 0.6622662 -0.1059626
vn -0.7417381 0.6622662 -0.1059626
vn -0.1414214 0.0000000 0.9899495
vn -0.1414214 0.0000000 0.9899495
vn -0.7417381 -0.6622662 0.1059626
vn -0.7417381 -0.6622662 0.1059626
vn 0.1414214 0.0000000 0.9899495
vn 0.1414214 0.0000000 0.9899495
vn 0.7417381 0.6622662 -0.1059626
vn 0.7417381 0.6622662 -0.1059626
vn -0.1414214 0.0000000 -0.9899495
vn -0.1414214 0.0000000 -0.9899495
vn 0.1059626 -0.6622662 0.7417381
vn 0.1059626 -0.6622662 0.7417381
vn 0.9899495 0.0000000 -0.1414214
vn 0.9899495 0.0000000 -0.1414214
vn -0.1059626 0.6622662 -0.7417381
vn -0.1059626 0.6622662 -0.7417381
vn -0.9899495 0.0000000 0.1414214
vn -0.9899495 0.0000000 0.1414214
vn 0.1059626 -0.6622662 -0.7417381
vn 0.1059626 -0.6622662 -0.7417381
vn -0.9899495 -0.0000000 -0.1414214
vn -0.9899495 0.0000000 -0.1414214
vn -0.1059626 0.6622662 0.7417381
vn -0.1059626 0.6622662 0.7417381
vn 0.9899495 0.0000000 0.1414214
vn 0.9899495 0.0000000 0.1414214
vn 0.7417381 -0.6622662 -0.1059626
vn 0.7417381 -0.6622662 -0.1059626
vn -0.1414214 0.0000000 -0.9899495
vn -0.1414214 0.0000000 -0.9899495
vn -0.7417381 0.6622662 0.1059626
vn -0.7417381 0.6622662 0.1059626
vn 0.1414214 0.0000000 0.9899495
vn 0.1414214 0.0000000 0.9899495
vn -0.7417381 -0.6622662 -0.1059626
vn -0.7417381 -0.6622662 -0.1059626
vn -0.1414214 -0.0000000 0.9899495
vn -0.1414214 0.0000000 0.9899495
vn 0.7417381 0.6622662 0.1059626
vn 0.7417381 0.6622662 0.1059626
vn 0.1414214 0.0000000 -0.9899495
vn 0.1414214 0.0000000 -0.9899495
vn -0.1059626 -0.6622662 0.7417381
vn -0.1059626 -0.6622662 0.7417381
vn 0.9899495 -0.0000000 0.1414214
vn 0.9899495 0.0000000 0.1414214
vn 0.1059626 0.6622662 -0.7417381
vn 0.1059626 0.6622662 -0.7417381
vn -0.9899495 0.0000000 -0.1414214
vn -0.9899495 0.0000000 -0.1414214
vn -0.1059626 -0.6622662 -0.7417381
vn -0.1059626 -0.6622662 -0.7417381
vn -0.9899495 0.0000000 0.1414214
vn -0.9899495 0.0000000 0.1414214
vn 0.1059626 0.6622662 0.7417381
vn 0.1059626 0.6622662 0.7417381
vn 0.9899495 0.0000000 -0.1414214
vn 0.9899495 0.0000000 -0.1414214
vn 0.0000000 -1.0000000 0.0000000
vn 0.0000000 -1.0000000 0.0000000
vn 0.0000000 0.0000000 -1.0000000
vn 0.0000000 0.0000000 -1.0000000
vn 0.0000000 1.0000000 0.0000000
vn 0.0000000 1.0000000 0.0000000
vn 0.0000000 0.0000000 1.0000000
vn -0.0000000 0.0000000 1.0000000
vn 0.0000000 -1.0000000 0.0000000
vn 0.0000000 -1.0000000 0.0000000
vn 1.0000000 0.0000000 0.0000000
vn 1.0000000 0.0000000 0.0000000
vn 0.0000000 1.0000000 0.0000000
vn 0.0000000 1.0000000 -0.0000000
vn -1.0000000 0.0000000 0.0000000
vn -1.0000000 0.0000000 0.0000000
vn 0.0000000 -1.0000000 0.0000000
vn 0.0000000 -1.0000000 0.0000000
vn 0.0000000 0.0000000 -1.0000000
vn 0.0000000 0.0000000 -1.0000000
vn 0.0000000 1.0000000 0.0000000
vn 0.0000000 1.0000000 0.0000000
vn 0.0000000 0.0000000 1.0000000
vn -0.0000000 0.0000000 1.0000000
vn 0.0000000 -1.0000000 0.0000000
vn 0.0000000 -1.0000000 0.0000000
vn 1.0000000 0.0000000 0.0000000
vn 1.0000000 0.0000000 0.0000000
vn 0.0000000 1.0000000 0.0000000
vn 0.0000000 1.0000000 -0.0000000
vn -1.0000000 0.0000000 0.0000000
vn -1.0000000 0.0000000 0.0000000
vn -0.9948353 0.1009722 0.0103561
vn -0.9948353 0.1009722 0.0103561
vn -0.0000000 -0.1020289 0.9947814
vn 0.0000000 -0.1020289 0.9947814
vn 0.9948353 -0.1009722 -0.0103561
vn 0.9948353 -0.1009722 -0.0103561
vn 0.0000000 0.1020289 -0.9947814
vn 0.0000000 0.1020289 -0.9947814
vn -0.9948353 0.1009722 -0.0103561
vn -0.9948353 0.1009722 -0.0103561
vn 0.0000000 0.1020289 0.9947814
vn 0.0000000 0.1020289 0.9947814
vn 0.9948353 -0.1009722 0.0103561
vn 0.9948353 -0.1009722 0.0103561
vn -0.0000000 -0.1020289 -0.9947814
vn 0.0000000 -0.1020289 -0.9947814
vn -0.9948353 -0.1009722 -0.0103561
vn -0.9948353 -0.1009722 -0.0103561
vn 0.0000000 -0.1020289 0.9947814
vn -0.0000000 -0.1020289 0.9947814
vn 0.9948353 0.1009722 0.0103561
vn 0.9948353 0.1009722 0.0103561
vn -0.0000000 0.1020289 -0.9947814
vn 0.0000000 0.1020289 -0.9947814
vn -0.9948353 -0.1009722 0.0103561
vn -0.9948353 -0.1009722 0.0103561
vn -0.0000000 0.1020289 0.9947814
vn -0.0000000 0.1020289 0.9947814
vn 0.9948353 0.1009722 -0.0103561
vn 0.9948353 0.1009722 -0.0103561
vn 0.0000000 -0.1020289 -0.9947814
vn -0.0000000 -0.1020289 -0.9947814
vn 0.8453354 -0.5136096 0.1470148
vn 0.8453354 -0.5136096 0.1470148
vn 0.1713412 -0.0000000 -0.9852118
vn 0.1713412 0.0000000 -0.9852118
vn -0.8453354 0.5136096 -0.1470148
vn -0.8453354 0.5136096 -0.1470148
vn -0.1713412 0.0000000 0.9852118
vn -0.1713412 -0.0000000 0.9852118
vn -0.8453354 -0.5136096 0.1470148
vn -0.8453354 -0.5136096 0.1470148
vn 0.1713412 0.0000000 0.9852118
vn 0.1713412 0.0000000 0.9852118
vn 0.8453354 0.5136096 -0.1470148
vn 0.8453354 0.5136096 -0.1470148
vn -0.1713412 -0.0000000 -0.9852118
vn -0.1713412 0.0000000 -0.9852118
vn 0.1470148 -0.5136096 0.8453354
vn 0.1470148 -0.5136096 0.8453354
vn 0.9852118 0.0000000 -0.1713412
vn 0.9852118 0.0000000 -0.1713412
vn -0.1470148 0.5136096 -0.8453354
vn -0.1470148 0.5136096 -0.8453354
vn -0.9852118 -0.0000000 0.1713412
vn -0.9852118 0.0000000 0.1713412
vn 0.1470148 -0.5136096 -0.8453354
vn 0.1470148 -0.5136096 -0.8453354
vn -0.9852118 -0.0000000 -0.1713412
vn -0.9852118 0.0000000 -0.1713412
vn -0.1470148 0.5136096 0.8453354
vn -0.1470148 0.5136096 0.8453354
vn 0.9852118 0.0000000 0.1713412
vn 0.9852118 -0.0000000 0.1713412
vn 0.8453354 -0.5136096 -0.1470148
vn 0.8453354 -0.5136096 -0.1470148
vn -0.1713412 0.0000000 -0.9852118
vn -0.1713412 0.0000000 -0.9852118
vn -0.8453354 0.5136096 0.1470148
vn -0.8453354 0.5136096 0.1470148
vn 0.1713412 -0.0000000 0.9852118
vn 0.1713412 0.0000000 0.9852118
vn -0.8453354 -0.5136096 -0.1470148
vn -0.8453354 -0.5136096 -0.1470148
vn -0.1713412 -0.0000000 0.9852118
vn -0.1713412 0.0000000 0.9852118
vn 0.8453354 0.5136096 0.1470148
vn 0.8453354 0.5136096 0.1470148
vn 0.1713412 0.0000000 -0.9852118
vn 0.1713412 -0.0000000 -0.9852118
vn -0.1470148 -0.5136096 0.8453354
vn -0.1470148 -0.5136096 0.8453354
vn 0.9852118 -0.0000000 0.1713412
vn 0.9852118 0.0000000 0.1713412
vn 0.1470148 0.5136096 -0.8453354
vn 0.1470148 0.5136096 -0.8453354
vn -0.9852118 0.0000000 -0.1713412
vn -0.9852118 -0.0000000 -0.1713412
vn -0.1470148 -0.5136096 -0.8453354
vn -0.1470148 -0.5136096 -0.8453354
vn -0.9852118 0.0000000 0.1713412
vn -0.9852118 0.0000000 0.1713412
vn 0.1470148 0.5136096 0.8453354
vn 0.1470148 0.5136096 0.8453354
vn 0.9852118 -0.0000000 -0.1713412
vn 0.9852118 0.0000000 -0.1713412
vn 0.0000000 -1.0000000 0.0000000
vn 0.0000000 -1.0000000 0.0000000
vn 0.0000000 0.0000000 -1.0000000
vn 0.0000000 0.0000000 -1.0000000
vn 0.0000000 1.0000000 0.0000000
vn 0.0000000 1.0000000 0.0000000
vn 0.0000000 0.0000000 1.0000000
vn -0.0000000 0.0000000 1.0000000
vn 0.0000000 -1.0000000 0.0000000
vn 0.0000000 -1.0000000 0.0000000
vn 1.0000000 0.0000000 0.0000000
vn 1.0000000 0.0000000 0.0000000
vn 0.0000000 1.0000000 0.0000000
vn 0.0000000 1.0000000 -0.0000000
vn -1.0000000 0.0000000 0.0000000
vn -1.0000000 0.0000000 0.0000000
vn 0.0000000 -1.0000000 0.0000000
vn 0.0000000 -1.0000000 0.0000000
vn 0.0000000 0.0000000 -1.0000000
vn 0.0000000 0.0000000 -1.0000000
vn 0.0000000 1.0000000 0.0000000
vn 0.0000000 1.0000000 0.0000000
vn 0.0000000 0.0000000 1.0000000
vn -0.0000000 0.0000000 1.0000000
vn 0.0000000 -1.0000000 0.0000000
vn 0.0000000 -1.0000000 0.0000000
vn 1.0000000 0.0000000 0.0000000
vn 1.0000000 0.0000000 0.0000000
vn 0.0000000 1.0000000 0.0000000
vn 0.0000000 1.0000000 -0.0000000
vn -1.0000000 0.0000000 0.0000000
vn -1.0000000 0.0000000 0.0000000
vn -0.9927211 0.1195468 0.0146113
vn -0.9927211 0.1195468 0.0146113
vn -0.0000000 -0.1213194 0.9926135
vn 0.0000000 -0.1213194 0.9926135
vn 0.9927211 -0.1195468 -0.0146113
vn 0.9927211 -0.1195468 -0.0146113
vn 0.0000000 0.1213194 -0.9926135
vn 0.0000000 0.1213194 -0.9926135
vn -0.9927211 0.1195468 -0.0146113
vn -0.9927211 0.1195468 -0.0146113
vn 0.0000000 0.1213194 0.9926135
vn 0.0000000 0.1213194 0.9926135
vn 0.9927211 -0.1195468 0.0146113
vn 0.9927211 -0.1195468 0.0146113
vn -0.0000000 -0.1213194 -0.9926135
vn -0.0000000 -0.1213194 -0.9926135
vn -0.9927211 -0.1195468 -0.0146113
vn -0.9927211 -0.1195468 -0.0146113
vn 0.0000000 -0.1213194 0.9926135
vn 0.0000000 -0.1213194 0.9926135
vn 0.9927211 0.1195468 0.0146113
vn 0.9927211 0.1195468 0.0146113
vn -0.0000000 0.1213194 -0.9926135
vn 0.0000000 0.1213194 -0.9926135
vn -0.9927211 -0.1195468 0.0146113
vn -0.9927211 -0.1195468 0.0146113
vn -0.0000000 0.1213194 0.9926135
vn 0.0000000 0.1213194 0.9926135
vn 0.9927211 0.1195468 -0.0146113
vn 0.9927211 0.1195468 -0.0146113
vn 0.0000000 -0.1213194 -0.9926135
vn 0.0000000 -0.1213194 -0.9926135
vn 0.8413058 -0.5108169 0.1768350
vn 0.8413058 -0.5108169 0.1768350
vn 0.2056963 0.0000000 -0.9786159
vn 0.2056963 0.0000000 -0.9786159
vn -0.8413058 0.5108169 -0.1768350
vn -0.8413058 0.5108169 -0.1768350
vn -0.2056963 0.0000000 0.9786159
vn -0.2056963 0.0000000 0.9786159
vn -0.8413058 -0.5108169 0.1768350
vn -0.8413058 -0.5108169 0.1768350
vn 0.2056963 0.0000000 0.9786159
vn 0.2056963 0.0000000 0.9786159
vn 0.8413058 0.5108169 -0.1768350
vn 0.8413058 0.5108169 -0.1768350
vn -0.2056963 0.0000000 -0.9786159
vn -0.2056963 0.0000000 -0.9786159
vn 0.1768350 -0.5108169 0.8413058
vn 0.1768350 -0.5108169 0.8413058
vn 0.9786159 0.0000000 -0.2056963
vn 0.9786159 0.0000000 -0.2056963
vn -0.1768350 0.5108169 -0.8413058
vn -0.1768350 0.5108169 -0.8413058
vn -0.9786159 0.0000000 0.2056963
vn -0.9786159 0.0000000 0.2056963
vn 0.1768350 -0.5108169 -0.8413058
vn 0.1768350 -0.5108169 -0.8413058
vn -0.9786159 0.0000000 -0.2056963
vn -0.9786159 0.0000000 -0.2056963
vn -0.1768350 0.5108169 0.8413058
vn -0.1768350 0.5108169 0.8413058
vn 0.9786159 0.0000000 0.2056963
vn 0.9786159 0.0000000 0.2056963
vn 0.8413058 -0.5108169 -0.1768350
vn 0.8413058 -0.5108169 -0.1768350
vn -0.2056963 0.0000000 -0.9786159
vn -0.2056963 0.0000000 -0.9786159
vn -0.8413058 0.5108169 0.1768350
vn -0.8413058 0.5108169 0.1768350
vn 0.2056963 0.0000000 0.9786159
vn 0.2056963 0.0000000 0.9786159
vn -0.8413058 -0.5108169 -0.1768350
vn -0.8413058 -0.5108169 -0.1768350
vn -0.2056963 0.0000000 0.9786159
vn -0.2056963 0.0000000 0.9786159
vn 0.8413058 0.5108169 0.1768350
vn 0.8413058 0.5108169 0.1768350
vn 0.2056963 0.0000000 -0.9786159
vn 0.2056963 0.0000000 -0.9786159
vn -0.1768350 -0.5108169 0.8413058
vn -0.1768350 -0.5108169 0.8413058
vn 0.9786159 0.0000000 0.2056963
vn 0.9786159 0.0000000 0.2056963
vn 0.1768350 0.5108169 -0.8413058
vn 0.1768350 0.5108169 -0.8413058
vn -0.9786159 0.0000000 -0.2056963
vn -0.9786159 0.0000000 -0.2056963
vn -0.1768350 -0.5108169 -0.8413058
vn -0.1768350 -0.5108169 -0.8413058
vn -0.9786159 0.0000000 0.2056963
vn -0.9786159 0.0000000 0.2056963
vn 0.1768350 0.5108169 0.8413058
vn 0.1768350 0.5108169 0.8413058
vn 0.9786159 0.0000000 -0.2056963
vn 0.9786159 0.0000000 -0.2056963
vn 0.0000000 -1.0000000 0.0000000
vn 0.0000000 -1.0000000 0.0000000
vn 0.0000000 0.0000000 -1.0000000
vn 0.0000000 0.0000000 -1.0000000
vn 0.0000000 1.0000000 0.0000000
vn 0.0000000 1.0000000 0.0000000
vn 0.0000000 0.0000000 1.0000000
vn -0.0000000 0.0000000 1.0000000
vn 0.0000000 -1.0000000 0.0000000
vn 0.0000000 -1.0000000 0.0000000
vn 1.0000000 0.0000000 0.0000000
vn 1.0000000 0.0000000 0.0000000
vn 0.0000000 1.0000000 0.0000000
vn 0.0000000 1.0000000 -0.0000000
vn -1.0000000 0.0000000 0.0000000
vn -1.0000000 0.0000000 0.0000000
vn 0.0000000 -1.0000000 0.0000000
vn 0.0000000 -1.0000000 0.0000000
vn 0.0000000 0.0000000 -1.0000000
vn 0.0000000 0.0000000 -1.0000000
vn 0.0000000 1.0000000 0.0000000
vn 0.0000000 1.0000000 0.0000000
vn 0.0000000 0.0000000 1.0000000
vn -0.0000000 0.0000000 1.0000000
vn 0.0000000 -1.0000000 0.0000000
vn 0.0000000 -1.0000000 0.0000000
vn 1.0000000 0.0000000 0.0000000
vn 1.0000000 0.0000000 0.0000000
vn 0.0000000 1.0000000 0.0000000
vn 0.0000000 1.0000000 -0.0000000
vn -1.0000000 0.0000000 0.0000000
vn -1.0000000 0.0000000 0.0000000
vn -0.9981687 0.0603805 0.0036660
vn -0.9981687 0.0603805 0.0036660
vn 0.0000000 -0.0606027 0.9981620
vn -0.0000000 -0.0606027 0.9981620
vn 0.9981687 -0.0603805 -0.0036660
vn 0.9981687 -0.0603805 -0.0036660
vn -0.0000000 0.0606027 -0.9981620
vn 0.0000000 0.0606027 -0.9981620
vn -0.9981687 0.0603805 -0.0036660
vn -0.9981687 0.0603805 -0.0036660
vn -0.0000000 0.0606027 0.9981620
vn 0.0000000 0.0606027 0.9981620
vn 0.9981687 -0.0603805 0.0036660
vn 0.9981687 -0.0603805 0.0036660
vn 0.0000000 -0.0606027 -0.9981620
vn -0.0000000 -0.0606027 -0.9981620
vn -0.9981687 -0.0603805 -0.0036660
vn -0.9981687 -0.0603805 -0.0036660
vn -0.0000000 -0.0606027 0.9981620
vn 0.0000000 -0.0606027 0.9981620
vn 0.9981687 0.0603805 0.0036660
vn 0.9981687 0.0603805 0.0036660
vn 0.0000000 0.0606027 -0.9981620
vn -0.0000000 0.0606027 -0.9981620
vn -0.9981687 -0.0603805 0.0036660
vn -0.9981687 -0.0603805 0.0036660
vn 0.0000000 0.0606027 0.9981620
vn -0.0000000 0.0606027 0.9981620
vn 0.9981687 0.0603805 -0.0036660
vn 0.9981687 0.0603805 -0.0036660
vn -0.0000000 -0.0606027 -0.9981620
vn 0.0000000 -0.0606027 -0.9981620
vn -0.9343359 0.3557385 0.0215984
vn -0.9343359 0.3557385 0.0215984
vn 0.0000000 -0.0606027 0.9981620
vn 0.0000000 -0.0606027 0.9981620
vn 0.9343359 -0.3557385 -0.0215984
vn 0.9343359 -0.3557385 -0.0215984
vn -0.0000000 0.0606027 -0.9981620
vn 0.0000000 0.0606027 -0.9981620
vn -0.9343359 -0.3557385 -0.0215984
vn -0.9343359 -0.3557385 -0.0215984
vn -0.0000000 -0.0606027 0.9981620
vn -0.0000000 -0.0606027 0.9981620
vn 0.9343359 0.3557385 0.0215984
vn 0.9343359 0.3557385 0.0215984
vn 0.0000000 0.0606027 -0.9981620
vn 0.0000000 0.0606027 -0.9981620
vn -0.9983956 0.0528928 0.0202126
vn -0.9983956 0.0528928 0.0202126
vn 0.0000000 -0.3569662 0.9341173
vn 0.0000000 -0.3569662 0.9341173
vn 0.9983956 -0.0528928 -0.0202126
vn 0.9983956 -0.0528928 -0.0202126
vn -0.0000000 0.3569662 -0.9341173
vn -0.0000000 0.3569662 -0.9341173
vn -0.9983956 0.0528928 -0.0202126
vn -0.9983956 0.0528928 -0.0202126
vn -0.0000000 0.3569662 0.9341173
vn -0.0000000 0.3569662 0.9341173
vn 0.9983956 -0.0528928 0.0202126
vn 0.9983956 -0.0528928 0.0202126
vn 0.0000000 -0.3569662 -0.9341173
vn 0.0000000 -0.3569662 -0.9341173
vn -0.9343359 0.3557385 -0.0215984
vn -0.9343359 0.3557385 -0.0215984
vn -0.0000000 0.0606027 0.9981620
vn -0.0000000 0.0606027 0.9981620
vn 0.9343359 -0.3557385 0.0215984
vn 0.9343359 -0.3557385 0.0215984
vn 0.0000000 -0.0606027 -0.9981620
vn 0.0000000 -0.0606027 -0.9981620
vn -0.9343359 -0.3557385 0.0215984
vn -0.9343359 -0.3557385 0.0215984
vn 0.0000000 0.0606027 0.9981620
vn 0.0000000 0.0606027 0.9981620
vn 0.9343359 0.3557385 -0.0215984
vn 0.9343359 0.3557385 -0.0215984
vn -0.0000000 -0.0606027 -0.9981620
vn -0.0000000 -0.0606027 -0.9981620
vn -0.9983956 -0.0528928 -0.0202126
vn -0.9983956 -0.0528928 -0.0202126
vn -0.0000000 -0.3569662 0.9341173
vn -0.0000000 -0.3569662 0.9341173
vn 0.9983956 0.0528928 0.0202126
vn 0.9983956 0.0528928 0.0202126
vn 0.0000000 0.3569662 -0.9341173
vn 0.0000000 0.3569662 -0.9341173
vn -0.9983956 -0.0528928 0.0202126
vn -0.9983956 -0.0528928 0.0202126
vn 0.0000000 0.3569662 0.9341173
vn 0.0000000 0.3569662 0.9341173
vn 0.9983956 0.0528928 -0.0202126
vn 0.9983956 0.0528928 -0.0202126
vn -0.0000000 -0.3569662 -0.9341173
vn -0.0000000 -0.3569662 -0.9341173
vn 0.0000000 -1.0000000 0.0000000
vn 0.0000000 -1.0000000 0.0000000
vn 0.0000000 0.0000000 -1.0000000
vn 0.0000000 0.0000000 -1.0000000
vn 0.0000000 1.0000000 0.0000000
vn 0.0000000 1.0000000 0.0000000
vn 0.0000000 0.0000000 1.0000000
vn -0.0000000 0.0000000 1.0000000
vn 0.0000000 -1.0000000 0.0000000
vn 0.0000000 -1.0000000 0.0000000
vn 1.0000000 0.0000000 0.0000000
vn 1.0000000 0.0000000 0.0000000
vn 0.0000000 1.0000000 0.0000000
vn 0.0000000 1.0000000 -0.0000000
vn -1.0000000 0.0000000 0.0000000
vn -1.0000000 0.0000000 0.0000000
vn 0.0000000 -1.0000000 0.0000000
vn 0.0000000 -1.0000000 0.0000000
vn 0.0000000 0.0000000 -1.0000000
vn 0.0000000 0.0000000 -1.0000000
vn 0.0000000 1.0000000 0.0000000
vn 0.0000000 1.0000000 0.0000000
vn 0.0000000 0.0000000 1.0000000
vn -0.0000000 0.0000000 1.0000000
vn 0.0000000 -1.0000000 0.0000000
vn 0.0000000 -1.0000000 0.0000000
vn 1.0000000 0.0000000 0.0000000
vn 1.0000000 0.0000000 0.0000000
vn 0.0000000 1.0000000 0.0000000
vn 0.0000000 1.0000000 -0.0000000
vn -1.0000000 0.0000000 0.0000000
vn -1.0000000 0.0000000 0.0000000
vn -0.9993294 0.0365929 0.0013417
vn -0.9993294 0.0365929 0.0013417
vn 0.0000000 -0.0366420 0.9993285
vn 0.0000000 -0.0366420 0.9993285
vn 0.9993294 -0.0365929 -0.0013417
vn 0.9993294 -0.0365929 -0.0013417
vn 0.0000000 0.0366420 -0.9993285
vn 0.0000000 0.0366420 -0.9993285
vn -0.9993294 0.0365929 -0.0013417
vn -0.9993294 0.0365929 -0.0013417
vn 0.0000000 0.0366420 0.9993285
vn 0.0000000 0.0366420 0.9993285
vn 0.9993294 -0.0365929 0.0013417
vn 0.9993294 -0.0365929 0.0013417
vn 0.0000000 -0.0366420 -0.9993285
vn 0.0000000 -0.0366420 -0.9993285
vn -0.9993294 -0.0365929 -0.0013417
vn -0.9993294 -0.0365929 -0.0013417
vn -0.0000000 -0.0366420 0.9993285
vn -0.0000000 -0.0366420 0.9993285
vn 0.9993294 0.0365929 0.0013417
vn 0.9993294 0.0365929 0.0013417
vn -0.0000000 0.0366420 -0.9993285
vn -0.0000000 0.0366420 -0.9993285
vn -0.9993294 -0.0365929 0.0013417
vn -0.9993294 -0.0365929 0.0013417
vn -0.0000000 0.0366420 0.9993285
vn -0.0000000 0.0366420 0.9993285
vn 0.9993294 0.0365929 -0.0013417
vn 0.9993294 0.0365929 -0.0013417
vn -0.0000000 -0.0366420 -0.9993285
vn -0.0000000 -0.0366420 -0.9993285
vn -0.9670749 0.2543211 0.0093251
vn -0.9670749 0.2543211 0.0093251
vn 0.0000000 -0.0366420 0.9993285
vn -0.0000000 -0.0366420 0.9993285
vn 0.9670749 -0.2543211 -0.0093251
vn 0.9670749 -0.2543211 -0.0093251
vn -0.0000000 0.0366420 -0.9993285
vn -0.0000000 0.0366420 -0.9993285
vn -0.9670749 -0.2543211 -0.0093251
vn -0.9670749 -0.2543211 -0.0093251
vn -0.0000000 -0.0366420 0.9993285
vn 0.0000000 -0.0366420 0.9993285
vn 0.9670749 0.2543211 0.0093251
vn 0.9670749 0.2543211 0.0093251
vn 0.0000000 0.0366420 -0.9993285
vn 0.0000000 0.0366420 -0.9993285
vn -0.9993720 0.0342674 0.0090237
vn -0.9993720 0.0342674 0.0090237
vn -0.0000000 -0.2546520 0.9670328
vn 0.0000000 -0.2546520 0.9670328
vn 0.9993720 -0.0342674 -0.0090237
vn 0.9993720 -0.0342674 -0.0090237
vn 0.0000000 0.2546520 -0.9670328
vn -0.0000000 0.2546520 -0.9670328
vn -0.9993720 0.0342674 -0.0090237
vn -0.9993720 0.0342674 -0.0090237
vn 0.0000000 0.2546520 0.9670328
vn -0.0000000 0.2546520 0.9670328
vn 0.9993720 -0.0342674 0.0090237
vn 0.9993720 -0.0342674 0.0090237
vn -0.0000000 -0.2546520 -0.9670328
vn 0.0000000 -0.2546520 -0.9670328
vn -0.9670749 0.2543211 -0.0093251
vn -0.9670749 0.2543211 -0.0093251
vn -0.0000000 0.0366420 0.9993285
vn -0.0000000 0.0366420 0.9993285
vn 0.9670749 -0.2543211 0.0093251
vn 0.9670749 -0.2543211 0.0093251
vn 0.0000000 -0.0366420 -0.9993285
vn -0.0000000 -0.0366420 -0.9993285
vn -0.9670749 -0.2543211 0.0093251
vn -0.9670749 -0.2543211 0.0093251
vn 0.0000000 0.0366420 0.9993285
vn 0.0000000 0.0366420 0.9993285
vn 0.9670749 0.2543211 -0.0093251
vn 0.9670749 0.2543211 -0.0093251
vn -0.0000000 -0.0366420 -0.9993285
vn 0.0000000 -0.0366420 -0.9993285
vn -0.9993720 -0.0342674 -0.0090237
vn -0.9993720 -0.0342674 -0.0090237
vn 0.0000000 -0.2546520 0.9670328
vn 0.0000000 -0.2546520 0.9670328
vn 0.9993720 0.0342674 0.0090237
vn 0.9993720 0.0342674 0.0090237
vn -0.0000000 0.2546520 -0.9670328
vn 0.0000000 0.2546520 -0.9670328
vn -0.9993720 -0.0342674 0.0090237
vn -0.9993720 -0.0342674 0.0090237
vn -0.0000000 0.2546520 0.9670328
vn 0.0000000 0.2546520 0.9670328
vn 0.9993720 0.0342674 -0.0090237
vn 0.9993720 0.0342674 -0.0090237
vn 0.0000000 -0.2546520 -0.9670328
vn 0.0000000 -0.2546520 -0.9670328
vn 0.0000000 -1.0000000 0.0000000
vn 0.0000000 -1.0000000 0.0000000
vn 0.0000000 0.0000000 -1.0000000
vn 0.0000000 0.0000000 -1.0000000
vn 0.0000000 1.0000000 0.0000000
vn 0.0000000 1.0000000 0.0000000
vn 0.0000000 0.0000000 1.0000000
vn -0.0000000 0.0000000 1.0000000
vn -1.0000000 0.0000000 -0.0000000
vn -1.0000000 -0.0000000 0.0000000
vn 1.0000000 0.0000000 0.0000000
vn 1.0000000 -0.0000000 0.0000000
vn -0.2982750 -0.9544800 0.0000000
vn -0.2982750 -0.9544800 0.0000000
vn 0.0000000 -0.0000000 1.0000000
vn 0.0000000 0.0000000 1.0000000
vn 0.2982750 0.9544800 0.0000000
vn 0.2982750 0.9544800 0.0000000
vn -0.0000000 0.0000000 -1.0000000
vn 0.0000000 0.0000000 -1.0000000
vn 0.7071068 0.0000000 0.7071068
vn 0.7071068 0.0000000 0.7071068
vn 0.0000000 -1.0000000 0.0000000
vn 0.0000000 1.0000000 0.0000000
vn -0.7071068 0.0000000 0.7071068
vn -0.7071068 0.0000000 0.7071068
vn 0.0000000 -1.0000000 0.0000000
vn 0.0000000 1.0000000 -0.0000000
vn -0.7071068 0.0000000 -0.7071068
vn -0.7071068 -0.0000000 -0.7071068
vn -0.0000000 -1.0000000 -0.0000000
vn 0.0000000 1.0000000 0.0000000
vn 0.7071068 0.0000000 -0.7071068
vn 0.7071068 0.0000000 -0.7071068
vn 0.0000000 -1.0000000 0.0000000
vn -0.0000000 1.0000000 0.0000000
vn 0.7071068 0.0000000 0.7071068
vn 0.7071068 0.0000000 0.7071068
vn -0.7071068 0.0000000 0.7071068
vn -0.7071068 0.0000000 0.7071068
vn -0.7071068 0.0000000 -0.7071068
vn -0.7071068 -0.0000000 -0.7071068
vn 0.7071068 0.0000000 -0.7071068
vn 0.7071068 0.0000000 -0.7071068
vn 0.7071068 0.0000000 0.7071068
vn 0.7071068 0.0000000 0.7071068
vn -0.7071068 0.0000000 0.7071068
vn -0.7071068 0.0000000 0.7071068
vn -0.7071068 0.0000000 -0.7071068
vn -0.7071068 -0.0000000 -0.7071068
vn 0.7071068 0.0000000 -0.7071068
vn 0.7071068 0.0000000 -0.7071068
vn 0.2982750 -0.9544800 0.0000000
vn 0.2982750 -0.9544800 0.0000000
vn 0.0000000 0.0000000 -1.0000000
vn 0.0000000 0.0000000 -1.0000000
vn -0.2982750 0.9544800 0.0000000
vn -0.2982750 0.9544800 0.0000000
vn -0.0000000 0.0000000 1.0000000
vn 0.0000000 0.0000000 1.0000000
vn 0.7071068 0.0000000 0.7071068
vn 0.7071068 0.0000000 0.7071068
vn 0.0000000 -1.0000000 0.0000000
vn 0.0000000 1.0000000 0.0000000
vn -0.7071068 0.0000000 0.7071068
vn -0.7071068 0.0000000 0.7071068
vn 0.0000000 -1.0000000 0.0000000
vn 0.0000000 1.0000000 -0.0000000
vn -0.7071068 0.0000000 -0.7071068
vn -0.7071068 -0.0000000 -0.7071068
vn -0.0000000 -1.0000000 -0.0000000
vn 0.0000000 1.0000000 0.0000000
vn 0.7071068 0.0000000 -0.7071068
vn 0.7071068 0.0000000 -0.7071068
vn 0.0000000 -1.0000000 0.0000000
vn -0.0000000 1.0000000 0.0000000
vn 0.7071068 0.0000000 0.7071068
vn 0.7071068 0.0000000 0.7071068
vn -0.7071068 0.0000000 0.7071068
vn -0.7071068 0.0000000 0.7071068
vn -0.7071068 0.0000000 -0.7071068
vn -0.7071068 -0.0000000 -0.7071068
vn 0.7071068 0.0000000 -0.7071068
vn 0.7071068 0.0000000 -0.7071068
vn 0.7071068 0.0000000 0.7071068
vn 0.7071068 0.0000000 0.7071068
vn -0.7071068 0.0000000 0.7071068
vn -0.7071068 0.0000000 0.7071068
vn -0.7071068 0.0000000 -0.7071068
vn -0.7071068 -0.0000000 -0.7071068
vn 0.7071068 0.0000000 -0.7071068
vn 0.7071068 0.0000000 -0.7071068
vn 0.0000000 -1.0000000 0.0000000
vn 0.0000000 -1.0000000 0.0000000
vn 0.0000000 0.0000000 -1.0000000
vn 0.0000000 0.0000000 -1.0000000
vn 0.0000000 1.0000000 0.0000000
vn 0.0000000 1.0000000 0.0000000
vn 0.0000000 0.0000000 1.0000000
vn -0.0000000 0.0000000 1.0000000
vn -1.0000000 0.0000000 -0.0000000
vn -1.0000000 -0.0000000 0.0000000
vn 1.0000000 0.0000000 0.0000000
vn 1.0000000 -0.0000000 0.0000000
vn -0.3417431 -0.9397934 0.0000000
vn -0.3417431 -0.9397934 0.0000000
vn 0.0000000 -0.0000000 1.0000000
vn 0.0000000 0.0000000 1.0000000
vn 0.3417431 0.9397934 0.0000000
vn 0.3417431 0.9397934 0.0000000
vn -0.0000000 0.0000000 -1.0000000
vn 0.0000000 0.0000000 -1.0000000
vn 0.7071068 0.0000000 0.7071068
vn 0.7071068 0.0000000 0.7071068
vn 0.0000000 -1.0000000 0.0000000
vn 0.0000000 1.0000000 0.0000000
vn -0.7071068 0.0000000 0.7071068
vn -0.7071068 0.0000000 0.7071068
vn 0.0000000 -1.0000000 0.0000000
vn 0.0000000 1.0000000 -0.0000000
vn -0.7071068 0.0000000 -0.7071068
vn -0.7071068 -0.0000000 -0.7071068
vn -0.0000000 -1.0000000 -0.0000000
vn 0.0000000 1.0000000 0.0000000
vn 0.7071068 0.0000000 -0.7071068
vn 0.7071068 0.0000000 -0.7071068
vn 0.0000000 -1.0000000 0.0000000
vn -0.0000000 1.0000000 0.0000000
vn 0.7071068 0.0000000 0.7071068
vn 0.7071068 0.0000000 0.7071068
vn -0.7071068 0.0000000 0.7071068
vn -0.7071068 0.0000000 0.7071068
vn -0.7071068 0.0000000 -0.7071068
vn -0.7071068 -0.0000000 -0.7071068
vn 0.7071068 0.0000000 -0.7071068
vn 0.7071068 0.0000000 -0.7071068
vn 0.7071068 0.0000000 0.7071068
vn 0.7071068 0.0000000 0.7071068
vn -0.7071068 0.0000000 0.7071068
vn -0.7071068 0.0000000 0.7071068
vn -0.7071068 0.0000000 -0.7071068
vn -0.7071068 -0.0000000 -0.7071068
vn 0.7071068 0.0000000 -0.7071068
vn 0.7071068 0.0000000 -0.7071068
vn 0.3417431 -0.9397934 0.0000000
vn 0.3417431 -0.9397934 0.0000000
vn 0.0000000 0.0000000 -1.0000000
vn 0.0000000 0.0000000 -1.0000000
vn -0.3417431 0.9397934 0.0000000
vn -0.3417431 0.9397934 0.0000000
vn -0.0000000 0.0000000 1.0000000
vn 0.0000000 0.0000000 1.0000000
vn 0.7071068 0.0000000 0.7071068
vn 0.7071068 0.0000000 0.7071068
vn 0.0000000 -1.0000000 0.0000000
vn 0.0000000 1.0000000 0.0000000
vn -0.7071068 0.0000000 0.7071068
vn -0.7071068 0.0000000 0.7071068
vn 0.0000000 -1.0000000 0.0000000
vn 0.0000000 1.0000000 -0.0000000
vn -0.7071068 0.0000000 -0.7071068
vn -0.7071068 -0.0000000 -0.7071068
vn -0.0000000 -1.0000000 -0.0000000
vn 0.0000000 1.0000000 0.0000000
vn 0.7071068 0.0000000 -0.7071068
vn 0.7071068 0.0000000 -0.7071068
vn 0.0000000 -1.0000000 0.0000000
vn -0.0000000 1.0000000 0.0000000
vn 0.7071068 0.0000000 0.7071068
vn 0.7071068 0.0000000 0.7071068
vn -0.7071068 0.0000000 0.7071068
vn -0.7071068 0.0000000 0.7071068
vn -0.7071068 0.0000000 -0.7071068
vn -0.7071068 -0.0000000 -0.7071068
vn 0.7071068 0.0000000 -0.7071068
vn 0.7071068 0.0000000 -0.7071068
vn 0.7071068 0.0000000 0.7071068
vn 0.7071068 0.0000000 0.7071068
vn -0.7071068 0.0000000 0.7071068
vn -0.7071068 0.0000000 0.7071068
vn -0.7071068 0.0000000 -0.7071068
vn -0.7071068 -0.0000000 -0.7071068
vn 0.7071068 0.0000000 -0.7071068
vn 0.7071068 0.0000000 -0.7071068
vn 0.0000000 -1.0000000 0.0000000
vn 0.0000000 -1.0000000 0.0000000
vn 0.0000000 0.0000000 -1.0000000
vn 0.0000000 0.0000000 -1.0000000
vn 0.0000000 1.0000000 0.0000000
vn 0.0000000 1.0000000 0.0000000
vn 0.0000000 0.0000000 1.0000000
vn -0.0000000 0.0000000 1.0000000
vn -1.0000000 0.0000000 -0.0000000
vn -1.0000000 -0.0000000 0.0000000
vn 1.0000000 0.0000000 0.0000000
vn 1.0000000 -0.0000000 0.0000000
vn -0.4299336 -0.9028605 0.0000000
vn -0.4299336 -0.9028605 0.0000000
vn 0.0000000 -0.0000000 1.0000000
vn 0.0000000 0.0000000 1.0000000
vn 0.4299336 0.9028605 0.0000000
vn 0.4299336 0.9028605 0.0000000
vn -0.0000000 0.0000000 -1.0000000
vn 0.0000000 0.0000000 -1.0000000
vn 0.7071068 0.0000000 0.7071068
vn 0.7071068 0.0000000 0.7071068
vn 0.0000000 -1.0000000 0.0000000
vn 0.0000000 1.0000000 0.0000000
vn -0.7071068 0.0000000 0.7071068
vn -0.7071068 0.0000000 0.7071068
vn 0.0000000 -1.0000000 0.0000000
vn 0.0000000 1.0000000 -0.0000000
vn -0.7071068 0.0000000 -0.7071068
vn -0.7071068 -0.0000000 -0.7071068
vn -0.0000000 -1.0000000 -0.0000000
vn 0.0000000 1.0000000 0.0000000
vn 0.7071068 0.0000000 -0.7071068
vn 0.7071068 0.0000000 -0.7071068
vn 0.0000000 -1.0000000 0.0000000
vn -0.0000000 1.0000000 0.0000000
vn 0.7071068 0.0000000 0.7071068
vn 0.7071068 0.0000000 0.7071068
vn -0.7071068 0.0000000 0.7071068
vn -0.7071068 0.0000000 0.7071068
vn -0.7071068 0.0000000 -0.7071068
vn -0.7071068 -0.0000000 -0.7071068
vn 0.7071068 0.0000000 -0.7071068
vn 0.7071068 0.0000000 -0.7071068
vn 0.7071068 0.0000000 0.7071068
vn 0.7071068 0.0000000 0.7071068
vn -0.7071068 0.0000000 0.7071068
vn -0.7071068 0.0000000 0.7071068
vn -0.7071068 0.0000000 -0.7071068
vn -0.7071068 -0.0000000 -0.7071068
vn 0.7071068 0.0000000 -0.7071068
vn 0.7071068 0.0000000 -0.7071068
vn 0.4299336 -0.9028605 0.0000000
vn 0.4299336 -0.9028605 0.0000000
vn 0.0000000 0.0000000 -1.0000000
vn 0.0000000 0.0000000 -1.0000000
vn -0.4299336 0.9028605 0.0000000
vn -0.4299336 0.9028605 0.0000000
vn -0.0000000 0.0000000 1.0000000
vn 0.0000000 0.0000000 1.0000000
vn 0.7071068 0.0000000 0.7071068
vn 0.7071068 0.0000000 0.7071068
vn 0.0000000 -1.0000000 0.0000000
vn 0.0000000 1.0000000 0.0000000
vn -0.7071068 0.0000000 0.7071068
vn -0.7071068 0.0000000 0.7071068
vn 0.0000000 -1.0000000 0.0000000
vn 0.0000000 1.0000000 -0.0000000
vn -0.7071068 0.0000000 -0.7071068
vn -0.7071068 -0.0000000 -0.7071068
vn -0.0000000 -1.0000000 -0.0000000
vn 0.0000000 1.0000000 0.0000000
vn 0.7071068 0.0000000 -0.7071068
vn 0.7071068 0.0000000 -0.7071068
vn 0.0000000 -1.0000000 0.0000000
vn -0.0000000 1.0000000 0.0000000
vn 0.7071068 0.0000000 0.7071068
vn 0.7071068 0.0000000 0.7071068
vn -0.7071068 0.0000000 0.7071068
vn -0.7071068 0.0000000 0.7071068
vn -0.7071068 0.0000000 -0.7071068
vn -0.7071068 -0.0000000 -0.7071068
vn 0.7071068 0.0000000 -0.7071068
vn 0.7071068 0.0000000 -0.7071068
vn 0.7071068 0.0000000 0.7071068
vn 0.7071068 0.0000000 0.7071068
vn -0.7071068 0.0000000 0.7071068
vn -0.7071068 0.0000000 0.7071068
vn -0.7071068 0.0000000 -0.7071068
vn -0.7071068 -0.0000000 -0.7071068
vn 0.7071068 0.0000000 -0.7071068
vn 0.7071068 0.0000000 -0.7071068
vn 0.0000000 0.0000000 -1.0000000
vn 0.0000000 0.0000000 -1.0000000
vn 0.0000000 0.0000000 1.0000000
vn 0.0000000 0.0000000 1.0000000
vn -1.0000000 0.0000000 0.0000000
vn -1.0000000 0.0000000 0.0000000
vn 1.0000000 0.0000000 0.0000000
vn 1.0000000 0.0000000 0.0000000
vn 0.0000000 -1.0000000 0.0000000
vn 0.0000000 -1.0000000 0.0000000
vn 0.0000000 1.0000000 0.0000000
vn 0.0000000 1.0000000 0.0000000
vn 0.0000000 0.0000000 -1.0000000
vn 0.0000000 0.0000000 -1.0000000
vn 0.0000000 0.0000000 1.0000000
vn 0.0000000 0.0000000 1.0000000
vn -1.0000000 0.0000000 0.0000000
vn -1.0000000 0.0000000 0.0000000
vn 1.0000000 0.0000000 0.0000000
vn 1.0000000 0.0000000 0.0000000
vn 0.0000000 -1.0000000 0.0000000
vn 0.0000000 -1.0000000 0.0000000
vn 0.0000000 1.0000000 0.0000000
vn 0.0000000 1.0000000 0.0000000
vn 0.0000000 0.0000000 -1.0000000
vn 0.0000000 0.0000000 -1.0000000
vn 0.0000000 0.0000000 1.0000000
vn 0.0000000 0.0000000 1.0000000
vn -1.0000000 0.0000000 0.0000000
vn -1.0000000 0.0000000 0.0000000
vn 1.0000000 0.0000000 0.0000000
vn 1.0000000 0.0000000 0.0000000
vn 0.0000000 -1.0000000 0.0000000
vn 0.0000000 -1.0000000 0.0000000
vn 0.0000000 1.0000000 0.0000000
vn 0.0000000 1.0000000 0.0000000
vn 0.0000000 0.0000000 -1.0000000
vn 0.0000000 0.0000000 -1.0000000
vn 0.0000000 0.0000000 1.0000000
vn 0.0000000 0.0000000 1.0000000
vn -1.0000000 0.0000000 0.0000000
vn -1.0000000 0.0000000 0.0000000
vn 1.0000000 0.0000000 0.0000000
vn 1.0000000 0.0000000 0.0000000
vn 0.0000000 -1.0000000 0.0000000
vn 0.0000000 -1.0000000 0.0000000
vn 0.0000000 1.0000000 0.0000000
vn 0.0000000 1.0000000 0.0000000
usemtl steel
f 1//1 2//1 3//1
usemtl steel
f 4//2 5//2 6//2
usemtl steel
f 7//3 8//3 9//3
usemtl steel
f 10//4 11//4 12//4
usemtl steel
f 13//5 14//5 15//5
usemtl steel
f 16//6 17//6 18//6
usemtl steel
f 19//7 20//7 21//7
usemtl steel
f 22//8 23//8 24//8
usemtl steel
f 25//9 26//9 27//9
usemtl steel
f 28//10 29//10 30//10
usemtl steel
f 31//11 32//11 33//11
usemtl steel
f 34//12 35//12 36//12
usemtl steel
f 37//13 38//13 39//13
usemtl steel
f 40//14 41//14 42//14
usemtl steel
f 43//15 44//15 45//15
usemtl steel
f 46//16 47//16 48//16
usemtl steel
f 49//17 50//17 51//17
usemtl steel
f 52//18 53//18 54//18
usemtl steel
f 55//19 56//19 57//19
usemtl steel
f 58//20 59//20 60//20
usemtl steel
f 61//21 62//21 63//21
usemtl steel
f 64//22 65//22 66//22
usemtl steel
f 67//23 68//23 69//23
usemtl steel
f 70//24 71//24 72//24
usemtl steel
f 73//25 74//25 75//25
usemtl steel
f 76//26 77//26 78//26
usemtl steel
f 79//27 80//27 81//27
usemtl steel
f 82//28 83//28 84//28
usemtl steel
f 85//29 86//29 87//29
usemtl steel
f 88//30 89//30 90//30
usemtl steel
f 91//31 92//31 93//31
usemtl steel
f 94//32 95//32 96//32
usemtl steel_dark
f 97//33 98//33 99//33
usemtl steel_dark
f 100//34 101//34 102//34
usemtl steel_dark
f 103//35 104//35 105//35
usemtl steel_dark
f 106//36 107//36 108//36
usemtl steel_dark
f 109//37 110//37 111//37
usemtl steel_dark
f 112//38 113//38 114//38
usemtl steel_dark
f 115//39 116//39 117//39
usemtl steel_dark
f 118//40 119//40 120//40
usemtl steel_dark
f 121//41 122//41 123//41
usemtl steel_dark
f 124//42 125//42 126//42
usemtl steel_dark
f 127//43 128//43 129//43
usemtl steel_dark
f 130//44 131//44 132//44
usemtl steel_dark
f 133//45 134//45 135//45
usemtl steel_dark
f 136//46 137//46 138//46
usemtl steel_dark
f 139//47 140//47 141//47
usemtl steel_dark
f 142//48 143//48 144//48
usemtl steel
f 145//49 146//49 147//49
usemtl steel
f 148//50 149//50 150//50
usemtl steel
f 151//51 152//51 153//51
usemtl steel
f 154//52 155//52 156//52
usemtl steel
f 157//53 158//53 159//53
usemtl steel
f 160//54 161//54 162//54
usemtl steel
f 163//55 164//55 165//55
usemtl steel
f 166//56 167//56 168//56
usemtl steel
f 169//57 170//57 171//57
usemtl steel
f 172//58 173//58 174//58
usemtl steel
f 175//59 176//59 177//59
usemtl steel
f 178//60 179//60 180//60
usemtl steel
f 181//61 182//61 183//61
usemtl steel
f 184//62 185//62 186//62
usemtl steel
f 187//63 188//63 189//63
usemtl steel
f 190//64 191//64 192//64
usemtl steel_dark
f 193//65 194//65 195//65
usemtl steel_dark
f 196//66 197//66 198//66
usemtl steel_dark
f 199//67 200//67 201//67
usemtl steel_dark
f 202//68 203//68 204//68
usemtl steel_dark
f 205//69 206//69 207//69
usemtl steel_dark
f 208//70 209//70 210//70
usemtl steel_dark
f 211//71 212//71 213//71
usemtl steel_dark
f 214//72 215//72 216//72
usemtl steel_dark
f 217//73 218//73 219//73
usemtl steel_dark
f 220//74 221//74 222//74
usemtl steel_dark
f 223//75 224//75 225//75
usemtl steel_dark
f 226//76 227//76 228//76
usemtl steel_dark
f 229//77 230//77 231//77
usemtl steel_dark
f 232//78 233//78 234//78
usemtl steel_dark
f 235//79 236//79 237//79
usemtl steel_dark
f 238//80 239//80 240//80
usemtl steel
f 241//81 242//81 243//81
usemtl steel
f 244//82 245//82 246//82
usemtl steel
f 247//83 248//83 249//83
usemtl steel
f 250//84 251//84 252//84
usemtl steel
f 253//85 254//85 255//85
usemtl steel
f 256//86 257//86 258//86
usemtl steel
f 259//87 260//87 261//87
usemtl steel
f 262//88 263//88 264//88
usemtl steel
f 265//89 266//89 267//89
usemtl steel
f 268//90 269//90 270//90
usemtl steel
f 271//91 272//91 273//91
usemtl steel
f 274//92 275//92 276//92
usemtl steel
f 277//93 278//93 279//93
usemtl steel
f 280//94 281//94 282//94
usemtl steel
f 283//95 284//95 285//95
usemtl steel
f 286//96 287//96 288//96
usemtl steel
f 289//97 290//97 291//97
usemtl steel
f 292//98 293//98 294//98
usemtl steel
f 295//99 296//99 297//99
usemtl steel
f 298//100 299//100 300//100
usemtl steel
f 301//101 302//101 303//101
usemtl steel
f 304//102 305//102 306//102
usemtl steel
f 307//103 308//103 309//103
usemtl steel
f 310//104 311//104 312//104
usemtl steel
f 313//105 314//105 315//105
usemtl steel
f 316//106 317//106 318//106
usemtl steel
f 319//107 320//107 321//107
usemtl steel
f 322//108 323//108 324//108
usemtl steel
f 325//109 326//109 327//109
usemtl steel
f 328//110 329//110 330//110
usemtl steel
f 331//111 332//111 333//111
usemtl steel
f 334//112 335//112 336//112
usemtl steel
f 337//113 338//113 339//113
usemtl steel
f 340//114 341//114 342//114
usemtl steel
f 343//115 344//115 345//115
usemtl steel
f 346//116 347//116 348//116
usemtl steel
f 349//117 350//117 351//117
usemtl steel
f 352//118 353//118 354//118
usemtl steel
f 355//119 356//119 357//119
usemtl steel
f 358//120 359//120 360//120
usemtl steel
f 361//121 362//121 363//121
usemtl steel
f 364//122 365//122 366//122
usemtl steel
f 367//123 368//123 369//123
usemtl steel
f 370//124 371//124 372//124
usemtl steel
f 373//125 374//125 375//125
usemtl steel
f 376//126 377//126 378//126
usemtl steel
f 379//127 380//127 381//127
usemtl steel
f 382//128 383//128 384//128
usemtl steel
f 385//129 386//129 387//129
usemtl steel
f 388//130 389//130 390//130
usemtl steel
f 391//131 392//131 393//131
usemtl steel
f 394//132 395//132 396//132
usemtl steel
f 397//133 398//133 399//133
usemtl steel
f 400//134 401//134 402//134
usemtl steel
f 403//135 404//135 405//135
usemtl steel
f 406//136 407//136 408//136
usemtl steel
f 409//137 410//137 411//137
usemtl steel
f 412//138 413//138 414//138
usemtl steel
f 415//139 416//139 417//139
usemtl steel
f 418//140 419//140 420//140
usemtl steel
f 421//141 422//141 423//141
usemtl steel
f 424//142 425//142 426//142
usemtl steel
f 427//143 428//143 429//143
usemtl steel
f 430//144 431//144 432//144
usemtl steel
f 433//145 434//145 435//145
usemtl steel
f 436//146 437//146 438//146
usemtl steel
f 439//147 440//147 441//147
usemtl steel
f 442//148 443//148 444//148
usemtl steel
f 445//149 446//149 447//149
usemtl steel
f 448//150 449//150 450//150
usemtl steel
f 451//151 452//151 453//151
usemtl steel
f 454//152 455//152 456//152
usemtl steel
f 457//153 458//153 459//153
usemtl steel
f 460//154 461//154 462//154
usemtl steel
f 463//155 464//155 465//155
usemtl steel
f 466//156 467//156 468//156
usemtl steel
f 469//157 470//157 471//157
usemtl steel
f 472//158 473//158 474//158
usemtl steel
f 475//159 476//159 477//159
usemtl steel
f 478//160 479//160 480//160
usemtl steel_dark
f 481//161 482//161 483//161
usemtl steel_dark
f 484//162 485//162 486//162
usemtl steel_dark
f 487//163 488//163 489//163
usemtl steel_dark
f 490//164 491//164 492//164
usemtl steel_dark
f 493//165 494//165 495//165
usemtl steel_dark
f 496//166 497//166 498//166
usemtl steel_dark
f 499//167 500//167 501//167
usemtl steel_dark
f 502//168 503//168 504//168
usemtl steel_dark
f 505//169 506//169 507//169
usemtl steel_dark
f 508//170 509//170 510//170
usemtl steel_dark
f 511//171 512//171 513//171
usemtl steel_dark
f 514//172 515//172 516//172
usemtl steel_dark
f 517//173 518//173 519//173
usemtl steel_dark
f 520//174 521//174 522//174
usemtl steel_dark
f 523//175 524//175 525//175
usemtl steel_dark
f 526//176 527//176 528//176
usemtl steel
f 529//177 530//177 531//177
usemtl steel
f 532//178 533//178 534//178
usemtl steel
f 535//179 536//179 537//179
usemtl steel
f 538//180 539//180 540//180
usemtl steel
f 541//181 542//181 543//181
usemtl steel
f 544//182 545//182 546//182
usemtl steel
f 547//183 548//183 549//183
usemtl steel
f 550//184 551//184 552//184
usemtl steel
f 553//185 554//185 555//185
usemtl steel
f 556//186 557//186 558//186
usemtl steel
f 559//187 560//187 561//187
usemtl steel
f 562//188 563//188 564//188
usemtl steel
f 565//189 566//189 567//189
usemtl steel
f 568//190 569//190 570//190
usemtl steel
f 571//191 572//191 573//191
usemtl steel
f 574//192 575//192 576//192
usemtl steel_dark
f 577//193 578//193 579//193
usemtl steel_dark
f 580//194 581//194 582//194
usemtl steel_dark
f 583//195 584//195 585//195
usemtl steel_dark
f 586//196 587//196 588//196
usemtl steel_dark
f 589//197 590//197 591//197
usemtl steel_dark
f 592//198 593//198 594//198
usemtl steel_dark
f 595//199 596//199 597//199
usemtl steel_dark
f 598//200 599//200 600//200
usemtl steel_dark
f 601//201 602//201 603//201
usemtl steel_dark
f 604//202 605//202 606//202
usemtl steel_dark
f 607//203 608//203 609//203
usemtl steel_dark
f 610//204 611//204 612//204
usemtl steel_dark
f 613//205 614//205 615//205
usemtl steel_dark
f 616//206 617//206 618//206
usemtl steel_dark
f 619//207 620//207 621//207
usemtl steel_dark
f 622//208 623//208 624//208
usemtl steel
f 625//209 626//209 627//209
usemtl steel
f 628//210 629//210 630//210
usemtl steel
f 631//211 632//211 633//211
usemtl steel
f 634//212 635//212 636//212
usemtl steel
f 637//213 638//213 639//213
usemtl steel
f 640//214 641//214 642//214
usemtl steel
f 643//215 644//215 645//215
usemtl steel
f 646//216 647//216 648//216
usemtl steel
f 649//217 650//217 651//217
usemtl steel
f 652//218 653//218 654//218
usemtl steel
f 655//219 656//219 657//219
usemtl steel
f 658//220 659//220 660//220
usemtl steel
f 661//221 662//221 663//221
usemtl steel
f 664//222 665//222 666//222
usemtl steel
f 667//223 668//223 669//223
usemtl steel
f 670//224 671//224 672//224
usemtl steel
f 673//225 674//225 675//225
usemtl steel
f 676//226 677//226 678//226
usemtl steel
f 679//227 680//227 681//227
usemtl steel
f 682//228 683//228 684//228
usemtl steel
f 685//229 686//229 687//229
usemtl steel
f 688//230 689//230 690//230
usemtl steel
f 691//231 692//231 693//231
usemtl steel
f 694//232 695//232 696//232
usemtl steel
f 697//233 698//233 699//233
usemtl steel
f 700//234 701//234 702//234
usemtl steel
f 703//235 704//235 705//235
usemtl steel
f 706//236 707//236 708//236
usemtl steel
f 709//237 710//237 711//237
usemtl steel
f 712//238 713//238 714//238
usemtl steel
f 715//239 716//239 717//239
usemtl steel
f 718//240 719//240 720//240
usemtl steel
f 721//241 722//241 723//241
usemtl steel
f 724//242 725//242 726//242
usemtl steel
f 727//243 728//243 729//243
usemtl steel
f 730//244 731//244 732//244
usemtl steel
f 733//245 734//245 735//245
usemtl steel
f 736//246 737//246 738//246
usemtl steel
f 739//247 740//247 741//247
usemtl steel
f 742//248 743//248 744//248
usemtl steel
f 745//249 746//249 747//249
usemtl steel
f 748//250 749//250 750//250
usemtl steel
f 751//251 752//251 753//251
usemtl steel
f 754//252 755//252 756//252
usemtl steel
f 757//253 758//253 759//253
usemtl steel
f 760//254 761//254 762//254
usemtl steel
f 763//255 764//255 765//255
usemtl steel
f 766//256 767//256 768//256
usemtl steel
f 769//257 770//257 771//257
usemtl steel
f 772//258 773//258 774//258
usemtl steel
f 775//259 776//259 777//259
usemtl steel
f 778//260 779//260 780//260
usemtl steel
f 781//261 782//261 783//261
usemtl steel
f 784//262 785//262 786//262
usemtl steel
f 787//263 788//263 789//263
usemtl steel
f 790//264 791//264 792//264
usemtl steel
f 793//265 794//265 795//265
usemtl steel
f 796//266 797//266 798//266
usemtl steel
f 799//267 800//267 801//267
usemtl steel
f 802//268 803//268 804//268
usemtl steel
f 805//269 806//269 807//269
usemtl steel
f 808//270 809//270 810//270
usemtl steel
f 811//271 812//271 813//271
usemtl steel
f 814//272 815//272 816//272
usemtl steel
f 817//273 818//273 819//273
usemtl steel
f 820//274 821//274 822//274
usemtl steel
f 823//275 824//275 825//275
usemtl steel
f 826//276 827//276 828//276
usemtl steel
f 829//277 830//277 831//277
usemtl steel
f 832//278 833//278 834//278
usemtl steel
f 835//279 836//279 837//279
usemtl steel
f 838//280 839//280 840//280
usemtl steel
f 841//281 842//281 843//281
usemtl steel
f 844//282 845//282 846//282
usemtl steel
f 847//283 848//283 849//283
usemtl steel
f 850//284 851//284 852//284
usemtl steel
f 853//285 854//285 855//285
usemtl steel
f 856//286 857//286 858//286
usemtl steel
f 859//287 860//287 861//287
usemtl steel
f 862//288 863//288 864//288
usemtl steel_dark
f 865//289 866//289 867//289
usemtl steel_dark
f 868//290 869//290 870//290
usemtl steel_dark
f 871//291 872//291 873//291
usemtl steel_dark
f 874//292 875//292 876//292
usemtl steel_dark
f 877//293 878//293 879//293
usemtl steel_dark
f 880//294 881//294 882//294
usemtl steel_dark
f 883//295 884//295 885//295
usemtl steel_dark
f 886//296 887//296 888//296
usemtl steel_dark
f 889//297 890//297 891//297
usemtl steel_dark
f 892//298 893//298 894//298
usemtl steel_dark
f 895//299 896//299 897//299
usemtl steel_dark
f 898//300 899//300 900//300
usemtl steel_dark
f 901//301 902//301 903//301
usemtl steel_dark
f 904//302 905//302 906//302
usemtl steel_dark
f 907//303 908//303 909//303
usemtl steel_dark
f 910//304 911//304 912//304
usemtl steel
f 913//305 914//305 915//305
usemtl steel
f 916//306 917//306 918//306
usemtl steel
f 919//307 920//307 921//307
usemtl steel
f 922//308 923//308 924//308
usemtl steel
f 925//309 926//309 927//309
usemtl steel
f 928//310 929//310 930//310
usemtl steel
f 931//311 932//311 933//311
usemtl steel
f 934//312 935//312 936//312
usemtl steel
f 937//313 938//313 939//313
usemtl steel
f 940//314 941//314 942//314
usemtl steel
f 943//315 944//315 945//315
usemtl steel
f 946//316 947//316 948//316
usemtl steel
f 949//317 950//317 951//317
usemtl steel
f 952//318 953//318 954//318
usemtl steel
f 955//319 956//319 957//319
usemtl steel
f 958//320 959//320 960//320
usemtl steel_dark
f 961//321 962//321 963//321
usemtl steel_dark
f 964//322 965//322 966//322
usemtl steel_dark
f 967//323 968//323 969//323
usemtl steel_dark
f 970//324 971//324 972//324
usemtl steel_dark
f 973//325 974//325 975//325
usemtl steel_dark
f 976//326 977//326 978//326
usemtl steel_dark
f 979//327 980//327 981//327
usemtl steel_dark
f 982//328 983//328 984//328
usemtl steel_dark
f 985//329 986//329 987//329
usemtl steel_dark
f 988//330 989//330 990//330
usemtl steel_dark
f 991//331 992//331 993//331
usemtl steel_dark
f 994//332 995//332 996//332
usemtl steel_dark
f 997//333 998//333 999//333
usemtl steel_dark
f 1000//334 1001//334 1002//334
usemtl steel_dark
f 1003//335 1004//335 1005//335
usemtl steel_dark
f 1006//336 1007//336 1008//336
usemtl steel
f 1009//337 1010//337 1011//337
usemtl steel
f 1012//338 1013//338 1014//338
usemtl steel
f 1015//339 1016//339 1017//339
usemtl steel
f 1018//340 1019//340 1020//340
usemtl steel
f 1021//341 1022//341 1023//341
usemtl steel
f 1024//342 1025//342 1026//342
usemtl steel
f 1027//343 1028//343 1029//343
usemtl steel
f 1030//344 1031//344 1032//344
usemtl steel
f 1033//345 1034//345 1035//345
usemtl steel
f 1036//346 1037//346 1038//346
usemtl steel
f 1039//347 1040//347 1041//347
usemtl steel
f 1042//348 1043//348 1044//348
usemtl steel
f 1045//349 1046//349 1047//349
usemtl steel
f 1048//350 1049//350 1050//350
usemtl steel
f 1051//351 1052//351 1053//351
usemtl steel
f 1054//352 1055//352 1056//352
usemtl steel
f 1057//353 1058//353 1059//353
usemtl steel
f 1060//354 1061//354 1062//354
usemtl steel
f 1063//355 1064//355 1065//355
usemtl steel
f 1066//356 1067//356 1068//356
usemtl steel
f 1069//357 1070//357 1071//357
usemtl steel
f 1072//358 1073//358 1074//358
usemtl steel
f 1075//359 1076//359 1077//359
usemtl steel
f 1078//360 1079//360 1080//360
usemtl steel
f 1081//361 1082//361 1083//361
usemtl steel
f 1084//362 1085//362 1086//362
usemtl steel
f 1087//363 1088//363 1089//363
usemtl steel
f 1090//364 1091//364 1092//364
usemtl steel
f 1093//365 1094//365 1095//365
usemtl steel
f 1096//366 1097//366 1098//366
usemtl steel
f 1099//367 1100//367 1101//367
usemtl steel
f 1102//368 1103//368 1104//368
usemtl steel
f 1105//369 1106//369 1107//369
usemtl steel
f 1108//370 1109//370 1110//370
usemtl steel
f 1111//371 1112//371 1113//371
usemtl steel
f 1114//372 1115//372 1116//372
usemtl steel
f 1117//373 1118//373 1119//373
usemtl steel
f 1120//374 1121//374 1122//374
usemtl steel
f 1123//375 1124//375 1125//375
usemtl steel
f 1126//376 1127//376 1128//376
usemtl steel
f 1129//377 1130//377 1131//377
usemtl steel
f 1132//378 1133//378 1134//378
usemtl steel
f 1135//379 1136//379 1137//379
usemtl steel
f 1138//380 1139//380 1140//380
usemtl steel
f 1141//381 1142//381 1143//381
usemtl steel
f 1144//382 1145//382 1146//382
usemtl steel
f 1147//383 1148//383 1149//383
usemtl steel
f 1150//384 1151//384 1152//384
usemtl steel
f 1153//385 1154//385 1155//385
usemtl steel
f 1156//386 1157//386 1158//386
usemtl steel
f 1159//387 1160//387 1161//387
usemtl steel
f 1162//388 1163//388 1164//388
usemtl steel
f 1165//389 1166//389 1167//389
usemtl steel
f 1168//390 1169//390 1170//390
usemtl steel
f 1171//391 1172//391 1173//391
usemtl steel
f 1174//392 1175//392 1176//392
usemtl steel
f 1177//393 1178//393 1179//393
usemtl steel
f 1180//394 1181//394 1182//394
usemtl steel
f 1183//395 1184//395 1185//395
usemtl steel
f 1186//396 1187//396 1188//396
usemtl steel
f 1189//397 1190//397 1191//397
usemtl steel
f 1192//398 1193//398 1194//398
usemtl steel
f 1195//399 1196//399 1197//399
usemtl steel
f 1198//400 1199//400 1200//400
usemtl steel
f 1201//401 1202//401 1203//401
usemtl steel
f 1204//402 1205//402 1206//402
usemtl steel
f 1207//403 1208//403 1209//403
usemtl steel
f 1210//404 1211//404 1212//404
usemtl steel
f 1213//405 1214//405 1215//405
usemtl steel
f 1216//406 1217//406 1218//406
usemtl steel
f 1219//407 1220//407 1221//407
usemtl steel
f 1222//408 1223//408 1224//408
usemtl steel
f 1225//409 1226//409 1227//409
usemtl steel
f 1228//410 1229//410 1230//410
usemtl steel
f 1231//411 1232//411 1233//411
usemtl steel
f 1234//412 1235//412 1236//412
usemtl steel
f 1237//413 1238//413 1239//413
usemtl steel
f 1240//414 1241//414 1242//414
usemtl steel
f 1243//415 1244//415 1245//415
usemtl steel
f 1246//416 1247//416 1248//416
usemtl steel_dark
f 1249//417 1250//417 1251//417
usemtl steel_dark
f 1252//418 1253//418 1254//418
usemtl steel_dark
f 1255//419 1256//419 1257//419
usemtl steel_dark
f 1258//420 1259//420 1260//420
usemtl steel_dark
f 1261//421 1262//421 1263//421
usemtl steel_dark
f 1264//422 1265//422 1266//422
usemtl steel_dark
f 1267//423 1268//423 1269//423
usemtl steel_dark
f 1270//424 1271//424 1272//424
usemtl steel_dark
f 1273//425 1274//425 1275//425
usemtl steel_dark
f 1276//426 1277//426 1278//426
usemtl steel_dark
f 1279//427 1280//427 1281//427
usemtl steel_dark
f 1282//428 1283//428 1284//428
usemtl steel_dark
f 1285//429 1286//429 1287//429
usemtl steel_dark
f 1288//430 1289//430 1290//430
usemtl steel_dark
f 1291//431 1292//431 1293//431
usemtl steel_dark
f 1294//432 1295//432 1296//432
usemtl steel
f 1297//433 1298//433 1299//433
usemtl steel
f 1300//434 1301//434 1302//434
usemtl steel
f 1303//435 1304//435 1305//435
usemtl steel
f 1306//436 1307//436 1308//436
usemtl steel
f 1309//437 1310//437 1311//437
usemtl steel
f 1312//438 1313//438 1314//438
usemtl steel
f 1315//439 1316//439 1317//439
usemtl steel
f 1318//440 1319//440 1320//440
usemtl steel
f 1321//441 1322//441 1323//441
usemtl steel
f 1324//442 1325//442 1326//442
usemtl steel
f 1327//443 1328//443 1329//443
usemtl steel
f 1330//444 1331//444 1332//444
usemtl steel
f 1333//445 1334//445 1335//445
usemtl steel
f 1336//446 1337//446 1338//446
usemtl steel
f 1339//447 1340//447 1341//447
usemtl steel
f 1342//448 1343//448 1344//448
usemtl steel_dark
f 1345//449 1346//449 1347//449
usemtl steel_dark
f 1348//450 1349//450 1350//450
usemtl steel_dark
f 1351//451 1352//451 1353//451
usemtl steel_dark
f 1354//452 1355//452 1356//452
usemtl steel_dark
f 1357//453 1358//453 1359//453
usemtl steel_dark
f 1360//454 1361//454 1362//454
usemtl steel_dark
f 1363//455 1364//455 1365//455
usemtl steel_dark
f 1366//456 1367//456 1368//456
usemtl steel_dark
f 1369//457 1370//457 1371//457
usemtl steel_dark
f 1372//458 1373//458 1374//458
usemtl steel_dark
f 1375//459 1376//459 1377//459
usemtl steel_dark
f 1378//460 1379//460 1380//460
usemtl steel_dark
f 1381//461 1382//461 1383//461
usemtl steel_dark
f 1384//462 1385//462 1386//462
usemtl steel_dark
f 1387//463 1388//463 1389//463
usemtl steel_dark
f 1390//464 1391//464 1392//464
usemtl steel
f 1393//465 1394//465 1395//465
usemtl steel
f 1396//466 1397//466 1398//466
usemtl steel
f 1399//467 1400//467 1401//467
usemtl steel
f 1402//468 1403//468 1404//468
usemtl steel
f 1405//469 1406//469 1407//469
usemtl steel
f 1408//470 1409//470 1410//470
usemtl steel
f 1411//471 1412//471 1413//471
usemtl steel
f 1414//472 1415//472 1416//472
usemtl steel
f 1417//473 1418//473 1419//473
usemtl steel
f 1420//474 1421//474 1422//474
usemtl steel
f 1423//475 1424//475 1425//475
usemtl steel
f 1426//476 1427//476 1428//476
usemtl steel
f 1429//477 1430//477 1431//477
usemtl steel
f 1432//478 1433//478 1434//478
usemtl steel
f 1435//479 1436//479 1437//479
usemtl steel
f 1438//480 1439//480 1440//480
usemtl steel
f 1441//481 1442//481 1443//481
usemtl steel
f 1444//482 1445//482 1446//482
usemtl steel
f 1447//483 1448//483 1449//483
usemtl steel
f 1450//484 1451//484 1452//484
usemtl steel
f 1453//485 1454//485 1455//485
usemtl steel
f 1456//486 1457//486 1458//486
usemtl steel
f 1459//487 1460//487 1461//487
usemtl steel
f 1462//488 1463//488 1464//488
usemtl steel
f 1465//489 1466//489 1467//489
usemtl steel
f 1468//490 1469//490 1470//490
usemtl steel
f 1471//491 1472//491 1473//491
usemtl steel
f 1474//492 1475//492 1476//492
usemtl steel
f 1477//493 1478//493 1479//493
usemtl steel
f 1480//494 1481//494 1482//494
usemtl steel
f 1483//495 1484//495 1485//495
usemtl steel
f 1486//496 1487//496 1488//496
usemtl steel
f 1489//497 1490//497 1491//497
usemtl steel
f 1492//498 1493//498 1494//498
usemtl steel
f 1495//499 1496//499 1497//499
usemtl steel
f 1498//500 1499//500 1500//500
usemtl steel
f 1501//501 1502//501 1503//501
usemtl steel
f 1504//502 1505//502 1506//502
usemtl steel
f 1507//503 1508//503 1509//503
usemtl steel
f 1510//504 1511//504 1512//504
usemtl steel
f 1513//505 1514//505 1515//505
usemtl steel
f 1516//506 1517//506 1518//506
usemtl steel
f 1519//507 1520//507 1521//507
usemtl steel
f 1522//508 1523//508 1524//508
usemtl steel
f 1525//509 1526//509 1527//509
usemtl steel
f 1528//510 1529//510 1530//510
usemtl steel
f 1531//511 1532//511 1533//511
usemtl steel
f 1534//512 1535//512 1536//512
usemtl steel
f 1537//513 1538//513 1539//513
usemtl steel
f 1540//514 1541//514 1542//514
usemtl steel
f 1543//515 1544//515 1545//515
usemtl steel
f 1546//516 1547//516 1548//516
usemtl steel
f 1549//517 1550//517 1551//517
usemtl steel
f 1552//518 1553//518 1554//518
usemtl steel
f 1555//519 1556//519 1557//519
usemtl steel
f 1558//520 1559//520 1560//520
usemtl steel
f 1561//521 1562//521 1563//521
usemtl steel
f 1564//522 1565//522 1566//522
usemtl steel
f 1567//523 1568//523 1569//523
usemtl steel
f 1570//524 1571//524 1572//524
usemtl steel
f 1573//525 1574//525 1575//525
usemtl steel
f 1576//526 1577//526 1578//526
usemtl steel
f 1579//527 1580//527 1581//527
usemtl steel
f 1582//528 1583//528 1584//528
usemtl steel
f 1585//529 1586//529 1587//529
usemtl steel
f 1588//530 1589//530 1590//530
usemtl steel
f 1591//531 1592//531 1593//531
usemtl steel
f 1594//532 1595//532 1596//532
usemtl steel
f 1597//533 1598//533 1599//533
usemtl steel
f 1600//534 1601//534 1602//534
usemtl steel
f 1603//535 1604//535 1605//535
usemtl steel
f 1606//536 1607//536 1608//536
usemtl steel
f 1609//537 1610//537 1611//537
usemtl steel
f 1612//538 1613//538 1614//538
usemtl steel
f 1615//539 1616//539 1617//539
usemtl steel
f 1618//540 1619//540 1620//540
usemtl steel
f 1621//541 1622//541 1623//541
usemtl steel
f 1624//542 1625//542 1626//542
usemtl steel
f 1627//543 1628//543 1629//543
usemtl steel
f 1630//544 1631//544 1632//544
usemtl steel_dark
f 1633//545 1634//545 1635//545
usemtl steel_dark
f 1636//546 1637//546 1638//546
usemtl steel_dark
f 1639//547 1640//547 1641//547
usemtl steel_dark
f 1642//548 1643//548 1644//548
usemtl steel_dark
f 1645//549 1646//549 1647//549
usemtl steel_dark
f 1648//550 1649//550 1650//550
usemtl steel_dark
f 1651//551 1652//551 1653//551
usemtl steel_dark
f 1654//552 1655//552 1656//552
usemtl steel_dark
f 1657//553 1658//553 1659//553
usemtl steel_dark
f 1660//554 1661//554 1662//554
usemtl steel_dark
f 1663//555 1664//555 1665//555
usemtl steel_dark
f 1666//556 1667//556 1668//556
usemtl steel_dark
f 1669//557 1670//557 1671//557
usemtl steel_dark
f 1672//558 1673//558 1674//558
usemtl steel_dark
f 1675//559 1676//559 1677//559
usemtl steel_dark
f 1678//560 1679//560 1680//560
usemtl steel
f 1681//561 1682//561 1683//561
usemtl steel
f 1684//562 1685//562 1686//562
usemtl steel
f 1687//563 1688//563 1689//563
usemtl steel
f 1690//564 1691//564 1692//564
usemtl steel
f 1693//565 1694//565 1695//565
usemtl steel
f 1696//566 1697//566 1698//566
usemtl steel
f 1699//567 1700//567 1701//567
usemtl steel
f 1702//568 1703//568 1704//568
usemtl steel
f 1705//569 1706//569 1707//569
usemtl steel
f 1708//570 1709//570 1710//570
usemtl steel
f 1711//571 1712//571 1713//571
usemtl steel
f 1714//572 1715//572 1716//572
usemtl steel
f 1717//573 1718//573 1719//573
usemtl steel
f 1720//574 1721//574 1722//574
usemtl steel
f 1723//575 1724//575 1725//575
usemtl steel
f 1726//576 1727//576 1728//576
usemtl steel_dark
f 1729//577 1730//577 1731//577
usemtl steel_dark
f 1732//578 1733//578 1734//578
usemtl steel_dark
f 1735//579 1736//579 1737//579
usemtl steel_dark
f 1738//580 1739//580 1740//580
usemtl steel_dark
f 1741//581 1742//581 1743//581
usemtl steel_dark
f 1744//582 1745//582 1746//582
usemtl steel_dark
f 1747//583 1748//583 1749//583
usemtl steel_dark
f 1750//584 1751//584 1752//584
usemtl steel_dark
f 1753//585 1754//585 1755//585
usemtl steel_dark
f 1756//586 1757//586 1758//586
usemtl steel_dark
f 1759//587 1760//587 1761//587
usemtl steel_dark
f 1762//588 1763//588 1764//588
usemtl steel_dark
f 1765//589 1766//589 1767//589
usemtl steel_dark
f 1768//590 1769//590 1770//590
usemtl steel_dark
f 1771//591 1772//591 1773//591
usemtl steel_dark
f 1774//592 1775//592 1776//592
usemtl steel
f 1777//593 1778//593 1779//593
usemtl steel
f 1780//594 1781//594 1782//594
usemtl steel
f 1783//595 1784//595 1785//595
usemtl steel
f 1786//596 1787//596 1788//596
usemtl steel
f 1789//597 1790//597 1791//597
usemtl steel
f 1792//598 1793//598 1794//598
usemtl steel
f 1795//599 1796//599 1797//599
usemtl steel
f 1798//600 1799//600 1800//600
usemtl steel
f 1801//601 1802//601 1803//601
usemtl steel
f 1804//602 1805//602 1806//602
usemtl steel
f 1807//603 1808//603 1809//603
usemtl steel
f 1810//604 1811//604 1812//604
usemtl steel
f 1813//605 1814//605 1815//605
usemtl steel
f 1816//606 1817//606 1818//606
usemtl steel
f 1819//607 1820//607 1821//607
usemtl steel
f 1822//608 1823//608 1824//608
usemtl steel
f 1825//609 1826//609 1827//609
usemtl steel
f 1828//610 1829//610 1830//610
usemtl steel
f 1831//611 1832//611 1833//611
usemtl steel
f 1834//612 1835//612 1836//612
usemtl steel
f 1837//613 1838//613 1839//613
usemtl steel
f 1840//614 1841//614 1842//614
usemtl steel
f 1843//615 1844//615 1845//615
usemtl steel
f 1846//616 1847//616 1848//616
usemtl steel
f 1849//617 1850//617 1851//617
usemtl steel
f 1852//618 1853//618 1854//618
usemtl steel
f 1855//619 1856//619 1857//619
usemtl steel
f 1858//620 1859//620 1860//620
usemtl steel_dark
f 1861//621 1862//621 1863//621
usemtl steel_dark
f 1864//622 1865//622 1866//622
usemtl steel_dark
f 1867//623 1868//623 1869//623
usemtl steel_dark
f 1870//624 1871//624 1872//624
usemtl steel_dark
f 1873//625 1874//625 1875//625
usemtl steel_dark
f 1876//626 1877//626 1878//626
usemtl steel_dark
f 1879//627 1880//627 1881//627
usemtl steel_dark
f 1882//628 1883//628 1884//628
usemtl insulator
f 1885//629 1886//629 1887//629
usemtl insulator
f 1888//630 1889//630 1890//630
usemtl insulator
f 1891//631 1892//631 1893//631
usemtl insulator
f 1894//632 1895//632 1896//632
usemtl insulator
f 1897//633 1898//633 1899//633
usemtl insulator
f 1900//634 1901//634 1902//634
usemtl insulator
f 1903//635 1904//635 1905//635
usemtl insulator
f 1906//636 1907//636 1908//636
usemtl insulator
f 1909//637 1910//637 1911//637
usemtl insulator
f 1912//638 1913//638 1914//638
usemtl insulator
f 1915//639 1916//639 1917//639
usemtl insulator
f 1918//640 1919//640 1920//640
usemtl insulator
f 1921//641 1922//641 1923//641
usemtl insulator
f 1924//642 1925//642 1926//642
usemtl insulator
f 1927//643 1928//643 1929//643
usemtl insulator
f 1930//644 1931//644 1932//644
usemtl insulator
f 1933//645 1934//645 1935//645
usemtl insulator
f 1936//646 1937//646 1938//646
usemtl insulator
f 1939//647 1940//647 1941//647
usemtl insulator
f 1942//648 1943//648 1944//648
usemtl insulator
f 1945//649 1946//649 1947//649
usemtl insulator
f 1948//650 1949//650 1950//650
usemtl insulator
f 1951//651 1952//651 1953//651
usemtl insulator
f 1954//652 1955//652 1956//652
usemtl insulator
f 1957//653 1958//653 1959//653
usemtl insulator
f 1960//654 1961//654 1962//654
usemtl insulator
f 1963//655 1964//655 1965//655
usemtl insulator
f 1966//656 1967//656 1968//656
usemtl insulator
f 1969//657 1970//657 1971//657
usemtl insulator
f 1972//658 1973//658 1974//658
usemtl insulator
f 1975//659 1976//659 1977//659
usemtl insulator
f 1978//660 1979//660 1980//660
usemtl steel_dark
f 1981//661 1982//661 1983//661
usemtl steel_dark
f 1984//662 1985//662 1986//662
usemtl steel_dark
f 1987//663 1988//663 1989//663
usemtl steel_dark
f 1990//664 1991//664 1992//664
usemtl steel_dark
f 1993//665 1994//665 1995//665
usemtl steel_dark
f 1996//666 1997//666 1998//666
usemtl steel_dark
f 1999//667 2000//667 2001//667
usemtl steel_dark
f 2002//668 2003//668 2004//668
usemtl insulator
f 2005//669 2006//669 2007//669
usemtl insulator
f 2008//670 2009//670 2010//670
usemtl insulator
f 2011//671 2012//671 2013//671
usemtl insulator
f 2014//672 2015//672 2016//672
usemtl insulator
f 2017//673 2018//673 2019//673
usemtl insulator
f 2020//674 2021//674 2022//674
usemtl insulator
f 2023//675 2024//675 2025//675
usemtl insulator
f 2026//676 2027//676 2028//676
usemtl insulator
f 2029//677 2030//677 2031//677
usemtl insulator
f 2032//678 2033//678 2034//678
usemtl insulator
f 2035//679 2036//679 2037//679
usemtl insulator
f 2038//680 2039//680 2040//680
usemtl insulator
f 2041//681 2042//681 2043//681
usemtl insulator
f 2044//682 2045//682 2046//682
usemtl insulator
f 2047//683 2048//683 2049//683
usemtl insulator
f 2050//684 2051//684 2052//684
usemtl insulator
f 2053//685 2054//685 2055//685
usemtl insulator
f 2056//686 2057//686 2058//686
usemtl insulator
f 2059//687 2060//687 2061//687
usemtl insulator
f 2062//688 2063//688 2064//688
usemtl insulator
f 2065//689 2066//689 2067//689
usemtl insulator
f 2068//690 2069//690 2070//690
usemtl insulator
f 2071//691 2072//691 2073//691
usemtl insulator
f 2074//692 2075//692 2076//692
usemtl insulator
f 2077//693 2078//693 2079//693
usemtl insulator
f 2080//694 2081//694 2082//694
usemtl insulator
f 2083//695 2084//695 2085//695
usemtl insulator
f 2086//696 2087//696 2088//696
usemtl insulator
f 2089//697 2090//697 2091//697
usemtl insulator
f 2092//698 2093//698 2094//698
usemtl insulator
f 2095//699 2096//699 2097//699
usemtl insulator
f 2098//700 2099//700 2100//700
usemtl steel
f 2101//701 2102//701 2103//701
usemtl steel
f 2104//702 2105//702 2106//702
usemtl steel
f 2107//703 2108//703 2109//703
usemtl steel
f 2110//704 2111//704 2112//704
usemtl steel
f 2113//705 2114//705 2115//705
usemtl steel
f 2116//706 2117//706 2118//706
usemtl steel
f 2119//707 2120//707 2121//707
usemtl steel
f 2122//708 2123//708 2124//708
usemtl steel
f 2125//709 2126//709 2127//709
usemtl steel
f 2128//710 2129//710 2130//710
usemtl steel
f 2131//711 2132//711 2133//711
usemtl steel
f 2134//712 2135//712 2136//712
usemtl steel_dark
f 2137//713 2138//713 2139//713
usemtl steel_dark
f 2140//714 2141//714 2142//714
usemtl steel_dark
f 2143//715 2144//715 2145//715
usemtl steel_dark
f 2146//716 2147//716 2148//716
usemtl steel_dark
f 2149//717 2150//717 2151//717
usemtl steel_dark
f 2152//718 2153//718 2154//718
usemtl steel_dark
f 2155//719 2156//719 2157//719
usemtl steel_dark
f 2158//720 2159//720 2160//720
usemtl insulator
f 2161//721 2162//721 2163//721
usemtl insulator
f 2164//722 2165//722 2166//722
usemtl insulator
f 2167//723 2168//723 2169//723
usemtl insulator
f 2170//724 2171//724 2172//724
usemtl insulator
f 2173//725 2174//725 2175//725
usemtl insulator
f 2176//726 2177//726 2178//726
usemtl insulator
f 2179//727 2180//727 2181//727
usemtl insulator
f 2182//728 2183//728 2184//728
usemtl insulator
f 2185//729 2186//729 2187//729
usemtl insulator
f 2188//730 2189//730 2190//730
usemtl insulator
f 2191//731 2192//731 2193//731
usemtl insulator
f 2194//732 2195//732 2196//732
usemtl insulator
f 2197//733 2198//733 2199//733
usemtl insulator
f 2200//734 2201//734 2202//734
usemtl insulator
f 2203//735 2204//735 2205//735
usemtl insulator
f 2206//736 2207//736 2208//736
usemtl insulator
f 2209//737 2210//737 2211//737
usemtl insulator
f 2212//738 2213//738 2214//738
usemtl insulator
f 2215//739 2216//739 2217//739
usemtl insulator
f 2218//740 2219//740 2220//740
usemtl insulator
f 2221//741 2222//741 2223//741
usemtl insulator
f 2224//742 2225//742 2226//742
usemtl insulator
f 2227//743 2228//743 2229//743
usemtl insulator
f 2230//744 2231//744 2232//744
usemtl insulator
f 2233//745 2234//745 2235//745
usemtl insulator
f 2236//746 2237//746 2238//746
usemtl insulator
f 2239//747 2240//747 2241//747
usemtl insulator
f 2242//748 2243//748 2244//748
usemtl insulator
f 2245//749 2246//749 2247//749
usemtl insulator
f 2248//750 2249//750 2250//750
usemtl insulator
f 2251//751 2252//751 2253//751
usemtl insulator
f 2254//752 2255//752 2256//752
usemtl steel_dark
f 2257//753 2258//753 2259//753
usemtl steel_dark
f 2260//754 2261//754 2262//754
usemtl steel_dark
f 2263//755 2264//755 2265//755
usemtl steel_dark
f 2266//756 2267//756 2268//756
usemtl steel_dark
f 2269//757 2270//757 2271//757
usemtl steel_dark
f 2272//758 2273//758 2274//758
usemtl steel_dark
f 2275//759 2276//759 2277//759
usemtl steel_dark
f 2278//760 2279//760 2280//760
usemtl insulator
f 2281//761 2282//761 2283//761
usemtl insulator
f 2284//762 2285//762 2286//762
usemtl insulator
f 2287//763 2288//763 2289//763
usemtl insulator
f 2290//764 2291//764 2292//764
usemtl insulator
f 2293//765 2294//765 2295//765
usemtl insulator
f 2296//766 2297//766 2298//766
usemtl insulator
f 2299//767 2300//767 2301//767
usemtl insulator
f 2302//768 2303//768 2304//768
usemtl insulator
f 2305//769 2306//769 2307//769
usemtl insulator
f 2308//770 2309//770 2310//770
usemtl insulator
f 2311//771 2312//771 2313//771
usemtl insulator
f 2314//772 2315//772 2316//772
usemtl insulator
f 2317//773 2318//773 2319//773
usemtl insulator
f 2320//774 2321//774 2322//774
usemtl insulator
f 2323//775 2324//775 2325//775
usemtl insulator
f 2326//776 2327//776 2328//776
usemtl insulator
f 2329//777 2330//777 2331//777
usemtl insulator
f 2332//778 2333//778 2334//778
usemtl insulator
f 2335//779 2336//779 2337//779
usemtl insulator
f 2338//780 2339//780 2340//780
usemtl insulator
f 2341//781 2342//781 2343//781
usemtl insulator
f 2344//782 2345//782 2346//782
usemtl insulator
f 2347//783 2348//783 2349//783
usemtl insulator
f 2350//784 2351//784 2352//784
usemtl insulator
f 2353//785 2354//785 2355//785
usemtl insulator
f 2356//786 2357//786 2358//786
usemtl insulator
f 2359//787 2360//787 2361//787
usemtl insulator
f 2362//788 2363//788 2364//788
usemtl insulator
f 2365//789 2366//789 2367//789
usemtl insulator
f 2368//790 2369//790 2370//790
usemtl insulator
f 2371//791 2372//791 2373//791
usemtl insulator
f 2374//792 2375//792 2376//792
usemtl steel
f 2377//793 2378//793 2379//793
usemtl steel
f 2380//794 2381//794 2382//794
usemtl steel
f 2383//795 2384//795 2385//795
usemtl steel
f 2386//796 2387//796 2388//796
usemtl steel
f 2389//797 2390//797 2391//797
usemtl steel
f 2392//798 2393//798 2394//798
usemtl steel
f 2395//799 2396//799 2397//799
usemtl steel
f 2398//800 2399//800 2400//800
usemtl steel
f 2401//801 2402//801 2403//801
usemtl steel
f 2404//802 2405//802 2406//802
usemtl steel
f 2407//803 2408//803 2409//803
usemtl steel
f 2410//804 2411//804 2412//804
usemtl steel_dark
f 2413//805 2414//805 2415//805
usemtl steel_dark
f 2416//806 2417//806 2418//806
usemtl steel_dark
f 2419//807 2420//807 2421//807
usemtl steel_dark
f 2422//808 2423//808 2424//808
usemtl steel_dark
f 2425//809 2426//809 2427//809
usemtl steel_dark
f 2428//810 2429//810 2430//810
usemtl steel_dark
f 2431//811 2432//811 2433//811
usemtl steel_dark
f 2434//812 2435//812 2436//812
usemtl insulator
f 2437//813 2438//813 2439//813
usemtl insulator
f 2440//814 2441//814 2442//814
usemtl insulator
f 2443//815 2444//815 2445//815
usemtl insulator
f 2446//816 2447//816 2448//816
usemtl insulator
f 2449//817 2450//817 2451//817
usemtl insulator
f 2452//818 2453//818 2454//818
usemtl insulator
f 2455//819 2456//819 2457//819
usemtl insulator
f 2458//820 2459//820 2460//820
usemtl insulator
f 2461//821 2462//821 2463//821
usemtl insulator
f 2464//822 2465//822 2466//822
usemtl insulator
f 2467//823 2468//823 2469//823
usemtl insulator
f 2470//824 2471//824 2472//824
usemtl insulator
f 2473//825 2474//825 2475//825
usemtl insulator
f 2476//826 2477//826 2478//826
usemtl insulator
f 2479//827 2480//827 2481//827
usemtl insulator
f 2482//828 2483//828 2484//828
usemtl insulator
f 2485//829 2486//829 2487//829
usemtl insulator
f 2488//830 2489//830 2490//830
usemtl insulator
f 2491//831 2492//831 2493//831
usemtl insulator
f 2494//832 2495//832 2496//832
usemtl insulator
f 2497//833 2498//833 2499//833
usemtl insulator
f 2500//834 2501//834 2502//834
usemtl insulator
f 2503//835 2504//835 2505//835
usemtl insulator
f 2506//836 2507//836 2508//836
usemtl insulator
f 2509//837 2510//837 2511//837
usemtl insulator
f 2512//838 2513//838 2514//838
usemtl insulator
f 2515//839 2516//839 2517//839
usemtl insulator
f 2518//840 2519//840 2520//840
usemtl insulator
f 2521//841 2522//841 2523//841
usemtl insulator
f 2524//842 2525//842 2526//842
usemtl insulator
f 2527//843 2528//843 2529//843
usemtl insulator
f 2530//844 2531//844 2532//844
usemtl steel_dark
f 2533//845 2534//845 2535//845
usemtl steel_dark
f 2536//846 2537//846 2538//846
usemtl steel_dark
f 2539//847 2540//847 2541//847
usemtl steel_dark
f 2542//848 2543//848 2544//848
usemtl steel_dark
f 2545//849 2546//849 2547//849
usemtl steel_dark
f 2548//850 2549//850 2550//850
usemtl steel_dark
f 2551//851 2552//851 2553//851
usemtl steel_dark
f 2554//852 2555//852 2556//852
usemtl insulator
f 2557//853 2558//853 2559//853
usemtl insulator
f 2560//854 2561//854 2562//854
usemtl insulator
f 2563//855 2564//855 2565//855
usemtl insulator
f 2566//856 2567//856 2568//856
usemtl insulator
f 2569//857 2570//857 2571//857
usemtl insulator
f 2572//858 2573//858 2574//858
usemtl insulator
f 2575//859 2576//859 2577//859
usemtl insulator
f 2578//860 2579//860 2580//860
usemtl insulator
f 2581//861 2582//861 2583//861
usemtl insulator
f 2584//862 2585//862 2586//862
usemtl insulator
f 2587//863 2588//863 2589//863
usemtl insulator
f 2590//864 2591//864 2592//864
usemtl insulator
f 2593//865 2594//865 2595//865
usemtl insulator
f 2596//866 2597//866 2598//866
usemtl insulator
f 2599//867 2600//867 2601//867
usemtl insulator
f 2602//868 2603//868 2604//868
usemtl insulator
f 2605//869 2606//869 2607//869
usemtl insulator
f 2608//870 2609//870 2610//870
usemtl insulator
f 2611//871 2612//871 2613//871
usemtl insulator
f 2614//872 2615//872 2616//872
usemtl insulator
f 2617//873 2618//873 2619//873
usemtl insulator
f 2620//874 2621//874 2622//874
usemtl insulator
f 2623//875 2624//875 2625//875
usemtl insulator
f 2626//876 2627//876 2628//876
usemtl insulator
f 2629//877 2630//877 2631//877
usemtl insulator
f 2632//878 2633//878 2634//878
usemtl insulator
f 2635//879 2636//879 2637//879
usemtl insulator
f 2638//880 2639//880 2640//880
usemtl insulator
f 2641//881 2642//881 2643//881
usemtl insulator
f 2644//882 2645//882 2646//882
usemtl insulator
f 2647//883 2648//883 2649//883
usemtl insulator
f 2650//884 2651//884 2652//884
usemtl concrete
f 2653//885 2654//885 2655//885
usemtl concrete
f 2656//886 2657//886 2658//886
usemtl concrete
f 2659//887 2660//887 2661//887
usemtl concrete
f 2662//888 2663//888 2664//888
usemtl concrete
f 2665//889 2666//889 2667//889
usemtl concrete
f 2668//890 2669//890 2670//890
usemtl concrete
f 2671//891 2672//891 2673//891
usemtl concrete
f 2674//892 2675//892 2676//892
usemtl concrete
f 2677//893 2678//893 2679//893
usemtl concrete
f 2680//894 2681//894 2682//894
usemtl concrete
f 2683//895 2684//895 2685//895
usemtl concrete
f 2686//896 2687//896 2688//896
usemtl concrete
f 2689//897 2690//897 2691//897
usemtl concrete
f 2692//898 2693//898 2694//898
usemtl concrete
f 2695//899 2696//899 2697//899
usemtl concrete
f 2698//900 2699//900 2700//900
usemtl concrete
f 2701//901 2702//901 2703//901
usemtl concrete
f 2704//902 2705//902 2706//902
usemtl concrete
f 2707//903 2708//903 2709//903
usemtl concrete
f 2710//904 2711//904 2712//904
usemtl concrete
f 2713//905 2714//905 2715//905
usemtl concrete
f 2716//906 2717//906 2718//906
usemtl concrete
f 2719//907 2720//907 2721//907
usemtl concrete
f 2722//908 2723//908 2724//908
usemtl concrete
f 2725//909 2726//909 2727//909
usemtl concrete
f 2728//910 2729//910 2730//910
usemtl concrete
f 2731//911 2732//911 2733//911
usemtl concrete
f 2734//912 2735//912 2736//912
usemtl concrete
f 2737//913 2738//913 2739//913
usemtl concrete
f 2740//914 2741//914 2742//914
usemtl concrete
f 2743//915 2744//915 2745//915
usemtl concrete
f 2746//916 2747//916 2748//916
usemtl concrete
f 2749//917 2750//917 2751//917
usemtl concrete
f 2752//918 2753//918 2754//918
usemtl concrete
f 2755//919 2756//919 2757//919
usemtl concrete
f 2758//920 2759//920 2760//920
usemtl concrete
f 2761//921 2762//921 2763//921
usemtl concrete
f 2764//922 2765//922 2766//922
usemtl concrete
f 2767//923 2768//923 2769//923
usemtl concrete
f 2770//924 2771//924 2772//924
usemtl concrete
f 2773//925 2774//925 2775//925
usemtl concrete
f 2776//926 2777//926 2778//926
usemtl concrete
f 2779//927 2780//927 2781//927
usemtl concrete
f 2782//928 2783//928 2784//928
usemtl concrete
f 2785//929 2786//929 2787//929
usemtl concrete
f 2788//930 2789//930 2790//930
usemtl concrete
f 2791//931 2792//931 2793//931
usemtl concrete
f 2794//932 2795//932 2796//932
