# Original Quiet Camp Ukrainian rural presentation asset
# Units: metres; Y up; no external geometry or textures
mtllib palette.mtl
o ua_whitewashed_house
v -2.5500000 0.0000000 -3.0000000
v 2.5500000 2.7000000 -3.0000000
v 2.5500000 0.0000000 -3.0000000
v -2.5500000 0.0000000 3.0000000
v 2.5500000 0.0000000 3.0000000
v 2.5500000 2.7000000 3.0000000
v -2.5500000 0.0000000 -3.0000000
v 0.0000000 4.0200000 -3.0000000
v 2.5500000 2.7000000 -3.0000000
v -2.5500000 0.0000000 3.0000000
v 2.5500000 2.7000000 3.0000000
v 0.0000000 4.0200000 3.0000000
v -2.5500000 0.0000000 -3.0000000
v -2.5500000 2.7000000 -3.0000000
v 0.0000000 4.0200000 -3.0000000
v -2.5500000 0.0000000 3.0000000
v 0.0000000 4.0200000 3.0000000
v -2.5500000 2.7000000 3.0000000
v -2.5500000 0.0000000 -3.0000000
v 2.5500000 0.0000000 -3.0000000
v 2.5500000 0.0000000 3.0000000
v -2.5500000 0.0000000 -3.0000000
v 2.5500000 0.0000000 3.0000000
v -2.5500000 0.0000000 3.0000000
v 2.5500000 0.0000000 -3.0000000
v 2.5500000 2.7000000 -3.0000000
v 2.5500000 2.7000000 3.0000000
v 2.5500000 0.0000000 -3.0000000
v 2.5500000 2.7000000 3.0000000
v 2.5500000 0.0000000 3.0000000
v 2.5500000 2.7000000 -3.0000000
v 0.0000000 4.0200000 -3.0000000
v 0.0000000 4.0200000 3.0000000
v 2.5500000 2.7000000 -3.0000000
v 0.0000000 4.0200000 3.0000000
v 2.5500000 2.7000000 3.0000000
v 0.0000000 4.0200000 -3.0000000
v -2.5500000 2.7000000 -3.0000000
v -2.5500000 2.7000000 3.0000000
v 0.0000000 4.0200000 -3.0000000
v -2.5500000 2.7000000 3.0000000
v 0.0000000 4.0200000 3.0000000
v -2.5500000 2.7000000 -3.0000000
v -2.5500000 0.0000000 -3.0000000
v -2.5500000 0.0000000 3.0000000
v -2.5500000 2.7000000 -3.0000000
v -2.5500000 0.0000000 3.0000000
v -2.5500000 2.7000000 3.0000000
v -2.5500000 0.0000000 -3.0610000
v -2.5500000 0.3400000 -3.0610000
v 2.5500000 0.3400000 -3.0610000
v -2.5500000 0.0000000 -3.0610000
v 2.5500000 0.3400000 -3.0610000
v 2.5500000 0.0000000 -3.0610000
v -2.5500000 0.0000000 -2.9910000
v 2.5500000 0.0000000 -2.9910000
v 2.5500000 0.3400000 -2.9910000
v -2.5500000 0.0000000 -2.9910000
v 2.5500000 0.3400000 -2.9910000
v -2.5500000 0.3400000 -2.9910000
v -2.5500000 0.0000000 -3.0610000
v -2.5500000 0.0000000 -2.9910000
v -2.5500000 0.3400000 -2.9910000
v -2.5500000 0.0000000 -3.0610000
v -2.5500000 0.3400000 -2.9910000
v -2.5500000 0.3400000 -3.0610000
v 2.5500000 0.0000000 -3.0610000
v 2.5500000 0.3400000 -3.0610000
v 2.5500000 0.3400000 -2.9910000
v 2.5500000 0.0000000 -3.0610000
v 2.5500000 0.3400000 -2.9910000
v 2.5500000 0.0000000 -2.9910000
v -2.5500000 0.0000000 -3.0610000
v 2.5500000 0.0000000 -3.0610000
v 2.5500000 0.0000000 -2.9910000
v -2.5500000 0.0000000 -3.0610000
v 2.5500000 0.0000000 -2.9910000
v -2.5500000 0.0000000 -2.9910000
v -2.5500000 0.3400000 -3.0610000
v -2.5500000 0.3400000 -2.9910000
v 2.5500000 0.3400000 -2.9910000
v -2.5500000 0.3400000 -3.0610000
v 2.5500000 0.3400000 -2.9910000
v 2.5500000 0.3400000 -3.0610000
v -2.5500000 0.0000000 2.9910000
v -2.5500000 0.3400000 2.9910000
v 2.5500000 0.3400000 2.9910000
v -2.5500000 0.0000000 2.9910000
v 2.5500000 0.3400000 2.9910000
v 2.5500000 0.0000000 2.9910000
v -2.5500000 0.0000000 3.0610000
v 2.5500000 0.0000000 3.0610000
v 2.5500000 0.3400000 3.0610000
v -2.5500000 0.0000000 3.0610000
v 2.5500000 0.3400000 3.0610000
v -2.5500000 0.3400000 3.0610000
v -2.5500000 0.0000000 2.9910000
v -2.5500000 0.0000000 3.0610000
v -2.5500000 0.3400000 3.0610000
v -2.5500000 0.0000000 2.9910000
v -2.5500000 0.3400000 3.0610000
v -2.5500000 0.3400000 2.9910000
v 2.5500000 0.0000000 2.9910000
v 2.5500000 0.3400000 2.9910000
v 2.5500000 0.3400000 3.0610000
v 2.5500000 0.0000000 2.9910000
v 2.5500000 0.3400000 3.0610000
v 2.5500000 0.0000000 3.0610000
v -2.5500000 0.0000000 2.9910000
v 2.5500000 0.0000000 2.9910000
v 2.5500000 0.0000000 3.0610000
v -2.5500000 0.0000000 2.9910000
v 2.5500000 0.0000000 3.0610000
v -2.5500000 0.0000000 3.0610000
v -2.5500000 0.3400000 2.9910000
v -2.5500000 0.3400000 3.0610000
v 2.5500000 0.3400000 3.0610000
v -2.5500000 0.3400000 2.9910000
v 2.5500000 0.3400000 3.0610000
v 2.5500000 0.3400000 2.9910000
v -2.6100000 0.0000000 -3.0000000
v -2.6100000 0.3400000 -3.0000000
v -2.5400000 0.3400000 -3.0000000
v -2.6100000 0.0000000 -3.0000000
v -2.5400000 0.3400000 -3.0000000
v -2.5400000 0.0000000 -3.0000000
v -2.6100000 0.0000000 3.0000000
v -2.5400000 0.0000000 3.0000000
v -2.5400000 0.3400000 3.0000000
v -2.6100000 0.0000000 3.0000000
v -2.5400000 0.3400000 3.0000000
v -2.6100000 0.3400000 3.0000000
v -2.6100000 0.0000000 -3.0000000
v -2.6100000 0.0000000 3.0000000
v -2.6100000 0.3400000 3.0000000
v -2.6100000 0.0000000 -3.0000000
v -2.6100000 0.3400000 3.0000000
v -2.6100000 0.3400000 -3.0000000
v -2.5400000 0.0000000 -3.0000000
v -2.5400000 0.3400000 -3.0000000
v -2.5400000 0.3400000 3.0000000
v -2.5400000 0.0000000 -3.0000000
v -2.5400000 0.3400000 3.0000000
v -2.5400000 0.0000000 3.0000000
v -2.6100000 0.0000000 -3.0000000
v -2.5400000 0.0000000 -3.0000000
v -2.5400000 0.0000000 3.0000000
v -2.6100000 0.0000000 -3.0000000
v -2.5400000 0.0000000 3.0000000
v -2.6100000 0.0000000 3.0000000
v -2.6100000 0.3400000 -3.0000000
v -2.6100000 0.3400000 3.0000000
v -2.5400000 0.3400000 3.0000000
v -2.6100000 0.3400000 -3.0000000
v -2.5400000 0.3400000 3.0000000
v -2.5400000 0.3400000 -3.0000000
v 2.5400000 0.0000000 -3.0000000
v 2.5400000 0.3400000 -3.0000000
v 2.6100000 0.3400000 -3.0000000
v 2.5400000 0.0000000 -3.0000000
v 2.6100000 0.3400000 -3.0000000
v 2.6100000 0.0000000 -3.0000000
v 2.5400000 0.0000000 3.0000000
v 2.6100000 0.0000000 3.0000000
v 2.6100000 0.3400000 3.0000000
v 2.5400000 0.0000000 3.0000000
v 2.6100000 0.3400000 3.0000000
v 2.5400000 0.3400000 3.0000000
v 2.5400000 0.0000000 -3.0000000
v 2.5400000 0.0000000 3.0000000
v 2.5400000 0.3400000 3.0000000
v 2.5400000 0.0000000 -3.0000000
v 2.5400000 0.3400000 3.0000000
v 2.5400000 0.3400000 -3.0000000
v 2.6100000 0.0000000 -3.0000000
v 2.6100000 0.3400000 -3.0000000
v 2.6100000 0.3400000 3.0000000
v 2.6100000 0.0000000 -3.0000000
v 2.6100000 0.3400000 3.0000000
v 2.6100000 0.0000000 3.0000000
v 2.5400000 0.0000000 -3.0000000
v 2.6100000 0.0000000 -3.0000000
v 2.6100000 0.0000000 3.0000000
v 2.5400000 0.0000000 -3.0000000
v 2.6100000 0.0000000 3.0000000
v 2.5400000 0.0000000 3.0000000
v 2.5400000 0.3400000 -3.0000000
v 2.5400000 0.3400000 3.0000000
v 2.6100000 0.3400000 3.0000000
v 2.5400000 0.3400000 -3.0000000
v 2.6100000 0.3400000 3.0000000
v 2.6100000 0.3400000 -3.0000000
v 0.0000000 4.1600000 -3.2500000
v -2.8800000 2.5700000 -3.2500000
v -2.8800000 2.7000000 -3.2500000
v 0.0000000 4.1600000 3.2500000
v -2.8800000 2.7000000 3.2500000
v -2.8800000 2.5700000 3.2500000
v 0.0000000 4.1600000 -3.2500000
v 0.0000000 4.0300000 -3.2500000
v -2.8800000 2.5700000 -3.2500000
v 0.0000000 4.1600000 3.2500000
v -2.8800000 2.5700000 3.2500000
v 0.0000000 4.0300000 3.2500000
v 0.0000000 4.1600000 -3.2500000
v -2.8800000 2.7000000 -3.2500000
v -2.8800000 2.7000000 3.2500000
v 0.0000000 4.1600000 -3.2500000
v -2.8800000 2.7000000 3.2500000
v 0.0000000 4.1600000 3.2500000
v -2.8800000 2.7000000 -3.2500000
v -2.8800000 2.5700000 -3.2500000
v -2.8800000 2.5700000 3.2500000
v -2.8800000 2.7000000 -3.2500000
v -2.8800000 2.5700000 3.2500000
v -2.8800000 2.7000000 3.2500000
v -2.8800000 2.5700000 -3.2500000
v 0.0000000 4.0300000 -3.2500000
v 0.0000000 4.0300000 3.2500000
v -2.8800000 2.5700000 -3.2500000
v 0.0000000 4.0300000 3.2500000
v -2.8800000 2.5700000 3.2500000
v 0.0000000 4.0300000 -3.2500000
v 0.0000000 4.1600000 -3.2500000
v 0.0000000 4.1600000 3.2500000
v 0.0000000 4.0300000 -3.2500000
v 0.0000000 4.1600000 3.2500000
v 0.0000000 4.0300000 3.2500000
v 0.0062989 4.1584970 -3.1840000
v 0.0062989 4.1584970 -3.1560000
v -2.8937011 2.6974970 -3.1560000
v 0.0062989 4.1584970 -3.1840000
v -2.8937011 2.6974970 -3.1560000
v -2.8937011 2.6974970 -3.1840000
v 0.0062989 4.1584970 -3.1560000
v -0.0062989 4.1835030 -3.1560000
v -2.9062989 2.7225030 -3.1560000
v 0.0062989 4.1584970 -3.1560000
v -2.9062989 2.7225030 -3.1560000
v -2.8937011 2.6974970 -3.1560000
v -0.0062989 4.1835030 -3.1560000
v -0.0062989 4.1835030 -3.1840000
v -2.9062989 2.7225030 -3.1840000
v -0.0062989 4.1835030 -3.1560000
v -2.9062989 2.7225030 -3.1840000
v -2.9062989 2.7225030 -3.1560000
v -0.0062989 4.1835030 -3.1840000
v 0.0062989 4.1584970 -3.1840000
v -2.8937011 2.6974970 -3.1840000
v -0.0062989 4.1835030 -3.1840000
v -2.8937011 2.6974970 -3.1840000
v -2.9062989 2.7225030 -3.1840000
v 0.0062989 4.1584970 -2.3940000
v 0.0062989 4.1584970 -2.3660000
v -2.8937011 2.6974970 -2.3660000
v 0.0062989 4.1584970 -2.3940000
v -2.8937011 2.6974970 -2.3660000
v -2.8937011 2.6974970 -2.3940000
v 0.0062989 4.1584970 -2.3660000
v -0.0062989 4.1835030 -2.3660000
v -2.9062989 2.7225030 -2.3660000
v 0.0062989 4.1584970 -2.3660000
v -2.9062989 2.7225030 -2.3660000
v -2.8937011 2.6974970 -2.3660000
v -0.0062989 4.1835030 -2.3660000
v -0.0062989 4.1835030 -2.3940000
v -2.9062989 2.7225030 -2.3940000
v -0.0062989 4.1835030 -2.3660000
v -2.9062989 2.7225030 -2.3940000
v -2.9062989 2.7225030 -2.3660000
v -0.0062989 4.1835030 -2.3940000
v 0.0062989 4.1584970 -2.3940000
v -2.8937011 2.6974970 -2.3940000
v -0.0062989 4.1835030 -2.3940000
v -2.8937011 2.6974970 -2.3940000
v -2.9062989 2.7225030 -2.3940000
v 0.0062989 4.1584970 -1.6040000
v 0.0062989 4.1584970 -1.5760000
v -2.8937011 2.6974970 -1.5760000
v 0.0062989 4.1584970 -1.6040000
v -2.8937011 2.6974970 -1.5760000
v -2.8937011 2.6974970 -1.6040000
v 0.0062989 4.1584970 -1.5760000
v -0.0062989 4.1835030 -1.5760000
v -2.9062989 2.7225030 -1.5760000
v 0.0062989 4.1584970 -1.5760000
v -2.9062989 2.7225030 -1.5760000
v -2.8937011 2.6974970 -1.5760000
v -0.0062989 4.1835030 -1.5760000
v -0.0062989 4.1835030 -1.6040000
v -2.9062989 2.7225030 -1.6040000
v -0.0062989 4.1835030 -1.5760000
v -2.9062989 2.7225030 -1.6040000
v -2.9062989 2.7225030 -1.5760000
v -0.0062989 4.1835030 -1.6040000
v 0.0062989 4.1584970 -1.6040000
v -2.8937011 2.6974970 -1.6040000
v -0.0062989 4.1835030 -1.6040000
v -2.8937011 2.6974970 -1.6040000
v -2.9062989 2.7225030 -1.6040000
v 0.0062989 4.1584970 -0.8140000
v 0.0062989 4.1584970 -0.7860000
v -2.8937011 2.6974970 -0.7860000
v 0.0062989 4.1584970 -0.8140000
v -2.8937011 2.6974970 -0.7860000
v -2.8937011 2.6974970 -0.8140000
v 0.0062989 4.1584970 -0.7860000
v -0.0062989 4.1835030 -0.7860000
v -2.9062989 2.7225030 -0.7860000
v 0.0062989 4.1584970 -0.7860000
v -2.9062989 2.7225030 -0.7860000
v -2.8937011 2.6974970 -0.7860000
v -0.0062989 4.1835030 -0.7860000
v -0.0062989 4.1835030 -0.8140000
v -2.9062989 2.7225030 -0.8140000
v -0.0062989 4.1835030 -0.7860000
v -2.9062989 2.7225030 -0.8140000
v -2.9062989 2.7225030 -0.7860000
v -0.0062989 4.1835030 -0.8140000
v 0.0062989 4.1584970 -0.8140000
v -2.8937011 2.6974970 -0.8140000
v -0.0062989 4.1835030 -0.8140000
v -2.8937011 2.6974970 -0.8140000
v -2.9062989 2.7225030 -0.8140000
v 0.0062989 4.1584970 -0.0240000
v 0.0062989 4.1584970 0.0040000
v -2.8937011 2.6974970 0.0040000
v 0.0062989 4.1584970 -0.0240000
v -2.8937011 2.6974970 0.0040000
v -2.8937011 2.6974970 -0.0240000
v 0.0062989 4.1584970 0.0040000
v -0.0062989 4.1835030 0.0040000
v -2.9062989 2.7225030 0.0040000
v 0.0062989 4.1584970 0.0040000
v -2.9062989 2.7225030 0.0040000
v -2.8937011 2.6974970 0.0040000
v -0.0062989 4.1835030 0.0040000
v -0.0062989 4.1835030 -0.0240000
v -2.9062989 2.7225030 -0.0240000
v -0.0062989 4.1835030 0.0040000
v -2.9062989 2.7225030 -0.0240000
v -2.9062989 2.7225030 0.0040000
v -0.0062989 4.1835030 -0.0240000
v 0.0062989 4.1584970 -0.0240000
v -2.8937011 2.6974970 -0.0240000
v -0.0062989 4.1835030 -0.0240000
v -2.8937011 2.6974970 -0.0240000
v -2.9062989 2.7225030 -0.0240000
v 0.0062989 4.1584970 0.7660000
v 0.0062989 4.1584970 0.7940000
v -2.8937011 2.6974970 0.7940000
v 0.0062989 4.1584970 0.7660000
v -2.8937011 2.6974970 0.7940000
v -2.8937011 2.6974970 0.7660000
v 0.0062989 4.1584970 0.7940000
v -0.0062989 4.1835030 0.7940000
v -2.9062989 2.7225030 0.7940000
v 0.0062989 4.1584970 0.7940000
v -2.9062989 2.7225030 0.7940000
v -2.8937011 2.6974970 0.7940000
v -0.0062989 4.1835030 0.7940000
v -0.0062989 4.1835030 0.7660000
v -2.9062989 2.7225030 0.7660000
v -0.0062989 4.1835030 0.7940000
v -2.9062989 2.7225030 0.7660000
v -2.9062989 2.7225030 0.7940000
v -0.0062989 4.1835030 0.7660000
v 0.0062989 4.1584970 0.7660000
v -2.8937011 2.6974970 0.7660000
v -0.0062989 4.1835030 0.7660000
v -2.8937011 2.6974970 0.7660000
v -2.9062989 2.7225030 0.7660000
v 0.0062989 4.1584970 1.5560000
v 0.0062989 4.1584970 1.5840000
v -2.8937011 2.6974970 1.5840000
v 0.0062989 4.1584970 1.5560000
v -2.8937011 2.6974970 1.5840000
v -2.8937011 2.6974970 1.5560000
v 0.0062989 4.1584970 1.5840000
v -0.0062989 4.1835030 1.5840000
v -2.9062989 2.7225030 1.5840000
v 0.0062989 4.1584970 1.5840000
v -2.9062989 2.7225030 1.5840000
v -2.8937011 2.6974970 1.5840000
v -0.0062989 4.1835030 1.5840000
v -0.0062989 4.1835030 1.5560000
v -2.9062989 2.7225030 1.5560000
v -0.0062989 4.1835030 1.5840000
v -2.9062989 2.7225030 1.5560000
v -2.9062989 2.7225030 1.5840000
v -0.0062989 4.1835030 1.5560000
v 0.0062989 4.1584970 1.5560000
v -2.8937011 2.6974970 1.5560000
v -0.0062989 4.1835030 1.5560000
v -2.8937011 2.6974970 1.5560000
v -2.9062989 2.7225030 1.5560000
v 0.0062989 4.1584970 2.3460000
v 0.0062989 4.1584970 2.3740000
v -2.8937011 2.6974970 2.3740000
v 0.0062989 4.1584970 2.3460000
v -2.8937011 2.6974970 2.3740000
v -2.8937011 2.6974970 2.3460000
v 0.0062989 4.1584970 2.3740000
v -0.0062989 4.1835030 2.3740000
v -2.9062989 2.7225030 2.3740000
v 0.0062989 4.1584970 2.3740000
v -2.9062989 2.7225030 2.3740000
v -2.8937011 2.6974970 2.3740000
v -0.0062989 4.1835030 2.3740000
v -0.0062989 4.1835030 2.3460000
v -2.9062989 2.7225030 2.3460000
v -0.0062989 4.1835030 2.3740000
v -2.9062989 2.7225030 2.3460000
v -2.9062989 2.7225030 2.3740000
v -0.0062989 4.1835030 2.3460000
v 0.0062989 4.1584970 2.3460000
v -2.8937011 2.6974970 2.3460000
v -0.0062989 4.1835030 2.3460000
v -2.8937011 2.6974970 2.3460000
v -2.9062989 2.7225030 2.3460000
v 0.0062989 4.1584970 3.1360000
v 0.0062989 4.1584970 3.1640000
v -2.8937011 2.6974970 3.1640000
v 0.0062989 4.1584970 3.1360000
v -2.8937011 2.6974970 3.1640000
v -2.8937011 2.6974970 3.1360000
v 0.0062989 4.1584970 3.1640000
v -0.0062989 4.1835030 3.1640000
v -2.9062989 2.7225030 3.1640000
v 0.0062989 4.1584970 3.1640000
v -2.9062989 2.7225030 3.1640000
v -2.8937011 2.6974970 3.1640000
v -0.0062989 4.1835030 3.1640000
v -0.0062989 4.1835030 3.1360000
v -2.9062989 2.7225030 3.1360000
v -0.0062989 4.1835030 3.1640000
v -2.9062989 2.7225030 3.1360000
v -2.9062989 2.7225030 3.1640000
v -0.0062989 4.1835030 3.1360000
v 0.0062989 4.1584970 3.1360000
v -2.8937011 2.6974970 3.1360000
v -0.0062989 4.1835030 3.1360000
v -2.8937011 2.6974970 3.1360000
v -2.9062989 2.7225030 3.1360000
v 0.0000000 4.0300000 -3.2500000
v 2.8800000 2.7000000 -3.2500000
v 2.8800000 2.5700000 -3.2500000
v 0.0000000 4.0300000 3.2500000
v 2.8800000 2.5700000 3.2500000
v 2.8800000 2.7000000 3.2500000
v 0.0000000 4.0300000 -3.2500000
v 0.0000000 4.1600000 -3.2500000
v 2.8800000 2.7000000 -3.2500000
v 0.0000000 4.0300000 3.2500000
v 2.8800000 2.7000000 3.2500000
v 0.0000000 4.1600000 3.2500000
v 0.0000000 4.0300000 -3.2500000
v 2.8800000 2.5700000 -3.2500000
v 2.8800000 2.5700000 3.2500000
v 0.0000000 4.0300000 -3.2500000
v 2.8800000 2.5700000 3.2500000
v 0.0000000 4.0300000 3.2500000
v 2.8800000 2.5700000 -3.2500000
v 2.8800000 2.7000000 -3.2500000
v 2.8800000 2.7000000 3.2500000
v 2.8800000 2.5700000 -3.2500000
v 2.8800000 2.7000000 3.2500000
v 2.8800000 2.5700000 3.2500000
v 2.8800000 2.7000000 -3.2500000
v 0.0000000 4.1600000 -3.2500000
v 0.0000000 4.1600000 3.2500000
v 2.8800000 2.7000000 -3.2500000
v 0.0000000 4.1600000 3.2500000
v 2.8800000 2.7000000 3.2500000
v 0.0000000 4.1600000 -3.2500000
v 0.0000000 4.0300000 -3.2500000
v 0.0000000 4.0300000 3.2500000
v 0.0000000 4.1600000 -3.2500000
v 0.0000000 4.0300000 3.2500000
v 0.0000000 4.1600000 3.2500000
v -0.0062989 4.1584970 -3.1560000
v -0.0062989 4.1584970 -3.1840000
v 2.8937011 2.6974970 -3.1840000
v -0.0062989 4.1584970 -3.1560000
v 2.8937011 2.6974970 -3.1840000
v 2.8937011 2.6974970 -3.1560000
v -0.0062989 4.1584970 -3.1840000
v 0.0062989 4.1835030 -3.1840000
v 2.9062989 2.7225030 -3.1840000
v -0.0062989 4.1584970 -3.1840000
v 2.9062989 2.7225030 -3.1840000
v 2.8937011 2.6974970 -3.1840000
v 0.0062989 4.1835030 -3.1840000
v 0.0062989 4.1835030 -3.1560000
v 2.9062989 2.7225030 -3.1560000
v 0.0062989 4.1835030 -3.1840000
v 2.9062989 2.7225030 -3.1560000
v 2.9062989 2.7225030 -3.1840000
v 0.0062989 4.1835030 -3.1560000
v -0.0062989 4.1584970 -3.1560000
v 2.8937011 2.6974970 -3.1560000
v 0.0062989 4.1835030 -3.1560000
v 2.8937011 2.6974970 -3.1560000
v 2.9062989 2.7225030 -3.1560000
v -0.0062989 4.1584970 -2.3660000
v -0.0062989 4.1584970 -2.3940000
v 2.8937011 2.6974970 -2.3940000
v -0.0062989 4.1584970 -2.3660000
v 2.8937011 2.6974970 -2.3940000
v 2.8937011 2.6974970 -2.3660000
v -0.0062989 4.1584970 -2.3940000
v 0.0062989 4.1835030 -2.3940000
v 2.9062989 2.7225030 -2.3940000
v -0.0062989 4.1584970 -2.3940000
v 2.9062989 2.7225030 -2.3940000
v 2.8937011 2.6974970 -2.3940000
v 0.0062989 4.1835030 -2.3940000
v 0.0062989 4.1835030 -2.3660000
v 2.9062989 2.7225030 -2.3660000
v 0.0062989 4.1835030 -2.3940000
v 2.9062989 2.7225030 -2.3660000
v 2.9062989 2.7225030 -2.3940000
v 0.0062989 4.1835030 -2.3660000
v -0.0062989 4.1584970 -2.3660000
v 2.8937011 2.6974970 -2.3660000
v 0.0062989 4.1835030 -2.3660000
v 2.8937011 2.6974970 -2.3660000
v 2.9062989 2.7225030 -2.3660000
v -0.0062989 4.1584970 -1.5760000
v -0.0062989 4.1584970 -1.6040000
v 2.8937011 2.6974970 -1.6040000
v -0.0062989 4.1584970 -1.5760000
v 2.8937011 2.6974970 -1.6040000
v 2.8937011 2.6974970 -1.5760000
v -0.0062989 4.1584970 -1.6040000
v 0.0062989 4.1835030 -1.6040000
v 2.9062989 2.7225030 -1.6040000
v -0.0062989 4.1584970 -1.6040000
v 2.9062989 2.7225030 -1.6040000
v 2.8937011 2.6974970 -1.6040000
v 0.0062989 4.1835030 -1.6040000
v 0.0062989 4.1835030 -1.5760000
v 2.9062989 2.7225030 -1.5760000
v 0.0062989 4.1835030 -1.6040000
v 2.9062989 2.7225030 -1.5760000
v 2.9062989 2.7225030 -1.6040000
v 0.0062989 4.1835030 -1.5760000
v -0.0062989 4.1584970 -1.5760000
v 2.8937011 2.6974970 -1.5760000
v 0.0062989 4.1835030 -1.5760000
v 2.8937011 2.6974970 -1.5760000
v 2.9062989 2.7225030 -1.5760000
v -0.0062989 4.1584970 -0.7860000
v -0.0062989 4.1584970 -0.8140000
v 2.8937011 2.6974970 -0.8140000
v -0.0062989 4.1584970 -0.7860000
v 2.8937011 2.6974970 -0.8140000
v 2.8937011 2.6974970 -0.7860000
v -0.0062989 4.1584970 -0.8140000
v 0.0062989 4.1835030 -0.8140000
v 2.9062989 2.7225030 -0.8140000
v -0.0062989 4.1584970 -0.8140000
v 2.9062989 2.7225030 -0.8140000
v 2.8937011 2.6974970 -0.8140000
v 0.0062989 4.1835030 -0.8140000
v 0.0062989 4.1835030 -0.7860000
v 2.9062989 2.7225030 -0.7860000
v 0.0062989 4.1835030 -0.8140000
v 2.9062989 2.7225030 -0.7860000
v 2.9062989 2.7225030 -0.8140000
v 0.0062989 4.1835030 -0.7860000
v -0.0062989 4.1584970 -0.7860000
v 2.8937011 2.6974970 -0.7860000
v 0.0062989 4.1835030 -0.7860000
v 2.8937011 2.6974970 -0.7860000
v 2.9062989 2.7225030 -0.7860000
v -0.0062989 4.1584970 0.0040000
v -0.0062989 4.1584970 -0.0240000
v 2.8937011 2.6974970 -0.0240000
v -0.0062989 4.1584970 0.0040000
v 2.8937011 2.6974970 -0.0240000
v 2.8937011 2.6974970 0.0040000
v -0.0062989 4.1584970 -0.0240000
v 0.0062989 4.1835030 -0.0240000
v 2.9062989 2.7225030 -0.0240000
v -0.0062989 4.1584970 -0.0240000
v 2.9062989 2.7225030 -0.0240000
v 2.8937011 2.6974970 -0.0240000
v 0.0062989 4.1835030 -0.0240000
v 0.0062989 4.1835030 0.0040000
v 2.9062989 2.7225030 0.0040000
v 0.0062989 4.1835030 -0.0240000
v 2.9062989 2.7225030 0.0040000
v 2.9062989 2.7225030 -0.0240000
v 0.0062989 4.1835030 0.0040000
v -0.0062989 4.1584970 0.0040000
v 2.8937011 2.6974970 0.0040000
v 0.0062989 4.1835030 0.0040000
v 2.8937011 2.6974970 0.0040000
v 2.9062989 2.7225030 0.0040000
v -0.0062989 4.1584970 0.7940000
v -0.0062989 4.1584970 0.7660000
v 2.8937011 2.6974970 0.7660000
v -0.0062989 4.1584970 0.7940000
v 2.8937011 2.6974970 0.7660000
v 2.8937011 2.6974970 0.7940000
v -0.0062989 4.1584970 0.7660000
v 0.0062989 4.1835030 0.7660000
v 2.9062989 2.7225030 0.7660000
v -0.0062989 4.1584970 0.7660000
v 2.9062989 2.7225030 0.7660000
v 2.8937011 2.6974970 0.7660000
v 0.0062989 4.1835030 0.7660000
v 0.0062989 4.1835030 0.7940000
v 2.9062989 2.7225030 0.7940000
v 0.0062989 4.1835030 0.7660000
v 2.9062989 2.7225030 0.7940000
v 2.9062989 2.7225030 0.7660000
v 0.0062989 4.1835030 0.7940000
v -0.0062989 4.1584970 0.7940000
v 2.8937011 2.6974970 0.7940000
v 0.0062989 4.1835030 0.7940000
v 2.8937011 2.6974970 0.7940000
v 2.9062989 2.7225030 0.7940000
v -0.0062989 4.1584970 1.5840000
v -0.0062989 4.1584970 1.5560000
v 2.8937011 2.6974970 1.5560000
v -0.0062989 4.1584970 1.5840000
v 2.8937011 2.6974970 1.5560000
v 2.8937011 2.6974970 1.5840000
v -0.0062989 4.1584970 1.5560000
v 0.0062989 4.1835030 1.5560000
v 2.9062989 2.7225030 1.5560000
v -0.0062989 4.1584970 1.5560000
v 2.9062989 2.7225030 1.5560000
v 2.8937011 2.6974970 1.5560000
v 0.0062989 4.1835030 1.5560000
v 0.0062989 4.1835030 1.5840000
v 2.9062989 2.7225030 1.5840000
v 0.0062989 4.1835030 1.5560000
v 2.9062989 2.7225030 1.5840000
v 2.9062989 2.7225030 1.5560000
v 0.0062989 4.1835030 1.5840000
v -0.0062989 4.1584970 1.5840000
v 2.8937011 2.6974970 1.5840000
v 0.0062989 4.1835030 1.5840000
v 2.8937011 2.6974970 1.5840000
v 2.9062989 2.7225030 1.5840000
v -0.0062989 4.1584970 2.3740000
v -0.0062989 4.1584970 2.3460000
v 2.8937011 2.6974970 2.3460000
v -0.0062989 4.1584970 2.3740000
v 2.8937011 2.6974970 2.3460000
v 2.8937011 2.6974970 2.3740000
v -0.0062989 4.1584970 2.3460000
v 0.0062989 4.1835030 2.3460000
v 2.9062989 2.7225030 2.3460000
v -0.0062989 4.1584970 2.3460000
v 2.9062989 2.7225030 2.3460000
v 2.8937011 2.6974970 2.3460000
v 0.0062989 4.1835030 2.3460000
v 0.0062989 4.1835030 2.3740000
v 2.9062989 2.7225030 2.3740000
v 0.0062989 4.1835030 2.3460000
v 2.9062989 2.7225030 2.3740000
v 2.9062989 2.7225030 2.3460000
v 0.0062989 4.1835030 2.3740000
v -0.0062989 4.1584970 2.3740000
v 2.8937011 2.6974970 2.3740000
v 0.0062989 4.1835030 2.3740000
v 2.8937011 2.6974970 2.3740000
v 2.9062989 2.7225030 2.3740000
v -0.0062989 4.1584970 3.1640000
v -0.0062989 4.1584970 3.1360000
v 2.8937011 2.6974970 3.1360000
v -0.0062989 4.1584970 3.1640000
v 2.8937011 2.6974970 3.1360000
v 2.8937011 2.6974970 3.1640000
v -0.0062989 4.1584970 3.1360000
v 0.0062989 4.1835030 3.1360000
v 2.9062989 2.7225030 3.1360000
v -0.0062989 4.1584970 3.1360000
v 2.9062989 2.7225030 3.1360000
v 2.8937011 2.6974970 3.1360000
v 0.0062989 4.1835030 3.1360000
v 0.0062989 4.1835030 3.1640000
v 2.9062989 2.7225030 3.1640000
v 0.0062989 4.1835030 3.1360000
v 2.9062989 2.7225030 3.1640000
v 2.9062989 2.7225030 3.1360000
v 0.0062989 4.1835030 3.1640000
v -0.0062989 4.1584970 3.1640000
v 2.8937011 2.6974970 3.1640000
v 0.0062989 4.1835030 3.1640000
v 2.8937011 2.6974970 3.1640000
v 2.9062989 2.7225030 3.1640000
v -2.0650000 1.0100000 -3.0425000
v -2.0650000 1.9500000 -3.0425000
v -1.2350000 1.9500000 -3.0425000
v -2.0650000 1.0100000 -3.0425000
v -1.2350000 1.9500000 -3.0425000
v -1.2350000 1.0100000 -3.0425000
v -2.0650000 1.0100000 -3.0075000
v -1.2350000 1.0100000 -3.0075000
v -1.2350000 1.9500000 -3.0075000
v -2.0650000 1.0100000 -3.0075000
v -1.2350000 1.9500000 -3.0075000
v -2.0650000 1.9500000 -3.0075000
v -2.0650000 1.0100000 -3.0425000
v -2.0650000 1.0100000 -3.0075000
v -2.0650000 1.9500000 -3.0075000
v -2.0650000 1.0100000 -3.0425000
v -2.0650000 1.9500000 -3.0075000
v -2.0650000 1.9500000 -3.0425000
v -1.2350000 1.0100000 -3.0425000
v -1.2350000 1.9500000 -3.0425000
v -1.2350000 1.9500000 -3.0075000
v -1.2350000 1.0100000 -3.0425000
v -1.2350000 1.9500000 -3.0075000
v -1.2350000 1.0100000 -3.0075000
v -2.0650000 1.0100000 -3.0425000
v -1.2350000 1.0100000 -3.0425000
v -1.2350000 1.0100000 -3.0075000
v -2.0650000 1.0100000 -3.0425000
v -1.2350000 1.0100000 -3.0075000
v -2.0650000 1.0100000 -3.0075000
v -2.0650000 1.9500000 -3.0425000
v -2.0650000 1.9500000 -3.0075000
v -1.2350000 1.9500000 -3.0075000
v -2.0650000 1.9500000 -3.0425000
v -1.2350000 1.9500000 -3.0075000
v -1.2350000 1.9500000 -3.0425000
v -2.1025000 0.9600000 -3.0925000
v -2.1025000 2.0000000 -3.0925000
v -2.0275000 2.0000000 -3.0925000
v -2.1025000 0.9600000 -3.0925000
v -2.0275000 2.0000000 -3.0925000
v -2.0275000 0.9600000 -3.0925000
v -2.1025000 0.9600000 -3.0275000
v -2.0275000 0.9600000 -3.0275000
v -2.0275000 2.0000000 -3.0275000
v -2.1025000 0.9600000 -3.0275000
v -2.0275000 2.0000000 -3.0275000
v -2.1025000 2.0000000 -3.0275000
v -2.1025000 0.9600000 -3.0925000
v -2.1025000 0.9600000 -3.0275000
v -2.1025000 2.0000000 -3.0275000
v -2.1025000 0.9600000 -3.0925000
v -2.1025000 2.0000000 -3.0275000
v -2.1025000 2.0000000 -3.0925000
v -2.0275000 0.9600000 -3.0925000
v -2.0275000 2.0000000 -3.0925000
v -2.0275000 2.0000000 -3.0275000
v -2.0275000 0.9600000 -3.0925000
v -2.0275000 2.0000000 -3.0275000
v -2.0275000 0.9600000 -3.0275000
v -2.1025000 0.9600000 -3.0925000
v -2.0275000 0.9600000 -3.0925000
v -2.0275000 0.9600000 -3.0275000
v -2.1025000 0.9600000 -3.0925000
v -2.0275000 0.9600000 -3.0275000
v -2.1025000 0.9600000 -3.0275000
v -2.1025000 2.0000000 -3.0925000
v -2.1025000 2.0000000 -3.0275000
v -2.0275000 2.0000000 -3.0275000
v -2.1025000 2.0000000 -3.0925000
v -2.0275000 2.0000000 -3.0275000
v -2.0275000 2.0000000 -3.0925000
v -1.2725000 0.9600000 -3.0925000
v -1.2725000 2.0000000 -3.0925000
v -1.1975000 2.0000000 -3.0925000
v -1.2725000 0.9600000 -3.0925000
v -1.1975000 2.0000000 -3.0925000
v -1.1975000 0.9600000 -3.0925000
v -1.2725000 0.9600000 -3.0275000
v -1.1975000 0.9600000 -3.0275000
v -1.1975000 2.0000000 -3.0275000
v -1.2725000 0.9600000 -3.0275000
v -1.1975000 2.0000000 -3.0275000
v -1.2725000 2.0000000 -3.0275000
v -1.2725000 0.9600000 -3.0925000
v -1.2725000 0.9600000 -3.0275000
v -1.2725000 2.0000000 -3.0275000
v -1.2725000 0.9600000 -3.0925000
v -1.2725000 2.0000000 -3.0275000
v -1.2725000 2.0000000 -3.0925000
v -1.1975000 0.9600000 -3.0925000
v -1.1975000 2.0000000 -3.0925000
v -1.1975000 2.0000000 -3.0275000
v -1.1975000 0.9600000 -3.0925000
v -1.1975000 2.0000000 -3.0275000
v -1.1975000 0.9600000 -3.0275000
v -1.2725000 0.9600000 -3.0925000
v -1.1975000 0.9600000 -3.0925000
v -1.1975000 0.9600000 -3.0275000
v -1.2725000 0.9600000 -3.0925000
v -1.1975000 0.9600000 -3.0275000
v -1.2725000 0.9600000 -3.0275000
v -1.2725000 2.0000000 -3.0925000
v -1.2725000 2.0000000 -3.0275000
v -1.1975000 2.0000000 -3.0275000
v -1.2725000 2.0000000 -3.0925000
v -1.1975000 2.0000000 -3.0275000
v -1.1975000 2.0000000 -3.0925000
v -2.1350000 0.9725000 -3.0925000
v -2.1350000 1.0475000 -3.0925000
v -1.1650000 1.0475000 -3.0925000
v -2.1350000 0.9725000 -3.0925000
v -1.1650000 1.0475000 -3.0925000
v -1.1650000 0.9725000 -3.0925000
v -2.1350000 0.9725000 -3.0275000
v -1.1650000 0.9725000 -3.0275000
v -1.1650000 1.0475000 -3.0275000
v -2.1350000 0.9725000 -3.0275000
v -1.1650000 1.0475000 -3.0275000
v -2.1350000 1.0475000 -3.0275000
v -2.1350000 0.9725000 -3.0925000
v -2.1350000 0.9725000 -3.0275000
v -2.1350000 1.0475000 -3.0275000
v -2.1350000 0.9725000 -3.0925000
v -2.1350000 1.0475000 -3.0275000
v -2.1350000 1.0475000 -3.0925000
v -1.1650000 0.9725000 -3.0925000
v -1.1650000 1.0475000 -3.0925000
v -1.1650000 1.0475000 -3.0275000
v -1.1650000 0.9725000 -3.0925000
v -1.1650000 1.0475000 -3.0275000
v -1.1650000 0.9725000 -3.0275000
v -2.1350000 0.9725000 -3.0925000
v -1.1650000 0.9725000 -3.0925000
v -1.1650000 0.9725000 -3.0275000
v -2.1350000 0.9725000 -3.0925000
v -1.1650000 0.9725000 -3.0275000
v -2.1350000 0.9725000 -3.0275000
v -2.1350000 1.0475000 -3.0925000
v -2.1350000 1.0475000 -3.0275000
v -1.1650000 1.0475000 -3.0275000
v -2.1350000 1.0475000 -3.0925000
v -1.1650000 1.0475000 -3.0275000
v -1.1650000 1.0475000 -3.0925000
v -2.1350000 1.9125000 -3.0925000
v -2.1350000 1.9875000 -3.0925000
v -1.1650000 1.9875000 -3.0925000
v -2.1350000 1.9125000 -3.0925000
v -1.1650000 1.9875000 -3.0925000
v -1.1650000 1.9125000 -3.0925000
v -2.1350000 1.9125000 -3.0275000
v -1.1650000 1.9125000 -3.0275000
v -1.1650000 1.9875000 -3.0275000
v -2.1350000 1.9125000 -3.0275000
v -1.1650000 1.9875000 -3.0275000
v -2.1350000 1.9875000 -3.0275000
v -2.1350000 1.9125000 -3.0925000
v -2.1350000 1.9125000 -3.0275000
v -2.1350000 1.9875000 -3.0275000
v -2.1350000 1.9125000 -3.0925000
v -2.1350000 1.9875000 -3.0275000
v -2.1350000 1.9875000 -3.0925000
v -1.1650000 1.9125000 -3.0925000
v -1.1650000 1.9875000 -3.0925000
v -1.1650000 1.9875000 -3.0275000
v -1.1650000 1.9125000 -3.0925000
v -1.1650000 1.9875000 -3.0275000
v -1.1650000 1.9125000 -3.0275000
v -2.1350000 1.9125000 -3.0925000
v -1.1650000 1.9125000 -3.0925000
v -1.1650000 1.9125000 -3.0275000
v -2.1350000 1.9125000 -3.0925000
v -1.1650000 1.9125000 -3.0275000
v -2.1350000 1.9125000 -3.0275000
v -2.1350000 1.9875000 -3.0925000
v -2.1350000 1.9875000 -3.0275000
v -1.1650000 1.9875000 -3.0275000
v -2.1350000 1.9875000 -3.0925000
v -1.1650000 1.9875000 -3.0275000
v -1.1650000 1.9875000 -3.0925000
v -1.6700000 1.0100000 -3.0925000
v -1.6700000 1.9500000 -3.0925000
v -1.6300000 1.9500000 -3.0925000
v -1.6700000 1.0100000 -3.0925000
v -1.6300000 1.9500000 -3.0925000
v -1.6300000 1.0100000 -3.0925000
v -1.6700000 1.0100000 -3.0375000
v -1.6300000 1.0100000 -3.0375000
v -1.6300000 1.9500000 -3.0375000
v -1.6700000 1.0100000 -3.0375000
v -1.6300000 1.9500000 -3.0375000
v -1.6700000 1.9500000 -3.0375000
v -1.6700000 1.0100000 -3.0925000
v -1.6700000 1.0100000 -3.0375000
v -1.6700000 1.9500000 -3.0375000
v -1.6700000 1.0100000 -3.0925000
v -1.6700000 1.9500000 -3.0375000
v -1.6700000 1.9500000 -3.0925000
v -1.6300000 1.0100000 -3.0925000
v -1.6300000 1.9500000 -3.0925000
v -1.6300000 1.9500000 -3.0375000
v -1.6300000 1.0100000 -3.0925000
v -1.6300000 1.9500000 -3.0375000
v -1.6300000 1.0100000 -3.0375000
v -1.6700000 1.0100000 -3.0925000
v -1.6300000 1.0100000 -3.0925000
v -1.6300000 1.0100000 -3.0375000
v -1.6700000 1.0100000 -3.0925000
v -1.6300000 1.0100000 -3.0375000
v -1.6700000 1.0100000 -3.0375000
v -1.6700000 1.9500000 -3.0925000
v -1.6700000 1.9500000 -3.0375000
v -1.6300000 1.9500000 -3.0375000
v -1.6700000 1.9500000 -3.0925000
v -1.6300000 1.9500000 -3.0375000
v -1.6300000 1.9500000 -3.0925000
v -2.0650000 1.4625000 -3.0925000
v -2.0650000 1.4975000 -3.0925000
v -1.2350000 1.4975000 -3.0925000
v -2.0650000 1.4625000 -3.0925000
v -1.2350000 1.4975000 -3.0925000
v -1.2350000 1.4625000 -3.0925000
v -2.0650000 1.4625000 -3.0375000
v -1.2350000 1.4625000 -3.0375000
v -1.2350000 1.4975000 -3.0375000
v -2.0650000 1.4625000 -3.0375000
v -1.2350000 1.4975000 -3.0375000
v -2.0650000 1.4975000 -3.0375000
v -2.0650000 1.4625000 -3.0925000
v -2.0650000 1.4625000 -3.0375000
v -2.0650000 1.4975000 -3.0375000
v -2.0650000 1.4625000 -3.0925000
v -2.0650000 1.4975000 -3.0375000
v -2.0650000 1.4975000 -3.0925000
v -1.2350000 1.4625000 -3.0925000
v -1.2350000 1.4975000 -3.0925000
v -1.2350000 1.4975000 -3.0375000
v -1.2350000 1.4625000 -3.0925000
v -1.2350000 1.4975000 -3.0375000
v -1.2350000 1.4625000 -3.0375000
v -2.0650000 1.4625000 -3.0925000
v -1.2350000 1.4625000 -3.0925000
v -1.2350000 1.4625000 -3.0375000
v -2.0650000 1.4625000 -3.0925000
v -1.2350000 1.4625000 -3.0375000
v -2.0650000 1.4625000 -3.0375000
v -2.0650000 1.4975000 -3.0925000
v -2.0650000 1.4975000 -3.0375000
v -1.2350000 1.4975000 -3.0375000
v -2.0650000 1.4975000 -3.0925000
v -1.2350000 1.4975000 -3.0375000
v -1.2350000 1.4975000 -3.0925000
v -2.1750000 0.9075000 -3.1500000
v -2.1750000 0.9925000 -3.1500000
v -1.1250000 0.9925000 -3.1500000
v -2.1750000 0.9075000 -3.1500000
v -1.1250000 0.9925000 -3.1500000
v -1.1250000 0.9075000 -3.1500000
v -2.1750000 0.9075000 -3.0200000
v -1.1250000 0.9075000 -3.0200000
v -1.1250000 0.9925000 -3.0200000
v -2.1750000 0.9075000 -3.0200000
v -1.1250000 0.9925000 -3.0200000
v -2.1750000 0.9925000 -3.0200000
v -2.1750000 0.9075000 -3.1500000
v -2.1750000 0.9075000 -3.0200000
v -2.1750000 0.9925000 -3.0200000
v -2.1750000 0.9075000 -3.1500000
v -2.1750000 0.9925000 -3.0200000
v -2.1750000 0.9925000 -3.1500000
v -1.1250000 0.9075000 -3.1500000
v -1.1250000 0.9925000 -3.1500000
v -1.1250000 0.9925000 -3.0200000
v -1.1250000 0.9075000 -3.1500000
v -1.1250000 0.9925000 -3.0200000
v -1.1250000 0.9075000 -3.0200000
v -2.1750000 0.9075000 -3.1500000
v -1.1250000 0.9075000 -3.1500000
v -1.1250000 0.9075000 -3.0200000
v -2.1750000 0.9075000 -3.1500000
v -1.1250000 0.9075000 -3.0200000
v -2.1750000 0.9075000 -3.0200000
v -2.1750000 0.9925000 -3.1500000
v -2.1750000 0.9925000 -3.0200000
v -1.1250000 0.9925000 -3.0200000
v -2.1750000 0.9925000 -3.1500000
v -1.1250000 0.9925000 -3.0200000
v -1.1250000 0.9925000 -3.1500000
v -0.2950000 1.0100000 -3.0425000
v -0.2950000 1.9500000 -3.0425000
v 0.5350000 1.9500000 -3.0425000
v -0.2950000 1.0100000 -3.0425000
v 0.5350000 1.9500000 -3.0425000
v 0.5350000 1.0100000 -3.0425000
v -0.2950000 1.0100000 -3.0075000
v 0.5350000 1.0100000 -3.0075000
v 0.5350000 1.9500000 -3.0075000
v -0.2950000 1.0100000 -3.0075000
v 0.5350000 1.9500000 -3.0075000
v -0.2950000 1.9500000 -3.0075000
v -0.2950000 1.0100000 -3.0425000
v -0.2950000 1.0100000 -3.0075000
v -0.2950000 1.9500000 -3.0075000
v -0.2950000 1.0100000 -3.0425000
v -0.2950000 1.9500000 -3.0075000
v -0.2950000 1.9500000 -3.0425000
v 0.5350000 1.0100000 -3.0425000
v 0.5350000 1.9500000 -3.0425000
v 0.5350000 1.9500000 -3.0075000
v 0.5350000 1.0100000 -3.0425000
v 0.5350000 1.9500000 -3.0075000
v 0.5350000 1.0100000 -3.0075000
v -0.2950000 1.0100000 -3.0425000
v 0.5350000 1.0100000 -3.0425000
v 0.5350000 1.0100000 -3.0075000
v -0.2950000 1.0100000 -3.0425000
v 0.5350000 1.0100000 -3.0075000
v -0.2950000 1.0100000 -3.0075000
v -0.2950000 1.9500000 -3.0425000
v -0.2950000 1.9500000 -3.0075000
v 0.5350000 1.9500000 -3.0075000
v -0.2950000 1.9500000 -3.0425000
v 0.5350000 1.9500000 -3.0075000
v 0.5350000 1.9500000 -3.0425000
v -0.3325000 0.9600000 -3.0925000
v -0.3325000 2.0000000 -3.0925000
v -0.2575000 2.0000000 -3.0925000
v -0.3325000 0.9600000 -3.0925000
v -0.2575000 2.0000000 -3.0925000
v -0.2575000 0.9600000 -3.0925000
v -0.3325000 0.9600000 -3.0275000
v -0.2575000 0.9600000 -3.0275000
v -0.2575000 2.0000000 -3.0275000
v -0.3325000 0.9600000 -3.0275000
v -0.2575000 2.0000000 -3.0275000
v -0.3325000 2.0000000 -3.0275000
v -0.3325000 0.9600000 -3.0925000
v -0.3325000 0.9600000 -3.0275000
v -0.3325000 2.0000000 -3.0275000
v -0.3325000 0.9600000 -3.0925000
v -0.3325000 2.0000000 -3.0275000
v -0.3325000 2.0000000 -3.0925000
v -0.2575000 0.9600000 -3.0925000
v -0.2575000 2.0000000 -3.0925000
v -0.2575000 2.0000000 -3.0275000
v -0.2575000 0.9600000 -3.0925000
v -0.2575000 2.0000000 -3.0275000
v -0.2575000 0.9600000 -3.0275000
v -0.3325000 0.9600000 -3.0925000
v -0.2575000 0.9600000 -3.0925000
v -0.2575000 0.9600000 -3.0275000
v -0.3325000 0.9600000 -3.0925000
v -0.2575000 0.9600000 -3.0275000
v -0.3325000 0.9600000 -3.0275000
v -0.3325000 2.0000000 -3.0925000
v -0.3325000 2.0000000 -3.0275000
v -0.2575000 2.0000000 -3.0275000
v -0.3325000 2.0000000 -3.0925000
v -0.2575000 2.0000000 -3.0275000
v -0.2575000 2.0000000 -3.0925000
v 0.4975000 0.9600000 -3.0925000
v 0.4975000 2.0000000 -3.0925000
v 0.5725000 2.0000000 -3.0925000
v 0.4975000 0.9600000 -3.0925000
v 0.5725000 2.0000000 -3.0925000
v 0.5725000 0.9600000 -3.0925000
v 0.4975000 0.9600000 -3.0275000
v 0.5725000 0.9600000 -3.0275000
v 0.5725000 2.0000000 -3.0275000
v 0.4975000 0.9600000 -3.0275000
v 0.5725000 2.0000000 -3.0275000
v 0.4975000 2.0000000 -3.0275000
v 0.4975000 0.9600000 -3.0925000
v 0.4975000 0.9600000 -3.0275000
v 0.4975000 2.0000000 -3.0275000
v 0.4975000 0.9600000 -3.0925000
v 0.4975000 2.0000000 -3.0275000
v 0.4975000 2.0000000 -3.0925000
v 0.5725000 0.9600000 -3.0925000
v 0.5725000 2.0000000 -3.0925000
v 0.5725000 2.0000000 -3.0275000
v 0.5725000 0.9600000 -3.0925000
v 0.5725000 2.0000000 -3.0275000
v 0.5725000 0.9600000 -3.0275000
v 0.4975000 0.9600000 -3.0925000
v 0.5725000 0.9600000 -3.0925000
v 0.5725000 0.9600000 -3.0275000
v 0.4975000 0.9600000 -3.0925000
v 0.5725000 0.9600000 -3.0275000
v 0.4975000 0.9600000 -3.0275000
v 0.4975000 2.0000000 -3.0925000
v 0.4975000 2.0000000 -3.0275000
v 0.5725000 2.0000000 -3.0275000
v 0.4975000 2.0000000 -3.0925000
v 0.5725000 2.0000000 -3.0275000
v 0.5725000 2.0000000 -3.0925000
v -0.3650000 0.9725000 -3.0925000
v -0.3650000 1.0475000 -3.0925000
v 0.6050000 1.0475000 -3.0925000
v -0.3650000 0.9725000 -3.0925000
v 0.6050000 1.0475000 -3.0925000
v 0.6050000 0.9725000 -3.0925000
v -0.3650000 0.9725000 -3.0275000
v 0.6050000 0.9725000 -3.0275000
v 0.6050000 1.0475000 -3.0275000
v -0.3650000 0.9725000 -3.0275000
v 0.6050000 1.0475000 -3.0275000
v -0.3650000 1.0475000 -3.0275000
v -0.3650000 0.9725000 -3.0925000
v -0.3650000 0.9725000 -3.0275000
v -0.3650000 1.0475000 -3.0275000
v -0.3650000 0.9725000 -3.0925000
v -0.3650000 1.0475000 -3.0275000
v -0.3650000 1.0475000 -3.0925000
v 0.6050000 0.9725000 -3.0925000
v 0.6050000 1.0475000 -3.0925000
v 0.6050000 1.0475000 -3.0275000
v 0.6050000 0.9725000 -3.0925000
v 0.6050000 1.0475000 -3.0275000
v 0.6050000 0.9725000 -3.0275000
v -0.3650000 0.9725000 -3.0925000
v 0.6050000 0.9725000 -3.0925000
v 0.6050000 0.9725000 -3.0275000
v -0.3650000 0.9725000 -3.0925000
v 0.6050000 0.9725000 -3.0275000
v -0.3650000 0.9725000 -3.0275000
v -0.3650000 1.0475000 -3.0925000
v -0.3650000 1.0475000 -3.0275000
v 0.6050000 1.0475000 -3.0275000
v -0.3650000 1.0475000 -3.0925000
v 0.6050000 1.0475000 -3.0275000
v 0.6050000 1.0475000 -3.0925000
v -0.3650000 1.9125000 -3.0925000
v -0.3650000 1.9875000 -3.0925000
v 0.6050000 1.9875000 -3.0925000
v -0.3650000 1.9125000 -3.0925000
v 0.6050000 1.9875000 -3.0925000
v 0.6050000 1.9125000 -3.0925000
v -0.3650000 1.9125000 -3.0275000
v 0.6050000 1.9125000 -3.0275000
v 0.6050000 1.9875000 -3.0275000
v -0.3650000 1.9125000 -3.0275000
v 0.6050000 1.9875000 -3.0275000
v -0.3650000 1.9875000 -3.0275000
v -0.3650000 1.9125000 -3.0925000
v -0.3650000 1.9125000 -3.0275000
v -0.3650000 1.9875000 -3.0275000
v -0.3650000 1.9125000 -3.0925000
v -0.3650000 1.9875000 -3.0275000
v -0.3650000 1.9875000 -3.0925000
v 0.6050000 1.9125000 -3.0925000
v 0.6050000 1.9875000 -3.0925000
v 0.6050000 1.9875000 -3.0275000
v 0.6050000 1.9125000 -3.0925000
v 0.6050000 1.9875000 -3.0275000
v 0.6050000 1.9125000 -3.0275000
v -0.3650000 1.9125000 -3.0925000
v 0.6050000 1.9125000 -3.0925000
v 0.6050000 1.9125000 -3.0275000
v -0.3650000 1.9125000 -3.0925000
v 0.6050000 1.9125000 -3.0275000
v -0.3650000 1.9125000 -3.0275000
v -0.3650000 1.9875000 -3.0925000
v -0.3650000 1.9875000 -3.0275000
v 0.6050000 1.9875000 -3.0275000
v -0.3650000 1.9875000 -3.0925000
v 0.6050000 1.9875000 -3.0275000
v 0.6050000 1.9875000 -3.0925000
v 0.1000000 1.0100000 -3.0925000
v 0.1000000 1.9500000 -3.0925000
v 0.1400000 1.9500000 -3.0925000
v 0.1000000 1.0100000 -3.0925000
v 0.1400000 1.9500000 -3.0925000
v 0.1400000 1.0100000 -3.0925000
v 0.1000000 1.0100000 -3.0375000
v 0.1400000 1.0100000 -3.0375000
v 0.1400000 1.9500000 -3.0375000
v 0.1000000 1.0100000 -3.0375000
v 0.1400000 1.9500000 -3.0375000
v 0.1000000 1.9500000 -3.0375000
v 0.1000000 1.0100000 -3.0925000
v 0.1000000 1.0100000 -3.0375000
v 0.1000000 1.9500000 -3.0375000
v 0.1000000 1.0100000 -3.0925000
v 0.1000000 1.9500000 -3.0375000
v 0.1000000 1.9500000 -3.0925000
v 0.1400000 1.0100000 -3.0925000
v 0.1400000 1.9500000 -3.0925000
v 0.1400000 1.9500000 -3.0375000
v 0.1400000 1.0100000 -3.0925000
v 0.1400000 1.9500000 -3.0375000
v 0.1400000 1.0100000 -3.0375000
v 0.1000000 1.0100000 -3.0925000
v 0.1400000 1.0100000 -3.0925000
v 0.1400000 1.0100000 -3.0375000
v 0.1000000 1.0100000 -3.0925000
v 0.1400000 1.0100000 -3.0375000
v 0.1000000 1.0100000 -3.0375000
v 0.1000000 1.9500000 -3.0925000
v 0.1000000 1.9500000 -3.0375000
v 0.1400000 1.9500000 -3.0375000
v 0.1000000 1.9500000 -3.0925000
v 0.1400000 1.9500000 -3.0375000
v 0.1400000 1.9500000 -3.0925000
v -0.2950000 1.4625000 -3.0925000
v -0.2950000 1.4975000 -3.0925000
v 0.5350000 1.4975000 -3.0925000
v -0.2950000 1.4625000 -3.0925000
v 0.5350000 1.4975000 -3.0925000
v 0.5350000 1.4625000 -3.0925000
v -0.2950000 1.4625000 -3.0375000
v 0.5350000 1.4625000 -3.0375000
v 0.5350000 1.4975000 -3.0375000
v -0.2950000 1.4625000 -3.0375000
v 0.5350000 1.4975000 -3.0375000
v -0.2950000 1.4975000 -3.0375000
v -0.2950000 1.4625000 -3.0925000
v -0.2950000 1.4625000 -3.0375000
v -0.2950000 1.4975000 -3.0375000
v -0.2950000 1.4625000 -3.0925000
v -0.2950000 1.4975000 -3.0375000
v -0.2950000 1.4975000 -3.0925000
v 0.5350000 1.4625000 -3.0925000
v 0.5350000 1.4975000 -3.0925000
v 0.5350000 1.4975000 -3.0375000
v 0.5350000 1.4625000 -3.0925000
v 0.5350000 1.4975000 -3.0375000
v 0.5350000 1.4625000 -3.0375000
v -0.2950000 1.4625000 -3.0925000
v 0.5350000 1.4625000 -3.0925000
v 0.5350000 1.4625000 -3.0375000
v -0.2950000 1.4625000 -3.0925000
v 0.5350000 1.4625000 -3.0375000
v -0.2950000 1.4625000 -3.0375000
v -0.2950000 1.4975000 -3.0925000
v -0.2950000 1.4975000 -3.0375000
v 0.5350000 1.4975000 -3.0375000
v -0.2950000 1.4975000 -3.0925000
v 0.5350000 1.4975000 -3.0375000
v 0.5350000 1.4975000 -3.0925000
v -0.4050000 0.9075000 -3.1500000
v -0.4050000 0.9925000 -3.1500000
v 0.6450000 0.9925000 -3.1500000
v -0.4050000 0.9075000 -3.1500000
v 0.6450000 0.9925000 -3.1500000
v 0.6450000 0.9075000 -3.1500000
v -0.4050000 0.9075000 -3.0200000
v 0.6450000 0.9075000 -3.0200000
v 0.6450000 0.9925000 -3.0200000
v -0.4050000 0.9075000 -3.0200000
v 0.6450000 0.9925000 -3.0200000
v -0.4050000 0.9925000 -3.0200000
v -0.4050000 0.9075000 -3.1500000
v -0.4050000 0.9075000 -3.0200000
v -0.4050000 0.9925000 -3.0200000
v -0.4050000 0.9075000 -3.1500000
v -0.4050000 0.9925000 -3.0200000
v -0.4050000 0.9925000 -3.1500000
v 0.6450000 0.9075000 -3.1500000
v 0.6450000 0.9925000 -3.1500000
v 0.6450000 0.9925000 -3.0200000
v 0.6450000 0.9075000 -3.1500000
v 0.6450000 0.9925000 -3.0200000
v 0.6450000 0.9075000 -3.0200000
v -0.4050000 0.9075000 -3.1500000
v 0.6450000 0.9075000 -3.1500000
v 0.6450000 0.9075000 -3.0200000
v -0.4050000 0.9075000 -3.1500000
v 0.6450000 0.9075000 -3.0200000
v -0.4050000 0.9075000 -3.0200000
v -0.4050000 0.9925000 -3.1500000
v -0.4050000 0.9925000 -3.0200000
v 0.6450000 0.9925000 -3.0200000
v -0.4050000 0.9925000 -3.1500000
v 0.6450000 0.9925000 -3.0200000
v 0.6450000 0.9925000 -3.1500000
v 1.2550000 0.0800000 -3.0700000
v 1.2550000 2.1200000 -3.0700000
v 2.1250000 2.1200000 -3.0700000
v 1.2550000 0.0800000 -3.0700000
v 2.1250000 2.1200000 -3.0700000
v 2.1250000 0.0800000 -3.0700000
v 1.2550000 0.0800000 -3.0000000
v 2.1250000 0.0800000 -3.0000000
v 2.1250000 2.1200000 -3.0000000
v 1.2550000 0.0800000 -3.0000000
v 2.1250000 2.1200000 -3.0000000
v 1.2550000 2.1200000 -3.0000000
v 1.2550000 0.0800000 -3.0700000
v 1.2550000 0.0800000 -3.0000000
v 1.2550000 2.1200000 -3.0000000
v 1.2550000 0.0800000 -3.0700000
v 1.2550000 2.1200000 -3.0000000
v 1.2550000 2.1200000 -3.0700000
v 2.1250000 0.0800000 -3.0700000
v 2.1250000 2.1200000 -3.0700000
v 2.1250000 2.1200000 -3.0000000
v 2.1250000 0.0800000 -3.0700000
v 2.1250000 2.1200000 -3.0000000
v 2.1250000 0.0800000 -3.0000000
v 1.2550000 0.0800000 -3.0700000
v 2.1250000 0.0800000 -3.0700000
v 2.1250000 0.0800000 -3.0000000
v 1.2550000 0.0800000 -3.0700000
v 2.1250000 0.0800000 -3.0000000
v 1.2550000 0.0800000 -3.0000000
v 1.2550000 2.1200000 -3.0700000
v 1.2550000 2.1200000 -3.0000000
v 2.1250000 2.1200000 -3.0000000
v 1.2550000 2.1200000 -3.0700000
v 2.1250000 2.1200000 -3.0000000
v 2.1250000 2.1200000 -3.0700000
v 1.2025000 0.0450000 -3.1250000
v 1.2025000 2.1950000 -3.1250000
v 1.2775000 2.1950000 -3.1250000
v 1.2025000 0.0450000 -3.1250000
v 1.2775000 2.1950000 -3.1250000
v 1.2775000 0.0450000 -3.1250000
v 1.2025000 0.0450000 -3.0450000
v 1.2775000 0.0450000 -3.0450000
v 1.2775000 2.1950000 -3.0450000
v 1.2025000 0.0450000 -3.0450000
v 1.2775000 2.1950000 -3.0450000
v 1.2025000 2.1950000 -3.0450000
v 1.2025000 0.0450000 -3.1250000
v 1.2025000 0.0450000 -3.0450000
v 1.2025000 2.1950000 -3.0450000
v 1.2025000 0.0450000 -3.1250000
v 1.2025000 2.1950000 -3.0450000
v 1.2025000 2.1950000 -3.1250000
v 1.2775000 0.0450000 -3.1250000
v 1.2775000 2.1950000 -3.1250000
v 1.2775000 2.1950000 -3.0450000
v 1.2775000 0.0450000 -3.1250000
v 1.2775000 2.1950000 -3.0450000
v 1.2775000 0.0450000 -3.0450000
v 1.2025000 0.0450000 -3.1250000
v 1.2775000 0.0450000 -3.1250000
v 1.2775000 0.0450000 -3.0450000
v 1.2025000 0.0450000 -3.1250000
v 1.2775000 0.0450000 -3.0450000
v 1.2025000 0.0450000 -3.0450000
v 1.2025000 2.1950000 -3.1250000
v 1.2025000 2.1950000 -3.0450000
v 1.2775000 2.1950000 -3.0450000
v 1.2025000 2.1950000 -3.1250000
v 1.2775000 2.1950000 -3.0450000
v 1.2775000 2.1950000 -3.1250000
v 2.1025000 0.0450000 -3.1250000
v 2.1025000 2.1950000 -3.1250000
v 2.1775000 2.1950000 -3.1250000
v 2.1025000 0.0450000 -3.1250000
v 2.1775000 2.1950000 -3.1250000
v 2.1775000 0.0450000 -3.1250000
v 2.1025000 0.0450000 -3.0450000
v 2.1775000 0.0450000 -3.0450000
v 2.1775000 2.1950000 -3.0450000
v 2.1025000 0.0450000 -3.0450000
v 2.1775000 2.1950000 -3.0450000
v 2.1025000 2.1950000 -3.0450000
v 2.1025000 0.0450000 -3.1250000
v 2.1025000 0.0450000 -3.0450000
v 2.1025000 2.1950000 -3.0450000
v 2.1025000 0.0450000 -3.1250000
v 2.1025000 2.1950000 -3.0450000
v 2.1025000 2.1950000 -3.1250000
v 2.1775000 0.0450000 -3.1250000
v 2.1775000 2.1950000 -3.1250000
v 2.1775000 2.1950000 -3.0450000
v 2.1775000 0.0450000 -3.1250000
v 2.1775000 2.1950000 -3.0450000
v 2.1775000 0.0450000 -3.0450000
v 2.1025000 0.0450000 -3.1250000
v 2.1775000 0.0450000 -3.1250000
v 2.1775000 0.0450000 -3.0450000
v 2.1025000 0.0450000 -3.1250000
v 2.1775000 0.0450000 -3.0450000
v 2.1025000 0.0450000 -3.0450000
v 2.1025000 2.1950000 -3.1250000
v 2.1025000 2.1950000 -3.0450000
v 2.1775000 2.1950000 -3.0450000
v 2.1025000 2.1950000 -3.1250000
v 2.1775000 2.1950000 -3.0450000
v 2.1775000 2.1950000 -3.1250000
v 1.1900000 2.1475000 -3.1250000
v 1.1900000 2.2325000 -3.1250000
v 2.1900000 2.2325000 -3.1250000
v 1.1900000 2.1475000 -3.1250000
v 2.1900000 2.2325000 -3.1250000
v 2.1900000 2.1475000 -3.1250000
v 1.1900000 2.1475000 -3.0450000
v 2.1900000 2.1475000 -3.0450000
v 2.1900000 2.2325000 -3.0450000
v 1.1900000 2.1475000 -3.0450000
v 2.1900000 2.2325000 -3.0450000
v 1.1900000 2.2325000 -3.0450000
v 1.1900000 2.1475000 -3.1250000
v 1.1900000 2.1475000 -3.0450000
v 1.1900000 2.2325000 -3.0450000
v 1.1900000 2.1475000 -3.1250000
v 1.1900000 2.2325000 -3.0450000
v 1.1900000 2.2325000 -3.1250000
v 2.1900000 2.1475000 -3.1250000
v 2.1900000 2.2325000 -3.1250000
v 2.1900000 2.2325000 -3.0450000
v 2.1900000 2.1475000 -3.1250000
v 2.1900000 2.2325000 -3.0450000
v 2.1900000 2.1475000 -3.0450000
v 1.1900000 2.1475000 -3.1250000
v 2.1900000 2.1475000 -3.1250000
v 2.1900000 2.1475000 -3.0450000
v 1.1900000 2.1475000 -3.1250000
v 2.1900000 2.1475000 -3.0450000
v 1.1900000 2.1475000 -3.0450000
v 1.1900000 2.2325000 -3.1250000
v 1.1900000 2.2325000 -3.0450000
v 2.1900000 2.2325000 -3.0450000
v 1.1900000 2.2325000 -3.1250000
v 2.1900000 2.2325000 -3.0450000
v 2.1900000 2.2325000 -3.1250000
v 1.3700000 0.5225000 -3.0945000
v 1.3700000 0.5775000 -3.0945000
v 2.0100000 0.5775000 -3.0945000
v 1.3700000 0.5225000 -3.0945000
v 2.0100000 0.5775000 -3.0945000
v 2.0100000 0.5225000 -3.0945000
v 1.3700000 0.5225000 -3.0695000
v 2.0100000 0.5225000 -3.0695000
v 2.0100000 0.5775000 -3.0695000
v 1.3700000 0.5225000 -3.0695000
v 2.0100000 0.5775000 -3.0695000
v 1.3700000 0.5775000 -3.0695000
v 1.3700000 0.5225000 -3.0945000
v 1.3700000 0.5225000 -3.0695000
v 1.3700000 0.5775000 -3.0695000
v 1.3700000 0.5225000 -3.0945000
v 1.3700000 0.5775000 -3.0695000
v 1.3700000 0.5775000 -3.0945000
v 2.0100000 0.5225000 -3.0945000
v 2.0100000 0.5775000 -3.0945000
v 2.0100000 0.5775000 -3.0695000
v 2.0100000 0.5225000 -3.0945000
v 2.0100000 0.5775000 -3.0695000
v 2.0100000 0.5225000 -3.0695000
v 1.3700000 0.5225000 -3.0945000
v 2.0100000 0.5225000 -3.0945000
v 2.0100000 0.5225000 -3.0695000
v 1.3700000 0.5225000 -3.0945000
v 2.0100000 0.5225000 -3.0695000
v 1.3700000 0.5225000 -3.0695000
v 1.3700000 0.5775000 -3.0945000
v 1.3700000 0.5775000 -3.0695000
v 2.0100000 0.5775000 -3.0695000
v 1.3700000 0.5775000 -3.0945000
v 2.0100000 0.5775000 -3.0695000
v 2.0100000 0.5775000 -3.0945000
v 1.3700000 1.0825000 -3.0945000
v 1.3700000 1.1375000 -3.0945000
v 2.0100000 1.1375000 -3.0945000
v 1.3700000 1.0825000 -3.0945000
v 2.0100000 1.1375000 -3.0945000
v 2.0100000 1.0825000 -3.0945000
v 1.3700000 1.0825000 -3.0695000
v 2.0100000 1.0825000 -3.0695000
v 2.0100000 1.1375000 -3.0695000
v 1.3700000 1.0825000 -3.0695000
v 2.0100000 1.1375000 -3.0695000
v 1.3700000 1.1375000 -3.0695000
v 1.3700000 1.0825000 -3.0945000
v 1.3700000 1.0825000 -3.0695000
v 1.3700000 1.1375000 -3.0695000
v 1.3700000 1.0825000 -3.0945000
v 1.3700000 1.1375000 -3.0695000
v 1.3700000 1.1375000 -3.0945000
v 2.0100000 1.0825000 -3.0945000
v 2.0100000 1.1375000 -3.0945000
v 2.0100000 1.1375000 -3.0695000
v 2.0100000 1.0825000 -3.0945000
v 2.0100000 1.1375000 -3.0695000
v 2.0100000 1.0825000 -3.0695000
v 1.3700000 1.0825000 -3.0945000
v 2.0100000 1.0825000 -3.0945000
v 2.0100000 1.0825000 -3.0695000
v 1.3700000 1.0825000 -3.0945000
v 2.0100000 1.0825000 -3.0695000
v 1.3700000 1.0825000 -3.0695000
v 1.3700000 1.1375000 -3.0945000
v 1.3700000 1.1375000 -3.0695000
v 2.0100000 1.1375000 -3.0695000
v 1.3700000 1.1375000 -3.0945000
v 2.0100000 1.1375000 -3.0695000
v 2.0100000 1.1375000 -3.0945000
v 1.3700000 1.6725000 -3.0945000
v 1.3700000 1.7275000 -3.0945000
v 2.0100000 1.7275000 -3.0945000
v 1.3700000 1.6725000 -3.0945000
v 2.0100000 1.7275000 -3.0945000
v 2.0100000 1.6725000 -3.0945000
v 1.3700000 1.6725000 -3.0695000
v 2.0100000 1.6725000 -3.0695000
v 2.0100000 1.7275000 -3.0695000
v 1.3700000 1.6725000 -3.0695000
v 2.0100000 1.7275000 -3.0695000
v 1.3700000 1.7275000 -3.0695000
v 1.3700000 1.6725000 -3.0945000
v 1.3700000 1.6725000 -3.0695000
v 1.3700000 1.7275000 -3.0695000
v 1.3700000 1.6725000 -3.0945000
v 1.3700000 1.7275000 -3.0695000
v 1.3700000 1.7275000 -3.0945000
v 2.0100000 1.6725000 -3.0945000
v 2.0100000 1.7275000 -3.0945000
v 2.0100000 1.7275000 -3.0695000
v 2.0100000 1.6725000 -3.0945000
v 2.0100000 1.7275000 -3.0695000
v 2.0100000 1.6725000 -3.0695000
v 1.3700000 1.6725000 -3.0945000
v 2.0100000 1.6725000 -3.0945000
v 2.0100000 1.6725000 -3.0695000
v 1.3700000 1.6725000 -3.0945000
v 2.0100000 1.6725000 -3.0695000
v 1.3700000 1.6725000 -3.0695000
v 1.3700000 1.7275000 -3.0945000
v 1.3700000 1.7275000 -3.0695000
v 2.0100000 1.7275000 -3.0695000
v 1.3700000 1.7275000 -3.0945000
v 2.0100000 1.7275000 -3.0695000
v 2.0100000 1.7275000 -3.0945000
v 1.9425000 1.0525000 -3.1400000
v 1.9425000 1.1075000 -3.1400000
v 1.9975000 1.1075000 -3.1400000
v 1.9425000 1.0525000 -3.1400000
v 1.9975000 1.1075000 -3.1400000
v 1.9975000 1.0525000 -3.1400000
v 1.9425000 1.0525000 -3.1000000
v 1.9975000 1.0525000 -3.1000000
v 1.9975000 1.1075000 -3.1000000
v 1.9425000 1.0525000 -3.1000000
v 1.9975000 1.1075000 -3.1000000
v 1.9425000 1.1075000 -3.1000000
v 1.9425000 1.0525000 -3.1400000
v 1.9425000 1.0525000 -3.1000000
v 1.9425000 1.1075000 -3.1000000
v 1.9425000 1.0525000 -3.1400000
v 1.9425000 1.1075000 -3.1000000
v 1.9425000 1.1075000 -3.1400000
v 1.9975000 1.0525000 -3.1400000
v 1.9975000 1.1075000 -3.1400000
v 1.9975000 1.1075000 -3.1000000
v 1.9975000 1.0525000 -3.1400000
v 1.9975000 1.1075000 -3.1000000
v 1.9975000 1.0525000 -3.1000000
v 1.9425000 1.0525000 -3.1400000
v 1.9975000 1.0525000 -3.1400000
v 1.9975000 1.0525000 -3.1000000
v 1.9425000 1.0525000 -3.1400000
v 1.9975000 1.0525000 -3.1000000
v 1.9425000 1.0525000 -3.1000000
v 1.9425000 1.1075000 -3.1400000
v 1.9425000 1.1075000 -3.1000000
v 1.9975000 1.1075000 -3.1000000
v 1.9425000 1.1075000 -3.1400000
v 1.9975000 1.1075000 -3.1000000
v 1.9975000 1.1075000 -3.1400000
v 1.1100000 0.0000000 -3.6400000
v 1.1100000 0.1600000 -3.6400000
v 2.2700000 0.1600000 -3.6400000
v 1.1100000 0.0000000 -3.6400000
v 2.2700000 0.1600000 -3.6400000
v 2.2700000 0.0000000 -3.6400000
v 1.1100000 0.0000000 -2.9600000
v 2.2700000 0.0000000 -2.9600000
v 2.2700000 0.1600000 -2.9600000
v 1.1100000 0.0000000 -2.9600000
v 2.2700000 0.1600000 -2.9600000
v 1.1100000 0.1600000 -2.9600000
v 1.1100000 0.0000000 -3.6400000
v 1.1100000 0.0000000 -2.9600000
v 1.1100000 0.1600000 -2.9600000
v 1.1100000 0.0000000 -3.6400000
v 1.1100000 0.1600000 -2.9600000
v 1.1100000 0.1600000 -3.6400000
v 2.2700000 0.0000000 -3.6400000
v 2.2700000 0.1600000 -3.6400000
v 2.2700000 0.1600000 -2.9600000
v 2.2700000 0.0000000 -3.6400000
v 2.2700000 0.1600000 -2.9600000
v 2.2700000 0.0000000 -2.9600000
v 1.1100000 0.0000000 -3.6400000
v 2.2700000 0.0000000 -3.6400000
v 2.2700000 0.0000000 -2.9600000
v 1.1100000 0.0000000 -3.6400000
v 2.2700000 0.0000000 -2.9600000
v 1.1100000 0.0000000 -2.9600000
v 1.1100000 0.1600000 -3.6400000
v 1.1100000 0.1600000 -2.9600000
v 2.2700000 0.1600000 -2.9600000
v 1.1100000 0.1600000 -3.6400000
v 2.2700000 0.1600000 -2.9600000
v 2.2700000 0.1600000 -3.6400000
v -0.3300000 2.3200000 -3.0465000
v -0.3300000 2.6200000 -3.0465000
v 0.0900000 2.6200000 -3.0465000
v -0.3300000 2.3200000 -3.0465000
v 0.0900000 2.6200000 -3.0465000
v 0.0900000 2.3200000 -3.0465000
v -0.3300000 2.3200000 -3.0015000
v 0.0900000 2.3200000 -3.0015000
v 0.0900000 2.6200000 -3.0015000
v -0.3300000 2.3200000 -3.0015000
v 0.0900000 2.6200000 -3.0015000
v -0.3300000 2.6200000 -3.0015000
v -0.3300000 2.3200000 -3.0465000
v -0.3300000 2.3200000 -3.0015000
v -0.3300000 2.6200000 -3.0015000
v -0.3300000 2.3200000 -3.0465000
v -0.3300000 2.6200000 -3.0015000
v -0.3300000 2.6200000 -3.0465000
v 0.0900000 2.3200000 -3.0465000
v 0.0900000 2.6200000 -3.0465000
v 0.0900000 2.6200000 -3.0015000
v 0.0900000 2.3200000 -3.0465000
v 0.0900000 2.6200000 -3.0015000
v 0.0900000 2.3200000 -3.0015000
v -0.3300000 2.3200000 -3.0465000
v 0.0900000 2.3200000 -3.0465000
v 0.0900000 2.3200000 -3.0015000
v -0.3300000 2.3200000 -3.0465000
v 0.0900000 2.3200000 -3.0015000
v -0.3300000 2.3200000 -3.0015000
v -0.3300000 2.6200000 -3.0465000
v -0.3300000 2.6200000 -3.0015000
v 0.0900000 2.6200000 -3.0015000
v -0.3300000 2.6200000 -3.0465000
v 0.0900000 2.6200000 -3.0015000
v 0.0900000 2.6200000 -3.0465000
v 0.7250000 3.4300000 0.7650000
v 0.7250000 4.4500000 0.7650000
v 1.1550000 4.4500000 0.7650000
v 0.7250000 3.4300000 0.7650000
v 1.1550000 4.4500000 0.7650000
v 1.1550000 3.4300000 0.7650000
v 0.7250000 3.4300000 1.1950000
v 1.1550000 3.4300000 1.1950000
v 1.1550000 4.4500000 1.1950000
v 0.7250000 3.4300000 1.1950000
v 1.1550000 4.4500000 1.1950000
v 0.7250000 4.4500000 1.1950000
v 0.7250000 3.4300000 0.7650000
v 0.7250000 3.4300000 1.1950000
v 0.7250000 4.4500000 1.1950000
v 0.7250000 3.4300000 0.7650000
v 0.7250000 4.4500000 1.1950000
v 0.7250000 4.4500000 0.7650000
v 1.1550000 3.4300000 0.7650000
v 1.1550000 4.4500000 0.7650000
v 1.1550000 4.4500000 1.1950000
v 1.1550000 3.4300000 0.7650000
v 1.1550000 4.4500000 1.1950000
v 1.1550000 3.4300000 1.1950000
v 0.7250000 3.4300000 0.7650000
v 1.1550000 3.4300000 0.7650000
v 1.1550000 3.4300000 1.1950000
v 0.7250000 3.4300000 0.7650000
v 1.1550000 3.4300000 1.1950000
v 0.7250000 3.4300000 1.1950000
v 0.7250000 4.4500000 0.7650000
v 0.7250000 4.4500000 1.1950000
v 1.1550000 4.4500000 1.1950000
v 0.7250000 4.4500000 0.7650000
v 1.1550000 4.4500000 1.1950000
v 1.1550000 4.4500000 0.7650000
v 0.6800000 4.4150000 0.7200000
v 0.6800000 4.5450000 0.7200000
v 1.2000000 4.5450000 0.7200000
v 0.6800000 4.4150000 0.7200000
v 1.2000000 4.5450000 0.7200000
v 1.2000000 4.4150000 0.7200000
v 0.6800000 4.4150000 1.2400000
v 1.2000000 4.4150000 1.2400000
v 1.2000000 4.5450000 1.2400000
v 0.6800000 4.4150000 1.2400000
v 1.2000000 4.5450000 1.2400000
v 0.6800000 4.5450000 1.2400000
v 0.6800000 4.4150000 0.7200000
v 0.6800000 4.4150000 1.2400000
v 0.6800000 4.5450000 1.2400000
v 0.6800000 4.4150000 0.7200000
v 0.6800000 4.5450000 1.2400000
v 0.6800000 4.5450000 0.7200000
v 1.2000000 4.4150000 0.7200000
v 1.2000000 4.5450000 0.7200000
v 1.2000000 4.5450000 1.2400000
v 1.2000000 4.4150000 0.7200000
v 1.2000000 4.5450000 1.2400000
v 1.2000000 4.4150000 1.2400000
v 0.6800000 4.4150000 0.7200000
v 1.2000000 4.4150000 0.7200000
v 1.2000000 4.4150000 1.2400000
v 0.6800000 4.4150000 0.7200000
v 1.2000000 4.4150000 1.2400000
v 0.6800000 4.4150000 1.2400000
v 0.6800000 4.5450000 0.7200000
v 0.6800000 4.5450000 1.2400000
v 1.2000000 4.5450000 1.2400000
v 0.6800000 4.5450000 0.7200000
v 1.2000000 4.5450000 1.2400000
v 1.2000000 4.5450000 0.7200000
v -2.3050000 0.2425000 -3.0770000
v -2.3050000 0.3575000 -3.0770000
v -2.0150000 0.3575000 -3.0770000
v -2.3050000 0.2425000 -3.0770000
v -2.0150000 0.3575000 -3.0770000
v -2.0150000 0.2425000 -3.0770000
v -2.3050000 0.2425000 -3.0550000
v -2.0150000 0.2425000 -3.0550000
v -2.0150000 0.3575000 -3.0550000
v -2.3050000 0.2425000 -3.0550000
v -2.0150000 0.3575000 -3.0550000
v -2.3050000 0.3575000 -3.0550000
v -2.3050000 0.2425000 -3.0770000
v -2.3050000 0.2425000 -3.0550000
v -2.3050000 0.3575000 -3.0550000
v -2.3050000 0.2425000 -3.0770000
v -2.3050000 0.3575000 -3.0550000
v -2.3050000 0.3575000 -3.0770000
v -2.0150000 0.2425000 -3.0770000
v -2.0150000 0.3575000 -3.0770000
v -2.0150000 0.3575000 -3.0550000
v -2.0150000 0.2425000 -3.0770000
v -2.0150000 0.3575000 -3.0550000
v -2.0150000 0.2425000 -3.0550000
v -2.3050000 0.2425000 -3.0770000
v -2.0150000 0.2425000 -3.0770000
v -2.0150000 0.2425000 -3.0550000
v -2.3050000 0.2425000 -3.0770000
v -2.0150000 0.2425000 -3.0550000
v -2.3050000 0.2425000 -3.0550000
v -2.3050000 0.3575000 -3.0770000
v -2.3050000 0.3575000 -3.0550000
v -2.0150000 0.3575000 -3.0550000
v -2.3050000 0.3575000 -3.0770000
v -2.0150000 0.3575000 -3.0550000
v -2.0150000 0.3575000 -3.0770000
v -0.9550000 0.2425000 -3.0770000
v -0.9550000 0.3575000 -3.0770000
v -0.6650000 0.3575000 -3.0770000
v -0.9550000 0.2425000 -3.0770000
v -0.6650000 0.3575000 -3.0770000
v -0.6650000 0.2425000 -3.0770000
v -0.9550000 0.2425000 -3.0550000
v -0.6650000 0.2425000 -3.0550000
v -0.6650000 0.3575000 -3.0550000
v -0.9550000 0.2425000 -3.0550000
v -0.6650000 0.3575000 -3.0550000
v -0.9550000 0.3575000 -3.0550000
v -0.9550000 0.2425000 -3.0770000
v -0.9550000 0.2425000 -3.0550000
v -0.9550000 0.3575000 -3.0550000
v -0.9550000 0.2425000 -3.0770000
v -0.9550000 0.3575000 -3.0550000
v -0.9550000 0.3575000 -3.0770000
v -0.6650000 0.2425000 -3.0770000
v -0.6650000 0.3575000 -3.0770000
v -0.6650000 0.3575000 -3.0550000
v -0.6650000 0.2425000 -3.0770000
v -0.6650000 0.3575000 -3.0550000
v -0.6650000 0.2425000 -3.0550000
v -0.9550000 0.2425000 -3.0770000
v -0.6650000 0.2425000 -3.0770000
v -0.6650000 0.2425000 -3.0550000
v -0.9550000 0.2425000 -3.0770000
v -0.6650000 0.2425000 -3.0550000
v -0.9550000 0.2425000 -3.0550000
v -0.9550000 0.3575000 -3.0770000
v -0.9550000 0.3575000 -3.0550000
v -0.6650000 0.3575000 -3.0550000
v -0.9550000 0.3575000 -3.0770000
v -0.6650000 0.3575000 -3.0550000
v -0.6650000 0.3575000 -3.0770000
v 0.5250000 0.2425000 -3.0770000
v 0.5250000 0.3575000 -3.0770000
v 0.8150000 0.3575000 -3.0770000
v 0.5250000 0.2425000 -3.0770000
v 0.8150000 0.3575000 -3.0770000
v 0.8150000 0.2425000 -3.0770000
v 0.5250000 0.2425000 -3.0550000
v 0.8150000 0.2425000 -3.0550000
v 0.8150000 0.3575000 -3.0550000
v 0.5250000 0.2425000 -3.0550000
v 0.8150000 0.3575000 -3.0550000
v 0.5250000 0.3575000 -3.0550000
v 0.5250000 0.2425000 -3.0770000
v 0.5250000 0.2425000 -3.0550000
v 0.5250000 0.3575000 -3.0550000
v 0.5250000 0.2425000 -3.0770000
v 0.5250000 0.3575000 -3.0550000
v 0.5250000 0.3575000 -3.0770000
v 0.8150000 0.2425000 -3.0770000
v 0.8150000 0.3575000 -3.0770000
v 0.8150000 0.3575000 -3.0550000
v 0.8150000 0.2425000 -3.0770000
v 0.8150000 0.3575000 -3.0550000
v 0.8150000 0.2425000 -3.0550000
v 0.5250000 0.2425000 -3.0770000
v 0.8150000 0.2425000 -3.0770000
v 0.8150000 0.2425000 -3.0550000
v 0.5250000 0.2425000 -3.0770000
v 0.8150000 0.2425000 -3.0550000
v 0.5250000 0.2425000 -3.0550000
v 0.5250000 0.3575000 -3.0770000
v 0.5250000 0.3575000 -3.0550000
v 0.8150000 0.3575000 -3.0550000
v 0.5250000 0.3575000 -3.0770000
v 0.8150000 0.3575000 -3.0550000
v 0.8150000 0.3575000 -3.0770000
vn 0.0000000 0.0000000 -1.0000000
vn 0.0000000 0.0000000 1.0000000
vn 0.0000000 0.0000000 -1.0000000
vn 0.0000000 0.0000000 1.0000000
vn 0.0000000 0.0000000 -1.0000000
vn 0.0000000 0.0000000 1.0000000
vn 0.0000000 -1.0000000 0.0000000
vn 0.0000000 -1.0000000 0.0000000
vn 1.0000000 0.0000000 0.0000000
vn 1.0000000 0.0000000 0.0000000
vn 0.4597071 0.8880706 0.0000000
vn 0.4597071 0.8880706 -0.0000000
vn -0.4597071 0.8880706 0.0000000
vn -0.4597071 0.8880706 0.0000000
vn -1.0000000 0.0000000 0.0000000
vn -1.0000000 0.0000000 0.0000000
vn 0.0000000 0.0000000 -1.0000000
vn 0.0000000 0.0000000 -1.0000000
vn 0.0000000 0.0000000 1.0000000
vn 0.0000000 0.0000000 1.0000000
vn -1.0000000 0.0000000 0.0000000
vn -1.0000000 0.0000000 0.0000000
vn 1.0000000 0.0000000 0.0000000
vn 1.0000000 0.0000000 0.0000000
vn 0.0000000 -1.0000000 0.0000000
vn 0.0000000 -1.0000000 0.0000000
vn 0.0000000 1.0000000 0.0000000
vn 0.0000000 1.0000000 0.0000000
vn 0.0000000 0.0000000 -1.0000000
vn 0.0000000 0.0000000 -1.0000000
vn 0.0000000 0.0000000 1.0000000
vn 0.0000000 0.0000000 1.0000000
vn -1.0000000 0.0000000 0.0000000
vn -1.0000000 0.0000000 0.0000000
vn 1.0000000 0.0000000 0.0000000
vn 1.0000000 0.0000000 0.0000000
vn 0.0000000 -1.0000000 0.0000000
vn 0.0000000 -1.0000000 0.0000000
vn 0.0000000 1.0000000 0.0000000
vn 0.0000000 1.0000000 0.0000000
vn 0.0000000 0.0000000 -1.0000000
vn 0.0000000 0.0000000 -1.0000000
vn 0.0000000 0.0000000 1.0000000
vn 0.0000000 0.0000000 1.0000000
vn -1.0000000 0.0000000 0.0000000
vn -1.0000000 0.0000000 0.0000000
vn 1.0000000 0.0000000 0.0000000
vn 1.0000000 0.0000000 0.0000000
vn 0.0000000 -1.0000000 0.0000000
vn 0.0000000 -1.0000000 0.0000000
vn 0.0000000 1.0000000 0.0000000
vn 0.0000000 1.0000000 0.0000000
vn 0.0000000 0.0000000 -1.0000000
vn 0.0000000 0.0000000 -1.0000000
vn 0.0000000 0.0000000 1.0000000
vn 0.0000000 0.0000000 1.0000000
vn -1.0000000 0.0000000 0.0000000
vn -1.0000000 0.0000000 0.0000000
vn 1.0000000 0.0000000 0.0000000
vn 1.0000000 0.0000000 0.0000000
vn 0.0000000 -1.0000000 0.0000000
vn 0.0000000 -1.0000000 0.0000000
vn 0.0000000 1.0000000 0.0000000
vn 0.0000000 1.0000000 0.0000000
vn 0.0000000 0.0000000 -1.0000000
vn 0.0000000 0.0000000 1.0000000
vn 0.0000000 -0.0000000 -1.0000000
vn 0.0000000 0.0000000 1.0000000
vn -0.4521619 0.8919359 0.0000000
vn -0.4521619 0.8919359 0.0000000
vn -1.0000000 0.0000000 0.0000000
vn -1.0000000 0.0000000 0.0000000
vn 0.4521619 -0.8919359 0.0000000
vn 0.4521619 -0.8919359 0.0000000
vn 1.0000000 0.0000000 0.0000000
vn 1.0000000 0.0000000 0.0000000
vn 0.4499215 -0.8930681 0.0000000
vn 0.4499215 -0.8930681 0.0000000
vn 0.0000000 0.0000000 1.0000000
vn 0.0000000 0.0000000 1.0000000
vn -0.4499215 0.8930681 0.0000000
vn -0.4499215 0.8930681 0.0000000
vn 0.0000000 -0.0000000 -1.0000000
vn 0.0000000 0.0000000 -1.0000000
vn 0.4499215 -0.8930681 0.0000000
vn 0.4499215 -0.8930681 0.0000000
vn 0.0000000 0.0000000 1.0000000
vn 0.0000000 0.0000000 1.0000000
vn -0.4499215 0.8930681 0.0000000
vn -0.4499215 0.8930681 0.0000000
vn 0.0000000 -0.0000000 -1.0000000
vn 0.0000000 0.0000000 -1.0000000
vn 0.4499215 -0.8930681 0.0000000
vn 0.4499215 -0.8930681 0.0000000
vn 0.0000000 0.0000000 1.0000000
vn 0.0000000 0.0000000 1.0000000
vn -0.4499215 0.8930681 0.0000000
vn -0.4499215 0.8930681 0.0000000
vn 0.0000000 -0.0000000 -1.0000000
vn 0.0000000 0.0000000 -1.0000000
vn 0.4499215 -0.8930681 0.0000000
vn 0.4499215 -0.8930681 0.0000000
vn 0.0000000 0.0000000 1.0000000
vn 0.0000000 0.0000000 1.0000000
vn -0.4499215 0.8930681 0.0000000
vn -0.4499215 0.8930681 0.0000000
vn 0.0000000 -0.0000000 -1.0000000
vn 0.0000000 0.0000000 -1.0000000
vn 0.4499215 -0.8930681 0.0000000
vn 0.4499215 -0.8930681 0.0000000
vn 0.0000000 0.0000000 1.0000000
vn 0.0000000 0.0000000 1.0000000
vn -0.4499215 0.8930681 0.0000000
vn -0.4499215 0.8930681 0.0000000
vn 0.0000000 -0.0000000 -1.0000000
vn 0.0000000 0.0000000 -1.0000000
vn 0.4499215 -0.8930681 0.0000000
vn 0.4499215 -0.8930681 0.0000000
vn 0.0000000 0.0000000 1.0000000
vn 0.0000000 0.0000000 1.0000000
vn -0.4499215 0.8930681 0.0000000
vn -0.4499215 0.8930681 0.0000000
vn 0.0000000 -0.0000000 -1.0000000
vn 0.0000000 0.0000000 -1.0000000
vn 0.4499215 -0.8930681 0.0000000
vn 0.4499215 -0.8930681 0.0000000
vn 0.0000000 0.0000000 1.0000000
vn 0.0000000 0.0000000 1.0000000
vn -0.4499215 0.8930681 0.0000000
vn -0.4499215 0.8930681 0.0000000
vn 0.0000000 -0.0000000 -1.0000000
vn 0.0000000 0.0000000 -1.0000000
vn 0.4499215 -0.8930681 0.0000000
vn 0.4499215 -0.8930681 0.0000000
vn 0.0000000 0.0000000 1.0000000
vn 0.0000000 0.0000000 1.0000000
vn -0.4499215 0.8930681 0.0000000
vn -0.4499215 0.8930681 0.0000000
vn 0.0000000 -0.0000000 -1.0000000
vn 0.0000000 0.0000000 -1.0000000
vn 0.4499215 -0.8930681 0.0000000
vn 0.4499215 -0.8930681 0.0000000
vn 0.0000000 0.0000000 1.0000000
vn 0.0000000 0.0000000 1.0000000
vn -0.4499215 0.8930681 0.0000000
vn -0.4499215 0.8930681 0.0000000
vn 0.0000000 -0.0000000 -1.0000000
vn 0.0000000 0.0000000 -1.0000000
vn 0.0000000 0.0000000 -1.0000000
vn 0.0000000 0.0000000 1.0000000
vn 0.0000000 0.0000000 -1.0000000
vn -0.0000000 0.0000000 1.0000000
vn -0.4521619 -0.8919359 0.0000000
vn -0.4521619 -0.8919359 0.0000000
vn 1.0000000 0.0000000 0.0000000
vn 1.0000000 0.0000000 0.0000000
vn 0.4521619 0.8919359 0.0000000
vn 0.4521619 0.8919359 -0.0000000
vn -1.0000000 0.0000000 0.0000000
vn -1.0000000 0.0000000 0.0000000
vn -0.4499215 -0.8930681 -0.0000000
vn -0.4499215 -0.8930681 0.0000000
vn 0.0000000 0.0000000 -1.0000000
vn 0.0000000 0.0000000 -1.0000000
vn 0.4499215 0.8930681 -0.0000000
vn 0.4499215 0.8930681 0.0000000
vn 0.0000000 0.0000000 1.0000000
vn 0.0000000 0.0000000 1.0000000
vn -0.4499215 -0.8930681 -0.0000000
vn -0.4499215 -0.8930681 0.0000000
vn 0.0000000 0.0000000 -1.0000000
vn 0.0000000 0.0000000 -1.0000000
vn 0.4499215 0.8930681 -0.0000000
vn 0.4499215 0.8930681 0.0000000
vn 0.0000000 0.0000000 1.0000000
vn 0.0000000 0.0000000 1.0000000
vn -0.4499215 -0.8930681 -0.0000000
vn -0.4499215 -0.8930681 0.0000000
vn 0.0000000 0.0000000 -1.0000000
vn 0.0000000 0.0000000 -1.0000000
vn 0.4499215 0.8930681 -0.0000000
vn 0.4499215 0.8930681 0.0000000
vn 0.0000000 0.0000000 1.0000000
vn 0.0000000 0.0000000 1.0000000
vn -0.4499215 -0.8930681 -0.0000000
vn -0.4499215 -0.8930681 0.0000000
vn 0.0000000 0.0000000 -1.0000000
vn 0.0000000 0.0000000 -1.0000000
vn 0.4499215 0.8930681 -0.0000000
vn 0.4499215 0.8930681 0.0000000
vn 0.0000000 0.0000000 1.0000000
vn 0.0000000 0.0000000 1.0000000
vn -0.4499215 -0.8930681 -0.0000000
vn -0.4499215 -0.8930681 0.0000000
vn 0.0000000 0.0000000 -1.0000000
vn 0.0000000 0.0000000 -1.0000000
vn 0.4499215 0.8930681 -0.0000000
vn 0.4499215 0.8930681 0.0000000
vn 0.0000000 0.0000000 1.0000000
vn 0.0000000 0.0000000 1.0000000
vn -0.4499215 -0.8930681 -0.0000000
vn -0.4499215 -0.8930681 0.0000000
vn 0.0000000 0.0000000 -1.0000000
vn 0.0000000 0.0000000 -1.0000000
vn 0.4499215 0.8930681 -0.0000000
vn 0.4499215 0.8930681 0.0000000
vn 0.0000000 0.0000000 1.0000000
vn 0.0000000 0.0000000 1.0000000
vn -0.4499215 -0.8930681 -0.0000000
vn -0.4499215 -0.8930681 0.0000000
vn 0.0000000 0.0000000 -1.0000000
vn 0.0000000 0.0000000 -1.0000000
vn 0.4499215 0.8930681 -0.0000000
vn 0.4499215 0.8930681 0.0000000
vn 0.0000000 0.0000000 1.0000000
vn 0.0000000 0.0000000 1.0000000
vn -0.4499215 -0.8930681 -0.0000000
vn -0.4499215 -0.8930681 0.0000000
vn 0.0000000 0.0000000 -1.0000000
vn 0.0000000 0.0000000 -1.0000000
vn 0.4499215 0.8930681 -0.0000000
vn 0.4499215 0.8930681 0.0000000
vn 0.0000000 0.0000000 1.0000000
vn 0.0000000 0.0000000 1.0000000
vn -0.4499215 -0.8930681 -0.0000000
vn -0.4499215 -0.8930681 0.0000000
vn 0.0000000 0.0000000 -1.0000000
vn 0.0000000 0.0000000 -1.0000000
vn 0.4499215 0.8930681 -0.0000000
vn 0.4499215 0.8930681 0.0000000
vn 0.0000000 0.0000000 1.0000000
vn 0.0000000 0.0000000 1.0000000
vn 0.0000000 0.0000000 -1.0000000
vn 0.0000000 0.0000000 -1.0000000
vn 0.0000000 0.0000000 1.0000000
vn 0.0000000 0.0000000 1.0000000
vn -1.0000000 0.0000000 0.0000000
vn -1.0000000 0.0000000 0.0000000
vn 1.0000000 0.0000000 0.0000000
vn 1.0000000 0.0000000 0.0000000
vn 0.0000000 -1.0000000 0.0000000
vn 0.0000000 -1.0000000 0.0000000
vn 0.0000000 1.0000000 0.0000000
vn 0.0000000 1.0000000 0.0000000
vn 0.0000000 0.0000000 -1.0000000
vn 0.0000000 0.0000000 -1.0000000
vn 0.0000000 0.0000000 1.0000000
vn 0.0000000 0.0000000 1.0000000
vn -1.0000000 0.0000000 0.0000000
vn -1.0000000 0.0000000 0.0000000
vn 1.0000000 0.0000000 0.0000000
vn 1.0000000 0.0000000 0.0000000
vn 0.0000000 -1.0000000 0.0000000
vn 0.0000000 -1.0000000 0.0000000
vn 0.0000000 1.0000000 0.0000000
vn 0.0000000 1.0000000 0.0000000
vn 0.0000000 0.0000000 -1.0000000
vn 0.0000000 0.0000000 -1.0000000
vn 0.0000000 0.0000000 1.0000000
vn 0.0000000 0.0000000 1.0000000
vn -1.0000000 0.0000000 0.0000000
vn -1.0000000 0.0000000 0.0000000
vn 1.0000000 0.0000000 0.0000000
vn 1.0000000 0.0000000 0.0000000
vn 0.0000000 -1.0000000 0.0000000
vn 0.0000000 -1.0000000 0.0000000
vn 0.0000000 1.0000000 0.0000000
vn 0.0000000 1.0000000 0.0000000
vn 0.0000000 0.0000000 -1.0000000
vn 0.0000000 0.0000000 -1.0000000
vn 0.0000000 0.0000000 1.0000000
vn 0.0000000 0.0000000 1.0000000
vn -1.0000000 0.0000000 0.0000000
vn -1.0000000 0.0000000 0.0000000
vn 1.0000000 0.0000000 0.0000000
vn 1.0000000 0.0000000 0.0000000
vn 0.0000000 -1.0000000 0.0000000
vn 0.0000000 -1.0000000 0.0000000
vn 0.0000000 1.0000000 0.0000000
vn 0.0000000 1.0000000 0.0000000
vn 0.0000000 0.0000000 -1.0000000
vn 0.0000000 0.0000000 -1.0000000
vn 0.0000000 0.0000000 1.0000000
vn 0.0000000 0.0000000 1.0000000
vn -1.0000000 0.0000000 0.0000000
vn -1.0000000 0.0000000 0.0000000
vn 1.0000000 0.0000000 0.0000000
vn 1.0000000 0.0000000 0.0000000
vn 0.0000000 -1.0000000 0.0000000
vn 0.0000000 -1.0000000 0.0000000
vn 0.0000000 1.0000000 0.0000000
vn 0.0000000 1.0000000 0.0000000
vn 0.0000000 0.0000000 -1.0000000
vn 0.0000000 0.0000000 -1.0000000
vn 0.0000000 0.0000000 1.0000000
vn 0.0000000 0.0000000 1.0000000
vn -1.0000000 0.0000000 0.0000000
vn -1.0000000 0.0000000 0.0000000
vn 1.0000000 0.0000000 0.0000000
vn 1.0000000 0.0000000 0.0000000
vn 0.0000000 -1.0000000 0.0000000
vn 0.0000000 -1.0000000 0.0000000
vn 0.0000000 1.0000000 0.0000000
vn 0.0000000 1.0000000 0.0000000
vn 0.0000000 0.0000000 -1.0000000
vn 0.0000000 0.0000000 -1.0000000
vn 0.0000000 0.0000000 1.0000000
vn 0.0000000 0.0000000 1.0000000
vn -1.0000000 0.0000000 0.0000000
vn -1.0000000 0.0000000 0.0000000
vn 1.0000000 0.0000000 0.0000000
vn 1.0000000 0.0000000 0.0000000
vn 0.0000000 -1.0000000 0.0000000
vn 0.0000000 -1.0000000 0.0000000
vn 0.0000000 1.0000000 0.0000000
vn 0.0000000 1.0000000 0.0000000
vn 0.0000000 0.0000000 -1.0000000
vn 0.0000000 0.0000000 -1.0000000
vn 0.0000000 0.0000000 1.0000000
vn 0.0000000 0.0000000 1.0000000
vn -1.0000000 0.0000000 0.0000000
vn -1.0000000 0.0000000 0.0000000
vn 1.0000000 0.0000000 0.0000000
vn 1.0000000 0.0000000 0.0000000
vn 0.0000000 -1.0000000 0.0000000
vn 0.0000000 -1.0000000 0.0000000
vn 0.0000000 1.0000000 0.0000000
vn 0.0000000 1.0000000 0.0000000
vn 0.0000000 0.0000000 -1.0000000
vn 0.0000000 0.0000000 -1.0000000
vn 0.0000000 0.0000000 1.0000000
vn 0.0000000 0.0000000 1.0000000
vn -1.0000000 0.0000000 0.0000000
vn -1.0000000 0.0000000 0.0000000
vn 1.0000000 0.0000000 0.0000000
vn 1.0000000 0.0000000 0.0000000
vn 0.0000000 -1.0000000 0.0000000
vn 0.0000000 -1.0000000 0.0000000
vn 0.0000000 1.0000000 0.0000000
vn 0.0000000 1.0000000 0.0000000
vn 0.0000000 0.0000000 -1.0000000
vn 0.0000000 0.0000000 -1.0000000
vn 0.0000000 0.0000000 1.0000000
vn 0.0000000 0.0000000 1.0000000
vn -1.0000000 0.0000000 0.0000000
vn -1.0000000 0.0000000 0.0000000
vn 1.0000000 0.0000000 0.0000000
vn 1.0000000 0.0000000 0.0000000
vn 0.0000000 -1.0000000 0.0000000
vn 0.0000000 -1.0000000 0.0000000
vn 0.0000000 1.0000000 0.0000000
vn 0.0000000 1.0000000 0.0000000
vn 0.0000000 0.0000000 -1.0000000
vn 0.0000000 0.0000000 -1.0000000
vn 0.0000000 0.0000000 1.0000000
vn 0.0000000 0.0000000 1.0000000
vn -1.0000000 0.0000000 0.0000000
vn -1.0000000 0.0000000 0.0000000
vn 1.0000000 0.0000000 0.0000000
vn 1.0000000 0.0000000 0.0000000
vn 0.0000000 -1.0000000 0.0000000
vn 0.0000000 -1.0000000 0.0000000
vn 0.0000000 1.0000000 0.0000000
vn 0.0000000 1.0000000 0.0000000
vn 0.0000000 0.0000000 -1.0000000
vn 0.0000000 0.0000000 -1.0000000
vn 0.0000000 0.0000000 1.0000000
vn 0.0000000 0.0000000 1.0000000
vn -1.0000000 0.0000000 0.0000000
vn -1.0000000 0.0000000 0.0000000
vn 1.0000000 0.0000000 0.0000000
vn 1.0000000 0.0000000 0.0000000
vn 0.0000000 -1.0000000 0.0000000
vn 0.0000000 -1.0000000 0.0000000
vn 0.0000000 1.0000000 0.0000000
vn 0.0000000 1.0000000 0.0000000
vn 0.0000000 0.0000000 -1.0000000
vn 0.0000000 0.0000000 -1.0000000
vn 0.0000000 0.0000000 1.0000000
vn 0.0000000 0.0000000 1.0000000
vn -1.0000000 0.0000000 0.0000000
vn -1.0000000 0.0000000 0.0000000
vn 1.0000000 0.0000000 0.0000000
vn 1.0000000 0.0000000 0.0000000
vn 0.0000000 -1.0000000 0.0000000
vn 0.0000000 -1.0000000 0.0000000
vn 0.0000000 1.0000000 0.0000000
vn 0.0000000 1.0000000 0.0000000
vn 0.0000000 0.0000000 -1.0000000
vn 0.0000000 0.0000000 -1.0000000
vn 0.0000000 0.0000000 1.0000000
vn 0.0000000 0.0000000 1.0000000
vn -1.0000000 0.0000000 0.0000000
vn -1.0000000 0.0000000 0.0000000
vn 1.0000000 0.0000000 0.0000000
vn 1.0000000 0.0000000 0.0000000
vn 0.0000000 -1.0000000 0.0000000
vn 0.0000000 -1.0000000 0.0000000
vn 0.0000000 1.0000000 0.0000000
vn 0.0000000 1.0000000 0.0000000
vn 0.0000000 0.0000000 -1.0000000
vn 0.0000000 0.0000000 -1.0000000
vn 0.0000000 0.0000000 1.0000000
vn 0.0000000 0.0000000 1.0000000
vn -1.0000000 0.0000000 0.0000000
vn -1.0000000 0.0000000 0.0000000
vn 1.0000000 0.0000000 0.0000000
vn 1.0000000 0.0000000 0.0000000
vn 0.0000000 -1.0000000 0.0000000
vn 0.0000000 -1.0000000 0.0000000
vn 0.0000000 1.0000000 0.0000000
vn 0.0000000 1.0000000 0.0000000
vn 0.0000000 0.0000000 -1.0000000
vn 0.0000000 0.0000000 -1.0000000
vn 0.0000000 0.0000000 1.0000000
vn 0.0000000 0.0000000 1.0000000
vn -1.0000000 0.0000000 0.0000000
vn -1.0000000 0.0000000 0.0000000
vn 1.0000000 0.0000000 0.0000000
vn 1.0000000 0.0000000 0.0000000
vn 0.0000000 -1.0000000 0.0000000
vn 0.0000000 -1.0000000 0.0000000
vn 0.0000000 1.0000000 0.0000000
vn 0.0000000 1.0000000 0.0000000
vn 0.0000000 0.0000000 -1.0000000
vn 0.0000000 0.0000000 -1.0000000
vn 0.0000000 0.0000000 1.0000000
vn 0.0000000 0.0000000 1.0000000
vn -1.0000000 0.0000000 0.0000000
vn -1.0000000 0.0000000 0.0000000
vn 1.0000000 0.0000000 0.0000000
vn 1.0000000 0.0000000 0.0000000
vn 0.0000000 -1.0000000 0.0000000
vn 0.0000000 -1.0000000 0.0000000
vn 0.0000000 1.0000000 0.0000000
vn 0.0000000 1.0000000 0.0000000
vn 0.0000000 0.0000000 -1.0000000
vn 0.0000000 0.0000000 -1.0000000
vn 0.0000000 0.0000000 1.0000000
vn 0.0000000 0.0000000 1.0000000
vn -1.0000000 0.0000000 0.0000000
vn -1.0000000 0.0000000 0.0000000
vn 1.0000000 0.0000000 0.0000000
vn 1.0000000 0.0000000 0.0000000
vn 0.0000000 -1.0000000 0.0000000
vn 0.0000000 -1.0000000 0.0000000
vn 0.0000000 1.0000000 0.0000000
vn 0.0000000 1.0000000 0.0000000
vn 0.0000000 0.0000000 -1.0000000
vn 0.0000000 0.0000000 -1.0000000
vn 0.0000000 0.0000000 1.0000000
vn 0.0000000 0.0000000 1.0000000
vn -1.0000000 0.0000000 0.0000000
vn -1.0000000 0.0000000 0.0000000
vn 1.0000000 0.0000000 0.0000000
vn 1.0000000 0.0000000 0.0000000
vn 0.0000000 -1.0000000 0.0000000
vn 0.0000000 -1.0000000 0.0000000
vn 0.0000000 1.0000000 0.0000000
vn 0.0000000 1.0000000 0.0000000
vn 0.0000000 0.0000000 -1.0000000
vn 0.0000000 0.0000000 -1.0000000
vn 0.0000000 0.0000000 1.0000000
vn 0.0000000 0.0000000 1.0000000
vn -1.0000000 0.0000000 0.0000000
vn -1.0000000 0.0000000 0.0000000
vn 1.0000000 0.0000000 0.0000000
vn 1.0000000 0.0000000 0.0000000
vn 0.0000000 -1.0000000 0.0000000
vn 0.0000000 -1.0000000 0.0000000
vn 0.0000000 1.0000000 0.0000000
vn 0.0000000 1.0000000 0.0000000
vn 0.0000000 0.0000000 -1.0000000
vn 0.0000000 0.0000000 -1.0000000
vn 0.0000000 0.0000000 1.0000000
vn 0.0000000 0.0000000 1.0000000
vn -1.0000000 0.0000000 0.0000000
vn -1.0000000 0.0000000 0.0000000
vn 1.0000000 0.0000000 0.0000000
vn 1.0000000 0.0000000 0.0000000
vn 0.0000000 -1.0000000 0.0000000
vn 0.0000000 -1.0000000 0.0000000
vn 0.0000000 1.0000000 0.0000000
vn 0.0000000 1.0000000 0.0000000
vn 0.0000000 0.0000000 -1.0000000
vn 0.0000000 0.0000000 -1.0000000
vn 0.0000000 0.0000000 1.0000000
vn 0.0000000 0.0000000 1.0000000
vn -1.0000000 0.0000000 0.0000000
vn -1.0000000 0.0000000 0.0000000
vn 1.0000000 0.0000000 0.0000000
vn 1.0000000 0.0000000 0.0000000
vn 0.0000000 -1.0000000 0.0000000
vn 0.0000000 -1.0000000 0.0000000
vn 0.0000000 1.0000000 0.0000000
vn 0.0000000 1.0000000 0.0000000
vn 0.0000000 0.0000000 -1.0000000
vn 0.0000000 0.0000000 -1.0000000
vn 0.0000000 0.0000000 1.0000000
vn 0.0000000 0.0000000 1.0000000
vn -1.0000000 0.0000000 0.0000000
vn -1.0000000 0.0000000 0.0000000
vn 1.0000000 0.0000000 0.0000000
vn 1.0000000 0.0000000 0.0000000
vn 0.0000000 -1.0000000 0.0000000
vn 0.0000000 -1.0000000 0.0000000
vn 0.0000000 1.0000000 0.0000000
vn 0.0000000 1.0000000 0.0000000
vn 0.0000000 0.0000000 -1.0000000
vn 0.0000000 0.0000000 -1.0000000
vn 0.0000000 0.0000000 1.0000000
vn 0.0000000 0.0000000 1.0000000
vn -1.0000000 0.0000000 0.0000000
vn -1.0000000 0.0000000 0.0000000
vn 1.0000000 0.0000000 0.0000000
vn 1.0000000 0.0000000 0.0000000
vn 0.0000000 -1.0000000 0.0000000
vn 0.0000000 -1.0000000 0.0000000
vn 0.0000000 1.0000000 0.0000000
vn 0.0000000 1.0000000 0.0000000
vn 0.0000000 0.0000000 -1.0000000
vn 0.0000000 0.0000000 -1.0000000
vn 0.0000000 0.0000000 1.0000000
vn 0.0000000 0.0000000 1.0000000
vn -1.0000000 0.0000000 0.0000000
vn -1.0000000 0.0000000 0.0000000
vn 1.0000000 0.0000000 0.0000000
vn 1.0000000 0.0000000 0.0000000
vn 0.0000000 -1.0000000 0.0000000
vn 0.0000000 -1.0000000 0.0000000
vn 0.0000000 1.0000000 0.0000000
vn 0.0000000 1.0000000 0.0000000
vn 0.0000000 0.0000000 -1.0000000
vn 0.0000000 0.0000000 -1.0000000
vn 0.0000000 0.0000000 1.0000000
vn 0.0000000 0.0000000 1.0000000
vn -1.0000000 0.0000000 0.0000000
vn -1.0000000 0.0000000 0.0000000
vn 1.0000000 0.0000000 0.0000000
vn 1.0000000 0.0000000 0.0000000
vn 0.0000000 -1.0000000 0.0000000
vn 0.0000000 -1.0000000 0.0000000
vn 0.0000000 1.0000000 0.0000000
vn 0.0000000 1.0000000 0.0000000
vn 0.0000000 0.0000000 -1.0000000
vn 0.0000000 0.0000000 -1.0000000
vn 0.0000000 0.0000000 1.0000000
vn 0.0000000 0.0000000 1.0000000
vn -1.0000000 0.0000000 0.0000000
vn -1.0000000 0.0000000 0.0000000
vn 1.0000000 0.0000000 0.0000000
vn 1.0000000 0.0000000 0.0000000
vn 0.0000000 -1.0000000 0.0000000
vn 0.0000000 -1.0000000 0.0000000
vn 0.0000000 1.0000000 0.0000000
vn 0.0000000 1.0000000 0.0000000
vn 0.0000000 0.0000000 -1.0000000
vn 0.0000000 0.0000000 -1.0000000
vn 0.0000000 0.0000000 1.0000000
vn 0.0000000 0.0000000 1.0000000
vn -1.0000000 0.0000000 0.0000000
vn -1.0000000 0.0000000 0.0000000
vn 1.0000000 0.0000000 0.0000000
vn 1.0000000 0.0000000 0.0000000
vn 0.0000000 -1.0000000 0.0000000
vn 0.0000000 -1.0000000 0.0000000
vn 0.0000000 1.0000000 0.0000000
vn 0.0000000 1.0000000 0.0000000
vn 0.0000000 0.0000000 -1.0000000
vn 0.0000000 0.0000000 -1.0000000
vn 0.0000000 0.0000000 1.0000000
vn 0.0000000 0.0000000 1.0000000
vn -1.0000000 0.0000000 0.0000000
vn -1.0000000 0.0000000 0.0000000
vn 1.0000000 0.0000000 0.0000000
vn 1.0000000 0.0000000 0.0000000
vn 0.0000000 -1.0000000 0.0000000
vn 0.0000000 -1.0000000 0.0000000
vn 0.0000000 1.0000000 0.0000000
vn 0.0000000 1.0000000 0.0000000
vn 0.0000000 0.0000000 -1.0000000
vn 0.0000000 0.0000000 -1.0000000
vn 0.0000000 0.0000000 1.0000000
vn 0.0000000 0.0000000 1.0000000
vn -1.0000000 0.0000000 0.0000000
vn -1.0000000 0.0000000 0.0000000
vn 1.0000000 0.0000000 0.0000000
vn 1.0000000 0.0000000 0.0000000
vn 0.0000000 -1.0000000 0.0000000
vn 0.0000000 -1.0000000 0.0000000
vn 0.0000000 1.0000000 0.0000000
vn 0.0000000 1.0000000 0.0000000
vn 0.0000000 0.0000000 -1.0000000
vn 0.0000000 0.0000000 -1.0000000
vn 0.0000000 0.0000000 1.0000000
vn 0.0000000 0.0000000 1.0000000
vn -1.0000000 0.0000000 0.0000000
vn -1.0000000 0.0000000 0.0000000
vn 1.0000000 0.0000000 0.0000000
vn 1.0000000 0.0000000 0.0000000
vn 0.0000000 -1.0000000 0.0000000
vn 0.0000000 -1.0000000 0.0000000
vn 0.0000000 1.0000000 0.0000000
vn 0.0000000 1.0000000 0.0000000
usemtl plaster
f 1//1 2//1 3//1
usemtl plaster
f 4//2 5//2 6//2
usemtl plaster
f 7//3 8//3 9//3
usemtl plaster
f 10//4 11//4 12//4
usemtl plaster
f 13//5 14//5 15//5
usemtl plaster
f 16//6 17//6 18//6
usemtl plaster
f 19//7 20//7 21//7
usemtl plaster
f 22//8 23//8 24//8
usemtl plaster
f 25//9 26//9 27//9
usemtl plaster
f 28//10 29//10 30//10
usemtl plaster
f 31//11 32//11 33//11
usemtl plaster
f 34//12 35//12 36//12
usemtl plaster
f 37//13 38//13 39//13
usemtl plaster
f 40//14 41//14 42//14
usemtl plaster
f 43//15 44//15 45//15
usemtl plaster
f 46//16 47//16 48//16
usemtl blue
f 49//17 50//17 51//17
usemtl blue
f 52//18 53//18 54//18
usemtl blue
f 55//19 56//19 57//19
usemtl blue
f 58//20 59//20 60//20
usemtl blue
f 61//21 62//21 63//21
usemtl blue
f 64//22 65//22 66//22
usemtl blue
f 67//23 68//23 69//23
usemtl blue
f 70//24 71//24 72//24
usemtl blue
f 73//25 74//25 75//25
usemtl blue
f 76//26 77//26 78//26
usemtl blue
f 79//27 80//27 81//27
usemtl blue
f 82//28 83//28 84//28
usemtl blue
f 85//29 86//29 87//29
usemtl blue
f 88//30 89//30 90//30
usemtl blue
f 91//31 92//31 93//31
usemtl blue
f 94//32 95//32 96//32
usemtl blue
f 97//33 98//33 99//33
usemtl blue
f 100//34 101//34 102//34
usemtl blue
f 103//35 104//35 105//35
usemtl blue
f 106//36 107//36 108//36
usemtl blue
f 109//37 110//37 111//37
usemtl blue
f 112//38 113//38 114//38
usemtl blue
f 115//39 116//39 117//39
usemtl blue
f 118//40 119//40 120//40
usemtl blue
f 121//41 122//41 123//41
usemtl blue
f 124//42 125//42 126//42
usemtl blue
f 127//43 128//43 129//43
usemtl blue
f 130//44 131//44 132//44
usemtl blue
f 133//45 134//45 135//45
usemtl blue
f 136//46 137//46 138//46
usemtl blue
f 139//47 140//47 141//47
usemtl blue
f 142//48 143//48 144//48
usemtl blue
f 145//49 146//49 147//49
usemtl blue
f 148//50 149//50 150//50
usemtl blue
f 151//51 152//51 153//51
usemtl blue
f 154//52 155//52 156//52
usemtl blue
f 157//53 158//53 159//53
usemtl blue
f 160//54 161//54 162//54
usemtl blue
f 163//55 164//55 165//55
usemtl blue
f 166//56 167//56 168//56
usemtl blue
f 169//57 170//57 171//57
usemtl blue
f 172//58 173//58 174//58
usemtl blue
f 175//59 176//59 177//59
usemtl blue
f 178//60 179//60 180//60
usemtl blue
f 181//61 182//61 183//61
usemtl blue
f 184//62 185//62 186//62
usemtl blue
f 187//63 188//63 189//63
usemtl blue
f 190//64 191//64 192//64
usemtl roof
f 193//65 194//65 195//65
usemtl roof
f 196//66 197//66 198//66
usemtl roof
f 199//67 200//67 201//67
usemtl roof
f 202//68 203//68 204//68
usemtl roof
f 205//69 206//69 207//69
usemtl roof
f 208//70 209//70 210//70
usemtl roof
f 211//71 212//71 213//71
usemtl roof
f 214//72 215//72 216//72
usemtl roof
f 217//73 218//73 219//73
usemtl roof
f 220//74 221//74 222//74
usemtl roof
f 223//75 224//75 225//75
usemtl roof
f 226//76 227//76 228//76
usemtl roof_light
f 229//77 230//77 231//77
usemtl roof_light
f 232//78 233//78 234//78
usemtl roof_light
f 235//79 236//79 237//79
usemtl roof_light
f 238//80 239//80 240//80
usemtl roof_light
f 241//81 242//81 243//81
usemtl roof_light
f 244//82 245//82 246//82
usemtl roof_light
f 247//83 248//83 249//83
usemtl roof_light
f 250//84 251//84 252//84
usemtl roof_light
f 253//85 254//85 255//85
usemtl roof_light
f 256//86 257//86 258//86
usemtl roof_light
f 259//87 260//87 261//87
usemtl roof_light
f 262//88 263//88 264//88
usemtl roof_light
f 265//89 266//89 267//89
usemtl roof_light
f 268//90 269//90 270//90
usemtl roof_light
f 271//91 272//91 273//91
usemtl roof_light
f 274//92 275//92 276//92
usemtl roof_light
f 277//93 278//93 279//93
usemtl roof_light
f 280//94 281//94 282//94
usemtl roof_light
f 283//95 284//95 285//95
usemtl roof_light
f 286//96 287//96 288//96
usemtl roof_light
f 289//97 290//97 291//97
usemtl roof_light
f 292//98 293//98 294//98
usemtl roof_light
f 295//99 296//99 297//99
usemtl roof_light
f 298//100 299//100 300//100
usemtl roof_light
f 301//101 302//101 303//101
usemtl roof_light
f 304//102 305//102 306//102
usemtl roof_light
f 307//103 308//103 309//103
usemtl roof_light
f 310//104 311//104 312//104
usemtl roof_light
f 313//105 314//105 315//105
usemtl roof_light
f 316//106 317//106 318//106
usemtl roof_light
f 319//107 320//107 321//107
usemtl roof_light
f 322//108 323//108 324//108
usemtl roof_light
f 325//109 326//109 327//109
usemtl roof_light
f 328//110 329//110 330//110
usemtl roof_light
f 331//111 332//111 333//111
usemtl roof_light
f 334//112 335//112 336//112
usemtl roof_light
f 337//113 338//113 339//113
usemtl roof_light
f 340//114 341//114 342//114
usemtl roof_light
f 343//115 344//115 345//115
usemtl roof_light
f 346//116 347//116 348//116
usemtl roof_light
f 349//117 350//117 351//117
usemtl roof_light
f 352//118 353//118 354//118
usemtl roof_light
f 355//119 356//119 357//119
usemtl roof_light
f 358//120 359//120 360//120
usemtl roof_light
f 361//121 362//121 363//121
usemtl roof_light
f 364//122 365//122 366//122
usemtl roof_light
f 367//123 368//123 369//123
usemtl roof_light
f 370//124 371//124 372//124
usemtl roof_light
f 373//125 374//125 375//125
usemtl roof_light
f 376//126 377//126 378//126
usemtl roof_light
f 379//127 380//127 381//127
usemtl roof_light
f 382//128 383//128 384//128
usemtl roof_light
f 385//129 386//129 387//129
usemtl roof_light
f 388//130 389//130 390//130
usemtl roof_light
f 391//131 392//131 393//131
usemtl roof_light
f 394//132 395//132 396//132
usemtl roof_light
f 397//133 398//133 399//133
usemtl roof_light
f 400//134 401//134 402//134
usemtl roof_light
f 403//135 404//135 405//135
usemtl roof_light
f 406//136 407//136 408//136
usemtl roof_light
f 409//137 410//137 411//137
usemtl roof_light
f 412//138 413//138 414//138
usemtl roof_light
f 415//139 416//139 417//139
usemtl roof_light
f 418//140 419//140 420//140
usemtl roof_light
f 421//141 422//141 423//141
usemtl roof_light
f 424//142 425//142 426//142
usemtl roof_light
f 427//143 428//143 429//143
usemtl roof_light
f 430//144 431//144 432//144
usemtl roof_light
f 433//145 434//145 435//145
usemtl roof_light
f 436//146 437//146 438//146
usemtl roof_light
f 439//147 440//147 441//147
usemtl roof_light
f 442//148 443//148 444//148
usemtl roof
f 445//149 446//149 447//149
usemtl roof
f 448//150 449//150 450//150
usemtl roof
f 451//151 452//151 453//151
usemtl roof
f 454//152 455//152 456//152
usemtl roof
f 457//153 458//153 459//153
usemtl roof
f 460//154 461//154 462//154
usemtl roof
f 463//155 464//155 465//155
usemtl roof
f 466//156 467//156 468//156
usemtl roof
f 469//157 470//157 471//157
usemtl roof
f 472//158 473//158 474//158
usemtl roof
f 475//159 476//159 477//159
usemtl roof
f 478//160 479//160 480//160
usemtl roof_light
f 481//161 482//161 483//161
usemtl roof_light
f 484//162 485//162 486//162
usemtl roof_light
f 487//163 488//163 489//163
usemtl roof_light
f 490//164 491//164 492//164
usemtl roof_light
f 493//165 494//165 495//165
usemtl roof_light
f 496//166 497//166 498//166
usemtl roof_light
f 499//167 500//167 501//167
usemtl roof_light
f 502//168 503//168 504//168
usemtl roof_light
f 505//169 506//169 507//169
usemtl roof_light
f 508//170 509//170 510//170
usemtl roof_light
f 511//171 512//171 513//171
usemtl roof_light
f 514//172 515//172 516//172
usemtl roof_light
f 517//173 518//173 519//173
usemtl roof_light
f 520//174 521//174 522//174
usemtl roof_light
f 523//175 524//175 525//175
usemtl roof_light
f 526//176 527//176 528//176
usemtl roof_light
f 529//177 530//177 531//177
usemtl roof_light
f 532//178 533//178 534//178
usemtl roof_light
f 535//179 536//179 537//179
usemtl roof_light
f 538//180 539//180 540//180
usemtl roof_light
f 541//181 542//181 543//181
usemtl roof_light
f 544//182 545//182 546//182
usemtl roof_light
f 547//183 548//183 549//183
usemtl roof_light
f 550//184 551//184 552//184
usemtl roof_light
f 553//185 554//185 555//185
usemtl roof_light
f 556//186 557//186 558//186
usemtl roof_light
f 559//187 560//187 561//187
usemtl roof_light
f 562//188 563//188 564//188
usemtl roof_light
f 565//189 566//189 567//189
usemtl roof_light
f 568//190 569//190 570//190
usemtl roof_light
f 571//191 572//191 573//191
usemtl roof_light
f 574//192 575//192 576//192
usemtl roof_light
f 577//193 578//193 579//193
usemtl roof_light
f 580//194 581//194 582//194
usemtl roof_light
f 583//195 584//195 585//195
usemtl roof_light
f 586//196 587//196 588//196
usemtl roof_light
f 589//197 590//197 591//197
usemtl roof_light
f 592//198 593//198 594//198
usemtl roof_light
f 595//199 596//199 597//199
usemtl roof_light
f 598//200 599//200 600//200
usemtl roof_light
f 601//201 602//201 603//201
usemtl roof_light
f 604//202 605//202 606//202
usemtl roof_light
f 607//203 608//203 609//203
usemtl roof_light
f 610//204 611//204 612//204
usemtl roof_light
f 613//205 614//205 615//205
usemtl roof_light
f 616//206 617//206 618//206
usemtl roof_light
f 619//207 620//207 621//207
usemtl roof_light
f 622//208 623//208 624//208
usemtl roof_light
f 625//209 626//209 627//209
usemtl roof_light
f 628//210 629//210 630//210
usemtl roof_light
f 631//211 632//211 633//211
usemtl roof_light
f 634//212 635//212 636//212
usemtl roof_light
f 637//213 638//213 639//213
usemtl roof_light
f 640//214 641//214 642//214
usemtl roof_light
f 643//215 644//215 645//215
usemtl roof_light
f 646//216 647//216 648//216
usemtl roof_light
f 649//217 650//217 651//217
usemtl roof_light
f 652//218 653//218 654//218
usemtl roof_light
f 655//219 656//219 657//219
usemtl roof_light
f 658//220 659//220 660//220
usemtl roof_light
f 661//221 662//221 663//221
usemtl roof_light
f 664//222 665//222 666//222
usemtl roof_light
f 667//223 668//223 669//223
usemtl roof_light
f 670//224 671//224 672//224
usemtl roof_light
f 673//225 674//225 675//225
usemtl roof_light
f 676//226 677//226 678//226
usemtl roof_light
f 679//227 680//227 681//227
usemtl roof_light
f 682//228 683//228 684//228
usemtl roof_light
f 685//229 686//229 687//229
usemtl roof_light
f 688//230 689//230 690//230
usemtl roof_light
f 691//231 692//231 693//231
usemtl roof_light
f 694//232 695//232 696//232
usemtl window
f 697//233 698//233 699//233
usemtl window
f 700//234 701//234 702//234
usemtl window
f 703//235 704//235 705//235
usemtl window
f 706//236 707//236 708//236
usemtl window
f 709//237 710//237 711//237
usemtl window
f 712//238 713//238 714//238
usemtl window
f 715//239 716//239 717//239
usemtl window
f 718//240 719//240 720//240
usemtl window
f 721//241 722//241 723//241
usemtl window
f 724//242 725//242 726//242
usemtl window
f 727//243 728//243 729//243
usemtl window
f 730//244 731//244 732//244
usemtl blue
f 733//245 734//245 735//245
usemtl blue
f 736//246 737//246 738//246
usemtl blue
f 739//247 740//247 741//247
usemtl blue
f 742//248 743//248 744//248
usemtl blue
f 745//249 746//249 747//249
usemtl blue
f 748//250 749//250 750//250
usemtl blue
f 751//251 752//251 753//251
usemtl blue
f 754//252 755//252 756//252
usemtl blue
f 757//253 758//253 759//253
usemtl blue
f 760//254 761//254 762//254
usemtl blue
f 763//255 764//255 765//255
usemtl blue
f 766//256 767//256 768//256
usemtl blue
f 769//257 770//257 771//257
usemtl blue
f 772//258 773//258 774//258
usemtl blue
f 775//259 776//259 777//259
usemtl blue
f 778//260 779//260 780//260
usemtl blue
f 781//261 782//261 783//261
usemtl blue
f 784//262 785//262 786//262
usemtl blue
f 787//263 788//263 789//263
usemtl blue
f 790//264 791//264 792//264
usemtl blue
f 793//265 794//265 795//265
usemtl blue
f 796//266 797//266 798//266
usemtl blue
f 799//267 800//267 801//267
usemtl blue
f 802//268 803//268 804//268
usemtl blue
f 805//269 806//269 807//269
usemtl blue
f 808//270 809//270 810//270
usemtl blue
f 811//271 812//271 813//271
usemtl blue
f 814//272 815//272 816//272
usemtl blue
f 817//273 818//273 819//273
usemtl blue
f 820//274 821//274 822//274
usemtl blue
f 823//275 824//275 825//275
usemtl blue
f 826//276 827//276 828//276
usemtl blue
f 829//277 830//277 831//277
usemtl blue
f 832//278 833//278 834//278
usemtl blue
f 835//279 836//279 837//279
usemtl blue
f 838//280 839//280 840//280
usemtl blue
f 841//281 842//281 843//281
usemtl blue
f 844//282 845//282 846//282
usemtl blue
f 847//283 848//283 849//283
usemtl blue
f 850//284 851//284 852//284
usemtl blue
f 853//285 854//285 855//285
usemtl blue
f 856//286 857//286 858//286
usemtl blue
f 859//287 860//287 861//287
usemtl blue
f 862//288 863//288 864//288
usemtl blue
f 865//289 866//289 867//289
usemtl blue
f 868//290 869//290 870//290
usemtl blue
f 871//291 872//291 873//291
usemtl blue
f 874//292 875//292 876//292
usemtl plaster
f 877//293 878//293 879//293
usemtl plaster
f 880//294 881//294 882//294
usemtl plaster
f 883//295 884//295 885//295
usemtl plaster
f 886//296 887//296 888//296
usemtl plaster
f 889//297 890//297 891//297
usemtl plaster
f 892//298 893//298 894//298
usemtl plaster
f 895//299 896//299 897//299
usemtl plaster
f 898//300 899//300 900//300
usemtl plaster
f 901//301 902//301 903//301
usemtl plaster
f 904//302 905//302 906//302
usemtl plaster
f 907//303 908//303 909//303
usemtl plaster
f 910//304 911//304 912//304
usemtl plaster
f 913//305 914//305 915//305
usemtl plaster
f 916//306 917//306 918//306
usemtl plaster
f 919//307 920//307 921//307
usemtl plaster
f 922//308 923//308 924//308
usemtl plaster
f 925//309 926//309 927//309
usemtl plaster
f 928//310 929//310 930//310
usemtl plaster
f 931//311 932//311 933//311
usemtl plaster
f 934//312 935//312 936//312
usemtl plaster
f 937//313 938//313 939//313
usemtl plaster
f 940//314 941//314 942//314
usemtl plaster
f 943//315 944//315 945//315
usemtl plaster
f 946//316 947//316 948//316
usemtl blue_dark
f 949//317 950//317 951//317
usemtl blue_dark
f 952//318 953//318 954//318
usemtl blue_dark
f 955//319 956//319 957//319
usemtl blue_dark
f 958//320 959//320 960//320
usemtl blue_dark
f 961//321 962//321 963//321
usemtl blue_dark
f 964//322 965//322 966//322
usemtl blue_dark
f 967//323 968//323 969//323
usemtl blue_dark
f 970//324 971//324 972//324
usemtl blue_dark
f 973//325 974//325 975//325
usemtl blue_dark
f 976//326 977//326 978//326
usemtl blue_dark
f 979//327 980//327 981//327
usemtl blue_dark
f 982//328 983//328 984//328
usemtl window
f 985//329 986//329 987//329
usemtl window
f 988//330 989//330 990//330
usemtl window
f 991//331 992//331 993//331
usemtl window
f 994//332 995//332 996//332
usemtl window
f 997//333 998//333 999//333
usemtl window
f 1000//334 1001//334 1002//334
usemtl window
f 1003//335 1004//335 1005//335
usemtl window
f 1006//336 1007//336 1008//336
usemtl window
f 1009//337 1010//337 1011//337
usemtl window
f 1012//338 1013//338 1014//338
usemtl window
f 1015//339 1016//339 1017//339
usemtl window
f 1018//340 1019//340 1020//340
usemtl blue
f 1021//341 1022//341 1023//341
usemtl blue
f 1024//342 1025//342 1026//342
usemtl blue
f 1027//343 1028//343 1029//343
usemtl blue
f 1030//344 1031//344 1032//344
usemtl blue
f 1033//345 1034//345 1035//345
usemtl blue
f 1036//346 1037//346 1038//346
usemtl blue
f 1039//347 1040//347 1041//347
usemtl blue
f 1042//348 1043//348 1044//348
usemtl blue
f 1045//349 1046//349 1047//349
usemtl blue
f 1048//350 1049//350 1050//350
usemtl blue
f 1051//351 1052//351 1053//351
usemtl blue
f 1054//352 1055//352 1056//352
usemtl blue
f 1057//353 1058//353 1059//353
usemtl blue
f 1060//354 1061//354 1062//354
usemtl blue
f 1063//355 1064//355 1065//355
usemtl blue
f 1066//356 1067//356 1068//356
usemtl blue
f 1069//357 1070//357 1071//357
usemtl blue
f 1072//358 1073//358 1074//358
usemtl blue
f 1075//359 1076//359 1077//359
usemtl blue
f 1078//360 1079//360 1080//360
usemtl blue
f 1081//361 1082//361 1083//361
usemtl blue
f 1084//362 1085//362 1086//362
usemtl blue
f 1087//363 1088//363 1089//363
usemtl blue
f 1090//364 1091//364 1092//364
usemtl blue
f 1093//365 1094//365 1095//365
usemtl blue
f 1096//366 1097//366 1098//366
usemtl blue
f 1099//367 1100//367 1101//367
usemtl blue
f 1102//368 1103//368 1104//368
usemtl blue
f 1105//369 1106//369 1107//369
usemtl blue
f 1108//370 1109//370 1110//370
usemtl blue
f 1111//371 1112//371 1113//371
usemtl blue
f 1114//372 1115//372 1116//372
usemtl blue
f 1117//373 1118//373 1119//373
usemtl blue
f 1120//374 1121//374 1122//374
usemtl blue
f 1123//375 1124//375 1125//375
usemtl blue
f 1126//376 1127//376 1128//376
usemtl blue
f 1129//377 1130//377 1131//377
usemtl blue
f 1132//378 1133//378 1134//378
usemtl blue
f 1135//379 1136//379 1137//379
usemtl blue
f 1138//380 1139//380 1140//380
usemtl blue
f 1141//381 1142//381 1143//381
usemtl blue
f 1144//382 1145//382 1146//382
usemtl blue
f 1147//383 1148//383 1149//383
usemtl blue
f 1150//384 1151//384 1152//384
usemtl blue
f 1153//385 1154//385 1155//385
usemtl blue
f 1156//386 1157//386 1158//386
usemtl blue
f 1159//387 1160//387 1161//387
usemtl blue
f 1162//388 1163//388 1164//388
usemtl plaster
f 1165//389 1166//389 1167//389
usemtl plaster
f 1168//390 1169//390 1170//390
usemtl plaster
f 1171//391 1172//391 1173//391
usemtl plaster
f 1174//392 1175//392 1176//392
usemtl plaster
f 1177//393 1178//393 1179//393
usemtl plaster
f 1180//394 1181//394 1182//394
usemtl plaster
f 1183//395 1184//395 1185//395
usemtl plaster
f 1186//396 1187//396 1188//396
usemtl plaster
f 1189//397 1190//397 1191//397
usemtl plaster
f 1192//398 1193//398 1194//398
usemtl plaster
f 1195//399 1196//399 1197//399
usemtl plaster
f 1198//400 1199//400 1200//400
usemtl plaster
f 1201//401 1202//401 1203//401
usemtl plaster
f 1204//402 1205//402 1206//402
usemtl plaster
f 1207//403 1208//403 1209//403
usemtl plaster
f 1210//404 1211//404 1212//404
usemtl plaster
f 1213//405 1214//405 1215//405
usemtl plaster
f 1216//406 1217//406 1218//406
usemtl plaster
f 1219//407 1220//407 1221//407
usemtl plaster
f 1222//408 1223//408 1224//408
usemtl plaster
f 1225//409 1226//409 1227//409
usemtl plaster
f 1228//410 1229//410 1230//410
usemtl plaster
f 1231//411 1232//411 1233//411
usemtl plaster
f 1234//412 1235//412 1236//412
usemtl blue_dark
f 1237//413 1238//413 1239//413
usemtl blue_dark
f 1240//414 1241//414 1242//414
usemtl blue_dark
f 1243//415 1244//415 1245//415
usemtl blue_dark
f 1246//416 1247//416 1248//416
usemtl blue_dark
f 1249//417 1250//417 1251//417
usemtl blue_dark
f 1252//418 1253//418 1254//418
usemtl blue_dark
f 1255//419 1256//419 1257//419
usemtl blue_dark
f 1258//420 1259//420 1260//420
usemtl blue_dark
f 1261//421 1262//421 1263//421
usemtl blue_dark
f 1264//422 1265//422 1266//422
usemtl blue_dark
f 1267//423 1268//423 1269//423
usemtl blue_dark
f 1270//424 1271//424 1272//424
usemtl wood_dark
f 1273//425 1274//425 1275//425
usemtl wood_dark
f 1276//426 1277//426 1278//426
usemtl wood_dark
f 1279//427 1280//427 1281//427
usemtl wood_dark
f 1282//428 1283//428 1284//428
usemtl wood_dark
f 1285//429 1286//429 1287//429
usemtl wood_dark
f 1288//430 1289//430 1290//430
usemtl wood_dark
f 1291//431 1292//431 1293//431
usemtl wood_dark
f 1294//432 1295//432 1296//432
usemtl wood_dark
f 1297//433 1298//433 1299//433
usemtl wood_dark
f 1300//434 1301//434 1302//434
usemtl wood_dark
f 1303//435 1304//435 1305//435
usemtl wood_dark
f 1306//436 1307//436 1308//436
usemtl blue
f 1309//437 1310//437 1311//437
usemtl blue
f 1312//438 1313//438 1314//438
usemtl blue
f 1315//439 1316//439 1317//439
usemtl blue
f 1318//440 1319//440 1320//440
usemtl blue
f 1321//441 1322//441 1323//441
usemtl blue
f 1324//442 1325//442 1326//442
usemtl blue
f 1327//443 1328//443 1329//443
usemtl blue
f 1330//444 1331//444 1332//444
usemtl blue
f 1333//445 1334//445 1335//445
usemtl blue
f 1336//446 1337//446 1338//446
usemtl blue
f 1339//447 1340//447 1341//447
usemtl blue
f 1342//448 1343//448 1344//448
usemtl blue
f 1345//449 1346//449 1347//449
usemtl blue
f 1348//450 1349//450 1350//450
usemtl blue
f 1351//451 1352//451 1353//451
usemtl blue
f 1354//452 1355//452 1356//452
usemtl blue
f 1357//453 1358//453 1359//453
usemtl blue
f 1360//454 1361//454 1362//454
usemtl blue
f 1363//455 1364//455 1365//455
usemtl blue
f 1366//456 1367//456 1368//456
usemtl blue
f 1369//457 1370//457 1371//457
usemtl blue
f 1372//458 1373//458 1374//458
usemtl blue
f 1375//459 1376//459 1377//459
usemtl blue
f 1378//460 1379//460 1380//460
usemtl blue
f 1381//461 1382//461 1383//461
usemtl blue
f 1384//462 1385//462 1386//462
usemtl blue
f 1387//463 1388//463 1389//463
usemtl blue
f 1390//464 1391//464 1392//464
usemtl blue
f 1393//465 1394//465 1395//465
usemtl blue
f 1396//466 1397//466 1398//466
usemtl blue
f 1399//467 1400//467 1401//467
usemtl blue
f 1402//468 1403//468 1404//468
usemtl blue
f 1405//469 1406//469 1407//469
usemtl blue
f 1408//470 1409//470 1410//470
usemtl blue
f 1411//471 1412//471 1413//471
usemtl blue
f 1414//472 1415//472 1416//472
usemtl wood
f 1417//473 1418//473 1419//473
usemtl wood
f 1420//474 1421//474 1422//474
usemtl wood
f 1423//475 1424//475 1425//475
usemtl wood
f 1426//476 1427//476 1428//476
usemtl wood
f 1429//477 1430//477 1431//477
usemtl wood
f 1432//478 1433//478 1434//478
usemtl wood
f 1435//479 1436//479 1437//479
usemtl wood
f 1438//480 1439//480 1440//480
usemtl wood
f 1441//481 1442//481 1443//481
usemtl wood
f 1444//482 1445//482 1446//482
usemtl wood
f 1447//483 1448//483 1449//483
usemtl wood
f 1450//484 1451//484 1452//484
usemtl wood
f 1453//485 1454//485 1455//485
usemtl wood
f 1456//486 1457//486 1458//486
usemtl wood
f 1459//487 1460//487 1461//487
usemtl wood
f 1462//488 1463//488 1464//488
usemtl wood
f 1465//489 1466//489 1467//489
usemtl wood
f 1468//490 1469//490 1470//490
usemtl wood
f 1471//491 1472//491 1473//491
usemtl wood
f 1474//492 1475//492 1476//492
usemtl wood
f 1477//493 1478//493 1479//493
usemtl wood
f 1480//494 1481//494 1482//494
usemtl wood
f 1483//495 1484//495 1485//495
usemtl wood
f 1486//496 1487//496 1488//496
usemtl wood
f 1489//497 1490//497 1491//497
usemtl wood
f 1492//498 1493//498 1494//498
usemtl wood
f 1495//499 1496//499 1497//499
usemtl wood
f 1498//500 1499//500 1500//500
usemtl wood
f 1501//501 1502//501 1503//501
usemtl wood
f 1504//502 1505//502 1506//502
usemtl wood
f 1507//503 1508//503 1509//503
usemtl wood
f 1510//504 1511//504 1512//504
usemtl wood
f 1513//505 1514//505 1515//505
usemtl wood
f 1516//506 1517//506 1518//506
usemtl wood
f 1519//507 1520//507 1521//507
usemtl wood
f 1522//508 1523//508 1524//508
usemtl steel_dark
f 1525//509 1526//509 1527//509
usemtl steel_dark
f 1528//510 1529//510 1530//510
usemtl steel_dark
f 1531//511 1532//511 1533//511
usemtl steel_dark
f 1534//512 1535//512 1536//512
usemtl steel_dark
f 1537//513 1538//513 1539//513
usemtl steel_dark
f 1540//514 1541//514 1542//514
usemtl steel_dark
f 1543//515 1544//515 1545//515
usemtl steel_dark
f 1546//516 1547//516 1548//516
usemtl steel_dark
f 1549//517 1550//517 1551//517
usemtl steel_dark
f 1552//518 1553//518 1554//518
usemtl steel_dark
f 1555//519 1556//519 1557//519
usemtl steel_dark
f 1558//520 1559//520 1560//520
usemtl stone
f 1561//521 1562//521 1563//521
usemtl stone
f 1564//522 1565//522 1566//522
usemtl stone
f 1567//523 1568//523 1569//523
usemtl stone
f 1570//524 1571//524 1572//524
usemtl stone
f 1573//525 1574//525 1575//525
usemtl stone
f 1576//526 1577//526 1578//526
usemtl stone
f 1579//527 1580//527 1581//527
usemtl stone
f 1582//528 1583//528 1584//528
usemtl stone
f 1585//529 1586//529 1587//529
usemtl stone
f 1588//530 1589//530 1590//530
usemtl stone
f 1591//531 1592//531 1593//531
usemtl stone
f 1594//532 1595//532 1596//532
usemtl window
f 1597//533 1598//533 1599//533
usemtl window
f 1600//534 1601//534 1602//534
usemtl window
f 1603//535 1604//535 1605//535
usemtl window
f 1606//536 1607//536 1608//536
usemtl window
f 1609//537 1610//537 1611//537
usemtl window
f 1612//538 1613//538 1614//538
usemtl window
f 1615//539 1616//539 1617//539
usemtl window
f 1618//540 1619//540 1620//540
usemtl window
f 1621//541 1622//541 1623//541
usemtl window
f 1624//542 1625//542 1626//542
usemtl window
f 1627//543 1628//543 1629//543
usemtl window
f 1630//544 1631//544 1632//544
usemtl plaster_worn
f 1633//545 1634//545 1635//545
usemtl plaster_worn
f 1636//546 1637//546 1638//546
usemtl plaster_worn
f 1639//547 1640//547 1641//547
usemtl plaster_worn
f 1642//548 1643//548 1644//548
usemtl plaster_worn
f 1645//549 1646//549 1647//549
usemtl plaster_worn
f 1648//550 1649//550 1650//550
usemtl plaster_worn
f 1651//551 1652//551 1653//551
usemtl plaster_worn
f 1654//552 1655//552 1656//552
usemtl plaster_worn
f 1657//553 1658//553 1659//553
usemtl plaster_worn
f 1660//554 1661//554 1662//554
usemtl plaster_worn
f 1663//555 1664//555 1665//555
usemtl plaster_worn
f 1666//556 1667//556 1668//556
usemtl concrete_dark
f 1669//557 1670//557 1671//557
usemtl concrete_dark
f 1672//558 1673//558 1674//558
usemtl concrete_dark
f 1675//559 1676//559 1677//559
usemtl concrete_dark
f 1678//560 1679//560 1680//560
usemtl concrete_dark
f 1681//561 1682//561 1683//561
usemtl concrete_dark
f 1684//562 1685//562 1686//562
usemtl concrete_dark
f 1687//563 1688//563 1689//563
usemtl concrete_dark
f 1690//564 1691//564 1692//564
usemtl concrete_dark
f 1693//565 1694//565 1695//565
usemtl concrete_dark
f 1696//566 1697//566 1698//566
usemtl concrete_dark
f 1699//567 1700//567 1701//567
usemtl concrete_dark
f 1702//568 1703//568 1704//568
usemtl plaster_worn
f 1705//569 1706//569 1707//569
usemtl plaster_worn
f 1708//570 1709//570 1710//570
usemtl plaster_worn
f 1711//571 1712//571 1713//571
usemtl plaster_worn
f 1714//572 1715//572 1716//572
usemtl plaster_worn
f 1717//573 1718//573 1719//573
usemtl plaster_worn
f 1720//574 1721//574 1722//574
usemtl plaster_worn
f 1723//575 1724//575 1725//575
usemtl plaster_worn
f 1726//576 1727//576 1728//576
usemtl plaster_worn
f 1729//577 1730//577 1731//577
usemtl plaster_worn
f 1732//578 1733//578 1734//578
usemtl plaster_worn
f 1735//579 1736//579 1737//579
usemtl plaster_worn
f 1738//580 1739//580 1740//580
usemtl plaster_worn
f 1741//581 1742//581 1743//581
usemtl plaster_worn
f 1744//582 1745//582 1746//582
usemtl plaster_worn
f 1747//583 1748//583 1749//583
usemtl plaster_worn
f 1750//584 1751//584 1752//584
usemtl plaster_worn
f 1753//585 1754//585 1755//585
usemtl plaster_worn
f 1756//586 1757//586 1758//586
usemtl plaster_worn
f 1759//587 1760//587 1761//587
usemtl plaster_worn
f 1762//588 1763//588 1764//588
usemtl plaster_worn
f 1765//589 1766//589 1767//589
usemtl plaster_worn
f 1768//590 1769//590 1770//590
usemtl plaster_worn
f 1771//591 1772//591 1773//591
usemtl plaster_worn
f 1774//592 1775//592 1776//592
usemtl plaster_worn
f 1777//593 1778//593 1779//593
usemtl plaster_worn
f 1780//594 1781//594 1782//594
usemtl plaster_worn
f 1783//595 1784//595 1785//595
usemtl plaster_worn
f 1786//596 1787//596 1788//596
usemtl plaster_worn
f 1789//597 1790//597 1791//597
usemtl plaster_worn
f 1792//598 1793//598 1794//598
usemtl plaster_worn
f 1795//599 1796//599 1797//599
usemtl plaster_worn
f 1798//600 1799//600 1800//600
usemtl plaster_worn
f 1801//601 1802//601 1803//601
usemtl plaster_worn
f 1804//602 1805//602 1806//602
usemtl plaster_worn
f 1807//603 1808//603 1809//603
usemtl plaster_worn
f 1810//604 1811//604 1812//604
