# Original Quiet Camp Ukrainian rural presentation asset
# Units: metres; Y up; no external geometry or textures
mtllib palette.mtl
o ua_wattle_fence
v -1.6103860 -0.0002200 -0.0478861
v -1.6487417 -0.0010327 -0.0049177
v -1.6627997 1.1791992 -0.0038137
v -1.6103860 -0.0002200 -0.0478861
v -1.6627997 1.1791992 -0.0038137
v -1.6330545 1.1798294 -0.0371362
v -1.6000000 0.0000000 0.0000000
v -1.6487417 -0.0010327 -0.0049177
v -1.6103860 -0.0002200 -0.0478861
v -1.6250000 1.1800000 0.0000000
v -1.6330545 1.1798294 -0.0371362
v -1.6627997 1.1791992 -0.0038137
v -1.6487417 -0.0010327 -0.0049177
v -1.6197380 -0.0004182 0.0448468
v -1.6403070 1.1796757 0.0347792
v -1.6487417 -0.0010327 -0.0049177
v -1.6403070 1.1796757 0.0347792
v -1.6627997 1.1791992 -0.0038137
v -1.6000000 0.0000000 0.0000000
v -1.6197380 -0.0004182 0.0448468
v -1.6487417 -0.0010327 -0.0049177
v -1.6250000 1.1800000 0.0000000
v -1.6627997 1.1791992 -0.0038137
v -1.6403070 1.1796757 0.0347792
v -1.6197380 -0.0004182 0.0448468
v -1.5634571 0.0007742 0.0326346
v -1.5966606 1.1806004 0.0253085
v -1.6197380 -0.0004182 0.0448468
v -1.5966606 1.1806004 0.0253085
v -1.6403070 1.1796757 0.0347792
v -1.6000000 0.0000000 0.0000000
v -1.5634571 0.0007742 0.0326346
v -1.6197380 -0.0004182 0.0448468
v -1.6250000 1.1800000 0.0000000
v -1.6403070 1.1796757 0.0347792
v -1.5966606 1.1806004 0.0253085
v -1.5634571 0.0007742 0.0326346
v -1.5576773 0.0008967 -0.0246775
v -1.5921783 1.1806954 -0.0191377
v -1.5634571 0.0007742 0.0326346
v -1.5921783 1.1806954 -0.0191377
v -1.5966606 1.1806004 0.0253085
v -1.6000000 0.0000000 0.0000000
v -1.5576773 0.0008967 -0.0246775
v -1.5634571 0.0007742 0.0326346
v -1.6250000 1.1800000 0.0000000
v -1.5966606 1.1806004 0.0253085
v -1.5921783 1.1806954 -0.0191377
v -1.5576773 0.0008967 -0.0246775
v -1.6103860 -0.0002200 -0.0478861
v -1.6330545 1.1798294 -0.0371362
v -1.5576773 0.0008967 -0.0246775
v -1.6330545 1.1798294 -0.0371362
v -1.5921783 1.1806954 -0.0191377
v -1.6000000 0.0000000 0.0000000
v -1.6103860 -0.0002200 -0.0478861
v -1.5576773 0.0008967 -0.0246775
v -1.6250000 1.1800000 0.0000000
v -1.5921783 1.1806954 -0.0191377
v -1.6330545 1.1798294 -0.0371362
v -0.5403862 0.0002128 -0.0478861
v -0.5787424 0.0009988 -0.0049177
v -0.5428002 1.2207746 -0.0038137
v -0.5403862 0.0002128 -0.0478861
v -0.5428002 1.2207746 -0.0038137
v -0.5130546 1.2201651 -0.0371362
v -0.5300000 0.0000000 0.0000000
v -0.5787424 0.0009988 -0.0049177
v -0.5403862 0.0002128 -0.0478861
v -0.5050000 1.2200000 0.0000000
v -0.5130546 1.2201651 -0.0371362
v -0.5428002 1.2207746 -0.0038137
v -0.5787424 0.0009988 -0.0049177
v -0.5497383 0.0004045 0.0448468
v -0.5203072 1.2203137 0.0347792
v -0.5787424 0.0009988 -0.0049177
v -0.5203072 1.2203137 0.0347792
v -0.5428002 1.2207746 -0.0038137
v -0.5300000 0.0000000 0.0000000
v -0.5497383 0.0004045 0.0448468
v -0.5787424 0.0009988 -0.0049177
v -0.5050000 1.2200000 0.0000000
v -0.5428002 1.2207746 -0.0038137
v -0.5203072 1.2203137 0.0347792
v -0.5497383 0.0004045 0.0448468
v -0.4934566 -0.0007488 0.0326346
v -0.4766602 1.2194193 0.0253085
v -0.5497383 0.0004045 0.0448468
v -0.4766602 1.2194193 0.0253085
v -0.5203072 1.2203137 0.0347792
v -0.5300000 0.0000000 0.0000000
v -0.4934566 -0.0007488 0.0326346
v -0.5497383 0.0004045 0.0448468
v -0.5050000 1.2200000 0.0000000
v -0.5203072 1.2203137 0.0347792
v -0.4766602 1.2194193 0.0253085
v -0.4934566 -0.0007488 0.0326346
v -0.4876766 -0.0008673 -0.0246775
v -0.4721778 1.2193274 -0.0191377
v -0.4934566 -0.0007488 0.0326346
v -0.4721778 1.2193274 -0.0191377
v -0.4766602 1.2194193 0.0253085
v -0.5300000 0.0000000 0.0000000
v -0.4876766 -0.0008673 -0.0246775
v -0.4934566 -0.0007488 0.0326346
v -0.5050000 1.2200000 0.0000000
v -0.4766602 1.2194193 0.0253085
v -0.4721778 1.2193274 -0.0191377
v -0.4876766 -0.0008673 -0.0246775
v -0.5403862 0.0002128 -0.0478861
v -0.5130546 1.2201651 -0.0371362
v -0.4876766 -0.0008673 -0.0246775
v -0.5130546 1.2201651 -0.0371362
v -0.4721778 1.2193274 -0.0191377
v -0.5300000 0.0000000 0.0000000
v -0.5403862 0.0002128 -0.0478861
v -0.4876766 -0.0008673 -0.0246775
v -0.5050000 1.2200000 0.0000000
v -0.4721778 1.2193274 -0.0191377
v -0.5130546 1.2201651 -0.0371362
v 0.5196137 -0.0002061 -0.0478861
v 0.4812570 -0.0009671 -0.0049177
v 0.4671993 1.2592500 -0.0038137
v 0.5196137 -0.0002061 -0.0478861
v 0.4671993 1.2592500 -0.0038137
v 0.4969453 1.2598402 -0.0371362
v 0.5300000 0.0000000 0.0000000
v 0.4812570 -0.0009671 -0.0049177
v 0.5196137 -0.0002061 -0.0478861
v 0.5050000 1.2600000 0.0000000
v 0.4969453 1.2598402 -0.0371362
v 0.4671993 1.2592500 -0.0038137
v 0.4812570 -0.0009671 -0.0049177
v 0.5102615 -0.0003916 0.0448468
v 0.4896926 1.2596963 0.0347792
v 0.4812570 -0.0009671 -0.0049177
v 0.4896926 1.2596963 0.0347792
v 0.4671993 1.2592500 -0.0038137
v 0.5300000 0.0000000 0.0000000
v 0.5102615 -0.0003916 0.0448468
v 0.4812570 -0.0009671 -0.0049177
v 0.5050000 1.2600000 0.0000000
v 0.4671993 1.2592500 -0.0038137
v 0.4896926 1.2596963 0.0347792
v 0.5102615 -0.0003916 0.0448468
v 0.5665439 0.0007251 0.0326346
v 0.5333402 1.2605623 0.0253085
v 0.5102615 -0.0003916 0.0448468
v 0.5333402 1.2605623 0.0253085
v 0.4896926 1.2596963 0.0347792
v 0.5300000 0.0000000 0.0000000
v 0.5665439 0.0007251 0.0326346
v 0.5102615 -0.0003916 0.0448468
v 0.5050000 1.2600000 0.0000000
v 0.4896926 1.2596963 0.0347792
v 0.5333402 1.2605623 0.0253085
v 0.5665439 0.0007251 0.0326346
v 0.5723239 0.0008398 -0.0246775
v 0.5378226 1.2606512 -0.0191377
v 0.5665439 0.0007251 0.0326346
v 0.5378226 1.2606512 -0.0191377
v 0.5333402 1.2605623 0.0253085
v 0.5300000 0.0000000 0.0000000
v 0.5723239 0.0008398 -0.0246775
v 0.5665439 0.0007251 0.0326346
v 0.5050000 1.2600000 0.0000000
v 0.5333402 1.2605623 0.0253085
v 0.5378226 1.2606512 -0.0191377
v 0.5723239 0.0008398 -0.0246775
v 0.5196137 -0.0002061 -0.0478861
v 0.4969453 1.2598402 -0.0371362
v 0.5723239 0.0008398 -0.0246775
v 0.4969453 1.2598402 -0.0371362
v 0.5378226 1.2606512 -0.0191377
v 0.5300000 0.0000000 0.0000000
v 0.5196137 -0.0002061 -0.0478861
v 0.5723239 0.0008398 -0.0246775
v 0.5050000 1.2600000 0.0000000
v 0.5378226 1.2606512 -0.0191377
v 0.4969453 1.2598402 -0.0371362
v 1.5896140 0.0002200 -0.0478861
v 1.5512583 0.0010327 -0.0049177
v 1.5872003 1.1808008 -0.0038137
v 1.5896140 0.0002200 -0.0478861
v 1.5872003 1.1808008 -0.0038137
v 1.6169455 1.1801706 -0.0371362
v 1.6000000 0.0000000 0.0000000
v 1.5512583 0.0010327 -0.0049177
v 1.5896140 0.0002200 -0.0478861
v 1.6250000 1.1800000 0.0000000
v 1.6169455 1.1801706 -0.0371362
v 1.5872003 1.1808008 -0.0038137
v 1.5512583 0.0010327 -0.0049177
v 1.5802620 0.0004182 0.0448468
v 1.6096930 1.1803243 0.0347792
v 1.5512583 0.0010327 -0.0049177
v 1.6096930 1.1803243 0.0347792
v 1.5872003 1.1808008 -0.0038137
v 1.6000000 0.0000000 0.0000000
v 1.5802620 0.0004182 0.0448468
v 1.5512583 0.0010327 -0.0049177
v 1.6250000 1.1800000 0.0000000
v 1.5872003 1.1808008 -0.0038137
v 1.6096930 1.1803243 0.0347792
v 1.5802620 0.0004182 0.0448468
v 1.6365429 -0.0007742 0.0326346
v 1.6533394 1.1793996 0.0253085
v 1.5802620 0.0004182 0.0448468
v 1.6533394 1.1793996 0.0253085
v 1.6096930 1.1803243 0.0347792
v 1.6000000 0.0000000 0.0000000
v 1.6365429 -0.0007742 0.0326346
v 1.5802620 0.0004182 0.0448468
v 1.6250000 1.1800000 0.0000000
v 1.6096930 1.1803243 0.0347792
v 1.6533394 1.1793996 0.0253085
v 1.6365429 -0.0007742 0.0326346
v 1.6423227 -0.0008967 -0.0246775
v 1.6578217 1.1793046 -0.0191377
v 1.6365429 -0.0007742 0.0326346
v 1.6578217 1.1793046 -0.0191377
v 1.6533394 1.1793996 0.0253085
v 1.6000000 0.0000000 0.0000000
v 1.6423227 -0.0008967 -0.0246775
v 1.6365429 -0.0007742 0.0326346
v 1.6250000 1.1800000 0.0000000
v 1.6533394 1.1793996 0.0253085
v 1.6578217 1.1793046 -0.0191377
v 1.6423227 -0.0008967 -0.0246775
v 1.5896140 0.0002200 -0.0478861
v 1.6169455 1.1801706 -0.0371362
v 1.6423227 -0.0008967 -0.0246775
v 1.6169455 1.1801706 -0.0371362
v 1.6578217 1.1793046 -0.0191377
v 1.6000000 0.0000000 0.0000000
v 1.5896140 0.0002200 -0.0478861
v 1.6423227 -0.0008967 -0.0246775
v 1.6250000 1.1800000 0.0000000
v 1.6578217 1.1793046 -0.0191377
v 1.6169455 1.1801706 -0.0371362
v -1.6624890 0.1366355 -0.0564667
v -1.6607443 0.1221237 -0.0686060
v -0.5540777 0.1296969 0.0813940
v -1.6624890 0.1366355 -0.0564667
v -0.5540777 0.1296969 0.0813940
v -0.5558224 0.1442087 0.0935333
v -1.6607443 0.1221237 -0.0686060
v -1.6582553 0.1254882 -0.0871394
v -0.5515886 0.1330614 0.0628606
v -1.6607443 0.1221237 -0.0686060
v -0.5515886 0.1330614 0.0628606
v -0.5540777 0.1296969 0.0813940
v -1.6582553 0.1254882 -0.0871394
v -1.6575110 0.1433645 -0.0935333
v -0.5508443 0.1509378 0.0564667
v -1.6582553 0.1254882 -0.0871394
v -0.5508443 0.1509378 0.0564667
v -0.5515886 0.1330614 0.0628606
v -1.6575110 0.1433645 -0.0935333
v -1.6592557 0.1578763 -0.0813940
v -0.5525890 0.1654496 0.0686060
v -1.6575110 0.1433645 -0.0935333
v -0.5525890 0.1654496 0.0686060
v -0.5508443 0.1509378 0.0564667
v -1.6592557 0.1578763 -0.0813940
v -1.6617447 0.1545118 -0.0628606
v -0.5550780 0.1620850 0.0871394
v -1.6592557 0.1578763 -0.0813940
v -0.5550780 0.1620850 0.0871394
v -0.5525890 0.1654496 0.0686060
v -1.6617447 0.1545118 -0.0628606
v -1.6624890 0.1366355 -0.0564667
v -0.5558224 0.1442087 0.0935333
v -1.6617447 0.1545118 -0.0628606
v -0.5558224 0.1442087 0.0935333
v -0.5550780 0.1620850 0.0871394
v -0.5506214 0.1439430 0.0949929
v -0.5523902 0.1282852 0.0818798
v 0.5542765 0.1288956 -0.0681202
v -0.5506214 0.1439430 0.0949929
v 0.5542765 0.1288956 -0.0681202
v 0.5560452 0.1445534 -0.0550071
v -0.5523902 0.1282852 0.0818798
v -0.5551021 0.1319154 0.0618869
v 0.5515646 0.1325259 -0.0881131
v -0.5523902 0.1282852 0.0818798
v 0.5515646 0.1325259 -0.0881131
v 0.5542765 0.1288956 -0.0681202
v -0.5551021 0.1319154 0.0618869
v -0.5560452 0.1512035 0.0550071
v 0.5506214 0.1518139 -0.0949929
v -0.5551021 0.1319154 0.0618869
v 0.5506214 0.1518139 -0.0949929
v 0.5515646 0.1325259 -0.0881131
v -0.5560452 0.1512035 0.0550071
v -0.5542765 0.1668613 0.0681202
v 0.5523902 0.1674717 -0.0818798
v -0.5560452 0.1512035 0.0550071
v 0.5523902 0.1674717 -0.0818798
v 0.5506214 0.1518139 -0.0949929
v -0.5542765 0.1668613 0.0681202
v -0.5515646 0.1632311 0.0881131
v 0.5551021 0.1638415 -0.0618869
v -0.5542765 0.1668613 0.0681202
v 0.5551021 0.1638415 -0.0618869
v 0.5523902 0.1674717 -0.0818798
v -0.5515646 0.1632311 0.0881131
v -0.5506214 0.1439430 0.0949929
v 0.5560452 0.1445534 -0.0550071
v -0.5515646 0.1632311 0.0881131
v 0.5560452 0.1445534 -0.0550071
v 0.5551021 0.1638415 -0.0618869
v 0.5504012 0.1442879 -0.0535471
v 0.5522054 0.1274847 -0.0676325
v 1.6588721 0.1205711 0.0823675
v 0.5504012 0.1442879 -0.0535471
v 1.6588721 0.1205711 0.0823675
v 1.6570679 0.1373743 0.0964529
v 0.5522054 0.1274847 -0.0676325
v 0.5551375 0.1313805 -0.0890854
v 1.6618042 0.1244669 0.0609146
v 0.5522054 0.1274847 -0.0676325
v 1.6618042 0.1244669 0.0609146
v 1.6588721 0.1205711 0.0823675
v 0.5551375 0.1313805 -0.0890854
v 0.5562654 0.1520795 -0.0964529
v 1.6629321 0.1451659 0.0535471
v 0.5551375 0.1313805 -0.0890854
v 1.6629321 0.1451659 0.0535471
v 1.6618042 0.1244669 0.0609146
v 0.5562654 0.1520795 -0.0964529
v 0.5544613 0.1688827 -0.0823675
v 1.6611279 0.1619691 0.0676325
v 0.5562654 0.1520795 -0.0964529
v 1.6611279 0.1619691 0.0676325
v 1.6629321 0.1451659 0.0535471
v 0.5544613 0.1688827 -0.0823675
v 0.5515291 0.1649869 -0.0609146
v 1.6581958 0.1580733 0.0890854
v 0.5544613 0.1688827 -0.0823675
v 1.6581958 0.1580733 0.0890854
v 1.6611279 0.1619691 0.0676325
v 0.5515291 0.1649869 -0.0609146
v 0.5504012 0.1442879 -0.0535471
v 1.6570679 0.1373743 0.0964529
v 0.5515291 0.1649869 -0.0609146
v 1.6570679 0.1373743 0.0964529
v 1.6581958 0.1580733 0.0890854
v -1.6572881 0.2009430 0.0949929
v -1.6590569 0.1852852 0.0818798
v -0.5523902 0.1858956 -0.0681202
v -1.6572881 0.2009430 0.0949929
v -0.5523902 0.1858956 -0.0681202
v -0.5506214 0.2015534 -0.0550071
v -1.6590569 0.1852852 0.0818798
v -1.6617687 0.1889154 0.0618869
v -0.5551021 0.1895259 -0.0881131
v -1.6590569 0.1852852 0.0818798
v -0.5551021 0.1895259 -0.0881131
v -0.5523902 0.1858956 -0.0681202
v -1.6617687 0.1889154 0.0618869
v -1.6627119 0.2082035 0.0550071
v -0.5560452 0.2088139 -0.0949929
v -1.6617687 0.1889154 0.0618869
v -0.5560452 0.2088139 -0.0949929
v -0.5551021 0.1895259 -0.0881131
v -1.6627119 0.2082035 0.0550071
v -1.6609431 0.2238613 0.0681202
v -0.5542765 0.2244717 -0.0818798
v -1.6627119 0.2082035 0.0550071
v -0.5542765 0.2244717 -0.0818798
v -0.5560452 0.2088139 -0.0949929
v -1.6609431 0.2238613 0.0681202
v -1.6582313 0.2202311 0.0881131
v -0.5515646 0.2208415 -0.0618869
v -1.6609431 0.2238613 0.0681202
v -0.5515646 0.2208415 -0.0618869
v -0.5542765 0.2244717 -0.0818798
v -1.6582313 0.2202311 0.0881131
v -1.6572881 0.2009430 0.0949929
v -0.5506214 0.2015534 -0.0550071
v -1.6582313 0.2202311 0.0881131
v -0.5506214 0.2015534 -0.0550071
v -0.5515646 0.2208415 -0.0618869
v -0.5562654 0.2012879 -0.0535471
v -0.5544613 0.1844847 -0.0676325
v 0.5522054 0.1775711 0.0823675
v -0.5562654 0.2012879 -0.0535471
v 0.5522054 0.1775711 0.0823675
v 0.5504012 0.1943743 0.0964529
v -0.5544613 0.1844847 -0.0676325
v -0.5515291 0.1883805 -0.0890854
v 0.5551375 0.1814669 0.0609146
v -0.5544613 0.1844847 -0.0676325
v 0.5551375 0.1814669 0.0609146
v 0.5522054 0.1775711 0.0823675
v -0.5515291 0.1883805 -0.0890854
v -0.5504012 0.2090795 -0.0964529
v 0.5562654 0.2021659 0.0535471
v -0.5515291 0.1883805 -0.0890854
v 0.5562654 0.2021659 0.0535471
v 0.5551375 0.1814669 0.0609146
v -0.5504012 0.2090795 -0.0964529
v -0.5522054 0.2258827 -0.0823675
v 0.5544613 0.2189691 0.0676325
v -0.5504012 0.2090795 -0.0964529
v 0.5544613 0.2189691 0.0676325
v 0.5562654 0.2021659 0.0535471
v -0.5522054 0.2258827 -0.0823675
v -0.5551375 0.2219869 -0.0609146
v 0.5515291 0.2150733 0.0890854
v -0.5522054 0.2258827 -0.0823675
v 0.5515291 0.2150733 0.0890854
v 0.5544613 0.2189691 0.0676325
v -0.5551375 0.2219869 -0.0609146
v -0.5562654 0.2012879 -0.0535471
v 0.5504012 0.1943743 0.0964529
v -0.5551375 0.2219869 -0.0609146
v 0.5504012 0.1943743 0.0964529
v 0.5515291 0.2150733 0.0890854
v 0.5558208 0.1949056 0.0935335
v 0.5540696 0.1803938 0.0813951
v 1.6607363 0.1723125 -0.0686049
v 0.5558208 0.1949056 0.0935335
v 1.6607363 0.1723125 -0.0686049
v 1.6624875 0.1868243 -0.0564665
v 0.5540696 0.1803938 0.0813951
v 0.5515821 0.1837583 0.0628615
v 1.6582488 0.1756770 -0.0871385
v 0.5540696 0.1803938 0.0813951
v 1.6582488 0.1756770 -0.0871385
v 1.6607363 0.1723125 -0.0686049
v 0.5515821 0.1837583 0.0628615
v 0.5508458 0.2016346 0.0564665
v 1.6575125 0.1935533 -0.0935335
v 0.5515821 0.1837583 0.0628615
v 1.6575125 0.1935533 -0.0935335
v 1.6582488 0.1756770 -0.0871385
v 0.5508458 0.2016346 0.0564665
v 0.5525971 0.2161463 0.0686049
v 1.6592637 0.2080650 -0.0813951
v 0.5508458 0.2016346 0.0564665
v 1.6592637 0.2080650 -0.0813951
v 1.6575125 0.1935533 -0.0935335
v 0.5525971 0.2161463 0.0686049
v 0.5550846 0.2127818 0.0871385
v 1.6617512 0.2047005 -0.0628615
v 0.5525971 0.2161463 0.0686049
v 1.6617512 0.2047005 -0.0628615
v 1.6592637 0.2080650 -0.0813951
v 0.5550846 0.2127818 0.0871385
v 0.5558208 0.1949056 0.0935335
v 1.6624875 0.1868243 -0.0564665
v 0.5550846 0.2127818 0.0871385
v 1.6624875 0.1868243 -0.0564665
v 1.6617512 0.2047005 -0.0628615
v -1.6629321 0.2582879 -0.0535471
v -1.6611279 0.2414847 -0.0676325
v -0.5544613 0.2345711 0.0823675
v -1.6629321 0.2582879 -0.0535471
v -0.5544613 0.2345711 0.0823675
v -0.5562654 0.2513743 0.0964529
v -1.6611279 0.2414847 -0.0676325
v -1.6581958 0.2453805 -0.0890854
v -0.5515291 0.2384669 0.0609146
v -1.6611279 0.2414847 -0.0676325
v -0.5515291 0.2384669 0.0609146
v -0.5544613 0.2345711 0.0823675
v -1.6581958 0.2453805 -0.0890854
v -1.6570679 0.2660795 -0.0964529
v -0.5504012 0.2591659 0.0535471
v -1.6581958 0.2453805 -0.0890854
v -0.5504012 0.2591659 0.0535471
v -0.5515291 0.2384669 0.0609146
v -1.6570679 0.2660795 -0.0964529
v -1.6588721 0.2828827 -0.0823675
v -0.5522054 0.2759691 0.0676325
v -1.6570679 0.2660795 -0.0964529
v -0.5522054 0.2759691 0.0676325
v -0.5504012 0.2591659 0.0535471
v -1.6588721 0.2828827 -0.0823675
v -1.6618042 0.2789869 -0.0609146
v -0.5551375 0.2720733 0.0890854
v -1.6588721 0.2828827 -0.0823675
v -0.5551375 0.2720733 0.0890854
v -0.5522054 0.2759691 0.0676325
v -1.6618042 0.2789869 -0.0609146
v -1.6629321 0.2582879 -0.0535471
v -0.5562654 0.2513743 0.0964529
v -1.6618042 0.2789869 -0.0609146
v -0.5562654 0.2513743 0.0964529
v -0.5551375 0.2720733 0.0890854
v -0.5508458 0.2519056 0.0935335
v -0.5525971 0.2373938 0.0813951
v 0.5540696 0.2293125 -0.0686049
v -0.5508458 0.2519056 0.0935335
v 0.5540696 0.2293125 -0.0686049
v 0.5558208 0.2438243 -0.0564665
v -0.5525971 0.2373938 0.0813951
v -0.5550846 0.2407583 0.0628615
v 0.5515821 0.2326770 -0.0871385
v -0.5525971 0.2373938 0.0813951
v 0.5515821 0.2326770 -0.0871385
v 0.5540696 0.2293125 -0.0686049
v -0.5550846 0.2407583 0.0628615
v -0.5558208 0.2586346 0.0564665
v 0.5508458 0.2505533 -0.0935335
v -0.5550846 0.2407583 0.0628615
v 0.5508458 0.2505533 -0.0935335
v 0.5515821 0.2326770 -0.0871385
v -0.5558208 0.2586346 0.0564665
v -0.5540696 0.2731463 0.0686049
v 0.5525971 0.2650650 -0.0813951
v -0.5558208 0.2586346 0.0564665
v 0.5525971 0.2650650 -0.0813951
v 0.5508458 0.2505533 -0.0935335
v -0.5540696 0.2731463 0.0686049
v -0.5515821 0.2697818 0.0871385
v 0.5550846 0.2617005 -0.0628615
v -0.5540696 0.2731463 0.0686049
v 0.5550846 0.2617005 -0.0628615
v 0.5525971 0.2650650 -0.0813951
v -0.5515821 0.2697818 0.0871385
v -0.5508458 0.2519056 0.0935335
v 0.5558208 0.2438243 -0.0564665
v -0.5515821 0.2697818 0.0871385
v 0.5558208 0.2438243 -0.0564665
v 0.5550846 0.2617005 -0.0628615
v 0.5506176 0.2435585 -0.0550076
v 0.5523695 0.2279007 -0.0681230
v 1.6590362 0.2260817 0.0818770
v 0.5506176 0.2435585 -0.0550076
v 1.6590362 0.2260817 0.0818770
v 1.6572842 0.2417394 0.0949924
v 0.5523695 0.2279007 -0.0681230
v 0.5550853 0.2315310 -0.0881154
v 1.6617520 0.2297119 0.0618846
v 0.5523695 0.2279007 -0.0681230
v 1.6617520 0.2297119 0.0618846
v 1.6590362 0.2260817 0.0818770
v 0.5550853 0.2315310 -0.0881154
v 0.5560491 0.2508190 -0.0949924
v 1.6627158 0.2489999 0.0550076
v 0.5550853 0.2315310 -0.0881154
v 1.6627158 0.2489999 0.0550076
v 1.6617520 0.2297119 0.0618846
v 0.5560491 0.2508190 -0.0949924
v 0.5542972 0.2664768 -0.0818770
v 1.6609638 0.2646577 0.0681230
v 0.5560491 0.2508190 -0.0949924
v 1.6609638 0.2646577 0.0681230
v 1.6627158 0.2489999 0.0550076
v 0.5542972 0.2664768 -0.0818770
v 0.5515814 0.2628466 -0.0618846
v 1.6582480 0.2610275 0.0881154
v 0.5542972 0.2664768 -0.0818770
v 1.6582480 0.2610275 0.0881154
v 1.6609638 0.2646577 0.0681230
v 0.5515814 0.2628466 -0.0618846
v 0.5506176 0.2435585 -0.0550076
v 1.6572842 0.2417394 0.0949924
v 0.5515814 0.2628466 -0.0618846
v 1.6572842 0.2417394 0.0949924
v 1.6582480 0.2610275 0.0881154
v -1.6575125 0.3089056 0.0935335
v -1.6592637 0.2943938 0.0813951
v -0.5525971 0.2863125 -0.0686049
v -1.6575125 0.3089056 0.0935335
v -0.5525971 0.2863125 -0.0686049
v -0.5508458 0.3008243 -0.0564665
v -1.6592637 0.2943938 0.0813951
v -1.6617512 0.2977583 0.0628615
v -0.5550846 0.2896770 -0.0871385
v -1.6592637 0.2943938 0.0813951
v -0.5550846 0.2896770 -0.0871385
v -0.5525971 0.2863125 -0.0686049
v -1.6617512 0.2977583 0.0628615
v -1.6624875 0.3156346 0.0564665
v -0.5558208 0.3075533 -0.0935335
v -1.6617512 0.2977583 0.0628615
v -0.5558208 0.3075533 -0.0935335
v -0.5550846 0.2896770 -0.0871385
v -1.6624875 0.3156346 0.0564665
v -1.6607363 0.3301463 0.0686049
v -0.5540696 0.3220650 -0.0813951
v -1.6624875 0.3156346 0.0564665
v -0.5540696 0.3220650 -0.0813951
v -0.5558208 0.3075533 -0.0935335
v -1.6607363 0.3301463 0.0686049
v -1.6582488 0.3267818 0.0871385
v -0.5515821 0.3187005 -0.0628615
v -1.6607363 0.3301463 0.0686049
v -0.5515821 0.3187005 -0.0628615
v -0.5540696 0.3220650 -0.0813951
v -1.6582488 0.3267818 0.0871385
v -1.6575125 0.3089056 0.0935335
v -0.5508458 0.3008243 -0.0564665
v -1.6582488 0.3267818 0.0871385
v -0.5508458 0.3008243 -0.0564665
v -0.5515821 0.3187005 -0.0628615
v -0.5560491 0.3005585 -0.0550076
v -0.5542972 0.2849007 -0.0681230
v 0.5523695 0.2830817 0.0818770
v -0.5560491 0.3005585 -0.0550076
v 0.5523695 0.2830817 0.0818770
v 0.5506176 0.2987394 0.0949924
v -0.5542972 0.2849007 -0.0681230
v -0.5515814 0.2885310 -0.0881154
v 0.5550853 0.2867119 0.0618846
v -0.5542972 0.2849007 -0.0681230
v 0.5550853 0.2867119 0.0618846
v 0.5523695 0.2830817 0.0818770
v -0.5515814 0.2885310 -0.0881154
v -0.5506176 0.3078190 -0.0949924
v 0.5560491 0.3059999 0.0550076
v -0.5515814 0.2885310 -0.0881154
v 0.5560491 0.3059999 0.0550076
v 0.5550853 0.2867119 0.0618846
v -0.5506176 0.3078190 -0.0949924
v -0.5523695 0.3234768 -0.0818770
v 0.5542972 0.3216577 0.0681230
v -0.5506176 0.3078190 -0.0949924
v 0.5542972 0.3216577 0.0681230
v 0.5560491 0.3059999 0.0550076
v -0.5523695 0.3234768 -0.0818770
v -0.5550853 0.3198466 -0.0618846
v 0.5515814 0.3180275 0.0881154
v -0.5523695 0.3234768 -0.0818770
v 0.5515814 0.3180275 0.0881154
v 0.5542972 0.3216577 0.0681230
v -0.5550853 0.3198466 -0.0618846
v -0.5560491 0.3005585 -0.0550076
v 0.5506176 0.2987394 0.0949924
v -0.5550853 0.3198466 -0.0618846
v 0.5506176 0.2987394 0.0949924
v 0.5515814 0.3180275 0.0881154
v 0.5562627 0.2984739 0.0964532
v 0.5544466 0.2816706 0.0823695
v 1.6611133 0.2877862 -0.0676305
v 0.5562627 0.2984739 0.0964532
v 1.6611133 0.2877862 -0.0676305
v 1.6629293 0.3045895 -0.0535468
v 0.5544466 0.2816706 0.0823695
v 0.5515172 0.2855664 0.0609162
v 1.6581839 0.2916820 -0.0890838
v 0.5544466 0.2816706 0.0823695
v 1.6581839 0.2916820 -0.0890838
v 1.6611133 0.2877862 -0.0676305
v 0.5515172 0.2855664 0.0609162
v 0.5504040 0.3062655 0.0535468
v 1.6570707 0.3123811 -0.0964532
v 0.5515172 0.2855664 0.0609162
v 1.6570707 0.3123811 -0.0964532
v 1.6581839 0.2916820 -0.0890838
v 0.5504040 0.3062655 0.0535468
v 0.5522201 0.3230687 0.0676305
v 1.6588867 0.3291843 -0.0823695
v 0.5504040 0.3062655 0.0535468
v 1.6588867 0.3291843 -0.0823695
v 1.6570707 0.3123811 -0.0964532
v 0.5522201 0.3230687 0.0676305
v 0.5551494 0.3191729 0.0890838
v 1.6618161 0.3252885 -0.0609162
v 0.5522201 0.3230687 0.0676305
v 1.6618161 0.3252885 -0.0609162
v 1.6588867 0.3291843 -0.0823695
v 0.5551494 0.3191729 0.0890838
v 0.5562627 0.2984739 0.0964532
v 1.6629293 0.3045895 -0.0535468
v 0.5551494 0.3191729 0.0890838
v 1.6629293 0.3045895 -0.0535468
v 1.6618161 0.3252885 -0.0609162
v -1.6627158 0.3575585 -0.0550076
v -1.6609638 0.3419007 -0.0681230
v -0.5542972 0.3400817 0.0818770
v -1.6627158 0.3575585 -0.0550076
v -0.5542972 0.3400817 0.0818770
v -0.5560491 0.3557394 0.0949924
v -1.6609638 0.3419007 -0.0681230
v -1.6582480 0.3455310 -0.0881154
v -0.5515814 0.3437119 0.0618846
v -1.6609638 0.3419007 -0.0681230
v -0.5515814 0.3437119 0.0618846
v -0.5542972 0.3400817 0.0818770
v -1.6582480 0.3455310 -0.0881154
v -1.6572842 0.3648190 -0.0949924
v -0.5506176 0.3629999 0.0550076
v -1.6582480 0.3455310 -0.0881154
v -0.5506176 0.3629999 0.0550076
v -0.5515814 0.3437119 0.0618846
v -1.6572842 0.3648190 -0.0949924
v -1.6590362 0.3804768 -0.0818770
v -0.5523695 0.3786577 0.0681230
v -1.6572842 0.3648190 -0.0949924
v -0.5523695 0.3786577 0.0681230
v -0.5506176 0.3629999 0.0550076
v -1.6590362 0.3804768 -0.0818770
v -1.6617520 0.3768466 -0.0618846
v -0.5550853 0.3750275 0.0881154
v -1.6590362 0.3804768 -0.0818770
v -0.5550853 0.3750275 0.0881154
v -0.5523695 0.3786577 0.0681230
v -1.6617520 0.3768466 -0.0618846
v -1.6627158 0.3575585 -0.0550076
v -0.5560491 0.3557394 0.0949924
v -1.6617520 0.3768466 -0.0618846
v -0.5560491 0.3557394 0.0949924
v -0.5550853 0.3750275 0.0881154
v -0.5504040 0.3554739 0.0964532
v -0.5522201 0.3386706 0.0823695
v 0.5544466 0.3447862 -0.0676305
v -0.5504040 0.3554739 0.0964532
v 0.5544466 0.3447862 -0.0676305
v 0.5562627 0.3615895 -0.0535468
v -0.5522201 0.3386706 0.0823695
v -0.5551494 0.3425664 0.0609162
v 0.5515172 0.3486820 -0.0890838
v -0.5522201 0.3386706 0.0823695
v 0.5515172 0.3486820 -0.0890838
v 0.5544466 0.3447862 -0.0676305
v -0.5551494 0.3425664 0.0609162
v -0.5562627 0.3632655 0.0535468
v 0.5504040 0.3693811 -0.0964532
v -0.5551494 0.3425664 0.0609162
v 0.5504040 0.3693811 -0.0964532
v 0.5515172 0.3486820 -0.0890838
v -0.5562627 0.3632655 0.0535468
v -0.5544466 0.3800687 0.0676305
v 0.5522201 0.3861843 -0.0823695
v -0.5562627 0.3632655 0.0535468
v 0.5522201 0.3861843 -0.0823695
v 0.5504040 0.3693811 -0.0964532
v -0.5544466 0.3800687 0.0676305
v -0.5515172 0.3761729 0.0890838
v 0.5551494 0.3822885 -0.0609162
v -0.5544466 0.3800687 0.0676305
v 0.5551494 0.3822885 -0.0609162
v 0.5522201 0.3861843 -0.0823695
v -0.5515172 0.3761729 0.0890838
v -0.5504040 0.3554739 0.0964532
v 0.5562627 0.3615895 -0.0535468
v -0.5515172 0.3761729 0.0890838
v 0.5562627 0.3615895 -0.0535468
v 0.5551494 0.3822885 -0.0609162
v 0.5508469 0.3621207 -0.0564663
v 0.5526026 0.3476090 -0.0686042
v 1.6592692 0.3560367 0.0813958
v 0.5508469 0.3621207 -0.0564663
v 1.6592692 0.3560367 0.0813958
v 1.6575135 0.3705484 0.0935337
v 0.5526026 0.3476090 -0.0686042
v 0.5550890 0.3509735 -0.0871379
v 1.6617557 0.3594012 0.0628621
v 0.5526026 0.3476090 -0.0686042
v 1.6617557 0.3594012 0.0628621
v 1.6592692 0.3560367 0.0813958
v 0.5550890 0.3509735 -0.0871379
v 0.5558198 0.3688498 -0.0935337
v 1.6624865 0.3772774 0.0564663
v 0.5550890 0.3509735 -0.0871379
v 1.6624865 0.3772774 0.0564663
v 1.6617557 0.3594012 0.0628621
v 0.5558198 0.3688498 -0.0935337
v 0.5540641 0.3833615 -0.0813958
v 1.6607308 0.3917891 0.0686042
v 0.5558198 0.3688498 -0.0935337
v 1.6607308 0.3917891 0.0686042
v 1.6624865 0.3772774 0.0564663
v 0.5540641 0.3833615 -0.0813958
v 0.5515776 0.3799970 -0.0628621
v 1.6582443 0.3884246 0.0871379
v 0.5540641 0.3833615 -0.0813958
v 1.6582443 0.3884246 0.0871379
v 1.6607308 0.3917891 0.0686042
v 0.5515776 0.3799970 -0.0628621
v 0.5508469 0.3621207 -0.0564663
v 1.6575135 0.3705484 0.0935337
v 0.5515776 0.3799970 -0.0628621
v 1.6575135 0.3705484 0.0935337
v 1.6582443 0.3884246 0.0871379
v -1.6570707 0.4124739 0.0964532
v -1.6588867 0.3956706 0.0823695
v -0.5522201 0.4017862 -0.0676305
v -1.6570707 0.4124739 0.0964532
v -0.5522201 0.4017862 -0.0676305
v -0.5504040 0.4185895 -0.0535468
v -1.6588867 0.3956706 0.0823695
v -1.6618161 0.3995664 0.0609162
v -0.5551494 0.4056820 -0.0890838
v -1.6588867 0.3956706 0.0823695
v -0.5551494 0.4056820 -0.0890838
v -0.5522201 0.4017862 -0.0676305
v -1.6618161 0.3995664 0.0609162
v -1.6629293 0.4202655 0.0535468
v -0.5562627 0.4263811 -0.0964532
v -1.6618161 0.3995664 0.0609162
v -0.5562627 0.4263811 -0.0964532
v -0.5551494 0.4056820 -0.0890838
v -1.6629293 0.4202655 0.0535468
v -1.6611133 0.4370687 0.0676305
v -0.5544466 0.4431843 -0.0823695
v -1.6629293 0.4202655 0.0535468
v -0.5544466 0.4431843 -0.0823695
v -0.5562627 0.4263811 -0.0964532
v -1.6611133 0.4370687 0.0676305
v -1.6581839 0.4331729 0.0890838
v -0.5515172 0.4392885 -0.0609162
v -1.6611133 0.4370687 0.0676305
v -0.5515172 0.4392885 -0.0609162
v -0.5544466 0.4431843 -0.0823695
v -1.6581839 0.4331729 0.0890838
v -1.6570707 0.4124739 0.0964532
v -0.5504040 0.4185895 -0.0535468
v -1.6581839 0.4331729 0.0890838
v -0.5504040 0.4185895 -0.0535468
v -0.5515172 0.4392885 -0.0609162
v -0.5558198 0.4191207 -0.0564663
v -0.5540641 0.4046090 -0.0686042
v 0.5526026 0.4130367 0.0813958
v -0.5558198 0.4191207 -0.0564663
v 0.5526026 0.4130367 0.0813958
v 0.5508469 0.4275484 0.0935337
v -0.5540641 0.4046090 -0.0686042
v -0.5515776 0.4079735 -0.0871379
v 0.5550890 0.4164012 0.0628621
v -0.5540641 0.4046090 -0.0686042
v 0.5550890 0.4164012 0.0628621
v 0.5526026 0.4130367 0.0813958
v -0.5515776 0.4079735 -0.0871379
v -0.5508469 0.4258498 -0.0935337
v 0.5558198 0.4342774 0.0564663
v -0.5515776 0.4079735 -0.0871379
v 0.5558198 0.4342774 0.0564663
v 0.5550890 0.4164012 0.0628621
v -0.5508469 0.4258498 -0.0935337
v -0.5526026 0.4403615 -0.0813958
v 0.5540641 0.4487891 0.0686042
v -0.5508469 0.4258498 -0.0935337
v 0.5540641 0.4487891 0.0686042
v 0.5558198 0.4342774 0.0564663
v -0.5526026 0.4403615 -0.0813958
v -0.5550890 0.4369970 -0.0628621
v 0.5515776 0.4454246 0.0871379
v -0.5526026 0.4403615 -0.0813958
v 0.5515776 0.4454246 0.0871379
v 0.5540641 0.4487891 0.0686042
v -0.5550890 0.4369970 -0.0628621
v -0.5558198 0.4191207 -0.0564663
v 0.5508469 0.4275484 0.0935337
v -0.5550890 0.4369970 -0.0628621
v 0.5508469 0.4275484 0.0935337
v 0.5515776 0.4454246 0.0871379
v 0.5560529 0.4272827 0.0949919
v 0.5543172 0.4116249 0.0818743
v 1.6609839 0.4146162 -0.0681257
v 0.5560529 0.4272827 0.0949919
v 1.6609839 0.4146162 -0.0681257
v 1.6627196 0.4302740 -0.0550081
v 0.5543172 0.4116249 0.0818743
v 0.5515977 0.4152551 0.0618824
v 1.6582643 0.4182465 -0.0881176
v 0.5543172 0.4116249 0.0818743
v 1.6582643 0.4182465 -0.0881176
v 1.6609839 0.4146162 -0.0681257
v 0.5515977 0.4152551 0.0618824
v 0.5506138 0.4345431 0.0550081
v 1.6572804 0.4375344 -0.0949919
v 0.5515977 0.4152551 0.0618824
v 1.6572804 0.4375344 -0.0949919
v 1.6582643 0.4182465 -0.0881176
v 0.5506138 0.4345431 0.0550081
v 0.5523494 0.4502009 0.0681257
v 1.6590161 0.4531922 -0.0818743
v 0.5506138 0.4345431 0.0550081
v 1.6590161 0.4531922 -0.0818743
v 1.6572804 0.4375344 -0.0949919
v 0.5523494 0.4502009 0.0681257
v 0.5550690 0.4465706 0.0881176
v 1.6617357 0.4495620 -0.0618824
v 0.5523494 0.4502009 0.0681257
v 1.6617357 0.4495620 -0.0618824
v 1.6590161 0.4531922 -0.0818743
v 0.5550690 0.4465706 0.0881176
v 0.5560529 0.4272827 0.0949919
v 1.6627196 0.4302740 -0.0550081
v 0.5550690 0.4465706 0.0881176
v 1.6627196 0.4302740 -0.0550081
v 1.6617357 0.4495620 -0.0618824
v -1.6624865 0.4761207 -0.0564663
v -1.6607308 0.4616090 -0.0686042
v -0.5540641 0.4700367 0.0813958
v -1.6624865 0.4761207 -0.0564663
v -0.5540641 0.4700367 0.0813958
v -0.5558198 0.4845484 0.0935337
v -1.6607308 0.4616090 -0.0686042
v -1.6582443 0.4649735 -0.0871379
v -0.5515776 0.4734012 0.0628621
v -1.6607308 0.4616090 -0.0686042
v -0.5515776 0.4734012 0.0628621
v -0.5540641 0.4700367 0.0813958
v -1.6582443 0.4649735 -0.0871379
v -1.6575135 0.4828498 -0.0935337
v -0.5508469 0.4912774 0.0564663
v -1.6582443 0.4649735 -0.0871379
v -0.5508469 0.4912774 0.0564663
v -0.5515776 0.4734012 0.0628621
v -1.6575135 0.4828498 -0.0935337
v -1.6592692 0.4973615 -0.0813958
v -0.5526026 0.5057891 0.0686042
v -1.6575135 0.4828498 -0.0935337
v -0.5526026 0.5057891 0.0686042
v -0.5508469 0.4912774 0.0564663
v -1.6592692 0.4973615 -0.0813958
v -1.6617557 0.4939970 -0.0628621
v -0.5550890 0.5024246 0.0871379
v -1.6592692 0.4973615 -0.0813958
v -0.5550890 0.5024246 0.0871379
v -0.5526026 0.5057891 0.0686042
v -1.6617557 0.4939970 -0.0628621
v -1.6624865 0.4761207 -0.0564663
v -0.5558198 0.4845484 0.0935337
v -1.6617557 0.4939970 -0.0628621
v -0.5558198 0.4845484 0.0935337
v -0.5550890 0.5024246 0.0871379
v -0.5506138 0.4842827 0.0949919
v -0.5523494 0.4686249 0.0818743
v 0.5543172 0.4716162 -0.0681257
v -0.5506138 0.4842827 0.0949919
v 0.5543172 0.4716162 -0.0681257
v 0.5560529 0.4872740 -0.0550081
v -0.5523494 0.4686249 0.0818743
v -0.5550690 0.4722551 0.0618824
v 0.5515977 0.4752465 -0.0881176
v -0.5523494 0.4686249 0.0818743
v 0.5515977 0.4752465 -0.0881176
v 0.5543172 0.4716162 -0.0681257
v -0.5550690 0.4722551 0.0618824
v -0.5560529 0.4915431 0.0550081
v 0.5506138 0.4945344 -0.0949919
v -0.5550690 0.4722551 0.0618824
v 0.5506138 0.4945344 -0.0949919
v 0.5515977 0.4752465 -0.0881176
v -0.5560529 0.4915431 0.0550081
v -0.5543172 0.5072009 0.0681257
v 0.5523494 0.5101922 -0.0818743
v -0.5560529 0.4915431 0.0550081
v 0.5523494 0.5101922 -0.0818743
v 0.5506138 0.4945344 -0.0949919
v -0.5543172 0.5072009 0.0681257
v -0.5515977 0.5035706 0.0881176
v 0.5550690 0.5065620 -0.0618824
v -0.5543172 0.5072009 0.0681257
v 0.5550690 0.5065620 -0.0618824
v 0.5523494 0.5101922 -0.0818743
v -0.5515977 0.5035706 0.0881176
v -0.5506138 0.4842827 0.0949919
v 0.5560529 0.4872740 -0.0550081
v -0.5515977 0.5035706 0.0881176
v 0.5560529 0.4872740 -0.0550081
v 0.5550690 0.5065620 -0.0618824
v 0.5504072 0.4870084 -0.0535463
v 0.5522370 0.4702051 -0.0676282
v 1.6589036 0.4650099 0.0823718
v 0.5504072 0.4870084 -0.0535463
v 1.6589036 0.4650099 0.0823718
v 1.6570738 0.4818132 0.0964537
v 0.5522370 0.4702051 -0.0676282
v 0.5551631 0.4741009 -0.0890819
v 1.6618298 0.4689057 0.0609181
v 0.5522370 0.4702051 -0.0676282
v 1.6618298 0.4689057 0.0609181
v 1.6589036 0.4650099 0.0823718
v 0.5551631 0.4741009 -0.0890819
v 0.5562595 0.4948000 -0.0964537
v 1.6629262 0.4896049 0.0535463
v 0.5551631 0.4741009 -0.0890819
v 1.6629262 0.4896049 0.0535463
v 1.6618298 0.4689057 0.0609181
v 0.5562595 0.4948000 -0.0964537
v 0.5544297 0.5116034 -0.0823718
v 1.6610964 0.5064082 0.0676282
v 0.5562595 0.4948000 -0.0964537
v 1.6610964 0.5064082 0.0676282
v 1.6629262 0.4896049 0.0535463
v 0.5544297 0.5116034 -0.0823718
v 0.5515035 0.5077076 -0.0609181
v 1.6581702 0.5025124 0.0890819
v 0.5544297 0.5116034 -0.0823718
v 1.6581702 0.5025124 0.0890819
v 1.6610964 0.5064082 0.0676282
v 0.5515035 0.5077076 -0.0609181
v 0.5504072 0.4870084 -0.0535463
v 1.6570738 0.4818132 0.0964537
v 0.5515035 0.5077076 -0.0609181
v 1.6570738 0.4818132 0.0964537
v 1.6581702 0.5025124 0.0890819
v -1.6572804 0.5412827 0.0949919
v -1.6590161 0.5256249 0.0818743
v -0.5523494 0.5286162 -0.0681257
v -1.6572804 0.5412827 0.0949919
v -0.5523494 0.5286162 -0.0681257
v -0.5506138 0.5442740 -0.0550081
v -1.6590161 0.5256249 0.0818743
v -1.6617357 0.5292551 0.0618824
v -0.5550690 0.5322465 -0.0881176
v -1.6590161 0.5256249 0.0818743
v -0.5550690 0.5322465 -0.0881176
v -0.5523494 0.5286162 -0.0681257
v -1.6617357 0.5292551 0.0618824
v -1.6627196 0.5485431 0.0550081
v -0.5560529 0.5515344 -0.0949919
v -1.6617357 0.5292551 0.0618824
v -0.5560529 0.5515344 -0.0949919
v -0.5550690 0.5322465 -0.0881176
v -1.6627196 0.5485431 0.0550081
v -1.6609839 0.5642009 0.0681257
v -0.5543172 0.5671922 -0.0818743
v -1.6627196 0.5485431 0.0550081
v -0.5543172 0.5671922 -0.0818743
v -0.5560529 0.5515344 -0.0949919
v -1.6609839 0.5642009 0.0681257
v -1.6582643 0.5605706 0.0881176
v -0.5515977 0.5635620 -0.0618824
v -1.6609839 0.5642009 0.0681257
v -0.5515977 0.5635620 -0.0618824
v -0.5543172 0.5671922 -0.0818743
v -1.6582643 0.5605706 0.0881176
v -1.6572804 0.5412827 0.0949919
v -0.5506138 0.5442740 -0.0550081
v -1.6582643 0.5605706 0.0881176
v -0.5506138 0.5442740 -0.0550081
v -0.5515977 0.5635620 -0.0618824
v -0.5562595 0.5440084 -0.0535463
v -0.5544297 0.5272051 -0.0676282
v 0.5522370 0.5220099 0.0823718
v -0.5562595 0.5440084 -0.0535463
v 0.5522370 0.5220099 0.0823718
v 0.5504072 0.5388132 0.0964537
v -0.5544297 0.5272051 -0.0676282
v -0.5515035 0.5311009 -0.0890819
v 0.5551631 0.5259057 0.0609181
v -0.5544297 0.5272051 -0.0676282
v 0.5551631 0.5259057 0.0609181
v 0.5522370 0.5220099 0.0823718
v -0.5515035 0.5311009 -0.0890819
v -0.5504072 0.5518000 -0.0964537
v 0.5562595 0.5466049 0.0535463
v -0.5515035 0.5311009 -0.0890819
v 0.5562595 0.5466049 0.0535463
v 0.5551631 0.5259057 0.0609181
v -0.5504072 0.5518000 -0.0964537
v -0.5522370 0.5686034 -0.0823718
v 0.5544297 0.5634082 0.0676282
v -0.5504072 0.5518000 -0.0964537
v 0.5544297 0.5634082 0.0676282
v 0.5562595 0.5466049 0.0535463
v -0.5522370 0.5686034 -0.0823718
v -0.5551631 0.5647076 -0.0609181
v 0.5515035 0.5595124 0.0890819
v -0.5522370 0.5686034 -0.0823718
v 0.5515035 0.5595124 0.0890819
v 0.5544297 0.5634082 0.0676282
v -0.5551631 0.5647076 -0.0609181
v -0.5562595 0.5440084 -0.0535463
v 0.5504072 0.5388132 0.0964537
v -0.5551631 0.5647076 -0.0609181
v 0.5504072 0.5388132 0.0964537
v 0.5515035 0.5595124 0.0890819
v 0.5558193 0.5393446 0.0935338
v 0.5540613 0.5248329 0.0813962
v 1.6607280 0.5162276 -0.0686038
v 0.5558193 0.5393446 0.0935338
v 1.6607280 0.5162276 -0.0686038
v 1.6624859 0.5307393 -0.0564662
v 0.5540613 0.5248329 0.0813962
v 0.5515753 0.5281974 0.0628624
v 1.6582420 0.5195921 -0.0871376
v 0.5540613 0.5248329 0.0813962
v 1.6582420 0.5195921 -0.0871376
v 1.6607280 0.5162276 -0.0686038
v 0.5515753 0.5281974 0.0628624
v 0.5508474 0.5460736 0.0564662
v 1.6575141 0.5374683 -0.0935338
v 0.5515753 0.5281974 0.0628624
v 1.6575141 0.5374683 -0.0935338
v 1.6582420 0.5195921 -0.0871376
v 0.5508474 0.5460736 0.0564662
v 0.5526054 0.5605853 0.0686038
v 1.6592720 0.5519800 -0.0813962
v 0.5508474 0.5460736 0.0564662
v 1.6592720 0.5519800 -0.0813962
v 1.6575141 0.5374683 -0.0935338
v 0.5526054 0.5605853 0.0686038
v 0.5550913 0.5572208 0.0871376
v 1.6617580 0.5486155 -0.0628624
v 0.5526054 0.5605853 0.0686038
v 1.6617580 0.5486155 -0.0628624
v 1.6592720 0.5519800 -0.0813962
v 0.5550913 0.5572208 0.0871376
v 0.5558193 0.5393446 0.0935338
v 1.6624859 0.5307393 -0.0564662
v 0.5550913 0.5572208 0.0871376
v 1.6624859 0.5307393 -0.0564662
v 1.6617580 0.5486155 -0.0628624
v -1.6629262 0.6010084 -0.0535463
v -1.6610964 0.5842051 -0.0676282
v -0.5544297 0.5790099 0.0823718
v -1.6629262 0.6010084 -0.0535463
v -0.5544297 0.5790099 0.0823718
v -0.5562595 0.5958132 0.0964537
v -1.6610964 0.5842051 -0.0676282
v -1.6581702 0.5881009 -0.0890819
v -0.5515035 0.5829057 0.0609181
v -1.6610964 0.5842051 -0.0676282
v -0.5515035 0.5829057 0.0609181
v -0.5544297 0.5790099 0.0823718
v -1.6581702 0.5881009 -0.0890819
v -1.6570738 0.6088000 -0.0964537
v -0.5504072 0.6036049 0.0535463
v -1.6581702 0.5881009 -0.0890819
v -0.5504072 0.6036049 0.0535463
v -0.5515035 0.5829057 0.0609181
v -1.6570738 0.6088000 -0.0964537
v -1.6589036 0.6256034 -0.0823718
v -0.5522370 0.6204082 0.0676282
v -1.6570738 0.6088000 -0.0964537
v -0.5522370 0.6204082 0.0676282
v -0.5504072 0.6036049 0.0535463
v -1.6589036 0.6256034 -0.0823718
v -1.6618298 0.6217076 -0.0609181
v -0.5551631 0.6165124 0.0890819
v -1.6589036 0.6256034 -0.0823718
v -0.5551631 0.6165124 0.0890819
v -0.5522370 0.6204082 0.0676282
v -1.6618298 0.6217076 -0.0609181
v -1.6629262 0.6010084 -0.0535463
v -0.5562595 0.5958132 0.0964537
v -1.6618298 0.6217076 -0.0609181
v -0.5562595 0.5958132 0.0964537
v -0.5551631 0.6165124 0.0890819
v -0.5508474 0.5963446 0.0935338
v -0.5526054 0.5818329 0.0813962
v 0.5540613 0.5732276 -0.0686038
v -0.5508474 0.5963446 0.0935338
v 0.5540613 0.5732276 -0.0686038
v 0.5558193 0.5877393 -0.0564662
v -0.5526054 0.5818329 0.0813962
v -0.5550913 0.5851974 0.0628624
v 0.5515753 0.5765921 -0.0871376
v -0.5526054 0.5818329 0.0813962
v 0.5515753 0.5765921 -0.0871376
v 0.5540613 0.5732276 -0.0686038
v -0.5550913 0.5851974 0.0628624
v -0.5558193 0.6030736 0.0564662
v 0.5508474 0.5944683 -0.0935338
v -0.5550913 0.5851974 0.0628624
v 0.5508474 0.5944683 -0.0935338
v 0.5515753 0.5765921 -0.0871376
v -0.5558193 0.6030736 0.0564662
v -0.5540613 0.6175853 0.0686038
v 0.5526054 0.6089800 -0.0813962
v -0.5558193 0.6030736 0.0564662
v 0.5526054 0.6089800 -0.0813962
v 0.5508474 0.5944683 -0.0935338
v -0.5540613 0.6175853 0.0686038
v -0.5515753 0.6142208 0.0871376
v 0.5550913 0.6056155 -0.0628624
v -0.5540613 0.6175853 0.0686038
v 0.5550913 0.6056155 -0.0628624
v 0.5526054 0.6089800 -0.0813962
v -0.5515753 0.6142208 0.0871376
v -0.5508474 0.5963446 0.0935338
v 0.5558193 0.5877393 -0.0564662
v -0.5515753 0.6142208 0.0871376
v 0.5558193 0.5877393 -0.0564662
v 0.5550913 0.6056155 -0.0628624
v 0.5506102 0.5874736 -0.0550086
v 0.5523304 0.5718159 -0.0681283
v 1.6589971 0.5677122 0.0818717
v 0.5506102 0.5874736 -0.0550086
v 1.6589971 0.5677122 0.0818717
v 1.6572769 0.5833699 0.0949914
v 0.5523304 0.5718159 -0.0681283
v 0.5550535 0.5754461 -0.0881197
v 1.6617202 0.5713424 0.0618803
v 0.5523304 0.5718159 -0.0681283
v 1.6617202 0.5713424 0.0618803
v 1.6589971 0.5677122 0.0818717
v 0.5550535 0.5754461 -0.0881197
v 0.5560565 0.5947340 -0.0949914
v 1.6627231 0.5906303 0.0550086
v 0.5550535 0.5754461 -0.0881197
v 1.6627231 0.5906303 0.0550086
v 1.6617202 0.5713424 0.0618803
v 0.5560565 0.5947340 -0.0949914
v 0.5543363 0.6103917 -0.0818717
v 1.6610029 0.6062880 0.0681283
v 0.5560565 0.5947340 -0.0949914
v 1.6610029 0.6062880 0.0681283
v 1.6627231 0.5906303 0.0550086
v 0.5543363 0.6103917 -0.0818717
v 0.5516131 0.6067615 -0.0618803
v 1.6582798 0.6026578 0.0881197
v 0.5543363 0.6103917 -0.0818717
v 1.6582798 0.6026578 0.0881197
v 1.6610029 0.6062880 0.0681283
v 0.5516131 0.6067615 -0.0618803
v 0.5506102 0.5874736 -0.0550086
v 1.6572769 0.5833699 0.0949914
v 0.5516131 0.6067615 -0.0618803
v 1.6572769 0.5833699 0.0949914
v 1.6582798 0.6026578 0.0881197
v -1.6575141 0.6533446 0.0935338
v -1.6592720 0.6388329 0.0813962
v -0.5526054 0.6302276 -0.0686038
v -1.6575141 0.6533446 0.0935338
v -0.5526054 0.6302276 -0.0686038
v -0.5508474 0.6447393 -0.0564662
v -1.6592720 0.6388329 0.0813962
v -1.6617580 0.6421974 0.0628624
v -0.5550913 0.6335921 -0.0871376
v -1.6592720 0.6388329 0.0813962
v -0.5550913 0.6335921 -0.0871376
v -0.5526054 0.6302276 -0.0686038
v -1.6617580 0.6421974 0.0628624
v -1.6624859 0.6600736 0.0564662
v -0.5558193 0.6514683 -0.0935338
v -1.6617580 0.6421974 0.0628624
v -0.5558193 0.6514683 -0.0935338
v -0.5550913 0.6335921 -0.0871376
v -1.6624859 0.6600736 0.0564662
v -1.6607280 0.6745853 0.0686038
v -0.5540613 0.6659800 -0.0813962
v -1.6624859 0.6600736 0.0564662
v -0.5540613 0.6659800 -0.0813962
v -0.5558193 0.6514683 -0.0935338
v -1.6607280 0.6745853 0.0686038
v -1.6582420 0.6712208 0.0871376
v -0.5515753 0.6626155 -0.0628624
v -1.6607280 0.6745853 0.0686038
v -0.5515753 0.6626155 -0.0628624
v -0.5540613 0.6659800 -0.0813962
v -1.6582420 0.6712208 0.0871376
v -1.6575141 0.6533446 0.0935338
v -0.5508474 0.6447393 -0.0564662
v -1.6582420 0.6712208 0.0871376
v -0.5508474 0.6447393 -0.0564662
v -0.5515753 0.6626155 -0.0628624
v -0.5560565 0.6444736 -0.0550086
v -0.5543363 0.6288159 -0.0681283
v 0.5523304 0.6247122 0.0818717
v -0.5560565 0.6444736 -0.0550086
v 0.5523304 0.6247122 0.0818717
v 0.5506102 0.6403699 0.0949914
v -0.5543363 0.6288159 -0.0681283
v -0.5516131 0.6324461 -0.0881197
v 0.5550535 0.6283424 0.0618803
v -0.5543363 0.6288159 -0.0681283
v 0.5550535 0.6283424 0.0618803
v 0.5523304 0.6247122 0.0818717
v -0.5516131 0.6324461 -0.0881197
v -0.5506102 0.6517340 -0.0949914
v 0.5560565 0.6476303 0.0550086
v -0.5516131 0.6324461 -0.0881197
v 0.5560565 0.6476303 0.0550086
v 0.5550535 0.6283424 0.0618803
v -0.5506102 0.6517340 -0.0949914
v -0.5523304 0.6673917 -0.0818717
v 0.5543363 0.6632880 0.0681283
v -0.5506102 0.6517340 -0.0949914
v 0.5543363 0.6632880 0.0681283
v 0.5560565 0.6476303 0.0550086
v -0.5523304 0.6673917 -0.0818717
v -0.5550535 0.6637615 -0.0618803
v 0.5516131 0.6596578 0.0881197
v -0.5523304 0.6673917 -0.0818717
v 0.5516131 0.6596578 0.0881197
v 0.5543363 0.6632880 0.0681283
v -0.5550535 0.6637615 -0.0618803
v -0.5560565 0.6444736 -0.0550086
v 0.5506102 0.6403699 0.0949914
v -0.5550535 0.6637615 -0.0618803
v 0.5506102 0.6403699 0.0949914
v 0.5516131 0.6596578 0.0881197
v 0.5562560 0.6401043 0.0964542
v 0.5544109 0.6233009 0.0823743
v 1.6610775 0.6274716 -0.0676257
v 0.5562560 0.6401043 0.0964542
v 1.6610775 0.6274716 -0.0676257
v 1.6629226 0.6442750 -0.0535458
v 0.5544109 0.6233009 0.0823743
v 0.5514883 0.6271967 0.0609202
v 1.6581549 0.6313674 -0.0890798
v 0.5544109 0.6233009 0.0823743
v 1.6581549 0.6313674 -0.0890798
v 1.6610775 0.6274716 -0.0676257
v 0.5514883 0.6271967 0.0609202
v 0.5504107 0.6478959 0.0535458
v 1.6570774 0.6520667 -0.0964542
v 0.5514883 0.6271967 0.0609202
v 1.6570774 0.6520667 -0.0964542
v 1.6581549 0.6313674 -0.0890798
v 0.5504107 0.6478959 0.0535458
v 0.5522558 0.6646993 0.0676257
v 1.6589225 0.6688701 -0.0823743
v 0.5504107 0.6478959 0.0535458
v 1.6589225 0.6688701 -0.0823743
v 1.6570774 0.6520667 -0.0964542
v 0.5522558 0.6646993 0.0676257
v 0.5551784 0.6608035 0.0890798
v 1.6618451 0.6649742 -0.0609202
v 0.5522558 0.6646993 0.0676257
v 1.6618451 0.6649742 -0.0609202
v 1.6589225 0.6688701 -0.0823743
v 0.5551784 0.6608035 0.0890798
v 0.5562560 0.6401043 0.0964542
v 1.6629226 0.6442750 -0.0535458
v 0.5551784 0.6608035 0.0890798
v 1.6629226 0.6442750 -0.0535458
v 1.6618451 0.6649742 -0.0609202
v -1.6627231 0.7014736 -0.0550086
v -1.6610029 0.6858159 -0.0681283
v -0.5543363 0.6817122 0.0818717
v -1.6627231 0.7014736 -0.0550086
v -0.5543363 0.6817122 0.0818717
v -0.5560565 0.6973699 0.0949914
v -1.6610029 0.6858159 -0.0681283
v -1.6582798 0.6894461 -0.0881197
v -0.5516131 0.6853424 0.0618803
v -1.6610029 0.6858159 -0.0681283
v -0.5516131 0.6853424 0.0618803
v -0.5543363 0.6817122 0.0818717
v -1.6582798 0.6894461 -0.0881197
v -1.6572769 0.7087340 -0.0949914
v -0.5506102 0.7046303 0.0550086
v -1.6582798 0.6894461 -0.0881197
v -0.5506102 0.7046303 0.0550086
v -0.5516131 0.6853424 0.0618803
v -1.6572769 0.7087340 -0.0949914
v -1.6589971 0.7243917 -0.0818717
v -0.5523304 0.7202880 0.0681283
v -1.6572769 0.7087340 -0.0949914
v -0.5523304 0.7202880 0.0681283
v -0.5506102 0.7046303 0.0550086
v -1.6589971 0.7243917 -0.0818717
v -1.6617202 0.7207615 -0.0618803
v -0.5550535 0.7166578 0.0881197
v -1.6589971 0.7243917 -0.0818717
v -0.5550535 0.7166578 0.0881197
v -0.5523304 0.7202880 0.0681283
v -1.6617202 0.7207615 -0.0618803
v -1.6627231 0.7014736 -0.0550086
v -0.5560565 0.6973699 0.0949914
v -1.6617202 0.7207615 -0.0618803
v -0.5560565 0.6973699 0.0949914
v -0.5550535 0.7166578 0.0881197
v -0.5504107 0.6971043 0.0964542
v -0.5522558 0.6803009 0.0823743
v 0.5544109 0.6844716 -0.0676257
v -0.5504107 0.6971043 0.0964542
v 0.5544109 0.6844716 -0.0676257
v 0.5562560 0.7012750 -0.0535458
v -0.5522558 0.6803009 0.0823743
v -0.5551784 0.6841967 0.0609202
v 0.5514883 0.6883674 -0.0890798
v -0.5522558 0.6803009 0.0823743
v 0.5514883 0.6883674 -0.0890798
v 0.5544109 0.6844716 -0.0676257
v -0.5551784 0.6841967 0.0609202
v -0.5562560 0.7048959 0.0535458
v 0.5504107 0.7090667 -0.0964542
v -0.5551784 0.6841967 0.0609202
v 0.5504107 0.7090667 -0.0964542
v 0.5514883 0.6883674 -0.0890798
v -0.5562560 0.7048959 0.0535458
v -0.5544109 0.7216993 0.0676257
v 0.5522558 0.7258701 -0.0823743
v -0.5562560 0.7048959 0.0535458
v 0.5522558 0.7258701 -0.0823743
v 0.5504107 0.7090667 -0.0964542
v -0.5544109 0.7216993 0.0676257
v -0.5514883 0.7178035 0.0890798
v 0.5551784 0.7219742 -0.0609202
v -0.5544109 0.7216993 0.0676257
v 0.5551784 0.7219742 -0.0609202
v 0.5522558 0.7258701 -0.0823743
v -0.5514883 0.7178035 0.0890798
v -0.5504107 0.6971043 0.0964542
v 0.5562560 0.7012750 -0.0535458
v -0.5514883 0.7178035 0.0890798
v 0.5562560 0.7012750 -0.0535458
v 0.5551784 0.7219742 -0.0609202
v 0.5508474 0.7018063 -0.0564662
v 0.5526055 0.6872946 -0.0686038
v 1.6592721 0.6959053 0.0813962
v 0.5508474 0.7018063 -0.0564662
v 1.6592721 0.6959053 0.0813962
v 1.6575141 0.7104170 0.0935338
v 0.5526055 0.6872946 -0.0686038
v 0.5550914 0.6906592 -0.0871375
v 1.6617581 0.6992698 0.0628625
v 0.5526055 0.6872946 -0.0686038
v 1.6617581 0.6992698 0.0628625
v 1.6592721 0.6959053 0.0813962
v 0.5550914 0.6906592 -0.0871375
v 0.5558193 0.7085354 -0.0935338
v 1.6624859 0.7171460 0.0564662
v 0.5550914 0.6906592 -0.0871375
v 1.6624859 0.7171460 0.0564662
v 1.6617581 0.6992698 0.0628625
v 0.5558193 0.7085354 -0.0935338
v 0.5540612 0.7230470 -0.0813962
v 1.6607279 0.7316577 0.0686038
v 0.5558193 0.7085354 -0.0935338
v 1.6607279 0.7316577 0.0686038
v 1.6624859 0.7171460 0.0564662
v 0.5540612 0.7230470 -0.0813962
v 0.5515753 0.7196825 -0.0628625
v 1.6582419 0.7282932 0.0871375
v 0.5540612 0.7230470 -0.0813962
v 1.6582419 0.7282932 0.0871375
v 1.6607279 0.7316577 0.0686038
v 0.5515753 0.7196825 -0.0628625
v 0.5508474 0.7018063 -0.0564662
v 1.6575141 0.7104170 0.0935338
v 0.5515753 0.7196825 -0.0628625
v 1.6575141 0.7104170 0.0935338
v 1.6582419 0.7282932 0.0871375
v -1.6570774 0.7541043 0.0964542
v -1.6589225 0.7373009 0.0823743
v -0.5522558 0.7414716 -0.0676257
v -1.6570774 0.7541043 0.0964542
v -0.5522558 0.7414716 -0.0676257
v -0.5504107 0.7582750 -0.0535458
v -1.6589225 0.7373009 0.0823743
v -1.6618451 0.7411967 0.0609202
v -0.5551784 0.7453674 -0.0890798
v -1.6589225 0.7373009 0.0823743
v -0.5551784 0.7453674 -0.0890798
v -0.5522558 0.7414716 -0.0676257
v -1.6618451 0.7411967 0.0609202
v -1.6629226 0.7618959 0.0535458
v -0.5562560 0.7660667 -0.0964542
v -1.6618451 0.7411967 0.0609202
v -0.5562560 0.7660667 -0.0964542
v -0.5551784 0.7453674 -0.0890798
v -1.6629226 0.7618959 0.0535458
v -1.6610775 0.7786993 0.0676257
v -0.5544109 0.7828701 -0.0823743
v -1.6629226 0.7618959 0.0535458
v -0.5544109 0.7828701 -0.0823743
v -0.5562560 0.7660667 -0.0964542
v -1.6610775 0.7786993 0.0676257
v -1.6581549 0.7748035 0.0890798
v -0.5514883 0.7789742 -0.0609202
v -1.6610775 0.7786993 0.0676257
v -0.5514883 0.7789742 -0.0609202
v -0.5544109 0.7828701 -0.0823743
v -1.6581549 0.7748035 0.0890798
v -1.6570774 0.7541043 0.0964542
v -0.5504107 0.7582750 -0.0535458
v -1.6581549 0.7748035 0.0890798
v -0.5504107 0.7582750 -0.0535458
v -0.5514883 0.7789742 -0.0609202
v -0.5558193 0.7588063 -0.0564662
v -0.5540612 0.7442946 -0.0686038
v 0.5526055 0.7529053 0.0813962
v -0.5558193 0.7588063 -0.0564662
v 0.5526055 0.7529053 0.0813962
v 0.5508474 0.7674170 0.0935338
v -0.5540612 0.7442946 -0.0686038
v -0.5515753 0.7476592 -0.0871375
v 0.5550914 0.7562698 0.0628625
v -0.5540612 0.7442946 -0.0686038
v 0.5550914 0.7562698 0.0628625
v 0.5526055 0.7529053 0.0813962
v -0.5515753 0.7476592 -0.0871375
v -0.5508474 0.7655354 -0.0935338
v 0.5558193 0.7741460 0.0564662
v -0.5515753 0.7476592 -0.0871375
v 0.5558193 0.7741460 0.0564662
v 0.5550914 0.7562698 0.0628625
v -0.5508474 0.7655354 -0.0935338
v -0.5526055 0.7800470 -0.0813962
v 0.5540612 0.7886577 0.0686038
v -0.5508474 0.7655354 -0.0935338
v 0.5540612 0.7886577 0.0686038
v 0.5558193 0.7741460 0.0564662
v -0.5526055 0.7800470 -0.0813962
v -0.5550914 0.7766825 -0.0628625
v 0.5515753 0.7852932 0.0871375
v -0.5526055 0.7800470 -0.0813962
v 0.5515753 0.7852932 0.0871375
v 0.5540612 0.7886577 0.0686038
v -0.5550914 0.7766825 -0.0628625
v -0.5558193 0.7588063 -0.0564662
v 0.5508474 0.7674170 0.0935338
v -0.5550914 0.7766825 -0.0628625
v 0.5508474 0.7674170 0.0935338
v 0.5515753 0.7852932 0.0871375
v 0.5560598 0.7671513 0.0949910
v 0.5543539 0.7514937 0.0818693
v 1.6610206 0.7566276 -0.0681307
v 0.5560598 0.7671513 0.0949910
v 1.6610206 0.7566276 -0.0681307
v 1.6627265 0.7722853 -0.0550090
v 0.5543539 0.7514937 0.0818693
v 0.5516274 0.7551239 0.0618783
v 1.6582941 0.7602578 -0.0881217
v 0.5543539 0.7514937 0.0818693
v 1.6582941 0.7602578 -0.0881217
v 1.6610206 0.7566276 -0.0681307
v 0.5516274 0.7551239 0.0618783
v 0.5506069 0.7744117 0.0550090
v 1.6572735 0.7795457 -0.0949910
v 0.5516274 0.7551239 0.0618783
v 1.6572735 0.7795457 -0.0949910
v 1.6582941 0.7602578 -0.0881217
v 0.5506069 0.7744117 0.0550090
v 0.5523128 0.7900694 0.0681307
v 1.6589794 0.7952033 -0.0818693
v 0.5506069 0.7744117 0.0550090
v 1.6589794 0.7952033 -0.0818693
v 1.6572735 0.7795457 -0.0949910
v 0.5523128 0.7900694 0.0681307
v 0.5550392 0.7864392 0.0881217
v 1.6617059 0.7915731 -0.0618783
v 0.5523128 0.7900694 0.0681307
v 1.6617059 0.7915731 -0.0618783
v 1.6589794 0.7952033 -0.0818693
v 0.5550392 0.7864392 0.0881217
v 0.5560598 0.7671513 0.0949910
v 1.6627265 0.7722853 -0.0550090
v 0.5550392 0.7864392 0.0881217
v 1.6627265 0.7722853 -0.0550090
v 1.6617059 0.7915731 -0.0618783
v -1.6624859 0.8158063 -0.0564662
v -1.6607279 0.8012946 -0.0686038
v -0.5540612 0.8099053 0.0813962
v -1.6624859 0.8158063 -0.0564662
v -0.5540612 0.8099053 0.0813962
v -0.5558193 0.8244170 0.0935338
v -1.6607279 0.8012946 -0.0686038
v -1.6582419 0.8046592 -0.0871375
v -0.5515753 0.8132698 0.0628625
v -1.6607279 0.8012946 -0.0686038
v -0.5515753 0.8132698 0.0628625
v -0.5540612 0.8099053 0.0813962
v -1.6582419 0.8046592 -0.0871375
v -1.6575141 0.8225354 -0.0935338
v -0.5508474 0.8311460 0.0564662
v -1.6582419 0.8046592 -0.0871375
v -0.5508474 0.8311460 0.0564662
v -0.5515753 0.8132698 0.0628625
v -1.6575141 0.8225354 -0.0935338
v -1.6592721 0.8370470 -0.0813962
v -0.5526055 0.8456577 0.0686038
v -1.6575141 0.8225354 -0.0935338
v -0.5526055 0.8456577 0.0686038
v -0.5508474 0.8311460 0.0564662
v -1.6592721 0.8370470 -0.0813962
v -1.6617581 0.8336825 -0.0628625
v -0.5550914 0.8422932 0.0871375
v -1.6592721 0.8370470 -0.0813962
v -0.5550914 0.8422932 0.0871375
v -0.5526055 0.8456577 0.0686038
v -1.6617581 0.8336825 -0.0628625
v -1.6624859 0.8158063 -0.0564662
v -0.5558193 0.8244170 0.0935338
v -1.6617581 0.8336825 -0.0628625
v -0.5558193 0.8244170 0.0935338
v -0.5550914 0.8422932 0.0871375
v -0.5506069 0.8241513 0.0949910
v -0.5523128 0.8084937 0.0818693
v 0.5543539 0.8136276 -0.0681307
v -0.5506069 0.8241513 0.0949910
v 0.5543539 0.8136276 -0.0681307
v 0.5560598 0.8292853 -0.0550090
v -0.5523128 0.8084937 0.0818693
v -0.5550392 0.8121239 0.0618783
v 0.5516274 0.8172578 -0.0881217
v -0.5523128 0.8084937 0.0818693
v 0.5516274 0.8172578 -0.0881217
v 0.5543539 0.8136276 -0.0681307
v -0.5550392 0.8121239 0.0618783
v -0.5560598 0.8314117 0.0550090
v 0.5506069 0.8365457 -0.0949910
v -0.5550392 0.8121239 0.0618783
v 0.5506069 0.8365457 -0.0949910
v 0.5516274 0.8172578 -0.0881217
v -0.5560598 0.8314117 0.0550090
v -0.5543539 0.8470694 0.0681307
v 0.5523128 0.8522033 -0.0818693
v -0.5560598 0.8314117 0.0550090
v 0.5523128 0.8522033 -0.0818693
v 0.5506069 0.8365457 -0.0949910
v -0.5543539 0.8470694 0.0681307
v -0.5516274 0.8434392 0.0881217
v 0.5550392 0.8485731 -0.0618783
v -0.5543539 0.8470694 0.0681307
v 0.5550392 0.8485731 -0.0618783
v 0.5523128 0.8522033 -0.0818693
v -0.5516274 0.8434392 0.0881217
v -0.5506069 0.8241513 0.0949910
v 0.5560598 0.8292853 -0.0550090
v -0.5516274 0.8434392 0.0881217
v 0.5560598 0.8292853 -0.0550090
v 0.5550392 0.8485731 -0.0618783
v 0.5504145 0.8290196 -0.0535453
v 0.5522761 0.8122162 -0.0676229
v 1.6589428 0.8091533 0.0823771
v 0.5504145 0.8290196 -0.0535453
v 1.6589428 0.8091533 0.0823771
v 1.6570812 0.8259567 0.0964547
v 0.5522761 0.8122162 -0.0676229
v 0.5551949 0.8161120 -0.0890776
v 1.6618616 0.8130491 0.0609224
v 0.5522761 0.8122162 -0.0676229
v 1.6618616 0.8130491 0.0609224
v 1.6589428 0.8091533 0.0823771
v 0.5551949 0.8161120 -0.0890776
v 0.5562521 0.8368113 -0.0964547
v 1.6629188 0.8337484 0.0535453
v 0.5551949 0.8161120 -0.0890776
v 1.6629188 0.8337484 0.0535453
v 1.6618616 0.8130491 0.0609224
v 0.5562521 0.8368113 -0.0964547
v 0.5543905 0.8536148 -0.0823771
v 1.6610572 0.8505519 0.0676229
v 0.5562521 0.8368113 -0.0964547
v 1.6610572 0.8505519 0.0676229
v 1.6629188 0.8337484 0.0535453
v 0.5543905 0.8536148 -0.0823771
v 0.5514717 0.8497189 -0.0609224
v 1.6581384 0.8466560 0.0890776
v 0.5543905 0.8536148 -0.0823771
v 1.6581384 0.8466560 0.0890776
v 1.6610572 0.8505519 0.0676229
v 0.5514717 0.8497189 -0.0609224
v 0.5504145 0.8290196 -0.0535453
v 1.6570812 0.8259567 0.0964547
v 0.5514717 0.8497189 -0.0609224
v 1.6570812 0.8259567 0.0964547
v 1.6581384 0.8466560 0.0890776
v -1.6572735 0.8811513 0.0949910
v -1.6589794 0.8654937 0.0818693
v -0.5523128 0.8706276 -0.0681307
v -1.6572735 0.8811513 0.0949910
v -0.5523128 0.8706276 -0.0681307
v -0.5506069 0.8862853 -0.0550090
v -1.6589794 0.8654937 0.0818693
v -1.6617059 0.8691239 0.0618783
v -0.5550392 0.8742578 -0.0881217
v -1.6589794 0.8654937 0.0818693
v -0.5550392 0.8742578 -0.0881217
v -0.5523128 0.8706276 -0.0681307
v -1.6617059 0.8691239 0.0618783
v -1.6627265 0.8884117 0.0550090
v -0.5560598 0.8935457 -0.0949910
v -1.6617059 0.8691239 0.0618783
v -0.5560598 0.8935457 -0.0949910
v -0.5550392 0.8742578 -0.0881217
v -1.6627265 0.8884117 0.0550090
v -1.6610206 0.9040694 0.0681307
v -0.5543539 0.9092033 -0.0818693
v -1.6627265 0.8884117 0.0550090
v -0.5543539 0.9092033 -0.0818693
v -0.5560598 0.8935457 -0.0949910
v -1.6610206 0.9040694 0.0681307
v -1.6582941 0.9004392 0.0881217
v -0.5516274 0.9055731 -0.0618783
v -1.6610206 0.9040694 0.0681307
v -0.5516274 0.9055731 -0.0618783
v -0.5543539 0.9092033 -0.0818693
v -1.6582941 0.9004392 0.0881217
v -1.6572735 0.8811513 0.0949910
v -0.5506069 0.8862853 -0.0550090
v -1.6582941 0.9004392 0.0881217
v -0.5506069 0.8862853 -0.0550090
v -0.5516274 0.9055731 -0.0618783
v -0.5562521 0.8860196 -0.0535453
v -0.5543905 0.8692162 -0.0676229
v 0.5522761 0.8661533 0.0823771
v -0.5562521 0.8860196 -0.0535453
v 0.5522761 0.8661533 0.0823771
v 0.5504145 0.8829567 0.0964547
v -0.5543905 0.8692162 -0.0676229
v -0.5514717 0.8731120 -0.0890776
v 0.5551949 0.8700491 0.0609224
v -0.5543905 0.8692162 -0.0676229
v 0.5551949 0.8700491 0.0609224
v 0.5522761 0.8661533 0.0823771
v -0.5514717 0.8731120 -0.0890776
v -0.5504145 0.8938113 -0.0964547
v 0.5562521 0.8907484 0.0535453
v -0.5514717 0.8731120 -0.0890776
v 0.5562521 0.8907484 0.0535453
v 0.5551949 0.8700491 0.0609224
v -0.5504145 0.8938113 -0.0964547
v -0.5522761 0.9106148 -0.0823771
v 0.5543905 0.9075519 0.0676229
v -0.5504145 0.8938113 -0.0964547
v 0.5543905 0.9075519 0.0676229
v 0.5562521 0.8907484 0.0535453
v -0.5522761 0.9106148 -0.0823771
v -0.5551949 0.9067189 -0.0609224
v 0.5514717 0.9036560 0.0890776
v -0.5522761 0.9106148 -0.0823771
v 0.5514717 0.9036560 0.0890776
v 0.5543905 0.9075519 0.0676229
v -0.5551949 0.9067189 -0.0609224
v -0.5562521 0.8860196 -0.0535453
v 0.5504145 0.8829567 0.0964547
v -0.5551949 0.9067189 -0.0609224
v 0.5504145 0.8829567 0.0964547
v 0.5514717 0.9036560 0.0890776
v 0.5558198 0.8834881 0.0935337
v 0.5540638 0.8689764 0.0813959
v 1.6607305 0.8605326 -0.0686041
v 0.5558198 0.8834881 0.0935337
v 1.6607305 0.8605326 -0.0686041
v 1.6624864 0.8750444 -0.0564663
v 0.5540638 0.8689764 0.0813959
v 0.5515774 0.8723409 0.0628622
v 1.6582441 0.8638972 -0.0871378
v 0.5540638 0.8689764 0.0813959
v 1.6582441 0.8638972 -0.0871378
v 1.6607305 0.8605326 -0.0686041
v 0.5515774 0.8723409 0.0628622
v 0.5508469 0.8902171 0.0564663
v 1.6575136 0.8817734 -0.0935337
v 0.5515774 0.8723409 0.0628622
v 1.6575136 0.8817734 -0.0935337
v 1.6582441 0.8638972 -0.0871378
v 0.5508469 0.8902171 0.0564663
v 0.5526028 0.9047288 0.0686041
v 1.6592695 0.8962851 -0.0813959
v 0.5508469 0.8902171 0.0564663
v 1.6592695 0.8962851 -0.0813959
v 1.6575136 0.8817734 -0.0935337
v 0.5526028 0.9047288 0.0686041
v 0.5550892 0.9013643 0.0871378
v 1.6617559 0.8929206 -0.0628622
v 0.5526028 0.9047288 0.0686041
v 1.6617559 0.8929206 -0.0628622
v 1.6592695 0.8962851 -0.0813959
v 0.5550892 0.9013643 0.0871378
v 0.5558198 0.8834881 0.0935337
v 1.6624864 0.8750444 -0.0564663
v 0.5550892 0.9013643 0.0871378
v 1.6624864 0.8750444 -0.0564663
v 1.6617559 0.8929206 -0.0628622
v -1.6629188 0.9430196 -0.0535453
v -1.6610572 0.9262162 -0.0676229
v -0.5543905 0.9231533 0.0823771
v -1.6629188 0.9430196 -0.0535453
v -0.5543905 0.9231533 0.0823771
v -0.5562521 0.9399567 0.0964547
v -1.6610572 0.9262162 -0.0676229
v -1.6581384 0.9301120 -0.0890776
v -0.5514717 0.9270491 0.0609224
v -1.6610572 0.9262162 -0.0676229
v -0.5514717 0.9270491 0.0609224
v -0.5543905 0.9231533 0.0823771
v -1.6581384 0.9301120 -0.0890776
v -1.6570812 0.9508113 -0.0964547
v -0.5504145 0.9477484 0.0535453
v -1.6581384 0.9301120 -0.0890776
v -0.5504145 0.9477484 0.0535453
v -0.5514717 0.9270491 0.0609224
v -1.6570812 0.9508113 -0.0964547
v -1.6589428 0.9676148 -0.0823771
v -0.5522761 0.9645519 0.0676229
v -1.6570812 0.9508113 -0.0964547
v -0.5522761 0.9645519 0.0676229
v -0.5504145 0.9477484 0.0535453
v -1.6589428 0.9676148 -0.0823771
v -1.6618616 0.9637189 -0.0609224
v -0.5551949 0.9606560 0.0890776
v -1.6589428 0.9676148 -0.0823771
v -0.5551949 0.9606560 0.0890776
v -0.5522761 0.9645519 0.0676229
v -1.6618616 0.9637189 -0.0609224
v -1.6629188 0.9430196 -0.0535453
v -0.5562521 0.9399567 0.0964547
v -1.6618616 0.9637189 -0.0609224
v -0.5562521 0.9399567 0.0964547
v -0.5551949 0.9606560 0.0890776
v -0.5508469 0.9404881 0.0935337
v -0.5526028 0.9259764 0.0813959
v 0.5540638 0.9175326 -0.0686041
v -0.5508469 0.9404881 0.0935337
v 0.5540638 0.9175326 -0.0686041
v 0.5558198 0.9320444 -0.0564663
v -0.5526028 0.9259764 0.0813959
v -0.5550892 0.9293409 0.0628622
v 0.5515774 0.9208972 -0.0871378
v -0.5526028 0.9259764 0.0813959
v 0.5515774 0.9208972 -0.0871378
v 0.5540638 0.9175326 -0.0686041
v -0.5550892 0.9293409 0.0628622
v -0.5558198 0.9472171 0.0564663
v 0.5508469 0.9387734 -0.0935337
v -0.5550892 0.9293409 0.0628622
v 0.5508469 0.9387734 -0.0935337
v 0.5515774 0.9208972 -0.0871378
v -0.5558198 0.9472171 0.0564663
v -0.5540638 0.9617288 0.0686041
v 0.5526028 0.9532851 -0.0813959
v -0.5558198 0.9472171 0.0564663
v 0.5526028 0.9532851 -0.0813959
v 0.5508469 0.9387734 -0.0935337
v -0.5540638 0.9617288 0.0686041
v -0.5515774 0.9583643 0.0871378
v 0.5550892 0.9499206 -0.0628622
v -0.5540638 0.9617288 0.0686041
v 0.5550892 0.9499206 -0.0628622
v 0.5526028 0.9532851 -0.0813959
v -0.5515774 0.9583643 0.0871378
v -0.5508469 0.9404881 0.0935337
v 0.5558198 0.9320444 -0.0564663
v -0.5515774 0.9583643 0.0871378
v 0.5558198 0.9320444 -0.0564663
v 0.5550892 0.9499206 -0.0628622
v 0.5506039 0.9317787 -0.0550095
v 0.5522969 0.9161211 -0.0681329
v 1.6589636 0.9100597 0.0818671
v 0.5506039 0.9317787 -0.0550095
v 1.6589636 0.9100597 0.0818671
v 1.6572706 0.9257172 0.0949905
v 0.5522969 0.9161211 -0.0681329
v 0.5550263 0.9197513 -0.0881234
v 1.6616930 0.9136898 0.0618766
v 0.5522969 0.9161211 -0.0681329
v 1.6616930 0.9136898 0.0618766
v 1.6589636 0.9100597 0.0818671
v 0.5550263 0.9197513 -0.0881234
v 0.5560628 0.9390391 -0.0949905
v 1.6627294 0.9329776 0.0550095
v 0.5550263 0.9197513 -0.0881234
v 1.6627294 0.9329776 0.0550095
v 1.6616930 0.9136898 0.0618766
v 0.5560628 0.9390391 -0.0949905
v 0.5543698 0.9546966 -0.0818671
v 1.6610364 0.9486352 0.0681329
v 0.5560628 0.9390391 -0.0949905
v 1.6610364 0.9486352 0.0681329
v 1.6627294 0.9329776 0.0550095
v 0.5543698 0.9546966 -0.0818671
v 0.5516403 0.9510665 -0.0618766
v 1.6583070 0.9450050 0.0881234
v 0.5543698 0.9546966 -0.0818671
v 1.6583070 0.9450050 0.0881234
v 1.6610364 0.9486352 0.0681329
v 0.5516403 0.9510665 -0.0618766
v 0.5506039 0.9317787 -0.0550095
v 1.6572706 0.9257172 0.0949905
v 0.5516403 0.9510665 -0.0618766
v 1.6572706 0.9257172 0.0949905
v 1.6583070 0.9450050 0.0881234
vn -0.7459123 -0.0082618 -0.6659929
vn -0.7459123 -0.0082618 -0.6659929
vn 0.0211817 -0.9997756 0.0000000
vn -0.0211817 0.9997756 0.0000000
vn -0.8638647 -0.0107607 0.5036089
vn -0.8638647 -0.0107607 0.5036089
vn 0.0211817 -0.9997756 0.0000000
vn -0.0211817 0.9997756 0.0000000
vn 0.2117938 0.0120286 0.9772403
vn 0.2117938 0.0120286 0.9772403
vn 0.0211817 -0.9997756 0.0000000
vn -0.0211817 0.9997756 0.0000000
vn 0.9945398 0.0286122 0.1003589
vn 0.9945398 0.0286122 0.1003589
vn 0.0211817 -0.9997756 0.0000000
vn -0.0211817 0.9997756 0.0000000
vn 0.4026449 0.0160721 -0.9152152
vn 0.4026449 0.0160721 -0.9152152
vn 0.0211817 -0.9997756 0.0000000
vn -0.0211817 0.9997756 0.0000000
vn -0.7456153 0.0225732 -0.6659942
vn -0.7456153 0.0225732 -0.6659942
vn -0.0204875 -0.9997901 0.0000000
vn 0.0204875 0.9997901 0.0000000
vn -0.8635697 0.0249903 0.5036098
vn -0.8635697 0.0249903 0.5036098
vn -0.0204875 -0.9997901 0.0000000
vn 0.0204875 0.9997901 0.0000000
vn 0.2121064 0.0029478 0.9772421
vn 0.2121064 0.0029478 0.9772421
vn -0.0204875 -0.9997901 0.0000000
vn 0.0204875 0.9997901 0.0000000
vn 0.9948651 -0.0130924 0.1003590
vn 0.9948651 -0.0130924 0.1003590
vn -0.0204875 -0.9997901 0.0000000
vn 0.0204875 0.9997901 0.0000000
vn 0.4029606 -0.0009632 -0.9152168
vn 0.4029606 -0.0009632 -0.9152168
vn -0.0204875 -0.9997901 0.0000000
vn 0.0204875 0.9997901 0.0000000
vn -0.7459158 -0.0077372 -0.6659953
vn -0.7459158 -0.0077372 -0.6659953
vn 0.0198374 -0.9998032 0.0000000
vn -0.0198374 0.9998032 0.0000000
vn -0.8638720 -0.0100776 0.5036106
vn -0.8638720 -0.0100776 0.5036106
vn 0.0198374 -0.9998032 0.0000000
vn -0.0198374 0.9998032 0.0000000
vn 0.2118200 0.0112654 0.9772438
vn 0.2118200 0.0112654 0.9772438
vn 0.0198374 -0.9998032 0.0000000
vn -0.0198374 0.9998032 0.0000000
vn 0.9945904 0.0267966 0.1003592
vn 0.9945904 0.0267966 0.1003592
vn 0.0198374 -0.9998032 0.0000000
vn -0.0198374 0.9998032 0.0000000
vn 0.4026770 0.0150523 -0.9152184
vn 0.4026770 0.0150523 -0.9152184
vn 0.0198374 -0.9998032 0.0000000
vn -0.0198374 0.9998032 0.0000000
vn -0.7455929 0.0233379 -0.6659929
vn -0.7455929 0.0233379 -0.6659929
vn -0.0211817 -0.9997756 0.0000000
vn 0.0211817 0.9997756 0.0000000
vn -0.8635453 0.0258369 0.5036089
vn -0.8635453 0.0258369 0.5036089
vn -0.0211817 -0.9997756 0.0000000
vn 0.0211817 0.9997756 0.0000000
vn 0.2121132 0.0030475 0.9772403
vn 0.2121132 0.0030475 0.9772403
vn -0.0211817 -0.9997756 0.0000000
vn 0.0211817 0.9997756 0.0000000
vn 0.9948592 -0.0135361 0.1003589
vn 0.9948592 -0.0135361 0.1003589
vn -0.0211817 -0.9997756 0.0000000
vn 0.0211817 0.9997756 0.0000000
vn 0.4029643 -0.0009959 -0.9152152
vn 0.4029643 -0.0009959 -0.9152152
vn -0.0211817 -0.9997756 0.0000000
vn 0.0211817 0.9997756 0.0000000
vn -0.0982512 -0.6454428 0.7574630
vn -0.0982512 -0.6454428 0.7574630
vn 0.0303984 -0.9841730 -0.1745837
vn 0.0303984 -0.9841730 -0.1745837
vn 0.1286497 -0.3387301 -0.9320468
vn 0.1286497 -0.3387301 -0.9320468
vn 0.0982512 0.6454428 -0.7574630
vn 0.0982512 0.6454428 -0.7574630
vn -0.0303984 0.9841730 0.1745837
vn -0.0303984 0.9841730 0.1745837
vn -0.1286497 0.3387301 0.9320468
vn -0.1286497 0.3387301 0.9320468
vn 0.1029381 -0.6454576 0.7568278
vn 0.1029381 -0.6454576 0.7568278
vn -0.0232519 -0.9841955 -0.1755524
vn -0.0232519 -0.9841955 -0.1755524
vn -0.1261900 -0.3387379 -0.9323802
vn -0.1261900 -0.3387379 -0.9323802
vn -0.1029381 0.6454576 -0.7568278
vn -0.1029381 0.6454576 -0.7568278
vn 0.0232519 0.9841955 0.1755524
vn 0.0232519 0.9841955 0.1755524
vn 0.1261900 0.3387379 0.9323802
vn 0.1261900 0.3387379 0.9323802
vn -0.1065480 -0.6454453 0.7563385
vn -0.1065480 -0.6454453 0.7563385
vn 0.0177475 -0.9841767 -0.1762985
vn 0.0177475 -0.9841767 -0.1762985
vn 0.1242955 -0.3387314 -0.9326369
vn 0.1242955 -0.3387314 -0.9326369
vn 0.1065480 0.6454453 -0.7563385
vn 0.1065480 0.6454453 -0.7563385
vn -0.0177475 0.9841767 0.1762985
vn -0.0177475 0.9841767 0.1762985
vn -0.1242955 0.3387314 0.9326369
vn -0.1242955 0.3387314 0.9326369
vn 0.1029381 -0.6454576 0.7568278
vn 0.1029381 -0.6454576 0.7568278
vn -0.0232519 -0.9841955 -0.1755524
vn -0.0232519 -0.9841955 -0.1755524
vn -0.1261900 -0.3387379 -0.9323802
vn -0.1261900 -0.3387379 -0.9323802
vn -0.1029381 0.6454576 -0.7568278
vn -0.1029381 0.6454576 -0.7568278
vn 0.0232519 0.9841955 0.1755524
vn 0.0232519 0.9841955 0.1755524
vn 0.1261900 0.3387379 0.9323802
vn 0.1261900 0.3387379 0.9323802
vn -0.1065480 -0.6454453 0.7563385
vn -0.1065480 -0.6454453 0.7563385
vn 0.0177475 -0.9841767 -0.1762985
vn 0.0177475 -0.9841767 -0.1762985
vn 0.1242955 -0.3387314 -0.9326369
vn 0.1242955 -0.3387314 -0.9326369
vn 0.1065480 0.6454453 -0.7563385
vn 0.1065480 0.6454453 -0.7563385
vn -0.0177475 0.9841767 0.1762985
vn -0.0177475 0.9841767 0.1762985
vn -0.1242955 0.3387314 0.9326369
vn -0.1242955 0.3387314 0.9326369
vn 0.0979603 -0.6454408 0.7575025
vn 0.0979603 -0.6454408 0.7575025
vn -0.0308421 -0.9841698 -0.1745236
vn -0.0308421 -0.9841698 -0.1745236
vn -0.1288024 -0.3387291 -0.9320261
vn -0.1288024 -0.3387291 -0.9320261
vn -0.0979603 0.6454408 -0.7575025
vn -0.0979603 0.6454408 -0.7575025
vn 0.0308421 0.9841698 0.1745236
vn 0.0308421 0.9841698 0.1745236
vn 0.1288024 0.3387291 0.9320261
vn 0.1288024 0.3387291 0.9320261
vn -0.1065480 -0.6454453 0.7563385
vn -0.1065480 -0.6454453 0.7563385
vn 0.0177475 -0.9841767 -0.1762985
vn 0.0177475 -0.9841767 -0.1762985
vn 0.1242955 -0.3387314 -0.9326369
vn 0.1242955 -0.3387314 -0.9326369
vn 0.1065480 0.6454453 -0.7563385
vn 0.1065480 0.6454453 -0.7563385
vn -0.0177475 0.9841767 0.1762985
vn -0.0177475 0.9841767 0.1762985
vn -0.1242955 0.3387314 0.9326369
vn -0.1242955 0.3387314 0.9326369
vn 0.0979603 -0.6454408 0.7575025
vn 0.0979603 -0.6454408 0.7575025
vn -0.0308421 -0.9841698 -0.1745236
vn -0.0308421 -0.9841698 -0.1745236
vn -0.1288024 -0.3387291 -0.9320261
vn -0.1288024 -0.3387291 -0.9320261
vn -0.0979603 0.6454408 -0.7575025
vn -0.0979603 0.6454408 -0.7575025
vn 0.0308421 0.9841698 0.1745236
vn 0.0308421 0.9841698 0.1745236
vn 0.1288024 0.3387291 0.9320261
vn 0.1288024 0.3387291 0.9320261
vn -0.1036303 -0.6454568 0.7567339
vn -0.1036303 -0.6454568 0.7567339
vn 0.0221964 -0.9841943 -0.1756955
vn 0.0221964 -0.9841943 -0.1756955
vn 0.1258267 -0.3387375 -0.9324294
vn 0.1258267 -0.3387375 -0.9324294
vn 0.1036303 0.6454568 -0.7567339
vn 0.1036303 0.6454568 -0.7567339
vn -0.0221964 0.9841943 0.1756955
vn -0.0221964 0.9841943 0.1756955
vn -0.1258267 0.3387375 0.9324294
vn -0.1258267 0.3387375 0.9324294
vn 0.0979603 -0.6454408 0.7575025
vn 0.0979603 -0.6454408 0.7575025
vn -0.0308421 -0.9841698 -0.1745236
vn -0.0308421 -0.9841698 -0.1745236
vn -0.1288024 -0.3387291 -0.9320261
vn -0.1288024 -0.3387291 -0.9320261
vn -0.0979603 0.6454408 -0.7575025
vn -0.0979603 0.6454408 -0.7575025
vn 0.0308421 0.9841698 0.1745236
vn 0.0308421 0.9841698 0.1745236
vn 0.1288024 0.3387291 0.9320261
vn 0.1288024 0.3387291 0.9320261
vn -0.1036303 -0.6454568 0.7567339
vn -0.1036303 -0.6454568 0.7567339
vn 0.0221964 -0.9841943 -0.1756955
vn 0.0221964 -0.9841943 -0.1756955
vn 0.1258267 -0.3387375 -0.9324294
vn 0.1258267 -0.3387375 -0.9324294
vn 0.1036303 0.6454568 -0.7567339
vn 0.1036303 0.6454568 -0.7567339
vn -0.0221964 0.9841943 0.1756955
vn -0.0221964 0.9841943 0.1756955
vn -0.1258267 0.3387375 0.9324294
vn -0.1258267 0.3387375 0.9324294
vn 0.1060910 -0.6454480 0.7564004
vn 0.1060910 -0.6454480 0.7564004
vn -0.0184444 -0.9841809 -0.1762040
vn -0.0184444 -0.9841809 -0.1762040
vn -0.1245353 -0.3387328 -0.9326044
vn -0.1245353 -0.3387328 -0.9326044
vn -0.1060910 0.6454480 -0.7564004
vn -0.1060910 0.6454480 -0.7564004
vn 0.0184444 0.9841809 0.1762040
vn 0.0184444 0.9841809 0.1762040
vn 0.1245353 0.3387328 0.9326044
vn 0.1245353 0.3387328 0.9326044
vn -0.1036303 -0.6454568 0.7567339
vn -0.1036303 -0.6454568 0.7567339
vn 0.0221964 -0.9841943 -0.1756955
vn 0.0221964 -0.9841943 -0.1756955
vn 0.1258267 -0.3387375 -0.9324294
vn 0.1258267 -0.3387375 -0.9324294
vn 0.1036303 0.6454568 -0.7567339
vn 0.1036303 0.6454568 -0.7567339
vn -0.0221964 0.9841943 0.1756955
vn -0.0221964 0.9841943 0.1756955
vn -0.1258267 0.3387375 0.9324294
vn -0.1258267 0.3387375 0.9324294
vn 0.1060910 -0.6454480 0.7564004
vn 0.1060910 -0.6454480 0.7564004
vn -0.0184444 -0.9841809 -0.1762040
vn -0.0184444 -0.9841809 -0.1762040
vn -0.1245353 -0.3387328 -0.9326044
vn -0.1245353 -0.3387328 -0.9326044
vn -0.1060910 0.6454480 -0.7564004
vn -0.1060910 0.6454480 -0.7564004
vn 0.0184444 0.9841809 0.1762040
vn 0.0184444 0.9841809 0.1762040
vn 0.1245353 0.3387328 0.9326044
vn 0.1245353 0.3387328 0.9326044
vn -0.0977619 -0.6454393 0.7575293
vn -0.0977619 -0.6454393 0.7575293
vn 0.0311445 -0.9841676 -0.1744826
vn 0.0311445 -0.9841676 -0.1744826
vn 0.1289064 -0.3387283 -0.9320120
vn 0.1289064 -0.3387283 -0.9320120
vn 0.0977619 0.6454393 -0.7575293
vn 0.0977619 0.6454393 -0.7575293
vn -0.0311445 0.9841676 0.1744826
vn -0.0311445 0.9841676 0.1744826
vn -0.1289064 0.3387283 0.9320120
vn -0.1289064 0.3387283 0.9320120
vn 0.1060910 -0.6454480 0.7564004
vn 0.1060910 -0.6454480 0.7564004
vn -0.0184444 -0.9841809 -0.1762040
vn -0.0184444 -0.9841809 -0.1762040
vn -0.1245353 -0.3387328 -0.9326044
vn -0.1245353 -0.3387328 -0.9326044
vn -0.1060910 0.6454480 -0.7564004
vn -0.1060910 0.6454480 -0.7564004
vn 0.0184444 0.9841809 0.1762040
vn 0.0184444 0.9841809 0.1762040
vn 0.1245353 0.3387328 0.9326044
vn 0.1245353 0.3387328 0.9326044
vn -0.0977619 -0.6454393 0.7575293
vn -0.0977619 -0.6454393 0.7575293
vn 0.0311445 -0.9841676 -0.1744826
vn 0.0311445 -0.9841676 -0.1744826
vn 0.1289064 -0.3387283 -0.9320120
vn 0.1289064 -0.3387283 -0.9320120
vn 0.0977619 0.6454393 -0.7575293
vn 0.0977619 0.6454393 -0.7575293
vn -0.0311445 0.9841676 0.1744826
vn -0.0311445 0.9841676 0.1744826
vn -0.1289064 0.3387283 0.9320120
vn -0.1289064 0.3387283 0.9320120
vn 0.1043017 -0.6454554 0.7566429
vn 0.1043017 -0.6454554 0.7566429
vn -0.0211727 -0.9841921 -0.1758342
vn -0.0211727 -0.9841921 -0.1758342
vn -0.1254744 -0.3387367 -0.9324771
vn -0.1254744 -0.3387367 -0.9324771
vn -0.1043017 0.6454554 -0.7566429
vn -0.1043017 0.6454554 -0.7566429
vn 0.0211727 0.9841921 0.1758342
vn 0.0211727 0.9841921 0.1758342
vn 0.1254744 0.3387367 0.9324771
vn 0.1254744 0.3387367 0.9324771
vn -0.0977619 -0.6454393 0.7575293
vn -0.0977619 -0.6454393 0.7575293
vn 0.0311445 -0.9841676 -0.1744826
vn 0.0311445 -0.9841676 -0.1744826
vn 0.1289064 -0.3387283 -0.9320120
vn 0.1289064 -0.3387283 -0.9320120
vn 0.0977619 0.6454393 -0.7575293
vn 0.0977619 0.6454393 -0.7575293
vn -0.0311445 0.9841676 0.1744826
vn -0.0311445 0.9841676 0.1744826
vn -0.1289064 0.3387283 0.9320120
vn -0.1289064 0.3387283 0.9320120
vn 0.1043017 -0.6454554 0.7566429
vn 0.1043017 -0.6454554 0.7566429
vn -0.0211727 -0.9841921 -0.1758342
vn -0.0211727 -0.9841921 -0.1758342
vn -0.1254744 -0.3387367 -0.9324771
vn -0.1254744 -0.3387367 -0.9324771
vn -0.1043017 0.6454554 -0.7566429
vn -0.1043017 0.6454554 -0.7566429
vn 0.0211727 0.9841921 0.1758342
vn 0.0211727 0.9841921 0.1758342
vn 0.1254744 0.3387367 0.9324771
vn 0.1254744 0.3387367 0.9324771
vn -0.1055639 -0.6454507 0.7564719
vn -0.1055639 -0.6454507 0.7564719
vn 0.0192481 -0.9841850 -0.1760951
vn 0.0192481 -0.9841850 -0.1760951
vn 0.1248120 -0.3387343 -0.9325669
vn 0.1248120 -0.3387343 -0.9325669
vn 0.1055639 0.6454507 -0.7564719
vn 0.1055639 0.6454507 -0.7564719
vn -0.0192481 0.9841850 0.1760951
vn -0.0192481 0.9841850 0.1760951
vn -0.1248120 0.3387343 0.9325669
vn -0.1248120 0.3387343 0.9325669
vn 0.1043017 -0.6454554 0.7566429
vn 0.1043017 -0.6454554 0.7566429
vn -0.0211727 -0.9841921 -0.1758342
vn -0.0211727 -0.9841921 -0.1758342
vn -0.1254744 -0.3387367 -0.9324771
vn -0.1254744 -0.3387367 -0.9324771
vn -0.1043017 0.6454554 -0.7566429
vn -0.1043017 0.6454554 -0.7566429
vn 0.0211727 0.9841921 0.1758342
vn 0.0211727 0.9841921 0.1758342
vn 0.1254744 0.3387367 0.9324771
vn 0.1254744 0.3387367 0.9324771
vn -0.1055639 -0.6454507 0.7564719
vn -0.1055639 -0.6454507 0.7564719
vn 0.0192481 -0.9841850 -0.1760951
vn 0.0192481 -0.9841850 -0.1760951
vn 0.1248120 -0.3387343 -0.9325669
vn 0.1248120 -0.3387343 -0.9325669
vn 0.1055639 0.6454507 -0.7564719
vn 0.1055639 0.6454507 -0.7564719
vn -0.0192481 0.9841850 0.1760951
vn -0.0192481 0.9841850 0.1760951
vn -0.1248120 0.3387343 0.9325669
vn -0.1248120 0.3387343 0.9325669
vn 0.0976602 -0.6454385 0.7575431
vn 0.0976602 -0.6454385 0.7575431
vn -0.0312996 -0.9841664 -0.1744616
vn -0.0312996 -0.9841664 -0.1744616
vn -0.1289598 -0.3387279 -0.9320047
vn -0.1289598 -0.3387279 -0.9320047
vn -0.0976602 0.6454385 -0.7575431
vn -0.0976602 0.6454385 -0.7575431
vn 0.0312996 0.9841664 0.1744616
vn 0.0312996 0.9841664 0.1744616
vn 0.1289598 0.3387279 0.9320047
vn 0.1289598 0.3387279 0.9320047
vn -0.1055639 -0.6454507 0.7564719
vn -0.1055639 -0.6454507 0.7564719
vn 0.0192481 -0.9841850 -0.1760951
vn 0.0192481 -0.9841850 -0.1760951
vn 0.1248120 -0.3387343 -0.9325669
vn 0.1248120 -0.3387343 -0.9325669
vn 0.1055639 0.6454507 -0.7564719
vn 0.1055639 0.6454507 -0.7564719
vn -0.0192481 0.9841850 0.1760951
vn -0.0192481 0.9841850 0.1760951
vn -0.1248120 0.3387343 0.9325669
vn -0.1248120 0.3387343 0.9325669
vn 0.0976602 -0.6454385 0.7575431
vn 0.0976602 -0.6454385 0.7575431
vn -0.0312996 -0.9841664 -0.1744616
vn -0.0312996 -0.9841664 -0.1744616
vn -0.1289598 -0.3387279 -0.9320047
vn -0.1289598 -0.3387279 -0.9320047
vn -0.0976602 0.6454385 -0.7575431
vn -0.0976602 0.6454385 -0.7575431
vn 0.0312996 0.9841664 0.1744616
vn 0.0312996 0.9841664 0.1744616
vn 0.1289598 0.3387279 0.9320047
vn 0.1289598 0.3387279 0.9320047
vn -0.1049388 -0.6454533 0.7565566
vn -0.1049388 -0.6454533 0.7565566
vn 0.0202012 -0.9841890 -0.1759659
vn 0.0202012 -0.9841890 -0.1759659
vn 0.1251400 -0.3387356 -0.9325225
vn 0.1251400 -0.3387356 -0.9325225
vn 0.1049388 0.6454533 -0.7565566
vn 0.1049388 0.6454533 -0.7565566
vn -0.0202012 0.9841890 0.1759659
vn -0.0202012 0.9841890 0.1759659
vn -0.1251400 0.3387356 0.9325225
vn -0.1251400 0.3387356 0.9325225
vn 0.0976602 -0.6454385 0.7575431
vn 0.0976602 -0.6454385 0.7575431
vn -0.0312996 -0.9841664 -0.1744616
vn -0.0312996 -0.9841664 -0.1744616
vn -0.1289598 -0.3387279 -0.9320047
vn -0.1289598 -0.3387279 -0.9320047
vn -0.0976602 0.6454385 -0.7575431
vn -0.0976602 0.6454385 -0.7575431
vn 0.0312996 0.9841664 0.1744616
vn 0.0312996 0.9841664 0.1744616
vn 0.1289598 0.3387279 0.9320047
vn 0.1289598 0.3387279 0.9320047
vn -0.1049388 -0.6454533 0.7565566
vn -0.1049388 -0.6454533 0.7565566
vn 0.0202012 -0.9841890 -0.1759659
vn 0.0202012 -0.9841890 -0.1759659
vn 0.1251400 -0.3387356 -0.9325225
vn 0.1251400 -0.3387356 -0.9325225
vn 0.1049388 0.6454533 -0.7565566
vn 0.1049388 0.6454533 -0.7565566
vn -0.0202012 0.9841890 0.1759659
vn -0.0202012 0.9841890 0.1759659
vn -0.1251400 0.3387356 0.9325225
vn -0.1251400 0.3387356 0.9325225
vn 0.1049772 -0.6454532 0.7565514
vn 0.1049772 -0.6454532 0.7565514
vn -0.0201427 -0.9841887 -0.1759738
vn -0.0201427 -0.9841887 -0.1759738
vn -0.1251199 -0.3387356 -0.9325252
vn -0.1251199 -0.3387356 -0.9325252
vn -0.1049772 0.6454532 -0.7565514
vn -0.1049772 0.6454532 -0.7565514
vn 0.0201427 0.9841887 0.1759738
vn 0.0201427 0.9841887 0.1759738
vn 0.1251199 0.3387356 0.9325252
vn 0.1251199 0.3387356 0.9325252
vn -0.1049388 -0.6454533 0.7565566
vn -0.1049388 -0.6454533 0.7565566
vn 0.0202012 -0.9841890 -0.1759659
vn 0.0202012 -0.9841890 -0.1759659
vn 0.1251400 -0.3387356 -0.9325225
vn 0.1251400 -0.3387356 -0.9325225
vn 0.1049388 0.6454533 -0.7565566
vn 0.1049388 0.6454533 -0.7565566
vn -0.0202012 0.9841890 0.1759659
vn -0.0202012 0.9841890 0.1759659
vn -0.1251400 0.3387356 0.9325225
vn -0.1251400 0.3387356 0.9325225
vn 0.1049772 -0.6454532 0.7565514
vn 0.1049772 -0.6454532 0.7565514
vn -0.0201427 -0.9841887 -0.1759738
vn -0.0201427 -0.9841887 -0.1759738
vn -0.1251199 -0.3387356 -0.9325252
vn -0.1251199 -0.3387356 -0.9325252
vn -0.1049772 0.6454532 -0.7565514
vn -0.1049772 0.6454532 -0.7565514
vn 0.0201427 0.9841887 0.1759738
vn 0.0201427 0.9841887 0.1759738
vn 0.1251199 0.3387356 0.9325252
vn 0.1251199 0.3387356 0.9325252
vn -0.0976571 -0.6454385 0.7575435
vn -0.0976571 -0.6454385 0.7575435
vn 0.0313043 -0.9841664 -0.1744610
vn 0.0313043 -0.9841664 -0.1744610
vn 0.1289615 -0.3387279 -0.9320045
vn 0.1289615 -0.3387279 -0.9320045
vn 0.0976571 0.6454385 -0.7575435
vn 0.0976571 0.6454385 -0.7575435
vn -0.0313043 0.9841664 0.1744610
vn -0.0313043 0.9841664 0.1744610
vn -0.1289615 0.3387279 0.9320045
vn -0.1289615 0.3387279 0.9320045
vn 0.1049772 -0.6454532 0.7565514
vn 0.1049772 -0.6454532 0.7565514
vn -0.0201427 -0.9841887 -0.1759738
vn -0.0201427 -0.9841887 -0.1759738
vn -0.1251199 -0.3387356 -0.9325252
vn -0.1251199 -0.3387356 -0.9325252
vn -0.1049772 0.6454532 -0.7565514
vn -0.1049772 0.6454532 -0.7565514
vn 0.0201427 0.9841887 0.1759738
vn 0.0201427 0.9841887 0.1759738
vn 0.1251199 0.3387356 0.9325252
vn 0.1251199 0.3387356 0.9325252
vn -0.0976571 -0.6454385 0.7575435
vn -0.0976571 -0.6454385 0.7575435
vn 0.0313043 -0.9841664 -0.1744610
vn 0.0313043 -0.9841664 -0.1744610
vn 0.1289615 -0.3387279 -0.9320045
vn 0.1289615 -0.3387279 -0.9320045
vn 0.0976571 0.6454385 -0.7575435
vn 0.0976571 0.6454385 -0.7575435
vn -0.0313043 0.9841664 0.1744610
vn -0.0313043 0.9841664 0.1744610
vn -0.1289615 0.3387279 0.9320045
vn -0.1289615 0.3387279 0.9320045
vn 0.1055288 -0.6454509 0.7564766
vn 0.1055288 -0.6454509 0.7564766
vn -0.0193016 -0.9841852 -0.1760878
vn -0.0193016 -0.9841852 -0.1760878
vn -0.1248304 -0.3387343 -0.9325644
vn -0.1248304 -0.3387343 -0.9325644
vn -0.1055288 0.6454509 -0.7564766
vn -0.1055288 0.6454509 -0.7564766
vn 0.0193016 0.9841852 0.1760878
vn 0.0193016 0.9841852 0.1760878
vn 0.1248304 0.3387343 0.9325644
vn 0.1248304 0.3387343 0.9325644
vn -0.0976571 -0.6454385 0.7575435
vn -0.0976571 -0.6454385 0.7575435
vn 0.0313043 -0.9841664 -0.1744610
vn 0.0313043 -0.9841664 -0.1744610
vn 0.1289615 -0.3387279 -0.9320045
vn 0.1289615 -0.3387279 -0.9320045
vn 0.0976571 0.6454385 -0.7575435
vn 0.0976571 0.6454385 -0.7575435
vn -0.0313043 0.9841664 0.1744610
vn -0.0313043 0.9841664 0.1744610
vn -0.1289615 0.3387279 0.9320045
vn -0.1289615 0.3387279 0.9320045
vn 0.1055288 -0.6454509 0.7564766
vn 0.1055288 -0.6454509 0.7564766
vn -0.0193016 -0.9841852 -0.1760878
vn -0.0193016 -0.9841852 -0.1760878
vn -0.1248304 -0.3387343 -0.9325644
vn -0.1248304 -0.3387343 -0.9325644
vn -0.1055288 0.6454509 -0.7564766
vn -0.1055288 0.6454509 -0.7564766
vn 0.0193016 0.9841852 0.1760878
vn 0.0193016 0.9841852 0.1760878
vn 0.1248304 0.3387343 0.9325644
vn 0.1248304 0.3387343 0.9325644
vn -0.1043427 -0.6454553 0.7566374
vn -0.1043427 -0.6454553 0.7566374
vn 0.0211102 -0.9841919 -0.1758427
vn 0.0211102 -0.9841919 -0.1758427
vn 0.1254529 -0.3387366 -0.9324801
vn 0.1254529 -0.3387366 -0.9324801
vn 0.1043427 0.6454553 -0.7566374
vn 0.1043427 0.6454553 -0.7566374
vn -0.0211102 0.9841919 0.1758427
vn -0.0211102 0.9841919 0.1758427
vn -0.1254529 0.3387366 0.9324801
vn -0.1254529 0.3387366 0.9324801
vn 0.1055288 -0.6454509 0.7564766
vn 0.1055288 -0.6454509 0.7564766
vn -0.0193016 -0.9841852 -0.1760878
vn -0.0193016 -0.9841852 -0.1760878
vn -0.1248304 -0.3387343 -0.9325644
vn -0.1248304 -0.3387343 -0.9325644
vn -0.1055288 0.6454509 -0.7564766
vn -0.1055288 0.6454509 -0.7564766
vn 0.0193016 0.9841852 0.1760878
vn 0.0193016 0.9841852 0.1760878
vn 0.1248304 0.3387343 0.9325644
vn 0.1248304 0.3387343 0.9325644
vn -0.1043427 -0.6454553 0.7566374
vn -0.1043427 -0.6454553 0.7566374
vn 0.0211102 -0.9841919 -0.1758427
vn 0.0211102 -0.9841919 -0.1758427
vn 0.1254529 -0.3387366 -0.9324801
vn 0.1254529 -0.3387366 -0.9324801
vn 0.1043427 0.6454553 -0.7566374
vn 0.1043427 0.6454553 -0.7566374
vn -0.0211102 0.9841919 0.1758427
vn -0.0211102 0.9841919 0.1758427
vn -0.1254529 0.3387366 0.9324801
vn -0.1254529 0.3387366 0.9324801
vn 0.0977527 -0.6454392 0.7575306
vn 0.0977527 -0.6454392 0.7575306
vn -0.0311586 -0.9841675 -0.1744807
vn -0.0311586 -0.9841675 -0.1744807
vn -0.1289113 -0.3387282 -0.9320113
vn -0.1289113 -0.3387282 -0.9320113
vn -0.0977527 0.6454392 -0.7575306
vn -0.0977527 0.6454392 -0.7575306
vn 0.0311586 0.9841675 0.1744807
vn 0.0311586 0.9841675 0.1744807
vn 0.1289113 0.3387282 0.9320113
vn 0.1289113 0.3387282 0.9320113
vn -0.1043427 -0.6454553 0.7566374
vn -0.1043427 -0.6454553 0.7566374
vn 0.0211102 -0.9841919 -0.1758427
vn 0.0211102 -0.9841919 -0.1758427
vn 0.1254529 -0.3387366 -0.9324801
vn 0.1254529 -0.3387366 -0.9324801
vn 0.1043427 0.6454553 -0.7566374
vn 0.1043427 0.6454553 -0.7566374
vn -0.0211102 0.9841919 0.1758427
vn -0.0211102 0.9841919 0.1758427
vn -0.1254529 0.3387366 0.9324801
vn -0.1254529 0.3387366 0.9324801
vn 0.0977527 -0.6454392 0.7575306
vn 0.0977527 -0.6454392 0.7575306
vn -0.0311586 -0.9841675 -0.1744807
vn -0.0311586 -0.9841675 -0.1744807
vn -0.1289113 -0.3387282 -0.9320113
vn -0.1289113 -0.3387282 -0.9320113
vn -0.0977527 0.6454392 -0.7575306
vn -0.0977527 0.6454392 -0.7575306
vn 0.0311586 0.9841675 0.1744807
vn 0.0311586 0.9841675 0.1744807
vn 0.1289113 0.3387282 0.9320113
vn 0.1289113 0.3387282 0.9320113
vn -0.1060600 -0.6454482 0.7564046
vn -0.1060600 -0.6454482 0.7564046
vn 0.0184916 -0.9841811 -0.1761976
vn 0.0184916 -0.9841811 -0.1761976
vn 0.1245516 -0.3387329 -0.9326022
vn 0.1245516 -0.3387329 -0.9326022
vn 0.1060600 0.6454482 -0.7564046
vn 0.1060600 0.6454482 -0.7564046
vn -0.0184916 0.9841811 0.1761976
vn -0.0184916 0.9841811 0.1761976
vn -0.1245516 0.3387329 0.9326022
vn -0.1245516 0.3387329 0.9326022
usemtl wood_dark
f 1//1 2//1 3//1
usemtl wood_dark
f 4//2 5//2 6//2
usemtl wood_dark
f 7//3 8//3 9//3
usemtl wood_dark
f 10//4 11//4 12//4
usemtl wood_dark
f 13//5 14//5 15//5
usemtl wood_dark
f 16//6 17//6 18//6
usemtl wood_dark
f 19//7 20//7 21//7
usemtl wood_dark
f 22//8 23//8 24//8
usemtl wood_dark
f 25//9 26//9 27//9
usemtl wood_dark
f 28//10 29//10 30//10
usemtl wood_dark
f 31//11 32//11 33//11
usemtl wood_dark
f 34//12 35//12 36//12
usemtl wood_dark
f 37//13 38//13 39//13
usemtl wood_dark
f 40//14 41//14 42//14
usemtl wood_dark
f 43//15 44//15 45//15
usemtl wood_dark
f 46//16 47//16 48//16
usemtl wood_dark
f 49//17 50//17 51//17
usemtl wood_dark
f 52//18 53//18 54//18
usemtl wood_dark
f 55//19 56//19 57//19
usemtl wood_dark
f 58//20 59//20 60//20
usemtl wood_dark
f 61//21 62//21 63//21
usemtl wood_dark
f 64//22 65//22 66//22
usemtl wood_dark
f 67//23 68//23 69//23
usemtl wood_dark
f 70//24 71//24 72//24
usemtl wood_dark
f 73//25 74//25 75//25
usemtl wood_dark
f 76//26 77//26 78//26
usemtl wood_dark
f 79//27 80//27 81//27
usemtl wood_dark
f 82//28 83//28 84//28
usemtl wood_dark
f 85//29 86//29 87//29
usemtl wood_dark
f 88//30 89//30 90//30
usemtl wood_dark
f 91//31 92//31 93//31
usemtl wood_dark
f 94//32 95//32 96//32
usemtl wood_dark
f 97//33 98//33 99//33
usemtl wood_dark
f 100//34 101//34 102//34
usemtl wood_dark
f 103//35 104//35 105//35
usemtl wood_dark
f 106//36 107//36 108//36
usemtl wood_dark
f 109//37 110//37 111//37
usemtl wood_dark
f 112//38 113//38 114//38
usemtl wood_dark
f 115//39 116//39 117//39
usemtl wood_dark
f 118//40 119//40 120//40
usemtl wood_dark
f 121//41 122//41 123//41
usemtl wood_dark
f 124//42 125//42 126//42
usemtl wood_dark
f 127//43 128//43 129//43
usemtl wood_dark
f 130//44 131//44 132//44
usemtl wood_dark
f 133//45 134//45 135//45
usemtl wood_dark
f 136//46 137//46 138//46
usemtl wood_dark
f 139//47 140//47 141//47
usemtl wood_dark
f 142//48 143//48 144//48
usemtl wood_dark
f 145//49 146//49 147//49
usemtl wood_dark
f 148//50 149//50 150//50
usemtl wood_dark
f 151//51 152//51 153//51
usemtl wood_dark
f 154//52 155//52 156//52
usemtl wood_dark
f 157//53 158//53 159//53
usemtl wood_dark
f 160//54 161//54 162//54
usemtl wood_dark
f 163//55 164//55 165//55
usemtl wood_dark
f 166//56 167//56 168//56
usemtl wood_dark
f 169//57 170//57 171//57
usemtl wood_dark
f 172//58 173//58 174//58
usemtl wood_dark
f 175//59 176//59 177//59
usemtl wood_dark
f 178//60 179//60 180//60
usemtl wood_dark
f 181//61 182//61 183//61
usemtl wood_dark
f 184//62 185//62 186//62
usemtl wood_dark
f 187//63 188//63 189//63
usemtl wood_dark
f 190//64 191//64 192//64
usemtl wood_dark
f 193//65 194//65 195//65
usemtl wood_dark
f 196//66 197//66 198//66
usemtl wood_dark
f 199//67 200//67 201//67
usemtl wood_dark
f 202//68 203//68 204//68
usemtl wood_dark
f 205//69 206//69 207//69
usemtl wood_dark
f 208//70 209//70 210//70
usemtl wood_dark
f 211//71 212//71 213//71
usemtl wood_dark
f 214//72 215//72 216//72
usemtl wood_dark
f 217//73 218//73 219//73
usemtl wood_dark
f 220//74 221//74 222//74
usemtl wood_dark
f 223//75 224//75 225//75
usemtl wood_dark
f 226//76 227//76 228//76
usemtl wood_dark
f 229//77 230//77 231//77
usemtl wood_dark
f 232//78 233//78 234//78
usemtl wood_dark
f 235//79 236//79 237//79
usemtl wood_dark
f 238//80 239//80 240//80
usemtl wicker_dark
f 241//81 242//81 243//81
usemtl wicker_dark
f 244//82 245//82 246//82
usemtl wicker_dark
f 247//83 248//83 249//83
usemtl wicker_dark
f 250//84 251//84 252//84
usemtl wicker_dark
f 253//85 254//85 255//85
usemtl wicker_dark
f 256//86 257//86 258//86
usemtl wicker_dark
f 259//87 260//87 261//87
usemtl wicker_dark
f 262//88 263//88 264//88
usemtl wicker_dark
f 265//89 266//89 267//89
usemtl wicker_dark
f 268//90 269//90 270//90
usemtl wicker_dark
f 271//91 272//91 273//91
usemtl wicker_dark
f 274//92 275//92 276//92
usemtl wicker
f 277//93 278//93 279//93
usemtl wicker
f 280//94 281//94 282//94
usemtl wicker
f 283//95 284//95 285//95
usemtl wicker
f 286//96 287//96 288//96
usemtl wicker
f 289//97 290//97 291//97
usemtl wicker
f 292//98 293//98 294//98
usemtl wicker
f 295//99 296//99 297//99
usemtl wicker
f 298//100 299//100 300//100
usemtl wicker
f 301//101 302//101 303//101
usemtl wicker
f 304//102 305//102 306//102
usemtl wicker
f 307//103 308//103 309//103
usemtl wicker
f 310//104 311//104 312//104
usemtl wicker
f 313//105 314//105 315//105
usemtl wicker
f 316//106 317//106 318//106
usemtl wicker
f 319//107 320//107 321//107
usemtl wicker
f 322//108 323//108 324//108
usemtl wicker
f 325//109 326//109 327//109
usemtl wicker
f 328//110 329//110 330//110
usemtl wicker
f 331//111 332//111 333//111
usemtl wicker
f 334//112 335//112 336//112
usemtl wicker
f 337//113 338//113 339//113
usemtl wicker
f 340//114 341//114 342//114
usemtl wicker
f 343//115 344//115 345//115
usemtl wicker
f 346//116 347//116 348//116
usemtl wicker
f 349//117 350//117 351//117
usemtl wicker
f 352//118 353//118 354//118
usemtl wicker
f 355//119 356//119 357//119
usemtl wicker
f 358//120 359//120 360//120
usemtl wicker
f 361//121 362//121 363//121
usemtl wicker
f 364//122 365//122 366//122
usemtl wicker
f 367//123 368//123 369//123
usemtl wicker
f 370//124 371//124 372//124
usemtl wicker
f 373//125 374//125 375//125
usemtl wicker
f 376//126 377//126 378//126
usemtl wicker
f 379//127 380//127 381//127
usemtl wicker
f 382//128 383//128 384//128
usemtl wicker
f 385//129 386//129 387//129
usemtl wicker
f 388//130 389//130 390//130
usemtl wicker
f 391//131 392//131 393//131
usemtl wicker
f 394//132 395//132 396//132
usemtl wicker
f 397//133 398//133 399//133
usemtl wicker
f 400//134 401//134 402//134
usemtl wicker
f 403//135 404//135 405//135
usemtl wicker
f 406//136 407//136 408//136
usemtl wicker
f 409//137 410//137 411//137
usemtl wicker
f 412//138 413//138 414//138
usemtl wicker
f 415//139 416//139 417//139
usemtl wicker
f 418//140 419//140 420//140
usemtl wicker_dark
f 421//141 422//141 423//141
usemtl wicker_dark
f 424//142 425//142 426//142
usemtl wicker_dark
f 427//143 428//143 429//143
usemtl wicker_dark
f 430//144 431//144 432//144
usemtl wicker_dark
f 433//145 434//145 435//145
usemtl wicker_dark
f 436//146 437//146 438//146
usemtl wicker_dark
f 439//147 440//147 441//147
usemtl wicker_dark
f 442//148 443//148 444//148
usemtl wicker_dark
f 445//149 446//149 447//149
usemtl wicker_dark
f 448//150 449//150 450//150
usemtl wicker_dark
f 451//151 452//151 453//151
usemtl wicker_dark
f 454//152 455//152 456//152
usemtl wicker
f 457//153 458//153 459//153
usemtl wicker
f 460//154 461//154 462//154
usemtl wicker
f 463//155 464//155 465//155
usemtl wicker
f 466//156 467//156 468//156
usemtl wicker
f 469//157 470//157 471//157
usemtl wicker
f 472//158 473//158 474//158
usemtl wicker
f 475//159 476//159 477//159
usemtl wicker
f 478//160 479//160 480//160
usemtl wicker
f 481//161 482//161 483//161
usemtl wicker
f 484//162 485//162 486//162
usemtl wicker
f 487//163 488//163 489//163
usemtl wicker
f 490//164 491//164 492//164
usemtl wicker_dark
f 493//165 494//165 495//165
usemtl wicker_dark
f 496//166 497//166 498//166
usemtl wicker_dark
f 499//167 500//167 501//167
usemtl wicker_dark
f 502//168 503//168 504//168
usemtl wicker_dark
f 505//169 506//169 507//169
usemtl wicker_dark
f 508//170 509//170 510//170
usemtl wicker_dark
f 511//171 512//171 513//171
usemtl wicker_dark
f 514//172 515//172 516//172
usemtl wicker_dark
f 517//173 518//173 519//173
usemtl wicker_dark
f 520//174 521//174 522//174
usemtl wicker_dark
f 523//175 524//175 525//175
usemtl wicker_dark
f 526//176 527//176 528//176
usemtl wicker
f 529//177 530//177 531//177
usemtl wicker
f 532//178 533//178 534//178
usemtl wicker
f 535//179 536//179 537//179
usemtl wicker
f 538//180 539//180 540//180
usemtl wicker
f 541//181 542//181 543//181
usemtl wicker
f 544//182 545//182 546//182
usemtl wicker
f 547//183 548//183 549//183
usemtl wicker
f 550//184 551//184 552//184
usemtl wicker
f 553//185 554//185 555//185
usemtl wicker
f 556//186 557//186 558//186
usemtl wicker
f 559//187 560//187 561//187
usemtl wicker
f 562//188 563//188 564//188
usemtl wicker_dark
f 565//189 566//189 567//189
usemtl wicker_dark
f 568//190 569//190 570//190
usemtl wicker_dark
f 571//191 572//191 573//191
usemtl wicker_dark
f 574//192 575//192 576//192
usemtl wicker_dark
f 577//193 578//193 579//193
usemtl wicker_dark
f 580//194 581//194 582//194
usemtl wicker_dark
f 583//195 584//195 585//195
usemtl wicker_dark
f 586//196 587//196 588//196
usemtl wicker_dark
f 589//197 590//197 591//197
usemtl wicker_dark
f 592//198 593//198 594//198
usemtl wicker_dark
f 595//199 596//199 597//199
usemtl wicker_dark
f 598//200 599//200 600//200
usemtl wicker
f 601//201 602//201 603//201
usemtl wicker
f 604//202 605//202 606//202
usemtl wicker
f 607//203 608//203 609//203
usemtl wicker
f 610//204 611//204 612//204
usemtl wicker
f 613//205 614//205 615//205
usemtl wicker
f 616//206 617//206 618//206
usemtl wicker
f 619//207 620//207 621//207
usemtl wicker
f 622//208 623//208 624//208
usemtl wicker
f 625//209 626//209 627//209
usemtl wicker
f 628//210 629//210 630//210
usemtl wicker
f 631//211 632//211 633//211
usemtl wicker
f 634//212 635//212 636//212
usemtl wicker
f 637//213 638//213 639//213
usemtl wicker
f 640//214 641//214 642//214
usemtl wicker
f 643//215 644//215 645//215
usemtl wicker
f 646//216 647//216 648//216
usemtl wicker
f 649//217 650//217 651//217
usemtl wicker
f 652//218 653//218 654//218
usemtl wicker
f 655//219 656//219 657//219
usemtl wicker
f 658//220 659//220 660//220
usemtl wicker
f 661//221 662//221 663//221
usemtl wicker
f 664//222 665//222 666//222
usemtl wicker
f 667//223 668//223 669//223
usemtl wicker
f 670//224 671//224 672//224
usemtl wicker
f 673//225 674//225 675//225
usemtl wicker
f 676//226 677//226 678//226
usemtl wicker
f 679//227 680//227 681//227
usemtl wicker
f 682//228 683//228 684//228
usemtl wicker
f 685//229 686//229 687//229
usemtl wicker
f 688//230 689//230 690//230
usemtl wicker
f 691//231 692//231 693//231
usemtl wicker
f 694//232 695//232 696//232
usemtl wicker
f 697//233 698//233 699//233
usemtl wicker
f 700//234 701//234 702//234
usemtl wicker
f 703//235 704//235 705//235
usemtl wicker
f 706//236 707//236 708//236
usemtl wicker
f 709//237 710//237 711//237
usemtl wicker
f 712//238 713//238 714//238
usemtl wicker
f 715//239 716//239 717//239
usemtl wicker
f 718//240 719//240 720//240
usemtl wicker
f 721//241 722//241 723//241
usemtl wicker
f 724//242 725//242 726//242
usemtl wicker
f 727//243 728//243 729//243
usemtl wicker
f 730//244 731//244 732//244
usemtl wicker
f 733//245 734//245 735//245
usemtl wicker
f 736//246 737//246 738//246
usemtl wicker
f 739//247 740//247 741//247
usemtl wicker
f 742//248 743//248 744//248
usemtl wicker_dark
f 745//249 746//249 747//249
usemtl wicker_dark
f 748//250 749//250 750//250
usemtl wicker_dark
f 751//251 752//251 753//251
usemtl wicker_dark
f 754//252 755//252 756//252
usemtl wicker_dark
f 757//253 758//253 759//253
usemtl wicker_dark
f 760//254 761//254 762//254
usemtl wicker_dark
f 763//255 764//255 765//255
usemtl wicker_dark
f 766//256 767//256 768//256
usemtl wicker_dark
f 769//257 770//257 771//257
usemtl wicker_dark
f 772//258 773//258 774//258
usemtl wicker_dark
f 775//259 776//259 777//259
usemtl wicker_dark
f 778//260 779//260 780//260
usemtl wicker
f 781//261 782//261 783//261
usemtl wicker
f 784//262 785//262 786//262
usemtl wicker
f 787//263 788//263 789//263
usemtl wicker
f 790//264 791//264 792//264
usemtl wicker
f 793//265 794//265 795//265
usemtl wicker
f 796//266 797//266 798//266
usemtl wicker
f 799//267 800//267 801//267
usemtl wicker
f 802//268 803//268 804//268
usemtl wicker
f 805//269 806//269 807//269
usemtl wicker
f 808//270 809//270 810//270
usemtl wicker
f 811//271 812//271 813//271
usemtl wicker
f 814//272 815//272 816//272
usemtl wicker_dark
f 817//273 818//273 819//273
usemtl wicker_dark
f 820//274 821//274 822//274
usemtl wicker_dark
f 823//275 824//275 825//275
usemtl wicker_dark
f 826//276 827//276 828//276
usemtl wicker_dark
f 829//277 830//277 831//277
usemtl wicker_dark
f 832//278 833//278 834//278
usemtl wicker_dark
f 835//279 836//279 837//279
usemtl wicker_dark
f 838//280 839//280 840//280
usemtl wicker_dark
f 841//281 842//281 843//281
usemtl wicker_dark
f 844//282 845//282 846//282
usemtl wicker_dark
f 847//283 848//283 849//283
usemtl wicker_dark
f 850//284 851//284 852//284
usemtl wicker
f 853//285 854//285 855//285
usemtl wicker
f 856//286 857//286 858//286
usemtl wicker
f 859//287 860//287 861//287
usemtl wicker
f 862//288 863//288 864//288
usemtl wicker
f 865//289 866//289 867//289
usemtl wicker
f 868//290 869//290 870//290
usemtl wicker
f 871//291 872//291 873//291
usemtl wicker
f 874//292 875//292 876//292
usemtl wicker
f 877//293 878//293 879//293
usemtl wicker
f 880//294 881//294 882//294
usemtl wicker
f 883//295 884//295 885//295
usemtl wicker
f 886//296 887//296 888//296
usemtl wicker_dark
f 889//297 890//297 891//297
usemtl wicker_dark
f 892//298 893//298 894//298
usemtl wicker_dark
f 895//299 896//299 897//299
usemtl wicker_dark
f 898//300 899//300 900//300
usemtl wicker_dark
f 901//301 902//301 903//301
usemtl wicker_dark
f 904//302 905//302 906//302
usemtl wicker_dark
f 907//303 908//303 909//303
usemtl wicker_dark
f 910//304 911//304 912//304
usemtl wicker_dark
f 913//305 914//305 915//305
usemtl wicker_dark
f 916//306 917//306 918//306
usemtl wicker_dark
f 919//307 920//307 921//307
usemtl wicker_dark
f 922//308 923//308 924//308
usemtl wicker
f 925//309 926//309 927//309
usemtl wicker
f 928//310 929//310 930//310
usemtl wicker
f 931//311 932//311 933//311
usemtl wicker
f 934//312 935//312 936//312
usemtl wicker
f 937//313 938//313 939//313
usemtl wicker
f 940//314 941//314 942//314
usemtl wicker
f 943//315 944//315 945//315
usemtl wicker
f 946//316 947//316 948//316
usemtl wicker
f 949//317 950//317 951//317
usemtl wicker
f 952//318 953//318 954//318
usemtl wicker
f 955//319 956//319 957//319
usemtl wicker
f 958//320 959//320 960//320
usemtl wicker
f 961//321 962//321 963//321
usemtl wicker
f 964//322 965//322 966//322
usemtl wicker
f 967//323 968//323 969//323
usemtl wicker
f 970//324 971//324 972//324
usemtl wicker
f 973//325 974//325 975//325
usemtl wicker
f 976//326 977//326 978//326
usemtl wicker
f 979//327 980//327 981//327
usemtl wicker
f 982//328 983//328 984//328
usemtl wicker
f 985//329 986//329 987//329
usemtl wicker
f 988//330 989//330 990//330
usemtl wicker
f 991//331 992//331 993//331
usemtl wicker
f 994//332 995//332 996//332
usemtl wicker
f 997//333 998//333 999//333
usemtl wicker
f 1000//334 1001//334 1002//334
usemtl wicker
f 1003//335 1004//335 1005//335
usemtl wicker
f 1006//336 1007//336 1008//336
usemtl wicker
f 1009//337 1010//337 1011//337
usemtl wicker
f 1012//338 1013//338 1014//338
usemtl wicker
f 1015//339 1016//339 1017//339
usemtl wicker
f 1018//340 1019//340 1020//340
usemtl wicker
f 1021//341 1022//341 1023//341
usemtl wicker
f 1024//342 1025//342 1026//342
usemtl wicker
f 1027//343 1028//343 1029//343
usemtl wicker
f 1030//344 1031//344 1032//344
usemtl wicker
f 1033//345 1034//345 1035//345
usemtl wicker
f 1036//346 1037//346 1038//346
usemtl wicker
f 1039//347 1040//347 1041//347
usemtl wicker
f 1042//348 1043//348 1044//348
usemtl wicker
f 1045//349 1046//349 1047//349
usemtl wicker
f 1048//350 1049//350 1050//350
usemtl wicker
f 1051//351 1052//351 1053//351
usemtl wicker
f 1054//352 1055//352 1056//352
usemtl wicker
f 1057//353 1058//353 1059//353
usemtl wicker
f 1060//354 1061//354 1062//354
usemtl wicker
f 1063//355 1064//355 1065//355
usemtl wicker
f 1066//356 1067//356 1068//356
usemtl wicker_dark
f 1069//357 1070//357 1071//357
usemtl wicker_dark
f 1072//358 1073//358 1074//358
usemtl wicker_dark
f 1075//359 1076//359 1077//359
usemtl wicker_dark
f 1078//360 1079//360 1080//360
usemtl wicker_dark
f 1081//361 1082//361 1083//361
usemtl wicker_dark
f 1084//362 1085//362 1086//362
usemtl wicker_dark
f 1087//363 1088//363 1089//363
usemtl wicker_dark
f 1090//364 1091//364 1092//364
usemtl wicker_dark
f 1093//365 1094//365 1095//365
usemtl wicker_dark
f 1096//366 1097//366 1098//366
usemtl wicker_dark
f 1099//367 1100//367 1101//367
usemtl wicker_dark
f 1102//368 1103//368 1104//368
usemtl wicker
f 1105//369 1106//369 1107//369
usemtl wicker
f 1108//370 1109//370 1110//370
usemtl wicker
f 1111//371 1112//371 1113//371
usemtl wicker
f 1114//372 1115//372 1116//372
usemtl wicker
f 1117//373 1118//373 1119//373
usemtl wicker
f 1120//374 1121//374 1122//374
usemtl wicker
f 1123//375 1124//375 1125//375
usemtl wicker
f 1126//376 1127//376 1128//376
usemtl wicker
f 1129//377 1130//377 1131//377
usemtl wicker
f 1132//378 1133//378 1134//378
usemtl wicker
f 1135//379 1136//379 1137//379
usemtl wicker
f 1138//380 1139//380 1140//380
usemtl wicker_dark
f 1141//381 1142//381 1143//381
usemtl wicker_dark
f 1144//382 1145//382 1146//382
usemtl wicker_dark
f 1147//383 1148//383 1149//383
usemtl wicker_dark
f 1150//384 1151//384 1152//384
usemtl wicker_dark
f 1153//385 1154//385 1155//385
usemtl wicker_dark
f 1156//386 1157//386 1158//386
usemtl wicker_dark
f 1159//387 1160//387 1161//387
usemtl wicker_dark
f 1162//388 1163//388 1164//388
usemtl wicker_dark
f 1165//389 1166//389 1167//389
usemtl wicker_dark
f 1168//390 1169//390 1170//390
usemtl wicker_dark
f 1171//391 1172//391 1173//391
usemtl wicker_dark
f 1174//392 1175//392 1176//392
usemtl wicker
f 1177//393 1178//393 1179//393
usemtl wicker
f 1180//394 1181//394 1182//394
usemtl wicker
f 1183//395 1184//395 1185//395
usemtl wicker
f 1186//396 1187//396 1188//396
usemtl wicker
f 1189//397 1190//397 1191//397
usemtl wicker
f 1192//398 1193//398 1194//398
usemtl wicker
f 1195//399 1196//399 1197//399
usemtl wicker
f 1198//400 1199//400 1200//400
usemtl wicker
f 1201//401 1202//401 1203//401
usemtl wicker
f 1204//402 1205//402 1206//402
usemtl wicker
f 1207//403 1208//403 1209//403
usemtl wicker
f 1210//404 1211//404 1212//404
usemtl wicker_dark
f 1213//405 1214//405 1215//405
usemtl wicker_dark
f 1216//406 1217//406 1218//406
usemtl wicker_dark
f 1219//407 1220//407 1221//407
usemtl wicker_dark
f 1222//408 1223//408 1224//408
usemtl wicker_dark
f 1225//409 1226//409 1227//409
usemtl wicker_dark
f 1228//410 1229//410 1230//410
usemtl wicker_dark
f 1231//411 1232//411 1233//411
usemtl wicker_dark
f 1234//412 1235//412 1236//412
usemtl wicker_dark
f 1237//413 1238//413 1239//413
usemtl wicker_dark
f 1240//414 1241//414 1242//414
usemtl wicker_dark
f 1243//415 1244//415 1245//415
usemtl wicker_dark
f 1246//416 1247//416 1248//416
usemtl wicker
f 1249//417 1250//417 1251//417
usemtl wicker
f 1252//418 1253//418 1254//418
usemtl wicker
f 1255//419 1256//419 1257//419
usemtl wicker
f 1258//420 1259//420 1260//420
usemtl wicker
f 1261//421 1262//421 1263//421
usemtl wicker
f 1264//422 1265//422 1266//422
usemtl wicker
f 1267//423 1268//423 1269//423
usemtl wicker
f 1270//424 1271//424 1272//424
usemtl wicker
f 1273//425 1274//425 1275//425
usemtl wicker
f 1276//426 1277//426 1278//426
usemtl wicker
f 1279//427 1280//427 1281//427
usemtl wicker
f 1282//428 1283//428 1284//428
usemtl wicker
f 1285//429 1286//429 1287//429
usemtl wicker
f 1288//430 1289//430 1290//430
usemtl wicker
f 1291//431 1292//431 1293//431
usemtl wicker
f 1294//432 1295//432 1296//432
usemtl wicker
f 1297//433 1298//433 1299//433
usemtl wicker
f 1300//434 1301//434 1302//434
usemtl wicker
f 1303//435 1304//435 1305//435
usemtl wicker
f 1306//436 1307//436 1308//436
usemtl wicker
f 1309//437 1310//437 1311//437
usemtl wicker
f 1312//438 1313//438 1314//438
usemtl wicker
f 1315//439 1316//439 1317//439
usemtl wicker
f 1318//440 1319//440 1320//440
usemtl wicker
f 1321//441 1322//441 1323//441
usemtl wicker
f 1324//442 1325//442 1326//442
usemtl wicker
f 1327//443 1328//443 1329//443
usemtl wicker
f 1330//444 1331//444 1332//444
usemtl wicker
f 1333//445 1334//445 1335//445
usemtl wicker
f 1336//446 1337//446 1338//446
usemtl wicker
f 1339//447 1340//447 1341//447
usemtl wicker
f 1342//448 1343//448 1344//448
usemtl wicker
f 1345//449 1346//449 1347//449
usemtl wicker
f 1348//450 1349//450 1350//450
usemtl wicker
f 1351//451 1352//451 1353//451
usemtl wicker
f 1354//452 1355//452 1356//452
usemtl wicker
f 1357//453 1358//453 1359//453
usemtl wicker
f 1360//454 1361//454 1362//454
usemtl wicker
f 1363//455 1364//455 1365//455
usemtl wicker
f 1366//456 1367//456 1368//456
usemtl wicker
f 1369//457 1370//457 1371//457
usemtl wicker
f 1372//458 1373//458 1374//458
usemtl wicker
f 1375//459 1376//459 1377//459
usemtl wicker
f 1378//460 1379//460 1380//460
usemtl wicker
f 1381//461 1382//461 1383//461
usemtl wicker
f 1384//462 1385//462 1386//462
usemtl wicker
f 1387//463 1388//463 1389//463
usemtl wicker
f 1390//464 1391//464 1392//464
usemtl wicker_dark
f 1393//465 1394//465 1395//465
usemtl wicker_dark
f 1396//466 1397//466 1398//466
usemtl wicker_dark
f 1399//467 1400//467 1401//467
usemtl wicker_dark
f 1402//468 1403//468 1404//468
usemtl wicker_dark
f 1405//469 1406//469 1407//469
usemtl wicker_dark
f 1408//470 1409//470 1410//470
usemtl wicker_dark
f 1411//471 1412//471 1413//471
usemtl wicker_dark
f 1414//472 1415//472 1416//472
usemtl wicker_dark
f 1417//473 1418//473 1419//473
usemtl wicker_dark
f 1420//474 1421//474 1422//474
usemtl wicker_dark
f 1423//475 1424//475 1425//475
usemtl wicker_dark
f 1426//476 1427//476 1428//476
usemtl wicker
f 1429//477 1430//477 1431//477
usemtl wicker
f 1432//478 1433//478 1434//478
usemtl wicker
f 1435//479 1436//479 1437//479
usemtl wicker
f 1438//480 1439//480 1440//480
usemtl wicker
f 1441//481 1442//481 1443//481
usemtl wicker
f 1444//482 1445//482 1446//482
usemtl wicker
f 1447//483 1448//483 1449//483
usemtl wicker
f 1450//484 1451//484 1452//484
usemtl wicker
f 1453//485 1454//485 1455//485
usemtl wicker
f 1456//486 1457//486 1458//486
usemtl wicker
f 1459//487 1460//487 1461//487
usemtl wicker
f 1462//488 1463//488 1464//488
usemtl wicker_dark
f 1465//489 1466//489 1467//489
usemtl wicker_dark
f 1468//490 1469//490 1470//490
usemtl wicker_dark
f 1471//491 1472//491 1473//491
usemtl wicker_dark
f 1474//492 1475//492 1476//492
usemtl wicker_dark
f 1477//493 1478//493 1479//493
usemtl wicker_dark
f 1480//494 1481//494 1482//494
usemtl wicker_dark
f 1483//495 1484//495 1485//495
usemtl wicker_dark
f 1486//496 1487//496 1488//496
usemtl wicker_dark
f 1489//497 1490//497 1491//497
usemtl wicker_dark
f 1492//498 1493//498 1494//498
usemtl wicker_dark
f 1495//499 1496//499 1497//499
usemtl wicker_dark
f 1498//500 1499//500 1500//500
usemtl wicker
f 1501//501 1502//501 1503//501
usemtl wicker
f 1504//502 1505//502 1506//502
usemtl wicker
f 1507//503 1508//503 1509//503
usemtl wicker
f 1510//504 1511//504 1512//504
usemtl wicker
f 1513//505 1514//505 1515//505
usemtl wicker
f 1516//506 1517//506 1518//506
usemtl wicker
f 1519//507 1520//507 1521//507
usemtl wicker
f 1522//508 1523//508 1524//508
usemtl wicker
f 1525//509 1526//509 1527//509
usemtl wicker
f 1528//510 1529//510 1530//510
usemtl wicker
f 1531//511 1532//511 1533//511
usemtl wicker
f 1534//512 1535//512 1536//512
usemtl wicker_dark
f 1537//513 1538//513 1539//513
usemtl wicker_dark
f 1540//514 1541//514 1542//514
usemtl wicker_dark
f 1543//515 1544//515 1545//515
usemtl wicker_dark
f 1546//516 1547//516 1548//516
usemtl wicker_dark
f 1549//517 1550//517 1551//517
usemtl wicker_dark
f 1552//518 1553//518 1554//518
usemtl wicker_dark
f 1555//519 1556//519 1557//519
usemtl wicker_dark
f 1558//520 1559//520 1560//520
usemtl wicker_dark
f 1561//521 1562//521 1563//521
usemtl wicker_dark
f 1564//522 1565//522 1566//522
usemtl wicker_dark
f 1567//523 1568//523 1569//523
usemtl wicker_dark
f 1570//524 1571//524 1572//524
usemtl wicker
f 1573//525 1574//525 1575//525
usemtl wicker
f 1576//526 1577//526 1578//526
usemtl wicker
f 1579//527 1580//527 1581//527
usemtl wicker
f 1582//528 1583//528 1584//528
usemtl wicker
f 1585//529 1586//529 1587//529
usemtl wicker
f 1588//530 1589//530 1590//530
usemtl wicker
f 1591//531 1592//531 1593//531
usemtl wicker
f 1594//532 1595//532 1596//532
usemtl wicker
f 1597//533 1598//533 1599//533
usemtl wicker
f 1600//534 1601//534 1602//534
usemtl wicker
f 1603//535 1604//535 1605//535
usemtl wicker
f 1606//536 1607//536 1608//536
usemtl wicker
f 1609//537 1610//537 1611//537
usemtl wicker
f 1612//538 1613//538 1614//538
usemtl wicker
f 1615//539 1616//539 1617//539
usemtl wicker
f 1618//540 1619//540 1620//540
usemtl wicker
f 1621//541 1622//541 1623//541
usemtl wicker
f 1624//542 1625//542 1626//542
usemtl wicker
f 1627//543 1628//543 1629//543
usemtl wicker
f 1630//544 1631//544 1632//544
usemtl wicker
f 1633//545 1634//545 1635//545
usemtl wicker
f 1636//546 1637//546 1638//546
usemtl wicker
f 1639//547 1640//547 1641//547
usemtl wicker
f 1642//548 1643//548 1644//548
usemtl wicker
f 1645//549 1646//549 1647//549
usemtl wicker
f 1648//550 1649//550 1650//550
usemtl wicker
f 1651//551 1652//551 1653//551
usemtl wicker
f 1654//552 1655//552 1656//552
usemtl wicker
f 1657//553 1658//553 1659//553
usemtl wicker
f 1660//554 1661//554 1662//554
usemtl wicker
f 1663//555 1664//555 1665//555
usemtl wicker
f 1666//556 1667//556 1668//556
usemtl wicker
f 1669//557 1670//557 1671//557
usemtl wicker
f 1672//558 1673//558 1674//558
usemtl wicker
f 1675//559 1676//559 1677//559
usemtl wicker
f 1678//560 1679//560 1680//560
usemtl wicker
f 1681//561 1682//561 1683//561
usemtl wicker
f 1684//562 1685//562 1686//562
usemtl wicker
f 1687//563 1688//563 1689//563
usemtl wicker
f 1690//564 1691//564 1692//564
usemtl wicker
f 1693//565 1694//565 1695//565
usemtl wicker
f 1696//566 1697//566 1698//566
usemtl wicker
f 1699//567 1700//567 1701//567
usemtl wicker
f 1702//568 1703//568 1704//568
usemtl wicker
f 1705//569 1706//569 1707//569
usemtl wicker
f 1708//570 1709//570 1710//570
usemtl wicker
f 1711//571 1712//571 1713//571
usemtl wicker
f 1714//572 1715//572 1716//572
usemtl wicker_dark
f 1717//573 1718//573 1719//573
usemtl wicker_dark
f 1720//574 1721//574 1722//574
usemtl wicker_dark
f 1723//575 1724//575 1725//575
usemtl wicker_dark
f 1726//576 1727//576 1728//576
usemtl wicker_dark
f 1729//577 1730//577 1731//577
usemtl wicker_dark
f 1732//578 1733//578 1734//578
usemtl wicker_dark
f 1735//579 1736//579 1737//579
usemtl wicker_dark
f 1738//580 1739//580 1740//580
usemtl wicker_dark
f 1741//581 1742//581 1743//581
usemtl wicker_dark
f 1744//582 1745//582 1746//582
usemtl wicker_dark
f 1747//583 1748//583 1749//583
usemtl wicker_dark
f 1750//584 1751//584 1752//584
usemtl wicker
f 1753//585 1754//585 1755//585
usemtl wicker
f 1756//586 1757//586 1758//586
usemtl wicker
f 1759//587 1760//587 1761//587
usemtl wicker
f 1762//588 1763//588 1764//588
usemtl wicker
f 1765//589 1766//589 1767//589
usemtl wicker
f 1768//590 1769//590 1770//590
usemtl wicker
f 1771//591 1772//591 1773//591
usemtl wicker
f 1774//592 1775//592 1776//592
usemtl wicker
f 1777//593 1778//593 1779//593
usemtl wicker
f 1780//594 1781//594 1782//594
usemtl wicker
f 1783//595 1784//595 1785//595
usemtl wicker
f 1786//596 1787//596 1788//596
usemtl wicker_dark
f 1789//597 1790//597 1791//597
usemtl wicker_dark
f 1792//598 1793//598 1794//598
usemtl wicker_dark
f 1795//599 1796//599 1797//599
usemtl wicker_dark
f 1798//600 1799//600 1800//600
usemtl wicker_dark
f 1801//601 1802//601 1803//601
usemtl wicker_dark
f 1804//602 1805//602 1806//602
usemtl wicker_dark
f 1807//603 1808//603 1809//603
usemtl wicker_dark
f 1810//604 1811//604 1812//604
usemtl wicker_dark
f 1813//605 1814//605 1815//605
usemtl wicker_dark
f 1816//606 1817//606 1818//606
usemtl wicker_dark
f 1819//607 1820//607 1821//607
usemtl wicker_dark
f 1822//608 1823//608 1824//608
usemtl wicker
f 1825//609 1826//609 1827//609
usemtl wicker
f 1828//610 1829//610 1830//610
usemtl wicker
f 1831//611 1832//611 1833//611
usemtl wicker
f 1834//612 1835//612 1836//612
usemtl wicker
f 1837//613 1838//613 1839//613
usemtl wicker
f 1840//614 1841//614 1842//614
usemtl wicker
f 1843//615 1844//615 1845//615
usemtl wicker
f 1846//616 1847//616 1848//616
usemtl wicker
f 1849//617 1850//617 1851//617
usemtl wicker
f 1852//618 1853//618 1854//618
usemtl wicker
f 1855//619 1856//619 1857//619
usemtl wicker
f 1858//620 1859//620 1860//620
