frame,timestamp_ms,wall_ms,stage,transition,tier
12,51.1632,12.3109,boot.first-measured,Idle,-1
13,229.8699,178.7689,boot.first-measured,Idle,-1
14,904.5535,674.6833,boot.first-measured,Idle,-1
15,1776.5809,872.0274,boot.first-measured,Idle,-1
16,2620.3984,843.8177,boot.first-measured,Covering,1
17,2752.5736,132.175,boot.first-measured,Covering,1
18,2773.7567,21.1833,boot.first-measured,Covering,1
19,2792.8106,19.0539,boot.first-measured,Covering,1
20,2809.4339,16.6233,boot.first-measured,Covering,1
21,2824.7051,15.2713,boot.first-measured,Covering,1
22,2845.8202,21.115,boot.first-measured,Covering,1
23,2870.5567,24.7365,boot.first-measured,Covering,1
24,2893.61,23.0534,boot.first-measured,Covering,1
25,2914.3321,20.7221,boot.first-measured,Covering,1
26,2952.1641,37.8318,boot.first-measured,Covering,1
27,2960.7958,8.6319,boot.first-measured,Covering,1
28,2984.4072,23.6111,boot.first-measured,Covering,1
29,3002.3421,17.935,boot.first-measured,Covering,1
30,3030.3067,27.9646,boot.first-measured,Covering,1
31,3051.5623,21.2557,boot.first-measured,Covering,1
32,3076.232,24.6697,boot.first-measured,Covering,1
33,3103.0406,26.8085,boot.first-measured,Covering,1
34,3156.9108,53.8704,boot.first-measured,Covering,1
35,3169.9827,13.0716,boot.first-measured,Covering,1
36,3186.974,16.9913,boot.first-measured,Covering,1
37,3253.7629,66.789,boot.first-measured,Covering,1
38,3269.0417,15.2788,boot.first-measured,Covering,1
39,3285.8083,16.7665,boot.first-measured,Covering,1
40,3311.6619,25.8536,boot.first-measured,Covering,1
41,3334.0348,22.3729,boot.first-measured,Covering,1
42,3351.6379,17.6033,boot.first-measured,Covering,1
43,3371.9011,20.2627,boot.first-measured,Covering,1
44,3391.6945,19.7939,boot.first-measured,CoveredLoading,1
45,3404.8353,13.1408,boot.first-measured,CoveredLoading,1
46,3426.9424,22.1071,boot.first-measured,CoveredLoading,1
47,3577.2452,150.3029,boot.first-measured,CoveredLoading,1
48,3725.418,148.1722,boot.first-measured,CoveredLoading,1
49,3908.0949,182.6775,boot.first-measured,CoveredLoading,1
50,4174.6175,266.5224,boot.first-measured,CoveredLoading,1
51,4206.3945,31.7771,boot.first-measured,CoveredLoading,1
52,4456.8943,250.4998,boot.first-measured,CoveredLoading,1
53,4506.586,49.6916,boot.first-measured,CoveredLoading,1
54,4534.9964,28.4105,boot.first-measured,CoveredLoading,1
55,4551.2473,16.251,boot.first-measured,CoveredLoading,1
56,4577.3385,26.0908,boot.first-measured,CoveredLoading,1
57,4593.2019,15.8638,boot.first-measured,CoveredLoading,1
58,4640.0464,46.8441,boot.first-measured,CoveredLoading,1
59,4653.9417,13.8956,boot.first-measured,CoveredLoading,1
60,4688.5203,34.5785,boot.first-measured,CoveredLoading,1
61,4730.0115,41.4914,boot.first-measured,Preparing,1
62,4772.0397,42.0279,boot.first-measured,Preparing,1
63,4821.4322,49.3927,boot.first-measured,Preparing,1
64,4870.0175,48.5853,boot.first-measured,Preparing,1
65,4917.7785,47.7609,boot.first-measured,Preparing,1
66,4959.3167,41.5384,boot.first-measured,Preparing,1
67,5006.9911,47.6744,boot.first-measured,Revealing,1
68,5060.4502,53.459,boot.first-measured,Revealing,1
69,5104.647,44.1968,boot.first-measured,Revealing,1
70,5156.0482,51.401,boot.first-measured,Revealing,1
71,5188.0007,31.9527,boot.first-measured,Revealing,1
72,5227.3807,39.38,boot.first-measured,Revealing,1
73,5270.4133,43.0326,boot.first-measured,Revealing,1
74,5319.6731,49.2596,boot.first-measured,Revealing,1
75,5364.2614,44.5885,boot.first-measured,Revealing,1
76,5398.1122,33.8508,boot.first-measured,Revealing,1
77,5432.1648,34.0525,boot.first-measured,Revealing,1
78,5469.9426,37.7778,boot.first-measured,Revealing,1
79,5511.6295,41.687,boot.first-measured,Revealing,1
80,5545.3259,33.6962,boot.first-measured,Revealing,1
81,5587.1655,41.8398,boot.first-measured,Revealing,1
82,5627.1929,40.0274,boot.first-measured,Revealing,1
83,5665.3265,38.1336,boot.first-measured,Revealing,1
84,5697.328,32.0015,boot.first-measured,Revealing,1
85,5737.2185,39.8904,boot.first-measured,Revealing,1
86,5779.2845,42.0661,boot.first-measured,Revealing,1
87,5820.2486,40.9641,boot.first-measured,Revealing,1
88,5861.1599,40.9113,boot.first-measured,Revealing,1
89,5894.9309,33.7711,boot.first-measured,Revealing,1
90,5932.1703,37.2393,boot.first-measured,Revealing,1
91,5968.5125,36.3421,boot.first-measured,Revealing,1
92,6006.8304,38.3179,boot.first-measured,Revealing,1
93,6044.2582,37.4279,boot.first-measured,Revealing,1
94,6079.0332,34.775,boot.first-measured,Revealing,1
95,6117.6193,38.5861,boot.first-measured,Revealing,1
96,6155.1207,37.5013,boot.first-measured,Revealing,1
97,6186.8226,31.7019,boot.first-measured,Revealing,1
98,6224.5253,37.7027,boot.first-measured,Revealing,1
99,6261.9479,37.4227,boot.first-measured,Revealing,1
100,6300.6752,38.7273,boot.first-measured,Revealing,1
101,6334.8509,34.1757,boot.first-measured,Revealing,1
102,6369.9083,35.0574,boot.first-measured,Revealing,1
103,6412.5394,42.6311,boot.first-measured,Idle,1
104,6452.5108,39.9714,boot.first-measured,Idle,1
105,6620.2889,167.7779,menu.high.initial-load,Idle,2
106,6697.318,77.0293,menu.high.initial-load,Idle,2
107,6860.3645,163.046,menu.high.initial-load,Idle,2
108,7180.4408,320.0766,menu.high.initial-load,Idle,2
109,7215.5174,35.0769,menu.high.initial-load,Idle,2
110,7257.3652,41.8477,menu.high.initial-load,Idle,2
111,7295.7633,38.3982,menu.high.initial-load,Idle,2
112,7328.6175,32.8541,menu.high.initial-load,Idle,2
113,7359.7052,31.0875,menu.high.initial-load,Idle,2
114,7392.4129,32.7079,menu.high.initial-load,Idle,2
115,7410.7622,18.3493,menu.high.initial-load,Idle,2
116,7452.8652,42.1028,menu.high.initial-load,Idle,2
117,7526.7019,73.8367,menu.high.initial-load,Idle,2
118,7543.9501,17.2485,menu.high.initial-load,Idle,2
119,7575.3826,31.4324,menu.high.initial-load,Idle,2
120,7612.7872,37.4046,menu.high.initial-load,Idle,2
121,7650.8245,38.0374,menu.high.initial-load,Idle,2
122,7690.3098,39.4853,menu.high.initial-load,Idle,2
123,7725.3673,35.0575,menu.high.initial-load,Idle,2
124,7767.6999,42.3325,menu.high.initial-load,Idle,2
125,7802.7626,35.0626,menu.high.initial-load,Idle,2
126,7841.3658,38.6033,menu.high.initial-load,Idle,2
127,7879.6032,38.2375,menu.high.initial-load,Idle,2
128,7917.9706,38.3669,menu.high.initial-load,Idle,2
129,7957.3691,39.399,menu.high.initial-load,Idle,2
130,7992.5143,35.1451,menu.high.initial-load,Idle,2
131,8034.3963,41.8819,menu.high.initial-load,Idle,2
132,8068.7129,34.3167,menu.high.initial-load,Idle,2
133,8107.963,39.2501,menu.high.initial-load,Idle,2
134,8142.6718,34.7089,menu.high.initial-load,Idle,2
135,8184.3033,41.6314,menu.high.initial-load,Idle,2
136,8220.5829,36.2794,menu.high.initial-load,Idle,2
137,8267.0063,46.4236,menu.high.initial-load,Idle,2
138,8301.0858,34.0795,menu.high.initial-load,Idle,2
139,8340.4763,39.3905,menu.high.initial-load,Idle,2
140,8374.7965,34.3203,menu.high.initial-load,Idle,2
141,8416.7619,41.9653,menu.high.initial-load,Idle,2
142,8451.6225,34.8605,menu.high.initial-load,Idle,2
143,8491.0239,39.4015,menu.high.initial-load,Idle,2
144,8525.728,34.7041,menu.high.initial-load,Idle,2
145,8567.017,41.289,menu.high.initial-load,Idle,2
146,8601.7439,34.7265,menu.high.initial-load,Idle,2
147,8640.9934,39.2499,menu.high.initial-load,Idle,2
148,8675.9106,34.9173,menu.high.initial-load,Idle,2
149,8717.1983,41.2877,menu.high.initial-load,Idle,2
150,8752.0927,34.8943,menu.high.initial-load,Idle,2
151,8791.5545,39.4619,menu.high.initial-load,Idle,2
152,8829.3456,37.791,menu.high.steady,Idle,2
153,8867.5381,38.1925,menu.high.steady,Idle,2
154,8907.0129,39.4749,menu.high.steady,Idle,2
155,8942.1031,35.0901,menu.high.steady,Idle,2
156,8983.8782,41.7751,menu.high.steady,Idle,2
157,9027.4669,43.5887,menu.high.steady,Idle,2
158,9064.2966,36.8297,menu.high.steady,Idle,2
159,9085.1024,20.8058,menu.high.steady,Idle,2
160,9125.4904,40.388,menu.high.steady,Idle,2
161,9167.045,41.5546,menu.high.steady,Idle,2
162,9202.1523,35.1072,menu.high.steady,Idle,2
163,9238.4285,36.2763,menu.high.steady,Idle,2
164,9276.1875,37.7591,menu.high.steady,Idle,2
165,9317.31,41.1225,menu.high.steady,Idle,2
166,9351.9758,34.6656,menu.high.steady,Idle,2
167,9391.1808,39.2052,menu.high.steady,Idle,2
168,9426.3867,35.2058,menu.high.steady,Idle,2
169,9465.7244,39.3377,menu.high.steady,Idle,2
170,9506.4613,40.7369,menu.high.steady,Idle,2
171,9541.2298,34.7686,menu.high.steady,Idle,2
172,9579.487,38.2571,menu.high.steady,Idle,2
173,9610.5283,31.0413,menu.high.steady,Idle,2
174,9646.079,35.5507,menu.high.steady,Idle,2
175,9684.5967,38.5176,menu.high.steady,Idle,2
176,9723.9674,39.3708,menu.high.steady,Idle,2
177,9759.3733,35.4059,menu.high.steady,Idle,2
178,9800.9549,41.5816,menu.high.steady,Idle,2
179,9840.2565,39.3015,menu.high.steady,Idle,2
180,9875.2769,35.0204,menu.high.steady,Idle,2
181,9917.2842,42.0074,menu.high.steady,Idle,2
182,9952.4533,35.169,menu.high.steady,Idle,2
183,9989.1969,36.7434,menu.high.steady,Idle,2
184,10020.9305,31.734,menu.high.steady,Idle,2
185,10055.7338,34.8032,menu.high.steady,Idle,2
186,10095.8906,40.1568,menu.high.steady,Idle,2
187,10132.7057,36.8151,menu.high.steady,Idle,2
188,10171.4656,38.7599,menu.high.steady,Idle,2
189,10206.3104,34.8448,menu.high.steady,Idle,2
190,10247.3294,41.0189,menu.high.steady,Idle,2
191,10275.331,27.9815,menu.high.steady,Idle,2
192,10317.2455,41.9347,menu.high.steady,Idle,2
193,10351.6214,34.3756,menu.high.steady,Idle,2
194,10390.9532,39.3319,menu.high.steady,Idle,2
195,10429.0492,38.0962,menu.high.steady,Idle,2
196,10467.3514,38.3022,menu.high.steady,Idle,2
197,10506.9091,39.5577,menu.high.steady,Idle,2
198,10541.6301,34.721,menu.high.steady,Idle,2
199,10581.2585,39.6285,menu.high.steady,Idle,2
200,10608.4239,27.1654,menu.high.steady,Idle,2
201,10650.5176,42.0936,menu.high.steady,Idle,2
202,10685.1985,34.6807,menu.high.steady,Idle,2
203,10724.3116,39.1134,menu.high.steady,Idle,2
204,10762.343,38.0314,menu.high.steady,Idle,2
205,10800.6873,38.3441,menu.high.steady,Idle,2
206,10840.2629,39.5758,menu.high.steady,Idle,2
207,10875.0036,34.7406,menu.high.steady,Idle,2
208,10915.4153,40.4117,menu.high.steady,Idle,2
209,10951.7324,36.3171,menu.high.steady,Idle,2
210,10990.6176,38.8852,menu.high.steady,Idle,2
211,11025.5696,34.952,menu.high.steady,Idle,2
212,11067.6025,42.0328,menu.high.steady,Idle,2
213,11101.8148,34.2122,menu.high.steady,Idle,2
214,11140.6983,38.8838,menu.high.steady,Idle,2
215,11178.9131,38.2148,menu.high.steady,Idle,2
216,11216.3711,37.4579,menu.high.steady,Idle,2
217,11256.8394,40.4683,menu.high.steady,Idle,2
218,11291.6535,34.8141,menu.high.steady,Idle,2
219,11331.7425,40.089,menu.high.steady,Idle,2
220,11366.8807,35.1382,menu.high.steady,Idle,2
221,11407.9114,41.0307,menu.high.steady,Idle,2
222,11445.4863,37.5749,menu.high.steady,Idle,2
223,11483.8778,38.3916,menu.high.steady,Idle,2
224,11523.7047,39.8269,menu.high.steady,Idle,2
225,11558.7747,35.07,menu.high.steady,Idle,2
226,11600.7014,41.9265,menu.high.steady,Idle,2
227,11635.5764,34.8746,menu.high.steady,Idle,2
228,11674.4493,38.8734,menu.high.steady,Idle,2
229,11712.4384,37.9891,menu.high.steady,Idle,2
230,11751.1394,38.701,menu.high.steady,Idle,2
231,11790.2711,39.1318,menu.high.steady,Idle,2
232,11828.6292,38.358,menu.high.steady,Idle,2
233,11868.1592,39.5291,menu.high.steady,Idle,2
234,11907.6145,39.4561,menu.high.steady,Idle,2
235,11945.8413,38.2268,menu.high.steady,Idle,2
236,11984.8612,39.02,menu.high.steady,Idle,2
237,12024.1951,39.3339,menu.high.steady,Idle,2
238,12058.9945,34.7994,menu.high.steady,Idle,2
239,12100.358,41.3635,menu.high.steady,Idle,2
240,12135.1364,34.7783,menu.high.steady,Idle,2
241,12174.3096,39.1733,menu.high.steady,Idle,2
242,12209.2754,34.9659,menu.high.steady,Idle,2
243,12250.4535,41.1779,menu.high.steady,Idle,2
244,12285.098,34.6446,menu.high.steady,Idle,2
245,12324.6568,39.5588,menu.high.steady,Idle,2
246,12362.2795,37.6228,menu.high.steady,Idle,2
247,12400.8271,38.5474,menu.high.steady,Idle,2
248,12440.3973,39.5703,menu.high.steady,Idle,2
249,12478.9785,38.5812,menu.high.steady,Idle,2
250,12517.3158,38.3373,menu.high.steady,Idle,2
251,12556.9409,39.6252,menu.high.steady,Idle,2
252,12591.9822,35.0412,menu.high.steady,Idle,2
253,12623.124,31.1418,menu.high.steady,Idle,2
254,12658.5842,35.4602,menu.high.steady,Idle,2
255,12695.9916,37.4074,menu.high.steady,Idle,2
256,12734.4919,38.5004,menu.high.steady,Idle,2
257,12774.217,39.7249,menu.high.steady,Idle,2
258,12809.7434,35.5264,menu.high.steady,Idle,2
259,12851.3004,41.5571,menu.high.steady,Idle,2
260,12890.5613,39.261,menu.high.steady,Idle,2
261,12926.2824,35.7211,menu.high.steady,Idle,2
262,12976.5223,50.2398,menu.high.steady,Idle,2
263,13009.258,32.7358,menu.high.steady,Idle,2
264,13052.006,42.7478,menu.high.steady,Idle,2
265,13090.3492,38.3434,menu.high.steady,Idle,2
266,13129.1856,38.8363,menu.high.steady,Idle,2
267,13167.4089,38.2234,menu.high.steady,Idle,2
268,13207.0677,39.6586,menu.high.steady,Idle,2
269,13242.616,35.5485,menu.high.steady,Idle,2
270,13284.1648,41.5486,menu.high.steady,Idle,2
271,13318.5643,34.3996,menu.high.steady,Idle,2
272,13357.8907,39.3264,menu.high.steady,Idle,2
273,13392.9008,35.0102,menu.high.steady,Idle,2
274,13434.5075,41.6066,menu.high.steady,Idle,2
275,13468.9001,34.3926,menu.high.steady,Idle,2
276,13507.9735,39.0735,menu.high.steady,Idle,2
277,13545.8443,37.8707,menu.high.steady,Idle,2
278,13583.9874,38.1431,menu.high.steady,Idle,2
279,13623.9604,39.973,menu.high.steady,Idle,2
280,13658.6604,34.7001,menu.high.steady,Idle,2
281,13700.4648,41.8043,menu.high.steady,Idle,2
282,13734.4158,33.9511,menu.high.steady,Idle,2
283,13774.8124,40.3966,menu.high.steady,Idle,2
284,13815.0212,40.2088,menu.high.steady,Idle,2
285,13852.4113,37.39,menu.high.steady,Idle,2
286,13890.9874,38.5762,menu.high.steady,Idle,2
287,13929.6761,38.6886,menu.high.steady,Idle,2
288,13968.6587,38.9825,menu.high.steady,Idle,2
289,14007.1381,38.4796,menu.high.steady,Idle,2
290,14045.5694,38.4313,menu.high.steady,Idle,2
291,14082.945,37.3755,menu.high.steady,Idle,2
292,14120.9146,37.9697,menu.high.steady,Idle,2
293,14158.1589,37.2441,menu.high.steady,Idle,2
294,14200.5219,42.3631,menu.high.steady,Idle,2
295,14236.4076,35.8856,menu.high.steady,Idle,2
296,14274.5491,38.1417,menu.high.steady,Idle,2
297,14312.8963,38.3472,menu.high.steady,Idle,2
298,14351.995,39.0985,menu.high.steady,Idle,2
299,14390.7793,38.7845,menu.high.steady,Idle,2
300,14428.6544,37.875,menu.high.steady,Idle,2
301,14467.8939,39.2396,menu.high.steady,Idle,2
302,14542.602,74.7078,audit.snapshot.menu.high.steady,Idle,0
303,14556.1789,13.5771,audit.snapshot.menu.high.steady,Idle,0
304,14587.7856,31.6068,audit.snapshot.menu.high.steady,Idle,0
305,14619.526,31.7403,audit.snapshot.menu.high.steady,Idle,0
306,14643.9981,24.4721,audit.snapshot.menu.high.steady,Idle,0
307,14673.519,29.521,audit.snapshot.menu.high.steady,Idle,0
308,14701.8468,28.3277,audit.snapshot.menu.high.steady,Idle,0
309,14733.7831,31.9363,audit.snapshot.menu.high.steady,Idle,0
310,14762.0272,28.2441,audit.snapshot.menu.high.steady,Idle,0
311,14788.3592,26.332,audit.snapshot.menu.high.steady,Idle,0
312,14817.3835,29.0243,audit.snapshot.menu.high.steady,Idle,0
313,14850.5682,33.1848,audit.snapshot.menu.high.steady,Idle,0
314,14882.5047,31.9363,audit.snapshot.menu.high.steady,Idle,0
315,14911.2466,28.742,audit.snapshot.menu.high.steady,Idle,0
316,14940.0441,28.7976,audit.snapshot.menu.high.steady,Idle,0
317,14968.3507,28.3065,audit.snapshot.menu.high.steady,Idle,0
318,15000.3003,31.9497,audit.snapshot.menu.high.steady,Idle,0
319,15028.6168,28.3165,audit.snapshot.menu.high.steady,Idle,0
320,15057.5613,28.9444,audit.snapshot.menu.high.steady,Idle,0
321,15085.8444,28.283,audit.snapshot.menu.high.steady,Idle,0
322,15117.1891,31.3448,audit.snapshot.menu.high.steady,Idle,0
323,15145.3428,28.1538,audit.snapshot.menu.high.steady,Idle,0
324,15176.8403,31.4975,audit.snapshot.menu.high.steady,Idle,0
325,15201.9604,25.1199,audit.snapshot.menu.high.steady,Idle,0
326,15228.8067,26.8462,audit.snapshot.menu.high.steady,Idle,0
327,15251.935,23.128,audit.snapshot.menu.high.steady,Idle,0
328,15284.9127,32.9781,audit.snapshot.menu.high.steady,Idle,0
329,15316.5036,31.591,audit.snapshot.menu.high.steady,Idle,0
330,15345.0457,28.5421,audit.snapshot.menu.high.steady,Idle,0
331,15374.0945,29.0489,audit.snapshot.menu.high.steady,Idle,0
332,15402.6889,28.5939,menu.tier0.steady,Idle,0
333,15434.3382,31.6495,menu.tier0.steady,Idle,0
334,15466.2044,31.8663,menu.tier0.steady,Idle,0
335,15494.7451,28.5409,menu.tier0.steady,Idle,0
336,15531.2126,36.4672,menu.tier0.steady,Idle,0
337,15557.1011,25.8888,menu.tier0.steady,Idle,0
338,15596.227,39.1259,menu.tier0.steady,Idle,0
339,15627.9983,31.7713,menu.tier0.steady,Idle,0
340,15657.163,29.1647,menu.tier0.steady,Idle,0
341,15685.4502,28.2871,menu.tier0.steady,Idle,0
342,15717.9536,32.5034,menu.tier0.steady,Idle,0
343,15749.3051,31.3513,menu.tier0.steady,Idle,0
344,15777.9485,28.6436,menu.tier0.steady,Idle,0
345,15807.2628,29.3144,menu.tier0.steady,Idle,0
346,15835.7695,28.5064,menu.tier0.steady,Idle,0
347,15868.0094,32.24,menu.tier0.steady,Idle,0
348,15899.4628,31.4533,menu.tier0.steady,Idle,0
349,15928.1805,28.7179,menu.tier0.steady,Idle,0
350,15957.1946,29.0142,menu.tier0.steady,Idle,0
351,15985.4977,28.303,menu.tier0.steady,Idle,0
352,16018.023,32.5254,menu.tier0.steady,Idle,0
353,16049.3676,31.3445,menu.tier0.steady,Idle,0
354,16078.2238,28.8562,menu.tier0.steady,Idle,0
355,16106.9875,28.7638,menu.tier0.steady,Idle,0
356,16135.4919,28.5042,menu.tier0.steady,Idle,0
357,16167.2207,31.7289,menu.tier0.steady,Idle,0
358,16199.3345,32.1138,menu.tier0.steady,Idle,0
359,16227.9062,28.5718,menu.tier0.steady,Idle,0
360,16257.0531,29.1469,menu.tier0.steady,Idle,0
361,16285.3005,28.2472,menu.tier0.steady,Idle,0
362,16317.2891,31.9887,menu.tier0.steady,Idle,0
363,16349.0692,31.7801,menu.tier0.steady,Idle,0
364,16378.3986,29.3294,menu.tier0.steady,Idle,0
365,16407.0361,28.6375,menu.tier0.steady,Idle,0
366,16434.2894,27.2534,menu.tier0.steady,Idle,0
367,16461.9113,27.6219,menu.tier0.steady,Idle,0
368,16494.2337,32.3221,menu.tier0.steady,Idle,0
369,16523.1747,28.9412,menu.tier0.steady,Idle,0
370,16552.4517,29.2767,menu.tier0.steady,Idle,0
371,16583.5634,31.1119,menu.tier0.steady,Idle,0
372,16616.2343,32.6711,menu.tier0.steady,Idle,0
373,16644.978,28.7436,menu.tier0.steady,Idle,0
374,16671.507,26.5288,menu.tier0.steady,Idle,0
375,16702.4604,30.9535,menu.tier0.steady,Idle,0
376,16734.0949,31.6345,menu.tier0.steady,Idle,0
377,16765.8628,31.768,menu.tier0.steady,Idle,0
378,16794.7972,28.9345,menu.tier0.steady,Idle,0
379,16823.7428,28.9456,menu.tier0.steady,Idle,0
380,16852.6612,28.9181,menu.tier0.steady,Idle,0
381,16883.7984,31.1375,menu.tier0.steady,Idle,0
382,16912.304,28.5055,menu.tier0.steady,Idle,0
383,16944.1204,31.8163,menu.tier0.steady,Idle,0
384,16969.2351,25.1148,menu.tier0.steady,Idle,0
385,16999.7462,30.511,menu.tier0.steady,Idle,0
386,17033.8009,34.0549,menu.tier0.steady,Idle,0
387,17056.8076,23.0066,menu.tier0.steady,Idle,0
388,17078.8086,22.001,menu.tier0.steady,Idle,0
389,17111.3908,32.5821,menu.tier0.steady,Idle,0
390,17140.6154,29.2247,menu.tier0.steady,Idle,0
391,17172.9897,32.3743,menu.tier0.steady,Idle,0
392,17202.5659,29.576,menu.tier0.steady,Idle,0
393,17233.2791,30.7134,menu.tier0.steady,Idle,0
394,17268.5305,35.2511,menu.tier0.steady,Idle,0
395,17300.4306,31.9004,menu.tier0.steady,Idle,0
396,17328.9819,28.5513,menu.tier0.steady,Idle,0
397,17361.5455,32.5637,menu.tier0.steady,Idle,0
398,17393.8529,32.3074,menu.tier0.steady,Idle,0
399,17423.456,29.6028,menu.tier0.steady,Idle,0
400,17456.1334,32.6776,menu.tier0.steady,Idle,0
401,17484.5398,28.4065,menu.tier0.steady,Idle,0
402,17517.8864,33.3465,menu.tier0.steady,Idle,0
403,17549.2412,31.3548,menu.tier0.steady,Idle,0
404,17573.658,24.4169,menu.tier0.steady,Idle,0
405,17606.2777,32.6196,menu.tier0.steady,Idle,0
406,17639.5912,33.3136,menu.tier0.steady,Idle,0
407,17668.5913,28.9999,menu.tier0.steady,Idle,0
408,17701.5335,32.9422,menu.tier0.steady,Idle,0
409,17733.8325,32.2991,menu.tier0.steady,Idle,0
410,17762.6004,28.7679,menu.tier0.steady,Idle,0
411,17794.6638,32.0634,menu.tier0.steady,Idle,0
412,17827.2939,32.6301,menu.tier0.steady,Idle,0
413,17856.8139,29.52,menu.tier0.steady,Idle,0
414,17889.8106,32.9966,menu.tier0.steady,Idle,0
415,17918.3822,28.5718,menu.tier0.steady,Idle,0
416,17949.457,31.0747,menu.tier0.steady,Idle,0
417,17984.0195,34.5626,menu.tier0.steady,Idle,0
418,18012.3699,28.3504,menu.tier0.steady,Idle,0
419,18044.6269,32.2569,menu.tier0.steady,Idle,0
420,18073.8146,29.1877,menu.tier0.steady,Idle,0
421,18106.529,32.7144,menu.tier0.steady,Idle,0
422,18135.6753,29.1463,menu.tier0.steady,Idle,0
423,18167.6606,31.9853,menu.tier0.steady,Idle,0
424,18200.1252,32.4646,menu.tier0.steady,Idle,0
425,18228.6085,28.4833,menu.tier0.steady,Idle,0
426,18261.3683,32.7598,menu.tier0.steady,Idle,0
427,18293.9232,32.555,menu.tier0.steady,Idle,0
428,18323.3914,29.4681,menu.tier0.steady,Idle,0
429,18356.0527,32.6613,menu.tier0.steady,Idle,0
430,18385.0174,28.9645,menu.tier0.steady,Idle,0
431,18417.6913,32.6741,menu.tier0.steady,Idle,0
432,18450.493,32.8017,menu.tier0.steady,Idle,0
433,18478.5665,28.0736,menu.tier0.steady,Idle,0
434,18511.3072,32.7407,menu.tier0.steady,Idle,0
435,18540.523,29.2157,menu.tier0.steady,Idle,0
436,18572.9656,32.4426,menu.tier0.steady,Idle,0
437,18600.4781,27.5125,menu.tier0.steady,Idle,0
438,18633.163,32.6849,menu.tier0.steady,Idle,0
439,18667.7364,34.5734,menu.tier0.steady,Idle,0
440,18701.0216,33.2851,menu.tier0.steady,Idle,0
441,18728.9141,27.8925,menu.tier0.steady,Idle,0
442,18761.6078,32.6939,menu.tier0.steady,Idle,0
443,18793.7946,32.1868,menu.tier0.steady,Idle,0
444,18823.3051,29.5104,menu.tier0.steady,Idle,0
445,18856.21,32.9048,menu.tier0.steady,Idle,0
446,18885.1872,28.9773,menu.tier0.steady,Idle,0
447,18918.3096,33.1221,menu.tier0.steady,Idle,0
448,18950.1974,31.8882,menu.tier0.steady,Idle,0
449,18978.519,28.3215,menu.tier0.steady,Idle,0
450,19011.0357,32.5167,menu.tier0.steady,Idle,0
451,19043.969,32.9333,menu.tier0.steady,Idle,0
452,19074.5371,30.5681,leaves.tier0.normal.r1,Covering,0
453,19160.5958,86.0587,leaves.tier0.normal.r1,Covering,0
454,19203.6188,43.023,leaves.tier0.normal.r1,Covering,0
455,19229.1646,25.5458,leaves.tier0.normal.r1,Covering,0
456,19272.1508,42.9862,leaves.tier0.normal.r1,Covering,0
457,19305.2122,33.0615,leaves.tier0.normal.r1,Covering,0
458,19339.2037,33.9914,leaves.tier0.normal.r1,Covering,0
459,19380.1616,40.958,leaves.tier0.normal.r1,Covering,0
460,19411.9199,31.7583,leaves.tier0.normal.r1,Covering,0
461,19446.3841,34.464,leaves.tier0.normal.r1,Covering,0
462,19483.5388,37.1547,leaves.tier0.normal.r1,Covering,0
463,19516.9286,33.3899,leaves.tier0.normal.r1,Covering,0
464,19550.8023,33.8736,leaves.tier0.normal.r1,Covering,0
465,19583.8775,33.0753,leaves.tier0.normal.r1,Covering,0
466,19617.0873,33.2098,leaves.tier0.normal.r1,Covering,0
467,19648.7119,31.6245,leaves.tier0.normal.r1,Covering,0
468,19681.8748,33.163,leaves.tier0.normal.r1,Covering,0
469,19717.5599,35.6852,leaves.tier0.normal.r1,Covering,0
470,19750.4448,32.8848,leaves.tier0.normal.r1,Covering,0
471,19783.9896,33.5449,leaves.tier0.normal.r1,Covering,0
472,19818.575,34.5853,leaves.tier0.normal.r1,Covering,0
473,19857.0174,38.4424,leaves.tier0.normal.r1,Covering,0
474,19900.7307,43.7134,leaves.tier0.normal.r1,Covering,0
475,19937.7036,36.9728,leaves.tier0.normal.r1,Covering,0
476,19977.8901,40.1865,leaves.tier0.normal.r1,Covering,0
477,20010.3437,32.4535,leaves.tier0.normal.r1,Covering,0
478,20037.9077,27.5639,leaves.tier0.normal.r1,Covering,0
479,20070.5098,32.6023,leaves.tier0.normal.r1,Covering,0
480,20119.3397,48.8299,leaves.tier0.normal.r1,Covering,0
481,20149.4317,30.092,leaves.tier0.normal.r1,Covering,0
482,20172.1354,22.7037,leaves.tier0.normal.r1,Covering,0
483,20217.5235,45.3881,leaves.tier0.normal.r1,Covering,0
484,20240.0376,22.514,leaves.tier0.normal.r1,Covering,0
485,20272.2984,32.2608,leaves.tier0.normal.r1,Covering,0
486,20304.3503,32.0518,leaves.tier0.normal.r1,Covering,0
487,20348.9015,44.5515,leaves.tier0.normal.r1,Covering,0
488,20377.5707,28.6692,leaves.tier0.normal.r1,Covering,0
489,20409.7017,32.131,leaves.tier0.normal.r1,Covering,0
490,20453.9233,44.2212,leaves.tier0.normal.r1,Covering,0
491,20494.6343,40.7112,leaves.tier0.normal.r1,Covering,0
492,20526.4393,31.8052,leaves.tier0.normal.r1,Covering,0
493,20554.8354,28.3959,leaves.tier0.normal.r1,Covering,0
494,20598.6167,43.7814,leaves.tier0.normal.r1,Covering,0
495,20631.5684,32.9517,leaves.tier0.normal.r1,Covering,0
496,20659.6199,28.0514,leaves.tier0.normal.r1,CoveredLoading,0
497,20682.4376,22.8178,leaves.tier0.normal.r1,CoveredLoading,0
498,20699.9021,17.4645,audit.snapshot.leaves.tier0.normal.r1.covered,CoveredLoading,0
499,20719.4395,19.5374,leaves.tier0.normal.r1.hold,CoveredLoading,0
500,20741.9203,22.4809,leaves.tier0.normal.r1.hold,CoveredLoading,0
501,20765.086,23.1656,leaves.tier0.normal.r1.hold,CoveredLoading,0
502,20778.4502,13.3643,leaves.tier0.normal.r1.hold,CoveredLoading,0
503,20801.935,23.4846,leaves.tier0.normal.r1.hold,CoveredLoading,0
504,20821.578,19.6428,leaves.tier0.normal.r1.hold,CoveredLoading,0
505,20843.7806,22.2028,leaves.tier0.normal.r1.hold,CoveredLoading,0
506,20861.225,17.4445,leaves.tier0.normal.r1.hold,CoveredLoading,0
507,20888.2729,27.0479,leaves.tier0.normal.r1.hold,CoveredLoading,0
508,20902.3301,14.0571,leaves.tier0.normal.r1.hold,CoveredLoading,0
509,20923.8462,21.5162,leaves.tier0.normal.r1.hold,CoveredLoading,0
510,20944.1558,20.3096,leaves.tier0.normal.r1.hold,CoveredLoading,0
511,20962.4957,18.3399,leaves.tier0.normal.r1.hold,CoveredLoading,0
512,20984.3928,21.8971,leaves.tier0.normal.r1.hold,CoveredLoading,0
513,21005.8747,21.4819,leaves.tier0.normal.r1.hold,CoveredLoading,0
514,21031.0388,25.1642,leaves.tier0.normal.r1.hold,CoveredLoading,0
515,21044.3431,13.3043,leaves.tier0.normal.r1.hold,CoveredLoading,0
516,21064.4854,20.1421,leaves.tier0.normal.r1.hold,CoveredLoading,0
517,21078.2891,13.8037,leaves.tier0.normal.r1.hold,CoveredLoading,0
518,21101.4878,23.1988,leaves.tier0.normal.r1.reveal,Preparing,0
519,21142.4639,40.9761,leaves.tier0.normal.r1.reveal,Preparing,0
520,21184.822,42.358,leaves.tier0.normal.r1.reveal,Preparing,0
521,21226.8896,42.0677,leaves.tier0.normal.r1.reveal,Preparing,0
522,21254.5847,27.6952,leaves.tier0.normal.r1.reveal,Preparing,0
523,21300.7358,46.151,leaves.tier0.normal.r1.reveal,Preparing,0
524,21334.2421,33.5063,leaves.tier0.normal.r1.reveal,Preparing,0
525,21354.6692,20.4271,leaves.tier0.normal.r1.reveal,Revealing,0
526,21379.5254,24.8562,leaves.tier0.normal.r1.reveal,Revealing,0
527,21426.2584,46.7331,leaves.tier0.normal.r1.reveal,Revealing,0
528,21471.192,44.9334,leaves.tier0.normal.r1.reveal,Revealing,0
529,21520.1,48.9082,leaves.tier0.normal.r1.reveal,Revealing,0
530,21544.3421,24.2419,leaves.tier0.normal.r1.reveal,Revealing,0
531,21576.6244,32.2824,leaves.tier0.normal.r1.reveal,Revealing,0
532,21604.3993,27.7749,leaves.tier0.normal.r1.reveal,Revealing,0
533,21653.1732,48.7739,leaves.tier0.normal.r1.reveal,Revealing,0
534,21694.0153,40.8422,leaves.tier0.normal.r1.reveal,Revealing,0
535,21725.5384,31.5231,leaves.tier0.normal.r1.reveal,Revealing,0
536,21768.7084,43.17,leaves.tier0.normal.r1.reveal,Revealing,0
537,21798.9525,30.244,leaves.tier0.normal.r1.reveal,Revealing,0
538,21830.8442,31.8917,leaves.tier0.normal.r1.reveal,Revealing,0
539,21858.9199,28.0758,leaves.tier0.normal.r1.reveal,Revealing,0
540,21903.8029,44.883,leaves.tier0.normal.r1.reveal,Revealing,0
541,21942.4096,38.6065,leaves.tier0.normal.r1.reveal,Revealing,0
542,21968.3084,25.8987,leaves.tier0.normal.r1.reveal,Revealing,0
543,22009.2877,40.9794,leaves.tier0.normal.r1.reveal,Revealing,0
544,22048.3125,39.025,leaves.tier0.normal.r1.reveal,Revealing,0
545,22077.0178,28.7053,leaves.tier0.normal.r1.reveal,Revealing,0
546,22102.871,25.8531,leaves.tier0.normal.r1.reveal,Revealing,0
547,22140.5868,37.7158,leaves.tier0.normal.r1.reveal,Revealing,0
548,22174.4468,33.8601,leaves.tier0.normal.r1.reveal,Revealing,0
549,22211.5167,37.0699,leaves.tier0.normal.r1.reveal,Revealing,0
550,22254.7567,43.2399,leaves.tier0.normal.r1.reveal,Revealing,0
551,22278.8444,24.0878,leaves.tier0.normal.r1.reveal,Revealing,0
552,22313.0293,34.1848,leaves.tier0.normal.r1.reveal,Revealing,0
553,22349.543,36.5137,leaves.tier0.normal.r1.reveal,Revealing,0
554,22379.7112,30.1683,leaves.tier0.normal.r1.reveal,Revealing,0
555,22416.3817,36.6704,leaves.tier0.normal.r1.reveal,Revealing,0
556,22446.1812,29.7996,leaves.tier0.normal.r1.reveal,Revealing,0
557,22482.8542,36.6729,leaves.tier0.normal.r1.reveal,Revealing,0
558,22512.9716,30.1174,leaves.tier0.normal.r1.reveal,Revealing,0
559,22549.4947,36.523,leaves.tier0.normal.r1.reveal,Revealing,0
560,22579.7622,30.2677,leaves.tier0.normal.r1.reveal,Revealing,0
561,22616.2401,36.4778,leaves.tier0.normal.r1.reveal,Revealing,0
562,22646.3086,30.0686,leaves.tier0.normal.r1.reveal,Revealing,0
563,22682.751,36.4422,leaves.tier0.normal.r1.reveal,Revealing,0
564,22714.9051,32.1542,leaves.tier0.normal.r1.reveal,Revealing,0
565,22749.9052,35.0001,leaves.tier0.normal.r1.reveal,Revealing,0
566,22780.4664,30.5612,leaves.tier0.normal.r1.reveal,Idle,0
567,22822.312,41.8457,leaves.tier0.normal.r1.settle,Idle,0
568,22855.399,33.0869,leaves.tier0.normal.r1.settle,Idle,0
569,22879.1323,23.7334,leaves.tier0.normal.r1.settle,Idle,0
570,22918.1788,39.046,leaves.tier0.normal.r1.settle,Idle,0
571,22949.2431,31.0647,leaves.tier0.normal.r1.settle,Idle,0
572,22978.022,28.779,leaves.tier0.normal.r1.settle,Idle,0
573,23007.3633,29.3412,leaves.tier0.normal.r1.settle,Idle,0
574,23035.932,28.5687,leaves.tier0.normal.r1.settle,Idle,0
575,23068.5491,32.6169,leaves.tier0.normal.r1.settle,Idle,0
576,23100.785,32.2358,leaves.tier0.normal.r1.settle,Idle,0
577,23133.0049,32.2202,leaves.tier0.normal.r1.settle,Idle,0
578,23161.5117,28.5069,leaves.tier0.normal.r1.settle,Idle,0
579,23190.7745,29.2628,leaves.tier0.normal.r1.settle,Idle,0
580,23223.5936,32.8189,leaves.tier0.normal.r1.settle,Idle,0
581,23251.7669,28.1735,leaves.tier0.normal.r1.settle,Idle,0
582,23284.6848,32.9178,leaves.tier0.reduced.r1,Covering,0
583,23324.6634,39.9786,leaves.tier0.reduced.r1,Covering,0
584,23349.9697,25.3062,leaves.tier0.reduced.r1,Covering,0
585,23383.3372,33.3677,leaves.tier0.reduced.r1,Covering,0
586,23412.3407,29.0034,leaves.tier0.reduced.r1,Covering,0
587,23444.8696,32.5289,leaves.tier0.reduced.r1,CoveredLoading,0
588,23472.1132,27.2436,leaves.tier0.reduced.r1,CoveredLoading,0
589,23479.5633,7.4502,audit.snapshot.leaves.tier0.reduced.r1.covered,CoveredLoading,0
590,23500.8699,21.3065,leaves.tier0.reduced.r1.hold,CoveredLoading,0
591,23521.9243,21.0543,leaves.tier0.reduced.r1.hold,CoveredLoading,0
592,23544.8019,22.8776,leaves.tier0.reduced.r1.hold,CoveredLoading,0
593,23552.7723,7.9705,leaves.tier0.reduced.r1.hold,CoveredLoading,0
594,23572.6684,19.8962,leaves.tier0.reduced.r1.hold,CoveredLoading,0
595,23592.884,20.2155,leaves.tier0.reduced.r1.hold,CoveredLoading,0
596,23599.8405,6.9564,leaves.tier0.reduced.r1.hold,CoveredLoading,0
597,23619.1065,19.2658,leaves.tier0.reduced.r1.hold,CoveredLoading,0
598,23639.2969,20.1903,leaves.tier0.reduced.r1.hold,CoveredLoading,0
599,23659.5401,20.2436,leaves.tier0.reduced.r1.hold,CoveredLoading,0
600,23668.2876,8.7472,leaves.tier0.reduced.r1.hold,CoveredLoading,0
601,23684.2853,15.9979,leaves.tier0.reduced.r1.hold,CoveredLoading,0
602,23701.2642,16.9789,leaves.tier0.reduced.r1.hold,CoveredLoading,0
603,23722.0352,20.7711,leaves.tier0.reduced.r1.hold,CoveredLoading,0
604,23744.5191,22.484,leaves.tier0.reduced.r1.hold,CoveredLoading,0
605,23752.4159,7.8966,leaves.tier0.reduced.r1.hold,CoveredLoading,0
606,23772.7877,20.372,leaves.tier0.reduced.r1.hold,CoveredLoading,0
607,23792.8544,20.0667,leaves.tier0.reduced.r1.hold,CoveredLoading,0
608,23800.0436,7.1891,leaves.tier0.reduced.r1.hold,CoveredLoading,0
609,23811.5136,11.47,leaves.tier0.reduced.r1.reveal,Preparing,0
610,23835.6311,24.1174,leaves.tier0.reduced.r1.reveal,Preparing,0
611,23868.4271,32.796,leaves.tier0.reduced.r1.reveal,Preparing,0
612,23909.6435,41.2165,leaves.tier0.reduced.r1.reveal,Preparing,0
613,23935.4807,25.8371,leaves.tier0.reduced.r1.reveal,Revealing,0
614,23978.2481,42.7676,leaves.tier0.reduced.r1.reveal,Revealing,0
615,24010.8281,32.5798,leaves.tier0.reduced.r1.reveal,Revealing,0
616,24043.709,32.8811,leaves.tier0.reduced.r1.reveal,Revealing,0
617,24073.9601,30.2511,leaves.tier0.reduced.r1.reveal,Revealing,0
618,24109.804,35.8439,leaves.tier0.reduced.r1.reveal,Revealing,0
619,24140.459,30.6548,leaves.tier0.reduced.r1.reveal,Idle,0
620,24177.3884,36.9295,leaves.tier0.reduced.r1.settle,Idle,0
621,24207.481,30.0927,leaves.tier0.reduced.r1.settle,Idle,0
622,24236.0004,28.5192,leaves.tier0.reduced.r1.settle,Idle,0
623,24268.2433,32.2426,leaves.tier0.reduced.r1.settle,Idle,0
624,24300.3573,32.1143,leaves.tier0.reduced.r1.settle,Idle,0
625,24340.9966,40.6394,leaves.tier0.reduced.r1.settle,Idle,0
626,24368.5456,27.5487,leaves.tier0.reduced.r1.settle,Idle,0
627,24400.5267,31.9815,leaves.tier0.reduced.r1.settle,Idle,0
628,24433.9548,33.4281,leaves.tier0.reduced.r1.settle,Idle,0
629,24466.1224,32.1675,leaves.tier0.reduced.r1.settle,Idle,0
630,24494.6561,28.5338,leaves.tier0.reduced.r1.settle,Idle,0
631,24524.2514,29.5952,leaves.tier0.reduced.r1.settle,Idle,0
632,24552.1602,27.9088,leaves.tier0.reduced.r1.settle,Idle,0
633,24584.5468,32.3865,leaves.tier0.reduced.r1.settle,Idle,0
634,24608.9636,24.4168,leaves.tier0.reduced.r1.settle,Idle,0
635,24635.8654,26.9018,leaves.tier0.normal.r2,Covering,0
636,24687.5456,51.6803,leaves.tier0.normal.r2,Covering,0
637,24712.8424,25.2969,leaves.tier0.normal.r2,Covering,0
638,24749.8898,37.0473,leaves.tier0.normal.r2,Covering,0
639,24791.4788,41.5889,leaves.tier0.normal.r2,Covering,0
640,24821.1153,29.6366,leaves.tier0.normal.r2,Covering,0
641,24862.4474,41.3322,leaves.tier0.normal.r2,Covering,0
642,24899.7412,37.2937,leaves.tier0.normal.r2,Covering,0
643,24930.1203,30.3792,leaves.tier0.normal.r2,Covering,0
644,24971.5212,41.4008,leaves.tier0.normal.r2,Covering,0
645,24999.7804,28.2593,leaves.tier0.normal.r2,Covering,0
646,25033.742,33.9615,leaves.tier0.normal.r2,Covering,0
647,25066.6525,32.9106,leaves.tier0.normal.r2,Covering,0
648,25099.8728,33.2202,leaves.tier0.normal.r2,Covering,0
649,25133.1916,33.3188,leaves.tier0.normal.r2,Covering,0
650,25166.5786,33.3871,leaves.tier0.normal.r2,Covering,0
651,25200.2682,33.6894,leaves.tier0.normal.r2,Covering,0
652,25233.1108,32.8428,leaves.tier0.normal.r2,Covering,0
653,25266.1716,33.0607,leaves.tier0.normal.r2,Covering,0
654,25299.713,33.5414,leaves.tier0.normal.r2,Covering,0
655,25333.3052,33.5922,leaves.tier0.normal.r2,Covering,0
656,25367.0163,33.7111,leaves.tier0.normal.r2,Covering,0
657,25401.5284,34.5121,leaves.tier0.normal.r2,Covering,0
658,25440.9947,39.4663,leaves.tier0.normal.r2,Covering,0
659,25480.8892,39.8945,leaves.tier0.normal.r2,Covering,0
660,25509.2758,28.3866,leaves.tier0.normal.r2,Covering,0
661,25554.8352,45.5594,leaves.tier0.normal.r2,Covering,0
662,25599.6176,44.7824,leaves.tier0.normal.r2,Covering,0
663,25632.8852,33.2676,leaves.tier0.normal.r2,Covering,0
664,25665.6221,32.7368,leaves.tier0.normal.r2,Covering,0
665,25698.4157,32.7937,leaves.tier0.normal.r2,Covering,0
666,25727.7769,29.3612,leaves.tier0.normal.r2,Covering,0
667,25760.3699,32.5931,leaves.tier0.normal.r2,Covering,0
668,25812.8235,52.4536,leaves.tier0.normal.r2,Covering,0
669,25854.0131,41.1895,leaves.tier0.normal.r2,Covering,0
670,25899.3181,45.3051,leaves.tier0.normal.r2,Covering,0
671,25931.6328,32.3147,leaves.tier0.normal.r2,Covering,0
672,25960.5318,28.8988,leaves.tier0.normal.r2,Covering,0
673,25992.1604,31.6287,leaves.tier0.normal.r2,Covering,0
674,26035.7634,43.6029,leaves.tier0.normal.r2,Covering,0
675,26075.7917,40.0285,leaves.tier0.normal.r2,Covering,0
676,26100.2322,24.4405,leaves.tier0.normal.r2,Covering,0
677,26143.233,43.0008,leaves.tier0.normal.r2,Covering,0
678,26171.1317,27.8986,leaves.tier0.normal.r2,Covering,0
679,26214.9064,43.7747,leaves.tier0.normal.r2,Covering,0
680,26243.9293,29.0229,leaves.tier0.normal.r2,CoveredLoading,0
681,26260.3955,16.4663,leaves.tier0.normal.r2,CoveredLoading,0
682,26282.3814,21.9858,audit.snapshot.leaves.tier0.normal.r2.covered,CoveredLoading,0
683,26303.4591,21.0776,leaves.tier0.normal.r2.hold,CoveredLoading,0
684,26325.7553,22.2963,leaves.tier0.normal.r2.hold,CoveredLoading,0
685,26348.5128,22.7575,leaves.tier0.normal.r2.hold,CoveredLoading,0
686,26383.5361,35.0233,leaves.tier0.normal.r2.hold,CoveredLoading,0
687,26394.4255,10.8894,leaves.tier0.normal.r2.hold,CoveredLoading,0
688,26414.5013,20.0758,leaves.tier0.normal.r2.hold,CoveredLoading,0
689,26427.8613,13.3601,leaves.tier0.normal.r2.hold,CoveredLoading,0
690,26447.9895,20.1281,leaves.tier0.normal.r2.hold,CoveredLoading,0
691,26461.5162,13.5267,leaves.tier0.normal.r2.hold,CoveredLoading,0
692,26485.1913,23.6751,leaves.tier0.normal.r2.hold,CoveredLoading,0
693,26513.6909,28.4996,leaves.tier0.normal.r2.hold,CoveredLoading,0
694,26535.0146,21.3237,leaves.tier0.normal.r2.hold,CoveredLoading,0
695,26560.7963,25.7817,leaves.tier0.normal.r2.hold,CoveredLoading,0
696,26578.7945,17.9982,leaves.tier0.normal.r2.hold,CoveredLoading,0
697,26602.1021,23.3076,leaves.tier0.normal.r2.hold,CoveredLoading,0
698,26625.1372,23.0351,leaves.tier0.normal.r2.hold,CoveredLoading,0
699,26647.7554,22.6182,leaves.tier0.normal.r2.hold,CoveredLoading,0
700,26661.2853,13.5299,leaves.tier0.normal.r2.hold,CoveredLoading,0
701,26684.7517,23.4664,leaves.tier0.normal.r2.hold,CoveredLoading,0
702,26704.9656,20.2138,leaves.tier0.normal.r2.reveal,Preparing,0
703,26756.671,51.7055,leaves.tier0.normal.r2.reveal,Preparing,0
704,26786.9289,30.2578,leaves.tier0.normal.r2.reveal,Preparing,0
705,26838.2872,51.3583,leaves.tier0.normal.r2.reveal,Preparing,0
706,26881.8229,43.5359,leaves.tier0.normal.r2.reveal,Preparing,0
707,26910.5086,28.6856,leaves.tier0.normal.r2.reveal,Preparing,0
708,26937.7864,27.2777,leaves.tier0.normal.r2.reveal,Preparing,0
709,26981.2516,43.4653,leaves.tier0.normal.r2.reveal,Revealing,0
710,27009.4573,28.2057,leaves.tier0.normal.r2.reveal,Revealing,0
711,27054.2754,44.818,leaves.tier0.normal.r2.reveal,Revealing,0
712,27095.4805,41.2053,leaves.tier0.normal.r2.reveal,Revealing,0
713,27134.7402,39.2596,leaves.tier0.normal.r2.reveal,Revealing,0
714,27155.274,20.5338,leaves.tier0.normal.r2.reveal,Revealing,0
715,27187.7177,32.4437,leaves.tier0.normal.r2.reveal,Revealing,0
716,27231.9339,44.2163,leaves.tier0.normal.r2.reveal,Revealing,0
717,27261.0459,29.1119,leaves.tier0.normal.r2.reveal,Revealing,0
718,27292.3012,31.2552,leaves.tier0.normal.r2.reveal,Revealing,0
719,27337.0657,44.7646,leaves.tier0.normal.r2.reveal,Revealing,0
720,27377.6713,40.6056,leaves.tier0.normal.r2.reveal,Revealing,0
721,27406.8146,29.1433,leaves.tier0.normal.r2.reveal,Revealing,0
722,27453.7255,46.9109,leaves.tier0.normal.r2.reveal,Revealing,0
723,27494.1155,40.39,leaves.tier0.normal.r2.reveal,Revealing,0
724,27525.4309,31.3154,leaves.tier0.normal.r2.reveal,Revealing,0
725,27565.8162,40.3852,leaves.tier0.normal.r2.reveal,Revealing,0
726,27597.5098,31.6937,leaves.tier0.normal.r2.reveal,Revealing,0
727,27637.7166,40.2066,leaves.tier0.normal.r2.reveal,Revealing,0
728,27680.1948,42.4783,leaves.tier0.normal.r2.reveal,Revealing,0
729,27716.9506,36.7558,leaves.tier0.normal.r2.reveal,Revealing,0
730,27743.8885,26.9379,leaves.tier0.normal.r2.reveal,Revealing,0
731,27783.4934,39.6047,leaves.tier0.normal.r2.reveal,Revealing,0
732,27816.9122,33.4192,leaves.tier0.normal.r2.reveal,Revealing,0
733,27847.0059,30.0936,leaves.tier0.normal.r2.reveal,Revealing,0
734,27891.7174,44.7115,leaves.tier0.normal.r2.reveal,Revealing,0
735,27919.6238,27.9063,leaves.tier0.normal.r2.reveal,Revealing,0
736,27956.5932,36.9695,leaves.tier0.normal.r2.reveal,Revealing,0
737,27990.6104,34.0173,leaves.tier0.normal.r2.reveal,Revealing,0
738,28023.804,33.1934,leaves.tier0.normal.r2.reveal,Revealing,0
739,28057.1691,33.3652,leaves.tier0.normal.r2.reveal,Revealing,0
740,28090.3629,33.1939,leaves.tier0.normal.r2.reveal,Revealing,0
741,28121.2919,30.9289,leaves.tier0.normal.r2.reveal,Revealing,0
742,28157.6227,36.3308,leaves.tier0.normal.r2.reveal,Revealing,0
743,28190.4593,32.8367,leaves.tier0.normal.r2.reveal,Revealing,0
744,28223.8057,33.3463,leaves.tier0.normal.r2.reveal,Revealing,0
745,28254.694,30.8882,leaves.tier0.normal.r2.reveal,Revealing,0
746,28290.5061,35.8122,leaves.tier0.normal.r2.reveal,Revealing,0
747,28323.981,33.4749,leaves.tier0.normal.r2.reveal,Revealing,0
748,28357.2173,33.2363,leaves.tier0.normal.r2.reveal,Revealing,0
749,28391.0675,33.8502,leaves.tier0.normal.r2.reveal,Idle,0
750,28426.8939,35.8264,leaves.tier0.normal.r2.settle,Idle,0
751,28456.5118,29.6178,leaves.tier0.normal.r2.settle,Idle,0
752,28486.251,29.7393,leaves.tier0.normal.r2.settle,Idle,0
753,28518.101,31.8499,leaves.tier0.normal.r2.settle,Idle,0
754,28548.9036,30.8027,leaves.tier0.normal.r2.settle,Idle,0
755,28582.3859,33.4823,leaves.tier0.normal.r2.settle,Idle,0
756,28615.9365,33.5506,leaves.tier0.normal.r2.settle,Idle,0
757,28653.2684,37.3319,leaves.tier0.normal.r2.settle,Idle,0
758,28673.3693,20.1009,leaves.tier0.normal.r2.settle,Idle,0
759,28711.0329,37.6636,leaves.tier0.normal.r2.settle,Idle,0
760,28740.6167,29.5835,leaves.tier0.normal.r2.settle,Idle,0
761,28772.9672,32.3508,leaves.tier0.normal.r2.settle,Idle,0
762,28802.2952,29.328,leaves.tier0.normal.r2.settle,Idle,0
763,28835.3399,33.0446,leaves.tier0.normal.r2.settle,Idle,0
764,28867.2405,31.9008,leaves.tier0.normal.r2.settle,Idle,0
765,28900.1692,32.9285,leaves.tier0.reduced.r2,Covering,0
766,28939.1308,38.9618,leaves.tier0.reduced.r2,Covering,0
767,28961.5644,22.4336,leaves.tier0.reduced.r2,Covering,0
768,28995.2665,33.702,leaves.tier0.reduced.r2,Covering,0
769,29027.5469,32.2805,leaves.tier0.reduced.r2,Covering,0
770,29060.1641,32.6171,leaves.tier0.reduced.r2,CoveredLoading,0
771,29075.5804,15.4164,leaves.tier0.reduced.r2,CoveredLoading,0
772,29094.393,18.8125,audit.snapshot.leaves.tier0.reduced.r2.covered,CoveredLoading,0
773,29120.8134,26.4204,leaves.tier0.reduced.r2.hold,CoveredLoading,0
774,29143.7563,22.9429,leaves.tier0.reduced.r2.hold,CoveredLoading,0
775,29151.4567,7.7004,leaves.tier0.reduced.r2.hold,CoveredLoading,0
776,29172.1156,20.6589,leaves.tier0.reduced.r2.hold,CoveredLoading,0
777,29192.9143,20.7988,leaves.tier0.reduced.r2.hold,CoveredLoading,0
778,29199.6872,6.7728,leaves.tier0.reduced.r2.hold,CoveredLoading,0
779,29217.2271,17.5399,leaves.tier0.reduced.r2.hold,CoveredLoading,0
780,29233.8494,16.6223,leaves.tier0.reduced.r2.hold,CoveredLoading,0
781,29250.1389,16.2895,leaves.tier0.reduced.r2.hold,CoveredLoading,0
782,29266.4942,16.3552,leaves.tier0.reduced.r2.hold,CoveredLoading,0
783,29280.7853,14.2912,leaves.tier0.reduced.r2.hold,CoveredLoading,0
784,29300.7937,20.0081,leaves.tier0.reduced.r2.hold,CoveredLoading,0
785,29323.2948,22.5014,leaves.tier0.reduced.r2.hold,CoveredLoading,0
786,29329.3883,6.0935,leaves.tier0.reduced.r2.hold,CoveredLoading,0
787,29349.3411,19.9528,leaves.tier0.reduced.r2.hold,CoveredLoading,0
788,29367.3498,18.0087,leaves.tier0.reduced.r2.hold,CoveredLoading,0
789,29383.8027,16.4529,leaves.tier0.reduced.r2.hold,CoveredLoading,0
790,29400.1319,16.3292,leaves.tier0.reduced.r2.hold,CoveredLoading,0
791,29416.5098,16.378,leaves.tier0.reduced.r2.hold,CoveredLoading,0
792,29456.0291,39.5193,leaves.tier0.reduced.r2.reveal,Preparing,0
793,29464.8728,8.8436,leaves.tier0.reduced.r2.reveal,Preparing,0
794,29493.5734,28.7007,leaves.tier0.reduced.r2.reveal,Preparing,0
795,29530.158,36.5845,leaves.tier0.reduced.r2.reveal,Preparing,0
796,29561.5353,31.3773,leaves.tier0.reduced.r2.reveal,Revealing,0
797,29600.6322,39.0968,leaves.tier0.reduced.r2.reveal,Revealing,0
798,29633.8647,33.2326,leaves.tier0.reduced.r2.reveal,Revealing,0
799,29662.1792,28.3146,leaves.tier0.reduced.r2.reveal,Revealing,0
800,29695.0276,32.8484,leaves.tier0.reduced.r2.reveal,Revealing,0
801,29727.8635,32.8358,leaves.tier0.reduced.r2.reveal,Revealing,0
802,29761.476,33.6125,leaves.tier0.reduced.r2.reveal,Idle,0
803,29798.2187,36.7427,leaves.tier0.reduced.r2.settle,Idle,0
804,29827.1353,28.9166,leaves.tier0.reduced.r2.settle,Idle,0
805,29856.6917,29.5564,leaves.tier0.reduced.r2.settle,Idle,0
806,29889.1008,32.4092,leaves.tier0.reduced.r2.settle,Idle,0
807,29918.2042,29.1033,leaves.tier0.reduced.r2.settle,Idle,0
808,29961.2241,43.0199,leaves.tier0.reduced.r2.settle,Idle,0
809,29987.8973,26.6732,leaves.tier0.reduced.r2.settle,Idle,0
810,30018.6238,30.7264,leaves.tier0.reduced.r2.settle,Idle,0
811,30052.3671,33.7431,leaves.tier0.reduced.r2.settle,Idle,0
812,30084.7568,32.3899,leaves.tier0.reduced.r2.settle,Idle,0
813,30116.1042,31.3472,leaves.tier0.reduced.r2.settle,Idle,0
814,30149.1617,33.0577,leaves.tier0.reduced.r2.settle,Idle,0
815,30178.083,28.9214,leaves.tier0.reduced.r2.settle,Idle,0
816,30204.4935,26.4105,leaves.tier0.reduced.r2.settle,Idle,0
817,30235.6201,31.1267,leaves.tier0.reduced.r2.settle,Idle,0
818,30268.9156,33.2954,route.tier0.menu-camp,Covering,0
819,30321.3698,52.4543,route.tier0.menu-camp,Covering,0
820,30345.8309,24.4611,route.tier0.menu-camp,Covering,0
821,30382.9594,37.1284,route.tier0.menu-camp,Covering,0
822,30425.2042,42.2448,route.tier0.menu-camp,Covering,0
823,30454.8181,29.6139,route.tier0.menu-camp,Covering,0
824,30500.4431,45.6249,route.tier0.menu-camp,Covering,0
825,30532.3411,31.8981,route.tier0.menu-camp,Covering,0
826,30576.4982,44.1571,route.tier0.menu-camp,Covering,0
827,30607.3023,30.8042,route.tier0.menu-camp,Covering,0
828,30644.1732,36.8709,route.tier0.menu-camp,Covering,0
829,30677.7813,33.608,route.tier0.menu-camp,Covering,0
830,30711.2567,33.4754,route.tier0.menu-camp,Covering,0
831,30745.0067,33.7501,route.tier0.menu-camp,Covering,0
832,30777.9542,32.9474,route.tier0.menu-camp,Covering,0
833,30811.3736,33.4195,route.tier0.menu-camp,Covering,0
834,30844.8803,33.5065,route.tier0.menu-camp,Covering,0
835,30883.7586,38.8785,route.tier0.menu-camp,Covering,0
836,30917.1488,33.3902,route.tier0.menu-camp,Covering,0
837,30949.7508,32.6019,route.tier0.menu-camp,Covering,0
838,30983.1134,33.3626,route.tier0.menu-camp,Covering,0
839,31017.4017,34.288,route.tier0.menu-camp,Covering,0
840,31052.6698,35.2685,route.tier0.menu-camp,Covering,0
841,31097.7517,45.0818,route.tier0.menu-camp,Covering,0
842,31122.2464,24.4947,route.tier0.menu-camp,Covering,0
843,31154.0763,31.83,route.tier0.menu-camp,Covering,0
844,31195.2583,41.182,route.tier0.menu-camp,Covering,0
845,31227.9004,32.642,route.tier0.menu-camp,Covering,0
846,31260.4229,32.5226,route.tier0.menu-camp,Covering,0
847,31289.1032,28.6801,route.tier0.menu-camp,Covering,0
848,31321.3648,32.2617,route.tier0.menu-camp,Covering,0
849,31356.2579,34.8931,route.tier0.menu-camp,Covering,0
850,31397.0337,40.7757,route.tier0.menu-camp,Covering,0
851,31433.6755,36.6419,route.tier0.menu-camp,Covering,0
852,31466.1588,32.4834,route.tier0.menu-camp,Covering,0
853,31492.4573,26.2984,route.tier0.menu-camp,Covering,0
854,31517.7135,25.2561,route.tier0.menu-camp,Covering,0
855,31560.3507,42.6373,route.tier0.menu-camp,Covering,0
856,31589.0363,28.6856,route.tier0.menu-camp,Covering,0
857,31620.8646,31.8283,route.tier0.menu-camp,Covering,0
858,31665.1473,44.2827,route.tier0.menu-camp,Covering,0
859,31694.2706,29.1233,route.tier0.menu-camp,Covering,0
860,31725.4472,31.1767,route.tier0.menu-camp,Covering,0
861,31766.3501,40.9026,route.tier0.menu-camp,Covering,0
862,31797.9202,31.5704,route.tier0.menu-camp,Covering,0
863,31826.2223,28.3021,route.tier0.menu-camp,Covering,0
864,31870.1774,43.955,route.tier0.menu-camp,CoveredLoading,0
865,31892.502,22.3246,route.tier0.menu-camp,CoveredLoading,0
866,31963.6658,71.1637,route.tier0.menu-camp,CoveredLoading,0
867,32060.4256,96.7597,route.tier0.menu-camp,CoveredLoading,0
868,32113.8321,53.4066,route.tier0.menu-camp,CoveredLoading,0
869,32208.3112,94.4792,route.tier0.menu-camp,CoveredLoading,0
870,32223.5137,15.2026,route.tier0.menu-camp,CoveredLoading,0
871,32343.506,119.9922,route.tier0.menu-camp,CoveredLoading,0
872,32365.578,22.0719,route.tier0.menu-camp,CoveredLoading,0
873,32399.1655,33.5876,route.tier0.menu-camp,CoveredLoading,0
874,32419.0196,19.8539,route.tier0.menu-camp,CoveredLoading,0
875,32436.8066,17.787,route.tier0.menu-camp,CoveredLoading,0
876,32464.4904,27.6841,route.tier0.menu-camp,CoveredLoading,0
877,32512.3839,47.8931,route.tier0.menu-camp,CoveredLoading,0
878,32526.5545,14.171,route.tier0.menu-camp,CoveredLoading,0
879,32542.0202,15.4657,route.tier0.menu-camp,CoveredLoading,0
880,32564.3292,22.309,route.tier0.menu-camp,CoveredLoading,0
881,32588.2784,23.9489,route.tier0.menu-camp,CoveredLoading,0
882,32606.4486,18.1705,route.tier0.menu-camp,CoveredLoading,0
883,32624.9058,18.4572,route.tier0.menu-camp,CoveredLoading,0
884,32651.8471,26.9411,route.tier0.menu-camp,CoveredLoading,0
885,32671.4101,19.5632,route.tier0.menu-camp,CoveredLoading,0
886,32693.8374,22.4273,route.tier0.menu-camp,CoveredLoading,0
887,32717.2005,23.363,route.tier0.menu-camp,CoveredLoading,0
888,32764.6046,47.404,route.tier0.menu-camp,Preparing,0
889,32797.1202,32.5157,route.tier0.menu-camp,Preparing,0
890,32839.3995,42.2792,route.tier0.menu-camp,Preparing,0
891,32886.8171,47.4177,route.tier0.menu-camp,Preparing,0
892,32934.7737,47.9562,route.tier0.menu-camp,Preparing,0
893,32975.4666,40.6934,route.tier0.menu-camp,Preparing,0
894,33018.3116,42.8449,route.tier0.menu-camp,Revealing,0
895,33068.5951,50.2833,route.tier0.menu-camp,Revealing,0
896,33111.4823,42.8875,route.tier0.menu-camp,Revealing,0
897,33162.264,50.7816,route.tier0.menu-camp,Revealing,0
898,33204.7483,42.4843,route.tier0.menu-camp,Revealing,0
899,33253.4993,48.751,route.tier0.menu-camp,Revealing,0
900,33301.5197,48.0205,route.tier0.menu-camp,Revealing,0
901,33342.9654,41.4457,route.tier0.menu-camp,Revealing,0
902,33388.344,45.3785,route.tier0.menu-camp,Revealing,0
903,33436.9968,48.6526,route.tier0.menu-camp,Revealing,0
904,33485.4475,48.4509,route.tier0.menu-camp,Revealing,0
905,33526.3303,40.8829,route.tier0.menu-camp,Revealing,0
906,33558.7189,32.3885,route.tier0.menu-camp,Revealing,0
907,33604.2903,45.5713,route.tier0.menu-camp,Revealing,0
908,33652.6774,48.3871,route.tier0.menu-camp,Revealing,0
909,33696.698,44.0207,route.tier0.menu-camp,Revealing,0
910,33736.8573,40.1593,route.tier0.menu-camp,Revealing,0
911,33778.7015,41.8443,route.tier0.menu-camp,Revealing,0
912,33817.2646,38.563,route.tier0.menu-camp,Revealing,0
913,33854.4593,37.1946,route.tier0.menu-camp,Revealing,0
914,33896.3813,41.9221,route.tier0.menu-camp,Revealing,0
915,33930.2174,33.8362,route.tier0.menu-camp,Revealing,0
916,33968.0204,37.8029,route.tier0.menu-camp,Revealing,0
917,34005.3584,37.3381,route.tier0.menu-camp,Revealing,0
918,34042.6285,37.2701,route.tier0.menu-camp,Revealing,0
919,34077.096,34.4674,route.tier0.menu-camp,Revealing,0
920,34111.7421,34.6462,route.tier0.menu-camp,Revealing,0
921,34145.5979,33.8557,route.tier0.menu-camp,Revealing,0
922,34181.6309,36.033,route.tier0.menu-camp,Revealing,0
923,34215.1294,33.4986,route.tier0.menu-camp,Revealing,0
924,34248.6806,33.5512,route.tier0.menu-camp,Revealing,0
925,34284.6641,35.9834,route.tier0.menu-camp,Revealing,0
926,34317.0186,32.3546,route.tier0.menu-camp,Revealing,0
927,34354.8223,37.8036,route.tier0.menu-camp,Revealing,0
928,34389.0231,34.2008,route.tier0.menu-camp,Revealing,0
929,34428.5175,39.4944,route.tier0.menu-camp,Idle,0
930,34472.5004,43.9827,audit.snapshot.route.tier0.menu-camp.ready,Idle,0
931,34494.5766,22.0765,audit.snapshot.route.tier0.menu-camp.ready,Idle,0
932,34529.6437,35.0669,audit.snapshot.route.tier0.menu-camp.ready,Idle,0
933,34562.1041,32.4605,audit.snapshot.route.tier0.menu-camp.ready,Idle,0
934,34595.7546,33.6505,audit.snapshot.route.tier0.menu-camp.ready,Idle,0
935,34622.1563,26.4016,audit.snapshot.route.tier0.menu-camp.ready,Idle,0
936,34644.1572,22.0009,audit.snapshot.route.tier0.menu-camp.ready,Idle,0
937,34670.0158,25.8587,audit.snapshot.route.tier0.menu-camp.ready,Idle,0
938,34703.5526,33.5367,audit.snapshot.route.tier0.menu-camp.ready,Idle,0
939,34748.962,45.4095,audit.snapshot.route.tier0.menu-camp.ready,Idle,0
940,34776.6108,27.6488,audit.snapshot.route.tier0.menu-camp.ready,Idle,0
941,34810.0445,33.4336,audit.snapshot.route.tier0.menu-camp.ready,Idle,0
942,34842.7145,32.6702,audit.snapshot.route.tier0.menu-camp.ready,Idle,0
943,34875.9111,33.1966,audit.snapshot.route.tier0.menu-camp.ready,Idle,0
944,34909.1309,33.2198,audit.snapshot.route.tier0.menu-camp.ready,Idle,0
945,34939.3984,30.2674,audit.snapshot.route.tier0.menu-camp.ready,Idle,0
946,34976.2156,36.8172,audit.snapshot.route.tier0.menu-camp.ready,Idle,0
947,35005.6835,29.4679,audit.snapshot.route.tier0.menu-camp.ready,Idle,0
948,35038.7339,33.0504,audit.snapshot.route.tier0.menu-camp.ready,Idle,0
949,35071.9709,33.237,audit.snapshot.route.tier0.menu-camp.ready,Idle,0
950,35105.2215,33.2505,audit.snapshot.route.tier0.menu-camp.ready,Idle,0
951,35135.0171,29.7957,audit.snapshot.route.tier0.menu-camp.ready,Idle,0
952,35167.2824,32.2652,audit.snapshot.route.tier0.menu-camp.ready,Idle,0
953,35201.3865,34.1038,audit.snapshot.route.tier0.menu-camp.ready,Idle,0
954,35231.8868,30.5007,audit.snapshot.route.tier0.menu-camp.ready,Idle,0
955,35266.8608,34.974,audit.snapshot.route.tier0.menu-camp.ready,Idle,0
956,35296.3977,29.537,audit.snapshot.route.tier0.menu-camp.ready,Idle,0
957,35328.7984,32.4007,audit.snapshot.route.tier0.menu-camp.ready,Idle,0
958,35361.4205,32.6221,audit.snapshot.route.tier0.menu-camp.ready,Idle,0
959,35394.4376,33.0171,audit.snapshot.route.tier0.menu-camp.ready,Idle,0
960,35426.9684,32.5306,camp.summer.tier0.empty,Idle,0
961,35460.7497,33.7814,camp.summer.tier0.empty,Idle,0
962,35493.5805,32.8309,camp.summer.tier0.empty,Idle,0
963,35526.7295,33.1489,camp.summer.tier0.empty,Idle,0
964,35559.8548,33.1253,camp.summer.tier0.empty,Idle,0
965,35592.827,32.9723,camp.summer.tier0.empty,Idle,0
966,35633.9252,41.098,camp.summer.tier0.empty,Idle,0
967,35662.8614,28.9363,camp.summer.tier0.empty,Idle,0
968,35703.8329,40.9716,camp.summer.tier0.empty,Idle,0
969,35738.7137,34.8807,camp.summer.tier0.empty,Idle,0
970,35772.0111,33.2974,camp.summer.tier0.empty,Idle,0
971,35805.7695,33.7583,camp.summer.tier0.empty,Idle,0
972,35834.4712,28.7016,camp.summer.tier0.empty,Idle,0
973,35860.4163,25.9452,camp.summer.tier0.empty,Idle,0
974,35889.3646,28.9483,camp.summer.tier0.empty,Idle,0
975,35913.274,23.9094,camp.summer.tier0.empty,Idle,0
976,35945.2093,31.9355,camp.summer.tier0.empty,Idle,0
977,35979.1051,33.8956,camp.summer.tier0.empty,Idle,0
978,36012.0069,32.9017,camp.summer.tier0.empty,Idle,0
979,36045.1776,33.1709,camp.summer.tier0.empty,Idle,0
980,36078.4675,33.29,camp.summer.tier0.empty,Idle,0
981,36111.7862,33.3185,camp.summer.tier0.empty,Idle,0
982,36145.2927,33.5067,camp.summer.tier0.empty,Idle,0
983,36178.3866,33.0939,camp.summer.tier0.empty,Idle,0
984,36211.7863,33.3996,camp.summer.tier0.empty,Idle,0
985,36245.0306,33.2443,camp.summer.tier0.empty,Idle,0
986,36278.3481,33.3176,camp.summer.tier0.empty,Idle,0
987,36311.8647,33.5166,camp.summer.tier0.empty,Idle,0
988,36344.5168,32.6521,camp.summer.tier0.empty,Idle,0
989,36377.5653,33.0484,camp.summer.tier0.empty,Idle,0
990,36410.4634,32.8981,camp.summer.tier0.empty,Idle,0
991,36443.671,33.2076,camp.summer.tier0.empty,Idle,0
992,36477.2344,33.5634,camp.summer.tier0.empty,Idle,0
993,36510.3138,33.0795,camp.summer.tier0.empty,Idle,0
994,36543.62,33.3061,camp.summer.tier0.empty,Idle,0
995,36577.0991,33.4792,camp.summer.tier0.empty,Idle,0
996,36611.7968,34.6977,camp.summer.tier0.empty,Idle,0
997,36645.3315,33.5346,camp.summer.tier0.empty,Idle,0
998,36678.5739,33.2424,camp.summer.tier0.empty,Idle,0
999,36711.718,33.1442,camp.summer.tier0.empty,Idle,0
1000,36745.3528,33.6347,camp.summer.tier0.empty,Idle,0
1001,36778.5171,33.1643,camp.summer.tier0.empty,Idle,0
1002,36812.2924,33.7753,camp.summer.tier0.empty,Idle,0
1003,36845.2093,32.917,camp.summer.tier0.empty,Idle,0
1004,36878.4051,33.1958,camp.summer.tier0.empty,Idle,0
1005,36911.9244,33.5193,camp.summer.tier0.empty,Idle,0
1006,36945.2095,33.2851,camp.summer.tier0.empty,Idle,0
1007,36978.8172,33.6077,camp.summer.tier0.empty,Idle,0
1008,37012.1419,33.3247,camp.summer.tier0.empty,Idle,0
1009,37045.287,33.1451,camp.summer.tier0.empty,Idle,0
1010,37078.6538,33.3667,camp.summer.tier0.empty,Idle,0
1011,37111.8796,33.2258,camp.summer.tier0.empty,Idle,0
1012,37145.9173,34.0376,camp.summer.tier0.empty,Idle,0
1013,37179.3346,33.4175,camp.summer.tier0.empty,Idle,0
1014,37211.9313,32.5967,camp.summer.tier0.empty,Idle,0
1015,37245.2523,33.321,camp.summer.tier0.empty,Idle,0
1016,37278.595,33.3426,camp.summer.tier0.empty,Idle,0
1017,37312.1022,33.5073,camp.summer.tier0.empty,Idle,0
1018,37345.1691,33.0669,camp.summer.tier0.empty,Idle,0
1019,37378.497,33.3278,camp.summer.tier0.empty,Idle,0
1020,37412.1242,33.6273,camp.summer.tier0.empty,Idle,0
1021,37445.146,33.0218,camp.summer.tier0.empty,Idle,0
1022,37484.1277,38.9816,camp.summer.tier0.empty,Idle,0
1023,37521.7605,37.6328,camp.summer.tier0.empty,Idle,0
1024,37555.0137,33.2533,camp.summer.tier0.empty,Idle,0
1025,37585.3598,30.346,camp.summer.tier0.empty,Idle,0
1026,37622.3852,37.0255,camp.summer.tier0.empty,Idle,0
1027,37656.293,33.9077,camp.summer.tier0.empty,Idle,0
1028,37692.4311,36.1381,camp.summer.tier0.empty,Idle,0
1029,37725.9256,33.4945,camp.summer.tier0.empty,Idle,0
1030,37759.2165,33.291,camp.summer.tier0.empty,Idle,0
1031,37792.5624,33.3459,camp.summer.tier0.empty,Idle,0
1032,37826.367,33.8045,camp.summer.tier0.empty,Idle,0
1033,37859.2758,32.9088,camp.summer.tier0.empty,Idle,0
1034,37892.6673,33.3916,camp.summer.tier0.empty,Idle,0
1035,37926.1603,33.493,camp.summer.tier0.empty,Idle,0
1036,37959.5677,33.4074,camp.summer.tier0.empty,Idle,0
1037,37992.9789,33.4112,camp.summer.tier0.empty,Idle,0
1038,38026.1057,33.1268,camp.summer.tier0.empty,Idle,0
1039,38059.4835,33.3777,camp.summer.tier0.empty,Idle,0
1040,38092.8625,33.3791,camp.summer.tier0.empty,Idle,0
1041,38126.2681,33.4056,camp.summer.tier0.empty,Idle,0
1042,38160.0439,33.7758,camp.summer.tier0.empty,Idle,0
1043,38193.157,33.1131,camp.summer.tier0.empty,Idle,0
1044,38226.6381,33.4809,camp.summer.tier0.empty,Idle,0
1045,38260.2725,33.6345,camp.summer.tier0.empty,Idle,0
1046,38293.8224,33.55,camp.summer.tier0.empty,Idle,0
1047,38327.4714,33.6489,camp.summer.tier0.empty,Idle,0
1048,38360.6313,33.1598,camp.summer.tier0.empty,Idle,0
1049,38393.7992,33.168,camp.summer.tier0.empty,Idle,0
1050,38427.1264,33.3272,camp.summer.tier0.empty,Idle,0
1051,38460.4581,33.3318,camp.summer.tier0.empty,Idle,0
1052,38494.096,33.6378,camp.summer.tier0.empty,Idle,0
1053,38522.2579,28.1618,camp.summer.tier0.empty,Idle,0
1054,38550.4531,28.1953,camp.summer.tier0.empty,Idle,0
1055,38583.2905,32.8375,camp.summer.tier0.empty,Idle,0
1056,38616.6046,33.3139,camp.summer.tier0.empty,Idle,0
1057,38646.782,30.1774,camp.summer.tier0.empty,Idle,0
1058,38679.4587,32.6768,camp.summer.tier0.empty,Idle,0
1059,38712.1468,32.6881,camp.summer.tier0.empty,Idle,0
1060,38745.0732,32.9263,camp.summer.tier0.empty,Idle,0
1061,38777.7954,32.7222,camp.summer.tier0.empty,Idle,0
1062,38811.0671,33.2708,camp.summer.tier0.empty,Idle,0
1063,38843.9226,32.8566,camp.summer.tier0.empty,Idle,0
1064,38877.2414,33.3187,camp.summer.tier0.empty,Idle,0
1065,38910.292,33.0507,camp.summer.tier0.empty,Idle,0
1066,38943.6224,33.3304,camp.summer.tier0.empty,Idle,0
1067,38977.2975,33.6751,camp.summer.tier0.empty,Idle,0
1068,39010.4488,33.1512,camp.summer.tier0.empty,Idle,0
1069,39043.6117,33.1629,camp.summer.tier0.empty,Idle,0
1070,39076.9101,33.2985,camp.summer.tier0.empty,Idle,0
1071,39110.2972,33.387,camp.summer.tier0.empty,Idle,0
1072,39143.8952,33.5979,camp.summer.tier0.empty,Idle,0
1073,39176.8578,32.9627,camp.summer.tier0.empty,Idle,0
1074,39210.557,33.6992,camp.summer.tier0.empty,Idle,0
1075,39243.772,33.215,camp.summer.tier0.empty,Idle,0
1076,39277.1197,33.3477,camp.summer.tier0.empty,Idle,0
1077,39310.614,33.4943,camp.summer.tier0.empty,Idle,0
1078,39343.977,33.363,camp.summer.tier0.empty,Idle,0
1079,39377.1656,33.1886,camp.summer.tier0.empty,Idle,0
1080,39465.9631,88.7976,audit.snapshot.camp.summer.tier0.empty,Idle,0
1081,39497.5154,31.5522,audit.snapshot.camp.summer.tier0.empty,Idle,0
1082,39536.3617,38.8463,audit.snapshot.camp.summer.tier0.empty,Idle,0
1083,39561.6689,25.3072,audit.snapshot.camp.summer.tier0.empty,Idle,0
1084,39595.656,33.9872,audit.snapshot.camp.summer.tier0.empty,Idle,0
1085,39629.0145,33.3584,audit.snapshot.camp.summer.tier0.empty,Idle,0
1086,39662.0661,33.0514,audit.snapshot.camp.summer.tier0.empty,Idle,0
1087,39695.3134,33.2475,audit.snapshot.camp.summer.tier0.empty,Idle,0
1088,39728.6193,33.3059,audit.snapshot.camp.summer.tier0.empty,Idle,0
1089,39761.7534,33.1341,audit.snapshot.camp.summer.tier0.empty,Idle,0
1090,39795.436,33.6826,audit.snapshot.camp.summer.tier0.empty,Idle,0
1091,39828.4638,33.0278,audit.snapshot.camp.summer.tier0.empty,Idle,0
1092,39862.2802,33.8164,audit.snapshot.camp.summer.tier0.empty,Idle,0
1093,39895.2818,33.0016,audit.snapshot.camp.summer.tier0.empty,Idle,0
1094,39928.5683,33.2866,audit.snapshot.camp.summer.tier0.empty,Idle,0
1095,39962.2219,33.6536,audit.snapshot.camp.summer.tier0.empty,Idle,0
1096,39995.3181,33.0962,audit.snapshot.camp.summer.tier0.empty,Idle,0
1097,40028.6513,33.3331,audit.snapshot.camp.summer.tier0.empty,Idle,0
1098,40061.9761,33.3248,audit.snapshot.camp.summer.tier0.empty,Idle,0
1099,40095.2387,33.2627,audit.snapshot.camp.summer.tier0.empty,Idle,0
1100,40129.1272,33.8884,audit.snapshot.camp.summer.tier0.empty,Idle,0
1101,40162.1973,33.07,audit.snapshot.camp.summer.tier0.empty,Idle,0
1102,40195.3566,33.1592,audit.snapshot.camp.summer.tier0.empty,Idle,0
1103,40229.0394,33.683,audit.snapshot.camp.summer.tier0.empty,Idle,0
1104,40262.1799,33.1404,audit.snapshot.camp.summer.tier0.empty,Idle,0
1105,40295.7528,33.573,audit.snapshot.camp.summer.tier0.empty,Idle,0
1106,40328.6673,32.9146,audit.snapshot.camp.summer.tier0.empty,Idle,0
1107,40362.1496,33.4822,audit.snapshot.camp.summer.tier0.empty,Idle,0
1108,40395.2631,33.1135,audit.snapshot.camp.summer.tier0.empty,Idle,0
1109,40428.8572,33.5942,audit.snapshot.camp.summer.tier0.empty,Idle,0
1110,40462.1471,33.2897,camp.summer.tier0.solved,Idle,0
1111,40495.2236,33.0766,camp.summer.tier0.solved,Idle,0
1112,40528.6199,33.3964,camp.summer.tier0.solved,Idle,0
1113,40561.9959,33.3759,camp.summer.tier0.solved,Idle,0
1114,40596.1652,34.1694,camp.summer.tier0.solved,Idle,0
1115,40640.3761,44.2109,camp.summer.tier0.solved,Idle,0
1116,40663.8513,23.4751,camp.summer.tier0.solved,Idle,0
1117,40694.1934,30.3421,camp.summer.tier0.solved,Idle,0
1118,40728.7979,34.6046,camp.summer.tier0.solved,Idle,0
1119,40762.1388,33.3408,camp.summer.tier0.solved,Idle,0
1120,40795.77,33.6312,camp.summer.tier0.solved,Idle,0
1121,40828.8658,33.0957,camp.summer.tier0.solved,Idle,0
1122,40862.1661,33.3004,camp.summer.tier0.solved,Idle,0
1123,40895.5606,33.3945,camp.summer.tier0.solved,Idle,0
1124,40928.8626,33.302,camp.summer.tier0.solved,Idle,0
1125,40962.3989,33.5364,camp.summer.tier0.solved,Idle,0
1126,40995.4884,33.0894,camp.summer.tier0.solved,Idle,0
1127,41028.7,33.2116,camp.summer.tier0.solved,Idle,0
1128,41062.116,33.416,camp.summer.tier0.solved,Idle,0
1129,41095.3377,33.2217,camp.summer.tier0.solved,Idle,0
1130,41129.0431,33.7053,camp.summer.tier0.solved,Idle,0
1131,41161.9201,32.8771,camp.summer.tier0.solved,Idle,0
1132,41195.3021,33.382,camp.summer.tier0.solved,Idle,0
1133,41228.8864,33.5843,camp.summer.tier0.solved,Idle,0
1134,41262.1494,33.263,camp.summer.tier0.solved,Idle,0
1135,41295.9781,33.8288,camp.summer.tier0.solved,Idle,0
1136,41328.9541,32.9759,camp.summer.tier0.solved,Idle,0
1137,41362.2823,33.3279,camp.summer.tier0.solved,Idle,0
1138,41395.501,33.219,camp.summer.tier0.solved,Idle,0
1139,41428.6949,33.1939,camp.summer.tier0.solved,Idle,0
1140,41462.1749,33.4801,camp.summer.tier0.solved,Idle,0
1141,41495.6679,33.4929,camp.summer.tier0.solved,Idle,0
1142,41528.5566,32.8887,camp.summer.tier0.solved,Idle,0
1143,41561.89,33.3333,camp.summer.tier0.solved,Idle,0
1144,41595.9858,34.0959,camp.summer.tier0.solved,Idle,0
1145,41629.1096,33.1238,camp.summer.tier0.solved,Idle,0
1146,41662.0907,32.9811,camp.summer.tier0.solved,Idle,0
1147,41695.2434,33.1527,camp.summer.tier0.solved,Idle,0
1148,41728.7671,33.5236,camp.summer.tier0.solved,Idle,0
1149,41762.4724,33.7055,camp.summer.tier0.solved,Idle,0
1150,41795.7225,33.25,camp.summer.tier0.solved,Idle,0
1151,41828.698,32.9754,camp.summer.tier0.solved,Idle,0
1152,41862.0135,33.3156,camp.summer.tier0.solved,Idle,0
1153,41895.2029,33.1895,camp.summer.tier0.solved,Idle,0
1154,41929.0379,33.835,camp.summer.tier0.solved,Idle,0
1155,41962.3838,33.3458,camp.summer.tier0.solved,Idle,0
1156,41995.3756,32.9918,camp.summer.tier0.solved,Idle,0
1157,42028.646,33.2704,camp.summer.tier0.solved,Idle,0
1158,42062.1514,33.5055,camp.summer.tier0.solved,Idle,0
1159,42095.3507,33.1992,camp.summer.tier0.solved,Idle,0
1160,42129.1084,33.7577,camp.summer.tier0.solved,Idle,0
1161,42162.1812,33.0727,camp.summer.tier0.solved,Idle,0
1162,42195.8343,33.6532,camp.summer.tier0.solved,Idle,0
1163,42228.9655,33.1313,camp.summer.tier0.solved,Idle,0
1164,42261.9287,32.9631,camp.summer.tier0.solved,Idle,0
1165,42296.1729,34.2441,camp.summer.tier0.solved,Idle,0
1166,42328.7915,32.6187,camp.summer.tier0.solved,Idle,0
1167,42361.6613,32.8699,camp.summer.tier0.solved,Idle,0
1168,42395.1223,33.461,camp.summer.tier0.solved,Idle,0
1169,42428.3772,33.2548,camp.summer.tier0.solved,Idle,0
1170,42461.825,33.4478,camp.summer.tier0.solved,Idle,0
1171,42494.9173,33.0923,camp.summer.tier0.solved,Idle,0
1172,42528.1271,33.2099,camp.summer.tier0.solved,Idle,0
1173,42561.309,33.1818,camp.summer.tier0.solved,Idle,0
1174,42594.5187,33.2098,camp.summer.tier0.solved,Idle,0
1175,42628.0248,33.506,camp.summer.tier0.solved,Idle,0
1176,42661.5429,33.5181,camp.summer.tier0.solved,Idle,0
1177,42694.5472,33.0044,camp.summer.tier0.solved,Idle,0
1178,42727.7805,33.2333,camp.summer.tier0.solved,Idle,0
1179,42761.0235,33.2429,camp.summer.tier0.solved,Idle,0
1180,42794.8602,33.8367,camp.summer.tier0.solved,Idle,0
1181,42827.9997,33.1396,camp.summer.tier0.solved,Idle,0
1182,42861.2468,33.247,camp.summer.tier0.solved,Idle,0
1183,42894.8023,33.5555,camp.summer.tier0.solved,Idle,0
1184,42927.9433,33.141,camp.summer.tier0.solved,Idle,0
1185,42961.6038,33.6605,camp.summer.tier0.solved,Idle,0
1186,42994.8792,33.2755,camp.summer.tier0.solved,Idle,0
1187,43028.3382,33.4588,camp.summer.tier0.solved,Idle,0
1188,43061.4803,33.1422,camp.summer.tier0.solved,Idle,0
1189,43094.9031,33.4228,camp.summer.tier0.solved,Idle,0
1190,43128.3549,33.4518,camp.summer.tier0.solved,Idle,0
1191,43161.7481,33.3931,camp.summer.tier0.solved,Idle,0
1192,43194.8034,33.0555,camp.summer.tier0.solved,Idle,0
1193,43228.3231,33.5197,camp.summer.tier0.solved,Idle,0
1194,43261.4005,33.0773,camp.summer.tier0.solved,Idle,0
1195,43295.1349,33.7344,camp.summer.tier0.solved,Idle,0
1196,43328.0868,32.952,camp.summer.tier0.solved,Idle,0
1197,43361.4783,33.3915,camp.summer.tier0.solved,Idle,0
1198,43395.2881,33.8098,camp.summer.tier0.solved,Idle,0
1199,43428.7659,33.4777,camp.summer.tier0.solved,Idle,0
1200,43464.6079,35.842,camp.summer.tier0.solved,Idle,0
1201,43488.825,24.2172,camp.summer.tier0.solved,Idle,0
1202,43527.8767,39.0516,camp.summer.tier0.solved,Idle,0
1203,43561.4082,33.5316,camp.summer.tier0.solved,Idle,0
1204,43595.1953,33.7871,camp.summer.tier0.solved,Idle,0
1205,43629.003,33.8074,camp.summer.tier0.solved,Idle,0
1206,43662.4284,33.4256,camp.summer.tier0.solved,Idle,0
1207,43696.1319,33.7036,camp.summer.tier0.solved,Idle,0
1208,43729.7841,33.6521,camp.summer.tier0.solved,Idle,0
1209,43766.4899,36.7058,camp.summer.tier0.solved,Idle,0
1210,43800.2143,33.7241,camp.summer.tier0.solved,Idle,0
1211,43833.2213,33.0073,camp.summer.tier0.solved,Idle,0
1212,43866.6084,33.3872,camp.summer.tier0.solved,Idle,0
1213,43899.9492,33.3408,camp.summer.tier0.solved,Idle,0
1214,43933.3281,33.3789,camp.summer.tier0.solved,Idle,0
1215,43967.3927,34.0642,camp.summer.tier0.solved,Idle,0
1216,44000.3991,33.0067,camp.summer.tier0.solved,Idle,0
1217,44033.6368,33.2376,camp.summer.tier0.solved,Idle,0
1218,44067.0064,33.3696,camp.summer.tier0.solved,Idle,0
1219,44100.252,33.2456,camp.summer.tier0.solved,Idle,0
1220,44133.8752,33.6232,camp.summer.tier0.solved,Idle,0
1221,44166.7307,32.8556,camp.summer.tier0.solved,Idle,0
1222,44199.9158,33.1851,camp.summer.tier0.solved,Idle,0
1223,44233.5333,33.6175,camp.summer.tier0.solved,Idle,0
1224,44266.6363,33.103,camp.summer.tier0.solved,Idle,0
1225,44300.1394,33.5031,camp.summer.tier0.solved,Idle,0
1226,44333.1934,33.054,camp.summer.tier0.solved,Idle,0
1227,44366.5222,33.3288,camp.summer.tier0.solved,Idle,0
1228,44399.9464,33.4242,camp.summer.tier0.solved,Idle,0
1229,44433.1356,33.1892,camp.summer.tier0.solved,Idle,0
1230,44470.5006,37.3648,route.tier0.camp-menu,Covering,0
1231,44522.216,51.7156,route.tier0.camp-menu,Covering,0
1232,44559.4422,37.2262,route.tier0.camp-menu,Covering,0
1233,44589.2866,29.8444,route.tier0.camp-menu,Covering,0
1234,44622.0004,32.7139,route.tier0.camp-menu,Covering,0
1235,44671.5114,49.5109,route.tier0.camp-menu,Covering,0
1236,44700.3054,28.794,route.tier0.camp-menu,Covering,0
1237,44735.9679,35.6625,route.tier0.camp-menu,Covering,0
1238,44780.7643,44.7963,route.tier0.camp-menu,Covering,0
1239,44817.6723,36.908,route.tier0.camp-menu,Covering,0
1240,44855.6028,37.9306,route.tier0.camp-menu,Covering,0
1241,44904.3522,48.7493,route.tier0.camp-menu,Covering,0
1242,44928.9579,24.6058,route.tier0.camp-menu,Covering,0
1243,44966.806,37.8482,route.tier0.camp-menu,Covering,0
1244,45000.9089,34.1028,route.tier0.camp-menu,Covering,0
1245,45040.04,39.1311,route.tier0.camp-menu,Covering,0
1246,45077.8881,37.8482,route.tier0.camp-menu,Covering,0
1247,45117.1514,39.2632,route.tier0.camp-menu,Covering,0
1248,45151.2204,34.0688,route.tier0.camp-menu,Covering,0
1249,45193.5854,42.3652,route.tier0.camp-menu,Covering,0
1250,45234.1981,40.6123,route.tier0.camp-menu,Covering,0
1251,45274.6317,40.434,route.tier0.camp-menu,Covering,0
1252,45319.9661,45.3342,route.tier0.camp-menu,Covering,0
1253,45369.3132,49.3473,route.tier0.camp-menu,Covering,0
1254,45415.8066,46.4932,route.tier0.camp-menu,Covering,0
1255,45474.2077,58.4014,route.tier0.camp-menu,Covering,0
1256,45503.76,29.5521,route.tier0.camp-menu,Covering,0
1257,45538.3571,34.5971,route.tier0.camp-menu,Covering,0
1258,45583.3853,45.0283,route.tier0.camp-menu,Covering,0
1259,45623.4124,40.0271,route.tier0.camp-menu,Covering,0
1260,45659.358,35.9456,route.tier0.camp-menu,Covering,0
1261,45705.5292,46.1712,route.tier0.camp-menu,Covering,0
1262,45738.6741,33.145,route.tier0.camp-menu,Covering,0
1263,45783.4011,44.7269,route.tier0.camp-menu,Covering,0
1264,45805.0062,21.6048,route.tier0.camp-menu,Covering,0
1265,45854.6218,49.6159,route.tier0.camp-menu,Covering,0
1266,45903.2819,48.6602,route.tier0.camp-menu,Covering,0
1267,45964.1107,60.8287,route.tier0.camp-menu,Covering,0
1268,46000.9489,36.8382,route.tier0.camp-menu,Covering,0
1269,46052.5758,51.6269,route.tier0.camp-menu,Covering,0
1270,46097.3443,44.7685,route.tier0.camp-menu,CoveredLoading,0
1271,46120.3606,23.0163,route.tier0.camp-menu,CoveredLoading,0
1272,46189.9657,69.6051,route.tier0.camp-menu,CoveredLoading,0
1273,46376.6806,186.7146,route.tier0.camp-menu,CoveredLoading,0
1274,46535.1588,158.4785,route.tier0.camp-menu,CoveredLoading,0
1275,46560.2745,25.1158,route.tier0.camp-menu,CoveredLoading,0
1276,46601.5024,41.2275,route.tier0.camp-menu,CoveredLoading,0
1277,46632.7923,31.2901,route.tier0.camp-menu,CoveredLoading,0
1278,46652.2664,19.4742,route.tier0.camp-menu,CoveredLoading,0
1279,46675.5728,23.3065,route.tier0.camp-menu,CoveredLoading,0
1280,46698.9821,23.4091,route.tier0.camp-menu,CoveredLoading,0
1281,46711.8136,12.8316,route.tier0.camp-menu,CoveredLoading,0
1282,46735.7793,23.9657,route.tier0.camp-menu,CoveredLoading,0
1283,46783.2774,47.4978,route.tier0.camp-menu,CoveredLoading,0
1284,46797.1298,13.8527,route.tier0.camp-menu,CoveredLoading,0
1285,46819.015,21.8852,route.tier0.camp-menu,CoveredLoading,0
1286,46840.53,21.515,route.tier0.camp-menu,CoveredLoading,0
1287,46855.0336,14.5036,route.tier0.camp-menu,CoveredLoading,0
1288,46877.9354,22.9017,route.tier0.camp-menu,CoveredLoading,0
1289,46894.8851,16.9498,route.tier0.camp-menu,CoveredLoading,0
1290,46914.8181,19.933,route.tier0.camp-menu,CoveredLoading,0
1291,46951.2656,36.4472,route.tier0.camp-menu,CoveredLoading,0
1292,46965.6074,14.3421,route.tier0.camp-menu,CoveredLoading,0
1293,46993.638,28.0306,route.tier0.camp-menu,CoveredLoading,0
1294,47064.0465,70.4084,route.tier0.camp-menu,Preparing,0
1295,47084.6711,20.6246,route.tier0.camp-menu,Preparing,0
1296,47126.6675,41.9965,route.tier0.camp-menu,Preparing,0
1297,47154.5403,27.8728,route.tier0.camp-menu,Preparing,0
1298,47211.3978,56.8576,route.tier0.camp-menu,Preparing,0
1299,47233.2921,21.8942,route.tier0.camp-menu,Preparing,0
1300,47264.7804,31.4883,route.tier0.camp-menu,Preparing,0
1301,47292.6939,27.9135,route.tier0.camp-menu,Revealing,0
1302,47362.1262,69.4323,route.tier0.camp-menu,Revealing,0
1303,47389.1219,26.9957,route.tier0.camp-menu,Revealing,0
1304,47435.8171,46.6952,route.tier0.camp-menu,Revealing,0
1305,47460.5285,24.7114,route.tier0.camp-menu,Revealing,0
1306,47514.8755,54.347,route.tier0.camp-menu,Revealing,0
1307,47537.4178,22.5423,route.tier0.camp-menu,Revealing,0
1308,47578.4211,41.0033,route.tier0.camp-menu,Revealing,0
1309,47610.3726,31.9515,route.tier0.camp-menu,Revealing,0
1310,47654.6538,44.2813,route.tier0.camp-menu,Revealing,0
1311,47667.8853,13.2314,route.tier0.camp-menu,Revealing,0
1312,47711.0005,43.1153,route.tier0.camp-menu,Revealing,0
1313,47742.8741,31.8736,route.tier0.camp-menu,Revealing,0
1314,47812.3357,69.4616,route.tier0.camp-menu,Revealing,0
1315,47837.1212,24.7854,route.tier0.camp-menu,Revealing,0
1316,47877.6391,40.518,route.tier0.camp-menu,Revealing,0
1317,47909.111,31.4719,route.tier0.camp-menu,Revealing,0
1318,47978.34,69.2289,route.tier0.camp-menu,Revealing,0
1319,47998.1639,19.824,route.tier0.camp-menu,Revealing,0
1320,48024.6806,26.5167,route.tier0.camp-menu,Revealing,0
1321,48062.5381,37.8575,route.tier0.camp-menu,Revealing,0
1322,48120.5079,57.9695,route.tier0.camp-menu,Revealing,0
1323,48135.6955,15.1877,route.tier0.camp-menu,Revealing,0
1324,48176.1669,40.4715,route.tier0.camp-menu,Revealing,0
1325,48207.053,30.8862,route.tier0.camp-menu,Revealing,0
1326,48263.4316,56.3785,route.tier0.camp-menu,Revealing,0
1327,48278.853,15.4214,route.tier0.camp-menu,Revealing,0
1328,48312.713,33.86,route.tier0.camp-menu,Revealing,0
1329,48346.4089,33.6959,route.tier0.camp-menu,Revealing,0
1330,48402.1754,55.7666,route.tier0.camp-menu,Revealing,0
1331,48416.9504,14.7749,route.tier0.camp-menu,Revealing,0
1332,48449.4078,32.4574,route.tier0.camp-menu,Revealing,0
1333,48483.3156,33.9078,route.tier0.camp-menu,Revealing,0
1334,48535.4324,52.1167,route.tier0.camp-menu,Revealing,0
1335,48549.801,14.3686,route.tier0.camp-menu,Revealing,0
1336,48584.3578,34.5569,route.tier0.camp-menu,Revealing,0
1337,48617.2829,32.9251,route.tier0.camp-menu,Revealing,0
1338,48673.1303,55.8474,route.tier0.camp-menu,Revealing,0
1339,48721.1107,47.9804,route.tier0.camp-menu,Idle,0
1340,48730.9728,9.8621,audit.snapshot.route.tier0.camp-menu.ready,Idle,0
1341,48761.4622,30.4895,audit.snapshot.route.tier0.camp-menu.ready,Idle,0
1342,48813.0958,51.6335,audit.snapshot.route.tier0.camp-menu.ready,Idle,0
1343,48827.6488,14.553,audit.snapshot.route.tier0.camp-menu.ready,Idle,0
1344,48860.2409,32.5921,audit.snapshot.route.tier0.camp-menu.ready,Idle,0
1345,48889.7176,29.4768,audit.snapshot.route.tier0.camp-menu.ready,Idle,0
1346,48945.0744,55.3567,audit.snapshot.route.tier0.camp-menu.ready,Idle,0
1347,48989.9424,44.868,audit.snapshot.route.tier0.camp-menu.ready,Idle,0
1348,48998.887,8.9446,audit.snapshot.route.tier0.camp-menu.ready,Idle,0
1349,49028.2933,29.4064,audit.snapshot.route.tier0.camp-menu.ready,Idle,0
1350,49079.2886,50.9952,audit.snapshot.route.tier0.camp-menu.ready,Idle,0
1351,49094.4131,15.1246,audit.snapshot.route.tier0.camp-menu.ready,Idle,0
1352,49127.5195,33.1063,audit.snapshot.route.tier0.camp-menu.ready,Idle,0
1353,49156.6444,29.1248,audit.snapshot.route.tier0.camp-menu.ready,Idle,0
1354,49211.5737,54.9294,audit.snapshot.route.tier0.camp-menu.ready,Idle,0
1355,49224.0507,12.4771,audit.snapshot.route.tier0.camp-menu.ready,Idle,0
1356,49256.8432,32.7925,audit.snapshot.route.tier0.camp-menu.ready,Idle,0
1357,49286.215,29.3717,audit.snapshot.route.tier0.camp-menu.ready,Idle,0
1358,49345.3016,59.0867,audit.snapshot.route.tier0.camp-menu.ready,Idle,0
1359,49361.3023,16.0006,audit.snapshot.route.tier0.camp-menu.ready,Idle,0
1360,49390.7525,29.4502,audit.snapshot.route.tier0.camp-menu.ready,Idle,0
1361,49423.7181,32.9656,audit.snapshot.route.tier0.camp-menu.ready,Idle,0
1362,49478.7673,55.0493,audit.snapshot.route.tier0.camp-menu.ready,Idle,0
1363,49494.4861,15.7188,audit.snapshot.route.tier0.camp-menu.ready,Idle,0
1364,49527.3463,32.8602,audit.snapshot.route.tier0.camp-menu.ready,Idle,0
1365,49556.8369,29.4905,audit.snapshot.route.tier0.camp-menu.ready,Idle,0
1366,49612.2436,55.4068,audit.snapshot.route.tier0.camp-menu.ready,Idle,0
1367,49660.8025,48.5588,audit.snapshot.route.tier0.camp-menu.ready,Idle,0
1368,49670.6589,9.8564,audit.snapshot.route.tier0.camp-menu.ready,Idle,0
1369,49694.8855,24.2267,audit.snapshot.route.tier0.camp-menu.ready,Idle,0
1370,49766.7973,71.9115,audit.snapshot.route.tier0.camp-menu.ready,Idle,1
1371,49781.1142,14.3171,audit.snapshot.route.tier0.camp-menu.ready,Idle,1
1372,49826.3317,45.2175,audit.snapshot.route.tier0.camp-menu.ready,Idle,1
1373,49857.5717,31.2398,audit.snapshot.route.tier0.camp-menu.ready,Idle,1
1374,49919.0974,61.5259,audit.snapshot.route.tier0.camp-menu.ready,Idle,1
1375,49932.8415,13.7441,audit.snapshot.route.tier0.camp-menu.ready,Idle,1
1376,49967.0658,34.224,audit.snapshot.route.tier0.camp-menu.ready,Idle,1
1377,50002.0345,34.969,audit.snapshot.route.tier0.camp-menu.ready,Idle,1
1378,50052.3078,50.2734,audit.snapshot.route.tier0.camp-menu.ready,Idle,1
1379,50073.238,20.9302,audit.snapshot.route.tier0.camp-menu.ready,Idle,1
1380,50107.8481,34.61,audit.snapshot.route.tier0.camp-menu.ready,Idle,1
1381,50145.1324,37.2842,audit.snapshot.route.tier0.camp-menu.ready,Idle,1
1382,50183.3487,38.2164,audit.snapshot.route.tier0.camp-menu.ready,Idle,1
1383,50217.1947,33.8459,audit.snapshot.route.tier0.camp-menu.ready,Idle,1
1384,50251.0706,33.876,audit.snapshot.route.tier0.camp-menu.ready,Idle,1
1385,50285.0524,33.9818,audit.snapshot.route.tier0.camp-menu.ready,Idle,1
1386,50336.4133,51.3609,audit.snapshot.route.tier0.camp-menu.ready,Idle,1
1387,50356.7182,20.305,audit.snapshot.route.tier0.camp-menu.ready,Idle,1
1388,50391.1543,34.436,audit.snapshot.route.tier0.camp-menu.ready,Idle,1
1389,50428.2276,37.0734,audit.snapshot.route.tier0.camp-menu.ready,Idle,1
1390,50466.3506,38.1229,audit.snapshot.route.tier0.camp-menu.ready,Idle,1
1391,50500.8732,34.5224,audit.snapshot.route.tier0.camp-menu.ready,Idle,1
1392,50527.1315,26.2585,audit.snapshot.route.tier0.camp-menu.ready,Idle,1
1393,50556.2082,29.0765,audit.snapshot.route.tier0.camp-menu.ready,Idle,1
1394,50595.2894,39.0815,audit.snapshot.route.tier0.camp-menu.ready,Idle,1
1395,50628.119,32.8295,audit.snapshot.route.tier0.camp-menu.ready,Idle,1
1396,50662.9852,34.8662,audit.snapshot.route.tier0.camp-menu.ready,Idle,1
1397,50699.7154,36.7302,audit.snapshot.route.tier0.camp-menu.ready,Idle,1
1398,50755.9637,56.2483,audit.snapshot.route.tier0.camp-menu.ready,Idle,1
1399,50778.8063,22.8426,audit.snapshot.route.tier0.camp-menu.ready,Idle,1
1400,50817.5309,38.7245,menu.tier1.steady,Idle,1
1401,50851.0049,33.4741,menu.tier1.steady,Idle,1
1402,50898.2958,47.2909,menu.tier1.steady,Idle,1
1403,50937.1521,38.8563,menu.tier1.steady,Idle,1
1404,50969.7228,32.5705,menu.tier1.steady,Idle,1
1405,51011.4662,41.7436,menu.tier1.steady,Idle,1
1406,51068.9198,57.4536,menu.tier1.steady,Idle,1
1407,51083.3256,14.4057,menu.tier1.steady,Idle,1
1408,51116.9316,33.606,menu.tier1.steady,Idle,1
1409,51151.5499,34.6183,menu.tier1.steady,Idle,1
1410,51202.839,51.2892,menu.tier1.steady,Idle,1
1411,51223.3659,20.5269,menu.tier1.steady,Idle,1
1412,51257.7587,34.3928,menu.tier1.steady,Idle,1
1413,51295.1505,37.3917,menu.tier1.steady,Idle,1
1414,51354.456,59.3057,menu.tier1.steady,Idle,1
1415,51400.797,46.3407,menu.tier1.steady,Idle,1
1416,51411.7367,10.9399,menu.tier1.steady,Idle,1
1417,51449.9892,38.2525,menu.tier1.steady,Idle,1
1418,51483.6422,33.6529,menu.tier1.steady,Idle,1
1419,51517.9917,34.3495,menu.tier1.steady,Idle,1
1420,51551.7338,33.7422,menu.tier1.steady,Idle,1
1421,51590.4475,38.7138,menu.tier1.steady,Idle,1
1422,51647.3829,56.9353,menu.tier1.steady,Idle,1
1423,51661.8931,14.5102,menu.tier1.steady,Idle,1
1424,51699.8241,37.931,menu.tier1.steady,Idle,1
1425,51733.3458,33.5218,menu.tier1.steady,Idle,1
1426,51767.3225,33.9765,menu.tier1.steady,Idle,1
1427,51801.8899,34.5675,menu.tier1.steady,Idle,1
1428,51840.702,38.812,menu.tier1.steady,Idle,1
1429,51878.1186,37.4168,menu.tier1.steady,Idle,1
1430,51936.5701,58.4514,menu.tier1.steady,Idle,1
1431,51949.9314,13.3612,menu.tier1.steady,Idle,1
1432,51983.3691,33.4378,menu.tier1.steady,Idle,1
1433,52017.5354,34.1662,menu.tier1.steady,Idle,1
1434,52052.4335,34.8979,menu.tier1.steady,Idle,1
1435,52090.6169,38.1837,menu.tier1.steady,Idle,1
1436,52128.1835,37.5667,menu.tier1.steady,Idle,1
1437,52169.9475,41.7639,menu.tier1.steady,Idle,1
1438,52229.876,59.9286,menu.tier1.steady,Idle,1
1439,52245.3086,15.4325,menu.tier1.steady,Idle,1
1440,52284.0254,38.7157,menu.tier1.steady,Idle,1
1441,52318.3168,34.2924,menu.tier1.steady,Idle,1
1442,52371.8744,53.5576,menu.tier1.steady,Idle,1
1443,52390.9749,19.1004,menu.tier1.steady,Idle,1
1444,52424.6681,33.6934,menu.tier1.steady,Idle,1
1445,52449.9405,25.2724,menu.tier1.steady,Idle,1
1446,52508.5744,58.634,menu.tier1.steady,Idle,1
1447,52522.9167,14.3423,menu.tier1.steady,Idle,1
1448,52557.6598,34.7431,menu.tier1.steady,Idle,1
1449,52594.9717,37.3118,menu.tier1.steady,Idle,1
1450,52624.892,29.9204,menu.tier1.steady,Idle,1
1451,52656.3456,31.4535,menu.tier1.steady,Idle,1
1452,52690.694,34.3484,menu.tier1.steady,Idle,1
1453,52728.4147,37.7208,menu.tier1.steady,Idle,1
1454,52785.984,57.5692,menu.tier1.steady,Idle,1
1455,52800.7809,14.7969,menu.tier1.steady,Idle,1
1456,52834.2674,33.4862,menu.tier1.steady,Idle,1
1457,52869.1735,34.9063,menu.tier1.steady,Idle,1
1458,52907.5181,38.3447,menu.tier1.steady,Idle,1
1459,52941.3255,33.8074,menu.tier1.steady,Idle,1
1460,52978.6159,37.2904,menu.tier1.steady,Idle,1
1461,53015.8841,37.2682,menu.tier1.steady,Idle,1
1462,53070.669,54.7848,menu.tier1.steady,Idle,1
1463,53116.4767,45.8078,menu.tier1.steady,Idle,1
1464,53126.2436,9.7669,menu.tier1.steady,Idle,1
1465,53157.7899,31.5463,menu.tier1.steady,Idle,1
1466,53195.5017,37.7118,menu.tier1.steady,Idle,1
1467,53233.7331,38.2315,menu.tier1.steady,Idle,1
1468,53267.1022,33.3688,menu.tier1.steady,Idle,1
1469,53301.32,34.2181,menu.tier1.steady,Idle,1
1470,53362.3304,61.0103,menu.tier1.steady,Idle,1
1471,53378.5792,16.2488,menu.tier1.steady,Idle,1
1472,53416.9722,38.393,menu.tier1.steady,Idle,1
1473,53450.1561,33.1839,menu.tier1.steady,Idle,1
1474,53499.5284,49.3722,menu.tier1.steady,Idle,1
1475,53523.5078,23.9795,menu.tier1.steady,Idle,1
1476,53557.8256,34.3178,menu.tier1.steady,Idle,1
1477,53584.7098,26.8841,menu.tier1.steady,Idle,1
1478,53635.5069,50.7972,menu.tier1.steady,Idle,1
1479,53675.1937,39.6868,menu.tier1.steady,Idle,1
1480,53684.8966,9.703,menu.tier1.steady,Idle,1
1481,53706.7128,21.8161,menu.tier1.steady,Idle,1
1482,53725.5674,18.8547,menu.tier1.steady,Idle,1
1483,53744.837,19.2696,menu.tier1.steady,Idle,1
1484,53767.6837,22.8465,menu.tier1.steady,Idle,1
1485,53798.9508,31.2672,menu.tier1.steady,Idle,1
1486,53846.0104,47.0596,menu.tier1.steady,Idle,1
1487,53860.7628,14.7524,menu.tier1.steady,Idle,1
1488,53890.7107,29.948,menu.tier1.steady,Idle,1
1489,53918.8806,28.1698,menu.tier1.steady,Idle,1
1490,53949.9307,31.0501,menu.tier1.steady,Idle,1
1491,53976.8545,26.9239,menu.tier1.steady,Idle,1
1492,54004.2235,27.369,menu.tier1.steady,Idle,1
1493,54026.6955,22.472,menu.tier1.steady,Idle,1
1494,54064.0354,37.3397,menu.tier1.steady,Idle,1
1495,54097.4214,33.3861,menu.tier1.steady,Idle,1
1496,54106.9072,9.4859,menu.tier1.steady,Idle,1
1497,54133.8544,26.9471,menu.tier1.steady,Idle,1
1498,54160.3803,26.5259,menu.tier1.steady,Idle,1
1499,54183.3238,22.9435,menu.tier1.steady,Idle,1
1500,54207.5568,24.2331,menu.tier1.steady,Idle,1
1501,54231.0417,23.4848,menu.tier1.steady,Idle,1
1502,54266.564,35.5224,menu.tier1.steady,Idle,1
1503,54276.0037,9.4396,menu.tier1.steady,Idle,1
1504,54303.5065,27.5028,menu.tier1.steady,Idle,1
1505,54326.4266,22.9201,menu.tier1.steady,Idle,1
1506,54364.7857,38.3591,menu.tier1.steady,Idle,1
1507,54404.9299,40.1443,menu.tier1.steady,Idle,1
1508,54414.192,9.2619,menu.tier1.steady,Idle,1
1509,54438.1084,23.9166,menu.tier1.steady,Idle,1
1510,54475.5502,37.4418,menu.tier1.steady,Idle,1
1511,54488.4686,12.9183,menu.tier1.steady,Idle,1
1512,54509.6947,21.2262,menu.tier1.steady,Idle,1
1513,54533.6313,23.9366,menu.tier1.steady,Idle,1
1514,54560.9365,27.3052,menu.tier1.steady,Idle,1
1515,54589.6562,28.7196,menu.tier1.steady,Idle,1
1516,54611.07,21.4138,menu.tier1.steady,Idle,1
1517,54637.5979,26.5279,menu.tier1.steady,Idle,1
1518,54675.4412,37.8433,menu.tier1.steady,Idle,1
1519,54688.4493,13.0081,menu.tier1.steady,Idle,1
1520,54711.0769,22.6277,leaves.tier1.normal.r1,Covering,1
1521,54793.0401,81.9631,leaves.tier1.normal.r1,Covering,1
1522,54827.4677,34.4276,leaves.tier1.normal.r1,Covering,1
1523,54847.8897,20.422,leaves.tier1.normal.r1,Covering,1
1524,54877.8346,29.9449,leaves.tier1.normal.r1,Covering,1
1525,54906.5597,28.7251,leaves.tier1.normal.r1,Covering,1
1526,54944.4146,37.855,leaves.tier1.normal.r1,Covering,1
1527,54960.5013,16.0866,leaves.tier1.normal.r1,Covering,1
1528,54985.7788,25.2775,leaves.tier1.normal.r1,Covering,1
1529,55018.547,32.7683,leaves.tier1.normal.r1,Covering,1
1530,55039.5969,21.0498,leaves.tier1.normal.r1,Covering,1
1531,55065.1538,25.557,leaves.tier1.normal.r1,Covering,1
1532,55090.7823,25.6284,leaves.tier1.normal.r1,Covering,1
1533,55116.6105,25.8283,leaves.tier1.normal.r1,Covering,1
1534,55142.3222,25.7116,leaves.tier1.normal.r1,Covering,1
1535,55169.6808,27.3585,leaves.tier1.normal.r1,Covering,1
1536,55194.2162,24.5355,leaves.tier1.normal.r1,Covering,1
1537,55221.5348,27.3187,leaves.tier1.normal.r1,Covering,1
1538,55261.5481,40.0133,leaves.tier1.normal.r1,Covering,1
1539,55303.8754,42.3271,leaves.tier1.normal.r1,Covering,1
1540,55313.4422,9.5669,leaves.tier1.normal.r1,Covering,1
1541,55338.9544,25.5121,leaves.tier1.normal.r1,Covering,1
1542,55364.8893,25.935,leaves.tier1.normal.r1,Covering,1
1543,55391.8227,26.9335,leaves.tier1.normal.r1,Covering,1
1544,55416.4401,24.6173,leaves.tier1.normal.r1,Covering,1
1545,55444.4144,27.9743,leaves.tier1.normal.r1,Covering,1
1546,55495.2719,50.8575,leaves.tier1.normal.r1,Covering,1
1547,55511.2417,15.9697,leaves.tier1.normal.r1,Covering,1
1548,55544.4336,33.192,leaves.tier1.normal.r1,Covering,1
1549,55577.1573,32.7237,leaves.tier1.normal.r1,Covering,1
1550,55623.1353,45.978,leaves.tier1.normal.r1,Covering,1
1551,55645.3331,22.1978,leaves.tier1.normal.r1,Covering,1
1552,55688.2814,42.9484,leaves.tier1.normal.r1,Covering,1
1553,55721.3228,33.0412,leaves.tier1.normal.r1,Covering,1
1554,55768.6567,47.3341,leaves.tier1.normal.r1,Covering,1
1555,55787.7638,19.107,leaves.tier1.normal.r1,Covering,1
1556,55827.4073,39.6436,leaves.tier1.normal.r1,Covering,1
1557,55868.3298,40.9224,leaves.tier1.normal.r1,Covering,1
1558,55897.8443,29.5144,leaves.tier1.normal.r1,Covering,1
1559,55931.0116,33.1673,leaves.tier1.normal.r1,Covering,1
1560,55964.2401,33.2286,leaves.tier1.normal.r1,Covering,1
1561,55997.3616,33.1215,leaves.tier1.normal.r1,Covering,1
1562,56030.7246,33.3631,leaves.tier1.normal.r1,Covering,1
1563,56063.7633,33.0385,leaves.tier1.normal.r1,Covering,1
1564,56100.0056,36.2423,leaves.tier1.normal.r1,Covering,1
1565,56135.9596,35.9542,leaves.tier1.normal.r1,Covering,1
1566,56184.7668,48.8072,leaves.tier1.normal.r1,Covering,1
1567,56201.9384,17.1715,leaves.tier1.normal.r1,Covering,1
1568,56232.7672,30.8289,leaves.tier1.normal.r1,Covering,1
1569,56267.7276,34.9604,leaves.tier1.normal.r1,Covering,1
1570,56300.4776,32.7424,leaves.tier1.normal.r1,Covering,1
1571,56333.3775,32.9075,leaves.tier1.normal.r1,CoveredLoading,1
1572,56349.8816,16.5041,leaves.tier1.normal.r1,CoveredLoading,1
1573,56366.4097,16.5281,audit.snapshot.leaves.tier1.normal.r1.covered,CoveredLoading,1
1574,56383.806,17.3962,leaves.tier1.normal.r1.hold,CoveredLoading,1
1575,56399.6853,15.8795,leaves.tier1.normal.r1.hold,CoveredLoading,1
1576,56417.0652,17.3797,leaves.tier1.normal.r1.hold,CoveredLoading,1
1577,56433.6598,16.5946,leaves.tier1.normal.r1.hold,CoveredLoading,1
1578,56450.8688,17.209,leaves.tier1.normal.r1.hold,CoveredLoading,1
1579,56467.1925,16.3238,leaves.tier1.normal.r1.hold,CoveredLoading,1
1580,56484.5561,17.3635,leaves.tier1.normal.r1.hold,CoveredLoading,1
1581,56501.4475,16.8914,leaves.tier1.normal.r1.hold,CoveredLoading,1
1582,56523.8769,22.4295,leaves.tier1.normal.r1.hold,CoveredLoading,1
1583,56552.5873,28.7103,leaves.tier1.normal.r1.hold,CoveredLoading,1
1584,56559.0133,6.4261,leaves.tier1.normal.r1.hold,CoveredLoading,1
1585,56575.7955,16.7821,leaves.tier1.normal.r1.hold,CoveredLoading,1
1586,56593.669,17.8736,leaves.tier1.normal.r1.hold,CoveredLoading,1
1587,56610.1231,16.4539,leaves.tier1.normal.r1.hold,CoveredLoading,1
1588,56627.348,17.225,leaves.tier1.normal.r1.hold,CoveredLoading,1
1589,56646.4258,19.0778,leaves.tier1.normal.r1.hold,CoveredLoading,1
1590,56668.2363,21.8106,leaves.tier1.normal.r1.hold,CoveredLoading,1
1591,56685.8469,17.6106,leaves.tier1.normal.r1.hold,CoveredLoading,1
1592,56708.6137,22.7667,leaves.tier1.normal.r1.hold,CoveredLoading,1
1593,56725.5718,16.9581,leaves.tier1.normal.r1.reveal,Preparing,1
1594,56769.4885,43.9165,leaves.tier1.normal.r1.reveal,Preparing,1
1595,56804.6594,35.171,leaves.tier1.normal.r1.reveal,Preparing,1
1596,56848.981,44.3218,leaves.tier1.normal.r1.reveal,Preparing,1
1597,56880.5417,31.5606,leaves.tier1.normal.r1.reveal,Preparing,1
1598,56921.0321,40.4905,leaves.tier1.normal.r1.reveal,Preparing,1
1599,56966.7976,45.7651,leaves.tier1.normal.r1.reveal,Preparing,1
1600,57015.2233,48.4261,leaves.tier1.normal.r1.reveal,Revealing,1
1601,57039.1891,23.9656,leaves.tier1.normal.r1.reveal,Revealing,1
1602,57085.6646,46.4757,leaves.tier1.normal.r1.reveal,Revealing,1
1603,57122.9368,37.2722,leaves.tier1.normal.r1.reveal,Revealing,1
1604,57181.2511,58.314,leaves.tier1.normal.r1.reveal,Revealing,1
1605,57210.8578,29.6068,leaves.tier1.normal.r1.reveal,Revealing,1
1606,57253.6181,42.7604,leaves.tier1.normal.r1.reveal,Revealing,1
1607,57286.8605,33.2424,leaves.tier1.normal.r1.reveal,Revealing,1
1608,57342.79,55.9295,leaves.tier1.normal.r1.reveal,Revealing,1
1609,57364.0752,21.2852,leaves.tier1.normal.r1.reveal,Revealing,1
1610,57404.9945,40.9193,leaves.tier1.normal.r1.reveal,Revealing,1
1611,57452.7254,47.7309,leaves.tier1.normal.r1.reveal,Revealing,1
1612,57499.5306,46.8053,leaves.tier1.normal.r1.reveal,Revealing,1
1613,57531.4942,31.9633,leaves.tier1.normal.r1.reveal,Revealing,1
1614,57573.6676,42.1735,leaves.tier1.normal.r1.reveal,Revealing,1
1615,57611.5766,37.9092,leaves.tier1.normal.r1.reveal,Revealing,1
1616,57680.9284,69.3518,leaves.tier1.normal.r1.reveal,Revealing,1
1617,57701.857,20.9286,leaves.tier1.normal.r1.reveal,Revealing,1
1618,57732.8844,31.0272,leaves.tier1.normal.r1.reveal,Revealing,1
1619,57766.7976,33.9134,leaves.tier1.normal.r1.reveal,Revealing,1
1620,57807.837,41.0394,leaves.tier1.normal.r1.reveal,Revealing,1
1621,57833.3201,25.4828,leaves.tier1.normal.r1.reveal,Revealing,1
1622,57877.7087,44.3887,leaves.tier1.normal.r1.reveal,Revealing,1
1623,57919.3407,41.6321,leaves.tier1.normal.r1.reveal,Revealing,1
1624,57956.9111,37.5705,leaves.tier1.normal.r1.reveal,Revealing,1
1625,57969.9942,13.083,leaves.tier1.normal.r1.reveal,Revealing,1
1626,57995.2876,25.2934,leaves.tier1.normal.r1.reveal,Revealing,1
1627,58023.0182,27.7307,leaves.tier1.normal.r1.reveal,Revealing,1
1628,58056.4862,33.4679,leaves.tier1.normal.r1.reveal,Revealing,1
1629,58076.7842,20.298,leaves.tier1.normal.r1.reveal,Revealing,1
1630,58104.629,27.8449,leaves.tier1.normal.r1.reveal,Revealing,1
1631,58131.0942,26.4652,leaves.tier1.normal.r1.reveal,Revealing,1
1632,58172.6637,41.5695,leaves.tier1.normal.r1.reveal,Revealing,1
1633,58209.6329,36.9691,leaves.tier1.normal.r1.reveal,Revealing,1
1634,58219.7722,10.1394,leaves.tier1.normal.r1.reveal,Revealing,1
1635,58239.9843,20.212,leaves.tier1.normal.r1.reveal,Revealing,1
1636,58279.911,39.9268,leaves.tier1.normal.r1.reveal,Revealing,1
1637,58294.3341,14.423,leaves.tier1.normal.r1.reveal,Revealing,1
1638,58322.3831,28.049,leaves.tier1.normal.r1.reveal,Revealing,1
1639,58345.6555,23.2724,leaves.tier1.normal.r1.reveal,Revealing,1
1640,58388.4863,42.8308,leaves.tier1.normal.r1.reveal,Revealing,1
1641,58408.5954,20.1091,leaves.tier1.normal.r1.reveal,Idle,1
1642,58441.3759,32.7806,leaves.tier1.normal.r1.settle,Idle,1
1643,58473.5897,32.2137,leaves.tier1.normal.r1.settle,Idle,1
1644,58513.8815,40.2918,leaves.tier1.normal.r1.settle,Idle,1
1645,58527.8005,13.9191,leaves.tier1.normal.r1.settle,Idle,1
1646,58551.822,24.0215,leaves.tier1.normal.r1.settle,Idle,1
1647,58574.5736,22.7516,leaves.tier1.normal.r1.settle,Idle,1
1648,58613.8956,39.3219,leaves.tier1.normal.r1.settle,Idle,1
1649,58650.1207,36.2251,leaves.tier1.normal.r1.settle,Idle,1
1650,58659.5892,9.4685,leaves.tier1.normal.r1.settle,Idle,1
1651,58683.5342,23.945,leaves.tier1.normal.r1.settle,Idle,1
1652,58722.7762,39.2421,leaves.tier1.normal.r1.settle,Idle,1
1653,58756.1554,33.3792,leaves.tier1.normal.r1.settle,Idle,1
1654,58765.3145,9.159,leaves.tier1.normal.r1.settle,Idle,1
1655,58785.1984,19.884,leaves.tier1.normal.r1.settle,Idle,1
1656,58827.2328,42.0343,leaves.tier1.normal.r1.settle,Idle,1
1657,58839.771,12.5382,leaves.tier1.reduced.r1,Covering,1
1658,58874.5365,34.7656,leaves.tier1.reduced.r1,Covering,1
1659,58912.8952,38.3585,leaves.tier1.reduced.r1,Covering,1
1660,58975.8226,62.9276,leaves.tier1.reduced.r1,Covering,1
1661,58993.9777,18.1549,leaves.tier1.reduced.r1,CoveredLoading,1
1662,59012.645,18.6674,leaves.tier1.reduced.r1,CoveredLoading,1
1663,59028.9618,16.3168,audit.snapshot.leaves.tier1.reduced.r1.covered,CoveredLoading,1
1664,59045.351,16.3892,leaves.tier1.reduced.r1.hold,CoveredLoading,1
1665,59061.8933,16.5424,leaves.tier1.reduced.r1.hold,CoveredLoading,1
1666,59078.4117,16.5183,leaves.tier1.reduced.r1.hold,CoveredLoading,1
1667,59093.7746,15.363,leaves.tier1.reduced.r1.hold,CoveredLoading,1
1668,59112.2488,18.4742,leaves.tier1.reduced.r1.hold,CoveredLoading,1
1669,59127.8483,15.5995,leaves.tier1.reduced.r1.hold,CoveredLoading,1
1670,59144.9063,17.058,leaves.tier1.reduced.r1.hold,CoveredLoading,1
1671,59161.7662,16.8599,leaves.tier1.reduced.r1.hold,CoveredLoading,1
1672,59177.7721,16.0058,leaves.tier1.reduced.r1.hold,CoveredLoading,1
1673,59191.9775,14.2055,leaves.tier1.reduced.r1.hold,CoveredLoading,1
1674,59215.8898,23.9123,leaves.tier1.reduced.r1.hold,CoveredLoading,1
1675,59227.0067,11.1168,leaves.tier1.reduced.r1.hold,CoveredLoading,1
1676,59244.8387,17.832,leaves.tier1.reduced.r1.hold,CoveredLoading,1
1677,59261.8155,16.9768,leaves.tier1.reduced.r1.hold,CoveredLoading,1
1678,59282.51,20.6944,leaves.tier1.reduced.r1.hold,CoveredLoading,1
1679,59297.7637,15.2539,leaves.tier1.reduced.r1.hold,CoveredLoading,1
1680,59310.5471,12.7833,leaves.tier1.reduced.r1.hold,CoveredLoading,1
1681,59325.2105,14.6634,leaves.tier1.reduced.r1.hold,CoveredLoading,1
1682,59344.2742,19.0637,leaves.tier1.reduced.r1.hold,CoveredLoading,1
1683,59371.6456,27.3715,leaves.tier1.reduced.r1.reveal,Preparing,1
1684,59395.3466,23.701,leaves.tier1.reduced.r1.reveal,Preparing,1
1685,59407.9179,12.5713,leaves.tier1.reduced.r1.reveal,Preparing,1
1686,59429.7557,21.8377,leaves.tier1.reduced.r1.reveal,Preparing,1
1687,59462.3028,32.5471,leaves.tier1.reduced.r1.reveal,Revealing,1
1688,59483.6672,21.3644,leaves.tier1.reduced.r1.reveal,Revealing,1
1689,59515.3496,31.6824,leaves.tier1.reduced.r1.reveal,Revealing,1
1690,59557.8006,42.451,leaves.tier1.reduced.r1.reveal,Revealing,1
1691,59571.3729,13.5723,leaves.tier1.reduced.r1.reveal,Revealing,1
1692,59594.9225,23.5496,leaves.tier1.reduced.r1.reveal,Revealing,1
1693,59630.107,35.1845,leaves.tier1.reduced.r1.reveal,Revealing,1
1694,59646.6797,16.5727,leaves.tier1.reduced.r1.reveal,Idle,1
1695,59679.0878,32.4081,leaves.tier1.reduced.r1.settle,Idle,1
1696,59704.8275,25.7397,leaves.tier1.reduced.r1.settle,Idle,1
1697,59735.6953,30.8678,leaves.tier1.reduced.r1.settle,Idle,1
1698,59755.9939,20.2986,leaves.tier1.reduced.r1.settle,Idle,1
1699,59799.8922,43.8982,leaves.tier1.reduced.r1.settle,Idle,1
1700,59833.2272,33.3351,leaves.tier1.reduced.r1.settle,Idle,1
1701,59841.7167,8.4895,leaves.tier1.reduced.r1.settle,Idle,1
1702,59864.9814,23.2647,leaves.tier1.reduced.r1.settle,Idle,1
1703,59889.536,24.5547,leaves.tier1.reduced.r1.settle,Idle,1
1704,59911.104,21.5679,leaves.tier1.reduced.r1.settle,Idle,1
1705,59933.0494,21.9454,leaves.tier1.reduced.r1.settle,Idle,1
1706,59960.2006,27.1512,leaves.tier1.reduced.r1.settle,Idle,1
1707,59983.1938,22.9932,leaves.tier1.reduced.r1.settle,Idle,1
1708,60022.9931,39.7993,leaves.tier1.reduced.r1.settle,Idle,1
1709,60056.2257,33.2327,leaves.tier1.reduced.r1.settle,Idle,1
1710,60067.5796,11.3538,leaves.tier1.normal.r2,Covering,1
1711,60125.987,58.4074,leaves.tier1.normal.r2,Covering,1
1712,60155.4056,29.4186,leaves.tier1.normal.r2,Covering,1
1713,60173.0015,17.596,leaves.tier1.normal.r2,Covering,1
1714,60213.0221,40.0206,leaves.tier1.normal.r2,Covering,1
1715,60238.1636,25.1415,leaves.tier1.normal.r2,Covering,1
1716,60265.1408,26.9772,leaves.tier1.normal.r2,Covering,1
1717,60308.4681,43.3272,leaves.tier1.normal.r2,Covering,1
1718,60322.563,14.0949,leaves.tier1.normal.r2,Covering,1
1719,60346.9152,24.3523,leaves.tier1.normal.r2,Covering,1
1720,60389.1336,42.2183,leaves.tier1.normal.r2,Covering,1
1721,60409.3738,20.2402,leaves.tier1.normal.r2,Covering,1
1722,60437.4847,28.111,leaves.tier1.normal.r2,Covering,1
1723,60505.5115,68.0267,leaves.tier1.normal.r2,Covering,1
1724,60520.1394,14.6279,leaves.tier1.normal.r2,Covering,1
1725,60541.5102,21.3708,leaves.tier1.normal.r2,Covering,1
1726,60607.6539,66.1436,leaves.tier1.normal.r2,Covering,1
1727,60633.1309,25.4771,leaves.tier1.normal.r2,Covering,1
1728,60667.4653,34.3344,leaves.tier1.normal.r2,Covering,1
1729,60719.1073,51.6421,leaves.tier1.normal.r2,Covering,1
1730,60734.0964,14.9889,leaves.tier1.normal.r2,Covering,1
1731,60767.7494,33.6531,leaves.tier1.normal.r2,Covering,1
1732,60812.3332,44.5837,leaves.tier1.normal.r2,Covering,1
1733,60839.1948,26.8618,leaves.tier1.normal.r2,Covering,1
1734,60875.1607,35.9659,leaves.tier1.normal.r2,Covering,1
1735,60935.763,60.6022,leaves.tier1.normal.r2,Covering,1
1736,60954.7998,19.0368,leaves.tier1.normal.r2,Covering,1
1737,60997.5217,42.7219,leaves.tier1.normal.r2,Covering,1
1738,61046.7318,49.2101,leaves.tier1.normal.r2,Covering,1
1739,61086.4211,39.6893,leaves.tier1.normal.r2,Covering,1
1740,61130.1698,43.7487,leaves.tier1.normal.r2,Covering,1
1741,61196.7071,66.5373,leaves.tier1.normal.r2,Covering,1
1742,61223.9819,27.2748,leaves.tier1.normal.r2,Covering,1
1743,61279.6313,55.6494,leaves.tier1.normal.r2,Covering,1
1744,61328.5514,48.9201,leaves.tier1.normal.r2,Covering,1
1745,61360.1935,31.6421,leaves.tier1.normal.r2,Covering,1
1746,61404.052,43.8585,leaves.tier1.normal.r2,Covering,1
1747,61474.5665,70.5145,leaves.tier1.normal.r2,Covering,1
1748,61493.1418,18.5752,leaves.tier1.normal.r2,Covering,1
1749,61526.6627,33.5211,leaves.tier1.normal.r2,Covering,1
1750,61594.3218,67.659,leaves.tier1.normal.r2,Covering,1
1751,61618.9141,24.5923,leaves.tier1.normal.r2,Covering,1
1752,61681.3943,62.4802,leaves.tier1.normal.r2,Covering,1
1753,61711.4774,30.083,leaves.tier1.normal.r2,CoveredLoading,1
1754,61727.6883,16.2111,leaves.tier1.normal.r2,CoveredLoading,1
1755,61743.1756,15.4873,audit.snapshot.leaves.tier1.normal.r2.covered,CoveredLoading,1
1756,61758.8098,15.6341,leaves.tier1.normal.r2.hold,CoveredLoading,1
1757,61774.4055,15.5956,leaves.tier1.normal.r2.hold,CoveredLoading,1
1758,61791.9116,17.506,leaves.tier1.normal.r2.hold,CoveredLoading,1
1759,61807.5296,15.6183,leaves.tier1.normal.r2.hold,CoveredLoading,1
1760,61824.5767,17.047,leaves.tier1.normal.r2.hold,CoveredLoading,1
1761,61840.5959,16.0193,leaves.tier1.normal.r2.hold,CoveredLoading,1
1762,61857.6535,17.0576,leaves.tier1.normal.r2.hold,CoveredLoading,1
1763,61874.1814,16.5279,leaves.tier1.normal.r2.hold,CoveredLoading,1
1764,61890.9126,16.7312,leaves.tier1.normal.r2.hold,CoveredLoading,1
1765,61906.7717,15.8589,leaves.tier1.normal.r2.hold,CoveredLoading,1
1766,61924.4454,17.6736,leaves.tier1.normal.r2.hold,CoveredLoading,1
1767,61946.9195,22.4743,leaves.tier1.normal.r2.hold,CoveredLoading,1
1768,61962.803,15.8835,leaves.tier1.normal.r2.hold,CoveredLoading,1
1769,61980.1154,17.3125,leaves.tier1.normal.r2.hold,CoveredLoading,1
1770,62001.7086,21.593,leaves.tier1.normal.r2.hold,CoveredLoading,1
1771,62019.8845,18.1761,leaves.tier1.normal.r2.hold,CoveredLoading,1
1772,62041.4577,21.5731,leaves.tier1.normal.r2.hold,CoveredLoading,1
1773,62076.8987,35.441,leaves.tier1.normal.r2.hold,CoveredLoading,1
1774,62100.4111,23.5122,leaves.tier1.normal.r2.hold,CoveredLoading,1
1775,62123.5215,23.1106,leaves.tier1.normal.r2.reveal,Preparing,1
1776,62139.7684,16.2469,leaves.tier1.normal.r2.reveal,Preparing,1
1777,62181.159,41.3906,leaves.tier1.normal.r2.reveal,Preparing,1
1778,62234.5797,53.4207,leaves.tier1.normal.r2.reveal,Preparing,1
1779,62250.119,15.5393,leaves.tier1.normal.r2.reveal,Preparing,1
1780,62282.2602,32.1412,leaves.tier1.normal.r2.reveal,Preparing,1
1781,62324.8525,42.5924,leaves.tier1.normal.r2.reveal,Preparing,1
1782,62351.2316,26.3785,leaves.tier1.normal.r2.reveal,Preparing,1
1783,62382.7277,31.4966,leaves.tier1.normal.r2.reveal,Revealing,1
1784,62430.558,47.8303,leaves.tier1.normal.r2.reveal,Revealing,1
1785,62448.3849,17.8269,leaves.tier1.normal.r2.reveal,Revealing,1
1786,62483.2519,34.867,leaves.tier1.normal.r2.reveal,Revealing,1
1787,62528.5718,45.3199,leaves.tier1.normal.r2.reveal,Revealing,1
1788,62603.3256,74.7537,leaves.tier1.normal.r2.reveal,Revealing,1
1789,62628.971,25.6456,leaves.tier1.normal.r2.reveal,Revealing,1
1790,62705.541,76.57,leaves.tier1.normal.r2.reveal,Revealing,1
1791,62721.3114,15.7703,leaves.tier1.normal.r2.reveal,Revealing,1
1792,62751.2814,29.9701,leaves.tier1.normal.r2.reveal,Revealing,1
1793,62794.1706,42.8892,leaves.tier1.normal.r2.reveal,Revealing,1
1794,62820.0272,25.8565,leaves.tier1.normal.r2.reveal,Revealing,1
1795,62852.8838,32.8566,leaves.tier1.normal.r2.reveal,Revealing,1
1796,62905.2459,52.3621,leaves.tier1.normal.r2.reveal,Revealing,1
1797,62918.7219,13.4761,leaves.tier1.normal.r2.reveal,Revealing,1
1798,62951.2639,32.542,leaves.tier1.normal.r2.reveal,Revealing,1
1799,62997.7161,46.4522,leaves.tier1.normal.r2.reveal,Revealing,1
1800,63029.8752,32.1591,leaves.tier1.normal.r2.reveal,Revealing,1
1801,63061.3506,31.4753,leaves.tier1.normal.r2.reveal,Revealing,1
1802,63108.0105,46.6599,leaves.tier1.normal.r2.reveal,Revealing,1
1803,63123.4558,15.4453,leaves.tier1.normal.r2.reveal,Revealing,1
1804,63148.7463,25.2905,leaves.tier1.normal.r2.reveal,Revealing,1
1805,63182.0046,33.2583,leaves.tier1.normal.r2.reveal,Revealing,1
1806,63204.9958,22.9913,leaves.tier1.normal.r2.reveal,Revealing,1
1807,63234.1242,29.1284,leaves.tier1.normal.r2.reveal,Revealing,1
1808,63277.6029,43.4786,leaves.tier1.normal.r2.reveal,Revealing,1
1809,63293.8719,16.2691,leaves.tier1.normal.r2.reveal,Revealing,1
1810,63322.5261,28.6542,leaves.tier1.normal.r2.reveal,Revealing,1
1811,63359.8394,37.3133,leaves.tier1.normal.r2.reveal,Revealing,1
1812,63377.4543,17.6148,leaves.tier1.normal.r2.reveal,Revealing,1
1813,63407.1329,29.6786,leaves.tier1.normal.r2.reveal,Revealing,1
1814,63432.3505,25.2174,leaves.tier1.normal.r2.reveal,Revealing,1
1815,63459.1927,26.8425,leaves.tier1.normal.r2.reveal,Revealing,1
1816,63483.839,24.6462,leaves.tier1.normal.r2.reveal,Revealing,1
1817,63517.9777,34.1388,leaves.tier1.normal.r2.reveal,Revealing,1
1818,63537.5165,19.5387,leaves.tier1.normal.r2.reveal,Revealing,1
1819,63562.2195,24.7031,leaves.tier1.normal.r2.reveal,Revealing,1
1820,63623.1649,60.9452,leaves.tier1.normal.r2.reveal,Revealing,1
1821,63641.6912,18.5264,leaves.tier1.normal.r2.reveal,Revealing,1
1822,63669.33,27.6388,leaves.tier1.normal.r2.reveal,Revealing,1
1823,63733.0278,63.6978,leaves.tier1.normal.r2.reveal,Revealing,1
1824,63754.1708,21.1431,leaves.tier1.normal.r2.reveal,Revealing,1
1825,63778.8652,24.6943,leaves.tier1.normal.r2.reveal,Idle,1
1826,63824.494,45.6289,leaves.tier1.normal.r2.settle,Idle,1
1827,63841.5899,17.0958,leaves.tier1.normal.r2.settle,Idle,1
1828,63866.577,24.9869,leaves.tier1.normal.r2.settle,Idle,1
1829,63898.3057,31.7289,leaves.tier1.normal.r2.settle,Idle,1
1830,63924.4687,26.163,leaves.tier1.normal.r2.settle,Idle,1
1831,63947.8005,23.3318,leaves.tier1.normal.r2.settle,Idle,1
1832,63994.0924,46.2919,leaves.tier1.normal.r2.settle,Idle,1
1833,64007.1194,13.0269,leaves.tier1.normal.r2.settle,Idle,1
1834,64029.3805,22.2612,leaves.tier1.normal.r2.settle,Idle,1
1835,64062.727,33.3465,leaves.tier1.normal.r2.settle,Idle,1
1836,64081.6738,18.9469,leaves.tier1.normal.r2.settle,Idle,1
1837,64107.9071,26.2332,leaves.tier1.normal.r2.settle,Idle,1
1838,64145.2834,37.3763,leaves.tier1.normal.r2.settle,Idle,1
1839,64159.2614,13.978,leaves.tier1.normal.r2.settle,Idle,1
1840,64183.1853,23.924,leaves.tier1.normal.r2.settle,Idle,1
1841,64214.475,31.2897,leaves.tier1.reduced.r2,Covering,1
1842,64244.542,30.0669,leaves.tier1.reduced.r2,Covering,1
1843,64279.5903,35.0483,leaves.tier1.reduced.r2,Covering,1
1844,64321.1153,41.525,leaves.tier1.reduced.r2,Covering,1
1845,64343.8942,22.7789,leaves.tier1.reduced.r2,Covering,1
1846,64372.3798,28.4857,leaves.tier1.reduced.r2,CoveredLoading,1
1847,64391.8144,19.4345,leaves.tier1.reduced.r2,CoveredLoading,1
1848,64406.3583,14.5439,audit.snapshot.leaves.tier1.reduced.r2.covered,CoveredLoading,1
1849,64423.5913,17.233,leaves.tier1.reduced.r2.hold,CoveredLoading,1
1850,64440.5437,16.9525,leaves.tier1.reduced.r2.hold,CoveredLoading,1
1851,64456.8861,16.3423,leaves.tier1.reduced.r2.hold,CoveredLoading,1
1852,64470.4792,13.5932,leaves.tier1.reduced.r2.hold,CoveredLoading,1
1853,64488.9319,18.4526,leaves.tier1.reduced.r2.hold,CoveredLoading,1
1854,64503.7858,14.8539,leaves.tier1.reduced.r2.hold,CoveredLoading,1
1855,64520.8709,17.0852,leaves.tier1.reduced.r2.hold,CoveredLoading,1
1856,64539.7865,18.9155,leaves.tier1.reduced.r2.hold,CoveredLoading,1
1857,64558.1647,18.3782,leaves.tier1.reduced.r2.hold,CoveredLoading,1
1858,64575.4976,17.3329,leaves.tier1.reduced.r2.hold,CoveredLoading,1
1859,64590.218,14.7204,leaves.tier1.reduced.r2.hold,CoveredLoading,1
1860,64608.8739,18.6559,leaves.tier1.reduced.r2.hold,CoveredLoading,1
1861,64625.3748,16.5009,leaves.tier1.reduced.r2.hold,CoveredLoading,1
1862,64642.0312,16.6565,leaves.tier1.reduced.r2.hold,CoveredLoading,1
1863,64658.3377,16.3064,leaves.tier1.reduced.r2.hold,CoveredLoading,1
1864,64673.5782,15.2406,leaves.tier1.reduced.r2.hold,CoveredLoading,1
1865,64690.2365,16.6582,leaves.tier1.reduced.r2.hold,CoveredLoading,1
1866,64706.884,16.6476,leaves.tier1.reduced.r2.hold,CoveredLoading,1
1867,64723.6909,16.8069,leaves.tier1.reduced.r2.hold,CoveredLoading,1
1868,64764.0263,40.3354,leaves.tier1.reduced.r2.reveal,Preparing,1
1869,64777.6864,13.6601,leaves.tier1.reduced.r2.reveal,Preparing,1
1870,64809.1889,31.5025,leaves.tier1.reduced.r2.reveal,Preparing,1
1871,64840.5623,31.3733,leaves.tier1.reduced.r2.reveal,Revealing,1
1872,64877.7071,37.1448,leaves.tier1.reduced.r2.reveal,Revealing,1
1873,64909.0355,31.3284,leaves.tier1.reduced.r2.reveal,Revealing,1
1874,64941.1086,32.073,leaves.tier1.reduced.r2.reveal,Revealing,1
1875,64993.2899,52.1815,leaves.tier1.reduced.r2.reveal,Revealing,1
1876,65006.159,12.869,leaves.tier1.reduced.r2.reveal,Idle,1
1877,65038.0059,31.847,leaves.tier1.reduced.r2.settle,Idle,1
1878,65077.5605,39.5546,leaves.tier1.reduced.r2.settle,Idle,1
1879,65107.0299,29.4694,leaves.tier1.reduced.r2.settle,Idle,1
1880,65135.2106,28.1806,leaves.tier1.reduced.r2.settle,Idle,1
1881,65179.2518,44.0413,leaves.tier1.reduced.r2.settle,Idle,1
1882,65203.4235,24.1717,leaves.tier1.reduced.r2.settle,Idle,1
1883,65228.4237,25.0001,leaves.tier1.reduced.r2.settle,Idle,1
1884,65277.862,49.4384,leaves.tier1.reduced.r2.settle,Idle,1
1885,65305.5039,27.6418,leaves.tier1.reduced.r2.settle,Idle,1
1886,65333.0781,27.5742,leaves.tier1.reduced.r2.settle,Idle,1
1887,65379.0973,46.0193,leaves.tier1.reduced.r2.settle,Idle,1
1888,65394.2175,15.1201,leaves.tier1.reduced.r2.settle,Idle,1
1889,65426.9327,32.7152,leaves.tier1.reduced.r2.settle,Idle,1
1890,65464.3039,37.3712,leaves.tier1.reduced.r2.settle,Idle,1
1891,65489.6414,25.3375,leaves.tier1.reduced.r2.settle,Idle,1
1892,65512.5359,22.8946,route.tier1.menu-camp,Covering,1
1893,65575.1991,62.663,route.tier1.menu-camp,Covering,1
1894,65589.6441,14.4452,route.tier1.menu-camp,Covering,1
1895,65630.2815,40.6373,route.tier1.menu-camp,Covering,1
1896,65694.1243,63.8429,route.tier1.menu-camp,Covering,1
1897,65711.1802,17.0559,route.tier1.menu-camp,Covering,1
1898,65739.1656,27.9854,route.tier1.menu-camp,Covering,1
1899,65772.8535,33.6879,route.tier1.menu-camp,Covering,1
1900,65795.9353,23.0818,route.tier1.menu-camp,Covering,1
1901,65830.4079,34.4725,route.tier1.menu-camp,Covering,1
1902,65871.9299,41.5221,route.tier1.menu-camp,Covering,1
1903,65908.7723,36.8423,route.tier1.menu-camp,Covering,1
1904,65917.5953,8.8231,route.tier1.menu-camp,Covering,1
1905,65945.1644,27.5691,route.tier1.menu-camp,Covering,1
1906,65971.4827,26.3181,route.tier1.menu-camp,Covering,1
1907,65995.9253,24.4427,route.tier1.menu-camp,Covering,1
1908,66040.9958,45.0706,route.tier1.menu-camp,Covering,1
1909,66055.2289,14.233,route.tier1.menu-camp,Covering,1
1910,66078.3333,23.1045,route.tier1.menu-camp,Covering,1
1911,66124.6959,46.3626,route.tier1.menu-camp,Covering,1
1912,66150.5108,25.8148,route.tier1.menu-camp,Covering,1
1913,66181.1455,30.6345,route.tier1.menu-camp,Covering,1
1914,66237.3229,56.1777,route.tier1.menu-camp,Covering,1
1915,66258.2765,20.9536,route.tier1.menu-camp,Covering,1
1916,66295.9737,37.6971,route.tier1.menu-camp,Covering,1
1917,66340.7682,44.7945,route.tier1.menu-camp,Covering,1
1918,66368.4766,27.7084,route.tier1.menu-camp,Covering,1
1919,66402.178,33.7014,route.tier1.menu-camp,Covering,1
1920,66451.9367,49.7587,route.tier1.menu-camp,Covering,1
1921,66469.7609,17.8242,route.tier1.menu-camp,Covering,1
1922,66503.7163,33.9555,route.tier1.menu-camp,Covering,1
1923,66547.7113,43.995,route.tier1.menu-camp,Covering,1
1924,66587.5692,39.8578,route.tier1.menu-camp,Covering,1
1925,66622.1163,34.5471,route.tier1.menu-camp,Covering,1
1926,66676.6195,54.5032,route.tier1.menu-camp,Covering,1
1927,66700.5115,23.892,route.tier1.menu-camp,Covering,1
1928,66727.8532,27.3417,route.tier1.menu-camp,Covering,1
1929,66778.4046,50.5515,route.tier1.menu-camp,Covering,1
1930,66808.7671,30.3625,route.tier1.menu-camp,Covering,1
1931,66842.5942,33.827,route.tier1.menu-camp,Covering,1
1932,66895.3326,52.7384,route.tier1.menu-camp,Covering,1
1933,66917.4394,22.1069,route.tier1.menu-camp,Covering,1
1934,66947.8154,30.3759,route.tier1.menu-camp,Covering,1
1935,66991.5355,43.7202,route.tier1.menu-camp,Covering,1
1936,67019.5374,28.0019,route.tier1.menu-camp,Covering,1
1937,67048.3569,28.8194,route.tier1.menu-camp,Covering,1
1938,67100.8609,52.5041,route.tier1.menu-camp,Covering,1
1939,67117.3042,16.4433,route.tier1.menu-camp,CoveredLoading,1
1940,67132.2823,14.9781,route.tier1.menu-camp,CoveredLoading,1
1941,67199.1204,66.8381,route.tier1.menu-camp,CoveredLoading,1
1942,67307.0185,107.8976,route.tier1.menu-camp,CoveredLoading,1
1943,67358.0892,51.0711,route.tier1.menu-camp,CoveredLoading,1
1944,67445.4694,87.3802,route.tier1.menu-camp,CoveredLoading,1
1945,67459.3645,13.8951,route.tier1.menu-camp,CoveredLoading,1
1946,67560.2753,100.9109,route.tier1.menu-camp,CoveredLoading,1
1947,67581.2581,20.9828,route.tier1.menu-camp,CoveredLoading,1
1948,67613.6216,32.3634,route.tier1.menu-camp,CoveredLoading,1
1949,67630.6054,16.9839,route.tier1.menu-camp,CoveredLoading,1
1950,67650.1435,19.538,route.tier1.menu-camp,CoveredLoading,1
1951,67664.9854,14.842,route.tier1.menu-camp,CoveredLoading,1
1952,67699.6236,34.6378,route.tier1.menu-camp,CoveredLoading,1
1953,67713.7153,14.092,route.tier1.menu-camp,CoveredLoading,1
1954,67731.7043,17.989,route.tier1.menu-camp,CoveredLoading,1
1955,67752.2207,20.5164,route.tier1.menu-camp,CoveredLoading,1
1956,67771.1276,18.9069,route.tier1.menu-camp,CoveredLoading,1
1957,67794.9754,23.8479,route.tier1.menu-camp,CoveredLoading,1
1958,67811.1148,16.1393,route.tier1.menu-camp,CoveredLoading,1
1959,67830.1105,18.9957,route.tier1.menu-camp,CoveredLoading,1
1960,67855.894,25.7835,route.tier1.menu-camp,CoveredLoading,1
1961,67915.8925,59.9983,route.tier1.menu-camp,Preparing,1
1962,67932.0191,16.1268,route.tier1.menu-camp,Preparing,1
1963,67967.8342,35.8151,route.tier1.menu-camp,Preparing,1
1964,68018.4029,50.5687,route.tier1.menu-camp,Preparing,1
1965,68049.0316,30.6287,route.tier1.menu-camp,Preparing,1
1966,68086.1132,37.0816,route.tier1.menu-camp,Preparing,1
1967,68120.3496,34.2364,route.tier1.menu-camp,Preparing,1
1968,68154.6689,34.3193,route.tier1.menu-camp,Revealing,1
1969,68195.0527,40.3838,route.tier1.menu-camp,Revealing,1
1970,68232.181,37.1283,route.tier1.menu-camp,Revealing,1
1971,68271.0476,38.8667,route.tier1.menu-camp,Revealing,1
1972,68329.9447,58.897,route.tier1.menu-camp,Revealing,1
1973,68351.6261,21.6815,route.tier1.menu-camp,Revealing,1
1974,68385.5309,33.9047,route.tier1.menu-camp,Revealing,1
1975,68419.3859,33.8551,route.tier1.menu-camp,Revealing,1
1976,68472.7767,53.3907,route.tier1.menu-camp,Revealing,1
1977,68524.3222,51.5454,route.tier1.menu-camp,Revealing,1
1978,68535.1599,10.8378,route.tier1.menu-camp,Revealing,1
1979,68563.8448,28.6849,route.tier1.menu-camp,Revealing,1
1980,68618.6174,54.7727,route.tier1.menu-camp,Revealing,1
1981,68638.9919,20.3744,route.tier1.menu-camp,Revealing,1
1982,68685.4649,46.473,route.tier1.menu-camp,Revealing,1
1983,68736.3556,50.8908,route.tier1.menu-camp,Revealing,1
1984,68808.1349,71.7792,route.tier1.menu-camp,Revealing,1
1985,68824.6564,16.5215,route.tier1.menu-camp,Revealing,1
1986,68858.7904,34.134,route.tier1.menu-camp,Revealing,1
1987,68900.5441,41.7537,route.tier1.menu-camp,Revealing,1
1988,68961.9532,61.4091,route.tier1.menu-camp,Revealing,1
1989,68978.548,16.5948,route.tier1.menu-camp,Revealing,1
1990,69011.128,32.58,route.tier1.menu-camp,Revealing,1
1991,69052.9982,41.8702,route.tier1.menu-camp,Revealing,1
1992,69108.2285,55.2304,route.tier1.menu-camp,Revealing,1
1993,69123.7215,15.4929,route.tier1.menu-camp,Revealing,1
1994,69158.9348,35.2133,route.tier1.menu-camp,Revealing,1
1995,69184.5954,25.6607,route.tier1.menu-camp,Revealing,1
1996,69245.4972,60.9017,route.tier1.menu-camp,Revealing,1
1997,69266.1914,20.6941,route.tier1.menu-camp,Revealing,1
1998,69300.733,34.5417,route.tier1.menu-camp,Revealing,1
1999,69332.3144,31.5814,route.tier1.menu-camp,Revealing,1
2000,69387.0917,54.7773,route.tier1.menu-camp,Revealing,1
2001,69405.4645,18.3729,route.tier1.menu-camp,Revealing,1
2002,69443.5886,38.1241,route.tier1.menu-camp,Revealing,1
2003,69478.8521,35.2634,route.tier1.menu-camp,Revealing,1
2004,69527.5798,48.7278,route.tier1.menu-camp,Revealing,1
2005,69543.429,15.8491,route.tier1.menu-camp,Idle,1
2006,69574.8223,31.3933,audit.snapshot.route.tier1.menu-camp.ready,Idle,1
2007,69600.098,25.2758,audit.snapshot.route.tier1.menu-camp.ready,Idle,1
2008,69645.0827,44.9847,audit.snapshot.route.tier1.menu-camp.ready,Idle,1
2009,69658.8091,13.7263,audit.snapshot.route.tier1.menu-camp.ready,Idle,1
2010,69683.529,24.7198,audit.snapshot.route.tier1.menu-camp.ready,Idle,1
2011,69709.7112,26.1823,audit.snapshot.route.tier1.menu-camp.ready,Idle,1
2012,69752.8835,43.1723,audit.snapshot.route.tier1.menu-camp.ready,Idle,1
2013,69791.1614,38.2779,audit.snapshot.route.tier1.menu-camp.ready,Idle,1
2014,69801.1769,10.0155,audit.snapshot.route.tier1.menu-camp.ready,Idle,1
2015,69824.1839,23.0071,audit.snapshot.route.tier1.menu-camp.ready,Idle,1
2016,69863.3178,39.1338,audit.snapshot.route.tier1.menu-camp.ready,Idle,1
2017,69875.1312,11.8134,audit.snapshot.route.tier1.menu-camp.ready,Idle,1
2018,69899.9819,24.8507,audit.snapshot.route.tier1.menu-camp.ready,Idle,1
2019,69927.4952,27.5134,audit.snapshot.route.tier1.menu-camp.ready,Idle,1
2020,69972.2561,44.7609,audit.snapshot.route.tier1.menu-camp.ready,Idle,1
2021,70008.5704,36.3142,audit.snapshot.route.tier1.menu-camp.ready,Idle,1
2022,70018.3477,9.7773,audit.snapshot.route.tier1.menu-camp.ready,Idle,1
2023,70040.5799,22.2322,audit.snapshot.route.tier1.menu-camp.ready,Idle,1
2024,70079.421,38.8411,audit.snapshot.route.tier1.menu-camp.ready,Idle,1
2025,70093.6422,14.2211,audit.snapshot.route.tier1.menu-camp.ready,Idle,1
2026,70121.2355,27.5935,audit.snapshot.route.tier1.menu-camp.ready,Idle,1
2027,70144.2382,23.0026,audit.snapshot.route.tier1.menu-camp.ready,Idle,1
2028,70189.8113,45.5731,audit.snapshot.route.tier1.menu-camp.ready,Idle,1
2029,70225.3171,35.5058,audit.snapshot.route.tier1.menu-camp.ready,Idle,1
2030,70235.0369,9.7198,audit.snapshot.route.tier1.menu-camp.ready,Idle,1
2031,70258.6325,23.5956,audit.snapshot.route.tier1.menu-camp.ready,Idle,1
2032,70300.4363,41.8039,audit.snapshot.route.tier1.menu-camp.ready,Idle,1
2033,70338.6371,38.2007,audit.snapshot.route.tier1.menu-camp.ready,Idle,1
2034,70348.1948,9.5577,audit.snapshot.route.tier1.menu-camp.ready,Idle,1
2035,70374.0482,25.8534,audit.snapshot.route.tier1.menu-camp.ready,Idle,1
2036,70413.8513,39.8031,camp.summer.tier1.empty,Idle,1
2037,70435.9957,22.1445,camp.summer.tier1.empty,Idle,1
2038,70460.4136,24.4178,camp.summer.tier1.empty,Idle,1
2039,70492.4823,32.0688,camp.summer.tier1.empty,Idle,1
2040,70534.4104,41.928,camp.summer.tier1.empty,Idle,1
2041,70543.9145,9.5042,camp.summer.tier1.empty,Idle,1
2042,70572.6119,28.6974,camp.summer.tier1.empty,Idle,1
2043,70595.313,22.701,camp.summer.tier1.empty,Idle,1
2044,70640.1617,44.8487,camp.summer.tier1.empty,Idle,1
2045,70675.6439,35.4823,camp.summer.tier1.empty,Idle,1
2046,70685.8363,10.1923,camp.summer.tier1.empty,Idle,1
2047,70707.4496,21.6133,camp.summer.tier1.empty,Idle,1
2048,70747.1434,39.6938,camp.summer.tier1.empty,Idle,1
2049,70760.4424,13.299,camp.summer.tier1.empty,Idle,1
2050,70788.3336,27.8913,camp.summer.tier1.empty,Idle,1
2051,70811.7079,23.3741,camp.summer.tier1.empty,Idle,1
2052,70840.6261,28.9184,camp.summer.tier1.empty,Idle,1
2053,70866.2286,25.6024,camp.summer.tier1.empty,Idle,1
2054,70892.6787,26.45,camp.summer.tier1.empty,Idle,1
2055,70921.1089,28.4228,camp.summer.tier1.empty,Idle,1
2056,70962.0204,40.9191,camp.summer.tier1.empty,Idle,1
2057,70974.2428,12.2224,camp.summer.tier1.empty,Idle,1
2058,70999.868,25.6252,camp.summer.tier1.empty,Idle,1
2059,71026.7587,26.8906,camp.summer.tier1.empty,Idle,1
2060,71061.2759,34.5172,camp.summer.tier1.empty,Idle,1
2061,71081.4679,20.192,camp.summer.tier1.empty,Idle,1
2062,71108.9058,27.4379,camp.summer.tier1.empty,Idle,1
2063,71136.7104,27.8046,camp.summer.tier1.empty,Idle,1
2064,71160.9886,24.2782,camp.summer.tier1.empty,Idle,1
2065,71188.7888,27.8003,camp.summer.tier1.empty,Idle,1
2066,71211.4052,22.6163,camp.summer.tier1.empty,Idle,1
2067,71240.6546,29.2495,camp.summer.tier1.empty,Idle,1
2068,71272.8404,32.1856,camp.summer.tier1.empty,Idle,1
2069,71293.724,20.8837,camp.summer.tier1.empty,Idle,1
2070,71321.1167,27.3928,camp.summer.tier1.empty,Idle,1
2071,71343.9393,22.8226,camp.summer.tier1.empty,Idle,1
2072,71389.5276,45.5882,camp.summer.tier1.empty,Idle,1
2073,71425.2574,35.7298,camp.summer.tier1.empty,Idle,1
2074,71435.5349,10.2775,camp.summer.tier1.empty,Idle,1
2075,71459.4314,23.8963,camp.summer.tier1.empty,Idle,1
2076,71494.0909,34.6598,camp.summer.tier1.empty,Idle,1
2077,71512.7621,18.6711,camp.summer.tier1.empty,Idle,1
2078,71541.5767,28.8146,camp.summer.tier1.empty,Idle,1
2079,71569.2157,27.6391,camp.summer.tier1.empty,Idle,1
2080,71611.0191,41.8033,camp.summer.tier1.empty,Idle,1
2081,71624.6735,13.6545,camp.summer.tier1.empty,Idle,1
2082,71649.61,24.9364,camp.summer.tier1.empty,Idle,1
2083,71675.6336,26.0236,camp.summer.tier1.empty,Idle,1
2084,71703.4193,27.7857,camp.summer.tier1.empty,Idle,1
2085,71728.1494,24.7301,camp.summer.tier1.empty,Idle,1
2086,71757.3632,29.2138,camp.summer.tier1.empty,Idle,1
2087,71778.179,20.8158,camp.summer.tier1.empty,Idle,1
2088,71819.1764,40.9974,camp.summer.tier1.empty,Idle,1
2089,71859.37,40.1936,camp.summer.tier1.empty,Idle,1
2090,71870.0407,10.6707,camp.summer.tier1.empty,Idle,1
2091,71892.0535,22.0128,camp.summer.tier1.empty,Idle,1
2092,71925.1324,33.0789,camp.summer.tier1.empty,Idle,1
2093,71943.9345,18.8021,camp.summer.tier1.empty,Idle,1
2094,71968.973,25.0385,camp.summer.tier1.empty,Idle,1
2095,71996.1981,27.225,camp.summer.tier1.empty,Idle,1
2096,72041.7053,45.5073,camp.summer.tier1.empty,Idle,1
2097,72056.2782,14.573,camp.summer.tier1.empty,Idle,1
2098,72084.683,28.4046,camp.summer.tier1.empty,Idle,1
2099,72109.9426,25.2596,camp.summer.tier1.empty,Idle,1
2100,72137.2125,27.2701,camp.summer.tier1.empty,Idle,1
2101,72161.9171,24.7045,camp.summer.tier1.empty,Idle,1
2102,72191.4462,29.5291,camp.summer.tier1.empty,Idle,1
2103,72216.3913,24.9451,camp.summer.tier1.empty,Idle,1
2104,72261.0529,44.6616,camp.summer.tier1.empty,Idle,1
2105,72305.3068,44.2539,camp.summer.tier1.empty,Idle,1
2106,72315.4111,10.1043,camp.summer.tier1.empty,Idle,1
2107,72340.7875,25.3764,camp.summer.tier1.empty,Idle,1
2108,72366.4682,25.6806,camp.summer.tier1.empty,Idle,1
2109,72392.8654,26.3974,camp.summer.tier1.empty,Idle,1
2110,72421.669,28.8034,camp.summer.tier1.empty,Idle,1
2111,72443.9465,22.2777,camp.summer.tier1.empty,Idle,1
2112,72486.6803,42.7337,camp.summer.tier1.empty,Idle,1
2113,72523.8242,37.1439,camp.summer.tier1.empty,Idle,1
2114,72533.9838,10.1596,camp.summer.tier1.empty,Idle,1
2115,72553.9928,20.009,camp.summer.tier1.empty,Idle,1
2116,72603.6081,49.6154,camp.summer.tier1.empty,Idle,1
2117,72622.1022,18.494,camp.summer.tier1.empty,Idle,1
2118,72656.2223,34.1202,camp.summer.tier1.empty,Idle,1
2119,72692.1372,35.9148,camp.summer.tier1.empty,Idle,1
2120,72746.1959,54.0587,camp.summer.tier1.empty,Idle,1
2121,72762.1453,15.9494,camp.summer.tier1.empty,Idle,1
2122,72799.9348,37.7896,camp.summer.tier1.empty,Idle,1
2123,72828.1003,28.1655,camp.summer.tier1.empty,Idle,1
2124,72878.7217,50.6213,camp.summer.tier1.empty,Idle,1
2125,72894.3379,15.6162,camp.summer.tier1.empty,Idle,1
2126,72929.1745,34.8366,camp.summer.tier1.empty,Idle,1
2127,72966.4514,37.2769,camp.summer.tier1.empty,Idle,1
2128,73011.5572,45.1058,camp.summer.tier1.empty,Idle,1
2129,73026.7119,15.1547,camp.summer.tier1.empty,Idle,1
2130,73060.8879,34.176,camp.summer.tier1.empty,Idle,1
2131,73095.3735,34.4856,camp.summer.tier1.empty,Idle,1
2132,73151.8706,56.4971,camp.summer.tier1.empty,Idle,1
2133,73162.8232,10.9524,camp.summer.tier1.empty,Idle,1
2134,73192.0797,29.2567,camp.summer.tier1.empty,Idle,1
2135,73231.437,39.3574,camp.summer.tier1.empty,Idle,1
2136,73281.008,49.5709,camp.summer.tier1.empty,Idle,1
2137,73295.962,14.954,camp.summer.tier1.empty,Idle,1
2138,73327.6366,31.6746,camp.summer.tier1.empty,Idle,1
2139,73360.4676,32.831,camp.summer.tier1.empty,Idle,1
2140,73396.7853,36.3177,camp.summer.tier1.empty,Idle,1
2141,73412.9867,16.2012,camp.summer.tier1.empty,Idle,1
2142,73448.8987,35.9123,camp.summer.tier1.empty,Idle,1
2143,73483.8119,34.9132,camp.summer.tier1.empty,Idle,1
2144,73527.7987,43.9868,camp.summer.tier1.empty,Idle,1
2145,73564.5911,36.7924,camp.summer.tier1.empty,Idle,1
2146,73631.9866,67.3954,camp.summer.tier1.empty,Idle,1
2147,73653.9026,21.916,camp.summer.tier1.empty,Idle,1
2148,73719.3384,65.4358,camp.summer.tier1.empty,Idle,1
2149,73736.1948,16.8564,camp.summer.tier1.empty,Idle,1
2150,73759.8129,23.6182,camp.summer.tier1.empty,Idle,1
2151,73785.4025,25.5895,camp.summer.tier1.empty,Idle,1
2152,73840.6488,55.2464,camp.summer.tier1.empty,Idle,1
2153,73850.8449,10.1959,camp.summer.tier1.empty,Idle,1
2154,73884.3639,33.5191,camp.summer.tier1.empty,Idle,1
2155,73918.2847,33.9208,camp.summer.tier1.empty,Idle,1
2156,74016.4055,98.1207,audit.snapshot.camp.summer.tier1.empty,Idle,1
2157,74028.3895,11.9841,audit.snapshot.camp.summer.tier1.empty,Idle,1
2158,74054.1976,25.8081,audit.snapshot.camp.summer.tier1.empty,Idle,1
2159,74077.2114,23.0138,audit.snapshot.camp.summer.tier1.empty,Idle,1
2160,74106.8031,29.5918,audit.snapshot.camp.summer.tier1.empty,Idle,1
2161,74139.9051,33.1019,audit.snapshot.camp.summer.tier1.empty,Idle,1
2162,74160.4767,20.5716,audit.snapshot.camp.summer.tier1.empty,Idle,1
2163,74188.9875,28.5108,audit.snapshot.camp.summer.tier1.empty,Idle,1
2164,74211.8211,22.8336,audit.snapshot.camp.summer.tier1.empty,Idle,1
2165,74241.2858,29.4645,audit.snapshot.camp.summer.tier1.empty,Idle,1
2166,74280.7541,39.4686,audit.snapshot.camp.summer.tier1.empty,Idle,1
2167,74321.8835,41.1293,audit.snapshot.camp.summer.tier1.empty,Idle,1
2168,74332.4965,10.6129,audit.snapshot.camp.summer.tier1.empty,Idle,1
2169,74359.4513,26.9549,audit.snapshot.camp.summer.tier1.empty,Idle,1
2170,74384.5524,25.1011,audit.snapshot.camp.summer.tier1.empty,Idle,1
2171,74415.6349,31.0826,audit.snapshot.camp.summer.tier1.empty,Idle,1
2172,74439.5955,23.9606,audit.snapshot.camp.summer.tier1.empty,Idle,1
2173,74464.2721,24.6766,audit.snapshot.camp.summer.tier1.empty,Idle,1
2174,74492.0016,27.7294,audit.snapshot.camp.summer.tier1.empty,Idle,1
2175,74517.5874,25.5859,audit.snapshot.camp.summer.tier1.empty,Idle,1
2176,74561.6817,44.0942,audit.snapshot.camp.summer.tier1.empty,Idle,1
2177,74628.774,67.0921,audit.snapshot.camp.summer.tier1.empty,Idle,1
2178,74648.3027,19.5289,audit.snapshot.camp.summer.tier1.empty,Idle,1
2179,74715.7949,67.4921,audit.snapshot.camp.summer.tier1.empty,Idle,1
2180,74738.4672,22.6724,audit.snapshot.camp.summer.tier1.empty,Idle,1
2181,74765.8371,27.3699,audit.snapshot.camp.summer.tier1.empty,Idle,1
2182,74788.6004,22.7633,audit.snapshot.camp.summer.tier1.empty,Idle,1
2183,74812.0519,23.4514,audit.snapshot.camp.summer.tier1.empty,Idle,1
2184,74841.6289,29.577,audit.snapshot.camp.summer.tier1.empty,Idle,1
2185,74869.414,27.7852,audit.snapshot.camp.summer.tier1.empty,Idle,1
2186,74911.0052,41.5912,camp.summer.tier1.solved,Idle,1
2187,74923.157,12.1519,camp.summer.tier1.solved,Idle,1
2188,74958.8176,35.6605,camp.summer.tier1.solved,Idle,1
2189,74981.8629,23.0452,camp.summer.tier1.solved,Idle,1
2190,75011.8365,29.9737,camp.summer.tier1.solved,Idle,1
2191,75046.976,35.1396,camp.summer.tier1.solved,Idle,1
2192,75073.1583,26.1822,camp.summer.tier1.solved,Idle,1
2193,75097.4774,24.3191,camp.summer.tier1.solved,Idle,1
2194,75125.4064,27.929,camp.summer.tier1.solved,Idle,1
2195,75150.3504,24.9441,camp.summer.tier1.solved,Idle,1
2196,75194.4785,44.1281,camp.summer.tier1.solved,Idle,1
2197,75231.7008,37.2223,camp.summer.tier1.solved,Idle,1
2198,75242.7027,11.0018,camp.summer.tier1.solved,Idle,1
2199,75271.644,28.9413,camp.summer.tier1.solved,Idle,1
2200,75301.4599,29.8159,camp.summer.tier1.solved,Idle,1
2201,75340.2233,38.7634,camp.summer.tier1.solved,Idle,1
2202,75360.7461,20.5228,camp.summer.tier1.solved,Idle,1
2203,75495.8188,135.0727,camp.summer.tier1.solved,Idle,1
2204,75535.9881,40.1693,camp.summer.tier1.solved,Idle,1
2205,75548.7862,12.7982,camp.summer.tier1.solved,Idle,1
2206,75597.2582,48.4721,camp.summer.tier1.solved,Idle,1
2207,75617.7363,20.478,camp.summer.tier1.solved,Idle,1
2208,75785.8851,168.1487,camp.summer.tier1.solved,Idle,1
2209,75822.6607,36.7756,camp.summer.tier1.solved,Idle,1
2210,75852.5827,29.9221,camp.summer.tier1.solved,Idle,1
2211,75899.2127,46.6299,camp.summer.tier1.solved,Idle,1
2212,75927.3963,28.1836,camp.summer.tier1.solved,Idle,1
2213,75966.226,38.8297,camp.summer.tier1.solved,Idle,1
2214,76000.5768,34.3508,camp.summer.tier1.solved,Idle,1
2215,76034.4312,33.8544,camp.summer.tier1.solved,Idle,1
2216,76067.769,33.3379,camp.summer.tier1.solved,Idle,1
2217,76106.4734,38.7044,camp.summer.tier1.solved,Idle,1
2218,76136.4812,30.0077,camp.summer.tier1.solved,Idle,1
2219,76161.139,24.6578,camp.summer.tier1.solved,Idle,1
2220,76190.5586,29.4196,camp.summer.tier1.solved,Idle,1
2221,76224.1194,33.5608,camp.summer.tier1.solved,Idle,1
2222,76242.4832,18.3638,camp.summer.tier1.solved,Idle,1
2223,76270.7105,28.2273,camp.summer.tier1.solved,Idle,1
2224,76298.1864,27.4759,camp.summer.tier1.solved,Idle,1
2225,76325.5195,27.3331,camp.summer.tier1.solved,Idle,1
2226,76350.8785,25.359,camp.summer.tier1.solved,Idle,1
2227,76376.6778,25.7993,camp.summer.tier1.solved,Idle,1
2228,76406.3568,29.6787,camp.summer.tier1.solved,Idle,1
2229,76430.9149,24.5584,camp.summer.tier1.solved,Idle,1
2230,76459.0492,28.1343,camp.summer.tier1.solved,Idle,1
2231,76492.0213,32.9721,camp.summer.tier1.solved,Idle,1
2232,76510.5398,18.5184,camp.summer.tier1.solved,Idle,1
2233,76540.2219,29.6823,camp.summer.tier1.solved,Idle,1
2234,76564.9787,24.7567,camp.summer.tier1.solved,Idle,1
2235,76590.5108,25.5321,camp.summer.tier1.solved,Idle,1
2236,76623.0081,32.4974,camp.summer.tier1.solved,Idle,1
2237,76656.959,33.9508,camp.summer.tier1.solved,Idle,1
2238,76720.7584,63.7994,camp.summer.tier1.solved,Idle,1
2239,76741.9652,21.2068,camp.summer.tier1.solved,Idle,1
2240,76768.5736,26.6085,camp.summer.tier1.solved,Idle,1
2241,76876.4844,107.9107,camp.summer.tier1.solved,Idle,1
2242,76899.7347,23.2503,camp.summer.tier1.solved,Idle,1
2243,76933.7049,33.9702,camp.summer.tier1.solved,Idle,1
2244,76967.2222,33.5172,camp.summer.tier1.solved,Idle,1
2245,77012.716,45.4939,camp.summer.tier1.solved,Idle,1
2246,77028.1271,15.4111,camp.summer.tier1.solved,Idle,1
2247,77062.9601,34.833,camp.summer.tier1.solved,Idle,1
2248,77106.9673,44.007,camp.summer.tier1.solved,Idle,1
2249,77144.9132,37.9461,camp.summer.tier1.solved,Idle,1
2250,77165.6676,20.7544,camp.summer.tier1.solved,Idle,1
2251,77191.946,26.2785,camp.summer.tier1.solved,Idle,1
2252,77227.7713,35.8252,camp.summer.tier1.solved,Idle,1
2253,77285.7386,57.9674,camp.summer.tier1.solved,Idle,1
2254,77299.6824,13.9436,camp.summer.tier1.solved,Idle,1
2255,77334.0272,34.3448,camp.summer.tier1.solved,Idle,1
2256,77366.5001,32.473,camp.summer.tier1.solved,Idle,1
2257,77401.3196,34.8195,camp.summer.tier1.solved,Idle,1
2258,77447.2977,45.9782,camp.summer.tier1.solved,Idle,1
2259,77476.7756,29.4778,camp.summer.tier1.solved,Idle,1
2260,77506.2527,29.4771,camp.summer.tier1.solved,Idle,1
2261,77531.1871,24.9344,camp.summer.tier1.solved,Idle,1
2262,77558.4187,27.2316,camp.summer.tier1.solved,Idle,1
2263,77599.4527,41.0339,camp.summer.tier1.solved,Idle,1
2264,77639.8166,40.3641,camp.summer.tier1.solved,Idle,1
2265,77650.9926,11.176,camp.summer.tier1.solved,Idle,1
2266,77678.3565,27.3638,camp.summer.tier1.solved,Idle,1
2267,77707.5391,29.1827,camp.summer.tier1.solved,Idle,1
2268,77740.9984,33.4593,camp.summer.tier1.solved,Idle,1
2269,77760.8912,19.8928,camp.summer.tier1.solved,Idle,1
2270,77789.0188,28.1276,camp.summer.tier1.solved,Idle,1
2271,77811.3518,22.3329,camp.summer.tier1.solved,Idle,1
2272,77840.3302,28.9785,camp.summer.tier1.solved,Idle,1
2273,77879.7294,39.3992,camp.summer.tier1.solved,Idle,1
2274,77892.7404,13.0109,camp.summer.tier1.solved,Idle,1
2275,77917.6825,24.9421,camp.summer.tier1.solved,Idle,1
2276,77943.2091,25.5266,camp.summer.tier1.solved,Idle,1
2277,77971.2292,28.0201,camp.summer.tier1.solved,Idle,1
2278,78002.435,31.2059,camp.summer.tier1.solved,Idle,1
2279,78024.1355,21.7005,camp.summer.tier1.solved,Idle,1
2280,78045.5254,21.3899,camp.summer.tier1.solved,Idle,1
2281,78074.4294,28.9039,camp.summer.tier1.solved,Idle,1
2282,78098.8529,24.4235,camp.summer.tier1.solved,Idle,1
2283,78140.7317,41.8789,camp.summer.tier1.solved,Idle,1
2284,78151.5411,10.8094,camp.summer.tier1.solved,Idle,1
2285,78176.0003,24.4591,camp.summer.tier1.solved,Idle,1
2286,78204.2804,28.2801,camp.summer.tier1.solved,Idle,1
2287,78228.3199,24.039,camp.summer.tier1.solved,Idle,1
2288,78258.8441,30.5248,camp.summer.tier1.solved,Idle,1
2289,78291.1648,32.3207,camp.summer.tier1.solved,Idle,1
2290,78312.4114,21.2466,camp.summer.tier1.solved,Idle,1
2291,78357.3859,44.9745,camp.summer.tier1.solved,Idle,1
2292,78392.4499,35.0639,camp.summer.tier1.solved,Idle,1
2293,78402.6517,10.2018,camp.summer.tier1.solved,Idle,1
2294,78425.5861,22.9344,camp.summer.tier1.solved,Idle,1
2295,78449.8445,24.2585,camp.summer.tier1.solved,Idle,1
2296,78475.8181,25.9733,camp.summer.tier1.solved,Idle,1
2297,78503.8549,28.037,camp.summer.tier1.solved,Idle,1
2298,78527.9102,24.0553,camp.summer.tier1.solved,Idle,1
2299,78571.9732,44.0631,camp.summer.tier1.solved,Idle,1
2300,78607.0699,35.0967,camp.summer.tier1.solved,Idle,1
2301,78617.2515,10.1815,camp.summer.tier1.solved,Idle,1
2302,78640.6091,23.3577,camp.summer.tier1.solved,Idle,1
2303,78665.3549,24.7456,camp.summer.tier1.solved,Idle,1
2304,78692.6299,27.2751,camp.summer.tier1.solved,Idle,1
2305,78716.7047,24.0749,camp.summer.tier1.solved,Idle,1
2306,78744.8067,28.1019,route.tier1.camp-menu,Covering,1
2307,78809.1466,64.3399,route.tier1.camp-menu,Covering,1
2308,78831.1161,21.9695,route.tier1.camp-menu,Covering,1
2309,78857.8857,26.7697,route.tier1.camp-menu,Covering,1
2310,78890.5235,32.6377,route.tier1.camp-menu,Covering,1
2311,78921.4383,30.9149,route.tier1.camp-menu,Covering,1
2312,78963.3747,41.9364,route.tier1.camp-menu,Covering,1
2313,78975.9531,12.5783,route.tier1.camp-menu,Covering,1
2314,79005.3685,29.4153,route.tier1.camp-menu,Covering,1
2315,79035.0981,29.7297,route.tier1.camp-menu,Covering,1
2316,79069.6928,34.5948,route.tier1.camp-menu,Covering,1
2317,79101.1069,31.414,route.tier1.camp-menu,Covering,1
2318,79123.0713,21.9644,route.tier1.camp-menu,Covering,1
2319,79150.4417,27.3705,route.tier1.camp-menu,Covering,1
2320,79195.8002,45.3584,route.tier1.camp-menu,Covering,1
2321,79208.7515,12.9514,route.tier1.camp-menu,Covering,1
2322,79244.8184,36.0669,route.tier1.camp-menu,Covering,1
2323,79271.3703,26.5519,route.tier1.camp-menu,Covering,1
2324,79302.1617,30.7913,route.tier1.camp-menu,Covering,1
2325,79331.8048,29.6427,route.tier1.camp-menu,Covering,1
2326,79366.7889,34.9845,route.tier1.camp-menu,Covering,1
2327,79418.3012,51.5123,route.tier1.camp-menu,Covering,1
2328,79464.2329,45.9316,route.tier1.camp-menu,Covering,1
2329,79481.6837,17.4509,route.tier1.camp-menu,Covering,1
2330,79518.6323,36.9486,route.tier1.camp-menu,Covering,1
2331,79566.5439,47.9117,route.tier1.camp-menu,Covering,1
2332,79616.2937,49.7496,route.tier1.camp-menu,Covering,1
2333,79665.652,49.3583,route.tier1.camp-menu,Covering,1
2334,79704.1401,38.4882,route.tier1.camp-menu,Covering,1
2335,79750.8271,46.6869,route.tier1.camp-menu,Covering,1
2336,79802.4661,51.639,route.tier1.camp-menu,Covering,1
2337,79837.7486,35.2822,route.tier1.camp-menu,Covering,1
2338,79915.2658,77.5175,route.tier1.camp-menu,Covering,1
2339,79939.9773,24.7117,route.tier1.camp-menu,Covering,1
2340,79971.5216,31.5443,route.tier1.camp-menu,Covering,1
2341,80029.1543,57.6327,route.tier1.camp-menu,Covering,1
2342,80067.6984,38.5439,route.tier1.camp-menu,Covering,1
2343,80113.6905,45.9922,route.tier1.camp-menu,Covering,1
2344,80159.5787,45.8882,route.tier1.camp-menu,Covering,1
2345,80199.6306,40.0518,route.tier1.camp-menu,Covering,1
2346,80254.1154,54.485,route.tier1.camp-menu,Covering,1
2347,80311.218,57.1026,route.tier1.camp-menu,Covering,1
2348,80328.7341,17.5161,route.tier1.camp-menu,CoveredLoading,1
2349,80351.5868,22.8526,route.tier1.camp-menu,CoveredLoading,1
2350,80432.2636,80.6768,route.tier1.camp-menu,CoveredLoading,1
2351,80623.066,190.8021,route.tier1.camp-menu,CoveredLoading,1
2352,80793.8318,170.7661,route.tier1.camp-menu,CoveredLoading,1
2353,80824.8914,31.0595,route.tier1.camp-menu,CoveredLoading,1
2354,80873.7041,48.8128,route.tier1.camp-menu,CoveredLoading,1
2355,80907.2668,33.5627,route.tier1.camp-menu,CoveredLoading,1
2356,80924.1403,16.8735,route.tier1.camp-menu,CoveredLoading,1
2357,80944.8008,20.6605,route.tier1.camp-menu,CoveredLoading,1
2358,80965.4219,20.6209,route.tier1.camp-menu,CoveredLoading,1
2359,80991.3218,25.9,route.tier1.camp-menu,CoveredLoading,1
2360,81010.8684,19.5468,route.tier1.camp-menu,CoveredLoading,1
2361,81059.3269,48.458,route.tier1.camp-menu,CoveredLoading,1
2362,81078.699,19.3725,route.tier1.camp-menu,CoveredLoading,1
2363,81101.8711,23.1719,route.tier1.camp-menu,CoveredLoading,1
2364,81117.7005,15.8296,route.tier1.camp-menu,CoveredLoading,1
2365,81136.3586,18.658,route.tier1.camp-menu,CoveredLoading,1
2366,81154.878,18.5195,route.tier1.camp-menu,CoveredLoading,1
2367,81177.2076,22.3296,route.tier1.camp-menu,CoveredLoading,1
2368,81198.2934,21.0858,route.tier1.camp-menu,CoveredLoading,1
2369,81220.1862,21.8928,route.tier1.camp-menu,CoveredLoading,1
2370,81242.283,22.0968,route.tier1.camp-menu,CoveredLoading,1
2371,81274.4235,32.1403,route.tier1.camp-menu,CoveredLoading,1
2372,81302.1206,27.6973,route.tier1.camp-menu,Preparing,1
2373,81348.7048,46.5841,route.tier1.camp-menu,Preparing,1
2374,81387.6347,38.9299,route.tier1.camp-menu,Preparing,1
2375,81424.7495,37.1147,route.tier1.camp-menu,Preparing,1
2376,81470.176,45.4268,route.tier1.camp-menu,Preparing,1
2377,81496.7465,26.5704,route.tier1.camp-menu,Preparing,1
2378,81536.5469,39.8004,route.tier1.camp-menu,Preparing,1
2379,81577.8875,41.3407,route.tier1.camp-menu,Revealing,1
2380,81644.159,66.2714,route.tier1.camp-menu,Revealing,1
2381,81671.5715,27.4125,route.tier1.camp-menu,Revealing,1
2382,81727.4921,55.9205,route.tier1.camp-menu,Revealing,1
2383,81749.3564,21.8645,route.tier1.camp-menu,Revealing,1
2384,81782.3824,33.0259,route.tier1.camp-menu,Revealing,1
2385,81818.5993,36.217,route.tier1.camp-menu,Revealing,1
2386,81860.2778,41.6784,route.tier1.camp-menu,Revealing,1
2387,81891.8699,31.5921,route.tier1.camp-menu,Revealing,1
2388,81930.7249,38.8551,route.tier1.camp-menu,Revealing,1
2389,81960.1962,29.4712,route.tier1.camp-menu,Revealing,1
2390,82002.4016,42.2054,route.tier1.camp-menu,Revealing,1
2391,82034.3797,31.9781,route.tier1.camp-menu,Revealing,1
2392,82082.0466,47.6669,route.tier1.camp-menu,Revealing,1
2393,82100.5455,18.4988,route.tier1.camp-menu,Revealing,1
2394,82150.5492,50.0038,route.tier1.camp-menu,Revealing,1
2395,82168.7471,18.1979,route.tier1.camp-menu,Revealing,1
2396,82210.6541,41.907,route.tier1.camp-menu,Revealing,1
2397,82252.6135,41.9595,route.tier1.camp-menu,Revealing,1
2398,82298.7951,46.1815,route.tier1.camp-menu,Revealing,1
2399,82328.3804,29.5854,route.tier1.camp-menu,Revealing,1
2400,82377.1163,48.7359,route.tier1.camp-menu,Revealing,1
2401,82408.0282,30.9118,route.tier1.camp-menu,Revealing,1
2402,82444.6556,36.6274,route.tier1.camp-menu,Revealing,1
2403,82494.3285,49.6727,route.tier1.camp-menu,Revealing,1
2404,82547.7747,53.4463,route.tier1.camp-menu,Revealing,1
2405,82566.9454,19.1706,route.tier1.camp-menu,Revealing,1
2406,82615.3121,48.3669,route.tier1.camp-menu,Revealing,1
2407,82633.6127,18.3006,route.tier1.camp-menu,Revealing,1
2408,82666.7209,33.1081,route.tier1.camp-menu,Revealing,1
2409,82699.8855,33.1647,route.tier1.camp-menu,Revealing,1
2410,82744.8701,44.9846,route.tier1.camp-menu,Revealing,1
2411,82776.3401,31.4701,route.tier1.camp-menu,Revealing,1
2412,82815.2508,38.9107,route.tier1.camp-menu,Revealing,1
2413,82843.3367,28.0858,route.tier1.camp-menu,Revealing,1
2414,82876.6681,33.3315,route.tier1.camp-menu,Revealing,1
2415,82910.04,33.3718,route.tier1.camp-menu,Revealing,1
2416,82963.1302,53.0902,route.tier1.camp-menu,Revealing,1
2417,82981.2144,18.0841,route.tier1.camp-menu,Idle,1
2418,83030.6172,49.4029,audit.snapshot.route.tier1.camp-menu.ready,Idle,1
2419,83047.56,16.9427,audit.snapshot.route.tier1.camp-menu.ready,Idle,1
2420,83084.3308,36.7709,audit.snapshot.route.tier1.camp-menu.ready,Idle,1
2421,83108.8114,24.4806,audit.snapshot.route.tier1.camp-menu.ready,Idle,1
2422,83136.7506,27.9393,audit.snapshot.route.tier1.camp-menu.ready,Idle,1
2423,83156.2777,19.527,audit.snapshot.route.tier1.camp-menu.ready,Idle,1
2424,83189.9781,33.7002,audit.snapshot.route.tier1.camp-menu.ready,Idle,1
2425,83206.6276,16.6498,audit.snapshot.route.tier1.camp-menu.ready,Idle,1
2426,83225.9986,19.3708,audit.snapshot.route.tier1.camp-menu.ready,Idle,1
2427,83249.5946,23.5961,audit.snapshot.route.tier1.camp-menu.ready,Idle,1
2428,83290.2046,40.6099,audit.snapshot.route.tier1.camp-menu.ready,Idle,1
2429,83324.4417,34.2372,audit.snapshot.route.tier1.camp-menu.ready,Idle,1
2430,83345.3178,20.8761,audit.snapshot.route.tier1.camp-menu.ready,Idle,1
2431,83357.6084,12.2906,audit.snapshot.route.tier1.camp-menu.ready,Idle,1
2432,83380.9654,23.357,audit.snapshot.route.tier1.camp-menu.ready,Idle,1
2433,83405.6661,24.7007,audit.snapshot.route.tier1.camp-menu.ready,Idle,1
2434,83434.1783,28.5121,audit.snapshot.route.tier1.camp-menu.ready,Idle,1
2435,83453.5366,19.3584,audit.snapshot.route.tier1.camp-menu.ready,Idle,1
2436,83485.1488,31.6121,audit.snapshot.route.tier1.camp-menu.ready,Idle,1
2437,83500.7179,15.5692,audit.snapshot.route.tier1.camp-menu.ready,Idle,1
2438,83525.1976,24.4797,audit.snapshot.route.tier1.camp-menu.ready,Idle,1
2439,83551.5797,26.3821,audit.snapshot.route.tier1.camp-menu.ready,Idle,1
2440,83601.6004,50.0208,audit.snapshot.route.tier1.camp-menu.ready,Idle,1
2441,83611.8402,10.2397,audit.snapshot.route.tier1.camp-menu.ready,Idle,1
2442,83662.0444,50.2042,audit.snapshot.route.tier1.camp-menu.ready,Idle,1
2443,83677.5913,15.5469,audit.snapshot.route.tier1.camp-menu.ready,Idle,1
2444,83705.5915,28.0002,audit.snapshot.route.tier1.camp-menu.ready,Idle,1
2445,83740.0218,34.4303,audit.snapshot.route.tier1.camp-menu.ready,Idle,1
2446,83779.2147,39.1929,audit.snapshot.route.tier1.camp-menu.ready,Idle,1
2447,83807.4131,28.1983,audit.snapshot.route.tier1.camp-menu.ready,Idle,1
2448,83877.2299,69.8168,audit.snapshot.route.tier1.camp-menu.ready,Idle,2
2449,83892.5277,15.2979,audit.snapshot.route.tier1.camp-menu.ready,Idle,2
2450,83932.314,39.7861,audit.snapshot.route.tier1.camp-menu.ready,Idle,2
2451,83962.4943,30.1805,audit.snapshot.route.tier1.camp-menu.ready,Idle,2
2452,84018.6484,56.1541,audit.snapshot.route.tier1.camp-menu.ready,Idle,2
2453,84051.4396,32.7912,audit.snapshot.route.tier1.camp-menu.ready,Idle,2
2454,84090.9719,39.5324,audit.snapshot.route.tier1.camp-menu.ready,Idle,2
2455,84101.9715,10.9995,audit.snapshot.route.tier1.camp-menu.ready,Idle,2
2456,84128.0806,26.1091,audit.snapshot.route.tier1.camp-menu.ready,Idle,2
2457,84161.0934,33.0127,audit.snapshot.route.tier1.camp-menu.ready,Idle,2
2458,84214.6616,53.5684,audit.snapshot.route.tier1.camp-menu.ready,Idle,2
2459,84227.9228,13.2611,audit.snapshot.route.tier1.camp-menu.ready,Idle,2
2460,84261.8595,33.9367,audit.snapshot.route.tier1.camp-menu.ready,Idle,2
2461,84318.2259,56.3664,audit.snapshot.route.tier1.camp-menu.ready,Idle,2
2462,84332.952,14.726,audit.snapshot.route.tier1.camp-menu.ready,Idle,2
2463,84364.659,31.7071,audit.snapshot.route.tier1.camp-menu.ready,Idle,2
2464,84399.67,35.0109,audit.snapshot.route.tier1.camp-menu.ready,Idle,2
2465,84433.2788,33.609,audit.snapshot.route.tier1.camp-menu.ready,Idle,2
2466,84467.0491,33.7701,audit.snapshot.route.tier1.camp-menu.ready,Idle,2
2467,84499.964,32.9151,audit.snapshot.route.tier1.camp-menu.ready,Idle,2
2468,84547.5968,47.6325,audit.snapshot.route.tier1.camp-menu.ready,Idle,2
2469,84595.0465,47.4499,audit.snapshot.route.tier1.camp-menu.ready,Idle,2
2470,84605.7991,10.7524,audit.snapshot.route.tier1.camp-menu.ready,Idle,2
2471,84633.9937,28.1948,audit.snapshot.route.tier1.camp-menu.ready,Idle,2
2472,84679.9586,45.9649,audit.snapshot.route.tier1.camp-menu.ready,Idle,2
2473,84707.8373,27.8787,audit.snapshot.route.tier1.camp-menu.ready,Idle,2
2474,84735.1078,27.2703,audit.snapshot.route.tier1.camp-menu.ready,Idle,2
2475,84774.7989,39.6914,audit.snapshot.route.tier1.camp-menu.ready,Idle,2
2476,84809.3875,34.5886,audit.snapshot.route.tier1.camp-menu.ready,Idle,2
2477,84851.7324,42.3448,audit.snapshot.route.tier1.camp-menu.ready,Idle,2
2478,84895.6183,43.886,menu.tier2.steady,Idle,2
2479,84933.4228,37.8044,menu.tier2.steady,Idle,2
2480,84959.4104,25.9876,menu.tier2.steady,Idle,2
2481,84994.7653,35.3549,menu.tier2.steady,Idle,2
2482,85038.3028,43.5375,menu.tier2.steady,Idle,2
2483,85066.0231,27.7204,menu.tier2.steady,Idle,2
2484,85111.7688,45.7456,menu.tier2.steady,Idle,2
2485,85153.1963,41.4276,menu.tier2.steady,Idle,2
2486,85172.0347,18.8383,menu.tier2.steady,Idle,2
2487,85201.5288,29.4941,menu.tier2.steady,Idle,2
2488,85232.8223,31.2935,menu.tier2.steady,Idle,2
2489,85261.2663,28.4439,menu.tier2.steady,Idle,2
2490,85308.7156,47.4494,menu.tier2.steady,Idle,2
2491,85346.3428,37.6272,menu.tier2.steady,Idle,2
2492,85375.5921,29.2493,menu.tier2.steady,Idle,2
2493,85409.2573,33.6652,menu.tier2.steady,Idle,2
2494,85444.5432,35.2859,menu.tier2.steady,Idle,2
2495,85478.45,33.9068,menu.tier2.steady,Idle,2
2496,85512.5163,34.0664,menu.tier2.steady,Idle,2
2497,85544.8713,32.355,menu.tier2.steady,Idle,2
2498,85571.5146,26.6431,menu.tier2.steady,Idle,2
2499,85598.1595,26.645,menu.tier2.steady,Idle,2
2500,85624.1413,25.9818,menu.tier2.steady,Idle,2
2501,85650.5121,26.3709,menu.tier2.steady,Idle,2
2502,85686.2253,35.7131,menu.tier2.steady,Idle,2
2503,85710.4328,24.2075,menu.tier2.steady,Idle,2
2504,85733.759,23.3262,menu.tier2.steady,Idle,2
2505,85763.1519,29.3929,menu.tier2.steady,Idle,2
2506,85799.887,36.7351,menu.tier2.steady,Idle,2
2507,85831.1808,31.2938,menu.tier2.steady,Idle,2
2508,85865.581,34.4001,menu.tier2.steady,Idle,2
2509,85903.2946,37.7137,menu.tier2.steady,Idle,2
2510,85926.6794,23.3848,menu.tier2.steady,Idle,2
2511,85951.9409,25.2615,menu.tier2.steady,Idle,2
2512,85975.6909,23.75,menu.tier2.steady,Idle,2
2513,86005.2664,29.5755,menu.tier2.steady,Idle,2
2514,86031.2265,25.96,menu.tier2.steady,Idle,2
2515,86064.0267,32.8003,menu.tier2.steady,Idle,2
2516,86084.7771,20.7502,menu.tier2.steady,Idle,2
2517,86110.5462,25.7693,menu.tier2.steady,Idle,2
2518,86138.456,27.9098,menu.tier2.steady,Idle,2
2519,86180.0396,41.5836,menu.tier2.steady,Idle,2
2520,86192.8789,12.8393,menu.tier2.steady,Idle,2
2521,86225.4238,32.5449,menu.tier2.steady,Idle,2
2522,86248.767,23.3432,menu.tier2.steady,Idle,2
2523,86275.7364,26.9694,menu.tier2.steady,Idle,2
2524,86305.285,29.5486,menu.tier2.steady,Idle,2
2525,86331.4564,26.1714,menu.tier2.steady,Idle,2
2526,86373.2126,41.7562,menu.tier2.steady,Idle,2
2527,86392.5172,19.3047,menu.tier2.steady,Idle,2
2528,86415.8154,23.2981,menu.tier2.steady,Idle,2
2529,86440.233,24.4176,menu.tier2.steady,Idle,2
2530,86466.8975,26.6645,menu.tier2.steady,Idle,2
2531,86494.485,27.5875,menu.tier2.steady,Idle,2
2532,86521.5597,27.0748,menu.tier2.steady,Idle,2
2533,86552.8611,31.3013,menu.tier2.steady,Idle,2
2534,86572.2897,19.4287,menu.tier2.steady,Idle,2
2535,86598.201,25.9112,menu.tier2.steady,Idle,2
2536,86635.326,37.125,menu.tier2.steady,Idle,2
2537,86650.2881,14.962,menu.tier2.steady,Idle,2
2538,86674.489,24.201,menu.tier2.steady,Idle,2
2539,86709.3237,34.8348,menu.tier2.steady,Idle,2
2540,86732.8295,23.5057,menu.tier2.steady,Idle,2
2541,86760.6184,27.7889,menu.tier2.steady,Idle,2
2542,86785.4902,24.8718,menu.tier2.steady,Idle,2
2543,86811.1257,25.6355,menu.tier2.steady,Idle,2
2544,86838.4467,27.3209,menu.tier2.steady,Idle,2
2545,86872.8176,34.3709,menu.tier2.steady,Idle,2
2546,86910.2666,37.4491,menu.tier2.steady,Idle,2
2547,86923.9909,13.7243,menu.tier2.steady,Idle,2
2548,86949.9053,25.9144,menu.tier2.steady,Idle,2
2549,86974.8417,24.9364,menu.tier2.steady,Idle,2
2550,87003.5821,28.7403,menu.tier2.steady,Idle,2
2551,87045.0989,41.5168,menu.tier2.steady,Idle,2
2552,87083.8901,38.7913,menu.tier2.steady,Idle,2
2553,87092.9457,9.0556,menu.tier2.steady,Idle,2
2554,87117.6394,24.6937,menu.tier2.steady,Idle,2
2555,87143.7951,26.1557,menu.tier2.steady,Idle,2
2556,87171.0962,27.3012,menu.tier2.steady,Idle,2
2557,87211.6487,40.5524,menu.tier2.steady,Idle,2
2558,87226.9675,15.3189,menu.tier2.steady,Idle,2
2559,87252.0092,25.0416,menu.tier2.steady,Idle,2
2560,87277.2915,25.2823,menu.tier2.steady,Idle,2
2561,87305.5101,28.2187,menu.tier2.steady,Idle,2
2562,87331.4148,25.9046,menu.tier2.steady,Idle,2
2563,87363.6282,32.2135,menu.tier2.steady,Idle,2
2564,87384.6569,21.0286,menu.tier2.steady,Idle,2
2565,87410.5087,25.8518,menu.tier2.steady,Idle,2
2566,87438.3251,27.8164,menu.tier2.steady,Idle,2
2567,87465.5805,27.2555,menu.tier2.steady,Idle,2
2568,87490.4812,24.9006,menu.tier2.steady,Idle,2
2569,87526.1644,35.6833,menu.tier2.steady,Idle,2
2570,87549.4601,23.2954,menu.tier2.steady,Idle,2
2571,87575.1063,25.6464,menu.tier2.steady,Idle,2
2572,87600.1737,25.0674,menu.tier2.steady,Idle,2
2573,87639.3219,39.1483,menu.tier2.steady,Idle,2
2574,87656.8609,17.5389,menu.tier2.steady,Idle,2
2575,87692.7041,35.8432,menu.tier2.steady,Idle,2
2576,87710.9758,18.2717,menu.tier2.steady,Idle,2
2577,87740.0161,29.0404,menu.tier2.steady,Idle,2
2578,87773.7386,33.7224,menu.tier2.steady,Idle,2
2579,87807.566,33.8274,menu.tier2.steady,Idle,2
2580,87840.8092,33.2432,menu.tier2.steady,Idle,2
2581,87881.8978,41.0886,menu.tier2.steady,Idle,2
2582,87904.3332,22.4355,menu.tier2.steady,Idle,2
2583,87928.3782,24.045,menu.tier2.steady,Idle,2
2584,87955.8524,27.4741,menu.tier2.steady,Idle,2
2585,87979.0456,23.1932,menu.tier2.steady,Idle,2
2586,88008.4022,29.3567,menu.tier2.steady,Idle,2
2587,88041.3725,32.9702,menu.tier2.steady,Idle,2
2588,88064.2898,22.9173,menu.tier2.steady,Idle,2
2589,88089.8444,25.5547,menu.tier2.steady,Idle,2
2590,88115.9793,26.1348,menu.tier2.steady,Idle,2
2591,88147.755,31.7756,menu.tier2.steady,Idle,2
2592,88170.821,23.066,menu.tier2.steady,Idle,2
2593,88205.0231,34.2023,menu.tier2.steady,Idle,2
2594,88227.8266,22.8034,menu.tier2.steady,Idle,2
2595,88261.2494,33.4228,menu.tier2.steady,Idle,2
2596,88294.5854,33.336,menu.tier2.steady,Idle,2
2597,88344.0785,49.4931,menu.tier2.steady,Idle,2
2598,88367.2378,23.1593,leaves.tier2.normal.r1,Covering,2
2599,88492.2216,124.9838,leaves.tier2.normal.r1,Covering,2
2600,88519.8243,27.6028,leaves.tier2.normal.r1,Covering,2
2601,88543.193,23.3686,leaves.tier2.normal.r1,Covering,2
2602,88575.256,32.063,leaves.tier2.normal.r1,Covering,2
2603,88607.1763,31.9203,leaves.tier2.normal.r1,Covering,2
2604,88655.8288,48.6525,leaves.tier2.normal.r1,Covering,2
2605,88690.4233,34.5945,leaves.tier2.normal.r1,Covering,2
2606,88723.7388,33.3155,leaves.tier2.normal.r1,Covering,2
2607,88760.9726,37.2336,leaves.tier2.normal.r1,Covering,2
2608,88797.5793,36.607,leaves.tier2.normal.r1,Covering,2
2609,88832.3935,34.8141,leaves.tier2.normal.r1,Covering,2
2610,88894.5296,62.1361,leaves.tier2.normal.r1,Covering,2
2611,88916.2544,21.7248,leaves.tier2.normal.r1,Covering,2
2612,88949.1046,32.8502,leaves.tier2.normal.r1,Covering,2
2613,88989.7065,40.6019,leaves.tier2.normal.r1,Covering,2
2614,89026.8198,37.1133,leaves.tier2.normal.r1,Covering,2
2615,89062.2585,35.4388,leaves.tier2.normal.r1,Covering,2
2616,89111.9996,49.741,leaves.tier2.normal.r1,Covering,2
2617,89148.4287,36.4288,leaves.tier2.normal.r1,Covering,2
2618,89183.3601,34.9317,leaves.tier2.normal.r1,Covering,2
2619,89221.5454,38.1854,leaves.tier2.normal.r1,Covering,2
2620,89281.1415,59.596,leaves.tier2.normal.r1,Covering,2
2621,89318.4997,37.3582,leaves.tier2.normal.r1,Covering,2
2622,89355.0981,36.5985,leaves.tier2.normal.r1,Covering,2
2623,89405.0486,49.9504,leaves.tier2.normal.r1,Covering,2
2624,89455.4514,50.4028,leaves.tier2.normal.r1,Covering,2
2625,89501.9765,46.5252,leaves.tier2.normal.r1,Covering,2
2626,89559.9733,57.9967,leaves.tier2.normal.r1,Covering,2
2627,89585.7924,25.8191,leaves.tier2.normal.r1,Covering,2
2628,89631.5163,45.7239,leaves.tier2.normal.r1,Covering,2
2629,89668.2847,36.7684,leaves.tier2.normal.r1,Covering,2
2630,89719.8091,51.5244,leaves.tier2.normal.r1,Covering,2
2631,89768.5957,48.7867,leaves.tier2.normal.r1,Covering,2
2632,89811.4086,42.8128,leaves.tier2.normal.r1,Covering,2
2633,89858.9939,47.5853,leaves.tier2.normal.r1,Covering,2
2634,89895.9275,36.9336,leaves.tier2.normal.r1,Covering,2
2635,89929.7885,33.8611,leaves.tier2.normal.r1,Covering,2
2636,89964.2534,34.4648,leaves.tier2.normal.r1,CoveredLoading,2
2637,89979.9813,15.728,leaves.tier2.normal.r1,CoveredLoading,2
2638,89999.9886,20.0072,audit.snapshot.leaves.tier2.normal.r1.covered,CoveredLoading,2
2639,90014.3762,14.3876,leaves.tier2.normal.r1.hold,CoveredLoading,2
2640,90028.5413,14.1649,leaves.tier2.normal.r1.hold,CoveredLoading,2
2641,90051.5439,23.0029,leaves.tier2.normal.r1.hold,CoveredLoading,2
2642,90067.7203,16.1763,leaves.tier2.normal.r1.hold,CoveredLoading,2
2643,90091.2533,23.5331,leaves.tier2.normal.r1.hold,CoveredLoading,2
2644,90125.7709,34.5175,leaves.tier2.normal.r1.hold,CoveredLoading,2
2645,90133.8835,8.1126,leaves.tier2.normal.r1.hold,CoveredLoading,2
2646,90147.5736,13.6902,leaves.tier2.normal.r1.hold,CoveredLoading,2
2647,90166.2429,18.6692,leaves.tier2.normal.r1.hold,CoveredLoading,2
2648,90182.6322,16.3894,leaves.tier2.normal.r1.hold,CoveredLoading,2
2649,90200.3448,17.7126,leaves.tier2.normal.r1.hold,CoveredLoading,2
2650,90217.0283,16.6835,leaves.tier2.normal.r1.hold,CoveredLoading,2
2651,90234.3635,17.3351,leaves.tier2.normal.r1.hold,CoveredLoading,2
2652,90250.4909,16.1274,leaves.tier2.normal.r1.hold,CoveredLoading,2
2653,90268.4199,17.929,leaves.tier2.normal.r1.hold,CoveredLoading,2
2654,90284.4872,16.0673,leaves.tier2.normal.r1.hold,CoveredLoading,2
2655,90302.36,17.8728,leaves.tier2.normal.r1.hold,CoveredLoading,2
2656,90318.369,16.009,leaves.tier2.normal.r1.hold,CoveredLoading,2
2657,90335.9158,17.5468,leaves.tier2.normal.r1.hold,CoveredLoading,2
2658,90354.928,19.0123,leaves.tier2.normal.r1.reveal,Preparing,2
2659,90393.8698,38.9417,leaves.tier2.normal.r1.reveal,Preparing,2
2660,90448.4914,54.6215,leaves.tier2.normal.r1.reveal,Preparing,2
2661,90480.9435,32.4522,leaves.tier2.normal.r1.reveal,Preparing,2
2662,90539.8346,58.8912,leaves.tier2.normal.r1.reveal,Preparing,2
2663,90568.6507,28.816,leaves.tier2.normal.r1.reveal,Preparing,2
2664,90607.9342,39.2835,leaves.tier2.normal.r1.reveal,Preparing,2
2665,90643.6881,35.754,leaves.tier2.normal.r1.reveal,Revealing,2
2666,90685.3518,41.6636,leaves.tier2.normal.r1.reveal,Revealing,2
2667,90711.9321,26.5804,leaves.tier2.normal.r1.reveal,Revealing,2
2668,90759.6153,47.683,leaves.tier2.normal.r1.reveal,Revealing,2
2669,90793.2114,33.5962,leaves.tier2.normal.r1.reveal,Revealing,2
2670,90826.2203,33.0089,leaves.tier2.normal.r1.reveal,Revealing,2
2671,90863.1206,36.9003,leaves.tier2.normal.r1.reveal,Revealing,2
2672,90898.1336,35.013,leaves.tier2.normal.r1.reveal,Revealing,2
2673,90934.077,35.9433,leaves.tier2.normal.r1.reveal,Revealing,2
2674,90980.1879,46.111,leaves.tier2.normal.r1.reveal,Revealing,2
2675,91011.3503,31.1624,leaves.tier2.normal.r1.reveal,Revealing,2
2676,91046.5086,35.1583,leaves.tier2.normal.r1.reveal,Revealing,2
2677,91081.7277,35.219,leaves.tier2.normal.r1.reveal,Revealing,2
2678,91119.9747,38.247,leaves.tier2.normal.r1.reveal,Revealing,2
2679,91152.3234,32.3488,leaves.tier2.normal.r1.reveal,Revealing,2
2680,91196.1693,43.8459,leaves.tier2.normal.r1.reveal,Revealing,2
2681,91226.3052,30.136,leaves.tier2.normal.r1.reveal,Revealing,2
2682,91262.3149,36.0096,leaves.tier2.normal.r1.reveal,Revealing,2
2683,91312.3033,49.9885,leaves.tier2.normal.r1.reveal,Revealing,2
2684,91333.9259,21.6226,leaves.tier2.normal.r1.reveal,Revealing,2
2685,91366.376,32.45,leaves.tier2.normal.r1.reveal,Revealing,2
2686,91404.1632,37.7873,leaves.tier2.normal.r1.reveal,Revealing,2
2687,91427.3088,23.1456,leaves.tier2.normal.r1.reveal,Revealing,2
2688,91457.0653,29.7564,leaves.tier2.normal.r1.reveal,Revealing,2
2689,91491.4708,34.4055,leaves.tier2.normal.r1.reveal,Revealing,2
2690,91534.3572,42.8864,leaves.tier2.normal.r1.reveal,Revealing,2
2691,91559.808,25.4508,leaves.tier2.normal.r1.reveal,Revealing,2
2692,91597.0337,37.2257,leaves.tier2.normal.r1.reveal,Revealing,2
2693,91638.2409,41.2072,leaves.tier2.normal.r1.reveal,Revealing,2
2694,91677.5659,39.325,leaves.tier2.normal.r1.reveal,Revealing,2
2695,91687.5765,10.0106,leaves.tier2.normal.r1.reveal,Revealing,2
2696,91710.7019,23.1254,leaves.tier2.normal.r1.reveal,Revealing,2
2697,91741.5192,30.8173,leaves.tier2.normal.r1.reveal,Revealing,2
2698,91793.0306,51.5113,leaves.tier2.normal.r1.reveal,Revealing,2
2699,91807.5474,14.517,leaves.tier2.normal.r1.reveal,Revealing,2
2700,91836.8254,29.2778,leaves.tier2.normal.r1.reveal,Revealing,2
2701,91863.4824,26.6572,leaves.tier2.normal.r1.reveal,Revealing,2
2702,91893.5223,30.0397,leaves.tier2.normal.r1.reveal,Revealing,2
2703,91922.8748,29.3526,leaves.tier2.normal.r1.reveal,Revealing,2
2704,91958.8882,36.0134,leaves.tier2.normal.r1.reveal,Revealing,2
2705,91981.8894,23.0012,leaves.tier2.normal.r1.reveal,Revealing,2
2706,92010.4485,28.5591,leaves.tier2.normal.r1.reveal,Revealing,2
2707,92042.1762,31.7277,leaves.tier2.normal.r1.reveal,Idle,2
2708,92074.8029,32.6267,leaves.tier2.normal.r1.settle,Idle,2
2709,92110.8051,36.0022,leaves.tier2.normal.r1.settle,Idle,2
2710,92143.9585,33.1534,leaves.tier2.normal.r1.settle,Idle,2
2711,92168.1891,24.2305,leaves.tier2.normal.r1.settle,Idle,2
2712,92206.0217,37.8327,leaves.tier2.normal.r1.settle,Idle,2
2713,92222.0957,16.0741,leaves.tier2.normal.r1.settle,Idle,2
2714,92256.9942,34.8984,leaves.tier2.normal.r1.settle,Idle,2
2715,92294.7647,37.7706,leaves.tier2.normal.r1.settle,Idle,2
2716,92324.1566,29.3918,leaves.tier2.normal.r1.settle,Idle,2
2717,92343.8341,19.6775,leaves.tier2.normal.r1.settle,Idle,2
2718,92371.536,27.702,leaves.tier2.normal.r1.settle,Idle,2
2719,92398.4606,26.9246,leaves.tier2.normal.r1.settle,Idle,2
2720,92423.5817,25.121,leaves.tier2.normal.r1.settle,Idle,2
2721,92448.758,25.1763,leaves.tier2.normal.r1.settle,Idle,2
2722,92481.3055,32.5475,leaves.tier2.normal.r1.settle,Idle,2
2723,92509.5743,28.2688,leaves.tier2.reduced.r1,Covering,2
2724,92550.9505,41.3756,leaves.tier2.reduced.r1,Covering,2
2725,92588.9264,37.9764,leaves.tier2.reduced.r1,Covering,2
2726,92628.9189,39.9926,leaves.tier2.reduced.r1,Covering,2
2727,92656.121,27.2022,leaves.tier2.reduced.r1,CoveredLoading,2
2728,92677.5513,21.4302,leaves.tier2.reduced.r1,CoveredLoading,2
2729,92693.4717,15.9204,audit.snapshot.leaves.tier2.reduced.r1.covered,CoveredLoading,2
2730,92709.8459,16.3741,leaves.tier2.reduced.r1.hold,CoveredLoading,2
2731,92726.0337,16.1876,leaves.tier2.reduced.r1.hold,CoveredLoading,2
2732,92742.088,16.0547,leaves.tier2.reduced.r1.hold,CoveredLoading,2
2733,92758.2329,16.1447,leaves.tier2.reduced.r1.hold,CoveredLoading,2
2734,92774.7226,16.4898,leaves.tier2.reduced.r1.hold,CoveredLoading,2
2735,92791.432,16.7094,leaves.tier2.reduced.r1.hold,CoveredLoading,2
2736,92808.6721,17.2402,leaves.tier2.reduced.r1.hold,CoveredLoading,2
2737,92826.287,17.6148,leaves.tier2.reduced.r1.hold,CoveredLoading,2
2738,92843.9357,17.6487,leaves.tier2.reduced.r1.hold,CoveredLoading,2
2739,92861.6507,17.715,leaves.tier2.reduced.r1.hold,CoveredLoading,2
2740,92877.6962,16.0456,leaves.tier2.reduced.r1.hold,CoveredLoading,2
2741,92893.72,16.0237,leaves.tier2.reduced.r1.hold,CoveredLoading,2
2742,92909.727,16.007,leaves.tier2.reduced.r1.hold,CoveredLoading,2
2743,92925.8163,16.0893,leaves.tier2.reduced.r1.hold,CoveredLoading,2
2744,92941.8908,16.0746,leaves.tier2.reduced.r1.hold,CoveredLoading,2
2745,92958.7696,16.8785,leaves.tier2.reduced.r1.hold,CoveredLoading,2
2746,92975.0644,16.295,leaves.tier2.reduced.r1.hold,CoveredLoading,2
2747,92993.8066,18.7422,leaves.tier2.reduced.r1.hold,CoveredLoading,2
2748,93010.5311,16.7245,leaves.tier2.reduced.r1.hold,CoveredLoading,2
2749,93028.1058,17.5746,leaves.tier2.reduced.r1.reveal,Preparing,2
2750,93063.1852,35.0795,leaves.tier2.reduced.r1.reveal,Preparing,2
2751,93087.4211,24.2358,leaves.tier2.reduced.r1.reveal,Preparing,2
2752,93111.0783,23.6572,leaves.tier2.reduced.r1.reveal,Preparing,2
2753,93133.5644,22.4862,leaves.tier2.reduced.r1.reveal,Revealing,2
2754,93163.2244,29.6599,leaves.tier2.reduced.r1.reveal,Revealing,2
2755,93200.0455,36.8207,leaves.tier2.reduced.r1.reveal,Revealing,2
2756,93248.6014,48.5565,leaves.tier2.reduced.r1.reveal,Revealing,2
2757,93282.5545,33.9531,leaves.tier2.reduced.r1.reveal,Revealing,2
2758,93310.5628,28.0081,leaves.tier2.reduced.r1.reveal,Revealing,2
2759,93338.0525,27.4895,leaves.tier2.reduced.r1.reveal,Idle,2
2760,93376.3629,38.3108,leaves.tier2.reduced.r1.settle,Idle,2
2761,93407.9972,31.6343,leaves.tier2.reduced.r1.settle,Idle,2
2762,93459.3477,51.3504,leaves.tier2.reduced.r1.settle,Idle,2
2763,93492.6046,33.2569,leaves.tier2.reduced.r1.settle,Idle,2
2764,93528.0371,35.4325,leaves.tier2.reduced.r1.settle,Idle,2
2765,93555.7892,27.7521,leaves.tier2.reduced.r1.settle,Idle,2
2766,93583.2764,27.4871,leaves.tier2.reduced.r1.settle,Idle,2
2767,93609.1199,25.8437,leaves.tier2.reduced.r1.settle,Idle,2
2768,93645.1223,36.0023,leaves.tier2.reduced.r1.settle,Idle,2
2769,93666.2894,21.1672,leaves.tier2.reduced.r1.settle,Idle,2
2770,93693.8717,27.5822,leaves.tier2.reduced.r1.settle,Idle,2
2771,93721.8613,27.9896,leaves.tier2.reduced.r1.settle,Idle,2
2772,93753.1108,31.2495,leaves.tier2.reduced.r1.settle,Idle,2
2773,93771.7412,18.6305,leaves.tier2.reduced.r1.settle,Idle,2
2774,93805.7534,34.0121,leaves.tier2.reduced.r1.settle,Idle,2
2775,93828.1909,22.4376,leaves.tier2.normal.r2,Covering,2
2776,93879.3282,51.1371,leaves.tier2.normal.r2,Covering,2
2777,93910.0364,30.7084,leaves.tier2.normal.r2,Covering,2
2778,93949.0203,38.9838,leaves.tier2.normal.r2,Covering,2
2779,93974.1157,25.0954,leaves.tier2.normal.r2,Covering,2
2780,94018.2853,44.1696,leaves.tier2.normal.r2,Covering,2
2781,94031.4869,13.2016,leaves.tier2.normal.r2,Covering,2
2782,94060.3219,28.835,leaves.tier2.normal.r2,Covering,2
2783,94089.1821,28.8603,leaves.tier2.normal.r2,Covering,2
2784,94126.1183,36.9361,leaves.tier2.normal.r2,Covering,2
2785,94165.8138,39.6955,leaves.tier2.normal.r2,Covering,2
2786,94182.0118,16.198,leaves.tier2.normal.r2,Covering,2
2787,94210.5266,28.5149,leaves.tier2.normal.r2,Covering,2
2788,94241.2149,30.6881,leaves.tier2.normal.r2,Covering,2
2789,94270.9724,29.7576,leaves.tier2.normal.r2,Covering,2
2790,94313.2198,42.2474,leaves.tier2.normal.r2,Covering,2
2791,94328.815,15.5953,leaves.tier2.normal.r2,Covering,2
2792,94361.0714,32.2562,leaves.tier2.normal.r2,Covering,2
2793,94394.9753,33.904,leaves.tier2.normal.r2,Covering,2
2794,94426.7215,31.7462,leaves.tier2.normal.r2,Covering,2
2795,94471.8095,45.088,leaves.tier2.normal.r2,Covering,2
2796,94494.1163,22.3068,leaves.tier2.normal.r2,Covering,2
2797,94522.4099,28.2937,leaves.tier2.normal.r2,Covering,2
2798,94549.7396,27.3297,leaves.tier2.normal.r2,Covering,2
2799,94578.5499,28.8103,leaves.tier2.normal.r2,Covering,2
2800,94628.7622,50.2123,leaves.tier2.normal.r2,Covering,2
2801,94650.0962,21.3339,leaves.tier2.normal.r2,Covering,2
2802,94692.4893,42.3932,leaves.tier2.normal.r2,Covering,2
2803,94721.1171,28.6277,leaves.tier2.normal.r2,Covering,2
2804,94758.8173,37.7002,leaves.tier2.normal.r2,Covering,2
2805,94812.1754,53.3581,leaves.tier2.normal.r2,Covering,2
2806,94835.2265,23.0511,leaves.tier2.normal.r2,Covering,2
2807,94877.5362,42.3097,leaves.tier2.normal.r2,Covering,2
2808,94924.7104,47.1742,leaves.tier2.normal.r2,Covering,2
2809,94955.9841,31.2738,leaves.tier2.normal.r2,Covering,2
2810,94998.3868,42.4027,leaves.tier2.normal.r2,Covering,2
2811,95030.6385,32.2517,leaves.tier2.normal.r2,Covering,2
2812,95066.1221,35.4835,leaves.tier2.normal.r2,Covering,2
2813,95100.95,34.8279,leaves.tier2.normal.r2,Covering,2
2814,95147.7088,46.7588,leaves.tier2.normal.r2,Covering,2
2815,95194.3579,46.6491,leaves.tier2.normal.r2,Covering,2
2816,95217.8598,23.5019,leaves.tier2.normal.r2,Covering,2
2817,95252.0733,34.2135,leaves.tier2.normal.r2,Covering,2
2818,95286.4897,34.4164,leaves.tier2.normal.r2,Covering,2
2819,95321.2779,34.7882,leaves.tier2.normal.r2,Covering,2
2820,95377.2004,55.9225,leaves.tier2.normal.r2,Covering,2
2821,95396.7602,19.5598,leaves.tier2.normal.r2,Covering,2
2822,95431.5392,34.7787,leaves.tier2.normal.r2,CoveredLoading,2
2823,95447.4285,15.8896,leaves.tier2.normal.r2,CoveredLoading,2
2824,95484.5092,37.0807,audit.snapshot.leaves.tier2.normal.r2.covered,CoveredLoading,2
2825,95491.6503,7.1411,leaves.tier2.normal.r2.hold,CoveredLoading,2
2826,95505.7521,14.1018,leaves.tier2.normal.r2.hold,CoveredLoading,2
2827,95520.8263,15.0742,leaves.tier2.normal.r2.hold,CoveredLoading,2
2828,95537.3628,16.5364,leaves.tier2.normal.r2.hold,CoveredLoading,2
2829,95554.2342,16.8716,leaves.tier2.normal.r2.hold,CoveredLoading,2
2830,95570.4954,16.2611,leaves.tier2.normal.r2.hold,CoveredLoading,2
2831,95587.7157,17.2203,leaves.tier2.normal.r2.hold,CoveredLoading,2
2832,95609.7457,22.0299,leaves.tier2.normal.r2.hold,CoveredLoading,2
2833,95627.4602,17.7147,leaves.tier2.normal.r2.hold,CoveredLoading,2
2834,95644.6398,17.1795,leaves.tier2.normal.r2.hold,CoveredLoading,2
2835,95664.6571,20.0172,leaves.tier2.normal.r2.hold,CoveredLoading,2
2836,95685.4446,20.7876,leaves.tier2.normal.r2.hold,CoveredLoading,2
2837,95717.6779,32.2333,leaves.tier2.normal.r2.hold,CoveredLoading,2
2838,95724.4126,6.7347,leaves.tier2.normal.r2.hold,CoveredLoading,2
2839,95740.1188,15.7063,leaves.tier2.normal.r2.hold,CoveredLoading,2
2840,95757.4692,17.3504,leaves.tier2.normal.r2.hold,CoveredLoading,2
2841,95773.4972,16.0279,leaves.tier2.normal.r2.hold,CoveredLoading,2
2842,95790.782,17.2849,leaves.tier2.normal.r2.hold,CoveredLoading,2
2843,95806.7003,15.9182,leaves.tier2.normal.r2.hold,CoveredLoading,2
2844,95824.0681,17.3678,leaves.tier2.normal.r2.reveal,Preparing,2
2845,95861.5783,37.5102,leaves.tier2.normal.r2.reveal,Preparing,2
2846,95895.3656,33.7873,leaves.tier2.normal.r2.reveal,Preparing,2
2847,95929.5969,34.2313,leaves.tier2.normal.r2.reveal,Preparing,2
2848,95980.0428,50.446,leaves.tier2.normal.r2.reveal,Preparing,2
2849,96001.6251,21.5823,leaves.tier2.normal.r2.reveal,Preparing,2
2850,96043.5339,41.9087,leaves.tier2.normal.r2.reveal,Preparing,2
2851,96078.5496,35.0157,leaves.tier2.normal.r2.reveal,Preparing,2
2852,96118.1271,39.5775,leaves.tier2.normal.r2.reveal,Revealing,2
2853,96153.5566,35.4295,leaves.tier2.normal.r2.reveal,Revealing,2
2854,96187.8983,34.3417,leaves.tier2.normal.r2.reveal,Revealing,2
2855,96226.7223,38.824,leaves.tier2.normal.r2.reveal,Revealing,2
2856,96268.3752,41.6529,leaves.tier2.normal.r2.reveal,Revealing,2
2857,96297.7844,29.4092,leaves.tier2.normal.r2.reveal,Revealing,2
2858,96351.794,54.0096,leaves.tier2.normal.r2.reveal,Revealing,2
2859,96367.5257,15.7318,leaves.tier2.normal.r2.reveal,Revealing,2
2860,96402.4018,34.876,leaves.tier2.normal.r2.reveal,Revealing,2
2861,96440.9049,38.5031,leaves.tier2.normal.r2.reveal,Revealing,2
2862,96478.2954,37.3906,leaves.tier2.normal.r2.reveal,Revealing,2
2863,96513.8915,35.596,leaves.tier2.normal.r2.reveal,Revealing,2
2864,96552.8721,38.9807,leaves.tier2.normal.r2.reveal,Revealing,2
2865,96582.9728,30.1007,leaves.tier2.normal.r2.reveal,Revealing,2
2866,96616.2153,33.2425,leaves.tier2.normal.r2.reveal,Revealing,2
2867,96651.84,35.6246,leaves.tier2.normal.r2.reveal,Revealing,2
2868,96719.229,67.3891,leaves.tier2.normal.r2.reveal,Revealing,2
2869,96742.4097,23.1807,leaves.tier2.normal.r2.reveal,Revealing,2
2870,96786.2498,43.8401,leaves.tier2.normal.r2.reveal,Revealing,2
2871,96829.954,43.7041,leaves.tier2.normal.r2.reveal,Revealing,2
2872,96870.3799,40.426,leaves.tier2.normal.r2.reveal,Revealing,2
2873,96911.5025,41.1225,leaves.tier2.normal.r2.reveal,Revealing,2
2874,96950.8587,39.3563,leaves.tier2.normal.r2.reveal,Revealing,2
2875,96985.3615,34.5027,leaves.tier2.normal.r2.reveal,Revealing,2
2876,97025.653,40.2915,leaves.tier2.normal.r2.reveal,Revealing,2
2877,97060.653,35.0,leaves.tier2.normal.r2.reveal,Revealing,2
2878,97119.4133,58.7604,leaves.tier2.normal.r2.reveal,Revealing,2
2879,97160.9456,41.5323,leaves.tier2.normal.r2.reveal,Revealing,2
2880,97171.4485,10.5028,leaves.tier2.normal.r2.reveal,Revealing,2
2881,97195.9978,24.5493,leaves.tier2.normal.r2.reveal,Revealing,2
2882,97226.173,30.1752,leaves.tier2.normal.r2.reveal,Revealing,2
2883,97255.4854,29.3124,leaves.tier2.normal.r2.reveal,Revealing,2
2884,97283.3727,27.8873,leaves.tier2.normal.r2.reveal,Revealing,2
2885,97309.4128,26.0401,leaves.tier2.normal.r2.reveal,Revealing,2
2886,97340.2055,30.7927,leaves.tier2.normal.r2.reveal,Revealing,2
2887,97371.335,31.1293,leaves.tier2.normal.r2.reveal,Revealing,2
2888,97412.9093,41.5745,leaves.tier2.normal.r2.reveal,Revealing,2
2889,97428.5893,15.68,leaves.tier2.normal.r2.reveal,Revealing,2
2890,97460.4092,31.82,leaves.tier2.normal.r2.reveal,Revealing,2
2891,97493.7264,33.3171,leaves.tier2.normal.r2.reveal,Revealing,2
2892,97523.146,29.4197,leaves.tier2.normal.r2.reveal,Idle,2
2893,97566.1409,42.9947,leaves.tier2.normal.r2.settle,Idle,2
2894,97600.1236,33.9828,leaves.tier2.normal.r2.settle,Idle,2
2895,97632.4145,32.2909,leaves.tier2.normal.r2.settle,Idle,2
2896,97672.2984,39.884,leaves.tier2.normal.r2.settle,Idle,2
2897,97708.1228,35.8243,leaves.tier2.normal.r2.settle,Idle,2
2898,97744.4576,36.3348,leaves.tier2.normal.r2.settle,Idle,2
2899,97790.6449,46.1874,leaves.tier2.normal.r2.settle,Idle,2
2900,97814.8325,24.1875,leaves.tier2.normal.r2.settle,Idle,2
2901,97850.5378,35.7053,leaves.tier2.normal.r2.settle,Idle,2
2902,97883.4966,32.9588,leaves.tier2.normal.r2.settle,Idle,2
2903,97909.5432,26.0466,leaves.tier2.normal.r2.settle,Idle,2
2904,97937.2022,27.659,leaves.tier2.normal.r2.settle,Idle,2
2905,97972.6052,35.4031,leaves.tier2.normal.r2.settle,Idle,2
2906,97994.0219,21.4166,leaves.tier2.normal.r2.settle,Idle,2
2907,98021.5538,27.5319,leaves.tier2.normal.r2.settle,Idle,2
2908,98045.5871,24.0333,leaves.tier2.reduced.r2,Covering,2
2909,98080.7802,35.1931,leaves.tier2.reduced.r2,Covering,2
2910,98116.1458,35.3656,leaves.tier2.reduced.r2,Covering,2
2911,98148.5556,32.4098,leaves.tier2.reduced.r2,Covering,2
2912,98170.6528,22.0973,leaves.tier2.reduced.r2,Covering,2
2913,98195.9147,25.2618,leaves.tier2.reduced.r2,CoveredLoading,2
2914,98211.8114,15.8967,leaves.tier2.reduced.r2,CoveredLoading,2
2915,98223.8817,12.0703,audit.snapshot.leaves.tier2.reduced.r2.covered,CoveredLoading,2
2916,98240.7701,16.8883,leaves.tier2.reduced.r2.hold,CoveredLoading,2
2917,98258.5768,17.8069,leaves.tier2.reduced.r2.hold,CoveredLoading,2
2918,98276.8478,18.2709,leaves.tier2.reduced.r2.hold,CoveredLoading,2
2919,98291.539,14.6912,leaves.tier2.reduced.r2.hold,CoveredLoading,2
2920,98311.5769,20.0379,leaves.tier2.reduced.r2.hold,CoveredLoading,2
2921,98328.4689,16.892,leaves.tier2.reduced.r2.hold,CoveredLoading,2
2922,98343.645,15.1761,leaves.tier2.reduced.r2.hold,CoveredLoading,2
2923,98358.8433,15.1983,leaves.tier2.reduced.r2.hold,CoveredLoading,2
2924,98378.383,19.5398,leaves.tier2.reduced.r2.hold,CoveredLoading,2
2925,98392.4306,14.0475,leaves.tier2.reduced.r2.hold,CoveredLoading,2
2926,98408.7172,16.2866,leaves.tier2.reduced.r2.hold,CoveredLoading,2
2927,98423.7599,15.0428,leaves.tier2.reduced.r2.hold,CoveredLoading,2
2928,98440.1857,16.4257,leaves.tier2.reduced.r2.hold,CoveredLoading,2
2929,98458.4239,18.2382,leaves.tier2.reduced.r2.hold,CoveredLoading,2
2930,98476.574,18.1501,leaves.tier2.reduced.r2.hold,CoveredLoading,2
2931,98491.0189,14.4449,leaves.tier2.reduced.r2.hold,CoveredLoading,2
2932,98513.5193,22.5004,leaves.tier2.reduced.r2.hold,CoveredLoading,2
2933,98525.5222,12.0029,leaves.tier2.reduced.r2.hold,CoveredLoading,2
2934,98544.5399,19.0177,leaves.tier2.reduced.r2.hold,CoveredLoading,2
2935,98558.6091,14.0693,leaves.tier2.reduced.r2.reveal,Preparing,2
2936,98575.9565,17.3473,leaves.tier2.reduced.r2.reveal,Preparing,2
2937,98601.9174,25.961,leaves.tier2.reduced.r2.reveal,Preparing,2
2938,98636.3193,34.4018,leaves.tier2.reduced.r2.reveal,Preparing,2
2939,98658.7372,22.418,leaves.tier2.reduced.r2.reveal,Revealing,2
2940,98688.2853,29.5481,leaves.tier2.reduced.r2.reveal,Revealing,2
2941,98719.932,31.6467,leaves.tier2.reduced.r2.reveal,Revealing,2
2942,98743.3472,23.4151,leaves.tier2.reduced.r2.reveal,Revealing,2
2943,98773.1685,29.8214,leaves.tier2.reduced.r2.reveal,Revealing,2
2944,98798.5143,25.3457,leaves.tier2.reduced.r2.reveal,Revealing,2
2945,98827.2217,28.7075,leaves.tier2.reduced.r2.reveal,Revealing,2
2946,98856.9316,29.7099,leaves.tier2.reduced.r2.reveal,Idle,2
2947,98887.1582,30.2265,leaves.tier2.reduced.r2.settle,Idle,2
2948,98908.5073,21.3491,leaves.tier2.reduced.r2.settle,Idle,2
2949,98933.7583,25.251,leaves.tier2.reduced.r2.settle,Idle,2
2950,98961.5525,27.7942,leaves.tier2.reduced.r2.settle,Idle,2
2951,98989.4177,27.8653,leaves.tier2.reduced.r2.settle,Idle,2
2952,99015.49,26.0722,leaves.tier2.reduced.r2.settle,Idle,2
2953,99041.5216,26.0317,leaves.tier2.reduced.r2.settle,Idle,2
2954,99075.1822,33.6605,leaves.tier2.reduced.r2.settle,Idle,2
2955,99100.1718,24.9896,leaves.tier2.reduced.r2.settle,Idle,2
2956,99132.2294,32.0576,leaves.tier2.reduced.r2.settle,Idle,2
2957,99160.9264,28.697,leaves.tier2.reduced.r2.settle,Idle,2
2958,99188.4731,27.5468,leaves.tier2.reduced.r2.settle,Idle,2
2959,99210.4772,22.0039,leaves.tier2.reduced.r2.settle,Idle,2
2960,99238.3399,27.8628,leaves.tier2.reduced.r2.settle,Idle,2
2961,99264.6982,26.3583,leaves.tier2.reduced.r2.settle,Idle,2
2962,99291.6709,26.9727,route.tier2.menu-camp,Covering,2
2963,99346.0748,54.4038,route.tier2.menu-camp,Covering,2
2964,99377.1131,31.0384,route.tier2.menu-camp,Covering,2
2965,99416.6226,39.5095,route.tier2.menu-camp,Covering,2
2966,99444.0246,27.4019,route.tier2.menu-camp,Covering,2
2967,99475.2146,31.1902,route.tier2.menu-camp,Covering,2
2968,99513.2695,38.0548,route.tier2.menu-camp,Covering,2
2969,99543.3092,30.0398,route.tier2.menu-camp,Covering,2
2970,99577.3415,34.0322,route.tier2.menu-camp,Covering,2
2971,99615.1394,37.7979,route.tier2.menu-camp,Covering,2
2972,99642.0665,26.9271,route.tier2.menu-camp,Covering,2
2973,99674.526,32.4595,route.tier2.menu-camp,Covering,2
2974,99702.382,27.856,route.tier2.menu-camp,Covering,2
2975,99729.2134,26.8314,route.tier2.menu-camp,Covering,2
2976,99759.6545,30.4409,route.tier2.menu-camp,Covering,2
2977,99788.7392,29.0849,route.tier2.menu-camp,Covering,2
2978,99816.1732,27.4341,route.tier2.menu-camp,Covering,2
2979,99844.1516,27.9784,route.tier2.menu-camp,Covering,2
2980,99874.3381,30.1864,route.tier2.menu-camp,Covering,2
2981,99903.8404,29.5022,route.tier2.menu-camp,Covering,2
2982,99931.5547,27.7144,route.tier2.menu-camp,Covering,2
2983,99961.6239,30.0693,route.tier2.menu-camp,Covering,2
2984,99997.3935,35.7695,route.tier2.menu-camp,Covering,2
2985,100026.1042,28.7107,route.tier2.menu-camp,Covering,2
2986,100061.8007,35.6966,route.tier2.menu-camp,Covering,2
2987,100100.7995,38.9987,route.tier2.menu-camp,Covering,2
2988,100134.9311,34.1317,route.tier2.menu-camp,Covering,2
2989,100169.9378,35.0066,route.tier2.menu-camp,Covering,2
2990,100202.1281,32.1903,route.tier2.menu-camp,Covering,2
2991,100241.9423,39.8142,route.tier2.menu-camp,Covering,2
2992,100278.6155,36.6732,route.tier2.menu-camp,Covering,2
2993,100315.5633,36.9478,route.tier2.menu-camp,Covering,2
2994,100361.544,45.9805,route.tier2.menu-camp,Covering,2
2995,100396.8868,35.343,route.tier2.menu-camp,Covering,2
2996,100436.7832,39.8964,route.tier2.menu-camp,Covering,2
2997,100479.1314,42.3482,route.tier2.menu-camp,Covering,2
2998,100516.1701,37.0387,route.tier2.menu-camp,Covering,2
2999,100551.181,35.0109,route.tier2.menu-camp,Covering,2
3000,100591.9642,40.7832,route.tier2.menu-camp,Covering,2
3001,100637.6433,45.6791,route.tier2.menu-camp,Covering,2
3002,100684.9346,47.2913,route.tier2.menu-camp,Covering,2
3003,100721.5088,36.5741,route.tier2.menu-camp,Covering,2
3004,100770.8272,49.3185,route.tier2.menu-camp,Covering,2
3005,100817.2744,46.4472,route.tier2.menu-camp,Covering,2
3006,100853.1976,35.9232,route.tier2.menu-camp,Covering,2
3007,100901.6177,48.4201,route.tier2.menu-camp,CoveredLoading,2
3008,100920.8057,19.188,route.tier2.menu-camp,CoveredLoading,2
3009,100990.1124,69.3068,route.tier2.menu-camp,CoveredLoading,2
3010,101096.0305,105.9174,route.tier2.menu-camp,CoveredLoading,2
3011,101141.7059,45.676,route.tier2.menu-camp,CoveredLoading,2
3012,101222.101,80.3874,route.tier2.menu-camp,CoveredLoading,2
3013,101237.7925,15.6992,route.tier2.menu-camp,CoveredLoading,2
3014,101344.8226,107.03,route.tier2.menu-camp,CoveredLoading,2
3015,101366.088,21.2655,route.tier2.menu-camp,CoveredLoading,2
3016,101397.0828,30.9948,route.tier2.menu-camp,CoveredLoading,2
3017,101412.7167,15.6339,route.tier2.menu-camp,CoveredLoading,2
3018,101430.9506,18.2339,route.tier2.menu-camp,CoveredLoading,2
3019,101450.2055,19.255,route.tier2.menu-camp,CoveredLoading,2
3020,101494.3771,44.1713,route.tier2.menu-camp,CoveredLoading,2
3021,101506.6162,12.2394,route.tier2.menu-camp,CoveredLoading,2
3022,101533.7007,27.0843,route.tier2.menu-camp,CoveredLoading,2
3023,101545.466,11.7654,route.tier2.menu-camp,CoveredLoading,2
3024,101563.3989,17.9328,route.tier2.menu-camp,CoveredLoading,2
3025,101579.0324,15.6335,route.tier2.menu-camp,CoveredLoading,2
3026,101595.6134,16.5812,route.tier2.menu-camp,CoveredLoading,2
3027,101618.6323,23.0189,route.tier2.menu-camp,CoveredLoading,2
3028,101645.7866,27.1542,route.tier2.menu-camp,CoveredLoading,2
3029,101687.6936,41.9069,route.tier2.menu-camp,Preparing,2
3030,101727.5292,39.8358,route.tier2.menu-camp,Preparing,2
3031,101764.2251,36.6958,route.tier2.menu-camp,Preparing,2
3032,101819.3209,55.0959,route.tier2.menu-camp,Preparing,2
3033,101860.7642,41.4433,route.tier2.menu-camp,Preparing,2
3034,101901.5715,40.8073,route.tier2.menu-camp,Preparing,2
3035,101947.6378,46.0662,route.tier2.menu-camp,Revealing,2
3036,101988.2614,40.6236,route.tier2.menu-camp,Revealing,2
3037,102033.8521,45.5907,route.tier2.menu-camp,Revealing,2
3038,102077.4969,43.6448,route.tier2.menu-camp,Revealing,2
3039,102118.1317,40.6348,route.tier2.menu-camp,Revealing,2
3040,102153.4617,35.3301,route.tier2.menu-camp,Revealing,2
3041,102194.0303,40.5685,route.tier2.menu-camp,Revealing,2
3042,102231.1297,37.0994,route.tier2.menu-camp,Revealing,2
3043,102267.9297,36.7999,route.tier2.menu-camp,Revealing,2
3044,102307.9484,40.0189,route.tier2.menu-camp,Revealing,2
3045,102350.2762,42.3277,route.tier2.menu-camp,Revealing,2
3046,102386.8389,36.5628,route.tier2.menu-camp,Revealing,2
3047,102427.3875,40.5486,route.tier2.menu-camp,Revealing,2
3048,102467.7008,40.3133,route.tier2.menu-camp,Revealing,2
3049,102520.6953,52.9945,route.tier2.menu-camp,Revealing,2
3050,102561.2914,40.5961,route.tier2.menu-camp,Revealing,2
3051,102600.1255,38.8339,route.tier2.menu-camp,Revealing,2
3052,102642.1619,42.0365,route.tier2.menu-camp,Revealing,2
3053,102678.6277,36.4658,route.tier2.menu-camp,Revealing,2
3054,102712.4168,33.7891,route.tier2.menu-camp,Revealing,2
3055,102744.9024,32.4856,route.tier2.menu-camp,Revealing,2
3056,102779.5282,34.6258,route.tier2.menu-camp,Revealing,2
3057,102819.1374,39.6092,route.tier2.menu-camp,Revealing,2
3058,102843.8905,24.7532,route.tier2.menu-camp,Revealing,2
3059,102878.0807,34.1901,route.tier2.menu-camp,Revealing,2
3060,102921.2411,43.1605,route.tier2.menu-camp,Revealing,2
3061,102953.697,32.4559,route.tier2.menu-camp,Revealing,2
3062,102978.4527,24.7557,route.tier2.menu-camp,Revealing,2
3063,103021.7508,43.2981,route.tier2.menu-camp,Revealing,2
3064,103053.9357,32.1848,route.tier2.menu-camp,Revealing,2
3065,103083.1147,29.179,route.tier2.menu-camp,Revealing,2
3066,103126.1318,43.017,route.tier2.menu-camp,Revealing,2
3067,103160.2027,34.0711,route.tier2.menu-camp,Revealing,2
3068,103198.737,38.5341,route.tier2.menu-camp,Revealing,2
3069,103229.423,30.6861,route.tier2.menu-camp,Revealing,2
3070,103261.5963,32.1733,route.tier2.menu-camp,Revealing,2
3071,103293.8416,32.2454,route.tier2.menu-camp,Revealing,2
3072,103326.2693,32.4276,route.tier2.menu-camp,Revealing,2
3073,103360.7951,34.5258,route.tier2.menu-camp,Idle,2
3074,103399.8705,39.0752,audit.snapshot.route.tier2.menu-camp.ready,Idle,2
3075,103429.4958,29.6254,audit.snapshot.route.tier2.menu-camp.ready,Idle,2
3076,103461.5455,32.0498,audit.snapshot.route.tier2.menu-camp.ready,Idle,2
3077,103494.3093,32.7638,audit.snapshot.route.tier2.menu-camp.ready,Idle,2
3078,103528.4087,34.0994,audit.snapshot.route.tier2.menu-camp.ready,Idle,2
3079,103559.7617,31.353,audit.snapshot.route.tier2.menu-camp.ready,Idle,2
3080,103590.9073,31.1457,audit.snapshot.route.tier2.menu-camp.ready,Idle,2
3081,103620.462,29.5547,audit.snapshot.route.tier2.menu-camp.ready,Idle,2
3082,103645.5351,25.0728,audit.snapshot.route.tier2.menu-camp.ready,Idle,2
3083,103687.3823,41.8474,audit.snapshot.route.tier2.menu-camp.ready,Idle,2
3084,103716.3421,28.9597,audit.snapshot.route.tier2.menu-camp.ready,Idle,2
3085,103743.8828,27.5408,audit.snapshot.route.tier2.menu-camp.ready,Idle,2
3086,103775.2033,31.3205,audit.snapshot.route.tier2.menu-camp.ready,Idle,2
3087,103806.7977,31.5944,audit.snapshot.route.tier2.menu-camp.ready,Idle,2
3088,103836.3505,29.5528,audit.snapshot.route.tier2.menu-camp.ready,Idle,2
3089,103872.7972,36.4467,audit.snapshot.route.tier2.menu-camp.ready,Idle,2
3090,103904.169,31.3718,audit.snapshot.route.tier2.menu-camp.ready,Idle,2
3091,103936.2218,32.0526,audit.snapshot.route.tier2.menu-camp.ready,Idle,2
3092,103970.5945,34.3729,audit.snapshot.route.tier2.menu-camp.ready,Idle,2
3093,104003.8643,33.2699,audit.snapshot.route.tier2.menu-camp.ready,Idle,2
3094,104032.9677,29.1033,audit.snapshot.route.tier2.menu-camp.ready,Idle,2
3095,104061.9092,28.9416,audit.snapshot.route.tier2.menu-camp.ready,Idle,2
3096,104093.1318,31.2225,audit.snapshot.route.tier2.menu-camp.ready,Idle,2
3097,104124.063,30.9312,audit.snapshot.route.tier2.menu-camp.ready,Idle,2
3098,104153.6959,29.6329,audit.snapshot.route.tier2.menu-camp.ready,Idle,2
3099,104178.7194,25.0235,audit.snapshot.route.tier2.menu-camp.ready,Idle,2
3100,104210.3635,31.6441,audit.snapshot.route.tier2.menu-camp.ready,Idle,2
3101,104249.7396,39.3762,audit.snapshot.route.tier2.menu-camp.ready,Idle,2
3102,104277.3399,27.6002,audit.snapshot.route.tier2.menu-camp.ready,Idle,2
3103,104308.601,31.2612,audit.snapshot.route.tier2.menu-camp.ready,Idle,2
3104,104339.9956,31.3945,camp.summer.tier2.empty,Idle,2
3105,104369.4525,29.4569,camp.summer.tier2.empty,Idle,2
3106,104397.7743,28.3218,camp.summer.tier2.empty,Idle,2
3107,104431.2468,33.4724,camp.summer.tier2.empty,Idle,2
3108,104468.3259,37.0792,camp.summer.tier2.empty,Idle,2
3109,104495.1238,26.7978,camp.summer.tier2.empty,Idle,2
3110,104526.421,31.2973,camp.summer.tier2.empty,Idle,2
3111,104566.1493,39.7283,camp.summer.tier2.empty,Idle,2
3112,104589.8989,23.7497,camp.summer.tier2.empty,Idle,2
3113,104635.0986,45.1995,camp.summer.tier2.empty,Idle,2
3114,104676.4905,41.3921,camp.summer.tier2.empty,Idle,2
3115,104713.1404,36.6497,camp.summer.tier2.empty,Idle,2
3116,104755.9129,42.7727,camp.summer.tier2.empty,Idle,2
3117,104793.6999,37.7869,camp.summer.tier2.empty,Idle,2
3118,104828.3331,34.6332,camp.summer.tier2.empty,Idle,2
3119,104860.8761,32.543,camp.summer.tier2.empty,Idle,2
3120,104900.7463,39.8702,camp.summer.tier2.empty,Idle,2
3121,104940.3876,39.6414,camp.summer.tier2.empty,Idle,2
3122,104977.8075,37.4199,camp.summer.tier2.empty,Idle,2
3123,105009.262,31.4545,camp.summer.tier2.empty,Idle,2
3124,105044.6833,35.4213,camp.summer.tier2.empty,Idle,2
3125,105082.3531,37.6698,camp.summer.tier2.empty,Idle,2
3126,105122.1602,39.8069,camp.summer.tier2.empty,Idle,2
3127,105150.6819,28.5217,camp.summer.tier2.empty,Idle,2
3128,105178.371,27.689,camp.summer.tier2.empty,Idle,2
3129,105209.3124,30.9417,camp.summer.tier2.empty,Idle,2
3130,105240.4722,31.1597,camp.summer.tier2.empty,Idle,2
3131,105270.6768,30.2046,camp.summer.tier2.empty,Idle,2
3132,105302.1154,31.4386,camp.summer.tier2.empty,Idle,2
3133,105332.4176,30.3022,camp.summer.tier2.empty,Idle,2
3134,105368.9818,36.5642,camp.summer.tier2.empty,Idle,2
3135,105396.3179,27.336,camp.summer.tier2.empty,Idle,2
3136,105427.2023,30.8845,camp.summer.tier2.empty,Idle,2
3137,105458.2934,31.0912,camp.summer.tier2.empty,Idle,2
3138,105489.8462,31.5528,camp.summer.tier2.empty,Idle,2
3139,105525.9975,36.1512,camp.summer.tier2.empty,Idle,2
3140,105555.4071,29.4097,camp.summer.tier2.empty,Idle,2
3141,105587.4074,32.0003,camp.summer.tier2.empty,Idle,2
3142,105615.6173,28.2099,camp.summer.tier2.empty,Idle,2
3143,105644.0663,28.4488,camp.summer.tier2.empty,Idle,2
3144,105675.3221,31.2559,camp.summer.tier2.empty,Idle,2
3145,105706.7015,31.3794,camp.summer.tier2.empty,Idle,2
3146,105735.9401,29.2386,camp.summer.tier2.empty,Idle,2
3147,105763.0401,27.1,camp.summer.tier2.empty,Idle,2
3148,105794.0767,31.0366,camp.summer.tier2.empty,Idle,2
3149,105825.067,30.9903,camp.summer.tier2.empty,Idle,2
3150,105854.7968,29.7298,camp.summer.tier2.empty,Idle,2
3151,105883.4619,28.665,camp.summer.tier2.empty,Idle,2
3152,105910.7308,27.269,camp.summer.tier2.empty,Idle,2
3153,105938.6504,27.9195,camp.summer.tier2.empty,Idle,2
3154,105964.9628,26.3126,camp.summer.tier2.empty,Idle,2
3155,105994.2652,29.3023,camp.summer.tier2.empty,Idle,2
3156,106025.2327,30.9675,camp.summer.tier2.empty,Idle,2
3157,106055.4989,30.2661,camp.summer.tier2.empty,Idle,2
3158,106084.2434,28.7447,camp.summer.tier2.empty,Idle,2
3159,106124.7107,40.4672,camp.summer.tier2.empty,Idle,2
3160,106155.6592,30.9486,camp.summer.tier2.empty,Idle,2
3161,106191.7556,36.0962,camp.summer.tier2.empty,Idle,2
3162,106221.2567,29.5012,camp.summer.tier2.empty,Idle,2
3163,106249.2706,28.0139,camp.summer.tier2.empty,Idle,2
3164,106277.9416,28.6711,camp.summer.tier2.empty,Idle,2
3165,106309.0227,31.0811,camp.summer.tier2.empty,Idle,2
3166,106340.3382,31.3154,camp.summer.tier2.empty,Idle,2
3167,106369.6893,29.3512,camp.summer.tier2.empty,Idle,2
3168,106398.0697,28.3803,camp.summer.tier2.empty,Idle,2
3169,106428.0201,29.9504,camp.summer.tier2.empty,Idle,2
3170,106458.8823,30.8622,camp.summer.tier2.empty,Idle,2
3171,106488.9101,30.0277,camp.summer.tier2.empty,Idle,2
3172,106526.4899,37.5799,camp.summer.tier2.empty,Idle,2
3173,106557.7044,31.2146,camp.summer.tier2.empty,Idle,2
3174,106587.4504,29.7459,camp.summer.tier2.empty,Idle,2
3175,106615.6415,28.1912,camp.summer.tier2.empty,Idle,2
3176,106654.2725,38.6309,camp.summer.tier2.empty,Idle,2
3177,106679.2714,24.9989,camp.summer.tier2.empty,Idle,2
3178,106710.1243,30.8529,camp.summer.tier2.empty,Idle,2
3179,106742.2207,32.0964,camp.summer.tier2.empty,Idle,2
3180,106773.5179,31.2972,camp.summer.tier2.empty,Idle,2
3181,106809.2681,35.7502,camp.summer.tier2.empty,Idle,2
3182,106840.8955,31.6274,camp.summer.tier2.empty,Idle,2
3183,106871.1249,30.2294,camp.summer.tier2.empty,Idle,2
3184,106899.3186,28.1937,camp.summer.tier2.empty,Idle,2
3185,106928.7637,29.445,camp.summer.tier2.empty,Idle,2
3186,106959.643,30.8795,camp.summer.tier2.empty,Idle,2
3187,106989.5772,29.9341,camp.summer.tier2.empty,Idle,2
3188,107018.1269,28.5498,camp.summer.tier2.empty,Idle,2
3189,107047.7156,29.5884,camp.summer.tier2.empty,Idle,2
3190,107077.1442,29.4288,camp.summer.tier2.empty,Idle,2
3191,107108.2881,31.144,camp.summer.tier2.empty,Idle,2
3192,107138.1509,29.8627,camp.summer.tier2.empty,Idle,2
3193,107175.8214,37.6705,camp.summer.tier2.empty,Idle,2
3194,107207.209,31.3876,camp.summer.tier2.empty,Idle,2
3195,107237.0711,29.862,camp.summer.tier2.empty,Idle,2
3196,107273.0318,35.9608,camp.summer.tier2.empty,Idle,2
3197,107304.6736,31.6418,camp.summer.tier2.empty,Idle,2
3198,107335.6803,31.0067,camp.summer.tier2.empty,Idle,2
3199,107364.2825,28.6022,camp.summer.tier2.empty,Idle,2
3200,107394.2076,29.9251,camp.summer.tier2.empty,Idle,2
3201,107425.2044,30.9969,camp.summer.tier2.empty,Idle,2
3202,107455.2434,30.0389,camp.summer.tier2.empty,Idle,2
3203,107483.2562,28.0127,camp.summer.tier2.empty,Idle,2
3204,107511.1402,27.8841,camp.summer.tier2.empty,Idle,2
3205,107542.6469,31.5068,camp.summer.tier2.empty,Idle,2
3206,107574.0867,31.4397,camp.summer.tier2.empty,Idle,2
3207,107603.6235,29.5368,camp.summer.tier2.empty,Idle,2
3208,107639.8876,36.2641,camp.summer.tier2.empty,Idle,2
3209,107672.121,32.2333,camp.summer.tier2.empty,Idle,2
3210,107702.6112,30.4904,camp.summer.tier2.empty,Idle,2
3211,107729.8353,27.224,camp.summer.tier2.empty,Idle,2
3212,107760.8034,30.9682,camp.summer.tier2.empty,Idle,2
3213,107791.9731,31.1696,camp.summer.tier2.empty,Idle,2
3214,107821.8594,29.8863,camp.summer.tier2.empty,Idle,2
3215,107855.3752,33.5158,camp.summer.tier2.empty,Idle,2
3216,107891.4007,36.0255,camp.summer.tier2.empty,Idle,2
3217,107922.1482,30.7475,camp.summer.tier2.empty,Idle,2
3218,107958.5911,36.4428,camp.summer.tier2.empty,Idle,2
3219,107988.2148,29.6237,camp.summer.tier2.empty,Idle,2
3220,108016.5289,28.3142,camp.summer.tier2.empty,Idle,2
3221,108044.6044,28.0756,camp.summer.tier2.empty,Idle,2
3222,108076.3162,31.7118,camp.summer.tier2.empty,Idle,2
3223,108107.3951,31.0788,camp.summer.tier2.empty,Idle,2
3224,108186.8181,79.423,audit.snapshot.camp.summer.tier2.empty,Idle,2
3225,108210.0279,23.2099,audit.snapshot.camp.summer.tier2.empty,Idle,2
3226,108243.6484,33.6204,audit.snapshot.camp.summer.tier2.empty,Idle,2
3227,108276.6961,33.0477,audit.snapshot.camp.summer.tier2.empty,Idle,2
3228,108308.4408,31.7447,audit.snapshot.camp.summer.tier2.empty,Idle,2
3229,108340.1368,31.6961,audit.snapshot.camp.summer.tier2.empty,Idle,2
3230,108376.6937,36.5568,audit.snapshot.camp.summer.tier2.empty,Idle,2
3231,108403.9056,27.2119,audit.snapshot.camp.summer.tier2.empty,Idle,2
3232,108438.3622,34.4567,audit.snapshot.camp.summer.tier2.empty,Idle,2
3233,108471.9288,33.5666,audit.snapshot.camp.summer.tier2.empty,Idle,2
3234,108506.8168,34.888,audit.snapshot.camp.summer.tier2.empty,Idle,2
3235,108532.441,25.624,audit.snapshot.camp.summer.tier2.empty,Idle,2
3236,108564.8018,32.3607,audit.snapshot.camp.summer.tier2.empty,Idle,2
3237,108591.6569,26.8554,audit.snapshot.camp.summer.tier2.empty,Idle,2
3238,108628.1676,36.5106,audit.snapshot.camp.summer.tier2.empty,Idle,2
3239,108672.185,44.0173,audit.snapshot.camp.summer.tier2.empty,Idle,2
3240,108710.3078,38.123,audit.snapshot.camp.summer.tier2.empty,Idle,2
3241,108749.8487,39.5409,audit.snapshot.camp.summer.tier2.empty,Idle,2
3242,108787.0492,37.2005,audit.snapshot.camp.summer.tier2.empty,Idle,2
3243,108825.8359,38.7867,audit.snapshot.camp.summer.tier2.empty,Idle,2
3244,108859.2985,33.4624,audit.snapshot.camp.summer.tier2.empty,Idle,2
3245,108895.457,36.1586,audit.snapshot.camp.summer.tier2.empty,Idle,2
3246,108939.2773,43.8203,audit.snapshot.camp.summer.tier2.empty,Idle,2
3247,108976.877,37.5997,audit.snapshot.camp.summer.tier2.empty,Idle,2
3248,109008.6418,31.7648,audit.snapshot.camp.summer.tier2.empty,Idle,2
3249,109044.6889,36.0471,audit.snapshot.camp.summer.tier2.empty,Idle,2
3250,109089.1963,44.5074,audit.snapshot.camp.summer.tier2.empty,Idle,2
3251,109127.1754,37.9791,audit.snapshot.camp.summer.tier2.empty,Idle,2
3252,109164.7795,37.6041,audit.snapshot.camp.summer.tier2.empty,Idle,2
3253,109193.4197,28.6403,audit.snapshot.camp.summer.tier2.empty,Idle,2
3254,109224.9078,31.4881,camp.summer.tier2.solved,Idle,2
3255,109257.024,32.1162,camp.summer.tier2.solved,Idle,2
3256,109292.8926,35.8686,camp.summer.tier2.solved,Idle,2
3257,109324.2189,31.3263,camp.summer.tier2.solved,Idle,2
3258,109354.3743,30.1552,camp.summer.tier2.solved,Idle,2
3259,109390.8232,36.449,camp.summer.tier2.solved,Idle,2
3260,109411.2319,20.4087,camp.summer.tier2.solved,Idle,2
3261,109450.7791,39.5472,camp.summer.tier2.solved,Idle,2
3262,109478.3868,27.6077,camp.summer.tier2.solved,Idle,2
3263,109509.8344,31.4476,camp.summer.tier2.solved,Idle,2
3264,109541.5459,31.7115,camp.summer.tier2.solved,Idle,2
3265,109571.7984,30.2525,camp.summer.tier2.solved,Idle,2
3266,109604.1279,32.3294,camp.summer.tier2.solved,Idle,2
3267,109632.6378,28.51,camp.summer.tier2.solved,Idle,2
3268,109672.0817,39.4438,camp.summer.tier2.solved,Idle,2
3269,109704.1087,32.0271,camp.summer.tier2.solved,Idle,2
3270,109733.0278,28.9191,camp.summer.tier2.solved,Idle,2
3271,109764.3044,31.2766,camp.summer.tier2.solved,Idle,2
3272,109794.5313,30.227,camp.summer.tier2.solved,Idle,2
3273,109826.1972,31.6658,camp.summer.tier2.solved,Idle,2
3274,109857.9443,31.7472,camp.summer.tier2.solved,Idle,2
3275,109889.6469,31.7026,camp.summer.tier2.solved,Idle,2
3276,109925.5975,35.9505,camp.summer.tier2.solved,Idle,2
3277,109957.3053,31.7079,camp.summer.tier2.solved,Idle,2
3278,109984.8914,27.586,camp.summer.tier2.solved,Idle,2
3279,110014.4105,29.5192,camp.summer.tier2.solved,Idle,2
3280,110044.3554,29.9448,camp.summer.tier2.solved,Idle,2
3281,110084.6912,40.3358,camp.summer.tier2.solved,Idle,2
3282,110111.8803,27.189,camp.summer.tier2.solved,Idle,2
3283,110143.5772,31.6971,camp.summer.tier2.solved,Idle,2
3284,110175.2715,31.6943,camp.summer.tier2.solved,Idle,2
3285,110207.1976,31.9261,camp.summer.tier2.solved,Idle,2
3286,110237.2881,30.0904,camp.summer.tier2.solved,Idle,2
3287,110266.698,29.4099,camp.summer.tier2.solved,Idle,2
3288,110296.3916,29.6937,camp.summer.tier2.solved,Idle,2
3289,110327.9597,31.568,camp.summer.tier2.solved,Idle,2
3290,110360.1471,32.1872,camp.summer.tier2.solved,Idle,2
3291,110391.3492,31.2023,camp.summer.tier2.solved,Idle,2
3292,110421.5248,30.1756,camp.summer.tier2.solved,Idle,2
3293,110448.6027,27.0779,camp.summer.tier2.solved,Idle,2
3294,110491.134,42.5313,camp.summer.tier2.solved,Idle,2
3295,110521.2755,30.1415,camp.summer.tier2.solved,Idle,2
3296,110548.2212,26.9457,camp.summer.tier2.solved,Idle,2
3297,110578.0846,29.8634,camp.summer.tier2.solved,Idle,2
3298,110618.2931,40.2085,camp.summer.tier2.solved,Idle,2
3299,110646.1024,27.8094,camp.summer.tier2.solved,Idle,2
3300,110677.6023,31.4999,camp.summer.tier2.solved,Idle,2
3301,110718.0025,40.4001,camp.summer.tier2.solved,Idle,2
3302,110745.4279,27.4255,camp.summer.tier2.solved,Idle,2
3303,110787.9937,42.5657,camp.summer.tier2.solved,Idle,2
3304,110814.9531,26.9594,camp.summer.tier2.solved,Idle,2
3305,110844.7346,29.7815,camp.summer.tier2.solved,Idle,2
3306,110876.1324,31.3978,camp.summer.tier2.solved,Idle,2
3307,110907.8469,31.7146,camp.summer.tier2.solved,Idle,2
3308,110944.3059,36.459,camp.summer.tier2.solved,Idle,2
3309,110975.9233,31.6173,camp.summer.tier2.solved,Idle,2
3310,111006.2594,30.3362,camp.summer.tier2.solved,Idle,2
3311,111039.5008,33.2413,camp.summer.tier2.solved,Idle,2
3312,111069.5771,30.0764,camp.summer.tier2.solved,Idle,2
3313,111099.1906,29.6134,camp.summer.tier2.solved,Idle,2
3314,111132.0326,32.8421,camp.summer.tier2.solved,Idle,2
3315,111166.9478,34.9151,camp.summer.tier2.solved,Idle,2
3316,111196.2983,29.3505,camp.summer.tier2.solved,Idle,2
3317,111227.7902,31.4919,camp.summer.tier2.solved,Idle,2
3318,111259.1618,31.3717,camp.summer.tier2.solved,Idle,2
3319,111290.6877,31.5258,camp.summer.tier2.solved,Idle,2
3320,111320.6694,29.9817,camp.summer.tier2.solved,Idle,2
3321,111347.3887,26.7193,camp.summer.tier2.solved,Idle,2
3322,111376.8568,29.4681,camp.summer.tier2.solved,Idle,2
3323,111408.2547,31.3979,camp.summer.tier2.solved,Idle,2
3324,111439.8171,31.5624,camp.summer.tier2.solved,Idle,2
3325,111470.3087,30.4917,camp.summer.tier2.solved,Idle,2
3326,111508.8775,38.5687,camp.summer.tier2.solved,Idle,2
3327,111540.1516,31.2741,camp.summer.tier2.solved,Idle,2
3328,111572.1399,31.9883,camp.summer.tier2.solved,Idle,2
3329,111599.9356,27.7958,camp.summer.tier2.solved,Idle,2
3330,111638.7451,38.8092,camp.summer.tier2.solved,Idle,2
3331,111670.4021,31.6573,camp.summer.tier2.solved,Idle,2
3332,111699.3764,28.9743,camp.summer.tier2.solved,Idle,2
3333,111733.9125,34.5361,camp.summer.tier2.solved,Idle,2
3334,111769.4818,35.5692,camp.summer.tier2.solved,Idle,2
3335,111805.7749,36.2932,camp.summer.tier2.solved,Idle,2
3336,111839.6219,33.8469,camp.summer.tier2.solved,Idle,2
3337,111869.2994,29.6775,camp.summer.tier2.solved,Idle,2
3338,111898.9136,29.6142,camp.summer.tier2.solved,Idle,2
3339,111933.5384,34.6249,camp.summer.tier2.solved,Idle,2
3340,111966.9024,33.3639,camp.summer.tier2.solved,Idle,2
3341,111996.5581,29.6557,camp.summer.tier2.solved,Idle,2
3342,112027.9542,31.3961,camp.summer.tier2.solved,Idle,2
3343,112059.4795,31.5254,camp.summer.tier2.solved,Idle,2
3344,112093.164,33.6844,camp.summer.tier2.solved,Idle,2
3345,112129.9242,36.7602,camp.summer.tier2.solved,Idle,2
3346,112162.7911,32.8669,camp.summer.tier2.solved,Idle,2
3347,112194.0909,31.2998,camp.summer.tier2.solved,Idle,2
3348,112225.7011,31.6102,camp.summer.tier2.solved,Idle,2
3349,112257.423,31.722,camp.summer.tier2.solved,Idle,2
3350,112287.271,29.848,camp.summer.tier2.solved,Idle,2
3351,112315.3341,28.0631,camp.summer.tier2.solved,Idle,2
3352,112357.0759,41.7415,camp.summer.tier2.solved,Idle,2
3353,112386.9708,29.8951,camp.summer.tier2.solved,Idle,2
3354,112414.1501,27.1792,camp.summer.tier2.solved,Idle,2
3355,112443.9626,29.8126,camp.summer.tier2.solved,Idle,2
3356,112475.7565,31.7939,camp.summer.tier2.solved,Idle,2
3357,112507.1803,31.4238,camp.summer.tier2.solved,Idle,2
3358,112538.7723,31.592,camp.summer.tier2.solved,Idle,2
3359,112566.4478,27.6755,camp.summer.tier2.solved,Idle,2
3360,112594.9434,28.4956,camp.summer.tier2.solved,Idle,2
3361,112639.2291,44.2858,camp.summer.tier2.solved,Idle,2
3362,112677.4637,38.2346,camp.summer.tier2.solved,Idle,2
3363,112716.5653,39.1016,camp.summer.tier2.solved,Idle,2
3364,112760.0294,43.4641,camp.summer.tier2.solved,Idle,2
3365,112800.7927,40.7632,camp.summer.tier2.solved,Idle,2
3366,112842.3755,41.5828,camp.summer.tier2.solved,Idle,2
3367,112879.7654,37.3899,camp.summer.tier2.solved,Idle,2
3368,112925.2418,45.4764,camp.summer.tier2.solved,Idle,2
3369,112961.4838,36.2421,camp.summer.tier2.solved,Idle,2
3370,112996.7395,35.2556,camp.summer.tier2.solved,Idle,2
3371,113033.5496,36.8101,camp.summer.tier2.solved,Idle,2
3372,113075.2794,41.7298,camp.summer.tier2.solved,Idle,2
3373,113111.5341,36.2548,camp.summer.tier2.solved,Idle,2
3374,113146.0948,34.5606,route.tier2.camp-menu,Covering,2
3375,113199.3465,53.2517,route.tier2.camp-menu,Covering,2
3376,113227.3542,28.0078,route.tier2.camp-menu,Covering,2
3377,113260.6926,33.3383,route.tier2.camp-menu,Covering,2
3378,113295.1053,34.4125,route.tier2.camp-menu,Covering,2
3379,113326.9709,31.8658,route.tier2.camp-menu,Covering,2
3380,113376.1864,49.2154,route.tier2.camp-menu,Covering,2
3381,113411.7894,35.6031,route.tier2.camp-menu,Covering,2
3382,113453.4334,41.644,route.tier2.camp-menu,Covering,2
3383,113478.6363,25.2029,route.tier2.camp-menu,Covering,2
3384,113525.3907,46.7545,route.tier2.camp-menu,Covering,2
3385,113558.5301,33.1393,route.tier2.camp-menu,Covering,2
3386,113592.6391,34.1091,route.tier2.camp-menu,Covering,2
3387,113628.4243,35.7852,route.tier2.camp-menu,Covering,2
3388,113666.4041,37.9797,route.tier2.camp-menu,Covering,2
3389,113699.6326,33.2286,route.tier2.camp-menu,Covering,2
3390,113732.8213,33.1887,route.tier2.camp-menu,Covering,2
3391,113766.1526,33.3312,route.tier2.camp-menu,Covering,2
3392,113799.4686,33.3158,route.tier2.camp-menu,Covering,2
3393,113835.1806,35.7122,route.tier2.camp-menu,Covering,2
3394,113873.5389,38.3583,route.tier2.camp-menu,Covering,2
3395,113918.763,45.2242,route.tier2.camp-menu,Covering,2
3396,113952.0734,33.3104,route.tier2.camp-menu,Covering,2
3397,113993.3881,41.3146,route.tier2.camp-menu,Covering,2
3398,114031.3887,38.0005,route.tier2.camp-menu,Covering,2
3399,114075.2458,43.8573,route.tier2.camp-menu,Covering,2
3400,114122.1066,46.8607,route.tier2.camp-menu,Covering,2
3401,114163.6116,41.5051,route.tier2.camp-menu,Covering,2
3402,114206.9543,43.3425,route.tier2.camp-menu,Covering,2
3403,114250.3098,43.3557,route.tier2.camp-menu,Covering,2
3404,114294.9828,44.6729,route.tier2.camp-menu,Covering,2
3405,114338.8545,43.8717,route.tier2.camp-menu,Covering,2
3406,114381.418,42.5635,route.tier2.camp-menu,Covering,2
3407,114418.5816,37.1636,route.tier2.camp-menu,Covering,2
3408,114469.8537,51.2722,route.tier2.camp-menu,Covering,2
3409,114510.2782,40.4245,route.tier2.camp-menu,Covering,2
3410,114549.2445,38.9663,route.tier2.camp-menu,Covering,2
3411,114586.2355,36.9909,route.tier2.camp-menu,Covering,2
3412,114629.7951,43.5596,route.tier2.camp-menu,Covering,2
3413,114669.2394,39.4443,route.tier2.camp-menu,Covering,2
3414,114709.5318,40.2924,route.tier2.camp-menu,Covering,2
3415,114747.9902,38.4584,route.tier2.camp-menu,CoveredLoading,2
3416,114766.6993,18.7091,route.tier2.camp-menu,CoveredLoading,2
3417,114855.9226,89.2233,route.tier2.camp-menu,CoveredLoading,2
3418,115028.795,172.8722,route.tier2.camp-menu,CoveredLoading,2
3419,115183.1907,154.3959,route.tier2.camp-menu,CoveredLoading,2
3420,115206.8644,23.6738,route.tier2.camp-menu,CoveredLoading,2
3421,115257.4459,50.5815,route.tier2.camp-menu,CoveredLoading,2
3422,115276.87,19.424,route.tier2.camp-menu,CoveredLoading,2
3423,115292.7891,15.9192,route.tier2.camp-menu,CoveredLoading,2
3424,115308.4026,15.6133,route.tier2.camp-menu,CoveredLoading,2
3425,115325.8675,17.4651,route.tier2.camp-menu,CoveredLoading,2
3426,115343.7274,17.8598,route.tier2.camp-menu,CoveredLoading,2
3427,115359.1131,15.3858,route.tier2.camp-menu,CoveredLoading,2
3428,115394.9432,35.8296,route.tier2.camp-menu,CoveredLoading,2
3429,115406.8713,11.9285,route.tier2.camp-menu,CoveredLoading,2
3430,115420.2969,13.4256,route.tier2.camp-menu,CoveredLoading,2
3431,115436.222,15.9251,route.tier2.camp-menu,CoveredLoading,2
3432,115453.7657,17.5438,route.tier2.camp-menu,CoveredLoading,2
3433,115469.7899,16.0241,route.tier2.camp-menu,CoveredLoading,2
3434,115487.0035,17.2136,route.tier2.camp-menu,CoveredLoading,2
3435,115503.3578,16.3544,route.tier2.camp-menu,CoveredLoading,2
3436,115526.2221,22.8643,route.tier2.camp-menu,CoveredLoading,2
3437,115567.3692,41.147,route.tier2.camp-menu,Preparing,2
3438,115602.3269,34.9577,route.tier2.camp-menu,Preparing,2
3439,115643.2134,40.8865,route.tier2.camp-menu,Preparing,2
3440,115679.8642,36.6509,route.tier2.camp-menu,Preparing,2
3441,115715.7863,35.9221,route.tier2.camp-menu,Preparing,2
3442,115750.4737,34.6873,route.tier2.camp-menu,Preparing,2
3443,115784.6306,34.157,route.tier2.camp-menu,Preparing,2
3444,115818.7312,34.1005,route.tier2.camp-menu,Revealing,2
3445,115853.5017,34.7705,route.tier2.camp-menu,Revealing,2
3446,115891.0617,37.56,route.tier2.camp-menu,Revealing,2
3447,115928.08,37.0183,route.tier2.camp-menu,Revealing,2
3448,115971.3606,43.2806,route.tier2.camp-menu,Revealing,2
3449,116004.1428,32.7822,route.tier2.camp-menu,Revealing,2
3450,116040.7569,36.6141,route.tier2.camp-menu,Revealing,2
3451,116077.6346,36.8778,route.tier2.camp-menu,Revealing,2
3452,116112.5706,34.936,route.tier2.camp-menu,Revealing,2
3453,116150.0761,37.5054,route.tier2.camp-menu,Revealing,2
3454,116185.3558,35.2797,route.tier2.camp-menu,Revealing,2
3455,116221.0964,35.7406,route.tier2.camp-menu,Revealing,2
3456,116277.1749,56.0785,route.tier2.camp-menu,Revealing,2
3457,116312.863,35.6881,route.tier2.camp-menu,Revealing,2
3458,116350.5056,37.6426,route.tier2.camp-menu,Revealing,2
3459,116384.7383,34.2328,route.tier2.camp-menu,Revealing,2
3460,116419.3547,34.6163,route.tier2.camp-menu,Revealing,2
3461,116458.0363,38.6816,route.tier2.camp-menu,Revealing,2
3462,116492.3872,34.3509,route.tier2.camp-menu,Revealing,2
3463,116527.9413,35.5542,route.tier2.camp-menu,Revealing,2
3464,116558.4814,30.5398,route.tier2.camp-menu,Revealing,2
3465,116595.3427,36.8615,route.tier2.camp-menu,Revealing,2
3466,116631.6728,36.3301,route.tier2.camp-menu,Revealing,2
3467,116666.1982,34.5255,route.tier2.camp-menu,Revealing,2
3468,116720.0058,53.8073,route.tier2.camp-menu,Revealing,2
3469,116755.5816,35.5761,route.tier2.camp-menu,Revealing,2
3470,116792.6551,37.0734,route.tier2.camp-menu,Revealing,2
3471,116834.8993,42.2442,route.tier2.camp-menu,Revealing,2
3472,116874.4795,39.5802,route.tier2.camp-menu,Revealing,2
3473,116907.0414,32.5619,route.tier2.camp-menu,Revealing,2
3474,116939.9271,32.8858,route.tier2.camp-menu,Revealing,2
3475,116972.281,32.3538,route.tier2.camp-menu,Revealing,2
3476,117006.7516,34.4706,route.tier2.camp-menu,Revealing,2
3477,117050.857,44.1055,route.tier2.camp-menu,Revealing,2
3478,117090.6546,39.7976,route.tier2.camp-menu,Revealing,2
3479,117135.523,44.8684,route.tier2.camp-menu,Revealing,2
3480,117174.0496,38.5266,route.tier2.camp-menu,Revealing,2
3481,117210.2797,36.23,route.tier2.camp-menu,Revealing,2
3482,117252.5545,42.2748,route.tier2.camp-menu,Idle,2
3483,117298.646,46.0914,audit.snapshot.route.tier2.camp-menu.ready,Idle,2
3484,117334.4261,35.7801,audit.snapshot.route.tier2.camp-menu.ready,Idle,2
3485,117373.6726,39.2467,audit.snapshot.route.tier2.camp-menu.ready,Idle,2
3486,117411.9373,38.2646,audit.snapshot.route.tier2.camp-menu.ready,Idle,2
3487,117451.5289,39.5916,audit.snapshot.route.tier2.camp-menu.ready,Idle,2
3488,117490.6,39.0712,audit.snapshot.route.tier2.camp-menu.ready,Idle,2
3489,117529.1651,38.5651,audit.snapshot.route.tier2.camp-menu.ready,Idle,2
3490,117568.1892,39.024,audit.snapshot.route.tier2.camp-menu.ready,Idle,2
3491,117606.8305,38.6414,audit.snapshot.route.tier2.camp-menu.ready,Idle,2
3492,117645.1258,38.2953,audit.snapshot.route.tier2.camp-menu.ready,Idle,2
3493,117684.9834,39.8575,audit.snapshot.route.tier2.camp-menu.ready,Idle,2
3494,117714.9736,29.9903,audit.snapshot.route.tier2.camp-menu.ready,Idle,2
3495,117739.2552,24.2811,audit.snapshot.route.tier2.camp-menu.ready,Idle,2
3496,117781.9299,42.6751,audit.snapshot.route.tier2.camp-menu.ready,Idle,2
3497,117818.7561,36.8262,audit.snapshot.route.tier2.camp-menu.ready,Idle,2
3498,117858.0525,39.2964,audit.snapshot.route.tier2.camp-menu.ready,Idle,2
3499,117900.1939,42.1415,audit.snapshot.route.tier2.camp-menu.ready,Idle,2
3500,117934.7531,34.5592,audit.snapshot.route.tier2.camp-menu.ready,Idle,2
3501,117973.8397,39.0865,audit.snapshot.route.tier2.camp-menu.ready,Idle,2
3502,118012.3799,38.5401,audit.snapshot.route.tier2.camp-menu.ready,Idle,2
3503,118051.2013,38.8214,audit.snapshot.route.tier2.camp-menu.ready,Idle,2
3504,118090.1592,38.958,audit.snapshot.route.tier2.camp-menu.ready,Idle,2
3505,118128.349,38.1898,audit.snapshot.route.tier2.camp-menu.ready,Idle,2
3506,118164.765,36.416,audit.snapshot.route.tier2.camp-menu.ready,Idle,2
3507,118194.983,30.2181,audit.snapshot.route.tier2.camp-menu.ready,Idle,2
3508,118233.9573,38.9742,audit.snapshot.route.tier2.camp-menu.ready,Idle,2
3509,118268.5244,34.5671,audit.snapshot.route.tier2.camp-menu.ready,Idle,2
3510,118305.0524,36.528,audit.snapshot.route.tier2.camp-menu.ready,Idle,2
3511,118346.4834,41.431,audit.snapshot.route.tier2.camp-menu.ready,Idle,2
3512,118384.8658,38.3824,audit.snapshot.route.tier2.camp-menu.ready,Idle,2
3513,118425.0316,40.1659,route.high.normal.r1.menu-camp,Covering,2
3514,118481.0429,56.0111,route.high.normal.r1.menu-camp,Covering,2
3515,118522.993,41.9502,route.high.normal.r1.menu-camp,Covering,2
3516,118571.7646,48.7716,route.high.normal.r1.menu-camp,Covering,2
3517,118605.787,34.0225,route.high.normal.r1.menu-camp,Covering,2
3518,118645.2842,39.4971,route.high.normal.r1.menu-camp,Covering,2
3519,118689.274,43.9898,route.high.normal.r1.menu-camp,Covering,2
3520,118729.8762,40.6022,route.high.normal.r1.menu-camp,Covering,2
3521,118780.8146,50.9384,route.high.normal.r1.menu-camp,Covering,2
3522,118822.4459,41.6313,route.high.normal.r1.menu-camp,Covering,2
3523,118862.587,40.1411,route.high.normal.r1.menu-camp,Covering,2
3524,118906.2864,43.6995,route.high.normal.r1.menu-camp,Covering,2
3525,118945.2685,38.9821,route.high.normal.r1.menu-camp,Covering,2
3526,118989.2321,43.9636,route.high.normal.r1.menu-camp,Covering,2
3527,119028.6621,39.43,route.high.normal.r1.menu-camp,Covering,2
3528,119072.3669,43.7047,route.high.normal.r1.menu-camp,Covering,2
3529,119111.993,39.6261,route.high.normal.r1.menu-camp,Covering,2
3530,119156.1954,44.2024,route.high.normal.r1.menu-camp,Covering,2
3531,119197.4643,41.2689,route.high.normal.r1.menu-camp,Covering,2
3532,119243.0526,45.5883,route.high.normal.r1.menu-camp,Covering,2
3533,119281.3863,38.3337,route.high.normal.r1.menu-camp,Covering,2
3534,119317.0069,35.6207,route.high.normal.r1.menu-camp,Covering,2
3535,119360.2621,43.2549,route.high.normal.r1.menu-camp,Covering,2
3536,119399.9485,39.6866,route.high.normal.r1.menu-camp,Covering,2
3537,119439.4574,39.5087,route.high.normal.r1.menu-camp,Covering,2
3538,119483.4559,43.9987,route.high.normal.r1.menu-camp,Covering,2
3539,119526.4191,42.9632,route.high.normal.r1.menu-camp,Covering,2
3540,119577.9784,51.5593,route.high.normal.r1.menu-camp,Covering,2
3541,119624.8777,46.8994,route.high.normal.r1.menu-camp,Covering,2
3542,119666.8641,41.9864,route.high.normal.r1.menu-camp,Covering,2
3543,119709.8422,42.978,route.high.normal.r1.menu-camp,Covering,2
3544,119760.193,50.3508,route.high.normal.r1.menu-camp,Covering,2
3545,119799.1374,38.9443,route.high.normal.r1.menu-camp,Covering,2
3546,119836.2508,37.1135,route.high.normal.r1.menu-camp,Covering,2
3547,119889.2655,53.0147,route.high.normal.r1.menu-camp,Covering,2
3548,119942.7439,53.4784,route.high.normal.r1.menu-camp,Covering,2
3549,119990.4766,47.7327,route.high.normal.r1.menu-camp,Covering,2
3550,120039.2958,48.8192,route.high.normal.r1.menu-camp,CoveredLoading,2
3551,120059.1036,19.8078,route.high.normal.r1.menu-camp,CoveredLoading,2
3552,120125.6763,66.5727,route.high.normal.r1.menu-camp,CoveredLoading,2
3553,120247.581,121.9042,route.high.normal.r1.menu-camp,CoveredLoading,2
3554,120294.5295,46.949,route.high.normal.r1.menu-camp,CoveredLoading,2
3555,120377.7728,83.2433,route.high.normal.r1.menu-camp,CoveredLoading,2
3556,120391.9684,14.1956,route.high.normal.r1.menu-camp,CoveredLoading,2
3557,120493.9843,102.016,route.high.normal.r1.menu-camp,CoveredLoading,2
3558,120516.1551,22.1707,route.high.normal.r1.menu-camp,CoveredLoading,2
3559,120547.7176,31.5625,route.high.normal.r1.menu-camp,CoveredLoading,2
3560,120569.1577,21.44,route.high.normal.r1.menu-camp,CoveredLoading,2
3561,120592.2246,23.067,route.high.normal.r1.menu-camp,CoveredLoading,2
3562,120617.6455,25.4208,route.high.normal.r1.menu-camp,CoveredLoading,2
3563,120672.5222,54.8766,route.high.normal.r1.menu-camp,CoveredLoading,2
3564,120688.8289,16.3069,route.high.normal.r1.menu-camp,CoveredLoading,2
3565,120725.4899,36.661,route.high.normal.r1.menu-camp,CoveredLoading,2
3566,120739.1129,13.6231,route.high.normal.r1.menu-camp,CoveredLoading,2
3567,120754.7908,15.6778,route.high.normal.r1.menu-camp,CoveredLoading,2
3568,120782.0151,27.2243,route.high.normal.r1.menu-camp,CoveredLoading,2
3569,120801.2109,19.1957,route.high.normal.r1.menu-camp,CoveredLoading,2
3570,120820.5705,19.3596,route.high.normal.r1.menu-camp,CoveredLoading,2
3571,120848.4159,27.8456,route.high.normal.r1.menu-camp,CoveredLoading,2
3572,120903.584,55.1681,route.high.normal.r1.menu-camp,Preparing,2
3573,120955.73,52.146,route.high.normal.r1.menu-camp,Preparing,2
3574,121021.6609,65.9308,route.high.normal.r1.menu-camp,Preparing,2
3575,121080.5869,58.9261,route.high.normal.r1.menu-camp,Preparing,2
3576,121136.5218,55.9345,route.high.normal.r1.menu-camp,Preparing,2
3577,121190.1607,53.6379,route.high.normal.r1.menu-camp,Revealing,2
3578,121240.8554,50.6961,route.high.normal.r1.menu-camp,Revealing,2
3579,121304.6776,63.8221,route.high.normal.r1.menu-camp,Revealing,2
3580,121362.7555,58.0779,route.high.normal.r1.menu-camp,Revealing,2
3581,121414.4307,51.6752,route.high.normal.r1.menu-camp,Revealing,2
3582,121452.8879,38.4572,route.high.normal.r1.menu-camp,Revealing,2
3583,121513.7594,60.8715,route.high.normal.r1.menu-camp,Revealing,2
3584,121570.5938,56.8343,route.high.normal.r1.menu-camp,Revealing,2
3585,121619.6072,49.0135,route.high.normal.r1.menu-camp,Revealing,2
3586,121680.1395,60.5324,route.high.normal.r1.menu-camp,Revealing,2
3587,121735.8957,55.7561,route.high.normal.r1.menu-camp,Revealing,2
3588,121785.1653,49.2696,route.high.normal.r1.menu-camp,Revealing,2
3589,121838.3615,53.1962,route.high.normal.r1.menu-camp,Revealing,2
3590,121885.2967,46.9352,route.high.normal.r1.menu-camp,Revealing,2
3591,121932.9188,47.6219,route.high.normal.r1.menu-camp,Revealing,2
3592,121981.5006,48.5818,route.high.normal.r1.menu-camp,Revealing,2
3593,122030.5139,49.0134,route.high.normal.r1.menu-camp,Revealing,2
3594,122086.7182,56.2044,route.high.normal.r1.menu-camp,Revealing,2
3595,122126.1394,39.4213,route.high.normal.r1.menu-camp,Revealing,2
3596,122172.208,46.0683,route.high.normal.r1.menu-camp,Revealing,2
3597,122218.1194,45.9115,route.high.normal.r1.menu-camp,Revealing,2
3598,122265.9036,47.7843,route.high.normal.r1.menu-camp,Revealing,2
3599,122309.8186,43.915,route.high.normal.r1.menu-camp,Revealing,2
3600,122355.191,45.3724,route.high.normal.r1.menu-camp,Revealing,2
3601,122400.4172,45.2263,route.high.normal.r1.menu-camp,Revealing,2
3602,122444.1116,43.6944,route.high.normal.r1.menu-camp,Revealing,2
3603,122492.5459,48.4341,route.high.normal.r1.menu-camp,Revealing,2
3604,122532.0425,39.4967,route.high.normal.r1.menu-camp,Revealing,2
3605,122578.4516,46.4091,route.high.normal.r1.menu-camp,Revealing,2
3606,122627.8928,49.4412,route.high.normal.r1.menu-camp,Idle,2
3607,122676.1154,48.2226,audit.snapshot.route.high.normal.r1.menu-camp.ready,Idle,2
3608,122711.8627,35.7473,audit.snapshot.route.high.normal.r1.menu-camp.ready,Idle,2
3609,122756.7877,44.9251,audit.snapshot.route.high.normal.r1.menu-camp.ready,Idle,2
3610,122801.5544,44.7664,audit.snapshot.route.high.normal.r1.menu-camp.ready,Idle,2
3611,122843.6404,42.0862,audit.snapshot.route.high.normal.r1.menu-camp.ready,Idle,2
3612,122885.4691,41.8287,audit.snapshot.route.high.normal.r1.menu-camp.ready,Idle,2
3613,122916.6276,31.1585,audit.snapshot.route.high.normal.r1.menu-camp.ready,Idle,2
3614,122959.4777,42.8502,audit.snapshot.route.high.normal.r1.menu-camp.ready,Idle,2
3615,122991.5762,32.0984,audit.snapshot.route.high.normal.r1.menu-camp.ready,Idle,2
3616,123026.8866,35.3104,audit.snapshot.route.high.normal.r1.menu-camp.ready,Idle,2
3617,123066.2778,39.3913,audit.snapshot.route.high.normal.r1.menu-camp.ready,Idle,2
3618,123105.0466,38.7687,audit.snapshot.route.high.normal.r1.menu-camp.ready,Idle,2
3619,123139.6205,34.5739,audit.snapshot.route.high.normal.r1.menu-camp.ready,Idle,2
3620,123176.1742,36.5537,audit.snapshot.route.high.normal.r1.menu-camp.ready,Idle,2
3621,123210.9574,34.7833,audit.snapshot.route.high.normal.r1.menu-camp.ready,Idle,2
3622,123250.1497,39.1923,audit.snapshot.route.high.normal.r1.menu-camp.ready,Idle,2
3623,123288.8372,38.6874,audit.snapshot.route.high.normal.r1.menu-camp.ready,Idle,2
3624,123325.6731,36.8359,audit.snapshot.route.high.normal.r1.menu-camp.ready,Idle,2
3625,123360.493,34.8199,audit.snapshot.route.high.normal.r1.menu-camp.ready,Idle,2
3626,123394.2791,33.7861,audit.snapshot.route.high.normal.r1.menu-camp.ready,Idle,2
3627,123426.8666,32.5875,route.high.normal.r1.camp-menu,Covering,2
3628,123476.8311,49.9645,route.high.normal.r1.camp-menu,Covering,2
3629,123505.3994,28.5684,route.high.normal.r1.camp-menu,Covering,2
3630,123539.5585,34.1591,route.high.normal.r1.camp-menu,Covering,2
3631,123571.9406,32.382,route.high.normal.r1.camp-menu,Covering,2
3632,123623.4083,51.4678,route.high.normal.r1.camp-menu,Covering,2
3633,123645.3142,21.9058,route.high.normal.r1.camp-menu,Covering,2
3634,123678.2107,32.8965,route.high.normal.r1.camp-menu,Covering,2
3635,123713.8001,35.5893,route.high.normal.r1.camp-menu,Covering,2
3636,123756.6034,42.8034,route.high.normal.r1.camp-menu,Covering,2
3637,123777.6208,21.0174,route.high.normal.r1.camp-menu,Covering,2
3638,123810.8841,33.2633,route.high.normal.r1.camp-menu,Covering,2
3639,123848.8957,38.0116,route.high.normal.r1.camp-menu,Covering,2
3640,123881.0944,32.1987,route.high.normal.r1.camp-menu,Covering,2
3641,123911.755,30.6606,route.high.normal.r1.camp-menu,Covering,2
3642,123943.8107,32.0557,route.high.normal.r1.camp-menu,Covering,2
3643,123976.4346,32.6239,route.high.normal.r1.camp-menu,Covering,2
3644,124014.2233,37.7887,route.high.normal.r1.camp-menu,Covering,2
3645,124042.1993,27.9761,route.high.normal.r1.camp-menu,Covering,2
3646,124075.1033,32.9039,route.high.normal.r1.camp-menu,Covering,2
3647,124107.5104,32.4071,route.high.normal.r1.camp-menu,Covering,2
3648,124140.7104,33.1999,route.high.normal.r1.camp-menu,Covering,2
3649,124173.0939,32.3836,route.high.normal.r1.camp-menu,Covering,2
3650,124202.6411,29.5472,route.high.normal.r1.camp-menu,Covering,2
3651,124234.997,32.3557,route.high.normal.r1.camp-menu,Covering,2
3652,124293.3142,58.3174,route.high.normal.r1.camp-menu,Covering,2
3653,124335.3512,42.037,route.high.normal.r1.camp-menu,Covering,2
3654,124386.2501,50.899,route.high.normal.r1.camp-menu,Covering,2
3655,124436.7455,50.4952,route.high.normal.r1.camp-menu,Covering,2
3656,124507.0701,70.3248,route.high.normal.r1.camp-menu,Covering,2
3657,124525.1806,18.1105,route.high.normal.r1.camp-menu,Covering,2
3658,124573.2366,48.0559,route.high.normal.r1.camp-menu,Covering,2
3659,124602.8427,29.6061,route.high.normal.r1.camp-menu,Covering,2
3660,124658.2157,55.373,route.high.normal.r1.camp-menu,Covering,2
3661,124685.5354,27.3197,route.high.normal.r1.camp-menu,Covering,2
3662,124728.1861,42.6507,route.high.normal.r1.camp-menu,Covering,2
3663,124765.8381,37.6521,route.high.normal.r1.camp-menu,Covering,2
3664,124802.5301,36.6919,route.high.normal.r1.camp-menu,Covering,2
3665,124844.8977,42.3676,route.high.normal.r1.camp-menu,Covering,2
3666,124883.2296,38.3319,route.high.normal.r1.camp-menu,Covering,2
3667,124921.2829,38.0534,route.high.normal.r1.camp-menu,Covering,2
3668,124968.7843,47.5013,route.high.normal.r1.camp-menu,Covering,2
3669,124999.3663,30.5821,route.high.normal.r1.camp-menu,Covering,2
3670,125035.3569,35.9906,route.high.normal.r1.camp-menu,CoveredLoading,2
3671,125055.0147,19.6578,route.high.normal.r1.camp-menu,CoveredLoading,2
3672,125125.3638,70.349,route.high.normal.r1.camp-menu,CoveredLoading,2
3673,125308.9076,183.5435,route.high.normal.r1.camp-menu,CoveredLoading,2
3674,125459.8809,150.9737,route.high.normal.r1.camp-menu,CoveredLoading,2
3675,125483.2324,23.3515,route.high.normal.r1.camp-menu,CoveredLoading,2
3676,125540.9477,57.7152,route.high.normal.r1.camp-menu,CoveredLoading,2
3677,125571.9351,30.9874,route.high.normal.r1.camp-menu,CoveredLoading,2
3678,125584.1184,12.1833,route.high.normal.r1.camp-menu,CoveredLoading,2
3679,125605.321,21.2027,route.high.normal.r1.camp-menu,CoveredLoading,2
3680,125628.1905,22.8694,route.high.normal.r1.camp-menu,CoveredLoading,2
3681,125652.3375,24.1471,route.high.normal.r1.camp-menu,CoveredLoading,2
3682,125675.2968,22.9593,route.high.normal.r1.camp-menu,CoveredLoading,2
3683,125688.7576,13.4608,route.high.normal.r1.camp-menu,CoveredLoading,2
3684,125729.1018,40.3442,route.high.normal.r1.camp-menu,CoveredLoading,2
3685,125754.8744,25.7726,route.high.normal.r1.camp-menu,CoveredLoading,2
3686,125777.0241,22.1497,route.high.normal.r1.camp-menu,CoveredLoading,2
3687,125801.5267,24.5026,route.high.normal.r1.camp-menu,CoveredLoading,2
3688,125818.9424,17.4156,route.high.normal.r1.camp-menu,CoveredLoading,2
3689,125834.9468,16.0045,route.high.normal.r1.camp-menu,CoveredLoading,2
3690,125853.8432,18.8963,route.high.normal.r1.camp-menu,CoveredLoading,2
3691,125876.5649,22.7217,route.high.normal.r1.camp-menu,CoveredLoading,2
3692,125897.4366,20.8718,route.high.normal.r1.camp-menu,CoveredLoading,2
3693,125920.7236,23.287,route.high.normal.r1.camp-menu,CoveredLoading,2
3694,125969.5007,48.7771,route.high.normal.r1.camp-menu,Preparing,2
3695,126014.3961,44.8953,route.high.normal.r1.camp-menu,Preparing,2
3696,126068.8818,54.4857,route.high.normal.r1.camp-menu,Preparing,2
3697,126113.8778,44.9959,route.high.normal.r1.camp-menu,Preparing,2
3698,126144.7039,30.8262,route.high.normal.r1.camp-menu,Preparing,2
3699,126188.2263,43.5224,route.high.normal.r1.camp-menu,Preparing,2
3700,126224.8369,36.6106,route.high.normal.r1.camp-menu,Revealing,2
3701,126261.0741,36.2372,route.high.normal.r1.camp-menu,Revealing,2
3702,126296.2764,35.2023,route.high.normal.r1.camp-menu,Revealing,2
3703,126349.6013,53.3249,route.high.normal.r1.camp-menu,Revealing,2
3704,126375.8907,26.2894,route.high.normal.r1.camp-menu,Revealing,2
3705,126412.0245,36.1338,route.high.normal.r1.camp-menu,Revealing,2
3706,126452.4196,40.3951,route.high.normal.r1.camp-menu,Revealing,2
3707,126487.5397,35.1201,route.high.normal.r1.camp-menu,Revealing,2
3708,126529.2117,41.672,route.high.normal.r1.camp-menu,Revealing,2
3709,126569.7676,40.556,route.high.normal.r1.camp-menu,Revealing,2
3710,126599.459,29.6913,route.high.normal.r1.camp-menu,Revealing,2
3711,126636.4046,36.9457,route.high.normal.r1.camp-menu,Revealing,2
3712,126673.1161,36.7115,route.high.normal.r1.camp-menu,Revealing,2
3713,126710.5824,37.4662,route.high.normal.r1.camp-menu,Revealing,2
3714,126746.1331,35.5506,route.high.normal.r1.camp-menu,Revealing,2
3715,126799.3738,53.2406,route.high.normal.r1.camp-menu,Revealing,2
3716,126819.1505,19.777,route.high.normal.r1.camp-menu,Revealing,2
3717,126852.7452,33.5946,route.high.normal.r1.camp-menu,Revealing,2
3718,126886.008,33.2628,route.high.normal.r1.camp-menu,Revealing,2
3719,126919.2582,33.2502,route.high.normal.r1.camp-menu,Revealing,2
3720,126951.4116,32.1534,route.high.normal.r1.camp-menu,Revealing,2
3721,126991.179,39.7674,route.high.normal.r1.camp-menu,Revealing,2
3722,127016.27,25.091,route.high.normal.r1.camp-menu,Revealing,2
3723,127044.4106,28.1406,route.high.normal.r1.camp-menu,Revealing,2
3724,127077.1925,32.7819,route.high.normal.r1.camp-menu,Revealing,2
3725,127115.4088,38.2163,route.high.normal.r1.camp-menu,Revealing,2
3726,127142.7429,27.3341,route.high.normal.r1.camp-menu,Revealing,2
3727,127190.954,48.2111,route.high.normal.r1.camp-menu,Revealing,2
3728,127232.8004,41.8464,route.high.normal.r1.camp-menu,Revealing,2
3729,127241.9629,9.1625,route.high.normal.r1.camp-menu,Revealing,2
3730,127273.6738,31.7109,route.high.normal.r1.camp-menu,Revealing,2
3731,127302.8155,29.1417,route.high.normal.r1.camp-menu,Revealing,2
3732,127331.1732,28.3577,route.high.normal.r1.camp-menu,Revealing,2
3733,127367.5538,36.3806,route.high.normal.r1.camp-menu,Revealing,2
3734,127391.768,24.2142,route.high.normal.r1.camp-menu,Revealing,2
3735,127421.5327,29.7648,route.high.normal.r1.camp-menu,Revealing,2
3736,127449.2659,27.7331,route.high.normal.r1.camp-menu,Revealing,2
3737,127477.2814,28.0156,route.high.normal.r1.camp-menu,Revealing,2
3738,127508.7647,31.4831,route.high.normal.r1.camp-menu,Revealing,2
3739,127553.7054,44.9409,route.high.normal.r1.camp-menu,Revealing,2
3740,127569.1534,15.448,route.high.normal.r1.camp-menu,Revealing,2
3741,127597.9735,28.8201,route.high.normal.r1.camp-menu,Revealing,2
3742,127629.6863,31.7127,route.high.normal.r1.camp-menu,Idle,2
3743,127663.4883,33.802,audit.snapshot.route.high.normal.r1.camp-menu.ready,Idle,2
3744,127689.1852,25.697,audit.snapshot.route.high.normal.r1.camp-menu.ready,Idle,2
3745,127724.4402,35.255,audit.snapshot.route.high.normal.r1.camp-menu.ready,Idle,2
3746,127744.3673,19.927,audit.snapshot.route.high.normal.r1.camp-menu.ready,Idle,2
3747,127772.3663,27.999,audit.snapshot.route.high.normal.r1.camp-menu.ready,Idle,2
3748,127800.0768,27.7106,audit.snapshot.route.high.normal.r1.camp-menu.ready,Idle,2
3749,127831.9248,31.8478,audit.snapshot.route.high.normal.r1.camp-menu.ready,Idle,2
3750,127864.8449,32.9202,audit.snapshot.route.high.normal.r1.camp-menu.ready,Idle,2
3751,127908.4384,43.5935,audit.snapshot.route.high.normal.r1.camp-menu.ready,Idle,2
3752,127922.2935,13.8552,audit.snapshot.route.high.normal.r1.camp-menu.ready,Idle,2
3753,127948.9217,26.6281,audit.snapshot.route.high.normal.r1.camp-menu.ready,Idle,2
3754,127974.4856,25.5639,audit.snapshot.route.high.normal.r1.camp-menu.ready,Idle,2
3755,128004.0346,29.549,audit.snapshot.route.high.normal.r1.camp-menu.ready,Idle,2
3756,128031.0884,27.0538,audit.snapshot.route.high.normal.r1.camp-menu.ready,Idle,2
3757,128064.4635,33.3751,audit.snapshot.route.high.normal.r1.camp-menu.ready,Idle,2
3758,128089.6669,25.2035,audit.snapshot.route.high.normal.r1.camp-menu.ready,Idle,2
3759,128122.5483,32.8814,audit.snapshot.route.high.normal.r1.camp-menu.ready,Idle,2
3760,128149.2993,26.7509,audit.snapshot.route.high.normal.r1.camp-menu.ready,Idle,2
3761,128173.9036,24.6041,audit.snapshot.route.high.normal.r1.camp-menu.ready,Idle,2
3762,128203.7906,29.8872,audit.snapshot.route.high.normal.r1.camp-menu.ready,Idle,2
3763,128246.7182,42.9276,route.high.reduced.r1.menu-camp,Covering,2
3764,128270.3038,23.5856,route.high.reduced.r1.menu-camp,Covering,2
3765,128299.664,29.3603,route.high.reduced.r1.menu-camp,Covering,2
3766,128331.8605,32.1964,route.high.reduced.r1.menu-camp,Covering,2
3767,128358.0625,26.202,route.high.reduced.r1.menu-camp,Covering,2
3768,128391.0146,32.9522,route.high.reduced.r1.menu-camp,CoveredLoading,2
3769,128407.978,16.9634,route.high.reduced.r1.menu-camp,CoveredLoading,2
3770,128472.201,64.2227,route.high.reduced.r1.menu-camp,CoveredLoading,2
3771,128581.8066,109.6056,route.high.reduced.r1.menu-camp,CoveredLoading,2
3772,128625.1664,43.36,route.high.reduced.r1.menu-camp,CoveredLoading,2
3773,128702.6167,77.4503,route.high.reduced.r1.menu-camp,CoveredLoading,2
3774,128714.0062,11.3895,route.high.reduced.r1.menu-camp,CoveredLoading,2
3775,128795.9688,81.9626,route.high.reduced.r1.menu-camp,CoveredLoading,2
3776,128819.501,23.5323,route.high.reduced.r1.menu-camp,CoveredLoading,2
3777,128847.808,28.3069,route.high.reduced.r1.menu-camp,CoveredLoading,2
3778,128872.4785,24.6705,route.high.reduced.r1.menu-camp,CoveredLoading,2
3779,128884.5151,12.0366,route.high.reduced.r1.menu-camp,CoveredLoading,2
3780,128910.0047,25.4897,route.high.reduced.r1.menu-camp,CoveredLoading,2
3781,128937.5261,27.5213,route.high.reduced.r1.menu-camp,CoveredLoading,2
3782,128949.2024,11.6763,route.high.reduced.r1.menu-camp,CoveredLoading,2
3783,128960.764,11.5617,route.high.reduced.r1.menu-camp,CoveredLoading,2
3784,128974.1545,13.3904,route.high.reduced.r1.menu-camp,CoveredLoading,2
3785,128998.2415,24.0869,route.high.reduced.r1.menu-camp,CoveredLoading,2
3786,129010.2031,11.9618,route.high.reduced.r1.menu-camp,CoveredLoading,2
3787,129028.9375,18.7343,route.high.reduced.r1.menu-camp,CoveredLoading,2
3788,129044.7022,15.7647,route.high.reduced.r1.menu-camp,CoveredLoading,2
3789,129067.7953,23.0931,route.high.reduced.r1.menu-camp,CoveredLoading,2
3790,129094.0728,26.2772,route.high.reduced.r1.menu-camp,Preparing,2
3791,129124.8063,30.7338,route.high.reduced.r1.menu-camp,Preparing,2
3792,129154.1032,29.2969,route.high.reduced.r1.menu-camp,Preparing,2
3793,129201.4864,47.3832,route.high.reduced.r1.menu-camp,Revealing,2
3794,129222.4201,20.9337,route.high.reduced.r1.menu-camp,Revealing,2
3795,129260.299,37.8789,route.high.reduced.r1.menu-camp,Revealing,2
3796,129335.3715,75.0725,route.high.reduced.r1.menu-camp,Revealing,2
3797,129360.5883,25.2168,route.high.reduced.r1.menu-camp,Idle,2
3798,129403.5168,42.9285,audit.snapshot.route.high.reduced.r1.menu-camp.ready,Idle,2
3799,129439.2353,35.7184,audit.snapshot.route.high.reduced.r1.menu-camp.ready,Idle,2
3800,129483.9411,44.706,audit.snapshot.route.high.reduced.r1.menu-camp.ready,Idle,2
3801,129517.2578,33.3167,audit.snapshot.route.high.reduced.r1.menu-camp.ready,Idle,2
3802,129592.5205,75.2627,audit.snapshot.route.high.reduced.r1.menu-camp.ready,Idle,2
3803,129642.6292,50.1086,audit.snapshot.route.high.reduced.r1.menu-camp.ready,Idle,2
3804,129652.1046,9.4754,audit.snapshot.route.high.reduced.r1.menu-camp.ready,Idle,2
3805,129675.9417,23.8372,audit.snapshot.route.high.reduced.r1.menu-camp.ready,Idle,2
3806,129711.4038,35.462,audit.snapshot.route.high.reduced.r1.menu-camp.ready,Idle,2
3807,129748.9787,37.5749,audit.snapshot.route.high.reduced.r1.menu-camp.ready,Idle,2
3808,129787.9901,39.0114,audit.snapshot.route.high.reduced.r1.menu-camp.ready,Idle,2
3809,129845.1716,57.1815,audit.snapshot.route.high.reduced.r1.menu-camp.ready,Idle,2
3810,129858.9511,13.7796,audit.snapshot.route.high.reduced.r1.menu-camp.ready,Idle,2
3811,129894.5649,35.6137,audit.snapshot.route.high.reduced.r1.menu-camp.ready,Idle,2
3812,129938.1817,43.6168,audit.snapshot.route.high.reduced.r1.menu-camp.ready,Idle,2
3813,129975.5212,37.3395,audit.snapshot.route.high.reduced.r1.menu-camp.ready,Idle,2
3814,130007.0042,31.4831,audit.snapshot.route.high.reduced.r1.menu-camp.ready,Idle,2
3815,130042.297,35.2928,audit.snapshot.route.high.reduced.r1.menu-camp.ready,Idle,2
3816,130102.9359,60.6388,audit.snapshot.route.high.reduced.r1.menu-camp.ready,Idle,2
3817,130141.605,38.6691,audit.snapshot.route.high.reduced.r1.menu-camp.ready,Idle,2
3818,130154.2134,12.6084,route.high.reduced.r1.camp-menu,Covering,2
3819,130195.61,41.3966,route.high.reduced.r1.camp-menu,Covering,2
3820,130225.7265,30.1166,route.high.reduced.r1.camp-menu,Covering,2
3821,130257.5,31.7734,route.high.reduced.r1.camp-menu,Covering,2
3822,130287.4592,29.9592,route.high.reduced.r1.camp-menu,Covering,2
3823,130314.2231,26.7639,route.high.reduced.r1.camp-menu,CoveredLoading,2
3824,130331.0646,16.8413,route.high.reduced.r1.camp-menu,CoveredLoading,2
3825,130393.8029,62.7385,route.high.reduced.r1.camp-menu,CoveredLoading,2
3826,130563.4524,169.6494,route.high.reduced.r1.camp-menu,CoveredLoading,2
3827,130698.1623,134.71,route.high.reduced.r1.camp-menu,CoveredLoading,2
3828,130719.8817,21.7194,route.high.reduced.r1.camp-menu,CoveredLoading,2
3829,130792.1852,72.3036,route.high.reduced.r1.camp-menu,CoveredLoading,2
3830,130812.8737,20.6883,route.high.reduced.r1.camp-menu,CoveredLoading,2
3831,130826.0138,13.1402,route.high.reduced.r1.camp-menu,CoveredLoading,2
3832,130839.9525,13.9388,route.high.reduced.r1.camp-menu,CoveredLoading,2
3833,130861.819,21.8664,route.high.reduced.r1.camp-menu,CoveredLoading,2
3834,130878.5059,16.6868,route.high.reduced.r1.camp-menu,CoveredLoading,2
3835,130895.1132,16.6074,route.high.reduced.r1.camp-menu,CoveredLoading,2
3836,130915.6191,20.5059,route.high.reduced.r1.camp-menu,CoveredLoading,2
3837,130928.3549,12.7358,route.high.reduced.r1.camp-menu,CoveredLoading,2
3838,130953.5899,25.2351,route.high.reduced.r1.camp-menu,CoveredLoading,2
3839,130965.8096,12.2196,route.high.reduced.r1.camp-menu,CoveredLoading,2
3840,130978.9433,13.1337,route.high.reduced.r1.camp-menu,CoveredLoading,2
3841,131001.9908,23.0475,route.high.reduced.r1.camp-menu,CoveredLoading,2
3842,131016.0621,14.0713,route.high.reduced.r1.camp-menu,CoveredLoading,2
3843,131028.9439,12.8818,route.high.reduced.r1.camp-menu,CoveredLoading,2
3844,131044.5578,15.6138,route.high.reduced.r1.camp-menu,CoveredLoading,2
3845,131075.7946,31.2368,route.high.reduced.r1.camp-menu,Preparing,2
3846,131103.7211,27.9267,route.high.reduced.r1.camp-menu,Preparing,2
3847,131128.47,24.7489,route.high.reduced.r1.camp-menu,Preparing,2
3848,131156.2963,27.8263,route.high.reduced.r1.camp-menu,Revealing,2
3849,131181.159,24.8627,route.high.reduced.r1.camp-menu,Revealing,2
3850,131209.6245,28.4653,route.high.reduced.r1.camp-menu,Revealing,2
3851,131239.5039,29.8796,route.high.reduced.r1.camp-menu,Revealing,2
3852,131275.1979,35.6939,route.high.reduced.r1.camp-menu,Revealing,2
3853,131302.5287,27.3309,route.high.reduced.r1.camp-menu,Revealing,2
3854,131328.7868,26.2579,route.high.reduced.r1.camp-menu,Revealing,2
3855,131359.1033,30.3166,route.high.reduced.r1.camp-menu,Idle,2
3856,131390.6544,31.5511,audit.snapshot.route.high.reduced.r1.camp-menu.ready,Idle,2
3857,131414.3435,23.6891,audit.snapshot.route.high.reduced.r1.camp-menu.ready,Idle,2
3858,131448.0953,33.7518,audit.snapshot.route.high.reduced.r1.camp-menu.ready,Idle,2
3859,131470.9572,22.8619,audit.snapshot.route.high.reduced.r1.camp-menu.ready,Idle,2
3860,131499.1535,28.1963,audit.snapshot.route.high.reduced.r1.camp-menu.ready,Idle,2
3861,131526.1082,26.9548,audit.snapshot.route.high.reduced.r1.camp-menu.ready,Idle,2
3862,131552.3375,26.2291,audit.snapshot.route.high.reduced.r1.camp-menu.ready,Idle,2
3863,131578.1203,25.783,audit.snapshot.route.high.reduced.r1.camp-menu.ready,Idle,2
3864,131613.3006,35.1803,audit.snapshot.route.high.reduced.r1.camp-menu.ready,Idle,2
3865,131637.7899,24.4892,audit.snapshot.route.high.reduced.r1.camp-menu.ready,Idle,2
3866,131665.656,27.8661,audit.snapshot.route.high.reduced.r1.camp-menu.ready,Idle,2
3867,131692.6535,26.9975,audit.snapshot.route.high.reduced.r1.camp-menu.ready,Idle,2
3868,131718.5159,25.8625,audit.snapshot.route.high.reduced.r1.camp-menu.ready,Idle,2
3869,131744.5845,26.0686,audit.snapshot.route.high.reduced.r1.camp-menu.ready,Idle,2
3870,131780.3066,35.7221,audit.snapshot.route.high.reduced.r1.camp-menu.ready,Idle,2
3871,131804.4731,24.1664,audit.snapshot.route.high.reduced.r1.camp-menu.ready,Idle,2
3872,131832.5301,28.057,audit.snapshot.route.high.reduced.r1.camp-menu.ready,Idle,2
3873,131859.3031,26.773,audit.snapshot.route.high.reduced.r1.camp-menu.ready,Idle,2
3874,131885.1449,25.8418,audit.snapshot.route.high.reduced.r1.camp-menu.ready,Idle,2
3875,131911.3624,26.2175,audit.snapshot.route.high.reduced.r1.camp-menu.ready,Idle,2
3876,131948.2725,36.9101,route.high.normal.r2.menu-camp,Covering,2
3877,132004.3394,56.0669,route.high.normal.r2.menu-camp,Covering,2
3878,132038.9002,34.5608,route.high.normal.r2.menu-camp,Covering,2
3879,132070.8926,31.9924,route.high.normal.r2.menu-camp,Covering,2
3880,132103.5949,32.7023,route.high.normal.r2.menu-camp,Covering,2
3881,132146.5942,42.9993,route.high.normal.r2.menu-camp,Covering,2
3882,132162.1581,15.5639,route.high.normal.r2.menu-camp,Covering,2
3883,132192.791,30.633,route.high.normal.r2.menu-camp,Covering,2
3884,132224.2121,31.4211,route.high.normal.r2.menu-camp,Covering,2
3885,132262.2782,38.066,route.high.normal.r2.menu-camp,Covering,2
3886,132309.3907,47.1126,route.high.normal.r2.menu-camp,Covering,2
3887,132326.3593,16.9686,route.high.normal.r2.menu-camp,Covering,2
3888,132357.7919,31.4326,route.high.normal.r2.menu-camp,Covering,2
3889,132387.4519,29.66,route.high.normal.r2.menu-camp,Covering,2
3890,132414.0768,26.6247,route.high.normal.r2.menu-camp,Covering,2
3891,132461.5605,47.4839,route.high.normal.r2.menu-camp,Covering,2
3892,132508.2747,46.7141,route.high.normal.r2.menu-camp,Covering,2
3893,132518.8706,10.5959,route.high.normal.r2.menu-camp,Covering,2
3894,132542.3578,23.487,route.high.normal.r2.menu-camp,Covering,2
3895,132573.8026,31.445,route.high.normal.r2.menu-camp,Covering,2
3896,132618.568,44.7654,route.high.normal.r2.menu-camp,Covering,2
3897,132632.9627,14.3948,route.high.normal.r2.menu-camp,Covering,2
3898,132665.2585,32.2957,route.high.normal.r2.menu-camp,Covering,2
3899,132695.0963,29.8378,route.high.normal.r2.menu-camp,Covering,2
3900,132728.5491,33.4528,route.high.normal.r2.menu-camp,Covering,2
3901,132779.2163,50.6673,route.high.normal.r2.menu-camp,Covering,2
3902,132801.617,22.4007,route.high.normal.r2.menu-camp,Covering,2
3903,132837.0935,35.4764,route.high.normal.r2.menu-camp,Covering,2
3904,132870.9991,33.9055,route.high.normal.r2.menu-camp,Covering,2
3905,132914.3356,43.3367,route.high.normal.r2.menu-camp,Covering,2
3906,132974.5857,60.25,route.high.normal.r2.menu-camp,Covering,2
3907,133002.3618,27.7761,route.high.normal.r2.menu-camp,Covering,2
3908,133035.4256,33.0638,route.high.normal.r2.menu-camp,Covering,2
3909,133076.6106,41.185,route.high.normal.r2.menu-camp,Covering,2
3910,133122.8192,46.2085,route.high.normal.r2.menu-camp,Covering,2
3911,133174.472,51.6529,route.high.normal.r2.menu-camp,Covering,2
3912,133202.6176,28.1456,route.high.normal.r2.menu-camp,Covering,2
3913,133252.8267,50.2091,route.high.normal.r2.menu-camp,Covering,2
3914,133302.9419,50.1153,route.high.normal.r2.menu-camp,Covering,2
3915,133343.4224,40.4804,route.high.normal.r2.menu-camp,Covering,2
3916,133395.9637,52.5414,route.high.normal.r2.menu-camp,Covering,2
3917,133421.1748,25.2111,route.high.normal.r2.menu-camp,Covering,2
3918,133471.4767,50.3019,route.high.normal.r2.menu-camp,Covering,2
3919,133520.5674,49.0907,route.high.normal.r2.menu-camp,Covering,2
3920,133569.2676,48.7001,route.high.normal.r2.menu-camp,CoveredLoading,2
3921,133588.2759,19.0083,route.high.normal.r2.menu-camp,CoveredLoading,2
3922,133662.6541,74.3782,route.high.normal.r2.menu-camp,CoveredLoading,2
3923,133812.3123,149.6576,route.high.normal.r2.menu-camp,CoveredLoading,2
3924,133856.9912,44.6796,route.high.normal.r2.menu-camp,CoveredLoading,2
3925,133941.4133,84.422,route.high.normal.r2.menu-camp,CoveredLoading,2
3926,133956.7029,15.2896,route.high.normal.r2.menu-camp,CoveredLoading,2
3927,134034.8755,78.1726,route.high.normal.r2.menu-camp,CoveredLoading,2
3928,134057.7089,22.8334,route.high.normal.r2.menu-camp,CoveredLoading,2
3929,134087.3403,29.6315,route.high.normal.r2.menu-camp,CoveredLoading,2
3930,134103.5024,16.162,route.high.normal.r2.menu-camp,CoveredLoading,2
3931,134117.4212,13.9188,route.high.normal.r2.menu-camp,CoveredLoading,2
3932,134132.4548,15.0337,route.high.normal.r2.menu-camp,CoveredLoading,2
3933,134151.8551,19.4002,route.high.normal.r2.menu-camp,CoveredLoading,2
3934,134191.052,39.1969,route.high.normal.r2.menu-camp,CoveredLoading,2
3935,134217.3773,26.3253,route.high.normal.r2.menu-camp,CoveredLoading,2
3936,134230.4366,13.0593,route.high.normal.r2.menu-camp,CoveredLoading,2
3937,134245.2355,14.7989,route.high.normal.r2.menu-camp,CoveredLoading,2
3938,134266.3704,21.1349,route.high.normal.r2.menu-camp,CoveredLoading,2
3939,134283.9074,17.537,route.high.normal.r2.menu-camp,CoveredLoading,2
3940,134299.2813,15.374,route.high.normal.r2.menu-camp,CoveredLoading,2
3941,134318.433,19.1517,route.high.normal.r2.menu-camp,CoveredLoading,2
3942,134369.7508,51.3178,route.high.normal.r2.menu-camp,Preparing,2
3943,134400.0225,30.2716,route.high.normal.r2.menu-camp,Preparing,2
3944,134439.7893,39.7668,route.high.normal.r2.menu-camp,Preparing,2
3945,134477.0858,37.2966,route.high.normal.r2.menu-camp,Preparing,2
3946,134532.4673,55.3814,route.high.normal.r2.menu-camp,Preparing,2
3947,134562.3149,29.8476,route.high.normal.r2.menu-camp,Preparing,2
3948,134600.9484,38.6335,route.high.normal.r2.menu-camp,Revealing,2
3949,134664.1376,63.1892,route.high.normal.r2.menu-camp,Revealing,2
3950,134688.0045,23.867,route.high.normal.r2.menu-camp,Revealing,2
3951,134737.1301,49.1256,route.high.normal.r2.menu-camp,Revealing,2
3952,134767.6667,30.5365,route.high.normal.r2.menu-camp,Revealing,2
3953,134810.5707,42.904,route.high.normal.r2.menu-camp,Revealing,2
3954,134853.8513,43.2807,route.high.normal.r2.menu-camp,Revealing,2
3955,134894.2466,40.3952,route.high.normal.r2.menu-camp,Revealing,2
3956,134944.4899,50.2433,route.high.normal.r2.menu-camp,Revealing,2
3957,134969.2333,24.7434,route.high.normal.r2.menu-camp,Revealing,2
3958,135012.2068,42.9734,route.high.normal.r2.menu-camp,Revealing,2
3959,135052.457,40.2503,route.high.normal.r2.menu-camp,Revealing,2
3960,135087.9914,35.5345,route.high.normal.r2.menu-camp,Revealing,2
3961,135127.6501,39.6586,route.high.normal.r2.menu-camp,Revealing,2
3962,135165.6835,38.0334,route.high.normal.r2.menu-camp,Revealing,2
3963,135201.3079,35.6243,route.high.normal.r2.menu-camp,Revealing,2
3964,135248.7629,47.4551,route.high.normal.r2.menu-camp,Revealing,2
3965,135279.4966,30.7336,route.high.normal.r2.menu-camp,Revealing,2
3966,135309.1599,29.6633,route.high.normal.r2.menu-camp,Revealing,2
3967,135336.837,27.6771,route.high.normal.r2.menu-camp,Revealing,2
3968,135372.2279,35.391,route.high.normal.r2.menu-camp,Revealing,2
3969,135398.6161,26.3882,route.high.normal.r2.menu-camp,Revealing,2
3970,135430.8368,32.2207,route.high.normal.r2.menu-camp,Revealing,2
3971,135466.5439,35.707,route.high.normal.r2.menu-camp,Revealing,2
3972,135507.5573,41.0135,route.high.normal.r2.menu-camp,Revealing,2
3973,135528.8502,21.293,route.high.normal.r2.menu-camp,Revealing,2
3974,135561.4019,32.5516,route.high.normal.r2.menu-camp,Revealing,2
3975,135593.7304,32.3286,route.high.normal.r2.menu-camp,Revealing,2
3976,135625.5708,31.8403,route.high.normal.r2.menu-camp,Revealing,2
3977,135658.1978,32.627,route.high.normal.r2.menu-camp,Revealing,2
3978,135690.6877,32.4897,route.high.normal.r2.menu-camp,Revealing,2
3979,135721.7706,31.0831,route.high.normal.r2.menu-camp,Revealing,2
3980,135761.764,39.9934,route.high.normal.r2.menu-camp,Revealing,2
3981,135789.3273,27.5634,route.high.normal.r2.menu-camp,Revealing,2
3982,135825.8482,36.5208,route.high.normal.r2.menu-camp,Revealing,2
3983,135854.6884,28.8402,route.high.normal.r2.menu-camp,Revealing,2
3984,135900.6946,46.0062,route.high.normal.r2.menu-camp,Revealing,2
3985,135914.9764,14.2818,route.high.normal.r2.menu-camp,Revealing,2
3986,135945.1607,30.1843,route.high.normal.r2.menu-camp,Revealing,2
3987,135978.0533,32.8924,route.high.normal.r2.menu-camp,Revealing,2
3988,136014.1628,36.1096,route.high.normal.r2.menu-camp,Idle,2
3989,136050.1924,36.0297,audit.snapshot.route.high.normal.r2.menu-camp.ready,Idle,2
3990,136075.9282,25.7358,audit.snapshot.route.high.normal.r2.menu-camp.ready,Idle,2
3991,136107.355,31.4269,audit.snapshot.route.high.normal.r2.menu-camp.ready,Idle,2
3992,136157.028,49.6729,audit.snapshot.route.high.normal.r2.menu-camp.ready,Idle,2
3993,136194.3975,37.3695,audit.snapshot.route.high.normal.r2.menu-camp.ready,Idle,2
3994,136219.1412,24.7437,audit.snapshot.route.high.normal.r2.menu-camp.ready,Idle,2
3995,136242.3068,23.1656,audit.snapshot.route.high.normal.r2.menu-camp.ready,Idle,2
3996,136273.5055,31.1988,audit.snapshot.route.high.normal.r2.menu-camp.ready,Idle,2
3997,136302.1522,28.6466,audit.snapshot.route.high.normal.r2.menu-camp.ready,Idle,2
3998,136330.7207,28.5686,audit.snapshot.route.high.normal.r2.menu-camp.ready,Idle,2
3999,136359.6165,28.8957,audit.snapshot.route.high.normal.r2.menu-camp.ready,Idle,2
4000,136409.6547,50.0382,audit.snapshot.route.high.normal.r2.menu-camp.ready,Idle,2
4001,136420.2314,10.5767,audit.snapshot.route.high.normal.r2.menu-camp.ready,Idle,2
4002,136445.1389,24.9075,audit.snapshot.route.high.normal.r2.menu-camp.ready,Idle,2
4003,136476.133,30.9941,audit.snapshot.route.high.normal.r2.menu-camp.ready,Idle,2
4004,136513.1396,37.0065,audit.snapshot.route.high.normal.r2.menu-camp.ready,Idle,2
4005,136541.0251,27.8856,audit.snapshot.route.high.normal.r2.menu-camp.ready,Idle,2
4006,136570.5973,29.5722,audit.snapshot.route.high.normal.r2.menu-camp.ready,Idle,2
4007,136598.3171,27.7198,audit.snapshot.route.high.normal.r2.menu-camp.ready,Idle,2
4008,136646.1433,47.8262,audit.snapshot.route.high.normal.r2.menu-camp.ready,Idle,2
4009,136663.6116,17.4682,route.high.normal.r2.camp-menu,Covering,2
4010,136717.5734,53.9619,route.high.normal.r2.camp-menu,Covering,2
4011,136744.1664,26.593,route.high.normal.r2.camp-menu,Covering,2
4012,136782.6982,38.5318,route.high.normal.r2.camp-menu,Covering,2
4013,136809.4785,26.7804,route.high.normal.r2.camp-menu,Covering,2
4014,136842.2285,32.75,route.high.normal.r2.camp-menu,Covering,2
4015,136874.6499,32.4213,route.high.normal.r2.camp-menu,Covering,2
4016,136931.0883,56.4384,route.high.normal.r2.camp-menu,Covering,2
4017,136946.9314,15.843,route.high.normal.r2.camp-menu,Covering,2
4018,136992.0906,45.1593,route.high.normal.r2.camp-menu,Covering,2
4019,137023.3995,31.3089,route.high.normal.r2.camp-menu,Covering,2
4020,137054.3828,30.9833,route.high.normal.r2.camp-menu,Covering,2
4021,137083.4773,29.0945,route.high.normal.r2.camp-menu,Covering,2
4022,137112.3602,28.8829,route.high.normal.r2.camp-menu,Covering,2
4023,137144.1566,31.7964,route.high.normal.r2.camp-menu,Covering,2
4024,137183.3707,39.2142,route.high.normal.r2.camp-menu,Covering,2
4025,137225.7337,42.3629,route.high.normal.r2.camp-menu,Covering,2
4026,137266.9938,41.2601,route.high.normal.r2.camp-menu,Covering,2
4027,137309.5208,42.5271,route.high.normal.r2.camp-menu,Covering,2
4028,137361.4279,51.9069,route.high.normal.r2.camp-menu,Covering,2
4029,137399.2368,37.809,route.high.normal.r2.camp-menu,Covering,2
4030,137443.3894,44.1526,route.high.normal.r2.camp-menu,Covering,2
4031,137485.9226,42.5333,route.high.normal.r2.camp-menu,Covering,2
4032,137524.9818,39.0591,route.high.normal.r2.camp-menu,Covering,2
4033,137571.6266,46.6448,route.high.normal.r2.camp-menu,Covering,2
4034,137627.1023,55.4757,route.high.normal.r2.camp-menu,Covering,2
4035,137671.0878,43.9855,route.high.normal.r2.camp-menu,Covering,2
4036,137732.3315,61.2437,route.high.normal.r2.camp-menu,Covering,2
4037,137769.9253,37.5938,route.high.normal.r2.camp-menu,Covering,2
4038,137827.3108,57.3856,route.high.normal.r2.camp-menu,Covering,2
4039,137878.9603,51.6493,route.high.normal.r2.camp-menu,Covering,2
4040,137919.929,40.9688,route.high.normal.r2.camp-menu,Covering,2
4041,137979.7731,59.8441,route.high.normal.r2.camp-menu,Covering,2
4042,138019.9215,40.1484,route.high.normal.r2.camp-menu,Covering,2
4043,138068.3486,48.4272,route.high.normal.r2.camp-menu,Covering,2
4044,138131.0052,62.6564,route.high.normal.r2.camp-menu,Covering,2
4045,138152.7078,21.7027,route.high.normal.r2.camp-menu,Covering,2
4046,138204.9562,52.2485,route.high.normal.r2.camp-menu,Covering,2
4047,138250.8053,45.8491,route.high.normal.r2.camp-menu,Covering,2
4048,138286.9326,36.1272,route.high.normal.r2.camp-menu,CoveredLoading,2
4049,138301.0738,14.1413,route.high.normal.r2.camp-menu,CoveredLoading,2
4050,138373.9707,72.8968,route.high.normal.r2.camp-menu,CoveredLoading,2
4051,138567.0228,193.052,route.high.normal.r2.camp-menu,CoveredLoading,2
4052,138700.8834,133.8608,route.high.normal.r2.camp-menu,CoveredLoading,2
4053,138725.6729,24.7893,route.high.normal.r2.camp-menu,CoveredLoading,2
4054,138803.0138,77.3411,route.high.normal.r2.camp-menu,CoveredLoading,2
4055,138821.8527,18.8388,route.high.normal.r2.camp-menu,CoveredLoading,2
4056,138849.1361,27.2834,route.high.normal.r2.camp-menu,CoveredLoading,2
4057,138862.8058,13.6696,route.high.normal.r2.camp-menu,CoveredLoading,2
4058,138877.9302,15.1246,route.high.normal.r2.camp-menu,CoveredLoading,2
4059,138895.2044,17.2741,route.high.normal.r2.camp-menu,CoveredLoading,2
4060,138911.4961,16.2918,route.high.normal.r2.camp-menu,CoveredLoading,2
4061,138948.8304,37.3341,route.high.normal.r2.camp-menu,CoveredLoading,2
4062,138960.6348,11.8045,route.high.normal.r2.camp-menu,CoveredLoading,2
4063,138976.349,15.7143,route.high.normal.r2.camp-menu,CoveredLoading,2
4064,138997.435,21.0858,route.high.normal.r2.camp-menu,CoveredLoading,2
4065,139016.8919,19.4571,route.high.normal.r2.camp-menu,CoveredLoading,2
4066,139031.4859,14.594,route.high.normal.r2.camp-menu,CoveredLoading,2
4067,139050.2385,18.7525,route.high.normal.r2.camp-menu,CoveredLoading,2
4068,139065.3481,15.1097,route.high.normal.r2.camp-menu,CoveredLoading,2
4069,139092.5677,27.2196,route.high.normal.r2.camp-menu,CoveredLoading,2
4070,139132.9466,40.3789,route.high.normal.r2.camp-menu,Preparing,2
4071,139166.1019,33.1552,route.high.normal.r2.camp-menu,Preparing,2
4072,139200.4614,34.3594,route.high.normal.r2.camp-menu,Preparing,2
4073,139239.2201,38.7588,route.high.normal.r2.camp-menu,Preparing,2
4074,139290.03,50.8099,route.high.normal.r2.camp-menu,Preparing,2
4075,139307.3058,17.2759,route.high.normal.r2.camp-menu,Preparing,2
4076,139343.8009,36.4951,route.high.normal.r2.camp-menu,Preparing,2
4077,139378.3983,34.5973,route.high.normal.r2.camp-menu,Revealing,2
4078,139412.7526,34.3544,route.high.normal.r2.camp-menu,Revealing,2
4079,139452.1053,39.3525,route.high.normal.r2.camp-menu,Revealing,2
4080,139487.9828,35.8776,route.high.normal.r2.camp-menu,Revealing,2
4081,139528.5174,40.5346,route.high.normal.r2.camp-menu,Revealing,2
4082,139562.9509,34.4335,route.high.normal.r2.camp-menu,Revealing,2
4083,139598.5988,35.6479,route.high.normal.r2.camp-menu,Revealing,2
4084,139655.2845,56.6858,route.high.normal.r2.camp-menu,Revealing,2
4085,139707.3962,52.1116,route.high.normal.r2.camp-menu,Revealing,2
4086,139719.1421,11.746,route.high.normal.r2.camp-menu,Revealing,2
4087,139757.6743,38.5322,route.high.normal.r2.camp-menu,Revealing,2
4088,139788.3851,30.7107,route.high.normal.r2.camp-menu,Revealing,2
4089,139826.5381,38.153,route.high.normal.r2.camp-menu,Revealing,2
4090,139863.5245,36.9864,route.high.normal.r2.camp-menu,Revealing,2
4091,139898.5224,34.998,route.high.normal.r2.camp-menu,Revealing,2
4092,139933.2855,34.7631,route.high.normal.r2.camp-menu,Revealing,2
4093,139970.0039,36.7184,route.high.normal.r2.camp-menu,Revealing,2
4094,140025.1735,55.1696,route.high.normal.r2.camp-menu,Revealing,2
4095,140042.9208,17.7473,route.high.normal.r2.camp-menu,Revealing,2
4096,140075.6256,32.7048,route.high.normal.r2.camp-menu,Revealing,2
4097,140108.0971,32.4714,route.high.normal.r2.camp-menu,Revealing,2
4098,140140.4777,32.3807,route.high.normal.r2.camp-menu,Revealing,2
4099,140169.9522,29.4744,route.high.normal.r2.camp-menu,Revealing,2
4100,140209.9598,40.0076,route.high.normal.r2.camp-menu,Revealing,2
4101,140234.0207,24.061,route.high.normal.r2.camp-menu,Revealing,2
4102,140269.6199,35.5991,route.high.normal.r2.camp-menu,Revealing,2
4103,140294.6981,25.0783,route.high.normal.r2.camp-menu,Revealing,2
4104,140325.7945,31.0963,route.high.normal.r2.camp-menu,Revealing,2
4105,140355.3727,29.5783,route.high.normal.r2.camp-menu,Revealing,2
4106,140382.0659,26.6932,route.high.normal.r2.camp-menu,Revealing,2
4107,140410.7553,28.6894,route.high.normal.r2.camp-menu,Revealing,2
4108,140442.2386,31.4831,route.high.normal.r2.camp-menu,Revealing,2
4109,140472.9504,30.7119,route.high.normal.r2.camp-menu,Revealing,2
4110,140511.7027,38.7523,route.high.normal.r2.camp-menu,Revealing,2
4111,140537.4268,25.7242,route.high.normal.r2.camp-menu,Revealing,2
4112,140565.8313,28.4045,route.high.normal.r2.camp-menu,Revealing,2
4113,140594.4504,28.6191,route.high.normal.r2.camp-menu,Revealing,2
4114,140625.4078,30.9573,route.high.normal.r2.camp-menu,Revealing,2
4115,140667.8333,42.4255,route.high.normal.r2.camp-menu,Revealing,2
4116,140680.8042,12.971,route.high.normal.r2.camp-menu,Revealing,2
4117,140710.4054,29.6012,route.high.normal.r2.camp-menu,Revealing,2
4118,140740.9482,30.5427,route.high.normal.r2.camp-menu,Revealing,2
4119,140770.4138,29.4657,route.high.normal.r2.camp-menu,Revealing,2
4120,140800.211,29.7972,route.high.normal.r2.camp-menu,Idle,2
4121,140834.2524,34.0413,audit.snapshot.route.high.normal.r2.camp-menu.ready,Idle,2
4122,140856.2313,21.9789,audit.snapshot.route.high.normal.r2.camp-menu.ready,Idle,2
4123,140881.8377,25.6065,audit.snapshot.route.high.normal.r2.camp-menu.ready,Idle,2
4124,140909.4098,27.572,audit.snapshot.route.high.normal.r2.camp-menu.ready,Idle,2
4125,140951.7804,42.3707,audit.snapshot.route.high.normal.r2.camp-menu.ready,Idle,2
4126,140990.1974,38.4169,audit.snapshot.route.high.normal.r2.camp-menu.ready,Idle,2
4127,140999.8826,9.6853,audit.snapshot.route.high.normal.r2.camp-menu.ready,Idle,2
4128,141022.0024,22.1197,audit.snapshot.route.high.normal.r2.camp-menu.ready,Idle,2
4129,141047.4974,25.495,audit.snapshot.route.high.normal.r2.camp-menu.ready,Idle,2
4130,141092.6082,45.1108,audit.snapshot.route.high.normal.r2.camp-menu.ready,Idle,2
4131,141104.8059,12.1978,audit.snapshot.route.high.normal.r2.camp-menu.ready,Idle,2
4132,141132.242,27.436,audit.snapshot.route.high.normal.r2.camp-menu.ready,Idle,2
4133,141159.4249,27.183,audit.snapshot.route.high.normal.r2.camp-menu.ready,Idle,2
4134,141191.2045,31.7795,audit.snapshot.route.high.normal.r2.camp-menu.ready,Idle,2
4135,141246.9826,55.778,audit.snapshot.route.high.normal.r2.camp-menu.ready,Idle,2
4136,141261.869,14.8865,audit.snapshot.route.high.normal.r2.camp-menu.ready,Idle,2
4137,141299.9546,38.0856,audit.snapshot.route.high.normal.r2.camp-menu.ready,Idle,2
4138,141333.7387,33.7841,audit.snapshot.route.high.normal.r2.camp-menu.ready,Idle,2
4139,141367.6918,33.9532,audit.snapshot.route.high.normal.r2.camp-menu.ready,Idle,2
4140,141425.1286,57.4367,audit.snapshot.route.high.normal.r2.camp-menu.ready,Idle,2
4141,141441.9258,16.7972,route.high.reduced.r2.menu-camp,Covering,2
4142,141484.5795,42.6537,route.high.reduced.r2.menu-camp,Covering,2
4143,141516.7755,32.196,route.high.reduced.r2.menu-camp,Covering,2
4144,141558.3896,41.6141,route.high.reduced.r2.menu-camp,Covering,2
4145,141624.3537,65.9641,route.high.reduced.r2.menu-camp,Covering,2
4146,141641.8732,17.5195,route.high.reduced.r2.menu-camp,CoveredLoading,2
4147,141662.2536,20.3804,route.high.reduced.r2.menu-camp,CoveredLoading,2
4148,141733.1507,70.8971,route.high.reduced.r2.menu-camp,CoveredLoading,2
4149,141866.1856,133.0346,route.high.reduced.r2.menu-camp,CoveredLoading,2
4150,141910.2695,44.0842,route.high.reduced.r2.menu-camp,CoveredLoading,2
4151,141992.4986,82.2291,route.high.reduced.r2.menu-camp,CoveredLoading,2
4152,142004.3008,11.8022,route.high.reduced.r2.menu-camp,CoveredLoading,2
4153,142080.0174,75.7166,route.high.reduced.r2.menu-camp,CoveredLoading,2
4154,142100.2502,20.2329,route.high.reduced.r2.menu-camp,CoveredLoading,2
4155,142127.3132,27.0629,route.high.reduced.r2.menu-camp,CoveredLoading,2
4156,142139.6568,12.3437,route.high.reduced.r2.menu-camp,CoveredLoading,2
4157,142159.6652,20.0082,route.high.reduced.r2.menu-camp,CoveredLoading,2
4158,142172.9431,13.2781,route.high.reduced.r2.menu-camp,CoveredLoading,2
4159,142201.447,28.5036,route.high.reduced.r2.menu-camp,CoveredLoading,2
4160,142213.3954,11.9486,route.high.reduced.r2.menu-camp,CoveredLoading,2
4161,142224.9789,11.5835,route.high.reduced.r2.menu-camp,CoveredLoading,2
4162,142242.0691,17.0902,route.high.reduced.r2.menu-camp,CoveredLoading,2
4163,142259.0702,17.0012,route.high.reduced.r2.menu-camp,CoveredLoading,2
4164,142272.0203,12.9501,route.high.reduced.r2.menu-camp,CoveredLoading,2
4165,142295.3379,23.3175,route.high.reduced.r2.menu-camp,CoveredLoading,2
4166,142309.8351,14.4972,route.high.reduced.r2.menu-camp,CoveredLoading,2
4167,142332.6478,22.8127,route.high.reduced.r2.menu-camp,CoveredLoading,2
4168,142359.447,26.7992,route.high.reduced.r2.menu-camp,Preparing,2
4169,142390.8674,31.4205,route.high.reduced.r2.menu-camp,Preparing,2
4170,142420.1471,29.2796,route.high.reduced.r2.menu-camp,Preparing,2
4171,142444.6333,24.4861,route.high.reduced.r2.menu-camp,Revealing,2
4172,142475.7704,31.1373,route.high.reduced.r2.menu-camp,Revealing,2
4173,142507.1014,31.3309,route.high.reduced.r2.menu-camp,Revealing,2
4174,142551.1531,44.0517,route.high.reduced.r2.menu-camp,Revealing,2
4175,142577.3055,26.1525,route.high.reduced.r2.menu-camp,Revealing,2
4176,142610.852,33.5465,route.high.reduced.r2.menu-camp,Revealing,2
4177,142646.218,35.3658,route.high.reduced.r2.menu-camp,Idle,2
4178,142690.4425,44.2247,audit.snapshot.route.high.reduced.r2.menu-camp.ready,Idle,2
4179,142714.6099,24.1674,audit.snapshot.route.high.reduced.r2.menu-camp.ready,Idle,2
4180,142748.0223,33.4124,audit.snapshot.route.high.reduced.r2.menu-camp.ready,Idle,2
4181,142793.6927,45.6703,audit.snapshot.route.high.reduced.r2.menu-camp.ready,Idle,2
4182,142813.8801,20.1875,audit.snapshot.route.high.reduced.r2.menu-camp.ready,Idle,2
4183,142843.4218,29.5417,audit.snapshot.route.high.reduced.r2.menu-camp.ready,Idle,2
4184,142874.9268,31.5049,audit.snapshot.route.high.reduced.r2.menu-camp.ready,Idle,2
4185,142923.5833,48.6562,audit.snapshot.route.high.reduced.r2.menu-camp.ready,Idle,2
4186,142938.9747,15.3916,audit.snapshot.route.high.reduced.r2.menu-camp.ready,Idle,2
4187,142974.9384,35.9639,audit.snapshot.route.high.reduced.r2.menu-camp.ready,Idle,2
4188,143006.3978,31.4594,audit.snapshot.route.high.reduced.r2.menu-camp.ready,Idle,2
4189,143043.4533,37.0555,audit.snapshot.route.high.reduced.r2.menu-camp.ready,Idle,2
4190,143069.8492,26.3957,audit.snapshot.route.high.reduced.r2.menu-camp.ready,Idle,2
4191,143098.8463,28.9972,audit.snapshot.route.high.reduced.r2.menu-camp.ready,Idle,2
4192,143127.6857,28.8394,audit.snapshot.route.high.reduced.r2.menu-camp.ready,Idle,2
4193,143176.2788,48.5932,audit.snapshot.route.high.reduced.r2.menu-camp.ready,Idle,2
4194,143191.4563,15.1774,audit.snapshot.route.high.reduced.r2.menu-camp.ready,Idle,2
4195,143221.9034,30.447,audit.snapshot.route.high.reduced.r2.menu-camp.ready,Idle,2
4196,143255.6444,33.7411,audit.snapshot.route.high.reduced.r2.menu-camp.ready,Idle,2
4197,143298.2106,42.566,audit.snapshot.route.high.reduced.r2.menu-camp.ready,Idle,2
4198,143325.8186,27.6083,route.high.reduced.r2.camp-menu,Covering,2
4199,143364.9041,39.0854,route.high.reduced.r2.camp-menu,Covering,2
4200,143395.1415,30.2375,route.high.reduced.r2.camp-menu,Covering,2
4201,143445.763,50.6214,route.high.reduced.r2.camp-menu,Covering,2
4202,143461.2919,15.5289,route.high.reduced.r2.camp-menu,CoveredLoading,2
4203,143483.045,21.7532,route.high.reduced.r2.camp-menu,CoveredLoading,2
4204,143554.3021,71.257,route.high.reduced.r2.camp-menu,CoveredLoading,2
4205,143744.713,190.4106,route.high.reduced.r2.camp-menu,CoveredLoading,2
4206,143875.0041,130.2915,route.high.reduced.r2.camp-menu,CoveredLoading,2
4207,143898.0386,23.0345,route.high.reduced.r2.camp-menu,CoveredLoading,2
4208,143978.9356,80.8969,route.high.reduced.r2.camp-menu,CoveredLoading,2
4209,143996.5454,17.6097,route.high.reduced.r2.camp-menu,CoveredLoading,2
4210,144009.2878,12.7425,route.high.reduced.r2.camp-menu,CoveredLoading,2
4211,144023.0326,13.7448,route.high.reduced.r2.camp-menu,CoveredLoading,2
4212,144045.1196,22.087,route.high.reduced.r2.camp-menu,CoveredLoading,2
4213,144057.1717,12.0521,route.high.reduced.r2.camp-menu,CoveredLoading,2
4214,144076.1909,19.0192,route.high.reduced.r2.camp-menu,CoveredLoading,2
4215,144092.6507,16.4598,route.high.reduced.r2.camp-menu,CoveredLoading,2
4216,144108.8449,16.1941,route.high.reduced.r2.camp-menu,CoveredLoading,2
4217,144125.1471,16.3023,route.high.reduced.r2.camp-menu,CoveredLoading,2
4218,144144.2327,19.0857,route.high.reduced.r2.camp-menu,CoveredLoading,2
4219,144156.37,12.1372,route.high.reduced.r2.camp-menu,CoveredLoading,2
4220,144176.4248,20.0548,route.high.reduced.r2.camp-menu,CoveredLoading,2
4221,144191.9925,15.5677,route.high.reduced.r2.camp-menu,CoveredLoading,2
4222,144208.5812,16.5886,route.high.reduced.r2.camp-menu,CoveredLoading,2
4223,144224.6709,16.0899,route.high.reduced.r2.camp-menu,CoveredLoading,2
4224,144249.2217,24.5508,route.high.reduced.r2.camp-menu,CoveredLoading,2
4225,144276.5716,27.3497,route.high.reduced.r2.camp-menu,Preparing,2
4226,144304.2491,27.6777,route.high.reduced.r2.camp-menu,Preparing,2
4227,144328.7158,24.4665,route.high.reduced.r2.camp-menu,Preparing,2
4228,144356.183,27.4672,route.high.reduced.r2.camp-menu,Preparing,2
4229,144390.3282,34.1453,route.high.reduced.r2.camp-menu,Revealing,2
4230,144410.2593,19.931,route.high.reduced.r2.camp-menu,Revealing,2
4231,144439.984,29.7247,route.high.reduced.r2.camp-menu,Revealing,2
4232,144468.1891,28.2053,route.high.reduced.r2.camp-menu,Revealing,2
4233,144493.8218,25.6327,route.high.reduced.r2.camp-menu,Revealing,2
4234,144522.9873,29.1655,route.high.reduced.r2.camp-menu,Revealing,2
4235,144566.3261,43.3388,route.high.reduced.r2.camp-menu,Revealing,2
4236,144608.4356,42.1094,route.high.reduced.r2.camp-menu,Idle,2
4237,144618.6493,10.2137,audit.snapshot.route.high.reduced.r2.camp-menu.ready,Idle,2
4238,144641.3487,22.6995,audit.snapshot.route.high.reduced.r2.camp-menu.ready,Idle,2
4239,144670.1322,28.7834,audit.snapshot.route.high.reduced.r2.camp-menu.ready,Idle,2
4240,144695.3589,25.2267,audit.snapshot.route.high.reduced.r2.camp-menu.ready,Idle,2
4241,144729.5627,34.2038,audit.snapshot.route.high.reduced.r2.camp-menu.ready,Idle,2
4242,144749.7636,20.2009,audit.snapshot.route.high.reduced.r2.camp-menu.ready,Idle,2
4243,144778.7576,28.9938,audit.snapshot.route.high.reduced.r2.camp-menu.ready,Idle,2
4244,144807.2439,28.4866,audit.snapshot.route.high.reduced.r2.camp-menu.ready,Idle,2
4245,144832.9352,25.6912,audit.snapshot.route.high.reduced.r2.camp-menu.ready,Idle,2
4246,144860.222,27.2868,audit.snapshot.route.high.reduced.r2.camp-menu.ready,Idle,2
4247,144904.2534,44.0314,audit.snapshot.route.high.reduced.r2.camp-menu.ready,Idle,2
4248,144941.6325,37.3791,audit.snapshot.route.high.reduced.r2.camp-menu.ready,Idle,2
4249,144950.7537,9.1212,audit.snapshot.route.high.reduced.r2.camp-menu.ready,Idle,2
4250,144971.9957,21.2421,audit.snapshot.route.high.reduced.r2.camp-menu.ready,Idle,2
4251,144999.2087,27.2128,audit.snapshot.route.high.reduced.r2.camp-menu.ready,Idle,2
4252,145026.4004,27.1918,audit.snapshot.route.high.reduced.r2.camp-menu.ready,Idle,2
4253,145059.666,33.2656,audit.snapshot.route.high.reduced.r2.camp-menu.ready,Idle,2
4254,145081.4543,21.7883,audit.snapshot.route.high.reduced.r2.camp-menu.ready,Idle,2
4255,145109.1782,27.7238,audit.snapshot.route.high.reduced.r2.camp-menu.ready,Idle,2
4256,145137.2095,28.0315,audit.snapshot.route.high.reduced.r2.camp-menu.ready,Idle,2
4257,145164.1693,26.9597,route.high.normal.r3.menu-camp,Covering,2
4258,145219.2,55.0307,route.high.normal.r3.menu-camp,Covering,2
4259,145275.1432,55.9431,route.high.normal.r3.menu-camp,Covering,2
4260,145293.7446,18.6015,route.high.normal.r3.menu-camp,Covering,2
4261,145331.7759,38.0312,route.high.normal.r3.menu-camp,Covering,2
4262,145379.7153,47.9394,route.high.normal.r3.menu-camp,Covering,2
4263,145423.2097,43.4945,route.high.normal.r3.menu-camp,Covering,2
4264,145463.7224,40.5126,route.high.normal.r3.menu-camp,Covering,2
4265,145507.3283,43.6061,route.high.normal.r3.menu-camp,Covering,2
4266,145540.8438,33.5155,route.high.normal.r3.menu-camp,Covering,2
4267,145579.0336,38.1898,route.high.normal.r3.menu-camp,Covering,2
4268,145621.8753,42.8417,route.high.normal.r3.menu-camp,Covering,2
4269,145656.1537,34.2783,route.high.normal.r3.menu-camp,Covering,2
4270,145688.6667,32.513,route.high.normal.r3.menu-camp,Covering,2
4271,145745.7173,57.0506,route.high.normal.r3.menu-camp,Covering,2
4272,145767.3062,21.5889,route.high.normal.r3.menu-camp,Covering,2
4273,145803.3564,36.0503,route.high.normal.r3.menu-camp,Covering,2
4274,145840.3228,36.9663,route.high.normal.r3.menu-camp,Covering,2
4275,145874.1537,33.8309,route.high.normal.r3.menu-camp,Covering,2
4276,145913.3106,39.1569,route.high.normal.r3.menu-camp,Covering,2
4277,145965.1176,51.8071,route.high.normal.r3.menu-camp,Covering,2
4278,145996.9643,31.8466,route.high.normal.r3.menu-camp,Covering,2
4279,146036.9197,39.9554,route.high.normal.r3.menu-camp,Covering,2
4280,146086.3081,49.3885,route.high.normal.r3.menu-camp,Covering,2
4281,146119.4259,33.1177,route.high.normal.r3.menu-camp,Covering,2
4282,146159.9226,40.4968,route.high.normal.r3.menu-camp,Covering,2
4283,146227.897,67.9743,route.high.normal.r3.menu-camp,Covering,2
4284,146257.6183,29.7213,route.high.normal.r3.menu-camp,Covering,2
4285,146303.2398,45.6214,route.high.normal.r3.menu-camp,Covering,2
4286,146349.7313,46.4917,route.high.normal.r3.menu-camp,Covering,2
4287,146393.5513,43.8199,route.high.normal.r3.menu-camp,Covering,2
4288,146432.909,39.3578,route.high.normal.r3.menu-camp,Covering,2
4289,146477.4937,44.5847,route.high.normal.r3.menu-camp,Covering,2
4290,146511.0199,33.5261,route.high.normal.r3.menu-camp,Covering,2
4291,146546.542,35.5221,route.high.normal.r3.menu-camp,Covering,2
4292,146583.6839,37.1419,route.high.normal.r3.menu-camp,Covering,2
4293,146618.1711,34.4872,route.high.normal.r3.menu-camp,Covering,2
4294,146652.8191,34.648,route.high.normal.r3.menu-camp,Covering,2
4295,146709.5421,56.723,route.high.normal.r3.menu-camp,Covering,2
4296,146730.4716,20.9295,route.high.normal.r3.menu-camp,Covering,2
4297,146767.7177,37.2461,route.high.normal.r3.menu-camp,CoveredLoading,2
4298,146784.5592,16.8415,route.high.normal.r3.menu-camp,CoveredLoading,2
4299,146856.2531,71.6939,route.high.normal.r3.menu-camp,CoveredLoading,2
4300,147000.9293,144.6759,route.high.normal.r3.menu-camp,CoveredLoading,2
4301,147045.6845,44.7556,route.high.normal.r3.menu-camp,CoveredLoading,2
4302,147125.6972,80.0126,route.high.normal.r3.menu-camp,CoveredLoading,2
4303,147139.3115,13.6143,route.high.normal.r3.menu-camp,CoveredLoading,2
4304,147215.8803,76.5689,route.high.normal.r3.menu-camp,CoveredLoading,2
4305,147237.1605,21.2801,route.high.normal.r3.menu-camp,CoveredLoading,2
4306,147267.3362,30.1758,route.high.normal.r3.menu-camp,CoveredLoading,2
4307,147282.3819,15.0457,route.high.normal.r3.menu-camp,CoveredLoading,2
4308,147298.3946,16.0126,route.high.normal.r3.menu-camp,CoveredLoading,2
4309,147316.3609,17.9663,route.high.normal.r3.menu-camp,CoveredLoading,2
4310,147354.2088,37.8477,route.high.normal.r3.menu-camp,CoveredLoading,2
4311,147370.5915,16.3829,route.high.normal.r3.menu-camp,CoveredLoading,2
4312,147385.3841,14.7927,route.high.normal.r3.menu-camp,CoveredLoading,2
4313,147399.2349,13.8508,route.high.normal.r3.menu-camp,CoveredLoading,2
4314,147417.6474,18.4123,route.high.normal.r3.menu-camp,CoveredLoading,2
4315,147442.1286,24.4812,route.high.normal.r3.menu-camp,CoveredLoading,2
4316,147463.6498,21.5212,route.high.normal.r3.menu-camp,CoveredLoading,2
4317,147482.5497,18.9,route.high.normal.r3.menu-camp,CoveredLoading,2
4318,147533.7023,51.1526,route.high.normal.r3.menu-camp,Preparing,2
4319,147590.3363,56.634,route.high.normal.r3.menu-camp,Preparing,2
4320,147604.1663,13.8301,route.high.normal.r3.menu-camp,Preparing,2
4321,147647.6376,43.4712,route.high.normal.r3.menu-camp,Preparing,2
4322,147711.8118,64.1743,route.high.normal.r3.menu-camp,Preparing,2
4323,147732.0431,20.2311,route.high.normal.r3.menu-camp,Preparing,2
4324,147776.0994,44.0564,route.high.normal.r3.menu-camp,Revealing,2
4325,147826.1034,50.004,route.high.normal.r3.menu-camp,Revealing,2
4326,147859.9973,33.8939,route.high.normal.r3.menu-camp,Revealing,2
4327,147909.3865,49.3892,route.high.normal.r3.menu-camp,Revealing,2
4328,147966.2035,56.817,route.high.normal.r3.menu-camp,Revealing,2
4329,147988.4057,22.2023,route.high.normal.r3.menu-camp,Revealing,2
4330,148035.5212,47.1155,route.high.normal.r3.menu-camp,Revealing,2
4331,148077.6285,42.1072,route.high.normal.r3.menu-camp,Revealing,2
4332,148125.423,47.7945,route.high.normal.r3.menu-camp,Revealing,2
4333,148152.9516,27.5286,route.high.normal.r3.menu-camp,Revealing,2
4334,148194.7455,41.7939,route.high.normal.r3.menu-camp,Revealing,2
4335,148234.1122,39.3667,route.high.normal.r3.menu-camp,Revealing,2
4336,148295.2699,61.1577,route.high.normal.r3.menu-camp,Revealing,2
4337,148320.5733,25.3034,route.high.normal.r3.menu-camp,Revealing,2
4338,148360.6807,40.1075,route.high.normal.r3.menu-camp,Revealing,2
4339,148397.4253,36.7446,route.high.normal.r3.menu-camp,Revealing,2
4340,148444.2137,46.7884,route.high.normal.r3.menu-camp,Revealing,2
4341,148475.6649,31.4512,route.high.normal.r3.menu-camp,Revealing,2
4342,148509.4446,33.7796,route.high.normal.r3.menu-camp,Revealing,2
4343,148543.3012,33.8566,route.high.normal.r3.menu-camp,Revealing,2
4344,148594.9037,51.6026,route.high.normal.r3.menu-camp,Revealing,2
4345,148654.2329,59.329,route.high.normal.r3.menu-camp,Revealing,2
4346,148665.5051,11.2723,route.high.normal.r3.menu-camp,Revealing,2
4347,148705.6673,40.1623,route.high.normal.r3.menu-camp,Revealing,2
4348,148745.8856,40.218,route.high.normal.r3.menu-camp,Revealing,2
4349,148775.1215,29.2362,route.high.normal.r3.menu-camp,Revealing,2
4350,148807.8547,32.7332,route.high.normal.r3.menu-camp,Revealing,2
4351,148840.5077,32.6529,route.high.normal.r3.menu-camp,Revealing,2
4352,148890.5506,50.043,route.high.normal.r3.menu-camp,Revealing,2
4353,148905.8899,15.3391,route.high.normal.r3.menu-camp,Revealing,2
4354,148936.84,30.9503,route.high.normal.r3.menu-camp,Revealing,2
4355,148969.2161,32.376,route.high.normal.r3.menu-camp,Revealing,2
4356,149008.7737,39.5577,route.high.normal.r3.menu-camp,Revealing,2
4357,149036.583,27.8093,route.high.normal.r3.menu-camp,Revealing,2
4358,149069.2709,32.6877,route.high.normal.r3.menu-camp,Revealing,2
4359,149099.1406,29.8699,route.high.normal.r3.menu-camp,Revealing,2
4360,149146.3489,47.2082,route.high.normal.r3.menu-camp,Revealing,2
4361,149173.4293,27.0805,route.high.normal.r3.menu-camp,Idle,2
4362,149213.884,40.4546,audit.snapshot.route.high.normal.r3.menu-camp.ready,Idle,2
4363,149251.8825,37.9986,audit.snapshot.route.high.normal.r3.menu-camp.ready,Idle,2
4364,149303.1353,51.2528,audit.snapshot.route.high.normal.r3.menu-camp.ready,Idle,2
4365,149333.2823,30.147,audit.snapshot.route.high.normal.r3.menu-camp.ready,Idle,2
4366,149375.0228,41.7404,audit.snapshot.route.high.normal.r3.menu-camp.ready,Idle,2
4367,149410.9144,35.8916,audit.snapshot.route.high.normal.r3.menu-camp.ready,Idle,2
4368,149474.711,63.7966,audit.snapshot.route.high.normal.r3.menu-camp.ready,Idle,2
4369,149490.2349,15.5239,audit.snapshot.route.high.normal.r3.menu-camp.ready,Idle,2
4370,149515.2512,25.0163,audit.snapshot.route.high.normal.r3.menu-camp.ready,Idle,2
4371,149558.6553,43.4041,audit.snapshot.route.high.normal.r3.menu-camp.ready,Idle,2
4372,149604.4727,45.8174,audit.snapshot.route.high.normal.r3.menu-camp.ready,Idle,2
4373,149634.2249,29.7522,audit.snapshot.route.high.normal.r3.menu-camp.ready,Idle,2
4374,149669.4521,35.2271,audit.snapshot.route.high.normal.r3.menu-camp.ready,Idle,2
4375,149701.2779,31.8259,audit.snapshot.route.high.normal.r3.menu-camp.ready,Idle,2
4376,149764.289,63.0112,audit.snapshot.route.high.normal.r3.menu-camp.ready,Idle,2
4377,149783.9836,19.6946,audit.snapshot.route.high.normal.r3.menu-camp.ready,Idle,2
4378,149823.5655,39.5818,audit.snapshot.route.high.normal.r3.menu-camp.ready,Idle,2
4379,149848.6745,25.109,audit.snapshot.route.high.normal.r3.menu-camp.ready,Idle,2
4380,149897.8386,49.1641,audit.snapshot.route.high.normal.r3.menu-camp.ready,Idle,2
4381,149928.6331,30.7945,audit.snapshot.route.high.normal.r3.menu-camp.ready,Idle,2
4382,149974.0263,45.3932,route.high.normal.r3.camp-menu,Covering,2
4383,150026.5187,52.4924,route.high.normal.r3.camp-menu,Covering,2
4384,150085.0234,58.5047,route.high.normal.r3.camp-menu,Covering,2
4385,150104.0377,19.0143,route.high.normal.r3.camp-menu,Covering,2
4386,150144.8579,40.8201,route.high.normal.r3.camp-menu,Covering,2
4387,150188.7629,43.9051,route.high.normal.r3.camp-menu,Covering,2
4388,150228.4836,39.7207,route.high.normal.r3.camp-menu,Covering,2
4389,150260.5038,32.0202,route.high.normal.r3.camp-menu,Covering,2
4390,150298.8379,38.3341,route.high.normal.r3.camp-menu,Covering,2
4391,150344.6506,45.8127,route.high.normal.r3.camp-menu,Covering,2
4392,150378.9261,34.2754,route.high.normal.r3.camp-menu,Covering,2
4393,150400.7378,21.8119,route.high.normal.r3.camp-menu,Covering,2
4394,150439.494,38.7559,route.high.normal.r3.camp-menu,Covering,2
4395,150480.6983,41.2045,route.high.normal.r3.camp-menu,Covering,2
4396,150514.3208,33.6225,route.high.normal.r3.camp-menu,Covering,2
4397,150560.3373,46.0166,route.high.normal.r3.camp-menu,Covering,2
4398,150581.5486,21.2111,route.high.normal.r3.camp-menu,Covering,2
4399,150612.001,30.4526,route.high.normal.r3.camp-menu,Covering,2
4400,150662.5374,50.5363,route.high.normal.r3.camp-menu,Covering,2
4401,150677.505,14.9676,route.high.normal.r3.camp-menu,Covering,2
4402,150727.5462,50.0412,route.high.normal.r3.camp-menu,Covering,2
4403,150760.3034,32.7572,route.high.normal.r3.camp-menu,Covering,2
4404,150806.7163,46.4129,route.high.normal.r3.camp-menu,Covering,2
4405,150843.5175,36.8012,route.high.normal.r3.camp-menu,Covering,2
4406,150903.188,59.6705,route.high.normal.r3.camp-menu,Covering,2
4407,150926.6075,23.4195,route.high.normal.r3.camp-menu,Covering,2
4408,150994.0736,67.4661,route.high.normal.r3.camp-menu,Covering,2
4409,151015.1202,21.0466,route.high.normal.r3.camp-menu,Covering,2
4410,151053.8416,38.7215,route.high.normal.r3.camp-menu,Covering,2
4411,151102.6628,48.8212,route.high.normal.r3.camp-menu,Covering,2
4412,151160.6431,57.9802,route.high.normal.r3.camp-menu,Covering,2
4413,151203.5376,42.8945,route.high.normal.r3.camp-menu,Covering,2
4414,151256.2607,52.7232,route.high.normal.r3.camp-menu,Covering,2
4415,151275.7991,19.5383,route.high.normal.r3.camp-menu,Covering,2
4416,151331.7596,55.9605,route.high.normal.r3.camp-menu,Covering,2
4417,151350.7755,19.016,route.high.normal.r3.camp-menu,Covering,2
4418,151391.2058,40.4302,route.high.normal.r3.camp-menu,Covering,2
4419,151432.1674,40.9616,route.high.normal.r3.camp-menu,Covering,2
4420,151478.1851,46.0177,route.high.normal.r3.camp-menu,Covering,2
4421,151511.4753,33.2902,route.high.normal.r3.camp-menu,Covering,2
4422,151549.9619,38.4866,route.high.normal.r3.camp-menu,CoveredLoading,2
4423,151567.9292,17.9673,route.high.normal.r3.camp-menu,CoveredLoading,2
4424,151652.2595,84.3303,route.high.normal.r3.camp-menu,CoveredLoading,2
4425,151859.49,207.2303,route.high.normal.r3.camp-menu,CoveredLoading,2
4426,151985.1987,125.7089,route.high.normal.r3.camp-menu,CoveredLoading,2
4427,152007.6457,22.4471,route.high.normal.r3.camp-menu,CoveredLoading,2
4428,152065.5386,57.8928,route.high.normal.r3.camp-menu,CoveredLoading,2
4429,152087.8973,22.3587,route.high.normal.r3.camp-menu,CoveredLoading,2
4430,152100.1247,12.2274,route.high.normal.r3.camp-menu,CoveredLoading,2
4431,152117.5391,17.4144,route.high.normal.r3.camp-menu,CoveredLoading,2
4432,152134.2425,16.7035,route.high.normal.r3.camp-menu,CoveredLoading,2
4433,152152.5517,18.3091,route.high.normal.r3.camp-menu,CoveredLoading,2
4434,152168.3243,15.7727,route.high.normal.r3.camp-menu,CoveredLoading,2
4435,152206.3079,37.9833,route.high.normal.r3.camp-menu,CoveredLoading,2
4436,152219.8637,13.556,route.high.normal.r3.camp-menu,CoveredLoading,2
4437,152245.9013,26.0377,route.high.normal.r3.camp-menu,CoveredLoading,2
4438,152258.6017,12.7003,route.high.normal.r3.camp-menu,CoveredLoading,2
4439,152272.2071,13.6055,route.high.normal.r3.camp-menu,CoveredLoading,2
4440,152293.2077,21.0005,route.high.normal.r3.camp-menu,CoveredLoading,2
4441,152313.096,19.8883,route.high.normal.r3.camp-menu,CoveredLoading,2
4442,152332.9348,19.8388,route.high.normal.r3.camp-menu,CoveredLoading,2
4443,152350.0248,17.09,route.high.normal.r3.camp-menu,CoveredLoading,2
4444,152401.7421,51.7174,route.high.normal.r3.camp-menu,CoveredLoading,2
4445,152417.6984,15.9561,route.high.normal.r3.camp-menu,Preparing,2
4446,152452.1089,34.4106,route.high.normal.r3.camp-menu,Preparing,2
4447,152486.3135,34.2046,route.high.normal.r3.camp-menu,Preparing,2
4448,152530.9398,44.6263,route.high.normal.r3.camp-menu,Preparing,2
4449,152558.5815,27.6417,route.high.normal.r3.camp-menu,Preparing,2
4450,152592.896,34.3145,route.high.normal.r3.camp-menu,Preparing,2
4451,152629.3201,36.4241,route.high.normal.r3.camp-menu,Preparing,2
4452,152669.9809,40.6609,route.high.normal.r3.camp-menu,Preparing,2
4453,152709.6787,39.6977,route.high.normal.r3.camp-menu,Revealing,2
4454,152761.8307,52.1521,route.high.normal.r3.camp-menu,Revealing,2
4455,152784.4633,22.6326,route.high.normal.r3.camp-menu,Revealing,2
4456,152828.9952,44.5318,route.high.normal.r3.camp-menu,Revealing,2
4457,152859.5927,30.5975,route.high.normal.r3.camp-menu,Revealing,2
4458,152897.133,37.5404,route.high.normal.r3.camp-menu,Revealing,2
4459,152934.1917,37.0586,route.high.normal.r3.camp-menu,Revealing,2
4460,152978.5561,44.3643,route.high.normal.r3.camp-menu,Revealing,2
4461,153021.2604,42.7045,route.high.normal.r3.camp-menu,Revealing,2
4462,153081.5683,60.3079,route.high.normal.r3.camp-menu,Revealing,2
4463,153121.9904,40.422,route.high.normal.r3.camp-menu,Revealing,2
4464,153158.8514,36.861,route.high.normal.r3.camp-menu,Revealing,2
4465,153205.6909,46.8395,route.high.normal.r3.camp-menu,Revealing,2
4466,153279.7416,74.0507,route.high.normal.r3.camp-menu,Revealing,2
4467,153304.6211,24.8795,route.high.normal.r3.camp-menu,Revealing,2
4468,153363.7442,59.1231,route.high.normal.r3.camp-menu,Revealing,2
4469,153399.8055,36.0613,route.high.normal.r3.camp-menu,Revealing,2
4470,153444.8965,45.091,route.high.normal.r3.camp-menu,Revealing,2
4471,153485.1621,40.2656,route.high.normal.r3.camp-menu,Revealing,2
4472,153527.4764,42.3143,route.high.normal.r3.camp-menu,Revealing,2
4473,153562.0878,34.6114,route.high.normal.r3.camp-menu,Revealing,2
4474,153606.0209,43.9332,route.high.normal.r3.camp-menu,Revealing,2
4475,153640.7917,34.7708,route.high.normal.r3.camp-menu,Revealing,2
4476,153673.9566,33.1648,route.high.normal.r3.camp-menu,Revealing,2
4477,153710.4476,36.4911,route.high.normal.r3.camp-menu,Revealing,2
4478,153767.9028,57.4552,route.high.normal.r3.camp-menu,Revealing,2
4479,153788.5523,20.6494,route.high.normal.r3.camp-menu,Revealing,2
4480,153830.6626,42.1103,route.high.normal.r3.camp-menu,Revealing,2
4481,153857.5471,26.8846,route.high.normal.r3.camp-menu,Revealing,2
4482,153895.1469,37.5998,route.high.normal.r3.camp-menu,Revealing,2
4483,153931.8867,36.7397,route.high.normal.r3.camp-menu,Revealing,2
4484,153980.8432,48.9565,route.high.normal.r3.camp-menu,Revealing,2
4485,154007.1075,26.2643,route.high.normal.r3.camp-menu,Revealing,2
4486,154050.6322,43.5247,route.high.normal.r3.camp-menu,Revealing,2
4487,154083.334,32.7019,route.high.normal.r3.camp-menu,Revealing,2
4488,154111.117,27.783,route.high.normal.r3.camp-menu,Idle,2
4489,154146.2675,35.1505,audit.snapshot.route.high.normal.r3.camp-menu.ready,Idle,2
4490,154198.1273,51.8597,audit.snapshot.route.high.normal.r3.camp-menu.ready,Idle,2
4491,154237.5324,39.4051,audit.snapshot.route.high.normal.r3.camp-menu.ready,Idle,2
4492,154252.5792,15.0468,audit.snapshot.route.high.normal.r3.camp-menu.ready,Idle,2
4493,154271.174,18.5948,audit.snapshot.route.high.normal.r3.camp-menu.ready,Idle,2
4494,154297.6724,26.4985,audit.snapshot.route.high.normal.r3.camp-menu.ready,Idle,2
4495,154323.4032,25.7308,audit.snapshot.route.high.normal.r3.camp-menu.ready,Idle,2
4496,154358.0771,34.6738,audit.snapshot.route.high.normal.r3.camp-menu.ready,Idle,2
4497,154385.0771,27.0001,audit.snapshot.route.high.normal.r3.camp-menu.ready,Idle,2
4498,154419.5431,34.4658,audit.snapshot.route.high.normal.r3.camp-menu.ready,Idle,2
4499,154438.3211,18.7781,audit.snapshot.route.high.normal.r3.camp-menu.ready,Idle,2
4500,154464.7284,26.4074,audit.snapshot.route.high.normal.r3.camp-menu.ready,Idle,2
4501,154490.5432,25.8148,audit.snapshot.route.high.normal.r3.camp-menu.ready,Idle,2
4502,154533.3864,42.8432,audit.snapshot.route.high.normal.r3.camp-menu.ready,Idle,2
4503,154544.7704,11.384,audit.snapshot.route.high.normal.r3.camp-menu.ready,Idle,2
4504,154590.9663,46.1959,audit.snapshot.route.high.normal.r3.camp-menu.ready,Idle,2
4505,154610.8016,19.8352,audit.snapshot.route.high.normal.r3.camp-menu.ready,Idle,2
4506,154640.2007,29.3991,audit.snapshot.route.high.normal.r3.camp-menu.ready,Idle,2
4507,154672.9555,32.7549,audit.snapshot.route.high.normal.r3.camp-menu.ready,Idle,2
4508,154709.5705,36.615,audit.snapshot.route.high.normal.r3.camp-menu.ready,Idle,2
4509,154734.4994,24.9289,route.high.reduced.r3.menu-camp,Covering,2
4510,154779.6545,45.1551,route.high.reduced.r3.menu-camp,Covering,2
4511,154814.6681,35.0135,route.high.reduced.r3.menu-camp,Covering,2
4512,154841.2327,26.5647,route.high.reduced.r3.menu-camp,Covering,2
4513,154880.3644,39.1317,route.high.reduced.r3.menu-camp,Covering,2
4514,154908.5085,28.1441,route.high.reduced.r3.menu-camp,CoveredLoading,2
4515,154926.5498,18.0413,route.high.reduced.r3.menu-camp,CoveredLoading,2
4516,154994.7072,68.1573,route.high.reduced.r3.menu-camp,CoveredLoading,2
4517,155136.1466,141.4391,route.high.reduced.r3.menu-camp,CoveredLoading,2
4518,155181.8224,45.6761,route.high.reduced.r3.menu-camp,CoveredLoading,2
4519,155258.6039,76.7815,route.high.reduced.r3.menu-camp,CoveredLoading,2
4520,155270.4213,11.8174,route.high.reduced.r3.menu-camp,CoveredLoading,2
4521,155342.3063,71.8851,route.high.reduced.r3.menu-camp,CoveredLoading,2
4522,155362.4716,20.1651,route.high.reduced.r3.menu-camp,CoveredLoading,2
4523,155391.0052,28.5337,route.high.reduced.r3.menu-camp,CoveredLoading,2
4524,155409.79,18.7848,route.high.reduced.r3.menu-camp,CoveredLoading,2
4525,155421.6648,11.8748,route.high.reduced.r3.menu-camp,CoveredLoading,2
4526,155441.9918,20.327,route.high.reduced.r3.menu-camp,CoveredLoading,2
4527,155464.975,22.9832,route.high.reduced.r3.menu-camp,CoveredLoading,2
4528,155476.3776,11.4026,route.high.reduced.r3.menu-camp,CoveredLoading,2
4529,155492.601,16.2235,route.high.reduced.r3.menu-camp,CoveredLoading,2
4530,155505.7276,13.1264,route.high.reduced.r3.menu-camp,CoveredLoading,2
4531,155524.2251,18.4976,route.high.reduced.r3.menu-camp,CoveredLoading,2
4532,155543.5891,19.3641,route.high.reduced.r3.menu-camp,CoveredLoading,2
4533,155555.7448,12.1555,route.high.reduced.r3.menu-camp,CoveredLoading,2
4534,155575.4444,19.6996,route.high.reduced.r3.menu-camp,CoveredLoading,2
4535,155611.5609,36.1166,route.high.reduced.r3.menu-camp,CoveredLoading,2
4536,155626.6287,15.0679,route.high.reduced.r3.menu-camp,Preparing,2
4537,155659.5309,32.9022,route.high.reduced.r3.menu-camp,Preparing,2
4538,155693.0924,33.5613,route.high.reduced.r3.menu-camp,Preparing,2
4539,155738.5526,45.4604,route.high.reduced.r3.menu-camp,Revealing,2
4540,155771.2918,32.7391,route.high.reduced.r3.menu-camp,Revealing,2
4541,155786.5599,15.2681,route.high.reduced.r3.menu-camp,Revealing,2
4542,155838.987,52.427,route.high.reduced.r3.menu-camp,Revealing,2
4543,155891.8641,52.8773,route.high.reduced.r3.menu-camp,Revealing,2
4544,155906.372,14.5078,route.high.reduced.r3.menu-camp,Idle,2
4545,155935.5123,29.1403,audit.snapshot.route.high.reduced.r3.menu-camp.ready,Idle,2
4546,155984.4437,48.9315,audit.snapshot.route.high.reduced.r3.menu-camp.ready,Idle,2
4547,155996.2297,11.786,audit.snapshot.route.high.reduced.r3.menu-camp.ready,Idle,2
4548,156026.5595,30.3296,audit.snapshot.route.high.reduced.r3.menu-camp.ready,Idle,2
4549,156070.3326,43.7733,audit.snapshot.route.high.reduced.r3.menu-camp.ready,Idle,2
4550,156098.8872,28.5545,audit.snapshot.route.high.reduced.r3.menu-camp.ready,Idle,2
4551,156126.5745,27.6873,audit.snapshot.route.high.reduced.r3.menu-camp.ready,Idle,2
4552,156157.7285,31.154,audit.snapshot.route.high.reduced.r3.menu-camp.ready,Idle,2
4553,156211.8625,54.134,audit.snapshot.route.high.reduced.r3.menu-camp.ready,Idle,2
4554,156224.7485,12.886,audit.snapshot.route.high.reduced.r3.menu-camp.ready,Idle,2
4555,156260.9768,36.2283,audit.snapshot.route.high.reduced.r3.menu-camp.ready,Idle,2
4556,156287.5161,26.5394,audit.snapshot.route.high.reduced.r3.menu-camp.ready,Idle,2
4557,156315.7598,28.2436,audit.snapshot.route.high.reduced.r3.menu-camp.ready,Idle,2
4558,156343.2994,27.5396,audit.snapshot.route.high.reduced.r3.menu-camp.ready,Idle,2
4559,156374.1066,30.8073,audit.snapshot.route.high.reduced.r3.menu-camp.ready,Idle,2
4560,156411.0429,36.9362,audit.snapshot.route.high.reduced.r3.menu-camp.ready,Idle,2
4561,156443.7604,32.7174,audit.snapshot.route.high.reduced.r3.menu-camp.ready,Idle,2
4562,156474.6854,30.9251,audit.snapshot.route.high.reduced.r3.menu-camp.ready,Idle,2
4563,156503.7685,29.0831,audit.snapshot.route.high.reduced.r3.menu-camp.ready,Idle,2
4564,156532.4666,28.6981,audit.snapshot.route.high.reduced.r3.menu-camp.ready,Idle,2
4565,156598.1617,65.695,route.high.reduced.r3.camp-menu,Covering,2
4566,156615.7455,17.5839,route.high.reduced.r3.camp-menu,Covering,2
4567,156642.9939,27.247,route.high.reduced.r3.camp-menu,Covering,2
4568,156674.3642,31.3717,route.high.reduced.r3.camp-menu,Covering,2
4569,156705.8629,31.4987,route.high.reduced.r3.camp-menu,CoveredLoading,2
4570,156724.3231,18.4602,route.high.reduced.r3.camp-menu,CoveredLoading,2
4571,156818.0422,93.7191,route.high.reduced.r3.camp-menu,CoveredLoading,2
4572,157029.3705,211.3278,route.high.reduced.r3.camp-menu,CoveredLoading,2
4573,157158.9544,129.5845,route.high.reduced.r3.camp-menu,CoveredLoading,2
4574,157181.3231,22.3685,route.high.reduced.r3.camp-menu,CoveredLoading,2
4575,157234.8078,53.4849,route.high.reduced.r3.camp-menu,CoveredLoading,2
4576,157253.5911,18.7833,route.high.reduced.r3.camp-menu,CoveredLoading,2
4577,157266.7317,13.1405,route.high.reduced.r3.camp-menu,CoveredLoading,2
4578,157292.3926,25.6609,route.high.reduced.r3.camp-menu,CoveredLoading,2
4579,157311.4725,19.0797,route.high.reduced.r3.camp-menu,CoveredLoading,2
4580,157328.5752,17.1029,route.high.reduced.r3.camp-menu,CoveredLoading,2
4581,157345.6692,17.0939,route.high.reduced.r3.camp-menu,CoveredLoading,2
4582,157376.4154,30.7459,route.high.reduced.r3.camp-menu,CoveredLoading,2
4583,157388.5844,12.1694,route.high.reduced.r3.camp-menu,CoveredLoading,2
4584,157401.1343,12.5498,route.high.reduced.r3.camp-menu,CoveredLoading,2
4585,157414.4759,13.3417,route.high.reduced.r3.camp-menu,CoveredLoading,2
4586,157439.0865,24.6106,route.high.reduced.r3.camp-menu,CoveredLoading,2
4587,157452.0995,13.0131,route.high.reduced.r3.camp-menu,CoveredLoading,2
4588,157468.9712,16.8714,route.high.reduced.r3.camp-menu,CoveredLoading,2
4589,157481.213,12.242,route.high.reduced.r3.camp-menu,CoveredLoading,2
4590,157502.4998,21.2868,route.high.reduced.r3.camp-menu,CoveredLoading,2
4591,157538.0863,35.5866,route.high.reduced.r3.camp-menu,CoveredLoading,2
4592,157584.4783,46.3919,route.high.reduced.r3.camp-menu,Preparing,2
4593,157600.445,15.9667,route.high.reduced.r3.camp-menu,Preparing,2
4594,157634.4225,33.9775,route.high.reduced.r3.camp-menu,Preparing,2
4595,157662.6422,28.2197,route.high.reduced.r3.camp-menu,Revealing,2
4596,157691.2732,28.631,route.high.reduced.r3.camp-menu,Revealing,2
4597,157737.0526,45.7795,route.high.reduced.r3.camp-menu,Revealing,2
4598,157777.936,40.8834,route.high.reduced.r3.camp-menu,Revealing,2
4599,157811.9697,34.0336,route.high.reduced.r3.camp-menu,Revealing,2
4600,157842.1077,30.138,route.high.reduced.r3.camp-menu,Revealing,2
4601,157877.3995,35.2918,route.high.reduced.r3.camp-menu,Idle,2
4602,157919.9172,42.5177,audit.snapshot.route.high.reduced.r3.camp-menu.ready,Idle,2
4603,157970.1516,50.2343,audit.snapshot.route.high.reduced.r3.camp-menu.ready,Idle,2
4604,158004.3048,34.1533,audit.snapshot.route.high.reduced.r3.camp-menu.ready,Idle,2
4605,158050.9263,46.6213,audit.snapshot.route.high.reduced.r3.camp-menu.ready,Idle,2
4606,158061.6802,10.7541,audit.snapshot.route.high.reduced.r3.camp-menu.ready,Idle,2
4607,158094.1323,32.4522,audit.snapshot.route.high.reduced.r3.camp-menu.ready,Idle,2
4608,158122.1948,28.0624,audit.snapshot.route.high.reduced.r3.camp-menu.ready,Idle,2
4609,158157.2148,35.0201,audit.snapshot.route.high.reduced.r3.camp-menu.ready,Idle,2
4610,158192.2406,35.0257,audit.snapshot.route.high.reduced.r3.camp-menu.ready,Idle,2
4611,158214.1222,21.8816,audit.snapshot.route.high.reduced.r3.camp-menu.ready,Idle,2
4612,158242.1199,27.9976,audit.snapshot.route.high.reduced.r3.camp-menu.ready,Idle,2
4613,158275.1162,32.9965,audit.snapshot.route.high.reduced.r3.camp-menu.ready,Idle,2
4614,158304.4928,29.3765,audit.snapshot.route.high.reduced.r3.camp-menu.ready,Idle,2
4615,158345.891,41.3982,audit.snapshot.route.high.reduced.r3.camp-menu.ready,Idle,2
4616,158384.3522,38.4612,audit.snapshot.route.high.reduced.r3.camp-menu.ready,Idle,2
4617,158395.5815,11.2294,audit.snapshot.route.high.reduced.r3.camp-menu.ready,Idle,2
4618,158425.3721,29.7905,audit.snapshot.route.high.reduced.r3.camp-menu.ready,Idle,2
4619,158459.9913,34.619,audit.snapshot.route.high.reduced.r3.camp-menu.ready,Idle,2
4620,158488.4577,28.4666,audit.snapshot.route.high.reduced.r3.camp-menu.ready,Idle,2
4621,158523.2866,34.8289,audit.snapshot.route.high.reduced.r3.camp-menu.ready,Idle,2
4622,158552.2191,28.9326,route.high.to-spring,Covering,2
4623,158605.3926,53.1734,route.high.to-spring,Covering,2
4624,158631.4892,26.0966,route.high.to-spring,Covering,2
4625,158668.0071,36.5179,route.high.to-spring,Covering,2
4626,158694.0177,26.0106,route.high.to-spring,Covering,2
4627,158744.0447,50.027,route.high.to-spring,Covering,2
4628,158768.759,24.7143,route.high.to-spring,Covering,2
4629,158792.2281,23.4691,route.high.to-spring,Covering,2
4630,158824.2584,32.0304,route.high.to-spring,Covering,2
4631,158856.8054,32.5469,route.high.to-spring,Covering,2
4632,158881.8096,25.0043,route.high.to-spring,Covering,2
4633,158918.2696,36.4599,route.high.to-spring,Covering,2
4634,158960.9389,42.6693,route.high.to-spring,Covering,2
4635,158975.9557,15.0168,route.high.to-spring,Covering,2
4636,159006.9225,30.9668,route.high.to-spring,Covering,2
4637,159036.6722,29.7497,route.high.to-spring,Covering,2
4638,159065.5982,28.926,route.high.to-spring,Covering,2
4639,159110.5589,44.9607,route.high.to-spring,Covering,2
4640,159138.3122,27.7533,route.high.to-spring,Covering,2
4641,159166.8753,28.5632,route.high.to-spring,Covering,2
4642,159202.0154,35.1401,route.high.to-spring,Covering,2
4643,159231.2557,29.2402,route.high.to-spring,Covering,2
4644,159262.177,30.9212,route.high.to-spring,Covering,2
4645,159309.0518,46.8749,route.high.to-spring,Covering,2
4646,159356.29,47.2383,route.high.to-spring,Covering,2
4647,159375.1955,18.9054,route.high.to-spring,Covering,2
4648,159419.2531,44.0576,route.high.to-spring,Covering,2
4649,159452.0781,32.8249,route.high.to-spring,Covering,2
4650,159493.8651,41.7872,route.high.to-spring,Covering,2
4651,159557.1458,63.2806,route.high.to-spring,Covering,2
4652,159586.0768,28.931,route.high.to-spring,Covering,2
4653,159622.0167,35.9399,route.high.to-spring,Covering,2
4654,159653.5416,31.525,route.high.to-spring,Covering,2
4655,159705.3554,51.8137,route.high.to-spring,Covering,2
4656,159737.7767,32.4213,route.high.to-spring,Covering,2
4657,159793.6401,55.8635,route.high.to-spring,Covering,2
4658,159844.5095,50.8694,route.high.to-spring,Covering,2
4659,159871.5913,27.0817,route.high.to-spring,Covering,2
4660,159912.5333,40.9421,route.high.to-spring,Covering,2
4661,159949.7966,37.2632,route.high.to-spring,Covering,2
4662,159994.6651,44.8685,route.high.to-spring,Covering,2
4663,160049.8097,55.1446,route.high.to-spring,Covering,2
4664,160079.3647,29.555,route.high.to-spring,Covering,2
4665,160117.8767,38.5121,route.high.to-spring,Covering,2
4666,160153.1334,35.2566,route.high.to-spring,CoveredLoading,2
4667,160168.4333,15.3,route.high.to-spring,CoveredLoading,2
4668,160242.7049,74.2714,route.high.to-spring,CoveredLoading,2
4669,160400.315,157.61,route.high.to-spring,CoveredLoading,2
4670,160441.5105,41.1957,route.high.to-spring,CoveredLoading,2
4671,160517.8586,76.3481,route.high.to-spring,CoveredLoading,2
4672,160533.7864,15.9278,route.high.to-spring,CoveredLoading,2
4673,160605.8287,72.0423,route.high.to-spring,CoveredLoading,2
4674,160632.6102,26.7816,route.high.to-spring,CoveredLoading,2
4675,160648.5104,15.9001,route.high.to-spring,CoveredLoading,2
4676,160665.8414,17.3311,route.high.to-spring,CoveredLoading,2
4677,160684.1237,18.2823,route.high.to-spring,CoveredLoading,2
4678,160700.9272,16.8032,route.high.to-spring,CoveredLoading,2
4679,160741.2666,40.3394,route.high.to-spring,CoveredLoading,2
4680,160755.1396,13.8732,route.high.to-spring,CoveredLoading,2
4681,160785.7778,30.6382,route.high.to-spring,CoveredLoading,2
4682,160799.7717,13.9939,route.high.to-spring,CoveredLoading,2
4683,160833.4956,33.724,route.high.to-spring,Preparing,2
4684,160870.6994,37.2036,route.high.to-spring,Preparing,2
4685,160905.5198,34.8206,route.high.to-spring,Preparing,2
4686,160944.0217,38.5019,route.high.to-spring,Preparing,2
4687,160997.5446,53.5228,route.high.to-spring,Preparing,2
4688,161014.7797,17.2351,route.high.to-spring,Preparing,2
4689,161049.3715,34.5918,route.high.to-spring,Preparing,2
4690,161100.7465,51.375,route.high.to-spring,Revealing,2
4691,161118.9162,18.1698,route.high.to-spring,Revealing,2
4692,161154.0091,35.0928,route.high.to-spring,Revealing,2
4693,161199.8488,45.8397,route.high.to-spring,Revealing,2
4694,161234.3192,34.4704,route.high.to-spring,Revealing,2
4695,161272.8829,38.5638,route.high.to-spring,Revealing,2
4696,161322.0663,49.1833,route.high.to-spring,Revealing,2
4697,161370.9937,48.9275,route.high.to-spring,Revealing,2
4698,161420.3682,49.3745,route.high.to-spring,Revealing,2
4699,161469.7723,49.404,route.high.to-spring,Revealing,2
4700,161545.5958,75.8236,route.high.to-spring,Revealing,2
4701,161568.866,23.2701,route.high.to-spring,Revealing,2
4702,161618.2637,49.3978,route.high.to-spring,Revealing,2
4703,161662.3984,44.1346,route.high.to-spring,Revealing,2
4704,161699.4052,37.0068,route.high.to-spring,Revealing,2
4705,161745.9661,46.5608,route.high.to-spring,Revealing,2
4706,161787.4977,41.5318,route.high.to-spring,Revealing,2
4707,161828.3004,40.8026,route.high.to-spring,Revealing,2
4708,161880.3617,52.0613,route.high.to-spring,Revealing,2
4709,161899.001,18.6393,route.high.to-spring,Revealing,2
4710,161944.1317,45.1307,route.high.to-spring,Revealing,2
4711,161986.4388,42.3071,route.high.to-spring,Revealing,2
4712,162009.588,23.1492,route.high.to-spring,Revealing,2
4713,162049.299,39.7111,route.high.to-spring,Revealing,2
4714,162082.5892,33.2901,route.high.to-spring,Revealing,2
4715,162111.3366,28.7474,route.high.to-spring,Revealing,2
4716,162142.5166,31.1801,route.high.to-spring,Revealing,2
4717,162182.4001,39.8834,route.high.to-spring,Revealing,2
4718,162226.9811,44.5811,route.high.to-spring,Revealing,2
4719,162241.3896,14.4085,route.high.to-spring,Revealing,2
4720,162271.9859,30.5962,route.high.to-spring,Revealing,2
4721,162298.8214,26.8355,route.high.to-spring,Revealing,2
4722,162332.6445,33.8231,route.high.to-spring,Revealing,2
4723,162358.1496,25.5052,route.high.to-spring,Revealing,2
4724,162387.159,29.0093,route.high.to-spring,Revealing,2
4725,162414.9704,27.8114,route.high.to-spring,Revealing,2
4726,162443.0207,28.0504,route.high.to-spring,Revealing,2
4727,162474.4592,31.4385,route.high.to-spring,Revealing,2
4728,162506.7095,32.2502,route.high.to-spring,Idle,2
4729,162581.2962,74.5868,audit.snapshot.route.high.to-spring.ready,Idle,2
4730,162607.3827,26.0864,audit.snapshot.route.high.to-spring.ready,Idle,2
4731,162637.2747,29.8921,audit.snapshot.route.high.to-spring.ready,Idle,2
4732,162678.1237,40.8489,audit.snapshot.route.high.to-spring.ready,Idle,2
4733,162690.6855,12.5618,audit.snapshot.route.high.to-spring.ready,Idle,2
4734,162716.3743,25.6888,audit.snapshot.route.high.to-spring.ready,Idle,2
4735,162744.5471,28.1727,audit.snapshot.route.high.to-spring.ready,Idle,2
4736,162781.0056,36.4586,audit.snapshot.route.high.to-spring.ready,Idle,2
4737,162809.6794,28.6739,audit.snapshot.route.high.to-spring.ready,Idle,2
4738,162849.604,39.9244,audit.snapshot.route.high.to-spring.ready,Idle,2
4739,162872.8416,23.2376,audit.snapshot.route.high.to-spring.ready,Idle,2
4740,162905.3492,32.5076,audit.snapshot.route.high.to-spring.ready,Idle,2
4741,162935.2008,29.8516,audit.snapshot.route.high.to-spring.ready,Idle,2
4742,162971.1916,35.9909,audit.snapshot.route.high.to-spring.ready,Idle,2
4743,163006.3191,35.1275,audit.snapshot.route.high.to-spring.ready,Idle,2
4744,163044.4479,38.1288,audit.snapshot.route.high.to-spring.ready,Idle,2
4745,163085.099,40.6511,audit.snapshot.route.high.to-spring.ready,Idle,2
4746,163127.1516,42.0527,audit.snapshot.route.high.to-spring.ready,Idle,2
4747,163162.764,35.6123,audit.snapshot.route.high.to-spring.ready,Idle,2
4748,163205.0292,42.2652,audit.snapshot.route.high.to-spring.ready,Idle,2
4749,163243.2419,38.2127,audit.snapshot.route.high.to-spring.ready,Idle,2
4750,163307.9862,64.7443,audit.snapshot.route.high.to-spring.ready,Idle,2
4751,163321.9537,13.9675,audit.snapshot.route.high.to-spring.ready,Idle,2
4752,163360.5191,38.5654,audit.snapshot.route.high.to-spring.ready,Idle,2
4753,163400.0195,39.5004,audit.snapshot.route.high.to-spring.ready,Idle,2
4754,163438.9278,38.9083,audit.snapshot.route.high.to-spring.ready,Idle,2
4755,163477.676,38.7482,audit.snapshot.route.high.to-spring.ready,Idle,2
4756,163515.0081,37.3322,audit.snapshot.route.high.to-spring.ready,Idle,2
4757,163556.1786,41.1703,audit.snapshot.route.high.to-spring.ready,Idle,2
4758,163607.0178,50.8393,audit.snapshot.route.high.to-spring.ready,Idle,2
4759,163634.8768,27.8589,audit.snapshot.route.high.to-spring.ready,Idle,2
4760,163676.7531,41.8764,audit.snapshot.route.high.to-spring.ready,Idle,2
4761,163717.7831,41.03,audit.snapshot.route.high.to-spring.ready,Idle,2
4762,163760.5633,42.7803,audit.snapshot.route.high.to-spring.ready,Idle,2
4763,163800.9248,40.3615,audit.snapshot.route.high.to-spring.ready,Idle,2
4764,163835.6201,34.6952,audit.snapshot.route.high.to-spring.ready,Idle,2
4765,163867.1987,31.5787,audit.snapshot.route.high.to-spring.ready,Idle,2
4766,163909.4167,42.218,audit.snapshot.route.high.to-spring.ready,Idle,2
4767,163944.753,35.3362,audit.snapshot.route.high.to-spring.ready,Idle,2
4768,163984.2751,39.5221,audit.snapshot.route.high.to-spring.ready,Idle,2
4769,164045.5436,61.2686,audit.snapshot.route.high.to-spring.ready,Idle,2
4770,164061.5557,16.012,audit.snapshot.route.high.to-spring.ready,Idle,2
4771,164100.7516,39.1959,audit.snapshot.route.high.to-spring.ready,Idle,2
4772,164142.8296,42.078,audit.snapshot.route.high.to-spring.ready,Idle,2
4773,164178.2407,35.4112,audit.snapshot.route.high.to-spring.ready,Idle,2
4774,164215.8214,37.5806,camp.spring.high.solved,Idle,2
4775,164259.1044,43.2831,camp.spring.high.solved,Idle,2
4776,164303.4718,44.3673,camp.spring.high.solved,Idle,2
4777,164348.2016,44.7298,camp.spring.high.solved,Idle,2
4778,164384.0261,35.8245,camp.spring.high.solved,Idle,2
4779,164445.3364,61.3103,camp.spring.high.solved,Idle,2
4780,164461.7209,16.3845,camp.spring.high.solved,Idle,2
4781,164500.6183,38.8974,camp.spring.high.solved,Idle,2
4782,164542.4854,41.8671,camp.spring.high.solved,Idle,2
4783,164578.4691,35.9837,camp.spring.high.solved,Idle,2
4784,164618.0067,39.5376,camp.spring.high.solved,Idle,2
4785,164659.1797,41.1729,camp.spring.high.solved,Idle,2
4786,164694.7236,35.5441,camp.spring.high.solved,Idle,2
4787,164733.9913,39.2677,camp.spring.high.solved,Idle,2
4788,164776.0248,42.0335,camp.spring.high.solved,Idle,2
4789,164830.9766,54.9516,camp.spring.high.solved,Idle,2
4790,164850.357,19.3803,camp.spring.high.solved,Idle,2
4791,164889.0522,38.6954,camp.spring.high.solved,Idle,2
4792,164927.4302,38.3781,camp.spring.high.solved,Idle,2
4793,164966.6643,39.234,camp.spring.high.solved,Idle,2
4794,165005.1726,38.5083,camp.spring.high.solved,Idle,2
4795,165043.2354,38.0628,camp.spring.high.solved,Idle,2
4796,165083.2222,39.9868,camp.spring.high.solved,Idle,2
4797,165129.976,46.7538,camp.spring.high.solved,Idle,2
4798,165161.4173,31.4413,camp.spring.high.solved,Idle,2
4799,165224.8573,63.4401,camp.spring.high.solved,Idle,2
4800,165243.3878,18.5305,camp.spring.high.solved,Idle,2
4801,165282.7283,39.3404,camp.spring.high.solved,Idle,2
4802,165321.8841,39.1558,camp.spring.high.solved,Idle,2
4803,165360.0375,38.1534,camp.spring.high.solved,Idle,2
4804,165399.7603,39.7228,camp.spring.high.solved,Idle,2
4805,165438.59,38.8297,camp.spring.high.solved,Idle,2
4806,165476.6569,38.0669,camp.spring.high.solved,Idle,2
4807,165515.9641,39.3072,camp.spring.high.solved,Idle,2
4808,165551.138,35.1739,camp.spring.high.solved,Idle,2
4809,165613.4703,62.3322,camp.spring.high.solved,Idle,2
4810,165633.0146,19.5444,camp.spring.high.solved,Idle,2
4811,165671.9532,38.9387,camp.spring.high.solved,Idle,2
4812,165710.4239,38.4707,camp.spring.high.solved,Idle,2
4813,165749.5258,39.1019,camp.spring.high.solved,Idle,2
4814,165788.5415,39.0156,camp.spring.high.solved,Idle,2
4815,165826.4396,37.8982,camp.spring.high.solved,Idle,2
4816,165866.2926,39.8529,camp.spring.high.solved,Idle,2
4817,165913.1248,46.8322,camp.spring.high.solved,Idle,2
4818,165949.2906,36.1657,camp.spring.high.solved,Idle,2
4819,166007.9499,58.6595,camp.spring.high.solved,Idle,2
4820,166026.6212,18.6713,camp.spring.high.solved,Idle,2
4821,166065.9463,39.325,camp.spring.high.solved,Idle,2
4822,166101.0292,35.0829,camp.spring.high.solved,Idle,2
4823,166143.2582,42.229,camp.spring.high.solved,Idle,2
4824,166183.2364,39.9783,camp.spring.high.solved,Idle,2
4825,166222.0299,38.7935,camp.spring.high.solved,Idle,2
4826,166260.2573,38.2274,camp.spring.high.solved,Idle,2
4827,166299.5296,39.2721,camp.spring.high.solved,Idle,2
4828,166338.7588,39.2278,camp.spring.high.solved,Idle,2
4829,166397.5216,58.7644,camp.spring.high.solved,Idle,2
4830,166416.4483,18.9267,camp.spring.high.solved,Idle,2
4831,166455.3456,38.8972,camp.spring.high.solved,Idle,2
4832,166493.6938,38.3482,camp.spring.high.solved,Idle,2
4833,166533.0485,39.3548,camp.spring.high.solved,Idle,2
4834,166571.7146,38.6661,camp.spring.high.solved,Idle,2
4835,166610.3321,38.6174,camp.spring.high.solved,Idle,2
4836,166650.1953,39.8633,camp.spring.high.solved,Idle,2
4837,166696.2044,46.009,camp.spring.high.solved,Idle,2
4838,166728.1916,31.9872,camp.spring.high.solved,Idle,2
4839,166790.5714,62.3798,camp.spring.high.solved,Idle,2
4840,166806.69,16.1185,camp.spring.high.solved,Idle,2
4841,166844.8642,38.1743,camp.spring.high.solved,Idle,2
4842,166883.5266,38.6624,camp.spring.high.solved,Idle,2
4843,166925.8112,42.2845,camp.spring.high.solved,Idle,2
4844,166961.4478,35.6367,camp.spring.high.solved,Idle,2
4845,166998.7155,37.2676,camp.spring.high.solved,Idle,2
4846,167042.5487,43.8334,camp.spring.high.solved,Idle,2
4847,167078.1299,35.5812,camp.spring.high.solved,Idle,2
4848,167117.686,39.556,camp.spring.high.solved,Idle,2
4849,167179.159,61.4727,camp.spring.high.solved,Idle,2
4850,167195.1379,15.9793,camp.spring.high.solved,Idle,2
4851,167234.2808,39.1428,camp.spring.high.solved,Idle,2
4852,167276.2166,41.9359,camp.spring.high.solved,Idle,2
4853,167311.068,34.8514,camp.spring.high.solved,Idle,2
4854,167350.1732,39.1051,camp.spring.high.solved,Idle,2
4855,167388.9437,38.7705,camp.spring.high.solved,Idle,2
4856,167427.2624,38.3187,camp.spring.high.solved,Idle,2
4857,167477.2412,49.9788,camp.spring.high.solved,Idle,2
4858,167509.9223,32.6811,camp.spring.high.solved,Idle,2
4859,167569.1442,59.222,camp.spring.high.solved,Idle,2
4860,167626.4776,57.3333,camp.spring.high.solved,Idle,2
4861,167636.5354,10.0578,camp.spring.high.solved,Idle,2
4862,167667.464,30.9286,camp.spring.high.solved,Idle,2
4863,167709.7793,42.3153,camp.spring.high.solved,Idle,2
4864,167747.7039,37.9245,camp.spring.high.solved,Idle,2
4865,167788.4689,40.7651,camp.spring.high.solved,Idle,2
4866,167826.4853,38.0165,camp.spring.high.solved,Idle,2
4867,167866.1617,39.6762,camp.spring.high.solved,Idle,2
4868,167905.5624,39.4008,camp.spring.high.solved,Idle,2
4869,167964.4669,58.9044,camp.spring.high.solved,Idle,2
4870,167983.2596,18.7928,camp.spring.high.solved,Idle,2
4871,168019.4959,36.2363,camp.spring.high.solved,Idle,2
4872,168060.192,40.6961,camp.spring.high.solved,Idle,2
4873,168099.7642,39.572,camp.spring.high.solved,Idle,2
4874,168138.6914,38.9275,camp.spring.high.solved,Idle,2
4875,168175.8088,37.1174,camp.spring.high.solved,Idle,2
4876,168204.9571,29.1482,camp.spring.high.solved,Idle,2
4877,168251.3154,46.3582,camp.spring.high.solved,Idle,2
4878,168282.9947,31.6794,camp.spring.high.solved,Idle,2
4879,168344.1832,61.1886,camp.spring.high.solved,Idle,2
4880,168360.7547,16.5715,camp.spring.high.solved,Idle,2
4881,168400.311,39.5562,camp.spring.high.solved,Idle,2
4882,168439.4196,39.1087,camp.spring.high.solved,Idle,2
4883,168477.9062,38.4865,camp.spring.high.solved,Idle,2
4884,168509.5476,31.6414,camp.spring.high.solved,Idle,2
4885,168544.8609,35.3132,camp.spring.high.solved,Idle,2
4886,168587.0946,42.2337,camp.spring.high.solved,Idle,2
4887,168634.7453,47.6508,camp.spring.high.solved,Idle,2
4888,168669.6428,34.8975,camp.spring.high.solved,Idle,2
4889,168729.0862,59.4434,camp.spring.high.solved,Idle,2
4890,168749.6579,20.5717,camp.spring.high.solved,Idle,2
4891,168788.6476,38.9897,camp.spring.high.solved,Idle,2
4892,168826.5969,37.9493,camp.spring.high.solved,Idle,2
4893,168866.1046,39.5077,camp.spring.high.solved,Idle,2
4894,168900.9044,34.7998,camp.spring.high.solved,Idle,2
4895,168943.396,42.4917,camp.spring.high.solved,Idle,2
4896,168984.1236,40.7274,camp.spring.high.solved,Idle,2
4897,169029.6308,45.5074,camp.spring.high.solved,Idle,2
4898,169061.6538,32.023,camp.spring.high.solved,Idle,2
4899,169124.3432,62.6894,camp.spring.high.solved,Idle,2
4900,169142.3638,18.0206,camp.spring.high.solved,Idle,2
4901,169177.3724,35.0085,camp.spring.high.solved,Idle,2
4902,169209.2723,31.8999,camp.spring.high.solved,Idle,2
4903,169244.9368,35.6645,camp.spring.high.solved,Idle,2
4904,169284.564,39.627,camp.spring.high.solved,Idle,2
4905,169325.8672,41.3034,camp.spring.high.solved,Idle,2
4906,169361.4649,35.5977,camp.spring.high.solved,Idle,2
4907,169400.9685,39.5036,camp.spring.high.solved,Idle,2
4908,169442.7054,41.737,camp.spring.high.solved,Idle,2
4909,169497.1868,54.4813,camp.spring.high.solved,Idle,2
4910,169517.1231,19.9362,camp.spring.high.solved,Idle,2
4911,169555.651,38.5281,camp.spring.high.solved,Idle,2
4912,169593.6772,38.0261,camp.spring.high.solved,Idle,2
4913,169633.2368,39.5596,camp.spring.high.solved,Idle,2
4914,169671.7852,38.5485,camp.spring.high.solved,Idle,2
4915,169710.0212,38.236,camp.spring.high.solved,Idle,2
4916,169749.8667,39.8454,camp.spring.high.solved,Idle,2
4917,169795.88,46.0134,camp.spring.high.solved,Idle,2
4918,169828.4223,32.542,camp.spring.high.solved,Idle,2
4919,169890.838,62.4159,camp.spring.high.solved,Idle,2
4920,169909.5159,18.6779,camp.spring.high.solved,Idle,2
4921,169944.8521,35.3359,camp.spring.high.solved,Idle,2
4922,169984.4439,39.5919,camp.spring.high.solved,Idle,2
4923,170025.8315,41.3878,camp.spring.high.solved,Idle,2
4924,170058.1353,32.3037,camp.spring.high.solved,Idle,2
4925,170090.2517,32.1165,camp.spring.high.solved,Idle,2
4926,170121.3392,31.0875,camp.spring.high.solved,Idle,2
4927,170152.5465,31.2073,camp.spring.high.solved,Idle,2
4928,170181.7108,29.1642,camp.spring.high.solved,Idle,2
4929,170236.456,54.7453,camp.spring.high.solved,Idle,2
4930,170256.3686,19.9127,camp.spring.high.solved,Idle,2
4931,170301.4584,45.0898,camp.spring.high.solved,Idle,2
4932,170343.0302,41.5717,camp.spring.high.solved,Idle,2
4933,170383.1016,40.0714,camp.spring.high.solved,Idle,2
4934,170421.7857,38.6841,camp.spring.high.solved,Idle,2
4935,170459.8505,38.0649,camp.spring.high.solved,Idle,2
4936,170496.1033,36.2526,camp.spring.high.solved,Idle,2
4937,170545.9542,49.8511,camp.spring.high.solved,Idle,2
4938,170579.2897,33.3354,camp.spring.high.solved,Idle,2
4939,170644.1033,64.8137,camp.spring.high.solved,Idle,2
4940,170660.5872,16.4838,camp.spring.high.solved,Idle,2
4941,170700.4215,39.8344,camp.spring.high.solved,Idle,2
4942,170739.5266,39.105,camp.spring.high.solved,Idle,2
4943,170776.7807,37.2542,camp.spring.high.solved,Idle,2
4944,170816.8446,40.0639,camp.spring.high.solved,Idle,2
4945,170855.8842,39.0396,camp.spring.high.solved,Idle,2
4946,170893.6069,37.7225,camp.spring.high.solved,Idle,2
4947,170933.3853,39.7783,camp.spring.high.solved,Idle,2
4948,170971.5991,38.214,camp.spring.high.solved,Idle,2
4949,171029.9382,58.339,camp.spring.high.solved,Idle,2
4950,171050.9729,21.0347,camp.spring.high.solved,Idle,2
4951,171092.2882,41.3155,camp.spring.high.solved,Idle,2
4952,171127.87,35.5818,camp.spring.high.solved,Idle,2
4953,171167.8496,39.9795,camp.spring.high.solved,Idle,2
4954,171211.4029,43.5534,route.high.to-autumn,Covering,2
4955,171265.3768,53.9736,route.high.to-autumn,Covering,2
4956,171309.821,44.4445,route.high.to-autumn,Covering,2
4957,171360.9665,51.1455,route.high.to-autumn,Covering,2
4958,171404.8272,43.8607,route.high.to-autumn,Covering,2
4959,171469.7563,64.9291,route.high.to-autumn,Covering,2
4960,171494.469,24.7127,route.high.to-autumn,Covering,2
4961,171541.7682,47.2992,route.high.to-autumn,Covering,2
4962,171578.3659,36.5976,route.high.to-autumn,Covering,2
4963,171622.375,44.0092,route.high.to-autumn,Covering,2
4964,171662.6021,40.2271,route.high.to-autumn,Covering,2
4965,171709.2201,46.6179,route.high.to-autumn,Covering,2
4966,171750.4003,41.1802,route.high.to-autumn,Covering,2
4967,171792.5435,42.1432,route.high.to-autumn,Covering,2
4968,171833.7077,41.1642,route.high.to-autumn,Covering,2
4969,171875.898,42.1904,route.high.to-autumn,Covering,2
4970,171917.2717,41.3733,route.high.to-autumn,Covering,2
4971,171960.3342,43.0629,route.high.to-autumn,Covering,2
4972,172006.1981,45.8639,route.high.to-autumn,Covering,2
4973,172053.4006,47.2023,route.high.to-autumn,Covering,2
4974,172104.7284,51.3278,route.high.to-autumn,Covering,2
4975,172155.6996,50.9713,route.high.to-autumn,Covering,2
4976,172197.8867,42.1871,route.high.to-autumn,Covering,2
4977,172250.1915,52.3048,route.high.to-autumn,Covering,2
4978,172292.5897,42.3982,route.high.to-autumn,Covering,2
4979,172365.975,73.3852,route.high.to-autumn,Covering,2
4980,172400.5156,34.5407,route.high.to-autumn,Covering,2
4981,172436.2739,35.7583,route.high.to-autumn,Covering,2
4982,172488.2694,51.9955,route.high.to-autumn,Covering,2
4983,172541.9609,53.6914,route.high.to-autumn,Covering,2
4984,172592.1238,50.1629,route.high.to-autumn,Covering,2
4985,172643.3357,51.212,route.high.to-autumn,Covering,2
4986,172686.0373,42.7016,route.high.to-autumn,Covering,2
4987,172768.3081,82.2708,route.high.to-autumn,Covering,2
4988,172787.993,19.6848,route.high.to-autumn,CoveredLoading,2
4989,172814.6635,26.6706,route.high.to-autumn,CoveredLoading,2
4990,172892.2484,77.5849,route.high.to-autumn,CoveredLoading,2
4991,173089.4693,197.2207,route.high.to-autumn,CoveredLoading,2
4992,173136.0164,46.5471,route.high.to-autumn,CoveredLoading,2
4993,173229.8483,93.8321,route.high.to-autumn,CoveredLoading,2
4994,173246.9671,17.1188,route.high.to-autumn,CoveredLoading,2
4995,173333.3126,86.3454,route.high.to-autumn,CoveredLoading,2
4996,173360.8034,27.4907,route.high.to-autumn,CoveredLoading,2
4997,173381.5557,20.7525,route.high.to-autumn,CoveredLoading,2
4998,173403.7015,22.1458,route.high.to-autumn,CoveredLoading,2
4999,173425.9143,22.2129,route.high.to-autumn,CoveredLoading,2
5000,173456.634,30.7196,route.high.to-autumn,CoveredLoading,2
5001,173471.9324,15.2985,route.high.to-autumn,CoveredLoading,2
5002,173491.9953,20.0627,route.high.to-autumn,CoveredLoading,2
5003,173516.1207,24.1256,route.high.to-autumn,CoveredLoading,2
5004,173573.9037,57.7829,route.high.to-autumn,Preparing,2
5005,173609.2559,35.3522,route.high.to-autumn,Preparing,2
5006,173659.406,50.1502,route.high.to-autumn,Preparing,2
5007,173700.2112,40.805,route.high.to-autumn,Preparing,2
5008,173753.5461,53.3349,route.high.to-autumn,Preparing,2
5009,173804.5489,51.0028,route.high.to-autumn,Preparing,2
5010,173859.4648,54.916,route.high.to-autumn,Revealing,2
5011,173924.6772,65.2125,route.high.to-autumn,Revealing,2
5012,173963.2456,38.5681,route.high.to-autumn,Revealing,2
5013,174011.9783,48.7329,route.high.to-autumn,Revealing,2
5014,174058.5111,46.5326,route.high.to-autumn,Revealing,2
5015,174109.2216,50.7107,route.high.to-autumn,Revealing,2
5016,174180.8167,71.5952,route.high.to-autumn,Revealing,2
5017,174230.1474,49.3306,route.high.to-autumn,Revealing,2
5018,174258.9655,28.8181,route.high.to-autumn,Revealing,2
5019,174309.0029,50.0375,route.high.to-autumn,Revealing,2
5020,174359.4178,50.4149,route.high.to-autumn,Revealing,2
5021,174401.5144,42.0966,route.high.to-autumn,Revealing,2
5022,174451.8019,50.2873,route.high.to-autumn,Revealing,2
5023,174501.0104,49.2086,route.high.to-autumn,Revealing,2
5024,174550.246,49.2357,route.high.to-autumn,Revealing,2
5025,174594.0324,43.7863,route.high.to-autumn,Revealing,2
5026,174638.5597,44.5271,route.high.to-autumn,Revealing,2
5027,174677.9702,39.4107,route.high.to-autumn,Revealing,2
5028,174723.3566,45.3864,route.high.to-autumn,Revealing,2
5029,174769.3905,46.0339,route.high.to-autumn,Revealing,2
5030,174824.3013,54.9109,route.high.to-autumn,Revealing,2
5031,174860.4208,36.1194,route.high.to-autumn,Revealing,2
5032,174892.4116,31.9908,route.high.to-autumn,Revealing,2
5033,174933.3122,40.9005,route.high.to-autumn,Revealing,2
5034,174975.1976,41.8856,route.high.to-autumn,Revealing,2
5035,175011.9328,36.7351,route.high.to-autumn,Revealing,2
5036,175054.9843,43.0515,route.high.to-autumn,Revealing,2
5037,175093.4439,38.4596,route.high.to-autumn,Revealing,2
5038,175151.9786,58.5347,route.high.to-autumn,Revealing,2
5039,175172.4604,20.4818,route.high.to-autumn,Revealing,2
5040,175211.8149,39.3546,route.high.to-autumn,Revealing,2
5041,175256.6881,44.8732,route.high.to-autumn,Idle,2
5042,175379.8919,123.2037,audit.snapshot.route.high.to-autumn.ready,Idle,2
5043,175413.5028,33.6109,audit.snapshot.route.high.to-autumn.ready,Idle,2
5044,175458.1944,44.6916,audit.snapshot.route.high.to-autumn.ready,Idle,2
5045,175492.4302,34.2359,audit.snapshot.route.high.to-autumn.ready,Idle,2
5046,175528.433,36.0026,audit.snapshot.route.high.to-autumn.ready,Idle,2
5047,175567.8396,39.4067,audit.snapshot.route.high.to-autumn.ready,Idle,2
5048,175608.967,41.1274,audit.snapshot.route.high.to-autumn.ready,Idle,2
5049,175644.6492,35.6822,audit.snapshot.route.high.to-autumn.ready,Idle,2
5050,175684.5142,39.8651,audit.snapshot.route.high.to-autumn.ready,Idle,2
5051,175726.3409,41.8264,audit.snapshot.route.high.to-autumn.ready,Idle,2
5052,175780.9341,54.5935,audit.snapshot.route.high.to-autumn.ready,Idle,2
5053,175801.2903,20.3561,audit.snapshot.route.high.to-autumn.ready,Idle,2
5054,175842.4503,41.16,audit.snapshot.route.high.to-autumn.ready,Idle,2
5055,175878.0321,35.5818,audit.snapshot.route.high.to-autumn.ready,Idle,2
5056,175917.7472,39.7151,audit.snapshot.route.high.to-autumn.ready,Idle,2
5057,175965.0215,47.2741,audit.snapshot.route.high.to-autumn.ready,Idle,2
5058,175994.6718,29.6505,audit.snapshot.route.high.to-autumn.ready,Idle,2
5059,176038.0275,43.3558,audit.snapshot.route.high.to-autumn.ready,Idle,2
5060,176075.5069,37.4792,audit.snapshot.route.high.to-autumn.ready,Idle,2
5061,176110.8271,35.3203,audit.snapshot.route.high.to-autumn.ready,Idle,2
5062,176161.6838,50.8567,audit.snapshot.route.high.to-autumn.ready,Idle,2
5063,176194.6226,32.9388,audit.snapshot.route.high.to-autumn.ready,Idle,2
5064,176234.2946,39.672,audit.snapshot.route.high.to-autumn.ready,Idle,2
5065,176275.3865,41.092,audit.snapshot.route.high.to-autumn.ready,Idle,2
5066,176310.9207,35.5341,audit.snapshot.route.high.to-autumn.ready,Idle,2
5067,176368.9005,57.9799,audit.snapshot.route.high.to-autumn.ready,Idle,2
5068,176388.2315,19.331,audit.snapshot.route.high.to-autumn.ready,Idle,2
5069,176426.9233,38.6917,audit.snapshot.route.high.to-autumn.ready,Idle,2
5070,176461.4628,34.5394,audit.snapshot.route.high.to-autumn.ready,Idle,2
5071,176504.321,42.8583,audit.snapshot.route.high.to-autumn.ready,Idle,2
5072,176542.622,38.301,audit.snapshot.route.high.to-autumn.ready,Idle,2
5073,176577.6083,34.9863,audit.snapshot.route.high.to-autumn.ready,Idle,2
5074,176616.8719,39.2636,audit.snapshot.route.high.to-autumn.ready,Idle,2
5075,176655.9379,39.066,audit.snapshot.route.high.to-autumn.ready,Idle,2
5076,176693.9437,38.0058,audit.snapshot.route.high.to-autumn.ready,Idle,2
5077,176733.3331,39.3894,audit.snapshot.route.high.to-autumn.ready,Idle,2
5078,176772.167,38.8339,audit.snapshot.route.high.to-autumn.ready,Idle,2
5079,176809.8524,37.6855,audit.snapshot.route.high.to-autumn.ready,Idle,2
5080,176849.8898,40.0372,audit.snapshot.route.high.to-autumn.ready,Idle,2
5081,176885.1835,35.2938,audit.snapshot.route.high.to-autumn.ready,Idle,2
5082,176925.6963,40.5128,audit.snapshot.route.high.to-autumn.ready,Idle,2
5083,176961.5827,35.8864,audit.snapshot.route.high.to-autumn.ready,Idle,2
5084,177001.5515,39.9687,audit.snapshot.route.high.to-autumn.ready,Idle,2
5085,177048.1799,46.6285,audit.snapshot.route.high.to-autumn.ready,Idle,2
5086,177078.2454,30.0655,audit.snapshot.route.high.to-autumn.ready,Idle,2
5087,177117.7968,39.5514,camp.autumn.high.solved,Idle,2
5088,177159.1942,41.3975,camp.autumn.high.solved,Idle,2
5089,177190.3998,31.2055,camp.autumn.high.solved,Idle,2
5090,177231.2547,40.8548,camp.autumn.high.solved,Idle,2
5091,177271.9976,40.7431,camp.autumn.high.solved,Idle,2
5092,177306.9222,34.9246,camp.autumn.high.solved,Idle,2
5093,177351.2154,44.2931,camp.autumn.high.solved,Idle,2
5094,177392.2859,41.0705,camp.autumn.high.solved,Idle,2
5095,177427.6506,35.3647,camp.autumn.high.solved,Idle,2
5096,177466.7352,39.0846,camp.autumn.high.solved,Idle,2
5097,177505.691,38.9559,camp.autumn.high.solved,Idle,2
5098,177543.3344,37.6433,camp.autumn.high.solved,Idle,2
5099,177582.9168,39.5824,camp.autumn.high.solved,Idle,2
5100,177618.2433,35.3265,camp.autumn.high.solved,Idle,2
5101,177659.7351,41.4918,camp.autumn.high.solved,Idle,2
5102,177694.9928,35.2576,camp.autumn.high.solved,Idle,2
5103,177753.2815,58.2889,camp.autumn.high.solved,Idle,2
5104,177775.4017,22.1201,camp.autumn.high.solved,Idle,2
5105,177811.3665,35.9648,camp.autumn.high.solved,Idle,2
5106,177851.3493,39.9827,camp.autumn.high.solved,Idle,2
5107,177892.366,41.0167,camp.autumn.high.solved,Idle,2
5108,177941.0352,48.6693,camp.autumn.high.solved,Idle,2
5109,177966.6588,25.6233,camp.autumn.high.solved,Idle,2
5110,178009.2537,42.5952,camp.autumn.high.solved,Idle,2
5111,178044.6592,35.4055,camp.autumn.high.solved,Idle,2
5112,178103.9439,59.2848,camp.autumn.high.solved,Idle,2
5113,178125.6025,21.6585,camp.autumn.high.solved,Idle,2
5114,178161.2022,35.5997,camp.autumn.high.solved,Idle,2
5115,178201.6962,40.4939,camp.autumn.high.solved,Idle,2
5116,178242.476,40.7798,camp.autumn.high.solved,Idle,2
5117,178279.0164,36.5406,camp.autumn.high.solved,Idle,2
5118,178321.2708,42.2543,camp.autumn.high.solved,Idle,2
5119,178367.6667,46.3958,camp.autumn.high.solved,Idle,2
5120,178400.345,32.6784,camp.autumn.high.solved,Idle,2
5121,178458.3415,57.9966,camp.autumn.high.solved,Idle,2
5122,178476.8991,18.5576,camp.autumn.high.solved,Idle,2
5123,178516.8091,39.9099,camp.autumn.high.solved,Idle,2
5124,178554.9492,38.1401,camp.autumn.high.solved,Idle,2
5125,178594.4053,39.4562,camp.autumn.high.solved,Idle,2
5126,178634.4809,40.0756,camp.autumn.high.solved,Idle,2
5127,178675.2808,40.7997,camp.autumn.high.solved,Idle,2
5128,178710.7387,35.4581,camp.autumn.high.solved,Idle,2
5129,178750.1289,39.3902,camp.autumn.high.solved,Idle,2
5130,178789.2524,39.1234,camp.autumn.high.solved,Idle,2
5131,178826.5783,37.326,camp.autumn.high.solved,Idle,2
5132,178861.9577,35.3794,camp.autumn.high.solved,Idle,2
5133,178901.5699,39.612,camp.autumn.high.solved,Idle,2
5134,178942.434,40.8643,camp.autumn.high.solved,Idle,2
5135,178977.8449,35.4106,camp.autumn.high.solved,Idle,2
5136,179017.6971,39.8524,camp.autumn.high.solved,Idle,2
5137,179058.9034,41.2061,camp.autumn.high.solved,Idle,2
5138,179094.6006,35.6974,camp.autumn.high.solved,Idle,2
5139,179155.8449,61.2443,camp.autumn.high.solved,Idle,2
5140,179171.4976,15.6528,camp.autumn.high.solved,Idle,2
5141,179209.7542,38.2565,camp.autumn.high.solved,Idle,2
5142,179245.1206,35.3662,camp.autumn.high.solved,Idle,2
5143,179287.7967,42.6763,camp.autumn.high.solved,Idle,2
5144,179345.351,57.5544,camp.autumn.high.solved,Idle,2
5145,179361.1665,15.8154,camp.autumn.high.solved,Idle,2
5146,179404.7282,43.5617,camp.autumn.high.solved,Idle,2
5147,179442.5809,37.8528,camp.autumn.high.solved,Idle,2
5148,179483.2557,40.6747,camp.autumn.high.solved,Idle,2
5149,179527.6905,44.4348,camp.autumn.high.solved,Idle,2
5150,179549.3863,21.6959,camp.autumn.high.solved,Idle,2
5151,179579.7184,30.3319,camp.autumn.high.solved,Idle,2
5152,179610.6266,30.9083,camp.autumn.high.solved,Idle,2
5153,179639.6715,29.0449,camp.autumn.high.solved,Idle,2
5154,179690.2404,50.5686,camp.autumn.high.solved,Idle,2
5155,179709.7097,19.4697,camp.autumn.high.solved,Idle,2
5156,179744.7053,34.9956,camp.autumn.high.solved,Idle,2
5157,179781.471,36.7656,camp.autumn.high.solved,Idle,2
5158,179810.2379,28.767,camp.autumn.high.solved,Idle,2
5159,179841.6816,31.4436,camp.autumn.high.solved,Idle,2
5160,179877.1477,35.4662,camp.autumn.high.solved,Idle,2
5161,179914.9137,37.7658,camp.autumn.high.solved,Idle,2
5162,179954.6092,39.6956,camp.autumn.high.solved,Idle,2
5163,179992.3249,37.7157,camp.autumn.high.solved,Idle,2
5164,180041.2777,48.9529,camp.autumn.high.solved,Idle,2
5165,180071.6526,30.3748,camp.autumn.high.solved,Idle,2
5166,180109.7734,38.1209,camp.autumn.high.solved,Idle,2
5167,180145.0896,35.3161,camp.autumn.high.solved,Idle,2
5168,180184.8436,39.754,camp.autumn.high.solved,Idle,2
5169,180226.3069,41.4633,camp.autumn.high.solved,Idle,2
5170,180261.3459,35.039,camp.autumn.high.solved,Idle,2
5171,180304.4987,43.1529,camp.autumn.high.solved,Idle,2
5172,180342.3861,37.8873,camp.autumn.high.solved,Idle,2
5173,180378.3484,35.9622,camp.autumn.high.solved,Idle,2
5174,180437.0037,58.6554,camp.autumn.high.solved,Idle,2
5175,180457.43,20.4263,camp.autumn.high.solved,Idle,2
5176,180481.9611,24.5311,camp.autumn.high.solved,Idle,2
5177,180510.9703,29.0092,camp.autumn.high.solved,Idle,2
5178,180550.5614,39.591,camp.autumn.high.solved,Idle,2
5179,180589.1936,38.6324,camp.autumn.high.solved,Idle,2
5180,180626.7301,37.5363,camp.autumn.high.solved,Idle,2
5181,180664.6786,37.9486,camp.autumn.high.solved,Idle,2
5182,180705.6172,40.9387,camp.autumn.high.solved,Idle,2
5183,180743.267,37.6498,camp.autumn.high.solved,Idle,2
5184,180783.0821,39.8149,camp.autumn.high.solved,Idle,2
5185,180840.7854,57.7035,camp.autumn.high.solved,Idle,2
5186,180859.8399,19.0544,camp.autumn.high.solved,Idle,2
5187,180895.5492,35.7094,camp.autumn.high.solved,Idle,2
5188,180934.9275,39.3782,camp.autumn.high.solved,Idle,2
5189,180976.1173,41.1898,camp.autumn.high.solved,Idle,2
5190,181012.4667,36.3495,camp.autumn.high.solved,Idle,2
5191,181051.6916,39.2248,camp.autumn.high.solved,Idle,2
5192,181092.9322,41.2405,camp.autumn.high.solved,Idle,2
5193,181140.6698,47.7377,camp.autumn.high.solved,Idle,2
5194,181171.8216,31.1518,camp.autumn.high.solved,Idle,2
5195,181210.0819,38.2603,camp.autumn.high.solved,Idle,2
5196,181249.7191,39.6372,camp.autumn.high.solved,Idle,2
5197,181285.1628,35.4434,camp.autumn.high.solved,Idle,2
5198,181319.1487,33.9862,camp.autumn.high.solved,Idle,2
5199,181343.1208,23.9718,camp.autumn.high.solved,Idle,2
5200,181373.0092,29.8887,camp.autumn.high.solved,Idle,2
5201,181404.723,31.7138,camp.autumn.high.solved,Idle,2
5202,181443.9724,39.2494,camp.autumn.high.solved,Idle,2
5203,181484.1741,40.2017,camp.autumn.high.solved,Idle,2
5204,181523.1266,38.9526,camp.autumn.high.solved,Idle,2
5205,181561.8492,38.7225,camp.autumn.high.solved,Idle,2
5206,181601.2891,39.44,camp.autumn.high.solved,Idle,2
5207,181642.623,41.3339,camp.autumn.high.solved,Idle,2
5208,181678.8402,36.2172,camp.autumn.high.solved,Idle,2
5209,181717.7864,38.9462,camp.autumn.high.solved,Idle,2
5210,181759.2778,41.4913,camp.autumn.high.solved,Idle,2
5211,181807.5785,48.3007,camp.autumn.high.solved,Idle,2
5212,181846.5005,38.9221,camp.autumn.high.solved,Idle,2
5213,181878.2854,31.7849,camp.autumn.high.solved,Idle,2
5214,181917.6777,39.3923,camp.autumn.high.solved,Idle,2
5215,181956.2693,38.5916,camp.autumn.high.solved,Idle,2
5216,181995.131,38.8617,camp.autumn.high.solved,Idle,2
5217,182034.7853,39.6543,camp.autumn.high.solved,Idle,2
5218,182075.8735,41.0882,camp.autumn.high.solved,Idle,2
5219,182111.6104,35.7369,camp.autumn.high.solved,Idle,2
5220,182151.0988,39.4883,camp.autumn.high.solved,Idle,2
5221,182189.8683,38.7695,camp.autumn.high.solved,Idle,2
5222,182227.4623,37.5939,camp.autumn.high.solved,Idle,2
5223,182266.8341,39.3719,camp.autumn.high.solved,Idle,2
5224,182305.4365,38.6024,camp.autumn.high.solved,Idle,2
5225,182343.7881,38.3517,camp.autumn.high.solved,Idle,2
5226,182383.376,39.5878,camp.autumn.high.solved,Idle,2
5227,182421.8392,38.4632,camp.autumn.high.solved,Idle,2
5228,182460.1776,38.3385,camp.autumn.high.solved,Idle,2
5229,182511.0776,50.8999,camp.autumn.high.solved,Idle,2
5230,182548.5413,37.4637,camp.autumn.high.solved,Idle,2
5231,182578.2143,29.6731,camp.autumn.high.solved,Idle,2
5232,182617.9321,39.7176,camp.autumn.high.solved,Idle,2
5233,182659.1804,41.2485,camp.autumn.high.solved,Idle,2
5234,182695.2414,36.061,camp.autumn.high.solved,Idle,2
5235,182734.526,39.2846,camp.autumn.high.solved,Idle,2
5236,182775.9572,41.4311,camp.autumn.high.solved,Idle,2
5237,182811.5599,35.6027,camp.autumn.high.solved,Idle,2
5238,182851.6977,40.1378,camp.autumn.high.solved,Idle,2
5239,182889.5409,37.8433,camp.autumn.high.solved,Idle,2
5240,182927.3609,37.82,camp.autumn.high.solved,Idle,2
5241,182967.0686,39.7076,camp.autumn.high.solved,Idle,2
5242,183008.3813,41.3126,camp.autumn.high.solved,Idle,2
5243,183052.2455,43.8643,camp.autumn.high.solved,Idle,2
5244,183083.9009,31.6554,camp.autumn.high.solved,Idle,2
5245,183122.5611,38.6602,camp.autumn.high.solved,Idle,2
5246,183160.5534,37.9923,camp.autumn.high.solved,Idle,2
5247,183197.5327,36.9792,camp.autumn.high.solved,Idle,2
5248,183254.4569,56.9243,camp.autumn.high.solved,Idle,2
5249,183275.8659,21.409,camp.autumn.high.solved,Idle,2
5250,183311.8043,35.9384,camp.autumn.high.solved,Idle,2
5251,183341.5892,29.7849,camp.autumn.high.solved,Idle,2
5252,183376.9787,35.3895,camp.autumn.high.solved,Idle,2
5253,183416.4498,39.4712,camp.autumn.high.solved,Idle,2
5254,183454.9116,38.4614,camp.autumn.high.solved,Idle,2
5255,183492.969,38.0577,camp.autumn.high.solved,Idle,2
5256,183537.3647,44.3957,camp.autumn.high.solved,Idle,2
5257,183566.8728,29.5082,camp.autumn.high.solved,Idle,2
5258,183605.2277,38.3547,camp.autumn.high.solved,Idle,2
5259,183645.1129,39.8853,camp.autumn.high.solved,Idle,2
5260,183684.3797,39.2669,camp.autumn.high.solved,Idle,2
5261,183722.9517,38.5719,camp.autumn.high.solved,Idle,2
5262,183760.6747,37.723,camp.autumn.high.solved,Idle,2
5263,183800.2883,39.6136,camp.autumn.high.solved,Idle,2
5264,183838.5644,38.2761,camp.autumn.high.solved,Idle,2
5265,183876.6801,38.1157,camp.autumn.high.solved,Idle,2
5266,183927.6,50.9199,camp.autumn.high.solved,Idle,2
5267,183966.8008,39.2009,route.high.to-winter,Covering,2
5268,184024.1967,57.3958,route.high.to-winter,Covering,2
5269,184059.9067,35.71,route.high.to-winter,Covering,2
5270,184100.2439,40.3371,route.high.to-winter,Covering,2
5271,184152.5859,52.3422,route.high.to-winter,Covering,2
5272,184193.3979,40.812,route.high.to-winter,Covering,2
5273,184240.7079,47.3099,route.high.to-winter,Covering,2
5274,184290.9003,50.1924,route.high.to-winter,Covering,2
5275,184327.228,36.3277,route.high.to-winter,Covering,2
5276,184390.6262,63.3982,route.high.to-winter,Covering,2
5277,184410.7207,20.0946,route.high.to-winter,Covering,2
5278,184454.6514,43.9305,route.high.to-winter,Covering,2
5279,184494.3338,39.6824,route.high.to-winter,Covering,2
5280,184538.1283,43.7945,route.high.to-winter,Covering,2
5281,184577.2507,39.1226,route.high.to-winter,Covering,2
5282,184621.2248,43.974,route.high.to-winter,Covering,2
5283,184650.7198,29.4951,route.high.to-winter,Covering,2
5284,184688.7985,38.0786,route.high.to-winter,Covering,2
5285,184756.2722,67.4737,route.high.to-winter,Covering,2
5286,184778.7504,22.4783,route.high.to-winter,Covering,2
5287,184831.3672,52.6168,route.high.to-winter,Covering,2
5288,184868.8387,37.4714,route.high.to-winter,Covering,2
5289,184919.9782,51.1394,route.high.to-winter,Covering,2
5290,184968.612,48.634,route.high.to-winter,Covering,2
5291,185018.5898,49.9778,route.high.to-winter,Covering,2
5292,185069.6336,51.0437,route.high.to-winter,Covering,2
5293,185115.8505,46.2168,route.high.to-winter,Covering,2
5294,185173.1163,57.2658,route.high.to-winter,Covering,2
5295,185209.579,36.4629,route.high.to-winter,Covering,2
5296,185250.9475,41.3684,route.high.to-winter,Covering,2
5297,185303.4695,52.522,route.high.to-winter,Covering,2
5298,185354.7008,51.2314,route.high.to-winter,Covering,2
5299,185405.0112,50.3103,route.high.to-winter,Covering,2
5300,185455.5009,50.4897,route.high.to-winter,Covering,2
5301,185509.2578,53.7569,route.high.to-winter,Covering,2
5302,185562.517,53.2592,route.high.to-winter,CoveredLoading,2
5303,185586.1519,23.6347,route.high.to-winter,CoveredLoading,2
5304,185673.4011,87.2494,route.high.to-winter,CoveredLoading,2
5305,185853.4026,180.0013,route.high.to-winter,CoveredLoading,2
5306,185891.8623,38.4599,route.high.to-winter,CoveredLoading,2
5307,185974.3593,82.4971,route.high.to-winter,CoveredLoading,2
5308,185989.5875,15.2281,route.high.to-winter,CoveredLoading,2
5309,186065.3582,75.7707,route.high.to-winter,CoveredLoading,2
5310,186088.9105,23.5523,route.high.to-winter,CoveredLoading,2
5311,186109.9704,21.06,route.high.to-winter,CoveredLoading,2
5312,186129.1655,19.195,route.high.to-winter,CoveredLoading,2
5313,186149.322,20.1566,route.high.to-winter,CoveredLoading,2
5314,186168.5559,19.2338,route.high.to-winter,CoveredLoading,2
5315,186191.7992,23.2432,route.high.to-winter,CoveredLoading,2
5316,186225.5159,33.7169,route.high.to-winter,CoveredLoading,2
5317,186240.6589,15.143,route.high.to-winter,CoveredLoading,2
5318,186258.8055,18.1466,route.high.to-winter,CoveredLoading,2
5319,186275.0964,16.2908,route.high.to-winter,CoveredLoading,2
5320,186317.7434,42.6471,route.high.to-winter,Preparing,2
5321,186353.856,36.1126,route.high.to-winter,Preparing,2
5322,186392.314,38.4577,route.high.to-winter,Preparing,2
5323,186436.0705,43.7565,route.high.to-winter,Preparing,2
5324,186502.4014,66.3311,route.high.to-winter,Preparing,2
5325,186545.0271,42.6258,route.high.to-winter,Preparing,2
5326,186576.4427,31.4153,route.high.to-winter,Revealing,2
5327,186618.8481,42.4056,route.high.to-winter,Revealing,2
5328,186667.4572,48.6089,route.high.to-winter,Revealing,2
5329,186706.9036,39.4466,route.high.to-winter,Revealing,2
5330,186750.7822,43.8787,route.high.to-winter,Revealing,2
5331,186785.2659,34.4837,route.high.to-winter,Revealing,2
5332,186836.3911,51.1251,route.high.to-winter,Revealing,2
5333,186885.6169,49.2256,route.high.to-winter,Revealing,2
5334,186929.7347,44.118,route.high.to-winter,Revealing,2
5335,186973.6489,43.9142,route.high.to-winter,Revealing,2
5336,187021.5044,47.8555,route.high.to-winter,Revealing,2
5337,187070.7465,49.2421,route.high.to-winter,Revealing,2
5338,187119.0082,48.2617,route.high.to-winter,Revealing,2
5339,187163.7451,44.7369,route.high.to-winter,Revealing,2
5340,187198.678,34.9329,route.high.to-winter,Revealing,2
5341,187242.6282,43.9502,route.high.to-winter,Revealing,2
5342,187285.3758,42.7475,route.high.to-winter,Revealing,2
5343,187327.7044,42.3287,route.high.to-winter,Revealing,2
5344,187367.0156,39.3112,route.high.to-winter,Revealing,2
5345,187402.8405,35.825,route.high.to-winter,Revealing,2
5346,187443.8396,40.999,route.high.to-winter,Revealing,2
5347,187484.4285,40.5889,route.high.to-winter,Revealing,2
5348,187521.9312,37.5027,route.high.to-winter,Revealing,2
5349,187578.0261,56.0949,route.high.to-winter,Revealing,2
5350,187612.822,34.796,route.high.to-winter,Revealing,2
5351,187651.2257,38.4036,route.high.to-winter,Revealing,2
5352,187690.1404,38.9148,route.high.to-winter,Revealing,2
5353,187726.6506,36.5102,route.high.to-winter,Revealing,2
5354,187762.6904,36.0398,route.high.to-winter,Revealing,2
5355,187797.7085,35.0181,route.high.to-winter,Revealing,2
5356,187837.3294,39.6207,route.high.to-winter,Revealing,2
5357,187878.3616,41.0322,route.high.to-winter,Revealing,2
5358,187913.3042,34.9428,route.high.to-winter,Revealing,2
5359,187951.6411,38.3368,route.high.to-winter,Revealing,2
5360,187995.0422,43.4012,route.high.to-winter,Idle,2
5361,188135.8779,140.8355,audit.snapshot.route.high.to-winter.ready,Idle,2
5362,188171.9087,36.031,audit.snapshot.route.high.to-winter.ready,Idle,2
5363,188207.7457,35.8367,audit.snapshot.route.high.to-winter.ready,Idle,2
5364,188241.6538,33.9075,audit.snapshot.route.high.to-winter.ready,Idle,2
5365,188277.0192,35.3662,audit.snapshot.route.high.to-winter.ready,Idle,2
5366,188322.2159,45.1967,audit.snapshot.route.high.to-winter.ready,Idle,2
5367,188331.7025,9.4865,audit.snapshot.route.high.to-winter.ready,Idle,2
5368,188361.083,29.3806,audit.snapshot.route.high.to-winter.ready,Idle,2
5369,188394.5961,33.5131,audit.snapshot.route.high.to-winter.ready,Idle,2
5370,188428.1591,33.5629,audit.snapshot.route.high.to-winter.ready,Idle,2
5371,188462.4739,34.3149,audit.snapshot.route.high.to-winter.ready,Idle,2
5372,188495.0523,32.5784,audit.snapshot.route.high.to-winter.ready,Idle,2
5373,188528.5686,33.5164,audit.snapshot.route.high.to-winter.ready,Idle,2
5374,188557.762,29.1933,audit.snapshot.route.high.to-winter.ready,Idle,2
5375,188607.3021,49.5402,audit.snapshot.route.high.to-winter.ready,Idle,2
5376,188622.9362,15.634,audit.snapshot.route.high.to-winter.ready,Idle,2
5377,188659.7137,36.7776,audit.snapshot.route.high.to-winter.ready,Idle,2
5378,188693.6659,33.9521,audit.snapshot.route.high.to-winter.ready,Idle,2
5379,188727.8395,34.1737,audit.snapshot.route.high.to-winter.ready,Idle,2
5380,188762.2592,34.4197,audit.snapshot.route.high.to-winter.ready,Idle,2
5381,188797.8113,35.5521,audit.snapshot.route.high.to-winter.ready,Idle,2
5382,188833.4914,35.68,audit.snapshot.route.high.to-winter.ready,Idle,2
5383,188872.9809,39.4896,audit.snapshot.route.high.to-winter.ready,Idle,2
5384,188904.9803,31.9994,audit.snapshot.route.high.to-winter.ready,Idle,2
5385,188942.4298,37.4495,audit.snapshot.route.high.to-winter.ready,Idle,2
5386,188976.3707,33.9409,audit.snapshot.route.high.to-winter.ready,Idle,2
5387,189009.9435,33.5727,audit.snapshot.route.high.to-winter.ready,Idle,2
5388,189043.8825,33.9391,audit.snapshot.route.high.to-winter.ready,Idle,2
5389,189077.7565,33.8739,audit.snapshot.route.high.to-winter.ready,Idle,2
5390,189111.2872,33.5307,audit.snapshot.route.high.to-winter.ready,Idle,2
5391,189145.3331,34.0458,audit.snapshot.route.high.to-winter.ready,Idle,2
5392,189182.9864,37.6534,audit.snapshot.route.high.to-winter.ready,Idle,2
5393,189226.2443,43.2579,audit.snapshot.route.high.to-winter.ready,Idle,2
5394,189269.5145,43.2703,audit.snapshot.route.high.to-winter.ready,Idle,2
5395,189288.1223,18.6077,audit.snapshot.route.high.to-winter.ready,Idle,2
5396,189325.6702,37.5479,audit.snapshot.route.high.to-winter.ready,Idle,2
5397,189359.2906,33.6203,audit.snapshot.route.high.to-winter.ready,Idle,2
5398,189392.9331,33.6426,audit.snapshot.route.high.to-winter.ready,Idle,2
5399,189426.4769,33.5437,audit.snapshot.route.high.to-winter.ready,Idle,2
5400,189460.3482,33.8714,audit.snapshot.route.high.to-winter.ready,Idle,2
5401,189494.0391,33.6909,audit.snapshot.route.high.to-winter.ready,Idle,2
5402,189527.6028,33.5637,audit.snapshot.route.high.to-winter.ready,Idle,2
5403,189561.4738,33.871,audit.snapshot.route.high.to-winter.ready,Idle,2
5404,189594.8966,33.4228,audit.snapshot.route.high.to-winter.ready,Idle,2
5405,189632.4063,37.5097,audit.snapshot.route.high.to-winter.ready,Idle,2
5406,189661.9753,29.5691,camp.winter.high.solved,Idle,2
5407,189694.9578,32.9825,camp.winter.high.solved,Idle,2
5408,189736.8564,41.8985,camp.winter.high.solved,Idle,2
5409,189764.7177,27.8613,camp.winter.high.solved,Idle,2
5410,189828.2339,63.5163,camp.winter.high.solved,Idle,2
5411,189843.8561,15.6221,camp.winter.high.solved,Idle,2
5412,189877.6678,33.8118,camp.winter.high.solved,Idle,2
5413,189911.2931,33.6252,camp.winter.high.solved,Idle,2
5414,189944.9375,33.6445,camp.winter.high.solved,Idle,2
5415,189978.4235,33.4858,camp.winter.high.solved,Idle,2
5416,190013.8556,35.4322,camp.winter.high.solved,Idle,2
5417,190048.0712,34.2155,camp.winter.high.solved,Idle,2
5418,190082.1949,34.1236,camp.winter.high.solved,Idle,2
5419,190118.5095,36.3148,camp.winter.high.solved,Idle,2
5420,190154.3812,35.8717,camp.winter.high.solved,Idle,2
5421,190187.6691,33.2878,camp.winter.high.solved,Idle,2
5422,190221.2053,33.5363,camp.winter.high.solved,Idle,2
5423,190276.9031,55.6978,camp.winter.high.solved,Idle,2
5424,190293.4606,16.5576,camp.winter.high.solved,Idle,2
5425,190335.4789,42.0181,camp.winter.high.solved,Idle,2
5426,190360.4755,24.9967,camp.winter.high.solved,Idle,2
5427,190394.4009,33.9254,camp.winter.high.solved,Idle,2
5428,190427.9813,33.5805,camp.winter.high.solved,Idle,2
5429,190461.3706,33.3892,camp.winter.high.solved,Idle,2
5430,190495.4057,34.0351,camp.winter.high.solved,Idle,2
5431,190528.5027,33.097,camp.winter.high.solved,Idle,2
5432,190561.8892,33.3866,camp.winter.high.solved,Idle,2
5433,190598.2406,36.3511,camp.winter.high.solved,Idle,2
5434,190631.2658,33.0251,camp.winter.high.solved,Idle,2
5435,190665.9146,34.649,camp.winter.high.solved,Idle,2
5436,190701.204,35.2895,camp.winter.high.solved,Idle,2
5437,190739.3398,38.1358,camp.winter.high.solved,Idle,2
5438,190775.9314,36.5916,camp.winter.high.solved,Idle,2
5439,190828.6766,52.7452,camp.winter.high.solved,Idle,2
5440,190866.9088,38.2321,camp.winter.high.solved,Idle,2
5441,190882.3494,15.4407,camp.winter.high.solved,Idle,2
5442,190911.8306,29.4812,camp.winter.high.solved,Idle,2
5443,190947.9846,36.154,camp.winter.high.solved,Idle,2
5444,190978.1566,30.1719,camp.winter.high.solved,Idle,2
5445,191004.7107,26.5543,camp.winter.high.solved,Idle,2
5446,191041.4448,36.734,camp.winter.high.solved,Idle,2
5447,191073.2477,31.8029,camp.winter.high.solved,Idle,2
5448,191101.4028,28.155,camp.winter.high.solved,Idle,2
5449,191136.6651,35.2624,camp.winter.high.solved,Idle,2
5450,191173.9349,37.2698,camp.winter.high.solved,Idle,2
5451,191208.7683,34.8335,camp.winter.high.solved,Idle,2
5452,191242.9093,34.1408,camp.winter.high.solved,Idle,2
5453,191274.6332,31.7241,camp.winter.high.solved,Idle,2
5454,191306.1564,31.5231,camp.winter.high.solved,Idle,2
5455,191343.7828,37.6264,camp.winter.high.solved,Idle,2
5456,191377.2209,33.4381,camp.winter.high.solved,Idle,2
5457,191426.686,49.4651,camp.winter.high.solved,Idle,2
5458,191450.1472,23.4611,camp.winter.high.solved,Idle,2
5459,191481.6987,31.5514,camp.winter.high.solved,Idle,2
5460,191518.2212,36.5227,camp.winter.high.solved,Idle,2
5461,191555.0218,36.8006,camp.winter.high.solved,Idle,2
5462,191592.3095,37.2877,camp.winter.high.solved,Idle,2
5463,191626.1121,33.8027,camp.winter.high.solved,Idle,2
5464,191659.4155,33.3032,camp.winter.high.solved,Idle,2
5465,191691.628,32.2126,camp.winter.high.solved,Idle,2
5466,191726.6203,34.9922,camp.winter.high.solved,Idle,2
5467,191760.9791,34.359,camp.winter.high.solved,Idle,2
5468,191794.378,33.3986,camp.winter.high.solved,Idle,2
5469,191828.1424,33.7646,camp.winter.high.solved,Idle,2
5470,191861.9972,33.8548,camp.winter.high.solved,Idle,2
5471,191931.5527,69.5555,camp.winter.high.solved,Idle,2
5472,191944.4756,12.923,camp.winter.high.solved,Idle,2
5473,191986.5026,42.027,camp.winter.high.solved,Idle,2
5474,192022.1223,35.6196,camp.winter.high.solved,Idle,2
5475,192077.4925,55.3703,camp.winter.high.solved,Idle,2
5476,192116.6182,39.1256,camp.winter.high.solved,Idle,2
5477,192130.1766,13.5584,camp.winter.high.solved,Idle,2
5478,192161.6059,31.4293,camp.winter.high.solved,Idle,2
5479,192195.2491,33.6432,camp.winter.high.solved,Idle,2
5480,192228.3043,33.0553,camp.winter.high.solved,Idle,2
5481,192261.7424,33.438,camp.winter.high.solved,Idle,2
5482,192299.4312,37.6888,camp.winter.high.solved,Idle,2
5483,192332.6982,33.2669,camp.winter.high.solved,Idle,2
5484,192366.4851,33.7871,camp.winter.high.solved,Idle,2
5485,192400.0877,33.6026,camp.winter.high.solved,Idle,2
5486,192431.7584,31.6706,camp.winter.high.solved,Idle,2
5487,192465.6121,33.8537,camp.winter.high.solved,Idle,2
5488,192522.8529,57.2408,camp.winter.high.solved,Idle,2
5489,192537.3416,14.4887,camp.winter.high.solved,Idle,2
5490,192575.4506,38.1091,camp.winter.high.solved,Idle,2
5491,192609.4345,33.9839,camp.winter.high.solved,Idle,2
5492,192643.3036,33.8691,camp.winter.high.solved,Idle,2
5493,192677.3714,34.0677,camp.winter.high.solved,Idle,2
5494,192711.0127,33.6413,camp.winter.high.solved,Idle,2
5495,192744.9428,33.9301,camp.winter.high.solved,Idle,2
5496,192783.4699,38.527,camp.winter.high.solved,Idle,2
5497,192817.4961,34.0262,camp.winter.high.solved,Idle,2
5498,192851.159,33.6628,camp.winter.high.solved,Idle,2
5499,192896.1819,45.0232,camp.winter.high.solved,Idle,2
5500,192926.1445,29.9625,camp.winter.high.solved,Idle,2
5501,192980.5832,54.4386,camp.winter.high.solved,Idle,2
5502,192999.4859,18.9027,camp.winter.high.solved,Idle,2
5503,193033.6685,34.1828,camp.winter.high.solved,Idle,2
5504,193066.9527,33.2841,camp.winter.high.solved,Idle,2
5505,193106.7741,39.8213,camp.winter.high.solved,Idle,2
5506,193140.2308,33.4568,camp.winter.high.solved,Idle,2
5507,193175.4357,35.205,camp.winter.high.solved,Idle,2
5508,193209.9073,34.4715,camp.winter.high.solved,Idle,2
5509,193241.3068,31.3995,camp.winter.high.solved,Idle,2
5510,193277.931,36.6243,camp.winter.high.solved,Idle,2
5511,193317.0819,39.1504,camp.winter.high.solved,Idle,2
5512,193349.7979,32.7165,camp.winter.high.solved,Idle,2
5513,193383.7666,33.9685,camp.winter.high.solved,Idle,2
5514,193416.9857,33.2192,camp.winter.high.solved,Idle,2
5515,193450.5985,33.6125,camp.winter.high.solved,Idle,2
5516,193488.9534,38.3553,camp.winter.high.solved,Idle,2
5517,193521.912,32.9583,camp.winter.high.solved,Idle,2
5518,193559.4209,37.5092,camp.winter.high.solved,Idle,2
5519,193592.6305,33.2095,camp.winter.high.solved,Idle,2
5520,193626.3217,33.6913,camp.winter.high.solved,Idle,2
5521,193660.1703,33.8484,camp.winter.high.solved,Idle,2
5522,193694.0265,33.8563,camp.winter.high.solved,Idle,2
5523,193728.4119,34.3854,camp.winter.high.solved,Idle,2
5524,193761.6181,33.2063,camp.winter.high.solved,Idle,2
5525,193794.8255,33.2073,camp.winter.high.solved,Idle,2
5526,193831.0395,36.2139,camp.winter.high.solved,Idle,2
5527,193866.2428,35.2034,camp.winter.high.solved,Idle,2
5528,193900.1159,33.8731,camp.winter.high.solved,Idle,2
5529,193933.7859,33.6699,camp.winter.high.solved,Idle,2
5530,193966.9665,33.1805,camp.winter.high.solved,Idle,2
5531,194000.3993,33.433,camp.winter.high.solved,Idle,2
5532,194037.4552,37.0559,camp.winter.high.solved,Idle,2
5533,194079.9101,42.4549,camp.winter.high.solved,Idle,2
5534,194129.9106,50.0006,camp.winter.high.solved,Idle,2
5535,194149.6817,19.7708,camp.winter.high.solved,Idle,2
5536,194183.2486,33.567,camp.winter.high.solved,Idle,2
5537,194217.1484,33.8996,camp.winter.high.solved,Idle,2
5538,194250.6003,33.4522,camp.winter.high.solved,Idle,2
5539,194283.9978,33.3975,camp.winter.high.solved,Idle,2
5540,194317.4981,33.5003,camp.winter.high.solved,Idle,2
5541,194351.3033,33.805,camp.winter.high.solved,Idle,2
5542,194393.3871,42.0839,camp.winter.high.solved,Idle,2
5543,194427.333,33.946,camp.winter.high.solved,Idle,2
5544,194461.1292,33.7962,camp.winter.high.solved,Idle,2
5545,194494.8417,33.7124,camp.winter.high.solved,Idle,2
5546,194527.9767,33.135,camp.winter.high.solved,Idle,2
5547,194566.4877,38.5112,camp.winter.high.solved,Idle,2
5548,194600.6383,34.1505,camp.winter.high.solved,Idle,2
5549,194633.5527,32.9144,camp.winter.high.solved,Idle,2
5550,194672.4972,38.9445,camp.winter.high.solved,Idle,2
5551,194705.1763,32.6791,camp.winter.high.solved,Idle,2
5552,194740.1789,35.0026,camp.winter.high.solved,Idle,2
5553,194776.2287,36.0498,camp.winter.high.solved,Idle,2
5554,194809.3248,33.0961,camp.winter.high.solved,Idle,2
5555,194843.1495,33.8247,camp.winter.high.solved,Idle,2
5556,194876.7204,33.5707,camp.winter.high.solved,Idle,2
5557,194910.9047,34.1845,camp.winter.high.solved,Idle,2
5558,194945.2069,34.3021,camp.winter.high.solved,Idle,2
5559,195000.8073,55.6006,camp.winter.high.solved,Idle,2
5560,195015.7991,14.9916,camp.winter.high.solved,Idle,2
5561,195068.6857,52.8866,camp.winter.high.solved,Idle,2
5562,195082.8507,14.1651,camp.winter.high.solved,Idle,2
5563,195116.6879,33.8371,camp.winter.high.solved,Idle,2
5564,195149.9655,33.2774,camp.winter.high.solved,Idle,2
5565,195183.4401,33.4748,camp.winter.high.solved,Idle,2
5566,195216.8848,33.4447,camp.winter.high.solved,Idle,2
5567,195250.7224,33.8375,camp.winter.high.solved,Idle,2
5568,195289.3093,38.5871,camp.winter.high.solved,Idle,2
5569,195322.0517,32.7424,camp.winter.high.solved,Idle,2
5570,195356.774,34.7223,camp.winter.high.solved,Idle,2
5571,195392.7372,35.9631,camp.winter.high.solved,Idle,2
5572,195426.0927,33.3557,camp.winter.high.solved,Idle,2
5573,195461.6186,35.5258,camp.winter.high.solved,Idle,2
5574,195485.3969,23.7784,camp.winter.high.solved,Idle,2
5575,195521.478,36.0811,camp.winter.high.solved,Idle,2
5576,195555.8012,34.3231,camp.winter.high.solved,Idle,2
5577,195612.2474,56.4463,camp.winter.high.solved,Idle,2
5578,195626.5806,14.3331,camp.winter.high.solved,Idle,2
5579,195660.4139,33.8334,camp.winter.high.solved,Idle,2
5580,195694.4492,34.0353,camp.winter.high.solved,Idle,2
5581,195728.0705,33.6212,camp.winter.high.solved,Idle,2
5582,195761.7335,33.663,camp.winter.high.solved,Idle,2
5583,195795.1577,33.4243,camp.winter.high.solved,Idle,2
5584,195832.611,37.4531,camp.winter.high.solved,Idle,2
5585,195864.1439,31.533,camp.winter.high.solved,Idle,2
5586,195899.5881,35.4443,route.high.to-late-haven,Covering,2
5587,195956.623,57.0348,route.high.to-late-haven,Covering,2
5588,195991.2674,34.6443,route.high.to-late-haven,Covering,2
5589,196023.5464,32.2792,route.high.to-late-haven,Covering,2
5590,196060.428,36.8816,route.high.to-late-haven,Covering,2
5591,196099.8196,39.3916,route.high.to-late-haven,Covering,2
5592,196134.622,34.8023,route.high.to-late-haven,Covering,2
5593,196175.0988,40.4769,route.high.to-late-haven,Covering,2
5594,196218.8802,43.781,route.high.to-late-haven,Covering,2
5595,196247.78,28.9001,route.high.to-late-haven,Covering,2
5596,196289.5461,41.7661,route.high.to-late-haven,Covering,2
5597,196326.3725,36.8264,route.high.to-late-haven,Covering,2
5598,196379.9598,53.5873,route.high.to-late-haven,Covering,2
5599,196398.2029,18.2431,route.high.to-late-haven,Covering,2
5600,196439.8508,41.6479,route.high.to-late-haven,Covering,2
5601,196476.6012,36.7504,route.high.to-late-haven,Covering,2
5602,196515.6159,39.0147,route.high.to-late-haven,Covering,2
5603,196554.8171,39.2011,route.high.to-late-haven,Covering,2
5604,196593.6064,38.7894,route.high.to-late-haven,Covering,2
5605,196631.4538,37.8473,route.high.to-late-haven,Covering,2
5606,196658.0452,26.5915,route.high.to-late-haven,Covering,2
5607,196700.3442,42.299,route.high.to-late-haven,Covering,2
5608,196773.0636,72.7194,route.high.to-late-haven,Covering,2
5609,196793.0146,19.9511,route.high.to-late-haven,Covering,2
5610,196830.5834,37.5687,route.high.to-late-haven,Covering,2
5611,196867.565,36.9816,route.high.to-late-haven,Covering,2
5612,196920.1046,52.5396,route.high.to-late-haven,Covering,2
5613,196961.1994,41.0945,route.high.to-late-haven,Covering,2
5614,197020.7667,59.5676,route.high.to-late-haven,Covering,2
5615,197074.3314,53.5647,route.high.to-late-haven,Covering,2
5616,197109.6408,35.3094,route.high.to-late-haven,Covering,2
5617,197149.9083,40.2675,route.high.to-late-haven,Covering,2
5618,197201.5156,51.6073,route.high.to-late-haven,Covering,2
5619,197262.4801,60.9646,route.high.to-late-haven,Covering,2
5620,197302.4681,39.9879,route.high.to-late-haven,Covering,2
5621,197346.9751,44.507,route.high.to-late-haven,Covering,2
5622,197384.8327,37.8575,route.high.to-late-haven,Covering,2
5623,197431.6416,46.809,route.high.to-late-haven,Covering,2
5624,197495.1189,63.4773,route.high.to-late-haven,Covering,2
5625,197518.4811,23.3622,route.high.to-late-haven,CoveredLoading,2
5626,197542.3666,23.8855,route.high.to-late-haven,CoveredLoading,2
5627,197637.868,95.5015,route.high.to-late-haven,CoveredLoading,2
5628,197823.4477,185.5794,route.high.to-late-haven,CoveredLoading,2
5629,197867.1491,43.7016,route.high.to-late-haven,CoveredLoading,2
5630,197954.8984,87.7493,route.high.to-late-haven,CoveredLoading,2
5631,197972.4282,17.5298,route.high.to-late-haven,CoveredLoading,2
5632,198044.5685,72.1404,route.high.to-late-haven,CoveredLoading,2
5633,198072.4044,27.8359,route.high.to-late-haven,CoveredLoading,2
5634,198088.3951,15.9906,route.high.to-late-haven,CoveredLoading,2
5635,198109.9462,21.5511,route.high.to-late-haven,CoveredLoading,2
5636,198135.4474,25.5012,route.high.to-late-haven,CoveredLoading,2
5637,198160.3492,24.9017,route.high.to-late-haven,CoveredLoading,2
5638,198183.9143,23.5651,route.high.to-late-haven,CoveredLoading,2
5639,198209.2378,25.3236,route.high.to-late-haven,CoveredLoading,2
5640,198235.369,26.1312,route.high.to-late-haven,CoveredLoading,2
5641,198259.0345,23.6656,route.high.to-late-haven,CoveredLoading,2
5642,198285.7399,26.7053,route.high.to-late-haven,CoveredLoading,2
5643,198310.4199,24.68,route.high.to-late-haven,CoveredLoading,2
5644,198337.0924,26.6725,route.high.to-late-haven,CoveredLoading,2
5645,198361.6493,24.5568,route.high.to-late-haven,CoveredLoading,2
5646,198385.9143,24.2651,route.high.to-late-haven,CoveredLoading,2
5647,198410.0219,24.1077,route.high.to-late-haven,CoveredLoading,2
5648,198457.212,47.1901,route.high.to-late-haven,CoveredLoading,2
5649,198495.7817,38.5696,route.high.to-late-haven,Preparing,2
5650,198559.4327,63.6511,route.high.to-late-haven,Preparing,2
5651,198596.9442,37.5115,route.high.to-late-haven,Preparing,2
5652,198651.3697,54.4254,route.high.to-late-haven,Preparing,2
5653,198702.1701,50.8004,route.high.to-late-haven,Preparing,2
5654,198780.223,78.0529,route.high.to-late-haven,Revealing,2
5655,198804.9964,24.7734,route.high.to-late-haven,Revealing,2
5656,198852.5615,47.5652,route.high.to-late-haven,Revealing,2
5657,198910.6957,58.1342,route.high.to-late-haven,Revealing,2
5658,198955.4894,44.7936,route.high.to-late-haven,Revealing,2
5659,199035.3075,79.8181,route.high.to-late-haven,Revealing,2
5660,199063.0383,27.7309,route.high.to-late-haven,Revealing,2
5661,199113.8452,50.8067,route.high.to-late-haven,Revealing,2
5662,199195.3328,81.4878,route.high.to-late-haven,Revealing,2
5663,199246.7694,51.4366,route.high.to-late-haven,Revealing,2
5664,199302.2925,55.5231,route.high.to-late-haven,Revealing,2
5665,199326.5508,24.2582,route.high.to-late-haven,Revealing,2
5666,199376.4496,49.8989,route.high.to-late-haven,Revealing,2
5667,199424.9101,48.4605,route.high.to-late-haven,Revealing,2
5668,199484.4879,59.5778,route.high.to-late-haven,Revealing,2
5669,199516.8578,32.3698,route.high.to-late-haven,Revealing,2
5670,199566.5161,49.6583,route.high.to-late-haven,Revealing,2
5671,199611.3589,44.8426,route.high.to-late-haven,Revealing,2
5672,199663.0419,51.6832,route.high.to-late-haven,Revealing,2
5673,199698.9355,35.8936,route.high.to-late-haven,Revealing,2
5674,199748.9395,50.0039,route.high.to-late-haven,Revealing,2
5675,199792.0254,43.0861,route.high.to-late-haven,Revealing,2
5676,199833.4599,41.4344,route.high.to-late-haven,Revealing,2
5677,199896.7542,63.2944,route.high.to-late-haven,Revealing,2
5678,199940.4185,43.6643,route.high.to-late-haven,Revealing,2
5679,199960.4055,19.987,route.high.to-late-haven,Revealing,2
5680,200028.5222,68.1166,route.high.to-late-haven,Revealing,2
5681,200073.2024,44.6803,route.high.to-late-haven,Revealing,2
5682,200093.3324,20.13,route.high.to-late-haven,Revealing,2
5683,200137.8561,44.5237,route.high.to-late-haven,Revealing,2
5684,200181.1493,43.2931,route.high.to-late-haven,Idle,2
5685,200319.4076,138.2584,audit.snapshot.route.high.to-late-haven.ready,Idle,2
5686,200380.6268,61.2192,audit.snapshot.route.high.to-late-haven.ready,Idle,2
5687,200404.018,23.3911,audit.snapshot.route.high.to-late-haven.ready,Idle,2
5688,200463.4079,59.3899,audit.snapshot.route.high.to-late-haven.ready,Idle,2
5689,200507.311,43.9031,audit.snapshot.route.high.to-late-haven.ready,Idle,2
5690,200525.8449,18.5338,audit.snapshot.route.high.to-late-haven.ready,Idle,2
5691,200558.4498,32.6051,audit.snapshot.route.high.to-late-haven.ready,Idle,2
5692,200595.3879,36.9381,audit.snapshot.route.high.to-late-haven.ready,Idle,2
5693,200647.5325,52.1445,audit.snapshot.route.high.to-late-haven.ready,Idle,2
5694,200712.0727,64.5403,audit.snapshot.route.high.to-late-haven.ready,Idle,2
5695,200727.3062,15.2334,audit.snapshot.route.high.to-late-haven.ready,Idle,2
5696,200780.2029,52.8968,audit.snapshot.route.high.to-late-haven.ready,Idle,2
5697,200828.5604,48.3575,audit.snapshot.route.high.to-late-haven.ready,Idle,2
5698,200862.3836,33.8232,audit.snapshot.route.high.to-late-haven.ready,Idle,2
5699,200903.6794,41.2958,audit.snapshot.route.high.to-late-haven.ready,Idle,2
5700,200969.4392,65.7596,audit.snapshot.route.high.to-late-haven.ready,Idle,2
5701,200988.3237,18.8845,audit.snapshot.route.high.to-late-haven.ready,Idle,2
5702,201037.5076,49.184,audit.snapshot.route.high.to-late-haven.ready,Idle,2
5703,201068.038,30.5305,audit.snapshot.route.high.to-late-haven.ready,Idle,2
5704,201134.6517,66.6136,audit.snapshot.route.high.to-late-haven.ready,Idle,2
5705,201174.2491,39.5974,audit.snapshot.route.high.to-late-haven.ready,Idle,2
5706,201192.9683,18.7193,audit.snapshot.route.high.to-late-haven.ready,Idle,2
5707,201261.034,68.0657,audit.snapshot.route.high.to-late-haven.ready,Idle,2
5708,201275.9008,14.8667,audit.snapshot.route.high.to-late-haven.ready,Idle,2
5709,201317.2703,41.3694,audit.snapshot.route.high.to-late-haven.ready,Idle,2
5710,201380.7466,63.4765,audit.snapshot.route.high.to-late-haven.ready,Idle,2
5711,201400.0514,19.3047,audit.snapshot.route.high.to-late-haven.ready,Idle,2
5712,201450.5701,50.5187,audit.snapshot.route.high.to-late-haven.ready,Idle,2
5713,201494.5341,43.9641,audit.snapshot.route.high.to-late-haven.ready,Idle,2
5714,201527.8432,33.3091,audit.snapshot.route.high.to-late-haven.ready,Idle,2
5715,201573.6167,45.7734,audit.snapshot.route.high.to-late-haven.ready,Idle,2
5716,201616.263,42.6464,audit.snapshot.route.high.to-late-haven.ready,Idle,2
5717,201656.7683,40.5051,audit.snapshot.route.high.to-late-haven.ready,Idle,2
5718,201707.6163,50.8481,audit.snapshot.route.high.to-late-haven.ready,Idle,2
5719,201740.5593,32.9429,audit.snapshot.route.high.to-late-haven.ready,Idle,2
5720,201796.6922,56.1331,audit.snapshot.route.high.to-late-haven.ready,Idle,2
5721,201846.7502,50.058,audit.snapshot.route.high.to-late-haven.ready,Idle,2
5722,201867.2878,20.5374,audit.snapshot.route.high.to-late-haven.ready,Idle,2
5723,201906.8104,39.5228,audit.snapshot.route.high.to-late-haven.ready,Idle,2
5724,201944.9079,38.0974,audit.snapshot.route.high.to-late-haven.ready,Idle,2
5725,201987.7588,42.851,audit.snapshot.route.high.to-late-haven.ready,Idle,2
5726,202035.3446,47.5856,audit.snapshot.route.high.to-late-haven.ready,Idle,2
5727,202055.777,20.4325,audit.snapshot.route.high.to-late-haven.ready,Idle,2
5728,202109.2551,53.478,audit.snapshot.route.high.to-late-haven.ready,Idle,2
5729,202148.0109,38.7559,audit.snapshot.route.high.to-late-haven.ready,Idle,2
5730,202194.6282,46.6174,camp.late-haven.high.solved,Idle,2
5731,202228.7256,34.0973,camp.late-haven.high.solved,Idle,2
5732,202273.3716,44.646,camp.late-haven.high.solved,Idle,2
5733,202320.5396,47.1681,camp.late-haven.high.solved,Idle,2
5734,202360.1371,39.5974,camp.late-haven.high.solved,Idle,2
5735,202396.8885,36.7514,camp.late-haven.high.solved,Idle,2
5736,202458.7628,61.8744,camp.late-haven.high.solved,Idle,2
5737,202497.0887,38.3257,camp.late-haven.high.solved,Idle,2
5738,202540.8549,43.7664,camp.late-haven.high.solved,Idle,2
5739,202595.2321,54.377,camp.late-haven.high.solved,Idle,2
5740,202605.0038,9.7719,camp.late-haven.high.solved,Idle,2
5741,202643.2608,38.257,camp.late-haven.high.solved,Idle,2
5742,202708.4639,65.203,camp.late-haven.high.solved,Idle,2
5743,202725.8302,17.3663,camp.late-haven.high.solved,Idle,2
5744,202778.2616,52.4315,camp.late-haven.high.solved,Idle,2
5745,202823.9405,45.6789,camp.late-haven.high.solved,Idle,2
5746,202863.1392,39.1986,camp.late-haven.high.solved,Idle,2
5747,202900.1708,37.0316,camp.late-haven.high.solved,Idle,2
5748,202941.0958,40.925,camp.late-haven.high.solved,Idle,2
5749,202982.9951,41.8994,camp.late-haven.high.solved,Idle,2
5750,203031.6617,48.6665,camp.late-haven.high.solved,Idle,2
5751,203067.333,35.6712,camp.late-haven.high.solved,Idle,2
5752,203130.6284,63.2955,camp.late-haven.high.solved,Idle,2
5753,203174.044,43.4156,camp.late-haven.high.solved,Idle,2
5754,203213.9797,39.9358,camp.late-haven.high.solved,Idle,2
5755,203232.8336,18.8538,camp.late-haven.high.solved,Idle,2
5756,203274.5365,41.7029,camp.late-haven.high.solved,Idle,2
5757,203316.4405,41.904,camp.late-haven.high.solved,Idle,2
5758,203382.3501,65.9093,camp.late-haven.high.solved,Idle,2
5759,203398.6108,16.2607,camp.late-haven.high.solved,Idle,2
5760,203449.1851,50.5747,camp.late-haven.high.solved,Idle,2
5761,203493.9934,44.8082,camp.late-haven.high.solved,Idle,2
5762,203536.4657,42.4724,camp.late-haven.high.solved,Idle,2
5763,203572.5086,36.0429,camp.late-haven.high.solved,Idle,2
5764,203611.7889,39.2802,camp.late-haven.high.solved,Idle,2
5765,203655.5576,43.7687,camp.late-haven.high.solved,Idle,2
5766,203698.5508,42.9933,camp.late-haven.high.solved,Idle,2
5767,203728.4742,29.9233,camp.late-haven.high.solved,Idle,2
5768,203791.7053,63.2311,camp.late-haven.high.solved,Idle,2
5769,203829.3753,37.67,camp.late-haven.high.solved,Idle,2
5770,203868.8299,39.4546,camp.late-haven.high.solved,Idle,2
5771,203884.1675,15.3377,camp.late-haven.high.solved,Idle,2
5772,203926.8104,42.6429,camp.late-haven.high.solved,Idle,2
5773,203966.996,40.1855,camp.late-haven.high.solved,Idle,2
5774,204030.8322,63.8362,camp.late-haven.high.solved,Idle,2
5775,204049.1385,18.3063,camp.late-haven.high.solved,Idle,2
5776,204097.2686,48.1301,camp.late-haven.high.solved,Idle,2
5777,204142.0211,44.7526,camp.late-haven.high.solved,Idle,2
5778,204175.1299,33.1087,camp.late-haven.high.solved,Idle,2
5779,204198.634,23.5041,camp.late-haven.high.solved,Idle,2
5780,204227.6837,29.0497,camp.late-haven.high.solved,Idle,2
5781,204258.5555,30.8719,camp.late-haven.high.solved,Idle,2
5782,204294.1306,35.575,camp.late-haven.high.solved,Idle,2
5783,204320.6198,26.4893,camp.late-haven.high.solved,Idle,2
5784,204364.1396,43.5196,camp.late-haven.high.solved,Idle,2
5785,204394.7223,30.5828,camp.late-haven.high.solved,Idle,2
5786,204426.3906,31.6683,camp.late-haven.high.solved,Idle,2
5787,204439.1008,12.7102,camp.late-haven.high.solved,Idle,2
5788,204465.47,26.3693,camp.late-haven.high.solved,Idle,2
5789,204494.7444,29.2744,camp.late-haven.high.solved,Idle,2
5790,204544.3642,49.6197,camp.late-haven.high.solved,Idle,2
5791,204559.6661,15.3019,camp.late-haven.high.solved,Idle,2
5792,204610.4217,50.7556,camp.late-haven.high.solved,Idle,2
5793,204649.4894,39.0677,camp.late-haven.high.solved,Idle,2
5794,204693.6541,44.1648,camp.late-haven.high.solved,Idle,2
5795,204726.5338,32.8797,camp.late-haven.high.solved,Idle,2
5796,204762.1739,35.6399,camp.late-haven.high.solved,Idle,2
5797,204798.9029,36.7292,camp.late-haven.high.solved,Idle,2
5798,204847.5237,48.6207,camp.late-haven.high.solved,Idle,2
5799,204873.7922,26.2685,camp.late-haven.high.solved,Idle,2
5800,204919.2555,45.4633,camp.late-haven.high.solved,Idle,2
5801,204946.108,26.8525,camp.late-haven.high.solved,Idle,2
5802,204977.687,31.579,camp.late-haven.high.solved,Idle,2
5803,204993.2041,15.5171,camp.late-haven.high.solved,Idle,2
5804,205027.2677,34.0637,camp.late-haven.high.solved,Idle,2
5805,205057.8,30.5323,camp.late-haven.high.solved,Idle,2
5806,205104.3645,46.5644,camp.late-haven.high.solved,Idle,2
5807,205142.5914,38.2269,camp.late-haven.high.solved,Idle,2
5808,205156.3464,13.7551,camp.late-haven.high.solved,Idle,2
5809,205191.8019,35.4554,camp.late-haven.high.solved,Idle,2
5810,205223.4475,31.6457,camp.late-haven.high.solved,Idle,2
5811,205243.2207,19.7732,camp.late-haven.high.solved,Idle,2
5812,205274.7019,31.4812,camp.late-haven.high.solved,Idle,2
5813,205305.45,30.748,camp.late-haven.high.solved,Idle,2
5814,205341.427,35.977,camp.late-haven.high.solved,Idle,2
5815,205364.3964,22.9694,camp.late-haven.high.solved,Idle,2
5816,205410.5226,46.1263,camp.late-haven.high.solved,Idle,2
5817,205442.3055,31.7828,camp.late-haven.high.solved,Idle,2
5818,205473.6092,31.3038,camp.late-haven.high.solved,Idle,2
5819,205483.4687,9.8594,camp.late-haven.high.solved,Idle,2
5820,205510.9133,27.4445,camp.late-haven.high.solved,Idle,2
5821,205550.6024,39.6892,camp.late-haven.high.solved,Idle,2
5822,205596.8833,46.281,camp.late-haven.high.solved,Idle,2
5823,205639.863,42.9796,camp.late-haven.high.solved,Idle,2
5824,205657.2693,17.4063,camp.late-haven.high.solved,Idle,2
5825,205685.6562,28.3869,camp.late-haven.high.solved,Idle,2
5826,205713.5306,27.8744,camp.late-haven.high.solved,Idle,2
5827,205740.5055,26.9749,camp.late-haven.high.solved,Idle,2
5828,205776.3785,35.8729,camp.late-haven.high.solved,Idle,2
5829,205807.1164,30.738,camp.late-haven.high.solved,Idle,2
5830,205843.0455,35.9291,camp.late-haven.high.solved,Idle,2
5831,205870.5651,27.5197,camp.late-haven.high.solved,Idle,2
5832,205912.7134,42.1482,camp.late-haven.high.solved,Idle,2
5833,205944.3768,31.6635,camp.late-haven.high.solved,Idle,2
5834,205975.7554,31.3785,camp.late-haven.high.solved,Idle,2
5835,205991.5664,15.811,camp.late-haven.high.solved,Idle,2
5836,206025.5772,34.0109,camp.late-haven.high.solved,Idle,2
5837,206054.6967,29.1195,camp.late-haven.high.solved,Idle,2
5838,206097.9421,43.2454,camp.late-haven.high.solved,Idle,2
5839,206109.2366,11.2945,camp.late-haven.high.solved,Idle,2
5840,206145.8042,36.5676,camp.late-haven.high.solved,Idle,2
5841,206178.9357,33.1315,camp.late-haven.high.solved,Idle,2
5842,206212.2771,33.3414,camp.late-haven.high.solved,Idle,2
5843,206240.5475,28.2704,camp.late-haven.high.solved,Idle,2
5844,206271.2543,30.7067,camp.late-haven.high.solved,Idle,2
5845,206297.4039,26.1496,camp.late-haven.high.solved,Idle,2
5846,206331.3403,33.9364,camp.late-haven.high.solved,Idle,2
5847,206355.334,23.9937,camp.late-haven.high.solved,Idle,2
5848,206410.0158,54.6819,camp.late-haven.high.solved,Idle,2
5849,206441.4646,31.4487,camp.late-haven.high.solved,Idle,2
5850,206472.0468,30.5822,camp.late-haven.high.solved,Idle,2
5851,206481.6156,9.5688,camp.late-haven.high.solved,Idle,2
5852,206509.2793,27.6638,camp.late-haven.high.solved,Idle,2
5853,206540.4333,31.1539,camp.late-haven.high.solved,Idle,2
5854,206585.4641,45.0309,camp.late-haven.high.solved,Idle,2
5855,206626.0102,40.546,camp.late-haven.high.solved,Idle,2
5856,206640.0343,14.0241,camp.late-haven.high.solved,Idle,2
5857,206666.8449,26.8107,camp.late-haven.high.solved,Idle,2
5858,206697.1904,30.3455,camp.late-haven.high.solved,Idle,2
5859,206723.4951,26.3046,camp.late-haven.high.solved,Idle,2
5860,206749.6367,26.1416,camp.late-haven.high.solved,Idle,2
5861,206776.7864,27.1497,camp.late-haven.high.solved,Idle,2
5862,206812.9796,36.1933,camp.late-haven.high.solved,Idle,2
5863,206840.4978,27.5181,camp.late-haven.high.solved,Idle,2
5864,206886.5875,46.0898,camp.late-haven.high.solved,Idle,2
5865,206914.5804,27.9928,camp.late-haven.high.solved,Idle,2
5866,206945.371,30.7906,camp.late-haven.high.solved,Idle,2
5867,206959.002,13.631,camp.late-haven.high.solved,Idle,2
5868,206991.8344,32.8324,camp.late-haven.high.solved,Idle,2
5869,207025.4188,33.5845,camp.late-haven.high.solved,Idle,2
5870,207069.3027,43.8838,camp.late-haven.high.solved,Idle,2
5871,207081.727,12.4243,camp.late-haven.high.solved,Idle,2
5872,207119.6353,37.9084,camp.late-haven.high.solved,Idle,2
5873,207157.6454,38.0101,camp.late-haven.high.solved,Idle,2
5874,207189.2148,31.5694,camp.late-haven.high.solved,Idle,2
5875,207209.2497,20.0348,camp.late-haven.high.solved,Idle,2
5876,207240.7069,31.457,camp.late-haven.high.solved,Idle,2
5877,207269.0434,28.3367,camp.late-haven.high.solved,Idle,2
5878,207307.2436,38.2003,camp.late-haven.high.solved,Idle,2
5879,207330.6881,23.444,camp.late-haven.high.solved,Idle,2
5880,207376.7379,46.0503,camp.late-haven.high.solved,Idle,2
5881,207407.9526,31.2147,camp.late-haven.high.solved,Idle,2
5882,207433.7651,25.8125,camp.late-haven.high.solved,Idle,2
5883,207475.8374,42.0723,camp.late-haven.high.solved,Idle,2
5884,207485.5112,9.6737,camp.late-haven.high.solved,Idle,2
5885,207508.9762,23.465,camp.late-haven.high.solved,Idle,2
5886,207558.625,49.6489,camp.late-haven.high.solved,Idle,2
5887,207573.6095,14.9844,camp.late-haven.high.solved,Idle,2
5888,207611.5568,37.9473,camp.late-haven.high.solved,Idle,2
5889,207644.7002,33.1435,camp.late-haven.high.solved,Idle,2
5890,207679.8588,35.1586,camp.late-haven.high.solved,Idle,2
5891,207702.7501,22.8912,camp.late-haven.high.solved,Idle,2
5892,207731.0754,28.3253,camp.late-haven.high.solved,Idle,2
5893,207759.6704,28.595,camp.late-haven.high.solved,Idle,2
5894,207790.1932,30.5229,camp.late-haven.high.solved,Idle,2
5895,207816.1033,25.9101,camp.late-haven.high.solved,Idle,2
5896,207862.5451,46.4418,camp.late-haven.high.solved,Idle,2
5897,207874.9208,12.3756,camp.late-haven.high.solved,Idle,2
5898,207906.3442,31.4234,camp.late-haven.high.solved,Idle,2
5899,207932.4667,26.1226,camp.late-haven.high.solved,Idle,2
5900,207961.5237,29.0569,camp.late-haven.high.solved,Idle,2
5901,207993.4043,31.8804,camp.late-haven.high.solved,Idle,2
5902,208045.0055,51.6015,camp.late-haven.high.solved,Idle,2
5903,208088.087,43.0814,camp.late-haven.high.solved,Idle,2
5904,208100.3744,12.2875,camp.late-haven.high.solved,Idle,2
5905,208124.4898,24.1154,camp.late-haven.high.solved,Idle,2
5906,208160.9356,36.4457,camp.late-haven.high.solved,Idle,2
5907,208187.1508,26.2153,camp.late-haven.high.solved,Idle,2
5908,208215.2828,28.132,camp.late-haven.high.solved,Idle,2
5909,208242.5513,27.2685,camp.late-haven.high.solved,Idle,2
5910,208281.298,38.7466,route.high.final-camp-menu,Covering,2
5911,208335.2102,53.9123,route.high.final-camp-menu,Covering,2
5912,208377.7494,42.5392,route.high.final-camp-menu,Covering,2
5913,208398.9018,21.1524,route.high.final-camp-menu,Covering,2
5914,208446.7923,47.8902,route.high.final-camp-menu,Covering,2
5915,208462.7356,15.9435,route.high.final-camp-menu,Covering,2
5916,208497.0072,34.2717,route.high.final-camp-menu,Covering,2
5917,208532.2753,35.2681,route.high.final-camp-menu,Covering,2
5918,208580.8593,48.5839,route.high.final-camp-menu,Covering,2
5919,208624.1726,43.3133,route.high.final-camp-menu,Covering,2
5920,208667.2139,43.0414,route.high.final-camp-menu,Covering,2
5921,208706.3842,39.1702,route.high.final-camp-menu,Covering,2
5922,208749.1403,42.7561,route.high.final-camp-menu,Covering,2
5923,208783.1562,34.0159,route.high.final-camp-menu,Covering,2
5924,208825.7004,42.5442,route.high.final-camp-menu,Covering,2
5925,208861.9825,36.282,route.high.final-camp-menu,Covering,2
5926,208910.8138,48.8314,route.high.final-camp-menu,Covering,2
5927,208926.315,15.5012,route.high.final-camp-menu,Covering,2
5928,208975.7718,49.4568,route.high.final-camp-menu,Covering,2
5929,209000.7507,24.9789,route.high.final-camp-menu,Covering,2
5930,209051.9058,51.1551,route.high.final-camp-menu,Covering,2
5931,209067.1648,15.259,route.high.final-camp-menu,Covering,2
5932,209102.9038,35.7391,route.high.final-camp-menu,Covering,2
5933,209143.2141,40.3103,route.high.final-camp-menu,Covering,2
5934,209192.1402,48.926,route.high.final-camp-menu,Covering,2
5935,209221.5092,29.369,route.high.final-camp-menu,Covering,2
5936,209270.7944,49.2853,route.high.final-camp-menu,Covering,2
5937,209330.4544,59.6599,route.high.final-camp-menu,Covering,2
5938,209365.8637,35.4093,route.high.final-camp-menu,Covering,2
5939,209403.2329,37.3692,route.high.final-camp-menu,Covering,2
5940,209450.9466,47.7138,route.high.final-camp-menu,Covering,2
5941,209482.789,31.8423,route.high.final-camp-menu,Covering,2
5942,209561.1706,78.3817,route.high.final-camp-menu,Covering,2
5943,209583.1838,22.0131,route.high.final-camp-menu,Covering,2
5944,209645.4261,62.2423,route.high.final-camp-menu,Covering,2
5945,209676.3582,30.9321,route.high.final-camp-menu,Covering,2
5946,209728.3156,51.9574,route.high.final-camp-menu,Covering,2
5947,209750.0355,21.7199,route.high.final-camp-menu,Covering,2
5948,209785.4634,35.4279,route.high.final-camp-menu,Covering,2
5949,209820.7772,35.3138,route.high.final-camp-menu,Covering,2
5950,209860.9875,40.2101,route.high.final-camp-menu,Covering,2
5951,209897.5667,36.5794,route.high.final-camp-menu,CoveredLoading,2
5952,209917.1531,19.5865,route.high.final-camp-menu,CoveredLoading,2
5953,209991.3246,74.1714,route.high.final-camp-menu,CoveredLoading,2
5954,210228.3937,237.0689,route.high.final-camp-menu,CoveredLoading,2
5955,210356.4588,128.0653,route.high.final-camp-menu,CoveredLoading,2
5956,210379.8041,23.3453,route.high.final-camp-menu,CoveredLoading,2
5957,210431.2798,51.4756,route.high.final-camp-menu,CoveredLoading,2
5958,210450.2845,19.0048,route.high.final-camp-menu,CoveredLoading,2
5959,210464.3271,14.0426,route.high.final-camp-menu,CoveredLoading,2
5960,210482.2526,17.9256,route.high.final-camp-menu,CoveredLoading,2
5961,210499.0959,16.8432,route.high.final-camp-menu,CoveredLoading,2
5962,210517.0016,17.9057,route.high.final-camp-menu,CoveredLoading,2
5963,210532.9768,15.9752,route.high.final-camp-menu,CoveredLoading,2
5964,210571.582,38.605,route.high.final-camp-menu,CoveredLoading,2
5965,210583.7848,12.2031,route.high.final-camp-menu,CoveredLoading,2
5966,210602.3681,18.5832,route.high.final-camp-menu,CoveredLoading,2
5967,210623.9784,21.6103,route.high.final-camp-menu,CoveredLoading,2
5968,210641.2832,17.3049,route.high.final-camp-menu,CoveredLoading,2
5969,210657.1179,15.8347,route.high.final-camp-menu,CoveredLoading,2
5970,210674.7232,17.6052,route.high.final-camp-menu,CoveredLoading,2
5971,210687.726,13.0029,route.high.final-camp-menu,CoveredLoading,2
5972,210730.3246,42.5986,route.high.final-camp-menu,CoveredLoading,2
5973,210751.2479,20.9232,route.high.final-camp-menu,Preparing,2
5974,210792.4117,41.1637,route.high.final-camp-menu,Preparing,2
5975,210820.3944,27.9828,route.high.final-camp-menu,Preparing,2
5976,210857.1647,36.7704,route.high.final-camp-menu,Preparing,2
5977,210898.3768,41.212,route.high.final-camp-menu,Preparing,2
5978,210943.4217,45.045,route.high.final-camp-menu,Preparing,2
5979,210964.3374,20.9157,route.high.final-camp-menu,Preparing,2
5980,211027.6688,63.3314,route.high.final-camp-menu,Preparing,2
5981,211050.2376,22.5687,route.high.final-camp-menu,Revealing,2
5982,211084.2491,34.0115,route.high.final-camp-menu,Revealing,2
5983,211146.6437,62.3946,route.high.final-camp-menu,Revealing,2
5984,211179.6237,32.9801,route.high.final-camp-menu,Revealing,2
5985,211219.2722,39.6484,route.high.final-camp-menu,Revealing,2
5986,211259.3429,40.0707,route.high.final-camp-menu,Revealing,2
5987,211291.3841,32.0412,route.high.final-camp-menu,Revealing,2
5988,211327.1868,35.8025,route.high.final-camp-menu,Revealing,2
5989,211379.9112,52.7246,route.high.final-camp-menu,Revealing,2
5990,211426.5297,46.6186,route.high.final-camp-menu,Revealing,2
5991,211454.8697,28.3399,route.high.final-camp-menu,Revealing,2
5992,211500.4026,45.5329,route.high.final-camp-menu,Revealing,2
5993,211520.1254,19.7228,route.high.final-camp-menu,Revealing,2
5994,211559.6747,39.5494,route.high.final-camp-menu,Revealing,2
5995,211621.6004,61.9257,route.high.final-camp-menu,Revealing,2
5996,211645.757,24.1565,route.high.final-camp-menu,Revealing,2
5997,211677.6386,31.8816,route.high.final-camp-menu,Revealing,2
5998,211723.6029,45.9643,route.high.final-camp-menu,Revealing,2
5999,211750.9765,27.3736,route.high.final-camp-menu,Revealing,2
6000,211782.8804,31.9039,route.high.final-camp-menu,Revealing,2
6001,211814.9564,32.076,route.high.final-camp-menu,Revealing,2
6002,211863.8275,48.8711,route.high.final-camp-menu,Revealing,2
6003,211884.2193,20.3919,route.high.final-camp-menu,Revealing,2
6004,211931.1471,46.9277,route.high.final-camp-menu,Revealing,2
6005,211951.8503,20.7032,route.high.final-camp-menu,Revealing,2
6006,211976.1521,24.3018,route.high.final-camp-menu,Revealing,2
6007,212031.977,55.8249,route.high.final-camp-menu,Revealing,2
6008,212061.6935,29.7164,route.high.final-camp-menu,Revealing,2
6009,212108.2013,46.508,route.high.final-camp-menu,Revealing,2
6010,212124.0487,15.8473,route.high.final-camp-menu,Revealing,2
6011,212145.6347,21.5859,route.high.final-camp-menu,Revealing,2
6012,212176.2897,30.6552,route.high.final-camp-menu,Revealing,2
6013,212216.3354,40.0456,route.high.final-camp-menu,Revealing,2
6014,212260.9175,44.5821,route.high.final-camp-menu,Revealing,2
6015,212276.7178,15.8004,route.high.final-camp-menu,Revealing,2
6016,212327.6133,50.8955,route.high.final-camp-menu,Revealing,2
6017,212366.4015,38.7881,route.high.final-camp-menu,Revealing,2
6018,212376.3531,9.9516,route.high.final-camp-menu,Revealing,2
6019,212407.8584,31.5053,route.high.final-camp-menu,Revealing,2
6020,212461.7916,53.9333,route.high.final-camp-menu,Revealing,2
6021,212478.1087,16.3171,route.high.final-camp-menu,Idle,2
6022,212542.0765,63.9677,audit.snapshot.route.high.final-camp-menu.ready,Idle,2
6023,212555.9169,13.8404,audit.snapshot.route.high.final-camp-menu.ready,Idle,2
6024,212582.9286,27.0117,audit.snapshot.route.high.final-camp-menu.ready,Idle,2
6025,212616.9297,34.0012,audit.snapshot.route.high.final-camp-menu.ready,Idle,2
6026,212678.5175,61.5877,audit.snapshot.route.high.final-camp-menu.ready,Idle,2
6027,212710.2002,31.6827,audit.snapshot.route.high.final-camp-menu.ready,Idle,2
6028,212747.0221,36.8219,audit.snapshot.route.high.final-camp-menu.ready,Idle,2
6029,212765.712,18.6899,audit.snapshot.route.high.final-camp-menu.ready,Idle,2
6030,212799.2213,33.5093,audit.snapshot.route.high.final-camp-menu.ready,Idle,2
6031,212833.3615,34.1402,audit.snapshot.route.high.final-camp-menu.ready,Idle,2
6032,212890.7477,57.3862,audit.snapshot.route.high.final-camp-menu.ready,Idle,2
6033,212906.6739,15.9262,audit.snapshot.route.high.final-camp-menu.ready,Idle,2
6034,212944.0395,37.3654,audit.snapshot.route.high.final-camp-menu.ready,Idle,2
6035,212971.7028,27.6635,audit.snapshot.route.high.final-camp-menu.ready,Idle,2
6036,212999.8345,28.1318,audit.snapshot.route.high.final-camp-menu.ready,Idle,2
6037,213045.5032,45.6685,audit.snapshot.route.high.final-camp-menu.ready,Idle,2
6038,213076.209,30.706,audit.snapshot.route.high.final-camp-menu.ready,Idle,2
6039,213090.0506,13.8415,audit.snapshot.route.high.final-camp-menu.ready,Idle,2
6040,213131.515,41.4644,audit.snapshot.route.high.final-camp-menu.ready,Idle,2
6041,213172.4151,40.9001,audit.snapshot.route.high.final-camp-menu.ready,Idle,2
6042,213197.5577,25.1425,audit.snapshot.route.high.final-camp-menu.ready,Idle,2
6043,213215.9399,18.3823,audit.snapshot.route.high.final-camp-menu.ready,Idle,2
6044,213260.8457,44.9059,audit.snapshot.route.high.final-camp-menu.ready,Idle,2
6045,213275.2225,14.3767,audit.snapshot.route.high.final-camp-menu.ready,Idle,2
6046,213310.9037,35.6812,audit.snapshot.route.high.final-camp-menu.ready,Idle,2
6047,213352.6371,41.7335,audit.snapshot.route.high.final-camp-menu.ready,Idle,2
6048,213365.4952,12.858,audit.snapshot.route.high.final-camp-menu.ready,Idle,2
6049,213389.6758,24.1806,audit.snapshot.route.high.final-camp-menu.ready,Idle,2
6050,213431.1438,41.468,audit.snapshot.route.high.final-camp-menu.ready,Idle,2
6051,213472.1317,40.9879,audit.snapshot.route.high.final-camp-menu.ready,Idle,2
6052,213497.198,25.0659,audit.snapshot.route.high.final-camp-menu.ready,Idle,2
6053,213510.8824,13.6844,audit.snapshot.route.high.final-camp-menu.ready,Idle,2
6054,213545.7849,34.9029,audit.snapshot.route.high.final-camp-menu.ready,Idle,2
6055,213575.5524,29.7675,audit.snapshot.route.high.final-camp-menu.ready,Idle,2
6056,213625.2091,49.6567,audit.snapshot.route.high.final-camp-menu.ready,Idle,2
6057,213659.9744,34.7652,audit.snapshot.route.high.final-camp-menu.ready,Idle,2
6058,213680.893,20.9186,audit.snapshot.route.high.final-camp-menu.ready,Idle,2
6059,213706.2116,25.3186,audit.snapshot.route.high.final-camp-menu.ready,Idle,2
6060,213730.6977,24.4862,audit.snapshot.route.high.final-camp-menu.ready,Idle,2
6061,213758.3005,27.6028,audit.snapshot.route.high.final-camp-menu.ready,Idle,2
6062,213809.3112,51.0107,audit.snapshot.route.high.final-camp-menu.ready,Idle,2
6063,213822.761,13.4498,audit.snapshot.route.high.final-camp-menu.ready,Idle,2
6064,213868.5366,45.7755,audit.snapshot.route.high.final-camp-menu.ready,Idle,2
6065,213884.2404,15.7039,audit.snapshot.route.high.final-camp-menu.ready,Idle,2
6066,213910.4373,26.1969,audit.snapshot.route.high.final-camp-menu.ready,Idle,2
6067,213942.2271,31.7898,ui.Levels.open,Idle,2
6068,213954.444,12.2168,ui.Levels.open,Idle,2
6069,214200.1058,245.6619,ui.Levels.open,Idle,2
6070,214332.1801,132.0742,ui.Levels.open,Idle,2
6071,214418.5665,86.3866,ui.Levels.open,Idle,2
6072,214447.1991,28.6325,ui.Levels.open,Idle,2
6073,214459.78,12.5809,ui.Levels.open,Idle,2
6074,214488.2612,28.4811,ui.Levels.open,Idle,2
6075,214495.9404,7.6793,ui.Levels.open,Idle,2
6076,214510.2989,14.3584,ui.Levels.open,Idle,2
6077,214540.354,30.0552,ui.Levels.open,Idle,2
6078,214548.2731,7.9191,ui.Levels.open,Idle,2
6079,214559.6514,11.3784,ui.Levels.open,Idle,2
6080,214589.7299,30.0785,ui.Levels.open,Idle,2
6081,214597.9765,8.2465,ui.Levels.open,Idle,2
6082,214609.8402,11.8637,ui.Levels.open,Idle,2
6083,214632.0322,22.1921,ui.Levels.open,Idle,2
6084,214649.214,17.1817,ui.Levels.open,Idle,2
6085,214671.5211,22.3071,ui.Levels.open,Idle,2
6086,214679.8111,8.29,ui.Levels.open,Idle,2
6087,214693.1185,13.3075,ui.Levels.open,Idle,2
6088,214708.8731,15.7545,ui.Levels.open,Idle,2
6089,214738.7815,29.9085,ui.Levels.open,Idle,2
6090,214747.512,8.7301,ui.Levels.open,Idle,2
6091,214759.7936,12.2819,ui.Levels.open,Idle,2
6092,214787.9049,28.1111,ui.Levels.open,Idle,2
6093,214796.3709,8.4663,ui.Levels.open,Idle,2
6094,214809.7826,13.4116,ui.Levels.open,Idle,2
6095,214824.513,14.7304,ui.Levels.open,Idle,2
6096,214854.8258,30.3128,ui.Levels.open,Idle,2
6097,214864.156,9.3302,ui.Levels.steady,Idle,2
6098,214876.5834,12.4274,ui.Levels.steady,Idle,2
6099,214906.2861,29.7027,ui.Levels.steady,Idle,2
6100,214913.8412,7.5551,ui.Levels.steady,Idle,2
6101,214926.3013,12.4601,ui.Levels.steady,Idle,2
6102,214956.294,29.9928,ui.Levels.steady,Idle,2
6103,214965.2014,8.9073,ui.Levels.steady,Idle,2
6104,214976.364,11.1626,ui.Levels.steady,Idle,2
6105,215003.7745,27.4106,ui.Levels.steady,Idle,2
6106,215011.8,8.0255,ui.Levels.steady,Idle,2
6107,215028.1221,16.322,ui.Levels.steady,Idle,2
6108,215047.5093,19.387,ui.Levels.steady,Idle,2
6109,215076.7215,29.2124,ui.Levels.steady,Idle,2
6110,215084.7742,8.0527,ui.Levels.steady,Idle,2
6111,215103.4501,18.6759,ui.Levels.steady,Idle,2
6112,215119.5556,16.1056,ui.Levels.steady,Idle,2
6113,215140.1073,20.5516,ui.Levels.steady,Idle,2
6114,215149.0134,8.9061,ui.Levels.steady,Idle,2
6115,215174.0229,25.0096,ui.Levels.steady,Idle,2
6116,215182.4807,8.4577,ui.Levels.steady,Idle,2
6117,215207.4606,24.9799,ui.Levels.steady,Idle,2
6118,215216.2081,8.7475,ui.Levels.steady,Idle,2
6119,215240.8786,24.6705,ui.Levels.steady,Idle,2
6120,215250.5336,9.655,ui.Levels.steady,Idle,2
6121,215276.4677,25.9342,ui.Levels.steady,Idle,2
6122,215284.9342,8.4665,ui.Levels.steady,Idle,2
6123,215305.3778,20.4436,ui.Levels.steady,Idle,2
6124,215324.9979,19.62,ui.Levels.steady,Idle,2
6125,215333.9341,8.9363,ui.Levels.steady,Idle,2
6126,215356.7666,22.8324,ui.Levels.steady,Idle,2
6127,215366.1385,9.3719,ui.Levels.steady,Idle,2
6128,215386.9322,20.7937,ui.Levels.steady,Idle,2
6129,215406.5985,19.6664,ui.Levels.steady,Idle,2
6130,215424.8083,18.2097,ui.Levels.steady,Idle,2
6131,215440.9808,16.1726,ui.Levels.steady,Idle,2
6132,215454.6347,13.6539,ui.Levels.steady,Idle,2
6133,215481.5693,26.9345,ui.Levels.steady,Idle,2
6134,215489.0829,7.5136,ui.Levels.steady,Idle,2
6135,215507.9573,18.8744,ui.Levels.steady,Idle,2
6136,215525.2639,17.3066,ui.Levels.steady,Idle,2
6137,215539.7724,14.5086,ui.Levels.steady,Idle,2
6138,215558.2241,18.4517,ui.Levels.steady,Idle,2
6139,215573.1197,14.8956,ui.Levels.steady,Idle,2
6140,215591.5358,18.416,ui.Levels.steady,Idle,2
6141,215606.5649,15.0291,ui.Levels.steady,Idle,2
6142,215626.877,20.3121,ui.Levels.steady,Idle,2
6143,215636.864,9.987,ui.Levels.steady,Idle,2
6144,215659.1232,22.2593,ui.Levels.steady,Idle,2
6145,215674.1042,14.9809,ui.Levels.steady,Idle,2
6146,215691.5922,17.488,ui.Levels.steady,Idle,2
6147,215706.5344,14.9422,ui.Levels.steady,Idle,2
6148,215726.9632,20.4287,ui.Levels.steady,Idle,2
6149,215736.9155,9.9524,ui.Levels.steady,Idle,2
6150,215759.116,22.2005,ui.Levels.steady,Idle,2
6151,215774.1387,15.0228,ui.Levels.steady,Idle,2
6152,215791.5589,17.4202,ui.Levels.steady,Idle,2
6153,215806.5525,14.9935,ui.Levels.steady,Idle,2
6154,215824.7609,18.2084,ui.Levels.steady,Idle,2
6155,215839.9728,15.212,ui.Levels.steady,Idle,2
6156,215858.1403,18.1675,ui.Levels.steady,Idle,2
6157,215873.3356,15.1952,ui.Levels.steady,Idle,2
6158,215893.4415,20.1059,ui.Levels.steady,Idle,2
6159,215911.307,17.8656,ui.Levels.steady,Idle,2
6160,215927.7466,16.4394,ui.Levels.steady,Idle,2
6161,215939.3899,11.6434,ui.Levels.steady,Idle,2
6162,215959.5062,20.1163,ui.Levels.steady,Idle,2
6163,215974.4484,14.9422,ui.Levels.steady,Idle,2
6164,215993.2062,18.7578,ui.Levels.steady,Idle,2
6165,216011.0186,17.8125,ui.Levels.steady,Idle,2
6166,216020.5985,9.5797,ui.Levels.steady,Idle,2
6167,216040.5529,19.9545,ui.Levels.steady,Idle,2
6168,216055.4456,14.8928,ui.Levels.steady,Idle,2
6169,216074.5039,19.0582,ui.Levels.steady,Idle,2
6170,216091.5944,17.0905,ui.Levels.steady,Idle,2
6171,216107.2183,15.6239,ui.Levels.steady,Idle,2
6172,216124.8858,17.6676,ui.Levels.steady,Idle,2
6173,216139.7243,14.8384,ui.Levels.steady,Idle,2
6174,216158.6207,18.8965,ui.Levels.steady,Idle,2
6175,216173.447,14.8263,ui.Levels.steady,Idle,2
6176,216191.5758,18.1287,ui.Levels.steady,Idle,2
6177,216206.4782,14.9025,ui.Levels.steady,Idle,2
6178,216224.9132,18.4349,ui.Levels.steady,Idle,2
6179,216239.8074,14.8943,ui.Levels.steady,Idle,2
6180,216258.1342,18.3268,ui.Levels.steady,Idle,2
6181,216273.1915,15.0572,ui.Levels.steady,Idle,2
6182,216291.5174,18.3259,ui.Levels.steady,Idle,2
6183,216306.5148,14.9974,ui.Levels.steady,Idle,2
6184,216324.7925,18.2777,ui.Levels.steady,Idle,2
6185,216339.948,15.1555,ui.Levels.steady,Idle,2
6186,216358.1382,18.1903,ui.Levels.steady,Idle,2
6187,216373.2194,15.0812,ui.Levels.steady,Idle,2
6188,216391.4466,18.2271,ui.Levels.steady,Idle,2
6189,216406.4822,15.0356,ui.Levels.steady,Idle,2
6190,216424.9698,18.4876,ui.Levels.steady,Idle,2
6191,216441.339,16.3692,ui.Levels.steady,Idle,2
6192,216458.2817,16.9428,ui.Levels.steady,Idle,2
6193,216473.0879,14.8061,ui.Levels.steady,Idle,2
6194,216491.5044,18.4165,ui.Levels.steady,Idle,2
6195,216506.5274,15.0231,ui.Levels.steady,Idle,2
6196,216524.7876,18.2601,ui.Levels.steady,Idle,2
6197,216540.0316,15.2439,ui.Levels.steady,Idle,2
6198,216558.3516,18.3201,ui.Levels.steady,Idle,2
6199,216573.1975,14.846,ui.Levels.steady,Idle,2
6200,216591.4086,18.2111,ui.Levels.steady,Idle,2
6201,216606.5635,15.1547,ui.Levels.steady,Idle,2
6202,216624.7589,18.1956,ui.Levels.steady,Idle,2
6203,216640.0031,15.2441,ui.Levels.steady,Idle,2
6204,216659.6747,19.6714,ui.Levels.steady,Idle,2
6205,216674.7587,15.0841,ui.Levels.steady,Idle,2
6206,216689.2851,14.5265,ui.Levels.steady,Idle,2
6207,216704.739,15.4539,ui.Levels.steady,Idle,2
6208,216726.5929,21.8539,ui.Levels.steady,Idle,2
6209,216741.8053,15.2125,ui.Levels.steady,Idle,2
6210,216758.3008,16.4954,ui.Levels.steady,Idle,2
6211,216773.1177,14.8169,ui.Levels.steady,Idle,2
6212,216791.4788,18.3611,ui.Levels.steady,Idle,2
6213,216806.4949,15.0161,ui.Levels.steady,Idle,2
6214,216824.894,18.3991,ui.Levels.steady,Idle,2
6215,216839.6653,14.7714,ui.Levels.steady,Idle,2
6216,216858.1539,18.4886,ui.Levels.steady,Idle,2
6217,216907.1469,48.9929,ui.map.scroll,Idle,2
6218,217008.7448,101.5979,ui.map.scroll,Idle,2
6219,217066.4191,57.6744,ui.map.scroll,Idle,2
6220,217123.2909,56.8718,ui.map.scroll,Idle,2
6221,217213.0074,89.7164,ui.map.scroll,Idle,2
6222,217327.1262,114.1187,ui.map.scroll,Idle,2
6223,217419.7158,92.5897,ui.map.scroll,Idle,2
6224,217536.3082,116.5924,ui.map.scroll,Idle,2
6225,217649.3174,113.0093,ui.map.scroll,Idle,2
6226,217755.8709,106.5534,ui.map.scroll,Idle,2
6227,217880.9525,125.0816,ui.map.scroll,Idle,2
6228,217996.7787,115.8262,ui.map.scroll,Idle,2
6229,218106.68,109.9013,ui.map.scroll,Idle,2
6230,218254.2695,147.5896,ui.map.scroll,Idle,2
6231,218349.8636,95.594,ui.map.scroll,Idle,2
6232,218437.6205,87.7569,ui.map.scroll,Idle,2
6233,218553.3574,115.7368,ui.map.scroll,Idle,2
6234,218680.1558,126.7985,ui.map.scroll,Idle,2
6235,218785.4145,105.2587,ui.map.scroll,Idle,2
6236,218951.8733,166.4588,ui.map.scroll,Idle,2
6237,219066.3896,114.5163,ui.map.scroll,Idle,2
6238,219181.5018,115.1121,ui.map.scroll,Idle,2
6239,219299.98,118.4784,ui.map.scroll,Idle,2
6240,219401.5958,101.6158,ui.map.scroll,Idle,2
6241,219548.7218,147.1259,ui.map.scroll,Idle,2
6242,219658.3437,109.6219,ui.map.scroll,Idle,2
6243,219788.221,129.8773,ui.map.scroll,Idle,2
6244,219929.9218,141.7009,ui.map.scroll,Idle,2
6245,220098.7544,168.8325,ui.map.scroll,Idle,2
6246,220268.4984,169.744,ui.map.scroll,Idle,2
6247,220409.0171,140.5187,ui.map.scroll,Idle,2
6248,220540.0011,130.9841,ui.map.scroll,Idle,2
6249,220661.8632,121.8617,ui.map.scroll,Idle,2
6250,220784.0155,122.1527,ui.map.scroll,Idle,2
6251,220900.4856,116.47,ui.map.scroll,Idle,2
6252,220991.4917,91.0061,ui.map.scroll,Idle,2
6253,221082.0269,90.5353,ui.map.scroll,Idle,2
6254,221210.7282,128.7011,ui.map.scroll,Idle,2
6255,221317.5448,106.8167,ui.map.scroll,Idle,2
6256,221417.1801,99.6353,ui.map.scroll,Idle,2
6257,221533.7885,116.6084,ui.map.scroll,Idle,2
6258,221650.3522,116.5636,ui.map.scroll,Idle,2
6259,221761.7307,111.3785,ui.map.scroll,Idle,2
6260,221867.0237,105.2932,ui.map.scroll,Idle,2
6261,221999.8041,132.7803,ui.map.scroll,Idle,2
6262,222171.5548,171.7507,ui.map.scroll,Idle,2
6263,222288.204,116.6492,ui.map.scroll,Idle,2
6264,222390.645,102.441,ui.map.scroll,Idle,2
6265,222515.5228,124.8778,ui.map.scroll,Idle,2
6266,222628.9473,113.4245,ui.map.scroll,Idle,2
6267,222758.2628,129.3156,ui.map.scroll,Idle,2
6268,222888.1748,129.9118,ui.map.scroll,Idle,2
6269,223031.8467,143.6721,ui.map.scroll,Idle,2
6270,223160.0095,128.1627,ui.map.scroll,Idle,2
6271,223327.0889,167.0793,ui.map.scroll,Idle,2
6272,223467.6404,140.5516,ui.map.scroll,Idle,2
6273,223566.1009,98.4606,ui.map.scroll,Idle,2
6274,223682.7033,116.6023,ui.map.scroll,Idle,2
6275,223807.9944,125.2911,ui.map.scroll,Idle,2
6276,223935.4184,127.424,ui.map.scroll,Idle,2
6277,224049.9935,114.5751,ui.map.scroll,Idle,2
6278,224163.844,113.8506,ui.map.scroll,Idle,2
6279,224336.1562,172.3121,ui.map.scroll,Idle,2
6280,224448.9503,112.7941,ui.map.scroll,Idle,2
6281,224558.3612,109.4109,ui.map.scroll,Idle,2
6282,224658.6965,100.3352,ui.map.scroll,Idle,2
6283,224774.8489,116.1525,ui.map.scroll,Idle,2
6284,224901.1638,126.315,ui.map.scroll,Idle,2
6285,225008.2357,107.0718,ui.map.scroll,Idle,2
6286,225133.7632,125.5276,ui.map.scroll,Idle,2
6287,225265.9971,132.2338,ui.map.scroll,Idle,2
6288,225418.7751,152.778,ui.map.scroll,Idle,2
6289,225537.8536,119.0785,ui.map.scroll,Idle,2
6290,225643.9678,106.1142,ui.map.scroll,Idle,2
6291,225787.7928,143.825,ui.map.scroll,Idle,2
6292,225914.5303,126.7375,ui.map.scroll,Idle,2
6293,226056.313,141.7826,ui.map.scroll,Idle,2
6294,226175.7235,119.4106,ui.map.scroll,Idle,2
6295,226262.4235,86.7001,ui.map.scroll,Idle,2
6296,226408.0032,145.5797,ui.map.scroll,Idle,2
6297,226536.5016,128.4983,ui.map.scroll,Idle,2
6298,226647.0347,110.5331,ui.map.scroll,Idle,2
6299,226710.3081,63.2733,ui.map.scroll,Idle,2
6300,226859.1039,148.7956,ui.map.scroll,Idle,2
6301,226970.0334,110.9297,ui.map.scroll,Idle,2
6302,227087.5373,117.504,ui.map.scroll,Idle,2
6303,227184.9526,97.4154,ui.map.scroll,Idle,2
6304,227307.4998,122.5472,ui.map.scroll,Idle,2
6305,227464.4565,156.9566,ui.map.scroll,Idle,2
6306,227576.0868,111.6304,ui.map.scroll,Idle,2
6307,227597.9828,21.8959,ui.Journeys.open,Idle,2
6308,227637.9436,39.9608,ui.Journeys.open,Idle,2
6309,228034.2637,396.3201,ui.Journeys.open,Idle,2
6310,228071.2367,36.973,ui.Journeys.open,Idle,2
6311,228105.833,34.5963,ui.Journeys.open,Idle,2
6312,228139.3753,33.5422,ui.Journeys.open,Idle,2
6313,228171.2386,31.8635,ui.Journeys.open,Idle,2
6314,228203.2956,32.057,ui.Journeys.open,Idle,2
6315,228228.8108,25.5152,ui.Journeys.open,Idle,2
6316,228265.9252,37.1142,ui.Journeys.open,Idle,2
6317,228345.3504,79.4254,ui.Journeys.open,Idle,2
6318,228381.3107,35.9602,ui.Journeys.open,Idle,2
6319,228390.8893,9.5787,ui.Journeys.open,Idle,2
6320,228421.5532,30.6639,ui.Journeys.open,Idle,2
6321,228452.9725,31.4192,ui.Journeys.open,Idle,2
6322,228480.2654,27.2929,ui.Journeys.open,Idle,2
6323,228510.424,30.1586,ui.Journeys.open,Idle,2
6324,228548.8346,38.4107,ui.Journeys.open,Idle,2
6325,228580.2166,31.3819,ui.Journeys.open,Idle,2
6326,228610.1401,29.9236,ui.Journeys.open,Idle,2
6327,228649.2016,39.0614,ui.Journeys.open,Idle,2
6328,228680.5716,31.37,ui.Journeys.open,Idle,2
6329,228710.253,29.6815,ui.Journeys.open,Idle,2
6330,228741.9678,31.7147,ui.Journeys.open,Idle,2
6331,228773.7163,31.7486,ui.Journeys.open,Idle,2
6332,228805.3882,31.6718,ui.Journeys.open,Idle,2
6333,228837.2899,31.9017,ui.Journeys.open,Idle,2
6334,228865.5453,28.2553,ui.Journeys.open,Idle,2
6335,228900.349,34.8039,ui.Journeys.open,Idle,2
6336,228937.8124,37.4633,ui.Journeys.open,Idle,2
6337,228969.4315,31.6192,ui.Journeys.steady,Idle,2
6338,229000.8021,31.3706,ui.Journeys.steady,Idle,2
6339,229037.3252,36.5231,ui.Journeys.steady,Idle,2
6340,229077.3554,40.0301,ui.Journeys.steady,Idle,2
6341,229110.4495,33.0941,ui.Journeys.steady,Idle,2
6342,229149.9206,39.4711,ui.Journeys.steady,Idle,2
6343,229175.2619,25.3414,ui.Journeys.steady,Idle,2
6344,229211.7542,36.4922,ui.Journeys.steady,Idle,2
6345,229240.7943,29.0402,ui.Journeys.steady,Idle,2
6346,229270.9942,30.1996,ui.Journeys.steady,Idle,2
6347,229309.5279,38.5338,ui.Journeys.steady,Idle,2
6348,229354.1588,44.631,ui.Journeys.steady,Idle,2
6349,229380.8877,26.729,ui.Journeys.steady,Idle,2
6350,229419.8429,38.9551,ui.Journeys.steady,Idle,2
6351,229453.2207,33.3778,ui.Journeys.steady,Idle,2
6352,229478.8002,25.5795,ui.Journeys.steady,Idle,2
6353,229510.3363,31.5361,ui.Journeys.steady,Idle,2
6354,229548.5521,38.2158,ui.Journeys.steady,Idle,2
6355,229580.6019,32.0498,ui.Journeys.steady,Idle,2
6356,229610.4705,29.8686,ui.Journeys.steady,Idle,2
6357,229641.9466,31.4762,ui.Journeys.steady,Idle,2
6358,229674.183,32.2363,ui.Journeys.steady,Idle,2
6359,229705.5271,31.3441,ui.Journeys.steady,Idle,2
6360,229737.2843,31.7572,ui.Journeys.steady,Idle,2
6361,229764.3858,27.1016,ui.Journeys.steady,Idle,2
6362,229794.4652,30.0793,ui.Journeys.steady,Idle,2
6363,229826.2417,31.7765,ui.Journeys.steady,Idle,2
6364,229861.8117,35.57,ui.Journeys.steady,Idle,2
6365,229892.9707,31.159,ui.Journeys.steady,Idle,2
6366,229936.1753,43.2047,ui.Journeys.steady,Idle,2
6367,229962.1154,25.94,ui.Journeys.steady,Idle,2
6368,229993.7702,31.6548,ui.Journeys.steady,Idle,2
6369,230036.3048,42.5346,ui.Journeys.steady,Idle,2
6370,230061.7301,25.4253,ui.Journeys.steady,Idle,2
6371,230091.9263,30.1963,ui.Journeys.steady,Idle,2
6372,230123.6641,31.7378,ui.Journeys.steady,Idle,2
6373,230155.6603,31.9961,ui.Journeys.steady,Idle,2
6374,230186.8377,31.1774,ui.Journeys.steady,Idle,2
6375,230214.0716,27.2339,ui.Journeys.steady,Idle,2
6376,230253.1418,39.0702,ui.Journeys.steady,Idle,2
6377,230286.5268,33.385,ui.Journeys.steady,Idle,2
6378,230314.1964,27.6697,ui.Journeys.steady,Idle,2
6379,230354.9132,40.7168,ui.Journeys.steady,Idle,2
6380,230382.8708,27.9575,ui.Journeys.steady,Idle,2
6381,230416.5844,33.7137,ui.Journeys.steady,Idle,2
6382,230455.0972,38.5127,ui.Journeys.steady,Idle,2
6383,230488.5181,33.4209,ui.Journeys.steady,Idle,2
6384,230524.7743,36.2562,ui.Journeys.steady,Idle,2
6385,230560.6808,35.9066,ui.Journeys.steady,Idle,2
6386,230606.4006,45.7197,ui.Journeys.steady,Idle,2
6387,230640.2444,33.8438,ui.Journeys.steady,Idle,2
6388,230675.0891,34.8447,ui.Journeys.steady,Idle,2
6389,230710.8402,35.7511,ui.Journeys.steady,Idle,2
6390,230757.0724,46.2322,ui.Journeys.steady,Idle,2
6391,230791.5748,34.5025,ui.Journeys.steady,Idle,2
6392,230824.7178,33.1429,ui.Journeys.steady,Idle,2
6393,230858.7733,34.0555,ui.Journeys.steady,Idle,2
6394,230893.3794,34.6061,ui.Journeys.steady,Idle,2
6395,230939.0179,45.6385,ui.Journeys.steady,Idle,2
6396,230972.6532,33.6354,ui.Journeys.steady,Idle,2
6397,231006.7776,34.1242,ui.Journeys.steady,Idle,2
6398,231043.1829,36.4054,ui.Journeys.steady,Idle,2
6399,231089.1472,45.9643,ui.Journeys.steady,Idle,2
6400,231124.2516,35.1045,ui.Journeys.steady,Idle,2
6401,231153.0634,28.8117,ui.Journeys.steady,Idle,2
6402,231194.1718,41.1084,ui.Journeys.steady,Idle,2
6403,231240.1315,45.9597,ui.Journeys.steady,Idle,2
6404,231276.8319,36.7004,ui.Journeys.steady,Idle,2
6405,231309.9353,33.1035,ui.Journeys.steady,Idle,2
6406,231350.5341,40.5988,ui.Journeys.steady,Idle,2
6407,231382.1995,31.6653,ui.Journeys.steady,Idle,2
6408,231410.2522,28.0528,ui.Journeys.steady,Idle,2
6409,231442.4916,32.2393,ui.Journeys.steady,Idle,2
6410,231473.9764,31.4848,ui.Journeys.steady,Idle,2
6411,231506.3195,32.343,ui.Journeys.steady,Idle,2
6412,231538.1406,31.8213,ui.Journeys.steady,Idle,2
6413,231570.1531,32.0124,ui.Journeys.steady,Idle,2
6414,231598.0005,27.8473,ui.Journeys.steady,Idle,2
6415,231625.7231,27.7228,ui.Journeys.steady,Idle,2
6416,231659.2516,33.5284,ui.Journeys.steady,Idle,2
6417,231698.3655,39.114,ui.Journeys.steady,Idle,2
6418,231733.1432,34.7776,ui.Journeys.steady,Idle,2
6419,231771.7177,38.5745,ui.Journeys.steady,Idle,2
6420,231802.8511,31.1334,ui.Journeys.steady,Idle,2
6421,231828.672,25.8209,ui.Journeys.steady,Idle,2
6422,231858.8725,30.2006,ui.Journeys.steady,Idle,2
6423,231890.7847,31.9121,ui.Journeys.steady,Idle,2
6424,231919.7257,28.941,ui.Journeys.steady,Idle,2
6425,231954.4801,34.7545,ui.Journeys.steady,Idle,2
6426,231981.4802,27.0001,ui.Journeys.steady,Idle,2
6427,232023.2664,41.7862,ui.Journeys.steady,Idle,2
6428,232057.9699,34.7034,ui.Journeys.steady,Idle,2
6429,232087.2386,29.2688,ui.Journeys.steady,Idle,2
6430,232126.8874,39.6487,ui.Journeys.steady,Idle,2
6431,232160.1659,33.2785,ui.Journeys.steady,Idle,2
6432,232202.7525,42.5866,ui.Journeys.steady,Idle,2
6433,232228.4204,25.668,ui.Journeys.steady,Idle,2
6434,232258.5468,30.1264,ui.Journeys.steady,Idle,2
6435,232288.0905,29.5436,ui.Journeys.steady,Idle,2
6436,232321.7199,33.6294,ui.Journeys.steady,Idle,2
6437,232350.1848,28.465,ui.Journeys.steady,Idle,2
6438,232382.4528,32.2679,ui.Journeys.steady,Idle,2
6439,232423.381,40.9282,ui.Journeys.steady,Idle,2
6440,232458.6326,35.2517,ui.Journeys.steady,Idle,2
6441,232487.4261,28.7933,ui.Journeys.steady,Idle,2
6442,232521.5657,34.1397,ui.Journeys.steady,Idle,2
6443,232553.5071,31.9414,ui.Journeys.steady,Idle,2
6444,232587.3305,33.8234,ui.Journeys.steady,Idle,2
6445,232619.3028,31.9724,ui.Journeys.steady,Idle,2
6446,232650.0142,30.7114,ui.Journeys.steady,Idle,2
6447,232677.9893,27.9751,ui.Journeys.steady,Idle,2
6448,232710.2116,32.2223,ui.Journeys.steady,Idle,2
6449,232741.5215,31.3098,ui.Journeys.steady,Idle,2
6450,232774.0285,32.507,ui.Journeys.steady,Idle,2
6451,232806.02,31.9915,ui.Journeys.steady,Idle,2
6452,232836.9738,30.9538,ui.Journeys.steady,Idle,2
6453,232874.2497,37.2759,ui.Journeys.steady,Idle,2
6454,232906.8801,32.6304,ui.Journeys.steady,Idle,2
6455,232942.2332,35.3531,ui.Journeys.steady,Idle,2
6456,232975.6049,33.3715,ui.Journeys.steady,Idle,2
6457,233011.7543,36.1495,ui.Settings.open,Idle,2
6458,233052.5134,40.7593,ui.Settings.open,Idle,2
6459,233158.6266,106.1131,ui.Settings.open,Idle,2
6460,233190.11,31.4834,ui.Settings.open,Idle,2
6461,233217.4656,27.3556,ui.Settings.open,Idle,2
6462,233251.8932,34.4276,ui.Settings.open,Idle,2
6463,233284.4677,32.5745,ui.Settings.open,Idle,2
6464,233327.3073,42.8397,ui.Settings.open,Idle,2
6465,233360.2327,32.9254,ui.Settings.open,Idle,2
6466,233391.6336,31.4008,ui.Settings.open,Idle,2
6467,233418.9463,27.3128,ui.Settings.open,Idle,2
6468,233459.2863,40.34,ui.Settings.open,Idle,2
6469,233486.4795,27.1931,ui.Settings.open,Idle,2
6470,233517.5201,31.0406,ui.Settings.open,Idle,2
6471,233544.6908,27.1706,ui.Settings.open,Idle,2
6472,233575.5456,30.855,ui.Settings.open,Idle,2
6473,233606.8177,31.272,ui.Settings.open,Idle,2
6474,233639.2443,32.4265,ui.Settings.open,Idle,2
6475,233674.6756,35.431,ui.Settings.open,Idle,2
6476,233705.0696,30.3944,ui.Settings.open,Idle,2
6477,233733.5016,28.432,ui.Settings.open,Idle,2
6478,233763.3796,29.8779,ui.Settings.open,Idle,2
6479,233796.2507,32.8712,ui.Settings.open,Idle,2
6480,233831.5352,35.2845,ui.Settings.open,Idle,2
6481,233860.736,29.2009,ui.Settings.open,Idle,2
6482,233892.0329,31.2968,ui.Settings.open,Idle,2
6483,233927.8174,35.7845,ui.Settings.open,Idle,2
6484,233957.8323,30.015,ui.Settings.open,Idle,2
6485,233986.3136,28.4813,ui.Settings.open,Idle,2
6486,234024.5594,38.2458,ui.Settings.open,Idle,2
6487,234053.1311,28.5717,ui.Settings.steady,Idle,2
6488,234085.967,32.8359,ui.Settings.steady,Idle,2
6489,234126.1553,40.1882,ui.Settings.steady,Idle,2
6490,234161.4677,35.3124,ui.Settings.steady,Idle,2
6491,234190.3343,28.8666,ui.Settings.steady,Idle,2
6492,234218.9275,28.5932,ui.Settings.steady,Idle,2
6493,234249.7463,30.8188,ui.Settings.steady,Idle,2
6494,234287.3328,37.5864,ui.Settings.steady,Idle,2
6495,234305.8406,18.5078,ui.Settings.steady,Idle,2
6496,234338.8775,33.037,ui.Settings.steady,Idle,2
6497,234365.8469,26.9693,ui.Settings.steady,Idle,2
6498,234392.6889,26.8419,ui.Settings.steady,Idle,2
6499,234434.5238,41.8351,ui.Settings.steady,Idle,2
6500,234470.0007,35.477,ui.Settings.steady,Idle,2
6501,234511.3738,41.3731,ui.Settings.steady,Idle,2
6502,234559.3828,48.0089,ui.Settings.steady,Idle,2
6503,234593.8978,34.515,ui.Settings.steady,Idle,2
6504,234636.9102,43.0124,ui.Settings.steady,Idle,2
6505,234675.8315,38.9213,ui.Settings.steady,Idle,2
6506,234717.1825,41.351,ui.Settings.steady,Idle,2
6507,234744.5982,27.4157,ui.Settings.steady,Idle,2
6508,234784.6158,40.0175,ui.Settings.steady,Idle,2
6509,234824.8363,40.2205,ui.Settings.steady,Idle,2
6510,234860.3678,35.5316,ui.Settings.steady,Idle,2
6511,234898.4665,38.0987,ui.Settings.steady,Idle,2
6512,234929.177,30.7105,ui.Settings.steady,Idle,2
6513,234968.2829,39.106,ui.Settings.steady,Idle,2
6514,235009.1062,40.8232,ui.Settings.steady,Idle,2
6515,235049.7784,40.6721,ui.Settings.steady,Idle,2
6516,235077.3993,27.6209,ui.Settings.steady,Idle,2
6517,235113.6066,36.2074,ui.Settings.steady,Idle,2
6518,235152.8465,39.2399,ui.Settings.steady,Idle,2
6519,235193.3335,40.487,ui.Settings.steady,Idle,2
6520,235234.9455,41.6121,ui.Settings.steady,Idle,2
6521,235274.6263,39.6808,ui.Settings.steady,Idle,2
6522,235310.3284,35.7021,ui.Settings.steady,Idle,2
6523,235352.2886,41.9602,ui.Settings.steady,Idle,2
6524,235382.3224,30.0338,ui.Settings.steady,Idle,2
6525,235418.5261,36.2036,ui.Settings.steady,Idle,2
6526,235449.1194,30.5934,ui.Settings.steady,Idle,2
6527,235477.1721,28.0526,ui.Settings.steady,Idle,2
6528,235508.464,31.2919,ui.Settings.steady,Idle,2
6529,235540.0227,31.5586,ui.Settings.steady,Idle,2
6530,235566.5619,26.5394,ui.Settings.steady,Idle,2
6531,235597.8403,31.2784,ui.Settings.steady,Idle,2
6532,235625.3677,27.5273,ui.Settings.steady,Idle,2
6533,235658.6871,33.3194,ui.Settings.steady,Idle,2
6534,235694.4049,35.7178,ui.Settings.steady,Idle,2
6535,235724.1555,29.7506,ui.Settings.steady,Idle,2
6536,235753.0965,28.941,ui.Settings.steady,Idle,2
6537,235784.1224,31.0259,ui.Settings.steady,Idle,2
6538,235811.6779,27.5555,ui.Settings.steady,Idle,2
6539,235842.4076,30.7297,ui.Settings.steady,Idle,2
6540,235871.8133,29.4058,ui.Settings.steady,Idle,2
6541,235908.2148,36.4014,ui.Settings.steady,Idle,2
6542,235940.9433,32.7285,ui.Settings.steady,Idle,2
6543,235968.3974,27.4541,ui.Settings.steady,Idle,2
6544,236001.6321,33.2346,ui.Settings.steady,Idle,2
6545,236034.4878,32.8557,ui.Settings.steady,Idle,2
6546,236064.9041,30.4164,ui.Settings.steady,Idle,2
6547,236096.3146,31.4105,ui.Settings.steady,Idle,2
6548,236132.443,36.1285,ui.Settings.steady,Idle,2
6549,236162.2106,29.7675,ui.Settings.steady,Idle,2
6550,236191.4969,29.2864,ui.Settings.steady,Idle,2
6551,236224.6775,33.1806,ui.Settings.steady,Idle,2
6552,236258.659,33.9813,ui.Settings.steady,Idle,2
6553,236290.3421,31.6832,ui.Settings.steady,Idle,2
6554,236318.5224,28.1803,ui.Settings.steady,Idle,2
6555,236348.93,30.4077,ui.Settings.steady,Idle,2
6556,236385.6631,36.7331,ui.Settings.steady,Idle,2
6557,236415.8457,30.1824,ui.Settings.steady,Idle,2
6558,236444.0533,28.2076,ui.Settings.steady,Idle,2
6559,236480.4857,36.4325,ui.Settings.steady,Idle,2
6560,236507.2706,26.785,ui.Settings.steady,Idle,2
6561,236534.5887,27.3181,ui.Settings.steady,Idle,2
6562,236568.8902,34.3015,ui.Settings.steady,Idle,2
6563,236606.7269,37.8367,ui.Settings.steady,Idle,2
6564,236633.3292,26.6022,ui.Settings.steady,Idle,2
6565,236664.4774,31.1482,ui.Settings.steady,Idle,2
6566,236694.1162,29.6389,ui.Settings.steady,Idle,2
6567,236723.5942,29.478,ui.Settings.steady,Idle,2
6568,236752.1372,28.5429,ui.Settings.steady,Idle,2
6569,236782.8006,30.6635,ui.Settings.steady,Idle,2
6570,236810.2831,27.4825,ui.Settings.steady,Idle,2
6571,236841.3975,31.1144,ui.Settings.steady,Idle,2
6572,236872.8841,31.4866,ui.Settings.steady,Idle,2
6573,236903.7045,30.8204,ui.Settings.steady,Idle,2
6574,236940.8118,37.1073,ui.Settings.steady,Idle,2
6575,236967.462,26.6502,ui.Settings.steady,Idle,2
6576,237001.5571,34.0951,ui.Settings.steady,Idle,2
6577,237042.1901,40.633,ui.Settings.steady,Idle,2
6578,237074.9027,32.7126,ui.Settings.steady,Idle,2
6579,237106.4388,31.536,ui.Settings.steady,Idle,2
6580,237134.8745,28.4358,ui.Settings.steady,Idle,2
6581,237164.5277,29.6532,ui.Settings.steady,Idle,2
6582,237191.9395,27.4118,ui.Settings.steady,Idle,2
6583,237223.1864,31.2468,ui.Settings.steady,Idle,2
6584,237251.554,28.3676,ui.Settings.steady,Idle,2
6585,237282.0124,30.4585,ui.Settings.steady,Idle,2
6586,237309.3927,27.3802,ui.Settings.steady,Idle,2
6587,237340.6948,31.3021,ui.Settings.steady,Idle,2
6588,237373.0394,32.3445,ui.Settings.steady,Idle,2
6589,237404.3774,31.3381,ui.Settings.steady,Idle,2
6590,237434.7872,30.4097,ui.Settings.steady,Idle,2
6591,237467.1411,32.354,ui.Settings.steady,Idle,2
6592,237497.2454,30.1044,ui.Settings.steady,Idle,2
6593,237521.3092,24.0636,ui.Settings.steady,Idle,2
6594,237552.5914,31.2822,ui.Settings.steady,Idle,2
6595,237578.619,26.0277,ui.Settings.steady,Idle,2
6596,237606.4347,27.8156,ui.Settings.steady,Idle,2
6597,237634.1001,27.6654,ui.Settings.steady,Idle,2
6598,237663.6056,29.5057,ui.Settings.steady,Idle,2
6599,237689.4061,25.8002,ui.Settings.steady,Idle,2
6600,237723.595,34.1891,ui.Settings.steady,Idle,2
6601,237751.9667,28.3717,ui.Settings.steady,Idle,2
6602,237782.2986,30.3319,ui.Settings.steady,Idle,2
6603,237809.511,27.2124,ui.Settings.steady,Idle,2
6604,237840.6675,31.1565,ui.Settings.steady,Idle,2
6605,237867.7843,27.1168,ui.Settings.steady,Idle,2
6606,237898.4824,30.6982,ui.Settings.steady,Idle,2
6607,238064.1996,165.7171,ui.album.open,Idle,2
6608,238100.2214,36.0217,ui.album.open,Idle,2
6609,238223.6829,123.4616,ui.album.open,Idle,2
6610,238246.962,23.2791,ui.album.open,Idle,2
6611,238287.7735,40.8115,ui.album.open,Idle,2
6612,238325.4399,37.6664,ui.album.open,Idle,2
6613,238343.3607,17.9209,ui.album.open,Idle,2
6614,238370.9703,27.6094,ui.album.open,Idle,2
6615,238399.9761,29.0059,ui.album.open,Idle,2
6616,238432.5622,32.5861,ui.album.open,Idle,2
6617,238491.9613,59.3992,ui.album.open,Idle,2
6618,238509.8475,17.8861,ui.album.open,Idle,2
6619,238556.4138,46.5663,ui.album.open,Idle,2
6620,238608.1843,51.7705,ui.album.open,Idle,2
6621,238634.5874,26.4031,ui.album.open,Idle,2
6622,238672.5514,37.9641,ui.album.open,Idle,2
6623,238714.5796,42.0281,ui.album.open,Idle,2
6624,238758.6374,44.0578,ui.album.open,Idle,2
6625,238794.2616,35.6242,ui.album.open,Idle,2
6626,238824.7428,30.481,ui.album.open,Idle,2
6627,238861.0251,36.2825,ui.album.open,Idle,2
6628,238900.6503,39.6253,ui.album.open,Idle,2
6629,238939.4638,38.8134,ui.album.open,Idle,2
6630,238972.0634,32.5996,ui.album.open,Idle,2
6631,239005.733,33.6696,ui.album.open,Idle,2
6632,239047.7782,42.0452,ui.album.open,Idle,2
6633,239078.1446,30.3664,ui.album.open,Idle,2
6634,239117.3553,39.2107,ui.album.open,Idle,2
6635,239144.0762,26.7209,ui.album.open,Idle,2
6636,239183.3944,39.3183,ui.album.open,Idle,2
6637,239230.7993,47.4048,ui.album.open,Idle,2
6638,239261.1442,30.345,ui.album.open,Idle,2
6639,239297.3575,36.2133,ui.album.open,Idle,2
6640,239323.8545,26.4969,ui.album.open,Idle,2
6641,239354.6874,30.833,ui.album.open,Idle,2
6642,239391.5833,36.8958,ui.album.open,Idle,2
6643,239419.5098,27.9266,ui.album.open,Idle,2
6644,239449.8302,30.3204,ui.album.open,Idle,2
6645,239476.7714,26.9411,ui.album.open,Idle,2
6646,239507.7461,30.9747,ui.album.open,Idle,2
6647,239549.316,41.5699,ui.album.open,Idle,2
6648,239573.3882,24.0722,ui.album.open,Idle,2
6649,239599.6743,26.286,ui.album.open,Idle,2
6650,239633.5665,33.8923,ui.album.open,Idle,2
6651,239670.8845,37.318,ui.album.open,Idle,2
6652,239707.8486,36.9641,ui.album.high.steady,Idle,2
6653,239731.861,24.0124,ui.album.high.steady,Idle,2
6654,239763.4517,31.5907,ui.album.high.steady,Idle,2
6655,239791.8883,28.4367,ui.album.high.steady,Idle,2
6656,239836.3788,44.4905,ui.album.high.steady,Idle,2
6657,239870.0454,33.6665,ui.album.high.steady,Idle,2
6658,239895.4843,25.439,ui.album.high.steady,Idle,2
6659,239925.7815,30.2971,ui.album.high.steady,Idle,2
6660,239954.988,29.2066,ui.album.high.steady,Idle,2
6661,239991.7119,36.7238,ui.album.high.steady,Idle,2
6662,240039.7924,48.0806,ui.album.high.steady,Idle,2
6663,240064.8281,25.0357,ui.album.high.steady,Idle,2
6664,240093.5109,28.6827,ui.album.high.steady,Idle,2
6665,240124.1472,30.6363,ui.album.high.steady,Idle,2
6666,240159.8492,35.702,ui.album.high.steady,Idle,2
6667,240196.7758,36.9265,ui.album.high.steady,Idle,2
6668,240221.1567,24.3811,ui.album.high.steady,Idle,2
6669,240247.6603,26.5036,ui.album.high.steady,Idle,2
6670,240285.6055,37.9451,ui.album.high.steady,Idle,2
6671,240312.2213,26.6158,ui.album.high.steady,Idle,2
6672,240350.8623,38.641,ui.album.high.steady,Idle,2
6673,240373.8393,22.977,ui.album.high.steady,Idle,2
6674,240403.2251,29.3858,ui.album.high.steady,Idle,2
6675,240431.6492,28.4242,ui.album.high.steady,Idle,2
6676,240460.3043,28.655,ui.album.high.steady,Idle,2
6677,240496.5944,36.2901,ui.album.high.steady,Idle,2
6678,240521.8804,25.286,ui.album.high.steady,Idle,2
6679,240559.277,37.3965,ui.album.high.steady,Idle,2
6680,240588.4185,29.1416,ui.album.high.steady,Idle,2
6681,240614.5385,26.1201,ui.album.high.steady,Idle,2
6682,240648.6826,34.1441,ui.album.high.steady,Idle,2
6683,240673.7691,25.0864,ui.album.high.steady,Idle,2
6684,240704.2723,30.5033,ui.album.high.steady,Idle,2
6685,240729.0977,24.8253,ui.album.high.steady,Idle,2
6686,240759.196,30.0981,ui.album.high.steady,Idle,2
6687,240788.3054,29.1096,ui.album.high.steady,Idle,2
6688,240814.6158,26.3104,ui.album.high.steady,Idle,2
6689,240843.9171,29.3012,ui.album.high.steady,Idle,2
6690,240893.7406,49.8235,ui.album.high.steady,Idle,2
6691,240924.0653,30.3249,ui.album.high.steady,Idle,2
6692,240957.5603,33.4949,ui.album.high.steady,Idle,2
6693,241001.2934,43.7331,ui.album.high.steady,Idle,2
6694,241040.4366,39.143,ui.album.high.steady,Idle,2
6695,241083.6171,43.1807,ui.album.high.steady,Idle,2
6696,241116.8699,33.2528,ui.album.high.steady,Idle,2
6697,241156.5139,39.644,ui.album.high.steady,Idle,2
6698,241210.8464,54.3325,ui.album.high.steady,Idle,2
6699,241250.0146,39.1682,ui.album.high.steady,Idle,2
6700,241289.1377,39.1231,ui.album.high.steady,Idle,2
6701,241329.0747,39.937,ui.album.high.steady,Idle,2
6702,241369.1679,40.093,ui.album.high.steady,Idle,2
6703,241411.3207,42.153,ui.album.high.steady,Idle,2
6704,241451.5309,40.2102,ui.album.high.steady,Idle,2
6705,241494.6086,43.0776,ui.album.high.steady,Idle,2
6706,241547.0207,52.4121,ui.album.high.steady,Idle,2
6707,241583.4478,36.4271,ui.album.high.steady,Idle,2
6708,241622.4383,38.9904,ui.album.high.steady,Idle,2
6709,241667.3126,44.8745,ui.album.high.steady,Idle,2
6710,241706.9946,39.6821,ui.album.high.steady,Idle,2
6711,241738.8004,31.8058,ui.album.high.steady,Idle,2
6712,241778.3285,39.5281,ui.album.high.steady,Idle,2
6713,241816.7314,38.4027,ui.album.high.steady,Idle,2
6714,241871.5505,54.8192,ui.album.high.steady,Idle,2
6715,241901.6676,30.1171,ui.album.high.steady,Idle,2
6716,241944.3701,42.7025,ui.album.high.steady,Idle,2
6717,241985.2758,40.9057,ui.album.high.steady,Idle,2
6718,242028.1474,42.8714,ui.album.high.steady,Idle,2
6719,242063.245,35.0976,ui.album.high.steady,Idle,2
6720,242095.9632,32.7185,ui.album.high.steady,Idle,2
6721,242140.2328,44.2696,ui.album.high.steady,Idle,2
6722,242197.7187,57.4858,ui.album.high.steady,Idle,2
6723,242233.1468,35.4281,ui.album.high.steady,Idle,2
6724,242273.2459,40.0991,ui.album.high.steady,Idle,2
6725,242316.5645,43.3186,ui.album.high.steady,Idle,2
6726,242356.3301,39.7655,ui.album.high.steady,Idle,2
6727,242395.4655,39.1354,ui.album.high.steady,Idle,2
6728,242423.7493,28.2839,ui.album.high.steady,Idle,2
6729,242467.2464,43.4971,ui.album.high.steady,Idle,2
6730,242516.039,48.7925,ui.album.high.steady,Idle,2
6731,242549.9209,33.882,ui.album.high.steady,Idle,2
6732,242589.143,39.2221,ui.album.high.steady,Idle,2
6733,242633.14,43.997,ui.album.high.steady,Idle,2
6734,242672.4622,39.3222,ui.album.high.steady,Idle,2
6735,242711.3184,38.8562,ui.album.high.steady,Idle,2
6736,242749.915,38.5966,ui.album.high.steady,Idle,2
6737,242785.1506,35.2356,ui.album.high.steady,Idle,2
6738,242837.2949,52.1443,ui.album.high.steady,Idle,2
6739,242857.7097,20.4148,ui.album.high.steady,Idle,2
6740,242893.6677,35.958,ui.album.high.steady,Idle,2
6741,242928.6388,34.9711,ui.album.high.steady,Idle,2
6742,242992.6158,63.9769,ui.album.high.steady,Idle,2
6743,243006.8076,14.192,ui.album.high.steady,Idle,2
6744,243043.5584,36.7508,ui.album.high.steady,Idle,2
6745,243078.705,35.1466,ui.album.high.steady,Idle,2
6746,243116.7178,38.0127,ui.album.high.steady,Idle,2
6747,243163.1292,46.4114,ui.album.high.steady,Idle,2
6748,243193.5236,30.3945,ui.album.high.steady,Idle,2
6749,243228.5703,35.0466,ui.album.high.steady,Idle,2
6750,243266.4871,37.9168,ui.album.high.steady,Idle,2
6751,243298.2484,31.7614,ui.album.high.steady,Idle,2
6752,243331.885,33.6366,ui.album.high.steady,Idle,2
6753,243354.6218,22.7367,ui.album.high.steady,Idle,2
6754,243380.8072,26.1854,ui.album.high.steady,Idle,2
6755,243409.4211,28.614,ui.album.high.steady,Idle,2
6756,243439.7125,30.2913,ui.album.high.steady,Idle,2
6757,243477.9206,38.2081,ui.album.high.steady,Idle,2
6758,243512.0018,34.0812,ui.album.high.steady,Idle,2
6759,243541.6503,29.6485,ui.album.high.steady,Idle,2
6760,243572.0691,30.4187,ui.album.high.steady,Idle,2
6761,243599.448,27.379,ui.album.high.steady,Idle,2
6762,243627.437,27.9889,ui.album.high.steady,Idle,2
6763,243655.478,28.0411,ui.album.high.steady,Idle,2
6764,243681.2973,25.8193,ui.album.high.steady,Idle,2
6765,243715.1229,33.8256,ui.album.high.steady,Idle,2
6766,243739.6022,24.4793,ui.album.high.steady,Idle,2
6767,243766.4046,26.8025,ui.album.high.steady,Idle,2
6768,243795.7943,29.3895,ui.album.high.steady,Idle,2
6769,243825.4586,29.6645,ui.album.high.steady,Idle,2
6770,243854.9186,29.4599,ui.album.high.steady,Idle,2
6771,243879.0911,24.1725,ui.album.high.steady,Idle,2
6772,243908.9972,29.9062,ui.album.high.steady,Idle,2
6773,243945.7772,36.7799,ui.album.high.steady,Idle,2
6774,243972.7211,26.944,ui.album.high.steady,Idle,2
6775,244006.3828,33.6616,ui.album.high.steady,Idle,2
6776,244038.0372,31.6544,ui.album.high.steady,Idle,2
6777,244067.8435,29.8063,ui.album.high.steady,Idle,2
6778,244100.3366,32.4931,ui.album.high.steady,Idle,2
6779,244128.4516,28.1151,ui.album.high.steady,Idle,2
6780,244161.1719,32.72,ui.album.high.steady,Idle,2
6781,244201.908,40.7364,ui.album.high.steady,Idle,2
6782,244222.7539,20.8459,ui.album.high.steady,Idle,2
6783,244248.5241,25.7701,ui.album.high.steady,Idle,2
6784,244277.1437,28.6197,ui.album.high.steady,Idle,2
6785,244307.2181,30.0743,ui.album.high.steady,Idle,2
6786,244344.3765,37.1585,ui.album.high.steady,Idle,2
6787,244372.725,28.3484,ui.album.high.steady,Idle,2
6788,244400.1918,27.4669,ui.album.high.steady,Idle,2
6789,244428.4555,28.2637,ui.album.high.steady,Idle,2
6790,244460.0926,31.637,ui.album.high.steady,Idle,2
6791,244502.592,42.4994,ui.album.high.steady,Idle,2
6792,244520.5212,17.9293,ui.album.high.steady,Idle,2
6793,244548.982,28.4607,ui.album.high.steady,Idle,2
6794,244577.0776,28.0956,ui.album.high.steady,Idle,2
6795,244607.1261,30.0486,ui.album.high.steady,Idle,2
6796,244644.132,37.0058,ui.album.high.steady,Idle,2
6797,244673.4498,29.3176,ui.album.high.steady,Idle,2
6798,244698.588,25.1385,ui.album.high.steady,Idle,2
6799,244728.8999,30.3119,ui.album.high.steady,Idle,2
6800,244758.8838,29.9837,ui.album.high.steady,Idle,2
6801,244796.7795,37.8959,ui.album.high.steady,Idle,2
6802,244825.8682,29.0886,ui.album.rotate,Idle,2
6803,244854.5605,28.6923,ui.album.rotate,Idle,2
6804,244878.8947,24.3342,ui.album.rotate,Idle,2
6805,244909.0173,30.1226,ui.album.rotate,Idle,2
6806,244941.8464,32.8292,ui.album.rotate,Idle,2
6807,244975.2929,33.4463,ui.album.rotate,Idle,2
6808,245017.3791,42.0863,ui.album.rotate,Idle,2
6809,245042.3227,24.9435,ui.album.rotate,Idle,2
6810,245075.1803,32.8575,ui.album.rotate,Idle,2
6811,245105.4983,30.3182,ui.album.rotate,Idle,2
6812,245132.3412,26.843,ui.album.rotate,Idle,2
6813,245177.4645,45.1233,ui.album.rotate,Idle,2
6814,245192.4191,14.9544,ui.album.rotate,Idle,2
6815,245221.7019,29.283,ui.album.rotate,Idle,2
6816,245245.9135,24.2116,ui.album.rotate,Idle,2
6817,245297.5782,51.6645,ui.album.rotate,Idle,2
6818,245310.4767,12.8986,ui.album.rotate,Idle,2
6819,245351.1321,40.6554,ui.album.rotate,Idle,2
6820,245389.9006,38.7686,ui.album.rotate,Idle,2
6821,245424.7838,34.8831,ui.album.rotate,Idle,2
6822,245462.4789,37.695,ui.album.rotate,Idle,2
6823,245502.9058,40.427,ui.album.rotate,Idle,2
6824,245549.5894,46.6837,ui.album.rotate,Idle,2
6825,245593.1196,43.5301,ui.album.rotate,Idle,2
6826,245607.4363,14.3167,ui.album.rotate,Idle,2
6827,245634.0948,26.6583,ui.album.rotate,Idle,2
6828,245668.3716,34.277,ui.album.rotate,Idle,2
6829,245728.1941,59.8224,ui.album.rotate,Idle,2
6830,245744.7319,16.5379,ui.album.rotate,Idle,2
6831,245783.1709,38.439,ui.album.rotate,Idle,2
6832,245817.7585,34.5877,ui.album.rotate,Idle,2
6833,245856.5735,38.8149,ui.album.rotate,Idle,2
6834,245897.3201,40.7467,ui.album.rotate,Idle,2
6835,245940.9882,43.6678,ui.album.rotate,Idle,2
6836,245953.7144,12.7264,ui.album.rotate,Idle,2
6837,245976.3354,22.6208,ui.album.rotate,Idle,2
6838,246029.2199,52.8848,ui.album.rotate,Idle,2
6839,246041.6872,12.4673,ui.album.rotate,Idle,2
6840,246071.6507,29.9634,ui.album.rotate,Idle,2
6841,246096.0168,24.366,ui.album.rotate,Idle,2
6842,246123.4157,27.399,ui.album.rotate,Idle,2
6843,246167.2127,43.7969,ui.album.rotate,Idle,2
6844,246179.5732,12.3605,ui.album.rotate,Idle,2
6845,246207.3763,27.8032,ui.album.rotate,Idle,2
6846,246232.7381,25.3619,ui.album.rotate,Idle,2
6847,246261.0737,28.3355,ui.album.rotate,Idle,2
6848,246296.1969,35.1232,ui.album.rotate,Idle,2
6849,246316.3384,20.1416,ui.album.rotate,Idle,2
6850,246347.5553,31.2169,ui.album.rotate,Idle,2
6851,246373.8134,26.258,ui.album.rotate,Idle,2
6852,246403.7913,29.9779,ui.album.rotate,Idle,2
6853,246456.0223,52.231,ui.album.rotate,Idle,2
6854,246500.2378,44.2155,ui.album.rotate,Idle,2
6855,246513.2994,13.0616,ui.album.rotate,Idle,2
6856,246545.6818,32.3824,ui.album.rotate,Idle,2
6857,246583.5564,37.8746,ui.album.rotate,Idle,2
6858,246625.3309,41.7745,ui.album.rotate,Idle,2
6859,246644.6887,19.3578,ui.album.rotate,Idle,2
6860,246680.8097,36.121,ui.album.rotate,Idle,2
6861,246725.5189,44.7092,ui.album.rotate,Idle,2
6862,246757.7409,32.2219,ui.album.rotate,Idle,2
6863,246797.117,39.3763,ui.album.rotate,Idle,2
6864,246815.0264,17.9093,ui.album.rotate,Idle,2
6865,246851.5426,36.5162,ui.album.rotate,Idle,2
6866,246884.8229,33.2803,ui.album.rotate,Idle,2
6867,246919.0386,34.2156,ui.album.rotate,Idle,2
6868,246964.1304,45.092,ui.album.rotate,Idle,2
6869,246993.222,29.0915,ui.album.rotate,Idle,2
6870,247028.3151,35.0932,ui.album.rotate,Idle,2
6871,247066.2416,37.9263,ui.album.rotate,Idle,2
6872,247101.6099,35.3685,ui.album.rotate,Idle,2
6873,247141.5538,39.9439,ui.album.rotate,Idle,2
6874,247169.1465,27.5927,ui.album.rotate,Idle,2
6875,247207.1587,38.0121,ui.album.rotate,Idle,2
6876,247241.0272,33.8685,ui.album.rotate,Idle,2
6877,247276.758,35.7308,ui.album.rotate,Idle,2
6878,247305.9431,29.1851,ui.album.rotate,Idle,2
6879,247332.5662,26.6231,ui.album.rotate,Idle,2
6880,247360.8919,28.3257,ui.album.rotate,Idle,2
6881,247395.8139,34.9221,ui.album.rotate,Idle,2
6882,247415.9306,20.1166,ui.album.rotate,Idle,2
6883,247443.5809,27.6501,ui.album.rotate,Idle,2
6884,247479.2998,35.7191,ui.album.rotate,Idle,2
6885,247526.6044,47.3046,ui.album.rotate,Idle,2
6886,247540.2779,13.6735,ui.album.rotate,Idle,2
6887,247565.7431,25.4652,ui.album.rotate,Idle,2
6888,247593.7903,28.0472,ui.album.rotate,Idle,2
6889,247631.5563,37.766,ui.album.rotate,Idle,2
6890,247658.409,26.8528,ui.album.rotate,Idle,2
6891,247690.4471,32.038,ui.album.rotate,Idle,2
6892,247717.4232,26.9761,ui.album.rotate,Idle,2
6893,247744.1534,26.7302,ui.album.rotate,Idle,2
6894,247775.4702,31.3168,ui.album.rotate,Idle,2
6895,247808.6605,33.1904,ui.album.rotate,Idle,2
6896,247844.5513,35.8907,ui.album.rotate,Idle,2
6897,247874.1195,29.5681,ui.album.rotate,Idle,2
6898,247911.0325,36.9132,ui.album.rotate,Idle,2
6899,247947.0124,35.9799,ui.album.rotate,Idle,2
6900,247985.6626,38.6501,ui.album.rotate,Idle,2
6901,248017.0019,31.3393,ui.album.rotate,Idle,2
6902,248054.8761,37.8742,ui.album.rotate,Idle,2
6903,248090.5123,35.6363,ui.album.rotate,Idle,2
6904,248110.7653,20.2529,ui.album.rotate,Idle,2
6905,248142.6009,31.8355,ui.album.rotate,Idle,2
6906,248183.7305,41.1298,ui.album.rotate,Idle,2
6907,248208.237,24.5064,ui.album.rotate,Idle,2
6908,248239.5676,31.3307,ui.album.rotate,Idle,2
6909,248274.2324,34.6647,ui.album.rotate,Idle,2
6910,248307.1648,32.9325,ui.album.rotate,Idle,2
6911,248335.781,28.6161,ui.album.rotate,Idle,2
6912,248365.952,30.1709,ui.album.rotate,Idle,2
6913,248396.2396,30.2877,ui.album.rotate,Idle,2
6914,248432.5331,36.2935,ui.album.rotate,Idle,2
6915,248465.4728,32.9398,ui.album.rotate,Idle,2
6916,248494.4446,28.9718,ui.album.rotate,Idle,2
6917,248522.1168,27.6721,ui.album.rotate,Idle,2
6918,248547.9913,25.8745,ui.album.rotate,Idle,2
6919,248606.3418,58.3505,ui.album.rotate,Idle,2
6920,248617.1379,10.7961,ui.album.rotate,Idle,2
6921,248645.0156,27.8778,ui.album.rotate,Idle,2
6922,248685.4955,40.4799,audit.snapshot.ui.album.rotate,Idle,2
6923,248723.6703,38.1747,audit.snapshot.ui.album.rotate,Idle,2
6924,248752.7121,29.0417,audit.snapshot.ui.album.rotate,Idle,2
6925,248777.1295,24.4175,audit.snapshot.ui.album.rotate,Idle,2
6926,248816.8865,39.7569,audit.snapshot.ui.album.rotate,Idle,2
6927,248865.8562,48.9698,audit.snapshot.ui.album.rotate,Idle,2
6928,248902.8292,36.9729,audit.snapshot.ui.album.rotate,Idle,2
6929,248915.4732,12.6442,audit.snapshot.ui.album.rotate,Idle,2
6930,248940.1202,24.6469,audit.snapshot.ui.album.rotate,Idle,2
6931,248976.9563,36.836,audit.snapshot.ui.album.rotate,Idle,2
6932,249016.3966,39.4404,audit.snapshot.ui.album.rotate,Idle,2
6933,249049.9929,33.5963,audit.snapshot.ui.album.rotate,Idle,2
6934,249075.6974,25.7045,audit.snapshot.ui.album.rotate,Idle,2
6935,249117.6518,41.9544,audit.snapshot.ui.album.rotate,Idle,2
6936,249128.7351,11.0832,audit.snapshot.ui.album.rotate,Idle,2
6937,249157.3717,28.6368,audit.snapshot.ui.album.rotate,Idle,2
6938,249193.6425,36.2708,audit.snapshot.ui.album.rotate,Idle,2
6939,249231.3278,37.6852,audit.snapshot.ui.album.rotate,Idle,2
6940,249254.0357,22.7079,audit.snapshot.ui.album.rotate,Idle,2
6941,249288.6787,34.6431,audit.snapshot.ui.album.rotate,Idle,2
6942,249311.3555,22.6767,audit.snapshot.ui.album.rotate,Idle,2
6943,249355.9492,44.5937,audit.snapshot.ui.album.rotate,Idle,2
6944,249396.3135,40.3644,audit.snapshot.ui.album.rotate,Idle,2
6945,249406.4824,10.1688,audit.snapshot.ui.album.rotate,Idle,2
6946,249437.1769,30.6945,audit.snapshot.ui.album.rotate,Idle,2
6947,249473.1464,35.9696,audit.snapshot.ui.album.rotate,Idle,2
6948,249500.0139,26.8675,audit.snapshot.ui.album.rotate,Idle,2
6949,249528.7724,28.7585,audit.snapshot.ui.album.rotate,Idle,2
6950,249557.9945,29.2221,audit.snapshot.ui.album.rotate,Idle,2
6951,249607.2308,49.2362,audit.snapshot.ui.album.rotate,Idle,2
6952,249622.4892,15.2584,audit.snapshot.ui.album.rotate,Idle,2
6953,249653.1945,30.7053,audit.snapshot.ui.album.rotate,Idle,2
6954,249674.7073,21.5128,audit.snapshot.ui.album.rotate,Idle,2
6955,249707.3852,32.6779,audit.snapshot.ui.album.rotate,Idle,2
6956,249738.2151,30.8299,audit.snapshot.ui.album.rotate,Idle,2
6957,249761.419,23.2039,audit.snapshot.ui.album.rotate,Idle,2
6958,249788.7074,27.2884,audit.snapshot.ui.album.rotate,Idle,2
6959,249834.9973,46.29,audit.snapshot.ui.album.rotate,Idle,2
6960,249850.1004,15.103,audit.snapshot.ui.album.rotate,Idle,2
6961,249875.8536,25.7532,audit.snapshot.ui.album.rotate,Idle,2
6962,249904.8442,28.9907,audit.snapshot.ui.album.rotate,Idle,2
6963,249927.9959,23.1516,audit.snapshot.ui.album.rotate,Idle,2
6964,249955.7551,27.7592,audit.snapshot.ui.album.rotate,Idle,2
6965,249980.4112,24.656,audit.snapshot.ui.album.rotate,Idle,2
6966,250014.849,34.4379,audit.snapshot.ui.album.rotate,Idle,2
6967,250057.4125,42.5636,ui.album.quiet.high,Idle,2
6968,250072.9244,15.5119,ui.album.quiet.high,Idle,2
6969,250101.5835,28.659,ui.album.quiet.high,Idle,2
6970,250137.1416,35.5581,ui.album.quiet.high,Idle,2
6971,250162.2432,25.1016,ui.album.quiet.high,Idle,2
6972,250183.6952,21.452,ui.album.quiet.high,Idle,2
6973,250221.2586,37.5634,ui.album.quiet.high,Idle,2
6974,250244.0127,22.7541,ui.album.quiet.high,Idle,2
6975,250289.4959,45.4832,ui.album.quiet.high,Idle,2
6976,250303.5099,14.014,ui.album.quiet.high,Idle,2
6977,250327.2064,23.6966,ui.album.quiet.high,Idle,2
6978,250354.7929,27.5864,ui.album.quiet.high,Idle,2
6979,250378.1348,23.342,ui.album.quiet.high,Idle,2
6980,250416.3749,38.2401,ui.album.quiet.high,Idle,2
6981,250450.0525,33.6775,ui.album.quiet.high,Idle,2
6982,250476.1494,26.0968,ui.album.quiet.high,Idle,2
6983,250530.8956,54.7464,ui.album.quiet.high,Idle,2
6984,250548.3826,17.4869,ui.album.quiet.high,Idle,2
6985,250582.3531,33.9705,ui.album.quiet.high,Idle,2
6986,250616.2359,33.8828,ui.album.quiet.high,Idle,2
6987,250656.748,40.5121,ui.album.quiet.high,Idle,2
6988,250677.7647,21.0167,ui.album.quiet.high,Idle,2
6989,250712.3006,34.5359,ui.album.quiet.high,Idle,2
6990,250749.2596,36.959,ui.album.quiet.high,Idle,2
6991,250807.941,58.6814,ui.album.quiet.high,Idle,2
6992,250823.2885,15.3475,ui.album.quiet.high,Idle,2
6993,250857.0298,33.7413,ui.album.quiet.high,Idle,2
6994,250891.73,34.7002,ui.album.quiet.high,Idle,2
6995,250926.9717,35.2417,ui.album.quiet.high,Idle,2
6996,250959.0802,32.1085,ui.album.quiet.high,Idle,2
6997,250988.4318,29.3517,ui.album.quiet.high,Idle,2
6998,251022.3975,33.9655,ui.album.quiet.high,Idle,2
6999,251077.7037,55.3064,ui.album.quiet.high,Idle,2
7000,251095.6376,17.9338,ui.album.quiet.high,Idle,2
7001,251127.6606,32.023,ui.album.quiet.high,Idle,2
7002,251156.7217,29.0612,ui.album.quiet.high,Idle,2
7003,251206.9819,50.2602,ui.album.quiet.high,Idle,2
7004,251228.3359,21.3539,ui.album.quiet.high,Idle,2
7005,251265.9356,37.5997,ui.album.quiet.high,Idle,2
7006,251294.6721,28.7365,ui.album.quiet.high,Idle,2
7007,251339.6724,45.0004,ui.album.quiet.high,Idle,2
7008,251376.8334,37.1608,ui.album.quiet.high,Idle,2
7009,251387.9418,11.1085,ui.album.quiet.high,Idle,2
7010,251409.2543,21.3125,ui.album.quiet.high,Idle,2
7011,251443.7538,34.4995,ui.album.quiet.high,Idle,2
7012,251473.0429,29.289,ui.album.quiet.high,Idle,2
7013,251497.6196,24.5768,ui.album.quiet.high,Idle,2
7014,251526.9047,29.2851,ui.album.quiet.high,Idle,2
7015,251560.0429,33.1383,ui.album.quiet.high,Idle,2
7016,251587.2435,27.2006,ui.album.quiet.high,Idle,2
7017,251610.1494,22.9058,ui.album.quiet.high,Idle,2
7018,251640.0413,29.8919,ui.album.quiet.high,Idle,2
7019,251678.4723,38.4309,ui.album.quiet.high,Idle,2
7020,251706.6962,28.224,ui.album.quiet.high,Idle,2
7021,251737.6016,30.9054,ui.album.quiet.high,Idle,2
7022,251760.8231,23.2216,ui.album.quiet.high,Idle,2
7023,251801.8208,40.9976,ui.album.quiet.high,Idle,2
7024,251814.7594,12.9386,ui.album.quiet.high,Idle,2
7025,251840.7026,25.9432,ui.album.quiet.high,Idle,2
7026,251870.3459,29.6432,ui.album.quiet.high,Idle,2
7027,251897.807,27.4612,ui.album.quiet.high,Idle,2
7028,251928.0114,30.2045,ui.album.quiet.high,Idle,2
7029,251952.9407,24.9293,ui.album.quiet.high,Idle,2
7030,251981.5876,28.6468,ui.album.quiet.high,Idle,2
7031,252027.5018,45.9143,ui.album.quiet.high,Idle,2
7032,252048.879,21.3772,ui.album.quiet.high,Idle,2
7033,252074.426,25.5468,ui.album.quiet.high,Idle,2
7034,252103.7348,29.3089,ui.album.quiet.high,Idle,2
7035,252132.3399,28.6051,ui.album.quiet.high,Idle,2
7036,252161.6142,29.2744,ui.album.quiet.high,Idle,2
7037,252190.7517,29.1375,ui.album.quiet.high,Idle,2
7038,252225.4553,34.7035,ui.album.quiet.high,Idle,2
7039,252264.5335,39.0782,ui.album.quiet.high,Idle,2
7040,252305.0534,40.5199,ui.album.quiet.high,Idle,2
7041,252315.2818,10.2284,ui.album.quiet.high,Idle,2
7042,252340.2101,24.9284,ui.album.quiet.high,Idle,2
7043,252365.2142,25.0041,ui.album.quiet.high,Idle,2
7044,252392.841,27.6267,ui.album.quiet.high,Idle,2
7045,252420.2282,27.3873,ui.album.quiet.high,Idle,2
7046,252443.2173,22.9891,ui.album.quiet.high,Idle,2
7047,252485.9995,42.7822,ui.album.quiet.high,Idle,2
7048,252497.7656,11.7661,ui.album.quiet.high,Idle,2
7049,252522.5848,24.8191,ui.album.quiet.high,Idle,2
7050,252549.3048,26.72,ui.album.quiet.high,Idle,2
7051,252574.7233,25.4185,ui.album.quiet.high,Idle,2
7052,252603.9412,29.2179,ui.album.quiet.high,Idle,2
7053,252627.2574,23.3163,ui.album.quiet.high,Idle,2
7054,252654.6303,27.3729,ui.album.quiet.high,Idle,2
7055,252696.6358,42.0052,ui.album.quiet.high,Idle,2
7056,252708.9077,12.2719,ui.album.quiet.high,Idle,2
7057,252737.6393,28.7319,ui.album.quiet.high,Idle,2
7058,252760.9381,23.2987,ui.album.quiet.high,Idle,2
7059,252810.9348,49.9967,ui.album.quiet.high,Idle,2
7060,252826.8966,15.9618,ui.album.quiet.high,Idle,2
7061,252854.8156,27.9191,ui.album.quiet.high,Idle,2
7062,252877.8931,23.0775,ui.album.quiet.high,Idle,2
7063,252922.78,44.8869,ui.album.quiet.high,Idle,2
7064,252960.5196,37.7396,ui.album.quiet.high,Idle,2
7065,252972.0652,11.5454,ui.album.quiet.high,Idle,2
7066,253000.1593,28.0942,ui.album.quiet.high,Idle,2
7067,253045.6216,45.4624,ui.album.quiet.high,Idle,2
7068,253059.6043,13.9826,ui.album.quiet.high,Idle,2
7069,253087.3724,27.7681,ui.album.quiet.high,Idle,2
7070,253110.5038,23.1315,ui.album.quiet.high,Idle,2
7071,253140.3023,29.7984,ui.album.quiet.high,Idle,2
7072,253165.3463,25.044,ui.album.quiet.high,Idle,2
7073,253192.4097,27.0632,ui.album.quiet.high,Idle,2
7074,253220.4704,28.061,ui.album.quiet.high,Idle,2
7075,253262.8473,42.3769,ui.album.quiet.high,Idle,2
7076,253282.1974,19.3501,ui.album.quiet.high,Idle,2
7077,253307.9511,25.7536,ui.album.quiet.high,Idle,2
7078,253337.4449,29.4939,ui.album.quiet.high,Idle,2
7079,253360.6884,23.2434,ui.album.quiet.high,Idle,2
7080,253390.504,29.8156,ui.album.quiet.high,Idle,2
7081,253422.1194,31.6154,ui.album.quiet.high,Idle,2
7082,253448.2628,26.1433,ui.album.quiet.high,Idle,2
7083,253474.2514,25.9886,ui.album.quiet.high,Idle,2
7084,253506.4873,32.2361,ui.album.quiet.high,Idle,2
7085,253537.4155,30.9281,ui.album.quiet.high,Idle,2
7086,253560.9804,23.5649,ui.album.quiet.high,Idle,2
7087,253588.255,27.2746,ui.album.quiet.high,Idle,2
7088,253614.8405,26.5856,ui.album.quiet.high,Idle,2
7089,253640.4632,25.6226,ui.album.quiet.high,Idle,2
7090,253667.0321,26.5689,ui.album.quiet.high,Idle,2
7091,253709.5871,42.5551,ui.album.quiet.high,Idle,2
7092,253727.1206,17.5334,ui.album.quiet.high,Idle,2
7093,253759.1918,32.0712,ui.album.quiet.high,Idle,2
7094,253786.8758,27.684,ui.album.quiet.high,Idle,2
7095,253809.8635,22.9877,ui.album.quiet.high,Idle,2
7096,253840.0342,30.1708,ui.album.quiet.high,Idle,2
7097,253867.4725,27.4375,ui.album.quiet.high,Idle,2
7098,253895.9161,28.4442,ui.album.quiet.high,Idle,2
7099,253927.8598,31.9435,ui.album.quiet.high,Idle,2
7100,253957.205,29.3456,ui.album.quiet.high,Idle,2
7101,253992.0765,34.8714,ui.album.quiet.high,Idle,2
7102,254025.3045,33.2281,ui.album.quiet.high,Idle,2
7103,254065.7646,40.46,ui.album.quiet.high,Idle,2
7104,254112.0513,46.2868,ui.album.quiet.high,Idle,2
7105,254122.7248,10.6734,ui.album.quiet.high,Idle,2
7106,254143.8683,21.1435,ui.album.quiet.high,Idle,2
7107,254179.3269,35.4586,ui.album.quiet.high,Idle,2
7108,254204.9853,25.6584,ui.album.quiet.high,Idle,2
7109,254231.8459,26.8606,ui.album.quiet.high,Idle,2
7110,254260.0796,28.2337,ui.album.quiet.high,Idle,2
7111,254308.5759,48.4964,ui.album.quiet.high,Idle,2
7112,254323.3745,14.7985,ui.album.quiet.high,Idle,2
7113,254356.3184,32.9439,ui.album.quiet.high,Idle,2
7114,254376.421,20.1026,ui.album.quiet.high,Idle,2
7115,254413.8119,37.3908,ui.album.quiet.high,Idle,2
7116,254443.0,29.1882,ui.album.quiet.high,Idle,2
