frame,timestamp_ms,wall_ms,stage,transition,tier
12,62.3912,20.5973,boot.first-measured,Idle,-1
13,236.3876,174.0536,boot.first-measured,Idle,-1
14,784.87,548.4822,boot.first-measured,Idle,-1
15,1669.2352,884.3655,boot.first-measured,Idle,-1
16,2146.6882,477.4531,boot.first-measured,Covering,1
17,2224.3971,77.7089,boot.first-measured,Covering,1
18,2261.4361,37.039,boot.first-measured,Covering,1
19,2295.5599,34.1238,boot.first-measured,Covering,1
20,2332.5062,36.9463,boot.first-measured,Covering,1
21,2368.9887,36.4825,boot.first-measured,Covering,1
22,2405.2019,36.2132,boot.first-measured,Covering,1
23,2442.9328,37.731,boot.first-measured,Covering,1
24,2479.4497,36.5168,boot.first-measured,Covering,1
25,2515.3392,35.8895,boot.first-measured,Covering,1
26,2551.3492,36.01,boot.first-measured,Covering,1
27,2597.8769,46.5277,boot.first-measured,Covering,1
28,2643.4233,45.5464,boot.first-measured,Covering,1
29,2690.2191,46.7958,boot.first-measured,Covering,1
30,2724.2637,34.0445,boot.first-measured,Covering,1
31,2758.9679,34.7042,boot.first-measured,Covering,1
32,2793.0958,34.128,boot.first-measured,Covering,1
33,2832.0224,38.9266,boot.first-measured,Covering,1
34,2877.0831,45.0607,boot.first-measured,Covering,1
35,2910.4958,33.4127,boot.first-measured,Covering,1
36,2946.0082,35.5124,boot.first-measured,Covering,1
37,2979.1674,33.1516,boot.first-measured,Covering,1
38,3016.0449,36.8852,boot.first-measured,Covering,1
39,3049.6726,33.6276,boot.first-measured,Covering,1
40,3084.6272,34.9547,boot.first-measured,Covering,1
41,3119.7071,35.0798,boot.first-measured,Covering,1
42,3151.2792,31.5721,boot.first-measured,Covering,1
43,3183.4872,32.2081,boot.first-measured,Covering,1
44,3216.0544,32.5672,boot.first-measured,Covering,1
45,3247.3888,31.3343,boot.first-measured,Covering,1
46,3278.8867,31.498,boot.first-measured,Covering,1
47,3309.537,30.6503,boot.first-measured,CoveredLoading,1
48,3343.1721,33.635,boot.first-measured,CoveredLoading,1
49,3375.9556,32.7836,boot.first-measured,CoveredLoading,1
50,4024.018,648.0623,boot.first-measured,CoveredLoading,1
51,4895.9409,871.9229,boot.first-measured,CoveredLoading,1
52,4965.6172,69.6762,boot.first-measured,Preparing,1
53,5010.5718,44.9548,boot.first-measured,Preparing,1
54,5052.6448,42.0729,boot.first-measured,Preparing,1
55,5090.9856,38.3407,boot.first-measured,Preparing,1
56,5140.6098,49.6243,boot.first-measured,Revealing,1
57,5222.9,82.2902,boot.first-measured,Revealing,1
58,5261.4852,38.5853,boot.first-measured,Revealing,1
59,5301.2027,39.7173,boot.first-measured,Revealing,1
60,5348.247,47.044,boot.first-measured,Revealing,1
61,5432.3214,84.0745,boot.first-measured,Revealing,1
62,5468.5743,36.2532,boot.first-measured,Revealing,1
63,5511.0186,42.4444,boot.first-measured,Revealing,1
64,5564.0384,53.0198,boot.first-measured,Revealing,1
65,5608.2269,44.1883,boot.first-measured,Revealing,1
66,5653.0927,44.8657,boot.first-measured,Revealing,1
67,5690.7907,37.6982,boot.first-measured,Revealing,1
68,5740.5443,49.7535,boot.first-measured,Revealing,1
69,5938.3279,197.7837,boot.first-measured,Revealing,1
70,5988.3115,49.9837,boot.first-measured,Revealing,1
71,6024.6862,36.3746,boot.first-measured,Revealing,1
72,6066.6197,41.9336,boot.first-measured,Revealing,1
73,6108.6765,42.0568,boot.first-measured,Revealing,1
74,6217.1899,108.5133,boot.first-measured,Revealing,1
75,6265.9885,48.7987,boot.first-measured,Revealing,1
76,6303.5008,37.5119,boot.first-measured,Revealing,1
77,6346.6723,43.1717,boot.first-measured,Revealing,1
78,6383.3124,36.6402,boot.first-measured,Revealing,1
79,6426.3786,43.0662,boot.first-measured,Revealing,1
80,6468.3377,41.9592,boot.first-measured,Revealing,1
81,6504.2286,35.8908,boot.first-measured,Revealing,1
82,6540.6371,36.4086,boot.first-measured,Idle,1
83,6605.8167,65.1796,boot.first-measured,Idle,1
84,6758.1939,152.3771,menu.high.initial-load,Idle,2
85,7394.6871,636.4933,menu.high.initial-load,Idle,2
86,8381.1806,986.4934,menu.high.initial-load,Idle,2
87,8456.6536,75.4729,menu.high.initial-load,Idle,2
88,8518.3414,61.688,menu.high.initial-load,Idle,2
89,8532.0432,13.7018,menu.high.initial-load,Idle,2
90,8637.4546,105.4111,menu.high.initial-load,Idle,2
91,8648.6114,11.157,menu.high.initial-load,Idle,2
92,8717.0417,68.4304,menu.high.initial-load,Idle,2
93,8744.9669,27.9251,menu.high.initial-load,Idle,2
94,8800.3754,55.4086,menu.high.initial-load,Idle,2
95,8875.8169,75.4414,menu.high.initial-load,Idle,2
96,8907.898,32.0813,menu.high.initial-load,Idle,2
97,8952.9205,45.0225,menu.high.initial-load,Idle,2
98,8996.5732,43.6526,menu.high.initial-load,Idle,2
99,9052.7208,56.1476,menu.high.initial-load,Idle,2
100,9084.1608,31.4401,menu.high.initial-load,Idle,2
101,9168.7473,84.5864,menu.high.initial-load,Idle,2
102,9203.6353,34.888,menu.high.initial-load,Idle,2
103,9235.2188,31.5832,menu.high.initial-load,Idle,2
104,9278.8663,43.6478,menu.high.initial-load,Idle,2
105,9336.6968,57.8304,menu.high.initial-load,Idle,2
106,9367.6924,30.9957,menu.high.initial-load,Idle,2
107,9442.0574,74.3649,menu.high.initial-load,Idle,2
108,9467.9971,25.9398,menu.high.initial-load,Idle,2
109,9522.6408,54.6437,menu.high.initial-load,Idle,2
110,9589.7473,67.1065,menu.high.initial-load,Idle,2
111,9612.5262,22.7789,menu.high.initial-load,Idle,2
112,9666.8558,54.3296,menu.high.initial-load,Idle,2
113,9744.5832,77.7273,menu.high.initial-load,Idle,2
114,9766.9754,22.3922,menu.high.initial-load,Idle,2
115,9818.2741,51.2911,menu.high.initial-load,Idle,2
116,9882.7403,64.4738,menu.high.initial-load,Idle,2
117,9903.6009,20.8606,menu.high.initial-load,Idle,2
118,9934.5212,30.9204,menu.high.initial-load,Idle,2
119,10028.7713,94.25,menu.high.initial-load,Idle,2
120,10051.3061,22.5349,menu.high.initial-load,Idle,2
121,10099.8081,48.5019,menu.high.initial-load,Idle,2
122,10176.1069,76.2988,menu.high.initial-load,Idle,2
123,10190.8844,14.7774,menu.high.initial-load,Idle,2
124,10245.9728,55.0885,menu.high.initial-load,Idle,2
125,10331.4061,85.4333,menu.high.initial-load,Idle,2
126,10357.5847,26.1786,menu.high.initial-load,Idle,2
127,10402.3293,44.7444,menu.high.initial-load,Idle,2
128,10479.7398,77.4032,menu.high.initial-load,Idle,2
129,10501.1951,21.4629,menu.high.initial-load,Idle,2
130,10542.6713,41.4761,menu.high.initial-load,Idle,2
131,10626.1707,83.4995,menu.high.steady,Idle,2
132,10650.959,24.7882,menu.high.steady,Idle,2
133,10704.7273,53.7682,menu.high.steady,Idle,2
134,10772.8106,68.0835,menu.high.steady,Idle,2
135,10809.2123,36.4016,menu.high.steady,Idle,2
136,10851.9124,42.7001,menu.high.steady,Idle,2
137,10911.8753,59.963,menu.high.steady,Idle,2
138,10934.3564,22.4811,menu.high.steady,Idle,2
139,10983.3128,48.9563,menu.high.steady,Idle,2
140,11061.2732,77.9605,menu.high.steady,Idle,2
141,11084.3,23.0268,menu.high.steady,Idle,2
142,11132.5985,48.2982,menu.high.steady,Idle,2
143,11207.3206,74.7223,menu.high.steady,Idle,2
144,11233.614,26.2934,menu.high.steady,Idle,2
145,11285.7273,52.1134,menu.high.steady,Idle,2
146,11346.4846,60.7573,menu.high.steady,Idle,2
147,11368.3877,21.903,menu.high.steady,Idle,2
148,11413.1155,44.7279,menu.high.steady,Idle,2
149,11508.1348,95.0191,menu.high.steady,Idle,2
150,11528.4949,20.3601,menu.high.steady,Idle,2
151,11562.0251,33.5303,menu.high.steady,Idle,2
152,11634.883,72.8578,menu.high.steady,Idle,2
153,11659.2272,24.3442,menu.high.steady,Idle,2
154,11697.3403,38.1132,menu.high.steady,Idle,2
155,11767.351,70.0106,menu.high.steady,Idle,2
156,11801.0137,33.6628,menu.high.steady,Idle,2
157,11849.5673,48.5537,menu.high.steady,Idle,2
158,11931.883,82.3157,menu.high.steady,Idle,2
159,11955.6123,23.7293,menu.high.steady,Idle,2
160,12006.7465,51.1341,menu.high.steady,Idle,2
161,12073.1938,66.4473,menu.high.steady,Idle,2
162,12096.2348,23.0409,menu.high.steady,Idle,2
163,12142.728,46.4933,menu.high.steady,Idle,2
164,12210.4818,67.7539,menu.high.steady,Idle,2
165,12232.3758,21.8939,menu.high.steady,Idle,2
166,12271.6408,39.265,menu.high.steady,Idle,2
167,12330.4563,58.8156,menu.high.steady,Idle,2
168,12351.2487,20.7924,menu.high.steady,Idle,2
169,12407.2257,55.977,menu.high.steady,Idle,2
170,12468.9125,61.6866,menu.high.steady,Idle,2
171,12495.492,26.5797,menu.high.steady,Idle,2
172,12546.7841,51.292,menu.high.steady,Idle,2
173,12629.3491,82.5651,menu.high.steady,Idle,2
174,12649.7923,20.4432,menu.high.steady,Idle,2
175,12695.1063,45.3139,menu.high.steady,Idle,2
176,12742.3389,47.2325,menu.high.steady,Idle,2
177,12758.0434,15.7046,menu.high.steady,Idle,2
178,12799.1944,41.151,menu.high.steady,Idle,2
179,12877.461,78.2666,menu.high.steady,Idle,2
180,12899.6276,22.1666,menu.high.steady,Idle,2
181,12951.6291,52.0016,menu.high.steady,Idle,2
182,13040.2103,88.5811,menu.high.steady,Idle,2
183,13065.5985,25.3883,menu.high.steady,Idle,2
184,13117.9271,52.3286,menu.high.steady,Idle,2
185,13194.8598,76.9326,menu.high.steady,Idle,2
186,13218.4191,23.5593,menu.high.steady,Idle,2
187,13262.7138,44.2948,menu.high.steady,Idle,2
188,13331.4442,68.7304,menu.high.steady,Idle,2
189,13351.5737,20.1294,menu.high.steady,Idle,2
190,13378.9301,27.3564,menu.high.steady,Idle,2
191,13452.8623,73.9322,menu.high.steady,Idle,2
192,13475.6148,22.7525,menu.high.steady,Idle,2
193,13533.4287,57.814,menu.high.steady,Idle,2
194,13619.1459,85.7171,menu.high.steady,Idle,2
195,13647.0217,27.8758,menu.high.steady,Idle,2
196,13696.0622,49.04,menu.high.steady,Idle,2
197,13773.4638,77.4021,menu.high.steady,Idle,2
198,13795.844,22.3803,menu.high.steady,Idle,2
199,13852.4601,56.6161,menu.high.steady,Idle,2
200,13929.4556,76.9954,menu.high.steady,Idle,2
201,13949.9976,20.5421,menu.high.steady,Idle,2
202,13996.7857,46.788,menu.high.steady,Idle,2
203,14076.6941,79.9084,menu.high.steady,Idle,2
204,14099.2581,22.5641,menu.high.steady,Idle,2
205,14151.2827,52.0246,menu.high.steady,Idle,2
206,14246.9505,95.6678,menu.high.steady,Idle,2
207,14267.6057,20.6551,menu.high.steady,Idle,2
208,14312.9681,45.3625,menu.high.steady,Idle,2
209,14384.2941,71.3258,menu.high.steady,Idle,2
210,14412.1016,27.8075,menu.high.steady,Idle,2
211,14468.894,56.7926,menu.high.steady,Idle,2
212,14533.9239,65.0298,menu.high.steady,Idle,2
213,14562.2897,28.3658,menu.high.steady,Idle,2
214,14613.7429,51.4533,menu.high.steady,Idle,2
215,14700.4721,86.7291,menu.high.steady,Idle,2
216,14728.8078,28.3357,menu.high.steady,Idle,2
217,14780.5145,51.7067,menu.high.steady,Idle,2
218,14867.4909,86.9765,menu.high.steady,Idle,2
219,14892.235,24.744,menu.high.steady,Idle,2
220,14935.4187,43.1837,menu.high.steady,Idle,2
221,15009.2574,73.8387,menu.high.steady,Idle,2
222,15032.9082,23.6509,menu.high.steady,Idle,2
223,15084.1216,51.2134,menu.high.steady,Idle,2
224,15152.3142,68.1926,menu.high.steady,Idle,2
225,15178.9495,26.6353,menu.high.steady,Idle,2
226,15233.1218,54.1723,menu.high.steady,Idle,2
227,15317.1673,84.0454,menu.high.steady,Idle,2
228,15344.3568,27.1896,menu.high.steady,Idle,2
229,15396.1096,51.7527,menu.high.steady,Idle,2
230,15482.5949,86.4853,menu.high.steady,Idle,2
231,15504.7784,22.1836,menu.high.steady,Idle,2
232,15534.9881,30.2097,menu.high.steady,Idle,2
233,15607.264,72.2757,menu.high.steady,Idle,2
234,15632.9538,25.6899,menu.high.steady,Idle,2
235,15678.065,45.1113,menu.high.steady,Idle,2
236,15756.3988,78.3337,menu.high.steady,Idle,2
237,15779.3406,22.9418,menu.high.steady,Idle,2
238,15833.4559,54.1154,menu.high.steady,Idle,2
239,15910.5091,77.0532,menu.high.steady,Idle,2
240,15933.1792,22.6701,menu.high.steady,Idle,2
241,15985.0158,51.8366,menu.high.steady,Idle,2
242,16063.134,78.1181,menu.high.steady,Idle,2
243,16083.5667,20.4328,menu.high.steady,Idle,2
244,16146.2835,62.7168,menu.high.steady,Idle,2
245,16220.2927,74.0093,menu.high.steady,Idle,2
246,16246.2452,25.9524,menu.high.steady,Idle,2
247,16285.843,39.5978,menu.high.steady,Idle,2
248,16359.9141,74.0711,menu.high.steady,Idle,2
249,16382.6354,22.7213,menu.high.steady,Idle,2
250,16434.1077,51.4722,menu.high.steady,Idle,2
251,16535.0224,100.9148,menu.high.steady,Idle,2
252,16586.2739,51.2515,menu.high.steady,Idle,2
253,16596.2451,9.9712,menu.high.steady,Idle,2
254,16675.1538,78.9087,menu.high.steady,Idle,2
255,16697.1737,22.0199,menu.high.steady,Idle,2
256,16747.381,50.2073,menu.high.steady,Idle,2
257,16834.6757,87.2946,menu.high.steady,Idle,2
258,16862.399,27.7234,menu.high.steady,Idle,2
259,16920.3242,57.9252,menu.high.steady,Idle,2
260,16986.1901,65.8658,menu.high.steady,Idle,2
261,17012.8733,26.6833,menu.high.steady,Idle,2
262,17064.8978,52.0246,menu.high.steady,Idle,2
263,17135.7265,70.8285,menu.high.steady,Idle,2
264,17161.9856,26.2592,menu.high.steady,Idle,2
265,17209.0277,47.042,menu.high.steady,Idle,2
266,17269.2688,60.2411,menu.high.steady,Idle,2
267,17297.9618,28.6931,menu.high.steady,Idle,2
268,17343.3952,45.4334,menu.high.steady,Idle,2
269,17413.7891,70.3938,menu.high.steady,Idle,2
270,17435.6512,21.8622,menu.high.steady,Idle,2
271,17473.2425,37.5913,menu.high.steady,Idle,2
272,17530.5643,57.3217,menu.high.steady,Idle,2
273,17551.1054,20.5412,menu.high.steady,Idle,2
274,17607.6689,56.5634,menu.high.steady,Idle,2
275,17695.5512,87.8823,menu.high.steady,Idle,2
276,17717.5103,21.9592,menu.high.steady,Idle,2
277,17780.261,62.7507,menu.high.steady,Idle,2
278,17858.6362,78.3752,menu.high.steady,Idle,2
279,17880.0053,21.3692,menu.high.steady,Idle,2
280,17934.4056,54.4002,menu.high.steady,Idle,2
281,18022.0238,87.6181,audit.snapshot.menu.high.steady,Idle,0
282,18034.9901,12.9662,audit.snapshot.menu.high.steady,Idle,0
283,18082.3189,47.3291,audit.snapshot.menu.high.steady,Idle,0
284,18142.6067,60.2876,audit.snapshot.menu.high.steady,Idle,0
285,18166.4735,23.8669,audit.snapshot.menu.high.steady,Idle,0
286,18212.9572,46.4837,audit.snapshot.menu.high.steady,Idle,0
287,18269.071,56.1138,audit.snapshot.menu.high.steady,Idle,0
288,18289.5019,20.4308,audit.snapshot.menu.high.steady,Idle,0
289,18333.8176,44.3158,audit.snapshot.menu.high.steady,Idle,0
290,18414.3636,80.546,audit.snapshot.menu.high.steady,Idle,0
291,18478.241,63.8773,audit.snapshot.menu.high.steady,Idle,0
292,18489.1426,10.9014,audit.snapshot.menu.high.steady,Idle,0
293,18569.1249,79.9826,audit.snapshot.menu.high.steady,Idle,0
294,18585.306,16.1811,audit.snapshot.menu.high.steady,Idle,0
295,18622.8594,37.5535,audit.snapshot.menu.high.steady,Idle,0
296,18696.5685,73.709,audit.snapshot.menu.high.steady,Idle,0
297,18713.9699,17.4014,audit.snapshot.menu.high.steady,Idle,0
298,18764.7623,50.7924,audit.snapshot.menu.high.steady,Idle,0
299,18840.9113,76.1489,audit.snapshot.menu.high.steady,Idle,0
300,18856.1498,15.2386,audit.snapshot.menu.high.steady,Idle,0
301,18901.3559,45.2059,audit.snapshot.menu.high.steady,Idle,0
302,18952.067,50.7113,audit.snapshot.menu.high.steady,Idle,0
303,19006.4577,54.3906,audit.snapshot.menu.high.steady,Idle,0
304,19050.1375,43.6799,audit.snapshot.menu.high.steady,Idle,0
305,19124.1454,74.0079,audit.snapshot.menu.high.steady,Idle,0
306,19145.02,20.8746,audit.snapshot.menu.high.steady,Idle,0
307,19196.9927,51.9727,audit.snapshot.menu.high.steady,Idle,0
308,19264.2303,67.2376,audit.snapshot.menu.high.steady,Idle,0
309,19289.0848,24.8544,audit.snapshot.menu.high.steady,Idle,0
310,19334.7454,45.6608,audit.snapshot.menu.high.steady,Idle,0
311,19416.7127,81.9672,menu.tier0.steady,Idle,0
312,19433.1477,16.435,menu.tier0.steady,Idle,0
313,19480.1039,46.9562,menu.tier0.steady,Idle,0
314,19528.3007,48.1968,menu.tier0.steady,Idle,0
315,19572.5914,44.2905,menu.tier0.steady,Idle,0
316,19668.0653,95.4741,menu.tier0.steady,Idle,0
317,19700.2499,32.1847,menu.tier0.steady,Idle,0
318,19721.7706,21.5206,menu.tier0.steady,Idle,0
319,19761.2167,39.4461,menu.tier0.steady,Idle,0
320,19841.6553,80.4386,menu.tier0.steady,Idle,0
321,19861.7034,20.0481,menu.tier0.steady,Idle,0
322,19905.661,43.9576,menu.tier0.steady,Idle,0
323,19979.438,73.777,menu.tier0.steady,Idle,0
324,20001.9874,22.5494,menu.tier0.steady,Idle,0
325,20040.4594,38.4718,menu.tier0.steady,Idle,0
326,20113.0042,72.545,menu.tier0.steady,Idle,0
327,20130.263,17.2589,menu.tier0.steady,Idle,0
328,20178.869,48.6059,menu.tier0.steady,Idle,0
329,20260.6729,81.8037,menu.tier0.steady,Idle,0
330,20279.1008,18.4281,menu.tier0.steady,Idle,0
331,20309.3224,30.2216,menu.tier0.steady,Idle,0
332,20370.701,61.3786,menu.tier0.steady,Idle,0
333,20389.3274,18.6263,menu.tier0.steady,Idle,0
334,20445.4177,56.0904,menu.tier0.steady,Idle,0
335,20520.454,75.0358,menu.tier0.steady,Idle,0
336,20537.0205,16.567,menu.tier0.steady,Idle,0
337,20584.2197,47.1992,menu.tier0.steady,Idle,0
338,20664.5613,80.3416,menu.tier0.steady,Idle,0
339,20678.4829,13.9216,menu.tier0.steady,Idle,0
340,20728.124,49.6411,menu.tier0.steady,Idle,0
341,20801.0707,72.9466,menu.tier0.steady,Idle,0
342,20829.4065,28.3359,menu.tier0.steady,Idle,0
343,20897.496,68.0894,menu.tier0.steady,Idle,0
344,20915.9936,18.4977,menu.tier0.steady,Idle,0
345,20934.7314,18.7377,menu.tier0.steady,Idle,0
346,20984.9907,50.2593,menu.tier0.steady,Idle,0
347,21067.9703,82.9798,menu.tier0.steady,Idle,0
348,21088.2134,20.243,menu.tier0.steady,Idle,0
349,21133.2406,45.0272,menu.tier0.steady,Idle,0
350,21210.6723,77.4318,menu.tier0.steady,Idle,0
351,21233.3095,22.6371,menu.tier0.steady,Idle,0
352,21279.8843,46.5747,menu.tier0.steady,Idle,0
353,21344.4602,64.5759,menu.tier0.steady,Idle,0
354,21362.6079,18.1478,menu.tier0.steady,Idle,0
355,21411.0986,48.4908,menu.tier0.steady,Idle,0
356,21492.7618,81.663,menu.tier0.steady,Idle,0
357,21550.6846,57.9229,menu.tier0.steady,Idle,0
358,21565.7698,15.0851,menu.tier0.steady,Idle,0
359,21649.5234,83.7536,menu.tier0.steady,Idle,0
360,21671.0876,21.5641,menu.tier0.steady,Idle,0
361,21716.208,45.1206,menu.tier0.steady,Idle,0
362,21792.4186,76.2104,menu.tier0.steady,Idle,0
363,21812.7283,20.3099,menu.tier0.steady,Idle,0
364,21856.0402,43.3115,menu.tier0.steady,Idle,0
365,21934.9153,78.8756,menu.tier0.steady,Idle,0
366,21954.6192,19.7038,menu.tier0.steady,Idle,0
367,22001.2384,46.6192,menu.tier0.steady,Idle,0
368,22084.2003,82.9619,menu.tier0.steady,Idle,0
369,22101.6121,17.4117,menu.tier0.steady,Idle,0
370,22149.2505,47.6384,menu.tier0.steady,Idle,0
371,22233.0915,83.841,menu.tier0.steady,Idle,0
372,22254.5427,21.4513,menu.tier0.steady,Idle,0
373,22289.2992,34.7565,menu.tier0.steady,Idle,0
374,22367.4149,78.1157,menu.tier0.steady,Idle,0
375,22388.4023,20.9873,menu.tier0.steady,Idle,0
376,22439.8892,51.4869,menu.tier0.steady,Idle,0
377,22518.1266,78.2374,menu.tier0.steady,Idle,0
378,22538.8446,20.7179,menu.tier0.steady,Idle,0
379,22584.4285,45.5841,menu.tier0.steady,Idle,0
380,22668.5933,84.1649,menu.tier0.steady,Idle,0
381,22688.3097,19.7148,menu.tier0.steady,Idle,0
382,22733.21,44.9017,menu.tier0.steady,Idle,0
383,22813.234,80.024,menu.tier0.steady,Idle,0
384,22829.6507,16.4168,menu.tier0.steady,Idle,0
385,22883.1307,53.48,menu.tier0.steady,Idle,0
386,22951.052,67.9212,menu.tier0.steady,Idle,0
387,22970.0554,19.0032,menu.tier0.steady,Idle,0
388,23017.3503,47.2952,menu.tier0.steady,Idle,0
389,23101.5267,84.1764,menu.tier0.steady,Idle,0
390,23121.2991,19.7724,menu.tier0.steady,Idle,0
391,23166.2022,44.9031,menu.tier0.steady,Idle,0
392,23240.5819,74.3798,menu.tier0.steady,Idle,0
393,23262.977,22.395,menu.tier0.steady,Idle,0
394,23311.0521,48.0751,menu.tier0.steady,Idle,0
395,23383.9106,72.8585,menu.tier0.steady,Idle,0
396,23403.0286,19.1179,menu.tier0.steady,Idle,0
397,23450.8434,47.8148,menu.tier0.steady,Idle,0
398,23533.7866,82.9432,menu.tier0.steady,Idle,0
399,23554.5073,20.7207,menu.tier0.steady,Idle,0
400,23598.8511,44.3439,menu.tier0.steady,Idle,0
401,23683.1692,84.3181,menu.tier0.steady,Idle,0
402,23705.332,22.1628,menu.tier0.steady,Idle,0
403,23739.1464,33.8144,menu.tier0.steady,Idle,0
404,23811.9008,72.7544,menu.tier0.steady,Idle,0
405,23829.8698,17.969,menu.tier0.steady,Idle,0
406,23881.4065,51.5368,menu.tier0.steady,Idle,0
407,23969.4509,88.0443,menu.tier0.steady,Idle,0
408,23978.9822,9.5313,menu.tier0.steady,Idle,0
409,24013.3507,34.3686,menu.tier0.steady,Idle,0
410,24076.66,63.3093,menu.tier0.steady,Idle,0
411,24099.9784,23.3182,menu.tier0.steady,Idle,0
412,24145.995,46.0168,menu.tier0.steady,Idle,0
413,24203.5357,57.5406,menu.tier0.steady,Idle,0
414,24222.3057,18.77,menu.tier0.steady,Idle,0
415,24268.6205,46.3148,menu.tier0.steady,Idle,0
416,24316.3568,47.7363,menu.tier0.steady,Idle,0
417,24362.3807,46.0238,menu.tier0.steady,Idle,0
418,24405.4884,43.1078,menu.tier0.steady,Idle,0
419,24478.8056,73.3172,menu.tier0.steady,Idle,0
420,24501.9754,23.1698,menu.tier0.steady,Idle,0
421,24551.1707,49.1952,menu.tier0.steady,Idle,0
422,24596.3719,45.2013,menu.tier0.steady,Idle,0
423,24644.58,48.2081,menu.tier0.steady,Idle,0
424,24691.4653,46.8852,menu.tier0.steady,Idle,0
425,24766.0783,74.6131,menu.tier0.steady,Idle,0
426,24783.1916,17.1133,menu.tier0.steady,Idle,0
427,24829.9272,46.7355,menu.tier0.steady,Idle,0
428,24897.127,67.2,menu.tier0.steady,Idle,0
429,24928.3785,31.2513,menu.tier0.steady,Idle,0
430,24971.9645,43.586,menu.tier0.steady,Idle,0
431,25051.3695,79.4051,leaves.tier0.normal.r1,Covering,0
432,25108.0075,56.6379,leaves.tier0.normal.r1,Covering,0
433,25149.8868,41.8793,leaves.tier0.normal.r1,Covering,0
434,25187.9371,38.0502,leaves.tier0.normal.r1,Covering,0
435,25235.8036,47.8667,leaves.tier0.normal.r1,Covering,0
436,25315.1811,79.3775,leaves.tier0.normal.r1,Covering,0
437,25347.2591,32.078,leaves.tier0.normal.r1,Covering,0
438,25382.3391,35.0799,leaves.tier0.normal.r1,Covering,0
439,25416.3076,33.9685,leaves.tier0.normal.r1,Covering,0
440,25484.304,67.9965,leaves.tier0.normal.r1,Covering,0
441,25517.1505,32.8465,leaves.tier0.normal.r1,Covering,0
442,25563.2044,46.0538,leaves.tier0.normal.r1,Covering,0
443,25602.1501,38.9459,leaves.tier0.normal.r1,Covering,0
444,25651.5031,49.3529,leaves.tier0.normal.r1,Covering,0
445,25702.1936,50.6903,leaves.tier0.normal.r1,Covering,0
446,25786.5078,84.3144,leaves.tier0.normal.r1,Covering,0
447,25819.3994,32.8916,leaves.tier0.normal.r1,Covering,0
448,25870.5746,51.1752,leaves.tier0.normal.r1,Covering,0
449,25930.3026,59.728,leaves.tier0.normal.r1,Covering,0
450,25963.1772,32.8746,leaves.tier0.normal.r1,Covering,0
451,26015.9173,52.7401,leaves.tier0.normal.r1,Covering,0
452,26084.7121,68.7948,leaves.tier0.normal.r1,Covering,0
453,26121.2162,36.5041,leaves.tier0.normal.r1,Covering,0
454,26153.6985,32.4824,leaves.tier0.normal.r1,Covering,0
455,26196.7632,43.0647,leaves.tier0.normal.r1,Covering,0
456,26227.812,31.0488,leaves.tier0.normal.r1,Covering,0
457,26271.7479,43.9359,leaves.tier0.normal.r1,Covering,0
458,26333.4796,61.7316,leaves.tier0.normal.r1,Covering,0
459,26364.6633,31.1837,leaves.tier0.normal.r1,Covering,0
460,26405.0572,40.3939,leaves.tier0.normal.r1,Covering,0
461,26462.0561,56.9989,leaves.tier0.normal.r1,Covering,0
462,26497.9423,35.8861,leaves.tier0.normal.r1,Covering,0
463,26552.1722,54.2299,leaves.tier0.normal.r1,Covering,0
464,26608.665,56.4928,leaves.tier0.normal.r1,CoveredLoading,0
465,26641.3681,32.7031,leaves.tier0.normal.r1,CoveredLoading,0
466,26682.6582,41.2902,audit.snapshot.leaves.tier0.normal.r1.covered,CoveredLoading,0
467,26751.4209,68.7627,leaves.tier0.normal.r1.hold,CoveredLoading,0
468,26787.0601,35.6391,leaves.tier0.normal.r1.hold,CoveredLoading,0
469,26840.1609,53.1008,leaves.tier0.normal.r1.hold,CoveredLoading,0
470,26910.6389,70.478,leaves.tier0.normal.r1.hold,CoveredLoading,0
471,26946.0807,35.4419,leaves.tier0.normal.r1.hold,CoveredLoading,0
472,26997.4758,51.395,leaves.tier0.normal.r1.hold,CoveredLoading,0
473,27075.411,77.9351,leaves.tier0.normal.r1.hold,CoveredLoading,0
474,27108.7635,33.3526,leaves.tier0.normal.r1.hold,CoveredLoading,0
475,27161.9616,53.1982,leaves.tier0.normal.r1.hold,CoveredLoading,0
476,27217.1282,55.1666,leaves.tier0.normal.r1.hold,CoveredLoading,0
477,27251.7943,34.666,leaves.tier0.normal.r1.hold,CoveredLoading,0
478,27289.5439,37.7497,leaves.tier0.normal.r1.hold,CoveredLoading,0
479,27363.6287,74.0848,leaves.tier0.normal.r1.hold,CoveredLoading,0
480,27394.518,30.8893,leaves.tier0.normal.r1.hold,CoveredLoading,0
481,27439.2662,44.7482,leaves.tier0.normal.r1.hold,CoveredLoading,0
482,27501.3486,62.0824,leaves.tier0.normal.r1.hold,CoveredLoading,0
483,27533.238,31.8894,leaves.tier0.normal.r1.hold,CoveredLoading,0
484,27580.7801,47.5421,leaves.tier0.normal.r1.hold,CoveredLoading,0
485,27631.9123,51.1321,leaves.tier0.normal.r1.hold,CoveredLoading,0
486,27662.1782,30.266,leaves.tier0.normal.r1.reveal,Preparing,0
487,27710.971,48.7928,leaves.tier0.normal.r1.reveal,Preparing,0
488,27783.3583,72.3873,leaves.tier0.normal.r1.reveal,Preparing,0
489,27823.1007,39.7422,leaves.tier0.normal.r1.reveal,Preparing,0
490,27873.2228,50.1223,leaves.tier0.normal.r1.reveal,Preparing,0
491,27944.3139,71.0911,leaves.tier0.normal.r1.reveal,Revealing,0
492,27977.9204,33.6064,leaves.tier0.normal.r1.reveal,Revealing,0
493,28014.2381,36.3177,leaves.tier0.normal.r1.reveal,Revealing,0
494,28065.678,51.44,leaves.tier0.normal.r1.reveal,Revealing,0
495,28096.187,30.5089,leaves.tier0.normal.r1.reveal,Revealing,0
496,28144.9762,48.7893,leaves.tier0.normal.r1.reveal,Revealing,0
497,28217.5082,72.5319,leaves.tier0.normal.r1.reveal,Revealing,0
498,28249.8786,32.3705,leaves.tier0.normal.r1.reveal,Revealing,0
499,28294.0266,44.148,leaves.tier0.normal.r1.reveal,Revealing,0
500,28355.2292,61.2026,leaves.tier0.normal.r1.reveal,Revealing,0
501,28387.4012,32.1719,leaves.tier0.normal.r1.reveal,Revealing,0
502,28420.0831,32.682,leaves.tier0.normal.r1.reveal,Revealing,0
503,28483.8892,63.806,leaves.tier0.normal.r1.reveal,Revealing,0
504,28517.0233,33.1341,leaves.tier0.normal.r1.reveal,Revealing,0
505,28562.748,45.7247,leaves.tier0.normal.r1.reveal,Revealing,0
506,28642.6167,79.8688,leaves.tier0.normal.r1.reveal,Revealing,0
507,28673.722,31.1053,leaves.tier0.normal.r1.reveal,Revealing,0
508,28714.8733,41.1512,leaves.tier0.normal.r1.reveal,Revealing,0
509,28799.9728,85.0996,leaves.tier0.normal.r1.reveal,Revealing,0
510,28833.257,33.2841,leaves.tier0.normal.r1.reveal,Revealing,0
511,28876.2136,42.9566,leaves.tier0.normal.r1.reveal,Revealing,0
512,28950.9472,74.7337,leaves.tier0.normal.r1.reveal,Revealing,0
513,28982.9772,32.0299,leaves.tier0.normal.r1.reveal,Revealing,0
514,29022.4808,39.5036,leaves.tier0.normal.r1.reveal,Revealing,0
515,29098.2958,75.8151,leaves.tier0.normal.r1.reveal,Revealing,0
516,29129.7008,31.405,leaves.tier0.normal.r1.reveal,Revealing,0
517,29171.2081,41.5072,leaves.tier0.normal.r1.reveal,Revealing,0
518,29244.718,73.5099,leaves.tier0.normal.r1.reveal,Revealing,0
519,29277.6138,32.8959,leaves.tier0.normal.r1.reveal,Revealing,0
520,29317.6515,40.0376,leaves.tier0.normal.r1.reveal,Idle,0
521,29407.7662,90.1148,leaves.tier0.normal.r1.settle,Idle,0
522,29429.1432,21.377,leaves.tier0.normal.r1.settle,Idle,0
523,29466.2987,37.1554,leaves.tier0.normal.r1.settle,Idle,0
524,29543.8107,77.5119,leaves.tier0.normal.r1.settle,Idle,0
525,29568.8608,25.0503,leaves.tier0.normal.r1.settle,Idle,0
526,29616.7108,47.85,leaves.tier0.normal.r1.settle,Idle,0
527,29684.9269,68.2161,leaves.tier0.normal.r1.settle,Idle,0
528,29712.2999,27.373,leaves.tier0.normal.r1.settle,Idle,0
529,29761.6066,49.3066,leaves.tier0.normal.r1.settle,Idle,0
530,29844.4861,82.8796,leaves.tier0.normal.r1.settle,Idle,0
531,29861.9249,17.4385,leaves.tier0.normal.r1.settle,Idle,0
532,29911.727,49.8023,leaves.tier0.normal.r1.settle,Idle,0
533,29961.0786,49.3516,leaves.tier0.normal.r1.settle,Idle,0
534,30017.9853,56.9066,leaves.tier0.normal.r1.settle,Idle,0
535,30055.204,37.2187,leaves.tier0.normal.r1.settle,Idle,0
536,30132.9884,77.7846,leaves.tier0.reduced.r1,Covering,0
537,30154.3706,21.3822,leaves.tier0.reduced.r1,Covering,0
538,30211.1916,56.8209,leaves.tier0.reduced.r1,Covering,0
539,30244.4071,33.2156,leaves.tier0.reduced.r1,CoveredLoading,0
540,30306.1833,61.7758,leaves.tier0.reduced.r1,CoveredLoading,0
541,30344.8406,38.6577,audit.snapshot.leaves.tier0.reduced.r1.covered,CoveredLoading,0
542,30418.1803,73.3396,leaves.tier0.reduced.r1.hold,CoveredLoading,0
543,30445.352,27.1716,leaves.tier0.reduced.r1.hold,CoveredLoading,0
544,30500.4476,55.0958,leaves.tier0.reduced.r1.hold,CoveredLoading,0
545,30568.5906,68.143,leaves.tier0.reduced.r1.hold,CoveredLoading,0
546,30594.8884,26.2977,leaves.tier0.reduced.r1.hold,CoveredLoading,0
547,30643.6053,48.717,leaves.tier0.reduced.r1.hold,CoveredLoading,0
548,30687.9526,44.3471,leaves.tier0.reduced.r1.hold,CoveredLoading,0
549,30732.6675,44.715,leaves.tier0.reduced.r1.hold,CoveredLoading,0
550,30778.0529,45.3855,leaves.tier0.reduced.r1.hold,CoveredLoading,0
551,30860.6889,82.636,leaves.tier0.reduced.r1.hold,CoveredLoading,0
552,30877.7724,17.0835,leaves.tier0.reduced.r1.hold,CoveredLoading,0
553,30921.936,44.1634,leaves.tier0.reduced.r1.hold,CoveredLoading,0
554,30985.892,63.9561,leaves.tier0.reduced.r1.hold,CoveredLoading,0
555,31023.3548,37.4628,leaves.tier0.reduced.r1.hold,CoveredLoading,0
556,31065.9496,42.5948,leaves.tier0.reduced.r1.hold,CoveredLoading,0
557,31141.1421,75.1925,leaves.tier0.reduced.r1.hold,CoveredLoading,0
558,31159.9956,18.8535,leaves.tier0.reduced.r1.hold,CoveredLoading,0
559,31206.2107,46.2151,leaves.tier0.reduced.r1.hold,CoveredLoading,0
560,31254.9379,48.7273,leaves.tier0.reduced.r1.hold,CoveredLoading,0
561,31300.2521,45.3142,leaves.tier0.reduced.r1.reveal,Preparing,0
562,31348.4817,48.2296,leaves.tier0.reduced.r1.reveal,Preparing,0
563,31432.6195,84.1378,leaves.tier0.reduced.r1.reveal,Revealing,0
564,31454.3377,21.7182,leaves.tier0.reduced.r1.reveal,Revealing,0
565,31501.4476,47.1097,leaves.tier0.reduced.r1.reveal,Revealing,0
566,31551.3728,49.9253,leaves.tier0.reduced.r1.reveal,Revealing,0
567,31606.6005,55.2276,leaves.tier0.reduced.r1.reveal,Idle,0
568,31655.089,48.4886,leaves.tier0.reduced.r1.settle,Idle,0
569,31732.9634,77.8745,leaves.tier0.reduced.r1.settle,Idle,0
570,31754.1142,21.1507,leaves.tier0.reduced.r1.settle,Idle,0
571,31807.423,53.3088,leaves.tier0.reduced.r1.settle,Idle,0
572,31854.4505,47.0274,leaves.tier0.reduced.r1.settle,Idle,0
573,31900.387,45.9367,leaves.tier0.reduced.r1.settle,Idle,0
574,31949.1988,48.8118,leaves.tier0.reduced.r1.settle,Idle,0
575,32033.1327,83.9339,leaves.tier0.reduced.r1.settle,Idle,0
576,32054.2368,21.104,leaves.tier0.reduced.r1.settle,Idle,0
577,32099.4032,45.1665,leaves.tier0.reduced.r1.settle,Idle,0
578,32173.3699,73.9665,leaves.tier0.reduced.r1.settle,Idle,0
579,32194.2301,20.8604,leaves.tier0.reduced.r1.settle,Idle,0
580,32245.1355,50.9053,leaves.tier0.reduced.r1.settle,Idle,0
581,32300.8577,55.7223,leaves.tier0.reduced.r1.settle,Idle,0
582,32320.945,20.0872,leaves.tier0.reduced.r1.settle,Idle,0
583,32366.6808,45.7358,leaves.tier0.normal.r2,Covering,0
584,32451.262,84.5813,leaves.tier0.normal.r2,Covering,0
585,32484.5636,33.3016,leaves.tier0.normal.r2,Covering,0
586,32529.4686,44.9049,leaves.tier0.normal.r2,Covering,0
587,32572.7382,43.2696,leaves.tier0.normal.r2,Covering,0
588,32629.1599,56.4218,leaves.tier0.normal.r2,Covering,0
589,32667.7142,38.5543,leaves.tier0.normal.r2,Covering,0
590,32749.8099,82.0957,leaves.tier0.normal.r2,Covering,0
591,32784.1195,34.3095,leaves.tier0.normal.r2,Covering,0
592,32838.5732,54.4537,leaves.tier0.normal.r2,Covering,0
593,32877.4549,38.8817,leaves.tier0.normal.r2,Covering,0
594,32922.78,45.3252,leaves.tier0.normal.r2,Covering,0
595,32971.8469,49.0668,leaves.tier0.normal.r2,Covering,0
596,33051.1007,79.2538,leaves.tier0.normal.r2,Covering,0
597,33084.3417,33.2409,leaves.tier0.normal.r2,Covering,0
598,33134.7456,50.404,leaves.tier0.normal.r2,Covering,0
599,33203.3404,68.5945,leaves.tier0.normal.r2,Covering,0
600,33248.0355,44.6954,leaves.tier0.normal.r2,Covering,0
601,33285.6101,37.5747,leaves.tier0.normal.r2,Covering,0
602,33356.6304,71.0202,leaves.tier0.normal.r2,Covering,0
603,33389.0972,32.4669,leaves.tier0.normal.r2,Covering,0
604,33427.4688,38.3715,leaves.tier0.normal.r2,Covering,0
605,33472.754,45.2853,leaves.tier0.normal.r2,Covering,0
606,33521.7978,49.0437,leaves.tier0.normal.r2,Covering,0
607,33565.6617,43.8639,leaves.tier0.normal.r2,Covering,0
608,33614.4845,48.8229,leaves.tier0.normal.r2,Covering,0
609,33664.935,50.4505,leaves.tier0.normal.r2,Covering,0
610,33713.64,48.7049,leaves.tier0.normal.r2,Covering,0
611,33795.8617,82.2218,leaves.tier0.normal.r2,Covering,0
612,33828.2939,32.4322,leaves.tier0.normal.r2,Covering,0
613,33877.1777,48.8837,leaves.tier0.normal.r2,Covering,0
614,33931.9978,54.8201,leaves.tier0.normal.r2,Covering,0
615,33977.9413,45.9433,leaves.tier0.normal.r2,CoveredLoading,0
616,34027.452,49.511,leaves.tier0.normal.r2,CoveredLoading,0
617,34096.4731,69.0211,audit.snapshot.leaves.tier0.normal.r2.covered,CoveredLoading,0
618,34128.0185,31.5454,leaves.tier0.normal.r2.hold,CoveredLoading,0
619,34172.7381,44.7196,leaves.tier0.normal.r2.hold,CoveredLoading,0
620,34231.7333,58.9951,leaves.tier0.normal.r2.hold,CoveredLoading,0
621,34285.1322,53.399,leaves.tier0.normal.r2.hold,CoveredLoading,0
622,34336.9291,51.7968,leaves.tier0.normal.r2.hold,CoveredLoading,0
623,34392.4397,55.5105,leaves.tier0.normal.r2.hold,CoveredLoading,0
624,34423.2958,30.8562,leaves.tier0.normal.r2.hold,CoveredLoading,0
625,34465.9093,42.6135,leaves.tier0.normal.r2.hold,CoveredLoading,0
626,34528.54,62.6308,leaves.tier0.normal.r2.hold,CoveredLoading,0
627,34568.3069,39.7668,leaves.tier0.normal.r2.hold,CoveredLoading,0
628,34628.1689,59.862,leaves.tier0.normal.r2.hold,CoveredLoading,0
629,34696.3372,68.1683,leaves.tier0.normal.r2.hold,CoveredLoading,0
630,34726.5086,30.1714,leaves.tier0.normal.r2.hold,CoveredLoading,0
631,34769.6446,43.136,leaves.tier0.normal.r2.hold,CoveredLoading,0
632,34828.9523,59.3078,leaves.tier0.normal.r2.hold,CoveredLoading,0
633,34872.799,43.8467,leaves.tier0.normal.r2.hold,CoveredLoading,0
634,34918.9543,46.1551,leaves.tier0.normal.r2.hold,CoveredLoading,0
635,34994.6927,75.7385,leaves.tier0.normal.r2.hold,CoveredLoading,0
636,35025.8395,31.1469,leaves.tier0.normal.r2.hold,CoveredLoading,0
637,35072.8024,46.9629,leaves.tier0.normal.r2.reveal,Preparing,0
638,35130.2708,57.468,leaves.tier0.normal.r2.reveal,Preparing,0
639,35179.4699,49.1994,leaves.tier0.normal.r2.reveal,Preparing,0
640,35230.2683,50.7985,leaves.tier0.normal.r2.reveal,Preparing,0
641,35296.3772,66.1088,leaves.tier0.normal.r2.reveal,Preparing,0
642,35326.9068,30.5296,leaves.tier0.normal.r2.reveal,Revealing,0
643,35369.9818,43.0751,leaves.tier0.normal.r2.reveal,Revealing,0
644,35428.7584,58.7763,leaves.tier0.normal.r2.reveal,Revealing,0
645,35470.2084,41.4503,leaves.tier0.normal.r2.reveal,Revealing,0
646,35507.6357,37.4273,leaves.tier0.normal.r2.reveal,Revealing,0
647,35573.3778,65.7421,leaves.tier0.normal.r2.reveal,Revealing,0
648,35605.8753,32.4974,leaves.tier0.normal.r2.reveal,Revealing,0
649,35644.0723,38.197,leaves.tier0.normal.r2.reveal,Revealing,0
650,35696.9735,52.9013,leaves.tier0.normal.r2.reveal,Revealing,0
651,35737.7439,40.7704,leaves.tier0.normal.r2.reveal,Revealing,0
652,35769.8749,32.131,leaves.tier0.normal.r2.reveal,Revealing,0
653,35834.6653,64.7904,leaves.tier0.normal.r2.reveal,Revealing,0
654,35865.8672,31.2018,leaves.tier0.normal.r2.reveal,Revealing,0
655,35914.8465,48.9793,leaves.tier0.normal.r2.reveal,Revealing,0
656,35960.8558,46.0094,leaves.tier0.normal.r2.reveal,Revealing,0
657,35997.3798,36.524,leaves.tier0.normal.r2.reveal,Revealing,0
658,36036.5446,39.1648,leaves.tier0.normal.r2.reveal,Revealing,0
659,36085.4627,48.9177,leaves.tier0.normal.r2.reveal,Revealing,0
660,36120.5584,35.096,leaves.tier0.normal.r2.reveal,Revealing,0
661,36166.007,45.4487,leaves.tier0.normal.r2.reveal,Revealing,0
662,36230.2342,64.2272,leaves.tier0.normal.r2.reveal,Revealing,0
663,36263.9154,33.6812,leaves.tier0.normal.r2.reveal,Revealing,0
664,36300.6406,36.7252,leaves.tier0.normal.r2.reveal,Revealing,0
665,36372.4667,71.8261,leaves.tier0.normal.r2.reveal,Revealing,0
666,36404.0921,31.6254,leaves.tier0.normal.r2.reveal,Revealing,0
667,36445.8476,41.7555,leaves.tier0.normal.r2.reveal,Revealing,0
668,36518.2057,72.3581,leaves.tier0.normal.r2.reveal,Revealing,0
669,36555.3374,37.1317,leaves.tier0.normal.r2.reveal,Revealing,0
670,36605.2992,49.9618,leaves.tier0.normal.r2.reveal,Revealing,0
671,36690.2858,84.9865,leaves.tier0.normal.r2.reveal,Revealing,0
672,36720.5024,30.2166,leaves.tier0.normal.r2.reveal,Revealing,0
673,36751.5546,31.0523,leaves.tier0.normal.r2.reveal,Idle,0
674,36817.7179,66.1632,leaves.tier0.normal.r2.settle,Idle,0
675,36854.715,36.9971,leaves.tier0.normal.r2.settle,Idle,0
676,36911.146,56.431,leaves.tier0.normal.r2.settle,Idle,0
677,36977.9123,66.7663,leaves.tier0.normal.r2.settle,Idle,0
678,37008.045,30.1328,leaves.tier0.normal.r2.settle,Idle,0
679,37045.4209,37.3758,leaves.tier0.normal.r2.settle,Idle,0
680,37113.4278,68.007,leaves.tier0.normal.r2.settle,Idle,0
681,37145.5756,32.1477,leaves.tier0.normal.r2.settle,Idle,0
682,37193.8338,48.2582,leaves.tier0.normal.r2.settle,Idle,0
683,37268.0644,74.2306,leaves.tier0.normal.r2.settle,Idle,0
684,37293.5171,25.4526,leaves.tier0.normal.r2.settle,Idle,0
685,37328.834,35.317,leaves.tier0.normal.r2.settle,Idle,0
686,37386.0398,57.2059,leaves.tier0.normal.r2.settle,Idle,0
687,37421.1365,35.0966,leaves.tier0.normal.r2.settle,Idle,0
688,37466.4116,45.2751,leaves.tier0.normal.r2.settle,Idle,0
689,37550.7499,84.3383,leaves.tier0.reduced.r2,Covering,0
690,37570.8805,20.1307,leaves.tier0.reduced.r2,Covering,0
691,37616.5522,45.6717,leaves.tier0.reduced.r2,Covering,0
692,37680.3847,63.8325,leaves.tier0.reduced.r2,CoveredLoading,0
693,37719.3647,38.98,leaves.tier0.reduced.r2,CoveredLoading,0
694,37765.8865,46.5218,audit.snapshot.leaves.tier0.reduced.r2.covered,CoveredLoading,0
695,37840.0064,74.1198,leaves.tier0.reduced.r2.hold,CoveredLoading,0
696,37859.8923,19.8859,leaves.tier0.reduced.r2.hold,CoveredLoading,0
697,37901.1419,41.2496,leaves.tier0.reduced.r2.hold,CoveredLoading,0
698,37968.5401,67.3982,leaves.tier0.reduced.r2.hold,CoveredLoading,0
699,38009.9622,41.4221,leaves.tier0.reduced.r2.hold,CoveredLoading,0
700,38050.3221,40.3599,leaves.tier0.reduced.r2.hold,CoveredLoading,0
701,38125.0167,74.6945,leaves.tier0.reduced.r2.hold,CoveredLoading,0
702,38148.7553,23.7388,leaves.tier0.reduced.r2.hold,CoveredLoading,0
703,38194.3518,45.5964,leaves.tier0.reduced.r2.hold,CoveredLoading,0
704,38251.1714,56.8197,leaves.tier0.reduced.r2.hold,CoveredLoading,0
705,38287.9888,36.8172,leaves.tier0.reduced.r2.hold,CoveredLoading,0
706,38332.3681,44.3794,leaves.tier0.reduced.r2.hold,CoveredLoading,0
707,38411.4265,79.0585,leaves.tier0.reduced.r2.hold,CoveredLoading,0
708,38431.5863,20.1598,leaves.tier0.reduced.r2.hold,CoveredLoading,0
709,38477.1006,45.5142,leaves.tier0.reduced.r2.hold,CoveredLoading,0
710,38537.0555,59.9549,leaves.tier0.reduced.r2.hold,CoveredLoading,0
711,38577.8758,40.8204,leaves.tier0.reduced.r2.hold,CoveredLoading,0
712,38610.5171,32.6411,leaves.tier0.reduced.r2.hold,CoveredLoading,0
713,38685.5925,75.0753,leaves.tier0.reduced.r2.hold,CoveredLoading,0
714,38704.4176,18.8252,leaves.tier0.reduced.r2.reveal,Preparing,0
715,38748.0195,43.602,leaves.tier0.reduced.r2.reveal,Preparing,0
716,38800.9553,52.9359,leaves.tier0.reduced.r2.reveal,Preparing,0
717,38838.0687,37.1133,leaves.tier0.reduced.r2.reveal,Revealing,0
718,38866.3095,28.2408,leaves.tier0.reduced.r2.reveal,Revealing,0
719,38933.3012,66.9917,leaves.tier0.reduced.r2.reveal,Revealing,0
720,38957.3079,24.0067,leaves.tier0.reduced.r2.reveal,Revealing,0
721,39011.5658,54.2579,leaves.tier0.reduced.r2.reveal,Revealing,0
722,39074.2882,62.7224,leaves.tier0.reduced.r2.reveal,Idle,0
723,39104.5666,30.2783,leaves.tier0.reduced.r2.settle,Idle,0
724,39156.3435,51.7771,leaves.tier0.reduced.r2.settle,Idle,0
725,39234.6237,78.2801,leaves.tier0.reduced.r2.settle,Idle,0
726,39258.9835,24.3598,leaves.tier0.reduced.r2.settle,Idle,0
727,39300.1365,41.1531,leaves.tier0.reduced.r2.settle,Idle,0
728,39363.396,63.2595,leaves.tier0.reduced.r2.settle,Idle,0
729,39400.4912,37.0951,leaves.tier0.reduced.r2.settle,Idle,0
730,39449.0819,48.5907,leaves.tier0.reduced.r2.settle,Idle,0
731,39527.6147,78.5328,leaves.tier0.reduced.r2.settle,Idle,0
732,39545.3161,17.7015,leaves.tier0.reduced.r2.settle,Idle,0
733,39601.9659,56.6496,leaves.tier0.reduced.r2.settle,Idle,0
734,39670.2542,68.2883,leaves.tier0.reduced.r2.settle,Idle,0
735,39697.0956,26.8415,leaves.tier0.reduced.r2.settle,Idle,0
736,39736.9041,39.8084,leaves.tier0.reduced.r2.settle,Idle,0
737,39823.1014,86.1974,leaves.tier0.reduced.r2.settle,Idle,0
738,39840.9111,17.8098,route.tier0.menu-camp,Covering,0
739,39900.8898,59.9785,route.tier0.menu-camp,Covering,0
740,39969.0169,68.1271,route.tier0.menu-camp,Covering,0
741,40006.312,37.2952,route.tier0.menu-camp,Covering,0
742,40047.7809,41.4689,route.tier0.menu-camp,Covering,0
743,40127.3633,79.5825,route.tier0.menu-camp,Covering,0
744,40160.7429,33.3795,route.tier0.menu-camp,Covering,0
745,40204.9763,44.2335,route.tier0.menu-camp,Covering,0
746,40258.6551,53.6788,route.tier0.menu-camp,Covering,0
747,40294.6683,36.0132,route.tier0.menu-camp,Covering,0
748,40339.3947,44.7263,route.tier0.menu-camp,Covering,0
749,40428.6888,89.2941,route.tier0.menu-camp,Covering,0
750,40474.7283,46.0395,route.tier0.menu-camp,Covering,0
751,40516.7132,41.985,route.tier0.menu-camp,Covering,0
752,40562.8589,46.1455,route.tier0.menu-camp,Covering,0
753,40605.9507,43.0918,route.tier0.menu-camp,Covering,0
754,40649.64,43.6894,route.tier0.menu-camp,Covering,0
755,40727.916,78.2759,route.tier0.menu-camp,Covering,0
756,40758.0155,30.0996,route.tier0.menu-camp,Covering,0
757,40800.1358,42.1203,route.tier0.menu-camp,Covering,0
758,40866.1351,65.9994,route.tier0.menu-camp,Covering,0
759,40915.8783,49.7431,route.tier0.menu-camp,Covering,0
760,40956.2357,40.3573,route.tier0.menu-camp,Covering,0
761,41033.5653,77.3297,route.tier0.menu-camp,Covering,0
762,41066.6703,33.1051,route.tier0.menu-camp,Covering,0
763,41102.3296,35.6592,route.tier0.menu-camp,Covering,0
764,41162.381,60.0514,route.tier0.menu-camp,Covering,0
765,41203.2715,40.8904,route.tier0.menu-camp,Covering,0
766,41260.6897,57.4184,route.tier0.menu-camp,Covering,0
767,41325.6702,64.9804,route.tier0.menu-camp,Covering,0
768,41357.7737,32.1035,route.tier0.menu-camp,Covering,0
769,41397.5713,39.7976,route.tier0.menu-camp,Covering,0
770,41462.5248,64.9535,route.tier0.menu-camp,Covering,0
771,41501.9514,39.4266,route.tier0.menu-camp,CoveredLoading,0
772,41536.7517,34.8002,route.tier0.menu-camp,CoveredLoading,0
773,41973.3795,436.628,route.tier0.menu-camp,CoveredLoading,0
774,42600.4428,627.0631,route.tier0.menu-camp,CoveredLoading,0
775,42655.4283,54.9855,route.tier0.menu-camp,Preparing,0
776,42689.0682,33.64,route.tier0.menu-camp,Preparing,0
777,42730.5186,41.4505,route.tier0.menu-camp,Preparing,0
778,42798.8024,68.2836,route.tier0.menu-camp,Preparing,0
779,42848.2421,49.4399,route.tier0.menu-camp,Revealing,0
780,42884.9999,36.7577,route.tier0.menu-camp,Revealing,0
781,42966.3279,81.328,route.tier0.menu-camp,Revealing,0
782,42999.1683,32.8405,route.tier0.menu-camp,Revealing,0
783,43052.5695,53.4011,route.tier0.menu-camp,Revealing,0
784,43153.4969,100.9271,route.tier0.menu-camp,Revealing,0
785,43186.6005,33.1039,route.tier0.menu-camp,Revealing,0
786,43236.8588,50.2583,route.tier0.menu-camp,Revealing,0
787,43332.0342,95.1755,route.tier0.menu-camp,Revealing,0
788,43364.6095,32.5753,route.tier0.menu-camp,Revealing,0
789,43413.9355,49.3259,route.tier0.menu-camp,Revealing,0
790,43477.9548,64.0194,route.tier0.menu-camp,Revealing,0
791,43518.6699,40.7151,route.tier0.menu-camp,Revealing,0
792,43554.875,36.2051,route.tier0.menu-camp,Revealing,0
793,43645.1897,90.3146,route.tier0.menu-camp,Revealing,0
794,43677.6854,32.4958,route.tier0.menu-camp,Revealing,0
795,43714.9043,37.2188,route.tier0.menu-camp,Revealing,0
796,43774.8848,59.9805,route.tier0.menu-camp,Revealing,0
797,43811.2487,36.364,route.tier0.menu-camp,Revealing,0
798,43866.924,55.6752,route.tier0.menu-camp,Revealing,0
799,43949.034,82.1101,route.tier0.menu-camp,Revealing,0
800,43981.8592,32.8251,route.tier0.menu-camp,Revealing,0
801,44027.587,45.7279,route.tier0.menu-camp,Revealing,0
802,44085.985,58.398,route.tier0.menu-camp,Revealing,0
803,44127.1856,41.2005,route.tier0.menu-camp,Revealing,0
804,44165.5041,38.3186,route.tier0.menu-camp,Revealing,0
805,44250.2616,84.7574,route.tier0.menu-camp,Revealing,0
806,44271.3102,21.0487,route.tier0.menu-camp,Idle,0
807,44321.0569,49.7465,audit.snapshot.route.tier0.menu-camp.ready,Idle,0
808,44383.6512,62.5943,audit.snapshot.route.tier0.menu-camp.ready,Idle,0
809,44421.9994,38.3484,audit.snapshot.route.tier0.menu-camp.ready,Idle,0
810,44477.9812,55.9818,audit.snapshot.route.tier0.menu-camp.ready,Idle,0
811,44561.6348,83.6535,audit.snapshot.route.tier0.menu-camp.ready,Idle,0
812,44572.0819,10.4471,audit.snapshot.route.tier0.menu-camp.ready,Idle,0
813,44621.2079,49.126,audit.snapshot.route.tier0.menu-camp.ready,Idle,0
814,44690.3138,69.106,audit.snapshot.route.tier0.menu-camp.ready,Idle,0
815,44722.3061,31.9923,audit.snapshot.route.tier0.menu-camp.ready,Idle,0
816,44771.253,48.9468,audit.snapshot.route.tier0.menu-camp.ready,Idle,0
817,44850.1464,78.8935,audit.snapshot.route.tier0.menu-camp.ready,Idle,0
818,44872.951,22.8045,audit.snapshot.route.tier0.menu-camp.ready,Idle,0
819,44926.7653,53.8143,audit.snapshot.route.tier0.menu-camp.ready,Idle,0
820,44984.687,57.9217,audit.snapshot.route.tier0.menu-camp.ready,Idle,0
821,45021.6502,36.9632,audit.snapshot.route.tier0.menu-camp.ready,Idle,0
822,45078.2361,56.586,audit.snapshot.route.tier0.menu-camp.ready,Idle,0
823,45155.5877,77.3516,audit.snapshot.route.tier0.menu-camp.ready,Idle,0
824,45171.433,15.8452,audit.snapshot.route.tier0.menu-camp.ready,Idle,0
825,45220.8672,49.4342,audit.snapshot.route.tier0.menu-camp.ready,Idle,0
826,45286.4949,65.6277,audit.snapshot.route.tier0.menu-camp.ready,Idle,0
827,45321.9115,35.4167,audit.snapshot.route.tier0.menu-camp.ready,Idle,0
828,45370.6953,48.7837,audit.snapshot.route.tier0.menu-camp.ready,Idle,0
829,45449.269,78.5737,audit.snapshot.route.tier0.menu-camp.ready,Idle,0
830,45471.6136,22.3447,audit.snapshot.route.tier0.menu-camp.ready,Idle,0
831,45520.7752,49.1615,audit.snapshot.route.tier0.menu-camp.ready,Idle,0
832,45583.3255,62.5503,audit.snapshot.route.tier0.menu-camp.ready,Idle,0
833,45621.3153,37.9899,audit.snapshot.route.tier0.menu-camp.ready,Idle,0
834,45672.6073,51.2919,audit.snapshot.route.tier0.menu-camp.ready,Idle,0
835,45757.9556,85.3481,audit.snapshot.route.tier0.menu-camp.ready,Idle,0
836,45821.3155,63.36,audit.snapshot.route.tier0.menu-camp.ready,Idle,0
837,45835.0196,13.7042,camp.summer.tier0.empty,Idle,0
838,45901.4711,66.4516,camp.summer.tier0.empty,Idle,0
839,45946.2624,44.7912,camp.summer.tier0.empty,Idle,0
840,45987.9364,41.6739,camp.summer.tier0.empty,Idle,0
841,46073.4938,85.5575,camp.summer.tier0.empty,Idle,0
842,46088.4978,15.0039,camp.summer.tier0.empty,Idle,0
843,46138.127,49.6292,camp.summer.tier0.empty,Idle,0
844,46202.2696,64.1426,camp.summer.tier0.empty,Idle,0
845,46232.7169,30.4475,camp.summer.tier0.empty,Idle,0
846,46282.81,50.0931,camp.summer.tier0.empty,Idle,0
847,46366.9983,84.1883,camp.summer.tier0.empty,Idle,0
848,46383.9156,16.9172,camp.summer.tier0.empty,Idle,0
849,46433.2122,49.2965,camp.summer.tier0.empty,Idle,0
850,46511.149,77.937,camp.summer.tier0.empty,Idle,0
851,46543.6491,32.5,camp.summer.tier0.empty,Idle,0
852,46588.5339,44.8848,camp.summer.tier0.empty,Idle,0
853,46668.4482,79.9141,camp.summer.tier0.empty,Idle,0
854,46695.2593,26.8113,camp.summer.tier0.empty,Idle,0
855,46744.5861,49.3269,camp.summer.tier0.empty,Idle,0
856,46811.6129,67.0267,camp.summer.tier0.empty,Idle,0
857,46838.5248,26.9118,camp.summer.tier0.empty,Idle,0
858,46895.026,56.5013,camp.summer.tier0.empty,Idle,0
859,46973.6058,78.5798,camp.summer.tier0.empty,Idle,0
860,46988.5259,14.9201,camp.summer.tier0.empty,Idle,0
861,47037.9986,49.4726,camp.summer.tier0.empty,Idle,0
862,47100.7425,62.744,camp.summer.tier0.empty,Idle,0
863,47132.1557,31.4132,camp.summer.tier0.empty,Idle,0
864,47171.0214,38.8655,camp.summer.tier0.empty,Idle,0
865,47251.4587,80.4375,camp.summer.tier0.empty,Idle,0
866,47271.2546,19.7959,camp.summer.tier0.empty,Idle,0
867,47328.076,56.8209,camp.summer.tier0.empty,Idle,0
868,47399.427,71.3516,camp.summer.tier0.empty,Idle,0
869,47431.3464,31.9193,camp.summer.tier0.empty,Idle,0
870,47465.1989,33.8525,camp.summer.tier0.empty,Idle,0
871,47535.0167,69.8177,camp.summer.tier0.empty,Idle,0
872,47555.0844,20.0677,camp.summer.tier0.empty,Idle,0
873,47603.1892,48.1049,camp.summer.tier0.empty,Idle,0
874,47672.4426,69.2534,camp.summer.tier0.empty,Idle,0
875,47701.0084,28.5656,camp.summer.tier0.empty,Idle,0
876,47760.5723,59.5641,camp.summer.tier0.empty,Idle,0
877,47835.7674,75.1949,camp.summer.tier0.empty,Idle,0
878,47855.0693,19.3021,camp.summer.tier0.empty,Idle,0
879,47903.1308,48.0615,camp.summer.tier0.empty,Idle,0
880,47983.3929,80.2622,camp.summer.tier0.empty,Idle,0
881,48014.9748,31.5818,camp.summer.tier0.empty,Idle,0
882,48050.5718,35.5971,camp.summer.tier0.empty,Idle,0
883,48140.3252,89.7532,camp.summer.tier0.empty,Idle,0
884,48160.4116,20.0865,camp.summer.tier0.empty,Idle,0
885,48205.2928,44.8812,camp.summer.tier0.empty,Idle,0
886,48277.6122,72.3194,camp.summer.tier0.empty,Idle,0
887,48305.6082,27.996,camp.summer.tier0.empty,Idle,0
888,48361.5061,55.8979,camp.summer.tier0.empty,Idle,0
889,48440.4108,78.9046,camp.summer.tier0.empty,Idle,0
890,48460.5111,20.1005,camp.summer.tier0.empty,Idle,0
891,48505.4361,44.9249,camp.summer.tier0.empty,Idle,0
892,48580.1142,74.6781,camp.summer.tier0.empty,Idle,0
893,48604.879,24.7648,camp.summer.tier0.empty,Idle,0
894,48654.4874,49.6084,camp.summer.tier0.empty,Idle,0
895,48733.5597,79.0723,camp.summer.tier0.empty,Idle,0
896,48760.3633,26.8036,camp.summer.tier0.empty,Idle,0
897,48805.5667,45.2035,camp.summer.tier0.empty,Idle,0
898,48877.9555,72.3887,camp.summer.tier0.empty,Idle,0
899,48905.1803,27.2248,camp.summer.tier0.empty,Idle,0
900,48962.0175,56.8371,camp.summer.tier0.empty,Idle,0
901,49040.2186,78.2012,camp.summer.tier0.empty,Idle,0
902,49060.2895,20.0709,camp.summer.tier0.empty,Idle,0
903,49105.1525,44.8631,camp.summer.tier0.empty,Idle,0
904,49180.3924,75.2398,camp.summer.tier0.empty,Idle,0
905,49204.5863,24.1939,camp.summer.tier0.empty,Idle,0
906,49254.2287,49.6424,camp.summer.tier0.empty,Idle,0
907,49333.6089,79.3802,camp.summer.tier0.empty,Idle,0
908,49360.2164,26.6076,camp.summer.tier0.empty,Idle,0
909,49405.2125,44.9961,camp.summer.tier0.empty,Idle,0
910,49474.642,69.4293,camp.summer.tier0.empty,Idle,0
911,49504.7182,30.0762,camp.summer.tier0.empty,Idle,0
912,49561.3949,56.6768,camp.summer.tier0.empty,Idle,0
913,49640.4873,79.0925,camp.summer.tier0.empty,Idle,0
914,49660.3783,19.8909,camp.summer.tier0.empty,Idle,0
915,49705.5214,45.1431,camp.summer.tier0.empty,Idle,0
916,49784.1461,78.6246,camp.summer.tier0.empty,Idle,0
917,49816.2442,32.0981,camp.summer.tier0.empty,Idle,0
918,49854.7934,38.5492,camp.summer.tier0.empty,Idle,0
919,49934.9476,80.1541,camp.summer.tier0.empty,Idle,0
920,49961.6511,26.7037,camp.summer.tier0.empty,Idle,0
921,50011.7443,50.0933,camp.summer.tier0.empty,Idle,0
922,50068.1188,56.3744,camp.summer.tier0.empty,Idle,0
923,50094.4216,26.3027,camp.summer.tier0.empty,Idle,0
924,50133.1691,38.7472,camp.summer.tier0.empty,Idle,0
925,50223.9384,90.7698,camp.summer.tier0.empty,Idle,0
926,50238.6404,14.7019,camp.summer.tier0.empty,Idle,0
927,50288.7477,50.1073,camp.summer.tier0.empty,Idle,0
928,50359.2643,70.5165,camp.summer.tier0.empty,Idle,0
929,50382.1207,22.8566,camp.summer.tier0.empty,Idle,0
930,50431.5923,49.4716,camp.summer.tier0.empty,Idle,0
931,50507.4584,75.866,camp.summer.tier0.empty,Idle,0
932,50531.1113,23.653,camp.summer.tier0.empty,Idle,0
933,50577.9345,46.823,camp.summer.tier0.empty,Idle,0
934,50651.5899,73.6556,camp.summer.tier0.empty,Idle,0
935,50682.5246,30.9345,camp.summer.tier0.empty,Idle,0
936,50732.0763,49.5518,camp.summer.tier0.empty,Idle,0
937,50818.1197,86.0434,camp.summer.tier0.empty,Idle,0
938,50837.7526,19.6329,camp.summer.tier0.empty,Idle,0
939,50876.0113,38.2587,camp.summer.tier0.empty,Idle,0
940,50946.8074,70.7961,camp.summer.tier0.empty,Idle,0
941,50977.0282,30.2209,camp.summer.tier0.empty,Idle,0
942,51032.0797,55.0515,camp.summer.tier0.empty,Idle,0
943,51111.2243,79.1446,camp.summer.tier0.empty,Idle,0
944,51131.6804,20.456,camp.summer.tier0.empty,Idle,0
945,51181.6701,49.9898,camp.summer.tier0.empty,Idle,0
946,51257.5237,75.8535,camp.summer.tier0.empty,Idle,0
947,51276.5371,19.0133,camp.summer.tier0.empty,Idle,0
948,51327.3209,50.784,camp.summer.tier0.empty,Idle,0
949,51411.1885,83.8676,camp.summer.tier0.empty,Idle,0
950,51432.0636,20.875,camp.summer.tier0.empty,Idle,0
951,51481.391,49.3275,camp.summer.tier0.empty,Idle,0
952,51533.6796,52.2885,camp.summer.tier0.empty,Idle,0
953,51565.7462,32.0667,camp.summer.tier0.empty,Idle,0
954,51621.3271,55.5808,camp.summer.tier0.empty,Idle,0
955,51689.419,68.092,camp.summer.tier0.empty,Idle,0
956,51705.2951,15.876,camp.summer.tier0.empty,Idle,0
957,51811.8664,106.5711,audit.snapshot.camp.summer.tier0.empty,Idle,0
958,51868.0834,56.2172,audit.snapshot.camp.summer.tier0.empty,Idle,0
959,51888.103,20.0197,audit.snapshot.camp.summer.tier0.empty,Idle,0
960,51938.1257,50.0224,audit.snapshot.camp.summer.tier0.empty,Idle,0
961,51987.8501,49.7247,audit.snapshot.camp.summer.tier0.empty,Idle,0
962,52044.648,56.7978,audit.snapshot.camp.summer.tier0.empty,Idle,0
963,52094.4301,49.7821,audit.snapshot.camp.summer.tier0.empty,Idle,0
964,52176.4098,81.9796,audit.snapshot.camp.summer.tier0.empty,Idle,0
965,52188.7971,12.3875,audit.snapshot.camp.summer.tier0.empty,Idle,0
966,52248.6414,59.8442,audit.snapshot.camp.summer.tier0.empty,Idle,0
967,52298.1047,49.4633,audit.snapshot.camp.summer.tier0.empty,Idle,0
968,52348.1833,50.0787,audit.snapshot.camp.summer.tier0.empty,Idle,0
969,52394.3318,46.1483,audit.snapshot.camp.summer.tier0.empty,Idle,0
970,52478.5544,84.2228,audit.snapshot.camp.summer.tier0.empty,Idle,0
971,52499.2576,20.7032,audit.snapshot.camp.summer.tier0.empty,Idle,0
972,52548.6472,49.3895,audit.snapshot.camp.summer.tier0.empty,Idle,0
973,52634.5758,85.9287,audit.snapshot.camp.summer.tier0.empty,Idle,0
974,52654.791,20.2152,audit.snapshot.camp.summer.tier0.empty,Idle,0
975,52693.4541,38.6629,audit.snapshot.camp.summer.tier0.empty,Idle,0
976,52765.4073,71.9534,audit.snapshot.camp.summer.tier0.empty,Idle,0
977,52782.9449,17.5375,audit.snapshot.camp.summer.tier0.empty,Idle,0
978,52842.3562,59.4113,audit.snapshot.camp.summer.tier0.empty,Idle,0
979,52900.6358,58.2795,audit.snapshot.camp.summer.tier0.empty,Idle,0
980,52921.177,20.5414,audit.snapshot.camp.summer.tier0.empty,Idle,0
981,52972.1849,51.0076,audit.snapshot.camp.summer.tier0.empty,Idle,0
982,53051.179,78.9943,audit.snapshot.camp.summer.tier0.empty,Idle,0
983,53071.3258,20.1465,audit.snapshot.camp.summer.tier0.empty,Idle,0
984,53112.3745,41.049,audit.snapshot.camp.summer.tier0.empty,Idle,0
985,53184.6669,72.2925,audit.snapshot.camp.summer.tier0.empty,Idle,0
986,53204.9302,20.2633,audit.snapshot.camp.summer.tier0.empty,Idle,0
987,53264.3061,59.3759,camp.summer.tier0.solved,Idle,0
988,53343.1004,78.7943,camp.summer.tier0.solved,Idle,0
989,53363.246,20.1456,camp.summer.tier0.solved,Idle,0
990,53410.4647,47.2156,camp.summer.tier0.solved,Idle,0
991,53494.8031,84.3414,camp.summer.tier0.solved,Idle,0
992,53515.0744,20.2714,camp.summer.tier0.solved,Idle,0
993,53561.6224,46.5479,camp.summer.tier0.solved,Idle,0
994,53641.8512,80.2286,camp.summer.tier0.solved,Idle,0
995,53665.9654,24.1142,camp.summer.tier0.solved,Idle,0
996,53715.1264,49.1612,camp.summer.tier0.solved,Idle,0
997,53791.2024,76.076,camp.summer.tier0.solved,Idle,0
998,53810.6453,19.4429,camp.summer.tier0.solved,Idle,0
999,53865.3961,54.7509,camp.summer.tier0.solved,Idle,0
1000,53932.2464,66.8503,camp.summer.tier0.solved,Idle,0
1001,53949.4755,17.2291,camp.summer.tier0.solved,Idle,0
1002,53994.9249,45.4494,camp.summer.tier0.solved,Idle,0
1003,54037.7409,42.8159,camp.summer.tier0.solved,Idle,0
1004,54087.5409,49.8001,camp.summer.tier0.solved,Idle,0
1005,54132.1074,44.5664,camp.summer.tier0.solved,Idle,0
1006,54200.9331,68.8258,camp.summer.tier0.solved,Idle,0
1007,54247.3331,46.4,camp.summer.tier0.solved,Idle,0
1008,54264.726,17.3929,camp.summer.tier0.solved,Idle,0
1009,54334.7267,70.0006,camp.summer.tier0.solved,Idle,0
1010,54379.6277,44.9011,camp.summer.tier0.solved,Idle,0
1011,54389.3641,9.7363,camp.summer.tier0.solved,Idle,0
1012,54438.2807,48.9166,camp.summer.tier0.solved,Idle,0
1013,54468.1149,29.8342,camp.summer.tier0.solved,Idle,0
1014,54482.83,14.7152,camp.summer.tier0.solved,Idle,0
1015,54537.7371,54.9071,camp.summer.tier0.solved,Idle,0
1016,54579.1064,41.3693,camp.summer.tier0.solved,Idle,0
1017,54588.1982,9.0918,camp.summer.tier0.solved,Idle,0
1018,54615.5488,27.3505,camp.summer.tier0.solved,Idle,0
1019,54668.1014,52.5526,camp.summer.tier0.solved,Idle,0
1020,54680.6012,12.4997,camp.summer.tier0.solved,Idle,0
1021,54715.4936,34.8926,camp.summer.tier0.solved,Idle,0
1022,54767.9068,52.413,camp.summer.tier0.solved,Idle,0
1023,54792.0596,24.153,camp.summer.tier0.solved,Idle,0
1024,54812.6402,20.5805,camp.summer.tier0.solved,Idle,0
1025,54864.8484,52.2083,camp.summer.tier0.solved,Idle,0
1026,54878.6036,13.755,camp.summer.tier0.solved,Idle,0
1027,54919.3259,40.7224,camp.summer.tier0.solved,Idle,0
1028,54967.04,47.7142,camp.summer.tier0.solved,Idle,0
1029,54982.7163,15.6762,camp.summer.tier0.solved,Idle,0
1030,55014.6225,31.9062,camp.summer.tier0.solved,Idle,0
1031,55067.9397,53.3172,camp.summer.tier0.solved,Idle,0
1032,55126.7678,58.8281,camp.summer.tier0.solved,Idle,0
1033,55136.2598,9.492,camp.summer.tier0.solved,Idle,0
1034,55166.4292,30.1695,camp.summer.tier0.solved,Idle,0
1035,55222.9984,56.5691,camp.summer.tier0.solved,Idle,0
1036,55254.2023,31.2039,camp.summer.tier0.solved,Idle,0
1037,55317.0708,62.8685,camp.summer.tier0.solved,Idle,0
1038,55334.0506,16.9799,camp.summer.tier0.solved,Idle,0
1039,55390.4603,56.4096,camp.summer.tier0.solved,Idle,0
1040,55447.3221,56.8619,camp.summer.tier0.solved,Idle,0
1041,55464.48,17.1578,camp.summer.tier0.solved,Idle,0
1042,55494.9933,30.5133,camp.summer.tier0.solved,Idle,0
1043,55557.0157,62.0224,camp.summer.tier0.solved,Idle,0
1044,55572.0898,15.0741,camp.summer.tier0.solved,Idle,0
1045,55616.4341,44.3443,camp.summer.tier0.solved,Idle,0
1046,55669.8937,53.4595,camp.summer.tier0.solved,Idle,0
1047,55716.2361,46.3426,camp.summer.tier0.solved,Idle,0
1048,55729.6589,13.4228,camp.summer.tier0.solved,Idle,0
1049,55779.9693,50.3104,camp.summer.tier0.solved,Idle,0
1050,55792.9656,12.9962,camp.summer.tier0.solved,Idle,0
1051,55836.7377,43.772,camp.summer.tier0.solved,Idle,0
1052,55873.8312,37.0934,camp.summer.tier0.solved,Idle,0
1053,55887.5857,13.7548,camp.summer.tier0.solved,Idle,0
1054,55914.8351,27.2492,camp.summer.tier0.solved,Idle,0
1055,55970.923,56.088,camp.summer.tier0.solved,Idle,0
1056,55984.3111,13.3881,camp.summer.tier0.solved,Idle,0
1057,56016.317,32.0059,camp.summer.tier0.solved,Idle,0
1058,56069.7138,53.3967,camp.summer.tier0.solved,Idle,0
1059,56089.2215,19.5078,camp.summer.tier0.solved,Idle,0
1060,56114.6998,25.4783,camp.summer.tier0.solved,Idle,0
1061,56168.5049,53.805,camp.summer.tier0.solved,Idle,0
1062,56213.2607,44.7559,camp.summer.tier0.solved,Idle,0
1063,56233.7837,20.5231,camp.summer.tier0.solved,Idle,0
1064,56273.2377,39.454,camp.summer.tier0.solved,Idle,0
1065,56286.4416,13.2038,camp.summer.tier0.solved,Idle,0
1066,56311.4645,25.0229,camp.summer.tier0.solved,Idle,0
1067,56366.1661,54.7017,camp.summer.tier0.solved,Idle,0
1068,56379.6198,13.4535,camp.summer.tier0.solved,Idle,0
1069,56412.1918,32.5721,camp.summer.tier0.solved,Idle,0
1070,56465.1357,52.944,camp.summer.tier0.solved,Idle,0
1071,56483.8516,18.7159,camp.summer.tier0.solved,Idle,0
1072,56512.2961,28.4444,camp.summer.tier0.solved,Idle,0
1073,56567.6845,55.3883,camp.summer.tier0.solved,Idle,0
1074,56580.2421,12.5577,camp.summer.tier0.solved,Idle,0
1075,56619.6985,39.4564,camp.summer.tier0.solved,Idle,0
1076,56665.7323,46.0338,camp.summer.tier0.solved,Idle,0
1077,56678.9482,13.2158,camp.summer.tier0.solved,Idle,0
1078,56711.7563,32.8082,camp.summer.tier0.solved,Idle,0
1079,56767.5753,55.819,camp.summer.tier0.solved,Idle,0
1080,56812.6367,45.0613,camp.summer.tier0.solved,Idle,0
1081,56822.5893,9.9528,camp.summer.tier0.solved,Idle,0
1082,56870.1011,47.5117,camp.summer.tier0.solved,Idle,0
1083,56889.3028,19.2016,camp.summer.tier0.solved,Idle,0
1084,56913.738,24.4353,camp.summer.tier0.solved,Idle,0
1085,56971.911,58.173,camp.summer.tier0.solved,Idle,0
1086,56987.2399,15.3289,camp.summer.tier0.solved,Idle,0
1087,57031.3123,44.0725,camp.summer.tier0.solved,Idle,0
1088,57073.1337,41.8213,camp.summer.tier0.solved,Idle,0
1089,57115.002,41.8683,camp.summer.tier0.solved,Idle,0
1090,57125.71,10.7081,camp.summer.tier0.solved,Idle,0
1091,57176.3806,50.6705,camp.summer.tier0.solved,Idle,0
1092,57186.2895,9.9089,camp.summer.tier0.solved,Idle,0
1093,57214.5,28.2105,camp.summer.tier0.solved,Idle,0
1094,57266.8154,52.3154,camp.summer.tier0.solved,Idle,0
1095,57286.7676,19.9522,camp.summer.tier0.solved,Idle,0
1096,57312.6099,25.8423,camp.summer.tier0.solved,Idle,0
1097,57363.5943,50.9842,camp.summer.tier0.solved,Idle,0
1098,57379.7366,16.1426,camp.summer.tier0.solved,Idle,0
1099,57418.7141,38.9775,camp.summer.tier0.solved,Idle,0
1100,57464.3776,45.6634,camp.summer.tier0.solved,Idle,0
1101,57505.0334,40.6558,camp.summer.tier0.solved,Idle,0
1102,57514.3813,9.348,camp.summer.tier0.solved,Idle,0
1103,57570.1196,55.7383,camp.summer.tier0.solved,Idle,0
1104,57581.5966,11.4769,camp.summer.tier0.solved,Idle,0
1105,57614.5586,32.9621,camp.summer.tier0.solved,Idle,0
1106,57666.7627,52.2041,camp.summer.tier0.solved,Idle,0
1107,57686.5209,19.7581,route.tier0.camp-menu,Covering,0
1108,57743.7769,57.256,route.tier0.camp-menu,Covering,0
1109,57798.2427,54.4658,route.tier0.camp-menu,Covering,0
1110,57831.2328,32.9901,route.tier0.camp-menu,Covering,0
1111,57866.5931,35.3604,route.tier0.camp-menu,Covering,0
1112,57915.9069,49.3138,route.tier0.camp-menu,Covering,0
1113,57952.5037,36.5966,route.tier0.camp-menu,Covering,0
1114,57991.2188,38.7151,route.tier0.camp-menu,Covering,0
1115,58039.1903,47.9716,route.tier0.camp-menu,Covering,0
1116,58071.5553,32.365,route.tier0.camp-menu,Covering,0
1117,58103.9333,32.378,route.tier0.camp-menu,Covering,0
1118,58155.9697,52.0365,route.tier0.camp-menu,Covering,0
1119,58194.4645,38.4947,route.tier0.camp-menu,Covering,0
1120,58226.4822,32.0178,route.tier0.camp-menu,Covering,0
1121,58269.8025,43.3202,route.tier0.camp-menu,Covering,0
1122,58301.7433,31.9407,route.tier0.camp-menu,Covering,0
1123,58339.7442,38.0008,route.tier0.camp-menu,Covering,0
1124,58391.915,52.1711,route.tier0.camp-menu,Covering,0
1125,58429.3519,37.4367,route.tier0.camp-menu,Covering,0
1126,58463.4279,34.0762,route.tier0.camp-menu,Covering,0
1127,58521.1105,57.6825,route.tier0.camp-menu,Covering,0
1128,58555.3943,34.2838,route.tier0.camp-menu,Covering,0
1129,58589.9557,34.5614,route.tier0.camp-menu,Covering,0
1130,58645.7185,55.7629,route.tier0.camp-menu,Covering,0
1131,58683.2948,37.5762,route.tier0.camp-menu,Covering,0
1132,58719.2821,35.9873,route.tier0.camp-menu,Covering,0
1133,58777.7861,58.504,route.tier0.camp-menu,Covering,0
1134,58811.5848,33.7987,route.tier0.camp-menu,Covering,0
1135,58860.5766,48.9919,route.tier0.camp-menu,Covering,0
1136,58906.5764,45.9998,route.tier0.camp-menu,Covering,0
1137,58943.0941,36.5176,route.tier0.camp-menu,Covering,0
1138,58981.2057,38.1116,route.tier0.camp-menu,Covering,0
1139,59046.1436,64.938,route.tier0.camp-menu,Covering,0
1140,59079.9735,33.8294,route.tier0.camp-menu,Covering,0
1141,59123.3208,43.3476,route.tier0.camp-menu,Covering,0
1142,59185.0798,61.7591,route.tier0.camp-menu,Covering,0
1143,59230.8045,45.7248,route.tier0.camp-menu,Covering,0
1144,59267.6727,36.8679,route.tier0.camp-menu,Covering,0
1145,59333.414,65.7415,route.tier0.camp-menu,CoveredLoading,0
1146,59366.902,33.488,route.tier0.camp-menu,CoveredLoading,0
1147,59824.3298,457.4279,route.tier0.camp-menu,CoveredLoading,0
1148,60605.6213,781.2913,route.tier0.camp-menu,CoveredLoading,0
1149,60646.2782,40.6571,route.tier0.camp-menu,Preparing,0
1150,60682.5181,36.2398,route.tier0.camp-menu,Preparing,0
1151,60716.0149,33.4969,route.tier0.camp-menu,Preparing,0
1152,60771.9488,55.9337,route.tier0.camp-menu,Preparing,0
1153,60804.9252,32.9766,route.tier0.camp-menu,Revealing,0
1154,60868.5617,63.6363,route.tier0.camp-menu,Revealing,0
1155,60902.4602,33.8986,route.tier0.camp-menu,Revealing,0
1156,60947.561,45.1008,route.tier0.camp-menu,Revealing,0
1157,60994.324,46.7631,route.tier0.camp-menu,Revealing,0
1158,61075.2361,80.9117,route.tier0.camp-menu,Revealing,0
1159,61107.7435,32.5076,route.tier0.camp-menu,Revealing,0
1160,61150.5611,42.8178,route.tier0.camp-menu,Revealing,0
1161,61185.7635,35.2023,route.tier0.camp-menu,Revealing,0
1162,61219.2105,33.4471,route.tier0.camp-menu,Revealing,0
1163,61259.6874,40.4768,route.tier0.camp-menu,Revealing,0
1164,61306.4112,46.7239,route.tier0.camp-menu,Revealing,0
1165,61339.1077,32.6963,route.tier0.camp-menu,Revealing,0
1166,61379.8808,40.7732,route.tier0.camp-menu,Revealing,0
1167,61416.5985,36.7177,route.tier0.camp-menu,Revealing,0
1168,61479.1278,62.5293,route.tier0.camp-menu,Revealing,0
1169,61528.6715,49.5438,route.tier0.camp-menu,Revealing,0
1170,61559.5902,30.9187,route.tier0.camp-menu,Revealing,0
1171,61590.976,31.3855,route.tier0.camp-menu,Revealing,0
1172,61628.7458,37.77,route.tier0.camp-menu,Revealing,0
1173,61663.5887,34.8429,route.tier0.camp-menu,Revealing,0
1174,61694.9581,31.3694,route.tier0.camp-menu,Revealing,0
1175,61726.638,31.6799,route.tier0.camp-menu,Revealing,0
1176,61770.7054,44.0675,route.tier0.camp-menu,Revealing,0
1177,61818.3889,47.6834,route.tier0.camp-menu,Revealing,0
1178,61850.2953,31.9065,route.tier0.camp-menu,Revealing,0
1179,61882.0531,31.7577,route.tier0.camp-menu,Revealing,0
1180,61925.107,43.0539,route.tier0.camp-menu,Revealing,0
1181,61956.7335,31.6265,route.tier0.camp-menu,Revealing,0
1182,61994.0377,37.3042,route.tier0.camp-menu,Revealing,0
1183,62027.5853,33.5475,route.tier0.camp-menu,Revealing,0
1184,62071.9257,44.3405,route.tier0.camp-menu,Revealing,0
1185,62121.8941,49.9684,route.tier0.camp-menu,Revealing,0
1186,62154.0284,32.1344,route.tier0.camp-menu,Revealing,0
1187,62185.3169,31.2884,route.tier0.camp-menu,Revealing,0
1188,62216.9345,31.6176,route.tier0.camp-menu,Idle,0
1189,62245.5812,28.6468,audit.snapshot.route.tier0.camp-menu.ready,Idle,0
1190,62276.4034,30.8221,audit.snapshot.route.tier0.camp-menu.ready,Idle,0
1191,62312.5868,36.1833,audit.snapshot.route.tier0.camp-menu.ready,Idle,0
1192,62365.3942,52.8075,audit.snapshot.route.tier0.camp-menu.ready,Idle,0
1193,62385.9592,20.5651,audit.snapshot.route.tier0.camp-menu.ready,Idle,0
1194,62411.9903,26.0311,audit.snapshot.route.tier0.camp-menu.ready,Idle,0
1195,62442.7777,30.7873,audit.snapshot.route.tier0.camp-menu.ready,Idle,0
1196,62482.9002,40.1224,audit.snapshot.route.tier0.camp-menu.ready,Idle,0
1197,62537.5541,54.6541,audit.snapshot.route.tier0.camp-menu.ready,Idle,0
1198,62579.5174,41.9632,audit.snapshot.route.tier0.camp-menu.ready,Idle,0
1199,62589.6513,10.1339,audit.snapshot.route.tier0.camp-menu.ready,Idle,0
1200,62636.3863,46.7349,audit.snapshot.route.tier0.camp-menu.ready,Idle,0
1201,62647.9088,11.5226,audit.snapshot.route.tier0.camp-menu.ready,Idle,0
1202,62681.07,33.1612,audit.snapshot.route.tier0.camp-menu.ready,Idle,0
1203,62715.9208,34.8507,audit.snapshot.route.tier0.camp-menu.ready,Idle,0
1204,62755.6566,39.7358,audit.snapshot.route.tier0.camp-menu.ready,Idle,0
1205,62786.4722,30.8157,audit.snapshot.route.tier0.camp-menu.ready,Idle,0
1206,62812.1385,25.6664,audit.snapshot.route.tier0.camp-menu.ready,Idle,0
1207,62839.6397,27.5011,audit.snapshot.route.tier0.camp-menu.ready,Idle,0
1208,62893.4284,53.7888,audit.snapshot.route.tier0.camp-menu.ready,Idle,0
1209,62929.7761,36.3476,audit.snapshot.route.tier0.camp-menu.ready,Idle,0
1210,62977.7405,47.9644,audit.snapshot.route.tier0.camp-menu.ready,Idle,0
1211,62989.9339,12.1934,audit.snapshot.route.tier0.camp-menu.ready,Idle,0
1212,63029.8579,39.924,audit.snapshot.route.tier0.camp-menu.ready,Idle,0
1213,63051.222,21.364,audit.snapshot.route.tier0.camp-menu.ready,Idle,0
1214,63113.033,61.8112,audit.snapshot.route.tier0.camp-menu.ready,Idle,0
1215,63126.2596,13.2265,audit.snapshot.route.tier0.camp-menu.ready,Idle,0
1216,63183.1114,56.8519,audit.snapshot.route.tier0.camp-menu.ready,Idle,0
1217,63200.1277,17.0162,audit.snapshot.route.tier0.camp-menu.ready,Idle,0
1218,63246.0113,45.8836,audit.snapshot.route.tier0.camp-menu.ready,Idle,0
1219,63333.3261,87.3146,audit.snapshot.route.tier0.camp-menu.ready,Idle,1
1220,63351.4729,18.147,audit.snapshot.route.tier0.camp-menu.ready,Idle,1
1221,63415.9678,64.4949,audit.snapshot.route.tier0.camp-menu.ready,Idle,1
1222,63431.6118,15.6441,audit.snapshot.route.tier0.camp-menu.ready,Idle,1
1223,63462.7452,31.1334,audit.snapshot.route.tier0.camp-menu.ready,Idle,1
1224,63518.8495,56.1041,audit.snapshot.route.tier0.camp-menu.ready,Idle,1
1225,63542.6203,23.7709,audit.snapshot.route.tier0.camp-menu.ready,Idle,1
1226,63587.7948,45.1746,audit.snapshot.route.tier0.camp-menu.ready,Idle,1
1227,63629.6914,41.8965,audit.snapshot.route.tier0.camp-menu.ready,Idle,1
1228,63676.5784,46.887,audit.snapshot.route.tier0.camp-menu.ready,Idle,1
1229,63712.8816,36.3032,audit.snapshot.route.tier0.camp-menu.ready,Idle,1
1230,63746.5795,33.6979,audit.snapshot.route.tier0.camp-menu.ready,Idle,1
1231,63780.2147,33.6352,audit.snapshot.route.tier0.camp-menu.ready,Idle,1
1232,63834.5493,54.3346,audit.snapshot.route.tier0.camp-menu.ready,Idle,1
1233,63871.203,36.6538,audit.snapshot.route.tier0.camp-menu.ready,Idle,1
1234,63915.25,44.047,audit.snapshot.route.tier0.camp-menu.ready,Idle,1
1235,63926.6348,11.3847,audit.snapshot.route.tier0.camp-menu.ready,Idle,1
1236,63973.9093,47.2745,audit.snapshot.route.tier0.camp-menu.ready,Idle,1
1237,63995.487,21.5778,audit.snapshot.route.tier0.camp-menu.ready,Idle,1
1238,64028.9126,33.4256,audit.snapshot.route.tier0.camp-menu.ready,Idle,1
1239,64066.4577,37.545,audit.snapshot.route.tier0.camp-menu.ready,Idle,1
1240,64128.5179,62.0602,audit.snapshot.route.tier0.camp-menu.ready,Idle,1
1241,64150.317,21.799,audit.snapshot.route.tier0.camp-menu.ready,Idle,1
1242,64182.2258,31.9089,audit.snapshot.route.tier0.camp-menu.ready,Idle,1
1243,64215.7511,33.5253,audit.snapshot.route.tier0.camp-menu.ready,Idle,1
1244,64261.3223,45.5712,audit.snapshot.route.tier0.camp-menu.ready,Idle,1
1245,64282.5249,21.2027,audit.snapshot.route.tier0.camp-menu.ready,Idle,1
1246,64315.8671,33.3422,audit.snapshot.route.tier0.camp-menu.ready,Idle,1
1247,64349.0927,33.2256,audit.snapshot.route.tier0.camp-menu.ready,Idle,1
1248,64405.9985,56.9057,audit.snapshot.route.tier0.camp-menu.ready,Idle,1
1249,64429.658,23.6595,menu.tier1.steady,Idle,1
1250,64454.5868,24.9288,menu.tier1.steady,Idle,1
1251,64488.298,33.7113,menu.tier1.steady,Idle,1
1252,64533.9973,45.6992,menu.tier1.steady,Idle,1
1253,64561.8503,27.853,menu.tier1.steady,Idle,1
1254,64600.7499,38.8993,menu.tier1.steady,Idle,1
1255,64634.3267,33.5771,menu.tier1.steady,Idle,1
1256,64691.1579,56.8313,menu.tier1.steady,Idle,1
1257,64727.0788,35.9208,menu.tier1.steady,Idle,1
1258,64769.7264,42.6477,menu.tier1.steady,Idle,1
1259,64779.612,9.8856,menu.tier1.steady,Idle,1
1260,64828.4825,48.8705,menu.tier1.steady,Idle,1
1261,64850.4643,21.9817,menu.tier1.steady,Idle,1
1262,64883.6365,33.1722,menu.tier1.steady,Idle,1
1263,64917.029,33.3925,menu.tier1.steady,Idle,1
1264,64977.7593,60.7303,menu.tier1.steady,Idle,1
1265,65009.129,31.3697,menu.tier1.steady,Idle,1
1266,65033.527,24.398,menu.tier1.steady,Idle,1
1267,65067.2979,33.7707,menu.tier1.steady,Idle,1
1268,65107.1648,39.8672,menu.tier1.steady,Idle,1
1269,65150.7841,43.6193,menu.tier1.steady,Idle,1
1270,65165.2049,14.4207,menu.tier1.steady,Idle,1
1271,65196.9424,31.7375,menu.tier1.steady,Idle,1
1272,65258.3951,61.4528,menu.tier1.steady,Idle,1
1273,65269.7852,11.39,menu.tier1.steady,Idle,1
1274,65303.3295,33.5443,menu.tier1.steady,Idle,1
1275,65336.4326,33.1031,menu.tier1.steady,Idle,1
1276,65395.2627,58.8302,menu.tier1.steady,Idle,1
1277,65408.8375,13.5747,menu.tier1.steady,Idle,1
1278,65446.5287,37.6913,menu.tier1.steady,Idle,1
1279,65480.4509,33.9221,menu.tier1.steady,Idle,1
1280,65534.6161,54.1653,menu.tier1.steady,Idle,1
1281,65581.9216,47.3054,menu.tier1.steady,Idle,1
1282,65594.0924,12.1708,menu.tier1.steady,Idle,1
1283,65643.2936,49.2013,menu.tier1.steady,Idle,1
1284,65666.3962,23.1025,menu.tier1.steady,Idle,1
1285,65695.0019,28.6058,menu.tier1.steady,Idle,1
1286,65728.8429,33.841,menu.tier1.steady,Idle,1
1287,65772.5561,43.7131,menu.tier1.steady,Idle,1
1288,65817.1472,44.5912,menu.tier1.steady,Idle,1
1289,65833.0169,15.8697,menu.tier1.steady,Idle,1
1290,65874.9189,41.9018,menu.tier1.steady,Idle,1
1291,65929.333,54.4142,menu.tier1.steady,Idle,1
1292,65951.4028,22.0697,menu.tier1.steady,Idle,1
1293,65988.806,37.4033,menu.tier1.steady,Idle,1
1294,66020.164,31.358,menu.tier1.steady,Idle,1
1295,66064.6405,44.4766,menu.tier1.steady,Idle,1
1296,66114.9536,50.3131,menu.tier1.steady,Idle,1
1297,66131.7268,16.7732,menu.tier1.steady,Idle,1
1298,66165.735,34.0082,menu.tier1.steady,Idle,1
1299,66217.9311,52.196,menu.tier1.steady,Idle,1
1300,66246.5101,28.5791,menu.tier1.steady,Idle,1
1301,66279.9855,33.4753,menu.tier1.steady,Idle,1
1302,66314.0513,34.0658,menu.tier1.steady,Idle,1
1303,66355.6964,41.6452,menu.tier1.steady,Idle,1
1304,66401.8621,46.1656,menu.tier1.steady,Idle,1
1305,66414.4553,12.5933,menu.tier1.steady,Idle,1
1306,66448.5624,34.1071,menu.tier1.steady,Idle,1
1307,66505.7757,57.2132,menu.tier1.steady,Idle,1
1308,66530.389,24.6134,menu.tier1.steady,Idle,1
1309,66547.1959,16.8069,menu.tier1.steady,Idle,1
1310,66581.1252,33.9292,menu.tier1.steady,Idle,1
1311,66628.6745,47.5494,menu.tier1.steady,Idle,1
1312,66675.9748,47.3004,menu.tier1.steady,Idle,1
1313,66688.1406,12.1657,menu.tier1.steady,Idle,1
1314,66721.8026,33.6621,menu.tier1.steady,Idle,1
1315,66790.0679,68.2651,menu.tier1.steady,Idle,1
1316,66820.4171,30.3493,menu.tier1.steady,Idle,1
1317,66883.4934,63.0762,menu.tier1.steady,Idle,1
1318,66893.6582,10.1649,menu.tier1.steady,Idle,1
1319,66935.7086,42.0504,menu.tier1.steady,Idle,1
1320,66972.0009,36.2922,menu.tier1.steady,Idle,1
1321,67008.1302,36.1294,menu.tier1.steady,Idle,1
1322,67075.5326,67.4024,menu.tier1.steady,Idle,1
1323,67116.9561,41.4232,menu.tier1.steady,Idle,1
1324,67137.8971,20.9412,menu.tier1.steady,Idle,1
1325,67183.2973,45.4003,menu.tier1.steady,Idle,1
1326,67229.5794,46.282,menu.tier1.steady,Idle,1
1327,67291.0902,61.5108,menu.tier1.steady,Idle,1
1328,67331.5399,40.4497,menu.tier1.steady,Idle,1
1329,67379.1267,47.5869,menu.tier1.steady,Idle,1
1330,67414.2367,35.11,menu.tier1.steady,Idle,1
1331,67485.1916,70.9548,menu.tier1.steady,Idle,1
1332,67536.2364,51.0448,menu.tier1.steady,Idle,1
1333,67554.9613,18.7249,menu.tier1.steady,Idle,1
1334,67581.6902,26.7289,menu.tier1.steady,Idle,1
1335,67650.1803,68.49,menu.tier1.steady,Idle,1
1336,67679.1527,28.9726,menu.tier1.steady,Idle,1
1337,67700.2324,21.0797,menu.tier1.steady,Idle,1
1338,67746.7767,46.5442,menu.tier1.steady,Idle,1
1339,67804.8163,58.0396,menu.tier1.steady,Idle,1
1340,67836.8879,32.0716,menu.tier1.steady,Idle,1
1341,67848.7443,11.8565,menu.tier1.steady,Idle,1
1342,67882.8665,34.1221,menu.tier1.steady,Idle,1
1343,67940.745,57.8784,menu.tier1.steady,Idle,1
1344,67980.7333,39.9884,menu.tier1.steady,Idle,1
1345,68006.3269,25.5937,menu.tier1.steady,Idle,1
1346,68032.477,26.1501,menu.tier1.steady,Idle,1
1347,68095.3201,62.8431,menu.tier1.steady,Idle,1
1348,68133.27,37.9498,menu.tier1.steady,Idle,1
1349,68147.6294,14.3595,menu.tier1.steady,Idle,1
1350,68181.6288,33.9994,menu.tier1.steady,Idle,1
1351,68228.3842,46.7553,menu.tier1.steady,Idle,1
1352,68261.9914,33.6072,menu.tier1.steady,Idle,1
1353,68283.264,21.2726,menu.tier1.steady,Idle,1
1354,68329.0285,45.7645,menu.tier1.steady,Idle,1
1355,68387.2557,58.2272,menu.tier1.steady,Idle,1
1356,68421.1083,33.8527,menu.tier1.steady,Idle,1
1357,68467.9988,46.8904,menu.tier1.steady,Idle,1
1358,68476.8526,8.8539,menu.tier1.steady,Idle,1
1359,68516.4751,39.6225,menu.tier1.steady,Idle,1
1360,68558.3988,41.9235,menu.tier1.steady,Idle,1
1361,68583.1456,24.7467,menu.tier1.steady,Idle,1
1362,68616.177,33.0317,menu.tier1.steady,Idle,1
1363,68683.2642,67.0873,menu.tier1.steady,Idle,1
1364,68708.7412,25.4769,menu.tier1.steady,Idle,1
1365,68737.6837,28.9424,menu.tier1.steady,Idle,1
1366,68747.5426,9.8589,menu.tier1.steady,Idle,1
1367,68777.9265,30.3838,menu.tier1.steady,Idle,1
1368,68807.2577,29.3314,menu.tier1.steady,Idle,1
1369,68829.2353,21.9776,leaves.tier1.normal.r1,Covering,1
1370,68892.8682,63.6328,leaves.tier1.normal.r1,Covering,1
1371,68938.9573,46.0892,leaves.tier1.normal.r1,Covering,1
1372,68994.3219,55.3645,leaves.tier1.normal.r1,Covering,1
1373,69027.1653,32.8434,leaves.tier1.normal.r1,Covering,1
1374,69061.0817,33.9164,leaves.tier1.normal.r1,Covering,1
1375,69101.9153,40.8337,leaves.tier1.normal.r1,Covering,1
1376,69134.3886,32.4733,leaves.tier1.normal.r1,Covering,1
1377,69168.0193,33.6306,leaves.tier1.normal.r1,Covering,1
1378,69202.6277,34.6084,leaves.tier1.normal.r1,Covering,1
1379,69256.2147,53.587,leaves.tier1.normal.r1,Covering,1
1380,69307.4088,51.1942,leaves.tier1.normal.r1,Covering,1
1381,69361.7773,54.3685,leaves.tier1.normal.r1,Covering,1
1382,69397.6888,35.9115,leaves.tier1.normal.r1,Covering,1
1383,69444.9218,47.233,leaves.tier1.normal.r1,Covering,1
1384,69483.2814,38.3596,leaves.tier1.normal.r1,Covering,1
1385,69520.262,36.9805,leaves.tier1.normal.r1,Covering,1
1386,69552.7254,32.4635,leaves.tier1.normal.r1,Covering,1
1387,69611.7984,59.073,leaves.tier1.normal.r1,Covering,1
1388,69646.3723,34.5737,leaves.tier1.normal.r1,Covering,1
1389,69686.6996,40.3273,leaves.tier1.normal.r1,Covering,1
1390,69745.431,58.7316,leaves.tier1.normal.r1,Covering,1
1391,69781.1583,35.7272,leaves.tier1.normal.r1,Covering,1
1392,69822.2048,41.0465,leaves.tier1.normal.r1,Covering,1
1393,69861.8539,39.6491,leaves.tier1.normal.r1,Covering,1
1394,69903.6985,41.8445,leaves.tier1.normal.r1,Covering,1
1395,69967.481,63.7826,leaves.tier1.normal.r1,Covering,1
1396,70002.2316,34.7507,leaves.tier1.normal.r1,Covering,1
1397,70048.0072,45.7754,leaves.tier1.normal.r1,Covering,1
1398,70091.3235,43.3164,leaves.tier1.normal.r1,Covering,1
1399,70143.6985,52.375,leaves.tier1.normal.r1,Covering,1
1400,70179.3828,35.6843,leaves.tier1.normal.r1,Covering,1
1401,70249.0255,69.6427,leaves.tier1.normal.r1,Covering,1
1402,70283.8747,34.8493,leaves.tier1.normal.r1,Covering,1
1403,70349.1029,65.2281,leaves.tier1.normal.r1,Covering,1
1404,70382.5507,33.4479,leaves.tier1.normal.r1,Covering,1
1405,70425.0945,42.5438,leaves.tier1.normal.r1,Covering,1
1406,70463.0177,37.9231,leaves.tier1.normal.r1,CoveredLoading,1
1407,70518.2514,55.2337,leaves.tier1.normal.r1,CoveredLoading,1
1408,70563.3981,45.1468,audit.snapshot.leaves.tier1.normal.r1.covered,CoveredLoading,1
1409,70602.1434,38.7452,leaves.tier1.normal.r1.hold,CoveredLoading,1
1410,70650.5684,48.425,leaves.tier1.normal.r1.hold,CoveredLoading,1
1411,70715.9571,65.3887,leaves.tier1.normal.r1.hold,CoveredLoading,1
1412,70748.3266,32.3695,leaves.tier1.normal.r1.hold,CoveredLoading,1
1413,70800.3554,52.0289,leaves.tier1.normal.r1.hold,CoveredLoading,1
1414,70836.5474,36.1919,leaves.tier1.normal.r1.hold,CoveredLoading,1
1415,70883.7426,47.1952,leaves.tier1.normal.r1.hold,CoveredLoading,1
1416,70923.4861,39.7434,leaves.tier1.normal.r1.hold,CoveredLoading,1
1417,70985.024,61.538,leaves.tier1.normal.r1.hold,CoveredLoading,1
1418,71019.8728,34.8488,leaves.tier1.normal.r1.hold,CoveredLoading,1
1419,71079.0227,59.15,leaves.tier1.normal.r1.hold,CoveredLoading,1
1420,71112.7666,33.7439,leaves.tier1.normal.r1.hold,CoveredLoading,1
1421,71163.9012,51.1346,leaves.tier1.normal.r1.hold,CoveredLoading,1
1422,71214.222,50.3207,leaves.tier1.normal.r1.hold,CoveredLoading,1
1423,71293.631,79.409,leaves.tier1.normal.r1.hold,CoveredLoading,1
1424,71334.2256,40.5946,leaves.tier1.normal.r1.hold,CoveredLoading,1
1425,71394.6795,60.4539,leaves.tier1.normal.r1.hold,CoveredLoading,1
1426,71436.1702,41.4907,leaves.tier1.normal.r1.hold,CoveredLoading,1
1427,71500.2891,64.1188,leaves.tier1.normal.r1.hold,CoveredLoading,1
1428,71533.9292,33.6402,leaves.tier1.normal.r1.reveal,Preparing,1
1429,71583.1427,49.2135,leaves.tier1.normal.r1.reveal,Preparing,1
1430,71634.6152,51.4725,leaves.tier1.normal.r1.reveal,Preparing,1
1431,71682.953,48.3379,leaves.tier1.normal.r1.reveal,Preparing,1
1432,71723.976,41.0229,leaves.tier1.normal.r1.reveal,Preparing,1
1433,71789.1455,65.1695,leaves.tier1.normal.r1.reveal,Preparing,1
1434,71821.9622,32.8168,leaves.tier1.normal.r1.reveal,Revealing,1
1435,71876.1408,54.1786,leaves.tier1.normal.r1.reveal,Revealing,1
1436,71910.6652,34.5244,leaves.tier1.normal.r1.reveal,Revealing,1
1437,71948.85,38.1846,leaves.tier1.normal.r1.reveal,Revealing,1
1438,71999.2957,50.4459,leaves.tier1.normal.r1.reveal,Revealing,1
1439,72050.5647,51.2689,leaves.tier1.normal.r1.reveal,Revealing,1
1440,72097.3593,46.7947,leaves.tier1.normal.r1.reveal,Revealing,1
1441,72145.2419,47.8825,leaves.tier1.normal.r1.reveal,Revealing,1
1442,72195.7091,50.4673,leaves.tier1.normal.r1.reveal,Revealing,1
1443,72248.2841,52.5749,leaves.tier1.normal.r1.reveal,Revealing,1
1444,72281.5444,33.2604,leaves.tier1.normal.r1.reveal,Revealing,1
1445,72327.4788,45.9344,leaves.tier1.normal.r1.reveal,Revealing,1
1446,72366.2702,38.7912,leaves.tier1.normal.r1.reveal,Revealing,1
1447,72426.2301,59.9599,leaves.tier1.normal.r1.reveal,Revealing,1
1448,72460.2463,34.0164,leaves.tier1.normal.r1.reveal,Revealing,1
1449,72499.1447,38.8983,leaves.tier1.normal.r1.reveal,Revealing,1
1450,72540.2197,41.075,leaves.tier1.normal.r1.reveal,Revealing,1
1451,72608.1277,67.9081,leaves.tier1.normal.r1.reveal,Revealing,1
1452,72640.6859,32.5581,leaves.tier1.normal.r1.reveal,Revealing,1
1453,72675.0286,34.3427,leaves.tier1.normal.r1.reveal,Revealing,1
1454,72708.2874,33.2588,leaves.tier1.normal.r1.reveal,Revealing,1
1455,72750.1374,41.8499,leaves.tier1.normal.r1.reveal,Revealing,1
1456,72782.7627,32.6255,leaves.tier1.normal.r1.reveal,Revealing,1
1457,72816.0162,33.2534,leaves.tier1.normal.r1.reveal,Revealing,1
1458,72855.2657,39.2495,leaves.tier1.normal.r1.reveal,Revealing,1
1459,72912.2099,56.9443,leaves.tier1.normal.r1.reveal,Revealing,1
1460,72946.764,34.554,leaves.tier1.normal.r1.reveal,Revealing,1
1461,72985.6094,38.8455,leaves.tier1.normal.r1.reveal,Revealing,1
1462,73019.9157,34.3061,leaves.tier1.normal.r1.reveal,Revealing,1
1463,73079.6171,59.7015,leaves.tier1.normal.r1.reveal,Revealing,1
1464,73113.0423,33.4252,leaves.tier1.normal.r1.reveal,Revealing,1
1465,73146.9041,33.8617,leaves.tier1.normal.r1.reveal,Revealing,1
1466,73181.1408,34.2369,leaves.tier1.normal.r1.reveal,Revealing,1
1467,73245.4139,64.2731,leaves.tier1.normal.r1.reveal,Revealing,1
1468,73255.7723,10.3583,leaves.tier1.normal.r1.reveal,Idle,1
1469,73290.0546,34.2824,leaves.tier1.normal.r1.settle,Idle,1
1470,73338.2507,48.196,leaves.tier1.normal.r1.settle,Idle,1
1471,73378.0613,39.8106,leaves.tier1.normal.r1.settle,Idle,1
1472,73404.6248,26.5635,leaves.tier1.normal.r1.settle,Idle,1
1473,73462.8585,58.2338,leaves.tier1.normal.r1.settle,Idle,1
1474,73477.8093,14.9508,leaves.tier1.normal.r1.settle,Idle,1
1475,73532.1357,54.3264,leaves.tier1.normal.r1.settle,Idle,1
1476,73546.9603,14.8246,leaves.tier1.normal.r1.settle,Idle,1
1477,73580.4181,33.4578,leaves.tier1.normal.r1.settle,Idle,1
1478,73614.27,33.8519,leaves.tier1.normal.r1.settle,Idle,1
1479,73663.338,49.068,leaves.tier1.normal.r1.settle,Idle,1
1480,73705.7102,42.3721,leaves.tier1.normal.r1.settle,Idle,1
1481,73746.8314,41.1211,leaves.tier1.normal.r1.settle,Idle,1
1482,73759.03,12.1988,leaves.tier1.normal.r1.settle,Idle,1
1483,73806.3148,47.2848,leaves.tier1.normal.r1.settle,Idle,1
1484,73824.3534,18.0386,leaves.tier1.reduced.r1,Covering,1
1485,73852.4869,28.1334,leaves.tier1.reduced.r1,Covering,1
1486,73884.766,32.279,leaves.tier1.reduced.r1,Covering,1
1487,73924.4595,39.6936,leaves.tier1.reduced.r1,Covering,1
1488,73947.6868,23.2273,leaves.tier1.reduced.r1,Covering,1
1489,74002.5342,54.8475,leaves.tier1.reduced.r1,CoveredLoading,1
1490,74032.2128,29.6786,leaves.tier1.reduced.r1,CoveredLoading,1
1491,74081.1294,48.9165,audit.snapshot.leaves.tier1.reduced.r1.covered,CoveredLoading,1
1492,74129.8135,48.684,leaves.tier1.reduced.r1.hold,CoveredLoading,1
1493,74153.7177,23.9043,leaves.tier1.reduced.r1.hold,CoveredLoading,1
1494,74191.4685,37.7507,leaves.tier1.reduced.r1.hold,CoveredLoading,1
1495,74215.0467,23.5784,leaves.tier1.reduced.r1.hold,CoveredLoading,1
1496,74268.9005,53.8538,leaves.tier1.reduced.r1.hold,CoveredLoading,1
1497,74286.1841,17.2835,leaves.tier1.reduced.r1.hold,CoveredLoading,1
1498,74324.2921,38.108,leaves.tier1.reduced.r1.hold,CoveredLoading,1
1499,74370.2834,45.9913,leaves.tier1.reduced.r1.hold,CoveredLoading,1
1500,74404.4546,34.1713,leaves.tier1.reduced.r1.hold,CoveredLoading,1
1501,74430.6482,26.1936,leaves.tier1.reduced.r1.hold,CoveredLoading,1
1502,74465.3011,34.6528,leaves.tier1.reduced.r1.hold,CoveredLoading,1
1503,74514.4032,49.1022,leaves.tier1.reduced.r1.hold,CoveredLoading,1
1504,74549.3697,34.9665,leaves.tier1.reduced.r1.hold,CoveredLoading,1
1505,74572.6912,23.3215,leaves.tier1.reduced.r1.hold,CoveredLoading,1
1506,74611.3804,38.6891,leaves.tier1.reduced.r1.hold,CoveredLoading,1
1507,74651.0665,39.6862,leaves.tier1.reduced.r1.hold,CoveredLoading,1
1508,74686.1532,35.0865,leaves.tier1.reduced.r1.hold,CoveredLoading,1
1509,74715.3219,29.1688,leaves.tier1.reduced.r1.hold,CoveredLoading,1
1510,74758.969,43.6472,leaves.tier1.reduced.r1.hold,CoveredLoading,1
1511,74788.7428,29.7737,leaves.tier1.reduced.r1.reveal,Preparing,1
1512,74842.6664,53.9236,leaves.tier1.reduced.r1.reveal,Preparing,1
1513,74855.1093,12.4429,leaves.tier1.reduced.r1.reveal,Revealing,1
1514,74880.9156,25.8064,leaves.tier1.reduced.r1.reveal,Revealing,1
1515,74917.6447,36.7288,leaves.tier1.reduced.r1.reveal,Revealing,1
1516,74960.8134,43.169,leaves.tier1.reduced.r1.reveal,Revealing,1
1517,74993.9128,33.0994,leaves.tier1.reduced.r1.reveal,Revealing,1
1518,75025.3727,31.4599,leaves.tier1.reduced.r1.reveal,Revealing,1
1519,75061.8686,36.4958,leaves.tier1.reduced.r1.reveal,Idle,1
1520,75134.3155,72.447,leaves.tier1.reduced.r1.settle,Idle,1
1521,75156.7396,22.4241,leaves.tier1.reduced.r1.settle,Idle,1
1522,75199.612,42.8723,leaves.tier1.reduced.r1.settle,Idle,1
1523,75254.9237,55.3117,leaves.tier1.reduced.r1.settle,Idle,1
1524,75315.303,60.3793,leaves.tier1.reduced.r1.settle,Idle,1
1525,75355.5935,40.2906,leaves.tier1.reduced.r1.settle,Idle,1
1526,75395.754,40.1605,leaves.tier1.reduced.r1.settle,Idle,1
1527,75448.9399,53.1859,leaves.tier1.reduced.r1.settle,Idle,1
1528,75524.3031,75.3632,leaves.tier1.reduced.r1.settle,Idle,1
1529,75544.0171,19.7139,leaves.tier1.reduced.r1.settle,Idle,1
1530,75572.4124,28.3953,leaves.tier1.reduced.r1.settle,Idle,1
1531,75612.3631,39.9508,leaves.tier1.reduced.r1.settle,Idle,1
1532,75657.1681,44.8049,leaves.tier1.reduced.r1.settle,Idle,1
1533,75681.1282,23.9602,leaves.tier1.reduced.r1.settle,Idle,1
1534,75716.46,35.3318,leaves.tier1.reduced.r1.settle,Idle,1
1535,75750.2271,33.767,leaves.tier1.normal.r2,Covering,1
1536,75817.2307,67.0036,leaves.tier1.normal.r2,Covering,1
1537,75850.4943,33.2636,leaves.tier1.normal.r2,Covering,1
1538,75883.0222,32.528,leaves.tier1.normal.r2,Covering,1
1539,75938.1414,55.1191,leaves.tier1.normal.r2,Covering,1
1540,75986.6299,48.4885,leaves.tier1.normal.r2,Covering,1
1541,76020.0852,33.4554,leaves.tier1.normal.r2,Covering,1
1542,76053.515,33.4295,leaves.tier1.normal.r2,Covering,1
1543,76109.6727,56.158,leaves.tier1.normal.r2,Covering,1
1544,76156.0961,46.4233,leaves.tier1.normal.r2,Covering,1
1545,76190.2675,34.1714,leaves.tier1.normal.r2,Covering,1
1546,76223.6842,33.4168,leaves.tier1.normal.r2,Covering,1
1547,76268.1217,44.4374,leaves.tier1.normal.r2,Covering,1
1548,76310.0276,41.906,leaves.tier1.normal.r2,Covering,1
1549,76345.0674,35.0397,leaves.tier1.normal.r2,Covering,1
1550,76380.9223,35.8549,leaves.tier1.normal.r2,Covering,1
1551,76424.2766,43.3544,leaves.tier1.normal.r2,Covering,1
1552,76470.4863,46.2097,leaves.tier1.normal.r2,Covering,1
1553,76506.1915,35.7051,leaves.tier1.normal.r2,Covering,1
1554,76544.1752,37.9837,leaves.tier1.normal.r2,Covering,1
1555,76603.2955,59.1203,leaves.tier1.normal.r2,Covering,1
1556,76639.4416,36.1461,leaves.tier1.normal.r2,Covering,1
1557,76678.8607,39.4192,leaves.tier1.normal.r2,Covering,1
1558,76724.5422,45.6815,leaves.tier1.normal.r2,Covering,1
1559,76775.2784,50.7362,leaves.tier1.normal.r2,Covering,1
1560,76832.7774,57.4989,leaves.tier1.normal.r2,Covering,1
1561,76867.3374,34.56,leaves.tier1.normal.r2,Covering,1
1562,76906.3537,39.0164,leaves.tier1.normal.r2,Covering,1
1563,76978.6737,72.3199,leaves.tier1.normal.r2,Covering,1
1564,77017.6504,38.9768,leaves.tier1.normal.r2,Covering,1
1565,77054.1064,36.4559,leaves.tier1.normal.r2,Covering,1
1566,77093.0653,38.9589,leaves.tier1.normal.r2,Covering,1
1567,77151.2432,58.1779,leaves.tier1.normal.r2,Covering,1
1568,77208.6486,57.4054,leaves.tier1.normal.r2,Covering,1
1569,77242.3803,33.7317,leaves.tier1.normal.r2,Covering,1
1570,77276.5235,34.1433,leaves.tier1.normal.r2,Covering,1
1571,77342.7692,66.2457,leaves.tier1.normal.r2,Covering,1
1572,77377.588,34.8188,leaves.tier1.normal.r2,CoveredLoading,1
1573,77410.8913,33.3033,leaves.tier1.normal.r2,CoveredLoading,1
1574,77451.0876,40.1962,audit.snapshot.leaves.tier1.normal.r2.covered,CoveredLoading,1
1575,77503.624,52.5364,leaves.tier1.normal.r2.hold,CoveredLoading,1
1576,77558.8102,55.1863,leaves.tier1.normal.r2.hold,CoveredLoading,1
1577,77592.9981,34.1879,leaves.tier1.normal.r2.hold,CoveredLoading,1
1578,77627.1314,34.1333,leaves.tier1.normal.r2.hold,CoveredLoading,1
1579,77684.6605,57.5291,leaves.tier1.normal.r2.hold,CoveredLoading,1
1580,77728.73,44.0694,leaves.tier1.normal.r2.hold,CoveredLoading,1
1581,77765.5501,36.8201,leaves.tier1.normal.r2.hold,CoveredLoading,1
1582,77801.6744,36.1244,leaves.tier1.normal.r2.hold,CoveredLoading,1
1583,77851.8422,50.1677,leaves.tier1.normal.r2.hold,CoveredLoading,1
1584,77906.5225,54.6804,leaves.tier1.normal.r2.hold,CoveredLoading,1
1585,77940.3804,33.8579,leaves.tier1.normal.r2.hold,CoveredLoading,1
1586,77981.2713,40.8909,leaves.tier1.normal.r2.hold,CoveredLoading,1
1587,78043.3026,62.0312,leaves.tier1.normal.r2.hold,CoveredLoading,1
1588,78103.0944,59.7918,leaves.tier1.normal.r2.hold,CoveredLoading,1
1589,78140.2269,37.1325,leaves.tier1.normal.r2.hold,CoveredLoading,1
1590,78173.6261,33.3993,leaves.tier1.normal.r2.hold,CoveredLoading,1
1591,78232.6725,59.0463,leaves.tier1.normal.r2.hold,CoveredLoading,1
1592,78295.0818,62.4093,leaves.tier1.normal.r2.hold,CoveredLoading,1
1593,78328.1564,33.0746,leaves.tier1.normal.r2.hold,CoveredLoading,1
1594,78371.6658,43.5095,leaves.tier1.normal.r2.reveal,Preparing,1
1595,78435.0146,63.3487,leaves.tier1.normal.r2.reveal,Preparing,1
1596,78474.1108,39.0963,leaves.tier1.normal.r2.reveal,Preparing,1
1597,78507.1764,33.0656,leaves.tier1.normal.r2.reveal,Preparing,1
1598,78547.7263,40.5498,leaves.tier1.normal.r2.reveal,Preparing,1
1599,78603.7692,56.0429,leaves.tier1.normal.r2.reveal,Preparing,1
1600,78651.5626,47.7933,leaves.tier1.normal.r2.reveal,Revealing,1
1601,78685.8609,34.2985,leaves.tier1.normal.r2.reveal,Revealing,1
1602,78722.7677,36.9067,leaves.tier1.normal.r2.reveal,Revealing,1
1603,78783.8948,61.1272,leaves.tier1.normal.r2.reveal,Revealing,1
1604,78819.6428,35.7479,leaves.tier1.normal.r2.reveal,Revealing,1
1605,78853.9755,34.3327,leaves.tier1.normal.r2.reveal,Revealing,1
1606,78887.1855,33.2101,leaves.tier1.normal.r2.reveal,Revealing,1
1607,78930.4802,43.2946,leaves.tier1.normal.r2.reveal,Revealing,1
1608,78989.7373,59.2572,leaves.tier1.normal.r2.reveal,Revealing,1
1609,79022.7519,33.0146,leaves.tier1.normal.r2.reveal,Revealing,1
1610,79056.5457,33.7938,leaves.tier1.normal.r2.reveal,Revealing,1
1611,79123.9159,67.3702,leaves.tier1.normal.r2.reveal,Revealing,1
1612,79175.9414,52.0254,leaves.tier1.normal.r2.reveal,Revealing,1
1613,79223.6685,47.7271,leaves.tier1.normal.r2.reveal,Revealing,1
1614,79273.918,50.2495,leaves.tier1.normal.r2.reveal,Revealing,1
1615,79329.6554,55.7374,leaves.tier1.normal.r2.reveal,Revealing,1
1616,79394.8583,65.2028,leaves.tier1.normal.r2.reveal,Revealing,1
1617,79428.3431,33.4849,leaves.tier1.normal.r2.reveal,Revealing,1
1618,79472.9249,44.5818,leaves.tier1.normal.r2.reveal,Revealing,1
1619,79539.3146,66.3898,leaves.tier1.normal.r2.reveal,Revealing,1
1620,79582.5383,43.2237,leaves.tier1.normal.r2.reveal,Revealing,1
1621,79626.0647,43.5264,leaves.tier1.normal.r2.reveal,Revealing,1
1622,79659.4184,33.3536,leaves.tier1.normal.r2.reveal,Revealing,1
1623,79699.3159,39.8976,leaves.tier1.normal.r2.reveal,Revealing,1
1624,79749.8622,50.5462,leaves.tier1.normal.r2.reveal,Revealing,1
1625,79783.0913,33.2292,leaves.tier1.normal.r2.reveal,Revealing,1
1626,79816.5786,33.4873,leaves.tier1.normal.r2.reveal,Revealing,1
1627,79871.0706,54.4918,leaves.tier1.normal.r2.reveal,Revealing,1
1628,79906.6277,35.5572,leaves.tier1.normal.r2.reveal,Revealing,1
1629,79939.5231,32.8954,leaves.tier1.normal.r2.reveal,Revealing,1
1630,79975.9393,36.4163,leaves.tier1.normal.r2.reveal,Revealing,1
1631,80018.6704,42.7311,leaves.tier1.normal.r2.reveal,Revealing,1
1632,80075.0708,56.4003,leaves.tier1.normal.r2.reveal,Idle,1
1633,80093.135,18.0643,leaves.tier1.normal.r2.settle,Idle,1
1634,80121.6711,28.536,leaves.tier1.normal.r2.settle,Idle,1
1635,80176.2573,54.5863,leaves.tier1.normal.r2.settle,Idle,1
1636,80199.4637,23.2063,leaves.tier1.normal.r2.settle,Idle,1
1637,80228.7664,29.3028,leaves.tier1.normal.r2.settle,Idle,1
1638,80262.1783,33.4118,leaves.tier1.normal.r2.settle,Idle,1
1639,80307.0695,44.8912,leaves.tier1.normal.r2.settle,Idle,1
1640,80351.4205,44.3508,leaves.tier1.normal.r2.settle,Idle,1
1641,80374.4104,22.9902,leaves.tier1.normal.r2.settle,Idle,1
1642,80408.0128,33.6023,leaves.tier1.normal.r2.settle,Idle,1
1643,80467.9781,59.9653,leaves.tier1.normal.r2.settle,Idle,1
1644,80488.8469,20.8688,leaves.tier1.normal.r2.settle,Idle,1
1645,80514.0744,25.2275,leaves.tier1.normal.r2.settle,Idle,1
1646,80547.9096,33.8352,leaves.tier1.normal.r2.settle,Idle,1
1647,80605.0679,57.1583,leaves.tier1.normal.r2.settle,Idle,1
1648,80646.4153,41.3475,leaves.tier1.reduced.r2,Covering,1
1649,80657.3215,10.9062,leaves.tier1.reduced.r2,Covering,1
1650,80691.3307,34.0091,leaves.tier1.reduced.r2,Covering,1
1651,80744.1112,52.7806,leaves.tier1.reduced.r2,Covering,1
1652,80774.8726,30.7614,leaves.tier1.reduced.r2,Covering,1
1653,80799.4982,24.6256,leaves.tier1.reduced.r2,CoveredLoading,1
1654,80832.7368,33.2385,leaves.tier1.reduced.r2,CoveredLoading,1
1655,80879.7878,47.051,audit.snapshot.leaves.tier1.reduced.r2.covered,CoveredLoading,1
1656,80929.6726,49.8848,leaves.tier1.reduced.r2.hold,CoveredLoading,1
1657,80981.6701,51.9976,leaves.tier1.reduced.r2.hold,CoveredLoading,1
1658,81006.7583,25.0881,leaves.tier1.reduced.r2.hold,CoveredLoading,1
1659,81062.0528,55.2945,leaves.tier1.reduced.r2.hold,CoveredLoading,1
1660,81076.9581,14.9053,leaves.tier1.reduced.r2.hold,CoveredLoading,1
1661,81108.6969,31.7389,leaves.tier1.reduced.r2.hold,CoveredLoading,1
1662,81141.5496,32.8527,leaves.tier1.reduced.r2.hold,CoveredLoading,1
1663,81182.5481,40.9985,leaves.tier1.reduced.r2.hold,CoveredLoading,1
1664,81226.0713,43.5232,leaves.tier1.reduced.r2.hold,CoveredLoading,1
1665,81248.3417,22.2704,leaves.tier1.reduced.r2.hold,CoveredLoading,1
1666,81281.7412,33.3994,leaves.tier1.reduced.r2.hold,CoveredLoading,1
1667,81335.2454,53.5043,leaves.tier1.reduced.r2.hold,CoveredLoading,1
1668,81373.3916,38.1462,leaves.tier1.reduced.r2.hold,CoveredLoading,1
1669,81382.2247,8.833,leaves.tier1.reduced.r2.hold,CoveredLoading,1
1670,81429.7575,47.5329,leaves.tier1.reduced.r2.hold,CoveredLoading,1
1671,81471.8165,42.0589,leaves.tier1.reduced.r2.hold,CoveredLoading,1
1672,81494.6292,22.8128,leaves.tier1.reduced.r2.hold,CoveredLoading,1
1673,81526.2909,31.6617,leaves.tier1.reduced.r2.hold,CoveredLoading,1
1674,81559.995,33.704,leaves.tier1.reduced.r2.hold,CoveredLoading,1
1675,81616.5296,56.5346,leaves.tier1.reduced.r2.reveal,Preparing,1
1676,81643.049,26.5195,leaves.tier1.reduced.r2.reveal,Preparing,1
1677,81673.9159,30.8668,leaves.tier1.reduced.r2.reveal,Revealing,1
1678,81700.3036,26.3876,leaves.tier1.reduced.r2.reveal,Revealing,1
1679,81745.6419,45.3384,leaves.tier1.reduced.r2.reveal,Revealing,1
1680,81782.9285,37.2867,leaves.tier1.reduced.r2.reveal,Revealing,1
1681,81826.111,43.1823,leaves.tier1.reduced.r2.reveal,Revealing,1
1682,81848.3642,22.2534,leaves.tier1.reduced.r2.reveal,Idle,1
1683,81912.4221,64.0579,leaves.tier1.reduced.r2.settle,Idle,1
1684,81927.7965,15.3744,leaves.tier1.reduced.r2.settle,Idle,1
1685,81961.121,33.3244,leaves.tier1.reduced.r2.settle,Idle,1
1686,82014.656,53.5351,leaves.tier1.reduced.r2.settle,Idle,1
1687,82051.6069,36.9508,leaves.tier1.reduced.r2.settle,Idle,1
1688,82087.6545,36.0476,leaves.tier1.reduced.r2.settle,Idle,1
1689,82115.4689,27.8145,leaves.tier1.reduced.r2.settle,Idle,1
1690,82149.1852,33.7162,leaves.tier1.reduced.r2.settle,Idle,1
1691,82206.6478,57.4625,leaves.tier1.reduced.r2.settle,Idle,1
1692,82219.8877,13.24,leaves.tier1.reduced.r2.settle,Idle,1
1693,82253.108,33.2204,leaves.tier1.reduced.r2.settle,Idle,1
1694,82286.51,33.402,leaves.tier1.reduced.r2.settle,Idle,1
1695,82329.6754,43.1654,leaves.tier1.reduced.r2.settle,Idle,1
1696,82355.4853,25.8098,leaves.tier1.reduced.r2.settle,Idle,1
1697,82379.7882,24.3029,leaves.tier1.reduced.r2.settle,Idle,1
1698,82414.6405,34.8523,route.tier1.menu-camp,Covering,1
1699,82485.0065,70.366,route.tier1.menu-camp,Covering,1
1700,82538.118,53.1115,route.tier1.menu-camp,Covering,1
1701,82570.9733,32.8554,route.tier1.menu-camp,Covering,1
1702,82603.1993,32.2259,route.tier1.menu-camp,Covering,1
1703,82651.6387,48.4394,route.tier1.menu-camp,Covering,1
1704,82684.3838,32.745,route.tier1.menu-camp,Covering,1
1705,82719.3994,35.0158,route.tier1.menu-camp,Covering,1
1706,82753.7206,34.3212,route.tier1.menu-camp,Covering,1
1707,82795.8865,42.1658,route.tier1.menu-camp,Covering,1
1708,82837.1988,41.3124,route.tier1.menu-camp,Covering,1
1709,82872.0956,34.8967,route.tier1.menu-camp,Covering,1
1710,82906.6259,34.5303,route.tier1.menu-camp,Covering,1
1711,82977.3155,70.6896,route.tier1.menu-camp,Covering,1
1712,83051.5252,74.2097,route.tier1.menu-camp,Covering,1
1713,83094.1867,42.6615,route.tier1.menu-camp,Covering,1
1714,83138.813,44.6263,route.tier1.menu-camp,Covering,1
1715,83196.7337,57.9208,route.tier1.menu-camp,Covering,1
1716,83252.8978,56.1639,route.tier1.menu-camp,Covering,1
1717,83305.5764,52.6787,route.tier1.menu-camp,Covering,1
1718,83348.0063,42.4299,route.tier1.menu-camp,Covering,1
1719,83419.213,71.2067,route.tier1.menu-camp,Covering,1
1720,83466.9886,47.7755,route.tier1.menu-camp,Covering,1
1721,83508.1461,41.1577,route.tier1.menu-camp,Covering,1
1722,83553.3511,45.2049,route.tier1.menu-camp,Covering,1
1723,83615.7253,62.3743,route.tier1.menu-camp,Covering,1
1724,83680.6022,64.8768,route.tier1.menu-camp,Covering,1
1725,83731.9821,51.38,route.tier1.menu-camp,Covering,1
1726,83789.5771,57.5949,route.tier1.menu-camp,Covering,1
1727,83863.9705,74.3935,route.tier1.menu-camp,Covering,1
1728,83916.6706,52.7001,route.tier1.menu-camp,Covering,1
1729,83950.1433,33.4726,route.tier1.menu-camp,Covering,1
1730,83990.3422,40.1989,route.tier1.menu-camp,Covering,1
1731,84051.3347,60.9926,route.tier1.menu-camp,CoveredLoading,1
1732,84110.5319,59.1971,route.tier1.menu-camp,CoveredLoading,1
1733,84529.445,418.9132,route.tier1.menu-camp,CoveredLoading,1
1734,85131.017,601.5715,route.tier1.menu-camp,CoveredLoading,1
1735,85176.9231,45.9065,route.tier1.menu-camp,Preparing,1
1736,85217.0142,40.0911,route.tier1.menu-camp,Preparing,1
1737,85273.5065,56.4921,route.tier1.menu-camp,Preparing,1
1738,85359.6277,86.1213,route.tier1.menu-camp,Revealing,1
1739,85395.6041,35.9765,route.tier1.menu-camp,Revealing,1
1740,85447.2439,51.6398,route.tier1.menu-camp,Revealing,1
1741,85508.2643,61.0202,route.tier1.menu-camp,Revealing,1
1742,85571.2595,62.9955,route.tier1.menu-camp,Revealing,1
1743,85613.8099,42.5502,route.tier1.menu-camp,Revealing,1
1744,85749.4216,135.6114,route.tier1.menu-camp,Revealing,1
1745,85788.7393,39.3181,route.tier1.menu-camp,Revealing,1
1746,85838.0082,49.2689,route.tier1.menu-camp,Revealing,1
1747,85917.3753,79.3671,route.tier1.menu-camp,Revealing,1
1748,85958.3326,40.9573,route.tier1.menu-camp,Revealing,1
1749,86049.8521,91.5191,route.tier1.menu-camp,Revealing,1
1750,86102.336,52.4844,route.tier1.menu-camp,Revealing,1
1751,86143.9792,41.6432,route.tier1.menu-camp,Revealing,1
1752,86202.5667,58.5873,route.tier1.menu-camp,Revealing,1
1753,86238.3418,35.7752,route.tier1.menu-camp,Revealing,1
1754,86303.4341,65.0923,route.tier1.menu-camp,Revealing,1
1755,86367.8026,64.3685,route.tier1.menu-camp,Revealing,1
1756,86405.0203,37.2177,route.tier1.menu-camp,Revealing,1
1757,86450.4803,45.4601,route.tier1.menu-camp,Revealing,1
1758,86533.6075,83.1272,route.tier1.menu-camp,Revealing,1
1759,86570.7982,37.1906,route.tier1.menu-camp,Revealing,1
1760,86631.7273,60.9291,route.tier1.menu-camp,Revealing,1
1761,86697.0363,65.309,route.tier1.menu-camp,Revealing,1
1762,86720.1244,23.0881,route.tier1.menu-camp,Idle,1
1763,86761.8006,41.6762,audit.snapshot.route.tier1.menu-camp.ready,Idle,1
1764,86839.6272,77.8265,audit.snapshot.route.tier1.menu-camp.ready,Idle,1
1765,86862.5509,22.9238,audit.snapshot.route.tier1.menu-camp.ready,Idle,1
1766,86945.7876,83.2367,audit.snapshot.route.tier1.menu-camp.ready,Idle,1
1767,86999.8059,54.0183,audit.snapshot.route.tier1.menu-camp.ready,Idle,1
1768,87034.0008,34.195,audit.snapshot.route.tier1.menu-camp.ready,Idle,1
1769,87079.5762,45.5752,audit.snapshot.route.tier1.menu-camp.ready,Idle,1
1770,87152.3724,72.7963,audit.snapshot.route.tier1.menu-camp.ready,Idle,1
1771,87178.4254,26.0531,audit.snapshot.route.tier1.menu-camp.ready,Idle,1
1772,87242.7001,64.2746,audit.snapshot.route.tier1.menu-camp.ready,Idle,1
1773,87317.0536,74.3536,audit.snapshot.route.tier1.menu-camp.ready,Idle,1
1774,87333.6638,16.6101,audit.snapshot.route.tier1.menu-camp.ready,Idle,1
1775,87406.7269,73.0632,audit.snapshot.route.tier1.menu-camp.ready,Idle,1
1776,87456.3901,49.6631,audit.snapshot.route.tier1.menu-camp.ready,Idle,1
1777,87478.8017,22.4117,audit.snapshot.route.tier1.menu-camp.ready,Idle,1
1778,87532.7187,53.917,audit.snapshot.route.tier1.menu-camp.ready,Idle,1
1779,87612.7939,80.0752,audit.snapshot.route.tier1.menu-camp.ready,Idle,1
1780,87647.7195,34.9255,audit.snapshot.route.tier1.menu-camp.ready,Idle,1
1781,87683.1211,35.4016,audit.snapshot.route.tier1.menu-camp.ready,Idle,1
1782,87765.4025,82.2814,audit.snapshot.route.tier1.menu-camp.ready,Idle,1
1783,87812.5979,47.1955,audit.snapshot.route.tier1.menu-camp.ready,Idle,1
1784,87851.1035,38.5055,audit.snapshot.route.tier1.menu-camp.ready,Idle,1
1785,87923.8759,72.7724,audit.snapshot.route.tier1.menu-camp.ready,Idle,1
1786,87943.7105,19.8347,audit.snapshot.route.tier1.menu-camp.ready,Idle,1
1787,88002.7397,59.0291,audit.snapshot.route.tier1.menu-camp.ready,Idle,1
1788,88068.8446,66.1048,audit.snapshot.route.tier1.menu-camp.ready,Idle,1
1789,88095.7438,26.8994,audit.snapshot.route.tier1.menu-camp.ready,Idle,1
1790,88149.0042,53.2601,audit.snapshot.route.tier1.menu-camp.ready,Idle,1
1791,88233.0817,84.0777,audit.snapshot.route.tier1.menu-camp.ready,Idle,1
1792,88267.1282,34.0466,audit.snapshot.route.tier1.menu-camp.ready,Idle,1
1793,88311.3574,44.2292,camp.summer.tier1.empty,Idle,1
1794,88384.5002,73.1428,camp.summer.tier1.empty,Idle,1
1795,88419.5757,35.0755,camp.summer.tier1.empty,Idle,1
1796,88469.6343,50.0586,camp.summer.tier1.empty,Idle,1
1797,88551.3796,81.7453,camp.summer.tier1.empty,Idle,1
1798,88573.2694,21.8898,camp.summer.tier1.empty,Idle,1
1799,88625.7787,52.5093,camp.summer.tier1.empty,Idle,1
1800,88678.0297,52.2509,camp.summer.tier1.empty,Idle,1
1801,88699.5613,21.5316,camp.summer.tier1.empty,Idle,1
1802,88750.9451,51.3838,camp.summer.tier1.empty,Idle,1
1803,88826.4979,75.5529,camp.summer.tier1.empty,Idle,1
1804,88859.2108,32.7128,camp.summer.tier1.empty,Idle,1
1805,88894.8936,35.6828,camp.summer.tier1.empty,Idle,1
1806,88974.7247,79.8312,camp.summer.tier1.empty,Idle,1
1807,89034.0236,59.2989,camp.summer.tier1.empty,Idle,1
1808,89074.0631,40.0395,camp.summer.tier1.empty,Idle,1
1809,89134.156,60.0929,camp.summer.tier1.empty,Idle,1
1810,89184.7954,50.6394,camp.summer.tier1.empty,Idle,1
1811,89211.4671,26.6716,camp.summer.tier1.empty,Idle,1
1812,89291.535,80.068,camp.summer.tier1.empty,Idle,1
1813,89311.0817,19.5466,camp.summer.tier1.empty,Idle,1
1814,89350.8377,39.7561,camp.summer.tier1.empty,Idle,1
1815,89439.6252,88.7874,camp.summer.tier1.empty,Idle,1
1816,89468.4798,28.8546,camp.summer.tier1.empty,Idle,1
1817,89510.9143,42.4346,camp.summer.tier1.empty,Idle,1
1818,89584.147,73.2326,camp.summer.tier1.empty,Idle,1
1819,89631.0016,46.8547,camp.summer.tier1.empty,Idle,1
1820,89683.64,52.6383,camp.summer.tier1.empty,Idle,1
1821,89751.2752,67.6353,camp.summer.tier1.empty,Idle,1
1822,89772.4595,21.1841,camp.summer.tier1.empty,Idle,1
1823,89816.173,43.7136,camp.summer.tier1.empty,Idle,1
1824,89888.7201,72.547,camp.summer.tier1.empty,Idle,1
1825,89912.4949,23.7748,camp.summer.tier1.empty,Idle,1
1826,89963.2409,50.7461,camp.summer.tier1.empty,Idle,1
1827,90039.8485,76.6075,camp.summer.tier1.empty,Idle,1
1828,90068.6759,28.8275,camp.summer.tier1.empty,Idle,1
1829,90115.1077,46.4319,camp.summer.tier1.empty,Idle,1
1830,90195.8649,80.7571,camp.summer.tier1.empty,Idle,1
1831,90223.452,27.5872,camp.summer.tier1.empty,Idle,1
1832,90286.0605,62.6084,camp.summer.tier1.empty,Idle,1
1833,90362.9231,76.8626,camp.summer.tier1.empty,Idle,1
1834,90389.6026,26.6796,camp.summer.tier1.empty,Idle,1
1835,90434.0336,44.4307,camp.summer.tier1.empty,Idle,1
1836,90507.8745,73.841,camp.summer.tier1.empty,Idle,1
1837,90531.855,23.9806,camp.summer.tier1.empty,Idle,1
1838,90581.8062,49.9512,camp.summer.tier1.empty,Idle,1
1839,90639.6237,57.8175,camp.summer.tier1.empty,Idle,1
1840,90697.7737,58.1499,camp.summer.tier1.empty,Idle,1
1841,90734.2461,36.4725,camp.summer.tier1.empty,Idle,1
1842,90802.1307,67.8845,camp.summer.tier1.empty,Idle,1
1843,90847.228,45.0974,camp.summer.tier1.empty,Idle,1
1844,90897.2137,49.9857,camp.summer.tier1.empty,Idle,1
1845,90939.1813,41.9677,camp.summer.tier1.empty,Idle,1
1846,90976.5047,37.3233,camp.summer.tier1.empty,Idle,1
1847,91042.5301,66.0255,camp.summer.tier1.empty,Idle,1
1848,91088.5508,46.0204,camp.summer.tier1.empty,Idle,1
1849,91135.6165,47.066,camp.summer.tier1.empty,Idle,1
1850,91173.2887,37.6722,camp.summer.tier1.empty,Idle,1
1851,91237.1642,63.8753,camp.summer.tier1.empty,Idle,1
1852,91285.82,48.656,camp.summer.tier1.empty,Idle,1
1853,91341.8017,55.9817,camp.summer.tier1.empty,Idle,1
1854,91366.9811,25.1792,camp.summer.tier1.empty,Idle,1
1855,91435.0546,68.0737,camp.summer.tier1.empty,Idle,1
1856,91483.9267,48.872,camp.summer.tier1.empty,Idle,1
1857,91528.7619,44.8352,camp.summer.tier1.empty,Idle,1
1858,91561.2755,32.5137,camp.summer.tier1.empty,Idle,1
1859,91604.1152,42.8397,camp.summer.tier1.empty,Idle,1
1860,91645.2113,41.0961,camp.summer.tier1.empty,Idle,1
1861,91680.8081,35.5967,camp.summer.tier1.empty,Idle,1
1862,91712.8127,32.0046,camp.summer.tier1.empty,Idle,1
1863,91755.0603,42.2477,camp.summer.tier1.empty,Idle,1
1864,91789.3644,34.304,camp.summer.tier1.empty,Idle,1
1865,91833.2442,43.8798,camp.summer.tier1.empty,Idle,1
1866,91881.1825,47.9383,camp.summer.tier1.empty,Idle,1
1867,91899.7562,18.5737,camp.summer.tier1.empty,Idle,1
1868,91950.5434,50.787,camp.summer.tier1.empty,Idle,1
1869,91964.6035,14.0602,camp.summer.tier1.empty,Idle,1
1870,91998.4602,33.8568,camp.summer.tier1.empty,Idle,1
1871,92046.5982,48.1381,camp.summer.tier1.empty,Idle,1
1872,92080.0924,33.4942,camp.summer.tier1.empty,Idle,1
1873,92103.5313,23.4389,camp.summer.tier1.empty,Idle,1
1874,92156.5811,53.0498,camp.summer.tier1.empty,Idle,1
1875,92184.585,28.0039,camp.summer.tier1.empty,Idle,1
1876,92221.4773,36.8922,camp.summer.tier1.empty,Idle,1
1877,92251.8019,30.3246,camp.summer.tier1.empty,Idle,1
1878,92285.393,33.5911,camp.summer.tier1.empty,Idle,1
1879,92328.7701,43.3771,camp.summer.tier1.empty,Idle,1
1880,92360.414,31.6439,camp.summer.tier1.empty,Idle,1
1881,92405.7829,45.3689,camp.summer.tier1.empty,Idle,1
1882,92419.3744,13.5915,camp.summer.tier1.empty,Idle,1
1883,92465.4174,46.043,camp.summer.tier1.empty,Idle,1
1884,92490.9834,25.566,camp.summer.tier1.empty,Idle,1
1885,92517.8411,26.8578,camp.summer.tier1.empty,Idle,1
1886,92554.3888,36.5475,camp.summer.tier1.empty,Idle,1
1887,92597.9544,43.5658,camp.summer.tier1.empty,Idle,1
1888,92651.1858,53.2313,camp.summer.tier1.empty,Idle,1
1889,92664.8003,13.6145,camp.summer.tier1.empty,Idle,1
1890,92699.2421,34.4418,camp.summer.tier1.empty,Idle,1
1891,92758.5974,59.3553,camp.summer.tier1.empty,Idle,1
1892,92793.3079,34.7106,camp.summer.tier1.empty,Idle,1
1893,92839.1514,45.8434,camp.summer.tier1.empty,Idle,1
1894,92871.2302,32.0789,camp.summer.tier1.empty,Idle,1
1895,92893.0684,21.838,camp.summer.tier1.empty,Idle,1
1896,92918.2227,25.1544,camp.summer.tier1.empty,Idle,1
1897,92967.1967,48.9739,camp.summer.tier1.empty,Idle,1
1898,92980.7426,13.5461,camp.summer.tier1.empty,Idle,1
1899,93026.7752,46.0326,camp.summer.tier1.empty,Idle,1
1900,93072.6058,45.8306,camp.summer.tier1.empty,Idle,1
1901,93087.9007,15.2949,camp.summer.tier1.empty,Idle,1
1902,93121.532,33.6313,camp.summer.tier1.empty,Idle,1
1903,93164.7585,43.2265,camp.summer.tier1.empty,Idle,1
1904,93194.286,29.5274,camp.summer.tier1.empty,Idle,1
1905,93257.5391,63.2531,camp.summer.tier1.empty,Idle,1
1906,93294.6704,37.1314,camp.summer.tier1.empty,Idle,1
1907,93317.7583,23.0879,camp.summer.tier1.empty,Idle,1
1908,93367.1258,49.3674,camp.summer.tier1.empty,Idle,1
1909,93401.6061,34.4803,camp.summer.tier1.empty,Idle,1
1910,93415.3046,13.6985,camp.summer.tier1.empty,Idle,1
1911,93465.9425,50.6378,camp.summer.tier1.empty,Idle,1
1912,93481.5715,15.6291,camp.summer.tier1.empty,Idle,1
1913,93561.5936,80.0221,audit.snapshot.camp.summer.tier1.empty,Idle,1
1914,93587.1912,25.5976,audit.snapshot.camp.summer.tier1.empty,Idle,1
1915,93643.8957,56.7046,audit.snapshot.camp.summer.tier1.empty,Idle,1
1916,93658.5661,14.6703,audit.snapshot.camp.summer.tier1.empty,Idle,1
1917,93692.9915,34.4253,audit.snapshot.camp.summer.tier1.empty,Idle,1
1918,93726.9562,33.9648,audit.snapshot.camp.summer.tier1.empty,Idle,1
1919,93761.8171,34.8609,audit.snapshot.camp.summer.tier1.empty,Idle,1
1920,93817.1252,55.3082,audit.snapshot.camp.summer.tier1.empty,Idle,1
1921,93830.9968,13.8716,audit.snapshot.camp.summer.tier1.empty,Idle,1
1922,93888.1302,57.1334,audit.snapshot.camp.summer.tier1.empty,Idle,1
1923,93902.9568,14.8265,audit.snapshot.camp.summer.tier1.empty,Idle,1
1924,93956.9168,53.9601,audit.snapshot.camp.summer.tier1.empty,Idle,1
1925,93971.9833,15.0664,audit.snapshot.camp.summer.tier1.empty,Idle,1
1926,94005.668,33.6848,audit.snapshot.camp.summer.tier1.empty,Idle,1
1927,94040.0026,34.3345,audit.snapshot.camp.summer.tier1.empty,Idle,1
1928,94097.1225,57.1199,audit.snapshot.camp.summer.tier1.empty,Idle,1
1929,94147.8768,50.7543,audit.snapshot.camp.summer.tier1.empty,Idle,1
1930,94181.6186,33.7419,audit.snapshot.camp.summer.tier1.empty,Idle,1
1931,94196.1083,14.4897,audit.snapshot.camp.summer.tier1.empty,Idle,1
1932,94257.3873,61.2789,audit.snapshot.camp.summer.tier1.empty,Idle,1
1933,94268.0171,10.6297,audit.snapshot.camp.summer.tier1.empty,Idle,1
1934,94324.4135,56.3966,audit.snapshot.camp.summer.tier1.empty,Idle,1
1935,94336.6926,12.2791,audit.snapshot.camp.summer.tier1.empty,Idle,1
1936,94391.6565,54.9639,audit.snapshot.camp.summer.tier1.empty,Idle,1
1937,94438.9309,47.2743,audit.snapshot.camp.summer.tier1.empty,Idle,1
1938,94473.7494,34.8185,audit.snapshot.camp.summer.tier1.empty,Idle,1
1939,94489.1717,15.4223,audit.snapshot.camp.summer.tier1.empty,Idle,1
1940,94534.9604,45.7887,audit.snapshot.camp.summer.tier1.empty,Idle,1
1941,94550.4649,15.5046,audit.snapshot.camp.summer.tier1.empty,Idle,1
1942,94599.9356,49.4706,audit.snapshot.camp.summer.tier1.empty,Idle,1
1943,94634.6489,34.7133,camp.summer.tier1.solved,Idle,1
1944,94692.8087,58.1598,camp.summer.tier1.solved,Idle,1
1945,94723.7642,30.9556,camp.summer.tier1.solved,Idle,1
1946,94780.8838,57.1195,camp.summer.tier1.solved,Idle,1
1947,94798.9927,18.109,camp.summer.tier1.solved,Idle,1
1948,94884.7706,85.7779,camp.summer.tier1.solved,Idle,1
1949,94906.8881,22.1174,camp.summer.tier1.solved,Idle,1
1950,94948.0997,41.2115,camp.summer.tier1.solved,Idle,1
1951,94985.7233,37.6238,camp.summer.tier1.solved,Idle,1
1952,95063.1469,77.4236,camp.summer.tier1.solved,Idle,1
1953,95082.7529,19.606,camp.summer.tier1.solved,Idle,1
1954,95154.6245,71.8715,camp.summer.tier1.solved,Idle,1
1955,95166.0179,11.3933,camp.summer.tier1.solved,Idle,1
1956,95240.7691,74.7512,camp.summer.tier1.solved,Idle,1
1957,95266.7744,26.0055,camp.summer.tier1.solved,Idle,1
1958,95333.3465,66.5719,camp.summer.tier1.solved,Idle,1
1959,95355.9533,22.607,camp.summer.tier1.solved,Idle,1
1960,95430.5502,74.5969,camp.summer.tier1.solved,Idle,1
1961,95455.7289,25.1786,camp.summer.tier1.solved,Idle,1
1962,95517.8583,62.1293,camp.summer.tier1.solved,Idle,1
1963,95543.7454,25.8872,camp.summer.tier1.solved,Idle,1
1964,95607.2712,63.5259,camp.summer.tier1.solved,Idle,1
1965,95624.3386,17.0674,camp.summer.tier1.solved,Idle,1
1966,95693.1404,68.8018,camp.summer.tier1.solved,Idle,1
1967,95736.6889,43.5485,camp.summer.tier1.solved,Idle,1
1968,95767.4351,30.7461,camp.summer.tier1.solved,Idle,1
1969,95784.3303,16.8953,camp.summer.tier1.solved,Idle,1
1970,95838.2353,53.9049,camp.summer.tier1.solved,Idle,1
1971,95851.9617,13.7264,camp.summer.tier1.solved,Idle,1
1972,95911.1727,59.211,camp.summer.tier1.solved,Idle,1
1973,95924.8654,13.6928,camp.summer.tier1.solved,Idle,1
1974,95957.6387,32.7733,camp.summer.tier1.solved,Idle,1
1975,95993.2418,35.6031,camp.summer.tier1.solved,Idle,1
1976,96046.3355,53.0936,camp.summer.tier1.solved,Idle,1
1977,96062.6356,16.3001,camp.summer.tier1.solved,Idle,1
1978,96123.5626,60.927,camp.summer.tier1.solved,Idle,1
1979,96133.5897,10.0272,camp.summer.tier1.solved,Idle,1
1980,96187.071,53.4813,camp.summer.tier1.solved,Idle,1
1981,96200.437,13.366,camp.summer.tier1.solved,Idle,1
1982,96235.9894,35.5523,camp.summer.tier1.solved,Idle,1
1983,96273.0929,37.1034,camp.summer.tier1.solved,Idle,1
1984,96334.6557,61.563,camp.summer.tier1.solved,Idle,1
1985,96349.0697,14.4139,camp.summer.tier1.solved,Idle,1
1986,96402.1205,53.0509,camp.summer.tier1.solved,Idle,1
1987,96451.9928,49.8722,camp.summer.tier1.solved,Idle,1
1988,96486.5363,34.5436,camp.summer.tier1.solved,Idle,1
1989,96500.8326,14.2963,camp.summer.tier1.solved,Idle,1
1990,96536.1413,35.3086,camp.summer.tier1.solved,Idle,1
1991,96570.4714,34.3301,camp.summer.tier1.solved,Idle,1
1992,96597.0852,26.6139,camp.summer.tier1.solved,Idle,1
1993,96641.2374,44.1521,camp.summer.tier1.solved,Idle,1
1994,96687.9473,46.7099,camp.summer.tier1.solved,Idle,1
1995,96721.8394,33.8922,camp.summer.tier1.solved,Idle,1
1996,96736.6466,14.8072,camp.summer.tier1.solved,Idle,1
1997,96763.9027,27.256,camp.summer.tier1.solved,Idle,1
1998,96798.058,34.1553,camp.summer.tier1.solved,Idle,1
1999,96832.1872,34.1292,camp.summer.tier1.solved,Idle,1
2000,96870.7773,38.5901,camp.summer.tier1.solved,Idle,1
2001,96918.9379,48.1607,camp.summer.tier1.solved,Idle,1
2002,96967.941,49.003,camp.summer.tier1.solved,Idle,1
2003,97004.4152,36.4743,camp.summer.tier1.solved,Idle,1
2004,97018.1449,13.7296,camp.summer.tier1.solved,Idle,1
2005,97052.1603,34.0154,camp.summer.tier1.solved,Idle,1
2006,97089.7618,37.6013,camp.summer.tier1.solved,Idle,1
2007,97132.9328,43.1712,camp.summer.tier1.solved,Idle,1
2008,97160.1335,27.2007,camp.summer.tier1.solved,Idle,1
2009,97201.0041,40.8706,camp.summer.tier1.solved,Idle,1
2010,97251.1527,50.1486,camp.summer.tier1.solved,Idle,1
2011,97265.189,14.0363,camp.summer.tier1.solved,Idle,1
2012,97304.2606,39.0717,camp.summer.tier1.solved,Idle,1
2013,97338.1064,33.8458,camp.summer.tier1.solved,Idle,1
2014,97394.818,56.7115,camp.summer.tier1.solved,Idle,1
2015,97445.7473,50.9294,camp.summer.tier1.solved,Idle,1
2016,97455.9989,10.2516,camp.summer.tier1.solved,Idle,1
2017,97486.9437,30.9447,camp.summer.tier1.solved,Idle,1
2018,97545.2667,58.3231,camp.summer.tier1.solved,Idle,1
2019,97565.3905,20.1237,camp.summer.tier1.solved,Idle,1
2020,97595.2846,29.8941,camp.summer.tier1.solved,Idle,1
2021,97630.0086,34.724,camp.summer.tier1.solved,Idle,1
2022,97684.6073,54.5987,camp.summer.tier1.solved,Idle,1
2023,97729.4592,44.8519,camp.summer.tier1.solved,Idle,1
2024,97739.8013,10.3421,camp.summer.tier1.solved,Idle,1
2025,97772.1682,32.3668,camp.summer.tier1.solved,Idle,1
2026,97826.7379,54.5699,camp.summer.tier1.solved,Idle,1
2027,97853.5401,26.8021,camp.summer.tier1.solved,Idle,1
2028,97889.3476,35.8076,camp.summer.tier1.solved,Idle,1
2029,97920.3881,31.0404,camp.summer.tier1.solved,Idle,1
2030,97969.192,48.8039,camp.summer.tier1.solved,Idle,1
2031,98004.7702,35.5782,camp.summer.tier1.solved,Idle,1
2032,98020.9088,16.1386,camp.summer.tier1.solved,Idle,1
2033,98064.6765,43.7676,camp.summer.tier1.solved,Idle,1
2034,98117.1678,52.4915,camp.summer.tier1.solved,Idle,1
2035,98131.096,13.9282,camp.summer.tier1.solved,Idle,1
2036,98166.4485,35.3525,camp.summer.tier1.solved,Idle,1
2037,98199.5074,33.0588,camp.summer.tier1.solved,Idle,1
2038,98256.2474,56.7401,camp.summer.tier1.solved,Idle,1
2039,98272.5014,16.2539,camp.summer.tier1.solved,Idle,1
2040,98311.7036,39.2022,camp.summer.tier1.solved,Idle,1
2041,98347.9742,36.2705,camp.summer.tier1.solved,Idle,1
2042,98382.0867,34.1126,camp.summer.tier1.solved,Idle,1
2043,98429.8188,47.7322,camp.summer.tier1.solved,Idle,1
2044,98458.0142,28.1953,camp.summer.tier1.solved,Idle,1
2045,98493.6798,35.6655,camp.summer.tier1.solved,Idle,1
2046,98540.469,46.7894,camp.summer.tier1.solved,Idle,1
2047,98576.9962,36.5272,camp.summer.tier1.solved,Idle,1
2048,98601.1797,24.1835,camp.summer.tier1.solved,Idle,1
2049,98646.3398,45.16,camp.summer.tier1.solved,Idle,1
2050,98701.9446,55.6048,camp.summer.tier1.solved,Idle,1
2051,98723.2607,21.3161,camp.summer.tier1.solved,Idle,1
2052,98789.9414,66.6808,camp.summer.tier1.solved,Idle,1
2053,98814.0533,24.1118,camp.summer.tier1.solved,Idle,1
2054,98867.3483,53.295,camp.summer.tier1.solved,Idle,1
2055,98906.2755,38.9272,camp.summer.tier1.solved,Idle,1
2056,98980.7322,74.4567,camp.summer.tier1.solved,Idle,1
2057,99033.3792,52.6469,camp.summer.tier1.solved,Idle,1
2058,99073.3762,39.9972,camp.summer.tier1.solved,Idle,1
2059,99097.1003,23.724,camp.summer.tier1.solved,Idle,1
2060,99147.2533,50.153,camp.summer.tier1.solved,Idle,1
2061,99182.9699,35.7166,camp.summer.tier1.solved,Idle,1
2062,99247.3252,64.3553,camp.summer.tier1.solved,Idle,1
2063,99281.6254,34.3003,route.tier1.camp-menu,Covering,1
2064,99340.6281,59.0026,route.tier1.camp-menu,Covering,1
2065,99388.365,47.7369,route.tier1.camp-menu,Covering,1
2066,99440.0063,51.6413,route.tier1.camp-menu,Covering,1
2067,99491.4057,51.3994,route.tier1.camp-menu,Covering,1
2068,99542.5992,51.1936,route.tier1.camp-menu,Covering,1
2069,99581.1678,38.5686,route.tier1.camp-menu,Covering,1
2070,99636.6034,55.4355,route.tier1.camp-menu,Covering,1
2071,99690.4594,53.856,route.tier1.camp-menu,Covering,1
2072,99723.4523,32.9929,route.tier1.camp-menu,Covering,1
2073,99756.9862,33.5339,route.tier1.camp-menu,Covering,1
2074,99801.2127,44.2266,route.tier1.camp-menu,Covering,1
2075,99834.9494,33.7367,route.tier1.camp-menu,Covering,1
2076,99879.09,44.1406,route.tier1.camp-menu,Covering,1
2077,99912.3025,33.2124,route.tier1.camp-menu,Covering,1
2078,99961.5139,49.2115,route.tier1.camp-menu,Covering,1
2079,99995.9573,34.4433,route.tier1.camp-menu,Covering,1
2080,100048.2152,52.2579,route.tier1.camp-menu,Covering,1
2081,100081.3776,33.1624,route.tier1.camp-menu,Covering,1
2082,100128.4038,47.026,route.tier1.camp-menu,Covering,1
2083,100179.5624,51.1588,route.tier1.camp-menu,Covering,1
2084,100213.1038,33.5415,route.tier1.camp-menu,Covering,1
2085,100253.9596,40.8557,route.tier1.camp-menu,Covering,1
2086,100322.3394,68.3798,route.tier1.camp-menu,Covering,1
2087,100356.7758,34.4365,route.tier1.camp-menu,Covering,1
2088,100422.2869,65.511,route.tier1.camp-menu,Covering,1
2089,100455.5969,33.31,route.tier1.camp-menu,Covering,1
2090,100493.856,38.2592,route.tier1.camp-menu,Covering,1
2091,100547.9563,54.1002,route.tier1.camp-menu,Covering,1
2092,100586.3053,38.349,route.tier1.camp-menu,Covering,1
2093,100628.0719,41.7665,route.tier1.camp-menu,Covering,1
2094,100686.9595,58.8878,route.tier1.camp-menu,Covering,1
2095,100730.9994,44.0399,route.tier1.camp-menu,Covering,1
2096,100785.5155,54.516,route.tier1.camp-menu,Covering,1
2097,100822.1331,36.6177,route.tier1.camp-menu,Covering,1
2098,100862.2456,40.1125,route.tier1.camp-menu,Covering,1
2099,100930.5356,68.29,route.tier1.camp-menu,CoveredLoading,1
2100,100990.9131,60.3775,route.tier1.camp-menu,CoveredLoading,1
2101,101424.5561,433.6431,route.tier1.camp-menu,CoveredLoading,1
2102,102162.1691,737.6126,route.tier1.camp-menu,CoveredLoading,1
2103,102213.1945,51.0256,route.tier1.camp-menu,Preparing,1
2104,102247.2404,34.046,route.tier1.camp-menu,Preparing,1
2105,102293.4697,46.2292,route.tier1.camp-menu,Preparing,1
2106,102334.9415,41.4719,route.tier1.camp-menu,Revealing,1
2107,102369.5121,34.5706,route.tier1.camp-menu,Revealing,1
2108,102409.9551,40.443,route.tier1.camp-menu,Revealing,1
2109,102448.0728,38.1176,route.tier1.camp-menu,Revealing,1
2110,102515.2567,67.1838,route.tier1.camp-menu,Revealing,1
2111,102560.7963,45.5397,route.tier1.camp-menu,Revealing,1
2112,102634.9343,74.1377,route.tier1.camp-menu,Revealing,1
2113,102691.2172,56.2833,route.tier1.camp-menu,Revealing,1
2114,102725.5422,34.3249,route.tier1.camp-menu,Revealing,1
2115,102782.6445,57.1023,route.tier1.camp-menu,Revealing,1
2116,102850.1222,67.4778,route.tier1.camp-menu,Revealing,1
2117,102901.4494,51.3272,route.tier1.camp-menu,Revealing,1
2118,102962.3603,60.9109,route.tier1.camp-menu,Revealing,1
2119,103002.149,39.7886,route.tier1.camp-menu,Revealing,1
2120,103082.8386,80.6896,route.tier1.camp-menu,Revealing,1
2121,103142.5005,59.662,route.tier1.camp-menu,Revealing,1
2122,103177.589,35.0884,route.tier1.camp-menu,Revealing,1
2123,103251.3667,73.7777,route.tier1.camp-menu,Revealing,1
2124,103305.4257,54.0591,route.tier1.camp-menu,Revealing,1
2125,103338.4626,33.0368,route.tier1.camp-menu,Revealing,1
2126,103393.5087,55.0462,route.tier1.camp-menu,Revealing,1
2127,103429.5954,36.0867,route.tier1.camp-menu,Revealing,1
2128,103485.9896,56.3941,route.tier1.camp-menu,Revealing,1
2129,103543.7493,57.7598,route.tier1.camp-menu,Revealing,1
2130,103579.794,36.0446,route.tier1.camp-menu,Revealing,1
2131,103645.3859,65.5919,route.tier1.camp-menu,Revealing,1
2132,103678.3377,32.9519,route.tier1.camp-menu,Revealing,1
2133,103725.1042,46.7664,route.tier1.camp-menu,Revealing,1
2134,103739.2092,14.1051,route.tier1.camp-menu,Idle,1
2135,103772.7857,33.5765,audit.snapshot.route.tier1.camp-menu.ready,Idle,1
2136,103822.4094,49.6235,audit.snapshot.route.tier1.camp-menu.ready,Idle,1
2137,103864.1549,41.7457,audit.snapshot.route.tier1.camp-menu.ready,Idle,1
2138,103891.162,27.0069,audit.snapshot.route.tier1.camp-menu.ready,Idle,1
2139,103912.4488,21.287,audit.snapshot.route.tier1.camp-menu.ready,Idle,1
2140,103945.9924,33.5436,audit.snapshot.route.tier1.camp-menu.ready,Idle,1
2141,104005.1809,59.1884,audit.snapshot.route.tier1.camp-menu.ready,Idle,1
2142,104021.4274,16.2466,audit.snapshot.route.tier1.camp-menu.ready,Idle,1
2143,104072.7229,51.2954,audit.snapshot.route.tier1.camp-menu.ready,Idle,1
2144,104087.4643,14.7415,audit.snapshot.route.tier1.camp-menu.ready,Idle,1
2145,104120.898,33.4336,audit.snapshot.route.tier1.camp-menu.ready,Idle,1
2146,104164.2097,43.3118,audit.snapshot.route.tier1.camp-menu.ready,Idle,1
2147,104216.0654,51.8555,audit.snapshot.route.tier1.camp-menu.ready,Idle,1
2148,104245.3719,29.3067,audit.snapshot.route.tier1.camp-menu.ready,Idle,1
2149,104266.996,21.6241,audit.snapshot.route.tier1.camp-menu.ready,Idle,1
2150,104295.2351,28.2391,audit.snapshot.route.tier1.camp-menu.ready,Idle,1
2151,104348.8829,53.6477,audit.snapshot.route.tier1.camp-menu.ready,Idle,1
2152,104364.0738,15.191,audit.snapshot.route.tier1.camp-menu.ready,Idle,1
2153,104417.7285,53.6547,audit.snapshot.route.tier1.camp-menu.ready,Idle,1
2154,104431.2643,13.5355,audit.snapshot.route.tier1.camp-menu.ready,Idle,1
2155,104492.5682,61.3042,audit.snapshot.route.tier1.camp-menu.ready,Idle,1
2156,104516.3734,23.8051,audit.snapshot.route.tier1.camp-menu.ready,Idle,1
2157,104544.9685,28.5951,audit.snapshot.route.tier1.camp-menu.ready,Idle,1
2158,104586.7244,41.7559,audit.snapshot.route.tier1.camp-menu.ready,Idle,1
2159,104633.3923,46.6679,audit.snapshot.route.tier1.camp-menu.ready,Idle,1
2160,104648.1018,14.7095,audit.snapshot.route.tier1.camp-menu.ready,Idle,1
2161,104705.585,57.4833,audit.snapshot.route.tier1.camp-menu.ready,Idle,1
2162,104720.869,15.2838,audit.snapshot.route.tier1.camp-menu.ready,Idle,1
2163,104772.5631,51.6942,audit.snapshot.route.tier1.camp-menu.ready,Idle,1
2164,104820.791,48.2279,audit.snapshot.route.tier1.camp-menu.ready,Idle,1
2165,104872.559,51.768,audit.snapshot.route.tier1.camp-menu.ready,Idle,2
2166,104887.6537,15.0948,audit.snapshot.route.tier1.camp-menu.ready,Idle,2
2167,104918.3375,30.6837,audit.snapshot.route.tier1.camp-menu.ready,Idle,2
2168,104957.7454,39.4079,audit.snapshot.route.tier1.camp-menu.ready,Idle,2
2169,104980.3978,22.6524,audit.snapshot.route.tier1.camp-menu.ready,Idle,2
2170,105030.6834,50.2857,audit.snapshot.route.tier1.camp-menu.ready,Idle,2
2171,105089.3441,58.6607,audit.snapshot.route.tier1.camp-menu.ready,Idle,2
2172,105099.1787,9.8345,audit.snapshot.route.tier1.camp-menu.ready,Idle,2
2173,105155.0643,55.8856,audit.snapshot.route.tier1.camp-menu.ready,Idle,2
2174,105170.1355,15.0713,audit.snapshot.route.tier1.camp-menu.ready,Idle,2
2175,105218.425,48.2895,audit.snapshot.route.tier1.camp-menu.ready,Idle,2
2176,105246.0269,27.6019,audit.snapshot.route.tier1.camp-menu.ready,Idle,2
2177,105276.3665,30.3395,audit.snapshot.route.tier1.camp-menu.ready,Idle,2
2178,105328.8764,52.51,audit.snapshot.route.tier1.camp-menu.ready,Idle,2
2179,105360.5529,31.6764,audit.snapshot.route.tier1.camp-menu.ready,Idle,2
2180,105401.9927,41.4398,audit.snapshot.route.tier1.camp-menu.ready,Idle,2
2181,105451.9155,49.9228,audit.snapshot.route.tier1.camp-menu.ready,Idle,2
2182,105465.7424,13.827,audit.snapshot.route.tier1.camp-menu.ready,Idle,2
2183,105528.2609,62.5184,audit.snapshot.route.tier1.camp-menu.ready,Idle,2
2184,105574.5303,46.2695,audit.snapshot.route.tier1.camp-menu.ready,Idle,2
2185,105599.8833,25.3529,audit.snapshot.route.tier1.camp-menu.ready,Idle,2
2186,105631.382,31.4987,audit.snapshot.route.tier1.camp-menu.ready,Idle,2
2187,105662.7311,31.3492,audit.snapshot.route.tier1.camp-menu.ready,Idle,2
2188,105713.7464,51.0152,audit.snapshot.route.tier1.camp-menu.ready,Idle,2
2189,105739.0339,25.2876,audit.snapshot.route.tier1.camp-menu.ready,Idle,2
2190,105782.2813,43.2474,audit.snapshot.route.tier1.camp-menu.ready,Idle,2
2191,105833.5932,51.3119,audit.snapshot.route.tier1.camp-menu.ready,Idle,2
2192,105854.3863,20.7931,audit.snapshot.route.tier1.camp-menu.ready,Idle,2
2193,105915.6467,61.2603,audit.snapshot.route.tier1.camp-menu.ready,Idle,2
2194,105931.4124,15.7658,audit.snapshot.route.tier1.camp-menu.ready,Idle,2
2195,105987.1705,55.7581,menu.tier2.steady,Idle,2
2196,106012.6768,25.5062,menu.tier2.steady,Idle,2
2197,106037.5687,24.892,menu.tier2.steady,Idle,2
2198,106084.4235,46.8548,menu.tier2.steady,Idle,2
2199,106112.8776,28.454,menu.tier2.steady,Idle,2
2200,106162.6624,49.7848,menu.tier2.steady,Idle,2
2201,106215.895,53.2327,menu.tier2.steady,Idle,2
2202,106231.5552,15.66,menu.tier2.steady,Idle,2
2203,106297.2059,65.6509,menu.tier2.steady,Idle,2
2204,106307.7233,10.5174,menu.tier2.steady,Idle,2
2205,106362.8351,55.1117,menu.tier2.steady,Idle,2
2206,106390.8174,27.9824,menu.tier2.steady,Idle,2
2207,106416.0756,25.2579,menu.tier2.steady,Idle,2
2208,106465.9449,49.8695,menu.tier2.steady,Idle,2
2209,106499.4347,33.4898,menu.tier2.steady,Idle,2
2210,106545.8868,46.4522,menu.tier2.steady,Idle,2
2211,106597.2416,51.3547,menu.tier2.steady,Idle,2
2212,106639.1891,41.9472,menu.tier2.steady,Idle,2
2213,106678.8094,39.613,menu.tier2.steady,Idle,2
2214,106699.7438,20.9421,menu.tier2.steady,Idle,2
2215,106778.9743,79.2304,menu.tier2.steady,Idle,2
2216,106816.7972,37.8229,menu.tier2.steady,Idle,2
2217,106860.8847,44.0875,menu.tier2.steady,Idle,2
2218,106913.6338,52.7492,menu.tier2.steady,Idle,2
2219,106950.1332,36.4994,menu.tier2.steady,Idle,2
2220,107001.7351,51.6018,menu.tier2.steady,Idle,2
2221,107074.2394,72.5044,menu.tier2.steady,Idle,2
2222,107095.2048,20.9654,menu.tier2.steady,Idle,2
2223,107150.842,55.6369,menu.tier2.steady,Idle,2
2224,107165.8801,15.0382,menu.tier2.steady,Idle,2
2225,107239.9836,74.1036,menu.tier2.steady,Idle,2
2226,107275.6659,35.6824,menu.tier2.steady,Idle,2
2227,107310.3752,34.7093,menu.tier2.steady,Idle,2
2228,107367.9889,57.6137,menu.tier2.steady,Idle,2
2229,107407.4684,39.4795,menu.tier2.steady,Idle,2
2230,107469.2122,61.7438,menu.tier2.steady,Idle,2
2231,107522.3488,53.1365,menu.tier2.steady,Idle,2
2232,107549.696,27.3472,menu.tier2.steady,Idle,2
2233,107604.9038,55.2078,menu.tier2.steady,Idle,2
2234,107622.0001,17.0964,menu.tier2.steady,Idle,2
2235,107685.9969,63.9968,menu.tier2.steady,Idle,2
2236,107709.8787,23.8818,menu.tier2.steady,Idle,2
2237,107735.4397,25.5609,menu.tier2.steady,Idle,2
2238,107787.2061,51.7664,menu.tier2.steady,Idle,2
2239,107817.4404,30.234,menu.tier2.steady,Idle,2
2240,107853.8456,36.4056,menu.tier2.steady,Idle,2
2241,107914.1209,60.2753,menu.tier2.steady,Idle,2
2242,107933.633,19.5121,menu.tier2.steady,Idle,2
2243,107994.6411,61.008,menu.tier2.steady,Idle,2
2244,108006.9454,12.3043,menu.tier2.steady,Idle,2
2245,108062.3458,55.4005,menu.tier2.steady,Idle,2
2246,108097.0121,34.6661,menu.tier2.steady,Idle,2
2247,108128.7176,31.7057,menu.tier2.steady,Idle,2
2248,108180.0958,51.3781,menu.tier2.steady,Idle,2
2249,108205.0366,24.9408,menu.tier2.steady,Idle,2
2250,108253.6499,48.6133,menu.tier2.steady,Idle,2
2251,108306.0963,52.4464,menu.tier2.steady,Idle,2
2252,108322.1259,16.0297,menu.tier2.steady,Idle,2
2253,108382.7009,60.5749,menu.tier2.steady,Idle,2
2254,108398.4493,15.7484,menu.tier2.steady,Idle,2
2255,108464.5198,66.0705,menu.tier2.steady,Idle,2
2256,108490.9146,26.3949,menu.tier2.steady,Idle,2
2257,108517.3932,26.4785,menu.tier2.steady,Idle,2
2258,108553.7407,36.3476,menu.tier2.steady,Idle,2
2259,108579.1518,25.411,menu.tier2.steady,Idle,2
2260,108632.1655,53.0137,menu.tier2.steady,Idle,2
2261,108685.8727,53.7073,menu.tier2.steady,Idle,2
2262,108698.542,12.6693,menu.tier2.steady,Idle,2
2263,108753.9394,55.3974,menu.tier2.steady,Idle,2
2264,108767.418,13.4786,menu.tier2.steady,Idle,2
2265,108832.6088,65.1907,menu.tier2.steady,Idle,2
2266,108859.1572,26.5484,menu.tier2.steady,Idle,2
2267,108887.5011,28.344,menu.tier2.steady,Idle,2
2268,108932.2972,44.796,menu.tier2.steady,Idle,2
2269,108964.3196,32.0224,menu.tier2.steady,Idle,2
2270,109008.7559,44.4363,menu.tier2.steady,Idle,2
2271,109057.8944,49.1384,menu.tier2.steady,Idle,2
2272,109072.0402,14.146,menu.tier2.steady,Idle,2
2273,109129.5515,57.5112,menu.tier2.steady,Idle,2
2274,109171.7164,42.165,menu.tier2.steady,Idle,2
2275,109200.8703,29.1538,menu.tier2.steady,Idle,2
2276,109232.469,31.5987,menu.tier2.steady,Idle,2
2277,109264.2639,31.795,menu.tier2.steady,Idle,2
2278,109309.0954,44.8315,menu.tier2.steady,Idle,2
2279,109332.6641,23.5686,menu.tier2.steady,Idle,2
2280,109379.1796,46.5156,menu.tier2.steady,Idle,2
2281,109418.0491,38.8695,menu.tier2.steady,Idle,2
2282,109432.2157,14.1663,menu.tier2.steady,Idle,2
2283,109497.6217,65.4063,menu.tier2.steady,Idle,2
2284,109513.4387,15.8169,menu.tier2.steady,Idle,2
2285,109569.0472,55.6086,menu.tier2.steady,Idle,2
2286,109598.1783,29.1311,menu.tier2.steady,Idle,2
2287,109630.2468,32.0684,menu.tier2.steady,Idle,2
2288,109679.6916,49.4446,menu.tier2.steady,Idle,2
2289,109703.9587,24.2674,menu.tier2.steady,Idle,2
2290,109745.6064,41.6476,menu.tier2.steady,Idle,2
2291,109796.4771,50.8708,menu.tier2.steady,Idle,2
2292,109812.3469,15.8697,menu.tier2.steady,Idle,2
2293,109867.9775,55.6306,menu.tier2.steady,Idle,2
2294,109893.6691,25.6917,menu.tier2.steady,Idle,2
2295,109949.0612,55.392,menu.tier2.steady,Idle,2
2296,109975.097,26.0358,menu.tier2.steady,Idle,2
2297,109999.466,24.3691,menu.tier2.steady,Idle,2
2298,110046.1403,46.6742,menu.tier2.steady,Idle,2
2299,110071.1226,24.9824,menu.tier2.steady,Idle,2
2300,110116.7088,45.5862,menu.tier2.steady,Idle,2
2301,110166.9065,50.1977,menu.tier2.steady,Idle,2
2302,110187.6066,20.7,menu.tier2.steady,Idle,2
2303,110240.1795,52.5729,menu.tier2.steady,Idle,2
2304,110259.4139,19.2344,menu.tier2.steady,Idle,2
2305,110317.9343,58.5204,menu.tier2.steady,Idle,2
2306,110332.103,14.1686,menu.tier2.steady,Idle,2
2307,110366.5321,34.4293,menu.tier2.steady,Idle,2
2308,110413.3524,46.8202,menu.tier2.steady,Idle,2
2309,110459.5685,46.2162,menu.tier2.steady,Idle,2
2310,110486.9008,27.3321,menu.tier2.steady,Idle,2
2311,110519.6672,32.7665,menu.tier2.steady,Idle,2
2312,110546.57,26.9028,menu.tier2.steady,Idle,2
2313,110609.9759,63.4059,menu.tier2.steady,Idle,2
2314,110652.3142,42.3383,menu.tier2.steady,Idle,2
2315,110689.3707,37.0566,leaves.tier2.normal.r1,Covering,2
2316,110759.2718,69.9011,leaves.tier2.normal.r1,Covering,2
2317,110822.2159,62.944,leaves.tier2.normal.r1,Covering,2
2318,110865.9828,43.7669,leaves.tier2.normal.r1,Covering,2
2319,110911.8042,45.8214,leaves.tier2.normal.r1,Covering,2
2320,110965.9375,54.1333,leaves.tier2.normal.r1,Covering,2
2321,111032.8668,66.9294,leaves.tier2.normal.r1,Covering,2
2322,111068.6302,35.7633,leaves.tier2.normal.r1,Covering,2
2323,111123.8319,55.2018,leaves.tier2.normal.r1,Covering,2
2324,111160.0232,36.1913,leaves.tier2.normal.r1,Covering,2
2325,111233.3769,73.3534,leaves.tier2.normal.r1,Covering,2
2326,111270.3706,36.9938,leaves.tier2.normal.r1,Covering,2
2327,111307.679,37.3085,leaves.tier2.normal.r1,Covering,2
2328,111355.9048,48.2259,leaves.tier2.normal.r1,Covering,2
2329,111397.7785,41.8736,leaves.tier2.normal.r1,Covering,2
2330,111466.3561,68.5777,leaves.tier2.normal.r1,Covering,2
2331,111503.2416,36.8854,leaves.tier2.normal.r1,Covering,2
2332,111558.2464,55.0048,leaves.tier2.normal.r1,Covering,2
2333,111628.746,70.4997,leaves.tier2.normal.r1,Covering,2
2334,111666.4752,37.7291,leaves.tier2.normal.r1,Covering,2
2335,111739.9992,73.524,leaves.tier2.normal.r1,Covering,2
2336,111775.9746,35.9753,leaves.tier2.normal.r1,Covering,2
2337,111842.0964,66.1219,leaves.tier2.normal.r1,Covering,2
2338,111882.6447,40.5484,leaves.tier2.normal.r1,Covering,2
2339,111920.6065,37.9617,leaves.tier2.normal.r1,Covering,2
2340,111974.4922,53.8857,leaves.tier2.normal.r1,Covering,2
2341,112026.963,52.4708,leaves.tier2.normal.r1,Covering,2
2342,112064.7555,37.7925,leaves.tier2.normal.r1,Covering,2
2343,112127.687,62.9316,leaves.tier2.normal.r1,Covering,2
2344,112169.7395,42.0523,leaves.tier2.normal.r1,Covering,2
2345,112227.9198,58.1804,leaves.tier2.normal.r1,Covering,2
2346,112266.8657,38.9459,leaves.tier2.normal.r1,Covering,2
2347,112306.511,39.6453,leaves.tier2.normal.r1,CoveredLoading,2
2348,112364.6093,58.0983,leaves.tier2.normal.r1,CoveredLoading,2
2349,112406.4737,41.8644,audit.snapshot.leaves.tier2.normal.r1.covered,CoveredLoading,2
2350,112451.3013,44.8277,leaves.tier2.normal.r1.hold,CoveredLoading,2
2351,112512.2832,60.9819,leaves.tier2.normal.r1.hold,CoveredLoading,2
2352,112548.3723,36.089,leaves.tier2.normal.r1.hold,CoveredLoading,2
2353,112618.1756,69.8034,leaves.tier2.normal.r1.hold,CoveredLoading,2
2354,112656.9594,38.7837,leaves.tier2.normal.r1.hold,CoveredLoading,2
2355,112716.9972,60.0378,leaves.tier2.normal.r1.hold,CoveredLoading,2
2356,112760.7266,43.7294,leaves.tier2.normal.r1.hold,CoveredLoading,2
2357,112796.9098,36.1832,leaves.tier2.normal.r1.hold,CoveredLoading,2
2358,112851.8528,54.9354,leaves.tier2.normal.r1.hold,CoveredLoading,2
2359,112889.1989,37.3537,leaves.tier2.normal.r1.hold,CoveredLoading,2
2360,112934.7431,45.5442,leaves.tier2.normal.r1.hold,CoveredLoading,2
2361,112994.8013,60.0583,leaves.tier2.normal.r1.hold,CoveredLoading,2
2362,113032.5287,37.7273,leaves.tier2.normal.r1.hold,CoveredLoading,2
2363,113094.3979,61.8693,leaves.tier2.normal.r1.hold,CoveredLoading,2
2364,113130.5535,36.1555,leaves.tier2.normal.r1.hold,CoveredLoading,2
2365,113195.8115,65.2581,leaves.tier2.normal.r1.hold,CoveredLoading,2
2366,113236.5673,40.7556,leaves.tier2.normal.r1.hold,CoveredLoading,2
2367,113276.5895,40.0224,leaves.tier2.normal.r1.hold,CoveredLoading,2
2368,113325.8621,49.2726,leaves.tier2.normal.r1.hold,CoveredLoading,2
2369,113362.9243,37.0622,leaves.tier2.normal.r1.reveal,Preparing,2
2370,113429.3944,66.47,leaves.tier2.normal.r1.reveal,Preparing,2
2371,113490.5084,61.1141,leaves.tier2.normal.r1.reveal,Preparing,2
2372,113526.6747,36.1663,leaves.tier2.normal.r1.reveal,Preparing,2
2373,113593.808,67.1333,leaves.tier2.normal.r1.reveal,Preparing,2
2374,113631.9192,38.1111,leaves.tier2.normal.r1.reveal,Revealing,2
2375,113701.264,69.3448,leaves.tier2.normal.r1.reveal,Revealing,2
2376,113747.9117,46.6478,leaves.tier2.normal.r1.reveal,Revealing,2
2377,113785.3733,37.4615,leaves.tier2.normal.r1.reveal,Revealing,2
2378,113835.859,50.4857,leaves.tier2.normal.r1.reveal,Revealing,2
2379,113872.14,36.2809,leaves.tier2.normal.r1.reveal,Revealing,2
2380,113924.9311,52.7913,leaves.tier2.normal.r1.reveal,Revealing,2
2381,113983.465,58.5337,leaves.tier2.normal.r1.reveal,Revealing,2
2382,114025.9627,42.4976,leaves.tier2.normal.r1.reveal,Revealing,2
2383,114088.8661,62.9036,leaves.tier2.normal.r1.reveal,Revealing,2
2384,114125.3753,36.5092,leaves.tier2.normal.r1.reveal,Revealing,2
2385,114186.6951,61.3199,leaves.tier2.normal.r1.reveal,Revealing,2
2386,114225.5644,38.8692,leaves.tier2.normal.r1.reveal,Revealing,2
2387,114264.8748,39.3104,leaves.tier2.normal.r1.reveal,Revealing,2
2388,114320.6075,55.7327,leaves.tier2.normal.r1.reveal,Revealing,2
2389,114356.5521,35.9446,leaves.tier2.normal.r1.reveal,Revealing,2
2390,114403.2135,46.6615,leaves.tier2.normal.r1.reveal,Revealing,2
2391,114457.2749,54.0613,leaves.tier2.normal.r1.reveal,Revealing,2
2392,114493.9662,36.6914,leaves.tier2.normal.r1.reveal,Revealing,2
2393,114550.2092,56.2429,leaves.tier2.normal.r1.reveal,Revealing,2
2394,114587.0121,36.8029,leaves.tier2.normal.r1.reveal,Revealing,2
2395,114639.3336,52.3215,leaves.tier2.normal.r1.reveal,Revealing,2
2396,114682.943,43.6095,leaves.tier2.normal.r1.reveal,Revealing,2
2397,114728.8175,45.8744,leaves.tier2.normal.r1.reveal,Revealing,2
2398,114784.09,55.2725,leaves.tier2.normal.r1.reveal,Revealing,2
2399,114828.3624,44.2723,leaves.tier2.normal.r1.reveal,Revealing,2
2400,114884.6487,56.2864,leaves.tier2.normal.r1.reveal,Revealing,2
2401,114948.9138,64.2652,leaves.tier2.normal.r1.reveal,Revealing,2
2402,114985.9628,37.049,leaves.tier2.normal.r1.reveal,Revealing,2
2403,115048.8321,62.8692,leaves.tier2.normal.r1.reveal,Revealing,2
2404,115070.4338,21.6018,leaves.tier2.normal.r1.reveal,Idle,2
2405,115137.9156,67.4817,leaves.tier2.normal.r1.settle,Idle,2
2406,115183.1545,45.2389,leaves.tier2.normal.r1.settle,Idle,2
2407,115227.0566,43.9022,leaves.tier2.normal.r1.settle,Idle,2
2408,115280.2651,53.2084,leaves.tier2.normal.r1.settle,Idle,2
2409,115316.7515,36.4865,leaves.tier2.normal.r1.settle,Idle,2
2410,115380.7207,63.9691,leaves.tier2.normal.r1.settle,Idle,2
2411,115452.1826,71.4619,leaves.tier2.normal.r1.settle,Idle,2
2412,115476.422,24.2393,leaves.tier2.normal.r1.settle,Idle,2
2413,115528.4785,52.0566,leaves.tier2.normal.r1.settle,Idle,2
2414,115549.1917,20.7132,leaves.tier2.normal.r1.settle,Idle,2
2415,115612.9067,63.715,leaves.tier2.normal.r1.settle,Idle,2
2416,115645.9527,33.046,leaves.tier2.normal.r1.settle,Idle,2
2417,115678.7322,32.7796,leaves.tier2.normal.r1.settle,Idle,2
2418,115721.3155,42.5831,leaves.tier2.normal.r1.settle,Idle,2
2419,115744.8916,23.5762,leaves.tier2.normal.r1.settle,Idle,2
2420,115792.4509,47.5594,leaves.tier2.reduced.r1,Covering,2
2421,115846.3492,53.8983,leaves.tier2.reduced.r1,Covering,2
2422,115871.9123,25.5631,leaves.tier2.reduced.r1,Covering,2
2423,115921.5305,49.6181,leaves.tier2.reduced.r1,Covering,2
2424,115937.8415,16.3111,leaves.tier2.reduced.r1,CoveredLoading,2
2425,115989.685,51.8358,leaves.tier2.reduced.r1,CoveredLoading,2
2426,116013.6346,23.9572,audit.snapshot.leaves.tier2.reduced.r1.covered,CoveredLoading,2
2427,116079.2003,65.5657,leaves.tier2.reduced.r1.hold,CoveredLoading,2
2428,116101.7701,22.5699,leaves.tier2.reduced.r1.hold,CoveredLoading,2
2429,116132.8471,31.0767,leaves.tier2.reduced.r1.hold,CoveredLoading,2
2430,116183.2629,50.416,leaves.tier2.reduced.r1.hold,CoveredLoading,2
2431,116233.8378,50.5749,leaves.tier2.reduced.r1.hold,CoveredLoading,2
2432,116251.2402,17.4023,leaves.tier2.reduced.r1.hold,CoveredLoading,2
2433,116294.7817,43.5416,leaves.tier2.reduced.r1.hold,CoveredLoading,2
2434,116328.7769,33.9952,leaves.tier2.reduced.r1.hold,CoveredLoading,2
2435,116383.5802,54.8034,leaves.tier2.reduced.r1.hold,CoveredLoading,2
2436,116413.7344,30.1541,leaves.tier2.reduced.r1.hold,CoveredLoading,2
2437,116438.8321,25.0977,leaves.tier2.reduced.r1.hold,CoveredLoading,2
2438,116475.8027,36.9707,leaves.tier2.reduced.r1.hold,CoveredLoading,2
2439,116509.9238,34.1211,leaves.tier2.reduced.r1.hold,CoveredLoading,2
2440,116552.8552,42.9314,leaves.tier2.reduced.r1.hold,CoveredLoading,2
2441,116599.7037,46.8484,leaves.tier2.reduced.r1.hold,CoveredLoading,2
2442,116621.1197,21.4161,leaves.tier2.reduced.r1.hold,CoveredLoading,2
2443,116654.9847,33.8649,leaves.tier2.reduced.r1.hold,CoveredLoading,2
2444,116694.7855,39.8008,leaves.tier2.reduced.r1.hold,CoveredLoading,2
2445,116750.1926,55.407,leaves.tier2.reduced.r1.hold,CoveredLoading,2
2446,116780.6688,30.4763,leaves.tier2.reduced.r1.reveal,Preparing,2
2447,116805.1319,24.4631,leaves.tier2.reduced.r1.reveal,Preparing,2
2448,116831.9677,26.8358,leaves.tier2.reduced.r1.reveal,Preparing,2
2449,116865.944,33.9764,leaves.tier2.reduced.r1.reveal,Revealing,2
2450,116918.6416,52.6976,leaves.tier2.reduced.r1.reveal,Revealing,2
2451,116962.1043,43.4627,leaves.tier2.reduced.r1.reveal,Revealing,2
2452,116987.6038,25.4994,leaves.tier2.reduced.r1.reveal,Revealing,2
2453,117017.9173,30.3135,leaves.tier2.reduced.r1.reveal,Revealing,2
2454,117063.0041,45.0863,leaves.tier2.reduced.r1.reveal,Idle,2
2455,117129.9655,66.9619,leaves.tier2.reduced.r1.settle,Idle,2
2456,117164.5287,34.5632,leaves.tier2.reduced.r1.settle,Idle,2
2457,117216.117,51.5883,leaves.tier2.reduced.r1.settle,Idle,2
2458,117266.4065,50.2896,leaves.tier2.reduced.r1.settle,Idle,2
2459,117317.9728,51.5663,leaves.tier2.reduced.r1.settle,Idle,2
2460,117393.765,75.7921,leaves.tier2.reduced.r1.settle,Idle,2
2461,117456.9154,63.1505,leaves.tier2.reduced.r1.settle,Idle,2
2462,117479.9066,22.9911,leaves.tier2.reduced.r1.settle,Idle,2
2463,117534.5499,54.6433,leaves.tier2.reduced.r1.settle,Idle,2
2464,117584.7216,50.1717,leaves.tier2.reduced.r1.settle,Idle,2
2465,117674.4137,89.6921,leaves.tier2.reduced.r1.settle,Idle,2
2466,117713.1335,38.7199,leaves.tier2.reduced.r1.settle,Idle,2
2467,117750.5753,37.4418,leaves.tier2.reduced.r1.settle,Idle,2
2468,117801.1848,50.6095,leaves.tier2.reduced.r1.settle,Idle,2
2469,117851.6744,50.4895,leaves.tier2.reduced.r1.settle,Idle,2
2470,117925.3856,73.7113,leaves.tier2.normal.r2,Covering,2
2471,118017.3524,91.9667,leaves.tier2.normal.r2,Covering,2
2472,118058.6315,41.2792,leaves.tier2.normal.r2,Covering,2
2473,118099.5773,40.9457,leaves.tier2.normal.r2,Covering,2
2474,118157.6738,58.0966,leaves.tier2.normal.r2,Covering,2
2475,118201.2636,43.5897,leaves.tier2.normal.r2,Covering,2
2476,118283.5898,82.3261,leaves.tier2.normal.r2,Covering,2
2477,118323.3307,39.741,leaves.tier2.normal.r2,Covering,2
2478,118401.0029,77.6722,leaves.tier2.normal.r2,Covering,2
2479,118441.7666,40.7637,leaves.tier2.normal.r2,Covering,2
2480,118480.2358,38.4692,leaves.tier2.normal.r2,Covering,2
2481,118558.1942,77.9585,leaves.tier2.normal.r2,Covering,2
2482,118596.2982,38.1039,leaves.tier2.normal.r2,Covering,2
2483,118662.407,66.1089,leaves.tier2.normal.r2,Covering,2
2484,118704.5579,42.1508,leaves.tier2.normal.r2,Covering,2
2485,118749.4971,44.9392,leaves.tier2.normal.r2,Covering,2
2486,118829.6624,80.1652,leaves.tier2.normal.r2,Covering,2
2487,118865.2887,35.6265,leaves.tier2.normal.r2,Covering,2
2488,118948.2251,82.9364,leaves.tier2.normal.r2,Covering,2
2489,118984.124,35.8989,leaves.tier2.normal.r2,Covering,2
2490,119042.0075,57.8834,leaves.tier2.normal.r2,Covering,2
2491,119101.256,59.2485,leaves.tier2.normal.r2,Covering,2
2492,119157.6561,56.4001,leaves.tier2.normal.r2,Covering,2
2493,119203.5491,45.893,leaves.tier2.normal.r2,Covering,2
2494,119244.3723,40.8233,leaves.tier2.normal.r2,Covering,2
2495,119290.5591,46.1867,leaves.tier2.normal.r2,Covering,2
2496,119350.6334,60.0743,leaves.tier2.normal.r2,Covering,2
2497,119398.306,47.6727,leaves.tier2.normal.r2,Covering,2
2498,119436.3392,38.0331,leaves.tier2.normal.r2,Covering,2
2499,119481.1979,44.8587,leaves.tier2.normal.r2,CoveredLoading,2
2500,119522.4222,41.2244,leaves.tier2.normal.r2,CoveredLoading,2
2501,119580.3031,57.8808,audit.snapshot.leaves.tier2.normal.r2.covered,CoveredLoading,2
2502,119629.318,49.015,leaves.tier2.normal.r2.hold,CoveredLoading,2
2503,119672.5001,43.1821,leaves.tier2.normal.r2.hold,CoveredLoading,2
2504,119713.9622,41.4621,leaves.tier2.normal.r2.hold,CoveredLoading,2
2505,119770.7648,56.8025,leaves.tier2.normal.r2.hold,CoveredLoading,2
2506,119833.9103,63.1456,leaves.tier2.normal.r2.hold,CoveredLoading,2
2507,119889.6853,55.7749,leaves.tier2.normal.r2.hold,CoveredLoading,2
2508,119928.0043,38.319,leaves.tier2.normal.r2.hold,CoveredLoading,2
2509,119971.346,43.3416,leaves.tier2.normal.r2.hold,CoveredLoading,2
2510,120009.9348,38.5889,leaves.tier2.normal.r2.hold,CoveredLoading,2
2511,120080.064,70.1292,leaves.tier2.normal.r2.hold,CoveredLoading,2
2512,120147.2271,67.1632,leaves.tier2.normal.r2.hold,CoveredLoading,2
2513,120189.996,42.7689,leaves.tier2.normal.r2.hold,CoveredLoading,2
2514,120232.439,42.443,leaves.tier2.normal.r2.hold,CoveredLoading,2
2515,120299.1481,66.709,leaves.tier2.normal.r2.hold,CoveredLoading,2
2516,120383.5427,84.3946,leaves.tier2.normal.r2.hold,CoveredLoading,2
2517,120435.5219,51.9793,leaves.tier2.normal.r2.hold,CoveredLoading,2
2518,120471.9156,36.3937,leaves.tier2.normal.r2.hold,CoveredLoading,2
2519,120530.1349,58.2192,leaves.tier2.normal.r2.hold,CoveredLoading,2
2520,120580.8334,50.6985,leaves.tier2.normal.r2.hold,CoveredLoading,2
2521,120657.0502,76.2169,leaves.tier2.normal.r2.reveal,Preparing,2
2522,120695.7881,38.7378,leaves.tier2.normal.r2.reveal,Preparing,2
2523,120739.3671,43.5791,leaves.tier2.normal.r2.reveal,Preparing,2
2524,120797.7706,58.4034,leaves.tier2.normal.r2.reveal,Preparing,2
2525,120847.5623,49.7918,leaves.tier2.normal.r2.reveal,Preparing,2
2526,120926.3478,78.7854,leaves.tier2.normal.r2.reveal,Revealing,2
2527,120984.2625,57.9147,leaves.tier2.normal.r2.reveal,Revealing,2
2528,121022.86,38.5975,leaves.tier2.normal.r2.reveal,Revealing,2
2529,121064.8975,42.0376,leaves.tier2.normal.r2.reveal,Revealing,2
2530,121128.1142,63.2166,leaves.tier2.normal.r2.reveal,Revealing,2
2531,121184.1139,55.9997,leaves.tier2.normal.r2.reveal,Revealing,2
2532,121258.2214,74.1075,leaves.tier2.normal.r2.reveal,Revealing,2
2533,121309.9281,51.7067,leaves.tier2.normal.r2.reveal,Revealing,2
2534,121363.3433,53.4153,leaves.tier2.normal.r2.reveal,Revealing,2
2535,121406.094,42.7506,leaves.tier2.normal.r2.reveal,Revealing,2
2536,121472.7999,66.706,leaves.tier2.normal.r2.reveal,Revealing,2
2537,121523.8072,51.0072,leaves.tier2.normal.r2.reveal,Revealing,2
2538,121560.7484,36.9412,leaves.tier2.normal.r2.reveal,Revealing,2
2539,121605.1356,44.3873,leaves.tier2.normal.r2.reveal,Revealing,2
2540,121641.3521,36.2164,leaves.tier2.normal.r2.reveal,Revealing,2
2541,121702.1172,60.7652,leaves.tier2.normal.r2.reveal,Revealing,2
2542,121768.1188,66.0015,leaves.tier2.normal.r2.reveal,Revealing,2
2543,121813.0375,44.9187,leaves.tier2.normal.r2.reveal,Revealing,2
2544,121851.7453,38.7078,leaves.tier2.normal.r2.reveal,Revealing,2
2545,121890.2296,38.4844,leaves.tier2.normal.r2.reveal,Revealing,2
2546,121966.6313,76.4017,leaves.tier2.normal.r2.reveal,Revealing,2
2547,122027.8629,61.2315,leaves.tier2.normal.r2.reveal,Revealing,2
2548,122065.5455,37.6827,leaves.tier2.normal.r2.reveal,Revealing,2
2549,122117.6624,52.1168,leaves.tier2.normal.r2.reveal,Revealing,2
2550,122156.3362,38.6738,leaves.tier2.normal.r2.reveal,Revealing,2
2551,122232.2907,75.9545,leaves.tier2.normal.r2.reveal,Revealing,2
2552,122291.9973,59.7066,leaves.tier2.normal.r2.reveal,Revealing,2
2553,122318.9049,26.9076,leaves.tier2.normal.r2.reveal,Idle,2
2554,122358.8371,39.9322,leaves.tier2.normal.r2.settle,Idle,2
2555,122400.896,42.059,leaves.tier2.normal.r2.settle,Idle,2
2556,122456.8406,55.9446,leaves.tier2.normal.r2.settle,Idle,2
2557,122485.469,28.6284,leaves.tier2.normal.r2.settle,Idle,2
2558,122532.7195,47.2504,leaves.tier2.normal.r2.settle,Idle,2
2559,122576.8132,44.0937,leaves.tier2.normal.r2.settle,Idle,2
2560,122622.1415,45.3284,leaves.tier2.normal.r2.settle,Idle,2
2561,122678.7298,56.5882,leaves.tier2.normal.r2.settle,Idle,2
2562,122724.8831,46.1533,leaves.tier2.normal.r2.settle,Idle,2
2563,122750.2831,25.4,leaves.tier2.normal.r2.settle,Idle,2
2564,122797.0076,46.7245,leaves.tier2.normal.r2.settle,Idle,2
2565,122837.8569,40.8493,leaves.tier2.normal.r2.settle,Idle,2
2566,122901.1858,63.329,leaves.tier2.normal.r2.settle,Idle,2
2567,122924.6958,23.5099,leaves.tier2.normal.r2.settle,Idle,2
2568,122968.8343,44.1385,leaves.tier2.normal.r2.settle,Idle,2
2569,123013.6734,44.8391,leaves.tier2.reduced.r2,Covering,2
2570,123056.9347,43.2612,leaves.tier2.reduced.r2,Covering,2
2571,123126.5399,69.6053,leaves.tier2.reduced.r2,Covering,2
2572,123184.1386,57.5988,leaves.tier2.reduced.r2,CoveredLoading,2
2573,123232.5002,48.3615,leaves.tier2.reduced.r2,CoveredLoading,2
2574,123278.2997,45.7994,audit.snapshot.leaves.tier2.reduced.r2.covered,CoveredLoading,2
2575,123321.0752,42.7756,leaves.tier2.reduced.r2.hold,CoveredLoading,2
2576,123394.1247,73.0496,leaves.tier2.reduced.r2.hold,CoveredLoading,2
2577,123439.9899,45.865,leaves.tier2.reduced.r2.hold,CoveredLoading,2
2578,123464.5637,24.5739,leaves.tier2.reduced.r2.hold,CoveredLoading,2
2579,123512.8131,48.2495,leaves.tier2.reduced.r2.hold,CoveredLoading,2
2580,123561.5791,48.766,leaves.tier2.reduced.r2.hold,CoveredLoading,2
2581,123617.1206,55.5415,leaves.tier2.reduced.r2.hold,CoveredLoading,2
2582,123669.4009,52.2803,leaves.tier2.reduced.r2.hold,CoveredLoading,2
2583,123710.8934,41.4925,leaves.tier2.reduced.r2.hold,CoveredLoading,2
2584,123753.3823,42.4888,leaves.tier2.reduced.r2.hold,CoveredLoading,2
2585,123788.3234,34.9412,leaves.tier2.reduced.r2.hold,CoveredLoading,2
2586,123854.6854,66.3619,leaves.tier2.reduced.r2.hold,CoveredLoading,2
2587,123888.7103,34.025,leaves.tier2.reduced.r2.hold,CoveredLoading,2
2588,123905.5249,16.8144,leaves.tier2.reduced.r2.hold,CoveredLoading,2
2589,123942.5398,37.015,leaves.tier2.reduced.r2.hold,CoveredLoading,2
2590,123976.8457,34.306,leaves.tier2.reduced.r2.hold,CoveredLoading,2
2591,124019.4956,42.6499,leaves.tier2.reduced.r2.hold,CoveredLoading,2
2592,124063.9919,44.4962,leaves.tier2.reduced.r2.hold,CoveredLoading,2
2593,124095.6873,31.6955,leaves.tier2.reduced.r2.hold,CoveredLoading,2
2594,124129.4314,33.7441,leaves.tier2.reduced.r2.reveal,Preparing,2
2595,124163.9785,34.547,leaves.tier2.reduced.r2.reveal,Preparing,2
2596,124222.8024,58.824,leaves.tier2.reduced.r2.reveal,Preparing,2
2597,124262.8128,40.0104,leaves.tier2.reduced.r2.reveal,Revealing,2
2598,124279.7683,16.9554,leaves.tier2.reduced.r2.reveal,Revealing,2
2599,124322.796,43.0277,leaves.tier2.reduced.r2.reveal,Revealing,2
2600,124351.1978,28.4018,leaves.tier2.reduced.r2.reveal,Revealing,2
2601,124400.0715,48.8737,leaves.tier2.reduced.r2.reveal,Revealing,2
2602,124445.4842,45.4128,leaves.tier2.reduced.r2.reveal,Revealing,2
2603,124472.7913,27.3071,leaves.tier2.reduced.r2.reveal,Idle,2
2604,124507.5543,34.7629,leaves.tier2.reduced.r2.settle,Idle,2
2605,124545.9913,38.437,leaves.tier2.reduced.r2.settle,Idle,2
2606,124600.3206,54.3293,leaves.tier2.reduced.r2.settle,Idle,2
2607,124639.2,38.8795,leaves.tier2.reduced.r2.settle,Idle,2
2608,124655.0894,15.8893,leaves.tier2.reduced.r2.settle,Idle,2
2609,124696.0215,40.9322,leaves.tier2.reduced.r2.settle,Idle,2
2610,124730.8522,34.8306,leaves.tier2.reduced.r2.settle,Idle,2
2611,124775.3686,44.5164,leaves.tier2.reduced.r2.settle,Idle,2
2612,124809.503,34.1345,leaves.tier2.reduced.r2.settle,Idle,2
2613,124834.4636,24.9605,leaves.tier2.reduced.r2.settle,Idle,2
2614,124870.6327,36.1691,leaves.tier2.reduced.r2.settle,Idle,2
2615,124912.5801,41.9475,leaves.tier2.reduced.r2.settle,Idle,2
2616,124967.8969,55.3167,leaves.tier2.reduced.r2.settle,Idle,2
2617,125005.6133,37.7164,leaves.tier2.reduced.r2.settle,Idle,2
2618,125021.5173,15.9041,leaves.tier2.reduced.r2.settle,Idle,2
2619,125059.5326,38.0152,route.tier2.menu-camp,Covering,2
2620,125122.8876,63.3551,route.tier2.menu-camp,Covering,2
2621,125161.178,38.2904,route.tier2.menu-camp,Covering,2
2622,125200.0718,38.8937,route.tier2.menu-camp,Covering,2
2623,125239.8802,39.8084,route.tier2.menu-camp,Covering,2
2624,125277.4435,37.5633,route.tier2.menu-camp,Covering,2
2625,125313.128,35.6846,route.tier2.menu-camp,Covering,2
2626,125363.7428,50.6148,route.tier2.menu-camp,Covering,2
2627,125417.8002,54.0574,route.tier2.menu-camp,Covering,2
2628,125453.4731,35.6728,route.tier2.menu-camp,Covering,2
2629,125492.3521,38.879,route.tier2.menu-camp,Covering,2
2630,125529.5938,37.2418,route.tier2.menu-camp,Covering,2
2631,125580.1291,50.5352,route.tier2.menu-camp,Covering,2
2632,125621.7674,41.6383,route.tier2.menu-camp,Covering,2
2633,125659.3025,37.5352,route.tier2.menu-camp,Covering,2
2634,125696.8854,37.5829,route.tier2.menu-camp,Covering,2
2635,125733.6592,36.7738,route.tier2.menu-camp,Covering,2
2636,125791.043,57.3837,route.tier2.menu-camp,Covering,2
2637,125840.9575,49.9146,route.tier2.menu-camp,Covering,2
2638,125878.1042,37.1464,route.tier2.menu-camp,Covering,2
2639,125914.0699,35.9659,route.tier2.menu-camp,Covering,2
2640,125961.3661,47.2962,route.tier2.menu-camp,Covering,2
2641,126012.126,50.76,route.tier2.menu-camp,Covering,2
2642,126064.1323,52.0062,route.tier2.menu-camp,Covering,2
2643,126116.4741,52.3418,route.tier2.menu-camp,Covering,2
2644,126161.8921,45.418,route.tier2.menu-camp,Covering,2
2645,126204.4035,42.5114,route.tier2.menu-camp,Covering,2
2646,126265.4881,61.0846,route.tier2.menu-camp,Covering,2
2647,126324.4868,58.9987,route.tier2.menu-camp,Covering,2
2648,126370.6078,46.1211,route.tier2.menu-camp,Covering,2
2649,126406.9326,36.3248,route.tier2.menu-camp,Covering,2
2650,126442.7227,35.79,route.tier2.menu-camp,Covering,2
2651,126494.6395,51.9168,route.tier2.menu-camp,Covering,2
2652,126541.6143,46.9749,route.tier2.menu-camp,Covering,2
2653,126577.6277,36.0133,route.tier2.menu-camp,Covering,2
2654,126613.2629,35.6353,route.tier2.menu-camp,Covering,2
2655,126661.8302,48.5672,route.tier2.menu-camp,CoveredLoading,2
2656,126733.8459,72.0157,route.tier2.menu-camp,CoveredLoading,2
2657,127172.1208,438.275,route.tier2.menu-camp,CoveredLoading,2
2658,127746.6073,574.4862,route.tier2.menu-camp,CoveredLoading,2
2659,127784.4101,37.803,route.tier2.menu-camp,Preparing,2
2660,127846.7524,62.3424,route.tier2.menu-camp,Preparing,2
2661,127908.4014,61.649,route.tier2.menu-camp,Revealing,2
2662,127945.0993,36.6979,route.tier2.menu-camp,Revealing,2
2663,127984.7828,39.6833,route.tier2.menu-camp,Revealing,2
2664,128034.8032,50.0205,route.tier2.menu-camp,Revealing,2
2665,128072.6083,37.8052,route.tier2.menu-camp,Revealing,2
2666,128145.7827,73.1744,route.tier2.menu-camp,Revealing,2
2667,128181.269,35.4861,route.tier2.menu-camp,Revealing,2
2668,128274.0663,92.7971,route.tier2.menu-camp,Revealing,2
2669,128312.9736,38.9076,route.tier2.menu-camp,Revealing,2
2670,128372.279,59.3054,route.tier2.menu-camp,Revealing,2
2671,128429.3541,57.0752,route.tier2.menu-camp,Revealing,2
2672,128469.633,40.2788,route.tier2.menu-camp,Revealing,2
2673,128554.5215,84.8885,route.tier2.menu-camp,Revealing,2
2674,128594.2708,39.7494,route.tier2.menu-camp,Revealing,2
2675,128638.9706,44.6997,route.tier2.menu-camp,Revealing,2
2676,128675.3327,36.3621,route.tier2.menu-camp,Revealing,2
2677,128714.9055,39.5725,route.tier2.menu-camp,Revealing,2
2678,128772.3293,57.4242,route.tier2.menu-camp,Revealing,2
2679,128834.7988,62.4694,route.tier2.menu-camp,Revealing,2
2680,128882.4429,47.6439,route.tier2.menu-camp,Revealing,2
2681,128921.2185,38.7759,route.tier2.menu-camp,Revealing,2
2682,128965.3775,44.1589,route.tier2.menu-camp,Revealing,2
2683,129007.946,42.5685,route.tier2.menu-camp,Revealing,2
2684,129056.9082,48.9622,route.tier2.menu-camp,Revealing,2
2685,129093.433,36.5248,route.tier2.menu-camp,Revealing,2
2686,129150.6631,57.2301,route.tier2.menu-camp,Revealing,2
2687,129204.8512,54.1881,route.tier2.menu-camp,Revealing,2
2688,129248.9595,44.1084,route.tier2.menu-camp,Revealing,2
2689,129266.6498,17.6903,route.tier2.menu-camp,Idle,2
2690,129318.3967,51.7468,audit.snapshot.route.tier2.menu-camp.ready,Idle,2
2691,129361.576,43.1794,audit.snapshot.route.tier2.menu-camp.ready,Idle,2
2692,129412.187,50.6109,audit.snapshot.route.tier2.menu-camp.ready,Idle,2
2693,129428.6198,16.4329,audit.snapshot.route.tier2.menu-camp.ready,Idle,2
2694,129489.4236,60.8038,audit.snapshot.route.tier2.menu-camp.ready,Idle,2
2695,129528.686,39.262,audit.snapshot.route.tier2.menu-camp.ready,Idle,2
2696,129557.5931,28.9075,audit.snapshot.route.tier2.menu-camp.ready,Idle,2
2697,129582.0954,24.5021,audit.snapshot.route.tier2.menu-camp.ready,Idle,2
2698,129631.9549,49.8596,audit.snapshot.route.tier2.menu-camp.ready,Idle,2
2699,129673.4912,41.5363,audit.snapshot.route.tier2.menu-camp.ready,Idle,2
2700,129729.1243,55.6332,audit.snapshot.route.tier2.menu-camp.ready,Idle,2
2701,129744.7396,15.6152,audit.snapshot.route.tier2.menu-camp.ready,Idle,2
2702,129807.3587,62.619,audit.snapshot.route.tier2.menu-camp.ready,Idle,2
2703,129850.0558,42.6972,audit.snapshot.route.tier2.menu-camp.ready,Idle,2
2704,129878.7749,28.7192,audit.snapshot.route.tier2.menu-camp.ready,Idle,2
2705,129902.9124,24.1375,audit.snapshot.route.tier2.menu-camp.ready,Idle,2
2706,129956.0962,53.1838,audit.snapshot.route.tier2.menu-camp.ready,Idle,2
2707,129996.654,40.5577,audit.snapshot.route.tier2.menu-camp.ready,Idle,2
2708,130039.0112,42.3573,audit.snapshot.route.tier2.menu-camp.ready,Idle,2
2709,130059.52,20.5088,audit.snapshot.route.tier2.menu-camp.ready,Idle,2
2710,130116.869,57.3489,audit.snapshot.route.tier2.menu-camp.ready,Idle,2
2711,130162.1037,45.2348,audit.snapshot.route.tier2.menu-camp.ready,Idle,2
2712,130186.9525,24.8488,audit.snapshot.route.tier2.menu-camp.ready,Idle,2
2713,130216.4187,29.4661,audit.snapshot.route.tier2.menu-camp.ready,Idle,2
2714,130262.8014,46.3828,audit.snapshot.route.tier2.menu-camp.ready,Idle,2
2715,130301.0153,38.2139,audit.snapshot.route.tier2.menu-camp.ready,Idle,2
2716,130355.7817,54.7663,audit.snapshot.route.tier2.menu-camp.ready,Idle,2
2717,130378.0472,22.2656,audit.snapshot.route.tier2.menu-camp.ready,Idle,2
2718,130434.6813,56.6341,audit.snapshot.route.tier2.menu-camp.ready,Idle,2
2719,130474.405,39.7236,audit.snapshot.route.tier2.menu-camp.ready,Idle,2
2720,130501.2991,26.8942,camp.summer.tier2.empty,Idle,2
2721,130539.0862,37.7871,camp.summer.tier2.empty,Idle,2
2722,130588.3907,49.3045,camp.summer.tier2.empty,Idle,2
2723,130632.3094,43.9185,camp.summer.tier2.empty,Idle,2
2724,130689.2481,56.9389,camp.summer.tier2.empty,Idle,2
2725,130715.2884,26.0403,camp.summer.tier2.empty,Idle,2
2726,130789.9545,74.666,camp.summer.tier2.empty,Idle,2
2727,130838.7689,48.8145,camp.summer.tier2.empty,Idle,2
2728,130877.6464,38.8774,camp.summer.tier2.empty,Idle,2
2729,130915.7452,38.0988,camp.summer.tier2.empty,Idle,2
2730,130978.3655,62.6203,camp.summer.tier2.empty,Idle,2
2731,131023.428,45.0626,camp.summer.tier2.empty,Idle,2
2732,131089.8877,66.4596,camp.summer.tier2.empty,Idle,2
2733,131115.7924,25.9047,camp.summer.tier2.empty,Idle,2
2734,131185.4145,69.6222,camp.summer.tier2.empty,Idle,2
2735,131244.5408,59.1262,camp.summer.tier2.empty,Idle,2
2736,131281.089,36.5482,camp.summer.tier2.empty,Idle,2
2737,131315.5538,34.4648,camp.summer.tier2.empty,Idle,2
2738,131374.1353,58.5814,camp.summer.tier2.empty,Idle,2
2739,131418.6312,44.4958,camp.summer.tier2.empty,Idle,2
2740,131488.9651,70.3342,camp.summer.tier2.empty,Idle,2
2741,131513.7288,24.7636,camp.summer.tier2.empty,Idle,2
2742,131585.7398,72.0111,camp.summer.tier2.empty,Idle,2
2743,131621.331,35.5911,camp.summer.tier2.empty,Idle,2
2744,131655.3843,34.0534,camp.summer.tier2.empty,Idle,2
2745,131682.9304,27.546,camp.summer.tier2.empty,Idle,2
2746,131733.4078,50.4775,camp.summer.tier2.empty,Idle,2
2747,131775.6326,42.2248,camp.summer.tier2.empty,Idle,2
2748,131823.4298,47.7971,camp.summer.tier2.empty,Idle,2
2749,131838.5974,15.1677,camp.summer.tier2.empty,Idle,2
2750,131898.3398,59.7423,camp.summer.tier2.empty,Idle,2
2751,131935.2921,36.9523,camp.summer.tier2.empty,Idle,2
2752,131966.1429,30.8509,camp.summer.tier2.empty,Idle,2
2753,131997.4092,31.2662,camp.summer.tier2.empty,Idle,2
2754,132045.8157,48.4066,camp.summer.tier2.empty,Idle,2
2755,132090.9243,45.1085,camp.summer.tier2.empty,Idle,2
2756,132146.4866,55.5624,camp.summer.tier2.empty,Idle,2
2757,132164.1161,17.6294,camp.summer.tier2.empty,Idle,2
2758,132217.4544,53.3382,camp.summer.tier2.empty,Idle,2
2759,132255.5517,38.0974,camp.summer.tier2.empty,Idle,2
2760,132284.4503,28.8986,camp.summer.tier2.empty,Idle,2
2761,132321.1001,36.6498,camp.summer.tier2.empty,Idle,2
2762,132367.0029,45.9029,camp.summer.tier2.empty,Idle,2
2763,132409.1718,42.1689,camp.summer.tier2.empty,Idle,2
2764,132457.0507,47.8789,camp.summer.tier2.empty,Idle,2
2765,132472.1601,15.1094,camp.summer.tier2.empty,Idle,2
2766,132531.9488,59.7886,camp.summer.tier2.empty,Idle,2
2767,132572.6714,40.7226,camp.summer.tier2.empty,Idle,2
2768,132599.756,27.0847,camp.summer.tier2.empty,Idle,2
2769,132631.4322,31.676,camp.summer.tier2.empty,Idle,2
2770,132685.1646,53.7325,camp.summer.tier2.empty,Idle,2
2771,132730.6229,45.4584,camp.summer.tier2.empty,Idle,2
2772,132782.8172,52.1942,camp.summer.tier2.empty,Idle,2
2773,132797.9435,15.1264,camp.summer.tier2.empty,Idle,2
2774,132857.057,59.1135,camp.summer.tier2.empty,Idle,2
2775,132896.446,39.389,camp.summer.tier2.empty,Idle,2
2776,132926.0921,29.6461,camp.summer.tier2.empty,Idle,2
2777,132950.3701,24.2779,camp.summer.tier2.empty,Idle,2
2778,132999.5491,49.179,camp.summer.tier2.empty,Idle,2
2779,133042.5761,43.0271,camp.summer.tier2.empty,Idle,2
2780,133090.3899,47.8137,camp.summer.tier2.empty,Idle,2
2781,133105.5417,15.1519,camp.summer.tier2.empty,Idle,2
2782,133172.5819,67.0402,camp.summer.tier2.empty,Idle,2
2783,133208.5007,35.9187,camp.summer.tier2.empty,Idle,2
2784,133233.6482,25.1475,camp.summer.tier2.empty,Idle,2
2785,133260.7805,27.1323,camp.summer.tier2.empty,Idle,2
2786,133319.6833,58.9029,camp.summer.tier2.empty,Idle,2
2787,133357.1996,37.5163,camp.summer.tier2.empty,Idle,2
2788,133401.0297,43.83,camp.summer.tier2.empty,Idle,2
2789,133421.9783,20.9487,camp.summer.tier2.empty,Idle,2
2790,133482.7844,60.8061,camp.summer.tier2.empty,Idle,2
2791,133519.4306,36.6461,camp.summer.tier2.empty,Idle,2
2792,133554.2383,34.8078,camp.summer.tier2.empty,Idle,2
2793,133576.4605,22.2221,camp.summer.tier2.empty,Idle,2
2794,133628.8475,52.387,camp.summer.tier2.empty,Idle,2
2795,133667.1042,38.2567,camp.summer.tier2.empty,Idle,2
2796,133720.6021,53.4979,camp.summer.tier2.empty,Idle,2
2797,133739.4127,18.8107,camp.summer.tier2.empty,Idle,2
2798,133801.5516,62.1389,camp.summer.tier2.empty,Idle,2
2799,133839.2117,37.66,camp.summer.tier2.empty,Idle,2
2800,133866.1924,26.9807,camp.summer.tier2.empty,Idle,2
2801,133897.6946,31.5023,camp.summer.tier2.empty,Idle,2
2802,133951.8825,54.1878,camp.summer.tier2.empty,Idle,2
2803,133996.3023,44.4199,camp.summer.tier2.empty,Idle,2
2804,134049.6596,53.3571,camp.summer.tier2.empty,Idle,2
2805,134064.7079,15.0485,camp.summer.tier2.empty,Idle,2
2806,134123.6546,58.9467,camp.summer.tier2.empty,Idle,2
2807,134167.3346,43.68,camp.summer.tier2.empty,Idle,2
2808,134195.3953,28.0606,camp.summer.tier2.empty,Idle,2
2809,134222.0276,26.6322,camp.summer.tier2.empty,Idle,2
2810,134264.3753,42.3478,camp.summer.tier2.empty,Idle,2
2811,134302.4275,38.0522,camp.summer.tier2.empty,Idle,2
2812,134357.8618,55.4344,camp.summer.tier2.empty,Idle,2
2813,134372.917,15.0552,camp.summer.tier2.empty,Idle,2
2814,134435.453,62.5359,camp.summer.tier2.empty,Idle,2
2815,134472.3409,36.888,camp.summer.tier2.empty,Idle,2
2816,134500.5696,28.2286,camp.summer.tier2.empty,Idle,2
2817,134539.5687,38.9991,camp.summer.tier2.empty,Idle,2
2818,134586.1575,46.5888,camp.summer.tier2.empty,Idle,2
2819,134629.6273,43.4699,camp.summer.tier2.empty,Idle,2
2820,134685.1588,55.5315,camp.summer.tier2.empty,Idle,2
2821,134714.1485,28.9896,camp.summer.tier2.empty,Idle,2
2822,134790.2117,76.0632,camp.summer.tier2.empty,Idle,2
2823,134838.7836,48.5719,camp.summer.tier2.empty,Idle,2
2824,134880.8957,42.1121,camp.summer.tier2.empty,Idle,2
2825,134916.2946,35.3989,camp.summer.tier2.empty,Idle,2
2826,134984.7154,68.4209,camp.summer.tier2.empty,Idle,2
2827,135025.5318,40.8163,camp.summer.tier2.empty,Idle,2
2828,135090.343,64.8112,camp.summer.tier2.empty,Idle,2
2829,135115.3528,25.0099,camp.summer.tier2.empty,Idle,2
2830,135191.1696,75.8168,camp.summer.tier2.empty,Idle,2
2831,135234.373,43.2033,camp.summer.tier2.empty,Idle,2
2832,135275.4601,41.0871,camp.summer.tier2.empty,Idle,2
2833,135311.2681,35.8079,camp.summer.tier2.empty,Idle,2
2834,135370.5106,59.2427,camp.summer.tier2.empty,Idle,2
2835,135424.2049,53.6943,camp.summer.tier2.empty,Idle,2
2836,135483.2763,59.0714,camp.summer.tier2.empty,Idle,2
2837,135498.6629,15.3865,camp.summer.tier2.empty,Idle,2
2838,135577.6233,78.9604,camp.summer.tier2.empty,Idle,2
2839,135619.9424,42.3191,camp.summer.tier2.empty,Idle,2
2840,135703.4726,83.5303,audit.snapshot.camp.summer.tier2.empty,Idle,2
2841,135726.3243,22.8517,audit.snapshot.camp.summer.tier2.empty,Idle,2
2842,135784.5148,58.1905,audit.snapshot.camp.summer.tier2.empty,Idle,2
2843,135804.5656,20.0507,audit.snapshot.camp.summer.tier2.empty,Idle,2
2844,135840.6598,36.0942,audit.snapshot.camp.summer.tier2.empty,Idle,2
2845,135886.4425,45.7828,audit.snapshot.camp.summer.tier2.empty,Idle,2
2846,135916.1473,29.7048,audit.snapshot.camp.summer.tier2.empty,Idle,2
2847,135955.7355,39.5882,audit.snapshot.camp.summer.tier2.empty,Idle,2
2848,136023.2095,67.4739,audit.snapshot.camp.summer.tier2.empty,Idle,2
2849,136072.6091,49.3997,audit.snapshot.camp.summer.tier2.empty,Idle,2
2850,136092.6768,20.0677,audit.snapshot.camp.summer.tier2.empty,Idle,2
2851,136134.4884,41.8115,audit.snapshot.camp.summer.tier2.empty,Idle,2
2852,136151.9803,17.4918,audit.snapshot.camp.summer.tier2.empty,Idle,2
2853,136194.8844,42.9043,audit.snapshot.camp.summer.tier2.empty,Idle,2
2854,136236.2274,41.343,audit.snapshot.camp.summer.tier2.empty,Idle,2
2855,136305.7345,69.5071,audit.snapshot.camp.summer.tier2.empty,Idle,2
2856,136321.679,15.9445,audit.snapshot.camp.summer.tier2.empty,Idle,2
2857,136365.1538,43.4746,audit.snapshot.camp.summer.tier2.empty,Idle,2
2858,136396.8127,31.6588,audit.snapshot.camp.summer.tier2.empty,Idle,2
2859,136432.5998,35.7874,audit.snapshot.camp.summer.tier2.empty,Idle,2
2860,136473.7653,41.1655,audit.snapshot.camp.summer.tier2.empty,Idle,2
2861,136514.647,40.8815,audit.snapshot.camp.summer.tier2.empty,Idle,2
2862,136557.7856,43.1387,audit.snapshot.camp.summer.tier2.empty,Idle,2
2863,136583.1121,25.3265,audit.snapshot.camp.summer.tier2.empty,Idle,2
2864,136626.1461,43.0341,audit.snapshot.camp.summer.tier2.empty,Idle,2
2865,136664.6582,38.5121,audit.snapshot.camp.summer.tier2.empty,Idle,2
2866,136713.4614,48.8032,audit.snapshot.camp.summer.tier2.empty,Idle,2
2867,136752.9097,39.4483,audit.snapshot.camp.summer.tier2.empty,Idle,2
2868,136783.1957,30.286,audit.snapshot.camp.summer.tier2.empty,Idle,2
2869,136821.11,37.9141,audit.snapshot.camp.summer.tier2.empty,Idle,2
2870,136867.1422,46.0323,camp.summer.tier2.solved,Idle,2
2871,136919.0222,51.88,camp.summer.tier2.solved,Idle,2
2872,136956.0803,37.0581,camp.summer.tier2.solved,Idle,2
2873,136986.2518,30.1715,camp.summer.tier2.solved,Idle,2
2874,137025.2006,38.9489,camp.summer.tier2.solved,Idle,2
2875,137069.4306,44.2299,camp.summer.tier2.solved,Idle,2
2876,137109.3235,39.893,camp.summer.tier2.solved,Idle,2
2877,137136.6719,27.3483,camp.summer.tier2.solved,Idle,2
2878,137173.1915,36.5197,camp.summer.tier2.solved,Idle,2
2879,137209.6641,36.4726,camp.summer.tier2.solved,Idle,2
2880,137257.5981,47.934,camp.summer.tier2.solved,Idle,2
2881,137300.5096,42.9114,camp.summer.tier2.solved,Idle,2
2882,137332.1177,31.6081,camp.summer.tier2.solved,Idle,2
2883,137370.2224,38.1048,camp.summer.tier2.solved,Idle,2
2884,137406.4204,36.198,camp.summer.tier2.solved,Idle,2
2885,137471.4936,65.0732,camp.summer.tier2.solved,Idle,2
2886,137502.7144,31.2207,camp.summer.tier2.solved,Idle,2
2887,137532.9631,30.2486,camp.summer.tier2.solved,Idle,2
2888,137575.9409,42.978,camp.summer.tier2.solved,Idle,2
2889,137634.4999,58.559,camp.summer.tier2.solved,Idle,2
2890,137664.6443,30.1444,camp.summer.tier2.solved,Idle,2
2891,137703.4977,38.8533,camp.summer.tier2.solved,Idle,2
2892,137736.3879,32.8901,camp.summer.tier2.solved,Idle,2
2893,137772.6266,36.2388,camp.summer.tier2.solved,Idle,2
2894,137828.1781,55.5515,camp.summer.tier2.solved,Idle,2
2895,137860.9913,32.8133,camp.summer.tier2.solved,Idle,2
2896,137899.3984,38.407,camp.summer.tier2.solved,Idle,2
2897,137934.12,34.7216,camp.summer.tier2.solved,Idle,2
2898,137972.3754,38.2554,camp.summer.tier2.solved,Idle,2
2899,138024.1256,51.7503,camp.summer.tier2.solved,Idle,2
2900,138062.6446,38.5189,camp.summer.tier2.solved,Idle,2
2901,138108.4163,45.7718,camp.summer.tier2.solved,Idle,2
2902,138140.308,31.8916,camp.summer.tier2.solved,Idle,2
2903,138183.8704,43.5624,camp.summer.tier2.solved,Idle,2
2904,138228.4111,44.5407,camp.summer.tier2.solved,Idle,2
2905,138266.7375,38.3264,camp.summer.tier2.solved,Idle,2
2906,138298.3193,31.5818,camp.summer.tier2.solved,Idle,2
2907,138339.3335,41.0143,camp.summer.tier2.solved,Idle,2
2908,138380.1869,40.8533,camp.summer.tier2.solved,Idle,2
2909,138427.0012,46.8143,camp.summer.tier2.solved,Idle,2
2910,138481.5251,54.5238,camp.summer.tier2.solved,Idle,2
2911,138496.6282,15.1032,camp.summer.tier2.solved,Idle,2
2912,138532.8886,36.2603,camp.summer.tier2.solved,Idle,2
2913,138573.0555,40.1671,camp.summer.tier2.solved,Idle,2
2914,138629.4475,56.3919,camp.summer.tier2.solved,Idle,2
2915,138681.4086,51.9611,camp.summer.tier2.solved,Idle,2
2916,138714.7677,33.3592,camp.summer.tier2.solved,Idle,2
2917,138772.5685,57.8007,camp.summer.tier2.solved,Idle,2
2918,138822.7831,50.2146,camp.summer.tier2.solved,Idle,2
2919,138873.2913,50.5083,camp.summer.tier2.solved,Idle,2
2920,138930.9389,57.6475,camp.summer.tier2.solved,Idle,2
2921,138977.8936,46.9548,camp.summer.tier2.solved,Idle,2
2922,139022.1086,44.2149,camp.summer.tier2.solved,Idle,2
2923,139100.8636,78.755,camp.summer.tier2.solved,Idle,2
2924,139130.3308,29.4672,camp.summer.tier2.solved,Idle,2
2925,139180.769,50.4381,camp.summer.tier2.solved,Idle,2
2926,139216.0695,35.3006,camp.summer.tier2.solved,Idle,2
2927,139264.4317,48.3621,camp.summer.tier2.solved,Idle,2
2928,139313.5742,49.1427,camp.summer.tier2.solved,Idle,2
2929,139363.4716,49.8974,camp.summer.tier2.solved,Idle,2
2930,139419.581,56.1094,camp.summer.tier2.solved,Idle,2
2931,139482.9338,63.3527,camp.summer.tier2.solved,Idle,2
2932,139497.9936,15.0598,camp.summer.tier2.solved,Idle,2
2933,139548.8673,50.8738,camp.summer.tier2.solved,Idle,2
2934,139602.9591,54.0917,camp.summer.tier2.solved,Idle,2
2935,139671.5091,68.5501,camp.summer.tier2.solved,Idle,2
2936,139682.6887,11.1795,camp.summer.tier2.solved,Idle,2
2937,139717.1785,34.4899,camp.summer.tier2.solved,Idle,2
2938,139760.0754,42.8969,camp.summer.tier2.solved,Idle,2
2939,139803.5808,43.5054,camp.summer.tier2.solved,Idle,2
2940,139858.1896,54.6087,camp.summer.tier2.solved,Idle,2
2941,139879.9935,21.8039,camp.summer.tier2.solved,Idle,2
2942,139916.1361,36.1426,camp.summer.tier2.solved,Idle,2
2943,139955.5746,39.4384,camp.summer.tier2.solved,Idle,2
2944,140002.433,46.8585,camp.summer.tier2.solved,Idle,2
2945,140041.9974,39.5644,camp.summer.tier2.solved,Idle,2
2946,140073.4952,31.4978,camp.summer.tier2.solved,Idle,2
2947,140114.4555,40.9603,camp.summer.tier2.solved,Idle,2
2948,140166.9384,52.4829,camp.summer.tier2.solved,Idle,2
2949,140198.9946,32.0562,camp.summer.tier2.solved,Idle,2
2950,140241.9162,42.9215,camp.summer.tier2.solved,Idle,2
2951,140270.9196,29.0035,camp.summer.tier2.solved,Idle,2
2952,140309.3315,38.412,camp.summer.tier2.solved,Idle,2
2953,140350.3555,41.024,camp.summer.tier2.solved,Idle,2
2954,140391.3788,41.0232,camp.summer.tier2.solved,Idle,2
2955,140431.7349,40.3561,camp.summer.tier2.solved,Idle,2
2956,140490.1353,58.4004,camp.summer.tier2.solved,Idle,2
2957,140514.9946,24.8593,camp.summer.tier2.solved,Idle,2
2958,140551.4737,36.4792,camp.summer.tier2.solved,Idle,2
2959,140595.6918,44.218,camp.summer.tier2.solved,Idle,2
2960,140633.9418,38.25,camp.summer.tier2.solved,Idle,2
2961,140665.6535,31.7117,camp.summer.tier2.solved,Idle,2
2962,140706.6678,41.0144,camp.summer.tier2.solved,Idle,2
2963,140747.9858,41.318,camp.summer.tier2.solved,Idle,2
2964,140800.2043,52.2185,camp.summer.tier2.solved,Idle,2
2965,140832.0064,31.8021,camp.summer.tier2.solved,Idle,2
2966,140863.5607,31.5542,camp.summer.tier2.solved,Idle,2
2967,140904.248,40.6873,camp.summer.tier2.solved,Idle,2
2968,140940.6335,36.3854,camp.summer.tier2.solved,Idle,2
2969,140991.8666,51.2333,camp.summer.tier2.solved,Idle,2
2970,141027.9385,36.0718,camp.summer.tier2.solved,Idle,2
2971,141059.7955,31.8571,camp.summer.tier2.solved,Idle,2
2972,141107.4208,47.6253,camp.summer.tier2.solved,Idle,2
2973,141157.6443,50.2234,camp.summer.tier2.solved,Idle,2
2974,141198.011,40.3668,camp.summer.tier2.solved,Idle,2
2975,141229.3747,31.3636,camp.summer.tier2.solved,Idle,2
2976,141264.9702,35.5955,camp.summer.tier2.solved,Idle,2
2977,141301.0353,36.0652,camp.summer.tier2.solved,Idle,2
2978,141355.2175,54.1821,camp.summer.tier2.solved,Idle,2
2979,141396.1662,40.9487,camp.summer.tier2.solved,Idle,2
2980,141423.3625,27.1963,camp.summer.tier2.solved,Idle,2
2981,141460.2218,36.8591,camp.summer.tier2.solved,Idle,2
2982,141495.9908,35.7693,camp.summer.tier2.solved,Idle,2
2983,141558.0983,62.1075,camp.summer.tier2.solved,Idle,2
2984,141586.8439,28.7455,camp.summer.tier2.solved,Idle,2
2985,141617.0058,30.1619,camp.summer.tier2.solved,Idle,2
2986,141647.8198,30.8139,camp.summer.tier2.solved,Idle,2
2987,141689.9501,42.1304,camp.summer.tier2.solved,Idle,2
2988,141746.8873,56.9372,camp.summer.tier2.solved,Idle,2
2989,141786.4264,39.539,camp.summer.tier2.solved,Idle,2
2990,141813.168,26.7417,route.tier2.camp-menu,Covering,2
2991,141875.1717,62.0037,route.tier2.camp-menu,Covering,2
2992,141929.0479,53.8762,route.tier2.camp-menu,Covering,2
2993,141979.3678,50.3199,route.tier2.camp-menu,Covering,2
2994,142022.523,43.1551,route.tier2.camp-menu,Covering,2
2995,142059.8069,37.2841,route.tier2.camp-menu,Covering,2
2996,142097.5785,37.7715,route.tier2.camp-menu,Covering,2
2997,142157.967,60.3885,route.tier2.camp-menu,Covering,2
2998,142200.7774,42.8105,route.tier2.camp-menu,Covering,2
2999,142244.4176,43.6401,route.tier2.camp-menu,Covering,2
3000,142282.9636,38.546,route.tier2.camp-menu,Covering,2
3001,142321.4559,38.4923,route.tier2.camp-menu,Covering,2
3002,142384.3764,62.9205,route.tier2.camp-menu,Covering,2
3003,142420.6008,36.2245,route.tier2.camp-menu,Covering,2
3004,142458.1828,37.582,route.tier2.camp-menu,Covering,2
3005,142514.6013,56.4184,route.tier2.camp-menu,Covering,2
3006,142552.5588,37.9574,route.tier2.camp-menu,Covering,2
3007,142599.0231,46.4644,route.tier2.camp-menu,Covering,2
3008,142649.0098,49.9866,route.tier2.camp-menu,Covering,2
3009,142707.4007,58.3911,route.tier2.camp-menu,Covering,2
3010,142760.0251,52.6243,route.tier2.camp-menu,Covering,2
3011,142822.3943,62.362,route.tier2.camp-menu,Covering,2
3012,142892.8119,70.4248,route.tier2.camp-menu,Covering,2
3013,142968.2913,75.4794,route.tier2.camp-menu,Covering,2
3014,143006.2571,37.9659,route.tier2.camp-menu,Covering,2
3015,143054.01,47.7528,route.tier2.camp-menu,Covering,2
3016,143107.2252,53.2153,route.tier2.camp-menu,Covering,2
3017,143170.0998,62.8746,route.tier2.camp-menu,Covering,2
3018,143240.622,70.5221,route.tier2.camp-menu,Covering,2
3019,143294.2428,53.6208,route.tier2.camp-menu,Covering,2
3020,143384.1675,89.9248,route.tier2.camp-menu,Covering,2
3021,143433.4622,49.2946,route.tier2.camp-menu,CoveredLoading,2
3022,143501.0634,67.6012,route.tier2.camp-menu,CoveredLoading,2
3023,143972.5075,471.4443,route.tier2.camp-menu,CoveredLoading,2
3024,144722.1024,749.5945,route.tier2.camp-menu,CoveredLoading,2
3025,144772.6718,50.5696,route.tier2.camp-menu,Preparing,2
3026,144810.2514,37.5796,route.tier2.camp-menu,Preparing,2
3027,144863.9273,53.676,route.tier2.camp-menu,Revealing,2
3028,144918.0535,54.1261,route.tier2.camp-menu,Revealing,2
3029,144954.6917,36.6382,route.tier2.camp-menu,Revealing,2
3030,145006.9656,52.2739,route.tier2.camp-menu,Revealing,2
3031,145043.0848,36.1193,route.tier2.camp-menu,Revealing,2
3032,145099.3396,56.2548,route.tier2.camp-menu,Revealing,2
3033,145145.4743,46.1347,route.tier2.camp-menu,Revealing,2
3034,145227.3387,81.864,route.tier2.camp-menu,Revealing,2
3035,145264.2918,36.9535,route.tier2.camp-menu,Revealing,2
3036,145325.3717,61.0797,route.tier2.camp-menu,Revealing,2
3037,145381.654,56.2824,route.tier2.camp-menu,Revealing,2
3038,145418.1324,36.4785,route.tier2.camp-menu,Revealing,2
3039,145457.7804,39.648,route.tier2.camp-menu,Revealing,2
3040,145507.5375,49.757,route.tier2.camp-menu,Revealing,2
3041,145544.0126,36.4752,route.tier2.camp-menu,Revealing,2
3042,145593.8711,49.8584,route.tier2.camp-menu,Revealing,2
3043,145634.6982,40.8271,route.tier2.camp-menu,Revealing,2
3044,145692.8,58.1017,route.tier2.camp-menu,Revealing,2
3045,145735.1721,42.3723,route.tier2.camp-menu,Revealing,2
3046,145771.8142,36.6421,route.tier2.camp-menu,Revealing,2
3047,145807.8192,36.005,route.tier2.camp-menu,Revealing,2
3048,145848.5105,40.691,route.tier2.camp-menu,Revealing,2
3049,145886.3041,37.7939,route.tier2.camp-menu,Revealing,2
3050,145923.5841,37.2799,route.tier2.camp-menu,Revealing,2
3051,145962.1228,38.5387,route.tier2.camp-menu,Revealing,2
3052,146022.9993,60.8766,route.tier2.camp-menu,Revealing,2
3053,146069.0334,46.034,route.tier2.camp-menu,Revealing,2
3054,146106.949,37.9156,route.tier2.camp-menu,Revealing,2
3055,146144.0179,37.069,route.tier2.camp-menu,Revealing,2
3056,146182.4685,38.4505,route.tier2.camp-menu,Revealing,2
3057,146232.1011,49.6326,route.tier2.camp-menu,Revealing,2
3058,146265.5381,33.4369,route.tier2.camp-menu,Idle,2
3059,146298.0055,32.4676,audit.snapshot.route.tier2.camp-menu.ready,Idle,2
3060,146360.1801,62.1745,audit.snapshot.route.tier2.camp-menu.ready,Idle,2
3061,146407.2836,47.1035,audit.snapshot.route.tier2.camp-menu.ready,Idle,2
3062,146427.4698,20.1863,audit.snapshot.route.tier2.camp-menu.ready,Idle,2
3063,146469.4244,41.9545,audit.snapshot.route.tier2.camp-menu.ready,Idle,2
3064,146495.6395,26.2151,audit.snapshot.route.tier2.camp-menu.ready,Idle,2
3065,146532.1736,36.5342,audit.snapshot.route.tier2.camp-menu.ready,Idle,2
3066,146566.4141,34.2405,audit.snapshot.route.tier2.camp-menu.ready,Idle,2
3067,146626.2958,59.8814,audit.snapshot.route.tier2.camp-menu.ready,Idle,2
3068,146655.6747,29.3792,audit.snapshot.route.tier2.camp-menu.ready,Idle,2
3069,146700.2443,44.5696,audit.snapshot.route.tier2.camp-menu.ready,Idle,2
3070,146744.3039,44.0595,audit.snapshot.route.tier2.camp-menu.ready,Idle,2
3071,146790.4271,46.1232,audit.snapshot.route.tier2.camp-menu.ready,Idle,2
3072,146863.9351,73.508,audit.snapshot.route.tier2.camp-menu.ready,Idle,2
3073,146932.0449,68.1099,audit.snapshot.route.tier2.camp-menu.ready,Idle,2
3074,146963.6296,31.5847,audit.snapshot.route.tier2.camp-menu.ready,Idle,2
3075,146990.4222,26.7924,audit.snapshot.route.tier2.camp-menu.ready,Idle,2
3076,147044.7202,54.2981,audit.snapshot.route.tier2.camp-menu.ready,Idle,2
3077,147119.5714,74.8512,audit.snapshot.route.tier2.camp-menu.ready,Idle,2
3078,147152.2808,32.7094,audit.snapshot.route.tier2.camp-menu.ready,Idle,2
3079,147200.1009,47.8199,audit.snapshot.route.tier2.camp-menu.ready,Idle,2
3080,147247.529,47.4283,audit.snapshot.route.tier2.camp-menu.ready,Idle,2
3081,147290.0846,42.5556,audit.snapshot.route.tier2.camp-menu.ready,Idle,2
3082,147337.0942,47.0096,audit.snapshot.route.tier2.camp-menu.ready,Idle,2
3083,147407.5702,70.476,audit.snapshot.route.tier2.camp-menu.ready,Idle,2
3084,147446.9989,39.4287,audit.snapshot.route.tier2.camp-menu.ready,Idle,2
3085,147479.8529,32.854,audit.snapshot.route.tier2.camp-menu.ready,Idle,2
3086,147520.2426,40.3896,audit.snapshot.route.tier2.camp-menu.ready,Idle,2
3087,147583.2872,63.0447,audit.snapshot.route.tier2.camp-menu.ready,Idle,2
3088,147617.2163,33.9292,audit.snapshot.route.tier2.camp-menu.ready,Idle,2
3089,147659.7149,42.4985,route.high.normal.r1.menu-camp,Covering,2
3090,147723.4028,63.6879,route.high.normal.r1.menu-camp,Covering,2
3091,147762.2435,38.8408,route.high.normal.r1.menu-camp,Covering,2
3092,147807.1981,44.9545,route.high.normal.r1.menu-camp,Covering,2
3093,147861.3167,54.1185,route.high.normal.r1.menu-camp,Covering,2
3094,147901.3835,40.067,route.high.normal.r1.menu-camp,Covering,2
3095,147937.7595,36.3759,route.high.normal.r1.menu-camp,Covering,2
3096,147973.3514,35.592,route.high.normal.r1.menu-camp,Covering,2
3097,148023.6606,50.3091,route.high.normal.r1.menu-camp,Covering,2
3098,148065.8146,42.154,route.high.normal.r1.menu-camp,Covering,2
3099,148107.841,42.0265,route.high.normal.r1.menu-camp,Covering,2
3100,148144.295,36.454,route.high.normal.r1.menu-camp,Covering,2
3101,148180.1922,35.8971,route.high.normal.r1.menu-camp,Covering,2
3102,148223.9523,43.7601,route.high.normal.r1.menu-camp,Covering,2
3103,148283.5835,59.6311,route.high.normal.r1.menu-camp,Covering,2
3104,148327.1012,43.5179,route.high.normal.r1.menu-camp,Covering,2
3105,148362.9724,35.8711,route.high.normal.r1.menu-camp,Covering,2
3106,148403.7147,40.7421,route.high.normal.r1.menu-camp,Covering,2
3107,148464.2405,60.526,route.high.normal.r1.menu-camp,Covering,2
3108,148507.6804,43.44,route.high.normal.r1.menu-camp,Covering,2
3109,148548.3555,40.675,route.high.normal.r1.menu-camp,Covering,2
3110,148589.643,41.2876,route.high.normal.r1.menu-camp,Covering,2
3111,148639.7714,50.1284,route.high.normal.r1.menu-camp,Covering,2
3112,148703.2647,63.4931,route.high.normal.r1.menu-camp,Covering,2
3113,148761.9253,58.6607,route.high.normal.r1.menu-camp,Covering,2
3114,148802.377,40.4518,route.high.normal.r1.menu-camp,Covering,2
3115,148840.6817,38.3045,route.high.normal.r1.menu-camp,Covering,2
3116,148893.405,52.7235,route.high.normal.r1.menu-camp,Covering,2
3117,148964.0586,70.6535,route.high.normal.r1.menu-camp,Covering,2
3118,149013.7683,49.7097,route.high.normal.r1.menu-camp,Covering,2
3119,149068.5977,54.8294,route.high.normal.r1.menu-camp,Covering,2
3120,149105.9848,37.3871,route.high.normal.r1.menu-camp,Covering,2
3121,149145.5198,39.5351,route.high.normal.r1.menu-camp,Covering,2
3122,149202.124,56.6042,route.high.normal.r1.menu-camp,Covering,2
3123,149266.8073,64.6832,route.high.normal.r1.menu-camp,CoveredLoading,2
3124,149313.1635,46.3563,route.high.normal.r1.menu-camp,CoveredLoading,2
3125,149715.3175,402.1539,route.high.normal.r1.menu-camp,CoveredLoading,2
3126,150351.2845,635.9668,route.high.normal.r1.menu-camp,CoveredLoading,2
3127,150400.0254,48.7411,route.high.normal.r1.menu-camp,Preparing,2
3128,150456.2511,56.2258,route.high.normal.r1.menu-camp,Preparing,2
3129,150494.8819,38.6308,route.high.normal.r1.menu-camp,Revealing,2
3130,150531.3525,36.4705,route.high.normal.r1.menu-camp,Revealing,2
3131,150594.5419,63.1894,route.high.normal.r1.menu-camp,Revealing,2
3132,150649.8661,55.3242,route.high.normal.r1.menu-camp,Revealing,2
3133,150687.9368,38.0707,route.high.normal.r1.menu-camp,Revealing,2
3134,150741.391,53.4543,route.high.normal.r1.menu-camp,Revealing,2
3135,150834.9849,93.5939,route.high.normal.r1.menu-camp,Revealing,2
3136,150952.8043,117.8191,route.high.normal.r1.menu-camp,Revealing,2
3137,150999.3563,46.5523,route.high.normal.r1.menu-camp,Revealing,2
3138,151071.6531,72.2967,route.high.normal.r1.menu-camp,Revealing,2
3139,151111.717,40.064,route.high.normal.r1.menu-camp,Revealing,2
3140,151197.0519,85.3346,route.high.normal.r1.menu-camp,Revealing,2
3141,151267.8175,70.7658,route.high.normal.r1.menu-camp,Revealing,2
3142,151306.6906,38.8732,route.high.normal.r1.menu-camp,Revealing,2
3143,151363.2645,56.5738,route.high.normal.r1.menu-camp,Revealing,2
3144,151428.333,65.0686,route.high.normal.r1.menu-camp,Revealing,2
3145,151484.9299,56.5968,route.high.normal.r1.menu-camp,Revealing,2
3146,151535.6502,50.7203,route.high.normal.r1.menu-camp,Revealing,2
3147,151599.4936,63.8435,route.high.normal.r1.menu-camp,Revealing,2
3148,151638.8394,39.3455,route.high.normal.r1.menu-camp,Revealing,2
3149,151693.2841,54.4445,route.high.normal.r1.menu-camp,Revealing,2
3150,151751.4017,58.118,route.high.normal.r1.menu-camp,Revealing,2
3151,151794.5871,43.1855,route.high.normal.r1.menu-camp,Revealing,2
3152,151834.353,39.7658,route.high.normal.r1.menu-camp,Revealing,2
3153,151885.3184,50.9655,route.high.normal.r1.menu-camp,Revealing,2
3154,151913.8034,28.4849,route.high.normal.r1.menu-camp,Idle,2
3155,151967.4131,53.6097,audit.snapshot.route.high.normal.r1.menu-camp.ready,Idle,2
3156,152013.1221,45.7091,audit.snapshot.route.high.normal.r1.menu-camp.ready,Idle,2
3157,152034.7758,21.6536,audit.snapshot.route.high.normal.r1.menu-camp.ready,Idle,2
3158,152065.7982,31.0223,audit.snapshot.route.high.normal.r1.menu-camp.ready,Idle,2
3159,152132.8899,67.0919,audit.snapshot.route.high.normal.r1.menu-camp.ready,Idle,2
3160,152157.61,24.72,audit.snapshot.route.high.normal.r1.menu-camp.ready,Idle,2
3161,152201.5325,43.9226,audit.snapshot.route.high.normal.r1.menu-camp.ready,Idle,2
3162,152249.3451,47.8125,audit.snapshot.route.high.normal.r1.menu-camp.ready,Idle,2
3163,152284.1487,34.8037,audit.snapshot.route.high.normal.r1.menu-camp.ready,Idle,2
3164,152299.4535,15.3048,audit.snapshot.route.high.normal.r1.menu-camp.ready,Idle,2
3165,152354.3352,54.8816,audit.snapshot.route.high.normal.r1.menu-camp.ready,Idle,2
3166,152384.1107,29.7756,audit.snapshot.route.high.normal.r1.menu-camp.ready,Idle,2
3167,152427.5279,43.4172,audit.snapshot.route.high.normal.r1.menu-camp.ready,Idle,2
3168,152494.7194,67.1915,audit.snapshot.route.high.normal.r1.menu-camp.ready,Idle,2
3169,152530.1286,35.4091,audit.snapshot.route.high.normal.r1.menu-camp.ready,Idle,2
3170,152547.6346,17.506,audit.snapshot.route.high.normal.r1.menu-camp.ready,Idle,2
3171,152606.934,59.2995,audit.snapshot.route.high.normal.r1.menu-camp.ready,Idle,2
3172,152625.9723,19.0382,audit.snapshot.route.high.normal.r1.menu-camp.ready,Idle,2
3173,152668.8441,42.8719,audit.snapshot.route.high.normal.r1.menu-camp.ready,Idle,2
3174,152731.7593,62.9151,audit.snapshot.route.high.normal.r1.menu-camp.ready,Idle,2
3175,152753.7703,22.0109,route.high.normal.r1.camp-menu,Covering,2
3176,152829.1216,75.3515,route.high.normal.r1.camp-menu,Covering,2
3177,152882.4107,53.2891,route.high.normal.r1.camp-menu,Covering,2
3178,152921.7995,39.3887,route.high.normal.r1.camp-menu,Covering,2
3179,152967.9729,46.1735,route.high.normal.r1.camp-menu,Covering,2
3180,153007.1673,39.1944,route.high.normal.r1.camp-menu,Covering,2
3181,153052.2061,45.0387,route.high.normal.r1.camp-menu,Covering,2
3182,153091.404,39.198,route.high.normal.r1.camp-menu,Covering,2
3183,153160.7418,69.3377,route.high.normal.r1.camp-menu,Covering,2
3184,153215.5371,54.7953,route.high.normal.r1.camp-menu,Covering,2
3185,153268.087,52.55,route.high.normal.r1.camp-menu,Covering,2
3186,153320.9773,52.8902,route.high.normal.r1.camp-menu,Covering,2
3187,153368.6845,47.7072,route.high.normal.r1.camp-menu,Covering,2
3188,153405.2729,36.5884,route.high.normal.r1.camp-menu,Covering,2
3189,153465.9193,60.6465,route.high.normal.r1.camp-menu,Covering,2
3190,153521.3779,55.4585,route.high.normal.r1.camp-menu,Covering,2
3191,153558.8666,37.4887,route.high.normal.r1.camp-menu,Covering,2
3192,153617.5777,58.7112,route.high.normal.r1.camp-menu,Covering,2
3193,153670.1506,52.5729,route.high.normal.r1.camp-menu,Covering,2
3194,153707.3707,37.22,route.high.normal.r1.camp-menu,Covering,2
3195,153745.5259,38.1552,route.high.normal.r1.camp-menu,Covering,2
3196,153824.1257,78.5998,route.high.normal.r1.camp-menu,Covering,2
3197,153864.2351,40.1095,route.high.normal.r1.camp-menu,Covering,2
3198,153924.8185,60.5832,route.high.normal.r1.camp-menu,Covering,2
3199,153983.8672,59.0488,route.high.normal.r1.camp-menu,Covering,2
3200,154021.1151,37.248,route.high.normal.r1.camp-menu,Covering,2
3201,154094.133,73.0179,route.high.normal.r1.camp-menu,Covering,2
3202,154133.8602,39.7271,route.high.normal.r1.camp-menu,Covering,2
3203,154197.4558,63.5957,route.high.normal.r1.camp-menu,Covering,2
3204,154234.2496,36.7936,route.high.normal.r1.camp-menu,Covering,2
3205,154295.2362,60.9867,route.high.normal.r1.camp-menu,Covering,2
3206,154359.3299,64.0938,route.high.normal.r1.camp-menu,Covering,2
3207,154397.8338,38.5037,route.high.normal.r1.camp-menu,CoveredLoading,2
3208,154444.0562,46.2225,route.high.normal.r1.camp-menu,CoveredLoading,2
3209,154925.7957,481.7396,route.high.normal.r1.camp-menu,CoveredLoading,2
3210,155739.0789,813.283,route.high.normal.r1.camp-menu,CoveredLoading,2
3211,155784.032,44.9533,route.high.normal.r1.camp-menu,Preparing,2
3212,155821.31,37.2779,route.high.normal.r1.camp-menu,Revealing,2
3213,155879.8338,58.5238,route.high.normal.r1.camp-menu,Revealing,2
3214,155928.9702,49.1365,route.high.normal.r1.camp-menu,Revealing,2
3215,155965.28,36.3098,route.high.normal.r1.camp-menu,Revealing,2
3216,156009.2826,44.0025,route.high.normal.r1.camp-menu,Revealing,2
3217,156049.1325,39.8499,route.high.normal.r1.camp-menu,Revealing,2
3218,156113.1617,64.0292,route.high.normal.r1.camp-menu,Revealing,2
3219,156172.5738,59.4122,route.high.normal.r1.camp-menu,Revealing,2
3220,156241.6745,69.1004,route.high.normal.r1.camp-menu,Revealing,2
3221,156277.8906,36.2164,route.high.normal.r1.camp-menu,Revealing,2
3222,156313.0224,35.1317,route.high.normal.r1.camp-menu,Revealing,2
3223,156379.4887,66.4664,route.high.normal.r1.camp-menu,Revealing,2
3224,156426.297,46.8083,route.high.normal.r1.camp-menu,Revealing,2
3225,156462.2094,35.9124,route.high.normal.r1.camp-menu,Revealing,2
3226,156502.6014,40.392,route.high.normal.r1.camp-menu,Revealing,2
3227,156541.4401,38.8387,route.high.normal.r1.camp-menu,Revealing,2
3228,156598.2114,56.7713,route.high.normal.r1.camp-menu,Revealing,2
3229,156658.1651,59.9536,route.high.normal.r1.camp-menu,Revealing,2
3230,156695.2887,37.1237,route.high.normal.r1.camp-menu,Revealing,2
3231,156731.0727,35.784,route.high.normal.r1.camp-menu,Revealing,2
3232,156767.3716,36.2988,route.high.normal.r1.camp-menu,Revealing,2
3233,156828.0113,60.6398,route.high.normal.r1.camp-menu,Revealing,2
3234,156868.141,40.1297,route.high.normal.r1.camp-menu,Revealing,2
3235,156903.5033,35.3622,route.high.normal.r1.camp-menu,Revealing,2
3236,156939.8898,36.3866,route.high.normal.r1.camp-menu,Revealing,2
3237,156975.5279,35.638,route.high.normal.r1.camp-menu,Revealing,2
3238,157019.8706,44.3427,route.high.normal.r1.camp-menu,Revealing,2
3239,157074.8379,54.9673,route.high.normal.r1.camp-menu,Revealing,2
3240,157110.2496,35.4117,route.high.normal.r1.camp-menu,Revealing,2
3241,157146.1305,35.8809,route.high.normal.r1.camp-menu,Revealing,2
3242,157182.0648,35.9343,route.high.normal.r1.camp-menu,Revealing,2
3243,157233.1697,51.1049,route.high.normal.r1.camp-menu,Revealing,2
3244,157266.0306,32.8609,route.high.normal.r1.camp-menu,Idle,2
3245,157309.541,43.5104,audit.snapshot.route.high.normal.r1.camp-menu.ready,Idle,2
3246,157334.4741,24.9332,audit.snapshot.route.high.normal.r1.camp-menu.ready,Idle,2
3247,157373.5975,39.1234,audit.snapshot.route.high.normal.r1.camp-menu.ready,Idle,2
3248,157428.56,54.9625,audit.snapshot.route.high.normal.r1.camp-menu.ready,Idle,2
3249,157481.1478,52.5876,audit.snapshot.route.high.normal.r1.camp-menu.ready,Idle,2
3250,157497.6428,16.4951,audit.snapshot.route.high.normal.r1.camp-menu.ready,Idle,2
3251,157531.7217,34.0789,audit.snapshot.route.high.normal.r1.camp-menu.ready,Idle,2
3252,157566.3957,34.674,audit.snapshot.route.high.normal.r1.camp-menu.ready,Idle,2
3253,157630.0351,63.6395,audit.snapshot.route.high.normal.r1.camp-menu.ready,Idle,2
3254,157656.6742,26.639,audit.snapshot.route.high.normal.r1.camp-menu.ready,Idle,2
3255,157679.1535,22.4794,audit.snapshot.route.high.normal.r1.camp-menu.ready,Idle,2
3256,157713.8336,34.68,audit.snapshot.route.high.normal.r1.camp-menu.ready,Idle,2
3257,157750.1171,36.2836,audit.snapshot.route.high.normal.r1.camp-menu.ready,Idle,2
3258,157798.4378,48.3204,audit.snapshot.route.high.normal.r1.camp-menu.ready,Idle,2
3259,157858.5489,60.1114,audit.snapshot.route.high.normal.r1.camp-menu.ready,Idle,2
3260,157869.391,10.8419,audit.snapshot.route.high.normal.r1.camp-menu.ready,Idle,2
3261,157914.0074,44.6164,audit.snapshot.route.high.normal.r1.camp-menu.ready,Idle,2
3262,157951.3855,37.3781,audit.snapshot.route.high.normal.r1.camp-menu.ready,Idle,2
3263,157999.4282,48.0428,audit.snapshot.route.high.normal.r1.camp-menu.ready,Idle,2
3264,158040.1531,40.725,audit.snapshot.route.high.normal.r1.camp-menu.ready,Idle,2
3265,158062.5192,22.3661,route.high.reduced.r1.menu-camp,Covering,2
3266,158105.9303,43.4111,route.high.reduced.r1.menu-camp,Covering,2
3267,158136.3708,30.4404,route.high.reduced.r1.menu-camp,Covering,2
3268,158171.5155,35.1447,route.high.reduced.r1.menu-camp,Covering,2
3269,158231.7808,60.2654,route.high.reduced.r1.menu-camp,Covering,2
3270,158246.5317,14.7508,route.high.reduced.r1.menu-camp,CoveredLoading,2
3271,158282.7622,36.2306,route.high.reduced.r1.menu-camp,CoveredLoading,2
3272,158695.9362,413.174,route.high.reduced.r1.menu-camp,CoveredLoading,2
3273,159293.5131,597.5766,route.high.reduced.r1.menu-camp,CoveredLoading,2
3274,159311.1468,17.6339,route.high.reduced.r1.menu-camp,Preparing,2
3275,159327.5339,16.3872,route.high.reduced.r1.menu-camp,Revealing,2
3276,159372.7902,45.2563,route.high.reduced.r1.menu-camp,Revealing,2
3277,159465.7138,92.9236,route.high.reduced.r1.menu-camp,Revealing,2
3278,159497.3846,31.6707,route.high.reduced.r1.menu-camp,Revealing,2
3279,159549.162,51.7774,route.high.reduced.r1.menu-camp,Idle,2
3280,159573.1431,23.9811,audit.snapshot.route.high.reduced.r1.menu-camp.ready,Idle,2
3281,159619.2017,46.0587,audit.snapshot.route.high.reduced.r1.menu-camp.ready,Idle,2
3282,159649.1058,29.9041,audit.snapshot.route.high.reduced.r1.menu-camp.ready,Idle,2
3283,159741.5138,92.4079,audit.snapshot.route.high.reduced.r1.menu-camp.ready,Idle,2
3284,159755.0208,13.5071,audit.snapshot.route.high.reduced.r1.menu-camp.ready,Idle,2
3285,159822.2851,67.2643,audit.snapshot.route.high.reduced.r1.menu-camp.ready,Idle,2
3286,159861.4616,39.1764,audit.snapshot.route.high.reduced.r1.menu-camp.ready,Idle,2
3287,159872.7576,11.2961,audit.snapshot.route.high.reduced.r1.menu-camp.ready,Idle,2
3288,159948.4231,75.6654,audit.snapshot.route.high.reduced.r1.menu-camp.ready,Idle,2
3289,159986.6223,38.1991,audit.snapshot.route.high.reduced.r1.menu-camp.ready,Idle,2
3290,160031.3046,44.6824,audit.snapshot.route.high.reduced.r1.menu-camp.ready,Idle,2
3291,160064.5448,33.2402,audit.snapshot.route.high.reduced.r1.menu-camp.ready,Idle,2
3292,160116.243,51.6982,audit.snapshot.route.high.reduced.r1.menu-camp.ready,Idle,2
3293,160149.837,33.5939,audit.snapshot.route.high.reduced.r1.menu-camp.ready,Idle,2
3294,160158.9839,9.147,audit.snapshot.route.high.reduced.r1.menu-camp.ready,Idle,2
3295,160194.4256,35.4417,audit.snapshot.route.high.reduced.r1.menu-camp.ready,Idle,2
3296,160230.1443,35.7188,audit.snapshot.route.high.reduced.r1.menu-camp.ready,Idle,2
3297,160295.3026,65.1582,audit.snapshot.route.high.reduced.r1.menu-camp.ready,Idle,2
3298,160339.3022,43.9997,audit.snapshot.route.high.reduced.r1.menu-camp.ready,Idle,2
3299,160362.4634,23.1612,audit.snapshot.route.high.reduced.r1.menu-camp.ready,Idle,2
3300,160400.6185,38.1551,route.high.reduced.r1.camp-menu,Covering,2
3301,160432.4807,31.8621,route.high.reduced.r1.camp-menu,Covering,2
3302,160464.9785,32.4978,route.high.reduced.r1.camp-menu,Covering,2
3303,160505.8708,40.8924,route.high.reduced.r1.camp-menu,Covering,2
3304,160571.465,65.5942,route.high.reduced.r1.camp-menu,CoveredLoading,2
3305,160605.0711,33.606,route.high.reduced.r1.camp-menu,CoveredLoading,2
3306,161094.0359,488.9649,route.high.reduced.r1.camp-menu,CoveredLoading,2
3307,161967.6463,873.6102,route.high.reduced.r1.camp-menu,CoveredLoading,2
3308,161989.4925,21.8464,route.high.reduced.r1.camp-menu,Preparing,2
3309,162017.8858,28.3933,route.high.reduced.r1.camp-menu,Revealing,2
3310,162058.8943,41.0084,route.high.reduced.r1.camp-menu,Revealing,2
3311,162124.7812,65.887,route.high.reduced.r1.camp-menu,Revealing,2
3312,162146.6022,21.8208,route.high.reduced.r1.camp-menu,Revealing,2
3313,162200.4322,53.8301,route.high.reduced.r1.camp-menu,Revealing,2
3314,162268.9597,68.5276,route.high.reduced.r1.camp-menu,Idle,2
3315,162332.4998,63.5401,audit.snapshot.route.high.reduced.r1.camp-menu.ready,Idle,2
3316,162362.5884,30.0885,audit.snapshot.route.high.reduced.r1.camp-menu.ready,Idle,2
3317,162446.9057,84.317,audit.snapshot.route.high.reduced.r1.camp-menu.ready,Idle,2
3318,162472.3588,25.4533,audit.snapshot.route.high.reduced.r1.camp-menu.ready,Idle,2
3319,162501.6034,29.2447,audit.snapshot.route.high.reduced.r1.camp-menu.ready,Idle,2
3320,162551.4516,49.8482,audit.snapshot.route.high.reduced.r1.camp-menu.ready,Idle,2
3321,162576.1334,24.6818,audit.snapshot.route.high.reduced.r1.camp-menu.ready,Idle,2
3322,162611.133,34.9996,audit.snapshot.route.high.reduced.r1.camp-menu.ready,Idle,2
3323,162657.4499,46.3168,audit.snapshot.route.high.reduced.r1.camp-menu.ready,Idle,2
3324,162683.6769,26.227,audit.snapshot.route.high.reduced.r1.camp-menu.ready,Idle,2
3325,162752.0804,68.4036,audit.snapshot.route.high.reduced.r1.camp-menu.ready,Idle,2
3326,162778.1097,26.0293,audit.snapshot.route.high.reduced.r1.camp-menu.ready,Idle,2
3327,162815.2196,37.1099,audit.snapshot.route.high.reduced.r1.camp-menu.ready,Idle,2
3328,162866.3274,51.1078,audit.snapshot.route.high.reduced.r1.camp-menu.ready,Idle,2
3329,162892.5309,26.2035,audit.snapshot.route.high.reduced.r1.camp-menu.ready,Idle,2
3330,162921.3093,28.7784,audit.snapshot.route.high.reduced.r1.camp-menu.ready,Idle,2
3331,162960.0385,38.7293,audit.snapshot.route.high.reduced.r1.camp-menu.ready,Idle,2
3332,163022.2385,62.2,audit.snapshot.route.high.reduced.r1.camp-menu.ready,Idle,2
3333,163040.7942,18.5556,audit.snapshot.route.high.reduced.r1.camp-menu.ready,Idle,2
3334,163090.3676,49.5734,audit.snapshot.route.high.reduced.r1.camp-menu.ready,Idle,2
3335,163105.3261,14.9586,route.high.normal.r2.menu-camp,Covering,2
3336,163173.356,68.0299,route.high.normal.r2.menu-camp,Covering,2
3337,163210.9275,37.5714,route.high.normal.r2.menu-camp,Covering,2
3338,163260.755,49.8276,route.high.normal.r2.menu-camp,Covering,2
3339,163296.4322,35.6771,route.high.normal.r2.menu-camp,Covering,2
3340,163336.1309,39.6988,route.high.normal.r2.menu-camp,Covering,2
3341,163378.871,42.74,route.high.normal.r2.menu-camp,Covering,2
3342,163433.1823,54.311,route.high.normal.r2.menu-camp,Covering,2
3343,163475.9022,42.7202,route.high.normal.r2.menu-camp,Covering,2
3344,163518.0471,42.1449,route.high.normal.r2.menu-camp,Covering,2
3345,163559.5523,41.5052,route.high.normal.r2.menu-camp,Covering,2
3346,163598.3645,38.8122,route.high.normal.r2.menu-camp,Covering,2
3347,163650.1267,51.762,route.high.normal.r2.menu-camp,Covering,2
3348,163706.6415,56.515,route.high.normal.r2.menu-camp,Covering,2
3349,163743.3542,36.7128,route.high.normal.r2.menu-camp,Covering,2
3350,163785.0311,41.6768,route.high.normal.r2.menu-camp,Covering,2
3351,163821.5881,36.557,route.high.normal.r2.menu-camp,Covering,2
3352,163879.2184,57.6303,route.high.normal.r2.menu-camp,Covering,2
3353,163918.9231,39.7047,route.high.normal.r2.menu-camp,Covering,2
3354,163963.9111,44.988,route.high.normal.r2.menu-camp,Covering,2
3355,164002.647,38.7358,route.high.normal.r2.menu-camp,Covering,2
3356,164051.3836,48.7366,route.high.normal.r2.menu-camp,Covering,2
3357,164087.5418,36.1584,route.high.normal.r2.menu-camp,Covering,2
3358,164142.4874,54.9455,route.high.normal.r2.menu-camp,Covering,2
3359,164179.9227,37.4353,route.high.normal.r2.menu-camp,Covering,2
3360,164226.6595,46.7369,route.high.normal.r2.menu-camp,Covering,2
3361,164264.0283,37.3687,route.high.normal.r2.menu-camp,Covering,2
3362,164320.9769,56.9487,route.high.normal.r2.menu-camp,Covering,2
3363,164373.5376,52.5606,route.high.normal.r2.menu-camp,Covering,2
3364,164409.093,35.5555,route.high.normal.r2.menu-camp,Covering,2
3365,164459.0816,49.9885,route.high.normal.r2.menu-camp,Covering,2
3366,164515.3797,56.2981,route.high.normal.r2.menu-camp,Covering,2
3367,164563.9254,48.5458,route.high.normal.r2.menu-camp,Covering,2
3368,164623.8854,59.9599,route.high.normal.r2.menu-camp,Covering,2
3369,164660.2364,36.351,route.high.normal.r2.menu-camp,Covering,2
3370,164697.9841,37.7477,route.high.normal.r2.menu-camp,Covering,2
3371,164752.0429,54.0588,route.high.normal.r2.menu-camp,CoveredLoading,2
3372,164816.3693,64.3265,route.high.normal.r2.menu-camp,CoveredLoading,2
3373,165188.2525,371.8832,route.high.normal.r2.menu-camp,CoveredLoading,2
3374,165868.9428,680.69,route.high.normal.r2.menu-camp,CoveredLoading,2
3375,165913.8542,44.9116,route.high.normal.r2.menu-camp,Preparing,2
3376,165974.9018,61.0476,route.high.normal.r2.menu-camp,Revealing,2
3377,166032.6111,57.7093,route.high.normal.r2.menu-camp,Revealing,2
3378,166072.5839,39.9728,route.high.normal.r2.menu-camp,Revealing,2
3379,166114.7735,42.1897,route.high.normal.r2.menu-camp,Revealing,2
3380,166192.3844,77.6109,route.high.normal.r2.menu-camp,Revealing,2
3381,166258.0483,65.6638,route.high.normal.r2.menu-camp,Revealing,2
3382,166296.4898,38.4415,route.high.normal.r2.menu-camp,Revealing,2
3383,166360.4621,63.9724,route.high.normal.r2.menu-camp,Revealing,2
3384,166474.9495,114.4868,route.high.normal.r2.menu-camp,Revealing,2
3385,166519.8305,44.8721,route.high.normal.r2.menu-camp,Revealing,2
3386,166560.4695,40.6484,route.high.normal.r2.menu-camp,Revealing,2
3387,166642.2044,81.7348,route.high.normal.r2.menu-camp,Revealing,2
3388,166686.3307,44.1265,route.high.normal.r2.menu-camp,Revealing,2
3389,166755.7,69.3692,route.high.normal.r2.menu-camp,Revealing,2
3390,166795.0816,39.3816,route.high.normal.r2.menu-camp,Revealing,2
3391,166840.544,45.4624,route.high.normal.r2.menu-camp,Revealing,2
3392,166903.0884,62.5444,route.high.normal.r2.menu-camp,Revealing,2
3393,166940.0842,36.9959,route.high.normal.r2.menu-camp,Revealing,2
3394,166985.9392,45.855,route.high.normal.r2.menu-camp,Revealing,2
3395,167023.114,37.1748,route.high.normal.r2.menu-camp,Revealing,2
3396,167082.8501,59.7361,route.high.normal.r2.menu-camp,Revealing,2
3397,167119.9622,37.112,route.high.normal.r2.menu-camp,Revealing,2
3398,167176.1118,56.1496,route.high.normal.r2.menu-camp,Revealing,2
3399,167227.2264,51.1146,route.high.normal.r2.menu-camp,Revealing,2
3400,167263.8842,36.6578,route.high.normal.r2.menu-camp,Revealing,2
3401,167314.4551,50.5708,route.high.normal.r2.menu-camp,Revealing,2
3402,167379.8363,65.3814,route.high.normal.r2.menu-camp,Idle,2
3403,167395.7374,15.901,audit.snapshot.route.high.normal.r2.menu-camp.ready,Idle,2
3404,167481.2924,85.5551,audit.snapshot.route.high.normal.r2.menu-camp.ready,Idle,2
3405,167533.6166,52.3242,audit.snapshot.route.high.normal.r2.menu-camp.ready,Idle,2
3406,167564.1586,30.542,audit.snapshot.route.high.normal.r2.menu-camp.ready,Idle,2
3407,167600.0427,35.884,audit.snapshot.route.high.normal.r2.menu-camp.ready,Idle,2
3408,167661.7432,61.7006,audit.snapshot.route.high.normal.r2.menu-camp.ready,Idle,2
3409,167716.8945,55.1512,audit.snapshot.route.high.normal.r2.menu-camp.ready,Idle,2
3410,167778.6015,61.7071,audit.snapshot.route.high.normal.r2.menu-camp.ready,Idle,2
3411,167835.6867,57.0852,audit.snapshot.route.high.normal.r2.menu-camp.ready,Idle,2
3412,167863.9141,28.2273,audit.snapshot.route.high.normal.r2.menu-camp.ready,Idle,2
3413,167931.9128,67.9987,audit.snapshot.route.high.normal.r2.menu-camp.ready,Idle,2
3414,167960.2563,28.3435,audit.snapshot.route.high.normal.r2.menu-camp.ready,Idle,2
3415,168003.3189,43.0627,audit.snapshot.route.high.normal.r2.menu-camp.ready,Idle,2
3416,168048.4821,45.1631,audit.snapshot.route.high.normal.r2.menu-camp.ready,Idle,2
3417,168114.6028,66.1207,audit.snapshot.route.high.normal.r2.menu-camp.ready,Idle,2
3418,168152.0235,37.4207,audit.snapshot.route.high.normal.r2.menu-camp.ready,Idle,2
3419,168178.611,26.5876,audit.snapshot.route.high.normal.r2.menu-camp.ready,Idle,2
3420,168234.6102,55.9992,audit.snapshot.route.high.normal.r2.menu-camp.ready,Idle,2
3421,168268.7867,34.1765,audit.snapshot.route.high.normal.r2.menu-camp.ready,Idle,2
3422,168295.3676,26.5808,audit.snapshot.route.high.normal.r2.menu-camp.ready,Idle,2
3423,168330.81,35.4425,route.high.normal.r2.camp-menu,Covering,2
3424,168405.4159,74.6059,route.high.normal.r2.camp-menu,Covering,2
3425,168460.748,55.332,route.high.normal.r2.camp-menu,Covering,2
3426,168506.5924,45.8444,route.high.normal.r2.camp-menu,Covering,2
3427,168545.5247,38.9324,route.high.normal.r2.camp-menu,Covering,2
3428,168607.438,61.9133,route.high.normal.r2.camp-menu,Covering,2
3429,168659.0874,51.6492,route.high.normal.r2.camp-menu,Covering,2
3430,168700.6899,41.6026,route.high.normal.r2.camp-menu,Covering,2
3431,168751.7334,51.0435,route.high.normal.r2.camp-menu,Covering,2
3432,168801.8181,50.0848,route.high.normal.r2.camp-menu,Covering,2
3433,168858.6319,56.8138,route.high.normal.r2.camp-menu,Covering,2
3434,168907.2209,48.589,route.high.normal.r2.camp-menu,Covering,2
3435,168963.3394,56.1185,route.high.normal.r2.camp-menu,Covering,2
3436,169002.3803,39.0409,route.high.normal.r2.camp-menu,Covering,2
3437,169064.8023,62.422,route.high.normal.r2.camp-menu,Covering,2
3438,169106.7538,41.9514,route.high.normal.r2.camp-menu,Covering,2
3439,169154.137,47.3833,route.high.normal.r2.camp-menu,Covering,2
3440,169191.4659,37.3288,route.high.normal.r2.camp-menu,Covering,2
3441,169243.1158,51.65,route.high.normal.r2.camp-menu,Covering,2
3442,169315.116,72.0002,route.high.normal.r2.camp-menu,Covering,2
3443,169371.0247,55.9087,route.high.normal.r2.camp-menu,Covering,2
3444,169408.3043,37.2796,route.high.normal.r2.camp-menu,Covering,2
3445,169471.4201,63.1158,route.high.normal.r2.camp-menu,Covering,2
3446,169515.0693,43.6492,route.high.normal.r2.camp-menu,Covering,2
3447,169552.3102,37.2408,route.high.normal.r2.camp-menu,Covering,2
3448,169622.4056,70.0955,route.high.normal.r2.camp-menu,Covering,2
3449,169681.818,59.4124,route.high.normal.r2.camp-menu,Covering,2
3450,169735.4634,53.6454,route.high.normal.r2.camp-menu,Covering,2
3451,169792.1943,56.7308,route.high.normal.r2.camp-menu,Covering,2
3452,169831.9001,39.7058,route.high.normal.r2.camp-menu,Covering,2
3453,169897.6394,65.7394,route.high.normal.r2.camp-menu,Covering,2
3454,169949.3606,51.721,route.high.normal.r2.camp-menu,CoveredLoading,2
3455,170006.7753,57.4149,route.high.normal.r2.camp-menu,CoveredLoading,2
3456,170436.1515,429.3762,route.high.normal.r2.camp-menu,CoveredLoading,2
3457,171292.9894,856.8377,route.high.normal.r2.camp-menu,CoveredLoading,2
3458,171339.5526,46.5634,route.high.normal.r2.camp-menu,Preparing,2
3459,171400.7082,61.1554,route.high.normal.r2.camp-menu,Revealing,2
3460,171436.2848,35.5767,route.high.normal.r2.camp-menu,Revealing,2
3461,171475.2989,39.0141,route.high.normal.r2.camp-menu,Revealing,2
3462,171535.2879,59.989,route.high.normal.r2.camp-menu,Revealing,2
3463,171587.0667,51.7788,route.high.normal.r2.camp-menu,Revealing,2
3464,171640.8078,53.7411,route.high.normal.r2.camp-menu,Revealing,2
3465,171701.4682,60.6604,route.high.normal.r2.camp-menu,Revealing,2
3466,171738.7366,37.2684,route.high.normal.r2.camp-menu,Revealing,2
3467,171830.6913,91.9543,route.high.normal.r2.camp-menu,Revealing,2
3468,171866.7474,36.0565,route.high.normal.r2.camp-menu,Revealing,2
3469,171924.3638,57.6164,route.high.normal.r2.camp-menu,Revealing,2
3470,171962.2437,37.8798,route.high.normal.r2.camp-menu,Revealing,2
3471,172014.2544,52.0109,route.high.normal.r2.camp-menu,Revealing,2
3472,172049.8773,35.6228,route.high.normal.r2.camp-menu,Revealing,2
3473,172090.4501,40.5729,route.high.normal.r2.camp-menu,Revealing,2
3474,172151.7285,61.2783,route.high.normal.r2.camp-menu,Revealing,2
3475,172199.4874,47.7589,route.high.normal.r2.camp-menu,Revealing,2
3476,172234.9545,35.4672,route.high.normal.r2.camp-menu,Revealing,2
3477,172295.5435,60.589,route.high.normal.r2.camp-menu,Revealing,2
3478,172332.1081,36.5644,route.high.normal.r2.camp-menu,Revealing,2
3479,172395.3724,63.2644,route.high.normal.r2.camp-menu,Revealing,2
3480,172450.9169,55.5443,route.high.normal.r2.camp-menu,Revealing,2
3481,172486.0222,35.1055,route.high.normal.r2.camp-menu,Revealing,2
3482,172532.9235,46.9014,route.high.normal.r2.camp-menu,Revealing,2
3483,172570.0813,37.1577,route.high.normal.r2.camp-menu,Revealing,2
3484,172618.2025,48.1212,route.high.normal.r2.camp-menu,Revealing,2
3485,172656.9425,38.74,route.high.normal.r2.camp-menu,Revealing,2
3486,172693.2803,36.3378,route.high.normal.r2.camp-menu,Revealing,2
3487,172752.5407,59.2603,route.high.normal.r2.camp-menu,Revealing,2
3488,172774.3211,21.7806,route.high.normal.r2.camp-menu,Idle,2
3489,172811.6164,37.2953,audit.snapshot.route.high.normal.r2.camp-menu.ready,Idle,2
3490,172871.8378,60.2214,audit.snapshot.route.high.normal.r2.camp-menu.ready,Idle,2
3491,172888.9219,17.084,audit.snapshot.route.high.normal.r2.camp-menu.ready,Idle,2
3492,172946.7378,57.8159,audit.snapshot.route.high.normal.r2.camp-menu.ready,Idle,2
3493,172982.4249,35.6872,audit.snapshot.route.high.normal.r2.camp-menu.ready,Idle,2
3494,173004.9414,22.5164,audit.snapshot.route.high.normal.r2.camp-menu.ready,Idle,2
3495,173048.9824,44.0411,audit.snapshot.route.high.normal.r2.camp-menu.ready,Idle,2
3496,173080.7706,31.7882,audit.snapshot.route.high.normal.r2.camp-menu.ready,Idle,2
3497,173139.3344,58.5637,audit.snapshot.route.high.normal.r2.camp-menu.ready,Idle,2
3498,173161.029,21.6946,audit.snapshot.route.high.normal.r2.camp-menu.ready,Idle,2
3499,173198.6216,37.5926,audit.snapshot.route.high.normal.r2.camp-menu.ready,Idle,2
3500,173262.8012,64.1796,audit.snapshot.route.high.normal.r2.camp-menu.ready,Idle,2
3501,173309.2023,46.4012,audit.snapshot.route.high.normal.r2.camp-menu.ready,Idle,2
3502,173338.7007,29.4984,audit.snapshot.route.high.normal.r2.camp-menu.ready,Idle,2
3503,173366.2859,27.5851,audit.snapshot.route.high.normal.r2.camp-menu.ready,Idle,2
3504,173412.3737,46.0878,audit.snapshot.route.high.normal.r2.camp-menu.ready,Idle,2
3505,173452.5682,40.1944,audit.snapshot.route.high.normal.r2.camp-menu.ready,Idle,2
3506,173473.9718,21.4037,audit.snapshot.route.high.normal.r2.camp-menu.ready,Idle,2
3507,173529.5747,55.6028,audit.snapshot.route.high.normal.r2.camp-menu.ready,Idle,2
3508,173568.075,38.5005,audit.snapshot.route.high.normal.r2.camp-menu.ready,Idle,2
3509,173592.8744,24.7993,route.high.reduced.r2.menu-camp,Covering,2
3510,173649.7831,56.9087,route.high.reduced.r2.menu-camp,Covering,2
3511,173665.5135,15.7305,route.high.reduced.r2.menu-camp,Covering,2
3512,173727.0693,61.5558,route.high.reduced.r2.menu-camp,Covering,2
3513,173761.3375,34.2682,route.high.reduced.r2.menu-camp,CoveredLoading,2
3514,173782.5585,21.221,route.high.reduced.r2.menu-camp,CoveredLoading,2
3515,174160.0649,377.5064,route.high.reduced.r2.menu-camp,CoveredLoading,2
3516,174821.9369,661.8718,route.high.reduced.r2.menu-camp,CoveredLoading,2
3517,174851.0674,29.1307,route.high.reduced.r2.menu-camp,Preparing,2
3518,174884.3064,33.2389,route.high.reduced.r2.menu-camp,Revealing,2
3519,174947.0023,62.6959,route.high.reduced.r2.menu-camp,Revealing,2
3520,174964.1129,17.1106,route.high.reduced.r2.menu-camp,Revealing,2
3521,175001.3176,37.2045,route.high.reduced.r2.menu-camp,Revealing,2
3522,175082.1381,80.8207,route.high.reduced.r2.menu-camp,Revealing,2
3523,175100.384,18.246,route.high.reduced.r2.menu-camp,Idle,2
3524,175166.4395,66.0554,audit.snapshot.route.high.reduced.r2.menu-camp.ready,Idle,2
3525,175194.1228,27.6834,audit.snapshot.route.high.reduced.r2.menu-camp.ready,Idle,2
3526,175298.464,104.3408,audit.snapshot.route.high.reduced.r2.menu-camp.ready,Idle,2
3527,175307.5492,9.0856,audit.snapshot.route.high.reduced.r2.menu-camp.ready,Idle,2
3528,175384.3082,76.759,audit.snapshot.route.high.reduced.r2.menu-camp.ready,Idle,2
3529,175420.09,35.7817,audit.snapshot.route.high.reduced.r2.menu-camp.ready,Idle,2
3530,175489.782,69.6921,audit.snapshot.route.high.reduced.r2.menu-camp.ready,Idle,2
3531,175526.2747,36.4926,audit.snapshot.route.high.reduced.r2.menu-camp.ready,Idle,2
3532,175572.8959,46.6213,audit.snapshot.route.high.reduced.r2.menu-camp.ready,Idle,2
3533,175588.3263,15.4304,audit.snapshot.route.high.reduced.r2.menu-camp.ready,Idle,2
3534,175639.4471,51.1207,audit.snapshot.route.high.reduced.r2.menu-camp.ready,Idle,2
3535,175696.4935,57.0464,audit.snapshot.route.high.reduced.r2.menu-camp.ready,Idle,2
3536,175729.8348,33.3413,audit.snapshot.route.high.reduced.r2.menu-camp.ready,Idle,2
3537,175768.3908,38.556,audit.snapshot.route.high.reduced.r2.menu-camp.ready,Idle,2
3538,175821.8768,53.4859,audit.snapshot.route.high.reduced.r2.menu-camp.ready,Idle,2
3539,175865.7055,43.8288,audit.snapshot.route.high.reduced.r2.menu-camp.ready,Idle,2
3540,175904.7427,39.0372,audit.snapshot.route.high.reduced.r2.menu-camp.ready,Idle,2
3541,175940.258,35.5154,audit.snapshot.route.high.reduced.r2.menu-camp.ready,Idle,2
3542,175965.3412,25.0831,audit.snapshot.route.high.reduced.r2.menu-camp.ready,Idle,2
3543,176004.7517,39.4104,audit.snapshot.route.high.reduced.r2.menu-camp.ready,Idle,2
3544,176042.3865,37.635,route.high.reduced.r2.camp-menu,Covering,2
3545,176080.4334,38.0468,route.high.reduced.r2.camp-menu,Covering,2
3546,176128.7647,48.3313,route.high.reduced.r2.camp-menu,Covering,2
3547,176168.048,39.2833,route.high.reduced.r2.camp-menu,Covering,2
3548,176206.7129,38.665,route.high.reduced.r2.camp-menu,CoveredLoading,2
3549,176246.3908,39.6779,route.high.reduced.r2.camp-menu,CoveredLoading,2
3550,176668.9082,422.5173,route.high.reduced.r2.camp-menu,CoveredLoading,2
3551,177612.5475,943.639,route.high.reduced.r2.camp-menu,CoveredLoading,2
3552,177643.2877,30.7405,route.high.reduced.r2.camp-menu,Preparing,2
3553,177654.1164,10.8287,route.high.reduced.r2.camp-menu,Revealing,2
3554,177695.405,41.2887,route.high.reduced.r2.camp-menu,Revealing,2
3555,177730.303,34.8979,route.high.reduced.r2.camp-menu,Revealing,2
3556,177795.4585,65.1556,route.high.reduced.r2.camp-menu,Revealing,2
3557,177830.2416,34.783,route.high.reduced.r2.camp-menu,Revealing,2
3558,177843.1497,12.9082,route.high.reduced.r2.camp-menu,Idle,2
3559,177900.268,57.1181,audit.snapshot.route.high.reduced.r2.camp-menu.ready,Idle,2
3560,177923.518,23.2501,audit.snapshot.route.high.reduced.r2.camp-menu.ready,Idle,2
3561,178006.9051,83.387,audit.snapshot.route.high.reduced.r2.camp-menu.ready,Idle,2
3562,178018.575,11.6701,audit.snapshot.route.high.reduced.r2.camp-menu.ready,Idle,2
3563,178047.0811,28.506,audit.snapshot.route.high.reduced.r2.camp-menu.ready,Idle,2
3564,178075.0424,27.9613,audit.snapshot.route.high.reduced.r2.camp-menu.ready,Idle,2
3565,178109.5318,34.4895,audit.snapshot.route.high.reduced.r2.camp-menu.ready,Idle,2
3566,178183.4834,73.9515,audit.snapshot.route.high.reduced.r2.camp-menu.ready,Idle,2
3567,178220.8507,37.3673,audit.snapshot.route.high.reduced.r2.camp-menu.ready,Idle,2
3568,178246.8658,26.0151,audit.snapshot.route.high.reduced.r2.camp-menu.ready,Idle,2
3569,178296.6773,49.8115,audit.snapshot.route.high.reduced.r2.camp-menu.ready,Idle,2
3570,178344.9051,48.2278,audit.snapshot.route.high.reduced.r2.camp-menu.ready,Idle,2
3571,178376.9344,32.0294,audit.snapshot.route.high.reduced.r2.camp-menu.ready,Idle,2
3572,178394.0459,17.1114,audit.snapshot.route.high.reduced.r2.camp-menu.ready,Idle,2
3573,178429.3412,35.2954,audit.snapshot.route.high.reduced.r2.camp-menu.ready,Idle,2
3574,178473.6652,44.3239,audit.snapshot.route.high.reduced.r2.camp-menu.ready,Idle,2
3575,178510.996,37.3308,audit.snapshot.route.high.reduced.r2.camp-menu.ready,Idle,2
3576,178565.1504,54.1544,audit.snapshot.route.high.reduced.r2.camp-menu.ready,Idle,2
3577,178583.3064,18.1561,audit.snapshot.route.high.reduced.r2.camp-menu.ready,Idle,2
3578,178640.1478,56.8412,audit.snapshot.route.high.reduced.r2.camp-menu.ready,Idle,2
3579,178666.4591,26.3112,route.high.normal.r3.menu-camp,Covering,2
3580,178777.7699,111.311,route.high.normal.r3.menu-camp,Covering,2
3581,178844.1344,66.3646,route.high.normal.r3.menu-camp,Covering,2
3582,178882.3085,38.1741,route.high.normal.r3.menu-camp,Covering,2
3583,178935.2075,52.8989,route.high.normal.r3.menu-camp,Covering,2
3584,178977.1563,41.9488,route.high.normal.r3.menu-camp,Covering,2
3585,179027.782,50.6257,route.high.normal.r3.menu-camp,Covering,2
3586,179098.5808,70.7988,route.high.normal.r3.menu-camp,Covering,2
3587,179135.32,36.7392,route.high.normal.r3.menu-camp,Covering,2
3588,179171.1675,35.8476,route.high.normal.r3.menu-camp,Covering,2
3589,179239.1168,67.9492,route.high.normal.r3.menu-camp,Covering,2
3590,179295.0604,55.9436,route.high.normal.r3.menu-camp,Covering,2
3591,179334.4073,39.3469,route.high.normal.r3.menu-camp,Covering,2
3592,179381.0838,46.6766,route.high.normal.r3.menu-camp,Covering,2
3593,179421.0501,39.9662,route.high.normal.r3.menu-camp,Covering,2
3594,179475.1983,54.1483,route.high.normal.r3.menu-camp,Covering,2
3595,179525.422,50.2237,route.high.normal.r3.menu-camp,Covering,2
3596,179598.1496,72.7276,route.high.normal.r3.menu-camp,Covering,2
3597,179633.7795,35.6299,route.high.normal.r3.menu-camp,Covering,2
3598,179689.7534,55.9738,route.high.normal.r3.menu-camp,Covering,2
3599,179758.0512,68.2979,route.high.normal.r3.menu-camp,Covering,2
3600,179809.8378,51.7865,route.high.normal.r3.menu-camp,Covering,2
3601,179849.4364,39.5987,route.high.normal.r3.menu-camp,Covering,2
3602,179885.4717,36.0353,route.high.normal.r3.menu-camp,Covering,2
3603,179927.9651,42.4933,route.high.normal.r3.menu-camp,Covering,2
3604,179990.3654,62.4002,route.high.normal.r3.menu-camp,Covering,2
3605,180032.6952,42.3299,route.high.normal.r3.menu-camp,Covering,2
3606,180109.9108,77.2156,route.high.normal.r3.menu-camp,Covering,2
3607,180148.2255,38.3147,route.high.normal.r3.menu-camp,Covering,2
3608,180189.7266,41.5012,route.high.normal.r3.menu-camp,Covering,2
3609,180250.3895,60.6628,route.high.normal.r3.menu-camp,Covering,2
3610,180287.4092,37.0198,route.high.normal.r3.menu-camp,CoveredLoading,2
3611,180330.6864,43.2771,route.high.normal.r3.menu-camp,CoveredLoading,2
3612,180721.9429,391.2567,route.high.normal.r3.menu-camp,CoveredLoading,2
3613,181456.4974,734.5541,route.high.normal.r3.menu-camp,CoveredLoading,2
3614,181498.189,41.6918,route.high.normal.r3.menu-camp,Preparing,2
3615,181553.3207,55.1318,route.high.normal.r3.menu-camp,Revealing,2
3616,181611.0822,57.7613,route.high.normal.r3.menu-camp,Revealing,2
3617,181658.5201,47.4379,route.high.normal.r3.menu-camp,Revealing,2
3618,181739.9598,81.4396,route.high.normal.r3.menu-camp,Revealing,2
3619,181801.2062,61.2466,route.high.normal.r3.menu-camp,Revealing,2
3620,181872.2125,71.0063,route.high.normal.r3.menu-camp,Revealing,2
3621,181912.2829,40.0705,route.high.normal.r3.menu-camp,Revealing,2
3622,181964.9486,52.6657,route.high.normal.r3.menu-camp,Revealing,2
3623,182090.5457,125.5966,route.high.normal.r3.menu-camp,Revealing,2
3624,182131.9389,41.3936,route.high.normal.r3.menu-camp,Revealing,2
3625,182216.118,84.1791,route.high.normal.r3.menu-camp,Revealing,2
3626,182279.7178,63.5998,route.high.normal.r3.menu-camp,Revealing,2
3627,182322.5064,42.7886,route.high.normal.r3.menu-camp,Revealing,2
3628,182384.4718,61.9654,route.high.normal.r3.menu-camp,Revealing,2
3629,182469.6493,85.1774,route.high.normal.r3.menu-camp,Revealing,2
3630,182514.7885,45.1394,route.high.normal.r3.menu-camp,Revealing,2
3631,182586.4801,71.6916,route.high.normal.r3.menu-camp,Revealing,2
3632,182641.4131,54.9329,route.high.normal.r3.menu-camp,Revealing,2
3633,182697.578,56.1649,route.high.normal.r3.menu-camp,Revealing,2
3634,182738.5973,41.0193,route.high.normal.r3.menu-camp,Revealing,2
3635,182800.9262,62.3288,route.high.normal.r3.menu-camp,Revealing,2
3636,182861.5303,60.6043,route.high.normal.r3.menu-camp,Revealing,2
3637,182933.4163,71.8859,route.high.normal.r3.menu-camp,Revealing,2
3638,182961.5814,28.165,route.high.normal.r3.menu-camp,Idle,2
3639,183010.7114,49.1301,audit.snapshot.route.high.normal.r3.menu-camp.ready,Idle,2
3640,183091.4938,80.7824,audit.snapshot.route.high.normal.r3.menu-camp.ready,Idle,2
3641,183134.3203,42.8265,audit.snapshot.route.high.normal.r3.menu-camp.ready,Idle,2
3642,183198.0076,63.6873,audit.snapshot.route.high.normal.r3.menu-camp.ready,Idle,2
3643,183268.2274,70.2198,audit.snapshot.route.high.normal.r3.menu-camp.ready,Idle,2
3644,183310.9985,42.7712,audit.snapshot.route.high.normal.r3.menu-camp.ready,Idle,2
3645,183373.6834,62.6848,audit.snapshot.route.high.normal.r3.menu-camp.ready,Idle,2
3646,183428.1815,54.4981,audit.snapshot.route.high.normal.r3.menu-camp.ready,Idle,2
3647,183483.4594,55.2778,audit.snapshot.route.high.normal.r3.menu-camp.ready,Idle,2
3648,183540.9336,57.4744,audit.snapshot.route.high.normal.r3.menu-camp.ready,Idle,2
3649,183600.7178,59.7842,audit.snapshot.route.high.normal.r3.menu-camp.ready,Idle,2
3650,183632.1595,31.4416,audit.snapshot.route.high.normal.r3.menu-camp.ready,Idle,2
3651,183713.2404,81.081,audit.snapshot.route.high.normal.r3.menu-camp.ready,Idle,2
3652,183751.4483,38.2079,audit.snapshot.route.high.normal.r3.menu-camp.ready,Idle,2
3653,183817.8596,66.4112,audit.snapshot.route.high.normal.r3.menu-camp.ready,Idle,2
3654,183885.5659,67.7062,audit.snapshot.route.high.normal.r3.menu-camp.ready,Idle,2
3655,183933.6515,48.0858,audit.snapshot.route.high.normal.r3.menu-camp.ready,Idle,2
3656,183990.8862,57.234,audit.snapshot.route.high.normal.r3.menu-camp.ready,Idle,2
3657,184052.5695,61.6839,audit.snapshot.route.high.normal.r3.menu-camp.ready,Idle,2
3658,184083.9665,31.397,audit.snapshot.route.high.normal.r3.menu-camp.ready,Idle,2
3659,184157.9289,73.9625,route.high.normal.r3.camp-menu,Covering,2
3660,184233.0783,75.1493,route.high.normal.r3.camp-menu,Covering,2
3661,184296.4848,63.4065,route.high.normal.r3.camp-menu,Covering,2
3662,184361.9232,65.4385,route.high.normal.r3.camp-menu,Covering,2
3663,184424.6335,62.7101,route.high.normal.r3.camp-menu,Covering,2
3664,184484.4623,59.829,route.high.normal.r3.camp-menu,Covering,2
3665,184539.9409,55.4785,route.high.normal.r3.camp-menu,Covering,2
3666,184576.7087,36.7679,route.high.normal.r3.camp-menu,Covering,2
3667,184638.1628,61.454,route.high.normal.r3.camp-menu,Covering,2
3668,184685.9506,47.7877,route.high.normal.r3.camp-menu,Covering,2
3669,184751.7787,65.8283,route.high.normal.r3.camp-menu,Covering,2
3670,184812.7368,60.9578,route.high.normal.r3.camp-menu,Covering,2
3671,184875.6296,62.8931,route.high.normal.r3.camp-menu,Covering,2
3672,184932.3751,56.7454,route.high.normal.r3.camp-menu,Covering,2
3673,185009.5318,77.1568,route.high.normal.r3.camp-menu,Covering,2
3674,185047.8847,38.3529,route.high.normal.r3.camp-menu,Covering,2
3675,185133.6541,85.7693,route.high.normal.r3.camp-menu,Covering,2
3676,185183.7839,50.1299,route.high.normal.r3.camp-menu,Covering,2
3677,185251.5066,67.7227,route.high.normal.r3.camp-menu,Covering,2
3678,185318.5046,66.9979,route.high.normal.r3.camp-menu,Covering,2
3679,185368.3002,49.7957,route.high.normal.r3.camp-menu,Covering,2
3680,185430.6809,62.3806,route.high.normal.r3.camp-menu,Covering,2
3681,185483.3308,52.65,route.high.normal.r3.camp-menu,Covering,2
3682,185523.2911,39.9602,route.high.normal.r3.camp-menu,Covering,2
3683,185602.0736,78.7826,route.high.normal.r3.camp-menu,Covering,2
3684,185649.3482,47.2745,route.high.normal.r3.camp-menu,Covering,2
3685,185728.7511,79.403,route.high.normal.r3.camp-menu,Covering,2
3686,185792.374,63.6229,route.high.normal.r3.camp-menu,CoveredLoading,2
3687,185847.378,55.004,route.high.normal.r3.camp-menu,CoveredLoading,2
3688,186308.8476,461.4696,route.high.normal.r3.camp-menu,CoveredLoading,2
3689,187267.8741,959.0262,route.high.normal.r3.camp-menu,CoveredLoading,2
3690,187331.257,63.3832,route.high.normal.r3.camp-menu,Preparing,2
3691,187381.7743,50.5171,route.high.normal.r3.camp-menu,Revealing,2
3692,187438.1437,56.3695,route.high.normal.r3.camp-menu,Revealing,2
3693,187478.2448,40.1012,route.high.normal.r3.camp-menu,Revealing,2
3694,187531.1427,52.8979,route.high.normal.r3.camp-menu,Revealing,2
3695,187574.6781,43.5354,route.high.normal.r3.camp-menu,Revealing,2
3696,187620.7187,46.0405,route.high.normal.r3.camp-menu,Revealing,2
3697,187683.3516,62.6328,route.high.normal.r3.camp-menu,Revealing,2
3698,187747.737,64.3855,route.high.normal.r3.camp-menu,Revealing,2
3699,187828.0708,80.3336,route.high.normal.r3.camp-menu,Revealing,2
3700,187865.6298,37.5593,route.high.normal.r3.camp-menu,Revealing,2
3701,187923.0519,57.4221,route.high.normal.r3.camp-menu,Revealing,2
3702,187978.3141,55.2621,route.high.normal.r3.camp-menu,Revealing,2
3703,188028.3281,50.014,route.high.normal.r3.camp-menu,Revealing,2
3704,188076.9379,48.6098,route.high.normal.r3.camp-menu,Revealing,2
3705,188115.6312,38.6933,route.high.normal.r3.camp-menu,Revealing,2
3706,188166.1744,50.5432,route.high.normal.r3.camp-menu,Revealing,2
3707,188250.6829,84.5085,route.high.normal.r3.camp-menu,Revealing,2
3708,188317.3565,66.6735,route.high.normal.r3.camp-menu,Revealing,2
3709,188366.5966,49.2402,route.high.normal.r3.camp-menu,Revealing,2
3710,188416.8578,50.2613,route.high.normal.r3.camp-menu,Revealing,2
3711,188484.4024,67.5445,route.high.normal.r3.camp-menu,Revealing,2
3712,188546.0279,61.6256,route.high.normal.r3.camp-menu,Revealing,2
3713,188602.2732,56.2451,route.high.normal.r3.camp-menu,Revealing,2
3714,188649.9534,47.6803,route.high.normal.r3.camp-menu,Revealing,2
3715,188717.4951,67.5416,route.high.normal.r3.camp-menu,Revealing,2
3716,188785.417,67.922,route.high.normal.r3.camp-menu,Revealing,2
3717,188833.673,48.2559,route.high.normal.r3.camp-menu,Idle,2
3718,188862.4572,28.7843,audit.snapshot.route.high.normal.r3.camp-menu.ready,Idle,2
3719,188949.7566,87.2994,audit.snapshot.route.high.normal.r3.camp-menu.ready,Idle,2
3720,189010.8832,61.1266,audit.snapshot.route.high.normal.r3.camp-menu.ready,Idle,2
3721,189061.079,50.1958,audit.snapshot.route.high.normal.r3.camp-menu.ready,Idle,2
3722,189082.2489,21.1698,audit.snapshot.route.high.normal.r3.camp-menu.ready,Idle,2
3723,189134.0682,51.8195,audit.snapshot.route.high.normal.r3.camp-menu.ready,Idle,2
3724,189199.7709,65.7026,audit.snapshot.route.high.normal.r3.camp-menu.ready,Idle,2
3725,189257.6685,57.8977,audit.snapshot.route.high.normal.r3.camp-menu.ready,Idle,2
3726,189322.8771,65.2085,audit.snapshot.route.high.normal.r3.camp-menu.ready,Idle,2
3727,189343.8904,21.0133,audit.snapshot.route.high.normal.r3.camp-menu.ready,Idle,2
3728,189435.0833,91.1929,audit.snapshot.route.high.normal.r3.camp-menu.ready,Idle,2
3729,189482.0906,47.0073,audit.snapshot.route.high.normal.r3.camp-menu.ready,Idle,2
3730,189503.9481,21.8574,audit.snapshot.route.high.normal.r3.camp-menu.ready,Idle,2
3731,189544.6096,40.6617,audit.snapshot.route.high.normal.r3.camp-menu.ready,Idle,2
3732,189599.2005,54.5909,audit.snapshot.route.high.normal.r3.camp-menu.ready,Idle,2
3733,189658.8094,59.6089,audit.snapshot.route.high.normal.r3.camp-menu.ready,Idle,2
3734,189712.7947,53.9852,audit.snapshot.route.high.normal.r3.camp-menu.ready,Idle,2
3735,189785.0138,72.2192,audit.snapshot.route.high.normal.r3.camp-menu.ready,Idle,2
3736,189812.2797,27.2659,audit.snapshot.route.high.normal.r3.camp-menu.ready,Idle,2
3737,189862.1676,49.8879,audit.snapshot.route.high.normal.r3.camp-menu.ready,Idle,2
3738,189925.9864,63.8188,route.high.reduced.r3.menu-camp,Covering,2
3739,189991.3257,65.3392,route.high.reduced.r3.menu-camp,Covering,2
3740,190050.3142,58.9885,route.high.reduced.r3.menu-camp,Covering,2
3741,190079.3737,29.0596,route.high.reduced.r3.menu-camp,CoveredLoading,2
3742,190137.6607,58.2868,route.high.reduced.r3.menu-camp,CoveredLoading,2
3743,190551.689,414.0284,route.high.reduced.r3.menu-camp,CoveredLoading,2
3744,191332.7897,781.1005,route.high.reduced.r3.menu-camp,CoveredLoading,2
3745,191358.5117,25.7222,route.high.reduced.r3.menu-camp,Preparing,2
3746,191373.6153,15.1035,route.high.reduced.r3.menu-camp,Revealing,2
3747,191462.1507,88.5355,route.high.reduced.r3.menu-camp,Revealing,2
3748,191482.8149,20.6643,route.high.reduced.r3.menu-camp,Revealing,2
3749,191570.301,87.486,route.high.reduced.r3.menu-camp,Revealing,2
3750,191597.7704,27.4692,route.high.reduced.r3.menu-camp,Idle,2
3751,191646.3207,48.5506,audit.snapshot.route.high.reduced.r3.menu-camp.ready,Idle,2
3752,191729.5185,83.1978,audit.snapshot.route.high.reduced.r3.menu-camp.ready,Idle,2
3753,191782.7012,53.1827,audit.snapshot.route.high.reduced.r3.menu-camp.ready,Idle,2
3754,191890.0462,107.3446,audit.snapshot.route.high.reduced.r3.menu-camp.ready,Idle,2
3755,191922.8198,32.774,audit.snapshot.route.high.reduced.r3.menu-camp.ready,Idle,2
3756,191983.5136,60.6935,audit.snapshot.route.high.reduced.r3.menu-camp.ready,Idle,2
3757,192034.8832,51.3699,audit.snapshot.route.high.reduced.r3.menu-camp.ready,Idle,2
3758,192101.5585,66.6753,audit.snapshot.route.high.reduced.r3.menu-camp.ready,Idle,2
3759,192178.8335,77.2748,audit.snapshot.route.high.reduced.r3.menu-camp.ready,Idle,2
3760,192215.9947,37.1614,audit.snapshot.route.high.reduced.r3.menu-camp.ready,Idle,2
3761,192290.5931,74.5984,audit.snapshot.route.high.reduced.r3.menu-camp.ready,Idle,2
3762,192357.044,66.4509,audit.snapshot.route.high.reduced.r3.menu-camp.ready,Idle,2
3763,192396.0273,38.9832,audit.snapshot.route.high.reduced.r3.menu-camp.ready,Idle,2
3764,192430.8391,34.8119,audit.snapshot.route.high.reduced.r3.menu-camp.ready,Idle,2
3765,192503.4353,72.596,audit.snapshot.route.high.reduced.r3.menu-camp.ready,Idle,2
3766,192552.3068,48.8717,audit.snapshot.route.high.reduced.r3.menu-camp.ready,Idle,2
3767,192640.245,87.9381,audit.snapshot.route.high.reduced.r3.menu-camp.ready,Idle,2
3768,192681.723,41.4781,audit.snapshot.route.high.reduced.r3.menu-camp.ready,Idle,2
3769,192745.3731,63.6425,audit.snapshot.route.high.reduced.r3.menu-camp.ready,Idle,2
3770,192800.6048,55.2392,audit.snapshot.route.high.reduced.r3.menu-camp.ready,Idle,2
3771,192849.9121,49.3073,route.high.reduced.r3.camp-menu,Covering,2
3772,192897.2983,47.3862,route.high.reduced.r3.camp-menu,Covering,2
3773,192982.0614,84.7632,route.high.reduced.r3.camp-menu,Covering,2
3774,192999.4349,17.3732,route.high.reduced.r3.camp-menu,CoveredLoading,2
3775,193093.0667,93.6321,route.high.reduced.r3.camp-menu,CoveredLoading,2
3776,193544.3967,451.3299,route.high.reduced.r3.camp-menu,CoveredLoading,2
3777,194504.8333,960.4364,route.high.reduced.r3.camp-menu,CoveredLoading,2
3778,194523.1174,18.2844,route.high.reduced.r3.camp-menu,Preparing,2
3779,194572.7561,49.6386,route.high.reduced.r3.camp-menu,Revealing,2
3780,194612.5258,39.7696,route.high.reduced.r3.camp-menu,Revealing,2
3781,194649.2905,36.7649,route.high.reduced.r3.camp-menu,Revealing,2
3782,194718.2782,68.9877,route.high.reduced.r3.camp-menu,Revealing,2
3783,194745.1381,26.8598,route.high.reduced.r3.camp-menu,Idle,2
3784,194819.1614,74.0233,audit.snapshot.route.high.reduced.r3.camp-menu.ready,Idle,2
3785,194846.2022,27.0407,audit.snapshot.route.high.reduced.r3.camp-menu.ready,Idle,2
3786,194914.3955,68.1934,audit.snapshot.route.high.reduced.r3.camp-menu.ready,Idle,2
3787,195001.6665,87.2707,audit.snapshot.route.high.reduced.r3.camp-menu.ready,Idle,2
3788,195010.7102,9.044,audit.snapshot.route.high.reduced.r3.camp-menu.ready,Idle,2
3789,195084.9701,74.2599,audit.snapshot.route.high.reduced.r3.camp-menu.ready,Idle,2
3790,195113.629,28.6589,audit.snapshot.route.high.reduced.r3.camp-menu.ready,Idle,2
3791,195176.8085,63.1796,audit.snapshot.route.high.reduced.r3.camp-menu.ready,Idle,2
3792,195236.1212,59.3126,audit.snapshot.route.high.reduced.r3.camp-menu.ready,Idle,2
3793,195247.3718,11.2506,audit.snapshot.route.high.reduced.r3.camp-menu.ready,Idle,2
3794,195341.2013,93.8295,audit.snapshot.route.high.reduced.r3.camp-menu.ready,Idle,2
3795,195362.6231,21.4218,audit.snapshot.route.high.reduced.r3.camp-menu.ready,Idle,2
3796,195409.2198,46.5967,audit.snapshot.route.high.reduced.r3.camp-menu.ready,Idle,2
3797,195486.2442,77.0243,audit.snapshot.route.high.reduced.r3.camp-menu.ready,Idle,2
3798,195535.6622,49.4181,audit.snapshot.route.high.reduced.r3.camp-menu.ready,Idle,2
3799,195600.5782,64.916,audit.snapshot.route.high.reduced.r3.camp-menu.ready,Idle,2
3800,195649.9197,49.3414,audit.snapshot.route.high.reduced.r3.camp-menu.ready,Idle,2
3801,195678.086,28.1664,audit.snapshot.route.high.reduced.r3.camp-menu.ready,Idle,2
3802,195734.2075,56.1215,audit.snapshot.route.high.reduced.r3.camp-menu.ready,Idle,2
3803,195795.0474,60.84,audit.snapshot.route.high.reduced.r3.camp-menu.ready,Idle,2
3804,195875.4043,80.3568,route.high.to-spring,Covering,2
3805,195967.9016,92.4973,route.high.to-spring,Covering,2
3806,196009.6158,41.7142,route.high.to-spring,Covering,2
3807,196068.048,58.4322,route.high.to-spring,Covering,2
3808,196112.5287,44.4807,route.high.to-spring,Covering,2
3809,196201.4665,88.9378,route.high.to-spring,Covering,2
3810,196241.9668,40.5003,route.high.to-spring,Covering,2
3811,196280.7949,38.8281,route.high.to-spring,Covering,2
3812,196362.7615,81.9667,route.high.to-spring,Covering,2
3813,196400.7836,38.022,route.high.to-spring,Covering,2
3814,196476.8888,76.1053,route.high.to-spring,Covering,2
3815,196546.9254,70.0365,route.high.to-spring,Covering,2
3816,196587.6199,40.6944,route.high.to-spring,Covering,2
3817,196639.7151,52.0953,route.high.to-spring,Covering,2
3818,196712.5374,72.8223,route.high.to-spring,Covering,2
3819,196751.2965,38.759,route.high.to-spring,Covering,2
3820,196817.6903,66.394,route.high.to-spring,Covering,2
3821,196858.1258,40.4353,route.high.to-spring,Covering,2
3822,196910.7627,52.6371,route.high.to-spring,Covering,2
3823,196960.0807,49.3178,route.high.to-spring,Covering,2
3824,197024.9098,64.8293,route.high.to-spring,Covering,2
3825,197079.949,55.0391,route.high.to-spring,Covering,2
3826,197117.1414,37.1925,route.high.to-spring,Covering,2
3827,197180.425,63.2835,route.high.to-spring,Covering,2
3828,197223.8044,43.3794,route.high.to-spring,Covering,2
3829,197290.7176,66.9132,route.high.to-spring,Covering,2
3830,197351.9126,61.195,route.high.to-spring,Covering,2
3831,197391.0058,39.0932,route.high.to-spring,Covering,2
3832,197440.8088,49.803,route.high.to-spring,CoveredLoading,2
3833,197500.2279,59.4192,route.high.to-spring,CoveredLoading,2
3834,197836.2034,335.9753,route.high.to-spring,CoveredLoading,2
3835,198819.8765,983.6729,route.high.to-spring,CoveredLoading,2
3836,198882.4211,62.545,route.high.to-spring,Preparing,2
3837,198927.9276,45.5064,route.high.to-spring,Revealing,2
3838,198972.2087,44.281,route.high.to-spring,Revealing,2
3839,199028.2112,56.0026,route.high.to-spring,Revealing,2
3840,199081.6602,53.449,route.high.to-spring,Revealing,2
3841,199165.3338,83.6735,route.high.to-spring,Revealing,2
3842,199202.2526,36.919,route.high.to-spring,Revealing,2
3843,199249.589,47.3364,route.high.to-spring,Revealing,2
3844,199331.9141,82.3251,route.high.to-spring,Revealing,2
3845,199432.0962,100.1817,route.high.to-spring,Revealing,2
3846,199500.0207,67.9248,route.high.to-spring,Revealing,2
3847,199537.3629,37.3422,route.high.to-spring,Revealing,2
3848,199592.5305,55.1677,route.high.to-spring,Revealing,2
3849,199654.3627,61.8321,route.high.to-spring,Revealing,2
3850,199698.9001,44.5374,route.high.to-spring,Revealing,2
3851,199746.6728,47.7728,route.high.to-spring,Revealing,2
3852,199798.8761,52.2032,route.high.to-spring,Revealing,2
3853,199860.8778,62.0018,route.high.to-spring,Revealing,2
3854,199900.8901,40.0123,route.high.to-spring,Revealing,2
3855,199969.2055,68.3153,route.high.to-spring,Revealing,2
3856,200051.8345,82.6289,route.high.to-spring,Revealing,2
3857,200086.6514,34.817,route.high.to-spring,Revealing,2
3858,200133.9056,47.2542,route.high.to-spring,Revealing,2
3859,200171.1312,37.2257,route.high.to-spring,Revealing,2
3860,200221.1775,50.0462,route.high.to-spring,Revealing,2
3861,200272.913,51.7355,route.high.to-spring,Revealing,2
3862,200356.9319,84.019,route.high.to-spring,Revealing,2
3863,200383.0069,26.075,route.high.to-spring,Idle,2
3864,200477.6764,94.6695,audit.snapshot.route.high.to-spring.ready,Idle,2
3865,200517.2871,39.6107,audit.snapshot.route.high.to-spring.ready,Idle,2
3866,200554.2816,36.9944,audit.snapshot.route.high.to-spring.ready,Idle,2
3867,200640.5782,86.2966,audit.snapshot.route.high.to-spring.ready,Idle,2
3868,200666.0969,25.5188,audit.snapshot.route.high.to-spring.ready,Idle,2
3869,200709.9192,43.8222,audit.snapshot.route.high.to-spring.ready,Idle,2
3870,200764.9134,54.9942,audit.snapshot.route.high.to-spring.ready,Idle,2
3871,200815.7433,50.83,audit.snapshot.route.high.to-spring.ready,Idle,2
3872,200900.9611,85.2178,audit.snapshot.route.high.to-spring.ready,Idle,2
3873,200923.1427,22.1814,audit.snapshot.route.high.to-spring.ready,Idle,2
3874,200977.5815,54.4388,audit.snapshot.route.high.to-spring.ready,Idle,2
3875,201032.6472,55.0659,audit.snapshot.route.high.to-spring.ready,Idle,2
3876,201090.4195,57.7721,audit.snapshot.route.high.to-spring.ready,Idle,2
3877,201132.806,42.3866,audit.snapshot.route.high.to-spring.ready,Idle,2
3878,201188.8851,56.0791,audit.snapshot.route.high.to-spring.ready,Idle,2
3879,201237.5243,48.6392,audit.snapshot.route.high.to-spring.ready,Idle,2
3880,201267.6328,30.1086,audit.snapshot.route.high.to-spring.ready,Idle,2
3881,201319.8428,52.2099,audit.snapshot.route.high.to-spring.ready,Idle,2
3882,201359.385,39.542,audit.snapshot.route.high.to-spring.ready,Idle,2
3883,201414.7607,55.3759,audit.snapshot.route.high.to-spring.ready,Idle,2
3884,201473.6477,58.8869,audit.snapshot.route.high.to-spring.ready,Idle,2
3885,201516.0115,42.364,audit.snapshot.route.high.to-spring.ready,Idle,2
3886,201602.0167,86.0052,audit.snapshot.route.high.to-spring.ready,Idle,2
3887,201623.254,21.2371,audit.snapshot.route.high.to-spring.ready,Idle,2
3888,201683.0785,59.8247,audit.snapshot.route.high.to-spring.ready,Idle,2
3889,201733.978,50.8993,audit.snapshot.route.high.to-spring.ready,Idle,2
3890,201781.607,47.6289,audit.snapshot.route.high.to-spring.ready,Idle,2
3891,201821.4572,39.8505,audit.snapshot.route.high.to-spring.ready,Idle,2
3892,201874.7121,53.2548,audit.snapshot.route.high.to-spring.ready,Idle,2
3893,201951.7407,77.0287,audit.snapshot.route.high.to-spring.ready,Idle,2
3894,201985.7538,34.013,audit.snapshot.route.high.to-spring.ready,Idle,2
3895,202026.6066,40.8528,audit.snapshot.route.high.to-spring.ready,Idle,2
3896,202107.2538,80.6472,audit.snapshot.route.high.to-spring.ready,Idle,2
3897,202132.7633,25.5095,audit.snapshot.route.high.to-spring.ready,Idle,2
3898,202189.1428,56.3795,audit.snapshot.route.high.to-spring.ready,Idle,2
3899,202240.1365,50.9937,audit.snapshot.route.high.to-spring.ready,Idle,2
3900,202294.6383,54.5018,audit.snapshot.route.high.to-spring.ready,Idle,2
3901,202340.3747,45.7365,audit.snapshot.route.high.to-spring.ready,Idle,2
3902,202394.9891,54.6143,audit.snapshot.route.high.to-spring.ready,Idle,2
3903,202448.9831,53.9939,audit.snapshot.route.high.to-spring.ready,Idle,2
3904,202527.5908,78.6079,audit.snapshot.route.high.to-spring.ready,Idle,2
3905,202555.45,27.8591,audit.snapshot.route.high.to-spring.ready,Idle,2
3906,202618.4767,63.0267,audit.snapshot.route.high.to-spring.ready,Idle,2
3907,202660.9662,42.4895,audit.snapshot.route.high.to-spring.ready,Idle,2
3908,202704.7401,43.7738,audit.snapshot.route.high.to-spring.ready,Idle,2
3909,202748.2492,43.5092,camp.spring.high.solved,Idle,2
3910,202799.2504,51.0013,camp.spring.high.solved,Idle,2
3911,202845.8138,46.5632,camp.spring.high.solved,Idle,2
3912,202891.5046,45.691,camp.spring.high.solved,Idle,2
3913,202943.5209,52.0162,camp.spring.high.solved,Idle,2
3914,203007.4215,63.9007,camp.spring.high.solved,Idle,2
3915,203050.643,43.2214,camp.spring.high.solved,Idle,2
3916,203093.8964,43.2534,camp.spring.high.solved,Idle,2
3917,203177.7888,83.8924,camp.spring.high.solved,Idle,2
3918,203199.1312,21.3424,camp.spring.high.solved,Idle,2
3919,203243.2465,44.1153,camp.spring.high.solved,Idle,2
3920,203306.1436,62.8972,camp.spring.high.solved,Idle,2
3921,203349.3333,43.1896,camp.spring.high.solved,Idle,2
3922,203405.7731,56.4399,camp.spring.high.solved,Idle,2
3923,203456.6201,50.8469,camp.spring.high.solved,Idle,2
3924,203544.3418,87.7217,camp.spring.high.solved,Idle,2
3925,203598.7517,54.41,camp.spring.high.solved,Idle,2
3926,203633.4533,34.7015,camp.spring.high.solved,Idle,2
3927,203718.0928,84.6395,camp.spring.high.solved,Idle,2
3928,203739.7604,21.6676,camp.spring.high.solved,Idle,2
3929,203783.0542,43.2939,camp.spring.high.solved,Idle,2
3930,203839.0613,56.0071,camp.spring.high.solved,Idle,2
3931,203890.0518,50.9904,camp.spring.high.solved,Idle,2
3932,203949.8118,59.7601,camp.spring.high.solved,Idle,2
3933,204030.3293,80.5174,camp.spring.high.solved,Idle,2
3934,204078.0338,47.7045,camp.spring.high.solved,Idle,2
3935,204106.2606,28.2267,camp.spring.high.solved,Idle,2
3936,204156.4277,50.1672,camp.spring.high.solved,Idle,2
3937,204209.3558,52.9282,camp.spring.high.solved,Idle,2
3938,204265.0372,55.6811,camp.spring.high.solved,Idle,2
3939,204317.432,52.395,camp.spring.high.solved,Idle,2
3940,204366.2523,48.8203,camp.spring.high.solved,Idle,2
3941,204422.6996,56.4472,camp.spring.high.solved,Idle,2
3942,204473.0519,50.3524,camp.spring.high.solved,Idle,2
3943,204551.4065,78.3546,camp.spring.high.solved,Idle,2
3944,204607.0283,55.6218,camp.spring.high.solved,Idle,2
3945,204661.0681,54.0398,camp.spring.high.solved,Idle,2
3946,204699.6648,38.5968,camp.spring.high.solved,Idle,2
3947,204739.8115,40.1465,camp.spring.high.solved,Idle,2
3948,204794.9432,55.1316,camp.spring.high.solved,Idle,2
3949,204847.9209,52.978,camp.spring.high.solved,Idle,2
3950,204898.9412,51.0202,camp.spring.high.solved,Idle,2
3951,204960.9151,61.974,camp.spring.high.solved,Idle,2
3952,205000.1933,39.2779,camp.spring.high.solved,Idle,2
3953,205083.4756,83.2825,camp.spring.high.solved,Idle,2
3954,205144.6903,61.2147,camp.spring.high.solved,Idle,2
3955,205197.702,53.0117,camp.spring.high.solved,Idle,2
3956,205215.9599,18.2578,camp.spring.high.solved,Idle,2
3957,205261.8744,45.9146,camp.spring.high.solved,Idle,2
3958,205311.2551,49.3807,camp.spring.high.solved,Idle,2
3959,205360.9481,49.693,camp.spring.high.solved,Idle,2
3960,205405.6389,44.6908,camp.spring.high.solved,Idle,2
3961,205466.1752,60.5363,camp.spring.high.solved,Idle,2
3962,205511.5275,45.3523,camp.spring.high.solved,Idle,2
3963,205598.7178,87.1903,camp.spring.high.solved,Idle,2
3964,205649.9441,51.2264,camp.spring.high.solved,Idle,2
3965,205684.4718,34.5277,camp.spring.high.solved,Idle,2
3966,205723.5486,39.0767,camp.spring.high.solved,Idle,2
3967,205773.9489,50.4004,camp.spring.high.solved,Idle,2
3968,205816.1607,42.2118,camp.spring.high.solved,Idle,2
3969,205865.8958,49.7349,camp.spring.high.solved,Idle,2
3970,205915.9796,50.0839,camp.spring.high.solved,Idle,2
3971,205974.1108,58.1312,camp.spring.high.solved,Idle,2
3972,206015.7081,41.5973,camp.spring.high.solved,Idle,2
3973,206101.3229,85.6149,camp.spring.high.solved,Idle,2
3974,206157.6059,56.283,camp.spring.high.solved,Idle,2
3975,206181.7577,24.1517,camp.spring.high.solved,Idle,2
3976,206266.4155,84.6579,camp.spring.high.solved,Idle,2
3977,206289.0558,22.6402,camp.spring.high.solved,Idle,2
3978,206341.7898,52.7341,camp.spring.high.solved,Idle,2
3979,206390.1701,48.3802,camp.spring.high.solved,Idle,2
3980,206444.6852,54.5151,camp.spring.high.solved,Idle,2
3981,206482.9278,38.2426,camp.spring.high.solved,Idle,2
3982,206533.4686,50.5408,camp.spring.high.solved,Idle,2
3983,206617.934,84.4655,camp.spring.high.solved,Idle,2
3984,206667.4495,49.5155,camp.spring.high.solved,Idle,2
3985,206707.3983,39.9487,camp.spring.high.solved,Idle,2
3986,206748.1392,40.741,camp.spring.high.solved,Idle,2
3987,206790.4733,42.334,camp.spring.high.solved,Idle,2
3988,206832.6465,42.1733,camp.spring.high.solved,Idle,2
3989,206879.1428,46.4963,camp.spring.high.solved,Idle,2
3990,206923.4291,44.2863,camp.spring.high.solved,Idle,2
3991,206981.2149,57.7857,camp.spring.high.solved,Idle,2
3992,207039.227,58.0121,camp.spring.high.solved,Idle,2
3993,207107.5622,68.3352,camp.spring.high.solved,Idle,2
3994,207158.0044,50.4422,camp.spring.high.solved,Idle,2
3995,207216.4182,58.4138,camp.spring.high.solved,Idle,2
3996,207249.7807,33.3625,camp.spring.high.solved,Idle,2
3997,207290.5371,40.7565,camp.spring.high.solved,Idle,2
3998,207338.1306,47.5935,camp.spring.high.solved,Idle,2
3999,207381.6432,43.5125,camp.spring.high.solved,Idle,2
4000,207439.1859,57.5427,camp.spring.high.solved,Idle,2
4001,207481.4196,42.2337,camp.spring.high.solved,Idle,2
4002,207531.3274,49.9079,camp.spring.high.solved,Idle,2
4003,207617.1134,85.786,camp.spring.high.solved,Idle,2
4004,207665.3023,48.1888,camp.spring.high.solved,Idle,2
4005,207688.9641,23.6619,camp.spring.high.solved,Idle,2
4006,207767.5041,78.5399,camp.spring.high.solved,Idle,2
4007,207789.8184,22.3143,camp.spring.high.solved,Idle,2
4008,207848.5165,58.6982,camp.spring.high.solved,Idle,2
4009,207893.9136,45.3971,camp.spring.high.solved,Idle,2
4010,207933.6329,39.7191,camp.spring.high.solved,Idle,2
4011,207988.9014,55.2686,camp.spring.high.solved,Idle,2
4012,208046.023,57.1217,camp.spring.high.solved,Idle,2
4013,208123.4193,77.3962,camp.spring.high.solved,Idle,2
4014,208173.5511,50.1317,camp.spring.high.solved,Idle,2
4015,208206.0502,32.4992,camp.spring.high.solved,Idle,2
4016,208248.6477,42.5975,camp.spring.high.solved,Idle,2
4017,208299.4598,50.8122,camp.spring.high.solved,Idle,2
4018,208342.9142,43.4544,camp.spring.high.solved,Idle,2
4019,208395.008,52.0937,camp.spring.high.solved,Idle,2
4020,208449.543,54.535,camp.spring.high.solved,Idle,2
4021,208493.3418,43.7988,camp.spring.high.solved,Idle,2
4022,208545.8006,52.4588,camp.spring.high.solved,Idle,2
4023,208628.093,82.2924,camp.spring.high.solved,Idle,2
4024,208679.9929,51.9,camp.spring.high.solved,Idle,2
4025,208698.8127,18.8197,camp.spring.high.solved,Idle,2
4026,208749.4351,50.6225,camp.spring.high.solved,Idle,2
4027,208793.8072,44.3721,camp.spring.high.solved,Idle,2
4028,208850.4157,56.6084,camp.spring.high.solved,Idle,2
4029,208897.9295,47.5139,camp.spring.high.solved,Idle,2
4030,208949.3621,51.4325,camp.spring.high.solved,Idle,2
4031,208993.4851,44.1231,camp.spring.high.solved,Idle,2
4032,209068.2549,74.7698,camp.spring.high.solved,Idle,2
4033,209119.5369,51.2818,camp.spring.high.solved,Idle,2
4034,209172.0097,52.4729,camp.spring.high.solved,Idle,2
4035,209193.6092,21.5995,camp.spring.high.solved,Idle,2
4036,209246.8609,53.2514,camp.spring.high.solved,Idle,2
4037,209278.5051,31.6445,camp.spring.high.solved,Idle,2
4038,209328.6703,50.1652,camp.spring.high.solved,Idle,2
4039,209378.959,50.2886,camp.spring.high.solved,Idle,2
4040,209440.3345,61.3756,camp.spring.high.solved,Idle,2
4041,209484.1989,43.8644,camp.spring.high.solved,Idle,2
4042,209545.5588,61.3598,camp.spring.high.solved,Idle,2
4043,209616.8191,71.2602,camp.spring.high.solved,Idle,2
4044,209666.6746,49.8557,camp.spring.high.solved,Idle,2
4045,209701.587,34.9124,camp.spring.high.solved,Idle,2
4046,209777.1701,75.5831,camp.spring.high.solved,Idle,2
4047,209798.1405,20.9704,camp.spring.high.solved,Idle,2
4048,209856.4306,58.2901,camp.spring.high.solved,Idle,2
4049,209897.9011,41.4705,camp.spring.high.solved,Idle,2
4050,209948.1321,50.231,camp.spring.high.solved,Idle,2
4051,209998.0034,49.8713,camp.spring.high.solved,Idle,2
4052,210068.2834,70.2801,camp.spring.high.solved,Idle,2
4053,210134.3282,66.0448,camp.spring.high.solved,Idle,2
4054,210184.2916,49.9634,camp.spring.high.solved,Idle,2
4055,210243.9881,59.6964,camp.spring.high.solved,Idle,2
4056,210265.7244,21.7363,camp.spring.high.solved,Idle,2
4057,210312.1358,46.4115,camp.spring.high.solved,Idle,2
4058,210361.5396,49.4038,camp.spring.high.solved,Idle,2
4059,210410.6826,49.143,camp.spring.high.solved,Idle,2
4060,210456.3614,45.6788,camp.spring.high.solved,Idle,2
4061,210512.0722,55.7107,camp.spring.high.solved,Idle,2
4062,210561.2757,49.2036,camp.spring.high.solved,Idle,2
4063,210634.206,72.9303,camp.spring.high.solved,Idle,2
4064,210691.6432,57.437,camp.spring.high.solved,Idle,2
4065,210715.0338,23.3908,camp.spring.high.solved,Idle,2
4066,210767.2903,52.2564,camp.spring.high.solved,Idle,2
4067,210809.3996,42.1093,camp.spring.high.solved,Idle,2
4068,210847.3397,37.9402,camp.spring.high.solved,Idle,2
4069,210897.4125,50.0727,camp.spring.high.solved,Idle,2
4070,210948.4176,51.0051,camp.spring.high.solved,Idle,2
4071,210982.3019,33.8843,camp.spring.high.solved,Idle,2
4072,211023.1916,40.8898,camp.spring.high.solved,Idle,2
4073,211068.894,45.7024,camp.spring.high.solved,Idle,2
4074,211111.8793,42.9853,camp.spring.high.solved,Idle,2
4075,211156.3064,44.4271,camp.spring.high.solved,Idle,2
4076,211192.9159,36.6095,camp.spring.high.solved,Idle,2
4077,211205.3746,12.4587,camp.spring.high.solved,Idle,2
4078,211245.5089,40.1342,camp.spring.high.solved,Idle,2
4079,211279.9018,34.3928,camp.spring.high.solved,Idle,2
4080,211318.9011,38.9994,camp.spring.high.solved,Idle,2
4081,211347.9883,29.0873,camp.spring.high.solved,Idle,2
4082,211400.9299,52.9416,camp.spring.high.solved,Idle,2
4083,211438.7045,37.7745,camp.spring.high.solved,Idle,2
4084,211472.8598,34.1554,camp.spring.high.solved,Idle,2
4085,211502.049,29.1891,camp.spring.high.solved,Idle,2
4086,211540.1883,38.1394,camp.spring.high.solved,Idle,2
4087,211565.0657,24.8773,camp.spring.high.solved,Idle,2
4088,211599.8194,34.7537,camp.spring.high.solved,Idle,2
4089,211635.6425,35.8231,route.high.to-autumn,Covering,2
4090,211700.3534,64.711,route.high.to-autumn,Covering,2
4091,211735.1337,34.7803,route.high.to-autumn,Covering,2
4092,211771.2276,36.0939,route.high.to-autumn,Covering,2
4093,211822.6358,51.4081,route.high.to-autumn,Covering,2
4094,211870.8104,48.1746,route.high.to-autumn,Covering,2
4095,211906.0705,35.2601,route.high.to-autumn,Covering,2
4096,211941.0826,35.0122,route.high.to-autumn,Covering,2
4097,211981.3392,40.2565,route.high.to-autumn,Covering,2
4098,212019.0342,37.6951,route.high.to-autumn,Covering,2
4099,212054.6763,35.642,route.high.to-autumn,Covering,2
4100,212091.1402,36.4639,route.high.to-autumn,Covering,2
4101,212127.3294,36.1893,route.high.to-autumn,Covering,2
4102,212171.8567,44.5272,route.high.to-autumn,Covering,2
4103,212220.7546,48.8979,route.high.to-autumn,Covering,2
4104,212270.3155,49.5609,route.high.to-autumn,Covering,2
4105,212311.8547,41.5391,route.high.to-autumn,Covering,2
4106,212349.4791,37.6245,route.high.to-autumn,Covering,2
4107,212384.7918,35.3128,route.high.to-autumn,Covering,2
4108,212420.773,35.9811,route.high.to-autumn,Covering,2
4109,212459.3461,38.5731,route.high.to-autumn,Covering,2
4110,212498.6918,39.3458,route.high.to-autumn,Covering,2
4111,212544.0288,45.337,route.high.to-autumn,Covering,2
4112,212611.605,67.576,route.high.to-autumn,Covering,2
4113,212657.7659,46.1611,route.high.to-autumn,Covering,2
4114,212706.6863,48.9203,route.high.to-autumn,Covering,2
4115,212748.7705,42.0842,route.high.to-autumn,Covering,2
4116,212811.0318,62.2613,route.high.to-autumn,Covering,2
4117,212846.7107,35.6789,route.high.to-autumn,Covering,2
4118,212885.8938,39.1831,route.high.to-autumn,Covering,2
4119,212927.7767,41.8829,route.high.to-autumn,Covering,2
4120,212972.5519,44.7753,route.high.to-autumn,Covering,2
4121,213015.5756,43.0237,route.high.to-autumn,Covering,2
4122,213064.3377,48.7621,route.high.to-autumn,Covering,2
4123,213128.889,64.5512,route.high.to-autumn,Covering,2
4124,213181.7254,52.8364,route.high.to-autumn,Covering,2
4125,213223.0086,41.2832,route.high.to-autumn,CoveredLoading,2
4126,213259.4829,36.4744,route.high.to-autumn,CoveredLoading,2
4127,213643.8992,384.4163,route.high.to-autumn,CoveredLoading,2
4128,214445.7396,801.8402,route.high.to-autumn,CoveredLoading,2
4129,214483.6893,37.9499,route.high.to-autumn,Preparing,2
4130,214520.1712,36.4818,route.high.to-autumn,Revealing,2
4131,214572.5206,52.3495,route.high.to-autumn,Revealing,2
4132,214619.9559,47.4352,route.high.to-autumn,Revealing,2
4133,214672.3136,52.3577,route.high.to-autumn,Revealing,2
4134,214716.1833,43.8698,route.high.to-autumn,Revealing,2
4135,214764.5817,48.3983,route.high.to-autumn,Revealing,2
4136,214817.9474,53.3657,route.high.to-autumn,Revealing,2
4137,214874.1257,56.1784,route.high.to-autumn,Revealing,2
4138,214951.1582,77.0325,route.high.to-autumn,Revealing,2
4139,215017.6166,66.4584,route.high.to-autumn,Revealing,2
4140,215077.188,59.5712,route.high.to-autumn,Revealing,2
4141,215114.9055,37.7177,route.high.to-autumn,Revealing,2
4142,215154.5638,39.6582,route.high.to-autumn,Revealing,2
4143,215195.1544,40.5907,route.high.to-autumn,Revealing,2
4144,215261.0345,65.8801,route.high.to-autumn,Revealing,2
4145,215297.7486,36.714,route.high.to-autumn,Revealing,2
4146,215341.0961,43.3476,route.high.to-autumn,Revealing,2
4147,215379.0042,37.908,route.high.to-autumn,Revealing,2
4148,215415.4719,36.4678,route.high.to-autumn,Revealing,2
4149,215475.7543,60.2823,route.high.to-autumn,Revealing,2
4150,215520.496,44.7417,route.high.to-autumn,Revealing,2
4151,215563.9503,43.4543,route.high.to-autumn,Revealing,2
4152,215600.7003,36.75,route.high.to-autumn,Revealing,2
4153,215636.0729,35.3725,route.high.to-autumn,Revealing,2
4154,215671.9907,35.918,route.high.to-autumn,Revealing,2
4155,215720.0031,48.0123,route.high.to-autumn,Revealing,2
4156,215765.1839,45.1809,route.high.to-autumn,Revealing,2
4157,215805.7252,40.5413,route.high.to-autumn,Revealing,2
4158,215861.2951,55.5698,route.high.to-autumn,Revealing,2
4159,215898.1137,36.8185,route.high.to-autumn,Revealing,2
4160,215922.5557,24.4421,route.high.to-autumn,Idle,2
4161,216012.5281,89.9724,audit.snapshot.route.high.to-autumn.ready,Idle,2
4162,216036.4644,23.9364,audit.snapshot.route.high.to-autumn.ready,Idle,2
4163,216061.5802,25.1157,audit.snapshot.route.high.to-autumn.ready,Idle,2
4164,216102.4533,40.8731,audit.snapshot.route.high.to-autumn.ready,Idle,2
4165,216130.5324,28.0791,audit.snapshot.route.high.to-autumn.ready,Idle,2
4166,216195.0912,64.5589,audit.snapshot.route.high.to-autumn.ready,Idle,2
4167,216217.0034,21.9121,audit.snapshot.route.high.to-autumn.ready,Idle,2
4168,216261.2621,44.2584,audit.snapshot.route.high.to-autumn.ready,Idle,2
4169,216306.4994,45.2377,audit.snapshot.route.high.to-autumn.ready,Idle,2
4170,216348.9011,42.4015,audit.snapshot.route.high.to-autumn.ready,Idle,2
4171,216386.6769,37.776,audit.snapshot.route.high.to-autumn.ready,Idle,2
4172,216466.7862,80.1092,audit.snapshot.route.high.to-autumn.ready,Idle,2
4173,216515.2428,48.4566,audit.snapshot.route.high.to-autumn.ready,Idle,2
4174,216546.4553,31.2124,audit.snapshot.route.high.to-autumn.ready,Idle,2
4175,216580.8818,34.4267,audit.snapshot.route.high.to-autumn.ready,Idle,2
4176,216633.2159,52.334,audit.snapshot.route.high.to-autumn.ready,Idle,2
4177,216673.5675,40.3517,audit.snapshot.route.high.to-autumn.ready,Idle,2
4178,216701.2101,27.6425,audit.snapshot.route.high.to-autumn.ready,Idle,2
4179,216749.2683,48.0583,audit.snapshot.route.high.to-autumn.ready,Idle,2
4180,216798.7739,49.5054,audit.snapshot.route.high.to-autumn.ready,Idle,2
4181,216848.0645,49.2907,audit.snapshot.route.high.to-autumn.ready,Idle,2
4182,216914.3952,66.3308,audit.snapshot.route.high.to-autumn.ready,Idle,2
4183,216959.8645,45.4692,audit.snapshot.route.high.to-autumn.ready,Idle,2
4184,217009.3301,49.4655,audit.snapshot.route.high.to-autumn.ready,Idle,2
4185,217029.9077,20.5776,audit.snapshot.route.high.to-autumn.ready,Idle,2
4186,217073.0767,43.1692,audit.snapshot.route.high.to-autumn.ready,Idle,2
4187,217115.5133,42.4364,audit.snapshot.route.high.to-autumn.ready,Idle,2
4188,217149.9572,34.4441,audit.snapshot.route.high.to-autumn.ready,Idle,2
4189,217194.4126,44.4553,audit.snapshot.route.high.to-autumn.ready,Idle,2
4190,217248.7695,54.3567,audit.snapshot.route.high.to-autumn.ready,Idle,2
4191,217275.9733,27.2041,audit.snapshot.route.high.to-autumn.ready,Idle,2
4192,217316.5373,40.5639,audit.snapshot.route.high.to-autumn.ready,Idle,2
4193,217364.8592,48.3219,audit.snapshot.route.high.to-autumn.ready,Idle,2
4194,217398.8907,34.0315,audit.snapshot.route.high.to-autumn.ready,Idle,2
4195,217411.2116,12.3209,audit.snapshot.route.high.to-autumn.ready,Idle,2
4196,217447.5723,36.3607,audit.snapshot.route.high.to-autumn.ready,Idle,2
4197,217476.3737,28.8015,audit.snapshot.route.high.to-autumn.ready,Idle,2
4198,217510.5185,34.1448,audit.snapshot.route.high.to-autumn.ready,Idle,2
4199,217544.7864,34.2678,audit.snapshot.route.high.to-autumn.ready,Idle,2
4200,217580.7807,35.9943,audit.snapshot.route.high.to-autumn.ready,Idle,2
4201,217643.3579,62.5773,audit.snapshot.route.high.to-autumn.ready,Idle,2
4202,217659.3515,15.9936,audit.snapshot.route.high.to-autumn.ready,Idle,2
4203,217691.7261,32.3746,audit.snapshot.route.high.to-autumn.ready,Idle,2
4204,217727.7172,35.991,audit.snapshot.route.high.to-autumn.ready,Idle,2
4205,217762.4286,34.7113,audit.snapshot.route.high.to-autumn.ready,Idle,2
4206,217796.6419,34.2133,camp.autumn.high.solved,Idle,2
4207,217833.3439,36.7022,camp.autumn.high.solved,Idle,2
4208,217890.0847,56.7408,camp.autumn.high.solved,Idle,2
4209,217905.7053,15.6205,camp.autumn.high.solved,Idle,2
4210,217960.6084,54.9032,camp.autumn.high.solved,Idle,2
4211,217987.389,26.7805,camp.autumn.high.solved,Idle,2
4212,218021.8153,34.4263,camp.autumn.high.solved,Idle,2
4213,218055.9633,34.148,camp.autumn.high.solved,Idle,2
4214,218082.9301,26.9668,camp.autumn.high.solved,Idle,2
4215,218123.9991,41.069,camp.autumn.high.solved,Idle,2
4216,218156.9531,32.954,camp.autumn.high.solved,Idle,2
4217,218199.724,42.771,camp.autumn.high.solved,Idle,2
4218,218231.683,31.959,camp.autumn.high.solved,Idle,2
4219,218282.5194,50.8364,camp.autumn.high.solved,Idle,2
4220,218312.0466,29.5271,camp.autumn.high.solved,Idle,2
4221,218339.3262,27.2796,camp.autumn.high.solved,Idle,2
4222,218381.5414,42.2153,camp.autumn.high.solved,Idle,2
4223,218415.4465,33.9051,camp.autumn.high.solved,Idle,2
4224,218459.7787,44.3322,camp.autumn.high.solved,Idle,2
4225,218493.4521,33.6733,camp.autumn.high.solved,Idle,2
4226,218540.8327,47.3807,camp.autumn.high.solved,Idle,2
4227,218561.5037,20.671,camp.autumn.high.solved,Idle,2
4228,218616.0592,54.5554,camp.autumn.high.solved,Idle,2
4229,218657.3342,41.275,camp.autumn.high.solved,Idle,2
4230,218676.7438,19.4097,camp.autumn.high.solved,Idle,2
4231,218703.2812,26.5373,camp.autumn.high.solved,Idle,2
4232,218730.1176,26.8364,camp.autumn.high.solved,Idle,2
4233,218764.561,34.4433,camp.autumn.high.solved,Idle,2
4234,218799.3293,34.7684,camp.autumn.high.solved,Idle,2
4235,218838.3114,38.982,camp.autumn.high.solved,Idle,2
4236,218872.5254,34.2142,camp.autumn.high.solved,Idle,2
4237,218906.8122,34.2867,camp.autumn.high.solved,Idle,2
4238,218943.0894,36.2773,camp.autumn.high.solved,Idle,2
4239,218971.5572,28.4678,camp.autumn.high.solved,Idle,2
4240,219002.4917,30.9344,camp.autumn.high.solved,Idle,2
4241,219040.993,38.5014,camp.autumn.high.solved,Idle,2
4242,219090.9296,49.9365,camp.autumn.high.solved,Idle,2
4243,219109.647,18.7175,camp.autumn.high.solved,Idle,2
4244,219164.341,54.6939,camp.autumn.high.solved,Idle,2
4245,219199.2943,34.9533,camp.autumn.high.solved,Idle,2
4246,219217.1614,17.8671,camp.autumn.high.solved,Idle,2
4247,219260.3495,43.1881,camp.autumn.high.solved,Idle,2
4248,219294.4424,34.0929,camp.autumn.high.solved,Idle,2
4249,219342.2094,47.7669,camp.autumn.high.solved,Idle,2
4250,219358.2697,16.0604,camp.autumn.high.solved,Idle,2
4251,219389.7662,31.4965,camp.autumn.high.solved,Idle,2
4252,219426.7441,36.9779,camp.autumn.high.solved,Idle,2
4253,219475.6013,48.8572,camp.autumn.high.solved,Idle,2
4254,219497.8081,22.2067,camp.autumn.high.solved,Idle,2
4255,219531.7995,33.9915,camp.autumn.high.solved,Idle,2
4256,219568.2231,36.4235,camp.autumn.high.solved,Idle,2
4257,219601.4492,33.2262,camp.autumn.high.solved,Idle,2
4258,219657.4796,56.0304,camp.autumn.high.solved,Idle,2
4259,219690.3211,32.8415,camp.autumn.high.solved,Idle,2
4260,219751.5356,61.2146,camp.autumn.high.solved,Idle,2
4261,219780.3751,28.8395,camp.autumn.high.solved,Idle,2
4262,219828.0109,47.6357,camp.autumn.high.solved,Idle,2
4263,219865.8771,37.8662,camp.autumn.high.solved,Idle,2
4264,219914.669,48.792,camp.autumn.high.solved,Idle,2
4265,219964.0007,49.3316,camp.autumn.high.solved,Idle,2
4266,220010.0607,46.0601,camp.autumn.high.solved,Idle,2
4267,220073.0738,63.013,camp.autumn.high.solved,Idle,2
4268,220098.3225,25.2488,camp.autumn.high.solved,Idle,2
4269,220147.7722,49.4497,camp.autumn.high.solved,Idle,2
4270,220167.9341,20.1619,camp.autumn.high.solved,Idle,2
4271,220224.4046,56.4705,camp.autumn.high.solved,Idle,2
4272,220242.9014,18.4968,camp.autumn.high.solved,Idle,2
4273,220299.3747,56.4733,camp.autumn.high.solved,Idle,2
4274,220317.0627,17.6879,camp.autumn.high.solved,Idle,2
4275,220356.6231,39.5605,camp.autumn.high.solved,Idle,2
4276,220399.1177,42.4945,camp.autumn.high.solved,Idle,2
4277,220428.857,29.7394,camp.autumn.high.solved,Idle,2
4278,220465.3598,36.5027,camp.autumn.high.solved,Idle,2
4279,220499.589,34.2292,camp.autumn.high.solved,Idle,2
4280,220551.0188,51.4299,camp.autumn.high.solved,Idle,2
4281,220578.5896,27.5708,camp.autumn.high.solved,Idle,2
4282,220606.501,27.9111,camp.autumn.high.solved,Idle,2
4283,220642.6317,36.131,camp.autumn.high.solved,Idle,2
4284,220677.5178,34.886,camp.autumn.high.solved,Idle,2
4285,220734.5905,57.0727,camp.autumn.high.solved,Idle,2
4286,220748.2946,13.7042,camp.autumn.high.solved,Idle,2
4287,220800.4654,52.1707,camp.autumn.high.solved,Idle,2
4288,220823.4632,22.9978,camp.autumn.high.solved,Idle,2
4289,220881.4973,58.0342,camp.autumn.high.solved,Idle,2
4290,220897.4634,15.9661,camp.autumn.high.solved,Idle,2
4291,220931.786,34.3225,camp.autumn.high.solved,Idle,2
4292,220965.6355,33.8495,camp.autumn.high.solved,Idle,2
4293,221000.9334,35.298,camp.autumn.high.solved,Idle,2
4294,221036.1612,35.2278,camp.autumn.high.solved,Idle,2
4295,221073.6527,37.4915,camp.autumn.high.solved,Idle,2
4296,221129.0962,55.4434,camp.autumn.high.solved,Idle,2
4297,221146.7973,17.7012,camp.autumn.high.solved,Idle,2
4298,221194.6311,47.8338,camp.autumn.high.solved,Idle,2
4299,221210.4065,15.7754,camp.autumn.high.solved,Idle,2
4300,221247.2896,36.8831,camp.autumn.high.solved,Idle,2
4301,221285.3235,38.0338,camp.autumn.high.solved,Idle,2
4302,221319.3716,34.0482,camp.autumn.high.solved,Idle,2
4303,221359.2435,39.8715,camp.autumn.high.solved,Idle,2
4304,221407.1605,47.9173,camp.autumn.high.solved,Idle,2
4305,221445.5978,38.4373,camp.autumn.high.solved,Idle,2
4306,221463.25,17.6522,camp.autumn.high.solved,Idle,2
4307,221521.9172,58.6673,camp.autumn.high.solved,Idle,2
4308,221569.3641,47.4468,camp.autumn.high.solved,Idle,2
4309,221581.6405,12.2764,camp.autumn.high.solved,Idle,2
4310,221613.0194,31.3789,camp.autumn.high.solved,Idle,2
4311,221647.1087,34.0893,camp.autumn.high.solved,Idle,2
4312,221687.6501,40.5414,camp.autumn.high.solved,Idle,2
4313,221732.3025,44.6523,camp.autumn.high.solved,Idle,2
4314,221767.1872,34.8848,camp.autumn.high.solved,Idle,2
4315,221792.527,25.3398,camp.autumn.high.solved,Idle,2
4316,221834.2312,41.7042,camp.autumn.high.solved,Idle,2
4317,221863.6946,29.4634,camp.autumn.high.solved,Idle,2
4318,221914.1641,50.4694,camp.autumn.high.solved,Idle,2
4319,221935.9232,21.7592,camp.autumn.high.solved,Idle,2
4320,221969.8451,33.9219,camp.autumn.high.solved,Idle,2
4321,222003.835,33.9899,camp.autumn.high.solved,Idle,2
4322,222054.8859,51.0506,camp.autumn.high.solved,Idle,2
4323,222090.3125,35.4269,camp.autumn.high.solved,Idle,2
4324,222117.5251,27.2126,camp.autumn.high.solved,Idle,2
4325,222164.6098,47.0847,camp.autumn.high.solved,Idle,2
4326,222181.9401,17.3303,camp.autumn.high.solved,Idle,2
4327,222234.2056,52.2656,camp.autumn.high.solved,Idle,2
4328,222257.0477,22.842,camp.autumn.high.solved,Idle,2
4329,222295.8195,38.7718,camp.autumn.high.solved,Idle,2
4330,222333.7412,37.9217,camp.autumn.high.solved,Idle,2
4331,222364.8767,31.1355,camp.autumn.high.solved,Idle,2
4332,222411.6895,46.8127,camp.autumn.high.solved,Idle,2
4333,222445.7285,34.0391,camp.autumn.high.solved,Idle,2
4334,222491.9959,46.2675,camp.autumn.high.solved,Idle,2
4335,222514.9154,22.9194,camp.autumn.high.solved,Idle,2
4336,222549.0182,34.1028,camp.autumn.high.solved,Idle,2
4337,222583.593,34.5748,camp.autumn.high.solved,Idle,2
4338,222622.8592,39.2663,camp.autumn.high.solved,Idle,2
4339,222657.1858,34.3266,camp.autumn.high.solved,Idle,2
4340,222702.6655,45.4796,camp.autumn.high.solved,Idle,2
4341,222737.7142,35.0488,camp.autumn.high.solved,Idle,2
4342,222771.5511,33.8369,camp.autumn.high.solved,Idle,2
4343,222798.7479,27.1967,camp.autumn.high.solved,Idle,2
4344,222832.8157,34.0678,camp.autumn.high.solved,Idle,2
4345,222867.7454,34.9297,camp.autumn.high.solved,Idle,2
4346,222906.1373,38.392,camp.autumn.high.solved,Idle,2
4347,222942.3407,36.2033,camp.autumn.high.solved,Idle,2
4348,222976.3984,34.0578,camp.autumn.high.solved,Idle,2
4349,223017.5567,41.1583,camp.autumn.high.solved,Idle,2
4350,223065.5502,47.9934,camp.autumn.high.solved,Idle,2
4351,223079.9831,14.433,camp.autumn.high.solved,Idle,2
4352,223135.3852,55.4021,camp.autumn.high.solved,Idle,2
4353,223166.7027,31.3175,camp.autumn.high.solved,Idle,2
4354,223194.4209,27.7181,camp.autumn.high.solved,Idle,2
4355,223229.2136,34.7927,camp.autumn.high.solved,Idle,2
4356,223261.9298,32.7162,camp.autumn.high.solved,Idle,2
4357,223299.5176,37.5878,camp.autumn.high.solved,Idle,2
4358,223348.5024,48.9848,camp.autumn.high.solved,Idle,2
4359,223384.7103,36.2079,camp.autumn.high.solved,Idle,2
4360,223415.0405,30.3302,camp.autumn.high.solved,Idle,2
4361,223467.3523,52.3119,camp.autumn.high.solved,Idle,2
4362,223505.6079,38.2553,camp.autumn.high.solved,Idle,2
4363,223532.6995,27.0918,camp.autumn.high.solved,Idle,2
4364,223567.8379,35.1385,camp.autumn.high.solved,Idle,2
4365,223605.878,38.0401,camp.autumn.high.solved,Idle,2
4366,223646.3254,40.4473,camp.autumn.high.solved,Idle,2
4367,223685.2548,38.9294,camp.autumn.high.solved,Idle,2
4368,223756.2302,70.9754,camp.autumn.high.solved,Idle,2
4369,223781.3125,25.0823,camp.autumn.high.solved,Idle,2
4370,223846.6775,65.365,camp.autumn.high.solved,Idle,2
4371,223884.2507,37.5732,camp.autumn.high.solved,Idle,2
4372,223924.292,40.0413,camp.autumn.high.solved,Idle,2
4373,223964.3191,40.0272,camp.autumn.high.solved,Idle,2
4374,224010.7326,46.4134,camp.autumn.high.solved,Idle,2
4375,224047.7492,37.0166,camp.autumn.high.solved,Idle,2
4376,224099.4204,51.6712,camp.autumn.high.solved,Idle,2
4377,224131.3344,31.914,camp.autumn.high.solved,Idle,2
4378,224172.7004,41.366,camp.autumn.high.solved,Idle,2
4379,224224.2677,51.5673,camp.autumn.high.solved,Idle,2
4380,224255.1508,30.8831,camp.autumn.high.solved,Idle,2
4381,224270.765,15.6142,camp.autumn.high.solved,Idle,2
4382,224304.8915,34.1265,camp.autumn.high.solved,Idle,2
4383,224346.1916,41.3001,camp.autumn.high.solved,Idle,2
4384,224380.269,34.0774,camp.autumn.high.solved,Idle,2
4385,224433.3395,53.0633,camp.autumn.high.solved,Idle,2
4386,224452.4949,19.1627,route.high.to-winter,Covering,2
4387,224519.3172,66.8223,route.high.to-winter,Covering,2
4388,224564.7494,45.4322,route.high.to-winter,Covering,2
4389,224612.6944,47.9449,route.high.to-winter,Covering,2
4390,224650.8356,38.1412,route.high.to-winter,Covering,2
4391,224689.9478,39.1123,route.high.to-winter,Covering,2
4392,224729.1405,39.1927,route.high.to-winter,Covering,2
4393,224770.9913,41.8507,route.high.to-winter,Covering,2
4394,224816.5023,45.5111,route.high.to-winter,Covering,2
4395,224854.7352,38.2329,route.high.to-winter,Covering,2
4396,224896.0173,41.282,route.high.to-winter,Covering,2
4397,224935.2207,39.2035,route.high.to-winter,Covering,2
4398,224989.3519,54.1312,route.high.to-winter,Covering,2
4399,225027.2834,37.9314,route.high.to-winter,Covering,2
4400,225065.5084,38.2249,route.high.to-winter,Covering,2
4401,225109.658,44.1497,route.high.to-winter,Covering,2
4402,225151.5428,41.8849,route.high.to-winter,Covering,2
4403,225191.2321,39.6892,route.high.to-winter,Covering,2
4404,225228.8081,37.576,route.high.to-winter,Covering,2
4405,225269.1951,40.3871,route.high.to-winter,Covering,2
4406,225318.0449,48.8498,route.high.to-winter,Covering,2
4407,225359.9931,41.9481,route.high.to-winter,Covering,2
4408,225404.9296,44.9366,route.high.to-winter,Covering,2
4409,225442.6877,37.7581,route.high.to-winter,Covering,2
4410,225483.0079,40.3201,route.high.to-winter,Covering,2
4411,225541.6458,58.638,route.high.to-winter,Covering,2
4412,225595.375,53.7291,route.high.to-winter,Covering,2
4413,225640.5984,45.2235,route.high.to-winter,Covering,2
4414,225699.0928,58.4944,route.high.to-winter,Covering,2
4415,225755.4365,56.3437,route.high.to-winter,Covering,2
4416,225794.9024,39.4658,route.high.to-winter,Covering,2
4417,225843.1372,48.2348,route.high.to-winter,Covering,2
4418,225881.6071,38.4699,route.high.to-winter,Covering,2
4419,225921.0515,39.4445,route.high.to-winter,Covering,2
4420,225963.0164,41.9648,route.high.to-winter,Covering,2
4421,226018.2887,55.2724,route.high.to-winter,Covering,2
4422,226056.8118,38.523,route.high.to-winter,CoveredLoading,2
4423,226095.7853,38.9735,route.high.to-winter,CoveredLoading,2
4424,226631.0767,535.2914,route.high.to-winter,CoveredLoading,2
4425,227441.5289,810.4519,route.high.to-winter,CoveredLoading,2
4426,227478.6895,37.1608,route.high.to-winter,Preparing,2
4427,227515.1948,36.5054,route.high.to-winter,Revealing,2
4428,227559.4055,44.2107,route.high.to-winter,Revealing,2
4429,227594.8911,35.4857,route.high.to-winter,Revealing,2
4430,227630.8359,35.9445,route.high.to-winter,Revealing,2
4431,227677.2586,46.4229,route.high.to-winter,Revealing,2
4432,227712.6519,35.3933,route.high.to-winter,Revealing,2
4433,227747.3889,34.7369,route.high.to-winter,Revealing,2
4434,227795.2036,47.8148,route.high.to-winter,Revealing,2
4435,227832.908,37.7044,route.high.to-winter,Revealing,2
4436,227877.857,44.949,route.high.to-winter,Revealing,2
4437,227928.4628,50.6058,route.high.to-winter,Revealing,2
4438,227963.1511,34.6883,route.high.to-winter,Revealing,2
4439,228019.773,56.622,route.high.to-winter,Revealing,2
4440,228054.0328,34.2598,route.high.to-winter,Revealing,2
4441,228088.7914,34.7585,route.high.to-winter,Revealing,2
4442,228124.0924,35.3011,route.high.to-winter,Revealing,2
4443,228162.2143,38.1218,route.high.to-winter,Revealing,2
4444,228209.6737,47.4594,route.high.to-winter,Revealing,2
4445,228245.9251,36.2514,route.high.to-winter,Revealing,2
4446,228280.6209,34.6958,route.high.to-winter,Revealing,2
4447,228314.788,34.1672,route.high.to-winter,Revealing,2
4448,228348.2817,33.4935,route.high.to-winter,Revealing,2
4449,228382.4937,34.2121,route.high.to-winter,Revealing,2
4450,228418.2353,35.7417,route.high.to-winter,Revealing,2
4451,228464.1749,45.9395,route.high.to-winter,Revealing,2
4452,228498.3746,34.1997,route.high.to-winter,Revealing,2
4453,228533.2234,34.8488,route.high.to-winter,Revealing,2
4454,228567.9096,34.6862,route.high.to-winter,Revealing,2
4455,228603.3651,35.4555,route.high.to-winter,Revealing,2
4456,228646.7233,43.3583,route.high.to-winter,Revealing,2
4457,228691.839,45.1156,route.high.to-winter,Revealing,2
4458,228726.6605,34.8215,route.high.to-winter,Revealing,2
4459,228761.9416,35.2812,route.high.to-winter,Revealing,2
4460,228799.4722,37.5305,route.high.to-winter,Revealing,2
4461,228834.0381,34.5659,route.high.to-winter,Revealing,2
4462,228868.8537,34.8157,route.high.to-winter,Revealing,2
4463,228921.2631,52.4094,route.high.to-winter,Revealing,2
4464,228951.3554,30.092,route.high.to-winter,Idle,2
4465,229048.6083,97.2531,audit.snapshot.route.high.to-winter.ready,Idle,2
4466,229076.6602,28.0519,audit.snapshot.route.high.to-winter.ready,Idle,2
4467,229109.8651,33.2049,audit.snapshot.route.high.to-winter.ready,Idle,2
4468,229142.5477,32.6827,audit.snapshot.route.high.to-winter.ready,Idle,2
4469,229175.4405,32.8928,audit.snapshot.route.high.to-winter.ready,Idle,2
4470,229211.2745,35.8339,audit.snapshot.route.high.to-winter.ready,Idle,2
4471,229243.6701,32.3956,audit.snapshot.route.high.to-winter.ready,Idle,2
4472,229276.8313,33.1611,audit.snapshot.route.high.to-winter.ready,Idle,2
4473,229309.5513,32.7202,audit.snapshot.route.high.to-winter.ready,Idle,2
4474,229342.5873,33.0358,audit.snapshot.route.high.to-winter.ready,Idle,2
4475,229375.3145,32.7273,audit.snapshot.route.high.to-winter.ready,Idle,2
4476,229410.876,35.5615,audit.snapshot.route.high.to-winter.ready,Idle,2
4477,229438.1171,27.2411,audit.snapshot.route.high.to-winter.ready,Idle,2
4478,229467.292,29.175,audit.snapshot.route.high.to-winter.ready,Idle,2
4479,229500.4148,33.1227,audit.snapshot.route.high.to-winter.ready,Idle,2
4480,229533.2573,32.8425,audit.snapshot.route.high.to-winter.ready,Idle,2
4481,229566.1655,32.9083,audit.snapshot.route.high.to-winter.ready,Idle,2
4482,229599.8915,33.7259,audit.snapshot.route.high.to-winter.ready,Idle,2
4483,229642.6159,42.7244,audit.snapshot.route.high.to-winter.ready,Idle,2
4484,229651.2411,8.6252,audit.snapshot.route.high.to-winter.ready,Idle,2
4485,229681.3148,30.0737,audit.snapshot.route.high.to-winter.ready,Idle,2
4486,229714.1033,32.7885,audit.snapshot.route.high.to-winter.ready,Idle,2
4487,229746.335,32.2318,audit.snapshot.route.high.to-winter.ready,Idle,2
4488,229797.6074,51.2723,audit.snapshot.route.high.to-winter.ready,Idle,2
4489,229813.8683,16.2609,audit.snapshot.route.high.to-winter.ready,Idle,2
4490,229846.3376,32.4693,audit.snapshot.route.high.to-winter.ready,Idle,2
4491,229879.2871,32.9494,audit.snapshot.route.high.to-winter.ready,Idle,2
4492,229911.9695,32.6826,audit.snapshot.route.high.to-winter.ready,Idle,2
4493,229944.7531,32.7835,audit.snapshot.route.high.to-winter.ready,Idle,2
4494,229970.8537,26.1006,audit.snapshot.route.high.to-winter.ready,Idle,2
4495,230003.0838,32.2299,audit.snapshot.route.high.to-winter.ready,Idle,2
4496,230030.6266,27.543,audit.snapshot.route.high.to-winter.ready,Idle,2
4497,230063.3119,32.6854,audit.snapshot.route.high.to-winter.ready,Idle,2
4498,230096.1866,32.8746,audit.snapshot.route.high.to-winter.ready,Idle,2
4499,230129.3072,33.1206,audit.snapshot.route.high.to-winter.ready,Idle,2
4500,230161.9326,32.6255,audit.snapshot.route.high.to-winter.ready,Idle,2
4501,230195.6571,33.7244,audit.snapshot.route.high.to-winter.ready,Idle,2
4502,230242.6365,46.9794,audit.snapshot.route.high.to-winter.ready,Idle,2
4503,230282.9293,40.2929,audit.snapshot.route.high.to-winter.ready,Idle,2
4504,230330.5375,47.6082,audit.snapshot.route.high.to-winter.ready,Idle,2
4505,230369.6178,39.0802,audit.snapshot.route.high.to-winter.ready,Idle,2
4506,230416.2314,46.6137,audit.snapshot.route.high.to-winter.ready,Idle,2
4507,230465.395,49.1636,audit.snapshot.route.high.to-winter.ready,Idle,2
4508,230507.1349,41.7398,audit.snapshot.route.high.to-winter.ready,Idle,2
4509,230536.5724,29.4375,audit.snapshot.route.high.to-winter.ready,Idle,2
4510,230577.7894,41.2169,camp.winter.high.solved,Idle,2
4511,230622.1524,44.363,camp.winter.high.solved,Idle,2
4512,230664.8306,42.6782,camp.winter.high.solved,Idle,2
4513,230697.6594,32.8289,camp.winter.high.solved,Idle,2
4514,230739.6804,42.021,camp.winter.high.solved,Idle,2
4515,230782.1726,42.4922,camp.winter.high.solved,Idle,2
4516,230831.7372,49.5647,camp.winter.high.solved,Idle,2
4517,230864.5693,32.832,camp.winter.high.solved,Idle,2
4518,230906.7133,42.144,camp.winter.high.solved,Idle,2
4519,230949.4045,42.6913,camp.winter.high.solved,Idle,2
4520,230997.0645,47.66,camp.winter.high.solved,Idle,2
4521,231042.5636,45.499,camp.winter.high.solved,Idle,2
4522,231078.4732,35.9096,camp.winter.high.solved,Idle,2
4523,231116.0415,37.5684,camp.winter.high.solved,Idle,2
4524,231148.3406,32.2991,camp.winter.high.solved,Idle,2
4525,231182.8154,34.4748,camp.winter.high.solved,Idle,2
4526,231228.4163,45.6008,camp.winter.high.solved,Idle,2
4527,231261.2766,32.8604,camp.winter.high.solved,Idle,2
4528,231294.5185,33.2418,camp.winter.high.solved,Idle,2
4529,231328.8013,34.2828,camp.winter.high.solved,Idle,2
4530,231360.3992,31.5976,camp.winter.high.solved,Idle,2
4531,231392.9485,32.5496,camp.winter.high.solved,Idle,2
4532,231423.751,30.8025,camp.winter.high.solved,Idle,2
4533,231461.6148,37.8639,camp.winter.high.solved,Idle,2
4534,231511.3783,49.7635,camp.winter.high.solved,Idle,2
4535,231545.1139,33.7356,camp.winter.high.solved,Idle,2
4536,231568.139,23.0251,camp.winter.high.solved,Idle,2
4537,231601.8325,33.6934,camp.winter.high.solved,Idle,2
4538,231629.4287,27.596,camp.winter.high.solved,Idle,2
4539,231663.4743,34.0458,camp.winter.high.solved,Idle,2
4540,231699.2958,35.8215,camp.winter.high.solved,Idle,2
4541,231728.7919,29.4961,camp.winter.high.solved,Idle,2
4542,231761.5582,32.7663,camp.winter.high.solved,Idle,2
4543,231806.2972,44.7391,camp.winter.high.solved,Idle,2
4544,231842.6594,36.3622,camp.winter.high.solved,Idle,2
4545,231854.5625,11.9029,camp.winter.high.solved,Idle,2
4546,231887.498,32.9355,camp.winter.high.solved,Idle,2
4547,231916.2038,28.7059,camp.winter.high.solved,Idle,2
4548,231948.7923,32.5885,camp.winter.high.solved,Idle,2
4549,231981.4526,32.6603,camp.winter.high.solved,Idle,2
4550,232044.1014,62.6488,camp.winter.high.solved,Idle,2
4551,232071.3224,27.2211,camp.winter.high.solved,Idle,2
4552,232113.2753,41.9529,camp.winter.high.solved,Idle,2
4553,232121.9771,8.7017,camp.winter.high.solved,Idle,2
4554,232154.9504,32.9731,camp.winter.high.solved,Idle,2
4555,232178.7528,23.8026,camp.winter.high.solved,Idle,2
4556,232211.9625,33.2097,camp.winter.high.solved,Idle,2
4557,232249.197,37.2346,camp.winter.high.solved,Idle,2
4558,232281.927,32.73,camp.winter.high.solved,Idle,2
4559,232314.9583,33.0312,camp.winter.high.solved,Idle,2
4560,232347.3056,32.3473,camp.winter.high.solved,Idle,2
4561,232379.7509,32.4453,camp.winter.high.solved,Idle,2
4562,232434.9823,55.2313,camp.winter.high.solved,Idle,2
4563,232467.9697,32.9876,camp.winter.high.solved,Idle,2
4564,232480.8646,12.8948,camp.winter.high.solved,Idle,2
4565,232512.1308,31.2663,camp.winter.high.solved,Idle,2
4566,232540.2961,28.1652,camp.winter.high.solved,Idle,2
4567,232572.3926,32.0966,camp.winter.high.solved,Idle,2
4568,232603.2137,30.8211,camp.winter.high.solved,Idle,2
4569,232634.4346,31.2208,camp.winter.high.solved,Idle,2
4570,232665.7252,31.2905,camp.winter.high.solved,Idle,2
4571,232706.7584,41.0334,camp.winter.high.solved,Idle,2
4572,232734.6615,27.903,camp.winter.high.solved,Idle,2
4573,232767.0165,32.355,camp.winter.high.solved,Idle,2
4574,232796.4444,29.428,camp.winter.high.solved,Idle,2
4575,232829.1492,32.7047,camp.winter.high.solved,Idle,2
4576,232864.4374,35.2883,camp.winter.high.solved,Idle,2
4577,232901.1208,36.6833,camp.winter.high.solved,Idle,2
4578,232930.6364,29.5153,camp.winter.high.solved,Idle,2
4579,232969.6964,39.0604,camp.winter.high.solved,Idle,2
4580,232986.2091,16.5126,camp.winter.high.solved,Idle,2
4581,233018.8935,32.6844,camp.winter.high.solved,Idle,2
4582,233049.2261,30.3325,camp.winter.high.solved,Idle,2
4583,233089.4985,40.2726,camp.winter.high.solved,Idle,2
4584,233121.0031,31.5046,camp.winter.high.solved,Idle,2
4585,233151.6873,30.6842,camp.winter.high.solved,Idle,2
4586,233199.7557,48.0684,camp.winter.high.solved,Idle,2
4587,233216.1586,16.4029,camp.winter.high.solved,Idle,2
4588,233248.7941,32.6354,camp.winter.high.solved,Idle,2
4589,233289.583,40.7816,camp.winter.high.solved,Idle,2
4590,233316.9706,27.3949,camp.winter.high.solved,Idle,2
4591,233349.5284,32.5579,camp.winter.high.solved,Idle,2
4592,233398.9447,49.4162,camp.winter.high.solved,Idle,2
4593,233433.5927,34.6481,camp.winter.high.solved,Idle,2
4594,233448.7472,15.1545,camp.winter.high.solved,Idle,2
4595,233487.5072,38.76,camp.winter.high.solved,Idle,2
4596,233523.2736,35.7663,camp.winter.high.solved,Idle,2
4597,233556.0849,32.8113,camp.winter.high.solved,Idle,2
4598,233587.3704,31.2854,camp.winter.high.solved,Idle,2
4599,233616.4035,29.0333,camp.winter.high.solved,Idle,2
4600,233667.221,50.8175,camp.winter.high.solved,Idle,2
4601,233689.8152,22.5942,camp.winter.high.solved,Idle,2
4602,233722.8796,33.0644,camp.winter.high.solved,Idle,2
4603,233755.4478,32.5679,camp.winter.high.solved,Idle,2
4604,233782.8588,27.4112,camp.winter.high.solved,Idle,2
4605,233815.2524,32.3936,camp.winter.high.solved,Idle,2
4606,233848.0557,32.8034,camp.winter.high.solved,Idle,2
4607,233880.7841,32.7284,camp.winter.high.solved,Idle,2
4608,233917.7157,36.9315,camp.winter.high.solved,Idle,2
4609,233948.6631,30.9474,camp.winter.high.solved,Idle,2
4610,233981.1422,32.4792,camp.winter.high.solved,Idle,2
4611,234013.9726,32.8302,camp.winter.high.solved,Idle,2
4612,234046.9311,32.9586,camp.winter.high.solved,Idle,2
4613,234079.6714,32.7403,camp.winter.high.solved,Idle,2
4614,234133.7311,54.0598,camp.winter.high.solved,Idle,2
4615,234182.5059,48.7747,camp.winter.high.solved,Idle,2
4616,234193.1884,10.6826,camp.winter.high.solved,Idle,2
4617,234230.558,37.3694,camp.winter.high.solved,Idle,2
4618,234299.7902,69.2323,camp.winter.high.solved,Idle,2
4619,234321.7248,21.9344,camp.winter.high.solved,Idle,2
4620,234365.4003,43.6758,camp.winter.high.solved,Idle,2
4621,234411.1138,45.7134,camp.winter.high.solved,Idle,2
4622,234451.0589,39.9452,camp.winter.high.solved,Idle,2
4623,234498.3578,47.2989,camp.winter.high.solved,Idle,2
4624,234543.9358,45.578,camp.winter.high.solved,Idle,2
4625,234581.0419,37.106,camp.winter.high.solved,Idle,2
4626,234623.21,42.1681,camp.winter.high.solved,Idle,2
4627,234665.5173,42.3072,camp.winter.high.solved,Idle,2
4628,234706.3608,40.8436,camp.winter.high.solved,Idle,2
4629,234747.8531,41.4923,camp.winter.high.solved,Idle,2
4630,234790.1351,42.2819,camp.winter.high.solved,Idle,2
4631,234831.9997,41.8646,camp.winter.high.solved,Idle,2
4632,234872.8859,40.8863,camp.winter.high.solved,Idle,2
4633,234930.4744,57.5886,camp.winter.high.solved,Idle,2
4634,234956.9266,26.4521,camp.winter.high.solved,Idle,2
4635,235022.8014,65.8749,camp.winter.high.solved,Idle,2
4636,235042.483,19.6816,camp.winter.high.solved,Idle,2
4637,235072.9159,30.4328,camp.winter.high.solved,Idle,2
4638,235107.3063,34.3904,camp.winter.high.solved,Idle,2
4639,235144.7959,37.4897,camp.winter.high.solved,Idle,2
4640,235181.1616,36.3655,camp.winter.high.solved,Idle,2
4641,235218.4412,37.2797,camp.winter.high.solved,Idle,2
4642,235268.9888,50.5476,camp.winter.high.solved,Idle,2
4643,235281.6079,12.6192,camp.winter.high.solved,Idle,2
4644,235314.7095,33.1015,camp.winter.high.solved,Idle,2
4645,235349.5785,34.8691,camp.winter.high.solved,Idle,2
4646,235382.1066,32.5281,camp.winter.high.solved,Idle,2
4647,235414.7263,32.6197,camp.winter.high.solved,Idle,2
4648,235447.9273,33.201,camp.winter.high.solved,Idle,2
4649,235480.4311,32.5037,camp.winter.high.solved,Idle,2
4650,235530.5529,50.1218,camp.winter.high.solved,Idle,2
4651,235548.2962,17.7433,camp.winter.high.solved,Idle,2
4652,235582.082,33.7859,camp.winter.high.solved,Idle,2
4653,235615.0848,33.0027,camp.winter.high.solved,Idle,2
4654,235647.6599,32.5752,camp.winter.high.solved,Idle,2
4655,235680.3669,32.707,camp.winter.high.solved,Idle,2
4656,235712.9424,32.5754,camp.winter.high.solved,Idle,2
4657,235771.2613,58.319,camp.winter.high.solved,Idle,2
4658,235813.5253,42.2639,camp.winter.high.solved,Idle,2
4659,235824.2567,10.7315,camp.winter.high.solved,Idle,2
4660,235854.5703,30.3135,camp.winter.high.solved,Idle,2
4661,235889.0432,34.473,camp.winter.high.solved,Idle,2
4662,235918.4374,29.3942,camp.winter.high.solved,Idle,2
4663,235957.4252,38.9877,camp.winter.high.solved,Idle,2
4664,236001.6361,44.211,camp.winter.high.solved,Idle,2
4665,236023.1857,21.5495,camp.winter.high.solved,Idle,2
4666,236055.7294,32.5437,camp.winter.high.solved,Idle,2
4667,236083.571,27.8417,camp.winter.high.solved,Idle,2
4668,236116.1819,32.6108,camp.winter.high.solved,Idle,2
4669,236149.3988,33.2169,camp.winter.high.solved,Idle,2
4670,236187.3591,37.9604,camp.winter.high.solved,Idle,2
4671,236218.462,31.1028,camp.winter.high.solved,Idle,2
4672,236249.0396,30.5777,camp.winter.high.solved,Idle,2
4673,236281.9809,32.9413,camp.winter.high.solved,Idle,2
4674,236314.3985,32.4175,camp.winter.high.solved,Idle,2
4675,236347.6389,33.2403,camp.winter.high.solved,Idle,2
4676,236389.0364,41.3977,camp.winter.high.solved,Idle,2
4677,236417.3503,28.3139,camp.winter.high.solved,Idle,2
4678,236448.4855,31.1351,camp.winter.high.solved,Idle,2
4679,236480.5937,32.1082,camp.winter.high.solved,Idle,2
4680,236513.5612,32.9675,camp.winter.high.solved,Idle,2
4681,236546.4367,32.8755,camp.winter.high.solved,Idle,2
4682,236581.5813,35.1446,camp.winter.high.solved,Idle,2
4683,236614.3891,32.8079,camp.winter.high.solved,Idle,2
4684,236647.0643,32.6751,camp.winter.high.solved,Idle,2
4685,236679.6029,32.5387,camp.winter.high.solved,Idle,2
4686,236728.071,48.468,camp.winter.high.solved,Idle,2
4687,236745.1147,17.0437,camp.winter.high.solved,Idle,2
4688,236779.394,34.2794,camp.winter.high.solved,Idle,2
4689,236811.788,32.394,camp.winter.high.solved,Idle,2
4690,236845.2393,33.4513,route.high.to-late-haven,Covering,2
4691,236909.4836,64.2442,route.high.to-late-haven,Covering,2
4692,236959.775,50.2914,route.high.to-late-haven,Covering,2
4693,236996.7092,36.9342,route.high.to-late-haven,Covering,2
4694,237032.4824,35.7732,route.high.to-late-haven,Covering,2
4695,237068.9415,36.4591,route.high.to-late-haven,Covering,2
4696,237105.6086,36.6672,route.high.to-late-haven,Covering,2
4697,237142.9894,37.3807,route.high.to-late-haven,Covering,2
4698,237187.6228,44.6334,route.high.to-late-haven,Covering,2
4699,237230.2617,42.6386,route.high.to-late-haven,Covering,2
4700,237266.2736,36.0123,route.high.to-late-haven,Covering,2
4701,237301.7401,35.4665,route.high.to-late-haven,Covering,2
4702,237336.164,34.4238,route.high.to-late-haven,Covering,2
4703,237372.8996,36.7357,route.high.to-late-haven,Covering,2
4704,237411.0529,38.1532,route.high.to-late-haven,Covering,2
4705,237463.978,52.9252,route.high.to-late-haven,Covering,2
4706,237499.3641,35.3861,route.high.to-late-haven,Covering,2
4707,237534.177,34.8128,route.high.to-late-haven,Covering,2
4708,237568.988,34.8111,route.high.to-late-haven,Covering,2
4709,237605.5922,36.6042,route.high.to-late-haven,Covering,2
4710,237641.9489,36.3567,route.high.to-late-haven,Covering,2
4711,237697.6315,55.6826,route.high.to-late-haven,Covering,2
4712,237732.8008,35.1692,route.high.to-late-haven,Covering,2
4713,237779.0522,46.2515,route.high.to-late-haven,Covering,2
4714,237834.8113,55.7591,route.high.to-late-haven,Covering,2
4715,237869.9024,35.091,route.high.to-late-haven,Covering,2
4716,237906.464,36.5617,route.high.to-late-haven,Covering,2
4717,237944.9114,38.4472,route.high.to-late-haven,Covering,2
4718,237991.8657,46.9543,route.high.to-late-haven,Covering,2
4719,238034.5807,42.7151,route.high.to-late-haven,Covering,2
4720,238073.0315,38.4509,route.high.to-late-haven,Covering,2
4721,238115.4225,42.3909,route.high.to-late-haven,Covering,2
4722,238156.1099,40.6874,route.high.to-late-haven,Covering,2
4723,238204.0439,47.9339,route.high.to-late-haven,Covering,2
4724,238243.9546,39.9109,route.high.to-late-haven,Covering,2
4725,238296.7882,52.8335,route.high.to-late-haven,Covering,2
4726,238351.854,55.0658,route.high.to-late-haven,Covering,2
4727,238412.7691,60.9151,route.high.to-late-haven,Covering,2
4728,238482.5159,69.7467,route.high.to-late-haven,CoveredLoading,2
4729,238518.1991,35.6833,route.high.to-late-haven,CoveredLoading,2
4730,238948.6514,430.4524,route.high.to-late-haven,CoveredLoading,2
4731,239785.369,836.7173,route.high.to-late-haven,CoveredLoading,2
4732,239833.6772,48.3084,route.high.to-late-haven,Preparing,2
4733,239879.1245,45.4472,route.high.to-late-haven,Revealing,2
4734,239914.1726,35.0482,route.high.to-late-haven,Revealing,2
4735,239954.4106,40.2381,route.high.to-late-haven,Revealing,2
4736,240000.6898,46.2792,route.high.to-late-haven,Revealing,2
4737,240038.0471,37.3572,route.high.to-late-haven,Revealing,2
4738,240101.0348,62.9878,route.high.to-late-haven,Revealing,2
4739,240136.1357,35.1008,route.high.to-late-haven,Revealing,2
4740,240205.679,69.5433,route.high.to-late-haven,Revealing,2
4741,240248.0632,42.3843,route.high.to-late-haven,Revealing,2
4742,240288.6891,40.6258,route.high.to-late-haven,Revealing,2
4743,240325.0352,36.3462,route.high.to-late-haven,Revealing,2
4744,240365.2249,40.1896,route.high.to-late-haven,Revealing,2
4745,240419.7232,54.4984,route.high.to-late-haven,Revealing,2
4746,240477.9217,58.1985,route.high.to-late-haven,Revealing,2
4747,240511.9459,34.0241,route.high.to-late-haven,Revealing,2
4748,240553.2526,41.3068,route.high.to-late-haven,Revealing,2
4749,240597.9122,44.6595,route.high.to-late-haven,Revealing,2
4750,240641.5527,43.6406,route.high.to-late-haven,Revealing,2
4751,240676.8825,35.3298,route.high.to-late-haven,Revealing,2
4752,240713.3919,36.5094,route.high.to-late-haven,Revealing,2
4753,240750.5636,37.1717,route.high.to-late-haven,Revealing,2
4754,240786.5323,35.9687,route.high.to-late-haven,Revealing,2
4755,240822.0652,35.5329,route.high.to-late-haven,Revealing,2
4756,240860.0111,37.9458,route.high.to-late-haven,Revealing,2
4757,240918.7728,58.7618,route.high.to-late-haven,Revealing,2
4758,240961.8905,43.1177,route.high.to-late-haven,Revealing,2
4759,240996.41,34.5195,route.high.to-late-haven,Revealing,2
4760,241030.5531,34.1431,route.high.to-late-haven,Revealing,2
4761,241083.3144,52.7613,route.high.to-late-haven,Revealing,2
4762,241139.952,56.6374,route.high.to-late-haven,Revealing,2
4763,241174.4968,34.5449,route.high.to-late-haven,Revealing,2
4764,241209.2797,34.7829,route.high.to-late-haven,Revealing,2
4765,241249.4693,40.1897,route.high.to-late-haven,Revealing,2
4766,241296.4728,47.0034,route.high.to-late-haven,Idle,2
4767,241399.8117,103.3388,audit.snapshot.route.high.to-late-haven.ready,Idle,2
4768,241421.4983,21.6868,audit.snapshot.route.high.to-late-haven.ready,Idle,2
4769,241473.813,52.3146,audit.snapshot.route.high.to-late-haven.ready,Idle,2
4770,241498.3199,24.507,audit.snapshot.route.high.to-late-haven.ready,Idle,2
4771,241547.3207,49.0007,audit.snapshot.route.high.to-late-haven.ready,Idle,2
4772,241562.3018,14.9811,audit.snapshot.route.high.to-late-haven.ready,Idle,2
4773,241630.0252,67.7234,audit.snapshot.route.high.to-late-haven.ready,Idle,2
4774,241651.1594,21.1342,audit.snapshot.route.high.to-late-haven.ready,Idle,2
4775,241686.0569,34.8975,audit.snapshot.route.high.to-late-haven.ready,Idle,2
4776,241739.8494,53.7925,audit.snapshot.route.high.to-late-haven.ready,Idle,2
4777,241757.574,17.7246,audit.snapshot.route.high.to-late-haven.ready,Idle,2
4778,241814.6589,57.0849,audit.snapshot.route.high.to-late-haven.ready,Idle,2
4779,241831.9496,17.2908,audit.snapshot.route.high.to-late-haven.ready,Idle,2
4780,241871.6457,39.6961,audit.snapshot.route.high.to-late-haven.ready,Idle,2
4781,241919.6766,48.0309,audit.snapshot.route.high.to-late-haven.ready,Idle,2
4782,241956.949,37.2723,audit.snapshot.route.high.to-late-haven.ready,Idle,2
4783,241996.7948,39.8458,audit.snapshot.route.high.to-late-haven.ready,Idle,2
4784,242012.0461,15.2514,audit.snapshot.route.high.to-late-haven.ready,Idle,2
4785,242072.3774,60.3312,audit.snapshot.route.high.to-late-haven.ready,Idle,2
4786,242119.3943,47.017,audit.snapshot.route.high.to-late-haven.ready,Idle,2
4787,242131.6172,12.2228,audit.snapshot.route.high.to-late-haven.ready,Idle,2
4788,242169.0695,37.4523,audit.snapshot.route.high.to-late-haven.ready,Idle,2
4789,242227.2979,58.2284,audit.snapshot.route.high.to-late-haven.ready,Idle,2
4790,242268.4643,41.1665,audit.snapshot.route.high.to-late-haven.ready,Idle,2
4791,242315.6637,47.1994,audit.snapshot.route.high.to-late-haven.ready,Idle,2
4792,242399.2121,83.5484,audit.snapshot.route.high.to-late-haven.ready,Idle,2
4793,242415.7522,16.54,audit.snapshot.route.high.to-late-haven.ready,Idle,2
4794,242466.1486,50.3965,audit.snapshot.route.high.to-late-haven.ready,Idle,2
4795,242519.6401,53.4914,audit.snapshot.route.high.to-late-haven.ready,Idle,2
4796,242554.6407,35.0007,audit.snapshot.route.high.to-late-haven.ready,Idle,2
4797,242632.5769,77.9359,audit.snapshot.route.high.to-late-haven.ready,Idle,2
4798,242667.1199,34.5433,audit.snapshot.route.high.to-late-haven.ready,Idle,2
4799,242706.6642,39.544,audit.snapshot.route.high.to-late-haven.ready,Idle,2
4800,242782.5391,75.8752,audit.snapshot.route.high.to-late-haven.ready,Idle,2
4801,242799.5361,16.9969,audit.snapshot.route.high.to-late-haven.ready,Idle,2
4802,242863.3261,63.7901,audit.snapshot.route.high.to-late-haven.ready,Idle,2
4803,242898.5419,35.2157,audit.snapshot.route.high.to-late-haven.ready,Idle,2
4804,242978.2737,79.7318,audit.snapshot.route.high.to-late-haven.ready,Idle,2
4805,243012.9156,34.642,audit.snapshot.route.high.to-late-haven.ready,Idle,2
4806,243052.7372,39.8215,audit.snapshot.route.high.to-late-haven.ready,Idle,2
4807,243094.8461,42.1089,audit.snapshot.route.high.to-late-haven.ready,Idle,2
4808,243139.4541,44.6081,audit.snapshot.route.high.to-late-haven.ready,Idle,2
4809,243178.4604,39.0062,audit.snapshot.route.high.to-late-haven.ready,Idle,2
4810,243236.6164,58.156,audit.snapshot.route.high.to-late-haven.ready,Idle,2
4811,243266.7192,30.1029,audit.snapshot.route.high.to-late-haven.ready,Idle,2
4812,243303.9567,37.2374,camp.late-haven.high.solved,Idle,2
4813,243357.9053,53.9487,camp.late-haven.high.solved,Idle,2
4814,243416.352,58.4467,camp.late-haven.high.solved,Idle,2
4815,243430.4897,14.1377,camp.late-haven.high.solved,Idle,2
4816,243461.0515,30.5616,camp.late-haven.high.solved,Idle,2
4817,243503.5598,42.5085,camp.late-haven.high.solved,Idle,2
4818,243572.7561,69.1962,camp.late-haven.high.solved,Idle,2
4819,243618.5081,45.752,camp.late-haven.high.solved,Idle,2
4820,243629.3759,10.8678,camp.late-haven.high.solved,Idle,2
4821,243680.5478,51.172,camp.late-haven.high.solved,Idle,2
4822,243720.3702,39.8222,camp.late-haven.high.solved,Idle,2
4823,243756.5109,36.1409,camp.late-haven.high.solved,Idle,2
4824,243794.1144,37.6034,camp.late-haven.high.solved,Idle,2
4825,243849.6526,55.5382,camp.late-haven.high.solved,Idle,2
4826,243870.6998,21.0473,camp.late-haven.high.solved,Idle,2
4827,243899.3708,28.6708,camp.late-haven.high.solved,Idle,2
4828,243967.894,68.5233,camp.late-haven.high.solved,Idle,2
4829,243996.665,28.7711,camp.late-haven.high.solved,Idle,2
4830,244024.2872,27.6221,camp.late-haven.high.solved,Idle,2
4831,244049.9363,25.6491,camp.late-haven.high.solved,Idle,2
4832,244086.9957,37.0594,camp.late-haven.high.solved,Idle,2
4833,244121.191,34.1953,camp.late-haven.high.solved,Idle,2
4834,244158.8145,37.6236,camp.late-haven.high.solved,Idle,2
4835,244200.8489,42.0342,camp.late-haven.high.solved,Idle,2
4836,244231.8982,31.0495,camp.late-haven.high.solved,Idle,2
4837,244279.695,47.7968,camp.late-haven.high.solved,Idle,2
4838,244321.6153,41.9203,camp.late-haven.high.solved,Idle,2
4839,244373.5257,51.9104,camp.late-haven.high.solved,Idle,2
4840,244388.5136,14.9879,camp.late-haven.high.solved,Idle,2
4841,244423.7472,35.2336,camp.late-haven.high.solved,Idle,2
4842,244481.3313,57.5841,camp.late-haven.high.solved,Idle,2
4843,244518.1977,36.8663,camp.late-haven.high.solved,Idle,2
4844,244537.9628,19.7651,camp.late-haven.high.solved,Idle,2
4845,244584.6567,46.6939,camp.late-haven.high.solved,Idle,2
4846,244636.9912,52.3345,camp.late-haven.high.solved,Idle,2
4847,244652.3164,15.3253,camp.late-haven.high.solved,Idle,2
4848,244688.5138,36.1973,camp.late-haven.high.solved,Idle,2
4849,244722.4854,33.9717,camp.late-haven.high.solved,Idle,2
4850,244760.5506,38.0652,camp.late-haven.high.solved,Idle,2
4851,244802.5996,42.0489,camp.late-haven.high.solved,Idle,2
4852,244831.8425,29.243,camp.late-haven.high.solved,Idle,2
4853,244879.4479,47.6052,camp.late-haven.high.solved,Idle,2
4854,244919.9576,40.5099,camp.late-haven.high.solved,Idle,2
4855,244950.8078,30.8502,camp.late-haven.high.solved,Idle,2
4856,244988.0919,37.2841,camp.late-haven.high.solved,Idle,2
4857,245022.8592,34.7672,camp.late-haven.high.solved,Idle,2
4858,245065.1841,42.325,camp.late-haven.high.solved,Idle,2
4859,245108.8914,43.7072,camp.late-haven.high.solved,Idle,2
4860,245143.5963,34.705,camp.late-haven.high.solved,Idle,2
4861,245163.4979,19.9016,camp.late-haven.high.solved,Idle,2
4862,245197.4155,33.9175,camp.late-haven.high.solved,Idle,2
4863,245228.5521,31.1367,camp.late-haven.high.solved,Idle,2
4864,245271.599,43.0469,camp.late-haven.high.solved,Idle,2
4865,245309.1836,37.5845,camp.late-haven.high.solved,Idle,2
4866,245362.2986,53.1151,camp.late-haven.high.solved,Idle,2
4867,245405.552,43.2534,camp.late-haven.high.solved,Idle,2
4868,245420.8079,15.2558,camp.late-haven.high.solved,Idle,2
4869,245462.8113,42.0035,camp.late-haven.high.solved,Idle,2
4870,245500.2912,37.4799,camp.late-haven.high.solved,Idle,2
4871,245538.6667,38.3755,camp.late-haven.high.solved,Idle,2
4872,245572.0508,33.384,camp.late-haven.high.solved,Idle,2
4873,245609.2071,37.1563,camp.late-haven.high.solved,Idle,2
4874,245662.2254,53.0183,camp.late-haven.high.solved,Idle,2
4875,245700.0331,37.8078,camp.late-haven.high.solved,Idle,2
4876,245716.7126,16.6794,camp.late-haven.high.solved,Idle,2
4877,245763.333,46.6204,camp.late-haven.high.solved,Idle,2
4878,245800.9891,37.6562,camp.late-haven.high.solved,Idle,2
4879,245832.1265,31.13,camp.late-haven.high.solved,Idle,2
4880,245869.0305,36.9113,camp.late-haven.high.solved,Idle,2
4881,245928.2697,59.2393,camp.late-haven.high.solved,Idle,2
4882,245957.942,29.6722,camp.late-haven.high.solved,Idle,2
4883,245995.7297,37.7878,camp.late-haven.high.solved,Idle,2
4884,246026.6157,30.886,camp.late-haven.high.solved,Idle,2
4885,246068.7457,42.13,camp.late-haven.high.solved,Idle,2
4886,246108.3677,39.6219,camp.late-haven.high.solved,Idle,2
4887,246140.7326,32.3649,camp.late-haven.high.solved,Idle,2
4888,246204.4946,63.762,camp.late-haven.high.solved,Idle,2
4889,246228.5028,24.0083,camp.late-haven.high.solved,Idle,2
4890,246280.8117,52.3089,camp.late-haven.high.solved,Idle,2
4891,246344.1154,63.3035,camp.late-haven.high.solved,Idle,2
4892,246360.2561,16.1407,camp.late-haven.high.solved,Idle,2
4893,246431.0505,70.7946,camp.late-haven.high.solved,Idle,2
4894,246483.5307,52.4802,camp.late-haven.high.solved,Idle,2
4895,246514.533,31.0023,camp.late-haven.high.solved,Idle,2
4896,246555.9643,41.4312,camp.late-haven.high.solved,Idle,2
4897,246612.6659,56.7014,camp.late-haven.high.solved,Idle,2
4898,246675.1139,62.4482,camp.late-haven.high.solved,Idle,2
4899,246714.195,39.081,camp.late-haven.high.solved,Idle,2
4900,246749.5693,35.3745,camp.late-haven.high.solved,Idle,2
4901,246818.8204,69.2511,camp.late-haven.high.solved,Idle,2
4902,246865.5264,46.7059,camp.late-haven.high.solved,Idle,2
4903,246924.7903,59.264,camp.late-haven.high.solved,Idle,2
4904,246956.2198,31.4295,camp.late-haven.high.solved,Idle,2
4905,247011.6558,55.436,camp.late-haven.high.solved,Idle,2
4906,247067.384,55.7282,camp.late-haven.high.solved,Idle,2
4907,247127.789,60.4049,camp.late-haven.high.solved,Idle,2
4908,247182.0113,54.2221,camp.late-haven.high.solved,Idle,2
4909,247212.8933,30.8822,camp.late-haven.high.solved,Idle,2
4910,247250.9126,38.0193,camp.late-haven.high.solved,Idle,2
4911,247280.7163,29.8037,camp.late-haven.high.solved,Idle,2
4912,247317.9852,37.2689,camp.late-haven.high.solved,Idle,2
4913,247353.3496,35.3645,camp.late-haven.high.solved,Idle,2
4914,247397.0295,43.6799,camp.late-haven.high.solved,Idle,2
4915,247441.8387,44.8091,camp.late-haven.high.solved,Idle,2
4916,247470.6045,28.7659,camp.late-haven.high.solved,Idle,2
4917,247513.5437,42.9392,camp.late-haven.high.solved,Idle,2
4918,247567.6914,54.1476,camp.late-haven.high.solved,Idle,2
4919,247582.7028,15.0115,camp.late-haven.high.solved,Idle,2
4920,247622.9497,40.2468,camp.late-haven.high.solved,Idle,2
4921,247656.8533,33.9036,camp.late-haven.high.solved,Idle,2
4922,247701.3648,44.5115,camp.late-haven.high.solved,Idle,2
4923,247751.7574,50.3926,camp.late-haven.high.solved,Idle,2
4924,247771.5622,19.8048,camp.late-haven.high.solved,Idle,2
4925,247834.7213,63.1592,camp.late-haven.high.solved,Idle,2
4926,247858.9146,24.1933,camp.late-haven.high.solved,Idle,2
4927,247885.844,26.9293,camp.late-haven.high.solved,Idle,2
4928,247920.1241,34.2801,camp.late-haven.high.solved,Idle,2
4929,247955.3718,35.2478,camp.late-haven.high.solved,Idle,2
4930,247997.7864,42.4146,camp.late-haven.high.solved,Idle,2
4931,248040.4501,42.6636,camp.late-haven.high.solved,Idle,2
4932,248066.1168,25.6667,camp.late-haven.high.solved,Idle,2
4933,248114.7024,48.5856,camp.late-haven.high.solved,Idle,2
4934,248150.025,35.3227,camp.late-haven.high.solved,Idle,2
4935,248167.5276,17.5026,camp.late-haven.high.solved,Idle,2
4936,248204.4035,36.8758,camp.late-haven.high.solved,Idle,2
4937,248251.3703,46.9669,camp.late-haven.high.solved,Idle,2
4938,248295.6314,44.261,camp.late-haven.high.solved,Idle,2
4939,248338.5846,42.953,camp.late-haven.high.solved,Idle,2
4940,248357.3489,18.7645,camp.late-haven.high.solved,Idle,2
4941,248412.3869,55.038,camp.late-haven.high.solved,Idle,2
4942,248458.5781,46.1913,camp.late-haven.high.solved,Idle,2
4943,248482.7589,24.1808,camp.late-haven.high.solved,Idle,2
4944,248518.7412,35.9823,camp.late-haven.high.solved,Idle,2
4945,248554.1589,35.4175,camp.late-haven.high.solved,Idle,2
4946,248606.6129,52.4542,camp.late-haven.high.solved,Idle,2
4947,248633.2334,26.6205,camp.late-haven.high.solved,Idle,2
4948,248666.7414,33.5079,camp.late-haven.high.solved,Idle,2
4949,248722.284,55.5427,camp.late-haven.high.solved,Idle,2
4950,248762.5584,40.2744,camp.late-haven.high.solved,Idle,2
4951,248789.2933,26.7349,camp.late-haven.high.solved,Idle,2
4952,248822.6456,33.3523,camp.late-haven.high.solved,Idle,2
4953,248858.0062,35.3605,camp.late-haven.high.solved,Idle,2
4954,248914.1837,56.1776,camp.late-haven.high.solved,Idle,2
4955,248964.4163,50.2326,camp.late-haven.high.solved,Idle,2
4956,248979.3395,14.9232,camp.late-haven.high.solved,Idle,2
4957,249025.2721,45.9324,camp.late-haven.high.solved,Idle,2
4958,249062.4362,37.1643,camp.late-haven.high.solved,Idle,2
4959,249094.0504,31.6142,camp.late-haven.high.solved,Idle,2
4960,249129.1921,35.1416,camp.late-haven.high.solved,Idle,2
4961,249180.6428,51.4508,camp.late-haven.high.solved,Idle,2
4962,249219.0587,38.4159,camp.late-haven.high.solved,Idle,2
4963,249258.6419,39.5831,camp.late-haven.high.solved,Idle,2
4964,249286.9637,28.3218,camp.late-haven.high.solved,Idle,2
4965,249331.0531,44.0895,camp.late-haven.high.solved,Idle,2
4966,249359.4464,28.3933,camp.late-haven.high.solved,Idle,2
4967,249394.8015,35.355,camp.late-haven.high.solved,Idle,2
4968,249437.7646,42.9632,camp.late-haven.high.solved,Idle,2
4969,249470.9956,33.231,camp.late-haven.high.solved,Idle,2
4970,249534.0683,63.0726,camp.late-haven.high.solved,Idle,2
4971,249571.6107,37.5424,camp.late-haven.high.solved,Idle,2
4972,249589.427,17.8162,camp.late-haven.high.solved,Idle,2
4973,249629.6487,40.2219,camp.late-haven.high.solved,Idle,2
4974,249660.6755,31.0268,camp.late-haven.high.solved,Idle,2
4975,249698.8516,38.176,camp.late-haven.high.solved,Idle,2
4976,249746.1908,47.3393,camp.late-haven.high.solved,Idle,2
4977,249778.7354,32.5445,camp.late-haven.high.solved,Idle,2
4978,249831.3587,52.6234,camp.late-haven.high.solved,Idle,2
4979,249856.1055,24.7468,camp.late-haven.high.solved,Idle,2
4980,249912.222,56.1164,camp.late-haven.high.solved,Idle,2
4981,249928.9559,16.734,camp.late-haven.high.solved,Idle,2
4982,249963.0906,34.1346,camp.late-haven.high.solved,Idle,2
4983,249998.7078,35.6172,camp.late-haven.high.solved,Idle,2
4984,250035.7228,37.015,camp.late-haven.high.solved,Idle,2
4985,250101.1187,65.3956,camp.late-haven.high.solved,Idle,2
4986,250138.6743,37.556,camp.late-haven.high.solved,Idle,2
4987,250177.5529,38.8785,camp.late-haven.high.solved,Idle,2
4988,250191.4339,13.8811,camp.late-haven.high.solved,Idle,2
4989,250231.774,40.3401,camp.late-haven.high.solved,Idle,2
4990,250289.2439,57.4698,camp.late-haven.high.solved,Idle,2
4991,250351.4064,62.1625,camp.late-haven.high.solved,Idle,2
4992,250395.3466,43.9402,route.high.final-camp-menu,Covering,2
4993,250466.6108,71.2643,route.high.final-camp-menu,Covering,2
4994,250529.7795,63.1687,route.high.final-camp-menu,Covering,2
4995,250591.2744,61.4949,route.high.final-camp-menu,Covering,2
4996,250645.5688,54.2944,route.high.final-camp-menu,Covering,2
4997,250682.7836,37.2147,route.high.final-camp-menu,Covering,2
4998,250747.5695,64.7859,route.high.final-camp-menu,Covering,2
4999,250813.3176,65.7481,route.high.final-camp-menu,Covering,2
5000,250871.3826,58.0651,route.high.final-camp-menu,Covering,2
5001,250909.3029,37.9202,route.high.final-camp-menu,Covering,2
5002,250967.7975,58.4947,route.high.final-camp-menu,Covering,2
5003,251003.9048,36.1073,route.high.final-camp-menu,Covering,2
5004,251052.259,48.3542,route.high.final-camp-menu,Covering,2
5005,251105.5838,53.3247,route.high.final-camp-menu,Covering,2
5006,251168.4728,62.889,route.high.final-camp-menu,Covering,2
5007,251203.9017,35.4288,route.high.final-camp-menu,Covering,2
5008,251252.2521,48.3505,route.high.final-camp-menu,Covering,2
5009,251317.3727,65.1206,route.high.final-camp-menu,Covering,2
5010,251366.4417,49.069,route.high.final-camp-menu,Covering,2
5011,251400.4321,33.9905,route.high.final-camp-menu,Covering,2
5012,251460.2254,59.7933,route.high.final-camp-menu,Covering,2
5013,251496.0981,35.8726,route.high.final-camp-menu,Covering,2
5014,251553.2326,57.1346,route.high.final-camp-menu,Covering,2
5015,251590.3475,37.1149,route.high.final-camp-menu,Covering,2
5016,251627.3665,37.019,route.high.final-camp-menu,Covering,2
5017,251664.7282,37.3617,route.high.final-camp-menu,Covering,2
5018,251731.8752,67.147,route.high.final-camp-menu,Covering,2
5019,251796.3964,64.521,route.high.final-camp-menu,Covering,2
5020,251842.669,46.2728,route.high.final-camp-menu,Covering,2
5021,251878.5937,35.9245,route.high.final-camp-menu,Covering,2
5022,251922.027,43.4335,route.high.final-camp-menu,Covering,2
5023,251985.067,63.04,route.high.final-camp-menu,Covering,2
5024,252020.9823,35.9152,route.high.final-camp-menu,CoveredLoading,2
5025,252056.9825,36.0002,route.high.final-camp-menu,CoveredLoading,2
5026,252536.999,480.0166,route.high.final-camp-menu,CoveredLoading,2
5027,253547.388,1010.3886,route.high.final-camp-menu,CoveredLoading,2
5028,253596.3228,48.9351,route.high.final-camp-menu,Preparing,2
5029,253644.7474,48.4247,route.high.final-camp-menu,Revealing,2
5030,253680.9561,36.2087,route.high.final-camp-menu,Revealing,2
5031,253747.2551,66.2989,route.high.final-camp-menu,Revealing,2
5032,253791.565,44.3098,route.high.final-camp-menu,Revealing,2
5033,253827.0617,35.4968,route.high.final-camp-menu,Revealing,2
5034,253879.3611,52.2994,route.high.final-camp-menu,Revealing,2
5035,253916.2087,36.8476,route.high.final-camp-menu,Revealing,2
5036,253982.3674,66.1588,route.high.final-camp-menu,Revealing,2
5037,254055.6141,73.2464,route.high.final-camp-menu,Revealing,2
5038,254093.2786,37.6645,route.high.final-camp-menu,Revealing,2
5039,254149.2415,55.9631,route.high.final-camp-menu,Revealing,2
5040,254186.0861,36.8446,route.high.final-camp-menu,Revealing,2
5041,254267.0004,80.9143,route.high.final-camp-menu,Revealing,2
5042,254328.3086,61.3083,route.high.final-camp-menu,Revealing,2
5043,254364.4116,36.1029,route.high.final-camp-menu,Revealing,2
5044,254447.11,82.6983,route.high.final-camp-menu,Revealing,2
5045,254482.9079,35.798,route.high.final-camp-menu,Revealing,2
5046,254565.2874,82.3795,route.high.final-camp-menu,Revealing,2
5047,254629.4053,64.1179,route.high.final-camp-menu,Revealing,2
5048,254664.8841,35.4788,route.high.final-camp-menu,Revealing,2
5049,254721.8727,56.9887,route.high.final-camp-menu,Revealing,2
5050,254758.8204,36.9477,route.high.final-camp-menu,Revealing,2
5051,254828.3442,69.5238,route.high.final-camp-menu,Revealing,2
5052,254885.7531,57.4089,route.high.final-camp-menu,Revealing,2
5053,254922.8314,37.0782,route.high.final-camp-menu,Revealing,2
5054,254959.7506,36.9191,route.high.final-camp-menu,Revealing,2
5055,255015.0396,55.2891,route.high.final-camp-menu,Revealing,2
5056,255057.6508,42.6112,route.high.final-camp-menu,Idle,2
5057,255078.9794,21.3286,audit.snapshot.route.high.final-camp-menu.ready,Idle,2
5058,255123.2459,44.2665,audit.snapshot.route.high.final-camp-menu.ready,Idle,2
5059,255197.0451,73.7993,audit.snapshot.route.high.final-camp-menu.ready,Idle,2
5060,255232.892,35.8468,audit.snapshot.route.high.final-camp-menu.ready,Idle,2
5061,255266.5736,33.6817,audit.snapshot.route.high.final-camp-menu.ready,Idle,2
5062,255295.3637,28.7901,audit.snapshot.route.high.final-camp-menu.ready,Idle,2
5063,255363.5438,68.18,audit.snapshot.route.high.final-camp-menu.ready,Idle,2
5064,255398.8102,35.2665,audit.snapshot.route.high.final-camp-menu.ready,Idle,2
5065,255415.4405,16.63,audit.snapshot.route.high.final-camp-menu.ready,Idle,2
5066,255471.3765,55.9363,audit.snapshot.route.high.final-camp-menu.ready,Idle,2
5067,255506.8065,35.43,audit.snapshot.route.high.final-camp-menu.ready,Idle,2
5068,255545.8396,39.033,audit.snapshot.route.high.final-camp-menu.ready,Idle,2
5069,255560.1958,14.3563,audit.snapshot.route.high.final-camp-menu.ready,Idle,2
5070,255595.2021,35.0062,audit.snapshot.route.high.final-camp-menu.ready,Idle,2
5071,255657.1437,61.9417,audit.snapshot.route.high.final-camp-menu.ready,Idle,2
5072,255680.5583,23.4146,audit.snapshot.route.high.final-camp-menu.ready,Idle,2
5073,255717.9217,37.3634,audit.snapshot.route.high.final-camp-menu.ready,Idle,2
5074,255750.4346,32.5129,audit.snapshot.route.high.final-camp-menu.ready,Idle,2
5075,255792.1459,41.7112,audit.snapshot.route.high.final-camp-menu.ready,Idle,2
5076,255839.9666,47.8208,audit.snapshot.route.high.final-camp-menu.ready,Idle,2
5077,255877.1961,37.2294,audit.snapshot.route.high.final-camp-menu.ready,Idle,2
5078,255910.3628,33.1667,audit.snapshot.route.high.final-camp-menu.ready,Idle,2
5079,255945.4964,35.1337,audit.snapshot.route.high.final-camp-menu.ready,Idle,2
5080,255990.0215,44.5251,audit.snapshot.route.high.final-camp-menu.ready,Idle,2
5081,256028.781,38.7594,audit.snapshot.route.high.final-camp-menu.ready,Idle,2
5082,256050.5444,21.7634,audit.snapshot.route.high.final-camp-menu.ready,Idle,2
5083,256091.0238,40.4795,audit.snapshot.route.high.final-camp-menu.ready,Idle,2
5084,256139.8119,48.7881,audit.snapshot.route.high.final-camp-menu.ready,Idle,2
5085,256164.3107,24.4986,audit.snapshot.route.high.final-camp-menu.ready,Idle,2
5086,256210.5989,46.2884,audit.snapshot.route.high.final-camp-menu.ready,Idle,2
5087,256249.0209,38.422,audit.snapshot.route.high.final-camp-menu.ready,Idle,2
5088,256286.9715,37.9505,audit.snapshot.route.high.final-camp-menu.ready,Idle,2
5089,256298.2565,11.285,audit.snapshot.route.high.final-camp-menu.ready,Idle,2
5090,256348.2372,49.9808,audit.snapshot.route.high.final-camp-menu.ready,Idle,2
5091,256396.1957,47.9584,audit.snapshot.route.high.final-camp-menu.ready,Idle,2
5092,256434.1251,37.9295,audit.snapshot.route.high.final-camp-menu.ready,Idle,2
5093,256462.6242,28.4991,audit.snapshot.route.high.final-camp-menu.ready,Idle,2
5094,256485.9746,23.3503,audit.snapshot.route.high.final-camp-menu.ready,Idle,2
5095,256548.8932,62.9186,audit.snapshot.route.high.final-camp-menu.ready,Idle,2
5096,256597.4328,48.5396,audit.snapshot.route.high.final-camp-menu.ready,Idle,2
5097,256635.0155,37.5827,audit.snapshot.route.high.final-camp-menu.ready,Idle,2
5098,256672.7613,37.7459,audit.snapshot.route.high.final-camp-menu.ready,Idle,2
5099,256718.184,45.4226,audit.snapshot.route.high.final-camp-menu.ready,Idle,2
5100,256749.9343,31.7503,audit.snapshot.route.high.final-camp-menu.ready,Idle,2
5101,256785.0522,35.1179,audit.snapshot.route.high.final-camp-menu.ready,Idle,2
5102,258054.733,1269.6808,ui.Levels.open,Idle,2
5103,258233.3348,178.6019,ui.Levels.open,Idle,2
5104,258266.8338,33.4989,ui.Levels.open,Idle,2
5105,258314.5114,47.6776,ui.Levels.open,Idle,2
5106,258449.2384,134.727,ui.Levels.open,Idle,2
5107,258469.3286,20.0902,ui.Levels.open,Idle,2
5108,258486.9078,17.5792,ui.Levels.open,Idle,2
5109,258502.79,15.8822,ui.Levels.open,Idle,2
5110,258518.3642,15.5743,ui.Levels.open,Idle,2
5111,258532.3243,13.9601,ui.Levels.open,Idle,2
5112,258551.5618,19.2374,ui.Levels.open,Idle,2
5113,258565.8842,14.3225,ui.Levels.open,Idle,2
5114,258588.3569,22.4727,ui.Levels.open,Idle,2
5115,258617.0184,28.6615,ui.Levels.open,Idle,2
5116,258642.3591,25.3407,ui.Levels.open,Idle,2
5117,258664.5141,22.1549,ui.Levels.open,Idle,2
5118,258681.8107,17.2966,ui.Levels.open,Idle,2
5119,258697.6619,15.8513,ui.Levels.open,Idle,2
5120,258716.7558,19.0939,ui.Levels.open,Idle,2
5121,258730.6049,13.8491,ui.Levels.open,Idle,2
5122,258751.0889,20.4839,ui.Levels.open,Idle,2
5123,258770.5569,19.4681,ui.Levels.open,Idle,2
5124,258791.7598,21.2028,ui.Levels.open,Idle,2
5125,258812.7971,21.0374,ui.Levels.open,Idle,2
5126,258829.5692,16.7721,ui.Levels.open,Idle,2
5127,258845.4824,15.9132,ui.Levels.open,Idle,2
5128,258863.0393,17.5568,ui.Levels.open,Idle,2
5129,258878.2436,15.2044,ui.Levels.open,Idle,2
5130,258904.0085,25.7649,ui.Levels.open,Idle,2
5131,258928.2945,24.286,ui.Levels.open,Idle,2
5132,258944.9241,16.6296,ui.Levels.steady,Idle,2
5133,258970.4956,25.5714,ui.Levels.steady,Idle,2
5134,258994.5338,24.0382,ui.Levels.steady,Idle,2
5135,259014.528,19.9938,ui.Levels.steady,Idle,2
5136,259031.711,17.1834,ui.Levels.steady,Idle,2
5137,259053.9486,22.2377,ui.Levels.steady,Idle,2
5138,259078.3588,24.4102,ui.Levels.steady,Idle,2
5139,259162.202,83.8431,ui.Levels.steady,Idle,2
5140,259181.408,19.2061,ui.Levels.steady,Idle,2
5141,259203.9545,22.5464,ui.Levels.steady,Idle,2
5142,259221.8924,17.938,ui.Levels.steady,Idle,2
5143,259244.3849,22.4925,ui.Levels.steady,Idle,2
5144,259262.6681,18.2832,ui.Levels.steady,Idle,2
5145,259279.1166,16.4485,ui.Levels.steady,Idle,2
5146,259295.9897,16.8731,ui.Levels.steady,Idle,2
5147,259312.0712,16.0815,ui.Levels.steady,Idle,2
5148,259331.3478,19.2766,ui.Levels.steady,Idle,2
5149,259364.7355,33.3877,ui.Levels.steady,Idle,2
5150,259379.2761,14.5405,ui.Levels.steady,Idle,2
5151,259395.3642,16.0881,ui.Levels.steady,Idle,2
5152,259411.0612,15.697,ui.Levels.steady,Idle,2
5153,259428.2432,17.182,ui.Levels.steady,Idle,2
5154,259448.1045,19.8614,ui.Levels.steady,Idle,2
5155,259466.0901,17.9855,ui.Levels.steady,Idle,2
5156,259480.6659,14.5759,ui.Levels.steady,Idle,2
5157,259499.3896,18.7237,ui.Levels.steady,Idle,2
5158,259514.0315,14.6418,ui.Levels.steady,Idle,2
5159,259532.7882,18.7567,ui.Levels.steady,Idle,2
5160,259547.7135,14.9254,ui.Levels.steady,Idle,2
5161,259566.5485,18.835,ui.Levels.steady,Idle,2
5162,259582.202,15.6534,ui.Levels.steady,Idle,2
5163,259600.5398,18.3379,ui.Levels.steady,Idle,2
5164,259617.2566,16.7167,ui.Levels.steady,Idle,2
5165,259640.0557,22.7992,ui.Levels.steady,Idle,2
5166,259654.3964,14.3407,ui.Levels.steady,Idle,2
5167,259687.9529,33.5564,ui.Levels.steady,Idle,2
5168,259703.1608,15.208,ui.Levels.steady,Idle,2
5169,259718.1588,14.9979,ui.Levels.steady,Idle,2
5170,259732.4684,14.3096,ui.Levels.steady,Idle,2
5171,259751.9381,19.4698,ui.Levels.steady,Idle,2
5172,259766.0166,14.0785,ui.Levels.steady,Idle,2
5173,259787.3364,21.3196,ui.Levels.steady,Idle,2
5174,259801.9931,14.6568,ui.Levels.steady,Idle,2
5175,259822.5308,20.5376,ui.Levels.steady,Idle,2
5176,259844.3967,21.8661,ui.Levels.steady,Idle,2
5177,259861.8631,17.4664,ui.Levels.steady,Idle,2
5178,259877.5615,15.6984,ui.Levels.steady,Idle,2
5179,259894.9649,17.4034,ui.Levels.steady,Idle,2
5180,259910.972,16.007,ui.Levels.steady,Idle,2
5181,259926.4773,15.5053,ui.Levels.steady,Idle,2
5182,259944.3104,17.8332,ui.Levels.steady,Idle,2
5183,259958.9895,14.6791,ui.Levels.steady,Idle,2
5184,259980.7606,21.7709,ui.Levels.steady,Idle,2
5185,259999.6256,18.8652,ui.Levels.steady,Idle,2
5186,260036.9276,37.302,ui.Levels.steady,Idle,2
5187,260052.0868,15.1591,ui.Levels.steady,Idle,2
5188,260068.0089,15.9221,ui.Levels.steady,Idle,2
5189,260083.7263,15.7175,ui.Levels.steady,Idle,2
5190,260162.1149,78.3885,ui.Levels.steady,Idle,2
5191,260177.9033,15.7884,ui.Levels.steady,Idle,2
5192,260191.5691,13.6659,ui.Levels.steady,Idle,2
5193,260207.819,16.2498,ui.Levels.steady,Idle,2
5194,260225.7213,17.9024,ui.Levels.steady,Idle,2
5195,260245.36,19.6387,ui.Levels.steady,Idle,2
5196,260266.5586,21.1985,ui.Levels.steady,Idle,2
5197,260287.1986,20.64,ui.Levels.steady,Idle,2
5198,260301.9139,14.7153,ui.Levels.steady,Idle,2
5199,260325.3257,23.4118,ui.Levels.steady,Idle,2
5200,260341.2983,15.9725,ui.Levels.steady,Idle,2
5201,260354.5386,13.2405,ui.Levels.steady,Idle,2
5202,260379.1367,24.598,ui.Levels.steady,Idle,2
5203,260399.1982,20.0616,ui.Levels.steady,Idle,2
5204,260418.5636,19.3653,ui.Levels.steady,Idle,2
5205,260461.5618,42.9983,ui.Levels.steady,Idle,2
5206,260474.749,13.1872,ui.Levels.steady,Idle,2
5207,260488.2705,13.5215,ui.Levels.steady,Idle,2
5208,260508.1692,19.8987,ui.Levels.steady,Idle,2
5209,260522.5073,14.338,ui.Levels.steady,Idle,2
5210,260541.2885,18.7813,ui.Levels.steady,Idle,2
5211,260555.0472,13.7587,ui.Levels.steady,Idle,2
5212,260574.7913,19.744,ui.Levels.steady,Idle,2
5213,260588.4669,13.6757,ui.Levels.steady,Idle,2
5214,260608.0468,19.5799,ui.Levels.steady,Idle,2
5215,260641.4154,33.3685,ui.Levels.steady,Idle,2
5216,260655.2633,13.8479,ui.Levels.steady,Idle,2
5217,260674.7986,19.5354,ui.Levels.steady,Idle,2
5218,260690.0338,15.2351,ui.Levels.steady,Idle,2
5219,260707.9108,17.8771,ui.Levels.steady,Idle,2
5220,260721.6664,13.7556,ui.Levels.steady,Idle,2
5221,260741.3646,19.6982,ui.Levels.steady,Idle,2
5222,260755.0487,13.684,ui.Levels.steady,Idle,2
5223,260774.7136,19.6649,ui.Levels.steady,Idle,2
5224,260788.4625,13.749,ui.Levels.steady,Idle,2
5225,260808.0789,19.6163,ui.Levels.steady,Idle,2
5226,260821.8572,13.7784,ui.Levels.steady,Idle,2
5227,260841.7678,19.9105,ui.Levels.steady,Idle,2
5228,260859.4377,17.6698,ui.Levels.steady,Idle,2
5229,260877.5251,18.0875,ui.Levels.steady,Idle,2
5230,260896.2314,18.7063,ui.Levels.steady,Idle,2
5231,260920.7128,24.4815,ui.Levels.steady,Idle,2
5232,260941.2303,20.5173,ui.Levels.steady,Idle,2
5233,260958.97,17.7397,ui.Levels.steady,Idle,2
5234,260977.9505,18.9807,ui.Levels.steady,Idle,2
5235,260996.6689,18.7184,ui.Levels.steady,Idle,2
5236,261020.6468,23.9778,ui.Levels.steady,Idle,2
5237,261041.1054,20.4586,ui.Levels.steady,Idle,2
5238,261065.3493,24.244,ui.Levels.steady,Idle,2
5239,261092.3742,27.0249,ui.Levels.steady,Idle,2
5240,261169.1805,76.8063,ui.Levels.steady,Idle,2
5241,261184.9665,15.7858,ui.Levels.steady,Idle,2
5242,261220.6684,35.7021,ui.Levels.steady,Idle,2
5243,261234.3673,13.6989,ui.Levels.steady,Idle,2
5244,261254.6919,20.3245,ui.Levels.steady,Idle,2
5245,261276.0147,21.3228,ui.Levels.steady,Idle,2
5246,261297.4429,21.4282,ui.Levels.steady,Idle,2
5247,261316.4095,18.9667,ui.Levels.steady,Idle,2
5248,261341.1614,24.7519,ui.Levels.steady,Idle,2
5249,261361.2334,20.072,ui.Levels.steady,Idle,2
5250,261385.5679,24.3344,ui.Levels.steady,Idle,2
5251,261409.332,23.764,ui.Levels.steady,Idle,2
5252,261531.5758,122.2437,ui.map.scroll,Idle,2
5253,261654.7886,123.213,ui.map.scroll,Idle,2
5254,261776.2447,121.4561,ui.map.scroll,Idle,2
5255,261936.5183,160.2734,ui.map.scroll,Idle,2
5256,262070.6383,134.1203,ui.map.scroll,Idle,2
5257,262189.5518,118.9135,ui.map.scroll,Idle,2
5258,262292.1183,102.5665,ui.map.scroll,Idle,2
5259,262410.7515,118.6331,ui.map.scroll,Idle,2
5260,262532.1523,121.4009,ui.map.scroll,Idle,2
5261,262644.8672,112.7148,ui.map.scroll,Idle,2
5262,262765.8879,121.0208,ui.map.scroll,Idle,2
5263,262876.9417,111.0461,ui.map.scroll,Idle,2
5264,262999.9561,123.022,ui.map.scroll,Idle,2
5265,263155.7789,155.8229,ui.map.scroll,Idle,2
5266,263326.7842,171.0052,ui.map.scroll,Idle,2
5267,263567.1732,240.3891,ui.map.scroll,Idle,2
5268,263835.2942,268.1208,ui.map.scroll,Idle,2
5269,264104.1512,268.8571,ui.map.scroll,Idle,2
5270,264325.1807,221.0295,ui.map.scroll,Idle,2
5271,264510.3372,185.1566,ui.map.scroll,Idle,2
5272,264665.5377,155.2005,ui.map.scroll,Idle,2
5273,264814.4661,148.9283,ui.map.scroll,Idle,2
5274,264945.6147,131.1487,ui.map.scroll,Idle,2
5275,265061.1748,115.56,ui.map.scroll,Idle,2
5276,265238.0644,176.8896,ui.map.scroll,Idle,2
5277,265371.385,133.3207,ui.map.scroll,Idle,2
5278,265500.1722,128.7872,ui.map.scroll,Idle,2
5279,265653.611,153.4388,ui.map.scroll,Idle,2
5280,265786.7925,133.1815,ui.map.scroll,Idle,2
5281,265937.6921,150.8996,ui.map.scroll,Idle,2
5282,266092.7993,155.1072,ui.map.scroll,Idle,2
5283,266245.4702,152.6709,ui.map.scroll,Idle,2
5284,266410.7235,165.2532,ui.map.scroll,Idle,2
5285,266561.7216,150.9982,ui.map.scroll,Idle,2
5286,266676.797,115.0752,ui.map.scroll,Idle,2
5287,266800.9557,124.1588,ui.map.scroll,Idle,2
5288,266905.9404,104.9848,ui.map.scroll,Idle,2
5289,267006.6886,100.7481,ui.map.scroll,Idle,2
5290,267109.9822,103.2937,ui.map.scroll,Idle,2
5291,267219.1953,109.213,ui.map.scroll,Idle,2
5292,267328.0522,108.8569,ui.map.scroll,Idle,2
5293,267450.127,122.0748,ui.map.scroll,Idle,2
5294,267568.2075,118.0804,ui.map.scroll,Idle,2
5295,267675.6669,107.4594,ui.map.scroll,Idle,2
5296,267787.4958,111.829,ui.map.scroll,Idle,2
5297,267911.6542,124.1585,ui.map.scroll,Idle,2
5298,268022.413,110.7587,ui.map.scroll,Idle,2
5299,268149.6742,127.2613,ui.map.scroll,Idle,2
5300,268282.7486,133.0744,ui.map.scroll,Idle,2
5301,268430.1788,147.4302,ui.map.scroll,Idle,2
5302,268581.6105,151.4316,ui.map.scroll,Idle,2
5303,268719.12,137.5094,ui.map.scroll,Idle,2
5304,268902.5669,183.447,ui.map.scroll,Idle,2
5305,269099.1191,196.5523,ui.map.scroll,Idle,2
5306,269338.6631,239.544,ui.map.scroll,Idle,2
5307,269673.2369,334.5735,ui.map.scroll,Idle,2
5308,269961.4461,288.2094,ui.map.scroll,Idle,2
5309,270276.348,314.9019,ui.map.scroll,Idle,2
5310,270522.805,246.457,ui.map.scroll,Idle,2
5311,270769.0956,246.2906,ui.map.scroll,Idle,2
5312,270954.0042,184.9086,ui.map.scroll,Idle,2
5313,271077.8135,123.8093,ui.map.scroll,Idle,2
5314,271187.0945,109.2811,ui.map.scroll,Idle,2
5315,271290.8669,103.7723,ui.map.scroll,Idle,2
5316,271397.096,106.2291,ui.map.scroll,Idle,2
5317,271502.6743,105.5783,ui.map.scroll,Idle,2
5318,271620.7645,118.0902,ui.map.scroll,Idle,2
5319,271732.7783,112.0139,ui.map.scroll,Idle,2
5320,271848.0751,115.2967,ui.map.scroll,Idle,2
5321,271974.3538,126.2788,ui.map.scroll,Idle,2
5322,272098.6202,124.2664,ui.map.scroll,Idle,2
5323,272224.912,126.2917,ui.map.scroll,Idle,2
5324,272385.1679,160.2559,ui.map.scroll,Idle,2
5325,272560.5189,175.3511,ui.map.scroll,Idle,2
5326,272829.8957,269.3768,ui.map.scroll,Idle,2
5327,273111.037,281.1413,ui.map.scroll,Idle,2
5328,273368.3514,257.3144,ui.map.scroll,Idle,2
5329,273660.6113,292.2598,ui.map.scroll,Idle,2
5330,273909.6721,249.0605,ui.map.scroll,Idle,2
5331,274185.578,275.9063,ui.map.scroll,Idle,2
5332,274469.5067,283.9286,ui.map.scroll,Idle,2
5333,274628.098,158.5914,ui.map.scroll,Idle,2
5334,274793.1256,165.0275,ui.map.scroll,Idle,2
5335,275035.6991,242.5735,ui.map.scroll,Idle,2
5336,275247.3175,211.6184,ui.map.scroll,Idle,2
5337,275471.2106,223.8932,ui.map.scroll,Idle,2
5338,275668.9497,197.7391,ui.map.scroll,Idle,2
5339,275865.6896,196.7398,ui.map.scroll,Idle,2
5340,275998.4402,132.7506,ui.map.scroll,Idle,2
5341,276096.6367,98.1965,ui.map.scroll,Idle,2
5342,276513.292,416.6553,ui.Journeys.open,Idle,2
5343,276544.367,31.0751,ui.Journeys.open,Idle,2
5344,276576.93,32.5629,ui.Journeys.open,Idle,2
5345,276616.8908,39.9608,ui.Journeys.open,Idle,2
5346,276654.6466,37.7559,ui.Journeys.open,Idle,2
5347,276691.1978,36.551,ui.Journeys.open,Idle,2
5348,276734.0384,42.8407,ui.Journeys.open,Idle,2
5349,276776.3624,42.3241,ui.Journeys.open,Idle,2
5350,276814.9748,38.6123,ui.Journeys.open,Idle,2
5351,276856.411,41.4362,ui.Journeys.open,Idle,2
5352,276891.6204,35.2094,ui.Journeys.open,Idle,2
5353,276926.6821,35.0618,ui.Journeys.open,Idle,2
5354,276970.2773,43.5951,ui.Journeys.open,Idle,2
5355,277000.2022,29.925,ui.Journeys.open,Idle,2
5356,277039.6078,39.4055,ui.Journeys.open,Idle,2
5357,277078.633,39.0252,ui.Journeys.open,Idle,2
5358,277117.8961,39.2632,ui.Journeys.open,Idle,2
5359,277164.3114,46.4152,ui.Journeys.open,Idle,2
5360,277210.1206,45.8092,ui.Journeys.open,Idle,2
5361,277239.8549,29.7344,ui.Journeys.open,Idle,2
5362,277276.9922,37.1373,ui.Journeys.open,Idle,2
5363,277318.2884,41.2961,ui.Journeys.open,Idle,2
5364,277359.4141,41.1258,ui.Journeys.open,Idle,2
5365,277396.9189,37.5047,ui.Journeys.open,Idle,2
5366,277439.089,42.1702,ui.Journeys.open,Idle,2
5367,277478.4001,39.3111,ui.Journeys.open,Idle,2
5368,277515.1274,36.7272,ui.Journeys.open,Idle,2
5369,277559.4272,44.2998,ui.Journeys.open,Idle,2
5370,277605.0654,45.6382,ui.Journeys.open,Idle,2
5371,277642.3517,37.2864,ui.Journeys.open,Idle,2
5372,277672.6185,30.2667,ui.Journeys.steady,Idle,2
5373,277709.71,37.0914,ui.Journeys.steady,Idle,2
5374,277757.7134,48.0035,ui.Journeys.steady,Idle,2
5375,277792.0854,34.3719,ui.Journeys.steady,Idle,2
5376,277834.4055,42.3202,ui.Journeys.steady,Idle,2
5377,277880.1816,45.7762,ui.Journeys.steady,Idle,2
5378,277929.3268,49.1452,ui.Journeys.steady,Idle,2
5379,277959.5818,30.2549,ui.Journeys.steady,Idle,2
5380,277996.7458,37.164,ui.Journeys.steady,Idle,2
5381,278037.9328,41.1871,ui.Journeys.steady,Idle,2
5382,278071.1651,33.2321,ui.Journeys.steady,Idle,2
5383,278111.988,40.823,ui.Journeys.steady,Idle,2
5384,278157.2177,45.2297,ui.Journeys.steady,Idle,2
5385,278194.6187,37.4011,ui.Journeys.steady,Idle,2
5386,278237.1094,42.4906,ui.Journeys.steady,Idle,2
5387,278282.317,45.2076,ui.Journeys.steady,Idle,2
5388,278336.6091,54.2921,ui.Journeys.steady,Idle,2
5389,278386.0115,49.4025,ui.Journeys.steady,Idle,2
5390,278445.4269,59.4154,ui.Journeys.steady,Idle,2
5391,278493.1408,47.7138,ui.Journeys.steady,Idle,2
5392,278535.1602,42.0195,ui.Journeys.steady,Idle,2
5393,278585.2581,50.0979,ui.Journeys.steady,Idle,2
5394,278628.9529,43.6948,ui.Journeys.steady,Idle,2
5395,278672.3574,43.4044,ui.Journeys.steady,Idle,2
5396,278725.4614,53.104,ui.Journeys.steady,Idle,2
5397,278775.2367,49.7753,ui.Journeys.steady,Idle,2
5398,278835.1472,59.9105,ui.Journeys.steady,Idle,2
5399,278891.5091,56.3619,ui.Journeys.steady,Idle,2
5400,278931.1273,39.6182,ui.Journeys.steady,Idle,2
5401,278992.3273,61.1999,ui.Journeys.steady,Idle,2
5402,279038.2464,45.9192,ui.Journeys.steady,Idle,2
5403,279080.2191,41.9728,ui.Journeys.steady,Idle,2
5404,279114.0114,33.7923,ui.Journeys.steady,Idle,2
5405,279156.4813,42.4697,ui.Journeys.steady,Idle,2
5406,279197.9167,41.4356,ui.Journeys.steady,Idle,2
5407,279248.0127,50.0959,ui.Journeys.steady,Idle,2
5408,279289.3647,41.352,ui.Journeys.steady,Idle,2
5409,279324.2056,34.841,ui.Journeys.steady,Idle,2
5410,279364.4803,40.2746,ui.Journeys.steady,Idle,2
5411,279410.3279,45.8476,ui.Journeys.steady,Idle,2
5412,279451.4141,41.0861,ui.Journeys.steady,Idle,2
5413,279490.3961,38.9821,ui.Journeys.steady,Idle,2
5414,279551.674,61.2779,ui.Journeys.steady,Idle,2
5415,279566.002,14.328,ui.Journeys.steady,Idle,2
5416,279607.7522,41.7503,ui.Journeys.steady,Idle,2
5417,279644.1621,36.4099,ui.Journeys.steady,Idle,2
5418,279685.139,40.9768,ui.Journeys.steady,Idle,2
5419,279724.508,39.369,ui.Journeys.steady,Idle,2
5420,279756.3913,31.8833,ui.Journeys.steady,Idle,2
5421,279799.5838,43.1925,ui.Journeys.steady,Idle,2
5422,279838.9754,39.3915,ui.Journeys.steady,Idle,2
5423,279878.0859,39.1106,ui.Journeys.steady,Idle,2
5424,279915.5247,37.4387,ui.Journeys.steady,Idle,2
5425,279960.8817,45.3571,ui.Journeys.steady,Idle,2
5426,280000.0154,39.1337,ui.Journeys.steady,Idle,2
5427,280039.1958,39.1805,ui.Journeys.steady,Idle,2
5428,280078.3634,39.1675,ui.Journeys.steady,Idle,2
5429,280118.094,39.7307,ui.Journeys.steady,Idle,2
5430,280161.9917,43.8976,ui.Journeys.steady,Idle,2
5431,280209.569,47.5773,ui.Journeys.steady,Idle,2
5432,280246.3867,36.8176,ui.Journeys.steady,Idle,2
5433,280287.7137,41.3271,ui.Journeys.steady,Idle,2
5434,280323.1044,35.3907,ui.Journeys.steady,Idle,2
5435,280358.1965,35.0921,ui.Journeys.steady,Idle,2
5436,280399.4598,41.2634,ui.Journeys.steady,Idle,2
5437,280439.2237,39.7638,ui.Journeys.steady,Idle,2
5438,280477.8473,38.6236,ui.Journeys.steady,Idle,2
5439,280517.6501,39.8029,ui.Journeys.steady,Idle,2
5440,280556.8775,39.2273,ui.Journeys.steady,Idle,2
5441,280591.7922,34.9148,ui.Journeys.steady,Idle,2
5442,280631.6699,39.8776,ui.Journeys.steady,Idle,2
5443,280672.8665,41.1966,ui.Journeys.steady,Idle,2
5444,280709.6794,36.8129,ui.Journeys.steady,Idle,2
5445,280746.8967,37.2173,ui.Journeys.steady,Idle,2
5446,280793.9269,47.0302,ui.Journeys.steady,Idle,2
5447,280830.9351,37.0083,ui.Journeys.steady,Idle,2
5448,280870.3898,39.4546,ui.Journeys.steady,Idle,2
5449,280908.0294,37.6396,ui.Journeys.steady,Idle,2
5450,280944.9636,36.9343,ui.Journeys.steady,Idle,2
5451,280991.4741,46.5105,ui.Journeys.steady,Idle,2
5452,281032.2467,40.7726,ui.Journeys.steady,Idle,2
5453,281077.2389,44.9922,ui.Journeys.steady,Idle,2
5454,281113.9384,36.6994,ui.Journeys.steady,Idle,2
5455,281152.7533,38.815,ui.Journeys.steady,Idle,2
5456,281189.7353,36.9818,ui.Journeys.steady,Idle,2
5457,281229.8417,40.0988,ui.Journeys.steady,Idle,2
5458,281276.3936,46.5597,ui.Journeys.steady,Idle,2
5459,281313.1371,36.7435,ui.Journeys.steady,Idle,2
5460,281354.1356,40.9984,ui.Journeys.steady,Idle,2
5461,281390.3124,36.1768,ui.Journeys.steady,Idle,2
5462,281429.4452,39.1329,ui.Journeys.steady,Idle,2
5463,281476.1627,46.7174,ui.Journeys.steady,Idle,2
5464,281513.2282,37.0655,ui.Journeys.steady,Idle,2
5465,281554.3625,41.1343,ui.Journeys.steady,Idle,2
5466,281589.4545,35.0921,ui.Journeys.steady,Idle,2
5467,281626.9164,37.4619,ui.Journeys.steady,Idle,2
5468,281673.4085,46.4921,ui.Journeys.steady,Idle,2
5469,281712.6288,39.2202,ui.Journeys.steady,Idle,2
5470,281753.5367,40.908,ui.Journeys.steady,Idle,2
5471,281789.3109,35.7741,ui.Journeys.steady,Idle,2
5472,281826.7209,37.4101,ui.Journeys.steady,Idle,2
5473,281873.8829,47.1619,ui.Journeys.steady,Idle,2
5474,281912.5901,38.7072,ui.Journeys.steady,Idle,2
5475,281950.3081,37.718,ui.Journeys.steady,Idle,2
5476,281989.4881,39.1801,ui.Journeys.steady,Idle,2
5477,282029.2231,39.735,ui.Journeys.steady,Idle,2
5478,282075.9383,46.7152,ui.Journeys.steady,Idle,2
5479,282113.2041,37.2657,ui.Journeys.steady,Idle,2
5480,282152.4462,39.2421,ui.Journeys.steady,Idle,2
5481,282189.9108,37.4647,ui.Journeys.steady,Idle,2
5482,282227.1641,37.2533,ui.Journeys.steady,Idle,2
5483,282267.7153,40.5511,ui.Journeys.steady,Idle,2
5484,282314.7537,47.0384,ui.Journeys.steady,Idle,2
5485,282374.8917,60.1381,ui.Journeys.steady,Idle,2
5486,282427.7945,52.9027,ui.Journeys.steady,Idle,2
5487,282494.3199,66.5254,ui.Journeys.steady,Idle,2
5488,282547.0768,52.7569,ui.Journeys.steady,Idle,2
5489,282602.6142,55.5374,ui.Journeys.steady,Idle,2
5490,282657.8523,55.2381,ui.Journeys.steady,Idle,2
5491,282712.5529,54.7007,ui.Journeys.steady,Idle,2
5492,282871.599,159.046,ui.Settings.open,Idle,2
5493,282908.1104,36.5114,ui.Settings.open,Idle,2
5494,282946.6841,38.5738,ui.Settings.open,Idle,2
5495,282999.113,52.4288,ui.Settings.open,Idle,2
5496,283045.2886,46.1757,ui.Settings.open,Idle,2
5497,283091.2686,45.9799,ui.Settings.open,Idle,2
5498,283129.5925,38.3239,ui.Settings.open,Idle,2
5499,283175.7535,46.1609,ui.Settings.open,Idle,2
5500,283214.6704,38.917,ui.Settings.open,Idle,2
5501,283262.7175,48.0471,ui.Settings.open,Idle,2
5502,283310.3456,47.6282,ui.Settings.open,Idle,2
5503,283346.5332,36.1875,ui.Settings.open,Idle,2
5504,283387.37,40.8369,ui.Settings.open,Idle,2
5505,283422.0049,34.6349,ui.Settings.open,Idle,2
5506,283457.7906,35.7856,ui.Settings.open,Idle,2
5507,283493.558,35.7674,ui.Settings.open,Idle,2
5508,283529.9194,36.3614,ui.Settings.open,Idle,2
5509,283566.2435,36.3242,ui.Settings.open,Idle,2
5510,283610.7006,44.457,ui.Settings.open,Idle,2
5511,283647.2002,36.4996,ui.Settings.open,Idle,2
5512,283690.5299,43.3296,ui.Settings.open,Idle,2
5513,283722.3257,31.796,ui.Settings.open,Idle,2
5514,283762.2712,39.9455,ui.Settings.open,Idle,2
5515,283806.6113,44.34,ui.Settings.open,Idle,2
5516,283845.049,38.4377,ui.Settings.open,Idle,2
5517,283886.6731,41.6241,ui.Settings.open,Idle,2
5518,283922.5656,35.8924,ui.Settings.open,Idle,2
5519,283957.4166,34.8512,ui.Settings.open,Idle,2
5520,284001.1307,43.714,ui.Settings.open,Idle,2
5521,284046.504,45.3733,ui.Settings.open,Idle,2
5522,284088.0445,41.5406,ui.Settings.steady,Idle,2
5523,284124.5704,36.5258,ui.Settings.steady,Idle,2
5524,284159.0533,34.4828,ui.Settings.steady,Idle,2
5525,284197.8422,38.7891,ui.Settings.steady,Idle,2
5526,284235.9825,38.1403,ui.Settings.steady,Idle,2
5527,284281.4459,45.4634,ui.Settings.steady,Idle,2
5528,284313.6305,32.1846,ui.Settings.steady,Idle,2
5529,284354.2997,40.6691,ui.Settings.steady,Idle,2
5530,284389.1868,34.8872,ui.Settings.steady,Idle,2
5531,284424.1467,34.9599,ui.Settings.steady,Idle,2
5532,284462.6083,38.4615,ui.Settings.steady,Idle,2
5533,284503.8704,41.2622,ui.Settings.steady,Idle,2
5534,284542.749,38.8786,ui.Settings.steady,Idle,2
5535,284578.8889,36.1398,ui.Settings.steady,Idle,2
5536,284619.1797,40.2908,ui.Settings.steady,Idle,2
5537,284654.1489,34.9692,ui.Settings.steady,Idle,2
5538,284681.1718,27.0229,ui.Settings.steady,Idle,2
5539,284730.1134,48.9417,ui.Settings.steady,Idle,2
5540,284766.2656,36.1522,ui.Settings.steady,Idle,2
5541,284804.8968,38.6311,ui.Settings.steady,Idle,2
5542,284844.0088,39.1121,ui.Settings.steady,Idle,2
5543,284880.8413,36.8323,ui.Settings.steady,Idle,2
5544,284926.7616,45.9204,ui.Settings.steady,Idle,2
5545,284963.817,37.0555,ui.Settings.steady,Idle,2
5546,285002.3136,38.4965,ui.Settings.steady,Idle,2
5547,285039.6387,37.3251,ui.Settings.steady,Idle,2
5548,285075.7761,36.1375,ui.Settings.steady,Idle,2
5549,285115.1587,39.3826,ui.Settings.steady,Idle,2
5550,285157.2212,42.0624,ui.Settings.steady,Idle,2
5551,285186.9782,29.757,ui.Settings.steady,Idle,2
5552,285224.0292,37.051,ui.Settings.steady,Idle,2
5553,285268.7533,44.7241,ui.Settings.steady,Idle,2
5554,285310.9631,42.2097,ui.Settings.steady,Idle,2
5555,285353.3206,42.3576,ui.Settings.steady,Idle,2
5556,285388.6111,35.2905,ui.Settings.steady,Idle,2
5557,285424.1762,35.5652,ui.Settings.steady,Idle,2
5558,285457.9607,33.7845,ui.Settings.steady,Idle,2
5559,285489.3138,31.3531,ui.Settings.steady,Idle,2
5560,285531.9649,42.651,ui.Settings.steady,Idle,2
5561,285570.8689,38.9041,ui.Settings.steady,Idle,2
5562,285609.0043,38.1353,ui.Settings.steady,Idle,2
5563,285646.1146,37.1103,ui.Settings.steady,Idle,2
5564,285689.8519,43.7373,ui.Settings.steady,Idle,2
5565,285730.9454,41.0936,ui.Settings.steady,Idle,2
5566,285772.5068,41.5614,ui.Settings.steady,Idle,2
5567,285811.1846,38.6777,ui.Settings.steady,Idle,2
5568,285849.3969,38.2123,ui.Settings.steady,Idle,2
5569,285886.4946,37.0977,ui.Settings.steady,Idle,2
5570,285924.8698,38.3752,ui.Settings.steady,Idle,2
5571,285961.3311,36.4613,ui.Settings.steady,Idle,2
5572,285997.6778,36.3467,ui.Settings.steady,Idle,2
5573,286042.4422,44.7642,ui.Settings.steady,Idle,2
5574,286080.1957,37.7538,ui.Settings.steady,Idle,2
5575,286115.9704,35.7747,ui.Settings.steady,Idle,2
5576,286157.2693,41.2988,ui.Settings.steady,Idle,2
5577,286191.0415,33.7723,ui.Settings.steady,Idle,2
5578,286229.1182,38.0764,ui.Settings.steady,Idle,2
5579,286279.7805,50.6625,ui.Settings.steady,Idle,2
5580,286323.9542,44.1737,ui.Settings.steady,Idle,2
5581,286370.5711,46.617,ui.Settings.steady,Idle,2
5582,286412.887,42.3159,ui.Settings.steady,Idle,2
5583,286455.3479,42.4609,ui.Settings.steady,Idle,2
5584,286508.0602,52.7123,ui.Settings.steady,Idle,2
5585,286553.9216,45.8614,ui.Settings.steady,Idle,2
5586,286601.4395,47.5179,ui.Settings.steady,Idle,2
5587,286644.3778,42.9382,ui.Settings.steady,Idle,2
5588,286700.4276,56.0498,ui.Settings.steady,Idle,2
5589,286752.3693,51.9416,ui.Settings.steady,Idle,2
5590,286789.8971,37.5278,ui.Settings.steady,Idle,2
5591,286840.2478,50.3509,ui.Settings.steady,Idle,2
5592,286891.5465,51.2986,ui.Settings.steady,Idle,2
5593,286941.3148,49.7682,ui.Settings.steady,Idle,2
5594,287000.7636,59.4489,ui.Settings.steady,Idle,2
5595,287044.6371,43.8736,ui.Settings.steady,Idle,2
5596,287088.1899,43.5526,ui.Settings.steady,Idle,2
5597,287124.9668,36.7768,ui.Settings.steady,Idle,2
5598,287176.1674,51.2009,ui.Settings.steady,Idle,2
5599,287215.5338,39.3662,ui.Settings.steady,Idle,2
5600,287262.4548,46.9211,ui.Settings.steady,Idle,2
5601,287309.397,46.9422,ui.Settings.steady,Idle,2
5602,287350.7653,41.3683,ui.Settings.steady,Idle,2
5603,287390.9013,40.1359,ui.Settings.steady,Idle,2
5604,287429.5953,38.6941,ui.Settings.steady,Idle,2
5605,287473.8778,44.2825,ui.Settings.steady,Idle,2
5606,287511.992,38.1143,ui.Settings.steady,Idle,2
5607,287553.7604,41.7683,ui.Settings.steady,Idle,2
5608,287589.8876,36.1272,ui.Settings.steady,Idle,2
5609,287626.7835,36.8959,ui.Settings.steady,Idle,2
5610,287669.3816,42.598,ui.Settings.steady,Idle,2
5611,287714.0838,44.7023,ui.Settings.steady,Idle,2
5612,287754.9528,40.8691,ui.Settings.steady,Idle,2
5613,287791.9925,37.0396,ui.Settings.steady,Idle,2
5614,287827.9069,35.9144,ui.Settings.steady,Idle,2
5615,287864.4177,36.5108,ui.Settings.steady,Idle,2
5616,287911.0045,46.5869,ui.Settings.steady,Idle,2
5617,287963.3561,52.3515,ui.Settings.steady,Idle,2
5618,288013.8787,50.5226,ui.Settings.steady,Idle,2
5619,288046.8306,32.9518,ui.Settings.steady,Idle,2
5620,288087.1611,40.3305,ui.Settings.steady,Idle,2
5621,288122.5758,35.4148,ui.Settings.steady,Idle,2
5622,288159.2066,36.6306,ui.Settings.steady,Idle,2
5623,288197.5092,38.3029,ui.Settings.steady,Idle,2
5624,288238.1587,40.6495,ui.Settings.steady,Idle,2
5625,288271.2618,33.103,ui.Settings.steady,Idle,2
5626,288312.0631,40.8013,ui.Settings.steady,Idle,2
5627,288352.9647,40.9016,ui.Settings.steady,Idle,2
5628,288392.6063,39.6417,ui.Settings.steady,Idle,2
5629,288432.3008,39.6944,ui.Settings.steady,Idle,2
5630,288471.8448,39.544,ui.Settings.steady,Idle,2
5631,288504.276,32.4312,ui.Settings.steady,Idle,2
5632,288547.1659,42.8899,ui.Settings.steady,Idle,2
5633,288591.0991,43.9331,ui.Settings.steady,Idle,2
5634,288629.8908,38.7919,ui.Settings.steady,Idle,2
5635,288665.7015,35.8106,ui.Settings.steady,Idle,2
5636,288710.6381,44.9366,ui.Settings.steady,Idle,2
5637,288753.8474,43.2091,ui.Settings.steady,Idle,2
5638,288789.1444,35.2973,ui.Settings.steady,Idle,2
5639,288824.4637,35.3192,ui.Settings.steady,Idle,2
5640,288858.0337,33.5701,ui.Settings.steady,Idle,2
5641,288889.6165,31.5828,ui.Settings.steady,Idle,2
5642,289344.4566,454.84,ui.album.open,Idle,2
5643,289372.555,28.0985,ui.album.open,Idle,2
5644,289407.2598,34.7047,ui.album.open,Idle,2
5645,289433.3093,26.0495,ui.album.open,Idle,2
5646,289470.953,37.6437,ui.album.open,Idle,2
5647,289506.5973,35.6443,ui.album.open,Idle,2
5648,289553.6991,47.1018,ui.album.open,Idle,2
5649,289593.7848,40.0855,ui.album.open,Idle,2
5650,289638.4345,44.65,ui.album.open,Idle,2
5651,289677.0658,38.6312,ui.album.open,Idle,2
5652,289716.4363,39.3705,ui.album.open,Idle,2
5653,289759.5761,43.1399,ui.album.open,Idle,2
5654,289797.0468,37.4707,ui.album.open,Idle,2
5655,289838.0684,41.0215,ui.album.open,Idle,2
5656,289877.7258,39.6575,ui.album.open,Idle,2
5657,289915.1974,37.4715,ui.album.open,Idle,2
5658,289953.4352,38.2378,ui.album.open,Idle,2
5659,289991.8098,38.3746,ui.album.open,Idle,2
5660,290028.8844,37.0747,ui.album.open,Idle,2
5661,290071.1556,42.2712,ui.album.open,Idle,2
5662,290114.4426,43.287,ui.album.open,Idle,2
5663,290146.1866,31.7439,ui.album.open,Idle,2
5664,290185.8403,39.6537,ui.album.open,Idle,2
5665,290218.5857,32.7455,ui.album.open,Idle,2
5666,290264.1427,45.5569,ui.album.open,Idle,2
5667,290301.2573,37.1147,ui.album.open,Idle,2
5668,290355.7133,54.456,ui.album.open,Idle,2
5669,290399.099,43.3855,ui.album.open,Idle,2
5670,290450.0569,50.958,ui.album.open,Idle,2
5671,290500.5098,50.453,ui.album.open,Idle,2
5672,290542.8397,42.3297,ui.album.open,Idle,2
5673,290587.0603,44.2208,ui.album.open,Idle,2
5674,290627.5128,40.4525,ui.album.open,Idle,2
5675,290681.7733,54.2605,ui.album.open,Idle,2
5676,290725.2823,43.5089,ui.album.open,Idle,2
5677,290778.9122,53.63,ui.album.open,Idle,2
5678,290831.2277,52.3154,ui.album.open,Idle,2
5679,290880.1179,48.8903,ui.album.open,Idle,2
5680,290929.0161,48.8982,ui.album.open,Idle,2
5681,290981.1963,52.1801,ui.album.open,Idle,2
5682,291031.8486,50.6523,ui.album.open,Idle,2
5683,291075.674,43.8253,ui.album.open,Idle,2
5684,291116.3624,40.6884,ui.album.open,Idle,2
5685,291161.3297,44.9675,ui.album.open,Idle,2
5686,291197.0161,35.6863,ui.album.open,Idle,2
5687,291245.2852,48.2692,ui.album.high.steady,Idle,2
5688,291277.0415,31.7562,ui.album.high.steady,Idle,2
5689,291315.9586,38.9171,ui.album.high.steady,Idle,2
5690,291352.9428,36.9843,ui.album.high.steady,Idle,2
5691,291384.0416,31.0987,ui.album.high.steady,Idle,2
5692,291429.2541,45.2125,ui.album.high.steady,Idle,2
5693,291454.9899,25.7358,ui.album.high.steady,Idle,2
5694,291490.3124,35.3224,ui.album.high.steady,Idle,2
5695,291524.2509,33.9387,ui.album.high.steady,Idle,2
5696,291556.4335,32.1825,ui.album.high.steady,Idle,2
5697,291599.2252,42.7918,ui.album.high.steady,Idle,2
5698,291638.7672,39.542,ui.album.high.steady,Idle,2
5699,291670.4157,31.6484,ui.album.high.steady,Idle,2
5700,291709.9431,39.5275,ui.album.high.steady,Idle,2
5701,291745.0129,35.0697,ui.album.high.steady,Idle,2
5702,291783.9675,38.9547,ui.album.high.steady,Idle,2
5703,291827.5016,43.534,ui.album.high.steady,Idle,2
5704,291862.9389,35.4374,ui.album.high.steady,Idle,2
5705,291899.9538,37.0148,ui.album.high.steady,Idle,2
5706,291938.9373,38.9835,ui.album.high.steady,Idle,2
5707,291978.2689,39.3317,ui.album.high.steady,Idle,2
5708,292025.3503,47.0813,ui.album.high.steady,Idle,2
5709,292062.3329,36.9827,ui.album.high.steady,Idle,2
5710,292104.7356,42.4027,ui.album.high.steady,Idle,2
5711,292141.9674,37.2317,ui.album.high.steady,Idle,2
5712,292177.9556,35.9883,ui.album.high.steady,Idle,2
5713,292218.9711,41.0154,ui.album.high.steady,Idle,2
5714,292254.3259,35.3549,ui.album.high.steady,Idle,2
5715,292288.3368,34.0108,ui.album.high.steady,Idle,2
5716,292323.4701,35.1332,ui.album.high.steady,Idle,2
5717,292357.857,34.387,ui.album.high.steady,Idle,2
5718,292394.8992,37.0422,ui.album.high.steady,Idle,2
5719,292432.3569,37.4577,ui.album.high.steady,Idle,2
5720,292477.4112,45.0544,ui.album.high.steady,Idle,2
5721,292513.0841,35.6729,ui.album.high.steady,Idle,2
5722,292550.1283,37.0441,ui.album.high.steady,Idle,2
5723,292585.4218,35.2935,ui.album.high.steady,Idle,2
5724,292621.0742,35.6524,ui.album.high.steady,Idle,2
5725,292655.5234,34.4492,ui.album.high.steady,Idle,2
5726,292700.6016,45.0781,ui.album.high.steady,Idle,2
5727,292742.7783,42.1767,ui.album.high.steady,Idle,2
5728,292779.6599,36.8817,ui.album.high.steady,Idle,2
5729,292817.0809,37.421,ui.album.high.steady,Idle,2
5730,292855.3036,38.2227,ui.album.high.steady,Idle,2
5731,292890.1084,34.8048,ui.album.high.steady,Idle,2
5732,292923.9598,33.8514,ui.album.high.steady,Idle,2
5733,292967.6441,43.6843,ui.album.high.steady,Idle,2
5734,293018.8721,51.2281,ui.album.high.steady,Idle,2
5735,293062.1977,43.3256,ui.album.high.steady,Idle,2
5736,293105.0897,42.8918,ui.album.high.steady,Idle,2
5737,293142.3586,37.2691,ui.album.high.steady,Idle,2
5738,293178.1583,35.7996,ui.album.high.steady,Idle,2
5739,293212.6099,34.4517,ui.album.high.steady,Idle,2
5740,293254.3851,41.7751,ui.album.high.steady,Idle,2
5741,293288.0282,33.6431,ui.album.high.steady,Idle,2
5742,293323.1239,35.0957,ui.album.high.steady,Idle,2
5743,293357.2195,34.0954,ui.album.high.steady,Idle,2
5744,293394.747,37.5277,ui.album.high.steady,Idle,2
5745,293432.3031,37.5562,ui.album.high.steady,Idle,2
5746,293477.2586,44.9555,ui.album.high.steady,Idle,2
5747,293513.0242,35.7655,ui.album.high.steady,Idle,2
5748,293550.5484,37.5241,ui.album.high.steady,Idle,2
5749,293587.5375,36.9892,ui.album.high.steady,Idle,2
5750,293623.4427,35.9052,ui.album.high.steady,Idle,2
5751,293661.2294,37.7867,ui.album.high.steady,Idle,2
5752,293696.7675,35.5382,ui.album.high.steady,Idle,2
5753,293737.594,40.8265,ui.album.high.steady,Idle,2
5754,293774.4547,36.8605,ui.album.high.steady,Idle,2
5755,293809.9195,35.4649,ui.album.high.steady,Idle,2
5756,293850.0201,40.1006,ui.album.high.steady,Idle,2
5757,293886.8754,36.8551,ui.album.high.steady,Idle,2
5758,293922.7718,35.8966,ui.album.high.steady,Idle,2
5759,293956.7378,33.966,ui.album.high.steady,Idle,2
5760,293992.0414,35.3035,ui.album.high.steady,Idle,2
5761,294025.46,33.4187,ui.album.high.steady,Idle,2
5762,294071.7285,46.2686,ui.album.high.steady,Idle,2
5763,294108.7782,37.0496,ui.album.high.steady,Idle,2
5764,294144.1712,35.3931,ui.album.high.steady,Idle,2
5765,294180.0023,35.831,ui.album.high.steady,Idle,2
5766,294216.4059,36.4037,ui.album.high.steady,Idle,2
5767,294259.6953,43.2894,ui.album.high.steady,Idle,2
5768,294306.8318,47.1363,ui.album.high.steady,Idle,2
5769,294362.3791,55.5474,ui.album.high.steady,Idle,2
5770,294414.7714,52.3924,ui.album.high.steady,Idle,2
5771,294468.5484,53.7769,ui.album.high.steady,Idle,2
5772,294529.2172,60.6688,ui.album.high.steady,Idle,2
5773,294563.8434,34.6262,ui.album.high.steady,Idle,2
5774,294612.1915,48.3481,ui.album.high.steady,Idle,2
5775,294667.9386,55.7472,ui.album.high.steady,Idle,2
5776,294713.6454,45.7068,ui.album.high.steady,Idle,2
5777,294764.8031,51.1576,ui.album.high.steady,Idle,2
5778,294800.6732,35.8702,ui.album.high.steady,Idle,2
5779,294832.3194,31.6458,ui.album.high.steady,Idle,2
5780,294872.8485,40.5294,ui.album.high.steady,Idle,2
5781,294907.8732,35.0247,ui.album.high.steady,Idle,2
5782,294943.2633,35.39,ui.album.high.steady,Idle,2
5783,294978.6626,35.3994,ui.album.high.steady,Idle,2
5784,295019.1853,40.5227,ui.album.high.steady,Idle,2
5785,295055.4486,36.2557,ui.album.high.steady,Idle,2
5786,295085.1386,29.6976,ui.album.high.steady,Idle,2
5787,295124.0702,38.9316,ui.album.high.steady,Idle,2
5788,295161.6063,37.5362,ui.album.high.steady,Idle,2
5789,295197.1323,35.5259,ui.album.high.steady,Idle,2
5790,295250.1169,52.9847,ui.album.high.steady,Idle,2
5791,295285.4292,35.3121,ui.album.high.steady,Idle,2
5792,295318.1903,32.7613,ui.album.high.steady,Idle,2
5793,295354.3438,36.1535,ui.album.high.steady,Idle,2
5794,295384.1567,29.8129,ui.album.high.steady,Idle,2
5795,295421.1548,36.998,ui.album.high.steady,Idle,2
5796,295457.2531,36.0982,ui.album.high.steady,Idle,2
5797,295494.0116,36.7585,ui.album.high.steady,Idle,2
5798,295528.1664,34.1547,ui.album.high.steady,Idle,2
5799,295566.6323,38.466,ui.album.high.steady,Idle,2
5800,295605.6663,39.0342,ui.album.high.steady,Idle,2
5801,295643.1163,37.45,ui.album.high.steady,Idle,2
5802,295680.7654,37.649,ui.album.high.steady,Idle,2
5803,295718.4413,37.676,ui.album.high.steady,Idle,2
5804,295753.7404,35.299,ui.album.high.steady,Idle,2
5805,295784.1174,30.3771,ui.album.high.steady,Idle,2
5806,295820.5799,36.4623,ui.album.high.steady,Idle,2
5807,295854.3894,33.8096,ui.album.high.steady,Idle,2
5808,295892.2505,37.8611,ui.album.high.steady,Idle,2
5809,295928.8615,36.611,ui.album.high.steady,Idle,2
5810,295966.4939,37.6324,ui.album.high.steady,Idle,2
5811,296010.7402,44.2464,ui.album.high.steady,Idle,2
5812,296049.7672,39.0269,ui.album.high.steady,Idle,2
5813,296089.7396,39.9724,ui.album.high.steady,Idle,2
5814,296121.6339,31.8942,ui.album.high.steady,Idle,2
5815,296160.5386,38.9049,ui.album.high.steady,Idle,2
5816,296195.8089,35.2702,ui.album.high.steady,Idle,2
5817,296232.9953,37.1864,ui.album.high.steady,Idle,2
5818,296272.5898,39.5946,ui.album.high.steady,Idle,2
5819,296312.134,39.5442,ui.album.high.steady,Idle,2
5820,296349.085,36.9509,ui.album.high.steady,Idle,2
5821,296385.8017,36.7168,ui.album.high.steady,Idle,2
5822,296419.914,34.1122,ui.album.high.steady,Idle,2
5823,296455.1401,35.2261,ui.album.high.steady,Idle,2
5824,296490.8023,35.6623,ui.album.high.steady,Idle,2
5825,296528.3564,37.554,ui.album.high.steady,Idle,2
5826,296563.7479,35.3915,ui.album.high.steady,Idle,2
5827,296608.2945,44.5466,ui.album.high.steady,Idle,2
5828,296643.2873,34.9928,ui.album.high.steady,Idle,2
5829,296678.6701,35.3828,ui.album.high.steady,Idle,2
5830,296720.3441,41.6741,ui.album.high.steady,Idle,2
5831,296754.0461,33.7019,ui.album.high.steady,Idle,2
5832,296784.3881,30.3421,ui.album.high.steady,Idle,2
5833,296820.9278,36.5396,ui.album.high.steady,Idle,2
5834,296854.4497,33.5219,ui.album.high.steady,Idle,2
5835,296889.8513,35.4016,ui.album.high.steady,Idle,2
5836,296927.7043,37.8531,ui.album.high.steady,Idle,2
5837,296964.5194,36.815,ui.album.rotate,Idle,2
5838,297019.2303,54.7108,ui.album.rotate,Idle,2
5839,297052.3639,33.1337,ui.album.rotate,Idle,2
5840,297086.2181,33.8542,ui.album.rotate,Idle,2
5841,297121.4601,35.2419,ui.album.rotate,Idle,2
5842,297157.1546,35.6947,ui.album.rotate,Idle,2
5843,297194.406,37.2512,ui.album.rotate,Idle,2
5844,297232.8865,38.4806,ui.album.rotate,Idle,2
5845,297272.4276,39.5412,ui.album.rotate,Idle,2
5846,297309.979,37.5513,ui.album.rotate,Idle,2
5847,297349.2143,39.2353,ui.album.rotate,Idle,2
5848,297386.0793,36.865,ui.album.rotate,Idle,2
5849,297421.5904,35.5112,ui.album.rotate,Idle,2
5850,297455.4669,33.8764,ui.album.rotate,Idle,2
5851,297484.3194,28.8526,ui.album.rotate,Idle,2
5852,297519.9003,35.5806,ui.album.rotate,Idle,2
5853,297557.2516,37.3515,ui.album.rotate,Idle,2
5854,297590.3798,33.1283,ui.album.rotate,Idle,2
5855,297627.645,37.2652,ui.album.rotate,Idle,2
5856,297663.6856,36.0406,ui.album.rotate,Idle,2
5857,297700.9712,37.2856,ui.album.rotate,Idle,2
5858,297742.1459,41.1745,ui.album.rotate,Idle,2
5859,297779.2819,37.1361,ui.album.rotate,Idle,2
5860,297815.2841,36.0022,ui.album.rotate,Idle,2
5861,297853.148,37.8639,ui.album.rotate,Idle,2
5862,297884.9336,31.7855,ui.album.rotate,Idle,2
5863,297920.7738,35.8403,ui.album.rotate,Idle,2
5864,297946.5211,25.7472,ui.album.rotate,Idle,2
5865,297991.0043,44.4831,ui.album.rotate,Idle,2
5866,298027.4457,36.4416,ui.album.rotate,Idle,2
5867,298062.2058,34.7602,ui.album.rotate,Idle,2
5868,298100.7164,38.5105,ui.album.rotate,Idle,2
5869,298140.9701,40.2537,ui.album.rotate,Idle,2
5870,298175.6363,34.6663,ui.album.rotate,Idle,2
5871,298213.4713,37.835,ui.album.rotate,Idle,2
5872,298248.1808,34.7095,ui.album.rotate,Idle,2
5873,298289.8312,41.65,ui.album.rotate,Idle,2
5874,298339.6125,49.7817,ui.album.rotate,Idle,2
5875,298389.8748,50.2622,ui.album.rotate,Idle,2
5876,298446.9403,57.0655,ui.album.rotate,Idle,2
5877,298489.3596,42.4194,ui.album.rotate,Idle,2
5878,298539.4219,50.0623,ui.album.rotate,Idle,2
5879,298584.9651,45.543,ui.album.rotate,Idle,2
5880,298632.5906,47.6256,ui.album.rotate,Idle,2
5881,298682.5309,49.9402,ui.album.rotate,Idle,2
5882,298723.7001,41.1693,ui.album.rotate,Idle,2
5883,298764.9955,41.2955,ui.album.rotate,Idle,2
5884,298817.9312,52.9356,ui.album.rotate,Idle,2
5885,298867.3061,49.3749,ui.album.rotate,Idle,2
5886,298912.2265,44.9205,ui.album.rotate,Idle,2
5887,298956.9801,44.7535,ui.album.rotate,Idle,2
5888,299010.0667,53.0867,ui.album.rotate,Idle,2
5889,299057.7373,47.6705,ui.album.rotate,Idle,2
5890,299098.3856,40.6483,ui.album.rotate,Idle,2
5891,299141.5437,43.1581,ui.album.rotate,Idle,2
5892,299175.2921,33.7484,ui.album.rotate,Idle,2
5893,299213.439,38.1469,ui.album.rotate,Idle,2
5894,299257.1675,43.7285,ui.album.rotate,Idle,2
5895,299287.3601,30.1926,ui.album.rotate,Idle,2
5896,299319.2995,31.9394,ui.album.rotate,Idle,2
5897,299351.9509,32.6515,ui.album.rotate,Idle,2
5898,299377.3231,25.3721,ui.album.rotate,Idle,2
5899,299410.9713,33.6483,ui.album.rotate,Idle,2
5900,299450.583,39.6117,ui.album.rotate,Idle,2
5901,299485.7098,35.1266,ui.album.rotate,Idle,2
5902,299518.1069,32.3972,ui.album.rotate,Idle,2
5903,299551.5196,33.4128,ui.album.rotate,Idle,2
5904,299583.6028,32.0832,ui.album.rotate,Idle,2
5905,299610.8765,27.2736,ui.album.rotate,Idle,2
5906,299651.7272,40.8507,ui.album.rotate,Idle,2
5907,299689.4017,37.6746,ui.album.rotate,Idle,2
5908,299723.8158,34.414,ui.album.rotate,Idle,2
5909,299757.7172,33.9015,ui.album.rotate,Idle,2
5910,299791.6063,33.889,ui.album.rotate,Idle,2
5911,299831.2144,39.6082,ui.album.rotate,Idle,2
5912,299871.1201,39.9056,ui.album.rotate,Idle,2
5913,299907.1945,36.0745,ui.album.rotate,Idle,2
5914,299941.2808,34.0862,ui.album.rotate,Idle,2
5915,299977.08,35.7991,ui.album.rotate,Idle,2
5916,300012.5019,35.422,ui.album.rotate,Idle,2
5917,300055.187,42.6852,ui.album.rotate,Idle,2
5918,300087.1811,31.9941,ui.album.rotate,Idle,2
5919,300112.2071,25.026,ui.album.rotate,Idle,2
5920,300150.1035,37.8964,ui.album.rotate,Idle,2
5921,300184.5422,34.4387,ui.album.rotate,Idle,2
5922,300219.2101,34.6678,ui.album.rotate,Idle,2
5923,300256.039,36.829,ui.album.rotate,Idle,2
5924,300301.0558,45.0167,ui.album.rotate,Idle,2
5925,300343.3115,42.2557,ui.album.rotate,Idle,2
5926,300378.0515,34.74,ui.album.rotate,Idle,2
5927,300414.5611,36.5097,ui.album.rotate,Idle,2
5928,300454.2472,39.6861,ui.album.rotate,Idle,2
5929,300487.3925,33.1451,ui.album.rotate,Idle,2
5930,300513.0254,25.633,ui.album.rotate,Idle,2
5931,300557.1153,44.09,ui.album.rotate,Idle,2
5932,300588.381,31.2656,ui.album.rotate,Idle,2
5933,300621.9772,33.5962,ui.album.rotate,Idle,2
5934,300656.6148,34.6376,ui.album.rotate,Idle,2
5935,300695.3716,38.7568,ui.album.rotate,Idle,2
5936,300730.3054,34.9339,ui.album.rotate,Idle,2
5937,300770.7577,40.4523,ui.album.rotate,Idle,2
5938,300805.6774,34.9197,ui.album.rotate,Idle,2
5939,300842.6432,36.9658,ui.album.rotate,Idle,2
5940,300879.0887,36.4454,ui.album.rotate,Idle,2
5941,300917.6606,38.5719,ui.album.rotate,Idle,2
5942,300949.6616,32.001,ui.album.rotate,Idle,2
5943,300988.344,38.6825,ui.album.rotate,Idle,2
5944,301029.2262,40.8821,ui.album.rotate,Idle,2
5945,301063.8839,34.6578,ui.album.rotate,Idle,2
5946,301109.6859,45.8018,ui.album.rotate,Idle,2
5947,301144.3283,34.6425,ui.album.rotate,Idle,2
5948,301182.0773,37.749,ui.album.rotate,Idle,2
5949,301218.9753,36.898,ui.album.rotate,Idle,2
5950,301254.2209,35.2457,ui.album.rotate,Idle,2
5951,301288.2657,34.0447,ui.album.rotate,Idle,2
5952,301323.9176,35.6519,ui.album.rotate,Idle,2
5953,301361.398,37.4803,ui.album.rotate,Idle,2
5954,301399.6278,38.23,ui.album.rotate,Idle,2
5955,301438.815,39.187,ui.album.rotate,Idle,2
5956,301475.5328,36.7178,ui.album.rotate,Idle,2
5957,301531.4246,55.8919,audit.snapshot.ui.album.rotate,Idle,2
5958,301565.5486,34.124,audit.snapshot.ui.album.rotate,Idle,2
5959,301591.61,26.0614,audit.snapshot.ui.album.rotate,Idle,2
5960,301624.6198,33.0098,audit.snapshot.ui.album.rotate,Idle,2
5961,301660.1834,35.5637,audit.snapshot.ui.album.rotate,Idle,2
5962,301694.2002,34.0167,audit.snapshot.ui.album.rotate,Idle,2
5963,301732.3034,38.1032,audit.snapshot.ui.album.rotate,Idle,2
5964,301766.5272,34.2238,audit.snapshot.ui.album.rotate,Idle,2
5965,301803.8852,37.358,audit.snapshot.ui.album.rotate,Idle,2
5966,301837.7382,33.853,audit.snapshot.ui.album.rotate,Idle,2
5967,301871.6038,33.8656,audit.snapshot.ui.album.rotate,Idle,2
5968,301907.3518,35.748,audit.snapshot.ui.album.rotate,Idle,2
5969,301944.0041,36.6523,audit.snapshot.ui.album.rotate,Idle,2
5970,301979.7483,35.7442,audit.snapshot.ui.album.rotate,Idle,2
5971,302023.0404,43.2921,audit.snapshot.ui.album.rotate,Idle,2
5972,302056.6221,33.5817,audit.snapshot.ui.album.rotate,Idle,2
5973,302090.2919,33.6699,audit.snapshot.ui.album.rotate,Idle,2
5974,302128.6449,38.3529,audit.snapshot.ui.album.rotate,Idle,2
5975,302163.5562,34.9113,audit.snapshot.ui.album.rotate,Idle,2
5976,302199.764,36.2078,audit.snapshot.ui.album.rotate,Idle,2
5977,302233.1662,33.4023,audit.snapshot.ui.album.rotate,Idle,2
5978,302281.0431,47.8769,audit.snapshot.ui.album.rotate,Idle,2
5979,302315.8142,34.7711,audit.snapshot.ui.album.rotate,Idle,2
5980,302363.0971,47.2828,audit.snapshot.ui.album.rotate,Idle,2
5981,302403.2892,40.1921,audit.snapshot.ui.album.rotate,Idle,2
5982,302442.9394,39.6502,audit.snapshot.ui.album.rotate,Idle,2
5983,302494.3218,51.3825,audit.snapshot.ui.album.rotate,Idle,2
5984,302539.0695,44.7476,audit.snapshot.ui.album.rotate,Idle,2
5985,302576.4276,37.3581,audit.snapshot.ui.album.rotate,Idle,2
5986,302615.8927,39.4651,audit.snapshot.ui.album.rotate,Idle,2
5987,302665.1942,49.3015,audit.snapshot.ui.album.rotate,Idle,2
5988,302710.7997,45.6054,audit.snapshot.ui.album.rotate,Idle,2
5989,302753.5189,42.7192,audit.snapshot.ui.album.rotate,Idle,2
5990,302796.2656,42.7469,audit.snapshot.ui.album.rotate,Idle,2
5991,302839.8912,43.6256,audit.snapshot.ui.album.rotate,Idle,2
5992,302885.3937,45.5024,audit.snapshot.ui.album.rotate,Idle,2
5993,302927.5466,42.1529,audit.snapshot.ui.album.rotate,Idle,2
5994,302981.1031,53.5566,audit.snapshot.ui.album.rotate,Idle,2
5995,303028.7902,47.6871,audit.snapshot.ui.album.rotate,Idle,2
5996,303073.1915,44.4013,audit.snapshot.ui.album.rotate,Idle,2
5997,303110.4405,37.2489,audit.snapshot.ui.album.rotate,Idle,2
5998,303156.0304,45.59,audit.snapshot.ui.album.rotate,Idle,2
5999,303185.8812,29.8506,audit.snapshot.ui.album.rotate,Idle,2
6000,303222.4989,36.6179,audit.snapshot.ui.album.rotate,Idle,2
6001,303258.4159,35.917,audit.snapshot.ui.album.rotate,Idle,2
6002,303290.6821,32.2661,ui.album.quiet.high,Idle,2
6003,303324.7517,34.0696,ui.album.quiet.high,Idle,2
6004,303366.2254,41.4738,ui.album.quiet.high,Idle,2
6005,303412.1635,45.938,ui.album.quiet.high,Idle,2
6006,303443.8419,31.6784,ui.album.quiet.high,Idle,2
6007,303478.1998,34.3579,ui.album.quiet.high,Idle,2
6008,303511.9467,33.747,ui.album.quiet.high,Idle,2
6009,303546.9224,34.9757,ui.album.quiet.high,Idle,2
6010,303582.481,35.5585,ui.album.quiet.high,Idle,2
6011,303618.9461,36.4652,ui.album.quiet.high,Idle,2
6012,303644.2864,25.3403,ui.album.quiet.high,Idle,2
6013,303681.9806,37.6942,ui.album.quiet.high,Idle,2
6014,303716.2095,34.2289,ui.album.quiet.high,Idle,2
6015,303756.1783,39.9687,ui.album.quiet.high,Idle,2
6016,303790.0291,33.8508,ui.album.quiet.high,Idle,2
6017,303824.0665,34.0375,ui.album.quiet.high,Idle,2
6018,303857.4414,33.3749,ui.album.quiet.high,Idle,2
6019,303891.2902,33.8487,ui.album.quiet.high,Idle,2
6020,303927.5414,36.2512,ui.album.quiet.high,Idle,2
6021,303965.529,37.9877,ui.album.quiet.high,Idle,2
6022,304010.3356,44.8066,ui.album.quiet.high,Idle,2
6023,304045.7211,35.3854,ui.album.quiet.high,Idle,2
6024,304079.7859,34.0648,ui.album.quiet.high,Idle,2
6025,304115.8792,36.0934,ui.album.quiet.high,Idle,2
6026,304150.5165,34.637,ui.album.quiet.high,Idle,2
6027,304189.1136,38.5974,ui.album.quiet.high,Idle,2
6028,304220.8507,31.737,ui.album.quiet.high,Idle,2
6029,304248.9462,28.0955,ui.album.quiet.high,Idle,2
6030,304283.0653,34.1192,ui.album.quiet.high,Idle,2
6031,304319.0622,35.9967,ui.album.quiet.high,Idle,2
6032,304353.3075,34.2453,ui.album.quiet.high,Idle,2
6033,304389.8743,36.5669,ui.album.quiet.high,Idle,2
6034,304416.6975,26.8232,ui.album.quiet.high,Idle,2
6035,304455.6469,38.9494,ui.album.quiet.high,Idle,2
6036,304485.9854,30.3386,ui.album.quiet.high,Idle,2
6037,304525.9075,39.922,ui.album.quiet.high,Idle,2
6038,304559.7013,33.7938,ui.album.quiet.high,Idle,2
6039,304596.0336,36.3323,ui.album.quiet.high,Idle,2
6040,304632.1246,36.0911,ui.album.quiet.high,Idle,2
6041,304666.031,33.9064,ui.album.quiet.high,Idle,2
6042,304704.3395,38.3084,ui.album.quiet.high,Idle,2
6043,304738.1734,33.834,ui.album.quiet.high,Idle,2
6044,304765.7478,27.5743,ui.album.quiet.high,Idle,2
6045,304804.3106,38.5628,ui.album.quiet.high,Idle,2
6046,304838.7259,34.4154,ui.album.quiet.high,Idle,2
6047,304873.2973,34.5712,ui.album.quiet.high,Idle,2
6048,304907.2839,33.9867,ui.album.quiet.high,Idle,2
6049,304940.9737,33.6897,ui.album.quiet.high,Idle,2
6050,304971.2091,30.2355,ui.album.quiet.high,Idle,2
6051,305027.5867,56.3776,ui.album.quiet.high,Idle,2
6052,305059.5362,31.9495,ui.album.quiet.high,Idle,2
6053,305105.5769,46.0408,ui.album.quiet.high,Idle,2
6054,305143.3889,37.812,ui.album.quiet.high,Idle,2
6055,305177.8768,34.4878,ui.album.quiet.high,Idle,2
6056,305215.7129,37.8361,ui.album.quiet.high,Idle,2
6057,305250.1542,34.4413,ui.album.quiet.high,Idle,2
6058,305284.3911,34.237,ui.album.quiet.high,Idle,2
6059,305319.7647,35.3735,ui.album.quiet.high,Idle,2
6060,305354.2707,34.5061,ui.album.quiet.high,Idle,2
6061,305388.7176,34.4468,ui.album.quiet.high,Idle,2
6062,305420.8206,32.103,ui.album.quiet.high,Idle,2
6063,305456.0598,35.2393,ui.album.quiet.high,Idle,2
6064,305492.4822,36.4222,ui.album.quiet.high,Idle,2
6065,305526.9188,34.4368,ui.album.quiet.high,Idle,2
6066,305560.6852,33.7664,ui.album.quiet.high,Idle,2
6067,305595.078,34.3928,ui.album.quiet.high,Idle,2
6068,305633.6008,38.5227,ui.album.quiet.high,Idle,2
6069,305671.0452,37.4444,ui.album.quiet.high,Idle,2
6070,305707.7887,36.7436,ui.album.quiet.high,Idle,2
6071,305740.9183,33.1296,ui.album.quiet.high,Idle,2
6072,305774.5234,33.6049,ui.album.quiet.high,Idle,2
6073,305810.9781,36.4549,ui.album.quiet.high,Idle,2
6074,305844.5448,33.5666,ui.album.quiet.high,Idle,2
6075,305881.0203,36.4756,ui.album.quiet.high,Idle,2
6076,305912.5679,31.5476,ui.album.quiet.high,Idle,2
6077,305948.4296,35.8617,ui.album.quiet.high,Idle,2
6078,305982.2512,33.8213,ui.album.quiet.high,Idle,2
6079,306030.1244,47.8735,ui.album.quiet.high,Idle,2
6080,306065.8768,35.7523,ui.album.quiet.high,Idle,2
6081,306091.0496,25.1726,ui.album.quiet.high,Idle,2
6082,306126.3217,35.2722,ui.album.quiet.high,Idle,2
6083,306160.6325,34.311,ui.album.quiet.high,Idle,2
6084,306194.6252,33.9926,ui.album.quiet.high,Idle,2
6085,306241.3141,46.6889,ui.album.quiet.high,Idle,2
6086,306294.6166,53.3026,ui.album.quiet.high,Idle,2
6087,306331.8677,37.251,ui.album.quiet.high,Idle,2
6088,306377.7709,45.9032,ui.album.quiet.high,Idle,2
6089,306424.4527,46.6818,ui.album.quiet.high,Idle,2
6090,306472.4429,47.9903,ui.album.quiet.high,Idle,2
6091,306522.1773,49.7343,ui.album.quiet.high,Idle,2
6092,306566.8758,44.6986,ui.album.quiet.high,Idle,2
6093,306611.8783,45.0024,ui.album.quiet.high,Idle,2
6094,306657.9492,46.071,ui.album.quiet.high,Idle,2
6095,306710.1507,52.2015,ui.album.quiet.high,Idle,2
6096,306745.4669,35.3161,ui.album.quiet.high,Idle,2
6097,306783.0052,37.5383,ui.album.quiet.high,Idle,2
6098,306832.0134,49.0082,ui.album.quiet.high,Idle,2
6099,306884.365,52.3516,ui.album.quiet.high,Idle,2
6100,306935.7724,51.4075,ui.album.quiet.high,Idle,2
6101,306965.3377,29.5652,ui.album.quiet.high,Idle,2
6102,307006.1354,40.7977,ui.album.quiet.high,Idle,2
6103,307058.246,52.1106,ui.album.quiet.high,Idle,2
6104,307096.3551,38.1092,ui.album.quiet.high,Idle,2
6105,307132.2592,35.9041,ui.album.quiet.high,Idle,2
6106,307166.9408,34.6815,ui.album.quiet.high,Idle,2
6107,307205.2939,38.3531,ui.album.quiet.high,Idle,2
6108,307247.5601,42.2663,ui.album.quiet.high,Idle,2
6109,307284.675,37.1148,ui.album.quiet.high,Idle,2
6110,307325.6998,41.0249,ui.album.quiet.high,Idle,2
6111,307359.8704,34.1705,ui.album.quiet.high,Idle,2
6112,307393.9889,34.1183,ui.album.quiet.high,Idle,2
6113,307428.3495,34.3608,ui.album.quiet.high,Idle,2
6114,307465.9458,37.5964,ui.album.quiet.high,Idle,2
6115,307500.499,34.5531,ui.album.quiet.high,Idle,2
6116,307537.7374,37.2384,ui.album.quiet.high,Idle,2
6117,307571.4387,33.7014,ui.album.quiet.high,Idle,2
6118,307607.7909,36.3521,ui.album.quiet.high,Idle,2
6119,307641.0521,33.2613,ui.album.quiet.high,Idle,2
6120,307677.4908,36.4387,ui.album.quiet.high,Idle,2
6121,307711.4996,34.0086,ui.album.quiet.high,Idle,2
6122,307745.5104,34.0109,ui.album.quiet.high,Idle,2
6123,307781.4531,35.9427,ui.album.quiet.high,Idle,2
6124,307815.6586,34.2054,ui.album.quiet.high,Idle,2
6125,307849.7935,34.135,ui.album.quiet.high,Idle,2
6126,307888.3459,38.5524,ui.album.quiet.high,Idle,2
6127,307921.1628,32.817,ui.album.quiet.high,Idle,2
6128,307954.7189,33.556,ui.album.quiet.high,Idle,2
6129,307982.5379,27.819,ui.album.quiet.high,Idle,2
6130,308027.7377,45.1998,ui.album.quiet.high,Idle,2
6131,308065.6848,37.9472,ui.album.quiet.high,Idle,2
6132,308104.9505,39.2657,ui.album.quiet.high,Idle,2
6133,308140.7994,35.8489,ui.album.quiet.high,Idle,2
6134,308174.3247,33.5252,ui.album.quiet.high,Idle,2
6135,308207.8499,33.5252,ui.album.quiet.high,Idle,2
6136,308241.5791,33.7293,ui.album.quiet.high,Idle,2
6137,308278.0212,36.442,ui.album.quiet.high,Idle,2
6138,308312.1446,34.1235,ui.album.quiet.high,Idle,2
6139,308348.0691,35.9245,ui.album.quiet.high,Idle,2
6140,308381.7784,33.7092,ui.album.quiet.high,Idle,2
6141,308416.0602,34.2818,ui.album.quiet.high,Idle,2
6142,308450.986,34.9258,ui.album.quiet.high,Idle,2
6143,308488.8008,37.8149,ui.album.quiet.high,Idle,2
6144,308520.7901,31.9892,ui.album.quiet.high,Idle,2
6145,308549.0508,28.2607,ui.album.quiet.high,Idle,2
6146,308582.9161,33.8653,ui.album.quiet.high,Idle,2
6147,308619.3058,36.3897,ui.album.quiet.high,Idle,2
6148,308652.711,33.4053,ui.album.quiet.high,Idle,2
6149,308689.7284,37.0174,ui.album.quiet.high,Idle,2
6150,308716.3609,26.6325,ui.album.quiet.high,Idle,2
6151,308750.2236,33.8626,ui.album.quiet.high,Idle,2
