# Derivative; see ATTRIBUTION.md. Metres, Y up.
v 1.955973 -2.897549 12.151681 0.91030 0.91260 0.89190
vt 0.265803 0.395851
vn 0.791167 -0.539227 0.288599
v 2.193989 -2.410212 12.409741 0.91030 0.91260 0.89190
vt 0.287330 0.418724
vn 0.791167 -0.539227 0.288599
v 2.033313 -2.333253 12.994009 0.91030 0.91260 0.89190
vt 0.275859 0.423579
vn 0.791167 -0.539227 0.288599
f 1/1/1 2/2/2 3/3/3
v 1.955973 -2.897549 12.151681 0.91030 0.91260 0.89190
vt 0.265803 0.395851
vn 0.782286 -0.548354 0.295529
v 2.033313 -2.333253 12.994009 0.91030 0.91260 0.89190
vt 0.275859 0.423579
vn 0.782286 -0.548354 0.295529
v 1.852962 -2.820032 12.568195 0.91030 0.91260 0.89190
vt 0.258901 0.400365
vn 0.782286 -0.548354 0.295529
f 4/4/4 5/5/5 6/6/6
v 2.311038 -3.226695 -14.418726 0.51775 0.29358 0.27288
vt 0.843432 0.376997
vn 0.585517 -0.348099 -0.732118
v 1.917550 -3.701367 -14.507730 0.51775 0.29358 0.27288
vt 0.867947 0.354218
vn 0.585517 -0.348099 -0.732118
v 2.090100 -3.018714 -14.694311 0.51775 0.29358 0.27288
vt 0.855564 0.387173
vn 0.585517 -0.348099 -0.732118
f 7/7/7 8/8/8 9/9/9
v 2.311038 -3.226695 -14.418726 0.51775 0.29358 0.27288
vt 0.843432 0.376997
vn 0.729637 -0.117538 -0.673658
v 2.090100 -3.018714 -14.694311 0.51775 0.29358 0.27288
vt 0.855564 0.387173
vn 0.729637 -0.117538 -0.673658
v 2.531473 -2.778861 -14.258110 0.51775 0.29358 0.27288
vt 0.827687 0.398475
vn 0.729637 -0.117538 -0.673658
f 10/10/10 11/11/11 12/12/12
v 2.200576 -3.110300 9.589084 0.91030 0.91260 0.89190
vt 0.382530 0.378487
vn 0.822949 -0.561141 0.088745
v 2.535730 -2.572938 9.878922 0.91030 0.91260 0.89190
vt 0.377174 0.405817
vn 0.822949 -0.561141 0.088745
v 2.464236 -2.511847 10.928174 0.91030 0.91260 0.89190
vt 0.357204 0.408303
vn 0.822949 -0.561141 0.088745
f 13/13/13 14/14/14 15/15/15
v 2.200576 -3.110300 9.589084 0.91030 0.91260 0.88586
vt 0.382530 0.378487
vn 0.821579 -0.562972 0.089833
v 2.464236 -2.511847 10.928174 0.91030 0.91260 0.88586
vt 0.357204 0.408303
vn 0.821579 -0.562972 0.089833
v 2.114613 -3.042975 10.797183 0.91030 0.91260 0.88586
vt 0.359386 0.381001
vn 0.821579 -0.562972 0.089833
f 16/16/16 17/17/17 18/18/18
v 2.114613 -3.042975 10.797183 0.91030 0.91260 0.89190
vt 0.284726 0.385963
vn 0.794839 -0.594221 0.123013
v 2.070585 -3.001990 11.279643 0.91030 0.91260 0.89190
vt 0.278003 0.389046
vn 0.794839 -0.594221 0.123013
v 1.671653 -3.526725 11.322561 0.91030 0.91260 0.89190
vt 0.244827 0.365153
vn 0.794839 -0.594221 0.123013
f 19/19/19 20/20/20 21/21/21
v 2.114613 -3.042975 10.797183 0.91030 0.91260 0.89190
vt 0.284726 0.385963
vn 0.790417 -0.602266 0.111876
v 1.671653 -3.526725 11.322561 0.91030 0.91260 0.89190
vt 0.244827 0.365153
vn 0.790417 -0.602266 0.111876
v 1.697397 -3.560830 10.957072 0.91030 0.91260 0.89190
vt 0.249443 0.362633
vn 0.790417 -0.602266 0.111876
f 22/22/22 23/23/23 24/24/24
v 2.460186 -3.236826 -5.530591 0.91030 0.91260 0.88888
vt 0.658429 0.374216
vn 0.743790 -0.668303 -0.012138
v 1.968597 -3.783373 -5.561772 0.91030 0.91260 0.88888
vt 0.658534 0.345687
vn 0.743790 -0.668303 -0.012138
v 1.945366 -3.762909 -8.112080 0.91030 0.91260 0.88888
vt 0.704889 0.346338
vn 0.743790 -0.668303 -0.012138
f 25/25/25 26/26/26 27/27/27
v 2.460186 -3.236826 -5.530591 0.51473 0.29660 0.28798
vt 0.658429 0.374216
vn 0.750169 -0.661078 -0.014883
v 1.945366 -3.762909 -8.112080 0.51473 0.29660 0.28798
vt 0.704889 0.346338
vn 0.750169 -0.661078 -0.014883
v 2.424177 -3.226208 -7.817212 0.51473 0.29660 0.28798
vt 0.700159 0.374449
vn 0.750169 -0.661078 -0.014883
f 28/28/28 29/29/29 30/30/30
v 2.414832 -3.221008 -8.961015 0.51775 0.29358 0.26684
vt 0.721178 0.374651
vn 0.883396 -0.468538 -0.009130
v 2.723215 -2.653332 -8.254926 0.51775 0.29358 0.26684
vt 0.708882 0.403068
vn 0.883396 -0.468538 -0.009130
v 2.730115 -2.661989 -7.143056 0.51775 0.29358 0.26684
vt 0.688262 0.402632
vn 0.883396 -0.468538 -0.009130
f 31/31/31 32/32/32 33/33/33
v 2.414832 -3.221008 -8.961015 0.51775 0.29358 0.27288
vt 0.721178 0.374651
vn 0.883683 -0.467992 -0.009347
v 2.730115 -2.661989 -7.143056 0.51775 0.29358 0.27288
vt 0.688262 0.402632
vn 0.883683 -0.467992 -0.009347
v 2.424177 -3.226208 -7.817212 0.51775 0.29358 0.27288
vt 0.700159 0.374449
vn 0.883683 -0.467992 -0.009347
f 34/34/34 35/35/35 36/36/36
v 2.462163 -3.218071 -11.098754 0.51775 0.29358 0.27288
vt 0.761223 0.375425
vn 0.728861 -0.684503 0.014701
v 1.954739 -3.761953 -11.265286 0.51775 0.29358 0.27288
vt 0.762495 0.346673
vn 0.728861 -0.684503 0.014701
v 1.962814 -3.769612 -12.022278 0.51775 0.29358 0.27288
vt 0.776314 0.346408
vn 0.728861 -0.684503 0.014701
f 37/37/37 38/38/38 39/39/39
v 2.462163 -3.218071 -11.098754 0.51775 0.29358 0.27288
vt 0.761223 0.375425
vn 0.727666 -0.685743 0.016088
v 1.962814 -3.769612 -12.022278 0.51775 0.29358 0.27288
vt 0.776314 0.346408
vn 0.727666 -0.685743 0.016088
v 2.476428 -3.226315 -12.095413 0.51775 0.29358 0.27288
vt 0.779557 0.375189
vn 0.727666 -0.685743 0.016088
f 40/40/40 41/41/41 42/42/42
v 2.471517 -3.243046 -13.593062 0.51775 0.29358 0.27288
vt 0.806752 0.374185
vn 0.918632 -0.394748 -0.017033
v 2.720759 -2.673330 -13.354278 0.51775 0.29358 0.27288
vt 0.805986 0.402877
vn 0.918632 -0.394748 -0.017033
v 2.759197 -2.638290 -12.093280 0.51775 0.29358 0.27288
vt 0.781850 0.404490
vn 0.918632 -0.394748 -0.017033
f 43/43/43 44/44/44 45/45/45
v 2.471517 -3.243046 -13.593062 0.51775 0.29358 0.27288
vt 0.806752 0.374185
vn 0.901209 -0.433380 0.001886
v 2.759197 -2.638290 -12.093280 0.51775 0.29358 0.27288
vt 0.781850 0.404490
vn 0.901209 -0.433380 0.001886
v 2.476428 -3.226315 -12.095413 0.51775 0.29358 0.27288
vt 0.779557 0.375189
vn 0.901209 -0.433380 0.001886
f 46/46/46 47/47/47 48/48/48
v 1.806617 -2.101198 -6.357645 0.75630 0.16072 0.14304
vt 0.681017 0.656426
vn -0.009930 0.999950 -0.001308
v 1.762151 -2.101198 -6.019864 0.75630 0.16072 0.14304
vt 0.684374 0.655208
vn -0.009930 0.999950 -0.001308
v 2.743448 -2.091453 -6.019864 0.75630 0.16072 0.14304
vt 0.683026 0.686161
vn -0.009930 0.999950 -0.001308
f 49/49/49 50/50/50 51/51/51
v 1.806617 -2.101198 -6.357645 0.75328 0.15770 0.14002
vt 0.681017 0.656426
vn -0.011645 0.999926 0.003448
v 2.743448 -2.091453 -6.019864 0.75328 0.15770 0.14002
vt 0.683026 0.686161
vn -0.011645 0.999926 0.003448
v 2.743448 -2.090288 -6.357645 0.75328 0.15770 0.14002
vt 0.679160 0.685921
vn -0.011645 0.999926 0.003448
f 52/52/52 53/53/53 54/54/54
v 1.810142 -1.073101 -12.577980 0.75630 0.15166 0.14606
vt 0.547988 0.647748
vn 0.000004 1.000000 -0.000031
v 1.810142 -1.073097 -12.457706 0.75630 0.15166 0.14606
vt 0.549225 0.647857
vn 0.000004 1.000000 -0.000031
v 2.743449 -1.073101 -12.457706 0.75630 0.15166 0.14606
vt 0.546716 0.677188
vn 0.000004 1.000000 -0.000031
f 55/55/55 56/56/56 57/57/57
v 1.810142 -1.073101 -12.577980 0.74422 0.17582 0.15512
vt 0.547988 0.647748
vn -0.000000 1.000000 0.000000
v 2.743449 -1.073101 -12.457706 0.74422 0.17582 0.15512
vt 0.546716 0.677188
vn -0.000000 1.000000 0.000000
v 2.743449 -1.073101 -12.577980 0.74422 0.17582 0.15512
vt 0.545533 0.677090
vn -0.000000 1.000000 0.000000
f 58/58/58 59/59/59 60/60/60
v 1.955973 -2.897549 12.151681 0.91030 0.91260 0.89190
vt 0.265803 0.395851
vn 0.817285 -0.546594 0.182428
v 2.026587 -2.959362 11.650125 0.91030 0.91260 0.89190
vt 0.272934 0.391868
vn 0.817285 -0.546594 0.182428
v 2.335088 -2.417643 11.891135 0.91030 0.91260 0.89190
vt 0.299223 0.417237
vn 0.817285 -0.546594 0.182428
f 61/61/61 62/62/62 63/63/63
v 1.955973 -2.897549 12.151681 0.91030 0.91260 0.89190
vt 0.265803 0.395851
vn 0.820545 -0.522938 0.230743
v 2.335088 -2.417643 11.891135 0.91030 0.91260 0.89190
vt 0.299223 0.417237
vn 0.820545 -0.522938 0.230743
v 2.193989 -2.410212 12.409741 0.91030 0.91260 0.89190
vt 0.287330 0.418724
vn 0.820545 -0.522938 0.230743
f 64/64/64 65/65/65 66/66/66
v 1.955973 -2.897549 12.151681 0.91030 0.91260 0.89190
vt 0.265803 0.395851
vn 0.819219 -0.492254 0.294222
v 1.852962 -2.820032 12.568195 0.91030 0.91260 0.89190
vt 0.258901 0.400365
vn 0.819219 -0.492254 0.294222
v 1.574005 -3.175391 12.750368 0.91030 0.91260 0.89190
vt 0.234715 0.384525
vn 0.819219 -0.492254 0.294222
f 67/67/67 68/68/68 69/69/69
v 1.955973 -2.897549 12.151681 0.91030 0.91260 0.89190
vt 0.265803 0.395851
vn 0.794458 -0.553469 0.250016
v 1.574005 -3.175391 12.750368 0.91030 0.91260 0.89190
vt 0.234715 0.384525
vn 0.794458 -0.553469 0.250016
v 1.616459 -3.385067 12.151297 0.91030 0.91260 0.89190
vt 0.237007 0.373607
vn 0.794458 -0.553469 0.250016
f 70/70/70 71/71/71 72/72/72
v 2.471517 -3.243046 -13.593062 0.51775 0.29358 0.27288
vt 0.806752 0.374185
vn 0.727025 -0.686591 0.005286
v 2.476428 -3.226315 -12.095413 0.51775 0.29358 0.27288
vt 0.779557 0.375189
vn 0.727025 -0.686591 0.005286
v 1.962814 -3.769612 -12.022278 0.51775 0.29358 0.27288
vt 0.776314 0.346408
vn 0.727025 -0.686591 0.005286
f 73/73/73 74/74/74 75/75/75
v 2.471517 -3.243046 -13.593062 0.51775 0.29358 0.27288
vt 0.806752 0.374185
vn 0.736035 -0.676846 0.011471
v 1.962814 -3.769612 -12.022278 0.51775 0.29358 0.27288
vt 0.776314 0.346408
vn 0.736035 -0.676846 0.011471
v 1.952644 -3.811521 -13.842476 0.51775 0.29358 0.27288
vt 0.809313 0.344278
vn 0.736035 -0.676846 0.011471
f 76/76/76 77/77/77 78/78/78
v 2.311038 -3.226695 -14.418726 0.51775 0.29358 0.27288
vt 0.843432 0.376997
vn 0.907339 -0.395004 -0.143900
v 2.531473 -2.778861 -14.258110 0.51775 0.29358 0.27288
vt 0.827687 0.398475
vn 0.907339 -0.395004 -0.143900
v 2.720759 -2.673330 -13.354278 0.51775 0.29358 0.27288
vt 0.805986 0.402877
vn 0.907339 -0.395004 -0.143900
f 79/79/79 80/80/80 81/81/81
v 2.311038 -3.226695 -14.418726 0.51775 0.29358 0.27288
vt 0.843432 0.376997
vn 0.926396 -0.327101 -0.186535
v 2.720759 -2.673330 -13.354278 0.51775 0.29358 0.27288
vt 0.805986 0.402877
vn 0.926396 -0.327101 -0.186535
v 2.471517 -3.243046 -13.593062 0.51775 0.29358 0.27288
vt 0.826479 0.375216
vn 0.926396 -0.327101 -0.186535
f 82/82/82 83/83/83 84/84/84
v 2.854638 -0.771465 -14.418730 0.51775 0.28754 0.29704
vt 0.811248 0.495894
vn 0.000010 1.000000 -0.000004
v 2.712966 -0.771465 -14.686556 0.51775 0.28754 0.29704
vt 0.820480 0.495979
vn 0.000010 1.000000 -0.000004
v 2.736682 -0.771465 -14.548065 0.51775 0.28754 0.29704
vt 0.817925 0.496325
vn 0.000010 1.000000 -0.000004
f 85/85/85 86/86/86 87/87/87
v 2.854638 -0.771465 -14.418730 0.49661 0.29660 0.29704
vt 0.811248 0.495894
vn 0.000007 1.000000 -0.000001
v 2.736682 -0.771465 -14.548065 0.49661 0.29660 0.29704
vt 0.817925 0.496325
vn 0.000007 1.000000 -0.000001
v 2.887267 -0.771465 -14.143157 0.49661 0.29660 0.29704
vt 0.806484 0.496316
vn 0.000007 1.000000 -0.000001
f 88/88/88 89/89/89 90/90/90
v 2.448509 -1.730528 12.800742 0.91030 0.91260 0.89190
vt 0.314961 0.450574
vn 0.862836 -0.435935 0.255881
v 2.737267 -0.869004 13.294792 0.91030 0.91260 0.89190
vt 0.328411 0.492634
vn 0.862836 -0.435935 0.255881
v 2.488768 -0.873110 14.125741 0.91030 0.91260 0.89190
vt 0.310238 0.494059
vn 0.862836 -0.435935 0.255881
f 91/91/91 92/92/92 93/93/93
v 2.448509 -1.730528 12.800742 0.91030 0.91260 0.89190
vt 0.314961 0.450574
vn 0.819711 -0.491916 0.293417
v 2.488768 -0.873110 14.125741 0.91030 0.91260 0.89190
vt 0.310238 0.494059
vn 0.819711 -0.491916 0.293417
v 2.224865 -1.680525 13.509360 0.91030 0.91260 0.89190
vt 0.296537 0.454657
vn 0.819711 -0.491916 0.293417
f 94/94/94 95/95/95 96/96/96
v 2.448509 -1.730528 12.800742 0.91030 0.91260 0.89190
vt 0.314961 0.450574
vn 0.924056 -0.313616 0.218554
v 2.584486 -1.743562 12.207121 0.91030 0.91260 0.89190
vt 0.329545 0.448434
vn 0.924056 -0.313616 0.218554
v 2.797901 -0.883304 12.539227 0.91030 0.91260 0.89190
vt 0.339070 0.490520
vn 0.924056 -0.313616 0.218554
f 97/97/97 98/98/98 99/99/99
v 2.448509 -1.730528 12.800742 0.91030 0.91260 0.89190
vt 0.314961 0.450574
vn 0.930010 -0.358402 0.081417
v 2.797901 -0.883304 12.539227 0.91030 0.91260 0.89190
vt 0.339070 0.490520
vn 0.930010 -0.358402 0.081417
v 2.737267 -0.869004 13.294792 0.91030 0.91260 0.89190
vt 0.328411 0.492634
vn 0.930010 -0.358402 0.081417
f 100/100/100 101/101/101 102/102/102
v 2.680985 -1.879844 11.318347 0.91030 0.91260 0.89190
vt 0.347483 0.439747
vn 0.925109 -0.303388 0.228318
v 2.729527 -2.016874 10.939579 0.91030 0.91260 0.89190
vt 0.357911 0.433305
vn 0.925109 -0.303388 0.228318
v 2.787189 -1.673836 11.161770 0.91030 0.91260 0.89190
vt 0.355263 0.450077
vn 0.925109 -0.303388 0.228318
f 103/103/103 104/104/104 105/105/105
v 2.680985 -1.879844 11.318347 0.91030 0.91260 0.89190
vt 0.347483 0.439747
vn 0.919648 -0.234845 0.314795
v 2.787189 -1.673836 11.161770 0.91030 0.91260 0.89190
vt 0.355263 0.450077
vn 0.919648 -0.234845 0.314795
v 2.885155 -0.903881 11.449976 0.91030 0.91260 0.89190
vt 0.351775 0.487548
vn 0.919648 -0.234845 0.314795
f 106/106/106 107/107/107 108/108/108
v 2.852363 -2.125460 -7.415800 0.91030 0.91260 0.89190
vt 0.692717 0.428738
vn 0.997243 -0.074129 -0.003392
v 2.887006 -1.673115 -7.116421 0.91030 0.91260 0.89190
vt 0.685888 0.450609
vn 0.997243 -0.074129 -0.003392
v 2.887136 -1.706752 -6.343089 0.91030 0.91260 0.89190
vt 0.672042 0.448939
vn 0.997243 -0.074129 -0.003392
f 109/109/109 110/110/110 111/111/111
v 2.852363 -2.125460 -7.415800 0.91030 0.91260 0.89190
vt 0.692717 0.428738
vn 0.997445 -0.071291 -0.004506
v 2.887136 -1.706752 -6.343089 0.91030 0.91260 0.89190
vt 0.672042 0.448939
vn 0.997445 -0.071291 -0.004506
v 2.855003 -2.140353 -6.595739 0.91030 0.91260 0.89190
vt 0.677719 0.427995
vn 0.997445 -0.071291 -0.004506
f 112/112/112 113/113/113 114/114/114
v 2.819530 -2.129986 -13.425433 0.51775 0.29358 0.27288
vt 0.803765 0.429749
vn 0.991567 -0.126973 -0.025922
v 2.867323 -1.688347 -13.760534 0.51775 0.29358 0.27288
vt 0.805584 0.451431
vn 0.991567 -0.126973 -0.025922
v 2.887266 -1.706397 -12.909270 0.51775 0.29358 0.27288
vt 0.790478 0.450253
vn 0.991567 -0.126973 -0.025922
f 115/115/115 116/116/116 117/117/117
v 2.819530 -2.129986 -13.425433 0.51775 0.29358 0.27288
vt 0.803765 0.429749
vn 0.991528 -0.127342 -0.025615
v 2.887266 -1.706397 -12.909270 0.51775 0.29358 0.27288
vt 0.790478 0.450253
vn 0.991528 -0.127342 -0.025615
v 2.855884 -2.088065 -12.226620 0.51775 0.29358 0.27288
vt 0.781281 0.431372
vn 0.991528 -0.127342 -0.025615
f 118/118/118 119/119/119 120/120/120
v 2.655462 -2.182701 -14.286226 0.51775 0.29358 0.27288
vt 0.822623 0.427554
vn 0.958933 -0.217959 -0.181497
v 2.756280 -1.654860 -14.387443 0.51775 0.29358 0.27288
vt 0.818180 0.453263
vn 0.958933 -0.217959 -0.181497
v 2.867323 -1.688347 -13.760534 0.51775 0.29358 0.27288
vt 0.805584 0.451431
vn 0.958933 -0.217959 -0.181497
f 121/121/121 122/122/122 123/123/123
v 2.655462 -2.182701 -14.286226 0.51775 0.29358 0.27288
vt 0.822623 0.427554
vn 0.958141 -0.231498 -0.168446
v 2.867323 -1.688347 -13.760534 0.51775 0.29358 0.27288
vt 0.805584 0.451431
vn 0.958141 -0.231498 -0.168446
v 2.819530 -2.129986 -13.425433 0.51775 0.29358 0.27288
vt 0.803765 0.429749
vn 0.958141 -0.231498 -0.168446
f 124/124/124 125/125/125 126/126/126
v 2.232015 -2.187083 -14.710583 0.51775 0.29358 0.27288
vt 0.848458 0.427521
vn 0.627509 -0.154833 -0.763059
v 2.364056 -1.657762 -14.709403 0.51775 0.29358 0.27288
vt 0.841155 0.453205
vn 0.627509 -0.154833 -0.763059
v 2.756280 -1.654860 -14.387443 0.51775 0.29358 0.27288
vt 0.818180 0.453263
vn 0.627509 -0.154833 -0.763059
f 127/127/127 128/128/128 129/129/129
v 2.232015 -2.187083 -14.710583 0.51775 0.29358 0.27288
vt 0.848458 0.427521
vn 0.684630 -0.261248 -0.680464
v 2.756280 -1.654860 -14.387443 0.51775 0.29358 0.27288
vt 0.818180 0.453263
vn 0.684630 -0.261248 -0.680464
v 2.655462 -2.182701 -14.286226 0.51775 0.29358 0.27288
vt 0.822623 0.427554
vn 0.684630 -0.261248 -0.680464
f 130/130/130 131/131/131 132/132/132
v 2.743448 -2.090288 -6.357645 0.85293 0.84919 0.82245
vt 0.394343 0.465046
vn -1.000000 0.000001 0.000000
v 2.743448 -2.091453 -6.019864 0.85293 0.84919 0.82245
vt 0.399195 0.464919
vn -1.000000 0.000001 0.000000
v 2.743449 -1.393307 -6.129865 0.85293 0.84919 0.82245
vt 0.398328 0.491261
vn -1.000000 0.000001 0.000000
f 133/133/133 134/134/134 135/135/135
v 2.743448 -2.090288 -6.357645 0.87105 0.83711 0.83453
vt 0.394343 0.465046
vn -1.000000 0.000001 0.000001
v 2.743449 -1.393307 -6.129865 0.87105 0.83711 0.83453
vt 0.398328 0.491261
vn -1.000000 0.000001 0.000001
v 2.743449 -1.073101 -6.357646 0.87105 0.83711 0.83453
vt 0.395093 0.503359
vn -1.000000 0.000001 0.000001
f 136/136/136 137/137/137 138/138/138
v 1.342204 -2.101198 11.394940 0.73214 0.16978 0.15512
vt 0.858047 0.647102
vn -0.000076 0.027724 -0.999616
v 1.342204 -0.886638 11.428625 0.73214 0.16978 0.15512
vt 0.942099 0.651369
vn -0.000076 0.027724 -0.999616
v 2.743449 -0.882807 11.428625 0.73214 0.16978 0.15512
vt 0.939502 0.695869
vn -0.000076 0.027724 -0.999616
f 139/139/139 140/140/140 141/141/141
v 1.342204 -2.101198 11.394940 0.74422 0.18185 0.15814
vt 0.858047 0.647102
vn -0.031168 0.063424 -0.997500
v 2.743449 -0.882807 11.428625 0.74422 0.18185 0.15814
vt 0.939502 0.695869
vn -0.031168 0.063424 -0.997500
v 2.554626 -1.991411 11.364037 0.74422 0.18185 0.15814
vt 0.862219 0.685606
vn -0.031168 0.063424 -0.997500
f 142/142/142 143/143/143 144/144/144
v 2.471226 -3.238923 -1.959588 0.51775 0.29358 0.27288
vt 0.593562 0.374240
vn 0.901052 -0.433618 0.009004
v 2.739358 -2.669591 -1.374030 0.51775 0.29358 0.27288
vt 0.582984 0.402281
vn 0.901052 -0.433618 0.009004
v 2.695263 -2.659436 3.527564 0.51775 0.29358 0.27288
vt 0.493763 0.402519
vn 0.901052 -0.433618 0.009004
f 145/145/145 146/146/146 147/147/147
v 2.471226 -3.238923 -1.959588 0.52077 0.29660 0.26986
vt 0.593562 0.374240
vn 0.892783 -0.450350 0.011109
v 2.695263 -2.659436 3.527564 0.52077 0.29660 0.26986
vt 0.493763 0.402519
vn 0.892783 -0.450350 0.011109
v 2.420211 -3.221549 2.844665 0.52077 0.29660 0.26986
vt 0.506285 0.374772
vn 0.892783 -0.450350 0.011109
f 148/148/148 149/149/149 150/150/150
v 2.887266 -1.596926 -5.715957 0.91030 0.91260 0.89190
vt 0.407606 0.484735
vn 0.000000 1.000000 -0.000021
v 2.743449 -1.596926 -5.715957 0.91030 0.91260 0.89190
vt 0.404769 0.483276
vn 0.000000 1.000000 -0.000021
v 2.742219 -1.596586 10.504260 0.91030 0.91260 0.89190
vt 0.631710 0.481059
vn 0.000000 1.000000 -0.000021
f 151/151/151 152/152/152 153/153/153
v 2.887266 -1.596926 -5.715957 0.51775 0.29358 0.27288
vt 0.407606 0.484735
vn -0.000096 1.000000 -0.000022
v 2.742219 -1.596586 10.504260 0.51775 0.29358 0.27288
vt 0.631710 0.481059
vn -0.000096 1.000000 -0.000022
v 2.885997 -1.596572 10.504176 0.51775 0.29358 0.27288
vt 0.629152 0.482704
vn -0.000096 1.000000 -0.000022
f 154/154/154 155/155/155 156/156/156
v 2.318915 -3.180337 7.111340 0.70497 0.58648 0.55068
vt 0.428479 0.376047
vn 0.759533 -0.649944 0.026134
v 1.857862 -3.706811 7.417709 0.70497 0.58648 0.55068
vt 0.422692 0.348579
vn 0.759533 -0.649944 0.026134
v 1.947359 -3.765661 3.353014 0.70497 0.58648 0.55068
vt 0.496822 0.346583
vn 0.759533 -0.649944 0.026134
f 157/157/157 158/158/158 159/159/159
v 2.318915 -3.180337 7.111340 0.89520 0.85523 0.80131
vt 0.428479 0.376047
vn 0.765748 -0.642678 0.024388
v 1.947359 -3.765661 3.353014 0.89520 0.85523 0.80131
vt 0.496822 0.346583
vn 0.765748 -0.642678 0.024388
v 2.420211 -3.221549 2.844665 0.89520 0.85523 0.80131
vt 0.506285 0.374772
vn 0.765748 -0.642678 0.024388
f 160/160/160 161/161/161 162/162/162
v 2.843746 -2.170541 -1.247316 0.51171 0.29358 0.27288
vt 0.580534 0.426448
vn 0.994617 -0.103605 0.001497
v 2.881211 -1.818040 -1.743519 0.51171 0.29358 0.27288
vt 0.589395 0.443520
vn 0.994617 -0.103605 0.001497
v 2.869008 -1.815250 6.557833 0.51171 0.29358 0.27288
vt 0.439224 0.443476
vn 0.994617 -0.103605 0.001497
f 163/163/163 164/164/164 165/165/165
v 2.843746 -2.170541 -1.247316 0.91030 0.91260 0.89190
vt 0.580534 0.426448
vn 0.981137 -0.193230 0.005620
v 2.869008 -1.815250 6.557833 0.91030 0.91260 0.89190
vt 0.439224 0.443476
vn 0.981137 -0.193230 0.005620
v 2.810194 -2.152259 5.238327 0.91030 0.91260 0.89190
vt 0.462790 0.427088
vn 0.981137 -0.193230 0.005620
f 166/166/166 167/167/167 168/168/168
v 2.617856 -2.008900 10.876125 0.91030 0.91260 0.88586
vt 0.636625 0.465559
vn -0.971620 0.223692 -0.076915
v 2.742456 -1.421101 11.011636 0.91030 0.91260 0.88586
vt 0.640390 0.487797
vn -0.971620 0.223692 -0.076915
v 2.742219 -1.596586 10.504260 0.91030 0.91260 0.88586
vt 0.631710 0.481059
vn -0.971620 0.223692 -0.076915
f 169/169/169 170/170/170 171/171/171
v 2.617856 -2.008900 10.876125 0.91030 0.91260 0.88888
vt 0.636625 0.465559
vn -0.965683 0.256915 -0.038093
v 2.742219 -1.596586 10.504260 0.91030 0.91260 0.88888
vt 0.631710 0.481059
vn -0.965683 0.256915 -0.038093
v 2.655726 -2.060385 9.568864 0.91030 0.91260 0.88888
vt 0.617414 0.463784
vn -0.965683 0.256915 -0.038093
f 172/172/172 173/173/173 174/174/174
v 2.420211 -3.221549 2.844665 0.51775 0.29358 0.27288
vt 0.506285 0.374772
vn 0.757996 -0.652223 0.006961
v 1.947359 -3.765661 3.353014 0.51775 0.29358 0.27288
vt 0.496822 0.346583
vn 0.757996 -0.652223 0.006961
v 1.978891 -3.790316 -2.390896 0.51775 0.29358 0.27288
vt 0.601029 0.345553
vn 0.757996 -0.652223 0.006961
f 175/175/175 176/176/176 177/177/177
v 2.420211 -3.221549 2.844665 0.51775 0.29358 0.27288
vt 0.506285 0.374772
vn 0.741867 -0.670467 0.010302
v 1.978891 -3.790316 -2.390896 0.51775 0.29358 0.27288
vt 0.601029 0.345553
vn 0.741867 -0.670467 0.010302
v 2.471226 -3.238923 -1.959588 0.51775 0.29358 0.27288
vt 0.593562 0.374240
vn 0.741867 -0.670467 0.010302
f 178/178/178 179/179/179 180/180/180
v 2.655726 -2.060385 9.568864 0.51171 0.29358 0.27288
vt 0.617414 0.463784
vn -0.983023 0.183480 -0.000078
v 2.742219 -1.596586 10.504260 0.51171 0.29358 0.27288
vt 0.631710 0.481059
vn -0.983023 0.183480 -0.000078
v 2.743449 -1.596926 -5.715957 0.51171 0.29358 0.27288
vt 0.404769 0.483276
vn -0.983023 0.183480 -0.000078
f 181/181/181 182/182/182 183/183/183
v 2.655726 -2.060385 9.568864 0.91030 0.91260 0.88586
vt 0.617414 0.463784
vn -0.999984 0.000001 -0.005739
v 2.743449 -1.596926 -5.715957 0.91030 0.91260 0.88586
vt 0.404769 0.483276
vn -0.999984 0.000001 -0.005739
v 2.743448 -2.091453 -5.715958 0.91030 0.91260 0.88586
vt 0.404050 0.464773
vn -0.999984 0.000001 -0.005739
f 184/184/184 185/185/185 186/186/186
v 2.460186 -3.236826 -5.530591 0.91030 0.91260 0.89190
vt 0.658429 0.374216
vn 0.893901 -0.448263 0.001135
v 2.744756 -2.668298 -5.114296 0.91030 0.91260 0.89190
vt 0.651091 0.402369
vn 0.893901 -0.448263 0.001135
v 2.739358 -2.669591 -1.374030 0.91030 0.91260 0.89190
vt 0.582984 0.402281
vn 0.893901 -0.448263 0.001135
f 187/187/187 188/188/188 189/189/189
v 2.460186 -3.236826 -5.530591 0.91030 0.91260 0.89190
vt 0.658429 0.374216
vn 0.905891 -0.423500 -0.003050
v 2.739358 -2.669591 -1.374030 0.91030 0.91260 0.89190
vt 0.582984 0.402281
vn 0.905891 -0.423500 -0.003050
v 2.471226 -3.238923 -1.959588 0.91030 0.91260 0.89190
vt 0.593562 0.374240
vn 0.905891 -0.423500 -0.003050
f 190/190/190 191/191/191 192/192/192
v 2.887267 -1.393307 -6.129865 0.39697 0.27546 0.29704
vt 0.404280 0.491784
vn 0.000000 0.897301 0.441419
v 2.743449 -1.393307 -6.129865 0.39697 0.27546 0.29704
vt 0.398328 0.491261
vn 0.000000 0.897301 0.441419
v 2.743449 -1.596926 -5.715957 0.39697 0.27546 0.29704
vt 0.404769 0.483276
vn 0.000000 0.897301 0.441419
f 193/193/193 194/194/194 195/195/195
v 2.887267 -1.393307 -6.129865 0.90426 0.91260 0.89190
vt 0.404280 0.491784
vn 0.000000 0.897301 0.441419
v 2.743449 -1.596926 -5.715957 0.90426 0.91260 0.89190
vt 0.404769 0.483276
vn 0.000000 0.897301 0.441419
v 2.887266 -1.596926 -5.715957 0.90426 0.91260 0.89190
vt 0.407606 0.484735
vn 0.000000 0.897301 0.441419
f 196/196/196 197/197/197 198/198/198
v 2.856887 -2.157093 -5.315068 0.91030 0.91260 0.88888
vt 0.654385 0.427167
vn 0.996987 -0.077565 0.000573
v 2.887266 -1.771976 -6.041232 0.91030 0.91260 0.88888
vt 0.666929 0.445818
vn 0.996987 -0.077565 0.000573
v 2.881211 -1.818040 -1.743519 0.91030 0.91260 0.88888
vt 0.589395 0.443520
vn 0.996987 -0.077565 0.000573
f 199/199/199 200/200/200 201/201/201
v 2.856887 -2.157093 -5.315068 0.91030 0.91260 0.89190
vt 0.654385 0.427167
vn 0.994813 -0.101682 0.002878
v 2.881211 -1.818040 -1.743519 0.91030 0.91260 0.89190
vt 0.589395 0.443520
vn 0.994813 -0.101682 0.002878
v 2.843746 -2.170541 -1.247316 0.91030 0.91260 0.89190
vt 0.580534 0.426448
vn 0.994813 -0.101682 0.002878
f 202/202/202 203/203/203 204/204/204
v 2.460186 -3.236826 -5.530591 0.91030 0.91260 0.89190
vt 0.658429 0.374216
vn 0.746970 -0.664853 -0.002700
v 2.471226 -3.238923 -1.959588 0.91030 0.91260 0.89190
vt 0.593562 0.374240
vn 0.746970 -0.664853 -0.002700
v 1.978891 -3.790316 -2.390896 0.91030 0.91260 0.89190
vt 0.601029 0.345553
vn 0.746970 -0.664853 -0.002700
f 205/205/205 206/206/206 207/207/207
v 2.460186 -3.236826 -5.530591 0.91030 0.91260 0.89190
vt 0.658429 0.374216
vn 0.743605 -0.668608 -0.003878
v 1.978891 -3.790316 -2.390896 0.91030 0.91260 0.89190
vt 0.601029 0.345553
vn 0.743605 -0.668608 -0.003878
v 1.968597 -3.783373 -5.561772 0.91030 0.91260 0.89190
vt 0.658534 0.345687
vn 0.743605 -0.668608 -0.003878
f 208/208/208 209/209/209 210/210/210
v 2.743448 -2.091453 -6.019864 0.88614 0.88240 0.85868
vt 0.399195 0.464919
vn -1.000000 0.000001 0.000000
v 2.743448 -2.091453 -5.715958 0.88614 0.88240 0.85868
vt 0.404050 0.464773
vn -1.000000 0.000001 0.000000
v 2.743449 -1.596926 -5.715957 0.88614 0.88240 0.85868
vt 0.404769 0.483276
vn -1.000000 0.000001 0.000000
f 211/211/211 212/212/212 213/213/213
v 2.743448 -2.091453 -6.019864 0.91030 0.91260 0.89190
vt 0.399195 0.464919
vn -1.000000 0.000001 -0.000000
v 2.743449 -1.596926 -5.715957 0.91030 0.91260 0.89190
vt 0.404769 0.483276
vn -1.000000 0.000001 -0.000000
v 2.743449 -1.393307 -6.129865 0.91030 0.91260 0.89190
vt 0.398328 0.491261
vn -1.000000 0.000001 -0.000000
f 214/214/214 215/215/215 216/216/216
v 2.424177 -3.226208 -7.817212 0.91030 0.90656 0.89190
vt 0.700159 0.374449
vn 0.882948 -0.469405 -0.007832
v 2.730115 -2.661989 -7.143056 0.91030 0.90656 0.89190
vt 0.688262 0.402632
vn 0.882948 -0.469405 -0.007832
v 2.744756 -2.668298 -5.114296 0.91030 0.90656 0.89190
vt 0.651091 0.402369
vn 0.882948 -0.469405 -0.007832
f 217/217/217 218/218/218 219/219/219
v 2.424177 -3.226208 -7.817212 0.91030 0.91260 0.89190
vt 0.700159 0.374449
vn 0.898811 -0.438037 -0.016188
v 2.744756 -2.668298 -5.114296 0.91030 0.91260 0.89190
vt 0.651091 0.402369
vn 0.898811 -0.438037 -0.016188
v 2.460186 -3.236826 -5.530591 0.91030 0.91260 0.89190
vt 0.658429 0.374216
vn 0.898811 -0.438037 -0.016188
f 220/220/220 221/221/221 222/222/222
v 2.887267 -1.073101 -6.357646 0.51171 0.30264 0.26986
vt 0.401165 0.503670
vn 0.000000 0.579656 0.814861
v 2.743449 -1.073101 -6.357646 0.51171 0.30264 0.26986
vt 0.395093 0.503359
vn 0.000000 0.579656 0.814861
v 2.743449 -1.393307 -6.129865 0.51171 0.30264 0.26986
vt 0.398328 0.491261
vn 0.000000 0.579656 0.814861
f 223/223/223 224/224/224 225/225/225
v 2.887267 -1.073101 -6.357646 0.44830 0.26942 0.29704
vt 0.401165 0.503670
vn 0.000000 0.579656 0.814861
v 2.743449 -1.393307 -6.129865 0.44830 0.26942 0.29704
vt 0.398328 0.491261
vn 0.000000 0.579656 0.814861
v 2.887267 -1.393307 -6.129865 0.44830 0.26942 0.29704
vt 0.404280 0.491784
vn 0.000000 0.579656 0.814861
f 226/226/226 227/227/227 228/228/228
v 2.855003 -2.140353 -6.595739 0.91030 0.91260 0.89190
vt 0.677719 0.427995
vn 0.997750 -0.065449 -0.014573
v 2.887136 -1.706752 -6.343089 0.91030 0.91260 0.89190
vt 0.672042 0.448939
vn 0.997750 -0.065449 -0.014573
v 2.887266 -1.771976 -6.041232 0.91030 0.91260 0.89190
vt 0.666929 0.445818
vn 0.997750 -0.065449 -0.014573
f 229/229/229 230/230/230 231/231/231
v 2.855003 -2.140353 -6.595739 0.91030 0.91260 0.89190
vt 0.677719 0.427995
vn 0.996511 -0.083428 -0.002556
v 2.887266 -1.771976 -6.041232 0.91030 0.91260 0.89190
vt 0.666929 0.445818
vn 0.996511 -0.083428 -0.002556
v 2.856887 -2.157093 -5.315068 0.91030 0.91260 0.89190
vt 0.654385 0.427167
vn 0.996511 -0.083428 -0.002556
f 232/232/232 233/233/233 234/234/234
v 2.420211 -3.221549 2.844665 0.91030 0.91260 0.89190
vt 0.506285 0.374772
vn 0.888300 -0.458832 0.019896
v 2.695263 -2.659436 3.527564 0.91030 0.91260 0.89190
vt 0.493763 0.402519
vn 0.888300 -0.458832 0.019896
v 2.620016 -2.628115 7.609380 0.91030 0.91260 0.89190
vt 0.419181 0.403620
vn 0.888300 -0.458832 0.019896
f 235/235/235 236/236/236 237/237/237
v 2.420211 -3.221549 2.844665 0.91030 0.91260 0.88888
vt 0.506285 0.374772
vn 0.867882 -0.496121 0.025397
v 2.620016 -2.628115 7.609380 0.91030 0.91260 0.88888
vt 0.419181 0.403620
vn 0.867882 -0.496121 0.025397
v 2.318915 -3.180337 7.111340 0.91030 0.91260 0.88888
vt 0.428479 0.376047
vn 0.867882 -0.496121 0.025397
f 238/238/238 239/239/239 240/240/240
v 2.885997 -1.596572 10.504176 0.90728 0.91260 0.87680
vt 0.629152 0.482704
vn -0.000281 0.945070 -0.326869
v 2.742219 -1.596586 10.504260 0.90728 0.91260 0.87680
vt 0.631710 0.481059
vn -0.000281 0.945070 -0.326869
v 2.742456 -1.421101 11.011636 0.90728 0.91260 0.87680
vt 0.640390 0.487797
vn -0.000281 0.945070 -0.326869
f 241/241/241 242/242/242 243/243/243
v 2.885997 -1.596572 10.504176 0.90728 0.90958 0.88284
vt 0.629152 0.482704
vn -0.000263 0.945071 -0.326864
v 2.742456 -1.421101 11.011636 0.90728 0.90958 0.88284
vt 0.640390 0.487797
vn -0.000263 0.945071 -0.326864
v 2.886231 -1.421088 11.011558 0.90728 0.90958 0.88284
vt 0.634712 0.488596
vn -0.000263 0.945071 -0.326864
f 244/244/244 245/245/245 246/246/246
v 2.768226 -2.105594 9.679089 0.91030 0.91260 0.89190
vt 0.381654 0.429134
vn 0.976458 -0.215402 0.011492
v 2.810194 -2.152259 5.238327 0.91030 0.91260 0.89190
vt 0.462790 0.427088
vn 0.976458 -0.215402 0.011492
v 2.869008 -1.815250 6.557833 0.91030 0.91260 0.89190
vt 0.439224 0.443476
vn 0.976458 -0.215402 0.011492
f 247/247/247 248/248/248 249/249/249
v 2.768226 -2.105594 9.679089 0.90124 0.90052 0.88284
vt 0.381654 0.429134
vn 0.960273 -0.279015 0.005052
v 2.869008 -1.815250 6.557833 0.90124 0.90052 0.88284
vt 0.439224 0.443476
vn 0.960273 -0.279015 0.005052
v 2.862762 -1.758371 10.886460 0.90124 0.90052 0.88284
vt 0.361656 0.446229
vn 0.960273 -0.279015 0.005052
f 250/250/250 251/251/251 252/252/252
v 2.318915 -3.180337 7.111340 0.83179 0.76766 0.74092
vt 0.428479 0.376047
vn 0.776758 -0.627408 0.054833
v 2.200576 -3.110300 9.589084 0.83179 0.76766 0.74092
vt 0.382530 0.378487
vn 0.776758 -0.627408 0.054833
v 1.763779 -3.634980 9.773223 0.83179 0.76766 0.74092
vt 0.379102 0.351064
vn 0.776758 -0.627408 0.054833
f 253/253/253 254/254/254 255/255/255
v 2.318915 -3.180337 7.111340 0.90728 0.91260 0.87680
vt 0.428479 0.376047
vn 0.765634 -0.641319 0.050137
v 1.763779 -3.634980 9.773223 0.90728 0.91260 0.87680
vt 0.379102 0.351064
vn 0.765634 -0.641319 0.050137
v 1.857862 -3.706811 7.417709 0.90728 0.91260 0.87680
vt 0.422692 0.348579
vn 0.765634 -0.641319 0.050137
f 256/256/256 257/257/257 258/258/258
v 2.318915 -3.180337 7.111340 0.91030 0.91260 0.89190
vt 0.428479 0.376047
vn 0.859775 -0.508748 0.044299
v 2.620016 -2.628115 7.609380 0.91030 0.91260 0.89190
vt 0.419181 0.403620
vn 0.859775 -0.508748 0.044299
v 2.535730 -2.572938 9.878922 0.91030 0.91260 0.89190
vt 0.377174 0.405817
vn 0.859775 -0.508748 0.044299
f 259/259/259 260/260/260 261/261/261
v 2.318915 -3.180337 7.111340 0.90426 0.91260 0.87982
vt 0.428479 0.376047
vn 0.833515 -0.549717 0.055348
v 2.535730 -2.572938 9.878922 0.90426 0.91260 0.87982
vt 0.377174 0.405817
vn 0.833515 -0.549717 0.055348
v 2.200576 -3.110300 9.589084 0.90426 0.91260 0.87982
vt 0.382530 0.378487
vn 0.833515 -0.549717 0.055348
f 262/262/262 263/263/263 264/264/264
v 2.886231 -1.421088 11.011558 0.28524 0.22111 0.23061
vt 0.634712 0.488596
vn -0.000485 0.612399 -0.790548
v 2.742456 -1.421101 11.011636 0.28524 0.22111 0.23061
vt 0.640390 0.487797
vn -0.000485 0.612399 -0.790548
v 2.743449 -0.882807 11.428625 0.28524 0.22111 0.23061
vt 0.650090 0.507895
vn -0.000485 0.612399 -0.790548
f 265/265/265 266/266/266 267/267/267
v 2.886231 -1.421088 11.011558 0.48454 0.29962 0.28798
vt 0.634712 0.488596
vn 0.206548 0.632920 -0.746157
v 2.743449 -0.882807 11.428625 0.48454 0.29962 0.28798
vt 0.650090 0.507895
vn 0.206548 0.632920 -0.746157
v 2.885155 -0.903881 11.449976 0.48454 0.29962 0.28798
vt 0.643804 0.507648
vn 0.206548 0.632920 -0.746157
f 268/268/268 269/269/269 270/270/270
v 2.729527 -2.016874 10.939579 0.91030 0.91260 0.89190
vt 0.357911 0.433305
vn 0.892216 -0.447751 0.058907
v 2.768226 -2.105594 9.679089 0.91030 0.91260 0.89190
vt 0.381654 0.429134
vn 0.892216 -0.447751 0.058907
v 2.862762 -1.758371 10.886460 0.91030 0.91260 0.89190
vt 0.361656 0.446229
vn 0.892216 -0.447751 0.058907
f 271/271/271 272/272/272 273/273/273
v 2.729527 -2.016874 10.939579 0.91030 0.91260 0.89190
vt 0.357911 0.433305
vn 0.859985 -0.371308 0.350080
v 2.862762 -1.758371 10.886460 0.91030 0.91260 0.89190
vt 0.361656 0.446229
vn 0.859985 -0.371308 0.350080
v 2.787189 -1.673836 11.161770 0.91030 0.91260 0.89190
vt 0.355263 0.450077
vn 0.859985 -0.371308 0.350080
f 274/274/274 275/275/275 276/276/276
v 2.200576 -3.110300 9.589084 0.45132 0.27546 0.26080
vt 0.382530 0.378487
vn 0.788947 -0.607833 0.090011
v 2.114613 -3.042975 10.797183 0.45132 0.27546 0.26080
vt 0.359386 0.381001
vn 0.788947 -0.607833 0.090011
v 1.697397 -3.560830 10.957072 0.45132 0.27546 0.26080
vt 0.356492 0.353875
vn 0.788947 -0.607833 0.090011
f 277/277/277 278/278/278 279/279/279
v 2.200576 -3.110300 9.589084 0.80763 0.70425 0.69261
vt 0.382530 0.378487
vn 0.779971 -0.620342 0.082590
v 1.697397 -3.560830 10.957072 0.80763 0.70425 0.69261
vt 0.356492 0.353875
vn 0.779971 -0.620342 0.082590
v 1.763779 -3.634980 9.773223 0.80763 0.70425 0.69261
vt 0.379102 0.351064
vn 0.779971 -0.620342 0.082590
f 280/280/280 281/281/281 282/282/282
v 1.917550 -3.701367 -14.507730 0.51775 0.29358 0.27288
vt 0.867947 0.354218
vn 0.672498 -0.723623 -0.155294
v 1.952644 -3.811521 -13.842476 0.51775 0.29358 0.27288
vt 0.860517 0.347827
vn 0.672498 -0.723623 -0.155294
v 1.322621 -4.319423 -14.204107 0.51775 0.29358 0.27288
vt 0.902862 0.324287
vn 0.672498 -0.723623 -0.155294
f 283/283/283 284/284/284 285/285/285
v 1.917550 -3.701367 -14.507730 0.51775 0.29358 0.27288
vt 0.867947 0.354218
vn 0.528877 -0.725460 -0.440450
v 1.322621 -4.319423 -14.204107 0.51775 0.29358 0.27288
vt 0.902862 0.324287
vn 0.528877 -0.725460 -0.440450
v 1.300690 -4.114941 -14.567240 0.51775 0.29358 0.27288
vt 0.904510 0.334413
vn 0.528877 -0.725460 -0.440450
f 286/286/286 287/287/287 288/288/288
v 1.574005 -3.175391 12.750368 0.91030 0.91260 0.89190
vt 0.234715 0.384525
vn 0.657882 -0.596411 0.459875
v 1.616712 -2.667248 13.348282 0.91030 0.91260 0.89190
vt 0.244143 0.409184
vn 0.657882 -0.596411 0.459875
v 1.177895 -2.959716 13.596738 0.91030 0.91260 0.89190
vt 0.213098 0.396673
vn 0.657882 -0.596411 0.459875
f 289/289/289 290/290/290 291/291/291
v 1.574005 -3.175391 12.750368 0.91030 0.91260 0.89190
vt 0.234715 0.384525
vn 0.719963 -0.512814 0.467627
v 1.177895 -2.959716 13.596738 0.91030 0.91260 0.89190
vt 0.213098 0.396673
vn 0.719963 -0.512814 0.467627
v 1.155258 -3.626675 12.900184 0.91030 0.91260 0.89190
vt 0.201481 0.364421
vn 0.719963 -0.512814 0.467627
f 292/292/292 293/293/293 294/294/294
v 1.300690 -4.114941 -14.567240 0.51775 0.29358 0.27288
vt 0.904510 0.334413
vn 0.270444 -0.462481 -0.844376
v 0.987163 -4.274977 -14.580005 0.51775 0.29358 0.27288
vt 0.922954 0.326676
vn 0.270444 -0.462481 -0.844376
v 1.088427 -3.398823 -15.027458 0.51775 0.29358 0.27288
vt 0.914951 0.369189
vn 0.270444 -0.462481 -0.844376
f 295/295/295 296/296/296 297/297/297
v 1.300690 -4.114941 -14.567240 0.51775 0.29358 0.27288
vt 0.904510 0.334413
vn 0.284972 -0.457016 -0.842572
v 1.088427 -3.398823 -15.027458 0.51775 0.29358 0.27288
vt 0.914951 0.369189
vn 0.284972 -0.457016 -0.842572
v 1.441546 -3.308550 -14.956992 0.51775 0.29358 0.27288
vt 0.894159 0.373420
vn 0.284972 -0.457016 -0.842572
f 298/298/298 299/299/299 300/300/300
v 0.896581 -3.825733 12.950218 0.91030 0.91260 0.89190
vt 0.183102 0.355659
vn 0.649066 -0.675855 0.349189
v 0.948909 -4.111283 12.300268 0.91030 0.91260 0.89190
vt 0.184261 0.341202
vn 0.649066 -0.675855 0.349189
v 1.209904 -3.887039 12.249159 0.91030 0.91260 0.89190
vt 0.203119 0.351138
vn 0.649066 -0.675855 0.349189
f 301/301/301 302/302/302 303/303/303
v 0.896581 -3.825733 12.950218 0.91030 0.91260 0.89190
vt 0.183102 0.355659
vn 0.614265 -0.713552 0.336931
v 1.209904 -3.887039 12.249159 0.91030 0.91260 0.89190
vt 0.203119 0.351138
vn 0.614265 -0.713552 0.336931
v 1.155258 -3.626675 12.900184 0.91030 0.91260 0.89190
vt 0.201481 0.364421
vn 0.614265 -0.713552 0.336931
f 304/304/304 305/305/305 306/306/306
v 1.250172 -2.098841 -6.357645 0.18257 0.28150 0.34535
vt 0.681645 0.638883
vn 0.004408 0.999990 0.000297
v 1.227351 -2.098841 -6.019864 0.18257 0.28150 0.34535
vt 0.685037 0.638311
vn 0.004408 0.999990 0.000297
v 1.762151 -2.101198 -6.019864 0.18257 0.28150 0.34535
vt 0.684374 0.655208
vn 0.004408 0.999990 0.000297
f 307/307/307 308/308/308 309/309/309
v 1.250172 -2.098841 -6.357645 0.23391 0.23621 0.29100
vt 0.681645 0.638883
vn 0.004237 0.999991 0.000557
v 1.762151 -2.101198 -6.019864 0.23391 0.23621 0.29100
vt 0.684374 0.655208
vn 0.004237 0.999991 0.000557
v 1.806617 -2.101198 -6.357645 0.23391 0.23621 0.29100
vt 0.681017 0.656426
vn 0.004237 0.999991 0.000557
f 310/310/310 311/311/311 312/312/312
v 0.953380 -4.286028 11.424130 0.51775 0.29358 0.27288
vt 0.348158 0.314369
vn 0.641181 -0.763530 0.076869
v 0.974041 -4.350030 10.616063 0.51775 0.29358 0.27288
vt 0.363699 0.311910
vn 0.641181 -0.763530 0.076869
v 1.264767 -4.132321 10.353524 0.51775 0.29358 0.27288
vt 0.368684 0.324374
vn 0.641181 -0.763530 0.076869
f 313/313/313 314/314/314 315/315/315
v 0.953380 -4.286028 11.424130 0.51473 0.29056 0.26986
vt 0.348158 0.314369
vn 0.650090 -0.755570 0.080603
v 1.264767 -4.132321 10.353524 0.51473 0.29056 0.26986
vt 0.368684 0.324374
vn 0.650090 -0.755570 0.080603
v 1.230957 -4.056152 11.340223 0.51473 0.29056 0.26986
vt 0.349827 0.327381
vn 0.650090 -0.755570 0.080603
f 316/316/316 317/317/317 318/318/318
v 1.251531 0.726351 -12.579690 0.59626 0.59856 0.57786
vt 0.098174 0.585077
vn -0.000002 1.000000 -0.000020
v 1.251531 0.726353 -12.459416 0.59626 0.59856 0.57786
vt 0.099260 0.586056
vn -0.000002 1.000000 -0.000020
v 1.809691 0.726354 -12.459416 0.59626 0.59856 0.57786
vt 0.085413 0.602460
vn -0.000002 1.000000 -0.000020
f 319/319/319 320/320/320 321/321/321
v 1.251531 0.726351 -12.579690 0.60230 0.60460 0.58390
vt 0.098174 0.585077
vn 0.000000 1.000000 -0.000028
v 1.809691 0.726354 -12.459416 0.60230 0.60460 0.58390
vt 0.085413 0.602460
vn 0.000000 1.000000 -0.000028
v 1.809691 0.726351 -12.579690 0.60230 0.60460 0.58390
vt 0.084303 0.601502
vn 0.000000 1.000000 -0.000028
f 322/322/322 323/323/323 324/324/324
v 1.364488 -4.242350 -8.426464 0.51775 0.29358 0.27288
vt 0.709921 0.319769
vn 0.517689 -0.855558 -0.004357
v 1.042276 -4.438501 -8.193851 0.51775 0.29358 0.27288
vt 0.705482 0.307897
vn 0.517689 -0.855558 -0.004357
v 1.040960 -4.437758 -8.496274 0.51775 0.29358 0.27288
vt 0.710911 0.307954
vn 0.517689 -0.855558 -0.004357
f 325/325/325 326/326/326 327/327/327
v 1.364488 -4.242350 -8.426464 0.51775 0.29358 0.27288
vt 0.709921 0.319769
vn 0.518123 -0.855276 -0.007158
v 1.040960 -4.437758 -8.496274 0.51775 0.29358 0.27288
vt 0.710911 0.307954
vn 0.518123 -0.855276 -0.007158
v 1.362248 -4.240801 -8.773736 0.51775 0.29358 0.27288
vt 0.716155 0.319864
vn 0.518123 -0.855276 -0.007158
f 328/328/328 329/329/329 330/330/330
v 1.671152 -0.771465 -15.036875 0.17050 0.26338 0.32119
vt 0.709906 0.952739
vn -0.000001 1.000000 -0.000002
v 1.180646 -0.771465 -15.176031 0.17050 0.26338 0.32119
vt 0.726300 0.951974
vn -0.000001 1.000000 -0.000002
v 1.192710 -0.771465 -15.005428 0.17050 0.26338 0.32119
vt 0.725823 0.953761
vn -0.000001 1.000000 -0.000002
f 331/331/331 332/332/332 333/333/333
v 1.671152 -0.771465 -15.036875 0.20673 0.28754 0.33629
vt 0.709906 0.952739
vn -0.000001 1.000000 0.000000
v 1.192710 -0.771465 -15.005428 0.20673 0.28754 0.33629
vt 0.725823 0.953761
vn -0.000001 1.000000 0.000000
v 1.694657 -0.771465 -14.866272 0.20673 0.28754 0.33629
vt 0.709040 0.954507
vn -0.000001 1.000000 0.000000
f 334/334/334 335/335/335 336/336/336
v 1.028183 -4.445175 -11.988538 0.52077 0.29056 0.26684
vt 0.774137 0.307531
vn 0.479128 -0.877635 0.013860
v 1.003627 -4.494030 -14.233089 0.52077 0.29056 0.26684
vt 0.814877 0.305162
vn 0.479128 -0.877635 0.013860
v 1.322621 -4.319423 -14.204107 0.52077 0.29056 0.26684
vt 0.814798 0.316055
vn 0.479128 -0.877635 0.013860
f 337/337/337 338/338/338 339/339/339
v 1.028183 -4.445175 -11.988538 0.51775 0.29358 0.26684
vt 0.774137 0.307531
vn 0.510094 -0.859909 0.018982
v 1.322621 -4.319423 -14.204107 0.51775 0.29358 0.26684
vt 0.814798 0.316055
vn 0.510094 -0.859909 0.018982
v 1.349901 -4.251107 -11.842371 0.51775 0.29358 0.26684
vt 0.771894 0.319375
vn 0.510094 -0.859909 0.018982
f 340/340/340 341/341/341 342/342/342
v 1.538322 -2.127908 -15.009783 0.51775 0.29358 0.27288
vt 0.888756 0.430616
vn 0.292501 -0.069616 -0.953728
v 1.154446 -2.145242 -15.126250 0.51775 0.29358 0.27288
vt 0.910934 0.429954
vn 0.292501 -0.069616 -0.953728
v 1.176739 -1.691865 -15.152507 0.51775 0.29358 0.27288
vt 0.909384 0.451920
vn 0.292501 -0.069616 -0.953728
f 343/343/343 344/344/344 345/345/345
v 1.538322 -2.127908 -15.009783 0.51775 0.29358 0.27288
vt 0.888756 0.430616
vn 0.295101 -0.067254 -0.953096
v 1.176739 -1.691865 -15.152507 0.51775 0.29358 0.27288
vt 0.909384 0.451920
vn 0.295101 -0.067254 -0.953096
v 1.598080 -1.691832 -15.022052 0.51775 0.29358 0.27288
vt 0.885241 0.451757
vn 0.295101 -0.067254 -0.953096
f 346/346/346 347/347/347 348/348/348
v 2.743448 -2.090288 -6.357645 0.74422 0.16072 0.15210
vt 0.679160 0.685921
vn 0.000000 0.000001 1.000000
v 2.743449 -1.073101 -6.357646 0.74422 0.16072 0.15210
vt 0.608214 0.682438
vn 0.000000 0.000001 1.000000
v 1.810142 -1.072898 -6.357646 0.74422 0.16072 0.15210
vt 0.609778 0.653071
vn 0.000000 0.000001 1.000000
f 349/349/349 350/350/350 351/351/351
v 2.743448 -2.090288 -6.357645 0.74120 0.20299 0.17927
vt 0.679160 0.685921
vn -0.000000 0.000001 1.000000
v 1.810142 -1.072898 -6.357646 0.74120 0.20299 0.17927
vt 0.609778 0.653071
vn -0.000000 0.000001 1.000000
v 1.806617 -2.101198 -6.357645 0.74120 0.20299 0.17927
vt 0.681017 0.656426
vn -0.000000 0.000001 1.000000
f 352/352/352 353/353/353 354/354/354
v 1.011817 -2.098841 11.394940 0.20069 0.27546 0.32723
vt 0.858815 0.637066
vn 0.000078 0.027757 -0.999615
v 1.011817 -0.885711 11.428625 0.20069 0.27546 0.32723
vt 0.942871 0.640699
vn 0.000078 0.027757 -0.999615
v 1.342204 -0.886638 11.428625 0.20069 0.27546 0.32723
vt 0.942099 0.651369
vn 0.000078 0.027757 -0.999615
f 355/355/355 356/356/356 357/357/357
v 1.011817 -2.098841 11.394940 0.23089 0.29660 0.35139
vt 0.858815 0.637066
vn 0.000198 0.027724 -0.999616
v 1.342204 -0.886638 11.428625 0.23089 0.29660 0.35139
vt 0.942099 0.651369
vn 0.000198 0.027724 -0.999616
v 1.342204 -2.101198 11.394940 0.23089 0.29660 0.35139
vt 0.858047 0.647102
vn 0.000198 0.027724 -0.999616
f 358/358/358 359/359/359 360/360/360
v 1.782370 -1.883711 13.937505 0.91030 0.90656 0.88888
vt 0.266192 0.446548
vn 0.423924 -0.610027 0.669445
v 1.983684 -0.908393 14.698775 0.91030 0.90656 0.88888
vt 0.281027 0.494012
vn 0.423924 -0.610027 0.669445
v 1.364734 -0.939920 15.061995 0.91030 0.90656 0.88888
vt 0.245889 0.494166
vn 0.423924 -0.610027 0.669445
f 361/361/361 362/362/362 363/363/363
v 1.782370 -1.883711 13.937505 0.91030 0.91260 0.89190
vt 0.266192 0.446548
vn 0.597783 -0.490742 0.633899
v 1.364734 -0.939920 15.061995 0.91030 0.91260 0.89190
vt 0.245889 0.494166
vn 0.597783 -0.490742 0.633899
v 1.262943 -2.012036 14.327994 0.91030 0.91260 0.89190
vt 0.233366 0.442124
vn 0.597783 -0.490742 0.633899
f 364/364/364 365/365/365 366/366/366
v 2.617856 -2.008900 10.876125 0.39697 0.27546 0.29704
vt 0.855748 0.687863
vn -0.060254 0.997340 -0.041024
v 2.655726 -2.060385 9.568864 0.39697 0.27546 0.29704
vt 0.840608 0.688702
vn -0.060254 0.997340 -0.041024
v 1.342204 -2.101199 10.505868 0.39697 0.27546 0.29704
vt 0.850111 0.647241
vn -0.060254 0.997340 -0.041024
f 367/367/367 368/368/368 369/369/369
v 2.617856 -2.008900 10.876125 0.26410 0.28754 0.31515
vt 0.855748 0.687863
vn -0.072165 0.997393 0.000000
v 1.342204 -2.101199 10.505868 0.26410 0.28754 0.31515
vt 0.850111 0.647241
vn -0.072165 0.997393 0.000000
v 1.342204 -2.101199 10.943063 0.26410 0.28754 0.31515
vt 0.854021 0.647211
vn -0.072165 0.997393 0.000000
f 370/370/370 371/371/371 372/372/372
v 2.655726 -2.060385 9.568864 0.74724 0.14864 0.13700
vt 0.840608 0.688702
vn -0.006954 0.999974 -0.002072
v 2.743448 -2.091453 -5.715958 0.74724 0.14864 0.13700
vt 0.686554 0.686364
vn -0.006954 0.999974 -0.002072
v 1.342204 -2.101198 -5.715958 0.74724 0.14864 0.13700
vt 0.687974 0.642152
vn -0.006954 0.999974 -0.002072
f 373/373/373 374/374/374 375/375/375
v 2.655726 -2.060385 9.568864 0.75026 0.20299 0.17625
vt 0.840608 0.688702
vn -0.031057 0.999518 0.000000
v 1.342204 -2.101198 -5.715958 0.75026 0.20299 0.17625
vt 0.687974 0.642152
vn -0.031057 0.999518 0.000000
v 1.342204 -2.101199 10.505868 0.75026 0.20299 0.17625
vt 0.850111 0.647241
vn -0.031057 0.999518 0.000000
f 376/376/376 377/377/377 378/378/378
v 2.743448 -2.091453 -5.715958 0.75328 0.15770 0.14002
vt 0.686554 0.686364
vn -0.009930 0.999951 0.000000
v 2.743448 -2.091453 -6.019864 0.75328 0.15770 0.14002
vt 0.683026 0.686161
vn -0.009930 0.999951 0.000000
v 1.762151 -2.101198 -6.019864 0.75328 0.15770 0.14002
vt 0.684374 0.655208
vn -0.009930 0.999951 0.000000
f 379/379/379 380/380/380 381/381/381
v 2.743448 -2.091453 -5.715958 0.76838 0.14864 0.14606
vt 0.686554 0.686364
vn -0.006954 0.999930 -0.009609
v 1.762151 -2.101198 -6.019864 0.76838 0.14864 0.14606
vt 0.684374 0.655208
vn -0.006954 0.999930 -0.009609
v 1.342204 -2.101198 -5.715958 0.76838 0.14864 0.14606
vt 0.687974 0.642152
vn -0.006954 0.999930 -0.009609
f 382/382/382 383/383/383 384/384/384
v 1.342204 -2.101198 11.394940 0.73516 0.15770 0.14606
vt 0.858047 0.647102
vn -0.091281 0.994692 -0.047483
v 2.554626 -1.991411 11.364037 0.73516 0.15770 0.14606
vt 0.862219 0.685606
vn -0.091281 0.994692 -0.047483
v 2.617856 -2.008900 10.876125 0.73516 0.15770 0.14606
vt 0.855748 0.687863
vn -0.091281 0.994692 -0.047483
f 385/385/385 386/386/386 387/387/387
v 1.342204 -2.101198 11.394940 0.36677 0.28452 0.30610
vt 0.858047 0.647102
vn -0.072165 0.997393 -0.000001
v 2.617856 -2.008900 10.876125 0.36677 0.28452 0.30610
vt 0.855748 0.687863
vn -0.072165 0.997393 -0.000001
v 1.342204 -2.101199 10.943063 0.36677 0.28452 0.30610
vt 0.854021 0.647211
vn -0.072165 0.997393 -0.000001
f 388/388/388 389/389/389 390/390/390
v 2.448509 -1.730528 12.800742 0.91030 0.91260 0.89190
vt 0.314961 0.450574
vn 0.828434 -0.476069 0.295051
v 2.224865 -1.680525 13.509360 0.91030 0.91260 0.89190
vt 0.296537 0.454657
vn 0.828434 -0.476069 0.295051
v 2.033313 -2.333253 12.994009 0.91030 0.91260 0.89190
vt 0.275859 0.423579
vn 0.828434 -0.476069 0.295051
f 391/391/391 392/392/392 393/393/393
v 2.448509 -1.730528 12.800742 0.91030 0.91260 0.89190
vt 0.314961 0.450574
vn 0.828938 -0.477750 0.290889
v 2.033313 -2.333253 12.994009 0.91030 0.91260 0.89190
vt 0.275859 0.423579
vn 0.828938 -0.477750 0.290889
v 2.193989 -2.410212 12.409741 0.91030 0.91260 0.89190
vt 0.287330 0.418724
vn 0.828938 -0.477750 0.290889
f 394/394/394 395/395/395 396/396/396
v 1.538322 -2.127908 -15.009783 0.51775 0.29358 0.27288
vt 0.888756 0.430616
vn 0.388569 -0.084261 -0.917559
v 2.232015 -2.187083 -14.710583 0.51775 0.29358 0.27288
vt 0.848458 0.427521
vn 0.388569 -0.084261 -0.917559
v 2.090100 -3.018714 -14.694311 0.51775 0.29358 0.27288
vt 0.855564 0.387173
vn 0.388569 -0.084261 -0.917559
f 397/397/397 398/398/398 399/399/399
v 1.538322 -2.127908 -15.009783 0.51775 0.29358 0.27288
vt 0.888756 0.430616
vn 0.402534 -0.073794 -0.912426
v 2.090100 -3.018714 -14.694311 0.51775 0.29358 0.27288
vt 0.855564 0.387173
vn 0.402534 -0.073794 -0.912426
v 1.441546 -3.308550 -14.956992 0.51775 0.29358 0.27288
vt 0.894159 0.373420
vn 0.402534 -0.073794 -0.912426
f 400/400/400 401/401/401 402/402/402
v 1.177895 -2.959716 13.596738 0.91030 0.91260 0.89190
vt 0.213098 0.396673
vn 0.385407 -0.585139 0.713494
v 1.262943 -2.012036 14.327994 0.91030 0.91260 0.89190
vt 0.233366 0.442124
vn 0.385407 -0.585139 0.713494
v 0.967615 -2.052493 14.454342 0.91030 0.91260 0.89190
vt 0.215499 0.441148
vn 0.385407 -0.585139 0.713494
f 403/403/403 404/404/404 405/405/405
v 1.177895 -2.959716 13.596738 0.91030 0.91260 0.89190
vt 0.213098 0.396673
vn 0.475429 -0.543648 0.691675
v 0.967615 -2.052493 14.454342 0.91030 0.91260 0.89190
vt 0.215499 0.441148
vn 0.475429 -0.543648 0.691675
v 0.910122 -3.093847 13.675369 0.91030 0.91260 0.89190
vt 0.195449 0.391044
vn 0.475429 -0.543648 0.691675
f 406/406/406 407/407/407 408/408/408
v 2.729527 -2.016874 10.939579 0.91030 0.91260 0.89190
vt 0.357911 0.433305
vn 0.844908 -0.459169 0.274398
v 2.680985 -1.879844 11.318347 0.91030 0.91260 0.89190
vt 0.347483 0.439747
vn 0.844908 -0.459169 0.274398
v 2.464236 -2.511847 10.928174 0.91030 0.91260 0.89190
vt 0.357204 0.408303
vn 0.844908 -0.459169 0.274398
f 409/409/409 410/410/410 411/411/411
v 2.729527 -2.016874 10.939579 0.91030 0.91260 0.89190
vt 0.357911 0.433305
vn 0.877185 -0.472157 0.087260
v 2.464236 -2.511847 10.928174 0.91030 0.91260 0.89190
vt 0.357204 0.408303
vn 0.877185 -0.472157 0.087260
v 2.535730 -2.572938 9.878922 0.91030 0.91260 0.89190
vt 0.377174 0.405817
vn 0.877185 -0.472157 0.087260
f 412/412/412 413/413/413 414/414/414
v 2.855884 -2.088065 -12.226620 0.51775 0.29358 0.27288
vt 0.781281 0.431372
vn 0.983598 -0.180370 0.001162
v 2.857529 -2.071768 -11.089316 0.51775 0.29358 0.27288
vt 0.760189 0.431882
vn 0.983598 -0.180370 0.001162
v 2.756296 -2.623299 -11.009493 0.51775 0.29358 0.27288
vt 0.761290 0.405030
vn 0.983598 -0.180370 0.001162
f 415/415/415 416/416/416 417/417/417
v 2.855884 -2.088065 -12.226620 0.51775 0.29358 0.27288
vt 0.781281 0.431372
vn 0.985103 -0.171889 0.005015
v 2.756296 -2.623299 -11.009493 0.51775 0.29358 0.27288
vt 0.761290 0.405030
vn 0.985103 -0.171889 0.005015
v 2.759197 -2.638290 -12.093280 0.51775 0.29358 0.27288
vt 0.781850 0.404490
vn 0.985103 -0.171889 0.005015
f 418/418/418 419/419/419 420/420/420
v 2.819530 -2.129986 -13.425433 0.51775 0.29358 0.27288
vt 0.803765 0.429749
vn 0.983646 -0.178564 -0.023585
v 2.855884 -2.088065 -12.226620 0.51775 0.29358 0.27288
vt 0.781281 0.431372
vn 0.983646 -0.178564 -0.023585
v 2.759197 -2.638290 -12.093280 0.51775 0.29358 0.27288
vt 0.781850 0.404490
vn 0.983646 -0.178564 -0.023585
f 421/421/421 422/422/422 423/423/423
v 2.819530 -2.129986 -13.425433 0.51775 0.29358 0.27288
vt 0.803765 0.429749
vn 0.982991 -0.181955 -0.024908
v 2.759197 -2.638290 -12.093280 0.51775 0.29358 0.27288
vt 0.781850 0.404490
vn 0.982991 -0.181955 -0.024908
v 2.720759 -2.673330 -13.354278 0.51775 0.29358 0.27288
vt 0.805986 0.402877
vn 0.982991 -0.181955 -0.024908
f 424/424/424 425/425/425 426/426/426
v 2.680985 -1.879844 11.318347 0.91030 0.91260 0.89190
vt 0.347483 0.439747
vn 0.908092 -0.390296 0.151784
v 2.654984 -1.786221 11.714654 0.91030 0.91260 0.89190
vt 0.340294 0.445079
vn 0.908092 -0.390296 0.151784
v 2.406443 -2.461688 11.464732 0.91030 0.91260 0.89190
vt 0.305944 0.414346
vn 0.908092 -0.390296 0.151784
f 427/427/427 428/428/428 429/429/429
v 2.680985 -1.879844 11.318347 0.91030 0.91260 0.89190
vt 0.347483 0.439747
vn 0.908783 -0.394895 0.134802
v 2.406443 -2.461688 11.464732 0.91030 0.91260 0.89190
vt 0.305944 0.414346
vn 0.908783 -0.394895 0.134802
v 2.464236 -2.511847 10.928174 0.91030 0.91260 0.89190
vt 0.313244 0.410737
vn 0.908783 -0.394895 0.134802
f 430/430/430 431/431/431 432/432/432
v 2.655462 -2.182701 -14.286226 0.51775 0.29358 0.27288
vt 0.822623 0.427554
vn 0.965040 -0.197931 -0.171816
v 2.819530 -2.129986 -13.425433 0.51775 0.29358 0.27288
vt 0.803765 0.429749
vn 0.965040 -0.197931 -0.171816
v 2.720759 -2.673330 -13.354278 0.51775 0.29358 0.27288
vt 0.805986 0.402877
vn 0.965040 -0.197931 -0.171816
f 433/433/433 434/434/434 435/435/435
v 2.655462 -2.182701 -14.286226 0.51775 0.29358 0.27288
vt 0.822623 0.427554
vn 0.961873 -0.208404 -0.177108
v 2.720759 -2.673330 -13.354278 0.51775 0.29358 0.27288
vt 0.805986 0.402877
vn 0.961873 -0.208404 -0.177108
v 2.531473 -2.778861 -14.258110 0.51775 0.29358 0.27288
vt 0.827687 0.398475
vn 0.961873 -0.208404 -0.177108
f 436/436/436 437/437/437 438/438/438
v 2.843746 -2.170541 -1.247316 0.91030 0.88240 0.85868
vt 0.580534 0.426448
vn 0.970943 -0.239242 0.005697
v 2.810194 -2.152259 5.238327 0.91030 0.88240 0.85868
vt 0.462790 0.427088
vn 0.970943 -0.239242 0.005697
v 2.695263 -2.659436 3.527564 0.91030 0.88240 0.85868
vt 0.493763 0.402519
vn 0.970943 -0.239242 0.005697
f 439/439/439 440/440/440 441/441/441
v 2.843746 -2.170541 -1.247316 0.51775 0.29358 0.27288
vt 0.580534 0.426448
vn 0.978302 -0.206978 0.009230
v 2.695263 -2.659436 3.527564 0.51775 0.29358 0.27288
vt 0.493763 0.402519
vn 0.978302 -0.206978 0.009230
v 2.739358 -2.669591 -1.374030 0.51775 0.29358 0.27288
vt 0.582984 0.402281
vn 0.978302 -0.206978 0.009230
f 442/442/442 443/443/443 444/444/444
v 2.856887 -2.157093 -5.315068 0.91030 0.91260 0.89190
vt 0.654385 0.427167
vn 0.978686 -0.205345 0.002483
v 2.843746 -2.170541 -1.247316 0.91030 0.91260 0.89190
vt 0.580534 0.426448
vn 0.978686 -0.205345 0.002483
v 2.739358 -2.669591 -1.374030 0.91030 0.91260 0.89190
vt 0.582984 0.402281
vn 0.978686 -0.205345 0.002483
f 445/445/445 446/446/446 447/447/447
v 2.856887 -2.157093 -5.315068 0.91030 0.91260 0.89190
vt 0.654385 0.427167
vn 0.976887 -0.213753 0.001336
v 2.739358 -2.669591 -1.374030 0.91030 0.91260 0.89190
vt 0.582984 0.402281
vn 0.976887 -0.213753 0.001336
v 2.744756 -2.668298 -5.114296 0.91030 0.91260 0.89190
vt 0.651091 0.402369
vn 0.976887 -0.213753 0.001336
f 448/448/448 449/449/449 450/450/450
v 2.855003 -2.140353 -6.595739 0.91030 0.91260 0.89190
vt 0.677719 0.427995
vn 0.976418 -0.215847 -0.004258
v 2.856887 -2.157093 -5.315068 0.91030 0.91260 0.89190
vt 0.654385 0.427167
vn 0.976418 -0.215847 -0.004258
v 2.744756 -2.668298 -5.114296 0.91030 0.91260 0.89190
vt 0.651091 0.402369
vn 0.976418 -0.215847 -0.004258
f 451/451/451 452/452/452 453/453/453
v 2.855003 -2.140353 -6.595739 0.91030 0.91260 0.89190
vt 0.677719 0.427995
vn 0.974293 -0.225151 -0.007731
v 2.744756 -2.668298 -5.114296 0.91030 0.91260 0.89190
vt 0.651091 0.402369
vn 0.974293 -0.225151 -0.007731
v 2.730115 -2.661989 -7.143056 0.91030 0.91260 0.89190
vt 0.688262 0.402632
vn 0.974293 -0.225151 -0.007731
f 454/454/454 455/455/455 456/456/456
v 2.810194 -2.152259 5.238327 0.59626 0.59856 0.57786
vt 0.462790 0.427088
vn 0.948130 -0.317645 0.012299
v 2.768226 -2.105594 9.679089 0.59626 0.59856 0.57786
vt 0.381654 0.429134
vn 0.948130 -0.317645 0.012299
v 2.620016 -2.628115 7.609380 0.59626 0.59856 0.57786
vt 0.419181 0.403620
vn 0.948130 -0.317645 0.012299
f 457/457/457 458/458/458 459/459/459
v 2.810194 -2.152259 5.238327 0.91030 0.91260 0.89190
vt 0.462790 0.427088
vn 0.958565 -0.284181 0.019851
v 2.620016 -2.628115 7.609380 0.91030 0.91260 0.89190
vt 0.419181 0.403620
vn 0.958565 -0.284181 0.019851
v 2.695263 -2.659436 3.527564 0.91030 0.91260 0.89190
vt 0.493763 0.402519
vn 0.958565 -0.284181 0.019851
f 460/460/460 461/461/461 462/462/462
v 2.768226 -2.105594 9.679089 0.91030 0.91260 0.89190
vt 0.381654 0.429134
vn 0.903448 -0.424805 0.057637
v 2.729527 -2.016874 10.939579 0.91030 0.91260 0.89190
vt 0.357911 0.433305
vn 0.903448 -0.424805 0.057637
v 2.535730 -2.572938 9.878922 0.91030 0.91260 0.89190
vt 0.377174 0.405817
vn 0.903448 -0.424805 0.057637
f 463/463/463 464/464/464 465/465/465
v 2.768226 -2.105594 9.679089 0.91030 0.91260 0.89190
vt 0.381654 0.429134
vn 0.901828 -0.429855 0.043943
v 2.535730 -2.572938 9.878922 0.91030 0.91260 0.89190
vt 0.377174 0.405817
vn 0.901828 -0.429855 0.043943
v 2.620016 -2.628115 7.609380 0.91030 0.91260 0.89190
vt 0.419181 0.403620
vn 0.901828 -0.429855 0.043943
f 466/466/466 467/467/467 468/468/468
v 2.033313 -2.333253 12.994009 0.91030 0.91260 0.89190
vt 0.275859 0.423579
vn 0.694293 -0.560337 0.451642
v 2.224865 -1.680525 13.509360 0.91030 0.91260 0.89190
vt 0.296537 0.454657
vn 0.694293 -0.560337 0.451642
v 1.782370 -1.883711 13.937505 0.91030 0.91260 0.89190
vt 0.266192 0.446548
vn 0.694293 -0.560337 0.451642
f 469/469/469 470/470/470 471/471/471
v 2.033313 -2.333253 12.994009 0.91030 0.91260 0.89190
vt 0.275859 0.423579
vn 0.758607 -0.486394 0.433517
v 1.782370 -1.883711 13.937505 0.91030 0.91260 0.89190
vt 0.266192 0.446548
vn 0.758607 -0.486394 0.433517
v 1.616712 -2.667248 13.348282 0.91030 0.91260 0.89190
vt 0.244143 0.409184
vn 0.758607 -0.486394 0.433517
f 472/472/472 473/473/473 474/474/474
v 0.656580 -4.443718 -14.593464 0.51775 0.29358 0.27288
vt 0.942199 0.318567
vn 0.409584 -0.762468 -0.500882
v 0.987163 -4.274977 -14.580005 0.51775 0.29358 0.27288
vt 0.922954 0.326676
vn 0.409584 -0.762468 -0.500882
v 1.003627 -4.494030 -14.233089 0.51775 0.29358 0.27288
vt 0.921432 0.315809
vn 0.409584 -0.762468 -0.500882
f 475/475/475 476/476/476 477/477/477
v 0.656580 -4.443718 -14.593464 0.51775 0.29358 0.27288
vt 0.942199 0.318567
vn 0.444029 -0.723472 -0.528608
v 1.003627 -4.494030 -14.233089 0.51775 0.29358 0.27288
vt 0.921432 0.315809
vn 0.444029 -0.723472 -0.528608
v 0.667280 -4.678135 -14.263647 0.51775 0.29358 0.27288
vt 0.941405 0.306993
vn 0.444029 -0.723472 -0.528608
f 478/478/478 479/479/479 480/480/480
v 0.896581 -3.825733 12.950218 0.91030 0.91260 0.89190
vt 0.183102 0.355659
vn 0.490090 -0.618069 0.614657
v 0.910122 -3.093847 13.675369 0.91030 0.91260 0.89190
vt 0.195449 0.391044
vn 0.490090 -0.618069 0.614657
v 0.627781 -3.235276 13.758277 0.91030 0.91260 0.89190
vt 0.176838 0.385060
vn 0.490090 -0.618069 0.614657
f 481/481/481 482/482/482 483/483/483
v 0.896581 -3.825733 12.950218 0.91030 0.91260 0.89190
vt 0.183102 0.355659
vn 0.556534 -0.571684 0.602866
v 0.627781 -3.235276 13.758277 0.91030 0.91260 0.89190
vt 0.176838 0.385060
vn 0.556534 -0.571684 0.602866
v 0.623832 -4.035620 13.002974 0.91030 0.91260 0.89190
vt 0.164038 0.346404
vn 0.556534 -0.571684 0.602866
f 484/484/484 485/485/485 486/486/486
v 0.953380 -4.286028 11.424130 0.91030 0.91260 0.89190
vt 0.188343 0.331050
vn 0.654840 -0.746550 0.117672
v 0.949942 -4.272658 11.528077 0.91030 0.91260 0.89190
vt 0.187491 0.331948
vn 0.654840 -0.746550 0.117672
v 0.661134 -4.516996 11.585123 0.91030 0.91260 0.89190
vt 0.165508 0.321311
vn 0.654840 -0.746550 0.117672
f 487/487/487 488/488/488 489/489/489
v 0.953380 -4.286028 11.424130 0.91030 0.91260 0.89190
vt 0.188343 0.331050
vn 0.653863 -0.748004 0.113812
v 0.661134 -4.516996 11.585123 0.91030 0.91260 0.89190
vt 0.165508 0.321311
vn 0.653863 -0.748004 0.113812
v 0.660702 -4.528409 11.512602 0.91030 0.91260 0.89190
vt 0.165777 0.320618
vn 0.653863 -0.748004 0.113812
f 490/490/490 491/491/491 492/492/492
v 0.663457 -1.073101 -12.577980 0.85897 0.91260 0.89190
vt 0.550547 0.611590
vn 0.000000 1.000000 0.000000
v 1.251982 -1.073101 -12.577980 0.85897 0.91260 0.89190
vt 0.549336 0.630161
vn 0.000000 1.000000 0.000000
v 1.192710 -1.073101 -15.005426 0.85897 0.91260 0.89190
vt 0.525228 0.626600
vn 0.000000 1.000000 0.000000
f 493/493/493 494/494/494 495/495/495
v 0.663457 -1.073101 -12.577980 0.23693 0.29358 0.35139
vt 0.550547 0.611590
vn -0.000000 1.000000 0.000000
v 1.192710 -1.073101 -15.005426 0.23693 0.29358 0.35139
vt 0.525228 0.626600
vn -0.000000 1.000000 0.000000
v 0.663457 -1.073101 -15.152153 0.23693 0.29358 0.35139
vt 0.524825 0.610096
vn -0.000000 1.000000 0.000000
f 496/496/496 497/497/497 498/498/498
v 1.250172 -2.098841 -6.357645 0.15842 0.25735 0.32119
vt 0.681645 0.638883
vn -0.000000 0.000001 1.000000
v 1.251982 -1.072948 -6.357646 0.15842 0.25735 0.32119
vt 0.610486 0.635574
vn -0.000000 0.000001 1.000000
v 0.663457 -1.072999 -6.357646 0.15842 0.25735 0.32119
vt 0.611273 0.617081
vn -0.000000 0.000001 1.000000
f 499/499/499 500/500/500 501/501/501
v 1.250172 -2.098841 -6.357645 0.17955 0.26942 0.34535
vt 0.681645 0.638883
vn 0.000000 0.000001 1.000000
v 0.663457 -1.072999 -6.357646 0.17955 0.26942 0.34535
vt 0.611273 0.617081
vn 0.000000 0.000001 1.000000
v 0.663457 -2.096355 -6.357645 0.17955 0.26942 0.34535
vt 0.682244 0.620363
vn 0.000000 0.000001 1.000000
f 502/502/502 503/503/503 504/504/504
v 0.967615 -2.052493 14.454342 0.90426 0.91260 0.88586
vt 0.215499 0.441148
vn 0.299741 -0.537483 0.788205
v 1.035197 -0.934431 15.191057 0.90426 0.91260 0.88586
vt 0.227680 0.495402
vn 0.299741 -0.537483 0.788205
v 0.687732 -0.928643 15.327139 0.90426 0.91260 0.88586
vt 0.208313 0.496612
vn 0.299741 -0.537483 0.788205
f 505/505/505 506/506/506 507/507/507
v 0.967615 -2.052493 14.454342 0.91030 0.91260 0.89190
vt 0.215499 0.441148
vn 0.397760 -0.498918 0.769979
v 0.687732 -0.928643 15.327139 0.91030 0.91260 0.89190
vt 0.208313 0.496612
vn 0.397760 -0.498918 0.769979
v 0.656222 -2.095151 14.587562 0.91030 0.91260 0.89190
vt 0.196739 0.440020
vn 0.397760 -0.498918 0.769979
f 508/508/508 509/509/509 510/510/510
v 1.011817 -2.098841 10.943063 0.16748 0.26942 0.32421
vt 0.854492 0.636935
vn 0.007135 0.999975 0.000000
v 1.011817 -2.098841 10.505869 0.16748 0.26942 0.32421
vt 0.850349 0.636863
vn 0.007135 0.999975 0.000000
v 0.663457 -2.096355 10.505869 0.16748 0.26942 0.32421
vt 0.850769 0.626011
vn 0.007135 0.999975 0.000000
f 511/511/511 512/512/512 513/513/513
v 1.011817 -2.098841 10.943063 0.16748 0.26640 0.33025
vt 0.854492 0.636935
vn 0.007135 0.999975 0.000000
v 0.663457 -2.096355 10.505869 0.16748 0.26640 0.33025
vt 0.850769 0.626011
vn 0.007135 0.999975 0.000000
v 0.663457 -2.096355 10.943063 0.16748 0.26640 0.33025
vt 0.855016 0.626157
vn 0.007135 0.999975 0.000000
f 514/514/514 515/515/515 516/516/516
v 0.690007 -4.668984 -3.605233 0.91030 0.89448 0.87076
vt 0.621920 0.294399
vn 0.495428 -0.868647 0.001620
v 1.038376 -4.470114 -3.508752 0.91030 0.89448 0.87076
vt 0.620529 0.306680
vn 0.495428 -0.868647 0.001620
v 1.041615 -4.450518 6.006972 0.91030 0.89448 0.87076
vt 0.447928 0.308219
vn 0.495428 -0.868647 0.001620
f 517/517/517 518/518/518 519/519/519
v 0.690007 -4.668984 -3.605233 0.91030 0.83711 0.81943
vt 0.621920 0.294399
vn 0.512131 -0.858907 0.000788
v 1.041615 -4.450518 6.006972 0.91030 0.83711 0.81943
vt 0.447928 0.308219
vn 0.512131 -0.858907 0.000788
v 0.697898 -4.654686 6.854628 0.91030 0.83711 0.81943
vt 0.432269 0.295944
vn 0.512131 -0.858907 0.000788
f 520/520/520 521/521/521 522/522/522
v 1.011817 -2.098841 10.505869 0.16748 0.26640 0.33025
vt 0.850349 0.636863
vn 0.007135 0.999975 0.000000
v 1.011817 -2.098841 -5.715958 0.16748 0.26640 0.33025
vt 0.688258 0.631658
vn 0.007135 0.999975 0.000000
v 0.663457 -2.096355 -5.715958 0.16748 0.26640 0.33025
vt 0.688582 0.620617
vn 0.007135 0.999975 0.000000
f 523/523/523 524/524/524 525/525/525
v 1.011817 -2.098841 10.505869 0.22787 0.29660 0.36347
vt 0.850349 0.636863
vn 0.007135 0.999975 0.000000
v 0.663457 -2.096355 -5.715958 0.22787 0.29660 0.36347
vt 0.688582 0.620617
vn 0.007135 0.999975 0.000000
v 0.663457 -2.096355 10.505869 0.22787 0.29660 0.36347
vt 0.850769 0.626011
vn 0.007135 0.999975 0.000000
f 526/526/526 527/527/527 528/528/528
v 1.038459 -4.460021 -5.656118 0.91030 0.91260 0.89190
vt 0.659457 0.307009
vn 0.496611 -0.867964 -0.004060
v 1.038376 -4.470114 -3.508752 0.91030 0.91260 0.89190
vt 0.620529 0.306680
vn 0.496611 -0.867964 -0.004060
v 0.690007 -4.668984 -3.605233 0.91030 0.91260 0.89190
vt 0.621920 0.294399
vn 0.496611 -0.867964 -0.004060
f 529/529/529 530/530/530 531/531/531
v 1.038459 -4.460021 -5.656118 0.90426 0.91260 0.89190
vt 0.659457 0.307009
vn 0.503659 -0.863899 -0.002449
v 0.690007 -4.668984 -3.605233 0.90426 0.91260 0.89190
vt 0.621920 0.294399
vn 0.503659 -0.863899 -0.002449
v 0.693387 -4.660961 -5.740594 0.90426 0.91260 0.89190
vt 0.660678 0.294675
vn 0.503659 -0.863899 -0.002449
f 532/532/532 533/533/533 534/534/534
v 1.011817 -2.098841 -5.715958 0.15238 0.26338 0.33629
vt 0.688258 0.631658
vn 0.004408 0.999985 0.003126
v 1.227351 -2.098841 -6.019864 0.15238 0.26338 0.33629
vt 0.685037 0.638311
vn 0.004408 0.999985 0.003126
v 0.663457 -2.096355 -6.019864 0.15238 0.26338 0.33629
vt 0.685590 0.620497
vn 0.004408 0.999985 0.003126
f 535/535/535 536/536/536 537/537/537
v 1.011817 -2.098841 -5.715958 0.14030 0.25433 0.31817
vt 0.688258 0.631658
vn 0.007135 0.999975 0.000000
v 0.663457 -2.096355 -6.019864 0.14030 0.25433 0.31817
vt 0.685590 0.620497
vn 0.007135 0.999975 0.000000
v 0.663457 -2.096355 -5.715958 0.14030 0.25433 0.31817
vt 0.688582 0.620617
vn 0.007135 0.999975 0.000000
f 538/538/538 539/539/539 540/540/540
v 0.702536 -4.645324 -7.948584 0.52379 0.27848 0.26684
vt 0.700769 0.295365
vn 0.516560 -0.856226 -0.006484
v 1.042276 -4.438501 -8.193851 0.52379 0.27848 0.26684
vt 0.705482 0.307897
vn 0.516560 -0.856226 -0.006484
v 1.038459 -4.460021 -5.656118 0.52379 0.27848 0.26684
vt 0.659457 0.307009
vn 0.516560 -0.856226 -0.006484
f 541/541/541 542/542/542 543/543/543
v 0.702536 -4.645324 -7.948584 0.91030 0.90958 0.88586
vt 0.700769 0.295365
vn 0.503945 -0.863726 -0.004029
v 1.038459 -4.460021 -5.656118 0.91030 0.90958 0.88586
vt 0.659457 0.307009
vn 0.503945 -0.863726 -0.004029
v 0.693387 -4.660961 -5.740594 0.91030 0.90958 0.88586
vt 0.660678 0.294675
vn 0.503945 -0.863726 -0.004029
f 544/544/544 545/545/545 546/546/546
v 0.697898 -4.654686 6.854628 0.60230 0.59856 0.57786
vt 0.432269 0.295944
vn 0.547538 -0.836529 0.020535
v 1.041615 -4.450518 6.006972 0.60230 0.59856 0.57786
vt 0.447928 0.308219
vn 0.547538 -0.836529 0.020535
v 1.006024 -4.395737 9.187595 0.60230 0.59856 0.57786
vt 0.390029 0.310315
vn 0.547538 -0.836529 0.020535
f 547/547/547 548/548/548 549/549/549
v 0.697898 -4.654686 6.854628 0.52077 0.29660 0.27590
vt 0.432269 0.295944
vn 0.576644 -0.816867 0.014508
v 1.006024 -4.395737 9.187595 0.52077 0.29660 0.27590
vt 0.390029 0.310315
vn 0.576644 -0.816867 0.014508
v 0.682148 -4.612156 9.875132 0.52077 0.29660 0.27590
vt 0.377613 0.297674
vn 0.576644 -0.816867 0.014508
f 550/550/550 551/551/551 552/552/552
v 0.682148 -4.612156 9.875132 0.51775 0.29358 0.27288
vt 0.377613 0.297674
vn 0.611057 -0.790626 0.038979
v 1.006024 -4.395737 9.187595 0.51775 0.29358 0.27288
vt 0.390029 0.310315
vn 0.611057 -0.790626 0.038979
v 0.974041 -4.350030 10.616063 0.51775 0.29358 0.27288
vt 0.363699 0.311910
vn 0.611057 -0.790626 0.038979
f 553/553/553 554/554/554 555/555/555
v 0.682148 -4.612156 9.875132 0.51775 0.29358 0.27288
vt 0.377613 0.297674
vn 0.618567 -0.784995 0.034028
v 0.974041 -4.350030 10.616063 0.51775 0.29358 0.27288
vt 0.363699 0.311910
vn 0.618567 -0.784995 0.034028
v 0.667499 -4.579582 10.892884 0.51775 0.29358 0.27288
vt 0.359098 0.298807
vn 0.618567 -0.784995 0.034028
f 556/556/556 557/557/557 558/558/558
v 0.656580 -4.443718 -14.593464 0.51775 0.29358 0.27288
vt 0.942199 0.318567
vn 0.037991 -0.489165 -0.871364
v -0.002509 -4.480055 -14.601802 0.51775 0.29358 0.27288
vt 0.979887 0.316941
vn 0.037991 -0.489165 -0.871364
v 0.000000 -3.545394 -15.126391 0.51775 0.29358 0.27288
vt 0.977837 0.362377
vn 0.037991 -0.489165 -0.871364
f 559/559/559 560/560/560 561/561/561
v 0.656580 -4.443718 -14.593464 0.51775 0.29358 0.27288
vt 0.942199 0.318567
vn 0.064223 -0.474027 -0.878165
v 0.000000 -3.545394 -15.126391 0.51775 0.29358 0.27288
vt 0.977837 0.362377
vn 0.064223 -0.474027 -0.878165
v 0.716098 -3.494008 -15.101758 0.51775 0.29358 0.27288
vt 0.936718 0.364698
vn 0.064223 -0.474027 -0.878165
f 562/562/562 563/563/563 564/564/564
v 0.000000 -4.195159 13.043104 0.91030 0.91260 0.89190
vt 0.126495 0.340214
vn 0.294974 -0.830570 0.472381
v 0.000000 -4.553319 12.413366 0.91030 0.91260 0.89190
vt 0.123643 0.322260
vn 0.294974 -0.830570 0.472381
v 0.673716 -4.347726 12.354157 0.91030 0.91260 0.89190
vt 0.164350 0.330789
vn 0.294974 -0.830570 0.472381
f 565/565/565 566/566/566 567/567/567
v 0.000000 -4.195159 13.043104 0.91030 0.91260 0.89190
vt 0.126495 0.340214
vn 0.249243 -0.865093 0.435306
v 0.673716 -4.347726 12.354157 0.91030 0.91260 0.89190
vt 0.164350 0.330789
vn 0.249243 -0.865093 0.435306
v 0.623832 -4.035620 13.002974 0.91030 0.91260 0.89190
vt 0.164038 0.346404
vn 0.249243 -0.865093 0.435306
f 568/568/568 569/569/569 570/570/570
v 0.000000 -2.091621 -6.357645 0.15540 0.26036 0.33025
vt 0.682836 0.599395
vn 0.007135 0.999975 0.000000
v 0.000000 -2.091621 -6.019863 0.15540 0.26036 0.33025
vt 0.686255 0.599548
vn 0.007135 0.999975 0.000000
v 0.663457 -2.096355 -6.019864 0.15540 0.26036 0.33025
vt 0.685590 0.620497
vn 0.007135 0.999975 0.000000
f 571/571/571 572/572/572 573/573/573
v 0.000000 -2.091621 -6.357645 0.16144 0.27546 0.33931
vt 0.682836 0.599395
vn 0.007135 0.999975 -0.000000
v 0.663457 -2.096355 -6.019864 0.16144 0.27546 0.33931
vt 0.685590 0.620497
vn 0.007135 0.999975 -0.000000
v 0.663457 -2.096355 -6.357645 0.16144 0.27546 0.33931
vt 0.682244 0.620363
vn 0.007135 0.999975 -0.000000
f 574/574/574 575/575/575 576/576/576
v 0.000000 -4.758992 11.501354 0.51775 0.29358 0.27288
vt 0.345204 0.282122
vn 0.318021 -0.945489 0.070091
v 0.000000 -4.788351 11.105329 0.51775 0.29358 0.27288
vt 0.352928 0.281044
vn 0.318021 -0.945489 0.070091
v 0.667499 -4.579582 10.892884 0.51775 0.29358 0.27288
vt 0.359098 0.298807
vn 0.318021 -0.945489 0.070091
f 577/577/577 578/578/578 579/579/579
v 0.000000 -4.758992 11.501354 0.52077 0.29660 0.27590
vt 0.345204 0.282122
vn 0.327181 -0.941455 0.081330
v 0.667499 -4.579582 10.892884 0.52077 0.29660 0.27590
vt 0.359098 0.298807
vn 0.327181 -0.941455 0.081330
v 0.660702 -4.528409 11.512602 0.52077 0.29660 0.27590
vt 0.347121 0.300646
vn 0.327181 -0.941455 0.081330
f 580/580/580 581/581/581 582/582/582
v 0.000000 0.424715 -12.579304 0.19767 0.27848 0.32723
vt 0.518767 0.987645
vn -0.000002 1.000000 0.000000
v 0.000000 0.424715 -12.459029 0.19767 0.27848 0.32723
vt 0.518763 0.986454
vn -0.000002 1.000000 0.000000
v 0.663056 0.424716 -12.459030 0.19767 0.27848 0.32723
vt 0.539453 0.986389
vn -0.000002 1.000000 0.000000
f 583/583/583 584/584/584 585/585/585
v 0.000000 0.424715 -12.579304 0.19767 0.26942 0.33025
vt 0.518767 0.987645
vn -0.000000 1.000000 -0.000011
v 0.663056 0.424716 -12.459030 0.19767 0.26942 0.33025
vt 0.539453 0.986389
vn -0.000000 1.000000 -0.000011
v 0.663056 0.424715 -12.579305 0.19767 0.26942 0.33025
vt 0.539457 0.987580
vn -0.000000 1.000000 -0.000011
f 586/586/586 587/587/587 588/588/588
v 0.702536 -4.645324 -7.948584 0.87708 0.88542 0.87076
vt 0.700769 0.295365
vn 0.249866 -0.968280 0.000088
v 0.000000 -4.826560 -7.359078 0.87708 0.88542 0.87076
vt 0.690150 0.277533
vn 0.249866 -0.968280 0.000088
v 0.000000 -4.826599 -7.787490 0.87708 0.88542 0.87076
vt 0.697889 0.277594
vn 0.249866 -0.968280 0.000088
f 589/589/589 590/590/590 591/591/591
v 0.702536 -4.645324 -7.948584 0.59626 0.50797 0.49029
vt 0.700769 0.295365
vn 0.249861 -0.968282 0.000067
v 0.000000 -4.826599 -7.787490 0.59626 0.50797 0.49029
vt 0.697889 0.277594
vn 0.249861 -0.968282 0.000067
v 0.702195 -4.645429 -8.203717 0.59626 0.50797 0.49029
vt 0.705402 0.295405
vn 0.249861 -0.968282 0.000067
f 592/592/592 593/593/593 594/594/594
v 0.663457 -0.771465 -15.322760 0.19163 0.27546 0.34535
vt 0.743612 0.951124
vn 0.000000 1.000000 0.000000
v 0.000000 -0.771465 -15.500000 0.19163 0.27546 0.34535
vt 0.766372 0.949789
vn 0.000000 1.000000 0.000000
v 0.000000 -0.771465 -15.329395 0.19163 0.27546 0.34535
vt 0.766391 0.951646
vn 0.000000 1.000000 0.000000
f 595/595/595 596/596/596 597/597/597
v 0.663457 -0.771465 -15.322760 0.19465 0.27848 0.34837
vt 0.743612 0.951124
vn 0.000000 1.000000 -0.000000
v 0.000000 -0.771465 -15.329395 0.19465 0.27848 0.34837
vt 0.766391 0.951646
vn 0.000000 1.000000 -0.000000
v 0.663457 -0.771465 -15.152156 0.19465 0.27848 0.34837
vt 0.743550 0.952932
vn 0.000000 1.000000 -0.000000
f 598/598/598 599/599/599 600/600/600
v 0.000000 -4.828658 -12.492671 0.91030 0.91260 0.88888
vt 0.782474 0.277524
vn 0.205880 -0.978561 -0.005600
v 0.000000 -4.819120 -14.159478 0.91030 0.91260 0.88888
vt 0.812598 0.277509
vn 0.205880 -0.978561 -0.005600
v 0.667280 -4.678135 -14.263647 0.91030 0.91260 0.88888
vt 0.815278 0.293654
vn 0.205880 -0.978561 -0.005600
f 601/601/601 602/602/602 603/603/603
v 0.000000 -4.828658 -12.492671 0.91030 0.91260 0.89190
vt 0.782474 0.277524
vn 0.246293 -0.969139 0.010428
v 0.667280 -4.678135 -14.263647 0.91030 0.91260 0.89190
vt 0.815278 0.293654
vn 0.246293 -0.969139 0.010428
v 0.688964 -4.649801 -12.142657 0.91030 0.91260 0.89190
vt 0.776785 0.295062
vn 0.246293 -0.969139 0.010428
f 604/604/604 605/605/605 606/606/606
v 0.000000 -2.235585 -15.339928 0.51775 0.29358 0.27288
vt 0.977189 0.425844
vn 0.145769 -0.106162 -0.983606
v 0.000000 -1.676240 -15.400299 0.51775 0.29358 0.27288
vt 0.976787 0.452965
vn 0.145769 -0.106162 -0.983606
v 0.732478 -1.691901 -15.290057 0.51775 0.29358 0.27288
vt 0.934881 0.452061
vn 0.145769 -0.106162 -0.983606
f 607/607/607 608/608/608 609/609/609
v 0.000000 -2.235585 -15.339928 0.51775 0.29358 0.27288
vt 0.977189 0.425844
vn 0.127635 -0.081283 -0.988485
v 0.732478 -1.691901 -15.290057 0.51775 0.29358 0.27288
vt 0.934881 0.452061
vn 0.127635 -0.081283 -0.988485
v 0.749687 -2.163519 -15.249053 0.51775 0.29358 0.27288
vt 0.934235 0.429209
vn 0.127635 -0.081283 -0.988485
f 610/610/610 611/611/611 612/612/612
v 0.000000 -2.118588 14.686665 0.91030 0.91260 0.89190
vt 0.158940 0.440437
vn 0.175558 -0.569136 0.803283
v 0.000000 -3.338409 13.822408 0.91030 0.91260 0.89190
vt 0.139536 0.381825
vn 0.175558 -0.569136 0.803283
v 0.627781 -3.235276 13.758277 0.91030 0.91260 0.89190
vt 0.176838 0.385060
vn 0.175558 -0.569136 0.803283
f 613/613/613 614/614/614 615/615/615
v 0.000000 -2.118588 14.686665 0.91030 0.91260 0.89190
vt 0.158940 0.440437
vn 0.141527 -0.584605 0.798878
v 0.627781 -3.235276 13.758277 0.91030 0.91260 0.89190
vt 0.176838 0.385060
vn 0.141527 -0.584605 0.798878
v 0.656222 -2.095151 14.587562 0.91030 0.91260 0.89190
vt 0.196739 0.440020
vn 0.141527 -0.584605 0.798878
f 616/616/616 617/617/617 618/618/618
v 0.749687 -2.163519 -15.249053 0.51775 0.29358 0.27288
vt 0.934235 0.429209
vn 0.292877 -0.090439 -0.951863
v 1.154446 -2.145242 -15.126250 0.51775 0.29358 0.27288
vt 0.910934 0.429954
vn 0.292877 -0.090439 -0.951863
v 1.088427 -3.398823 -15.027458 0.51775 0.29358 0.27288
vt 0.914951 0.369189
vn 0.292877 -0.090439 -0.951863
f 619/619/619 620/620/620 621/621/621
v 0.749687 -2.163519 -15.249053 0.51775 0.29358 0.27288
vt 0.934235 0.429209
vn 0.222108 -0.112824 -0.968472
v 1.088427 -3.398823 -15.027458 0.51775 0.29358 0.27288
vt 0.914951 0.369189
vn 0.222108 -0.112824 -0.968472
v 0.716098 -3.494008 -15.101758 0.51775 0.29358 0.27288
vt 0.936718 0.364698
vn 0.222108 -0.112824 -0.968472
f 622/622/622 623/623/623 624/624/624
v 2.887267 -1.073101 -12.577980 0.52681 0.29358 0.26986
vt 0.780226 0.480898
vn 1.000000 -0.000001 -0.000000
v 2.887267 -1.073101 -12.457706 0.52681 0.29358 0.26986
vt 0.778574 0.480857
vn 1.000000 -0.000001 -0.000000
v 2.887266 -1.706397 -11.911049 0.52681 0.29358 0.26986
vt 0.772541 0.449940
vn 1.000000 -0.000001 -0.000000
f 625/625/625 626/626/626 627/627/627
v 2.887267 -1.073101 -12.577980 0.51775 0.29358 0.27288
vt 0.780226 0.480898
vn 1.000000 -0.000001 -0.000000
v 2.887266 -1.706397 -11.911049 0.51775 0.29358 0.27288
vt 0.772541 0.449940
vn 1.000000 -0.000001 -0.000000
v 2.887266 -1.706397 -12.909270 0.51775 0.29358 0.27288
vt 0.790478 0.450253
vn 1.000000 -0.000001 -0.000000
f 628/628/628 629/629/629 630/630/630
v 2.887267 -1.073101 -14.078501 0.51775 0.29358 0.27288
vt 0.806779 0.481417
vn 1.000000 -0.000001 0.000000
v 2.887267 -1.073101 -12.577980 0.51775 0.29358 0.27288
vt 0.780226 0.480898
vn 1.000000 -0.000001 0.000000
v 2.887266 -1.706397 -12.909270 0.51775 0.29358 0.27288
vt 0.790478 0.450253
vn 1.000000 -0.000001 0.000000
f 631/631/631 632/632/632 633/633/633
v 2.887267 -1.073101 -14.078501 0.51775 0.29358 0.27288
vt 0.806779 0.481417
vn 0.998692 -0.044958 -0.024350
v 2.887266 -1.706397 -12.909270 0.51775 0.29358 0.27288
vt 0.790478 0.450253
vn 0.998692 -0.044958 -0.024350
v 2.867323 -1.688347 -13.760534 0.51775 0.29358 0.27288
vt 0.805584 0.451431
vn 0.998692 -0.044958 -0.024350
f 634/634/634 635/635/635 636/636/636
v 2.854638 -1.073101 -14.418727 0.51775 0.29358 0.27288
vt 0.812491 0.481447
vn 0.992135 -0.081335 -0.095148
v 2.887267 -1.073101 -14.078501 0.51775 0.29358 0.27288
vt 0.806779 0.481417
vn 0.992135 -0.081335 -0.095148
v 2.867323 -1.688347 -13.760534 0.51775 0.29358 0.27288
vt 0.805584 0.451431
vn 0.992135 -0.081335 -0.095148
f 637/637/637 638/638/638 639/639/639
v 2.854638 -1.073101 -14.418727 0.51775 0.29358 0.27288
vt 0.812491 0.481447
vn 0.968124 -0.173401 -0.180745
v 2.867323 -1.688347 -13.760534 0.51775 0.29358 0.27288
vt 0.805584 0.451431
vn 0.968124 -0.173401 -0.180745
v 2.756280 -1.654860 -14.387443 0.51775 0.29358 0.27288
vt 0.818180 0.453263
vn 0.968124 -0.173401 -0.180745
f 640/640/640 641/641/641 642/642/642
v 1.671152 -1.073101 -15.036871 0.51775 0.29358 0.27288
vt 0.880740 0.481781
vn 0.315048 -0.151394 -0.936923
v 2.712966 -1.073101 -14.686552 0.51775 0.29358 0.27288
vt 0.821239 0.481490
vn 0.315048 -0.151394 -0.936923
v 2.364056 -1.657762 -14.709403 0.51775 0.29358 0.27288
vt 0.841155 0.453205
vn 0.315048 -0.151394 -0.936923
f 643/643/643 644/644/644 645/645/645
v 1.671152 -1.073101 -15.036871 0.51775 0.29358 0.27288
vt 0.880740 0.481781
vn 0.379606 -0.066931 -0.922724
v 2.364056 -1.657762 -14.709403 0.51775 0.29358 0.27288
vt 0.841155 0.453205
vn 0.379606 -0.066931 -0.922724
v 1.598080 -1.691832 -15.022052 0.51775 0.29358 0.27288
vt 0.885241 0.451757
vn 0.379606 -0.066931 -0.922724
f 646/646/646 647/647/647 648/648/648
v 2.887266 -1.596926 -5.715957 0.91030 0.91260 0.89190
vt 0.661419 0.454304
vn 0.996884 -0.078887 0.000080
v 2.885997 -1.596572 10.504176 0.91030 0.91260 0.89190
vt 0.367690 0.454025
vn 0.996884 -0.078887 0.000080
v 2.869008 -1.815250 6.557833 0.91030 0.91260 0.89190
vt 0.439224 0.443476
vn 0.996884 -0.078887 0.000080
f 649/649/649 650/650/650 651/651/651
v 2.887266 -1.596926 -5.715957 0.51171 0.29358 0.27288
vt 0.661419 0.454304
vn 0.999998 -0.000971 0.001470
v 2.869008 -1.815250 6.557833 0.51171 0.29358 0.27288
vt 0.439224 0.443476
vn 0.999998 -0.000971 0.001470
v 2.881211 -1.818040 -1.743519 0.51171 0.29358 0.27288
vt 0.589395 0.443520
vn 0.999998 -0.000971 0.001470
f 652/652/652 653/653/653 654/654/654
v 2.887266 -1.771976 -6.041232 0.91030 0.91260 0.89190
vt 0.666929 0.445818
vn 1.000000 -0.000001 0.000001
v 2.887267 -1.393307 -6.129865 0.91030 0.91260 0.89190
vt 0.668268 0.464160
vn 1.000000 -0.000001 0.000001
v 2.887266 -1.596926 -5.715957 0.91030 0.91260 0.89190
vt 0.661419 0.454304
vn 1.000000 -0.000001 0.000001
f 655/655/655 656/656/656 657/657/657
v 2.887266 -1.771976 -6.041232 0.91030 0.91260 0.88888
vt 0.666929 0.445818
vn 0.999996 -0.002567 0.001381
v 2.887266 -1.596926 -5.715957 0.91030 0.91260 0.88888
vt 0.661419 0.454304
vn 0.999996 -0.002567 0.001381
v 2.881211 -1.818040 -1.743519 0.91030 0.91260 0.88888
vt 0.589395 0.443520
vn 0.999996 -0.002567 0.001381
f 658/658/658 659/659/659 660/660/660
v 2.887136 -1.706752 -6.343089 0.91030 0.91260 0.89190
vt 0.672042 0.448939
vn 1.000000 -0.000213 -0.000301
v 2.887267 -1.073101 -6.357646 0.91030 0.91260 0.89190
vt 0.671033 0.479614
vn 1.000000 -0.000213 -0.000301
v 2.887267 -1.393307 -6.129865 0.91030 0.91260 0.89190
vt 0.668268 0.464160
vn 1.000000 -0.000213 -0.000301
f 661/661/661 662/662/662 663/663/663
v 2.887136 -1.706752 -6.343089 0.91030 0.91260 0.89190
vt 0.672042 0.448939
vn 1.000000 -0.000108 -0.000455
v 2.887267 -1.393307 -6.129865 0.91030 0.91260 0.89190
vt 0.668268 0.464160
vn 1.000000 -0.000108 -0.000455
v 2.887266 -1.771976 -6.041232 0.91030 0.91260 0.89190
vt 0.666929 0.445818
vn 1.000000 -0.000108 -0.000455
f 664/664/664 665/665/665 666/666/666
v 2.885997 -1.596572 10.504176 0.91030 0.91260 0.89190
vt 0.367690 0.454025
vn 0.996482 -0.079346 0.026983
v 2.886231 -1.421088 11.011558 0.91030 0.91260 0.89190
vt 0.359127 0.462526
vn 0.996482 -0.079346 0.026983
v 2.862762 -1.758371 10.886460 0.91030 0.91260 0.89190
vt 0.361656 0.446229
vn 0.996482 -0.079346 0.026983
f 667/667/667 668/668/668 669/669/669
v 2.885997 -1.596572 10.504176 0.91030 0.91260 0.89190
vt 0.367690 0.454025
vn 0.990877 -0.134732 0.003200
v 2.862762 -1.758371 10.886460 0.91030 0.91260 0.89190
vt 0.361656 0.446229
vn 0.990877 -0.134732 0.003200
v 2.869008 -1.815250 6.557833 0.91030 0.91260 0.89190
vt 0.439224 0.443476
vn 0.990877 -0.134732 0.003200
f 670/670/670 671/671/671 672/672/672
v 2.886231 -1.421088 11.011558 0.91030 0.91260 0.89190
vt 0.359127 0.462526
vn 0.941845 -0.216151 0.257307
v 2.885155 -0.903881 11.449976 0.91030 0.91260 0.89190
vt 0.351775 0.487548
vn 0.941845 -0.216151 0.257307
v 2.787189 -1.673836 11.161770 0.91030 0.91260 0.89190
vt 0.355263 0.450077
vn 0.941845 -0.216151 0.257307
f 673/673/673 674/674/674 675/675/675
v 2.886231 -1.421088 11.011558 0.91030 0.91260 0.89190
vt 0.359127 0.462526
vn 0.932952 -0.180455 0.311507
v 2.787189 -1.673836 11.161770 0.91030 0.91260 0.89190
vt 0.355263 0.450077
vn 0.932952 -0.180455 0.311507
v 2.862762 -1.758371 10.886460 0.91030 0.91260 0.89190
vt 0.361656 0.446229
vn 0.932952 -0.180455 0.311507
f 676/676/676 677/677/677 678/678/678
v 0.732478 -1.691901 -15.290057 0.51775 0.29358 0.27288
vt 0.934881 0.452061
vn 0.272875 -0.020391 -0.961834
v 0.663457 -1.073101 -15.322756 0.51775 0.29358 0.27288
vt 0.938278 0.482091
vn 0.272875 -0.020391 -0.961834
v 1.180646 -1.073101 -15.176029 0.51775 0.29358 0.27288
vt 0.908699 0.481942
vn 0.272875 -0.020391 -0.961834
f 679/679/679 680/680/680 681/681/681
v 0.732478 -1.691901 -15.290057 0.51775 0.29358 0.27288
vt 0.934881 0.452061
vn 0.295550 -0.038153 -0.954565
v 1.180646 -1.073101 -15.176029 0.51775 0.29358 0.27288
vt 0.908699 0.481942
vn 0.295550 -0.038153 -0.954565
v 1.176739 -1.691865 -15.152507 0.51775 0.29358 0.27288
vt 0.909384 0.451920
vn 0.295550 -0.038153 -0.954565
f 682/682/682 683/683/683 684/684/684
v 2.070585 -3.001990 11.279643 0.91030 0.91260 0.89190
vt 0.278003 0.389046
vn 0.799118 -0.579067 0.161532
v 2.026587 -2.959362 11.650125 0.91030 0.91260 0.89190
vt 0.272934 0.391868
vn 0.799118 -0.579067 0.161532
v 1.647053 -3.466808 11.708610 0.91030 0.91260 0.89190
vt 0.241010 0.368838
vn 0.799118 -0.579067 0.161532
f 685/685/685 686/686/686 687/687/687
v 2.070585 -3.001990 11.279643 0.91030 0.91260 0.89190
vt 0.278003 0.389046
vn 0.793529 -0.591639 0.142391
v 1.647053 -3.466808 11.708610 0.91030 0.91260 0.89190
vt 0.241010 0.368838
vn 0.793529 -0.591639 0.142391
v 1.671653 -3.526725 11.322561 0.91030 0.91260 0.89190
vt 0.244827 0.365153
vn 0.793529 -0.591639 0.142391
f 688/688/688 689/689/689 690/690/690
v 2.070585 -3.001990 11.279643 0.91030 0.91260 0.89190
vt 0.278003 0.389046
vn 0.814843 -0.566592 0.122492
v 2.114613 -3.042975 10.797183 0.91030 0.91260 0.89190
vt 0.284726 0.385963
vn 0.814843 -0.566592 0.122492
v 2.464236 -2.511847 10.928174 0.91030 0.91260 0.89190
vt 0.313244 0.410737
vn 0.814843 -0.566592 0.122492
f 691/691/691 692/692/692 693/693/693
v 2.070585 -3.001990 11.279643 0.91030 0.91260 0.89190
vt 0.278003 0.389046
vn 0.818643 -0.556917 0.140239
v 2.464236 -2.511847 10.928174 0.91030 0.91260 0.89190
vt 0.313244 0.410737
vn 0.818643 -0.556917 0.140239
v 2.406443 -2.461688 11.464732 0.91030 0.91260 0.89190
vt 0.305944 0.414346
vn 0.818643 -0.556917 0.140239
f 694/694/694 695/695/695 696/696/696
v 2.654984 -1.786221 11.714654 0.91030 0.91260 0.89190
vt 0.340294 0.445079
vn 0.969075 -0.218258 0.115142
v 2.680985 -1.879844 11.318347 0.91030 0.91260 0.89190
vt 0.347483 0.439747
vn 0.969075 -0.218258 0.115142
v 2.885155 -0.903881 11.449976 0.91030 0.91260 0.89190
vt 0.351775 0.487548
vn 0.969075 -0.218258 0.115142
f 697/697/697 698/698/698 699/699/699
v 2.654984 -1.786221 11.714654 0.91030 0.91260 0.89190
vt 0.340294 0.445079
vn 0.970121 -0.229189 0.079613
v 2.885155 -0.903881 11.449976 0.91030 0.91260 0.89190
vt 0.351775 0.487548
vn 0.970121 -0.229189 0.079613
v 2.880242 -0.902722 11.513184 0.91030 0.91260 0.89190
vt 0.354104 0.487833
vn 0.970121 -0.229189 0.079613
f 700/700/700 701/701/701 702/702/702
v 2.654984 -1.786221 11.714654 0.91030 0.91260 0.89190
vt 0.340294 0.445079
vn 0.897698 -0.408979 0.163935
v 2.584486 -1.743562 12.207121 0.91030 0.91260 0.89190
vt 0.329545 0.448434
vn 0.897698 -0.408979 0.163935
v 2.335088 -2.417643 11.891135 0.91030 0.91260 0.89190
vt 0.299223 0.417237
vn 0.897698 -0.408979 0.163935
f 703/703/703 704/704/704 705/705/705
v 2.654984 -1.786221 11.714654 0.91030 0.91260 0.89190
vt 0.340294 0.445079
vn 0.896095 -0.400511 0.191323
v 2.335088 -2.417643 11.891135 0.91030 0.91260 0.89190
vt 0.299223 0.417237
vn 0.896095 -0.400511 0.191323
v 2.406443 -2.461688 11.464732 0.91030 0.91260 0.89190
vt 0.305944 0.414346
vn 0.896095 -0.400511 0.191323
f 706/706/706 707/707/707 708/708/708
v 1.223850 -4.040927 11.473977 0.91030 0.91260 0.89190
vt 0.207616 0.342270
vn 0.662861 -0.733392 0.150838
v 1.217514 -3.961165 11.889631 0.91030 0.91260 0.89190
vt 0.205112 0.346944
vn 0.662861 -0.733392 0.150838
v 0.950217 -4.191955 11.942146 0.91030 0.91260 0.89190
vt 0.185603 0.336699
vn 0.662861 -0.733392 0.150838
f 709/709/709 710/710/710 711/711/711
v 1.223850 -4.040927 11.473977 0.91030 0.91260 0.89190
vt 0.207616 0.342270
vn 0.655575 -0.741265 0.144040
v 0.950217 -4.191955 11.942146 0.91030 0.91260 0.89190
vt 0.185603 0.336699
vn 0.655575 -0.741265 0.144040
v 0.949942 -4.272658 11.528077 0.91030 0.91260 0.89190
vt 0.187491 0.331948
vn 0.655575 -0.741265 0.144040
f 712/712/712 713/713/713 714/714/714
v 1.251982 -1.072948 -6.357646 0.68685 0.25735 0.22457
vt 0.841062 0.714029
vn -0.000000 0.000884 1.000000
v 1.251784 -0.335327 -6.358298 0.68685 0.25735 0.22457
vt 0.840559 0.771806
vn -0.000000 0.000884 1.000000
v 0.663260 -0.335379 -6.358298 0.68685 0.25735 0.22457
vt 0.819607 0.771622
vn -0.000000 0.000884 1.000000
f 715/715/715 716/716/716 717/717/717
v 1.251982 -1.072948 -6.357646 0.76838 0.14562 0.12794
vt 0.841062 0.714029
vn -0.000000 0.000884 1.000000
v 0.663260 -0.335379 -6.358298 0.76838 0.14562 0.12794
vt 0.819607 0.771622
vn -0.000000 0.000884 1.000000
v 0.663457 -1.072999 -6.357646 0.76838 0.14562 0.12794
vt 0.820121 0.713845
vn -0.000000 0.000884 1.000000
f 718/718/718 719/719/719 720/720/720
v 1.810142 -1.072904 -6.514090 0.14634 0.26640 0.33629
vt 0.309123 0.515899
vn 1.000000 0.000268 -0.000000
v 1.809944 -0.335284 -6.514742 0.14634 0.26640 0.33629
vt 0.313044 0.583956
vn 1.000000 0.000268 -0.000000
v 1.809944 -0.335278 -6.358298 0.14634 0.26640 0.33629
vt 0.310970 0.584115
vn 1.000000 0.000268 -0.000000
f 721/721/721 722/722/722 723/723/723
v 1.810142 -1.072904 -6.514090 0.17050 0.27546 0.34535
vt 0.309123 0.515899
vn 1.000000 0.000268 -0.000000
v 1.809944 -0.335278 -6.358298 0.17050 0.27546 0.34535
vt 0.310970 0.584115
vn 1.000000 0.000268 -0.000000
v 1.810142 -1.072898 -6.357646 0.17050 0.27546 0.34535
vt 0.307055 0.516034
vn 1.000000 0.000268 -0.000000
f 724/724/724 725/725/725 726/726/726
v 1.251982 -1.073101 -12.577980 0.72006 0.18185 0.14606
vt 0.473658 0.709850
vn 0.000000 -0.000884 -1.000000
v 1.251784 -0.335481 -12.578632 0.72006 0.18185 0.14606
vt 0.472773 0.767621
vn 0.000000 -0.000884 -1.000000
v 1.809944 -0.335481 -12.578632 0.72006 0.18185 0.14606
vt 0.452894 0.767301
vn 0.000000 -0.000884 -1.000000
f 727/727/727 728/728/728 729/729/729
v 1.251982 -1.073101 -12.577980 0.75026 0.17280 0.16115
vt 0.473658 0.709850
vn 0.000000 -0.000884 -1.000000
v 1.809944 -0.335481 -12.578632 0.75026 0.17280 0.16115
vt 0.452894 0.767301
vn 0.000000 -0.000884 -1.000000
v 1.810142 -1.073101 -12.577980 0.75026 0.17280 0.16115
vt 0.453799 0.709534
vn 0.000000 -0.000884 -1.000000
f 730/730/730 731/731/731 732/732/732
v 0.000000 -1.073101 -12.577979 0.73818 0.17582 0.16719
vt 0.518201 0.710538
vn -0.000004 -0.000882 -1.000000
v 0.000000 -0.335481 -12.578630 0.73818 0.17582 0.16719
vt 0.517380 0.768316
vn -0.000004 -0.000882 -1.000000
v 0.663260 -0.335481 -12.578632 0.73818 0.17582 0.16719
vt 0.493742 0.767955
vn -0.000004 -0.000882 -1.000000
f 733/733/733 734/734/734 735/735/735
v 0.000000 -1.073101 -12.577979 0.73516 0.21507 0.19135
vt 0.518201 0.710538
vn -0.000002 -0.000884 -1.000000
v 0.663260 -0.335481 -12.578632 0.73516 0.21507 0.19135
vt 0.493742 0.767955
vn -0.000002 -0.000884 -1.000000
v 0.663457 -1.073101 -12.577980 0.73516 0.21507 0.19135
vt 0.494598 0.710181
vn -0.000002 -0.000884 -1.000000
f 736/736/736 737/737/737 738/738/738
v 2.450187 -3.218814 -10.557849 0.51775 0.29358 0.27288
vt 0.751094 0.375211
vn 0.895066 -0.445520 0.019205
v 2.462163 -3.218071 -11.098754 0.51775 0.29358 0.27288
vt 0.761223 0.375425
vn 0.895066 -0.445520 0.019205
v 2.756296 -2.623299 -11.009493 0.51775 0.29358 0.27288
vt 0.761290 0.405030
vn 0.895066 -0.445520 0.019205
f 739/739/739 740/740/740 741/741/741
v 2.450187 -3.218814 -10.557849 0.51775 0.29358 0.27288
vt 0.751094 0.375211
vn 0.892155 -0.451636 0.009169
v 2.756296 -2.623299 -11.009493 0.51775 0.29358 0.27288
vt 0.761290 0.405030
vn 0.892155 -0.451636 0.009169
v 2.747472 -2.626029 -10.285308 0.51775 0.29358 0.27288
vt 0.747437 0.404742
vn 0.892155 -0.451636 0.009169
f 742/742/742 743/743/743 744/744/744
v 2.441049 -3.219381 -10.145119 0.51775 0.29358 0.27288
vt 0.743287 0.375032
vn 0.737458 -0.675314 0.010304
v 1.947379 -3.760486 -10.276600 0.51775 0.29358 0.27288
vt 0.744368 0.346580
vn 0.737458 -0.675314 0.010304
v 1.951639 -3.760776 -10.600504 0.51775 0.29358 0.27288
vt 0.750340 0.346673
vn 0.737458 -0.675314 0.010304
f 745/745/745 746/746/746 747/747/747
v 2.441049 -3.219381 -10.145119 0.51775 0.29358 0.27288
vt 0.743287 0.375032
vn 0.735281 -0.677589 0.015348
v 1.951639 -3.760776 -10.600504 0.51775 0.29358 0.27288
vt 0.750340 0.346673
vn 0.735281 -0.677589 0.015348
v 2.450187 -3.218814 -10.557849 0.51775 0.29358 0.27288
vt 0.751094 0.375211
vn 0.735281 -0.677589 0.015348
f 748/748/748 749/749/749 750/750/750
v 1.810142 -1.072981 -8.885232 0.67477 0.27244 0.24268
vt 0.584844 0.650990
vn 0.000128 1.000000 0.000000
v 2.743449 -1.073101 -8.885232 0.67477 0.27244 0.24268
vt 0.582482 0.680334
vn 0.000128 1.000000 0.000000
v 2.743449 -1.073101 -10.150807 0.67477 0.27244 0.24268
vt 0.569754 0.679210
vn 0.000128 1.000000 0.000000
f 751/751/751 752/752/752 753/753/753
v 1.810142 -1.072981 -8.885232 0.70497 0.23621 0.22457
vt 0.584844 0.650990
vn 0.000085 1.000000 -0.000032
v 2.743449 -1.073101 -10.150807 0.70497 0.23621 0.22457
vt 0.569754 0.679210
vn 0.000085 1.000000 -0.000032
v 1.810142 -1.073022 -10.150807 0.70497 0.23621 0.22457
vt 0.572249 0.649877
vn 0.000085 1.000000 -0.000032
f 754/754/754 755/755/755 756/756/756
v 2.857529 -2.071768 -11.089316 0.51775 0.29358 0.27288
vt 0.760189 0.431882
vn 0.996704 -0.081122 0.000000
v 2.887266 -1.706397 -11.911049 0.51775 0.29358 0.27288
vt 0.772541 0.449940
vn 0.996704 -0.081122 0.000000
v 2.887266 -1.706397 -10.685567 0.51775 0.29358 0.27288
vt 0.750436 0.449604
vn 0.996704 -0.081122 0.000000
f 757/757/757 758/758/758 759/759/759
v 2.857529 -2.071768 -11.089316 0.51775 0.29358 0.27288
vt 0.760189 0.431882
vn 0.996604 -0.082340 0.001110
v 2.887266 -1.706397 -10.685567 0.51775 0.29358 0.27288
vt 0.750436 0.449604
vn 0.996604 -0.082340 0.001110
v 2.855873 -2.078952 -10.136011 0.51775 0.29358 0.27288
vt 0.742610 0.431341
vn 0.996604 -0.082340 0.001110
f 760/760/760 761/761/761 762/762/762
v 0.662630 1.692528 -9.985402 0.91030 0.91260 0.89190
vt 0.069942 0.825947
vn -0.000037 1.000000 -0.000026
v 1.251154 1.692550 -9.985402 0.91030 0.91260 0.89190
vt 0.050289 0.824848
vn -0.000037 1.000000 -0.000026
v 1.251154 1.692546 -10.153262 0.91030 0.91260 0.89190
vt 0.050389 0.823068
vn -0.000037 1.000000 -0.000026
f 763/763/763 764/764/764 765/765/765
v 0.662630 1.692528 -9.985402 0.91030 0.91260 0.89190
vt 0.069942 0.825947
vn -0.000034 1.000000 -0.000016
v 1.251154 1.692546 -10.153262 0.91030 0.91260 0.89190
vt 0.050389 0.823068
vn -0.000034 1.000000 -0.000016
v 0.662630 1.692526 -10.153262 0.91030 0.91260 0.89190
vt 0.070041 0.824169
vn -0.000034 1.000000 -0.000016
f 766/766/766 767/767/767 768/768/768
v 0.694260 -4.648040 -10.579948 0.67175 0.56233 0.55068
vt 0.748430 0.295272
vn 0.521037 -0.853534 -0.000971
v 0.689227 -4.649698 -11.823491 0.67175 0.56233 0.55068
vt 0.770979 0.295094
vn 0.521037 -0.853534 -0.000971
v 1.027949 -4.443088 -11.681824 0.67175 0.56233 0.55068
vt 0.768596 0.307624
vn 0.521037 -0.853534 -0.000971
f 769/769/769 770/770/770 771/771/771
v 0.694260 -4.648040 -10.579948 0.52681 0.28754 0.27288
vt 0.748430 0.295272
vn 0.521101 -0.853495 -0.000944
v 1.027949 -4.443088 -11.681824 0.52681 0.28754 0.27288
vt 0.768596 0.307624
vn 0.521101 -0.853495 -0.000944
v 1.033279 -4.441073 -10.561041 0.52681 0.28754 0.27288
vt 0.748282 0.307807
vn 0.521101 -0.853495 -0.000944
f 772/772/772 773/773/773 774/774/774
v 2.854518 -2.093161 -9.361726 0.51775 0.29358 0.27288
vt 0.728345 0.430526
vn 0.976445 -0.215478 0.011148
v 2.739086 -2.634187 -9.708523 0.51775 0.29358 0.27288
vt 0.736338 0.404218
vn 0.976445 -0.215478 0.011148
v 2.747472 -2.626029 -10.285308 0.51775 0.29358 0.27288
vt 0.747437 0.404742
vn 0.976445 -0.215478 0.011148
f 775/775/775 776/776/776 777/777/777
v 2.854518 -2.093161 -9.361726 0.51775 0.29358 0.27288
vt 0.728345 0.430526
vn 0.981023 -0.193885 -0.001840
v 2.747472 -2.626029 -10.285308 0.51775 0.29358 0.27288
vt 0.747437 0.404742
vn 0.981023 -0.193885 -0.001840
v 2.855873 -2.078952 -10.136011 0.51775 0.29358 0.27288
vt 0.742610 0.431341
vn 0.981023 -0.193885 -0.001840
f 778/778/778 779/779/779 780/780/780
v 2.887267 -1.073101 -9.982947 0.51775 0.29358 0.27288
vt 0.734733 0.480187
vn 1.000000 -0.000001 -0.000000
v 2.887266 -1.706397 -9.750483 0.51775 0.29358 0.27288
vt 0.733582 0.449406
vn 1.000000 -0.000001 -0.000000
v 2.887266 -1.706397 -10.685567 0.51775 0.29358 0.27288
vt 0.750436 0.449604
vn 1.000000 -0.000001 -0.000000
f 781/781/781 782/782/782 783/783/783
v 2.887267 -1.073101 -9.982947 0.52077 0.29660 0.27590
vt 0.734733 0.480187
vn 1.000000 -0.000001 0.000000
v 2.887266 -1.706397 -10.685567 0.52077 0.29660 0.27590
vt 0.750436 0.449604
vn 1.000000 -0.000001 0.000000
v 2.887267 -1.073101 -10.150807 0.52077 0.29660 0.27590
vt 0.737269 0.480178
vn 1.000000 -0.000001 0.000000
f 784/784/784 785/785/785 786/786/786
v 1.810142 -1.073097 -12.457706 0.17050 0.27546 0.34535
vt 0.388142 0.511380
vn 1.000000 0.000268 -0.000000
v 1.809944 -0.335477 -12.458356 0.17050 0.27546 0.34535
vt 0.391999 0.579442
vn 1.000000 0.000268 -0.000000
v 1.809944 -0.335402 -10.151458 0.17050 0.27546 0.34535
vt 0.361341 0.581124
vn 1.000000 0.000268 -0.000000
f 787/787/787 788/788/788 789/789/789
v 1.810142 -1.073097 -12.457706 0.52077 0.28754 0.27892
vt 0.388142 0.511380
vn 1.000000 0.000268 -0.000000
v 1.809944 -0.335402 -10.151458 0.52077 0.28754 0.27892
vt 0.361341 0.581124
vn 1.000000 0.000268 -0.000000
v 1.810142 -1.073022 -10.150807 0.52077 0.28754 0.27892
vt 0.357472 0.513089
vn 1.000000 0.000268 -0.000000
f 790/790/790 791/791/791 792/792/792
v 1.251580 0.424868 -6.358969 0.16144 0.26640 0.33327
vt 0.840045 0.831354
vn -0.000000 0.001488 0.999999
v 1.251385 0.735350 -6.359431 0.16144 0.26640 0.33327
vt 0.839829 0.855672
vn -0.000000 0.001488 0.999999
v 0.662861 0.735299 -6.359431 0.16144 0.26640 0.33327
vt 0.818863 0.855490
vn -0.000000 0.001488 0.999999
f 793/793/793 794/794/794 795/795/795
v 1.251580 0.424868 -6.358969 0.14634 0.26640 0.33629
vt 0.840045 0.831354
vn -0.000000 0.001488 0.999999
v 0.662861 0.735299 -6.359431 0.14634 0.26640 0.33629
vt 0.818863 0.855490
vn -0.000000 0.001488 0.999999
v 0.663056 0.424816 -6.358969 0.14634 0.26640 0.33629
vt 0.819081 0.831170
vn -0.000000 0.001488 0.999999
f 796/796/796 797/797/797 798/798/798
v 2.916642 0.424987 -6.515414 0.16446 0.26942 0.33025
vt 0.901201 0.831861
vn 1.000000 0.000627 -0.000000
v 2.916447 0.735469 -6.515876 0.16446 0.26942 0.33025
vt 0.900990 0.856180
vn 1.000000 0.000627 -0.000000
v 2.916447 0.735474 -6.359431 0.16446 0.26942 0.33025
vt 0.899183 0.856172
vn 1.000000 0.000627 -0.000000
f 799/799/799 800/800/800 801/801/801
v 2.916642 0.424987 -6.515414 0.16144 0.26640 0.33327
vt 0.901201 0.831861
vn 1.000000 0.000627 -0.000000
v 2.916447 0.735474 -6.359431 0.16144 0.26640 0.33327
vt 0.899183 0.856172
vn 1.000000 0.000627 -0.000000
v 2.916642 0.424991 -6.358969 0.16144 0.26640 0.33327
vt 0.899394 0.831851
vn 1.000000 0.000627 -0.000000
f 802/802/802 803/803/803 804/804/804
v 1.251580 0.424775 -10.152131 0.52077 0.29660 0.27590
vt 0.557744 0.963487
vn 0.000000 -0.001485 -0.999999
v 1.251386 0.735257 -10.152592 0.52077 0.29660 0.27590
vt 0.557672 0.942159
vn 0.000000 -0.001485 -0.999999
v 1.809546 0.735276 -10.152592 0.52077 0.29660 0.27590
vt 0.575088 0.942104
vn 0.000000 -0.001485 -0.999999
f 805/805/805 806/806/806 807/807/807
v 1.251580 0.424775 -10.152131 0.40301 0.29056 0.30308
vt 0.557744 0.963487
vn 0.000000 -0.001485 -0.999999
v 1.809546 0.735276 -10.152592 0.40301 0.29056 0.30308
vt 0.575088 0.942104
vn 0.000000 -0.001485 -0.999999
v 1.809740 0.424794 -10.152131 0.40301 0.29056 0.30308
vt 0.575160 0.963431
vn 0.000000 -0.001485 -0.999999
f 808/808/808 809/809/809 810/810/810
v 0.000000 0.424716 -10.152131 0.51775 0.29056 0.27892
vt 0.518692 0.963612
vn 0.000000 -0.001485 -0.999999
v 0.000000 0.735198 -10.152592 0.51775 0.29056 0.27892
vt 0.518626 0.942283
vn 0.000000 -0.001485 -0.999999
v 0.662861 0.735237 -10.152592 0.51775 0.29056 0.27892
vt 0.539309 0.942217
vn 0.000000 -0.001485 -0.999999
f 811/811/811 812/812/812 813/813/813
v 0.000000 0.424716 -10.152131 0.40301 0.27546 0.29100
vt 0.518692 0.963612
vn 0.000000 -0.001485 -0.999999
v 0.662861 0.735237 -10.152592 0.40301 0.27546 0.29100
vt 0.539309 0.942217
vn 0.000000 -0.001485 -0.999999
v 0.663056 0.424754 -10.152131 0.40301 0.27546 0.29100
vt 0.539381 0.963545
vn 0.000000 -0.001485 -0.999999
f 814/814/814 815/815/815 816/816/816
v 2.429482 -3.220099 -9.622696 0.51775 0.29358 0.27288
vt 0.733490 0.374849
vn 0.885138 -0.464942 0.018958
v 2.441049 -3.219381 -10.145119 0.51775 0.29358 0.27288
vt 0.743287 0.375032
vn 0.885138 -0.464942 0.018958
v 2.739086 -2.634187 -9.708523 0.51775 0.29358 0.27288
vt 0.736338 0.404218
vn 0.885138 -0.464942 0.018958
f 817/817/817 818/818/818 819/819/819
v 2.429482 -3.220099 -9.622696 0.51775 0.29358 0.27288
vt 0.733490 0.374849
vn 0.884514 -0.466472 0.006262
v 2.739086 -2.634187 -9.708523 0.51775 0.29358 0.27288
vt 0.736338 0.404218
vn 0.884514 -0.466472 0.006262
v 2.729676 -2.643341 -9.061359 0.51775 0.29358 0.27288
vt 0.724020 0.403650
vn 0.884514 -0.466472 0.006262
f 820/820/820 821/821/821 822/822/822
v 2.854518 -2.093161 -9.361726 0.51775 0.29358 0.27288
vt 0.728345 0.430526
vn 0.996543 -0.083070 0.001305
v 2.887266 -1.706397 -9.750483 0.51775 0.29358 0.27288
vt 0.733582 0.449406
vn 0.996543 -0.083070 0.001305
v 2.887136 -1.689756 -8.591204 0.51775 0.29358 0.27288
vt 0.712588 0.450012
vn 0.996543 -0.083070 0.001305
f 823/823/823 824/824/824 825/825/825
v 2.854518 -2.093161 -9.361726 0.51171 0.29358 0.27288
vt 0.728345 0.430526
vn 0.996709 -0.081065 0.000248
v 2.887136 -1.689756 -8.591204 0.51171 0.29358 0.27288
vt 0.712588 0.450012
vn 0.996709 -0.081065 0.000248
v 2.852997 -2.109103 -8.459357 0.51171 0.29358 0.27288
vt 0.711793 0.429630
vn 0.996709 -0.081065 0.000248
f 826/826/826 827/827/827 828/828/828
v 0.694626 -4.647921 -10.280879 0.52681 0.29056 0.26080
vt 0.743040 0.295264
vn 0.521569 -0.853209 -0.000514
v 1.033305 -4.440857 -10.330044 0.52681 0.29056 0.26080
vt 0.744109 0.307790
vn 0.521569 -0.853209 -0.000514
v 1.035584 -4.439848 -9.690624 0.52681 0.29056 0.26080
vt 0.732537 0.307832
vn 0.521569 -0.853209 -0.000514
f 829/829/829 830/830/830 831/831/831
v 0.694626 -4.647921 -10.280879 0.46038 0.27848 0.25174
vt 0.743040 0.295264
vn 0.521905 -0.853003 -0.000781
v 1.035584 -4.439848 -9.690624 0.46038 0.27848 0.25174
vt 0.732537 0.307832
vn 0.521905 -0.853003 -0.000781
v 0.697021 -4.647133 -9.541036 0.46038 0.27848 0.25174
vt 0.729654 0.295305
vn 0.521905 -0.853003 -0.000781
f 832/832/832 833/833/833 834/834/834
v 1.810142 -1.073022 -10.150807 0.15238 0.26338 0.33025
vt 0.357472 0.513089
vn 1.000000 0.000268 -0.000000
v 1.809944 -0.335402 -10.151458 0.15238 0.26338 0.33025
vt 0.361341 0.581124
vn 1.000000 0.000268 -0.000000
v 1.809944 -0.335361 -8.885885 0.15238 0.26338 0.33025
vt 0.344551 0.582084
vn 1.000000 0.000268 -0.000000
f 835/835/835 836/836/836 837/837/837
v 1.810142 -1.073022 -10.150807 0.16144 0.26942 0.31515
vt 0.357472 0.513089
vn 1.000000 0.000268 -0.000000
v 1.809944 -0.335361 -8.885885 0.16144 0.26942 0.31515
vt 0.344551 0.582084
vn 1.000000 0.000268 -0.000000
v 1.810142 -1.072981 -8.885232 0.16144 0.26942 0.31515
vt 0.340644 0.514050
vn 1.000000 0.000268 -0.000000
f 838/838/838 839/839/839 840/840/840
v 2.414832 -3.221008 -8.961015 0.51775 0.29358 0.27288
vt 0.721178 0.374651
vn 0.748336 -0.663298 0.005360
v 1.938710 -3.758514 -9.003374 0.51775 0.29358 0.27288
vt 0.721122 0.346504
vn 0.748336 -0.663298 0.005360
v 1.943039 -3.759782 -9.764682 0.51775 0.29358 0.27288
vt 0.734996 0.346523
vn 0.748336 -0.663298 0.005360
f 841/841/841 842/842/842 843/843/843
v 2.414832 -3.221008 -8.961015 0.51775 0.29358 0.27288
vt 0.721178 0.374651
vn 0.740678 -0.671682 0.015476
v 1.943039 -3.759782 -9.764682 0.51775 0.29358 0.27288
vt 0.734996 0.346523
vn 0.740678 -0.671682 0.015476
v 2.429482 -3.220099 -9.622696 0.51775 0.29358 0.27288
vt 0.733490 0.374849
vn 0.740678 -0.671682 0.015476
f 844/844/844 845/845/845 846/846/846
v 1.810142 -1.072904 -6.514090 0.72308 0.20601 0.20947
vt 0.608394 0.652884
vn 0.000211 1.000000 -0.000000
v 2.743449 -1.073101 -6.514090 0.72308 0.20601 0.20947
vt 0.606358 0.682251
vn 0.000211 1.000000 -0.000000
v 2.743449 -1.073101 -8.885232 0.72308 0.20601 0.20947
vt 0.582482 0.680334
vn 0.000211 1.000000 -0.000000
f 847/847/847 848/848/848 849/849/849
v 1.810142 -1.072904 -6.514090 0.70799 0.23621 0.21249
vt 0.608394 0.652884
vn 0.000128 1.000000 -0.000033
v 2.743449 -1.073101 -8.885232 0.70799 0.23621 0.21249
vt 0.582482 0.680334
vn 0.000128 1.000000 -0.000033
v 1.810142 -1.072981 -8.885232 0.70799 0.23621 0.21249
vt 0.584844 0.650990
vn 0.000128 1.000000 -0.000033
f 850/850/850 851/851/851 852/852/852
v 0.662209 3.142686 -6.373439 0.74120 0.22413 0.22759
vt 0.223876 0.834162
vn -0.000083 0.967169 -0.254135
v 1.250734 3.142736 -6.373439 0.74120 0.22413 0.22759
vt 0.202273 0.834141
vn -0.000083 0.967169 -0.254135
v 1.250734 2.488556 -8.863073 0.74120 0.22413 0.22759
vt 0.202551 0.774826
vn -0.000083 0.967169 -0.254135
f 853/853/853 854/854/854 855/855/855
v 0.662209 3.142686 -6.373439 0.67175 0.27244 0.22155
vt 0.223876 0.834162
vn -0.000049 0.967171 -0.254128
v 1.250734 2.488556 -8.863073 0.67175 0.27244 0.22155
vt 0.202551 0.774826
vn -0.000049 0.967171 -0.254128
v 0.662209 2.488525 -8.863074 0.67175 0.27244 0.22155
vt 0.224010 0.774801
vn -0.000049 0.967171 -0.254128
f 856/856/856 857/857/857 858/858/858
v 2.852997 -2.109103 -8.459357 0.51775 0.29358 0.27288
vt 0.711793 0.429630
vn 0.972460 -0.233051 -0.003062
v 2.852363 -2.125460 -7.415800 0.51775 0.29358 0.27288
vt 0.692717 0.428738
vn 0.972460 -0.233051 -0.003062
v 2.723215 -2.653332 -8.254926 0.51775 0.29358 0.27288
vt 0.708882 0.403068
vn 0.972460 -0.233051 -0.003062
f 859/859/859 860/860/860 861/861/861
v 2.852997 -2.109103 -8.459357 0.51775 0.29358 0.26684
vt 0.711793 0.429630
vn 0.973130 -0.230203 0.004944
v 2.723215 -2.653332 -8.254926 0.51775 0.29358 0.26684
vt 0.708882 0.403068
vn 0.973130 -0.230203 0.004944
v 2.729676 -2.643341 -9.061359 0.51775 0.29358 0.26684
vt 0.724020 0.403650
vn 0.973130 -0.230203 0.004944
f 862/862/862 863/863/863 864/864/864
v 2.887267 -1.073101 -6.514090 0.45736 0.26640 0.25476
vt 0.673044 0.479580
vn 1.000000 -0.000530 0.000094
v 2.887006 -1.673115 -7.116421 0.45736 0.26640 0.25476
vt 0.685888 0.450609
vn 1.000000 -0.000530 0.000094
v 2.887136 -1.689756 -8.591204 0.45736 0.26640 0.25476
vt 0.712588 0.450012
vn 1.000000 -0.000530 0.000094
f 865/865/865 866/866/866 867/867/867
v 2.887267 -1.073101 -6.514090 0.51473 0.28754 0.27590
vt 0.673044 0.479580
vn 1.000000 -0.000212 -0.000000
v 2.887136 -1.689756 -8.591204 0.51473 0.28754 0.27590
vt 0.712588 0.450012
vn 1.000000 -0.000212 -0.000000
v 2.887267 -1.073101 -8.885232 0.51473 0.28754 0.27590
vt 0.715364 0.479997
vn 1.000000 -0.000212 -0.000000
f 868/868/868 869/869/869 870/870/870
v 2.916642 0.424874 -9.984271 0.17050 0.28150 0.34233
vt 0.940465 0.832191
vn 1.000000 0.000627 -0.000000
v 2.916447 0.735355 -9.984732 0.17050 0.28150 0.34233
vt 0.940259 0.856510
vn 1.000000 0.000627 -0.000000
v 2.916447 0.735391 -8.887020 0.17050 0.28150 0.34233
vt 0.927804 0.856403
vn 1.000000 0.000627 -0.000000
f 871/871/871 872/872/872 873/873/873
v 2.916642 0.424874 -9.984271 0.15238 0.26338 0.33025
vt 0.940465 0.832191
vn 1.000000 0.000627 -0.000000
v 2.916447 0.735391 -8.887020 0.15238 0.26338 0.33025
vt 0.927804 0.856403
vn 1.000000 0.000627 -0.000000
v 2.916642 0.424908 -8.886557 0.15238 0.26338 0.33025
vt 0.928013 0.832084
vn 1.000000 0.000627 -0.000000
f 874/874/874 875/875/875 876/876/876
v 2.414832 -3.221008 -8.961015 0.51775 0.29358 0.27288
vt 0.721178 0.374651
vn 0.879268 -0.475956 0.018813
v 2.429482 -3.220099 -9.622696 0.51775 0.29358 0.27288
vt 0.733490 0.374849
vn 0.879268 -0.475956 0.018813
v 2.729676 -2.643341 -9.061359 0.51775 0.29358 0.27288
vt 0.724020 0.403650
vn 0.879268 -0.475956 0.018813
f 877/877/877 878/878/878 879/879/879
v 2.414832 -3.221008 -8.961015 0.51775 0.29358 0.27288
vt 0.721178 0.374651
vn 0.878134 -0.478414 0.001108
v 2.729676 -2.643341 -9.061359 0.51775 0.29358 0.27288
vt 0.724020 0.403650
vn 0.878134 -0.478414 0.001108
v 2.723215 -2.653332 -8.254926 0.51775 0.29358 0.27288
vt 0.708882 0.403068
vn 0.878134 -0.478414 0.001108
f 880/880/880 881/881/881 882/882/882
v 2.852997 -2.109103 -8.459357 0.51775 0.29358 0.27288
vt 0.711793 0.429630
vn 0.996727 -0.080830 0.001000
v 2.887136 -1.689756 -8.591204 0.51775 0.29358 0.27288
vt 0.712588 0.450012
vn 0.996727 -0.080830 0.001000
v 2.887006 -1.673115 -7.116421 0.51775 0.29358 0.27288
vt 0.685888 0.450609
vn 0.996727 -0.080830 0.001000
f 883/883/883 884/884/884 885/885/885
v 2.852997 -2.109103 -8.459357 0.51775 0.29358 0.27288
vt 0.711793 0.429630
vn 0.997109 -0.075976 -0.000585
v 2.887006 -1.673115 -7.116421 0.51775 0.29358 0.27288
vt 0.685888 0.450609
vn 0.997109 -0.075976 -0.000585
v 2.852363 -2.125460 -7.415800 0.51775 0.29358 0.27288
vt 0.692717 0.428738
vn 0.997109 -0.075976 -0.000585
f 886/886/886 887/887/887 888/888/888
v 0.697021 -4.647133 -9.541036 0.48755 0.30868 0.27288
vt 0.729654 0.295305
vn 0.521881 -0.853018 -0.000856
v 1.035584 -4.439848 -9.690624 0.48755 0.30868 0.27288
vt 0.732537 0.307832
vn 0.521881 -0.853018 -0.000856
v 1.040960 -4.437758 -8.496274 0.48755 0.30868 0.27288
vt 0.710911 0.307954
vn 0.521881 -0.853018 -0.000856
f 889/889/889 890/890/890 891/891/891
v 0.697021 -4.647133 -9.541036 0.52077 0.29358 0.28194
vt 0.729654 0.295305
vn 0.522051 -0.852914 -0.000933
v 1.040960 -4.437758 -8.496274 0.52077 0.29358 0.28194
vt 0.710911 0.307954
vn 0.522051 -0.852914 -0.000933
v 0.702195 -4.645429 -8.203717 0.52077 0.29358 0.28194
vt 0.705402 0.295405
vn 0.522051 -0.852914 -0.000933
f 892/892/892 893/893/893 894/894/894
v 1.810142 -1.072981 -8.885232 0.14634 0.26640 0.33629
vt 0.340644 0.514050
vn 1.000000 0.000268 -0.000000
v 1.809944 -0.335361 -8.885885 0.14634 0.26640 0.33629
vt 0.344551 0.582084
vn 1.000000 0.000268 -0.000000
v 1.809944 -0.335284 -6.514742 0.14634 0.26640 0.33629
vt 0.313044 0.583956
vn 1.000000 0.000268 -0.000000
f 895/895/895 896/896/896 897/897/897
v 1.810142 -1.072981 -8.885232 0.18861 0.28754 0.35139
vt 0.340644 0.514050
vn 1.000000 0.000268 -0.000000
v 1.809944 -0.335284 -6.514742 0.18861 0.28754 0.35139
vt 0.313044 0.583956
vn 1.000000 0.000268 -0.000000
v 1.810142 -1.072904 -6.514090 0.18861 0.28754 0.35139
vt 0.309123 0.515899
vn 1.000000 0.000268 -0.000000
f 898/898/898 899/899/899 900/900/900
v 2.916642 0.424908 -8.886557 0.15540 0.26942 0.32723
vt 0.928013 0.832084
vn 1.000000 0.000627 -0.000000
v 2.916447 0.735391 -8.887020 0.15540 0.26942 0.32723
vt 0.927804 0.856403
vn 1.000000 0.000627 -0.000000
v 2.916447 0.735469 -6.515876 0.15540 0.26942 0.32723
vt 0.900990 0.856180
vn 1.000000 0.000627 -0.000000
f 901/901/901 902/902/902 903/903/903
v 2.916642 0.424908 -8.886557 0.15540 0.26036 0.33025
vt 0.928013 0.832084
vn 1.000000 0.000627 -0.000000
v 2.916447 0.735469 -6.515876 0.15540 0.26036 0.33025
vt 0.900990 0.856180
vn 1.000000 0.000627 -0.000000
v 2.916642 0.424987 -6.515414 0.15540 0.26036 0.33025
vt 0.901201 0.831861
vn 1.000000 0.000627 -0.000000
f 904/904/904 905/905/905 906/906/906
v 2.424177 -3.226208 -7.817212 0.51775 0.29358 0.27288
vt 0.700159 0.374449
vn 0.748587 -0.662977 -0.008859
v 1.945366 -3.762909 -8.112080 0.51775 0.29358 0.27288
vt 0.704889 0.346338
vn 0.748587 -0.662977 -0.008859
v 1.938710 -3.758514 -9.003374 0.51775 0.29358 0.27288
vt 0.721122 0.346504
vn 0.748587 -0.662977 -0.008859
f 907/907/907 908/908/908 909/909/909
v 2.424177 -3.226208 -7.817212 0.51775 0.29358 0.27288
vt 0.700159 0.374449
vn 0.748882 -0.662640 -0.009131
v 1.938710 -3.758514 -9.003374 0.51775 0.29358 0.27288
vt 0.721122 0.346504
vn 0.748882 -0.662640 -0.009131
v 2.414832 -3.221008 -8.961015 0.51775 0.29358 0.27288
vt 0.721178 0.374651
vn 0.748882 -0.662640 -0.009131
f 910/910/910 911/911/911 912/912/912
v 1.810142 -1.072898 -6.357646 0.71705 0.23017 0.21853
vt 0.609778 0.653071
vn 0.000217 1.000000 0.000000
v 2.743449 -1.073101 -6.357646 0.71705 0.23017 0.21853
vt 0.608214 0.682438
vn 0.000217 1.000000 0.000000
v 2.743449 -1.073101 -6.514090 0.71705 0.23017 0.21853
vt 0.606358 0.682251
vn 0.000217 1.000000 0.000000
f 913/913/913 914/914/914 915/915/915
v 1.810142 -1.072898 -6.357646 0.69289 0.25131 0.21551
vt 0.609778 0.653071
vn 0.000211 1.000000 -0.000034
v 2.743449 -1.073101 -6.514090 0.69289 0.25131 0.21551
vt 0.606358 0.682251
vn 0.000211 1.000000 -0.000034
v 1.810142 -1.072904 -6.514090 0.69289 0.25131 0.21551
vt 0.608394 0.652884
vn 0.000211 1.000000 -0.000034
f 916/916/916 917/917/917 918/918/918
v 2.852363 -2.125460 -7.415800 0.57210 0.42644 0.39970
vt 0.692717 0.428738
vn 0.974183 -0.225645 -0.007235
v 2.855003 -2.140353 -6.595739 0.57210 0.42644 0.39970
vt 0.677719 0.427995
vn 0.974183 -0.225645 -0.007235
v 2.730115 -2.661989 -7.143056 0.57210 0.42644 0.39970
vt 0.688262 0.402632
vn 0.974183 -0.225645 -0.007235
f 919/919/919 920/920/920 921/921/921
v 2.852363 -2.125460 -7.415800 0.51775 0.29358 0.27288
vt 0.692717 0.428738
vn 0.974115 -0.225919 -0.007803
v 2.730115 -2.661989 -7.143056 0.51775 0.29358 0.27288
vt 0.688262 0.402632
vn 0.974115 -0.225919 -0.007803
v 2.723215 -2.653332 -8.254926 0.51775 0.29358 0.27288
vt 0.708882 0.403068
vn 0.974115 -0.225919 -0.007803
f 922/922/922 923/923/923 924/924/924
v 2.887267 -1.073101 -6.514090 0.91030 0.91260 0.89190
vt 0.673044 0.479580
vn 1.000000 -0.000206 0.000000
v 2.887267 -1.073101 -6.357646 0.91030 0.91260 0.89190
vt 0.671033 0.479614
vn 1.000000 -0.000206 0.000000
v 2.887136 -1.706752 -6.343089 0.91030 0.91260 0.89190
vt 0.672042 0.448939
vn 1.000000 -0.000206 0.000000
f 925/925/925 926/926/926 927/927/927
v 2.887267 -1.073101 -6.514090 0.91030 0.91260 0.89190
vt 0.673044 0.479580
vn 1.000000 -0.000255 -0.000180
v 2.887136 -1.706752 -6.343089 0.91030 0.91260 0.89190
vt 0.672042 0.448939
vn 1.000000 -0.000255 -0.000180
v 2.887006 -1.673115 -7.116421 0.91030 0.91260 0.89190
vt 0.685888 0.450609
vn 1.000000 -0.000255 -0.000180
f 928/928/928 929/929/929 930/930/930
v 0.662695 1.390951 -6.359826 0.20975 0.27848 0.34535
vt 0.818407 0.906850
vn -0.000000 0.000602 1.000000
v 0.000000 1.390853 -6.359826 0.20975 0.27848 0.34535
vt 0.794802 0.906635
vn -0.000000 0.000602 1.000000
v 0.000000 0.735200 -6.359431 0.20975 0.27848 0.34535
vt 0.795252 0.855276
vn -0.000000 0.000602 1.000000
f 931/931/931 932/932/932 933/933/933
v 0.662695 1.390951 -6.359826 0.14936 0.27244 0.32723
vt 0.818407 0.906850
vn -0.000000 0.000602 1.000000
v 0.000000 0.735200 -6.359431 0.14936 0.27244 0.32723
vt 0.795252 0.855276
vn -0.000000 0.000602 1.000000
v 0.662861 0.735299 -6.359431 0.14936 0.27244 0.32723
vt 0.818863 0.855490
vn -0.000000 0.000602 1.000000
f 934/934/934 935/935/935 936/936/936
v 1.809380 1.391052 -6.359826 0.18861 0.27546 0.33629
vt 0.859261 0.907203
vn -0.000000 0.000602 1.000000
v 1.251220 1.391002 -6.359826 0.18861 0.27546 0.33629
vt 0.839372 0.907032
vn -0.000000 0.000602 1.000000
v 1.251385 0.735350 -6.359431 0.18861 0.27546 0.33629
vt 0.839829 0.855672
vn -0.000000 0.000602 1.000000
f 937/937/937 938/938/938 939/939/939
v 1.809380 1.391052 -6.359826 0.16748 0.26036 0.31817
vt 0.859261 0.907203
vn -0.000000 0.000602 1.000000
v 1.251385 0.735350 -6.359431 0.16748 0.26036 0.31817
vt 0.839829 0.855672
vn -0.000000 0.000602 1.000000
v 1.809546 0.735399 -6.359431 0.16748 0.26036 0.31817
vt 0.859722 0.855843
vn -0.000000 0.000602 1.000000
f 940/940/940 941/941/941 942/942/942
v 2.916281 1.391122 -6.516271 0.19163 0.27848 0.33931
vt 0.900496 0.907539
vn 1.000000 0.000254 -0.000000
v 2.916281 1.391127 -6.359826 0.19163 0.27848 0.33931
vt 0.898702 0.907530
vn 1.000000 0.000254 -0.000000
v 2.916447 0.735474 -6.359431 0.19163 0.27848 0.33931
vt 0.899183 0.856172
vn 1.000000 0.000254 -0.000000
f 943/943/943 944/944/944 945/945/945
v 2.916281 1.391122 -6.516271 0.16446 0.25433 0.32119
vt 0.900496 0.907539
vn 1.000000 0.000254 -0.000000
v 2.916447 0.735474 -6.359431 0.16446 0.25433 0.32119
vt 0.899183 0.856172
vn 1.000000 0.000254 -0.000000
v 2.916447 0.735469 -6.515876 0.16446 0.25433 0.32119
vt 0.900990 0.856180
vn 1.000000 0.000254 -0.000000
f 946/946/946 947/947/947 948/948/948
v 0.662695 1.390890 -10.152986 0.30940 0.29358 0.34233
vt 0.539164 0.897177
vn 0.000000 -0.000600 -1.000000
v 1.251220 1.390910 -10.152986 0.30940 0.29358 0.34233
vt 0.557528 0.897119
vn 0.000000 -0.000600 -1.000000
v 1.251386 0.735257 -10.152592 0.30940 0.29358 0.34233
vt 0.557672 0.942159
vn 0.000000 -0.000600 -1.000000
f 949/949/949 950/950/950 951/951/951
v 0.662695 1.390890 -10.152986 0.50265 0.41135 0.38159
vt 0.539164 0.897177
vn 0.000000 -0.000600 -1.000000
v 1.251386 0.735257 -10.152592 0.50265 0.41135 0.38159
vt 0.557672 0.942159
vn 0.000000 -0.000600 -1.000000
v 0.662861 0.735237 -10.152592 0.50265 0.41135 0.38159
vt 0.539309 0.942217
vn 0.000000 -0.000600 -1.000000
f 952/952/952 953/953/953 954/954/954
v 2.916281 1.391003 -10.152986 0.15238 0.26338 0.33025
vt 0.941628 0.907912
vn 1.000000 0.000254 -0.000000
v 2.916281 1.391008 -9.985126 0.15238 0.26338 0.33025
vt 0.939731 0.907906
vn 1.000000 0.000254 -0.000000
v 2.916447 0.735355 -9.984732 0.15238 0.26338 0.33025
vt 0.940259 0.856510
vn 1.000000 0.000254 -0.000000
f 955/955/955 956/956/956 957/957/957
v 2.916281 1.391003 -10.152986 0.14332 0.26338 0.32723
vt 0.941628 0.907912
vn 1.000000 0.000254 -0.000000
v 2.916447 0.735355 -9.984732 0.14332 0.26338 0.32723
vt 0.940259 0.856510
vn 1.000000 0.000254 -0.000000
v 2.916447 0.735349 -10.152592 0.14332 0.26338 0.32723
vt 0.942169 0.856531
vn 1.000000 0.000254 -0.000000
f 958/958/958 959/959/959 960/960/960
v 2.916281 1.391044 -8.887413 0.24297 0.29962 0.36951
vt 0.927291 0.907790
vn 1.000000 0.000254 -0.000000
v 2.916281 1.391122 -6.516271 0.24297 0.29962 0.36951
vt 0.900496 0.907539
vn 1.000000 0.000254 -0.000000
v 2.916447 0.735469 -6.515876 0.24297 0.29962 0.36951
vt 0.900990 0.856180
vn 1.000000 0.000254 -0.000000
f 961/961/961 962/962/962 963/963/963
v 2.916281 1.391044 -8.887413 0.19465 0.29056 0.36045
vt 0.927291 0.907790
vn 1.000000 0.000254 -0.000000
v 2.916447 0.735469 -6.515876 0.19465 0.29056 0.36045
vt 0.900990 0.856180
vn 1.000000 0.000254 -0.000000
v 2.916447 0.735391 -8.887020 0.19465 0.29056 0.36045
vt 0.927804 0.856403
vn 1.000000 0.000254 -0.000000
f 964/964/964 965/965/965 966/966/966
v 0.663056 0.424816 -6.358969 0.51171 0.21507 0.22155
vt 0.819081 0.831170
vn -0.000000 0.000884 1.000000
v 0.000000 0.424718 -6.358969 0.51171 0.21507 0.22155
vt 0.795467 0.830956
vn -0.000000 0.000884 1.000000
v 0.000000 -0.335477 -6.358298 0.51171 0.21507 0.22155
vt 0.795999 0.771409
vn -0.000000 0.000884 1.000000
f 967/967/967 968/968/968 969/969/969
v 0.663056 0.424816 -6.358969 0.71101 0.18789 0.14606
vt 0.819081 0.831170
vn -0.000000 0.000884 1.000000
v 0.000000 -0.335477 -6.358298 0.71101 0.18789 0.14606
vt 0.795999 0.771409
vn -0.000000 0.000884 1.000000
v 0.663260 -0.335379 -6.358298 0.71101 0.18789 0.14606
vt 0.819607 0.771622
vn -0.000000 0.000884 1.000000
f 970/970/970 971/971/971 972/972/972
v 1.809740 0.424918 -6.358969 0.28524 0.24829 0.34233
vt 0.859935 0.831525
vn -0.000000 0.000884 1.000000
v 1.251580 0.424868 -6.358969 0.28524 0.24829 0.34233
vt 0.840045 0.831354
vn -0.000000 0.000884 1.000000
v 1.251784 -0.335327 -6.358298 0.28524 0.24829 0.34233
vt 0.840559 0.771806
vn -0.000000 0.000884 1.000000
f 973/973/973 974/974/974 975/975/975
v 1.809740 0.424918 -6.358969 0.76234 0.15468 0.15512
vt 0.859935 0.831525
vn -0.000000 0.000884 1.000000
v 1.251784 -0.335327 -6.358298 0.76234 0.15468 0.15512
vt 0.840559 0.771806
vn -0.000000 0.000884 1.000000
v 1.809944 -0.335278 -6.358298 0.76234 0.15468 0.15512
vt 0.860433 0.771976
vn -0.000000 0.000884 1.000000
f 976/976/976 977/977/977 978/978/978
v 2.916642 0.424987 -6.515414 0.74120 0.16978 0.15814
vt 0.901201 0.831861
vn 1.000000 0.000268 -0.000000
v 2.916642 0.424991 -6.358969 0.74120 0.16978 0.15814
vt 0.899394 0.831851
vn 1.000000 0.000268 -0.000000
v 2.916846 -0.335204 -6.358298 0.74120 0.16978 0.15814
vt 0.899873 0.772309
vn 1.000000 0.000268 -0.000000
f 979/979/979 980/980/980 981/981/981
v 2.916642 0.424987 -6.515414 0.72308 0.20601 0.17021
vt 0.901201 0.831861
vn 1.000000 0.000268 -0.000000
v 2.916846 -0.335204 -6.358298 0.72308 0.20601 0.17021
vt 0.899873 0.772309
vn 1.000000 0.000268 -0.000000
v 2.916846 -0.335210 -6.514742 0.72308 0.20601 0.17021
vt 0.901664 0.772314
vn 1.000000 0.000268 -0.000000
f 982/982/982 983/983/983 984/984/984
v 0.663056 0.424715 -12.579305 0.60834 0.26640 0.25778
vt 0.492830 0.827502
vn 0.000000 -0.000885 -1.000000
v 1.251580 0.424715 -12.579305 0.60834 0.26640 0.25778
vt 0.471846 0.827156
vn 0.000000 -0.000885 -1.000000
v 1.251784 -0.335481 -12.578632 0.60834 0.26640 0.25778
vt 0.472773 0.767621
vn 0.000000 -0.000885 -1.000000
f 985/985/985 986/986/986 987/987/987
v 0.663056 0.424715 -12.579305 0.75630 0.17582 0.15814
vt 0.492830 0.827502
vn 0.000000 -0.000885 -1.000000
v 1.251784 -0.335481 -12.578632 0.75630 0.17582 0.15814
vt 0.472773 0.767621
vn 0.000000 -0.000885 -1.000000
v 0.663260 -0.335481 -12.578632 0.75630 0.17582 0.15814
vt 0.493742 0.767955
vn 0.000000 -0.000885 -1.000000
f 988/988/988 989/989/989 990/990/990
v 2.916642 0.424789 -12.579305 0.68987 0.23923 0.21249
vt 0.969782 0.832410
vn 1.000000 0.000268 -0.000000
v 2.916642 0.424793 -12.459030 0.68987 0.23923 0.21249
vt 0.968421 0.832400
vn 1.000000 0.000268 -0.000000
v 2.916846 -0.335403 -12.458356 0.68987 0.23923 0.21249
vt 0.968897 0.772851
vn 1.000000 0.000268 -0.000000
f 991/991/991 992/992/992 993/993/993
v 2.916642 0.424789 -12.579305 0.67175 0.26338 0.23061
vt 0.969782 0.832410
vn 1.000000 0.000268 -0.000000
v 2.916846 -0.335403 -12.458356 0.67175 0.26338 0.23061
vt 0.968897 0.772851
vn 1.000000 0.000268 -0.000000
v 2.916846 -0.335407 -12.578632 0.67175 0.26338 0.23061
vt 0.970257 0.772865
vn 1.000000 0.000268 -0.000000
f 994/994/994 995/995/995 996/996/996
v 2.916642 0.424868 -10.152131 0.73214 0.18789 0.18531
vt 0.942368 0.832198
vn 1.000000 0.000268 -0.000000
v 2.916642 0.424874 -9.984271 0.73214 0.18789 0.18531
vt 0.940465 0.832191
vn 1.000000 0.000268 -0.000000
v 2.916846 -0.335323 -9.983599 0.73214 0.18789 0.18531
vt 0.940932 0.772613
vn 1.000000 0.000268 -0.000000
f 997/997/997 998/998/998 999/999/999
v 2.916642 0.424868 -10.152131 0.68987 0.25735 0.21853
vt 0.942368 0.832198
vn 1.000000 0.000268 -0.000000
v 2.916846 -0.335323 -9.983599 0.68987 0.25735 0.21853
vt 0.940932 0.772613
vn 1.000000 0.000268 -0.000000
v 2.916846 -0.335328 -10.151458 0.68987 0.25735 0.21853
vt 0.942837 0.772644
vn 1.000000 0.000268 -0.000000
f 1000/1000/1000 1001/1001/1001 1002/1002/1002
v 2.916642 0.424908 -8.886557 0.74120 0.16978 0.15814
vt 0.928013 0.832084
vn 1.000000 0.000268 -0.000000
v 2.916642 0.424987 -6.515414 0.74120 0.16978 0.15814
vt 0.901201 0.831861
vn 1.000000 0.000268 -0.000000
v 2.916846 -0.335210 -6.514742 0.74120 0.16978 0.15814
vt 0.901664 0.772314
vn 1.000000 0.000268 -0.000000
f 1003/1003/1003 1004/1004/1004 1005/1005/1005
v 2.916642 0.424908 -8.886557 0.75328 0.17582 0.16417
vt 0.928013 0.832084
vn 1.000000 0.000268 -0.000000
v 2.916846 -0.335210 -6.514742 0.75328 0.17582 0.16417
vt 0.901664 0.772314
vn 1.000000 0.000268 -0.000000
v 2.916846 -0.335287 -8.885885 0.75328 0.17582 0.16417
vt 0.928484 0.772496
vn 1.000000 0.000268 -0.000000
f 1006/1006/1006 1007/1007/1007 1008/1008/1008
v 1.809691 0.726354 -12.459416 0.51775 0.29358 0.27288
vt 0.085413 0.602460
vn -0.000069 1.000000 -0.000033
v 2.759162 0.726420 -12.459416 0.51775 0.29358 0.27288
vt 0.062317 0.631074
vn -0.000069 1.000000 -0.000033
v 2.759162 0.726415 -12.579690 0.51775 0.29358 0.27288
vt 0.062202 0.629977
vn -0.000069 1.000000 -0.000033
f 1009/1009/1009 1010/1010/1010 1011/1011/1011
v 1.809691 0.726354 -12.459416 0.52077 0.29056 0.27288
vt 0.085413 0.602460
vn -0.000068 1.000000 -0.000028
v 2.759162 0.726415 -12.579690 0.52077 0.29056 0.27288
vt 0.062202 0.629977
vn -0.000068 1.000000 -0.000028
v 1.809691 0.726351 -12.579690 0.52077 0.29056 0.27288
vt 0.084303 0.601502
vn -0.000068 1.000000 -0.000028
f 1012/1012/1012 1013/1013/1013 1014/1014/1014
v 1.809546 0.735276 -10.152592 0.51473 0.29962 0.27590
vt 0.575088 0.942104
vn 0.000000 -0.001485 -0.999999
v 2.759018 0.735340 -10.152592 0.51473 0.29962 0.27590
vt 0.604715 0.942008
vn 0.000000 -0.001485 -0.999999
v 2.759211 0.424858 -10.152131 0.51473 0.29962 0.27590
vt 0.604787 0.963336
vn 0.000000 -0.001485 -0.999999
f 1015/1015/1015 1016/1016/1016 1017/1017/1017
v 1.809546 0.735276 -10.152592 0.35771 0.27848 0.29402
vt 0.575088 0.942104
vn 0.000000 -0.001485 -0.999999
v 2.759211 0.424858 -10.152131 0.35771 0.27848 0.29402
vt 0.604787 0.963336
vn 0.000000 -0.001485 -0.999999
v 1.809740 0.424794 -10.152131 0.35771 0.27848 0.29402
vt 0.575160 0.963431
vn 0.000000 -0.001485 -0.999999
f 1018/1018/1018 1019/1019/1019 1020/1020/1020
v 1.809380 1.390929 -10.152986 0.22787 0.29660 0.33025
vt 0.574944 0.897064
vn 0.000000 -0.000600 -1.000000
v 2.758852 1.390994 -10.152986 0.22787 0.29660 0.33025
vt 0.604571 0.896969
vn 0.000000 -0.000600 -1.000000
v 2.759018 0.735340 -10.152592 0.22787 0.29660 0.33025
vt 0.604715 0.942008
vn 0.000000 -0.000600 -1.000000
f 1021/1021/1021 1022/1022/1022 1023/1023/1023
v 1.809380 1.390929 -10.152986 0.39999 0.31170 0.33327
vt 0.574944 0.897064
vn 0.000000 -0.000600 -1.000000
v 2.759018 0.735340 -10.152592 0.39999 0.31170 0.33327
vt 0.604715 0.942008
vn 0.000000 -0.000600 -1.000000
v 1.809546 0.735276 -10.152592 0.39999 0.31170 0.33327
vt 0.575088 0.942104
vn 0.000000 -0.000600 -1.000000
f 1024/1024/1024 1025/1025/1025 1026/1026/1026
v 1.809380 1.390935 -9.985126 0.20673 0.27244 0.29402
vt 0.574940 0.895403
vn -0.000068 1.000000 -0.000032
v 2.758852 1.390999 -9.985126 0.20673 0.27244 0.29402
vt 0.604566 0.895308
vn -0.000068 1.000000 -0.000032
v 2.758852 1.390994 -10.152986 0.20673 0.27244 0.29402
vt 0.604571 0.896969
vn -0.000068 1.000000 -0.000032
f 1027/1027/1027 1028/1028/1028 1029/1029/1029
v 1.809380 1.390935 -9.985126 0.88312 0.91260 0.89190
vt 0.574940 0.895403
vn -0.000068 1.000000 -0.000032
v 2.758852 1.390994 -10.152986 0.88312 0.91260 0.89190
vt 0.604571 0.896969
vn -0.000068 1.000000 -0.000032
v 1.809380 1.390929 -10.152986 0.88312 0.91260 0.89190
vt 0.574944 0.897064
vn -0.000068 1.000000 -0.000032
f 1030/1030/1030 1031/1031/1031 1032/1032/1032
v 1.809380 1.391047 -6.516271 0.69289 0.76464 0.78017
vt 0.574828 0.861055
vn -0.000068 1.000000 -0.000033
v 2.758852 1.391111 -6.516271 0.69289 0.76464 0.78017
vt 0.604455 0.860960
vn -0.000068 1.000000 -0.000033
v 2.758852 1.391033 -8.887413 0.69289 0.76464 0.78017
vt 0.604531 0.884439
vn -0.000068 1.000000 -0.000033
f 1033/1033/1033 1034/1034/1034 1035/1035/1035
v 1.809380 1.391047 -6.516271 0.43924 0.47174 0.50841
vt 0.574828 0.861055
vn -0.000066 1.000000 -0.000032
v 2.758852 1.391033 -8.887413 0.43924 0.47174 0.50841
vt 0.604531 0.884439
vn -0.000066 1.000000 -0.000032
v 1.809380 1.390970 -8.887413 0.43924 0.47174 0.50841
vt 0.574905 0.884534
vn -0.000066 1.000000 -0.000032
f 1036/1036/1036 1037/1037/1037 1038/1038/1038
v 1.809281 1.692688 -6.360303 0.91030 0.91260 0.89190
vt 0.098856 0.761247
vn -0.000068 1.000000 -0.000034
v 2.758753 1.692752 -6.360303 0.91030 0.91260 0.89190
vt 0.065388 0.747682
vn -0.000068 1.000000 -0.000034
v 2.758753 1.692747 -6.516747 0.91030 0.91260 0.89190
vt 0.064809 0.746472
vn -0.000068 1.000000 -0.000034
f 1039/1039/1039 1040/1040/1040 1041/1041/1041
v 1.809281 1.692688 -6.360303 0.91030 0.91260 0.89190
vt 0.098856 0.761247
vn -0.001407 0.999966 -0.008159
v 2.758753 1.692747 -6.516747 0.91030 0.91260 0.89190
vt 0.064809 0.746472
vn -0.001407 0.999966 -0.008159
v 1.809137 1.691411 -6.516776 0.91030 0.91260 0.89190
vt 0.098946 0.759453
vn -0.001407 0.999966 -0.008159
f 1042/1042/1042 1043/1043/1043 1044/1044/1044
v 2.049649 0.960920 -6.397745 0.16748 0.27546 0.32119
vt 0.868129 0.873590
vn -0.000000 0.001169 0.999999
v 2.518849 0.960936 -6.397745 0.16748 0.27546 0.32119
vt 0.884805 0.873733
vn -0.000000 0.001169 0.999999
v 2.518748 1.165594 -6.397984 0.16748 0.27546 0.32119
vt 0.884659 0.889744
vn -0.000000 0.001169 0.999999
f 1045/1045/1045 1046/1046/1046 1047/1047/1047
v 2.049649 0.960920 -6.397745 0.27316 0.31472 0.33629
vt 0.868129 0.873590
vn -0.000000 0.001169 0.999999
v 2.518748 1.165594 -6.397984 0.27316 0.31472 0.33629
vt 0.884659 0.889744
vn -0.000000 0.001169 0.999999
v 2.049548 1.165577 -6.397984 0.27316 0.31472 0.33629
vt 0.867984 0.889601
vn -0.000000 0.001169 0.999999
f 1048/1048/1048 1049/1049/1049 1050/1050/1050
v 1.809740 0.424918 -6.358969 0.16144 0.26640 0.33327
vt 0.859935 0.831525
vn -0.000000 0.001488 0.999999
v 2.759211 0.424981 -6.358969 0.16144 0.26640 0.33327
vt 0.893751 0.831808
vn -0.000000 0.001488 0.999999
v 2.759018 0.735463 -6.359431 0.16144 0.26640 0.33327
vt 0.893540 0.856129
vn -0.000000 0.001488 0.999999
f 1051/1051/1051 1052/1052/1052 1053/1053/1053
v 1.809740 0.424918 -6.358969 0.15540 0.26338 0.32421
vt 0.859935 0.831525
vn -0.000000 0.001488 0.999999
v 2.759018 0.735463 -6.359431 0.15540 0.26338 0.32421
vt 0.893540 0.856129
vn -0.000000 0.001488 0.999999
v 1.809546 0.735399 -6.359431 0.15540 0.26338 0.32421
vt 0.859722 0.855843
vn -0.000000 0.001488 0.999999
f 1054/1054/1054 1055/1055/1055 1056/1056/1056
v 2.050045 -0.084318 -6.396646 0.75026 0.16374 0.14304
vt 0.868835 0.791716
vn -0.000000 0.001721 0.999999
v 2.519245 -0.084301 -6.396646 0.75026 0.16374 0.14304
vt 0.885511 0.791854
vn -0.000000 0.001721 0.999999
v 2.519109 0.174019 -6.397091 0.75026 0.16374 0.14304
vt 0.885339 0.812069
vn -0.000000 0.001721 0.999999
f 1057/1057/1057 1058/1058/1058 1059/1059/1059
v 2.050045 -0.084318 -6.396646 0.75630 0.15468 0.14002
vt 0.868835 0.791716
vn -0.000000 0.001721 0.999999
v 2.519109 0.174019 -6.397091 0.75630 0.15468 0.14002
vt 0.885339 0.812069
vn -0.000000 0.001721 0.999999
v 2.049910 0.174003 -6.397091 0.75630 0.15468 0.14002
vt 0.868664 0.811931
vn -0.000000 0.001721 0.999999
f 1060/1060/1060 1061/1061/1061 1062/1062/1062
v 1.809944 -0.335284 -6.514742 0.17050 0.26338 0.28194
vt 0.313044 0.583956
vn 0.000065 -1.000000 0.000048
v 2.781151 -0.335221 -6.514742 0.17050 0.26338 0.28194
vt 0.315433 0.624531
vn 0.000065 -1.000000 0.000048
v 2.759415 -0.335215 -6.358298 0.17050 0.26338 0.28194
vt 0.313275 0.624199
vn 0.000065 -1.000000 0.000048
f 1063/1063/1063 1064/1064/1064 1065/1065/1065
v 1.809944 -0.335284 -6.514742 0.15540 0.26640 0.33327
vt 0.313044 0.583956
vn 0.000066 -1.000000 0.000039
v 2.759415 -0.335215 -6.358298 0.15540 0.26640 0.33327
vt 0.313275 0.624199
vn 0.000066 -1.000000 0.000039
v 1.809944 -0.335278 -6.358298 0.15540 0.26640 0.33327
vt 0.310970 0.584115
vn 0.000066 -1.000000 0.000039
f 1066/1066/1066 1067/1067/1067 1068/1068/1068
v 1.809944 -0.335361 -8.885885 0.75328 0.82503 0.83453
vt 0.344551 0.582084
vn 0.000064 -1.000000 0.000033
v 2.781151 -0.335298 -8.885885 0.75328 0.82503 0.83453
vt 0.346901 0.622738
vn 0.000064 -1.000000 0.000033
v 2.781151 -0.335221 -6.514742 0.75328 0.82503 0.83453
vt 0.315433 0.624531
vn 0.000064 -1.000000 0.000033
f 1069/1069/1069 1070/1070/1070 1071/1071/1071
v 1.809944 -0.335361 -8.885885 0.16144 0.26640 0.33327
vt 0.344551 0.582084
vn 0.000065 -1.000000 0.000032
v 2.781151 -0.335221 -6.514742 0.16144 0.26640 0.33327
vt 0.315433 0.624531
vn 0.000065 -1.000000 0.000032
v 1.809944 -0.335284 -6.514742 0.16144 0.26640 0.33327
vt 0.313044 0.583956
vn 0.000065 -1.000000 0.000032
f 1072/1072/1072 1073/1073/1073 1074/1074/1074
v 1.809944 -0.335402 -10.151458 0.16144 0.26640 0.33327
vt 0.361341 0.581124
vn 0.000064 -1.000000 0.000033
v 2.781151 -0.335340 -10.151458 0.16144 0.26640 0.33327
vt 0.363647 0.621777
vn 0.000064 -1.000000 0.000033
v 2.781151 -0.335298 -8.885885 0.16144 0.26640 0.33327
vt 0.346901 0.622738
vn 0.000064 -1.000000 0.000033
f 1075/1075/1075 1076/1076/1076 1077/1077/1077
v 1.809944 -0.335402 -10.151458 0.15540 0.26640 0.33327
vt 0.361341 0.581124
vn 0.000064 -1.000000 0.000032
v 2.781151 -0.335298 -8.885885 0.15540 0.26640 0.33327
vt 0.346901 0.622738
vn 0.000064 -1.000000 0.000032
v 1.809944 -0.335361 -8.885885 0.15540 0.26640 0.33327
vt 0.344551 0.582084
vn 0.000064 -1.000000 0.000032
f 1078/1078/1078 1079/1079/1079 1080/1080/1080
v 1.809944 -0.335477 -12.458356 0.16144 0.26036 0.32421
vt 0.391999 0.579442
vn 0.000065 -1.000000 0.000032
v 2.781151 -0.335414 -12.458356 0.16144 0.26036 0.32421
vt 0.394261 0.620029
vn 0.000065 -1.000000 0.000032
v 2.781151 -0.335340 -10.151458 0.16144 0.26036 0.32421
vt 0.363647 0.621777
vn 0.000065 -1.000000 0.000032
f 1081/1081/1081 1082/1082/1082 1083/1083/1083
v 1.809944 -0.335477 -12.458356 0.15238 0.26338 0.33025
vt 0.391999 0.579442
vn 0.000064 -1.000000 0.000032
v 2.781151 -0.335340 -10.151458 0.15238 0.26338 0.33025
vt 0.363647 0.621777
vn 0.000064 -1.000000 0.000032
v 1.809944 -0.335402 -10.151458 0.15238 0.26338 0.33025
vt 0.361341 0.581124
vn 0.000064 -1.000000 0.000032
f 1084/1084/1084 1085/1085/1085 1086/1086/1086
v 1.809740 0.424715 -12.579305 0.65061 0.25735 0.25476
vt 0.451960 0.826837
vn 0.000000 -0.000885 -1.000000
v 2.759211 0.424780 -12.579305 0.65061 0.25735 0.25476
vt 0.418166 0.826311
vn 0.000000 -0.000885 -1.000000
v 2.759415 -0.335418 -12.578632 0.65061 0.25735 0.25476
vt 0.419085 0.766765
vn 0.000000 -0.000885 -1.000000
f 1087/1087/1087 1088/1088/1088 1089/1089/1089
v 1.809740 0.424715 -12.579305 0.67175 0.24829 0.21249
vt 0.451960 0.826837
vn 0.000000 -0.000885 -1.000000
v 2.759415 -0.335418 -12.578632 0.67175 0.24829 0.21249
vt 0.419085 0.766765
vn 0.000000 -0.000885 -1.000000
v 1.809944 -0.335481 -12.578632 0.67175 0.24829 0.21249
vt 0.452894 0.767301
vn 0.000000 -0.000885 -1.000000
f 1090/1090/1090 1091/1091/1091 1092/1092/1092
v 2.916281 1.391003 -10.152986 0.46642 0.28754 0.28496
vt 0.026409 0.704993
vn 0.000000 -0.000600 -1.000000
v 2.916447 0.735349 -10.152592 0.46642 0.28754 0.28496
vt 0.040001 0.650616
vn 0.000000 -0.000600 -1.000000
v 2.759018 0.735340 -10.152592 0.46642 0.28754 0.28496
vt 0.045202 0.653143
vn 0.000000 -0.000600 -1.000000
f 1093/1093/1093 1094/1094/1094 1095/1095/1095
v 2.916281 1.391003 -10.152986 0.91030 0.91260 0.89190
vt 0.026409 0.704993
vn 0.000000 -0.000600 -1.000000
v 2.759018 0.735340 -10.152592 0.91030 0.91260 0.89190
vt 0.045202 0.653143
vn 0.000000 -0.000600 -1.000000
v 2.758852 1.390994 -10.152986 0.91030 0.91260 0.89190
vt 0.032410 0.706337
vn 0.000000 -0.000600 -1.000000
f 1096/1096/1096 1097/1097/1097 1098/1098/1098
v 2.916182 1.692680 -8.887890 0.91030 0.91260 0.89190
vt 0.035424 0.741320
vn -0.000060 1.000000 -0.000032
v 2.916182 1.692644 -9.985603 0.91030 0.91260 0.89190
vt 0.022429 0.734594
vn -0.000060 1.000000 -0.000032
v 2.758753 1.692635 -9.985603 0.91030 0.91260 0.89190
vt 0.026523 0.730782
vn -0.000060 1.000000 -0.000032
f 1099/1099/1099 1100/1100/1100 1101/1101/1101
v 2.916182 1.692680 -8.887890 0.91030 0.91260 0.89190
vt 0.035424 0.741320
vn -0.000068 1.000000 -0.000031
v 2.758753 1.692635 -9.985603 0.91030 0.91260 0.89190
vt 0.026523 0.730782
vn -0.000068 1.000000 -0.000031
v 2.758753 1.692669 -8.887890 0.91030 0.91260 0.89190
vt 0.038084 0.735754
vn -0.000068 1.000000 -0.000031
f 1102/1102/1102 1103/1103/1103 1104/1104/1104
v 2.916182 1.692758 -6.516747 0.91030 0.91260 0.89190
vt 0.062216 0.752250
vn -0.000068 1.000000 -0.000033
v 2.916182 1.692680 -8.887890 0.91030 0.91260 0.89190
vt 0.035424 0.741320
vn -0.000068 1.000000 -0.000033
v 2.758753 1.692669 -8.887890 0.91030 0.91260 0.89190
vt 0.038084 0.735754
vn -0.000068 1.000000 -0.000033
f 1105/1105/1105 1106/1106/1106 1107/1107/1107
v 2.916182 1.692758 -6.516747 0.91030 0.91260 0.89190
vt 0.062216 0.752250
vn -0.000070 1.000000 -0.000033
v 2.758753 1.692669 -8.887890 0.91030 0.91260 0.89190
vt 0.038084 0.735754
vn -0.000070 1.000000 -0.000033
v 2.758753 1.692747 -6.516747 0.91030 0.91260 0.89190
vt 0.064809 0.746472
vn -0.000070 1.000000 -0.000033
f 1108/1108/1108 1109/1109/1109 1110/1110/1110
v 2.916182 1.692762 -6.360303 0.91030 0.91260 0.89190
vt 0.063862 0.753013
vn -0.000070 1.000000 -0.000028
v 2.916182 1.692758 -6.516747 0.91030 0.91260 0.89190
vt 0.062216 0.752250
vn -0.000070 1.000000 -0.000028
v 2.758753 1.692747 -6.516747 0.91030 0.91260 0.89190
vt 0.064809 0.746472
vn -0.000070 1.000000 -0.000028
f 1111/1111/1111 1112/1112/1112 1113/1113/1113
v 2.916182 1.692762 -6.360303 0.91030 0.91260 0.89190
vt 0.063862 0.753013
vn -0.000064 1.000000 -0.000034
v 2.758753 1.692747 -6.516747 0.91030 0.91260 0.89190
vt 0.064809 0.746472
vn -0.000064 1.000000 -0.000034
v 2.758753 1.692752 -6.360303 0.91030 0.91260 0.89190
vt 0.065388 0.747682
vn -0.000064 1.000000 -0.000034
f 1114/1114/1114 1115/1115/1115 1116/1116/1116
v 2.916447 0.735474 -6.359431 0.18559 0.26942 0.33931
vt 0.899183 0.856172
vn -0.000000 0.000602 1.000000
v 2.916281 1.391127 -6.359826 0.18559 0.26942 0.33931
vt 0.898702 0.907530
vn -0.000000 0.000602 1.000000
v 2.758852 1.391117 -6.359826 0.18559 0.26942 0.33931
vt 0.893072 0.907488
vn -0.000000 0.000602 1.000000
f 1117/1117/1117 1118/1118/1118 1119/1119/1119
v 2.916447 0.735474 -6.359431 0.16144 0.26640 0.33327
vt 0.899183 0.856172
vn -0.000000 0.000602 1.000000
v 2.758852 1.391117 -6.359826 0.16144 0.26640 0.33327
vt 0.893072 0.907488
vn -0.000000 0.000602 1.000000
v 2.759018 0.735463 -6.359431 0.16144 0.26640 0.33327
vt 0.893540 0.856129
vn -0.000000 0.000602 1.000000
f 1120/1120/1120 1121/1121/1121 1122/1122/1122
v 2.916642 0.424991 -6.358969 0.16748 0.27244 0.33327
vt 0.899394 0.831851
vn -0.000000 0.001488 0.999999
v 2.916447 0.735474 -6.359431 0.16748 0.27244 0.33327
vt 0.899183 0.856172
vn -0.000000 0.001488 0.999999
v 2.759018 0.735463 -6.359431 0.16748 0.27244 0.33327
vt 0.893540 0.856129
vn -0.000000 0.001488 0.999999
f 1123/1123/1123 1124/1124/1124 1125/1125/1125
v 2.916642 0.424991 -6.358969 0.16446 0.26942 0.33629
vt 0.899394 0.831851
vn -0.000000 0.001488 0.999999
v 2.759018 0.735463 -6.359431 0.16446 0.26942 0.33629
vt 0.893540 0.856129
vn -0.000000 0.001488 0.999999
v 2.759211 0.424981 -6.358969 0.16446 0.26942 0.33629
vt 0.893751 0.831808
vn -0.000000 0.001488 0.999999
f 1126/1126/1126 1127/1127/1127 1128/1128/1128
v 2.916846 -0.335204 -6.358298 0.74120 0.17280 0.15210
vt 0.899873 0.772309
vn -0.000000 0.000884 1.000000
v 2.916642 0.424991 -6.358969 0.74120 0.17280 0.15210
vt 0.899394 0.831851
vn -0.000000 0.000884 1.000000
v 2.759211 0.424981 -6.358969 0.74120 0.17280 0.15210
vt 0.893751 0.831808
vn -0.000000 0.000884 1.000000
f 1129/1129/1129 1130/1130/1130 1131/1131/1131
v 2.916846 -0.335204 -6.358298 0.73516 0.17582 0.14606
vt 0.899873 0.772309
vn -0.000000 0.000884 1.000000
v 2.759211 0.424981 -6.358969 0.73516 0.17582 0.14606
vt 0.893751 0.831808
vn -0.000000 0.000884 1.000000
v 2.759415 -0.335215 -6.358298 0.73516 0.17582 0.14606
vt 0.894248 0.772256
vn -0.000000 0.000884 1.000000
f 1132/1132/1132 1133/1133/1133 1134/1134/1134
v 2.916846 -0.335287 -8.885885 0.91030 0.91260 0.89190
vt 0.347268 0.628420
vn 0.000084 -1.000000 0.000033
v 2.916846 -0.335210 -6.514742 0.91030 0.91260 0.89190
vt 0.315732 0.630222
vn 0.000084 -1.000000 0.000033
v 2.781151 -0.335221 -6.514742 0.91030 0.91260 0.89190
vt 0.315433 0.624531
vn 0.000084 -1.000000 0.000033
f 1135/1135/1135 1136/1136/1136 1137/1137/1137
v 2.916846 -0.335287 -8.885885 0.90426 0.91260 0.89190
vt 0.347268 0.628420
vn 0.000084 -1.000000 0.000033
v 2.781151 -0.335221 -6.514742 0.90426 0.91260 0.89190
vt 0.315433 0.624531
vn 0.000084 -1.000000 0.000033
v 2.781151 -0.335298 -8.885885 0.90426 0.91260 0.89190
vt 0.346901 0.622738
vn 0.000084 -1.000000 0.000033
f 1138/1138/1138 1139/1139/1139 1140/1140/1140
v 2.916642 0.424789 -12.579305 0.75026 0.16072 0.14908
vt 0.412560 0.826225
vn 0.000000 -0.000885 -1.000000
v 2.916846 -0.335407 -12.578632 0.75026 0.16072 0.14908
vt 0.413477 0.766697
vn 0.000000 -0.000885 -1.000000
v 2.759415 -0.335418 -12.578632 0.75026 0.16072 0.14908
vt 0.419085 0.766765
vn 0.000000 -0.000885 -1.000000
f 1141/1141/1141 1142/1142/1142 1143/1143/1143
v 2.916642 0.424789 -12.579305 0.61136 0.24225 0.21853
vt 0.412560 0.826225
vn 0.000000 -0.000885 -1.000000
v 2.759415 -0.335418 -12.578632 0.61136 0.24225 0.21853
vt 0.419085 0.766765
vn 0.000000 -0.000885 -1.000000
v 2.759211 0.424780 -12.579305 0.61136 0.24225 0.21853
vt 0.418166 0.826311
vn 0.000000 -0.000885 -1.000000
f 1144/1144/1144 1145/1145/1145 1146/1146/1146
v 2.450187 -3.218814 -10.557849 0.51775 0.29358 0.27288
vt 0.751094 0.375211
vn 0.735780 -0.677205 0.004631
v 1.951639 -3.760776 -10.600504 0.51775 0.29358 0.27288
vt 0.750340 0.346673
vn 0.735780 -0.677205 0.004631
v 1.954739 -3.761953 -11.265286 0.51775 0.29358 0.27288
vt 0.762495 0.346673
vn 0.735780 -0.677205 0.004631
f 1147/1147/1147 1148/1148/1148 1149/1149/1149
v 2.450187 -3.218814 -10.557849 0.51775 0.29358 0.27288
vt 0.751094 0.375211
vn 0.728780 -0.684579 0.015195
v 1.954739 -3.761953 -11.265286 0.51775 0.29358 0.27288
vt 0.762495 0.346673
vn 0.728780 -0.684579 0.015195
v 2.462163 -3.218071 -11.098754 0.51775 0.29358 0.27288
vt 0.761223 0.375425
vn 0.728780 -0.684579 0.015195
f 1150/1150/1150 1151/1151/1151 1152/1152/1152
v 1.810142 -1.073022 -10.150807 0.75026 0.17582 0.14908
vt 0.572249 0.649877
vn 0.000085 1.000000 0.000000
v 2.743449 -1.073101 -10.150807 0.75026 0.17582 0.14908
vt 0.569754 0.679210
vn 0.000085 1.000000 0.000000
v 2.743449 -1.073101 -12.457706 0.75026 0.17582 0.14908
vt 0.546716 0.677188
vn 0.000085 1.000000 0.000000
f 1153/1153/1153 1154/1154/1154 1155/1155/1155
v 1.810142 -1.073022 -10.150807 0.75630 0.15468 0.14002
vt 0.572249 0.649877
vn 0.000004 1.000000 -0.000033
v 2.743449 -1.073101 -12.457706 0.75630 0.15468 0.14002
vt 0.546716 0.677188
vn 0.000004 1.000000 -0.000033
v 1.810142 -1.073097 -12.457706 0.75630 0.15468 0.14002
vt 0.549225 0.647857
vn 0.000004 1.000000 -0.000033
f 1156/1156/1156 1157/1157/1157 1158/1158/1158
v 0.663056 0.424754 -10.152131 0.15842 0.27244 0.33025
vt 0.539381 0.963545
vn -0.000035 1.000000 -0.000025
v 1.251580 0.424775 -10.152131 0.15842 0.27244 0.33025
vt 0.557744 0.963487
vn -0.000035 1.000000 -0.000025
v 1.251580 0.424718 -12.459030 0.15842 0.27244 0.33025
vt 0.557817 0.986330
vn -0.000035 1.000000 -0.000025
f 1159/1159/1159 1160/1160/1160 1161/1161/1161
v 0.663056 0.424754 -10.152131 0.14030 0.25735 0.31214
vt 0.539381 0.963545
vn -0.000002 1.000000 -0.000016
v 1.251580 0.424718 -12.459030 0.14030 0.25735 0.31214
vt 0.557817 0.986330
vn -0.000002 1.000000 -0.000016
v 0.663056 0.424716 -12.459030 0.14030 0.25735 0.31214
vt 0.539453 0.986389
vn -0.000002 1.000000 -0.000016
f 1162/1162/1162 1163/1163/1163 1164/1164/1164
v 2.855873 -2.078952 -10.136011 0.51775 0.29358 0.27288
vt 0.742610 0.431341
vn 0.980280 -0.197297 0.011201
v 2.747472 -2.626029 -10.285308 0.51775 0.29358 0.27288
vt 0.747437 0.404742
vn 0.980280 -0.197297 0.011201
v 2.756296 -2.623299 -11.009493 0.51775 0.29358 0.27288
vt 0.761290 0.405030
vn 0.980280 -0.197297 0.011201
f 1165/1165/1165 1166/1166/1166 1167/1167/1167
v 2.855873 -2.078952 -10.136011 0.51775 0.29358 0.27288
vt 0.742610 0.431341
vn 0.983578 -0.180484 0.000348
v 2.756296 -2.623299 -11.009493 0.51775 0.29358 0.27288
vt 0.761290 0.405030
vn 0.983578 -0.180484 0.000348
v 2.857529 -2.071768 -11.089316 0.51775 0.29358 0.27288
vt 0.760189 0.431882
vn 0.983578 -0.180484 0.000348
f 1168/1168/1168 1169/1169/1169 1170/1170/1170
v 2.887267 -1.073101 -10.150807 0.51775 0.29358 0.27288
vt 0.737269 0.480178
vn 1.000000 -0.000001 0.000000
v 2.887266 -1.706397 -10.685567 0.51775 0.29358 0.27288
vt 0.750436 0.449604
vn 1.000000 -0.000001 0.000000
v 2.887266 -1.706397 -11.911049 0.51775 0.29358 0.27288
vt 0.772541 0.449940
vn 1.000000 -0.000001 0.000000
f 1171/1171/1171 1172/1172/1172 1173/1173/1173
v 2.887267 -1.073101 -10.150807 0.52077 0.29358 0.28194
vt 0.737269 0.480178
vn 1.000000 -0.000001 -0.000000
v 2.887266 -1.706397 -11.911049 0.52077 0.29358 0.28194
vt 0.772541 0.449940
vn 1.000000 -0.000001 -0.000000
v 2.887267 -1.073101 -12.457706 0.52077 0.29358 0.28194
vt 0.778574 0.480857
vn 1.000000 -0.000001 -0.000000
f 1174/1174/1174 1175/1175/1175 1176/1176/1176
v 2.476428 -3.226315 -12.095413 0.51775 0.29358 0.27288
vt 0.779557 0.375189
vn 0.901170 -0.433385 0.008407
v 2.759197 -2.638290 -12.093280 0.51775 0.29358 0.27288
vt 0.781850 0.404490
vn 0.901170 -0.433385 0.008407
v 2.756296 -2.623299 -11.009493 0.51775 0.29358 0.27288
vt 0.761290 0.405030
vn 0.901170 -0.433385 0.008407
f 1177/1177/1177 1178/1178/1178 1179/1179/1179
v 2.476428 -3.226315 -12.095413 0.51775 0.29358 0.27288
vt 0.779557 0.375189
vn 0.895271 -0.445216 0.016497
v 2.756296 -2.623299 -11.009493 0.51775 0.29358 0.27288
vt 0.761290 0.405030
vn 0.895271 -0.445216 0.016497
v 2.462163 -3.218071 -11.098754 0.51775 0.29358 0.27288
vt 0.761223 0.375425
vn 0.895271 -0.445216 0.016497
f 1180/1180/1180 1181/1181/1181 1182/1182/1182
v 2.855884 -2.088065 -12.226620 0.51775 0.29358 0.27288
vt 0.781281 0.431372
vn 0.996637 -0.081947 -0.000000
v 2.887266 -1.706397 -12.909270 0.51775 0.29358 0.27288
vt 0.790478 0.450253
vn 0.996637 -0.081947 -0.000000
v 2.887266 -1.706397 -11.911049 0.51775 0.29358 0.27288
vt 0.772541 0.449940
vn 0.996637 -0.081947 -0.000000
f 1183/1183/1183 1184/1184/1184 1185/1185/1185
v 2.855884 -2.088065 -12.226620 0.51775 0.29358 0.27288
vt 0.781281 0.431372
vn 0.996655 -0.081725 -0.000270
v 2.887266 -1.706397 -11.911049 0.51775 0.29358 0.27288
vt 0.772541 0.449940
vn 0.996655 -0.081725 -0.000270
v 2.857529 -2.071768 -11.089316 0.51775 0.29358 0.27288
vt 0.760189 0.431882
vn 0.996655 -0.081725 -0.000270
f 1186/1186/1186 1187/1187/1187 1188/1188/1188
v 0.689227 -4.649698 -11.823491 0.63250 0.52005 0.49029
vt 0.770979 0.295094
vn 0.516575 -0.856242 -0.000150
v 0.688964 -4.649801 -12.142657 0.63250 0.52005 0.49029
vt 0.776785 0.295062
vn 0.516575 -0.856242 -0.000150
v 1.028183 -4.445175 -11.988538 0.63250 0.52005 0.49029
vt 0.774137 0.307531
vn 0.516575 -0.856242 -0.000150
f 1189/1189/1189 1190/1190/1190 1191/1191/1191
v 0.689227 -4.649698 -11.823491 0.51171 0.29660 0.26684
vt 0.770979 0.295094
vn 0.518835 -0.854852 0.006215
v 1.028183 -4.445175 -11.988538 0.51171 0.29660 0.26684
vt 0.774137 0.307531
vn 0.518835 -0.854852 0.006215
v 1.027949 -4.443088 -11.681824 0.51171 0.29660 0.26684
vt 0.768596 0.307624
vn 0.518835 -0.854852 0.006215
f 1192/1192/1192 1193/1193/1193 1194/1194/1194
v 1.810142 -1.073101 -12.577980 0.17955 0.27848 0.34233
vt 0.389730 0.511307
vn 1.000000 0.000268 -0.000000
v 1.809944 -0.335481 -12.578632 0.17955 0.27848 0.34233
vt 0.393595 0.579392
vn 1.000000 0.000268 -0.000000
v 1.809944 -0.335477 -12.458356 0.17955 0.27848 0.34233
vt 0.391999 0.579442
vn 1.000000 0.000268 -0.000000
f 1195/1195/1195 1196/1196/1196 1197/1197/1197
v 1.810142 -1.073101 -12.577980 0.52681 0.32680 0.28496
vt 0.389730 0.511307
vn 1.000000 0.000268 -0.000000
v 1.809944 -0.335477 -12.458356 0.52681 0.32680 0.28496
vt 0.391999 0.579442
vn 1.000000 0.000268 -0.000000
v 1.810142 -1.073097 -12.457706 0.52681 0.32680 0.28496
vt 0.388142 0.511380
vn 1.000000 0.000268 -0.000000
f 1198/1198/1198 1199/1199/1199 1200/1200/1200
v 2.916642 0.424868 -10.152131 0.70195 0.24225 0.22759
vt 0.942368 0.832198
vn 1.000000 0.000268 -0.000000
v 2.916846 -0.335328 -10.151458 0.70195 0.24225 0.22759
vt 0.942837 0.772644
vn 1.000000 0.000268 -0.000000
v 2.916846 -0.335403 -12.458356 0.70195 0.24225 0.22759
vt 0.968897 0.772851
vn 1.000000 0.000268 -0.000000
f 1201/1201/1201 1202/1202/1202 1203/1203/1203
v 2.916642 0.424868 -10.152131 0.71101 0.24527 0.23061
vt 0.942368 0.832198
vn 1.000000 0.000268 -0.000000
v 2.916846 -0.335403 -12.458356 0.71101 0.24527 0.23061
vt 0.968897 0.772851
vn 1.000000 0.000268 -0.000000
v 2.916642 0.424793 -12.459030 0.71101 0.24527 0.23061
vt 0.968421 0.832400
vn 1.000000 0.000268 -0.000000
f 1204/1204/1204 1205/1205/1205 1206/1206/1206
v 1.809740 0.424794 -10.152131 0.27316 0.27244 0.26684
vt 0.575160 0.963431
vn -0.000067 1.000000 -0.000032
v 2.759211 0.424858 -10.152131 0.27316 0.27244 0.26684
vt 0.604787 0.963336
vn -0.000067 1.000000 -0.000032
v 2.759211 0.424784 -12.459030 0.27316 0.27244 0.26684
vt 0.604860 0.986179
vn -0.000067 1.000000 -0.000032
f 1207/1207/1207 1208/1208/1208 1209/1209/1209
v 1.809740 0.424794 -10.152131 0.16446 0.26942 0.33025
vt 0.575160 0.963431
vn -0.000068 1.000000 -0.000033
v 2.759211 0.424784 -12.459030 0.16446 0.26942 0.33025
vt 0.604860 0.986179
vn -0.000068 1.000000 -0.000033
v 1.809740 0.424719 -12.459030 0.16446 0.26942 0.33025
vt 0.575233 0.986274
vn -0.000068 1.000000 -0.000033
f 1210/1210/1210 1211/1211/1211 1212/1212/1212
v 1.809944 -0.335481 -12.578632 0.17654 0.28452 0.34535
vt 0.393595 0.579392
vn 0.000066 -1.000000 0.000021
v 2.759415 -0.335418 -12.578632 0.17654 0.28452 0.34535
vt 0.395909 0.619479
vn 0.000066 -1.000000 0.000021
v 2.781151 -0.335414 -12.458356 0.17654 0.28452 0.34535
vt 0.394261 0.620029
vn 0.000066 -1.000000 0.000021
f 1213/1213/1213 1214/1214/1214 1215/1215/1215
v 1.809944 -0.335481 -12.578632 0.16446 0.26942 0.33629
vt 0.393595 0.579392
vn 0.000065 -1.000000 0.000033
v 2.781151 -0.335414 -12.458356 0.16446 0.26942 0.33629
vt 0.394261 0.620029
vn 0.000065 -1.000000 0.000033
v 1.809944 -0.335477 -12.458356 0.16446 0.26942 0.33629
vt 0.391999 0.579442
vn 0.000065 -1.000000 0.000033
f 1216/1216/1216 1217/1217/1217 1218/1218/1218
v 2.916593 0.726424 -12.579690 0.51775 0.29056 0.27892
vt 0.057808 0.626405
vn -0.000055 1.000000 -0.000033
v 2.759162 0.726415 -12.579690 0.51775 0.29056 0.27892
vt 0.062202 0.629977
vn -0.000055 1.000000 -0.000033
v 2.759162 0.726420 -12.459416 0.51775 0.29056 0.27892
vt 0.062317 0.631074
vn -0.000055 1.000000 -0.000033
f 1219/1219/1219 1220/1220/1220 1221/1221/1221
v 2.916593 0.726424 -12.579690 0.51775 0.29056 0.27892
vt 0.057808 0.626405
vn -0.000055 1.000000 -0.000033
v 2.759162 0.726420 -12.459416 0.51775 0.29056 0.27892
vt 0.062317 0.631074
vn -0.000055 1.000000 -0.000033
v 2.916593 0.726428 -12.459416 0.51775 0.29056 0.27892
vt 0.057042 0.627581
vn -0.000055 1.000000 -0.000033
f 1222/1222/1222 1223/1223/1223 1224/1224/1224
v 2.916846 -0.335328 -10.151458 0.18257 0.26942 0.31515
vt 0.363928 0.627465
vn 0.000087 -1.000000 0.000032
v 2.781151 -0.335340 -10.151458 0.18257 0.26942 0.31515
vt 0.363647 0.621777
vn 0.000087 -1.000000 0.000032
v 2.781151 -0.335414 -12.458356 0.18257 0.26942 0.31515
vt 0.394261 0.620029
vn 0.000087 -1.000000 0.000032
f 1225/1225/1225 1226/1226/1226 1227/1227/1227
v 2.916846 -0.335328 -10.151458 0.15238 0.26640 0.32421
vt 0.363928 0.627465
vn 0.000079 -1.000000 0.000032
v 2.781151 -0.335414 -12.458356 0.15238 0.26640 0.32421
vt 0.394261 0.620029
vn 0.000079 -1.000000 0.000032
v 2.916846 -0.335403 -12.458356 0.15238 0.26640 0.32421
vt 0.394610 0.625717
vn 0.000079 -1.000000 0.000032
f 1228/1228/1228 1229/1229/1229 1230/1230/1230
v 2.781151 -0.335221 -6.514742 0.91030 0.91260 0.89190
vt 0.315433 0.624531
vn -0.998697 0.051028 -0.000000
v 2.756488 -0.817906 -6.514316 0.91030 0.91260 0.89190
vt 0.317761 0.668959
vn -0.998697 0.051028 -0.000000
v 2.756488 -0.817905 -6.357872 0.91030 0.91260 0.89190
vt 0.315675 0.669034
vn -0.998697 0.051028 -0.000000
f 1231/1231/1231 1232/1232/1232 1233/1233/1233
v 2.781151 -0.335221 -6.514742 0.91030 0.91260 0.89190
vt 0.315433 0.624531
vn -0.990469 0.005884 -0.137612
v 2.756488 -0.817905 -6.357872 0.91030 0.91260 0.89190
vt 0.315675 0.669034
vn -0.990469 0.005884 -0.137612
v 2.759415 -0.335215 -6.358298 0.91030 0.91260 0.89190
vt 0.313275 0.624199
vn -0.990469 0.005884 -0.137612
f 1234/1234/1234 1235/1235/1235 1236/1236/1236
v 2.781151 -0.335221 -6.514742 0.91030 0.91260 0.89190
vt 0.315433 0.624531
vn 0.000000 -0.000883 -1.000000
v 2.916846 -0.335210 -6.514742 0.91030 0.91260 0.89190
vt 0.321122 0.624039
vn 0.000000 -0.000883 -1.000000
v 2.905014 -0.817903 -6.514316 0.91030 0.91260 0.89190
vt 0.323960 0.668561
vn 0.000000 -0.000883 -1.000000
f 1237/1237/1237 1238/1238/1238 1239/1239/1239
v 2.781151 -0.335221 -6.514742 0.91030 0.91260 0.89190
vt 0.315433 0.624531
vn 0.000000 -0.000883 -1.000000
v 2.905014 -0.817903 -6.514316 0.91030 0.91260 0.89190
vt 0.323960 0.668561
vn 0.000000 -0.000883 -1.000000
v 2.756488 -0.817906 -6.514316 0.91030 0.91260 0.89190
vt 0.317761 0.668959
vn 0.000000 -0.000883 -1.000000
f 1240/1240/1240 1241/1241/1241 1242/1242/1242
v 2.916846 -0.335204 -6.358298 0.74120 0.19393 0.16719
vt 0.899873 0.772309
vn 0.999700 -0.024504 0.000000
v 2.905014 -0.817901 -6.357872 0.74120 0.19393 0.16719
vt 0.899861 0.734501
vn 0.999700 -0.024504 0.000000
v 2.905014 -0.817903 -6.514316 0.74120 0.19393 0.16719
vt 0.901626 0.734498
vn 0.999700 -0.024504 0.000000
f 1243/1243/1243 1244/1244/1244 1245/1245/1245
v 2.916846 -0.335204 -6.358298 0.72912 0.18185 0.15512
vt 0.899873 0.772309
vn 0.999700 -0.024505 0.000001
v 2.905014 -0.817903 -6.514316 0.72912 0.18185 0.15512
vt 0.901626 0.734498
vn 0.999700 -0.024505 0.000001
v 2.916846 -0.335210 -6.514742 0.72912 0.18185 0.15512
vt 0.901664 0.772314
vn 0.999700 -0.024505 0.000001
f 1246/1246/1246 1247/1247/1247 1248/1248/1248
v 2.759415 -0.335215 -6.358298 0.73214 0.18789 0.15814
vt 0.894248 0.772256
vn -0.000000 0.000883 1.000000
v 2.756488 -0.817905 -6.357872 0.73214 0.18789 0.15814
vt 0.894576 0.734438
vn -0.000000 0.000883 1.000000
v 2.905014 -0.817901 -6.357872 0.73214 0.18789 0.15814
vt 0.899861 0.734501
vn -0.000000 0.000883 1.000000
f 1249/1249/1249 1250/1250/1250 1251/1251/1251
v 2.759415 -0.335215 -6.358298 0.75026 0.16374 0.14304
vt 0.894248 0.772256
vn -0.000000 0.000883 1.000000
v 2.905014 -0.817901 -6.357872 0.75026 0.16374 0.14304
vt 0.899861 0.734501
vn -0.000000 0.000883 1.000000
v 2.916846 -0.335204 -6.358298 0.75026 0.16374 0.14304
vt 0.899873 0.772309
vn -0.000000 0.000883 1.000000
f 1252/1252/1252 1253/1253/1253 1254/1254/1254
v 2.781151 -0.335340 -10.151458 0.73214 0.19393 0.18531
vt 0.363647 0.621777
vn -0.998697 0.051037 -0.000001
v 2.755893 -0.829583 -10.151022 0.73214 0.19393 0.18531
vt 0.366378 0.667339
vn -0.998697 0.051037 -0.000001
v 2.755893 -0.829570 -8.885448 0.73214 0.19393 0.18531
vt 0.349444 0.668313
vn -0.998697 0.051037 -0.000001
f 1255/1255/1255 1256/1256/1256 1257/1257/1257
v 2.781151 -0.335340 -10.151458 0.23391 0.29358 0.33629
vt 0.363647 0.621777
vn -0.998697 0.051034 -0.000002
v 2.755893 -0.829570 -8.885448 0.23391 0.29358 0.33629
vt 0.349444 0.668313
vn -0.998697 0.051034 -0.000002
v 2.781151 -0.335298 -8.885885 0.23391 0.29358 0.33629
vt 0.346901 0.622738
vn -0.998697 0.051034 -0.000002
f 1258/1258/1258 1259/1259/1259 1260/1260/1260
v 2.781151 -0.335298 -8.885885 0.72912 0.14562 0.12190
vt 0.346901 0.622738
vn -0.000000 0.000883 1.000000
v 2.755893 -0.829570 -8.885448 0.72912 0.14562 0.12190
vt 0.349444 0.668313
vn -0.000000 0.000883 1.000000
v 2.904205 -0.829567 -8.885448 0.72912 0.14562 0.12190
vt 0.343213 0.668533
vn -0.000000 0.000883 1.000000
f 1261/1261/1261 1262/1262/1262 1263/1263/1263
v 2.781151 -0.335298 -8.885885 0.89822 0.91260 0.89190
vt 0.346901 0.622738
vn -0.000000 0.000883 1.000000
v 2.904205 -0.829567 -8.885448 0.89822 0.91260 0.89190
vt 0.343213 0.668533
vn -0.000000 0.000883 1.000000
v 2.916846 -0.335287 -8.885885 0.89822 0.91260 0.89190
vt 0.341211 0.622894
vn -0.000000 0.000883 1.000000
f 1264/1264/1264 1265/1265/1265 1266/1266/1266
v 2.781151 -0.335340 -10.151458 0.23995 0.28150 0.34535
vt 0.363647 0.621777
vn 0.000000 -0.000883 -1.000000
v 2.916846 -0.335328 -10.151458 0.23995 0.28150 0.34535
vt 0.369316 0.621275
vn 0.000000 -0.000883 -1.000000
v 2.904204 -0.829580 -10.151022 0.23995 0.28150 0.34535
vt 0.372594 0.666839
vn 0.000000 -0.000883 -1.000000
f 1267/1267/1267 1268/1268/1268 1269/1269/1269
v 2.781151 -0.335340 -10.151458 0.72308 0.20601 0.20343
vt 0.363647 0.621777
vn 0.000000 -0.000883 -1.000000
v 2.904204 -0.829580 -10.151022 0.72308 0.20601 0.20343
vt 0.372594 0.666839
vn 0.000000 -0.000883 -1.000000
v 2.755893 -0.829583 -10.151022 0.72308 0.20601 0.20343
vt 0.366378 0.667339
vn 0.000000 -0.000883 -1.000000
f 1270/1270/1270 1271/1271/1271 1272/1272/1272
v 2.916846 -0.335323 -9.983599 0.71705 0.23319 0.20645
vt 0.940932 0.772613
vn 0.999673 -0.025568 -0.000001
v 2.904204 -0.829578 -9.983162 0.71705 0.23319 0.20645
vt 0.941352 0.733904
vn 0.999673 -0.025568 -0.000001
v 2.904204 -0.829580 -10.151022 0.71705 0.23319 0.20645
vt 0.943250 0.733923
vn 0.999673 -0.025568 -0.000001
f 1273/1273/1273 1274/1274/1274 1275/1275/1275
v 2.916846 -0.335323 -9.983599 0.69893 0.23923 0.19437
vt 0.940932 0.772613
vn 0.999673 -0.025569 0.000001
v 2.904204 -0.829580 -10.151022 0.69893 0.23923 0.19437
vt 0.943250 0.733923
vn 0.999673 -0.025569 0.000001
v 2.916846 -0.335328 -10.151458 0.69893 0.23923 0.19437
vt 0.942837 0.772644
vn 0.999673 -0.025569 0.000001
f 1276/1276/1276 1277/1277/1277 1278/1278/1278
v 2.759415 -0.335418 -12.578632 0.45132 0.24527 0.28798
vt 0.395909 0.619479
vn -0.999979 0.006443 -0.000000
v 2.756279 -0.822057 -12.578201 0.45132 0.24527 0.28798
vt 0.398691 0.664662
vn -0.999979 0.006443 -0.000000
v 2.756279 -0.822055 -12.457928 0.45132 0.24527 0.28798
vt 0.397098 0.664797
vn -0.999979 0.006443 -0.000000
f 1279/1279/1279 1280/1280/1280 1281/1281/1281
v 2.759415 -0.335418 -12.578632 0.17654 0.26942 0.33327
vt 0.395909 0.619479
vn -0.982811 0.050386 0.177608
v 2.756279 -0.822055 -12.457928 0.17654 0.26942 0.33327
vt 0.397098 0.664797
vn -0.982811 0.050386 0.177608
v 2.781151 -0.335414 -12.458356 0.17654 0.26942 0.33327
vt 0.394261 0.620029
vn -0.982811 0.050386 0.177608
f 1282/1282/1282 1283/1283/1283 1284/1284/1284
v 2.781151 -0.335414 -12.458356 0.62344 0.23923 0.26684
vt 0.394261 0.620029
vn -0.000000 0.000880 1.000000
v 2.756279 -0.822055 -12.457928 0.62344 0.23923 0.26684
vt 0.397098 0.664797
vn -0.000000 0.000880 1.000000
v 2.904730 -0.822053 -12.457928 0.62344 0.23923 0.26684
vt 0.390899 0.665116
vn -0.000000 0.000880 1.000000
f 1285/1285/1285 1286/1286/1286 1287/1287/1287
v 2.781151 -0.335414 -12.458356 0.17352 0.26338 0.33025
vt 0.394261 0.620029
vn -0.000000 0.000880 1.000000
v 2.904730 -0.822053 -12.457928 0.17352 0.26338 0.33025
vt 0.390899 0.665116
vn -0.000000 0.000880 1.000000
v 2.916846 -0.335403 -12.458356 0.17352 0.26338 0.33025
vt 0.388554 0.620199
vn -0.000000 0.000880 1.000000
f 1288/1288/1288 1289/1289/1289 1290/1290/1290
v 2.759415 -0.335418 -12.578632 0.77140 0.18487 0.16417
vt 0.419085 0.766765
vn 0.000000 -0.000885 -1.000000
v 2.916846 -0.335407 -12.578632 0.77140 0.18487 0.16417
vt 0.413477 0.766697
vn 0.000000 -0.000885 -1.000000
v 2.904730 -0.822053 -12.578201 0.77140 0.18487 0.16417
vt 0.414213 0.728593
vn 0.000000 -0.000885 -1.000000
f 1291/1291/1291 1292/1292/1292 1293/1293/1293
v 2.759415 -0.335418 -12.578632 0.75026 0.14864 0.13096
vt 0.419085 0.766765
vn 0.000000 -0.000885 -1.000000
v 2.904730 -0.822053 -12.578201 0.75026 0.14864 0.13096
vt 0.414213 0.728593
vn 0.000000 -0.000885 -1.000000
v 2.756279 -0.822057 -12.578201 0.75026 0.14864 0.13096
vt 0.419495 0.728635
vn 0.000000 -0.000885 -1.000000
f 1294/1294/1294 1295/1295/1295 1296/1296/1296
v 2.916846 -0.335403 -12.458356 0.75630 0.16676 0.14002
vt 0.968897 0.772851
vn 0.999690 -0.024889 0.000000
v 2.904730 -0.822053 -12.457928 0.75630 0.16676 0.14002
vt 0.969447 0.734728
vn 0.999690 -0.024889 0.000000
v 2.904730 -0.822053 -12.578201 0.75630 0.16676 0.14002
vt 0.970805 0.734748
vn 0.999690 -0.024889 0.000000
f 1297/1297/1297 1298/1298/1298 1299/1299/1299
v 2.916846 -0.335403 -12.458356 0.75932 0.16978 0.14908
vt 0.968897 0.772851
vn 0.999690 -0.024889 0.000001
v 2.904730 -0.822053 -12.578201 0.75932 0.16978 0.14908
vt 0.970805 0.734748
vn 0.999690 -0.024889 0.000001
v 2.916846 -0.335407 -12.578632 0.75932 0.16978 0.14908
vt 0.970257 0.772865
vn 0.999690 -0.024889 0.000001
f 1300/1300/1300 1301/1301/1301 1302/1302/1302
v 2.743449 -1.073101 -10.150807 0.72308 0.20601 0.17625
vt 0.367674 0.689798
vn -0.998697 0.051034 0.000000
v 2.743449 -1.073101 -8.885232 0.72308 0.20601 0.17625
vt 0.350716 0.690773
vn -0.998697 0.051034 0.000000
v 2.755893 -0.829570 -8.885448 0.72308 0.20601 0.17625
vt 0.349444 0.668313
vn -0.998697 0.051034 0.000000
f 1303/1303/1303 1304/1304/1304 1305/1305/1305
v 2.743449 -1.073101 -10.150807 0.77744 0.21507 0.20041
vt 0.367674 0.689798
vn -0.998697 0.051037 -0.000001
v 2.755893 -0.829570 -8.885448 0.77744 0.21507 0.20041
vt 0.349444 0.668313
vn -0.998697 0.051037 -0.000001
v 2.755893 -0.829583 -10.151022 0.77744 0.21507 0.20041
vt 0.366378 0.667339
vn -0.998697 0.051037 -0.000001
f 1306/1306/1306 1307/1307/1307 1308/1308/1308
v 2.887267 -1.073101 -8.885232 0.52077 0.28754 0.28496
vt 0.715364 0.479997
vn 0.997590 -0.069384 0.000000
v 2.887267 -1.073101 -9.982947 0.52077 0.28754 0.28496
vt 0.734733 0.480187
vn 0.997590 -0.069384 0.000000
v 2.904204 -0.829578 -9.983162 0.52077 0.28754 0.28496
vt 0.733653 0.492005
vn 0.997590 -0.069384 0.000000
f 1309/1309/1309 1310/1310/1310 1311/1311/1311
v 2.887267 -1.073101 -8.885232 0.51171 0.29660 0.26080
vt 0.715364 0.479997
vn 0.997590 -0.069383 0.000000
v 2.904204 -0.829578 -9.983162 0.51171 0.29660 0.26080
vt 0.733653 0.492005
vn 0.997590 -0.069383 0.000000
v 2.904205 -0.829567 -8.885448 0.51171 0.29660 0.26080
vt 0.714339 0.491825
vn 0.997590 -0.069383 0.000000
f 1312/1312/1312 1313/1313/1313 1314/1314/1314
v 2.743449 -1.073101 -6.514090 0.91030 0.91260 0.89190
vt 0.319091 0.692507
vn -0.998697 0.051028 0.000000
v 2.743449 -1.073101 -6.357646 0.91030 0.91260 0.89190
vt 0.316988 0.692612
vn -0.998697 0.051028 0.000000
v 2.756488 -0.817905 -6.357872 0.91030 0.91260 0.89190
vt 0.315675 0.669034
vn -0.998697 0.051028 0.000000
f 1315/1315/1315 1316/1316/1316 1317/1317/1317
v 2.743449 -1.073101 -6.514090 0.91030 0.91260 0.89190
vt 0.319091 0.692507
vn -0.998697 0.051028 -0.000000
v 2.756488 -0.817905 -6.357872 0.91030 0.91260 0.89190
vt 0.315675 0.669034
vn -0.998697 0.051028 -0.000000
v 2.756488 -0.817906 -6.514316 0.91030 0.91260 0.89190
vt 0.317761 0.668959
vn -0.998697 0.051028 -0.000000
f 1318/1318/1318 1319/1319/1319 1320/1320/1320
v 2.887267 -1.073101 -6.357646 0.91030 0.90052 0.88284
vt 0.671033 0.479614
vn 0.997591 -0.069374 0.000000
v 2.887267 -1.073101 -6.514090 0.91030 0.90052 0.88284
vt 0.673044 0.479580
vn 0.997591 -0.069374 0.000000
v 2.905014 -0.817903 -6.514316 0.91030 0.90052 0.88284
vt 0.671540 0.491941
vn 0.997591 -0.069374 0.000000
f 1321/1321/1321 1322/1322/1322 1323/1323/1323
v 2.887267 -1.073101 -6.357646 0.91030 0.90656 0.88284
vt 0.671033 0.479614
vn 0.997591 -0.069374 0.000001
v 2.905014 -0.817903 -6.514316 0.91030 0.90656 0.88284
vt 0.671540 0.491941
vn 0.997591 -0.069374 0.000001
v 2.905014 -0.817901 -6.357872 0.91030 0.90656 0.88284
vt 0.668698 0.491910
vn 0.997591 -0.069374 0.000001
f 1324/1324/1324 1325/1325/1325 1326/1326/1326
v 2.756488 -0.817905 -6.357872 0.69893 0.23923 0.23061
vt 0.894576 0.734438
vn 0.000000 0.000885 1.000000
v 2.743449 -1.073101 -6.357646 0.69893 0.23923 0.23061
vt 0.894371 0.714441
vn 0.000000 0.000885 1.000000
v 2.887267 -1.073101 -6.357646 0.69893 0.23923 0.23061
vt 0.899488 0.714507
vn 0.000000 0.000885 1.000000
f 1327/1327/1327 1328/1328/1328 1329/1329/1329
v 2.756488 -0.817905 -6.357872 0.67477 0.26640 0.23966
vt 0.894576 0.734438
vn -0.000000 0.000885 1.000000
v 2.887267 -1.073101 -6.357646 0.67477 0.26640 0.23966
vt 0.899488 0.714507
vn -0.000000 0.000885 1.000000
v 2.905014 -0.817901 -6.357872 0.67477 0.26640 0.23966
vt 0.899861 0.734501
vn -0.000000 0.000885 1.000000
f 1330/1330/1330 1331/1331/1331 1332/1332/1332
v 2.743449 -1.073101 -12.577980 0.75026 0.14864 0.13096
vt 0.400053 0.687855
vn -0.998697 0.051041 0.000000
v 2.743449 -1.073101 -12.457706 0.75026 0.14864 0.13096
vt 0.398434 0.687962
vn -0.998697 0.051041 0.000000
v 2.756279 -0.822055 -12.457928 0.75026 0.14864 0.13096
vt 0.397098 0.664797
vn -0.998697 0.051041 0.000000
f 1333/1333/1333 1334/1334/1334 1335/1335/1335
v 2.743449 -1.073101 -12.577980 0.75026 0.15166 0.14002
vt 0.400053 0.687855
vn -0.998697 0.051041 -0.000001
v 2.756279 -0.822055 -12.457928 0.75026 0.15166 0.14002
vt 0.397098 0.664797
vn -0.998697 0.051041 -0.000001
v 2.756279 -0.822057 -12.578201 0.75026 0.15166 0.14002
vt 0.398691 0.664662
vn -0.998697 0.051041 -0.000001
f 1336/1336/1336 1337/1337/1337 1338/1338/1338
v 2.887267 -1.073101 -12.457706 0.51171 0.29358 0.27288
vt 0.778574 0.480857
vn 0.997589 -0.069392 -0.000000
v 2.887267 -1.073101 -12.577980 0.51171 0.29358 0.27288
vt 0.780226 0.480898
vn 0.997589 -0.069392 -0.000000
v 2.904730 -0.822053 -12.578201 0.51171 0.29358 0.27288
vt 0.778767 0.493120
vn 0.997589 -0.069392 -0.000000
f 1339/1339/1339 1340/1340/1340 1341/1341/1341
v 2.887267 -1.073101 -12.457706 0.51775 0.29056 0.27892
vt 0.778574 0.480857
vn 0.997589 -0.069392 0.000000
v 2.904730 -0.822053 -12.578201 0.51775 0.29056 0.27892
vt 0.778767 0.493120
vn 0.997589 -0.069392 0.000000
v 2.904730 -0.822053 -12.457928 0.51775 0.29056 0.27892
vt 0.777185 0.493045
vn 0.997589 -0.069392 0.000000
f 1342/1342/1342 1343/1343/1343 1344/1344/1344
v 2.743449 -1.073101 -6.514090 0.91030 0.91260 0.89190
vt 0.319091 0.692507
vn -0.998697 0.051028 -0.000001
v 2.756488 -0.817906 -6.514316 0.91030 0.91260 0.89190
vt 0.317761 0.668959
vn -0.998697 0.051028 -0.000001
v 2.755893 -0.829570 -8.885448 0.91030 0.91260 0.89190
vt 0.349444 0.668313
vn -0.998697 0.051028 -0.000001
f 1345/1345/1345 1346/1346/1346 1347/1347/1347
v 2.743449 -1.073101 -6.514090 0.91030 0.83409 0.81641
vt 0.319091 0.692507
vn -0.998697 0.051034 0.000000
v 2.755893 -0.829570 -8.885448 0.91030 0.83409 0.81641
vt 0.349444 0.668313
vn -0.998697 0.051034 0.000000
v 2.743449 -1.073101 -8.885232 0.91030 0.83409 0.81641
vt 0.350716 0.690773
vn -0.998697 0.051034 0.000000
f 1348/1348/1348 1349/1349/1349 1350/1350/1350
v 2.887267 -1.073101 -6.514090 0.51171 0.29660 0.26080
vt 0.673044 0.479580
vn 0.997590 -0.069383 -0.000000
v 2.887267 -1.073101 -8.885232 0.51171 0.29660 0.26080
vt 0.715364 0.479997
vn 0.997590 -0.069383 -0.000000
v 2.904205 -0.829567 -8.885448 0.51171 0.29660 0.26080
vt 0.714339 0.491825
vn 0.997590 -0.069383 -0.000000
f 1351/1351/1351 1352/1352/1352 1353/1353/1353
v 2.887267 -1.073101 -6.514090 0.89218 0.89750 0.86170
vt 0.673044 0.479580
vn 0.997591 -0.069374 0.000001
v 2.904205 -0.829567 -8.885448 0.89218 0.89750 0.86170
vt 0.714339 0.491825
vn 0.997591 -0.069374 0.000001
v 2.905014 -0.817903 -6.514316 0.89218 0.89750 0.86170
vt 0.671540 0.491941
vn 0.997591 -0.069374 0.000001
f 1354/1354/1354 1355/1355/1355 1356/1356/1356
v 2.905014 -0.817903 -6.514316 0.91030 0.87636 0.84359
vt 0.317653 0.662726
vn -0.000020 0.999988 -0.004919
v 2.904205 -0.829567 -8.885448 0.91030 0.87636 0.84359
vt 0.349253 0.662082
vn -0.000020 0.999988 -0.004919
v 2.755893 -0.829570 -8.885448 0.91030 0.87636 0.84359
vt 0.349444 0.668313
vn -0.000020 0.999988 -0.004919
f 1357/1357/1357 1358/1358/1358 1359/1359/1359
v 2.905014 -0.817903 -6.514316 0.91030 0.91260 0.89190
vt 0.317653 0.662726
vn -0.000023 0.999988 -0.004919
v 2.755893 -0.829570 -8.885448 0.91030 0.91260 0.89190
vt 0.349444 0.668313
vn -0.000023 0.999988 -0.004919
v 2.756488 -0.817906 -6.514316 0.91030 0.91260 0.89190
vt 0.317761 0.668959
vn -0.000023 0.999988 -0.004919
f 1360/1360/1360 1361/1361/1361 1362/1362/1362
v 2.755893 -0.829583 -10.151022 0.75630 0.15770 0.15512
vt 0.366378 0.667339
vn -0.998697 0.051041 -0.000001
v 2.756279 -0.822055 -12.457928 0.75630 0.15770 0.15512
vt 0.397098 0.664797
vn -0.998697 0.051041 -0.000001
v 2.743449 -1.073101 -12.457706 0.75630 0.15770 0.15512
vt 0.398434 0.687962
vn -0.998697 0.051041 -0.000001
f 1363/1363/1363 1364/1364/1364 1365/1365/1365
v 2.755893 -0.829583 -10.151022 0.73818 0.19695 0.18229
vt 0.366378 0.667339
vn -0.998697 0.051037 -0.000000
v 2.743449 -1.073101 -12.457706 0.73818 0.19695 0.18229
vt 0.398434 0.687962
vn -0.998697 0.051037 -0.000000
v 2.743449 -1.073101 -10.150807 0.73818 0.19695 0.18229
vt 0.367674 0.689798
vn -0.998697 0.051037 -0.000000
f 1366/1366/1366 1367/1367/1367 1368/1368/1368
v 2.756279 -0.822055 -12.457928 0.71101 0.19091 0.17323
vt 0.397098 0.664797
vn -0.000023 0.999995 0.003263
v 2.755893 -0.829583 -10.151022 0.71101 0.19091 0.17323
vt 0.366378 0.667339
vn -0.000023 0.999995 0.003263
v 2.904204 -0.829580 -10.151022 0.71101 0.19091 0.17323
vt 0.365928 0.661121
vn -0.000023 0.999995 0.003263
f 1369/1369/1369 1370/1370/1370 1371/1371/1371
v 2.756279 -0.822055 -12.457928 0.75932 0.14562 0.14606
vt 0.397098 0.664797
vn -0.000018 0.999995 0.003263
v 2.904204 -0.829580 -10.151022 0.75932 0.14562 0.14606
vt 0.365928 0.661121
vn -0.000018 0.999995 0.003263
v 2.904730 -0.822053 -12.457928 0.75932 0.14562 0.14606
vt 0.396564 0.658591
vn -0.000018 0.999995 0.003263
f 1372/1372/1372 1373/1373/1373 1374/1374/1374
v 2.904204 -0.829580 -10.151022 0.51171 0.29358 0.27288
vt 0.736036 0.492008
vn 0.997590 -0.069383 -0.000000
v 2.887267 -1.073101 -10.150807 0.51171 0.29358 0.27288
vt 0.737269 0.480178
vn 0.997590 -0.069383 -0.000000
v 2.887267 -1.073101 -12.457706 0.51171 0.29358 0.27288
vt 0.778574 0.480857
vn 0.997590 -0.069383 -0.000000
f 1375/1375/1375 1376/1376/1376 1377/1377/1377
v 2.904204 -0.829580 -10.151022 0.52681 0.28754 0.27288
vt 0.736036 0.492008
vn 0.997589 -0.069392 0.000001
v 2.887267 -1.073101 -12.457706 0.52681 0.28754 0.27288
vt 0.778574 0.480857
vn 0.997589 -0.069392 0.000001
v 2.904730 -0.822053 -12.457928 0.52681 0.28754 0.27288
vt 0.777185 0.493045
vn 0.997589 -0.069392 0.000001
f 1378/1378/1378 1379/1379/1379 1380/1380/1380
v 2.554626 -1.991411 11.364037 0.91030 0.90656 0.87680
vt 0.644194 0.466066
vn -0.958189 0.176332 -0.225346
v 2.743449 -0.882807 11.428625 0.91030 0.90656 0.87680
vt 0.650090 0.507895
vn -0.958189 0.176332 -0.225346
v 2.742456 -1.421101 11.011636 0.91030 0.90656 0.87680
vt 0.640390 0.487797
vn -0.958189 0.176332 -0.225346
f 1381/1381/1381 1382/1382/1382 1383/1383/1383
v 2.554626 -1.991411 11.364037 0.91030 0.91260 0.88888
vt 0.644194 0.466066
vn -0.962871 0.234813 -0.133199
v 2.742456 -1.421101 11.011636 0.91030 0.91260 0.88888
vt 0.640390 0.487797
vn -0.962871 0.234813 -0.133199
v 2.617856 -2.008900 10.876125 0.91030 0.91260 0.88888
vt 0.636625 0.465559
vn -0.962871 0.234813 -0.133199
f 1384/1384/1384 1385/1385/1385 1386/1386/1386
v 0.000000 -2.091621 11.394940 0.16144 0.26036 0.33025
vt 0.860550 0.605583
vn -0.006325 0.031374 -0.999488
v 0.000000 -0.882318 11.432900 0.16144 0.26036 0.33025
vt 0.944485 0.608488
vn -0.006325 0.031374 -0.999488
v 0.663457 -0.884734 11.428625 0.16144 0.26036 0.33025
vt 0.943453 0.629592
vn -0.006325 0.031374 -0.999488
f 1387/1387/1387 1388/1388/1388 1389/1389/1389
v 0.000000 -2.091621 11.394940 0.15540 0.26036 0.33025
vt 0.860550 0.605583
vn 0.000198 0.027792 -0.999614
v 0.663457 -0.884734 11.428625 0.15540 0.26036 0.33025
vt 0.943453 0.629592
vn 0.000198 0.027792 -0.999614
v 0.663457 -2.096355 11.394940 0.15540 0.26036 0.33025
vt 0.859454 0.626327
vn 0.000198 0.027792 -0.999614
f 1390/1390/1390 1391/1391/1391 1392/1392/1392
v 1.019715 -0.682559 15.180892 0.20673 0.27546 0.34233
vt 0.014360 0.436829
vn 0.021315 0.999690 0.012842
v 1.019260 -0.681608 15.107635 0.20673 0.27546 0.34233
vt 0.014965 0.436856
vn 0.021315 0.999690 0.012842
v 0.671786 -0.675931 15.242418 0.20673 0.27546 0.34233
vt 0.014410 0.446674
vn 0.021315 0.999690 0.012842
f 1393/1393/1393 1394/1394/1394 1395/1395/1395
v 1.019715 -0.682559 15.180892 0.20975 0.27546 0.33629
vt 0.014360 0.436829
vn 0.021013 0.999717 0.011128
v 0.671786 -0.675931 15.242418 0.20975 0.27546 0.33629
vt 0.014410 0.446674
vn 0.021013 0.999717 0.011128
v 0.672251 -0.676771 15.316975 0.20975 0.27546 0.33629
vt 0.013779 0.446643
vn 0.021013 0.999717 0.011128
f 1396/1396/1396 1397/1397/1397 1398/1398/1398
v 1.349253 -0.688049 15.051831 0.52077 0.29660 0.26986
vt 0.015720 0.427542
vn -0.059067 0.998156 -0.014014
v 1.968202 -0.656521 14.688613 0.52077 0.29660 0.26986
vt 0.018115 0.410354
vn -0.059067 0.998156 -0.014014
v 1.901053 -0.661008 14.652073 0.52077 0.29660 0.26986
vt 0.018574 0.412106
vn -0.059067 0.998156 -0.014014
f 1399/1399/1399 1400/1400/1400 1401/1401/1401
v 1.349253 -0.688049 15.051831 0.51775 0.29358 0.27288
vt 0.015720 0.427542
vn -0.038177 0.999160 0.014888
v 1.901053 -0.661008 14.652073 0.51775 0.29358 0.27288
vt 0.018574 0.412106
vn -0.038177 0.999160 0.014888
v 1.348806 -0.686992 14.979806 0.51775 0.29358 0.27288
vt 0.016349 0.427562
vn -0.038177 0.999160 0.014888
f 1402/1402/1402 1403/1403/1403 1404/1404/1404
v 2.631518 -0.883492 13.304442 0.73516 0.19393 0.17323
vt 0.959810 0.692252
vn -0.014939 0.999888 -0.000724
v 2.686820 -0.883215 12.545796 0.73516 0.19393 0.17323
vt 0.952182 0.693770
vn -0.014939 0.999888 -0.000724
v 1.349203 -0.903192 12.557413 0.73516 0.19393 0.17323
vt 0.953730 0.651608
vn -0.014939 0.999888 -0.000724
f 1405/1405/1405 1406/1406/1406 1407/1407/1407
v 2.631518 -0.883492 13.304442 0.74422 0.21507 0.17323
vt 0.959810 0.692252
vn -0.023983 0.999603 0.014808
v 1.349203 -0.903192 12.557413 0.74422 0.21507 0.17323
vt 0.953730 0.651608
vn -0.023983 0.999603 0.014808
v 1.353968 -0.914460 13.325830 0.74422 0.21507 0.17323
vt 0.961496 0.651914
vn -0.023983 0.999603 0.014808
f 1408/1408/1408 1409/1409/1409 1410/1410/1410
v 1.364061 -0.608950 12.546741 0.59626 0.59856 0.57786
vt 0.080746 0.444351
vn 0.008482 0.999880 0.012946
v 1.033713 -0.606200 12.550755 0.59626 0.59856 0.57786
vt 0.094076 0.444542
vn 0.008482 0.999880 0.012946
v 1.038509 -0.616234 13.322570 0.59626 0.59856 0.57786
vt 0.093762 0.454460
vn 0.008482 0.999880 0.012946
f 1411/1411/1411 1412/1412/1412 1413/1413/1413
v 1.364061 -0.608950 12.546741 0.59626 0.59856 0.57786
vt 0.080746 0.444351
vn 0.012389 0.999817 0.014585
v 1.038509 -0.616234 13.322570 0.59626 0.59856 0.57786
vt 0.093762 0.454460
vn 0.012389 0.999817 0.014585
v 1.368826 -0.620219 13.315158 0.59626 0.59856 0.57786
vt 0.080432 0.454237
vn 0.012389 0.999817 0.014585
f 1414/1414/1414 1415/1415/1415 1416/1416/1416
v 0.670537 -0.897541 12.565660 0.14634 0.26640 0.33025
vt 0.954677 0.630068
vn 0.014307 0.999885 0.004966
v 0.000000 -0.887987 12.573845 0.14634 0.26640 0.33025
vt 0.955432 0.608823
vn 0.014307 0.999885 0.004966
v 0.000000 -0.891873 13.356207 0.14634 0.26640 0.33025
vt 0.963268 0.609084
vn 0.014307 0.999885 0.004966
f 1417/1417/1417 1418/1418/1418 1419/1419/1419
v 0.670537 -0.897541 12.565660 0.14936 0.26942 0.33327
vt 0.954677 0.630068
vn 0.021566 0.999706 0.011125
v 0.000000 -0.891873 13.356207 0.14936 0.26942 0.33327
vt 0.963268 0.609084
vn 0.021566 0.999706 0.011125
v 0.675366 -0.906274 13.341056 0.14936 0.26942 0.33327
vt 0.962429 0.630415
vn 0.021566 0.999706 0.011125
f 1420/1420/1420 1421/1421/1421 1422/1422/1422
v 2.473287 -0.621238 14.115578 0.52077 0.29660 0.27590
vt 0.021188 0.395890
vn -0.138925 0.989624 -0.036657
v 2.721785 -0.617132 13.284628 0.52077 0.29660 0.27590
vt 0.024935 0.386931
vn -0.138925 0.989624 -0.036657
v 2.616037 -0.631620 13.294279 0.52077 0.29660 0.27590
vt 0.026498 0.389389
vn -0.138925 0.989624 -0.036657
f 1423/1423/1423 1424/1424/1424 1425/1425/1425
v 2.473287 -0.621238 14.115578 0.52077 0.29660 0.27590
vt 0.021188 0.395890
vn -0.097275 0.994821 -0.029483
v 2.616037 -0.631620 13.294279 0.52077 0.29660 0.27590
vt 0.026498 0.389389
vn -0.097275 0.994821 -0.029483
v 2.363002 -0.631927 14.118758 0.52077 0.29660 0.27590
vt 0.021890 0.398700
vn -0.097275 0.994821 -0.029483
f 1426/1426/1426 1427/1427/1427 1428/1428/1428
v 2.378484 -0.883799 14.128921 0.72912 0.20903 0.17927
vt 0.968327 0.684588
vn -0.024352 0.999678 -0.007101
v 2.631518 -0.883492 13.304442 0.72912 0.20903 0.17927
vt 0.959810 0.692252
vn -0.024352 0.999678 -0.007101
v 1.353968 -0.914460 13.325830 0.72912 0.20903 0.17927
vt 0.961496 0.651914
vn -0.024352 0.999678 -0.007101
f 1429/1429/1429 1430/1430/1430 1431/1431/1431
v 2.378484 -0.883799 14.128921 0.74422 0.16978 0.15814
vt 0.968327 0.684588
vn -0.041585 0.999024 0.014908
v 1.353968 -0.914460 13.325830 0.74422 0.16978 0.15814
vt 0.961496 0.651914
vn -0.041585 0.999024 0.014908
v 1.359301 -0.927072 14.185799 0.74422 0.16978 0.15814
vt 0.970147 0.652342
vn -0.041585 0.999024 0.014908
f 1432/1432/1432 1433/1433/1433 1434/1434/1434
v 1.353968 -0.914460 13.325830 0.15842 0.25131 0.31214
vt 0.961496 0.651914
vn 0.012352 0.999840 0.012911
v 1.023652 -0.910475 13.333242 0.15842 0.25131 0.31214
vt 0.961934 0.641427
vn 0.012352 0.999840 0.012911
v 1.029056 -0.921772 14.202938 0.15842 0.25131 0.31214
vt 0.970664 0.641910
vn 0.012352 0.999840 0.012911
f 1435/1435/1435 1436/1436/1436 1437/1437/1437
v 1.353968 -0.914460 13.325830 0.32148 0.26338 0.31817
vt 0.961496 0.651914
vn 0.016798 0.999753 0.014557
v 1.029056 -0.921772 14.202938 0.32148 0.26338 0.31817
vt 0.970664 0.641910
vn 0.016798 0.999753 0.014557
v 1.359301 -0.927072 14.185799 0.32148 0.26338 0.31817
vt 0.970147 0.652342
vn 0.016798 0.999753 0.014557
f 1438/1438/1438 1439/1439/1439 1440/1440/1440
v 0.675366 -0.906274 13.341056 0.15540 0.26640 0.33931
vt 0.962429 0.630415
vn 0.021429 0.999758 0.004959
v 0.000000 -0.891873 13.356207 0.15540 0.26640 0.33931
vt 0.963268 0.609084
vn 0.021429 0.999758 0.004959
v 0.000000 -0.896337 14.256227 0.15540 0.26640 0.33931
vt 0.972282 0.609386
vn 0.021429 0.999758 0.004959
f 1441/1441/1441 1442/1442/1442 1443/1443/1443
v 0.675366 -0.906274 13.341056 0.14634 0.26640 0.33025
vt 0.962429 0.630415
vn 0.029709 0.999497 0.011072
v 0.000000 -0.896337 14.256227 0.14634 0.26640 0.33025
vt 0.972282 0.609386
vn 0.029709 0.999497 0.011072
v 0.680845 -0.916184 14.221012 0.14634 0.26640 0.33025
vt 0.971237 0.630908
vn 0.029709 0.999497 0.011072
f 1444/1444/1444 1445/1445/1445 1446/1446/1446
v 2.746436 -0.630966 11.505405 0.91030 0.91260 0.89190
vt 0.036482 0.375675
vn -0.002734 0.999996 0.000944
v 2.727967 -0.630935 11.418463 0.91030 0.91260 0.89190
vt 0.036800 0.374247
vn -0.002734 0.999996 0.000944
v 1.326722 -0.634766 11.418463 0.91030 0.91260 0.89190
vt 0.063493 0.348478
vn -0.002734 0.999996 0.000944
f 1447/1447/1447 1448/1448/1448 1449/1449/1449
v 2.746436 -0.630966 11.505405 0.91030 0.91260 0.89190
vt 0.036482 0.375675
vn -0.003576 0.999886 0.014685
v 1.326722 -0.634766 11.418463 0.91030 0.91260 0.89190
vt 0.063493 0.348478
vn -0.003576 0.999886 0.014685
v 1.327251 -0.636017 11.503755 0.91030 0.91260 0.89190
vt 0.063819 0.348994
vn -0.003576 0.999886 0.014685
f 1450/1450/1450 1451/1451/1451 1452/1452/1452
v 1.342204 -0.886638 11.428625 0.16144 0.25735 0.33629
vt 0.942099 0.651369
vn 0.002805 0.999912 0.013002
v 1.011817 -0.885711 11.428625 0.16144 0.25735 0.33629
vt 0.942871 0.640699
vn 0.002805 0.999912 0.013002
v 1.012343 -0.886814 11.513319 0.16144 0.25735 0.33629
vt 0.943692 0.640663
vn 0.002805 0.999912 0.013002
f 1453/1453/1453 1454/1454/1454 1455/1455/1455
v 1.342204 -0.886638 11.428625 0.19465 0.24829 0.32723
vt 0.942099 0.651369
vn 0.003227 0.999888 0.014643
v 1.012343 -0.886814 11.513319 0.19465 0.24829 0.32723
vt 0.943692 0.640663
vn 0.003227 0.999888 0.014643
v 1.342733 -0.887889 11.513917 0.19465 0.24829 0.32723
vt 0.943190 0.651109
vn 0.003227 0.999888 0.014643
f 1456/1456/1456 1457/1457/1457 1458/1458/1458
v 0.668431 -0.632990 11.420694 0.91030 0.91260 0.89190
vt 0.094366 0.035405
vn 0.003674 0.999981 0.004939
v 0.000000 -0.630555 11.425001 0.91030 0.91260 0.89190
vt 0.093609 0.053098
vn 0.003674 0.999981 0.004939
v 0.000000 -0.630943 11.503474 0.91030 0.91260 0.89190
vt 0.092950 0.053071
vn 0.003674 0.999981 0.004939
f 1459/1459/1459 1460/1460/1460 1461/1461/1461
v 0.668431 -0.632990 11.420694 0.91030 0.91260 0.89190
vt 0.094366 0.035405
vn 0.004453 0.999927 0.011230
v 0.000000 -0.630943 11.503474 0.91030 0.91260 0.89190
vt 0.092950 0.053071
vn 0.004453 0.999927 0.011230
v 0.668955 -0.633936 11.504758 0.91030 0.91260 0.89190
vt 0.093659 0.035363
vn 0.004453 0.999927 0.011230
f 1462/1462/1462 1463/1463/1463 1464/1464/1464
v 2.727967 -0.630935 11.418463 0.90124 0.91260 0.88284
vt 0.036800 0.374247
vn 0.164941 0.985694 -0.034679
v 2.746436 -0.630966 11.505405 0.90124 0.91260 0.88284
vt 0.036482 0.375675
vn 0.164941 0.985694 -0.034679
v 2.864760 -0.650850 11.503021 0.90124 0.91260 0.88284
vt 0.033457 0.374287
vn 0.164941 0.985694 -0.034679
f 1465/1465/1465 1466/1466/1466 1467/1467/1467
v 2.727967 -0.630935 11.418463 0.90124 0.91260 0.88284
vt 0.036800 0.374247
vn 0.148069 0.988955 -0.006616
v 2.864760 -0.650850 11.503021 0.90124 0.91260 0.88284
vt 0.033457 0.374287
vn 0.148069 0.988955 -0.006616
v 2.869674 -0.652009 11.439812 0.90124 0.91260 0.88284
vt 0.033175 0.374878
vn 0.148069 0.988955 -0.006616
f 1468/1468/1468 1469/1469/1469 1470/1470/1470
v 2.746436 -0.630966 11.505405 0.91030 0.90656 0.88284
vt 0.036482 0.375675
vn 0.000829 1.000000 0.000426
v 2.671338 -0.631343 12.535632 0.91030 0.90656 0.88284
vt 0.030549 0.383447
vn 0.000829 1.000000 0.000426
v 2.782420 -0.631432 12.529062 0.91030 0.90656 0.88284
vt 0.028719 0.381378
vn 0.000829 1.000000 0.000426
f 1471/1471/1471 1472/1472/1472 1473/1473/1473
v 2.746436 -0.630966 11.505405 0.90124 0.91260 0.88284
vt 0.036482 0.375675
vn 0.165612 0.986176 -0.005373
v 2.782420 -0.631432 12.529062 0.90124 0.91260 0.88284
vt 0.028719 0.381378
vn 0.165612 0.986176 -0.005373
v 2.864760 -0.650850 11.503021 0.90124 0.91260 0.88284
vt 0.033457 0.374287
vn 0.165612 0.986176 -0.005373
f 1474/1474/1474 1475/1475/1475 1476/1476/1476
v 1.359301 -0.927072 14.185799 0.75026 0.16374 0.13700
vt 0.970147 0.652342
vn -0.038177 0.999160 0.014889
v 1.364288 -0.938864 14.989971 0.75026 0.16374 0.13700
vt 0.978235 0.652759
vn -0.038177 0.999160 0.014889
v 1.916534 -0.912880 14.662238 0.75026 0.16374 0.13700
vt 0.974271 0.670117
vn -0.038177 0.999160 0.014889
f 1477/1477/1477 1478/1478/1478 1479/1479/1479
v 1.359301 -0.927072 14.185799 0.75026 0.16978 0.14002
vt 0.970147 0.652342
vn -0.041374 0.998970 0.018634
v 1.916534 -0.912880 14.662238 0.75026 0.16978 0.14002
vt 0.974271 0.670117
vn -0.041374 0.998970 0.018634
v 2.378484 -0.883799 14.128921 0.75026 0.16978 0.14002
vt 0.968327 0.684588
vn -0.041374 0.998970 0.018634
f 1480/1480/1480 1481/1481/1481 1482/1482/1482
v 1.364288 -0.938864 14.989971 0.33054 0.25735 0.31817
vt 0.978235 0.652759
vn 0.016798 0.999753 0.014557
v 1.359301 -0.927072 14.185799 0.33054 0.25735 0.31817
vt 0.970147 0.652342
vn 0.016798 0.999753 0.014557
v 1.029056 -0.921772 14.202938 0.33054 0.25735 0.31817
vt 0.970664 0.641910
vn 0.016798 0.999753 0.014557
f 1483/1483/1483 1484/1484/1484 1485/1485/1485
v 1.364288 -0.938864 14.989971 0.18861 0.27546 0.33629
vt 0.978235 0.652759
vn 0.021244 0.999694 0.012661
v 1.029056 -0.921772 14.202938 0.18861 0.27546 0.33629
vt 0.970664 0.641910
vn 0.021244 0.999694 0.012661
v 1.034742 -0.933480 15.117800 0.18861 0.27546 0.33629
vt 0.979845 0.642416
vn 0.021244 0.999694 0.012661
f 1486/1486/1486 1487/1487/1487 1488/1488/1488
v 0.687268 -0.927803 15.252581 0.15238 0.26338 0.33629
vt 0.981574 0.631493
vn 0.029709 0.999497 0.011072
v 0.680845 -0.916184 14.221012 0.15238 0.26338 0.33629
vt 0.971237 0.630908
vn 0.029709 0.999497 0.011072
v 0.000000 -0.896337 14.256227 0.15238 0.26338 0.33629
vt 0.972282 0.609386
vn 0.029709 0.999497 0.011072
f 1489/1489/1489 1490/1490/1490 1491/1491/1491
v 0.687268 -0.927803 15.252581 0.15540 0.26640 0.33931
vt 0.981574 0.631493
vn 0.038598 0.999243 0.004933
v 0.000000 -0.896337 14.256227 0.15540 0.26640 0.33931
vt 0.972282 0.609386
vn 0.038598 0.999243 0.004933
v 0.000000 -0.902023 15.407993 0.15540 0.26640 0.33931
vt 0.983810 0.609784
vn 0.038598 0.999243 0.004933
f 1492/1492/1492 1493/1493/1493 1494/1494/1494
v 1.917550 -3.701367 -14.507730 0.51775 0.29358 0.27288
vt 0.867947 0.354218
vn 0.382844 -0.455365 -0.803787
v 1.300690 -4.114941 -14.567240 0.51775 0.29358 0.27288
vt 0.904510 0.334413
vn 0.382844 -0.455365 -0.803787
v 1.441546 -3.308550 -14.956992 0.51775 0.29358 0.27288
vt 0.894159 0.373420
vn 0.382844 -0.455365 -0.803787
f 1495/1495/1495 1496/1496/1496 1497/1497/1497
v 1.917550 -3.701367 -14.507730 0.51775 0.29358 0.27288
vt 0.867947 0.354218
vn 0.480060 -0.342121 -0.807772
v 1.441546 -3.308550 -14.956992 0.51775 0.29358 0.27288
vt 0.894159 0.373420
vn 0.480060 -0.342121 -0.807772
v 2.090100 -3.018714 -14.694311 0.51775 0.29358 0.27288
vt 0.855564 0.387173
vn 0.480060 -0.342121 -0.807772
f 1498/1498/1498 1499/1499/1499 1500/1500/1500
v 1.223850 -4.040927 11.473977 0.91030 0.91260 0.89190
vt 0.207616 0.342270
vn 0.765433 -0.633554 0.112790
v 1.230957 -4.056152 11.340223 0.91030 0.91260 0.89190
vt 0.209006 0.341218
vn 0.765433 -0.633554 0.112790
v 1.697397 -3.560830 10.957072 0.91030 0.91260 0.89190
vt 0.249443 0.362633
vn 0.765433 -0.633554 0.112790
f 1501/1501/1501 1502/1502/1502 1503/1503/1503
v 1.223850 -4.040927 11.473977 0.91030 0.91260 0.89190
vt 0.207616 0.342270
vn 0.765531 -0.633394 0.113028
v 1.697397 -3.560830 10.957072 0.91030 0.91260 0.89190
vt 0.249443 0.362633
vn 0.765531 -0.633394 0.113028
v 1.671653 -3.526725 11.322561 0.91030 0.91260 0.89190
vt 0.244827 0.365153
vn 0.765531 -0.633394 0.113028
f 1504/1504/1504 1505/1505/1505 1506/1506/1506
v 1.968597 -3.783373 -5.561772 0.91030 0.91260 0.89190
vt 0.658534 0.345687
vn 0.627757 -0.778371 -0.007673
v 1.365728 -4.269448 -5.576000 0.91030 0.91260 0.89190
vt 0.658231 0.318692
vn 0.627757 -0.778371 -0.007673
v 1.364488 -4.242350 -8.426464 0.91030 0.91260 0.89190
vt 0.709921 0.319769
vn 0.627757 -0.778371 -0.007673
f 1507/1507/1507 1508/1508/1508 1509/1509/1509
v 1.968597 -3.783373 -5.561772 0.51775 0.29358 0.27288
vt 0.658534 0.345687
vn 0.640362 -0.767979 -0.011996
v 1.364488 -4.242350 -8.426464 0.51775 0.29358 0.27288
vt 0.709921 0.319769
vn 0.640362 -0.767979 -0.011996
v 1.945366 -3.762909 -8.112080 0.51775 0.29358 0.27288
vt 0.704889 0.346338
vn 0.640362 -0.767979 -0.011996
f 1510/1510/1510 1511/1511/1511 1512/1512/1512
v 1.349196 -4.247137 -11.547465 0.51775 0.29358 0.27288
vt 0.766485 0.319524
vn 0.619898 -0.784590 0.012047
v 1.349901 -4.251107 -11.842371 0.51775 0.29358 0.27288
vt 0.771894 0.319375
vn 0.619898 -0.784590 0.012047
v 1.962814 -3.769612 -12.022278 0.51775 0.29358 0.27288
vt 0.776314 0.346408
vn 0.619898 -0.784590 0.012047
f 1513/1513/1513 1514/1514/1514 1515/1515/1515
v 1.349196 -4.247137 -11.547465 0.51775 0.29358 0.27288
vt 0.766485 0.319524
vn 0.621078 -0.783614 0.014554
v 1.962814 -3.769612 -12.022278 0.51775 0.29358 0.27288
vt 0.776314 0.346408
vn 0.621078 -0.783614 0.014554
v 1.954739 -3.761953 -11.265286 0.51775 0.29358 0.27288
vt 0.762495 0.346673
vn 0.621078 -0.783614 0.014554
f 1516/1516/1516 1517/1517/1517 1518/1518/1518
v 1.155258 -3.626675 12.900184 0.91030 0.91260 0.89190
vt 0.201481 0.364421
vn 0.770355 -0.567100 0.291463
v 1.209904 -3.887039 12.249159 0.91030 0.91260 0.89190
vt 0.203119 0.351138
vn 0.770355 -0.567100 0.291463
v 1.616459 -3.385067 12.151297 0.91030 0.91260 0.89190
vt 0.237007 0.373607
vn 0.770355 -0.567100 0.291463
f 1519/1519/1519 1520/1520/1520 1521/1521/1521
v 1.155258 -3.626675 12.900184 0.91030 0.91260 0.89190
vt 0.201481 0.364421
vn 0.749087 -0.606936 0.265514
v 1.616459 -3.385067 12.151297 0.91030 0.91260 0.89190
vt 0.237007 0.373607
vn 0.749087 -0.606936 0.265514
v 1.574005 -3.175391 12.750368 0.91030 0.91260 0.89190
vt 0.234715 0.384525
vn 0.749087 -0.606936 0.265514
f 1522/1522/1522 1523/1523/1523 1524/1524/1524
v 1.349901 -4.251107 -11.842371 0.51775 0.29358 0.27288
vt 0.771894 0.319375
vn 0.622150 -0.782745 0.015455
v 1.322621 -4.319423 -14.204107 0.51775 0.29358 0.27288
vt 0.814798 0.316055
vn 0.622150 -0.782745 0.015455
v 1.952644 -3.811521 -13.842476 0.51775 0.29358 0.27288
vt 0.809313 0.344278
vn 0.622150 -0.782745 0.015455
f 1525/1525/1525 1526/1526/1526 1527/1527/1527
v 1.349901 -4.251107 -11.842371 0.51775 0.29358 0.27288
vt 0.771894 0.319375
vn 0.620337 -0.784200 0.014589
v 1.952644 -3.811521 -13.842476 0.51775 0.29358 0.27288
vt 0.809313 0.344278
vn 0.620337 -0.784200 0.014589
v 1.962814 -3.769612 -12.022278 0.51775 0.29358 0.27288
vt 0.776314 0.346408
vn 0.620337 -0.784200 0.014589
f 1528/1528/1528 1529/1529/1529 1530/1530/1530
v 1.671152 -0.771465 -15.036875 0.27618 0.29056 0.33327
vt 0.709906 0.952739
vn 0.000000 1.000000 0.000000
v 1.694657 -0.771465 -14.866272 0.27618 0.29056 0.33327
vt 0.709040 0.954507
vn 0.000000 1.000000 0.000000
v 2.736682 -0.771465 -14.548065 0.27618 0.29056 0.33327
vt 0.674175 0.956234
vn 0.000000 1.000000 0.000000
f 1531/1531/1531 1532/1532/1532 1533/1533/1533
v 1.671152 -0.771465 -15.036875 0.19767 0.29660 0.36045
vt 0.709906 0.952739
vn 0.000001 1.000000 -0.000003
v 2.736682 -0.771465 -14.548065 0.19767 0.29660 0.36045
vt 0.674175 0.956234
vn 0.000001 1.000000 -0.000003
v 2.712966 -0.771465 -14.686556 0.19767 0.29660 0.36045
vt 0.675032 0.954809
vn 0.000001 1.000000 -0.000003
f 1534/1534/1534 1535/1535/1535 1536/1536/1536
v 1.538322 -2.127908 -15.009783 0.51775 0.29358 0.27288
vt 0.888756 0.430616
vn 0.379723 -0.077970 -0.921808
v 1.598080 -1.691832 -15.022052 0.51775 0.29358 0.27288
vt 0.885241 0.451757
vn 0.379723 -0.077970 -0.921808
v 2.364056 -1.657762 -14.709403 0.51775 0.29358 0.27288
vt 0.841155 0.453205
vn 0.379723 -0.077970 -0.921808
f 1537/1537/1537 1538/1538/1538 1539/1539/1539
v 1.538322 -2.127908 -15.009783 0.51775 0.29358 0.27288
vt 0.888756 0.430616
vn 0.387455 -0.094607 -0.917021
v 2.364056 -1.657762 -14.709403 0.51775 0.29358 0.27288
vt 0.841155 0.453205
vn 0.387455 -0.094607 -0.917021
v 2.232015 -2.187083 -14.710583 0.51775 0.29358 0.27288
vt 0.848458 0.427521
vn 0.387455 -0.094607 -0.917021
f 1540/1540/1540 1541/1541/1541 1542/1542/1542
v 1.857862 -3.706811 7.417709 0.60230 0.60460 0.56880
vt 0.422692 0.348579
vn 0.692718 -0.720752 0.025671
v 1.313191 -4.190483 8.535531 0.60230 0.60460 0.56880
vt 0.402126 0.322275
vn 0.692718 -0.720752 0.025671
v 1.367599 -4.256885 5.203051 0.60230 0.60460 0.56880
vt 0.462832 0.319809
vn 0.692718 -0.720752 0.025671
f 1543/1543/1543 1544/1544/1544 1545/1545/1545
v 1.857862 -3.706811 7.417709 0.91030 0.88542 0.84661
vt 0.422692 0.348579
vn 0.692683 -0.720785 0.025687
v 1.367599 -4.256885 5.203051 0.91030 0.88542 0.84661
vt 0.462832 0.319809
vn 0.692683 -0.720785 0.025687
v 1.947359 -3.765661 3.353014 0.91030 0.88542 0.84661
vt 0.496822 0.346583
vn 0.692683 -0.720785 0.025687
f 1546/1546/1546 1547/1547/1547 1548/1548/1548
v 1.947359 -3.765661 3.353014 0.51775 0.29358 0.27288
vt 0.496822 0.346583
vn 0.650629 -0.759393 0.002257
v 1.367599 -4.256885 5.203051 0.51775 0.29358 0.27288
vt 0.462832 0.319809
vn 0.650629 -0.759393 0.002257
v 1.368770 -4.281504 -3.417249 0.51775 0.29358 0.27288
vt 0.619128 0.318285
vn 0.650629 -0.759393 0.002257
f 1549/1549/1549 1550/1550/1550 1551/1551/1551
v 1.947359 -3.765661 3.353014 0.51775 0.29358 0.27288
vt 0.496822 0.346583
vn 0.620148 -0.784456 0.006772
v 1.368770 -4.281504 -3.417249 0.51775 0.29358 0.27288
vt 0.619128 0.318285
vn 0.620148 -0.784456 0.006772
v 1.978891 -3.790316 -2.390896 0.51775 0.29358 0.27288
vt 0.601029 0.345553
vn 0.620148 -0.784456 0.006772
f 1552/1552/1552 1553/1553/1553 1554/1554/1554
v 1.368770 -4.281504 -3.417249 0.91030 0.91260 0.89190
vt 0.619128 0.318285
vn 0.627732 -0.778412 -0.005232
v 1.365728 -4.269448 -5.576000 0.91030 0.91260 0.89190
vt 0.658231 0.318692
vn 0.627732 -0.778412 -0.005232
v 1.968597 -3.783373 -5.561772 0.91030 0.91260 0.89190
vt 0.658534 0.345687
vn 0.627732 -0.778412 -0.005232
f 1555/1555/1555 1556/1556/1556 1557/1557/1557
v 1.368770 -4.281504 -3.417249 0.91030 0.91260 0.89190
vt 0.619128 0.318285
vn 0.630911 -0.775846 -0.003747
v 1.968597 -3.783373 -5.561772 0.91030 0.91260 0.89190
vt 0.658534 0.345687
vn 0.630911 -0.775846 -0.003747
v 1.978891 -3.790316 -2.390896 0.91030 0.91260 0.89190
vt 0.601029 0.345553
vn 0.630911 -0.775846 -0.003747
f 1558/1558/1558 1559/1559/1559 1560/1560/1560
v 1.264767 -4.132321 10.353524 0.50869 0.29660 0.27288
vt 0.368684 0.324374
vn 0.709592 -0.703395 0.041403
v 1.313191 -4.190483 8.535531 0.50869 0.29660 0.27288
vt 0.402126 0.322275
vn 0.709592 -0.703395 0.041403
v 1.857862 -3.706811 7.417709 0.50869 0.29660 0.27288
vt 0.422692 0.348579
vn 0.709592 -0.703395 0.041403
f 1561/1561/1561 1562/1562/1562 1563/1563/1563
v 1.264767 -4.132321 10.353524 0.64457 0.51099 0.52049
vt 0.368684 0.324374
vn 0.733591 -0.677752 0.049969
v 1.857862 -3.706811 7.417709 0.64457 0.51099 0.52049
vt 0.422692 0.348579
vn 0.733591 -0.677752 0.049969
v 1.763779 -3.634980 9.773223 0.64457 0.51099 0.52049
vt 0.379102 0.351064
vn 0.733591 -0.677752 0.049969
f 1564/1564/1564 1565/1565/1565 1566/1566/1566
v 1.230957 -4.056152 11.340223 0.91030 0.89448 0.87378
vt 0.349827 0.327381
vn 0.747110 -0.660276 0.076571
v 1.264767 -4.132321 10.353524 0.91030 0.89448 0.87378
vt 0.368684 0.324374
vn 0.747110 -0.660276 0.076571
v 1.763779 -3.634980 9.773223 0.91030 0.89448 0.87378
vt 0.379102 0.351064
vn 0.747110 -0.660276 0.076571
f 1567/1567/1567 1568/1568/1568 1569/1569/1569
v 1.230957 -4.056152 11.340223 0.90728 0.89146 0.88284
vt 0.349827 0.327381
vn 0.756761 -0.648395 0.083046
v 1.763779 -3.634980 9.773223 0.90728 0.89146 0.88284
vt 0.379102 0.351064
vn 0.756761 -0.648395 0.083046
v 1.697397 -3.560830 10.957072 0.90728 0.89146 0.88284
vt 0.356492 0.353875
vn 0.756761 -0.648395 0.083046
f 1570/1570/1570 1571/1571/1571 1572/1572/1572
v 2.311038 -3.226695 -14.418726 0.51775 0.29358 0.27288
vt 0.843432 0.376997
vn 0.763088 -0.625994 -0.160713
v 2.471517 -3.243046 -13.593062 0.51775 0.29358 0.27288
vt 0.826479 0.375216
vn 0.763088 -0.625994 -0.160713
v 1.952644 -3.811521 -13.842476 0.51775 0.29358 0.27288
vt 0.860517 0.347827
vn 0.763088 -0.625994 -0.160713
f 1573/1573/1573 1574/1574/1574 1575/1575/1575
v 2.311038 -3.226695 -14.418726 0.51775 0.29358 0.27288
vt 0.843432 0.376997
vn 0.774971 -0.615647 -0.142821
v 1.952644 -3.811521 -13.842476 0.51775 0.29358 0.27288
vt 0.860517 0.347827
vn 0.774971 -0.615647 -0.142821
v 1.917550 -3.701367 -14.507730 0.51775 0.29358 0.27288
vt 0.867947 0.354218
vn 0.774971 -0.615647 -0.142821
f 1576/1576/1576 1577/1577/1577 1578/1578/1578
v 1.852962 -2.820032 12.568195 0.91030 0.91260 0.89190
vt 0.258901 0.400365
vn 0.746767 -0.572615 0.338308
v 2.033313 -2.333253 12.994009 0.91030 0.91260 0.89190
vt 0.275859 0.423579
vn 0.746767 -0.572615 0.338308
v 1.616712 -2.667248 13.348282 0.91030 0.91260 0.89190
vt 0.244143 0.409184
vn 0.746767 -0.572615 0.338308
f 1579/1579/1579 1580/1580/1580 1581/1581/1581
v 1.852962 -2.820032 12.568195 0.91030 0.91260 0.89190
vt 0.258901 0.400365
vn 0.816584 -0.467318 0.338829
v 1.616712 -2.667248 13.348282 0.91030 0.91260 0.89190
vt 0.244143 0.409184
vn 0.816584 -0.467318 0.338829
v 1.574005 -3.175391 12.750368 0.91030 0.91260 0.89190
vt 0.234715 0.384525
vn 0.816584 -0.467318 0.338829
f 1582/1582/1582 1583/1583/1583 1584/1584/1584
v 2.224865 -1.680525 13.509360 0.86803 0.86127 0.86472
vt 0.296537 0.454657
vn 0.621557 -0.593489 0.511310
v 2.488768 -0.873110 14.125741 0.86803 0.86127 0.86472
vt 0.310238 0.494059
vn 0.621557 -0.593489 0.511310
v 1.983684 -0.908393 14.698775 0.86803 0.86127 0.86472
vt 0.281027 0.494012
vn 0.621557 -0.593489 0.511310
f 1585/1585/1585 1586/1586/1586 1587/1587/1587
v 2.224865 -1.680525 13.509360 0.91030 0.91260 0.89190
vt 0.296537 0.454657
vn 0.704896 -0.521105 0.481219
v 1.983684 -0.908393 14.698775 0.91030 0.91260 0.89190
vt 0.281027 0.494012
vn 0.704896 -0.521105 0.481219
v 1.782370 -1.883711 13.937505 0.91030 0.91260 0.89190
vt 0.266192 0.446548
vn 0.704896 -0.521105 0.481219
f 1588/1588/1588 1589/1589/1589 1590/1590/1590
v 2.232015 -2.187083 -14.710583 0.51775 0.29358 0.27288
vt 0.848458 0.427521
vn 0.697503 -0.177805 -0.694172
v 2.655462 -2.182701 -14.286226 0.51775 0.29358 0.27288
vt 0.822623 0.427554
vn 0.697503 -0.177805 -0.694172
v 2.531473 -2.778861 -14.258110 0.51775 0.29358 0.27288
vt 0.827687 0.398475
vn 0.697503 -0.177805 -0.694172
f 1591/1591/1591 1592/1592/1592 1593/1593/1593
v 2.232015 -2.187083 -14.710583 0.51775 0.29358 0.27288
vt 0.848458 0.427521
vn 0.733153 -0.138139 -0.665887
v 2.531473 -2.778861 -14.258110 0.51775 0.29358 0.27288
vt 0.827687 0.398475
vn 0.733153 -0.138139 -0.665887
v 2.090100 -3.018714 -14.694311 0.51775 0.29358 0.27288
vt 0.855564 0.387173
vn 0.733153 -0.138139 -0.665887
f 1594/1594/1594 1595/1595/1595 1596/1596/1596
v 1.262943 -2.012036 14.327994 0.91030 0.91260 0.89190
vt 0.233366 0.442124
vn 0.654200 -0.497964 0.569257
v 1.177895 -2.959716 13.596738 0.91030 0.91260 0.89190
vt 0.213098 0.396673
vn 0.654200 -0.497964 0.569257
v 1.616712 -2.667248 13.348282 0.91030 0.91260 0.89190
vt 0.244143 0.409184
vn 0.654200 -0.497964 0.569257
f 1597/1597/1597 1598/1598/1598 1599/1599/1599
v 1.262943 -2.012036 14.327994 0.91030 0.91260 0.89190
vt 0.233366 0.442124
vn 0.580654 -0.564176 0.586981
v 1.616712 -2.667248 13.348282 0.91030 0.91260 0.89190
vt 0.244143 0.409184
vn 0.580654 -0.564176 0.586981
v 1.782370 -1.883711 13.937505 0.91030 0.91260 0.89190
vt 0.266192 0.446548
vn 0.580654 -0.564176 0.586981
f 1600/1600/1600 1601/1601/1601 1602/1602/1602
v 2.854638 -1.073101 -14.418727 0.51775 0.29358 0.27288
vt 0.812491 0.481447
vn 0.628206 -0.147294 -0.763977
v 2.756280 -1.654860 -14.387443 0.51775 0.29358 0.27288
vt 0.818180 0.453263
vn 0.628206 -0.147294 -0.763977
v 2.364056 -1.657762 -14.709403 0.51775 0.29358 0.27288
vt 0.841155 0.453205
vn 0.628206 -0.147294 -0.763977
f 1603/1603/1603 1604/1604/1604 1605/1605/1605
v 2.854638 -1.073101 -14.418727 0.51775 0.29358 0.27288
vt 0.812491 0.481447
vn 0.787694 -0.453789 -0.416669
v 2.364056 -1.657762 -14.709403 0.51775 0.29358 0.27288
vt 0.841155 0.453205
vn 0.787694 -0.453789 -0.416669
v 2.712966 -1.073101 -14.686552 0.51775 0.29358 0.27288
vt 0.821239 0.481490
vn 0.787694 -0.453789 -0.416669
f 1606/1606/1606 1607/1607/1607 1608/1608/1608
v 1.209904 -3.887039 12.249159 0.91030 0.91260 0.89190
vt 0.203119 0.351138
vn 0.772487 -0.618517 0.143875
v 1.217514 -3.961165 11.889631 0.91030 0.91260 0.89190
vt 0.205112 0.346944
vn 0.772487 -0.618517 0.143875
v 1.647053 -3.466808 11.708610 0.91030 0.91260 0.89190
vt 0.241010 0.368838
vn 0.772487 -0.618517 0.143875
f 1609/1609/1609 1610/1610/1610 1611/1611/1611
v 1.209904 -3.887039 12.249159 0.91030 0.91260 0.89190
vt 0.203119 0.351138
vn 0.781930 -0.601123 0.165034
v 1.647053 -3.466808 11.708610 0.91030 0.91260 0.89190
vt 0.241010 0.368838
vn 0.781930 -0.601123 0.165034
v 1.616459 -3.385067 12.151297 0.91030 0.91260 0.89190
vt 0.237007 0.373607
vn 0.781930 -0.601123 0.165034
f 1612/1612/1612 1613/1613/1613 1614/1614/1614
v 1.356679 -4.243258 -9.832494 0.51775 0.29358 0.27288
vt 0.735316 0.319717
vn 0.632467 -0.774587 -0.000789
v 1.354510 -4.244475 -10.376674 0.51775 0.29358 0.27288
vt 0.745182 0.319675
vn 0.632467 -0.774587 -0.000789
v 1.947379 -3.760486 -10.276600 0.51775 0.29358 0.27288
vt 0.744368 0.346580
vn 0.632467 -0.774587 -0.000789
f 1615/1615/1615 1616/1616/1616 1617/1617/1617
v 1.356679 -4.243258 -9.832494 0.51775 0.29358 0.27288
vt 0.735316 0.319717
vn 0.635714 -0.771898 0.006452
v 1.947379 -3.760486 -10.276600 0.51775 0.29358 0.27288
vt 0.744368 0.346580
vn 0.635714 -0.771898 0.006452
v 1.943039 -3.759782 -9.764682 0.51775 0.29358 0.27288
vt 0.734996 0.346523
vn 0.635714 -0.771898 0.006452
f 1618/1618/1618 1619/1619/1619 1620/1620/1620
v 1.362248 -4.240801 -8.773736 0.51775 0.29358 0.27288
vt 0.716155 0.319864
vn 0.636278 -0.771459 -0.001556
v 1.356679 -4.243258 -9.832494 0.51775 0.29358 0.27288
vt 0.735316 0.319717
vn 0.636278 -0.771459 -0.001556
v 1.943039 -3.759782 -9.764682 0.51775 0.29358 0.27288
vt 0.734996 0.346523
vn 0.636278 -0.771459 -0.001556
f 1621/1621/1621 1622/1622/1622 1623/1623/1623
v 1.362248 -4.240801 -8.773736 0.51775 0.29358 0.27288
vt 0.716155 0.319864
vn 0.642823 -0.765999 0.004931
v 1.943039 -3.759782 -9.764682 0.51775 0.29358 0.27288
vt 0.734996 0.346523
vn 0.642823 -0.765999 0.004931
v 1.938710 -3.758514 -9.003374 0.51775 0.29358 0.27288
vt 0.721122 0.346504
vn 0.642823 -0.765999 0.004931
f 1624/1624/1624 1625/1625/1625 1626/1626/1626
v 1.364488 -4.242350 -8.426464 0.51775 0.29358 0.27288
vt 0.709921 0.319769
vn 0.639885 -0.768433 -0.007556
v 1.362248 -4.240801 -8.773736 0.51775 0.29358 0.27288
vt 0.716155 0.319864
vn 0.639885 -0.768433 -0.007556
v 1.938710 -3.758514 -9.003374 0.51775 0.29358 0.27288
vt 0.721122 0.346504
vn 0.639885 -0.768433 -0.007556
f 1627/1627/1627 1628/1628/1628 1629/1629/1629
v 1.364488 -4.242350 -8.426464 0.51775 0.29358 0.27288
vt 0.709921 0.319769
vn 0.639284 -0.768923 -0.008565
v 1.938710 -3.758514 -9.003374 0.51775 0.29358 0.27288
vt 0.721122 0.346504
vn 0.639284 -0.768923 -0.008565
v 1.945366 -3.762909 -8.112080 0.51775 0.29358 0.27288
vt 0.704889 0.346338
vn 0.639284 -0.768923 -0.008565
f 1630/1630/1630 1631/1631/1631 1632/1632/1632
v 1.354808 -4.244784 -10.543108 0.51775 0.29358 0.27288
vt 0.748223 0.319717
vn 0.625756 -0.780017 -0.001669
v 1.349196 -4.247137 -11.547465 0.51775 0.29358 0.27288
vt 0.766485 0.319524
vn 0.625756 -0.780017 -0.001669
v 1.954739 -3.761953 -11.265286 0.51775 0.29358 0.27288
vt 0.762495 0.346673
vn 0.625756 -0.780017 -0.001669
f 1633/1633/1633 1634/1634/1634 1635/1635/1635
v 1.354808 -4.244784 -10.543108 0.51775 0.29358 0.27288
vt 0.748223 0.319717
vn 0.630117 -0.776488 0.004314
v 1.954739 -3.761953 -11.265286 0.51775 0.29358 0.27288
vt 0.762495 0.346673
vn 0.630117 -0.776488 0.004314
v 1.951639 -3.760776 -10.600504 0.51775 0.29358 0.27288
vt 0.750340 0.346673
vn 0.630117 -0.776488 0.004314
f 1636/1636/1636 1637/1637/1637 1638/1638/1638
v 1.968202 -0.656521 14.688613 0.52077 0.29660 0.26986
vt 0.018115 0.410354
vn -0.097142 0.994972 -0.024359
v 2.473287 -0.621238 14.115578 0.52077 0.29660 0.26986
vt 0.021188 0.395890
vn -0.097142 0.994972 -0.024359
v 2.363002 -0.631927 14.118758 0.52077 0.29660 0.26986
vt 0.021890 0.398700
vn -0.097142 0.994972 -0.024359
f 1639/1639/1639 1640/1640/1640 1641/1641/1641
v 1.968202 -0.656521 14.688613 0.52077 0.29660 0.26986
vt 0.018115 0.410354
vn -0.065438 0.997854 -0.002269
v 2.363002 -0.631927 14.118758 0.52077 0.29660 0.26986
vt 0.021890 0.398700
vn -0.065438 0.997854 -0.002269
v 1.901053 -0.661008 14.652073 0.52077 0.29660 0.26986
vt 0.018574 0.412106
vn -0.065438 0.997854 -0.002269
f 1642/1642/1642 1643/1643/1643 1644/1644/1644
v 2.743449 -0.882807 11.428625 0.91030 0.91260 0.89190
vt 0.026292 0.363557
vn 0.000110 -0.040309 -0.999187
v 1.342204 -0.886638 11.428625 0.91030 0.91260 0.89190
vt 0.053239 0.338006
vn 0.000110 -0.040309 -0.999187
v 1.326722 -0.634766 11.418463 0.91030 0.91260 0.89190
vt 0.063493 0.348478
vn 0.000110 -0.040309 -0.999187
f 1645/1645/1645 1646/1646/1646 1647/1647/1647
v 2.743449 -0.882807 11.428625 0.91030 0.91260 0.89190
vt 0.026292 0.363557
vn 0.000110 -0.040309 -0.999187
v 1.326722 -0.634766 11.418463 0.91030 0.91260 0.89190
vt 0.063493 0.348478
vn 0.000110 -0.040309 -0.999187
v 2.727967 -0.630935 11.418463 0.91030 0.91260 0.89190
vt 0.036800 0.374247
vn 0.000110 -0.040309 -0.999187
f 1648/1648/1648 1649/1649/1649 1650/1650/1650
v 1.342204 -0.886638 11.428625 0.91030 0.91260 0.89190
vt 0.076392 0.341347
vn -0.998115 -0.061137 0.005293
v 1.342733 -0.887889 11.513917 0.91030 0.91260 0.89190
vt 0.076806 0.341939
vn -0.998115 -0.061137 0.005293
v 1.327251 -0.636017 11.503755 0.91030 0.91260 0.89190
vt 0.063819 0.348994
vn -0.998115 -0.061137 0.005293
f 1651/1651/1651 1652/1652/1652 1653/1653/1653
v 1.342204 -0.886638 11.428625 0.91030 0.91260 0.89190
vt 0.076392 0.341347
vn -0.998115 -0.061137 0.005293
v 1.327251 -0.636017 11.503755 0.91030 0.91260 0.89190
vt 0.063819 0.348994
vn -0.998115 -0.061137 0.005293
v 1.326722 -0.634766 11.418463 0.91030 0.91260 0.89190
vt 0.063493 0.348478
vn -0.998115 -0.061137 0.005293
f 1654/1654/1654 1655/1655/1655 1656/1656/1656
v 1.342733 -0.887889 11.513917 0.91030 0.91260 0.89190
vt 0.073876 0.359543
vn -0.001306 0.040240 0.999189
v 2.761917 -0.882838 11.515569 0.91030 0.91260 0.89190
vt 0.047427 0.385705
vn -0.001306 0.040240 0.999189
v 2.746436 -0.630966 11.505405 0.91030 0.91260 0.89190
vt 0.036482 0.375675
vn -0.001306 0.040240 0.999189
f 1657/1657/1657 1658/1658/1658 1659/1659/1659
v 1.342733 -0.887889 11.513917 0.91030 0.91260 0.89190
vt 0.073876 0.359543
vn -0.001305 0.040236 0.999189
v 2.746436 -0.630966 11.505405 0.91030 0.91260 0.89190
vt 0.036482 0.375675
vn -0.001305 0.040236 0.999189
v 1.327251 -0.636017 11.503755 0.91030 0.91260 0.89190
vt 0.063819 0.348994
vn -0.001305 0.040236 0.999189
f 1660/1660/1660 1661/1661/1661 1662/1662/1662
v 2.686820 -0.883215 12.545796 0.75026 0.68613 0.65939
vt 0.042424 0.391903
vn -0.995301 -0.064106 -0.072575
v 2.671338 -0.631343 12.535632 0.75026 0.68613 0.65939
vt 0.030549 0.383447
vn -0.995301 -0.064106 -0.072575
v 2.746436 -0.630966 11.505405 0.75026 0.68613 0.65939
vt 0.036482 0.375675
vn -0.995301 -0.064106 -0.072575
f 1663/1663/1663 1664/1664/1664 1665/1665/1665
v 2.686820 -0.883215 12.545796 0.91030 0.85523 0.83151
vt 0.042424 0.391903
vn -0.995301 -0.064106 -0.072575
v 2.746436 -0.630966 11.505405 0.91030 0.85523 0.83151
vt 0.036482 0.375675
vn -0.995301 -0.064106 -0.072575
v 2.761917 -0.882838 11.515569 0.91030 0.85523 0.83151
vt 0.047427 0.385705
vn -0.995301 -0.064106 -0.072575
f 1666/1666/1666 1667/1667/1667 1668/1668/1668
v 2.631518 -0.883492 13.304442 0.52077 0.29660 0.27590
vt 0.039366 0.396600
vn -0.953610 -0.070424 -0.292692
v 2.378484 -0.883799 14.128921 0.52077 0.29660 0.27590
vt 0.035430 0.404293
vn -0.953610 -0.070424 -0.292692
v 2.363002 -0.631927 14.118758 0.52077 0.29660 0.27590
vt 0.021890 0.398700
vn -0.953610 -0.070424 -0.292692
f 1669/1669/1669 1670/1670/1670 1671/1671/1671
v 2.631518 -0.883492 13.304442 0.52077 0.29660 0.27590
vt 0.039366 0.396600
vn -0.953610 -0.070424 -0.292692
v 2.363002 -0.631927 14.118758 0.52077 0.29660 0.27590
vt 0.021890 0.398700
vn -0.953610 -0.070424 -0.292692
v 2.616037 -0.631620 13.294279 0.52077 0.29660 0.27590
vt 0.026498 0.389389
vn -0.953610 -0.070424 -0.292692
f 1672/1672/1672 1673/1673/1673 1674/1674/1674
v 2.378484 -0.883799 14.128921 0.52077 0.29660 0.26986
vt 0.035430 0.404293
vn -0.751908 -0.072661 -0.655252
v 1.916534 -0.912880 14.662238 0.52077 0.29660 0.26986
vt 0.032733 0.416102
vn -0.751908 -0.072661 -0.655252
v 1.901053 -0.661008 14.652073 0.52077 0.29660 0.26986
vt 0.018574 0.412106
vn -0.751908 -0.072661 -0.655252
f 1675/1675/1675 1676/1676/1676 1677/1677/1677
v 2.378484 -0.883799 14.128921 0.52077 0.29660 0.27590
vt 0.035430 0.404293
vn -0.751907 -0.072655 -0.655253
v 1.901053 -0.661008 14.652073 0.52077 0.29660 0.27590
vt 0.018574 0.412106
vn -0.751907 -0.072655 -0.655253
v 2.363002 -0.631927 14.118758 0.52077 0.29660 0.27590
vt 0.021890 0.398700
vn -0.751907 -0.072655 -0.655253
f 1678/1678/1678 1679/1679/1679 1680/1680/1680
v 1.916534 -0.912880 14.662238 0.49661 0.30264 0.27288
vt 0.032733 0.416102
vn -0.506951 -0.065846 -0.859456
v 1.364288 -0.938864 14.989971 0.49661 0.30264 0.27288
vt 0.030895 0.429924
vn -0.506951 -0.065846 -0.859456
v 1.348806 -0.686992 14.979806 0.49661 0.30264 0.27288
vt 0.016349 0.427562
vn -0.506951 -0.065846 -0.859456
f 1681/1681/1681 1682/1682/1682 1683/1683/1683
v 1.916534 -0.912880 14.662238 0.52077 0.29962 0.26382
vt 0.032733 0.416102
vn -0.506951 -0.065846 -0.859456
v 1.348806 -0.686992 14.979806 0.52077 0.29962 0.26382
vt 0.016349 0.427562
vn -0.506951 -0.065846 -0.859456
v 1.901053 -0.661008 14.652073 0.52077 0.29962 0.26382
vt 0.018574 0.412106
vn -0.506951 -0.065846 -0.859456
f 1684/1684/1684 1685/1685/1685 1686/1686/1686
v 1.034742 -0.933480 15.117800 0.41508 0.29660 0.33025
vt 0.029647 0.437730
vn -0.361841 -0.059787 -0.930321
v 1.019260 -0.681608 15.107635 0.41508 0.29660 0.33025
vt 0.014965 0.436856
vn -0.361841 -0.059787 -0.930321
v 1.348806 -0.686992 14.979806 0.41508 0.29660 0.33025
vt 0.016349 0.427562
vn -0.361841 -0.059787 -0.930321
f 1687/1687/1687 1688/1688/1688 1689/1689/1689
v 1.034742 -0.933480 15.117800 0.52681 0.27848 0.28194
vt 0.029647 0.437730
vn -0.361841 -0.059787 -0.930321
v 1.348806 -0.686992 14.979806 0.52681 0.27848 0.28194
vt 0.016349 0.427562
vn -0.361841 -0.059787 -0.930321
v 1.364288 -0.938864 14.989971 0.52681 0.27848 0.28194
vt 0.030895 0.429924
vn -0.361841 -0.059787 -0.930321
f 1690/1690/1690 1691/1691/1691 1692/1692/1692
v 0.000000 -0.902023 15.407993 0.19163 0.23017 0.28496
vt 0.028442 0.464313
vn -0.222143 -0.052935 -0.973576
v 0.000000 -0.650731 15.394330 0.19163 0.23017 0.28496
vt 0.013809 0.465049
vn -0.222143 -0.052935 -0.973576
v 0.671786 -0.675931 15.242418 0.19163 0.23017 0.28496
vt 0.014410 0.446674
vn -0.222143 -0.052935 -0.973576
f 1693/1693/1693 1694/1694/1694 1695/1695/1695
v 0.000000 -0.902023 15.407993 0.47850 0.30566 0.30912
vt 0.028442 0.464313
vn -0.222141 -0.052941 -0.973576
v 0.671786 -0.675931 15.242418 0.47850 0.30566 0.30912
vt 0.014410 0.446674
vn -0.222141 -0.052941 -0.973576
v 0.687268 -0.927803 15.252581 0.47850 0.30566 0.30912
vt 0.029131 0.446324
vn -0.222141 -0.052941 -0.973576
f 1696/1696/1696 1697/1697/1697 1698/1698/1698
v 0.687732 -0.928643 15.327139 0.15540 0.26640 0.33931
vt 0.208313 0.496612
vn 0.364883 0.059926 0.929123
v 1.035197 -0.934431 15.191057 0.15540 0.26640 0.33931
vt 0.227680 0.495402
vn 0.364883 0.059926 0.929123
v 1.019715 -0.682559 15.180892 0.15540 0.26640 0.33931
vt 0.230471 0.507580
vn 0.364883 0.059926 0.929123
f 1699/1699/1699 1700/1700/1700 1701/1701/1701
v 0.687732 -0.928643 15.327139 0.15842 0.27244 0.33629
vt 0.208313 0.496612
vn 0.364885 0.059921 0.929122
v 1.019715 -0.682559 15.180892 0.15842 0.27244 0.33629
vt 0.230471 0.507580
vn 0.364885 0.059921 0.929122
v 0.672251 -0.676771 15.316975 0.15842 0.27244 0.33629
vt 0.210726 0.508764
vn 0.364885 0.059921 0.929122
f 1702/1702/1702 1703/1703/1703 1704/1704/1704
v 1.364734 -0.939920 15.061995 0.43320 0.38115 0.35139
vt 0.245889 0.494166
vn 0.502538 0.065672 0.862058
v 1.983684 -0.908393 14.698775 0.43320 0.38115 0.35139
vt 0.281027 0.494012
vn 0.502538 0.065672 0.862058
v 1.968202 -0.656521 14.688613 0.43320 0.38115 0.35139
vt 0.284689 0.506188
vn 0.502538 0.065672 0.862058
f 1705/1705/1705 1706/1706/1706 1707/1707/1707
v 1.364734 -0.939920 15.061995 0.31242 0.31472 0.33327
vt 0.245889 0.494166
vn 0.502536 0.065676 0.862058
v 1.968202 -0.656521 14.688613 0.31242 0.31472 0.33327
vt 0.284689 0.506188
vn 0.502536 0.065676 0.862058
v 1.349253 -0.688049 15.051831 0.31242 0.31472 0.33327
vt 0.248884 0.506399
vn 0.502536 0.065676 0.862058
f 1708/1708/1708 1709/1709/1709 1710/1710/1710
v 1.983684 -0.908393 14.698775 0.15238 0.26640 0.31817
vt 0.281027 0.494012
vn 0.745987 0.072563 0.661995
v 2.488768 -0.873110 14.125741 0.15238 0.26640 0.31817
vt 0.310238 0.494059
vn 0.745987 0.072563 0.661995
v 2.473287 -0.621238 14.115578 0.15238 0.26640 0.31817
vt 0.315549 0.506051
vn 0.745987 0.072563 0.661995
f 1711/1711/1711 1712/1712/1712 1713/1713/1713
v 1.983684 -0.908393 14.698775 0.14332 0.26942 0.33025
vt 0.281027 0.494012
vn 0.745987 0.072564 0.661996
v 2.473287 -0.621238 14.115578 0.14332 0.26942 0.33025
vt 0.315549 0.506051
vn 0.745987 0.072564 0.661996
v 1.968202 -0.656521 14.688613 0.14332 0.26942 0.33025
vt 0.284689 0.506188
vn 0.745987 0.072564 0.661996
f 1714/1714/1714 1715/1715/1715 1716/1716/1716
v 2.488768 -0.873110 14.125741 0.23089 0.26338 0.30912
vt 0.310238 0.494059
vn 0.955611 0.070283 0.286126
v 2.737267 -0.869004 13.294792 0.23089 0.26338 0.30912
vt 0.328411 0.492634
vn 0.955611 0.070283 0.286126
v 2.721785 -0.617132 13.284628 0.23089 0.26338 0.30912
vt 0.335773 0.504483
vn 0.955611 0.070283 0.286126
f 1717/1717/1717 1718/1718/1718 1719/1719/1719
v 2.488768 -0.873110 14.125741 0.20069 0.27244 0.34535
vt 0.310238 0.494059
vn 0.955611 0.070282 0.286126
v 2.721785 -0.617132 13.284628 0.20069 0.27244 0.34535
vt 0.335773 0.504483
vn 0.955611 0.070282 0.286126
v 2.473287 -0.621238 14.115578 0.20069 0.27244 0.34535
vt 0.315549 0.506051
vn 0.955611 0.070282 0.286126
f 1720/1720/1720 1721/1721/1721 1722/1722/1722
v 2.737267 -0.869004 13.294792 0.23089 0.24829 0.29100
vt 0.328411 0.492634
vn 0.994828 0.064320 0.078618
v 2.797901 -0.883304 12.539227 0.23089 0.24829 0.29100
vt 0.339070 0.490520
vn 0.994828 0.064320 0.078618
v 2.782420 -0.631432 12.529062 0.23089 0.24829 0.29100
vt 0.348578 0.502334
vn 0.994828 0.064320 0.078618
f 1723/1723/1723 1724/1724/1724 1725/1725/1725
v 2.737267 -0.869004 13.294792 0.18257 0.26942 0.32119
vt 0.328411 0.492634
vn 0.994828 0.064320 0.078618
v 2.782420 -0.631432 12.529062 0.18257 0.26942 0.32119
vt 0.348578 0.502334
vn 0.994828 0.064320 0.078618
v 2.721785 -0.617132 13.284628 0.18257 0.26942 0.32119
vt 0.335773 0.504483
vn 0.994828 0.064320 0.078618
f 1726/1726/1726 1727/1727/1727 1728/1728/1728
v 2.880242 -0.902722 11.513184 0.63250 0.54119 0.54465
vt 0.354104 0.487833
vn 0.995024 0.064233 0.076171
v 2.885155 -0.903881 11.449976 0.63250 0.54119 0.54465
vt 0.351775 0.487548
vn 0.995024 0.064233 0.076171
v 2.869674 -0.652009 11.439812 0.63250 0.54119 0.54465
vt 0.366603 0.498717
vn 0.995024 0.064233 0.076171
f 1729/1729/1729 1730/1730/1730 1731/1731/1731
v 2.880242 -0.902722 11.513184 0.42112 0.29962 0.32723
vt 0.354104 0.487833
vn 0.995024 0.064233 0.076170
v 2.869674 -0.652009 11.439812 0.42112 0.29962 0.32723
vt 0.366603 0.498717
vn 0.995024 0.064233 0.076170
v 2.864760 -0.650850 11.503021 0.42112 0.29962 0.32723
vt 0.365651 0.498997
vn 0.995024 0.064233 0.076170
f 1732/1732/1732 1733/1733/1733 1734/1734/1734
v 2.885155 -0.903881 11.449976 0.91030 0.91260 0.89190
vt 0.022715 0.365141
vn 0.144403 -0.031030 -0.989032
v 2.743449 -0.882807 11.428625 0.91030 0.91260 0.89190
vt 0.026292 0.363557
vn 0.144403 -0.031030 -0.989032
v 2.727967 -0.630935 11.418463 0.91030 0.91260 0.89190
vt 0.036800 0.374247
vn 0.144403 -0.031030 -0.989032
f 1735/1735/1735 1736/1736/1736 1737/1737/1737
v 2.885155 -0.903881 11.449976 0.91030 0.91260 0.89190
vt 0.022715 0.365141
vn 0.144394 -0.031035 -0.989033
v 2.727967 -0.630935 11.418463 0.91030 0.91260 0.89190
vt 0.036800 0.374247
vn 0.144394 -0.031035 -0.989033
v 2.869674 -0.652009 11.439812 0.91030 0.91260 0.89190
vt 0.033175 0.374878
vn 0.144394 -0.031035 -0.989033
f 1738/1738/1738 1739/1739/1739 1740/1740/1740
v 0.000000 -0.882318 11.432900 0.91030 0.91260 0.89190
vt 0.108285 0.053714
vn -0.006555 -0.031357 -0.999487
v 0.000000 -0.630555 11.425001 0.91030 0.91260 0.89190
vt 0.093609 0.053098
vn -0.006555 -0.031357 -0.999487
v 0.668431 -0.632990 11.420694 0.91030 0.91260 0.89190
vt 0.094366 0.035405
vn -0.006555 -0.031357 -0.999487
f 1741/1741/1741 1742/1742/1742 1743/1743/1743
v 0.000000 -0.882318 11.432900 0.91030 0.91260 0.89190
vt 0.108285 0.053714
vn -0.006554 -0.031359 -0.999487
v 0.668431 -0.632990 11.420694 0.91030 0.91260 0.89190
vt 0.094366 0.035405
vn -0.006554 -0.031359 -0.999487
v 0.663457 -0.884734 11.428625 0.91030 0.91260 0.89190
vt 0.109089 0.036090
vn -0.006554 -0.031359 -0.999487
f 1744/1744/1744 1745/1745/1745 1746/1746/1746
v 0.663981 -0.885681 11.512689 0.91030 0.91260 0.89190
vt 0.093313 0.020740
vn 0.999780 -0.019956 -0.006450
v 0.663457 -0.884734 11.428625 0.91030 0.91260 0.89190
vt 0.094018 0.020781
vn 0.999780 -0.019956 -0.006450
v 0.668431 -0.632990 11.420694 0.91030 0.91260 0.89190
vt 0.094366 0.035405
vn 0.999780 -0.019956 -0.006450
f 1747/1747/1747 1748/1748/1748 1749/1749/1749
v 0.663981 -0.885681 11.512689 0.91030 0.91260 0.89190
vt 0.093313 0.020740
vn 0.999780 -0.019957 -0.006450
v 0.668431 -0.632990 11.420694 0.91030 0.91260 0.89190
vt 0.094366 0.035405
vn 0.999780 -0.019957 -0.006450
v 0.668955 -0.633936 11.504758 0.91030 0.91260 0.89190
vt 0.093659 0.035363
vn 0.999780 -0.019957 -0.006450
f 1750/1750/1750 1751/1751/1751 1752/1752/1752
v 1.011817 -2.098841 11.394940 0.17352 0.27244 0.32723
vt 0.858815 0.637066
vn 0.007135 0.999975 -0.000000
v 1.011817 -2.098841 10.943063 0.17352 0.27244 0.32723
vt 0.854492 0.636935
vn 0.007135 0.999975 -0.000000
v 0.663457 -2.096355 10.943063 0.17352 0.27244 0.32723
vt 0.855016 0.626157
vn 0.007135 0.999975 -0.000000
f 1753/1753/1753 1754/1754/1754 1755/1755/1755
v 1.011817 -2.098841 11.394940 0.16446 0.26942 0.32421
vt 0.858815 0.637066
vn 0.007136 0.999975 -0.000000
v 0.663457 -2.096355 10.943063 0.16446 0.26942 0.32421
vt 0.855016 0.626157
vn 0.007136 0.999975 -0.000000
v 0.663457 -2.096355 11.394940 0.16446 0.26942 0.32421
vt 0.859454 0.626327
vn 0.007136 0.999975 -0.000000
f 1756/1756/1756 1757/1757/1757 1758/1758/1758
v 1.809380 1.390970 -8.887413 0.16446 0.26942 0.33629
vt 0.154348 0.974225
vn 1.000000 0.000808 -0.000000
v 1.809137 1.691335 -8.887917 0.16446 0.26942 0.33629
vt 0.153761 0.950357
vn 1.000000 0.000808 -0.000000
v 1.809137 1.691411 -6.516776 0.16446 0.26942 0.33629
vt 0.181275 0.949689
vn 1.000000 0.000808 -0.000000
f 1759/1759/1759 1760/1760/1760 1761/1761/1761
v 1.809380 1.390970 -8.887413 0.16144 0.26640 0.33327
vt 0.154348 0.974225
vn 1.000000 0.000808 -0.000000
v 1.809137 1.691411 -6.516776 0.16144 0.26640 0.33327
vt 0.181275 0.949689
vn 1.000000 0.000808 -0.000000
v 1.809380 1.391047 -6.516271 0.16144 0.26640 0.33327
vt 0.181602 0.973642
vn 1.000000 0.000808 -0.000000
f 1762/1762/1762 1763/1763/1763 1764/1764/1764
v 1.251220 1.390941 -8.887413 0.17955 0.27546 0.32723
vt 0.134088 0.974710
vn 0.000000 -0.001678 -0.999999
v 1.250977 1.691305 -8.887917 0.17955 0.27546 0.32723
vt 0.133476 0.950807
vn 0.000000 -0.001678 -0.999999
v 1.809137 1.691335 -8.887917 0.17955 0.27546 0.32723
vt 0.153761 0.950357
vn 0.000000 -0.001678 -0.999999
f 1765/1765/1765 1766/1766/1766 1767/1767/1767
v 1.251220 1.390941 -8.887413 0.19163 0.28150 0.34837
vt 0.134088 0.974710
vn 0.000000 -0.001678 -0.999999
v 1.809137 1.691335 -8.887917 0.19163 0.28150 0.34837
vt 0.153761 0.950357
vn 0.000000 -0.001678 -0.999999
v 1.809380 1.390970 -8.887413 0.19163 0.28150 0.34837
vt 0.154348 0.974225
vn 0.000000 -0.001678 -0.999999
f 1768/1768/1768 1769/1769/1769 1770/1770/1770
v 0.000000 1.390852 -8.887413 0.51775 0.29358 0.27288
vt 0.088778 0.975854
vn 0.000001 -0.001680 -0.999999
v 0.000000 1.691216 -8.887918 0.51775 0.29358 0.27288
vt 0.088142 0.951954
vn 0.000001 -0.001680 -0.999999
v 0.662453 1.691274 -8.887917 0.51775 0.29358 0.27288
vt 0.112133 0.951331
vn 0.000001 -0.001680 -0.999999
f 1771/1771/1771 1772/1772/1772 1773/1773/1773
v 0.000000 1.390852 -8.887413 0.51775 0.29358 0.27288
vt 0.088778 0.975854
vn 0.000000 -0.001678 -0.999999
v 0.662453 1.691274 -8.887917 0.51775 0.29358 0.27288
vt 0.112133 0.951331
vn 0.000000 -0.001678 -0.999999
v 0.662695 1.390910 -8.887413 0.51775 0.29358 0.27288
vt 0.112762 0.975233
vn 0.000000 -0.001678 -0.999999
f 1774/1774/1774 1775/1775/1775 1776/1776/1776
v 0.662310 2.462867 -6.151965 0.15540 0.26036 0.33025
vt 0.224065 0.888679
vn 0.000066 -0.463112 0.886300
v -0.000000 2.462772 -6.151965 0.15540 0.26036 0.33025
vt 0.247840 0.888765
vn 0.000066 -0.463112 0.886300
v 0.000000 1.872760 -6.460260 0.15540 0.26036 0.33025
vt 0.247661 0.935884
vn 0.000066 -0.463112 0.886300
f 1777/1777/1777 1778/1778/1778 1779/1779/1779
v 0.662310 2.462867 -6.151965 0.15540 0.26036 0.33025
vt 0.224065 0.888679
vn 0.000066 -0.463112 0.886300
v 0.000000 1.872760 -6.460260 0.15540 0.26036 0.33025
vt 0.247661 0.935884
vn 0.000066 -0.463112 0.886300
v 0.662352 1.872854 -6.460260 0.15540 0.26036 0.33025
vt 0.223632 0.935797
vn 0.000066 -0.463112 0.886300
f 1780/1780/1780 1781/1781/1781 1782/1782/1782
v 1.409049 2.462930 -6.151965 0.16446 0.26942 0.33629
vt 0.197337 0.888493
vn 0.000037 -0.463112 0.886300
v 1.250809 2.462918 -6.151965 0.16446 0.26942 0.33629
vt 0.202949 0.888541
vn 0.000037 -0.463112 0.886300
v 1.250902 1.872905 -6.460260 0.16446 0.26942 0.33629
vt 0.202268 0.935631
vn 0.000037 -0.463112 0.886300
f 1783/1783/1783 1784/1784/1784 1785/1785/1785
v 1.409049 2.462930 -6.151965 0.15238 0.26338 0.33025
vt 0.197337 0.888493
vn 0.000041 -0.463113 0.886299
v 1.250902 1.872905 -6.460260 0.15238 0.26338 0.33025
vt 0.202268 0.935631
vn 0.000041 -0.463113 0.886299
v 1.409200 1.872919 -6.460260 0.15238 0.26338 0.33025
vt 0.196496 0.935569
vn 0.000041 -0.463113 0.886299
f 1786/1786/1786 1787/1787/1787 1788/1788/1788
v 1.808894 2.292871 -8.888424 0.17050 0.27546 0.34535
vt 0.152071 0.902420
vn 1.000000 0.000273 -0.000033
v 1.808894 2.643680 -6.019193 0.17050 0.27546 0.34535
vt 0.183650 0.873981
vn 1.000000 0.000273 -0.000033
v 1.809137 1.691411 -6.516776 0.17050 0.27546 0.34535
vt 0.181275 0.949689
vn 1.000000 0.000273 -0.000033
f 1789/1789/1789 1790/1790/1790 1791/1791/1791
v 1.808894 2.292871 -8.888424 0.14936 0.25433 0.31817
vt 0.152071 0.902420
vn 1.000000 0.000405 -0.000000
v 1.809137 1.691411 -6.516776 0.14936 0.25433 0.31817
vt 0.181275 0.949689
vn 1.000000 0.000405 -0.000000
v 1.809137 1.691335 -8.887917 0.14936 0.25433 0.31817
vt 0.153761 0.950357
vn 1.000000 0.000405 -0.000000
f 1792/1792/1792 1793/1793/1793 1794/1794/1794
v 0.662209 2.292811 -8.888424 0.51171 0.28452 0.26684
vt 0.110753 0.903456
vn 0.000001 -0.000842 -1.000000
v 1.250734 2.292842 -8.888424 0.51171 0.28452 0.26684
vt 0.132016 0.902904
vn 0.000001 -0.000842 -1.000000
v 1.250977 1.691305 -8.887917 0.51171 0.28452 0.26684
vt 0.133476 0.950807
vn 0.000001 -0.000842 -1.000000
f 1795/1795/1795 1796/1796/1796 1797/1797/1797
v 0.662209 2.292811 -8.888424 0.51775 0.29358 0.27288
vt 0.110753 0.903456
vn 0.000000 -0.000843 -1.000000
v 1.250977 1.691305 -8.887917 0.51775 0.29358 0.27288
vt 0.133476 0.950807
vn 0.000000 -0.000843 -1.000000
v 0.662453 1.691274 -8.887917 0.51775 0.29358 0.27288
vt 0.112133 0.951331
vn 0.000000 -0.000843 -1.000000
f 1798/1798/1798 1799/1799/1799 1800/1800/1800
v 1.694657 -1.073101 -14.866269 0.69289 0.19091 0.17625
vt 0.525432 0.642319
vn 0.000000 1.000000 0.000000
v 1.810142 -1.073101 -12.577980 0.69289 0.19091 0.17625
vt 0.547988 0.647748
vn 0.000000 1.000000 0.000000
v 2.743449 -1.073101 -12.577980 0.69289 0.19091 0.17625
vt 0.545533 0.677090
vn 0.000000 1.000000 0.000000
f 1801/1801/1801 1802/1802/1802 1803/1803/1803
v 1.694657 -1.073101 -14.866269 0.72610 0.17884 0.15210
vt 0.525432 0.642319
vn -0.000000 1.000000 0.000000
v 2.743449 -1.073101 -12.577980 0.72610 0.17884 0.15210
vt 0.545533 0.677090
vn -0.000000 1.000000 0.000000
v 2.736682 -1.073100 -14.548062 0.72610 0.17884 0.15210
vt 0.525911 0.675272
vn -0.000000 1.000000 0.000000
f 1804/1804/1804 1805/1805/1805 1806/1806/1806
v 2.887267 -1.073101 -14.078501 0.51775 0.29358 0.26684
vt 0.806779 0.481417
vn 0.995433 -0.000001 -0.095465
v 2.854638 -1.073101 -14.418727 0.51775 0.29358 0.26684
vt 0.812491 0.481447
vn 0.995433 -0.000001 -0.095465
v 2.854638 -0.771465 -14.418730 0.51775 0.29358 0.26684
vt 0.811248 0.495894
vn 0.995433 -0.000001 -0.095465
f 1807/1807/1807 1808/1808/1808 1809/1809/1809
v 2.887267 -1.073101 -14.078501 0.49057 0.27848 0.26684
vt 0.806779 0.481417
vn 0.992748 -0.025196 -0.117544
v 2.854638 -0.771465 -14.418730 0.49057 0.27848 0.26684
vt 0.811248 0.495894
vn 0.992748 -0.025196 -0.117544
v 2.887267 -0.771465 -14.143157 0.49057 0.27848 0.26684
vt 0.806484 0.496316
vn 0.992748 -0.025196 -0.117544
f 1810/1810/1810 1811/1811/1811 1812/1812/1812
v 2.854638 -1.073101 -14.418727 0.50869 0.29962 0.26684
vt 0.812491 0.481447
vn 0.883948 -0.000005 -0.467585
v 2.712966 -1.073101 -14.686552 0.50869 0.29962 0.26684
vt 0.821239 0.481490
vn 0.883948 -0.000005 -0.467585
v 2.712966 -0.771465 -14.686556 0.50869 0.29962 0.26684
vt 0.820480 0.495979
vn 0.883948 -0.000005 -0.467585
f 1813/1813/1813 1814/1814/1814 1815/1815/1815
v 2.854638 -1.073101 -14.418727 0.51171 0.29358 0.27892
vt 0.812491 0.481447
vn 0.883948 -0.000005 -0.467585
v 2.712966 -0.771465 -14.686556 0.51171 0.29358 0.27892
vt 0.820480 0.495979
vn 0.883948 -0.000005 -0.467585
v 2.854638 -0.771465 -14.418730 0.51171 0.29358 0.27892
vt 0.811248 0.495894
vn 0.883948 -0.000005 -0.467585
f 1816/1816/1816 1817/1817/1817 1818/1818/1818
v 2.712966 -1.073101 -14.686552 0.52077 0.29358 0.28798
vt 0.821239 0.481490
vn 0.318722 -0.000011 -0.947848
v 1.671152 -1.073101 -15.036871 0.52077 0.29358 0.28798
vt 0.880740 0.481781
vn 0.318722 -0.000011 -0.947848
v 1.671152 -0.771465 -15.036875 0.52077 0.29358 0.28798
vt 0.880206 0.496427
vn 0.318722 -0.000011 -0.947848
f 1819/1819/1819 1820/1820/1820 1821/1821/1821
v 2.712966 -1.073101 -14.686552 0.39395 0.29660 0.30308
vt 0.821239 0.481490
vn 0.318722 -0.000011 -0.947848
v 1.671152 -0.771465 -15.036875 0.39395 0.29660 0.30308
vt 0.880206 0.496427
vn 0.318722 -0.000011 -0.947848
v 2.712966 -0.771465 -14.686556 0.39395 0.29660 0.30308
vt 0.820480 0.495979
vn 0.318722 -0.000011 -0.947848
f 1822/1822/1822 1823/1823/1823 1824/1824/1824
v 1.180646 -1.073101 -15.176029 0.33355 0.27546 0.31515
vt 0.908699 0.481942
vn 0.272929 -0.000007 -0.962034
v 1.180646 -0.771465 -15.176031 0.33355 0.27546 0.31515
vt 0.908219 0.496581
vn 0.272929 -0.000007 -0.962034
v 1.671152 -0.771465 -15.036875 0.33355 0.27546 0.31515
vt 0.880206 0.496427
vn 0.272929 -0.000007 -0.962034
f 1825/1825/1825 1826/1826/1826 1827/1827/1827
v 1.180646 -1.073101 -15.176029 0.47246 0.31170 0.29100
vt 0.908699 0.481942
vn 0.272931 -0.000011 -0.962034
v 1.671152 -0.771465 -15.036875 0.47246 0.31170 0.29100
vt 0.880206 0.496427
vn 0.272931 -0.000011 -0.962034
v 1.671152 -1.073101 -15.036871 0.47246 0.31170 0.29100
vt 0.880740 0.481781
vn 0.272931 -0.000011 -0.962034
f 1828/1828/1828 1829/1829/1829 1830/1830/1830
v 0.000000 -1.073101 -15.499997 0.28222 0.25433 0.28496
vt 0.976310 0.482246
vn 0.258095 -0.000011 -0.966119
v 0.000000 -0.771465 -15.500000 0.28222 0.25433 0.28496
vt 0.975895 0.496893
vn 0.258095 -0.000011 -0.966119
v 0.663457 -0.771465 -15.322760 0.28222 0.25433 0.28496
vt 0.937840 0.496729
vn 0.258095 -0.000011 -0.966119
f 1831/1831/1831 1832/1832/1832 1833/1833/1833
v 0.000000 -1.073101 -15.499997 0.48152 0.29660 0.27892
vt 0.976310 0.482246
vn 0.258095 -0.000011 -0.966119
v 0.663457 -0.771465 -15.322760 0.48152 0.29660 0.27892
vt 0.937840 0.496729
vn 0.258095 -0.000011 -0.966119
v 0.663457 -1.073101 -15.322756 0.48152 0.29660 0.27892
vt 0.938278 0.482091
vn 0.258095 -0.000011 -0.966119
f 1834/1834/1834 1835/1835/1835 1836/1836/1836
v 1.192710 -1.073101 -15.005426 0.20069 0.28452 0.34535
vt 0.726814 0.975850
vn -0.267159 0.000007 0.963652
v 1.192710 -0.771465 -15.005428 0.20069 0.28452 0.34535
vt 0.725823 0.953761
vn -0.267159 0.000007 0.963652
v 0.663457 -0.771465 -15.152156 0.20069 0.28452 0.34535
vt 0.743550 0.952932
vn -0.267159 0.000007 0.963652
f 1837/1837/1837 1838/1838/1838 1839/1839/1839
v 1.192710 -1.073101 -15.005426 0.20975 0.24829 0.29704
vt 0.726814 0.975850
vn -0.267157 0.000011 0.963653
v 0.663457 -0.771465 -15.152156 0.20975 0.24829 0.29704
vt 0.743550 0.952932
vn -0.267157 0.000011 0.963653
v 0.663457 -1.073101 -15.152153 0.20975 0.24829 0.29704
vt 0.744471 0.975076
vn -0.267157 0.000011 0.963653
f 1840/1840/1840 1841/1841/1841 1842/1842/1842
v 1.694657 -1.073101 -14.866269 0.40905 0.29962 0.33025
vt 0.710062 0.976613
vn -0.292059 0.000011 0.956400
v 2.736682 -1.073100 -14.548062 0.40905 0.29962 0.33025
vt 0.675255 0.978298
vn -0.292059 0.000011 0.956400
v 2.736682 -0.771465 -14.548065 0.40905 0.29962 0.33025
vt 0.674175 0.956234
vn -0.292059 0.000011 0.956400
f 1843/1843/1843 1844/1844/1844 1845/1845/1845
v 1.694657 -1.073101 -14.866269 0.42112 0.37813 0.38763
vt 0.710062 0.976613
vn -0.292059 0.000011 0.956400
v 2.736682 -0.771465 -14.548065 0.42112 0.37813 0.38763
vt 0.674175 0.956234
vn -0.292059 0.000011 0.956400
v 1.694657 -0.771465 -14.866272 0.42112 0.37813 0.38763
vt 0.709040 0.954507
vn -0.292059 0.000011 0.956400
f 1846/1846/1846 1847/1847/1847 1848/1848/1848
v 0.663056 0.424715 -12.579305 0.59324 0.58044 0.57182
vt 0.134046 0.584073
vn -1.000000 -0.000161 0.000000
v 0.663056 0.424716 -12.459030 0.59324 0.58044 0.57182
vt 0.133178 0.585258
vn -1.000000 -0.000161 0.000000
v 0.663007 0.726352 -12.459416 0.59324 0.58044 0.57182
vt 0.113816 0.569087
vn -1.000000 -0.000161 0.000000
f 1849/1849/1849 1850/1850/1850 1851/1851/1851
v 0.663056 0.424715 -12.579305 0.58116 0.57742 0.55672
vt 0.134046 0.584073
vn -1.000000 -0.000161 0.000000
v 0.663007 0.726352 -12.459416 0.58116 0.57742 0.55672
vt 0.113816 0.569087
vn -1.000000 -0.000161 0.000000
v 0.663007 0.726351 -12.579690 0.58116 0.57742 0.55672
vt 0.113739 0.568126
vn -1.000000 -0.000161 0.000000
f 1852/1852/1852 1853/1853/1853 1854/1854/1854
v 1.251580 0.424718 -12.459030 0.59626 0.59856 0.57786
vt 0.118704 0.602447
vn -0.000000 0.001277 0.999999
v 1.251531 0.726353 -12.459416 0.59626 0.59856 0.57786
vt 0.099260 0.586056
vn -0.000000 0.001277 0.999999
v 0.663007 0.726352 -12.459416 0.59626 0.59856 0.57786
vt 0.113816 0.569087
vn -0.000000 0.001277 0.999999
f 1855/1855/1855 1856/1856/1856 1857/1857/1857
v 1.251580 0.424718 -12.459030 0.59626 0.59856 0.57786
vt 0.118704 0.602447
vn -0.000000 0.001277 0.999999
v 0.663007 0.726352 -12.459416 0.59626 0.59856 0.57786
vt 0.113816 0.569087
vn -0.000000 0.001277 0.999999
v 0.663056 0.424716 -12.459030 0.59626 0.59856 0.57786
vt 0.133178 0.585258
vn -0.000000 0.001277 0.999999
f 1858/1858/1858 1859/1859/1859 1860/1860/1860
v 1.809740 0.424719 -12.459030 0.51775 0.29358 0.27288
vt 0.105057 0.618615
vn -0.000000 0.001277 0.999999
v 2.759211 0.424784 -12.459030 0.51775 0.29358 0.27288
vt 0.082536 0.646682
vn -0.000000 0.001277 0.999999
v 2.759162 0.726420 -12.459416 0.51775 0.29358 0.27288
vt 0.062317 0.631074
vn -0.000000 0.001277 0.999999
f 1861/1861/1861 1862/1862/1862 1863/1863/1863
v 1.809740 0.424719 -12.459030 0.52681 0.28754 0.27288
vt 0.105057 0.618615
vn -0.000000 0.001277 0.999999
v 2.759162 0.726420 -12.459416 0.52681 0.28754 0.27288
vt 0.062317 0.631074
vn -0.000000 0.001277 0.999999
v 1.809691 0.726354 -12.459416 0.52681 0.28754 0.27288
vt 0.085413 0.602460
vn -0.000000 0.001277 0.999999
f 1864/1864/1864 1865/1865/1865 1866/1866/1866
v 2.916642 0.424793 -12.459030 0.15238 0.26338 0.33025
vt 0.968421 0.832400
vn 1.000000 0.000161 -0.000000
v 2.916642 0.424789 -12.579305 0.15238 0.26338 0.33025
vt 0.969782 0.832410
vn 1.000000 0.000161 -0.000000
v 2.916593 0.726424 -12.579690 0.15238 0.26338 0.33025
vt 0.969597 0.856038
vn 1.000000 0.000161 -0.000000
f 1867/1867/1867 1868/1868/1868 1869/1869/1869
v 2.916642 0.424793 -12.459030 0.15238 0.26338 0.33025
vt 0.968421 0.832400
vn 1.000000 0.000161 -0.000000
v 2.916593 0.726424 -12.579690 0.15238 0.26338 0.33025
vt 0.969597 0.856038
vn 1.000000 0.000161 -0.000000
v 2.916593 0.726428 -12.459416 0.15238 0.26338 0.33025
vt 0.968236 0.856029
vn 1.000000 0.000161 -0.000000
f 1870/1870/1870 1871/1871/1871 1872/1872/1872
v 2.916642 0.424789 -12.579305 0.17654 0.28150 0.35139
vt 0.412560 0.826225
vn 0.000000 -0.001277 -0.999999
v 2.759211 0.424780 -12.579305 0.17654 0.28150 0.35139
vt 0.418166 0.826311
vn 0.000000 -0.001277 -0.999999
v 2.759162 0.726415 -12.579690 0.17654 0.28150 0.35139
vt 0.417796 0.849935
vn 0.000000 -0.001277 -0.999999
f 1873/1873/1873 1874/1874/1874 1875/1875/1875
v 2.916642 0.424789 -12.579305 0.15238 0.26338 0.33025
vt 0.412560 0.826225
vn 0.000000 -0.001277 -0.999999
v 2.759162 0.726415 -12.579690 0.15238 0.26338 0.33025
vt 0.417796 0.849935
vn 0.000000 -0.001277 -0.999999
v 2.916593 0.726424 -12.579690 0.15238 0.26338 0.33025
vt 0.412192 0.849849
vn 0.000000 -0.001277 -0.999999
f 1876/1876/1876 1877/1877/1877 1878/1878/1878
v 2.759211 0.424780 -12.579305 0.15238 0.26338 0.33025
vt 0.418166 0.826311
vn 0.000000 -0.001277 -0.999999
v 1.809740 0.424715 -12.579305 0.15238 0.26338 0.33025
vt 0.451960 0.826837
vn 0.000000 -0.001277 -0.999999
v 1.809691 0.726351 -12.579690 0.15238 0.26338 0.33025
vt 0.451584 0.850460
vn 0.000000 -0.001277 -0.999999
f 1879/1879/1879 1880/1880/1880 1881/1881/1881
v 2.759211 0.424780 -12.579305 0.15540 0.26036 0.33025
vt 0.418166 0.826311
vn 0.000000 -0.001277 -0.999999
v 1.809691 0.726351 -12.579690 0.15540 0.26036 0.33025
vt 0.451584 0.850460
vn 0.000000 -0.001277 -0.999999
v 2.759162 0.726415 -12.579690 0.15540 0.26036 0.33025
vt 0.417796 0.849935
vn 0.000000 -0.001277 -0.999999
f 1882/1882/1882 1883/1883/1883 1884/1884/1884
v 1.251580 0.424715 -12.579305 0.17050 0.27546 0.34535
vt 0.471846 0.827156
vn 0.000000 -0.001277 -0.999999
v 1.251531 0.726351 -12.579690 0.17050 0.27546 0.34535
vt 0.471452 0.850777
vn 0.000000 -0.001277 -0.999999
v 1.809691 0.726351 -12.579690 0.17050 0.27546 0.34535
vt 0.451584 0.850460
vn 0.000000 -0.001277 -0.999999
f 1885/1885/1885 1886/1886/1886 1887/1887/1887
v 1.251580 0.424715 -12.579305 0.15238 0.26338 0.33025
vt 0.471846 0.827156
vn 0.000000 -0.001277 -0.999999
v 1.809691 0.726351 -12.579690 0.15238 0.26338 0.33025
vt 0.451584 0.850460
vn 0.000000 -0.001277 -0.999999
v 1.809740 0.424715 -12.579305 0.15238 0.26338 0.33025
vt 0.451960 0.826837
vn 0.000000 -0.001277 -0.999999
f 1888/1888/1888 1889/1889/1889 1890/1890/1890
v 1.809380 1.391052 -6.359826 0.16144 0.26036 0.32421
vt 0.859261 0.907203
vn -0.000000 0.001580 0.999999
v 2.758852 1.391117 -6.359826 0.16144 0.26036 0.32421
vt 0.893072 0.907488
vn -0.000000 0.001580 0.999999
v 2.758753 1.692752 -6.360303 0.16144 0.26036 0.32421
vt 0.892869 0.931113
vn -0.000000 0.001580 0.999999
f 1891/1891/1891 1892/1892/1892 1893/1893/1893
v 1.809380 1.391052 -6.359826 0.19767 0.27546 0.33931
vt 0.859261 0.907203
vn -0.000000 0.001580 0.999999
v 2.758753 1.692752 -6.360303 0.19767 0.27546 0.33931
vt 0.892869 0.931113
vn -0.000000 0.001580 0.999999
v 1.809281 1.692688 -6.360303 0.19767 0.27546 0.33931
vt 0.859060 0.930830
vn -0.000000 0.001580 0.999999
f 1894/1894/1894 1895/1895/1895 1896/1896/1896
v 2.758852 1.391117 -6.359826 0.15842 0.25735 0.32119
vt 0.893072 0.907488
vn -0.000000 0.001580 0.999999
v 2.916281 1.391127 -6.359826 0.15842 0.25735 0.32119
vt 0.898702 0.907530
vn -0.000000 0.001580 0.999999
v 2.916182 1.692762 -6.360303 0.15842 0.25735 0.32119
vt 0.898493 0.931157
vn -0.000000 0.001580 0.999999
f 1897/1897/1897 1898/1898/1898 1899/1899/1899
v 2.758852 1.391117 -6.359826 0.16144 0.26036 0.33025
vt 0.893072 0.907488
vn -0.000000 0.001580 0.999999
v 2.916182 1.692762 -6.360303 0.16144 0.26036 0.33025
vt 0.898493 0.931157
vn -0.000000 0.001580 0.999999
v 2.758753 1.692752 -6.360303 0.16144 0.26036 0.33025
vt 0.892869 0.931113
vn -0.000000 0.001580 0.999999
f 1900/1900/1900 1901/1901/1901 1902/1902/1902
v 2.916281 1.391127 -6.359826 0.18257 0.27546 0.34233
vt 0.898702 0.907530
vn 1.000000 0.000327 -0.000000
v 2.916281 1.391122 -6.516271 0.18257 0.27546 0.34233
vt 0.900496 0.907539
vn 1.000000 0.000327 -0.000000
v 2.916182 1.692758 -6.516747 0.18257 0.27546 0.34233
vt 0.900279 0.931168
vn 1.000000 0.000327 -0.000000
f 1903/1903/1903 1904/1904/1904 1905/1905/1905
v 2.916281 1.391127 -6.359826 0.16446 0.26942 0.33025
vt 0.898702 0.907530
vn 1.000000 0.000327 -0.000000
v 2.916182 1.692758 -6.516747 0.16446 0.26942 0.33025
vt 0.900279 0.931168
vn 1.000000 0.000327 -0.000000
v 2.916182 1.692762 -6.360303 0.16446 0.26942 0.33025
vt 0.898493 0.931157
vn 1.000000 0.000327 -0.000000
f 1906/1906/1906 1907/1907/1907 1908/1908/1908
v 2.916281 1.391122 -6.516271 0.18257 0.28150 0.34535
vt 0.900496 0.907539
vn 1.000000 0.000327 -0.000000
v 2.916281 1.391044 -8.887413 0.18257 0.28150 0.34535
vt 0.927291 0.907790
vn 1.000000 0.000327 -0.000000
v 2.916182 1.692680 -8.887890 0.18257 0.28150 0.34535
vt 0.927068 0.931414
vn 1.000000 0.000327 -0.000000
f 1909/1909/1909 1910/1910/1910 1911/1911/1911
v 2.916281 1.391122 -6.516271 0.18559 0.28452 0.34837
vt 0.900496 0.907539
vn 1.000000 0.000327 -0.000000
v 2.916182 1.692680 -8.887890 0.18559 0.28452 0.34837
vt 0.927068 0.931414
vn 1.000000 0.000327 -0.000000
v 2.916182 1.692758 -6.516747 0.18559 0.28452 0.34837
vt 0.900279 0.931168
vn 1.000000 0.000327 -0.000000
f 1912/1912/1912 1913/1913/1913 1914/1914/1914
v 2.916281 1.391008 -9.985126 0.14936 0.26942 0.33327
vt 0.939731 0.907906
vn 1.000000 0.000327 -0.000000
v 2.916182 1.692644 -9.985603 0.14936 0.26942 0.33327
vt 0.939474 0.931532
vn 1.000000 0.000327 -0.000000
v 2.916182 1.692680 -8.887890 0.14936 0.26942 0.33327
vt 0.927068 0.931414
vn 1.000000 0.000327 -0.000000
f 1915/1915/1915 1916/1916/1916 1917/1917/1917
v 2.916281 1.391008 -9.985126 0.15238 0.26640 0.32421
vt 0.939731 0.907906
vn 1.000000 0.000327 -0.000000
v 2.916182 1.692680 -8.887890 0.15238 0.26640 0.32421
vt 0.927068 0.931414
vn 1.000000 0.000327 -0.000000
v 2.916281 1.391044 -8.887413 0.15238 0.26640 0.32421
vt 0.927291 0.907790
vn 1.000000 0.000327 -0.000000
f 1918/1918/1918 1919/1919/1919 1920/1920/1920
v 2.916281 1.391003 -10.152986 0.91030 0.91260 0.89190
vt 0.026409 0.704993
vn 0.000000 -0.001582 -0.999999
v 2.758852 1.390994 -10.152986 0.91030 0.91260 0.89190
vt 0.032410 0.706337
vn 0.000000 -0.001582 -0.999999
v 2.758753 1.692629 -10.153463 0.91030 0.91260 0.89190
vt 0.025826 0.730378
vn 0.000000 -0.001582 -0.999999
f 1921/1921/1921 1922/1922/1922 1923/1923/1923
v 2.916281 1.391003 -10.152986 0.91030 0.91260 0.89190
vt 0.026409 0.704993
vn 0.000000 -0.001582 -0.999999
v 2.758753 1.692629 -10.153463 0.91030 0.91260 0.89190
vt 0.025826 0.730378
vn 0.000000 -0.001582 -0.999999
v 2.916182 1.692639 -10.153463 0.91030 0.91260 0.89190
vt 0.020521 0.730943
vn 0.000000 -0.001582 -0.999999
f 1924/1924/1924 1925/1925/1925 1926/1926/1926
v 2.758852 1.390999 -9.985126 0.91030 0.91260 0.89190
vt 0.034827 0.706941
vn -1.000000 -0.000327 0.000000
v 2.758753 1.692635 -9.985603 0.91030 0.91260 0.89190
vt 0.026523 0.730782
vn -1.000000 -0.000327 0.000000
v 2.758753 1.692629 -10.153463 0.91030 0.91260 0.89190
vt 0.025826 0.730378
vn -1.000000 -0.000327 0.000000
f 1927/1927/1927 1928/1928/1928 1929/1929/1929
v 2.758852 1.390999 -9.985126 0.91030 0.91260 0.89190
vt 0.034827 0.706941
vn -1.000000 -0.000327 0.000000
v 2.758753 1.692629 -10.153463 0.91030 0.91260 0.89190
vt 0.025826 0.730378
vn -1.000000 -0.000327 0.000000
v 2.758852 1.390994 -10.152986 0.91030 0.91260 0.89190
vt 0.032410 0.706337
vn -1.000000 -0.000327 0.000000
f 1930/1930/1930 1931/1931/1931 1932/1932/1932
v 2.758852 1.391033 -8.887413 0.91030 0.91260 0.89190
vt 0.047473 0.711972
vn -1.000000 -0.000327 0.000000
v 2.758852 1.391111 -6.516271 0.91030 0.91260 0.89190
vt 0.074166 0.722762
vn -1.000000 -0.000327 0.000000
v 2.758753 1.692747 -6.516747 0.91030 0.91260 0.89190
vt 0.064809 0.746472
vn -1.000000 -0.000327 0.000000
f 1933/1933/1933 1934/1934/1934 1935/1935/1935
v 2.758852 1.391033 -8.887413 0.91030 0.91260 0.89190
vt 0.047473 0.711972
vn -1.000000 -0.000327 0.000000
v 2.758753 1.692747 -6.516747 0.91030 0.91260 0.89190
vt 0.064809 0.746472
vn -1.000000 -0.000327 0.000000
v 2.758753 1.692669 -8.887890 0.91030 0.91260 0.89190
vt 0.038084 0.735754
vn -1.000000 -0.000327 0.000000
f 1936/1936/1936 1937/1937/1937 1938/1938/1938
v 2.758852 1.391111 -6.516271 0.91030 0.91260 0.89190
vt 0.074166 0.722762
vn 0.000000 -0.001682 -0.999999
v 1.809380 1.391047 -6.516271 0.91030 0.91260 0.89190
vt 0.108018 0.735860
vn 0.000000 -0.001682 -0.999999
v 1.809137 1.691411 -6.516776 0.91030 0.91260 0.89190
vt 0.098946 0.759453
vn 0.000000 -0.001682 -0.999999
f 1939/1939/1939 1940/1940/1940 1941/1941/1941
v 2.758852 1.391111 -6.516271 0.91030 0.91260 0.89190
vt 0.074166 0.722762
vn 0.000032 -0.001580 -0.999999
v 1.809137 1.691411 -6.516776 0.91030 0.91260 0.89190
vt 0.098946 0.759453
vn 0.000032 -0.001580 -0.999999
v 2.758753 1.692747 -6.516747 0.91030 0.91260 0.89190
vt 0.064809 0.746472
vn 0.000032 -0.001580 -0.999999
f 1942/1942/1942 1943/1943/1943 1944/1944/1944
v 2.887267 -1.073101 -14.078501 0.50869 0.29056 0.28194
vt 0.806779 0.481417
vn 0.999934 -0.002408 -0.011236
v 2.887267 -0.771465 -14.143157 0.50869 0.29056 0.28194
vt 0.806484 0.496316
vn 0.999934 -0.002408 -0.011236
v 2.904730 -0.822053 -12.578201 0.50869 0.29056 0.28194
vt 0.778767 0.493120
vn 0.999934 -0.002408 -0.011236
f 1945/1945/1945 1946/1946/1946 1947/1947/1947
v 2.887267 -1.073101 -14.078501 0.51775 0.29358 0.26684
vt 0.806779 0.481417
vn 0.997589 -0.069392 0.000000
v 2.904730 -0.822053 -12.578201 0.51775 0.29358 0.26684
vt 0.778767 0.493120
vn 0.997589 -0.069392 0.000000
v 2.887267 -1.073101 -12.577980 0.51775 0.29358 0.26684
vt 0.780226 0.480898
vn 0.997589 -0.069392 0.000000
f 1948/1948/1948 1949/1949/1949 1950/1950/1950
v 2.736682 -1.073100 -14.548062 0.45434 0.29358 0.30610
vt 0.675255 0.978298
vn -0.998691 0.051044 0.003430
v 2.743449 -1.073101 -12.577980 0.45434 0.29358 0.30610
vt 0.654482 0.979320
vn -0.998691 0.051044 0.003430
v 2.756279 -0.822057 -12.578201 0.45434 0.29358 0.30610
vt 0.653576 0.960953
vn -0.998691 0.051044 0.003430
f 1951/1951/1951 1952/1952/1952 1953/1953/1953
v 2.736682 -1.073100 -14.548062 0.19465 0.25131 0.30912
vt 0.675255 0.978298
vn -0.999951 0.000000 0.009948
v 2.756279 -0.822057 -12.578201 0.19465 0.25131 0.30912
vt 0.653576 0.960953
vn -0.999951 0.000000 0.009948
v 2.736682 -0.771465 -14.548065 0.19465 0.25131 0.30912
vt 0.674175 0.956234
vn -0.999951 0.000000 0.009948
f 1954/1954/1954 1955/1955/1955 1956/1956/1956
v 2.887267 -0.771465 -14.143157 0.16446 0.26036 0.33931
vt 0.668822 0.952398
vn -0.070750 0.997147 0.026314
v 2.736682 -0.771465 -14.548065 0.16446 0.26036 0.33931
vt 0.674175 0.956234
vn -0.070750 0.997147 0.026314
v 2.756279 -0.822057 -12.578201 0.16446 0.26036 0.33931
vt 0.653576 0.960953
vn -0.070750 0.997147 0.026314
f 1957/1957/1957 1958/1958/1958 1959/1959/1959
v 2.887267 -0.771465 -14.143157 0.16748 0.25735 0.33025
vt 0.668822 0.952398
vn -0.000023 0.999478 0.032309
v 2.756279 -0.822057 -12.578201 0.16748 0.25735 0.33025
vt 0.653576 0.960953
vn -0.000023 0.999478 0.032309
v 2.904730 -0.822053 -12.578201 0.16748 0.25735 0.33025
vt 0.652309 0.956180
vn -0.000023 0.999478 0.032309
f 1960/1960/1960 1961/1961/1961 1962/1962/1962
v 2.916593 0.726428 -12.459416 0.15238 0.26338 0.33025
vt 0.968236 0.856029
vn 1.000000 0.000627 0.000061
v 2.916447 0.735349 -10.152592 0.15238 0.26338 0.33025
vt 0.942169 0.856531
vn 1.000000 0.000627 0.000061
v 2.916642 0.424868 -10.152131 0.15238 0.26338 0.33025
vt 0.942368 0.832198
vn 1.000000 0.000627 0.000061
f 1963/1963/1963 1964/1964/1964 1965/1965/1965
v 2.916593 0.726428 -12.459416 0.15238 0.26338 0.33025
vt 0.968236 0.856029
vn 1.000000 0.000161 -0.000000
v 2.916642 0.424868 -10.152131 0.15238 0.26338 0.33025
vt 0.942368 0.832198
vn 1.000000 0.000161 -0.000000
v 2.916642 0.424793 -12.459030 0.15238 0.26338 0.33025
vt 0.968421 0.832400
vn 1.000000 0.000161 -0.000000
f 1966/1966/1966 1967/1967/1967 1968/1968/1968
v 2.759162 0.726420 -12.459416 0.51775 0.29358 0.27288
vt 0.062317 0.631074
vn -1.000000 -0.000161 0.000000
v 2.759211 0.424784 -12.459030 0.51775 0.29358 0.27288
vt 0.082536 0.646682
vn -1.000000 -0.000161 0.000000
v 2.759211 0.424858 -10.152131 0.51775 0.29358 0.27288
vt 0.065823 0.668906
vn -1.000000 -0.000161 0.000000
f 1969/1969/1969 1970/1970/1970 1971/1971/1971
v 2.759162 0.726420 -12.459416 0.51775 0.29358 0.27288
vt 0.062317 0.631074
vn -1.000000 -0.000622 -0.000060
v 2.759211 0.424858 -10.152131 0.51775 0.29358 0.27288
vt 0.065823 0.668906
vn -1.000000 -0.000622 -0.000060
v 2.759018 0.735340 -10.152592 0.51775 0.29358 0.27288
vt 0.045202 0.653143
vn -1.000000 -0.000622 -0.000060
f 1972/1972/1972 1973/1973/1973 1974/1974/1974
v 2.759162 0.726420 -12.459416 0.51775 0.29358 0.27288
vt 0.062317 0.631074
vn -0.000058 0.999993 -0.003867
v 2.759018 0.735340 -10.152592 0.51775 0.29358 0.27288
vt 0.045202 0.653143
vn -0.000058 0.999993 -0.003867
v 2.916447 0.735349 -10.152592 0.51775 0.29358 0.27288
vt 0.040001 0.650616
vn -0.000058 0.999993 -0.003867
f 1975/1975/1975 1976/1976/1976 1977/1977/1977
v 2.759162 0.726420 -12.459416 0.51775 0.29358 0.27288
vt 0.062317 0.631074
vn -0.000055 0.999993 -0.003867
v 2.916447 0.735349 -10.152592 0.51775 0.29358 0.27288
vt 0.040001 0.650616
vn -0.000055 0.999993 -0.003867
v 2.916593 0.726428 -12.459416 0.51775 0.29358 0.27288
vt 0.057042 0.627581
vn -0.000055 0.999993 -0.003867
f 1978/1978/1978 1979/1979/1979 1980/1980/1980
v 1.809137 1.691411 -6.516776 0.91030 0.91260 0.89190
vt 0.098946 0.759453
vn -0.000086 0.999994 -0.003599
v 1.250977 1.691363 -6.516776 0.91030 0.91260 0.89190
vt 0.119476 0.754126
vn -0.000086 0.999994 -0.003599
v 1.251169 1.691929 -6.359549 0.91030 0.91260 0.89190
vt 0.119737 0.756008
vn -0.000086 0.999994 -0.003599
f 1981/1981/1981 1982/1982/1982 1983/1983/1983
v 1.809137 1.691411 -6.516776 0.91030 0.91260 0.89190
vt 0.098946 0.759453
vn -0.001371 0.999966 -0.008159
v 1.251169 1.691929 -6.359549 0.91030 0.91260 0.89190
vt 0.119737 0.756008
vn -0.001371 0.999966 -0.008159
v 1.809281 1.692688 -6.360303 0.91030 0.91260 0.89190
vt 0.098856 0.761247
vn -0.001371 0.999966 -0.008159
f 1984/1984/1984 1985/1985/1985 1986/1986/1986
v 1.809281 1.692688 -6.360303 0.23391 0.28754 0.33327
vt 0.859060 0.930830
vn 0.001352 -0.000920 0.999999
v 1.251169 1.691929 -6.359549 0.23391 0.28754 0.33327
vt 0.839172 0.930603
vn 0.001352 -0.000920 0.999999
v 1.251220 1.391002 -6.359826 0.23391 0.28754 0.33327
vt 0.839372 0.907032
vn 0.001352 -0.000920 0.999999
f 1987/1987/1987 1988/1988/1988 1989/1989/1989
v 1.809281 1.692688 -6.360303 0.22787 0.29358 0.34233
vt 0.859060 0.930830
vn -0.000000 0.001580 0.999999
v 1.251220 1.391002 -6.359826 0.22787 0.29358 0.34233
vt 0.839372 0.907032
vn -0.000000 0.001580 0.999999
v 1.809380 1.391052 -6.359826 0.22787 0.29358 0.34233
vt 0.859261 0.907203
vn -0.000000 0.001580 0.999999
f 1990/1990/1990 1991/1991/1991 1992/1992/1992
v 2.429482 -3.220099 -9.622696 0.51775 0.29358 0.27288
vt 0.733490 0.374849
vn 0.741831 -0.670548 0.007212
v 1.943039 -3.759782 -9.764682 0.51775 0.29358 0.27288
vt 0.734996 0.346523
vn 0.741831 -0.670548 0.007212
v 1.947379 -3.760486 -10.276600 0.51775 0.29358 0.27288
vt 0.744368 0.346580
vn 0.741831 -0.670548 0.007212
f 1993/1993/1993 1994/1994/1994 1995/1995/1995
v 2.429482 -3.220099 -9.622696 0.51775 0.29358 0.27288
vt 0.733490 0.374849
vn 0.736794 -0.675942 0.015384
v 1.947379 -3.760486 -10.276600 0.51775 0.29358 0.27288
vt 0.744368 0.346580
vn 0.736794 -0.675942 0.015384
v 2.441049 -3.219381 -10.145119 0.51775 0.29358 0.27288
vt 0.743287 0.375032
vn 0.736794 -0.675942 0.015384
f 1996/1996/1996 1997/1997/1997 1998/1998/1998
v 0.662695 1.390910 -8.887413 0.21277 0.27848 0.33327
vt 0.539128 0.884646
vn -0.000052 1.000000 -0.000024
v 1.251220 1.390941 -8.887413 0.21277 0.27848 0.33327
vt 0.557490 0.884588
vn -0.000052 1.000000 -0.000024
v 1.251220 1.390914 -9.985126 0.21277 0.27848 0.33327
vt 0.557525 0.895458
vn -0.000052 1.000000 -0.000024
f 1999/1999/1999 2000/2000/2000 2001/2001/2001
v 0.662695 1.390910 -8.887413 0.19767 0.26338 0.27590
vt 0.539128 0.884646
vn -0.000036 1.000000 -0.000016
v 1.251220 1.390914 -9.985126 0.19767 0.26338 0.27590
vt 0.557525 0.895458
vn -0.000036 1.000000 -0.000016
v 0.662695 1.390893 -9.985126 0.19767 0.26338 0.27590
vt 0.539162 0.895515
vn -0.000036 1.000000 -0.000016
f 2002/2002/2002 2003/2003/2003 2004/2004/2004
v 2.854518 -2.093161 -9.361726 0.51775 0.29358 0.27288
vt 0.728345 0.430526
vn 0.974936 -0.222472 -0.002287
v 2.852997 -2.109103 -8.459357 0.51775 0.29358 0.27288
vt 0.711793 0.429630
vn 0.974936 -0.222472 -0.002287
v 2.729676 -2.643341 -9.061359 0.51775 0.29358 0.27288
vt 0.724020 0.403650
vn 0.974936 -0.222472 -0.002287
f 2005/2005/2005 2006/2006/2006 2007/2007/2007
v 2.854518 -2.093161 -9.361726 0.51775 0.29358 0.27288
vt 0.728345 0.430526
vn 0.976445 -0.215478 0.011149
v 2.729676 -2.643341 -9.061359 0.51775 0.29358 0.27288
vt 0.724020 0.403650
vn 0.976445 -0.215478 0.011149
v 2.739086 -2.634187 -9.708523 0.51775 0.29358 0.27288
vt 0.736338 0.404218
vn 0.976445 -0.215478 0.011149
f 2008/2008/2008 2009/2009/2009 2010/2010/2010
v 2.887267 -1.073101 -8.885232 0.51775 0.29358 0.27288
vt 0.715364 0.479997
vn 1.000000 -0.000157 0.000115
v 2.887136 -1.689756 -8.591204 0.51775 0.29358 0.27288
vt 0.712588 0.450012
vn 1.000000 -0.000157 0.000115
v 2.887266 -1.706397 -9.750483 0.51775 0.29358 0.27288
vt 0.733582 0.449406
vn 1.000000 -0.000157 0.000115
f 2011/2011/2011 2012/2012/2012 2013/2013/2013
v 2.887267 -1.073101 -8.885232 0.51775 0.29358 0.27288
vt 0.715364 0.479997
vn 1.000000 -0.000001 0.000000
v 2.887266 -1.706397 -9.750483 0.51775 0.29358 0.27288
vt 0.733582 0.449406
vn 1.000000 -0.000001 0.000000
v 2.887267 -1.073101 -9.982947 0.51775 0.29358 0.27288
vt 0.734733 0.480187
vn 1.000000 -0.000001 0.000000
f 2014/2014/2014 2015/2015/2015 2016/2016/2016
v 2.450187 -3.218814 -10.557849 0.51775 0.29358 0.27288
vt 0.751094 0.375211
vn 0.892649 -0.450704 0.006603
v 2.747472 -2.626029 -10.285308 0.51775 0.29358 0.27288
vt 0.747437 0.404742
vn 0.892649 -0.450704 0.006603
v 2.739086 -2.634187 -9.708523 0.51775 0.29358 0.27288
vt 0.736338 0.404218
vn 0.892649 -0.450704 0.006603
f 2017/2017/2017 2018/2018/2018 2019/2019/2019
v 2.450187 -3.218814 -10.557849 0.51775 0.29358 0.27288
vt 0.751094 0.375211
vn 0.885138 -0.464942 0.018958
v 2.739086 -2.634187 -9.708523 0.51775 0.29358 0.27288
vt 0.736338 0.404218
vn 0.885138 -0.464942 0.018958
v 2.441049 -3.219381 -10.145119 0.51775 0.29358 0.27288
vt 0.743287 0.375032
vn 0.885138 -0.464942 0.018958
f 2020/2020/2020 2021/2021/2021 2022/2022/2022
v 2.855873 -2.078952 -10.136011 0.51775 0.29358 0.27288
vt 0.742610 0.431341
vn 0.996469 -0.083967 -0.000000
v 2.887266 -1.706397 -10.685567 0.51775 0.29358 0.27288
vt 0.750436 0.449604
vn 0.996469 -0.083967 -0.000000
v 2.887266 -1.706397 -9.750483 0.51775 0.29358 0.27288
vt 0.733582 0.449406
vn 0.996469 -0.083967 -0.000000
f 2023/2023/2023 2024/2024/2024 2025/2025/2025
v 2.855873 -2.078952 -10.136011 0.51775 0.29358 0.27288
vt 0.742610 0.431341
vn 0.996451 -0.084172 0.000200
v 2.887266 -1.706397 -9.750483 0.51775 0.29358 0.27288
vt 0.733582 0.449406
vn 0.996451 -0.084172 0.000200
v 2.854518 -2.093161 -9.361726 0.51775 0.29358 0.27288
vt 0.728345 0.430526
vn 0.996451 -0.084172 0.000200
f 2026/2026/2026 2027/2027/2027 2028/2028/2028
v 0.694260 -4.648040 -10.579948 0.52681 0.28754 0.26684
vt 0.748430 0.295272
vn 0.521032 -0.853537 0.000742
v 1.033279 -4.441073 -10.561041 0.52681 0.28754 0.26684
vt 0.748282 0.307807
vn 0.521032 -0.853537 0.000742
v 1.033305 -4.440857 -10.330044 0.52681 0.28754 0.26684
vt 0.744109 0.307790
vn 0.521032 -0.853537 0.000742
f 2029/2029/2029 2030/2030/2030 2031/2031/2031
v 0.694260 -4.648040 -10.579948 0.46038 0.26036 0.25778
vt 0.748430 0.295272
vn 0.521591 -0.853195 -0.000299
v 1.033305 -4.440857 -10.330044 0.46038 0.26036 0.25778
vt 0.744109 0.307790
vn 0.521591 -0.853195 -0.000299
v 0.694626 -4.647921 -10.280879 0.46038 0.26036 0.25778
vt 0.743040 0.295264
vn 0.521591 -0.853195 -0.000299
f 2032/2032/2032 2033/2033/2033 2034/2034/2034
v 2.916642 0.424868 -10.152131 0.17050 0.28150 0.34837
vt 0.942368 0.832198
vn 1.000000 0.000627 -0.000000
v 2.916447 0.735349 -10.152592 0.17050 0.28150 0.34837
vt 0.942169 0.856531
vn 1.000000 0.000627 -0.000000
v 2.916447 0.735355 -9.984732 0.17050 0.28150 0.34837
vt 0.940259 0.856510
vn 1.000000 0.000627 -0.000000
f 2035/2035/2035 2036/2036/2036 2037/2037/2037
v 2.916642 0.424868 -10.152131 0.16748 0.27848 0.34535
vt 0.942368 0.832198
vn 1.000000 0.000627 -0.000000
v 2.916447 0.735355 -9.984732 0.16748 0.27848 0.34535
vt 0.940259 0.856510
vn 1.000000 0.000627 -0.000000
v 2.916642 0.424874 -9.984271 0.16748 0.27848 0.34535
vt 0.940465 0.832191
vn 1.000000 0.000627 -0.000000
f 2038/2038/2038 2039/2039/2039 2040/2040/2040
v 2.881937 1.230493 -9.205571 0.15238 0.26338 0.33025
vt 0.931162 0.895119
vn 1.000000 0.000416 -0.000000
v 2.882077 0.895910 -9.205241 0.15238 0.26338 0.33025
vt 0.931429 0.869137
vn 1.000000 0.000416 -0.000000
v 2.882077 0.895901 -9.666575 0.15238 0.26338 0.33025
vt 0.936414 0.869185
vn 1.000000 0.000416 -0.000000
f 2041/2041/2041 2042/2042/2042 2043/2043/2043
v 2.881937 1.230493 -9.205571 0.14332 0.26338 0.32723
vt 0.931162 0.895119
vn 1.000000 0.000416 -0.000000
v 2.882077 0.895901 -9.666575 0.14332 0.26338 0.32723
vt 0.936414 0.869185
vn 1.000000 0.000416 -0.000000
v 2.881937 1.230484 -9.666905 0.14332 0.26338 0.32723
vt 0.936146 0.895168
vn 1.000000 0.000416 -0.000000
f 2044/2044/2044 2045/2045/2045 2046/2046/2046
v 2.882299 0.243853 -9.204700 0.66571 0.25735 0.21853
vt 0.931880 0.817803
vn 1.000000 0.000441 -0.000000
v 2.882475 -0.154264 -9.204121 0.66571 0.25735 0.21853
vt 0.932105 0.786843
vn 1.000000 0.000441 -0.000000
v 2.882475 -0.154273 -9.665456 0.66571 0.25735 0.21853
vt 0.937090 0.786884
vn 1.000000 0.000441 -0.000000
f 2047/2047/2047 2048/2048/2048 2049/2049/2049
v 2.882299 0.243853 -9.204700 0.70497 0.23923 0.21853
vt 0.931880 0.817803
vn 1.000000 0.000441 -0.000000
v 2.882475 -0.154273 -9.665456 0.70497 0.23923 0.21853
vt 0.937090 0.786884
vn 1.000000 0.000441 -0.000000
v 2.882299 0.243844 -9.666036 0.70497 0.23923 0.21853
vt 0.936864 0.817844
vn 1.000000 0.000441 -0.000000
f 2050/2050/2050 2051/2051/2051 2052/2052/2052
v 1.809380 1.390970 -8.887413 0.27618 0.34793 0.37857
vt 0.574905 0.884534
vn -0.000066 1.000000 -0.000031
v 2.758852 1.391033 -8.887413 0.27618 0.34793 0.37857
vt 0.604531 0.884439
vn -0.000066 1.000000 -0.000031
v 2.758852 1.390999 -9.985126 0.27618 0.34793 0.37857
vt 0.604566 0.895308
vn -0.000066 1.000000 -0.000031
f 2053/2053/2053 2054/2054/2054 2055/2055/2055
v 1.809380 1.390970 -8.887413 0.85293 0.90052 0.89190
vt 0.574905 0.884534
vn -0.000068 1.000000 -0.000032
v 2.758852 1.390999 -9.985126 0.85293 0.90052 0.89190
vt 0.604566 0.895308
vn -0.000068 1.000000 -0.000032
v 1.809380 1.390935 -9.985126 0.85293 0.90052 0.89190
vt 0.574940 0.895403
vn -0.000068 1.000000 -0.000032
f 2056/2056/2056 2057/2057/2057 2058/2058/2058
v 2.916182 1.692639 -10.153463 0.91030 0.91260 0.89190
vt 0.020521 0.730943
vn -0.000060 1.000000 -0.000032
v 2.758753 1.692629 -10.153463 0.91030 0.91260 0.89190
vt 0.025826 0.730378
vn -0.000060 1.000000 -0.000032
v 2.758753 1.692635 -9.985603 0.91030 0.91260 0.89190
vt 0.026523 0.730782
vn -0.000060 1.000000 -0.000032
f 2059/2059/2059 2060/2060/2060 2061/2061/2061
v 2.916182 1.692639 -10.153463 0.91030 0.91260 0.89190
vt 0.020521 0.730943
vn -0.000060 1.000000 -0.000032
v 2.758753 1.692635 -9.985603 0.91030 0.91260 0.89190
vt 0.026523 0.730782
vn -0.000060 1.000000 -0.000032
v 2.916182 1.692644 -9.985603 0.91030 0.91260 0.89190
vt 0.022429 0.734594
vn -0.000060 1.000000 -0.000032
f 2062/2062/2062 2063/2063/2063 2064/2064/2064
v 2.916846 -0.335287 -8.885885 0.60532 0.30566 0.27892
vt 0.928484 0.772496
vn 0.999673 -0.025566 -0.000000
v 2.904205 -0.829567 -8.885448 0.60532 0.30566 0.27892
vt 0.928955 0.733764
vn 0.999673 -0.025566 -0.000000
v 2.904204 -0.829578 -9.983162 0.60532 0.30566 0.27892
vt 0.941352 0.733904
vn 0.999673 -0.025566 -0.000000
f 2065/2065/2065 2066/2066/2066 2067/2067/2067
v 2.916846 -0.335287 -8.885885 0.63552 0.29358 0.26684
vt 0.928484 0.772496
vn 0.999673 -0.025568 0.000001
v 2.904204 -0.829578 -9.983162 0.63552 0.29358 0.26684
vt 0.941352 0.733904
vn 0.999673 -0.025568 0.000001
v 2.916846 -0.335323 -9.983599 0.63552 0.29358 0.26684
vt 0.940932 0.772613
vn 0.999673 -0.025568 0.000001
f 2068/2068/2068 2069/2069/2069 2070/2070/2070
v 2.887267 -1.073101 -10.150807 0.52077 0.29962 0.26382
vt 0.737269 0.480178
vn 0.997590 -0.069383 -0.000000
v 2.904204 -0.829580 -10.151022 0.52077 0.29962 0.26382
vt 0.736036 0.492008
vn 0.997590 -0.069383 -0.000000
v 2.904204 -0.829578 -9.983162 0.52077 0.29962 0.26382
vt 0.733653 0.492005
vn 0.997590 -0.069383 -0.000000
f 2071/2071/2071 2072/2072/2072 2073/2073/2073
v 2.887267 -1.073101 -10.150807 0.52077 0.29358 0.28798
vt 0.737269 0.480178
vn 0.997590 -0.069384 0.000000
v 2.904204 -0.829578 -9.983162 0.52077 0.29358 0.28798
vt 0.733653 0.492005
vn 0.997590 -0.069384 0.000000
v 2.887267 -1.073101 -9.982947 0.52077 0.29358 0.28798
vt 0.734733 0.480187
vn 0.997590 -0.069384 0.000000
f 2074/2074/2074 2075/2075/2075 2076/2076/2076
v 1.354808 -4.244784 -10.543108 0.51775 0.29358 0.27288
vt 0.748223 0.319717
vn 0.630369 -0.776244 0.008985
v 1.951639 -3.760776 -10.600504 0.51775 0.29358 0.27288
vt 0.750340 0.346673
vn 0.630369 -0.776244 0.008985
v 1.947379 -3.760486 -10.276600 0.51775 0.29358 0.27288
vt 0.744368 0.346580
vn 0.630369 -0.776244 0.008985
f 2077/2077/2077 2078/2078/2078 2079/2079/2079
v 1.354808 -4.244784 -10.543108 0.51775 0.29358 0.27288
vt 0.748223 0.319717
vn 0.632126 -0.774862 0.002568
v 1.947379 -3.760486 -10.276600 0.51775 0.29358 0.27288
vt 0.744368 0.346580
vn 0.632126 -0.774862 0.002568
v 1.354510 -4.244475 -10.376674 0.51775 0.29358 0.27288
vt 0.745182 0.319675
vn 0.632126 -0.774862 0.002568
f 2080/2080/2080 2081/2081/2081 2082/2082/2082
v 2.916281 1.391003 -10.152986 0.15540 0.26640 0.33327
vt 0.941628 0.907912
vn 1.000000 0.000327 -0.000000
v 2.916182 1.692639 -10.153463 0.15540 0.26640 0.33327
vt 0.941372 0.931548
vn 1.000000 0.000327 -0.000000
v 2.916182 1.692644 -9.985603 0.15540 0.26640 0.33327
vt 0.939474 0.931532
vn 1.000000 0.000327 -0.000000
f 2083/2083/2083 2084/2084/2084 2085/2085/2085
v 2.916281 1.391003 -10.152986 0.16144 0.26640 0.33327
vt 0.941628 0.907912
vn 1.000000 0.000327 -0.000000
v 2.916182 1.692644 -9.985603 0.16144 0.26640 0.33327
vt 0.939474 0.931532
vn 1.000000 0.000327 -0.000000
v 2.916281 1.391008 -9.985126 0.16144 0.26640 0.33327
vt 0.939731 0.907906
vn 1.000000 0.000327 -0.000000
f 2086/2086/2086 2087/2087/2087 2088/2088/2088
v 2.758852 1.391033 -8.887413 0.91030 0.91260 0.89190
vt 0.047473 0.711972
vn -1.000000 -0.000327 0.000000
v 2.758753 1.692669 -8.887890 0.91030 0.91260 0.89190
vt 0.038084 0.735754
vn -1.000000 -0.000327 0.000000
v 2.758753 1.692635 -9.985603 0.91030 0.91260 0.89190
vt 0.026523 0.730782
vn -1.000000 -0.000327 0.000000
f 2089/2089/2089 2090/2090/2090 2091/2091/2091
v 2.758852 1.391033 -8.887413 0.91030 0.91260 0.89190
vt 0.047473 0.711972
vn -1.000000 -0.000327 0.000000
v 2.758753 1.692635 -9.985603 0.91030 0.91260 0.89190
vt 0.026523 0.730782
vn -1.000000 -0.000327 0.000000
v 2.758852 1.390999 -9.985126 0.91030 0.91260 0.89190
vt 0.034827 0.706941
vn -1.000000 -0.000327 0.000000
f 2092/2092/2092 2093/2093/2093 2094/2094/2094
v 0.000000 1.390851 -10.152986 0.91030 0.91260 0.89190
vt 0.093409 0.803229
vn 0.000000 -0.000915 -1.000000
v 0.000000 1.692487 -10.153262 0.91030 0.91260 0.89190
vt 0.092170 0.825405
vn 0.000000 -0.000915 -1.000000
v 0.662630 1.692526 -10.153262 0.91030 0.91260 0.89190
vt 0.070041 0.824169
vn 0.000000 -0.000915 -1.000000
f 2095/2095/2095 2096/2096/2096 2097/2097/2097
v 0.000000 1.390851 -10.152986 0.91030 0.91260 0.89190
vt 0.093409 0.803229
vn 0.000000 -0.000915 -1.000000
v 0.662630 1.692526 -10.153262 0.91030 0.91260 0.89190
vt 0.070041 0.824169
vn 0.000000 -0.000915 -1.000000
v 0.662695 1.390890 -10.152986 0.91030 0.91260 0.89190
vt 0.071281 0.801993
vn 0.000000 -0.000915 -1.000000
f 2098/2098/2098 2099/2099/2099 2100/2100/2100
v 1.251220 1.390914 -9.985126 0.91030 0.91260 0.89190
vt 0.049049 0.847023
vn -0.000000 0.000915 1.000000
v 1.251154 1.692550 -9.985402 0.91030 0.91260 0.89190
vt 0.050289 0.824848
vn -0.000000 0.000915 1.000000
v 0.662630 1.692528 -9.985402 0.91030 0.91260 0.89190
vt 0.069942 0.825947
vn -0.000000 0.000915 1.000000
f 2101/2101/2101 2102/2102/2102 2103/2103/2103
v 1.251220 1.390914 -9.985126 0.91030 0.91260 0.89190
vt 0.049049 0.847023
vn -0.000000 0.000915 1.000000
v 0.662630 1.692528 -9.985402 0.91030 0.91260 0.89190
vt 0.069942 0.825947
vn -0.000000 0.000915 1.000000
v 0.662695 1.390893 -9.985126 0.91030 0.91260 0.89190
vt 0.068702 0.848121
vn -0.000000 0.000915 1.000000
f 2104/2104/2104 2105/2105/2105 2106/2106/2106
v 1.809380 1.390935 -9.985126 0.91030 0.91260 0.89190
vt 0.009439 0.822530
vn 1.000000 0.000218 -0.000000
v 1.809380 1.390929 -10.152986 0.91030 0.91260 0.89190
vt 0.009542 0.820748
vn 1.000000 0.000218 -0.000000
v 1.809314 1.692565 -10.153262 0.91030 0.91260 0.89190
vt 0.031751 0.822026
vn 1.000000 0.000218 -0.000000
f 2107/2107/2107 2108/2108/2108 2109/2109/2109
v 1.809380 1.390935 -9.985126 0.91030 0.91260 0.89190
vt 0.009439 0.822530
vn 1.000000 0.000218 -0.000000
v 1.809314 1.692565 -10.153262 0.91030 0.91260 0.89190
vt 0.031751 0.822026
vn 1.000000 0.000218 -0.000000
v 1.809314 1.692571 -9.985402 0.91030 0.91260 0.89190
vt 0.031652 0.823806
vn 1.000000 0.000218 -0.000000
f 2110/2110/2110 2111/2111/2111 2112/2112/2112
v 1.251220 1.390910 -10.152986 0.91030 0.91260 0.89190
vt 0.051630 0.800895
vn 0.000000 -0.000915 -1.000000
v 1.251154 1.692546 -10.153262 0.91030 0.91260 0.89190
vt 0.050389 0.823068
vn 0.000000 -0.000915 -1.000000
v 1.809314 1.692565 -10.153262 0.91030 0.91260 0.89190
vt 0.031751 0.822026
vn 0.000000 -0.000915 -1.000000
f 2113/2113/2113 2114/2114/2114 2115/2115/2115
v 1.251220 1.390910 -10.152986 0.91030 0.91260 0.89190
vt 0.051630 0.800895
vn 0.000000 -0.000915 -1.000000
v 1.809314 1.692565 -10.153262 0.91030 0.91260 0.89190
vt 0.031751 0.822026
vn 0.000000 -0.000915 -1.000000
v 1.809380 1.390929 -10.152986 0.91030 0.91260 0.89190
vt 0.032991 0.799852
vn 0.000000 -0.000915 -1.000000
f 2116/2116/2116 2117/2117/2117 2118/2118/2118
v 0.656580 -4.443718 -14.593464 0.51775 0.29358 0.27288
vt 0.942199 0.318567
vn 0.080975 -0.811177 -0.579167
v 0.667280 -4.678135 -14.263647 0.51775 0.29358 0.27288
vt 0.941405 0.306993
vn 0.080975 -0.811177 -0.579167
v 0.000000 -4.819120 -14.159478 0.51775 0.29358 0.27288
vt 0.979810 0.300173
vn 0.080975 -0.811177 -0.579167
f 2119/2119/2119 2120/2120/2120 2121/2121/2121
v 0.656580 -4.443718 -14.593464 0.51775 0.29358 0.27288
vt 0.942199 0.318567
vn 0.051377 -0.792461 -0.607755
v 0.000000 -4.819120 -14.159478 0.51775 0.29358 0.27288
vt 0.979810 0.300173
vn 0.051377 -0.792461 -0.607755
v -0.002509 -4.480055 -14.601802 0.51775 0.29358 0.27288
vt 0.979887 0.316941
vn 0.051377 -0.792461 -0.607755
f 2122/2122/2122 2123/2123/2123 2124/2124/2124
v 0.623832 -4.035620 13.002974 0.91030 0.91260 0.89190
vt 0.164038 0.346404
vn 0.183892 -0.675121 0.714419
v 0.627781 -3.235276 13.758277 0.91030 0.91260 0.89190
vt 0.176838 0.385060
vn 0.183892 -0.675121 0.714419
v 0.000000 -3.338409 13.822408 0.91030 0.91260 0.89190
vt 0.139536 0.381825
vn 0.183892 -0.675121 0.714419
f 2125/2125/2125 2126/2126/2126 2127/2127/2127
v 0.623832 -4.035620 13.002974 0.91030 0.91260 0.89190
vt 0.164038 0.346404
vn 0.214555 -0.657211 0.722524
v 0.000000 -3.338409 13.822408 0.91030 0.91260 0.89190
vt 0.139536 0.381825
vn 0.214555 -0.657211 0.722524
v 0.000000 -4.195159 13.043104 0.91030 0.91260 0.89190
vt 0.126495 0.340214
vn 0.214555 -0.657211 0.722524
f 2128/2128/2128 2129/2129/2129 2130/2130/2130
v 0.661134 -4.516996 11.585123 0.91030 0.91260 0.89190
vt 0.165508 0.321311
vn 0.323807 -0.929156 0.178379
v 0.668380 -4.435300 11.997519 0.91030 0.91260 0.89190
vt 0.164635 0.326060
vn 0.323807 -0.929156 0.178379
v 0.000000 -4.664632 12.016244 0.91030 0.91260 0.89190
vt 0.124032 0.316256
vn 0.323807 -0.929156 0.178379
f 2131/2131/2131 2132/2132/2132 2133/2133/2133
v 0.661134 -4.516996 11.585123 0.91030 0.91260 0.89190
vt 0.165508 0.321311
vn 0.324778 -0.928485 0.180098
v 0.000000 -4.664632 12.016244 0.91030 0.91260 0.89190
vt 0.124032 0.316256
vn 0.324778 -0.928485 0.180098
v 0.000000 -4.741340 11.620781 0.91030 0.91260 0.89190
vt 0.125121 0.311738
vn 0.324778 -0.928485 0.180098
f 2134/2134/2134 2135/2135/2135 2136/2136/2136
v 0.000000 -1.073101 -12.577979 0.17352 0.25131 0.27892
vt 0.551613 0.590653
vn 0.000000 1.000000 0.000000
v 0.663457 -1.073101 -12.577980 0.17352 0.25131 0.27892
vt 0.550547 0.611590
vn 0.000000 1.000000 0.000000
v 0.663457 -1.073101 -15.152153 0.17352 0.25131 0.27892
vt 0.524825 0.610096
vn 0.000000 1.000000 0.000000
f 2137/2137/2137 2138/2138/2138 2139/2139/2139
v 0.000000 -1.073101 -12.577979 0.22485 0.28754 0.35139
vt 0.551613 0.590653
vn 0.000000 1.000000 0.000000
v 0.663457 -1.073101 -15.152153 0.22485 0.28754 0.35139
vt 0.524825 0.610096
vn 0.000000 1.000000 0.000000
v 0.000000 -1.073101 -15.329392 0.22485 0.28754 0.35139
vt 0.524102 0.589390
vn 0.000000 1.000000 0.000000
f 2140/2140/2140 2141/2141/2141 2142/2142/2142
v 0.663457 -2.096355 -6.357645 0.19465 0.28452 0.35743
vt 0.682244 0.620363
vn 0.000002 0.000001 1.000000
v 0.663457 -1.072999 -6.357646 0.19465 0.28452 0.35743
vt 0.611273 0.617081
vn 0.000002 0.000001 1.000000
v 0.000000 -1.073098 -6.357645 0.19465 0.28452 0.35743
vt 0.612158 0.596185
vn 0.000002 0.000001 1.000000
f 2143/2143/2143 2144/2144/2144 2145/2145/2145
v 0.663457 -2.096355 -6.357645 0.20069 0.29056 0.36649
vt 0.682244 0.620363
vn -0.000000 -0.000000 1.000000
v 0.000000 -1.073098 -6.357645 0.20069 0.29056 0.36649
vt 0.612158 0.596185
vn -0.000000 -0.000000 1.000000
v 0.000000 -2.091621 -6.357645 0.20069 0.29056 0.36649
vt 0.682836 0.599395
vn -0.000000 -0.000000 1.000000
f 2146/2146/2146 2147/2147/2147 2148/2148/2148
v 0.000000 -2.118588 14.686665 0.91030 0.91260 0.89190
vt 0.158940 0.440437
vn 0.144953 -0.532594 0.833866
v 0.656222 -2.095151 14.587562 0.91030 0.91260 0.89190
vt 0.196739 0.440020
vn 0.144953 -0.532594 0.833866
v 0.687732 -0.928643 15.327139 0.91030 0.91260 0.89190
vt 0.208313 0.496612
vn 0.144953 -0.532594 0.833866
f 2149/2149/2149 2150/2150/2150 2151/2151/2151
v 0.000000 -2.118588 14.686665 0.33657 0.28150 0.30912
vt 0.158940 0.440437
vn 0.184551 -0.546377 0.816954
v 0.687732 -0.928643 15.327139 0.33657 0.28150 0.30912
vt 0.208313 0.496612
vn 0.184551 -0.546377 0.816954
v 0.000000 -0.902474 15.500000 0.33657 0.28150 0.30912
vt 0.169521 0.499293
vn 0.184551 -0.546377 0.816954
f 2152/2152/2152 2153/2153/2153 2154/2154/2154
v 0.663457 -2.096355 10.943063 0.16748 0.26036 0.31817
vt 0.855016 0.626157
vn 0.007135 0.999975 0.000000
v 0.663457 -2.096355 10.505869 0.16748 0.26036 0.31817
vt 0.850769 0.626011
vn 0.007135 0.999975 0.000000
v 0.000000 -2.091621 10.505870 0.16748 0.26036 0.31817
vt 0.851620 0.605277
vn 0.007135 0.999975 0.000000
f 2155/2155/2155 2156/2156/2156 2157/2157/2157
v 0.663457 -2.096355 10.943063 0.18257 0.28150 0.33931
vt 0.855016 0.626157
vn 0.007135 0.999975 0.000000
v 0.000000 -2.091621 10.505870 0.18257 0.28150 0.33931
vt 0.851620 0.605277
vn 0.007135 0.999975 0.000000
v 0.000000 -2.091621 10.943063 0.18257 0.28150 0.33931
vt 0.856012 0.605428
vn 0.007135 0.999975 0.000000
f 2158/2158/2158 2159/2159/2159 2160/2160/2160
v 0.000000 -4.835843 -3.146349 0.91030 0.90958 0.89190
vt 0.613152 0.277217
vn 0.235770 -0.971808 0.001151
v 0.690007 -4.668984 -3.605233 0.91030 0.90958 0.89190
vt 0.621920 0.294399
vn 0.235770 -0.971808 0.001151
v 0.697898 -4.654686 6.854628 0.91030 0.90958 0.89190
vt 0.432269 0.295944
vn 0.235770 -0.971808 0.001151
f 2161/2161/2161 2162/2162/2162 2163/2163/2163
v 0.000000 -4.835843 -3.146349 0.90426 0.91260 0.89190
vt 0.613152 0.277217
vn 0.242296 -0.970202 0.000666
v 0.697898 -4.654686 6.854628 0.90426 0.91260 0.89190
vt 0.432269 0.295944
vn 0.242296 -0.970202 0.000666
v 0.000000 -4.828691 7.271013 0.90426 0.91260 0.89190
vt 0.423415 0.278547
vn 0.242296 -0.970202 0.000666
f 2164/2164/2164 2165/2165/2165 2166/2166/2166
v 0.663457 -2.096355 10.505869 0.15540 0.26036 0.33025
vt 0.850769 0.626011
vn 0.007135 0.999975 0.000000
v 0.663457 -2.096355 -5.715958 0.15540 0.26036 0.33025
vt 0.688582 0.620617
vn 0.007135 0.999975 0.000000
v 0.000000 -2.091621 -5.715957 0.15540 0.26036 0.33025
vt 0.689324 0.599672
vn 0.007135 0.999975 0.000000
f 2167/2167/2167 2168/2168/2168 2169/2169/2169
v 0.663457 -2.096355 10.505869 0.17654 0.26942 0.32119
vt 0.850769 0.626011
vn 0.007135 0.999975 0.000000
v 0.000000 -2.091621 -5.715957 0.17654 0.26942 0.32119
vt 0.689324 0.599672
vn 0.007135 0.999975 0.000000
v 0.000000 -2.091621 10.505870 0.17654 0.26942 0.32119
vt 0.851620 0.605277
vn 0.007135 0.999975 0.000000
f 2170/2170/2170 2171/2171/2171 2172/2172/2172
v 0.693387 -4.660961 -5.740594 0.19767 0.23923 0.27288
vt 0.660678 0.294675
vn 0.232982 -0.972476 -0.003285
v 0.690007 -4.668984 -3.605233 0.19767 0.23923 0.27288
vt 0.621920 0.294399
vn 0.232982 -0.972476 -0.003285
v 0.000000 -4.835843 -3.146349 0.19767 0.23923 0.27288
vt 0.613152 0.277217
vn 0.232982 -0.972476 -0.003285
f 2173/2173/2173 2174/2174/2174 2175/2175/2175
v 0.693387 -4.660961 -5.740594 0.32148 0.34189 0.37857
vt 0.660678 0.294675
vn 0.239948 -0.970785 -0.001309
v 0.000000 -4.835843 -3.146349 0.32148 0.34189 0.37857
vt 0.613152 0.277217
vn 0.239948 -0.970785 -0.001309
v 0.000000 -4.832151 -5.883695 0.32148 0.34189 0.37857
vt 0.663241 0.277295
vn 0.239948 -0.970785 -0.001309
f 2176/2176/2176 2177/2177/2177 2178/2178/2178
v 0.663457 -2.096355 -5.715958 0.15238 0.26338 0.33025
vt 0.688582 0.620617
vn 0.007135 0.999975 0.000000
v 0.663457 -2.096355 -6.019864 0.15238 0.26338 0.33025
vt 0.685590 0.620497
vn 0.007135 0.999975 0.000000
v 0.000000 -2.091621 -6.019863 0.15238 0.26338 0.33025
vt 0.686255 0.599548
vn 0.007135 0.999975 0.000000
f 2179/2179/2179 2180/2180/2180 2181/2181/2181
v 0.663457 -2.096355 -5.715958 0.15540 0.26036 0.33025
vt 0.688582 0.620617
vn 0.007135 0.999975 -0.000001
v 0.000000 -2.091621 -6.019863 0.15540 0.26036 0.33025
vt 0.686255 0.599548
vn 0.007135 0.999975 -0.000001
v 0.000000 -2.091621 -5.715957 0.15540 0.26036 0.33025
vt 0.689324 0.599672
vn 0.007135 0.999975 -0.000001
f 2182/2182/2182 2183/2183/2183 2184/2184/2184
v 0.000000 -4.826560 -7.359078 0.56003 0.58648 0.59296
vt 0.690150 0.277533
vn 0.245187 -0.969458 -0.005850
v 0.702536 -4.645324 -7.948584 0.56003 0.58648 0.59296
vt 0.700769 0.295365
vn 0.245187 -0.969458 -0.005850
v 0.693387 -4.660961 -5.740594 0.56003 0.58648 0.59296
vt 0.660678 0.294675
vn 0.245187 -0.969458 -0.005850
f 2185/2185/2185 2186/2186/2186 2187/2187/2187
v 0.000000 -4.826560 -7.359078 0.15238 0.26036 0.31515
vt 0.690150 0.277533
vn 0.240407 -0.970665 -0.003678
v 0.693387 -4.660961 -5.740594 0.15238 0.26036 0.31515
vt 0.660678 0.294675
vn 0.240407 -0.970665 -0.003678
v 0.000000 -4.832151 -5.883695 0.15238 0.26036 0.31515
vt 0.663241 0.277295
vn 0.240407 -0.970665 -0.003678
f 2188/2188/2188 2189/2189/2189 2190/2190/2190
v 0.000000 -4.828691 7.271013 0.87708 0.78276 0.75300
vt 0.423415 0.278547
vn 0.250276 -0.968059 0.014935
v 0.697898 -4.654686 6.854628 0.87708 0.78276 0.75300
vt 0.432269 0.295944
vn 0.250276 -0.968059 0.014935
v 0.682148 -4.612156 9.875132 0.87708 0.78276 0.75300
vt 0.377613 0.297674
vn 0.250276 -0.968059 0.014935
f 2191/2191/2191 2192/2192/2192 2193/2193/2193
v 0.000000 -4.828691 7.271013 0.51473 0.29056 0.26986
vt 0.423415 0.278547
vn 0.279459 -0.960135 0.006632
v 0.682148 -4.612156 9.875132 0.51473 0.29056 0.26986
vt 0.377613 0.297674
vn 0.279459 -0.960135 0.006632
v 0.000000 -4.806300 10.512799 0.51473 0.29056 0.26986
vt 0.364023 0.280183
vn 0.279459 -0.960135 0.006632
f 2194/2194/2194 2195/2195/2195 2196/2196/2196
v 0.682148 -4.612156 9.875132 0.51775 0.29358 0.27288
vt 0.377613 0.297674
vn 0.308413 -0.950614 0.034865
v 0.667499 -4.579582 10.892884 0.51775 0.29358 0.27288
vt 0.359098 0.298807
vn 0.308413 -0.950614 0.034865
v 0.000000 -4.788351 11.105329 0.51775 0.29358 0.27288
vt 0.352928 0.281044
vn 0.308413 -0.950614 0.034865
f 2197/2197/2197 2198/2198/2198 2199/2199/2199
v 0.682148 -4.612156 9.875132 0.51775 0.29358 0.27288
vt 0.377613 0.297674
vn 0.298518 -0.953967 0.028898
v 0.000000 -4.788351 11.105329 0.51775 0.29358 0.27288
vt 0.352928 0.281044
vn 0.298518 -0.953967 0.028898
v 0.000000 -4.806300 10.512799 0.51775 0.29358 0.27288
vt 0.364023 0.280183
vn 0.298518 -0.953967 0.028898
f 2200/2200/2200 2201/2201/2201 2202/2202/2202
v 0.000000 -2.235585 -15.339928 0.51775 0.29358 0.27288
vt 0.977189 0.425844
vn 0.130211 -0.112345 -0.985101
v 0.749687 -2.163519 -15.249053 0.51775 0.29358 0.27288
vt 0.934235 0.429209
vn 0.130211 -0.112345 -0.985101
v 0.716098 -3.494008 -15.101758 0.51775 0.29358 0.27288
vt 0.936718 0.364698
vn 0.130211 -0.112345 -0.985101
f 2203/2203/2203 2204/2204/2204 2205/2205/2205
v 0.000000 -2.235585 -15.339928 0.51775 0.29358 0.27288
vt 0.977189 0.425844
vn 0.045449 -0.160739 -0.985950
v 0.716098 -3.494008 -15.101758 0.51775 0.29358 0.27288
vt 0.936718 0.364698
vn 0.045449 -0.160739 -0.985950
v 0.000000 -3.545394 -15.126391 0.51775 0.29358 0.27288
vt 0.977837 0.362377
vn 0.045449 -0.160739 -0.985950
f 2206/2206/2206 2207/2207/2207 2208/2208/2208
v 0.663457 -1.073101 -15.322756 0.51775 0.29358 0.27288
vt 0.938278 0.482091
vn 0.147988 -0.035722 -0.988344
v 0.732478 -1.691901 -15.290057 0.51775 0.29358 0.27288
vt 0.934881 0.452061
vn 0.147988 -0.035722 -0.988344
v 0.000000 -1.676240 -15.400299 0.51775 0.29358 0.27288
vt 0.976787 0.452965
vn 0.147988 -0.035722 -0.988344
f 2209/2209/2209 2210/2210/2210 2211/2211/2211
v 0.663457 -1.073101 -15.322756 0.50869 0.29056 0.26986
vt 0.938278 0.482091
vn 0.254866 -0.157699 -0.954031
v 0.000000 -1.676240 -15.400299 0.50869 0.29056 0.26986
vt 0.976787 0.452965
vn 0.254866 -0.157699 -0.954031
v 0.000000 -1.073101 -15.499997 0.50869 0.29056 0.26986
vt 0.976310 0.482246
vn 0.254866 -0.157699 -0.954031
f 2212/2212/2212 2213/2213/2213 2214/2214/2214
v 0.660702 -4.528409 11.512602 0.91030 0.91260 0.89190
vt 0.165777 0.320618
vn 0.324944 -0.934532 0.145126
v 0.661134 -4.516996 11.585123 0.91030 0.91260 0.89190
vt 0.165508 0.321311
vn 0.324944 -0.934532 0.145126
v 0.000000 -4.741340 11.620781 0.91030 0.91260 0.89190
vt 0.125121 0.311738
vn 0.324944 -0.934532 0.145126
f 2215/2215/2215 2216/2216/2216 2217/2217/2217
v 0.660702 -4.528409 11.512602 0.91030 0.91260 0.89190
vt 0.165777 0.320618
vn 0.324240 -0.935808 0.138319
v 0.000000 -4.741340 11.620781 0.91030 0.91260 0.89190
vt 0.125121 0.311738
vn 0.324240 -0.935808 0.138319
v 0.000000 -4.758992 11.501354 0.91030 0.91260 0.89190
vt 0.125605 0.310607
vn 0.324240 -0.935808 0.138319
f 2218/2218/2218 2219/2219/2219 2220/2220/2220
v 0.663457 -1.072999 -6.357646 0.71101 0.20601 0.18531
vt 0.820121 0.713845
vn -0.000000 0.000884 1.000000
v 0.663260 -0.335379 -6.358298 0.71101 0.20601 0.18531
vt 0.819607 0.771622
vn -0.000000 0.000884 1.000000
v 0.000000 -0.335477 -6.358298 0.71101 0.20601 0.18531
vt 0.795999 0.771409
vn -0.000000 0.000884 1.000000
f 2221/2221/2221 2222/2222/2222 2223/2223/2223
v 0.663457 -1.072999 -6.357646 0.76234 0.16676 0.14908
vt 0.820121 0.713845
vn 0.000002 0.000885 1.000000
v 0.000000 -0.335477 -6.358298 0.76234 0.16676 0.14908
vt 0.795999 0.771409
vn 0.000002 0.000885 1.000000
v 0.000000 -1.073098 -6.357645 0.76234 0.16676 0.14908
vt 0.796515 0.713630
vn 0.000002 0.000885 1.000000
f 2224/2224/2224 2225/2225/2225 2226/2226/2226
v 0.662630 1.692528 -9.985402 0.91030 0.91260 0.89190
vt 0.069942 0.825947
vn -0.000059 1.000000 -0.000016
v 0.662630 1.692526 -10.153262 0.91030 0.91260 0.89190
vt 0.070041 0.824169
vn -0.000059 1.000000 -0.000016
v 0.000000 1.692487 -10.153262 0.91030 0.91260 0.89190
vt 0.092170 0.825405
vn -0.000059 1.000000 -0.000016
f 2227/2227/2227 2228/2228/2228 2229/2229/2229
v 0.662630 1.692528 -9.985402 0.91030 0.91260 0.89190
vt 0.069942 0.825947
vn -0.000062 1.000000 -0.000002
v 0.000000 1.692487 -10.153262 0.91030 0.91260 0.89190
vt 0.092170 0.825405
vn -0.000062 1.000000 -0.000002
v 0.000000 1.692487 -9.985402 0.91030 0.91260 0.89190
vt 0.092071 0.827185
vn -0.000062 1.000000 -0.000002
f 2230/2230/2230 2231/2231/2231 2232/2232/2232
v 0.689227 -4.649698 -11.823491 0.90728 0.90958 0.88888
vt 0.770979 0.295094
vn 0.250651 -0.968077 0.000276
v 0.694260 -4.648040 -10.579948 0.90728 0.90958 0.88888
vt 0.748430 0.295272
vn 0.250651 -0.968077 0.000276
v 0.000000 -4.827812 -10.637180 0.90728 0.90958 0.88888
vt 0.749197 0.277652
vn 0.250651 -0.968077 0.000276
f 2233/2233/2233 2234/2234/2234 2235/2235/2235
v 0.689227 -4.649698 -11.823491 0.91030 0.91260 0.89190
vt 0.770979 0.295094
vn 0.251149 -0.967948 0.000585
v 0.000000 -4.827812 -10.637180 0.91030 0.91260 0.89190
vt 0.749197 0.277652
vn 0.251149 -0.967948 0.000585
v 0.000000 -4.828586 -11.917267 0.91030 0.91260 0.89190
vt 0.772235 0.277583
vn 0.251149 -0.967948 0.000585
f 2236/2236/2236 2237/2237/2237 2238/2238/2238
v 0.663056 0.424816 -6.358969 0.14936 0.26942 0.33327
vt 0.819081 0.831170
vn -0.000000 0.001488 0.999999
v 0.662861 0.735299 -6.359431 0.14936 0.26942 0.33327
vt 0.818863 0.855490
vn -0.000000 0.001488 0.999999
v 0.000000 0.735200 -6.359431 0.14936 0.26942 0.33327
vt 0.795252 0.855276
vn -0.000000 0.001488 0.999999
f 2239/2239/2239 2240/2240/2240 2241/2241/2241
v 0.663056 0.424816 -6.358969 0.14634 0.26640 0.33025
vt 0.819081 0.831170
vn -0.000000 0.001488 0.999999
v 0.000000 0.735200 -6.359431 0.14634 0.26640 0.33025
vt 0.795252 0.855276
vn -0.000000 0.001488 0.999999
v 0.000000 0.424718 -6.358969 0.14634 0.26640 0.33025
vt 0.795467 0.830956
vn -0.000000 0.001488 0.999999
f 2242/2242/2242 2243/2243/2243 2244/2244/2244
v 0.000000 -4.827759 -10.126868 0.91030 0.91260 0.89190
vt 0.740104 0.277642
vn 0.250681 -0.968070 0.000219
v 0.694626 -4.647921 -10.280879 0.91030 0.91260 0.89190
vt 0.743040 0.295264
vn 0.250681 -0.968070 0.000219
v 0.697021 -4.647133 -9.541036 0.91030 0.91260 0.89190
vt 0.729654 0.295305
vn 0.250681 -0.968070 0.000219
f 2245/2245/2245 2246/2246/2246 2247/2247/2247
v 0.000000 -4.827759 -10.126868 0.90124 0.90052 0.88284
vt 0.740104 0.277642
vn 0.250546 -0.968105 0.000391
v 0.697021 -4.647133 -9.541036 0.90124 0.90052 0.88284
vt 0.729654 0.295305
vn 0.250546 -0.968105 0.000391
v 0.000000 -4.827393 -9.221518 0.90124 0.90052 0.88284
vt 0.723821 0.277626
vn 0.250546 -0.968105 0.000391
f 2248/2248/2248 2249/2249/2249 2250/2250/2250
v 0.156442 4.833659 -7.468406 0.75630 0.75860 0.73790
vt 0.040583 0.121868
vn -0.000034 0.999978 0.006625
v 0.156442 4.835844 -7.798184 0.75630 0.75860 0.73790
vt 0.036187 0.121994
vn -0.000034 0.999978 0.006625
v -0.000000 4.835838 -7.798188 0.75630 0.75860 0.73790
vt 0.035998 0.115429
vn -0.000034 0.999978 0.006625
f 2251/2251/2251 2252/2252/2252 2253/2253/2253
v 0.156442 4.833659 -7.468406 0.75630 0.75860 0.73790
vt 0.040583 0.121868
vn -0.000116 0.999978 0.006663
v -0.000000 4.835838 -7.798188 0.75630 0.75860 0.73790
vt 0.035998 0.115429
vn -0.000116 0.999978 0.006663
v -0.000000 4.833641 -7.468406 0.75630 0.75860 0.73790
vt 0.040395 0.115302
vn -0.000116 0.999978 0.006663
f 2254/2254/2254 2255/2255/2255 2256/2256/2256
v 0.000000 -4.827393 -9.221518 0.90728 0.89146 0.85566
vt 0.723821 0.277626
vn 0.250491 -0.968119 0.000265
v 0.697021 -4.647133 -9.541036 0.90728 0.89146 0.85566
vt 0.729654 0.295305
vn 0.250491 -0.968119 0.000265
v 0.702195 -4.645429 -8.203717 0.90728 0.89146 0.85566
vt 0.705402 0.295405
vn 0.250491 -0.968119 0.000265
f 2257/2257/2257 2258/2258/2258 2259/2259/2259
v 0.000000 -4.827393 -9.221518 0.71705 0.63782 0.61712
vt 0.723821 0.277626
vn 0.250122 -0.968214 0.000536
v 0.702195 -4.645429 -8.203717 0.71705 0.63782 0.61712
vt 0.705402 0.295405
vn 0.250122 -0.968214 0.000536
v 0.000000 -4.826599 -7.787490 0.71705 0.63782 0.61712
vt 0.697889 0.277594
vn 0.250122 -0.968214 0.000536
f 2260/2260/2260 2261/2261/2261 2262/2262/2262
v 0.662695 1.390951 -6.359826 0.16748 0.26942 0.32421
vt 0.818407 0.906850
vn 0.000001 -0.003570 0.999994
v 0.662695 1.691128 -6.358755 0.16748 0.26942 0.32421
vt 0.818204 0.930363
vn 0.000001 -0.003570 0.999994
v 0.000000 1.691033 -6.358755 0.16748 0.26942 0.32421
vt 0.794595 0.930149
vn 0.000001 -0.003570 0.999994
f 2263/2263/2263 2264/2264/2264 2265/2265/2265
v 0.662695 1.390951 -6.359826 0.16144 0.26036 0.32421
vt 0.818407 0.906850
vn 0.000001 -0.003570 0.999994
v 0.000000 1.691033 -6.358755 0.16144 0.26036 0.32421
vt 0.794595 0.930149
vn 0.000001 -0.003570 0.999994
v 0.000000 1.390853 -6.359826 0.16144 0.26036 0.32421
vt 0.794802 0.906635
vn 0.000001 -0.003570 0.999994
f 2266/2266/2266 2267/2267/2267 2268/2268/2268
v 0.662695 1.390890 -10.152986 0.31242 0.28452 0.32421
vt 0.539164 0.897177
vn 0.000000 -0.000600 -1.000000
v 0.662861 0.735237 -10.152592 0.31242 0.28452 0.32421
vt 0.539309 0.942217
vn 0.000000 -0.000600 -1.000000
v 0.000000 0.735198 -10.152592 0.31242 0.28452 0.32421
vt 0.518626 0.942283
vn 0.000000 -0.000600 -1.000000
f 2269/2269/2269 2270/2270/2270 2271/2271/2271
v 0.662695 1.390890 -10.152986 0.15540 0.26338 0.31817
vt 0.539164 0.897177
vn 0.000000 -0.000600 -1.000000
v 0.000000 0.735198 -10.152592 0.15540 0.26338 0.31817
vt 0.518626 0.942283
vn 0.000000 -0.000600 -1.000000
v 0.000000 1.390851 -10.152986 0.15540 0.26338 0.31817
vt 0.518486 0.897243
vn 0.000000 -0.000600 -1.000000
f 2272/2272/2272 2273/2273/2273 2274/2274/2274
v 0.663056 0.424715 -12.579305 0.71705 0.20601 0.17323
vt 0.492830 0.827502
vn -0.000004 -0.000885 -1.000000
v 0.663260 -0.335481 -12.578632 0.71705 0.20601 0.17323
vt 0.493742 0.767955
vn -0.000004 -0.000885 -1.000000
v 0.000000 -0.335481 -12.578630 0.71705 0.20601 0.17323
vt 0.517380 0.768316
vn -0.000004 -0.000885 -1.000000
f 2275/2275/2275 2276/2276/2276 2277/2277/2277
v 0.663056 0.424715 -12.579305 0.62042 0.19695 0.20947
vt 0.492830 0.827502
vn -0.000002 -0.000887 -1.000000
v 0.000000 -0.335481 -12.578630 0.62042 0.19695 0.20947
vt 0.517380 0.768316
vn -0.000002 -0.000887 -1.000000
v 0.000000 0.424715 -12.579304 0.62042 0.19695 0.20947
vt 0.516541 0.827862
vn -0.000002 -0.000887 -1.000000
f 2278/2278/2278 2279/2279/2279 2280/2280/2280
v 0.663056 0.424754 -10.152131 0.19465 0.27244 0.33025
vt 0.539381 0.963545
vn -0.000002 1.000000 -0.000016
v 0.663056 0.424716 -12.459030 0.19465 0.27244 0.33025
vt 0.539453 0.986389
vn -0.000002 1.000000 -0.000016
v 0.000000 0.424715 -12.459029 0.19465 0.27244 0.33025
vt 0.518763 0.986454
vn -0.000002 1.000000 -0.000016
f 2281/2281/2281 2282/2282/2282 2283/2283/2283
v 0.663056 0.424754 -10.152131 0.20069 0.27546 0.32723
vt 0.539381 0.963545
vn -0.000057 1.000000 -0.000001
v 0.000000 0.424715 -12.459029 0.20069 0.27546 0.32723
vt 0.518763 0.986454
vn -0.000057 1.000000 -0.000001
v 0.000000 0.424716 -10.152131 0.20069 0.27546 0.32723
vt 0.518692 0.963612
vn -0.000057 1.000000 -0.000001
f 2284/2284/2284 2285/2285/2285 2286/2286/2286
v 0.688964 -4.649801 -12.142657 0.91030 0.91260 0.89190
vt 0.776785 0.295062
vn 0.251210 -0.967933 0.000104
v 0.689227 -4.649698 -11.823491 0.91030 0.91260 0.89190
vt 0.770979 0.295094
vn 0.251210 -0.967933 0.000104
v 0.000000 -4.828586 -11.917267 0.91030 0.91260 0.89190
vt 0.772235 0.277583
vn 0.251210 -0.967933 0.000104
f 2287/2287/2287 2288/2288/2288 2289/2289/2289
v 0.688964 -4.649801 -12.142657 0.91030 0.91260 0.89190
vt 0.776785 0.295062
vn 0.251216 -0.967931 0.000122
v 0.000000 -4.828586 -11.917267 0.91030 0.91260 0.89190
vt 0.772235 0.277583
vn 0.251216 -0.967931 0.000122
v 0.000000 -4.828658 -12.492671 0.91030 0.91260 0.89190
vt 0.782474 0.277524
vn 0.251216 -0.967931 0.000122
f 2290/2290/2290 2291/2291/2291 2292/2292/2292
v 0.672251 -0.676771 15.316975 0.21881 0.27546 0.33931
vt 0.013779 0.446643
vn 0.039967 0.999140 0.011004
v 0.671786 -0.675931 15.242418 0.21881 0.27546 0.33931
vt 0.014410 0.446674
vn 0.039967 0.999140 0.011004
v 0.000000 -0.650731 15.394330 0.21881 0.27546 0.33931
vt 0.013809 0.465049
vn 0.039967 0.999140 0.011004
f 2293/2293/2293 2294/2294/2294 2295/2295/2295
v 0.672251 -0.676771 15.316975 0.15540 0.26036 0.33629
vt 0.013779 0.446643
vn 0.039282 0.999216 0.005022
v 0.000000 -0.650731 15.394330 0.15540 0.26036 0.33629
vt 0.013809 0.465049
vn 0.039282 0.999216 0.005022
v 0.000000 -0.651192 15.485943 0.15540 0.26036 0.33629
vt 0.013080 0.465050
vn 0.039282 0.999216 0.005022
f 2296/2296/2296 2297/2297/2297 2298/2298/2298
v 0.000000 -0.902474 15.500000 0.25203 0.28754 0.31817
vt 0.169521 0.499293
vn 0.245346 0.054139 0.967923
v 0.687732 -0.928643 15.327139 0.25203 0.28754 0.31817
vt 0.208313 0.496612
vn 0.245346 0.054139 0.967923
v 0.672251 -0.676771 15.316975 0.25203 0.28754 0.31817
vt 0.210726 0.508764
vn 0.245346 0.054139 0.967923
f 2299/2299/2299 2300/2300/2300 2301/2301/2301
v 0.000000 -0.902474 15.500000 0.23391 0.30868 0.35139
vt 0.169521 0.499293
vn 0.245344 0.054145 0.967923
v 0.672251 -0.676771 15.316975 0.23391 0.30868 0.35139
vt 0.210726 0.508764
vn 0.245344 0.054145 0.967923
v 0.000000 -0.651192 15.485943 0.23391 0.30868 0.35139
vt 0.172623 0.511463
vn 0.245344 0.054145 0.967923
f 2302/2302/2302 2303/2303/2303 2304/2304/2304
v 0.000000 -0.882710 11.511414 0.91030 0.91260 0.89190
vt 0.078273 0.052452
vn -0.001778 0.031524 0.999501
v 0.663981 -0.885681 11.512689 0.91030 0.91260 0.89190
vt 0.078928 0.034804
vn -0.001778 0.031524 0.999501
v 0.668955 -0.633936 11.504758 0.91030 0.91260 0.89190
vt 0.093659 0.035363
vn -0.001778 0.031524 0.999501
f 2305/2305/2305 2306/2306/2306 2307/2307/2307
v 0.000000 -0.882710 11.511414 0.91030 0.91260 0.89190
vt 0.078273 0.052452
vn -0.001777 0.031523 0.999501
v 0.668955 -0.633936 11.504758 0.91030 0.91260 0.89190
vt 0.093659 0.035363
vn -0.001777 0.031523 0.999501
v 0.000000 -0.630943 11.503474 0.91030 0.91260 0.89190
vt 0.092950 0.053071
vn -0.001777 0.031523 0.999501
f 2308/2308/2308 2309/2309/2309 2310/2310/2310
v 0.744890 1.946344 11.301077 0.91030 0.91260 0.89190
vt 0.080998 0.189294
vn 0.011638 0.999932 -0.000000
v 0.744890 1.946344 11.036804 0.91030 0.91260 0.89190
vt 0.076950 0.189382
vn 0.011638 0.999932 -0.000000
v 0.374648 1.950653 11.036804 0.91030 0.91260 0.89190
vt 0.076643 0.171486
vn 0.011638 0.999932 -0.000000
f 2311/2311/2311 2312/2312/2312 2313/2313/2313
v 0.744890 1.946344 11.301077 0.91030 0.91260 0.89190
vt 0.080998 0.189294
vn 0.011638 0.999932 0.000000
v 0.374648 1.950653 11.036804 0.91030 0.91260 0.89190
vt 0.076643 0.171486
vn 0.011638 0.999932 0.000000
v 0.374648 1.950653 11.301077 0.91030 0.91260 0.89190
vt 0.080693 0.171417
vn 0.011638 0.999932 0.000000
f 2314/2314/2314 2315/2315/2315 2316/2316/2316
v 0.662695 1.691128 -6.358755 0.74120 0.21507 0.17927
vt 0.142122 0.755259
vn -0.000143 0.999999 0.001166
v 0.662453 1.691312 -6.516776 0.74120 0.21507 0.17927
vt 0.142104 0.753339
vn -0.000143 0.999999 0.001166
v 0.000000 1.691217 -6.516776 0.74120 0.21507 0.17927
vt 0.167454 0.753487
vn -0.000143 0.999999 0.001166
f 2317/2317/2317 2318/2318/2318 2319/2319/2319
v 0.662695 1.691128 -6.358755 0.75026 0.14864 0.12190
vt 0.142122 0.755259
vn -0.000144 0.999999 0.001168
v 0.000000 1.691217 -6.516776 0.75026 0.14864 0.12190
vt 0.167454 0.753487
vn -0.000144 0.999999 0.001168
v 0.000000 1.691033 -6.358755 0.75026 0.14864 0.12190
vt 0.167469 0.755408
vn -0.000144 0.999999 0.001168
f 2320/2320/2320 2321/2321/2321 2322/2322/2322
v 0.662209 2.292811 -8.888424 0.51775 0.29358 0.27288
vt 0.110753 0.903456
vn 0.000001 -0.000843 -1.000000
v 0.662453 1.691274 -8.887917 0.51775 0.29358 0.27288
vt 0.112133 0.951331
vn 0.000001 -0.000843 -1.000000
v 0.000000 1.691216 -8.887918 0.51775 0.29358 0.27288
vt 0.088142 0.951954
vn 0.000001 -0.000843 -1.000000
f 2323/2323/2323 2324/2324/2324 2325/2325/2325
v 0.662209 2.292811 -8.888424 0.51775 0.29358 0.27288
vt 0.110753 0.903456
vn 0.000000 -0.000842 -1.000000
v 0.000000 1.691216 -8.887918 0.51775 0.29358 0.27288
vt 0.088142 0.951954
vn 0.000000 -0.000842 -1.000000
v 0.000000 2.292752 -8.888424 0.51775 0.29358 0.27288
vt 0.086799 0.904087
vn 0.000000 -0.000842 -1.000000
f 2326/2326/2326 2327/2327/2327 2328/2328/2328
v 0.663457 -1.073101 -15.152153 0.18861 0.28754 0.35139
vt 0.744471 0.975076
vn -0.258094 0.000011 0.966120
v 0.663457 -0.771465 -15.152156 0.18861 0.28754 0.35139
vt 0.743550 0.952932
vn -0.258094 0.000011 0.966120
v 0.000000 -0.771465 -15.329395 0.18861 0.28754 0.35139
vt 0.766391 0.951646
vn -0.258094 0.000011 0.966120
f 2329/2329/2329 2330/2330/2330 2331/2331/2331
v 0.663457 -1.073101 -15.152153 0.20673 0.26640 0.32421
vt 0.744471 0.975076
vn -0.258094 0.000011 0.966120
v 0.000000 -0.771465 -15.329395 0.20673 0.26640 0.32421
vt 0.766391 0.951646
vn -0.258094 0.000011 0.966120
v 0.000000 -1.073101 -15.329392 0.20673 0.26640 0.32421
vt 0.766621 0.974417
vn -0.258094 0.000011 0.966120
f 2332/2332/2332 2333/2333/2333 2334/2334/2334
v 0.662695 1.390910 -8.887413 0.83481 0.85523 0.85566
vt 0.539128 0.884646
vn -0.000063 1.000000 -0.000016
v 0.662695 1.390893 -9.985126 0.83481 0.85523 0.85566
vt 0.539162 0.895515
vn -0.000063 1.000000 -0.000016
v 0.000000 1.390851 -9.985126 0.83481 0.85523 0.85566
vt 0.518484 0.895579
vn -0.000063 1.000000 -0.000016
f 2335/2335/2335 2336/2336/2336 2337/2337/2337
v 0.662695 1.390910 -8.887413 0.15842 0.21507 0.28496
vt 0.539128 0.884646
vn -0.000088 1.000000 -0.000001
v 0.000000 1.390851 -9.985126 0.15842 0.21507 0.28496
vt 0.518484 0.895579
vn -0.000088 1.000000 -0.000001
v 0.000000 1.390852 -8.887413 0.15842 0.21507 0.28496
vt 0.518450 0.884709
vn -0.000088 1.000000 -0.000001
f 2338/2338/2338 2339/2339/2339 2340/2340/2340
v 0.000000 -4.827812 -10.637180 0.91030 0.91260 0.89190
vt 0.749197 0.277652
vn 0.250667 -0.968073 0.000078
v 0.694260 -4.648040 -10.579948 0.91030 0.91260 0.89190
vt 0.748430 0.295272
vn 0.250667 -0.968073 0.000078
v 0.694626 -4.647921 -10.280879 0.91030 0.91260 0.89190
vt 0.743040 0.295264
vn 0.250667 -0.968073 0.000078
f 2341/2341/2341 2342/2342/2342 2343/2343/2343
v 0.000000 -4.827812 -10.637180 0.91030 0.91260 0.89190
vt 0.749197 0.277652
vn 0.250656 -0.968076 0.000101
v 0.694626 -4.647921 -10.280879 0.91030 0.91260 0.89190
vt 0.743040 0.295264
vn 0.250656 -0.968076 0.000101
v 0.000000 -4.827759 -10.126868 0.91030 0.91260 0.89190
vt 0.740104 0.277642
vn 0.250656 -0.968076 0.000101
f 2344/2344/2344 2345/2345/2345 2346/2346/2346
v 0.662695 1.390893 -9.985126 0.91030 0.91260 0.89190
vt 0.068702 0.848121
vn -0.000000 0.000915 1.000000
v 0.662630 1.692528 -9.985402 0.91030 0.91260 0.89190
vt 0.069942 0.825947
vn -0.000000 0.000915 1.000000
v 0.000000 1.692487 -9.985402 0.91030 0.91260 0.89190
vt 0.092071 0.827185
vn -0.000000 0.000915 1.000000
f 2347/2347/2347 2348/2348/2348 2349/2349/2349
v 0.662695 1.390893 -9.985126 0.91030 0.91260 0.89190
vt 0.068702 0.848121
vn -0.000000 0.000915 1.000000
v 0.000000 1.692487 -9.985402 0.91030 0.91260 0.89190
vt 0.092071 0.827185
vn -0.000000 0.000915 1.000000
v 0.000000 1.390851 -9.985126 0.91030 0.91260 0.89190
vt 0.090831 0.849360
vn -0.000000 0.000915 1.000000
f 2350/2350/2350 2351/2351/2351 2352/2352/2352
v -2.030722 -2.341739 12.992156 0.91030 0.91260 0.89190
vt 0.269934 0.112009
vn -0.793044 -0.537771 0.286151
v -2.194947 -2.411299 12.406295 0.91030 0.91260 0.89190
vt 0.281980 0.116509
vn -0.793044 -0.537771 0.286151
v -1.961315 -2.912765 12.111368 0.91030 0.91260 0.89190
vt 0.265364 0.142412
vn -0.793044 -0.537771 0.286151
f 2353/2353/2353 2354/2354/2354 2355/2355/2355
v -2.030722 -2.341739 12.992156 0.91030 0.91260 0.89190
vt 0.269934 0.112009
vn -0.783609 -0.547658 0.293305
v -1.961315 -2.912765 12.111368 0.91030 0.91260 0.89190
vt 0.265364 0.142412
vn -0.783609 -0.547658 0.293305
v -1.855136 -2.820032 12.568195 0.91030 0.91260 0.89190
vt 0.257609 0.136933
vn -0.783609 -0.547658 0.293305
f 2356/2356/2356 2357/2357/2357 2358/2358/2358
v -2.318673 -3.226695 -14.418726 0.91030 0.91260 0.89190
vt 0.831507 0.153154
vn -0.694326 -0.171848 -0.698842
v -2.540636 -2.791590 -14.305191 0.91030 0.91260 0.89190
vt 0.814387 0.130962
vn -0.694326 -0.171848 -0.698842
v -2.099336 -3.027679 -14.685585 0.91030 0.91260 0.89190
vt 0.842704 0.142378
vn -0.694326 -0.171848 -0.698842
f 2359/2359/2359 2360/2360/2360 2361/2361/2361
v -2.318673 -3.226695 -14.418726 0.91030 0.91260 0.89190
vt 0.831507 0.153154
vn -0.579860 -0.348430 -0.736450
v -2.099336 -3.027679 -14.685585 0.91030 0.91260 0.89190
vt 0.842704 0.142378
vn -0.579860 -0.348430 -0.736450
v -1.914836 -3.688799 -14.518064 0.91030 0.91260 0.89190
vt 0.858744 0.176519
vn -0.579860 -0.348430 -0.736450
f 2362/2362/2362 2363/2363/2363 2364/2364/2364
v -2.460863 -2.509958 10.977097 0.91030 0.91260 0.89190
vt 0.351390 0.127014
vn -0.825633 -0.556440 0.093296
v -2.533094 -2.572754 9.963362 0.91030 0.91260 0.89190
vt 0.370729 0.129438
vn -0.825633 -0.556440 0.093296
v -2.193717 -3.113363 9.742392 0.91030 0.91260 0.89190
vt 0.378110 0.159038
vn -0.825633 -0.556440 0.093296
f 2365/2365/2365 2366/2366/2366 2367/2367/2367
v -2.460863 -2.509958 10.977097 0.91030 0.91260 0.89190
vt 0.351390 0.127014
vn -0.818868 -0.565359 0.099119
v -2.193717 -3.113363 9.742392 0.91030 0.91260 0.89190
vt 0.378110 0.159038
vn -0.818868 -0.565359 0.099119
v -2.095736 -3.025499 11.053012 0.91030 0.91260 0.89190
vt 0.352921 0.155868
vn -0.818868 -0.565359 0.099119
f 2368/2368/2368 2369/2369/2369 2370/2370/2370
v -2.095736 -3.025499 11.053012 0.58720 0.58950 0.56880
vt 0.281398 0.150178
vn -0.789099 -0.604722 0.107861
v -1.683407 -3.549026 11.134418 0.58720 0.58950 0.56880
vt 0.253321 0.176747
vn -0.789099 -0.604722 0.107861
v -1.678352 -3.533680 11.257443 0.58720 0.58950 0.56880
vt 0.251869 0.175685
vn -0.789099 -0.604722 0.107861
f 2371/2371/2371 2372/2372/2372 2373/2373/2373
v -2.095736 -3.025499 11.053012 0.91030 0.91260 0.89190
vt 0.281398 0.150178
vn -0.792965 -0.589751 0.152968
v -1.678352 -3.533680 11.257443 0.91030 0.91260 0.89190
vt 0.251869 0.175685
vn -0.792965 -0.589751 0.152968
v -2.079400 -3.013314 11.184675 0.91030 0.91260 0.89190
vt 0.279378 0.149293
vn -0.792965 -0.589751 0.152968
f 2374/2374/2374 2375/2375/2375 2376/2376/2376
v -1.935474 -3.760813 -8.554890 0.90124 0.91260 0.88888
vt 0.707991 0.188478
vn -0.743186 -0.668928 -0.014458
v -1.974591 -3.785423 -5.405569 0.90124 0.91260 0.88888
vt 0.651937 0.190118
vn -0.743186 -0.668928 -0.014458
v -2.467644 -3.240066 -5.293099 0.90124 0.91260 0.88888
vt 0.647113 0.159552
vn -0.743186 -0.668928 -0.014458
f 2377/2377/2377 2378/2378/2378 2379/2379/2379
v -1.935474 -3.760813 -8.554890 0.91030 0.91260 0.89190
vt 0.707991 0.188478
vn -0.750301 -0.660880 -0.016904
v -2.467644 -3.240066 -5.293099 0.91030 0.91260 0.89190
vt 0.647113 0.159552
vn -0.750301 -0.660880 -0.016904
v -2.411614 -3.222388 -8.471275 0.91030 0.91260 0.89190
vt 0.703851 0.158192
vn -0.750301 -0.660880 -0.016904
f 2380/2380/2380 2381/2381/2381 2382/2382/2382
v -2.727914 -2.661752 -7.220070 0.91030 0.91260 0.89190
vt 0.678616 0.128419
vn -0.880816 -0.473368 -0.009250
v -2.721331 -2.653097 -8.289726 0.91030 0.91260 0.89190
vt 0.697949 0.127656
vn -0.880816 -0.473368 -0.009250
v -2.410937 -3.221011 -8.783634 0.91030 0.91260 0.89190
vt 0.709763 0.158026
vn -0.880816 -0.473368 -0.009250
f 2383/2383/2383 2384/2384/2384 2385/2385/2385
v -2.727914 -2.661752 -7.220070 0.91030 0.91260 0.89190
vt 0.678616 0.128419
vn -0.874766 -0.484529 -0.004032
v -2.410937 -3.221011 -8.783634 0.91030 0.91260 0.89190
vt 0.709763 0.158026
vn -0.874766 -0.484529 -0.004032
v -2.411614 -3.222388 -8.471275 0.91030 0.91260 0.89190
vt 0.703851 0.158192
vn -0.874766 -0.484529 -0.004032
f 2386/2386/2386 2387/2387/2387 2388/2388/2388
v -1.955098 -3.769303 -11.667058 0.17654 0.29358 0.29100
vt 0.764342 0.187547
vn -0.729699 -0.683690 0.010334
v -1.957997 -3.761876 -11.380402 0.17654 0.29358 0.29100
vt 0.759099 0.187319
vn -0.729699 -0.683690 0.010334
v -2.466009 -3.218068 -11.273887 0.17654 0.29358 0.29100
vt 0.755455 0.156440
vn -0.729699 -0.683690 0.010334
f 2389/2389/2389 2390/2390/2390 2391/2391/2391
v -1.955098 -3.769303 -11.667058 0.90728 0.90958 0.88888
vt 0.764342 0.187547
vn -0.727967 -0.685447 0.015048
v -2.466009 -3.218068 -11.273887 0.90728 0.90958 0.88888
vt 0.755455 0.156440
vn -0.727967 -0.685447 0.015048
v -2.467838 -3.222661 -11.571573 0.90728 0.90958 0.88888
vt 0.761044 0.156385
vn -0.727967 -0.685447 0.015048
f 2392/2392/2392 2393/2393/2393 2394/2394/2394
v -2.760480 -2.638239 -12.062140 0.87105 0.88844 0.87680
vt 0.767689 0.124864
vn -0.934803 -0.354840 -0.015228
v -2.725513 -2.673215 -13.393742 0.87105 0.88844 0.87680
vt 0.792681 0.125960
vn -0.934803 -0.354840 -0.015228
v -2.496311 -3.247213 -14.088553 0.87105 0.88844 0.87680
vt 0.805936 0.156824
vn -0.934803 -0.354840 -0.015228
f 2395/2395/2395 2396/2396/2396 2397/2397/2397
v -2.760480 -2.638239 -12.062140 0.91030 0.91260 0.89190
vt 0.767689 0.124864
vn -0.898870 -0.437977 0.014441
v -2.496311 -3.247213 -14.088553 0.91030 0.91260 0.89190
vt 0.805936 0.156824
vn -0.898870 -0.437977 0.014441
v -2.467838 -3.222661 -11.571573 0.91030 0.91260 0.89190
vt 0.761044 0.156385
vn -0.898870 -0.437977 0.014441
f 2398/2398/2398 2399/2399/2399 2400/2400/2400
v -2.743448 -2.091453 -6.019864 0.21277 0.27244 0.31515
vt 0.690202 0.513000
vn 0.009930 0.999950 -0.001308
v -1.762151 -2.101198 -6.019864 0.21277 0.27244 0.31515
vt 0.689003 0.543954
vn 0.009930 0.999950 -0.001308
v -1.806617 -2.101198 -6.357645 0.21277 0.27244 0.31515
vt 0.685889 0.542465
vn 0.009930 0.999950 -0.001308
f 2401/2401/2401 2402/2402/2402 2403/2403/2403
v -2.743448 -2.091453 -6.019864 0.25505 0.28754 0.33327
vt 0.690202 0.513000
vn 0.011645 0.999926 0.003448
v -1.806617 -2.101198 -6.357645 0.25505 0.28754 0.33327
vt 0.685889 0.542465
vn 0.011645 0.999926 0.003448
v -2.743448 -2.090288 -6.357645 0.25505 0.28754 0.33327
vt 0.686778 0.512941
vn 0.011645 0.999926 0.003448
f 2404/2404/2404 2405/2405/2405 2406/2406/2406
v -2.743449 -1.073101 -12.457706 0.52681 0.28754 0.27288
vt 0.556322 0.504837
vn -0.000004 1.000000 -0.000031
v -1.810142 -1.073097 -12.457706 0.52681 0.28754 0.27288
vt 0.554334 0.534208
vn -0.000004 1.000000 -0.000031
v -1.810142 -1.073101 -12.577980 0.52681 0.28754 0.27288
vt 0.553462 0.533993
vn -0.000004 1.000000 -0.000031
f 2407/2407/2407 2408/2408/2408 2409/2409/2409
v -2.743449 -1.073101 -12.457706 0.29128 0.28754 0.33629
vt 0.556322 0.504837
vn 0.000000 1.000000 0.000000
v -1.810142 -1.073101 -12.577980 0.29128 0.28754 0.33629
vt 0.553462 0.533993
vn 0.000000 1.000000 0.000000
v -2.743449 -1.073101 -12.577980 0.29128 0.28754 0.33629
vt 0.555088 0.504690
vn 0.000000 1.000000 0.000000
f 2410/2410/2410 2411/2411/2411 2412/2412/2412
v -1.961315 -2.912765 12.111368 0.91030 0.91260 0.89190
vt 0.265364 0.142412
vn -0.823300 -0.518887 0.230075
v -2.194947 -2.411299 12.406295 0.91030 0.91260 0.89190
vt 0.281980 0.116509
vn -0.823300 -0.518887 0.230075
v -2.336064 -2.418682 11.884670 0.91030 0.91260 0.89190
vt 0.293696 0.117779
vn -0.823300 -0.518887 0.230075
f 2413/2413/2413 2414/2414/2414 2415/2415/2415
v -1.961315 -2.912765 12.111368 0.90124 0.90052 0.88284
vt 0.265364 0.142412
vn -0.821333 -0.543588 0.172988
v -2.336064 -2.418682 11.884670 0.90124 0.90052 0.88284
vt 0.293696 0.117779
vn -0.821333 -0.543588 0.172988
v -2.024116 -2.956188 11.676747 0.90124 0.90052 0.88284
vt 0.272262 0.145423
vn -0.821333 -0.543588 0.172988
f 2416/2416/2416 2417/2417/2417 2418/2418/2418
v -1.961315 -2.912765 12.111368 0.91030 0.91260 0.89190
vt 0.265364 0.142412
vn -0.792993 -0.558656 0.243034
v -1.616098 -3.395871 12.127271 0.91030 0.91260 0.89190
vt 0.241582 0.166924
vn -0.792993 -0.558656 0.243034
v -1.570848 -3.189220 12.749938 0.91030 0.91260 0.89190
vt 0.236665 0.155365
vn -0.792993 -0.558656 0.243034
f 2419/2419/2419 2420/2420/2420 2421/2421/2421
v -1.961315 -2.912765 12.111368 0.17654 0.31774 0.33327
vt 0.265364 0.142412
vn -0.821944 -0.489920 0.290494
v -1.570848 -3.189220 12.749938 0.17654 0.31774 0.33327
vt 0.236665 0.155365
vn -0.821944 -0.489920 0.290494
v -1.855136 -2.820032 12.568195 0.17654 0.31774 0.33327
vt 0.257609 0.136933
vn -0.821944 -0.489920 0.290494
f 2422/2422/2422 2423/2423/2423 2424/2424/2424
v -2.496311 -3.247213 -14.088553 0.91030 0.91260 0.89190
vt 0.805936 0.156824
vn -0.728243 -0.685154 0.015041
v -1.968990 -3.809672 -14.178529 0.91030 0.91260 0.89190
vt 0.809162 0.188774
vn -0.728243 -0.685154 0.015041
v -1.955098 -3.769303 -11.667058 0.91030 0.91260 0.89190
vt 0.764342 0.187547
vn -0.728243 -0.685154 0.015041
f 2425/2425/2425 2426/2426/2426 2427/2427/2427
v -2.496311 -3.247213 -14.088553 0.91030 0.91260 0.89190
vt 0.805936 0.156824
vn -0.727979 -0.685437 0.014921
v -1.955098 -3.769303 -11.667058 0.91030 0.91260 0.89190
vt 0.764342 0.187547
vn -0.727979 -0.685437 0.014921
v -2.467838 -3.222661 -11.571573 0.91030 0.91260 0.89190
vt 0.761044 0.156385
vn -0.727979 -0.685437 0.014921
f 2428/2428/2428 2429/2429/2429 2430/2430/2430
v -2.725513 -2.673215 -13.393742 0.84085 0.87033 0.85566
vt 0.792681 0.125960
vn -0.896600 -0.424313 -0.126757
v -2.540636 -2.791590 -14.305191 0.84085 0.87033 0.85566
vt 0.814387 0.130962
vn -0.896600 -0.424313 -0.126757
v -2.318673 -3.226695 -14.418726 0.84085 0.87033 0.85566
vt 0.831507 0.153154
vn -0.896600 -0.424313 -0.126757
f 2431/2431/2431 2432/2432/2432 2433/2433/2433
v -2.725513 -2.673215 -13.393742 0.91030 0.91260 0.89190
vt 0.792681 0.125960
vn -0.867465 0.203267 -0.454079
v -2.318673 -3.226695 -14.418726 0.91030 0.91260 0.89190
vt 0.831507 0.153154
vn -0.867465 0.203267 -0.454079
v -2.496311 -3.247213 -14.088553 0.91030 0.91260 0.89190
vt 0.820642 0.154754
vn -0.867465 0.203267 -0.454079
f 2434/2434/2434 2435/2435/2435 2436/2436/2436
v -2.736682 -0.771465 -14.548065 0.51171 0.29358 0.27288
vt 0.790271 0.025488
vn -0.000010 1.000000 -0.000004
v -2.712966 -0.771465 -14.686556 0.51171 0.29358 0.27288
vt 0.792719 0.025803
vn -0.000010 1.000000 -0.000004
v -2.854638 -0.771465 -14.418730 0.51171 0.29358 0.27288
vt 0.783801 0.026083
vn -0.000010 1.000000 -0.000004
f 2437/2437/2437 2438/2438/2438 2439/2439/2439
v -2.736682 -0.771465 -14.548065 0.51171 0.29358 0.27288
vt 0.790271 0.025488
vn -0.000007 1.000000 -0.000001
v -2.854638 -0.771465 -14.418730 0.51171 0.29358 0.27288
vt 0.783801 0.026083
vn -0.000007 1.000000 -0.000001
v -2.887267 -0.771465 -14.143157 0.51171 0.29358 0.27288
vt 0.779229 0.025717
vn -0.000007 1.000000 -0.000001
f 2440/2440/2440 2441/2441/2441 2442/2442/2442
v -2.488768 -0.873110 14.125741 0.91030 0.91260 0.89190
vt 0.296350 0.035279
vn -0.862836 -0.435935 0.255881
v -2.737267 -0.869004 13.294792 0.91030 0.91260 0.89190
vt 0.315065 0.036387
vn -0.862836 -0.435935 0.255881
v -2.448509 -1.730528 12.800742 0.91030 0.91260 0.89190
vt 0.306052 0.081818
vn -0.862836 -0.435935 0.255881
f 2443/2443/2443 2444/2444/2444 2445/2445/2445
v -2.488768 -0.873110 14.125741 0.16748 0.28754 0.28798
vt 0.296350 0.035279
vn -0.822169 -0.488979 0.291441
v -2.448509 -1.730528 12.800742 0.16748 0.28754 0.28798
vt 0.306052 0.081818
vn -0.822169 -0.488979 0.291441
v -2.223020 -1.689056 13.506435 0.16748 0.28754 0.28798
vt 0.287414 0.078326
vn -0.822169 -0.488979 0.291441
f 2446/2446/2446 2447/2447/2447 2448/2448/2448
v -2.448509 -1.730528 12.800742 0.91030 0.91260 0.89190
vt 0.306052 0.081818
vn -0.930010 -0.358402 0.081417
v -2.737267 -0.869004 13.294792 0.91030 0.91260 0.89190
vt 0.315065 0.036387
vn -0.930010 -0.358402 0.081417
v -2.797901 -0.883303 12.539227 0.91030 0.91260 0.89190
vt 0.326710 0.038420
vn -0.930010 -0.358402 0.081417
f 2449/2449/2449 2450/2450/2450 2451/2451/2451
v -2.448509 -1.730528 12.800742 0.91030 0.91260 0.89190
vt 0.306052 0.081818
vn -0.924056 -0.313616 0.218554
v -2.797901 -0.883303 12.539227 0.91030 0.91260 0.89190
vt 0.326710 0.038420
vn -0.924056 -0.313616 0.218554
v -2.584486 -1.743562 12.207121 0.91030 0.91260 0.89190
vt 0.320604 0.083788
vn -0.924056 -0.313616 0.218554
f 2452/2452/2452 2453/2453/2453 2454/2454/2454
v -2.696279 -1.879844 11.318347 0.91030 0.91260 0.89190
vt 0.339225 0.093038
vn -0.802528 -0.229582 0.550673
v -2.885155 -0.903881 11.449976 0.91030 0.91260 0.89190
vt 0.339724 0.041619
vn -0.802528 -0.229582 0.550673
v -2.862651 -1.673836 11.161770 0.91030 0.91260 0.89190
vt 0.348867 0.081714
vn -0.802528 -0.229582 0.550673
f 2455/2455/2455 2456/2456/2456 2457/2457/2457
v -2.696279 -1.879844 11.318347 0.91030 0.91260 0.89190
vt 0.339225 0.093038
vn -0.837272 -0.486537 0.249514
v -2.862651 -1.673836 11.161770 0.91030 0.91260 0.89190
vt 0.348867 0.081714
vn -0.837272 -0.486537 0.249514
v -2.729527 -2.016874 10.939579 0.91030 0.91260 0.89190
vt 0.349527 0.100090
vn -0.837272 -0.486537 0.249514
f 2458/2458/2458 2459/2459/2459 2460/2460/2460
v -2.887136 -1.706752 -6.343089 0.91030 0.91260 0.89190
vt 0.655916 0.079063
vn -0.997243 -0.074129 -0.003392
v -2.887006 -1.673115 -7.116421 0.91030 0.91260 0.89190
vt 0.669099 0.077074
vn -0.997243 -0.074129 -0.003392
v -2.852363 -2.125460 -7.415800 0.91030 0.91260 0.89190
vt 0.678309 0.100432
vn -0.997243 -0.074129 -0.003392
f 2461/2461/2461 2462/2462/2462 2463/2463/2463
v -2.887136 -1.706752 -6.343089 0.91030 0.91260 0.89190
vt 0.655916 0.079063
vn -0.997445 -0.071291 -0.004506
v -2.852363 -2.125460 -7.415800 0.91030 0.91260 0.89190
vt 0.678309 0.100432
vn -0.997445 -0.071291 -0.004506
v -2.855003 -2.140353 -6.595739 0.91030 0.91260 0.89190
vt 0.663888 0.101429
vn -0.997445 -0.071291 -0.004506
f 2464/2464/2464 2465/2465/2465 2466/2466/2466
v -2.887266 -1.706397 -12.909270 0.91030 0.91260 0.89190
vt 0.770354 0.075534
vn -0.991567 -0.126973 -0.025922
v -2.867323 -1.688347 -13.760534 0.91030 0.91260 0.89190
vt 0.784734 0.073955
vn -0.991567 -0.126973 -0.025922
v -2.819530 -2.129986 -13.425433 0.91030 0.91260 0.89190
vt 0.786071 0.097267
vn -0.991567 -0.126973 -0.025922
f 2467/2467/2467 2468/2468/2468 2469/2469/2469
v -2.887266 -1.706397 -12.909270 0.91030 0.90656 0.89190
vt 0.770354 0.075534
vn -0.991528 -0.127342 -0.025615
v -2.819530 -2.129986 -13.425433 0.91030 0.90656 0.89190
vt 0.786071 0.097267
vn -0.991528 -0.127342 -0.025615
v -2.855884 -2.088065 -12.226620 0.91030 0.90656 0.89190
vt 0.763919 0.095998
vn -0.991528 -0.127342 -0.025615
f 2470/2470/2470 2471/2471/2471 2472/2472/2472
v -2.867323 -1.688347 -13.760534 0.90426 0.91260 0.89190
vt 0.784734 0.073955
vn -0.950973 -0.258534 -0.169735
v -2.760524 -1.670452 -14.386154 0.90426 0.91260 0.89190
vt 0.796616 0.072534
vn -0.950973 -0.258534 -0.169735
v -2.648779 -2.146246 -14.287514 0.90426 0.91260 0.89190
vt 0.804610 0.097348
vn -0.950973 -0.258534 -0.169735
f 2473/2473/2473 2474/2474/2474 2475/2475/2475
v -2.867323 -1.688347 -13.760534 0.90124 0.91260 0.89190
vt 0.784734 0.073955
vn -0.952466 -0.242743 -0.184075
v -2.648779 -2.146246 -14.287514 0.90124 0.91260 0.89190
vt 0.804610 0.097348
vn -0.952466 -0.242743 -0.184075
v -2.819530 -2.129986 -13.425433 0.90124 0.91260 0.89190
vt 0.786071 0.097267
vn -0.952466 -0.242743 -0.184075
f 2476/2476/2476 2477/2477/2477 2478/2478/2478
v -2.760524 -1.670452 -14.386154 0.91030 0.91260 0.89190
vt 0.796616 0.072534
vn -0.626244 -0.189408 -0.756269
v -2.373631 -1.673286 -14.705818 0.91030 0.91260 0.89190
vt 0.818579 0.072107
vn -0.626244 -0.189408 -0.756269
v -2.216238 -2.168273 -14.712181 0.91030 0.91260 0.89190
vt 0.830414 0.097727
vn -0.626244 -0.189408 -0.756269
f 2479/2479/2479 2480/2480/2480 2481/2481/2481
v -2.760524 -1.670452 -14.386154 0.90426 0.91260 0.89190
vt 0.796616 0.072534
vn -0.676347 -0.298455 -0.673409
v -2.216238 -2.168273 -14.712181 0.90426 0.91260 0.89190
vt 0.830414 0.097727
vn -0.676347 -0.298455 -0.673409
v -2.648779 -2.146246 -14.287514 0.90426 0.91260 0.89190
vt 0.804610 0.097348
vn -0.676347 -0.298455 -0.673409
f 2482/2482/2482 2483/2483/2483 2484/2484/2484
v -2.743448 -2.090288 -6.357645 0.91030 0.91260 0.89190
vt 0.372454 0.062085
vn 1.000000 0.000001 0.000001
v -2.743449 -1.073101 -6.357646 0.91030 0.91260 0.89190
vt 0.371397 0.025919
vn 1.000000 0.000001 0.000001
v -2.743449 -1.393307 -6.129865 0.91030 0.91260 0.89190
vt 0.375226 0.037315
vn 1.000000 0.000001 0.000001
f 2485/2485/2485 2486/2486/2486 2487/2487/2487
v -2.743448 -2.090288 -6.357645 0.91030 0.91260 0.89190
vt 0.372454 0.062085
vn 1.000000 0.000001 0.000000
v -2.743449 -1.393307 -6.129865 0.91030 0.91260 0.89190
vt 0.375226 0.037315
vn 1.000000 0.000001 0.000000
v -2.743448 -2.091453 -6.019864 0.91030 0.91260 0.89190
vt 0.377344 0.062172
vn 1.000000 0.000001 0.000000
f 2488/2488/2488 2489/2489/2489 2490/2490/2490
v -2.743449 -0.882807 11.428625 0.21881 0.29358 0.34535
vt 0.945827 0.520996
vn 0.000076 0.027724 -0.999616
v -1.342204 -0.886638 11.428625 0.21881 0.29358 0.34535
vt 0.945285 0.565537
vn 0.000076 0.027724 -0.999616
v -1.342204 -2.101198 11.394940 0.21881 0.29358 0.34535
vt 0.861185 0.564028
vn 0.000076 0.027724 -0.999616
f 2491/2491/2491 2492/2492/2492 2493/2493/2493
v -2.743449 -0.882807 11.428625 0.22485 0.31170 0.36347
vt 0.945827 0.520996
vn 0.031168 0.063424 -0.997500
v -1.342204 -2.101198 11.394940 0.22485 0.31170 0.36347
vt 0.861185 0.564028
vn 0.031168 0.063424 -0.997500
v -2.554626 -1.991411 11.364037 0.22485 0.31170 0.36347
vt 0.868088 0.525908
vn 0.031168 0.063424 -0.997500
f 2494/2494/2494 2495/2495/2495 2496/2496/2496
v -2.699024 -2.660880 3.541432 0.91030 0.91260 0.89190
vt 0.486685 0.131330
vn -0.905508 -0.424231 0.009069
v -2.744328 -2.670621 -1.437554 0.91030 0.91260 0.89190
vt 0.575400 0.130364
vn -0.905508 -0.424231 0.009069
v -2.487926 -3.243730 -2.645621 0.91030 0.91260 0.89190
vt 0.600000 0.160250
vn -0.905508 -0.424231 0.009069
f 2497/2497/2497 2498/2498/2498 2499/2499/2499
v -2.699024 -2.660880 3.541432 0.91030 0.91260 0.89190
vt 0.486685 0.131330
vn -0.899901 -0.435970 0.010367
v -2.487926 -3.243730 -2.645621 0.91030 0.91260 0.89190
vt 0.600000 0.160250
vn -0.899901 -0.435970 0.010367
v -2.430652 -3.224638 3.129166 0.91030 0.91260 0.89190
vt 0.497365 0.161078
vn -0.899901 -0.435970 0.010367
f 2500/2500/2500 2501/2501/2501 2502/2502/2502
v -2.742219 -1.596586 10.504260 0.91030 0.91260 0.89190
vt 0.610649 0.045365
vn 0.000000 1.000000 -0.000021
v -2.743449 -1.596926 -5.715957 0.91030 0.91260 0.89190
vt 0.382088 0.044809
vn 0.000000 1.000000 -0.000021
v -2.887266 -1.596926 -5.715957 0.91030 0.91260 0.89190
vt 0.384874 0.043413
vn 0.000000 1.000000 -0.000021
f 2503/2503/2503 2504/2504/2504 2505/2505/2505
v -2.742219 -1.596586 10.504260 0.91030 0.91260 0.89190
vt 0.610649 0.045365
vn 0.000096 1.000000 -0.000022
v -2.887266 -1.596926 -5.715957 0.91030 0.91260 0.89190
vt 0.384874 0.043413
vn 0.000096 1.000000 -0.000022
v -2.885997 -1.596572 10.504176 0.91030 0.91260 0.89190
vt 0.607996 0.043830
vn 0.000096 1.000000 -0.000022
f 2506/2506/2506 2507/2507/2507 2508/2508/2508
v -1.953778 -3.766839 3.464639 0.91030 0.91260 0.89190
vt 0.494358 0.191423
vn -0.755399 -0.654802 0.024640
v -1.861495 -3.713469 7.712146 0.91030 0.91260 0.89190
vt 0.418520 0.190719
vn -0.755399 -0.654802 0.024640
v -2.322900 -3.188153 7.526810 0.91030 0.91260 0.89190
vt 0.418885 0.161165
vn -0.755399 -0.654802 0.024640
f 2509/2509/2509 2510/2510/2510 2511/2511/2511
v -1.953778 -3.766839 3.464639 0.91030 0.91260 0.89190
vt 0.494358 0.191423
vn -0.757989 -0.651826 0.023980
v -2.322900 -3.188153 7.526810 0.91030 0.91260 0.89190
vt 0.418885 0.161165
vn -0.757989 -0.651826 0.023980
v -2.430652 -3.224638 3.129166 0.91030 0.91260 0.89190
vt 0.497365 0.161078
vn -0.757989 -0.651826 0.023980
f 2512/2512/2512 2513/2513/2513 2514/2514/2514
v -2.869008 -1.815250 6.557833 0.91030 0.91260 0.89190
vt 0.429387 0.088010
vn -0.994617 -0.103605 0.001497
v -2.881211 -1.818040 -1.743519 0.91030 0.91260 0.89190
vt 0.576140 0.085977
vn -0.994617 -0.103605 0.001497
v -2.843746 -2.170541 -1.247316 0.91030 0.91260 0.89190
vt 0.569230 0.104439
vn -0.994617 -0.103605 0.001497
f 2515/2515/2515 2516/2516/2516 2517/2517/2517
v -2.869008 -1.815250 6.557833 0.91030 0.91260 0.89190
vt 0.429387 0.088010
vn -0.981137 -0.193230 0.005620
v -2.843746 -2.170541 -1.247316 0.91030 0.91260 0.89190
vt 0.569230 0.104439
vn -0.981137 -0.193230 0.005620
v -2.810194 -2.152259 5.238327 0.91030 0.91260 0.89190
vt 0.453974 0.105329
vn -0.981137 -0.193230 0.005620
f 2518/2518/2518 2519/2519/2519 2520/2520/2520
v -2.742219 -1.596586 10.504260 0.91030 0.91260 0.89190
vt 0.610649 0.045365
vn 0.971620 0.223692 -0.076915
v -2.742456 -1.421101 11.011636 0.91030 0.91260 0.89190
vt 0.619068 0.038946
vn 0.971620 0.223692 -0.076915
v -2.617856 -2.008900 10.876125 0.91030 0.91260 0.89190
vt 0.616331 0.059961
vn 0.971620 0.223692 -0.076915
f 2521/2521/2521 2522/2522/2522 2523/2523/2523
v -2.742219 -1.596586 10.504260 0.91030 0.91260 0.89190
vt 0.610649 0.045365
vn 0.965683 0.256915 -0.038093
v -2.617856 -2.008900 10.876125 0.91030 0.91260 0.89190
vt 0.616331 0.059961
vn 0.965683 0.256915 -0.038093
v -2.655726 -2.060385 9.568864 0.91030 0.91260 0.89190
vt 0.597076 0.061767
vn 0.965683 0.256915 -0.038093
f 2524/2524/2524 2525/2525/2525 2526/2526/2526
v -1.992124 -3.793012 -2.783582 0.91030 0.91260 0.89190
vt 0.605346 0.190951
vn -0.753133 -0.657827 0.007378
v -1.953778 -3.766839 3.464639 0.91030 0.91260 0.89190
vt 0.494358 0.191423
vn -0.753133 -0.657827 0.007378
v -2.430652 -3.224638 3.129166 0.91030 0.91260 0.89190
vt 0.497365 0.161078
vn -0.753133 -0.657827 0.007378
f 2527/2527/2527 2528/2528/2528 2529/2529/2529
v -1.992124 -3.793012 -2.783582 0.91030 0.91260 0.89190
vt 0.605346 0.190951
vn -0.741089 -0.671338 0.009570
v -2.430652 -3.224638 3.129166 0.91030 0.91260 0.89190
vt 0.497365 0.161078
vn -0.741089 -0.671338 0.009570
v -2.487926 -3.243730 -2.645621 0.91030 0.91260 0.89190
vt 0.600000 0.160250
vn -0.741089 -0.671338 0.009570
f 2530/2530/2530 2531/2531/2531 2532/2532/2532
v -2.743449 -1.596926 -5.715957 0.91030 0.91260 0.89190
vt 0.382088 0.044809
vn 0.983023 0.183480 -0.000078
v -2.742219 -1.596586 10.504260 0.91030 0.91260 0.89190
vt 0.610649 0.045365
vn 0.983023 0.183480 -0.000078
v -2.655726 -2.060385 9.568864 0.91030 0.91260 0.89190
vt 0.597076 0.061767
vn 0.983023 0.183480 -0.000078
f 2533/2533/2533 2534/2534/2534 2535/2535/2535
v -2.743449 -1.596926 -5.715957 0.91030 0.91260 0.89190
vt 0.382088 0.044809
vn 0.999984 0.000001 -0.005739
v -2.655726 -2.060385 9.568864 0.91030 0.91260 0.89190
vt 0.597076 0.061767
vn 0.999984 0.000001 -0.005739
v -2.743448 -2.091453 -5.715958 0.91030 0.91260 0.89190
vt 0.382239 0.062277
vn 0.999984 0.000001 -0.005739
f 2536/2536/2536 2537/2537/2537 2538/2538/2538
v -2.744328 -2.670621 -1.437554 0.91030 0.91260 0.89190
vt 0.575400 0.130364
vn -0.898452 -0.439071 0.000373
v -2.746734 -2.668879 -5.178408 0.91030 0.91260 0.89190
vt 0.642041 0.129280
vn -0.898452 -0.439071 0.000373
v -2.467644 -3.240066 -5.293099 0.91030 0.91260 0.89190
vt 0.647113 0.159552
vn -0.898452 -0.439071 0.000373
f 2539/2539/2539 2540/2540/2540 2541/2541/2541
v -2.744328 -2.670621 -1.437554 0.91030 0.91260 0.89190
vt 0.575400 0.130364
vn -0.918648 -0.395005 -0.007584
v -2.467644 -3.240066 -5.293099 0.91030 0.91260 0.89190
vt 0.647113 0.159552
vn -0.918648 -0.395005 -0.007584
v -2.487926 -3.243730 -2.645621 0.91030 0.91260 0.89190
vt 0.600000 0.160250
vn -0.918648 -0.395005 -0.007584
f 2542/2542/2542 2543/2543/2543 2544/2544/2544
v -2.743449 -1.596926 -5.715957 0.91030 0.91260 0.89190
vt 0.382088 0.044809
vn 0.000000 0.897301 0.441419
v -2.743449 -1.393307 -6.129865 0.91030 0.91260 0.89190
vt 0.375226 0.037315
vn 0.000000 0.897301 0.441419
v -2.887267 -1.393307 -6.129865 0.91030 0.91260 0.89190
vt 0.381193 0.036782
vn 0.000000 0.897301 0.441419
f 2545/2545/2545 2546/2546/2546 2547/2547/2547
v -2.743449 -1.596926 -5.715957 0.91030 0.91260 0.89190
vt 0.382088 0.044809
vn 0.000000 0.897301 0.441419
v -2.887267 -1.393307 -6.129865 0.91030 0.91260 0.89190
vt 0.381193 0.036782
vn 0.000000 0.897301 0.441419
v -2.887266 -1.596926 -5.715957 0.91030 0.91260 0.89190
vt 0.384874 0.043413
vn 0.000000 0.897301 0.441419
f 2548/2548/2548 2549/2549/2549 2550/2550/2550
v -2.881211 -1.818040 -1.743519 0.91030 0.91260 0.89190
vt 0.576140 0.085977
vn -0.996987 -0.077565 0.000573
v -2.887266 -1.771976 -6.041232 0.91030 0.91260 0.89190
vt 0.651476 0.082443
vn -0.996987 -0.077565 0.000573
v -2.856887 -2.157093 -5.315068 0.91030 0.91260 0.89190
vt 0.641293 0.102634
vn -0.996987 -0.077565 0.000573
f 2551/2551/2551 2552/2552/2552 2553/2553/2553
v -2.881211 -1.818040 -1.743519 0.91030 0.91260 0.89190
vt 0.576140 0.085977
vn -0.994813 -0.101682 0.002878
v -2.856887 -2.157093 -5.315068 0.91030 0.91260 0.89190
vt 0.641293 0.102634
vn -0.994813 -0.101682 0.002878
v -2.843746 -2.170541 -1.247316 0.91030 0.91260 0.89190
vt 0.569230 0.104439
vn -0.994813 -0.101682 0.002878
f 2554/2554/2554 2555/2555/2555 2556/2556/2556
v -2.467644 -3.240066 -5.293099 0.91030 0.91260 0.89190
vt 0.647113 0.159552
vn -0.742473 -0.669841 -0.006904
v -1.974591 -3.785423 -5.405569 0.91030 0.91260 0.89190
vt 0.651937 0.190118
vn -0.742473 -0.669841 -0.006904
v -1.992124 -3.793012 -2.783582 0.91030 0.91260 0.89190
vt 0.605346 0.190951
vn -0.742473 -0.669841 -0.006904
f 2557/2557/2557 2558/2558/2558 2559/2559/2559
v -2.467644 -3.240066 -5.293099 0.91030 0.91260 0.89190
vt 0.647113 0.159552
vn -0.743130 -0.669114 -0.006619
v -1.992124 -3.793012 -2.783582 0.91030 0.91260 0.89190
vt 0.605346 0.190951
vn -0.743130 -0.669114 -0.006619
v -2.487926 -3.243730 -2.645621 0.91030 0.91260 0.89190
vt 0.600000 0.160250
vn -0.743130 -0.669114 -0.006619
f 2560/2560/2560 2561/2561/2561 2562/2562/2562
v -2.743448 -2.091453 -6.019864 0.91030 0.91260 0.89190
vt 0.377344 0.062172
vn 1.000000 0.000001 -0.000000
v -2.743449 -1.393307 -6.129865 0.91030 0.91260 0.89190
vt 0.375226 0.037315
vn 1.000000 0.000001 -0.000000
v -2.743449 -1.596926 -5.715957 0.91030 0.91260 0.89190
vt 0.382088 0.044809
vn 1.000000 0.000001 -0.000000
f 2563/2563/2563 2564/2564/2564 2565/2565/2565
v -2.743448 -2.091453 -6.019864 0.91030 0.91260 0.89190
vt 0.377344 0.062172
vn 1.000000 0.000001 -0.000000
v -2.743449 -1.596926 -5.715957 0.91030 0.91260 0.89190
vt 0.382088 0.044809
vn 1.000000 0.000001 -0.000000
v -2.743448 -2.091453 -5.715958 0.91030 0.91260 0.89190
vt 0.382239 0.062277
vn 1.000000 0.000001 -0.000000
f 2566/2566/2566 2567/2567/2567 2568/2568/2568
v -2.746734 -2.668879 -5.178408 0.91030 0.91260 0.89190
vt 0.642041 0.129280
vn -0.880082 -0.474722 -0.009770
v -2.727914 -2.661752 -7.220070 0.91030 0.91260 0.89190
vt 0.678616 0.128419
vn -0.880082 -0.474722 -0.009770
v -2.411614 -3.222388 -8.471275 0.91030 0.91260 0.89190
vt 0.703851 0.158192
vn -0.880082 -0.474722 -0.009770
f 2569/2569/2569 2570/2570/2570 2571/2571/2571
v -2.746734 -2.668879 -5.178408 0.91030 0.91260 0.89190
vt 0.642041 0.129280
vn -0.899775 -0.435970 -0.018288
v -2.411614 -3.222388 -8.471275 0.91030 0.91260 0.89190
vt 0.703851 0.158192
vn -0.899775 -0.435970 -0.018288
v -2.467644 -3.240066 -5.293099 0.91030 0.91260 0.89190
vt 0.647113 0.159552
vn -0.899775 -0.435970 -0.018288
f 2572/2572/2572 2573/2573/2573 2574/2574/2574
v -2.743449 -1.393307 -6.129865 0.91030 0.91260 0.89190
vt 0.375226 0.037315
vn 0.000000 0.579656 0.814861
v -2.743449 -1.073101 -6.357646 0.91030 0.91260 0.89190
vt 0.371397 0.025919
vn 0.000000 0.579656 0.814861
v -2.887267 -1.073101 -6.357646 0.91030 0.91260 0.89190
vt 0.377495 0.025584
vn 0.000000 0.579656 0.814861
f 2575/2575/2575 2576/2576/2576 2577/2577/2577
v -2.743449 -1.393307 -6.129865 0.91030 0.91260 0.89190
vt 0.375226 0.037315
vn 0.000000 0.579656 0.814861
v -2.887267 -1.073101 -6.357646 0.91030 0.91260 0.89190
vt 0.377495 0.025584
vn 0.000000 0.579656 0.814861
v -2.887267 -1.393307 -6.129865 0.91030 0.91260 0.89190
vt 0.381193 0.036782
vn 0.000000 0.579656 0.814861
f 2578/2578/2578 2579/2579/2579 2580/2580/2580
v -2.887266 -1.771976 -6.041232 0.91030 0.91260 0.89190
vt 0.651476 0.082443
vn -0.997750 -0.065449 -0.014573
v -2.887136 -1.706752 -6.343089 0.91030 0.91260 0.89190
vt 0.655916 0.079063
vn -0.997750 -0.065449 -0.014573
v -2.855003 -2.140353 -6.595739 0.91030 0.91260 0.89190
vt 0.663888 0.101429
vn -0.997750 -0.065449 -0.014573
f 2581/2581/2581 2582/2582/2582 2583/2583/2583
v -2.887266 -1.771976 -6.041232 0.91030 0.91260 0.89190
vt 0.651476 0.082443
vn -0.996511 -0.083428 -0.002556
v -2.855003 -2.140353 -6.595739 0.91030 0.91260 0.89190
vt 0.663888 0.101429
vn -0.996511 -0.083428 -0.002556
v -2.856887 -2.157093 -5.315068 0.91030 0.91260 0.89190
vt 0.641293 0.102634
vn -0.996511 -0.083428 -0.002556
f 2584/2584/2584 2585/2585/2585 2586/2586/2586
v -2.621095 -2.630188 7.708364 0.72006 0.72236 0.70166
vt 0.411971 0.131265
vn -0.896969 -0.441639 0.020028
v -2.699024 -2.660880 3.541432 0.72006 0.72236 0.70166
vt 0.486685 0.131330
vn -0.896969 -0.441639 0.020028
v -2.430652 -3.224638 3.129166 0.72006 0.72236 0.70166
vt 0.497365 0.161078
vn -0.896969 -0.441639 0.020028
f 2587/2587/2587 2588/2588/2588 2589/2589/2589
v -2.621095 -2.630188 7.708364 0.91030 0.91260 0.89190
vt 0.411971 0.131265
vn -0.878193 -0.477627 0.025480
v -2.430652 -3.224638 3.129166 0.91030 0.91260 0.89190
vt 0.497365 0.161078
vn -0.878193 -0.477627 0.025480
v -2.322900 -3.188153 7.526810 0.91030 0.91260 0.89190
vt 0.418885 0.161165
vn -0.878193 -0.477627 0.025480
f 2590/2590/2590 2591/2591/2591 2592/2592/2592
v -2.742456 -1.421101 11.011636 0.91030 0.91260 0.89190
vt 0.619068 0.038946
vn 0.000281 0.945070 -0.326869
v -2.742219 -1.596586 10.504260 0.91030 0.91260 0.89190
vt 0.610649 0.045365
vn 0.000281 0.945070 -0.326869
v -2.885997 -1.596572 10.504176 0.91030 0.91260 0.89190
vt 0.607996 0.043830
vn 0.000281 0.945070 -0.326869
f 2593/2593/2593 2594/2594/2594 2595/2595/2595
v -2.742456 -1.421101 11.011636 0.91030 0.91260 0.89190
vt 0.619068 0.038946
vn 0.000263 0.945071 -0.326864
v -2.885997 -1.596572 10.504176 0.91030 0.91260 0.89190
vt 0.607996 0.043830
vn 0.000263 0.945071 -0.326864
v -2.886231 -1.421088 11.011558 0.91030 0.91260 0.89190
vt 0.613314 0.038231
vn 0.000263 0.945071 -0.326864
f 2596/2596/2596 2597/2597/2597 2598/2598/2598
v -2.768226 -2.105594 9.679089 0.91030 0.91260 0.89190
vt 0.374032 0.104335
vn -0.960273 -0.279015 0.005052
v -2.862762 -1.758371 10.886460 0.91030 0.91260 0.89190
vt 0.353345 0.086066
vn -0.960273 -0.279015 0.005052
v -2.869008 -1.815250 6.557833 0.91030 0.91260 0.89190
vt 0.429387 0.088010
vn -0.960273 -0.279015 0.005052
f 2599/2599/2599 2600/2600/2600 2601/2601/2601
v -2.768226 -2.105594 9.679089 0.90728 0.90958 0.88888
vt 0.374032 0.104335
vn -0.976458 -0.215402 0.011492
v -2.869008 -1.815250 6.557833 0.90728 0.90958 0.88888
vt 0.429387 0.088010
vn -0.976458 -0.215402 0.011492
v -2.810194 -2.152259 5.238327 0.90728 0.90958 0.88888
vt 0.453974 0.105329
vn -0.976458 -0.215402 0.011492
f 2602/2602/2602 2603/2603/2603 2604/2604/2604
v -2.322900 -3.188153 7.526810 0.91030 0.91260 0.89190
vt 0.418885 0.161165
vn -0.760275 -0.646900 0.059175
v -1.861495 -3.713469 7.712146 0.91030 0.91260 0.89190
vt 0.418520 0.190719
vn -0.760275 -0.646900 0.059175
v -1.758574 -3.636745 9.873211 0.91030 0.91260 0.89190
vt 0.378916 0.188537
vn -0.760275 -0.646900 0.059175
f 2605/2605/2605 2606/2606/2606 2607/2607/2607
v -2.322900 -3.188153 7.526810 0.91030 0.91260 0.89190
vt 0.418885 0.161165
vn -0.775350 -0.628031 0.066408
v -1.758574 -3.636745 9.873211 0.91030 0.91260 0.89190
vt 0.378916 0.188537
vn -0.775350 -0.628031 0.066408
v -2.193717 -3.113363 9.742392 0.91030 0.91260 0.89190
vt 0.378110 0.159038
vn -0.775350 -0.628031 0.066408
f 2608/2608/2608 2609/2609/2609 2610/2610/2610
v -2.533094 -2.572754 9.963362 0.91030 0.91260 0.89190
vt 0.370729 0.129438
vn -0.874641 -0.482543 0.046423
v -2.621095 -2.630188 7.708364 0.91030 0.91260 0.89190
vt 0.411971 0.131265
vn -0.874641 -0.482543 0.046423
v -2.322900 -3.188153 7.526810 0.91030 0.91260 0.89190
vt 0.418885 0.161165
vn -0.874641 -0.482543 0.046423
f 2611/2611/2611 2612/2612/2612 2613/2613/2613
v -2.533094 -2.572754 9.963362 0.91030 0.91260 0.89190
vt 0.370729 0.129438
vn -0.832454 -0.550016 0.067104
v -2.322900 -3.188153 7.526810 0.91030 0.91260 0.89190
vt 0.418885 0.161165
vn -0.832454 -0.550016 0.067104
v -2.193717 -3.113363 9.742392 0.91030 0.91260 0.89190
vt 0.378110 0.159038
vn -0.832454 -0.550016 0.067104
f 2614/2614/2614 2615/2615/2615 2616/2616/2616
v -2.743449 -0.882807 11.428625 0.58116 0.58346 0.56276
vt 0.627882 0.019912
vn 0.000485 0.612399 -0.790548
v -2.742456 -1.421101 11.011636 0.58116 0.58346 0.56276
vt 0.619068 0.038946
vn 0.000485 0.612399 -0.790548
v -2.886231 -1.421088 11.011558 0.58116 0.58346 0.56276
vt 0.613314 0.038231
vn 0.000485 0.612399 -0.790548
f 2617/2617/2617 2618/2618/2618 2619/2619/2619
v -2.743449 -0.882807 11.428625 0.59626 0.59856 0.57786
vt 0.627882 0.019912
vn -0.206548 0.632920 -0.746157
v -2.886231 -1.421088 11.011558 0.59626 0.59856 0.57786
vt 0.613314 0.038231
vn -0.206548 0.632920 -0.746157
v -2.885155 -0.903881 11.449976 0.59626 0.59856 0.57786
vt 0.621565 0.020188
vn -0.206548 0.632920 -0.746157
f 2620/2620/2620 2621/2621/2621 2622/2622/2622
v -2.729527 -2.016874 10.939579 0.91030 0.91260 0.89190
vt 0.349527 0.100090
vn -0.891845 -0.432314 0.133103
v -2.862651 -1.673836 11.161770 0.91030 0.91260 0.89190
vt 0.348867 0.081714
vn -0.891845 -0.432314 0.133103
v -2.862762 -1.758371 10.886460 0.91030 0.91260 0.89190
vt 0.353345 0.086066
vn -0.891845 -0.432314 0.133103
f 2623/2623/2623 2624/2624/2624 2625/2625/2625
v -2.729527 -2.016874 10.939579 0.91030 0.91260 0.89190
vt 0.349527 0.100090
vn -0.892216 -0.447751 0.058907
v -2.862762 -1.758371 10.886460 0.91030 0.91260 0.89190
vt 0.353345 0.086066
vn -0.892216 -0.447751 0.058907
v -2.768226 -2.105594 9.679089 0.91030 0.91260 0.89190
vt 0.374032 0.104335
vn -0.892216 -0.447751 0.058907
f 2626/2626/2626 2627/2627/2627 2628/2628/2628
v -2.193717 -3.113363 9.742392 0.91030 0.91260 0.89190
vt 0.378110 0.159038
vn -0.776755 -0.623389 0.089652
v -1.758574 -3.636745 9.873211 0.91030 0.91260 0.89190
vt 0.378916 0.188537
vn -0.776755 -0.623389 0.089652
v -1.683407 -3.549026 11.134418 0.91030 0.91260 0.89190
vt 0.354829 0.185359
vn -0.776755 -0.623389 0.089652
f 2629/2629/2629 2630/2630/2630 2631/2631/2631
v -2.193717 -3.113363 9.742392 0.91030 0.91260 0.89190
vt 0.378110 0.159038
vn -0.789162 -0.606051 0.099626
v -1.683407 -3.549026 11.134418 0.91030 0.91260 0.89190
vt 0.354829 0.185359
vn -0.789162 -0.606051 0.099626
v -2.095736 -3.025499 11.053012 0.91030 0.91260 0.89190
vt 0.352921 0.155868
vn -0.789162 -0.606051 0.099626
f 2632/2632/2632 2633/2633/2633 2634/2634/2634
v -1.327056 -4.302207 -14.053303 0.68383 0.75860 0.76206
vt 0.895760 0.208025
vn -0.523187 -0.773072 -0.358657
v -1.968990 -3.809672 -14.178529 0.68383 0.75860 0.76206
vt 0.855389 0.183275
vn -0.523187 -0.773072 -0.358657
v -1.914836 -3.688799 -14.518064 0.68383 0.75860 0.76206
vt 0.858744 0.176519
vn -0.523187 -0.773072 -0.358657
f 2635/2635/2635 2636/2636/2636 2637/2637/2637
v -1.327056 -4.302207 -14.053303 0.16748 0.31472 0.33327
vt 0.895760 0.208025
vn -0.536599 -0.772118 -0.340435
v -1.914836 -3.688799 -14.518064 0.16748 0.31472 0.33327
vt 0.858744 0.176519
vn -0.536599 -0.772118 -0.340435
v -1.300020 -4.088733 -14.580085 0.16748 0.31472 0.33327
vt 0.897108 0.196252
vn -0.536599 -0.772118 -0.340435
f 2638/2638/2638 2639/2639/2639 2640/2640/2640
v -1.176351 -2.944377 13.606066 0.14030 0.30868 0.31515
vt 0.213348 0.141438
vn -0.644105 -0.603898 0.469506
v -1.600163 -2.680734 13.363757 0.14030 0.30868 0.31515
vt 0.240253 0.128535
vn -0.644105 -0.603898 0.469506
v -1.570848 -3.189220 12.749938 0.14030 0.30868 0.31515
vt 0.236665 0.155365
vn -0.644105 -0.603898 0.469506
f 2641/2641/2641 2642/2642/2642 2643/2643/2643
v -1.176351 -2.944377 13.606066 0.91030 0.91260 0.89190
vt 0.213348 0.141438
vn -0.701553 -0.531086 0.475154
v -1.570848 -3.189220 12.749938 0.91030 0.91260 0.89190
vt 0.236665 0.155365
vn -0.701553 -0.531086 0.475154
v -1.161659 -3.594646 12.900945 0.91030 0.91260 0.89190
vt 0.209850 0.175686
vn -0.701553 -0.531086 0.475154
f 2644/2644/2644 2645/2645/2645 2646/2646/2646
v -1.300020 -4.088733 -14.580085 0.91030 0.91260 0.89190
vt 0.897108 0.196252
vn -0.296413 -0.419449 -0.858022
v -1.441176 -3.288098 -14.922716 0.91030 0.91260 0.89190
vt 0.882344 0.154790
vn -0.296413 -0.419449 -0.858022
v -1.087813 -3.379925 -14.999899 0.91030 0.91260 0.89190
vt 0.903183 0.158941
vn -0.296413 -0.419449 -0.858022
f 2647/2647/2647 2648/2648/2648 2649/2649/2649
v -1.300020 -4.088733 -14.580085 0.91030 0.91260 0.88888
vt 0.897108 0.196252
vn -0.223848 -0.446190 -0.866491
v -1.087813 -3.379925 -14.999899 0.91030 0.91260 0.88888
vt 0.903183 0.158941
vn -0.223848 -0.446190 -0.866491
v -0.989488 -4.224536 -14.590377 0.91030 0.91260 0.88888
vt 0.915787 0.202858
vn -0.223848 -0.446190 -0.866491
f 2650/2650/2650 2651/2651/2651 2652/2652/2652
v -1.202745 -3.873612 12.276128 0.59626 0.59856 0.57786
vt 0.213197 0.190862
vn -0.648454 -0.668209 0.364697
v -0.944233 -4.097954 12.324733 0.59626 0.59856 0.57786
vt 0.197100 0.202125
vn -0.648454 -0.668209 0.364697
v -0.903329 -3.795977 12.950756 0.59626 0.59856 0.57786
vt 0.194003 0.185789
vn -0.648454 -0.668209 0.364697
f 2653/2653/2653 2654/2654/2654 2655/2655/2655
v -1.202745 -3.873612 12.276128 0.59626 0.59856 0.57786
vt 0.213197 0.190862
vn -0.616364 -0.703165 0.354477
v -0.903329 -3.795977 12.950756 0.59626 0.59856 0.57786
vt 0.194003 0.185789
vn -0.616364 -0.703165 0.354477
v -1.161659 -3.594646 12.900945 0.59626 0.59856 0.57786
vt 0.209850 0.175686
vn -0.616364 -0.703165 0.354477
f 2656/2656/2656 2657/2657/2657 2658/2658/2658
v -1.762151 -2.101198 -6.019864 0.24599 0.29358 0.32723
vt 0.689003 0.543954
vn -0.004408 0.999990 0.000298
v -1.229152 -2.098849 -6.019864 0.24599 0.29358 0.32723
vt 0.688248 0.560776
vn -0.004408 0.999990 0.000298
v -1.252046 -2.098849 -6.357645 0.24599 0.29358 0.32723
vt 0.684953 0.559909
vn -0.004408 0.999990 0.000298
f 2659/2659/2659 2660/2660/2660 2661/2661/2661
v -1.762151 -2.101198 -6.019864 0.27618 0.33585 0.37857
vt 0.689003 0.543954
vn -0.004236 0.999991 0.000557
v -1.252046 -2.098849 -6.357645 0.27618 0.33585 0.37857
vt 0.684953 0.559909
vn -0.004236 0.999991 0.000557
v -1.806617 -2.101198 -6.357645 0.27618 0.33585 0.37857
vt 0.685889 0.542465
vn -0.004236 0.999991 0.000557
f 2662/2662/2662 2663/2663/2663 2664/2664/2664
v -1.264287 -4.130087 10.292707 0.91030 0.91260 0.89190
vt 0.374555 0.217134
vn -0.638586 -0.766422 0.069322
v -0.975028 -4.347277 10.556077 0.91030 0.91260 0.89190
vt 0.371038 0.230567
vn -0.638586 -0.766422 0.069322
v -0.955539 -4.290523 11.363070 0.91030 0.91260 0.89190
vt 0.355810 0.228495
vn -0.638586 -0.766422 0.069322
f 2665/2665/2665 2666/2666/2666 2667/2667/2667
v -1.264287 -4.130087 10.292707 0.91030 0.91260 0.89190
vt 0.374555 0.217134
vn -0.650134 -0.756189 0.074187
v -0.955539 -4.290523 11.363070 0.91030 0.91260 0.89190
vt 0.355810 0.228495
vn -0.650134 -0.756189 0.074187
v -1.231095 -4.061303 11.284702 0.91030 0.91260 0.89190
vt 0.355876 0.214565
vn -0.650134 -0.756189 0.074187
f 2668/2668/2668 2669/2669/2669 2670/2670/2670
v -1.809691 0.726354 -12.459416 0.16446 0.26942 0.33629
vt 0.241028 0.606501
vn 0.000002 1.000000 -0.000020
v -1.253411 0.726353 -12.459416 0.16446 0.26942 0.33629
vt 0.225670 0.591656
vn 0.000002 1.000000 -0.000020
v -1.253411 0.726351 -12.579690 0.16446 0.26942 0.33629
vt 0.226649 0.590570
vn 0.000002 1.000000 -0.000020
f 2671/2671/2671 2672/2672/2672 2673/2673/2673
v -1.809691 0.726354 -12.459416 0.16144 0.26640 0.32723
vt 0.241028 0.606501
vn 0.000000 1.000000 -0.000028
v -1.253411 0.726351 -12.579690 0.16144 0.26640 0.32723
vt 0.226649 0.590570
vn 0.000000 1.000000 -0.000028
v -1.809691 0.726351 -12.579690 0.16144 0.26640 0.32723
vt 0.242031 0.605436
vn 0.000000 1.000000 -0.000028
f 2674/2674/2674 2675/2675/2675 2676/2676/2676
v -1.362034 -4.245600 -8.238089 0.91030 0.91260 0.89190
vt 0.704658 0.217312
vn -0.518289 -0.855171 -0.007692
v -1.360468 -4.241134 -8.840134 0.91030 0.91260 0.89190
vt 0.715423 0.216941
vn -0.518289 -0.855171 -0.007692
v -1.040806 -4.437369 -8.562321 0.91030 0.91260 0.89190
vt 0.711553 0.229787
vn -0.518289 -0.855171 -0.007692
f 2677/2677/2677 2678/2678/2678 2679/2679/2679
v -1.362034 -4.245600 -8.238089 0.91030 0.91260 0.89190
vt 0.704658 0.217312
vn -0.517275 -0.855796 -0.006317
v -1.040806 -4.437369 -8.562321 0.91030 0.91260 0.89190
vt 0.711553 0.229787
vn -0.517275 -0.855796 -0.006317
v -1.042081 -4.440742 -8.001023 0.91030 0.91260 0.89190
vt 0.701506 0.230094
vn -0.517275 -0.855796 -0.006317
f 2680/2680/2680 2681/2681/2681 2682/2682/2682
v -1.671152 -0.771465 -15.036875 0.25806 0.32982 0.38763
vt 0.822882 0.951597
vn 0.000001 1.000000 0.000000
v -1.694657 -0.771465 -14.866272 0.25806 0.32982 0.38763
vt 0.823782 0.953347
vn 0.000001 1.000000 0.000000
v -1.194400 -0.771465 -15.004960 0.25806 0.32982 0.38763
vt 0.807047 0.952943
vn 0.000001 1.000000 0.000000
f 2683/2683/2683 2684/2684/2684 2685/2685/2685
v -1.671152 -0.771465 -15.036875 0.19767 0.27546 0.33327
vt 0.822882 0.951597
vn 0.000001 1.000000 0.000000
v -1.194400 -0.771465 -15.004960 0.19767 0.27546 0.33327
vt 0.807047 0.952943
vn 0.000001 1.000000 0.000000
v -1.182298 -0.771465 -15.175563 0.19767 0.27546 0.33327
vt 0.806532 0.951167
vn 0.000001 1.000000 0.000000
f 2686/2686/2686 2687/2687/2687 2688/2688/2688
v -1.327056 -4.302207 -14.053303 0.91030 0.91260 0.89190
vt 0.808708 0.218622
vn -0.484350 -0.874843 0.007401
v -1.007641 -4.479267 -14.079056 0.91030 0.91260 0.89190
vt 0.809943 0.230498
vn -0.484350 -0.874843 0.007401
v -1.024953 -4.453413 -12.156005 0.91030 0.91260 0.89190
vt 0.775706 0.229616
vn -0.484350 -0.874843 0.007401
f 2689/2689/2689 2690/2690/2690 2691/2691/2691
v -1.327056 -4.302207 -14.053303 0.91030 0.91260 0.89190
vt 0.808708 0.218622
vn -0.510692 -0.859668 0.012805
v -1.024953 -4.453413 -12.156005 0.91030 0.91260 0.89190
vt 0.775706 0.229616
vn -0.510692 -0.859668 0.012805
v -1.344047 -4.261644 -12.007757 0.91030 0.91260 0.89190
vt 0.772202 0.217068
vn -0.510692 -0.859668 0.012805
f 2692/2692/2692 2693/2693/2693 2694/2694/2694
v -1.526818 -2.199654 -15.009113 0.91030 0.91260 0.89190
vt 0.869676 0.098215
vn -0.295859 -0.061443 -0.953253
v -1.604499 -1.676103 -15.018749 0.91030 0.91260 0.89190
vt 0.861643 0.071035
vn -0.295859 -0.061443 -0.953253
v -1.181991 -1.676169 -15.149878 0.91030 0.91260 0.89190
vt 0.885164 0.070312
vn -0.295859 -0.061443 -0.953253
f 2695/2695/2695 2696/2696/2696 2697/2697/2697
v -1.526818 -2.199654 -15.009113 0.91030 0.91260 0.89190
vt 0.869676 0.098215
vn -0.293825 -0.062926 -0.953786
v -1.181991 -1.676169 -15.149878 0.91030 0.91260 0.89190
vt 0.885164 0.070312
vn -0.293825 -0.062926 -0.953786
v -1.148646 -2.208369 -15.125038 0.91030 0.91260 0.89190
vt 0.891013 0.097989
vn -0.293825 -0.062926 -0.953786
f 2698/2698/2698 2699/2699/2699 2700/2700/2700
v -1.810142 -1.072898 -6.357646 0.51171 0.29358 0.27288
vt 0.614691 0.538866
vn -0.000000 0.000001 1.000000
v -2.743449 -1.073101 -6.357646 0.51171 0.29358 0.27288
vt 0.616374 0.509439
vn -0.000000 0.000001 1.000000
v -2.743448 -2.090288 -6.357645 0.51171 0.29358 0.27288
vt 0.686778 0.512941
vn -0.000000 0.000001 1.000000
f 2701/2701/2701 2702/2702/2702 2703/2703/2703
v -1.810142 -1.072898 -6.357646 0.50869 0.29056 0.27590
vt 0.614691 0.538866
vn 0.000000 0.000001 1.000000
v -2.743448 -2.090288 -6.357645 0.50869 0.29056 0.27590
vt 0.686778 0.512941
vn 0.000000 0.000001 1.000000
v -1.806617 -2.101198 -6.357645 0.50869 0.29056 0.27590
vt 0.685889 0.542465
vn 0.000000 0.000001 1.000000
f 2704/2704/2704 2705/2705/2705 2706/2706/2706
v -1.342204 -0.886638 11.428625 0.16144 0.26640 0.33327
vt 0.945285 0.565537
vn -0.000078 0.027757 -0.999615
v -1.012930 -0.885715 11.428625 0.16144 0.26640 0.33327
vt 0.945267 0.576179
vn -0.000078 0.027757 -0.999615
v -1.012930 -2.098849 11.394940 0.16144 0.26640 0.33327
vt 0.861200 0.574065
vn -0.000078 0.027757 -0.999615
f 2707/2707/2707 2708/2708/2708 2709/2709/2709
v -1.342204 -0.886638 11.428625 0.15238 0.24829 0.31214
vt 0.945285 0.565537
vn -0.000198 0.027724 -0.999616
v -1.012930 -2.098849 11.394940 0.15238 0.24829 0.31214
vt 0.861200 0.574065
vn -0.000198 0.027724 -0.999616
v -1.342204 -2.101198 11.394940 0.15238 0.24829 0.31214
vt 0.861185 0.564028
vn -0.000198 0.027724 -0.999616
f 2710/2710/2710 2711/2711/2711 2712/2712/2712
v -1.364734 -0.939920 15.061995 0.91030 0.91260 0.89190
vt 0.232549 0.036733
vn -0.423023 -0.612572 0.667688
v -1.983684 -0.908393 14.698775 0.91030 0.91260 0.89190
vt 0.267263 0.036026
vn -0.423023 -0.612572 0.667688
v -1.785699 -1.901794 13.912812 0.91030 0.91260 0.89190
vt 0.258905 0.088288
vn -0.423023 -0.612572 0.667688
f 2713/2713/2713 2714/2714/2714 2715/2715/2715
v -1.364734 -0.939920 15.061995 0.14030 0.31774 0.32119
vt 0.232549 0.036733
vn -0.587608 -0.501489 0.635001
v -1.785699 -1.901794 13.912812 0.14030 0.31774 0.32119
vt 0.258905 0.088288
vn -0.587608 -0.501489 0.635001
v -1.263503 -2.001743 14.317100 0.14030 0.31774 0.32119
vt 0.227268 0.092401
vn -0.587608 -0.501489 0.635001
f 2716/2716/2716 2717/2717/2717 2718/2718/2718
v -1.342204 -2.101199 10.505868 0.19767 0.29056 0.35441
vt 0.853455 0.563342
vn 0.060254 0.997340 -0.041024
v -2.655726 -2.060385 9.568864 0.19767 0.29056 0.35441
vt 0.846929 0.521330
vn 0.060254 0.997340 -0.041024
v -2.617856 -2.008900 10.876125 0.19767 0.29056 0.35441
vt 0.861897 0.523219
vn 0.060254 0.997340 -0.041024
f 2719/2719/2719 2720/2720/2720 2721/2721/2721
v -1.342204 -2.101199 10.505868 0.15540 0.26036 0.33025
vt 0.853455 0.563342
vn 0.072165 0.997393 -0.000000
v -2.617856 -2.008900 10.876125 0.15540 0.26036 0.33025
vt 0.861897 0.523219
vn 0.072165 0.997393 -0.000000
v -1.342204 -2.101199 10.943063 0.15540 0.26036 0.33025
vt 0.857251 0.563642
vn 0.072165 0.997393 -0.000000
f 2722/2722/2722 2723/2723/2723 2724/2724/2724
v -1.342204 -2.101198 -5.715958 0.17955 0.27244 0.33931
vt 0.691455 0.557232
vn 0.006954 0.999974 -0.002072
v -2.743448 -2.091453 -5.715958 0.17955 0.27244 0.33931
vt 0.693318 0.513030
vn 0.006954 0.999974 -0.002072
v -2.655726 -2.060385 9.568864 0.17955 0.27244 0.33931
vt 0.846929 0.521330
vn 0.006954 0.999974 -0.002072
f 2725/2725/2725 2726/2726/2726 2727/2727/2727
v -1.342204 -2.101198 -5.715958 0.17352 0.26036 0.32119
vt 0.691455 0.557232
vn 0.031057 0.999518 0.000000
v -2.655726 -2.060385 9.568864 0.17352 0.26036 0.32119
vt 0.846929 0.521330
vn 0.031057 0.999518 0.000000
v -1.342204 -2.101199 10.505868 0.17352 0.26036 0.32119
vt 0.853455 0.563342
vn 0.031057 0.999518 0.000000
f 2728/2728/2728 2729/2729/2729 2730/2730/2730
v -1.762151 -2.101198 -6.019864 0.22787 0.27848 0.33629
vt 0.689003 0.543954
vn 0.009930 0.999951 0.000000
v -2.743448 -2.091453 -6.019864 0.22787 0.27848 0.33629
vt 0.690202 0.513000
vn 0.009930 0.999951 0.000000
v -2.743448 -2.091453 -5.715958 0.22787 0.27848 0.33629
vt 0.693318 0.513030
vn 0.009930 0.999951 0.000000
f 2731/2731/2731 2732/2732/2732 2733/2733/2733
v -1.762151 -2.101198 -6.019864 0.24901 0.30264 0.34535
vt 0.689003 0.543954
vn 0.006954 0.999930 -0.009609
v -2.743448 -2.091453 -5.715958 0.24901 0.30264 0.34535
vt 0.693318 0.513030
vn 0.006954 0.999930 -0.009609
v -1.342204 -2.101198 -5.715958 0.24901 0.30264 0.34535
vt 0.691455 0.557232
vn 0.006954 0.999930 -0.009609
f 2734/2734/2734 2735/2735/2735 2736/2736/2736
v -1.342204 -2.101198 11.394940 0.15540 0.26036 0.33025
vt 0.861185 0.564028
vn 0.072165 0.997393 -0.000001
v -1.342204 -2.101199 10.943063 0.15540 0.26036 0.33025
vt 0.857251 0.563642
vn 0.072165 0.997393 -0.000001
v -2.617856 -2.008900 10.876125 0.15540 0.26036 0.33025
vt 0.861897 0.523219
vn 0.072165 0.997393 -0.000001
f 2737/2737/2737 2738/2738/2738 2739/2739/2739
v -1.342204 -2.101198 11.394940 0.14634 0.26640 0.33025
vt 0.861185 0.564028
vn 0.091281 0.994692 -0.047483
v -2.617856 -2.008900 10.876125 0.14634 0.26640 0.33025
vt 0.861897 0.523219
vn 0.091281 0.994692 -0.047483
v -2.554626 -1.991411 11.364037 0.14634 0.26640 0.33025
vt 0.868088 0.525908
vn 0.091281 0.994692 -0.047483
f 2740/2740/2740 2741/2741/2741 2742/2742/2742
v -2.030722 -2.341739 12.992156 0.14332 0.31170 0.32421
vt 0.269934 0.112009
vn -0.829599 -0.475300 0.293011
v -2.223020 -1.689056 13.506435 0.14332 0.31170 0.32421
vt 0.287414 0.078326
vn -0.829599 -0.475300 0.293011
v -2.448509 -1.730528 12.800742 0.14332 0.31170 0.32421
vt 0.306052 0.081818
vn -0.829599 -0.475300 0.293011
f 2743/2743/2743 2744/2744/2744 2745/2745/2745
v -2.030722 -2.341739 12.992156 0.14332 0.31170 0.32421
vt 0.269934 0.112009
vn -0.830057 -0.476781 0.289285
v -2.448509 -1.730528 12.800742 0.14332 0.31170 0.32421
vt 0.306052 0.081818
vn -0.830057 -0.476781 0.289285
v -2.194947 -2.411299 12.406295 0.14332 0.31170 0.32421
vt 0.281980 0.116509
vn -0.830057 -0.476781 0.289285
f 2746/2746/2746 2747/2747/2747 2748/2748/2748
v -2.099336 -3.027679 -14.685585 0.91030 0.91260 0.88888
vt 0.842704 0.142378
vn -0.397384 -0.082339 -0.913951
v -2.216238 -2.168273 -14.712181 0.91030 0.91260 0.88888
vt 0.830414 0.097727
vn -0.397384 -0.082339 -0.913951
v -1.526818 -2.199654 -15.009113 0.91030 0.91260 0.88888
vt 0.869676 0.098215
vn -0.397384 -0.082339 -0.913951
f 2749/2749/2749 2750/2750/2750 2751/2751/2751
v -2.099336 -3.027679 -14.685585 0.91030 0.91260 0.89190
vt 0.842704 0.142378
vn -0.372840 -0.102538 -0.922213
v -1.526818 -2.199654 -15.009113 0.91030 0.91260 0.89190
vt 0.869676 0.098215
vn -0.372840 -0.102538 -0.922213
v -1.441176 -3.288098 -14.922716 0.91030 0.91260 0.89190
vt 0.882344 0.154790
vn -0.372840 -0.102538 -0.922213
f 2752/2752/2752 2753/2753/2753 2754/2754/2754
v -1.176351 -2.944377 13.606066 0.91030 0.91260 0.89190
vt 0.213348 0.141438
vn -0.470984 -0.541301 0.696539
v -0.912405 -3.078357 13.680421 0.91030 0.91260 0.89190
vt 0.197481 0.148054
vn -0.470984 -0.541301 0.696539
v -0.968542 -2.040804 14.448776 0.91030 0.91260 0.89190
vt 0.209840 0.093906
vn -0.470984 -0.541301 0.696539
f 2755/2755/2755 2756/2756/2756 2757/2757/2757
v -1.176351 -2.944377 13.606066 0.20069 0.33585 0.34837
vt 0.213348 0.141438
vn -0.395598 -0.576105 0.715266
v -0.968542 -2.040804 14.448776 0.20069 0.33585 0.34837
vt 0.209840 0.093906
vn -0.395598 -0.576105 0.715266
v -1.263503 -2.001743 14.317100 0.20069 0.33585 0.34837
vt 0.227268 0.092401
vn -0.395598 -0.576105 0.715266
f 2758/2758/2758 2759/2759/2759 2760/2760/2760
v -2.460863 -2.509958 10.977097 0.90728 0.90958 0.88888
vt 0.351390 0.127014
vn -0.860277 -0.450586 0.238527
v -2.696279 -1.879844 11.318347 0.90728 0.90958 0.88888
vt 0.339225 0.093038
vn -0.860277 -0.450586 0.238527
v -2.729527 -2.016874 10.939579 0.90728 0.90958 0.88888
vt 0.349527 0.100090
vn -0.860277 -0.450586 0.238527
f 2761/2761/2761 2762/2762/2762 2763/2763/2763
v -2.460863 -2.509958 10.977097 0.91030 0.91260 0.89190
vt 0.351390 0.127014
vn -0.877329 -0.471049 0.091690
v -2.729527 -2.016874 10.939579 0.91030 0.91260 0.89190
vt 0.349527 0.100090
vn -0.877329 -0.471049 0.091690
v -2.533094 -2.572754 9.963362 0.91030 0.91260 0.89190
vt 0.370729 0.129438
vn -0.877329 -0.471049 0.091690
f 2764/2764/2764 2765/2765/2765 2766/2766/2766
v -2.755717 -2.623299 -10.980674 0.90426 0.91260 0.89190
vt 0.747625 0.124722
vn -0.983426 -0.181307 0.001176
v -2.857529 -2.071768 -11.089316 0.90426 0.91260 0.89190
vt 0.743321 0.095885
vn -0.983426 -0.181307 0.001176
v -2.855884 -2.088065 -12.226620 0.90426 0.91260 0.89190
vt 0.763919 0.095998
vn -0.983426 -0.181307 0.001176
f 2767/2767/2767 2768/2768/2768 2769/2769/2769
v -2.755717 -2.623299 -10.980674 0.14634 0.30264 0.30610
vt 0.747625 0.124722
vn -0.985608 -0.168916 0.006675
v -2.855884 -2.088065 -12.226620 0.14634 0.30264 0.30610
vt 0.763919 0.095998
vn -0.985608 -0.168916 0.006675
v -2.760480 -2.638239 -12.062140 0.14634 0.30264 0.30610
vt 0.767689 0.124864
vn -0.985608 -0.168916 0.006675
f 2770/2770/2770 2771/2771/2771 2772/2772/2772
v -2.760480 -2.638239 -12.062140 0.89822 0.89146 0.87982
vt 0.767689 0.124864
vn -0.983808 -0.177661 -0.023621
v -2.855884 -2.088065 -12.226620 0.89822 0.89146 0.87982
vt 0.763919 0.095998
vn -0.983808 -0.177661 -0.023621
v -2.819530 -2.129986 -13.425433 0.89822 0.89146 0.87982
vt 0.786071 0.097267
vn -0.983808 -0.177661 -0.023621
f 2773/2773/2773 2774/2774/2774 2775/2775/2775
v -2.760480 -2.638239 -12.062140 0.85595 0.88844 0.87982
vt 0.767689 0.124864
vn -0.984916 -0.171708 -0.021354
v -2.819530 -2.129986 -13.425433 0.85595 0.88844 0.87982
vt 0.786071 0.097267
vn -0.984916 -0.171708 -0.021354
v -2.725513 -2.673215 -13.393742 0.85595 0.88844 0.87982
vt 0.792681 0.125960
vn -0.984916 -0.171708 -0.021354
f 2776/2776/2776 2777/2777/2777 2778/2778/2778
v -2.406134 -2.461679 11.472991 0.91030 0.91260 0.89190
vt 0.300313 0.120626
vn -0.898020 -0.397959 0.187587
v -2.654984 -1.786221 11.714654 0.91030 0.91260 0.89190
vt 0.331460 0.087232
vn -0.898020 -0.397959 0.187587
v -2.696279 -1.879844 11.318347 0.91030 0.91260 0.89190
vt 0.339225 0.093038
vn -0.898020 -0.397959 0.187587
f 2779/2779/2779 2780/2780/2780 2781/2781/2781
v -2.406134 -2.461679 11.472991 0.91030 0.91260 0.89190
vt 0.300313 0.120626
vn -0.900462 -0.411962 0.139487
v -2.696279 -1.879844 11.318347 0.91030 0.91260 0.89190
vt 0.339225 0.093038
vn -0.900462 -0.411962 0.139487
v -2.460863 -2.509958 10.977097 0.91030 0.91260 0.89190
vt 0.307260 0.124141
vn -0.900462 -0.411962 0.139487
f 2782/2782/2782 2783/2783/2783 2784/2784/2784
v -2.725513 -2.673215 -13.393742 0.59928 0.62574 0.61712
vt 0.792681 0.125960
vn -0.965889 -0.178134 -0.187953
v -2.819530 -2.129986 -13.425433 0.59928 0.62574 0.61712
vt 0.786071 0.097267
vn -0.965889 -0.178134 -0.187953
v -2.648779 -2.146246 -14.287514 0.59928 0.62574 0.61712
vt 0.804610 0.097348
vn -0.965889 -0.178134 -0.187953
f 2785/2785/2785 2786/2786/2786 2787/2787/2787
v -2.725513 -2.673215 -13.393742 0.77140 0.79785 0.78923
vt 0.792681 0.125960
vn -0.971533 -0.157968 -0.176548
v -2.648779 -2.146246 -14.287514 0.77140 0.79785 0.78923
vt 0.804610 0.097348
vn -0.971533 -0.157968 -0.176548
v -2.540636 -2.791590 -14.305191 0.77140 0.79785 0.78923
vt 0.814387 0.130962
vn -0.971533 -0.157968 -0.176548
f 2788/2788/2788 2789/2789/2789 2790/2790/2790
v -2.699024 -2.660880 3.541432 0.59626 0.59856 0.57786
vt 0.486685 0.131330
vn -0.972796 -0.231594 0.005685
v -2.810194 -2.152259 5.238327 0.59626 0.59856 0.57786
vt 0.453974 0.105329
vn -0.972796 -0.231594 0.005685
v -2.843746 -2.170541 -1.247316 0.59626 0.59856 0.57786
vt 0.569230 0.104439
vn -0.972796 -0.231594 0.005685
f 2791/2791/2791 2792/2792/2792 2793/2793/2793
v -2.699024 -2.660880 3.541432 0.59626 0.59856 0.57786
vt 0.486685 0.131330
vn -0.980080 -0.198383 0.009306
v -2.843746 -2.170541 -1.247316 0.59626 0.59856 0.57786
vt 0.569230 0.104439
vn -0.980080 -0.198383 0.009306
v -2.744328 -2.670621 -1.437554 0.59626 0.59856 0.57786
vt 0.575400 0.130364
vn -0.980080 -0.198383 0.009306
f 2794/2794/2794 2795/2795/2795 2796/2796/2796
v -2.744328 -2.670621 -1.437554 0.59626 0.59856 0.57786
vt 0.575400 0.130364
vn -0.980619 -0.195908 0.002520
v -2.843746 -2.170541 -1.247316 0.59626 0.59856 0.57786
vt 0.569230 0.104439
vn -0.980619 -0.195908 0.002520
v -2.856887 -2.157093 -5.315068 0.59626 0.59856 0.57786
vt 0.641293 0.102634
vn -0.980619 -0.195908 0.002520
f 2797/2797/2797 2798/2798/2798 2799/2799/2799
v -2.744328 -2.670621 -1.437554 0.60230 0.60460 0.58390
vt 0.575400 0.130364
vn -0.977641 -0.210279 0.000531
v -2.856887 -2.157093 -5.315068 0.60230 0.60460 0.58390
vt 0.641293 0.102634
vn -0.977641 -0.210279 0.000531
v -2.746734 -2.668879 -5.178408 0.60230 0.60460 0.58390
vt 0.642041 0.129280
vn -0.977641 -0.210279 0.000531
f 2800/2800/2800 2801/2801/2801 2802/2802/2802
v -2.746734 -2.668879 -5.178408 0.91030 0.91260 0.89190
vt 0.642041 0.129280
vn -0.977372 -0.211485 -0.004202
v -2.856887 -2.157093 -5.315068 0.91030 0.91260 0.89190
vt 0.641293 0.102634
vn -0.977372 -0.211485 -0.004202
v -2.855003 -2.140353 -6.595739 0.91030 0.91260 0.89190
vt 0.663888 0.101429
vn -0.977372 -0.211485 -0.004202
f 2803/2803/2803 2804/2804/2804 2805/2805/2805
v -2.746734 -2.668879 -5.178408 0.88916 0.91260 0.89190
vt 0.642041 0.129280
vn -0.974137 -0.225747 -0.009767
v -2.855003 -2.140353 -6.595739 0.88916 0.91260 0.89190
vt 0.663888 0.101429
vn -0.974137 -0.225747 -0.009767
v -2.727914 -2.661752 -7.220070 0.88916 0.91260 0.89190
vt 0.678616 0.128419
vn -0.974137 -0.225747 -0.009767
f 2806/2806/2806 2807/2807/2807 2808/2808/2808
v -2.621095 -2.630188 7.708364 0.91030 0.91260 0.89190
vt 0.411971 0.131265
vn -0.949852 -0.312459 0.012260
v -2.768226 -2.105594 9.679089 0.91030 0.91260 0.89190
vt 0.374032 0.104335
vn -0.949852 -0.312459 0.012260
v -2.810194 -2.152259 5.238327 0.91030 0.91260 0.89190
vt 0.453974 0.105329
vn -0.949852 -0.312459 0.012260
f 2809/2809/2809 2810/2810/2810 2811/2811/2811
v -2.621095 -2.630188 7.708364 0.60230 0.60460 0.58390
vt 0.411971 0.131265
vn -0.960738 -0.276735 0.020006
v -2.810194 -2.152259 5.238327 0.60230 0.60460 0.58390
vt 0.453974 0.105329
vn -0.960738 -0.276735 0.020006
v -2.699024 -2.660880 3.541432 0.60230 0.60460 0.58390
vt 0.486685 0.131330
vn -0.960738 -0.276735 0.020006
f 2812/2812/2812 2813/2813/2813 2814/2814/2814
v -2.533094 -2.572754 9.963362 0.91030 0.91260 0.89190
vt 0.370729 0.129438
vn -0.905357 -0.420752 0.057410
v -2.729527 -2.016874 10.939579 0.91030 0.91260 0.89190
vt 0.349527 0.100090
vn -0.905357 -0.420752 0.057410
v -2.768226 -2.105594 9.679089 0.91030 0.91260 0.89190
vt 0.374032 0.104335
vn -0.905357 -0.420752 0.057410
f 2815/2815/2815 2816/2816/2816 2817/2817/2817
v -2.533094 -2.572754 9.963362 0.91030 0.91260 0.89190
vt 0.370729 0.129438
vn -0.903275 -0.426577 0.046115
v -2.768226 -2.105594 9.679089 0.91030 0.91260 0.89190
vt 0.374032 0.104335
vn -0.903275 -0.426577 0.046115
v -2.621095 -2.630188 7.708364 0.91030 0.91260 0.89190
vt 0.411971 0.131265
vn -0.903275 -0.426577 0.046115
f 2818/2818/2818 2819/2819/2819 2820/2820/2820
v -2.030722 -2.341739 12.992156 0.84387 0.89448 0.89190
vt 0.269934 0.112009
vn -0.757990 -0.486666 0.434289
v -1.600163 -2.680734 13.363757 0.84387 0.89448 0.89190
vt 0.240253 0.128535
vn -0.757990 -0.486666 0.434289
v -1.785699 -1.901794 13.912812 0.84387 0.89448 0.89190
vt 0.258905 0.088288
vn -0.757990 -0.486666 0.434289
f 2821/2821/2821 2822/2822/2822 2823/2823/2823
v -2.030722 -2.341739 12.992156 0.14030 0.30868 0.32119
vt 0.269934 0.112009
vn -0.693321 -0.560832 0.452519
v -1.785699 -1.901794 13.912812 0.14030 0.30868 0.32119
vt 0.258905 0.088288
vn -0.693321 -0.560832 0.452519
v -2.223020 -1.689056 13.506435 0.14030 0.30868 0.32119
vt 0.287414 0.078326
vn -0.693321 -0.560832 0.452519
f 2824/2824/2824 2825/2825/2825 2826/2826/2826
v -0.659907 -4.368671 -14.601301 0.91030 0.90656 0.88586
vt 0.935489 0.209832
vn -0.457572 -0.757801 -0.465152
v -0.668632 -4.667188 -14.106390 0.91030 0.90656 0.88586
vt 0.936694 0.225827
vn -0.457572 -0.757801 -0.465152
v -1.007641 -4.479267 -14.079056 0.91030 0.90656 0.88586
vt 0.915596 0.216697
vn -0.457572 -0.757801 -0.465152
f 2827/2827/2827 2828/2828/2828 2829/2829/2829
v -0.659907 -4.368671 -14.601301 0.91030 0.91260 0.88284
vt 0.935489 0.209832
vn -0.374636 -0.824514 -0.424058
v -1.007641 -4.479267 -14.079056 0.91030 0.91260 0.88284
vt 0.915596 0.216697
vn -0.374636 -0.824514 -0.424058
v -0.989488 -4.224536 -14.590377 0.91030 0.91260 0.88284
vt 0.915787 0.202858
vn -0.374636 -0.824514 -0.424058
f 2830/2830/2830 2831/2831/2831 2832/2832/2832
v -0.632267 -3.220555 13.759337 0.84689 0.84919 0.82849
vt 0.180720 0.155108
vn -0.488735 -0.625047 0.608650
v -0.912405 -3.078357 13.680421 0.84689 0.84919 0.82849
vt 0.197481 0.148054
vn -0.488735 -0.625047 0.608650
v -0.903329 -3.795977 12.950756 0.84689 0.84919 0.82849
vt 0.194003 0.185789
vn -0.488735 -0.625047 0.608650
f 2833/2833/2833 2834/2834/2834 2835/2835/2835
v -0.632267 -3.220555 13.759337 0.58720 0.58950 0.56880
vt 0.180720 0.155108
vn -0.561824 -0.573338 0.596353
v -0.903329 -3.795977 12.950756 0.58720 0.58950 0.56880
vt 0.194003 0.185789
vn -0.561824 -0.573338 0.596353
v -0.629152 -4.009658 13.003624 0.58720 0.58950 0.56880
vt 0.177293 0.196527
vn -0.561824 -0.573338 0.596353
f 2836/2836/2836 2837/2837/2837 2838/2838/2838
v -0.660486 -4.511568 11.611749 0.59626 0.59856 0.57786
vt 0.183446 0.224551
vn -0.654824 -0.747340 0.112644
v -0.950893 -4.265961 11.553038 0.59626 0.59856 0.57786
vt 0.202465 0.212320
vn -0.654824 -0.747340 0.112644
v -0.955539 -4.290523 11.363070 0.59626 0.59856 0.57786
vt 0.204338 0.214065
vn -0.654824 -0.747340 0.112644
f 2839/2839/2839 2840/2840/2840 2841/2841/2841
v -0.660486 -4.511568 11.611749 0.58418 0.58648 0.56578
vt 0.183446 0.224551
vn -0.654009 -0.748329 0.110798
v -0.955539 -4.290523 11.363070 0.58418 0.58648 0.56578
vt 0.204338 0.214065
vn -0.654009 -0.748329 0.110798
v -0.663081 -4.533805 11.446245 0.58418 0.58648 0.56578
vt 0.184722 0.226125
vn -0.654009 -0.748329 0.110798
f 2842/2842/2842 2843/2843/2843 2844/2844/2844
v -0.663457 -1.073101 -12.577980 0.14332 0.26338 0.32723
vt 0.552406 0.569757
vn 0.000000 1.000000 -0.000000
v -0.663457 -1.073101 -15.152153 0.14332 0.26338 0.32723
vt 0.526657 0.568808
vn 0.000000 1.000000 -0.000000
v -1.194400 -1.073101 -15.004957 0.14332 0.26338 0.32723
vt 0.528607 0.552279
vn 0.000000 1.000000 -0.000000
f 2845/2845/2845 2846/2846/2846 2847/2847/2847
v -0.663457 -1.073101 -12.577980 0.15540 0.26640 0.33327
vt 0.552406 0.569757
vn 0.000000 1.000000 0.000000
v -1.194400 -1.073101 -15.004957 0.15540 0.26640 0.33327
vt 0.528607 0.552279
vn 0.000000 1.000000 0.000000
v -1.253861 -1.073101 -12.577980 0.15540 0.26640 0.33327
vt 0.552951 0.551263
vn 0.000000 1.000000 0.000000
f 2848/2848/2848 2849/2849/2849 2850/2850/2850
v -0.663457 -1.072999 -6.357646 0.16748 0.26640 0.33629
vt 0.613014 0.575232
vn 0.000000 0.000001 1.000000
v -1.253861 -1.072947 -6.357646 0.16748 0.26640 0.33629
vt 0.613814 0.556525
vn 0.000000 0.000001 1.000000
v -1.252046 -2.098849 -6.357645 0.16748 0.26640 0.33629
vt 0.684953 0.559909
vn 0.000000 0.000001 1.000000
f 2851/2851/2851 2852/2852/2852 2853/2853/2853
v -0.663457 -1.072999 -6.357646 0.16144 0.26640 0.32723
vt 0.613014 0.575232
vn -0.000000 0.000001 1.000000
v -1.252046 -2.098849 -6.357645 0.16144 0.26640 0.32723
vt 0.684953 0.559909
vn -0.000000 0.000001 1.000000
v -0.663457 -2.096355 -6.357645 0.16144 0.26640 0.32723
vt 0.683972 0.578455
vn -0.000000 0.000001 1.000000
f 2854/2854/2854 2855/2855/2855 2856/2856/2856
v -0.687732 -0.928643 15.327139 0.91030 0.91260 0.89190
vt 0.195047 0.035142
vn -0.298087 -0.544130 0.784261
v -1.036307 -0.934449 15.190622 0.91030 0.91260 0.89190
vt 0.214385 0.035913
vn -0.298087 -0.544130 0.784261
v -0.968542 -2.040804 14.448776 0.91030 0.91260 0.89190
vt 0.209840 0.093906
vn -0.298087 -0.544130 0.784261
f 2857/2857/2857 2858/2858/2858 2859/2859/2859
v -0.687732 -0.928643 15.327139 0.14634 0.27546 0.28194
vt 0.195047 0.035142
vn -0.407314 -0.500498 0.763935
v -0.968542 -2.040804 14.448776 0.14634 0.27546 0.28194
vt 0.209840 0.093906
vn -0.407314 -0.500498 0.763935
v -0.655486 -2.082261 14.588530 0.14634 0.27546 0.28194
vt 0.191488 0.095596
vn -0.407314 -0.500498 0.763935
f 2860/2860/2860 2861/2861/2861 2862/2862/2862
v -0.663457 -2.096355 10.505869 0.15540 0.26640 0.33327
vt 0.852380 0.584538
vn -0.007135 0.999975 0.000000
v -1.012930 -2.098849 10.505869 0.15540 0.26640 0.33327
vt 0.852852 0.573656
vn -0.007135 0.999975 0.000000
v -1.012930 -2.098849 10.943063 0.15540 0.26640 0.33327
vt 0.856932 0.573890
vn -0.007135 0.999975 0.000000
f 2863/2863/2863 2864/2864/2864 2865/2865/2865
v -0.663457 -2.096355 10.505869 0.17352 0.28452 0.35139
vt 0.852380 0.584538
vn -0.007135 0.999975 0.000000
v -1.012930 -2.098849 10.943063 0.17352 0.28452 0.35139
vt 0.856932 0.573890
vn -0.007135 0.999975 0.000000
v -0.663457 -2.096355 10.943063 0.17352 0.28452 0.35139
vt 0.856614 0.584712
vn -0.007135 0.999975 0.000000
f 2866/2866/2866 2867/2867/2867 2868/2868/2868
v -0.690288 -4.665966 -3.196439 0.75026 0.76464 0.75300
vt 0.617061 0.245718
vn -0.514785 -0.857318 0.001161
v -0.692909 -4.651204 6.542440 0.75026 0.76464 0.75300
vt 0.444204 0.246676
vn -0.514785 -0.857318 0.001161
v -1.037279 -4.445661 5.627985 0.75026 0.76464 0.75300
vt 0.459427 0.233144
vn -0.514785 -0.857318 0.001161
f 2869/2869/2869 2870/2870/2870 2871/2871/2871
v -0.690288 -4.665966 -3.196439 0.91030 0.91260 0.89190
vt 0.617061 0.245718
vn -0.493972 -0.869475 0.002283
v -1.037279 -4.445661 5.627985 0.91030 0.91260 0.89190
vt 0.459427 0.233144
vn -0.493972 -0.869475 0.002283
v -1.041493 -4.466043 -3.046539 0.91030 0.91260 0.89190
vt 0.613470 0.232461
vn -0.493972 -0.869475 0.002283
f 2872/2872/2872 2873/2873/2873 2874/2874/2874
v -0.663457 -2.096355 -5.715958 0.24297 0.30868 0.36045
vt 0.690236 0.578741
vn -0.007135 0.999975 0.000000
v -1.012930 -2.098849 -5.715958 0.24297 0.30868 0.36045
vt 0.690854 0.567685
vn -0.007135 0.999975 0.000000
v -1.012930 -2.098849 10.505869 0.24297 0.30868 0.36045
vt 0.852852 0.573656
vn -0.007135 0.999975 0.000000
f 2875/2875/2875 2876/2876/2876 2877/2877/2877
v -0.663457 -2.096355 -5.715958 0.15238 0.26338 0.33025
vt 0.690236 0.578741
vn -0.007135 0.999975 0.000000
v -1.012930 -2.098849 10.505869 0.15238 0.26338 0.33025
vt 0.852852 0.573656
vn -0.007135 0.999975 0.000000
v -0.663457 -2.096355 10.505869 0.15238 0.26338 0.33025
vt 0.852380 0.584538
vn -0.007135 0.999975 0.000000
f 2878/2878/2878 2879/2879/2879 2880/2880/2880
v -0.690288 -4.665966 -3.196439 0.64457 0.48985 0.49633
vt 0.617061 0.245718
vn -0.495597 -0.868548 -0.002759
v -1.041493 -4.466043 -3.046539 0.64457 0.48985 0.49633
vt 0.613470 0.232461
vn -0.495597 -0.868548 -0.002759
v -1.040757 -4.457899 -5.742673 0.64457 0.48985 0.49633
vt 0.661380 0.231469
vn -0.495597 -0.868548 -0.002759
f 2881/2881/2881 2882/2882/2882 2883/2883/2883
v -0.690288 -4.665966 -3.196439 0.53285 0.30566 0.30006
vt 0.617061 0.245718
vn -0.502731 -0.864442 -0.001441
v -1.040757 -4.457899 -5.742673 0.53285 0.30566 0.30006
vt 0.661380 0.231469
vn -0.502731 -0.864442 -0.001441
v -0.693744 -4.659572 -5.825675 0.53285 0.30566 0.30006
vt 0.663826 0.244782
vn -0.502731 -0.864442 -0.001441
f 2884/2884/2884 2885/2885/2885 2886/2886/2886
v -0.663457 -2.096355 -6.019864 0.16144 0.26036 0.32421
vt 0.687284 0.578617
vn -0.004408 0.999985 0.003136
v -1.229152 -2.098849 -6.019864 0.16144 0.26036 0.32421
vt 0.688248 0.560776
vn -0.004408 0.999985 0.003136
v -1.012930 -2.098849 -5.715958 0.16144 0.26036 0.32421
vt 0.690854 0.567685
vn -0.004408 0.999985 0.003136
f 2887/2887/2887 2888/2888/2888 2889/2889/2889
v -0.663457 -2.096355 -6.019864 0.15238 0.26338 0.33025
vt 0.687284 0.578617
vn -0.007135 0.999975 0.000000
v -1.012930 -2.098849 -5.715958 0.15238 0.26338 0.33025
vt 0.690854 0.567685
vn -0.007135 0.999975 0.000000
v -0.663457 -2.096355 -5.715958 0.15238 0.26338 0.33025
vt 0.690236 0.578741
vn -0.007135 0.999975 0.000000
f 2890/2890/2890 2891/2891/2891 2892/2892/2892
v -0.702501 -4.647854 -7.749414 0.45434 0.28452 0.26080
vt 0.698070 0.243656
vn -0.503003 -0.864280 -0.002975
v -0.693744 -4.659572 -5.825675 0.45434 0.28452 0.26080
vt 0.663826 0.244782
vn -0.503003 -0.864280 -0.002975
v -1.040757 -4.457899 -5.742673 0.45434 0.28452 0.26080
vt 0.661380 0.231469
vn -0.503003 -0.864280 -0.002975
f 2893/2893/2893 2894/2894/2894 2895/2895/2895
v -0.702501 -4.647854 -7.749414 0.48152 0.29358 0.29704
vt 0.698070 0.243656
vn -0.517340 -0.855758 -0.006198
v -1.040757 -4.457899 -5.742673 0.48152 0.29358 0.29704
vt 0.661380 0.231469
vn -0.517340 -0.855758 -0.006198
v -1.042081 -4.440742 -8.001023 0.48152 0.29358 0.29704
vt 0.701506 0.230094
vn -0.517340 -0.855758 -0.006198
f 2896/2896/2896 2897/2897/2897 2898/2898/2898
v -0.692909 -4.651204 6.542440 0.91030 0.91260 0.89190
vt 0.444204 0.246676
vn -0.568514 -0.822598 0.011186
v -0.683541 -4.613582 9.785260 0.91030 0.91260 0.89190
vt 0.386676 0.245793
vn -0.568514 -0.822598 0.011186
v -1.009254 -4.397659 9.109865 0.91030 0.91260 0.89190
vt 0.397334 0.232039
vn -0.568514 -0.822598 0.011186
f 2899/2899/2899 2900/2900/2900 2901/2901/2901
v -0.692909 -4.651204 6.542440 0.91030 0.91260 0.89190
vt 0.444204 0.246676
vn -0.543330 -0.839368 0.015945
v -1.009254 -4.397659 9.109865 0.91030 0.91260 0.89190
vt 0.397334 0.232039
vn -0.543330 -0.839368 0.015945
v -1.037279 -4.445661 5.627985 0.91030 0.91260 0.89190
vt 0.459427 0.233144
vn -0.543330 -0.839368 0.015945
f 2902/2902/2902 2903/2903/2903 2904/2904/2904
v -0.683541 -4.613582 9.785260 0.91030 0.91260 0.89190
vt 0.386676 0.245793
vn -0.620723 -0.783210 0.035858
v -0.668026 -4.577789 10.835604 0.91030 0.91260 0.89190
vt 0.367829 0.244785
vn -0.620723 -0.783210 0.035858
v -0.975028 -4.347277 10.556077 0.91030 0.91260 0.89190
vt 0.371038 0.230567
vn -0.620723 -0.783210 0.035858
f 2905/2905/2905 2906/2906/2906 2907/2907/2907
v -0.683541 -4.613582 9.785260 0.91030 0.91260 0.89190
vt 0.386676 0.245793
vn -0.611093 -0.790444 0.041999
v -0.975028 -4.347277 10.556077 0.91030 0.91260 0.89190
vt 0.371038 0.230567
vn -0.611093 -0.790444 0.041999
v -1.009254 -4.397659 9.109865 0.91030 0.91260 0.89190
vt 0.397334 0.232039
vn -0.611093 -0.790444 0.041999
f 2908/2908/2908 2909/2909/2909 2910/2910/2910
v -0.659907 -4.368671 -14.601301 0.90426 0.91260 0.89190
vt 0.935489 0.209832
vn -0.100105 -0.476763 -0.873313
v -0.712773 -3.477385 -15.081816 0.90426 0.91260 0.89190
vt 0.925177 0.163376
vn -0.100105 -0.476763 -0.873313
v 0.000000 -3.545394 -15.126391 0.90426 0.91260 0.89190
vt 0.965587 0.165799
vn -0.100105 -0.476763 -0.873313
f 2911/2911/2911 2912/2912/2912 2913/2913/2913
v -0.659907 -4.368671 -14.601301 0.91030 0.91260 0.89190
vt 0.935489 0.209832
vn -0.083272 -0.487571 -0.869103
v 0.000000 -3.545394 -15.126391 0.91030 0.91260 0.89190
vt 0.965587 0.165799
vn -0.083272 -0.487571 -0.869103
v -0.002509 -4.480055 -14.601802 0.91030 0.91260 0.89190
vt 0.973057 0.214650
vn -0.083272 -0.487571 -0.869103
f 2914/2914/2914 2915/2915/2915 2916/2916/2916
v -0.669863 -4.336058 12.376318 0.91030 0.91260 0.89190
vt 0.180066 0.214052
vn -0.295463 -0.830438 0.472306
v 0.000000 -4.553319 12.413366 0.91030 0.91260 0.89190
vt 0.142472 0.225205
vn -0.295463 -0.830438 0.472306
v 0.000000 -4.195159 13.043104 0.91030 0.91260 0.89190
vt 0.141569 0.205791
vn -0.295463 -0.830438 0.472306
f 2917/2917/2917 2918/2918/2918 2919/2919/2919
v -0.669863 -4.336058 12.376318 0.88614 0.88844 0.86774
vt 0.180066 0.214052
vn -0.277764 -0.844693 0.457537
v 0.000000 -4.195159 13.043104 0.88614 0.88844 0.86774
vt 0.141569 0.205791
vn -0.277764 -0.844693 0.457537
v -0.629152 -4.009658 13.003624 0.88614 0.88844 0.86774
vt 0.177293 0.196527
vn -0.277764 -0.844693 0.457537
f 2920/2920/2920 2921/2921/2921 2922/2922/2922
v -0.663457 -2.096355 -6.019864 0.16144 0.26640 0.33327
vt 0.687284 0.578617
vn -0.007135 0.999975 0.000000
v 0.000000 -2.091621 -6.019863 0.16144 0.26640 0.33327
vt 0.686255 0.599548
vn -0.007135 0.999975 0.000000
v 0.000000 -2.091621 -6.357645 0.16144 0.26640 0.33327
vt 0.682836 0.599395
vn -0.007135 0.999975 0.000000
f 2923/2923/2923 2924/2924/2924 2925/2925/2925
v -0.663457 -2.096355 -6.019864 0.16446 0.26942 0.33629
vt 0.687284 0.578617
vn -0.007135 0.999975 -0.000000
v 0.000000 -2.091621 -6.357645 0.16446 0.26942 0.33629
vt 0.682836 0.599395
vn -0.007135 0.999975 -0.000000
v -0.663457 -2.096355 -6.357645 0.16446 0.26942 0.33629
vt 0.683972 0.578455
vn -0.007135 0.999975 -0.000000
f 2926/2926/2926 2927/2927/2927 2928/2928/2928
v -0.668026 -4.577789 10.835604 0.91030 0.91260 0.89190
vt 0.367829 0.244785
vn -0.325449 -0.942972 0.069905
v 0.000000 -4.788351 11.105329 0.91030 0.91260 0.89190
vt 0.362746 0.264071
vn -0.325449 -0.942972 0.069905
v 0.000000 -4.758992 11.501354 0.91030 0.91260 0.89190
vt 0.355108 0.263049
vn -0.325449 -0.942972 0.069905
f 2929/2929/2929 2930/2930/2930 2931/2931/2931
v -0.668026 -4.577789 10.835604 0.91030 0.91260 0.89190
vt 0.367829 0.244785
vn -0.326020 -0.942727 0.070545
v 0.000000 -4.758992 11.501354 0.91030 0.91260 0.89190
vt 0.355108 0.263049
vn -0.326020 -0.942727 0.070545
v -0.663081 -4.533805 11.446245 0.91030 0.91260 0.89190
vt 0.356322 0.243255
vn -0.326020 -0.942727 0.070545
f 2932/2932/2932 2933/2933/2933 2934/2934/2934
v -0.663056 0.424716 -12.459030 0.20975 0.27848 0.35139
vt 0.498073 0.986519
vn 0.000002 1.000000 0.000000
v 0.000000 0.424715 -12.459029 0.20975 0.27848 0.35139
vt 0.518763 0.986454
vn 0.000002 1.000000 0.000000
v 0.000000 0.424715 -12.579304 0.20975 0.27848 0.35139
vt 0.518767 0.987645
vn 0.000002 1.000000 0.000000
f 2935/2935/2935 2936/2936/2936 2937/2937/2937
v -0.663056 0.424716 -12.459030 0.14030 0.25735 0.30610
vt 0.498073 0.986519
vn 0.000000 1.000000 -0.000011
v 0.000000 0.424715 -12.579304 0.14030 0.25735 0.30610
vt 0.518767 0.987645
vn 0.000000 1.000000 -0.000011
v -0.663056 0.424715 -12.579305 0.14030 0.25735 0.30610
vt 0.498077 0.987711
vn 0.000000 1.000000 -0.000011
f 2938/2938/2938 2939/2939/2939 2940/2940/2940
v -0.702501 -4.647854 -7.749414 0.89520 0.91260 0.88586
vt 0.698070 0.243656
vn -0.246816 -0.969052 -0.004599
v -0.701536 -4.645641 -8.267467 0.89520 0.91260 0.88586
vt 0.707408 0.243413
vn -0.246816 -0.969052 -0.004599
v 0.000000 -4.826599 -7.787490 0.89520 0.91260 0.88586
vt 0.700673 0.262696
vn -0.246816 -0.969052 -0.004599
f 2941/2941/2941 2942/2942/2942 2943/2943/2943
v -0.702501 -4.647854 -7.749414 0.91030 0.91260 0.89190
vt 0.698070 0.243656
vn -0.246580 -0.969122 0.000088
v 0.000000 -4.826599 -7.787490 0.91030 0.91260 0.89190
vt 0.700673 0.262696
vn -0.246580 -0.969122 0.000088
v 0.000000 -4.826560 -7.359078 0.91030 0.91260 0.89190
vt 0.692909 0.262870
vn -0.246580 -0.969122 0.000088
f 2944/2944/2944 2945/2945/2945 2946/2946/2946
v -0.663457 -0.771465 -15.322760 0.45434 0.52911 0.57484
vt 0.789154 0.950665
vn -0.000000 1.000000 0.000000
v -0.663457 -0.771465 -15.152156 0.45434 0.52911 0.57484
vt 0.789252 0.952471
vn -0.000000 1.000000 0.000000
v 0.000000 -0.771465 -15.329395 0.45434 0.52911 0.57484
vt 0.766391 0.951646
vn -0.000000 1.000000 0.000000
f 2947/2947/2947 2948/2948/2948 2949/2949/2949
v -0.663457 -0.771465 -15.322760 0.17352 0.26640 0.31817
vt 0.789154 0.950665
vn 0.000000 1.000000 0.000000
v 0.000000 -0.771465 -15.329395 0.17352 0.26640 0.31817
vt 0.766391 0.951646
vn 0.000000 1.000000 0.000000
v 0.000000 -0.771465 -15.500000 0.17352 0.26640 0.31817
vt 0.766372 0.949789
vn 0.000000 1.000000 0.000000
f 2950/2950/2950 2951/2951/2951 2952/2952/2952
v -0.668632 -4.667188 -14.106390 0.91030 0.91260 0.89190
vt 0.811427 0.243128
vn -0.221997 -0.975031 -0.005579
v 0.000000 -4.819120 -14.159478 0.91030 0.91260 0.89190
vt 0.813644 0.260827
vn -0.221997 -0.975031 -0.005579
v 0.000000 -4.828658 -12.492671 0.91030 0.91260 0.89190
vt 0.784099 0.261423
vn -0.221997 -0.975031 -0.005579
f 2953/2953/2953 2954/2954/2954 2955/2955/2955
v -0.668632 -4.667188 -14.106390 0.91030 0.91260 0.89190
vt 0.811427 0.243128
vn -0.241946 -0.970284 0.003161
v 0.000000 -4.828658 -12.492671 0.91030 0.91260 0.89190
vt 0.784099 0.261423
vn -0.241946 -0.970284 0.003161
v -0.686285 -4.656944 -12.313346 0.91030 0.91260 0.89190
vt 0.779574 0.242894
vn -0.241946 -0.970284 0.003161
f 2956/2956/2956 2957/2957/2957 2958/2958/2958
v -0.733565 -1.676240 -15.289050 0.91030 0.91260 0.89190
vt 0.910211 0.069562
vn -0.149095 -0.106108 -0.983113
v 0.000000 -1.676240 -15.400299 0.91030 0.91260 0.89190
vt 0.951167 0.068410
vn -0.149095 -0.106108 -0.983113
v 0.000000 -2.235585 -15.339928 0.91030 0.91260 0.89190
vt 0.955500 0.097559
vn -0.149095 -0.106108 -0.983113
f 2959/2959/2959 2960/2960/2960 2961/2961/2961
v -0.733565 -1.676240 -15.289050 0.91030 0.91260 0.88586
vt 0.910211 0.069562
vn -0.123387 -0.071789 -0.989759
v 0.000000 -2.235585 -15.339928 0.91030 0.91260 0.88586
vt 0.955500 0.097559
vn -0.123387 -0.071789 -0.989759
v -0.747276 -2.217619 -15.248073 0.91030 0.91260 0.88586
vt 0.913612 0.097783
vn -0.123387 -0.071789 -0.989759
f 2962/2962/2962 2963/2963/2963 2964/2964/2964
v -0.632267 -3.220555 13.759337 0.57512 0.57742 0.55672
vt 0.180720 0.155108
vn -0.185858 -0.568042 0.801739
v 0.000000 -3.338409 13.822408 0.57512 0.57742 0.55672
vt 0.144685 0.160504
vn -0.185858 -0.568042 0.801739
v 0.000000 -2.118588 14.686665 0.57512 0.57742 0.55672
vt 0.154445 0.096778
vn -0.185858 -0.568042 0.801739
f 2965/2965/2965 2966/2966/2966 2967/2967/2967
v -0.632267 -3.220555 13.759337 0.91030 0.91260 0.89190
vt 0.180720 0.155108
vn -0.151754 -0.583996 0.797446
v 0.000000 -2.118588 14.686665 0.91030 0.91260 0.89190
vt 0.154445 0.096778
vn -0.151754 -0.583996 0.797446
v -0.655486 -2.082261 14.588530 0.91030 0.91260 0.89190
vt 0.191488 0.095596
vn -0.151754 -0.583996 0.797446
f 2968/2968/2968 2969/2969/2969 2970/2970/2970
v -0.747276 -2.217619 -15.248073 0.91030 0.91260 0.89190
vt 0.913612 0.097783
vn -0.244459 -0.133448 -0.960433
v -0.712773 -3.477385 -15.081816 0.91030 0.91260 0.89190
vt 0.925177 0.163376
vn -0.244459 -0.133448 -0.960433
v -1.087813 -3.379925 -14.999899 0.91030 0.91260 0.89190
vt 0.903183 0.158941
vn -0.244459 -0.133448 -0.960433
f 2971/2971/2971 2972/2972/2972 2973/2973/2973
v -0.747276 -2.217619 -15.248073 0.91030 0.91260 0.89190
vt 0.913612 0.097783
vn -0.293533 -0.116589 -0.948813
v -1.087813 -3.379925 -14.999899 0.91030 0.91260 0.89190
vt 0.903183 0.158941
vn -0.293533 -0.116589 -0.948813
v -1.148646 -2.208369 -15.125038 0.91030 0.91260 0.89190
vt 0.891013 0.097989
vn -0.293533 -0.116589 -0.948813
f 2974/2974/2974 2975/2975/2975 2976/2976/2976
v -2.887266 -1.706397 -11.911049 0.23391 0.30868 0.35139
vt 0.753074 0.076234
vn -1.000000 -0.000001 -0.000000
v -2.887267 -1.073101 -12.457706 0.23391 0.30868 0.35139
vt 0.754764 0.042887
vn -1.000000 -0.000001 -0.000000
v -2.887267 -1.073101 -12.577980 0.23391 0.30868 0.35139
vt 0.756073 0.042842
vn -1.000000 -0.000001 -0.000000
f 2977/2977/2977 2978/2978/2978 2979/2979/2979
v -2.887266 -1.706397 -11.911049 0.91030 0.91260 0.89190
vt 0.753074 0.076234
vn -1.000000 -0.000001 -0.000000
v -2.887267 -1.073101 -12.577980 0.91030 0.91260 0.89190
vt 0.756073 0.042842
vn -1.000000 -0.000001 -0.000000
v -2.887266 -1.706397 -12.909270 0.91030 0.91260 0.89190
vt 0.770354 0.075534
vn -1.000000 -0.000001 -0.000000
f 2980/2980/2980 2981/2981/2981 2982/2982/2982
v -2.887266 -1.706397 -12.909270 0.20673 0.26640 0.32421
vt 0.770354 0.075534
vn -1.000000 -0.000001 0.000000
v -2.887267 -1.073101 -12.577980 0.20673 0.26640 0.32421
vt 0.756073 0.042842
vn -1.000000 -0.000001 0.000000
v -2.887267 -1.073101 -14.078501 0.20673 0.26640 0.32421
vt 0.781681 0.041714
vn -1.000000 -0.000001 0.000000
f 2983/2983/2983 2984/2984/2984 2985/2985/2985
v -2.887266 -1.706397 -12.909270 0.91030 0.91260 0.89190
vt 0.770354 0.075534
vn -0.998692 -0.044958 -0.024350
v -2.887267 -1.073101 -14.078501 0.91030 0.91260 0.89190
vt 0.781681 0.041714
vn -0.998692 -0.044958 -0.024350
v -2.867323 -1.688347 -13.760534 0.91030 0.91260 0.89190
vt 0.784734 0.073955
vn -0.998692 -0.044958 -0.024350
f 2986/2986/2986 2987/2987/2987 2988/2988/2988
v -2.867323 -1.688347 -13.760534 0.15238 0.24225 0.31515
vt 0.784734 0.073955
vn -0.992135 -0.081335 -0.095148
v -2.887267 -1.073101 -14.078501 0.15238 0.24225 0.31515
vt 0.781681 0.041714
vn -0.992135 -0.081335 -0.095148
v -2.854638 -1.073101 -14.418727 0.15238 0.24225 0.31515
vt 0.787061 0.041579
vn -0.992135 -0.081335 -0.095148
f 2989/2989/2989 2990/2990/2990 2991/2991/2991
v -2.867323 -1.688347 -13.760534 0.91030 0.91260 0.89190
vt 0.784734 0.073955
vn -0.971870 -0.162421 -0.170553
v -2.854638 -1.073101 -14.418727 0.91030 0.91260 0.89190
vt 0.787061 0.041579
vn -0.971870 -0.162421 -0.170553
v -2.760524 -1.670452 -14.386154 0.91030 0.91260 0.89190
vt 0.796616 0.072534
vn -0.971870 -0.162421 -0.170553
f 2992/2992/2992 2993/2993/2993 2994/2994/2994
v -2.373631 -1.673286 -14.705818 0.34563 0.31774 0.32119
vt 0.818579 0.072107
vn -0.315206 -0.148122 -0.937393
v -2.712966 -1.073101 -14.686552 0.34563 0.31774 0.32119
vt 0.795442 0.041358
vn -0.315206 -0.148122 -0.937393
v -1.671152 -1.073101 -15.036871 0.34563 0.31774 0.32119
vt 0.853376 0.039686
vn -0.315206 -0.148122 -0.937393
f 2995/2995/2995 2996/2996/2996 2997/2997/2997
v -2.373631 -1.673286 -14.705818 0.91030 0.91260 0.88586
vt 0.818579 0.072107
vn -0.376174 -0.069348 -0.923950
v -1.671152 -1.073101 -15.036871 0.91030 0.91260 0.88586
vt 0.853376 0.039686
vn -0.376174 -0.069348 -0.923950
v -1.604499 -1.676103 -15.018749 0.91030 0.91260 0.88586
vt 0.861643 0.071035
vn -0.376174 -0.069348 -0.923950
f 2998/2998/2998 2999/2999/2999 3000/3000/3000
v -2.869008 -1.815250 6.557833 0.91030 0.91260 0.89190
vt 0.429387 0.088010
vn -0.996884 -0.078887 0.000080
v -2.885997 -1.596572 10.504176 0.91030 0.91260 0.89190
vt 0.358544 0.077598
vn -0.996884 -0.078887 0.000080
v -2.887266 -1.596926 -5.715957 0.91030 0.91260 0.89190
vt 0.645573 0.073410
vn -0.996884 -0.078887 0.000080
f 3001/3001/3001 3002/3002/3002 3003/3003/3003
v -2.869008 -1.815250 6.557833 0.91030 0.91260 0.89190
vt 0.429387 0.088010
vn -0.999998 -0.000971 0.001470
v -2.887266 -1.596926 -5.715957 0.91030 0.91260 0.89190
vt 0.645573 0.073410
vn -0.999998 -0.000971 0.001470
v -2.881211 -1.818040 -1.743519 0.91030 0.91260 0.89190
vt 0.576140 0.085977
vn -0.999998 -0.000971 0.001470
f 3004/3004/3004 3005/3005/3005 3006/3006/3006
v -2.887266 -1.771976 -6.041232 0.91030 0.91260 0.89190
vt 0.651476 0.082443
vn -0.999996 -0.002567 0.001381
v -2.881211 -1.818040 -1.743519 0.91030 0.91260 0.89190
vt 0.576140 0.085977
vn -0.999996 -0.002567 0.001381
v -2.887266 -1.596926 -5.715957 0.91030 0.91260 0.89190
vt 0.645573 0.073410
vn -0.999996 -0.002567 0.001381
f 3007/3007/3007 3008/3008/3008 3009/3009/3009
v -2.887266 -1.771976 -6.041232 0.91030 0.91260 0.89190
vt 0.651476 0.082443
vn -1.000000 -0.000001 0.000001
v -2.887266 -1.596926 -5.715957 0.91030 0.91260 0.89190
vt 0.645573 0.073410
vn -1.000000 -0.000001 0.000001
v -2.887267 -1.393307 -6.129865 0.91030 0.91260 0.89190
vt 0.651134 0.062725
vn -1.000000 -0.000001 0.000001
f 3010/3010/3010 3011/3011/3011 3012/3012/3012
v -2.887136 -1.706752 -6.343089 0.91030 0.91260 0.89190
vt 0.655916 0.079063
vn -1.000000 -0.000108 -0.000455
v -2.887266 -1.771976 -6.041232 0.91030 0.91260 0.89190
vt 0.651476 0.082443
vn -1.000000 -0.000108 -0.000455
v -2.887267 -1.393307 -6.129865 0.91030 0.91260 0.89190
vt 0.651134 0.062725
vn -1.000000 -0.000108 -0.000455
f 3013/3013/3013 3014/3014/3014 3015/3015/3015
v -2.887136 -1.706752 -6.343089 0.91030 0.91260 0.89190
vt 0.655916 0.079063
vn -1.000000 -0.000213 -0.000301
v -2.887267 -1.393307 -6.129865 0.91030 0.91260 0.89190
vt 0.651134 0.062725
vn -1.000000 -0.000213 -0.000301
v -2.887267 -1.073101 -6.357646 0.91030 0.91260 0.89190
vt 0.651803 0.046140
vn -1.000000 -0.000213 -0.000301
f 3016/3016/3016 3017/3017/3017 3018/3018/3018
v -2.862762 -1.758371 10.886460 0.91030 0.91260 0.89190
vt 0.353345 0.086066
vn -0.996482 -0.079346 0.026983
v -2.886231 -1.421088 11.011558 0.91030 0.91260 0.89190
vt 0.349455 0.068521
vn -0.996482 -0.079346 0.026983
v -2.885997 -1.596572 10.504176 0.91030 0.91260 0.89190
vt 0.358544 0.077598
vn -0.996482 -0.079346 0.026983
f 3019/3019/3019 3020/3020/3020 3021/3021/3021
v -2.862762 -1.758371 10.886460 0.91030 0.91260 0.89190
vt 0.353345 0.086066
vn -0.990877 -0.134732 0.003200
v -2.885997 -1.596572 10.504176 0.91030 0.91260 0.89190
vt 0.358544 0.077598
vn -0.990877 -0.134732 0.003200
v -2.869008 -1.815250 6.557833 0.91030 0.91260 0.89190
vt 0.429387 0.088010
vn -0.990877 -0.134732 0.003200
f 3022/3022/3022 3023/3023/3023 3024/3024/3024
v -2.862651 -1.673836 11.161770 0.91030 0.91260 0.89190
vt 0.348867 0.081714
vn -0.996375 -0.053790 0.065902
v -2.885155 -0.903881 11.449976 0.91030 0.91260 0.89190
vt 0.339724 0.041619
vn -0.996375 -0.053790 0.065902
v -2.886231 -1.421088 11.011558 0.91030 0.91260 0.89190
vt 0.349455 0.068521
vn -0.996375 -0.053790 0.065902
f 3025/3025/3025 3026/3026/3026 3027/3027/3027
v -2.862651 -1.673836 11.161770 0.91030 0.91260 0.89190
vt 0.348867 0.081714
vn -0.996619 -0.078428 0.024483
v -2.886231 -1.421088 11.011558 0.91030 0.91260 0.89190
vt 0.349455 0.068521
vn -0.996619 -0.078428 0.024483
v -2.862762 -1.758371 10.886460 0.91030 0.91260 0.89190
vt 0.353345 0.086066
vn -0.996619 -0.078428 0.024483
f 3028/3028/3028 3029/3029/3029 3030/3030/3030
v -0.733565 -1.676240 -15.289050 0.89520 0.91260 0.89190
vt 0.910211 0.069562
vn -0.296168 -0.040790 -0.954264
v -1.181991 -1.676169 -15.149878 0.89520 0.91260 0.89190
vt 0.885164 0.070312
vn -0.296168 -0.040790 -0.954264
v -1.182298 -1.073101 -15.175561 0.89520 0.91260 0.89190
vt 0.880450 0.038873
vn -0.296168 -0.040790 -0.954264
f 3031/3031/3031 3032/3032/3032 3033/3033/3033
v -0.733565 -1.676240 -15.289050 0.44226 0.31774 0.27892
vt 0.910211 0.069562
vn -0.272864 -0.022033 -0.961800
v -1.182298 -1.073101 -15.175561 0.44226 0.31774 0.27892
vt 0.880450 0.038873
vn -0.272864 -0.022033 -0.961800
v -0.663457 -1.073101 -15.322756 0.44226 0.31774 0.27892
vt 0.909337 0.038017
vn -0.272864 -0.022033 -0.961800
f 3034/3034/3034 3035/3035/3035 3036/3036/3036
v -2.079400 -3.013314 11.184675 0.61136 0.61366 0.59296
vt 0.279378 0.149293
vn -0.793497 -0.591581 0.142813
v -1.678352 -3.533680 11.257443 0.61136 0.61366 0.59296
vt 0.251869 0.175685
vn -0.793497 -0.591581 0.142813
v -1.645175 -3.464858 11.726865 0.61136 0.61366 0.59296
vt 0.246169 0.171211
vn -0.793497 -0.591581 0.142813
f 3037/3037/3037 3038/3038/3038 3039/3039/3039
v -2.079400 -3.013314 11.184675 0.91030 0.91260 0.89190
vt 0.279378 0.149293
vn -0.799327 -0.579987 0.157138
v -1.645175 -3.464858 11.726865 0.91030 0.91260 0.89190
vt 0.246169 0.171211
vn -0.799327 -0.579987 0.157138
v -2.024116 -2.956188 11.676747 0.91030 0.91260 0.89190
vt 0.272262 0.145423
vn -0.799327 -0.579987 0.157138
f 3040/3040/3040 3041/3041/3041 3042/3042/3042
v -2.079400 -3.013314 11.184675 0.90728 0.90958 0.88888
vt 0.279378 0.149293
vn -0.816405 -0.559099 0.144535
v -2.406134 -2.461679 11.472991 0.90728 0.90958 0.88888
vt 0.300313 0.120626
vn -0.816405 -0.559099 0.144535
v -2.460863 -2.509958 10.977097 0.90728 0.90958 0.88888
vt 0.307260 0.124141
vn -0.816405 -0.559099 0.144535
f 3043/3043/3043 3044/3044/3044 3045/3045/3045
v -2.079400 -3.013314 11.184675 0.14030 0.32076 0.31515
vt 0.279378 0.149293
vn -0.816949 -0.556091 0.152829
v -2.460863 -2.509958 10.977097 0.14030 0.32076 0.31515
vt 0.307260 0.124141
vn -0.816949 -0.556091 0.152829
v -2.095736 -3.025499 11.053012 0.14030 0.32076 0.31515
vt 0.281398 0.150178
vn -0.816949 -0.556091 0.152829
f 3046/3046/3046 3047/3047/3047 3048/3048/3048
v -2.654984 -1.786221 11.714654 0.91030 0.91260 0.89190
vt 0.331460 0.087232
vn -0.970121 -0.229188 0.079613
v -2.880242 -0.902722 11.513184 0.91030 0.91260 0.89190
vt 0.342932 0.040977
vn -0.970121 -0.229188 0.079613
v -2.885155 -0.903881 11.449976 0.91030 0.91260 0.89190
vt 0.339724 0.041619
vn -0.970121 -0.229188 0.079613
f 3049/3049/3049 3050/3050/3050 3051/3051/3051
v -2.654984 -1.786221 11.714654 0.91030 0.91260 0.89190
vt 0.331460 0.087232
vn -0.966758 -0.207286 0.149705
v -2.885155 -0.903881 11.449976 0.91030 0.91260 0.89190
vt 0.339724 0.041619
vn -0.966758 -0.207286 0.149705
v -2.696279 -1.879844 11.318347 0.91030 0.91260 0.89190
vt 0.339225 0.093038
vn -0.966758 -0.207286 0.149705
f 3052/3052/3052 3053/3053/3053 3054/3054/3054
v -2.654984 -1.786221 11.714654 0.91030 0.90958 0.89190
vt 0.331460 0.087232
vn -0.895901 -0.399551 0.194218
v -2.406134 -2.461679 11.472991 0.91030 0.90958 0.89190
vt 0.300313 0.120626
vn -0.895901 -0.399551 0.194218
v -2.336064 -2.418682 11.884670 0.91030 0.90958 0.89190
vt 0.293696 0.117779
vn -0.895901 -0.399551 0.194218
f 3055/3055/3055 3056/3056/3056 3057/3057/3057
v -2.654984 -1.786221 11.714654 0.91030 0.91260 0.88888
vt 0.331460 0.087232
vn -0.897839 -0.408671 0.163928
v -2.336064 -2.418682 11.884670 0.91030 0.91260 0.88888
vt 0.293696 0.117779
vn -0.897839 -0.408671 0.163928
v -2.584486 -1.743562 12.207121 0.91030 0.91260 0.88888
vt 0.320604 0.083788
vn -0.897839 -0.408671 0.163928
f 3058/3058/3058 3059/3059/3059 3060/3060/3060
v -1.224514 -4.034551 11.497720 0.59626 0.59856 0.57786
vt 0.219784 0.200635
vn -0.655783 -0.741547 0.141622
v -0.950893 -4.265961 11.553038 0.59626 0.59856 0.57786
vt 0.202465 0.212320
vn -0.655783 -0.741547 0.141622
v -0.951110 -4.192836 11.934922 0.59626 0.59856 0.57786
vt 0.199723 0.207711
vn -0.655783 -0.741547 0.141622
f 3061/3061/3061 3062/3062/3062 3063/3063/3063
v -1.224514 -4.034551 11.497720 0.59626 0.59856 0.57786
vt 0.219784 0.200635
vn -0.662765 -0.733904 0.148756
v -0.951110 -4.192836 11.934922 0.59626 0.59856 0.57786
vt 0.199723 0.207711
vn -0.662765 -0.733904 0.148756
v -1.217328 -3.962953 11.882975 0.59626 0.59856 0.57786
vt 0.216440 0.196155
vn -0.662765 -0.733904 0.148756
f 3064/3064/3064 3065/3065/3065 3066/3066/3066
v -0.663260 -0.335379 -6.358298 0.73818 0.16374 0.14606
vt 0.772389 0.771205
vn 0.000000 0.000884 1.000000
v -1.253663 -0.335327 -6.358298 0.73818 0.16374 0.14606
vt 0.751366 0.771018
vn 0.000000 0.000884 1.000000
v -1.253861 -1.072947 -6.357646 0.73818 0.16374 0.14606
vt 0.751902 0.713241
vn 0.000000 0.000884 1.000000
f 3067/3067/3067 3068/3068/3068 3069/3069/3069
v -0.663260 -0.335379 -6.358298 0.74120 0.18487 0.17927
vt 0.772389 0.771205
vn 0.000000 0.000884 1.000000
v -1.253861 -1.072947 -6.357646 0.74120 0.18487 0.17927
vt 0.751902 0.713241
vn 0.000000 0.000884 1.000000
v -0.663457 -1.072999 -6.357646 0.74120 0.18487 0.17927
vt 0.772908 0.713428
vn 0.000000 0.000884 1.000000
f 3070/3070/3070 3071/3071/3071 3072/3072/3072
v -1.809944 -0.335278 -6.358298 0.17955 0.26338 0.31817
vt 0.498631 0.574181
vn -1.000000 0.000268 -0.000000
v -1.809944 -0.335284 -6.514742 0.17955 0.26338 0.31817
vt 0.496513 0.574202
vn -1.000000 0.000268 -0.000000
v -1.810142 -1.072904 -6.514090 0.17955 0.26338 0.31817
vt 0.494650 0.505194
vn -1.000000 0.000268 -0.000000
f 3073/3073/3073 3074/3074/3074 3075/3075/3075
v -1.809944 -0.335278 -6.358298 0.51171 0.29358 0.27288
vt 0.498631 0.574181
vn -1.000000 0.000268 -0.000000
v -1.810142 -1.072904 -6.514090 0.51171 0.29358 0.27288
vt 0.494650 0.505194
vn -1.000000 0.000268 -0.000000
v -1.810142 -1.072898 -6.357646 0.51171 0.29358 0.27288
vt 0.496754 0.505155
vn -1.000000 0.000268 -0.000000
f 3076/3076/3076 3077/3077/3077 3078/3078/3078
v -1.809944 -0.335481 -12.578632 0.73818 0.20299 0.19135
vt 0.581928 0.769178
vn 0.000000 -0.000884 -1.000000
v -1.253663 -0.335481 -12.578632 0.73818 0.20299 0.19135
vt 0.562080 0.768926
vn 0.000000 -0.000884 -1.000000
v -1.253861 -1.073101 -12.577980 0.73818 0.20299 0.19135
vt 0.562810 0.711152
vn 0.000000 -0.000884 -1.000000
f 3079/3079/3079 3080/3080/3080 3081/3081/3081
v -1.809944 -0.335481 -12.578632 0.74422 0.17884 0.17021
vt 0.581928 0.769178
vn 0.000000 -0.000884 -1.000000
v -1.253861 -1.073101 -12.577980 0.74422 0.17884 0.17021
vt 0.562810 0.711152
vn 0.000000 -0.000884 -1.000000
v -1.810142 -1.073101 -12.577980 0.74422 0.17884 0.17021
vt 0.582602 0.711394
vn 0.000000 -0.000884 -1.000000
f 3082/3082/3082 3083/3083/3083 3084/3084/3084
v -0.663260 -0.335481 -12.578632 0.75630 0.15166 0.14606
vt 0.541024 0.768649
vn 0.000004 -0.000882 -1.000000
v 0.000000 -0.335481 -12.578630 0.75630 0.15166 0.14606
vt 0.517380 0.768316
vn 0.000004 -0.000882 -1.000000
v 0.000000 -1.073101 -12.577979 0.75630 0.15166 0.14606
vt 0.518201 0.710538
vn 0.000004 -0.000882 -1.000000
f 3085/3085/3085 3086/3086/3086 3087/3087/3087
v -0.663260 -0.335481 -12.578632 0.75630 0.17582 0.15814
vt 0.541024 0.768649
vn 0.000002 -0.000884 -1.000000
v 0.000000 -1.073101 -12.577979 0.75630 0.17582 0.15814
vt 0.518201 0.710538
vn 0.000002 -0.000884 -1.000000
v -0.663457 -1.073101 -12.577980 0.75630 0.17582 0.15814
vt 0.541805 0.710873
vn 0.000002 -0.000884 -1.000000
f 3088/3088/3088 3089/3089/3089 3090/3090/3090
v -2.446424 -3.218817 -10.386528 0.91030 0.91260 0.89190
vt 0.739346 0.156984
vn -0.891044 -0.453829 0.008971
v -2.747246 -2.626035 -10.277684 0.91030 0.91260 0.89190
vt 0.734545 0.125278
vn -0.891044 -0.453829 0.008971
v -2.755717 -2.623299 -10.980674 0.91030 0.91260 0.89190
vt 0.747625 0.124722
vn -0.891044 -0.453829 0.008971
f 3091/3091/3091 3092/3092/3092 3093/3093/3093
v -2.446424 -3.218817 -10.386528 0.91030 0.91260 0.89190
vt 0.739346 0.156984
vn -0.895057 -0.445530 0.019378
v -2.755717 -2.623299 -10.980674 0.91030 0.91260 0.89190
vt 0.747625 0.124722
vn -0.895057 -0.445530 0.019378
v -2.466009 -3.218068 -11.273887 0.91030 0.91260 0.89190
vt 0.755455 0.156440
vn -0.895057 -0.445530 0.019378
f 3094/3094/3094 3095/3095/3095 3096/3096/3096
v -1.948452 -3.760852 -10.487893 0.91030 0.91260 0.89190
vt 0.743096 0.187655
vn -0.738533 -0.674217 0.000234
v -1.948764 -3.760454 -10.325551 0.91030 0.91260 0.89190
vt 0.740024 0.187750
vn -0.738533 -0.674217 0.000234
v -2.442684 -3.219380 -10.219594 0.91030 0.91260 0.89190
vt 0.736017 0.157187
vn -0.738533 -0.674217 0.000234
f 3097/3097/3097 3098/3098/3098 3099/3099/3099
v -1.948452 -3.760852 -10.487893 0.91030 0.91260 0.89190
vt 0.743096 0.187655
vn -0.735008 -0.677910 0.014180
v -2.442684 -3.219380 -10.219594 0.91030 0.91260 0.89190
vt 0.736017 0.157187
vn -0.735008 -0.677910 0.014180
v -2.446424 -3.218817 -10.386528 0.91030 0.91260 0.89190
vt 0.739346 0.156984
vn -0.735008 -0.677910 0.014180
f 3100/3100/3100 3101/3101/3101 3102/3102/3102
v -2.743449 -1.073101 -10.150807 0.46944 0.31472 0.29100
vt 0.579284 0.506629
vn -0.000128 1.000000 0.000000
v -2.743449 -1.073101 -8.885232 0.46944 0.31472 0.29100
vt 0.591725 0.507637
vn -0.000128 1.000000 0.000000
v -1.810142 -1.072981 -8.885232 0.46944 0.31472 0.29100
vt 0.589585 0.536997
vn -0.000128 1.000000 0.000000
f 3103/3103/3103 3104/3104/3104 3105/3105/3105
v -2.743449 -1.073101 -10.150807 0.51171 0.29056 0.29100
vt 0.579284 0.506629
vn -0.000085 1.000000 -0.000032
v -1.810142 -1.072981 -8.885232 0.51171 0.29056 0.29100
vt 0.589585 0.536997
vn -0.000085 1.000000 -0.000032
v -1.810142 -1.073022 -10.150807 0.51171 0.29056 0.29100
vt 0.577106 0.535987
vn -0.000085 1.000000 -0.000032
f 3106/3106/3106 3107/3107/3107 3108/3108/3108
v -2.887266 -1.706397 -10.685567 0.91030 0.91260 0.89190
vt 0.731720 0.077026
vn -0.996704 -0.081122 -0.000000
v -2.887266 -1.706397 -11.911049 0.91030 0.91260 0.89190
vt 0.753074 0.076234
vn -0.996704 -0.081122 -0.000000
v -2.857529 -2.071768 -11.089316 0.91030 0.91260 0.89190
vt 0.743321 0.095885
vn -0.996704 -0.081122 -0.000000
f 3109/3109/3109 3110/3110/3110 3111/3111/3111
v -2.887266 -1.706397 -10.685567 0.91030 0.91260 0.89190
vt 0.731720 0.077026
vn -0.996604 -0.082340 0.001110
v -2.857529 -2.071768 -11.089316 0.91030 0.91260 0.89190
vt 0.743321 0.095885
vn -0.996604 -0.082340 0.001110
v -2.855873 -2.078952 -10.136011 0.91030 0.91260 0.89190
vt 0.726320 0.096803
vn -0.996604 -0.082340 0.001110
f 3112/3112/3112 3113/3113/3113 3114/3114/3114
v -1.253034 1.692546 -10.153262 0.67175 0.15770 0.13700
vt 0.134013 0.827741
vn 0.000036 1.000000 -0.000024
v -1.253034 1.692550 -9.985402 0.67175 0.15770 0.13700
vt 0.133915 0.829520
vn 0.000036 1.000000 -0.000024
v -0.662630 1.692528 -9.985402 0.67175 0.15770 0.13700
vt 0.114198 0.828420
vn 0.000036 1.000000 -0.000024
f 3115/3115/3115 3116/3116/3116 3117/3117/3117
v -1.253034 1.692546 -10.153262 0.91030 0.91260 0.89190
vt 0.134013 0.827741
vn 0.000034 1.000000 -0.000016
v -0.662630 1.692528 -9.985402 0.91030 0.91260 0.89190
vt 0.114198 0.828420
vn 0.000034 1.000000 -0.000016
v -0.662630 1.692526 -10.153262 0.91030 0.91260 0.89190
vt 0.114298 0.826641
vn 0.000034 1.000000 -0.000016
f 3118/3118/3118 3119/3119/3119 3120/3120/3120
v -0.693624 -4.648245 -10.641520 0.90426 0.91260 0.89190
vt 0.749809 0.242898
vn -0.521585 -0.853200 -0.000261
v -1.033168 -4.440677 -10.623869 0.90426 0.91260 0.89190
vt 0.748399 0.229382
vn -0.521585 -0.853200 -0.000261
v -1.030251 -4.442157 -11.617082 0.90426 0.91260 0.89190
vt 0.766068 0.229212
vn -0.521585 -0.853200 -0.000261
f 3121/3121/3121 3122/3122/3122 3123/3123/3123
v -0.693624 -4.648245 -10.641520 0.91030 0.91260 0.89190
vt 0.749809 0.242898
vn -0.520462 -0.853884 -0.000793
v -1.030251 -4.442157 -11.617082 0.91030 0.91260 0.89190
vt 0.766068 0.229212
vn -0.520462 -0.853884 -0.000793
v -0.689877 -4.649489 -11.760548 0.91030 0.91260 0.89190
vt 0.769714 0.242711
vn -0.520462 -0.853884 -0.000793
f 3124/3124/3124 3125/3125/3125 3126/3126/3126
v -2.747246 -2.626035 -10.277684 0.40905 0.50495 0.50841
vt 0.734545 0.125278
vn -0.976553 -0.215008 0.010717
v -2.739278 -2.634182 -9.715047 0.40905 0.50495 0.50841
vt 0.724065 0.126013
vn -0.976553 -0.215008 0.010717
v -2.854518 -2.093161 -9.361726 0.40905 0.50495 0.50841
vt 0.712613 0.097928
vn -0.976553 -0.215008 0.010717
f 3127/3127/3127 3128/3128/3128 3129/3129/3129
v -2.747246 -2.626035 -10.277684 0.90124 0.90958 0.89190
vt 0.734545 0.125278
vn -0.980942 -0.194294 -0.001848
v -2.854518 -2.093161 -9.361726 0.90124 0.90958 0.89190
vt 0.712613 0.097928
vn -0.980942 -0.194294 -0.001848
v -2.855873 -2.078952 -10.136011 0.90124 0.90958 0.89190
vt 0.726320 0.096803
vn -0.980942 -0.194294 -0.001848
f 3130/3130/3130 3131/3131/3131 3132/3132/3132
v -2.887266 -1.706397 -10.685567 0.91030 0.91260 0.89190
vt 0.731720 0.077026
vn -1.000000 -0.000001 -0.000000
v -2.887266 -1.706397 -9.750483 0.91030 0.91260 0.89190
vt 0.715473 0.077543
vn -1.000000 -0.000001 -0.000000
v -2.887267 -1.073101 -9.982947 0.91030 0.91260 0.89190
vt 0.712667 0.044439
vn -1.000000 -0.000001 -0.000000
f 3133/3133/3133 3134/3134/3134 3135/3135/3135
v -2.887266 -1.706397 -10.685567 0.18559 0.23923 0.24872
vt 0.731720 0.077026
vn -1.000000 -0.000001 0.000000
v -2.887267 -1.073101 -9.982947 0.18559 0.23923 0.24872
vt 0.712667 0.044439
vn -1.000000 -0.000001 0.000000
v -2.887267 -1.073101 -10.150807 0.18559 0.23923 0.24872
vt 0.714816 0.044445
vn -1.000000 -0.000001 0.000000
f 3136/3136/3136 3137/3137/3137 3138/3138/3138
v -1.809944 -0.335402 -10.151458 0.28524 0.29962 0.32421
vt 0.447495 0.575415
vn -1.000000 0.000268 -0.000000
v -1.809944 -0.335477 -12.458356 0.28524 0.29962 0.32421
vt 0.416386 0.576305
vn -1.000000 0.000268 -0.000000
v -1.810142 -1.073097 -12.457706 0.28524 0.29962 0.32421
vt 0.414459 0.507319
vn -1.000000 0.000268 -0.000000
f 3139/3139/3139 3140/3140/3140 3141/3141/3141
v -1.809944 -0.335402 -10.151458 0.51473 0.29962 0.27590
vt 0.447495 0.575415
vn -1.000000 0.000268 -0.000000
v -1.810142 -1.073097 -12.457706 0.51473 0.29962 0.27590
vt 0.414459 0.507319
vn -1.000000 0.000268 -0.000000
v -1.810142 -1.073022 -10.150807 0.51473 0.29962 0.27590
vt 0.445583 0.506449
vn -1.000000 0.000268 -0.000000
f 3142/3142/3142 3143/3143/3143 3144/3144/3144
v -0.662861 0.735299 -6.359431 0.25505 0.30868 0.34837
vt 0.771640 0.855074
vn 0.000000 0.001488 0.999999
v -1.253265 0.735351 -6.359431 0.25505 0.30868 0.34837
vt 0.750602 0.854885
vn 0.000000 0.001488 0.999999
v -1.253459 0.424869 -6.358969 0.25505 0.30868 0.34837
vt 0.750816 0.830566
vn 0.000000 0.001488 0.999999
f 3145/3145/3145 3146/3146/3146 3147/3147/3147
v -0.662861 0.735299 -6.359431 0.21881 0.27848 0.33327
vt 0.771640 0.855074
vn 0.000000 0.001488 0.999999
v -1.253459 0.424869 -6.358969 0.21881 0.27848 0.33327
vt 0.750816 0.830566
vn 0.000000 0.001488 0.999999
v -0.663056 0.424816 -6.358969 0.21881 0.27848 0.33327
vt 0.771851 0.830753
vn 0.000000 0.001488 0.999999
f 3148/3148/3148 3149/3149/3149 3150/3150/3150
v -2.916447 0.735474 -6.359431 0.17352 0.28754 0.34535
vt 0.691278 0.854334
vn -1.000000 0.000627 -0.000000
v -2.916447 0.735469 -6.515876 0.17352 0.28754 0.34535
vt 0.689448 0.854305
vn -1.000000 0.000627 -0.000000
v -2.916642 0.424987 -6.515414 0.17352 0.28754 0.34535
vt 0.689660 0.829992
vn -1.000000 0.000627 -0.000000
f 3151/3151/3151 3152/3152/3152 3153/3153/3153
v -2.916447 0.735474 -6.359431 0.15238 0.26338 0.33025
vt 0.691278 0.854334
vn -1.000000 0.000627 -0.000000
v -2.916642 0.424987 -6.515414 0.15238 0.26338 0.33025
vt 0.689660 0.829992
vn -1.000000 0.000627 -0.000000
v -2.916642 0.424991 -6.358969 0.15238 0.26338 0.33025
vt 0.691494 0.830014
vn -1.000000 0.000627 -0.000000
f 3154/3154/3154 3155/3155/3155 3156/3156/3156
v -1.809546 0.735276 -10.152592 0.51473 0.29660 0.28194
vt 0.462160 0.942454
vn -0.000000 -0.001485 -0.999999
v -1.253265 0.735257 -10.152592 0.51473 0.29660 0.28194
vt 0.479518 0.942401
vn -0.000000 -0.001485 -0.999999
v -1.253459 0.424775 -10.152131 0.51473 0.29660 0.28194
vt 0.479579 0.963731
vn -0.000000 -0.001485 -0.999999
f 3157/3157/3157 3158/3158/3158 3159/3159/3159
v -1.809546 0.735276 -10.152592 0.38489 0.27244 0.28496
vt 0.462160 0.942454
vn -0.000000 -0.001485 -0.999999
v -1.253459 0.424775 -10.152131 0.38489 0.27244 0.28496
vt 0.479579 0.963731
vn -0.000000 -0.001485 -0.999999
v -1.809740 0.424794 -10.152131 0.38489 0.27244 0.28496
vt 0.462220 0.963784
vn -0.000000 -0.001485 -0.999999
f 3160/3160/3160 3161/3161/3161 3162/3162/3162
v -0.662861 0.735237 -10.152592 0.52077 0.29660 0.27590
vt 0.497942 0.942346
vn -0.000000 -0.001485 -0.999999
v 0.000000 0.735198 -10.152592 0.52077 0.29660 0.27590
vt 0.518626 0.942283
vn -0.000000 -0.001485 -0.999999
v 0.000000 0.424716 -10.152131 0.52077 0.29660 0.27590
vt 0.518692 0.963612
vn -0.000000 -0.001485 -0.999999
f 3163/3163/3163 3164/3164/3164 3165/3165/3165
v -0.662861 0.735237 -10.152592 0.39395 0.27848 0.29704
vt 0.497942 0.942346
vn -0.000000 -0.001485 -0.999999
v 0.000000 0.424716 -10.152131 0.39395 0.27848 0.29704
vt 0.518692 0.963612
vn -0.000000 -0.001485 -0.999999
v -0.663056 0.424754 -10.152131 0.39395 0.27848 0.29704
vt 0.498002 0.963675
vn -0.000000 -0.001485 -0.999999
f 3166/3166/3166 3167/3167/3167 3168/3168/3168
v -2.431722 -3.220097 -9.724688 0.91030 0.91260 0.89190
vt 0.726850 0.157511
vn -0.885369 -0.464847 0.006244
v -2.729921 -2.643335 -9.069641 0.91030 0.91260 0.89190
vt 0.712171 0.126812
vn -0.885369 -0.464847 0.006244
v -2.739278 -2.634182 -9.715047 0.91030 0.91260 0.89190
vt 0.724065 0.126013
vn -0.885369 -0.464847 0.006244
f 3169/3169/3169 3170/3170/3170 3171/3171/3171
v -2.431722 -3.220097 -9.724688 0.91030 0.91260 0.89190
vt 0.726850 0.157511
vn -0.885142 -0.464936 0.018932
v -2.739278 -2.634182 -9.715047 0.91030 0.91260 0.89190
vt 0.724065 0.126013
vn -0.885142 -0.464936 0.018932
v -2.442684 -3.219380 -10.219594 0.91030 0.91260 0.89190
vt 0.736017 0.157187
vn -0.885142 -0.464936 0.018932
f 3172/3172/3172 3173/3173/3173 3174/3174/3174
v -2.887136 -1.689756 -8.591204 0.91030 0.91260 0.89190
vt 0.695075 0.077258
vn -0.996543 -0.083070 0.001305
v -2.887266 -1.706397 -9.750483 0.91030 0.91260 0.89190
vt 0.715473 0.077543
vn -0.996543 -0.083070 0.001305
v -2.854518 -2.093161 -9.361726 0.91030 0.91260 0.89190
vt 0.712613 0.097928
vn -0.996543 -0.083070 0.001305
f 3175/3175/3175 3176/3176/3176 3177/3177/3177
v -2.887136 -1.689756 -8.591204 0.91030 0.91260 0.89190
vt 0.695075 0.077258
vn -0.996709 -0.081065 0.000248
v -2.854518 -2.093161 -9.361726 0.91030 0.91260 0.89190
vt 0.712613 0.097928
vn -0.996709 -0.081065 0.000248
v -2.852997 -2.109103 -8.459357 0.91030 0.91260 0.89190
vt 0.696692 0.099168
vn -0.996709 -0.081065 0.000248
f 3178/3178/3178 3179/3179/3179 3180/3180/3180
v -1.037376 -4.439029 -9.653662 0.91030 0.91260 0.89190
vt 0.731015 0.229570
vn -0.521337 -0.853350 -0.000602
v -1.034905 -4.440080 -10.302862 0.91030 0.91260 0.89190
vt 0.742629 0.229443
vn -0.521337 -0.853350 -0.000602
v -0.694903 -4.647832 -10.254113 0.91030 0.91260 0.89190
vt 0.742871 0.242982
vn -0.521337 -0.853350 -0.000602
f 3181/3181/3181 3182/3182/3182 3183/3183/3183
v -1.037376 -4.439029 -9.653662 0.91030 0.91260 0.89190
vt 0.731015 0.229570
vn -0.521595 -0.853193 -0.000804
v -0.694903 -4.647832 -10.254113 0.91030 0.91260 0.89190
vt 0.742871 0.242982
vn -0.521595 -0.853193 -0.000804
v -0.697400 -4.647012 -9.504380 0.91030 0.91260 0.89190
vt 0.729479 0.243144
vn -0.521595 -0.853193 -0.000804
f 3184/3184/3184 3185/3185/3185 3186/3186/3186
v -1.809944 -0.335361 -8.885885 0.27316 0.32378 0.34837
vt 0.464549 0.575005
vn -1.000000 0.000268 -0.000000
v -1.809944 -0.335402 -10.151458 0.27316 0.32378 0.34837
vt 0.447495 0.575415
vn -1.000000 0.000268 -0.000000
v -1.810142 -1.073022 -10.150807 0.27316 0.32378 0.34837
vt 0.445583 0.506449
vn -1.000000 0.000268 -0.000000
f 3187/3187/3187 3188/3188/3188 3189/3189/3189
v -1.809944 -0.335361 -8.885885 0.51775 0.29358 0.26684
vt 0.464549 0.575005
vn -1.000000 0.000268 -0.000000
v -1.810142 -1.073022 -10.150807 0.51775 0.29358 0.26684
vt 0.445583 0.506449
vn -1.000000 0.000268 -0.000000
v -1.810142 -1.072981 -8.885232 0.51775 0.29358 0.26684
vt 0.462673 0.506011
vn -1.000000 0.000268 -0.000000
f 3190/3190/3190 3191/3191/3191 3192/3192/3192
v -1.944936 -3.759736 -9.831722 0.91030 0.91260 0.89190
vt 0.731058 0.187934
vn -0.748193 -0.663429 0.008346
v -1.935410 -3.758592 -8.886781 0.91030 0.91260 0.89190
vt 0.714081 0.188257
vn -0.748193 -0.663429 0.008346
v -2.410937 -3.221011 -8.783634 0.91030 0.91260 0.89190
vt 0.709763 0.158026
vn -0.748193 -0.663429 0.008346
f 3193/3193/3193 3194/3194/3194 3195/3195/3195
v -1.944936 -3.759736 -9.831722 0.91030 0.91260 0.89190
vt 0.731058 0.187934
vn -0.740890 -0.671442 0.015712
v -2.410937 -3.221011 -8.783634 0.91030 0.91260 0.89190
vt 0.709763 0.158026
vn -0.740890 -0.671442 0.015712
v -2.431722 -3.220097 -9.724688 0.91030 0.91260 0.89190
vt 0.726850 0.157511
vn -0.740890 -0.671442 0.015712
f 3196/3196/3196 3197/3197/3197 3198/3198/3198
v -2.743449 -1.073101 -8.885232 0.47246 0.32680 0.33025
vt 0.591725 0.507637
vn -0.000211 1.000000 -0.000000
v -2.743449 -1.073101 -6.514090 0.47246 0.32680 0.33025
vt 0.615128 0.509354
vn -0.000211 1.000000 -0.000000
v -1.810142 -1.072904 -6.514090 0.47246 0.32680 0.33025
vt 0.613175 0.538727
vn -0.000211 1.000000 -0.000000
f 3199/3199/3199 3200/3200/3200 3201/3201/3201
v -2.743449 -1.073101 -8.885232 0.52681 0.28754 0.27892
vt 0.591725 0.507637
vn -0.000128 1.000000 -0.000033
v -1.810142 -1.072904 -6.514090 0.52681 0.28754 0.27892
vt 0.613175 0.538727
vn -0.000128 1.000000 -0.000033
v -1.810142 -1.072981 -8.885232 0.52681 0.28754 0.27892
vt 0.589585 0.536997
vn -0.000128 1.000000 -0.000033
f 3202/3202/3202 3203/3203/3203 3204/3204/3204
v -1.252613 2.488556 -8.863074 0.91030 0.91260 0.88586
vt 0.293699 0.775054
vn 0.000082 0.967169 -0.254135
v -1.252613 3.142736 -6.373439 0.91030 0.91260 0.88586
vt 0.293809 0.834366
vn 0.000082 0.967169 -0.254135
v -0.662209 3.142686 -6.373439 0.91030 0.91260 0.88586
vt 0.272127 0.834290
vn 0.000082 0.967169 -0.254135
f 3205/3205/3205 3206/3206/3206 3207/3207/3207
v -1.252613 2.488556 -8.863074 0.91030 0.90656 0.89190
vt 0.293699 0.775054
vn 0.000051 0.967171 -0.254128
v -0.662209 3.142686 -6.373439 0.91030 0.90656 0.89190
vt 0.272127 0.834290
vn 0.000051 0.967171 -0.254128
v -0.662209 2.488525 -8.863074 0.91030 0.90656 0.89190
vt 0.272149 0.774937
vn 0.000051 0.967171 -0.254128
f 3208/3208/3208 3209/3209/3209 3210/3210/3210
v -2.852997 -2.109103 -8.459357 0.91030 0.91260 0.89190
vt 0.696692 0.099168
vn -0.972460 -0.232939 0.007794
v -2.729921 -2.643335 -9.069641 0.91030 0.91260 0.89190
vt 0.712171 0.126812
vn -0.972460 -0.232939 0.007794
v -2.721331 -2.653097 -8.289726 0.91030 0.91260 0.89190
vt 0.697949 0.127656
vn -0.972460 -0.232939 0.007794
f 3211/3211/3211 3212/3212/3212 3213/3213/3213
v -2.852997 -2.109103 -8.459357 0.91030 0.91260 0.89190
vt 0.696692 0.099168
vn -0.971710 -0.236157 -0.003111
v -2.721331 -2.653097 -8.289726 0.91030 0.91260 0.89190
vt 0.697949 0.127656
vn -0.971710 -0.236157 -0.003111
v -2.852363 -2.125460 -7.415800 0.91030 0.91260 0.89190
vt 0.678309 0.100432
vn -0.971710 -0.236157 -0.003111
f 3214/3214/3214 3215/3215/3215 3216/3216/3216
v -2.887136 -1.689756 -8.591204 0.91030 0.91260 0.89190
vt 0.695075 0.077258
vn -1.000000 -0.000530 0.000094
v -2.887006 -1.673115 -7.116421 0.91030 0.91260 0.89190
vt 0.669099 0.077074
vn -1.000000 -0.000530 0.000094
v -2.887267 -1.073101 -6.514090 0.91030 0.91260 0.89190
vt 0.653258 0.046191
vn -1.000000 -0.000530 0.000094
f 3217/3217/3217 3218/3218/3218 3219/3219/3219
v -2.887136 -1.689756 -8.591204 0.54795 0.51401 0.47217
vt 0.695075 0.077258
vn -1.000000 -0.000212 -0.000000
v -2.887267 -1.073101 -6.514090 0.54795 0.51401 0.47217
vt 0.653258 0.046191
vn -1.000000 -0.000212 -0.000000
v -2.887267 -1.073101 -8.885232 0.54795 0.51401 0.47217
vt 0.694118 0.044973
vn -1.000000 -0.000212 -0.000000
f 3220/3220/3220 3221/3221/3221 3222/3222/3222
v -2.916447 0.735391 -8.887020 0.15540 0.26338 0.31817
vt 0.662604 0.854060
vn -1.000000 0.000627 -0.000000
v -2.916447 0.735355 -9.984732 0.15540 0.26338 0.31817
vt 0.650107 0.853951
vn -1.000000 0.000627 -0.000000
v -2.916642 0.424874 -9.984271 0.15540 0.26338 0.31817
vt 0.650318 0.829622
vn -1.000000 0.000627 -0.000000
f 3223/3223/3223 3224/3224/3224 3225/3225/3225
v -2.916447 0.735391 -8.887020 0.15540 0.26036 0.33025
vt 0.662604 0.854060
vn -1.000000 0.000627 -0.000000
v -2.916642 0.424874 -9.984271 0.15540 0.26036 0.33025
vt 0.650318 0.829622
vn -1.000000 0.000627 -0.000000
v -2.916642 0.424908 -8.886557 0.15540 0.26036 0.33025
vt 0.662815 0.829740
vn -1.000000 0.000627 -0.000000
f 3226/3226/3226 3227/3227/3227 3228/3228/3228
v -2.410937 -3.221011 -8.783634 0.91030 0.91260 0.89190
vt 0.709763 0.158026
vn -0.876158 -0.482011 0.003616
v -2.721331 -2.653097 -8.289726 0.91030 0.91260 0.89190
vt 0.697949 0.127656
vn -0.876158 -0.482011 0.003616
v -2.729921 -2.643335 -9.069641 0.91030 0.91260 0.89190
vt 0.712171 0.126812
vn -0.876158 -0.482011 0.003616
f 3229/3229/3229 3230/3230/3230 3231/3231/3231
v -2.410937 -3.221011 -8.783634 0.91030 0.91260 0.89190
vt 0.709763 0.158026
vn -0.879192 -0.476091 0.018957
v -2.729921 -2.643335 -9.069641 0.91030 0.91260 0.89190
vt 0.712171 0.126812
vn -0.879192 -0.476091 0.018957
v -2.431722 -3.220097 -9.724688 0.91030 0.91260 0.89190
vt 0.726850 0.157511
vn -0.879192 -0.476091 0.018957
f 3232/3232/3232 3233/3233/3233 3234/3234/3234
v -2.887006 -1.673115 -7.116421 0.91030 0.91260 0.89190
vt 0.669099 0.077074
vn -0.996727 -0.080830 0.001000
v -2.887136 -1.689756 -8.591204 0.91030 0.91260 0.89190
vt 0.695075 0.077258
vn -0.996727 -0.080830 0.001000
v -2.852997 -2.109103 -8.459357 0.91030 0.91260 0.89190
vt 0.696692 0.099168
vn -0.996727 -0.080830 0.001000
f 3235/3235/3235 3236/3236/3236 3237/3237/3237
v -2.887006 -1.673115 -7.116421 0.91030 0.91260 0.89190
vt 0.669099 0.077074
vn -0.997109 -0.075976 -0.000585
v -2.852997 -2.109103 -8.459357 0.91030 0.91260 0.89190
vt 0.696692 0.099168
vn -0.997109 -0.075976 -0.000585
v -2.852363 -2.125460 -7.415800 0.91030 0.91260 0.89190
vt 0.678309 0.100432
vn -0.997109 -0.075976 -0.000585
f 3238/3238/3238 3239/3239/3239 3240/3240/3240
v -1.040806 -4.437369 -8.562321 0.91030 0.91260 0.89190
vt 0.711553 0.229787
vn -0.521742 -0.853103 -0.000343
v -1.037376 -4.439029 -9.653662 0.91030 0.91260 0.89190
vt 0.731015 0.229570
vn -0.521742 -0.853103 -0.000343
v -0.697400 -4.647012 -9.504380 0.91030 0.91260 0.89190
vt 0.729479 0.243144
vn -0.521742 -0.853103 -0.000343
f 3241/3241/3241 3242/3242/3242 3243/3243/3243
v -1.040806 -4.437369 -8.562321 0.91030 0.91260 0.89190
vt 0.711553 0.229787
vn -0.522661 -0.852540 -0.000803
v -0.697400 -4.647012 -9.504380 0.91030 0.91260 0.89190
vt 0.729479 0.243144
vn -0.522661 -0.852540 -0.000803
v -0.701536 -4.645641 -8.267467 0.91030 0.91260 0.89190
vt 0.707408 0.243413
vn -0.522661 -0.852540 -0.000803
f 3244/3244/3244 3245/3245/3245 3246/3246/3246
v -1.809944 -0.335284 -6.514742 0.23089 0.30264 0.35441
vt 0.496513 0.574202
vn -1.000000 0.000268 -0.000000
v -1.809944 -0.335361 -8.885885 0.23089 0.30264 0.35441
vt 0.464549 0.575005
vn -1.000000 0.000268 -0.000000
v -1.810142 -1.072981 -8.885232 0.23089 0.30264 0.35441
vt 0.462673 0.506011
vn -1.000000 0.000268 -0.000000
f 3247/3247/3247 3248/3248/3248 3249/3249/3249
v -1.809944 -0.335284 -6.514742 0.52077 0.29660 0.27590
vt 0.496513 0.574202
vn -1.000000 0.000268 -0.000000
v -1.810142 -1.072981 -8.885232 0.52077 0.29660 0.27590
vt 0.462673 0.506011
vn -1.000000 0.000268 -0.000000
v -1.810142 -1.072904 -6.514090 0.52077 0.29660 0.27590
vt 0.494650 0.505194
vn -1.000000 0.000268 -0.000000
f 3250/3250/3250 3251/3251/3251 3252/3252/3252
v -2.916447 0.735469 -6.515876 0.17654 0.27546 0.33931
vt 0.689448 0.854305
vn -1.000000 0.000627 -0.000000
v -2.916447 0.735391 -8.887020 0.17654 0.27546 0.33931
vt 0.662604 0.854060
vn -1.000000 0.000627 -0.000000
v -2.916642 0.424908 -8.886557 0.17654 0.27546 0.33931
vt 0.662815 0.829740
vn -1.000000 0.000627 -0.000000
f 3253/3253/3253 3254/3254/3254 3255/3255/3255
v -2.916447 0.735469 -6.515876 0.15540 0.26338 0.32421
vt 0.689448 0.854305
vn -1.000000 0.000627 -0.000000
v -2.916642 0.424908 -8.886557 0.15540 0.26338 0.32421
vt 0.662815 0.829740
vn -1.000000 0.000627 -0.000000
v -2.916642 0.424987 -6.515414 0.15540 0.26338 0.32421
vt 0.689660 0.829992
vn -1.000000 0.000627 -0.000000
f 3256/3256/3256 3257/3257/3257 3258/3258/3258
v -1.935410 -3.758592 -8.886781 0.91030 0.91260 0.89190
vt 0.714081 0.188257
vn -0.749451 -0.662044 -0.004574
v -1.935474 -3.760813 -8.554890 0.91030 0.91260 0.89190
vt 0.707991 0.188478
vn -0.749451 -0.662044 -0.004574
v -2.411614 -3.222388 -8.471275 0.91030 0.91260 0.89190
vt 0.703851 0.158192
vn -0.749451 -0.662044 -0.004574
f 3259/3259/3259 3260/3260/3260 3261/3261/3261
v -1.935410 -3.758592 -8.886781 0.91030 0.91260 0.89190
vt 0.714081 0.188257
vn -0.749439 -0.662058 -0.004542
v -2.411614 -3.222388 -8.471275 0.91030 0.91260 0.89190
vt 0.703851 0.158192
vn -0.749439 -0.662058 -0.004542
v -2.410937 -3.221011 -8.783634 0.91030 0.91260 0.89190
vt 0.709763 0.158026
vn -0.749439 -0.662058 -0.004542
f 3262/3262/3262 3263/3263/3263 3264/3264/3264
v -2.743449 -1.073101 -6.514090 0.52077 0.29962 0.29704
vt 0.615128 0.509354
vn -0.000217 1.000000 0.000000
v -2.743449 -1.073101 -6.357646 0.52077 0.29962 0.29704
vt 0.616374 0.509439
vn -0.000217 1.000000 0.000000
v -1.810142 -1.072898 -6.357646 0.52077 0.29962 0.29704
vt 0.614691 0.538866
vn -0.000217 1.000000 0.000000
f 3265/3265/3265 3266/3266/3266 3267/3267/3267
v -2.743449 -1.073101 -6.514090 0.51171 0.29660 0.26684
vt 0.615128 0.509354
vn -0.000211 1.000000 -0.000034
v -1.810142 -1.072898 -6.357646 0.51171 0.29660 0.26684
vt 0.614691 0.538866
vn -0.000211 1.000000 -0.000034
v -1.810142 -1.072904 -6.514090 0.51171 0.29660 0.26684
vt 0.613175 0.538727
vn -0.000211 1.000000 -0.000034
f 3268/3268/3268 3269/3269/3269 3270/3270/3270
v -2.852363 -2.125460 -7.415800 0.91030 0.91260 0.89190
vt 0.678309 0.100432
vn -0.973452 -0.228756 -0.007841
v -2.721331 -2.653097 -8.289726 0.91030 0.91260 0.89190
vt 0.697949 0.127656
vn -0.973452 -0.228756 -0.007841
v -2.727914 -2.661752 -7.220070 0.91030 0.91260 0.89190
vt 0.678616 0.128419
vn -0.973452 -0.228756 -0.007841
f 3271/3271/3271 3272/3272/3272 3273/3273/3273
v -2.852363 -2.125460 -7.415800 0.91030 0.91260 0.89190
vt 0.678309 0.100432
vn -0.973502 -0.228564 -0.007285
v -2.727914 -2.661752 -7.220070 0.91030 0.91260 0.89190
vt 0.678616 0.128419
vn -0.973502 -0.228564 -0.007285
v -2.855003 -2.140353 -6.595739 0.91030 0.91260 0.89190
vt 0.663888 0.101429
vn -0.973502 -0.228564 -0.007285
f 3274/3274/3274 3275/3275/3275 3276/3276/3276
v -2.887267 -1.073101 -6.514090 0.91030 0.91260 0.89190
vt 0.653258 0.046191
vn -1.000000 -0.000255 -0.000180
v -2.887006 -1.673115 -7.116421 0.91030 0.91260 0.89190
vt 0.669099 0.077074
vn -1.000000 -0.000255 -0.000180
v -2.887136 -1.706752 -6.343089 0.91030 0.91260 0.89190
vt 0.655916 0.079063
vn -1.000000 -0.000255 -0.000180
f 3277/3277/3277 3278/3278/3278 3279/3279/3279
v -2.887267 -1.073101 -6.514090 0.90728 0.91260 0.89190
vt 0.653258 0.046191
vn -1.000000 -0.000206 0.000000
v -2.887136 -1.706752 -6.343089 0.90728 0.91260 0.89190
vt 0.655916 0.079063
vn -1.000000 -0.000206 0.000000
v -2.887267 -1.073101 -6.357646 0.90728 0.91260 0.89190
vt 0.651803 0.046140
vn -1.000000 -0.000206 0.000000
f 3280/3280/3280 3281/3281/3281 3282/3282/3282
v 0.000000 0.735200 -6.359431 0.16446 0.26640 0.32119
vt 0.795252 0.855276
vn 0.000000 0.000602 1.000000
v 0.000000 1.390853 -6.359826 0.16446 0.26640 0.32119
vt 0.794802 0.906635
vn 0.000000 0.000602 1.000000
v -0.662695 1.390951 -6.359826 0.16446 0.26640 0.32119
vt 0.771195 0.906435
vn 0.000000 0.000602 1.000000
f 3283/3283/3283 3284/3284/3284 3285/3285/3285
v 0.000000 0.735200 -6.359431 0.20371 0.26640 0.33025
vt 0.795252 0.855276
vn 0.000000 0.000602 1.000000
v -0.662695 1.390951 -6.359826 0.20371 0.26640 0.33025
vt 0.771195 0.906435
vn 0.000000 0.000602 1.000000
v -0.662861 0.735299 -6.359431 0.20371 0.26640 0.33025
vt 0.771640 0.855074
vn 0.000000 0.000602 1.000000
f 3286/3286/3286 3287/3287/3287 3288/3288/3288
v -1.253265 0.735351 -6.359431 0.18257 0.27546 0.33629
vt 0.750602 0.854885
vn 0.000000 0.000602 1.000000
v -1.253099 1.391003 -6.359826 0.18257 0.27546 0.33629
vt 0.750160 0.906245
vn 0.000000 0.000602 1.000000
v -1.809380 1.391052 -6.359826 0.18257 0.27546 0.33629
vt 0.730334 0.906065
vn 0.000000 0.000602 1.000000
f 3289/3289/3289 3290/3290/3290 3291/3291/3291
v -1.253265 0.735351 -6.359431 0.16144 0.26640 0.32723
vt 0.750602 0.854885
vn 0.000000 0.000602 1.000000
v -1.809380 1.391052 -6.359826 0.16144 0.26640 0.32723
vt 0.730334 0.906065
vn 0.000000 0.000602 1.000000
v -1.809546 0.735399 -6.359431 0.16144 0.26640 0.32723
vt 0.730770 0.854705
vn 0.000000 0.000602 1.000000
f 3292/3292/3292 3293/3293/3293 3294/3294/3294
v -2.916447 0.735474 -6.359431 0.16144 0.26640 0.33327
vt 0.691278 0.854334
vn -1.000000 0.000254 -0.000000
v -2.916281 1.391127 -6.359826 0.16144 0.26640 0.33327
vt 0.690884 0.905691
vn -1.000000 0.000254 -0.000000
v -2.916281 1.391122 -6.516271 0.16144 0.26640 0.33327
vt 0.689081 0.905663
vn -1.000000 0.000254 -0.000000
f 3295/3295/3295 3296/3296/3296 3297/3297/3297
v -2.916447 0.735474 -6.359431 0.15238 0.26338 0.33629
vt 0.691278 0.854334
vn -1.000000 0.000254 -0.000000
v -2.916281 1.391122 -6.516271 0.15238 0.26338 0.33629
vt 0.689081 0.905663
vn -1.000000 0.000254 -0.000000
v -2.916447 0.735469 -6.515876 0.15238 0.26338 0.33629
vt 0.689448 0.854305
vn -1.000000 0.000254 -0.000000
f 3298/3298/3298 3299/3299/3299 3300/3300/3300
v -1.253265 0.735257 -10.152592 0.14634 0.26640 0.33025
vt 0.479518 0.942401
vn -0.000000 -0.000600 -1.000000
v -1.253099 1.390910 -10.152986 0.14634 0.26640 0.33025
vt 0.479384 0.897360
vn -0.000000 -0.000600 -1.000000
v -0.662695 1.390890 -10.152986 0.14634 0.26640 0.33025
vt 0.497808 0.897304
vn -0.000000 -0.000600 -1.000000
f 3301/3301/3301 3302/3302/3302 3303/3303/3303
v -1.253265 0.735257 -10.152592 0.37281 0.30264 0.34837
vt 0.479518 0.942401
vn -0.000000 -0.000600 -1.000000
v -0.662695 1.390890 -10.152986 0.37281 0.30264 0.34837
vt 0.497808 0.897304
vn -0.000000 -0.000600 -1.000000
v -0.662861 0.735237 -10.152592 0.37281 0.30264 0.34837
vt 0.497942 0.942346
vn -0.000000 -0.000600 -1.000000
f 3304/3304/3304 3305/3305/3305 3306/3306/3306
v -2.916447 0.735355 -9.984732 0.18559 0.26942 0.33327
vt 0.650107 0.853951
vn -1.000000 0.000254 -0.000000
v -2.916281 1.391008 -9.985126 0.18559 0.26942 0.33327
vt 0.649840 0.905351
vn -1.000000 0.000254 -0.000000
v -2.916281 1.391003 -10.152986 0.18559 0.26942 0.33327
vt 0.647943 0.905324
vn -1.000000 0.000254 -0.000000
f 3307/3307/3307 3308/3308/3308 3309/3309/3309
v -2.916447 0.735355 -9.984732 0.16446 0.26338 0.33327
vt 0.650107 0.853951
vn -1.000000 0.000254 -0.000000
v -2.916281 1.391003 -10.152986 0.16446 0.26338 0.33327
vt 0.647943 0.905324
vn -1.000000 0.000254 -0.000000
v -2.916447 0.735349 -10.152592 0.16446 0.26338 0.33327
vt 0.648129 0.853929
vn -1.000000 0.000254 -0.000000
f 3310/3310/3310 3311/3311/3311 3312/3312/3312
v -2.916447 0.735469 -6.515876 0.15540 0.26942 0.32723
vt 0.689448 0.854305
vn -1.000000 0.000254 -0.000000
v -2.916281 1.391122 -6.516271 0.15540 0.26942 0.32723
vt 0.689081 0.905663
vn -1.000000 0.000254 -0.000000
v -2.916281 1.391044 -8.887413 0.15540 0.26942 0.32723
vt 0.662282 0.905451
vn -1.000000 0.000254 -0.000000
f 3313/3313/3313 3314/3314/3314 3315/3315/3315
v -2.916447 0.735469 -6.515876 0.16446 0.25433 0.32723
vt 0.689448 0.854305
vn -1.000000 0.000254 -0.000000
v -2.916281 1.391044 -8.887413 0.16446 0.25433 0.32723
vt 0.662282 0.905451
vn -1.000000 0.000254 -0.000000
v -2.916447 0.735391 -8.887020 0.16446 0.25433 0.32723
vt 0.662604 0.854060
vn -1.000000 0.000254 -0.000000
f 3316/3316/3316 3317/3317/3317 3318/3318/3318
v 0.000000 -0.335477 -6.358298 0.54191 0.20299 0.20645
vt 0.795999 0.771409
vn 0.000000 0.000884 1.000000
v 0.000000 0.424718 -6.358969 0.54191 0.20299 0.20645
vt 0.795467 0.830956
vn 0.000000 0.000884 1.000000
v -0.663056 0.424816 -6.358969 0.54191 0.20299 0.20645
vt 0.771851 0.830753
vn 0.000000 0.000884 1.000000
f 3319/3319/3319 3320/3320/3320 3321/3321/3321
v 0.000000 -0.335477 -6.358298 0.73818 0.18185 0.17625
vt 0.795999 0.771409
vn 0.000000 0.000884 1.000000
v -0.663056 0.424816 -6.358969 0.73818 0.18185 0.17625
vt 0.771851 0.830753
vn 0.000000 0.000884 1.000000
v -0.663260 -0.335379 -6.358298 0.73818 0.18185 0.17625
vt 0.772389 0.771205
vn 0.000000 0.000884 1.000000
f 3322/3322/3322 3323/3323/3323 3324/3324/3324
v -1.253663 -0.335327 -6.358298 0.60230 0.28150 0.25476
vt 0.751366 0.771018
vn 0.000000 0.000884 1.000000
v -1.253459 0.424869 -6.358969 0.60230 0.28150 0.25476
vt 0.750816 0.830566
vn 0.000000 0.000884 1.000000
v -1.809740 0.424918 -6.358969 0.60230 0.28150 0.25476
vt 0.730986 0.830387
vn 0.000000 0.000884 1.000000
f 3325/3325/3325 3326/3326/3326 3327/3327/3327
v -1.253663 -0.335327 -6.358298 0.75026 0.18185 0.16115
vt 0.751366 0.771018
vn 0.000000 0.000884 1.000000
v -1.809740 0.424918 -6.358969 0.75026 0.18185 0.16115
vt 0.730986 0.830387
vn 0.000000 0.000884 1.000000
v -1.809944 -0.335278 -6.358298 0.75026 0.18185 0.16115
vt 0.731553 0.770836
vn 0.000000 0.000884 1.000000
f 3328/3328/3328 3329/3329/3329 3330/3330/3330
v -2.916846 -0.335204 -6.358298 0.59626 0.25131 0.25174
vt 0.692085 0.770473
vn -1.000000 0.000268 -0.000000
v -2.916642 0.424991 -6.358969 0.59626 0.25131 0.25174
vt 0.691494 0.830014
vn -1.000000 0.000268 -0.000000
v -2.916642 0.424987 -6.515414 0.59626 0.25131 0.25174
vt 0.689660 0.829992
vn -1.000000 0.000268 -0.000000
f 3331/3331/3331 3332/3332/3332 3333/3333/3333
v -2.916846 -0.335204 -6.358298 0.70497 0.26942 0.23966
vt 0.692085 0.770473
vn -1.000000 0.000268 -0.000000
v -2.916642 0.424987 -6.515414 0.70497 0.26942 0.23966
vt 0.689660 0.829992
vn -1.000000 0.000268 -0.000000
v -2.916846 -0.335210 -6.514742 0.70497 0.26942 0.23966
vt 0.690278 0.770447
vn -1.000000 0.000268 -0.000000
f 3334/3334/3334 3335/3335/3335 3336/3336/3336
v -1.253663 -0.335481 -12.578632 0.32148 0.21507 0.26382
vt 0.562080 0.768926
vn 0.000000 -0.000885 -1.000000
v -1.253459 0.424715 -12.579305 0.32148 0.21507 0.26382
vt 0.561351 0.828465
vn 0.000000 -0.000885 -1.000000
v -0.663056 0.424715 -12.579305 0.32148 0.21507 0.26382
vt 0.540272 0.828203
vn 0.000000 -0.000885 -1.000000
f 3337/3337/3337 3338/3338/3338 3339/3339/3339
v -1.253663 -0.335481 -12.578632 0.74422 0.15468 0.13398
vt 0.562080 0.768926
vn 0.000000 -0.000885 -1.000000
v -0.663056 0.424715 -12.579305 0.74422 0.15468 0.13398
vt 0.540272 0.828203
vn 0.000000 -0.000885 -1.000000
v -0.663260 -0.335481 -12.578632 0.74422 0.15468 0.13398
vt 0.541024 0.768649
vn 0.000000 -0.000885 -1.000000
f 3340/3340/3340 3341/3341/3341 3342/3342/3342
v -2.916846 -0.335403 -12.458356 0.36073 0.21507 0.24570
vt 0.622865 0.769735
vn -1.000000 0.000268 -0.000000
v -2.916642 0.424793 -12.459030 0.36073 0.21507 0.24570
vt 0.622215 0.829287
vn -1.000000 0.000268 -0.000000
v -2.916642 0.424789 -12.579305 0.36073 0.21507 0.24570
vt 0.620766 0.829257
vn -1.000000 0.000268 -0.000000
f 3343/3343/3343 3344/3344/3344 3345/3345/3345
v -2.916846 -0.335403 -12.458356 0.72308 0.15468 0.13398
vt 0.622865 0.769735
vn -1.000000 0.000268 -0.000000
v -2.916642 0.424789 -12.579305 0.72308 0.15468 0.13398
vt 0.620766 0.829257
vn -1.000000 0.000268 -0.000000
v -2.916846 -0.335407 -12.578632 0.72308 0.15468 0.13398
vt 0.621457 0.769716
vn -1.000000 0.000268 -0.000000
f 3346/3346/3346 3347/3347/3347 3348/3348/3348
v -2.916846 -0.335323 -9.983599 0.43320 0.23923 0.27288
vt 0.650955 0.770043
vn -1.000000 0.000268 -0.000000
v -2.916642 0.424874 -9.984271 0.43320 0.23923 0.27288
vt 0.650318 0.829622
vn -1.000000 0.000268 -0.000000
v -2.916642 0.424868 -10.152131 0.43320 0.23923 0.27288
vt 0.648346 0.829589
vn -1.000000 0.000268 -0.000000
f 3349/3349/3349 3350/3350/3350 3351/3351/3351
v -2.916846 -0.335323 -9.983599 0.69591 0.26942 0.23363
vt 0.650955 0.770043
vn -1.000000 0.000268 -0.000000
v -2.916642 0.424868 -10.152131 0.69591 0.26942 0.23363
vt 0.648346 0.829589
vn -1.000000 0.000268 -0.000000
v -2.916846 -0.335328 -10.151458 0.69591 0.26942 0.23363
vt 0.649011 0.770035
vn -1.000000 0.000268 -0.000000
f 3352/3352/3352 3353/3353/3353 3354/3354/3354
v -2.916846 -0.335210 -6.514742 0.54493 0.24829 0.24570
vt 0.690278 0.770447
vn -1.000000 0.000268 -0.000000
v -2.916642 0.424987 -6.515414 0.54493 0.24829 0.24570
vt 0.689660 0.829992
vn -1.000000 0.000268 -0.000000
v -2.916642 0.424908 -8.886557 0.54493 0.24829 0.24570
vt 0.662815 0.829740
vn -1.000000 0.000268 -0.000000
f 3355/3355/3355 3356/3356/3356 3357/3357/3357
v -2.916846 -0.335210 -6.514742 0.74120 0.15468 0.14606
vt 0.690278 0.770447
vn -1.000000 0.000268 -0.000000
v -2.916642 0.424908 -8.886557 0.74120 0.15468 0.14606
vt 0.662815 0.829740
vn -1.000000 0.000268 -0.000000
v -2.916846 -0.335287 -8.885885 0.74120 0.15468 0.14606
vt 0.663424 0.770155
vn -1.000000 0.000268 -0.000000
f 3358/3358/3358 3359/3359/3359 3360/3360/3360
v -2.759162 0.726415 -12.579690 0.19163 0.28452 0.34233
vt 0.266984 0.631403
vn 0.000069 1.000000 -0.000033
v -2.759162 0.726420 -12.459416 0.19163 0.28452 0.34233
vt 0.266977 0.632474
vn 0.000069 1.000000 -0.000033
v -1.809691 0.726354 -12.459416 0.19163 0.28452 0.34233
vt 0.241028 0.606501
vn 0.000069 1.000000 -0.000033
f 3361/3361/3361 3362/3362/3362 3363/3363/3363
v -2.759162 0.726415 -12.579690 0.19163 0.25433 0.33629
vt 0.266984 0.631403
vn 0.000068 1.000000 -0.000028
v -1.809691 0.726354 -12.459416 0.19163 0.25433 0.33629
vt 0.241028 0.606501
vn 0.000068 1.000000 -0.000028
v -1.809691 0.726351 -12.579690 0.19163 0.25433 0.33629
vt 0.242031 0.605436
vn 0.000068 1.000000 -0.000028
f 3364/3364/3364 3365/3365/3365 3366/3366/3366
v -2.759211 0.424858 -10.152131 0.51473 0.29962 0.27590
vt 0.432593 0.963872
vn -0.000000 -0.001485 -0.999999
v -2.759018 0.735340 -10.152592 0.51473 0.29962 0.27590
vt 0.432532 0.942542
vn -0.000000 -0.001485 -0.999999
v -1.809546 0.735276 -10.152592 0.51473 0.29962 0.27590
vt 0.462160 0.942454
vn -0.000000 -0.001485 -0.999999
f 3367/3367/3367 3368/3368/3368 3369/3369/3369
v -2.759211 0.424858 -10.152131 0.43018 0.29358 0.28496
vt 0.432593 0.963872
vn -0.000000 -0.001485 -0.999999
v -1.809546 0.735276 -10.152592 0.43018 0.29358 0.28496
vt 0.462160 0.942454
vn -0.000000 -0.001485 -0.999999
v -1.809740 0.424794 -10.152131 0.43018 0.29358 0.28496
vt 0.462220 0.963784
vn -0.000000 -0.001485 -0.999999
f 3370/3370/3370 3371/3371/3371 3372/3372/3372
v -2.759018 0.735340 -10.152592 0.16446 0.26338 0.33327
vt 0.432532 0.942542
vn -0.000000 -0.000600 -1.000000
v -2.758852 1.390994 -10.152986 0.16446 0.26338 0.33327
vt 0.432399 0.897498
vn -0.000000 -0.000600 -1.000000
v -1.809380 1.390929 -10.152986 0.16446 0.26338 0.33327
vt 0.462026 0.897412
vn -0.000000 -0.000600 -1.000000
f 3373/3373/3373 3374/3374/3374 3375/3375/3375
v -2.759018 0.735340 -10.152592 0.35469 0.29660 0.34233
vt 0.432532 0.942542
vn -0.000000 -0.000600 -1.000000
v -1.809380 1.390929 -10.152986 0.35469 0.29660 0.34233
vt 0.462026 0.897412
vn -0.000000 -0.000600 -1.000000
v -1.809546 0.735276 -10.152592 0.35469 0.29660 0.34233
vt 0.462160 0.942454
vn -0.000000 -0.000600 -1.000000
f 3376/3376/3376 3377/3377/3377 3378/3378/3378
v -2.758852 1.390994 -10.152986 0.15540 0.26640 0.33327
vt 0.432399 0.897498
vn 0.000068 1.000000 -0.000032
v -2.758852 1.390999 -9.985126 0.15540 0.26640 0.33327
vt 0.432394 0.895835
vn 0.000068 1.000000 -0.000032
v -1.809380 1.390935 -9.985126 0.15540 0.26640 0.33327
vt 0.462021 0.895749
vn 0.000068 1.000000 -0.000032
f 3379/3379/3379 3380/3380/3380 3381/3381/3381
v -2.758852 1.390994 -10.152986 0.16748 0.27244 0.33931
vt 0.432399 0.897498
vn 0.000068 1.000000 -0.000032
v -1.809380 1.390935 -9.985126 0.16748 0.27244 0.33931
vt 0.462021 0.895749
vn 0.000068 1.000000 -0.000032
v -1.809380 1.390929 -10.152986 0.16748 0.27244 0.33931
vt 0.462026 0.897412
vn 0.000068 1.000000 -0.000032
f 3382/3382/3382 3383/3383/3383 3384/3384/3384
v -2.758852 1.391033 -8.887413 0.15238 0.26338 0.33025
vt 0.432362 0.884965
vn 0.000068 1.000000 -0.000033
v -2.758852 1.391111 -6.516271 0.15238 0.26338 0.33025
vt 0.432293 0.861485
vn 0.000068 1.000000 -0.000033
v -1.809380 1.391047 -6.516271 0.15238 0.26338 0.33025
vt 0.461920 0.861398
vn 0.000068 1.000000 -0.000033
f 3385/3385/3385 3386/3386/3386 3387/3387/3387
v -2.758852 1.391033 -8.887413 0.15540 0.26640 0.33327
vt 0.432362 0.884965
vn 0.000066 1.000000 -0.000032
v -1.809380 1.391047 -6.516271 0.15540 0.26640 0.33327
vt 0.461920 0.861398
vn 0.000066 1.000000 -0.000032
v -1.809380 1.390970 -8.887413 0.15540 0.26640 0.33327
vt 0.461989 0.884878
vn 0.000066 1.000000 -0.000032
f 3388/3388/3388 3389/3389/3389 3390/3390/3390
v -2.758753 1.692747 -6.516747 0.90728 0.91260 0.89190
vt 0.268877 0.745405
vn 0.000068 1.000000 -0.000034
v -2.758753 1.692752 -6.360303 0.90728 0.91260 0.89190
vt 0.268322 0.746603
vn 0.000068 1.000000 -0.000034
v -1.809281 1.692688 -6.360303 0.90728 0.91260 0.89190
vt 0.235078 0.760805
vn 0.000068 1.000000 -0.000034
f 3391/3391/3391 3392/3392/3392 3393/3393/3393
v -2.758753 1.692747 -6.516747 0.73818 0.19695 0.18229
vt 0.268877 0.745405
vn 0.001407 0.999966 -0.008159
v -1.809281 1.692688 -6.360303 0.73818 0.19695 0.18229
vt 0.235078 0.760805
vn 0.001407 0.999966 -0.008159
v -1.809137 1.691411 -6.516776 0.73818 0.19695 0.18229
vt 0.235072 0.759050
vn 0.001407 0.999966 -0.008159
f 3394/3394/3394 3395/3395/3395 3396/3396/3396
v -2.518748 1.165594 -6.397984 0.16446 0.26942 0.33629
vt 0.705243 0.888161
vn 0.000000 0.001169 0.999999
v -2.518849 0.960936 -6.397745 0.16446 0.26942 0.33629
vt 0.705379 0.872150
vn 0.000000 0.001169 0.999999
v -2.049649 0.960920 -6.397745 0.16446 0.26942 0.33629
vt 0.722055 0.872301
vn 0.000000 0.001169 0.999999
f 3397/3397/3397 3398/3398/3398 3399/3399/3399
v -2.518748 1.165594 -6.397984 0.15540 0.26036 0.33025
vt 0.705243 0.888161
vn 0.000000 0.001169 0.999999
v -2.049649 0.960920 -6.397745 0.15540 0.26036 0.33025
vt 0.722055 0.872301
vn 0.000000 0.001169 0.999999
v -2.049548 1.165577 -6.397984 0.15540 0.26036 0.33025
vt 0.721919 0.888312
vn 0.000000 0.001169 0.999999
f 3400/3400/3400 3401/3401/3401 3402/3402/3402
v -2.759018 0.735463 -6.359431 0.15238 0.26338 0.33025
vt 0.696942 0.854393
vn 0.000000 0.001488 0.999999
v -2.759211 0.424981 -6.358969 0.15238 0.26338 0.33025
vt 0.697159 0.830071
vn 0.000000 0.001488 0.999999
v -1.809740 0.424918 -6.358969 0.15238 0.26338 0.33025
vt 0.730986 0.830387
vn 0.000000 0.001488 0.999999
f 3403/3403/3403 3404/3404/3404 3405/3405/3405
v -2.759018 0.735463 -6.359431 0.18257 0.28754 0.35441
vt 0.696942 0.854393
vn 0.000000 0.001488 0.999999
v -1.809740 0.424918 -6.358969 0.18257 0.28754 0.35441
vt 0.730986 0.830387
vn 0.000000 0.001488 0.999999
v -1.809546 0.735399 -6.359431 0.18257 0.28754 0.35441
vt 0.730770 0.854705
vn 0.000000 0.001488 0.999999
f 3406/3406/3406 3407/3407/3407 3408/3408/3408
v -2.519109 0.174019 -6.397091 0.70497 0.22413 0.21551
vt 0.705935 0.810485
vn 0.000000 0.001721 0.999999
v -2.519245 -0.084301 -6.396646 0.70497 0.22413 0.21551
vt 0.706125 0.790271
vn 0.000000 0.001721 0.999999
v -2.050045 -0.084318 -6.396646 0.70497 0.22413 0.21551
vt 0.722801 0.790428
vn 0.000000 0.001721 0.999999
f 3409/3409/3409 3410/3410/3410 3411/3411/3411
v -2.519109 0.174019 -6.397091 0.64457 0.27848 0.23665
vt 0.705935 0.810485
vn 0.000000 0.001721 0.999999
v -2.050045 -0.084318 -6.396646 0.64457 0.27848 0.23665
vt 0.722801 0.790428
vn 0.000000 0.001721 0.999999
v -2.049910 0.174003 -6.397091 0.64457 0.27848 0.23665
vt 0.722611 0.810643
vn 0.000000 0.001721 0.999999
f 3412/3412/3412 3413/3413/3413 3414/3414/3414
v -2.759415 -0.335215 -6.358298 0.20371 0.29056 0.33629
vt 0.499763 0.614857
vn -0.000065 -1.000000 0.000048
v -2.781151 -0.335221 -6.514742 0.20371 0.29056 0.33629
vt 0.497601 0.615331
vn -0.000065 -1.000000 0.000048
v -1.809944 -0.335284 -6.514742 0.20371 0.29056 0.33629
vt 0.496513 0.574202
vn -0.000065 -1.000000 0.000048
f 3415/3415/3415 3416/3416/3416 3417/3417/3417
v -2.759415 -0.335215 -6.358298 0.19465 0.30264 0.36347
vt 0.499763 0.614857
vn -0.000066 -1.000000 0.000039
v -1.809944 -0.335284 -6.514742 0.19465 0.30264 0.36347
vt 0.496513 0.574202
vn -0.000066 -1.000000 0.000039
v -1.809944 -0.335278 -6.358298 0.19465 0.30264 0.36347
vt 0.498631 0.574181
vn -0.000066 -1.000000 0.000039
f 3418/3418/3418 3419/3419/3419 3420/3420/3420
v -2.781151 -0.335221 -6.514742 0.14030 0.22413 0.26080
vt 0.497601 0.615331
vn -0.000064 -1.000000 0.000033
v -2.781151 -0.335298 -8.885885 0.14030 0.22413 0.26080
vt 0.465615 0.616354
vn -0.000064 -1.000000 0.000033
v -1.809944 -0.335361 -8.885885 0.14030 0.22413 0.26080
vt 0.464549 0.575005
vn -0.000064 -1.000000 0.000033
f 3421/3421/3421 3422/3422/3422 3423/3423/3423
v -2.781151 -0.335221 -6.514742 0.80159 0.83711 0.85265
vt 0.497601 0.615331
vn -0.000065 -1.000000 0.000032
v -1.809944 -0.335361 -8.885885 0.80159 0.83711 0.85265
vt 0.464549 0.575005
vn -0.000065 -1.000000 0.000032
v -1.809944 -0.335284 -6.514742 0.80159 0.83711 0.85265
vt 0.496513 0.574202
vn -0.000065 -1.000000 0.000032
f 3424/3424/3424 3425/3425/3425 3426/3426/3426
v -2.781151 -0.335298 -8.885885 0.14030 0.25735 0.33025
vt 0.465615 0.616354
vn -0.000064 -1.000000 0.000033
v -2.781151 -0.335340 -10.151458 0.14030 0.25735 0.33025
vt 0.448574 0.616540
vn -0.000064 -1.000000 0.000033
v -1.809944 -0.335402 -10.151458 0.14030 0.25735 0.33025
vt 0.447495 0.575415
vn -0.000064 -1.000000 0.000033
f 3427/3427/3427 3428/3428/3428 3429/3429/3429
v -2.781151 -0.335298 -8.885885 0.27618 0.35095 0.38763
vt 0.465615 0.616354
vn -0.000064 -1.000000 0.000032
v -1.809944 -0.335402 -10.151458 0.27618 0.35095 0.38763
vt 0.447495 0.575415
vn -0.000064 -1.000000 0.000032
v -1.809944 -0.335361 -8.885885 0.27618 0.35095 0.38763
vt 0.464549 0.575005
vn -0.000064 -1.000000 0.000032
f 3430/3430/3430 3431/3431/3431 3432/3432/3432
v -2.781151 -0.335340 -10.151458 0.31544 0.21507 0.23665
vt 0.448574 0.616540
vn -0.000065 -1.000000 0.000032
v -2.781151 -0.335414 -12.458356 0.31544 0.21507 0.23665
vt 0.417541 0.617440
vn -0.000065 -1.000000 0.000032
v -1.809944 -0.335477 -12.458356 0.31544 0.21507 0.23665
vt 0.416386 0.576305
vn -0.000065 -1.000000 0.000032
f 3433/3433/3433 3434/3434/3434 3435/3435/3435
v -2.781151 -0.335340 -10.151458 0.18257 0.28754 0.34837
vt 0.448574 0.616540
vn -0.000064 -1.000000 0.000032
v -1.809944 -0.335477 -12.458356 0.18257 0.28754 0.34837
vt 0.416386 0.576305
vn -0.000064 -1.000000 0.000032
v -1.809944 -0.335402 -10.151458 0.18257 0.28754 0.34837
vt 0.447495 0.575415
vn -0.000064 -1.000000 0.000032
f 3436/3436/3436 3437/3437/3437 3438/3438/3438
v -2.759415 -0.335418 -12.578632 0.34563 0.21507 0.26080
vt 0.615810 0.769626
vn -0.000000 -0.000885 -1.000000
v -2.759211 0.424780 -12.579305 0.34563 0.21507 0.26080
vt 0.615077 0.829172
vn -0.000000 -0.000885 -1.000000
v -1.809740 0.424715 -12.579305 0.34563 0.21507 0.26080
vt 0.581216 0.828724
vn -0.000000 -0.000885 -1.000000
f 3439/3439/3439 3440/3440/3440 3441/3441/3441
v -2.759415 -0.335418 -12.578632 0.74120 0.17280 0.15210
vt 0.615810 0.769626
vn -0.000000 -0.000885 -1.000000
v -1.809740 0.424715 -12.579305 0.74120 0.17280 0.15210
vt 0.581216 0.828724
vn -0.000000 -0.000885 -1.000000
v -1.809944 -0.335481 -12.578632 0.74120 0.17280 0.15210
vt 0.581928 0.769178
vn -0.000000 -0.000885 -1.000000
f 3442/3442/3442 3443/3443/3443 3444/3444/3444
v -2.759018 0.735340 -10.152592 0.90728 0.90958 0.88888
vt 0.286366 0.652404
vn -0.000000 -0.000600 -1.000000
v -2.916447 0.735349 -10.152592 0.90728 0.90958 0.88888
vt 0.291317 0.649520
vn -0.000000 -0.000600 -1.000000
v -2.916281 1.391003 -10.152986 0.90728 0.90958 0.88888
vt 0.306705 0.703503
vn -0.000000 -0.000600 -1.000000
f 3445/3445/3445 3446/3446/3446 3447/3447/3447
v -2.759018 0.735340 -10.152592 0.88312 0.87938 0.86170
vt 0.286366 0.652404
vn -0.000000 -0.000600 -1.000000
v -2.916281 1.391003 -10.152986 0.88312 0.87938 0.86170
vt 0.306705 0.703503
vn -0.000000 -0.000600 -1.000000
v -2.758852 1.390994 -10.152986 0.88312 0.87938 0.86170
vt 0.300733 0.704959
vn -0.000000 -0.000600 -1.000000
f 3448/3448/3448 3449/3449/3449 3450/3450/3450
v -2.758753 1.692635 -9.985603 0.91030 0.91260 0.89190
vt 0.306920 0.729267
vn 0.000060 1.000000 -0.000032
v -2.916182 1.692644 -9.985603 0.91030 0.91260 0.89190
vt 0.311058 0.733032
vn 0.000060 1.000000 -0.000032
v -2.916182 1.692680 -8.887890 0.91030 0.91260 0.89190
vt 0.298148 0.739880
vn 0.000060 1.000000 -0.000032
f 3451/3451/3451 3452/3452/3452 3453/3453/3453
v -2.758753 1.692635 -9.985603 0.91030 0.91260 0.89190
vt 0.306920 0.729267
vn 0.000068 1.000000 -0.000031
v -2.916182 1.692680 -8.887890 0.91030 0.91260 0.89190
vt 0.298148 0.739880
vn 0.000068 1.000000 -0.000031
v -2.758753 1.692669 -8.887890 0.91030 0.91260 0.89190
vt 0.295420 0.734348
vn 0.000068 1.000000 -0.000031
f 3454/3454/3454 3455/3455/3455 3456/3456/3456
v -2.758753 1.692669 -8.887890 0.91030 0.91260 0.89190
vt 0.295420 0.734348
vn 0.000068 1.000000 -0.000033
v -2.916182 1.692680 -8.887890 0.91030 0.91260 0.89190
vt 0.298148 0.739880
vn 0.000068 1.000000 -0.000033
v -2.916182 1.692758 -6.516747 0.91030 0.91260 0.89190
vt 0.271509 0.751155
vn 0.000068 1.000000 -0.000033
f 3457/3457/3457 3458/3458/3458 3459/3459/3459
v -2.758753 1.692669 -8.887890 0.91030 0.90958 0.89190
vt 0.295420 0.734348
vn 0.000070 1.000000 -0.000033
v -2.916182 1.692758 -6.516747 0.91030 0.90958 0.89190
vt 0.271509 0.751155
vn 0.000070 1.000000 -0.000033
v -2.758753 1.692747 -6.516747 0.91030 0.90958 0.89190
vt 0.268877 0.745405
vn 0.000070 1.000000 -0.000033
f 3460/3460/3460 3461/3461/3461 3462/3462/3462
v -2.758753 1.692747 -6.516747 0.91030 0.91260 0.89190
vt 0.268877 0.745405
vn 0.000070 1.000000 -0.000028
v -2.916182 1.692758 -6.516747 0.91030 0.91260 0.89190
vt 0.271509 0.751155
vn 0.000070 1.000000 -0.000028
v -2.916182 1.692762 -6.360303 0.91030 0.91260 0.89190
vt 0.269863 0.751928
vn 0.000070 1.000000 -0.000028
f 3463/3463/3463 3464/3464/3464 3465/3465/3465
v -2.758753 1.692747 -6.516747 0.91030 0.91260 0.89190
vt 0.268877 0.745405
vn 0.000064 1.000000 -0.000034
v -2.916182 1.692762 -6.360303 0.91030 0.91260 0.89190
vt 0.269863 0.751928
vn 0.000064 1.000000 -0.000034
v -2.758753 1.692752 -6.360303 0.91030 0.91260 0.89190
vt 0.268322 0.746603
vn 0.000064 1.000000 -0.000034
f 3466/3466/3466 3467/3467/3467 3468/3468/3468
v -2.758852 1.391117 -6.359826 0.16144 0.26640 0.33327
vt 0.696520 0.905751
vn 0.000000 0.000602 1.000000
v -2.916281 1.391127 -6.359826 0.16144 0.26640 0.33327
vt 0.690884 0.905691
vn 0.000000 0.000602 1.000000
v -2.916447 0.735474 -6.359431 0.16144 0.26640 0.33327
vt 0.691278 0.854334
vn 0.000000 0.000602 1.000000
f 3469/3469/3469 3470/3470/3470 3471/3471/3471
v -2.758852 1.391117 -6.359826 0.15238 0.26338 0.33629
vt 0.696520 0.905751
vn 0.000000 0.000602 1.000000
v -2.916447 0.735474 -6.359431 0.15238 0.26338 0.33629
vt 0.691278 0.854334
vn 0.000000 0.000602 1.000000
v -2.759018 0.735463 -6.359431 0.15238 0.26338 0.33629
vt 0.696942 0.854393
vn 0.000000 0.000602 1.000000
f 3472/3472/3472 3473/3473/3473 3474/3474/3474
v -2.759018 0.735463 -6.359431 0.16144 0.27546 0.33327
vt 0.696942 0.854393
vn 0.000000 0.001488 0.999999
v -2.916447 0.735474 -6.359431 0.16144 0.27546 0.33327
vt 0.691278 0.854334
vn 0.000000 0.001488 0.999999
v -2.916642 0.424991 -6.358969 0.16144 0.27546 0.33327
vt 0.691494 0.830014
vn 0.000000 0.001488 0.999999
f 3475/3475/3475 3476/3476/3476 3477/3477/3477
v -2.759018 0.735463 -6.359431 0.15238 0.26338 0.33025
vt 0.696942 0.854393
vn 0.000000 0.001488 0.999999
v -2.916642 0.424991 -6.358969 0.15238 0.26338 0.33025
vt 0.691494 0.830014
vn 0.000000 0.001488 0.999999
v -2.759211 0.424981 -6.358969 0.15238 0.26338 0.33025
vt 0.697159 0.830071
vn 0.000000 0.001488 0.999999
f 3478/3478/3478 3479/3479/3479 3480/3480/3480
v -2.759211 0.424981 -6.358969 0.43320 0.24225 0.25778
vt 0.697159 0.830071
vn 0.000000 0.000884 1.000000
v -2.916642 0.424991 -6.358969 0.43320 0.24225 0.25778
vt 0.691494 0.830014
vn 0.000000 0.000884 1.000000
v -2.916846 -0.335204 -6.358298 0.43320 0.24225 0.25778
vt 0.692085 0.770473
vn 0.000000 0.000884 1.000000
f 3481/3481/3481 3482/3482/3482 3483/3483/3483
v -2.759211 0.424981 -6.358969 0.69893 0.23319 0.21853
vt 0.697159 0.830071
vn 0.000000 0.000884 1.000000
v -2.916846 -0.335204 -6.358298 0.69893 0.23319 0.21853
vt 0.692085 0.770473
vn 0.000000 0.000884 1.000000
v -2.759415 -0.335215 -6.358298 0.69893 0.23319 0.21853
vt 0.697725 0.770523
vn 0.000000 0.000884 1.000000
f 3484/3484/3484 3485/3485/3485 3486/3486/3486
v -2.781151 -0.335221 -6.514742 0.16748 0.22413 0.25174
vt 0.497601 0.615331
vn -0.000084 -1.000000 0.000033
v -2.916846 -0.335210 -6.514742 0.16748 0.22413 0.25174
vt 0.497784 0.621090
vn -0.000084 -1.000000 0.000033
v -2.916846 -0.335287 -8.885885 0.16748 0.22413 0.25174
vt 0.465818 0.622121
vn -0.000084 -1.000000 0.000033
f 3487/3487/3487 3488/3488/3488 3489/3489/3489
v -2.781151 -0.335221 -6.514742 0.72006 0.75558 0.78621
vt 0.497601 0.615331
vn -0.000084 -1.000000 0.000033
v -2.916846 -0.335287 -8.885885 0.72006 0.75558 0.78621
vt 0.465818 0.622121
vn -0.000084 -1.000000 0.000033
v -2.781151 -0.335298 -8.885885 0.72006 0.75558 0.78621
vt 0.465615 0.616354
vn -0.000084 -1.000000 0.000033
f 3490/3490/3490 3491/3491/3491 3492/3492/3492
v -2.759415 -0.335418 -12.578632 0.71705 0.14260 0.12190
vt 0.615810 0.769626
vn -0.000000 -0.000885 -1.000000
v -2.916846 -0.335407 -12.578632 0.71705 0.14260 0.12190
vt 0.621457 0.769716
vn -0.000000 -0.000885 -1.000000
v -2.916642 0.424789 -12.579305 0.71705 0.14260 0.12190
vt 0.620766 0.829257
vn -0.000000 -0.000885 -1.000000
f 3493/3493/3493 3494/3494/3494 3495/3495/3495
v -2.759415 -0.335418 -12.578632 0.35469 0.21809 0.24570
vt 0.615810 0.769626
vn -0.000000 -0.000885 -1.000000
v -2.916642 0.424789 -12.579305 0.35469 0.21809 0.24570
vt 0.620766 0.829257
vn -0.000000 -0.000885 -1.000000
v -2.759211 0.424780 -12.579305 0.35469 0.21809 0.24570
vt 0.615077 0.829172
vn -0.000000 -0.000885 -1.000000
f 3496/3496/3496 3497/3497/3497 3498/3498/3498
v -1.957997 -3.761876 -11.380402 0.91030 0.91260 0.89190
vt 0.759099 0.187319
vn -0.735571 -0.677393 0.008644
v -1.948452 -3.760852 -10.487893 0.91030 0.91260 0.89190
vt 0.743096 0.187655
vn -0.735571 -0.677393 0.008644
v -2.446424 -3.218817 -10.386528 0.91030 0.91260 0.89190
vt 0.739346 0.156984
vn -0.735571 -0.677393 0.008644
f 3499/3499/3499 3500/3500/3500 3501/3501/3501
v -1.957997 -3.761876 -11.380402 0.91030 0.91260 0.89190
vt 0.759099 0.187319
vn -0.729143 -0.684186 0.015515
v -2.446424 -3.218817 -10.386528 0.91030 0.91260 0.89190
vt 0.739346 0.156984
vn -0.729143 -0.684186 0.015515
v -2.466009 -3.218068 -11.273887 0.91030 0.91260 0.89190
vt 0.755455 0.156440
vn -0.729143 -0.684186 0.015515
f 3502/3502/3502 3503/3503/3503 3504/3504/3504
v -2.743449 -1.073101 -12.457706 0.39999 0.29358 0.29704
vt 0.556322 0.504837
vn -0.000085 1.000000 0.000000
v -2.743449 -1.073101 -10.150807 0.39999 0.29358 0.29704
vt 0.579284 0.506629
vn -0.000085 1.000000 0.000000
v -1.810142 -1.073022 -10.150807 0.39999 0.29358 0.29704
vt 0.577106 0.535987
vn -0.000085 1.000000 0.000000
f 3505/3505/3505 3506/3506/3506 3507/3507/3507
v -2.743449 -1.073101 -12.457706 0.52681 0.28754 0.26684
vt 0.556322 0.504837
vn -0.000004 1.000000 -0.000033
v -1.810142 -1.073022 -10.150807 0.52681 0.28754 0.26684
vt 0.577106 0.535987
vn -0.000004 1.000000 -0.000033
v -1.810142 -1.073097 -12.457706 0.52681 0.28754 0.26684
vt 0.554334 0.534208
vn -0.000004 1.000000 -0.000033
f 3508/3508/3508 3509/3509/3509 3510/3510/3510
v -1.253459 0.424718 -12.459030 0.20371 0.26640 0.33025
vt 0.479649 0.986575
vn 0.000035 1.000000 -0.000025
v -1.253459 0.424775 -10.152131 0.20371 0.26640 0.33025
vt 0.479579 0.963731
vn 0.000035 1.000000 -0.000025
v -0.663056 0.424754 -10.152131 0.20371 0.26640 0.33025
vt 0.498002 0.963675
vn 0.000035 1.000000 -0.000025
f 3511/3511/3511 3512/3512/3512 3513/3513/3513
v -1.253459 0.424718 -12.459030 0.19767 0.26942 0.33025
vt 0.479649 0.986575
vn 0.000002 1.000000 -0.000016
v -0.663056 0.424754 -10.152131 0.19767 0.26942 0.33025
vt 0.498002 0.963675
vn 0.000002 1.000000 -0.000016
v -0.663056 0.424716 -12.459030 0.19767 0.26942 0.33025
vt 0.498073 0.986519
vn 0.000002 1.000000 -0.000016
f 3514/3514/3514 3515/3515/3515 3516/3516/3516
v -2.755717 -2.623299 -10.980674 0.91030 0.91260 0.89190
vt 0.747625 0.124722
vn -0.980242 -0.197493 0.011043
v -2.747246 -2.626035 -10.277684 0.91030 0.91260 0.89190
vt 0.734545 0.125278
vn -0.980242 -0.197493 0.011043
v -2.855873 -2.078952 -10.136011 0.91030 0.91260 0.89190
vt 0.726320 0.096803
vn -0.980242 -0.197493 0.011043
f 3517/3517/3517 3518/3518/3518 3519/3519/3519
v -2.755717 -2.623299 -10.980674 0.91030 0.91260 0.89190
vt 0.747625 0.124722
vn -0.983397 -0.181467 0.000340
v -2.855873 -2.078952 -10.136011 0.91030 0.91260 0.89190
vt 0.726320 0.096803
vn -0.983397 -0.181467 0.000340
v -2.857529 -2.071768 -11.089316 0.91030 0.91260 0.89190
vt 0.743321 0.095885
vn -0.983397 -0.181467 0.000340
f 3520/3520/3520 3521/3521/3521 3522/3522/3522
v -2.887266 -1.706397 -11.911049 0.91030 0.91260 0.89190
vt 0.753074 0.076234
vn -1.000000 -0.000001 0.000000
v -2.887266 -1.706397 -10.685567 0.91030 0.91260 0.89190
vt 0.731720 0.077026
vn -1.000000 -0.000001 0.000000
v -2.887267 -1.073101 -10.150807 0.91030 0.91260 0.89190
vt 0.714816 0.044445
vn -1.000000 -0.000001 0.000000
f 3523/3523/3523 3524/3524/3524 3525/3525/3525
v -2.887266 -1.706397 -11.911049 0.24297 0.28452 0.35441
vt 0.753074 0.076234
vn -1.000000 -0.000001 -0.000000
v -2.887267 -1.073101 -10.150807 0.24297 0.28452 0.35441
vt 0.714816 0.044445
vn -1.000000 -0.000001 -0.000000
v -2.887267 -1.073101 -12.457706 0.24297 0.28452 0.35441
vt 0.754764 0.042887
vn -1.000000 -0.000001 -0.000000
f 3526/3526/3526 3527/3527/3527 3528/3528/3528
v -2.755717 -2.623299 -10.980674 0.19163 0.29056 0.30610
vt 0.747625 0.124722
vn -0.897468 -0.440965 0.010044
v -2.760480 -2.638239 -12.062140 0.19163 0.29056 0.30610
vt 0.767689 0.124864
vn -0.897468 -0.440965 0.010044
v -2.467838 -3.222661 -11.571573 0.19163 0.29056 0.30610
vt 0.761044 0.156385
vn -0.897468 -0.440965 0.010044
f 3529/3529/3529 3530/3530/3530 3531/3531/3531
v -2.755717 -2.623299 -10.980674 0.91030 0.91260 0.89190
vt 0.747625 0.124722
vn -0.896543 -0.442784 0.012340
v -2.467838 -3.222661 -11.571573 0.91030 0.91260 0.89190
vt 0.761044 0.156385
vn -0.896543 -0.442784 0.012340
v -2.466009 -3.218068 -11.273887 0.91030 0.91260 0.89190
vt 0.755455 0.156440
vn -0.896543 -0.442784 0.012340
f 3532/3532/3532 3533/3533/3533 3534/3534/3534
v -2.887266 -1.706397 -11.911049 0.91030 0.91260 0.89190
vt 0.753074 0.076234
vn -0.996637 -0.081947 -0.000000
v -2.887266 -1.706397 -12.909270 0.91030 0.91260 0.89190
vt 0.770354 0.075534
vn -0.996637 -0.081947 -0.000000
v -2.855884 -2.088065 -12.226620 0.91030 0.91260 0.89190
vt 0.763919 0.095998
vn -0.996637 -0.081947 -0.000000
f 3535/3535/3535 3536/3536/3536 3537/3537/3537
v -2.887266 -1.706397 -11.911049 0.91030 0.91260 0.89190
vt 0.753074 0.076234
vn -0.996655 -0.081725 -0.000270
v -2.855884 -2.088065 -12.226620 0.91030 0.91260 0.89190
vt 0.763919 0.095998
vn -0.996655 -0.081725 -0.000270
v -2.857529 -2.071768 -11.089316 0.91030 0.91260 0.89190
vt 0.743321 0.095885
vn -0.996655 -0.081725 -0.000270
f 3538/3538/3538 3539/3539/3539 3540/3540/3540
v -0.689877 -4.649489 -11.760548 0.91030 0.91260 0.89190
vt 0.769714 0.242711
vn -0.516232 -0.856353 0.012810
v -1.030251 -4.442157 -11.617082 0.91030 0.91260 0.89190
vt 0.766068 0.229212
vn -0.516232 -0.856353 0.012810
v -1.024953 -4.453413 -12.156005 0.91030 0.91260 0.89190
vt 0.775706 0.229616
vn -0.516232 -0.856353 0.012810
f 3541/3541/3541 3542/3542/3542 3543/3543/3543
v -0.689877 -4.649489 -11.760548 0.91030 0.91260 0.89190
vt 0.769714 0.242711
vn -0.512274 -0.858782 0.008252
v -1.024953 -4.453413 -12.156005 0.91030 0.91260 0.89190
vt 0.775706 0.229616
vn -0.512274 -0.858782 0.008252
v -0.686285 -4.656944 -12.313346 0.91030 0.91260 0.89190
vt 0.779574 0.242894
vn -0.512274 -0.858782 0.008252
f 3544/3544/3544 3545/3545/3545 3546/3546/3546
v -1.809944 -0.335477 -12.458356 0.26410 0.33585 0.39668
vt 0.416386 0.576305
vn -1.000000 0.000268 -0.000000
v -1.809944 -0.335481 -12.578632 0.26410 0.33585 0.39668
vt 0.414765 0.576388
vn -1.000000 0.000268 -0.000000
v -1.810142 -1.073101 -12.577980 0.26410 0.33585 0.39668
vt 0.412833 0.507374
vn -1.000000 0.000268 -0.000000
f 3547/3547/3547 3548/3548/3548 3549/3549/3549
v -1.809944 -0.335477 -12.458356 0.52077 0.29660 0.27590
vt 0.416386 0.576305
vn -1.000000 0.000268 -0.000000
v -1.810142 -1.073101 -12.577980 0.52077 0.29660 0.27590
vt 0.412833 0.507374
vn -1.000000 0.000268 -0.000000
v -1.810142 -1.073097 -12.457706 0.52077 0.29660 0.27590
vt 0.414459 0.507319
vn -1.000000 0.000268 -0.000000
f 3550/3550/3550 3551/3551/3551 3552/3552/3552
v -2.916846 -0.335403 -12.458356 0.72610 0.17884 0.15814
vt 0.622865 0.769735
vn -1.000000 0.000268 -0.000000
v -2.916846 -0.335328 -10.151458 0.72610 0.17884 0.15814
vt 0.649011 0.770035
vn -1.000000 0.000268 -0.000000
v -2.916642 0.424868 -10.152131 0.72610 0.17884 0.15814
vt 0.648346 0.829589
vn -1.000000 0.000268 -0.000000
f 3553/3553/3553 3554/3554/3554 3555/3555/3555
v -2.916846 -0.335403 -12.458356 0.41810 0.23017 0.27288
vt 0.622865 0.769735
vn -1.000000 0.000268 -0.000000
v -2.916642 0.424868 -10.152131 0.41810 0.23017 0.27288
vt 0.648346 0.829589
vn -1.000000 0.000268 -0.000000
v -2.916642 0.424793 -12.459030 0.41810 0.23017 0.27288
vt 0.622215 0.829287
vn -1.000000 0.000268 -0.000000
f 3556/3556/3556 3557/3557/3557 3558/3558/3558
v -2.759211 0.424784 -12.459030 0.25203 0.29962 0.33931
vt 0.432661 0.986717
vn 0.000067 1.000000 -0.000032
v -2.759211 0.424858 -10.152131 0.25203 0.29962 0.33931
vt 0.432593 0.963872
vn 0.000067 1.000000 -0.000032
v -1.809740 0.424794 -10.152131 0.25203 0.29962 0.33931
vt 0.462220 0.963784
vn 0.000067 1.000000 -0.000032
f 3559/3559/3559 3560/3560/3560 3561/3561/3561
v -2.759211 0.424784 -12.459030 0.27014 0.28150 0.30006
vt 0.432661 0.986717
vn 0.000068 1.000000 -0.000033
v -1.809740 0.424794 -10.152131 0.27014 0.28150 0.30006
vt 0.462220 0.963784
vn 0.000068 1.000000 -0.000033
v -1.809740 0.424719 -12.459030 0.27014 0.28150 0.30006
vt 0.462289 0.986628
vn 0.000068 1.000000 -0.000033
f 3562/3562/3562 3563/3563/3563 3564/3564/3564
v -2.781151 -0.335414 -12.458356 0.15540 0.26338 0.32421
vt 0.417541 0.617440
vn -0.000066 -1.000000 0.000021
v -2.759415 -0.335418 -12.578632 0.15540 0.26338 0.32421
vt 0.415827 0.616998
vn -0.000066 -1.000000 0.000021
v -1.809944 -0.335481 -12.578632 0.15540 0.26338 0.32421
vt 0.414765 0.576388
vn -0.000066 -1.000000 0.000021
f 3565/3565/3565 3566/3566/3566 3567/3567/3567
v -2.781151 -0.335414 -12.458356 0.15540 0.26338 0.32421
vt 0.417541 0.617440
vn -0.000065 -1.000000 0.000033
v -1.809944 -0.335481 -12.578632 0.15540 0.26338 0.32421
vt 0.414765 0.576388
vn -0.000065 -1.000000 0.000033
v -1.809944 -0.335477 -12.458356 0.15540 0.26338 0.32421
vt 0.416386 0.576305
vn -0.000065 -1.000000 0.000033
f 3568/3568/3568 3569/3569/3569 3570/3570/3570
v -2.759162 0.726420 -12.459416 0.19465 0.28150 0.33629
vt 0.266977 0.632474
vn 0.000055 1.000000 -0.000033
v -2.759162 0.726415 -12.579690 0.19465 0.28150 0.33629
vt 0.266984 0.631403
vn 0.000055 1.000000 -0.000033
v -2.916593 0.726424 -12.579690 0.19465 0.28150 0.33629
vt 0.270917 0.627329
vn 0.000055 1.000000 -0.000033
f 3571/3571/3571 3572/3572/3572 3573/3573/3573
v -2.759162 0.726420 -12.459416 0.19465 0.28150 0.33629
vt 0.266977 0.632474
vn 0.000055 1.000000 -0.000033
v -2.916593 0.726424 -12.579690 0.19465 0.28150 0.33629
vt 0.270917 0.627329
vn 0.000055 1.000000 -0.000033
v -2.916593 0.726428 -12.459416 0.19465 0.28150 0.33629
vt 0.271821 0.628405
vn 0.000055 1.000000 -0.000033
f 3574/3574/3574 3575/3575/3575 3576/3576/3576
v -2.781151 -0.335414 -12.458356 0.16144 0.22715 0.28798
vt 0.417541 0.617440
vn -0.000087 -1.000000 0.000032
v -2.781151 -0.335340 -10.151458 0.16144 0.22715 0.28798
vt 0.448574 0.616540
vn -0.000087 -1.000000 0.000032
v -2.916846 -0.335328 -10.151458 0.16144 0.22715 0.28798
vt 0.448787 0.622302
vn -0.000087 -1.000000 0.000032
f 3577/3577/3577 3578/3578/3578 3579/3579/3579
v -2.781151 -0.335414 -12.458356 0.29430 0.21507 0.23665
vt 0.417541 0.617440
vn -0.000079 -1.000000 0.000032
v -2.916846 -0.335328 -10.151458 0.29430 0.21507 0.23665
vt 0.448787 0.622302
vn -0.000079 -1.000000 0.000032
v -2.916846 -0.335403 -12.458356 0.29430 0.21507 0.23665
vt 0.417684 0.623213
vn -0.000079 -1.000000 0.000032
f 3580/3580/3580 3581/3581/3581 3582/3582/3582
v -2.756488 -0.817905 -6.357872 0.16748 0.26640 0.33025
vt 0.498967 0.660318
vn 0.998697 0.051028 -0.000000
v -2.756488 -0.817906 -6.514316 0.16748 0.26640 0.33025
vt 0.496883 0.660378
vn 0.998697 0.051028 -0.000000
v -2.781151 -0.335221 -6.514742 0.16748 0.26640 0.33025
vt 0.497601 0.615331
vn 0.998697 0.051028 -0.000000
f 3583/3583/3583 3584/3584/3584 3585/3585/3585
v -2.756488 -0.817905 -6.357872 0.64457 0.70727 0.73488
vt 0.498967 0.660318
vn 0.990469 0.005884 -0.137612
v -2.781151 -0.335221 -6.514742 0.64457 0.70727 0.73488
vt 0.497601 0.615331
vn 0.990469 0.005884 -0.137612
v -2.759415 -0.335215 -6.358298 0.64457 0.70727 0.73488
vt 0.499763 0.614857
vn 0.990469 0.005884 -0.137612
f 3586/3586/3586 3587/3587/3587 3588/3588/3588
v -2.781151 -0.335221 -6.514742 0.17654 0.27546 0.33931
vt 0.497601 0.615331
vn -0.000000 -0.000883 -1.000000
v -2.756488 -0.817906 -6.514316 0.17654 0.27546 0.33931
vt 0.496883 0.660378
vn -0.000000 -0.000883 -1.000000
v -2.905014 -0.817903 -6.514316 0.17654 0.27546 0.33931
vt 0.490565 0.660186
vn -0.000000 -0.000883 -1.000000
f 3589/3589/3589 3590/3590/3590 3591/3591/3591
v -2.781151 -0.335221 -6.514742 0.16446 0.24225 0.30610
vt 0.497601 0.615331
vn -0.000000 -0.000883 -1.000000
v -2.905014 -0.817903 -6.514316 0.16446 0.24225 0.30610
vt 0.490565 0.660186
vn -0.000000 -0.000883 -1.000000
v -2.916846 -0.335210 -6.514742 0.16446 0.24225 0.30610
vt 0.491846 0.615034
vn -0.000000 -0.000883 -1.000000
f 3592/3592/3592 3593/3593/3593 3594/3594/3594
v -2.905014 -0.817903 -6.514316 0.70195 0.24829 0.23665
vt 0.691071 0.732637
vn -0.999700 -0.024504 0.000000
v -2.905014 -0.817901 -6.357872 0.70195 0.24829 0.23665
vt 0.692838 0.732673
vn -0.999700 -0.024504 0.000000
v -2.916846 -0.335204 -6.358298 0.70195 0.24829 0.23665
vt 0.692085 0.770473
vn -0.999700 -0.024504 0.000000
f 3595/3595/3595 3596/3596/3596 3597/3597/3597
v -2.905014 -0.817903 -6.514316 0.68685 0.22111 0.20041
vt 0.691071 0.732637
vn -0.999700 -0.024505 0.000001
v -2.916846 -0.335204 -6.358298 0.68685 0.22111 0.20041
vt 0.692085 0.770473
vn -0.999700 -0.024505 0.000001
v -2.916846 -0.335210 -6.514742 0.68685 0.22111 0.20041
vt 0.690278 0.770447
vn -0.999700 -0.024505 0.000001
f 3598/3598/3598 3599/3599/3599 3600/3600/3600
v -2.905014 -0.817901 -6.357872 0.67175 0.26942 0.23966
vt 0.692838 0.732673
vn 0.000000 0.000883 1.000000
v -2.756488 -0.817905 -6.357872 0.67175 0.26942 0.23966
vt 0.698123 0.732710
vn 0.000000 0.000883 1.000000
v -2.759415 -0.335215 -6.358298 0.67175 0.26942 0.23966
vt 0.697725 0.770523
vn 0.000000 0.000883 1.000000
f 3601/3601/3601 3602/3602/3602 3603/3603/3603
v -2.905014 -0.817901 -6.357872 0.70195 0.20903 0.19739
vt 0.692838 0.732673
vn 0.000000 0.000883 1.000000
v -2.759415 -0.335215 -6.358298 0.70195 0.20903 0.19739
vt 0.697725 0.770523
vn 0.000000 0.000883 1.000000
v -2.916846 -0.335204 -6.358298 0.70195 0.20903 0.19739
vt 0.692085 0.770473
vn 0.000000 0.000883 1.000000
f 3604/3604/3604 3605/3605/3605 3606/3606/3606
v -2.755893 -0.829570 -8.885448 0.17955 0.26338 0.32421
vt 0.465022 0.662610
vn 0.998697 0.051037 -0.000001
v -2.755893 -0.829583 -10.151022 0.17955 0.26338 0.32421
vt 0.447983 0.662752
vn 0.998697 0.051037 -0.000001
v -2.781151 -0.335340 -10.151458 0.17955 0.26338 0.32421
vt 0.448574 0.616540
vn 0.998697 0.051037 -0.000001
f 3607/3607/3607 3608/3608/3608 3609/3609/3609
v -2.755893 -0.829570 -8.885448 0.41206 0.47476 0.54163
vt 0.465022 0.662610
vn 0.998697 0.051034 -0.000002
v -2.781151 -0.335340 -10.151458 0.41206 0.47476 0.54163
vt 0.448574 0.616540
vn 0.998697 0.051034 -0.000002
v -2.781151 -0.335298 -8.885885 0.41206 0.47476 0.54163
vt 0.465615 0.616354
vn 0.998697 0.051034 -0.000002
f 3610/3610/3610 3611/3611/3611 3612/3612/3612
v -2.904205 -0.829567 -8.885448 0.16446 0.26338 0.32723
vt 0.471318 0.662549
vn 0.000000 0.000883 1.000000
v -2.755893 -0.829570 -8.885448 0.16446 0.26338 0.32723
vt 0.465022 0.662610
vn 0.000000 0.000883 1.000000
v -2.781151 -0.335298 -8.885885 0.16446 0.26338 0.32723
vt 0.465615 0.616354
vn 0.000000 0.000883 1.000000
f 3613/3613/3613 3614/3614/3614 3615/3615/3615
v -2.904205 -0.829567 -8.885448 0.86199 0.90656 0.89190
vt 0.471318 0.662549
vn 0.000000 0.000883 1.000000
v -2.781151 -0.335298 -8.885885 0.86199 0.90656 0.89190
vt 0.465615 0.616354
vn 0.000000 0.000883 1.000000
v -2.916846 -0.335287 -8.885885 0.86199 0.90656 0.89190
vt 0.471390 0.616294
vn 0.000000 0.000883 1.000000
f 3616/3616/3616 3617/3617/3617 3618/3618/3618
v -2.781151 -0.335340 -10.151458 0.17050 0.25735 0.31817
vt 0.448574 0.616540
vn -0.000000 -0.000883 -1.000000
v -2.755893 -0.829583 -10.151022 0.17050 0.25735 0.31817
vt 0.447983 0.662752
vn -0.000000 -0.000883 -1.000000
v -2.904204 -0.829580 -10.151022 0.17050 0.25735 0.31817
vt 0.441677 0.662543
vn -0.000000 -0.000883 -1.000000
f 3619/3619/3619 3620/3620/3620 3621/3621/3621
v -2.781151 -0.335340 -10.151458 0.65363 0.74048 0.75904
vt 0.448574 0.616540
vn -0.000000 -0.000883 -1.000000
v -2.904204 -0.829580 -10.151022 0.65363 0.74048 0.75904
vt 0.441677 0.662543
vn -0.000000 -0.000883 -1.000000
v -2.916846 -0.335328 -10.151458 0.65363 0.74048 0.75904
vt 0.442819 0.616305
vn -0.000000 -0.000883 -1.000000
f 3622/3622/3622 3623/3623/3623 3624/3624/3624
v -2.904204 -0.829580 -10.151022 0.75328 0.15770 0.14002
vt 0.649400 0.731313
vn -0.999673 -0.025568 -0.000001
v -2.904204 -0.829578 -9.983162 0.75328 0.15770 0.14002
vt 0.651296 0.731331
vn -0.999673 -0.025568 -0.000001
v -2.916846 -0.335323 -9.983599 0.75328 0.15770 0.14002
vt 0.650955 0.770043
vn -0.999673 -0.025568 -0.000001
f 3625/3625/3625 3626/3626/3626 3627/3627/3627
v -2.904204 -0.829580 -10.151022 0.74120 0.17280 0.14606
vt 0.649400 0.731313
vn -0.999673 -0.025569 0.000001
v -2.916846 -0.335323 -9.983599 0.74120 0.17280 0.14606
vt 0.650955 0.770043
vn -0.999673 -0.025569 0.000001
v -2.916846 -0.335328 -10.151458 0.74120 0.17280 0.14606
vt 0.649011 0.770035
vn -0.999673 -0.025569 0.000001
f 3628/3628/3628 3629/3629/3629 3630/3630/3630
v -2.756279 -0.822055 -12.457928 0.20673 0.25735 0.28798
vt 0.416814 0.662839
vn 0.999979 0.006443 -0.000000
v -2.756279 -0.822057 -12.578201 0.20673 0.25735 0.28798
vt 0.415216 0.662815
vn 0.999979 0.006443 -0.000000
v -2.759415 -0.335418 -12.578632 0.20673 0.25735 0.28798
vt 0.415827 0.616998
vn 0.999979 0.006443 -0.000000
f 3631/3631/3631 3632/3632/3632 3633/3633/3633
v -2.756279 -0.822055 -12.457928 0.17352 0.26942 0.33327
vt 0.416814 0.662839
vn 0.982811 0.050386 0.177608
v -2.759415 -0.335418 -12.578632 0.17352 0.26942 0.33327
vt 0.415827 0.616998
vn 0.982811 0.050386 0.177608
v -2.781151 -0.335414 -12.458356 0.17352 0.26942 0.33327
vt 0.417541 0.617440
vn 0.982811 0.050386 0.177608
f 3634/3634/3634 3635/3635/3635 3636/3636/3636
v -2.904730 -0.822053 -12.457928 0.20069 0.26338 0.29100
vt 0.423116 0.662873
vn 0.000000 0.000880 1.000000
v -2.756279 -0.822055 -12.457928 0.20069 0.26338 0.29100
vt 0.416814 0.662839
vn 0.000000 0.000880 1.000000
v -2.781151 -0.335414 -12.458356 0.20069 0.26338 0.29100
vt 0.417541 0.617440
vn 0.000000 0.000880 1.000000
f 3637/3637/3637 3638/3638/3638 3639/3639/3639
v -2.904730 -0.822053 -12.457928 0.14936 0.27244 0.32723
vt 0.423116 0.662873
vn 0.000000 0.000880 1.000000
v -2.781151 -0.335414 -12.458356 0.14936 0.27244 0.32723
vt 0.417541 0.617440
vn 0.000000 0.000880 1.000000
v -2.916846 -0.335403 -12.458356 0.14936 0.27244 0.32723
vt 0.423320 0.617332
vn 0.000000 0.000880 1.000000
f 3640/3640/3640 3641/3641/3641 3642/3642/3642
v -2.759415 -0.335418 -12.578632 0.72912 0.18185 0.15512
vt 0.615810 0.769626
vn -0.000000 -0.000885 -1.000000
v -2.756279 -0.822057 -12.578201 0.72912 0.18185 0.15512
vt 0.616314 0.731512
vn -0.000000 -0.000885 -1.000000
v -2.904730 -0.822053 -12.578201 0.72912 0.18185 0.15512
vt 0.621595 0.731597
vn -0.000000 -0.000885 -1.000000
f 3643/3643/3643 3644/3644/3644 3645/3645/3645
v -2.759415 -0.335418 -12.578632 0.76234 0.15166 0.14002
vt 0.615810 0.769626
vn -0.000000 -0.000885 -1.000000
v -2.904730 -0.822053 -12.578201 0.76234 0.15166 0.14002
vt 0.621595 0.731597
vn -0.000000 -0.000885 -1.000000
v -2.916846 -0.335407 -12.578632 0.76234 0.15166 0.14002
vt 0.621457 0.769716
vn -0.000000 -0.000885 -1.000000
f 3646/3646/3646 3647/3647/3647 3648/3648/3648
v -2.904730 -0.822053 -12.578201 0.71403 0.19695 0.15814
vt 0.621595 0.731597
vn -0.999690 -0.024889 0.000000
v -2.904730 -0.822053 -12.457928 0.71403 0.19695 0.15814
vt 0.622954 0.731604
vn -0.999690 -0.024889 0.000000
v -2.916846 -0.335403 -12.458356 0.71403 0.19695 0.15814
vt 0.622865 0.769735
vn -0.999690 -0.024889 0.000000
f 3649/3649/3649 3650/3650/3650 3651/3651/3651
v -2.904730 -0.822053 -12.578201 0.76234 0.15166 0.14002
vt 0.621595 0.731597
vn -0.999690 -0.024889 0.000001
v -2.916846 -0.335403 -12.458356 0.76234 0.15166 0.14002
vt 0.622865 0.769735
vn -0.999690 -0.024889 0.000001
v -2.916846 -0.335407 -12.578632 0.76234 0.15166 0.14002
vt 0.621457 0.769716
vn -0.999690 -0.024889 0.000001
f 3652/3652/3652 3653/3653/3653 3654/3654/3654
v -2.755893 -0.829570 -8.885448 0.73818 0.20601 0.17927
vt 0.465022 0.662610
vn 0.998697 0.051034 0.000000
v -2.743449 -1.073101 -8.885232 0.73818 0.20601 0.17927
vt 0.465599 0.685307
vn 0.998697 0.051034 0.000000
v -2.743449 -1.073101 -10.150807 0.73818 0.20601 0.17927
vt 0.448470 0.685604
vn 0.998697 0.051034 0.000000
f 3655/3655/3655 3656/3656/3656 3657/3657/3657
v -2.755893 -0.829570 -8.885448 0.74724 0.15770 0.14606
vt 0.465022 0.662610
vn 0.998697 0.051037 -0.000001
v -2.743449 -1.073101 -10.150807 0.74724 0.15770 0.14606
vt 0.448470 0.685604
vn 0.998697 0.051037 -0.000001
v -2.755893 -0.829583 -10.151022 0.74724 0.15770 0.14606
vt 0.447983 0.662752
vn 0.998697 0.051037 -0.000001
f 3658/3658/3658 3659/3659/3659 3660/3660/3660
v -2.904204 -0.829578 -9.983162 0.50567 0.29358 0.27590
vt 0.710176 0.031758
vn -0.997590 -0.069384 0.000000
v -2.887267 -1.073101 -9.982947 0.50567 0.29358 0.27590
vt 0.712667 0.044439
vn -0.997590 -0.069384 0.000000
v -2.887267 -1.073101 -8.885232 0.50567 0.29358 0.27590
vt 0.694118 0.044973
vn -0.997590 -0.069384 0.000000
f 3661/3661/3661 3662/3662/3662 3663/3663/3663
v -2.904204 -0.829578 -9.983162 0.51473 0.28754 0.27590
vt 0.710176 0.031758
vn -0.997590 -0.069383 0.000000
v -2.887267 -1.073101 -8.885232 0.51473 0.28754 0.27590
vt 0.694118 0.044973
vn -0.997590 -0.069383 0.000000
v -2.904205 -0.829567 -8.885448 0.51473 0.28754 0.27590
vt 0.691660 0.032274
vn -0.997590 -0.069383 0.000000
f 3664/3664/3664 3665/3665/3665 3666/3666/3666
v -2.756488 -0.817905 -6.357872 0.75026 0.16676 0.15210
vt 0.498967 0.660318
vn 0.998697 0.051028 0.000000
v -2.743449 -1.073101 -6.357646 0.75026 0.16676 0.15210
vt 0.499739 0.684191
vn 0.998697 0.051028 0.000000
v -2.743449 -1.073101 -6.514090 0.75026 0.16676 0.15210
vt 0.497635 0.684275
vn 0.998697 0.051028 0.000000
f 3667/3667/3667 3668/3668/3668 3669/3669/3669
v -2.756488 -0.817905 -6.357872 0.76234 0.15770 0.14304
vt 0.498967 0.660318
vn 0.998697 0.051028 -0.000000
v -2.743449 -1.073101 -6.514090 0.76234 0.15770 0.14304
vt 0.497635 0.684275
vn 0.998697 0.051028 -0.000000
v -2.756488 -0.817906 -6.514316 0.76234 0.15770 0.14304
vt 0.496883 0.660378
vn 0.998697 0.051028 -0.000000
f 3670/3670/3670 3671/3671/3671 3672/3672/3672
v -2.905014 -0.817903 -6.514316 0.42716 0.29056 0.27590
vt 0.649963 0.032958
vn -0.997591 -0.069374 0.000000
v -2.887267 -1.073101 -6.514090 0.42716 0.29056 0.27590
vt 0.653258 0.046191
vn -0.997591 -0.069374 0.000000
v -2.887267 -1.073101 -6.357646 0.42716 0.29056 0.27590
vt 0.651803 0.046140
vn -0.997591 -0.069374 0.000000
f 3673/3673/3673 3674/3674/3674 3675/3675/3675
v -2.905014 -0.817903 -6.514316 0.52077 0.28754 0.29100
vt 0.649963 0.032958
vn -0.997591 -0.069374 0.000001
v -2.887267 -1.073101 -6.357646 0.52077 0.28754 0.29100
vt 0.651803 0.046140
vn -0.997591 -0.069374 0.000001
v -2.905014 -0.817901 -6.357872 0.52077 0.28754 0.29100
vt 0.647183 0.033050
vn -0.997591 -0.069374 0.000001
f 3676/3676/3676 3677/3677/3677 3678/3678/3678
v -2.756488 -0.817905 -6.357872 0.71403 0.21809 0.17927
vt 0.698123 0.732710
vn 0.000000 0.000885 1.000000
v -2.905014 -0.817901 -6.357872 0.71403 0.21809 0.17927
vt 0.692838 0.732673
vn 0.000000 0.000885 1.000000
v -2.887267 -1.073101 -6.357646 0.71403 0.21809 0.17927
vt 0.693585 0.712690
vn 0.000000 0.000885 1.000000
f 3679/3679/3679 3680/3680/3680 3681/3681/3681
v -2.756488 -0.817905 -6.357872 0.74724 0.19997 0.18531
vt 0.698123 0.732710
vn 0.000000 0.000885 1.000000
v -2.887267 -1.073101 -6.357646 0.74724 0.19997 0.18531
vt 0.693585 0.712690
vn 0.000000 0.000885 1.000000
v -2.743449 -1.073101 -6.357646 0.74724 0.19997 0.18531
vt 0.698702 0.712719
vn 0.000000 0.000885 1.000000
f 3682/3682/3682 3683/3683/3683 3684/3684/3684
v -2.756279 -0.822055 -12.457928 0.76536 0.16072 0.15210
vt 0.416814 0.662839
vn 0.998697 0.051041 0.000000
v -2.743449 -1.073101 -12.457706 0.76536 0.16072 0.15210
vt 0.417373 0.686307
vn 0.998697 0.051041 0.000000
v -2.743449 -1.073101 -12.577980 0.76536 0.16072 0.15210
vt 0.415746 0.686341
vn 0.998697 0.051041 0.000000
f 3685/3685/3685 3686/3686/3686 3687/3687/3687
v -2.756279 -0.822055 -12.457928 0.72912 0.18185 0.15512
vt 0.416814 0.662839
vn 0.998697 0.051041 -0.000001
v -2.743449 -1.073101 -12.577980 0.72912 0.18185 0.15512
vt 0.415746 0.686341
vn 0.998697 0.051041 -0.000001
v -2.756279 -0.822057 -12.578201 0.72912 0.18185 0.15512
vt 0.415216 0.662815
vn 0.998697 0.051041 -0.000001
f 3688/3688/3688 3689/3689/3689 3690/3690/3690
v -2.904730 -0.822053 -12.578201 0.51171 0.29358 0.27892
vt 0.752984 0.029743
vn -0.997589 -0.069392 -0.000000
v -2.887267 -1.073101 -12.577980 0.51171 0.29358 0.27892
vt 0.756073 0.042842
vn -0.997589 -0.069392 -0.000000
v -2.887267 -1.073101 -12.457706 0.51171 0.29358 0.27892
vt 0.754764 0.042887
vn -0.997589 -0.069392 -0.000000
f 3691/3691/3691 3692/3692/3692 3693/3693/3693
v -2.904730 -0.822053 -12.578201 0.51171 0.29358 0.27892
vt 0.752984 0.029743
vn -0.997589 -0.069392 0.000000
v -2.887267 -1.073101 -12.457706 0.51171 0.29358 0.27892
vt 0.754764 0.042887
vn -0.997589 -0.069392 0.000000
v -2.904730 -0.822053 -12.457928 0.51171 0.29358 0.27892
vt 0.751827 0.029825
vn -0.997589 -0.069392 0.000000
f 3694/3694/3694 3695/3695/3695 3696/3696/3696
v -2.743449 -1.073101 -6.514090 0.75328 0.16978 0.15512
vt 0.497635 0.684275
vn 0.998697 0.051034 0.000000
v -2.743449 -1.073101 -8.885232 0.75328 0.16978 0.15512
vt 0.465599 0.685307
vn 0.998697 0.051034 0.000000
v -2.755893 -0.829570 -8.885448 0.75328 0.16978 0.15512
vt 0.465022 0.662610
vn 0.998697 0.051034 0.000000
f 3697/3697/3697 3698/3698/3698 3699/3699/3699
v -2.743449 -1.073101 -6.514090 0.75328 0.15166 0.13398
vt 0.497635 0.684275
vn 0.998697 0.051028 -0.000001
v -2.755893 -0.829570 -8.885448 0.75328 0.15166 0.13398
vt 0.465022 0.662610
vn 0.998697 0.051028 -0.000001
v -2.756488 -0.817906 -6.514316 0.75328 0.15166 0.13398
vt 0.496883 0.660378
vn 0.998697 0.051028 -0.000001
f 3700/3700/3700 3701/3701/3701 3702/3702/3702
v -2.904205 -0.829567 -8.885448 0.49661 0.30868 0.28194
vt 0.691660 0.032274
vn -0.997590 -0.069383 -0.000000
v -2.887267 -1.073101 -8.885232 0.49661 0.30868 0.28194
vt 0.694118 0.044973
vn -0.997590 -0.069383 -0.000000
v -2.887267 -1.073101 -6.514090 0.49661 0.30868 0.28194
vt 0.653258 0.046191
vn -0.997590 -0.069383 -0.000000
f 3703/3703/3703 3704/3704/3704 3705/3705/3705
v -2.904205 -0.829567 -8.885448 0.49359 0.29660 0.27590
vt 0.691660 0.032274
vn -0.997591 -0.069374 0.000001
v -2.887267 -1.073101 -6.514090 0.49359 0.29660 0.27590
vt 0.653258 0.046191
vn -0.997591 -0.069374 0.000001
v -2.905014 -0.817903 -6.514316 0.49359 0.29660 0.27590
vt 0.649963 0.032958
vn -0.997591 -0.069374 0.000001
f 3706/3706/3706 3707/3707/3707 3708/3708/3708
v -2.755893 -0.829570 -8.885448 0.73818 0.16374 0.14002
vt 0.465022 0.662610
vn 0.000020 0.999988 -0.004919
v -2.904205 -0.829567 -8.885448 0.73818 0.16374 0.14002
vt 0.464545 0.656324
vn 0.000020 0.999988 -0.004919
v -2.905014 -0.817903 -6.514316 0.73818 0.16374 0.14002
vt 0.496468 0.654071
vn 0.000020 0.999988 -0.004919
f 3709/3709/3709 3710/3710/3710 3711/3711/3711
v -2.755893 -0.829570 -8.885448 0.75328 0.15166 0.12794
vt 0.465022 0.662610
vn 0.000023 0.999988 -0.004919
v -2.905014 -0.817903 -6.514316 0.75328 0.15166 0.12794
vt 0.496468 0.654071
vn 0.000023 0.999988 -0.004919
v -2.756488 -0.817906 -6.514316 0.75328 0.15166 0.12794
vt 0.496883 0.660378
vn 0.000023 0.999988 -0.004919
f 3712/3712/3712 3713/3713/3713 3714/3714/3714
v -2.743449 -1.073101 -12.457706 0.74724 0.16374 0.14304
vt 0.417373 0.686307
vn 0.998697 0.051041 -0.000001
v -2.756279 -0.822055 -12.457928 0.74724 0.16374 0.14304
vt 0.416814 0.662839
vn 0.998697 0.051041 -0.000001
v -2.755893 -0.829583 -10.151022 0.74724 0.16374 0.14304
vt 0.447983 0.662752
vn 0.998697 0.051041 -0.000001
f 3715/3715/3715 3716/3716/3716 3717/3717/3717
v -2.743449 -1.073101 -12.457706 0.75630 0.16072 0.14304
vt 0.417373 0.686307
vn 0.998697 0.051037 -0.000000
v -2.755893 -0.829583 -10.151022 0.75630 0.16072 0.14304
vt 0.447983 0.662752
vn 0.998697 0.051037 -0.000000
v -2.743449 -1.073101 -10.150807 0.75630 0.16072 0.14304
vt 0.448470 0.685604
vn 0.998697 0.051037 -0.000000
f 3718/3718/3718 3719/3719/3719 3720/3720/3720
v -2.904204 -0.829580 -10.151022 0.75630 0.15468 0.14002
vt 0.447932 0.656445
vn 0.000023 0.999995 0.003263
v -2.755893 -0.829583 -10.151022 0.75630 0.15468 0.14002
vt 0.447983 0.662752
vn 0.000023 0.999995 0.003263
v -2.756279 -0.822055 -12.457928 0.75630 0.15468 0.14002
vt 0.416814 0.662839
vn 0.000023 0.999995 0.003263
f 3721/3721/3721 3722/3722/3722 3723/3723/3723
v -2.904204 -0.829580 -10.151022 0.74120 0.17280 0.15210
vt 0.447932 0.656445
vn 0.000018 0.999995 0.003263
v -2.756279 -0.822055 -12.457928 0.74120 0.17280 0.15210
vt 0.416814 0.662839
vn 0.000018 0.999995 0.003263
v -2.904730 -0.822053 -12.457928 0.74120 0.17280 0.15210
vt 0.416808 0.656533
vn 0.000018 0.999995 0.003263
f 3724/3724/3724 3725/3725/3725 3726/3726/3726
v -2.904204 -0.829580 -10.151022 0.51473 0.29056 0.26986
vt 0.712133 0.031748
vn -0.997589 -0.069392 0.000001
v -2.904730 -0.822053 -12.457928 0.51473 0.29056 0.26986
vt 0.751827 0.029825
vn -0.997589 -0.069392 0.000001
v -2.887267 -1.073101 -12.457706 0.51473 0.29056 0.26986
vt 0.754764 0.042887
vn -0.997589 -0.069392 0.000001
f 3727/3727/3727 3728/3728/3728 3729/3729/3729
v -2.904204 -0.829580 -10.151022 0.51775 0.28754 0.26382
vt 0.712133 0.031748
vn -0.997590 -0.069383 -0.000000
v -2.887267 -1.073101 -12.457706 0.51775 0.28754 0.26382
vt 0.754764 0.042887
vn -0.997590 -0.069383 -0.000000
v -2.887267 -1.073101 -10.150807 0.51775 0.28754 0.26382
vt 0.714816 0.044445
vn -0.997590 -0.069383 -0.000000
f 3730/3730/3730 3731/3731/3731 3732/3732/3732
v -2.742456 -1.421101 11.011636 0.91030 0.91260 0.89190
vt 0.619068 0.038946
vn 0.958189 0.176332 -0.225346
v -2.743449 -0.882807 11.428625 0.91030 0.91260 0.89190
vt 0.627882 0.019912
vn 0.958189 0.176332 -0.225346
v -2.554626 -1.991411 11.364037 0.91030 0.91260 0.89190
vt 0.623927 0.059432
vn 0.958189 0.176332 -0.225346
f 3733/3733/3733 3734/3734/3734 3735/3735/3735
v -2.742456 -1.421101 11.011636 0.91030 0.91260 0.89190
vt 0.619068 0.038946
vn 0.962871 0.234813 -0.133199
v -2.554626 -1.991411 11.364037 0.91030 0.91260 0.89190
vt 0.623927 0.059432
vn 0.962871 0.234813 -0.133199
v -2.617856 -2.008900 10.876125 0.91030 0.91260 0.89190
vt 0.616331 0.059961
vn 0.962871 0.234813 -0.133199
f 3736/3736/3736 3737/3737/3737 3738/3738/3738
v -0.663457 -0.884734 11.428625 0.14634 0.26640 0.32421
vt 0.945013 0.587341
vn 0.006325 0.031374 -0.999488
v 0.000000 -0.882318 11.432900 0.14634 0.26640 0.32421
vt 0.944485 0.608488
vn 0.006325 0.031374 -0.999488
v 0.000000 -2.091621 11.394940 0.14634 0.26640 0.32421
vt 0.860550 0.605583
vn 0.006325 0.031374 -0.999488
f 3739/3739/3739 3740/3740/3740 3741/3741/3741
v -0.663457 -0.884734 11.428625 0.14332 0.24829 0.31515
vt 0.945013 0.587341
vn -0.000198 0.027792 -0.999614
v 0.000000 -2.091621 11.394940 0.14332 0.24829 0.31515
vt 0.860550 0.605583
vn -0.000198 0.027792 -0.999614
v -0.663457 -2.096355 11.394940 0.14332 0.24829 0.31515
vt 0.861013 0.584849
vn -0.000198 0.027792 -0.999614
f 3742/3742/3742 3743/3743/3743 3744/3744/3744
v -0.671786 -0.675931 15.242418 0.29128 0.26640 0.31817
vt 0.016560 0.483136
vn -0.021316 0.999690 0.012847
v -1.020370 -0.681626 15.107204 0.29128 0.26640 0.31817
vt 0.017707 0.492721
vn -0.021316 0.999690 0.012847
v -1.020825 -0.682577 15.180458 0.29128 0.26640 0.31817
vt 0.017115 0.492741
vn -0.021316 0.999690 0.012847
f 3745/3745/3745 3746/3746/3746 3747/3747/3747
v -0.671786 -0.675931 15.242418 0.27618 0.26036 0.30006
vt 0.016560 0.483136
vn -0.021012 0.999717 0.011128
v -1.020825 -0.682577 15.180458 0.27618 0.26036 0.30006
vt 0.017115 0.492741
vn -0.021012 0.999717 0.011128
v -0.672251 -0.676771 15.316975 0.27618 0.26036 0.30006
vt 0.015943 0.483160
vn -0.021012 0.999717 0.011128
f 3748/3748/3748 3749/3749/3749 3750/3750/3750
v -1.349253 -0.688049 15.051831 0.46038 0.30868 0.31214
vt 0.018233 0.501781
vn 0.038177 0.999160 0.014888
v -1.348806 -0.686992 14.979806 0.46038 0.30868 0.31214
vt 0.018832 0.501785
vn 0.038177 0.999160 0.014888
v -1.901053 -0.661008 14.652073 0.46038 0.30868 0.31214
vt 0.019207 0.517221
vn 0.038177 0.999160 0.014888
f 3751/3751/3751 3752/3752/3752 3753/3753/3753
v -1.349253 -0.688049 15.051831 0.49359 0.29056 0.31214
vt 0.018233 0.501781
vn 0.059067 0.998156 -0.014014
v -1.901053 -0.661008 14.652073 0.49359 0.29056 0.31214
vt 0.019207 0.517221
vn 0.059067 0.998156 -0.014014
v -1.968202 -0.656521 14.688613 0.49359 0.29056 0.31214
vt 0.018510 0.518942
vn 0.059067 0.998156 -0.014014
f 3754/3754/3754 3755/3755/3755 3756/3756/3756
v -2.631518 -0.883492 13.304442 0.24599 0.30868 0.34233
vt 0.965439 0.525854
vn 0.023983 0.999603 0.014808
v -1.353968 -0.914460 13.325830 0.24599 0.30868 0.34233
vt 0.964496 0.566213
vn 0.023983 0.999603 0.014808
v -1.349203 -0.903192 12.557413 0.24599 0.30868 0.34233
vt 0.956783 0.566025
vn 0.023983 0.999603 0.014808
f 3757/3757/3757 3758/3758/3758 3759/3759/3759
v -2.631518 -0.883492 13.304442 0.19465 0.28452 0.32421
vt 0.965439 0.525854
vn 0.014939 0.999888 -0.000724
v -1.349203 -0.903192 12.557413 0.19465 0.28452 0.32421
vt 0.956783 0.566025
vn 0.014939 0.999888 -0.000724
v -2.686820 -0.883215 12.545795 0.19465 0.28452 0.32421
vt 0.957924 0.523844
vn 0.014939 0.999888 -0.000724
f 3760/3760/3760 3761/3761/3761 3762/3762/3762
v -1.039622 -0.616247 13.322549 0.59626 0.59856 0.57786
vt 0.094741 0.528414
vn -0.008483 0.999880 0.012952
v -1.034826 -0.606208 12.550747 0.59626 0.59856 0.57786
vt 0.094595 0.518361
vn -0.008483 0.999880 0.012952
v -1.364061 -0.608950 12.546745 0.59626 0.59856 0.57786
vt 0.108054 0.518392
vn -0.008483 0.999880 0.012952
f 3763/3763/3763 3764/3764/3764 3765/3765/3765
v -1.039622 -0.616247 13.322549 0.59626 0.59856 0.57786
vt 0.094741 0.528414
vn -0.012390 0.999817 0.014585
v -1.364061 -0.608950 12.546745 0.59626 0.59856 0.57786
vt 0.108054 0.518392
vn -0.012390 0.999817 0.014585
v -1.368826 -0.620219 13.315164 0.59626 0.59856 0.57786
vt 0.108205 0.528412
vn -0.012390 0.999817 0.014585
f 3766/3766/3766 3767/3767/3767 3768/3768/3768
v 0.000000 -0.891873 13.356207 0.15238 0.26338 0.33629
vt 0.963268 0.609084
vn -0.014306 0.999885 0.004966
v 0.000000 -0.887987 12.573845 0.15238 0.26338 0.33629
vt 0.955432 0.608823
vn -0.014306 0.999885 0.004966
v -0.670537 -0.897540 12.565660 0.15238 0.26338 0.33629
vt 0.956208 0.587589
vn -0.014306 0.999885 0.004966
f 3769/3769/3769 3770/3770/3770 3771/3771/3771
v 0.000000 -0.891873 13.356207 0.15238 0.26338 0.33025
vt 0.963268 0.609084
vn -0.021566 0.999706 0.011126
v -0.670537 -0.897540 12.565660 0.15238 0.26338 0.33025
vt 0.956208 0.587589
vn -0.021566 0.999706 0.011126
v -0.675366 -0.906274 13.341056 0.15238 0.26338 0.33025
vt 0.963928 0.587740
vn -0.021566 0.999706 0.011126
f 3772/3772/3772 3773/3773/3773 3774/3774/3774
v -2.473287 -0.621238 14.115578 0.51775 0.29056 0.27892
vt 0.018914 0.533666
vn 0.097275 0.994821 -0.029483
v -2.363002 -0.631927 14.118758 0.51775 0.29056 0.27892
vt 0.020101 0.530971
vn 0.097275 0.994821 -0.029483
v -2.616037 -0.631620 13.294279 0.51775 0.29056 0.27892
vt 0.022908 0.541063
vn 0.097275 0.994821 -0.029483
f 3775/3775/3775 3776/3776/3776 3777/3777/3777
v -2.473287 -0.621238 14.115578 0.51775 0.29056 0.27892
vt 0.018914 0.533666
vn 0.138925 0.989624 -0.036657
v -2.616037 -0.631620 13.294279 0.51775 0.29056 0.27892
vt 0.022908 0.541063
vn 0.138925 0.989624 -0.036657
v -2.721785 -0.617132 13.284628 0.51775 0.29056 0.27892
vt 0.020968 0.543262
vn 0.138925 0.989624 -0.036657
f 3778/3778/3778 3779/3779/3779 3780/3780/3780
v -2.378484 -0.883799 14.128921 0.23995 0.29660 0.33327
vt 0.973436 0.534067
vn 0.041585 0.999024 0.014908
v -1.359301 -0.927072 14.185799 0.23995 0.29660 0.33327
vt 0.973138 0.566366
vn 0.041585 0.999024 0.014908
v -1.353968 -0.914460 13.325830 0.23995 0.29660 0.33327
vt 0.964496 0.566213
vn 0.041585 0.999024 0.014908
f 3781/3781/3781 3782/3782/3782 3783/3783/3783
v -2.378484 -0.883799 14.128921 0.26108 0.31774 0.34837
vt 0.973436 0.534067
vn 0.024352 0.999678 -0.007101
v -1.353968 -0.914460 13.325830 0.26108 0.31774 0.34837
vt 0.964496 0.566213
vn 0.024352 0.999678 -0.007101
v -2.631518 -0.883492 13.304442 0.26108 0.31774 0.34837
vt 0.965439 0.525854
vn 0.024352 0.999678 -0.007101
f 3784/3784/3784 3785/3785/3785 3786/3786/3786
v -1.030168 -0.921790 14.202883 0.20673 0.27848 0.33025
vt 0.972932 0.576781
vn -0.012352 0.999840 0.012916
v -1.024764 -0.910489 13.333217 0.20673 0.27848 0.33025
vt 0.964191 0.576666
vn -0.012352 0.999840 0.012916
v -1.353968 -0.914460 13.325830 0.20673 0.27848 0.33025
vt 0.964496 0.566213
vn -0.012352 0.999840 0.012916
f 3787/3787/3787 3788/3788/3788 3789/3789/3789
v -1.030168 -0.921790 14.202883 0.24297 0.30868 0.35441
vt 0.972932 0.576781
vn -0.016799 0.999753 0.014557
v -1.353968 -0.914460 13.325830 0.24297 0.30868 0.35441
vt 0.964496 0.566213
vn -0.016799 0.999753 0.014557
v -1.359301 -0.927072 14.185799 0.24297 0.30868 0.35441
vt 0.973138 0.566366
vn -0.016799 0.999753 0.014557
f 3790/3790/3790 3791/3791/3791 3792/3792/3792
v 0.000000 -0.896337 14.256227 0.15238 0.26338 0.33025
vt 0.972282 0.609386
vn -0.021429 0.999758 0.004959
v 0.000000 -0.891873 13.356207 0.15238 0.26338 0.33025
vt 0.963268 0.609084
vn -0.021429 0.999758 0.004959
v -0.675366 -0.906274 13.341056 0.15238 0.26338 0.33025
vt 0.963928 0.587740
vn -0.021429 0.999758 0.004959
f 3793/3793/3793 3794/3794/3794 3795/3795/3795
v 0.000000 -0.896337 14.256227 0.18559 0.29056 0.35743
vt 0.972282 0.609386
vn -0.029709 0.999497 0.011072
v -0.675366 -0.906274 13.341056 0.18559 0.29056 0.35743
vt 0.963928 0.587740
vn -0.029709 0.999497 0.011072
v -0.680845 -0.916184 14.221012 0.18559 0.29056 0.35743
vt 0.972743 0.587839
vn -0.029709 0.999497 0.011072
f 3796/3796/3796 3797/3797/3797 3798/3798/3798
v -2.746436 -0.630966 11.505405 0.50567 0.28754 0.27288
vt 0.031389 0.556246
vn 0.003576 0.999886 0.014685
v -1.327251 -0.636017 11.503755 0.50567 0.28754 0.27288
vt 0.059764 0.582056
vn 0.003576 0.999886 0.014685
v -1.326722 -0.634766 11.418463 0.50567 0.28754 0.27288
vt 0.059519 0.582482
vn 0.003576 0.999886 0.014685
f 3799/3799/3799 3800/3800/3800 3801/3801/3801
v -2.746436 -0.630966 11.505405 0.51473 0.28754 0.27590
vt 0.031389 0.556246
vn 0.002734 0.999996 0.000944
v -1.326722 -0.634766 11.418463 0.51473 0.28754 0.27590
vt 0.059519 0.582482
vn 0.002734 0.999996 0.000944
v -2.727967 -0.630935 11.418463 0.51473 0.28754 0.27590
vt 0.031646 0.557877
vn 0.002734 0.999996 0.000944
f 3802/3802/3802 3803/3803/3803 3804/3804/3804
v -1.013456 -0.886818 11.513321 0.15238 0.26338 0.33025
vt 0.946055 0.576251
vn -0.002805 0.999911 0.013006
v -1.012930 -0.885715 11.428625 0.15238 0.26338 0.33025
vt 0.945267 0.576179
vn -0.002805 0.999911 0.013006
v -1.342204 -0.886638 11.428625 0.15238 0.26338 0.33025
vt 0.945285 0.565537
vn -0.002805 0.999911 0.013006
f 3805/3805/3805 3806/3806/3806 3807/3807/3807
v -1.013456 -0.886818 11.513321 0.16446 0.26338 0.32723
vt 0.946055 0.576251
vn -0.003226 0.999888 0.014643
v -1.342204 -0.886638 11.428625 0.16446 0.26338 0.32723
vt 0.945285 0.565537
vn -0.003226 0.999888 0.014643
v -1.342733 -0.887889 11.513917 0.16446 0.26338 0.32723
vt 0.946267 0.565842
vn -0.003226 0.999888 0.014643
f 3808/3808/3808 3809/3809/3809 3810/3810/3810
v 0.000000 -0.630943 11.503474 0.91030 0.91260 0.89190
vt 0.092950 0.053071
vn -0.003674 0.999981 0.004939
v 0.000000 -0.630555 11.425001 0.91030 0.91260 0.89190
vt 0.093609 0.053098
vn -0.003674 0.999981 0.004939
v -0.668431 -0.632990 11.420694 0.91030 0.91260 0.89190
vt 0.092881 0.070793
vn -0.003674 0.999981 0.004939
f 3811/3811/3811 3812/3812/3812 3813/3813/3813
v 0.000000 -0.630943 11.503474 0.91030 0.91260 0.89190
vt 0.092950 0.053071
vn -0.004453 0.999927 0.011230
v -0.668431 -0.632990 11.420694 0.91030 0.91260 0.89190
vt 0.092881 0.070793
vn -0.004453 0.999927 0.011230
v -0.668955 -0.633936 11.504758 0.91030 0.91260 0.89190
vt 0.092167 0.070776
vn -0.004453 0.999927 0.011230
f 3814/3814/3814 3815/3815/3815 3816/3816/3816
v -2.727967 -0.630935 11.418463 0.51775 0.29358 0.26684
vt 0.031646 0.557877
vn -0.148069 0.988955 -0.006616
v -2.869674 -0.652009 11.439812 0.51775 0.29358 0.26684
vt 0.028013 0.557345
vn -0.148069 0.988955 -0.006616
v -2.864760 -0.650850 11.503021 0.51775 0.29358 0.26684
vt 0.028031 0.557318
vn -0.148069 0.988955 -0.006616
f 3817/3817/3817 3818/3818/3818 3819/3819/3819
v -2.727967 -0.630935 11.418463 0.51775 0.29358 0.27288
vt 0.031646 0.557877
vn -0.164941 0.985694 -0.034679
v -2.864760 -0.650850 11.503021 0.51775 0.29358 0.27288
vt 0.028031 0.557318
vn -0.164941 0.985694 -0.034679
v -2.746436 -0.630966 11.505405 0.51775 0.29358 0.27288
vt 0.031389 0.556246
vn -0.164941 0.985694 -0.034679
f 3820/3820/3820 3821/3821/3821 3822/3822/3822
v -2.782420 -0.631432 12.529063 0.51775 0.29358 0.27288
vt 0.023957 0.549555
vn -0.000826 1.000000 0.000426
v -2.671338 -0.631343 12.535632 0.51775 0.29358 0.27288
vt 0.026020 0.547730
vn -0.000826 1.000000 0.000426
v -2.746436 -0.630966 11.505405 0.51775 0.29358 0.27288
vt 0.031389 0.556246
vn -0.000826 1.000000 0.000426
f 3823/3823/3823 3824/3824/3824 3825/3825/3825
v -2.782420 -0.631432 12.529063 0.51775 0.29358 0.26684
vt 0.023957 0.549555
vn -0.165612 0.986176 -0.005373
v -2.746436 -0.630966 11.505405 0.51775 0.29358 0.26684
vt 0.031389 0.556246
vn -0.165612 0.986176 -0.005373
v -2.864760 -0.650850 11.503021 0.51775 0.29358 0.26684
vt 0.028031 0.557318
vn -0.165612 0.986176 -0.005373
f 3826/3826/3826 3827/3827/3827 3828/3828/3828
v -1.916534 -0.912880 14.662238 0.20673 0.27244 0.32119
vt 0.978416 0.548902
vn 0.038177 0.999160 0.014889
v -1.364288 -0.938864 14.989971 0.20673 0.27244 0.32119
vt 0.981230 0.566493
vn 0.038177 0.999160 0.014889
v -1.359301 -0.927072 14.185799 0.20673 0.27244 0.32119
vt 0.973138 0.566366
vn 0.038177 0.999160 0.014889
f 3829/3829/3829 3830/3830/3830 3831/3831/3831
v -1.916534 -0.912880 14.662238 0.24297 0.30264 0.35743
vt 0.978416 0.548902
vn 0.041374 0.998970 0.018634
v -1.359301 -0.927072 14.185799 0.24297 0.30264 0.35743
vt 0.973138 0.566366
vn 0.041374 0.998970 0.018634
v -2.378484 -0.883799 14.128921 0.24297 0.30264 0.35743
vt 0.973436 0.534067
vn 0.041374 0.998970 0.018634
f 3832/3832/3832 3833/3833/3833 3834/3834/3834
v -1.364288 -0.938864 14.989971 0.16144 0.26036 0.32421
vt 0.981230 0.566493
vn -0.021246 0.999694 0.012667
v -1.035851 -0.933498 15.117369 0.16144 0.26036 0.32421
vt 0.982123 0.576904
vn -0.021246 0.999694 0.012667
v -1.030168 -0.921790 14.202883 0.16144 0.26036 0.32421
vt 0.972932 0.576781
vn -0.021246 0.999694 0.012667
f 3835/3835/3835 3836/3836/3836 3837/3837/3837
v -1.364288 -0.938864 14.989971 0.18257 0.26942 0.31515
vt 0.981230 0.566493
vn -0.016799 0.999753 0.014557
v -1.030168 -0.921790 14.202883 0.18257 0.26942 0.31515
vt 0.972932 0.576781
vn -0.016799 0.999753 0.014557
v -1.359301 -0.927072 14.185799 0.18257 0.26942 0.31515
vt 0.973138 0.566366
vn -0.016799 0.999753 0.014557
f 3838/3838/3838 3839/3839/3839 3840/3840/3840
v -0.687268 -0.927803 15.252581 0.16144 0.26640 0.32723
vt 0.983094 0.587966
vn -0.038598 0.999243 0.004933
v 0.000000 -0.902023 15.407993 0.16144 0.26640 0.32723
vt 0.983810 0.609784
vn -0.038598 0.999243 0.004933
v 0.000000 -0.896337 14.256227 0.16144 0.26640 0.32723
vt 0.972282 0.609386
vn -0.038598 0.999243 0.004933
f 3841/3841/3841 3842/3842/3842 3843/3843/3843
v -0.687268 -0.927803 15.252581 0.16144 0.27546 0.33931
vt 0.983094 0.587966
vn -0.029709 0.999497 0.011072
v 0.000000 -0.896337 14.256227 0.16144 0.27546 0.33931
vt 0.972282 0.609386
vn -0.029709 0.999497 0.011072
v -0.680845 -0.916184 14.221012 0.16144 0.27546 0.33931
vt 0.972743 0.587839
vn -0.029709 0.999497 0.011072
f 3844/3844/3844 3845/3845/3845 3846/3846/3846
v -1.914836 -3.688799 -14.518064 0.90426 0.91260 0.89190
vt 0.858744 0.176519
vn -0.433497 -0.333143 -0.837315
v -2.099336 -3.027679 -14.685585 0.90426 0.91260 0.89190
vt 0.842704 0.142378
vn -0.433497 -0.333143 -0.837315
v -1.441176 -3.288098 -14.922716 0.90426 0.91260 0.89190
vt 0.882344 0.154790
vn -0.433497 -0.333143 -0.837315
f 3847/3847/3847 3848/3848/3848 3849/3849/3849
v -1.914836 -3.688799 -14.518064 0.91030 0.91260 0.89190
vt 0.858744 0.176519
vn -0.357360 -0.420000 -0.834202
v -1.441176 -3.288098 -14.922716 0.91030 0.91260 0.89190
vt 0.882344 0.154790
vn -0.357360 -0.420000 -0.834202
v -1.300020 -4.088733 -14.580085 0.91030 0.91260 0.89190
vt 0.897108 0.196252
vn -0.357360 -0.420000 -0.834202
f 3850/3850/3850 3851/3851/3851 3852/3852/3852
v -1.683407 -3.549026 11.134418 0.59626 0.59856 0.57786
vt 0.253321 0.176747
vn -0.760492 -0.640967 0.103989
v -1.231095 -4.061303 11.284702 0.59626 0.59856 0.57786
vt 0.222111 0.202513
vn -0.760492 -0.640967 0.103989
v -1.224514 -4.034551 11.497720 0.59626 0.59856 0.57786
vt 0.219784 0.200635
vn -0.760492 -0.640967 0.103989
f 3853/3853/3853 3854/3854/3854 3855/3855/3855
v -1.683407 -3.549026 11.134418 0.59626 0.59856 0.57786
vt 0.253321 0.176747
vn -0.762359 -0.637588 0.110862
v -1.224514 -4.034551 11.497720 0.59626 0.59856 0.57786
vt 0.219784 0.200635
vn -0.762359 -0.637588 0.110862
v -1.678352 -3.533680 11.257443 0.59626 0.59856 0.57786
vt 0.251869 0.175685
vn -0.762359 -0.637588 0.110862
f 3856/3856/3856 3857/3857/3857 3858/3858/3858
v -1.974591 -3.785423 -5.405569 0.91030 0.90958 0.89190
vt 0.651937 0.190118
vn -0.641036 -0.767384 -0.013959
v -1.935474 -3.760813 -8.554890 0.91030 0.90958 0.89190
vt 0.707991 0.188478
vn -0.641036 -0.767384 -0.013959
v -1.362034 -4.245600 -8.238089 0.91030 0.90958 0.89190
vt 0.704658 0.217312
vn -0.641036 -0.767384 -0.013959
f 3859/3859/3859 3860/3860/3860 3861/3861/3861
v -1.974591 -3.785423 -5.405569 0.90728 0.90656 0.89190
vt 0.651937 0.190118
vn -0.624404 -0.781059 -0.008140
v -1.362034 -4.245600 -8.238089 0.90728 0.90656 0.89190
vt 0.704658 0.217312
vn -0.624404 -0.781059 -0.008140
v -1.367714 -4.267882 -5.664469 0.90728 0.90656 0.89190
vt 0.658962 0.218953
vn -0.624404 -0.781059 -0.008140
f 3862/3862/3862 3863/3863/3863 3864/3864/3864
v -1.955098 -3.769303 -11.667058 0.14030 0.27244 0.27288
vt 0.764342 0.187547
vn -0.622640 -0.782385 0.013898
v -1.344047 -4.261644 -12.007757 0.14030 0.27244 0.27288
vt 0.772202 0.217068
vn -0.622640 -0.782385 0.013898
v -1.350953 -4.246807 -11.481908 0.14030 0.27244 0.27288
vt 0.762727 0.216481
vn -0.622640 -0.782385 0.013898
f 3865/3865/3865 3866/3866/3866 3867/3867/3867
v -1.955098 -3.769303 -11.667058 0.16446 0.32076 0.31515
vt 0.764342 0.187547
vn -0.622654 -0.782372 0.013974
v -1.350953 -4.246807 -11.481908 0.16446 0.32076 0.31515
vt 0.762727 0.216481
vn -0.622654 -0.782372 0.013974
v -1.957997 -3.761876 -11.380402 0.16446 0.32076 0.31515
vt 0.759099 0.187319
vn -0.622654 -0.782372 0.013974
f 3868/3868/3868 3869/3869/3869 3870/3870/3870
v -1.616098 -3.395871 12.127271 0.59626 0.59856 0.57786
vt 0.241582 0.166924
vn -0.765297 -0.567522 0.303709
v -1.202745 -3.873612 12.276128 0.59626 0.59856 0.57786
vt 0.213197 0.190862
vn -0.765297 -0.567522 0.303709
v -1.161659 -3.594646 12.900945 0.59626 0.59856 0.57786
vt 0.209850 0.175686
vn -0.765297 -0.567522 0.303709
f 3871/3871/3871 3872/3872/3872 3873/3873/3873
v -1.616098 -3.395871 12.127271 0.61438 0.61668 0.59598
vt 0.241582 0.166924
vn -0.726286 -0.634888 0.263487
v -1.161659 -3.594646 12.900945 0.61438 0.61668 0.59598
vt 0.209850 0.175686
vn -0.726286 -0.634888 0.263487
v -1.570848 -3.189220 12.749938 0.61438 0.61668 0.59598
vt 0.236665 0.155365
vn -0.726286 -0.634888 0.263487
f 3874/3874/3874 3875/3875/3875 3876/3876/3876
v -1.968990 -3.809672 -14.178529 0.91030 0.91260 0.89190
vt 0.809162 0.188774
vn -0.610003 -0.792328 0.010645
v -1.327056 -4.302207 -14.053303 0.91030 0.91260 0.89190
vt 0.808708 0.218622
vn -0.610003 -0.792328 0.010645
v -1.344047 -4.261644 -12.007757 0.91030 0.91260 0.89190
vt 0.772202 0.217068
vn -0.610003 -0.792328 0.010645
f 3877/3877/3877 3878/3878/3878 3879/3879/3879
v -1.968990 -3.809672 -14.178529 0.91030 0.91260 0.89190
vt 0.809162 0.188774
vn -0.621898 -0.782935 0.016025
v -1.344047 -4.261644 -12.007757 0.91030 0.91260 0.89190
vt 0.772202 0.217068
vn -0.621898 -0.782935 0.016025
v -1.955098 -3.769303 -11.667058 0.91030 0.91260 0.89190
vt 0.764342 0.187547
vn -0.621898 -0.782935 0.016025
f 3880/3880/3880 3881/3881/3881 3882/3882/3882
v -2.736682 -0.771465 -14.548065 0.27920 0.30566 0.34535
vt 0.858672 0.954364
vn 0.000000 1.000000 0.000000
v -1.694657 -0.771465 -14.866272 0.27920 0.30566 0.34535
vt 0.823782 0.953347
vn 0.000000 1.000000 0.000000
v -1.671152 -0.771465 -15.036875 0.27920 0.30566 0.34535
vt 0.822882 0.951597
vn 0.000000 1.000000 0.000000
f 3883/3883/3883 3884/3884/3884 3885/3885/3885
v -2.736682 -0.771465 -14.548065 0.24599 0.29962 0.34233
vt 0.858672 0.954364
vn -0.000001 1.000000 -0.000003
v -1.671152 -0.771465 -15.036875 0.24599 0.29962 0.34233
vt 0.822882 0.951597
vn -0.000001 1.000000 -0.000003
v -2.712966 -0.771465 -14.686556 0.24599 0.29962 0.34233
vt 0.857785 0.952957
vn -0.000001 1.000000 -0.000003
f 3886/3886/3886 3887/3887/3887 3888/3888/3888
v -2.373631 -1.673286 -14.705818 0.91030 0.91260 0.89190
vt 0.818579 0.072107
vn -0.376092 -0.072804 -0.923718
v -1.604499 -1.676103 -15.018749 0.91030 0.91260 0.89190
vt 0.861643 0.071035
vn -0.376092 -0.072804 -0.923718
v -1.526818 -2.199654 -15.009113 0.91030 0.91260 0.89190
vt 0.869676 0.098215
vn -0.376092 -0.072804 -0.923718
f 3889/3889/3889 3890/3890/3890 3891/3891/3891
v -2.373631 -1.673286 -14.705818 0.91030 0.91260 0.89190
vt 0.818579 0.072107
vn -0.397358 -0.114646 -0.910474
v -1.526818 -2.199654 -15.009113 0.91030 0.91260 0.89190
vt 0.869676 0.098215
vn -0.397358 -0.114646 -0.910474
v -2.216238 -2.168273 -14.712181 0.91030 0.91260 0.89190
vt 0.830414 0.097727
vn -0.397358 -0.114646 -0.910474
f 3892/3892/3892 3893/3893/3893 3894/3894/3894
v -1.861495 -3.713469 7.712146 0.91030 0.91260 0.89190
vt 0.418520 0.190719
vn -0.664475 -0.746930 0.023822
v -1.953778 -3.766839 3.464639 0.91030 0.91260 0.89190
vt 0.494358 0.191423
vn -0.664475 -0.746930 0.023822
v -1.361746 -4.251999 4.766382 0.91030 0.91260 0.89190
vt 0.473698 0.220462
vn -0.664475 -0.746930 0.023822
f 3895/3895/3895 3896/3896/3896 3897/3897/3897
v -1.861495 -3.713469 7.712146 0.91030 0.91260 0.89190
vt 0.418520 0.190719
vn -0.676557 -0.736124 0.019797
v -1.361746 -4.251999 4.766382 0.91030 0.91260 0.89190
vt 0.473698 0.220462
vn -0.676557 -0.736124 0.019797
v -1.316142 -4.194216 8.473505 0.91030 0.91260 0.89190
vt 0.407582 0.219101
vn -0.676557 -0.736124 0.019797
f 3898/3898/3898 3899/3899/3899 3900/3900/3900
v -1.953778 -3.766839 3.464639 0.91030 0.91260 0.89190
vt 0.494358 0.191423
vn -0.615163 -0.788368 0.007078
v -1.992124 -3.793012 -2.783582 0.91030 0.91260 0.89190
vt 0.605346 0.190951
vn -0.615163 -0.788368 0.007078
v -1.372400 -4.277675 -2.905302 0.91030 0.91260 0.89190
vt 0.609935 0.220013
vn -0.615163 -0.788368 0.007078
f 3901/3901/3901 3902/3902/3902 3903/3903/3903
v -1.953778 -3.766839 3.464639 0.77140 0.80087 0.78319
vt 0.494358 0.191423
vn -0.638380 -0.769713 0.003463
v -1.372400 -4.277675 -2.905302 0.77140 0.80087 0.78319
vt 0.609935 0.220013
vn -0.638380 -0.769713 0.003463
v -1.361746 -4.251999 4.766382 0.77140 0.80087 0.78319
vt 0.473698 0.220462
vn -0.638380 -0.769713 0.003463
f 3904/3904/3904 3905/3905/3905 3906/3906/3906
v -1.974591 -3.785423 -5.405569 0.91030 0.91260 0.89190
vt 0.651937 0.190118
vn -0.623297 -0.781976 -0.003834
v -1.367714 -4.267882 -5.664469 0.91030 0.91260 0.89190
vt 0.658962 0.218953
vn -0.623297 -0.781976 -0.003834
v -1.372400 -4.277675 -2.905302 0.91030 0.91260 0.89190
vt 0.609935 0.220013
vn -0.623297 -0.781976 -0.003834
f 3907/3907/3907 3908/3908/3908 3909/3909/3909
v -1.974591 -3.785423 -5.405569 0.91030 0.91260 0.89190
vt 0.651937 0.190118
vn -0.616809 -0.787087 -0.006403
v -1.372400 -4.277675 -2.905302 0.91030 0.91260 0.89190
vt 0.609935 0.220013
vn -0.616809 -0.787087 -0.006403
v -1.992124 -3.793012 -2.783582 0.91030 0.91260 0.89190
vt 0.605346 0.190951
vn -0.616809 -0.787087 -0.006403
f 3910/3910/3910 3911/3911/3911 3912/3912/3912
v -1.861495 -3.713469 7.712146 0.91030 0.91260 0.89190
vt 0.418520 0.190719
vn -0.695299 -0.717304 0.045105
v -1.316142 -4.194216 8.473505 0.91030 0.91260 0.89190
vt 0.407582 0.219101
vn -0.695299 -0.717304 0.045105
v -1.264287 -4.130087 10.292707 0.91030 0.91260 0.89190
vt 0.374555 0.217134
vn -0.695299 -0.717304 0.045105
f 3913/3913/3913 3914/3914/3914 3915/3915/3915
v -1.861495 -3.713469 7.712146 0.91030 0.91260 0.89190
vt 0.418520 0.190719
vn -0.729816 -0.681099 0.058938
v -1.264287 -4.130087 10.292707 0.91030 0.91260 0.89190
vt 0.374555 0.217134
vn -0.729816 -0.681099 0.058938
v -1.758574 -3.636745 9.873211 0.91030 0.91260 0.89190
vt 0.378916 0.188537
vn -0.729816 -0.681099 0.058938
f 3916/3916/3916 3917/3917/3917 3918/3918/3918
v -1.758574 -3.636745 9.873211 0.91030 0.91260 0.89190
vt 0.378916 0.188537
vn -0.734323 -0.675037 0.071377
v -1.264287 -4.130087 10.292707 0.91030 0.91260 0.89190
vt 0.374555 0.217134
vn -0.734323 -0.675037 0.071377
v -1.231095 -4.061303 11.284702 0.91030 0.91260 0.89190
vt 0.355876 0.214565
vn -0.734323 -0.675037 0.071377
f 3919/3919/3919 3920/3920/3920 3921/3921/3921
v -1.758574 -3.636745 9.873211 0.91030 0.91260 0.89190
vt 0.378916 0.188537
vn -0.759533 -0.644202 0.090073
v -1.231095 -4.061303 11.284702 0.91030 0.91260 0.89190
vt 0.355876 0.214565
vn -0.759533 -0.644202 0.090073
v -1.683407 -3.549026 11.134418 0.91030 0.91260 0.89190
vt 0.354829 0.185359
vn -0.759533 -0.644202 0.090073
f 3922/3922/3922 3923/3923/3923 3924/3924/3924
v -1.968990 -3.809672 -14.178529 0.90728 0.90958 0.88888
vt 0.855389 0.183275
vn -0.696840 -0.587492 -0.411420
v -2.496311 -3.247213 -14.088553 0.90728 0.90958 0.88888
vt 0.820642 0.154754
vn -0.696840 -0.587492 -0.411420
v -2.318673 -3.226695 -14.418726 0.90728 0.90958 0.88888
vt 0.831507 0.153154
vn -0.696840 -0.587492 -0.411420
f 3925/3925/3925 3926/3926/3926 3927/3927/3927
v -1.968990 -3.809672 -14.178529 0.91030 0.91260 0.88586
vt 0.855389 0.183275
vn -0.745481 -0.581427 -0.325886
v -2.318673 -3.226695 -14.418726 0.91030 0.91260 0.88586
vt 0.831507 0.153154
vn -0.745481 -0.581427 -0.325886
v -1.914836 -3.688799 -14.518064 0.91030 0.91260 0.88586
vt 0.858744 0.176519
vn -0.745481 -0.581427 -0.325886
f 3928/3928/3928 3929/3929/3929 3930/3930/3930
v -1.600163 -2.680734 13.363757 0.91030 0.91260 0.89190
vt 0.240253 0.128535
vn -0.745019 -0.574286 0.339327
v -2.030722 -2.341739 12.992156 0.91030 0.91260 0.89190
vt 0.269934 0.112009
vn -0.745019 -0.574286 0.339327
v -1.855136 -2.820032 12.568195 0.91030 0.91260 0.89190
vt 0.257609 0.136933
vn -0.745019 -0.574286 0.339327
f 3931/3931/3931 3932/3932/3932 3933/3933/3933
v -1.600163 -2.680734 13.363757 0.18257 0.32982 0.30912
vt 0.240253 0.128535
vn -0.818285 -0.461247 0.343017
v -1.855136 -2.820032 12.568195 0.18257 0.32982 0.30912
vt 0.257609 0.136933
vn -0.818285 -0.461247 0.343017
v -1.570848 -3.189220 12.749938 0.18257 0.32982 0.30912
vt 0.236665 0.155365
vn -0.818285 -0.461247 0.343017
f 3934/3934/3934 3935/3935/3935 3936/3936/3936
v -1.983684 -0.908393 14.698775 0.91030 0.91260 0.89190
vt 0.267263 0.036026
vn -0.622547 -0.591595 0.512299
v -2.488768 -0.873110 14.125741 0.91030 0.91260 0.89190
vt 0.296350 0.035279
vn -0.622547 -0.591595 0.512299
v -2.223020 -1.689056 13.506435 0.91030 0.91260 0.89190
vt 0.287414 0.078326
vn -0.622547 -0.591595 0.512299
f 3937/3937/3937 3938/3938/3938 3939/3939/3939
v -1.983684 -0.908393 14.698775 0.14634 0.31774 0.32119
vt 0.267263 0.036026
vn -0.702855 -0.522217 0.482995
v -2.223020 -1.689056 13.506435 0.14634 0.31774 0.32119
vt 0.287414 0.078326
vn -0.702855 -0.522217 0.482995
v -1.785699 -1.901794 13.912812 0.14634 0.31774 0.32119
vt 0.258905 0.088288
vn -0.702855 -0.522217 0.482995
f 3940/3940/3940 3941/3941/3941 3942/3942/3942
v -2.216238 -2.168273 -14.712181 0.14634 0.29962 0.31214
vt 0.830414 0.097727
vn -0.683208 -0.115250 -0.721071
v -2.099336 -3.027679 -14.685585 0.14634 0.29962 0.31214
vt 0.842704 0.142378
vn -0.683208 -0.115250 -0.721071
v -2.540636 -2.791590 -14.305191 0.14634 0.29962 0.31214
vt 0.814387 0.130962
vn -0.683208 -0.115250 -0.721071
f 3943/3943/3943 3944/3944/3944 3945/3945/3945
v -2.216238 -2.168273 -14.712181 0.89218 0.90656 0.89190
vt 0.830414 0.097727
vn -0.699751 -0.097877 -0.707650
v -2.540636 -2.791590 -14.305191 0.89218 0.90656 0.89190
vt 0.814387 0.130962
vn -0.699751 -0.097877 -0.707650
v -2.648779 -2.146246 -14.287514 0.89218 0.90656 0.89190
vt 0.804610 0.097348
vn -0.699751 -0.097877 -0.707650
f 3946/3946/3946 3947/3947/3947 3948/3948/3948
v -1.600163 -2.680734 13.363757 0.91030 0.90958 0.89190
vt 0.240253 0.128535
vn -0.642696 -0.498344 0.581890
v -1.176351 -2.944377 13.606066 0.91030 0.90958 0.89190
vt 0.213348 0.141438
vn -0.642696 -0.498344 0.581890
v -1.263503 -2.001743 14.317100 0.91030 0.90958 0.89190
vt 0.227268 0.092401
vn -0.642696 -0.498344 0.581890
f 3949/3949/3949 3950/3950/3950 3951/3951/3951
v -1.600163 -2.680734 13.363757 0.14030 0.30868 0.32119
vt 0.240253 0.128535
vn -0.571760 -0.559284 0.600243
v -1.263503 -2.001743 14.317100 0.14030 0.30868 0.32119
vt 0.227268 0.092401
vn -0.571760 -0.559284 0.600243
v -1.785699 -1.901794 13.912812 0.14030 0.30868 0.32119
vt 0.258905 0.088288
vn -0.571760 -0.559284 0.600243
f 3952/3952/3952 3953/3953/3953 3954/3954/3954
v -2.373631 -1.673286 -14.705818 0.91030 0.91260 0.88586
vt 0.818579 0.072107
vn -0.631196 -0.141036 -0.762693
v -2.760524 -1.670452 -14.386154 0.91030 0.91260 0.88586
vt 0.796616 0.072534
vn -0.631196 -0.141036 -0.762693
v -2.854638 -1.073101 -14.418727 0.91030 0.91260 0.88586
vt 0.787061 0.041579
vn -0.631196 -0.141036 -0.762693
f 3955/3955/3955 3956/3956/3956 3957/3957/3957
v -2.373631 -1.673286 -14.705818 0.44528 0.39323 0.37555
vt 0.818579 0.072107
vn -0.795417 -0.436209 -0.420754
v -2.854638 -1.073101 -14.418727 0.44528 0.39323 0.37555
vt 0.787061 0.041579
vn -0.795417 -0.436209 -0.420754
v -2.712966 -1.073101 -14.686552 0.44528 0.39323 0.37555
vt 0.795442 0.041358
vn -0.795417 -0.436209 -0.420754
f 3958/3958/3958 3959/3959/3959 3960/3960/3960
v -1.645175 -3.464858 11.726865 0.59626 0.59856 0.57786
vt 0.246169 0.171211
vn -0.773196 -0.611603 0.167660
v -1.217328 -3.962953 11.882975 0.59626 0.59856 0.57786
vt 0.216440 0.196155
vn -0.773196 -0.611603 0.167660
v -1.202745 -3.873612 12.276128 0.59626 0.59856 0.57786
vt 0.213197 0.190862
vn -0.773196 -0.611603 0.167660
f 3961/3961/3961 3962/3962/3962 3963/3963/3963
v -1.645175 -3.464858 11.726865 0.59626 0.59856 0.57786
vt 0.246169 0.171211
vn -0.770661 -0.616272 0.162143
v -1.202745 -3.873612 12.276128 0.59626 0.59856 0.57786
vt 0.213197 0.190862
vn -0.770661 -0.616272 0.162143
v -1.616098 -3.395871 12.127271 0.59626 0.59856 0.57786
vt 0.241582 0.166924
vn -0.770661 -0.616272 0.162143
f 3964/3964/3964 3965/3965/3965 3966/3966/3966
v -1.948764 -3.760454 -10.325551 0.91030 0.91260 0.88586
vt 0.740024 0.187750
vn -0.631919 -0.775034 -0.001013
v -1.355257 -4.244335 -10.348796 0.91030 0.91260 0.88586
vt 0.742416 0.216681
vn -0.631919 -0.775034 -0.001013
v -1.357703 -4.243066 -9.794316 0.91030 0.91260 0.88586
vt 0.732463 0.216776
vn -0.631919 -0.775034 -0.001013
f 3967/3967/3967 3968/3968/3968 3969/3969/3969
v -1.948764 -3.760454 -10.325551 0.91030 0.91260 0.89190
vt 0.740024 0.187750
vn -0.635710 -0.771904 0.006048
v -1.357703 -4.243066 -9.794316 0.91030 0.91260 0.89190
vt 0.732463 0.216776
vn -0.635710 -0.771904 0.006048
v -1.944936 -3.759736 -9.831722 0.91030 0.91260 0.89190
vt 0.731058 0.187934
vn -0.635710 -0.771904 0.006048
f 3970/3970/3970 3971/3971/3971 3972/3972/3972
v -1.944936 -3.759736 -9.831722 0.91030 0.91260 0.89190
vt 0.731058 0.187934
vn -0.635482 -0.772116 -0.000278
v -1.357703 -4.243066 -9.794316 0.91030 0.91260 0.89190
vt 0.732463 0.216776
vn -0.635482 -0.772116 -0.000278
v -1.360468 -4.241134 -8.840134 0.91030 0.91260 0.89190
vt 0.715423 0.216941
vn -0.635482 -0.772116 -0.000278
f 3973/3973/3973 3974/3974/3974 3975/3975/3975
v -1.944936 -3.759736 -9.831722 0.16144 0.31170 0.30912
vt 0.731058 0.187934
vn -0.643207 -0.765656 0.007412
v -1.360468 -4.241134 -8.840134 0.16144 0.31170 0.30912
vt 0.715423 0.216941
vn -0.643207 -0.765656 0.007412
v -1.935410 -3.758592 -8.886781 0.16144 0.31170 0.30912
vt 0.714081 0.188257
vn -0.643207 -0.765656 0.007412
f 3976/3976/3976 3977/3977/3977 3978/3978/3978
v -1.935410 -3.758592 -8.886781 0.58720 0.68311 0.67147
vt 0.714081 0.188257
vn -0.642505 -0.766247 -0.007356
v -1.360468 -4.241134 -8.840134 0.58720 0.68311 0.67147
vt 0.715423 0.216941
vn -0.642505 -0.766247 -0.007356
v -1.362034 -4.245600 -8.238089 0.58720 0.68311 0.67147
vt 0.704658 0.217312
vn -0.642505 -0.766247 -0.007356
f 3979/3979/3979 3980/3980/3980 3981/3981/3981
v -1.935410 -3.758592 -8.886781 0.14030 0.26942 0.25174
vt 0.714081 0.188257
vn -0.643908 -0.765085 -0.005244
v -1.362034 -4.245600 -8.238089 0.14030 0.26942 0.25174
vt 0.704658 0.217312
vn -0.643908 -0.765085 -0.005244
v -1.935474 -3.760813 -8.554890 0.14030 0.26942 0.25174
vt 0.707991 0.188478
vn -0.643908 -0.765085 -0.005244
f 3982/3982/3982 3983/3983/3983 3984/3984/3984
v -1.957997 -3.761876 -11.380402 0.86199 0.91260 0.89190
vt 0.759099 0.187319
vn -0.624143 -0.781310 -0.000004
v -1.350953 -4.246807 -11.481908 0.86199 0.91260 0.89190
vt 0.762727 0.216481
vn -0.624143 -0.781310 -0.000004
v -1.353088 -4.245106 -10.607237 0.86199 0.91260 0.89190
vt 0.747111 0.216631
vn -0.624143 -0.781310 -0.000004
f 3985/3985/3985 3986/3986/3986 3987/3987/3987
v -1.957997 -3.761876 -11.380402 0.91030 0.91260 0.89190
vt 0.759099 0.187319
vn -0.630063 -0.776507 0.007630
v -1.353088 -4.245106 -10.607237 0.91030 0.91260 0.89190
vt 0.747111 0.216631
vn -0.630063 -0.776507 0.007630
v -1.948452 -3.760852 -10.487893 0.91030 0.91260 0.89190
vt 0.743096 0.187655
vn -0.630063 -0.776507 0.007630
f 3988/3988/3988 3989/3989/3989 3990/3990/3990
v -1.968202 -0.656521 14.688613 0.52077 0.29056 0.27288
vt 0.018510 0.518942
vn 0.065438 0.997854 -0.002269
v -1.901053 -0.661008 14.652073 0.52077 0.29056 0.27288
vt 0.019207 0.517221
vn 0.065438 0.997854 -0.002269
v -2.363002 -0.631927 14.118758 0.52077 0.29056 0.27288
vt 0.020101 0.530971
vn 0.065438 0.997854 -0.002269
f 3991/3991/3991 3992/3992/3992 3993/3993/3993
v -1.968202 -0.656521 14.688613 0.52077 0.28754 0.27892
vt 0.018510 0.518942
vn 0.097142 0.994972 -0.024359
v -2.363002 -0.631927 14.118758 0.52077 0.28754 0.27892
vt 0.020101 0.530971
vn 0.097142 0.994972 -0.024359
v -2.473287 -0.621238 14.115578 0.52077 0.28754 0.27892
vt 0.018914 0.533666
vn 0.097142 0.994972 -0.024359
f 3994/3994/3994 3995/3995/3995 3996/3996/3996
v -2.743449 -0.882807 11.428625 0.52077 0.29660 0.27590
vt 0.021739 0.569194
vn -0.000110 -0.040309 -0.999187
v -2.727967 -0.630935 11.418463 0.52077 0.29660 0.27590
vt 0.031646 0.557877
vn -0.000110 -0.040309 -0.999187
v -1.326722 -0.634766 11.418463 0.52077 0.29660 0.27590
vt 0.059519 0.582482
vn -0.000110 -0.040309 -0.999187
f 3997/3997/3997 3998/3998/3998 3999/3999/3999
v -2.743449 -0.882807 11.428625 0.52077 0.29660 0.27590
vt 0.021739 0.569194
vn -0.000110 -0.040309 -0.999187
v -1.326722 -0.634766 11.418463 0.52077 0.29660 0.27590
vt 0.059519 0.582482
vn -0.000110 -0.040309 -0.999187
v -1.342204 -0.886638 11.428625 0.52077 0.29660 0.27590
vt 0.049826 0.593382
vn -0.000110 -0.040309 -0.999187
f 4000/4000/4000 4001/4001/4001 4002/4002/4002
v -1.342204 -0.886638 11.428625 0.59626 0.59856 0.57786
vt 0.073402 0.587534
vn 0.998115 -0.061137 0.005293
v -1.326722 -0.634766 11.418463 0.59626 0.59856 0.57786
vt 0.059519 0.582482
vn 0.998115 -0.061137 0.005293
v -1.327251 -0.636017 11.503755 0.59626 0.59856 0.57786
vt 0.059764 0.582056
vn 0.998115 -0.061137 0.005293
f 4003/4003/4003 4004/4004/4004 4005/4005/4005
v -1.342204 -0.886638 11.428625 0.59626 0.59856 0.57786
vt 0.073402 0.587534
vn 0.998115 -0.061137 0.005293
v -1.327251 -0.636017 11.503755 0.59626 0.59856 0.57786
vt 0.059764 0.582056
vn 0.998115 -0.061137 0.005293
v -1.342733 -0.887889 11.513917 0.59626 0.59856 0.57786
vt 0.073717 0.586883
vn 0.998115 -0.061137 0.005293
f 4006/4006/4006 4007/4007/4007 4008/4008/4008
v -1.342733 -0.887889 11.513917 0.61438 0.59252 0.54465
vt 0.069509 0.571412
vn 0.001305 0.040236 0.999189
v -1.327251 -0.636017 11.503755 0.61438 0.59252 0.54465
vt 0.059764 0.582056
vn 0.001305 0.040236 0.999189
v -2.746436 -0.630966 11.505405 0.61438 0.59252 0.54465
vt 0.031389 0.556246
vn 0.001305 0.040236 0.999189
f 4009/4009/4009 4010/4010/4010 4011/4011/4011
v -1.342733 -0.887889 11.513917 0.60532 0.60158 0.58390
vt 0.069509 0.571412
vn 0.001306 0.040240 0.999189
v -2.746436 -0.630966 11.505405 0.60532 0.60158 0.58390
vt 0.031389 0.556246
vn 0.001306 0.040240 0.999189
v -2.761917 -0.882838 11.515569 0.60532 0.60158 0.58390
vt 0.042596 0.546398
vn 0.001306 0.040240 0.999189
f 4012/4012/4012 4013/4013/4013 4014/4014/4014
v -2.746436 -0.630966 11.505405 0.51473 0.29660 0.28798
vt 0.031389 0.556246
vn 0.995301 -0.064106 -0.072575
v -2.671338 -0.631343 12.535632 0.51473 0.29660 0.28798
vt 0.026020 0.547730
vn 0.995301 -0.064106 -0.072575
v -2.686820 -0.883215 12.545795 0.51473 0.29660 0.28798
vt 0.038601 0.540451
vn 0.995301 -0.064106 -0.072575
f 4015/4015/4015 4016/4016/4016 4017/4017/4017
v -2.746436 -0.630966 11.505405 0.50265 0.30566 0.26986
vt 0.031389 0.556246
vn 0.995301 -0.064106 -0.072575
v -2.686820 -0.883215 12.545795 0.50265 0.30566 0.26986
vt 0.038601 0.540451
vn 0.995301 -0.064106 -0.072575
v -2.761917 -0.882838 11.515569 0.50265 0.30566 0.26986
vt 0.042596 0.546398
vn 0.995301 -0.064106 -0.072575
f 4018/4018/4018 4019/4019/4019 4020/4020/4020
v -2.631518 -0.883492 13.304442 0.51775 0.29056 0.27892
vt 0.036639 0.535753
vn 0.953610 -0.070424 -0.292692
v -2.616037 -0.631620 13.294279 0.51775 0.29056 0.27892
vt 0.022908 0.541063
vn 0.953610 -0.070424 -0.292692
v -2.363002 -0.631927 14.118758 0.51775 0.29056 0.27892
vt 0.020101 0.530971
vn 0.953610 -0.070424 -0.292692
f 4021/4021/4021 4022/4022/4022 4023/4023/4023
v -2.631518 -0.883492 13.304442 0.52077 0.28754 0.27892
vt 0.036639 0.535753
vn 0.953610 -0.070424 -0.292692
v -2.363002 -0.631927 14.118758 0.52077 0.28754 0.27892
vt 0.020101 0.530971
vn 0.953610 -0.070424 -0.292692
v -2.378484 -0.883799 14.128921 0.52077 0.28754 0.27892
vt 0.034348 0.527572
vn 0.953610 -0.070424 -0.292692
f 4024/4024/4024 4025/4025/4025 4026/4026/4026
v -2.378484 -0.883799 14.128921 0.52077 0.28754 0.27892
vt 0.034348 0.527572
vn 0.751907 -0.072655 -0.655253
v -2.363002 -0.631927 14.118758 0.52077 0.28754 0.27892
vt 0.020101 0.530971
vn 0.751907 -0.072655 -0.655253
v -1.901053 -0.661008 14.652073 0.52077 0.28754 0.27892
vt 0.019207 0.517221
vn 0.751907 -0.072655 -0.655253
f 4027/4027/4027 4028/4028/4028 4029/4029/4029
v -2.378484 -0.883799 14.128921 0.52077 0.29056 0.27288
vt 0.034348 0.527572
vn 0.751908 -0.072661 -0.655252
v -1.901053 -0.661008 14.652073 0.52077 0.29056 0.27288
vt 0.019207 0.517221
vn 0.751908 -0.072661 -0.655252
v -1.916534 -0.912880 14.662238 0.52077 0.29056 0.27288
vt 0.033773 0.515101
vn 0.751908 -0.072661 -0.655252
f 4030/4030/4030 4031/4031/4031 4032/4032/4032
v -1.916534 -0.912880 14.662238 0.50869 0.29962 0.26684
vt 0.033773 0.515101
vn 0.506951 -0.065846 -0.859456
v -1.901053 -0.661008 14.652073 0.50869 0.29962 0.26684
vt 0.019207 0.517221
vn 0.506951 -0.065846 -0.859456
v -1.348806 -0.686992 14.979806 0.50869 0.29962 0.26684
vt 0.018832 0.501785
vn 0.506951 -0.065846 -0.859456
f 4033/4033/4033 4034/4034/4034 4035/4035/4035
v -1.916534 -0.912880 14.662238 0.52077 0.29056 0.27288
vt 0.033773 0.515101
vn 0.506951 -0.065846 -0.859456
v -1.348806 -0.686992 14.979806 0.52077 0.29056 0.27288
vt 0.018832 0.501785
vn 0.506951 -0.065846 -0.859456
v -1.364288 -0.938864 14.989971 0.52077 0.29056 0.27288
vt 0.033499 0.500397
vn 0.506951 -0.065846 -0.859456
f 4036/4036/4036 4037/4037/4037 4038/4038/4038
v -1.348806 -0.686992 14.979806 0.52077 0.29358 0.28194
vt 0.018832 0.501785
vn 0.361841 -0.059787 -0.930321
v -1.020370 -0.681626 15.107204 0.52077 0.29358 0.28194
vt 0.017707 0.492721
vn 0.361841 -0.059787 -0.930321
v -1.035851 -0.933498 15.117369 0.52077 0.29358 0.28194
vt 0.032382 0.491719
vn 0.361841 -0.059787 -0.930321
f 4039/4039/4039 4040/4040/4040 4041/4041/4041
v -1.348806 -0.686992 14.979806 0.52983 0.29358 0.26986
vt 0.018832 0.501785
vn 0.361840 -0.059787 -0.930321
v -1.035851 -0.933498 15.117369 0.52983 0.29358 0.26986
vt 0.032382 0.491719
vn 0.361840 -0.059787 -0.930321
v -1.364288 -0.938864 14.989971 0.52983 0.29358 0.26986
vt 0.033499 0.500397
vn 0.361840 -0.059787 -0.930321
f 4042/4042/4042 4043/4043/4043 4044/4044/4044
v -0.671786 -0.675931 15.242418 0.47548 0.28754 0.28194
vt 0.016560 0.483136
vn 0.222143 -0.052935 -0.973576
v 0.000000 -0.650731 15.394330 0.47548 0.28754 0.28194
vt 0.013809 0.465049
vn 0.222143 -0.052935 -0.973576
v 0.000000 -0.902023 15.407993 0.47548 0.28754 0.28194
vt 0.028442 0.464313
vn 0.222143 -0.052935 -0.973576
f 4045/4045/4045 4046/4046/4046 4047/4047/4047
v -0.671786 -0.675931 15.242418 0.51473 0.29056 0.26382
vt 0.016560 0.483136
vn 0.222141 -0.052941 -0.973576
v 0.000000 -0.902023 15.407993 0.51473 0.29056 0.26382
vt 0.028442 0.464313
vn 0.222141 -0.052941 -0.973576
v -0.687268 -0.927803 15.252581 0.51473 0.29056 0.26382
vt 0.031267 0.482417
vn 0.222141 -0.052941 -0.973576
f 4048/4048/4048 4049/4049/4049 4050/4050/4050
v -0.687732 -0.928643 15.327139 0.91030 0.91260 0.89190
vt 0.195047 0.035142
vn -0.364884 0.059921 0.929123
v -0.672251 -0.676771 15.316975 0.91030 0.91260 0.89190
vt 0.195532 0.022010
vn -0.364884 0.059921 0.929123
v -1.020825 -0.682577 15.180458 0.91030 0.91260 0.89190
vt 0.215199 0.022757
vn -0.364884 0.059921 0.929123
f 4051/4051/4051 4052/4052/4052 4053/4053/4053
v -0.687732 -0.928643 15.327139 0.91030 0.91260 0.89190
vt 0.195047 0.035142
vn -0.364885 0.059921 0.929123
v -1.020825 -0.682577 15.180458 0.91030 0.91260 0.89190
vt 0.215199 0.022757
vn -0.364885 0.059921 0.929123
v -1.036307 -0.934449 15.190622 0.91030 0.91260 0.89190
vt 0.214385 0.035913
vn -0.364885 0.059921 0.929123
f 4054/4054/4054 4055/4055/4055 4056/4056/4056
v -1.364734 -0.939920 15.061995 0.91030 0.91260 0.89190
vt 0.232549 0.036733
vn -0.502536 0.065676 0.862058
v -1.349253 -0.688049 15.051831 0.91030 0.91260 0.89190
vt 0.233591 0.023528
vn -0.502536 0.065676 0.862058
v -1.968202 -0.656521 14.688613 0.91030 0.91260 0.89190
vt 0.268990 0.022864
vn -0.502536 0.065676 0.862058
f 4057/4057/4057 4058/4058/4058 4059/4059/4059
v -1.364734 -0.939920 15.061995 0.91030 0.91260 0.89190
vt 0.232549 0.036733
vn -0.502538 0.065672 0.862058
v -1.968202 -0.656521 14.688613 0.91030 0.91260 0.89190
vt 0.268990 0.022864
vn -0.502538 0.065672 0.862058
v -1.983684 -0.908393 14.698775 0.91030 0.91260 0.89190
vt 0.267263 0.036026
vn -0.502538 0.065672 0.862058
f 4060/4060/4060 4061/4061/4061 4062/4062/4062
v -1.983684 -0.908393 14.698775 0.91030 0.91260 0.89190
vt 0.267263 0.036026
vn -0.745987 0.072564 0.661996
v -1.968202 -0.656521 14.688613 0.91030 0.91260 0.89190
vt 0.268990 0.022864
vn -0.745987 0.072564 0.661996
v -2.473287 -0.621238 14.115578 0.91030 0.91260 0.89190
vt 0.299581 0.022269
vn -0.745987 0.072564 0.661996
f 4063/4063/4063 4064/4064/4064 4065/4065/4065
v -1.983684 -0.908393 14.698775 0.91030 0.91260 0.89190
vt 0.267263 0.036026
vn -0.745987 0.072563 0.661995
v -2.473287 -0.621238 14.115578 0.91030 0.91260 0.89190
vt 0.299581 0.022269
vn -0.745987 0.072563 0.661995
v -2.488768 -0.873110 14.125741 0.91030 0.91260 0.89190
vt 0.296350 0.035279
vn -0.745987 0.072563 0.661995
f 4066/4066/4066 4067/4067/4067 4068/4068/4068
v -2.488768 -0.873110 14.125741 0.91030 0.91260 0.89190
vt 0.296350 0.035279
vn -0.955611 0.070282 0.286126
v -2.473287 -0.621238 14.115578 0.91030 0.91260 0.89190
vt 0.299581 0.022269
vn -0.955611 0.070282 0.286126
v -2.721785 -0.617132 13.284628 0.91030 0.91260 0.89190
vt 0.319987 0.023451
vn -0.955611 0.070282 0.286126
f 4069/4069/4069 4070/4070/4070 4071/4071/4071
v -2.488768 -0.873110 14.125741 0.91030 0.91260 0.89190
vt 0.296350 0.035279
vn -0.955611 0.070283 0.286126
v -2.721785 -0.617132 13.284628 0.91030 0.91260 0.89190
vt 0.319987 0.023451
vn -0.955611 0.070283 0.286126
v -2.737267 -0.869004 13.294792 0.91030 0.91260 0.89190
vt 0.315065 0.036387
vn -0.955611 0.070283 0.286126
f 4072/4072/4072 4073/4073/4073 4074/4074/4074
v -2.737267 -0.869004 13.294792 0.91030 0.91260 0.89190
vt 0.315065 0.036387
vn -0.994828 0.064320 0.078618
v -2.721785 -0.617132 13.284628 0.91030 0.91260 0.89190
vt 0.319987 0.023451
vn -0.994828 0.064320 0.078618
v -2.782420 -0.631432 12.529063 0.91030 0.91260 0.89190
vt 0.333202 0.025419
vn -0.994828 0.064320 0.078618
f 4075/4075/4075 4076/4076/4076 4077/4077/4077
v -2.737267 -0.869004 13.294792 0.91030 0.91260 0.89190
vt 0.315065 0.036387
vn -0.994828 0.064321 0.078618
v -2.782420 -0.631432 12.529063 0.91030 0.91260 0.89190
vt 0.333202 0.025419
vn -0.994828 0.064321 0.078618
v -2.797901 -0.883303 12.539227 0.91030 0.91260 0.89190
vt 0.326710 0.038420
vn -0.994828 0.064321 0.078618
f 4078/4078/4078 4079/4079/4079 4080/4080/4080
v -2.880242 -0.902722 11.513184 0.51775 0.29358 0.26684
vt 0.017663 0.567728
vn -0.995024 0.064233 0.076170
v -2.864760 -0.650850 11.503021 0.51775 0.29358 0.26684
vt 0.028031 0.557318
vn -0.995024 0.064233 0.076170
v -2.869674 -0.652009 11.439812 0.51775 0.29358 0.26684
vt 0.028013 0.557345
vn -0.995024 0.064233 0.076170
f 4081/4081/4081 4082/4082/4082 4083/4083/4083
v -2.880242 -0.902722 11.513184 0.51775 0.29358 0.26684
vt 0.017663 0.567728
vn -0.995024 0.064233 0.076171
v -2.869674 -0.652009 11.439812 0.51775 0.29358 0.26684
vt 0.028013 0.557345
vn -0.995024 0.064233 0.076171
v -2.885155 -0.903881 11.449976 0.51775 0.29358 0.26684
vt 0.018066 0.568021
vn -0.995024 0.064233 0.076171
f 4084/4084/4084 4085/4085/4085 4086/4086/4086
v -2.885155 -0.903881 11.449976 0.51775 0.29358 0.26684
vt 0.018066 0.568021
vn -0.144394 -0.031035 -0.989033
v -2.869674 -0.652009 11.439812 0.51775 0.29358 0.26684
vt 0.028013 0.557345
vn -0.144394 -0.031035 -0.989033
v -2.727967 -0.630935 11.418463 0.51775 0.29358 0.26684
vt 0.031646 0.557877
vn -0.144394 -0.031035 -0.989033
f 4087/4087/4087 4088/4088/4088 4089/4089/4089
v -2.885155 -0.903881 11.449976 0.51775 0.29358 0.26684
vt 0.018066 0.568021
vn -0.144403 -0.031030 -0.989032
v -2.727967 -0.630935 11.418463 0.51775 0.29358 0.26684
vt 0.031646 0.557877
vn -0.144403 -0.031030 -0.989032
v -2.743449 -0.882807 11.428625 0.51775 0.29358 0.26684
vt 0.021739 0.569194
vn -0.144403 -0.031030 -0.989032
f 4090/4090/4090 4091/4091/4091 4092/4092/4092
v -0.668431 -0.632990 11.420694 0.91030 0.91260 0.89190
vt 0.092881 0.070793
vn 0.006555 -0.031357 -0.999487
v 0.000000 -0.630555 11.425001 0.91030 0.91260 0.89190
vt 0.093609 0.053098
vn 0.006555 -0.031357 -0.999487
v 0.000000 -0.882318 11.432900 0.91030 0.91260 0.89190
vt 0.108285 0.053714
vn 0.006555 -0.031357 -0.999487
f 4093/4093/4093 4094/4094/4094 4095/4095/4095
v -0.668431 -0.632990 11.420694 0.91030 0.91260 0.89190
vt 0.092881 0.070793
vn 0.006554 -0.031359 -0.999487
v 0.000000 -0.882318 11.432900 0.91030 0.91260 0.89190
vt 0.108285 0.053714
vn 0.006554 -0.031359 -0.999487
v -0.663457 -0.884734 11.428625 0.91030 0.91260 0.89190
vt 0.107609 0.071344
vn 0.006554 -0.031359 -0.999487
f 4096/4096/4096 4097/4097/4097 4098/4098/4098
v -0.663981 -0.885681 11.512689 0.91030 0.91260 0.89190
vt 0.090611 0.085548
vn -0.999780 -0.019957 -0.006450
v -0.668955 -0.633936 11.504758 0.91030 0.91260 0.89190
vt 0.092167 0.070776
vn -0.999780 -0.019957 -0.006450
v -0.668431 -0.632990 11.420694 0.91030 0.91260 0.89190
vt 0.092881 0.070793
vn -0.999780 -0.019957 -0.006450
f 4099/4099/4099 4100/4100/4100 4101/4101/4101
v -0.663981 -0.885681 11.512689 0.91030 0.91260 0.89190
vt 0.090611 0.085548
vn -0.999780 -0.019956 -0.006450
v -0.668431 -0.632990 11.420694 0.91030 0.91260 0.89190
vt 0.092881 0.070793
vn -0.999780 -0.019956 -0.006450
v -0.663457 -0.884734 11.428625 0.91030 0.91260 0.89190
vt 0.091328 0.085564
vn -0.999780 -0.019956 -0.006450
f 4102/4102/4102 4103/4103/4103 4104/4104/4104
v -0.663457 -2.096355 10.943063 0.15540 0.26640 0.33327
vt 0.856614 0.584712
vn -0.007135 0.999975 -0.000001
v -1.012930 -2.098849 10.943063 0.15540 0.26640 0.33327
vt 0.856932 0.573890
vn -0.007135 0.999975 -0.000001
v -1.012930 -2.098849 11.394940 0.15540 0.26640 0.33327
vt 0.861200 0.574065
vn -0.007135 0.999975 -0.000001
f 4105/4105/4105 4106/4106/4106 4107/4107/4107
v -0.663457 -2.096355 10.943063 0.17352 0.28452 0.35139
vt 0.856614 0.584712
vn -0.007135 0.999975 -0.000000
v -1.012930 -2.098849 11.394940 0.17352 0.28452 0.35139
vt 0.861200 0.574065
vn -0.007135 0.999975 -0.000000
v -0.663457 -2.096355 11.394940 0.17352 0.28452 0.35139
vt 0.861013 0.584849
vn -0.007135 0.999975 -0.000000
f 4108/4108/4108 4109/4109/4109 4110/4110/4110
v -1.809137 1.691411 -6.516776 0.27014 0.33585 0.38461
vt 0.313650 0.950105
vn -1.000000 0.000808 -0.000000
v -1.809137 1.691335 -8.887917 0.27014 0.33585 0.38461
vt 0.340972 0.951404
vn -1.000000 0.000808 -0.000000
v -1.809380 1.390970 -8.887413 0.27014 0.33585 0.38461
vt 0.339771 0.975277
vn -1.000000 0.000808 -0.000000
f 4111/4111/4111 4112/4112/4112 4113/4113/4113
v -1.809137 1.691411 -6.516776 0.21579 0.29358 0.35139
vt 0.313650 0.950105
vn -1.000000 0.000808 -0.000000
v -1.809380 1.390970 -8.887413 0.21579 0.29358 0.35139
vt 0.339771 0.975277
vn -1.000000 0.000808 -0.000000
v -1.809380 1.391047 -6.516271 0.21579 0.29358 0.35139
vt 0.312592 0.973989
vn -1.000000 0.000808 -0.000000
f 4114/4114/4114 4115/4115/4115 4116/4116/4116
v -1.809137 1.691335 -8.887917 0.91030 0.91260 0.89190
vt 0.022702 0.953720
vn -0.000000 -0.001678 -0.999999
v -1.252857 1.691305 -8.887917 0.91030 0.91260 0.89190
vt 0.042814 0.953166
vn -0.000000 -0.001678 -0.999999
v -1.253099 1.390941 -8.887413 0.91030 0.91260 0.89190
vt 0.043462 0.977067
vn -0.000000 -0.001678 -0.999999
f 4117/4117/4117 4118/4118/4118 4119/4119/4119
v -1.809137 1.691335 -8.887917 0.91030 0.91260 0.89190
vt 0.022702 0.953720
vn -0.000000 -0.001678 -0.999999
v -1.253099 1.390941 -8.887413 0.91030 0.91260 0.89190
vt 0.043462 0.977067
vn -0.000000 -0.001678 -0.999999
v -1.809380 1.390970 -8.887413 0.91030 0.91260 0.89190
vt 0.023353 0.977619
vn -0.000000 -0.001678 -0.999999
f 4120/4120/4120 4121/4121/4121 4122/4122/4122
v -0.662453 1.691274 -8.887917 0.51775 0.29358 0.27288
vt 0.064169 0.952587
vn -0.000001 -0.001680 -0.999999
v 0.000000 1.691216 -8.887918 0.51775 0.29358 0.27288
vt 0.088142 0.951954
vn -0.000001 -0.001680 -0.999999
v 0.000000 1.390852 -8.887413 0.51775 0.29358 0.27288
vt 0.088778 0.975854
vn -0.000001 -0.001680 -0.999999
f 4123/4123/4123 4124/4124/4124 4125/4125/4125
v -0.662453 1.691274 -8.887917 0.51775 0.29358 0.27288
vt 0.064169 0.952587
vn -0.000000 -0.001678 -0.999999
v 0.000000 1.390852 -8.887413 0.51775 0.29358 0.27288
vt 0.088778 0.975854
vn -0.000000 -0.001678 -0.999999
v -0.662695 1.390910 -8.887413 0.51775 0.29358 0.27288
vt 0.064809 0.976487
vn -0.000000 -0.001678 -0.999999
f 4126/4126/4126 4127/4127/4127 4128/4128/4128
v 0.000000 1.872760 -6.460260 0.16144 0.26338 0.33931
vt 0.247661 0.935884
vn -0.000066 -0.463112 0.886300
v -0.000000 2.462772 -6.151965 0.16144 0.26338 0.33931
vt 0.247840 0.888765
vn -0.000066 -0.463112 0.886300
v -0.662310 2.462867 -6.151965 0.16144 0.26338 0.33931
vt 0.271619 0.888780
vn -0.000066 -0.463112 0.886300
f 4129/4129/4129 4130/4130/4130 4131/4131/4131
v 0.000000 1.872760 -6.460260 0.16748 0.27244 0.33327
vt 0.247661 0.935884
vn -0.000066 -0.463112 0.886300
v -0.662310 2.462867 -6.151965 0.16748 0.27244 0.33327
vt 0.271619 0.888780
vn -0.000066 -0.463112 0.886300
v -0.662352 1.872854 -6.460260 0.16748 0.27244 0.33327
vt 0.271679 0.935895
vn -0.000066 -0.463112 0.886300
f 4132/4132/4132 4133/4133/4133 4134/4134/4134
v -1.252781 1.872905 -6.460260 0.17654 0.26942 0.32723
vt 0.293083 0.935846
vn -0.000038 -0.463112 0.886300
v -1.252689 2.462918 -6.151965 0.17654 0.26942 0.32723
vt 0.292809 0.888760
vn -0.000038 -0.463112 0.886300
v -1.409049 2.462930 -6.151965 0.17654 0.26942 0.32723
vt 0.298354 0.888746
vn -0.000038 -0.463112 0.886300
f 4135/4135/4135 4136/4136/4136 4137/4137/4137
v -1.252781 1.872905 -6.460260 0.17352 0.27244 0.32723
vt 0.293083 0.935846
vn -0.000042 -0.463113 0.886299
v -1.409049 2.462930 -6.151965 0.17352 0.27244 0.32723
vt 0.298354 0.888746
vn -0.000042 -0.463113 0.886299
v -1.409200 1.872919 -6.460260 0.17352 0.27244 0.32723
vt 0.298763 0.935828
vn -0.000042 -0.463113 0.886299
f 4138/4138/4138 4139/4139/4139 4140/4140/4140
v -1.809137 1.691411 -6.516776 0.22787 0.28754 0.33931
vt 0.313650 0.950105
vn -1.000000 0.000273 -0.000033
v -1.808894 2.643680 -6.019193 0.22787 0.28754 0.33931
vt 0.312181 0.874359
vn -1.000000 0.000273 -0.000033
v -1.808894 2.292871 -8.888424 0.22787 0.28754 0.33931
vt 0.343561 0.903219
vn -1.000000 0.000273 -0.000033
f 4141/4141/4141 4142/4142/4142 4143/4143/4143
v -1.809137 1.691411 -6.516776 0.25505 0.30566 0.33629
vt 0.313650 0.950105
vn -1.000000 0.000405 -0.000000
v -1.808894 2.292871 -8.888424 0.25505 0.30566 0.33629
vt 0.343561 0.903219
vn -1.000000 0.000405 -0.000000
v -1.809137 1.691335 -8.887917 0.25505 0.30566 0.33629
vt 0.340972 0.951404
vn -1.000000 0.000405 -0.000000
f 4144/4144/4144 4145/4145/4145 4146/4146/4146
v -1.252857 1.691305 -8.887917 0.91030 0.91260 0.89190
vt 0.042814 0.953166
vn -0.000000 -0.000843 -1.000000
v -1.252613 2.292842 -8.888424 0.91030 0.91260 0.89190
vt 0.041488 0.905299
vn -0.000000 -0.000843 -1.000000
v -0.662209 2.292811 -8.888424 0.91030 0.91260 0.89190
vt 0.062843 0.904720
vn -0.000000 -0.000843 -1.000000
f 4147/4147/4147 4148/4148/4148 4149/4149/4149
v -1.252857 1.691305 -8.887917 0.91030 0.91260 0.88586
vt 0.042814 0.953166
vn -0.000000 -0.000843 -1.000000
v -0.662209 2.292811 -8.888424 0.91030 0.91260 0.88586
vt 0.062843 0.904720
vn -0.000000 -0.000843 -1.000000
v -0.662453 1.691274 -8.887917 0.91030 0.91260 0.88586
vt 0.064169 0.952587
vn -0.000000 -0.000843 -1.000000
f 4150/4150/4150 4151/4151/4151 4152/4152/4152
v -2.743449 -1.073101 -12.577980 0.52077 0.28754 0.28496
vt 0.555088 0.504690
vn -0.000000 1.000000 0.000000
v -1.810142 -1.073101 -12.577980 0.52077 0.28754 0.28496
vt 0.553462 0.533993
vn -0.000000 1.000000 0.000000
v -1.694657 -1.073101 -14.866269 0.52077 0.28754 0.28496
vt 0.530500 0.536564
vn -0.000000 1.000000 0.000000
f 4153/4153/4153 4154/4154/4154 4155/4155/4155
v -2.743449 -1.073101 -12.577980 0.39093 0.29358 0.29402
vt 0.555088 0.504690
vn 0.000000 1.000000 0.000000
v -1.694657 -1.073101 -14.866269 0.39093 0.29358 0.29402
vt 0.530500 0.536564
vn 0.000000 1.000000 0.000000
v -2.736682 -1.073100 -14.548062 0.39093 0.29358 0.29402
vt 0.535359 0.503860
vn 0.000000 1.000000 0.000000
f 4156/4156/4156 4157/4157/4157 4158/4158/4158
v -2.887267 -1.073101 -14.078501 0.51171 0.29660 0.26684
vt 0.781681 0.041714
vn -0.992748 -0.025196 -0.117544
v -2.887267 -0.771465 -14.143157 0.51171 0.29660 0.26684
vt 0.779229 0.025717
vn -0.992748 -0.025196 -0.117544
v -2.854638 -0.771465 -14.418730 0.51171 0.29660 0.26684
vt 0.783801 0.026083
vn -0.992748 -0.025196 -0.117544
f 4159/4159/4159 4160/4160/4160 4161/4161/4161
v -2.887267 -1.073101 -14.078501 0.51473 0.29962 0.27590
vt 0.781681 0.041714
vn -0.995433 -0.000001 -0.095465
v -2.854638 -0.771465 -14.418730 0.51473 0.29962 0.27590
vt 0.783801 0.026083
vn -0.995433 -0.000001 -0.095465
v -2.854638 -1.073101 -14.418727 0.51473 0.29962 0.27590
vt 0.787061 0.041579
vn -0.995433 -0.000001 -0.095465
f 4162/4162/4162 4163/4163/4163 4164/4164/4164
v -2.854638 -1.073101 -14.418727 0.51473 0.29962 0.27590
vt 0.787061 0.041579
vn -0.883948 -0.000005 -0.467585
v -2.854638 -0.771465 -14.418730 0.51473 0.29962 0.27590
vt 0.783801 0.026083
vn -0.883948 -0.000005 -0.467585
v -2.712966 -0.771465 -14.686556 0.51473 0.29962 0.27590
vt 0.792719 0.025803
vn -0.883948 -0.000005 -0.467585
f 4165/4165/4165 4166/4166/4166 4167/4167/4167
v -2.854638 -1.073101 -14.418727 0.52077 0.29358 0.28194
vt 0.787061 0.041579
vn -0.883948 -0.000005 -0.467585
v -2.712966 -0.771465 -14.686556 0.52077 0.29358 0.28194
vt 0.792719 0.025803
vn -0.883948 -0.000005 -0.467585
v -2.712966 -1.073101 -14.686552 0.52077 0.29358 0.28194
vt 0.795442 0.041358
vn -0.883948 -0.000005 -0.467585
f 4168/4168/4168 4169/4169/4169 4170/4170/4170
v -2.712966 -1.073101 -14.686552 0.52681 0.29358 0.28194
vt 0.795442 0.041358
vn -0.318722 -0.000011 -0.947848
v -2.712966 -0.771465 -14.686556 0.52681 0.29358 0.28194
vt 0.792719 0.025803
vn -0.318722 -0.000011 -0.947848
v -1.671152 -0.771465 -15.036875 0.52681 0.29358 0.28194
vt 0.850782 0.023961
vn -0.318722 -0.000011 -0.947848
f 4171/4171/4171 4172/4172/4172 4173/4173/4173
v -2.712966 -1.073101 -14.686552 0.52077 0.29660 0.27590
vt 0.795442 0.041358
vn -0.318722 -0.000011 -0.947848
v -1.671152 -0.771465 -15.036875 0.52077 0.29660 0.27590
vt 0.850782 0.023961
vn -0.318722 -0.000011 -0.947848
v -1.671152 -1.073101 -15.036871 0.52077 0.29660 0.27590
vt 0.853376 0.039686
vn -0.318722 -0.000011 -0.947848
f 4174/4174/4174 4175/4175/4175 4176/4176/4176
v -1.671152 -0.771465 -15.036875 0.51775 0.29358 0.27288
vt 0.850782 0.023961
vn -0.272930 -0.000007 -0.962034
v -1.182298 -0.771465 -15.175563 0.51775 0.29358 0.27288
vt 0.877881 0.023151
vn -0.272930 -0.000007 -0.962034
v -1.182298 -1.073101 -15.175561 0.51775 0.29358 0.27288
vt 0.880450 0.038873
vn -0.272930 -0.000007 -0.962034
f 4177/4177/4177 4178/4178/4178 4179/4179/4179
v -1.671152 -0.771465 -15.036875 0.52077 0.29660 0.27590
vt 0.850782 0.023961
vn -0.272932 -0.000011 -0.962033
v -1.182298 -1.073101 -15.175561 0.52077 0.29660 0.27590
vt 0.880450 0.038873
vn -0.272932 -0.000011 -0.962033
v -1.671152 -1.073101 -15.036871 0.52077 0.29660 0.27590
vt 0.853376 0.039686
vn -0.272932 -0.000011 -0.962033
f 4180/4180/4180 4181/4181/4181 4182/4182/4182
v -0.663457 -0.771465 -15.322760 0.90426 0.91260 0.89190
vt 0.906786 0.022294
vn -0.258095 -0.000011 -0.966119
v 0.000000 -0.771465 -15.500000 0.90426 0.91260 0.89190
vt 0.943894 0.021213
vn -0.258095 -0.000011 -0.966119
v 0.000000 -1.073101 -15.499997 0.90426 0.91260 0.89190
vt 0.946431 0.036946
vn -0.258095 -0.000011 -0.966119
f 4183/4183/4183 4184/4184/4184 4185/4185/4185
v -0.663457 -0.771465 -15.322760 0.90124 0.87938 0.87982
vt 0.906786 0.022294
vn -0.258095 -0.000011 -0.966119
v 0.000000 -1.073101 -15.499997 0.90124 0.87938 0.87982
vt 0.946431 0.036946
vn -0.258095 -0.000011 -0.966119
v -0.663457 -1.073101 -15.322756 0.90124 0.87938 0.87982
vt 0.909337 0.038017
vn -0.258095 -0.000011 -0.966119
f 4186/4186/4186 4187/4187/4187 4188/4188/4188
v -0.663457 -0.771465 -15.152156 0.23391 0.29358 0.33025
vt 0.789252 0.952471
vn 0.267158 0.000011 0.963653
v -1.194400 -0.771465 -15.004960 0.23391 0.29358 0.33025
vt 0.807047 0.952943
vn 0.267158 0.000011 0.963653
v -1.194400 -1.073101 -15.004957 0.23391 0.29358 0.33025
vt 0.806503 0.975045
vn 0.267158 0.000011 0.963653
f 4189/4189/4189 4190/4190/4190 4191/4191/4191
v -0.663457 -0.771465 -15.152156 0.20673 0.29358 0.33931
vt 0.789252 0.952471
vn 0.267158 0.000011 0.963653
v -1.194400 -1.073101 -15.004957 0.20673 0.29358 0.33931
vt 0.806503 0.975045
vn 0.267158 0.000011 0.963653
v -0.663457 -1.073101 -15.152153 0.20673 0.29358 0.33931
vt 0.788779 0.974628
vn 0.267158 0.000011 0.963653
f 4192/4192/4192 4193/4193/4193 4194/4194/4194
v -1.694657 -1.073101 -14.866269 0.31242 0.29358 0.30912
vt 0.823211 0.975467
vn 0.292059 0.000011 0.956400
v -1.694657 -0.771465 -14.866272 0.31242 0.29358 0.30912
vt 0.823782 0.953347
vn 0.292059 0.000011 0.956400
v -2.736682 -0.771465 -14.548065 0.31242 0.29358 0.30912
vt 0.858672 0.954364
vn 0.292059 0.000011 0.956400
f 4195/4195/4195 4196/4196/4196 4197/4197/4197
v -1.694657 -1.073101 -14.866269 0.46038 0.38719 0.36347
vt 0.823211 0.975467
vn 0.292059 0.000011 0.956400
v -2.736682 -0.771465 -14.548065 0.46038 0.38719 0.36347
vt 0.858672 0.954364
vn 0.292059 0.000011 0.956400
v -2.736682 -1.073100 -14.548062 0.46038 0.38719 0.36347
vt 0.858040 0.976443
vn 0.292059 0.000011 0.956400
f 4198/4198/4198 4199/4199/4199 4200/4200/4200
v -0.663056 0.424715 -12.579305 0.15238 0.26338 0.33025
vt 0.190835 0.593105
vn 1.000000 -0.000161 0.000000
v -0.663007 0.726351 -12.579690 0.15238 0.26338 0.33025
vt 0.209444 0.575206
vn 1.000000 -0.000161 0.000000
v -0.663007 0.726352 -12.459416 0.15238 0.26338 0.33025
vt 0.209462 0.576172
vn 1.000000 -0.000161 0.000000
f 4201/4201/4201 4202/4202/4202 4203/4203/4203
v -0.663056 0.424715 -12.579305 0.14936 0.26036 0.33327
vt 0.190835 0.593105
vn 1.000000 -0.000161 0.000000
v -0.663007 0.726352 -12.459416 0.14936 0.26036 0.33327
vt 0.209462 0.576172
vn 1.000000 -0.000161 0.000000
v -0.663056 0.424716 -12.459030 0.14936 0.26036 0.33327
vt 0.191813 0.594200
vn 1.000000 -0.000161 0.000000
f 4204/4204/4204 4205/4205/4205 4206/4206/4206
v -0.663007 0.726352 -12.459416 0.17654 0.28452 0.34535
vt 0.209462 0.576172
vn 0.000000 0.001277 0.999999
v -1.253411 0.726353 -12.459416 0.17654 0.28452 0.34535
vt 0.225670 0.591656
vn 0.000000 0.001277 0.999999
v -1.253459 0.424718 -12.459030 0.17654 0.28452 0.34535
vt 0.207980 0.609926
vn 0.000000 0.001277 0.999999
f 4207/4207/4207 4208/4208/4208 4209/4209/4209
v -0.663007 0.726352 -12.459416 0.14936 0.25735 0.34535
vt 0.209462 0.576172
vn 0.000000 0.001277 0.999999
v -1.253459 0.424718 -12.459030 0.14936 0.25735 0.34535
vt 0.207980 0.609926
vn 0.000000 0.001277 0.999999
v -0.663056 0.424716 -12.459030 0.14936 0.25735 0.34535
vt 0.191813 0.594200
vn 0.000000 0.001277 0.999999
f 4210/4210/4210 4211/4211/4211 4212/4212/4212
v -1.809740 0.424719 -12.459030 0.14030 0.26942 0.32723
vt 0.223167 0.624605
vn 0.000000 0.001277 0.999999
v -1.809691 0.726354 -12.459416 0.14030 0.26942 0.32723
vt 0.241028 0.606501
vn 0.000000 0.001277 0.999999
v -2.759162 0.726420 -12.459416 0.14030 0.26942 0.32723
vt 0.266977 0.632474
vn 0.000000 0.001277 0.999999
f 4213/4213/4213 4214/4214/4214 4215/4215/4215
v -1.809740 0.424719 -12.459030 0.53587 0.23017 0.20343
vt 0.223167 0.624605
vn 0.000000 0.001277 0.999999
v -2.759162 0.726420 -12.459416 0.53587 0.23017 0.20343
vt 0.266977 0.632474
vn 0.000000 0.001277 0.999999
v -2.759211 0.424784 -12.459030 0.53587 0.23017 0.20343
vt 0.248556 0.650168
vn 0.000000 0.001277 0.999999
f 4216/4216/4216 4217/4217/4217 4218/4218/4218
v -2.916642 0.424793 -12.459030 0.91030 0.91260 0.89190
vt 0.622215 0.829287
vn -1.000000 0.000161 -0.000000
v -2.916593 0.726428 -12.459416 0.91030 0.91260 0.89190
vt 0.621954 0.852918
vn -1.000000 0.000161 -0.000000
v -2.916593 0.726424 -12.579690 0.91030 0.91260 0.89190
vt 0.620485 0.852884
vn -1.000000 0.000161 -0.000000
f 4219/4219/4219 4220/4220/4220 4221/4221/4221
v -2.916642 0.424793 -12.459030 0.17654 0.26942 0.32119
vt 0.622215 0.829287
vn -1.000000 0.000161 -0.000000
v -2.916593 0.726424 -12.579690 0.17654 0.26942 0.32119
vt 0.620485 0.852884
vn -1.000000 0.000161 -0.000000
v -2.916642 0.424789 -12.579305 0.17654 0.26942 0.32119
vt 0.620766 0.829257
vn -1.000000 0.000161 -0.000000
f 4222/4222/4222 4223/4223/4223 4224/4224/4224
v -2.916642 0.424789 -12.579305 0.87708 0.88844 0.88586
vt 0.620766 0.829257
vn -0.000000 -0.001277 -0.999999
v -2.916593 0.726424 -12.579690 0.87708 0.88844 0.88586
vt 0.620485 0.852884
vn -0.000000 -0.001277 -0.999999
v -2.759162 0.726415 -12.579690 0.87708 0.88844 0.88586
vt 0.614782 0.852802
vn -0.000000 -0.001277 -0.999999
f 4225/4225/4225 4226/4226/4226 4227/4227/4227
v -2.916642 0.424789 -12.579305 0.17352 0.27244 0.32119
vt 0.620766 0.829257
vn -0.000000 -0.001277 -0.999999
v -2.759162 0.726415 -12.579690 0.17352 0.27244 0.32119
vt 0.614782 0.852802
vn -0.000000 -0.001277 -0.999999
v -2.759211 0.424780 -12.579305 0.17352 0.27244 0.32119
vt 0.615077 0.829172
vn -0.000000 -0.001277 -0.999999
f 4228/4228/4228 4229/4229/4229 4230/4230/4230
v -2.759211 0.424780 -12.579305 0.18861 0.28150 0.33931
vt 0.615077 0.829172
vn -0.000000 -0.001277 -0.999999
v -2.759162 0.726415 -12.579690 0.18861 0.28150 0.33931
vt 0.614782 0.852802
vn -0.000000 -0.001277 -0.999999
v -1.809691 0.726351 -12.579690 0.18861 0.28150 0.33931
vt 0.580919 0.852348
vn -0.000000 -0.001277 -0.999999
f 4231/4231/4231 4232/4232/4232 4233/4233/4233
v -2.759211 0.424780 -12.579305 0.17352 0.26942 0.33931
vt 0.615077 0.829172
vn -0.000000 -0.001277 -0.999999
v -1.809691 0.726351 -12.579690 0.17352 0.26942 0.33931
vt 0.580919 0.852348
vn -0.000000 -0.001277 -0.999999
v -1.809740 0.424715 -12.579305 0.17352 0.26942 0.33931
vt 0.581216 0.828724
vn -0.000000 -0.001277 -0.999999
f 4234/4234/4234 4235/4235/4235 4236/4236/4236
v -1.809691 0.726351 -12.579690 0.23693 0.32378 0.37857
vt 0.580919 0.852348
vn 0.000000 -0.001277 -0.999999
v -1.253411 0.726351 -12.579690 0.23693 0.32378 0.37857
vt 0.561075 0.852088
vn 0.000000 -0.001277 -0.999999
v -1.253459 0.424715 -12.579305 0.23693 0.32378 0.37857
vt 0.561351 0.828465
vn 0.000000 -0.001277 -0.999999
f 4237/4237/4237 4238/4238/4238 4239/4239/4239
v -1.809691 0.726351 -12.579690 0.15238 0.25735 0.33327
vt 0.580919 0.852348
vn 0.000000 -0.001277 -0.999999
v -1.253459 0.424715 -12.579305 0.15238 0.25735 0.33327
vt 0.561351 0.828465
vn 0.000000 -0.001277 -0.999999
v -1.809740 0.424715 -12.579305 0.15238 0.25735 0.33327
vt 0.581216 0.828724
vn 0.000000 -0.001277 -0.999999
f 4240/4240/4240 4241/4241/4241 4242/4242/4242
v -1.809380 1.391052 -6.359826 0.17352 0.27244 0.32723
vt 0.730334 0.906065
vn 0.000000 0.001580 0.999999
v -1.809281 1.692688 -6.360303 0.17352 0.27244 0.32723
vt 0.730119 0.929692
vn 0.000000 0.001580 0.999999
v -2.758753 1.692752 -6.360303 0.17352 0.27244 0.32723
vt 0.696305 0.929376
vn 0.000000 0.001580 0.999999
f 4243/4243/4243 4244/4244/4244 4245/4245/4245
v -1.809380 1.391052 -6.359826 0.16446 0.26338 0.32723
vt 0.730334 0.906065
vn 0.000000 0.001580 0.999999
v -2.758753 1.692752 -6.360303 0.16446 0.26338 0.32723
vt 0.696305 0.929376
vn 0.000000 0.001580 0.999999
v -2.758852 1.391117 -6.359826 0.16446 0.26338 0.32723
vt 0.696520 0.905751
vn 0.000000 0.001580 0.999999
f 4246/4246/4246 4247/4247/4247 4248/4248/4248
v -2.758852 1.391117 -6.359826 0.15238 0.26338 0.33025
vt 0.696520 0.905751
vn 0.000000 0.001580 0.999999
v -2.758753 1.692752 -6.360303 0.15238 0.26338 0.33025
vt 0.696305 0.929376
vn 0.000000 0.001580 0.999999
v -2.916182 1.692762 -6.360303 0.15238 0.26338 0.33025
vt 0.690677 0.929317
vn 0.000000 0.001580 0.999999
f 4249/4249/4249 4250/4250/4250 4251/4251/4251
v -2.758852 1.391117 -6.359826 0.16144 0.26640 0.33327
vt 0.696520 0.905751
vn 0.000000 0.001580 0.999999
v -2.916182 1.692762 -6.360303 0.16144 0.26640 0.33327
vt 0.690677 0.929317
vn 0.000000 0.001580 0.999999
v -2.916281 1.391127 -6.359826 0.16144 0.26640 0.33327
vt 0.690884 0.905691
vn 0.000000 0.001580 0.999999
f 4252/4252/4252 4253/4253/4253 4254/4254/4254
v -2.916281 1.391127 -6.359826 0.15238 0.26338 0.33025
vt 0.690884 0.905691
vn -1.000000 0.000327 -0.000000
v -2.916182 1.692762 -6.360303 0.15238 0.26338 0.33025
vt 0.690677 0.929317
vn -1.000000 0.000327 -0.000000
v -2.916182 1.692758 -6.516747 0.15238 0.26338 0.33025
vt 0.688888 0.929295
vn -1.000000 0.000327 -0.000000
f 4255/4255/4255 4256/4256/4256 4257/4257/4257
v -2.916281 1.391127 -6.359826 0.16144 0.26640 0.33327
vt 0.690884 0.905691
vn -1.000000 0.000327 -0.000000
v -2.916182 1.692758 -6.516747 0.16144 0.26640 0.33327
vt 0.688888 0.929295
vn -1.000000 0.000327 -0.000000
v -2.916281 1.391122 -6.516271 0.16144 0.26640 0.33327
vt 0.689081 0.905663
vn -1.000000 0.000327 -0.000000
f 4258/4258/4258 4259/4259/4259 4260/4260/4260
v -2.916281 1.391122 -6.516271 0.15540 0.26942 0.32723
vt 0.689081 0.905663
vn -1.000000 0.000327 -0.000000
v -2.916182 1.692758 -6.516747 0.15540 0.26942 0.32723
vt 0.688888 0.929295
vn -1.000000 0.000327 -0.000000
v -2.916182 1.692680 -8.887890 0.15540 0.26942 0.32723
vt 0.662097 0.929075
vn -1.000000 0.000327 -0.000000
f 4261/4261/4261 4262/4262/4262 4263/4263/4263
v -2.916281 1.391122 -6.516271 0.17654 0.28452 0.34535
vt 0.689081 0.905663
vn -1.000000 0.000327 -0.000000
v -2.916182 1.692680 -8.887890 0.17654 0.28452 0.34535
vt 0.662097 0.929075
vn -1.000000 0.000327 -0.000000
v -2.916281 1.391044 -8.887413 0.17654 0.28452 0.34535
vt 0.662282 0.905451
vn -1.000000 0.000327 -0.000000
f 4264/4264/4264 4265/4265/4265 4266/4266/4266
v -2.916182 1.692680 -8.887890 0.18861 0.28754 0.35139
vt 0.662097 0.929075
vn -1.000000 0.000327 -0.000000
v -2.916182 1.692644 -9.985603 0.18861 0.28754 0.35139
vt 0.649691 0.928978
vn -1.000000 0.000327 -0.000000
v -2.916281 1.391008 -9.985126 0.18861 0.28754 0.35139
vt 0.649840 0.905351
vn -1.000000 0.000327 -0.000000
f 4267/4267/4267 4268/4268/4268 4269/4269/4269
v -2.916182 1.692680 -8.887890 0.20975 0.30264 0.36045
vt 0.662097 0.929075
vn -1.000000 0.000327 -0.000000
v -2.916281 1.391008 -9.985126 0.20975 0.30264 0.36045
vt 0.649840 0.905351
vn -1.000000 0.000327 -0.000000
v -2.916281 1.391044 -8.887413 0.20975 0.30264 0.36045
vt 0.662282 0.905451
vn -1.000000 0.000327 -0.000000
f 4270/4270/4270 4271/4271/4271 4272/4272/4272
v -2.916281 1.391003 -10.152986 0.91030 0.91260 0.89190
vt 0.306705 0.703503
vn -0.000000 -0.001582 -0.999999
v -2.916182 1.692639 -10.153463 0.91030 0.91260 0.89190
vt 0.312924 0.729372
vn -0.000000 -0.001582 -0.999999
v -2.758753 1.692629 -10.153463 0.91030 0.91260 0.89190
vt 0.307613 0.728871
vn -0.000000 -0.001582 -0.999999
f 4273/4273/4273 4274/4274/4274 4275/4275/4275
v -2.916281 1.391003 -10.152986 0.90124 0.90052 0.88284
vt 0.306705 0.703503
vn -0.000000 -0.001582 -0.999999
v -2.758753 1.692629 -10.153463 0.90124 0.90052 0.88284
vt 0.307613 0.728871
vn -0.000000 -0.001582 -0.999999
v -2.758852 1.390994 -10.152986 0.90124 0.90052 0.88284
vt 0.300733 0.704959
vn -0.000000 -0.001582 -0.999999
f 4276/4276/4276 4277/4277/4277 4278/4278/4278
v -2.758753 1.692629 -10.153463 0.91030 0.91260 0.89190
vt 0.307613 0.728871
vn 1.000000 -0.000327 0.000000
v -2.758753 1.692635 -9.985603 0.91030 0.91260 0.89190
vt 0.306920 0.729267
vn 1.000000 -0.000327 0.000000
v -2.758852 1.390999 -9.985126 0.91030 0.91260 0.89190
vt 0.298312 0.705533
vn 1.000000 -0.000327 0.000000
f 4279/4279/4279 4280/4280/4280 4281/4281/4281
v -2.758753 1.692629 -10.153463 0.90124 0.90052 0.88284
vt 0.307613 0.728871
vn 1.000000 -0.000327 0.000000
v -2.758852 1.390999 -9.985126 0.90124 0.90052 0.88284
vt 0.298312 0.705533
vn 1.000000 -0.000327 0.000000
v -2.758852 1.390994 -10.152986 0.90124 0.90052 0.88284
vt 0.300733 0.704959
vn 1.000000 -0.000327 0.000000
f 4282/4282/4282 4283/4283/4283 4284/4284/4284
v -2.758852 1.391033 -8.887413 0.91030 0.91260 0.89190
vt 0.285714 0.710695
vn 1.000000 -0.000327 0.000000
v -2.758753 1.692669 -8.887890 0.91030 0.91260 0.89190
vt 0.295420 0.734348
vn 1.000000 -0.000327 0.000000
v -2.758753 1.692747 -6.516747 0.91030 0.91260 0.89190
vt 0.268877 0.745405
vn 1.000000 -0.000327 0.000000
f 4285/4285/4285 4286/4286/4286 4287/4287/4287
v -2.758852 1.391033 -8.887413 0.90426 0.91260 0.88586
vt 0.285714 0.710695
vn 1.000000 -0.000327 0.000000
v -2.758753 1.692747 -6.516747 0.90426 0.91260 0.88586
vt 0.268877 0.745405
vn 1.000000 -0.000327 0.000000
v -2.758852 1.391111 -6.516271 0.90426 0.91260 0.88586
vt 0.259135 0.721864
vn 1.000000 -0.000327 0.000000
f 4288/4288/4288 4289/4289/4289 4290/4290/4290
v -2.758852 1.391111 -6.516271 0.90426 0.91260 0.88586
vt 0.259135 0.721864
vn -0.000032 -0.001580 -0.999999
v -2.758753 1.692747 -6.516747 0.90426 0.91260 0.88586
vt 0.268877 0.745405
vn -0.000032 -0.001580 -0.999999
v -1.809137 1.691411 -6.516776 0.90426 0.91260 0.88586
vt 0.235072 0.759050
vn -0.000032 -0.001580 -0.999999
f 4291/4291/4291 4292/4292/4292 4293/4293/4293
v -2.758852 1.391111 -6.516271 0.69591 0.20903 0.20343
vt 0.259135 0.721864
vn -0.000000 -0.001682 -0.999999
v -1.809137 1.691411 -6.516776 0.69591 0.20903 0.20343
vt 0.235072 0.759050
vn -0.000000 -0.001682 -0.999999
v -1.809380 1.391047 -6.516271 0.69591 0.20903 0.20343
vt 0.225518 0.735630
vn -0.000000 -0.001682 -0.999999
f 4294/4294/4294 4295/4295/4295 4296/4296/4296
v -2.887267 -1.073101 -14.078501 0.51171 0.29358 0.27288
vt 0.781681 0.041714
vn -0.997589 -0.069392 0.000000
v -2.887267 -1.073101 -12.577980 0.51171 0.29358 0.27288
vt 0.756073 0.042842
vn -0.997589 -0.069392 0.000000
v -2.904730 -0.822053 -12.578201 0.51171 0.29358 0.27288
vt 0.752984 0.029743
vn -0.997589 -0.069392 0.000000
f 4297/4297/4297 4298/4298/4298 4299/4299/4299
v -2.887267 -1.073101 -14.078501 0.51473 0.29962 0.26986
vt 0.781681 0.041714
vn -0.999934 -0.002408 -0.011236
v -2.904730 -0.822053 -12.578201 0.51473 0.29962 0.26986
vt 0.752984 0.029743
vn -0.999934 -0.002408 -0.011236
v -2.887267 -0.771465 -14.143157 0.51473 0.29962 0.26986
vt 0.779229 0.025717
vn -0.999934 -0.002408 -0.011236
f 4300/4300/4300 4301/4301/4301 4302/4302/4302
v -2.756279 -0.822057 -12.578201 0.46038 0.37813 0.32421
vt 0.879360 0.958661
vn 0.998691 0.051044 0.003430
v -2.743449 -1.073101 -12.577980 0.46038 0.37813 0.32421
vt 0.878828 0.977042
vn 0.998691 0.051044 0.003430
v -2.736682 -1.073100 -14.548062 0.46038 0.37813 0.32421
vt 0.858040 0.976443
vn 0.998691 0.051044 0.003430
f 4303/4303/4303 4304/4304/4304 4305/4305/4305
v -2.756279 -0.822057 -12.578201 0.28826 0.33284 0.36045
vt 0.879360 0.958661
vn 0.999951 0.000000 0.009948
v -2.736682 -1.073100 -14.548062 0.28826 0.33284 0.36045
vt 0.858040 0.976443
vn 0.999951 0.000000 0.009948
v -2.736682 -0.771465 -14.548065 0.28826 0.33284 0.36045
vt 0.858672 0.954364
vn 0.999951 0.000000 0.009948
f 4306/4306/4306 4307/4307/4307 4308/4308/4308
v -2.887267 -0.771465 -14.143157 0.18559 0.26640 0.31515
vt 0.863944 0.950419
vn 0.000023 0.999478 0.032309
v -2.904730 -0.822053 -12.578201 0.18559 0.26640 0.31515
vt 0.880530 0.953864
vn 0.000023 0.999478 0.032309
v -2.756279 -0.822057 -12.578201 0.18559 0.26640 0.31515
vt 0.879360 0.958661
vn 0.000023 0.999478 0.032309
f 4309/4309/4309 4310/4310/4310 4311/4311/4311
v -2.887267 -0.771465 -14.143157 0.30034 0.32076 0.35743
vt 0.863944 0.950419
vn 0.070750 0.997147 0.026314
v -2.756279 -0.822057 -12.578201 0.30034 0.32076 0.35743
vt 0.879360 0.958661
vn 0.070750 0.997147 0.026314
v -2.736682 -0.771465 -14.548065 0.30034 0.32076 0.35743
vt 0.858672 0.954364
vn 0.070750 0.997147 0.026314
f 4312/4312/4312 4313/4313/4313 4314/4314/4314
v -2.916642 0.424868 -10.152131 0.18559 0.27244 0.32723
vt 0.648346 0.829589
vn -1.000000 0.000627 0.000061
v -2.916447 0.735349 -10.152592 0.18559 0.27244 0.32723
vt 0.648129 0.853929
vn -1.000000 0.000627 0.000061
v -2.916593 0.726428 -12.459416 0.18559 0.27244 0.32723
vt 0.621954 0.852918
vn -1.000000 0.000627 0.000061
f 4315/4315/4315 4316/4316/4316 4317/4317/4317
v -2.916642 0.424868 -10.152131 0.16446 0.26942 0.33025
vt 0.648346 0.829589
vn -1.000000 0.000161 -0.000000
v -2.916593 0.726428 -12.459416 0.16446 0.26942 0.33025
vt 0.621954 0.852918
vn -1.000000 0.000161 -0.000000
v -2.916642 0.424793 -12.459030 0.16446 0.26942 0.33025
vt 0.622215 0.829287
vn -1.000000 0.000161 -0.000000
f 4318/4318/4318 4319/4319/4319 4320/4320/4320
v -2.759162 0.726420 -12.459416 0.21579 0.29056 0.33931
vt 0.266977 0.632474
vn 1.000000 -0.000622 -0.000060
v -2.759018 0.735340 -10.152592 0.21579 0.29056 0.33931
vt 0.286366 0.652404
vn 1.000000 -0.000622 -0.000060
v -2.759211 0.424858 -10.152131 0.21579 0.29056 0.33931
vt 0.267652 0.670409
vn 1.000000 -0.000622 -0.000060
f 4321/4321/4321 4322/4322/4322 4323/4323/4323
v -2.759162 0.726420 -12.459416 0.25806 0.25735 0.30006
vt 0.266977 0.632474
vn 1.000000 -0.000161 0.000000
v -2.759211 0.424858 -10.152131 0.25806 0.25735 0.30006
vt 0.267652 0.670409
vn 1.000000 -0.000161 0.000000
v -2.759211 0.424784 -12.459030 0.25806 0.25735 0.30006
vt 0.248556 0.650168
vn 1.000000 -0.000161 0.000000
f 4324/4324/4324 4325/4325/4325 4326/4326/4326
v -2.916447 0.735349 -10.152592 0.20673 0.27848 0.29704
vt 0.291317 0.649520
vn 0.000058 0.999993 -0.003867
v -2.759018 0.735340 -10.152592 0.20673 0.27848 0.29704
vt 0.286366 0.652404
vn 0.000058 0.999993 -0.003867
v -2.759162 0.726420 -12.459416 0.20673 0.27848 0.29704
vt 0.266977 0.632474
vn 0.000058 0.999993 -0.003867
f 4327/4327/4327 4328/4328/4328 4329/4329/4329
v -2.916447 0.735349 -10.152592 0.20069 0.28452 0.33931
vt 0.291317 0.649520
vn 0.000055 0.999993 -0.003867
v -2.759162 0.726420 -12.459416 0.20069 0.28452 0.33931
vt 0.266977 0.632474
vn 0.000055 0.999993 -0.003867
v -2.916593 0.726428 -12.459416 0.20069 0.28452 0.33931
vt 0.271821 0.628405
vn 0.000055 0.999993 -0.003867
f 4330/4330/4330 4331/4331/4331 4332/4332/4332
v -1.253049 1.691931 -6.359551 0.70497 0.25131 0.20041
vt 0.215159 0.753047
vn 0.000086 0.999993 -0.003612
v -1.252857 1.691363 -6.516776 0.70497 0.25131 0.20041
vt 0.215426 0.751204
vn 0.000086 0.999993 -0.003612
v -1.809137 1.691411 -6.516776 0.70497 0.25131 0.20041
vt 0.235072 0.759050
vn 0.000086 0.999993 -0.003612
f 4333/4333/4333 4334/4334/4334 4335/4335/4335
v -1.253049 1.691931 -6.359551 0.72308 0.21809 0.18833
vt 0.215159 0.753047
vn 0.001372 0.999966 -0.008159
v -1.809137 1.691411 -6.516776 0.72308 0.21809 0.18833
vt 0.235072 0.759050
vn 0.001372 0.999966 -0.008159
v -1.809281 1.692688 -6.360303 0.72308 0.21809 0.18833
vt 0.235078 0.760805
vn 0.001372 0.999966 -0.008159
f 4336/4336/4336 4337/4337/4337 4338/4338/4338
v -1.253099 1.391003 -6.359826 0.15540 0.26338 0.32421
vt 0.750160 0.906245
vn -0.001352 -0.000913 0.999999
v -1.253049 1.691931 -6.359551 0.15540 0.26338 0.32421
vt 0.749944 0.929817
vn -0.001352 -0.000913 0.999999
v -1.809281 1.692688 -6.360303 0.15540 0.26338 0.32421
vt 0.730119 0.929692
vn -0.001352 -0.000913 0.999999
f 4339/4339/4339 4340/4340/4340 4341/4341/4341
v -1.253099 1.391003 -6.359826 0.15238 0.26338 0.33629
vt 0.750160 0.906245
vn 0.000000 0.001580 0.999999
v -1.809281 1.692688 -6.360303 0.15238 0.26338 0.33629
vt 0.730119 0.929692
vn 0.000000 0.001580 0.999999
v -1.809380 1.391052 -6.359826 0.15238 0.26338 0.33629
vt 0.730334 0.906065
vn 0.000000 0.001580 0.999999
f 4342/4342/4342 4343/4343/4343 4344/4344/4344
v -1.948764 -3.760454 -10.325551 0.91030 0.91260 0.89190
vt 0.740024 0.187750
vn -0.741854 -0.670528 0.006723
v -1.944936 -3.759736 -9.831722 0.91030 0.91260 0.89190
vt 0.731058 0.187934
vn -0.741854 -0.670528 0.006723
v -2.431722 -3.220097 -9.724688 0.91030 0.91260 0.89190
vt 0.726850 0.157511
vn -0.741854 -0.670528 0.006723
f 4345/4345/4345 4346/4346/4346 4347/4347/4347
v -1.948764 -3.760454 -10.325551 0.91030 0.91260 0.89190
vt 0.740024 0.187750
vn -0.736971 -0.675751 0.015345
v -2.431722 -3.220097 -9.724688 0.91030 0.91260 0.89190
vt 0.726850 0.157511
vn -0.736971 -0.675751 0.015345
v -2.442684 -3.219380 -10.219594 0.91030 0.91260 0.89190
vt 0.736017 0.157187
vn -0.736971 -0.675751 0.015345
f 4348/4348/4348 4349/4349/4349 4350/4350/4350
v -1.253099 1.390914 -9.985126 0.83481 0.86731 0.87076
vt 0.479381 0.895697
vn 0.000052 1.000000 -0.000024
v -1.253099 1.390941 -8.887413 0.83481 0.86731 0.87076
vt 0.479349 0.884827
vn 0.000052 1.000000 -0.000024
v -0.662695 1.390910 -8.887413 0.83481 0.86731 0.87076
vt 0.497772 0.884772
vn 0.000052 1.000000 -0.000024
f 4351/4351/4351 4352/4352/4352 4353/4353/4353
v -1.253099 1.390914 -9.985126 0.19163 0.28452 0.34233
vt 0.479381 0.895697
vn 0.000037 1.000000 -0.000016
v -0.662695 1.390910 -8.887413 0.19163 0.28452 0.34233
vt 0.497772 0.884772
vn 0.000037 1.000000 -0.000016
v -0.662695 1.390893 -9.985126 0.19163 0.28452 0.34233
vt 0.497805 0.895641
vn 0.000037 1.000000 -0.000016
f 4354/4354/4354 4355/4355/4355 4356/4356/4356
v -2.854518 -2.093161 -9.361726 0.15238 0.29962 0.35441
vt 0.712613 0.097928
vn -0.976496 -0.215250 0.011105
v -2.739278 -2.634182 -9.715047 0.15238 0.29962 0.35441
vt 0.724065 0.126013
vn -0.976496 -0.215250 0.011105
v -2.729921 -2.643335 -9.069641 0.15238 0.29962 0.35441
vt 0.712171 0.126812
vn -0.976496 -0.215250 0.011105
f 4357/4357/4357 4358/4358/4358 4359/4359/4359
v -2.854518 -2.093161 -9.361726 0.87708 0.90958 0.87680
vt 0.712613 0.097928
vn -0.975038 -0.222025 -0.002279
v -2.729921 -2.643335 -9.069641 0.87708 0.90958 0.87680
vt 0.712171 0.126812
vn -0.975038 -0.222025 -0.002279
v -2.852997 -2.109103 -8.459357 0.87708 0.90958 0.87680
vt 0.696692 0.099168
vn -0.975038 -0.222025 -0.002279
f 4360/4360/4360 4361/4361/4361 4362/4362/4362
v -2.887266 -1.706397 -9.750483 0.91030 0.91260 0.89190
vt 0.715473 0.077543
vn -1.000000 -0.000157 0.000115
v -2.887136 -1.689756 -8.591204 0.91030 0.91260 0.89190
vt 0.695075 0.077258
vn -1.000000 -0.000157 0.000115
v -2.887267 -1.073101 -8.885232 0.91030 0.91260 0.89190
vt 0.694118 0.044973
vn -1.000000 -0.000157 0.000115
f 4363/4363/4363 4364/4364/4364 4365/4365/4365
v -2.887266 -1.706397 -9.750483 0.18257 0.28150 0.31214
vt 0.715473 0.077543
vn -1.000000 -0.000001 0.000000
v -2.887267 -1.073101 -8.885232 0.18257 0.28150 0.31214
vt 0.694118 0.044973
vn -1.000000 -0.000001 0.000000
v -2.887267 -1.073101 -9.982947 0.18257 0.28150 0.31214
vt 0.712667 0.044439
vn -1.000000 -0.000001 0.000000
f 4366/4366/4366 4367/4367/4367 4368/4368/4368
v -2.739278 -2.634182 -9.715047 0.91030 0.91260 0.89190
vt 0.724065 0.126013
vn -0.891279 -0.453414 0.006057
v -2.747246 -2.626035 -10.277684 0.91030 0.91260 0.89190
vt 0.734545 0.125278
vn -0.891279 -0.453414 0.006057
v -2.446424 -3.218817 -10.386528 0.91030 0.91260 0.89190
vt 0.739346 0.156984
vn -0.891279 -0.453414 0.006057
f 4369/4369/4369 4370/4370/4370 4371/4371/4371
v -2.739278 -2.634182 -9.715047 0.91030 0.91260 0.89190
vt 0.724065 0.126013
vn -0.885390 -0.464490 0.018269
v -2.446424 -3.218817 -10.386528 0.91030 0.91260 0.89190
vt 0.739346 0.156984
vn -0.885390 -0.464490 0.018269
v -2.442684 -3.219380 -10.219594 0.91030 0.91260 0.89190
vt 0.736017 0.157187
vn -0.885390 -0.464490 0.018269
f 4372/4372/4372 4373/4373/4373 4374/4374/4374
v -2.887266 -1.706397 -9.750483 0.91030 0.91260 0.89190
vt 0.715473 0.077543
vn -0.996469 -0.083967 -0.000000
v -2.887266 -1.706397 -10.685567 0.91030 0.91260 0.89190
vt 0.731720 0.077026
vn -0.996469 -0.083967 -0.000000
v -2.855873 -2.078952 -10.136011 0.91030 0.91260 0.89190
vt 0.726320 0.096803
vn -0.996469 -0.083967 -0.000000
f 4375/4375/4375 4376/4376/4376 4377/4377/4377
v -2.887266 -1.706397 -9.750483 0.91030 0.91260 0.89190
vt 0.715473 0.077543
vn -0.996451 -0.084172 0.000200
v -2.855873 -2.078952 -10.136011 0.91030 0.91260 0.89190
vt 0.726320 0.096803
vn -0.996451 -0.084172 0.000200
v -2.854518 -2.093161 -9.361726 0.91030 0.91260 0.89190
vt 0.712613 0.097928
vn -0.996451 -0.084172 0.000200
f 4378/4378/4378 4379/4379/4379 4380/4380/4380
v -1.034905 -4.440080 -10.302862 0.91030 0.91260 0.89190
vt 0.742629 0.229443
vn -0.521621 -0.853176 -0.001236
v -1.033168 -4.440677 -10.623869 0.91030 0.91260 0.89190
vt 0.748399 0.229382
vn -0.521621 -0.853176 -0.001236
v -0.693624 -4.648245 -10.641520 0.91030 0.91260 0.89190
vt 0.749809 0.242898
vn -0.521621 -0.853176 -0.001236
f 4381/4381/4381 4382/4382/4382 4383/4383/4383
v -1.034905 -4.440080 -10.302862 0.91030 0.91260 0.89190
vt 0.742629 0.229443
vn -0.521315 -0.853364 -0.000813
v -0.693624 -4.648245 -10.641520 0.91030 0.91260 0.89190
vt 0.749809 0.242898
vn -0.521315 -0.853364 -0.000813
v -0.694903 -4.647832 -10.254113 0.91030 0.91260 0.89190
vt 0.742871 0.242982
vn -0.521315 -0.853364 -0.000813
f 4384/4384/4384 4385/4385/4385 4386/4386/4386
v -2.916447 0.735355 -9.984732 0.16144 0.26640 0.32119
vt 0.650107 0.853951
vn -1.000000 0.000627 -0.000000
v -2.916447 0.735349 -10.152592 0.16144 0.26640 0.32119
vt 0.648129 0.853929
vn -1.000000 0.000627 -0.000000
v -2.916642 0.424868 -10.152131 0.16144 0.26640 0.32119
vt 0.648346 0.829589
vn -1.000000 0.000627 -0.000000
f 4387/4387/4387 4388/4388/4388 4389/4389/4389
v -2.916447 0.735355 -9.984732 0.15540 0.26338 0.32421
vt 0.650107 0.853951
vn -1.000000 0.000627 -0.000000
v -2.916642 0.424868 -10.152131 0.15540 0.26338 0.32421
vt 0.648346 0.829589
vn -1.000000 0.000627 -0.000000
v -2.916642 0.424874 -9.984271 0.15540 0.26338 0.32421
vt 0.650318 0.829622
vn -1.000000 0.000627 -0.000000
f 4390/4390/4390 4391/4391/4391 4392/4392/4392
v -2.882077 0.895901 -9.666575 0.18257 0.28150 0.35139
vt 0.653785 0.866694
vn -1.000000 0.000416 -0.000000
v -2.882077 0.895910 -9.205241 0.18257 0.28150 0.35139
vt 0.658771 0.866728
vn -1.000000 0.000416 -0.000000
v -2.881937 1.230493 -9.205571 0.18257 0.28150 0.35139
vt 0.658622 0.892712
vn -1.000000 0.000416 -0.000000
f 4393/4393/4393 4394/4394/4394 4395/4395/4395
v -2.882077 0.895901 -9.666575 0.19465 0.28452 0.35139
vt 0.653785 0.866694
vn -1.000000 0.000416 -0.000000
v -2.881937 1.230493 -9.205571 0.19465 0.28452 0.35139
vt 0.658622 0.892712
vn -1.000000 0.000416 -0.000000
v -2.881937 1.230484 -9.666905 0.19465 0.28452 0.35139
vt 0.653636 0.892678
vn -1.000000 0.000416 -0.000000
f 4396/4396/4396 4397/4397/4397 4398/4398/4398
v -2.882475 -0.154273 -9.665456 0.72308 0.17884 0.14304
vt 0.654558 0.784385
vn -1.000000 0.000441 -0.000000
v -2.882475 -0.154264 -9.204121 0.72308 0.17884 0.14304
vt 0.659544 0.784435
vn -1.000000 0.000441 -0.000000
v -2.882299 0.243853 -9.204700 0.72308 0.17884 0.14304
vt 0.659205 0.815394
vn -1.000000 0.000441 -0.000000
f 4399/4399/4399 4400/4400/4400 4401/4401/4401
v -2.882475 -0.154273 -9.665456 0.75026 0.20903 0.19135
vt 0.654558 0.784385
vn -1.000000 0.000441 -0.000000
v -2.882299 0.243853 -9.204700 0.75026 0.20903 0.19135
vt 0.659205 0.815394
vn -1.000000 0.000441 -0.000000
v -2.882299 0.243844 -9.666036 0.75026 0.20903 0.19135
vt 0.654218 0.815343
vn -1.000000 0.000441 -0.000000
f 4402/4402/4402 4403/4403/4403 4404/4404/4404
v -2.758852 1.390999 -9.985126 0.15238 0.26338 0.33025
vt 0.432394 0.895835
vn 0.000066 1.000000 -0.000031
v -2.758852 1.391033 -8.887413 0.15238 0.26338 0.33025
vt 0.432362 0.884965
vn 0.000066 1.000000 -0.000031
v -1.809380 1.390970 -8.887413 0.15238 0.26338 0.33025
vt 0.461989 0.884878
vn 0.000066 1.000000 -0.000031
f 4405/4405/4405 4406/4406/4406 4407/4407/4407
v -2.758852 1.390999 -9.985126 0.18861 0.29358 0.36045
vt 0.432394 0.895835
vn 0.000068 1.000000 -0.000032
v -1.809380 1.390970 -8.887413 0.18861 0.29358 0.36045
vt 0.461989 0.884878
vn 0.000068 1.000000 -0.000032
v -1.809380 1.390935 -9.985126 0.18861 0.29358 0.36045
vt 0.462021 0.895749
vn 0.000068 1.000000 -0.000032
f 4408/4408/4408 4409/4409/4409 4410/4410/4410
v -2.758753 1.692635 -9.985603 0.91030 0.91260 0.89190
vt 0.306920 0.729267
vn 0.000060 1.000000 -0.000032
v -2.758753 1.692629 -10.153463 0.91030 0.91260 0.89190
vt 0.307613 0.728871
vn 0.000060 1.000000 -0.000032
v -2.916182 1.692639 -10.153463 0.91030 0.91260 0.89190
vt 0.312924 0.729372
vn 0.000060 1.000000 -0.000032
f 4411/4411/4411 4412/4412/4412 4413/4413/4413
v -2.758753 1.692635 -9.985603 0.91030 0.91260 0.89190
vt 0.306920 0.729267
vn 0.000060 1.000000 -0.000032
v -2.916182 1.692639 -10.153463 0.91030 0.91260 0.89190
vt 0.312924 0.729372
vn 0.000060 1.000000 -0.000032
v -2.916182 1.692644 -9.985603 0.91030 0.91260 0.89190
vt 0.311058 0.733032
vn 0.000060 1.000000 -0.000032
f 4414/4414/4414 4415/4415/4415 4416/4416/4416
v -2.904204 -0.829578 -9.983162 0.75932 0.14864 0.13398
vt 0.651296 0.731331
vn -0.999673 -0.025566 -0.000000
v -2.904205 -0.829567 -8.885448 0.75932 0.14864 0.13398
vt 0.663691 0.731428
vn -0.999673 -0.025566 -0.000000
v -2.916846 -0.335287 -8.885885 0.75932 0.14864 0.13398
vt 0.663424 0.770155
vn -0.999673 -0.025566 -0.000000
f 4417/4417/4417 4418/4418/4418 4419/4419/4419
v -2.904204 -0.829578 -9.983162 0.75630 0.15468 0.14002
vt 0.651296 0.731331
vn -0.999673 -0.025568 0.000001
v -2.916846 -0.335287 -8.885885 0.75630 0.15468 0.14002
vt 0.663424 0.770155
vn -0.999673 -0.025568 0.000001
v -2.916846 -0.335323 -9.983599 0.75630 0.15468 0.14002
vt 0.650955 0.770043
vn -0.999673 -0.025568 0.000001
f 4420/4420/4420 4421/4421/4421 4422/4422/4422
v -2.904204 -0.829578 -9.983162 0.51473 0.29056 0.26986
vt 0.710176 0.031758
vn -0.997590 -0.069383 -0.000000
v -2.904204 -0.829580 -10.151022 0.51473 0.29056 0.26986
vt 0.712133 0.031748
vn -0.997590 -0.069383 -0.000000
v -2.887267 -1.073101 -10.150807 0.51473 0.29056 0.26986
vt 0.714816 0.044445
vn -0.997590 -0.069383 -0.000000
f 4423/4423/4423 4424/4424/4424 4425/4425/4425
v -2.904204 -0.829578 -9.983162 0.51473 0.29056 0.26986
vt 0.710176 0.031758
vn -0.997590 -0.069384 0.000000
v -2.887267 -1.073101 -10.150807 0.51473 0.29056 0.26986
vt 0.714816 0.044445
vn -0.997590 -0.069384 0.000000
v -2.887267 -1.073101 -9.982947 0.51473 0.29056 0.26986
vt 0.712667 0.044439
vn -0.997590 -0.069384 0.000000
f 4426/4426/4426 4427/4427/4427 4428/4428/4428
v -1.948764 -3.760454 -10.325551 0.91030 0.91260 0.89190
vt 0.740024 0.187750
vn -0.630919 -0.775849 0.000690
v -1.948452 -3.760852 -10.487893 0.91030 0.91260 0.89190
vt 0.743096 0.187655
vn -0.630919 -0.775849 0.000690
v -1.353088 -4.245106 -10.607237 0.91030 0.91260 0.89190
vt 0.747111 0.216631
vn -0.630919 -0.775849 0.000690
f 4429/4429/4429 4430/4430/4430 4431/4431/4431
v -1.948764 -3.760454 -10.325551 0.91030 0.91260 0.89190
vt 0.740024 0.187750
vn -0.631963 -0.774993 -0.002991
v -1.353088 -4.245106 -10.607237 0.91030 0.91260 0.89190
vt 0.747111 0.216631
vn -0.631963 -0.774993 -0.002991
v -1.355257 -4.244335 -10.348796 0.91030 0.91260 0.89190
vt 0.742416 0.216681
vn -0.631963 -0.774993 -0.002991
f 4432/4432/4432 4433/4433/4433 4434/4434/4434
v -2.916182 1.692644 -9.985603 0.17050 0.26036 0.32723
vt 0.649691 0.928978
vn -1.000000 0.000327 -0.000000
v -2.916182 1.692639 -10.153463 0.17050 0.26036 0.32723
vt 0.647792 0.928961
vn -1.000000 0.000327 -0.000000
v -2.916281 1.391003 -10.152986 0.17050 0.26036 0.32723
vt 0.647943 0.905324
vn -1.000000 0.000327 -0.000000
f 4435/4435/4435 4436/4436/4436 4437/4437/4437
v -2.916182 1.692644 -9.985603 0.18257 0.26640 0.32723
vt 0.649691 0.928978
vn -1.000000 0.000327 -0.000000
v -2.916281 1.391003 -10.152986 0.18257 0.26640 0.32723
vt 0.647943 0.905324
vn -1.000000 0.000327 -0.000000
v -2.916281 1.391008 -9.985126 0.18257 0.26640 0.32723
vt 0.649840 0.905351
vn -1.000000 0.000327 -0.000000
f 4438/4438/4438 4439/4439/4439 4440/4440/4440
v -2.758753 1.692635 -9.985603 0.91030 0.91260 0.89190
vt 0.306920 0.729267
vn 1.000000 -0.000327 0.000000
v -2.758753 1.692669 -8.887890 0.91030 0.91260 0.89190
vt 0.295420 0.734348
vn 1.000000 -0.000327 0.000000
v -2.758852 1.391033 -8.887413 0.91030 0.91260 0.89190
vt 0.285714 0.710695
vn 1.000000 -0.000327 0.000000
f 4441/4441/4441 4442/4442/4442 4443/4443/4443
v -2.758753 1.692635 -9.985603 0.90728 0.90958 0.88888
vt 0.306920 0.729267
vn 1.000000 -0.000327 0.000000
v -2.758852 1.391033 -8.887413 0.90728 0.90958 0.88888
vt 0.285714 0.710695
vn 1.000000 -0.000327 0.000000
v -2.758852 1.390999 -9.985126 0.90728 0.90958 0.88888
vt 0.298312 0.705533
vn 1.000000 -0.000327 0.000000
f 4444/4444/4444 4445/4445/4445 4446/4446/4446
v -0.662630 1.692526 -10.153262 0.91030 0.91260 0.89190
vt 0.114298 0.826641
vn -0.000000 -0.000915 -1.000000
v 0.000000 1.692487 -10.153262 0.91030 0.91260 0.89190
vt 0.092170 0.825405
vn -0.000000 -0.000915 -1.000000
v 0.000000 1.390851 -10.152986 0.91030 0.91260 0.89190
vt 0.093409 0.803229
vn -0.000000 -0.000915 -1.000000
f 4447/4447/4447 4448/4448/4448 4449/4449/4449
v -0.662630 1.692526 -10.153262 0.91030 0.91260 0.89190
vt 0.114298 0.826641
vn -0.000000 -0.000915 -1.000000
v 0.000000 1.390851 -10.152986 0.91030 0.91260 0.89190
vt 0.093409 0.803229
vn -0.000000 -0.000915 -1.000000
v -0.662695 1.390890 -10.152986 0.91030 0.91260 0.89190
vt 0.115536 0.804467
vn -0.000000 -0.000915 -1.000000
f 4450/4450/4450 4451/4451/4451 4452/4452/4452
v -0.662630 1.692528 -9.985402 0.75630 0.16374 0.15210
vt 0.114198 0.828420
vn 0.000000 0.000915 1.000000
v -1.253034 1.692550 -9.985402 0.75630 0.16374 0.15210
vt 0.133915 0.829520
vn 0.000000 0.000915 1.000000
v -1.253099 1.390914 -9.985126 0.75630 0.16374 0.15210
vt 0.132679 0.851696
vn 0.000000 0.000915 1.000000
f 4453/4453/4453 4454/4454/4454 4455/4455/4455
v -0.662630 1.692528 -9.985402 0.76234 0.15166 0.14606
vt 0.114198 0.828420
vn 0.000000 0.000915 1.000000
v -1.253099 1.390914 -9.985126 0.76234 0.15166 0.14606
vt 0.132679 0.851696
vn 0.000000 0.000915 1.000000
v -0.662695 1.390893 -9.985126 0.76234 0.15166 0.14606
vt 0.112961 0.850595
vn 0.000000 0.000915 1.000000
f 4456/4456/4456 4457/4457/4457 4458/4458/4458
v -1.809380 1.390935 -9.985126 0.74724 0.15770 0.14002
vt 0.174639 0.831598
vn -1.000000 0.000218 -0.000000
v -1.809314 1.692571 -9.985402 0.74724 0.15770 0.14002
vt 0.152493 0.830554
vn -1.000000 0.000218 -0.000000
v -1.809314 1.692565 -10.153262 0.74724 0.15770 0.14002
vt 0.152585 0.828777
vn -1.000000 0.000218 -0.000000
f 4459/4459/4459 4460/4460/4460 4461/4461/4461
v -1.809380 1.390935 -9.985126 0.74724 0.16374 0.14304
vt 0.174639 0.831598
vn -1.000000 0.000218 -0.000000
v -1.809314 1.692565 -10.153262 0.74724 0.16374 0.14304
vt 0.152585 0.828777
vn -1.000000 0.000218 -0.000000
v -1.809380 1.390929 -10.152986 0.74724 0.16374 0.14304
vt 0.174722 0.829822
vn -1.000000 0.000218 -0.000000
f 4462/4462/4462 4463/4463/4463 4464/4464/4464
v -1.809314 1.692565 -10.153262 0.72308 0.24225 0.23363
vt 0.152585 0.828777
vn -0.000000 -0.000915 -1.000000
v -1.253034 1.692546 -10.153262 0.72308 0.24225 0.23363
vt 0.134013 0.827741
vn -0.000000 -0.000915 -1.000000
v -1.253099 1.390910 -10.152986 0.72308 0.24225 0.23363
vt 0.135250 0.805568
vn -0.000000 -0.000915 -1.000000
f 4465/4465/4465 4466/4466/4466 4467/4467/4467
v -1.809314 1.692565 -10.153262 0.73214 0.18487 0.16417
vt 0.152585 0.828777
vn -0.000000 -0.000915 -1.000000
v -1.253099 1.390910 -10.152986 0.73214 0.18487 0.16417
vt 0.135250 0.805568
vn -0.000000 -0.000915 -1.000000
v -1.809380 1.390929 -10.152986 0.73214 0.18487 0.16417
vt 0.153823 0.806606
vn -0.000000 -0.000915 -1.000000
f 4468/4468/4468 4469/4469/4469 4470/4470/4470
v 0.000000 -4.819120 -14.159478 0.91030 0.90656 0.88284
vt 0.975447 0.232658
vn -0.229141 -0.831717 -0.505709
v -0.668632 -4.667188 -14.106390 0.91030 0.90656 0.88284
vt 0.936694 0.225827
vn -0.229141 -0.831717 -0.505709
v -0.659907 -4.368671 -14.601301 0.91030 0.90656 0.88284
vt 0.935489 0.209832
vn -0.229141 -0.831717 -0.505709
f 4471/4471/4471 4472/4472/4472 4473/4473/4473
v 0.000000 -4.819120 -14.159478 0.91030 0.90656 0.89190
vt 0.975447 0.232658
vn -0.133782 -0.786882 -0.602428
v -0.659907 -4.368671 -14.601301 0.91030 0.90656 0.89190
vt 0.935489 0.209832
vn -0.133782 -0.786882 -0.602428
v -0.002509 -4.480055 -14.601802 0.91030 0.90656 0.89190
vt 0.973057 0.214650
vn -0.133782 -0.786882 -0.602428
f 4474/4474/4474 4475/4475/4475 4476/4476/4476
v 0.000000 -3.338409 13.822408 0.91030 0.91260 0.89190
vt 0.144685 0.160504
vn -0.197065 -0.678505 0.707670
v -0.632267 -3.220555 13.759337 0.91030 0.91260 0.89190
vt 0.180720 0.155108
vn -0.197065 -0.678505 0.707670
v -0.629152 -4.009658 13.003624 0.91030 0.91260 0.89190
vt 0.177293 0.196527
vn -0.197065 -0.678505 0.707670
f 4477/4477/4477 4478/4478/4478 4479/4479/4479
v 0.000000 -3.338409 13.822408 0.91030 0.91260 0.89190
vt 0.144685 0.160504
vn -0.237793 -0.653580 0.718532
v -0.629152 -4.009658 13.003624 0.91030 0.91260 0.89190
vt 0.177293 0.196527
vn -0.237793 -0.653580 0.718532
v 0.000000 -4.195159 13.043104 0.91030 0.91260 0.89190
vt 0.141569 0.205791
vn -0.237793 -0.653580 0.718532
f 4480/4480/4480 4481/4481/4481 4482/4482/4482
v 0.000000 -4.664632 12.016244 0.91030 0.91260 0.89190
vt 0.144216 0.231709
vn -0.323655 -0.929520 0.176747
v -0.668561 -4.436821 11.990056 0.91030 0.91260 0.89190
vt 0.181698 0.219883
vn -0.323655 -0.929520 0.176747
v -0.660486 -4.511568 11.611749 0.91030 0.91260 0.89190
vt 0.183446 0.224551
vn -0.323655 -0.929520 0.176747
f 4483/4483/4483 4484/4484/4484 4485/4485/4485
v 0.000000 -4.664632 12.016244 0.91030 0.91260 0.89190
vt 0.144216 0.231709
vn -0.325395 -0.928277 0.180058
v -0.660486 -4.511568 11.611749 0.91030 0.91260 0.89190
vt 0.183446 0.224551
vn -0.325395 -0.928277 0.180058
v 0.000000 -4.741340 11.620781 0.91030 0.91260 0.89190
vt 0.146350 0.236563
vn -0.325395 -0.928277 0.180058
f 4486/4486/4486 4487/4487/4487 4488/4488/4488
v 0.000000 -1.073101 -12.577979 0.15540 0.26338 0.32421
vt 0.551613 0.590653
vn -0.000000 1.000000 0.000000
v 0.000000 -1.073101 -15.329392 0.15540 0.26338 0.32421
vt 0.524102 0.589390
vn -0.000000 1.000000 0.000000
v -0.663457 -1.073101 -15.152153 0.15540 0.26338 0.32421
vt 0.526657 0.568808
vn -0.000000 1.000000 0.000000
f 4489/4489/4489 4490/4490/4490 4491/4491/4491
v 0.000000 -1.073101 -12.577979 0.15540 0.26640 0.33931
vt 0.551613 0.590653
vn -0.000000 1.000000 0.000000
v -0.663457 -1.073101 -15.152153 0.15540 0.26640 0.33931
vt 0.526657 0.568808
vn -0.000000 1.000000 0.000000
v -0.663457 -1.073101 -12.577980 0.15540 0.26640 0.33931
vt 0.552406 0.569757
vn -0.000000 1.000000 0.000000
f 4492/4492/4492 4493/4493/4493 4494/4494/4494
v 0.000000 -1.073098 -6.357645 0.18861 0.29358 0.36045
vt 0.612158 0.596185
vn -0.000002 0.000001 1.000000
v -0.663457 -1.072999 -6.357646 0.18861 0.29358 0.36045
vt 0.613014 0.575232
vn -0.000002 0.000001 1.000000
v -0.663457 -2.096355 -6.357645 0.18861 0.29358 0.36045
vt 0.683972 0.578455
vn -0.000002 0.000001 1.000000
f 4495/4495/4495 4496/4496/4496 4497/4497/4497
v 0.000000 -1.073098 -6.357645 0.16144 0.26036 0.33025
vt 0.612158 0.596185
vn 0.000000 -0.000000 1.000000
v -0.663457 -2.096355 -6.357645 0.16144 0.26036 0.33025
vt 0.683972 0.578455
vn 0.000000 -0.000000 1.000000
v 0.000000 -2.091621 -6.357645 0.16144 0.26036 0.33025
vt 0.682836 0.599395
vn 0.000000 -0.000000 1.000000
f 4498/4498/4498 4499/4499/4499 4500/4500/4500
v 0.000000 -2.118588 14.686665 0.91030 0.91260 0.89190
vt 0.154445 0.096778
vn -0.184551 -0.546377 0.816954
v 0.000000 -0.902474 15.500000 0.91030 0.91260 0.89190
vt 0.156700 0.033208
vn -0.184551 -0.546377 0.816954
v -0.687732 -0.928643 15.327139 0.91030 0.91260 0.89190
vt 0.195047 0.035142
vn -0.184551 -0.546377 0.816954
f 4501/4501/4501 4502/4502/4502 4503/4503/4503
v 0.000000 -2.118588 14.686665 0.91030 0.91260 0.89190
vt 0.154445 0.096778
vn -0.153984 -0.535824 0.830169
v -0.687732 -0.928643 15.327139 0.91030 0.91260 0.89190
vt 0.195047 0.035142
vn -0.153984 -0.535824 0.830169
v -0.655486 -2.082261 14.588530 0.91030 0.91260 0.89190
vt 0.191488 0.095596
vn -0.153984 -0.535824 0.830169
f 4504/4504/4504 4505/4505/4505 4506/4506/4506
v 0.000000 -2.091621 10.505870 0.16144 0.26640 0.33327
vt 0.851620 0.605277
vn -0.007135 0.999975 0.000000
v -0.663457 -2.096355 10.505869 0.16144 0.26640 0.33327
vt 0.852380 0.584538
vn -0.007135 0.999975 0.000000
v -0.663457 -2.096355 10.943063 0.16144 0.26640 0.33327
vt 0.856614 0.584712
vn -0.007135 0.999975 0.000000
f 4507/4507/4507 4508/4508/4508 4509/4509/4509
v 0.000000 -2.091621 10.505870 0.16144 0.26338 0.33931
vt 0.851620 0.605277
vn -0.007135 0.999975 0.000000
v -0.663457 -2.096355 10.943063 0.16144 0.26338 0.33931
vt 0.856614 0.584712
vn -0.007135 0.999975 0.000000
v 0.000000 -2.091621 10.943063 0.16144 0.26338 0.33931
vt 0.856012 0.605428
vn -0.007135 0.999975 0.000000
f 4510/4510/4510 4511/4511/4511 4512/4512/4512
v 0.000000 -4.835843 -3.146349 0.91030 0.91260 0.89190
vt 0.617315 0.264325
vn -0.248794 -0.968556 0.000665
v 0.000000 -4.828691 7.271013 0.91030 0.91260 0.89190
vt 0.431737 0.265549
vn -0.248794 -0.968556 0.000665
v -0.692909 -4.651204 6.542440 0.91030 0.91260 0.89190
vt 0.444204 0.246676
vn -0.248794 -0.968556 0.000665
f 4513/4513/4513 4514/4514/4514 4515/4515/4515
v 0.000000 -4.835843 -3.146349 0.91030 0.91260 0.89190
vt 0.617315 0.264325
vn -0.239063 -0.971003 0.001408
v -0.692909 -4.651204 6.542440 0.91030 0.91260 0.89190
vt 0.444204 0.246676
vn -0.239063 -0.971003 0.001408
v -0.690288 -4.665966 -3.196439 0.91030 0.91260 0.89190
vt 0.617061 0.245718
vn -0.239063 -0.971003 0.001408
f 4516/4516/4516 4517/4517/4517 4518/4518/4518
v 0.000000 -2.091621 -5.715957 0.16144 0.26036 0.31817
vt 0.689324 0.599672
vn -0.007135 0.999975 0.000000
v -0.663457 -2.096355 -5.715958 0.16144 0.26036 0.31817
vt 0.690236 0.578741
vn -0.007135 0.999975 0.000000
v -0.663457 -2.096355 10.505869 0.16144 0.26036 0.31817
vt 0.852380 0.584538
vn -0.007135 0.999975 0.000000
f 4519/4519/4519 4520/4520/4520 4521/4521/4521
v 0.000000 -2.091621 -5.715957 0.16144 0.26640 0.32723
vt 0.689324 0.599672
vn -0.007135 0.999975 0.000000
v -0.663457 -2.096355 10.505869 0.16144 0.26640 0.32723
vt 0.852380 0.584538
vn -0.007135 0.999975 0.000000
v 0.000000 -2.091621 10.505870 0.16144 0.26640 0.32723
vt 0.851620 0.605277
vn -0.007135 0.999975 0.000000
f 4522/4522/4522 4523/4523/4523 4524/4524/4524
v 0.000000 -4.835843 -3.146349 0.51775 0.29358 0.26684
vt 0.617315 0.264325
vn -0.238826 -0.971060 -0.002048
v -0.690288 -4.665966 -3.196439 0.51775 0.29358 0.26684
vt 0.617061 0.245718
vn -0.238826 -0.971060 -0.002048
v -0.693744 -4.659572 -5.825675 0.51775 0.29358 0.26684
vt 0.663826 0.244782
vn -0.238826 -0.971060 -0.002048
f 4525/4525/4525 4526/4526/4526 4527/4527/4527
v 0.000000 -4.835843 -3.146349 0.43924 0.27546 0.26080
vt 0.617315 0.264325
vn -0.241511 -0.970397 -0.001309
v -0.693744 -4.659572 -5.825675 0.43924 0.27546 0.26080
vt 0.663826 0.244782
vn -0.241511 -0.970397 -0.001309
v 0.000000 -4.832151 -5.883695 0.43924 0.27546 0.26080
vt 0.666425 0.263511
vn -0.241511 -0.970397 -0.001309
f 4528/4528/4528 4529/4529/4529 4530/4530/4530
v 0.000000 -2.091621 -6.019863 0.16446 0.26942 0.33629
vt 0.686255 0.599548
vn -0.007135 0.999975 0.000000
v -0.663457 -2.096355 -6.019864 0.16446 0.26942 0.33629
vt 0.687284 0.578617
vn -0.007135 0.999975 0.000000
v -0.663457 -2.096355 -5.715958 0.16446 0.26942 0.33629
vt 0.690236 0.578741
vn -0.007135 0.999975 0.000000
f 4531/4531/4531 4532/4532/4532 4533/4533/4533
v 0.000000 -2.091621 -6.019863 0.17050 0.27546 0.34535
vt 0.686255 0.599548
vn -0.007135 0.999975 -0.000001
v -0.663457 -2.096355 -5.715958 0.17050 0.27546 0.34535
vt 0.690236 0.578741
vn -0.007135 0.999975 -0.000001
v 0.000000 -2.091621 -5.715957 0.17050 0.27546 0.34535
vt 0.689324 0.599672
vn -0.007135 0.999975 -0.000001
f 4534/4534/4534 4535/4535/4535 4536/4536/4536
v 0.000000 -4.826560 -7.359078 0.54795 0.30566 0.30610
vt 0.692909 0.262870
vn -0.241696 -0.970345 -0.003677
v 0.000000 -4.832151 -5.883695 0.54795 0.30566 0.30610
vt 0.666425 0.263511
vn -0.241696 -0.970345 -0.003677
v -0.693744 -4.659572 -5.825675 0.54795 0.30566 0.30610
vt 0.663826 0.244782
vn -0.241696 -0.970345 -0.003677
f 4537/4537/4537 4538/4538/4538 4539/4539/4539
v 0.000000 -4.826560 -7.359078 0.51171 0.29962 0.25476
vt 0.692909 0.262870
vn -0.244027 -0.969756 -0.004796
v -0.693744 -4.659572 -5.825675 0.51171 0.29962 0.25476
vt 0.663826 0.244782
vn -0.244027 -0.969756 -0.004796
v -0.702501 -4.647854 -7.749414 0.51171 0.29962 0.25476
vt 0.698070 0.243656
vn -0.244027 -0.969756 -0.004796
f 4540/4540/4540 4541/4541/4541 4542/4542/4542
v 0.000000 -4.828691 7.271013 0.91030 0.91260 0.89190
vt 0.431737 0.265549
vn -0.277891 -0.960590 0.006635
v 0.000000 -4.806300 10.512799 0.91030 0.91260 0.89190
vt 0.373627 0.264801
vn -0.277891 -0.960590 0.006635
v -0.683541 -4.613582 9.785260 0.91030 0.91260 0.89190
vt 0.386676 0.245793
vn -0.277891 -0.960590 0.006635
f 4543/4543/4543 4544/4544/4544 4545/4545/4545
v 0.000000 -4.828691 7.271013 0.91030 0.91260 0.89190
vt 0.431737 0.265549
vn -0.259896 -0.965563 0.011953
v -0.683541 -4.613582 9.785260 0.91030 0.91260 0.89190
vt 0.386676 0.245793
vn -0.259896 -0.965563 0.011953
v -0.692909 -4.651204 6.542440 0.91030 0.91260 0.89190
vt 0.444204 0.246676
vn -0.259896 -0.965563 0.011953
f 4546/4546/4546 4547/4547/4547 4548/4548/4548
v 0.000000 -4.788351 11.105329 0.91030 0.91260 0.89190
vt 0.362746 0.264071
vn -0.313961 -0.948716 0.036967
v -0.668026 -4.577789 10.835604 0.91030 0.91260 0.89190
vt 0.367829 0.244785
vn -0.313961 -0.948716 0.036967
v -0.683541 -4.613582 9.785260 0.91030 0.91260 0.89190
vt 0.386676 0.245793
vn -0.313961 -0.948716 0.036967
f 4549/4549/4549 4550/4550/4550 4551/4551/4551
v 0.000000 -4.788351 11.105329 0.91030 0.91260 0.89190
vt 0.362746 0.264071
vn -0.299612 -0.953624 0.028887
v -0.683541 -4.613582 9.785260 0.91030 0.91260 0.89190
vt 0.386676 0.245793
vn -0.299612 -0.953624 0.028887
v 0.000000 -4.806300 10.512799 0.91030 0.91260 0.89190
vt 0.373627 0.264801
vn -0.299612 -0.953624 0.028887
f 4552/4552/4552 4553/4553/4553 4554/4554/4554
v 0.000000 -2.235585 -15.339928 0.91030 0.90958 0.89190
vt 0.955500 0.097559
vn -0.076847 -0.160429 -0.984051
v 0.000000 -3.545394 -15.126391 0.91030 0.90958 0.89190
vt 0.965587 0.165799
vn -0.076847 -0.160429 -0.984051
v -0.712773 -3.477385 -15.081816 0.91030 0.90958 0.89190
vt 0.925177 0.163376
vn -0.076847 -0.160429 -0.984051
f 4555/4555/4555 4556/4556/4556 4557/4557/4557
v 0.000000 -2.235585 -15.339928 0.88614 0.91260 0.89190
vt 0.955500 0.097559
vn -0.124068 -0.133168 -0.983297
v -0.712773 -3.477385 -15.081816 0.88614 0.91260 0.89190
vt 0.925177 0.163376
vn -0.124068 -0.133168 -0.983297
v -0.747276 -2.217619 -15.248073 0.88614 0.91260 0.89190
vt 0.913612 0.097783
vn -0.124068 -0.133168 -0.983297
f 4558/4558/4558 4559/4559/4559 4560/4560/4560
v 0.000000 -1.676240 -15.400299 0.91030 0.91260 0.89190
vt 0.951167 0.068410
vn -0.149834 -0.037798 -0.987988
v -0.733565 -1.676240 -15.289050 0.91030 0.91260 0.89190
vt 0.910211 0.069562
vn -0.149834 -0.037798 -0.987988
v -0.663457 -1.073101 -15.322756 0.91030 0.91260 0.89190
vt 0.909337 0.038017
vn -0.149834 -0.037798 -0.987988
f 4561/4561/4561 4562/4562/4562 4563/4563/4563
v 0.000000 -1.676240 -15.400299 0.91030 0.91260 0.89190
vt 0.951167 0.068410
vn -0.254866 -0.157699 -0.954031
v -0.663457 -1.073101 -15.322756 0.91030 0.91260 0.89190
vt 0.909337 0.038017
vn -0.254866 -0.157699 -0.954031
v 0.000000 -1.073101 -15.499997 0.91030 0.91260 0.89190
vt 0.946431 0.036946
vn -0.254866 -0.157699 -0.954031
f 4564/4564/4564 4565/4565/4565 4566/4566/4566
v 0.000000 -4.741340 11.620781 0.91030 0.91260 0.89190
vt 0.146350 0.236563
vn -0.327340 -0.935801 0.130867
v -0.660486 -4.511568 11.611749 0.91030 0.91260 0.89190
vt 0.183446 0.224551
vn -0.327340 -0.935801 0.130867
v -0.663081 -4.533805 11.446245 0.91030 0.91260 0.89190
vt 0.184722 0.226125
vn -0.327340 -0.935801 0.130867
f 4567/4567/4567 4568/4568/4568 4569/4569/4569
v 0.000000 -4.741340 11.620781 0.91030 0.91260 0.89190
vt 0.146350 0.236563
vn -0.328760 -0.934263 0.138091
v -0.663081 -4.533805 11.446245 0.91030 0.91260 0.89190
vt 0.184722 0.226125
vn -0.328760 -0.934263 0.138091
v 0.000000 -4.758992 11.501354 0.91030 0.91260 0.89190
vt 0.147123 0.237773
vn -0.328760 -0.934263 0.138091
f 4570/4570/4570 4571/4571/4571 4572/4572/4572
v 0.000000 -0.335477 -6.358298 0.75328 0.15166 0.12794
vt 0.795999 0.771409
vn 0.000000 0.000884 1.000000
v -0.663260 -0.335379 -6.358298 0.75328 0.15166 0.12794
vt 0.772389 0.771205
vn 0.000000 0.000884 1.000000
v -0.663457 -1.072999 -6.357646 0.75328 0.15166 0.12794
vt 0.772908 0.713428
vn 0.000000 0.000884 1.000000
f 4573/4573/4573 4574/4574/4574 4575/4575/4575
v 0.000000 -0.335477 -6.358298 0.74724 0.18185 0.15210
vt 0.795999 0.771409
vn -0.000002 0.000885 1.000000
v -0.663457 -1.072999 -6.357646 0.74724 0.18185 0.15210
vt 0.772908 0.713428
vn -0.000002 0.000885 1.000000
v 0.000000 -1.073098 -6.357645 0.74724 0.18185 0.15210
vt 0.796515 0.713630
vn -0.000002 0.000885 1.000000
f 4576/4576/4576 4577/4577/4577 4578/4578/4578
v 0.000000 1.692487 -10.153262 0.91030 0.91260 0.89190
vt 0.092170 0.825405
vn 0.000059 1.000000 -0.000016
v -0.662630 1.692526 -10.153262 0.91030 0.91260 0.89190
vt 0.114298 0.826641
vn 0.000059 1.000000 -0.000016
v -0.662630 1.692528 -9.985402 0.91030 0.91260 0.89190
vt 0.114198 0.828420
vn 0.000059 1.000000 -0.000016
f 4579/4579/4579 4580/4580/4580 4581/4581/4581
v 0.000000 1.692487 -10.153262 0.91030 0.91260 0.89190
vt 0.092170 0.825405
vn 0.000062 1.000000 -0.000002
v -0.662630 1.692528 -9.985402 0.91030 0.91260 0.89190
vt 0.114198 0.828420
vn 0.000062 1.000000 -0.000002
v 0.000000 1.692487 -9.985402 0.91030 0.91260 0.89190
vt 0.092071 0.827185
vn 0.000062 1.000000 -0.000002
f 4582/4582/4582 4583/4583/4583 4584/4584/4584
v 0.000000 -4.827812 -10.637180 0.91030 0.91260 0.89190
vt 0.751285 0.261837
vn -0.250622 -0.968085 0.000238
v -0.693624 -4.648245 -10.641520 0.91030 0.91260 0.89190
vt 0.749809 0.242898
vn -0.250622 -0.968085 0.000238
v -0.689877 -4.649489 -11.760548 0.91030 0.91260 0.89190
vt 0.769714 0.242711
vn -0.250622 -0.968085 0.000238
f 4585/4585/4585 4586/4586/4586 4587/4587/4587
v 0.000000 -4.827812 -10.637180 0.91030 0.91260 0.89190
vt 0.751285 0.261837
vn -0.251152 -0.967947 0.000585
v -0.689877 -4.649489 -11.760548 0.91030 0.91260 0.89190
vt 0.769714 0.242711
vn -0.251152 -0.967947 0.000585
v 0.000000 -4.828586 -11.917267 0.91030 0.91260 0.89190
vt 0.773945 0.261536
vn -0.251152 -0.967947 0.000585
f 4588/4588/4588 4589/4589/4589 4590/4590/4590
v 0.000000 0.735200 -6.359431 0.20673 0.29358 0.34837
vt 0.795252 0.855276
vn 0.000000 0.001488 0.999999
v -0.662861 0.735299 -6.359431 0.20673 0.29358 0.34837
vt 0.771640 0.855074
vn 0.000000 0.001488 0.999999
v -0.663056 0.424816 -6.358969 0.20673 0.29358 0.34837
vt 0.771851 0.830753
vn 0.000000 0.001488 0.999999
f 4591/4591/4591 4592/4592/4592 4593/4593/4593
v 0.000000 0.735200 -6.359431 0.16446 0.26338 0.32723
vt 0.795252 0.855276
vn 0.000000 0.001488 0.999999
v -0.663056 0.424816 -6.358969 0.16446 0.26338 0.32723
vt 0.771851 0.830753
vn 0.000000 0.001488 0.999999
v 0.000000 0.424718 -6.358969 0.16446 0.26338 0.32723
vt 0.795467 0.830956
vn 0.000000 0.001488 0.999999
f 4594/4594/4594 4595/4595/4595 4596/4596/4596
v 0.000000 -4.827759 -10.126868 0.91030 0.91260 0.89190
vt 0.742260 0.261986
vn -0.250557 -0.968102 0.000391
v 0.000000 -4.827393 -9.221518 0.91030 0.91260 0.89190
vt 0.726190 0.262256
vn -0.250557 -0.968102 0.000391
v -0.697400 -4.647012 -9.504380 0.91030 0.91260 0.89190
vt 0.729479 0.243144
vn -0.250557 -0.968102 0.000391
f 4597/4597/4597 4598/4598/4598 4599/4599/4599
v 0.000000 -4.827759 -10.126868 0.91030 0.91260 0.89190
vt 0.742260 0.261986
vn -0.250696 -0.968066 0.000225
v -0.697400 -4.647012 -9.504380 0.91030 0.91260 0.89190
vt 0.729479 0.243144
vn -0.250696 -0.968066 0.000225
v -0.694903 -4.647832 -10.254113 0.91030 0.91260 0.89190
vt 0.742871 0.242982
vn -0.250696 -0.968066 0.000225
f 4600/4600/4600 4601/4601/4601 4602/4602/4602
v -0.000000 4.835838 -7.798188 0.74422 0.74652 0.72582
vt 0.035998 0.115429
vn 0.000034 0.999978 0.006625
v -0.156442 4.835844 -7.798184 0.74422 0.74652 0.72582
vt 0.035807 0.108864
vn 0.000034 0.999978 0.006625
v -0.156442 4.833659 -7.468406 0.74422 0.74652 0.72582
vt 0.040204 0.108737
vn 0.000034 0.999978 0.006625
f 4603/4603/4603 4604/4604/4604 4605/4605/4605
v -0.000000 4.835838 -7.798188 0.75328 0.75558 0.73488
vt 0.035998 0.115429
vn 0.000116 0.999978 0.006663
v -0.156442 4.833659 -7.468406 0.75328 0.75558 0.73488
vt 0.040204 0.108737
vn 0.000116 0.999978 0.006663
v -0.000000 4.833641 -7.468406 0.75328 0.75558 0.73488
vt 0.040395 0.115302
vn 0.000116 0.999978 0.006663
f 4606/4606/4606 4607/4607/4607 4608/4608/4608
v 0.000000 -4.827393 -9.221518 0.90426 0.91260 0.89190
vt 0.726190 0.262256
vn -0.250114 -0.968216 0.000536
v 0.000000 -4.826599 -7.787490 0.90426 0.91260 0.89190
vt 0.700673 0.262696
vn -0.250114 -0.968216 0.000536
v -0.701536 -4.645641 -8.267467 0.90426 0.91260 0.89190
vt 0.707408 0.243413
vn -0.250114 -0.968216 0.000536
f 4609/4609/4609 4610/4610/4610 4611/4611/4611
v 0.000000 -4.827393 -9.221518 0.90426 0.91260 0.89190
vt 0.726190 0.262256
vn -0.250498 -0.968117 0.000235
v -0.701536 -4.645641 -8.267467 0.90426 0.91260 0.89190
vt 0.707408 0.243413
vn -0.250498 -0.968117 0.000235
v -0.697400 -4.647012 -9.504380 0.90426 0.91260 0.89190
vt 0.729479 0.243144
vn -0.250498 -0.968117 0.000235
f 4612/4612/4612 4613/4613/4613 4614/4614/4614
v 0.000000 1.691033 -6.358755 0.20975 0.28150 0.33931
vt 0.794595 0.930149
vn -0.000001 -0.003570 0.999994
v -0.662695 1.691128 -6.358755 0.20975 0.28150 0.33931
vt 0.770983 0.929947
vn -0.000001 -0.003570 0.999994
v -0.662695 1.390951 -6.359826 0.20975 0.28150 0.33931
vt 0.771195 0.906435
vn -0.000001 -0.003570 0.999994
f 4615/4615/4615 4616/4616/4616 4617/4617/4617
v 0.000000 1.691033 -6.358755 0.20975 0.29962 0.36649
vt 0.794595 0.930149
vn -0.000001 -0.003570 0.999994
v -0.662695 1.390951 -6.359826 0.20975 0.29962 0.36649
vt 0.771195 0.906435
vn -0.000001 -0.003570 0.999994
v 0.000000 1.390853 -6.359826 0.20975 0.29962 0.36649
vt 0.794802 0.906635
vn -0.000001 -0.003570 0.999994
f 4618/4618/4618 4619/4619/4619 4620/4620/4620
v 0.000000 0.735198 -10.152592 0.38791 0.29358 0.33327
vt 0.518626 0.942283
vn -0.000000 -0.000600 -1.000000
v -0.662861 0.735237 -10.152592 0.38791 0.29358 0.33327
vt 0.497942 0.942346
vn -0.000000 -0.000600 -1.000000
v -0.662695 1.390890 -10.152986 0.38791 0.29358 0.33327
vt 0.497808 0.897304
vn -0.000000 -0.000600 -1.000000
f 4621/4621/4621 4622/4622/4622 4623/4623/4623
v 0.000000 0.735198 -10.152592 0.16748 0.26036 0.31817
vt 0.518626 0.942283
vn -0.000000 -0.000600 -1.000000
v -0.662695 1.390890 -10.152986 0.16748 0.26036 0.31817
vt 0.497808 0.897304
vn -0.000000 -0.000600 -1.000000
v 0.000000 1.390851 -10.152986 0.16748 0.26036 0.31817
vt 0.518486 0.897243
vn -0.000000 -0.000600 -1.000000
f 4624/4624/4624 4625/4625/4625 4626/4626/4626
v 0.000000 -0.335481 -12.578630 0.73516 0.16072 0.14002
vt 0.517380 0.768316
vn 0.000004 -0.000885 -1.000000
v -0.663260 -0.335481 -12.578632 0.73516 0.16072 0.14002
vt 0.541024 0.768649
vn 0.000004 -0.000885 -1.000000
v -0.663056 0.424715 -12.579305 0.73516 0.16072 0.14002
vt 0.540272 0.828203
vn 0.000004 -0.000885 -1.000000
f 4627/4627/4627 4628/4628/4628 4629/4629/4629
v 0.000000 -0.335481 -12.578630 0.56003 0.29660 0.26986
vt 0.517380 0.768316
vn 0.000002 -0.000887 -1.000000
v -0.663056 0.424715 -12.579305 0.56003 0.29660 0.26986
vt 0.540272 0.828203
vn 0.000002 -0.000887 -1.000000
v 0.000000 0.424715 -12.579304 0.56003 0.29660 0.26986
vt 0.516541 0.827862
vn 0.000002 -0.000887 -1.000000
f 4630/4630/4630 4631/4631/4631 4632/4632/4632
v 0.000000 0.424715 -12.459029 0.14030 0.25735 0.30610
vt 0.518763 0.986454
vn 0.000002 1.000000 -0.000016
v -0.663056 0.424716 -12.459030 0.14030 0.25735 0.30610
vt 0.498073 0.986519
vn 0.000002 1.000000 -0.000016
v -0.663056 0.424754 -10.152131 0.14030 0.25735 0.30610
vt 0.498002 0.963675
vn 0.000002 1.000000 -0.000016
f 4633/4633/4633 4634/4634/4634 4635/4635/4635
v 0.000000 0.424715 -12.459029 0.20673 0.27546 0.34837
vt 0.518763 0.986454
vn 0.000057 1.000000 -0.000001
v -0.663056 0.424754 -10.152131 0.20673 0.27546 0.34837
vt 0.498002 0.963675
vn 0.000057 1.000000 -0.000001
v 0.000000 0.424716 -10.152131 0.20673 0.27546 0.34837
vt 0.518692 0.963612
vn 0.000057 1.000000 -0.000001
f 4636/4636/4636 4637/4637/4637 4638/4638/4638
v 0.000000 -4.828586 -11.917267 0.91030 0.91260 0.89190
vt 0.773945 0.261536
vn -0.248824 -0.968481 0.011444
v -0.689877 -4.649489 -11.760548 0.91030 0.91260 0.89190
vt 0.769714 0.242711
vn -0.248824 -0.968481 0.011444
v -0.686285 -4.656944 -12.313346 0.91030 0.91260 0.89190
vt 0.779574 0.242894
vn -0.248824 -0.968481 0.011444
f 4639/4639/4639 4640/4640/4640 4641/4641/4641
v 0.000000 -4.828586 -11.917267 0.91030 0.91260 0.89190
vt 0.773945 0.261536
vn -0.242695 -0.970103 0.000122
v -0.686285 -4.656944 -12.313346 0.91030 0.91260 0.89190
vt 0.779574 0.242894
vn -0.242695 -0.970103 0.000122
v 0.000000 -4.828658 -12.492671 0.91030 0.91260 0.89190
vt 0.784099 0.261423
vn -0.242695 -0.970103 0.000122
f 4642/4642/4642 4643/4643/4643 4644/4644/4644
v 0.000000 -0.650731 15.394330 0.24901 0.30264 0.34535
vt 0.013809 0.465049
vn -0.039967 0.999140 0.011004
v -0.671786 -0.675931 15.242418 0.24901 0.30264 0.34535
vt 0.016560 0.483136
vn -0.039967 0.999140 0.011004
v -0.672251 -0.676771 15.316975 0.24901 0.30264 0.34535
vt 0.015943 0.483160
vn -0.039967 0.999140 0.011004
f 4645/4645/4645 4646/4646/4646 4647/4647/4647
v 0.000000 -0.650731 15.394330 0.16748 0.23923 0.29704
vt 0.013809 0.465049
vn -0.039282 0.999216 0.005022
v -0.672251 -0.676771 15.316975 0.16748 0.23923 0.29704
vt 0.015943 0.483160
vn -0.039282 0.999216 0.005022
v 0.000000 -0.651192 15.485943 0.16748 0.23923 0.29704
vt 0.013080 0.465050
vn -0.039282 0.999216 0.005022
f 4648/4648/4648 4649/4649/4649 4650/4650/4650
v 0.000000 -0.902474 15.500000 0.91030 0.91260 0.89190
vt 0.156700 0.033208
vn -0.245344 0.054145 0.967923
v 0.000000 -0.651192 15.485943 0.91030 0.91260 0.89190
vt 0.157886 0.020062
vn -0.245344 0.054145 0.967923
v -0.672251 -0.676771 15.316975 0.91030 0.91260 0.89190
vt 0.195532 0.022010
vn -0.245344 0.054145 0.967923
f 4651/4651/4651 4652/4652/4652 4653/4653/4653
v 0.000000 -0.902474 15.500000 0.91030 0.91260 0.89190
vt 0.156700 0.033208
vn -0.245346 0.054139 0.967923
v -0.672251 -0.676771 15.316975 0.91030 0.91260 0.89190
vt 0.195532 0.022010
vn -0.245346 0.054139 0.967923
v -0.687732 -0.928643 15.327139 0.91030 0.91260 0.89190
vt 0.195047 0.035142
vn -0.245346 0.054139 0.967923
f 4654/4654/4654 4655/4655/4655 4656/4656/4656
v 0.000000 -0.882710 11.511414 0.91030 0.91260 0.89190
vt 0.078273 0.052452
vn 0.001777 0.031523 0.999501
v 0.000000 -0.630943 11.503474 0.91030 0.91260 0.89190
vt 0.092950 0.053071
vn 0.001777 0.031523 0.999501
v -0.668955 -0.633936 11.504758 0.91030 0.91260 0.89190
vt 0.092167 0.070776
vn 0.001777 0.031523 0.999501
f 4657/4657/4657 4658/4658/4658 4659/4659/4659
v 0.000000 -0.882710 11.511414 0.91030 0.91260 0.89190
vt 0.078273 0.052452
vn 0.001778 0.031524 0.999501
v -0.668955 -0.633936 11.504758 0.91030 0.91260 0.89190
vt 0.092167 0.070776
vn 0.001778 0.031524 0.999501
v -0.663981 -0.885681 11.512689 0.91030 0.91260 0.89190
vt 0.077441 0.070094
vn 0.001778 0.031524 0.999501
f 4660/4660/4660 4661/4661/4661 4662/4662/4662
v 0.000000 -2.091621 10.943063 0.15540 0.26640 0.33327
vt 0.856012 0.605428
vn -0.007135 0.999975 -0.000000
v -0.663457 -2.096355 10.943063 0.15540 0.26640 0.33327
vt 0.856614 0.584712
vn -0.007135 0.999975 -0.000000
v -0.663457 -2.096355 11.394940 0.15540 0.26640 0.33327
vt 0.861013 0.584849
vn -0.007135 0.999975 -0.000000
f 4663/4663/4663 4664/4664/4664 4665/4665/4665
v 0.000000 -2.091621 10.943063 0.16144 0.26338 0.33931
vt 0.856012 0.605428
vn -0.007135 0.999975 0.000000
v -0.663457 -2.096355 11.394940 0.16144 0.26338 0.33931
vt 0.861013 0.584849
vn -0.007135 0.999975 0.000000
v 0.000000 -2.091621 11.394940 0.16144 0.26338 0.33931
vt 0.860550 0.605583
vn -0.007135 0.999975 0.000000
f 4666/4666/4666 4667/4667/4667 4668/4668/4668
v 0.000000 1.691217 -6.516776 0.70497 0.20903 0.20645
vt 0.167454 0.753487
vn 0.000143 0.999999 0.001166
v -0.662453 1.691312 -6.516776 0.70497 0.20903 0.20645
vt 0.192743 0.752943
vn 0.000143 0.999999 0.001166
v -0.662695 1.691128 -6.358755 0.70497 0.20903 0.20645
vt 0.192849 0.754860
vn 0.000143 0.999999 0.001166
f 4669/4669/4669 4670/4670/4670 4671/4671/4671
v 0.000000 1.691217 -6.516776 0.76234 0.14260 0.13398
vt 0.167454 0.753487
vn 0.000144 0.999999 0.001168
v -0.662695 1.691128 -6.358755 0.76234 0.14260 0.13398
vt 0.192849 0.754860
vn 0.000144 0.999999 0.001168
v 0.000000 1.691033 -6.358755 0.76234 0.14260 0.13398
vt 0.167469 0.755408
vn 0.000144 0.999999 0.001168
f 4672/4672/4672 4673/4673/4673 4674/4674/4674
v 0.000000 1.691216 -8.887918 0.50869 0.29660 0.27892
vt 0.088142 0.951954
vn -0.000001 -0.000843 -1.000000
v -0.662453 1.691274 -8.887917 0.50869 0.29660 0.27892
vt 0.064169 0.952587
vn -0.000001 -0.000843 -1.000000
v -0.662209 2.292811 -8.888424 0.50869 0.29660 0.27892
vt 0.062843 0.904720
vn -0.000001 -0.000843 -1.000000
f 4675/4675/4675 4676/4676/4676 4677/4677/4677
v 0.000000 1.691216 -8.887918 0.51171 0.29962 0.27590
vt 0.088142 0.951954
vn -0.000000 -0.000842 -1.000000
v -0.662209 2.292811 -8.888424 0.51171 0.29962 0.27590
vt 0.062843 0.904720
vn -0.000000 -0.000842 -1.000000
v 0.000000 2.292752 -8.888424 0.51171 0.29962 0.27590
vt 0.086799 0.904087
vn -0.000000 -0.000842 -1.000000
f 4678/4678/4678 4679/4679/4679 4680/4680/4680
v 0.000000 -0.771465 -15.329395 0.16446 0.24829 0.31214
vt 0.766391 0.951646
vn 0.258094 0.000011 0.966120
v -0.663457 -0.771465 -15.152156 0.16446 0.24829 0.31214
vt 0.789252 0.952471
vn 0.258094 0.000011 0.966120
v -0.663457 -1.073101 -15.152153 0.16446 0.24829 0.31214
vt 0.788779 0.974628
vn 0.258094 0.000011 0.966120
f 4681/4681/4681 4682/4682/4682 4683/4683/4683
v 0.000000 -0.771465 -15.329395 0.17654 0.26942 0.33327
vt 0.766391 0.951646
vn 0.258094 0.000011 0.966120
v -0.663457 -1.073101 -15.152153 0.17654 0.26942 0.33327
vt 0.788779 0.974628
vn 0.258094 0.000011 0.966120
v 0.000000 -1.073101 -15.329392 0.17654 0.26942 0.33327
vt 0.766621 0.974417
vn 0.258094 0.000011 0.966120
f 4684/4684/4684 4685/4685/4685 4686/4686/4686
v 0.000000 1.390851 -9.985126 0.53587 0.57440 0.58994
vt 0.518484 0.895579
vn 0.000063 1.000000 -0.000016
v -0.662695 1.390893 -9.985126 0.53587 0.57440 0.58994
vt 0.497805 0.895641
vn 0.000063 1.000000 -0.000016
v -0.662695 1.390910 -8.887413 0.53587 0.57440 0.58994
vt 0.497772 0.884772
vn 0.000063 1.000000 -0.000016
f 4687/4687/4687 4688/4688/4688 4689/4689/4689
v 0.000000 1.390851 -9.985126 0.25505 0.32680 0.34535
vt 0.518484 0.895579
vn 0.000088 1.000000 -0.000001
v -0.662695 1.390910 -8.887413 0.25505 0.32680 0.34535
vt 0.497772 0.884772
vn 0.000088 1.000000 -0.000001
v 0.000000 1.390852 -8.887413 0.25505 0.32680 0.34535
vt 0.518450 0.884709
vn 0.000088 1.000000 -0.000001
f 4690/4690/4690 4691/4691/4691 4692/4692/4692
v 0.000000 -4.827812 -10.637180 0.91030 0.91260 0.89190
vt 0.751285 0.261837
vn -0.250675 -0.968071 0.000101
v 0.000000 -4.827759 -10.126868 0.91030 0.91260 0.89190
vt 0.742260 0.261986
vn -0.250675 -0.968071 0.000101
v -0.694903 -4.647832 -10.254113 0.91030 0.91260 0.89190
vt 0.742871 0.242982
vn -0.250675 -0.968071 0.000101
f 4693/4693/4693 4694/4694/4694 4695/4695/4695
v 0.000000 -4.827812 -10.637180 0.91030 0.91260 0.89190
vt 0.751285 0.261837
vn -0.250622 -0.968085 0.000203
v -0.694903 -4.647832 -10.254113 0.91030 0.91260 0.89190
vt 0.742871 0.242982
vn -0.250622 -0.968085 0.000203
v -0.693624 -4.648245 -10.641520 0.91030 0.91260 0.89190
vt 0.749809 0.242898
vn -0.250622 -0.968085 0.000203
f 4696/4696/4696 4697/4697/4697 4698/4698/4698
v 0.000000 1.692487 -9.985402 0.91030 0.91260 0.89190
vt 0.092071 0.827185
vn 0.000000 0.000915 1.000000
v -0.662630 1.692528 -9.985402 0.91030 0.91260 0.89190
vt 0.114198 0.828420
vn 0.000000 0.000915 1.000000
v -0.662695 1.390893 -9.985126 0.91030 0.91260 0.89190
vt 0.112961 0.850595
vn 0.000000 0.000915 1.000000
f 4699/4699/4699 4700/4700/4700 4701/4701/4701
v 0.000000 1.692487 -9.985402 0.91030 0.91260 0.89190
vt 0.092071 0.827185
vn 0.000000 0.000915 1.000000
v -0.662695 1.390893 -9.985126 0.91030 0.91260 0.89190
vt 0.112961 0.850595
vn 0.000000 0.000915 1.000000
v 0.000000 1.390851 -9.985126 0.91030 0.91260 0.89190
vt 0.090831 0.849360
vn 0.000000 0.000915 1.000000
f 4702/4702/4702 4703/4703/4703 4704/4704/4704
v 2.026587 -2.959362 11.650125 0.91030 0.91260 0.89190
vt 0.272934 0.391868
vn 0.812550 -0.560228 0.160959
v 2.070585 -3.001990 11.279643 0.91030 0.91260 0.89190
vt 0.278003 0.389046
vn 0.812550 -0.560228 0.160959
v 2.406443 -2.461688 11.464732 0.91030 0.91260 0.89190
vt 0.305944 0.414346
vn 0.812550 -0.560228 0.160959
f 4705/4705/4705 4706/4706/4706 4707/4707/4707
v 2.026587 -2.959362 11.650125 0.91030 0.91260 0.89190
vt 0.272934 0.391868
vn 0.813315 -0.548949 0.192803
v 2.406443 -2.461688 11.464732 0.91030 0.91260 0.89190
vt 0.305944 0.414346
vn 0.813315 -0.548949 0.192803
v 2.335088 -2.417643 11.891135 0.91030 0.91260 0.89190
vt 0.299223 0.417237
vn 0.813315 -0.548949 0.192803
f 4708/4708/4708 4709/4709/4709 4710/4710/4710
v 2.584486 -1.743562 12.207121 0.91030 0.91260 0.89190
vt 0.329545 0.448434
vn 0.965031 -0.210387 0.156371
v 2.654984 -1.786221 11.714654 0.91030 0.91260 0.89190
vt 0.340294 0.445079
vn 0.965031 -0.210387 0.156371
v 2.880242 -0.902722 11.513184 0.91030 0.91260 0.89190
vt 0.354104 0.487833
vn 0.965031 -0.210387 0.156371
f 4711/4711/4711 4712/4712/4712 4713/4713/4713
v 2.584486 -1.743562 12.207121 0.90728 0.90958 0.88888
vt 0.329545 0.448434
vn 0.959434 -0.269714 0.082100
v 2.880242 -0.902722 11.513184 0.90728 0.90958 0.88888
vt 0.354104 0.487833
vn 0.959434 -0.269714 0.082100
v 2.797901 -0.883304 12.539227 0.90728 0.90958 0.88888
vt 0.339070 0.490520
vn 0.959434 -0.269714 0.082100
f 4714/4714/4714 4715/4715/4715 4716/4716/4716
v 2.026587 -2.959362 11.650125 0.91030 0.91260 0.89190
vt 0.272934 0.391868
vn 0.806712 -0.561950 0.182832
v 1.955973 -2.897549 12.151681 0.91030 0.91260 0.89190
vt 0.265803 0.395851
vn 0.806712 -0.561950 0.182832
v 1.616459 -3.385067 12.151297 0.91030 0.91260 0.89190
vt 0.237007 0.373607
vn 0.806712 -0.561950 0.182832
f 4717/4717/4717 4718/4718/4718 4719/4719/4719
v 2.026587 -2.959362 11.650125 0.91030 0.91260 0.89190
vt 0.272934 0.391868
vn 0.799072 -0.578964 0.162127
v 1.616459 -3.385067 12.151297 0.91030 0.91260 0.89190
vt 0.237007 0.373607
vn 0.799072 -0.578964 0.162127
v 1.647053 -3.466808 11.708610 0.91030 0.91260 0.89190
vt 0.241010 0.368838
vn 0.799072 -0.578964 0.162127
f 4720/4720/4720 4721/4721/4721 4722/4722/4722
v 1.217514 -3.961165 11.889631 0.91030 0.91260 0.89190
vt 0.205112 0.346944
vn 0.661143 -0.731914 0.164898
v 1.209904 -3.887039 12.249159 0.91030 0.91260 0.89190
vt 0.203119 0.351138
vn 0.661143 -0.731914 0.164898
v 0.948909 -4.111283 12.300268 0.91030 0.91260 0.89190
vt 0.184261 0.341202
vn 0.661143 -0.731914 0.164898
f 4723/4723/4723 4724/4724/4724 4725/4725/4725
v 1.217514 -3.961165 11.889631 0.91030 0.91260 0.89190
vt 0.205112 0.346944
vn 0.662942 -0.729846 0.166831
v 0.948909 -4.111283 12.300268 0.91030 0.91260 0.89190
vt 0.184261 0.341202
vn 0.662942 -0.729846 0.166831
v 0.950217 -4.191955 11.942146 0.91030 0.91260 0.89190
vt 0.185603 0.336699
vn 0.662942 -0.729846 0.166831
f 4726/4726/4726 4727/4727/4727 4728/4728/4728
v 2.686820 -0.883215 12.545796 0.77140 0.16676 0.15814
vt 0.952182 0.693770
vn -0.003559 0.999994 0.000106
v 2.761917 -0.882838 11.515569 0.77140 0.16676 0.15814
vt 0.941814 0.695825
vn -0.003559 0.999994 0.000106
v 1.342733 -0.887889 11.513917 0.77140 0.16676 0.15814
vt 0.943190 0.651109
vn -0.003559 0.999994 0.000106
f 4729/4729/4729 4730/4730/4730 4731/4731/4731
v 2.686820 -0.883215 12.545796 0.74724 0.15770 0.14002
vt 0.952182 0.693770
vn -0.014803 0.999782 0.014753
v 1.342733 -0.887889 11.513917 0.74724 0.15770 0.14002
vt 0.943190 0.651109
vn -0.014803 0.999782 0.014753
v 1.349203 -0.903192 12.557413 0.74724 0.15770 0.14002
vt 0.953730 0.651608
vn -0.014803 0.999782 0.014753
f 4732/4732/4732 4733/4733/4733 4734/4734/4734
v 1.342733 -0.887889 11.513917 0.16144 0.25735 0.33629
vt 0.943190 0.651109
vn 0.003230 0.999911 0.012980
v 1.012343 -0.886814 11.513319 0.16144 0.25735 0.33629
vt 0.943692 0.640663
vn 0.003230 0.999911 0.012980
v 1.018856 -0.900441 12.561426 0.16144 0.25735 0.33629
vt 0.954202 0.641197
vn 0.003230 0.999911 0.012980
f 4735/4735/4735 4736/4736/4736 4737/4737/4737
v 1.342733 -0.887889 11.513917 0.28826 0.26338 0.32119
vt 0.943190 0.651109
vn 0.008503 0.999857 0.014610
v 1.018856 -0.900441 12.561426 0.28826 0.26338 0.32119
vt 0.954202 0.641197
vn 0.008503 0.999857 0.014610
v 1.349203 -0.903192 12.557413 0.28826 0.26338 0.32119
vt 0.953730 0.651608
vn 0.008503 0.999857 0.014610
f 4738/4738/4738 4739/4739/4739 4740/4740/4740
v 0.663981 -0.885681 11.512689 0.16144 0.28150 0.34535
vt 0.944154 0.629580
vn 0.004465 0.999978 0.004967
v 0.000000 -0.882710 11.511414 0.16144 0.28150 0.34535
vt 0.944800 0.608448
vn 0.004465 0.999978 0.004967
v 0.000000 -0.887987 12.573845 0.16144 0.28150 0.34535
vt 0.955432 0.608823
vn 0.004465 0.999978 0.004967
f 4741/4741/4741 4742/4742/4742 4743/4743/4743
v 0.663981 -0.885681 11.512689 0.15238 0.26338 0.33025
vt 0.944154 0.629580
vn 0.014382 0.999834 0.011172
v 0.000000 -0.887987 12.573845 0.15238 0.26338 0.33025
vt 0.955432 0.608823
vn 0.014382 0.999834 0.011172
v 0.670537 -0.897541 12.565660 0.15238 0.26338 0.33025
vt 0.954677 0.630068
vn 0.014382 0.999834 0.011172
f 4744/4744/4744 4745/4745/4745 4746/4746/4746
v 2.671338 -0.631343 12.535632 0.48755 0.28754 0.28194
vt 0.030549 0.383447
vn -0.136586 0.990582 -0.009594
v 2.616037 -0.631620 13.294279 0.48755 0.28754 0.28194
vt 0.026498 0.389389
vn -0.136586 0.990582 -0.009594
v 2.721785 -0.617132 13.284628 0.48755 0.28754 0.28194
vt 0.024935 0.386931
vn -0.136586 0.990582 -0.009594
f 4747/4747/4747 4748/4748/4748 4749/4749/4749
v 2.671338 -0.631343 12.535632 0.54493 0.37813 0.37857
vt 0.030549 0.383447
vn -0.000317 0.999820 -0.018948
v 2.721785 -0.617132 13.284628 0.54493 0.37813 0.37857
vt 0.024935 0.386931
vn -0.000317 0.999820 -0.018948
v 2.782420 -0.631432 12.529062 0.54493 0.37813 0.37857
vt 0.028719 0.381378
vn -0.000317 0.999820 -0.018948
f 4750/4750/4750 4751/4751/4751 4752/4752/4752
v 1.217514 -3.961165 11.889631 0.91030 0.91260 0.89190
vt 0.205112 0.346944
vn 0.766455 -0.628526 0.132294
v 1.223850 -4.040927 11.473977 0.91030 0.91260 0.89190
vt 0.207616 0.342270
vn 0.766455 -0.628526 0.132294
v 1.671653 -3.526725 11.322561 0.91030 0.91260 0.89190
vt 0.244827 0.365153
vn 0.766455 -0.628526 0.132294
f 4753/4753/4753 4754/4754/4754 4755/4755/4755
v 1.217514 -3.961165 11.889631 0.91030 0.91260 0.89190
vt 0.205112 0.346944
vn 0.772568 -0.618115 0.145164
v 1.671653 -3.526725 11.322561 0.91030 0.91260 0.89190
vt 0.244827 0.365153
vn 0.772568 -0.618115 0.145164
v 1.647053 -3.466808 11.708610 0.91030 0.91260 0.89190
vt 0.241010 0.368838
vn 0.772568 -0.618115 0.145164
f 4756/4756/4756 4757/4757/4757 4758/4758/4758
v 2.631518 -0.883492 13.304442 0.52077 0.29660 0.27590
vt 0.039366 0.396600
vn -0.995301 -0.064105 -0.072575
v 2.616037 -0.631620 13.294279 0.52077 0.29660 0.27590
vt 0.026498 0.389389
vn -0.995301 -0.064105 -0.072575
v 2.671338 -0.631343 12.535632 0.52077 0.29660 0.27590
vt 0.030549 0.383447
vn -0.995301 -0.064105 -0.072575
f 4759/4759/4759 4760/4760/4760 4761/4761/4761
v 2.631518 -0.883492 13.304442 0.52077 0.29660 0.27590
vt 0.039366 0.396600
vn -0.995301 -0.064106 -0.072575
v 2.671338 -0.631343 12.535632 0.52077 0.29660 0.27590
vt 0.030549 0.383447
vn -0.995301 -0.064106 -0.072575
v 2.686820 -0.883215 12.545796 0.52077 0.29660 0.27590
vt 0.042424 0.391903
vn -0.995301 -0.064106 -0.072575
f 4762/4762/4762 4763/4763/4763 4764/4764/4764
v 2.797901 -0.883304 12.539227 0.52681 0.42040 0.42990
vt 0.339070 0.490520
vn 0.994828 0.064320 0.078618
v 2.880242 -0.902722 11.513184 0.52681 0.42040 0.42990
vt 0.354104 0.487833
vn 0.994828 0.064320 0.078618
v 2.864760 -0.650850 11.503021 0.52681 0.42040 0.42990
vt 0.365651 0.498997
vn 0.994828 0.064320 0.078618
f 4765/4765/4765 4766/4766/4766 4767/4767/4767
v 2.797901 -0.883304 12.539227 0.23391 0.24527 0.29704
vt 0.339070 0.490520
vn 0.994828 0.064320 0.078618
v 2.864760 -0.650850 11.503021 0.23391 0.24527 0.29704
vt 0.365651 0.498997
vn 0.994828 0.064320 0.078618
v 2.782420 -0.631432 12.529062 0.23391 0.24527 0.29704
vt 0.348578 0.502334
vn 0.994828 0.064320 0.078618
f 4768/4768/4768 4769/4769/4769 4770/4770/4770
v 0.668380 -4.435300 11.997519 0.91030 0.91260 0.89190
vt 0.164635 0.326060
vn 0.302402 -0.926719 0.223036
v 0.673716 -4.347726 12.354157 0.91030 0.91260 0.89190
vt 0.164350 0.330789
vn 0.302402 -0.926719 0.223036
v 0.000000 -4.553319 12.413366 0.91030 0.91260 0.89190
vt 0.123643 0.322260
vn 0.302402 -0.926719 0.223036
f 4771/4771/4771 4772/4772/4772 4773/4773/4773
v 0.668380 -4.435300 11.997519 0.91030 0.91260 0.89190
vt 0.164635 0.326060
vn 0.320157 -0.912207 0.255692
v 0.000000 -4.553319 12.413366 0.91030 0.91260 0.89190
vt 0.123643 0.322260
vn 0.320157 -0.912207 0.255692
v 0.000000 -4.664632 12.016244 0.91030 0.91260 0.89190
vt 0.124032 0.316256
vn 0.320157 -0.912207 0.255692
f 4774/4774/4774 4775/4775/4775 4776/4776/4776
v -2.406134 -2.461679 11.472991 0.76536 0.81295 0.79829
vt 0.300313 0.120626
vn -0.811767 -0.562616 0.156519
v -2.079400 -3.013314 11.184675 0.76536 0.81295 0.79829
vt 0.279378 0.149293
vn -0.811767 -0.562616 0.156519
v -2.024116 -2.956188 11.676747 0.76536 0.81295 0.79829
vt 0.272262 0.145423
vn -0.811767 -0.562616 0.156519
f 4777/4777/4777 4778/4778/4778 4779/4779/4779
v -2.406134 -2.461679 11.472991 0.91030 0.91260 0.89190
vt 0.300313 0.120626
vn -0.813428 -0.547770 0.195661
v -2.024116 -2.956188 11.676747 0.91030 0.91260 0.89190
vt 0.272262 0.145423
vn -0.813428 -0.547770 0.195661
v -2.336064 -2.418682 11.884670 0.91030 0.91260 0.89190
vt 0.293696 0.117779
vn -0.813428 -0.547770 0.195661
f 4780/4780/4780 4781/4781/4781 4782/4782/4782
v -2.880242 -0.902722 11.513184 0.91030 0.91260 0.89190
vt 0.342932 0.040977
vn -0.965031 -0.210387 0.156371
v -2.654984 -1.786221 11.714654 0.91030 0.91260 0.89190
vt 0.331460 0.087232
vn -0.965031 -0.210387 0.156371
v -2.584486 -1.743562 12.207121 0.91030 0.91260 0.89190
vt 0.320604 0.083788
vn -0.965031 -0.210387 0.156371
f 4783/4783/4783 4784/4784/4784 4785/4785/4785
v -2.880242 -0.902722 11.513184 0.91030 0.91260 0.89190
vt 0.342932 0.040977
vn -0.959434 -0.269714 0.082100
v -2.584486 -1.743562 12.207121 0.91030 0.91260 0.89190
vt 0.320604 0.083788
vn -0.959434 -0.269714 0.082100
v -2.797901 -0.883303 12.539227 0.91030 0.91260 0.89190
vt 0.326710 0.038420
vn -0.959434 -0.269714 0.082100
f 4786/4786/4786 4787/4787/4787 4788/4788/4788
v -1.616098 -3.395871 12.127271 0.88916 0.91260 0.89190
vt 0.241582 0.166924
vn -0.804036 -0.568852 0.173012
v -1.961315 -2.912765 12.111368 0.88916 0.91260 0.89190
vt 0.265364 0.142412
vn -0.804036 -0.568852 0.173012
v -2.024116 -2.956188 11.676747 0.88916 0.91260 0.89190
vt 0.272262 0.145423
vn -0.804036 -0.568852 0.173012
f 4789/4789/4789 4790/4790/4790 4791/4791/4791
v -1.616098 -3.395871 12.127271 0.91030 0.91260 0.89190
vt 0.241582 0.166924
vn -0.799261 -0.579858 0.157946
v -2.024116 -2.956188 11.676747 0.91030 0.91260 0.89190
vt 0.272262 0.145423
vn -0.799261 -0.579858 0.157946
v -1.645175 -3.464858 11.726865 0.91030 0.91260 0.89190
vt 0.246169 0.171211
vn -0.799261 -0.579858 0.157946
f 4792/4792/4792 4793/4793/4793 4794/4794/4794
v -2.194947 -2.411299 12.406295 0.89218 0.91260 0.89190
vt 0.281980 0.116509
vn -0.870528 -0.445445 0.209187
v -2.448509 -1.730528 12.800742 0.89218 0.91260 0.89190
vt 0.306052 0.081818
vn -0.870528 -0.445445 0.209187
v -2.584486 -1.743562 12.207121 0.89218 0.91260 0.89190
vt 0.320604 0.083788
vn -0.870528 -0.445445 0.209187
f 4795/4795/4795 4796/4796/4796 4797/4797/4797
v -2.194947 -2.411299 12.406295 0.36073 0.43550 0.43292
vt 0.281980 0.116509
vn -0.867882 -0.434430 0.240940
v -2.584486 -1.743562 12.207121 0.36073 0.43550 0.43292
vt 0.320604 0.083788
vn -0.867882 -0.434430 0.240940
v -2.336064 -2.418682 11.884670 0.36073 0.43550 0.43292
vt 0.293696 0.117779
vn -0.867882 -0.434430 0.240940
f 4798/4798/4798 4799/4799/4799 4800/4800/4800
v -0.669863 -4.336058 12.376318 0.59626 0.59856 0.57786
vt 0.180066 0.214052
vn -0.663666 -0.724034 0.187942
v -0.944233 -4.097954 12.324733 0.59626 0.59856 0.57786
vt 0.197100 0.202125
vn -0.663666 -0.724034 0.187942
v -0.951110 -4.192836 11.934922 0.59626 0.59856 0.57786
vt 0.199723 0.207711
vn -0.663666 -0.724034 0.187942
f 4801/4801/4801 4802/4802/4802 4803/4803/4803
v -0.669863 -4.336058 12.376318 0.60834 0.61064 0.58994
vt 0.180066 0.214052
vn -0.662689 -0.725186 0.186946
v -0.951110 -4.192836 11.934922 0.60834 0.61064 0.58994
vt 0.199723 0.207711
vn -0.662689 -0.725186 0.186946
v -0.668561 -4.436821 11.990056 0.60834 0.61064 0.58994
vt 0.181698 0.219883
vn -0.662689 -0.725186 0.186946
f 4804/4804/4804 4805/4805/4805 4806/4806/4806
v -1.342733 -0.887889 11.513917 0.24599 0.29660 0.34837
vt 0.946267 0.565842
vn 0.003559 0.999994 0.000106
v -2.761917 -0.882838 11.515569 0.24599 0.29660 0.34837
vt 0.947708 0.521134
vn 0.003559 0.999994 0.000106
v -2.686820 -0.883215 12.545795 0.24599 0.29660 0.34837
vt 0.957924 0.523844
vn 0.003559 0.999994 0.000106
f 4807/4807/4807 4808/4808/4808 4809/4809/4809
v -1.342733 -0.887889 11.513917 0.24901 0.30868 0.36045
vt 0.946267 0.565842
vn 0.014803 0.999782 0.014753
v -2.686820 -0.883215 12.545795 0.24901 0.30868 0.36045
vt 0.957924 0.523844
vn 0.014803 0.999782 0.014753
v -1.349203 -0.903192 12.557413 0.24901 0.30868 0.36045
vt 0.956783 0.566025
vn 0.014803 0.999782 0.014753
f 4810/4810/4810 4811/4811/4811 4812/4812/4812
v -0.670537 -0.897540 12.565660 0.15238 0.26338 0.33629
vt 0.956208 0.587589
vn -0.003233 0.999932 0.011242
v -0.663981 -0.885681 11.512689 0.15238 0.26338 0.33629
vt 0.945695 0.587350
vn -0.003233 0.999932 0.011242
v -1.013456 -0.886818 11.513321 0.15238 0.26338 0.33629
vt 0.946055 0.576251
vn -0.003233 0.999932 0.011242
f 4813/4813/4813 4814/4814/4814 4815/4815/4815
v -0.670537 -0.897540 12.565660 0.14634 0.26640 0.33629
vt 0.956208 0.587589
vn -0.008483 0.999880 0.012952
v -1.013456 -0.886818 11.513321 0.14634 0.26640 0.33629
vt 0.946055 0.576251
vn -0.008483 0.999880 0.012952
v -1.019968 -0.900450 12.561414 0.14634 0.26640 0.33629
vt 0.956562 0.576431
vn -0.008483 0.999880 0.012952
f 4816/4816/4816 4817/4817/4817 4818/4818/4818
v 0.000000 -0.887987 12.573845 0.15238 0.26338 0.33629
vt 0.955432 0.608823
vn -0.004465 0.999978 0.004967
v 0.000000 -0.882710 11.511414 0.15238 0.26338 0.33629
vt 0.944800 0.608448
vn -0.004465 0.999978 0.004967
v -0.663981 -0.885681 11.512689 0.15238 0.26338 0.33629
vt 0.945695 0.587350
vn -0.004465 0.999978 0.004967
f 4819/4819/4819 4820/4820/4820 4821/4821/4821
v 0.000000 -0.887987 12.573845 0.15238 0.26338 0.33629
vt 0.955432 0.608823
vn -0.014381 0.999834 0.011171
v -0.663981 -0.885681 11.512689 0.15238 0.26338 0.33629
vt 0.945695 0.587350
vn -0.014381 0.999834 0.011171
v -0.670537 -0.897540 12.565660 0.15238 0.26338 0.33629
vt 0.956208 0.587589
vn -0.014381 0.999834 0.011171
f 4822/4822/4822 4823/4823/4823 4824/4824/4824
v -2.721785 -0.617132 13.284628 0.51775 0.29056 0.27892
vt 0.020968 0.543262
vn 0.136586 0.990582 -0.009595
v -2.616037 -0.631620 13.294279 0.51775 0.29056 0.27892
vt 0.022908 0.541063
vn 0.136586 0.990582 -0.009595
v -2.671338 -0.631343 12.535632 0.51775 0.29056 0.27892
vt 0.026020 0.547730
vn 0.136586 0.990582 -0.009595
f 4825/4825/4825 4826/4826/4826 4827/4827/4827
v -2.721785 -0.617132 13.284628 0.51775 0.29358 0.27288
vt 0.020968 0.543262
vn 0.000320 0.999820 -0.018948
v -2.671338 -0.631343 12.535632 0.51775 0.29358 0.27288
vt 0.026020 0.547730
vn 0.000320 0.999820 -0.018948
v -2.782420 -0.631432 12.529063 0.51775 0.29358 0.27288
vt 0.023957 0.549555
vn 0.000320 0.999820 -0.018948
f 4828/4828/4828 4829/4829/4829 4830/4830/4830
v -1.678352 -3.533680 11.257443 0.59626 0.59856 0.57786
vt 0.251869 0.175685
vn -0.765168 -0.630278 0.131407
v -1.224514 -4.034551 11.497720 0.59626 0.59856 0.57786
vt 0.219784 0.200635
vn -0.765168 -0.630278 0.131407
v -1.217328 -3.962953 11.882975 0.59626 0.59856 0.57786
vt 0.216440 0.196155
vn -0.765168 -0.630278 0.131407
f 4831/4831/4831 4832/4832/4832 4833/4833/4833
v -1.678352 -3.533680 11.257443 0.59626 0.59856 0.57786
vt 0.251869 0.175685
vn -0.772570 -0.618098 0.145221
v -1.217328 -3.962953 11.882975 0.59626 0.59856 0.57786
vt 0.216440 0.196155
vn -0.772570 -0.618098 0.145221
v -1.645175 -3.464858 11.726865 0.59626 0.59856 0.57786
vt 0.246169 0.171211
vn -0.772570 -0.618098 0.145221
f 4834/4834/4834 4835/4835/4835 4836/4836/4836
v -2.616037 -0.631620 13.294279 0.52681 0.29358 0.28194
vt 0.022908 0.541063
vn 0.995301 -0.064105 -0.072575
v -2.631518 -0.883492 13.304442 0.52681 0.29358 0.28194
vt 0.036639 0.535753
vn 0.995301 -0.064105 -0.072575
v -2.686820 -0.883215 12.545795 0.52681 0.29358 0.28194
vt 0.038601 0.540451
vn 0.995301 -0.064105 -0.072575
f 4837/4837/4837 4838/4838/4838 4839/4839/4839
v -2.616037 -0.631620 13.294279 0.51775 0.29056 0.27892
vt 0.022908 0.541063
vn 0.995301 -0.064106 -0.072575
v -2.686820 -0.883215 12.545795 0.51775 0.29056 0.27892
vt 0.038601 0.540451
vn 0.995301 -0.064106 -0.072575
v -2.671338 -0.631343 12.535632 0.51775 0.29056 0.27892
vt 0.026020 0.547730
vn 0.995301 -0.064106 -0.072575
f 4840/4840/4840 4841/4841/4841 4842/4842/4842
v -2.864760 -0.650850 11.503021 0.91030 0.91260 0.89190
vt 0.350839 0.028276
vn -0.994828 0.064320 0.078618
v -2.880242 -0.902722 11.513184 0.91030 0.91260 0.89190
vt 0.342932 0.040977
vn -0.994828 0.064320 0.078618
v -2.797901 -0.883303 12.539227 0.91030 0.91260 0.89190
vt 0.326710 0.038420
vn -0.994828 0.064320 0.078618
f 4843/4843/4843 4844/4844/4844 4845/4845/4845
v -2.864760 -0.650850 11.503021 0.91030 0.91260 0.89190
vt 0.350839 0.028276
vn -0.994828 0.064321 0.078618
v -2.797901 -0.883303 12.539227 0.91030 0.91260 0.89190
vt 0.326710 0.038420
vn -0.994828 0.064321 0.078618
v -2.782420 -0.631432 12.529063 0.91030 0.91260 0.89190
vt 0.333202 0.025419
vn -0.994828 0.064321 0.078618
f 4846/4846/4846 4847/4847/4847 4848/4848/4848
v 0.000000 -4.553319 12.413366 0.82273 0.82503 0.80433
vt 0.142472 0.225205
vn -0.311513 -0.919726 0.238879
v -0.669863 -4.336058 12.376318 0.82273 0.82503 0.80433
vt 0.180066 0.214052
vn -0.311513 -0.919726 0.238879
v -0.668561 -4.436821 11.990056 0.82273 0.82503 0.80433
vt 0.181698 0.219883
vn -0.311513 -0.919726 0.238879
f 4849/4849/4849 4850/4850/4850 4851/4851/4851
v 0.000000 -4.553319 12.413366 0.91030 0.91260 0.89190
vt 0.142472 0.225205
vn -0.320777 -0.912005 0.255635
v -0.668561 -4.436821 11.990056 0.91030 0.91260 0.89190
vt 0.181698 0.219883
vn -0.320777 -0.912005 0.255635
v 0.000000 -4.664632 12.016244 0.91030 0.91260 0.89190
vt 0.144216 0.231709
vn -0.320777 -0.912005 0.255635
f 4852/4852/4852 4853/4853/4853 4854/4854/4854
v 1.353968 -0.914460 13.325830 0.51775 0.28452 0.27590
vt 0.054363 0.456184
vn 0.998691 -0.050680 -0.006936
v 1.349203 -0.903192 12.557413 0.51775 0.28452 0.27590
vt 0.054675 0.446298
vn 0.998691 -0.050680 -0.006936
v 1.364061 -0.608950 12.546741 0.51775 0.28452 0.27590
vt 0.080746 0.444351
vn 0.998691 -0.050680 -0.006936
f 4855/4855/4855 4856/4856/4856 4857/4857/4857
v 1.353968 -0.914460 13.325830 0.60532 0.58950 0.55370
vt 0.054363 0.456184
vn 0.998691 -0.050680 -0.006936
v 1.364061 -0.608950 12.546741 0.60532 0.58950 0.55370
vt 0.080746 0.444351
vn 0.998691 -0.050680 -0.006936
v 1.368826 -0.620219 13.315158 0.60532 0.58950 0.55370
vt 0.080432 0.454237
vn 0.998691 -0.050680 -0.006936
f 4858/4858/4858 4859/4859/4859 4860/4860/4860
v 1.018856 -0.900441 12.561426 0.57512 0.58950 0.57182
vt 0.094569 0.418403
vn -0.012438 -0.035614 -0.999288
v 1.033713 -0.606200 12.550755 0.57512 0.58950 0.57182
vt 0.094076 0.444542
vn -0.012438 -0.035614 -0.999288
v 1.364061 -0.608950 12.546741 0.57512 0.58950 0.57182
vt 0.080746 0.444351
vn -0.012438 -0.035614 -0.999288
f 4861/4861/4861 4862/4862/4862 4863/4863/4863
v 1.018856 -0.900441 12.561426 0.48454 0.31472 0.30912
vt 0.094569 0.418403
vn -0.012438 -0.035614 -0.999288
v 1.364061 -0.608950 12.546741 0.48454 0.31472 0.30912
vt 0.080746 0.444351
vn -0.012438 -0.035614 -0.999288
v 1.349203 -0.903192 12.557413 0.48454 0.31472 0.30912
vt 0.081240 0.418213
vn -0.012438 -0.035614 -0.999288
f 4864/4864/4864 4865/4865/4865 4866/4866/4866
v 0.670537 -0.897541 12.565660 0.59626 0.59856 0.57786
vt 0.134103 0.447724
vn -0.998692 0.050674 0.006789
v 0.675366 -0.906274 13.341056 0.59626 0.59856 0.57786
vt 0.133789 0.457679
vn -0.998692 0.050674 0.006789
v 0.690223 -0.612032 13.330384 0.59626 0.59856 0.57786
vt 0.107817 0.454697
vn -0.998692 0.050674 0.006789
f 4867/4867/4867 4868/4868/4868 4869/4869/4869
v 0.670537 -0.897541 12.565660 0.59626 0.59856 0.57786
vt 0.134103 0.447724
vn -0.998692 0.050674 0.006789
v 0.690223 -0.612032 13.330384 0.59626 0.59856 0.57786
vt 0.107817 0.454697
vn -0.998692 0.050674 0.006789
v 0.685395 -0.603299 12.554988 0.59626 0.59856 0.57786
vt 0.108130 0.444743
vn -0.998692 0.050674 0.006789
f 4870/4870/4870 4871/4871/4871 4872/4872/4872
v 1.023652 -0.910475 13.333242 0.59626 0.59856 0.57786
vt 0.093229 0.480598
vn 0.022841 0.035086 0.999123
v 1.038509 -0.616234 13.322570 0.59626 0.59856 0.57786
vt 0.093762 0.454460
vn 0.022841 0.035086 0.999123
v 0.690223 -0.612032 13.330384 0.59626 0.59856 0.57786
vt 0.107817 0.454697
vn 0.022841 0.035086 0.999123
f 4873/4873/4873 4874/4874/4874 4875/4875/4875
v 1.023652 -0.910475 13.333242 0.59626 0.59856 0.57786
vt 0.093229 0.480598
vn 0.022838 0.035082 0.999123
v 0.690223 -0.612032 13.330384 0.59626 0.59856 0.57786
vt 0.107817 0.454697
vn 0.022838 0.035082 0.999123
v 0.675366 -0.906274 13.341056 0.59626 0.59856 0.57786
vt 0.107284 0.480835
vn 0.022838 0.035082 0.999123
f 4876/4876/4876 4877/4877/4877 4878/4878/4878
v -1.024764 -0.910489 13.333217 0.59626 0.59856 0.57786
vt 0.094844 0.554900
vn -0.022837 0.035071 0.999124
v -1.039622 -0.616247 13.322549 0.59626 0.59856 0.57786
vt 0.094741 0.528414
vn -0.022837 0.035071 0.999124
v -1.368826 -0.620219 13.315164 0.59626 0.59856 0.57786
vt 0.108205 0.528412
vn -0.022837 0.035071 0.999124
f 4879/4879/4879 4880/4880/4880 4881/4881/4881
v -1.024764 -0.910489 13.333217 0.59626 0.59856 0.57786
vt 0.094844 0.554900
vn -0.022840 0.035066 0.999124
v -1.368826 -0.620219 13.315164 0.59626 0.59856 0.57786
vt 0.108205 0.528412
vn -0.022840 0.035066 0.999124
v -1.353968 -0.914460 13.325830 0.59626 0.59856 0.57786
vt 0.108306 0.554897
vn -0.022840 0.035066 0.999124
f 4882/4882/4882 4883/4883/4883 4884/4884/4884
v -0.675366 -0.906274 13.341056 0.57814 0.55931 0.53861
vt 0.054054 0.530849
vn 0.998692 0.050675 0.006789
v -0.670537 -0.897540 12.565660 0.57814 0.55931 0.53861
vt 0.053960 0.520759
vn 0.998692 0.050675 0.006789
v -0.685395 -0.603299 12.554994 0.57814 0.55931 0.53861
vt 0.080319 0.518326
vn 0.998692 0.050675 0.006789
f 4885/4885/4885 4886/4886/4886 4887/4887/4887
v -0.675366 -0.906274 13.341056 0.56606 0.56233 0.53861
vt 0.054054 0.530849
vn 0.998692 0.050675 0.006789
v -0.685395 -0.603299 12.554994 0.56606 0.56233 0.53861
vt 0.080319 0.518326
vn 0.998692 0.050675 0.006789
v -0.690223 -0.612032 13.330388 0.56606 0.56233 0.53861
vt 0.080444 0.528416
vn 0.998692 0.050675 0.006789
f 4888/4888/4888 4889/4889/4889 4890/4890/4890
v -1.019968 -0.900450 12.561414 0.59626 0.59856 0.57786
vt 0.094533 0.491874
vn 0.012441 -0.035598 -0.999289
v -1.034826 -0.606208 12.550747 0.59626 0.59856 0.57786
vt 0.094595 0.518361
vn 0.012441 -0.035598 -0.999289
v -0.685395 -0.603299 12.554994 0.59626 0.59856 0.57786
vt 0.080319 0.518326
vn 0.012441 -0.035598 -0.999289
f 4891/4891/4891 4892/4892/4892 4893/4893/4893
v -1.019968 -0.900450 12.561414 0.59626 0.59856 0.57786
vt 0.094533 0.491874
vn 0.012441 -0.035598 -0.999289
v -0.685395 -0.603299 12.554994 0.59626 0.59856 0.57786
vt 0.080319 0.518326
vn 0.012441 -0.035598 -0.999289
v -0.670537 -0.897540 12.565660 0.59626 0.59856 0.57786
vt 0.080248 0.491842
vn 0.012441 -0.035598 -0.999289
f 4894/4894/4894 4895/4895/4895 4896/4896/4896
v -1.349203 -0.903192 12.557413 0.59324 0.60158 0.58390
vt 0.134430 0.520799
vn -0.998691 -0.050681 -0.006936
v -1.353968 -0.914460 13.325830 0.59324 0.60158 0.58390
vt 0.134582 0.530819
vn -0.998691 -0.050681 -0.006936
v -1.368826 -0.620219 13.315164 0.59324 0.60158 0.58390
vt 0.108205 0.528412
vn -0.998691 -0.050681 -0.006936
f 4897/4897/4897 4898/4898/4898 4899/4899/4899
v -1.349203 -0.903192 12.557413 0.59626 0.59856 0.57786
vt 0.134430 0.520799
vn -0.998691 -0.050681 -0.006936
v -1.368826 -0.620219 13.315164 0.59626 0.59856 0.57786
vt 0.108205 0.528412
vn -0.998691 -0.050681 -0.006936
v -1.364061 -0.608950 12.546745 0.59626 0.59856 0.57786
vt 0.108054 0.518392
vn -0.998691 -0.050681 -0.006936
f 4900/4900/4900 4901/4901/4901 4902/4902/4902
v 1.250658 2.823770 -6.185483 0.41206 0.23319 0.30006
vt 0.202877 0.859473
vn -0.000050 0.578795 0.815473
v 1.250809 2.961476 -6.283222 0.41206 0.23319 0.30006
vt 0.202662 0.848500
vn -0.000050 0.578795 0.815473
v 0.662309 2.961426 -6.283222 0.41206 0.23319 0.30006
vt 0.223990 0.848561
vn -0.000050 0.578795 0.815473
f 4903/4903/4903 4904/4904/4904 4905/4905/4905
v 1.250658 2.823770 -6.185483 0.17352 0.26036 0.32119
vt 0.202877 0.859473
vn -0.000050 0.578794 0.815474
v 0.662309 2.961426 -6.283222 0.17352 0.26036 0.32119
vt 0.223990 0.848561
vn -0.000050 0.578794 0.815474
v 0.662109 2.823719 -6.185483 0.17352 0.26036 0.32119
vt 0.224071 0.859555
vn -0.000050 0.578794 0.815474
f 4906/4906/4906 4907/4907/4907 4908/4908/4908
v 1.808894 2.643680 -6.019193 0.20975 0.27244 0.34233
vt 0.183650 0.873981
vn 1.000000 0.000000 0.000000
v 1.808894 2.292871 -8.888424 0.20975 0.27244 0.34233
vt 0.152071 0.902420
vn 1.000000 0.000000 0.000000
v 1.808894 2.488585 -8.863074 0.20975 0.27244 0.34233
vt 0.151986 0.886726
vn 1.000000 0.000000 0.000000
f 4909/4909/4909 4910/4910/4910 4911/4911/4911
v 1.808894 2.643680 -6.019193 0.15540 0.26942 0.32723
vt 0.183650 0.873981
vn 1.000000 0.000000 0.000000
v 1.808894 2.488585 -8.863074 0.15540 0.26942 0.32723
vt 0.151986 0.886726
vn 1.000000 0.000000 0.000000
v 1.808894 3.142785 -6.373439 0.15540 0.26942 0.32723
vt 0.181541 0.834361
vn 1.000000 0.000000 0.000000
f 4912/4912/4912 4913/4913/4913 4914/4914/4914
v 1.250734 2.292842 -8.888424 0.21277 0.28452 0.33629
vt 0.132016 0.902904
vn -0.000008 0.128457 -0.991715
v 1.250734 2.488556 -8.863073 0.21277 0.28452 0.33629
vt 0.131647 0.887285
vn -0.000008 0.128457 -0.991715
v 1.808894 2.488585 -8.863074 0.21277 0.28452 0.33629
vt 0.151986 0.886726
vn -0.000008 0.128457 -0.991715
f 4915/4915/4915 4916/4916/4916 4917/4917/4917
v 1.250734 2.292842 -8.888424 0.15238 0.26338 0.33629
vt 0.132016 0.902904
vn -0.000008 0.128457 -0.991715
v 1.808894 2.488585 -8.863074 0.15238 0.26338 0.33629
vt 0.151986 0.886726
vn -0.000008 0.128457 -0.991715
v 1.808894 2.292871 -8.888424 0.15238 0.26338 0.33629
vt 0.152071 0.902420
vn -0.000008 0.128457 -0.991715
f 4918/4918/4918 4919/4919/4919 4920/4920/4920
v 0.662209 2.292811 -8.888424 0.51775 0.29358 0.27288
vt 0.110753 0.903456
vn -0.000011 0.128457 -0.991715
v 0.000000 2.292752 -8.888424 0.51775 0.29358 0.27288
vt 0.086799 0.904087
vn -0.000011 0.128457 -0.991715
v 0.000000 2.488466 -8.863074 0.51775 0.29358 0.27288
vt 0.086378 0.888507
vn -0.000011 0.128457 -0.991715
f 4921/4921/4921 4922/4922/4922 4923/4923/4923
v 0.662209 2.292811 -8.888424 0.52077 0.29056 0.27288
vt 0.110753 0.903456
vn -0.000011 0.128456 -0.991715
v 0.000000 2.488466 -8.863074 0.52077 0.29056 0.27288
vt 0.086378 0.888507
vn -0.000011 0.128456 -0.991715
v 0.662209 2.488525 -8.863074 0.52077 0.29056 0.27288
vt 0.110337 0.887868
vn -0.000011 0.128456 -0.991715
f 4924/4924/4924 4925/4925/4925 4926/4926/4926
v 0.000000 2.292752 -8.888424 0.91030 0.91260 0.89190
vt 0.086799 0.904087
vn 0.000011 0.128456 -0.991715
v -0.662209 2.292811 -8.888424 0.91030 0.91260 0.89190
vt 0.062843 0.904720
vn 0.000011 0.128456 -0.991715
v -0.662209 2.488525 -8.863074 0.91030 0.91260 0.89190
vt 0.062418 0.889142
vn 0.000011 0.128456 -0.991715
f 4927/4927/4927 4928/4928/4928 4929/4929/4929
v 0.000000 2.292752 -8.888424 0.91030 0.90958 0.85265
vt 0.086799 0.904087
vn 0.000011 0.128457 -0.991715
v -0.662209 2.488525 -8.863074 0.91030 0.90958 0.85265
vt 0.062418 0.889142
vn 0.000011 0.128457 -0.991715
v 0.000000 2.488466 -8.863074 0.91030 0.90958 0.85265
vt 0.086378 0.888507
vn 0.000011 0.128457 -0.991715
f 4930/4930/4930 4931/4931/4931 4932/4932/4932
v -1.252613 2.292842 -8.888424 0.91030 0.91260 0.89190
vt 0.041488 0.905299
vn 0.000007 0.128456 -0.991715
v -1.252613 2.488556 -8.863074 0.91030 0.91260 0.89190
vt 0.041059 0.889721
vn 0.000007 0.128456 -0.991715
v -0.662209 2.488525 -8.863074 0.91030 0.91260 0.89190
vt 0.062418 0.889142
vn 0.000007 0.128456 -0.991715
f 4933/4933/4933 4934/4934/4934 4935/4935/4935
v -1.252613 2.292842 -8.888424 0.91030 0.91260 0.89190
vt 0.041488 0.905299
vn 0.000007 0.128456 -0.991715
v -0.662209 2.488525 -8.863074 0.91030 0.91260 0.89190
vt 0.062418 0.889142
vn 0.000007 0.128456 -0.991715
v -0.662209 2.292811 -8.888424 0.91030 0.91260 0.89190
vt 0.062843 0.904720
vn 0.000007 0.128456 -0.991715
f 4936/4936/4936 4937/4937/4937 4938/4938/4938
v -1.808894 2.292871 -8.888424 0.16446 0.26640 0.34233
vt 0.343561 0.903219
vn -1.000000 0.000000 0.000000
v -1.808894 2.643680 -6.019193 0.16446 0.26640 0.34233
vt 0.312181 0.874359
vn -1.000000 0.000000 0.000000
v -1.808894 3.142785 -6.373439 0.16446 0.26640 0.34233
vt 0.314503 0.834715
vn -1.000000 0.000000 0.000000
f 4939/4939/4939 4940/4940/4940 4941/4941/4941
v -1.808894 2.292871 -8.888424 0.20069 0.28452 0.33931
vt 0.343561 0.903219
vn -1.000000 0.000000 0.000000
v -1.808894 3.142785 -6.373439 0.20069 0.28452 0.33931
vt 0.314503 0.834715
vn -1.000000 0.000000 0.000000
v -1.808894 2.488585 -8.863074 0.20069 0.28452 0.33931
vt 0.343537 0.887266
vn -1.000000 0.000000 0.000000
f 4942/4942/4942 4943/4943/4943 4944/4944/4944
v -1.252538 2.823770 -6.185483 0.17352 0.26640 0.31817
vt 0.293078 0.859688
vn 0.000050 0.578795 0.815473
v -1.252689 2.961476 -6.283222 0.17352 0.26640 0.31817
vt 0.293347 0.848716
vn 0.000050 0.578795 0.815473
v -1.409002 2.961490 -6.283222 0.17352 0.26640 0.31817
vt 0.299037 0.848778
vn 0.000050 0.578795 0.815473
f 4945/4945/4945 4946/4946/4946 4947/4947/4947
v -1.252538 2.823770 -6.185483 0.22485 0.28754 0.35139
vt 0.293078 0.859688
vn 0.000047 0.578794 0.815474
v -1.409002 2.961490 -6.283222 0.22485 0.28754 0.35139
vt 0.299037 0.848778
vn 0.000047 0.578794 0.815474
v -1.409002 2.823783 -6.185483 0.22485 0.28754 0.35139
vt 0.298665 0.859765
vn 0.000047 0.578794 0.815474
f 4948/4948/4948 4949/4949/4949 4950/4950/4950
v -0.662109 2.823719 -6.185483 0.14936 0.25433 0.31817
vt 0.271812 0.859660
vn 0.000083 0.578790 0.815477
v 0.000000 2.823625 -6.185483 0.14936 0.25433 0.31817
vt 0.247940 0.859625
vn 0.000083 0.578790 0.815477
v 0.000000 2.961333 -6.283222 0.14936 0.25433 0.31817
vt 0.247967 0.848616
vn 0.000083 0.578790 0.815477
f 4951/4951/4951 4952/4952/4952 4953/4953/4953
v -0.662109 2.823719 -6.185483 0.22787 0.29056 0.32723
vt 0.271812 0.859660
vn 0.000082 0.578794 0.815474
v 0.000000 2.961333 -6.283222 0.22787 0.29056 0.32723
vt 0.247967 0.848616
vn 0.000082 0.578794 0.815474
v -0.662308 2.961426 -6.283222 0.22787 0.29056 0.32723
vt 0.271945 0.848671
vn 0.000082 0.578794 0.815474
f 4954/4954/4954 4955/4955/4955 4956/4956/4956
v 0.000000 2.823625 -6.185483 0.21277 0.29962 0.35441
vt 0.247940 0.859625
vn -0.000083 0.578794 0.815474
v 0.662109 2.823719 -6.185483 0.21277 0.29962 0.35441
vt 0.224071 0.859555
vn -0.000083 0.578794 0.815474
v 0.662309 2.961426 -6.283222 0.21277 0.29962 0.35441
vt 0.223990 0.848561
vn -0.000083 0.578794 0.815474
f 4957/4957/4957 4958/4958/4958 4959/4959/4959
v 0.000000 2.823625 -6.185483 0.15540 0.26942 0.32119
vt 0.247940 0.859625
vn -0.000082 0.578790 0.815477
v 0.662309 2.961426 -6.283222 0.15540 0.26942 0.32119
vt 0.223990 0.848561
vn -0.000082 0.578790 0.815477
v 0.000000 2.961333 -6.283222 0.15540 0.26942 0.32119
vt 0.247967 0.848616
vn -0.000082 0.578790 0.815477
f 4960/4960/4960 4961/4961/4961 4962/4962/4962
v 0.000000 -2.091621 11.394940 0.16446 0.26640 0.32119
vt 0.860550 0.605583
vn 0.007135 0.999935 -0.008885
v 0.663457 -2.096355 11.394940 0.16446 0.26640 0.32119
vt 0.859454 0.626327
vn 0.007135 0.999935 -0.008885
v 0.516850 -2.096143 11.301139 0.16446 0.26640 0.32119
vt 0.858761 0.621726
vn 0.007135 0.999935 -0.008885
f 4963/4963/4963 4964/4964/4964 4965/4965/4965
v 0.000000 -2.091621 11.394940 0.17654 0.27546 0.33931
vt 0.860550 0.605583
vn 0.011636 0.999805 0.015924
v 0.516850 -2.096143 11.301139 0.17654 0.27546 0.33931
vt 0.858761 0.621726
vn 0.011636 0.999805 0.015924
v 0.146608 -2.091834 11.301139 0.17654 0.27546 0.33931
vt 0.859390 0.610116
vn 0.011636 0.999805 0.015924
f 4966/4966/4966 4967/4967/4967 4968/4968/4968
v 0.663457 -2.096355 11.394940 0.16748 0.26640 0.33025
vt 0.859454 0.626327
vn 0.001449 0.999999 -0.000000
v 0.663457 -2.096355 10.943063 0.16748 0.26640 0.33025
vt 0.855016 0.626157
vn 0.001449 0.999999 -0.000000
v 0.516850 -2.096143 11.036866 0.16748 0.26640 0.33025
vt 0.856138 0.621628
vn 0.001449 0.999999 -0.000000
f 4969/4969/4969 4970/4970/4970 4971/4971/4971
v 0.663457 -2.096355 11.394940 0.16446 0.26640 0.32119
vt 0.859454 0.626327
vn 0.001451 0.999999 -0.000001
v 0.516850 -2.096143 11.036866 0.16446 0.26640 0.32119
vt 0.856138 0.621628
vn 0.001451 0.999999 -0.000001
v 0.516850 -2.096143 11.301139 0.16446 0.26640 0.32119
vt 0.858761 0.621726
vn 0.001451 0.999999 -0.000001
f 4972/4972/4972 4973/4973/4973 4974/4974/4974
v 0.663457 -2.096355 10.943063 0.17654 0.27546 0.33327
vt 0.855016 0.626157
vn 0.007135 0.999935 -0.008890
v 0.000000 -2.091621 10.943063 0.17654 0.27546 0.33327
vt 0.856012 0.605428
vn 0.007135 0.999935 -0.008890
v 0.146608 -2.091833 11.036866 0.17654 0.27546 0.33327
vt 0.856748 0.610019
vn 0.007135 0.999935 -0.008890
f 4975/4975/4975 4976/4976/4976 4977/4977/4977
v 0.663457 -2.096355 10.943063 0.16748 0.26942 0.32421
vt 0.855016 0.626157
vn 0.011637 0.999805 0.015924
v 0.146608 -2.091833 11.036866 0.16748 0.26942 0.32421
vt 0.856748 0.610019
vn 0.011637 0.999805 0.015924
v 0.516850 -2.096143 11.036866 0.16748 0.26942 0.32421
vt 0.856138 0.621628
vn 0.011637 0.999805 0.015924
f 4978/4978/4978 4979/4979/4979 4980/4980/4980
v 0.000000 -2.091621 10.943063 0.19465 0.29962 0.36951
vt 0.856012 0.605428
vn 0.001448 0.999999 -0.000000
v 0.000000 -2.091621 11.394940 0.19465 0.29962 0.36951
vt 0.860550 0.605583
vn 0.001448 0.999999 -0.000000
v 0.146608 -2.091834 11.301139 0.19465 0.29962 0.36951
vt 0.859390 0.610116
vn 0.001448 0.999999 -0.000000
f 4981/4981/4981 4982/4982/4982 4983/4983/4983
v 0.000000 -2.091621 10.943063 0.19465 0.29962 0.36951
vt 0.856012 0.605428
vn 0.001446 0.999999 0.000001
v 0.146608 -2.091834 11.301139 0.19465 0.29962 0.36951
vt 0.859390 0.610116
vn 0.001446 0.999999 0.000001
v 0.146608 -2.091833 11.036866 0.19465 0.29962 0.36951
vt 0.856748 0.610019
vn 0.001446 0.999999 0.000001
f 4984/4984/4984 4985/4985/4985 4986/4986/4986
v 0.516850 -2.096143 11.301139 0.91030 0.91260 0.89190
vt 0.308789 0.368181
vn 0.000000 0.000015 1.000000
v 0.683292 0.853885 11.301094 0.91030 0.91260 0.89190
vt 0.301946 0.173645
vn 0.000000 0.000015 1.000000
v 0.313050 0.858699 11.301094 0.91030 0.91260 0.89190
vt 0.313035 0.173222
vn 0.000000 0.000015 1.000000
f 4987/4987/4987 4988/4988/4988 4989/4989/4989
v 0.516850 -2.096143 11.301139 0.42414 0.26640 0.25174
vt 0.308789 0.368181
vn 0.000000 0.000015 1.000000
v 0.313050 0.858699 11.301094 0.42414 0.26640 0.25174
vt 0.313035 0.173222
vn 0.000000 0.000015 1.000000
v 0.146608 -2.091834 11.301139 0.42414 0.26640 0.25174
vt 0.319879 0.367791
vn 0.000000 0.000015 1.000000
f 4990/4990/4990 4991/4991/4991 4992/4992/4992
v 0.516850 -2.096143 11.036866 0.91030 0.91260 0.89190
vt 0.306278 0.368269
vn 0.998412 -0.056331 -0.000000
v 0.683292 0.853885 11.036821 0.91030 0.91260 0.89190
vt 0.299435 0.173734
vn 0.998412 -0.056331 -0.000000
v 0.683292 0.853885 11.301094 0.91030 0.91260 0.89190
vt 0.301946 0.173645
vn 0.998412 -0.056331 -0.000000
f 4993/4993/4993 4994/4994/4994 4995/4995/4995
v 0.516850 -2.096143 11.036866 0.90124 0.90052 0.88284
vt 0.306278 0.368269
vn 0.998412 -0.056331 -0.000000
v 0.683292 0.853885 11.301094 0.90124 0.90052 0.88284
vt 0.301946 0.173645
vn 0.998412 -0.056331 -0.000000
v 0.516850 -2.096143 11.301139 0.90124 0.90052 0.88284
vt 0.308789 0.368181
vn 0.998412 -0.056331 -0.000000
f 4996/4996/4996 4997/4997/4997 4998/4998/4998
v 0.146608 -2.091833 11.036866 0.87406 0.87636 0.85566
vt 0.322390 0.367703
vn -0.000000 -0.000015 -1.000000
v 0.313050 0.858699 11.036821 0.87406 0.87636 0.85566
vt 0.315547 0.173134
vn -0.000000 -0.000015 -1.000000
v 0.683292 0.853885 11.036821 0.87406 0.87636 0.85566
vt 0.326639 0.172777
vn -0.000000 -0.000015 -1.000000
f 4999/4999/4999 5000/5000/5000 5001/5001/5001
v 0.146608 -2.091833 11.036866 0.51473 0.29660 0.28194
vt 0.322390 0.367703
vn -0.000000 -0.000015 -1.000000
v 0.683292 0.853885 11.036821 0.51473 0.29660 0.28194
vt 0.326639 0.172777
vn -0.000000 -0.000015 -1.000000
v 0.516850 -2.096143 11.036866 0.51473 0.29660 0.28194
vt 0.333480 0.367313
vn -0.000000 -0.000015 -1.000000
f 5002/5002/5002 5003/5003/5003 5004/5004/5004
v 0.146608 -2.091834 11.301139 0.88312 0.88542 0.86472
vt 0.319879 0.367791
vn -0.998413 0.056321 0.000000
v 0.313050 0.858699 11.301094 0.88312 0.88542 0.86472
vt 0.313035 0.173222
vn -0.998413 0.056321 0.000000
v 0.313050 0.858699 11.036821 0.88312 0.88542 0.86472
vt 0.315547 0.173134
vn -0.998413 0.056321 0.000000
f 5005/5005/5005 5006/5006/5006 5007/5007/5007
v 0.146608 -2.091834 11.301139 0.48755 0.27546 0.25778
vt 0.319879 0.367791
vn -0.998413 0.056321 0.000000
v 0.313050 0.858699 11.036821 0.48755 0.27546 0.25778
vt 0.315547 0.173134
vn -0.998413 0.056321 0.000000
v 0.146608 -2.091833 11.036866 0.48755 0.27546 0.25778
vt 0.322390 0.367703
vn -0.998413 0.056321 0.000000
f 5008/5008/5008 5009/5009/5009 5010/5010/5010
v 0.744890 1.946344 11.301077 0.91030 0.91260 0.89190
vt 0.080998 0.189294
vn 0.000000 0.000013 1.000000
v 0.374648 1.950653 11.301077 0.91030 0.91260 0.89190
vt 0.098873 0.188827
vn 0.000000 0.000013 1.000000
v 0.350206 1.517365 11.301083 0.91030 0.91260 0.89190
vt 0.100070 0.234902
vn 0.000000 0.000013 1.000000
f 5011/5011/5011 5012/5012/5012 5013/5013/5013
v 0.744890 1.946344 11.301077 0.91030 0.91260 0.89190
vt 0.080998 0.189294
vn 0.000000 0.000013 1.000000
v 0.350206 1.517365 11.301083 0.91030 0.91260 0.89190
vt 0.100070 0.234902
vn 0.000000 0.000013 1.000000
v 0.720448 1.513057 11.301083 0.91030 0.91260 0.89190
vt 0.082183 0.235362
vn 0.000000 0.000013 1.000000
f 5014/5014/5014 5015/5015/5015 5016/5016/5016
v 0.744890 1.946344 11.036804 0.91030 0.91260 0.89190
vt 0.076950 0.189382
vn 0.998413 -0.056321 -0.000000
v 0.744890 1.946344 11.301077 0.91030 0.91260 0.89190
vt 0.080998 0.189294
vn 0.998413 -0.056321 -0.000000
v 0.720448 1.513057 11.301083 0.91030 0.91260 0.89190
vt 0.082183 0.235362
vn 0.998413 -0.056321 -0.000000
f 5017/5017/5017 5018/5018/5018 5019/5019/5019
v 0.744890 1.946344 11.036804 0.91030 0.91260 0.89190
vt 0.076950 0.189382
vn 0.998413 -0.056321 -0.000000
v 0.720448 1.513057 11.301083 0.91030 0.91260 0.89190
vt 0.082183 0.235362
vn 0.998413 -0.056321 -0.000000
v 0.720448 1.513057 11.036811 0.91030 0.91260 0.89190
vt 0.078132 0.235464
vn 0.998413 -0.056321 -0.000000
f 5020/5020/5020 5021/5021/5021 5022/5022/5022
v 0.374648 1.950653 11.036804 0.91030 0.91260 0.89190
vt 0.102917 0.188721
vn -0.000000 -0.000016 -1.000000
v 0.744890 1.946344 11.036804 0.91030 0.91260 0.89190
vt 0.120797 0.188252
vn -0.000000 -0.000016 -1.000000
v 0.720448 1.513057 11.036811 0.91030 0.91260 0.89190
vt 0.122005 0.234325
vn -0.000000 -0.000016 -1.000000
f 5023/5023/5023 5024/5024/5024 5025/5025/5025
v 0.374648 1.950653 11.036804 0.91030 0.91260 0.89190
vt 0.102917 0.188721
vn -0.000000 -0.000016 -1.000000
v 0.720448 1.513057 11.036811 0.91030 0.91260 0.89190
vt 0.122005 0.234325
vn -0.000000 -0.000016 -1.000000
v 0.350206 1.517366 11.036811 0.91030 0.91260 0.89190
vt 0.104122 0.234795
vn -0.000000 -0.000016 -1.000000
f 5026/5026/5026 5027/5027/5027 5028/5028/5028
v 0.374648 1.950653 11.301077 0.91030 0.91260 0.89190
vt 0.098873 0.188827
vn -0.998413 0.056321 0.000000
v 0.374648 1.950653 11.036804 0.91030 0.91260 0.89190
vt 0.102917 0.188721
vn -0.998413 0.056321 0.000000
v 0.350206 1.517366 11.036811 0.91030 0.91260 0.89190
vt 0.104122 0.234795
vn -0.998413 0.056321 0.000000
f 5029/5029/5029 5030/5030/5030 5031/5031/5031
v 0.374648 1.950653 11.301077 0.91030 0.91260 0.89190
vt 0.098873 0.188827
vn -0.998413 0.056321 0.000000
v 0.350206 1.517366 11.036811 0.91030 0.91260 0.89190
vt 0.104122 0.234795
vn -0.998413 0.056321 0.000000
v 0.350206 1.517365 11.301083 0.91030 0.91260 0.89190
vt 0.100070 0.234902
vn -0.998413 0.056321 0.000000
f 5032/5032/5032 5033/5033/5033 5034/5034/5034
v 0.720448 1.513057 11.556127 0.91030 0.91260 0.89190
vt 0.058285 0.276721
vn 0.000000 0.000014 1.000000
v 0.350206 1.517365 11.556127 0.91030 0.91260 0.89190
vt 0.057649 0.296800
vn 0.000000 0.000014 1.000000
v 0.340725 1.349292 11.556129 0.91030 0.91260 0.89190
vt 0.037614 0.296127
vn 0.000000 0.000014 1.000000
f 5035/5035/5035 5036/5036/5036 5037/5037/5037
v 0.720448 1.513057 11.556127 0.91030 0.91260 0.89190
vt 0.058285 0.276721
vn 0.000000 0.000014 1.000000
v 0.340725 1.349292 11.556129 0.91030 0.91260 0.89190
vt 0.037614 0.296127
vn 0.000000 0.000014 1.000000
v 0.710967 1.344983 11.556129 0.91030 0.91260 0.89190
vt 0.038256 0.276115
vn 0.000000 0.000014 1.000000
f 5038/5038/5038 5039/5039/5039 5040/5040/5040
v 0.720448 1.513057 11.036811 0.91030 0.91260 0.89190
vt 0.058523 0.267748
vn 0.998413 -0.056321 -0.000000
v 0.720448 1.513057 11.301083 0.91030 0.91260 0.89190
vt 0.058410 0.272309
vn 0.998413 -0.056321 -0.000000
v 0.710967 1.344983 11.301086 0.91030 0.91260 0.89190
vt 0.038376 0.271766
vn 0.998413 -0.056321 -0.000000
f 5041/5041/5041 5042/5042/5042 5043/5043/5043
v 0.720448 1.513057 11.036811 0.91030 0.91260 0.89190
vt 0.058523 0.267748
vn 0.998413 -0.056321 -0.000000
v 0.710967 1.344983 11.301086 0.91030 0.91260 0.89190
vt 0.038376 0.271766
vn 0.998413 -0.056321 -0.000000
v 0.710967 1.344983 11.036813 0.91030 0.91260 0.89190
vt 0.038488 0.267246
vn 0.998413 -0.056321 -0.000000
f 5044/5044/5044 5045/5045/5045 5046/5046/5046
v 0.350206 1.517366 10.781767 0.91030 0.91260 0.89190
vt 0.059100 0.243304
vn -0.000000 -0.000014 -1.000000
v 0.720448 1.513057 10.781767 0.91030 0.91260 0.89190
vt 0.058626 0.263356
vn -0.000000 -0.000014 -1.000000
v 0.710967 1.344983 10.781770 0.91030 0.91260 0.89190
vt 0.038590 0.262875
vn -0.000000 -0.000014 -1.000000
f 5047/5047/5047 5048/5048/5048 5049/5049/5049
v 0.350206 1.517366 10.781767 0.91030 0.91260 0.89190
vt 0.059100 0.243304
vn -0.000000 -0.000014 -1.000000
v 0.710967 1.344983 10.781770 0.91030 0.91260 0.89190
vt 0.038590 0.262875
vn -0.000000 -0.000014 -1.000000
v 0.340725 1.349293 10.781770 0.91030 0.91260 0.89190
vt 0.039062 0.242828
vn -0.000000 -0.000014 -1.000000
f 5050/5050/5050 5051/5051/5051 5052/5052/5052
v 0.350206 1.517365 11.301083 0.91030 0.91260 0.89190
vt 0.057497 0.301196
vn -0.998413 0.056321 0.000000
v 0.350206 1.517366 11.036811 0.91030 0.91260 0.89190
vt 0.057329 0.305760
vn -0.998413 0.056321 0.000000
v 0.340725 1.349293 11.036813 0.91030 0.91260 0.89190
vt 0.037300 0.305003
vn -0.998413 0.056321 0.000000
f 5053/5053/5053 5054/5054/5054 5055/5055/5055
v 0.350206 1.517365 11.301083 0.91030 0.91260 0.89190
vt 0.057497 0.301196
vn -0.998413 0.056321 0.000000
v 0.340725 1.349293 11.036813 0.91030 0.91260 0.89190
vt 0.037300 0.305003
vn -0.998413 0.056321 0.000000
v 0.340725 1.349292 11.301086 0.91030 0.91260 0.89190
vt 0.037466 0.300491
vn -0.998413 0.056321 0.000000
f 5056/5056/5056 5057/5057/5057 5058/5058/5058
v 0.710967 1.344983 11.301086 0.18257 0.27546 0.33629
vt 0.256116 0.559401
vn 0.000000 0.000019 1.000000
v 0.340725 1.349292 11.301086 0.18257 0.27546 0.33629
vt 0.233686 0.560482
vn 0.000000 0.000019 1.000000
v 0.323011 1.035278 11.301091 0.18257 0.27546 0.33629
vt 0.231128 0.518007
vn 0.000000 0.000019 1.000000
f 5059/5059/5059 5060/5060/5060 5061/5061/5061
v 0.710967 1.344983 11.301086 0.17654 0.26942 0.32723
vt 0.256116 0.559401
vn 0.000000 0.000018 1.000000
v 0.323011 1.035278 11.301091 0.17654 0.26942 0.32723
vt 0.231128 0.518007
vn 0.000000 0.000018 1.000000
v 0.693253 1.030464 11.301091 0.17654 0.26942 0.32723
vt 0.254220 0.516719
vn 0.000000 0.000018 1.000000
f 5062/5062/5062 5063/5063/5063 5064/5064/5064
v 0.710967 1.344983 11.036813 0.19465 0.28150 0.34233
vt 0.261051 0.559232
vn 0.998418 -0.056231 -0.000000
v 0.710967 1.344983 11.301086 0.19465 0.28150 0.34233
vt 0.256116 0.559401
vn 0.998418 -0.056231 -0.000000
v 0.693253 1.030464 11.301091 0.19465 0.28150 0.34233
vt 0.254220 0.516719
vn 0.998418 -0.056231 -0.000000
f 5065/5065/5065 5066/5066/5066 5067/5067/5067
v 0.710967 1.344983 11.036813 0.19465 0.28150 0.34233
vt 0.261051 0.559232
vn 0.998418 -0.056231 -0.000000
v 0.693253 1.030464 11.301091 0.19465 0.28150 0.34233
vt 0.254220 0.516719
vn 0.998418 -0.056231 -0.000000
v 0.693253 1.030464 11.036819 0.19465 0.28150 0.34233
vt 0.259591 0.516562
vn 0.998418 -0.056231 -0.000000
f 5068/5068/5068 5069/5069/5069 5070/5070/5070
v 0.340725 1.349293 11.036813 0.21881 0.27546 0.31214
vt 0.228896 0.560856
vn -0.000000 -0.000018 -1.000000
v 0.710967 1.344983 11.036813 0.21881 0.27546 0.31214
vt 0.206309 0.562772
vn -0.000000 -0.000018 -1.000000
v 0.693253 1.030464 11.036819 0.21881 0.27546 0.31214
vt 0.202796 0.520257
vn -0.000000 -0.000018 -1.000000
f 5071/5071/5071 5072/5072/5072 5073/5073/5073
v 0.340725 1.349293 11.036813 0.25505 0.30264 0.34837
vt 0.228896 0.560856
vn -0.000000 -0.000019 -1.000000
v 0.693253 1.030464 11.036819 0.25505 0.30264 0.34837
vt 0.202796 0.520257
vn -0.000000 -0.000019 -1.000000
v 0.323011 1.035279 11.036819 0.25505 0.30264 0.34837
vt 0.225664 0.518403
vn -0.000000 -0.000019 -1.000000
f 5074/5074/5074 5075/5075/5075 5076/5076/5076
v 0.340725 1.349292 11.301086 0.21579 0.29358 0.35139
vt 0.233686 0.560482
vn -0.998413 0.056321 0.000000
v 0.340725 1.349293 11.036813 0.21579 0.29358 0.35139
vt 0.228896 0.560856
vn -0.998413 0.056321 0.000000
v 0.323011 1.035279 11.036819 0.21579 0.29358 0.35139
vt 0.225664 0.518403
vn -0.998413 0.056321 0.000000
f 5077/5077/5077 5078/5078/5078 5079/5079/5079
v 0.340725 1.349292 11.301086 0.16446 0.26640 0.32119
vt 0.233686 0.560482
vn -0.998413 0.056321 0.000000
v 0.323011 1.035279 11.036819 0.16446 0.26640 0.32119
vt 0.225664 0.518403
vn -0.998413 0.056321 0.000000
v 0.323011 1.035278 11.301091 0.16446 0.26640 0.32119
vt 0.231128 0.518007
vn -0.998413 0.056321 0.000000
f 5080/5080/5080 5081/5081/5081 5082/5082/5082
v 0.693253 1.030464 11.301091 0.16748 0.27244 0.33931
vt 0.385627 0.841074
vn 0.000000 0.000013 1.000000
v 0.323011 1.035278 11.301091 0.16748 0.27244 0.33931
vt 0.386329 0.827020
vn 0.000000 0.000013 1.000000
v 0.313050 0.858699 11.301094 0.16748 0.27244 0.33931
vt 0.401127 0.827745
vn 0.000000 0.000013 1.000000
f 5083/5083/5083 5084/5084/5084 5085/5085/5085
v 0.693253 1.030464 11.301091 0.16144 0.26640 0.33327
vt 0.385627 0.841074
vn 0.000000 0.000013 1.000000
v 0.313050 0.858699 11.301094 0.16144 0.26640 0.33327
vt 0.401127 0.827745
vn 0.000000 0.000013 1.000000
v 0.683292 0.853885 11.301094 0.16144 0.26640 0.33327
vt 0.400422 0.841873
vn 0.000000 0.000013 1.000000
f 5086/5086/5086 5087/5087/5087 5088/5088/5088
v 1.160243 1.025029 11.036818 0.17050 0.27546 0.34535
vt 0.384423 0.861983
vn 0.998413 -0.056321 0.000000
v 1.160243 1.025029 11.301090 0.17050 0.27546 0.34535
vt 0.384614 0.858813
vn 0.998413 -0.056321 0.000000
v 1.150282 0.848449 11.301093 0.17050 0.27546 0.34535
vt 0.399413 0.859665
vn 0.998413 -0.056321 0.000000
f 5089/5089/5089 5090/5090/5090 5091/5091/5091
v 1.160243 1.025029 11.036818 0.16748 0.27244 0.33931
vt 0.384423 0.861983
vn 0.998413 -0.056321 0.000000
v 1.150282 0.848449 11.301093 0.16748 0.27244 0.33931
vt 0.399413 0.859665
vn 0.998413 -0.056321 0.000000
v 1.150282 0.848449 11.036820 0.16748 0.27244 0.33931
vt 0.399213 0.862872
vn 0.998413 -0.056321 0.000000
f 5092/5092/5092 5093/5093/5093 5094/5094/5094
v 0.323011 1.035279 11.036819 0.73516 0.19393 0.17323
vt 0.387871 0.788398
vn -0.000000 -0.000013 -1.000000
v 0.693253 1.030464 11.036819 0.73516 0.19393 0.17323
vt 0.388307 0.774331
vn -0.000000 -0.000013 -1.000000
v 0.683292 0.853885 11.036821 0.73516 0.19393 0.17323
vt 0.403107 0.774727
vn -0.000000 -0.000013 -1.000000
f 5095/5095/5095 5096/5096/5096 5097/5097/5097
v 0.323011 1.035279 11.036819 0.70799 0.20903 0.17323
vt 0.387871 0.788398
vn -0.000000 -0.000013 -1.000000
v 0.683292 0.853885 11.036821 0.70799 0.20903 0.17323
vt 0.403107 0.774727
vn -0.000000 -0.000013 -1.000000
v 0.313050 0.858699 11.036821 0.70799 0.20903 0.17323
vt 0.402676 0.788865
vn -0.000000 -0.000013 -1.000000
f 5098/5098/5098 5099/5099/5099 5100/5100/5100
v -0.143979 1.040714 11.301091 0.71705 0.21205 0.21853
vt 0.387175 0.809290
vn -0.998413 0.056321 0.000000
v -0.143979 1.040714 11.036819 0.71705 0.21205 0.21853
vt 0.387297 0.806156
vn -0.998413 0.056321 0.000000
v -0.153940 0.864134 11.036821 0.71705 0.21205 0.21853
vt 0.402099 0.806677
vn -0.998413 0.056321 0.000000
f 5101/5101/5101 5102/5102/5102 5103/5103/5103
v -0.143979 1.040714 11.301091 0.55399 0.22715 0.24268
vt 0.387175 0.809290
vn -0.998413 0.056321 0.000000
v -0.153940 0.864134 11.036821 0.55399 0.22715 0.24268
vt 0.402099 0.806677
vn -0.998413 0.056321 0.000000
v -0.153940 0.864134 11.301094 0.55399 0.22715 0.24268
vt 0.401963 0.809927
vn -0.998413 0.056321 0.000000
f 5104/5104/5104 5105/5105/5105 5106/5106/5106
v 0.720448 1.513057 11.301083 0.91030 0.91260 0.89190
vt 0.077541 0.301884
vn 0.011637 0.999932 0.000000
v 0.350206 1.517365 11.301083 0.91030 0.91260 0.89190
vt 0.057497 0.301196
vn 0.011637 0.999932 0.000000
v 0.350206 1.517365 11.556127 0.91030 0.91260 0.89190
vt 0.057649 0.296800
vn 0.011637 0.999932 0.000000
f 5107/5107/5107 5108/5108/5108 5109/5109/5109
v 0.720448 1.513057 11.301083 0.91030 0.91260 0.89190
vt 0.077541 0.301884
vn 0.011637 0.999932 -0.000000
v 0.350206 1.517365 11.556127 0.91030 0.91260 0.89190
vt 0.057649 0.296800
vn 0.011637 0.999932 -0.000000
v 0.720448 1.513057 11.556127 0.91030 0.91260 0.89190
vt 0.077693 0.297493
vn 0.011637 0.999932 -0.000000
f 5110/5110/5110 5111/5111/5111 5112/5112/5112
v 0.350206 1.517365 11.301083 0.91030 0.91260 0.89190
vt 0.057497 0.301196
vn -0.998413 0.056321 0.000000
v 0.340725 1.349292 11.301086 0.91030 0.91260 0.89190
vt 0.037466 0.300491
vn -0.998413 0.056321 0.000000
v 0.340725 1.349292 11.556129 0.91030 0.91260 0.89190
vt 0.037614 0.296127
vn -0.998413 0.056321 0.000000
f 5113/5113/5113 5114/5114/5114 5115/5115/5115
v 0.350206 1.517365 11.301083 0.91030 0.91260 0.89190
vt 0.057497 0.301196
vn -0.998413 0.056321 0.000000
v 0.340725 1.349292 11.556129 0.91030 0.91260 0.89190
vt 0.037614 0.296127
vn -0.998413 0.056321 0.000000
v 0.350206 1.517365 11.556127 0.91030 0.91260 0.89190
vt 0.057649 0.296800
vn -0.998413 0.056321 0.000000
f 5116/5116/5116 5117/5117/5117 5118/5118/5118
v 0.340725 1.349292 11.301086 0.91030 0.91260 0.89190
vt 0.037466 0.300491
vn -0.011637 -0.999932 0.000000
v 0.710967 1.344983 11.301086 0.91030 0.91260 0.89190
vt 0.017422 0.299800
vn -0.011637 -0.999932 0.000000
v 0.710967 1.344983 11.556129 0.91030 0.91260 0.89190
vt 0.017572 0.295431
vn -0.011637 -0.999932 0.000000
f 5119/5119/5119 5120/5120/5120 5121/5121/5121
v 0.340725 1.349292 11.301086 0.91030 0.91260 0.89190
vt 0.037466 0.300491
vn -0.011637 -0.999932 0.000000
v 0.710967 1.344983 11.556129 0.91030 0.91260 0.89190
vt 0.017572 0.295431
vn -0.011637 -0.999932 0.000000
v 0.340725 1.349292 11.556129 0.91030 0.91260 0.89190
vt 0.037614 0.296127
vn -0.011637 -0.999932 0.000000
f 5122/5122/5122 5123/5123/5123 5124/5124/5124
v 0.710967 1.344983 11.301086 0.91030 0.91260 0.89190
vt 0.038376 0.271766
vn 0.998413 -0.056321 0.000000
v 0.720448 1.513057 11.301083 0.91030 0.91260 0.89190
vt 0.058410 0.272309
vn 0.998413 -0.056321 0.000000
v 0.720448 1.513057 11.556127 0.91030 0.91260 0.89190
vt 0.058285 0.276721
vn 0.998413 -0.056321 0.000000
f 5125/5125/5125 5126/5126/5126 5127/5127/5127
v 0.710967 1.344983 11.301086 0.91030 0.91260 0.89190
vt 0.038376 0.271766
vn 0.998413 -0.056321 0.000000
v 0.720448 1.513057 11.556127 0.91030 0.91260 0.89190
vt 0.058285 0.276721
vn 0.998413 -0.056321 0.000000
v 0.710967 1.344983 11.556129 0.91030 0.91260 0.89190
vt 0.038256 0.276115
vn 0.998413 -0.056321 0.000000
f 5128/5128/5128 5129/5129/5129 5130/5130/5130
v 0.350206 1.517366 11.036811 0.91030 0.91260 0.89190
vt 0.057329 0.305760
vn 0.011638 0.999932 0.000000
v 0.720448 1.513057 11.036811 0.91030 0.91260 0.89190
vt 0.077368 0.306535
vn 0.011638 0.999932 0.000000
v 0.720448 1.513057 10.781767 0.91030 0.91260 0.89190
vt 0.077198 0.310920
vn 0.011638 0.999932 0.000000
f 5131/5131/5131 5132/5132/5132 5133/5133/5133
v 0.350206 1.517366 11.036811 0.91030 0.91260 0.89190
vt 0.057329 0.305760
vn 0.011638 0.999932 0.000000
v 0.720448 1.513057 10.781767 0.91030 0.91260 0.89190
vt 0.077198 0.310920
vn 0.011638 0.999932 0.000000
v 0.350206 1.517366 10.781767 0.91030 0.91260 0.89190
vt 0.057159 0.310144
vn 0.011638 0.999932 0.000000
f 5134/5134/5134 5135/5135/5135 5136/5136/5136
v 0.720448 1.513057 11.036811 0.91030 0.91260 0.89190
vt 0.058523 0.267748
vn 0.998413 -0.056321 0.000000
v 0.710967 1.344983 11.036813 0.91030 0.91260 0.89190
vt 0.038488 0.267246
vn 0.998413 -0.056321 0.000000
v 0.710967 1.344983 10.781770 0.91030 0.91260 0.89190
vt 0.038590 0.262875
vn 0.998413 -0.056321 0.000000
f 5137/5137/5137 5138/5138/5138 5139/5139/5139
v 0.720448 1.513057 11.036811 0.91030 0.91260 0.89190
vt 0.058523 0.267748
vn 0.998413 -0.056321 0.000000
v 0.710967 1.344983 10.781770 0.91030 0.91260 0.89190
vt 0.038590 0.262875
vn 0.998413 -0.056321 0.000000
v 0.720448 1.513057 10.781767 0.91030 0.91260 0.89190
vt 0.058626 0.263356
vn 0.998413 -0.056321 0.000000
f 5140/5140/5140 5141/5141/5141 5142/5142/5142
v 0.710967 1.344983 11.036813 0.91030 0.91260 0.89190
vt 0.017261 0.304223
vn -0.011638 -0.999932 0.000000
v 0.340725 1.349293 11.036813 0.91030 0.91260 0.89190
vt 0.037300 0.305003
vn -0.011638 -0.999932 0.000000
v 0.340725 1.349293 10.781770 0.91030 0.91260 0.89190
vt 0.037132 0.309374
vn -0.011638 -0.999932 0.000000
f 5143/5143/5143 5144/5144/5144 5145/5145/5145
v 0.710967 1.344983 11.036813 0.91030 0.91260 0.89190
vt 0.017261 0.304223
vn -0.011638 -0.999932 -0.000000
v 0.340725 1.349293 10.781770 0.91030 0.91260 0.89190
vt 0.037132 0.309374
vn -0.011638 -0.999932 -0.000000
v 0.710967 1.344983 10.781770 0.91030 0.91260 0.89190
vt 0.017091 0.308599
vn -0.011638 -0.999932 -0.000000
f 5146/5146/5146 5147/5147/5147 5148/5148/5148
v 0.340725 1.349293 11.036813 0.91030 0.91260 0.89190
vt 0.037300 0.305003
vn -0.998413 0.056321 0.000000
v 0.350206 1.517366 11.036811 0.91030 0.91260 0.89190
vt 0.057329 0.305760
vn -0.998413 0.056321 0.000000
v 0.350206 1.517366 10.781767 0.91030 0.91260 0.89190
vt 0.057159 0.310144
vn -0.998413 0.056321 0.000000
f 5149/5149/5149 5150/5150/5150 5151/5151/5151
v 0.340725 1.349293 11.036813 0.91030 0.91260 0.89190
vt 0.037300 0.305003
vn -0.998413 0.056321 0.000000
v 0.350206 1.517366 10.781767 0.91030 0.91260 0.89190
vt 0.057159 0.310144
vn -0.998413 0.056321 0.000000
v 0.340725 1.349293 10.781770 0.91030 0.91260 0.89190
vt 0.037132 0.309374
vn -0.998413 0.056321 0.000000
f 5152/5152/5152 5153/5153/5153 5154/5154/5154
v 0.693253 1.030464 11.036819 0.74724 0.19997 0.17323
vt 0.388307 0.774331
vn 0.011638 0.999932 -0.000000
v 0.693253 1.030464 11.301091 0.74724 0.19997 0.17323
vt 0.385120 0.774260
vn 0.011638 0.999932 -0.000000
v 1.160243 1.025029 11.301090 0.74724 0.19997 0.17323
vt 0.385534 0.756474
vn 0.011638 0.999932 -0.000000
f 5155/5155/5155 5156/5156/5156 5157/5157/5157
v 0.693253 1.030464 11.036819 0.74724 0.16374 0.14908
vt 0.388307 0.774331
vn 0.011638 0.999932 0.000000
v 1.160243 1.025029 11.301090 0.74724 0.16374 0.14908
vt 0.385534 0.756474
vn 0.011638 0.999932 0.000000
v 1.160243 1.025029 11.036818 0.74724 0.16374 0.14908
vt 0.388739 0.756552
vn 0.011638 0.999932 0.000000
f 5158/5158/5158 5159/5159/5159 5160/5160/5160
v 0.693253 1.030464 11.301091 0.17352 0.26942 0.33327
vt 0.385627 0.841074
vn 0.000003 0.000013 1.000000
v 0.683292 0.853885 11.301094 0.17352 0.26942 0.33327
vt 0.400422 0.841873
vn 0.000003 0.000013 1.000000
v 1.150282 0.848449 11.301093 0.17352 0.26942 0.33327
vt 0.399413 0.859665
vn 0.000003 0.000013 1.000000
f 5161/5161/5161 5162/5162/5162 5163/5163/5163
v 0.693253 1.030464 11.301091 0.17654 0.28452 0.34535
vt 0.385627 0.841074
vn 0.000003 0.000013 1.000000
v 1.150282 0.848449 11.301093 0.17654 0.28452 0.34535
vt 0.399413 0.859665
vn 0.000003 0.000013 1.000000
v 1.160243 1.025029 11.301090 0.17654 0.28452 0.34535
vt 0.384614 0.858813
vn 0.000003 0.000013 1.000000
f 5164/5164/5164 5165/5165/5165 5166/5166/5166
v 0.683292 0.853885 11.301094 0.75026 0.15166 0.14002
vt 0.406294 0.774801
vn -0.011638 -0.999932 0.000000
v 0.683292 0.853885 11.036821 0.75026 0.15166 0.14002
vt 0.403107 0.774727
vn -0.011638 -0.999932 0.000000
v 1.150282 0.848449 11.036820 0.75026 0.15166 0.14002
vt 0.403547 0.756927
vn -0.011638 -0.999932 0.000000
f 5167/5167/5167 5168/5168/5168 5169/5169/5169
v 0.683292 0.853885 11.301094 0.75630 0.15166 0.14606
vt 0.406294 0.774801
vn -0.011638 -0.999932 0.000000
v 1.150282 0.848449 11.036820 0.75630 0.15166 0.14606
vt 0.403547 0.756927
vn -0.011638 -0.999932 0.000000
v 1.150282 0.848449 11.301093 0.75630 0.15166 0.14606
vt 0.406741 0.757009
vn -0.011638 -0.999932 0.000000
f 5170/5170/5170 5171/5171/5171 5172/5172/5172
v 0.683292 0.853885 11.036821 0.72006 0.20299 0.16719
vt 0.403107 0.774727
vn -0.000003 -0.000013 -1.000000
v 0.693253 1.030464 11.036819 0.72006 0.20299 0.16719
vt 0.388307 0.774331
vn -0.000003 -0.000013 -1.000000
v 1.160243 1.025029 11.036818 0.72006 0.20299 0.16719
vt 0.388739 0.756552
vn -0.000003 -0.000013 -1.000000
f 5173/5173/5173 5174/5174/5174 5175/5175/5175
v 0.683292 0.853885 11.036821 0.76234 0.17884 0.15512
vt 0.403107 0.774727
vn -0.000003 -0.000013 -1.000000
v 1.160243 1.025029 11.036818 0.76234 0.17884 0.15512
vt 0.388739 0.756552
vn -0.000003 -0.000013 -1.000000
v 1.150282 0.848449 11.036820 0.76234 0.17884 0.15512
vt 0.403547 0.756927
vn -0.000003 -0.000013 -1.000000
f 5176/5176/5176 5177/5177/5177 5178/5178/5178
v 0.323011 1.035278 11.301091 0.73516 0.19695 0.16115
vt 0.384663 0.788289
vn 0.011638 0.999932 0.000001
v 0.323011 1.035279 11.036819 0.73516 0.19695 0.16115
vt 0.387871 0.788398
vn 0.011638 0.999932 0.000001
v -0.143979 1.040714 11.036819 0.73516 0.19695 0.16115
vt 0.387297 0.806156
vn 0.011638 0.999932 0.000001
f 5179/5179/5179 5180/5180/5180 5181/5181/5181
v 0.323011 1.035278 11.301091 0.75630 0.17280 0.17021
vt 0.384663 0.788289
vn 0.011638 0.999932 0.000001
v -0.143979 1.040714 11.036819 0.75630 0.17280 0.17021
vt 0.387297 0.806156
vn 0.011638 0.999932 0.000001
v -0.143979 1.040714 11.301091 0.75630 0.17280 0.17021
vt 0.384124 0.806065
vn 0.011638 0.999932 0.000001
f 5182/5182/5182 5183/5183/5183 5184/5184/5184
v 0.323011 1.035279 11.036819 0.72308 0.19393 0.17323
vt 0.387871 0.788398
vn -0.000000 -0.000013 -1.000000
v 0.313050 0.858699 11.036821 0.72308 0.19393 0.17323
vt 0.402676 0.788865
vn -0.000000 -0.000013 -1.000000
v -0.153940 0.864134 11.036821 0.72308 0.19393 0.17323
vt 0.402099 0.806677
vn -0.000000 -0.000013 -1.000000
f 5185/5185/5185 5186/5186/5186 5187/5187/5187
v 0.323011 1.035279 11.036819 0.74422 0.17280 0.16719
vt 0.387871 0.788398
vn -0.000000 -0.000013 -1.000000
v -0.153940 0.864134 11.036821 0.74422 0.17280 0.16719
vt 0.402099 0.806677
vn -0.000000 -0.000013 -1.000000
v -0.143979 1.040714 11.036819 0.74422 0.17280 0.16719
vt 0.387297 0.806156
vn -0.000000 -0.000013 -1.000000
f 5188/5188/5188 5189/5189/5189 5190/5190/5190
v 0.313050 0.858699 11.036821 0.74120 0.19997 0.18531
vt 0.402676 0.788865
vn -0.011638 -0.999932 -0.000001
v 0.313050 0.858699 11.301094 0.74120 0.19997 0.18531
vt 0.405885 0.788979
vn -0.011638 -0.999932 -0.000001
v -0.153940 0.864134 11.301094 0.74120 0.19997 0.18531
vt 0.405282 0.806772
vn -0.011638 -0.999932 -0.000001
f 5191/5191/5191 5192/5192/5192 5193/5193/5193
v 0.313050 0.858699 11.036821 0.72610 0.18185 0.17927
vt 0.402676 0.788865
vn -0.011638 -0.999932 -0.000001
v -0.153940 0.864134 11.301094 0.72610 0.18185 0.17927
vt 0.405282 0.806772
vn -0.011638 -0.999932 -0.000001
v -0.153940 0.864134 11.036821 0.72610 0.18185 0.17927
vt 0.402099 0.806677
vn -0.011638 -0.999932 -0.000001
f 5194/5194/5194 5195/5195/5195 5196/5196/5196
v 0.313050 0.858699 11.301094 0.16446 0.26942 0.33025
vt 0.401127 0.827745
vn 0.000000 0.000013 1.000000
v 0.323011 1.035278 11.301091 0.16446 0.26942 0.33025
vt 0.386329 0.827020
vn 0.000000 0.000013 1.000000
v -0.143979 1.040714 11.301091 0.16446 0.26942 0.33025
vt 0.387175 0.809290
vn 0.000000 0.000013 1.000000
f 5197/5197/5197 5198/5198/5198 5199/5199/5199
v 0.313050 0.858699 11.301094 0.16446 0.26942 0.33025
vt 0.401127 0.827745
vn 0.000000 0.000013 1.000000
v -0.143979 1.040714 11.301091 0.16446 0.26942 0.33025
vt 0.387175 0.809290
vn 0.000000 0.000013 1.000000
v -0.153940 0.864134 11.301094 0.16446 0.26942 0.33025
vt 0.401963 0.809927
vn 0.000000 0.000013 1.000000
f 5200/5200/5200 5201/5201/5201 5202/5202/5202
v 0.662209 3.142686 -6.373439 0.69591 0.19695 0.17323
vt 0.223876 0.834162
vn -0.000120 0.967171 -0.254128
v 0.662209 2.488525 -8.863074 0.69591 0.19695 0.17323
vt 0.224010 0.774801
vn -0.000120 0.967171 -0.254128
v 0.432380 2.580030 -8.514713 0.69591 0.19695 0.17323
vt 0.232332 0.783139
vn -0.000120 0.967171 -0.254128
f 5203/5203/5203 5204/5204/5204 5205/5205/5205
v 0.662209 3.142686 -6.373439 0.74724 0.18185 0.17323
vt 0.223876 0.834162
vn -0.000099 0.967170 -0.254130
v 0.432380 2.580030 -8.514713 0.74724 0.18185 0.17323
vt 0.232332 0.783139
vn -0.000099 0.967170 -0.254130
v 0.432380 3.051128 -6.721800 0.74724 0.18185 0.17323
vt 0.232264 0.825877
vn -0.000099 0.967170 -0.254130
f 5206/5206/5206 5207/5207/5207 5208/5208/5208
v 0.662209 2.488525 -8.863074 0.74724 0.20299 0.18833
vt 0.224010 0.774801
vn -0.000086 0.967173 -0.254121
v 0.000000 2.488466 -8.863074 0.74724 0.20299 0.18833
vt 0.248078 0.774962
vn -0.000086 0.967173 -0.254121
v -0.000000 2.579992 -8.514730 0.74724 0.20299 0.18833
vt 0.248054 0.783273
vn -0.000086 0.967173 -0.254121
f 5209/5209/5209 5210/5210/5210 5211/5211/5211
v 0.662209 2.488525 -8.863074 0.72610 0.21507 0.18833
vt 0.224010 0.774801
vn -0.000074 0.967178 -0.254099
v -0.000000 2.579992 -8.514730 0.72610 0.21507 0.18833
vt 0.248054 0.783273
vn -0.000074 0.967178 -0.254099
v 0.432380 2.580030 -8.514713 0.72610 0.21507 0.18833
vt 0.232332 0.783139
vn -0.000074 0.967178 -0.254099
f 5212/5212/5212 5213/5213/5213 5214/5214/5214
v 0.000000 2.488466 -8.863074 0.72308 0.32378 0.30912
vt 0.248078 0.774962
vn 0.000086 0.967176 -0.254107
v -0.662209 2.488525 -8.863074 0.72308 0.32378 0.30912
vt 0.272149 0.774937
vn 0.000086 0.967176 -0.254107
v -0.432380 2.580030 -8.514713 0.72308 0.32378 0.30912
vt 0.263785 0.783237
vn 0.000086 0.967176 -0.254107
f 5215/5215/5215 5216/5216/5216 5217/5217/5217
v 0.000000 2.488466 -8.863074 0.73818 0.16374 0.13398
vt 0.248078 0.774962
vn 0.000074 0.967173 -0.254121
v -0.432380 2.580030 -8.514713 0.73818 0.16374 0.13398
vt 0.263785 0.783237
vn 0.000074 0.967173 -0.254121
v -0.000000 2.579992 -8.514730 0.73818 0.16374 0.13398
vt 0.248054 0.783273
vn 0.000074 0.967173 -0.254121
f 5218/5218/5218 5219/5219/5219 5220/5220/5220
v -0.662209 2.488525 -8.863074 0.14634 0.26036 0.30006
vt 0.272149 0.774937
vn 0.000103 0.967171 -0.254128
v -0.662209 3.142686 -6.373439 0.14634 0.26036 0.30006
vt 0.272127 0.834290
vn 0.000103 0.967171 -0.254128
v -0.432380 3.051128 -6.721800 0.14634 0.26036 0.30006
vt 0.263769 0.825972
vn 0.000103 0.967171 -0.254128
f 5221/5221/5221 5222/5222/5222 5223/5223/5223
v -0.662209 2.488525 -8.863074 0.70497 0.16676 0.12190
vt 0.272149 0.774937
vn 0.000124 0.967170 -0.254130
v -0.432380 3.051128 -6.721800 0.70497 0.16676 0.12190
vt 0.263769 0.825972
vn 0.000124 0.967170 -0.254130
v -0.432380 2.580030 -8.514713 0.70497 0.16676 0.12190
vt 0.263785 0.783237
vn 0.000124 0.967170 -0.254130
f 5224/5224/5224 5225/5225/5225 5226/5226/5226
v -0.662209 3.142686 -6.373439 0.22787 0.27848 0.34233
vt 0.272127 0.834290
vn 0.000136 0.967172 -0.254121
v 0.000000 3.142593 -6.373439 0.22787 0.27848 0.34233
vt 0.247999 0.834141
vn 0.000136 0.967172 -0.254121
v 0.000000 3.051067 -6.721782 0.22787 0.27848 0.34233
vt 0.248020 0.825837
vn 0.000136 0.967172 -0.254121
f 5227/5227/5227 5228/5228/5228 5229/5229/5229
v -0.662209 3.142686 -6.373439 0.16748 0.26640 0.33629
vt 0.272127 0.834290
vn 0.000148 0.967178 -0.254099
v 0.000000 3.051067 -6.721782 0.16748 0.26640 0.33629
vt 0.248020 0.825837
vn 0.000148 0.967178 -0.254099
v -0.432380 3.051128 -6.721800 0.16748 0.26640 0.33629
vt 0.263769 0.825972
vn 0.000148 0.967178 -0.254099
f 5230/5230/5230 5231/5231/5231 5232/5232/5232
v 0.000000 3.142593 -6.373439 0.74422 0.16978 0.15814
vt 0.247999 0.834141
vn -0.000136 0.967176 -0.254107
v 0.662209 3.142686 -6.373439 0.74422 0.16978 0.15814
vt 0.223876 0.834162
vn -0.000136 0.967176 -0.254107
v 0.432380 3.051128 -6.721800 0.74422 0.16978 0.15814
vt 0.232264 0.825877
vn -0.000136 0.967176 -0.254107
f 5233/5233/5233 5234/5234/5234 5235/5235/5235
v 0.000000 3.142593 -6.373439 0.66269 0.28754 0.26382
vt 0.247999 0.834141
vn -0.000148 0.967172 -0.254121
v 0.432380 3.051128 -6.721800 0.66269 0.28754 0.26382
vt 0.232264 0.825877
vn -0.000148 0.967172 -0.254121
v 0.000000 3.051067 -6.721782 0.66269 0.28754 0.26382
vt 0.248020 0.825837
vn -0.000148 0.967172 -0.254121
f 5236/5236/5236 5237/5237/5237 5238/5238/5238
v 0.432380 3.051128 -6.721800 0.71403 0.19997 0.17927
vt 0.109981 0.688729
vn 0.958807 0.274733 -0.072188
v 0.432380 2.580030 -8.514713 0.71403 0.19997 0.17927
vt 0.110623 0.638493
vn 0.958807 0.274733 -0.072188
v 0.156442 3.727506 -7.812681 0.71403 0.19997 0.17927
vt 0.154224 0.737688
vn 0.958807 0.274733 -0.072188
f 5239/5239/5239 5240/5240/5240 5241/5241/5241
v 0.432380 3.051128 -6.721800 0.69893 0.26036 0.24268
vt 0.109981 0.688729
vn 0.924478 0.381228 0.002525
v 0.156442 3.727506 -7.812681 0.69893 0.26036 0.24268
vt 0.154224 0.737688
vn 0.924478 0.381228 0.002525
v 0.156442 3.725322 -7.482903 0.69893 0.26036 0.24268
vt 0.150321 0.739614
vn 0.924478 0.381228 0.002525
f 5242/5242/5242 5243/5243/5243 5244/5244/5244
v 0.432380 2.580030 -8.514713 0.75630 0.14260 0.14304
vt 0.110623 0.638493
vn -0.000012 0.521877 -0.853021
v -0.000000 2.579992 -8.514730 0.75630 0.14260 0.14304
vt 0.128138 0.632961
vn -0.000012 0.521877 -0.853021
v -0.000000 3.727501 -7.812686 0.75630 0.14260 0.14304
vt 0.160565 0.735687
vn -0.000012 0.521877 -0.853021
f 5245/5245/5245 5246/5246/5246 5247/5247/5247
v 0.432380 2.580030 -8.514713 0.73214 0.16978 0.15512
vt 0.110623 0.638493
vn 0.000007 0.521882 -0.853018
v -0.000000 3.727501 -7.812686 0.73214 0.16978 0.15512
vt 0.160565 0.735687
vn 0.000007 0.521882 -0.853018
v 0.156442 3.727506 -7.812681 0.73214 0.16978 0.15512
vt 0.154224 0.737688
vn 0.000007 0.521882 -0.853018
f 5248/5248/5248 5249/5249/5249 5250/5250/5250
v -0.000000 2.579992 -8.514730 0.71403 0.21809 0.17927
vt 0.128138 0.632961
vn 0.000012 0.521879 -0.853020
v -0.432380 2.580030 -8.514713 0.71403 0.21809 0.17927
vt 0.145657 0.627437
vn 0.000012 0.521879 -0.853020
v -0.156442 3.727506 -7.812681 0.71403 0.21809 0.17927
vt 0.166907 0.733687
vn 0.000012 0.521879 -0.853020
f 5251/5251/5251 5252/5252/5252 5253/5253/5253
v -0.000000 2.579992 -8.514730 0.72006 0.18487 0.16719
vt 0.128138 0.632961
vn -0.000007 0.521877 -0.853021
v -0.156442 3.727506 -7.812681 0.72006 0.18487 0.16719
vt 0.166907 0.733687
vn -0.000007 0.521877 -0.853021
v -0.000000 3.727501 -7.812686 0.72006 0.18487 0.16719
vt 0.160565 0.735687
vn -0.000007 0.521877 -0.853021
f 5254/5254/5254 5255/5255/5255 5256/5256/5256
v -0.432380 2.580030 -8.514713 0.76234 0.15468 0.15512
vt 0.145657 0.627437
vn -0.950651 0.300078 -0.078847
v -0.432380 3.051128 -6.721800 0.76234 0.15468 0.15512
vt 0.175027 0.668200
vn -0.950651 0.300078 -0.078847
v -0.156442 3.725322 -7.482903 0.76234 0.15468 0.15512
vt 0.171215 0.733026
vn -0.950651 0.300078 -0.078847
f 5257/5257/5257 5258/5258/5258 5259/5259/5259
v -0.432380 2.580030 -8.514713 0.72912 0.21507 0.20343
vt 0.145657 0.627437
vn -0.972496 0.232916 0.001543
v -0.156442 3.725322 -7.482903 0.72912 0.21507 0.20343
vt 0.171215 0.733026
vn -0.972496 0.232916 0.001543
v -0.156442 3.727506 -7.812681 0.72912 0.21507 0.20343
vt 0.166907 0.733687
vn -0.972496 0.232916 0.001543
f 5260/5260/5260 5261/5261/5261 5262/5262/5262
v -0.432380 3.051128 -6.721800 0.75328 0.17582 0.15814
vt 0.175027 0.668200
vn 0.000080 0.748539 0.663091
v 0.000000 3.051067 -6.721782 0.75328 0.17582 0.15814
vt 0.192868 0.672561
vn 0.000080 0.748539 0.663091
v -0.000000 3.725303 -7.482903 0.75328 0.17582 0.15814
vt 0.177675 0.734608
vn 0.000080 0.748539 0.663091
f 5263/5263/5263 5264/5264/5264 5265/5265/5265
v -0.432380 3.051128 -6.721800 0.72912 0.22413 0.19437
vt 0.175027 0.668200
vn 0.000087 0.748537 0.663093
v -0.000000 3.725303 -7.482903 0.72912 0.22413 0.19437
vt 0.177675 0.734608
vn 0.000087 0.748537 0.663093
v -0.156442 3.725322 -7.482903 0.72912 0.22413 0.19437
vt 0.171215 0.733026
vn 0.000087 0.748537 0.663093
f 5266/5266/5266 5267/5267/5267 5268/5268/5268
v 0.000000 3.051067 -6.721782 0.72912 0.21809 0.19135
vt 0.192868 0.672561
vn -0.000080 0.748538 0.663092
v 0.432380 3.051128 -6.721800 0.72912 0.21809 0.19135
vt 0.210707 0.676934
vn -0.000080 0.748538 0.663092
v 0.156442 3.725322 -7.482903 0.72912 0.21809 0.19135
vt 0.184131 0.736190
vn -0.000080 0.748538 0.663092
f 5269/5269/5269 5270/5270/5270 5271/5271/5271
v 0.000000 3.051067 -6.721782 0.73214 0.17582 0.15814
vt 0.192868 0.672561
vn -0.000087 0.748539 0.663091
v 0.156442 3.725322 -7.482903 0.73214 0.17582 0.15814
vt 0.184131 0.736190
vn -0.000087 0.748539 0.663091
v -0.000000 3.725303 -7.482903 0.73214 0.17582 0.15814
vt 0.177675 0.734608
vn -0.000087 0.748539 0.663091
f 5272/5272/5272 5273/5273/5273 5274/5274/5274
v 0.156442 3.727506 -7.812681 0.24901 0.28452 0.31515
vt 0.386937 0.981092
vn 1.000000 -0.000000 -0.000000
v 0.156442 4.629391 -7.800885 0.24901 0.28452 0.31515
vt 0.388099 0.872908
vn 1.000000 -0.000000 -0.000000
v 0.156442 4.627206 -7.471106 0.24901 0.28452 0.31515
vt 0.393795 0.873220
vn 1.000000 -0.000000 -0.000000
f 5275/5275/5275 5276/5276/5276 5277/5277/5277
v 0.156442 3.727506 -7.812681 0.51171 0.29358 0.27288
vt 0.386937 0.981092
vn 1.000000 -0.000000 -0.000000
v 0.156442 4.627206 -7.471106 0.51171 0.29358 0.27288
vt 0.393795 0.873220
vn 1.000000 -0.000000 -0.000000
v 0.156442 3.725322 -7.482903 0.51171 0.29358 0.27288
vt 0.392641 0.981405
vn 1.000000 -0.000000 -0.000000
f 5278/5278/5278 5279/5279/5279 5280/5280/5280
v -0.000000 3.727501 -7.812686 0.14030 0.24829 0.34233
vt 0.378408 0.981000
vn 0.000022 0.013080 -0.999914
v -0.000000 4.629385 -7.800888 0.14030 0.24829 0.34233
vt 0.379580 0.872816
vn 0.000022 0.013080 -0.999914
v 0.156442 4.629391 -7.800885 0.14030 0.24829 0.34233
vt 0.388099 0.872908
vn 0.000022 0.013080 -0.999914
f 5281/5281/5281 5282/5282/5282 5283/5283/5283
v -0.000000 3.727501 -7.812686 0.51473 0.29660 0.28194
vt 0.378408 0.981000
vn 0.000029 0.013079 -0.999914
v 0.156442 4.629391 -7.800885 0.51473 0.29660 0.28194
vt 0.388099 0.872908
vn 0.000029 0.013079 -0.999914
v 0.156442 3.727506 -7.812681 0.51473 0.29660 0.28194
vt 0.386937 0.981092
vn 0.000029 0.013079 -0.999914
f 5284/5284/5284 5285/5285/5285 5286/5286/5286
v -0.156442 3.727506 -7.812681 0.27014 0.31472 0.36951
vt 0.369882 0.980907
vn -0.000022 0.013079 -0.999914
v -0.156442 4.629391 -7.800885 0.27014 0.31472 0.36951
vt 0.371058 0.872722
vn -0.000022 0.013079 -0.999914
v -0.000000 4.629385 -7.800888 0.27014 0.31472 0.36951
vt 0.379580 0.872816
vn -0.000022 0.013079 -0.999914
f 5287/5287/5287 5288/5288/5288 5289/5289/5289
v -0.156442 3.727506 -7.812681 0.51473 0.29962 0.27590
vt 0.369882 0.980907
vn -0.000029 0.013080 -0.999914
v -0.000000 4.629385 -7.800888 0.51473 0.29962 0.27590
vt 0.379580 0.872816
vn -0.000029 0.013080 -0.999914
v -0.000000 3.727501 -7.812686 0.51473 0.29962 0.27590
vt 0.378408 0.981000
vn -0.000029 0.013080 -0.999914
f 5290/5290/5290 5291/5291/5291 5292/5292/5292
v -0.156442 3.725322 -7.482903 0.20069 0.28754 0.33327
vt 0.364176 0.981096
vn -1.000000 -0.000000 -0.000000
v -0.156442 4.627206 -7.471106 0.20069 0.28754 0.33327
vt 0.365354 0.872911
vn -1.000000 -0.000000 -0.000000
v -0.156442 4.629391 -7.800885 0.20069 0.28754 0.33327
vt 0.371058 0.872722
vn -1.000000 -0.000000 -0.000000
f 5293/5293/5293 5294/5294/5294 5295/5295/5295
v -0.156442 3.725322 -7.482903 0.50869 0.29962 0.26684
vt 0.364176 0.981096
vn -1.000000 0.000000 -0.000000
v -0.156442 4.629391 -7.800885 0.50869 0.29962 0.26684
vt 0.371058 0.872722
vn -1.000000 0.000000 -0.000000
v -0.156442 3.727506 -7.812681 0.50869 0.29962 0.26684
vt 0.369882 0.980907
vn -1.000000 0.000000 -0.000000
f 5296/5296/5296 5297/5297/5297 5298/5298/5298
v -0.000000 3.725303 -7.482903 0.19163 0.28150 0.32119
vt 0.401167 0.981498
vn -0.000002 -0.013079 0.999914
v -0.000000 4.627188 -7.471106 0.19163 0.28150 0.32119
vt 0.402316 0.873314
vn -0.000002 -0.013079 0.999914
v -0.156442 4.627206 -7.471106 0.19163 0.28150 0.32119
vt 0.410840 0.873402
vn -0.000002 -0.013079 0.999914
f 5299/5299/5299 5300/5300/5300 5301/5301/5301
v -0.000000 3.725303 -7.482903 0.50869 0.29056 0.26986
vt 0.401167 0.981498
vn -0.000002 -0.013079 0.999914
v -0.156442 4.627206 -7.471106 0.50869 0.29056 0.26986
vt 0.410840 0.873402
vn -0.000002 -0.013079 0.999914
v -0.156442 3.725322 -7.482903 0.50869 0.29056 0.26986
vt 0.409691 0.981586
vn -0.000002 -0.013079 0.999914
f 5302/5302/5302 5303/5303/5303 5304/5304/5304
v 0.156442 3.725322 -7.482903 0.27014 0.30264 0.30610
vt 0.392641 0.981405
vn 0.000002 -0.013079 0.999914
v 0.156442 4.627206 -7.471106 0.27014 0.30264 0.30610
vt 0.393795 0.873220
vn 0.000002 -0.013079 0.999914
v -0.000000 4.627188 -7.471106 0.27014 0.30264 0.30610
vt 0.402316 0.873314
vn 0.000002 -0.013079 0.999914
f 5305/5305/5305 5306/5306/5306 5307/5307/5307
v 0.156442 3.725322 -7.482903 0.51473 0.29962 0.26382
vt 0.392641 0.981405
vn 0.000002 -0.013079 0.999914
v -0.000000 4.627188 -7.471106 0.51473 0.29962 0.26382
vt 0.402316 0.873314
vn 0.000002 -0.013079 0.999914
v -0.000000 3.725303 -7.482903 0.51473 0.29962 0.26382
vt 0.401167 0.981498
vn 0.000002 -0.013079 0.999914
f 5308/5308/5308 5309/5309/5309 5310/5310/5310
v 1.093147 4.629391 -7.800887 0.91030 0.91260 0.89190
vt 0.038681 0.180335
vn 1.000000 0.000000 -0.000000
v 1.093147 4.835844 -7.798187 0.91030 0.91260 0.89190
vt 0.037308 0.161303
vn 1.000000 0.000000 -0.000000
v 1.093147 4.833659 -7.468408 0.91030 0.91260 0.89190
vt 0.041705 0.161178
vn 1.000000 0.000000 -0.000000
f 5311/5311/5311 5312/5312/5312 5313/5313/5313
v 1.093147 4.629391 -7.800887 0.91030 0.91260 0.89190
vt 0.038681 0.180335
vn 1.000000 0.000000 -0.000000
v 1.093147 4.833659 -7.468408 0.91030 0.91260 0.89190
vt 0.041705 0.161178
vn 1.000000 0.000000 -0.000000
v 1.093147 4.627206 -7.471108 0.91030 0.91260 0.89190
vt 0.043078 0.180211
vn 1.000000 0.000000 -0.000000
f 5314/5314/5314 5315/5315/5315 5316/5316/5316
v -0.000000 4.835838 -7.798188 0.71705 0.71935 0.69865
vt 0.035998 0.115429
vn 0.000026 0.013080 -0.999914
v 0.156442 4.835844 -7.798184 0.71705 0.71935 0.69865
vt 0.036187 0.121994
vn 0.000026 0.013080 -0.999914
v 0.156442 4.629391 -7.800885 0.71705 0.71935 0.69865
vt 0.017113 0.122541
vn 0.000026 0.013080 -0.999914
f 5317/5317/5317 5318/5318/5318 5319/5319/5319
v -0.000000 4.835838 -7.798188 0.64759 0.64989 0.62919
vt 0.035998 0.115429
vn 0.000022 0.013078 -0.999914
v 0.156442 4.629391 -7.800885 0.64759 0.64989 0.62919
vt 0.017113 0.122541
vn 0.000022 0.013078 -0.999914
v -0.000000 4.629385 -7.800888 0.64759 0.64989 0.62919
vt 0.016924 0.115980
vn 0.000022 0.013078 -0.999914
f 5320/5320/5320 5321/5321/5321 5322/5322/5322
v -0.156442 4.835844 -7.798184 0.75328 0.75558 0.73488
vt 0.035807 0.108864
vn -0.000026 0.013078 -0.999914
v -0.000000 4.835838 -7.798188 0.75328 0.75558 0.73488
vt 0.035998 0.115429
vn -0.000026 0.013078 -0.999914
v -0.000000 4.629385 -7.800888 0.75328 0.75558 0.73488
vt 0.016924 0.115980
vn -0.000026 0.013078 -0.999914
f 5323/5323/5323 5324/5324/5324 5325/5325/5325
v -0.156442 4.835844 -7.798184 0.69289 0.69519 0.67449
vt 0.035807 0.108864
vn -0.000022 0.013080 -0.999914
v -0.000000 4.629385 -7.800888 0.69289 0.69519 0.67449
vt 0.016924 0.115980
vn -0.000022 0.013080 -0.999914
v -0.156442 4.629391 -7.800885 0.69289 0.69519 0.67449
vt 0.016734 0.109419
vn -0.000022 0.013080 -0.999914
f 5326/5326/5326 5327/5327/5327 5328/5328/5328
v -1.093147 4.833659 -7.468407 0.91030 0.91260 0.89190
vt 0.039053 0.069428
vn -1.000000 0.000000 -0.000000
v -1.093147 4.835844 -7.798186 0.91030 0.91260 0.89190
vt 0.034657 0.069556
vn -1.000000 0.000000 -0.000000
v -1.093147 4.629391 -7.800887 0.91030 0.91260 0.89190
vt 0.034928 0.050477
vn -1.000000 0.000000 -0.000000
f 5329/5329/5329 5330/5330/5330 5331/5331/5331
v -1.093147 4.833659 -7.468407 0.91030 0.91260 0.89190
vt 0.039053 0.069428
vn -1.000000 0.000000 0.000000
v -1.093147 4.629391 -7.800887 0.91030 0.91260 0.89190
vt 0.034928 0.050477
vn -1.000000 0.000000 0.000000
v -1.093147 4.627206 -7.471108 0.91030 0.91260 0.89190
vt 0.039324 0.050347
vn -1.000000 0.000000 0.000000
f 5332/5332/5332 5333/5333/5333 5334/5334/5334
v -0.000000 4.833641 -7.468406 0.73818 0.74048 0.71978
vt 0.040395 0.115302
vn -0.000002 -0.013078 0.999914
v -0.156442 4.833659 -7.468406 0.73818 0.74048 0.71978
vt 0.040204 0.108737
vn -0.000002 -0.013078 0.999914
v -0.156442 4.627206 -7.471106 0.73818 0.74048 0.71978
vt 0.059277 0.108182
vn -0.000002 -0.013078 0.999914
f 5335/5335/5335 5336/5336/5336 5337/5337/5337
v -0.000000 4.833641 -7.468406 0.81669 0.81899 0.79829
vt 0.040395 0.115302
vn -0.000002 -0.013078 0.999914
v -0.156442 4.627206 -7.471106 0.81669 0.81899 0.79829
vt 0.059277 0.108182
vn -0.000002 -0.013078 0.999914
v -0.000000 4.627188 -7.471106 0.81669 0.81899 0.79829
vt 0.059470 0.114751
vn -0.000002 -0.013078 0.999914
f 5338/5338/5338 5339/5339/5339 5340/5340/5340
v 0.156442 4.833659 -7.468406 0.71705 0.71935 0.69865
vt 0.040583 0.121868
vn 0.000002 -0.013078 0.999914
v -0.000000 4.833641 -7.468406 0.71705 0.71935 0.69865
vt 0.040395 0.115302
vn 0.000002 -0.013078 0.999914
v -0.000000 4.627188 -7.471106 0.71705 0.71935 0.69865
vt 0.059470 0.114751
vn 0.000002 -0.013078 0.999914
f 5341/5341/5341 5342/5342/5342 5343/5343/5343
v 0.156442 4.833659 -7.468406 0.75328 0.75558 0.73488
vt 0.040583 0.121868
vn 0.000002 -0.013078 0.999914
v -0.000000 4.627188 -7.471106 0.75328 0.75558 0.73488
vt 0.059470 0.114751
vn 0.000002 -0.013078 0.999914
v 0.156442 4.627206 -7.471106 0.75328 0.75558 0.73488
vt 0.059657 0.121319
vn 0.000002 -0.013078 0.999914
f 5344/5344/5344 5345/5345/5345 5346/5346/5346
v 0.156442 4.835844 -7.798184 0.91030 0.91260 0.89190
vt 0.036187 0.121994
vn 0.000000 0.999978 0.006625
v 0.156442 4.833659 -7.468406 0.91030 0.91260 0.89190
vt 0.040583 0.121868
vn 0.000000 0.999978 0.006625
v 1.093147 4.833659 -7.468408 0.91030 0.91260 0.89190
vt 0.041705 0.161178
vn 0.000000 0.999978 0.006625
f 5347/5347/5347 5348/5348/5348 5349/5349/5349
v 0.156442 4.835844 -7.798184 0.91030 0.91260 0.89190
vt 0.036187 0.121994
vn 0.000000 0.999978 0.006625
v 1.093147 4.833659 -7.468408 0.91030 0.91260 0.89190
vt 0.041705 0.161178
vn 0.000000 0.999978 0.006625
v 1.093147 4.835844 -7.798187 0.91030 0.91260 0.89190
vt 0.037308 0.161303
vn 0.000000 0.999978 0.006625
f 5350/5350/5350 5351/5351/5351 5352/5352/5352
v 0.156442 4.833659 -7.468406 0.91030 0.91260 0.89190
vt 0.040583 0.121868
vn 0.000002 -0.013078 0.999914
v 0.156442 4.627206 -7.471106 0.91030 0.91260 0.89190
vt 0.059657 0.121319
vn 0.000002 -0.013078 0.999914
v 1.093147 4.627206 -7.471108 0.91030 0.91260 0.89190
vt 0.060780 0.160631
vn 0.000002 -0.013078 0.999914
f 5353/5353/5353 5354/5354/5354 5355/5355/5355
v 0.156442 4.833659 -7.468406 0.91030 0.91260 0.89190
vt 0.040583 0.121868
vn 0.000002 -0.013078 0.999914
v 1.093147 4.627206 -7.471108 0.91030 0.91260 0.89190
vt 0.060780 0.160631
vn 0.000002 -0.013078 0.999914
v 1.093147 4.833659 -7.468408 0.91030 0.91260 0.89190
vt 0.041705 0.161178
vn 0.000002 -0.013078 0.999914
f 5356/5356/5356 5357/5357/5357 5358/5358/5358
v 0.156442 4.627206 -7.471106 0.91030 0.91260 0.89190
vt 0.044178 0.219522
vn -0.000000 -0.999978 -0.006625
v 0.156442 4.629391 -7.800885 0.91030 0.91260 0.89190
vt 0.039781 0.219645
vn -0.000000 -0.999978 -0.006625
v 1.093147 4.629391 -7.800887 0.91030 0.91260 0.89190
vt 0.038681 0.180335
vn -0.000000 -0.999978 -0.006625
f 5359/5359/5359 5360/5360/5360 5361/5361/5361
v 0.156442 4.627206 -7.471106 0.91030 0.91260 0.89190
vt 0.044178 0.219522
vn -0.000000 -0.999978 -0.006625
v 1.093147 4.629391 -7.800887 0.91030 0.91260 0.89190
vt 0.038681 0.180335
vn -0.000000 -0.999978 -0.006625
v 1.093147 4.627206 -7.471108 0.91030 0.91260 0.89190
vt 0.043078 0.180211
vn -0.000000 -0.999978 -0.006625
f 5362/5362/5362 5363/5363/5363 5364/5364/5364
v 0.156442 4.629391 -7.800885 0.90728 0.90958 0.88888
vt 0.017113 0.122541
vn -0.000002 0.013080 -0.999914
v 0.156442 4.835844 -7.798184 0.90728 0.90958 0.88888
vt 0.036187 0.121994
vn -0.000002 0.013080 -0.999914
v 1.093147 4.835844 -7.798187 0.90728 0.90958 0.88888
vt 0.037308 0.161303
vn -0.000002 0.013080 -0.999914
f 5365/5365/5365 5366/5366/5366 5367/5367/5367
v 0.156442 4.629391 -7.800885 0.91030 0.91260 0.89190
vt 0.017113 0.122541
vn -0.000002 0.013080 -0.999914
v 1.093147 4.835844 -7.798187 0.91030 0.91260 0.89190
vt 0.037308 0.161303
vn -0.000002 0.013080 -0.999914
v 1.093147 4.629391 -7.800887 0.91030 0.91260 0.89190
vt 0.018235 0.161849
vn -0.000002 0.013080 -0.999914
f 5368/5368/5368 5369/5369/5369 5370/5370/5370
v -0.156442 4.833659 -7.468406 0.91030 0.91260 0.89190
vt 0.040204 0.108737
vn -0.000000 0.999978 0.006625
v -0.156442 4.835844 -7.798184 0.91030 0.91260 0.89190
vt 0.035807 0.108864
vn -0.000000 0.999978 0.006625
v -1.093147 4.835844 -7.798186 0.91030 0.91260 0.89190
vt 0.034657 0.069556
vn -0.000000 0.999978 0.006625
f 5371/5371/5371 5372/5372/5372 5373/5373/5373
v -0.156442 4.833659 -7.468406 0.91030 0.91260 0.89190
vt 0.040204 0.108737
vn -0.000000 0.999978 0.006625
v -1.093147 4.835844 -7.798186 0.91030 0.91260 0.89190
vt 0.034657 0.069556
vn -0.000000 0.999978 0.006625
v -1.093147 4.833659 -7.468407 0.91030 0.91260 0.89190
vt 0.039053 0.069428
vn -0.000000 0.999978 0.006625
f 5374/5374/5374 5375/5375/5375 5376/5376/5376
v -0.156442 4.835844 -7.798184 0.91030 0.91260 0.89190
vt 0.035807 0.108864
vn 0.000002 0.013080 -0.999914
v -0.156442 4.629391 -7.800885 0.91030 0.91260 0.89190
vt 0.016734 0.109419
vn 0.000002 0.013080 -0.999914
v -1.093147 4.629391 -7.800887 0.91030 0.91260 0.89190
vt 0.015584 0.070113
vn 0.000002 0.013080 -0.999914
f 5377/5377/5377 5378/5378/5378 5379/5379/5379
v -0.156442 4.835844 -7.798184 0.91030 0.91260 0.89190
vt 0.035807 0.108864
vn 0.000002 0.013080 -0.999914
v -1.093147 4.629391 -7.800887 0.91030 0.91260 0.89190
vt 0.015584 0.070113
vn 0.000002 0.013080 -0.999914
v -1.093147 4.835844 -7.798186 0.91030 0.91260 0.89190
vt 0.034657 0.069556
vn 0.000002 0.013080 -0.999914
f 5380/5380/5380 5381/5381/5381 5382/5382/5382
v -0.156442 4.629391 -7.800885 0.91030 0.91260 0.89190
vt 0.033758 0.011169
vn 0.000000 -0.999978 -0.006625
v -0.156442 4.627206 -7.471106 0.91030 0.91260 0.89190
vt 0.038155 0.011038
vn 0.000000 -0.999978 -0.006625
v -1.093147 4.627206 -7.471108 0.91030 0.91260 0.89190
vt 0.039324 0.050347
vn 0.000000 -0.999978 -0.006625
f 5383/5383/5383 5384/5384/5384 5385/5385/5385
v -0.156442 4.629391 -7.800885 0.91030 0.91260 0.89190
vt 0.033758 0.011169
vn 0.000000 -0.999978 -0.006625
v -1.093147 4.627206 -7.471108 0.91030 0.91260 0.89190
vt 0.039324 0.050347
vn 0.000000 -0.999978 -0.006625
v -1.093147 4.629391 -7.800887 0.91030 0.91260 0.89190
vt 0.034928 0.050477
vn 0.000000 -0.999978 -0.006625
f 5386/5386/5386 5387/5387/5387 5388/5388/5388
v -0.156442 4.627206 -7.471106 0.91030 0.91260 0.89190
vt 0.059277 0.108182
vn -0.000002 -0.013078 0.999914
v -0.156442 4.833659 -7.468406 0.91030 0.91260 0.89190
vt 0.040204 0.108737
vn -0.000002 -0.013078 0.999914
v -1.093147 4.833659 -7.468407 0.91030 0.91260 0.89190
vt 0.039053 0.069428
vn -0.000002 -0.013078 0.999914
f 5389/5389/5389 5390/5390/5390 5391/5391/5391
v -0.156442 4.627206 -7.471106 0.91030 0.91260 0.89190
vt 0.059277 0.108182
vn -0.000002 -0.013078 0.999914
v -1.093147 4.833659 -7.468407 0.91030 0.91260 0.89190
vt 0.039053 0.069428
vn -0.000002 -0.013078 0.999914
v -1.093147 4.627206 -7.471108 0.91030 0.91260 0.89190
vt 0.058127 0.068871
vn -0.000002 -0.013078 0.999914
f 5392/5392/5392 5393/5393/5393 5394/5394/5394
v -0.712773 -3.477385 -15.081816 0.89822 0.91260 0.89190
vt 0.925177 0.163376
vn -0.234607 -0.472054 -0.849779
v -0.659907 -4.368671 -14.601301 0.89822 0.91260 0.89190
vt 0.935489 0.209832
vn -0.234607 -0.472054 -0.849779
v -0.989488 -4.224536 -14.590377 0.89822 0.91260 0.89190
vt 0.915787 0.202858
vn -0.234607 -0.472054 -0.849779
f 5395/5395/5395 5396/5396/5396 5397/5397/5397
v -0.712773 -3.477385 -15.081816 0.91030 0.90958 0.89190
vt 0.925177 0.163376
vn -0.299846 -0.444247 -0.844238
v -0.989488 -4.224536 -14.590377 0.91030 0.90958 0.89190
vt 0.915787 0.202858
vn -0.299846 -0.444247 -0.844238
v -1.087813 -3.379925 -14.999899 0.91030 0.90958 0.89190
vt 0.903183 0.158941
vn -0.299846 -0.444247 -0.844238
f 5398/5398/5398 5399/5399/5399 5400/5400/5400
v -0.944233 -4.097954 12.324733 0.57512 0.57742 0.55672
vt 0.197100 0.202125
vn -0.645094 -0.659893 0.385221
v -0.669863 -4.336058 12.376318 0.57512 0.57742 0.55672
vt 0.180066 0.214052
vn -0.645094 -0.659893 0.385221
v -0.629152 -4.009658 13.003624 0.57512 0.57742 0.55672
vt 0.177293 0.196527
vn -0.645094 -0.659893 0.385221
f 5401/5401/5401 5402/5402/5402 5403/5403/5403
v -0.944233 -4.097954 12.324733 0.59626 0.59856 0.57786
vt 0.197100 0.202125
vn -0.613736 -0.694666 0.375190
v -0.629152 -4.009658 13.003624 0.59626 0.59856 0.57786
vt 0.177293 0.196527
vn -0.613736 -0.694666 0.375190
v -0.903329 -3.795977 12.950756 0.59626 0.59856 0.57786
vt 0.194003 0.185789
vn -0.613736 -0.694666 0.375190
f 5404/5404/5404 5405/5405/5405 5406/5406/5406
v -1.229152 -2.098849 -6.019864 0.16144 0.26640 0.33327
vt 0.688248 0.560776
vn -0.004408 0.999990 -0.000000
v -0.663457 -2.096355 -6.019864 0.16144 0.26640 0.33327
vt 0.687284 0.578617
vn -0.004408 0.999990 -0.000000
v -0.663457 -2.096355 -6.357645 0.16144 0.26640 0.33327
vt 0.683972 0.578455
vn -0.004408 0.999990 -0.000000
f 5407/5407/5407 5408/5408/5408 5409/5409/5409
v -1.229152 -2.098849 -6.019864 0.16144 0.26640 0.32723
vt 0.688248 0.560776
vn -0.004237 0.999991 0.000286
v -0.663457 -2.096355 -6.357645 0.16144 0.26640 0.32723
vt 0.683972 0.578455
vn -0.004237 0.999991 0.000286
v -1.252046 -2.098849 -6.357645 0.16144 0.26640 0.32723
vt 0.684953 0.559909
vn -0.004237 0.999991 0.000286
f 5410/5410/5410 5411/5411/5411 5412/5412/5412
v -0.975028 -4.347277 10.556077 0.91030 0.91260 0.89190
vt 0.371038 0.230567
vn -0.634063 -0.770898 0.060663
v -0.668026 -4.577789 10.835604 0.91030 0.91260 0.89190
vt 0.367829 0.244785
vn -0.634063 -0.770898 0.060663
v -0.663081 -4.533805 11.446245 0.91030 0.91260 0.89190
vt 0.356322 0.243255
vn -0.634063 -0.770898 0.060663
f 5413/5413/5413 5414/5414/5414 5415/5415/5415
v -0.975028 -4.347277 10.556077 0.91030 0.91260 0.89190
vt 0.371038 0.230567
vn -0.649505 -0.757226 0.068939
v -0.663081 -4.533805 11.446245 0.91030 0.91260 0.89190
vt 0.356322 0.243255
vn -0.649505 -0.757226 0.068939
v -0.955539 -4.290523 11.363070 0.91030 0.91260 0.89190
vt 0.355810 0.228495
vn -0.649505 -0.757226 0.068939
f 5416/5416/5416 5417/5417/5417 5418/5418/5418
v -0.663007 0.726352 -12.459416 0.16446 0.26942 0.33629
vt 0.209462 0.576172
vn 0.000000 1.000000 -0.000011
v -0.663007 0.726351 -12.579690 0.16446 0.26942 0.33629
vt 0.209444 0.575206
vn 0.000000 1.000000 -0.000011
v -1.253411 0.726351 -12.579690 0.16446 0.26942 0.33629
vt 0.226649 0.590570
vn 0.000000 1.000000 -0.000011
f 5419/5419/5419 5420/5420/5420 5421/5421/5421
v -0.663007 0.726352 -12.459416 0.14936 0.25433 0.32421
vt 0.209462 0.576172
vn 0.000002 1.000000 -0.000020
v -1.253411 0.726351 -12.579690 0.14936 0.25433 0.32421
vt 0.226649 0.590570
vn 0.000002 1.000000 -0.000020
v -1.253411 0.726353 -12.459416 0.14936 0.25433 0.32421
vt 0.225670 0.591656
vn 0.000002 1.000000 -0.000020
f 5422/5422/5422 5423/5423/5423 5424/5424/5424
v -0.701536 -4.645641 -8.267467 0.91030 0.91260 0.89190
vt 0.707408 0.243413
vn -0.518199 -0.855248 -0.004619
v -0.702501 -4.647854 -7.749414 0.91030 0.91260 0.89190
vt 0.698070 0.243656
vn -0.518199 -0.855248 -0.004619
v -1.042081 -4.440742 -8.001023 0.91030 0.91260 0.89190
vt 0.701506 0.230094
vn -0.518199 -0.855248 -0.004619
f 5425/5425/5425 5426/5426/5426 5427/5427/5427
v -0.701536 -4.645641 -8.267467 0.91030 0.91260 0.89190
vt 0.707408 0.243413
vn -0.519166 -0.854650 -0.006315
v -1.042081 -4.440742 -8.001023 0.91030 0.91260 0.89190
vt 0.701506 0.230094
vn -0.519166 -0.854650 -0.006315
v -1.040806 -4.437369 -8.562321 0.91030 0.91260 0.89190
vt 0.711553 0.229787
vn -0.519166 -0.854650 -0.006315
f 5428/5428/5428 5429/5429/5429 5430/5430/5430
v -0.663457 -0.771465 -15.152156 0.20069 0.28754 0.33327
vt 0.789252 0.952471
vn 0.000001 1.000000 0.000000
v -0.663457 -0.771465 -15.322760 0.20069 0.28754 0.33327
vt 0.789154 0.950665
vn 0.000001 1.000000 0.000000
v -1.182298 -0.771465 -15.175563 0.20069 0.28754 0.33327
vt 0.806532 0.951167
vn 0.000001 1.000000 0.000000
f 5431/5431/5431 5432/5432/5432 5433/5433/5433
v -0.663457 -0.771465 -15.152156 0.18861 0.27546 0.33629
vt 0.789252 0.952471
vn 0.000001 1.000000 0.000000
v -1.182298 -0.771465 -15.175563 0.18861 0.27546 0.33629
vt 0.806532 0.951167
vn 0.000001 1.000000 0.000000
v -1.194400 -0.771465 -15.004960 0.18861 0.27546 0.33629
vt 0.807047 0.952943
vn 0.000001 1.000000 0.000000
f 5434/5434/5434 5435/5435/5435 5436/5436/5436
v -1.007641 -4.479267 -14.079056 0.91030 0.91260 0.89190
vt 0.809943 0.230498
vn -0.484807 -0.874621 0.000224
v -0.668632 -4.667188 -14.106390 0.91030 0.91260 0.89190
vt 0.811427 0.243128
vn -0.484807 -0.874621 0.000224
v -0.686285 -4.656944 -12.313346 0.91030 0.91260 0.89190
vt 0.779574 0.242894
vn -0.484807 -0.874621 0.000224
f 5437/5437/5437 5438/5438/5438 5439/5439/5439
v -1.007641 -4.479267 -14.079056 0.91030 0.91260 0.89190
vt 0.809943 0.230498
vn -0.512733 -0.858520 0.006927
v -0.686285 -4.656944 -12.313346 0.91030 0.91260 0.89190
vt 0.779574 0.242894
vn -0.512733 -0.858520 0.006927
v -1.024953 -4.453413 -12.156005 0.91030 0.91260 0.89190
vt 0.775706 0.229616
vn -0.512733 -0.858520 0.006927
f 5440/5440/5440 5441/5441/5441 5442/5442/5442
v -0.733565 -1.676240 -15.289050 0.91030 0.91260 0.89190
vt 0.910211 0.069562
vn -0.293826 -0.064741 -0.953664
v -0.747276 -2.217619 -15.248073 0.91030 0.91260 0.89190
vt 0.913612 0.097783
vn -0.293826 -0.064741 -0.953664
v -1.148646 -2.208369 -15.125038 0.91030 0.91260 0.89190
vt 0.891013 0.097989
vn -0.293826 -0.064741 -0.953664
f 5443/5443/5443 5444/5444/5444 5445/5445/5445
v -0.733565 -1.676240 -15.289050 0.91030 0.91260 0.89190
vt 0.910211 0.069562
vn -0.295829 -0.063023 -0.953160
v -1.148646 -2.208369 -15.125038 0.91030 0.91260 0.89190
vt 0.891013 0.097989
vn -0.295829 -0.063023 -0.953160
v -1.181991 -1.676169 -15.149878 0.91030 0.91260 0.89190
vt 0.885164 0.070312
vn -0.295829 -0.063023 -0.953160
f 5446/5446/5446 5447/5447/5447 5448/5448/5448
v -0.663457 -0.884734 11.428625 0.18861 0.29358 0.36045
vt 0.945013 0.587341
vn -0.000198 0.027792 -0.999614
v -0.663457 -2.096355 11.394940 0.18861 0.29358 0.36045
vt 0.861013 0.584849
vn -0.000198 0.027792 -0.999614
v -1.012930 -2.098849 11.394940 0.18861 0.29358 0.36045
vt 0.861200 0.574065
vn -0.000198 0.027792 -0.999614
f 5449/5449/5449 5450/5450/5450 5451/5451/5451
v -0.663457 -0.884734 11.428625 0.15540 0.26036 0.33025
vt 0.945013 0.587341
vn -0.000078 0.027757 -0.999615
v -1.012930 -2.098849 11.394940 0.15540 0.26036 0.33025
vt 0.861200 0.574065
vn -0.000078 0.027757 -0.999615
v -1.012930 -0.885715 11.428625 0.15540 0.26036 0.33025
vt 0.945267 0.576179
vn -0.000078 0.027757 -0.999615
f 5452/5452/5452 5453/5453/5453 5454/5454/5454
v -0.912405 -3.078357 13.680421 0.91030 0.91260 0.89190
vt 0.197481 0.148054
vn -0.467383 -0.526736 0.710002
v -0.632267 -3.220555 13.759337 0.91030 0.91260 0.89190
vt 0.180720 0.155108
vn -0.467383 -0.526736 0.710002
v -0.655486 -2.082261 14.588530 0.91030 0.91260 0.89190
vt 0.191488 0.095596
vn -0.467383 -0.526736 0.710002
f 5455/5455/5455 5456/5456/5456 5457/5457/5457
v -0.912405 -3.078357 13.680421 0.87406 0.91260 0.88888
vt 0.197481 0.148054
vn -0.398493 -0.559660 0.726626
v -0.655486 -2.082261 14.588530 0.87406 0.91260 0.88888
vt 0.191488 0.095596
vn -0.398493 -0.559660 0.726626
v -0.968542 -2.040804 14.448776 0.87406 0.91260 0.88888
vt 0.209840 0.093906
vn -0.398493 -0.559660 0.726626
f 5458/5458/5458 5459/5459/5459 5460/5460/5460
v -1.327056 -4.302207 -14.053303 0.91030 0.91260 0.88888
vt 0.895760 0.208025
vn -0.383335 -0.848979 -0.363716
v -1.300020 -4.088733 -14.580085 0.91030 0.91260 0.88888
vt 0.897108 0.196252
vn -0.383335 -0.848979 -0.363716
v -0.989488 -4.224536 -14.590377 0.91030 0.91260 0.88888
vt 0.915787 0.202858
vn -0.383335 -0.848979 -0.363716
f 5461/5461/5461 5462/5462/5462 5463/5463/5463
v -1.327056 -4.302207 -14.053303 0.91030 0.91260 0.89190
vt 0.895760 0.208025
vn -0.467671 -0.784422 -0.407388
v -0.989488 -4.224536 -14.590377 0.91030 0.91260 0.89190
vt 0.915787 0.202858
vn -0.467671 -0.784422 -0.407388
v -1.007641 -4.479267 -14.079056 0.91030 0.91260 0.89190
vt 0.915596 0.216697
vn -0.467671 -0.784422 -0.407388
f 5464/5464/5464 5465/5465/5465 5466/5466/5466
v -0.912405 -3.078357 13.680421 0.91030 0.90958 0.89190
vt 0.197481 0.148054
vn -0.492107 -0.645035 0.584603
v -1.176351 -2.944377 13.606066 0.91030 0.90958 0.89190
vt 0.213348 0.141438
vn -0.492107 -0.645035 0.584603
v -1.161659 -3.594646 12.900945 0.91030 0.90958 0.89190
vt 0.209850 0.175686
vn -0.492107 -0.645035 0.584603
f 5467/5467/5467 5468/5468/5468 5469/5469/5469
v -0.912405 -3.078357 13.680421 0.60230 0.60460 0.58390
vt 0.197481 0.148054
vn -0.569794 -0.589440 0.572622
v -1.161659 -3.594646 12.900945 0.60230 0.60460 0.58390
vt 0.209850 0.175686
vn -0.569794 -0.589440 0.572622
v -0.903329 -3.795977 12.950756 0.60230 0.60460 0.58390
vt 0.194003 0.185789
vn -0.569794 -0.589440 0.572622
f 5470/5470/5470 5471/5471/5471 5472/5472/5472
v -0.950893 -4.265961 11.553038 0.59626 0.59856 0.57786
vt 0.202465 0.212320
vn -0.654883 -0.747074 0.114052
v -1.224514 -4.034551 11.497720 0.59626 0.59856 0.57786
vt 0.219784 0.200635
vn -0.654883 -0.747074 0.114052
v -1.231095 -4.061303 11.284702 0.59626 0.59856 0.57786
vt 0.222111 0.202513
vn -0.654883 -0.747074 0.114052
f 5473/5473/5473 5474/5474/5474 5475/5475/5475
v -0.950893 -4.265961 11.553038 0.59626 0.59856 0.57786
vt 0.202465 0.212320
vn -0.654185 -0.747891 0.112699
v -1.231095 -4.061303 11.284702 0.59626 0.59856 0.57786
vt 0.222111 0.202513
vn -0.654185 -0.747891 0.112699
v -0.955539 -4.290523 11.363070 0.59626 0.59856 0.57786
vt 0.204338 0.214065
vn -0.654185 -0.747891 0.112699
f 5476/5476/5476 5477/5477/5477 5478/5478/5478
v -1.694657 -1.073101 -14.866269 0.32450 0.26036 0.30308
vt 0.530500 0.536564
vn 0.000000 1.000000 0.000000
v -1.810142 -1.073101 -12.577980 0.32450 0.26036 0.30308
vt 0.553462 0.533993
vn 0.000000 1.000000 0.000000
v -1.253861 -1.073101 -12.577980 0.32450 0.26036 0.30308
vt 0.552951 0.551263
vn 0.000000 1.000000 0.000000
f 5479/5479/5479 5480/5480/5480 5481/5481/5481
v -1.694657 -1.073101 -14.866269 0.20371 0.26942 0.32421
vt 0.530500 0.536564
vn 0.000000 1.000000 0.000000
v -1.253861 -1.073101 -12.577980 0.20371 0.26942 0.32421
vt 0.552951 0.551263
vn 0.000000 1.000000 0.000000
v -1.194400 -1.073101 -15.004957 0.20371 0.26942 0.32421
vt 0.528607 0.552279
vn 0.000000 1.000000 0.000000
f 5482/5482/5482 5483/5483/5483 5484/5484/5484
v -1.810142 -1.072898 -6.357646 0.20975 0.26036 0.31214
vt 0.614691 0.538866
vn -0.000000 0.000001 1.000000
v -1.806617 -2.101198 -6.357645 0.20975 0.26036 0.31214
vt 0.685889 0.542465
vn -0.000000 0.000001 1.000000
v -1.252046 -2.098849 -6.357645 0.20975 0.26036 0.31214
vt 0.684953 0.559909
vn -0.000000 0.000001 1.000000
f 5485/5485/5485 5486/5486/5486 5487/5487/5487
v -1.810142 -1.072898 -6.357646 0.16144 0.26640 0.32119
vt 0.614691 0.538866
vn 0.000000 0.000001 1.000000
v -1.252046 -2.098849 -6.357645 0.16144 0.26640 0.32119
vt 0.684953 0.559909
vn 0.000000 0.000001 1.000000
v -1.253861 -1.072947 -6.357646 0.16144 0.26640 0.32119
vt 0.613814 0.556525
vn 0.000000 0.000001 1.000000
f 5488/5488/5488 5489/5489/5489 5490/5490/5490
v -1.036307 -0.934449 15.190622 0.91030 0.91260 0.89190
vt 0.214385 0.035913
vn -0.291977 -0.567774 0.769664
v -1.364734 -0.939920 15.061995 0.91030 0.91260 0.89190
vt 0.232549 0.036733
vn -0.291977 -0.567774 0.769664
v -1.263503 -2.001743 14.317100 0.91030 0.91260 0.89190
vt 0.227268 0.092401
vn -0.291977 -0.567774 0.769664
f 5491/5491/5491 5492/5492/5492 5493/5493/5493
v -1.036307 -0.934449 15.190622 0.15238 0.31472 0.32119
vt 0.214385 0.035913
vn -0.403738 -0.526443 0.748233
v -1.263503 -2.001743 14.317100 0.15238 0.31472 0.32119
vt 0.227268 0.092401
vn -0.403738 -0.526443 0.748233
v -0.968542 -2.040804 14.448776 0.15238 0.31472 0.32119
vt 0.209840 0.093906
vn -0.403738 -0.526443 0.748233
f 5494/5494/5494 5495/5495/5495 5496/5496/5496
v -1.342204 -2.101199 10.505868 0.15238 0.26338 0.33629
vt 0.853455 0.563342
vn -0.007135 0.999975 0.000000
v -1.342204 -2.101199 10.943063 0.15238 0.26338 0.33629
vt 0.857251 0.563642
vn -0.007135 0.999975 0.000000
v -1.012930 -2.098849 10.943063 0.15238 0.26338 0.33629
vt 0.856932 0.573890
vn -0.007135 0.999975 0.000000
f 5497/5497/5497 5498/5498/5498 5499/5499/5499
v -1.342204 -2.101199 10.505868 0.15238 0.26338 0.33629
vt 0.853455 0.563342
vn -0.007135 0.999975 0.000000
v -1.012930 -2.098849 10.943063 0.15238 0.26338 0.33629
vt 0.856932 0.573890
vn -0.007135 0.999975 0.000000
v -1.012930 -2.098849 10.505869 0.15238 0.26338 0.33629
vt 0.852852 0.573656
vn -0.007135 0.999975 0.000000
f 5500/5500/5500 5501/5501/5501 5502/5502/5502
v -1.361746 -4.251999 4.766382 0.91030 0.91260 0.89190
vt 0.473698 0.220462
vn -0.493546 -0.869712 0.003596
v -1.372400 -4.277675 -2.905302 0.91030 0.91260 0.89190
vt 0.609935 0.220013
vn -0.493546 -0.869712 0.003596
v -1.041493 -4.466043 -3.046539 0.91030 0.91260 0.89190
vt 0.613470 0.232461
vn -0.493546 -0.869712 0.003596
f 5503/5503/5503 5504/5504/5504 5505/5505/5505
v -1.361746 -4.251999 4.766382 0.14030 0.15770 0.14606
vt 0.473698 0.220462
vn -0.516936 -0.856021 0.002262
v -1.041493 -4.466043 -3.046539 0.14030 0.15770 0.14606
vt 0.613470 0.232461
vn -0.516936 -0.856021 0.002262
v -1.037279 -4.445661 5.627985 0.14030 0.15770 0.14606
vt 0.459427 0.233144
vn -0.516936 -0.856021 0.002262
f 5506/5506/5506 5507/5507/5507 5508/5508/5508
v -1.342204 -2.101198 -5.715958 0.15540 0.26942 0.32119
vt 0.691455 0.557232
vn -0.007135 0.999975 0.000000
v -1.342204 -2.101199 10.505868 0.15540 0.26942 0.32119
vt 0.853455 0.563342
vn -0.007135 0.999975 0.000000
v -1.012930 -2.098849 10.505869 0.15540 0.26942 0.32119
vt 0.852852 0.573656
vn -0.007135 0.999975 0.000000
f 5509/5509/5509 5510/5510/5510 5511/5511/5511
v -1.342204 -2.101198 -5.715958 0.23693 0.30868 0.36649
vt 0.691455 0.557232
vn -0.007135 0.999975 0.000000
v -1.012930 -2.098849 10.505869 0.23693 0.30868 0.36649
vt 0.852852 0.573656
vn -0.007135 0.999975 0.000000
v -1.012930 -2.098849 -5.715958 0.23693 0.30868 0.36649
vt 0.690854 0.567685
vn -0.007135 0.999975 0.000000
f 5512/5512/5512 5513/5513/5513 5514/5514/5514
v -1.041493 -4.466043 -3.046539 0.91030 0.90656 0.88888
vt 0.613470 0.232461
vn -0.495970 -0.868331 -0.003924
v -1.372400 -4.277675 -2.905302 0.91030 0.90656 0.88888
vt 0.609935 0.220013
vn -0.495970 -0.868331 -0.003924
v -1.367714 -4.267882 -5.664469 0.91030 0.90656 0.88888
vt 0.658962 0.218953
vn -0.495970 -0.868331 -0.003924
f 5515/5515/5515 5516/5516/5516 5517/5517/5517
v -1.041493 -4.466043 -3.046539 0.88614 0.86127 0.84963
vt 0.613470 0.232461
vn -0.502963 -0.864304 -0.002748
v -1.367714 -4.267882 -5.664469 0.88614 0.86127 0.84963
vt 0.658962 0.218953
vn -0.502963 -0.864304 -0.002748
v -1.040757 -4.457899 -5.742673 0.88614 0.86127 0.84963
vt 0.661380 0.231469
vn -0.502963 -0.864304 -0.002748
f 5518/5518/5518 5519/5519/5519 5520/5520/5520
v -1.229152 -2.098849 -6.019864 0.27618 0.32982 0.36951
vt 0.688248 0.560776
vn -0.004408 0.999972 0.006091
v -1.762151 -2.101198 -6.019864 0.27618 0.32982 0.36951
vt 0.689003 0.543954
vn -0.004408 0.999972 0.006091
v -1.342204 -2.101198 -5.715958 0.27618 0.32982 0.36951
vt 0.691455 0.557232
vn -0.004408 0.999972 0.006091
f 5521/5521/5521 5522/5522/5522 5523/5523/5523
v -1.229152 -2.098849 -6.019864 0.20673 0.27848 0.33025
vt 0.688248 0.560776
vn -0.007135 0.999962 0.005077
v -1.342204 -2.101198 -5.715958 0.20673 0.27848 0.33025
vt 0.691455 0.557232
vn -0.007135 0.999962 0.005077
v -1.012930 -2.098849 -5.715958 0.20673 0.27848 0.33025
vt 0.690854 0.567685
vn -0.007135 0.999962 0.005077
f 5524/5524/5524 5525/5525/5525 5526/5526/5526
v -1.367714 -4.267882 -5.664469 0.90124 0.91260 0.89190
vt 0.658962 0.218953
vn -0.516055 -0.856513 -0.008554
v -1.362034 -4.245600 -8.238089 0.90124 0.91260 0.89190
vt 0.704658 0.217312
vn -0.516055 -0.856513 -0.008554
v -1.042081 -4.440742 -8.001023 0.90124 0.91260 0.89190
vt 0.701506 0.230094
vn -0.516055 -0.856513 -0.008554
f 5527/5527/5527 5528/5528/5528 5529/5529/5529
v -1.367714 -4.267882 -5.664469 0.91030 0.91260 0.89190
vt 0.658962 0.218953
vn -0.503584 -0.863924 -0.006268
v -1.042081 -4.440742 -8.001023 0.91030 0.91260 0.89190
vt 0.701506 0.230094
vn -0.503584 -0.863924 -0.006268
v -1.040757 -4.457899 -5.742673 0.91030 0.91260 0.89190
vt 0.661380 0.231469
vn -0.503584 -0.863924 -0.006268
f 5530/5530/5530 5531/5531/5531 5532/5532/5532
v -1.316142 -4.194216 8.473505 0.91030 0.91260 0.89190
vt 0.407582 0.219101
vn -0.550623 -0.834520 0.019781
v -1.361746 -4.251999 4.766382 0.91030 0.91260 0.89190
vt 0.473698 0.220462
vn -0.550623 -0.834520 0.019781
v -1.037279 -4.445661 5.627985 0.91030 0.91260 0.89190
vt 0.459427 0.233144
vn -0.550623 -0.834520 0.019781
f 5533/5533/5533 5534/5534/5534 5535/5535/5535
v -1.316142 -4.194216 8.473505 0.91030 0.91260 0.89190
vt 0.407582 0.219101
vn -0.575171 -0.817879 0.015905
v -1.037279 -4.445661 5.627985 0.91030 0.91260 0.89190
vt 0.459427 0.233144
vn -0.575171 -0.817879 0.015905
v -1.009254 -4.397659 9.109865 0.91030 0.91260 0.89190
vt 0.397334 0.232039
vn -0.575171 -0.817879 0.015905
f 5536/5536/5536 5537/5537/5537 5538/5538/5538
v -1.264287 -4.130087 10.292707 0.91030 0.91260 0.89190
vt 0.374555 0.217134
vn -0.615504 -0.786832 0.045281
v -1.316142 -4.194216 8.473505 0.91030 0.91260 0.89190
vt 0.407582 0.219101
vn -0.615504 -0.786832 0.045281
v -1.009254 -4.397659 9.109865 0.91030 0.91260 0.89190
vt 0.397334 0.232039
vn -0.615504 -0.786832 0.045281
f 5539/5539/5539 5540/5540/5540 5541/5541/5541
v -1.264287 -4.130087 10.292707 0.91030 0.91260 0.89190
vt 0.374555 0.217134
vn -0.624052 -0.780256 0.041951
v -1.009254 -4.397659 9.109865 0.91030 0.91260 0.89190
vt 0.397334 0.232039
vn -0.624052 -0.780256 0.041951
v -0.975028 -4.347277 10.556077 0.91030 0.91260 0.89190
vt 0.371038 0.230567
vn -0.624052 -0.780256 0.041951
f 5542/5542/5542 5543/5543/5543 5544/5544/5544
v -1.441176 -3.288098 -14.922716 0.14634 0.31774 0.31515
vt 0.882344 0.154790
vn -0.293729 -0.098582 -0.950792
v -1.526818 -2.199654 -15.009113 0.14634 0.31774 0.31515
vt 0.869676 0.098215
vn -0.293729 -0.098582 -0.950792
v -1.148646 -2.208369 -15.125038 0.14634 0.31774 0.31515
vt 0.891013 0.097989
vn -0.293729 -0.098582 -0.950792
f 5545/5545/5545 5546/5546/5546 5547/5547/5547
v -1.441176 -3.288098 -14.922716 0.91030 0.91260 0.89190
vt 0.882344 0.154790
vn -0.240504 -0.115432 -0.963760
v -1.148646 -2.208369 -15.125038 0.91030 0.91260 0.89190
vt 0.891013 0.097989
vn -0.240504 -0.115432 -0.963760
v -1.087813 -3.379925 -14.999899 0.91030 0.91260 0.89190
vt 0.903183 0.158941
vn -0.240504 -0.115432 -0.963760
f 5548/5548/5548 5549/5549/5549 5550/5550/5550
v -1.604499 -1.676103 -15.018749 0.29430 0.25433 0.27590
vt 0.861643 0.071035
vn -0.272457 -0.058977 -0.960359
v -1.671152 -1.073101 -15.036871 0.29430 0.25433 0.27590
vt 0.853376 0.039686
vn -0.272457 -0.058977 -0.960359
v -1.182298 -1.073101 -15.175561 0.29430 0.25433 0.27590
vt 0.880450 0.038873
vn -0.272457 -0.058977 -0.960359
f 5551/5551/5551 5552/5552/5552 5553/5553/5553
v -1.604499 -1.676103 -15.018749 0.91030 0.91260 0.88284
vt 0.861643 0.071035
vn -0.296170 -0.040790 -0.954264
v -1.182298 -1.073101 -15.175561 0.91030 0.91260 0.88284
vt 0.880450 0.038873
vn -0.296170 -0.040790 -0.954264
v -1.181991 -1.676169 -15.149878 0.91030 0.91260 0.88284
vt 0.885164 0.070312
vn -0.296170 -0.040790 -0.954264
f 5554/5554/5554 5555/5555/5555 5556/5556/5556
v -0.950893 -4.265961 11.553038 0.59022 0.59252 0.57182
vt 0.202465 0.212320
vn -0.655553 -0.743365 0.132882
v -0.660486 -4.511568 11.611749 0.59022 0.59252 0.57182
vt 0.183446 0.224551
vn -0.655553 -0.743365 0.132882
v -0.668561 -4.436821 11.990056 0.59022 0.59252 0.57182
vt 0.181698 0.219883
vn -0.655553 -0.743365 0.132882
f 5557/5557/5557 5558/5558/5558 5559/5559/5559
v -0.950893 -4.265961 11.553038 0.59626 0.59856 0.57786
vt 0.202465 0.212320
vn -0.662648 -0.735637 0.140487
v -0.668561 -4.436821 11.990056 0.59626 0.59856 0.57786
vt 0.181698 0.219883
vn -0.662648 -0.735637 0.140487
v -0.951110 -4.192836 11.934922 0.59626 0.59856 0.57786
vt 0.199723 0.207711
vn -0.662648 -0.735637 0.140487
f 5560/5560/5560 5561/5561/5561 5562/5562/5562
v -1.809944 -0.335278 -6.358298 0.76838 0.19997 0.17927
vt 0.731553 0.770836
vn 0.000000 0.000884 1.000000
v -1.810142 -1.072898 -6.357646 0.76838 0.19997 0.17927
vt 0.732109 0.713057
vn 0.000000 0.000884 1.000000
v -1.253861 -1.072947 -6.357646 0.76838 0.19997 0.17927
vt 0.751902 0.713241
vn 0.000000 0.000884 1.000000
f 5563/5563/5563 5564/5564/5564 5565/5565/5565
v -1.809944 -0.335278 -6.358298 0.75630 0.14562 0.12492
vt 0.731553 0.770836
vn 0.000000 0.000884 1.000000
v -1.253861 -1.072947 -6.357646 0.75630 0.14562 0.12492
vt 0.751902 0.713241
vn 0.000000 0.000884 1.000000
v -1.253663 -0.335327 -6.358298 0.75630 0.14562 0.12492
vt 0.751366 0.771018
vn 0.000000 0.000884 1.000000
f 5566/5566/5566 5567/5567/5567 5568/5568/5568
v -0.663260 -0.335481 -12.578632 0.74422 0.16978 0.15210
vt 0.541024 0.768649
vn 0.000000 -0.000884 -1.000000
v -0.663457 -1.073101 -12.577980 0.74422 0.16978 0.15210
vt 0.541805 0.710873
vn 0.000000 -0.000884 -1.000000
v -1.253861 -1.073101 -12.577980 0.74422 0.16978 0.15210
vt 0.562810 0.711152
vn 0.000000 -0.000884 -1.000000
f 5569/5569/5569 5570/5570/5570 5571/5571/5571
v -0.663260 -0.335481 -12.578632 0.76234 0.15166 0.14002
vt 0.541024 0.768649
vn -0.000000 -0.000884 -1.000000
v -1.253861 -1.073101 -12.577980 0.76234 0.15166 0.14002
vt 0.562810 0.711152
vn -0.000000 -0.000884 -1.000000
v -1.253663 -0.335481 -12.578632 0.76234 0.15166 0.14002
vt 0.562080 0.768926
vn -0.000000 -0.000884 -1.000000
f 5572/5572/5572 5573/5573/5573 5574/5574/5574
v -1.809314 1.692565 -10.153262 0.75630 0.16072 0.13700
vt 0.152585 0.828777
vn 0.000037 1.000000 -0.000032
v -1.809314 1.692571 -9.985402 0.75630 0.16072 0.13700
vt 0.152493 0.830554
vn 0.000037 1.000000 -0.000032
v -1.253034 1.692550 -9.985402 0.75630 0.16072 0.13700
vt 0.133915 0.829520
vn 0.000037 1.000000 -0.000032
f 5575/5575/5575 5576/5576/5576 5577/5577/5577
v -1.809314 1.692565 -10.153262 0.76234 0.16978 0.14304
vt 0.152585 0.828777
vn 0.000035 1.000000 -0.000024
v -1.253034 1.692550 -9.985402 0.76234 0.16978 0.14304
vt 0.133915 0.829520
vn 0.000035 1.000000 -0.000024
v -1.253034 1.692546 -10.153262 0.76234 0.16978 0.14304
vt 0.134013 0.827741
vn 0.000035 1.000000 -0.000024
f 5578/5578/5578 5579/5579/5579 5580/5580/5580
v -1.033168 -4.440677 -10.623869 0.91030 0.91260 0.89190
vt 0.748399 0.229382
vn -0.521560 -0.853214 0.000386
v -1.353088 -4.245106 -10.607237 0.91030 0.91260 0.89190
vt 0.747111 0.216631
vn -0.521560 -0.853214 0.000386
v -1.350953 -4.246807 -11.481908 0.91030 0.91260 0.89190
vt 0.762727 0.216481
vn -0.521560 -0.853214 0.000386
f 5581/5581/5581 5582/5582/5582 5583/5583/5583
v -1.033168 -4.440677 -10.623869 0.91030 0.91260 0.89190
vt 0.748399 0.229382
vn -0.520297 -0.853985 -0.000256
v -1.350953 -4.246807 -11.481908 0.91030 0.91260 0.89190
vt 0.762727 0.216481
vn -0.520297 -0.853985 -0.000256
v -1.030251 -4.442157 -11.617082 0.91030 0.91260 0.89190
vt 0.766068 0.229212
vn -0.520297 -0.853985 -0.000256
f 5584/5584/5584 5585/5585/5585 5586/5586/5586
v -1.809546 0.735399 -6.359431 0.14634 0.27244 0.33327
vt 0.730770 0.854705
vn 0.000000 0.001488 0.999999
v -1.809740 0.424918 -6.358969 0.14634 0.27244 0.33327
vt 0.730986 0.830387
vn 0.000000 0.001488 0.999999
v -1.253459 0.424869 -6.358969 0.14634 0.27244 0.33327
vt 0.750816 0.830566
vn 0.000000 0.001488 0.999999
f 5587/5587/5587 5588/5588/5588 5589/5589/5589
v -1.809546 0.735399 -6.359431 0.16446 0.26942 0.32421
vt 0.730770 0.854705
vn 0.000000 0.001488 0.999999
v -1.253459 0.424869 -6.358969 0.16446 0.26942 0.32421
vt 0.750816 0.830566
vn 0.000000 0.001488 0.999999
v -1.253265 0.735351 -6.359431 0.16446 0.26942 0.32421
vt 0.750602 0.854885
vn 0.000000 0.001488 0.999999
f 5590/5590/5590 5591/5591/5591 5592/5592/5592
v -0.662861 0.735237 -10.152592 0.39093 0.28754 0.28798
vt 0.497942 0.942346
vn -0.000000 -0.001485 -0.999999
v -0.663056 0.424754 -10.152131 0.39093 0.28754 0.28798
vt 0.498002 0.963675
vn -0.000000 -0.001485 -0.999999
v -1.253459 0.424775 -10.152131 0.39093 0.28754 0.28798
vt 0.479579 0.963731
vn -0.000000 -0.001485 -0.999999
f 5593/5593/5593 5594/5594/5594 5595/5595/5595
v -0.662861 0.735237 -10.152592 0.52681 0.29358 0.27590
vt 0.497942 0.942346
vn -0.000000 -0.001485 -0.999999
v -1.253459 0.424775 -10.152131 0.52681 0.29358 0.27590
vt 0.479579 0.963731
vn -0.000000 -0.001485 -0.999999
v -1.253265 0.735257 -10.152592 0.52681 0.29358 0.27590
vt 0.479518 0.942401
vn -0.000000 -0.001485 -0.999999
f 5596/5596/5596 5597/5597/5597 5598/5598/5598
v -1.357703 -4.243066 -9.794316 0.91030 0.91260 0.88586
vt 0.732463 0.216776
vn -0.521364 -0.853334 -0.000347
v -1.355257 -4.244335 -10.348796 0.91030 0.91260 0.88586
vt 0.742416 0.216681
vn -0.521364 -0.853334 -0.000347
v -1.034905 -4.440080 -10.302862 0.91030 0.91260 0.88586
vt 0.742629 0.229443
vn -0.521364 -0.853334 -0.000347
f 5599/5599/5599 5600/5600/5600 5601/5601/5601
v -1.357703 -4.243066 -9.794316 0.91030 0.91260 0.89190
vt 0.732463 0.216776
vn -0.521659 -0.853154 -0.000603
v -1.034905 -4.440080 -10.302862 0.91030 0.91260 0.89190
vt 0.742629 0.229443
vn -0.521659 -0.853154 -0.000603
v -1.037376 -4.439029 -9.653662 0.91030 0.91260 0.89190
vt 0.731015 0.229570
vn -0.521659 -0.853154 -0.000603
f 5602/5602/5602 5603/5603/5603 5604/5604/5604
v -1.808894 2.488585 -8.863074 0.91030 0.91260 0.88888
vt 0.313900 0.775055
vn 0.000084 0.967167 -0.254142
v -1.808894 3.142785 -6.373439 0.91030 0.91260 0.88888
vt 0.314503 0.834715
vn 0.000084 0.967167 -0.254142
v -1.252613 3.142736 -6.373439 0.91030 0.91260 0.88888
vt 0.293809 0.834366
vn 0.000084 0.967167 -0.254142
f 5605/5605/5605 5606/5606/5606 5607/5607/5607
v -1.808894 2.488585 -8.863074 0.91030 0.91260 0.89190
vt 0.313900 0.775055
vn 0.000050 0.967169 -0.254135
v -1.252613 3.142736 -6.373439 0.91030 0.91260 0.89190
vt 0.293809 0.834366
vn 0.000050 0.967169 -0.254135
v -1.252613 2.488556 -8.863074 0.91030 0.91260 0.89190
vt 0.293699 0.775054
vn 0.000050 0.967169 -0.254135
f 5608/5608/5608 5609/5609/5609 5610/5610/5610
v -1.360468 -4.241134 -8.840134 0.91030 0.91260 0.89190
vt 0.715423 0.216941
vn -0.521920 -0.852994 0.000215
v -1.357703 -4.243066 -9.794316 0.91030 0.91260 0.89190
vt 0.732463 0.216776
vn -0.521920 -0.852994 0.000215
v -1.037376 -4.439029 -9.653662 0.91030 0.91260 0.89190
vt 0.731015 0.229570
vn -0.521920 -0.852994 0.000215
f 5611/5611/5611 5612/5612/5612 5613/5613/5613
v -1.360468 -4.241134 -8.840134 0.91030 0.91260 0.89190
vt 0.715423 0.216941
vn -0.522949 -0.852364 -0.000347
v -1.037376 -4.439029 -9.653662 0.91030 0.91260 0.89190
vt 0.731015 0.229570
vn -0.522949 -0.852364 -0.000347
v -1.040806 -4.437369 -8.562321 0.91030 0.91260 0.89190
vt 0.711553 0.229787
vn -0.522949 -0.852364 -0.000347
f 5614/5614/5614 5615/5615/5615 5616/5616/5616
v -0.808523 0.801482 -6.397707 0.18257 0.28150 0.33931
vt 0.766390 0.860222
vn 0.000000 0.000602 1.000000
v -0.808391 1.324792 -6.398022 0.18257 0.28150 0.33931
vt 0.766037 0.901193
vn 0.000000 0.000602 1.000000
v -1.107438 1.324818 -6.398022 0.18257 0.28150 0.33931
vt 0.755416 0.901100
vn 0.000000 0.000602 1.000000
f 5617/5617/5617 5618/5618/5618 5619/5619/5619
v -0.808523 0.801482 -6.397707 0.17955 0.27848 0.34233
vt 0.766390 0.860222
vn 0.000000 0.000602 1.000000
v -1.107438 1.324818 -6.398022 0.17955 0.27848 0.34233
vt 0.755416 0.901100
vn 0.000000 0.000602 1.000000
v -1.107570 0.801509 -6.397707 0.17955 0.27848 0.34233
vt 0.755769 0.860129
vn 0.000000 0.000602 1.000000
f 5620/5620/5620 5621/5621/5621 5622/5622/5622
v -1.809546 0.735276 -10.152592 0.17955 0.27546 0.34837
vt 0.462160 0.942454
vn -0.000000 -0.000600 -1.000000
v -1.809380 1.390929 -10.152986 0.17955 0.27546 0.34837
vt 0.462026 0.897412
vn -0.000000 -0.000600 -1.000000
v -1.253099 1.390910 -10.152986 0.17955 0.27546 0.34837
vt 0.479384 0.897360
vn -0.000000 -0.000600 -1.000000
f 5623/5623/5623 5624/5624/5624 5625/5625/5625
v -1.809546 0.735276 -10.152592 0.30336 0.28754 0.33629
vt 0.462160 0.942454
vn -0.000000 -0.000600 -1.000000
v -1.253099 1.390910 -10.152986 0.30336 0.28754 0.33629
vt 0.479384 0.897360
vn -0.000000 -0.000600 -1.000000
v -1.253265 0.735257 -10.152592 0.30336 0.28754 0.33629
vt 0.479518 0.942401
vn -0.000000 -0.000600 -1.000000
f 5626/5626/5626 5627/5627/5627 5628/5628/5628
v -0.808920 -0.269196 -6.396591 0.75630 0.15770 0.14908
vt 0.767145 0.776354
vn 0.000000 0.000884 1.000000
v -0.808752 0.358657 -6.397146 0.75630 0.15770 0.14908
vt 0.766696 0.825513
vn 0.000000 0.000884 1.000000
v -1.107799 0.358684 -6.397146 0.75630 0.15770 0.14908
vt 0.756075 0.825418
vn 0.000000 0.000884 1.000000
f 5629/5629/5629 5630/5630/5630 5631/5631/5631
v -0.808920 -0.269196 -6.396591 0.73214 0.19091 0.17323
vt 0.767145 0.776354
vn 0.000000 0.000884 1.000000
v -1.107799 0.358684 -6.397146 0.73214 0.19091 0.17323
vt 0.756075 0.825418
vn 0.000000 0.000884 1.000000
v -1.107967 -0.269169 -6.396591 0.73214 0.19091 0.17323
vt 0.756525 0.776258
vn 0.000000 0.000884 1.000000
f 5632/5632/5632 5633/5633/5633 5634/5634/5634
v -1.809944 -0.335481 -12.578632 0.33657 0.20299 0.26080
vt 0.581928 0.769178
vn 0.000000 -0.000885 -1.000000
v -1.809740 0.424715 -12.579305 0.33657 0.20299 0.26080
vt 0.581216 0.828724
vn 0.000000 -0.000885 -1.000000
v -1.253459 0.424715 -12.579305 0.33657 0.20299 0.26080
vt 0.561351 0.828465
vn 0.000000 -0.000885 -1.000000
f 5635/5635/5635 5636/5636/5636 5637/5637/5637
v -1.809944 -0.335481 -12.578632 0.73516 0.21205 0.17625
vt 0.581928 0.769178
vn 0.000000 -0.000885 -1.000000
v -1.253459 0.424715 -12.579305 0.73516 0.21205 0.17625
vt 0.561351 0.828465
vn 0.000000 -0.000885 -1.000000
v -1.253663 -0.335481 -12.578632 0.73516 0.21205 0.17625
vt 0.562080 0.768926
vn 0.000000 -0.000885 -1.000000
f 5638/5638/5638 5639/5639/5639 5640/5640/5640
v -1.809740 0.424719 -12.459030 0.18861 0.25735 0.30308
vt 0.462289 0.986628
vn 0.000034 1.000000 -0.000033
v -1.809740 0.424794 -10.152131 0.18861 0.25735 0.30308
vt 0.462220 0.963784
vn 0.000034 1.000000 -0.000033
v -1.253459 0.424775 -10.152131 0.18861 0.25735 0.30308
vt 0.479579 0.963731
vn 0.000034 1.000000 -0.000033
f 5641/5641/5641 5642/5642/5642 5643/5643/5643
v -1.809740 0.424719 -12.459030 0.20673 0.28150 0.31817
vt 0.462289 0.986628
vn 0.000002 1.000000 -0.000025
v -1.253459 0.424775 -10.152131 0.20673 0.28150 0.31817
vt 0.479579 0.963731
vn 0.000002 1.000000 -0.000025
v -1.253459 0.424718 -12.459030 0.20673 0.28150 0.31817
vt 0.479649 0.986575
vn 0.000002 1.000000 -0.000025
f 5644/5644/5644 5645/5645/5645 5646/5646/5646
v -1.030251 -4.442157 -11.617082 0.14030 0.20903 0.21249
vt 0.766068 0.229212
vn -0.514773 -0.857150 0.017424
v -1.350953 -4.246807 -11.481908 0.14030 0.20903 0.21249
vt 0.762727 0.216481
vn -0.514773 -0.857150 0.017424
v -1.344047 -4.261644 -12.007757 0.14030 0.20903 0.21249
vt 0.772202 0.217068
vn -0.514773 -0.857150 0.017424
f 5647/5647/5647 5648/5648/5648 5649/5649/5649
v -1.030251 -4.442157 -11.617082 0.91030 0.91260 0.89190
vt 0.766068 0.229212
vn -0.510647 -0.859693 0.012935
v -1.344047 -4.261644 -12.007757 0.91030 0.91260 0.89190
vt 0.772202 0.217068
vn -0.510647 -0.859693 0.012935
v -1.024953 -4.453413 -12.156005 0.91030 0.91260 0.89190
vt 0.775706 0.229616
vn -0.510647 -0.859693 0.012935
f 5650/5650/5650 5651/5651/5651 5652/5652/5652
v -1.020370 -0.681626 15.107204 0.37583 0.29660 0.31214
vt 0.017707 0.492721
vn -0.021966 0.999653 0.014522
v -1.348806 -0.686992 14.979806 0.37583 0.29660 0.31214
vt 0.018832 0.501785
vn -0.021966 0.999653 0.014522
v -1.349253 -0.688049 15.051831 0.37583 0.29660 0.31214
vt 0.018233 0.501781
vn -0.021966 0.999653 0.014522
f 5653/5653/5653 5654/5654/5654 5655/5655/5655
v -1.020370 -0.681626 15.107204 0.38187 0.29358 0.31817
vt 0.017707 0.492721
vn -0.021684 0.999682 0.012845
v -1.349253 -0.688049 15.051831 0.38187 0.29358 0.31817
vt 0.018233 0.501781
vn -0.021684 0.999682 0.012845
v -1.020825 -0.682577 15.180458 0.38187 0.29358 0.31817
vt 0.017115 0.492741
vn -0.021684 0.999682 0.012845
f 5656/5656/5656 5657/5657/5657 5658/5658/5658
v -0.690223 -0.612032 13.330388 0.59626 0.60158 0.57182
vt 0.080444 0.528416
vn -0.008462 0.999901 0.011209
v -0.685395 -0.603299 12.554994 0.59626 0.60158 0.57182
vt 0.080319 0.518326
vn -0.008462 0.999901 0.011209
v -1.034826 -0.606208 12.550747 0.59626 0.60158 0.57182
vt 0.094595 0.518361
vn -0.008462 0.999901 0.011209
f 5659/5659/5659 5660/5660/5660 5661/5661/5661
v -0.690223 -0.612032 13.330388 0.59626 0.59856 0.57786
vt 0.080444 0.528416
vn -0.012351 0.999840 0.012928
v -1.034826 -0.606208 12.550747 0.59626 0.59856 0.57786
vt 0.094595 0.518361
vn -0.012351 0.999840 0.012928
v -1.039622 -0.616247 13.322549 0.59626 0.59856 0.57786
vt 0.094741 0.528414
vn -0.012351 0.999840 0.012928
f 5662/5662/5662 5663/5663/5663 5664/5664/5664
v -0.680845 -0.916184 14.221012 0.16446 0.26942 0.33025
vt 0.972743 0.587839
vn -0.012313 0.999862 0.011184
v -0.675366 -0.906274 13.341056 0.16446 0.26942 0.33025
vt 0.963928 0.587740
vn -0.012313 0.999862 0.011184
v -1.024764 -0.910489 13.333217 0.16446 0.26942 0.33025
vt 0.964191 0.576666
vn -0.012313 0.999862 0.011184
f 5665/5665/5665 5666/5666/5666 5667/5667/5667
v -0.680845 -0.916184 14.221012 0.16446 0.26942 0.33025
vt 0.972743 0.587839
vn -0.016712 0.999777 0.012888
v -1.024764 -0.910489 13.333217 0.16446 0.26942 0.33025
vt 0.964191 0.576666
vn -0.016712 0.999777 0.012888
v -1.030168 -0.921790 14.202883 0.16446 0.26942 0.33025
vt 0.972932 0.576781
vn -0.016712 0.999777 0.012888
f 5668/5668/5668 5669/5669/5669 5670/5670/5670
v -0.663981 -0.885681 11.512689 0.14936 0.26036 0.33327
vt 0.945695 0.587350
vn -0.002806 0.999933 0.011244
v -0.663457 -0.884734 11.428625 0.14936 0.26036 0.33327
vt 0.945013 0.587341
vn -0.002806 0.999933 0.011244
v -1.012930 -0.885715 11.428625 0.14936 0.26036 0.33327
vt 0.945267 0.576179
vn -0.002806 0.999933 0.011244
f 5671/5671/5671 5672/5672/5672 5673/5673/5673
v -0.663981 -0.885681 11.512689 0.14936 0.26036 0.33327
vt 0.945695 0.587350
vn -0.003230 0.999910 0.013003
v -1.012930 -0.885715 11.428625 0.14936 0.26036 0.33327
vt 0.945267 0.576179
vn -0.003230 0.999910 0.013003
v -1.013456 -0.886818 11.513321 0.14936 0.26036 0.33327
vt 0.946055 0.576251
vn -0.003230 0.999910 0.013003
f 5674/5674/5674 5675/5675/5675 5676/5676/5676
v -1.035851 -0.933498 15.117369 0.18861 0.29358 0.35441
vt 0.982123 0.576904
vn -0.020652 0.999725 0.011131
v -0.687268 -0.927803 15.252581 0.18861 0.29358 0.35441
vt 0.983094 0.587966
vn -0.020652 0.999725 0.011131
v -0.680845 -0.916184 14.221012 0.18861 0.29358 0.35441
vt 0.972743 0.587839
vn -0.020652 0.999725 0.011131
f 5677/5677/5677 5678/5678/5678 5679/5679/5679
v -1.035851 -0.933498 15.117369 0.16144 0.26640 0.32723
vt 0.982123 0.576904
vn -0.016702 0.999780 0.012697
v -0.680845 -0.916184 14.221012 0.16144 0.26640 0.32723
vt 0.972743 0.587839
vn -0.016702 0.999780 0.012697
v -1.030168 -0.921790 14.202883 0.16144 0.26640 0.32723
vt 0.972932 0.576781
vn -0.016702 0.999780 0.012697
f 5680/5680/5680 5681/5681/5681 5682/5682/5682
v -1.020370 -0.681626 15.107204 0.53285 0.29962 0.28194
vt 0.017707 0.492721
vn 0.361843 -0.059783 -0.930320
v -0.671786 -0.675931 15.242418 0.53285 0.29962 0.28194
vt 0.016560 0.483136
vn 0.361843 -0.059783 -0.930320
v -0.687268 -0.927803 15.252581 0.53285 0.29962 0.28194
vt 0.031267 0.482417
vn 0.361843 -0.059783 -0.930320
f 5683/5683/5683 5684/5684/5684 5685/5685/5685
v -1.020370 -0.681626 15.107204 0.53285 0.28452 0.27892
vt 0.017707 0.492721
vn 0.361840 -0.059787 -0.930321
v -0.687268 -0.927803 15.252581 0.53285 0.28452 0.27892
vt 0.031267 0.482417
vn 0.361840 -0.059787 -0.930321
v -1.035851 -0.933498 15.117369 0.53285 0.28452 0.27892
vt 0.032382 0.491719
vn 0.361840 -0.059787 -0.930321
f 5686/5686/5686 5687/5687/5687 5688/5688/5688
v -1.349253 -0.688049 15.051831 0.91030 0.91260 0.89190
vt 0.233591 0.023528
vn -0.364884 0.059921 0.929123
v -1.364734 -0.939920 15.061995 0.91030 0.91260 0.89190
vt 0.232549 0.036733
vn -0.364884 0.059921 0.929123
v -1.036307 -0.934449 15.190622 0.91030 0.91260 0.89190
vt 0.214385 0.035913
vn -0.364884 0.059921 0.929123
f 5689/5689/5689 5690/5690/5690 5691/5691/5691
v -1.349253 -0.688049 15.051831 0.91030 0.91260 0.89190
vt 0.233591 0.023528
vn -0.364884 0.059921 0.929123
v -1.036307 -0.934449 15.190622 0.91030 0.91260 0.89190
vt 0.214385 0.035913
vn -0.364884 0.059921 0.929123
v -1.020825 -0.682577 15.180458 0.91030 0.91260 0.89190
vt 0.215199 0.022757
vn -0.364884 0.059921 0.929123
f 5692/5692/5692 5693/5693/5693 5694/5694/5694
v -1.342204 -2.101199 10.943063 0.15238 0.26338 0.33629
vt 0.857251 0.563642
vn -0.007135 0.999975 -0.000001
v -1.342204 -2.101198 11.394940 0.15238 0.26338 0.33629
vt 0.861185 0.564028
vn -0.007135 0.999975 -0.000001
v -1.012930 -2.098849 11.394940 0.15238 0.26338 0.33629
vt 0.861200 0.574065
vn -0.007135 0.999975 -0.000001
f 5695/5695/5695 5696/5696/5696 5697/5697/5697
v -1.342204 -2.101199 10.943063 0.15238 0.26338 0.33629
vt 0.857251 0.563642
vn -0.007135 0.999975 -0.000001
v -1.012930 -2.098849 11.394940 0.15238 0.26338 0.33629
vt 0.861200 0.574065
vn -0.007135 0.999975 -0.000001
v -1.012930 -2.098849 10.943063 0.15238 0.26338 0.33629
vt 0.856932 0.573890
vn -0.007135 0.999975 -0.000001
f 5698/5698/5698 5699/5699/5699 5700/5700/5700
v -0.662453 1.691274 -8.887917 0.91030 0.89750 0.87076
vt 0.064169 0.952587
vn -0.000000 -0.001678 -0.999999
v -0.662695 1.390910 -8.887413 0.91030 0.89750 0.87076
vt 0.064809 0.976487
vn -0.000000 -0.001678 -0.999999
v -1.253099 1.390941 -8.887413 0.91030 0.89750 0.87076
vt 0.043462 0.977067
vn -0.000000 -0.001678 -0.999999
f 5701/5701/5701 5702/5702/5702 5703/5703/5703
v -0.662453 1.691274 -8.887917 0.91030 0.90958 0.89190
vt 0.064169 0.952587
vn -0.000000 -0.001678 -0.999999
v -1.253099 1.390941 -8.887413 0.91030 0.90958 0.89190
vt 0.043462 0.977067
vn -0.000000 -0.001678 -0.999999
v -1.252857 1.691305 -8.887917 0.91030 0.90958 0.89190
vt 0.042814 0.953166
vn -0.000000 -0.001678 -0.999999
f 5704/5704/5704 5705/5705/5705 5706/5706/5706
v -0.662352 1.872854 -6.460260 0.18559 0.28452 0.34233
vt 0.271679 0.935895
vn -0.000040 -0.463112 0.886300
v -0.662310 2.462867 -6.151965 0.18559 0.28452 0.34233
vt 0.271619 0.888780
vn -0.000040 -0.463112 0.886300
v -1.252689 2.462918 -6.151965 0.18559 0.28452 0.34233
vt 0.292809 0.888760
vn -0.000040 -0.463112 0.886300
f 5707/5707/5707 5708/5708/5708 5709/5709/5709
v -0.662352 1.872854 -6.460260 0.16446 0.26942 0.32421
vt 0.271679 0.935895
vn -0.000040 -0.463112 0.886300
v -1.252689 2.462918 -6.151965 0.16446 0.26942 0.32421
vt 0.292809 0.888760
vn -0.000040 -0.463112 0.886300
v -1.252781 1.872905 -6.460260 0.16446 0.26942 0.32421
vt 0.293083 0.935846
vn -0.000040 -0.463112 0.886300
f 5710/5710/5710 5711/5711/5711 5712/5712/5712
v -1.809137 1.691335 -8.887917 0.91030 0.91260 0.89190
vt 0.022702 0.953720
vn -0.000000 -0.000843 -1.000000
v -1.808894 2.292871 -8.888424 0.91030 0.91260 0.89190
vt 0.021376 0.905853
vn -0.000000 -0.000843 -1.000000
v -1.252613 2.292842 -8.888424 0.91030 0.91260 0.89190
vt 0.041488 0.905299
vn -0.000000 -0.000843 -1.000000
f 5713/5713/5713 5714/5714/5714 5715/5715/5715
v -1.809137 1.691335 -8.887917 0.91030 0.91260 0.89190
vt 0.022702 0.953720
vn -0.000000 -0.000843 -1.000000
v -1.252613 2.292842 -8.888424 0.91030 0.91260 0.89190
vt 0.041488 0.905299
vn -0.000000 -0.000843 -1.000000
v -1.252857 1.691305 -8.887917 0.91030 0.91260 0.89190
vt 0.042814 0.953166
vn -0.000000 -0.000843 -1.000000
f 5716/5716/5716 5717/5717/5717 5718/5718/5718
v -0.663457 -0.771465 -15.322760 0.52077 0.29660 0.27590
vt 0.906786 0.022294
vn -0.272930 -0.000011 -0.962034
v -0.663457 -1.073101 -15.322756 0.52077 0.29660 0.27590
vt 0.909337 0.038017
vn -0.272930 -0.000011 -0.962034
v -1.182298 -1.073101 -15.175561 0.52077 0.29660 0.27590
vt 0.880450 0.038873
vn -0.272930 -0.000011 -0.962034
f 5719/5719/5719 5720/5720/5720 5721/5721/5721
v -0.663457 -0.771465 -15.322760 0.51775 0.29358 0.27288
vt 0.906786 0.022294
vn -0.272932 -0.000007 -0.962033
v -1.182298 -1.073101 -15.175561 0.51775 0.29358 0.27288
vt 0.880450 0.038873
vn -0.272932 -0.000007 -0.962033
v -1.182298 -0.771465 -15.175563 0.51775 0.29358 0.27288
vt 0.877881 0.023151
vn -0.272932 -0.000007 -0.962033
f 5722/5722/5722 5723/5723/5723 5724/5724/5724
v -1.694657 -0.771465 -14.866272 0.34865 0.26338 0.27288
vt 0.823782 0.953347
vn 0.267158 0.000011 0.963653
v -1.694657 -1.073101 -14.866269 0.34865 0.26338 0.27288
vt 0.823211 0.975467
vn 0.267158 0.000011 0.963653
v -1.194400 -1.073101 -15.004957 0.34865 0.26338 0.27288
vt 0.806503 0.975045
vn 0.267158 0.000011 0.963653
f 5725/5725/5725 5726/5726/5726 5727/5727/5727
v -1.694657 -0.771465 -14.866272 0.23089 0.28150 0.31214
vt 0.823782 0.953347
vn 0.267158 0.000011 0.963653
v -1.194400 -1.073101 -15.004957 0.23089 0.28150 0.31214
vt 0.806503 0.975045
vn 0.267158 0.000011 0.963653
v -1.194400 -0.771465 -15.004960 0.23089 0.28150 0.31214
vt 0.807047 0.952943
vn 0.267158 0.000011 0.963653
f 5728/5728/5728 5729/5729/5729 5730/5730/5730
v -1.809691 0.726354 -12.459416 0.36979 0.23923 0.28496
vt 0.241028 0.606501
vn 0.000000 0.001277 0.999999
v -1.809740 0.424719 -12.459030 0.36979 0.23923 0.28496
vt 0.223167 0.624605
vn 0.000000 0.001277 0.999999
v -1.253459 0.424718 -12.459030 0.36979 0.23923 0.28496
vt 0.207980 0.609926
vn 0.000000 0.001277 0.999999
f 5731/5731/5731 5732/5732/5732 5733/5733/5733
v -1.809691 0.726354 -12.459416 0.16446 0.26640 0.34233
vt 0.241028 0.606501
vn 0.000000 0.001277 0.999999
v -1.253459 0.424718 -12.459030 0.16446 0.26640 0.34233
vt 0.207980 0.609926
vn 0.000000 0.001277 0.999999
v -1.253411 0.726353 -12.459416 0.16446 0.26640 0.34233
vt 0.225670 0.591656
vn 0.000000 0.001277 0.999999
f 5734/5734/5734 5735/5735/5735 5736/5736/5736
v -0.663007 0.726351 -12.579690 0.17050 0.28150 0.34837
vt 0.540049 0.851846
vn 0.000000 -0.001277 -0.999999
v -0.663056 0.424715 -12.579305 0.17050 0.28150 0.34837
vt 0.540272 0.828203
vn 0.000000 -0.001277 -0.999999
v -1.253459 0.424715 -12.579305 0.17050 0.28150 0.34837
vt 0.561351 0.828465
vn 0.000000 -0.001277 -0.999999
f 5737/5737/5737 5738/5738/5738 5739/5739/5739
v -0.663007 0.726351 -12.579690 0.14332 0.26338 0.32119
vt 0.540049 0.851846
vn -0.000000 -0.001277 -0.999999
v -1.253459 0.424715 -12.579305 0.14332 0.26338 0.32119
vt 0.561351 0.828465
vn -0.000000 -0.001277 -0.999999
v -1.253411 0.726351 -12.579690 0.14332 0.26338 0.32119
vt 0.561075 0.852088
vn -0.000000 -0.001277 -0.999999
f 5740/5740/5740 5741/5741/5741 5742/5742/5742
v -0.662695 1.691128 -6.358755 0.65363 0.27848 0.26080
vt 0.192849 0.754860
vn 0.000086 0.999999 0.001166
v -0.662453 1.691312 -6.516776 0.65363 0.27848 0.26080
vt 0.192743 0.752943
vn 0.000086 0.999999 0.001166
v -1.252857 1.691363 -6.516776 0.65363 0.27848 0.26080
vt 0.215426 0.751204
vn 0.000086 0.999999 0.001166
f 5743/5743/5743 5744/5744/5744 5745/5745/5745
v -0.662695 1.691128 -6.358755 0.70497 0.20903 0.20645
vt 0.192849 0.754860
vn 0.001365 0.999993 -0.003610
v -1.252857 1.691363 -6.516776 0.70497 0.20903 0.20645
vt 0.215426 0.751204
vn 0.001365 0.999993 -0.003610
v -1.253049 1.691931 -6.359551 0.70497 0.20903 0.20645
vt 0.215159 0.753047
vn 0.001365 0.999993 -0.003610
f 5746/5746/5746 5747/5747/5747 5748/5748/5748
v -0.662695 1.390951 -6.359826 0.19767 0.27546 0.33931
vt 0.771195 0.906435
vn -0.001355 -0.003570 0.999993
v -0.662695 1.691128 -6.358755 0.19767 0.27546 0.33931
vt 0.770983 0.929947
vn -0.001355 -0.003570 0.999993
v -1.253049 1.691931 -6.359551 0.19767 0.27546 0.33931
vt 0.749944 0.929817
vn -0.001355 -0.003570 0.999993
f 5749/5749/5749 5750/5750/5750 5751/5751/5751
v -0.662695 1.390951 -6.359826 0.16144 0.25735 0.33629
vt 0.771195 0.906435
vn -0.000000 -0.000913 1.000000
v -1.253049 1.691931 -6.359551 0.16144 0.25735 0.33629
vt 0.749944 0.929817
vn -0.000000 -0.000913 1.000000
v -1.253099 1.391003 -6.359826 0.16144 0.25735 0.33629
vt 0.750160 0.906245
vn -0.000000 -0.000913 1.000000
f 5752/5752/5752 5753/5753/5753 5754/5754/5754
v -1.809380 1.390935 -9.985126 0.15540 0.26036 0.33629
vt 0.462021 0.895749
vn 0.000053 1.000000 -0.000032
v -1.809380 1.390970 -8.887413 0.15540 0.26036 0.33629
vt 0.461989 0.884878
vn 0.000053 1.000000 -0.000032
v -1.253099 1.390941 -8.887413 0.15540 0.26036 0.33629
vt 0.479349 0.884827
vn 0.000053 1.000000 -0.000032
f 5755/5755/5755 5756/5756/5756 5757/5757/5757
v -1.809380 1.390935 -9.985126 0.14936 0.27244 0.32723
vt 0.462021 0.895749
vn 0.000036 1.000000 -0.000024
v -1.253099 1.390941 -8.887413 0.14936 0.27244 0.32723
vt 0.479349 0.884827
vn 0.000036 1.000000 -0.000024
v -1.253099 1.390914 -9.985126 0.14936 0.27244 0.32723
vt 0.479381 0.895697
vn 0.000036 1.000000 -0.000024
f 5758/5758/5758 5759/5759/5759 5760/5760/5760
v -1.034905 -4.440080 -10.302862 0.91030 0.91260 0.89190
vt 0.742629 0.229443
vn -0.521209 -0.853427 -0.001828
v -1.355257 -4.244335 -10.348796 0.91030 0.91260 0.89190
vt 0.742416 0.216681
vn -0.521209 -0.853427 -0.001828
v -1.353088 -4.245106 -10.607237 0.91030 0.91260 0.89190
vt 0.747111 0.216631
vn -0.521209 -0.853427 -0.001828
f 5761/5761/5761 5762/5762/5762 5763/5763/5763
v -1.034905 -4.440080 -10.302862 0.91030 0.91260 0.89190
vt 0.742629 0.229443
vn -0.521621 -0.853176 -0.001236
v -1.353088 -4.245106 -10.607237 0.91030 0.91260 0.89190
vt 0.747111 0.216631
vn -0.521621 -0.853176 -0.001236
v -1.033168 -4.440677 -10.623869 0.91030 0.91260 0.89190
vt 0.748399 0.229382
vn -0.521621 -0.853176 -0.001236
f 5764/5764/5764 5765/5765/5765 5766/5766/5766
v -1.809314 1.692571 -9.985402 0.73818 0.16374 0.14002
vt 0.152493 0.830554
vn 0.000000 0.000915 1.000000
v -1.809380 1.390935 -9.985126 0.73818 0.16374 0.14002
vt 0.151257 0.852732
vn 0.000000 0.000915 1.000000
v -1.253099 1.390914 -9.985126 0.73818 0.16374 0.14002
vt 0.132679 0.851696
vn 0.000000 0.000915 1.000000
f 5767/5767/5767 5768/5768/5768 5769/5769/5769
v -1.809314 1.692571 -9.985402 0.75630 0.16072 0.14304
vt 0.152493 0.830554
vn 0.000000 0.000915 1.000000
v -1.253099 1.390914 -9.985126 0.75630 0.16072 0.14304
vt 0.132679 0.851696
vn 0.000000 0.000915 1.000000
v -1.253034 1.692550 -9.985402 0.75630 0.16072 0.14304
vt 0.133915 0.829520
vn 0.000000 0.000915 1.000000
f 5770/5770/5770 5771/5771/5771 5772/5772/5772
v -0.662630 1.692526 -10.153262 0.91030 0.91260 0.89190
vt 0.114298 0.826641
vn -0.000000 -0.000915 -1.000000
v -0.662695 1.390890 -10.152986 0.91030 0.91260 0.89190
vt 0.115536 0.804467
vn -0.000000 -0.000915 -1.000000
v -1.253099 1.390910 -10.152986 0.91030 0.91260 0.89190
vt 0.135250 0.805568
vn -0.000000 -0.000915 -1.000000
f 5773/5773/5773 5774/5774/5774 5775/5775/5775
v -0.662630 1.692526 -10.153262 0.91030 0.88240 0.86170
vt 0.114298 0.826641
vn -0.000000 -0.000915 -1.000000
v -1.253099 1.390910 -10.152986 0.91030 0.88240 0.86170
vt 0.135250 0.805568
vn -0.000000 -0.000915 -1.000000
v -1.253034 1.692546 -10.153262 0.91030 0.88240 0.86170
vt 0.134013 0.827741
vn -0.000000 -0.000915 -1.000000
f 5776/5776/5776 5777/5777/5777 5778/5778/5778
v -0.944233 -4.097954 12.324733 0.59626 0.59856 0.57786
vt 0.197100 0.202125
vn -0.663642 -0.723759 0.189083
v -1.202745 -3.873612 12.276128 0.59626 0.59856 0.57786
vt 0.213197 0.190862
vn -0.663642 -0.723759 0.189083
v -1.217328 -3.962953 11.882975 0.59626 0.59856 0.57786
vt 0.216440 0.196155
vn -0.663642 -0.723759 0.189083
f 5779/5779/5779 5780/5780/5780 5781/5781/5781
v -0.944233 -4.097954 12.324733 0.59626 0.59856 0.57786
vt 0.197100 0.202125
vn -0.662670 -0.724896 0.188135
v -1.217328 -3.962953 11.882975 0.59626 0.59856 0.57786
vt 0.216440 0.196155
vn -0.662670 -0.724896 0.188135
v -0.951110 -4.192836 11.934922 0.59626 0.59856 0.57786
vt 0.199723 0.207711
vn -0.662670 -0.724896 0.188135
f 5782/5782/5782 5783/5783/5783 5784/5784/5784
v -1.342733 -0.887889 11.513917 0.16144 0.26036 0.32421
vt 0.946267 0.565842
vn -0.008503 0.999857 0.014610
v -1.349203 -0.903192 12.557413 0.16144 0.26036 0.32421
vt 0.956783 0.566025
vn -0.008503 0.999857 0.014610
v -1.019968 -0.900450 12.561414 0.16144 0.26036 0.32421
vt 0.956562 0.576431
vn -0.008503 0.999857 0.014610
f 5785/5785/5785 5786/5786/5786 5787/5787/5787
v -1.342733 -0.887889 11.513917 0.15238 0.26338 0.33025
vt 0.946267 0.565842
vn -0.003230 0.999910 0.012985
v -1.019968 -0.900450 12.561414 0.15238 0.26338 0.33025
vt 0.956562 0.576431
vn -0.003230 0.999910 0.012985
v -1.013456 -0.886818 11.513321 0.15238 0.26338 0.33025
vt 0.946055 0.576251
vn -0.003230 0.999910 0.012985
f 5788/5788/5788 5789/5789/5789 5790/5790/5790
v -0.675366 -0.906274 13.341056 0.59022 0.59252 0.57182
vt 0.080556 0.554904
vn -0.022839 0.035071 0.999124
v -0.690223 -0.612032 13.330388 0.59022 0.59252 0.57182
vt 0.080444 0.528416
vn -0.022839 0.035071 0.999124
v -1.039622 -0.616247 13.322549 0.59022 0.59252 0.57182
vt 0.094741 0.528414
vn -0.022839 0.035071 0.999124
f 5791/5791/5791 5792/5792/5792 5793/5793/5793
v -0.675366 -0.906274 13.341056 0.59626 0.59856 0.57786
vt 0.080556 0.554904
vn -0.022839 0.035070 0.999124
v -1.039622 -0.616247 13.322549 0.59626 0.59856 0.57786
vt 0.094741 0.528414
vn -0.022839 0.035070 0.999124
v -1.024764 -0.910489 13.333217 0.59626 0.59856 0.57786
vt 0.094844 0.554900
vn -0.022839 0.035070 0.999124
f 5794/5794/5794 5795/5795/5795 5796/5796/5796
v -1.349203 -0.903192 12.557413 0.59626 0.59856 0.57786
vt 0.107993 0.491905
vn 0.012444 -0.035601 -0.999289
v -1.364061 -0.608950 12.546745 0.59626 0.59856 0.57786
vt 0.108054 0.518392
vn 0.012444 -0.035601 -0.999289
v -1.034826 -0.606208 12.550747 0.59626 0.59856 0.57786
vt 0.094595 0.518361
vn 0.012444 -0.035601 -0.999289
f 5797/5797/5797 5798/5798/5798 5799/5799/5799
v -1.349203 -0.903192 12.557413 0.59626 0.59856 0.57786
vt 0.107993 0.491905
vn 0.012440 -0.035598 -0.999289
v -1.034826 -0.606208 12.550747 0.59626 0.59856 0.57786
vt 0.094595 0.518361
vn 0.012440 -0.035598 -0.999289
v -1.019968 -0.900450 12.561414 0.59626 0.59856 0.57786
vt 0.094533 0.491874
vn 0.012440 -0.035598 -0.999289
f 5800/5800/5800 5801/5801/5801 5802/5802/5802
v -1.808894 2.292871 -8.888424 0.91030 0.91260 0.89190
vt 0.021376 0.905853
vn 0.000007 0.128457 -0.991715
v -1.808894 2.488585 -8.863074 0.91030 0.91260 0.89190
vt 0.020944 0.890276
vn 0.000007 0.128457 -0.991715
v -1.252613 2.488556 -8.863074 0.91030 0.91260 0.89190
vt 0.041059 0.889721
vn 0.000007 0.128457 -0.991715
f 5803/5803/5803 5804/5804/5804 5805/5805/5805
v -1.808894 2.292871 -8.888424 0.91030 0.91260 0.89190
vt 0.021376 0.905853
vn 0.000007 0.128456 -0.991715
v -1.252613 2.488556 -8.863074 0.91030 0.91260 0.89190
vt 0.041059 0.889721
vn 0.000007 0.128456 -0.991715
v -1.252613 2.292842 -8.888424 0.91030 0.91260 0.89190
vt 0.041488 0.905299
vn 0.000007 0.128456 -0.991715
f 5806/5806/5806 5807/5807/5807 5808/5808/5808
v -0.662109 2.823719 -6.185483 0.24297 0.30566 0.36649
vt 0.271812 0.859660
vn 0.000049 0.578794 0.815474
v -0.662308 2.961426 -6.283222 0.24297 0.30566 0.36649
vt 0.271945 0.848671
vn 0.000049 0.578794 0.815474
v -1.252689 2.961476 -6.283222 0.24297 0.30566 0.36649
vt 0.293347 0.848716
vn 0.000049 0.578794 0.815474
f 5809/5809/5809 5810/5810/5810 5811/5811/5811
v -0.662109 2.823719 -6.185483 0.21881 0.29056 0.35139
vt 0.271812 0.859660
vn 0.000050 0.578795 0.815473
v -1.252689 2.961476 -6.283222 0.21881 0.29056 0.35139
vt 0.293347 0.848716
vn 0.000050 0.578795 0.815473
v -1.252538 2.823770 -6.185483 0.21881 0.29056 0.35139
vt 0.293078 0.859688
vn 0.000050 0.578795 0.815473
f 5812/5812/5812 5813/5813/5813 5814/5814/5814
v 0.987163 -4.274977 -14.580005 0.51775 0.29358 0.27288
vt 0.922954 0.326676
vn 0.272727 -0.467218 -0.841028
v 0.656580 -4.443718 -14.593464 0.51775 0.29358 0.27288
vt 0.942199 0.318567
vn 0.272727 -0.467218 -0.841028
v 0.716098 -3.494008 -15.101758 0.51775 0.29358 0.27288
vt 0.936718 0.364698
vn 0.272727 -0.467218 -0.841028
f 5815/5815/5815 5816/5816/5816 5817/5817/5817
v 0.987163 -4.274977 -14.580005 0.51775 0.29358 0.27288
vt 0.922954 0.326676
vn 0.285639 -0.461852 -0.839704
v 0.716098 -3.494008 -15.101758 0.51775 0.29358 0.27288
vt 0.936718 0.364698
vn 0.285639 -0.461852 -0.839704
v 1.088427 -3.398823 -15.027458 0.51775 0.29358 0.27288
vt 0.914951 0.369189
vn 0.285639 -0.461852 -0.839704
f 5818/5818/5818 5819/5819/5819 5820/5820/5820
v 0.623832 -4.035620 13.002974 0.91030 0.91260 0.89190
vt 0.164038 0.346404
vn 0.645955 -0.667337 0.370679
v 0.673716 -4.347726 12.354157 0.91030 0.91260 0.89190
vt 0.164350 0.330789
vn 0.645955 -0.667337 0.370679
v 0.948909 -4.111283 12.300268 0.91030 0.91260 0.89190
vt 0.184261 0.341202
vn 0.645955 -0.667337 0.370679
f 5821/5821/5821 5822/5822/5822 5823/5823/5823
v 0.623832 -4.035620 13.002974 0.91030 0.91260 0.89190
vt 0.164038 0.346404
vn 0.611833 -0.704859 0.358934
v 0.948909 -4.111283 12.300268 0.91030 0.91260 0.89190
vt 0.184261 0.341202
vn 0.611833 -0.704859 0.358934
v 0.896581 -3.825733 12.950218 0.91030 0.91260 0.89190
vt 0.183102 0.355659
vn 0.611833 -0.704859 0.358934
f 5824/5824/5824 5825/5825/5825 5826/5826/5826
v 0.663457 -2.096355 -6.357645 0.15540 0.26036 0.33629
vt 0.682244 0.620363
vn 0.004408 0.999990 -0.000000
v 0.663457 -2.096355 -6.019864 0.15540 0.26036 0.33629
vt 0.685590 0.620497
vn 0.004408 0.999990 -0.000000
v 1.227351 -2.098841 -6.019864 0.15540 0.26036 0.33629
vt 0.685037 0.638311
vn 0.004408 0.999990 -0.000000
f 5827/5827/5827 5828/5828/5828 5829/5829/5829
v 0.663457 -2.096355 -6.357645 0.15238 0.26338 0.33629
vt 0.682244 0.620363
vn 0.004236 0.999991 0.000285
v 1.227351 -2.098841 -6.019864 0.15238 0.26338 0.33629
vt 0.685037 0.638311
vn 0.004236 0.999991 0.000285
v 1.250172 -2.098841 -6.357645 0.15238 0.26338 0.33629
vt 0.681645 0.638883
vn 0.004236 0.999991 0.000285
f 5830/5830/5830 5831/5831/5831 5832/5832/5832
v 0.660702 -4.528409 11.512602 0.51775 0.29358 0.27288
vt 0.347121 0.300646
vn 0.637837 -0.766954 0.070327
v 0.667499 -4.579582 10.892884 0.51775 0.29358 0.27288
vt 0.359098 0.298807
vn 0.637837 -0.766954 0.070327
v 0.974041 -4.350030 10.616063 0.51775 0.29358 0.27288
vt 0.363699 0.311910
vn 0.637837 -0.766954 0.070327
f 5833/5833/5833 5834/5834/5834 5835/5835/5835
v 0.660702 -4.528409 11.512602 0.51775 0.29358 0.27288
vt 0.347121 0.300646
vn 0.649575 -0.756437 0.076522
v 0.974041 -4.350030 10.616063 0.51775 0.29358 0.27288
vt 0.363699 0.311910
vn 0.649575 -0.756437 0.076522
v 0.953380 -4.286028 11.424130 0.51775 0.29358 0.27288
vt 0.348158 0.314369
vn 0.649575 -0.756437 0.076522
f 5836/5836/5836 5837/5837/5837 5838/5838/5838
v 0.663007 0.726351 -12.579690 0.59626 0.59856 0.57786
vt 0.113739 0.568126
vn -0.000002 1.000000 -0.000011
v 0.663007 0.726352 -12.459416 0.59626 0.59856 0.57786
vt 0.113816 0.569087
vn -0.000002 1.000000 -0.000011
v 1.251531 0.726353 -12.459416 0.59626 0.59856 0.57786
vt 0.099260 0.586056
vn -0.000002 1.000000 -0.000011
f 5839/5839/5839 5840/5840/5840 5841/5841/5841
v 0.663007 0.726351 -12.579690 0.59626 0.59856 0.57786
vt 0.113739 0.568126
vn 0.000000 1.000000 -0.000020
v 1.251531 0.726353 -12.459416 0.59626 0.59856 0.57786
vt 0.099260 0.586056
vn 0.000000 1.000000 -0.000020
v 1.251531 0.726351 -12.579690 0.59626 0.59856 0.57786
vt 0.098174 0.585077
vn 0.000000 1.000000 -0.000020
f 5842/5842/5842 5843/5843/5843 5844/5844/5844
v 1.042276 -4.438501 -8.193851 0.50567 0.28452 0.28496
vt 0.705482 0.307897
vn 0.519811 -0.854281 -0.000342
v 0.702536 -4.645324 -7.948584 0.50567 0.28452 0.28496
vt 0.700769 0.295365
vn 0.519811 -0.854281 -0.000342
v 0.702195 -4.645429 -8.203717 0.50567 0.28452 0.28496
vt 0.705402 0.295405
vn 0.519811 -0.854281 -0.000342
f 5845/5845/5845 5846/5846/5846 5847/5847/5847
v 1.042276 -4.438501 -8.193851 0.51775 0.29358 0.27288
vt 0.705482 0.307897
vn 0.519891 -0.854222 -0.004363
v 0.702195 -4.645429 -8.203717 0.51775 0.29358 0.27288
vt 0.705402 0.295405
vn 0.519891 -0.854222 -0.004363
v 1.040960 -4.437758 -8.496274 0.51775 0.29358 0.27288
vt 0.710911 0.307954
vn 0.519891 -0.854222 -0.004363
f 5848/5848/5848 5849/5849/5849 5850/5850/5850
v 1.180646 -0.771465 -15.176031 0.17654 0.26942 0.33327
vt 0.726300 0.951974
vn 0.000000 1.000000 0.000000
v 0.663457 -0.771465 -15.322760 0.17654 0.26942 0.33327
vt 0.743612 0.951124
vn 0.000000 1.000000 0.000000
v 0.663457 -0.771465 -15.152156 0.17654 0.26942 0.33327
vt 0.743550 0.952932
vn 0.000000 1.000000 0.000000
f 5851/5851/5851 5852/5852/5852 5853/5853/5853
v 1.180646 -0.771465 -15.176031 0.16748 0.26640 0.33025
vt 0.726300 0.951974
vn -0.000000 1.000000 -0.000002
v 0.663457 -0.771465 -15.152156 0.16748 0.26640 0.33025
vt 0.743550 0.952932
vn -0.000000 1.000000 -0.000002
v 1.192710 -0.771465 -15.005428 0.16748 0.26640 0.33025
vt 0.725823 0.953761
vn -0.000000 1.000000 -0.000002
f 5854/5854/5854 5855/5855/5855 5856/5856/5856
v 0.688964 -4.649801 -12.142657 0.55399 0.43550 0.42688
vt 0.776785 0.295062
vn 0.479656 -0.877430 0.006817
v 0.667280 -4.678135 -14.263647 0.55399 0.43550 0.42688
vt 0.815278 0.293654
vn 0.479656 -0.877430 0.006817
v 1.003627 -4.494030 -14.233089 0.55399 0.43550 0.42688
vt 0.814877 0.305162
vn 0.479656 -0.877430 0.006817
f 5857/5857/5857 5858/5858/5858 5859/5859/5859
v 0.688964 -4.649801 -12.142657 0.52681 0.30264 0.29100
vt 0.776785 0.295062
vn 0.512113 -0.858818 0.013090
v 1.003627 -4.494030 -14.233089 0.52681 0.30264 0.29100
vt 0.814877 0.305162
vn 0.512113 -0.858818 0.013090
v 1.028183 -4.445175 -11.988538 0.52681 0.30264 0.29100
vt 0.774137 0.307531
vn 0.512113 -0.858818 0.013090
f 5860/5860/5860 5861/5861/5861 5862/5862/5862
v 1.154446 -2.145242 -15.126250 0.51775 0.29358 0.27288
vt 0.910934 0.429954
vn 0.292556 -0.072225 -0.953517
v 0.749687 -2.163519 -15.249053 0.51775 0.29358 0.27288
vt 0.934235 0.429209
vn 0.292556 -0.072225 -0.953517
v 0.732478 -1.691901 -15.290057 0.51775 0.29358 0.27288
vt 0.934881 0.452061
vn 0.292556 -0.072225 -0.953517
f 5863/5863/5863 5864/5864/5864 5865/5865/5865
v 1.154446 -2.145242 -15.126250 0.51775 0.29358 0.27288
vt 0.910934 0.429954
vn 0.295049 -0.069696 -0.952937
v 0.732478 -1.691901 -15.290057 0.51775 0.29358 0.27288
vt 0.934881 0.452061
vn 0.295049 -0.069696 -0.952937
v 1.176739 -1.691865 -15.152507 0.51775 0.29358 0.27288
vt 0.909384 0.451920
vn 0.295049 -0.069696 -0.952937
f 5866/5866/5866 5867/5867/5867 5868/5868/5868
v 0.663457 -2.096355 11.394940 0.20673 0.29056 0.36045
vt 0.859454 0.626327
vn 0.000078 0.027792 -0.999614
v 0.663457 -0.884734 11.428625 0.20673 0.29056 0.36045
vt 0.943453 0.629592
vn 0.000078 0.027792 -0.999614
v 1.011817 -0.885711 11.428625 0.20673 0.29056 0.36045
vt 0.942871 0.640699
vn 0.000078 0.027792 -0.999614
f 5869/5869/5869 5870/5870/5870 5871/5871/5871
v 0.663457 -2.096355 11.394940 0.19163 0.27546 0.34535
vt 0.859454 0.626327
vn 0.000198 0.027757 -0.999615
v 1.011817 -0.885711 11.428625 0.19163 0.27546 0.34535
vt 0.942871 0.640699
vn 0.000198 0.027757 -0.999615
v 1.011817 -2.098841 11.394940 0.19163 0.27546 0.34535
vt 0.858815 0.637066
vn 0.000198 0.027757 -0.999615
f 5872/5872/5872 5873/5873/5873 5874/5874/5874
v 0.656222 -2.095151 14.587562 0.91030 0.91260 0.89190
vt 0.196739 0.440020
vn 0.471453 -0.526407 0.707550
v 0.627781 -3.235276 13.758277 0.91030 0.91260 0.89190
vt 0.176838 0.385060
vn 0.471453 -0.526407 0.707550
v 0.910122 -3.093847 13.675369 0.91030 0.91260 0.89190
vt 0.195449 0.391044
vn 0.471453 -0.526407 0.707550
f 5875/5875/5875 5876/5876/5876 5877/5877/5877
v 0.656222 -2.095151 14.587562 0.91030 0.91260 0.89190
vt 0.196739 0.440020
vn 0.388664 -0.565564 0.727377
v 0.910122 -3.093847 13.675369 0.91030 0.91260 0.89190
vt 0.195449 0.391044
vn 0.388664 -0.565564 0.727377
v 0.967615 -2.052493 14.454342 0.91030 0.91260 0.89190
vt 0.215499 0.441148
vn 0.388664 -0.565564 0.727377
f 5878/5878/5878 5879/5879/5879 5880/5880/5880
v 0.987163 -4.274977 -14.580005 0.51775 0.29358 0.27288
vt 0.922954 0.326676
vn 0.417464 -0.780780 -0.464872
v 1.300690 -4.114941 -14.567240 0.51775 0.29358 0.27288
vt 0.904510 0.334413
vn 0.417464 -0.780780 -0.464872
v 1.322621 -4.319423 -14.204107 0.51775 0.29358 0.27288
vt 0.902862 0.324287
vn 0.417464 -0.780780 -0.464872
f 5881/5881/5881 5882/5882/5882 5883/5883/5883
v 0.987163 -4.274977 -14.580005 0.51775 0.29358 0.27288
vt 0.922954 0.326676
vn 0.452090 -0.744362 -0.491467
v 1.322621 -4.319423 -14.204107 0.51775 0.29358 0.27288
vt 0.902862 0.324287
vn 0.452090 -0.744362 -0.491467
v 1.003627 -4.494030 -14.233089 0.51775 0.29358 0.27288
vt 0.921432 0.315809
vn 0.452090 -0.744362 -0.491467
f 5884/5884/5884 5885/5885/5885 5886/5886/5886
v 1.155258 -3.626675 12.900184 0.91030 0.91260 0.89190
vt 0.201481 0.364421
vn 0.492985 -0.636363 0.593303
v 1.177895 -2.959716 13.596738 0.91030 0.91260 0.89190
vt 0.213098 0.396673
vn 0.492985 -0.636363 0.593303
v 0.910122 -3.093847 13.675369 0.91030 0.91260 0.89190
vt 0.195449 0.391044
vn 0.492985 -0.636363 0.593303
f 5887/5887/5887 5888/5888/5888 5889/5889/5889
v 1.155258 -3.626675 12.900184 0.91030 0.91260 0.89190
vt 0.201481 0.364421
vn 0.563817 -0.586534 0.581453
v 0.910122 -3.093847 13.675369 0.91030 0.91260 0.89190
vt 0.195449 0.391044
vn 0.563817 -0.586534 0.581453
v 0.896581 -3.825733 12.950218 0.91030 0.91260 0.89190
vt 0.183102 0.355659
vn 0.563817 -0.586534 0.581453
f 5890/5890/5890 5891/5891/5891 5892/5892/5892
v 1.230957 -4.056152 11.340223 0.91030 0.91260 0.89190
vt 0.209006 0.341218
vn 0.654914 -0.746157 0.119735
v 1.223850 -4.040927 11.473977 0.91030 0.91260 0.89190
vt 0.207616 0.342270
vn 0.654914 -0.746157 0.119735
v 0.949942 -4.272658 11.528077 0.91030 0.91260 0.89190
vt 0.187491 0.331948
vn 0.654914 -0.746157 0.119735
f 5893/5893/5893 5894/5894/5894 5895/5895/5895
v 1.230957 -4.056152 11.340223 0.91030 0.91260 0.89190
vt 0.209006 0.341218
vn 0.654257 -0.747055 0.117717
v 0.949942 -4.272658 11.528077 0.91030 0.91260 0.89190
vt 0.187491 0.331948
vn 0.654257 -0.747055 0.117717
v 0.953380 -4.286028 11.424130 0.91030 0.91260 0.89190
vt 0.188343 0.331050
vn 0.654257 -0.747055 0.117717
f 5896/5896/5896 5897/5897/5897 5898/5898/5898
v 1.251982 -1.073101 -12.577980 0.17955 0.25735 0.31515
vt 0.549336 0.630161
vn -0.000000 1.000000 0.000000
v 1.810142 -1.073101 -12.577980 0.17955 0.25735 0.31515
vt 0.547988 0.647748
vn -0.000000 1.000000 0.000000
v 1.694657 -1.073101 -14.866269 0.17955 0.25735 0.31515
vt 0.525432 0.642319
vn -0.000000 1.000000 0.000000
f 5899/5899/5899 5900/5900/5900 5901/5901/5901
v 1.251982 -1.073101 -12.577980 0.17352 0.26338 0.33025
vt 0.549336 0.630161
vn -0.000001 1.000000 0.000000
v 1.694657 -1.073101 -14.866269 0.17352 0.26338 0.33025
vt 0.525432 0.642319
vn -0.000001 1.000000 0.000000
v 1.192710 -1.073101 -15.005426 0.17352 0.26338 0.33025
vt 0.525228 0.626600
vn -0.000001 1.000000 0.000000
f 5902/5902/5902 5903/5903/5903 5904/5904/5904
v 1.806617 -2.101198 -6.357645 0.22787 0.28754 0.33931
vt 0.681017 0.656426
vn -0.000000 0.000001 1.000000
v 1.810142 -1.072898 -6.357646 0.22787 0.28754 0.33931
vt 0.609778 0.653071
vn -0.000000 0.000001 1.000000
v 1.251982 -1.072948 -6.357646 0.22787 0.28754 0.33931
vt 0.610486 0.635574
vn -0.000000 0.000001 1.000000
f 5905/5905/5905 5906/5906/5906 5907/5907/5907
v 1.806617 -2.101198 -6.357645 0.22787 0.29962 0.35139
vt 0.681017 0.656426
vn 0.000000 0.000001 1.000000
v 1.251982 -1.072948 -6.357646 0.22787 0.29962 0.35139
vt 0.610486 0.635574
vn 0.000000 0.000001 1.000000
v 1.250172 -2.098841 -6.357645 0.22787 0.29962 0.35139
vt 0.681645 0.638883
vn 0.000000 0.000001 1.000000
f 5908/5908/5908 5909/5909/5909 5910/5910/5910
v 1.262943 -2.012036 14.327994 0.90124 0.91260 0.88284
vt 0.233366 0.442124
vn 0.294349 -0.558763 0.775334
v 1.364734 -0.939920 15.061995 0.90124 0.91260 0.88284
vt 0.245889 0.494166
vn 0.294349 -0.558763 0.775334
v 1.035197 -0.934431 15.191057 0.90124 0.91260 0.88284
vt 0.227680 0.495402
vn 0.294349 -0.558763 0.775334
f 5911/5911/5911 5912/5912/5912 5913/5913/5913
v 1.262943 -2.012036 14.327994 0.91030 0.91260 0.89190
vt 0.233366 0.442124
vn 0.394941 -0.522012 0.755993
v 1.035197 -0.934431 15.191057 0.91030 0.91260 0.89190
vt 0.227680 0.495402
vn 0.394941 -0.522012 0.755993
v 0.967615 -2.052493 14.454342 0.91030 0.91260 0.89190
vt 0.215499 0.441148
vn 0.394941 -0.522012 0.755993
f 5914/5914/5914 5915/5915/5915 5916/5916/5916
v 1.342204 -2.101199 10.943063 0.17654 0.26942 0.32119
vt 0.854021 0.647211
vn 0.007136 0.999975 0.000000
v 1.342204 -2.101199 10.505868 0.17654 0.26942 0.32119
vt 0.850111 0.647241
vn 0.007136 0.999975 0.000000
v 1.011817 -2.098841 10.505869 0.17654 0.26942 0.32119
vt 0.850349 0.636863
vn 0.007136 0.999975 0.000000
f 5917/5917/5917 5918/5918/5918 5919/5919/5919
v 1.342204 -2.101199 10.943063 0.17955 0.27546 0.32723
vt 0.854021 0.647211
vn 0.007136 0.999975 0.000000
v 1.011817 -2.098841 10.505869 0.17955 0.27546 0.32723
vt 0.850349 0.636863
vn 0.007136 0.999975 0.000000
v 1.011817 -2.098841 10.943063 0.17955 0.27546 0.32723
vt 0.854492 0.636935
vn 0.007136 0.999975 0.000000
f 5920/5920/5920 5921/5921/5921 5922/5922/5922
v 1.038376 -4.470114 -3.508752 0.51775 0.29358 0.27288
vt 0.620529 0.306680
vn 0.495234 -0.868756 0.002548
v 1.368770 -4.281504 -3.417249 0.51775 0.29358 0.27288
vt 0.619128 0.318285
vn 0.495234 -0.868756 0.002548
v 1.367599 -4.256885 5.203051 0.51775 0.29358 0.27288
vt 0.462832 0.319809
vn 0.495234 -0.868756 0.002548
f 5923/5923/5923 5924/5924/5924 5925/5925/5925
v 1.038376 -4.470114 -3.508752 0.48454 0.27244 0.24872
vt 0.620529 0.306680
vn 0.513594 -0.858032 0.001592
v 1.367599 -4.256885 5.203051 0.48454 0.27244 0.24872
vt 0.462832 0.319809
vn 0.513594 -0.858032 0.001592
v 1.041615 -4.450518 6.006972 0.48454 0.27244 0.24872
vt 0.447928 0.308219
vn 0.513594 -0.858032 0.001592
f 5926/5926/5926 5927/5927/5927 5928/5928/5928
v 1.342204 -2.101199 10.505868 0.17654 0.26640 0.33931
vt 0.850111 0.647241
vn 0.007135 0.999975 0.000000
v 1.342204 -2.101198 -5.715958 0.17654 0.26640 0.33931
vt 0.687974 0.642152
vn 0.007135 0.999975 0.000000
v 1.011817 -2.098841 -5.715958 0.17654 0.26640 0.33931
vt 0.688258 0.631658
vn 0.007135 0.999975 0.000000
f 5929/5929/5929 5930/5930/5930 5931/5931/5931
v 1.342204 -2.101199 10.505868 0.23693 0.30868 0.36649
vt 0.850111 0.647241
vn 0.007136 0.999975 0.000000
v 1.011817 -2.098841 -5.715958 0.23693 0.30868 0.36649
vt 0.688258 0.631658
vn 0.007136 0.999975 0.000000
v 1.011817 -2.098841 10.505869 0.23693 0.30868 0.36649
vt 0.850349 0.636863
vn 0.007136 0.999975 0.000000
f 5932/5932/5932 5933/5933/5933 5934/5934/5934
v 1.365728 -4.269448 -5.576000 0.91030 0.91260 0.89190
vt 0.658231 0.318692
vn 0.496918 -0.867780 -0.005547
v 1.368770 -4.281504 -3.417249 0.91030 0.91260 0.89190
vt 0.619128 0.318285
vn 0.496918 -0.867780 -0.005547
v 1.038376 -4.470114 -3.508752 0.91030 0.91260 0.89190
vt 0.620529 0.306680
vn 0.496918 -0.867780 -0.005547
f 5935/5935/5935 5936/5936/5936 5937/5937/5937
v 1.365728 -4.269448 -5.576000 0.91030 0.91260 0.89190
vt 0.658231 0.318692
vn 0.503947 -0.863725 -0.004040
v 1.038376 -4.470114 -3.508752 0.91030 0.91260 0.89190
vt 0.620529 0.306680
vn 0.503947 -0.863725 -0.004040
v 1.038459 -4.460021 -5.656118 0.91030 0.91260 0.89190
vt 0.659457 0.307009
vn 0.503947 -0.863725 -0.004040
f 5938/5938/5938 5939/5939/5939 5940/5940/5940
v 1.342204 -2.101198 -5.715958 0.18257 0.28150 0.34535
vt 0.687974 0.642152
vn 0.004408 0.999972 0.006092
v 1.762151 -2.101198 -6.019864 0.18257 0.28150 0.34535
vt 0.684374 0.655208
vn 0.004408 0.999972 0.006092
v 1.227351 -2.098841 -6.019864 0.18257 0.28150 0.34535
vt 0.685037 0.638311
vn 0.004408 0.999972 0.006092
f 5941/5941/5941 5942/5942/5942 5943/5943/5943
v 1.342204 -2.101198 -5.715958 0.15238 0.26338 0.33629
vt 0.687974 0.642152
vn 0.007135 0.999962 0.005061
v 1.227351 -2.098841 -6.019864 0.15238 0.26338 0.33629
vt 0.685037 0.638311
vn 0.007135 0.999962 0.005061
v 1.011817 -2.098841 -5.715958 0.15238 0.26338 0.33629
vt 0.688258 0.631658
vn 0.007135 0.999962 0.005061
f 5944/5944/5944 5945/5945/5945 5946/5946/5946
v 1.042276 -4.438501 -8.193851 0.51775 0.29358 0.27288
vt 0.705482 0.307897
vn 0.515557 -0.856814 -0.008370
v 1.364488 -4.242350 -8.426464 0.51775 0.29358 0.27288
vt 0.709921 0.319769
vn 0.515557 -0.856814 -0.008370
v 1.365728 -4.269448 -5.576000 0.51775 0.29358 0.27288
vt 0.658231 0.318692
vn 0.515557 -0.856814 -0.008370
f 5947/5947/5947 5948/5948/5948 5949/5949/5949
v 1.042276 -4.438501 -8.193851 0.91030 0.91260 0.89190
vt 0.705482 0.307897
vn 0.504401 -0.863445 -0.006563
v 1.365728 -4.269448 -5.576000 0.91030 0.91260 0.89190
vt 0.658231 0.318692
vn 0.504401 -0.863445 -0.006563
v 1.038459 -4.460021 -5.656118 0.91030 0.91260 0.89190
vt 0.659457 0.307009
vn 0.504401 -0.863445 -0.006563
f 5950/5950/5950 5951/5951/5951 5952/5952/5952
v 1.041615 -4.450518 6.006972 0.60230 0.59856 0.57786
vt 0.447928 0.308219
vn 0.556501 -0.830452 0.025633
v 1.367599 -4.256885 5.203051 0.60230 0.59856 0.57786
vt 0.462832 0.319809
vn 0.556501 -0.830452 0.025633
v 1.313191 -4.190483 8.535531 0.60230 0.59856 0.57786
vt 0.402126 0.322275
vn 0.556501 -0.830452 0.025633
f 5953/5953/5953 5954/5954/5954 5955/5955/5955
v 1.041615 -4.450518 6.006972 0.51171 0.30264 0.26382
vt 0.447928 0.308219
vn 0.585212 -0.810621 0.020510
v 1.313191 -4.190483 8.535531 0.51171 0.30264 0.26382
vt 0.402126 0.322275
vn 0.585212 -0.810621 0.020510
v 1.006024 -4.395737 9.187595 0.51171 0.30264 0.26382
vt 0.390029 0.310315
vn 0.585212 -0.810621 0.020510
f 5956/5956/5956 5957/5957/5957 5958/5958/5958
v 1.006024 -4.395737 9.187595 0.51775 0.29358 0.27288
vt 0.390029 0.310315
vn 0.614622 -0.787725 0.041572
v 1.313191 -4.190483 8.535531 0.51775 0.29358 0.27288
vt 0.402126 0.322275
vn 0.614622 -0.787725 0.041572
v 1.264767 -4.132321 10.353524 0.51775 0.29358 0.27288
vt 0.368684 0.324374
vn 0.614622 -0.787725 0.041572
f 5959/5959/5959 5960/5960/5960 5961/5961/5961
v 1.006024 -4.395737 9.187595 0.51775 0.29358 0.27288
vt 0.390029 0.310315
vn 0.621252 -0.782642 0.038952
v 1.264767 -4.132321 10.353524 0.51775 0.29358 0.27288
vt 0.368684 0.324374
vn 0.621252 -0.782642 0.038952
v 0.974041 -4.350030 10.616063 0.51775 0.29358 0.27288
vt 0.363699 0.311910
vn 0.621252 -0.782642 0.038952
f 5962/5962/5962 5963/5963/5963 5964/5964/5964
v 1.154446 -2.145242 -15.126250 0.51775 0.29358 0.27288
vt 0.910934 0.429954
vn 0.292437 -0.066626 -0.953961
v 1.538322 -2.127908 -15.009783 0.51775 0.29358 0.27288
vt 0.888756 0.430616
vn 0.292437 -0.066626 -0.953961
v 1.441546 -3.308550 -14.956992 0.51775 0.29358 0.27288
vt 0.894159 0.373420
vn 0.292437 -0.066626 -0.953961
f 5965/5965/5965 5966/5966/5966 5967/5967/5967
v 1.154446 -2.145242 -15.126250 0.51775 0.29358 0.27288
vt 0.910934 0.429954
vn 0.216529 -0.088028 -0.972299
v 1.441546 -3.308550 -14.956992 0.51775 0.29358 0.27288
vt 0.894159 0.373420
vn 0.216529 -0.088028 -0.972299
v 1.088427 -3.398823 -15.027458 0.51775 0.29358 0.27288
vt 0.914951 0.369189
vn 0.216529 -0.088028 -0.972299
f 5968/5968/5968 5969/5969/5969 5970/5970/5970
v 1.180646 -1.073101 -15.176029 0.51775 0.29358 0.27288
vt 0.908699 0.481942
vn 0.272515 -0.055190 -0.960567
v 1.671152 -1.073101 -15.036871 0.51775 0.29358 0.27288
vt 0.880740 0.481781
vn 0.272515 -0.055190 -0.960567
v 1.598080 -1.691832 -15.022052 0.51775 0.29358 0.27288
vt 0.885241 0.451757
vn 0.272515 -0.055190 -0.960567
f 5971/5971/5971 5972/5972/5972 5973/5973/5973
v 1.180646 -1.073101 -15.176029 0.51775 0.29358 0.27288
vt 0.908699 0.481942
vn 0.295554 -0.038153 -0.954564
v 1.598080 -1.691832 -15.022052 0.51775 0.29358 0.27288
vt 0.885241 0.451757
vn 0.295554 -0.038153 -0.954564
v 1.176739 -1.691865 -15.152507 0.51775 0.29358 0.27288
vt 0.909384 0.451920
vn 0.295554 -0.038153 -0.954564
f 5974/5974/5974 5975/5975/5975 5976/5976/5976
v 0.668380 -4.435300 11.997519 0.91030 0.91260 0.89190
vt 0.164635 0.326060
vn 0.655394 -0.743001 0.135675
v 0.661134 -4.516996 11.585123 0.91030 0.91260 0.89190
vt 0.165508 0.321311
vn 0.655394 -0.743001 0.135675
v 0.949942 -4.272658 11.528077 0.91030 0.91260 0.89190
vt 0.187491 0.331948
vn 0.655394 -0.743001 0.135675
f 5977/5977/5977 5978/5978/5978 5979/5979/5979
v 0.668380 -4.435300 11.997519 0.91030 0.91260 0.89190
vt 0.164635 0.326060
vn 0.662754 -0.735089 0.142831
v 0.949942 -4.272658 11.528077 0.91030 0.91260 0.89190
vt 0.187491 0.331948
vn 0.662754 -0.735089 0.142831
v 0.950217 -4.191955 11.942146 0.91030 0.91260 0.89190
vt 0.185603 0.336699
vn 0.662754 -0.735089 0.142831
f 5980/5980/5980 5981/5981/5981 5982/5982/5982
v 1.810142 -1.072898 -6.357646 0.69893 0.24829 0.22155
vt 0.860921 0.714200
vn -0.000000 0.000884 1.000000
v 1.809944 -0.335278 -6.358298 0.69893 0.24829 0.22155
vt 0.860433 0.771976
vn -0.000000 0.000884 1.000000
v 1.251784 -0.335327 -6.358298 0.69893 0.24829 0.22155
vt 0.840559 0.771806
vn -0.000000 0.000884 1.000000
f 5983/5983/5983 5984/5984/5984 5985/5985/5985
v 1.810142 -1.072898 -6.357646 0.75932 0.14864 0.13398
vt 0.860921 0.714200
vn -0.000000 0.000884 1.000000
v 1.251784 -0.335327 -6.358298 0.75932 0.14864 0.13398
vt 0.840559 0.771806
vn -0.000000 0.000884 1.000000
v 1.251982 -1.072948 -6.357646 0.75932 0.14864 0.13398
vt 0.841062 0.714029
vn -0.000000 0.000884 1.000000
f 5986/5986/5986 5987/5987/5987 5988/5988/5988
v 0.663457 -1.073101 -12.577980 0.75630 0.14562 0.12492
vt 0.494598 0.710181
vn 0.000000 -0.000884 -1.000000
v 0.663260 -0.335481 -12.578632 0.75630 0.14562 0.12492
vt 0.493742 0.767955
vn 0.000000 -0.000884 -1.000000
v 1.251784 -0.335481 -12.578632 0.75630 0.14562 0.12492
vt 0.472773 0.767621
vn 0.000000 -0.000884 -1.000000
f 5989/5989/5989 5990/5990/5990 5991/5991/5991
v 0.663457 -1.073101 -12.577980 0.71403 0.24527 0.20645
vt 0.494598 0.710181
vn -0.000000 -0.000884 -1.000000
v 1.251784 -0.335481 -12.578632 0.71403 0.24527 0.20645
vt 0.472773 0.767621
vn -0.000000 -0.000884 -1.000000
v 1.251982 -1.073101 -12.577980 0.71403 0.24527 0.20645
vt 0.473658 0.709850
vn -0.000000 -0.000884 -1.000000
f 5992/5992/5992 5993/5993/5993 5994/5994/5994
v 1.809314 1.692571 -9.985402 0.91030 0.91260 0.89190
vt 0.031652 0.823806
vn -0.000035 1.000000 -0.000032
v 1.809314 1.692565 -10.153262 0.91030 0.91260 0.89190
vt 0.031751 0.822026
vn -0.000035 1.000000 -0.000032
v 1.251154 1.692546 -10.153262 0.91030 0.91260 0.89190
vt 0.050389 0.823068
vn -0.000035 1.000000 -0.000032
f 5995/5995/5995 5996/5996/5996 5997/5997/5997
v 1.809314 1.692571 -9.985402 0.91030 0.91260 0.89190
vt 0.031652 0.823806
vn -0.000037 1.000000 -0.000026
v 1.251154 1.692546 -10.153262 0.91030 0.91260 0.89190
vt 0.050389 0.823068
vn -0.000037 1.000000 -0.000026
v 1.251154 1.692550 -9.985402 0.91030 0.91260 0.89190
vt 0.050289 0.824848
vn -0.000037 1.000000 -0.000026
f 5998/5998/5998 5999/5999/5999 6000/6000/6000
v 1.349196 -4.247137 -11.547465 0.51775 0.29358 0.27288
vt 0.766485 0.319524
vn 0.521100 -0.853495 -0.000912
v 1.354808 -4.244784 -10.543108 0.51775 0.29358 0.27288
vt 0.748223 0.319717
vn 0.521100 -0.853495 -0.000912
v 1.033279 -4.441073 -10.561041 0.51775 0.29358 0.27288
vt 0.748282 0.307807
vn 0.521100 -0.853495 -0.000912
f 6001/6001/6001 6002/6002/6002 6003/6003/6003
v 1.349196 -4.247137 -11.547465 0.51775 0.29358 0.27288
vt 0.766485 0.319524
vn 0.521028 -0.853539 -0.000944
v 1.033279 -4.441073 -10.561041 0.51775 0.29358 0.27288
vt 0.748282 0.307807
vn 0.521028 -0.853539 -0.000944
v 1.027949 -4.443088 -11.681824 0.51775 0.29358 0.27288
vt 0.768596 0.307624
vn 0.521028 -0.853539 -0.000944
f 6004/6004/6004 6005/6005/6005 6006/6006/6006
v 1.809740 0.424918 -6.358969 0.15238 0.26036 0.32119
vt 0.859935 0.831525
vn -0.000000 0.001488 0.999999
v 1.809546 0.735399 -6.359431 0.15238 0.26036 0.32119
vt 0.859722 0.855843
vn -0.000000 0.001488 0.999999
v 1.251385 0.735350 -6.359431 0.15238 0.26036 0.32119
vt 0.839829 0.855672
vn -0.000000 0.001488 0.999999
f 6007/6007/6007 6008/6008/6008 6009/6009/6009
v 1.809740 0.424918 -6.358969 0.15238 0.26338 0.33025
vt 0.859935 0.831525
vn -0.000000 0.001488 0.999999
v 1.251385 0.735350 -6.359431 0.15238 0.26338 0.33025
vt 0.839829 0.855672
vn -0.000000 0.001488 0.999999
v 1.251580 0.424868 -6.358969 0.15238 0.26338 0.33025
vt 0.840045 0.831354
vn -0.000000 0.001488 0.999999
f 6010/6010/6010 6011/6011/6011 6012/6012/6012
v 0.663056 0.424754 -10.152131 0.51775 0.29358 0.27288
vt 0.539381 0.963545
vn 0.000000 -0.001485 -0.999999
v 0.662861 0.735237 -10.152592 0.51775 0.29358 0.27288
vt 0.539309 0.942217
vn 0.000000 -0.001485 -0.999999
v 1.251386 0.735257 -10.152592 0.51775 0.29358 0.27288
vt 0.557672 0.942159
vn 0.000000 -0.001485 -0.999999
f 6013/6013/6013 6014/6014/6014 6015/6015/6015
v 0.663056 0.424754 -10.152131 0.38791 0.29660 0.30912
vt 0.539381 0.963545
vn 0.000000 -0.001485 -0.999999
v 1.251386 0.735257 -10.152592 0.38791 0.29660 0.30912
vt 0.557672 0.942159
vn 0.000000 -0.001485 -0.999999
v 1.251580 0.424775 -10.152131 0.38791 0.29660 0.30912
vt 0.557744 0.963487
vn 0.000000 -0.001485 -0.999999
f 6016/6016/6016 6017/6017/6017 6018/6018/6018
v 1.033305 -4.440857 -10.330044 0.51775 0.29358 0.27288
vt 0.744109 0.307790
vn 0.521605 -0.853187 -0.000171
v 1.354510 -4.244475 -10.376674 0.51775 0.29358 0.27288
vt 0.745182 0.319675
vn 0.521605 -0.853187 -0.000171
v 1.356679 -4.243258 -9.832494 0.51775 0.29358 0.27288
vt 0.735316 0.319717
vn 0.521605 -0.853187 -0.000171
f 6019/6019/6019 6020/6020/6020 6021/6021/6021
v 1.033305 -4.440857 -10.330044 0.51775 0.29358 0.27288
vt 0.744109 0.307790
vn 0.521991 -0.852951 -0.000516
v 1.356679 -4.243258 -9.832494 0.51775 0.29358 0.27288
vt 0.735316 0.319717
vn 0.521991 -0.852951 -0.000516
v 1.035584 -4.439848 -9.690624 0.51775 0.29358 0.27288
vt 0.732537 0.307832
vn 0.521991 -0.852951 -0.000516
f 6022/6022/6022 6023/6023/6023 6024/6024/6024
v 1.808894 3.142785 -6.373439 0.63250 0.28452 0.23061
vt 0.181541 0.834361
vn -0.000051 0.967167 -0.254142
v 1.808894 2.488585 -8.863074 0.63250 0.28452 0.23061
vt 0.182293 0.774750
vn -0.000051 0.967167 -0.254142
v 1.250734 2.488556 -8.863073 0.63250 0.28452 0.23061
vt 0.202551 0.774826
vn -0.000051 0.967167 -0.254142
f 6025/6025/6025 6026/6026/6026 6027/6027/6027
v 1.808894 3.142785 -6.373439 0.72308 0.19393 0.17323
vt 0.181541 0.834361
vn -0.000084 0.967169 -0.254135
v 1.250734 2.488556 -8.863073 0.72308 0.19393 0.17323
vt 0.202551 0.774826
vn -0.000084 0.967169 -0.254135
v 1.250734 3.142736 -6.373439 0.72308 0.19393 0.17323
vt 0.202273 0.834141
vn -0.000084 0.967169 -0.254135
f 6028/6028/6028 6029/6029/6029 6030/6030/6030
v 1.035584 -4.439848 -9.690624 0.51775 0.29358 0.27288
vt 0.732537 0.307832
vn 0.521911 -0.853000 -0.000765
v 1.356679 -4.243258 -9.832494 0.51775 0.29358 0.27288
vt 0.735316 0.319717
vn 0.521911 -0.853000 -0.000765
v 1.362248 -4.240801 -8.773736 0.51775 0.29358 0.27288
vt 0.716155 0.319864
vn 0.521911 -0.853000 -0.000765
f 6031/6031/6031 6032/6032/6032 6033/6033/6033
v 1.035584 -4.439848 -9.690624 0.51775 0.29358 0.27288
vt 0.732537 0.307832
vn 0.522099 -0.852885 -0.000857
v 1.362248 -4.240801 -8.773736 0.51775 0.29358 0.27288
vt 0.716155 0.319864
vn 0.522099 -0.852885 -0.000857
v 1.040960 -4.437758 -8.496274 0.51775 0.29358 0.27288
vt 0.710911 0.307954
vn 0.522099 -0.852885 -0.000857
f 6034/6034/6034 6035/6035/6035 6036/6036/6036
v 0.808391 1.324792 -6.398022 0.17955 0.27848 0.33629
vt 0.823655 0.901701
vn -0.000000 0.000602 1.000000
v 0.808523 0.801482 -6.397707 0.17955 0.27848 0.33629
vt 0.824019 0.860730
vn -0.000000 0.000602 1.000000
v 1.105690 0.801508 -6.397707 0.17955 0.27848 0.33629
vt 0.834573 0.860823
vn -0.000000 0.000602 1.000000
f 6037/6037/6037 6038/6038/6038 6039/6039/6039
v 0.808391 1.324792 -6.398022 0.21881 0.29358 0.34535
vt 0.823655 0.901701
vn -0.000000 0.000602 1.000000
v 1.105690 0.801508 -6.397707 0.21881 0.29358 0.34535
vt 0.834573 0.860823
vn -0.000000 0.000602 1.000000
v 1.105558 1.324818 -6.398022 0.21881 0.29358 0.34535
vt 0.834209 0.901794
vn -0.000000 0.000602 1.000000
f 6040/6040/6040 6041/6041/6041 6042/6042/6042
v 1.809380 1.390929 -10.152986 0.28524 0.27546 0.32119
vt 0.574944 0.897064
vn 0.000000 -0.000600 -1.000000
v 1.809546 0.735276 -10.152592 0.28524 0.27546 0.32119
vt 0.575088 0.942104
vn 0.000000 -0.000600 -1.000000
v 1.251386 0.735257 -10.152592 0.28524 0.27546 0.32119
vt 0.557672 0.942159
vn 0.000000 -0.000600 -1.000000
f 6043/6043/6043 6044/6044/6044 6045/6045/6045
v 1.809380 1.390929 -10.152986 0.15238 0.25735 0.32723
vt 0.574944 0.897064
vn 0.000000 -0.000600 -1.000000
v 1.251386 0.735257 -10.152592 0.15238 0.25735 0.32723
vt 0.557672 0.942159
vn 0.000000 -0.000600 -1.000000
v 1.251220 1.390910 -10.152986 0.15238 0.25735 0.32723
vt 0.557528 0.897119
vn 0.000000 -0.000600 -1.000000
f 6046/6046/6046 6047/6047/6047 6048/6048/6048
v 0.808752 0.358657 -6.397146 0.72912 0.16676 0.14606
vt 0.824327 0.826021
vn -0.000000 0.000884 1.000000
v 0.808920 -0.269196 -6.396591 0.72912 0.16676 0.14606
vt 0.824757 0.776862
vn -0.000000 0.000884 1.000000
v 1.106087 -0.269170 -6.396591 0.72912 0.16676 0.14606
vt 0.835311 0.776955
vn -0.000000 0.000884 1.000000
f 6049/6049/6049 6050/6050/6050 6051/6051/6051
v 0.808752 0.358657 -6.397146 0.50567 0.21507 0.26684
vt 0.824327 0.826021
vn -0.000000 0.000884 1.000000
v 1.106087 -0.269170 -6.396591 0.50567 0.21507 0.26684
vt 0.835311 0.776955
vn -0.000000 0.000884 1.000000
v 1.105919 0.358683 -6.397146 0.50567 0.21507 0.26684
vt 0.834881 0.826114
vn -0.000000 0.000884 1.000000
f 6052/6052/6052 6053/6053/6053 6054/6054/6054
v 1.809740 0.424715 -12.579305 0.74724 0.15468 0.16417
vt 0.451960 0.826837
vn 0.000000 -0.000885 -1.000000
v 1.809944 -0.335481 -12.578632 0.74724 0.15468 0.16417
vt 0.452894 0.767301
vn 0.000000 -0.000885 -1.000000
v 1.251784 -0.335481 -12.578632 0.74724 0.15468 0.16417
vt 0.472773 0.767621
vn 0.000000 -0.000885 -1.000000
f 6055/6055/6055 6056/6056/6056 6057/6057/6057
v 1.809740 0.424715 -12.579305 0.59022 0.28150 0.26382
vt 0.451960 0.826837
vn -0.000000 -0.000885 -1.000000
v 1.251784 -0.335481 -12.578632 0.59022 0.28150 0.26382
vt 0.472773 0.767621
vn -0.000000 -0.000885 -1.000000
v 1.251580 0.424715 -12.579305 0.59022 0.28150 0.26382
vt 0.471846 0.827156
vn -0.000000 -0.000885 -1.000000
f 6058/6058/6058 6059/6059/6059 6060/6060/6060
v 1.809740 0.424794 -10.152131 0.19465 0.28150 0.33629
vt 0.575160 0.963431
vn -0.000002 1.000000 -0.000033
v 1.809740 0.424719 -12.459030 0.19465 0.28150 0.33629
vt 0.575233 0.986274
vn -0.000002 1.000000 -0.000033
v 1.251580 0.424718 -12.459030 0.19465 0.28150 0.33629
vt 0.557817 0.986330
vn -0.000002 1.000000 -0.000033
f 6061/6061/6061 6062/6062/6062 6063/6063/6063
v 1.809740 0.424794 -10.152131 0.17955 0.29358 0.35743
vt 0.575160 0.963431
vn -0.000034 1.000000 -0.000025
v 1.251580 0.424718 -12.459030 0.17955 0.29358 0.35743
vt 0.557817 0.986330
vn -0.000034 1.000000 -0.000025
v 1.251580 0.424775 -10.152131 0.17955 0.29358 0.35743
vt 0.557744 0.963487
vn -0.000034 1.000000 -0.000025
f 6064/6064/6064 6065/6065/6065 6066/6066/6066
v 1.349901 -4.251107 -11.842371 0.51775 0.29358 0.27288
vt 0.771894 0.319375
vn 0.516803 -0.856009 0.012762
v 1.349196 -4.247137 -11.547465 0.51775 0.29358 0.27288
vt 0.766485 0.319524
vn 0.516803 -0.856009 0.012762
v 1.027949 -4.443088 -11.681824 0.51775 0.29358 0.27288
vt 0.768596 0.307624
vn 0.516803 -0.856009 0.012762
f 6067/6067/6067 6068/6068/6068 6069/6069/6069
v 1.349901 -4.251107 -11.842371 0.51775 0.29358 0.26684
vt 0.771894 0.319375
vn 0.514438 -0.857505 0.006230
v 1.027949 -4.443088 -11.681824 0.51775 0.29358 0.26684
vt 0.768596 0.307624
vn 0.514438 -0.857505 0.006230
v 1.028183 -4.445175 -11.988538 0.51775 0.29358 0.26684
vt 0.774137 0.307531
vn 0.514438 -0.857505 0.006230
f 6070/6070/6070 6071/6071/6071 6072/6072/6072
v 1.349253 -0.688049 15.051831 0.30638 0.24527 0.27288
vt 0.015720 0.427542
vn 0.021965 0.999653 0.014522
v 1.348806 -0.686992 14.979806 0.30638 0.24527 0.27288
vt 0.016349 0.427562
vn 0.021965 0.999653 0.014522
v 1.019260 -0.681608 15.107635 0.30638 0.24527 0.27288
vt 0.014965 0.436856
vn 0.021965 0.999653 0.014522
f 6073/6073/6073 6074/6074/6074 6075/6075/6075
v 1.349253 -0.688049 15.051831 0.20371 0.27244 0.31214
vt 0.015720 0.427542
vn 0.021681 0.999682 0.012839
v 1.019260 -0.681608 15.107635 0.20371 0.27244 0.31214
vt 0.014965 0.436856
vn 0.021681 0.999682 0.012839
v 1.019715 -0.682559 15.180892 0.20371 0.27244 0.31214
vt 0.014360 0.436829
vn 0.021681 0.999682 0.012839
f 6076/6076/6076 6077/6077/6077 6078/6078/6078
v 1.033713 -0.606200 12.550755 0.59626 0.59856 0.57786
vt 0.094076 0.444542
vn 0.008463 0.999901 0.011209
v 0.685395 -0.603299 12.554988 0.59626 0.59856 0.57786
vt 0.108130 0.444743
vn 0.008463 0.999901 0.011209
v 0.690223 -0.612032 13.330384 0.59626 0.59856 0.57786
vt 0.107817 0.454697
vn 0.008463 0.999901 0.011209
f 6079/6079/6079 6080/6080/6080 6081/6081/6081
v 1.033713 -0.606200 12.550755 0.59626 0.59856 0.57786
vt 0.094076 0.444542
vn 0.012352 0.999840 0.012922
v 0.690223 -0.612032 13.330384 0.59626 0.59856 0.57786
vt 0.107817 0.454697
vn 0.012352 0.999840 0.012922
v 1.038509 -0.616234 13.322570 0.59626 0.59856 0.57786
vt 0.093762 0.454460
vn 0.012352 0.999840 0.012922
f 6082/6082/6082 6083/6083/6083 6084/6084/6084
v 1.023652 -0.910475 13.333242 0.15540 0.26640 0.33931
vt 0.961934 0.641427
vn 0.012313 0.999862 0.011184
v 0.675366 -0.906274 13.341056 0.15540 0.26640 0.33931
vt 0.962429 0.630415
vn 0.012313 0.999862 0.011184
v 0.680845 -0.916184 14.221012 0.15540 0.26640 0.33931
vt 0.971237 0.630908
vn 0.012313 0.999862 0.011184
f 6085/6085/6085 6086/6086/6086 6087/6087/6087
v 1.023652 -0.910475 13.333242 0.16446 0.26640 0.34233
vt 0.961934 0.641427
vn 0.016713 0.999777 0.012883
v 0.680845 -0.916184 14.221012 0.16446 0.26640 0.34233
vt 0.971237 0.630908
vn 0.016713 0.999777 0.012883
v 1.029056 -0.921772 14.202938 0.16446 0.26640 0.34233
vt 0.970664 0.641910
vn 0.016713 0.999777 0.012883
f 6088/6088/6088 6089/6089/6089 6090/6090/6090
v 0.663457 -0.884734 11.428625 0.15540 0.26338 0.32421
vt 0.943453 0.629592
vn 0.003233 0.999932 0.011241
v 0.663981 -0.885681 11.512689 0.15540 0.26338 0.32421
vt 0.944154 0.629580
vn 0.003233 0.999932 0.011241
v 1.012343 -0.886814 11.513319 0.15540 0.26338 0.32421
vt 0.943692 0.640663
vn 0.003233 0.999932 0.011241
f 6091/6091/6091 6092/6092/6092 6093/6093/6093
v 0.663457 -0.884734 11.428625 0.15540 0.26338 0.32421
vt 0.943453 0.629592
vn 0.002805 0.999912 0.013002
v 1.012343 -0.886814 11.513319 0.15540 0.26338 0.32421
vt 0.943692 0.640663
vn 0.002805 0.999912 0.013002
v 1.011817 -0.885711 11.428625 0.15540 0.26338 0.32421
vt 0.942871 0.640699
vn 0.002805 0.999912 0.013002
f 6094/6094/6094 6095/6095/6095 6096/6096/6096
v 0.680845 -0.916184 14.221012 0.16144 0.26338 0.33931
vt 0.971237 0.630908
vn 0.020652 0.999725 0.011131
v 0.687268 -0.927803 15.252581 0.16144 0.26338 0.33931
vt 0.981574 0.631493
vn 0.020652 0.999725 0.011131
v 1.034742 -0.933480 15.117800 0.16144 0.26338 0.33931
vt 0.979845 0.642416
vn 0.020652 0.999725 0.011131
f 6097/6097/6097 6098/6098/6098 6099/6099/6099
v 0.680845 -0.916184 14.221012 0.15238 0.25735 0.33327
vt 0.971237 0.630908
vn 0.016703 0.999780 0.012691
v 1.034742 -0.933480 15.117800 0.15238 0.25735 0.33327
vt 0.979845 0.642416
vn 0.016703 0.999780 0.012691
v 1.029056 -0.921772 14.202938 0.15238 0.25735 0.33327
vt 0.970664 0.641910
vn 0.016703 0.999780 0.012691
f 6100/6100/6100 6101/6101/6101 6102/6102/6102
v 0.687268 -0.927803 15.252581 0.24599 0.27244 0.31817
vt 0.029131 0.446324
vn -0.361842 -0.059783 -0.930320
v 0.671786 -0.675931 15.242418 0.24599 0.27244 0.31817
vt 0.014410 0.446674
vn -0.361842 -0.059783 -0.930320
v 1.019260 -0.681608 15.107635 0.24599 0.27244 0.31817
vt 0.014965 0.436856
vn -0.361842 -0.059783 -0.930320
f 6103/6103/6103 6104/6104/6104 6105/6105/6105
v 0.687268 -0.927803 15.252581 0.36677 0.29660 0.30006
vt 0.029131 0.446324
vn -0.361840 -0.059787 -0.930321
v 1.019260 -0.681608 15.107635 0.36677 0.29660 0.30006
vt 0.014965 0.436856
vn -0.361840 -0.059787 -0.930321
v 1.034742 -0.933480 15.117800 0.36677 0.29660 0.30006
vt 0.029647 0.437730
vn -0.361840 -0.059787 -0.930321
f 6106/6106/6106 6107/6107/6107 6108/6108/6108
v 1.035197 -0.934431 15.191057 0.45132 0.38115 0.38461
vt 0.227680 0.495402
vn 0.364886 0.059921 0.929122
v 1.364734 -0.939920 15.061995 0.45132 0.38115 0.38461
vt 0.245889 0.494166
vn 0.364886 0.059921 0.929122
v 1.349253 -0.688049 15.051831 0.45132 0.38115 0.38461
vt 0.248884 0.506399
vn 0.364886 0.059921 0.929122
f 6109/6109/6109 6110/6110/6110 6111/6111/6111
v 1.035197 -0.934431 15.191057 0.19163 0.24527 0.28496
vt 0.227680 0.495402
vn 0.364883 0.059926 0.929123
v 1.349253 -0.688049 15.051831 0.19163 0.24527 0.28496
vt 0.248884 0.506399
vn 0.364883 0.059926 0.929123
v 1.019715 -0.682559 15.180892 0.19163 0.24527 0.28496
vt 0.230471 0.507580
vn 0.364883 0.059926 0.929123
f 6112/6112/6112 6113/6113/6113 6114/6114/6114
v 1.342204 -2.101198 11.394940 0.17654 0.26942 0.32119
vt 0.858047 0.647102
vn 0.007136 0.999975 -0.000001
v 1.342204 -2.101199 10.943063 0.17654 0.26942 0.32119
vt 0.854021 0.647211
vn 0.007136 0.999975 -0.000001
v 1.011817 -2.098841 10.943063 0.17654 0.26942 0.32119
vt 0.854492 0.636935
vn 0.007136 0.999975 -0.000001
f 6115/6115/6115 6116/6116/6116 6117/6117/6117
v 1.342204 -2.101198 11.394940 0.17955 0.27546 0.32723
vt 0.858047 0.647102
vn 0.007135 0.999975 -0.000000
v 1.011817 -2.098841 10.943063 0.17955 0.27546 0.32723
vt 0.854492 0.636935
vn 0.007135 0.999975 -0.000000
v 1.011817 -2.098841 11.394940 0.17955 0.27546 0.32723
vt 0.858815 0.637066
vn 0.007135 0.999975 -0.000000
f 6118/6118/6118 6119/6119/6119 6120/6120/6120
v 0.662695 1.390910 -8.887413 0.51775 0.29358 0.27288
vt 0.112762 0.975233
vn 0.000000 -0.001678 -0.999999
v 0.662453 1.691274 -8.887917 0.51775 0.29358 0.27288
vt 0.112133 0.951331
vn 0.000000 -0.001678 -0.999999
v 1.250977 1.691305 -8.887917 0.51775 0.29358 0.27288
vt 0.133476 0.950807
vn 0.000000 -0.001678 -0.999999
f 6121/6121/6121 6122/6122/6122 6123/6123/6123
v 0.662695 1.390910 -8.887413 0.50869 0.29660 0.27288
vt 0.112762 0.975233
vn 0.000000 -0.001678 -0.999999
v 1.250977 1.691305 -8.887917 0.50869 0.29660 0.27288
vt 0.133476 0.950807
vn 0.000000 -0.001678 -0.999999
v 1.251220 1.390941 -8.887413 0.50869 0.29660 0.27288
vt 0.134088 0.974710
vn 0.000000 -0.001678 -0.999999
f 6124/6124/6124 6125/6125/6125 6126/6126/6126
v 0.662310 2.462867 -6.151965 0.16748 0.26942 0.32421
vt 0.224065 0.888679
vn 0.000040 -0.463112 0.886300
v 0.662352 1.872854 -6.460260 0.16748 0.26942 0.32421
vt 0.223632 0.935797
vn 0.000040 -0.463112 0.886300
v 1.250902 1.872905 -6.460260 0.16748 0.26942 0.32421
vt 0.202268 0.935631
vn 0.000040 -0.463112 0.886300
f 6127/6127/6127 6128/6128/6128 6129/6129/6129
v 0.662310 2.462867 -6.151965 0.16144 0.26640 0.33327
vt 0.224065 0.888679
vn 0.000040 -0.463112 0.886300
v 1.250902 1.872905 -6.460260 0.16144 0.26640 0.33327
vt 0.202268 0.935631
vn 0.000040 -0.463112 0.886300
v 1.250809 2.462918 -6.151965 0.16144 0.26640 0.33327
vt 0.202949 0.888541
vn 0.000040 -0.463112 0.886300
f 6130/6130/6130 6131/6131/6131 6132/6132/6132
v 1.808894 2.292871 -8.888424 0.16446 0.26338 0.33327
vt 0.152071 0.902420
vn 0.000000 -0.000843 -1.000000
v 1.809137 1.691335 -8.887917 0.16446 0.26338 0.33327
vt 0.153761 0.950357
vn 0.000000 -0.000843 -1.000000
v 1.250977 1.691305 -8.887917 0.16446 0.26338 0.33327
vt 0.133476 0.950807
vn 0.000000 -0.000843 -1.000000
f 6133/6133/6133 6134/6134/6134 6135/6135/6135
v 1.808894 2.292871 -8.888424 0.14634 0.27244 0.32723
vt 0.152071 0.902420
vn -0.000001 -0.000842 -1.000000
v 1.250977 1.691305 -8.887917 0.14634 0.27244 0.32723
vt 0.133476 0.950807
vn -0.000001 -0.000842 -1.000000
v 1.250734 2.292842 -8.888424 0.14634 0.27244 0.32723
vt 0.132016 0.902904
vn -0.000001 -0.000842 -1.000000
f 6136/6136/6136 6137/6137/6137 6138/6138/6138
v 0.663457 -1.073101 -15.322756 0.33054 0.28754 0.33025
vt 0.938278 0.482091
vn 0.272933 -0.000011 -0.962033
v 0.663457 -0.771465 -15.322760 0.33054 0.28754 0.33025
vt 0.937840 0.496729
vn 0.272933 -0.000011 -0.962033
v 1.180646 -0.771465 -15.176031 0.33054 0.28754 0.33025
vt 0.908219 0.496581
vn 0.272933 -0.000011 -0.962033
f 6139/6139/6139 6140/6140/6140 6141/6141/6141
v 0.663457 -1.073101 -15.322756 0.48755 0.29358 0.28496
vt 0.938278 0.482091
vn 0.272931 -0.000007 -0.962034
v 1.180646 -0.771465 -15.176031 0.48755 0.29358 0.28496
vt 0.908219 0.496581
vn 0.272931 -0.000007 -0.962034
v 1.180646 -1.073101 -15.176029 0.48755 0.29358 0.28496
vt 0.908699 0.481942
vn 0.272931 -0.000007 -0.962034
f 6142/6142/6142 6143/6143/6143 6144/6144/6144
v 1.694657 -1.073101 -14.866269 0.25505 0.29358 0.34837
vt 0.710062 0.976613
vn -0.267157 0.000011 0.963653
v 1.694657 -0.771465 -14.866272 0.25505 0.29358 0.34837
vt 0.709040 0.954507
vn -0.267157 0.000011 0.963653
v 1.192710 -0.771465 -15.005428 0.25505 0.29358 0.34837
vt 0.725823 0.953761
vn -0.267157 0.000011 0.963653
f 6145/6145/6145 6146/6146/6146 6147/6147/6147
v 1.694657 -1.073101 -14.866269 0.40301 0.29358 0.31817
vt 0.710062 0.976613
vn -0.267159 0.000007 0.963652
v 1.192710 -0.771465 -15.005428 0.40301 0.29358 0.31817
vt 0.725823 0.953761
vn -0.267159 0.000007 0.963652
v 1.192710 -1.073101 -15.005426 0.40301 0.29358 0.31817
vt 0.726814 0.975850
vn -0.267159 0.000007 0.963652
f 6148/6148/6148 6149/6149/6149 6150/6150/6150
v 1.809740 0.424719 -12.459030 0.60230 0.59856 0.56578
vt 0.105057 0.618615
vn -0.000000 0.001277 0.999999
v 1.809691 0.726354 -12.459416 0.60230 0.59856 0.56578
vt 0.085413 0.602460
vn -0.000000 0.001277 0.999999
v 1.251531 0.726353 -12.459416 0.60230 0.59856 0.56578
vt 0.099260 0.586056
vn -0.000000 0.001277 0.999999
f 6151/6151/6151 6152/6152/6152 6153/6153/6153
v 1.809740 0.424719 -12.459030 0.60230 0.59856 0.56578
vt 0.105057 0.618615
vn -0.000000 0.001277 0.999999
v 1.251531 0.726353 -12.459416 0.60230 0.59856 0.56578
vt 0.099260 0.586056
vn -0.000000 0.001277 0.999999
v 1.251580 0.424718 -12.459030 0.60230 0.59856 0.56578
vt 0.118704 0.602447
vn -0.000000 0.001277 0.999999
f 6154/6154/6154 6155/6155/6155 6156/6156/6156
v 0.663056 0.424715 -12.579305 0.15540 0.27244 0.33629
vt 0.492830 0.827502
vn 0.000000 -0.001277 -0.999999
v 0.663007 0.726351 -12.579690 0.15540 0.27244 0.33629
vt 0.492394 0.851135
vn 0.000000 -0.001277 -0.999999
v 1.251531 0.726351 -12.579690 0.15540 0.27244 0.33629
vt 0.471452 0.850777
vn 0.000000 -0.001277 -0.999999
f 6157/6157/6157 6158/6158/6158 6159/6159/6159
v 0.663056 0.424715 -12.579305 0.16748 0.26640 0.33629
vt 0.492830 0.827502
vn 0.000000 -0.001277 -0.999999
v 1.251531 0.726351 -12.579690 0.16748 0.26640 0.33629
vt 0.471452 0.850777
vn 0.000000 -0.001277 -0.999999
v 1.251580 0.424715 -12.579305 0.16748 0.26640 0.33629
vt 0.471846 0.827156
vn 0.000000 -0.001277 -0.999999
f 6160/6160/6160 6161/6161/6161 6162/6162/6162
v 0.662453 1.691312 -6.516776 0.69893 0.39323 0.36045
vt 0.142104 0.753339
vn -0.001359 0.999998 0.001168
v 0.662695 1.691128 -6.358755 0.69893 0.39323 0.36045
vt 0.142122 0.755259
vn -0.001359 0.999998 0.001168
v 1.251169 1.691929 -6.359549 0.69893 0.39323 0.36045
vt 0.119737 0.756008
vn -0.001359 0.999998 0.001168
f 6163/6163/6163 6164/6164/6164 6165/6165/6165
v 0.662453 1.691312 -6.516776 0.90124 0.91260 0.89190
vt 0.142104 0.753339
vn -0.000086 0.999994 -0.003599
v 1.251169 1.691929 -6.359549 0.90124 0.91260 0.89190
vt 0.119737 0.756008
vn -0.000086 0.999994 -0.003599
v 1.250977 1.691363 -6.516776 0.90124 0.91260 0.89190
vt 0.119476 0.754126
vn -0.000086 0.999994 -0.003599
f 6166/6166/6166 6167/6167/6167 6168/6168/6168
v 0.662695 1.691128 -6.358755 0.22183 0.31170 0.34233
vt 0.818204 0.930363
vn 0.000000 -0.003570 0.999994
v 0.662695 1.390951 -6.359826 0.22183 0.31170 0.34233
vt 0.818407 0.906850
vn 0.000000 -0.003570 0.999994
v 1.251220 1.391002 -6.359826 0.22183 0.31170 0.34233
vt 0.839372 0.907032
vn 0.000000 -0.003570 0.999994
f 6169/6169/6169 6170/6170/6170 6171/6171/6171
v 0.662695 1.691128 -6.358755 0.27014 0.31774 0.35139
vt 0.818204 0.930363
vn 0.001351 -0.000920 0.999999
v 1.251220 1.391002 -6.359826 0.27014 0.31774 0.35139
vt 0.839372 0.907032
vn 0.001351 -0.000920 0.999999
v 1.251169 1.691929 -6.359549 0.27014 0.31774 0.35139
vt 0.839172 0.930603
vn 0.001351 -0.000920 0.999999
f 6172/6172/6172 6173/6173/6173 6174/6174/6174
v 1.809380 1.390970 -8.887413 0.83179 0.87033 0.88586
vt 0.574905 0.884534
vn -0.000037 1.000000 -0.000032
v 1.809380 1.390935 -9.985126 0.83179 0.87033 0.88586
vt 0.574940 0.895403
vn -0.000037 1.000000 -0.000032
v 1.251220 1.390914 -9.985126 0.83179 0.87033 0.88586
vt 0.557525 0.895458
vn -0.000037 1.000000 -0.000032
f 6175/6175/6175 6176/6176/6176 6177/6177/6177
v 1.809380 1.390970 -8.887413 0.21277 0.29056 0.34837
vt 0.574905 0.884534
vn -0.000053 1.000000 -0.000024
v 1.251220 1.390914 -9.985126 0.21277 0.29056 0.34837
vt 0.557525 0.895458
vn -0.000053 1.000000 -0.000024
v 1.251220 1.390941 -8.887413 0.21277 0.29056 0.34837
vt 0.557490 0.884588
vn -0.000053 1.000000 -0.000024
f 6178/6178/6178 6179/6179/6179 6180/6180/6180
v 1.354808 -4.244784 -10.543108 0.51775 0.29358 0.27288
vt 0.748223 0.319717
vn 0.521887 -0.853011 0.002515
v 1.354510 -4.244475 -10.376674 0.51775 0.29358 0.27288
vt 0.745182 0.319675
vn 0.521887 -0.853011 0.002515
v 1.033305 -4.440857 -10.330044 0.51775 0.29358 0.27288
vt 0.744109 0.307790
vn 0.521887 -0.853011 0.002515
f 6181/6181/6181 6182/6182/6182 6183/6183/6183
v 1.354808 -4.244784 -10.543108 0.51775 0.29358 0.27288
vt 0.748223 0.319717
vn 0.521033 -0.853537 0.000742
v 1.033305 -4.440857 -10.330044 0.51775 0.29358 0.27288
vt 0.744109 0.307790
vn 0.521033 -0.853537 0.000742
v 1.033279 -4.441073 -10.561041 0.51775 0.29358 0.27288
vt 0.748282 0.307807
vn 0.521033 -0.853537 0.000742
f 6184/6184/6184 6185/6185/6185 6186/6186/6186
v 1.809380 1.390935 -9.985126 0.91030 0.91260 0.89190
vt 0.030410 0.845981
vn -0.000000 0.000915 1.000000
v 1.809314 1.692571 -9.985402 0.91030 0.91260 0.89190
vt 0.031652 0.823806
vn -0.000000 0.000915 1.000000
v 1.251154 1.692550 -9.985402 0.91030 0.91260 0.89190
vt 0.050289 0.824848
vn -0.000000 0.000915 1.000000
f 6187/6187/6187 6188/6188/6188 6189/6189/6189
v 1.809380 1.390935 -9.985126 0.91030 0.91260 0.89190
vt 0.030410 0.845981
vn -0.000000 0.000915 1.000000
v 1.251154 1.692550 -9.985402 0.91030 0.91260 0.89190
vt 0.050289 0.824848
vn -0.000000 0.000915 1.000000
v 1.251220 1.390914 -9.985126 0.91030 0.91260 0.89190
vt 0.049049 0.847023
vn -0.000000 0.000915 1.000000
f 6190/6190/6190 6191/6191/6191 6192/6192/6192
v 0.662695 1.390890 -10.152986 0.91030 0.91260 0.89190
vt 0.071281 0.801993
vn 0.000000 -0.000915 -1.000000
v 0.662630 1.692526 -10.153262 0.91030 0.91260 0.89190
vt 0.070041 0.824169
vn 0.000000 -0.000915 -1.000000
v 1.251154 1.692546 -10.153262 0.91030 0.91260 0.89190
vt 0.050389 0.823068
vn 0.000000 -0.000915 -1.000000
f 6193/6193/6193 6194/6194/6194 6195/6195/6195
v 0.662695 1.390890 -10.152986 0.91030 0.91260 0.89190
vt 0.071281 0.801993
vn 0.000000 -0.000915 -1.000000
v 1.251154 1.692546 -10.153262 0.91030 0.91260 0.89190
vt 0.050389 0.823068
vn 0.000000 -0.000915 -1.000000
v 1.251220 1.390910 -10.152986 0.91030 0.91260 0.89190
vt 0.051630 0.800895
vn 0.000000 -0.000915 -1.000000
f 6196/6196/6196 6197/6197/6197 6198/6198/6198
v 0.673716 -4.347726 12.354157 0.91030 0.91260 0.89190
vt 0.164350 0.330789
vn 0.662939 -0.729311 0.169167
v 0.668380 -4.435300 11.997519 0.91030 0.91260 0.89190
vt 0.164635 0.326060
vn 0.662939 -0.729311 0.169167
v 0.950217 -4.191955 11.942146 0.91030 0.91260 0.89190
vt 0.185603 0.336699
vn 0.662939 -0.729311 0.169167
f 6199/6199/6199 6200/6200/6200 6201/6201/6201
v 0.673716 -4.347726 12.354157 0.91030 0.91260 0.89190
vt 0.164350 0.330789
vn 0.661144 -0.731397 0.167173
v 0.950217 -4.191955 11.942146 0.91030 0.91260 0.89190
vt 0.185603 0.336699
vn 0.661144 -0.731397 0.167173
v 0.948909 -4.111283 12.300268 0.91030 0.91260 0.89190
vt 0.184261 0.341202
vn 0.661144 -0.731397 0.167173
f 6202/6202/6202 6203/6203/6203 6204/6204/6204
v 1.012343 -0.886814 11.513319 0.16144 0.26036 0.33025
vt 0.943692 0.640663
vn 0.003233 0.999932 0.011242
v 0.663981 -0.885681 11.512689 0.16144 0.26036 0.33025
vt 0.944154 0.629580
vn 0.003233 0.999932 0.011242
v 0.670537 -0.897541 12.565660 0.16144 0.26036 0.33025
vt 0.954677 0.630068
vn 0.003233 0.999932 0.011242
f 6205/6205/6205 6206/6206/6206 6207/6207/6207
v 1.012343 -0.886814 11.513319 0.16446 0.26338 0.33327
vt 0.943692 0.640663
vn 0.008483 0.999880 0.012947
v 0.670537 -0.897541 12.565660 0.16446 0.26338 0.33327
vt 0.954677 0.630068
vn 0.008483 0.999880 0.012947
v 1.018856 -0.900441 12.561426 0.16446 0.26338 0.33327
vt 0.954202 0.641197
vn 0.008483 0.999880 0.012947
f 6208/6208/6208 6209/6209/6209 6210/6210/6210
v 0.670537 -0.897541 12.565660 0.58116 0.58346 0.56276
vt 0.108624 0.418604
vn -0.012440 -0.035617 -0.999288
v 0.685395 -0.603299 12.554988 0.58116 0.58346 0.56276
vt 0.108130 0.444743
vn -0.012440 -0.035617 -0.999288
v 1.033713 -0.606200 12.550755 0.58116 0.58346 0.56276
vt 0.094076 0.444542
vn -0.012440 -0.035617 -0.999288
f 6211/6211/6211 6212/6212/6212 6213/6213/6213
v 0.670537 -0.897541 12.565660 0.91030 0.91260 0.89190
vt 0.108624 0.418604
vn -0.012443 -0.035613 -0.999288
v 1.033713 -0.606200 12.550755 0.91030 0.91260 0.89190
vt 0.094076 0.444542
vn -0.012443 -0.035613 -0.999288
v 1.018856 -0.900441 12.561426 0.91030 0.91260 0.89190
vt 0.094569 0.418403
vn -0.012443 -0.035613 -0.999288
f 6214/6214/6214 6215/6215/6215 6216/6216/6216
v 1.353968 -0.914460 13.325830 0.59626 0.59856 0.57786
vt 0.079899 0.480374
vn 0.022842 0.035086 0.999123
v 1.368826 -0.620219 13.315158 0.59626 0.59856 0.57786
vt 0.080432 0.454237
vn 0.022842 0.035086 0.999123
v 1.038509 -0.616234 13.322570 0.59626 0.59856 0.57786
vt 0.093762 0.454460
vn 0.022842 0.035086 0.999123
f 6217/6217/6217 6218/6218/6218 6219/6219/6219
v 1.353968 -0.914460 13.325830 0.59626 0.59856 0.57786
vt 0.079899 0.480374
vn 0.022842 0.035086 0.999123
v 1.038509 -0.616234 13.322570 0.59626 0.59856 0.57786
vt 0.093762 0.454460
vn 0.022842 0.035086 0.999123
v 1.023652 -0.910475 13.333242 0.59626 0.59856 0.57786
vt 0.093229 0.480598
vn 0.022842 0.035086 0.999123
f 6220/6220/6220 6221/6221/6221 6222/6222/6222
v 1.409002 2.823784 -6.185483 0.55399 0.23319 0.26080
vt 0.197223 0.859517
vn -0.000052 0.578794 0.815474
v 1.409002 2.961491 -6.283222 0.55399 0.23319 0.26080
vt 0.196908 0.848528
vn -0.000052 0.578794 0.815474
v 1.250809 2.961476 -6.283222 0.55399 0.23319 0.26080
vt 0.202662 0.848500
vn -0.000052 0.578794 0.815474
f 6223/6223/6223 6224/6224/6224 6225/6225/6225
v 1.409002 2.823784 -6.185483 0.23693 0.26640 0.33327
vt 0.197223 0.859517
vn -0.000049 0.578795 0.815473
v 1.250809 2.961476 -6.283222 0.23693 0.26640 0.33327
vt 0.202662 0.848500
vn -0.000049 0.578795 0.815473
v 1.250658 2.823770 -6.185483 0.23693 0.26640 0.33327
vt 0.202877 0.859473
vn -0.000049 0.578795 0.815473
f 6226/6226/6226 6227/6227/6227 6228/6228/6228
v 0.662209 2.292811 -8.888424 0.36979 0.33284 0.33931
vt 0.110753 0.903456
vn -0.000006 0.128456 -0.991715
v 0.662209 2.488525 -8.863074 0.36979 0.33284 0.33931
vt 0.110337 0.887868
vn -0.000006 0.128456 -0.991715
v 1.250734 2.488556 -8.863073 0.36979 0.33284 0.33931
vt 0.131647 0.887285
vn -0.000006 0.128456 -0.991715
f 6229/6229/6229 6230/6230/6230 6231/6231/6231
v 0.662209 2.292811 -8.888424 0.15238 0.26036 0.31515
vt 0.110753 0.903456
vn -0.000006 0.128457 -0.991715
v 1.250734 2.488556 -8.863073 0.15238 0.26036 0.31515
vt 0.131647 0.887285
vn -0.000006 0.128457 -0.991715
v 1.250734 2.292842 -8.888424 0.15238 0.26036 0.31515
vt 0.132016 0.902904
vn -0.000006 0.128457 -0.991715
f 6232/6232/6232 6233/6233/6233 6234/6234/6234
v -1.253265 0.735351 -6.359431 0.23995 0.30566 0.35743
vt 0.750602 0.854885
vn 0.000000 0.000599 1.000000
v -0.662861 0.735299 -6.359431 0.23995 0.30566 0.35743
vt 0.771640 0.855074
vn 0.000000 0.000599 1.000000
v -0.763478 0.781016 -6.359459 0.23995 0.30566 0.35743
vt 0.768026 0.858616
vn 0.000000 0.000599 1.000000
f 6235/6235/6235 6236/6236/6236 6237/6237/6237
v -1.253265 0.735351 -6.359431 0.15842 0.25735 0.32119
vt 0.750602 0.854885
vn 0.000000 0.000599 1.000000
v -0.763478 0.781016 -6.359459 0.15842 0.25735 0.32119
vt 0.768026 0.858616
vn 0.000000 0.000599 1.000000
v -1.152625 0.781050 -6.359459 0.15842 0.25735 0.32119
vt 0.754159 0.858493
vn 0.000000 0.000599 1.000000
f 6238/6238/6238 6239/6239/6239 6240/6240/6240
v -0.662861 0.735299 -6.359431 0.21881 0.27546 0.34535
vt 0.771640 0.855074
vn -0.000001 0.000602 1.000000
v -0.662695 1.390951 -6.359826 0.21881 0.27546 0.34535
vt 0.771195 0.906435
vn -0.000001 0.000602 1.000000
v -0.763336 1.345251 -6.359799 0.21881 0.27546 0.34535
vt 0.767644 0.902829
vn -0.000001 0.000602 1.000000
f 6241/6241/6241 6242/6242/6242 6243/6243/6243
v -0.662861 0.735299 -6.359431 0.20673 0.26942 0.33931
vt 0.771640 0.855074
vn 0.000002 0.000602 1.000000
v -0.763336 1.345251 -6.359799 0.20673 0.26942 0.33931
vt 0.767644 0.902829
vn 0.000002 0.000602 1.000000
v -0.763478 0.781016 -6.359459 0.20673 0.26942 0.33931
vt 0.768026 0.858616
vn 0.000002 0.000602 1.000000
f 6244/6244/6244 6245/6245/6245 6246/6246/6246
v -0.662695 1.390951 -6.359826 0.16446 0.26338 0.33327
vt 0.771195 0.906435
vn 0.000000 0.000599 1.000000
v -1.253099 1.391003 -6.359826 0.16446 0.26338 0.33327
vt 0.750160 0.906245
vn 0.000000 0.000599 1.000000
v -1.152482 1.345285 -6.359799 0.16446 0.26338 0.33327
vt 0.753778 0.902705
vn 0.000000 0.000599 1.000000
f 6247/6247/6247 6248/6248/6248 6249/6249/6249
v -0.662695 1.390951 -6.359826 0.17352 0.26640 0.31817
vt 0.771195 0.906435
vn 0.000000 0.000599 1.000000
v -1.152482 1.345285 -6.359799 0.17352 0.26640 0.31817
vt 0.753778 0.902705
vn 0.000000 0.000599 1.000000
v -0.763336 1.345251 -6.359799 0.17352 0.26640 0.31817
vt 0.767644 0.902829
vn 0.000000 0.000599 1.000000
f 6250/6250/6250 6251/6251/6251 6252/6252/6252
v -1.253099 1.391003 -6.359826 0.15540 0.25433 0.31817
vt 0.750160 0.906245
vn -0.000001 0.000602 1.000000
v -1.253265 0.735351 -6.359431 0.15540 0.25433 0.31817
vt 0.750602 0.854885
vn -0.000001 0.000602 1.000000
v -1.152625 0.781050 -6.359459 0.15540 0.25433 0.31817
vt 0.754159 0.858493
vn -0.000001 0.000602 1.000000
f 6253/6253/6253 6254/6254/6254 6255/6255/6255
v -1.253099 1.391003 -6.359826 0.16748 0.27546 0.32723
vt 0.750160 0.906245
vn 0.000002 0.000602 1.000000
v -1.152625 0.781050 -6.359459 0.16748 0.27546 0.32723
vt 0.754159 0.858493
vn 0.000002 0.000602 1.000000
v -1.152482 1.345285 -6.359799 0.16748 0.27546 0.32723
vt 0.753778 0.902705
vn 0.000002 0.000602 1.000000
f 6256/6256/6256 6257/6257/6257 6258/6258/6258
v -1.253663 -0.335327 -6.358298 0.73516 0.21809 0.17927
vt 0.751366 0.771018
vn 0.000000 0.000879 1.000000
v -0.663260 -0.335379 -6.358298 0.73516 0.21809 0.17927
vt 0.772389 0.771205
vn 0.000000 0.000879 1.000000
v -0.763876 -0.289662 -6.358338 0.73516 0.21809 0.17927
vt 0.768781 0.774747
vn 0.000000 0.000879 1.000000
f 6259/6259/6259 6260/6260/6260 6261/6261/6261
v -1.253663 -0.335327 -6.358298 0.73818 0.16374 0.14606
vt 0.751366 0.771018
vn 0.000000 0.000879 1.000000
v -0.763876 -0.289662 -6.358338 0.73818 0.16374 0.14606
vt 0.768781 0.774747
vn 0.000000 0.000879 1.000000
v -1.153022 -0.289627 -6.358338 0.73818 0.16374 0.14606
vt 0.754916 0.774624
vn 0.000000 0.000879 1.000000
f 6262/6262/6262 6263/6263/6263 6264/6264/6264
v -0.663260 -0.335379 -6.358298 0.72308 0.19695 0.16719
vt 0.772389 0.771205
vn -0.000002 0.000884 1.000000
v -0.663056 0.424816 -6.358969 0.72308 0.19695 0.16719
vt 0.771851 0.830753
vn -0.000002 0.000884 1.000000
v -0.763697 0.379117 -6.358929 0.72308 0.19695 0.16719
vt 0.768302 0.827148
vn -0.000002 0.000884 1.000000
f 6265/6265/6265 6266/6266/6266 6267/6267/6267
v -0.663260 -0.335379 -6.358298 0.69591 0.24225 0.19437
vt 0.772389 0.771205
vn 0.000003 0.000884 1.000000
v -0.763697 0.379117 -6.358929 0.69591 0.24225 0.19437
vt 0.768302 0.827148
vn 0.000003 0.000884 1.000000
v -0.763876 -0.289662 -6.358338 0.69591 0.24225 0.19437
vt 0.768781 0.774747
vn 0.000003 0.000884 1.000000
f 6268/6268/6268 6269/6269/6269 6270/6270/6270
v -0.663056 0.424816 -6.358969 0.22183 0.28754 0.33931
vt 0.771851 0.830753
vn 0.000000 0.000879 1.000000
v -1.253459 0.424869 -6.358969 0.22183 0.28754 0.33931
vt 0.750816 0.830566
vn 0.000000 0.000879 1.000000
v -1.152843 0.379151 -6.358929 0.22183 0.28754 0.33931
vt 0.754436 0.827024
vn 0.000000 0.000879 1.000000
f 6271/6271/6271 6272/6272/6272 6273/6273/6273
v -0.663056 0.424816 -6.358969 0.21881 0.28150 0.34233
vt 0.771851 0.830753
vn 0.000000 0.000879 1.000000
v -1.152843 0.379151 -6.358929 0.21881 0.28150 0.34233
vt 0.754436 0.827024
vn 0.000000 0.000879 1.000000
v -0.763697 0.379117 -6.358929 0.21881 0.28150 0.34233
vt 0.768302 0.827148
vn 0.000000 0.000879 1.000000
f 6274/6274/6274 6275/6275/6275 6276/6276/6276
v -1.253459 0.424869 -6.358969 0.72610 0.19997 0.17323
vt 0.750816 0.830566
vn -0.000002 0.000884 1.000000
v -1.253663 -0.335327 -6.358298 0.72610 0.19997 0.17323
vt 0.751366 0.771018
vn -0.000002 0.000884 1.000000
v -1.153022 -0.289627 -6.358338 0.72610 0.19997 0.17323
vt 0.754916 0.774624
vn -0.000002 0.000884 1.000000
f 6277/6277/6277 6278/6278/6278 6279/6279/6279
v -1.253459 0.424869 -6.358969 0.65061 0.22111 0.23061
vt 0.750816 0.830566
vn 0.000003 0.000884 1.000000
v -1.153022 -0.289627 -6.358338 0.65061 0.22111 0.23061
vt 0.754916 0.774624
vn 0.000003 0.000884 1.000000
v -1.152843 0.379151 -6.358929 0.65061 0.22111 0.23061
vt 0.754436 0.827024
vn 0.000003 0.000884 1.000000
f 6280/6280/6280 6281/6281/6281 6282/6282/6282
v 0.662695 1.390951 -6.359826 0.19465 0.29056 0.35441
vt 0.818407 0.906850
vn -0.000002 0.000602 1.000000
v 0.662861 0.735299 -6.359431 0.19465 0.29056 0.35441
vt 0.818863 0.855490
vn -0.000002 0.000602 1.000000
v 0.763478 0.781016 -6.359459 0.19465 0.29056 0.35441
vt 0.822412 0.859095
vn -0.000002 0.000602 1.000000
f 6283/6283/6283 6284/6284/6284 6285/6285/6285
v 0.662695 1.390951 -6.359826 0.14936 0.23621 0.29704
vt 0.818407 0.906850
vn 0.000002 0.000602 1.000000
v 0.763478 0.781016 -6.359459 0.14936 0.23621 0.29704
vt 0.822412 0.859095
vn 0.000002 0.000602 1.000000
v 0.763336 1.345251 -6.359799 0.14936 0.23621 0.29704
vt 0.822019 0.903308
vn 0.000002 0.000602 1.000000
f 6286/6286/6286 6287/6287/6287 6288/6288/6288
v 0.662861 0.735299 -6.359431 0.20371 0.28754 0.34837
vt 0.818863 0.855490
vn -0.000000 0.000598 1.000000
v 1.251385 0.735350 -6.359431 0.20371 0.28754 0.34837
vt 0.839829 0.855672
vn -0.000000 0.000598 1.000000
v 1.150745 0.781050 -6.359459 0.20371 0.28754 0.34837
vt 0.836211 0.859216
vn -0.000000 0.000598 1.000000
f 6289/6289/6289 6290/6290/6290 6291/6291/6291
v 0.662861 0.735299 -6.359431 0.15540 0.26036 0.33025
vt 0.818863 0.855490
vn -0.000000 0.000599 1.000000
v 1.150745 0.781050 -6.359459 0.15540 0.26036 0.33025
vt 0.836211 0.859216
vn -0.000000 0.000599 1.000000
v 0.763478 0.781016 -6.359459 0.15540 0.26036 0.33025
vt 0.822412 0.859095
vn -0.000000 0.000599 1.000000
f 6292/6292/6292 6293/6293/6293 6294/6294/6294
v 1.251385 0.735350 -6.359431 0.23995 0.29358 0.34535
vt 0.839829 0.855672
vn -0.000002 0.000602 1.000000
v 1.251220 1.391002 -6.359826 0.23995 0.29358 0.34535
vt 0.839372 0.907032
vn -0.000002 0.000602 1.000000
v 1.150602 1.345285 -6.359799 0.23995 0.29358 0.34535
vt 0.835818 0.903428
vn -0.000002 0.000602 1.000000
f 6295/6295/6295 6296/6296/6296 6297/6297/6297
v 1.251385 0.735350 -6.359431 0.22787 0.29962 0.35743
vt 0.839829 0.855672
vn 0.000002 0.000602 1.000000
v 1.150602 1.345285 -6.359799 0.22787 0.29962 0.35743
vt 0.835818 0.903428
vn 0.000002 0.000602 1.000000
v 1.150745 0.781050 -6.359459 0.22787 0.29962 0.35743
vt 0.836211 0.859216
vn 0.000002 0.000602 1.000000
f 6298/6298/6298 6299/6299/6299 6300/6300/6300
v 1.251220 1.391002 -6.359826 0.24901 0.31170 0.35441
vt 0.839372 0.907032
vn -0.000000 0.000599 1.000000
v 0.662695 1.390951 -6.359826 0.24901 0.31170 0.35441
vt 0.818407 0.906850
vn -0.000000 0.000599 1.000000
v 0.763336 1.345251 -6.359799 0.24901 0.31170 0.35441
vt 0.822019 0.903308
vn -0.000000 0.000599 1.000000
f 6301/6301/6301 6302/6302/6302 6303/6303/6303
v 1.251220 1.391002 -6.359826 0.22485 0.28754 0.32723
vt 0.839372 0.907032
vn -0.000000 0.000599 1.000000
v 0.763336 1.345251 -6.359799 0.22485 0.28754 0.32723
vt 0.822019 0.903308
vn -0.000000 0.000599 1.000000
v 1.150602 1.345285 -6.359799 0.22485 0.28754 0.32723
vt 0.835818 0.903428
vn -0.000000 0.000599 1.000000
f 6304/6304/6304 6305/6305/6305 6306/6306/6306
v 1.251580 0.424868 -6.358969 0.14634 0.26640 0.33629
vt 0.840045 0.831354
vn -0.000000 0.000879 1.000000
v 0.663056 0.424816 -6.358969 0.14634 0.26640 0.33629
vt 0.819081 0.831170
vn -0.000000 0.000879 1.000000
v 0.763697 0.379117 -6.358929 0.14634 0.26640 0.33629
vt 0.822692 0.827628
vn -0.000000 0.000879 1.000000
f 6307/6307/6307 6308/6308/6308 6309/6309/6309
v 1.251580 0.424868 -6.358969 0.14634 0.26640 0.33629
vt 0.840045 0.831354
vn -0.000000 0.000879 1.000000
v 0.763697 0.379117 -6.358929 0.14634 0.26640 0.33629
vt 0.822692 0.827628
vn -0.000000 0.000879 1.000000
v 1.150963 0.379151 -6.358929 0.14634 0.26640 0.33629
vt 0.836491 0.827749
vn -0.000000 0.000879 1.000000
f 6310/6310/6310 6311/6311/6311 6312/6312/6312
v 0.663056 0.424816 -6.358969 0.72610 0.16374 0.14606
vt 0.819081 0.831170
vn -0.000002 0.000884 1.000000
v 0.663260 -0.335379 -6.358298 0.72610 0.16374 0.14606
vt 0.819607 0.771622
vn -0.000002 0.000884 1.000000
v 0.763876 -0.289662 -6.358338 0.72610 0.16374 0.14606
vt 0.823151 0.775226
vn -0.000002 0.000884 1.000000
f 6313/6313/6313 6314/6314/6314 6315/6315/6315
v 0.663056 0.424816 -6.358969 0.58720 0.21809 0.28194
vt 0.819081 0.831170
vn 0.000002 0.000884 1.000000
v 0.763876 -0.289662 -6.358338 0.58720 0.21809 0.28194
vt 0.823151 0.775226
vn 0.000002 0.000884 1.000000
v 0.763697 0.379117 -6.358929 0.58720 0.21809 0.28194
vt 0.822692 0.827628
vn 0.000002 0.000884 1.000000
f 6316/6316/6316 6317/6317/6317 6318/6318/6318
v 0.663260 -0.335379 -6.358298 0.75026 0.16676 0.15210
vt 0.819607 0.771622
vn -0.000000 0.000879 1.000000
v 1.251784 -0.335327 -6.358298 0.75026 0.16676 0.15210
vt 0.840559 0.771806
vn -0.000000 0.000879 1.000000
v 1.151143 -0.289628 -6.358338 0.75026 0.16676 0.15210
vt 0.836948 0.775348
vn -0.000000 0.000879 1.000000
f 6319/6319/6319 6320/6320/6320 6321/6321/6321
v 0.663260 -0.335379 -6.358298 0.76838 0.17582 0.17927
vt 0.819607 0.771622
vn -0.000000 0.000879 1.000000
v 1.151143 -0.289628 -6.358338 0.76838 0.17582 0.17927
vt 0.836948 0.775348
vn -0.000000 0.000879 1.000000
v 0.763876 -0.289662 -6.358338 0.76838 0.17582 0.17927
vt 0.823151 0.775226
vn -0.000000 0.000879 1.000000
f 6322/6322/6322 6323/6323/6323 6324/6324/6324
v 1.251784 -0.335327 -6.358298 0.15540 0.27244 0.33629
vt 0.840559 0.771806
vn -0.000002 0.000884 1.000000
v 1.251580 0.424868 -6.358969 0.15540 0.27244 0.33629
vt 0.840045 0.831354
vn -0.000002 0.000884 1.000000
v 1.150963 0.379151 -6.358929 0.15540 0.27244 0.33629
vt 0.836491 0.827749
vn -0.000002 0.000884 1.000000
f 6325/6325/6325 6326/6326/6326 6327/6327/6327
v 1.251784 -0.335327 -6.358298 0.70799 0.18487 0.17625
vt 0.840559 0.771806
vn 0.000002 0.000884 1.000000
v 1.150963 0.379151 -6.358929 0.70799 0.18487 0.17625
vt 0.836491 0.827749
vn 0.000002 0.000884 1.000000
v 1.151143 -0.289628 -6.358338 0.70799 0.18487 0.17625
vt 0.836948 0.775348
vn 0.000002 0.000884 1.000000
f 6328/6328/6328 6329/6329/6329 6330/6330/6330
v -1.152625 0.781050 -6.359459 0.20371 0.28754 0.34837
vt 0.754159 0.858493
vn 0.000077 0.881744 0.471727
v -0.763478 0.781016 -6.359459 0.20371 0.28754 0.34837
vt 0.768026 0.858616
vn 0.000077 0.881744 0.471727
v -0.808523 0.801482 -6.397707 0.20371 0.28754 0.34837
vt 0.766390 0.860222
vn 0.000077 0.881744 0.471727
f 6331/6331/6331 6332/6332/6332 6333/6333/6333
v -1.152625 0.781050 -6.359459 0.17352 0.26942 0.33931
vt 0.754159 0.858493
vn 0.000077 0.881743 0.471730
v -0.808523 0.801482 -6.397707 0.17352 0.26942 0.33931
vt 0.766390 0.860222
vn 0.000077 0.881743 0.471730
v -1.107570 0.801509 -6.397707 0.17352 0.26942 0.33931
vt 0.755769 0.860129
vn 0.000077 0.881743 0.471730
f 6334/6334/6334 6335/6335/6335 6336/6336/6336
v -0.763478 0.781016 -6.359459 0.21881 0.28150 0.34837
vt 0.768026 0.858616
vn -0.647088 0.000623 0.762415
v -0.763336 1.345251 -6.359799 0.21881 0.28150 0.34837
vt 0.767644 0.902829
vn -0.647088 0.000623 0.762415
v -0.808391 1.324792 -6.398022 0.21881 0.28150 0.34837
vt 0.766037 0.901193
vn -0.647088 0.000623 0.762415
f 6337/6337/6337 6338/6338/6338 6339/6339/6339
v -0.763478 0.781016 -6.359459 0.19163 0.27546 0.34535
vt 0.768026 0.858616
vn -0.647092 0.000622 0.762412
v -0.808391 1.324792 -6.398022 0.19163 0.27546 0.34535
vt 0.766037 0.901193
vn -0.647092 0.000622 0.762412
v -0.808523 0.801482 -6.397707 0.19163 0.27546 0.34535
vt 0.766390 0.860222
vn -0.647092 0.000622 0.762412
f 6340/6340/6340 6341/6341/6341 6342/6342/6342
v -0.763336 1.345251 -6.359799 0.16446 0.26338 0.32723
vt 0.767644 0.902829
vn -0.000078 -0.881607 0.471985
v -1.152482 1.345285 -6.359799 0.16446 0.26338 0.32723
vt 0.753778 0.902705
vn -0.000078 -0.881607 0.471985
v -1.107438 1.324818 -6.398022 0.16446 0.26338 0.32723
vt 0.755416 0.901100
vn -0.000078 -0.881607 0.471985
f 6343/6343/6343 6344/6344/6344 6345/6345/6345
v -0.763336 1.345251 -6.359799 0.19767 0.29660 0.35441
vt 0.767644 0.902829
vn -0.000077 -0.881608 0.471982
v -1.107438 1.324818 -6.398022 0.19767 0.29660 0.35441
vt 0.755416 0.901100
vn -0.000077 -0.881608 0.471982
v -0.808391 1.324792 -6.398022 0.19767 0.29660 0.35441
vt 0.766037 0.901193
vn -0.000077 -0.881608 0.471982
f 6346/6346/6346 6347/6347/6347 6348/6348/6348
v -1.152482 1.345285 -6.359799 0.16144 0.26036 0.32421
vt 0.753778 0.902705
vn 0.647092 0.000296 0.762412
v -1.152625 0.781050 -6.359459 0.16144 0.26036 0.32421
vt 0.754159 0.858493
vn 0.647092 0.000296 0.762412
v -1.107570 0.801509 -6.397707 0.16144 0.26036 0.32421
vt 0.755769 0.860129
vn 0.647092 0.000296 0.762412
f 6349/6349/6349 6350/6350/6350 6351/6351/6351
v -1.152482 1.345285 -6.359799 0.17050 0.27848 0.33327
vt 0.753778 0.902705
vn 0.647088 0.000295 0.762415
v -1.107570 0.801509 -6.397707 0.17050 0.27848 0.33327
vt 0.755769 0.860129
vn 0.647088 0.000295 0.762415
v -1.107438 1.324818 -6.398022 0.17050 0.27848 0.33327
vt 0.755416 0.901100
vn 0.647088 0.000295 0.762415
f 6352/6352/6352 6353/6353/6353 6354/6354/6354
v -1.153022 -0.289627 -6.358338 0.74422 0.18185 0.15814
vt 0.754916 0.774624
vn 0.000078 0.881772 0.471676
v -0.763876 -0.289662 -6.358338 0.74422 0.18185 0.15814
vt 0.768781 0.774747
vn 0.000078 0.881772 0.471676
v -0.808920 -0.269196 -6.396591 0.74422 0.18185 0.15814
vt 0.767145 0.776354
vn 0.000078 0.881772 0.471676
f 6355/6355/6355 6356/6356/6356 6357/6357/6357
v -1.153022 -0.289627 -6.358338 0.73516 0.16072 0.14002
vt 0.754916 0.774624
vn 0.000078 0.881773 0.471675
v -0.808920 -0.269196 -6.396591 0.73516 0.16072 0.14002
vt 0.767145 0.776354
vn 0.000078 0.881773 0.471675
v -1.107967 -0.269169 -6.396591 0.73516 0.16072 0.14002
vt 0.756525 0.776258
vn 0.000078 0.881773 0.471675
f 6358/6358/6358 6359/6359/6359 6360/6360/6360
v -0.763876 -0.289662 -6.358338 0.72610 0.19393 0.16115
vt 0.768781 0.774747
vn -0.647087 0.000848 0.762416
v -0.763697 0.379117 -6.358929 0.72610 0.19393 0.16115
vt 0.768302 0.827148
vn -0.647087 0.000848 0.762416
v -0.808752 0.358657 -6.397146 0.72610 0.19393 0.16115
vt 0.766696 0.825513
vn -0.647087 0.000848 0.762416
f 6361/6361/6361 6362/6362/6362 6363/6363/6363
v -0.763876 -0.289662 -6.358338 0.70497 0.23017 0.19135
vt 0.768781 0.774747
vn -0.647086 0.000848 0.762416
v -0.808752 0.358657 -6.397146 0.70497 0.23017 0.19135
vt 0.766696 0.825513
vn -0.647086 0.000848 0.762416
v -0.808920 -0.269196 -6.396591 0.70497 0.23017 0.19135
vt 0.767145 0.776354
vn -0.647086 0.000848 0.762416
f 6364/6364/6364 6365/6365/6365 6366/6366/6366
v -0.763697 0.379117 -6.358929 0.22183 0.28452 0.34837
vt 0.768302 0.827148
vn -0.000078 -0.881574 0.472046
v -1.152843 0.379151 -6.358929 0.22183 0.28452 0.34837
vt 0.754436 0.827024
vn -0.000078 -0.881574 0.472046
v -1.107799 0.358684 -6.397146 0.22183 0.28452 0.34837
vt 0.756075 0.825418
vn -0.000078 -0.881574 0.472046
f 6367/6367/6367 6368/6368/6368 6369/6369/6369
v -0.763697 0.379117 -6.358929 0.21881 0.28150 0.34233
vt 0.768302 0.827148
vn -0.000078 -0.881574 0.472045
v -1.107799 0.358684 -6.397146 0.21881 0.28150 0.34233
vt 0.756075 0.825418
vn -0.000078 -0.881574 0.472045
v -0.808752 0.358657 -6.397146 0.21881 0.28150 0.34233
vt 0.766696 0.825513
vn -0.000078 -0.881574 0.472045
f 6370/6370/6370 6371/6371/6371 6372/6372/6372
v -1.152843 0.379151 -6.358929 0.73818 0.19997 0.17625
vt 0.754436 0.827024
vn 0.647086 0.000501 0.762416
v -1.153022 -0.289627 -6.358338 0.73818 0.19997 0.17625
vt 0.754916 0.774624
vn 0.647086 0.000501 0.762416
v -1.107967 -0.269169 -6.396591 0.73818 0.19997 0.17625
vt 0.756525 0.776258
vn 0.647086 0.000501 0.762416
f 6373/6373/6373 6374/6374/6374 6375/6375/6375
v -1.152843 0.379151 -6.358929 0.73818 0.18789 0.16719
vt 0.754436 0.827024
vn 0.647088 0.000501 0.762416
v -1.107967 -0.269169 -6.396591 0.73818 0.18789 0.16719
vt 0.756525 0.776258
vn 0.647088 0.000501 0.762416
v -1.107799 0.358684 -6.397146 0.73818 0.18789 0.16719
vt 0.756075 0.825418
vn 0.647088 0.000501 0.762416
f 6376/6376/6376 6377/6377/6377 6378/6378/6378
v 0.763336 1.345251 -6.359799 0.17955 0.27848 0.34233
vt 0.822019 0.903308
vn 0.647092 0.000623 0.762412
v 0.763478 0.781016 -6.359459 0.17955 0.27848 0.34233
vt 0.822412 0.859095
vn 0.647092 0.000623 0.762412
v 0.808523 0.801482 -6.397707 0.17955 0.27848 0.34233
vt 0.824019 0.860730
vn 0.647092 0.000623 0.762412
f 6379/6379/6379 6380/6380/6380 6381/6381/6381
v 0.763336 1.345251 -6.359799 0.17352 0.26036 0.32119
vt 0.822019 0.903308
vn 0.647088 0.000622 0.762415
v 0.808523 0.801482 -6.397707 0.17352 0.26036 0.32119
vt 0.824019 0.860730
vn 0.647088 0.000622 0.762415
v 0.808391 1.324792 -6.398022 0.17352 0.26036 0.32119
vt 0.823655 0.901701
vn 0.647088 0.000622 0.762415
f 6382/6382/6382 6383/6383/6383 6384/6384/6384
v 0.763478 0.781016 -6.359459 0.19465 0.27244 0.33025
vt 0.822412 0.859095
vn -0.000077 0.881746 0.471724
v 1.150745 0.781050 -6.359459 0.19465 0.27244 0.33025
vt 0.836211 0.859216
vn -0.000077 0.881746 0.471724
v 1.105690 0.801508 -6.397707 0.19465 0.27244 0.33025
vt 0.834573 0.860823
vn -0.000077 0.881746 0.471724
f 6385/6385/6385 6386/6386/6386 6387/6387/6387
v 0.763478 0.781016 -6.359459 0.16748 0.27244 0.33327
vt 0.822412 0.859095
vn -0.000077 0.881744 0.471727
v 1.105690 0.801508 -6.397707 0.16748 0.27244 0.33327
vt 0.834573 0.860823
vn -0.000077 0.881744 0.471727
v 0.808523 0.801482 -6.397707 0.16748 0.27244 0.33327
vt 0.824019 0.860730
vn -0.000077 0.881744 0.471727
f 6388/6388/6388 6389/6389/6389 6390/6390/6390
v 1.150745 0.781050 -6.359459 0.22485 0.29056 0.33931
vt 0.836211 0.859216
vn -0.647088 0.000296 0.762415
v 1.150602 1.345285 -6.359799 0.22485 0.29056 0.33931
vt 0.835818 0.903428
vn -0.647088 0.000296 0.762415
v 1.105558 1.324818 -6.398022 0.22485 0.29056 0.33931
vt 0.834209 0.901794
vn -0.647088 0.000296 0.762415
f 6391/6391/6391 6392/6392/6392 6393/6393/6393
v 1.150745 0.781050 -6.359459 0.23089 0.29660 0.35743
vt 0.836211 0.859216
vn -0.647092 0.000295 0.762412
v 1.105558 1.324818 -6.398022 0.23089 0.29660 0.35743
vt 0.834209 0.901794
vn -0.647092 0.000295 0.762412
v 1.105690 0.801508 -6.397707 0.23089 0.29660 0.35743
vt 0.834573 0.860823
vn -0.647092 0.000295 0.762412
f 6394/6394/6394 6395/6395/6395 6396/6396/6396
v 1.150602 1.345285 -6.359799 0.24599 0.31170 0.36045
vt 0.835818 0.903428
vn 0.000077 -0.881608 0.471982
v 0.763336 1.345251 -6.359799 0.24599 0.31170 0.36045
vt 0.822019 0.903308
vn 0.000077 -0.881608 0.471982
v 0.808391 1.324792 -6.398022 0.24599 0.31170 0.36045
vt 0.823655 0.901701
vn 0.000077 -0.881608 0.471982
f 6397/6397/6397 6398/6398/6398 6399/6399/6399
v 1.150602 1.345285 -6.359799 0.24599 0.30868 0.34837
vt 0.835818 0.903428
vn 0.000077 -0.881606 0.471986
v 0.808391 1.324792 -6.398022 0.24599 0.30868 0.34837
vt 0.823655 0.901701
vn 0.000077 -0.881606 0.471986
v 1.105558 1.324818 -6.398022 0.24599 0.30868 0.34837
vt 0.834209 0.901794
vn 0.000077 -0.881606 0.471986
f 6400/6400/6400 6401/6401/6401 6402/6402/6402
v 1.150963 0.379151 -6.358929 0.14634 0.26338 0.34233
vt 0.836491 0.827749
vn 0.000078 -0.881575 0.472045
v 0.763697 0.379117 -6.358929 0.14634 0.26338 0.34233
vt 0.822692 0.827628
vn 0.000078 -0.881575 0.472045
v 0.808752 0.358657 -6.397146 0.14634 0.26338 0.34233
vt 0.824327 0.826021
vn 0.000078 -0.881575 0.472045
f 6403/6403/6403 6404/6404/6404 6405/6405/6405
v 1.150963 0.379151 -6.358929 0.14634 0.26640 0.33629
vt 0.836491 0.827749
vn 0.000078 -0.881574 0.472047
v 0.808752 0.358657 -6.397146 0.14634 0.26640 0.33629
vt 0.824327 0.826021
vn 0.000078 -0.881574 0.472047
v 1.105919 0.358683 -6.397146 0.14634 0.26640 0.33629
vt 0.834881 0.826114
vn 0.000078 -0.881574 0.472047
f 6406/6406/6406 6407/6407/6407 6408/6408/6408
v 0.763697 0.379117 -6.358929 0.72610 0.16072 0.15210
vt 0.822692 0.827628
vn 0.647086 0.000848 0.762416
v 0.763876 -0.289662 -6.358338 0.72610 0.16072 0.15210
vt 0.823151 0.775226
vn 0.647086 0.000848 0.762416
v 0.808920 -0.269196 -6.396591 0.72610 0.16072 0.15210
vt 0.824757 0.776862
vn 0.647086 0.000848 0.762416
f 6409/6409/6409 6410/6410/6410 6411/6411/6411
v 0.763697 0.379117 -6.358929 0.68081 0.18185 0.22759
vt 0.822692 0.827628
vn 0.647087 0.000848 0.762415
v 0.808920 -0.269196 -6.396591 0.68081 0.18185 0.22759
vt 0.824757 0.776862
vn 0.647087 0.000848 0.762415
v 0.808752 0.358657 -6.397146 0.68081 0.18185 0.22759
vt 0.824327 0.826021
vn 0.647087 0.000848 0.762415
f 6412/6412/6412 6413/6413/6413 6414/6414/6414
v 0.763876 -0.289662 -6.358338 0.70497 0.19393 0.16719
vt 0.823151 0.775226
vn -0.000078 0.881773 0.471674
v 1.151143 -0.289628 -6.358338 0.70497 0.19393 0.16719
vt 0.836948 0.775348
vn -0.000078 0.881773 0.471674
v 1.106087 -0.269170 -6.396591 0.70497 0.19393 0.16719
vt 0.835311 0.776955
vn -0.000078 0.881773 0.471674
f 6415/6415/6415 6416/6416/6416 6417/6417/6417
v 0.763876 -0.289662 -6.358338 0.72912 0.17884 0.17927
vt 0.823151 0.775226
vn -0.000079 0.881775 0.471669
v 1.106087 -0.269170 -6.396591 0.72912 0.17884 0.17927
vt 0.835311 0.776955
vn -0.000079 0.881775 0.471669
v 0.808920 -0.269196 -6.396591 0.72912 0.17884 0.17927
vt 0.824757 0.776862
vn -0.000079 0.881775 0.471669
f 6418/6418/6418 6419/6419/6419 6420/6420/6420
v 1.151143 -0.289628 -6.358338 0.14634 0.26640 0.33025
vt 0.836948 0.775348
vn -0.647088 0.000501 0.762416
v 1.150963 0.379151 -6.358929 0.14634 0.26640 0.33025
vt 0.836491 0.827749
vn -0.647088 0.000501 0.762416
v 1.105919 0.358683 -6.397146 0.14634 0.26640 0.33025
vt 0.834881 0.826114
vn -0.647088 0.000501 0.762416
f 6421/6421/6421 6422/6422/6422 6423/6423/6423
v 1.151143 -0.289628 -6.358338 0.69591 0.19091 0.17625
vt 0.836948 0.775348
vn -0.647086 0.000501 0.762416
v 1.105919 0.358683 -6.397146 0.69591 0.19091 0.17625
vt 0.834881 0.826114
vn -0.647086 0.000501 0.762416
v 1.106087 -0.269170 -6.396591 0.69591 0.19091 0.17625
vt 0.835311 0.776955
vn -0.647086 0.000501 0.762416
f 6424/6424/6424 6425/6425/6425 6426/6426/6426
v 1.809380 1.391052 -6.359826 0.16446 0.26942 0.33629
vt 0.859261 0.907203
vn -0.000358 0.000602 1.000000
v 1.809546 0.735399 -6.359431 0.16446 0.26942 0.33629
vt 0.859722 0.855843
vn -0.000358 0.000602 1.000000
v 2.004609 0.940457 -6.359485 0.16446 0.26942 0.33629
vt 0.866524 0.871956
vn -0.000358 0.000602 1.000000
f 6427/6427/6427 6428/6428/6428 6429/6429/6429
v 1.809380 1.391052 -6.359826 0.24599 0.29962 0.33629
vt 0.859261 0.907203
vn 0.000956 0.001171 0.999999
v 2.004609 0.940457 -6.359485 0.24599 0.29962 0.33629
vt 0.866524 0.871956
vn 0.000956 0.001171 0.999999
v 2.004489 1.186040 -6.359773 0.24599 0.29962 0.33629
vt 0.866346 0.891209
vn 0.000956 0.001171 0.999999
f 6430/6430/6430 6431/6431/6431 6432/6432/6432
v 1.809546 0.735399 -6.359431 0.23391 0.32680 0.38461
vt 0.859722 0.855843
vn -0.000000 0.000261 1.000000
v 2.759018 0.735463 -6.359431 0.23391 0.32680 0.38461
vt 0.893540 0.856129
vn -0.000000 0.000261 1.000000
v 2.563909 0.940476 -6.359485 0.23391 0.32680 0.38461
vt 0.886445 0.872125
vn -0.000000 0.000261 1.000000
f 6433/6433/6433 6434/6434/6434 6435/6435/6435
v 1.809546 0.735399 -6.359431 0.17955 0.27244 0.33931
vt 0.859722 0.855843
vn -0.000000 0.000261 1.000000
v 2.563909 0.940476 -6.359485 0.17955 0.27244 0.33931
vt 0.886445 0.872125
vn -0.000000 0.000261 1.000000
v 2.004609 0.940457 -6.359485 0.17955 0.27244 0.33931
vt 0.866524 0.871956
vn -0.000000 0.000261 1.000000
f 6436/6436/6436 6437/6437/6437 6438/6438/6438
v 2.759018 0.735463 -6.359431 0.16748 0.25433 0.31515
vt 0.893540 0.856129
vn -0.000358 0.000602 1.000000
v 2.758852 1.391117 -6.359826 0.16748 0.25433 0.31515
vt 0.893072 0.907488
vn -0.000358 0.000602 1.000000
v 2.563788 1.186059 -6.359773 0.16748 0.25433 0.31515
vt 0.886267 0.891377
vn -0.000358 0.000602 1.000000
f 6439/6439/6439 6440/6440/6440 6441/6441/6441
v 2.759018 0.735463 -6.359431 0.15238 0.26338 0.33025
vt 0.893540 0.856129
vn 0.000956 0.001171 0.999999
v 2.563788 1.186059 -6.359773 0.15238 0.26338 0.33025
vt 0.886267 0.891377
vn 0.000956 0.001171 0.999999
v 2.563909 0.940476 -6.359485 0.15238 0.26338 0.33025
vt 0.886445 0.872125
vn 0.000956 0.001171 0.999999
f 6442/6442/6442 6443/6443/6443 6444/6444/6444
v 2.758852 1.391117 -6.359826 0.23693 0.29660 0.34535
vt 0.893072 0.907488
vn -0.000000 0.000261 1.000000
v 1.809380 1.391052 -6.359826 0.23693 0.29660 0.34535
vt 0.859261 0.907203
vn -0.000000 0.000261 1.000000
v 2.004489 1.186040 -6.359773 0.23693 0.29660 0.34535
vt 0.866346 0.891209
vn -0.000000 0.000261 1.000000
f 6445/6445/6445 6446/6446/6446 6447/6447/6447
v 2.758852 1.391117 -6.359826 0.20371 0.29056 0.34233
vt 0.893072 0.907488
vn -0.000000 0.000261 1.000000
v 2.004489 1.186040 -6.359773 0.20371 0.29056 0.34233
vt 0.866346 0.891209
vn -0.000000 0.000261 1.000000
v 2.563788 1.186059 -6.359773 0.20371 0.29056 0.34233
vt 0.886267 0.891377
vn -0.000000 0.000261 1.000000
f 6448/6448/6448 6449/6449/6449 6450/6450/6450
v 1.809740 0.424918 -6.358969 0.75026 0.14864 0.12492
vt 0.859935 0.831525
vn -0.000644 0.000883 0.999999
v 1.809944 -0.335278 -6.358298 0.75026 0.14864 0.12492
vt 0.860433 0.771976
vn -0.000644 0.000883 0.999999
v 2.005006 -0.104781 -6.358376 0.75026 0.14864 0.12492
vt 0.867228 0.790082
vn -0.000644 0.000883 0.999999
f 6451/6451/6451 6452/6452/6452 6453/6453/6453
v 1.809740 0.424918 -6.358969 0.76234 0.15166 0.14002
vt 0.859935 0.831525
vn 0.001631 0.001722 0.999997
v 2.005006 -0.104781 -6.358376 0.76234 0.15166 0.14002
vt 0.867228 0.790082
vn 0.001631 0.001722 0.999997
v 2.004850 0.194465 -6.358891 0.76234 0.15166 0.14002
vt 0.867028 0.813538
vn 0.001631 0.001722 0.999997
f 6454/6454/6454 6455/6455/6455 6456/6456/6456
v 1.809944 -0.335278 -6.358298 0.74422 0.16072 0.15210
vt 0.860433 0.771976
vn -0.000000 0.000338 1.000000
v 2.759415 -0.335215 -6.358298 0.74422 0.16072 0.15210
vt 0.894248 0.772256
vn -0.000000 0.000338 1.000000
v 2.564305 -0.104761 -6.358376 0.74422 0.16072 0.15210
vt 0.887149 0.790246
vn -0.000000 0.000338 1.000000
f 6457/6457/6457 6458/6458/6458 6459/6459/6459
v 1.809944 -0.335278 -6.358298 0.73214 0.17280 0.14304
vt 0.860433 0.771976
vn -0.000000 0.000338 1.000000
v 2.564305 -0.104761 -6.358376 0.73214 0.17280 0.14304
vt 0.887149 0.790246
vn -0.000000 0.000338 1.000000
v 2.005006 -0.104781 -6.358376 0.73214 0.17280 0.14304
vt 0.867228 0.790082
vn -0.000000 0.000338 1.000000
f 6460/6460/6460 6461/6461/6461 6462/6462/6462
v 2.759415 -0.335215 -6.358298 0.74422 0.19695 0.17021
vt 0.894248 0.772256
vn -0.000641 0.000883 0.999999
v 2.759211 0.424981 -6.358969 0.74422 0.19695 0.17021
vt 0.893751 0.831808
vn -0.000641 0.000883 0.999999
v 2.564148 0.194484 -6.358891 0.74422 0.19695 0.17021
vt 0.886950 0.813702
vn -0.000641 0.000883 0.999999
f 6463/6463/6463 6464/6464/6464 6465/6465/6465
v 2.759415 -0.335215 -6.358298 0.77442 0.15166 0.13700
vt 0.894248 0.772256
vn 0.001634 0.001722 0.999997
v 2.564148 0.194484 -6.358891 0.77442 0.15166 0.13700
vt 0.886950 0.813702
vn 0.001634 0.001722 0.999997
v 2.564305 -0.104761 -6.358376 0.77442 0.15166 0.13700
vt 0.887149 0.790246
vn 0.001634 0.001722 0.999997
f 6466/6466/6466 6467/6467/6467 6468/6468/6468
v 2.759211 0.424981 -6.358969 0.16748 0.25433 0.33629
vt 0.893751 0.831808
vn -0.000000 0.000341 1.000000
v 1.809740 0.424918 -6.358969 0.16748 0.25433 0.33629
vt 0.859935 0.831525
vn -0.000000 0.000341 1.000000
v 2.004850 0.194465 -6.358891 0.16748 0.25433 0.33629
vt 0.867028 0.813538
vn -0.000000 0.000341 1.000000
f 6469/6469/6469 6470/6470/6470 6471/6471/6471
v 2.759211 0.424981 -6.358969 0.49359 0.26640 0.30912
vt 0.893751 0.831808
vn -0.000000 0.000341 1.000000
v 2.004850 0.194465 -6.358891 0.49359 0.26640 0.30912
vt 0.867028 0.813538
vn -0.000000 0.000341 1.000000
v 2.564148 0.194484 -6.358891 0.49359 0.26640 0.30912
vt 0.886950 0.813702
vn -0.000000 0.000341 1.000000
f 6472/6472/6472 6473/6473/6473 6474/6474/6474
v -1.809546 0.735399 -6.359431 0.15540 0.26036 0.33629
vt 0.730770 0.854705
vn -0.000358 0.000602 1.000000
v -1.809380 1.391052 -6.359826 0.15540 0.26036 0.33629
vt 0.730334 0.906065
vn -0.000358 0.000602 1.000000
v -2.004489 1.186040 -6.359773 0.15540 0.26036 0.33629
vt 0.723529 0.889949
vn -0.000358 0.000602 1.000000
f 6475/6475/6475 6476/6476/6476 6477/6477/6477
v -1.809546 0.735399 -6.359431 0.15540 0.26036 0.33025
vt 0.730770 0.854705
vn 0.000956 0.001170 0.999999
v -2.004489 1.186040 -6.359773 0.15540 0.26036 0.33025
vt 0.723529 0.889949
vn 0.000956 0.001170 0.999999
v -2.004609 0.940457 -6.359485 0.15540 0.26036 0.33025
vt 0.723687 0.870695
vn 0.000956 0.001170 0.999999
f 6478/6478/6478 6479/6479/6479 6480/6480/6480
v -1.809380 1.391052 -6.359826 0.16144 0.26640 0.32723
vt 0.730334 0.906065
vn 0.000000 0.000261 1.000000
v -2.758852 1.391117 -6.359826 0.16144 0.26640 0.32723
vt 0.696520 0.905751
vn 0.000000 0.000261 1.000000
v -2.563788 1.186059 -6.359773 0.16144 0.26640 0.32723
vt 0.703607 0.889765
vn 0.000000 0.000261 1.000000
f 6481/6481/6481 6482/6482/6482 6483/6483/6483
v -1.809380 1.391052 -6.359826 0.17352 0.27848 0.34837
vt 0.730334 0.906065
vn 0.000000 0.000261 1.000000
v -2.563788 1.186059 -6.359773 0.17352 0.27848 0.34837
vt 0.703607 0.889765
vn 0.000000 0.000261 1.000000
v -2.004489 1.186040 -6.359773 0.17352 0.27848 0.34837
vt 0.723529 0.889949
vn 0.000000 0.000261 1.000000
f 6484/6484/6484 6485/6485/6485 6486/6486/6486
v -2.758852 1.391117 -6.359826 0.16144 0.26640 0.33327
vt 0.696520 0.905751
vn -0.000358 0.000602 1.000000
v -2.759018 0.735463 -6.359431 0.16144 0.26640 0.33327
vt 0.696942 0.854393
vn -0.000358 0.000602 1.000000
v -2.563909 0.940476 -6.359485 0.16144 0.26640 0.33327
vt 0.703764 0.870513
vn -0.000358 0.000602 1.000000
f 6487/6487/6487 6488/6488/6488 6489/6489/6489
v -2.758852 1.391117 -6.359826 0.17050 0.27546 0.34535
vt 0.696520 0.905751
vn 0.000956 0.001170 0.999999
v -2.563909 0.940476 -6.359485 0.17050 0.27546 0.34535
vt 0.703764 0.870513
vn 0.000956 0.001170 0.999999
v -2.563788 1.186059 -6.359773 0.17050 0.27546 0.34535
vt 0.703607 0.889765
vn 0.000956 0.001170 0.999999
f 6490/6490/6490 6491/6491/6491 6492/6492/6492
v -2.759018 0.735463 -6.359431 0.15540 0.26640 0.33327
vt 0.696942 0.854393
vn 0.000000 0.000261 1.000000
v -1.809546 0.735399 -6.359431 0.15540 0.26640 0.33327
vt 0.730770 0.854705
vn 0.000000 0.000261 1.000000
v -2.004609 0.940457 -6.359485 0.15540 0.26640 0.33327
vt 0.723687 0.870695
vn 0.000000 0.000261 1.000000
f 6493/6493/6493 6494/6494/6494 6495/6495/6495
v -2.759018 0.735463 -6.359431 0.15238 0.26338 0.33629
vt 0.696942 0.854393
vn 0.000000 0.000261 1.000000
v -2.004609 0.940457 -6.359485 0.15238 0.26338 0.33629
vt 0.723687 0.870695
vn 0.000000 0.000261 1.000000
v -2.563909 0.940476 -6.359485 0.15238 0.26338 0.33629
vt 0.703764 0.870513
vn 0.000000 0.000261 1.000000
f 6496/6496/6496 6497/6497/6497 6498/6498/6498
v -1.809944 -0.335278 -6.358298 0.70799 0.23621 0.22457
vt 0.731553 0.770836
vn -0.000641 0.000884 0.999999
v -1.809740 0.424918 -6.358969 0.70799 0.23621 0.22457
vt 0.730986 0.830387
vn -0.000641 0.000884 0.999999
v -2.004850 0.194465 -6.358891 0.70799 0.23621 0.22457
vt 0.724216 0.812279
vn -0.000641 0.000884 0.999999
f 6499/6499/6499 6500/6500/6500 6501/6501/6501
v -1.809944 -0.335278 -6.358298 0.71403 0.21507 0.18531
vt 0.731553 0.770836
vn 0.001633 0.001721 0.999997
v -2.004850 0.194465 -6.358891 0.71403 0.21507 0.18531
vt 0.724216 0.812279
vn 0.001633 0.001721 0.999997
v -2.005006 -0.104781 -6.358376 0.71403 0.21507 0.18531
vt 0.724437 0.788821
vn 0.001633 0.001721 0.999997
f 6502/6502/6502 6503/6503/6503 6504/6504/6504
v -1.809740 0.424918 -6.358969 0.16748 0.28754 0.35139
vt 0.730986 0.830387
vn 0.000000 0.000341 1.000000
v -2.759211 0.424981 -6.358969 0.16748 0.28754 0.35139
vt 0.697159 0.830071
vn 0.000000 0.000341 1.000000
v -2.564148 0.194484 -6.358891 0.16748 0.28754 0.35139
vt 0.704292 0.812090
vn 0.000000 0.000341 1.000000
f 6505/6505/6505 6506/6506/6506 6507/6507/6507
v -1.809740 0.424918 -6.358969 0.23995 0.29962 0.34837
vt 0.730986 0.830387
vn 0.000000 0.000341 1.000000
v -2.564148 0.194484 -6.358891 0.23995 0.29962 0.34837
vt 0.704292 0.812090
vn 0.000000 0.000341 1.000000
v -2.004850 0.194465 -6.358891 0.23995 0.29962 0.34837
vt 0.724216 0.812279
vn 0.000000 0.000341 1.000000
f 6508/6508/6508 6509/6509/6509 6510/6510/6510
v -2.759211 0.424981 -6.358969 0.68383 0.24527 0.23665
vt 0.697159 0.830071
vn -0.000644 0.000884 0.999999
v -2.759415 -0.335215 -6.358298 0.68383 0.24527 0.23665
vt 0.697725 0.770523
vn -0.000644 0.000884 0.999999
v -2.564305 -0.104761 -6.358376 0.68383 0.24527 0.23665
vt 0.704513 0.788635
vn -0.000644 0.000884 0.999999
f 6511/6511/6511 6512/6512/6512 6513/6513/6513
v -2.759211 0.424981 -6.358969 0.44226 0.25433 0.26986
vt 0.697159 0.830071
vn 0.001630 0.001721 0.999997
v -2.564305 -0.104761 -6.358376 0.44226 0.25433 0.26986
vt 0.704513 0.788635
vn 0.001630 0.001721 0.999997
v -2.564148 0.194484 -6.358891 0.44226 0.25433 0.26986
vt 0.704292 0.812090
vn 0.001630 0.001721 0.999997
f 6514/6514/6514 6515/6515/6515 6516/6516/6516
v -2.759415 -0.335215 -6.358298 0.74120 0.19091 0.14908
vt 0.697725 0.770523
vn 0.000000 0.000338 1.000000
v -1.809944 -0.335278 -6.358298 0.74120 0.19091 0.14908
vt 0.731553 0.770836
vn 0.000000 0.000338 1.000000
v -2.005006 -0.104781 -6.358376 0.74120 0.19091 0.14908
vt 0.724437 0.788821
vn 0.000000 0.000338 1.000000
f 6517/6517/6517 6518/6518/6518 6519/6519/6519
v -2.759415 -0.335215 -6.358298 0.75630 0.16978 0.17625
vt 0.697725 0.770523
vn 0.000000 0.000338 1.000000
v -2.005006 -0.104781 -6.358376 0.75630 0.16978 0.17625
vt 0.724437 0.788821
vn 0.000000 0.000338 1.000000
v -2.564305 -0.104761 -6.358376 0.75630 0.16978 0.17625
vt 0.704513 0.788635
vn 0.000000 0.000338 1.000000
f 6520/6520/6520 6521/6521/6521 6522/6522/6522
v 2.004489 1.186040 -6.359773 0.17352 0.26942 0.33327
vt 0.866346 0.891209
vn 0.647092 0.001211 0.762411
v 2.004609 0.940457 -6.359485 0.17352 0.26942 0.33327
vt 0.866524 0.871956
vn 0.647092 0.001211 0.762411
v 2.049649 0.960920 -6.397745 0.17352 0.26942 0.33327
vt 0.868129 0.873590
vn 0.647092 0.001211 0.762411
f 6523/6523/6523 6524/6524/6524 6525/6525/6525
v 2.004489 1.186040 -6.359773 0.18861 0.26338 0.30610
vt 0.866346 0.891209
vn 0.647087 0.001209 0.762415
v 2.049649 0.960920 -6.397745 0.18861 0.26338 0.30610
vt 0.868129 0.873590
vn 0.647087 0.001209 0.762415
v 2.049548 1.165577 -6.397984 0.18861 0.26338 0.30610
vt 0.867984 0.889601
vn 0.647087 0.001209 0.762415
f 6526/6526/6526 6527/6527/6527 6528/6528/6528
v 2.004609 0.940457 -6.359485 0.18861 0.27546 0.33025
vt 0.866524 0.871956
vn -0.000030 0.881810 0.471605
v 2.563909 0.940476 -6.359485 0.18861 0.27546 0.33025
vt 0.886445 0.872125
vn -0.000030 0.881810 0.471605
v 2.518849 0.960936 -6.397745 0.18861 0.27546 0.33025
vt 0.884805 0.873733
vn -0.000030 0.881810 0.471605
f 6529/6529/6529 6530/6530/6530 6531/6531/6531
v 2.004609 0.940457 -6.359485 0.17955 0.27244 0.33327
vt 0.866524 0.871956
vn -0.000030 0.881810 0.471604
v 2.518849 0.960936 -6.397745 0.17955 0.27244 0.33327
vt 0.884805 0.873733
vn -0.000030 0.881810 0.471604
v 2.049649 0.960920 -6.397745 0.17955 0.27244 0.33327
vt 0.868129 0.873590
vn -0.000030 0.881810 0.471604
f 6532/6532/6532 6533/6533/6533 6534/6534/6534
v 2.563909 0.940476 -6.359485 0.17352 0.26640 0.32421
vt 0.886445 0.872125
vn -0.647088 0.000573 0.762415
v 2.563788 1.186059 -6.359773 0.17352 0.26640 0.32421
vt 0.886267 0.891377
vn -0.647088 0.000573 0.762415
v 2.518748 1.165594 -6.397984 0.17352 0.26640 0.32421
vt 0.884659 0.889744
vn -0.647088 0.000573 0.762415
f 6535/6535/6535 6536/6536/6536 6537/6537/6537
v 2.563909 0.940476 -6.359485 0.15540 0.26942 0.32723
vt 0.886445 0.872125
vn -0.647093 0.000572 0.762411
v 2.518748 1.165594 -6.397984 0.15540 0.26942 0.32723
vt 0.884659 0.889744
vn -0.647093 0.000572 0.762411
v 2.518849 0.960936 -6.397745 0.15540 0.26942 0.32723
vt 0.884805 0.873733
vn -0.647093 0.000572 0.762411
f 6538/6538/6538 6539/6539/6539 6540/6540/6540
v 2.563788 1.186059 -6.359773 0.18257 0.26036 0.32421
vt 0.886267 0.891377
vn 0.000031 -0.881542 0.472105
v 2.004489 1.186040 -6.359773 0.18257 0.26036 0.32421
vt 0.866346 0.891209
vn 0.000031 -0.881542 0.472105
v 2.049548 1.165577 -6.397984 0.18257 0.26036 0.32421
vt 0.867984 0.889601
vn 0.000031 -0.881542 0.472105
f 6541/6541/6541 6542/6542/6542 6543/6543/6543
v 2.563788 1.186059 -6.359773 0.22183 0.29660 0.34837
vt 0.886267 0.891377
vn 0.000031 -0.881543 0.472103
v 2.049548 1.165577 -6.397984 0.22183 0.29660 0.34837
vt 0.867984 0.889601
vn 0.000031 -0.881543 0.472103
v 2.518748 1.165594 -6.397984 0.22183 0.29660 0.34837
vt 0.884659 0.889744
vn 0.000031 -0.881543 0.472103
f 6544/6544/6544 6545/6545/6545 6546/6546/6546
v 2.004850 0.194465 -6.358891 0.75026 0.15468 0.12794
vt 0.867028 0.813538
vn 0.647089 0.001651 0.762413
v 2.005006 -0.104781 -6.358376 0.75026 0.15468 0.12794
vt 0.867228 0.790082
vn 0.647089 0.001651 0.762413
v 2.050045 -0.084318 -6.396646 0.75026 0.15468 0.12794
vt 0.868835 0.791716
vn 0.647089 0.001651 0.762413
f 6547/6547/6547 6548/6548/6548 6549/6549/6549
v 2.004850 0.194465 -6.358891 0.75630 0.15468 0.13398
vt 0.867028 0.813538
vn 0.647089 0.001651 0.762413
v 2.050045 -0.084318 -6.396646 0.75630 0.15468 0.13398
vt 0.868835 0.791716
vn 0.647089 0.001651 0.762413
v 2.049910 0.174003 -6.397091 0.75630 0.15468 0.13398
vt 0.868664 0.811931
vn 0.647089 0.001651 0.762413
f 6550/6550/6550 6551/6551/6551 6552/6552/6552
v 2.005006 -0.104781 -6.358376 0.72308 0.18789 0.17021
vt 0.867228 0.790082
vn -0.000031 0.881869 0.471494
v 2.564305 -0.104761 -6.358376 0.72308 0.18789 0.17021
vt 0.887149 0.790246
vn -0.000031 0.881869 0.471494
v 2.519245 -0.084301 -6.396646 0.72308 0.18789 0.17021
vt 0.885511 0.791854
vn -0.000031 0.881869 0.471494
f 6553/6553/6553 6554/6554/6554 6555/6555/6555
v 2.005006 -0.104781 -6.358376 0.74724 0.15166 0.12492
vt 0.867228 0.790082
vn -0.000031 0.881871 0.471492
v 2.519245 -0.084301 -6.396646 0.74724 0.15166 0.12492
vt 0.885511 0.791854
vn -0.000031 0.881871 0.471492
v 2.050045 -0.084318 -6.396646 0.74724 0.15166 0.12492
vt 0.868835 0.791716
vn -0.000031 0.881871 0.471492
f 6556/6556/6556 6557/6557/6557 6558/6558/6558
v 2.564305 -0.104761 -6.358376 0.75932 0.18487 0.16719
vt 0.887149 0.790246
vn -0.647089 0.000973 0.762414
v 2.564148 0.194484 -6.358891 0.75932 0.18487 0.16719
vt 0.886950 0.813702
vn -0.647089 0.000973 0.762414
v 2.519109 0.174019 -6.397091 0.75932 0.18487 0.16719
vt 0.885339 0.812069
vn -0.647089 0.000973 0.762414
f 6559/6559/6559 6560/6560/6560 6561/6561/6561
v 2.564305 -0.104761 -6.358376 0.75026 0.22715 0.19135
vt 0.887149 0.790246
vn -0.647089 0.000973 0.762414
v 2.519109 0.174019 -6.397091 0.75026 0.22715 0.19135
vt 0.885339 0.812069
vn -0.647089 0.000973 0.762414
v 2.519245 -0.084301 -6.396646 0.75026 0.22715 0.19135
vt 0.885511 0.791854
vn -0.647089 0.000973 0.762414
f 6562/6562/6562 6563/6563/6563 6564/6564/6564
v 2.564148 0.194484 -6.358891 0.71705 0.17884 0.14908
vt 0.886950 0.813702
vn 0.000030 -0.881482 0.472217
v 2.004850 0.194465 -6.358891 0.71705 0.17884 0.14908
vt 0.867028 0.813538
vn 0.000030 -0.881482 0.472217
v 2.049910 0.174003 -6.397091 0.71705 0.17884 0.14908
vt 0.868664 0.811931
vn 0.000030 -0.881482 0.472217
f 6565/6565/6565 6566/6566/6566 6567/6567/6567
v 2.564148 0.194484 -6.358891 0.75328 0.19091 0.17021
vt 0.886950 0.813702
vn 0.000030 -0.881483 0.472216
v 2.049910 0.174003 -6.397091 0.75328 0.19091 0.17021
vt 0.868664 0.811931
vn 0.000030 -0.881483 0.472216
v 2.519109 0.174019 -6.397091 0.75328 0.19091 0.17021
vt 0.885339 0.812069
vn 0.000030 -0.881483 0.472216
f 6568/6568/6568 6569/6569/6569 6570/6570/6570
v -2.004609 0.940457 -6.359485 0.14936 0.26036 0.33327
vt 0.723687 0.870695
vn -0.647088 0.001211 0.762414
v -2.004489 1.186040 -6.359773 0.14936 0.26036 0.33327
vt 0.723529 0.889949
vn -0.647088 0.001211 0.762414
v -2.049548 1.165577 -6.397984 0.14936 0.26036 0.33327
vt 0.721919 0.888312
vn -0.647088 0.001211 0.762414
f 6571/6571/6571 6572/6572/6572 6573/6573/6573
v -2.004609 0.940457 -6.359485 0.15238 0.26338 0.33629
vt 0.723687 0.870695
vn -0.647092 0.001209 0.762411
v -2.049548 1.165577 -6.397984 0.15238 0.26338 0.33629
vt 0.721919 0.888312
vn -0.647092 0.001209 0.762411
v -2.049649 0.960920 -6.397745 0.15238 0.26338 0.33629
vt 0.722055 0.872301
vn -0.647092 0.001209 0.762411
f 6574/6574/6574 6575/6575/6575 6576/6576/6576
v -2.004489 1.186040 -6.359773 0.14634 0.25131 0.31817
vt 0.723529 0.889949
vn -0.000031 -0.881543 0.472103
v -2.563788 1.186059 -6.359773 0.14634 0.25131 0.31817
vt 0.703607 0.889765
vn -0.000031 -0.881543 0.472103
v -2.518748 1.165594 -6.397984 0.14634 0.25131 0.31817
vt 0.705243 0.888161
vn -0.000031 -0.881543 0.472103
f 6577/6577/6577 6578/6578/6578 6579/6579/6579
v -2.004489 1.186040 -6.359773 0.15540 0.26036 0.33025
vt 0.723529 0.889949
vn -0.000031 -0.881542 0.472106
v -2.518748 1.165594 -6.397984 0.15540 0.26036 0.33025
vt 0.705243 0.888161
vn -0.000031 -0.881542 0.472106
v -2.049548 1.165577 -6.397984 0.15540 0.26036 0.33025
vt 0.721919 0.888312
vn -0.000031 -0.881542 0.472106
f 6580/6580/6580 6581/6581/6581 6582/6582/6582
v -2.563788 1.186059 -6.359773 0.16144 0.26640 0.33327
vt 0.703607 0.889765
vn 0.647092 0.000573 0.762411
v -2.563909 0.940476 -6.359485 0.16144 0.26640 0.33327
vt 0.703764 0.870513
vn 0.647092 0.000573 0.762411
v -2.518849 0.960936 -6.397745 0.16144 0.26640 0.33327
vt 0.705379 0.872150
vn 0.647092 0.000573 0.762411
f 6583/6583/6583 6584/6584/6584 6585/6585/6585
v -2.563788 1.186059 -6.359773 0.16748 0.27244 0.33931
vt 0.703607 0.889765
vn 0.647088 0.000572 0.762415
v -2.518849 0.960936 -6.397745 0.16748 0.27244 0.33931
vt 0.705379 0.872150
vn 0.647088 0.000572 0.762415
v -2.518748 1.165594 -6.397984 0.16748 0.27244 0.33931
vt 0.705243 0.888161
vn 0.647088 0.000572 0.762415
f 6586/6586/6586 6587/6587/6587 6588/6588/6588
v -2.563909 0.940476 -6.359485 0.15540 0.26640 0.33327
vt 0.703764 0.870513
vn 0.000030 0.881810 0.471604
v -2.004609 0.940457 -6.359485 0.15540 0.26640 0.33327
vt 0.723687 0.870695
vn 0.000030 0.881810 0.471604
v -2.049649 0.960920 -6.397745 0.15540 0.26640 0.33327
vt 0.722055 0.872301
vn 0.000030 0.881810 0.471604
f 6589/6589/6589 6590/6590/6590 6591/6591/6591
v -2.563909 0.940476 -6.359485 0.15540 0.26640 0.33931
vt 0.703764 0.870513
vn 0.000030 0.881810 0.471606
v -2.049649 0.960920 -6.397745 0.15540 0.26640 0.33931
vt 0.722055 0.872301
vn 0.000030 0.881810 0.471606
v -2.518849 0.960936 -6.397745 0.15540 0.26640 0.33931
vt 0.705379 0.872150
vn 0.000030 0.881810 0.471606
f 6592/6592/6592 6593/6593/6593 6594/6594/6594
v -2.005006 -0.104781 -6.358376 0.71705 0.23319 0.23363
vt 0.724437 0.788821
vn -0.647089 0.001651 0.762413
v -2.004850 0.194465 -6.358891 0.71705 0.23319 0.23363
vt 0.724216 0.812279
vn -0.647089 0.001651 0.762413
v -2.049910 0.174003 -6.397091 0.71705 0.23319 0.23363
vt 0.722611 0.810643
vn -0.647089 0.001651 0.762413
f 6595/6595/6595 6596/6596/6596 6597/6597/6597
v -2.005006 -0.104781 -6.358376 0.69289 0.24225 0.22457
vt 0.724437 0.788821
vn -0.647089 0.001651 0.762413
v -2.049910 0.174003 -6.397091 0.69289 0.24225 0.22457
vt 0.722611 0.810643
vn -0.647089 0.001651 0.762413
v -2.050045 -0.084318 -6.396646 0.69289 0.24225 0.22457
vt 0.722801 0.790428
vn -0.647089 0.001651 0.762413
f 6598/6598/6598 6599/6599/6599 6600/6600/6600
v -2.004850 0.194465 -6.358891 0.52379 0.25735 0.25174
vt 0.724216 0.812279
vn -0.000030 -0.881483 0.472216
v -2.564148 0.194484 -6.358891 0.52379 0.25735 0.25174
vt 0.704292 0.812090
vn -0.000030 -0.881483 0.472216
v -2.519109 0.174019 -6.397091 0.52379 0.25735 0.25174
vt 0.705935 0.810485
vn -0.000030 -0.881483 0.472216
f 6601/6601/6601 6602/6602/6602 6603/6603/6603
v -2.004850 0.194465 -6.358891 0.50265 0.25735 0.23966
vt 0.724216 0.812279
vn -0.000030 -0.881482 0.472217
v -2.519109 0.174019 -6.397091 0.50265 0.25735 0.23966
vt 0.705935 0.810485
vn -0.000030 -0.881482 0.472217
v -2.049910 0.174003 -6.397091 0.50265 0.25735 0.23966
vt 0.722611 0.810643
vn -0.000030 -0.881482 0.472217
f 6604/6604/6604 6605/6605/6605 6606/6606/6606
v -2.564148 0.194484 -6.358891 0.70195 0.22111 0.21249
vt 0.704292 0.812090
vn 0.647089 0.000973 0.762414
v -2.564305 -0.104761 -6.358376 0.70195 0.22111 0.21249
vt 0.704513 0.788635
vn 0.647089 0.000973 0.762414
v -2.519245 -0.084301 -6.396646 0.70195 0.22111 0.21249
vt 0.706125 0.790271
vn 0.647089 0.000973 0.762414
f 6607/6607/6607 6608/6608/6608 6609/6609/6609
v -2.564148 0.194484 -6.358891 0.70497 0.26640 0.25174
vt 0.704292 0.812090
vn 0.647089 0.000973 0.762414
v -2.519245 -0.084301 -6.396646 0.70497 0.26640 0.25174
vt 0.706125 0.790271
vn 0.647089 0.000973 0.762414
v -2.519109 0.174019 -6.397091 0.70497 0.26640 0.25174
vt 0.705935 0.810485
vn 0.647089 0.000973 0.762414
f 6610/6610/6610 6611/6611/6611 6612/6612/6612
v -2.564305 -0.104761 -6.358376 0.63854 0.27848 0.24268
vt 0.704513 0.788635
vn 0.000031 0.881870 0.471492
v -2.005006 -0.104781 -6.358376 0.63854 0.27848 0.24268
vt 0.724437 0.788821
vn 0.000031 0.881870 0.471492
v -2.050045 -0.084318 -6.396646 0.63854 0.27848 0.24268
vt 0.722801 0.790428
vn 0.000031 0.881870 0.471492
f 6613/6613/6613 6614/6614/6614 6615/6615/6615
v -2.564305 -0.104761 -6.358376 0.73214 0.19393 0.19135
vt 0.704513 0.788635
vn 0.000031 0.881869 0.471494
v -2.050045 -0.084318 -6.396646 0.73214 0.19393 0.19135
vt 0.722801 0.790428
vn 0.000031 0.881869 0.471494
v -2.519245 -0.084301 -6.396646 0.73214 0.19393 0.19135
vt 0.706125 0.790271
vn 0.000031 0.881869 0.471494
f 6616/6616/6616 6617/6617/6617 6618/6618/6618
v 1.250734 2.643632 -6.019193 0.15540 0.26640 0.33931
vt 0.203190 0.873996
vn 0.000040 -0.463112 0.886300
v 0.662209 2.643581 -6.019193 0.15540 0.26640 0.33931
vt 0.224164 0.874090
vn 0.000040 -0.463112 0.886300
v 0.662299 2.482858 -6.103175 0.15540 0.26640 0.33931
vt 0.224106 0.886962
vn 0.000040 -0.463112 0.886300
f 6619/6619/6619 6620/6620/6620 6621/6621/6621
v 1.250734 2.643632 -6.019193 0.15238 0.25735 0.32723
vt 0.203190 0.873996
vn 0.000040 -0.463112 0.886300
v 0.662299 2.482858 -6.103175 0.15238 0.25735 0.32723
vt 0.224106 0.886962
vn 0.000040 -0.463112 0.886300
v 1.250801 2.482909 -6.103175 0.15238 0.25735 0.32723
vt 0.203036 0.886879
vn 0.000040 -0.463112 0.886300
f 6622/6622/6622 6623/6623/6623 6624/6624/6624
v 0.662209 2.643581 -6.019193 0.16748 0.26640 0.33025
vt 0.224164 0.874090
vn 0.000066 -0.463112 0.886300
v 0.000000 2.643487 -6.019193 0.16748 0.26640 0.33025
vt 0.247898 0.874168
vn 0.000066 -0.463112 0.886300
v 0.000000 2.482763 -6.103175 0.16748 0.26640 0.33025
vt 0.247857 0.887038
vn 0.000066 -0.463112 0.886300
f 6625/6625/6625 6626/6626/6626 6627/6627/6627
v 0.662209 2.643581 -6.019193 0.14936 0.27244 0.32723
vt 0.224164 0.874090
vn 0.000066 -0.463112 0.886300
v 0.000000 2.482763 -6.103175 0.14936 0.27244 0.32723
vt 0.247857 0.887038
vn 0.000066 -0.463112 0.886300
v 0.662299 2.482858 -6.103175 0.14936 0.27244 0.32723
vt 0.224106 0.886962
vn 0.000066 -0.463112 0.886300
f 6628/6628/6628 6629/6629/6629 6630/6630/6630
v 0.000000 2.643487 -6.019193 0.18861 0.28150 0.33931
vt 0.247898 0.874168
vn -0.000066 -0.463112 0.886300
v -0.662209 2.643581 -6.019193 0.18861 0.28150 0.33931
vt 0.271633 0.874193
vn -0.000066 -0.463112 0.886300
v -0.662299 2.482858 -6.103175 0.18861 0.28150 0.33931
vt 0.271607 0.887064
vn -0.000066 -0.463112 0.886300
f 6631/6631/6631 6632/6632/6632 6633/6633/6633
v 0.000000 2.643487 -6.019193 0.17955 0.28150 0.33025
vt 0.247898 0.874168
vn -0.000066 -0.463112 0.886300
v -0.662299 2.482858 -6.103175 0.17955 0.28150 0.33025
vt 0.271607 0.887064
vn -0.000066 -0.463112 0.886300
v 0.000000 2.482763 -6.103175 0.17955 0.28150 0.33025
vt 0.247857 0.887038
vn -0.000066 -0.463112 0.886300
f 6634/6634/6634 6635/6635/6635 6636/6636/6636
v -0.662209 2.643581 -6.019193 0.17654 0.27546 0.33327
vt 0.271633 0.874193
vn -0.000040 -0.463112 0.886300
v -1.252613 2.643632 -6.019193 0.17654 0.27546 0.33327
vt 0.292684 0.874214
vn -0.000040 -0.463112 0.886300
v -1.252680 2.482909 -6.103175 0.17654 0.27546 0.33327
vt 0.292742 0.887095
vn -0.000040 -0.463112 0.886300
f 6637/6637/6637 6638/6638/6638 6639/6639/6639
v -0.662209 2.643581 -6.019193 0.16748 0.26640 0.33025
vt 0.271633 0.874193
vn -0.000040 -0.463112 0.886300
v -1.252680 2.482909 -6.103175 0.16748 0.26640 0.33025
vt 0.292742 0.887095
vn -0.000040 -0.463112 0.886300
v -0.662299 2.482858 -6.103175 0.16748 0.26640 0.33025
vt 0.271607 0.887064
vn -0.000040 -0.463112 0.886300
f 6640/6640/6640 6641/6641/6641 6642/6642/6642
v -1.252613 2.643632 -6.019193 0.15540 0.26942 0.32119
vt 0.292684 0.874214
vn -0.000040 -0.463111 0.886300
v -1.808894 2.643680 -6.019193 0.15540 0.26942 0.32119
vt 0.312181 0.874359
vn -0.000040 -0.463111 0.886300
v -1.454093 2.482926 -6.103175 0.15540 0.26942 0.32119
vt 0.299883 0.887118
vn -0.000040 -0.463111 0.886300
f 6643/6643/6643 6644/6644/6644 6645/6645/6645
v -1.252613 2.643632 -6.019193 0.20069 0.27546 0.32723
vt 0.292684 0.874214
vn -0.000039 -0.463112 0.886300
v -1.454093 2.482926 -6.103175 0.20069 0.27546 0.32723
vt 0.299883 0.887118
vn -0.000039 -0.463112 0.886300
v -1.252680 2.482909 -6.103175 0.20069 0.27546 0.32723
vt 0.292742 0.887095
vn -0.000039 -0.463112 0.886300
f 6646/6646/6646 6647/6647/6647 6648/6648/6648
v -1.808894 2.643680 -6.019193 0.15540 0.26338 0.32421
vt 0.312181 0.874359
vn -0.000039 -0.463112 0.886300
v -1.809137 1.691411 -6.516776 0.15540 0.26338 0.32421
vt 0.313650 0.950105
vn -0.000039 -0.463112 0.886300
v -1.454255 1.852104 -6.432794 0.15540 0.26338 0.32421
vt 0.300466 0.937484
vn -0.000039 -0.463112 0.886300
f 6649/6649/6649 6650/6650/6650 6651/6651/6651
v -1.808894 2.643680 -6.019193 0.16446 0.26640 0.32119
vt 0.312181 0.874359
vn -0.000041 -0.463112 0.886300
v -1.454255 1.852104 -6.432794 0.16446 0.26640 0.32119
vt 0.300466 0.937484
vn -0.000041 -0.463112 0.886300
v -1.454093 2.482926 -6.103175 0.16446 0.26640 0.32119
vt 0.299883 0.887118
vn -0.000041 -0.463112 0.886300
f 6652/6652/6652 6653/6653/6653 6654/6654/6654
v -1.809137 1.691411 -6.516776 0.18861 0.28150 0.33931
vt 0.313650 0.950105
vn -0.000040 -0.463112 0.886300
v -1.252857 1.691363 -6.516776 0.18861 0.28150 0.33931
vt 0.293253 0.950361
vn -0.000040 -0.463112 0.886300
v -1.252790 1.852087 -6.432794 0.18861 0.28150 0.33931
vt 0.293124 0.937531
vn -0.000040 -0.463112 0.886300
f 6655/6655/6655 6656/6656/6656 6657/6657/6657
v -1.809137 1.691411 -6.516776 0.19163 0.28452 0.33629
vt 0.313650 0.950105
vn -0.000040 -0.463111 0.886301
v -1.252790 1.852087 -6.432794 0.19163 0.28452 0.33629
vt 0.293124 0.937531
vn -0.000040 -0.463111 0.886301
v -1.454255 1.852104 -6.432794 0.19163 0.28452 0.33629
vt 0.300466 0.937484
vn -0.000040 -0.463111 0.886301
f 6658/6658/6658 6659/6659/6659 6660/6660/6660
v -1.252857 1.691363 -6.516776 0.18861 0.27848 0.34535
vt 0.293253 0.950361
vn -0.000040 -0.463112 0.886300
v -0.662453 1.691312 -6.516776 0.18861 0.27848 0.34535
vt 0.271720 0.950414
vn -0.000040 -0.463112 0.886300
v -0.662363 1.852036 -6.432794 0.18861 0.27848 0.34535
vt 0.271693 0.937581
vn -0.000040 -0.463112 0.886300
f 6661/6661/6661 6662/6662/6662 6663/6663/6663
v -1.252857 1.691363 -6.516776 0.19163 0.28452 0.34233
vt 0.293253 0.950361
vn -0.000040 -0.463112 0.886300
v -0.662363 1.852036 -6.432794 0.19163 0.28452 0.34233
vt 0.271693 0.937581
vn -0.000040 -0.463112 0.886300
v -1.252790 1.852087 -6.432794 0.19163 0.28452 0.34233
vt 0.293124 0.937531
vn -0.000040 -0.463112 0.886300
f 6664/6664/6664 6665/6665/6665 6666/6666/6666
v -0.662453 1.691312 -6.516776 0.20673 0.27848 0.33025
vt 0.271720 0.950414
vn -0.000066 -0.463111 0.886300
v 0.000000 1.691217 -6.516776 0.20673 0.27848 0.33025
vt 0.247614 0.950403
vn -0.000066 -0.463111 0.886300
v 0.000000 1.851941 -6.432794 0.20673 0.27848 0.33025
vt 0.247644 0.937570
vn -0.000066 -0.463111 0.886300
f 6667/6667/6667 6668/6668/6668 6669/6669/6669
v -0.662453 1.691312 -6.516776 0.18861 0.27546 0.32421
vt 0.271720 0.950414
vn -0.000066 -0.463112 0.886300
v 0.000000 1.851941 -6.432794 0.18861 0.27546 0.32421
vt 0.247644 0.937570
vn -0.000066 -0.463112 0.886300
v -0.662363 1.852036 -6.432794 0.18861 0.27546 0.32421
vt 0.271693 0.937581
vn -0.000066 -0.463112 0.886300
f 6670/6670/6670 6671/6671/6671 6672/6672/6672
v 0.000000 1.691217 -6.516776 0.17352 0.26036 0.32119
vt 0.247614 0.950403
vn 0.000066 -0.463112 0.886300
v 0.662453 1.691312 -6.516776 0.17352 0.26036 0.32119
vt 0.223480 0.950333
vn 0.000066 -0.463112 0.886300
v 0.662363 1.852036 -6.432794 0.17352 0.26036 0.32119
vt 0.223583 0.937495
vn 0.000066 -0.463112 0.886300
f 6673/6673/6673 6674/6674/6674 6675/6675/6675
v 0.000000 1.691217 -6.516776 0.18257 0.27546 0.33629
vt 0.247614 0.950403
vn 0.000066 -0.463111 0.886300
v 0.662363 1.852036 -6.432794 0.18257 0.27546 0.33629
vt 0.223583 0.937495
vn 0.000066 -0.463111 0.886300
v 0.000000 1.851941 -6.432794 0.18257 0.27546 0.33629
vt 0.247644 0.937570
vn 0.000066 -0.463111 0.886300
f 6676/6676/6676 6677/6677/6677 6678/6678/6678
v 0.662453 1.691312 -6.516776 0.19465 0.28754 0.33931
vt 0.223480 0.950333
vn 0.000040 -0.463111 0.886300
v 1.250977 1.691363 -6.516776 0.19465 0.28754 0.33931
vt 0.201923 0.950166
vn 0.000040 -0.463111 0.886300
v 1.250910 1.852087 -6.432794 0.19465 0.28754 0.33931
vt 0.202186 0.937331
vn 0.000040 -0.463111 0.886300
f 6679/6679/6679 6680/6680/6680 6681/6681/6681
v 0.662453 1.691312 -6.516776 0.18861 0.27546 0.33025
vt 0.223480 0.950333
vn 0.000040 -0.463112 0.886300
v 1.250910 1.852087 -6.432794 0.18861 0.27546 0.33025
vt 0.202186 0.937331
vn 0.000040 -0.463112 0.886300
v 0.662363 1.852036 -6.432794 0.18861 0.27546 0.33025
vt 0.223583 0.937495
vn 0.000040 -0.463112 0.886300
f 6682/6682/6682 6683/6683/6683 6684/6684/6684
v 1.250977 1.691363 -6.516776 0.16748 0.27244 0.33327
vt 0.201923 0.950166
vn 0.000040 -0.463111 0.886300
v 1.809137 1.691411 -6.516776 0.16748 0.27244 0.33327
vt 0.181275 0.949689
vn 0.000040 -0.463111 0.886300
v 1.454255 1.852104 -6.432794 0.16748 0.27244 0.33327
vt 0.194736 0.937212
vn 0.000040 -0.463111 0.886300
f 6685/6685/6685 6686/6686/6686 6687/6687/6687
v 1.250977 1.691363 -6.516776 0.17654 0.26942 0.32723
vt 0.201923 0.950166
vn 0.000040 -0.463111 0.886300
v 1.454255 1.852104 -6.432794 0.17654 0.26942 0.32723
vt 0.194736 0.937212
vn 0.000040 -0.463111 0.886300
v 1.250910 1.852087 -6.432794 0.17654 0.26942 0.32723
vt 0.202186 0.937331
vn 0.000040 -0.463111 0.886300
f 6688/6688/6688 6689/6689/6689 6690/6690/6690
v 1.809137 1.691411 -6.516776 0.15238 0.26338 0.33629
vt 0.181275 0.949689
vn 0.000040 -0.463112 0.886300
v 1.808894 2.643680 -6.019193 0.15238 0.26338 0.33629
vt 0.183650 0.873981
vn 0.000040 -0.463112 0.886300
v 1.454093 2.482926 -6.103175 0.15238 0.26338 0.33629
vt 0.195819 0.886854
vn 0.000040 -0.463112 0.886300
f 6691/6691/6691 6692/6692/6692 6693/6693/6693
v 1.809137 1.691411 -6.516776 0.15238 0.26338 0.33025
vt 0.181275 0.949689
vn 0.000039 -0.463112 0.886300
v 1.454093 2.482926 -6.103175 0.15238 0.26338 0.33025
vt 0.195819 0.886854
vn 0.000039 -0.463112 0.886300
v 1.454255 1.852104 -6.432794 0.15238 0.26338 0.33025
vt 0.194736 0.937212
vn 0.000039 -0.463112 0.886300
f 6694/6694/6694 6695/6695/6695 6696/6696/6696
v 1.808894 2.643680 -6.019193 0.16144 0.26640 0.33327
vt 0.183650 0.873981
vn 0.000040 -0.463112 0.886300
v 1.250734 2.643632 -6.019193 0.16144 0.26640 0.33327
vt 0.203190 0.873996
vn 0.000040 -0.463112 0.886300
v 1.250801 2.482909 -6.103175 0.16144 0.26640 0.33327
vt 0.203036 0.886879
vn 0.000040 -0.463112 0.886300
f 6697/6697/6697 6698/6698/6698 6699/6699/6699
v 1.808894 2.643680 -6.019193 0.16144 0.26640 0.33327
vt 0.183650 0.873981
vn 0.000038 -0.463108 0.886302
v 1.250801 2.482909 -6.103175 0.16144 0.26640 0.33327
vt 0.203036 0.886879
vn 0.000038 -0.463108 0.886302
v 1.454093 2.482926 -6.103175 0.16144 0.26640 0.33327
vt 0.195819 0.886854
vn 0.000038 -0.463108 0.886302
f 6700/6700/6700 6701/6701/6701 6702/6702/6702
v 1.250801 2.482909 -6.103175 0.15238 0.26338 0.33025
vt 0.203036 0.886879
vn 0.000080 -0.925336 0.379149
v 0.662299 2.482858 -6.103175 0.15238 0.26338 0.33025
vt 0.224106 0.886962
vn 0.000080 -0.925336 0.379149
v 0.662310 2.462867 -6.151965 0.15238 0.26338 0.33025
vt 0.224065 0.888679
vn 0.000080 -0.925336 0.379149
f 6703/6703/6703 6704/6704/6704 6705/6705/6705
v 1.250801 2.482909 -6.103175 0.15238 0.25735 0.32723
vt 0.203036 0.886879
vn 0.000080 -0.925336 0.379149
v 0.662310 2.462867 -6.151965 0.15238 0.25735 0.32723
vt 0.224065 0.888679
vn 0.000080 -0.925336 0.379149
v 1.250809 2.462918 -6.151965 0.15238 0.25735 0.32723
vt 0.202949 0.888541
vn 0.000080 -0.925336 0.379149
f 6706/6706/6706 6707/6707/6707 6708/6708/6708
v 0.662299 2.482858 -6.103175 0.17654 0.26942 0.33327
vt 0.224106 0.886962
vn 0.000132 -0.925336 0.379149
v 0.000000 2.482763 -6.103175 0.17654 0.26942 0.33327
vt 0.247857 0.887038
vn 0.000132 -0.925336 0.379149
v -0.000000 2.462772 -6.151965 0.17654 0.26942 0.33327
vt 0.247840 0.888765
vn 0.000132 -0.925336 0.379149
f 6709/6709/6709 6710/6710/6710 6711/6711/6711
v 0.662299 2.482858 -6.103175 0.15238 0.26640 0.32421
vt 0.224106 0.886962
vn 0.000132 -0.925336 0.379149
v -0.000000 2.462772 -6.151965 0.15238 0.26640 0.32421
vt 0.247840 0.888765
vn 0.000132 -0.925336 0.379149
v 0.662310 2.462867 -6.151965 0.15238 0.26640 0.32421
vt 0.224065 0.888679
vn 0.000132 -0.925336 0.379149
f 6712/6712/6712 6713/6713/6713 6714/6714/6714
v 0.000000 2.482763 -6.103175 0.18257 0.28150 0.33931
vt 0.247857 0.887038
vn -0.000132 -0.925336 0.379149
v -0.662299 2.482858 -6.103175 0.18257 0.28150 0.33931
vt 0.271607 0.887064
vn -0.000132 -0.925336 0.379149
v -0.662310 2.462867 -6.151965 0.18257 0.28150 0.33931
vt 0.271619 0.888780
vn -0.000132 -0.925336 0.379149
f 6715/6715/6715 6716/6716/6716 6717/6717/6717
v 0.000000 2.482763 -6.103175 0.17955 0.27848 0.33629
vt 0.247857 0.887038
vn -0.000132 -0.925336 0.379149
v -0.662310 2.462867 -6.151965 0.17955 0.27848 0.33629
vt 0.271619 0.888780
vn -0.000132 -0.925336 0.379149
v -0.000000 2.462772 -6.151965 0.17955 0.27848 0.33629
vt 0.247840 0.888765
vn -0.000132 -0.925336 0.379149
f 6718/6718/6718 6719/6719/6719 6720/6720/6720
v -0.662299 2.482858 -6.103175 0.17050 0.26036 0.32723
vt 0.271607 0.887064
vn -0.000080 -0.925336 0.379149
v -1.252680 2.482909 -6.103175 0.17050 0.26036 0.32723
vt 0.292742 0.887095
vn -0.000080 -0.925336 0.379149
v -1.252689 2.462918 -6.151965 0.17050 0.26036 0.32723
vt 0.292809 0.888760
vn -0.000080 -0.925336 0.379149
f 6721/6721/6721 6722/6722/6722 6723/6723/6723
v -0.662299 2.482858 -6.103175 0.16144 0.26036 0.32421
vt 0.271607 0.887064
vn -0.000080 -0.925336 0.379149
v -1.252689 2.462918 -6.151965 0.16144 0.26036 0.32421
vt 0.292809 0.888760
vn -0.000080 -0.925336 0.379149
v -0.662310 2.462867 -6.151965 0.16144 0.26036 0.32421
vt 0.271619 0.888780
vn -0.000080 -0.925336 0.379149
f 6724/6724/6724 6725/6725/6725 6726/6726/6726
v -1.252680 2.482909 -6.103175 0.23391 0.30566 0.35743
vt 0.292742 0.887095
vn -0.000077 -0.925334 0.379153
v -1.454093 2.482926 -6.103175 0.23391 0.30566 0.35743
vt 0.299883 0.887118
vn -0.000077 -0.925334 0.379153
v -1.409049 2.462930 -6.151965 0.23391 0.30566 0.35743
vt 0.298354 0.888746
vn -0.000077 -0.925334 0.379153
f 6727/6727/6727 6728/6728/6728 6729/6729/6729
v -1.252680 2.482909 -6.103175 0.21579 0.29056 0.33931
vt 0.292742 0.887095
vn -0.000075 -0.925336 0.379149
v -1.409049 2.462930 -6.151965 0.21579 0.29056 0.33931
vt 0.298354 0.888746
vn -0.000075 -0.925336 0.379149
v -1.252689 2.462918 -6.151965 0.21579 0.29056 0.33931
vt 0.292809 0.888760
vn -0.000075 -0.925336 0.379149
f 6730/6730/6730 6731/6731/6731 6732/6732/6732
v -1.454093 2.482926 -6.103175 0.17352 0.26942 0.33327
vt 0.299883 0.887118
vn 0.602177 -0.369853 0.707525
v -1.454255 1.852104 -6.432794 0.17352 0.26942 0.33327
vt 0.300466 0.937484
vn 0.602177 -0.369853 0.707525
v -1.409200 1.872919 -6.460260 0.17352 0.26942 0.33327
vt 0.298763 0.935828
vn 0.602177 -0.369853 0.707525
f 6733/6733/6733 6734/6734/6734 6735/6735/6735
v -1.454093 2.482926 -6.103175 0.16748 0.26036 0.31817
vt 0.299883 0.887118
vn 0.602174 -0.369854 0.707527
v -1.409200 1.872919 -6.460260 0.16748 0.26036 0.31817
vt 0.298763 0.935828
vn 0.602174 -0.369854 0.707527
v -1.409049 2.462930 -6.151965 0.16748 0.26036 0.31817
vt 0.298354 0.888746
vn 0.602174 -0.369854 0.707527
f 6736/6736/6736 6737/6737/6737 6738/6738/6738
v -1.454255 1.852104 -6.432794 0.17955 0.27546 0.32723
vt 0.300466 0.937484
vn 0.000069 0.796930 0.604071
v -1.252790 1.852087 -6.432794 0.17955 0.27546 0.32723
vt 0.293124 0.937531
vn 0.000069 0.796930 0.604071
v -1.252781 1.872905 -6.460260 0.17955 0.27546 0.32723
vt 0.293083 0.935846
vn 0.000069 0.796930 0.604071
f 6739/6739/6739 6740/6740/6740 6741/6741/6741
v -1.454255 1.852104 -6.432794 0.17955 0.27546 0.32723
vt 0.300466 0.937484
vn 0.000072 0.796921 0.604084
v -1.252781 1.872905 -6.460260 0.17955 0.27546 0.32723
vt 0.293083 0.935846
vn 0.000072 0.796921 0.604084
v -1.409200 1.872919 -6.460260 0.17955 0.27546 0.32723
vt 0.298763 0.935828
vn 0.000072 0.796921 0.604084
f 6742/6742/6742 6743/6743/6743 6744/6744/6744
v -1.252790 1.852087 -6.432794 0.15540 0.26338 0.31817
vt 0.293124 0.937531
vn 0.000069 0.796930 0.604071
v -0.662363 1.852036 -6.432794 0.15540 0.26338 0.31817
vt 0.271693 0.937581
vn 0.000069 0.796930 0.604071
v -0.662352 1.872854 -6.460260 0.15540 0.26338 0.31817
vt 0.271679 0.935895
vn 0.000069 0.796930 0.604071
f 6745/6745/6745 6746/6746/6746 6747/6747/6747
v -1.252790 1.852087 -6.432794 0.21277 0.26942 0.33327
vt 0.293124 0.937531
vn 0.000069 0.796930 0.604071
v -0.662352 1.872854 -6.460260 0.21277 0.26942 0.33327
vt 0.271679 0.935895
vn 0.000069 0.796930 0.604071
v -1.252781 1.872905 -6.460260 0.21277 0.26942 0.33327
vt 0.293083 0.935846
vn 0.000069 0.796930 0.604071
f 6748/6748/6748 6749/6749/6749 6750/6750/6750
v -0.662363 1.852036 -6.432794 0.17654 0.26942 0.32119
vt 0.271693 0.937581
vn 0.000114 0.796930 0.604071
v 0.000000 1.851941 -6.432794 0.17654 0.26942 0.32119
vt 0.247644 0.937570
vn 0.000114 0.796930 0.604071
v 0.000000 1.872760 -6.460260 0.17654 0.26942 0.32119
vt 0.247661 0.935884
vn 0.000114 0.796930 0.604071
f 6751/6751/6751 6752/6752/6752 6753/6753/6753
v -0.662363 1.852036 -6.432794 0.21881 0.29056 0.35139
vt 0.271693 0.937581
vn 0.000114 0.796930 0.604071
v 0.000000 1.872760 -6.460260 0.21881 0.29056 0.35139
vt 0.247661 0.935884
vn 0.000114 0.796930 0.604071
v -0.662352 1.872854 -6.460260 0.21881 0.29056 0.35139
vt 0.271679 0.935895
vn 0.000114 0.796930 0.604071
f 6754/6754/6754 6755/6755/6755 6756/6756/6756
v 0.000000 1.851941 -6.432794 0.18257 0.27546 0.34233
vt 0.247644 0.937570
vn -0.000114 0.796930 0.604071
v 0.662363 1.852036 -6.432794 0.18257 0.27546 0.34233
vt 0.223583 0.937495
vn -0.000114 0.796930 0.604071
v 0.662352 1.872854 -6.460260 0.18257 0.27546 0.34233
vt 0.223632 0.935797
vn -0.000114 0.796930 0.604071
f 6757/6757/6757 6758/6758/6758 6759/6759/6759
v 0.000000 1.851941 -6.432794 0.18861 0.27848 0.34535
vt 0.247644 0.937570
vn -0.000114 0.796930 0.604071
v 0.662352 1.872854 -6.460260 0.18861 0.27848 0.34535
vt 0.223632 0.935797
vn -0.000114 0.796930 0.604071
v 0.000000 1.872760 -6.460260 0.18861 0.27848 0.34535
vt 0.247661 0.935884
vn -0.000114 0.796930 0.604071
f 6760/6760/6760 6761/6761/6761 6762/6762/6762
v 0.662363 1.852036 -6.432794 0.20069 0.28452 0.33931
vt 0.223583 0.937495
vn -0.000069 0.796930 0.604071
v 1.250910 1.852087 -6.432794 0.20069 0.28452 0.33931
vt 0.202186 0.937331
vn -0.000069 0.796930 0.604071
v 1.250902 1.872905 -6.460260 0.20069 0.28452 0.33931
vt 0.202268 0.935631
vn -0.000069 0.796930 0.604071
f 6763/6763/6763 6764/6764/6764 6765/6765/6765
v 0.662363 1.852036 -6.432794 0.20371 0.29660 0.35743
vt 0.223583 0.937495
vn -0.000069 0.796930 0.604071
v 1.250902 1.872905 -6.460260 0.20371 0.29660 0.35743
vt 0.202268 0.935631
vn -0.000069 0.796930 0.604071
v 0.662352 1.872854 -6.460260 0.20371 0.29660 0.35743
vt 0.223632 0.935797
vn -0.000069 0.796930 0.604071
f 6766/6766/6766 6767/6767/6767 6768/6768/6768
v 1.250910 1.852087 -6.432794 0.18257 0.26640 0.33327
vt 0.202186 0.937331
vn -0.000068 0.796923 0.604081
v 1.454255 1.852104 -6.432794 0.18257 0.26640 0.33327
vt 0.194736 0.937212
vn -0.000068 0.796923 0.604081
v 1.409200 1.872919 -6.460260 0.18257 0.26640 0.33327
vt 0.196496 0.935569
vn -0.000068 0.796923 0.604081
f 6769/6769/6769 6770/6770/6770 6771/6771/6771
v 1.250910 1.852087 -6.432794 0.17352 0.26036 0.32119
vt 0.202186 0.937331
vn -0.000071 0.796930 0.604071
v 1.409200 1.872919 -6.460260 0.17352 0.26036 0.32119
vt 0.196496 0.935569
vn -0.000071 0.796930 0.604071
v 1.250902 1.872905 -6.460260 0.17352 0.26036 0.32119
vt 0.202268 0.935631
vn -0.000071 0.796930 0.604071
f 6772/6772/6772 6773/6773/6773 6774/6774/6774
v 1.454255 1.852104 -6.432794 0.16446 0.26942 0.33629
vt 0.194736 0.937212
vn -0.602174 -0.369854 0.707527
v 1.454093 2.482926 -6.103175 0.16446 0.26942 0.33629
vt 0.195819 0.886854
vn -0.602174 -0.369854 0.707527
v 1.409049 2.462930 -6.151965 0.16446 0.26942 0.33629
vt 0.197337 0.888493
vn -0.602174 -0.369854 0.707527
f 6775/6775/6775 6776/6776/6776 6777/6777/6777
v 1.454255 1.852104 -6.432794 0.15238 0.26338 0.33025
vt 0.194736 0.937212
vn -0.602177 -0.369853 0.707525
v 1.409049 2.462930 -6.151965 0.15238 0.26338 0.33025
vt 0.197337 0.888493
vn -0.602177 -0.369853 0.707525
v 1.409200 1.872919 -6.460260 0.15238 0.26338 0.33025
vt 0.196496 0.935569
vn -0.602177 -0.369853 0.707525
f 6778/6778/6778 6779/6779/6779 6780/6780/6780
v 1.454093 2.482926 -6.103175 0.17050 0.27546 0.34535
vt 0.195819 0.886854
vn 0.000076 -0.925336 0.379149
v 1.250801 2.482909 -6.103175 0.17050 0.27546 0.34535
vt 0.203036 0.886879
vn 0.000076 -0.925336 0.379149
v 1.250809 2.462918 -6.151965 0.17050 0.27546 0.34535
vt 0.202949 0.888541
vn 0.000076 -0.925336 0.379149
f 6781/6781/6781 6782/6782/6782 6783/6783/6783
v 1.454093 2.482926 -6.103175 0.16446 0.26942 0.33629
vt 0.195819 0.886854
vn 0.000075 -0.925333 0.379155
v 1.250809 2.462918 -6.151965 0.16446 0.26942 0.33629
vt 0.202949 0.888541
vn 0.000075 -0.925333 0.379155
v 1.409049 2.462930 -6.151965 0.16446 0.26942 0.33629
vt 0.197337 0.888493
vn 0.000075 -0.925333 0.379155
f 6784/6784/6784 6785/6785/6785 6786/6786/6786
v 0.662209 2.643581 -6.019193 0.15540 0.26640 0.33931
vt 0.224164 0.874090
vn -0.000050 0.578793 0.815474
v 1.250734 2.643632 -6.019193 0.15540 0.26640 0.33931
vt 0.203190 0.873996
vn -0.000050 0.578793 0.815474
v 1.250667 2.803975 -6.132998 0.15540 0.26640 0.33931
vt 0.203003 0.861121
vn -0.000050 0.578793 0.815474
f 6787/6787/6787 6788/6788/6788 6789/6789/6789
v 0.662209 2.643581 -6.019193 0.15238 0.26338 0.33629
vt 0.224164 0.874090
vn -0.000050 0.578793 0.815474
v 1.250667 2.803975 -6.132998 0.15238 0.26338 0.33629
vt 0.203003 0.861121
vn -0.000050 0.578793 0.815474
v 0.662120 2.803924 -6.132998 0.15238 0.26338 0.33629
vt 0.224141 0.861237
vn -0.000050 0.578793 0.815474
f 6790/6790/6790 6791/6791/6791 6792/6792/6792
v 1.250734 2.643632 -6.019193 0.14634 0.26640 0.33025
vt 0.203190 0.873996
vn -0.000049 0.578793 0.815474
v 1.808894 2.643680 -6.019193 0.14634 0.26640 0.33025
vt 0.183650 0.873981
vn -0.000049 0.578793 0.815474
v 1.454052 2.803992 -6.132998 0.14634 0.26640 0.33025
vt 0.195689 0.861121
vn -0.000049 0.578793 0.815474
f 6793/6793/6793 6794/6794/6794 6795/6795/6795
v 1.250734 2.643632 -6.019193 0.17050 0.29056 0.35441
vt 0.203190 0.873996
vn -0.000050 0.578793 0.815474
v 1.454052 2.803992 -6.132998 0.17050 0.29056 0.35441
vt 0.195689 0.861121
vn -0.000050 0.578793 0.815474
v 1.250667 2.803975 -6.132998 0.17050 0.29056 0.35441
vt 0.203003 0.861121
vn -0.000050 0.578793 0.815474
f 6796/6796/6796 6797/6797/6797 6798/6798/6798
v 1.808894 2.643680 -6.019193 0.65665 0.20903 0.24872
vt 0.183650 0.873981
vn -0.000049 0.578793 0.815474
v 1.808894 3.142785 -6.373439 0.65665 0.20903 0.24872
vt 0.181541 0.834361
vn -0.000049 0.578793 0.815474
v 1.454052 2.982412 -6.259634 0.65665 0.20903 0.24872
vt 0.195151 0.846868
vn -0.000049 0.578793 0.815474
f 6799/6799/6799 6800/6800/6800 6801/6801/6801
v 1.808894 2.643680 -6.019193 0.17955 0.25131 0.31817
vt 0.183650 0.873981
vn -0.000049 0.578793 0.815474
v 1.454052 2.982412 -6.259634 0.17955 0.25131 0.31817
vt 0.195151 0.846868
vn -0.000049 0.578793 0.815474
v 1.454052 2.803992 -6.132998 0.17955 0.25131 0.31817
vt 0.195689 0.861121
vn -0.000049 0.578793 0.815474
f 6802/6802/6802 6803/6803/6803 6804/6804/6804
v 1.808894 3.142785 -6.373439 0.75026 0.14864 0.13096
vt 0.181541 0.834361
vn -0.000050 0.578793 0.815474
v 1.250734 3.142736 -6.373439 0.75026 0.14864 0.13096
vt 0.202273 0.834141
vn -0.000050 0.578793 0.815474
v 1.250801 2.982394 -6.259634 0.75026 0.14864 0.13096
vt 0.202537 0.846861
vn -0.000050 0.578793 0.815474
f 6805/6805/6805 6806/6806/6806 6807/6807/6807
v 1.808894 3.142785 -6.373439 0.75328 0.15166 0.13398
vt 0.181541 0.834361
vn -0.000052 0.578797 0.815472
v 1.250801 2.982394 -6.259634 0.75328 0.15166 0.13398
vt 0.202537 0.846861
vn -0.000052 0.578797 0.815472
v 1.454052 2.982412 -6.259634 0.75328 0.15166 0.13398
vt 0.195151 0.846868
vn -0.000052 0.578797 0.815472
f 6808/6808/6808 6809/6809/6809 6810/6810/6810
v 1.250734 3.142736 -6.373439 0.72006 0.20903 0.17021
vt 0.202273 0.834141
vn -0.000050 0.578793 0.815474
v 0.662209 3.142686 -6.373439 0.72006 0.20903 0.17021
vt 0.223876 0.834162
vn -0.000050 0.578793 0.815474
v 0.662297 2.982344 -6.259634 0.72006 0.20903 0.17021
vt 0.223920 0.846919
vn -0.000050 0.578793 0.815474
f 6811/6811/6811 6812/6812/6812 6813/6813/6813
v 1.250734 3.142736 -6.373439 0.73818 0.16374 0.14002
vt 0.202273 0.834141
vn -0.000050 0.578793 0.815474
v 0.662297 2.982344 -6.259634 0.73818 0.16374 0.14002
vt 0.223920 0.846919
vn -0.000050 0.578793 0.815474
v 1.250801 2.982394 -6.259634 0.73818 0.16374 0.14002
vt 0.202537 0.846861
vn -0.000050 0.578793 0.815474
f 6814/6814/6814 6815/6815/6815 6816/6816/6816
v 0.662209 3.142686 -6.373439 0.37885 0.24225 0.30912
vt 0.223876 0.834162
vn -0.000082 0.578793 0.815474
v 0.000000 3.142593 -6.373439 0.37885 0.24225 0.30912
vt 0.247999 0.834141
vn -0.000082 0.578793 0.815474
v 0.000000 2.982250 -6.259634 0.37885 0.24225 0.30912
vt 0.247970 0.846953
vn -0.000082 0.578793 0.815474
f 6817/6817/6817 6818/6818/6818 6819/6819/6819
v 0.662209 3.142686 -6.373439 0.65665 0.19997 0.20343
vt 0.223876 0.834162
vn -0.000082 0.578793 0.815474
v 0.000000 2.982250 -6.259634 0.65665 0.19997 0.20343
vt 0.247970 0.846953
vn -0.000082 0.578793 0.815474
v 0.662297 2.982344 -6.259634 0.65665 0.19997 0.20343
vt 0.223920 0.846919
vn -0.000082 0.578793 0.815474
f 6820/6820/6820 6821/6821/6821 6822/6822/6822
v 0.000000 3.142593 -6.373439 0.19767 0.27546 0.33931
vt 0.247999 0.834141
vn 0.000082 0.578793 0.815474
v -0.662209 3.142686 -6.373439 0.19767 0.27546 0.33931
vt 0.272127 0.834290
vn 0.000082 0.578793 0.815474
v -0.662297 2.982344 -6.259634 0.19767 0.27546 0.33931
vt 0.272023 0.847036
vn 0.000082 0.578793 0.815474
f 6823/6823/6823 6824/6824/6824 6825/6825/6825
v 0.000000 3.142593 -6.373439 0.27316 0.32378 0.37555
vt 0.247999 0.834141
vn 0.000082 0.578793 0.815474
v -0.662297 2.982344 -6.259634 0.27316 0.32378 0.37555
vt 0.272023 0.847036
vn 0.000082 0.578793 0.815474
v 0.000000 2.982250 -6.259634 0.27316 0.32378 0.37555
vt 0.247970 0.846953
vn 0.000082 0.578793 0.815474
f 6826/6826/6826 6827/6827/6827 6828/6828/6828
v -0.662209 3.142686 -6.373439 0.18257 0.28150 0.35139
vt 0.272127 0.834290
vn 0.000049 0.578793 0.815474
v -1.252613 3.142736 -6.373439 0.18257 0.28150 0.35139
vt 0.293809 0.834366
vn 0.000049 0.578793 0.815474
v -1.252680 2.982394 -6.259634 0.18257 0.28150 0.35139
vt 0.293481 0.847080
vn 0.000049 0.578793 0.815474
f 6829/6829/6829 6830/6830/6830 6831/6831/6831
v -0.662209 3.142686 -6.373439 0.17654 0.26640 0.33931
vt 0.272127 0.834290
vn 0.000049 0.578793 0.815474
v -1.252680 2.982394 -6.259634 0.17654 0.26640 0.33931
vt 0.293481 0.847080
vn 0.000049 0.578793 0.815474
v -0.662297 2.982344 -6.259634 0.17654 0.26640 0.33931
vt 0.272023 0.847036
vn 0.000049 0.578793 0.815474
f 6832/6832/6832 6833/6833/6833 6834/6834/6834
v -1.252613 3.142736 -6.373439 0.88614 0.88844 0.86170
vt 0.293809 0.834366
vn 0.000050 0.578793 0.815474
v -1.808894 3.142785 -6.373439 0.88614 0.88844 0.86170
vt 0.314503 0.834715
vn 0.000050 0.578793 0.815474
v -1.454052 2.982411 -6.259634 0.88614 0.88844 0.86170
vt 0.300808 0.847134
vn 0.000050 0.578793 0.815474
f 6835/6835/6835 6836/6836/6836 6837/6837/6837
v -1.252613 3.142736 -6.373439 0.27618 0.33887 0.36045
vt 0.293809 0.834366
vn 0.000050 0.578793 0.815474
v -1.454052 2.982411 -6.259634 0.27618 0.33887 0.36045
vt 0.300808 0.847134
vn 0.000050 0.578793 0.815474
v -1.252680 2.982394 -6.259634 0.27618 0.33887 0.36045
vt 0.293481 0.847080
vn 0.000050 0.578793 0.815474
f 6838/6838/6838 6839/6839/6839 6840/6840/6840
v -1.808894 3.142785 -6.373439 0.19767 0.28452 0.37253
vt 0.314503 0.834715
vn 0.000050 0.578793 0.815474
v -1.808894 2.643680 -6.019193 0.19767 0.28452 0.37253
vt 0.312181 0.874359
vn 0.000050 0.578793 0.815474
v -1.454052 2.803991 -6.132998 0.19767 0.28452 0.37253
vt 0.300197 0.861387
vn 0.000050 0.578793 0.815474
f 6841/6841/6841 6842/6842/6842 6843/6843/6843
v -1.808894 3.142785 -6.373439 0.21579 0.29358 0.32119
vt 0.314503 0.834715
vn 0.000050 0.578793 0.815474
v -1.454052 2.803991 -6.132998 0.21579 0.29358 0.32119
vt 0.300197 0.861387
vn 0.000050 0.578793 0.815474
v -1.454052 2.982411 -6.259634 0.21579 0.29358 0.32119
vt 0.300808 0.847134
vn 0.000050 0.578793 0.815474
f 6844/6844/6844 6845/6845/6845 6846/6846/6846
v -1.808894 2.643680 -6.019193 0.18257 0.26640 0.32723
vt 0.312181 0.874359
vn 0.000050 0.578793 0.815474
v -1.252613 2.643632 -6.019193 0.18257 0.26640 0.32723
vt 0.292684 0.874214
vn 0.000050 0.578793 0.815474
v -1.252546 2.803975 -6.132998 0.18257 0.26640 0.32723
vt 0.292946 0.861339
vn 0.000050 0.578793 0.815474
f 6847/6847/6847 6848/6848/6848 6849/6849/6849
v -1.808894 2.643680 -6.019193 0.15540 0.25433 0.30610
vt 0.312181 0.874359
vn 0.000048 0.578796 0.815472
v -1.252546 2.803975 -6.132998 0.15540 0.25433 0.30610
vt 0.292946 0.861339
vn 0.000048 0.578796 0.815472
v -1.454052 2.803991 -6.132998 0.15540 0.25433 0.30610
vt 0.300197 0.861387
vn 0.000048 0.578796 0.815472
f 6850/6850/6850 6851/6851/6851 6852/6852/6852
v -1.252613 2.643632 -6.019193 0.19767 0.27546 0.33931
vt 0.292684 0.874214
vn 0.000050 0.578793 0.815474
v -0.662209 2.643581 -6.019193 0.19767 0.27546 0.33931
vt 0.271633 0.874193
vn 0.000050 0.578793 0.815474
v -0.662120 2.803924 -6.132998 0.19767 0.27546 0.33931
vt 0.271730 0.861341
vn 0.000050 0.578793 0.815474
f 6853/6853/6853 6854/6854/6854 6855/6855/6855
v -1.252613 2.643632 -6.019193 0.22787 0.29358 0.34837
vt 0.292684 0.874214
vn 0.000050 0.578793 0.815474
v -0.662120 2.803924 -6.132998 0.22787 0.29358 0.34837
vt 0.271730 0.861341
vn 0.000050 0.578793 0.815474
v -1.252546 2.803975 -6.132998 0.22787 0.29358 0.34837
vt 0.292946 0.861339
vn 0.000050 0.578793 0.815474
f 6856/6856/6856 6857/6857/6857 6858/6858/6858
v -0.662209 2.643581 -6.019193 0.20371 0.29660 0.35743
vt 0.271633 0.874193
vn 0.000083 0.578793 0.815474
v 0.000000 2.643487 -6.019193 0.20371 0.29660 0.35743
vt 0.247898 0.874168
vn 0.000083 0.578793 0.815474
v 0.000000 2.803829 -6.132998 0.20371 0.29660 0.35743
vt 0.247934 0.861316
vn 0.000083 0.578793 0.815474
f 6859/6859/6859 6860/6860/6860 6861/6861/6861
v -0.662209 2.643581 -6.019193 0.17955 0.26338 0.31817
vt 0.271633 0.874193
vn 0.000083 0.578793 0.815474
v 0.000000 2.803829 -6.132998 0.17955 0.26338 0.31817
vt 0.247934 0.861316
vn 0.000083 0.578793 0.815474
v -0.662120 2.803924 -6.132998 0.17955 0.26338 0.31817
vt 0.271730 0.861341
vn 0.000083 0.578793 0.815474
f 6862/6862/6862 6863/6863/6863 6864/6864/6864
v 0.000000 2.643487 -6.019193 0.15540 0.26640 0.33327
vt 0.247898 0.874168
vn -0.000083 0.578793 0.815474
v 0.662209 2.643581 -6.019193 0.15540 0.26640 0.33327
vt 0.224164 0.874090
vn -0.000083 0.578793 0.815474
v 0.662120 2.803924 -6.132998 0.15540 0.26640 0.33327
vt 0.224141 0.861237
vn -0.000083 0.578793 0.815474
f 6865/6865/6865 6866/6866/6866 6867/6867/6867
v 0.000000 2.643487 -6.019193 0.15540 0.26036 0.33025
vt 0.247898 0.874168
vn -0.000083 0.578793 0.815474
v 0.662120 2.803924 -6.132998 0.15540 0.26036 0.33025
vt 0.224141 0.861237
vn -0.000083 0.578793 0.815474
v 0.000000 2.803829 -6.132998 0.15540 0.26036 0.33025
vt 0.247934 0.861316
vn -0.000083 0.578793 0.815474
f 6868/6868/6868 6869/6869/6869 6870/6870/6870
v 0.662120 2.803924 -6.132998 0.15238 0.25735 0.33327
vt 0.224141 0.861237
vn -0.000081 0.935660 0.352903
v 1.250667 2.803975 -6.132998 0.15238 0.25735 0.33327
vt 0.203003 0.861121
vn -0.000081 0.935660 0.352903
v 1.250658 2.823770 -6.185483 0.15238 0.25735 0.33327
vt 0.202877 0.859473
vn -0.000081 0.935660 0.352903
f 6871/6871/6871 6872/6872/6872 6873/6873/6873
v 0.662120 2.803924 -6.132998 0.15540 0.26036 0.33629
vt 0.224141 0.861237
vn -0.000081 0.935660 0.352903
v 1.250658 2.823770 -6.185483 0.15540 0.26036 0.33629
vt 0.202877 0.859473
vn -0.000081 0.935660 0.352903
v 0.662109 2.823719 -6.185483 0.15540 0.26036 0.33629
vt 0.224071 0.859555
vn -0.000081 0.935660 0.352903
f 6874/6874/6874 6875/6875/6875 6876/6876/6876
v 1.250667 2.803975 -6.132998 0.15842 0.25433 0.32723
vt 0.203003 0.861121
vn -0.000080 0.935661 0.352901
v 1.454052 2.803992 -6.132998 0.15842 0.25433 0.32723
vt 0.195689 0.861121
vn -0.000080 0.935661 0.352901
v 1.409002 2.823784 -6.185483 0.15842 0.25433 0.32723
vt 0.197223 0.859517
vn -0.000080 0.935661 0.352901
f 6877/6877/6877 6878/6878/6878 6879/6879/6879
v 1.250667 2.803975 -6.132998 0.15238 0.25735 0.32723
vt 0.203003 0.861121
vn -0.000079 0.935660 0.352903
v 1.409002 2.823784 -6.185483 0.15238 0.25735 0.32723
vt 0.197223 0.859517
vn -0.000079 0.935660 0.352903
v 1.250658 2.823770 -6.185483 0.15238 0.25735 0.32723
vt 0.202877 0.859473
vn -0.000079 0.935660 0.352903
f 6880/6880/6880 6881/6881/6881 6882/6882/6882
v 1.454052 2.803992 -6.132998 0.58418 0.23319 0.26986
vt 0.195689 0.861121
vn -0.571137 0.475105 0.669386
v 1.454052 2.982412 -6.259634 0.58418 0.23319 0.26986
vt 0.195151 0.846868
vn -0.571137 0.475105 0.669386
v 1.409002 2.961491 -6.283222 0.58418 0.23319 0.26986
vt 0.196908 0.848528
vn -0.571137 0.475105 0.669386
f 6883/6883/6883 6884/6884/6884 6885/6885/6885
v 1.454052 2.803992 -6.132998 0.30336 0.26942 0.34233
vt 0.195689 0.861121
vn -0.571137 0.475105 0.669386
v 1.409002 2.961491 -6.283222 0.30336 0.26942 0.34233
vt 0.196908 0.848528
vn -0.571137 0.475105 0.669386
v 1.409002 2.823784 -6.185483 0.30336 0.26942 0.34233
vt 0.197223 0.859517
vn -0.571137 0.475105 0.669386
f 6886/6886/6886 6887/6887/6887 6888/6888/6888
v 1.454052 2.982412 -6.259634 0.76536 0.14260 0.14606
vt 0.195151 0.846868
vn 0.000067 -0.748197 0.663477
v 1.250801 2.982394 -6.259634 0.76536 0.14260 0.14606
vt 0.202537 0.846861
vn 0.000067 -0.748197 0.663477
v 1.250809 2.961476 -6.283222 0.76536 0.14260 0.14606
vt 0.202662 0.848500
vn 0.000067 -0.748197 0.663477
f 6889/6889/6889 6890/6890/6890 6891/6891/6891
v 1.454052 2.982412 -6.259634 0.75026 0.14260 0.14908
vt 0.195151 0.846868
vn 0.000067 -0.748197 0.663477
v 1.250809 2.961476 -6.283222 0.75026 0.14260 0.14908
vt 0.202662 0.848500
vn 0.000067 -0.748197 0.663477
v 1.409002 2.961491 -6.283222 0.75026 0.14260 0.14908
vt 0.196908 0.848528
vn 0.000067 -0.748197 0.663477
f 6892/6892/6892 6893/6893/6893 6894/6894/6894
v 1.250801 2.982394 -6.259634 0.70195 0.19695 0.16719
vt 0.202537 0.846861
vn 0.000064 -0.748197 0.663477
v 0.662297 2.982344 -6.259634 0.70195 0.19695 0.16719
vt 0.223920 0.846919
vn 0.000064 -0.748197 0.663477
v 0.662309 2.961426 -6.283222 0.70195 0.19695 0.16719
vt 0.223990 0.848561
vn 0.000064 -0.748197 0.663477
f 6895/6895/6895 6896/6896/6896 6897/6897/6897
v 1.250801 2.982394 -6.259634 0.72308 0.16676 0.15814
vt 0.202537 0.846861
vn 0.000064 -0.748197 0.663477
v 0.662309 2.961426 -6.283222 0.72308 0.16676 0.15814
vt 0.223990 0.848561
vn 0.000064 -0.748197 0.663477
v 1.250809 2.961476 -6.283222 0.72308 0.16676 0.15814
vt 0.202662 0.848500
vn 0.000064 -0.748197 0.663477
f 6898/6898/6898 6899/6899/6899 6900/6900/6900
v 0.662297 2.982344 -6.259634 0.15540 0.26942 0.32119
vt 0.223920 0.846919
vn 0.000105 -0.748197 0.663477
v 0.000000 2.982250 -6.259634 0.15540 0.26942 0.32119
vt 0.247970 0.846953
vn 0.000105 -0.748197 0.663477
v 0.000000 2.961333 -6.283222 0.15540 0.26942 0.32119
vt 0.247967 0.848616
vn 0.000105 -0.748197 0.663477
f 6901/6901/6901 6902/6902/6902 6903/6903/6903
v 0.662297 2.982344 -6.259634 0.25806 0.26338 0.35441
vt 0.223920 0.846919
vn 0.000105 -0.748197 0.663477
v 0.000000 2.961333 -6.283222 0.25806 0.26338 0.35441
vt 0.247967 0.848616
vn 0.000105 -0.748197 0.663477
v 0.662309 2.961426 -6.283222 0.25806 0.26338 0.35441
vt 0.223990 0.848561
vn 0.000105 -0.748197 0.663477
f 6904/6904/6904 6905/6905/6905 6906/6906/6906
v 0.000000 2.982250 -6.259634 0.27618 0.32680 0.35743
vt 0.247970 0.846953
vn -0.000105 -0.748197 0.663477
v -0.662297 2.982344 -6.259634 0.27618 0.32680 0.35743
vt 0.272023 0.847036
vn -0.000105 -0.748197 0.663477
v -0.662308 2.961426 -6.283222 0.27618 0.32680 0.35743
vt 0.271945 0.848671
vn -0.000105 -0.748197 0.663477
f 6907/6907/6907 6908/6908/6908 6909/6909/6909
v 0.000000 2.982250 -6.259634 0.18559 0.27546 0.31214
vt 0.247970 0.846953
vn -0.000105 -0.748197 0.663477
v -0.662308 2.961426 -6.283222 0.18559 0.27546 0.31214
vt 0.271945 0.848671
vn -0.000105 -0.748197 0.663477
v 0.000000 2.961333 -6.283222 0.18559 0.27546 0.31214
vt 0.247967 0.848616
vn -0.000105 -0.748197 0.663477
f 6910/6910/6910 6911/6911/6911 6912/6912/6912
v -0.662297 2.982344 -6.259634 0.14030 0.25735 0.30610
vt 0.272023 0.847036
vn -0.000064 -0.748197 0.663477
v -1.252680 2.982394 -6.259634 0.14030 0.25735 0.30610
vt 0.293481 0.847080
vn -0.000064 -0.748197 0.663477
v -1.252689 2.961476 -6.283222 0.14030 0.25735 0.30610
vt 0.293347 0.848716
vn -0.000064 -0.748197 0.663477
f 6913/6913/6913 6914/6914/6914 6915/6915/6915
v -0.662297 2.982344 -6.259634 0.20673 0.28452 0.35441
vt 0.272023 0.847036
vn -0.000064 -0.748197 0.663477
v -1.252689 2.961476 -6.283222 0.20673 0.28452 0.35441
vt 0.293347 0.848716
vn -0.000064 -0.748197 0.663477
v -0.662308 2.961426 -6.283222 0.20673 0.28452 0.35441
vt 0.271945 0.848671
vn -0.000064 -0.748197 0.663477
f 6916/6916/6916 6917/6917/6917 6918/6918/6918
v -1.252680 2.982394 -6.259634 0.14030 0.22413 0.27288
vt 0.293481 0.847080
vn -0.000065 -0.748195 0.663479
v -1.454052 2.982411 -6.259634 0.14030 0.22413 0.27288
vt 0.300808 0.847134
vn -0.000065 -0.748195 0.663479
v -1.409002 2.961490 -6.283222 0.14030 0.22413 0.27288
vt 0.299037 0.848778
vn -0.000065 -0.748195 0.663479
f 6919/6919/6919 6920/6920/6920 6921/6921/6921
v -1.252680 2.982394 -6.259634 0.14634 0.26942 0.31817
vt 0.293481 0.847080
vn -0.000064 -0.748197 0.663477
v -1.409002 2.961490 -6.283222 0.14634 0.26942 0.31817
vt 0.299037 0.848778
vn -0.000064 -0.748197 0.663477
v -1.252689 2.961476 -6.283222 0.14634 0.26942 0.31817
vt 0.293347 0.848716
vn -0.000064 -0.748197 0.663477
f 6922/6922/6922 6923/6923/6923 6924/6924/6924
v -1.454052 2.982411 -6.259634 0.22787 0.27244 0.33327
vt 0.300808 0.847134
vn 0.571137 0.475106 0.669386
v -1.454052 2.803991 -6.132998 0.22787 0.27244 0.33327
vt 0.300197 0.861387
vn 0.571137 0.475106 0.669386
v -1.409002 2.823783 -6.185483 0.22787 0.27244 0.33327
vt 0.298665 0.859765
vn 0.571137 0.475106 0.669386
f 6925/6925/6925 6926/6926/6926 6927/6927/6927
v -1.454052 2.982411 -6.259634 0.21881 0.29358 0.34535
vt 0.300808 0.847134
vn 0.571137 0.475106 0.669386
v -1.409002 2.823783 -6.185483 0.21881 0.29358 0.34535
vt 0.298665 0.859765
vn 0.571137 0.475106 0.669386
v -1.409002 2.961490 -6.283222 0.21881 0.29358 0.34535
vt 0.299037 0.848778
vn 0.571137 0.475106 0.669386
f 6928/6928/6928 6929/6929/6929 6930/6930/6930
v -1.454052 2.803991 -6.132998 0.21277 0.28452 0.34233
vt 0.300197 0.861387
vn 0.000078 0.935660 0.352903
v -1.252546 2.803975 -6.132998 0.21277 0.28452 0.34233
vt 0.292946 0.861339
vn 0.000078 0.935660 0.352903
v -1.252538 2.823770 -6.185483 0.21277 0.28452 0.34233
vt 0.293078 0.859688
vn 0.000078 0.935660 0.352903
f 6931/6931/6931 6932/6932/6932 6933/6933/6933
v -1.454052 2.803991 -6.132998 0.21579 0.28754 0.34837
vt 0.300197 0.861387
vn 0.000076 0.935662 0.352898
v -1.252538 2.823770 -6.185483 0.21579 0.28754 0.34837
vt 0.293078 0.859688
vn 0.000076 0.935662 0.352898
v -1.409002 2.823783 -6.185483 0.21579 0.28754 0.34837
vt 0.298665 0.859765
vn 0.000076 0.935662 0.352898
f 6934/6934/6934 6935/6935/6935 6936/6936/6936
v -1.252546 2.803975 -6.132998 0.23995 0.29962 0.34233
vt 0.292946 0.861339
vn 0.000081 0.935660 0.352903
v -0.662120 2.803924 -6.132998 0.23995 0.29962 0.34233
vt 0.271730 0.861341
vn 0.000081 0.935660 0.352903
v -0.662109 2.823719 -6.185483 0.23995 0.29962 0.34233
vt 0.271812 0.859660
vn 0.000081 0.935660 0.352903
f 6937/6937/6937 6938/6938/6938 6939/6939/6939
v -1.252546 2.803975 -6.132998 0.20673 0.27244 0.32723
vt 0.292946 0.861339
vn 0.000081 0.935660 0.352903
v -0.662109 2.823719 -6.185483 0.20673 0.27244 0.32723
vt 0.271812 0.859660
vn 0.000081 0.935660 0.352903
v -1.252538 2.823770 -6.185483 0.20673 0.27244 0.32723
vt 0.293078 0.859688
vn 0.000081 0.935660 0.352903
f 6940/6940/6940 6941/6941/6941 6942/6942/6942
v -0.662120 2.803924 -6.132998 0.15238 0.25131 0.30610
vt 0.271730 0.861341
vn 0.000134 0.935660 0.352903
v 0.000000 2.803829 -6.132998 0.15238 0.25131 0.30610
vt 0.247934 0.861316
vn 0.000134 0.935660 0.352903
v 0.000000 2.823625 -6.185483 0.15238 0.25131 0.30610
vt 0.247940 0.859625
vn 0.000134 0.935660 0.352903
f 6943/6943/6943 6944/6944/6944 6945/6945/6945
v -0.662120 2.803924 -6.132998 0.20069 0.28452 0.33931
vt 0.271730 0.861341
vn 0.000134 0.935660 0.352903
v 0.000000 2.823625 -6.185483 0.20069 0.28452 0.33931
vt 0.247940 0.859625
vn 0.000134 0.935660 0.352903
v -0.662109 2.823719 -6.185483 0.20069 0.28452 0.33931
vt 0.271812 0.859660
vn 0.000134 0.935660 0.352903
f 6946/6946/6946 6947/6947/6947 6948/6948/6948
v 0.000000 2.803829 -6.132998 0.19465 0.29056 0.35441
vt 0.247934 0.861316
vn -0.000134 0.935660 0.352903
v 0.662120 2.803924 -6.132998 0.19465 0.29056 0.35441
vt 0.224141 0.861237
vn -0.000134 0.935660 0.352903
v 0.662109 2.823719 -6.185483 0.19465 0.29056 0.35441
vt 0.224071 0.859555
vn -0.000134 0.935660 0.352903
f 6949/6949/6949 6950/6950/6950 6951/6951/6951
v 0.000000 2.803829 -6.132998 0.15540 0.26036 0.33025
vt 0.247934 0.861316
vn -0.000134 0.935660 0.352903
v 0.662109 2.823719 -6.185483 0.15540 0.26036 0.33025
vt 0.224071 0.859555
vn -0.000134 0.935660 0.352903
v 0.000000 2.823625 -6.185483 0.15540 0.26036 0.33025
vt 0.247940 0.859625
vn -0.000134 0.935660 0.352903
f 6952/6952/6952 6953/6953/6953 6954/6954/6954
v 2.916281 1.391044 -8.887413 0.15238 0.26640 0.32421
vt 0.927291 0.907790
vn 1.000000 0.000254 0.000118
v 2.916447 0.735391 -8.887020 0.15238 0.26640 0.32421
vt 0.927804 0.856403
vn 1.000000 0.000254 0.000118
v 2.916438 0.885546 -9.133297 0.15238 0.26640 0.32421
vt 0.930416 0.868111
vn 1.000000 0.000254 0.000118
f 6955/6955/6955 6956/6956/6956 6957/6957/6957
v 2.916281 1.391044 -8.887413 0.15842 0.27244 0.33025
vt 0.927291 0.907790
vn 1.000000 0.000416 -0.000216
v 2.916438 0.885546 -9.133297 0.15842 0.27244 0.33025
vt 0.930416 0.868111
vn 1.000000 0.000416 -0.000216
v 2.916290 1.240866 -9.133647 0.15842 0.27244 0.33025
vt 0.930129 0.896128
vn 1.000000 0.000416 -0.000216
f 6958/6958/6958 6959/6959/6959 6960/6960/6960
v 2.916447 0.735391 -8.887020 0.14936 0.26036 0.32723
vt 0.927804 0.856403
vn 1.000000 0.000060 -0.000000
v 2.916447 0.735355 -9.984732 0.14936 0.26036 0.32723
vt 0.940259 0.856510
vn 1.000000 0.000060 -0.000000
v 2.916438 0.885534 -9.738498 0.14936 0.26036 0.32723
vt 0.937440 0.868175
vn 1.000000 0.000060 -0.000000
f 6961/6961/6961 6962/6962/6962 6963/6963/6963
v 2.916447 0.735391 -8.887020 0.17352 0.28452 0.35743
vt 0.927804 0.856403
vn 1.000000 0.000060 -0.000000
v 2.916438 0.885534 -9.738498 0.17352 0.28452 0.35743
vt 0.937440 0.868175
vn 1.000000 0.000060 -0.000000
v 2.916438 0.885546 -9.133297 0.17352 0.28452 0.35743
vt 0.930416 0.868111
vn 1.000000 0.000060 -0.000000
f 6964/6964/6964 6965/6965/6965 6966/6966/6966
v 2.916447 0.735355 -9.984732 0.15238 0.26338 0.33025
vt 0.940259 0.856510
vn 1.000000 0.000254 0.000117
v 2.916281 1.391008 -9.985126 0.15238 0.26338 0.33025
vt 0.939731 0.907906
vn 1.000000 0.000254 0.000117
v 2.916290 1.240854 -9.738849 0.15238 0.26338 0.33025
vt 0.937151 0.896196
vn 1.000000 0.000254 0.000117
f 6967/6967/6967 6968/6968/6968 6969/6969/6969
v 2.916447 0.735355 -9.984732 0.14030 0.24829 0.32119
vt 0.940259 0.856510
vn 1.000000 0.000416 -0.000217
v 2.916290 1.240854 -9.738849 0.14030 0.24829 0.32119
vt 0.937151 0.896196
vn 1.000000 0.000416 -0.000217
v 2.916438 0.885534 -9.738498 0.14030 0.24829 0.32119
vt 0.937440 0.868175
vn 1.000000 0.000416 -0.000217
f 6970/6970/6970 6971/6971/6971 6972/6972/6972
v 2.916281 1.391008 -9.985126 0.15540 0.26036 0.33025
vt 0.939731 0.907906
vn 1.000000 0.000062 -0.000000
v 2.916281 1.391044 -8.887413 0.15540 0.26036 0.33025
vt 0.927291 0.907790
vn 1.000000 0.000062 -0.000000
v 2.916290 1.240866 -9.133647 0.15540 0.26036 0.33025
vt 0.930129 0.896128
vn 1.000000 0.000062 -0.000000
f 6973/6973/6973 6974/6974/6974 6975/6975/6975
v 2.916281 1.391008 -9.985126 0.15540 0.26036 0.33025
vt 0.939731 0.907906
vn 1.000000 0.000062 -0.000000
v 2.916290 1.240866 -9.133647 0.15540 0.26036 0.33025
vt 0.930129 0.896128
vn 1.000000 0.000062 -0.000000
v 2.916290 1.240854 -9.738849 0.15540 0.26036 0.33025
vt 0.937151 0.896196
vn 1.000000 0.000062 -0.000000
f 6976/6976/6976 6977/6977/6977 6978/6978/6978
v 2.916642 0.424874 -9.984271 0.16446 0.26942 0.32421
vt 0.940465 0.832191
vn 1.000000 0.000056 -0.000000
v 2.916642 0.424908 -8.886557 0.16446 0.26942 0.32421
vt 0.928013 0.832084
vn 1.000000 0.000056 -0.000000
v 2.916652 0.254226 -9.132782 0.16446 0.26942 0.32421
vt 0.930848 0.818812
vn 1.000000 0.000056 -0.000000
f 6979/6979/6979 6980/6980/6980 6981/6981/6981
v 2.916642 0.424874 -9.984271 0.26108 0.25735 0.32119
vt 0.940465 0.832191
vn 1.000000 0.000056 -0.000000
v 2.916652 0.254226 -9.132782 0.26108 0.25735 0.32119
vt 0.930848 0.818812
vn 1.000000 0.000056 -0.000000
v 2.916652 0.254214 -9.737985 0.26108 0.25735 0.32119
vt 0.937872 0.818873
vn 1.000000 0.000056 -0.000000
f 6982/6982/6982 6983/6983/6983 6984/6984/6984
v 2.916642 0.424908 -8.886557 0.73214 0.19695 0.17927
vt 0.928013 0.832084
vn 1.000000 0.000268 0.000148
v 2.916846 -0.335287 -8.885885 0.73214 0.19695 0.17927
vt 0.928484 0.772496
vn 1.000000 0.000268 0.000148
v 2.916836 -0.164628 -9.132172 0.73214 0.19695 0.17927
vt 0.931092 0.785816
vn 1.000000 0.000268 0.000148
f 6985/6985/6985 6986/6986/6986 6987/6987/6987
v 2.916642 0.424908 -8.886557 0.72610 0.18185 0.17323
vt 0.928013 0.832084
vn 1.000000 0.000441 -0.000266
v 2.916836 -0.164628 -9.132172 0.72610 0.18185 0.17323
vt 0.931092 0.785816
vn 1.000000 0.000441 -0.000266
v 2.916652 0.254226 -9.132782 0.72610 0.18185 0.17323
vt 0.930848 0.818812
vn 1.000000 0.000441 -0.000266
f 6988/6988/6988 6989/6989/6989 6990/6990/6990
v 2.916846 -0.335287 -8.885885 0.71101 0.19997 0.20343
vt 0.928484 0.772496
vn 1.000000 0.000054 -0.000000
v 2.916846 -0.335323 -9.983599 0.71101 0.19997 0.20343
vt 0.940932 0.772613
vn 1.000000 0.000054 -0.000000
v 2.916836 -0.164640 -9.737375 0.71101 0.19997 0.20343
vt 0.938116 0.785876
vn 1.000000 0.000054 -0.000000
f 6991/6991/6991 6992/6992/6992 6993/6993/6993
v 2.916846 -0.335287 -8.885885 0.71705 0.17582 0.16719
vt 0.928484 0.772496
vn 1.000000 0.000054 -0.000000
v 2.916836 -0.164640 -9.737375 0.71705 0.17582 0.16719
vt 0.938116 0.785876
vn 1.000000 0.000054 -0.000000
v 2.916836 -0.164628 -9.132172 0.71705 0.17582 0.16719
vt 0.931092 0.785816
vn 1.000000 0.000054 -0.000000
f 6994/6994/6994 6995/6995/6995 6996/6996/6996
v 2.916846 -0.335323 -9.983599 0.68081 0.22413 0.20041
vt 0.940932 0.772613
vn 1.000000 0.000268 0.000147
v 2.916642 0.424874 -9.984271 0.68081 0.22413 0.20041
vt 0.940465 0.832191
vn 1.000000 0.000268 0.000147
v 2.916652 0.254214 -9.737985 0.68081 0.22413 0.20041
vt 0.937872 0.818873
vn 1.000000 0.000268 0.000147
f 6997/6997/6997 6998/6998/6998 6999/6999/6999
v 2.916846 -0.335323 -9.983599 0.68685 0.24225 0.20645
vt 0.940932 0.772613
vn 1.000000 0.000441 -0.000268
v 2.916652 0.254214 -9.737985 0.68685 0.24225 0.20645
vt 0.937872 0.818873
vn 1.000000 0.000441 -0.000268
v 2.916836 -0.164640 -9.737375 0.68685 0.24225 0.20645
vt 0.938116 0.785876
vn 1.000000 0.000441 -0.000268
f 7000/7000/7000 7001/7001/7001 7002/7002/7002
v -2.916447 0.735355 -9.984732 0.16446 0.26942 0.33025
vt 0.650107 0.853951
vn -1.000000 0.000060 -0.000000
v -2.916447 0.735391 -8.887020 0.16446 0.26942 0.33025
vt 0.662604 0.854060
vn -1.000000 0.000060 -0.000000
v -2.916438 0.885546 -9.133297 0.16446 0.26942 0.33025
vt 0.659799 0.865719
vn -1.000000 0.000060 -0.000000
f 7003/7003/7003 7004/7004/7004 7005/7005/7005
v -2.916447 0.735355 -9.984732 0.15842 0.27244 0.33629
vt 0.650107 0.853951
vn -1.000000 0.000060 -0.000000
v -2.916438 0.885546 -9.133297 0.15842 0.27244 0.33629
vt 0.659799 0.865719
vn -1.000000 0.000060 -0.000000
v -2.916438 0.885534 -9.738498 0.15842 0.27244 0.33629
vt 0.652768 0.865667
vn -1.000000 0.000060 -0.000000
f 7006/7006/7006 7007/7007/7007 7008/7008/7008
v -2.916447 0.735391 -8.887020 0.19465 0.27244 0.33629
vt 0.662604 0.854060
vn -1.000000 0.000253 -0.000117
v -2.916281 1.391044 -8.887413 0.19465 0.27244 0.33629
vt 0.662282 0.905451
vn -1.000000 0.000253 -0.000117
v -2.916290 1.240866 -9.133647 0.19465 0.27244 0.33629
vt 0.659638 0.893739
vn -1.000000 0.000253 -0.000117
f 7009/7009/7009 7010/7010/7010 7011/7011/7011
v -2.916447 0.735391 -8.887020 0.20673 0.29056 0.36045
vt 0.662604 0.854060
vn -1.000000 0.000417 0.000217
v -2.916290 1.240866 -9.133647 0.20673 0.29056 0.36045
vt 0.659638 0.893739
vn -1.000000 0.000417 0.000217
v -2.916438 0.885546 -9.133297 0.20673 0.29056 0.36045
vt 0.659799 0.865719
vn -1.000000 0.000417 0.000217
f 7012/7012/7012 7013/7013/7013 7014/7014/7014
v -2.916281 1.391044 -8.887413 0.20069 0.28452 0.33931
vt 0.662282 0.905451
vn -1.000000 0.000062 -0.000000
v -2.916281 1.391008 -9.985126 0.20069 0.28452 0.33931
vt 0.649840 0.905351
vn -1.000000 0.000062 -0.000000
v -2.916290 1.240854 -9.738849 0.20069 0.28452 0.33931
vt 0.652613 0.893688
vn -1.000000 0.000062 -0.000000
f 7015/7015/7015 7016/7016/7016 7017/7017/7017
v -2.916281 1.391044 -8.887413 0.21277 0.29056 0.35441
vt 0.662282 0.905451
vn -1.000000 0.000061 -0.000000
v -2.916290 1.240854 -9.738849 0.21277 0.29056 0.35441
vt 0.652613 0.893688
vn -1.000000 0.000061 -0.000000
v -2.916290 1.240866 -9.133647 0.21277 0.29056 0.35441
vt 0.659638 0.893739
vn -1.000000 0.000061 -0.000000
f 7018/7018/7018 7019/7019/7019 7020/7020/7020
v -2.916281 1.391008 -9.985126 0.16144 0.26036 0.33025
vt 0.649840 0.905351
vn -1.000000 0.000253 -0.000118
v -2.916447 0.735355 -9.984732 0.16144 0.26036 0.33025
vt 0.650107 0.853951
vn -1.000000 0.000253 -0.000118
v -2.916438 0.885534 -9.738498 0.16144 0.26036 0.33025
vt 0.652768 0.865667
vn -1.000000 0.000253 -0.000118
f 7021/7021/7021 7022/7022/7022 7023/7023/7023
v -2.916281 1.391008 -9.985126 0.20673 0.29056 0.35441
vt 0.649840 0.905351
vn -1.000000 0.000417 0.000217
v -2.916438 0.885534 -9.738498 0.20673 0.29056 0.35441
vt 0.652768 0.865667
vn -1.000000 0.000417 0.000217
v -2.916290 1.240854 -9.738849 0.20673 0.29056 0.35441
vt 0.652613 0.893688
vn -1.000000 0.000417 0.000217
f 7024/7024/7024 7025/7025/7025 7026/7026/7026
v -2.916642 0.424908 -8.886557 0.17352 0.26942 0.33327
vt 0.662815 0.829740
vn -1.000000 0.000056 -0.000000
v -2.916642 0.424874 -9.984271 0.17352 0.26942 0.33327
vt 0.650318 0.829622
vn -1.000000 0.000056 -0.000000
v -2.916652 0.254214 -9.737985 0.17352 0.26942 0.33327
vt 0.653185 0.816353
vn -1.000000 0.000056 -0.000000
f 7027/7027/7027 7028/7028/7028 7029/7029/7029
v -2.916642 0.424908 -8.886557 0.16748 0.27244 0.33327
vt 0.662815 0.829740
vn -1.000000 0.000056 -0.000000
v -2.916652 0.254214 -9.737985 0.16748 0.27244 0.33327
vt 0.653185 0.816353
vn -1.000000 0.000056 -0.000000
v -2.916652 0.254226 -9.132782 0.16748 0.27244 0.33327
vt 0.660217 0.816421
vn -1.000000 0.000056 -0.000000
f 7030/7030/7030 7031/7031/7031 7032/7032/7032
v -2.916642 0.424874 -9.984271 0.72912 0.21205 0.17323
vt 0.650318 0.829622
vn -1.000000 0.000268 -0.000148
v -2.916846 -0.335323 -9.983599 0.72912 0.21205 0.17323
vt 0.650955 0.770043
vn -1.000000 0.000268 -0.000148
v -2.916836 -0.164640 -9.737375 0.72912 0.21205 0.17323
vt 0.653547 0.783358
vn -1.000000 0.000268 -0.000148
f 7033/7033/7033 7034/7034/7034 7035/7035/7035
v -2.916642 0.424874 -9.984271 0.43320 0.23923 0.27892
vt 0.650318 0.829622
vn -1.000000 0.000441 0.000267
v -2.916836 -0.164640 -9.737375 0.43320 0.23923 0.27892
vt 0.653547 0.783358
vn -1.000000 0.000441 0.000267
v -2.916652 0.254214 -9.737985 0.43320 0.23923 0.27892
vt 0.653185 0.816353
vn -1.000000 0.000441 0.000267
f 7036/7036/7036 7037/7037/7037 7038/7038/7038
v -2.916846 -0.335323 -9.983599 0.77140 0.15166 0.14908
vt 0.650955 0.770043
vn -1.000000 0.000054 -0.000000
v -2.916846 -0.335287 -8.885885 0.77140 0.15166 0.14908
vt 0.663424 0.770155
vn -1.000000 0.000054 -0.000000
v -2.916836 -0.164628 -9.132172 0.77140 0.15166 0.14908
vt 0.660575 0.783425
vn -1.000000 0.000054 -0.000000
f 7039/7039/7039 7040/7040/7040 7041/7041/7041
v -2.916846 -0.335323 -9.983599 0.73516 0.18185 0.15512
vt 0.650955 0.770043
vn -1.000000 0.000054 -0.000000
v -2.916836 -0.164628 -9.132172 0.73516 0.18185 0.15512
vt 0.660575 0.783425
vn -1.000000 0.000054 -0.000000
v -2.916836 -0.164640 -9.737375 0.73516 0.18185 0.15512
vt 0.653547 0.783358
vn -1.000000 0.000054 -0.000000
f 7042/7042/7042 7043/7043/7043 7044/7044/7044
v -2.916846 -0.335287 -8.885885 0.68987 0.24225 0.19437
vt 0.663424 0.770155
vn -1.000000 0.000268 -0.000147
v -2.916642 0.424908 -8.886557 0.68987 0.24225 0.19437
vt 0.662815 0.829740
vn -1.000000 0.000268 -0.000147
v -2.916652 0.254226 -9.132782 0.68987 0.24225 0.19437
vt 0.660217 0.816421
vn -1.000000 0.000268 -0.000147
f 7045/7045/7045 7046/7046/7046 7047/7047/7047
v -2.916846 -0.335287 -8.885885 0.75630 0.16072 0.17021
vt 0.663424 0.770155
vn -1.000000 0.000441 0.000268
v -2.916652 0.254226 -9.132782 0.75630 0.16072 0.17021
vt 0.660217 0.816421
vn -1.000000 0.000441 0.000268
v -2.916836 -0.164628 -9.132172 0.75630 0.16072 0.17021
vt 0.660575 0.783425
vn -1.000000 0.000441 0.000268
f 7048/7048/7048 7049/7049/7049 7050/7050/7050
v 2.916290 1.240866 -9.133647 0.15238 0.26640 0.32421
vt 0.930129 0.896128
vn 0.902357 -0.000049 -0.430989
v 2.916438 0.885546 -9.133297 0.15238 0.26640 0.32421
vt 0.930416 0.868111
vn 0.902357 -0.000049 -0.430989
v 2.882077 0.895910 -9.205241 0.15238 0.26640 0.32421
vt 0.931429 0.869137
vn 0.902357 -0.000049 -0.430989
f 7051/7051/7051 7052/7052/7052 7053/7053/7053
v 2.916290 1.240866 -9.133647 0.15842 0.27244 0.33025
vt 0.930129 0.896128
vn 0.902358 -0.000050 -0.430988
v 2.882077 0.895910 -9.205241 0.15842 0.27244 0.33025
vt 0.931429 0.869137
vn 0.902358 -0.000050 -0.430988
v 2.881937 1.230493 -9.205571 0.15842 0.27244 0.33025
vt 0.931162 0.895119
vn 0.902358 -0.000050 -0.430988
f 7054/7054/7054 7055/7055/7055 7056/7056/7056
v 2.916438 0.885546 -9.133297 0.17654 0.28754 0.36045
vt 0.930416 0.868111
vn 0.288817 0.957384 -0.000019
v 2.916438 0.885534 -9.738498 0.17654 0.28754 0.36045
vt 0.937440 0.868175
vn 0.288817 0.957384 -0.000019
v 2.882077 0.895901 -9.666575 0.17654 0.28754 0.36045
vt 0.936414 0.869185
vn 0.288817 0.957384 -0.000019
f 7057/7057/7057 7058/7058/7058 7059/7059/7059
v 2.916438 0.885546 -9.133297 0.15842 0.26942 0.34233
vt 0.930416 0.868111
vn 0.288813 0.957386 -0.000019
v 2.882077 0.895901 -9.666575 0.15842 0.26942 0.34233
vt 0.936414 0.869185
vn 0.288813 0.957386 -0.000019
v 2.882077 0.895910 -9.205241 0.15842 0.26942 0.34233
vt 0.931429 0.869137
vn 0.288813 0.957386 -0.000019
f 7060/7060/7060 7061/7061/7061 7062/7062/7062
v 2.916438 0.885534 -9.738498 0.15238 0.26338 0.33025
vt 0.937440 0.868175
vn 0.902357 0.000801 0.430988
v 2.916290 1.240854 -9.738849 0.15238 0.26338 0.33025
vt 0.937151 0.896196
vn 0.902357 0.000801 0.430988
v 2.881937 1.230484 -9.666905 0.15238 0.26338 0.33025
vt 0.936146 0.895168
vn 0.902357 0.000801 0.430988
f 7063/7063/7063 7064/7064/7064 7065/7065/7065
v 2.916438 0.885534 -9.738498 0.15238 0.26338 0.33025
vt 0.937440 0.868175
vn 0.902357 0.000801 0.430988
v 2.881937 1.230484 -9.666905 0.15238 0.26338 0.33025
vt 0.936146 0.895168
vn 0.902357 0.000801 0.430988
v 2.882077 0.895901 -9.666575 0.15238 0.26338 0.33025
vt 0.936414 0.869185
vn 0.902357 0.000801 0.430988
f 7066/7066/7066 7067/7067/7067 7068/7068/7068
v 2.916290 1.240854 -9.738849 0.15540 0.26036 0.33025
vt 0.937151 0.896196
vn 0.289031 -0.957320 0.000019
v 2.916290 1.240866 -9.133647 0.15540 0.26036 0.33025
vt 0.930129 0.896128
vn 0.289031 -0.957320 0.000019
v 2.881937 1.230493 -9.205571 0.15540 0.26036 0.33025
vt 0.931162 0.895119
vn 0.289031 -0.957320 0.000019
f 7069/7069/7069 7070/7070/7070 7071/7071/7071
v 2.916290 1.240854 -9.738849 0.17352 0.27848 0.34837
vt 0.937151 0.896196
vn 0.289034 -0.957319 0.000019
v 2.881937 1.230493 -9.205571 0.17352 0.27848 0.34837
vt 0.931162 0.895119
vn 0.289034 -0.957319 0.000019
v 2.881937 1.230484 -9.666905 0.17352 0.27848 0.34837
vt 0.936146 0.895168
vn 0.289034 -0.957319 0.000019
f 7072/7072/7072 7073/7073/7073 7074/7074/7074
v 2.916652 0.254214 -9.737985 0.50265 0.25131 0.30308
vt 0.937872 0.818873
vn 0.289041 -0.957317 0.000019
v 2.916652 0.254226 -9.132782 0.50265 0.25131 0.30308
vt 0.930848 0.818812
vn 0.289041 -0.957317 0.000019
v 2.882299 0.243853 -9.204700 0.50265 0.25131 0.30308
vt 0.931880 0.817803
vn 0.289041 -0.957317 0.000019
f 7075/7075/7075 7076/7076/7076 7077/7077/7077
v 2.916652 0.254214 -9.737985 0.49963 0.24829 0.30006
vt 0.937872 0.818873
vn 0.289044 -0.957316 0.000019
v 2.882299 0.243853 -9.204700 0.49963 0.24829 0.30006
vt 0.931880 0.817803
vn 0.289044 -0.957316 0.000019
v 2.882299 0.243844 -9.666036 0.49963 0.24829 0.30006
vt 0.936864 0.817844
vn 0.289044 -0.957316 0.000019
f 7078/7078/7078 7079/7079/7079 7080/7080/7080
v 2.916652 0.254226 -9.132782 0.71403 0.21507 0.19135
vt 0.930848 0.818812
vn 0.902359 -0.000230 -0.430986
v 2.916836 -0.164628 -9.132172 0.71403 0.21507 0.19135
vt 0.931092 0.785816
vn 0.902359 -0.000230 -0.430986
v 2.882475 -0.154264 -9.204121 0.71403 0.21507 0.19135
vt 0.932105 0.786843
vn 0.902359 -0.000230 -0.430986
f 7081/7081/7081 7082/7082/7082 7083/7083/7083
v 2.916652 0.254226 -9.132782 0.70799 0.22111 0.20645
vt 0.930848 0.818812
vn 0.902358 -0.000229 -0.430987
v 2.882475 -0.154264 -9.204121 0.70799 0.22111 0.20645
vt 0.932105 0.786843
vn 0.902358 -0.000229 -0.430987
v 2.882299 0.243853 -9.204700 0.70799 0.22111 0.20645
vt 0.931880 0.817803
vn 0.902358 -0.000229 -0.430987
f 7084/7084/7084 7085/7085/7085 7086/7086/7086
v 2.916836 -0.164628 -9.132172 0.75026 0.18487 0.19135
vt 0.931092 0.785816
vn 0.288808 0.957387 -0.000019
v 2.916836 -0.164640 -9.737375 0.75026 0.18487 0.19135
vt 0.938116 0.785876
vn 0.288808 0.957387 -0.000019
v 2.882475 -0.154273 -9.665456 0.75026 0.18487 0.19135
vt 0.937090 0.786884
vn 0.288808 0.957387 -0.000019
f 7087/7087/7087 7088/7088/7088 7089/7089/7089
v 2.916836 -0.164628 -9.132172 0.71705 0.17582 0.16719
vt 0.931092 0.785816
vn 0.288812 0.957386 -0.000019
v 2.882475 -0.154273 -9.665456 0.71705 0.17582 0.16719
vt 0.937090 0.786884
vn 0.288812 0.957386 -0.000019
v 2.882475 -0.154264 -9.204121 0.71705 0.17582 0.16719
vt 0.932105 0.786843
vn 0.288812 0.957386 -0.000019
f 7090/7090/7090 7091/7091/7091 7092/7092/7092
v 2.916836 -0.164640 -9.737375 0.67175 0.20601 0.18531
vt 0.938116 0.785876
vn 0.902358 0.001026 0.430987
v 2.916652 0.254214 -9.737985 0.67175 0.20601 0.18531
vt 0.937872 0.818873
vn 0.902358 0.001026 0.430987
v 2.882299 0.243844 -9.666036 0.67175 0.20601 0.18531
vt 0.936864 0.817844
vn 0.902358 0.001026 0.430987
f 7093/7093/7093 7094/7094/7094 7095/7095/7095
v 2.916836 -0.164640 -9.737375 0.66269 0.26338 0.22759
vt 0.938116 0.785876
vn 0.902358 0.001026 0.430986
v 2.882299 0.243844 -9.666036 0.66269 0.26338 0.22759
vt 0.936864 0.817844
vn 0.902358 0.001026 0.430986
v 2.882475 -0.154273 -9.665456 0.66269 0.26338 0.22759
vt 0.937090 0.786884
vn 0.902358 0.001026 0.430986
f 7096/7096/7096 7097/7097/7097 7098/7098/7098
v -2.916438 0.885534 -9.738498 0.15238 0.25735 0.32723
vt 0.652768 0.865667
vn -0.288814 0.957385 -0.000019
v -2.916438 0.885546 -9.133297 0.15238 0.25735 0.32723
vt 0.659799 0.865719
vn -0.288814 0.957385 -0.000019
v -2.882077 0.895910 -9.205241 0.15238 0.25735 0.32723
vt 0.658771 0.866728
vn -0.288814 0.957385 -0.000019
f 7099/7099/7099 7100/7100/7100 7101/7101/7101
v -2.916438 0.885534 -9.738498 0.16446 0.26942 0.33629
vt 0.652768 0.865667
vn -0.288818 0.957384 -0.000019
v -2.882077 0.895910 -9.205241 0.16446 0.26942 0.33629
vt 0.658771 0.866728
vn -0.288818 0.957384 -0.000019
v -2.882077 0.895901 -9.666575 0.16446 0.26942 0.33629
vt 0.653785 0.866694
vn -0.288818 0.957384 -0.000019
f 7102/7102/7102 7103/7103/7103 7104/7104/7104
v -2.916438 0.885546 -9.133297 0.21579 0.29358 0.35743
vt 0.659799 0.865719
vn -0.902358 -0.000049 -0.430988
v -2.916290 1.240866 -9.133647 0.21579 0.29358 0.35743
vt 0.659638 0.893739
vn -0.902358 -0.000049 -0.430988
v -2.881937 1.230493 -9.205571 0.21579 0.29358 0.35743
vt 0.658622 0.892712
vn -0.902358 -0.000049 -0.430988
f 7105/7105/7105 7106/7106/7106 7107/7107/7107
v -2.916438 0.885546 -9.133297 0.15842 0.25735 0.32119
vt 0.659799 0.865719
vn -0.902357 -0.000050 -0.430989
v -2.881937 1.230493 -9.205571 0.15842 0.25735 0.32119
vt 0.658622 0.892712
vn -0.902357 -0.000050 -0.430989
v -2.882077 0.895910 -9.205241 0.15842 0.25735 0.32119
vt 0.658771 0.866728
vn -0.902357 -0.000050 -0.430989
f 7108/7108/7108 7109/7109/7109 7110/7110/7110
v -2.916290 1.240866 -9.133647 0.19767 0.27546 0.33327
vt 0.659638 0.893739
vn -0.289034 -0.957319 0.000019
v -2.916290 1.240854 -9.738849 0.19767 0.27546 0.33327
vt 0.652613 0.893688
vn -0.289034 -0.957319 0.000019
v -2.881937 1.230484 -9.666905 0.19767 0.27546 0.33327
vt 0.653636 0.892678
vn -0.289034 -0.957319 0.000019
f 7111/7111/7111 7112/7112/7112 7113/7113/7113
v -2.916290 1.240866 -9.133647 0.20371 0.28452 0.33931
vt 0.659638 0.893739
vn -0.289031 -0.957320 0.000019
v -2.881937 1.230484 -9.666905 0.20371 0.28452 0.33931
vt 0.653636 0.892678
vn -0.289031 -0.957320 0.000019
v -2.881937 1.230493 -9.205571 0.20371 0.28452 0.33931
vt 0.658622 0.892712
vn -0.289031 -0.957320 0.000019
f 7114/7114/7114 7115/7115/7115 7116/7116/7116
v -2.916290 1.240854 -9.738849 0.16748 0.26640 0.33629
vt 0.652613 0.893688
vn -0.902357 0.000801 0.430988
v -2.916438 0.885534 -9.738498 0.16748 0.26640 0.33629
vt 0.652768 0.865667
vn -0.902357 0.000801 0.430988
v -2.882077 0.895901 -9.666575 0.16748 0.26640 0.33629
vt 0.653785 0.866694
vn -0.902357 0.000801 0.430988
f 7117/7117/7117 7118/7118/7118 7119/7119/7119
v -2.916290 1.240854 -9.738849 0.16446 0.25433 0.32119
vt 0.652613 0.893688
vn -0.902357 0.000801 0.430988
v -2.882077 0.895901 -9.666575 0.16446 0.25433 0.32119
vt 0.653785 0.866694
vn -0.902357 0.000801 0.430988
v -2.881937 1.230484 -9.666905 0.16446 0.25433 0.32119
vt 0.653636 0.892678
vn -0.902357 0.000801 0.430988
f 7120/7120/7120 7121/7121/7121 7122/7122/7122
v -2.916652 0.254226 -9.132782 0.17654 0.27546 0.33931
vt 0.660217 0.816421
vn -0.289044 -0.957316 0.000019
v -2.916652 0.254214 -9.737985 0.17654 0.27546 0.33931
vt 0.653185 0.816353
vn -0.289044 -0.957316 0.000019
v -2.882299 0.243844 -9.666036 0.17654 0.27546 0.33931
vt 0.654218 0.815343
vn -0.289044 -0.957316 0.000019
f 7123/7123/7123 7124/7124/7124 7125/7125/7125
v -2.916652 0.254226 -9.132782 0.15842 0.25735 0.32119
vt 0.660217 0.816421
vn -0.289041 -0.957317 0.000019
v -2.882299 0.243844 -9.666036 0.15842 0.25735 0.32119
vt 0.654218 0.815343
vn -0.289041 -0.957317 0.000019
v -2.882299 0.243853 -9.204700 0.15842 0.25735 0.32119
vt 0.659205 0.815394
vn -0.289041 -0.957317 0.000019
f 7126/7126/7126 7127/7127/7127 7128/7128/7128
v -2.916652 0.254214 -9.737985 0.72610 0.18185 0.14606
vt 0.653185 0.816353
vn -0.902358 0.001026 0.430986
v -2.916836 -0.164640 -9.737375 0.72610 0.18185 0.14606
vt 0.653547 0.783358
vn -0.902358 0.001026 0.430986
v -2.882475 -0.154273 -9.665456 0.72610 0.18185 0.14606
vt 0.654558 0.784385
vn -0.902358 0.001026 0.430986
f 7129/7129/7129 7130/7130/7130 7131/7131/7131
v -2.916652 0.254214 -9.737985 0.75932 0.20299 0.19135
vt 0.653185 0.816353
vn -0.902358 0.001026 0.430987
v -2.882475 -0.154273 -9.665456 0.75932 0.20299 0.19135
vt 0.654558 0.784385
vn -0.902358 0.001026 0.430987
v -2.882299 0.243844 -9.666036 0.75932 0.20299 0.19135
vt 0.654218 0.815343
vn -0.902358 0.001026 0.430987
f 7132/7132/7132 7133/7133/7133 7134/7134/7134
v -2.916836 -0.164640 -9.737375 0.74724 0.18487 0.16115
vt 0.653547 0.783358
vn -0.288811 0.957386 -0.000019
v -2.916836 -0.164628 -9.132172 0.74724 0.18487 0.16115
vt 0.660575 0.783425
vn -0.288811 0.957386 -0.000019
v -2.882475 -0.154264 -9.204121 0.74724 0.18487 0.16115
vt 0.659544 0.784435
vn -0.288811 0.957386 -0.000019
f 7135/7135/7135 7136/7136/7136 7137/7137/7137
v -2.916836 -0.164640 -9.737375 0.74120 0.19393 0.16115
vt 0.653547 0.783358
vn -0.288808 0.957387 -0.000019
v -2.882475 -0.154264 -9.204121 0.74120 0.19393 0.16115
vt 0.659544 0.784435
vn -0.288808 0.957387 -0.000019
v -2.882475 -0.154273 -9.665456 0.74120 0.19393 0.16115
vt 0.654558 0.784385
vn -0.288808 0.957387 -0.000019
f 7138/7138/7138 7139/7139/7139 7140/7140/7140
v -2.916836 -0.164628 -9.132172 0.71101 0.23319 0.19437
vt 0.660575 0.783425
vn -0.902358 -0.000230 -0.430987
v -2.916652 0.254226 -9.132782 0.71101 0.23319 0.19437
vt 0.660217 0.816421
vn -0.902358 -0.000230 -0.430987
v -2.882299 0.243853 -9.204700 0.71101 0.23319 0.19437
vt 0.659205 0.815394
vn -0.902358 -0.000230 -0.430987
f 7141/7141/7141 7142/7142/7142 7143/7143/7143
v -2.916836 -0.164628 -9.132172 0.73818 0.16676 0.15512
vt 0.660575 0.783425
vn -0.902359 -0.000229 -0.430986
v -2.882299 0.243853 -9.204700 0.73818 0.16676 0.15512
vt 0.659205 0.815394
vn -0.902359 -0.000229 -0.430986
v -2.882475 -0.154264 -9.204121 0.73818 0.16676 0.15512
vt 0.659544 0.784435
vn -0.902359 -0.000229 -0.430986
f 7144/7144/7144 7145/7145/7145 7146/7146/7146
v 2.193989 -2.410212 12.409741 0.91030 0.91260 0.89190
vt 0.287330 0.418724
vn 0.867479 -0.434508 0.242246
v 2.335088 -2.417643 11.891135 0.91030 0.91260 0.89190
vt 0.299223 0.417237
vn 0.867479 -0.434508 0.242246
v 2.584486 -1.743562 12.207121 0.91030 0.91260 0.89190
vt 0.329545 0.448434
vn 0.867479 -0.434508 0.242246
f 7147/7147/7147 7148/7148/7148 7149/7149/7149
v 2.193989 -2.410212 12.409741 0.91030 0.91260 0.89190
vt 0.287330 0.418724
vn 0.870179 -0.446157 0.209123
v 2.584486 -1.743562 12.207121 0.91030 0.91260 0.89190
vt 0.329545 0.448434
vn 0.870179 -0.446157 0.209123
v 2.448509 -1.730528 12.800742 0.91030 0.91260 0.89190
vt 0.314961 0.450574
vn 0.870179 -0.446157 0.209123
f 7150/7150/7150 7151/7151/7151 7152/7152/7152
