# Derivative; see ATTRIBUTION.md. Metres, Y up.
v 4.659617 1.164904 1.747356 0.82273 0.82503 0.80433
vt 0.279305 0.814651
vn 0.000000 -1.000000 0.000000
v 5.242069 1.164904 2.329809 0.82273 0.82503 0.80433
vt 0.278431 0.816002
vn 0.000000 -1.000000 0.000000
v 4.659617 1.164904 2.329809 0.82273 0.82503 0.80433
vt 0.278899 0.814887
vn 0.000000 -1.000000 0.000000
f 1/1/1 2/2/2 3/3/3
v 5.242069 1.164904 2.329809 0.82273 0.82503 0.80433
vt 0.278431 0.816002
vn 0.000000 -1.000000 -0.000000
v 4.659617 1.164904 1.747356 0.82273 0.82503 0.80433
vt 0.279305 0.814651
vn 0.000000 -1.000000 -0.000000
v 5.242069 1.164904 1.747356 0.82273 0.82503 0.80433
vt 0.278881 0.815663
vn 0.000000 -1.000000 -0.000000
f 4/4/4 5/5/5 6/6/6
v 5.242069 1.164904 1.747356 0.82273 0.82503 0.80433
vt 0.278881 0.815663
vn 1.000000 0.000000 0.000000
v 5.242069 1.747356 2.329809 0.82273 0.82503 0.80433
vt 0.278015 0.816597
vn 1.000000 0.000000 0.000000
v 5.242069 1.164904 2.329809 0.82273 0.82503 0.80433
vt 0.278431 0.816002
vn 1.000000 0.000000 0.000000
f 7/7/7 8/8/8 9/9/9
v 5.242069 1.747356 2.329809 0.82273 0.82503 0.80433
vt 0.278015 0.816597
vn 1.000000 0.000000 0.000000
v 5.242069 1.164904 1.747356 0.82273 0.82503 0.80433
vt 0.278881 0.815663
vn 1.000000 0.000000 0.000000
v 5.242069 1.747356 1.747356 0.82273 0.82503 0.80433
vt 0.278505 0.816202
vn 1.000000 0.000000 0.000000
f 10/10/10 11/11/11 12/12/12
v 5.242069 1.747356 1.747356 0.82273 0.82503 0.80433
vt 0.278223 0.816200
vn 0.000000 1.000000 -0.000000
v 4.659617 1.747356 2.329809 0.82273 0.82503 0.80433
vt 0.277534 0.815995
vn 0.000000 1.000000 -0.000000
v 5.242069 1.747356 2.329809 0.82273 0.82503 0.80433
vt 0.277704 0.816595
vn 0.000000 1.000000 -0.000000
f 13/13/13 14/14/14 15/15/15
v 4.659617 1.747356 2.329809 0.82273 0.82503 0.80433
vt 0.277534 0.815995
vn 0.000000 1.000000 0.000000
v 5.242069 1.747356 1.747356 0.82273 0.82503 0.80433
vt 0.278223 0.816200
vn 0.000000 1.000000 0.000000
v 4.659617 1.747356 1.747356 0.82273 0.82503 0.80433
vt 0.278069 0.815655
vn 0.000000 1.000000 0.000000
f 16/16/16 17/17/17 18/18/18
v 4.077165 1.164904 1.747356 0.82273 0.82503 0.80433
vt 0.280508 0.807801
vn 0.000000 -1.000000 0.000000
v 4.659617 1.164904 2.329809 0.82273 0.82503 0.80433
vt 0.280229 0.808464
vn 0.000000 -1.000000 0.000000
v 4.077165 1.164904 2.329809 0.82273 0.82503 0.80433
vt 0.280225 0.807339
vn 0.000000 -1.000000 0.000000
f 19/19/19 20/20/20 21/21/21
v 4.659617 1.164904 2.329809 0.82273 0.82503 0.80433
vt 0.280229 0.808464
vn 0.000000 -1.000000 -0.000000
v 4.077165 1.164904 1.747356 0.82273 0.82503 0.80433
vt 0.280508 0.807801
vn 0.000000 -1.000000 -0.000000
v 4.659617 1.164904 1.747356 0.82273 0.82503 0.80433
vt 0.280511 0.808822
vn 0.000000 -1.000000 -0.000000
f 22/22/22 23/23/23 24/24/24
v 4.077165 1.747356 1.747356 0.82273 0.82503 0.80433
vt 0.280080 0.807234
vn -1.000000 0.000000 0.000000
v 4.077165 1.164904 2.329809 0.82273 0.82503 0.80433
vt 0.280059 0.806730
vn -1.000000 0.000000 0.000000
v 4.077165 1.747356 2.329809 0.82273 0.82503 0.80433
vt 0.279752 0.806712
vn -1.000000 0.000000 0.000000
f 25/25/25 26/26/26 27/27/27
v 4.077165 1.164904 2.329809 0.82273 0.82503 0.80433
vt 0.280059 0.806730
vn -1.000000 0.000000 0.000000
v 4.077165 1.747356 1.747356 0.82273 0.82503 0.80433
vt 0.280080 0.807234
vn -1.000000 0.000000 0.000000
v 4.077165 1.164904 1.747356 0.82273 0.82503 0.80433
vt 0.280358 0.807249
vn -1.000000 0.000000 0.000000
f 28/28/28 29/29/29 30/30/30
v 4.659617 1.747356 1.747356 0.82273 0.82503 0.80433
vt 0.278855 0.810130
vn 0.000000 1.000000 -0.000000
v 4.077165 1.747356 2.329809 0.82273 0.82503 0.80433
vt 0.278869 0.808399
vn 0.000000 1.000000 -0.000000
v 4.659617 1.747356 2.329809 0.82273 0.82503 0.80433
vt 0.278400 0.809903
vn 0.000000 1.000000 -0.000000
f 31/31/31 32/32/32 33/33/33
v 4.077165 1.747356 2.329809 0.82273 0.82503 0.80433
vt 0.278869 0.808399
vn 0.000000 1.000000 0.000000
v 4.659617 1.747356 1.747356 0.82273 0.82503 0.80433
vt 0.278855 0.810130
vn 0.000000 1.000000 0.000000
v 4.077165 1.747356 1.747356 0.82273 0.82503 0.80433
vt 0.279280 0.808765
vn 0.000000 1.000000 0.000000
f 34/34/34 35/35/35 36/36/36
v 4.659617 2.329809 2.329809 0.82273 0.82503 0.80433
vt 0.271823 0.810510
vn 0.000000 1.000000 -0.000000
v 4.077165 2.329809 3.494713 0.82273 0.82503 0.80433
vt 0.262080 0.805622
vn 0.000000 1.000000 -0.000000
v 4.659617 2.329809 3.494713 0.82273 0.82503 0.80433
vt 0.261258 0.808997
vn 0.000000 1.000000 -0.000000
f 37/37/37 38/38/38 39/39/39
v 4.077165 2.329809 3.494713 0.82273 0.82503 0.80433
vt 0.262080 0.805622
vn 0.000000 1.000000 0.000000
v 4.659617 2.329809 2.329809 0.82273 0.82503 0.80433
vt 0.271823 0.810510
vn 0.000000 1.000000 0.000000
v 4.077165 2.329809 2.329809 0.82273 0.82503 0.80433
vt 0.272494 0.807640
vn 0.000000 1.000000 0.000000
f 40/40/40 41/41/41 42/42/42
v 5.242069 1.747356 2.329809 0.82273 0.82503 0.80433
vt 0.271670 0.819058
vn 1.000000 0.000000 -0.000000
v 5.242069 1.747356 3.494713 0.82273 0.82503 0.80433
vt 0.261320 0.818883
vn 1.000000 0.000000 -0.000000
v 5.242069 1.164904 3.494713 0.82273 0.82503 0.80433
vt 0.262148 0.817742
vn 1.000000 0.000000 -0.000000
f 43/43/43 44/44/44 45/45/45
v 5.242069 1.164904 3.494713 0.82273 0.82503 0.80433
vt 0.262148 0.817742
vn 1.000000 0.000000 0.000000
v 5.242069 1.164904 2.329809 0.82273 0.82503 0.80433
vt 0.272303 0.818120
vn 1.000000 0.000000 0.000000
v 5.242069 1.747356 2.329809 0.82273 0.82503 0.80433
vt 0.271670 0.819058
vn 1.000000 0.000000 0.000000
f 46/46/46 47/47/47 48/48/48
v 5.242069 2.329809 3.494713 0.82273 0.82503 0.80433
vt 0.260338 0.815406
vn 1.000000 0.000000 0.000000
v 5.242069 1.747356 2.329809 0.82273 0.82503 0.80433
vt 0.270985 0.817932
vn 1.000000 0.000000 0.000000
v 5.242069 2.329809 2.329809 0.82273 0.82503 0.80433
vt 0.271019 0.815993
vn 1.000000 0.000000 0.000000
f 49/49/49 50/50/50 51/51/51
v 4.077165 1.164904 2.329809 0.82273 0.82503 0.80433
vt 0.275227 0.805573
vn -1.000000 0.000000 0.000000
v 4.077165 0.582452 3.494713 0.82273 0.82503 0.80433
vt 0.265714 0.803025
vn -1.000000 0.000000 0.000000
v 4.077165 1.164904 3.494713 0.82273 0.82503 0.80433
vt 0.265707 0.800792
vn -1.000000 0.000000 0.000000
f 52/52/52 53/53/53 54/54/54
v 4.659617 1.164904 2.912261 0.26108 0.52005 0.63221
vt 0.260740 0.256675
vn -1.000000 0.000000 0.000000
v 4.659617 1.747356 2.329809 0.26108 0.52005 0.63221
vt 0.263495 0.256698
vn -1.000000 0.000000 0.000000
v 4.659617 1.164904 2.329809 0.26108 0.52005 0.63221
vt 0.263653 0.256858
vn -1.000000 0.000000 0.000000
f 55/55/55 56/56/56 57/57/57
v 4.659617 1.747356 2.329809 0.26108 0.52005 0.63221
vt 0.263495 0.256698
vn -1.000000 0.000000 0.000000
v 4.659617 1.164904 2.912261 0.26108 0.52005 0.63221
vt 0.260740 0.256675
vn -1.000000 0.000000 0.000000
v 4.659617 1.747356 2.912261 0.26108 0.52005 0.63221
vt 0.260581 0.256515
vn -1.000000 0.000000 0.000000
f 58/58/58 59/59/59 60/60/60
v 5.242069 1.164904 2.329809 0.82273 0.82503 0.80433
vt 0.273033 0.816301
vn 1.000000 0.000000 -0.000000
v 5.242069 1.164904 3.494713 0.82273 0.82503 0.80433
vt 0.263080 0.815577
vn 1.000000 0.000000 -0.000000
v 5.242069 0.582452 3.494713 0.82273 0.82503 0.80433
vt 0.264003 0.812656
vn 1.000000 0.000000 -0.000000
f 61/61/61 62/62/62 63/63/63
v 5.242069 1.747356 2.329809 0.82273 0.82503 0.80433
vt 0.270985 0.817932
vn 1.000000 0.000000 0.000000
v 5.242069 2.329809 3.494713 0.82273 0.82503 0.80433
vt 0.260354 0.817649
vn 1.000000 0.000000 0.000000
v 5.242069 1.747356 3.494713 0.82273 0.82503 0.80433
vt 0.260696 0.818854
vn 1.000000 0.000000 0.000000
f 64/64/64 65/65/65 66/66/66
v 4.077165 1.747356 2.329809 0.82273 0.82503 0.80433
vt 0.274600 0.802457
vn -0.666667 -0.666667 -0.333333
v 4.077165 1.164904 3.494713 0.82273 0.82503 0.80433
vt 0.265381 0.799556
vn -0.666667 -0.666667 -0.333333
v 3.494713 1.747356 3.494713 0.82273 0.82503 0.80433
vt 0.264773 0.799470
vn -0.666667 -0.666667 -0.333333
f 67/67/67 68/68/68 69/69/69
v 4.077165 1.164904 3.494713 0.82273 0.82503 0.80433
vt 0.265381 0.799556
vn -1.000000 0.000000 0.000000
v 4.077165 1.747356 2.329809 0.82273 0.82503 0.80433
vt 0.274600 0.802457
vn -1.000000 0.000000 0.000000
v 4.077165 1.164904 2.329809 0.82273 0.82503 0.80433
vt 0.275048 0.802558
vn -1.000000 0.000000 0.000000
f 70/70/70 71/71/71 72/72/72
v 5.242069 1.164904 2.329809 0.82273 0.82503 0.80433
vt 0.273772 0.813823
vn 0.000000 -0.894427 -0.447214
v 5.242069 0.582452 3.494713 0.82273 0.82503 0.80433
vt 0.264003 0.812656
vn 0.000000 -0.894427 -0.447214
v 4.659617 0.582452 3.494713 0.82273 0.82503 0.80433
vt 0.264808 0.809328
vn 0.000000 -0.894427 -0.447214
f 73/73/73 74/74/74 75/75/75
v 4.659617 0.582452 3.494713 0.82273 0.82503 0.80433
vt 0.264808 0.809328
vn 0.000000 -0.894427 -0.447214
v 4.659617 1.164904 2.329809 0.82273 0.82503 0.80433
vt 0.274433 0.810984
vn 0.000000 -0.894427 -0.447214
v 5.242069 1.164904 2.329809 0.82273 0.82503 0.80433
vt 0.273772 0.813823
vn 0.000000 -0.894427 -0.447214
f 76/76/76 77/77/77 78/78/78
v 4.077165 1.747356 2.329809 0.82273 0.82503 0.80433
vt 0.273973 0.803356
vn 0.000000 1.000000 -0.000000
v 3.494713 1.747356 3.494713 0.82273 0.82503 0.80433
vt 0.264773 0.799470
vn 0.000000 1.000000 -0.000000
v 4.077165 1.747356 3.494713 0.82273 0.82503 0.80433
vt 0.263952 0.800555
vn 0.000000 1.000000 -0.000000
f 79/79/79 80/80/80 81/81/81
v 4.077165 1.164904 2.912261 0.26108 0.52005 0.63221
vt 0.261213 0.253978
vn 0.000000 1.000000 0.000000
v 4.659617 1.164904 2.329809 0.26108 0.52005 0.63221
vt 0.264165 0.254790
vn 0.000000 1.000000 0.000000
v 4.077165 1.164904 2.329809 0.26108 0.52005 0.63221
vt 0.264123 0.254160
vn 0.000000 1.000000 0.000000
f 82/82/82 83/83/83 84/84/84
v 4.659617 1.164904 2.329809 0.26108 0.52005 0.63221
vt 0.264165 0.254790
vn 0.000000 1.000000 -0.000000
v 4.077165 1.164904 2.912261 0.26108 0.52005 0.63221
vt 0.261213 0.253978
vn 0.000000 1.000000 -0.000000
v 4.659617 1.164904 2.912261 0.26108 0.52005 0.63221
vt 0.261256 0.254608
vn 0.000000 1.000000 -0.000000
f 85/85/85 86/86/86 87/87/87
v 5.242069 2.329809 2.329809 0.82273 0.82503 0.80433
vt 0.271019 0.815993
vn 0.000000 1.000000 -0.000000
v 4.659617 2.329809 3.494713 0.82273 0.82503 0.80433
vt 0.260652 0.812398
vn 0.000000 1.000000 -0.000000
v 5.242069 2.329809 3.494713 0.82273 0.82503 0.80433
vt 0.260338 0.815406
vn 0.000000 1.000000 -0.000000
f 88/88/88 89/89/89 90/90/90
v 4.659617 2.329809 3.494713 0.82273 0.82503 0.80433
vt 0.260652 0.812398
vn 0.000000 1.000000 0.000000
v 5.242069 2.329809 2.329809 0.82273 0.82503 0.80433
vt 0.271019 0.815993
vn 0.000000 1.000000 0.000000
v 4.659617 2.329809 2.329809 0.82273 0.82503 0.80433
vt 0.271310 0.813413
vn 0.000000 1.000000 0.000000
f 91/91/91 92/92/92 93/93/93
v 4.077165 1.747356 2.329809 0.82273 0.82503 0.80433
vt 0.273241 0.805155
vn -1.000000 0.000000 0.000000
v 4.077165 1.747356 3.494713 0.82273 0.82503 0.80433
vt 0.263952 0.800555
vn -1.000000 0.000000 0.000000
v 4.077165 2.329809 3.494713 0.82273 0.82503 0.80433
vt 0.263016 0.802689
vn -1.000000 0.000000 0.000000
f 94/94/94 95/95/95 96/96/96
v 4.077165 1.164904 2.912261 0.26108 0.52005 0.63221
vt 0.261119 0.253447
vn 1.000000 0.000000 0.000000
v 4.077165 1.164904 2.329809 0.26108 0.52005 0.63221
vt 0.264030 0.253629
vn 1.000000 0.000000 0.000000
v 4.077165 1.747356 2.329809 0.26108 0.52005 0.63221
vt 0.263896 0.253259
vn 1.000000 0.000000 0.000000
f 97/97/97 98/98/98 99/99/99
v 4.077165 1.747356 2.329809 0.26108 0.52005 0.63221
vt 0.263896 0.253259
vn 1.000000 0.000000 -0.000000
v 4.077165 1.747356 2.912261 0.26108 0.52005 0.63221
vt 0.260983 0.253077
vn 1.000000 0.000000 -0.000000
v 4.077165 1.164904 2.912261 0.26108 0.52005 0.63221
vt 0.261119 0.253447
vn 1.000000 0.000000 -0.000000
f 100/100/100 101/101/101 102/102/102
v 4.659617 1.164904 2.329809 0.82273 0.82503 0.80433
vt 0.274938 0.808121
vn 0.000000 -0.894427 -0.447214
v 4.659617 0.582452 3.494713 0.82273 0.82503 0.80433
vt 0.265402 0.805987
vn 0.000000 -0.894427 -0.447214
v 4.077165 0.582452 3.494713 0.82273 0.82503 0.80433
vt 0.265714 0.803025
vn 0.000000 -0.894427 -0.447214
f 103/103/103 104/104/104 105/105/105
v 4.077165 0.582452 3.494713 0.82273 0.82503 0.80433
vt 0.265714 0.803025
vn 0.000000 -0.894427 -0.447214
v 4.077165 1.164904 2.329809 0.82273 0.82503 0.80433
vt 0.275227 0.805573
vn 0.000000 -0.894427 -0.447214
v 4.659617 1.164904 2.329809 0.82273 0.82503 0.80433
vt 0.274938 0.808121
vn 0.000000 -0.894427 -0.447214
f 106/106/106 107/107/107 108/108/108
v 4.077165 1.747356 2.912261 0.26108 0.52005 0.63221
vt 0.260659 0.252979
vn 0.000000 -1.000000 0.000000
v 4.077165 1.747356 2.329809 0.26108 0.52005 0.63221
vt 0.263575 0.253161
vn 0.000000 -1.000000 0.000000
v 4.659617 1.747356 2.329809 0.26108 0.52005 0.63221
vt 0.263427 0.253445
vn 0.000000 -1.000000 0.000000
f 109/109/109 110/110/110 111/111/111
v 4.659617 1.747356 2.329809 0.26108 0.52005 0.63221
vt 0.263427 0.253445
vn 0.000000 -1.000000 0.000000
v 4.659617 1.747356 2.912261 0.26108 0.52005 0.63221
vt 0.260509 0.253263
vn 0.000000 -1.000000 0.000000
v 4.077165 1.747356 2.912261 0.26108 0.52005 0.63221
vt 0.260659 0.252979
vn 0.000000 -1.000000 0.000000
f 112/112/112 113/113/113 114/114/114
v 4.077165 2.329809 3.494713 0.82273 0.82503 0.80433
vt 0.263016 0.802689
vn -1.000000 0.000000 -0.000000
v 4.077165 2.329809 2.329809 0.82273 0.82503 0.80433
vt 0.272494 0.807640
vn -1.000000 0.000000 -0.000000
v 4.077165 1.747356 2.329809 0.82273 0.82503 0.80433
vt 0.273241 0.805155
vn -1.000000 0.000000 -0.000000
f 115/115/115 116/116/116 117/117/117
v 5.242069 2.329809 5.824521 0.26108 0.52005 0.63221
vt 0.244337 0.254218
vn 0.000000 0.000000 1.000000
v 4.659617 2.329809 5.824521 0.26108 0.52005 0.63221
vt 0.244217 0.254157
vn 0.000000 0.000000 1.000000
v 5.242069 1.747356 5.824521 0.26108 0.52005 0.63221
vt 0.244304 0.255307
vn 0.000000 0.000000 1.000000
f 118/118/118 119/119/119 120/120/120
v 4.659617 1.747356 2.912261 0.26108 0.52005 0.63221
vt 0.260581 0.256515
vn 0.000000 0.000000 1.000000
v 4.659617 1.164904 2.912261 0.26108 0.52005 0.63221
vt 0.260740 0.256675
vn 0.000000 0.000000 1.000000
v 5.242069 1.164904 2.912261 0.26108 0.52005 0.63221
vt 0.260119 0.257721
vn 0.000000 0.000000 1.000000
f 121/121/121 122/122/122 123/123/123
v 5.242069 1.164904 2.912261 0.26108 0.52005 0.63221
vt 0.260119 0.257721
vn 0.000000 -0.000000 1.000000
v 5.242069 1.747356 2.912261 0.26108 0.52005 0.63221
vt 0.259867 0.257470
vn 0.000000 -0.000000 1.000000
v 4.659617 1.747356 2.912261 0.26108 0.52005 0.63221
vt 0.260581 0.256515
vn 0.000000 -0.000000 1.000000
f 124/124/124 125/125/125 126/126/126
v 4.659617 1.747356 2.912261 0.26108 0.52005 0.63221
vt 0.260350 0.255615
vn 0.000000 0.000000 1.000000
v 5.242069 1.747356 2.912261 0.26108 0.52005 0.63221
vt 0.259501 0.256052
vn 0.000000 0.000000 1.000000
v 4.659617 2.329809 2.912261 0.26108 0.52005 0.63221
vt 0.259433 0.255056
vn 0.000000 0.000000 1.000000
f 127/127/127 128/128/128 129/129/129
v 4.659617 0.582452 5.824521 0.26108 0.52005 0.63221
vt 0.246378 0.254791
vn 0.000000 -0.000000 1.000000
v 4.659617 1.164904 5.824521 0.26108 0.52005 0.63221
vt 0.246019 0.254663
vn 0.000000 -0.000000 1.000000
v 4.077165 1.164904 5.824521 0.26108 0.52005 0.63221
vt 0.246042 0.253479
vn 0.000000 -0.000000 1.000000
f 130/130/130 131/131/131 132/132/132
v 4.659617 1.747356 2.912261 0.26108 0.52005 0.63221
vt 0.260391 0.253732
vn 0.000000 -0.000000 1.000000
v 4.659617 2.329809 2.912261 0.26108 0.52005 0.63221
vt 0.259566 0.253080
vn 0.000000 -0.000000 1.000000
v 4.077165 2.329809 2.912261 0.26108 0.52005 0.63221
vt 0.259752 0.252339
vn 0.000000 -0.000000 1.000000
f 133/133/133 134/134/134 135/135/135
v 4.659617 1.747356 2.912261 0.26108 0.52005 0.63221
vt 0.260509 0.253263
vn 0.000000 0.000000 1.000000
v 4.077165 2.329809 2.912261 0.26108 0.52005 0.63221
vt 0.259752 0.252339
vn 0.000000 0.000000 1.000000
v 4.077165 1.747356 2.912261 0.26108 0.52005 0.63221
vt 0.259989 0.251893
vn 0.000000 0.000000 1.000000
f 136/136/136 137/137/137 138/138/138
v 4.659617 1.164904 5.824521 0.26108 0.52005 0.63221
vt 0.245889 0.255746
vn -0.000000 0.000000 1.000000
v 4.659617 0.582452 5.824521 0.26108 0.52005 0.63221
vt 0.246231 0.256017
vn -0.000000 0.000000 1.000000
v 5.242069 1.164904 5.824521 0.26108 0.52005 0.63221
vt 0.245980 0.256982
vn -0.000000 0.000000 1.000000
f 139/139/139 140/140/140 141/141/141
v 4.659617 2.329809 5.242069 0.26108 0.52005 0.63221
vt 0.245588 0.252206
vn 0.000000 -1.000000 0.000000
v 4.659617 2.329809 5.824521 0.26108 0.52005 0.63221
vt 0.244694 0.252150
vn 0.000000 -1.000000 0.000000
v 4.077165 2.329809 5.824521 0.26108 0.52005 0.63221
vt 0.244887 0.251410
vn 0.000000 -1.000000 0.000000
f 142/142/142 143/143/143 144/144/144
v 4.077165 2.329809 5.824521 0.26108 0.52005 0.63221
vt 0.244887 0.251410
vn 0.000000 -1.000000 0.000000
v 4.077165 2.329809 5.242069 0.26108 0.52005 0.63221
vt 0.245780 0.251466
vn 0.000000 -1.000000 0.000000
v 4.659617 2.329809 5.242069 0.26108 0.52005 0.63221
vt 0.245588 0.252206
vn 0.000000 -1.000000 0.000000
f 145/145/145 146/146/146 147/147/147
v 4.659617 1.164904 2.329809 0.82273 0.82503 0.80433
vt 0.278896 0.814288
vn 0.000000 1.000000 0.000000
v 5.242069 1.164904 1.747356 0.82273 0.82503 0.80433
vt 0.278881 0.815663
vn 0.000000 1.000000 0.000000
v 4.659617 1.164904 1.747356 0.82273 0.82503 0.80433
vt 0.279305 0.814651
vn 0.000000 1.000000 0.000000
f 148/148/148 149/149/149 150/150/150
v 4.077165 2.329809 5.242069 0.26108 0.52005 0.63221
vt 0.245780 0.251466
vn 1.000000 0.000000 -0.000000
v 4.077165 2.329809 5.824521 0.26108 0.52005 0.63221
vt 0.244887 0.251410
vn 1.000000 0.000000 -0.000000
v 4.077165 1.747356 5.824521 0.26108 0.52005 0.63221
vt 0.245136 0.250964
vn 1.000000 0.000000 -0.000000
f 151/151/151 152/152/152 153/153/153
v 4.077165 1.747356 5.824521 0.26108 0.52005 0.63221
vt 0.245136 0.250964
vn 1.000000 0.000000 0.000000
v 4.077165 1.747356 5.242069 0.26108 0.52005 0.63221
vt 0.246029 0.251020
vn 1.000000 0.000000 0.000000
v 4.077165 2.329809 5.242069 0.26108 0.52005 0.63221
vt 0.245780 0.251466
vn 1.000000 0.000000 0.000000
f 154/154/154 155/155/155 156/156/156
v 4.659617 1.164904 2.329809 0.82273 0.82503 0.80433
vt 0.278515 0.815196
vn -0.707107 0.000000 -0.707107
v 5.242069 1.747356 1.747356 0.82273 0.82503 0.80433
vt 0.278505 0.816202
vn -0.707107 0.000000 -0.707107
v 5.242069 1.164904 1.747356 0.82273 0.82503 0.80433
vt 0.278881 0.815663
vn -0.707107 0.000000 -0.707107
f 157/157/157 158/158/158 159/159/159
v 5.242069 1.747356 1.747356 0.82273 0.82503 0.80433
vt 0.278505 0.816202
vn -0.707107 0.000000 -0.707107
v 4.659617 1.164904 2.329809 0.82273 0.82503 0.80433
vt 0.278515 0.815196
vn -0.707107 0.000000 -0.707107
v 4.659617 1.747356 2.329809 0.82273 0.82503 0.80433
vt 0.278176 0.815679
vn -0.707107 0.000000 -0.707107
f 160/160/160 161/161/161 162/162/162
v 5.242069 1.747356 5.242069 0.26108 0.52005 0.63221
vt 0.245529 0.255178
vn -0.707107 -0.707107 0.000000
v 5.242069 1.747356 5.824521 0.26108 0.52005 0.63221
vt 0.244636 0.255122
vn -0.707107 -0.707107 0.000000
v 4.659617 2.329809 5.824521 0.26108 0.52005 0.63221
vt 0.244561 0.254126
vn -0.707107 -0.707107 0.000000
f 163/163/163 164/164/164 165/165/165
v 4.659617 2.329809 5.824521 0.26108 0.52005 0.63221
vt 0.244561 0.254126
vn -0.707107 -0.707107 -0.000000
v 4.659617 2.329809 5.242069 0.26108 0.52005 0.63221
vt 0.245454 0.254181
vn -0.707107 -0.707107 -0.000000
v 5.242069 1.747356 5.242069 0.26108 0.52005 0.63221
vt 0.245529 0.255178
vn -0.707107 -0.707107 -0.000000
f 166/166/166 167/167/167 168/168/168
v 4.659617 1.747356 2.329809 0.82273 0.82503 0.80433
vt 0.277923 0.815676
vn 0.000000 -1.000000 0.000000
v 4.659617 1.747356 1.747356 0.82273 0.82503 0.80433
vt 0.278069 0.815655
vn 0.000000 -1.000000 0.000000
v 5.242069 1.747356 1.747356 0.82273 0.82503 0.80433
vt 0.278223 0.816200
vn 0.000000 -1.000000 0.000000
f 169/169/169 170/170/170 171/171/171
v 4.077165 1.747356 5.242069 0.26108 0.52005 0.63221
vt 0.246569 0.251179
vn 1.000000 0.000000 -0.000000
v 4.077165 1.747356 5.824521 0.26108 0.52005 0.63221
vt 0.245678 0.251123
vn 1.000000 0.000000 -0.000000
v 4.077165 1.164904 5.824521 0.26108 0.52005 0.63221
vt 0.245906 0.251707
vn 1.000000 0.000000 -0.000000
f 172/172/172 173/173/173 174/174/174
v 4.077165 1.164904 5.824521 0.26108 0.52005 0.63221
vt 0.245906 0.251707
vn 1.000000 0.000000 0.000000
v 4.077165 1.164904 5.242069 0.26108 0.52005 0.63221
vt 0.246795 0.251763
vn 1.000000 0.000000 0.000000
v 4.077165 1.747356 5.242069 0.26108 0.52005 0.63221
vt 0.246569 0.251179
vn 1.000000 0.000000 0.000000
f 175/175/175 176/176/176 177/177/177
v 4.077165 1.164904 2.329809 0.82273 0.82503 0.80433
vt 0.279977 0.808136
vn 0.000000 1.000000 0.000000
v 4.659617 1.164904 1.747356 0.82273 0.82503 0.80433
vt 0.280511 0.808822
vn 0.000000 1.000000 0.000000
v 4.077165 1.164904 1.747356 0.82273 0.82503 0.80433
vt 0.280508 0.807801
vn 0.000000 1.000000 0.000000
f 178/178/178 179/179/179 180/180/180
v 4.659617 1.164904 1.747356 0.82273 0.82503 0.80433
vt 0.280511 0.808822
vn 0.000000 1.000000 -0.000000
v 4.077165 1.164904 2.329809 0.82273 0.82503 0.80433
vt 0.279977 0.808136
vn 0.000000 1.000000 -0.000000
v 4.659617 1.164904 2.329809 0.82273 0.82503 0.80433
vt 0.279980 0.809053
vn 0.000000 1.000000 -0.000000
f 181/181/181 182/182/182 183/183/183
v 5.242069 1.747356 5.242069 0.26108 0.52005 0.63221
vt 0.245918 0.256597
vn -1.000000 0.000000 0.000000
v 5.242069 1.164904 5.824521 0.26108 0.52005 0.63221
vt 0.245295 0.256794
vn -1.000000 0.000000 0.000000
v 5.242069 1.747356 5.824521 0.26108 0.52005 0.63221
vt 0.245027 0.256541
vn -1.000000 0.000000 0.000000
f 184/184/184 185/185/185 186/186/186
v 5.242069 1.164904 5.824521 0.26108 0.52005 0.63221
vt 0.245295 0.256794
vn -1.000000 0.000000 0.000000
v 5.242069 1.747356 5.242069 0.26108 0.52005 0.63221
vt 0.245918 0.256597
vn -1.000000 0.000000 0.000000
v 5.242069 1.164904 5.242069 0.26108 0.52005 0.63221
vt 0.246185 0.256849
vn -1.000000 0.000000 0.000000
f 187/187/187 188/188/188 189/189/189
v 4.659617 1.164904 5.242069 0.26108 0.52005 0.63221
vt 0.247009 0.254620
vn 0.000000 1.000000 -0.000000
v 4.077165 1.164904 5.824521 0.26108 0.52005 0.63221
vt 0.246141 0.253537
vn 0.000000 1.000000 -0.000000
v 4.659617 1.164904 5.824521 0.26108 0.52005 0.63221
vt 0.246121 0.254564
vn 0.000000 1.000000 -0.000000
f 190/190/190 191/191/191 192/192/192
v 4.077165 1.164904 5.824521 0.26108 0.52005 0.63221
vt 0.246141 0.253537
vn 0.000000 1.000000 0.000000
v 4.659617 1.164904 5.242069 0.26108 0.52005 0.63221
vt 0.247009 0.254620
vn 0.000000 1.000000 0.000000
v 4.077165 1.164904 5.242069 0.26108 0.52005 0.63221
vt 0.247029 0.253593
vn 0.000000 1.000000 0.000000
f 193/193/193 194/194/194 195/195/195
v 4.077165 1.747356 2.329809 0.82273 0.82503 0.80433
vt 0.279591 0.807628
vn 1.000000 0.000000 0.000000
v 4.077165 1.164904 1.747356 0.82273 0.82503 0.80433
vt 0.280358 0.807249
vn 1.000000 0.000000 0.000000
v 4.077165 1.747356 1.747356 0.82273 0.82503 0.80433
vt 0.280080 0.807234
vn 1.000000 0.000000 0.000000
f 196/196/196 197/197/197 198/198/198
v 4.077165 1.164904 1.747356 0.82273 0.82503 0.80433
vt 0.280358 0.807249
vn 1.000000 0.000000 0.000000
v 4.077165 1.747356 2.329809 0.82273 0.82503 0.80433
vt 0.279591 0.807628
vn 1.000000 0.000000 0.000000
v 4.077165 1.164904 2.329809 0.82273 0.82503 0.80433
vt 0.279842 0.807641
vn 1.000000 0.000000 0.000000
f 199/199/199 200/200/200 201/201/201
v 5.242069 1.164904 5.242069 0.26108 0.52005 0.63221
vt 0.246458 0.256745
vn 0.000000 1.000000 -0.000000
v 4.659617 1.164904 5.824521 0.26108 0.52005 0.63221
vt 0.245816 0.256240
vn 0.000000 1.000000 -0.000000
v 5.242069 1.164904 5.824521 0.26108 0.52005 0.63221
vt 0.245569 0.256689
vn 0.000000 1.000000 -0.000000
f 202/202/202 203/203/203 204/204/204
v 4.659617 1.164904 5.824521 0.26108 0.52005 0.63221
vt 0.245816 0.256240
vn 0.000000 1.000000 0.000000
v 5.242069 1.164904 5.242069 0.26108 0.52005 0.63221
vt 0.246458 0.256745
vn 0.000000 1.000000 0.000000
v 4.659617 1.164904 5.242069 0.26108 0.52005 0.63221
vt 0.246705 0.256296
vn 0.000000 1.000000 0.000000
f 205/205/205 206/206/206 207/207/207
v 4.659617 1.747356 2.329809 0.82273 0.82503 0.80433
vt 0.278490 0.810228
vn 0.000000 -1.000000 -0.000000
v 4.077165 1.747356 1.747356 0.82273 0.82503 0.80433
vt 0.279280 0.808765
vn 0.000000 -1.000000 -0.000000
v 4.659617 1.747356 1.747356 0.82273 0.82503 0.80433
vt 0.278855 0.810130
vn 0.000000 -1.000000 -0.000000
f 208/208/208 209/209/209 210/210/210
v 4.077165 1.747356 1.747356 0.82273 0.82503 0.80433
vt 0.279280 0.808765
vn 0.000000 -1.000000 0.000000
v 4.659617 1.747356 2.329809 0.82273 0.82503 0.80433
vt 0.278490 0.810228
vn 0.000000 -1.000000 0.000000
v 4.077165 1.747356 2.329809 0.82273 0.82503 0.80433
vt 0.278872 0.809003
vn 0.000000 -1.000000 0.000000
f 211/211/211 212/212/212 213/213/213
v -4.659617 2.329809 4.659617 0.26108 0.52005 0.63221
vt 0.255567 0.208709
vn 0.000000 1.000000 0.000000
v -4.077165 2.329809 5.824521 0.26108 0.52005 0.63221
vt 0.249670 0.209925
vn 0.000000 1.000000 0.000000
v -4.077165 2.329809 4.659617 0.26108 0.52005 0.63221
vt 0.255532 0.210351
vn 0.000000 1.000000 0.000000
f 214/214/214 215/215/215 216/216/216
v -4.077165 2.329809 5.824521 0.26108 0.52005 0.63221
vt 0.249670 0.209925
vn 0.000000 1.000000 0.000000
v -4.659617 2.329809 4.659617 0.26108 0.52005 0.63221
vt 0.255567 0.208709
vn 0.000000 1.000000 0.000000
v -4.659617 2.329809 5.824521 0.26108 0.52005 0.63221
vt 0.249698 0.208575
vn 0.000000 1.000000 0.000000
f 217/217/217 218/218/218 219/219/219
v -5.242069 1.164904 4.659617 0.26108 0.52005 0.63221
vt 0.257579 0.206830
vn -1.000000 0.000000 0.000000
v -5.242069 1.747356 5.824521 0.26108 0.52005 0.63221
vt 0.251098 0.206219
vn -1.000000 0.000000 0.000000
v -5.242069 1.747356 4.659617 0.26108 0.52005 0.63221
vt 0.257237 0.205843
vn -1.000000 0.000000 0.000000
f 220/220/220 221/221/221 222/222/222
v -5.242069 1.747356 5.824521 0.26108 0.52005 0.63221
vt 0.251098 0.206219
vn -1.000000 -0.000000 0.000000
v -5.242069 1.164904 4.659617 0.26108 0.52005 0.63221
vt 0.257579 0.206830
vn -1.000000 -0.000000 0.000000
v -5.242069 1.164904 5.824521 0.26108 0.52005 0.63221
vt 0.251386 0.207031
vn -1.000000 -0.000000 0.000000
f 223/223/223 224/224/224 225/225/225
v -5.242069 2.329809 5.824521 0.26108 0.52005 0.63221
vt 0.250091 0.206432
vn -1.000000 -0.000000 -0.000000
v -5.242069 2.329809 4.659617 0.26108 0.52005 0.63221
vt 0.256418 0.205452
vn -1.000000 -0.000000 -0.000000
v -5.242069 1.747356 5.824521 0.26108 0.52005 0.63221
vt 0.250409 0.205898
vn -1.000000 -0.000000 -0.000000
f 226/226/226 227/227/227 228/228/228
v -4.077165 0.582452 4.659617 0.26108 0.52005 0.63221
vt 0.257424 0.214022
vn 1.000000 0.000000 0.000000
v -4.077165 1.164904 4.659617 0.26108 0.52005 0.63221
vt 0.257048 0.214677
vn 1.000000 0.000000 0.000000
v -4.077165 1.164904 5.824521 0.26108 0.52005 0.63221
vt 0.250950 0.213487
vn 1.000000 0.000000 0.000000
f 229/229/229 230/230/230 231/231/231
v -4.077165 2.329809 5.242069 0.26108 0.52005 0.63221
vt 0.250773 0.209926
vn -0.000000 -1.000000 0.000000
v -4.659617 2.329809 5.242069 0.26108 0.52005 0.63221
vt 0.250794 0.208895
vn -0.000000 -1.000000 0.000000
v -4.659617 2.329809 4.659617 0.26108 0.52005 0.63221
vt 0.255990 0.209217
vn -0.000000 -1.000000 0.000000
f 232/232/232 233/233/233 234/234/234
v -4.659617 2.329809 4.659617 0.26108 0.52005 0.63221
vt 0.255990 0.209217
vn 0.000000 -1.000000 0.000000
v -4.077165 2.329809 4.659617 0.26108 0.52005 0.63221
vt 0.255968 0.210248
vn 0.000000 -1.000000 0.000000
v -4.077165 2.329809 5.242069 0.26108 0.52005 0.63221
vt 0.250773 0.209926
vn 0.000000 -1.000000 0.000000
f 235/235/235 236/236/236 237/237/237
v -4.077165 1.747356 5.242069 0.26108 0.52005 0.63221
vt 0.250845 0.210935
vn -1.000000 0.000000 0.000000
v -4.077165 2.329809 5.242069 0.26108 0.52005 0.63221
vt 0.250773 0.209926
vn -1.000000 0.000000 0.000000
v -4.077165 2.329809 4.659617 0.26108 0.52005 0.63221
vt 0.255968 0.210248
vn -1.000000 0.000000 0.000000
f 238/238/238 239/239/239 240/240/240
v -4.077165 2.329809 4.659617 0.26108 0.52005 0.63221
vt 0.255968 0.210248
vn -1.000000 0.000000 0.000000
v -4.077165 1.747356 4.659617 0.26108 0.52005 0.63221
vt 0.256037 0.211257
vn -1.000000 0.000000 0.000000
v -4.077165 1.747356 5.242069 0.26108 0.52005 0.63221
vt 0.250845 0.210935
vn -1.000000 0.000000 0.000000
f 241/241/241 242/242/242 243/243/243
v -4.077165 1.164904 4.659617 0.26108 0.52005 0.63221
vt 0.257048 0.214677
vn 0.000000 -1.000000 0.000000
v -3.494713 1.164904 4.659617 0.26108 0.52005 0.63221
vt 0.256633 0.214779
vn 0.000000 -1.000000 0.000000
v -4.077165 1.164904 5.824521 0.26108 0.52005 0.63221
vt 0.250601 0.213570
vn 0.000000 -1.000000 0.000000
f 244/244/244 245/245/245 246/246/246
v -5.242069 1.164904 4.659617 0.26108 0.52005 0.63221
vt 0.257817 0.208205
vn -1.000000 0.000000 0.000000
v -5.242069 0.582452 4.659617 0.26108 0.52005 0.63221
vt 0.257925 0.209801
vn -1.000000 0.000000 0.000000
v -5.242069 1.164904 5.824521 0.26108 0.52005 0.63221
vt 0.251682 0.209476
vn -1.000000 0.000000 0.000000
f 247/247/247 248/248/248 249/249/249
v -5.242069 1.747356 4.659617 0.26108 0.52005 0.63221
vt 0.256834 0.205364
vn -1.000000 0.000000 0.000000
v -5.242069 1.747356 5.824521 0.26108 0.52005 0.63221
vt 0.250409 0.205898
vn -1.000000 0.000000 0.000000
v -5.242069 2.329809 4.659617 0.26108 0.52005 0.63221
vt 0.256418 0.205452
vn -1.000000 0.000000 0.000000
f 250/250/250 251/251/251 252/252/252
v -4.077165 1.747356 5.824521 0.26108 0.52005 0.63221
vt 0.250261 0.213186
vn 0.894427 0.000000 0.447214
v -4.077165 1.164904 5.824521 0.26108 0.52005 0.63221
vt 0.250601 0.213570
vn 0.894427 0.000000 0.447214
v -3.494713 1.164904 4.659617 0.26108 0.52005 0.63221
vt 0.256633 0.214779
vn 0.894427 0.000000 0.447214
f 253/253/253 254/254/254 255/255/255
v -3.494713 1.164904 4.659617 0.26108 0.52005 0.63221
vt 0.256633 0.214779
vn 0.894427 -0.000000 0.447214
v -3.494713 1.747356 4.659617 0.26108 0.52005 0.63221
vt 0.256229 0.214314
vn 0.894427 -0.000000 0.447214
v -4.077165 1.747356 5.824521 0.26108 0.52005 0.63221
vt 0.250261 0.213186
vn 0.894427 -0.000000 0.447214
f 256/256/256 257/257/257 258/258/258
v -4.659617 2.329809 5.242069 0.26108 0.52005 0.63221
vt 0.251094 0.207257
vn 0.707107 -0.707107 0.000000
v -5.242069 1.747356 5.242069 0.26108 0.52005 0.63221
vt 0.251336 0.206849
vn 0.707107 -0.707107 0.000000
v -5.242069 1.747356 4.659617 0.26108 0.52005 0.63221
vt 0.256524 0.207170
vn 0.707107 -0.707107 0.000000
f 259/259/259 260/260/260 261/261/261
v -5.242069 1.747356 4.659617 0.26108 0.52005 0.63221
vt 0.256524 0.207170
vn 0.707107 -0.707107 0.000000
v -4.659617 2.329809 4.659617 0.26108 0.52005 0.63221
vt 0.256286 0.207579
vn 0.707107 -0.707107 0.000000
v -4.659617 2.329809 5.242069 0.26108 0.52005 0.63221
vt 0.251094 0.207257
vn 0.707107 -0.707107 0.000000
f 262/262/262 263/263/263 264/264/264
v -4.077165 1.164904 4.659617 0.26108 0.52005 0.63221
vt 0.256659 0.213033
vn -1.000000 0.000000 0.000000
v -4.077165 1.747356 5.242069 0.26108 0.52005 0.63221
vt 0.251222 0.212417
vn -1.000000 0.000000 0.000000
v -4.077165 1.747356 4.659617 0.26108 0.52005 0.63221
vt 0.256406 0.212739
vn -1.000000 0.000000 0.000000
f 265/265/265 266/266/266 267/267/267
v -4.077165 1.747356 5.242069 0.26108 0.52005 0.63221
vt 0.251222 0.212417
vn -1.000000 -0.000000 0.000000
v -4.077165 1.164904 4.659617 0.26108 0.52005 0.63221
vt 0.256659 0.213033
vn -1.000000 -0.000000 0.000000
v -4.077165 1.164904 5.242069 0.26108 0.52005 0.63221
vt 0.251481 0.212712
vn -1.000000 -0.000000 0.000000
f 268/268/268 269/269/269 270/270/270
v -4.659617 0.582452 5.824521 0.26108 0.52005 0.63221
vt 0.251655 0.210816
vn -0.666667 -0.666667 0.333333
v -5.242069 1.164904 5.824521 0.26108 0.52005 0.63221
vt 0.251682 0.209476
vn -0.666667 -0.666667 0.333333
v -5.242069 0.582452 4.659617 0.26108 0.52005 0.63221
vt 0.257925 0.209801
vn -0.666667 -0.666667 0.333333
f 271/271/271 272/272/272 273/273/273
v -5.242069 0.582452 4.659617 0.26108 0.52005 0.63221
vt 0.257925 0.209801
vn 0.000000 -1.000000 0.000000
v -4.659617 0.582452 4.659617 0.26108 0.52005 0.63221
vt 0.257890 0.211429
vn 0.000000 -1.000000 0.000000
v -4.659617 0.582452 5.824521 0.26108 0.52005 0.63221
vt 0.251655 0.210816
vn 0.000000 -1.000000 0.000000
f 274/274/274 275/275/275 276/276/276
v -5.242069 2.329809 4.659617 0.26108 0.52005 0.63221
vt 0.256039 0.206101
vn 0.000000 1.000000 0.000000
v -4.659617 2.329809 5.824521 0.26108 0.52005 0.63221
vt 0.249844 0.207362
vn 0.000000 1.000000 0.000000
v -4.659617 2.329809 4.659617 0.26108 0.52005 0.63221
vt 0.255743 0.207232
vn 0.000000 1.000000 0.000000
f 277/277/277 278/278/278 279/279/279
v -4.659617 2.329809 5.824521 0.26108 0.52005 0.63221
vt 0.249844 0.207362
vn 0.000000 1.000000 0.000000
v -5.242069 2.329809 4.659617 0.26108 0.52005 0.63221
vt 0.256039 0.206101
vn 0.000000 1.000000 0.000000
v -5.242069 2.329809 5.824521 0.26108 0.52005 0.63221
vt 0.250091 0.206432
vn 0.000000 1.000000 0.000000
f 280/280/280 281/281/281 282/282/282
v -3.494713 1.747356 4.659617 0.26108 0.52005 0.63221
vt 0.255885 0.213335
vn 0.666667 0.666667 0.333333
v -4.077165 2.329809 4.659617 0.26108 0.52005 0.63221
vt 0.255643 0.211958
vn 0.666667 0.666667 0.333333
v -4.077165 1.747356 5.824521 0.26108 0.52005 0.63221
vt 0.249765 0.211247
vn 0.666667 0.666667 0.333333
f 283/283/283 284/284/284 285/285/285
v -5.242069 1.747356 5.242069 0.26108 0.52005 0.63221
vt 0.251861 0.207092
vn 1.000000 0.000000 0.000000
v -5.242069 1.164904 5.242069 0.26108 0.52005 0.63221
vt 0.252081 0.207712
vn 1.000000 0.000000 0.000000
v -5.242069 1.164904 4.659617 0.26108 0.52005 0.63221
vt 0.257254 0.208033
vn 1.000000 0.000000 0.000000
f 286/286/286 287/287/287 288/288/288
v -5.242069 1.164904 4.659617 0.26108 0.52005 0.63221
vt 0.257254 0.208033
vn 1.000000 0.000000 0.000000
v -5.242069 1.747356 4.659617 0.26108 0.52005 0.63221
vt 0.257039 0.207413
vn 1.000000 0.000000 0.000000
v -5.242069 1.747356 5.242069 0.26108 0.52005 0.63221
vt 0.251861 0.207092
vn 1.000000 0.000000 0.000000
f 289/289/289 290/290/290 291/291/291
v -4.659617 1.164904 4.659617 0.26108 0.52005 0.63221
vt 0.257341 0.211850
vn 0.000000 1.000000 0.000000
v -4.077165 1.164904 5.242069 0.26108 0.52005 0.63221
vt 0.251987 0.212238
vn 0.000000 1.000000 0.000000
v -4.077165 1.164904 4.659617 0.26108 0.52005 0.63221
vt 0.257157 0.212559
vn 0.000000 1.000000 0.000000
f 292/292/292 293/293/293 294/294/294
v -4.077165 1.164904 5.242069 0.26108 0.52005 0.63221
vt 0.251987 0.212238
vn 0.000000 1.000000 0.000000
v -4.659617 1.164904 4.659617 0.26108 0.52005 0.63221
vt 0.257341 0.211850
vn 0.000000 1.000000 0.000000
v -4.659617 1.164904 5.242069 0.26108 0.52005 0.63221
vt 0.252174 0.211529
vn 0.000000 1.000000 0.000000
f 295/295/295 296/296/296 297/297/297
v -4.077165 1.164904 5.824521 0.26108 0.52005 0.63221
vt 0.251265 0.212949
vn 0.707107 -0.707107 0.000000
v -4.659617 0.582452 5.824521 0.26108 0.52005 0.63221
vt 0.251510 0.212021
vn 0.707107 -0.707107 0.000000
v -4.659617 0.582452 4.659617 0.26108 0.52005 0.63221
vt 0.257716 0.212894
vn 0.707107 -0.707107 0.000000
f 298/298/298 299/299/299 300/300/300
v -4.659617 0.582452 4.659617 0.26108 0.52005 0.63221
vt 0.257716 0.212894
vn 0.000000 -0.894427 0.447214
v -4.077165 0.582452 4.659617 0.26108 0.52005 0.63221
vt 0.257424 0.214022
vn 0.000000 -0.894427 0.447214
v -4.077165 1.164904 5.824521 0.26108 0.52005 0.63221
vt 0.251265 0.212949
vn 0.000000 -0.894427 0.447214
f 301/301/301 302/302/302 303/303/303
v -4.077165 1.747356 5.824521 0.26108 0.52005 0.63221
vt 0.249765 0.211247
vn 1.000000 -0.000000 0.000000
v -4.077165 2.329809 4.659617 0.26108 0.52005 0.63221
vt 0.255532 0.210351
vn 1.000000 -0.000000 0.000000
v -4.077165 2.329809 5.824521 0.26108 0.52005 0.63221
vt 0.249670 0.209925
vn 1.000000 -0.000000 0.000000
f 304/304/304 305/305/305 306/306/306
v -5.242069 1.164904 4.659617 0.26108 0.52005 0.63221
vt 0.257405 0.208897
vn 0.000000 1.000000 0.000000
v -4.659617 1.164904 5.242069 0.26108 0.52005 0.63221
vt 0.252306 0.209582
vn 0.000000 1.000000 0.000000
v -4.659617 1.164904 4.659617 0.26108 0.52005 0.63221
vt 0.257473 0.209902
vn 0.000000 1.000000 0.000000
f 307/307/307 308/308/308 309/309/309
v -4.659617 1.164904 5.242069 0.26108 0.52005 0.63221
vt 0.252306 0.209582
vn 0.000000 1.000000 0.000000
v -5.242069 1.164904 4.659617 0.26108 0.52005 0.63221
vt 0.257405 0.208897
vn 0.000000 1.000000 0.000000
v -5.242069 1.164904 5.242069 0.26108 0.52005 0.63221
vt 0.252235 0.208577
vn 0.000000 1.000000 0.000000
f 310/310/310 311/311/311 312/312/312
v -4.659617 2.329809 3.494713 0.26108 0.52005 0.63221
vt 0.260400 0.209165
vn 0.000000 1.000000 0.000000
v -4.077165 2.329809 4.659617 0.26108 0.52005 0.63221
vt 0.255532 0.210351
vn 0.000000 1.000000 0.000000
v -4.077165 2.329809 3.494713 0.26108 0.52005 0.63221
vt 0.260359 0.210732
vn 0.000000 1.000000 0.000000
f 313/313/313 314/314/314 315/315/315
v -4.077165 2.329809 4.659617 0.26108 0.52005 0.63221
vt 0.255532 0.210351
vn 0.000000 1.000000 0.000000
v -4.659617 2.329809 3.494713 0.26108 0.52005 0.63221
vt 0.260400 0.209165
vn 0.000000 1.000000 0.000000
v -4.659617 2.329809 4.659617 0.26108 0.52005 0.63221
vt 0.255567 0.208709
vn 0.000000 1.000000 0.000000
f 316/316/316 317/317/317 318/318/318
v -4.659617 2.329809 2.329809 0.82273 0.82503 0.80433
vt 0.290112 0.709463
vn 0.000000 0.000000 -1.000000
v -4.077165 2.329809 2.329809 0.82273 0.82503 0.80433
vt 0.289313 0.712414
vn 0.000000 0.000000 -1.000000
v -4.077165 1.747356 2.329809 0.82273 0.82503 0.80433
vt 0.289879 0.711523
vn 0.000000 0.000000 -1.000000
f 319/319/319 320/320/320 321/321/321
v -5.242069 1.164904 3.494713 0.26108 0.52005 0.63221
vt 0.262230 0.207205
vn -1.000000 0.000000 0.000000
v -5.242069 1.747356 4.659617 0.26108 0.52005 0.63221
vt 0.257237 0.205843
vn -1.000000 0.000000 0.000000
v -5.242069 1.747356 3.494713 0.26108 0.52005 0.63221
vt 0.261927 0.206294
vn -1.000000 0.000000 0.000000
f 322/322/322 323/323/323 324/324/324
v -5.242069 1.747356 4.659617 0.26108 0.52005 0.63221
vt 0.257237 0.205843
vn -1.000000 -0.000000 0.000000
v -5.242069 1.164904 3.494713 0.26108 0.52005 0.63221
vt 0.262230 0.207205
vn -1.000000 -0.000000 0.000000
v -5.242069 1.164904 4.659617 0.26108 0.52005 0.63221
vt 0.257579 0.206830
vn -1.000000 -0.000000 0.000000
f 325/325/325 326/326/326 327/327/327
v -5.242069 1.747356 2.329809 0.82273 0.82503 0.80433
vt 0.291581 0.703266
vn 0.000000 0.000000 -1.000000
v -5.242069 2.329809 2.329809 0.82273 0.82503 0.80433
vt 0.290748 0.704291
vn 0.000000 0.000000 -1.000000
v -4.659617 1.747356 2.329809 0.82273 0.82503 0.80433
vt 0.291019 0.705066
vn 0.000000 0.000000 -1.000000
f 328/328/328 329/329/329 330/330/330
v -4.077165 1.164904 4.659617 0.26108 0.52005 0.63221
vt 0.257048 0.214677
vn 1.000000 0.000000 0.000000
v -4.077165 0.582452 4.659617 0.26108 0.52005 0.63221
vt 0.257424 0.214022
vn 1.000000 0.000000 0.000000
v -4.077165 0.582452 3.494713 0.26108 0.52005 0.63221
vt 0.262047 0.214069
vn 1.000000 0.000000 0.000000
f 331/331/331 332/332/332 333/333/333
v -4.077165 0.582452 3.494713 0.26108 0.52005 0.63221
vt 0.262047 0.214069
vn 1.000000 0.000000 0.000000
v -4.077165 1.164904 3.494713 0.26108 0.52005 0.63221
vt 0.261703 0.214724
vn 1.000000 0.000000 0.000000
v -4.077165 1.164904 4.659617 0.26108 0.52005 0.63221
vt 0.257048 0.214677
vn 1.000000 0.000000 0.000000
f 334/334/334 335/335/335 336/336/336
v -4.077165 2.329809 4.659617 0.26108 0.52005 0.63221
vt 0.255968 0.210248
vn -0.000000 -1.000000 0.000000
v -4.659617 2.329809 4.659617 0.26108 0.52005 0.63221
vt 0.255990 0.209217
vn -0.000000 -1.000000 0.000000
v -4.659617 2.329809 3.494713 0.26108 0.52005 0.63221
vt 0.260736 0.209511
vn -0.000000 -1.000000 0.000000
f 337/337/337 338/338/338 339/339/339
v -4.659617 2.329809 3.494713 0.26108 0.52005 0.63221
vt 0.260736 0.209511
vn 0.000000 -1.000000 0.000000
v -4.077165 2.329809 3.494713 0.26108 0.52005 0.63221
vt 0.260713 0.210542
vn 0.000000 -1.000000 0.000000
v -4.077165 2.329809 4.659617 0.26108 0.52005 0.63221
vt 0.255968 0.210248
vn 0.000000 -1.000000 0.000000
f 340/340/340 341/341/341 342/342/342
v -4.077165 1.747356 4.659617 0.26108 0.52005 0.63221
vt 0.256037 0.211257
vn -1.000000 0.000000 0.000000
v -4.077165 2.329809 4.659617 0.26108 0.52005 0.63221
vt 0.255968 0.210248
vn -1.000000 0.000000 0.000000
v -4.077165 2.329809 3.494713 0.26108 0.52005 0.63221
vt 0.260713 0.210542
vn -1.000000 0.000000 0.000000
f 343/343/343 344/344/344 345/345/345
v -4.077165 2.329809 3.494713 0.26108 0.52005 0.63221
vt 0.260713 0.210542
vn -1.000000 0.000000 0.000000
v -4.077165 1.747356 3.494713 0.26108 0.52005 0.63221
vt 0.260780 0.211551
vn -1.000000 0.000000 0.000000
v -4.077165 1.747356 4.659617 0.26108 0.52005 0.63221
vt 0.256037 0.211257
vn -1.000000 0.000000 0.000000
f 346/346/346 347/347/347 348/348/348
v -3.494713 1.164904 4.659617 0.26108 0.52005 0.63221
vt 0.256633 0.214779
vn -0.000000 -1.000000 0.000000
v -4.077165 1.164904 4.659617 0.26108 0.52005 0.63221
vt 0.257048 0.214677
vn -0.000000 -1.000000 0.000000
v -4.077165 1.164904 3.494713 0.26108 0.52005 0.63221
vt 0.261703 0.214724
vn -0.000000 -1.000000 0.000000
f 349/349/349 350/350/350 351/351/351
v -4.659617 2.329809 4.659617 0.26108 0.52005 0.63221
vt 0.256286 0.207579
vn 0.707107 -0.707107 0.000000
v -5.242069 1.747356 4.659617 0.26108 0.52005 0.63221
vt 0.256524 0.207170
vn 0.707107 -0.707107 0.000000
v -5.242069 1.747356 3.494713 0.26108 0.52005 0.63221
vt 0.261263 0.207464
vn 0.707107 -0.707107 0.000000
f 352/352/352 353/353/353 354/354/354
v -5.242069 1.747356 3.494713 0.26108 0.52005 0.63221
vt 0.261263 0.207464
vn 0.707107 -0.707107 0.000000
v -4.659617 2.329809 3.494713 0.26108 0.52005 0.63221
vt 0.261029 0.207873
vn 0.707107 -0.707107 0.000000
v -4.659617 2.329809 4.659617 0.26108 0.52005 0.63221
vt 0.256286 0.207579
vn 0.707107 -0.707107 0.000000
f 355/355/355 356/356/356 357/357/357
v -4.077165 1.164904 3.494713 0.26108 0.52005 0.63221
vt 0.261390 0.213326
vn -1.000000 0.000000 0.000000
v -4.077165 1.747356 4.659617 0.26108 0.52005 0.63221
vt 0.256406 0.212739
vn -1.000000 0.000000 0.000000
v -4.077165 1.747356 3.494713 0.26108 0.52005 0.63221
vt 0.261140 0.213032
vn -1.000000 0.000000 0.000000
f 358/358/358 359/359/359 360/360/360
v -4.077165 1.747356 4.659617 0.26108 0.52005 0.63221
vt 0.256406 0.212739
vn -1.000000 -0.000000 0.000000
v -4.077165 1.164904 3.494713 0.26108 0.52005 0.63221
vt 0.261390 0.213326
vn -1.000000 -0.000000 0.000000
v -4.077165 1.164904 4.659617 0.26108 0.52005 0.63221
vt 0.256659 0.213033
vn -1.000000 -0.000000 0.000000
f 361/361/361 362/362/362 363/363/363
v -5.242069 0.582452 4.659617 0.26108 0.52005 0.63221
vt 0.257925 0.209801
vn -1.000000 0.000000 0.000000
v -5.242069 1.164904 4.659617 0.26108 0.52005 0.63221
vt 0.257817 0.208205
vn -1.000000 0.000000 0.000000
v -5.242069 1.164904 3.494713 0.26108 0.52005 0.63221
vt 0.262437 0.208494
vn -1.000000 0.000000 0.000000
f 364/364/364 365/365/365 366/366/366
v -5.242069 1.164904 3.494713 0.26108 0.52005 0.63221
vt 0.262437 0.208494
vn -1.000000 0.000000 0.000000
v -5.242069 0.582452 3.494713 0.26108 0.52005 0.63221
vt 0.262526 0.210006
vn -1.000000 0.000000 0.000000
v -5.242069 0.582452 4.659617 0.26108 0.52005 0.63221
vt 0.257925 0.209801
vn -1.000000 0.000000 0.000000
f 367/367/367 368/368/368 369/369/369
v -5.242069 1.747356 3.494713 0.26108 0.52005 0.63221
vt 0.261566 0.205872
vn -1.000000 0.000000 0.000000
v -5.242069 2.329809 4.659617 0.26108 0.52005 0.63221
vt 0.256418 0.205452
vn -1.000000 0.000000 0.000000
v -5.242069 2.329809 3.494713 0.26108 0.52005 0.63221
vt 0.261189 0.205992
vn -1.000000 0.000000 0.000000
f 370/370/370 371/371/371 372/372/372
v -5.242069 2.329809 4.659617 0.26108 0.52005 0.63221
vt 0.256418 0.205452
vn -1.000000 -0.000000 0.000000
v -5.242069 1.747356 3.494713 0.26108 0.52005 0.63221
vt 0.261566 0.205872
vn -1.000000 -0.000000 0.000000
v -5.242069 1.747356 4.659617 0.26108 0.52005 0.63221
vt 0.256834 0.205364
vn -1.000000 -0.000000 0.000000
f 373/373/373 374/374/374 375/375/375
v -3.494713 1.747356 4.659617 0.26108 0.52005 0.63221
vt 0.256229 0.214314
vn 0.894427 0.000000 -0.447214
v -3.494713 1.164904 4.659617 0.26108 0.52005 0.63221
vt 0.256633 0.214779
vn 0.894427 0.000000 -0.447214
v -4.077165 1.164904 3.494713 0.26108 0.52005 0.63221
vt 0.261327 0.214856
vn 0.894427 0.000000 -0.447214
f 376/376/376 377/377/377 378/378/378
v -4.077165 1.164904 3.494713 0.26108 0.52005 0.63221
vt 0.261327 0.214856
vn 0.707107 -0.707107 0.000000
v -3.494713 1.747356 3.494713 0.26108 0.52005 0.63221
vt 0.260965 0.214447
vn 0.707107 -0.707107 0.000000
v -3.494713 1.747356 4.659617 0.26108 0.52005 0.63221
vt 0.256229 0.214314
vn 0.707107 -0.707107 0.000000
f 379/379/379 380/380/380 381/381/381
v -5.242069 1.747356 4.659617 0.26108 0.52005 0.63221
vt 0.257039 0.207413
vn 1.000000 0.000000 0.000000
v -5.242069 1.164904 4.659617 0.26108 0.52005 0.63221
vt 0.257254 0.208033
vn 1.000000 0.000000 0.000000
v -5.242069 1.164904 3.494713 0.26108 0.52005 0.63221
vt 0.261980 0.208325
vn 1.000000 0.000000 0.000000
f 382/382/382 383/383/383 384/384/384
v -5.242069 1.164904 3.494713 0.26108 0.52005 0.63221
vt 0.261980 0.208325
vn 1.000000 0.000000 0.000000
v -5.242069 1.747356 3.494713 0.26108 0.52005 0.63221
vt 0.261769 0.207706
vn 1.000000 0.000000 0.000000
v -5.242069 1.747356 4.659617 0.26108 0.52005 0.63221
vt 0.257039 0.207413
vn 1.000000 0.000000 0.000000
f 385/385/385 386/386/386 387/387/387
v -4.659617 1.164904 3.494713 0.26108 0.52005 0.63221
vt 0.262061 0.212142
vn 0.000000 1.000000 0.000000
v -4.077165 1.164904 4.659617 0.26108 0.52005 0.63221
vt 0.257157 0.212559
vn 0.000000 1.000000 0.000000
v -4.077165 1.164904 3.494713 0.26108 0.52005 0.63221
vt 0.261879 0.212852
vn 0.000000 1.000000 0.000000
f 388/388/388 389/389/389 390/390/390
v -4.077165 1.164904 4.659617 0.26108 0.52005 0.63221
vt 0.257157 0.212559
vn 0.000000 1.000000 0.000000
v -4.659617 1.164904 3.494713 0.26108 0.52005 0.63221
vt 0.262061 0.212142
vn 0.000000 1.000000 0.000000
v -4.659617 1.164904 4.659617 0.26108 0.52005 0.63221
vt 0.257341 0.211850
vn 0.000000 1.000000 0.000000
f 391/391/391 392/392/392 393/393/393
v -4.659617 0.582452 4.659617 0.26108 0.52005 0.63221
vt 0.257890 0.211429
vn -0.000000 -1.000000 0.000000
v -5.242069 0.582452 4.659617 0.26108 0.52005 0.63221
vt 0.257925 0.209801
vn -0.000000 -1.000000 0.000000
v -5.242069 0.582452 3.494713 0.26108 0.52005 0.63221
vt 0.262526 0.210006
vn -0.000000 -1.000000 0.000000
f 394/394/394 395/395/395 396/396/396
v -5.242069 0.582452 3.494713 0.26108 0.52005 0.63221
vt 0.262526 0.210006
vn 0.000000 -1.000000 0.000000
v -4.659617 0.582452 3.494713 0.26108 0.52005 0.63221
vt 0.262484 0.211559
vn 0.000000 -1.000000 0.000000
v -4.659617 0.582452 4.659617 0.26108 0.52005 0.63221
vt 0.257890 0.211429
vn 0.000000 -1.000000 0.000000
f 397/397/397 398/398/398 399/399/399
v -3.494713 1.747356 3.494713 0.26108 0.52005 0.63221
vt 0.260965 0.214447
vn 0.000000 1.000000 -0.000000
v -4.077165 1.747356 3.494713 0.26108 0.52005 0.63221
vt 0.260660 0.213543
vn 0.000000 1.000000 -0.000000
v -3.494713 1.747356 4.659617 0.26108 0.52005 0.63221
vt 0.255885 0.213335
vn 0.000000 1.000000 -0.000000
f 400/400/400 401/401/401 402/402/402
v -5.242069 1.164904 3.494713 0.26108 0.52005 0.63221
vt 0.262127 0.209190
vn 0.000000 1.000000 0.000000
v -4.659617 1.164904 4.659617 0.26108 0.52005 0.63221
vt 0.257473 0.209902
vn 0.000000 1.000000 0.000000
v -4.659617 1.164904 3.494713 0.26108 0.52005 0.63221
vt 0.262193 0.210195
vn 0.000000 1.000000 0.000000
f 403/403/403 404/404/404 405/405/405
v -4.659617 1.164904 4.659617 0.26108 0.52005 0.63221
vt 0.257473 0.209902
vn 0.000000 1.000000 0.000000
v -5.242069 1.164904 3.494713 0.26108 0.52005 0.63221
vt 0.262127 0.209190
vn 0.000000 1.000000 0.000000
v -5.242069 1.164904 4.659617 0.26108 0.52005 0.63221
vt 0.257405 0.208897
vn 0.000000 1.000000 0.000000
f 406/406/406 407/407/407 408/408/408
v -5.242069 2.329809 3.494713 0.26108 0.52005 0.63221
vt 0.260843 0.206642
vn 0.000000 1.000000 0.000000
v -4.659617 2.329809 4.659617 0.26108 0.52005 0.63221
vt 0.255743 0.207232
vn 0.000000 1.000000 0.000000
v -4.659617 2.329809 3.494713 0.26108 0.52005 0.63221
vt 0.260568 0.207744
vn 0.000000 1.000000 0.000000
f 409/409/409 410/410/410 411/411/411
v -4.659617 2.329809 4.659617 0.26108 0.52005 0.63221
vt 0.255743 0.207232
vn 0.000000 1.000000 0.000000
v -5.242069 2.329809 3.494713 0.26108 0.52005 0.63221
vt 0.260843 0.206642
vn 0.000000 1.000000 0.000000
v -5.242069 2.329809 4.659617 0.26108 0.52005 0.63221
vt 0.256039 0.206101
vn 0.000000 1.000000 0.000000
f 412/412/412 413/413/413 414/414/414
v -4.659617 2.329809 2.329809 0.82273 0.82503 0.80433
vt 0.290108 0.706998
vn -0.000000 -0.000000 -1.000000
v -4.659617 1.747356 2.329809 0.82273 0.82503 0.80433
vt 0.291019 0.705066
vn -0.000000 -0.000000 -1.000000
v -5.242069 2.329809 2.329809 0.82273 0.82503 0.80433
vt 0.290748 0.704291
vn -0.000000 -0.000000 -1.000000
f 415/415/415 416/416/416 417/417/417
v -4.077165 2.329809 4.659617 0.26108 0.52005 0.63221
vt 0.255643 0.211958
vn 0.666667 0.666667 -0.333333
v -3.494713 1.747356 4.659617 0.26108 0.52005 0.63221
vt 0.255885 0.213335
vn 0.666667 0.666667 -0.333333
v -4.077165 1.747356 3.494713 0.26108 0.52005 0.63221
vt 0.260660 0.213543
vn 0.666667 0.666667 -0.333333
f 418/418/418 419/419/419 420/420/420
v -4.077165 1.747356 3.494713 0.26108 0.52005 0.63221
vt 0.260660 0.213543
vn 1.000000 0.000000 0.000000
v -4.077165 2.329809 3.494713 0.26108 0.52005 0.63221
vt 0.260449 0.212252
vn 1.000000 0.000000 0.000000
v -4.077165 2.329809 4.659617 0.26108 0.52005 0.63221
vt 0.255643 0.211958
vn 1.000000 0.000000 0.000000
f 421/421/421 422/422/422 423/423/423
v -4.077165 2.329809 3.494713 0.26108 0.52005 0.63221
vt 0.260713 0.210542
vn -0.000000 -1.000000 0.000000
v -4.659617 2.329809 3.494713 0.26108 0.52005 0.63221
vt 0.260736 0.209511
vn -0.000000 -1.000000 0.000000
v -4.659617 2.329809 2.912261 0.26108 0.52005 0.63221
vt 0.264655 0.209754
vn -0.000000 -1.000000 0.000000
f 424/424/424 425/425/425 426/426/426
v -4.659617 2.329809 2.912261 0.26108 0.52005 0.63221
vt 0.264655 0.209754
vn 0.000000 -1.000000 0.000000
v -4.077165 2.329809 2.912261 0.26108 0.52005 0.63221
vt 0.264632 0.210785
vn 0.000000 -1.000000 0.000000
v -4.077165 2.329809 3.494713 0.26108 0.52005 0.63221
vt 0.260713 0.210542
vn 0.000000 -1.000000 0.000000
f 427/427/427 428/428/428 429/429/429
v -4.077165 1.747356 3.494713 0.26108 0.52005 0.63221
vt 0.260780 0.211551
vn -1.000000 0.000000 0.000000
v -4.077165 2.329809 3.494713 0.26108 0.52005 0.63221
vt 0.260713 0.210542
vn -1.000000 0.000000 0.000000
v -4.077165 2.329809 2.912261 0.26108 0.52005 0.63221
vt 0.264632 0.210785
vn -1.000000 0.000000 0.000000
f 430/430/430 431/431/431 432/432/432
v -4.077165 2.329809 2.912261 0.26108 0.52005 0.63221
vt 0.264632 0.210785
vn -1.000000 0.000000 0.000000
v -4.077165 1.747356 2.912261 0.26108 0.52005 0.63221
vt 0.264697 0.211794
vn -1.000000 0.000000 0.000000
v -4.077165 1.747356 3.494713 0.26108 0.52005 0.63221
vt 0.260780 0.211551
vn -1.000000 0.000000 0.000000
f 433/433/433 434/434/434 435/435/435
v -4.077165 0.582452 4.659617 0.26108 0.52005 0.63221
vt 0.257424 0.214022
vn -0.000000 -1.000000 0.000000
v -4.659617 0.582452 4.659617 0.26108 0.52005 0.63221
vt 0.257716 0.212894
vn -0.000000 -1.000000 0.000000
v -4.659617 0.582452 3.494713 0.26108 0.52005 0.63221
vt 0.262318 0.212970
vn -0.000000 -1.000000 0.000000
f 436/436/436 437/437/437 438/438/438
v -4.659617 0.582452 3.494713 0.26108 0.52005 0.63221
vt 0.262318 0.212970
vn 0.000000 -1.000000 0.000000
v -4.077165 0.582452 3.494713 0.26108 0.52005 0.63221
vt 0.262047 0.214069
vn 0.000000 -1.000000 0.000000
v -4.077165 0.582452 4.659617 0.26108 0.52005 0.63221
vt 0.257424 0.214022
vn 0.000000 -1.000000 0.000000
f 439/439/439 440/440/440 441/441/441
v -4.659617 2.329809 3.494713 0.26108 0.52005 0.63221
vt 0.261029 0.207873
vn 0.707107 -0.707107 0.000000
v -5.242069 1.747356 3.494713 0.26108 0.52005 0.63221
vt 0.261263 0.207464
vn 0.707107 -0.707107 0.000000
v -5.242069 1.747356 2.912261 0.26108 0.52005 0.63221
vt 0.265177 0.207706
vn 0.707107 -0.707107 0.000000
f 442/442/442 443/443/443 444/444/444
v -5.242069 1.747356 2.912261 0.26108 0.52005 0.63221
vt 0.265177 0.207706
vn 0.707107 -0.707107 0.000000
v -4.659617 2.329809 2.912261 0.26108 0.52005 0.63221
vt 0.264946 0.208115
vn 0.707107 -0.707107 0.000000
v -4.659617 2.329809 3.494713 0.26108 0.52005 0.63221
vt 0.261029 0.207873
vn 0.707107 -0.707107 0.000000
f 445/445/445 446/446/446 447/447/447
v -4.077165 1.747356 2.329809 0.82273 0.82503 0.80433
vt 0.290289 0.711539
vn 0.000000 0.000000 -1.000000
v -4.659617 1.747356 2.329809 0.82273 0.82503 0.80433
vt 0.295858 0.709976
vn 0.000000 0.000000 -1.000000
v -4.659617 2.329809 2.329809 0.82273 0.82503 0.80433
vt 0.290518 0.709507
vn 0.000000 0.000000 -1.000000
f 448/448/448 449/449/449 450/450/450
v -4.077165 1.164904 2.912261 0.26108 0.52005 0.63221
vt 0.265296 0.213569
vn -1.000000 0.000000 0.000000
v -4.077165 1.747356 3.494713 0.26108 0.52005 0.63221
vt 0.261140 0.213032
vn -1.000000 0.000000 0.000000
v -4.077165 1.747356 2.912261 0.26108 0.52005 0.63221
vt 0.265051 0.213275
vn -1.000000 0.000000 0.000000
f 451/451/451 452/452/452 453/453/453
v -4.077165 1.747356 3.494713 0.26108 0.52005 0.63221
vt 0.261140 0.213032
vn -1.000000 -0.000000 0.000000
v -4.077165 1.164904 2.912261 0.26108 0.52005 0.63221
vt 0.265296 0.213569
vn -1.000000 -0.000000 0.000000
v -4.077165 1.164904 3.494713 0.26108 0.52005 0.63221
vt 0.261390 0.213326
vn -1.000000 -0.000000 0.000000
f 454/454/454 455/455/455 456/456/456
v -5.242069 1.747356 3.494713 0.26108 0.52005 0.63221
vt 0.261769 0.207706
vn 1.000000 0.000000 0.000000
v -5.242069 1.164904 3.494713 0.26108 0.52005 0.63221
vt 0.261980 0.208325
vn 1.000000 0.000000 0.000000
v -5.242069 1.164904 2.912261 0.26108 0.52005 0.63221
vt 0.265882 0.208567
vn 1.000000 0.000000 0.000000
f 457/457/457 458/458/458 459/459/459
v -5.242069 1.164904 2.912261 0.26108 0.52005 0.63221
vt 0.265882 0.208567
vn 1.000000 0.000000 0.000000
v -5.242069 1.747356 2.912261 0.26108 0.52005 0.63221
vt 0.265675 0.207948
vn 1.000000 0.000000 0.000000
v -5.242069 1.747356 3.494713 0.26108 0.52005 0.63221
vt 0.261769 0.207706
vn 1.000000 0.000000 0.000000
f 460/460/460 461/461/461 462/462/462
v -4.659617 1.164904 2.912261 0.26108 0.52005 0.63221
vt 0.265959 0.212384
vn 0.000000 1.000000 0.000000
v -4.077165 1.164904 3.494713 0.26108 0.52005 0.63221
vt 0.261879 0.212852
vn 0.000000 1.000000 0.000000
v -4.077165 1.164904 2.912261 0.26108 0.52005 0.63221
vt 0.265779 0.213094
vn 0.000000 1.000000 0.000000
f 463/463/463 464/464/464 465/465/465
v -4.077165 1.164904 3.494713 0.26108 0.52005 0.63221
vt 0.261879 0.212852
vn 0.000000 1.000000 0.000000
v -4.659617 1.164904 2.912261 0.26108 0.52005 0.63221
vt 0.265959 0.212384
vn 0.000000 1.000000 0.000000
v -4.659617 1.164904 3.494713 0.26108 0.52005 0.63221
vt 0.262061 0.212142
vn 0.000000 1.000000 0.000000
f 466/466/466 467/467/467 468/468/468
v -5.242069 1.164904 2.912261 0.26108 0.52005 0.63221
vt 0.266026 0.209431
vn 0.000000 1.000000 0.000000
v -4.659617 1.164904 3.494713 0.26108 0.52005 0.63221
vt 0.262193 0.210195
vn 0.000000 1.000000 0.000000
v -4.659617 1.164904 2.912261 0.26108 0.52005 0.63221
vt 0.266090 0.210436
vn 0.000000 1.000000 0.000000
f 469/469/469 470/470/470 471/471/471
v -4.659617 1.164904 3.494713 0.26108 0.52005 0.63221
vt 0.262193 0.210195
vn 0.000000 1.000000 0.000000
v -5.242069 1.164904 2.912261 0.26108 0.52005 0.63221
vt 0.266026 0.209431
vn 0.000000 1.000000 0.000000
v -5.242069 1.164904 3.494713 0.26108 0.52005 0.63221
vt 0.262127 0.209190
vn 0.000000 1.000000 0.000000
f 472/472/472 473/473/473 474/474/474
v -4.659617 1.164904 1.747356 0.82273 0.82503 0.80433
vt 0.298497 0.705329
vn 0.000000 -1.000000 0.000000
v -5.242069 1.164904 2.329809 0.82273 0.82503 0.80433
vt 0.298072 0.704172
vn 0.000000 -1.000000 0.000000
v -5.242069 1.164904 1.747356 0.82273 0.82503 0.80433
vt 0.298371 0.704663
vn 0.000000 -1.000000 0.000000
f 475/475/475 476/476/476 477/477/477
v -5.242069 1.164904 2.329809 0.82273 0.82503 0.80433
vt 0.298072 0.704172
vn 0.000000 -1.000000 0.000000
v -4.659617 1.164904 1.747356 0.82273 0.82503 0.80433
vt 0.298497 0.705329
vn 0.000000 -1.000000 0.000000
v -4.659617 1.164904 2.329809 0.82273 0.82503 0.80433
vt 0.298212 0.704907
vn 0.000000 -1.000000 0.000000
f 478/478/478 479/479/479 480/480/480
v -5.242069 1.164904 1.747356 0.82273 0.82503 0.80433
vt 0.298371 0.704663
vn -1.000000 0.000000 0.000000
v -5.242069 1.747356 2.329809 0.82273 0.82503 0.80433
vt 0.297797 0.703993
vn -1.000000 0.000000 0.000000
v -5.242069 1.747356 1.747356 0.82273 0.82503 0.80433
vt 0.298122 0.704500
vn -1.000000 0.000000 0.000000
f 481/481/481 482/482/482 483/483/483
v -5.242069 1.747356 2.329809 0.82273 0.82503 0.80433
vt 0.297797 0.703993
vn -1.000000 -0.000000 0.000000
v -5.242069 1.164904 1.747356 0.82273 0.82503 0.80433
vt 0.298371 0.704663
vn -1.000000 -0.000000 0.000000
v -5.242069 1.164904 2.329809 0.82273 0.82503 0.80433
vt 0.298072 0.704172
vn -1.000000 -0.000000 0.000000
f 484/484/484 485/485/485 486/486/486
v -5.242069 1.747356 1.747356 0.82273 0.82503 0.80433
vt 0.297780 0.704864
vn 0.000000 1.000000 0.000000
v -4.659617 1.747356 2.329809 0.82273 0.82503 0.80433
vt 0.296984 0.705327
vn 0.000000 1.000000 0.000000
v -4.659617 1.747356 1.747356 0.82273 0.82503 0.80433
vt 0.297385 0.705712
vn 0.000000 1.000000 0.000000
f 487/487/487 488/488/488 489/489/489
v -4.659617 1.747356 2.329809 0.82273 0.82503 0.80433
vt 0.296984 0.705327
vn 0.000000 1.000000 0.000000
v -5.242069 1.747356 1.747356 0.82273 0.82503 0.80433
vt 0.297780 0.704864
vn 0.000000 1.000000 0.000000
v -5.242069 1.747356 2.329809 0.82273 0.82503 0.80433
vt 0.297420 0.704393
vn 0.000000 1.000000 0.000000
f 490/490/490 491/491/491 492/492/492
v -4.077165 1.164904 1.747356 0.82273 0.82503 0.80433
vt 0.297327 0.711993
vn 0.000000 -1.000000 0.000000
v -4.659617 1.164904 2.329809 0.82273 0.82503 0.80433
vt 0.297359 0.710895
vn 0.000000 -1.000000 0.000000
v -4.659617 1.164904 1.747356 0.82273 0.82503 0.80433
vt 0.297723 0.710763
vn 0.000000 -1.000000 0.000000
f 493/493/493 494/494/494 495/495/495
v -4.659617 1.164904 2.329809 0.82273 0.82503 0.80433
vt 0.297359 0.710895
vn 0.000000 -1.000000 0.000000
v -4.077165 1.164904 1.747356 0.82273 0.82503 0.80433
vt 0.297327 0.711993
vn 0.000000 -1.000000 0.000000
v -4.077165 1.164904 2.329809 0.82273 0.82503 0.80433
vt 0.296922 0.712250
vn 0.000000 -1.000000 0.000000
f 496/496/496 497/497/497 498/498/498
v -4.077165 1.747356 1.747356 0.82273 0.82503 0.80433
vt 0.296590 0.713224
vn 1.000000 0.000000 0.000000
v -4.077165 1.164904 2.329809 0.82273 0.82503 0.80433
vt 0.296488 0.713193
vn 1.000000 0.000000 0.000000
v -4.077165 1.164904 1.747356 0.82273 0.82503 0.80433
vt 0.296934 0.712848
vn 1.000000 0.000000 0.000000
f 499/499/499 500/500/500 501/501/501
v -4.077165 1.164904 2.329809 0.82273 0.82503 0.80433
vt 0.296488 0.713193
vn 1.000000 -0.000000 0.000000
v -4.077165 1.747356 1.747356 0.82273 0.82503 0.80433
vt 0.296590 0.713224
vn 1.000000 -0.000000 0.000000
v -4.077165 1.747356 2.329809 0.82273 0.82503 0.80433
vt 0.296108 0.713608
vn 1.000000 -0.000000 0.000000
f 502/502/502 503/503/503 504/504/504
v -4.659617 1.747356 1.747356 0.82273 0.82503 0.80433
vt 0.296217 0.711321
vn 0.000000 1.000000 0.000000
v -4.077165 1.747356 2.329809 0.82273 0.82503 0.80433
vt 0.295686 0.712715
vn 0.000000 1.000000 0.000000
v -4.077165 1.747356 1.747356 0.82273 0.82503 0.80433
vt 0.296208 0.712413
vn 0.000000 1.000000 0.000000
f 505/505/505 506/506/506 507/507/507
v -4.077165 1.747356 2.329809 0.82273 0.82503 0.80433
vt 0.295686 0.712715
vn 0.000000 1.000000 0.000000
v -4.659617 1.747356 1.747356 0.82273 0.82503 0.80433
vt 0.296217 0.711321
vn 0.000000 1.000000 0.000000
v -4.659617 1.747356 2.329809 0.82273 0.82503 0.80433
vt 0.295696 0.711511
vn 0.000000 1.000000 0.000000
f 508/508/508 509/509/509 510/510/510
v -4.659617 2.329809 2.329809 0.82273 0.82503 0.80433
vt 0.289609 0.709822
vn 0.000000 1.000000 0.000000
v -4.077165 2.329809 3.494713 0.82273 0.82503 0.80433
vt 0.278808 0.711677
vn 0.000000 1.000000 0.000000
v -4.077165 2.329809 2.329809 0.82273 0.82503 0.80433
vt 0.289313 0.712414
vn 0.000000 1.000000 0.000000
f 511/511/511 512/512/512 513/513/513
v -4.077165 2.329809 3.494713 0.82273 0.82503 0.80433
vt 0.278808 0.711677
vn 0.000000 1.000000 0.000000
v -4.659617 2.329809 2.329809 0.82273 0.82503 0.80433
vt 0.289609 0.709822
vn 0.000000 1.000000 0.000000
v -4.659617 2.329809 3.494713 0.82273 0.82503 0.80433
vt 0.279130 0.708645
vn 0.000000 1.000000 0.000000
f 514/514/514 515/515/515 516/516/516
v -5.242069 1.164904 2.329809 0.82273 0.82503 0.80433
vt 0.293106 0.700188
vn -1.000000 0.000000 0.000000
v -5.242069 1.747356 3.494713 0.82273 0.82503 0.80433
vt 0.283006 0.696948
vn -1.000000 0.000000 0.000000
v -5.242069 1.747356 2.329809 0.82273 0.82503 0.80433
vt 0.292706 0.699853
vn -1.000000 0.000000 0.000000
f 517/517/517 518/518/518 519/519/519
v -5.242069 1.747356 3.494713 0.82273 0.82503 0.80433
vt 0.283006 0.696948
vn -1.000000 -0.000000 0.000000
v -5.242069 1.164904 2.329809 0.82273 0.82503 0.80433
vt 0.293106 0.700188
vn -1.000000 -0.000000 0.000000
v -5.242069 1.164904 3.494713 0.82273 0.82503 0.80433
vt 0.283553 0.697332
vn -1.000000 -0.000000 0.000000
f 520/520/520 521/521/521 522/522/522
v -5.242069 1.747356 2.329809 0.82273 0.82503 0.80433
vt 0.291451 0.702031
vn -1.000000 0.000000 0.000000
v -5.242069 2.329809 3.494713 0.82273 0.82503 0.80433
vt 0.280503 0.702162
vn -1.000000 0.000000 0.000000
v -5.242069 2.329809 2.329809 0.82273 0.82503 0.80433
vt 0.290748 0.704291
vn -1.000000 0.000000 0.000000
f 523/523/523 524/524/524 525/525/525
v -4.077165 1.164904 3.494713 0.82273 0.82503 0.80433
vt 0.281275 0.713182
vn 1.000000 0.000000 0.000000
v -4.077165 0.582452 3.494713 0.82273 0.82503 0.80433
vt 0.282144 0.710535
vn 1.000000 0.000000 0.000000
v -4.077165 1.164904 2.329809 0.82273 0.82503 0.80433
vt 0.291811 0.711508
vn 1.000000 0.000000 0.000000
f 526/526/526 527/527/527 528/528/528
v -4.659617 1.164904 2.329809 0.26108 0.52005 0.63221
vt 0.269171 0.209529
vn 1.000000 0.000000 0.000000
v -4.659617 1.747356 2.329809 0.26108 0.52005 0.63221
vt 0.269041 0.209137
vn 1.000000 0.000000 0.000000
v -4.659617 1.747356 2.912261 0.26108 0.52005 0.63221
vt 0.266154 0.208958
vn 1.000000 0.000000 0.000000
f 529/529/529 530/530/530 531/531/531
v -4.659617 1.747356 2.912261 0.26108 0.52005 0.63221
vt 0.266154 0.208958
vn 1.000000 0.000000 0.000000
v -4.659617 1.164904 2.912261 0.26108 0.52005 0.63221
vt 0.266285 0.209350
vn 1.000000 0.000000 0.000000
v -4.659617 1.164904 2.329809 0.26108 0.52005 0.63221
vt 0.269171 0.209529
vn 1.000000 0.000000 0.000000
f 532/532/532 533/533/533 534/534/534
v -5.242069 0.582452 3.494713 0.82273 0.82503 0.80433
vt 0.283808 0.701165
vn -1.000000 0.000000 0.000000
v -5.242069 1.164904 3.494713 0.82273 0.82503 0.80433
vt 0.283831 0.698798
vn -1.000000 0.000000 0.000000
v -5.242069 1.164904 2.329809 0.82273 0.82503 0.80433
vt 0.293287 0.701449
vn -1.000000 0.000000 0.000000
f 535/535/535 536/536/536 537/537/537
v -5.242069 2.329809 3.494713 0.82273 0.82503 0.80433
vt 0.281383 0.699509
vn -1.000000 -0.000000 0.000000
v -5.242069 1.747356 2.329809 0.82273 0.82503 0.80433
vt 0.292131 0.700491
vn -1.000000 -0.000000 0.000000
v -5.242069 1.747356 3.494713 0.82273 0.82503 0.80433
vt 0.282253 0.697700
vn -1.000000 -0.000000 0.000000
f 538/538/538 539/539/539 540/540/540
v -3.494713 1.747356 3.494713 0.82273 0.82503 0.80433
vt 0.279648 0.715832
vn 0.707107 -0.707107 0.000000
v -4.077165 1.164904 3.494713 0.82273 0.82503 0.80433
vt 0.280408 0.715024
vn 0.707107 -0.707107 0.000000
v -4.077165 1.164904 2.329809 0.82273 0.82503 0.80433
vt 0.290436 0.715327
vn 0.707107 -0.707107 0.000000
f 541/541/541 542/542/542 543/543/543
v -4.077165 1.164904 2.329809 0.82273 0.82503 0.80433
vt 0.290436 0.715327
vn 0.894427 0.000000 -0.447214
v -4.077165 1.747356 2.329809 0.82273 0.82503 0.80433
vt 0.289856 0.716002
vn 0.894427 0.000000 -0.447214
v -3.494713 1.747356 3.494713 0.82273 0.82503 0.80433
vt 0.279648 0.715832
vn 0.894427 0.000000 -0.447214
f 544/544/544 545/545/545 546/546/546
v -4.659617 0.582452 3.494713 0.82273 0.82503 0.80433
vt 0.283489 0.704150
vn -0.000000 -0.894427 -0.447214
v -5.242069 0.582452 3.494713 0.82273 0.82503 0.80433
vt 0.283808 0.701165
vn -0.000000 -0.894427 -0.447214
v -5.242069 1.164904 2.329809 0.82273 0.82503 0.80433
vt 0.293226 0.703482
vn -0.000000 -0.894427 -0.447214
f 547/547/547 548/548/548 549/549/549
v -5.242069 1.164904 2.329809 0.82273 0.82503 0.80433
vt 0.293226 0.703482
vn 0.000000 -0.894427 -0.447214
v -4.659617 1.164904 2.329809 0.82273 0.82503 0.80433
vt 0.292933 0.706042
vn 0.000000 -0.894427 -0.447214
v -4.659617 0.582452 3.494713 0.82273 0.82503 0.80433
vt 0.283489 0.704150
vn 0.000000 -0.894427 -0.447214
f 550/550/550 551/551/551 552/552/552
v -4.077165 1.747356 3.494713 0.82273 0.82503 0.80433
vt 0.279086 0.715500
vn -0.000000 1.000000 0.000000
v -3.494713 1.747356 3.494713 0.82273 0.82503 0.80433
vt 0.279648 0.715832
vn -0.000000 1.000000 0.000000
v -4.077165 1.747356 2.329809 0.82273 0.82503 0.80433
vt 0.289856 0.716002
vn -0.000000 1.000000 0.000000
f 553/553/553 554/554/554 555/555/555
v -4.077165 1.164904 2.912261 0.26108 0.52005 0.63221
vt 0.266073 0.212484
vn 0.000000 1.000000 0.000000
v -4.659617 1.164904 2.329809 0.26108 0.52005 0.63221
vt 0.269104 0.212402
vn 0.000000 1.000000 0.000000
v -4.659617 1.164904 2.912261 0.26108 0.52005 0.63221
vt 0.266219 0.212224
vn 0.000000 1.000000 0.000000
f 556/556/556 557/557/557 558/558/558
v -4.659617 1.164904 2.329809 0.26108 0.52005 0.63221
vt 0.269104 0.212402
vn 0.000000 1.000000 0.000000
v -4.077165 1.164904 2.912261 0.26108 0.52005 0.63221
vt 0.266073 0.212484
vn 0.000000 1.000000 0.000000
v -4.077165 1.164904 2.329809 0.26108 0.52005 0.63221
vt 0.268959 0.212663
vn 0.000000 1.000000 0.000000
f 559/559/559 560/560/560 561/561/561
v -5.242069 2.329809 2.329809 0.82273 0.82503 0.80433
vt 0.290748 0.704291
vn 0.000000 1.000000 0.000000
v -4.659617 2.329809 3.494713 0.82273 0.82503 0.80433
vt 0.279719 0.705337
vn 0.000000 1.000000 0.000000
v -4.659617 2.329809 2.329809 0.82273 0.82503 0.80433
vt 0.290108 0.706998
vn 0.000000 1.000000 0.000000
f 562/562/562 563/563/563 564/564/564
v -4.659617 2.329809 3.494713 0.82273 0.82503 0.80433
vt 0.279719 0.705337
vn 0.000000 1.000000 0.000000
v -5.242069 2.329809 2.329809 0.82273 0.82503 0.80433
vt 0.290748 0.704291
vn 0.000000 1.000000 0.000000
v -5.242069 2.329809 3.494713 0.82273 0.82503 0.80433
vt 0.280503 0.702162
vn 0.000000 1.000000 0.000000
f 565/565/565 566/566/566 567/567/567
v -4.077165 2.329809 3.494713 0.82273 0.82503 0.80433
vt 0.278794 0.714058
vn 1.000000 0.000000 0.000000
v -4.077165 1.747356 3.494713 0.82273 0.82503 0.80433
vt 0.279086 0.715500
vn 1.000000 0.000000 0.000000
v -4.077165 1.747356 2.329809 0.82273 0.82503 0.80433
vt 0.289446 0.715702
vn 1.000000 0.000000 0.000000
f 568/568/568 569/569/569 570/570/570
v -4.077165 1.747356 2.912261 0.26108 0.52005 0.63221
vt 0.265758 0.212337
vn -1.000000 -0.000000 0.000000
v -4.077165 1.164904 2.329809 0.26108 0.52005 0.63221
vt 0.268801 0.212703
vn -1.000000 -0.000000 0.000000
v -4.077165 1.164904 2.912261 0.26108 0.52005 0.63221
vt 0.265913 0.212524
vn -1.000000 -0.000000 0.000000
f 571/571/571 572/572/572 573/573/573
v -4.077165 1.164904 2.329809 0.26108 0.52005 0.63221
vt 0.268801 0.212703
vn -1.000000 0.000000 0.000000
v -4.077165 1.747356 2.912261 0.26108 0.52005 0.63221
vt 0.265758 0.212337
vn -1.000000 0.000000 0.000000
v -4.077165 1.747356 2.329809 0.26108 0.52005 0.63221
vt 0.268647 0.212516
vn -1.000000 0.000000 0.000000
f 574/574/574 575/575/575 576/576/576
v -4.077165 0.582452 3.494713 0.82273 0.82503 0.80433
vt 0.282144 0.710535
vn -0.000000 -0.894427 -0.447214
v -4.659617 0.582452 3.494713 0.82273 0.82503 0.80433
vt 0.282912 0.707401
vn -0.000000 -0.894427 -0.447214
v -4.659617 1.164904 2.329809 0.82273 0.82503 0.80433
vt 0.292442 0.708827
vn -0.000000 -0.894427 -0.447214
f 577/577/577 578/578/578 579/579/579
v -4.659617 1.164904 2.329809 0.82273 0.82503 0.80433
vt 0.292442 0.708827
vn 0.000000 -0.894427 -0.447214
v -4.077165 1.164904 2.329809 0.82273 0.82503 0.80433
vt 0.291811 0.711508
vn 0.000000 -0.894427 -0.447214
v -4.077165 0.582452 3.494713 0.82273 0.82503 0.80433
vt 0.282144 0.710535
vn 0.000000 -0.894427 -0.447214
f 580/580/580 581/581/581 582/582/582
v -4.659617 1.747356 2.329809 0.26108 0.52005 0.63221
vt 0.268387 0.210937
vn 0.000000 -1.000000 0.000000
v -4.077165 1.747356 2.329809 0.26108 0.52005 0.63221
vt 0.268427 0.211576
vn 0.000000 -1.000000 0.000000
v -4.077165 1.747356 2.912261 0.26108 0.52005 0.63221
vt 0.265534 0.211397
vn 0.000000 -1.000000 0.000000
f 583/583/583 584/584/584 585/585/585
v -4.077165 1.747356 2.912261 0.26108 0.52005 0.63221
vt 0.265534 0.211397
vn -0.000000 -1.000000 0.000000
v -4.659617 1.747356 2.912261 0.26108 0.52005 0.63221
vt 0.265493 0.210757
vn -0.000000 -1.000000 0.000000
v -4.659617 1.747356 2.329809 0.26108 0.52005 0.63221
vt 0.268387 0.210937
vn -0.000000 -1.000000 0.000000
f 586/586/586 587/587/587 588/588/588
v -4.077165 2.329809 2.329809 0.82273 0.82503 0.80433
vt 0.289313 0.712414
vn 1.000000 0.000000 -0.000000
v -4.077165 2.329809 3.494713 0.82273 0.82503 0.80433
vt 0.278794 0.714058
vn 1.000000 0.000000 -0.000000
v -4.077165 1.747356 2.329809 0.82273 0.82503 0.80433
vt 0.289257 0.714457
vn 1.000000 0.000000 -0.000000
f 589/589/589 590/590/590 591/591/591
v -5.242069 1.747356 5.824521 0.26108 0.52005 0.63221
vt 0.250200 0.206332
vn 0.000000 0.000000 1.000000
v -4.659617 2.329809 5.824521 0.26108 0.52005 0.63221
vt 0.249920 0.206803
vn 0.000000 0.000000 1.000000
v -5.242069 2.329809 5.824521 0.26108 0.52005 0.63221
vt 0.250091 0.206432
vn 0.000000 0.000000 1.000000
f 592/592/592 593/593/593 594/594/594
v -5.242069 1.164904 2.912261 0.26108 0.52005 0.63221
vt 0.265882 0.208567
vn 0.000000 0.000000 1.000000
v -4.659617 1.164904 2.912261 0.26108 0.52005 0.63221
vt 0.266285 0.209350
vn 0.000000 0.000000 1.000000
v -4.659617 1.747356 2.912261 0.26108 0.52005 0.63221
vt 0.266154 0.208958
vn 0.000000 0.000000 1.000000
f 595/595/595 596/596/596 597/597/597
v -4.659617 1.747356 2.912261 0.26108 0.52005 0.63221
vt 0.266154 0.208958
vn 0.000000 0.000000 1.000000
v -5.242069 1.747356 2.912261 0.26108 0.52005 0.63221
vt 0.265675 0.207948
vn 0.000000 0.000000 1.000000
v -5.242069 1.164904 2.912261 0.26108 0.52005 0.63221
vt 0.265882 0.208567
vn 0.000000 0.000000 1.000000
f 598/598/598 599/599/599 600/600/600
v -4.659617 2.329809 2.912261 0.26108 0.52005 0.63221
vt 0.264946 0.208115
vn 0.000000 0.000000 1.000000
v -5.242069 1.747356 2.912261 0.26108 0.52005 0.63221
vt 0.265177 0.207706
vn 0.000000 0.000000 1.000000
v -4.659617 1.747356 2.912261 0.26108 0.52005 0.63221
vt 0.265838 0.208806
vn 0.000000 0.000000 1.000000
f 601/601/601 602/602/602 603/603/603
v -4.077165 1.164904 5.824521 0.26108 0.52005 0.63221
vt 0.250957 0.212552
vn 0.000000 0.000000 1.000000
v -4.659617 1.164904 5.824521 0.26108 0.52005 0.63221
vt 0.251173 0.211734
vn 0.000000 0.000000 1.000000
v -4.659617 0.582452 5.824521 0.26108 0.52005 0.63221
vt 0.251510 0.212021
vn 0.000000 0.000000 1.000000
f 604/604/604 605/605/605 606/606/606
v -4.077165 2.329809 2.912261 0.26108 0.52005 0.63221
vt 0.264632 0.210785
vn 0.000000 0.000000 1.000000
v -4.659617 2.329809 2.912261 0.26108 0.52005 0.63221
vt 0.264655 0.209754
vn 0.000000 0.000000 1.000000
v -4.659617 1.747356 2.912261 0.26108 0.52005 0.63221
vt 0.265508 0.210104
vn 0.000000 0.000000 1.000000
f 607/607/607 608/608/608 609/609/609
v -4.077165 1.747356 2.912261 0.26108 0.52005 0.63221
vt 0.264697 0.211794
vn 0.000000 -0.000000 1.000000
v -4.077165 2.329809 2.912261 0.26108 0.52005 0.63221
vt 0.264632 0.210785
vn 0.000000 -0.000000 1.000000
v -4.659617 1.747356 2.912261 0.26108 0.52005 0.63221
vt 0.265493 0.210757
vn 0.000000 -0.000000 1.000000
f 610/610/610 611/611/611 612/612/612
v -5.242069 1.164904 5.824521 0.26108 0.52005 0.63221
vt 0.251682 0.209476
vn -0.000000 0.000000 1.000000
v -4.659617 0.582452 5.824521 0.26108 0.52005 0.63221
vt 0.251655 0.210816
vn -0.000000 0.000000 1.000000
v -4.659617 1.164904 5.824521 0.26108 0.52005 0.63221
vt 0.251301 0.210670
vn -0.000000 0.000000 1.000000
f 613/613/613 614/614/614 615/615/615
v -4.077165 2.329809 5.824521 0.26108 0.52005 0.63221
vt 0.249887 0.209871
vn -0.000000 -1.000000 0.000000
v -4.659617 2.329809 5.824521 0.26108 0.52005 0.63221
vt 0.249908 0.208840
vn -0.000000 -1.000000 0.000000
v -4.659617 2.329809 5.242069 0.26108 0.52005 0.63221
vt 0.250794 0.208895
vn -0.000000 -1.000000 0.000000
f 616/616/616 617/617/617 618/618/618
v -4.659617 2.329809 5.242069 0.26108 0.52005 0.63221
vt 0.250794 0.208895
vn 0.000000 -1.000000 0.000000
v -4.077165 2.329809 5.242069 0.26108 0.52005 0.63221
vt 0.250773 0.209926
vn 0.000000 -1.000000 0.000000
v -4.077165 2.329809 5.824521 0.26108 0.52005 0.63221
vt 0.249887 0.209871
vn 0.000000 -1.000000 0.000000
f 619/619/619 620/620/620 621/621/621
v -5.242069 1.164904 1.747356 0.82273 0.82503 0.80433
vt 0.298371 0.704663
vn 0.000000 1.000000 0.000000
v -4.659617 1.164904 2.329809 0.82273 0.82503 0.80433
vt 0.297979 0.705626
vn 0.000000 1.000000 0.000000
v -4.659617 1.164904 1.747356 0.82273 0.82503 0.80433
vt 0.298497 0.705329
vn 0.000000 1.000000 0.000000
f 622/622/622 623/623/623 624/624/624
v -4.077165 1.747356 5.824521 0.26108 0.52005 0.63221
vt 0.249960 0.210880
vn -1.000000 0.000000 0.000000
v -4.077165 2.329809 5.824521 0.26108 0.52005 0.63221
vt 0.249887 0.209871
vn -1.000000 0.000000 0.000000
v -4.077165 2.329809 5.242069 0.26108 0.52005 0.63221
vt 0.250773 0.209926
vn -1.000000 0.000000 0.000000
f 625/625/625 626/626/626 627/627/627
v -4.077165 2.329809 5.242069 0.26108 0.52005 0.63221
vt 0.250773 0.209926
vn -1.000000 0.000000 0.000000
v -4.077165 1.747356 5.242069 0.26108 0.52005 0.63221
vt 0.250845 0.210935
vn -1.000000 0.000000 0.000000
v -4.077165 1.747356 5.824521 0.26108 0.52005 0.63221
vt 0.249960 0.210880
vn -1.000000 0.000000 0.000000
f 628/628/628 629/629/629 630/630/630
v -4.659617 1.164904 2.329809 0.82273 0.82503 0.80433
vt 0.297865 0.705028
vn 0.707107 0.000000 -0.707107
v -5.242069 1.747356 1.747356 0.82273 0.82503 0.80433
vt 0.298122 0.704500
vn 0.707107 0.000000 -0.707107
v -4.659617 1.747356 2.329809 0.82273 0.82503 0.80433
vt 0.297641 0.704883
vn 0.707107 0.000000 -0.707107
f 631/631/631 632/632/632 633/633/633
v -5.242069 1.747356 1.747356 0.82273 0.82503 0.80433
vt 0.298122 0.704500
vn 0.707107 0.000000 -0.707107
v -4.659617 1.164904 2.329809 0.82273 0.82503 0.80433
vt 0.297865 0.705028
vn 0.707107 0.000000 -0.707107
v -5.242069 1.164904 1.747356 0.82273 0.82503 0.80433
vt 0.298371 0.704663
vn 0.707107 0.000000 -0.707107
f 634/634/634 635/635/635 636/636/636
v -4.659617 2.329809 5.824521 0.26108 0.52005 0.63221
vt 0.250208 0.207202
vn 0.707107 -0.707107 0.000000
v -5.242069 1.747356 5.824521 0.26108 0.52005 0.63221
vt 0.250451 0.206794
vn 0.707107 -0.707107 0.000000
v -5.242069 1.747356 5.242069 0.26108 0.52005 0.63221
vt 0.251336 0.206849
vn 0.707107 -0.707107 0.000000
f 637/637/637 638/638/638 639/639/639
v -5.242069 1.747356 5.242069 0.26108 0.52005 0.63221
vt 0.251336 0.206849
vn 0.707107 -0.707107 0.000000
v -4.659617 2.329809 5.242069 0.26108 0.52005 0.63221
vt 0.251094 0.207257
vn 0.707107 -0.707107 0.000000
v -4.659617 2.329809 5.824521 0.26108 0.52005 0.63221
vt 0.250208 0.207202
vn 0.707107 -0.707107 0.000000
f 640/640/640 641/641/641 642/642/642
v -4.659617 1.747356 1.747356 0.82273 0.82503 0.80433
vt 0.297385 0.705712
vn 0.000000 -1.000000 0.000000
v -4.659617 1.747356 2.329809 0.82273 0.82503 0.80433
vt 0.297333 0.705210
vn 0.000000 -1.000000 0.000000
v -5.242069 1.747356 1.747356 0.82273 0.82503 0.80433
vt 0.297780 0.704864
vn 0.000000 -1.000000 0.000000
f 643/643/643 644/644/644 645/645/645
v -4.077165 1.164904 5.242069 0.26108 0.52005 0.63221
vt 0.251481 0.212712
vn -1.000000 0.000000 0.000000
v -4.077165 1.747356 5.824521 0.26108 0.52005 0.63221
vt 0.250338 0.212362
vn -1.000000 0.000000 0.000000
v -4.077165 1.747356 5.242069 0.26108 0.52005 0.63221
vt 0.251222 0.212417
vn -1.000000 0.000000 0.000000
f 646/646/646 647/647/647 648/648/648
v -4.077165 1.747356 5.824521 0.26108 0.52005 0.63221
vt 0.250338 0.212362
vn -1.000000 -0.000000 0.000000
v -4.077165 1.164904 5.242069 0.26108 0.52005 0.63221
vt 0.251481 0.212712
vn -1.000000 -0.000000 0.000000
v -4.077165 1.164904 5.824521 0.26108 0.52005 0.63221
vt 0.250598 0.212657
vn -1.000000 -0.000000 0.000000
f 649/649/649 650/650/650 651/651/651
v -4.077165 1.164904 2.329809 0.82273 0.82503 0.80433
vt 0.296928 0.711611
vn 0.000000 1.000000 0.000000
v -4.659617 1.164904 1.747356 0.82273 0.82503 0.80433
vt 0.297723 0.710763
vn 0.000000 1.000000 0.000000
v -4.659617 1.164904 2.329809 0.82273 0.82503 0.80433
vt 0.297284 0.710507
vn 0.000000 1.000000 0.000000
f 652/652/652 653/653/653 654/654/654
v -4.659617 1.164904 1.747356 0.82273 0.82503 0.80433
vt 0.297723 0.710763
vn 0.000000 1.000000 0.000000
v -4.077165 1.164904 2.329809 0.82273 0.82503 0.80433
vt 0.296928 0.711611
vn 0.000000 1.000000 0.000000
v -4.077165 1.164904 1.747356 0.82273 0.82503 0.80433
vt 0.297327 0.711993
vn 0.000000 1.000000 0.000000
f 655/655/655 656/656/656 657/657/657
v -5.242069 1.747356 5.824521 0.26108 0.52005 0.63221
vt 0.250978 0.207037
vn 1.000000 0.000000 0.000000
v -5.242069 1.164904 5.824521 0.26108 0.52005 0.63221
vt 0.251199 0.207657
vn 1.000000 0.000000 0.000000
v -5.242069 1.164904 5.242069 0.26108 0.52005 0.63221
vt 0.252081 0.207712
vn 1.000000 0.000000 0.000000
f 658/658/658 659/659/659 660/660/660
v -5.242069 1.164904 5.242069 0.26108 0.52005 0.63221
vt 0.252081 0.207712
vn 1.000000 0.000000 0.000000
v -5.242069 1.747356 5.242069 0.26108 0.52005 0.63221
vt 0.251861 0.207092
vn 1.000000 0.000000 0.000000
v -5.242069 1.747356 5.824521 0.26108 0.52005 0.63221
vt 0.250978 0.207037
vn 1.000000 0.000000 0.000000
f 661/661/661 662/662/662 663/663/663
v -4.659617 1.164904 5.242069 0.26108 0.52005 0.63221
vt 0.252174 0.211529
vn 0.000000 1.000000 0.000000
v -4.077165 1.164904 5.824521 0.26108 0.52005 0.63221
vt 0.251106 0.212184
vn 0.000000 1.000000 0.000000
v -4.077165 1.164904 5.242069 0.26108 0.52005 0.63221
vt 0.251987 0.212238
vn 0.000000 1.000000 0.000000
f 664/664/664 665/665/665 666/666/666
v -4.077165 1.164904 5.824521 0.26108 0.52005 0.63221
vt 0.251106 0.212184
vn 0.000000 1.000000 0.000000
v -4.659617 1.164904 5.242069 0.26108 0.52005 0.63221
vt 0.252174 0.211529
vn 0.000000 1.000000 0.000000
v -4.659617 1.164904 5.824521 0.26108 0.52005 0.63221
vt 0.251293 0.211475
vn 0.000000 1.000000 0.000000
f 667/667/667 668/668/668 669/669/669
v -4.077165 1.747356 2.329809 0.82273 0.82503 0.80433
vt 0.296265 0.712715
vn -1.000000 -0.000000 0.000000
v -4.077165 1.164904 1.747356 0.82273 0.82503 0.80433
vt 0.296934 0.712848
vn -1.000000 -0.000000 0.000000
v -4.077165 1.164904 2.329809 0.82273 0.82503 0.80433
vt 0.296574 0.712378
vn -1.000000 -0.000000 0.000000
f 670/670/670 671/671/671 672/672/672
v -4.077165 1.164904 1.747356 0.82273 0.82503 0.80433
vt 0.296934 0.712848
vn -1.000000 0.000000 0.000000
v -4.077165 1.747356 2.329809 0.82273 0.82503 0.80433
vt 0.296265 0.712715
vn -1.000000 0.000000 0.000000
v -4.077165 1.747356 1.747356 0.82273 0.82503 0.80433
vt 0.296590 0.713224
vn -1.000000 0.000000 0.000000
f 673/673/673 674/674/674 675/675/675
v -5.242069 1.164904 5.242069 0.26108 0.52005 0.63221
vt 0.252235 0.208577
vn 0.000000 1.000000 0.000000
v -4.659617 1.164904 5.824521 0.26108 0.52005 0.63221
vt 0.251425 0.209527
vn 0.000000 1.000000 0.000000
v -4.659617 1.164904 5.242069 0.26108 0.52005 0.63221
vt 0.252306 0.209582
vn 0.000000 1.000000 0.000000
f 676/676/676 677/677/677 678/678/678
v -4.659617 1.164904 5.824521 0.26108 0.52005 0.63221
vt 0.251425 0.209527
vn 0.000000 1.000000 0.000000
v -5.242069 1.164904 5.242069 0.26108 0.52005 0.63221
vt 0.252235 0.208577
vn 0.000000 1.000000 0.000000
v -5.242069 1.164904 5.824521 0.26108 0.52005 0.63221
vt 0.251354 0.208522
vn 0.000000 1.000000 0.000000
f 679/679/679 680/680/680 681/681/681
v -4.659617 1.747356 2.329809 0.82273 0.82503 0.80433
vt 0.295930 0.711006
vn 0.000000 -1.000000 0.000000
v -4.077165 1.747356 1.747356 0.82273 0.82503 0.80433
vt 0.296208 0.712413
vn 0.000000 -1.000000 0.000000
v -4.077165 1.747356 2.329809 0.82273 0.82503 0.80433
vt 0.295922 0.711986
vn 0.000000 -1.000000 0.000000
f 682/682/682 683/683/683 684/684/684
v -4.077165 1.747356 1.747356 0.82273 0.82503 0.80433
vt 0.296208 0.712413
vn 0.000000 -1.000000 0.000000
v -4.659617 1.747356 2.329809 0.82273 0.82503 0.80433
vt 0.295930 0.711006
vn 0.000000 -1.000000 0.000000
v -4.659617 1.747356 1.747356 0.82273 0.82503 0.80433
vt 0.296217 0.711321
vn 0.000000 -1.000000 0.000000
f 685/685/685 686/686/686 687/687/687
v 0.000000 2.329809 5.824521 0.26108 0.52005 0.63221
vt 0.245917 0.229696
vn 0.707107 0.000000 0.707107
v 0.000000 1.747356 5.824521 0.26108 0.52005 0.63221
vt 0.246134 0.230612
vn 0.707107 0.000000 0.707107
v 1.164904 2.329809 4.659617 0.26108 0.52005 0.63221
vt 0.251075 0.236187
vn 0.707107 0.000000 0.707107
f 688/688/688 689/689/689 690/690/690
v 1.747356 1.747356 2.912261 0.26108 0.52005 0.63221
vt 0.259552 0.239234
vn 0.000000 -1.000000 0.000000
v 1.164904 1.747356 4.659617 0.26108 0.52005 0.63221
vt 0.251927 0.237191
vn 0.000000 -1.000000 0.000000
v 0.000000 1.747356 5.824521 0.26108 0.52005 0.63221
vt 0.246959 0.231562
vn 0.000000 -1.000000 0.000000
f 691/691/691 692/692/692 693/693/693
v 0.000000 1.747356 5.824521 0.26108 0.52005 0.63221
vt 0.246959 0.231562
vn 0.000000 -1.000000 0.000000
v 0.000000 1.747356 3.494713 0.26108 0.52005 0.63221
vt 0.257648 0.232226
vn 0.000000 -1.000000 0.000000
v 1.747356 1.747356 2.912261 0.26108 0.52005 0.63221
vt 0.259552 0.239234
vn 0.000000 -1.000000 0.000000
f 694/694/694 695/695/695 696/696/696
v 1.747356 1.747356 2.912261 0.26108 0.52005 0.63221
vt 0.262126 0.241027
vn 0.000000 -1.000000 0.000000
v 1.747356 1.747356 4.077165 0.26108 0.52005 0.63221
vt 0.254258 0.240586
vn 0.000000 -1.000000 0.000000
v 1.164904 1.747356 4.659617 0.26108 0.52005 0.63221
vt 0.251927 0.237191
vn 0.000000 -1.000000 0.000000
f 697/697/697 698/698/698 699/699/699
v 1.747356 2.329809 2.912261 0.26108 0.52005 0.63221
vt 0.258491 0.237269
vn 0.000000 1.000000 0.000000
v 0.000000 2.329809 5.824521 0.26108 0.52005 0.63221
vt 0.245917 0.229696
vn 0.000000 1.000000 0.000000
v 1.164904 2.329809 4.659617 0.26108 0.52005 0.63221
vt 0.250832 0.235217
vn 0.000000 1.000000 0.000000
f 700/700/700 701/701/701 702/702/702
v 0.000000 2.329809 5.824521 0.26108 0.52005 0.63221
vt 0.245917 0.229696
vn 0.000000 1.000000 0.000000
v 1.747356 2.329809 2.912261 0.26108 0.52005 0.63221
vt 0.258491 0.237269
vn 0.000000 1.000000 0.000000
v 0.000000 2.329809 3.494713 0.26108 0.52005 0.63221
vt 0.256580 0.230233
vn 0.000000 1.000000 0.000000
f 703/703/703 704/704/704 705/705/705
v 1.747356 2.329809 2.912261 0.26108 0.52005 0.63221
vt 0.261075 0.239069
vn 0.000000 1.000000 -0.000000
v 1.164904 2.329809 4.659617 0.26108 0.52005 0.63221
vt 0.250832 0.235217
vn 0.000000 1.000000 -0.000000
v 1.747356 2.329809 4.077165 0.26108 0.52005 0.63221
vt 0.253173 0.238626
vn 0.000000 1.000000 -0.000000
f 706/706/706 707/707/707 708/708/708
v 3.494713 2.329809 1.747356 0.26108 0.52005 0.63221
vt 0.264047 0.249976
vn 0.316228 -0.948683 0.000000
v 3.494713 2.329809 3.494713 0.26108 0.52005 0.63221
vt 0.256818 0.247142
vn 0.316228 -0.948683 0.000000
v 1.747356 1.747356 4.077165 0.26108 0.52005 0.63221
vt 0.254258 0.240586
vn 0.316228 -0.948683 0.000000
f 709/709/709 710/710/710 711/711/711
v 1.747356 1.747356 4.077165 0.26108 0.52005 0.63221
vt 0.254258 0.240586
vn 0.316228 -0.948683 0.000000
v 1.747356 1.747356 2.912261 0.26108 0.52005 0.63221
vt 0.262126 0.241027
vn 0.316228 -0.948683 0.000000
v 3.494713 2.329809 1.747356 0.26108 0.52005 0.63221
vt 0.264047 0.249976
vn 0.316228 -0.948683 0.000000
f 712/712/712 713/713/713 714/714/714
v 3.494713 2.912261 1.747356 0.26108 0.52005 0.63221
vt 0.263329 0.248654
vn 0.104828 0.943456 0.314485
v 1.747356 2.329809 4.077165 0.26108 0.52005 0.63221
vt 0.253173 0.238626
vn 0.104828 0.943456 0.314485
v 3.494713 2.329809 3.494713 0.26108 0.52005 0.63221
vt 0.256374 0.246345
vn 0.104828 0.943456 0.314485
f 715/715/715 716/716/716 717/717/717
v 1.747356 2.329809 4.077165 0.26108 0.52005 0.63221
vt 0.253173 0.238626
vn -0.316228 0.948683 0.000000
v 3.494713 2.912261 1.747356 0.26108 0.52005 0.63221
vt 0.263329 0.248654
vn -0.316228 0.948683 0.000000
v 1.747356 2.329809 2.912261 0.26108 0.52005 0.63221
vt 0.261075 0.239069
vn -0.316228 0.948683 0.000000
f 718/718/718 719/719/719 720/720/720
v 6.989426 2.912261 1.747356 0.26108 0.52005 0.63221
vt 0.263936 0.264863
vn 0.554700 0.000000 0.832050
v 6.989426 2.329809 1.747356 0.26108 0.52005 0.63221
vt 0.263784 0.265122
vn 0.554700 0.000000 0.832050
v 8.736782 2.912261 0.582452 0.26108 0.52005 0.63221
vt 0.266899 0.272762
vn 0.554700 0.000000 0.832050
f 721/721/721 722/722/722 723/723/723
v 6.989426 2.329809 1.747356 0.26108 0.52005 0.63221
vt 0.263784 0.265122
vn 0.316228 -0.000000 0.948683
v 6.989426 2.912261 1.747356 0.26108 0.52005 0.63221
vt 0.263936 0.264863
vn 0.316228 -0.000000 0.948683
v 5.242069 2.329809 2.329809 0.26108 0.52005 0.63221
vt 0.260128 0.255532
vn 0.316228 -0.000000 0.948683
f 724/724/724 725/725/725 726/726/726
v 6.406973 2.912261 0.582452 0.26108 0.52005 0.63221
vt 0.267299 0.262438
vn -0.272166 0.952579 0.136083
v 5.242069 2.329809 2.329809 0.26108 0.52005 0.63221
vt 0.260128 0.255532
vn -0.272166 0.952579 0.136083
v 6.989426 2.912261 1.747356 0.26108 0.52005 0.63221
vt 0.263936 0.264863
vn -0.272166 0.952579 0.136083
f 727/727/727 728/728/728 729/729/729
v 5.242069 2.329809 2.329809 0.26108 0.52005 0.63221
vt 0.260128 0.255532
vn 0.577350 0.577350 0.577350
v 6.406973 2.912261 0.582452 0.26108 0.52005 0.63221
vt 0.267299 0.262438
vn 0.577350 0.577350 0.577350
v 5.242069 2.912261 1.747356 0.26108 0.52005 0.63221
vt 0.264972 0.255446
vn 0.577350 0.577350 0.577350
f 730/730/730 731/731/731 732/732/732
v 5.242069 2.912261 1.747356 0.26108 0.52005 0.63221
vt 0.264972 0.255446
vn 0.426401 0.639602 0.639602
v 3.494713 2.329809 3.494713 0.26108 0.52005 0.63221
vt 0.256374 0.246345
vn 0.426401 0.639602 0.639602
v 5.242069 2.329809 2.329809 0.26108 0.52005 0.63221
vt 0.260128 0.255532
vn 0.426401 0.639602 0.639602
f 733/733/733 734/734/734 735/735/735
v 3.494713 2.329809 3.494713 0.26108 0.52005 0.63221
vt 0.256374 0.246345
vn 0.000000 0.948683 0.316228
v 5.242069 2.912261 1.747356 0.26108 0.52005 0.63221
vt 0.264972 0.255446
vn 0.000000 0.948683 0.316228
v 3.494713 2.912261 1.747356 0.26108 0.52005 0.63221
vt 0.263329 0.248654
vn 0.000000 0.948683 0.316228
f 736/736/736 737/737/737 738/738/738
v 5.242069 2.329809 1.747356 0.26108 0.52005 0.63221
vt 0.265593 0.256579
vn 0.000000 -1.000000 0.000000
v 5.242069 2.329809 2.329809 0.26108 0.52005 0.63221
vt 0.260483 0.256167
vn 0.000000 -1.000000 0.000000
v 3.494713 2.329809 3.494713 0.26108 0.52005 0.63221
vt 0.256818 0.247142
vn 0.000000 -1.000000 0.000000
f 739/739/739 740/740/740 741/741/741
v 3.494713 2.329809 3.494713 0.26108 0.52005 0.63221
vt 0.256818 0.247142
vn 0.000000 -1.000000 0.000000
v 3.494713 2.329809 1.747356 0.26108 0.52005 0.63221
vt 0.264047 0.249976
vn 0.000000 -1.000000 0.000000
v 5.242069 2.329809 1.747356 0.26108 0.52005 0.63221
vt 0.265593 0.256579
vn 0.000000 -1.000000 0.000000
f 742/742/742 743/743/743 744/744/744
v 6.406973 2.329809 0.582452 0.26108 0.52005 0.63221
vt 0.267865 0.263465
vn 0.000000 -1.000000 0.000000
v 6.989426 2.329809 1.747356 0.26108 0.52005 0.63221
vt 0.264249 0.265418
vn 0.000000 -1.000000 0.000000
v 5.242069 2.329809 2.329809 0.26108 0.52005 0.63221
vt 0.260483 0.256167
vn 0.000000 -1.000000 0.000000
f 745/745/745 746/746/746 747/747/747
v 5.242069 2.329809 2.329809 0.26108 0.52005 0.63221
vt 0.260483 0.256167
vn 0.000000 -1.000000 0.000000
v 5.242069 2.329809 1.747356 0.26108 0.52005 0.63221
vt 0.265593 0.256579
vn 0.000000 -1.000000 0.000000
v 6.406973 2.329809 0.582452 0.26108 0.52005 0.63221
vt 0.267865 0.263465
vn 0.000000 -1.000000 0.000000
f 748/748/748 749/749/749 750/750/750
v 1.164904 1.747356 1.164904 0.26108 0.52005 0.63221
vt 0.268841 0.239773
vn 0.000000 -1.000000 0.000000
v 1.747356 1.747356 2.912261 0.26108 0.52005 0.63221
vt 0.259552 0.239234
vn 0.000000 -1.000000 0.000000
v 0.000000 1.747356 3.494713 0.26108 0.52005 0.63221
vt 0.257648 0.232226
vn 0.000000 -1.000000 0.000000
f 751/751/751 752/752/752 753/753/753
v 0.000000 1.747356 3.494713 0.26108 0.52005 0.63221
vt 0.257648 0.232226
vn 0.000000 -1.000000 0.000000
v 0.000000 1.747356 1.747356 0.26108 0.52005 0.63221
vt 0.268341 0.232892
vn 0.000000 -1.000000 0.000000
v 1.164904 1.747356 1.164904 0.26108 0.52005 0.63221
vt 0.268841 0.239773
vn 0.000000 -1.000000 0.000000
f 754/754/754 755/755/755 756/756/756
v 1.747356 1.747356 2.912261 0.26108 0.52005 0.63221
vt 0.259552 0.239234
vn 0.000000 -1.000000 -0.000000
v 1.164904 1.747356 1.164904 0.26108 0.52005 0.63221
vt 0.268841 0.239773
vn 0.000000 -1.000000 -0.000000
v 1.747356 1.747356 1.164904 0.26108 0.52005 0.63221
vt 0.269995 0.241469
vn 0.000000 -1.000000 -0.000000
f 757/757/757 758/758/758 759/759/759
v 1.164904 2.329809 1.164904 0.26108 0.52005 0.63221
vt 0.267821 0.237810
vn 0.000000 1.000000 -0.000000
v 0.000000 2.329809 3.494713 0.26108 0.52005 0.63221
vt 0.256580 0.230233
vn 0.000000 1.000000 -0.000000
v 1.747356 2.329809 2.912261 0.26108 0.52005 0.63221
vt 0.258491 0.237269
vn 0.000000 1.000000 -0.000000
f 760/760/760 761/761/761 762/762/762
v 0.000000 2.329809 3.494713 0.26108 0.52005 0.63221
vt 0.256580 0.230233
vn 0.000000 1.000000 0.000000
v 1.164904 2.329809 1.164904 0.26108 0.52005 0.63221
vt 0.267821 0.237810
vn 0.000000 1.000000 0.000000
v 0.000000 2.329809 1.747356 0.26108 0.52005 0.63221
vt 0.267320 0.230902
vn 0.000000 1.000000 0.000000
f 763/763/763 764/764/764 765/765/765
v 1.747356 2.329809 2.912261 0.26108 0.52005 0.63221
vt 0.258491 0.237269
vn 0.000000 1.000000 0.000000
v 1.747356 2.329809 1.164904 0.26108 0.52005 0.63221
vt 0.268980 0.239512
vn 0.000000 1.000000 0.000000
v 1.164904 2.329809 1.164904 0.26108 0.52005 0.63221
vt 0.267821 0.237810
vn 0.000000 1.000000 0.000000
f 766/766/766 767/767/767 768/768/768
v 4.077165 2.329809 0.582452 0.26108 0.52005 0.63221
vt 0.270273 0.252891
vn 0.436436 -0.872872 0.218218
v 3.494713 2.329809 1.747356 0.26108 0.52005 0.63221
vt 0.264047 0.249976
vn 0.436436 -0.872872 0.218218
v 1.747356 1.747356 2.912261 0.26108 0.52005 0.63221
vt 0.262126 0.241027
vn 0.436436 -0.872872 0.218218
f 769/769/769 770/770/770 771/771/771
v 1.747356 1.747356 2.912261 0.26108 0.52005 0.63221
vt 0.262126 0.241027
vn 0.242536 -0.970143 0.000000
v 1.747356 1.747356 1.164904 0.26108 0.52005 0.63221
vt 0.269995 0.241469
vn 0.242536 -0.970143 0.000000
v 4.077165 2.329809 0.582452 0.26108 0.52005 0.63221
vt 0.270273 0.252891
vn 0.242536 -0.970143 0.000000
f 772/772/772 773/773/773 774/774/774
v 4.077165 2.912261 0.582452 0.26108 0.52005 0.63221
vt 0.269635 0.251692
vn -0.436436 0.872872 -0.218218
v 1.747356 2.329809 2.912261 0.26108 0.52005 0.63221
vt 0.261075 0.239069
vn -0.436436 0.872872 -0.218218
v 3.494713 2.912261 1.747356 0.26108 0.52005 0.63221
vt 0.263329 0.248654
vn -0.436436 0.872872 -0.218218
f 775/775/775 776/776/776 777/777/777
v 1.747356 2.329809 2.912261 0.26108 0.52005 0.63221
vt 0.261075 0.239069
vn -0.242536 0.970143 0.000000
v 4.077165 2.912261 0.582452 0.26108 0.52005 0.63221
vt 0.269635 0.251692
vn -0.242536 0.970143 0.000000
v 1.747356 2.329809 1.164904 0.26108 0.52005 0.63221
vt 0.268980 0.239512
vn -0.242536 0.970143 0.000000
f 778/778/778 779/779/779 780/780/780
v 5.242069 2.912261 0.582452 0.26108 0.52005 0.63221
vt 0.270006 0.255701
vn 0.000000 1.000000 -0.000000
v 3.494713 2.912261 1.747356 0.26108 0.52005 0.63221
vt 0.263329 0.248654
vn 0.000000 1.000000 -0.000000
v 5.242069 2.912261 1.747356 0.26108 0.52005 0.63221
vt 0.264972 0.255446
vn 0.000000 1.000000 -0.000000
f 781/781/781 782/782/782 783/783/783
v 5.242069 2.329809 0.582452 0.26108 0.52005 0.63221
vt 0.270564 0.256742
vn 0.000000 -1.000000 0.000000
v 5.242069 2.329809 1.747356 0.26108 0.52005 0.63221
vt 0.265593 0.256579
vn 0.000000 -1.000000 0.000000
v 3.494713 2.329809 1.747356 0.26108 0.52005 0.63221
vt 0.264047 0.249976
vn 0.000000 -1.000000 0.000000
f 784/784/784 785/785/785 786/786/786
v 1.164904 1.747356 4.659617 0.26108 0.52005 0.63221
vt 0.251927 0.237191
vn 0.707107 -0.000000 0.707107
v 1.164904 2.329809 4.659617 0.26108 0.52005 0.63221
vt 0.251075 0.236187
vn 0.707107 -0.000000 0.707107
v 0.000000 1.747356 5.824521 0.26108 0.52005 0.63221
vt 0.246134 0.230612
vn 0.707107 -0.000000 0.707107
f 787/787/787 788/788/788 789/789/789
v 1.747356 1.747356 4.077165 0.26108 0.52005 0.63221
vt 0.254258 0.240586
vn 0.707107 -0.000000 0.707107
v 1.747356 2.329809 4.077165 0.26108 0.52005 0.63221
vt 0.253410 0.239589
vn 0.707107 -0.000000 0.707107
v 1.164904 2.329809 4.659617 0.26108 0.52005 0.63221
vt 0.251075 0.236187
vn 0.707107 -0.000000 0.707107
f 790/790/790 791/791/791 792/792/792
v 1.164904 2.329809 4.659617 0.26108 0.52005 0.63221
vt 0.251075 0.236187
vn 0.707107 0.000000 0.707107
v 1.164904 1.747356 4.659617 0.26108 0.52005 0.63221
vt 0.251927 0.237191
vn 0.707107 0.000000 0.707107
v 1.747356 1.747356 4.077165 0.26108 0.52005 0.63221
vt 0.254258 0.240586
vn 0.707107 0.000000 0.707107
f 793/793/793 794/794/794 795/795/795
v 1.747356 2.329809 4.077165 0.26108 0.52005 0.63221
vt 0.253410 0.239589
vn 0.316228 0.000000 0.948683
v 1.747356 1.747356 4.077165 0.26108 0.52005 0.63221
vt 0.254258 0.240586
vn 0.316228 0.000000 0.948683
v 3.494713 2.329809 3.494713 0.26108 0.52005 0.63221
vt 0.256818 0.247142
vn 0.316228 0.000000 0.948683
f 796/796/796 797/797/797 798/798/798
v -1.164904 2.329809 4.659617 0.26108 0.52005 0.63221
vt 0.252386 0.225213
vn -0.707107 0.000000 0.707107
v 0.000000 1.747356 5.824521 0.26108 0.52005 0.63221
vt 0.246134 0.230612
vn -0.707107 0.000000 0.707107
v 0.000000 2.329809 5.824521 0.26108 0.52005 0.63221
vt 0.245917 0.229696
vn -0.707107 0.000000 0.707107
f 799/799/799 800/800/800 801/801/801
v 0.000000 1.747356 5.824521 0.26108 0.52005 0.63221
vt 0.246959 0.231562
vn 0.000000 -1.000000 0.000000
v -1.164904 1.747356 4.659617 0.26108 0.52005 0.63221
vt 0.253233 0.226238
vn 0.000000 -1.000000 0.000000
v -1.747356 1.747356 2.912261 0.26108 0.52005 0.63221
vt 0.261208 0.225174
vn 0.000000 -1.000000 0.000000
f 802/802/802 803/803/803 804/804/804
v -1.747356 1.747356 2.912261 0.26108 0.52005 0.63221
vt 0.261208 0.225174
vn 0.000000 -1.000000 0.000000
v 0.000000 1.747356 3.494713 0.26108 0.52005 0.63221
vt 0.257648 0.232226
vn 0.000000 -1.000000 0.000000
v 0.000000 1.747356 5.824521 0.26108 0.52005 0.63221
vt 0.246959 0.231562
vn 0.000000 -1.000000 0.000000
f 805/805/805 806/806/806 807/807/807
v -1.164904 1.747356 4.659617 0.26108 0.52005 0.63221
vt 0.253233 0.226238
vn 0.000000 -1.000000 0.000000
v -1.747356 1.747356 4.077165 0.26108 0.52005 0.63221
vt 0.256335 0.223099
vn 0.000000 -1.000000 0.000000
v -1.747356 1.747356 2.912261 0.26108 0.52005 0.63221
vt 0.264165 0.223634
vn 0.000000 -1.000000 0.000000
f 808/808/808 809/809/809 810/810/810
v -1.747356 2.329809 2.912261 0.26108 0.52005 0.63221
vt 0.260157 0.223152
vn 0.000000 1.000000 0.000000
v 0.000000 2.329809 5.824521 0.26108 0.52005 0.63221
vt 0.245917 0.229696
vn 0.000000 1.000000 0.000000
v 0.000000 2.329809 3.494713 0.26108 0.52005 0.63221
vt 0.256580 0.230233
vn 0.000000 1.000000 0.000000
f 811/811/811 812/812/812 813/813/813
v 0.000000 2.329809 5.824521 0.26108 0.52005 0.63221
vt 0.245917 0.229696
vn 0.000000 1.000000 0.000000
v -1.747356 2.329809 2.912261 0.26108 0.52005 0.63221
vt 0.260157 0.223152
vn 0.000000 1.000000 0.000000
v -1.164904 2.329809 4.659617 0.26108 0.52005 0.63221
vt 0.252147 0.224221
vn 0.000000 1.000000 0.000000
f 814/814/814 815/815/815 816/816/816
v -1.164904 2.329809 4.659617 0.26108 0.52005 0.63221
vt 0.252147 0.224221
vn 0.000000 1.000000 0.000000
v -1.747356 2.329809 2.912261 0.26108 0.52005 0.63221
vt 0.263127 0.221606
vn 0.000000 1.000000 0.000000
v -1.747356 2.329809 4.077165 0.26108 0.52005 0.63221
vt 0.255263 0.221068
vn 0.000000 1.000000 0.000000
f 817/817/817 818/818/818 819/819/819
v -1.747356 1.747356 4.077165 0.26108 0.52005 0.63221
vt 0.256335 0.223099
vn -0.316228 -0.948683 0.000000
v -3.494713 2.329809 3.494713 0.26108 0.52005 0.63221
vt 0.260611 0.215031
vn -0.316228 -0.948683 0.000000
v -3.494713 2.329809 1.747356 0.26108 0.52005 0.63221
vt 0.268297 0.213545
vn -0.316228 -0.948683 0.000000
f 820/820/820 821/821/821 822/822/822
v -3.494713 2.329809 1.747356 0.26108 0.52005 0.63221
vt 0.268297 0.213545
vn -0.316228 -0.948683 0.000000
v -1.747356 1.747356 2.912261 0.26108 0.52005 0.63221
vt 0.264165 0.223634
vn -0.316228 -0.948683 0.000000
v -1.747356 1.747356 4.077165 0.26108 0.52005 0.63221
vt 0.256335 0.223099
vn -0.316228 -0.948683 0.000000
f 823/823/823 824/824/824 825/825/825
v -3.494713 2.912261 1.747356 0.26108 0.52005 0.63221
vt 0.267597 0.212122
vn 0.316228 0.948683 0.000000
v -1.747356 2.329809 4.077165 0.26108 0.52005 0.63221
vt 0.255263 0.221068
vn 0.316228 0.948683 0.000000
v -1.747356 2.329809 2.912261 0.26108 0.52005 0.63221
vt 0.263127 0.221606
vn 0.316228 0.948683 0.000000
f 826/826/826 827/827/827 828/828/828
v -1.747356 2.329809 4.077165 0.26108 0.52005 0.63221
vt 0.255263 0.221068
vn -0.104828 0.943456 0.314485
v -3.494713 2.912261 1.747356 0.26108 0.52005 0.63221
vt 0.267597 0.212122
vn -0.104828 0.943456 0.314485
v -3.494713 2.329809 3.494713 0.26108 0.52005 0.63221
vt 0.260177 0.214181
vn -0.104828 0.943456 0.314485
f 829/829/829 830/830/830 831/831/831
v -8.736782 2.912261 0.582452 0.26108 0.52005 0.63221
vt 0.276573 0.189065
vn -0.554700 0.000000 0.832050
v -6.989426 2.329809 1.747356 0.26108 0.52005 0.63221
vt 0.271771 0.196483
vn -0.554700 0.000000 0.832050
v -6.989426 2.912261 1.747356 0.26108 0.52005 0.63221
vt 0.271926 0.196183
vn -0.554700 0.000000 0.832050
f 832/832/832 833/833/833 834/834/834
v -5.242069 2.329809 2.329809 0.26108 0.52005 0.63221
vt 0.266026 0.205244
vn -0.316228 0.000000 0.948683
v -6.989426 2.912261 1.747356 0.26108 0.52005 0.63221
vt 0.271926 0.196183
vn -0.316228 0.000000 0.948683
v -6.989426 2.329809 1.747356 0.26108 0.52005 0.63221
vt 0.271771 0.196483
vn -0.316228 0.000000 0.948683
f 835/835/835 836/836/836 837/837/837
v -6.406973 2.912261 0.582452 0.26108 0.52005 0.63221
vt 0.274686 0.198609
vn -0.577350 0.577350 0.577350
v -5.242069 2.329809 2.329809 0.26108 0.52005 0.63221
vt 0.266026 0.205244
vn -0.577350 0.577350 0.577350
v -5.242069 2.912261 1.747356 0.26108 0.52005 0.63221
vt 0.270793 0.205416
vn -0.577350 0.577350 0.577350
f 838/838/838 839/839/839 840/840/840
v -5.242069 2.329809 2.329809 0.26108 0.52005 0.63221
vt 0.266026 0.205244
vn 0.272166 0.952579 0.136083
v -6.406973 2.912261 0.582452 0.26108 0.52005 0.63221
vt 0.274686 0.198609
vn 0.272166 0.952579 0.136083
v -6.989426 2.912261 1.747356 0.26108 0.52005 0.63221
vt 0.271926 0.196183
vn 0.272166 0.952579 0.136083
f 841/841/841 842/842/842 843/843/843
v -5.242069 2.912261 1.747356 0.26108 0.52005 0.63221
vt 0.270793 0.205416
vn -0.000000 0.948683 0.316228
v -3.494713 2.329809 3.494713 0.26108 0.52005 0.63221
vt 0.260177 0.214181
vn -0.000000 0.948683 0.316228
v -3.494713 2.912261 1.747356 0.26108 0.52005 0.63221
vt 0.267597 0.212122
vn -0.000000 0.948683 0.316228
f 844/844/844 845/845/845 846/846/846
v -3.494713 2.329809 3.494713 0.26108 0.52005 0.63221
vt 0.260177 0.214181
vn -0.426401 0.639602 0.639602
v -5.242069 2.912261 1.747356 0.26108 0.52005 0.63221
vt 0.270793 0.205416
vn -0.426401 0.639602 0.639602
v -5.242069 2.329809 2.329809 0.26108 0.52005 0.63221
vt 0.266026 0.205244
vn -0.426401 0.639602 0.639602
f 847/847/847 848/848/848 849/849/849
v -3.494713 2.329809 3.494713 0.26108 0.52005 0.63221
vt 0.260611 0.215031
vn 0.000000 -1.000000 0.000000
v -5.242069 2.329809 2.329809 0.26108 0.52005 0.63221
vt 0.266369 0.205946
vn 0.000000 -1.000000 0.000000
v -5.242069 2.329809 1.747356 0.26108 0.52005 0.63221
vt 0.271393 0.206670
vn 0.000000 -1.000000 0.000000
f 850/850/850 851/851/851 852/852/852
v -5.242069 2.329809 1.747356 0.26108 0.52005 0.63221
vt 0.271393 0.206670
vn 0.000000 -1.000000 0.000000
v -3.494713 2.329809 1.747356 0.26108 0.52005 0.63221
vt 0.268297 0.213545
vn 0.000000 -1.000000 0.000000
v -3.494713 2.329809 3.494713 0.26108 0.52005 0.63221
vt 0.260611 0.215031
vn 0.000000 -1.000000 0.000000
f 853/853/853 854/854/854 855/855/855
v -5.242069 2.329809 2.329809 0.26108 0.52005 0.63221
vt 0.266369 0.205946
vn 0.000000 -1.000000 0.000000
v -6.989426 2.329809 1.747356 0.26108 0.52005 0.63221
vt 0.272224 0.196821
vn 0.000000 -1.000000 0.000000
v -6.406973 2.329809 0.582452 0.26108 0.52005 0.63221
vt 0.275228 0.199777
vn 0.000000 -1.000000 0.000000
f 856/856/856 857/857/857 858/858/858
v -6.406973 2.329809 0.582452 0.26108 0.52005 0.63221
vt 0.275228 0.199777
vn 0.000000 -1.000000 0.000000
v -5.242069 2.329809 1.747356 0.26108 0.52005 0.63221
vt 0.271393 0.206670
vn 0.000000 -1.000000 0.000000
v -5.242069 2.329809 2.329809 0.26108 0.52005 0.63221
vt 0.266369 0.205946
vn 0.000000 -1.000000 0.000000
f 859/859/859 860/860/860 861/861/861
v 0.000000 1.747356 3.494713 0.26108 0.52005 0.63221
vt 0.257648 0.232226
vn 0.000000 -1.000000 0.000000
v -1.747356 1.747356 2.912261 0.26108 0.52005 0.63221
vt 0.261208 0.225174
vn 0.000000 -1.000000 0.000000
v -1.164904 1.747356 1.164904 0.26108 0.52005 0.63221
vt 0.270463 0.225789
vn 0.000000 -1.000000 0.000000
f 862/862/862 863/863/863 864/864/864
v -1.164904 1.747356 1.164904 0.26108 0.52005 0.63221
vt 0.270463 0.225789
vn 0.000000 -1.000000 0.000000
v 0.000000 1.747356 1.747356 0.26108 0.52005 0.63221
vt 0.268341 0.232892
vn 0.000000 -1.000000 0.000000
v 0.000000 1.747356 3.494713 0.26108 0.52005 0.63221
vt 0.257648 0.232226
vn 0.000000 -1.000000 0.000000
f 865/865/865 866/866/866 867/867/867
v -1.747356 1.747356 1.164904 0.26108 0.52005 0.63221
vt 0.271996 0.224170
vn 0.000000 -1.000000 0.000000
v -1.164904 1.747356 1.164904 0.26108 0.52005 0.63221
vt 0.270463 0.225789
vn 0.000000 -1.000000 0.000000
v -1.747356 1.747356 2.912261 0.26108 0.52005 0.63221
vt 0.261208 0.225174
vn 0.000000 -1.000000 0.000000
f 868/868/868 869/869/869 870/870/870
v -1.164904 2.329809 1.164904 0.26108 0.52005 0.63221
vt 0.269452 0.223770
vn 0.000000 1.000000 0.000000
v 0.000000 2.329809 3.494713 0.26108 0.52005 0.63221
vt 0.256580 0.230233
vn 0.000000 1.000000 0.000000
v 0.000000 2.329809 1.747356 0.26108 0.52005 0.63221
vt 0.267320 0.230902
vn 0.000000 1.000000 0.000000
f 871/871/871 872/872/872 873/873/873
v 0.000000 2.329809 3.494713 0.26108 0.52005 0.63221
vt 0.256580 0.230233
vn 0.000000 1.000000 0.000000
v -1.164904 2.329809 1.164904 0.26108 0.52005 0.63221
vt 0.269452 0.223770
vn 0.000000 1.000000 0.000000
v -1.747356 2.329809 2.912261 0.26108 0.52005 0.63221
vt 0.260157 0.223152
vn 0.000000 1.000000 0.000000
f 874/874/874 875/875/875 876/876/876
v -1.747356 2.329809 1.164904 0.26108 0.52005 0.63221
vt 0.270993 0.222144
vn 0.000000 1.000000 0.000000
v -1.747356 2.329809 2.912261 0.26108 0.52005 0.63221
vt 0.260157 0.223152
vn 0.000000 1.000000 0.000000
v -1.164904 2.329809 1.164904 0.26108 0.52005 0.63221
vt 0.269452 0.223770
vn 0.000000 1.000000 0.000000
f 877/877/877 878/878/878 879/879/879
v -1.747356 1.747356 2.912261 0.26108 0.52005 0.63221
vt 0.264165 0.223634
vn -0.436436 -0.872872 0.218218
v -3.494713 2.329809 1.747356 0.26108 0.52005 0.63221
vt 0.268297 0.213545
vn -0.436436 -0.872872 0.218218
v -4.077165 2.329809 0.582452 0.26108 0.52005 0.63221
vt 0.275094 0.211110
vn -0.436436 -0.872872 0.218218
f 880/880/880 881/881/881 882/882/882
v -4.077165 2.329809 0.582452 0.26108 0.52005 0.63221
vt 0.275094 0.211110
vn -0.242536 -0.970143 0.000000
v -1.747356 1.747356 1.164904 0.26108 0.52005 0.63221
vt 0.271996 0.224170
vn -0.242536 -0.970143 0.000000
v -1.747356 1.747356 2.912261 0.26108 0.52005 0.63221
vt 0.264165 0.223634
vn -0.242536 -0.970143 0.000000
f 883/883/883 884/884/884 885/885/885
v -4.077165 2.912261 0.582452 0.26108 0.52005 0.63221
vt 0.274474 0.209805
vn 0.242536 0.970143 0.000000
v -1.747356 2.329809 2.912261 0.26108 0.52005 0.63221
vt 0.263127 0.221606
vn 0.242536 0.970143 0.000000
v -1.747356 2.329809 1.164904 0.26108 0.52005 0.63221
vt 0.270993 0.222144
vn 0.242536 0.970143 0.000000
f 886/886/886 887/887/887 888/888/888
v -1.747356 2.329809 2.912261 0.26108 0.52005 0.63221
vt 0.263127 0.221606
vn 0.436436 0.872872 -0.218218
v -4.077165 2.912261 0.582452 0.26108 0.52005 0.63221
vt 0.274474 0.209805
vn 0.436436 0.872872 -0.218218
v -3.494713 2.912261 1.747356 0.26108 0.52005 0.63221
vt 0.267597 0.212122
vn 0.436436 0.872872 -0.218218
f 889/889/889 890/890/890 891/891/891
v -3.494713 2.912261 1.747356 0.26108 0.52005 0.63221
vt 0.267597 0.212122
vn 0.000000 1.000000 0.000000
v -5.242069 2.912261 0.582452 0.26108 0.52005 0.63221
vt 0.275744 0.205967
vn 0.000000 1.000000 0.000000
v -5.242069 2.912261 1.747356 0.26108 0.52005 0.63221
vt 0.270793 0.205416
vn 0.000000 1.000000 0.000000
f 892/892/892 893/893/893 894/894/894
v -3.494713 2.329809 1.747356 0.26108 0.52005 0.63221
vt 0.268297 0.213545
vn -0.000000 -1.000000 0.000000
v -5.242069 2.329809 1.747356 0.26108 0.52005 0.63221
vt 0.271393 0.206670
vn -0.000000 -1.000000 0.000000
v -5.242069 2.329809 0.582452 0.26108 0.52005 0.63221
vt 0.276283 0.207118
vn -0.000000 -1.000000 0.000000
f 895/895/895 896/896/896 897/897/897
v 0.000000 1.747356 5.824521 0.26108 0.52005 0.63221
vt 0.246134 0.230612
vn -0.707107 0.000000 0.707107
v -1.164904 2.329809 4.659617 0.26108 0.52005 0.63221
vt 0.252386 0.225213
vn -0.707107 0.000000 0.707107
v -1.164904 1.747356 4.659617 0.26108 0.52005 0.63221
vt 0.253233 0.226238
vn -0.707107 0.000000 0.707107
f 898/898/898 899/899/899 900/900/900
v -1.164904 2.329809 4.659617 0.26108 0.52005 0.63221
vt 0.252386 0.225213
vn -0.707107 0.000000 0.707107
v -1.747356 2.329809 4.077165 0.26108 0.52005 0.63221
vt 0.255495 0.222067
vn -0.707107 0.000000 0.707107
v -1.747356 1.747356 4.077165 0.26108 0.52005 0.63221
vt 0.256335 0.223099
vn -0.707107 0.000000 0.707107
f 901/901/901 902/902/902 903/903/903
v -1.747356 1.747356 4.077165 0.26108 0.52005 0.63221
vt 0.256335 0.223099
vn -0.707107 0.000000 0.707107
v -1.164904 1.747356 4.659617 0.26108 0.52005 0.63221
vt 0.253233 0.226238
vn -0.707107 0.000000 0.707107
v -1.164904 2.329809 4.659617 0.26108 0.52005 0.63221
vt 0.252386 0.225213
vn -0.707107 0.000000 0.707107
f 904/904/904 905/905/905 906/906/906
v -3.494713 2.329809 3.494713 0.26108 0.52005 0.63221
vt 0.260611 0.215031
vn -0.316228 0.000000 0.948683
v -1.747356 1.747356 4.077165 0.26108 0.52005 0.63221
vt 0.256335 0.223099
vn -0.316228 0.000000 0.948683
v -1.747356 2.329809 4.077165 0.26108 0.52005 0.63221
vt 0.255495 0.222067
vn -0.316228 0.000000 0.948683
f 907/907/907 908/908/908 909/909/909
v 0.582452 1.747356 5.242069 0.28524 0.28754 0.26684
vt 0.677863 0.168995
vn 0.447214 0.000000 0.894427
v 1.747356 1.747356 4.659617 0.28524 0.28754 0.26684
vt 0.687152 0.152079
vn 0.447214 0.000000 0.894427
v 1.747356 2.912261 4.659617 0.28524 0.28754 0.26684
vt 0.685740 0.157930
vn 0.447214 0.000000 0.894427
f 910/910/910 911/911/911 912/912/912
v 1.747356 2.912261 4.659617 0.28524 0.28754 0.26684
vt 0.685740 0.157930
vn 0.447214 0.000000 0.894427
v 0.582452 2.912261 5.242069 0.28524 0.28754 0.26684
vt 0.678461 0.169628
vn 0.447214 0.000000 0.894427
v 0.582452 1.747356 5.242069 0.28524 0.28754 0.26684
vt 0.677863 0.168995
vn 0.447214 0.000000 0.894427
f 913/913/913 914/914/914 915/915/915
v 2.329809 1.747356 4.077165 0.28524 0.28754 0.26684
vt 0.691361 0.149423
vn 0.894427 0.000000 -0.447214
v 1.747356 1.164904 2.912261 0.28524 0.28754 0.26684
vt 0.708789 0.147931
vn 0.894427 0.000000 -0.447214
v 1.747356 1.747356 2.912261 0.28524 0.28754 0.26684
vt 0.707622 0.150869
vn 0.894427 0.000000 -0.447214
f 916/916/916 917/917/917 918/918/918
v 0.582452 1.164904 2.912261 0.28524 0.28754 0.26684
vt 0.707878 0.161903
vn 0.000000 -1.000000 0.000000
v 0.582452 1.164904 5.242069 0.28524 0.28754 0.26684
vt 0.682357 0.166255
vn 0.000000 -1.000000 0.000000
v 0.000000 1.164904 5.242069 0.28524 0.28754 0.26684
vt 0.682153 0.175972
vn 0.000000 -1.000000 0.000000
f 919/919/919 920/920/920 921/921/921
v 0.000000 1.164904 5.242069 0.28524 0.28754 0.26684
vt 0.682153 0.175972
vn 0.000000 -1.000000 0.000000
v 0.000000 1.164904 2.912261 0.28524 0.28754 0.26684
vt 0.708659 0.171447
vn 0.000000 -1.000000 0.000000
v 0.582452 1.164904 2.912261 0.28524 0.28754 0.26684
vt 0.707878 0.161903
vn 0.000000 -1.000000 0.000000
f 922/922/922 923/923/923 924/924/924
v 0.582452 1.164904 5.242069 0.28524 0.28754 0.26684
vt 0.682357 0.166255
vn 0.447214 0.000000 0.894427
v 1.747356 1.164904 4.659617 0.28524 0.28754 0.26684
vt 0.689159 0.153490
vn 0.447214 0.000000 0.894427
v 1.747356 1.747356 4.659617 0.28524 0.28754 0.26684
vt 0.687152 0.152079
vn 0.447214 0.000000 0.894427
f 925/925/925 926/926/926 927/927/927
v 1.747356 1.747356 4.659617 0.28524 0.28754 0.26684
vt 0.687152 0.152079
vn 0.447214 0.000000 0.894427
v 0.582452 1.747356 5.242069 0.28524 0.28754 0.26684
vt 0.677863 0.168995
vn 0.447214 0.000000 0.894427
v 0.582452 1.164904 5.242069 0.28524 0.28754 0.26684
vt 0.682357 0.166255
vn 0.447214 0.000000 0.894427
f 928/928/928 929/929/929 930/930/930
v 1.747356 2.329809 2.912261 0.28524 0.28754 0.26684
vt 0.706832 0.150854
vn 0.894427 0.000000 -0.447214
v 2.329809 2.329809 4.077165 0.28524 0.28754 0.26684
vt 0.690765 0.151630
vn 0.894427 0.000000 -0.447214
v 2.329809 1.747356 4.077165 0.28524 0.28754 0.26684
vt 0.690573 0.150857
vn 0.894427 0.000000 -0.447214
f 931/931/931 932/932/932 933/933/933
v 2.329809 1.747356 4.077165 0.28524 0.28754 0.26684
vt 0.690573 0.150857
vn 0.894427 0.000000 -0.447214
v 1.747356 1.747356 2.912261 0.28524 0.28754 0.26684
vt 0.707622 0.150869
vn 0.894427 0.000000 -0.447214
v 1.747356 2.329809 2.912261 0.28524 0.28754 0.26684
vt 0.706832 0.150854
vn 0.894427 0.000000 -0.447214
f 934/934/934 935/935/935 936/936/936
v 0.000000 1.747356 5.824521 0.28524 0.28754 0.26684
vt 0.675855 0.178352
vn 0.707107 0.000000 0.707107
v 0.582452 1.747356 5.242069 0.28524 0.28754 0.26684
vt 0.677863 0.168995
vn 0.707107 0.000000 0.707107
v 0.582452 2.912261 5.242069 0.28524 0.28754 0.26684
vt 0.678461 0.169628
vn 0.707107 0.000000 0.707107
f 937/937/937 938/938/938 939/939/939
v 0.582452 2.912261 5.242069 0.28524 0.28754 0.26684
vt 0.678461 0.169628
vn 0.000000 0.447214 0.894427
v 0.000000 2.912261 5.242069 0.28524 0.28754 0.26684
vt 0.678362 0.179824
vn 0.000000 0.447214 0.894427
v 0.000000 1.747356 5.824521 0.28524 0.28754 0.26684
vt 0.675855 0.178352
vn 0.000000 0.447214 0.894427
f 940/940/940 941/941/941 942/942/942
v 1.747356 1.164904 2.912261 0.28524 0.28754 0.26684
vt 0.709913 0.152498
vn 0.000000 -1.000000 0.000000
v 1.747356 1.164904 4.659617 0.28524 0.28754 0.26684
vt 0.689159 0.153490
vn 0.000000 -1.000000 0.000000
v 0.582452 1.164904 5.242069 0.28524 0.28754 0.26684
vt 0.682357 0.166255
vn 0.000000 -1.000000 0.000000
f 943/943/943 944/944/944 945/945/945
v 0.582452 1.164904 5.242069 0.28524 0.28754 0.26684
vt 0.682357 0.166255
vn 0.000000 -1.000000 0.000000
v 0.582452 1.164904 2.912261 0.28524 0.28754 0.26684
vt 0.707878 0.161903
vn 0.000000 -1.000000 0.000000
v 1.747356 1.164904 2.912261 0.28524 0.28754 0.26684
vt 0.709913 0.152498
vn 0.000000 -1.000000 0.000000
f 946/946/946 947/947/947 948/948/948
v 0.000000 1.164904 5.242069 0.28524 0.28754 0.26684
vt 0.682153 0.175972
vn 0.000000 0.000000 1.000000
v 0.582452 1.164904 5.242069 0.28524 0.28754 0.26684
vt 0.682357 0.166255
vn 0.000000 0.000000 1.000000
v 0.582452 1.747356 5.242069 0.28524 0.28754 0.26684
vt 0.677863 0.168995
vn 0.000000 0.000000 1.000000
f 949/949/949 950/950/950 951/951/951
v 0.582452 1.747356 5.242069 0.28524 0.28754 0.26684
vt 0.677863 0.168995
vn 0.577350 -0.577350 0.577350
v 0.000000 1.747356 5.824521 0.28524 0.28754 0.26684
vt 0.675855 0.178352
vn 0.577350 -0.577350 0.577350
v 0.000000 1.164904 5.242069 0.28524 0.28754 0.26684
vt 0.682153 0.175972
vn 0.577350 -0.577350 0.577350
f 952/952/952 953/953/953 954/954/954
v 1.747356 1.747356 1.164904 0.28524 0.28754 0.26684
vt 0.728027 0.147291
vn 1.000000 0.000000 -0.000000
v 1.747356 1.747356 2.912261 0.28524 0.28754 0.26684
vt 0.707622 0.150869
vn 1.000000 0.000000 -0.000000
v 1.747356 1.164904 2.912261 0.28524 0.28754 0.26684
vt 0.708789 0.147931
vn 1.000000 0.000000 -0.000000
f 955/955/955 956/956/956 957/957/957
v 1.747356 1.164904 2.912261 0.28524 0.28754 0.26684
vt 0.708789 0.147931
vn 1.000000 0.000000 0.000000
v 1.747356 1.164904 1.164904 0.28524 0.28754 0.26684
vt 0.729272 0.144385
vn 1.000000 0.000000 0.000000
v 1.747356 1.747356 1.164904 0.28524 0.28754 0.26684
vt 0.728027 0.147291
vn 1.000000 0.000000 0.000000
f 958/958/958 959/959/959 960/960/960
v 0.000000 2.912261 2.912261 0.28524 0.28754 0.26684
vt 0.704397 0.175321
vn 0.000000 1.000000 0.000000
v 0.582452 2.912261 0.582452 0.28524 0.28754 0.26684
vt 0.730934 0.160239
vn 0.000000 1.000000 0.000000
v 0.000000 2.912261 0.582452 0.28524 0.28754 0.26684
vt 0.732764 0.170123
vn 0.000000 1.000000 0.000000
f 961/961/961 962/962/962 963/963/963
v 0.582452 2.912261 0.582452 0.28524 0.28754 0.26684
vt 0.730934 0.160239
vn 0.000000 1.000000 -0.000000
v 0.000000 2.912261 2.912261 0.28524 0.28754 0.26684
vt 0.704397 0.175321
vn 0.000000 1.000000 -0.000000
v 0.582452 2.912261 2.912261 0.28524 0.28754 0.26684
vt 0.703533 0.165291
vn 0.000000 1.000000 -0.000000
f 964/964/964 965/965/965 966/966/966
v 0.000000 2.912261 5.242069 0.28524 0.28754 0.26684
vt 0.678362 0.179824
vn 0.000000 1.000000 0.000000
v 0.582452 2.912261 2.912261 0.28524 0.28754 0.26684
vt 0.703533 0.165291
vn 0.000000 1.000000 0.000000
v 0.000000 2.912261 2.912261 0.28524 0.28754 0.26684
vt 0.704397 0.175321
vn 0.000000 1.000000 0.000000
f 967/967/967 968/968/968 969/969/969
v 0.582452 2.912261 2.912261 0.28524 0.28754 0.26684
vt 0.703533 0.165291
vn 0.000000 1.000000 -0.000000
v 0.000000 2.912261 5.242069 0.28524 0.28754 0.26684
vt 0.678362 0.179824
vn 0.000000 1.000000 -0.000000
v 0.582452 2.912261 5.242069 0.28524 0.28754 0.26684
vt 0.678461 0.169628
vn 0.000000 1.000000 -0.000000
f 970/970/970 971/971/971 972/972/972
v 0.582452 1.164904 0.582452 0.28524 0.28754 0.26684
vt 0.735355 0.157174
vn 0.000000 -1.000000 0.000000
v 0.582452 1.164904 2.912261 0.28524 0.28754 0.26684
vt 0.707878 0.161903
vn 0.000000 -1.000000 0.000000
v 0.000000 1.164904 2.912261 0.28524 0.28754 0.26684
vt 0.708659 0.171447
vn 0.000000 -1.000000 0.000000
f 973/973/973 974/974/974 975/975/975
v 0.000000 1.164904 2.912261 0.28524 0.28754 0.26684
vt 0.708659 0.171447
vn 0.000000 -1.000000 0.000000
v 0.000000 1.164904 0.582452 0.28524 0.28754 0.26684
vt 0.737120 0.166547
vn 0.000000 -1.000000 0.000000
v 0.582452 1.164904 0.582452 0.28524 0.28754 0.26684
vt 0.735355 0.157174
vn 0.000000 -1.000000 0.000000
f 976/976/976 977/977/977 978/978/978
v 1.747356 2.329809 1.164904 0.28524 0.28754 0.26684
vt 0.727179 0.147219
vn 1.000000 0.000000 -0.000000
v 1.747356 2.329809 2.912261 0.28524 0.28754 0.26684
vt 0.706832 0.150854
vn 1.000000 0.000000 -0.000000
v 1.747356 1.747356 2.912261 0.28524 0.28754 0.26684
vt 0.707622 0.150869
vn 1.000000 0.000000 -0.000000
f 979/979/979 980/980/980 981/981/981
v 1.747356 1.747356 2.912261 0.28524 0.28754 0.26684
vt 0.707622 0.150869
vn 1.000000 0.000000 0.000000
v 1.747356 1.747356 1.164904 0.28524 0.28754 0.26684
vt 0.728027 0.147291
vn 1.000000 0.000000 0.000000
v 1.747356 2.329809 1.164904 0.28524 0.28754 0.26684
vt 0.727179 0.147219
vn 1.000000 0.000000 0.000000
f 982/982/982 983/983/983 984/984/984
v 0.582452 2.912261 2.912261 0.28524 0.28754 0.26684
vt 0.703533 0.165291
vn 0.000000 1.000000 0.000000
v 1.747356 2.912261 1.164904 0.28524 0.28754 0.26684
vt 0.726150 0.150846
vn 0.000000 1.000000 0.000000
v 0.582452 2.912261 0.582452 0.28524 0.28754 0.26684
vt 0.730934 0.160239
vn 0.000000 1.000000 0.000000
f 985/985/985 986/986/986 987/987/987
v 1.747356 2.912261 1.164904 0.28524 0.28754 0.26684
vt 0.726150 0.150846
vn 0.000000 1.000000 -0.000000
v 0.582452 2.912261 2.912261 0.28524 0.28754 0.26684
vt 0.703533 0.165291
vn 0.000000 1.000000 -0.000000
v 1.747356 2.912261 2.912261 0.28524 0.28754 0.26684
vt 0.705936 0.154389
vn 0.000000 1.000000 -0.000000
f 988/988/988 989/989/989 990/990/990
v 0.582452 2.912261 5.242069 0.28524 0.28754 0.26684
vt 0.678461 0.169628
vn 0.000000 1.000000 0.000000
v 1.747356 2.912261 2.912261 0.28524 0.28754 0.26684
vt 0.705936 0.154389
vn 0.000000 1.000000 0.000000
v 0.582452 2.912261 2.912261 0.28524 0.28754 0.26684
vt 0.703533 0.165291
vn 0.000000 1.000000 0.000000
f 991/991/991 992/992/992 993/993/993
v 1.747356 2.912261 2.912261 0.28524 0.28754 0.26684
vt 0.705936 0.154389
vn 0.000000 1.000000 -0.000000
v 0.582452 2.912261 5.242069 0.28524 0.28754 0.26684
vt 0.678461 0.169628
vn 0.000000 1.000000 -0.000000
v 1.747356 2.912261 4.659617 0.28524 0.28754 0.26684
vt 0.685740 0.157930
vn 0.000000 1.000000 -0.000000
f 994/994/994 995/995/995 996/996/996
v 1.747356 1.164904 1.164904 0.28524 0.28754 0.26684
vt 0.730371 0.148998
vn 0.000000 -1.000000 0.000000
v 1.747356 1.164904 2.912261 0.28524 0.28754 0.26684
vt 0.709913 0.152498
vn 0.000000 -1.000000 0.000000
v 0.582452 1.164904 2.912261 0.28524 0.28754 0.26684
vt 0.707878 0.161903
vn 0.000000 -1.000000 0.000000
f 997/997/997 998/998/998 999/999/999
v 0.582452 1.164904 2.912261 0.28524 0.28754 0.26684
vt 0.707878 0.161903
vn 0.000000 -1.000000 0.000000
v 0.582452 1.164904 0.582452 0.28524 0.28754 0.26684
vt 0.735355 0.157174
vn 0.000000 -1.000000 0.000000
v 1.747356 1.164904 1.164904 0.28524 0.28754 0.26684
vt 0.730371 0.148998
vn 0.000000 -1.000000 0.000000
f 1000/1000/1000 1001/1001/1001 1002/1002/1002
v 1.747356 1.747356 4.077165 0.28524 0.28754 0.26684
vt 0.689076 0.152094
vn 1.000000 0.000000 -0.000000
v 1.747356 1.747356 4.659617 0.28524 0.28754 0.26684
vt 0.687152 0.152079
vn 1.000000 0.000000 -0.000000
v 1.747356 1.164904 4.659617 0.28524 0.28754 0.26684
vt 0.689159 0.153490
vn 1.000000 0.000000 -0.000000
f 1003/1003/1003 1004/1004/1004 1005/1005/1005
v 1.747356 1.164904 4.659617 0.28524 0.28754 0.26684
vt 0.689159 0.153490
vn 1.000000 0.000000 0.000000
v 1.747356 1.164904 4.077165 0.28524 0.28754 0.26684
vt 0.690152 0.150281
vn 1.000000 0.000000 0.000000
v 1.747356 1.747356 4.077165 0.28524 0.28754 0.26684
vt 0.689076 0.152094
vn 1.000000 0.000000 0.000000
f 1006/1006/1006 1007/1007/1007 1008/1008/1008
v 1.747356 2.329809 4.077165 0.28524 0.28754 0.26684
vt 0.687968 0.153412
vn 1.000000 0.000000 -0.000000
v 1.747356 2.912261 4.659617 0.28524 0.28754 0.26684
vt 0.685740 0.157930
vn 1.000000 0.000000 -0.000000
v 1.747356 1.747356 4.659617 0.28524 0.28754 0.26684
vt 0.687152 0.152079
vn 1.000000 0.000000 -0.000000
f 1009/1009/1009 1010/1010/1010 1011/1011/1011
v 1.747356 1.747356 4.659617 0.28524 0.28754 0.26684
vt 0.687152 0.152079
vn 1.000000 0.000000 0.000000
v 1.747356 1.747356 4.077165 0.28524 0.28754 0.26684
vt 0.689076 0.152094
vn 1.000000 0.000000 0.000000
v 1.747356 2.329809 4.077165 0.28524 0.28754 0.26684
vt 0.687968 0.153412
vn 1.000000 0.000000 0.000000
f 1012/1012/1012 1013/1013/1013 1014/1014/1014
v 1.747356 2.329809 2.912261 0.28524 0.28754 0.26684
vt 0.706632 0.151921
vn 1.000000 0.000000 0.000000
v 1.747356 2.912261 2.912261 0.28524 0.28754 0.26684
vt 0.705936 0.154389
vn 1.000000 0.000000 0.000000
v 1.747356 2.912261 4.659617 0.28524 0.28754 0.26684
vt 0.685740 0.157930
vn 1.000000 0.000000 0.000000
f 1015/1015/1015 1016/1016/1016 1017/1017/1017
v 1.747356 2.912261 4.659617 0.28524 0.28754 0.26684
vt 0.685740 0.157930
vn 1.000000 0.000000 0.000000
v 1.747356 2.329809 4.077165 0.28524 0.28754 0.26684
vt 0.687968 0.153412
vn 1.000000 0.000000 0.000000
v 1.747356 2.329809 2.912261 0.28524 0.28754 0.26684
vt 0.706632 0.151921
vn 1.000000 0.000000 0.000000
f 1018/1018/1018 1019/1019/1019 1020/1020/1020
v 1.747356 2.329809 1.164904 0.28524 0.28754 0.26684
vt 0.727003 0.148300
vn 1.000000 0.000000 0.000000
v 1.747356 2.912261 1.164904 0.28524 0.28754 0.26684
vt 0.726150 0.150846
vn 1.000000 0.000000 0.000000
v 1.747356 2.912261 2.912261 0.28524 0.28754 0.26684
vt 0.705936 0.154389
vn 1.000000 0.000000 0.000000
f 1021/1021/1021 1022/1022/1022 1023/1023/1023
v 1.747356 2.912261 2.912261 0.28524 0.28754 0.26684
vt 0.705936 0.154389
vn 1.000000 0.000000 0.000000
v 1.747356 2.329809 2.912261 0.28524 0.28754 0.26684
vt 0.706632 0.151921
vn 1.000000 0.000000 0.000000
v 1.747356 2.329809 1.164904 0.28524 0.28754 0.26684
vt 0.727003 0.148300
vn 1.000000 0.000000 0.000000
f 1024/1024/1024 1025/1025/1025 1026/1026/1026
v 2.329809 1.747356 4.077165 0.28524 0.28754 0.26684
vt 0.690573 0.150857
vn 0.000000 0.000000 1.000000
v 1.747356 1.747356 4.077165 0.28524 0.28754 0.26684
vt 0.689076 0.152094
vn 0.000000 0.000000 1.000000
v 1.747356 1.164904 4.077165 0.28524 0.28754 0.26684
vt 0.690152 0.150281
vn 0.000000 0.000000 1.000000
f 1027/1027/1027 1028/1028/1028 1029/1029/1029
v 2.329809 1.747356 4.077165 0.28524 0.28754 0.26684
vt 0.691361 0.149423
vn 0.707107 -0.707107 0.000000
v 1.747356 1.164904 4.077165 0.28524 0.28754 0.26684
vt 0.690152 0.150281
vn 0.707107 -0.707107 0.000000
v 1.747356 1.164904 2.912261 0.28524 0.28754 0.26684
vt 0.709308 0.150302
vn 0.707107 -0.707107 0.000000
f 1030/1030/1030 1031/1031/1031 1032/1032/1032
v 2.329809 2.329809 4.077165 0.28524 0.28754 0.26684
vt 0.690765 0.151630
vn 0.000000 0.000000 1.000000
v 1.747356 2.329809 4.077165 0.28524 0.28754 0.26684
vt 0.687968 0.153412
vn 0.000000 0.000000 1.000000
v 1.747356 1.747356 4.077165 0.28524 0.28754 0.26684
vt 0.689076 0.152094
vn 0.000000 0.000000 1.000000
f 1033/1033/1033 1034/1034/1034 1035/1035/1035
v 1.747356 1.747356 4.077165 0.28524 0.28754 0.26684
vt 0.689076 0.152094
vn 0.000000 0.000000 1.000000
v 2.329809 1.747356 4.077165 0.28524 0.28754 0.26684
vt 0.690573 0.150857
vn 0.000000 0.000000 1.000000
v 2.329809 2.329809 4.077165 0.28524 0.28754 0.26684
vt 0.690765 0.151630
vn 0.000000 0.000000 1.000000
f 1036/1036/1036 1037/1037/1037 1038/1038/1038
v 1.747356 2.329809 4.077165 0.28524 0.28754 0.26684
vt 0.687968 0.153412
vn -0.000000 1.000000 0.000000
v 2.329809 2.329809 4.077165 0.28524 0.28754 0.26684
vt 0.690765 0.151630
vn -0.000000 1.000000 0.000000
v 1.747356 2.329809 2.912261 0.28524 0.28754 0.26684
vt 0.706832 0.150854
vn -0.000000 1.000000 0.000000
f 1039/1039/1039 1040/1040/1040 1041/1041/1041
v 1.164904 1.747356 9.901686 0.28524 0.28754 0.26684
vt 0.685355 0.233605
vn 0.707107 -0.707107 0.000000
v 1.164904 1.747356 10.484138 0.28524 0.28754 0.26684
vt 0.680786 0.233233
vn 0.707107 -0.707107 0.000000
v 0.582452 1.164904 10.484138 0.28524 0.28754 0.26684
vt 0.680633 0.229136
vn 0.707107 -0.707107 0.000000
f 1042/1042/1042 1043/1043/1043 1044/1044/1044
v 0.582452 1.164904 10.484138 0.28524 0.28754 0.26684
vt 0.680633 0.229136
vn 0.707107 -0.707107 0.000000
v 0.582452 1.164904 9.901686 0.28524 0.28754 0.26684
vt 0.685186 0.229506
vn 0.707107 -0.707107 0.000000
v 1.164904 1.747356 9.901686 0.28524 0.28754 0.26684
vt 0.685355 0.233605
vn 0.707107 -0.707107 0.000000
f 1045/1045/1045 1046/1046/1046 1047/1047/1047
v 5.242069 1.747356 2.912261 0.26108 0.52005 0.63221
vt 0.259501 0.256052
vn -0.707107 -0.707107 0.000000
v 5.242069 1.747356 3.494713 0.26108 0.52005 0.63221
vt 0.255550 0.255804
vn -0.707107 -0.707107 0.000000
v 4.659617 2.329809 3.494713 0.26108 0.52005 0.63221
vt 0.255480 0.254808
vn -0.707107 -0.707107 0.000000
f 1048/1048/1048 1049/1049/1049 1050/1050/1050
v 4.659617 2.329809 3.494713 0.26108 0.52005 0.63221
vt 0.255480 0.254808
vn -0.707107 -0.707107 -0.000000
v 4.659617 2.329809 2.912261 0.26108 0.52005 0.63221
vt 0.259433 0.255056
vn -0.707107 -0.707107 -0.000000
v 5.242069 1.747356 2.912261 0.26108 0.52005 0.63221
vt 0.259501 0.256052
vn -0.707107 -0.707107 -0.000000
f 1051/1051/1051 1052/1052/1052 1053/1053/1053
v 4.659617 1.747356 2.329809 0.82273 0.82503 0.80433
vt 0.277988 0.811623
vn 0.000000 0.000000 -1.000000
v 4.077165 1.747356 2.329809 0.82273 0.82503 0.80433
vt 0.273188 0.808419
vn 0.000000 0.000000 -1.000000
v 4.659617 2.329809 2.329809 0.82273 0.82503 0.80433
vt 0.272659 0.810672
vn 0.000000 0.000000 -1.000000
f 1054/1054/1054 1055/1055/1055 1056/1056/1056
v -0.582452 1.164904 9.901686 0.28524 0.28754 0.26684
vt 0.685539 0.223773
vn -0.707107 -0.707107 0.000000
v -0.582452 1.164904 10.484138 0.28524 0.28754 0.26684
vt 0.680989 0.223404
vn -0.707107 -0.707107 0.000000
v -1.164904 1.747356 10.484138 0.28524 0.28754 0.26684
vt 0.681787 0.217131
vn -0.707107 -0.707107 0.000000
f 1057/1057/1057 1058/1058/1058 1059/1059/1059
v -1.164904 1.747356 10.484138 0.28524 0.28754 0.26684
vt 0.681787 0.217131
vn -0.707107 -0.707107 -0.000000
v -1.164904 1.747356 9.901686 0.28524 0.28754 0.26684
vt 0.686344 0.217501
vn -0.707107 -0.707107 -0.000000
v -0.582452 1.164904 9.901686 0.28524 0.28754 0.26684
vt 0.685539 0.223773
vn -0.707107 -0.707107 -0.000000
f 1060/1060/1060 1061/1061/1061 1062/1062/1062
v 4.077165 1.747356 2.912261 0.26108 0.52005 0.63221
vt 0.260502 0.252050
vn 1.000000 0.000000 -0.000000
v 4.077165 1.747356 3.494713 0.26108 0.52005 0.63221
vt 0.256562 0.251803
vn 1.000000 0.000000 -0.000000
v 4.077165 1.164904 3.494713 0.26108 0.52005 0.63221
vt 0.256780 0.252387
vn 1.000000 0.000000 -0.000000
f 1063/1063/1063 1064/1064/1064 1065/1065/1065
v 4.077165 1.164904 3.494713 0.26108 0.52005 0.63221
vt 0.256780 0.252387
vn 1.000000 0.000000 0.000000
v 4.077165 1.164904 2.912261 0.26108 0.52005 0.63221
vt 0.260716 0.252633
vn 1.000000 0.000000 0.000000
v 4.077165 1.747356 2.912261 0.26108 0.52005 0.63221
vt 0.260502 0.252050
vn 1.000000 0.000000 0.000000
f 1066/1066/1066 1067/1067/1067 1068/1068/1068
v 5.242069 1.747356 2.912261 0.26108 0.52005 0.63221
vt 0.259867 0.257470
vn -1.000000 0.000000 0.000000
v 5.242069 1.164904 3.494713 0.26108 0.52005 0.63221
vt 0.256179 0.257475
vn -1.000000 0.000000 0.000000
v 5.242069 1.747356 3.494713 0.26108 0.52005 0.63221
vt 0.255923 0.257223
vn -1.000000 0.000000 0.000000
f 1069/1069/1069 1070/1070/1070 1071/1071/1071
v 5.242069 1.164904 3.494713 0.26108 0.52005 0.63221
vt 0.256179 0.257475
vn -1.000000 0.000000 0.000000
v 5.242069 1.747356 2.912261 0.26108 0.52005 0.63221
vt 0.259867 0.257470
vn -1.000000 0.000000 0.000000
v 5.242069 1.164904 2.912261 0.26108 0.52005 0.63221
vt 0.260119 0.257721
vn -1.000000 0.000000 0.000000
f 1072/1072/1072 1073/1073/1073 1074/1074/1074
v 4.659617 1.164904 2.912261 0.26108 0.52005 0.63221
vt 0.260909 0.255489
vn 0.000000 1.000000 -0.000000
v 4.077165 1.164904 3.494713 0.26108 0.52005 0.63221
vt 0.257001 0.254217
vn 0.000000 1.000000 -0.000000
v 4.659617 1.164904 3.494713 0.26108 0.52005 0.63221
vt 0.256979 0.255243
vn 0.000000 1.000000 -0.000000
f 1075/1075/1075 1076/1076/1076 1077/1077/1077
v 4.077165 1.164904 3.494713 0.26108 0.52005 0.63221
vt 0.257001 0.254217
vn 0.000000 1.000000 0.000000
v 4.659617 1.164904 2.912261 0.26108 0.52005 0.63221
vt 0.260909 0.255489
vn 0.000000 1.000000 0.000000
v 4.077165 1.164904 2.912261 0.26108 0.52005 0.63221
vt 0.260932 0.254462
vn 0.000000 1.000000 0.000000
f 1078/1078/1078 1079/1079/1079 1080/1080/1080
v 0.582452 1.164904 12.231495 0.28524 0.28754 0.26684
vt 0.669221 0.227957
vn 0.707107 -0.707107 0.000000
v 0.582452 1.164904 10.484138 0.28524 0.28754 0.26684
vt 0.680633 0.229136
vn 0.707107 -0.707107 0.000000
v 1.164904 1.747356 10.484138 0.28524 0.28754 0.26684
vt 0.680786 0.233233
vn 0.707107 -0.707107 0.000000
f 1081/1081/1081 1082/1082/1082 1083/1083/1083
v 1.164904 1.747356 10.484138 0.28524 0.28754 0.26684
vt 0.680786 0.233233
vn 0.707107 -0.707107 0.000000
v 1.164904 1.747356 12.231495 0.28524 0.28754 0.26684
vt 0.669312 0.231993
vn 0.707107 -0.707107 0.000000
v 0.582452 1.164904 12.231495 0.28524 0.28754 0.26684
vt 0.669221 0.227957
vn 0.707107 -0.707107 0.000000
f 1084/1084/1084 1085/1085/1085 1086/1086/1086
v -0.582452 1.164904 12.231495 0.28524 0.28754 0.26684
vt 0.669579 0.222373
vn 0.000000 -1.000000 0.000000
v -0.582452 1.164904 10.484138 0.28524 0.28754 0.26684
vt 0.680989 0.223404
vn 0.000000 -1.000000 0.000000
v 0.582452 1.164904 10.484138 0.28524 0.28754 0.26684
vt 0.680633 0.229136
vn 0.000000 -1.000000 0.000000
f 1087/1087/1087 1088/1088/1088 1089/1089/1089
v 0.582452 1.164904 10.484138 0.28524 0.28754 0.26684
vt 0.680633 0.229136
vn 0.000000 -1.000000 0.000000
v 0.582452 1.164904 12.231495 0.28524 0.28754 0.26684
vt 0.669221 0.227957
vn 0.000000 -1.000000 0.000000
v -0.582452 1.164904 12.231495 0.28524 0.28754 0.26684
vt 0.669579 0.222373
vn 0.000000 -1.000000 0.000000
f 1090/1090/1090 1091/1091/1091 1092/1092/1092
v 1.164904 1.747356 12.231495 0.28524 0.28754 0.26684
vt 0.669312 0.231993
vn 0.707107 -0.707107 0.000000
v 1.164904 1.747356 10.484138 0.28524 0.28754 0.26684
vt 0.680786 0.233233
vn 0.707107 -0.707107 0.000000
v 1.747356 2.329809 10.484138 0.28524 0.28754 0.26684
vt 0.681424 0.234888
vn 0.707107 -0.707107 0.000000
f 1093/1093/1093 1094/1094/1094 1095/1095/1095
v 1.747356 2.329809 10.484138 0.28524 0.28754 0.26684
vt 0.681424 0.234888
vn 0.707107 -0.707107 0.000000
v 1.747356 2.329809 12.231495 0.28524 0.28754 0.26684
vt 0.669838 0.233687
vn 0.707107 -0.707107 0.000000
v 1.164904 1.747356 12.231495 0.28524 0.28754 0.26684
vt 0.669312 0.231993
vn 0.707107 -0.707107 0.000000
f 1096/1096/1096 1097/1097/1097 1098/1098/1098
v -1.164904 1.747356 12.231495 0.28524 0.28754 0.26684
vt 0.670315 0.216312
vn -0.707107 -0.707107 -0.000000
v -1.164904 1.747356 10.484138 0.28524 0.28754 0.26684
vt 0.681787 0.217131
vn -0.707107 -0.707107 -0.000000
v -0.582452 1.164904 10.484138 0.28524 0.28754 0.26684
vt 0.680989 0.223404
vn -0.707107 -0.707107 -0.000000
f 1099/1099/1099 1100/1100/1100 1101/1101/1101
v -0.582452 1.164904 10.484138 0.28524 0.28754 0.26684
vt 0.680989 0.223404
vn -0.707107 -0.707107 0.000000
v -0.582452 1.164904 12.231495 0.28524 0.28754 0.26684
vt 0.669579 0.222373
vn -0.707107 -0.707107 0.000000
v -1.164904 1.747356 12.231495 0.28524 0.28754 0.26684
vt 0.670315 0.216312
vn -0.707107 -0.707107 0.000000
f 1102/1102/1102 1103/1103/1103 1104/1104/1104
v 1.747356 2.329809 12.231495 0.26108 0.52005 0.63221
vt 0.212619 0.234986
vn 1.000000 0.000000 0.000000
v 1.747356 2.329809 10.484138 0.26108 0.52005 0.63221
vt 0.219854 0.235597
vn 1.000000 0.000000 0.000000
v 1.747356 2.912261 10.484138 0.26108 0.52005 0.63221
vt 0.218712 0.234735
vn 1.000000 0.000000 0.000000
f 1105/1105/1105 1106/1106/1106 1107/1107/1107
v 1.747356 2.912261 10.484138 0.26108 0.52005 0.63221
vt 0.218712 0.234735
vn 1.000000 0.000000 -0.000000
v 1.747356 2.912261 12.231495 0.26108 0.52005 0.63221
vt 0.211528 0.234220
vn 1.000000 0.000000 -0.000000
v 1.747356 2.329809 12.231495 0.26108 0.52005 0.63221
vt 0.212619 0.234986
vn 1.000000 0.000000 -0.000000
f 1108/1108/1108 1109/1109/1109 1110/1110/1110
v -1.164904 1.747356 12.231495 0.28524 0.28754 0.26684
vt 0.670315 0.216312
vn -0.707107 -0.707107 -0.000000
v -1.747356 2.329809 10.484138 0.28524 0.28754 0.26684
vt 0.682875 0.211517
vn -0.707107 -0.707107 -0.000000
v -1.164904 1.747356 10.484138 0.28524 0.28754 0.26684
vt 0.681787 0.217131
vn -0.707107 -0.707107 -0.000000
f 1111/1111/1111 1112/1112/1112 1113/1113/1113
v -1.747356 2.329809 10.484138 0.28524 0.28754 0.26684
vt 0.682875 0.211517
vn -0.707107 -0.707107 0.000000
v -1.164904 1.747356 12.231495 0.28524 0.28754 0.26684
vt 0.670315 0.216312
vn -0.707107 -0.707107 0.000000
v -1.747356 2.329809 12.231495 0.28524 0.28754 0.26684
vt 0.671291 0.210934
vn -0.707107 -0.707107 0.000000
f 1114/1114/1114 1115/1115/1115 1116/1116/1116
v 1.747356 2.912261 12.231495 0.26108 0.52005 0.63221
vt 0.211528 0.234220
vn 1.000000 0.000000 0.000000
v 1.747356 2.912261 10.484138 0.26108 0.52005 0.63221
vt 0.218712 0.234735
vn 1.000000 0.000000 0.000000
v 1.747356 3.494713 10.484138 0.26108 0.52005 0.63221
vt 0.217765 0.232252
vn 1.000000 0.000000 0.000000
f 1117/1117/1117 1118/1118/1118 1119/1119/1119
v 1.747356 3.494713 10.484138 0.26108 0.52005 0.63221
vt 0.217765 0.232252
vn 1.000000 0.000000 -0.000000
v 1.747356 3.494713 12.231495 0.26108 0.52005 0.63221
vt 0.210630 0.231878
vn 1.000000 0.000000 -0.000000
v 1.747356 2.912261 12.231495 0.26108 0.52005 0.63221
vt 0.211528 0.234220
vn 1.000000 0.000000 -0.000000
f 1120/1120/1120 1121/1121/1121 1122/1122/1122
v -1.747356 2.329809 12.231495 0.26108 0.52005 0.63221
vt 0.214417 0.220828
vn -1.000000 0.000000 0.000000
v -1.747356 2.912261 10.484138 0.26108 0.52005 0.63221
vt 0.220751 0.218543
vn -1.000000 0.000000 0.000000
v -1.747356 2.329809 10.484138 0.26108 0.52005 0.63221
vt 0.221681 0.221058
vn -1.000000 0.000000 0.000000
f 1123/1123/1123 1124/1124/1124 1125/1125/1125
v -1.747356 2.912261 10.484138 0.26108 0.52005 0.63221
vt 0.220751 0.218543
vn -1.000000 0.000000 0.000000
v -1.747356 2.329809 12.231495 0.26108 0.52005 0.63221
vt 0.214417 0.220828
vn -1.000000 0.000000 0.000000
v -1.747356 2.912261 12.231495 0.26108 0.52005 0.63221
vt 0.213535 0.218457
vn -1.000000 0.000000 0.000000
f 1126/1126/1126 1127/1127/1127 1128/1128/1128
v 1.747356 3.494713 12.231495 0.26108 0.52005 0.63221
vt 0.210630 0.231878
vn 0.707107 0.707107 0.000000
v 1.747356 3.494713 10.484138 0.26108 0.52005 0.63221
vt 0.217765 0.232252
vn 0.707107 0.707107 0.000000
v 1.164904 4.077165 10.484138 0.26108 0.52005 0.63221
vt 0.217205 0.228630
vn 0.707107 0.707107 0.000000
f 1129/1129/1129 1130/1130/1130 1131/1131/1131
v 1.164904 4.077165 10.484138 0.26108 0.52005 0.63221
vt 0.217205 0.228630
vn 0.707107 0.707107 -0.000000
v 1.164904 4.077165 12.231495 0.26108 0.52005 0.63221
vt 0.210107 0.228415
vn 0.707107 0.707107 -0.000000
v 1.747356 3.494713 12.231495 0.26108 0.52005 0.63221
vt 0.210630 0.231878
vn 0.707107 0.707107 -0.000000
f 1132/1132/1132 1133/1133/1133 1134/1134/1134
v -1.747356 2.912261 12.231495 0.26108 0.52005 0.63221
vt 0.213535 0.218457
vn -1.000000 0.000000 0.000000
v -1.747356 3.494713 10.484138 0.26108 0.52005 0.63221
vt 0.219611 0.217613
vn -1.000000 0.000000 0.000000
v -1.747356 2.912261 10.484138 0.26108 0.52005 0.63221
vt 0.220751 0.218543
vn -1.000000 0.000000 0.000000
f 1135/1135/1135 1136/1136/1136 1137/1137/1137
v -1.747356 3.494713 10.484138 0.26108 0.52005 0.63221
vt 0.219611 0.217613
vn -1.000000 0.000000 0.000000
v -1.747356 2.912261 12.231495 0.26108 0.52005 0.63221
vt 0.213535 0.218457
vn -1.000000 0.000000 0.000000
v -1.747356 3.494713 12.231495 0.26108 0.52005 0.63221
vt 0.212447 0.217631
vn -1.000000 0.000000 0.000000
f 1138/1138/1138 1139/1139/1139 1140/1140/1140
v 0.582452 4.659617 12.231495 0.26108 0.52005 0.63221
vt 0.210066 0.224524
vn 0.707107 0.707107 0.000000
v 1.164904 4.077165 10.484138 0.26108 0.52005 0.63221
vt 0.217205 0.228630
vn 0.707107 0.707107 0.000000
v 0.582452 4.659617 10.484138 0.26108 0.52005 0.63221
vt 0.217148 0.224595
vn 0.707107 0.707107 0.000000
f 1141/1141/1141 1142/1142/1142 1143/1143/1143
v 1.164904 4.077165 10.484138 0.26108 0.52005 0.63221
vt 0.217205 0.228630
vn 0.707107 0.707107 -0.000000
v 0.582452 4.659617 12.231495 0.26108 0.52005 0.63221
vt 0.210066 0.224524
vn 0.707107 0.707107 -0.000000
v 1.164904 4.077165 12.231495 0.26108 0.52005 0.63221
vt 0.210107 0.228415
vn 0.707107 0.707107 -0.000000
f 1144/1144/1144 1145/1145/1145 1146/1146/1146
v -1.747356 3.494713 12.231495 0.26108 0.52005 0.63221
vt 0.212447 0.217631
vn -0.707107 0.707107 0.000000
v -1.164904 4.077165 10.484138 0.26108 0.52005 0.63221
vt 0.218488 0.218473
vn -0.707107 0.707107 0.000000
v -1.747356 3.494713 10.484138 0.26108 0.52005 0.63221
vt 0.219611 0.217613
vn -0.707107 0.707107 0.000000
f 1147/1147/1147 1148/1148/1148 1149/1149/1149
v -1.164904 4.077165 10.484138 0.26108 0.52005 0.63221
vt 0.218488 0.218473
vn -0.707107 0.707107 0.000000
v -1.747356 3.494713 12.231495 0.26108 0.52005 0.63221
vt 0.212447 0.217631
vn -0.707107 0.707107 0.000000
v -1.164904 4.077165 12.231495 0.26108 0.52005 0.63221
vt 0.211369 0.218531
vn -0.707107 0.707107 0.000000
f 1150/1150/1150 1151/1151/1151 1152/1152/1152
v -0.582452 4.659617 12.231495 0.26108 0.52005 0.63221
vt 0.210518 0.220991
vn 0.000000 1.000000 0.000000
v 0.582452 4.659617 10.484138 0.26108 0.52005 0.63221
vt 0.217148 0.224595
vn 0.000000 1.000000 0.000000
v -0.582452 4.659617 10.484138 0.26108 0.52005 0.63221
vt 0.217607 0.220965
vn 0.000000 1.000000 0.000000
f 1153/1153/1153 1154/1154/1154 1155/1155/1155
v 0.582452 4.659617 10.484138 0.26108 0.52005 0.63221
vt 0.217148 0.224595
vn 0.000000 1.000000 -0.000000
v -0.582452 4.659617 12.231495 0.26108 0.52005 0.63221
vt 0.210518 0.220991
vn 0.000000 1.000000 -0.000000
v 0.582452 4.659617 12.231495 0.26108 0.52005 0.63221
vt 0.210066 0.224524
vn 0.000000 1.000000 -0.000000
f 1156/1156/1156 1157/1157/1157 1158/1158/1158
v -1.164904 4.077165 12.231495 0.26108 0.52005 0.63221
vt 0.211369 0.218531
vn -0.707107 0.707107 0.000000
v -0.582452 4.659617 10.484138 0.26108 0.52005 0.63221
vt 0.217607 0.220965
vn -0.707107 0.707107 0.000000
v -1.164904 4.077165 10.484138 0.26108 0.52005 0.63221
vt 0.218488 0.218473
vn -0.707107 0.707107 0.000000
f 1159/1159/1159 1160/1160/1160 1161/1161/1161
v -0.582452 4.659617 10.484138 0.26108 0.52005 0.63221
vt 0.217607 0.220965
vn -0.707107 0.707107 0.000000
v -1.164904 4.077165 12.231495 0.26108 0.52005 0.63221
vt 0.211369 0.218531
vn -0.707107 0.707107 0.000000
v -0.582452 4.659617 12.231495 0.26108 0.52005 0.63221
vt 0.210518 0.220991
vn -0.707107 0.707107 0.000000
f 1162/1162/1162 1163/1163/1163 1164/1164/1164
v 0.000000 1.747356 13.978851 0.28524 0.28754 0.26684
vt 0.656479 0.224163
vn 0.000000 -1.000000 0.000000
v 0.000000 1.747356 13.396399 0.28524 0.28754 0.26684
vt 0.660458 0.225553
vn 0.000000 -1.000000 0.000000
v 0.582452 1.747356 13.396399 0.28524 0.28754 0.26684
vt 0.660474 0.228478
vn 0.000000 -1.000000 0.000000
f 1165/1165/1165 1166/1166/1166 1167/1167/1167
v 0.582452 1.747356 13.396399 0.28524 0.28754 0.26684
vt 0.660474 0.228478
vn 0.000000 -1.000000 0.000000
v 0.582452 1.747356 13.978851 0.28524 0.28754 0.26684
vt 0.656490 0.226382
vn 0.000000 -1.000000 0.000000
v 0.000000 1.747356 13.978851 0.28524 0.28754 0.26684
vt 0.656479 0.224163
vn 0.000000 -1.000000 0.000000
f 1168/1168/1168 1169/1169/1169 1170/1170/1170
v 0.582452 1.747356 13.978851 0.28524 0.28754 0.26684
vt 0.656490 0.226382
vn 0.707107 -0.707107 0.000000
v 0.582452 1.747356 13.396399 0.28524 0.28754 0.26684
vt 0.660474 0.228478
vn 0.707107 -0.707107 0.000000
v 1.164904 2.329809 13.396399 0.28524 0.28754 0.26684
vt 0.660764 0.229794
vn 0.707107 -0.707107 0.000000
f 1171/1171/1171 1172/1172/1172 1173/1173/1173
v 1.164904 2.329809 13.396399 0.28524 0.28754 0.26684
vt 0.660764 0.229794
vn 0.707107 0.000000 0.707107
v 0.582452 2.329809 13.978851 0.28524 0.28754 0.26684
vt 0.656703 0.227475
vn 0.707107 0.000000 0.707107
v 0.582452 1.747356 13.978851 0.28524 0.28754 0.26684
vt 0.656490 0.226382
vn 0.707107 0.000000 0.707107
f 1174/1174/1174 1175/1175/1175 1176/1176/1176
v -0.582452 1.747356 13.978851 0.28524 0.28754 0.26684
vt 0.657050 0.217899
vn 0.000000 -1.000000 0.000000
v -0.582452 1.747356 13.396399 0.28524 0.28754 0.26684
vt 0.661200 0.217374
vn 0.000000 -1.000000 0.000000
v -0.000000 1.747356 13.396399 0.28524 0.28754 0.26684
vt 0.660716 0.221596
vn 0.000000 -1.000000 0.000000
f 1177/1177/1177 1178/1178/1178 1179/1179/1179
v -0.000000 1.747356 13.396399 0.28524 0.28754 0.26684
vt 0.660716 0.221596
vn 0.000000 -1.000000 0.000000
v -0.000000 1.747356 13.978851 0.28524 0.28754 0.26684
vt 0.656679 0.221139
vn 0.000000 -1.000000 0.000000
v -0.582452 1.747356 13.978851 0.28524 0.28754 0.26684
vt 0.657050 0.217899
vn 0.000000 -1.000000 0.000000
f 1180/1180/1180 1181/1181/1181 1182/1182/1182
v 0.582452 2.329809 13.978851 0.26108 0.52005 0.63221
vt 0.204569 0.231276
vn 0.707107 0.000000 0.707107
v 1.164904 2.329809 13.396399 0.26108 0.52005 0.63221
vt 0.207177 0.232681
vn 0.707107 0.000000 0.707107
v 1.164904 2.912261 13.396399 0.26108 0.52005 0.63221
vt 0.206438 0.232203
vn 0.707107 0.000000 0.707107
f 1183/1183/1183 1184/1184/1184 1185/1185/1185
v 1.164904 2.912261 13.396399 0.26108 0.52005 0.63221
vt 0.206438 0.232203
vn 0.707107 -0.707107 0.000000
v 1.164904 2.912261 13.978851 0.26108 0.52005 0.63221
vt 0.203957 0.230853
vn 0.707107 -0.707107 0.000000
v 0.582452 2.329809 13.978851 0.26108 0.52005 0.63221
vt 0.204569 0.231276
vn 0.707107 -0.707107 0.000000
f 1186/1186/1186 1187/1187/1187 1188/1188/1188
v -0.582452 1.747356 13.978851 0.28524 0.28754 0.26684
vt 0.657050 0.217899
vn -0.707107 -0.707107 -0.000000
v -1.164904 2.329809 13.396399 0.28524 0.28754 0.26684
vt 0.661838 0.213642
vn -0.707107 -0.707107 -0.000000
v -0.582452 1.747356 13.396399 0.28524 0.28754 0.26684
vt 0.661200 0.217374
vn -0.707107 -0.707107 -0.000000
f 1189/1189/1189 1190/1190/1190 1191/1191/1191
v -1.164904 2.329809 13.396399 0.28524 0.28754 0.26684
vt 0.661838 0.213642
vn -0.707107 0.000000 0.707107
v -0.582452 1.747356 13.978851 0.28524 0.28754 0.26684
vt 0.657050 0.217899
vn -0.707107 0.000000 0.707107
v -0.582452 2.329809 13.978851 0.28524 0.28754 0.26684
vt 0.657529 0.214956
vn -0.707107 0.000000 0.707107
f 1192/1192/1192 1193/1193/1193 1194/1194/1194
v 1.164904 2.912261 13.396399 0.26108 0.52005 0.63221
vt 0.205566 0.230647
vn 0.000000 1.000000 -0.000000
v 0.582452 2.912261 13.978851 0.26108 0.52005 0.63221
vt 0.203503 0.229643
vn 0.000000 1.000000 -0.000000
v 1.164904 2.912261 13.978851 0.26108 0.52005 0.63221
vt 0.203957 0.230853
vn 0.000000 1.000000 -0.000000
f 1195/1195/1195 1196/1196/1196 1197/1197/1197
v -0.582452 2.329809 13.978851 0.26108 0.52005 0.63221
vt 0.205572 0.223486
vn -0.707107 0.000000 0.707107
v -1.164904 2.912261 13.396399 0.26108 0.52005 0.63221
vt 0.207867 0.221066
vn -0.707107 0.000000 0.707107
v -1.164904 2.329809 13.396399 0.26108 0.52005 0.63221
vt 0.208433 0.222625
vn -0.707107 0.000000 0.707107
f 1198/1198/1198 1199/1199/1199 1200/1200/1200
v -1.164904 2.912261 13.396399 0.26108 0.52005 0.63221
vt 0.207867 0.221066
vn -0.707107 -0.707107 0.000000
v -0.582452 2.329809 13.978851 0.26108 0.52005 0.63221
vt 0.205572 0.223486
vn -0.707107 -0.707107 0.000000
v -1.164904 2.912261 13.978851 0.26108 0.52005 0.63221
vt 0.205073 0.222190
vn -0.707107 -0.707107 0.000000
f 1201/1201/1201 1202/1202/1202 1203/1203/1203
v 0.582452 2.912261 13.978851 0.26108 0.52005 0.63221
vt 0.203503 0.229643
vn 0.577350 0.577350 0.577350
v 1.164904 2.912261 13.396399 0.26108 0.52005 0.63221
vt 0.205566 0.230647
vn 0.577350 0.577350 0.577350
v 0.582452 3.494713 13.396399 0.26108 0.52005 0.63221
vt 0.204280 0.228153
vn 0.577350 0.577350 0.577350
f 1204/1204/1204 1205/1205/1205 1206/1206/1206
v 0.582452 3.494713 13.396399 0.26108 0.52005 0.63221
vt 0.204280 0.228153
vn 1.000000 0.000000 -0.000000
v 0.582452 3.494713 13.978851 0.26108 0.52005 0.63221
vt 0.203257 0.227758
vn 1.000000 0.000000 -0.000000
v 0.582452 2.912261 13.978851 0.26108 0.52005 0.63221
vt 0.203503 0.229643
vn 1.000000 0.000000 -0.000000
f 1207/1207/1207 1208/1208/1208 1209/1209/1209
v -1.164904 2.912261 13.396399 0.26108 0.52005 0.63221
vt 0.206845 0.220710
vn 0.000000 1.000000 0.000000
v -1.164904 2.912261 13.978851 0.26108 0.52005 0.63221
vt 0.205073 0.222190
vn 0.000000 1.000000 0.000000
v -0.582452 2.912261 13.978851 0.26108 0.52005 0.63221
vt 0.204512 0.221827
vn 0.000000 1.000000 0.000000
f 1210/1210/1210 1211/1211/1211 1212/1212/1212
v 0.000000 3.494713 13.978851 0.26108 0.52005 0.63221
vt 0.203250 0.225697
vn 0.000000 1.000000 0.000000
v 0.582452 3.494713 13.396399 0.26108 0.52005 0.63221
vt 0.204280 0.228153
vn 0.000000 1.000000 0.000000
v 0.000000 3.494713 13.396399 0.26108 0.52005 0.63221
vt 0.204288 0.225740
vn 0.000000 1.000000 0.000000
f 1213/1213/1213 1214/1214/1214 1215/1215/1215
v 0.582452 3.494713 13.396399 0.26108 0.52005 0.63221
vt 0.204280 0.228153
vn 0.000000 1.000000 -0.000000
v 0.000000 3.494713 13.978851 0.26108 0.52005 0.63221
vt 0.203250 0.225697
vn 0.000000 1.000000 -0.000000
v 0.582452 3.494713 13.978851 0.26108 0.52005 0.63221
vt 0.203257 0.227758
vn 0.000000 1.000000 -0.000000
f 1216/1216/1216 1217/1217/1217 1218/1218/1218
v -0.582452 2.912261 13.978851 0.26108 0.52005 0.63221
vt 0.204512 0.221827
vn -0.577350 0.577350 0.577350
v -0.582452 3.494713 13.396399 0.26108 0.52005 0.63221
vt 0.205089 0.221870
vn -0.577350 0.577350 0.577350
v -1.164904 2.912261 13.396399 0.26108 0.52005 0.63221
vt 0.206845 0.220710
vn -0.577350 0.577350 0.577350
f 1219/1219/1219 1220/1220/1220 1221/1221/1221
v -0.582452 3.494713 13.396399 0.26108 0.52005 0.63221
vt 0.205089 0.221870
vn -1.000000 0.000000 0.000000
v -0.582452 2.912261 13.978851 0.26108 0.52005 0.63221
vt 0.204512 0.221827
vn -1.000000 0.000000 0.000000
v -0.582452 3.494713 13.978851 0.26108 0.52005 0.63221
vt 0.203942 0.222444
vn -1.000000 0.000000 0.000000
f 1222/1222/1222 1223/1223/1223 1224/1224/1224
v -0.582452 3.494713 13.978851 0.26108 0.52005 0.63221
vt 0.203942 0.222444
vn 0.000000 1.000000 0.000000
v -0.000000 3.494713 13.396399 0.26108 0.52005 0.63221
vt 0.204577 0.223496
vn 0.000000 1.000000 0.000000
v -0.582452 3.494713 13.396399 0.26108 0.52005 0.63221
vt 0.205089 0.221870
vn 0.000000 1.000000 0.000000
f 1225/1225/1225 1226/1226/1226 1227/1227/1227
v -0.000000 3.494713 13.396399 0.26108 0.52005 0.63221
vt 0.204577 0.223496
vn 0.000000 1.000000 -0.000000
v -0.582452 3.494713 13.978851 0.26108 0.52005 0.63221
vt 0.203942 0.222444
vn 0.000000 1.000000 -0.000000
v -0.000000 3.494713 13.978851 0.26108 0.52005 0.63221
vt 0.203495 0.223800
vn 0.000000 1.000000 -0.000000
f 1228/1228/1228 1229/1229/1229 1230/1230/1230
v 0.582452 1.747356 13.978851 0.28524 0.28754 0.26684
vt 0.656490 0.226382
vn 0.000000 -0.000000 1.000000
v 0.582452 2.329809 13.978851 0.28524 0.28754 0.26684
vt 0.653603 0.224625
vn 0.000000 -0.000000 1.000000
v 0.000000 1.747356 13.978851 0.28524 0.28754 0.26684
vt 0.653588 0.222991
vn 0.000000 -0.000000 1.000000
f 1231/1231/1231 1232/1232/1232 1233/1233/1233
v -0.582452 2.329809 13.978851 0.28524 0.28754 0.26684
vt 0.654025 0.218266
vn 0.000000 0.000000 1.000000
v -0.582452 1.747356 13.978851 0.28524 0.28754 0.26684
vt 0.657050 0.217899
vn 0.000000 0.000000 1.000000
v -0.000000 1.747356 13.978851 0.28524 0.28754 0.26684
vt 0.656679 0.221139
vn 0.000000 0.000000 1.000000
f 1234/1234/1234 1235/1235/1235 1236/1236/1236
v 1.164904 2.912261 13.978851 0.26108 0.52005 0.63221
vt 0.203957 0.230853
vn 0.000000 0.000000 1.000000
v 0.582452 2.912261 13.978851 0.26108 0.52005 0.63221
vt 0.202172 0.229636
vn 0.000000 0.000000 1.000000
v 0.582452 2.329809 13.978851 0.26108 0.52005 0.63221
vt 0.202623 0.229946
vn 0.000000 0.000000 1.000000
f 1237/1237/1237 1238/1238/1238 1239/1239/1239
v -1.164904 2.912261 13.978851 0.26108 0.52005 0.63221
vt 0.205073 0.222190
vn -0.000000 0.000000 1.000000
v -0.582452 2.329809 13.978851 0.26108 0.52005 0.63221
vt 0.203362 0.224219
vn -0.000000 0.000000 1.000000
v -0.582452 2.912261 13.978851 0.26108 0.52005 0.63221
vt 0.202995 0.223271
vn -0.000000 0.000000 1.000000
f 1240/1240/1240 1241/1241/1241 1242/1242/1242
v 0.582452 3.494713 13.978851 0.26108 0.52005 0.63221
vt 0.203257 0.227758
vn 0.000000 0.000000 1.000000
v 0.000000 3.494713 13.978851 0.26108 0.52005 0.63221
vt 0.201569 0.225741
vn 0.000000 0.000000 1.000000
v 0.582452 2.912261 13.978851 0.26108 0.52005 0.63221
vt 0.201586 0.227302
vn 0.000000 0.000000 1.000000
f 1243/1243/1243 1244/1244/1244 1245/1245/1245
v -0.582452 2.912261 13.978851 0.26108 0.52005 0.63221
vt 0.202101 0.223325
vn 0.000000 0.000000 1.000000
v -0.000000 3.494713 13.978851 0.26108 0.52005 0.63221
vt 0.203495 0.223800
vn 0.000000 0.000000 1.000000
v -0.582452 3.494713 13.978851 0.26108 0.52005 0.63221
vt 0.203942 0.222444
vn 0.000000 0.000000 1.000000
f 1246/1246/1246 1247/1247/1247 1248/1248/1248
v -0.582452 0.582452 9.319234 0.52681 0.52911 0.50841
vt 0.602259 0.725852
vn 0.000000 1.000000 0.000000
v -0.000000 0.582452 9.901686 0.52681 0.52911 0.50841
vt 0.602253 0.726589
vn 0.000000 1.000000 0.000000
v -0.000000 0.582452 9.319234 0.52681 0.52911 0.50841
vt 0.602384 0.726271
vn 0.000000 1.000000 0.000000
f 1249/1249/1249 1250/1250/1250 1251/1251/1251
v -0.000000 0.582452 9.901686 0.52681 0.52911 0.50841
vt 0.602253 0.726589
vn 0.000000 1.000000 0.000000
v -0.582452 0.582452 9.319234 0.52681 0.52911 0.50841
vt 0.602259 0.725852
vn 0.000000 1.000000 0.000000
v -0.582452 0.582452 9.901686 0.52681 0.52911 0.50841
vt 0.602130 0.726165
vn 0.000000 1.000000 0.000000
f 1252/1252/1252 1253/1253/1253 1254/1254/1254
v 0.582452 1.747356 12.813947 0.28524 0.28754 0.26684
vt 0.665190 0.226966
vn 0.577350 -0.577350 0.577350
v 0.582452 1.164904 12.231495 0.28524 0.28754 0.26684
vt 0.669221 0.227957
vn 0.577350 -0.577350 0.577350
v 1.164904 1.747356 12.231495 0.28524 0.28754 0.26684
vt 0.669312 0.231993
vn 0.577350 -0.577350 0.577350
f 1255/1255/1255 1256/1256/1256 1257/1257/1257
v 1.164904 1.747356 12.231495 0.28524 0.28754 0.26684
vt 0.669312 0.231993
vn 0.000000 -1.000000 0.000000
v 1.164904 1.747356 12.813947 0.28524 0.28754 0.26684
vt 0.665243 0.230594
vn 0.000000 -1.000000 0.000000
v 0.582452 1.747356 12.813947 0.28524 0.28754 0.26684
vt 0.665190 0.226966
vn 0.000000 -1.000000 0.000000
f 1258/1258/1258 1259/1259/1259 1260/1260/1260
v -0.582452 1.747356 12.813947 0.28524 0.28754 0.26684
vt 0.665511 0.221999
vn 0.000000 -1.000000 0.000000
v 0.582452 1.747356 12.813947 0.28524 0.28754 0.26684
vt 0.665190 0.226966
vn 0.000000 -1.000000 0.000000
v 0.000000 1.747356 13.396399 0.28524 0.28754 0.26684
vt 0.660458 0.225553
vn 0.000000 -1.000000 0.000000
f 1261/1261/1261 1262/1262/1262 1263/1263/1263
v 1.164904 2.329809 13.396399 0.28524 0.28754 0.26684
vt 0.660764 0.229794
vn 0.577350 -0.577350 0.577350
v 0.582452 1.747356 13.396399 0.28524 0.28754 0.26684
vt 0.660474 0.228478
vn 0.577350 -0.577350 0.577350
v 1.164904 1.747356 12.813947 0.28524 0.28754 0.26684
vt 0.665243 0.230594
vn 0.577350 -0.577350 0.577350
f 1264/1264/1264 1265/1265/1265 1266/1266/1266
v 1.164904 1.747356 12.813947 0.28524 0.28754 0.26684
vt 0.665243 0.230594
vn 1.000000 0.000000 0.000000
v 1.164904 2.329809 12.813947 0.28524 0.28754 0.26684
vt 0.665687 0.232106
vn 1.000000 0.000000 0.000000
v 1.164904 2.329809 13.396399 0.28524 0.28754 0.26684
vt 0.660764 0.229794
vn 1.000000 0.000000 0.000000
f 1267/1267/1267 1268/1268/1268 1269/1269/1269
v -1.164904 1.747356 12.813947 0.28524 0.28754 0.26684
vt 0.666143 0.216649
vn -0.707107 -0.707107 -0.000000
v -1.164904 1.747356 12.231495 0.28524 0.28754 0.26684
vt 0.670315 0.216312
vn -0.707107 -0.707107 -0.000000
v -0.582452 1.164904 12.231495 0.28524 0.28754 0.26684
vt 0.669579 0.222373
vn -0.707107 -0.707107 -0.000000
f 1270/1270/1270 1271/1271/1271 1272/1272/1272
v -0.582452 1.164904 12.231495 0.28524 0.28754 0.26684
vt 0.669579 0.222373
vn 0.000000 -0.707107 0.707107
v -0.582452 1.747356 12.813947 0.28524 0.28754 0.26684
vt 0.665511 0.221999
vn 0.000000 -0.707107 0.707107
v -1.164904 1.747356 12.813947 0.28524 0.28754 0.26684
vt 0.666143 0.216649
vn 0.000000 -0.707107 0.707107
f 1273/1273/1273 1274/1274/1274 1275/1275/1275
v -0.582452 0.000000 9.901686 0.52681 0.52911 0.50841
vt 0.601803 0.724996
vn 0.000000 -0.707107 -0.707107
v -0.000000 0.582452 9.319234 0.52681 0.52911 0.50841
vt 0.602215 0.725667
vn 0.000000 -0.707107 -0.707107
v -0.000000 0.000000 9.901686 0.52681 0.52911 0.50841
vt 0.601920 0.725399
vn 0.000000 -0.707107 -0.707107
f 1276/1276/1276 1277/1277/1277 1278/1278/1278
v -0.000000 0.582452 9.319234 0.52681 0.52911 0.50841
vt 0.602215 0.725667
vn -0.000000 -0.707107 -0.707107
v -0.582452 0.000000 9.901686 0.52681 0.52911 0.50841
vt 0.601803 0.724996
vn -0.000000 -0.707107 -0.707107
v -0.582452 0.582452 9.319234 0.52681 0.52911 0.50841
vt 0.602093 0.725259
vn -0.000000 -0.707107 -0.707107
f 1279/1279/1279 1280/1280/1280 1281/1281/1281
v -0.582452 0.582452 9.319234 0.52681 0.52911 0.50841
vt 0.602093 0.725259
vn -1.000000 0.000000 0.000000
v -0.582452 0.000000 9.901686 0.52681 0.52911 0.50841
vt 0.601559 0.724678
vn -1.000000 0.000000 0.000000
v -0.582452 0.582452 9.901686 0.52681 0.52911 0.50841
vt 0.601835 0.724927
vn -1.000000 0.000000 0.000000
f 1282/1282/1282 1283/1283/1283 1284/1284/1284
v -0.000000 0.582452 9.901686 0.52681 0.52911 0.50841
vt 0.602146 0.727727
vn 1.000000 0.000000 0.000000
v -0.000000 0.000000 9.901686 0.52681 0.52911 0.50841
vt 0.602031 0.727052
vn 1.000000 0.000000 0.000000
v -0.000000 0.582452 9.319234 0.52681 0.52911 0.50841
vt 0.602322 0.727316
vn 1.000000 0.000000 0.000000
f 1285/1285/1285 1286/1286/1286 1287/1287/1287
v 1.164904 2.329809 12.813947 0.26108 0.52005 0.63221
vt 0.210079 0.234052
vn 0.707107 0.000000 0.707107
v 1.747356 2.329809 12.231495 0.26108 0.52005 0.63221
vt 0.212619 0.234986
vn 0.707107 0.000000 0.707107
v 1.747356 2.912261 12.231495 0.26108 0.52005 0.63221
vt 0.211528 0.234220
vn 0.707107 0.000000 0.707107
f 1288/1288/1288 1289/1289/1289 1290/1290/1290
v 1.747356 2.912261 12.231495 0.26108 0.52005 0.63221
vt 0.211528 0.234220
vn 0.707107 0.000000 0.707107
v 1.164904 2.912261 12.813947 0.26108 0.52005 0.63221
vt 0.209143 0.233433
vn 0.707107 0.000000 0.707107
v 1.164904 2.329809 12.813947 0.26108 0.52005 0.63221
vt 0.210079 0.234052
vn 0.707107 0.000000 0.707107
f 1291/1291/1291 1292/1292/1292 1293/1293/1293
v -0.582452 1.747356 13.396399 0.28524 0.28754 0.26684
vt 0.661200 0.217374
vn -0.707107 -0.707107 0.000000
v -1.164904 2.329809 13.396399 0.28524 0.28754 0.26684
vt 0.661838 0.213642
vn -0.707107 -0.707107 0.000000
v -1.164904 2.329809 12.813947 0.28524 0.28754 0.26684
vt 0.666991 0.211882
vn -0.707107 -0.707107 0.000000
f 1294/1294/1294 1295/1295/1295 1296/1296/1296
v -1.164904 2.329809 12.813947 0.28524 0.28754 0.26684
vt 0.666991 0.211882
vn -0.707107 0.000000 0.707107
v -1.164904 1.747356 12.813947 0.28524 0.28754 0.26684
vt 0.666143 0.216649
vn -0.707107 0.000000 0.707107
v -0.582452 1.747356 13.396399 0.28524 0.28754 0.26684
vt 0.661200 0.217374
vn -0.707107 0.000000 0.707107
f 1297/1297/1297 1298/1298/1298 1299/1299/1299
v 1.164904 2.912261 12.813947 0.26108 0.52005 0.63221
vt 0.209143 0.233433
vn 1.000000 0.000000 0.000000
v 1.164904 3.494713 12.813947 0.26108 0.52005 0.63221
vt 0.207961 0.231271
vn 1.000000 0.000000 0.000000
v 1.164904 2.912261 13.396399 0.26108 0.52005 0.63221
vt 0.205566 0.230647
vn 1.000000 0.000000 0.000000
f 1300/1300/1300 1301/1301/1301 1302/1302/1302
v -1.164904 2.329809 12.813947 0.26108 0.52005 0.63221
vt 0.211685 0.221468
vn -0.707107 0.000000 0.707107
v -1.747356 2.912261 12.231495 0.26108 0.52005 0.63221
vt 0.213535 0.218457
vn -0.707107 0.000000 0.707107
v -1.747356 2.329809 12.231495 0.26108 0.52005 0.63221
vt 0.214417 0.220828
vn -0.707107 0.000000 0.707107
f 1303/1303/1303 1304/1304/1304 1305/1305/1305
v -1.747356 2.912261 12.231495 0.26108 0.52005 0.63221
vt 0.213535 0.218457
vn -0.707107 0.000000 0.707107
v -1.164904 2.329809 12.813947 0.26108 0.52005 0.63221
vt 0.211685 0.221468
vn -0.707107 0.000000 0.707107
v -1.164904 2.912261 12.813947 0.26108 0.52005 0.63221
vt 0.210933 0.219428
vn -0.707107 0.000000 0.707107
f 1306/1306/1306 1307/1307/1307 1308/1308/1308
v -0.000000 0.582452 9.901686 0.52681 0.52911 0.50841
vt 0.599396 0.725897
vn 0.000000 0.000000 1.000000
v -0.582452 0.582452 9.901686 0.52681 0.52911 0.50841
vt 0.599412 0.725453
vn 0.000000 0.000000 1.000000
v -0.582452 0.000000 9.901686 0.52681 0.52911 0.50841
vt 0.598856 0.725293
vn 0.000000 0.000000 1.000000
f 1309/1309/1309 1310/1310/1310 1311/1311/1311
v -0.582452 0.000000 9.901686 0.52681 0.52911 0.50841
vt 0.598856 0.725293
vn 0.000000 0.000000 1.000000
v -0.000000 0.000000 9.901686 0.52681 0.52911 0.50841
vt 0.598859 0.725742
vn 0.000000 0.000000 1.000000
v -0.000000 0.582452 9.901686 0.52681 0.52911 0.50841
vt 0.599396 0.725897
vn 0.000000 0.000000 1.000000
f 1312/1312/1312 1313/1313/1313 1314/1314/1314
v 1.164904 3.494713 12.813947 0.26108 0.52005 0.63221
vt 0.207961 0.231271
vn 0.577350 0.577350 0.577350
v 1.747356 3.494713 12.231495 0.26108 0.52005 0.63221
vt 0.210630 0.231878
vn 0.577350 0.577350 0.577350
v 1.164904 4.077165 12.231495 0.26108 0.52005 0.63221
vt 0.210107 0.228415
vn 0.577350 0.577350 0.577350
f 1315/1315/1315 1316/1316/1316 1317/1317/1317
v 1.164904 4.077165 12.231495 0.26108 0.52005 0.63221
vt 0.210107 0.228415
vn 0.577350 0.577350 0.577350
v 0.582452 4.077165 12.813947 0.26108 0.52005 0.63221
vt 0.207101 0.227961
vn 0.577350 0.577350 0.577350
v 1.164904 3.494713 12.813947 0.26108 0.52005 0.63221
vt 0.207961 0.231271
vn 0.577350 0.577350 0.577350
f 1318/1318/1318 1319/1319/1319 1320/1320/1320
v -1.164904 2.912261 12.813947 0.26108 0.52005 0.63221
vt 0.210933 0.219428
vn -1.000000 0.000000 0.000000
v -1.164904 2.912261 13.396399 0.26108 0.52005 0.63221
vt 0.206845 0.220710
vn -1.000000 0.000000 0.000000
v -1.164904 3.494713 12.813947 0.26108 0.52005 0.63221
vt 0.209531 0.219040
vn -1.000000 0.000000 0.000000
f 1321/1321/1321 1322/1322/1322 1323/1323/1323
v -1.164904 3.494713 12.813947 0.26108 0.52005 0.63221
vt 0.209531 0.219040
vn -0.577350 0.577350 0.577350
v -1.164904 4.077165 12.231495 0.26108 0.52005 0.63221
vt 0.211369 0.218531
vn -0.577350 0.577350 0.577350
v -1.747356 3.494713 12.231495 0.26108 0.52005 0.63221
vt 0.212447 0.217631
vn -0.577350 0.577350 0.577350
f 1324/1324/1324 1325/1325/1325 1326/1326/1326
v -1.164904 4.077165 12.231495 0.26108 0.52005 0.63221
vt 0.211369 0.218531
vn -0.577350 0.577350 0.577350
v -1.164904 3.494713 12.813947 0.26108 0.52005 0.63221
vt 0.209531 0.219040
vn -0.577350 0.577350 0.577350
v -0.582452 4.077165 12.813947 0.26108 0.52005 0.63221
vt 0.208171 0.219621
vn -0.577350 0.577350 0.577350
f 1327/1327/1327 1328/1328/1328 1329/1329/1329
v -0.582452 4.077165 12.813947 0.26108 0.52005 0.63221
vt 0.207245 0.221609
vn 0.000000 0.707107 0.707107
v 0.582452 4.659617 12.231495 0.26108 0.52005 0.63221
vt 0.210066 0.224524
vn 0.000000 0.707107 0.707107
v -0.582452 4.659617 12.231495 0.26108 0.52005 0.63221
vt 0.210518 0.220991
vn 0.000000 0.707107 0.707107
f 1330/1330/1330 1331/1331/1331 1332/1332/1332
v 0.582452 4.659617 12.231495 0.26108 0.52005 0.63221
vt 0.210066 0.224524
vn 0.000000 0.707107 0.707107
v -0.582452 4.077165 12.813947 0.26108 0.52005 0.63221
vt 0.207245 0.221609
vn 0.000000 0.707107 0.707107
v 0.582452 4.077165 12.813947 0.26108 0.52005 0.63221
vt 0.206862 0.224589
vn 0.000000 0.707107 0.707107
f 1333/1333/1333 1334/1334/1334 1335/1335/1335
v 0.582452 1.747356 13.396399 0.28524 0.28754 0.26684
vt 0.660474 0.228478
vn -0.000000 -1.000000 -0.000000
v 0.000000 1.747356 13.396399 0.28524 0.28754 0.26684
vt 0.660458 0.225553
vn -0.000000 -1.000000 -0.000000
v 0.582452 1.747356 12.813947 0.28524 0.28754 0.26684
vt 0.665190 0.226966
vn -0.000000 -1.000000 -0.000000
f 1336/1336/1336 1337/1337/1337 1338/1338/1338
v 0.582452 1.747356 12.813947 0.28524 0.28754 0.26684
vt 0.665190 0.226966
vn 0.000000 -1.000000 0.000000
v 1.164904 1.747356 12.813947 0.28524 0.28754 0.26684
vt 0.665243 0.230594
vn 0.000000 -1.000000 0.000000
v 0.582452 1.747356 13.396399 0.28524 0.28754 0.26684
vt 0.660474 0.228478
vn 0.000000 -1.000000 0.000000
f 1339/1339/1339 1340/1340/1340 1341/1341/1341
v -0.582452 0.000000 9.901686 0.52681 0.52911 0.50841
vt 0.595582 0.724668
vn 0.000000 -1.000000 0.000000
v -0.000000 0.000000 9.901686 0.52681 0.52911 0.50841
vt 0.595596 0.725065
vn 0.000000 -1.000000 0.000000
v -0.000000 0.000000 10.484138 0.52681 0.52911 0.50841
vt 0.594886 0.725278
vn 0.000000 -1.000000 0.000000
f 1342/1342/1342 1343/1343/1343 1344/1344/1344
v -0.000000 0.000000 10.484138 0.52681 0.52911 0.50841
vt 0.594886 0.725278
vn -0.000000 -1.000000 0.000000
v -0.582452 0.000000 10.484138 0.52681 0.52911 0.50841
vt 0.594884 0.724878
vn -0.000000 -1.000000 0.000000
v -0.582452 0.000000 9.901686 0.52681 0.52911 0.50841
vt 0.595582 0.724668
vn -0.000000 -1.000000 0.000000
f 1345/1345/1345 1346/1346/1346 1347/1347/1347
v 0.000000 3.494713 13.396399 0.52681 0.52911 0.50841
vt 0.559909 0.751963
vn 0.000000 0.707107 0.707107
v 0.582452 4.077165 12.813947 0.52681 0.52911 0.50841
vt 0.567142 0.754575
vn 0.000000 0.707107 0.707107
v -0.582452 4.077165 12.813947 0.52681 0.52911 0.50841
vt 0.566344 0.747741
vn 0.000000 0.707107 0.707107
f 1348/1348/1348 1349/1349/1349 1350/1350/1350
v -1.747356 3.494713 12.231495 0.26108 0.52005 0.63221
vt 0.212447 0.217631
vn -0.707107 0.000000 0.707107
v -1.164904 2.912261 12.813947 0.26108 0.52005 0.63221
vt 0.210933 0.219428
vn -0.707107 0.000000 0.707107
v -1.164904 3.494713 12.813947 0.26108 0.52005 0.63221
vt 0.209531 0.219040
vn -0.707107 0.000000 0.707107
f 1351/1351/1351 1352/1352/1352 1353/1353/1353
v -1.164904 2.912261 12.813947 0.26108 0.52005 0.63221
vt 0.210933 0.219428
vn -0.707107 0.000000 0.707107
v -1.747356 3.494713 12.231495 0.26108 0.52005 0.63221
vt 0.212447 0.217631
vn -0.707107 0.000000 0.707107
v -1.747356 2.912261 12.231495 0.26108 0.52005 0.63221
vt 0.213535 0.218457
vn -0.707107 0.000000 0.707107
f 1354/1354/1354 1355/1355/1355 1356/1356/1356
v -0.000000 1.747356 13.396399 0.28524 0.28754 0.26684
vt 0.660716 0.221596
vn -0.000000 -1.000000 0.000000
v -0.582452 1.747356 13.396399 0.28524 0.28754 0.26684
vt 0.661200 0.217374
vn -0.000000 -1.000000 0.000000
v -1.164904 1.747356 12.813947 0.28524 0.28754 0.26684
vt 0.666143 0.216649
vn -0.000000 -1.000000 0.000000
f 1357/1357/1357 1358/1358/1358 1359/1359/1359
v -1.164904 1.747356 12.813947 0.28524 0.28754 0.26684
vt 0.666143 0.216649
vn 0.000000 -1.000000 0.000000
v -0.582452 1.747356 12.813947 0.28524 0.28754 0.26684
vt 0.665511 0.221999
vn 0.000000 -1.000000 0.000000
v -0.000000 1.747356 13.396399 0.28524 0.28754 0.26684
vt 0.660716 0.221596
vn 0.000000 -1.000000 0.000000
f 1360/1360/1360 1361/1361/1361 1362/1362/1362
v 1.164904 2.912261 13.396399 0.26108 0.52005 0.63221
vt 0.206438 0.232203
vn 1.000000 0.000000 0.000000
v 1.164904 2.329809 13.396399 0.26108 0.52005 0.63221
vt 0.207177 0.232681
vn 1.000000 0.000000 0.000000
v 1.164904 2.329809 12.813947 0.26108 0.52005 0.63221
vt 0.210079 0.234052
vn 1.000000 0.000000 0.000000
f 1363/1363/1363 1364/1364/1364 1365/1365/1365
v 1.164904 2.329809 12.813947 0.26108 0.52005 0.63221
vt 0.210079 0.234052
vn 1.000000 0.000000 0.000000
v 1.164904 2.912261 12.813947 0.26108 0.52005 0.63221
vt 0.209143 0.233433
vn 1.000000 0.000000 0.000000
v 1.164904 2.912261 13.396399 0.26108 0.52005 0.63221
vt 0.206438 0.232203
vn 1.000000 0.000000 0.000000
f 1366/1366/1366 1367/1367/1367 1368/1368/1368
v -0.000000 0.582452 9.901686 0.52681 0.52911 0.50841
vt 0.595677 0.726327
vn -0.000000 0.000000 -1.000000
v -0.582452 0.000000 9.901686 0.52681 0.52911 0.50841
vt 0.595750 0.725757
vn -0.000000 0.000000 -1.000000
v -0.582452 0.582452 9.901686 0.52681 0.52911 0.50841
vt 0.595559 0.725899
vn -0.000000 0.000000 -1.000000
f 1369/1369/1369 1370/1370/1370 1371/1371/1371
v -0.582452 0.000000 9.901686 0.52681 0.52911 0.50841
vt 0.595750 0.725757
vn 0.000000 0.000000 -1.000000
v -0.000000 0.582452 9.901686 0.52681 0.52911 0.50841
vt 0.595677 0.726327
vn 0.000000 0.000000 -1.000000
v -0.000000 0.000000 9.901686 0.52681 0.52911 0.50841
vt 0.596101 0.726062
vn 0.000000 0.000000 -1.000000
f 1372/1372/1372 1373/1373/1373 1374/1374/1374
v -0.582452 0.000000 10.484138 0.52681 0.52911 0.50841
vt 0.594968 0.725206
vn -1.000000 0.000000 0.000000
v -0.582452 0.582452 10.484138 0.52681 0.52911 0.50841
vt 0.595169 0.725673
vn -1.000000 0.000000 0.000000
v -0.582452 0.000000 9.901686 0.52681 0.52911 0.50841
vt 0.595524 0.725353
vn -1.000000 0.000000 0.000000
f 1375/1375/1375 1376/1376/1376 1377/1377/1377
v -0.582452 0.582452 10.484138 0.52681 0.52911 0.50841
vt 0.595169 0.725673
vn -1.000000 0.000000 -0.000000
v -0.582452 0.582452 9.901686 0.52681 0.52911 0.50841
vt 0.595559 0.725899
vn -1.000000 0.000000 -0.000000
v -0.582452 0.000000 9.901686 0.52681 0.52911 0.50841
vt 0.595524 0.725353
vn -1.000000 0.000000 -0.000000
f 1378/1378/1378 1379/1379/1379 1380/1380/1380
v 0.582452 1.164904 12.231495 0.28524 0.28754 0.26684
vt 0.669221 0.227957
vn 0.000000 -0.707107 0.707107
v 0.582452 1.747356 12.813947 0.28524 0.28754 0.26684
vt 0.665190 0.226966
vn 0.000000 -0.707107 0.707107
v -0.582452 1.747356 12.813947 0.28524 0.28754 0.26684
vt 0.665511 0.221999
vn 0.000000 -0.707107 0.707107
f 1381/1381/1381 1382/1382/1382 1383/1383/1383
v -0.582452 1.747356 12.813947 0.28524 0.28754 0.26684
vt 0.665511 0.221999
vn 0.000000 -0.707107 0.707107
v -0.582452 1.164904 12.231495 0.28524 0.28754 0.26684
vt 0.669579 0.222373
vn 0.000000 -0.707107 0.707107
v 0.582452 1.164904 12.231495 0.28524 0.28754 0.26684
vt 0.669221 0.227957
vn 0.000000 -0.707107 0.707107
f 1384/1384/1384 1385/1385/1385 1386/1386/1386
v 1.747356 2.329809 12.231495 0.28524 0.28754 0.26684
vt 0.669838 0.233687
vn 0.707107 0.000000 0.707107
v 1.164904 2.329809 12.813947 0.28524 0.28754 0.26684
vt 0.665687 0.232106
vn 0.707107 0.000000 0.707107
v 1.164904 1.747356 12.813947 0.28524 0.28754 0.26684
vt 0.665243 0.230594
vn 0.707107 0.000000 0.707107
f 1387/1387/1387 1388/1388/1388 1389/1389/1389
v 1.164904 1.747356 12.813947 0.28524 0.28754 0.26684
vt 0.665243 0.230594
vn 0.707107 -0.707107 0.000000
v 1.164904 1.747356 12.231495 0.28524 0.28754 0.26684
vt 0.669312 0.231993
vn 0.707107 -0.707107 0.000000
v 1.747356 2.329809 12.231495 0.28524 0.28754 0.26684
vt 0.669838 0.233687
vn 0.707107 -0.707107 0.000000
f 1390/1390/1390 1391/1391/1391 1392/1392/1392
v -0.000000 0.582452 9.901686 0.52681 0.52911 0.50841
vt 0.595789 0.727956
vn 1.000000 0.000000 -0.000000
v -0.000000 0.582452 10.484138 0.52681 0.52911 0.50841
vt 0.595484 0.728472
vn 1.000000 0.000000 -0.000000
v -0.000000 0.000000 9.901686 0.52681 0.52911 0.50841
vt 0.595837 0.728150
vn 1.000000 0.000000 -0.000000
f 1393/1393/1393 1394/1394/1394 1395/1395/1395
v -0.000000 0.000000 10.484138 0.52681 0.52911 0.50841
vt 0.595344 0.728553
vn 1.000000 -0.000000 0.000000
v -0.000000 0.000000 9.901686 0.52681 0.52911 0.50841
vt 0.595837 0.728150
vn 1.000000 -0.000000 0.000000
v -0.000000 0.582452 10.484138 0.52681 0.52911 0.50841
vt 0.595484 0.728472
vn 1.000000 -0.000000 0.000000
f 1396/1396/1396 1397/1397/1397 1398/1398/1398
v -0.582452 0.000000 10.484138 0.52681 0.52911 0.50841
vt 0.593075 0.726006
vn 0.000000 0.000000 1.000000
v -0.000000 0.000000 10.484138 0.52681 0.52911 0.50841
vt 0.593047 0.726426
vn 0.000000 0.000000 1.000000
v -0.000000 0.582452 10.484138 0.52681 0.52911 0.50841
vt 0.592909 0.726744
vn 0.000000 0.000000 1.000000
f 1399/1399/1399 1400/1400/1400 1401/1401/1401
v -0.000000 0.582452 10.484138 0.52681 0.52911 0.50841
vt 0.592909 0.726744
vn 0.000000 0.000000 1.000000
v -0.582452 0.582452 10.484138 0.52681 0.52911 0.50841
vt 0.592939 0.726318
vn 0.000000 0.000000 1.000000
v -0.582452 0.000000 10.484138 0.52681 0.52911 0.50841
vt 0.593075 0.726006
vn 0.000000 0.000000 1.000000
f 1402/1402/1402 1403/1403/1403 1404/1404/1404
v -1.164904 2.329809 12.813947 0.26108 0.52005 0.63221
vt 0.211685 0.221468
vn -1.000000 0.000000 0.000000
v -1.164904 2.912261 13.396399 0.26108 0.52005 0.63221
vt 0.207867 0.221066
vn -1.000000 0.000000 0.000000
v -1.164904 2.912261 12.813947 0.26108 0.52005 0.63221
vt 0.210933 0.219428
vn -1.000000 0.000000 0.000000
f 1405/1405/1405 1406/1406/1406 1407/1407/1407
v -1.164904 2.912261 13.396399 0.26108 0.52005 0.63221
vt 0.207867 0.221066
vn -1.000000 -0.000000 0.000000
v -1.164904 2.329809 12.813947 0.26108 0.52005 0.63221
vt 0.211685 0.221468
vn -1.000000 -0.000000 0.000000
v -1.164904 2.329809 13.396399 0.26108 0.52005 0.63221
vt 0.208433 0.222625
vn -1.000000 -0.000000 0.000000
f 1408/1408/1408 1409/1409/1409 1410/1410/1410
v 0.582452 3.494713 13.396399 0.26108 0.52005 0.63221
vt 0.204280 0.228153
vn 0.577350 0.577350 0.577350
v 1.164904 2.912261 13.396399 0.26108 0.52005 0.63221
vt 0.205566 0.230647
vn 0.577350 0.577350 0.577350
v 1.164904 3.494713 12.813947 0.26108 0.52005 0.63221
vt 0.207961 0.231271
vn 0.577350 0.577350 0.577350
f 1411/1411/1411 1412/1412/1412 1413/1413/1413
v -1.747356 2.329809 12.231495 0.28524 0.28754 0.26684
vt 0.671291 0.210934
vn -0.707107 0.000000 0.707107
v -1.164904 1.747356 12.813947 0.28524 0.28754 0.26684
vt 0.666143 0.216649
vn -0.707107 0.000000 0.707107
v -1.164904 2.329809 12.813947 0.28524 0.28754 0.26684
vt 0.666991 0.211882
vn -0.707107 0.000000 0.707107
f 1414/1414/1414 1415/1415/1415 1416/1416/1416
v -1.164904 1.747356 12.813947 0.28524 0.28754 0.26684
vt 0.666143 0.216649
vn -0.707107 -0.707107 -0.000000
v -1.747356 2.329809 12.231495 0.28524 0.28754 0.26684
vt 0.671291 0.210934
vn -0.707107 -0.707107 -0.000000
v -1.164904 1.747356 12.231495 0.28524 0.28754 0.26684
vt 0.670315 0.216312
vn -0.707107 -0.707107 -0.000000
f 1417/1417/1417 1418/1418/1418 1419/1419/1419
v 0.582452 4.077165 12.813947 0.52681 0.52911 0.50841
vt 0.567142 0.754575
vn 0.000000 0.707107 0.707107
v 0.000000 3.494713 13.396399 0.52681 0.52911 0.50841
vt 0.559909 0.751963
vn 0.000000 0.707107 0.707107
v 0.582452 3.494713 13.396399 0.52681 0.52911 0.50841
vt 0.560812 0.755633
vn 0.000000 0.707107 0.707107
f 1420/1420/1420 1421/1421/1421 1422/1422/1422
v -0.582452 0.582452 9.901686 0.52681 0.52911 0.50841
vt 0.596430 0.727885
vn 0.000000 1.000000 0.000000
v -0.000000 0.582452 10.484138 0.52681 0.52911 0.50841
vt 0.595674 0.728297
vn 0.000000 1.000000 0.000000
v -0.000000 0.582452 9.901686 0.52681 0.52911 0.50841
vt 0.596458 0.728339
vn 0.000000 1.000000 0.000000
f 1423/1423/1423 1424/1424/1424 1425/1425/1425
v -0.000000 0.582452 10.484138 0.52681 0.52911 0.50841
vt 0.595674 0.728297
vn 0.000000 1.000000 0.000000
v -0.582452 0.582452 9.901686 0.52681 0.52911 0.50841
vt 0.596430 0.727885
vn 0.000000 1.000000 0.000000
v -0.582452 0.582452 10.484138 0.52681 0.52911 0.50841
vt 0.595659 0.727844
vn 0.000000 1.000000 0.000000
f 1426/1426/1426 1427/1427/1427 1428/1428/1428
v -1.164904 2.912261 13.396399 0.26108 0.52005 0.63221
vt 0.206845 0.220710
vn -0.577350 0.577350 0.577350
v -0.582452 3.494713 13.396399 0.26108 0.52005 0.63221
vt 0.205484 0.221620
vn -0.577350 0.577350 0.577350
v -1.164904 3.494713 12.813947 0.26108 0.52005 0.63221
vt 0.209531 0.219040
vn -0.577350 0.577350 0.577350
f 1429/1429/1429 1430/1430/1430 1431/1431/1431
v -0.582452 4.077165 12.813947 0.52681 0.52911 0.50841
vt 0.565864 0.741195
vn 0.000000 0.707107 0.707107
v -0.582452 3.494713 13.396399 0.52681 0.52911 0.50841
vt 0.559145 0.741479
vn 0.000000 0.707107 0.707107
v -0.000000 3.494713 13.396399 0.52681 0.52911 0.50841
vt 0.559228 0.746184
vn 0.000000 0.707107 0.707107
f 1432/1432/1432 1433/1433/1433 1434/1434/1434
v 0.000000 2.329809 14.561303 0.28524 0.28754 0.26684
vt 0.650810 0.221348
vn 0.577350 -0.577350 0.577350
v 0.000000 1.747356 13.978851 0.28524 0.28754 0.26684
vt 0.653588 0.222991
vn 0.577350 -0.577350 0.577350
v 0.582452 2.329809 13.978851 0.28524 0.28754 0.26684
vt 0.653603 0.224625
vn 0.577350 -0.577350 0.577350
f 1435/1435/1435 1436/1436/1436 1437/1437/1437
v 0.582452 2.329809 13.978851 0.28524 0.28754 0.26684
vt 0.653781 0.225302
vn 0.000000 -1.000000 0.000000
v 0.582452 2.329809 14.561303 0.28524 0.28754 0.26684
vt 0.650919 0.222519
vn 0.000000 -1.000000 0.000000
v 0.000000 2.329809 14.561303 0.28524 0.28754 0.26684
vt 0.650821 0.222190
vn 0.000000 -1.000000 0.000000
f 1438/1438/1438 1439/1439/1439 1440/1440/1440
v -0.000000 2.329809 14.561303 0.28524 0.28754 0.26684
vt 0.651043 0.218859
vn -0.577350 -0.577350 0.577350
v -0.582452 2.329809 13.978851 0.28524 0.28754 0.26684
vt 0.654025 0.218266
vn -0.577350 -0.577350 0.577350
v -0.000000 1.747356 13.978851 0.28524 0.28754 0.26684
vt 0.653738 0.220724
vn -0.577350 -0.577350 0.577350
f 1441/1441/1441 1442/1442/1442 1443/1443/1443
v 0.582452 2.329809 14.561303 0.26108 0.52005 0.63221
vt 0.200687 0.228233
vn 1.000000 0.000000 0.000000
v 0.582452 2.329809 13.978851 0.26108 0.52005 0.63221
vt 0.202623 0.229946
vn 1.000000 0.000000 0.000000
v 0.582452 2.912261 13.978851 0.26108 0.52005 0.63221
vt 0.202172 0.229636
vn 1.000000 0.000000 0.000000
f 1444/1444/1444 1445/1445/1445 1446/1446/1446
v -0.582452 2.329809 13.978851 0.28524 0.28754 0.26684
vt 0.654392 0.216098
vn 0.000000 -1.000000 0.000000
v -0.000000 2.329809 14.561303 0.28524 0.28754 0.26684
vt 0.651043 0.218859
vn 0.000000 -1.000000 0.000000
v -0.582452 2.329809 14.561303 0.28524 0.28754 0.26684
vt 0.651242 0.217702
vn 0.000000 -1.000000 0.000000
f 1447/1447/1447 1448/1448/1448 1449/1449/1449
v 0.582452 2.912261 13.978851 0.26108 0.52005 0.63221
vt 0.201802 0.228693
vn 1.000000 0.000000 -0.000000
v 0.582452 2.912261 14.561303 0.26108 0.52005 0.63221
vt 0.200230 0.227537
vn 1.000000 0.000000 -0.000000
v 0.582452 2.329809 14.561303 0.26108 0.52005 0.63221
vt 0.200437 0.228050
vn 1.000000 0.000000 -0.000000
f 1450/1450/1450 1451/1451/1451 1452/1452/1452
v -0.582452 2.329809 14.561303 0.26108 0.52005 0.63221
vt 0.201075 0.225236
vn -1.000000 0.000000 0.000000
v -0.582452 2.912261 13.978851 0.26108 0.52005 0.63221
vt 0.202995 0.223271
vn -1.000000 0.000000 0.000000
v -0.582452 2.329809 13.978851 0.26108 0.52005 0.63221
vt 0.203362 0.224219
vn -1.000000 0.000000 0.000000
f 1453/1453/1453 1454/1454/1454 1455/1455/1455
v 0.582452 2.912261 13.978851 0.26108 0.52005 0.63221
vt 0.201586 0.227302
vn 0.000000 1.000000 -0.000000
v 0.000000 2.912261 14.561303 0.26108 0.52005 0.63221
vt 0.200106 0.226794
vn 0.000000 1.000000 -0.000000
v 0.582452 2.912261 14.561303 0.26108 0.52005 0.63221
vt 0.200230 0.227537
vn 0.000000 1.000000 -0.000000
f 1456/1456/1456 1457/1457/1457 1458/1458/1458
v -0.582452 2.912261 13.978851 0.26108 0.52005 0.63221
vt 0.202545 0.222951
vn -1.000000 0.000000 0.000000
v -0.582452 2.329809 14.561303 0.26108 0.52005 0.63221
vt 0.200868 0.224722
vn -1.000000 0.000000 0.000000
v -0.582452 2.912261 14.561303 0.26108 0.52005 0.63221
vt 0.200619 0.224536
vn -1.000000 0.000000 0.000000
f 1459/1459/1459 1460/1460/1460 1461/1461/1461
v 0.000000 2.912261 14.561303 0.26108 0.52005 0.63221
vt 0.200091 0.225970
vn 0.577350 0.577350 0.577350
v 0.582452 2.912261 13.978851 0.26108 0.52005 0.63221
vt 0.201586 0.227302
vn 0.577350 0.577350 0.577350
v 0.000000 3.494713 13.978851 0.26108 0.52005 0.63221
vt 0.201569 0.225741
vn 0.577350 0.577350 0.577350
f 1462/1462/1462 1463/1463/1463 1464/1464/1464
v -0.582452 2.912261 13.978851 0.26108 0.52005 0.63221
vt 0.202101 0.223325
vn 0.000000 1.000000 0.000000
v -0.582452 2.912261 14.561303 0.26108 0.52005 0.63221
vt 0.200619 0.224536
vn 0.000000 1.000000 0.000000
v -0.000000 2.912261 14.561303 0.26108 0.52005 0.63221
vt 0.200375 0.224717
vn 0.000000 1.000000 0.000000
f 1465/1465/1465 1466/1466/1466 1467/1467/1467
v -0.000000 2.912261 14.561303 0.26108 0.52005 0.63221
vt 0.200375 0.224717
vn -0.577350 0.577350 0.577350
v -0.000000 3.494713 13.978851 0.26108 0.52005 0.63221
vt 0.201752 0.224321
vn -0.577350 0.577350 0.577350
v -0.582452 2.912261 13.978851 0.26108 0.52005 0.63221
vt 0.202101 0.223325
vn -0.577350 0.577350 0.577350
f 1468/1468/1468 1469/1469/1469 1470/1470/1470
v 0.000000 2.329809 14.561303 0.26108 0.52005 0.63221
vt 0.199687 0.227044
vn 0.000000 0.000000 1.000000
v 0.582452 2.329809 14.561303 0.26108 0.52005 0.63221
vt 0.200437 0.228050
vn 0.000000 0.000000 1.000000
v 0.582452 2.912261 14.561303 0.26108 0.52005 0.63221
vt 0.200230 0.227537
vn 0.000000 0.000000 1.000000
f 1471/1471/1471 1472/1472/1472 1473/1473/1473
v 0.582452 2.912261 14.561303 0.26108 0.52005 0.63221
vt 0.200230 0.227537
vn 0.000000 0.000000 1.000000
v 0.000000 2.912261 14.561303 0.26108 0.52005 0.63221
vt 0.199598 0.226824
vn 0.000000 0.000000 1.000000
v 0.000000 2.329809 14.561303 0.26108 0.52005 0.63221
vt 0.199687 0.227044
vn 0.000000 0.000000 1.000000
f 1474/1474/1474 1475/1475/1475 1476/1476/1476
v -0.000000 2.912261 14.561303 0.26108 0.52005 0.63221
vt 0.199765 0.225539
vn 0.000000 0.000000 1.000000
v -0.582452 2.912261 14.561303 0.26108 0.52005 0.63221
vt 0.200619 0.224536
vn 0.000000 0.000000 1.000000
v -0.582452 2.329809 14.561303 0.26108 0.52005 0.63221
vt 0.200868 0.224722
vn 0.000000 0.000000 1.000000
f 1477/1477/1477 1478/1478/1478 1479/1479/1479
v -0.582452 2.329809 14.561303 0.26108 0.52005 0.63221
vt 0.200868 0.224722
vn 0.000000 0.000000 1.000000
v -0.000000 2.329809 14.561303 0.26108 0.52005 0.63221
vt 0.199872 0.225618
vn 0.000000 0.000000 1.000000
v -0.000000 2.912261 14.561303 0.26108 0.52005 0.63221
vt 0.199765 0.225539
vn 0.000000 0.000000 1.000000
f 1480/1480/1480 1481/1481/1481 1482/1482/1482
v 0.582452 0.582452 9.319234 0.52681 0.52911 0.50841
vt 0.603081 0.733240
vn 0.000000 1.000000 -0.000000
v 0.000000 0.582452 9.901686 0.52681 0.52911 0.50841
vt 0.602981 0.733137
vn 0.000000 1.000000 -0.000000
v 0.582452 0.582452 9.901686 0.52681 0.52911 0.50841
vt 0.602952 0.733558
vn 0.000000 1.000000 -0.000000
f 1483/1483/1483 1484/1484/1484 1485/1485/1485
v 0.000000 0.582452 9.901686 0.52681 0.52911 0.50841
vt 0.602981 0.733137
vn 0.000000 1.000000 0.000000
v 0.582452 0.582452 9.319234 0.52681 0.52911 0.50841
vt 0.603081 0.733240
vn 0.000000 1.000000 0.000000
v 0.000000 0.582452 9.319234 0.52681 0.52911 0.50841
vt 0.603112 0.732814
vn 0.000000 1.000000 0.000000
f 1486/1486/1486 1487/1487/1487 1488/1488/1488
v 1.747356 3.494713 12.231495 0.26108 0.52005 0.63221
vt 0.210630 0.231878
vn 0.707107 0.000000 0.707107
v 1.164904 3.494713 12.813947 0.26108 0.52005 0.63221
vt 0.207961 0.231271
vn 0.707107 0.000000 0.707107
v 1.164904 2.912261 12.813947 0.26108 0.52005 0.63221
vt 0.209143 0.233433
vn 0.707107 0.000000 0.707107
f 1489/1489/1489 1490/1490/1490 1491/1491/1491
v 1.164904 2.912261 12.813947 0.26108 0.52005 0.63221
vt 0.209143 0.233433
vn 0.707107 0.000000 0.707107
v 1.747356 2.912261 12.231495 0.26108 0.52005 0.63221
vt 0.211528 0.234220
vn 0.707107 0.000000 0.707107
v 1.747356 3.494713 12.231495 0.26108 0.52005 0.63221
vt 0.210630 0.231878
vn 0.707107 0.000000 0.707107
f 1492/1492/1492 1493/1493/1493 1494/1494/1494
v 0.582452 0.000000 9.901686 0.52681 0.52911 0.50841
vt 0.602623 0.732367
vn 0.000000 -0.707107 -0.707107
v 0.000000 0.582452 9.319234 0.52681 0.52911 0.50841
vt 0.602941 0.732200
vn 0.000000 -0.707107 -0.707107
v 0.582452 0.582452 9.319234 0.52681 0.52911 0.50841
vt 0.602913 0.732635
vn 0.000000 -0.707107 -0.707107
f 1495/1495/1495 1496/1496/1496 1497/1497/1497
v 0.000000 0.582452 9.319234 0.52681 0.52911 0.50841
vt 0.602941 0.732200
vn 0.000000 -0.707107 -0.707107
v 0.582452 0.000000 9.901686 0.52681 0.52911 0.50841
vt 0.602623 0.732367
vn 0.000000 -0.707107 -0.707107
v 0.000000 0.000000 9.901686 0.52681 0.52911 0.50841
vt 0.602646 0.731928
vn 0.000000 -0.707107 -0.707107
f 1498/1498/1498 1499/1499/1499 1500/1500/1500
v 0.582452 0.000000 9.901686 0.52681 0.52911 0.50841
vt 0.602462 0.732789
vn 1.000000 -0.000000 0.000000
v 0.582452 0.582452 9.319234 0.52681 0.52911 0.50841
vt 0.602913 0.732635
vn 1.000000 -0.000000 0.000000
v 0.582452 0.582452 9.901686 0.52681 0.52911 0.50841
vt 0.602738 0.733045
vn 1.000000 -0.000000 0.000000
f 1501/1501/1501 1502/1502/1502 1503/1503/1503
v 0.000000 0.000000 9.901686 0.52681 0.52911 0.50841
vt 0.602394 0.730313
vn -1.000000 0.000000 0.000000
v 0.000000 0.582452 9.901686 0.52681 0.52911 0.50841
vt 0.602427 0.730250
vn -1.000000 0.000000 0.000000
v 0.000000 0.582452 9.319234 0.52681 0.52911 0.50841
vt 0.602684 0.730580
vn -1.000000 0.000000 0.000000
f 1504/1504/1504 1505/1505/1505 1506/1506/1506
v 0.582452 4.077165 12.813947 0.26108 0.52005 0.63221
vt 0.206862 0.224589
vn 0.577350 0.577350 0.577350
v 1.164904 4.077165 12.231495 0.26108 0.52005 0.63221
vt 0.210107 0.228415
vn 0.577350 0.577350 0.577350
v 0.582452 4.659617 12.231495 0.26108 0.52005 0.63221
vt 0.210066 0.224524
vn 0.577350 0.577350 0.577350
f 1507/1507/1507 1508/1508/1508 1509/1509/1509
v -0.582452 4.077165 12.813947 0.26108 0.52005 0.63221
vt 0.208171 0.219621
vn -0.577350 0.577350 0.577350
v -0.582452 4.659617 12.231495 0.26108 0.52005 0.63221
vt 0.210518 0.220991
vn -0.577350 0.577350 0.577350
v -1.164904 4.077165 12.231495 0.26108 0.52005 0.63221
vt 0.211369 0.218531
vn -0.577350 0.577350 0.577350
f 1510/1510/1510 1511/1511/1511 1512/1512/1512
v -0.582452 3.494713 13.396399 0.52681 0.52911 0.50841
vt 0.560756 0.739053
vn -0.707107 0.000000 0.707107
v -1.164904 4.077165 12.813947 0.52681 0.52911 0.50841
vt 0.565561 0.738840
vn -0.707107 0.000000 0.707107
v -1.164904 3.494713 12.813947 0.52681 0.52911 0.50841
vt 0.565326 0.734536
vn -0.707107 0.000000 0.707107
f 1513/1513/1513 1514/1514/1514 1515/1515/1515
v 1.164904 4.077165 12.813947 0.52681 0.52911 0.50841
vt 0.568007 0.759802
vn 0.707107 0.000000 0.707107
v 0.582452 3.494713 13.396399 0.52681 0.52911 0.50841
vt 0.562927 0.757537
vn 0.707107 0.000000 0.707107
v 1.164904 3.494713 12.813947 0.52681 0.52911 0.50841
vt 0.568391 0.760852
vn 0.707107 0.000000 0.707107
f 1516/1516/1516 1517/1517/1517 1518/1518/1518
v 0.582452 0.000000 9.901686 0.52681 0.52911 0.50841
vt 0.599680 0.732663
vn 0.000000 -0.000000 1.000000
v 0.582452 0.582452 9.901686 0.52681 0.52911 0.50841
vt 0.600235 0.732826
vn 0.000000 -0.000000 1.000000
v 0.000000 0.582452 9.901686 0.52681 0.52911 0.50841
vt 0.600125 0.732428
vn 0.000000 -0.000000 1.000000
f 1519/1519/1519 1520/1520/1520 1521/1521/1521
v 0.000000 0.582452 9.901686 0.52681 0.52911 0.50841
vt 0.600125 0.732428
vn 0.000000 0.000000 1.000000
v 0.000000 0.000000 9.901686 0.52681 0.52911 0.50841
vt 0.599589 0.732270
vn 0.000000 0.000000 1.000000
v 0.582452 0.000000 9.901686 0.52681 0.52911 0.50841
vt 0.599680 0.732663
vn 0.000000 0.000000 1.000000
f 1522/1522/1522 1523/1523/1523 1524/1524/1524
v 0.000000 0.000000 10.484138 0.52681 0.52911 0.50841
vt 0.595617 0.731790
vn 0.000000 -1.000000 0.000000
v 0.000000 0.000000 9.901686 0.52681 0.52911 0.50841
vt 0.596326 0.731574
vn 0.000000 -1.000000 0.000000
v 0.582452 0.000000 9.901686 0.52681 0.52911 0.50841
vt 0.596407 0.732018
vn 0.000000 -1.000000 0.000000
f 1525/1525/1525 1526/1526/1526 1527/1527/1527
v 0.582452 0.000000 9.901686 0.52681 0.52911 0.50841
vt 0.596407 0.732018
vn 0.000000 -1.000000 0.000000
v 0.582452 0.000000 10.484138 0.52681 0.52911 0.50841
vt 0.595709 0.732230
vn 0.000000 -1.000000 0.000000
v 0.000000 0.000000 10.484138 0.52681 0.52911 0.50841
vt 0.595617 0.731790
vn 0.000000 -1.000000 0.000000
f 1528/1528/1528 1529/1529/1529 1530/1530/1530
v 0.000000 0.582452 9.901686 0.52681 0.52911 0.50841
vt 0.596410 0.732858
vn 0.000000 0.000000 -1.000000
v 0.582452 0.000000 9.901686 0.52681 0.52911 0.50841
vt 0.596577 0.733127
vn 0.000000 0.000000 -1.000000
v 0.000000 0.000000 9.901686 0.52681 0.52911 0.50841
vt 0.596833 0.732589
vn 0.000000 0.000000 -1.000000
f 1531/1531/1531 1532/1532/1532 1533/1533/1533
v 0.582452 0.000000 9.901686 0.52681 0.52911 0.50841
vt 0.596577 0.733127
vn 0.000000 0.000000 -1.000000
v 0.000000 0.582452 9.901686 0.52681 0.52911 0.50841
vt 0.596410 0.732858
vn 0.000000 0.000000 -1.000000
v 0.582452 0.582452 9.901686 0.52681 0.52911 0.50841
vt 0.596386 0.733272
vn 0.000000 0.000000 -1.000000
f 1534/1534/1534 1535/1535/1535 1536/1536/1536
v 0.582452 0.582452 10.484138 0.52681 0.52911 0.50841
vt 0.595778 0.734056
vn 1.000000 0.000000 0.000000
v 0.582452 0.000000 10.484138 0.52681 0.52911 0.50841
vt 0.595941 0.733867
vn 1.000000 0.000000 0.000000
v 0.582452 0.000000 9.901686 0.52681 0.52911 0.50841
vt 0.596433 0.733463
vn 1.000000 0.000000 0.000000
f 1537/1537/1537 1538/1538/1538 1539/1539/1539
v 0.582452 0.582452 9.901686 0.52681 0.52911 0.50841
vt 0.596386 0.733272
vn 1.000000 0.000000 -0.000000
v 0.582452 0.582452 10.484138 0.52681 0.52911 0.50841
vt 0.596080 0.733788
vn 1.000000 0.000000 -0.000000
v 0.582452 0.000000 9.901686 0.52681 0.52911 0.50841
vt 0.596433 0.733463
vn 1.000000 0.000000 -0.000000
f 1540/1540/1540 1541/1541/1541 1542/1542/1542
v 0.000000 0.000000 9.901686 0.52681 0.52911 0.50841
vt 0.596120 0.730670
vn -1.000000 0.000000 0.000000
v 0.000000 0.582452 10.484138 0.52681 0.52911 0.50841
vt 0.595767 0.730994
vn -1.000000 0.000000 0.000000
v 0.000000 0.582452 9.901686 0.52681 0.52911 0.50841
vt 0.596155 0.731218
vn -1.000000 0.000000 0.000000
f 1543/1543/1543 1544/1544/1544 1545/1545/1545
v 0.000000 0.582452 10.484138 0.52681 0.52911 0.50841
vt 0.595403 0.730712
vn -1.000000 -0.000000 0.000000
v 0.000000 0.000000 9.901686 0.52681 0.52911 0.50841
vt 0.596120 0.730670
vn -1.000000 -0.000000 0.000000
v 0.000000 0.000000 10.484138 0.52681 0.52911 0.50841
vt 0.595566 0.730525
vn -1.000000 -0.000000 0.000000
f 1546/1546/1546 1547/1547/1547 1548/1548/1548
v 0.000000 0.582452 10.484138 0.52681 0.52911 0.50841
vt 0.593644 0.733275
vn 0.000000 0.000000 1.000000
v 0.000000 0.000000 10.484138 0.52681 0.52911 0.50841
vt 0.593782 0.732953
vn 0.000000 0.000000 1.000000
v 0.582452 0.000000 10.484138 0.52681 0.52911 0.50841
vt 0.593904 0.733375
vn 0.000000 0.000000 1.000000
f 1549/1549/1549 1550/1550/1550 1551/1551/1551
v 0.582452 0.000000 10.484138 0.52681 0.52911 0.50841
vt 0.593904 0.733375
vn 0.000000 -0.000000 1.000000
v 0.582452 0.582452 10.484138 0.52681 0.52911 0.50841
vt 0.593769 0.733692
vn 0.000000 -0.000000 1.000000
v 0.000000 0.582452 10.484138 0.52681 0.52911 0.50841
vt 0.593644 0.733275
vn 0.000000 -0.000000 1.000000
f 1552/1552/1552 1553/1553/1553 1554/1554/1554
v 0.582452 0.582452 9.901686 0.52681 0.52911 0.50841
vt 0.597260 0.735296
vn 0.000000 1.000000 -0.000000
v 0.000000 0.582452 10.484138 0.52681 0.52911 0.50841
vt 0.596410 0.734859
vn 0.000000 1.000000 -0.000000
v 0.582452 0.582452 10.484138 0.52681 0.52911 0.50841
vt 0.596490 0.735252
vn 0.000000 1.000000 -0.000000
f 1555/1555/1555 1556/1556/1556 1557/1557/1557
v 0.000000 0.582452 10.484138 0.52681 0.52911 0.50841
vt 0.596410 0.734859
vn 0.000000 1.000000 0.000000
v 0.582452 0.582452 9.901686 0.52681 0.52911 0.50841
vt 0.597260 0.735296
vn 0.000000 1.000000 0.000000
v 0.000000 0.582452 9.901686 0.52681 0.52911 0.50841
vt 0.597194 0.734904
vn 0.000000 1.000000 0.000000
f 1558/1558/1558 1559/1559/1559 1560/1560/1560
v 5.242069 1.164904 2.912261 0.26108 0.52005 0.63221
vt 0.260379 0.257616
vn 0.000000 1.000000 -0.000000
v 4.659617 1.164904 3.494713 0.26108 0.52005 0.63221
vt 0.256682 0.256920
vn 0.000000 1.000000 -0.000000
v 5.242069 1.164904 3.494713 0.26108 0.52005 0.63221
vt 0.256443 0.257369
vn 0.000000 1.000000 -0.000000
f 1561/1561/1561 1562/1562/1562 1563/1563/1563
v 4.659617 1.164904 3.494713 0.26108 0.52005 0.63221
vt 0.256682 0.256920
vn 0.000000 1.000000 0.000000
v 5.242069 1.164904 2.912261 0.26108 0.52005 0.63221
vt 0.260379 0.257616
vn 0.000000 1.000000 0.000000
v 4.659617 1.164904 2.912261 0.26108 0.52005 0.63221
vt 0.260615 0.257166
vn 0.000000 1.000000 0.000000
f 1564/1564/1564 1565/1565/1565 1566/1566/1566
v 4.659617 1.747356 4.659617 0.52681 0.52911 0.50841
vt 0.664845 0.778215
vn -1.000000 0.000000 0.000000
v 4.659617 1.164904 4.659617 0.52681 0.52911 0.50841
vt 0.664834 0.778449
vn -1.000000 0.000000 0.000000
v 4.659617 1.164904 5.242069 0.52681 0.52911 0.50841
vt 0.664111 0.778561
vn -1.000000 0.000000 0.000000
f 1567/1567/1567 1568/1568/1568 1569/1569/1569
v 4.659617 1.164904 5.242069 0.52681 0.52911 0.50841
vt 0.664111 0.778561
vn -1.000000 0.000000 0.000000
v 4.659617 1.747356 5.242069 0.52681 0.52911 0.50841
vt 0.663822 0.778374
vn -1.000000 0.000000 0.000000
v 4.659617 1.747356 4.659617 0.52681 0.52911 0.50841
vt 0.664845 0.778215
vn -1.000000 0.000000 0.000000
f 1570/1570/1570 1571/1571/1571 1572/1572/1572
v 4.659617 1.747356 5.242069 0.52681 0.52911 0.50841
vt 0.664062 0.780711
vn 1.000000 0.000000 0.000000
v 4.659617 1.164904 5.242069 0.52681 0.52911 0.50841
vt 0.664281 0.780214
vn 1.000000 0.000000 0.000000
v 4.659617 1.164904 4.659617 0.52681 0.52911 0.50841
vt 0.665010 0.780160
vn 1.000000 0.000000 0.000000
f 1573/1573/1573 1574/1574/1574 1575/1575/1575
v 4.659617 1.164904 4.659617 0.52681 0.52911 0.50841
vt 0.665010 0.780160
vn 1.000000 0.000000 0.000000
v 4.659617 1.747356 4.659617 0.52681 0.52911 0.50841
vt 0.665094 0.780635
vn 1.000000 0.000000 0.000000
v 4.659617 1.747356 5.242069 0.52681 0.52911 0.50841
vt 0.664062 0.780711
vn 1.000000 0.000000 0.000000
f 1576/1576/1576 1577/1577/1577 1578/1578/1578
v 1.164904 4.077165 9.901686 0.26108 0.52005 0.63221
vt 0.220120 0.228812
vn 0.707107 0.707107 -0.000000
v 0.582452 4.659617 10.484138 0.26108 0.52005 0.63221
vt 0.217148 0.224595
vn 0.707107 0.707107 -0.000000
v 1.164904 4.077165 10.484138 0.26108 0.52005 0.63221
vt 0.217205 0.228630
vn 0.707107 0.707107 -0.000000
f 1579/1579/1579 1580/1580/1580 1581/1581/1581
v 0.582452 4.659617 10.484138 0.26108 0.52005 0.63221
vt 0.217148 0.224595
vn 0.707107 0.707107 0.000000
v 1.164904 4.077165 9.901686 0.26108 0.52005 0.63221
vt 0.220120 0.228812
vn 0.707107 0.707107 0.000000
v 0.582452 4.659617 9.901686 0.26108 0.52005 0.63221
vt 0.220066 0.224777
vn 0.707107 0.707107 0.000000
f 1582/1582/1582 1583/1583/1583 1584/1584/1584
v 0.582452 1.164904 9.901686 0.28524 0.28754 0.26684
vt 0.685186 0.229506
vn 0.000000 -1.000000 0.000000
v 0.582452 1.164904 10.484138 0.28524 0.28754 0.26684
vt 0.680633 0.229136
vn 0.000000 -1.000000 0.000000
v -0.582452 1.164904 10.484138 0.28524 0.28754 0.26684
vt 0.680989 0.223404
vn 0.000000 -1.000000 0.000000
f 1585/1585/1585 1586/1586/1586 1587/1587/1587
v -0.582452 1.164904 10.484138 0.28524 0.28754 0.26684
vt 0.680989 0.223404
vn 0.000000 -1.000000 0.000000
v -0.582452 1.164904 9.901686 0.28524 0.28754 0.26684
vt 0.685539 0.223773
vn 0.000000 -1.000000 0.000000
v 0.582452 1.164904 9.901686 0.28524 0.28754 0.26684
vt 0.685186 0.229506
vn 0.000000 -1.000000 0.000000
f 1588/1588/1588 1589/1589/1589 1590/1590/1590
v 0.582452 4.659617 9.901686 0.26108 0.52005 0.63221
vt 0.220066 0.224777
vn 0.000000 1.000000 -0.000000
v -0.582452 4.659617 10.484138 0.26108 0.52005 0.63221
vt 0.217607 0.220965
vn 0.000000 1.000000 -0.000000
v 0.582452 4.659617 10.484138 0.26108 0.52005 0.63221
vt 0.217148 0.224595
vn 0.000000 1.000000 -0.000000
f 1591/1591/1591 1592/1592/1592 1593/1593/1593
v -0.582452 4.659617 10.484138 0.26108 0.52005 0.63221
vt 0.217607 0.220965
vn 0.000000 1.000000 0.000000
v 0.582452 4.659617 9.901686 0.26108 0.52005 0.63221
vt 0.220066 0.224777
vn 0.000000 1.000000 0.000000
v -0.582452 4.659617 9.901686 0.26108 0.52005 0.63221
vt 0.220523 0.221146
vn 0.000000 1.000000 0.000000
f 1594/1594/1594 1595/1595/1595 1596/1596/1596
v -1.164904 4.077165 9.901686 0.26108 0.52005 0.63221
vt 0.221397 0.218653
vn -0.707107 0.707107 0.000000
v -1.747356 3.494713 10.484138 0.26108 0.52005 0.63221
vt 0.219611 0.217613
vn -0.707107 0.707107 0.000000
v -1.164904 4.077165 10.484138 0.26108 0.52005 0.63221
vt 0.218488 0.218473
vn -0.707107 0.707107 0.000000
f 1597/1597/1597 1598/1598/1598 1599/1599/1599
v -1.747356 3.494713 10.484138 0.26108 0.52005 0.63221
vt 0.219611 0.217613
vn -0.707107 0.707107 0.000000
v -1.164904 4.077165 9.901686 0.26108 0.52005 0.63221
vt 0.221397 0.218653
vn -0.707107 0.707107 0.000000
v -1.747356 3.494713 9.901686 0.26108 0.52005 0.63221
vt 0.222510 0.217793
vn -0.707107 0.707107 0.000000
f 1600/1600/1600 1601/1601/1601 1602/1602/1602
v 1.164904 4.077165 9.901686 0.26108 0.52005 0.63221
vt 0.220120 0.228812
vn 0.707107 0.707107 -0.000000
v 1.164904 4.077165 10.484138 0.26108 0.52005 0.63221
vt 0.217205 0.228630
vn 0.707107 0.707107 -0.000000
v 1.747356 3.494713 10.484138 0.26108 0.52005 0.63221
vt 0.217765 0.232252
vn 0.707107 0.707107 -0.000000
f 1603/1603/1603 1604/1604/1604 1605/1605/1605
v 1.747356 3.494713 10.484138 0.26108 0.52005 0.63221
vt 0.217765 0.232252
vn 0.707107 0.707107 0.000000
v 1.747356 3.494713 9.901686 0.26108 0.52005 0.63221
vt 0.220673 0.232433
vn 0.707107 0.707107 0.000000
v 1.164904 4.077165 9.901686 0.26108 0.52005 0.63221
vt 0.220120 0.228812
vn 0.707107 0.707107 0.000000
f 1606/1606/1606 1607/1607/1607 1608/1608/1608
v 1.747356 2.329809 9.901686 0.28524 0.28754 0.26684
vt 0.686018 0.235261
vn 0.707107 -0.707107 0.000000
v 1.747356 2.329809 10.484138 0.28524 0.28754 0.26684
vt 0.681424 0.234888
vn 0.707107 -0.707107 0.000000
v 1.164904 1.747356 10.484138 0.28524 0.28754 0.26684
vt 0.680786 0.233233
vn 0.707107 -0.707107 0.000000
f 1609/1609/1609 1610/1610/1610 1611/1611/1611
v 1.164904 1.747356 10.484138 0.28524 0.28754 0.26684
vt 0.680786 0.233233
vn 0.707107 -0.707107 0.000000
v 1.164904 1.747356 9.901686 0.28524 0.28754 0.26684
vt 0.685355 0.233605
vn 0.707107 -0.707107 0.000000
v 1.747356 2.329809 9.901686 0.28524 0.28754 0.26684
vt 0.686018 0.235261
vn 0.707107 -0.707107 0.000000
f 1612/1612/1612 1613/1613/1613 1614/1614/1614
v -4.659617 1.164904 5.242069 0.52681 0.52911 0.50841
vt 0.653507 0.675599
vn 1.000000 0.000000 0.000000
v -4.659617 1.164904 4.659617 0.52681 0.52911 0.50841
vt 0.654247 0.675543
vn 1.000000 0.000000 0.000000
v -4.659617 1.747356 4.659617 0.52681 0.52911 0.50841
vt 0.654330 0.676000
vn 1.000000 0.000000 0.000000
f 1615/1615/1615 1616/1616/1616 1617/1617/1617
v -4.659617 1.747356 4.659617 0.52681 0.52911 0.50841
vt 0.654330 0.676000
vn 1.000000 0.000000 -0.000000
v -4.659617 1.747356 5.242069 0.52681 0.52911 0.50841
vt 0.653282 0.676080
vn 1.000000 0.000000 -0.000000
v -4.659617 1.164904 5.242069 0.52681 0.52911 0.50841
vt 0.653507 0.675599
vn 1.000000 0.000000 -0.000000
f 1618/1618/1618 1619/1619/1619 1620/1620/1620
v -4.659617 1.164904 4.659617 0.52681 0.52911 0.50841
vt 0.654065 0.673779
vn -1.000000 0.000000 0.000000
v -4.659617 1.164904 5.242069 0.52681 0.52911 0.50841
vt 0.653331 0.673895
vn -1.000000 0.000000 0.000000
v -4.659617 1.747356 5.242069 0.52681 0.52911 0.50841
vt 0.653034 0.673670
vn -1.000000 0.000000 0.000000
f 1621/1621/1621 1622/1622/1622 1623/1623/1623
v -4.659617 1.747356 5.242069 0.52681 0.52911 0.50841
vt 0.653034 0.673670
vn -1.000000 0.000000 -0.000000
v -4.659617 1.747356 4.659617 0.52681 0.52911 0.50841
vt 0.654073 0.673505
vn -1.000000 0.000000 -0.000000
v -4.659617 1.164904 4.659617 0.52681 0.52911 0.50841
vt 0.654065 0.673779
vn -1.000000 0.000000 -0.000000
f 1624/1624/1624 1625/1625/1625 1626/1626/1626
v -0.582452 4.659617 9.901686 0.26108 0.52005 0.63221
vt 0.220523 0.221146
vn -0.707107 0.707107 0.000000
v -1.164904 4.077165 10.484138 0.26108 0.52005 0.63221
vt 0.218488 0.218473
vn -0.707107 0.707107 0.000000
v -0.582452 4.659617 10.484138 0.26108 0.52005 0.63221
vt 0.217607 0.220965
vn -0.707107 0.707107 0.000000
f 1627/1627/1627 1628/1628/1628 1629/1629/1629
v -1.164904 4.077165 10.484138 0.26108 0.52005 0.63221
vt 0.218488 0.218473
vn -0.707107 0.707107 0.000000
v -0.582452 4.659617 9.901686 0.26108 0.52005 0.63221
vt 0.220523 0.221146
vn -0.707107 0.707107 0.000000
v -1.164904 4.077165 9.901686 0.26108 0.52005 0.63221
vt 0.221397 0.218653
vn -0.707107 0.707107 0.000000
f 1630/1630/1630 1631/1631/1631 1632/1632/1632
v -1.747356 2.912261 9.901686 0.26108 0.52005 0.63221
vt 0.223638 0.218722
vn -1.000000 0.000000 0.000000
v -1.747356 2.329809 10.484138 0.26108 0.52005 0.63221
vt 0.221681 0.221058
vn -1.000000 0.000000 0.000000
v -1.747356 2.912261 10.484138 0.26108 0.52005 0.63221
vt 0.220751 0.218543
vn -1.000000 0.000000 0.000000
f 1633/1633/1633 1634/1634/1634 1635/1635/1635
v -1.747356 2.329809 10.484138 0.26108 0.52005 0.63221
vt 0.221681 0.221058
vn -1.000000 0.000000 0.000000
v -1.747356 2.912261 9.901686 0.26108 0.52005 0.63221
vt 0.223638 0.218722
vn -1.000000 0.000000 0.000000
v -1.747356 2.329809 9.901686 0.26108 0.52005 0.63221
vt 0.224559 0.221237
vn -1.000000 0.000000 0.000000
f 1636/1636/1636 1637/1637/1637 1638/1638/1638
v -1.164904 4.077165 12.813947 0.26108 0.52005 0.63221
vt 0.208058 0.219770
vn -0.000000 0.707107 0.707107
v -0.582452 3.494713 13.396399 0.26108 0.52005 0.63221
vt 0.205484 0.221620
vn -0.000000 0.707107 0.707107
v -0.582452 4.077165 12.813947 0.26108 0.52005 0.63221
vt 0.208171 0.219621
vn -0.000000 0.707107 0.707107
f 1639/1639/1639 1640/1640/1640 1641/1641/1641
v -0.582452 4.077165 12.813947 0.26108 0.52005 0.63221
vt 0.208171 0.219621
vn -0.000000 0.000000 -1.000000
v -1.164904 3.494713 12.813947 0.26108 0.52005 0.63221
vt 0.208845 0.219433
vn -0.000000 0.000000 -1.000000
v -1.164904 4.077165 12.813947 0.26108 0.52005 0.63221
vt 0.208058 0.219770
vn -0.000000 0.000000 -1.000000
f 1642/1642/1642 1643/1643/1643 1644/1644/1644
v -1.747356 2.329809 9.901686 0.28524 0.28754 0.26684
vt 0.687451 0.211888
vn -0.707107 -0.707107 0.000000
v -1.164904 1.747356 10.484138 0.28524 0.28754 0.26684
vt 0.681787 0.217131
vn -0.707107 -0.707107 0.000000
v -1.747356 2.329809 10.484138 0.28524 0.28754 0.26684
vt 0.682875 0.211517
vn -0.707107 -0.707107 0.000000
f 1645/1645/1645 1646/1646/1646 1647/1647/1647
v -1.164904 1.747356 10.484138 0.28524 0.28754 0.26684
vt 0.681787 0.217131
vn -0.707107 -0.707107 -0.000000
v -1.747356 2.329809 9.901686 0.28524 0.28754 0.26684
vt 0.687451 0.211888
vn -0.707107 -0.707107 -0.000000
v -1.164904 1.747356 9.901686 0.28524 0.28754 0.26684
vt 0.686344 0.217501
vn -0.707107 -0.707107 -0.000000
f 1648/1648/1648 1649/1649/1649 1650/1650/1650
v 0.582452 4.077165 12.813947 0.26108 0.52005 0.63221
vt 0.207101 0.227961
vn 0.000000 0.000000 -1.000000
v 1.164904 4.077165 12.813947 0.26108 0.52005 0.63221
vt 0.206939 0.228486
vn 0.000000 0.000000 -1.000000
v 1.164904 3.494713 12.813947 0.26108 0.52005 0.63221
vt 0.207437 0.230402
vn 0.000000 0.000000 -1.000000
f 1651/1651/1651 1652/1652/1652 1653/1653/1653
v 1.747356 2.912261 9.901686 0.26108 0.52005 0.63221
vt 0.221609 0.234915
vn 1.000000 0.000000 -0.000000
v 1.747356 2.912261 10.484138 0.26108 0.52005 0.63221
vt 0.218712 0.234735
vn 1.000000 0.000000 -0.000000
v 1.747356 2.329809 10.484138 0.26108 0.52005 0.63221
vt 0.219854 0.235597
vn 1.000000 0.000000 -0.000000
f 1654/1654/1654 1655/1655/1655 1656/1656/1656
v 1.747356 2.329809 10.484138 0.26108 0.52005 0.63221
vt 0.219854 0.235597
vn 1.000000 0.000000 0.000000
v 1.747356 2.329809 9.901686 0.26108 0.52005 0.63221
vt 0.222740 0.235777
vn 1.000000 0.000000 0.000000
v 1.747356 2.912261 9.901686 0.26108 0.52005 0.63221
vt 0.221609 0.234915
vn 1.000000 0.000000 0.000000
f 1657/1657/1657 1658/1658/1658 1659/1659/1659
v 1.164904 4.077165 12.813947 0.26108 0.52005 0.63221
vt 0.206939 0.228486
vn 0.000000 0.707107 0.707107
v 0.582452 4.077165 12.813947 0.26108 0.52005 0.63221
vt 0.207101 0.227961
vn 0.000000 0.707107 0.707107
v 0.582452 3.494713 13.396399 0.26108 0.52005 0.63221
vt 0.204635 0.228212
vn 0.000000 0.707107 0.707107
f 1660/1660/1660 1661/1661/1661 1662/1662/1662
v 4.077165 1.164904 5.242069 0.52681 0.52911 0.50841
vt 0.662128 0.776688
vn 0.000000 0.000000 1.000000
v 4.659617 1.747356 5.242069 0.52681 0.52911 0.50841
vt 0.662413 0.778451
vn 0.000000 0.000000 1.000000
v 4.077165 1.747356 5.242069 0.52681 0.52911 0.50841
vt 0.662191 0.776675
vn 0.000000 0.000000 1.000000
f 1663/1663/1663 1664/1664/1664 1665/1665/1665
v 4.659617 1.747356 5.242069 0.52681 0.52911 0.50841
vt 0.662413 0.778451
vn 0.000000 0.000000 1.000000
v 4.077165 1.164904 5.242069 0.52681 0.52911 0.50841
vt 0.662128 0.776688
vn 0.000000 0.000000 1.000000
v 4.659617 1.164904 5.242069 0.52681 0.52911 0.50841
vt 0.662082 0.776809
vn 0.000000 0.000000 1.000000
f 1666/1666/1666 1667/1667/1667 1668/1668/1668
v 5.242069 1.164904 5.242069 0.52681 0.52911 0.50841
vt 0.662882 0.784041
vn 0.000000 0.000000 -1.000000
v 4.659617 1.164904 5.242069 0.52681 0.52911 0.50841
vt 0.662708 0.782301
vn 0.000000 0.000000 -1.000000
v 4.659617 1.747356 5.242069 0.52681 0.52911 0.50841
vt 0.662821 0.782768
vn 0.000000 0.000000 -1.000000
f 1669/1669/1669 1670/1670/1670 1671/1671/1671
v 4.659617 1.747356 5.242069 0.52681 0.52911 0.50841
vt 0.662821 0.782768
vn 0.000000 0.000000 -1.000000
v 5.242069 1.747356 5.242069 0.52681 0.52911 0.50841
vt 0.663046 0.784627
vn 0.000000 0.000000 -1.000000
v 5.242069 1.164904 5.242069 0.52681 0.52911 0.50841
vt 0.662882 0.784041
vn 0.000000 0.000000 -1.000000
f 1672/1672/1672 1673/1673/1673 1674/1674/1674
v 4.659617 1.747356 5.242069 0.52681 0.52911 0.50841
vt 0.663666 0.785020
vn 0.000000 0.000000 -1.000000
v 4.659617 2.329809 5.242069 0.52681 0.52911 0.50841
vt 0.664008 0.785992
vn 0.000000 0.000000 -1.000000
v 5.242069 1.747356 5.242069 0.52681 0.52911 0.50841
vt 0.663991 0.786628
vn 0.000000 0.000000 -1.000000
f 1675/1675/1675 1676/1676/1676 1677/1677/1677
v 4.659617 1.747356 5.242069 0.52681 0.52911 0.50841
vt 0.663317 0.780586
vn 0.000000 0.000000 -1.000000
v 4.077165 2.329809 5.242069 0.52681 0.52911 0.50841
vt 0.663335 0.779465
vn 0.000000 0.000000 -1.000000
v 4.659617 2.329809 5.242069 0.52681 0.52911 0.50841
vt 0.663525 0.780711
vn 0.000000 0.000000 -1.000000
f 1678/1678/1678 1679/1679/1679 1680/1680/1680
v 4.659617 1.747356 5.242069 0.52681 0.52911 0.50841
vt 0.663175 0.779653
vn 0.000000 0.000000 1.000000
v 4.077165 2.329809 5.242069 0.52681 0.52911 0.50841
vt 0.663335 0.779465
vn 0.000000 0.000000 1.000000
v 4.077165 1.747356 5.242069 0.52681 0.52911 0.50841
vt 0.663126 0.778243
vn 0.000000 0.000000 1.000000
f 1681/1681/1681 1682/1682/1682 1683/1683/1683
v -4.077165 1.164904 5.242069 0.52681 0.52911 0.50841
vt 0.651921 0.677830
vn 0.000000 -0.000000 1.000000
v -4.077165 1.747356 5.242069 0.52681 0.52911 0.50841
vt 0.652030 0.678251
vn 0.000000 -0.000000 1.000000
v -4.659617 1.747356 5.242069 0.52681 0.52911 0.50841
vt 0.651726 0.676811
vn 0.000000 -0.000000 1.000000
f 1684/1684/1684 1685/1685/1685 1686/1686/1686
v -4.659617 1.164904 5.242069 0.52681 0.52911 0.50841
vt 0.651811 0.677338
vn 0.000000 0.000000 1.000000
v -4.077165 1.164904 5.242069 0.52681 0.52911 0.50841
vt 0.651921 0.677830
vn 0.000000 0.000000 1.000000
v -4.659617 1.747356 5.242069 0.52681 0.52911 0.50841
vt 0.651928 0.676484
vn 0.000000 0.000000 1.000000
f 1687/1687/1687 1688/1688/1688 1689/1689/1689
v -4.659617 1.164904 5.242069 0.52681 0.52911 0.50841
vt 0.651323 0.672044
vn 0.000000 0.000000 -1.000000
v -5.242069 1.164904 5.242069 0.52681 0.52911 0.50841
vt 0.651129 0.670212
vn 0.000000 0.000000 -1.000000
v -4.659617 1.747356 5.242069 0.52681 0.52911 0.50841
vt 0.651381 0.671969
vn 0.000000 0.000000 -1.000000
f 1690/1690/1690 1691/1691/1691 1692/1692/1692
v -5.242069 1.747356 5.242069 0.52681 0.52911 0.50841
vt 0.651239 0.670259
vn 0.000000 0.000000 -1.000000
v -4.659617 1.747356 5.242069 0.52681 0.52911 0.50841
vt 0.651381 0.671969
vn 0.000000 0.000000 -1.000000
v -5.242069 1.164904 5.242069 0.52681 0.52911 0.50841
vt 0.651129 0.670212
vn 0.000000 0.000000 -1.000000
f 1693/1693/1693 1694/1694/1694 1695/1695/1695
v -4.659617 2.329809 5.242069 0.52681 0.52911 0.50841
vt 0.652464 0.674040
vn 0.000000 -0.000000 -1.000000
v -4.659617 1.747356 5.242069 0.52681 0.52911 0.50841
vt 0.652165 0.673518
vn 0.000000 -0.000000 -1.000000
v -5.242069 1.747356 5.242069 0.52681 0.52911 0.50841
vt 0.652258 0.672858
vn 0.000000 -0.000000 -1.000000
f 1696/1696/1696 1697/1697/1697 1698/1698/1698
v -4.077165 2.329809 5.242069 0.52681 0.52911 0.50841
vt 0.653158 0.680771
vn 0.000000 0.000000 1.000000
v -4.659617 2.329809 5.242069 0.52681 0.52911 0.50841
vt 0.653128 0.679874
vn 0.000000 0.000000 1.000000
v -4.659617 1.747356 5.242069 0.52681 0.52911 0.50841
vt 0.652816 0.678772
vn 0.000000 0.000000 1.000000
f 1699/1699/1699 1700/1700/1700 1701/1701/1701
v -4.077165 1.747356 5.242069 0.52681 0.52911 0.50841
vt 0.653150 0.681505
vn 0.000000 -0.000000 1.000000
v -4.077165 2.329809 5.242069 0.52681 0.52911 0.50841
vt 0.653158 0.680771
vn 0.000000 -0.000000 1.000000
v -4.659617 1.747356 5.242069 0.52681 0.52911 0.50841
vt 0.652839 0.679445
vn 0.000000 -0.000000 1.000000
f 1702/1702/1702 1703/1703/1703 1704/1704/1704
v 4.659617 2.329809 4.659617 0.26108 0.52005 0.63221
vt 0.248687 0.253274
vn 1.000000 0.000000 0.000000
v 4.659617 1.747356 4.077165 0.26108 0.52005 0.63221
vt 0.251276 0.253932
vn 1.000000 0.000000 0.000000
v 4.659617 2.329809 4.077165 0.26108 0.52005 0.63221
vt 0.251114 0.253652
vn 1.000000 0.000000 0.000000
f 1705/1705/1705 1706/1706/1706 1707/1707/1707
v 4.659617 1.747356 2.329809 0.26108 0.52005 0.63221
vt 0.260839 0.252803
vn -1.000000 0.000000 0.000000
v 4.659617 2.329809 1.747356 0.26108 0.52005 0.63221
vt 0.264812 0.252780
vn -1.000000 0.000000 0.000000
v 4.659617 1.747356 1.747356 0.26108 0.52005 0.63221
vt 0.264029 0.253002
vn -1.000000 0.000000 0.000000
f 1708/1708/1708 1709/1709/1709 1710/1710/1710
v 4.659617 2.329809 1.747356 0.26108 0.52005 0.63221
vt 0.264812 0.252780
vn -1.000000 0.000000 0.000000
v 4.659617 1.747356 2.329809 0.26108 0.52005 0.63221
vt 0.260839 0.252803
vn -1.000000 0.000000 0.000000
v 4.659617 2.329809 2.329809 0.26108 0.52005 0.63221
vt 0.260683 0.252522
vn -1.000000 0.000000 0.000000
f 1711/1711/1711 1712/1712/1712 1713/1713/1713
v 4.659617 2.329809 2.329809 0.26108 0.52005 0.63221
vt 0.260466 0.254377
vn 1.000000 0.000000 -0.000000
v 4.659617 2.329809 2.912261 0.26108 0.52005 0.63221
vt 0.258451 0.254251
vn 1.000000 0.000000 -0.000000
v 4.659617 1.747356 2.912261 0.26108 0.52005 0.63221
vt 0.258608 0.254531
vn 1.000000 0.000000 -0.000000
f 1714/1714/1714 1715/1715/1715 1716/1716/1716
v 4.659617 1.747356 2.912261 0.26108 0.52005 0.63221
vt 0.258608 0.254531
vn 1.000000 0.000000 0.000000
v 4.659617 1.747356 2.329809 0.26108 0.52005 0.63221
vt 0.260621 0.254657
vn 1.000000 0.000000 0.000000
v 4.659617 2.329809 2.329809 0.26108 0.52005 0.63221
vt 0.260466 0.254377
vn 1.000000 0.000000 0.000000
f 1717/1717/1717 1718/1718/1718 1719/1719/1719
v 4.659617 2.329809 1.747356 0.26108 0.52005 0.63221
vt 0.264596 0.254635
vn 1.000000 0.000000 -0.000000
v 4.659617 2.329809 2.329809 0.26108 0.52005 0.63221
vt 0.260466 0.254377
vn 1.000000 0.000000 -0.000000
v 4.659617 1.747356 2.329809 0.26108 0.52005 0.63221
vt 0.260621 0.254657
vn 1.000000 0.000000 -0.000000
f 1720/1720/1720 1721/1721/1721 1722/1722/1722
v 4.659617 1.747356 2.329809 0.26108 0.52005 0.63221
vt 0.260621 0.254657
vn 1.000000 0.000000 0.000000
v 4.659617 1.747356 1.747356 0.26108 0.52005 0.63221
vt 0.263813 0.254856
vn 1.000000 0.000000 0.000000
v 4.659617 2.329809 1.747356 0.26108 0.52005 0.63221
vt 0.264596 0.254635
vn 1.000000 0.000000 0.000000
f 1723/1723/1723 1724/1724/1724 1725/1725/1725
v 4.659617 2.329809 3.494713 0.26108 0.52005 0.63221
vt 0.254422 0.253999
vn 1.000000 0.000000 -0.000000
v 4.659617 2.329809 4.077165 0.26108 0.52005 0.63221
vt 0.253087 0.253864
vn 1.000000 0.000000 -0.000000
v 4.659617 1.747356 4.077165 0.26108 0.52005 0.63221
vt 0.253247 0.254144
vn 1.000000 0.000000 -0.000000
f 1726/1726/1726 1727/1727/1727 1728/1728/1728
v 4.659617 1.747356 4.077165 0.26108 0.52005 0.63221
vt 0.253247 0.254144
vn 1.000000 0.000000 0.000000
v 4.659617 1.747356 3.494713 0.26108 0.52005 0.63221
vt 0.254582 0.254279
vn 1.000000 0.000000 0.000000
v 4.659617 2.329809 3.494713 0.26108 0.52005 0.63221
vt 0.254422 0.253999
vn 1.000000 0.000000 0.000000
f 1729/1729/1729 1730/1730/1730 1731/1731/1731
v 4.659617 2.329809 2.912261 0.26108 0.52005 0.63221
vt 0.258451 0.254251
vn 1.000000 0.000000 -0.000000
v 4.659617 2.329809 3.494713 0.26108 0.52005 0.63221
vt 0.256437 0.254125
vn 1.000000 0.000000 -0.000000
v 4.659617 1.747356 3.494713 0.26108 0.52005 0.63221
vt 0.256595 0.254405
vn 1.000000 0.000000 -0.000000
f 1732/1732/1732 1733/1733/1733 1734/1734/1734
v 4.659617 1.747356 3.494713 0.26108 0.52005 0.63221
vt 0.256595 0.254405
vn 1.000000 0.000000 0.000000
v 4.659617 1.747356 2.912261 0.26108 0.52005 0.63221
vt 0.258608 0.254531
vn 1.000000 0.000000 0.000000
v 4.659617 2.329809 2.912261 0.26108 0.52005 0.63221
vt 0.258451 0.254251
vn 1.000000 0.000000 0.000000
f 1735/1735/1735 1736/1736/1736 1737/1737/1737
v 4.659617 1.747356 4.077165 0.26108 0.52005 0.63221
vt 0.251452 0.252456
vn -1.000000 0.000000 0.000000
v 4.659617 2.329809 4.659617 0.26108 0.52005 0.63221
vt 0.248773 0.252557
vn -1.000000 0.000000 0.000000
v 4.659617 2.329809 4.077165 0.26108 0.52005 0.63221
vt 0.251290 0.252175
vn -1.000000 0.000000 0.000000
f 1738/1738/1738 1739/1739/1739 1740/1740/1740
v 4.659617 1.747356 2.912261 0.26108 0.52005 0.63221
vt 0.258826 0.252677
vn -1.000000 0.000000 0.000000
v 4.659617 2.329809 2.329809 0.26108 0.52005 0.63221
vt 0.260683 0.252522
vn -1.000000 0.000000 0.000000
v 4.659617 1.747356 2.329809 0.26108 0.52005 0.63221
vt 0.260839 0.252803
vn -1.000000 0.000000 0.000000
f 1741/1741/1741 1742/1742/1742 1743/1743/1743
v 4.659617 2.329809 2.329809 0.26108 0.52005 0.63221
vt 0.260683 0.252522
vn -1.000000 0.000000 0.000000
v 4.659617 1.747356 2.912261 0.26108 0.52005 0.63221
vt 0.258826 0.252677
vn -1.000000 0.000000 0.000000
v 4.659617 2.329809 2.912261 0.26108 0.52005 0.63221
vt 0.258669 0.252396
vn -1.000000 0.000000 0.000000
f 1744/1744/1744 1745/1745/1745 1746/1746/1746
v 4.659617 1.747356 3.494713 0.26108 0.52005 0.63221
vt 0.256814 0.252551
vn -1.000000 0.000000 0.000000
v 4.659617 2.329809 2.912261 0.26108 0.52005 0.63221
vt 0.258669 0.252396
vn -1.000000 0.000000 0.000000
v 4.659617 1.747356 2.912261 0.26108 0.52005 0.63221
vt 0.258826 0.252677
vn -1.000000 0.000000 0.000000
f 1747/1747/1747 1748/1748/1748 1749/1749/1749
v 4.659617 2.329809 2.912261 0.26108 0.52005 0.63221
vt 0.258669 0.252396
vn -1.000000 0.000000 0.000000
v 4.659617 1.747356 3.494713 0.26108 0.52005 0.63221
vt 0.256814 0.252551
vn -1.000000 0.000000 0.000000
v 4.659617 2.329809 3.494713 0.26108 0.52005 0.63221
vt 0.256656 0.252270
vn -1.000000 0.000000 0.000000
f 1750/1750/1750 1751/1751/1751 1752/1752/1752
v 4.659617 1.747356 4.077165 0.26108 0.52005 0.63221
vt 0.253454 0.252407
vn -1.000000 0.000000 0.000000
v 4.659617 2.329809 3.494713 0.26108 0.52005 0.63221
vt 0.254642 0.252144
vn -1.000000 0.000000 0.000000
v 4.659617 1.747356 3.494713 0.26108 0.52005 0.63221
vt 0.254802 0.252425
vn -1.000000 0.000000 0.000000
f 1753/1753/1753 1754/1754/1754 1755/1755/1755
v 4.659617 2.329809 3.494713 0.26108 0.52005 0.63221
vt 0.254642 0.252144
vn -1.000000 0.000000 0.000000
v 4.659617 1.747356 4.077165 0.26108 0.52005 0.63221
vt 0.253454 0.252407
vn -1.000000 0.000000 0.000000
v 4.659617 2.329809 4.077165 0.26108 0.52005 0.63221
vt 0.253293 0.252126
vn -1.000000 0.000000 0.000000
f 1756/1756/1756 1757/1757/1757 1758/1758/1758
v -4.659617 1.747356 4.077165 0.26108 0.52005 0.63221
vt 0.256702 0.208353
vn -1.000000 0.000000 0.000000
v -4.659617 2.329809 4.659617 0.26108 0.52005 0.63221
vt 0.254028 0.208399
vn -1.000000 0.000000 0.000000
v -4.659617 2.329809 4.077165 0.26108 0.52005 0.63221
vt 0.256545 0.208046
vn -1.000000 0.000000 0.000000
f 1759/1759/1759 1760/1760/1760 1761/1761/1761
v -4.659617 1.747356 1.747356 0.26108 0.52005 0.63221
vt 0.268960 0.210706
vn 1.000000 0.000000 0.000000
v -4.659617 2.329809 1.747356 0.26108 0.52005 0.63221
vt 0.269741 0.210458
vn 1.000000 0.000000 0.000000
v -4.659617 2.329809 2.329809 0.26108 0.52005 0.63221
vt 0.265645 0.210204
vn 1.000000 0.000000 0.000000
f 1762/1762/1762 1763/1763/1763 1764/1764/1764
v -4.659617 2.329809 2.329809 0.26108 0.52005 0.63221
vt 0.265645 0.210204
vn 1.000000 0.000000 0.000000
v -4.659617 1.747356 2.329809 0.26108 0.52005 0.63221
vt 0.265796 0.210510
vn 1.000000 0.000000 0.000000
v -4.659617 1.747356 1.747356 0.26108 0.52005 0.63221
vt 0.268960 0.210706
vn 1.000000 0.000000 0.000000
f 1765/1765/1765 1766/1766/1766 1767/1767/1767
v -4.659617 1.747356 2.329809 0.26108 0.52005 0.63221
vt 0.266010 0.208688
vn -1.000000 0.000000 0.000000
v -4.659617 2.329809 2.912261 0.26108 0.52005 0.63221
vt 0.263862 0.208257
vn -1.000000 0.000000 0.000000
v -4.659617 2.329809 2.329809 0.26108 0.52005 0.63221
vt 0.265859 0.208381
vn -1.000000 0.000000 0.000000
f 1768/1768/1768 1769/1769/1769 1770/1770/1770
v -4.659617 2.329809 2.912261 0.26108 0.52005 0.63221
vt 0.263862 0.208257
vn -1.000000 -0.000000 0.000000
v -4.659617 1.747356 2.329809 0.26108 0.52005 0.63221
vt 0.266010 0.208688
vn -1.000000 -0.000000 0.000000
v -4.659617 1.747356 2.912261 0.26108 0.52005 0.63221
vt 0.264014 0.208564
vn -1.000000 -0.000000 0.000000
f 1771/1771/1771 1772/1772/1772 1773/1773/1773
v -4.659617 1.747356 1.747356 0.26108 0.52005 0.63221
vt 0.269173 0.208884
vn -1.000000 0.000000 0.000000
v -4.659617 2.329809 2.329809 0.26108 0.52005 0.63221
vt 0.265859 0.208381
vn -1.000000 0.000000 0.000000
v -4.659617 2.329809 1.747356 0.26108 0.52005 0.63221
vt 0.269953 0.208635
vn -1.000000 0.000000 0.000000
f 1774/1774/1774 1775/1775/1775 1776/1776/1776
v -4.659617 2.329809 2.329809 0.26108 0.52005 0.63221
vt 0.265859 0.208381
vn -1.000000 -0.000000 0.000000
v -4.659617 1.747356 1.747356 0.26108 0.52005 0.63221
vt 0.269173 0.208884
vn -1.000000 -0.000000 0.000000
v -4.659617 1.747356 2.329809 0.26108 0.52005 0.63221
vt 0.266010 0.208688
vn -1.000000 -0.000000 0.000000
f 1777/1777/1777 1778/1778/1778 1779/1779/1779
v -4.659617 1.747356 3.494713 0.26108 0.52005 0.63221
vt 0.260024 0.208317
vn -1.000000 0.000000 0.000000
v -4.659617 2.329809 4.077165 0.26108 0.52005 0.63221
vt 0.258532 0.207992
vn -1.000000 0.000000 0.000000
v -4.659617 2.329809 3.494713 0.26108 0.52005 0.63221
vt 0.259870 0.208010
vn -1.000000 0.000000 0.000000
f 1780/1780/1780 1781/1781/1781 1782/1782/1782
v -4.659617 2.329809 4.077165 0.26108 0.52005 0.63221
vt 0.258532 0.207992
vn -1.000000 -0.000000 0.000000
v -4.659617 1.747356 3.494713 0.26108 0.52005 0.63221
vt 0.260024 0.208317
vn -1.000000 -0.000000 0.000000
v -4.659617 1.747356 4.077165 0.26108 0.52005 0.63221
vt 0.258688 0.208300
vn -1.000000 -0.000000 0.000000
f 1783/1783/1783 1784/1784/1784 1785/1785/1785
v -4.659617 1.747356 2.912261 0.26108 0.52005 0.63221
vt 0.264014 0.208564
vn -1.000000 0.000000 0.000000
v -4.659617 2.329809 3.494713 0.26108 0.52005 0.63221
vt 0.261866 0.208133
vn -1.000000 0.000000 0.000000
v -4.659617 2.329809 2.912261 0.26108 0.52005 0.63221
vt 0.263862 0.208257
vn -1.000000 0.000000 0.000000
f 1786/1786/1786 1787/1787/1787 1788/1788/1788
v -4.659617 2.329809 3.494713 0.26108 0.52005 0.63221
vt 0.261866 0.208133
vn -1.000000 -0.000000 0.000000
v -4.659617 1.747356 2.912261 0.26108 0.52005 0.63221
vt 0.264014 0.208564
vn -1.000000 -0.000000 0.000000
v -4.659617 1.747356 3.494713 0.26108 0.52005 0.63221
vt 0.262019 0.208440
vn -1.000000 -0.000000 0.000000
f 1789/1789/1789 1790/1790/1790 1791/1791/1791
v -4.659617 2.329809 4.659617 0.26108 0.52005 0.63221
vt 0.253964 0.209144
vn 1.000000 0.000000 0.000000
v -4.659617 1.747356 4.077165 0.26108 0.52005 0.63221
vt 0.256530 0.209804
vn 1.000000 0.000000 0.000000
v -4.659617 2.329809 4.077165 0.26108 0.52005 0.63221
vt 0.256373 0.209498
vn 1.000000 0.000000 0.000000
f 1792/1792/1792 1793/1793/1793 1794/1794/1794
v -4.659617 1.747356 2.329809 0.26108 0.52005 0.63221
vt 0.265796 0.210510
vn 1.000000 0.000000 0.000000
v -4.659617 2.329809 2.329809 0.26108 0.52005 0.63221
vt 0.265645 0.210204
vn 1.000000 0.000000 0.000000
v -4.659617 2.329809 2.912261 0.26108 0.52005 0.63221
vt 0.263648 0.210080
vn 1.000000 0.000000 0.000000
f 1795/1795/1795 1796/1796/1796 1797/1797/1797
v -4.659617 2.329809 2.912261 0.26108 0.52005 0.63221
vt 0.263648 0.210080
vn 1.000000 0.000000 0.000000
v -4.659617 1.747356 2.912261 0.26108 0.52005 0.63221
vt 0.263800 0.210386
vn 1.000000 0.000000 0.000000
v -4.659617 1.747356 2.329809 0.26108 0.52005 0.63221
vt 0.265796 0.210510
vn 1.000000 0.000000 0.000000
f 1798/1798/1798 1799/1799/1799 1800/1800/1800
v -4.659617 1.747356 2.912261 0.26108 0.52005 0.63221
vt 0.263800 0.210386
vn 1.000000 0.000000 0.000000
v -4.659617 2.329809 2.912261 0.26108 0.52005 0.63221
vt 0.263648 0.210080
vn 1.000000 0.000000 0.000000
v -4.659617 2.329809 3.494713 0.26108 0.52005 0.63221
vt 0.261651 0.209957
vn 1.000000 0.000000 0.000000
f 1801/1801/1801 1802/1802/1802 1803/1803/1803
v -4.659617 2.329809 3.494713 0.26108 0.52005 0.63221
vt 0.261651 0.209957
vn 1.000000 0.000000 0.000000
v -4.659617 1.747356 3.494713 0.26108 0.52005 0.63221
vt 0.261804 0.210263
vn 1.000000 0.000000 0.000000
v -4.659617 1.747356 2.912261 0.26108 0.52005 0.63221
vt 0.263800 0.210386
vn 1.000000 0.000000 0.000000
f 1804/1804/1804 1805/1805/1805 1806/1806/1806
v -4.659617 1.747356 3.494713 0.26108 0.52005 0.63221
vt 0.259809 0.210139
vn 1.000000 0.000000 0.000000
v -4.659617 2.329809 3.494713 0.26108 0.52005 0.63221
vt 0.259654 0.209833
vn 1.000000 0.000000 0.000000
v -4.659617 2.329809 4.077165 0.26108 0.52005 0.63221
vt 0.258329 0.209701
vn 1.000000 0.000000 0.000000
f 1807/1807/1807 1808/1808/1808 1809/1809/1809
v -4.659617 2.329809 4.077165 0.26108 0.52005 0.63221
vt 0.258329 0.209701
vn 1.000000 0.000000 0.000000
v -4.659617 1.747356 4.077165 0.26108 0.52005 0.63221
vt 0.258485 0.210007
vn 1.000000 0.000000 0.000000
v -4.659617 1.747356 3.494713 0.26108 0.52005 0.63221
vt 0.259809 0.210139
vn 1.000000 0.000000 0.000000
f 1810/1810/1810 1811/1811/1811 1812/1812/1812
v 4.659617 1.747356 1.747356 0.26108 0.52005 0.63221
vt 0.263970 0.256687
vn 1.000000 0.000000 -0.000000
v 4.659617 1.747356 3.494713 0.26108 0.52005 0.63221
vt 0.257192 0.256263
vn 1.000000 0.000000 -0.000000
v 4.659617 1.164904 3.494713 0.26108 0.52005 0.63221
vt 0.257347 0.256307
vn 1.000000 0.000000 -0.000000
f 1813/1813/1813 1814/1814/1814 1815/1815/1815
v 4.659617 1.164904 3.494713 0.26108 0.52005 0.63221
vt 0.257347 0.256307
vn 1.000000 0.000000 0.000000
v 4.659617 1.164904 1.747356 0.26108 0.52005 0.63221
vt 0.264121 0.256731
vn 1.000000 0.000000 0.000000
v 4.659617 1.747356 1.747356 0.26108 0.52005 0.63221
vt 0.263970 0.256687
vn 1.000000 0.000000 0.000000
f 1816/1816/1816 1817/1817/1817 1818/1818/1818
v 4.659617 1.747356 1.747356 0.26108 0.52005 0.63221
vt 0.266522 0.254657
vn -1.000000 -0.000000 -0.000000
v 4.659617 1.747356 1.164904 0.26108 0.52005 0.63221
vt 0.266955 0.255056
vn -1.000000 -0.000000 -0.000000
v 4.659617 1.164904 1.747356 0.26108 0.52005 0.63221
vt 0.266551 0.254912
vn -1.000000 -0.000000 -0.000000
f 1819/1819/1819 1820/1820/1820 1821/1821/1821
v 4.077165 1.164904 3.494713 0.26108 0.52005 0.63221
vt 0.257672 0.253546
vn 0.000000 0.000000 1.000000
v 4.659617 1.164904 3.494713 0.26108 0.52005 0.63221
vt 0.257738 0.254093
vn 0.000000 0.000000 1.000000
v 4.659617 1.747356 3.494713 0.26108 0.52005 0.63221
vt 0.257306 0.254567
vn 0.000000 0.000000 1.000000
f 1822/1822/1822 1823/1823/1823 1824/1824/1824
v 4.077165 1.164904 1.747356 0.26108 0.52005 0.63221
vt 0.264443 0.253969
vn 0.000000 -1.000000 0.000000
v 4.659617 1.164904 3.494713 0.26108 0.52005 0.63221
vt 0.257738 0.254093
vn 0.000000 -1.000000 0.000000
v 4.077165 1.164904 3.494713 0.26108 0.52005 0.63221
vt 0.257672 0.253546
vn 0.000000 -1.000000 0.000000
f 1825/1825/1825 1826/1826/1826 1827/1827/1827
v 4.659617 1.164904 3.494713 0.26108 0.52005 0.63221
vt 0.257738 0.254093
vn 0.000000 -1.000000 -0.000000
v 4.077165 1.164904 1.747356 0.26108 0.52005 0.63221
vt 0.264443 0.253969
vn 0.000000 -1.000000 -0.000000
v 4.659617 1.164904 1.747356 0.26108 0.52005 0.63221
vt 0.264506 0.254517
vn 0.000000 -1.000000 -0.000000
f 1828/1828/1828 1829/1829/1829 1830/1830/1830
v 4.077165 1.747356 3.494713 0.26108 0.52005 0.63221
vt 0.257562 0.253121
vn -0.000000 0.000000 1.000000
v 4.077165 1.164904 3.494713 0.26108 0.52005 0.63221
vt 0.257672 0.253546
vn -0.000000 0.000000 1.000000
v 4.659617 1.747356 3.494713 0.26108 0.52005 0.63221
vt 0.257306 0.254567
vn -0.000000 0.000000 1.000000
f 1831/1831/1831 1832/1832/1832 1833/1833/1833
v 4.077165 1.747356 1.747356 0.26108 0.52005 0.63221
vt 0.264336 0.253545
vn -1.000000 0.000000 0.000000
v 4.077165 1.164904 3.494713 0.26108 0.52005 0.63221
vt 0.257672 0.253546
vn -1.000000 0.000000 0.000000
v 4.077165 1.747356 3.494713 0.26108 0.52005 0.63221
vt 0.257562 0.253121
vn -1.000000 0.000000 0.000000
f 1834/1834/1834 1835/1835/1835 1836/1836/1836
v 4.077165 1.164904 3.494713 0.26108 0.52005 0.63221
vt 0.257672 0.253546
vn -1.000000 0.000000 0.000000
v 4.077165 1.747356 1.747356 0.26108 0.52005 0.63221
vt 0.264336 0.253545
vn -1.000000 0.000000 0.000000
v 4.077165 1.164904 1.747356 0.26108 0.52005 0.63221
vt 0.264443 0.253969
vn -1.000000 0.000000 0.000000
f 1837/1837/1837 1838/1838/1838 1839/1839/1839
v 4.659617 1.747356 1.747356 0.26108 0.52005 0.63221
vt 0.266522 0.254657
vn 0.000000 -0.000000 -1.000000
v 4.659617 1.164904 1.747356 0.26108 0.52005 0.63221
vt 0.264506 0.254517
vn 0.000000 -0.000000 -1.000000
v 4.077165 1.164904 1.747356 0.26108 0.52005 0.63221
vt 0.264443 0.253969
vn 0.000000 -0.000000 -1.000000
f 1840/1840/1840 1841/1841/1841 1842/1842/1842
v 4.659617 1.747356 1.747356 0.26108 0.52005 0.63221
vt 0.266473 0.254460
vn -0.000000 0.000000 -1.000000
v 4.077165 1.164904 1.747356 0.26108 0.52005 0.63221
vt 0.264443 0.253969
vn -0.000000 0.000000 -1.000000
v 4.077165 1.747356 1.747356 0.26108 0.52005 0.63221
vt 0.264336 0.253545
vn -0.000000 0.000000 -1.000000
f 1843/1843/1843 1844/1844/1844 1845/1845/1845
v 4.659617 1.747356 1.747356 0.26108 0.52005 0.63221
vt 0.263902 0.253412
vn 0.000000 1.000000 -0.000000
v 4.077165 1.747356 3.494713 0.26108 0.52005 0.63221
vt 0.257266 0.252824
vn 0.000000 1.000000 -0.000000
v 4.659617 1.747356 3.494713 0.26108 0.52005 0.63221
vt 0.257116 0.252988
vn 0.000000 1.000000 -0.000000
f 1846/1846/1846 1847/1847/1847 1848/1848/1848
v 4.077165 1.747356 3.494713 0.26108 0.52005 0.63221
vt 0.257266 0.252824
vn 0.000000 1.000000 0.000000
v 4.659617 1.747356 1.747356 0.26108 0.52005 0.63221
vt 0.263902 0.253412
vn 0.000000 1.000000 0.000000
v 4.077165 1.747356 1.747356 0.26108 0.52005 0.63221
vt 0.264048 0.253248
vn 0.000000 1.000000 0.000000
f 1849/1849/1849 1850/1850/1850 1851/1851/1851
v 4.659617 1.164904 1.747356 0.26108 0.52005 0.63221
vt 0.266440 0.255865
vn 1.000000 -0.000000 0.000000
v 4.659617 1.747356 1.164904 0.26108 0.52005 0.63221
vt 0.266949 0.255301
vn 1.000000 -0.000000 0.000000
v 4.659617 1.747356 1.747356 0.26108 0.52005 0.63221
vt 0.266373 0.255942
vn 1.000000 -0.000000 0.000000
f 1852/1852/1852 1853/1853/1853 1854/1854/1854
v -4.659617 1.164904 1.747356 0.26108 0.52005 0.63221
vt 0.269578 0.209887
vn -1.000000 0.000000 0.000000
v -4.659617 1.747356 3.494713 0.26108 0.52005 0.63221
vt 0.262758 0.209028
vn -1.000000 0.000000 0.000000
v -4.659617 1.747356 1.747356 0.26108 0.52005 0.63221
vt 0.269475 0.209444
vn -1.000000 0.000000 0.000000
f 1855/1855/1855 1856/1856/1856 1857/1857/1857
v -4.659617 1.747356 3.494713 0.26108 0.52005 0.63221
vt 0.262758 0.209028
vn -1.000000 -0.000000 0.000000
v -4.659617 1.164904 1.747356 0.26108 0.52005 0.63221
vt 0.269578 0.209887
vn -1.000000 -0.000000 0.000000
v -4.659617 1.164904 3.494713 0.26108 0.52005 0.63221
vt 0.262865 0.209471
vn -1.000000 -0.000000 0.000000
f 1858/1858/1858 1859/1859/1859 1860/1860/1860
v -4.659617 1.747356 1.164904 0.26108 0.52005 0.63221
vt 0.272055 0.211200
vn 1.000000 0.000000 -0.000000
v -4.659617 1.747356 1.747356 0.26108 0.52005 0.63221
vt 0.271496 0.211805
vn 1.000000 0.000000 -0.000000
v -4.659617 1.164904 1.747356 0.26108 0.52005 0.63221
vt 0.271561 0.211739
vn 1.000000 0.000000 -0.000000
f 1861/1861/1861 1862/1862/1862 1863/1863/1863
v -4.659617 1.164904 3.494713 0.26108 0.52005 0.63221
vt 0.262691 0.212044
vn 0.000000 0.000000 1.000000
v -4.077165 1.164904 3.494713 0.26108 0.52005 0.63221
vt 0.262545 0.212185
vn 0.000000 0.000000 1.000000
v -4.659617 1.747356 3.494713 0.26108 0.52005 0.63221
vt 0.262508 0.210434
vn 0.000000 0.000000 1.000000
f 1864/1864/1864 1865/1865/1865 1866/1866/1866
v -4.077165 1.164904 3.494713 0.26108 0.52005 0.63221
vt 0.262545 0.212185
vn -0.000000 -1.000000 0.000000
v -4.659617 1.164904 3.494713 0.26108 0.52005 0.63221
vt 0.262691 0.212044
vn -0.000000 -1.000000 0.000000
v -4.659617 1.164904 1.747356 0.26108 0.52005 0.63221
vt 0.269404 0.212460
vn -0.000000 -1.000000 0.000000
f 1867/1867/1867 1868/1868/1868 1869/1869/1869
v -4.659617 1.164904 1.747356 0.26108 0.52005 0.63221
vt 0.269404 0.212460
vn 0.000000 -1.000000 0.000000
v -4.077165 1.164904 1.747356 0.26108 0.52005 0.63221
vt 0.269262 0.212602
vn 0.000000 -1.000000 0.000000
v -4.077165 1.164904 3.494713 0.26108 0.52005 0.63221
vt 0.262545 0.212185
vn 0.000000 -1.000000 0.000000
f 1870/1870/1870 1871/1871/1871 1872/1872/1872
v -4.077165 1.164904 3.494713 0.26108 0.52005 0.63221
vt 0.262545 0.212185
vn 0.000000 -0.000000 1.000000
v -4.077165 1.747356 3.494713 0.26108 0.52005 0.63221
vt 0.262394 0.212115
vn 0.000000 -0.000000 1.000000
v -4.659617 1.747356 3.494713 0.26108 0.52005 0.63221
vt 0.262508 0.210434
vn 0.000000 -0.000000 1.000000
f 1873/1873/1873 1874/1874/1874 1875/1875/1875
v -4.077165 1.747356 3.494713 0.26108 0.52005 0.63221
vt 0.262394 0.212115
vn 1.000000 0.000000 0.000000
v -4.077165 1.164904 3.494713 0.26108 0.52005 0.63221
vt 0.262545 0.212185
vn 1.000000 0.000000 0.000000
v -4.077165 1.164904 1.747356 0.26108 0.52005 0.63221
vt 0.269262 0.212602
vn 1.000000 0.000000 0.000000
f 1876/1876/1876 1877/1877/1877 1878/1878/1878
v -4.077165 1.164904 1.747356 0.26108 0.52005 0.63221
vt 0.269262 0.212602
vn 1.000000 0.000000 0.000000
v -4.077165 1.747356 1.747356 0.26108 0.52005 0.63221
vt 0.269115 0.212532
vn 1.000000 0.000000 0.000000
v -4.077165 1.747356 3.494713 0.26108 0.52005 0.63221
vt 0.262394 0.212115
vn 1.000000 0.000000 0.000000
f 1879/1879/1879 1880/1880/1880 1881/1881/1881
v -4.659617 1.164904 1.747356 0.26108 0.52005 0.63221
vt 0.271561 0.211739
vn 0.000000 0.000000 -1.000000
v -4.659617 1.747356 1.747356 0.26108 0.52005 0.63221
vt 0.271496 0.211805
vn 0.000000 0.000000 -1.000000
v -4.077165 1.164904 1.747356 0.26108 0.52005 0.63221
vt 0.269262 0.212602
vn 0.000000 0.000000 -1.000000
f 1882/1882/1882 1883/1883/1883 1884/1884/1884
v -4.077165 1.747356 1.747356 0.26108 0.52005 0.63221
vt 0.269115 0.212532
vn -0.000000 -0.000000 -1.000000
v -4.077165 1.164904 1.747356 0.26108 0.52005 0.63221
vt 0.269262 0.212602
vn -0.000000 -0.000000 -1.000000
v -4.659617 1.747356 1.747356 0.26108 0.52005 0.63221
vt 0.271496 0.211805
vn -0.000000 -0.000000 -1.000000
f 1885/1885/1885 1886/1886/1886 1887/1887/1887
v -4.659617 1.747356 3.494713 0.26108 0.52005 0.63221
vt 0.262087 0.210840
vn -0.000000 1.000000 0.000000
v -4.077165 1.747356 3.494713 0.26108 0.52005 0.63221
vt 0.262150 0.211400
vn -0.000000 1.000000 0.000000
v -4.077165 1.747356 1.747356 0.26108 0.52005 0.63221
vt 0.268878 0.211817
vn -0.000000 1.000000 0.000000
f 1888/1888/1888 1889/1889/1889 1890/1890/1890
v -4.077165 1.747356 1.747356 0.26108 0.52005 0.63221
vt 0.268878 0.211817
vn 0.000000 1.000000 0.000000
v -4.659617 1.747356 1.747356 0.26108 0.52005 0.63221
vt 0.268817 0.211257
vn 0.000000 1.000000 0.000000
v -4.659617 1.747356 3.494713 0.26108 0.52005 0.63221
vt 0.262087 0.210840
vn 0.000000 1.000000 0.000000
f 1891/1891/1891 1892/1892/1892 1893/1893/1893
v -4.659617 1.747356 1.164904 0.26108 0.52005 0.63221
vt 0.272080 0.210981
vn -1.000000 0.000000 0.000000
v -4.659617 1.164904 1.747356 0.26108 0.52005 0.63221
vt 0.271670 0.210802
vn -1.000000 0.000000 0.000000
v -4.659617 1.747356 1.747356 0.26108 0.52005 0.63221
vt 0.271642 0.210542
vn -1.000000 0.000000 0.000000
f 1894/1894/1894 1895/1895/1895 1896/1896/1896
v 4.659617 2.329809 4.659617 0.26108 0.52005 0.63221
vt 0.250458 0.251538
vn 0.000000 1.000000 -0.000000
v 4.077165 2.329809 5.824521 0.26108 0.52005 0.63221
vt 0.244765 0.250664
vn 0.000000 1.000000 -0.000000
v 4.659617 2.329809 5.824521 0.26108 0.52005 0.63221
vt 0.244512 0.251631
vn 0.000000 1.000000 -0.000000
f 1897/1897/1897 1898/1898/1898 1899/1899/1899
v 4.077165 2.329809 5.824521 0.26108 0.52005 0.63221
vt 0.244765 0.250664
vn 0.000000 1.000000 0.000000
v 4.659617 2.329809 4.659617 0.26108 0.52005 0.63221
vt 0.250458 0.251538
vn 0.000000 1.000000 0.000000
v 4.077165 2.329809 4.659617 0.26108 0.52005 0.63221
vt 0.250761 0.250361
vn 0.000000 1.000000 0.000000
f 1900/1900/1900 1901/1901/1901 1902/1902/1902
v 5.242069 1.747356 4.659617 0.26108 0.52005 0.63221
vt 0.250968 0.258527
vn 1.000000 0.000000 -0.000000
v 5.242069 1.747356 5.824521 0.26108 0.52005 0.63221
vt 0.244948 0.257379
vn 1.000000 0.000000 -0.000000
v 5.242069 1.164904 5.824521 0.26108 0.52005 0.63221
vt 0.245298 0.257708
vn 1.000000 0.000000 -0.000000
f 1903/1903/1903 1904/1904/1904 1905/1905/1905
v 5.242069 1.164904 5.824521 0.26108 0.52005 0.63221
vt 0.245298 0.257708
vn 1.000000 0.000000 0.000000
v 5.242069 1.164904 4.659617 0.26108 0.52005 0.63221
vt 0.251384 0.258925
vn 1.000000 0.000000 0.000000
v 5.242069 1.747356 4.659617 0.26108 0.52005 0.63221
vt 0.250968 0.258527
vn 1.000000 0.000000 0.000000
f 1906/1906/1906 1907/1907/1907 1908/1908/1908
v 5.242069 2.329809 4.659617 0.26108 0.52005 0.63221
vt 0.250361 0.256271
vn 1.000000 0.000000 -0.000000
v 5.242069 2.329809 5.824521 0.26108 0.52005 0.63221
vt 0.244337 0.254218
vn 1.000000 0.000000 -0.000000
v 5.242069 1.747356 5.824521 0.26108 0.52005 0.63221
vt 0.244436 0.255522
vn 1.000000 0.000000 -0.000000
f 1909/1909/1909 1910/1910/1910 1911/1911/1911
v 4.077165 1.164904 5.824521 0.26108 0.52005 0.63221
vt 0.246307 0.252152
vn -1.000000 0.000000 -0.000000
v 4.077165 1.164904 4.659617 0.26108 0.52005 0.63221
vt 0.252592 0.252171
vn -1.000000 0.000000 -0.000000
v 4.077165 0.582452 4.659617 0.26108 0.52005 0.63221
vt 0.252706 0.253747
vn -1.000000 0.000000 -0.000000
f 1912/1912/1912 1913/1913/1913 1914/1914/1914
v 4.659617 2.329809 4.659617 0.26108 0.52005 0.63221
vt 0.250828 0.252533
vn 0.000000 -1.000000 0.000000
v 4.659617 2.329809 5.242069 0.26108 0.52005 0.63221
vt 0.245588 0.252206
vn 0.000000 -1.000000 0.000000
v 4.077165 2.329809 5.242069 0.26108 0.52005 0.63221
vt 0.245780 0.251466
vn 0.000000 -1.000000 0.000000
f 1915/1915/1915 1916/1916/1916 1917/1917/1917
v 4.077165 2.329809 5.242069 0.26108 0.52005 0.63221
vt 0.245780 0.251466
vn 0.000000 -1.000000 0.000000
v 4.077165 2.329809 4.659617 0.26108 0.52005 0.63221
vt 0.251018 0.251794
vn 0.000000 -1.000000 0.000000
v 4.659617 2.329809 4.659617 0.26108 0.52005 0.63221
vt 0.250828 0.252533
vn 0.000000 -1.000000 0.000000
f 1918/1918/1918 1919/1919/1919 1920/1920/1920
v 4.077165 2.329809 4.659617 0.26108 0.52005 0.63221
vt 0.251018 0.251794
vn 1.000000 0.000000 -0.000000
v 4.077165 2.329809 5.242069 0.26108 0.52005 0.63221
vt 0.245780 0.251466
vn 1.000000 0.000000 -0.000000
v 4.077165 1.747356 5.242069 0.26108 0.52005 0.63221
vt 0.246029 0.251020
vn 1.000000 0.000000 -0.000000
f 1921/1921/1921 1922/1922/1922 1923/1923/1923
v 4.077165 1.747356 5.242069 0.26108 0.52005 0.63221
vt 0.246029 0.251020
vn 1.000000 0.000000 0.000000
v 4.077165 1.747356 4.659617 0.26108 0.52005 0.63221
vt 0.251262 0.251347
vn 1.000000 0.000000 0.000000
v 4.077165 2.329809 4.659617 0.26108 0.52005 0.63221
vt 0.251018 0.251794
vn 1.000000 0.000000 0.000000
f 1924/1924/1924 1925/1925/1925 1926/1926/1926
v 4.077165 1.164904 5.824521 0.26108 0.52005 0.63221
vt 0.246307 0.252152
vn 0.000000 -1.000000 -0.000000
v 3.494713 1.164904 4.659617 0.26108 0.52005 0.63221
vt 0.252345 0.250838
vn 0.000000 -1.000000 -0.000000
v 4.077165 1.164904 4.659617 0.26108 0.52005 0.63221
vt 0.252592 0.252171
vn 0.000000 -1.000000 -0.000000
f 1927/1927/1927 1928/1928/1928 1929/1929/1929
v 5.242069 1.164904 5.824521 0.26108 0.52005 0.63221
vt 0.245980 0.256982
vn 1.000000 0.000000 0.000000
v 5.242069 0.582452 4.659617 0.26108 0.52005 0.63221
vt 0.252196 0.258040
vn 1.000000 0.000000 0.000000
v 5.242069 1.164904 4.659617 0.26108 0.52005 0.63221
vt 0.251810 0.258755
vn 1.000000 0.000000 0.000000
f 1930/1930/1930 1931/1931/1931 1932/1932/1932
v 5.242069 1.747356 5.824521 0.26108 0.52005 0.63221
vt 0.244649 0.256620
vn 1.000000 0.000000 0.000000
v 5.242069 1.747356 4.659617 0.26108 0.52005 0.63221
vt 0.250612 0.257606
vn 1.000000 0.000000 0.000000
v 5.242069 2.329809 4.659617 0.26108 0.52005 0.63221
vt 0.250361 0.256271
vn 1.000000 0.000000 0.000000
f 1933/1933/1933 1934/1934/1934 1935/1935/1935
v 3.494713 1.747356 4.659617 0.26108 0.52005 0.63221
vt 0.251993 0.249908
vn -0.894427 0.000000 0.447214
v 4.077165 1.164904 5.824521 0.26108 0.52005 0.63221
vt 0.246098 0.251055
vn -0.894427 0.000000 0.447214
v 4.077165 1.747356 5.824521 0.26108 0.52005 0.63221
vt 0.245800 0.250290
vn -0.894427 0.000000 0.447214
f 1936/1936/1936 1937/1937/1937 1938/1938/1938
v 4.077165 1.164904 5.824521 0.26108 0.52005 0.63221
vt 0.246098 0.251055
vn -0.894427 0.000000 0.447214
v 3.494713 1.747356 4.659617 0.26108 0.52005 0.63221
vt 0.251993 0.249908
vn -0.894427 0.000000 0.447214
v 3.494713 1.164904 4.659617 0.26108 0.52005 0.63221
vt 0.252345 0.250838
vn -0.894427 0.000000 0.447214
f 1939/1939/1939 1940/1940/1940 1941/1941/1941
v 5.242069 1.747356 4.659617 0.26108 0.52005 0.63221
vt 0.250767 0.255505
vn -0.707107 -0.707107 0.000000
v 5.242069 1.747356 5.242069 0.26108 0.52005 0.63221
vt 0.245529 0.255178
vn -0.707107 -0.707107 0.000000
v 4.659617 2.329809 5.242069 0.26108 0.52005 0.63221
vt 0.245454 0.254181
vn -0.707107 -0.707107 0.000000
f 1942/1942/1942 1943/1943/1943 1944/1944/1944
v 4.659617 2.329809 5.242069 0.26108 0.52005 0.63221
vt 0.245454 0.254181
vn -0.707107 -0.707107 -0.000000
v 4.659617 2.329809 4.659617 0.26108 0.52005 0.63221
vt 0.250694 0.254509
vn -0.707107 -0.707107 -0.000000
v 5.242069 1.747356 4.659617 0.26108 0.52005 0.63221
vt 0.250767 0.255505
vn -0.707107 -0.707107 -0.000000
f 1945/1945/1945 1946/1946/1946 1947/1947/1947
v 4.077165 1.747356 4.659617 0.26108 0.52005 0.63221
vt 0.251792 0.251505
vn 1.000000 0.000000 -0.000000
v 4.077165 1.747356 5.242069 0.26108 0.52005 0.63221
vt 0.246569 0.251179
vn 1.000000 0.000000 -0.000000
v 4.077165 1.164904 5.242069 0.26108 0.52005 0.63221
vt 0.246795 0.251763
vn 1.000000 0.000000 -0.000000
f 1948/1948/1948 1949/1949/1949 1950/1950/1950
v 4.077165 1.164904 5.242069 0.26108 0.52005 0.63221
vt 0.246795 0.251763
vn 1.000000 0.000000 0.000000
v 4.077165 1.164904 4.659617 0.26108 0.52005 0.63221
vt 0.252014 0.252089
vn 1.000000 0.000000 0.000000
v 4.077165 1.747356 4.659617 0.26108 0.52005 0.63221
vt 0.251792 0.251505
vn 1.000000 0.000000 0.000000
f 1951/1951/1951 1952/1952/1952 1953/1953/1953
v 5.242069 0.582452 4.659617 0.26108 0.52005 0.63221
vt 0.252196 0.258040
vn 0.666667 -0.666667 0.333333
v 5.242069 1.164904 5.824521 0.26108 0.52005 0.63221
vt 0.245980 0.256982
vn 0.666667 -0.666667 0.333333
v 4.659617 0.582452 5.824521 0.26108 0.52005 0.63221
vt 0.246231 0.256017
vn 0.666667 -0.666667 0.333333
f 1954/1954/1954 1955/1955/1955 1956/1956/1956
v 4.659617 0.582452 5.824521 0.26108 0.52005 0.63221
vt 0.246231 0.256017
vn 0.000000 -1.000000 0.000000
v 4.659617 0.582452 4.659617 0.26108 0.52005 0.63221
vt 0.252495 0.256867
vn 0.000000 -1.000000 0.000000
v 5.242069 0.582452 4.659617 0.26108 0.52005 0.63221
vt 0.252196 0.258040
vn 0.000000 -1.000000 0.000000
f 1957/1957/1957 1958/1958/1958 1959/1959/1959
v 5.242069 2.329809 4.659617 0.26108 0.52005 0.63221
vt 0.250245 0.254685
vn 0.000000 1.000000 -0.000000
v 4.659617 2.329809 5.824521 0.26108 0.52005 0.63221
vt 0.244364 0.252866
vn 0.000000 1.000000 -0.000000
v 5.242069 2.329809 5.824521 0.26108 0.52005 0.63221
vt 0.244337 0.254218
vn 0.000000 1.000000 -0.000000
f 1960/1960/1960 1961/1961/1961 1962/1962/1962
v 4.659617 2.329809 5.824521 0.26108 0.52005 0.63221
vt 0.244364 0.252866
vn 0.000000 1.000000 0.000000
v 5.242069 2.329809 4.659617 0.26108 0.52005 0.63221
vt 0.250245 0.254685
vn 0.000000 1.000000 0.000000
v 4.659617 2.329809 4.659617 0.26108 0.52005 0.63221
vt 0.250279 0.253040
vn 0.000000 1.000000 0.000000
f 1963/1963/1963 1964/1964/1964 1965/1965/1965
v 4.077165 1.747356 5.824521 0.26108 0.52005 0.63221
vt 0.245451 0.249951
vn -0.666667 0.666667 0.333333
v 4.077165 2.329809 4.659617 0.26108 0.52005 0.63221
vt 0.251150 0.249652
vn -0.666667 0.666667 0.333333
v 3.494713 1.747356 4.659617 0.26108 0.52005 0.63221
vt 0.251578 0.249496
vn -0.666667 0.666667 0.333333
f 1966/1966/1966 1967/1967/1967 1968/1968/1968
v 5.242069 1.747356 4.659617 0.26108 0.52005 0.63221
vt 0.251147 0.256924
vn -1.000000 0.000000 0.000000
v 5.242069 1.164904 5.242069 0.26108 0.52005 0.63221
vt 0.246185 0.256849
vn -1.000000 0.000000 0.000000
v 5.242069 1.747356 5.242069 0.26108 0.52005 0.63221
vt 0.245918 0.256597
vn -1.000000 0.000000 0.000000
f 1969/1969/1969 1970/1970/1970 1971/1971/1971
v 5.242069 1.164904 5.242069 0.26108 0.52005 0.63221
vt 0.246185 0.256849
vn -1.000000 0.000000 0.000000
v 5.242069 1.747356 4.659617 0.26108 0.52005 0.63221
vt 0.251147 0.256924
vn -1.000000 0.000000 0.000000
v 5.242069 1.164904 4.659617 0.26108 0.52005 0.63221
vt 0.251408 0.257176
vn -1.000000 0.000000 0.000000
f 1972/1972/1972 1973/1973/1973 1974/1974/1974
v 4.659617 1.164904 4.659617 0.26108 0.52005 0.63221
vt 0.252220 0.254946
vn 0.000000 1.000000 -0.000000
v 4.077165 1.164904 5.242069 0.26108 0.52005 0.63221
vt 0.247029 0.253593
vn 0.000000 1.000000 -0.000000
v 4.659617 1.164904 5.242069 0.26108 0.52005 0.63221
vt 0.247009 0.254620
vn 0.000000 1.000000 -0.000000
f 1975/1975/1975 1976/1976/1976 1977/1977/1977
v 4.077165 1.164904 5.242069 0.26108 0.52005 0.63221
vt 0.247029 0.253593
vn 0.000000 1.000000 0.000000
v 4.659617 1.164904 4.659617 0.26108 0.52005 0.63221
vt 0.252220 0.254946
vn 0.000000 1.000000 0.000000
v 4.077165 1.164904 4.659617 0.26108 0.52005 0.63221
vt 0.252241 0.253919
vn 0.000000 1.000000 0.000000
f 1978/1978/1978 1979/1979/1979 1980/1980/1980
v 4.659617 0.582452 4.659617 0.26108 0.52005 0.63221
vt 0.252672 0.255377
vn -0.707107 -0.707107 0.000000
v 4.659617 0.582452 5.824521 0.26108 0.52005 0.63221
vt 0.246378 0.254791
vn -0.707107 -0.707107 0.000000
v 4.077165 1.164904 5.824521 0.26108 0.52005 0.63221
vt 0.246405 0.253449
vn -0.707107 -0.707107 0.000000
f 1981/1981/1981 1982/1982/1982 1983/1983/1983
v 4.077165 1.164904 5.824521 0.26108 0.52005 0.63221
vt 0.246405 0.253449
vn 0.000000 -0.894427 0.447214
v 4.077165 0.582452 4.659617 0.26108 0.52005 0.63221
vt 0.252706 0.253747
vn 0.000000 -0.894427 0.447214
v 4.659617 0.582452 4.659617 0.26108 0.52005 0.63221
vt 0.252672 0.255377
vn 0.000000 -0.894427 0.447214
f 1984/1984/1984 1985/1985/1985 1986/1986/1986
v 4.077165 2.329809 4.659617 0.26108 0.52005 0.63221
vt 0.250761 0.250361
vn -1.000000 0.000000 0.000000
v 4.077165 1.747356 5.824521 0.26108 0.52005 0.63221
vt 0.245091 0.250080
vn -1.000000 0.000000 0.000000
v 4.077165 2.329809 5.824521 0.26108 0.52005 0.63221
vt 0.244765 0.250664
vn -1.000000 0.000000 0.000000
f 1987/1987/1987 1988/1988/1988 1989/1989/1989
v 5.242069 1.164904 4.659617 0.26108 0.52005 0.63221
vt 0.251677 0.257071
vn 0.000000 1.000000 -0.000000
v 4.659617 1.164904 5.242069 0.26108 0.52005 0.63221
vt 0.246705 0.256296
vn 0.000000 1.000000 -0.000000
v 5.242069 1.164904 5.242069 0.26108 0.52005 0.63221
vt 0.246458 0.256745
vn 0.000000 1.000000 -0.000000
f 1990/1990/1990 1991/1991/1991 1992/1992/1992
v 4.659617 1.164904 5.242069 0.26108 0.52005 0.63221
vt 0.246705 0.256296
vn 0.000000 1.000000 0.000000
v 5.242069 1.164904 4.659617 0.26108 0.52005 0.63221
vt 0.251677 0.257071
vn 0.000000 1.000000 0.000000
v 4.659617 1.164904 4.659617 0.26108 0.52005 0.63221
vt 0.251920 0.256622
vn 0.000000 1.000000 0.000000
f 1993/1993/1993 1994/1994/1994 1995/1995/1995
v 4.659617 2.329809 3.494713 0.26108 0.52005 0.63221
vt 0.255328 0.252039
vn 0.000000 1.000000 -0.000000
v 4.077165 2.329809 4.659617 0.26108 0.52005 0.63221
vt 0.250761 0.250361
vn 0.000000 1.000000 -0.000000
v 4.659617 2.329809 4.659617 0.26108 0.52005 0.63221
vt 0.250458 0.251538
vn 0.000000 1.000000 -0.000000
f 1996/1996/1996 1997/1997/1997 1998/1998/1998
v 4.077165 2.329809 4.659617 0.26108 0.52005 0.63221
vt 0.250761 0.250361
vn 0.000000 1.000000 0.000000
v 4.659617 2.329809 3.494713 0.26108 0.52005 0.63221
vt 0.255328 0.252039
vn 0.000000 1.000000 0.000000
v 4.077165 2.329809 3.494713 0.26108 0.52005 0.63221
vt 0.255608 0.250894
vn 0.000000 1.000000 0.000000
f 1999/1999/1999 2000/2000/2000 2001/2001/2001
v 4.077165 2.329809 2.329809 0.82273 0.82503 0.80433
vt 0.272494 0.807640
vn 0.000000 0.000000 -1.000000
v 4.659617 2.329809 2.329809 0.82273 0.82503 0.80433
vt 0.272253 0.810598
vn 0.000000 0.000000 -1.000000
v 4.077165 1.747356 2.329809 0.82273 0.82503 0.80433
vt 0.272788 0.808315
vn 0.000000 0.000000 -1.000000
f 2002/2002/2002 2003/2003/2003 2004/2004/2004
v 5.242069 1.747356 3.494713 0.26108 0.52005 0.63221
vt 0.255744 0.258662
vn 1.000000 0.000000 -0.000000
v 5.242069 1.747356 4.659617 0.26108 0.52005 0.63221
vt 0.250968 0.258527
vn 1.000000 0.000000 -0.000000
v 5.242069 1.164904 4.659617 0.26108 0.52005 0.63221
vt 0.251384 0.258925
vn 1.000000 0.000000 -0.000000
f 2005/2005/2005 2006/2006/2006 2007/2007/2007
v 5.242069 1.164904 4.659617 0.26108 0.52005 0.63221
vt 0.251384 0.258925
vn 1.000000 0.000000 0.000000
v 5.242069 1.164904 3.494713 0.26108 0.52005 0.63221
vt 0.256117 0.259010
vn 1.000000 0.000000 0.000000
v 5.242069 1.747356 3.494713 0.26108 0.52005 0.63221
vt 0.255744 0.258662
vn 1.000000 0.000000 0.000000
f 2008/2008/2008 2009/2009/2009 2010/2010/2010
v 5.242069 2.329809 2.329809 0.82273 0.82503 0.80433
vt 0.271019 0.815993
vn 0.000000 -0.000000 -1.000000
v 5.242069 1.747356 2.329809 0.82273 0.82503 0.80433
vt 0.271592 0.816495
vn 0.000000 -0.000000 -1.000000
v 4.659617 1.747356 2.329809 0.82273 0.82503 0.80433
vt 0.271616 0.814955
vn 0.000000 -0.000000 -1.000000
f 2011/2011/2011 2012/2012/2012 2013/2013/2013
v 4.077165 0.582452 3.494713 0.26108 0.52005 0.63221
vt 0.257343 0.253972
vn -1.000000 0.000000 0.000000
v 4.077165 0.582452 4.659617 0.26108 0.52005 0.63221
vt 0.252706 0.253747
vn -1.000000 0.000000 0.000000
v 4.077165 1.164904 4.659617 0.26108 0.52005 0.63221
vt 0.252592 0.252171
vn -1.000000 0.000000 0.000000
f 2014/2014/2014 2015/2015/2015 2016/2016/2016
v 4.077165 1.164904 4.659617 0.26108 0.52005 0.63221
vt 0.252592 0.252171
vn -1.000000 0.000000 -0.000000
v 4.077165 1.164904 3.494713 0.26108 0.52005 0.63221
vt 0.257251 0.252478
vn -1.000000 0.000000 -0.000000
v 4.077165 0.582452 3.494713 0.26108 0.52005 0.63221
vt 0.257343 0.253972
vn -1.000000 0.000000 -0.000000
f 2017/2017/2017 2018/2018/2018 2019/2019/2019
v 4.659617 2.329809 3.494713 0.26108 0.52005 0.63221
vt 0.255614 0.252832
vn 0.000000 -1.000000 0.000000
v 4.659617 2.329809 4.659617 0.26108 0.52005 0.63221
vt 0.250828 0.252533
vn 0.000000 -1.000000 0.000000
v 4.077165 2.329809 4.659617 0.26108 0.52005 0.63221
vt 0.251018 0.251794
vn 0.000000 -1.000000 0.000000
f 2020/2020/2020 2021/2021/2021 2022/2022/2022
v 4.077165 2.329809 4.659617 0.26108 0.52005 0.63221
vt 0.251018 0.251794
vn 0.000000 -1.000000 0.000000
v 4.077165 2.329809 3.494713 0.26108 0.52005 0.63221
vt 0.255801 0.252093
vn 0.000000 -1.000000 0.000000
v 4.659617 2.329809 3.494713 0.26108 0.52005 0.63221
vt 0.255614 0.252832
vn 0.000000 -1.000000 0.000000
f 2023/2023/2023 2024/2024/2024 2025/2025/2025
v 4.077165 2.329809 3.494713 0.26108 0.52005 0.63221
vt 0.255801 0.252093
vn 1.000000 0.000000 -0.000000
v 4.077165 2.329809 4.659617 0.26108 0.52005 0.63221
vt 0.251018 0.251794
vn 1.000000 0.000000 -0.000000
v 4.077165 1.747356 4.659617 0.26108 0.52005 0.63221
vt 0.251262 0.251347
vn 1.000000 0.000000 -0.000000
f 2026/2026/2026 2027/2027/2027 2028/2028/2028
v 4.077165 1.747356 4.659617 0.26108 0.52005 0.63221
vt 0.251262 0.251347
vn 1.000000 0.000000 0.000000
v 4.077165 1.747356 3.494713 0.26108 0.52005 0.63221
vt 0.256042 0.251646
vn 1.000000 0.000000 0.000000
v 4.077165 2.329809 3.494713 0.26108 0.52005 0.63221
vt 0.255801 0.252093
vn 1.000000 0.000000 0.000000
f 2029/2029/2029 2030/2030/2030 2031/2031/2031
v 4.077165 1.164904 3.494713 0.26108 0.52005 0.63221
vt 0.257036 0.251226
vn 0.000000 -1.000000 0.000000
v 4.077165 1.164904 4.659617 0.26108 0.52005 0.63221
vt 0.252592 0.252171
vn 0.000000 -1.000000 0.000000
v 3.494713 1.164904 4.659617 0.26108 0.52005 0.63221
vt 0.252345 0.250838
vn 0.000000 -1.000000 0.000000
f 2032/2032/2032 2033/2033/2033 2034/2034/2034
v 5.242069 1.747356 3.494713 0.26108 0.52005 0.63221
vt 0.255550 0.255804
vn -0.707107 -0.707107 0.000000
v 5.242069 1.747356 4.659617 0.26108 0.52005 0.63221
vt 0.250767 0.255505
vn -0.707107 -0.707107 0.000000
v 4.659617 2.329809 4.659617 0.26108 0.52005 0.63221
vt 0.250694 0.254509
vn -0.707107 -0.707107 0.000000
f 2035/2035/2035 2036/2036/2036 2037/2037/2037
v 4.659617 2.329809 4.659617 0.26108 0.52005 0.63221
vt 0.250694 0.254509
vn -0.707107 -0.707107 -0.000000
v 4.659617 2.329809 3.494713 0.26108 0.52005 0.63221
vt 0.255480 0.254808
vn -0.707107 -0.707107 -0.000000
v 5.242069 1.747356 3.494713 0.26108 0.52005 0.63221
vt 0.255550 0.255804
vn -0.707107 -0.707107 -0.000000
f 2038/2038/2038 2039/2039/2039 2040/2040/2040
v 4.077165 1.747356 3.494713 0.26108 0.52005 0.63221
vt 0.256562 0.251803
vn 1.000000 0.000000 -0.000000
v 4.077165 1.747356 4.659617 0.26108 0.52005 0.63221
vt 0.251792 0.251505
vn 1.000000 0.000000 -0.000000
v 4.077165 1.164904 4.659617 0.26108 0.52005 0.63221
vt 0.252014 0.252089
vn 1.000000 0.000000 -0.000000
f 2041/2041/2041 2042/2042/2042 2043/2043/2043
v 4.077165 1.164904 4.659617 0.26108 0.52005 0.63221
vt 0.252014 0.252089
vn 1.000000 0.000000 0.000000
v 4.077165 1.164904 3.494713 0.26108 0.52005 0.63221
vt 0.256780 0.252387
vn 1.000000 0.000000 0.000000
v 4.077165 1.747356 3.494713 0.26108 0.52005 0.63221
vt 0.256562 0.251803
vn 1.000000 0.000000 0.000000
f 2044/2044/2044 2045/2045/2045 2046/2046/2046
v 5.242069 1.164904 3.494713 0.26108 0.52005 0.63221
vt 0.256503 0.258816
vn 1.000000 0.000000 -0.000000
v 5.242069 1.164904 4.659617 0.26108 0.52005 0.63221
vt 0.251810 0.258755
vn 1.000000 0.000000 -0.000000
v 5.242069 0.582452 4.659617 0.26108 0.52005 0.63221
vt 0.252196 0.258040
vn 1.000000 0.000000 -0.000000
f 2047/2047/2047 2048/2048/2048 2049/2049/2049
v 5.242069 0.582452 4.659617 0.26108 0.52005 0.63221
vt 0.252196 0.258040
vn 1.000000 0.000000 0.000000
v 5.242069 0.582452 3.494713 0.26108 0.52005 0.63221
vt 0.256856 0.258105
vn 1.000000 0.000000 0.000000
v 5.242069 1.164904 3.494713 0.26108 0.52005 0.63221
vt 0.256503 0.258816
vn 1.000000 0.000000 0.000000
f 2050/2050/2050 2051/2051/2051 2052/2052/2052
v 5.242069 2.329809 3.494713 0.26108 0.52005 0.63221
vt 0.255211 0.256558
vn 1.000000 0.000000 -0.000000
v 5.242069 2.329809 4.659617 0.26108 0.52005 0.63221
vt 0.250361 0.256271
vn 1.000000 0.000000 -0.000000
v 5.242069 1.747356 4.659617 0.26108 0.52005 0.63221
vt 0.250612 0.257606
vn 1.000000 0.000000 -0.000000
f 2053/2053/2053 2054/2054/2054 2055/2055/2055
v 5.242069 1.747356 4.659617 0.26108 0.52005 0.63221
vt 0.250612 0.257606
vn 1.000000 0.000000 0.000000
v 5.242069 1.747356 3.494713 0.26108 0.52005 0.63221
vt 0.255429 0.257811
vn 1.000000 0.000000 0.000000
v 5.242069 2.329809 3.494713 0.26108 0.52005 0.63221
vt 0.255211 0.256558
vn 1.000000 0.000000 0.000000
f 2056/2056/2056 2057/2057/2057 2058/2058/2058
v 3.494713 1.747356 3.494713 0.26108 0.52005 0.63221
vt 0.256723 0.250367
vn -1.000000 0.000000 0.000000
v 3.494713 1.164904 4.659617 0.26108 0.52005 0.63221
vt 0.252345 0.250838
vn -1.000000 0.000000 0.000000
v 3.494713 1.747356 4.659617 0.26108 0.52005 0.63221
vt 0.251993 0.249908
vn -1.000000 0.000000 0.000000
f 2059/2059/2059 2060/2060/2060 2061/2061/2061
v 3.494713 1.164904 4.659617 0.26108 0.52005 0.63221
vt 0.252345 0.250838
vn -0.666667 -0.666667 -0.333333
v 3.494713 1.747356 3.494713 0.26108 0.52005 0.63221
vt 0.256723 0.250367
vn -0.666667 -0.666667 -0.333333
v 4.077165 1.164904 3.494713 0.26108 0.52005 0.63221
vt 0.257036 0.251226
vn -0.666667 -0.666667 -0.333333
f 2062/2062/2062 2063/2063/2063 2064/2064/2064
v 5.242069 1.747356 3.494713 0.26108 0.52005 0.63221
vt 0.255923 0.257223
vn -1.000000 0.000000 0.000000
v 5.242069 1.164904 4.659617 0.26108 0.52005 0.63221
vt 0.251408 0.257176
vn -1.000000 0.000000 0.000000
v 5.242069 1.747356 4.659617 0.26108 0.52005 0.63221
vt 0.251147 0.256924
vn -1.000000 0.000000 0.000000
f 2065/2065/2065 2066/2066/2066 2067/2067/2067
v 5.242069 1.164904 4.659617 0.26108 0.52005 0.63221
vt 0.251408 0.257176
vn -1.000000 0.000000 0.000000
v 5.242069 1.747356 3.494713 0.26108 0.52005 0.63221
vt 0.255923 0.257223
vn -1.000000 0.000000 0.000000
v 5.242069 1.164904 3.494713 0.26108 0.52005 0.63221
vt 0.256179 0.257475
vn -1.000000 0.000000 0.000000
f 2068/2068/2068 2069/2069/2069 2070/2070/2070
v 4.659617 1.164904 3.494713 0.26108 0.52005 0.63221
vt 0.256979 0.255243
vn 0.000000 1.000000 -0.000000
v 4.077165 1.164904 4.659617 0.26108 0.52005 0.63221
vt 0.252241 0.253919
vn 0.000000 1.000000 -0.000000
v 4.659617 1.164904 4.659617 0.26108 0.52005 0.63221
vt 0.252220 0.254946
vn 0.000000 1.000000 -0.000000
f 2071/2071/2071 2072/2072/2072 2073/2073/2073
v 4.077165 1.164904 4.659617 0.26108 0.52005 0.63221
vt 0.252241 0.253919
vn 0.000000 1.000000 0.000000
v 4.659617 1.164904 3.494713 0.26108 0.52005 0.63221
vt 0.256979 0.255243
vn 0.000000 1.000000 0.000000
v 4.077165 1.164904 3.494713 0.26108 0.52005 0.63221
vt 0.257001 0.254217
vn 0.000000 1.000000 0.000000
f 2074/2074/2074 2075/2075/2075 2076/2076/2076
v 5.242069 0.582452 3.494713 0.26108 0.52005 0.63221
vt 0.256856 0.258105
vn 0.000000 -1.000000 0.000000
v 5.242069 0.582452 4.659617 0.26108 0.52005 0.63221
vt 0.252196 0.258040
vn 0.000000 -1.000000 0.000000
v 4.659617 0.582452 4.659617 0.26108 0.52005 0.63221
vt 0.252495 0.256867
vn 0.000000 -1.000000 0.000000
f 2077/2077/2077 2078/2078/2078 2079/2079/2079
v 4.659617 0.582452 4.659617 0.26108 0.52005 0.63221
vt 0.252495 0.256867
vn 0.000000 -1.000000 0.000000
v 4.659617 0.582452 3.494713 0.26108 0.52005 0.63221
vt 0.257133 0.256964
vn 0.000000 -1.000000 0.000000
v 5.242069 0.582452 3.494713 0.26108 0.52005 0.63221
vt 0.256856 0.258105
vn 0.000000 -1.000000 0.000000
f 2080/2080/2080 2081/2081/2081 2082/2082/2082
v 3.494713 1.747356 4.659617 0.26108 0.52005 0.63221
vt 0.251993 0.249908
vn 0.000000 1.000000 0.000000
v 4.077165 1.747356 3.494713 0.26108 0.52005 0.63221
vt 0.256351 0.250006
vn 0.000000 1.000000 0.000000
v 3.494713 1.747356 3.494713 0.26108 0.52005 0.63221
vt 0.256723 0.250367
vn 0.000000 1.000000 0.000000
f 2083/2083/2083 2084/2084/2084 2085/2085/2085
v 5.242069 1.164904 3.494713 0.26108 0.52005 0.63221
vt 0.256443 0.257369
vn 0.000000 1.000000 -0.000000
v 4.659617 1.164904 4.659617 0.26108 0.52005 0.63221
vt 0.251920 0.256622
vn 0.000000 1.000000 -0.000000
v 5.242069 1.164904 4.659617 0.26108 0.52005 0.63221
vt 0.251677 0.257071
vn 0.000000 1.000000 -0.000000
f 2086/2086/2086 2087/2087/2087 2088/2088/2088
v 4.659617 1.164904 4.659617 0.26108 0.52005 0.63221
vt 0.251920 0.256622
vn 0.000000 1.000000 0.000000
v 5.242069 1.164904 3.494713 0.26108 0.52005 0.63221
vt 0.256443 0.257369
vn 0.000000 1.000000 0.000000
v 4.659617 1.164904 3.494713 0.26108 0.52005 0.63221
vt 0.256682 0.256920
vn 0.000000 1.000000 0.000000
f 2089/2089/2089 2090/2090/2090 2091/2091/2091
v 5.242069 2.329809 3.494713 0.26108 0.52005 0.63221
vt 0.255116 0.255055
vn 0.000000 1.000000 -0.000000
v 4.659617 2.329809 4.659617 0.26108 0.52005 0.63221
vt 0.250279 0.253040
vn 0.000000 1.000000 -0.000000
v 5.242069 2.329809 4.659617 0.26108 0.52005 0.63221
vt 0.250245 0.254685
vn 0.000000 1.000000 -0.000000
f 2092/2092/2092 2093/2093/2093 2094/2094/2094
v 4.659617 2.329809 4.659617 0.26108 0.52005 0.63221
vt 0.250279 0.253040
vn 0.000000 1.000000 0.000000
v 5.242069 2.329809 3.494713 0.26108 0.52005 0.63221
vt 0.255116 0.255055
vn 0.000000 1.000000 0.000000
v 4.659617 2.329809 3.494713 0.26108 0.52005 0.63221
vt 0.255157 0.253485
vn 0.000000 1.000000 0.000000
f 2095/2095/2095 2096/2096/2096 2097/2097/2097
v 4.659617 1.747356 2.329809 0.82273 0.82503 0.80433
vt 0.271616 0.814955
vn 0.000000 0.000000 -1.000000
v 4.659617 2.329809 2.329809 0.82273 0.82503 0.80433
vt 0.271310 0.813413
vn 0.000000 0.000000 -1.000000
v 5.242069 2.329809 2.329809 0.82273 0.82503 0.80433
vt 0.271019 0.815993
vn 0.000000 0.000000 -1.000000
f 2098/2098/2098 2099/2099/2099 2100/2100/2100
v 4.077165 2.329809 3.494713 0.26108 0.52005 0.63221
vt 0.255964 0.250188
vn -0.707107 0.707107 0.000000
v 3.494713 1.747356 4.659617 0.26108 0.52005 0.63221
vt 0.251578 0.249496
vn -0.707107 0.707107 0.000000
v 4.077165 2.329809 4.659617 0.26108 0.52005 0.63221
vt 0.251150 0.249652
vn -0.707107 0.707107 0.000000
f 2101/2101/2101 2102/2102/2102 2103/2103/2103
v 3.494713 1.747356 4.659617 0.26108 0.52005 0.63221
vt 0.251578 0.249496
vn -0.894427 0.000000 -0.447214
v 4.077165 2.329809 3.494713 0.26108 0.52005 0.63221
vt 0.255964 0.250188
vn -0.894427 0.000000 -0.447214
v 4.077165 1.747356 3.494713 0.26108 0.52005 0.63221
vt 0.256351 0.250006
vn -0.894427 0.000000 -0.447214
f 2104/2104/2104 2105/2105/2105 2106/2106/2106
v 4.659617 2.329809 2.912261 0.26108 0.52005 0.63221
vt 0.259566 0.253080
vn 0.000000 -1.000000 0.000000
v 4.659617 2.329809 3.494713 0.26108 0.52005 0.63221
vt 0.255614 0.252832
vn 0.000000 -1.000000 0.000000
v 4.077165 2.329809 3.494713 0.26108 0.52005 0.63221
vt 0.255801 0.252093
vn 0.000000 -1.000000 0.000000
f 2107/2107/2107 2108/2108/2108 2109/2109/2109
v 4.077165 2.329809 3.494713 0.26108 0.52005 0.63221
vt 0.255801 0.252093
vn 0.000000 -1.000000 0.000000
v 4.077165 2.329809 2.912261 0.26108 0.52005 0.63221
vt 0.259752 0.252339
vn 0.000000 -1.000000 0.000000
v 4.659617 2.329809 2.912261 0.26108 0.52005 0.63221
vt 0.259566 0.253080
vn 0.000000 -1.000000 0.000000
f 2110/2110/2110 2111/2111/2111 2112/2112/2112
v 4.077165 2.329809 2.912261 0.26108 0.52005 0.63221
vt 0.259752 0.252339
vn 1.000000 0.000000 -0.000000
v 4.077165 2.329809 3.494713 0.26108 0.52005 0.63221
vt 0.255801 0.252093
vn 1.000000 0.000000 -0.000000
v 4.077165 1.747356 3.494713 0.26108 0.52005 0.63221
vt 0.256042 0.251646
vn 1.000000 0.000000 -0.000000
f 2113/2113/2113 2114/2114/2114 2115/2115/2115
v 4.077165 1.747356 3.494713 0.26108 0.52005 0.63221
vt 0.256042 0.251646
vn 1.000000 0.000000 0.000000
v 4.077165 1.747356 2.912261 0.26108 0.52005 0.63221
vt 0.259989 0.251893
vn 1.000000 0.000000 0.000000
v 4.077165 2.329809 2.912261 0.26108 0.52005 0.63221
vt 0.259752 0.252339
vn 1.000000 0.000000 0.000000
f 2116/2116/2116 2117/2117/2117 2118/2118/2118
v 4.659617 0.582452 3.494713 0.26108 0.52005 0.63221
vt 0.257302 0.255529
vn 0.000000 -1.000000 0.000000
v 4.659617 0.582452 4.659617 0.26108 0.52005 0.63221
vt 0.252672 0.255377
vn 0.000000 -1.000000 0.000000
v 4.077165 0.582452 4.659617 0.26108 0.52005 0.63221
vt 0.252706 0.253747
vn 0.000000 -1.000000 0.000000
f 2119/2119/2119 2120/2120/2120 2121/2121/2121
v 4.077165 0.582452 4.659617 0.26108 0.52005 0.63221
vt 0.252706 0.253747
vn 0.000000 -1.000000 0.000000
v 4.077165 0.582452 3.494713 0.26108 0.52005 0.63221
vt 0.257343 0.253972
vn 0.000000 -1.000000 0.000000
v 4.659617 0.582452 3.494713 0.26108 0.52005 0.63221
vt 0.257302 0.255529
vn 0.000000 -1.000000 0.000000
f 2122/2122/2122 2123/2123/2123 2124/2124/2124
v 1.164904 1.747356 9.319234 0.28524 0.28754 0.26684
vt 0.694494 0.234348
vn 0.707107 -0.707107 0.000000
v 1.164904 1.747356 9.901686 0.28524 0.28754 0.26684
vt 0.689924 0.233976
vn 0.707107 -0.707107 0.000000
v 0.582452 1.164904 9.901686 0.28524 0.28754 0.26684
vt 0.689740 0.229876
vn 0.707107 -0.707107 0.000000
f 2125/2125/2125 2126/2126/2126 2127/2127/2127
v 0.582452 1.164904 9.901686 0.28524 0.28754 0.26684
vt 0.689740 0.229876
vn 0.707107 -0.707107 0.000000
v 0.582452 1.164904 9.319234 0.28524 0.28754 0.26684
vt 0.694294 0.230246
vn 0.707107 -0.707107 0.000000
v 1.164904 1.747356 9.319234 0.28524 0.28754 0.26684
vt 0.694494 0.234348
vn 0.707107 -0.707107 0.000000
f 2128/2128/2128 2129/2129/2129 2130/2130/2130
v 1.164904 1.747356 8.736782 0.28524 0.28754 0.26684
vt 0.699064 0.234719
vn 0.707107 -0.707107 0.000000
v 1.164904 1.747356 9.319234 0.28524 0.28754 0.26684
vt 0.694494 0.234348
vn 0.707107 -0.707107 0.000000
v 0.582452 1.164904 9.319234 0.28524 0.28754 0.26684
vt 0.694294 0.230246
vn 0.707107 -0.707107 0.000000
f 2131/2131/2131 2132/2132/2132 2133/2133/2133
v 0.582452 1.164904 9.319234 0.28524 0.28754 0.26684
vt 0.694294 0.230246
vn 0.707107 -0.707107 0.000000
v 0.582452 1.164904 8.736782 0.28524 0.28754 0.26684
vt 0.698849 0.230616
vn 0.707107 -0.707107 0.000000
v 1.164904 1.747356 8.736782 0.28524 0.28754 0.26684
vt 0.699064 0.234719
vn 0.707107 -0.707107 0.000000
f 2134/2134/2134 2135/2135/2135 2136/2136/2136
v 1.164904 1.747356 8.154330 0.28524 0.28754 0.26684
vt 0.703635 0.235091
vn 0.707107 -0.707107 0.000000
v 1.164904 1.747356 8.736782 0.28524 0.28754 0.26684
vt 0.699064 0.234719
vn 0.707107 -0.707107 0.000000
v 0.582452 1.164904 8.736782 0.28524 0.28754 0.26684
vt 0.698849 0.230616
vn 0.707107 -0.707107 0.000000
f 2137/2137/2137 2138/2138/2138 2139/2139/2139
v 0.582452 1.164904 8.736782 0.28524 0.28754 0.26684
vt 0.698849 0.230616
vn 0.707107 -0.707107 0.000000
v 0.582452 1.164904 8.154330 0.28524 0.28754 0.26684
vt 0.703404 0.230987
vn 0.707107 -0.707107 0.000000
v 1.164904 1.747356 8.154330 0.28524 0.28754 0.26684
vt 0.703635 0.235091
vn 0.707107 -0.707107 0.000000
f 2140/2140/2140 2141/2141/2141 2142/2142/2142
v 1.164904 1.747356 7.571878 0.28524 0.28754 0.26684
vt 0.708207 0.235462
vn 0.707107 -0.707107 0.000000
v 1.164904 1.747356 8.154330 0.28524 0.28754 0.26684
vt 0.703635 0.235091
vn 0.707107 -0.707107 0.000000
v 0.582452 1.164904 8.154330 0.28524 0.28754 0.26684
vt 0.703404 0.230987
vn 0.707107 -0.707107 0.000000
f 2143/2143/2143 2144/2144/2144 2145/2145/2145
v 0.582452 1.164904 8.154330 0.28524 0.28754 0.26684
vt 0.703404 0.230987
vn 0.707107 -0.707107 0.000000
v 0.582452 1.164904 7.571878 0.28524 0.28754 0.26684
vt 0.707960 0.231357
vn 0.707107 -0.707107 0.000000
v 1.164904 1.747356 7.571878 0.28524 0.28754 0.26684
vt 0.708207 0.235462
vn 0.707107 -0.707107 0.000000
f 2146/2146/2146 2147/2147/2147 2148/2148/2148
v 1.164904 1.747356 6.989426 0.28524 0.28754 0.26684
vt 0.712779 0.235834
vn 0.707107 -0.707107 0.000000
v 1.164904 1.747356 7.571878 0.28524 0.28754 0.26684
vt 0.708207 0.235462
vn 0.707107 -0.707107 0.000000
v 0.582452 1.164904 7.571878 0.28524 0.28754 0.26684
vt 0.707960 0.231357
vn 0.707107 -0.707107 0.000000
f 2149/2149/2149 2150/2150/2150 2151/2151/2151
v 0.582452 1.164904 7.571878 0.28524 0.28754 0.26684
vt 0.707960 0.231357
vn 0.707107 -0.707107 0.000000
v 0.582452 1.164904 6.989426 0.28524 0.28754 0.26684
vt 0.712516 0.231727
vn 0.707107 -0.707107 0.000000
v 1.164904 1.747356 6.989426 0.28524 0.28754 0.26684
vt 0.712779 0.235834
vn 0.707107 -0.707107 0.000000
f 2152/2152/2152 2153/2153/2153 2154/2154/2154
v 1.164904 1.747356 6.406973 0.28524 0.28754 0.26684
vt 0.717351 0.236206
vn 0.707107 -0.707107 0.000000
v 1.164904 1.747356 6.989426 0.28524 0.28754 0.26684
vt 0.712779 0.235834
vn 0.707107 -0.707107 0.000000
v 0.582452 1.164904 6.989426 0.28524 0.28754 0.26684
vt 0.712516 0.231727
vn 0.707107 -0.707107 0.000000
f 2155/2155/2155 2156/2156/2156 2157/2157/2157
v 0.582452 1.164904 6.989426 0.28524 0.28754 0.26684
vt 0.712516 0.231727
vn 0.707107 -0.707107 0.000000
v 0.582452 1.164904 6.406973 0.28524 0.28754 0.26684
vt 0.717073 0.232097
vn 0.707107 -0.707107 0.000000
v 1.164904 1.747356 6.406973 0.28524 0.28754 0.26684
vt 0.717351 0.236206
vn 0.707107 -0.707107 0.000000
f 2158/2158/2158 2159/2159/2159 2160/2160/2160
v 1.164904 1.747356 5.824521 0.28524 0.28754 0.26684
vt 0.721924 0.236577
vn 0.707107 -0.707107 0.000000
v 1.164904 1.747356 6.406973 0.28524 0.28754 0.26684
vt 0.717351 0.236206
vn 0.707107 -0.707107 0.000000
v 0.582452 1.164904 6.406973 0.28524 0.28754 0.26684
vt 0.717073 0.232097
vn 0.707107 -0.707107 0.000000
f 2161/2161/2161 2162/2162/2162 2163/2163/2163
v 0.582452 1.164904 6.406973 0.28524 0.28754 0.26684
vt 0.717073 0.232097
vn 0.707107 -0.707107 0.000000
v 0.582452 1.164904 5.824521 0.28524 0.28754 0.26684
vt 0.721631 0.232467
vn 0.707107 -0.707107 0.000000
v 1.164904 1.747356 5.824521 0.28524 0.28754 0.26684
vt 0.721924 0.236577
vn 0.707107 -0.707107 0.000000
f 2164/2164/2164 2165/2165/2165 2166/2166/2166
v 1.164904 1.747356 5.242069 0.28524 0.28754 0.26684
vt 0.726498 0.236949
vn 0.707107 -0.707107 0.000000
v 1.164904 1.747356 5.824521 0.28524 0.28754 0.26684
vt 0.721924 0.236577
vn 0.707107 -0.707107 0.000000
v 0.582452 1.164904 5.824521 0.28524 0.28754 0.26684
vt 0.721631 0.232467
vn 0.707107 -0.707107 0.000000
f 2167/2167/2167 2168/2168/2168 2169/2169/2169
v 0.582452 1.164904 5.824521 0.28524 0.28754 0.26684
vt 0.721631 0.232467
vn 0.707107 -0.707107 0.000000
v 0.582452 1.164904 5.242069 0.28524 0.28754 0.26684
vt 0.726189 0.232838
vn 0.707107 -0.707107 0.000000
v 1.164904 1.747356 5.242069 0.28524 0.28754 0.26684
vt 0.726498 0.236949
vn 0.707107 -0.707107 0.000000
f 2170/2170/2170 2171/2171/2171 2172/2172/2172
v 1.164904 1.747356 4.659617 0.28524 0.28754 0.26684
vt 0.731072 0.237321
vn 0.707107 -0.707107 0.000000
v 1.164904 1.747356 5.242069 0.28524 0.28754 0.26684
vt 0.726498 0.236949
vn 0.707107 -0.707107 0.000000
v 0.582452 1.164904 5.242069 0.28524 0.28754 0.26684
vt 0.726189 0.232838
vn 0.707107 -0.707107 0.000000
f 2173/2173/2173 2174/2174/2174 2175/2175/2175
v 0.582452 1.164904 5.242069 0.28524 0.28754 0.26684
vt 0.726189 0.232838
vn 0.707107 -0.707107 0.000000
v 0.582452 1.164904 4.659617 0.28524 0.28754 0.26684
vt 0.730747 0.233208
vn 0.707107 -0.707107 0.000000
v 1.164904 1.747356 4.659617 0.28524 0.28754 0.26684
vt 0.731072 0.237321
vn 0.707107 -0.707107 0.000000
f 2176/2176/2176 2177/2177/2177 2178/2178/2178
v 1.164904 1.747356 4.077165 0.28524 0.28754 0.26684
vt 0.735647 0.237693
vn 0.707107 -0.707107 0.000000
v 1.164904 1.747356 4.659617 0.28524 0.28754 0.26684
vt 0.731072 0.237321
vn 0.707107 -0.707107 0.000000
v 0.582452 1.164904 4.659617 0.28524 0.28754 0.26684
vt 0.730747 0.233208
vn 0.707107 -0.707107 0.000000
f 2179/2179/2179 2180/2180/2180 2181/2181/2181
v 0.582452 1.164904 4.659617 0.28524 0.28754 0.26684
vt 0.730747 0.233208
vn 0.707107 -0.707107 0.000000
v 0.582452 1.164904 4.077165 0.28524 0.28754 0.26684
vt 0.735306 0.233578
vn 0.707107 -0.707107 0.000000
v 1.164904 1.747356 4.077165 0.28524 0.28754 0.26684
vt 0.735647 0.237693
vn 0.707107 -0.707107 0.000000
f 2182/2182/2182 2183/2183/2183 2184/2184/2184
v 1.164904 1.747356 3.494713 0.28524 0.28754 0.26684
vt 0.740222 0.238065
vn 0.707107 -0.707107 0.000000
v 1.164904 1.747356 4.077165 0.28524 0.28754 0.26684
vt 0.735647 0.237693
vn 0.707107 -0.707107 0.000000
v 0.582452 1.164904 4.077165 0.28524 0.28754 0.26684
vt 0.735306 0.233578
vn 0.707107 -0.707107 0.000000
f 2185/2185/2185 2186/2186/2186 2187/2187/2187
v 0.582452 1.164904 4.077165 0.28524 0.28754 0.26684
vt 0.735306 0.233578
vn 0.707107 -0.707107 0.000000
v 0.582452 1.164904 3.494713 0.28524 0.28754 0.26684
vt 0.739866 0.233949
vn 0.707107 -0.707107 0.000000
v 1.164904 1.747356 3.494713 0.28524 0.28754 0.26684
vt 0.740222 0.238065
vn 0.707107 -0.707107 0.000000
f 2188/2188/2188 2189/2189/2189 2190/2190/2190
v 1.164904 1.747356 2.912261 0.28524 0.28754 0.26684
vt 0.744798 0.238437
vn 0.707107 -0.707107 0.000000
v 1.164904 1.747356 3.494713 0.28524 0.28754 0.26684
vt 0.740222 0.238065
vn 0.707107 -0.707107 0.000000
v 0.582452 1.164904 3.494713 0.28524 0.28754 0.26684
vt 0.739866 0.233949
vn 0.707107 -0.707107 0.000000
f 2191/2191/2191 2192/2192/2192 2193/2193/2193
v 0.582452 1.164904 3.494713 0.28524 0.28754 0.26684
vt 0.739866 0.233949
vn 0.707107 -0.707107 0.000000
v 0.582452 1.164904 2.912261 0.28524 0.28754 0.26684
vt 0.744426 0.234319
vn 0.707107 -0.707107 0.000000
v 1.164904 1.747356 2.912261 0.28524 0.28754 0.26684
vt 0.744798 0.238437
vn 0.707107 -0.707107 0.000000
f 2194/2194/2194 2195/2195/2195 2196/2196/2196
v 1.164904 1.747356 2.329809 0.28524 0.28754 0.26684
vt 0.749374 0.238809
vn 0.707107 -0.707107 0.000000
v 1.164904 1.747356 2.912261 0.28524 0.28754 0.26684
vt 0.744798 0.238437
vn 0.707107 -0.707107 0.000000
v 0.582452 1.164904 2.912261 0.28524 0.28754 0.26684
vt 0.744426 0.234319
vn 0.707107 -0.707107 0.000000
f 2197/2197/2197 2198/2198/2198 2199/2199/2199
v 0.582452 1.164904 2.912261 0.28524 0.28754 0.26684
vt 0.744426 0.234319
vn 0.707107 -0.707107 0.000000
v 0.582452 1.164904 2.329809 0.28524 0.28754 0.26684
vt 0.748986 0.234690
vn 0.707107 -0.707107 0.000000
v 1.164904 1.747356 2.329809 0.28524 0.28754 0.26684
vt 0.749374 0.238809
vn 0.707107 -0.707107 0.000000
f 2200/2200/2200 2201/2201/2201 2202/2202/2202
v 1.164904 1.747356 1.747356 0.28524 0.28754 0.26684
vt 0.753951 0.239181
vn 0.707107 -0.707107 0.000000
v 1.164904 1.747356 2.329809 0.28524 0.28754 0.26684
vt 0.749374 0.238809
vn 0.707107 -0.707107 0.000000
v 0.582452 1.164904 2.329809 0.28524 0.28754 0.26684
vt 0.748986 0.234690
vn 0.707107 -0.707107 0.000000
f 2203/2203/2203 2204/2204/2204 2205/2205/2205
v 0.582452 1.164904 2.329809 0.28524 0.28754 0.26684
vt 0.748986 0.234690
vn 0.707107 -0.707107 0.000000
v 0.582452 1.164904 1.747356 0.28524 0.28754 0.26684
vt 0.753547 0.235060
vn 0.707107 -0.707107 0.000000
v 1.164904 1.747356 1.747356 0.28524 0.28754 0.26684
vt 0.753951 0.239181
vn 0.707107 -0.707107 0.000000
f 2206/2206/2206 2207/2207/2207 2208/2208/2208
v 1.164904 1.747356 1.164904 0.28524 0.28754 0.26684
vt 0.758528 0.239553
vn 0.707107 -0.707107 0.000000
v 1.164904 1.747356 1.747356 0.28524 0.28754 0.26684
vt 0.753951 0.239181
vn 0.707107 -0.707107 0.000000
v 0.582452 1.164904 1.747356 0.28524 0.28754 0.26684
vt 0.753547 0.235060
vn 0.707107 -0.707107 0.000000
f 2209/2209/2209 2210/2210/2210 2211/2211/2211
v 0.582452 1.164904 1.747356 0.28524 0.28754 0.26684
vt 0.753547 0.235060
vn 0.707107 -0.707107 0.000000
v 0.582452 1.164904 1.164904 0.28524 0.28754 0.26684
vt 0.758109 0.235431
vn 0.707107 -0.707107 0.000000
v 1.164904 1.747356 1.164904 0.28524 0.28754 0.26684
vt 0.758528 0.239553
vn 0.707107 -0.707107 0.000000
f 2212/2212/2212 2213/2213/2213 2214/2214/2214
v -0.582452 1.164904 9.319234 0.28524 0.28754 0.26684
vt 0.694639 0.224512
vn -0.707107 -0.707107 0.000000
v -0.582452 1.164904 9.901686 0.28524 0.28754 0.26684
vt 0.690088 0.224142
vn -0.707107 -0.707107 0.000000
v -1.164904 1.747356 9.901686 0.28524 0.28754 0.26684
vt 0.690902 0.217870
vn -0.707107 -0.707107 0.000000
f 2215/2215/2215 2216/2216/2216 2217/2217/2217
v -1.164904 1.747356 9.901686 0.28524 0.28754 0.26684
vt 0.690902 0.217870
vn -0.707107 -0.707107 -0.000000
v -1.164904 1.747356 9.319234 0.28524 0.28754 0.26684
vt 0.695461 0.218240
vn -0.707107 -0.707107 -0.000000
v -0.582452 1.164904 9.319234 0.28524 0.28754 0.26684
vt 0.694639 0.224512
vn -0.707107 -0.707107 -0.000000
f 2218/2218/2218 2219/2219/2219 2220/2220/2220
v -0.582452 1.164904 8.736782 0.28524 0.28754 0.26684
vt 0.699189 0.224881
vn -0.707107 -0.707107 0.000000
v -0.582452 1.164904 9.319234 0.28524 0.28754 0.26684
vt 0.694639 0.224512
vn -0.707107 -0.707107 0.000000
v -1.164904 1.747356 9.319234 0.28524 0.28754 0.26684
vt 0.695461 0.218240
vn -0.707107 -0.707107 0.000000
f 2221/2221/2221 2222/2222/2222 2223/2223/2223
v -1.164904 1.747356 9.319234 0.28524 0.28754 0.26684
vt 0.695461 0.218240
vn -0.707107 -0.707107 -0.000000
v -1.164904 1.747356 8.736782 0.28524 0.28754 0.26684
vt 0.700020 0.218610
vn -0.707107 -0.707107 -0.000000
v -0.582452 1.164904 8.736782 0.28524 0.28754 0.26684
vt 0.699189 0.224881
vn -0.707107 -0.707107 -0.000000
f 2224/2224/2224 2225/2225/2225 2226/2226/2226
v -0.582452 1.164904 8.154330 0.28524 0.28754 0.26684
vt 0.703741 0.225251
vn -0.707107 -0.707107 0.000000
v -0.582452 1.164904 8.736782 0.28524 0.28754 0.26684
vt 0.699189 0.224881
vn -0.707107 -0.707107 0.000000
v -1.164904 1.747356 8.736782 0.28524 0.28754 0.26684
vt 0.700020 0.218610
vn -0.707107 -0.707107 0.000000
f 2227/2227/2227 2228/2228/2228 2229/2229/2229
v -1.164904 1.747356 8.736782 0.28524 0.28754 0.26684
vt 0.700020 0.218610
vn -0.707107 -0.707107 -0.000000
v -1.164904 1.747356 8.154330 0.28524 0.28754 0.26684
vt 0.704580 0.218980
vn -0.707107 -0.707107 -0.000000
v -0.582452 1.164904 8.154330 0.28524 0.28754 0.26684
vt 0.703741 0.225251
vn -0.707107 -0.707107 -0.000000
f 2230/2230/2230 2231/2231/2231 2232/2232/2232
v -0.582452 1.164904 7.571878 0.28524 0.28754 0.26684
vt 0.708293 0.225620
vn -0.707107 -0.707107 0.000000
v -0.582452 1.164904 8.154330 0.28524 0.28754 0.26684
vt 0.703741 0.225251
vn -0.707107 -0.707107 0.000000
v -1.164904 1.747356 8.154330 0.28524 0.28754 0.26684
vt 0.704580 0.218980
vn -0.707107 -0.707107 0.000000
f 2233/2233/2233 2234/2234/2234 2235/2235/2235
v -1.164904 1.747356 8.154330 0.28524 0.28754 0.26684
vt 0.704580 0.218980
vn -0.707107 -0.707107 -0.000000
v -1.164904 1.747356 7.571878 0.28524 0.28754 0.26684
vt 0.709140 0.219349
vn -0.707107 -0.707107 -0.000000
v -0.582452 1.164904 7.571878 0.28524 0.28754 0.26684
vt 0.708293 0.225620
vn -0.707107 -0.707107 -0.000000
f 2236/2236/2236 2237/2237/2237 2238/2238/2238
v -0.582452 1.164904 6.989426 0.28524 0.28754 0.26684
vt 0.712845 0.225990
vn -0.707107 -0.707107 0.000000
v -0.582452 1.164904 7.571878 0.28524 0.28754 0.26684
vt 0.708293 0.225620
vn -0.707107 -0.707107 0.000000
v -1.164904 1.747356 7.571878 0.28524 0.28754 0.26684
vt 0.709140 0.219349
vn -0.707107 -0.707107 0.000000
f 2239/2239/2239 2240/2240/2240 2241/2241/2241
v -1.164904 1.747356 7.571878 0.28524 0.28754 0.26684
vt 0.709140 0.219349
vn -0.707107 -0.707107 -0.000000
v -1.164904 1.747356 6.989426 0.28524 0.28754 0.26684
vt 0.713701 0.219719
vn -0.707107 -0.707107 -0.000000
v -0.582452 1.164904 6.989426 0.28524 0.28754 0.26684
vt 0.712845 0.225990
vn -0.707107 -0.707107 -0.000000
f 2242/2242/2242 2243/2243/2243 2244/2244/2244
v -0.582452 1.164904 6.406973 0.28524 0.28754 0.26684
vt 0.717398 0.226359
vn -0.707107 -0.707107 0.000000
v -0.582452 1.164904 6.989426 0.28524 0.28754 0.26684
vt 0.712845 0.225990
vn -0.707107 -0.707107 0.000000
v -1.164904 1.747356 6.989426 0.28524 0.28754 0.26684
vt 0.713701 0.219719
vn -0.707107 -0.707107 0.000000
f 2245/2245/2245 2246/2246/2246 2247/2247/2247
v -1.164904 1.747356 6.989426 0.28524 0.28754 0.26684
vt 0.713701 0.219719
vn -0.707107 -0.707107 -0.000000
v -1.164904 1.747356 6.406973 0.28524 0.28754 0.26684
vt 0.718262 0.220089
vn -0.707107 -0.707107 -0.000000
v -0.582452 1.164904 6.406973 0.28524 0.28754 0.26684
vt 0.717398 0.226359
vn -0.707107 -0.707107 -0.000000
f 2248/2248/2248 2249/2249/2249 2250/2250/2250
v -0.582452 1.164904 5.824521 0.28524 0.28754 0.26684
vt 0.721951 0.226729
vn -0.707107 -0.707107 0.000000
v -0.582452 1.164904 6.406973 0.28524 0.28754 0.26684
vt 0.717398 0.226359
vn -0.707107 -0.707107 0.000000
v -1.164904 1.747356 6.406973 0.28524 0.28754 0.26684
vt 0.718262 0.220089
vn -0.707107 -0.707107 0.000000
f 2251/2251/2251 2252/2252/2252 2253/2253/2253
v -1.164904 1.747356 6.406973 0.28524 0.28754 0.26684
vt 0.718262 0.220089
vn -0.707107 -0.707107 -0.000000
v -1.164904 1.747356 5.824521 0.28524 0.28754 0.26684
vt 0.722824 0.220459
vn -0.707107 -0.707107 -0.000000
v -0.582452 1.164904 5.824521 0.28524 0.28754 0.26684
vt 0.721951 0.226729
vn -0.707107 -0.707107 -0.000000
f 2254/2254/2254 2255/2255/2255 2256/2256/2256
v -0.582452 1.164904 5.242069 0.28524 0.28754 0.26684
vt 0.726505 0.227098
vn -0.707107 -0.707107 0.000000
v -0.582452 1.164904 5.824521 0.28524 0.28754 0.26684
vt 0.721951 0.226729
vn -0.707107 -0.707107 0.000000
v -1.164904 1.747356 5.824521 0.28524 0.28754 0.26684
vt 0.722824 0.220459
vn -0.707107 -0.707107 0.000000
f 2257/2257/2257 2258/2258/2258 2259/2259/2259
v -1.164904 1.747356 5.824521 0.28524 0.28754 0.26684
vt 0.722824 0.220459
vn -0.707107 -0.707107 -0.000000
v -1.164904 1.747356 5.242069 0.28524 0.28754 0.26684
vt 0.727386 0.220829
vn -0.707107 -0.707107 -0.000000
v -0.582452 1.164904 5.242069 0.28524 0.28754 0.26684
vt 0.726505 0.227098
vn -0.707107 -0.707107 -0.000000
f 2260/2260/2260 2261/2261/2261 2262/2262/2262
v -0.582452 1.164904 4.659617 0.28524 0.28754 0.26684
vt 0.731060 0.227468
vn -0.707107 -0.707107 0.000000
v -0.582452 1.164904 5.242069 0.28524 0.28754 0.26684
vt 0.726505 0.227098
vn -0.707107 -0.707107 0.000000
v -1.164904 1.747356 5.242069 0.28524 0.28754 0.26684
vt 0.727386 0.220829
vn -0.707107 -0.707107 0.000000
f 2263/2263/2263 2264/2264/2264 2265/2265/2265
v -1.164904 1.747356 5.242069 0.28524 0.28754 0.26684
vt 0.727386 0.220829
vn -0.707107 -0.707107 -0.000000
v -1.164904 1.747356 4.659617 0.28524 0.28754 0.26684
vt 0.731949 0.221199
vn -0.707107 -0.707107 -0.000000
v -0.582452 1.164904 4.659617 0.28524 0.28754 0.26684
vt 0.731060 0.227468
vn -0.707107 -0.707107 -0.000000
f 2266/2266/2266 2267/2267/2267 2268/2268/2268
v -0.582452 1.164904 4.077165 0.28524 0.28754 0.26684
vt 0.735615 0.227838
vn -0.707107 -0.707107 0.000000
v -0.582452 1.164904 4.659617 0.28524 0.28754 0.26684
vt 0.731060 0.227468
vn -0.707107 -0.707107 0.000000
v -1.164904 1.747356 4.659617 0.28524 0.28754 0.26684
vt 0.731949 0.221199
vn -0.707107 -0.707107 0.000000
f 2269/2269/2269 2270/2270/2270 2271/2271/2271
v -1.164904 1.747356 4.659617 0.28524 0.28754 0.26684
vt 0.731949 0.221199
vn -0.707107 -0.707107 -0.000000
v -1.164904 1.747356 4.077165 0.28524 0.28754 0.26684
vt 0.736512 0.221569
vn -0.707107 -0.707107 -0.000000
v -0.582452 1.164904 4.077165 0.28524 0.28754 0.26684
vt 0.735615 0.227838
vn -0.707107 -0.707107 -0.000000
f 2272/2272/2272 2273/2273/2273 2274/2274/2274
v -0.582452 1.164904 3.494713 0.28524 0.28754 0.26684
vt 0.740170 0.228208
vn -0.707107 -0.707107 0.000000
v -0.582452 1.164904 4.077165 0.28524 0.28754 0.26684
vt 0.735615 0.227838
vn -0.707107 -0.707107 0.000000
v -1.164904 1.747356 4.077165 0.28524 0.28754 0.26684
vt 0.736512 0.221569
vn -0.707107 -0.707107 0.000000
f 2275/2275/2275 2276/2276/2276 2277/2277/2277
v -1.164904 1.747356 4.077165 0.28524 0.28754 0.26684
vt 0.736512 0.221569
vn -0.707107 -0.707107 -0.000000
v -1.164904 1.747356 3.494713 0.28524 0.28754 0.26684
vt 0.741076 0.221939
vn -0.707107 -0.707107 -0.000000
v -0.582452 1.164904 3.494713 0.28524 0.28754 0.26684
vt 0.740170 0.228208
vn -0.707107 -0.707107 -0.000000
f 2278/2278/2278 2279/2279/2279 2280/2280/2280
v -0.582452 1.164904 2.912261 0.28524 0.28754 0.26684
vt 0.744726 0.228577
vn -0.707107 -0.707107 0.000000
v -0.582452 1.164904 3.494713 0.28524 0.28754 0.26684
vt 0.740170 0.228208
vn -0.707107 -0.707107 0.000000
v -1.164904 1.747356 3.494713 0.28524 0.28754 0.26684
vt 0.741076 0.221939
vn -0.707107 -0.707107 0.000000
f 2281/2281/2281 2282/2282/2282 2283/2283/2283
v -1.164904 1.747356 3.494713 0.28524 0.28754 0.26684
vt 0.741076 0.221939
vn -0.707107 -0.707107 -0.000000
v -1.164904 1.747356 2.912261 0.28524 0.28754 0.26684
vt 0.745640 0.222309
vn -0.707107 -0.707107 -0.000000
v -0.582452 1.164904 2.912261 0.28524 0.28754 0.26684
vt 0.744726 0.228577
vn -0.707107 -0.707107 -0.000000
f 2284/2284/2284 2285/2285/2285 2286/2286/2286
v -0.582452 1.164904 2.329809 0.28524 0.28754 0.26684
vt 0.749283 0.228947
vn -0.707107 -0.707107 0.000000
v -0.582452 1.164904 2.912261 0.28524 0.28754 0.26684
vt 0.744726 0.228577
vn -0.707107 -0.707107 0.000000
v -1.164904 1.747356 2.912261 0.28524 0.28754 0.26684
vt 0.745640 0.222309
vn -0.707107 -0.707107 0.000000
f 2287/2287/2287 2288/2288/2288 2289/2289/2289
v -1.164904 1.747356 2.912261 0.28524 0.28754 0.26684
vt 0.745640 0.222309
vn -0.707107 -0.707107 -0.000000
v -1.164904 1.747356 2.329809 0.28524 0.28754 0.26684
vt 0.750205 0.222679
vn -0.707107 -0.707107 -0.000000
v -0.582452 1.164904 2.329809 0.28524 0.28754 0.26684
vt 0.749283 0.228947
vn -0.707107 -0.707107 -0.000000
f 2290/2290/2290 2291/2291/2291 2292/2292/2292
v -0.582452 1.164904 1.747356 0.28524 0.28754 0.26684
vt 0.753840 0.229317
vn -0.707107 -0.707107 0.000000
v -0.582452 1.164904 2.329809 0.28524 0.28754 0.26684
vt 0.749283 0.228947
vn -0.707107 -0.707107 0.000000
v -1.164904 1.747356 2.329809 0.28524 0.28754 0.26684
vt 0.750205 0.222679
vn -0.707107 -0.707107 0.000000
f 2293/2293/2293 2294/2294/2294 2295/2295/2295
v -1.164904 1.747356 2.329809 0.28524 0.28754 0.26684
vt 0.750205 0.222679
vn -0.707107 -0.707107 -0.000000
v -1.164904 1.747356 1.747356 0.28524 0.28754 0.26684
vt 0.754770 0.223050
vn -0.707107 -0.707107 -0.000000
v -0.582452 1.164904 1.747356 0.28524 0.28754 0.26684
vt 0.753840 0.229317
vn -0.707107 -0.707107 -0.000000
f 2296/2296/2296 2297/2297/2297 2298/2298/2298
v -0.582452 1.164904 1.164904 0.28524 0.28754 0.26684
vt 0.758397 0.229687
vn -0.707107 -0.707107 0.000000
v -0.582452 1.164904 1.747356 0.28524 0.28754 0.26684
vt 0.753840 0.229317
vn -0.707107 -0.707107 0.000000
v -1.164904 1.747356 1.747356 0.28524 0.28754 0.26684
vt 0.754770 0.223050
vn -0.707107 -0.707107 0.000000
f 2299/2299/2299 2300/2300/2300 2301/2301/2301
v -1.164904 1.747356 1.747356 0.28524 0.28754 0.26684
vt 0.754770 0.223050
vn -0.707107 -0.707107 -0.000000
v -1.164904 1.747356 1.164904 0.28524 0.28754 0.26684
vt 0.759336 0.223420
vn -0.707107 -0.707107 -0.000000
v -0.582452 1.164904 1.164904 0.28524 0.28754 0.26684
vt 0.758397 0.229687
vn -0.707107 -0.707107 -0.000000
f 2302/2302/2302 2303/2303/2303 2304/2304/2304
v 1.164904 4.077165 9.319234 0.26108 0.52005 0.63221
vt 0.225950 0.229175
vn 0.707107 0.707107 -0.000000
v 0.582452 4.659617 9.901686 0.26108 0.52005 0.63221
vt 0.222984 0.224958
vn 0.707107 0.707107 -0.000000
v 1.164904 4.077165 9.901686 0.26108 0.52005 0.63221
vt 0.223035 0.228993
vn 0.707107 0.707107 -0.000000
f 2305/2305/2305 2306/2306/2306 2307/2307/2307
v 0.582452 4.659617 9.901686 0.26108 0.52005 0.63221
vt 0.222984 0.224958
vn 0.707107 0.707107 0.000000
v 1.164904 4.077165 9.319234 0.26108 0.52005 0.63221
vt 0.225950 0.229175
vn 0.707107 0.707107 0.000000
v 0.582452 4.659617 9.319234 0.26108 0.52005 0.63221
vt 0.225902 0.225140
vn 0.707107 0.707107 0.000000
f 2308/2308/2308 2309/2309/2309 2310/2310/2310
v 1.164904 4.077165 8.736782 0.26108 0.52005 0.63221
vt 0.228866 0.229356
vn 0.707107 0.707107 -0.000000
v 0.582452 4.659617 9.319234 0.26108 0.52005 0.63221
vt 0.225902 0.225140
vn 0.707107 0.707107 -0.000000
v 1.164904 4.077165 9.319234 0.26108 0.52005 0.63221
vt 0.225950 0.229175
vn 0.707107 0.707107 -0.000000
f 2311/2311/2311 2312/2312/2312 2313/2313/2313
v 0.582452 4.659617 9.319234 0.26108 0.52005 0.63221
vt 0.225902 0.225140
vn 0.707107 0.707107 0.000000
v 1.164904 4.077165 8.736782 0.26108 0.52005 0.63221
vt 0.228866 0.229356
vn 0.707107 0.707107 0.000000
v 0.582452 4.659617 8.736782 0.26108 0.52005 0.63221
vt 0.228820 0.225321
vn 0.707107 0.707107 0.000000
f 2314/2314/2314 2315/2315/2315 2316/2316/2316
v 1.164904 4.077165 8.154330 0.26108 0.52005 0.63221
vt 0.231781 0.229538
vn 0.707107 0.707107 -0.000000
v 0.582452 4.659617 8.736782 0.26108 0.52005 0.63221
vt 0.228820 0.225321
vn 0.707107 0.707107 -0.000000
v 1.164904 4.077165 8.736782 0.26108 0.52005 0.63221
vt 0.228866 0.229356
vn 0.707107 0.707107 -0.000000
f 2317/2317/2317 2318/2318/2318 2319/2319/2319
v 0.582452 4.659617 8.736782 0.26108 0.52005 0.63221
vt 0.228820 0.225321
vn 0.707107 0.707107 0.000000
v 1.164904 4.077165 8.154330 0.26108 0.52005 0.63221
vt 0.231781 0.229538
vn 0.707107 0.707107 0.000000
v 0.582452 4.659617 8.154330 0.26108 0.52005 0.63221
vt 0.231739 0.225503
vn 0.707107 0.707107 0.000000
f 2320/2320/2320 2321/2321/2321 2322/2322/2322
v 1.164904 4.077165 7.571878 0.26108 0.52005 0.63221
vt 0.234697 0.229719
vn 0.707107 0.707107 -0.000000
v 0.582452 4.659617 8.154330 0.26108 0.52005 0.63221
vt 0.231739 0.225503
vn 0.707107 0.707107 -0.000000
v 1.164904 4.077165 8.154330 0.26108 0.52005 0.63221
vt 0.231781 0.229538
vn 0.707107 0.707107 -0.000000
f 2323/2323/2323 2324/2324/2324 2325/2325/2325
v 0.582452 4.659617 8.154330 0.26108 0.52005 0.63221
vt 0.231739 0.225503
vn 0.707107 0.707107 0.000000
v 1.164904 4.077165 7.571878 0.26108 0.52005 0.63221
vt 0.234697 0.229719
vn 0.707107 0.707107 0.000000
v 0.582452 4.659617 7.571878 0.26108 0.52005 0.63221
vt 0.234658 0.225684
vn 0.707107 0.707107 0.000000
f 2326/2326/2326 2327/2327/2327 2328/2328/2328
v 1.164904 4.077165 6.989426 0.26108 0.52005 0.63221
vt 0.237613 0.229901
vn 0.707107 0.707107 -0.000000
v 0.582452 4.659617 7.571878 0.26108 0.52005 0.63221
vt 0.234658 0.225684
vn 0.707107 0.707107 -0.000000
v 1.164904 4.077165 7.571878 0.26108 0.52005 0.63221
vt 0.234697 0.229719
vn 0.707107 0.707107 -0.000000
f 2329/2329/2329 2330/2330/2330 2331/2331/2331
v 0.582452 4.659617 7.571878 0.26108 0.52005 0.63221
vt 0.234658 0.225684
vn 0.707107 0.707107 0.000000
v 1.164904 4.077165 6.989426 0.26108 0.52005 0.63221
vt 0.237613 0.229901
vn 0.707107 0.707107 0.000000
v 0.582452 4.659617 6.989426 0.26108 0.52005 0.63221
vt 0.237577 0.225866
vn 0.707107 0.707107 0.000000
f 2332/2332/2332 2333/2333/2333 2334/2334/2334
v 1.164904 4.077165 6.406973 0.26108 0.52005 0.63221
vt 0.240529 0.230082
vn 0.707107 0.707107 -0.000000
v 0.582452 4.659617 6.989426 0.26108 0.52005 0.63221
vt 0.237577 0.225866
vn 0.707107 0.707107 -0.000000
v 1.164904 4.077165 6.989426 0.26108 0.52005 0.63221
vt 0.237613 0.229901
vn 0.707107 0.707107 -0.000000
f 2335/2335/2335 2336/2336/2336 2337/2337/2337
v 0.582452 4.659617 6.989426 0.26108 0.52005 0.63221
vt 0.237577 0.225866
vn 0.707107 0.707107 0.000000
v 1.164904 4.077165 6.406973 0.26108 0.52005 0.63221
vt 0.240529 0.230082
vn 0.707107 0.707107 0.000000
v 0.582452 4.659617 6.406973 0.26108 0.52005 0.63221
vt 0.240496 0.226048
vn 0.707107 0.707107 0.000000
f 2338/2338/2338 2339/2339/2339 2340/2340/2340
v 1.164904 4.077165 5.824521 0.26108 0.52005 0.63221
vt 0.243446 0.230264
vn 0.707107 0.707107 -0.000000
v 0.582452 4.659617 6.406973 0.26108 0.52005 0.63221
vt 0.240496 0.226048
vn 0.707107 0.707107 -0.000000
v 1.164904 4.077165 6.406973 0.26108 0.52005 0.63221
vt 0.240529 0.230082
vn 0.707107 0.707107 -0.000000
f 2341/2341/2341 2342/2342/2342 2343/2343/2343
v 0.582452 4.659617 6.406973 0.26108 0.52005 0.63221
vt 0.240496 0.226048
vn 0.707107 0.707107 0.000000
v 1.164904 4.077165 5.824521 0.26108 0.52005 0.63221
vt 0.243446 0.230264
vn 0.707107 0.707107 0.000000
v 0.582452 4.659617 5.824521 0.26108 0.52005 0.63221
vt 0.243416 0.226229
vn 0.707107 0.707107 0.000000
f 2344/2344/2344 2345/2345/2345 2346/2346/2346
v 1.164904 4.077165 5.242069 0.26108 0.52005 0.63221
vt 0.246363 0.230445
vn 0.707107 0.707107 -0.000000
v 0.582452 4.659617 5.824521 0.26108 0.52005 0.63221
vt 0.243416 0.226229
vn 0.707107 0.707107 -0.000000
v 1.164904 4.077165 5.824521 0.26108 0.52005 0.63221
vt 0.243446 0.230264
vn 0.707107 0.707107 -0.000000
f 2347/2347/2347 2348/2348/2348 2349/2349/2349
v 0.582452 4.659617 5.824521 0.26108 0.52005 0.63221
vt 0.243416 0.226229
vn 0.707107 0.707107 0.000000
v 1.164904 4.077165 5.242069 0.26108 0.52005 0.63221
vt 0.246363 0.230445
vn 0.707107 0.707107 0.000000
v 0.582452 4.659617 5.242069 0.26108 0.52005 0.63221
vt 0.246336 0.226411
vn 0.707107 0.707107 0.000000
f 2350/2350/2350 2351/2351/2351 2352/2352/2352
v 1.164904 4.077165 4.659617 0.26108 0.52005 0.63221
vt 0.249280 0.230627
vn 0.707107 0.707107 -0.000000
v 0.582452 4.659617 5.242069 0.26108 0.52005 0.63221
vt 0.246336 0.226411
vn 0.707107 0.707107 -0.000000
v 1.164904 4.077165 5.242069 0.26108 0.52005 0.63221
vt 0.246363 0.230445
vn 0.707107 0.707107 -0.000000
f 2353/2353/2353 2354/2354/2354 2355/2355/2355
v 0.582452 4.659617 5.242069 0.26108 0.52005 0.63221
vt 0.246336 0.226411
vn 0.707107 0.707107 0.000000
v 1.164904 4.077165 4.659617 0.26108 0.52005 0.63221
vt 0.249280 0.230627
vn 0.707107 0.707107 0.000000
v 0.582452 4.659617 4.659617 0.26108 0.52005 0.63221
vt 0.249255 0.226592
vn 0.707107 0.707107 0.000000
f 2356/2356/2356 2357/2357/2357 2358/2358/2358
v 1.164904 4.077165 4.077165 0.26108 0.52005 0.63221
vt 0.252197 0.230808
vn 0.707107 0.707107 -0.000000
v 0.582452 4.659617 4.659617 0.26108 0.52005 0.63221
vt 0.249255 0.226592
vn 0.707107 0.707107 -0.000000
v 1.164904 4.077165 4.659617 0.26108 0.52005 0.63221
vt 0.249280 0.230627
vn 0.707107 0.707107 -0.000000
f 2359/2359/2359 2360/2360/2360 2361/2361/2361
v 0.582452 4.659617 4.659617 0.26108 0.52005 0.63221
vt 0.249255 0.226592
vn 0.707107 0.707107 0.000000
v 1.164904 4.077165 4.077165 0.26108 0.52005 0.63221
vt 0.252197 0.230808
vn 0.707107 0.707107 0.000000
v 0.582452 4.659617 4.077165 0.26108 0.52005 0.63221
vt 0.252176 0.226774
vn 0.707107 0.707107 0.000000
f 2362/2362/2362 2363/2363/2363 2364/2364/2364
v 1.164904 4.077165 3.494713 0.26108 0.52005 0.63221
vt 0.255114 0.230990
vn 0.707107 0.707107 -0.000000
v 0.582452 4.659617 4.077165 0.26108 0.52005 0.63221
vt 0.252176 0.226774
vn 0.707107 0.707107 -0.000000
v 1.164904 4.077165 4.077165 0.26108 0.52005 0.63221
vt 0.252197 0.230808
vn 0.707107 0.707107 -0.000000
f 2365/2365/2365 2366/2366/2366 2367/2367/2367
v 0.582452 4.659617 4.077165 0.26108 0.52005 0.63221
vt 0.252176 0.226774
vn 0.707107 0.707107 0.000000
v 1.164904 4.077165 3.494713 0.26108 0.52005 0.63221
vt 0.255114 0.230990
vn 0.707107 0.707107 0.000000
v 0.582452 4.659617 3.494713 0.26108 0.52005 0.63221
vt 0.255096 0.226956
vn 0.707107 0.707107 0.000000
f 2368/2368/2368 2369/2369/2369 2370/2370/2370
v 1.164904 4.077165 2.912261 0.26108 0.52005 0.63221
vt 0.258032 0.231172
vn 0.707107 0.707107 -0.000000
v 0.582452 4.659617 3.494713 0.26108 0.52005 0.63221
vt 0.255096 0.226956
vn 0.707107 0.707107 -0.000000
v 1.164904 4.077165 3.494713 0.26108 0.52005 0.63221
vt 0.255114 0.230990
vn 0.707107 0.707107 -0.000000
f 2371/2371/2371 2372/2372/2372 2373/2373/2373
v 0.582452 4.659617 3.494713 0.26108 0.52005 0.63221
vt 0.255096 0.226956
vn 0.707107 0.707107 0.000000
v 1.164904 4.077165 2.912261 0.26108 0.52005 0.63221
vt 0.258032 0.231172
vn 0.707107 0.707107 0.000000
v 0.582452 4.659617 2.912261 0.26108 0.52005 0.63221
vt 0.258016 0.227137
vn 0.707107 0.707107 0.000000
f 2374/2374/2374 2375/2375/2375 2376/2376/2376
v 1.164904 4.077165 2.329809 0.26108 0.52005 0.63221
vt 0.260949 0.231353
vn 0.707107 0.707107 -0.000000
v 0.582452 4.659617 2.912261 0.26108 0.52005 0.63221
vt 0.258016 0.227137
vn 0.707107 0.707107 -0.000000
v 1.164904 4.077165 2.912261 0.26108 0.52005 0.63221
vt 0.258032 0.231172
vn 0.707107 0.707107 -0.000000
f 2377/2377/2377 2378/2378/2378 2379/2379/2379
v 0.582452 4.659617 2.912261 0.26108 0.52005 0.63221
vt 0.258016 0.227137
vn 0.707107 0.707107 0.000000
v 1.164904 4.077165 2.329809 0.26108 0.52005 0.63221
vt 0.260949 0.231353
vn 0.707107 0.707107 0.000000
v 0.582452 4.659617 2.329809 0.26108 0.52005 0.63221
vt 0.260937 0.227319
vn 0.707107 0.707107 0.000000
f 2380/2380/2380 2381/2381/2381 2382/2382/2382
v 1.164904 4.077165 1.747356 0.26108 0.52005 0.63221
vt 0.263867 0.231535
vn 0.707107 0.707107 -0.000000
v 0.582452 4.659617 2.329809 0.26108 0.52005 0.63221
vt 0.260937 0.227319
vn 0.707107 0.707107 -0.000000
v 1.164904 4.077165 2.329809 0.26108 0.52005 0.63221
vt 0.260949 0.231353
vn 0.707107 0.707107 -0.000000
f 2383/2383/2383 2384/2384/2384 2385/2385/2385
v 0.582452 4.659617 2.329809 0.26108 0.52005 0.63221
vt 0.260937 0.227319
vn 0.707107 0.707107 0.000000
v 1.164904 4.077165 1.747356 0.26108 0.52005 0.63221
vt 0.263867 0.231535
vn 0.707107 0.707107 0.000000
v 0.582452 4.659617 1.747356 0.26108 0.52005 0.63221
vt 0.263858 0.227501
vn 0.707107 0.707107 0.000000
f 2386/2386/2386 2387/2387/2387 2388/2388/2388
v 1.164904 4.077165 1.164904 0.26108 0.52005 0.63221
vt 0.266785 0.231717
vn 0.707107 0.707107 -0.000000
v 0.582452 4.659617 1.747356 0.26108 0.52005 0.63221
vt 0.263858 0.227501
vn 0.707107 0.707107 -0.000000
v 1.164904 4.077165 1.747356 0.26108 0.52005 0.63221
vt 0.263867 0.231535
vn 0.707107 0.707107 -0.000000
f 2389/2389/2389 2390/2390/2390 2391/2391/2391
v 0.582452 4.659617 1.747356 0.26108 0.52005 0.63221
vt 0.263858 0.227501
vn 0.707107 0.707107 0.000000
v 1.164904 4.077165 1.164904 0.26108 0.52005 0.63221
vt 0.266785 0.231717
vn 0.707107 0.707107 0.000000
v 0.582452 4.659617 1.164904 0.26108 0.52005 0.63221
vt 0.266779 0.227682
vn 0.707107 0.707107 0.000000
f 2392/2392/2392 2393/2393/2393 2394/2394/2394
v 0.582452 1.164904 9.319234 0.28524 0.28754 0.26684
vt 0.694294 0.230246
vn 0.000000 -1.000000 0.000000
v 0.582452 1.164904 9.901686 0.28524 0.28754 0.26684
vt 0.689740 0.229876
vn 0.000000 -1.000000 0.000000
v -0.582452 1.164904 9.901686 0.28524 0.28754 0.26684
vt 0.690088 0.224142
vn 0.000000 -1.000000 0.000000
f 2395/2395/2395 2396/2396/2396 2397/2397/2397
v -0.582452 1.164904 9.901686 0.28524 0.28754 0.26684
vt 0.690088 0.224142
vn 0.000000 -1.000000 0.000000
v -0.582452 1.164904 9.319234 0.28524 0.28754 0.26684
vt 0.694639 0.224512
vn 0.000000 -1.000000 0.000000
v 0.582452 1.164904 9.319234 0.28524 0.28754 0.26684
vt 0.694294 0.230246
vn 0.000000 -1.000000 0.000000
f 2398/2398/2398 2399/2399/2399 2400/2400/2400
v 0.582452 1.164904 8.736782 0.28524 0.28754 0.26684
vt 0.698849 0.230616
vn 0.000000 -1.000000 0.000000
v 0.582452 1.164904 9.319234 0.28524 0.28754 0.26684
vt 0.694294 0.230246
vn 0.000000 -1.000000 0.000000
v -0.582452 1.164904 9.319234 0.28524 0.28754 0.26684
vt 0.694639 0.224512
vn 0.000000 -1.000000 0.000000
f 2401/2401/2401 2402/2402/2402 2403/2403/2403
v -0.582452 1.164904 9.319234 0.28524 0.28754 0.26684
vt 0.694639 0.224512
vn 0.000000 -1.000000 0.000000
v -0.582452 1.164904 8.736782 0.28524 0.28754 0.26684
vt 0.699189 0.224881
vn 0.000000 -1.000000 0.000000
v 0.582452 1.164904 8.736782 0.28524 0.28754 0.26684
vt 0.698849 0.230616
vn 0.000000 -1.000000 0.000000
f 2404/2404/2404 2405/2405/2405 2406/2406/2406
v 0.582452 1.164904 8.154330 0.28524 0.28754 0.26684
vt 0.703404 0.230987
vn 0.000000 -1.000000 0.000000
v 0.582452 1.164904 8.736782 0.28524 0.28754 0.26684
vt 0.698849 0.230616
vn 0.000000 -1.000000 0.000000
v -0.582452 1.164904 8.736782 0.28524 0.28754 0.26684
vt 0.699189 0.224881
vn 0.000000 -1.000000 0.000000
f 2407/2407/2407 2408/2408/2408 2409/2409/2409
v -0.582452 1.164904 8.736782 0.28524 0.28754 0.26684
vt 0.699189 0.224881
vn 0.000000 -1.000000 0.000000
v -0.582452 1.164904 8.154330 0.28524 0.28754 0.26684
vt 0.703741 0.225251
vn 0.000000 -1.000000 0.000000
v 0.582452 1.164904 8.154330 0.28524 0.28754 0.26684
vt 0.703404 0.230987
vn 0.000000 -1.000000 0.000000
f 2410/2410/2410 2411/2411/2411 2412/2412/2412
v 0.582452 1.164904 7.571878 0.28524 0.28754 0.26684
vt 0.707960 0.231357
vn 0.000000 -1.000000 0.000000
v 0.582452 1.164904 8.154330 0.28524 0.28754 0.26684
vt 0.703404 0.230987
vn 0.000000 -1.000000 0.000000
v -0.582452 1.164904 8.154330 0.28524 0.28754 0.26684
vt 0.703741 0.225251
vn 0.000000 -1.000000 0.000000
f 2413/2413/2413 2414/2414/2414 2415/2415/2415
v -0.582452 1.164904 8.154330 0.28524 0.28754 0.26684
vt 0.703741 0.225251
vn 0.000000 -1.000000 0.000000
v -0.582452 1.164904 7.571878 0.28524 0.28754 0.26684
vt 0.708293 0.225620
vn 0.000000 -1.000000 0.000000
v 0.582452 1.164904 7.571878 0.28524 0.28754 0.26684
vt 0.707960 0.231357
vn 0.000000 -1.000000 0.000000
f 2416/2416/2416 2417/2417/2417 2418/2418/2418
v 0.582452 1.164904 6.989426 0.28524 0.28754 0.26684
vt 0.712516 0.231727
vn 0.000000 -1.000000 0.000000
v 0.582452 1.164904 7.571878 0.28524 0.28754 0.26684
vt 0.707960 0.231357
vn 0.000000 -1.000000 0.000000
v -0.582452 1.164904 7.571878 0.28524 0.28754 0.26684
vt 0.708293 0.225620
vn 0.000000 -1.000000 0.000000
f 2419/2419/2419 2420/2420/2420 2421/2421/2421
v -0.582452 1.164904 7.571878 0.28524 0.28754 0.26684
vt 0.708293 0.225620
vn 0.000000 -1.000000 0.000000
v -0.582452 1.164904 6.989426 0.28524 0.28754 0.26684
vt 0.712845 0.225990
vn 0.000000 -1.000000 0.000000
v 0.582452 1.164904 6.989426 0.28524 0.28754 0.26684
vt 0.712516 0.231727
vn 0.000000 -1.000000 0.000000
f 2422/2422/2422 2423/2423/2423 2424/2424/2424
v 0.582452 1.164904 6.406973 0.28524 0.28754 0.26684
vt 0.717073 0.232097
vn 0.000000 -1.000000 0.000000
v 0.582452 1.164904 6.989426 0.28524 0.28754 0.26684
vt 0.712516 0.231727
vn 0.000000 -1.000000 0.000000
v -0.582452 1.164904 6.989426 0.28524 0.28754 0.26684
vt 0.712845 0.225990
vn 0.000000 -1.000000 0.000000
f 2425/2425/2425 2426/2426/2426 2427/2427/2427
v -0.582452 1.164904 6.989426 0.28524 0.28754 0.26684
vt 0.712845 0.225990
vn 0.000000 -1.000000 0.000000
v -0.582452 1.164904 6.406973 0.28524 0.28754 0.26684
vt 0.717398 0.226359
vn 0.000000 -1.000000 0.000000
v 0.582452 1.164904 6.406973 0.28524 0.28754 0.26684
vt 0.717073 0.232097
vn 0.000000 -1.000000 0.000000
f 2428/2428/2428 2429/2429/2429 2430/2430/2430
v 0.582452 1.164904 5.824521 0.28524 0.28754 0.26684
vt 0.721631 0.232467
vn 0.000000 -1.000000 0.000000
v 0.582452 1.164904 6.406973 0.28524 0.28754 0.26684
vt 0.717073 0.232097
vn 0.000000 -1.000000 0.000000
v -0.582452 1.164904 6.406973 0.28524 0.28754 0.26684
vt 0.717398 0.226359
vn 0.000000 -1.000000 0.000000
f 2431/2431/2431 2432/2432/2432 2433/2433/2433
v -0.582452 1.164904 6.406973 0.28524 0.28754 0.26684
vt 0.717398 0.226359
vn 0.000000 -1.000000 0.000000
v -0.582452 1.164904 5.824521 0.28524 0.28754 0.26684
vt 0.721951 0.226729
vn 0.000000 -1.000000 0.000000
v 0.582452 1.164904 5.824521 0.28524 0.28754 0.26684
vt 0.721631 0.232467
vn 0.000000 -1.000000 0.000000
f 2434/2434/2434 2435/2435/2435 2436/2436/2436
v 0.582452 1.164904 5.242069 0.28524 0.28754 0.26684
vt 0.726189 0.232838
vn 0.000000 -1.000000 0.000000
v 0.582452 1.164904 5.824521 0.28524 0.28754 0.26684
vt 0.721631 0.232467
vn 0.000000 -1.000000 0.000000
v -0.582452 1.164904 5.824521 0.28524 0.28754 0.26684
vt 0.721951 0.226729
vn 0.000000 -1.000000 0.000000
f 2437/2437/2437 2438/2438/2438 2439/2439/2439
v -0.582452 1.164904 5.824521 0.28524 0.28754 0.26684
vt 0.721951 0.226729
vn 0.000000 -1.000000 0.000000
v -0.582452 1.164904 5.242069 0.28524 0.28754 0.26684
vt 0.726505 0.227098
vn 0.000000 -1.000000 0.000000
v 0.582452 1.164904 5.242069 0.28524 0.28754 0.26684
vt 0.726189 0.232838
vn 0.000000 -1.000000 0.000000
f 2440/2440/2440 2441/2441/2441 2442/2442/2442
v 0.582452 1.164904 4.659617 0.28524 0.28754 0.26684
vt 0.730747 0.233208
vn 0.000000 -1.000000 0.000000
v 0.582452 1.164904 5.242069 0.28524 0.28754 0.26684
vt 0.726189 0.232838
vn 0.000000 -1.000000 0.000000
v -0.582452 1.164904 5.242069 0.28524 0.28754 0.26684
vt 0.726505 0.227098
vn 0.000000 -1.000000 0.000000
f 2443/2443/2443 2444/2444/2444 2445/2445/2445
v -0.582452 1.164904 5.242069 0.28524 0.28754 0.26684
vt 0.726505 0.227098
vn 0.000000 -1.000000 0.000000
v -0.582452 1.164904 4.659617 0.28524 0.28754 0.26684
vt 0.731060 0.227468
vn 0.000000 -1.000000 0.000000
v 0.582452 1.164904 4.659617 0.28524 0.28754 0.26684
vt 0.730747 0.233208
vn 0.000000 -1.000000 0.000000
f 2446/2446/2446 2447/2447/2447 2448/2448/2448
v 0.582452 1.164904 4.077165 0.28524 0.28754 0.26684
vt 0.735306 0.233578
vn 0.000000 -1.000000 0.000000
v 0.582452 1.164904 4.659617 0.28524 0.28754 0.26684
vt 0.730747 0.233208
vn 0.000000 -1.000000 0.000000
v -0.582452 1.164904 4.659617 0.28524 0.28754 0.26684
vt 0.731060 0.227468
vn 0.000000 -1.000000 0.000000
f 2449/2449/2449 2450/2450/2450 2451/2451/2451
v -0.582452 1.164904 4.659617 0.28524 0.28754 0.26684
vt 0.731060 0.227468
vn 0.000000 -1.000000 0.000000
v -0.582452 1.164904 4.077165 0.28524 0.28754 0.26684
vt 0.735615 0.227838
vn 0.000000 -1.000000 0.000000
v 0.582452 1.164904 4.077165 0.28524 0.28754 0.26684
vt 0.735306 0.233578
vn 0.000000 -1.000000 0.000000
f 2452/2452/2452 2453/2453/2453 2454/2454/2454
v 0.582452 1.164904 3.494713 0.28524 0.28754 0.26684
vt 0.739866 0.233949
vn 0.000000 -1.000000 0.000000
v 0.582452 1.164904 4.077165 0.28524 0.28754 0.26684
vt 0.735306 0.233578
vn 0.000000 -1.000000 0.000000
v -0.582452 1.164904 4.077165 0.28524 0.28754 0.26684
vt 0.735615 0.227838
vn 0.000000 -1.000000 0.000000
f 2455/2455/2455 2456/2456/2456 2457/2457/2457
v -0.582452 1.164904 4.077165 0.28524 0.28754 0.26684
vt 0.735615 0.227838
vn 0.000000 -1.000000 0.000000
v -0.582452 1.164904 3.494713 0.28524 0.28754 0.26684
vt 0.740170 0.228208
vn 0.000000 -1.000000 0.000000
v 0.582452 1.164904 3.494713 0.28524 0.28754 0.26684
vt 0.739866 0.233949
vn 0.000000 -1.000000 0.000000
f 2458/2458/2458 2459/2459/2459 2460/2460/2460
v 0.582452 1.164904 2.912261 0.28524 0.28754 0.26684
vt 0.744426 0.234319
vn 0.000000 -1.000000 0.000000
v 0.582452 1.164904 3.494713 0.28524 0.28754 0.26684
vt 0.739866 0.233949
vn 0.000000 -1.000000 0.000000
v -0.582452 1.164904 3.494713 0.28524 0.28754 0.26684
vt 0.740170 0.228208
vn 0.000000 -1.000000 0.000000
f 2461/2461/2461 2462/2462/2462 2463/2463/2463
v -0.582452 1.164904 3.494713 0.28524 0.28754 0.26684
vt 0.740170 0.228208
vn 0.000000 -1.000000 0.000000
v -0.582452 1.164904 2.912261 0.28524 0.28754 0.26684
vt 0.744726 0.228577
vn 0.000000 -1.000000 0.000000
v 0.582452 1.164904 2.912261 0.28524 0.28754 0.26684
vt 0.744426 0.234319
vn 0.000000 -1.000000 0.000000
f 2464/2464/2464 2465/2465/2465 2466/2466/2466
v 0.582452 1.164904 2.329809 0.28524 0.28754 0.26684
vt 0.748986 0.234690
vn 0.000000 -1.000000 0.000000
v 0.582452 1.164904 2.912261 0.28524 0.28754 0.26684
vt 0.744426 0.234319
vn 0.000000 -1.000000 0.000000
v -0.582452 1.164904 2.912261 0.28524 0.28754 0.26684
vt 0.744726 0.228577
vn 0.000000 -1.000000 0.000000
f 2467/2467/2467 2468/2468/2468 2469/2469/2469
v -0.582452 1.164904 2.912261 0.28524 0.28754 0.26684
vt 0.744726 0.228577
vn 0.000000 -1.000000 0.000000
v -0.582452 1.164904 2.329809 0.28524 0.28754 0.26684
vt 0.749283 0.228947
vn 0.000000 -1.000000 0.000000
v 0.582452 1.164904 2.329809 0.28524 0.28754 0.26684
vt 0.748986 0.234690
vn 0.000000 -1.000000 0.000000
f 2470/2470/2470 2471/2471/2471 2472/2472/2472
v 0.582452 1.164904 1.747356 0.28524 0.28754 0.26684
vt 0.753547 0.235060
vn 0.000000 -1.000000 0.000000
v 0.582452 1.164904 2.329809 0.28524 0.28754 0.26684
vt 0.748986 0.234690
vn 0.000000 -1.000000 0.000000
v -0.582452 1.164904 2.329809 0.28524 0.28754 0.26684
vt 0.749283 0.228947
vn 0.000000 -1.000000 0.000000
f 2473/2473/2473 2474/2474/2474 2475/2475/2475
v -0.582452 1.164904 2.329809 0.28524 0.28754 0.26684
vt 0.749283 0.228947
vn 0.000000 -1.000000 0.000000
v -0.582452 1.164904 1.747356 0.28524 0.28754 0.26684
vt 0.753840 0.229317
vn 0.000000 -1.000000 0.000000
v 0.582452 1.164904 1.747356 0.28524 0.28754 0.26684
vt 0.753547 0.235060
vn 0.000000 -1.000000 0.000000
f 2476/2476/2476 2477/2477/2477 2478/2478/2478
v 0.582452 1.164904 1.164904 0.28524 0.28754 0.26684
vt 0.758109 0.235431
vn 0.000000 -1.000000 0.000000
v 0.582452 1.164904 1.747356 0.28524 0.28754 0.26684
vt 0.753547 0.235060
vn 0.000000 -1.000000 0.000000
v -0.582452 1.164904 1.747356 0.28524 0.28754 0.26684
vt 0.753840 0.229317
vn 0.000000 -1.000000 0.000000
f 2479/2479/2479 2480/2480/2480 2481/2481/2481
v -0.582452 1.164904 1.747356 0.28524 0.28754 0.26684
vt 0.753840 0.229317
vn 0.000000 -1.000000 0.000000
v -0.582452 1.164904 1.164904 0.28524 0.28754 0.26684
vt 0.758397 0.229687
vn 0.000000 -1.000000 0.000000
v 0.582452 1.164904 1.164904 0.28524 0.28754 0.26684
vt 0.758109 0.235431
vn 0.000000 -1.000000 0.000000
f 2482/2482/2482 2483/2483/2483 2484/2484/2484
v 0.582452 4.659617 9.319234 0.26108 0.52005 0.63221
vt 0.225902 0.225140
vn 0.000000 1.000000 -0.000000
v -0.582452 4.659617 9.901686 0.26108 0.52005 0.63221
vt 0.223439 0.221327
vn 0.000000 1.000000 -0.000000
v 0.582452 4.659617 9.901686 0.26108 0.52005 0.63221
vt 0.222984 0.224958
vn 0.000000 1.000000 -0.000000
f 2485/2485/2485 2486/2486/2486 2487/2487/2487
v -0.582452 4.659617 9.901686 0.26108 0.52005 0.63221
vt 0.223439 0.221327
vn 0.000000 1.000000 0.000000
v 0.582452 4.659617 9.319234 0.26108 0.52005 0.63221
vt 0.225902 0.225140
vn 0.000000 1.000000 0.000000
v -0.582452 4.659617 9.319234 0.26108 0.52005 0.63221
vt 0.226355 0.221508
vn 0.000000 1.000000 0.000000
f 2488/2488/2488 2489/2489/2489 2490/2490/2490
v 0.582452 4.659617 8.736782 0.26108 0.52005 0.63221
vt 0.228820 0.225321
vn 0.000000 1.000000 -0.000000
v -0.582452 4.659617 9.319234 0.26108 0.52005 0.63221
vt 0.226355 0.221508
vn 0.000000 1.000000 -0.000000
v 0.582452 4.659617 9.319234 0.26108 0.52005 0.63221
vt 0.225902 0.225140
vn 0.000000 1.000000 -0.000000
f 2491/2491/2491 2492/2492/2492 2493/2493/2493
v -0.582452 4.659617 9.319234 0.26108 0.52005 0.63221
vt 0.226355 0.221508
vn 0.000000 1.000000 0.000000
v 0.582452 4.659617 8.736782 0.26108 0.52005 0.63221
vt 0.228820 0.225321
vn 0.000000 1.000000 0.000000
v -0.582452 4.659617 8.736782 0.26108 0.52005 0.63221
vt 0.229271 0.221690
vn 0.000000 1.000000 0.000000
f 2494/2494/2494 2495/2495/2495 2496/2496/2496
v 0.582452 4.659617 8.154330 0.26108 0.52005 0.63221
vt 0.231739 0.225503
vn 0.000000 1.000000 -0.000000
v -0.582452 4.659617 8.736782 0.26108 0.52005 0.63221
vt 0.229271 0.221690
vn 0.000000 1.000000 -0.000000
v 0.582452 4.659617 8.736782 0.26108 0.52005 0.63221
vt 0.228820 0.225321
vn 0.000000 1.000000 -0.000000
f 2497/2497/2497 2498/2498/2498 2499/2499/2499
v -0.582452 4.659617 8.736782 0.26108 0.52005 0.63221
vt 0.229271 0.221690
vn 0.000000 1.000000 0.000000
v 0.582452 4.659617 8.154330 0.26108 0.52005 0.63221
vt 0.231739 0.225503
vn 0.000000 1.000000 0.000000
v -0.582452 4.659617 8.154330 0.26108 0.52005 0.63221
vt 0.232188 0.221871
vn 0.000000 1.000000 0.000000
f 2500/2500/2500 2501/2501/2501 2502/2502/2502
v 0.582452 4.659617 7.571878 0.26108 0.52005 0.63221
vt 0.234658 0.225684
vn 0.000000 1.000000 -0.000000
v -0.582452 4.659617 8.154330 0.26108 0.52005 0.63221
vt 0.232188 0.221871
vn 0.000000 1.000000 -0.000000
v 0.582452 4.659617 8.154330 0.26108 0.52005 0.63221
vt 0.231739 0.225503
vn 0.000000 1.000000 -0.000000
f 2503/2503/2503 2504/2504/2504 2505/2505/2505
v -0.582452 4.659617 8.154330 0.26108 0.52005 0.63221
vt 0.232188 0.221871
vn 0.000000 1.000000 0.000000
v 0.582452 4.659617 7.571878 0.26108 0.52005 0.63221
vt 0.234658 0.225684
vn 0.000000 1.000000 0.000000
v -0.582452 4.659617 7.571878 0.26108 0.52005 0.63221
vt 0.235105 0.222052
vn 0.000000 1.000000 0.000000
f 2506/2506/2506 2507/2507/2507 2508/2508/2508
v 0.582452 4.659617 6.989426 0.26108 0.52005 0.63221
vt 0.237577 0.225866
vn 0.000000 1.000000 -0.000000
v -0.582452 4.659617 7.571878 0.26108 0.52005 0.63221
vt 0.235105 0.222052
vn 0.000000 1.000000 -0.000000
v 0.582452 4.659617 7.571878 0.26108 0.52005 0.63221
vt 0.234658 0.225684
vn 0.000000 1.000000 -0.000000
f 2509/2509/2509 2510/2510/2510 2511/2511/2511
v -0.582452 4.659617 7.571878 0.26108 0.52005 0.63221
vt 0.235105 0.222052
vn 0.000000 1.000000 0.000000
v 0.582452 4.659617 6.989426 0.26108 0.52005 0.63221
vt 0.237577 0.225866
vn 0.000000 1.000000 0.000000
v -0.582452 4.659617 6.989426 0.26108 0.52005 0.63221
vt 0.238022 0.222233
vn 0.000000 1.000000 0.000000
f 2512/2512/2512 2513/2513/2513 2514/2514/2514
v 0.582452 4.659617 6.406973 0.26108 0.52005 0.63221
vt 0.240496 0.226048
vn 0.000000 1.000000 -0.000000
v -0.582452 4.659617 6.989426 0.26108 0.52005 0.63221
vt 0.238022 0.222233
vn 0.000000 1.000000 -0.000000
v 0.582452 4.659617 6.989426 0.26108 0.52005 0.63221
vt 0.237577 0.225866
vn 0.000000 1.000000 -0.000000
f 2515/2515/2515 2516/2516/2516 2517/2517/2517
v -0.582452 4.659617 6.989426 0.26108 0.52005 0.63221
vt 0.238022 0.222233
vn 0.000000 1.000000 0.000000
v 0.582452 4.659617 6.406973 0.26108 0.52005 0.63221
vt 0.240496 0.226048
vn 0.000000 1.000000 0.000000
v -0.582452 4.659617 6.406973 0.26108 0.52005 0.63221
vt 0.240939 0.222415
vn 0.000000 1.000000 0.000000
f 2518/2518/2518 2519/2519/2519 2520/2520/2520
v 0.582452 4.659617 5.824521 0.26108 0.52005 0.63221
vt 0.243416 0.226229
vn 0.000000 1.000000 -0.000000
v -0.582452 4.659617 6.406973 0.26108 0.52005 0.63221
vt 0.240939 0.222415
vn 0.000000 1.000000 -0.000000
v 0.582452 4.659617 6.406973 0.26108 0.52005 0.63221
vt 0.240496 0.226048
vn 0.000000 1.000000 -0.000000
f 2521/2521/2521 2522/2522/2522 2523/2523/2523
v -0.582452 4.659617 6.406973 0.26108 0.52005 0.63221
vt 0.240939 0.222415
vn 0.000000 1.000000 0.000000
v 0.582452 4.659617 5.824521 0.26108 0.52005 0.63221
vt 0.243416 0.226229
vn 0.000000 1.000000 0.000000
v -0.582452 4.659617 5.824521 0.26108 0.52005 0.63221
vt 0.243856 0.222596
vn 0.000000 1.000000 0.000000
f 2524/2524/2524 2525/2525/2525 2526/2526/2526
v 0.582452 4.659617 5.242069 0.26108 0.52005 0.63221
vt 0.246336 0.226411
vn 0.000000 1.000000 -0.000000
v -0.582452 4.659617 5.824521 0.26108 0.52005 0.63221
vt 0.243856 0.222596
vn 0.000000 1.000000 -0.000000
v 0.582452 4.659617 5.824521 0.26108 0.52005 0.63221
vt 0.243416 0.226229
vn 0.000000 1.000000 -0.000000
f 2527/2527/2527 2528/2528/2528 2529/2529/2529
v -0.582452 4.659617 5.824521 0.26108 0.52005 0.63221
vt 0.243856 0.222596
vn 0.000000 1.000000 0.000000
v 0.582452 4.659617 5.242069 0.26108 0.52005 0.63221
vt 0.246336 0.226411
vn 0.000000 1.000000 0.000000
v -0.582452 4.659617 5.242069 0.26108 0.52005 0.63221
vt 0.246774 0.222777
vn 0.000000 1.000000 0.000000
f 2530/2530/2530 2531/2531/2531 2532/2532/2532
v 0.582452 4.659617 4.659617 0.26108 0.52005 0.63221
vt 0.249255 0.226592
vn 0.000000 1.000000 -0.000000
v -0.582452 4.659617 5.242069 0.26108 0.52005 0.63221
vt 0.246774 0.222777
vn 0.000000 1.000000 -0.000000
v 0.582452 4.659617 5.242069 0.26108 0.52005 0.63221
vt 0.246336 0.226411
vn 0.000000 1.000000 -0.000000
f 2533/2533/2533 2534/2534/2534 2535/2535/2535
v -0.582452 4.659617 5.242069 0.26108 0.52005 0.63221
vt 0.246774 0.222777
vn 0.000000 1.000000 0.000000
v 0.582452 4.659617 4.659617 0.26108 0.52005 0.63221
vt 0.249255 0.226592
vn 0.000000 1.000000 0.000000
v -0.582452 4.659617 4.659617 0.26108 0.52005 0.63221
vt 0.249692 0.222959
vn 0.000000 1.000000 0.000000
f 2536/2536/2536 2537/2537/2537 2538/2538/2538
v 0.582452 4.659617 4.077165 0.26108 0.52005 0.63221
vt 0.252176 0.226774
vn 0.000000 1.000000 -0.000000
v -0.582452 4.659617 4.659617 0.26108 0.52005 0.63221
vt 0.249692 0.222959
vn 0.000000 1.000000 -0.000000
v 0.582452 4.659617 4.659617 0.26108 0.52005 0.63221
vt 0.249255 0.226592
vn 0.000000 1.000000 -0.000000
f 2539/2539/2539 2540/2540/2540 2541/2541/2541
v -0.582452 4.659617 4.659617 0.26108 0.52005 0.63221
vt 0.249692 0.222959
vn 0.000000 1.000000 0.000000
v 0.582452 4.659617 4.077165 0.26108 0.52005 0.63221
vt 0.252176 0.226774
vn 0.000000 1.000000 0.000000
v -0.582452 4.659617 4.077165 0.26108 0.52005 0.63221
vt 0.252610 0.223140
vn 0.000000 1.000000 0.000000
f 2542/2542/2542 2543/2543/2543 2544/2544/2544
v 0.582452 4.659617 3.494713 0.26108 0.52005 0.63221
vt 0.255096 0.226956
vn 0.000000 1.000000 -0.000000
v -0.582452 4.659617 4.077165 0.26108 0.52005 0.63221
vt 0.252610 0.223140
vn 0.000000 1.000000 -0.000000
v 0.582452 4.659617 4.077165 0.26108 0.52005 0.63221
vt 0.252176 0.226774
vn 0.000000 1.000000 -0.000000
f 2545/2545/2545 2546/2546/2546 2547/2547/2547
v -0.582452 4.659617 4.077165 0.26108 0.52005 0.63221
vt 0.252610 0.223140
vn 0.000000 1.000000 0.000000
v 0.582452 4.659617 3.494713 0.26108 0.52005 0.63221
vt 0.255096 0.226956
vn 0.000000 1.000000 0.000000
v -0.582452 4.659617 3.494713 0.26108 0.52005 0.63221
vt 0.255528 0.223322
vn 0.000000 1.000000 0.000000
f 2548/2548/2548 2549/2549/2549 2550/2550/2550
v 0.582452 4.659617 2.912261 0.26108 0.52005 0.63221
vt 0.258016 0.227137
vn 0.000000 1.000000 -0.000000
v -0.582452 4.659617 3.494713 0.26108 0.52005 0.63221
vt 0.255528 0.223322
vn 0.000000 1.000000 -0.000000
v 0.582452 4.659617 3.494713 0.26108 0.52005 0.63221
vt 0.255096 0.226956
vn 0.000000 1.000000 -0.000000
f 2551/2551/2551 2552/2552/2552 2553/2553/2553
v -0.582452 4.659617 3.494713 0.26108 0.52005 0.63221
vt 0.255528 0.223322
vn 0.000000 1.000000 0.000000
v 0.582452 4.659617 2.912261 0.26108 0.52005 0.63221
vt 0.258016 0.227137
vn 0.000000 1.000000 0.000000
v -0.582452 4.659617 2.912261 0.26108 0.52005 0.63221
vt 0.258447 0.223503
vn 0.000000 1.000000 0.000000
f 2554/2554/2554 2555/2555/2555 2556/2556/2556
v 0.582452 4.659617 2.329809 0.26108 0.52005 0.63221
vt 0.260937 0.227319
vn 0.000000 1.000000 -0.000000
v -0.582452 4.659617 2.912261 0.26108 0.52005 0.63221
vt 0.258447 0.223503
vn 0.000000 1.000000 -0.000000
v 0.582452 4.659617 2.912261 0.26108 0.52005 0.63221
vt 0.258016 0.227137
vn 0.000000 1.000000 -0.000000
f 2557/2557/2557 2558/2558/2558 2559/2559/2559
v -0.582452 4.659617 2.912261 0.26108 0.52005 0.63221
vt 0.258447 0.223503
vn 0.000000 1.000000 0.000000
v 0.582452 4.659617 2.329809 0.26108 0.52005 0.63221
vt 0.260937 0.227319
vn 0.000000 1.000000 0.000000
v -0.582452 4.659617 2.329809 0.26108 0.52005 0.63221
vt 0.261365 0.223684
vn 0.000000 1.000000 0.000000
f 2560/2560/2560 2561/2561/2561 2562/2562/2562
v 0.582452 4.659617 1.747356 0.26108 0.52005 0.63221
vt 0.263858 0.227501
vn 0.000000 1.000000 -0.000000
v -0.582452 4.659617 2.329809 0.26108 0.52005 0.63221
vt 0.261365 0.223684
vn 0.000000 1.000000 -0.000000
v 0.582452 4.659617 2.329809 0.26108 0.52005 0.63221
vt 0.260937 0.227319
vn 0.000000 1.000000 -0.000000
f 2563/2563/2563 2564/2564/2564 2565/2565/2565
v -0.582452 4.659617 2.329809 0.26108 0.52005 0.63221
vt 0.261365 0.223684
vn 0.000000 1.000000 0.000000
v 0.582452 4.659617 1.747356 0.26108 0.52005 0.63221
vt 0.263858 0.227501
vn 0.000000 1.000000 0.000000
v -0.582452 4.659617 1.747356 0.26108 0.52005 0.63221
vt 0.264284 0.223866
vn 0.000000 1.000000 0.000000
f 2566/2566/2566 2567/2567/2567 2568/2568/2568
v 0.582452 4.659617 1.164904 0.26108 0.52005 0.63221
vt 0.266779 0.227682
vn 0.000000 1.000000 -0.000000
v -0.582452 4.659617 1.747356 0.26108 0.52005 0.63221
vt 0.264284 0.223866
vn 0.000000 1.000000 -0.000000
v 0.582452 4.659617 1.747356 0.26108 0.52005 0.63221
vt 0.263858 0.227501
vn 0.000000 1.000000 -0.000000
f 2569/2569/2569 2570/2570/2570 2571/2571/2571
v -0.582452 4.659617 1.747356 0.26108 0.52005 0.63221
vt 0.264284 0.223866
vn 0.000000 1.000000 0.000000
v 0.582452 4.659617 1.164904 0.26108 0.52005 0.63221
vt 0.266779 0.227682
vn 0.000000 1.000000 0.000000
v -0.582452 4.659617 1.164904 0.26108 0.52005 0.63221
vt 0.267203 0.224047
vn 0.000000 1.000000 0.000000
f 2572/2572/2572 2573/2573/2573 2574/2574/2574
v 1.747356 3.494713 4.659617 0.52681 0.52911 0.50841
vt 0.668028 0.754863
vn 1.000000 0.000000 -0.000000
v 1.747356 3.494713 5.242069 0.52681 0.52911 0.50841
vt 0.665146 0.755194
vn 1.000000 0.000000 -0.000000
v 1.747356 2.912261 5.242069 0.52681 0.52911 0.50841
vt 0.664431 0.754301
vn 1.000000 0.000000 -0.000000
f 2575/2575/2575 2576/2576/2576 2577/2577/2577
v 1.747356 2.912261 5.242069 0.52681 0.52911 0.50841
vt 0.664431 0.754301
vn 1.000000 0.000000 0.000000
v 1.747356 2.912261 4.659617 0.52681 0.52911 0.50841
vt 0.667297 0.753971
vn 1.000000 0.000000 0.000000
v 1.747356 3.494713 4.659617 0.52681 0.52911 0.50841
vt 0.668028 0.754863
vn 1.000000 0.000000 0.000000
f 2578/2578/2578 2579/2579/2579 2580/2580/2580
v 1.747356 3.494713 4.077165 0.52681 0.52911 0.50841
vt 0.674869 0.754075
vn 1.000000 0.000000 -0.000000
v 1.747356 3.494713 4.659617 0.52681 0.52911 0.50841
vt 0.671987 0.754407
vn 1.000000 0.000000 -0.000000
v 1.747356 2.912261 4.659617 0.52681 0.52911 0.50841
vt 0.671237 0.753517
vn 1.000000 0.000000 -0.000000
f 2581/2581/2581 2582/2582/2582 2583/2583/2583
v 1.747356 2.912261 4.659617 0.52681 0.52911 0.50841
vt 0.671237 0.753517
vn 1.000000 0.000000 0.000000
v 1.747356 2.912261 4.077165 0.52681 0.52911 0.50841
vt 0.674104 0.753187
vn 1.000000 0.000000 0.000000
v 1.747356 3.494713 4.077165 0.52681 0.52911 0.50841
vt 0.674869 0.754075
vn 1.000000 0.000000 0.000000
f 2584/2584/2584 2585/2585/2585 2586/2586/2586
v 1.747356 3.494713 3.494713 0.52681 0.52911 0.50841
vt 0.681712 0.753287
vn 1.000000 0.000000 -0.000000
v 1.747356 3.494713 4.077165 0.52681 0.52911 0.50841
vt 0.678830 0.753619
vn 1.000000 0.000000 -0.000000
v 1.747356 2.912261 4.077165 0.52681 0.52911 0.50841
vt 0.678044 0.752733
vn 1.000000 0.000000 -0.000000
f 2587/2587/2587 2588/2588/2588 2589/2589/2589
v 1.747356 2.912261 4.077165 0.52681 0.52911 0.50841
vt 0.678044 0.752733
vn 1.000000 0.000000 0.000000
v 1.747356 2.912261 3.494713 0.52681 0.52911 0.50841
vt 0.680912 0.752403
vn 1.000000 0.000000 0.000000
v 1.747356 3.494713 3.494713 0.52681 0.52911 0.50841
vt 0.681712 0.753287
vn 1.000000 0.000000 0.000000
f 2590/2590/2590 2591/2591/2591 2592/2592/2592
v 1.747356 3.494713 2.912261 0.52681 0.52911 0.50841
vt 0.688557 0.752498
vn 1.000000 0.000000 -0.000000
v 1.747356 3.494713 3.494713 0.52681 0.52911 0.50841
vt 0.685674 0.752831
vn 1.000000 0.000000 -0.000000
v 1.747356 2.912261 3.494713 0.52681 0.52911 0.50841
vt 0.684852 0.751949
vn 1.000000 0.000000 -0.000000
f 2593/2593/2593 2594/2594/2594 2595/2595/2595
v 1.747356 2.912261 3.494713 0.52681 0.52911 0.50841
vt 0.684852 0.751949
vn 1.000000 0.000000 0.000000
v 1.747356 2.912261 2.912261 0.52681 0.52911 0.50841
vt 0.687721 0.751618
vn 1.000000 0.000000 0.000000
v 1.747356 3.494713 2.912261 0.52681 0.52911 0.50841
vt 0.688557 0.752498
vn 1.000000 0.000000 0.000000
f 2596/2596/2596 2597/2597/2597 2598/2598/2598
v 1.747356 3.494713 2.329809 0.52681 0.52911 0.50841
vt 0.695403 0.751710
vn 1.000000 0.000000 -0.000000
v 1.747356 3.494713 2.912261 0.52681 0.52911 0.50841
vt 0.692519 0.752042
vn 1.000000 0.000000 -0.000000
v 1.747356 2.912261 2.912261 0.52681 0.52911 0.50841
vt 0.691663 0.751164
vn 1.000000 0.000000 -0.000000
f 2599/2599/2599 2600/2600/2600 2601/2601/2601
v 1.747356 2.912261 2.912261 0.52681 0.52911 0.50841
vt 0.691663 0.751164
vn 1.000000 0.000000 0.000000
v 1.747356 2.912261 2.329809 0.52681 0.52911 0.50841
vt 0.694532 0.750834
vn 1.000000 0.000000 0.000000
v 1.747356 3.494713 2.329809 0.52681 0.52911 0.50841
vt 0.695403 0.751710
vn 1.000000 0.000000 0.000000
f 2602/2602/2602 2603/2603/2603 2604/2604/2604
v 1.747356 3.494713 1.747356 0.52681 0.52911 0.50841
vt 0.702251 0.750921
vn 1.000000 0.000000 -0.000000
v 1.747356 3.494713 2.329809 0.52681 0.52911 0.50841
vt 0.699366 0.751253
vn 1.000000 0.000000 -0.000000
v 1.747356 2.912261 2.329809 0.52681 0.52911 0.50841
vt 0.698475 0.750380
vn 1.000000 0.000000 -0.000000
f 2605/2605/2605 2606/2606/2606 2607/2607/2607
v 1.747356 2.912261 2.329809 0.52681 0.52911 0.50841
vt 0.698475 0.750380
vn 1.000000 0.000000 0.000000
v 1.747356 2.912261 1.747356 0.52681 0.52911 0.50841
vt 0.701345 0.750049
vn 1.000000 0.000000 0.000000
v 1.747356 3.494713 1.747356 0.52681 0.52911 0.50841
vt 0.702251 0.750921
vn 1.000000 0.000000 0.000000
f 2608/2608/2608 2609/2609/2609 2610/2610/2610
v 1.747356 3.494713 1.164904 0.52681 0.52911 0.50841
vt 0.709101 0.750132
vn 1.000000 0.000000 -0.000000
v 1.747356 3.494713 1.747356 0.52681 0.52911 0.50841
vt 0.706215 0.750465
vn 1.000000 0.000000 -0.000000
v 1.747356 2.912261 1.747356 0.52681 0.52911 0.50841
vt 0.705288 0.749595
vn 1.000000 0.000000 -0.000000
f 2611/2611/2611 2612/2612/2612 2613/2613/2613
v 1.747356 2.912261 1.747356 0.52681 0.52911 0.50841
vt 0.705288 0.749595
vn 1.000000 0.000000 0.000000
v 1.747356 2.912261 1.164904 0.52681 0.52911 0.50841
vt 0.708159 0.749264
vn 1.000000 0.000000 0.000000
v 1.747356 3.494713 1.164904 0.52681 0.52911 0.50841
vt 0.709101 0.750132
vn 1.000000 0.000000 0.000000
f 2614/2614/2614 2615/2615/2615 2616/2616/2616
v -1.164904 4.077165 9.319234 0.26108 0.52005 0.63221
vt 0.227216 0.219015
vn -0.707107 0.707107 0.000000
v -1.747356 3.494713 9.901686 0.26108 0.52005 0.63221
vt 0.225410 0.217973
vn -0.707107 0.707107 0.000000
v -1.164904 4.077165 9.901686 0.26108 0.52005 0.63221
vt 0.224306 0.218834
vn -0.707107 0.707107 0.000000
f 2617/2617/2617 2618/2618/2618 2619/2619/2619
v -1.747356 3.494713 9.901686 0.26108 0.52005 0.63221
vt 0.225410 0.217973
vn -0.707107 0.707107 0.000000
v -1.164904 4.077165 9.319234 0.26108 0.52005 0.63221
vt 0.227216 0.219015
vn -0.707107 0.707107 0.000000
v -1.747356 3.494713 9.319234 0.26108 0.52005 0.63221
vt 0.228309 0.218154
vn -0.707107 0.707107 0.000000
f 2620/2620/2620 2621/2621/2621 2622/2622/2622
v -1.164904 4.077165 8.736782 0.26108 0.52005 0.63221
vt 0.230126 0.219195
vn -0.707107 0.707107 0.000000
v -1.747356 3.494713 9.319234 0.26108 0.52005 0.63221
vt 0.228309 0.218154
vn -0.707107 0.707107 0.000000
v -1.164904 4.077165 9.319234 0.26108 0.52005 0.63221
vt 0.227216 0.219015
vn -0.707107 0.707107 0.000000
f 2623/2623/2623 2624/2624/2624 2625/2625/2625
v -1.747356 3.494713 9.319234 0.26108 0.52005 0.63221
vt 0.228309 0.218154
vn -0.707107 0.707107 0.000000
v -1.164904 4.077165 8.736782 0.26108 0.52005 0.63221
vt 0.230126 0.219195
vn -0.707107 0.707107 0.000000
v -1.747356 3.494713 8.736782 0.26108 0.52005 0.63221
vt 0.231209 0.218334
vn -0.707107 0.707107 0.000000
f 2626/2626/2626 2627/2627/2627 2628/2628/2628
v -1.164904 4.077165 8.154330 0.26108 0.52005 0.63221
vt 0.233036 0.219376
vn -0.707107 0.707107 0.000000
v -1.747356 3.494713 8.736782 0.26108 0.52005 0.63221
vt 0.231209 0.218334
vn -0.707107 0.707107 0.000000
v -1.164904 4.077165 8.736782 0.26108 0.52005 0.63221
vt 0.230126 0.219195
vn -0.707107 0.707107 0.000000
f 2629/2629/2629 2630/2630/2630 2631/2631/2631
v -1.747356 3.494713 8.736782 0.26108 0.52005 0.63221
vt 0.231209 0.218334
vn -0.707107 0.707107 0.000000
v -1.164904 4.077165 8.154330 0.26108 0.52005 0.63221
vt 0.233036 0.219376
vn -0.707107 0.707107 0.000000
v -1.747356 3.494713 8.154330 0.26108 0.52005 0.63221
vt 0.234109 0.218514
vn -0.707107 0.707107 0.000000
f 2632/2632/2632 2633/2633/2633 2634/2634/2634
v -1.164904 4.077165 7.571878 0.26108 0.52005 0.63221
vt 0.235946 0.219557
vn -0.707107 0.707107 0.000000
v -1.747356 3.494713 8.154330 0.26108 0.52005 0.63221
vt 0.234109 0.218514
vn -0.707107 0.707107 0.000000
v -1.164904 4.077165 8.154330 0.26108 0.52005 0.63221
vt 0.233036 0.219376
vn -0.707107 0.707107 0.000000
f 2635/2635/2635 2636/2636/2636 2637/2637/2637
v -1.747356 3.494713 8.154330 0.26108 0.52005 0.63221
vt 0.234109 0.218514
vn -0.707107 0.707107 0.000000
v -1.164904 4.077165 7.571878 0.26108 0.52005 0.63221
vt 0.235946 0.219557
vn -0.707107 0.707107 0.000000
v -1.747356 3.494713 7.571878 0.26108 0.52005 0.63221
vt 0.237009 0.218694
vn -0.707107 0.707107 0.000000
f 2638/2638/2638 2639/2639/2639 2640/2640/2640
v -1.164904 4.077165 6.989426 0.26108 0.52005 0.63221
vt 0.238856 0.219738
vn -0.707107 0.707107 0.000000
v -1.747356 3.494713 7.571878 0.26108 0.52005 0.63221
vt 0.237009 0.218694
vn -0.707107 0.707107 0.000000
v -1.164904 4.077165 7.571878 0.26108 0.52005 0.63221
vt 0.235946 0.219557
vn -0.707107 0.707107 0.000000
f 2641/2641/2641 2642/2642/2642 2643/2643/2643
v -1.747356 3.494713 7.571878 0.26108 0.52005 0.63221
vt 0.237009 0.218694
vn -0.707107 0.707107 0.000000
v -1.164904 4.077165 6.989426 0.26108 0.52005 0.63221
vt 0.238856 0.219738
vn -0.707107 0.707107 0.000000
v -1.747356 3.494713 6.989426 0.26108 0.52005 0.63221
vt 0.239910 0.218874
vn -0.707107 0.707107 0.000000
f 2644/2644/2644 2645/2645/2645 2646/2646/2646
v -1.164904 4.077165 6.406973 0.26108 0.52005 0.63221
vt 0.241766 0.219919
vn -0.707107 0.707107 0.000000
v -1.747356 3.494713 6.989426 0.26108 0.52005 0.63221
vt 0.239910 0.218874
vn -0.707107 0.707107 0.000000
v -1.164904 4.077165 6.989426 0.26108 0.52005 0.63221
vt 0.238856 0.219738
vn -0.707107 0.707107 0.000000
f 2647/2647/2647 2648/2648/2648 2649/2649/2649
v -1.747356 3.494713 6.989426 0.26108 0.52005 0.63221
vt 0.239910 0.218874
vn -0.707107 0.707107 0.000000
v -1.164904 4.077165 6.406973 0.26108 0.52005 0.63221
vt 0.241766 0.219919
vn -0.707107 0.707107 0.000000
v -1.747356 3.494713 6.406973 0.26108 0.52005 0.63221
vt 0.242810 0.219054
vn -0.707107 0.707107 0.000000
f 2650/2650/2650 2651/2651/2651 2652/2652/2652
v -1.164904 4.077165 5.824521 0.26108 0.52005 0.63221
vt 0.244677 0.220099
vn -0.707107 0.707107 0.000000
v -1.747356 3.494713 6.406973 0.26108 0.52005 0.63221
vt 0.242810 0.219054
vn -0.707107 0.707107 0.000000
v -1.164904 4.077165 6.406973 0.26108 0.52005 0.63221
vt 0.241766 0.219919
vn -0.707107 0.707107 0.000000
f 2653/2653/2653 2654/2654/2654 2655/2655/2655
v -1.747356 3.494713 6.406973 0.26108 0.52005 0.63221
vt 0.242810 0.219054
vn -0.707107 0.707107 0.000000
v -1.164904 4.077165 5.824521 0.26108 0.52005 0.63221
vt 0.244677 0.220099
vn -0.707107 0.707107 0.000000
v -1.747356 3.494713 5.824521 0.26108 0.52005 0.63221
vt 0.245711 0.219234
vn -0.707107 0.707107 0.000000
f 2656/2656/2656 2657/2657/2657 2658/2658/2658
v -1.164904 4.077165 5.242069 0.26108 0.52005 0.63221
vt 0.247588 0.220280
vn -0.707107 0.707107 0.000000
v -1.747356 3.494713 5.824521 0.26108 0.52005 0.63221
vt 0.245711 0.219234
vn -0.707107 0.707107 0.000000
v -1.164904 4.077165 5.824521 0.26108 0.52005 0.63221
vt 0.244677 0.220099
vn -0.707107 0.707107 0.000000
f 2659/2659/2659 2660/2660/2660 2661/2661/2661
v -1.747356 3.494713 5.824521 0.26108 0.52005 0.63221
vt 0.245711 0.219234
vn -0.707107 0.707107 0.000000
v -1.164904 4.077165 5.242069 0.26108 0.52005 0.63221
vt 0.247588 0.220280
vn -0.707107 0.707107 0.000000
v -1.747356 3.494713 5.242069 0.26108 0.52005 0.63221
vt 0.248612 0.219415
vn -0.707107 0.707107 0.000000
f 2662/2662/2662 2663/2663/2663 2664/2664/2664
v -1.164904 4.077165 4.659617 0.26108 0.52005 0.63221
vt 0.250499 0.220461
vn -0.707107 0.707107 0.000000
v -1.747356 3.494713 5.242069 0.26108 0.52005 0.63221
vt 0.248612 0.219415
vn -0.707107 0.707107 0.000000
v -1.164904 4.077165 5.242069 0.26108 0.52005 0.63221
vt 0.247588 0.220280
vn -0.707107 0.707107 0.000000
f 2665/2665/2665 2666/2666/2666 2667/2667/2667
v -1.747356 3.494713 5.242069 0.26108 0.52005 0.63221
vt 0.248612 0.219415
vn -0.707107 0.707107 0.000000
v -1.164904 4.077165 4.659617 0.26108 0.52005 0.63221
vt 0.250499 0.220461
vn -0.707107 0.707107 0.000000
v -1.747356 3.494713 4.659617 0.26108 0.52005 0.63221
vt 0.251513 0.219595
vn -0.707107 0.707107 0.000000
f 2668/2668/2668 2669/2669/2669 2670/2670/2670
v -1.164904 4.077165 4.077165 0.26108 0.52005 0.63221
vt 0.253411 0.220642
vn -0.707107 0.707107 0.000000
v -1.747356 3.494713 4.659617 0.26108 0.52005 0.63221
vt 0.251513 0.219595
vn -0.707107 0.707107 0.000000
v -1.164904 4.077165 4.659617 0.26108 0.52005 0.63221
vt 0.250499 0.220461
vn -0.707107 0.707107 0.000000
f 2671/2671/2671 2672/2672/2672 2673/2673/2673
v -1.747356 3.494713 4.659617 0.26108 0.52005 0.63221
vt 0.251513 0.219595
vn -0.707107 0.707107 0.000000
v -1.164904 4.077165 4.077165 0.26108 0.52005 0.63221
vt 0.253411 0.220642
vn -0.707107 0.707107 0.000000
v -1.747356 3.494713 4.077165 0.26108 0.52005 0.63221
vt 0.254415 0.219775
vn -0.707107 0.707107 0.000000
f 2674/2674/2674 2675/2675/2675 2676/2676/2676
v -1.164904 4.077165 3.494713 0.26108 0.52005 0.63221
vt 0.256322 0.220823
vn -0.707107 0.707107 0.000000
v -1.747356 3.494713 4.077165 0.26108 0.52005 0.63221
vt 0.254415 0.219775
vn -0.707107 0.707107 0.000000
v -1.164904 4.077165 4.077165 0.26108 0.52005 0.63221
vt 0.253411 0.220642
vn -0.707107 0.707107 0.000000
f 2677/2677/2677 2678/2678/2678 2679/2679/2679
v -1.747356 3.494713 4.077165 0.26108 0.52005 0.63221
vt 0.254415 0.219775
vn -0.707107 0.707107 0.000000
v -1.164904 4.077165 3.494713 0.26108 0.52005 0.63221
vt 0.256322 0.220823
vn -0.707107 0.707107 0.000000
v -1.747356 3.494713 3.494713 0.26108 0.52005 0.63221
vt 0.257316 0.219955
vn -0.707107 0.707107 0.000000
f 2680/2680/2680 2681/2681/2681 2682/2682/2682
v -1.164904 4.077165 2.912261 0.26108 0.52005 0.63221
vt 0.259234 0.221004
vn -0.707107 0.707107 0.000000
v -1.747356 3.494713 3.494713 0.26108 0.52005 0.63221
vt 0.257316 0.219955
vn -0.707107 0.707107 0.000000
v -1.164904 4.077165 3.494713 0.26108 0.52005 0.63221
vt 0.256322 0.220823
vn -0.707107 0.707107 0.000000
f 2683/2683/2683 2684/2684/2684 2685/2685/2685
v -1.747356 3.494713 3.494713 0.26108 0.52005 0.63221
vt 0.257316 0.219955
vn -0.707107 0.707107 0.000000
v -1.164904 4.077165 2.912261 0.26108 0.52005 0.63221
vt 0.259234 0.221004
vn -0.707107 0.707107 0.000000
v -1.747356 3.494713 2.912261 0.26108 0.52005 0.63221
vt 0.260218 0.220135
vn -0.707107 0.707107 0.000000
f 2686/2686/2686 2687/2687/2687 2688/2688/2688
v -1.164904 4.077165 2.329809 0.26108 0.52005 0.63221
vt 0.262146 0.221185
vn -0.707107 0.707107 0.000000
v -1.747356 3.494713 2.912261 0.26108 0.52005 0.63221
vt 0.260218 0.220135
vn -0.707107 0.707107 0.000000
v -1.164904 4.077165 2.912261 0.26108 0.52005 0.63221
vt 0.259234 0.221004
vn -0.707107 0.707107 0.000000
f 2689/2689/2689 2690/2690/2690 2691/2691/2691
v -1.747356 3.494713 2.912261 0.26108 0.52005 0.63221
vt 0.260218 0.220135
vn -0.707107 0.707107 0.000000
v -1.164904 4.077165 2.329809 0.26108 0.52005 0.63221
vt 0.262146 0.221185
vn -0.707107 0.707107 0.000000
v -1.747356 3.494713 2.329809 0.26108 0.52005 0.63221
vt 0.263120 0.220316
vn -0.707107 0.707107 0.000000
f 2692/2692/2692 2693/2693/2693 2694/2694/2694
v -1.164904 4.077165 1.747356 0.26108 0.52005 0.63221
vt 0.265058 0.221366
vn -0.707107 0.707107 0.000000
v -1.747356 3.494713 2.329809 0.26108 0.52005 0.63221
vt 0.263120 0.220316
vn -0.707107 0.707107 0.000000
v -1.164904 4.077165 2.329809 0.26108 0.52005 0.63221
vt 0.262146 0.221185
vn -0.707107 0.707107 0.000000
f 2695/2695/2695 2696/2696/2696 2697/2697/2697
v -1.747356 3.494713 2.329809 0.26108 0.52005 0.63221
vt 0.263120 0.220316
vn -0.707107 0.707107 0.000000
v -1.164904 4.077165 1.747356 0.26108 0.52005 0.63221
vt 0.265058 0.221366
vn -0.707107 0.707107 0.000000
v -1.747356 3.494713 1.747356 0.26108 0.52005 0.63221
vt 0.266022 0.220496
vn -0.707107 0.707107 0.000000
f 2698/2698/2698 2699/2699/2699 2700/2700/2700
v -1.164904 4.077165 1.164904 0.26108 0.52005 0.63221
vt 0.267971 0.221546
vn -0.707107 0.707107 0.000000
v -1.747356 3.494713 1.747356 0.26108 0.52005 0.63221
vt 0.266022 0.220496
vn -0.707107 0.707107 0.000000
v -1.164904 4.077165 1.747356 0.26108 0.52005 0.63221
vt 0.265058 0.221366
vn -0.707107 0.707107 0.000000
f 2701/2701/2701 2702/2702/2702 2703/2703/2703
v -1.747356 3.494713 1.747356 0.26108 0.52005 0.63221
vt 0.266022 0.220496
vn -0.707107 0.707107 0.000000
v -1.164904 4.077165 1.164904 0.26108 0.52005 0.63221
vt 0.267971 0.221546
vn -0.707107 0.707107 0.000000
v -1.747356 3.494713 1.164904 0.26108 0.52005 0.63221
vt 0.268925 0.220676
vn -0.707107 0.707107 0.000000
f 2704/2704/2704 2705/2705/2705 2706/2706/2706
v 1.164904 4.077165 9.319234 0.26108 0.52005 0.63221
vt 0.225950 0.229175
vn 0.707107 0.707107 -0.000000
v 1.164904 4.077165 9.901686 0.26108 0.52005 0.63221
vt 0.223035 0.228993
vn 0.707107 0.707107 -0.000000
v 1.747356 3.494713 9.901686 0.26108 0.52005 0.63221
vt 0.223580 0.232614
vn 0.707107 0.707107 -0.000000
f 2707/2707/2707 2708/2708/2708 2709/2709/2709
v 1.747356 3.494713 9.901686 0.26108 0.52005 0.63221
vt 0.223580 0.232614
vn 0.707107 0.707107 0.000000
v 1.747356 3.494713 9.319234 0.26108 0.52005 0.63221
vt 0.226488 0.232795
vn 0.707107 0.707107 0.000000
v 1.164904 4.077165 9.319234 0.26108 0.52005 0.63221
vt 0.225950 0.229175
vn 0.707107 0.707107 0.000000
f 2710/2710/2710 2711/2711/2711 2712/2712/2712
v 1.164904 4.077165 8.736782 0.26108 0.52005 0.63221
vt 0.228866 0.229356
vn 0.707107 0.707107 -0.000000
v 1.164904 4.077165 9.319234 0.26108 0.52005 0.63221
vt 0.225950 0.229175
vn 0.707107 0.707107 -0.000000
v 1.747356 3.494713 9.319234 0.26108 0.52005 0.63221
vt 0.226488 0.232795
vn 0.707107 0.707107 -0.000000
f 2713/2713/2713 2714/2714/2714 2715/2715/2715
v 1.747356 3.494713 9.319234 0.26108 0.52005 0.63221
vt 0.226488 0.232795
vn 0.707107 0.707107 0.000000
v 1.747356 3.494713 8.736782 0.26108 0.52005 0.63221
vt 0.229396 0.232976
vn 0.707107 0.707107 0.000000
v 1.164904 4.077165 8.736782 0.26108 0.52005 0.63221
vt 0.228866 0.229356
vn 0.707107 0.707107 0.000000
f 2716/2716/2716 2717/2717/2717 2718/2718/2718
v 1.164904 4.077165 8.154330 0.26108 0.52005 0.63221
vt 0.231781 0.229538
vn 0.707107 0.707107 -0.000000
v 1.164904 4.077165 8.736782 0.26108 0.52005 0.63221
vt 0.228866 0.229356
vn 0.707107 0.707107 -0.000000
v 1.747356 3.494713 8.736782 0.26108 0.52005 0.63221
vt 0.229396 0.232976
vn 0.707107 0.707107 -0.000000
f 2719/2719/2719 2720/2720/2720 2721/2721/2721
v 1.747356 3.494713 8.736782 0.26108 0.52005 0.63221
vt 0.229396 0.232976
vn 0.707107 0.707107 0.000000
v 1.747356 3.494713 8.154330 0.26108 0.52005 0.63221
vt 0.232304 0.233157
vn 0.707107 0.707107 0.000000
v 1.164904 4.077165 8.154330 0.26108 0.52005 0.63221
vt 0.231781 0.229538
vn 0.707107 0.707107 0.000000
f 2722/2722/2722 2723/2723/2723 2724/2724/2724
v 1.164904 4.077165 7.571878 0.26108 0.52005 0.63221
vt 0.234697 0.229719
vn 0.707107 0.707107 -0.000000
v 1.164904 4.077165 8.154330 0.26108 0.52005 0.63221
vt 0.231781 0.229538
vn 0.707107 0.707107 -0.000000
v 1.747356 3.494713 8.154330 0.26108 0.52005 0.63221
vt 0.232304 0.233157
vn 0.707107 0.707107 -0.000000
f 2725/2725/2725 2726/2726/2726 2727/2727/2727
v 1.747356 3.494713 8.154330 0.26108 0.52005 0.63221
vt 0.232304 0.233157
vn 0.707107 0.707107 0.000000
v 1.747356 3.494713 7.571878 0.26108 0.52005 0.63221
vt 0.235213 0.233339
vn 0.707107 0.707107 0.000000
v 1.164904 4.077165 7.571878 0.26108 0.52005 0.63221
vt 0.234697 0.229719
vn 0.707107 0.707107 0.000000
f 2728/2728/2728 2729/2729/2729 2730/2730/2730
v 1.164904 4.077165 6.989426 0.26108 0.52005 0.63221
vt 0.237613 0.229901
vn 0.707107 0.707107 -0.000000
v 1.164904 4.077165 7.571878 0.26108 0.52005 0.63221
vt 0.234697 0.229719
vn 0.707107 0.707107 -0.000000
v 1.747356 3.494713 7.571878 0.26108 0.52005 0.63221
vt 0.235213 0.233339
vn 0.707107 0.707107 -0.000000
f 2731/2731/2731 2732/2732/2732 2733/2733/2733
v 1.747356 3.494713 7.571878 0.26108 0.52005 0.63221
vt 0.235213 0.233339
vn 0.707107 0.707107 0.000000
v 1.747356 3.494713 6.989426 0.26108 0.52005 0.63221
vt 0.238121 0.233520
vn 0.707107 0.707107 0.000000
v 1.164904 4.077165 6.989426 0.26108 0.52005 0.63221
vt 0.237613 0.229901
vn 0.707107 0.707107 0.000000
f 2734/2734/2734 2735/2735/2735 2736/2736/2736
v 1.164904 4.077165 6.406973 0.26108 0.52005 0.63221
vt 0.240529 0.230082
vn 0.707107 0.707107 -0.000000
v 1.164904 4.077165 6.989426 0.26108 0.52005 0.63221
vt 0.237613 0.229901
vn 0.707107 0.707107 -0.000000
v 1.747356 3.494713 6.989426 0.26108 0.52005 0.63221
vt 0.238121 0.233520
vn 0.707107 0.707107 -0.000000
f 2737/2737/2737 2738/2738/2738 2739/2739/2739
v 1.747356 3.494713 6.989426 0.26108 0.52005 0.63221
vt 0.238121 0.233520
vn 0.707107 0.707107 0.000000
v 1.747356 3.494713 6.406973 0.26108 0.52005 0.63221
vt 0.241030 0.233701
vn 0.707107 0.707107 0.000000
v 1.164904 4.077165 6.406973 0.26108 0.52005 0.63221
vt 0.240529 0.230082
vn 0.707107 0.707107 0.000000
f 2740/2740/2740 2741/2741/2741 2742/2742/2742
v 1.164904 4.077165 5.824521 0.26108 0.52005 0.63221
vt 0.243446 0.230264
vn 0.707107 0.707107 -0.000000
v 1.164904 4.077165 6.406973 0.26108 0.52005 0.63221
vt 0.240529 0.230082
vn 0.707107 0.707107 -0.000000
v 1.747356 3.494713 6.406973 0.26108 0.52005 0.63221
vt 0.241030 0.233701
vn 0.707107 0.707107 -0.000000
f 2743/2743/2743 2744/2744/2744 2745/2745/2745
v 1.747356 3.494713 6.406973 0.26108 0.52005 0.63221
vt 0.241030 0.233701
vn 0.707107 0.707107 0.000000
v 1.747356 3.494713 5.824521 0.26108 0.52005 0.63221
vt 0.243939 0.233882
vn 0.707107 0.707107 0.000000
v 1.164904 4.077165 5.824521 0.26108 0.52005 0.63221
vt 0.243446 0.230264
vn 0.707107 0.707107 0.000000
f 2746/2746/2746 2747/2747/2747 2748/2748/2748
v 1.164904 4.077165 5.242069 0.26108 0.52005 0.63221
vt 0.246363 0.230445
vn 0.707107 0.707107 -0.000000
v 1.164904 4.077165 5.824521 0.26108 0.52005 0.63221
vt 0.243446 0.230264
vn 0.707107 0.707107 -0.000000
v 1.747356 3.494713 5.824521 0.26108 0.52005 0.63221
vt 0.243939 0.233882
vn 0.707107 0.707107 -0.000000
f 2749/2749/2749 2750/2750/2750 2751/2751/2751
v 1.747356 3.494713 5.824521 0.26108 0.52005 0.63221
vt 0.243939 0.233882
vn 0.707107 0.707107 0.000000
v 1.747356 3.494713 5.242069 0.26108 0.52005 0.63221
vt 0.246848 0.234063
vn 0.707107 0.707107 0.000000
v 1.164904 4.077165 5.242069 0.26108 0.52005 0.63221
vt 0.246363 0.230445
vn 0.707107 0.707107 0.000000
f 2752/2752/2752 2753/2753/2753 2754/2754/2754
v 1.164904 4.077165 4.659617 0.26108 0.52005 0.63221
vt 0.249280 0.230627
vn 0.707107 0.707107 -0.000000
v 1.164904 4.077165 5.242069 0.26108 0.52005 0.63221
vt 0.246363 0.230445
vn 0.707107 0.707107 -0.000000
v 1.747356 3.494713 5.242069 0.26108 0.52005 0.63221
vt 0.246848 0.234063
vn 0.707107 0.707107 -0.000000
f 2755/2755/2755 2756/2756/2756 2757/2757/2757
v 1.747356 3.494713 5.242069 0.26108 0.52005 0.63221
vt 0.246848 0.234063
vn 0.707107 0.707107 0.000000
v 1.747356 3.494713 4.659617 0.26108 0.52005 0.63221
vt 0.249758 0.234245
vn 0.707107 0.707107 0.000000
v 1.164904 4.077165 4.659617 0.26108 0.52005 0.63221
vt 0.249280 0.230627
vn 0.707107 0.707107 0.000000
f 2758/2758/2758 2759/2759/2759 2760/2760/2760
v 1.164904 4.077165 4.077165 0.26108 0.52005 0.63221
vt 0.252197 0.230808
vn 0.707107 0.707107 -0.000000
v 1.164904 4.077165 4.659617 0.26108 0.52005 0.63221
vt 0.249280 0.230627
vn 0.707107 0.707107 -0.000000
v 1.747356 3.494713 4.659617 0.26108 0.52005 0.63221
vt 0.249758 0.234245
vn 0.707107 0.707107 -0.000000
f 2761/2761/2761 2762/2762/2762 2763/2763/2763
v 1.747356 3.494713 4.659617 0.26108 0.52005 0.63221
vt 0.249758 0.234245
vn 0.707107 0.707107 0.000000
v 1.747356 3.494713 4.077165 0.26108 0.52005 0.63221
vt 0.252668 0.234426
vn 0.707107 0.707107 0.000000
v 1.164904 4.077165 4.077165 0.26108 0.52005 0.63221
vt 0.252197 0.230808
vn 0.707107 0.707107 0.000000
f 2764/2764/2764 2765/2765/2765 2766/2766/2766
v 1.164904 4.077165 3.494713 0.26108 0.52005 0.63221
vt 0.255114 0.230990
vn 0.707107 0.707107 -0.000000
v 1.164904 4.077165 4.077165 0.26108 0.52005 0.63221
vt 0.252197 0.230808
vn 0.707107 0.707107 -0.000000
v 1.747356 3.494713 4.077165 0.26108 0.52005 0.63221
vt 0.252668 0.234426
vn 0.707107 0.707107 -0.000000
f 2767/2767/2767 2768/2768/2768 2769/2769/2769
v 1.747356 3.494713 4.077165 0.26108 0.52005 0.63221
vt 0.252668 0.234426
vn 0.707107 0.707107 0.000000
v 1.747356 3.494713 3.494713 0.26108 0.52005 0.63221
vt 0.255577 0.234607
vn 0.707107 0.707107 0.000000
v 1.164904 4.077165 3.494713 0.26108 0.52005 0.63221
vt 0.255114 0.230990
vn 0.707107 0.707107 0.000000
f 2770/2770/2770 2771/2771/2771 2772/2772/2772
v 1.164904 4.077165 2.912261 0.26108 0.52005 0.63221
vt 0.258032 0.231172
vn 0.707107 0.707107 -0.000000
v 1.164904 4.077165 3.494713 0.26108 0.52005 0.63221
vt 0.255114 0.230990
vn 0.707107 0.707107 -0.000000
v 1.747356 3.494713 3.494713 0.26108 0.52005 0.63221
vt 0.255577 0.234607
vn 0.707107 0.707107 -0.000000
f 2773/2773/2773 2774/2774/2774 2775/2775/2775
v 1.747356 3.494713 3.494713 0.26108 0.52005 0.63221
vt 0.255577 0.234607
vn 0.707107 0.707107 0.000000
v 1.747356 3.494713 2.912261 0.26108 0.52005 0.63221
vt 0.258488 0.234788
vn 0.707107 0.707107 0.000000
v 1.164904 4.077165 2.912261 0.26108 0.52005 0.63221
vt 0.258032 0.231172
vn 0.707107 0.707107 0.000000
f 2776/2776/2776 2777/2777/2777 2778/2778/2778
v 1.164904 4.077165 2.329809 0.26108 0.52005 0.63221
vt 0.260949 0.231353
vn 0.707107 0.707107 -0.000000
v 1.164904 4.077165 2.912261 0.26108 0.52005 0.63221
vt 0.258032 0.231172
vn 0.707107 0.707107 -0.000000
v 1.747356 3.494713 2.912261 0.26108 0.52005 0.63221
vt 0.258488 0.234788
vn 0.707107 0.707107 -0.000000
f 2779/2779/2779 2780/2780/2780 2781/2781/2781
v 1.747356 3.494713 2.912261 0.26108 0.52005 0.63221
vt 0.258488 0.234788
vn 0.707107 0.707107 0.000000
v 1.747356 3.494713 2.329809 0.26108 0.52005 0.63221
vt 0.261398 0.234970
vn 0.707107 0.707107 0.000000
v 1.164904 4.077165 2.329809 0.26108 0.52005 0.63221
vt 0.260949 0.231353
vn 0.707107 0.707107 0.000000
f 2782/2782/2782 2783/2783/2783 2784/2784/2784
v 1.164904 4.077165 1.747356 0.26108 0.52005 0.63221
vt 0.263867 0.231535
vn 0.707107 0.707107 -0.000000
v 1.164904 4.077165 2.329809 0.26108 0.52005 0.63221
vt 0.260949 0.231353
vn 0.707107 0.707107 -0.000000
v 1.747356 3.494713 2.329809 0.26108 0.52005 0.63221
vt 0.261398 0.234970
vn 0.707107 0.707107 -0.000000
f 2785/2785/2785 2786/2786/2786 2787/2787/2787
v 1.747356 3.494713 2.329809 0.26108 0.52005 0.63221
vt 0.261398 0.234970
vn 0.707107 0.707107 0.000000
v 1.747356 3.494713 1.747356 0.26108 0.52005 0.63221
vt 0.264308 0.235151
vn 0.707107 0.707107 0.000000
v 1.164904 4.077165 1.747356 0.26108 0.52005 0.63221
vt 0.263867 0.231535
vn 0.707107 0.707107 0.000000
f 2788/2788/2788 2789/2789/2789 2790/2790/2790
v 1.164904 4.077165 1.164904 0.26108 0.52005 0.63221
vt 0.266785 0.231717
vn 0.707107 0.707107 -0.000000
v 1.164904 4.077165 1.747356 0.26108 0.52005 0.63221
vt 0.263867 0.231535
vn 0.707107 0.707107 -0.000000
v 1.747356 3.494713 1.747356 0.26108 0.52005 0.63221
vt 0.264308 0.235151
vn 0.707107 0.707107 -0.000000
f 2791/2791/2791 2792/2792/2792 2793/2793/2793
v 1.747356 3.494713 1.747356 0.26108 0.52005 0.63221
vt 0.264308 0.235151
vn 0.707107 0.707107 0.000000
v 1.747356 3.494713 1.164904 0.26108 0.52005 0.63221
vt 0.267219 0.235332
vn 0.707107 0.707107 0.000000
v 1.164904 4.077165 1.164904 0.26108 0.52005 0.63221
vt 0.266785 0.231717
vn 0.707107 0.707107 0.000000
f 2794/2794/2794 2795/2795/2795 2796/2796/2796
v -1.747356 3.494713 4.659617 0.52681 0.52911 0.50841
vt 0.664346 0.718783
vn -1.000000 0.000000 0.000000
v -1.747356 2.912261 5.242069 0.52681 0.52911 0.50841
vt 0.660524 0.716217
vn -1.000000 0.000000 0.000000
v -1.747356 3.494713 5.242069 0.52681 0.52911 0.50841
vt 0.661449 0.719118
vn -1.000000 0.000000 0.000000
f 2797/2797/2797 2798/2798/2798 2799/2799/2799
v -1.747356 2.912261 5.242069 0.52681 0.52911 0.50841
vt 0.660524 0.716217
vn -1.000000 0.000000 0.000000
v -1.747356 3.494713 4.659617 0.52681 0.52911 0.50841
vt 0.664346 0.718783
vn -1.000000 0.000000 0.000000
v -1.747356 2.912261 4.659617 0.52681 0.52911 0.50841
vt 0.663407 0.715884
vn -1.000000 0.000000 0.000000
f 2800/2800/2800 2801/2801/2801 2802/2802/2802
v -1.747356 3.494713 4.077165 0.52681 0.52911 0.50841
vt 0.671223 0.717986
vn -1.000000 0.000000 0.000000
v -1.747356 2.912261 4.659617 0.52681 0.52911 0.50841
vt 0.667368 0.715425
vn -1.000000 0.000000 0.000000
v -1.747356 3.494713 4.659617 0.52681 0.52911 0.50841
vt 0.668326 0.718322
vn -1.000000 0.000000 0.000000
f 2803/2803/2803 2804/2804/2804 2805/2805/2805
v -1.747356 2.912261 4.659617 0.52681 0.52911 0.50841
vt 0.667368 0.715425
vn -1.000000 0.000000 0.000000
v -1.747356 3.494713 4.077165 0.52681 0.52911 0.50841
vt 0.671223 0.717986
vn -1.000000 0.000000 0.000000
v -1.747356 2.912261 4.077165 0.52681 0.52911 0.50841
vt 0.670251 0.715091
vn -1.000000 0.000000 0.000000
f 2806/2806/2806 2807/2807/2807 2808/2808/2808
v -1.747356 3.494713 3.494713 0.52681 0.52911 0.50841
vt 0.678102 0.717190
vn -1.000000 0.000000 0.000000
v -1.747356 2.912261 4.077165 0.52681 0.52911 0.50841
vt 0.674212 0.714632
vn -1.000000 0.000000 0.000000
v -1.747356 3.494713 4.077165 0.52681 0.52911 0.50841
vt 0.675204 0.717525
vn -1.000000 0.000000 0.000000
f 2809/2809/2809 2810/2810/2810 2811/2811/2811
v -1.747356 2.912261 4.077165 0.52681 0.52911 0.50841
vt 0.674212 0.714632
vn -1.000000 0.000000 0.000000
v -1.747356 3.494713 3.494713 0.52681 0.52911 0.50841
vt 0.678102 0.717190
vn -1.000000 0.000000 0.000000
v -1.747356 2.912261 3.494713 0.52681 0.52911 0.50841
vt 0.677096 0.714298
vn -1.000000 0.000000 0.000000
f 2812/2812/2812 2813/2813/2813 2814/2814/2814
v -1.747356 3.494713 2.912261 0.52681 0.52911 0.50841
vt 0.684982 0.716393
vn -1.000000 0.000000 0.000000
v -1.747356 2.912261 3.494713 0.52681 0.52911 0.50841
vt 0.681059 0.713839
vn -1.000000 0.000000 0.000000
v -1.747356 3.494713 3.494713 0.52681 0.52911 0.50841
vt 0.682084 0.716729
vn -1.000000 0.000000 0.000000
f 2815/2815/2815 2816/2816/2816 2817/2817/2817
v -1.747356 2.912261 3.494713 0.52681 0.52911 0.50841
vt 0.681059 0.713839
vn -1.000000 0.000000 0.000000
v -1.747356 3.494713 2.912261 0.52681 0.52911 0.50841
vt 0.684982 0.716393
vn -1.000000 0.000000 0.000000
v -1.747356 2.912261 2.912261 0.52681 0.52911 0.50841
vt 0.683943 0.713505
vn -1.000000 0.000000 0.000000
f 2818/2818/2818 2819/2819/2819 2820/2820/2820
v -1.747356 3.494713 2.329809 0.52681 0.52911 0.50841
vt 0.691864 0.715596
vn -1.000000 0.000000 0.000000
v -1.747356 2.912261 2.912261 0.52681 0.52911 0.50841
vt 0.687906 0.713046
vn -1.000000 0.000000 0.000000
v -1.747356 3.494713 2.912261 0.52681 0.52911 0.50841
vt 0.688965 0.715932
vn -1.000000 0.000000 0.000000
f 2821/2821/2821 2822/2822/2822 2823/2823/2823
v -1.747356 2.912261 2.912261 0.52681 0.52911 0.50841
vt 0.687906 0.713046
vn -1.000000 0.000000 0.000000
v -1.747356 3.494713 2.329809 0.52681 0.52911 0.50841
vt 0.691864 0.715596
vn -1.000000 0.000000 0.000000
v -1.747356 2.912261 2.329809 0.52681 0.52911 0.50841
vt 0.690791 0.712712
vn -1.000000 0.000000 0.000000
f 2824/2824/2824 2825/2825/2825 2826/2826/2826
v -1.747356 3.494713 1.747356 0.52681 0.52911 0.50841
vt 0.698748 0.714799
vn -1.000000 0.000000 0.000000
v -1.747356 2.912261 2.329809 0.52681 0.52911 0.50841
vt 0.694756 0.712252
vn -1.000000 0.000000 0.000000
v -1.747356 3.494713 2.329809 0.52681 0.52911 0.50841
vt 0.695848 0.715135
vn -1.000000 0.000000 0.000000
f 2827/2827/2827 2828/2828/2828 2829/2829/2829
v -1.747356 2.912261 2.329809 0.52681 0.52911 0.50841
vt 0.694756 0.712252
vn -1.000000 0.000000 0.000000
v -1.747356 3.494713 1.747356 0.52681 0.52911 0.50841
vt 0.698748 0.714799
vn -1.000000 0.000000 0.000000
v -1.747356 2.912261 1.747356 0.52681 0.52911 0.50841
vt 0.697642 0.711918
vn -1.000000 0.000000 0.000000
f 2830/2830/2830 2831/2831/2831 2832/2832/2832
v -1.747356 3.494713 1.164904 0.52681 0.52911 0.50841
vt 0.705633 0.714002
vn -1.000000 0.000000 0.000000
v -1.747356 2.912261 1.747356 0.52681 0.52911 0.50841
vt 0.701607 0.711459
vn -1.000000 0.000000 0.000000
v -1.747356 3.494713 1.747356 0.52681 0.52911 0.50841
vt 0.702732 0.714338
vn -1.000000 0.000000 0.000000
f 2833/2833/2833 2834/2834/2834 2835/2835/2835
v -1.747356 2.912261 1.747356 0.52681 0.52911 0.50841
vt 0.701607 0.711459
vn -1.000000 0.000000 0.000000
v -1.747356 3.494713 1.164904 0.52681 0.52911 0.50841
vt 0.705633 0.714002
vn -1.000000 0.000000 0.000000
v -1.747356 2.912261 1.164904 0.52681 0.52911 0.50841
vt 0.704493 0.711124
vn -1.000000 0.000000 0.000000
f 2836/2836/2836 2837/2837/2837 2838/2838/2838
v 1.747356 2.329809 9.319234 0.28524 0.28754 0.26684
vt 0.695206 0.236009
vn 0.707107 -0.707107 0.000000
v 1.747356 2.329809 9.901686 0.28524 0.28754 0.26684
vt 0.690611 0.235635
vn 0.707107 -0.707107 0.000000
v 1.164904 1.747356 9.901686 0.28524 0.28754 0.26684
vt 0.689924 0.233976
vn 0.707107 -0.707107 0.000000
f 2839/2839/2839 2840/2840/2840 2841/2841/2841
v 1.164904 1.747356 9.901686 0.28524 0.28754 0.26684
vt 0.689924 0.233976
vn 0.707107 -0.707107 0.000000
v 1.164904 1.747356 9.319234 0.28524 0.28754 0.26684
vt 0.694494 0.234348
vn 0.707107 -0.707107 0.000000
v 1.747356 2.329809 9.319234 0.28524 0.28754 0.26684
vt 0.695206 0.236009
vn 0.707107 -0.707107 0.000000
f 2842/2842/2842 2843/2843/2843 2844/2844/2844
v 1.747356 2.329809 8.736782 0.28524 0.28754 0.26684
vt 0.699800 0.236382
vn 0.707107 -0.707107 0.000000
v 1.747356 2.329809 9.319234 0.28524 0.28754 0.26684
vt 0.695206 0.236009
vn 0.707107 -0.707107 0.000000
v 1.164904 1.747356 9.319234 0.28524 0.28754 0.26684
vt 0.694494 0.234348
vn 0.707107 -0.707107 0.000000
f 2845/2845/2845 2846/2846/2846 2847/2847/2847
v 1.164904 1.747356 9.319234 0.28524 0.28754 0.26684
vt 0.694494 0.234348
vn 0.707107 -0.707107 0.000000
v 1.164904 1.747356 8.736782 0.28524 0.28754 0.26684
vt 0.699064 0.234719
vn 0.707107 -0.707107 0.000000
v 1.747356 2.329809 8.736782 0.28524 0.28754 0.26684
vt 0.699800 0.236382
vn 0.707107 -0.707107 0.000000
f 2848/2848/2848 2849/2849/2849 2850/2850/2850
v 1.747356 2.329809 8.154330 0.28524 0.28754 0.26684
vt 0.704396 0.236756
vn 0.707107 -0.707107 0.000000
v 1.747356 2.329809 8.736782 0.28524 0.28754 0.26684
vt 0.699800 0.236382
vn 0.707107 -0.707107 0.000000
v 1.164904 1.747356 8.736782 0.28524 0.28754 0.26684
vt 0.699064 0.234719
vn 0.707107 -0.707107 0.000000
f 2851/2851/2851 2852/2852/2852 2853/2853/2853
v 1.164904 1.747356 8.736782 0.28524 0.28754 0.26684
vt 0.699064 0.234719
vn 0.707107 -0.707107 0.000000
v 1.164904 1.747356 8.154330 0.28524 0.28754 0.26684
vt 0.703635 0.235091
vn 0.707107 -0.707107 0.000000
v 1.747356 2.329809 8.154330 0.28524 0.28754 0.26684
vt 0.704396 0.236756
vn 0.707107 -0.707107 0.000000
f 2854/2854/2854 2855/2855/2855 2856/2856/2856
v 1.747356 2.329809 7.571878 0.28524 0.28754 0.26684
vt 0.708991 0.237130
vn 0.707107 -0.707107 0.000000
v 1.747356 2.329809 8.154330 0.28524 0.28754 0.26684
vt 0.704396 0.236756
vn 0.707107 -0.707107 0.000000
v 1.164904 1.747356 8.154330 0.28524 0.28754 0.26684
vt 0.703635 0.235091
vn 0.707107 -0.707107 0.000000
f 2857/2857/2857 2858/2858/2858 2859/2859/2859
v 1.164904 1.747356 8.154330 0.28524 0.28754 0.26684
vt 0.703635 0.235091
vn 0.707107 -0.707107 0.000000
v 1.164904 1.747356 7.571878 0.28524 0.28754 0.26684
vt 0.708207 0.235462
vn 0.707107 -0.707107 0.000000
v 1.747356 2.329809 7.571878 0.28524 0.28754 0.26684
vt 0.708991 0.237130
vn 0.707107 -0.707107 0.000000
f 2860/2860/2860 2861/2861/2861 2862/2862/2862
v 1.747356 2.329809 6.989426 0.28524 0.28754 0.26684
vt 0.713588 0.237503
vn 0.707107 -0.707107 0.000000
v 1.747356 2.329809 7.571878 0.28524 0.28754 0.26684
vt 0.708991 0.237130
vn 0.707107 -0.707107 0.000000
v 1.164904 1.747356 7.571878 0.28524 0.28754 0.26684
vt 0.708207 0.235462
vn 0.707107 -0.707107 0.000000
f 2863/2863/2863 2864/2864/2864 2865/2865/2865
v 1.164904 1.747356 7.571878 0.28524 0.28754 0.26684
vt 0.708207 0.235462
vn 0.707107 -0.707107 0.000000
v 1.164904 1.747356 6.989426 0.28524 0.28754 0.26684
vt 0.712779 0.235834
vn 0.707107 -0.707107 0.000000
v 1.747356 2.329809 6.989426 0.28524 0.28754 0.26684
vt 0.713588 0.237503
vn 0.707107 -0.707107 0.000000
f 2866/2866/2866 2867/2867/2867 2868/2868/2868
v 1.747356 2.329809 6.406973 0.28524 0.28754 0.26684
vt 0.718184 0.237877
vn 0.707107 -0.707107 0.000000
v 1.747356 2.329809 6.989426 0.28524 0.28754 0.26684
vt 0.713588 0.237503
vn 0.707107 -0.707107 0.000000
v 1.164904 1.747356 6.989426 0.28524 0.28754 0.26684
vt 0.712779 0.235834
vn 0.707107 -0.707107 0.000000
f 2869/2869/2869 2870/2870/2870 2871/2871/2871
v 1.164904 1.747356 6.989426 0.28524 0.28754 0.26684
vt 0.712779 0.235834
vn 0.707107 -0.707107 0.000000
v 1.164904 1.747356 6.406973 0.28524 0.28754 0.26684
vt 0.717351 0.236206
vn 0.707107 -0.707107 0.000000
v 1.747356 2.329809 6.406973 0.28524 0.28754 0.26684
vt 0.718184 0.237877
vn 0.707107 -0.707107 0.000000
f 2872/2872/2872 2873/2873/2873 2874/2874/2874
v 1.747356 2.329809 5.824521 0.28524 0.28754 0.26684
vt 0.722782 0.238251
vn 0.707107 -0.707107 0.000000
v 1.747356 2.329809 6.406973 0.28524 0.28754 0.26684
vt 0.718184 0.237877
vn 0.707107 -0.707107 0.000000
v 1.164904 1.747356 6.406973 0.28524 0.28754 0.26684
vt 0.717351 0.236206
vn 0.707107 -0.707107 0.000000
f 2875/2875/2875 2876/2876/2876 2877/2877/2877
v 1.164904 1.747356 6.406973 0.28524 0.28754 0.26684
vt 0.717351 0.236206
vn 0.707107 -0.707107 0.000000
v 1.164904 1.747356 5.824521 0.28524 0.28754 0.26684
vt 0.721924 0.236577
vn 0.707107 -0.707107 0.000000
v 1.747356 2.329809 5.824521 0.28524 0.28754 0.26684
vt 0.722782 0.238251
vn 0.707107 -0.707107 0.000000
f 2878/2878/2878 2879/2879/2879 2880/2880/2880
v 1.747356 2.329809 5.242069 0.28524 0.28754 0.26684
vt 0.727380 0.238625
vn 0.707107 -0.707107 0.000000
v 1.747356 2.329809 5.824521 0.28524 0.28754 0.26684
vt 0.722782 0.238251
vn 0.707107 -0.707107 0.000000
v 1.164904 1.747356 5.824521 0.28524 0.28754 0.26684
vt 0.721924 0.236577
vn 0.707107 -0.707107 0.000000
f 2881/2881/2881 2882/2882/2882 2883/2883/2883
v 1.164904 1.747356 5.824521 0.28524 0.28754 0.26684
vt 0.721924 0.236577
vn 0.707107 -0.707107 0.000000
v 1.164904 1.747356 5.242069 0.28524 0.28754 0.26684
vt 0.726498 0.236949
vn 0.707107 -0.707107 0.000000
v 1.747356 2.329809 5.242069 0.28524 0.28754 0.26684
vt 0.727380 0.238625
vn 0.707107 -0.707107 0.000000
f 2884/2884/2884 2885/2885/2885 2886/2886/2886
v 1.747356 2.329809 4.659617 0.28524 0.28754 0.26684
vt 0.731978 0.238999
vn 0.707107 -0.707107 0.000000
v 1.747356 2.329809 5.242069 0.28524 0.28754 0.26684
vt 0.727380 0.238625
vn 0.707107 -0.707107 0.000000
v 1.164904 1.747356 5.242069 0.28524 0.28754 0.26684
vt 0.726498 0.236949
vn 0.707107 -0.707107 0.000000
f 2887/2887/2887 2888/2888/2888 2889/2889/2889
v 1.164904 1.747356 5.242069 0.28524 0.28754 0.26684
vt 0.726498 0.236949
vn 0.707107 -0.707107 0.000000
v 1.164904 1.747356 4.659617 0.28524 0.28754 0.26684
vt 0.731072 0.237321
vn 0.707107 -0.707107 0.000000
v 1.747356 2.329809 4.659617 0.28524 0.28754 0.26684
vt 0.731978 0.238999
vn 0.707107 -0.707107 0.000000
f 2890/2890/2890 2891/2891/2891 2892/2892/2892
v 1.747356 2.329809 4.077165 0.28524 0.28754 0.26684
vt 0.736577 0.239373
vn 0.707107 -0.707107 0.000000
v 1.747356 2.329809 4.659617 0.28524 0.28754 0.26684
vt 0.731978 0.238999
vn 0.707107 -0.707107 0.000000
v 1.164904 1.747356 4.659617 0.28524 0.28754 0.26684
vt 0.731072 0.237321
vn 0.707107 -0.707107 0.000000
f 2893/2893/2893 2894/2894/2894 2895/2895/2895
v 1.164904 1.747356 4.659617 0.28524 0.28754 0.26684
vt 0.731072 0.237321
vn 0.707107 -0.707107 0.000000
v 1.164904 1.747356 4.077165 0.28524 0.28754 0.26684
vt 0.735647 0.237693
vn 0.707107 -0.707107 0.000000
v 1.747356 2.329809 4.077165 0.28524 0.28754 0.26684
vt 0.736577 0.239373
vn 0.707107 -0.707107 0.000000
f 2896/2896/2896 2897/2897/2897 2898/2898/2898
v 1.747356 2.329809 3.494713 0.28524 0.28754 0.26684
vt 0.741177 0.239747
vn 0.707107 -0.707107 0.000000
v 1.747356 2.329809 4.077165 0.28524 0.28754 0.26684
vt 0.736577 0.239373
vn 0.707107 -0.707107 0.000000
v 1.164904 1.747356 4.077165 0.28524 0.28754 0.26684
vt 0.735647 0.237693
vn 0.707107 -0.707107 0.000000
f 2899/2899/2899 2900/2900/2900 2901/2901/2901
v 1.164904 1.747356 4.077165 0.28524 0.28754 0.26684
vt 0.735647 0.237693
vn 0.707107 -0.707107 0.000000
v 1.164904 1.747356 3.494713 0.28524 0.28754 0.26684
vt 0.740222 0.238065
vn 0.707107 -0.707107 0.000000
v 1.747356 2.329809 3.494713 0.28524 0.28754 0.26684
vt 0.741177 0.239747
vn 0.707107 -0.707107 0.000000
f 2902/2902/2902 2903/2903/2903 2904/2904/2904
v 1.747356 2.329809 2.912261 0.28524 0.28754 0.26684
vt 0.745777 0.240121
vn 0.707107 -0.707107 0.000000
v 1.747356 2.329809 3.494713 0.28524 0.28754 0.26684
vt 0.741177 0.239747
vn 0.707107 -0.707107 0.000000
v 1.164904 1.747356 3.494713 0.28524 0.28754 0.26684
vt 0.740222 0.238065
vn 0.707107 -0.707107 0.000000
f 2905/2905/2905 2906/2906/2906 2907/2907/2907
v 1.164904 1.747356 3.494713 0.28524 0.28754 0.26684
vt 0.740222 0.238065
vn 0.707107 -0.707107 0.000000
v 1.164904 1.747356 2.912261 0.28524 0.28754 0.26684
vt 0.744798 0.238437
vn 0.707107 -0.707107 0.000000
v 1.747356 2.329809 2.912261 0.28524 0.28754 0.26684
vt 0.745777 0.240121
vn 0.707107 -0.707107 0.000000
f 2908/2908/2908 2909/2909/2909 2910/2910/2910
v 1.747356 2.329809 2.329809 0.28524 0.28754 0.26684
vt 0.750377 0.240495
vn 0.707107 -0.707107 0.000000
v 1.747356 2.329809 2.912261 0.28524 0.28754 0.26684
vt 0.745777 0.240121
vn 0.707107 -0.707107 0.000000
v 1.164904 1.747356 2.912261 0.28524 0.28754 0.26684
vt 0.744798 0.238437
vn 0.707107 -0.707107 0.000000
f 2911/2911/2911 2912/2912/2912 2913/2913/2913
v 1.164904 1.747356 2.912261 0.28524 0.28754 0.26684
vt 0.744798 0.238437
vn 0.707107 -0.707107 0.000000
v 1.164904 1.747356 2.329809 0.28524 0.28754 0.26684
vt 0.749374 0.238809
vn 0.707107 -0.707107 0.000000
v 1.747356 2.329809 2.329809 0.28524 0.28754 0.26684
vt 0.750377 0.240495
vn 0.707107 -0.707107 0.000000
f 2914/2914/2914 2915/2915/2915 2916/2916/2916
v 1.747356 2.329809 1.747356 0.28524 0.28754 0.26684
vt 0.754978 0.240869
vn 0.707107 -0.707107 0.000000
v 1.747356 2.329809 2.329809 0.28524 0.28754 0.26684
vt 0.750377 0.240495
vn 0.707107 -0.707107 0.000000
v 1.164904 1.747356 2.329809 0.28524 0.28754 0.26684
vt 0.749374 0.238809
vn 0.707107 -0.707107 0.000000
f 2917/2917/2917 2918/2918/2918 2919/2919/2919
v 1.164904 1.747356 2.329809 0.28524 0.28754 0.26684
vt 0.749374 0.238809
vn 0.707107 -0.707107 0.000000
v 1.164904 1.747356 1.747356 0.28524 0.28754 0.26684
vt 0.753951 0.239181
vn 0.707107 -0.707107 0.000000
v 1.747356 2.329809 1.747356 0.28524 0.28754 0.26684
vt 0.754978 0.240869
vn 0.707107 -0.707107 0.000000
f 2920/2920/2920 2921/2921/2921 2922/2922/2922
v 1.747356 2.329809 1.164904 0.28524 0.28754 0.26684
vt 0.759580 0.241243
vn 0.707107 -0.707107 0.000000
v 1.747356 2.329809 1.747356 0.28524 0.28754 0.26684
vt 0.754978 0.240869
vn 0.707107 -0.707107 0.000000
v 1.164904 1.747356 1.747356 0.28524 0.28754 0.26684
vt 0.753951 0.239181
vn 0.707107 -0.707107 0.000000
f 2923/2923/2923 2924/2924/2924 2925/2925/2925
v 1.164904 1.747356 1.747356 0.28524 0.28754 0.26684
vt 0.753951 0.239181
vn 0.707107 -0.707107 0.000000
v 1.164904 1.747356 1.164904 0.28524 0.28754 0.26684
vt 0.758528 0.239553
vn 0.707107 -0.707107 0.000000
v 1.747356 2.329809 1.164904 0.28524 0.28754 0.26684
vt 0.759580 0.241243
vn 0.707107 -0.707107 0.000000
f 2926/2926/2926 2927/2927/2927 2928/2928/2928
v -0.582452 4.659617 9.319234 0.26108 0.52005 0.63221
vt 0.226355 0.221508
vn -0.707107 0.707107 0.000000
v -1.164904 4.077165 9.901686 0.26108 0.52005 0.63221
vt 0.224306 0.218834
vn -0.707107 0.707107 0.000000
v -0.582452 4.659617 9.901686 0.26108 0.52005 0.63221
vt 0.223439 0.221327
vn -0.707107 0.707107 0.000000
f 2929/2929/2929 2930/2930/2930 2931/2931/2931
v -1.164904 4.077165 9.901686 0.26108 0.52005 0.63221
vt 0.224306 0.218834
vn -0.707107 0.707107 0.000000
v -0.582452 4.659617 9.319234 0.26108 0.52005 0.63221
vt 0.226355 0.221508
vn -0.707107 0.707107 0.000000
v -1.164904 4.077165 9.319234 0.26108 0.52005 0.63221
vt 0.227216 0.219015
vn -0.707107 0.707107 0.000000
f 2932/2932/2932 2933/2933/2933 2934/2934/2934
v -0.582452 4.659617 8.736782 0.26108 0.52005 0.63221
vt 0.229271 0.221690
vn -0.707107 0.707107 0.000000
v -1.164904 4.077165 9.319234 0.26108 0.52005 0.63221
vt 0.227216 0.219015
vn -0.707107 0.707107 0.000000
v -0.582452 4.659617 9.319234 0.26108 0.52005 0.63221
vt 0.226355 0.221508
vn -0.707107 0.707107 0.000000
f 2935/2935/2935 2936/2936/2936 2937/2937/2937
v -1.164904 4.077165 9.319234 0.26108 0.52005 0.63221
vt 0.227216 0.219015
vn -0.707107 0.707107 0.000000
v -0.582452 4.659617 8.736782 0.26108 0.52005 0.63221
vt 0.229271 0.221690
vn -0.707107 0.707107 0.000000
v -1.164904 4.077165 8.736782 0.26108 0.52005 0.63221
vt 0.230126 0.219195
vn -0.707107 0.707107 0.000000
f 2938/2938/2938 2939/2939/2939 2940/2940/2940
v -0.582452 4.659617 8.154330 0.26108 0.52005 0.63221
vt 0.232188 0.221871
vn -0.707107 0.707107 0.000000
v -1.164904 4.077165 8.736782 0.26108 0.52005 0.63221
vt 0.230126 0.219195
vn -0.707107 0.707107 0.000000
v -0.582452 4.659617 8.736782 0.26108 0.52005 0.63221
vt 0.229271 0.221690
vn -0.707107 0.707107 0.000000
f 2941/2941/2941 2942/2942/2942 2943/2943/2943
v -1.164904 4.077165 8.736782 0.26108 0.52005 0.63221
vt 0.230126 0.219195
vn -0.707107 0.707107 0.000000
v -0.582452 4.659617 8.154330 0.26108 0.52005 0.63221
vt 0.232188 0.221871
vn -0.707107 0.707107 0.000000
v -1.164904 4.077165 8.154330 0.26108 0.52005 0.63221
vt 0.233036 0.219376
vn -0.707107 0.707107 0.000000
f 2944/2944/2944 2945/2945/2945 2946/2946/2946
v -0.582452 4.659617 7.571878 0.26108 0.52005 0.63221
vt 0.235105 0.222052
vn -0.707107 0.707107 0.000000
v -1.164904 4.077165 8.154330 0.26108 0.52005 0.63221
vt 0.233036 0.219376
vn -0.707107 0.707107 0.000000
v -0.582452 4.659617 8.154330 0.26108 0.52005 0.63221
vt 0.232188 0.221871
vn -0.707107 0.707107 0.000000
f 2947/2947/2947 2948/2948/2948 2949/2949/2949
v -1.164904 4.077165 8.154330 0.26108 0.52005 0.63221
vt 0.233036 0.219376
vn -0.707107 0.707107 0.000000
v -0.582452 4.659617 7.571878 0.26108 0.52005 0.63221
vt 0.235105 0.222052
vn -0.707107 0.707107 0.000000
v -1.164904 4.077165 7.571878 0.26108 0.52005 0.63221
vt 0.235946 0.219557
vn -0.707107 0.707107 0.000000
f 2950/2950/2950 2951/2951/2951 2952/2952/2952
v -0.582452 4.659617 6.989426 0.26108 0.52005 0.63221
vt 0.238022 0.222233
vn -0.707107 0.707107 0.000000
v -1.164904 4.077165 7.571878 0.26108 0.52005 0.63221
vt 0.235946 0.219557
vn -0.707107 0.707107 0.000000
v -0.582452 4.659617 7.571878 0.26108 0.52005 0.63221
vt 0.235105 0.222052
vn -0.707107 0.707107 0.000000
f 2953/2953/2953 2954/2954/2954 2955/2955/2955
v -1.164904 4.077165 7.571878 0.26108 0.52005 0.63221
vt 0.235946 0.219557
vn -0.707107 0.707107 0.000000
v -0.582452 4.659617 6.989426 0.26108 0.52005 0.63221
vt 0.238022 0.222233
vn -0.707107 0.707107 0.000000
v -1.164904 4.077165 6.989426 0.26108 0.52005 0.63221
vt 0.238856 0.219738
vn -0.707107 0.707107 0.000000
f 2956/2956/2956 2957/2957/2957 2958/2958/2958
v -0.582452 4.659617 6.406973 0.26108 0.52005 0.63221
vt 0.240939 0.222415
vn -0.707107 0.707107 0.000000
v -1.164904 4.077165 6.989426 0.26108 0.52005 0.63221
vt 0.238856 0.219738
vn -0.707107 0.707107 0.000000
v -0.582452 4.659617 6.989426 0.26108 0.52005 0.63221
vt 0.238022 0.222233
vn -0.707107 0.707107 0.000000
f 2959/2959/2959 2960/2960/2960 2961/2961/2961
v -1.164904 4.077165 6.989426 0.26108 0.52005 0.63221
vt 0.238856 0.219738
vn -0.707107 0.707107 0.000000
v -0.582452 4.659617 6.406973 0.26108 0.52005 0.63221
vt 0.240939 0.222415
vn -0.707107 0.707107 0.000000
v -1.164904 4.077165 6.406973 0.26108 0.52005 0.63221
vt 0.241766 0.219919
vn -0.707107 0.707107 0.000000
f 2962/2962/2962 2963/2963/2963 2964/2964/2964
v -0.582452 4.659617 5.824521 0.26108 0.52005 0.63221
vt 0.243856 0.222596
vn -0.707107 0.707107 0.000000
v -1.164904 4.077165 6.406973 0.26108 0.52005 0.63221
vt 0.241766 0.219919
vn -0.707107 0.707107 0.000000
v -0.582452 4.659617 6.406973 0.26108 0.52005 0.63221
vt 0.240939 0.222415
vn -0.707107 0.707107 0.000000
f 2965/2965/2965 2966/2966/2966 2967/2967/2967
v -1.164904 4.077165 6.406973 0.26108 0.52005 0.63221
vt 0.241766 0.219919
vn -0.707107 0.707107 0.000000
v -0.582452 4.659617 5.824521 0.26108 0.52005 0.63221
vt 0.243856 0.222596
vn -0.707107 0.707107 0.000000
v -1.164904 4.077165 5.824521 0.26108 0.52005 0.63221
vt 0.244677 0.220099
vn -0.707107 0.707107 0.000000
f 2968/2968/2968 2969/2969/2969 2970/2970/2970
v -0.582452 4.659617 5.242069 0.26108 0.52005 0.63221
vt 0.246774 0.222777
vn -0.707107 0.707107 0.000000
v -1.164904 4.077165 5.824521 0.26108 0.52005 0.63221
vt 0.244677 0.220099
vn -0.707107 0.707107 0.000000
v -0.582452 4.659617 5.824521 0.26108 0.52005 0.63221
vt 0.243856 0.222596
vn -0.707107 0.707107 0.000000
f 2971/2971/2971 2972/2972/2972 2973/2973/2973
v -1.164904 4.077165 5.824521 0.26108 0.52005 0.63221
vt 0.244677 0.220099
vn -0.707107 0.707107 0.000000
v -0.582452 4.659617 5.242069 0.26108 0.52005 0.63221
vt 0.246774 0.222777
vn -0.707107 0.707107 0.000000
v -1.164904 4.077165 5.242069 0.26108 0.52005 0.63221
vt 0.247588 0.220280
vn -0.707107 0.707107 0.000000
f 2974/2974/2974 2975/2975/2975 2976/2976/2976
v -0.582452 4.659617 4.659617 0.26108 0.52005 0.63221
vt 0.249692 0.222959
vn -0.707107 0.707107 0.000000
v -1.164904 4.077165 5.242069 0.26108 0.52005 0.63221
vt 0.247588 0.220280
vn -0.707107 0.707107 0.000000
v -0.582452 4.659617 5.242069 0.26108 0.52005 0.63221
vt 0.246774 0.222777
vn -0.707107 0.707107 0.000000
f 2977/2977/2977 2978/2978/2978 2979/2979/2979
v -1.164904 4.077165 5.242069 0.26108 0.52005 0.63221
vt 0.247588 0.220280
vn -0.707107 0.707107 0.000000
v -0.582452 4.659617 4.659617 0.26108 0.52005 0.63221
vt 0.249692 0.222959
vn -0.707107 0.707107 0.000000
v -1.164904 4.077165 4.659617 0.26108 0.52005 0.63221
vt 0.250499 0.220461
vn -0.707107 0.707107 0.000000
f 2980/2980/2980 2981/2981/2981 2982/2982/2982
v -0.582452 4.659617 4.077165 0.26108 0.52005 0.63221
vt 0.252610 0.223140
vn -0.707107 0.707107 0.000000
v -1.164904 4.077165 4.659617 0.26108 0.52005 0.63221
vt 0.250499 0.220461
vn -0.707107 0.707107 0.000000
v -0.582452 4.659617 4.659617 0.26108 0.52005 0.63221
vt 0.249692 0.222959
vn -0.707107 0.707107 0.000000
f 2983/2983/2983 2984/2984/2984 2985/2985/2985
v -1.164904 4.077165 4.659617 0.26108 0.52005 0.63221
vt 0.250499 0.220461
vn -0.707107 0.707107 0.000000
v -0.582452 4.659617 4.077165 0.26108 0.52005 0.63221
vt 0.252610 0.223140
vn -0.707107 0.707107 0.000000
v -1.164904 4.077165 4.077165 0.26108 0.52005 0.63221
vt 0.253411 0.220642
vn -0.707107 0.707107 0.000000
f 2986/2986/2986 2987/2987/2987 2988/2988/2988
v -0.582452 4.659617 3.494713 0.26108 0.52005 0.63221
vt 0.255528 0.223322
vn -0.707107 0.707107 0.000000
v -1.164904 4.077165 4.077165 0.26108 0.52005 0.63221
vt 0.253411 0.220642
vn -0.707107 0.707107 0.000000
v -0.582452 4.659617 4.077165 0.26108 0.52005 0.63221
vt 0.252610 0.223140
vn -0.707107 0.707107 0.000000
f 2989/2989/2989 2990/2990/2990 2991/2991/2991
v -1.164904 4.077165 4.077165 0.26108 0.52005 0.63221
vt 0.253411 0.220642
vn -0.707107 0.707107 0.000000
v -0.582452 4.659617 3.494713 0.26108 0.52005 0.63221
vt 0.255528 0.223322
vn -0.707107 0.707107 0.000000
v -1.164904 4.077165 3.494713 0.26108 0.52005 0.63221
vt 0.256322 0.220823
vn -0.707107 0.707107 0.000000
f 2992/2992/2992 2993/2993/2993 2994/2994/2994
v -0.582452 4.659617 2.912261 0.26108 0.52005 0.63221
vt 0.258447 0.223503
vn -0.707107 0.707107 0.000000
v -1.164904 4.077165 3.494713 0.26108 0.52005 0.63221
vt 0.256322 0.220823
vn -0.707107 0.707107 0.000000
v -0.582452 4.659617 3.494713 0.26108 0.52005 0.63221
vt 0.255528 0.223322
vn -0.707107 0.707107 0.000000
f 2995/2995/2995 2996/2996/2996 2997/2997/2997
v -1.164904 4.077165 3.494713 0.26108 0.52005 0.63221
vt 0.256322 0.220823
vn -0.707107 0.707107 0.000000
v -0.582452 4.659617 2.912261 0.26108 0.52005 0.63221
vt 0.258447 0.223503
vn -0.707107 0.707107 0.000000
v -1.164904 4.077165 2.912261 0.26108 0.52005 0.63221
vt 0.259234 0.221004
vn -0.707107 0.707107 0.000000
f 2998/2998/2998 2999/2999/2999 3000/3000/3000
v -0.582452 4.659617 2.329809 0.26108 0.52005 0.63221
vt 0.261365 0.223684
vn -0.707107 0.707107 0.000000
v -1.164904 4.077165 2.912261 0.26108 0.52005 0.63221
vt 0.259234 0.221004
vn -0.707107 0.707107 0.000000
v -0.582452 4.659617 2.912261 0.26108 0.52005 0.63221
vt 0.258447 0.223503
vn -0.707107 0.707107 0.000000
f 3001/3001/3001 3002/3002/3002 3003/3003/3003
v -1.164904 4.077165 2.912261 0.26108 0.52005 0.63221
vt 0.259234 0.221004
vn -0.707107 0.707107 0.000000
v -0.582452 4.659617 2.329809 0.26108 0.52005 0.63221
vt 0.261365 0.223684
vn -0.707107 0.707107 0.000000
v -1.164904 4.077165 2.329809 0.26108 0.52005 0.63221
vt 0.262146 0.221185
vn -0.707107 0.707107 0.000000
f 3004/3004/3004 3005/3005/3005 3006/3006/3006
v -0.582452 4.659617 1.747356 0.26108 0.52005 0.63221
vt 0.264284 0.223866
vn -0.707107 0.707107 0.000000
v -1.164904 4.077165 2.329809 0.26108 0.52005 0.63221
vt 0.262146 0.221185
vn -0.707107 0.707107 0.000000
v -0.582452 4.659617 2.329809 0.26108 0.52005 0.63221
vt 0.261365 0.223684
vn -0.707107 0.707107 0.000000
f 3007/3007/3007 3008/3008/3008 3009/3009/3009
v -1.164904 4.077165 2.329809 0.26108 0.52005 0.63221
vt 0.262146 0.221185
vn -0.707107 0.707107 0.000000
v -0.582452 4.659617 1.747356 0.26108 0.52005 0.63221
vt 0.264284 0.223866
vn -0.707107 0.707107 0.000000
v -1.164904 4.077165 1.747356 0.26108 0.52005 0.63221
vt 0.265058 0.221366
vn -0.707107 0.707107 0.000000
f 3010/3010/3010 3011/3011/3011 3012/3012/3012
v -0.582452 4.659617 1.164904 0.26108 0.52005 0.63221
vt 0.267203 0.224047
vn -0.707107 0.707107 0.000000
v -1.164904 4.077165 1.747356 0.26108 0.52005 0.63221
vt 0.265058 0.221366
vn -0.707107 0.707107 0.000000
v -0.582452 4.659617 1.747356 0.26108 0.52005 0.63221
vt 0.264284 0.223866
vn -0.707107 0.707107 0.000000
f 3013/3013/3013 3014/3014/3014 3015/3015/3015
v -1.164904 4.077165 1.747356 0.26108 0.52005 0.63221
vt 0.265058 0.221366
vn -0.707107 0.707107 0.000000
v -0.582452 4.659617 1.164904 0.26108 0.52005 0.63221
vt 0.267203 0.224047
vn -0.707107 0.707107 0.000000
v -1.164904 4.077165 1.164904 0.26108 0.52005 0.63221
vt 0.267971 0.221546
vn -0.707107 0.707107 0.000000
f 3016/3016/3016 3017/3017/3017 3018/3018/3018
v -1.747356 2.912261 9.319234 0.26108 0.52005 0.63221
vt 0.229415 0.219081
vn -1.000000 0.000000 0.000000
v -1.747356 2.329809 9.901686 0.26108 0.52005 0.63221
vt 0.227436 0.221415
vn -1.000000 0.000000 0.000000
v -1.747356 2.912261 9.901686 0.26108 0.52005 0.63221
vt 0.226527 0.218901
vn -1.000000 0.000000 0.000000
f 3019/3019/3019 3020/3020/3020 3021/3021/3021
v -1.747356 2.329809 9.901686 0.26108 0.52005 0.63221
vt 0.227436 0.221415
vn -1.000000 0.000000 0.000000
v -1.747356 2.912261 9.319234 0.26108 0.52005 0.63221
vt 0.229415 0.219081
vn -1.000000 0.000000 0.000000
v -1.747356 2.329809 9.319234 0.26108 0.52005 0.63221
vt 0.230315 0.221594
vn -1.000000 0.000000 0.000000
f 3022/3022/3022 3023/3023/3023 3024/3024/3024
v -1.747356 2.912261 8.736782 0.26108 0.52005 0.63221
vt 0.232304 0.219260
vn -1.000000 0.000000 0.000000
v -1.747356 2.329809 9.319234 0.26108 0.52005 0.63221
vt 0.230315 0.221594
vn -1.000000 0.000000 0.000000
v -1.747356 2.912261 9.319234 0.26108 0.52005 0.63221
vt 0.229415 0.219081
vn -1.000000 0.000000 0.000000
f 3025/3025/3025 3026/3026/3026 3027/3027/3027
v -1.747356 2.329809 9.319234 0.26108 0.52005 0.63221
vt 0.230315 0.221594
vn -1.000000 0.000000 0.000000
v -1.747356 2.912261 8.736782 0.26108 0.52005 0.63221
vt 0.232304 0.219260
vn -1.000000 0.000000 0.000000
v -1.747356 2.329809 8.736782 0.26108 0.52005 0.63221
vt 0.233193 0.221773
vn -1.000000 0.000000 0.000000
f 3028/3028/3028 3029/3029/3029 3030/3030/3030
v -1.747356 2.912261 8.154330 0.26108 0.52005 0.63221
vt 0.235192 0.219440
vn -1.000000 0.000000 0.000000
v -1.747356 2.329809 8.736782 0.26108 0.52005 0.63221
vt 0.233193 0.221773
vn -1.000000 0.000000 0.000000
v -1.747356 2.912261 8.736782 0.26108 0.52005 0.63221
vt 0.232304 0.219260
vn -1.000000 0.000000 0.000000
f 3031/3031/3031 3032/3032/3032 3033/3033/3033
v -1.747356 2.329809 8.736782 0.26108 0.52005 0.63221
vt 0.233193 0.221773
vn -1.000000 0.000000 0.000000
v -1.747356 2.912261 8.154330 0.26108 0.52005 0.63221
vt 0.235192 0.219440
vn -1.000000 0.000000 0.000000
v -1.747356 2.329809 8.154330 0.26108 0.52005 0.63221
vt 0.236072 0.221952
vn -1.000000 0.000000 0.000000
f 3034/3034/3034 3035/3035/3035 3036/3036/3036
v -1.747356 2.912261 7.571878 0.26108 0.52005 0.63221
vt 0.238081 0.219619
vn -1.000000 0.000000 0.000000
v -1.747356 2.329809 8.154330 0.26108 0.52005 0.63221
vt 0.236072 0.221952
vn -1.000000 0.000000 0.000000
v -1.747356 2.912261 8.154330 0.26108 0.52005 0.63221
vt 0.235192 0.219440
vn -1.000000 0.000000 0.000000
f 3037/3037/3037 3038/3038/3038 3039/3039/3039
v -1.747356 2.329809 8.154330 0.26108 0.52005 0.63221
vt 0.236072 0.221952
vn -1.000000 0.000000 0.000000
v -1.747356 2.912261 7.571878 0.26108 0.52005 0.63221
vt 0.238081 0.219619
vn -1.000000 0.000000 0.000000
v -1.747356 2.329809 7.571878 0.26108 0.52005 0.63221
vt 0.238950 0.222131
vn -1.000000 0.000000 0.000000
f 3040/3040/3040 3041/3041/3041 3042/3042/3042
v -1.747356 2.912261 6.989426 0.26108 0.52005 0.63221
vt 0.240970 0.219799
vn -1.000000 0.000000 0.000000
v -1.747356 2.329809 7.571878 0.26108 0.52005 0.63221
vt 0.238950 0.222131
vn -1.000000 0.000000 0.000000
v -1.747356 2.912261 7.571878 0.26108 0.52005 0.63221
vt 0.238081 0.219619
vn -1.000000 0.000000 0.000000
f 3043/3043/3043 3044/3044/3044 3045/3045/3045
v -1.747356 2.329809 7.571878 0.26108 0.52005 0.63221
vt 0.238950 0.222131
vn -1.000000 0.000000 0.000000
v -1.747356 2.912261 6.989426 0.26108 0.52005 0.63221
vt 0.240970 0.219799
vn -1.000000 0.000000 0.000000
v -1.747356 2.329809 6.989426 0.26108 0.52005 0.63221
vt 0.241829 0.222310
vn -1.000000 0.000000 0.000000
f 3046/3046/3046 3047/3047/3047 3048/3048/3048
v -1.747356 2.912261 6.406973 0.26108 0.52005 0.63221
vt 0.243860 0.219978
vn -1.000000 0.000000 0.000000
v -1.747356 2.329809 6.989426 0.26108 0.52005 0.63221
vt 0.241829 0.222310
vn -1.000000 0.000000 0.000000
v -1.747356 2.912261 6.989426 0.26108 0.52005 0.63221
vt 0.240970 0.219799
vn -1.000000 0.000000 0.000000
f 3049/3049/3049 3050/3050/3050 3051/3051/3051
v -1.747356 2.329809 6.989426 0.26108 0.52005 0.63221
vt 0.241829 0.222310
vn -1.000000 0.000000 0.000000
v -1.747356 2.912261 6.406973 0.26108 0.52005 0.63221
vt 0.243860 0.219978
vn -1.000000 0.000000 0.000000
v -1.747356 2.329809 6.406973 0.26108 0.52005 0.63221
vt 0.244708 0.222489
vn -1.000000 0.000000 0.000000
f 3052/3052/3052 3053/3053/3053 3054/3054/3054
v -1.747356 2.912261 5.824521 0.26108 0.52005 0.63221
vt 0.246749 0.220158
vn -1.000000 0.000000 0.000000
v -1.747356 2.329809 6.406973 0.26108 0.52005 0.63221
vt 0.244708 0.222489
vn -1.000000 0.000000 0.000000
v -1.747356 2.912261 6.406973 0.26108 0.52005 0.63221
vt 0.243860 0.219978
vn -1.000000 0.000000 0.000000
f 3055/3055/3055 3056/3056/3056 3057/3057/3057
v -1.747356 2.329809 6.406973 0.26108 0.52005 0.63221
vt 0.244708 0.222489
vn -1.000000 0.000000 0.000000
v -1.747356 2.912261 5.824521 0.26108 0.52005 0.63221
vt 0.246749 0.220158
vn -1.000000 0.000000 0.000000
v -1.747356 2.329809 5.824521 0.26108 0.52005 0.63221
vt 0.247588 0.222668
vn -1.000000 0.000000 0.000000
f 3058/3058/3058 3059/3059/3059 3060/3060/3060
v -1.747356 2.912261 5.242069 0.26108 0.52005 0.63221
vt 0.249639 0.220337
vn -1.000000 0.000000 0.000000
v -1.747356 2.329809 5.824521 0.26108 0.52005 0.63221
vt 0.247588 0.222668
vn -1.000000 0.000000 0.000000
v -1.747356 2.912261 5.824521 0.26108 0.52005 0.63221
vt 0.246749 0.220158
vn -1.000000 0.000000 0.000000
f 3061/3061/3061 3062/3062/3062 3063/3063/3063
v -1.747356 2.329809 5.824521 0.26108 0.52005 0.63221
vt 0.247588 0.222668
vn -1.000000 0.000000 0.000000
v -1.747356 2.912261 5.242069 0.26108 0.52005 0.63221
vt 0.249639 0.220337
vn -1.000000 0.000000 0.000000
v -1.747356 2.329809 5.242069 0.26108 0.52005 0.63221
vt 0.250467 0.222847
vn -1.000000 0.000000 0.000000
f 3064/3064/3064 3065/3065/3065 3066/3066/3066
v -1.747356 2.912261 4.659617 0.26108 0.52005 0.63221
vt 0.252529 0.220517
vn -1.000000 0.000000 0.000000
v -1.747356 2.329809 5.242069 0.26108 0.52005 0.63221
vt 0.250467 0.222847
vn -1.000000 0.000000 0.000000
v -1.747356 2.912261 5.242069 0.26108 0.52005 0.63221
vt 0.249639 0.220337
vn -1.000000 0.000000 0.000000
f 3067/3067/3067 3068/3068/3068 3069/3069/3069
v -1.747356 2.329809 5.242069 0.26108 0.52005 0.63221
vt 0.250467 0.222847
vn -1.000000 0.000000 0.000000
v -1.747356 2.912261 4.659617 0.26108 0.52005 0.63221
vt 0.252529 0.220517
vn -1.000000 0.000000 0.000000
v -1.747356 2.329809 4.659617 0.26108 0.52005 0.63221
vt 0.253347 0.223026
vn -1.000000 0.000000 0.000000
f 3070/3070/3070 3071/3071/3071 3072/3072/3072
v -1.747356 2.912261 4.077165 0.26108 0.52005 0.63221
vt 0.255419 0.220696
vn -1.000000 0.000000 0.000000
v -1.747356 2.329809 4.659617 0.26108 0.52005 0.63221
vt 0.253347 0.223026
vn -1.000000 0.000000 0.000000
v -1.747356 2.912261 4.659617 0.26108 0.52005 0.63221
vt 0.252529 0.220517
vn -1.000000 0.000000 0.000000
f 3073/3073/3073 3074/3074/3074 3075/3075/3075
v -1.747356 2.329809 4.659617 0.26108 0.52005 0.63221
vt 0.253347 0.223026
vn -1.000000 0.000000 0.000000
v -1.747356 2.912261 4.077165 0.26108 0.52005 0.63221
vt 0.255419 0.220696
vn -1.000000 0.000000 0.000000
v -1.747356 2.329809 4.077165 0.26108 0.52005 0.63221
vt 0.256227 0.223205
vn -1.000000 0.000000 0.000000
f 3076/3076/3076 3077/3077/3077 3078/3078/3078
v -1.747356 2.912261 3.494713 0.26108 0.52005 0.63221
vt 0.258310 0.220876
vn -1.000000 0.000000 0.000000
v -1.747356 2.329809 4.077165 0.26108 0.52005 0.63221
vt 0.256227 0.223205
vn -1.000000 0.000000 0.000000
v -1.747356 2.912261 4.077165 0.26108 0.52005 0.63221
vt 0.255419 0.220696
vn -1.000000 0.000000 0.000000
f 3079/3079/3079 3080/3080/3080 3081/3081/3081
v -1.747356 2.329809 4.077165 0.26108 0.52005 0.63221
vt 0.256227 0.223205
vn -1.000000 0.000000 0.000000
v -1.747356 2.912261 3.494713 0.26108 0.52005 0.63221
vt 0.258310 0.220876
vn -1.000000 0.000000 0.000000
v -1.747356 2.329809 3.494713 0.26108 0.52005 0.63221
vt 0.259107 0.223384
vn -1.000000 0.000000 0.000000
f 3082/3082/3082 3083/3083/3083 3084/3084/3084
v -1.747356 2.912261 2.912261 0.26108 0.52005 0.63221
vt 0.261200 0.221055
vn -1.000000 0.000000 0.000000
v -1.747356 2.329809 3.494713 0.26108 0.52005 0.63221
vt 0.259107 0.223384
vn -1.000000 0.000000 0.000000
v -1.747356 2.912261 3.494713 0.26108 0.52005 0.63221
vt 0.258310 0.220876
vn -1.000000 0.000000 0.000000
f 3085/3085/3085 3086/3086/3086 3087/3087/3087
v -1.747356 2.329809 3.494713 0.26108 0.52005 0.63221
vt 0.259107 0.223384
vn -1.000000 0.000000 0.000000
v -1.747356 2.912261 2.912261 0.26108 0.52005 0.63221
vt 0.261200 0.221055
vn -1.000000 0.000000 0.000000
v -1.747356 2.329809 2.912261 0.26108 0.52005 0.63221
vt 0.261988 0.223563
vn -1.000000 0.000000 0.000000
f 3088/3088/3088 3089/3089/3089 3090/3090/3090
v -1.747356 2.912261 2.329809 0.26108 0.52005 0.63221
vt 0.264091 0.221235
vn -1.000000 0.000000 0.000000
v -1.747356 2.329809 2.912261 0.26108 0.52005 0.63221
vt 0.261988 0.223563
vn -1.000000 0.000000 0.000000
v -1.747356 2.912261 2.912261 0.26108 0.52005 0.63221
vt 0.261200 0.221055
vn -1.000000 0.000000 0.000000
f 3091/3091/3091 3092/3092/3092 3093/3093/3093
v -1.747356 2.329809 2.912261 0.26108 0.52005 0.63221
vt 0.261988 0.223563
vn -1.000000 0.000000 0.000000
v -1.747356 2.912261 2.329809 0.26108 0.52005 0.63221
vt 0.264091 0.221235
vn -1.000000 0.000000 0.000000
v -1.747356 2.329809 2.329809 0.26108 0.52005 0.63221
vt 0.264868 0.223742
vn -1.000000 0.000000 0.000000
f 3094/3094/3094 3095/3095/3095 3096/3096/3096
v -1.747356 2.912261 1.747356 0.26108 0.52005 0.63221
vt 0.266982 0.221415
vn -1.000000 0.000000 0.000000
v -1.747356 2.329809 2.329809 0.26108 0.52005 0.63221
vt 0.264868 0.223742
vn -1.000000 0.000000 0.000000
v -1.747356 2.912261 2.329809 0.26108 0.52005 0.63221
vt 0.264091 0.221235
vn -1.000000 0.000000 0.000000
f 3097/3097/3097 3098/3098/3098 3099/3099/3099
v -1.747356 2.329809 2.329809 0.26108 0.52005 0.63221
vt 0.264868 0.223742
vn -1.000000 0.000000 0.000000
v -1.747356 2.912261 1.747356 0.26108 0.52005 0.63221
vt 0.266982 0.221415
vn -1.000000 0.000000 0.000000
v -1.747356 2.329809 1.747356 0.26108 0.52005 0.63221
vt 0.267749 0.223921
vn -1.000000 0.000000 0.000000
f 3100/3100/3100 3101/3101/3101 3102/3102/3102
v -1.747356 2.912261 1.164904 0.26108 0.52005 0.63221
vt 0.269873 0.221594
vn -1.000000 0.000000 0.000000
v -1.747356 2.329809 1.747356 0.26108 0.52005 0.63221
vt 0.267749 0.223921
vn -1.000000 0.000000 0.000000
v -1.747356 2.912261 1.747356 0.26108 0.52005 0.63221
vt 0.266982 0.221415
vn -1.000000 0.000000 0.000000
f 3103/3103/3103 3104/3104/3104 3105/3105/3105
v -1.747356 2.329809 1.747356 0.26108 0.52005 0.63221
vt 0.267749 0.223921
vn -1.000000 0.000000 0.000000
v -1.747356 2.912261 1.164904 0.26108 0.52005 0.63221
vt 0.269873 0.221594
vn -1.000000 0.000000 0.000000
v -1.747356 2.329809 1.164904 0.26108 0.52005 0.63221
vt 0.270630 0.224100
vn -1.000000 0.000000 0.000000
f 3106/3106/3106 3107/3107/3107 3108/3108/3108
v -1.747356 2.329809 9.319234 0.28524 0.28754 0.26684
vt 0.696606 0.212629
vn -0.707107 -0.707107 0.000000
v -1.164904 1.747356 9.901686 0.28524 0.28754 0.26684
vt 0.690902 0.217870
vn -0.707107 -0.707107 0.000000
v -1.747356 2.329809 9.901686 0.28524 0.28754 0.26684
vt 0.692028 0.212258
vn -0.707107 -0.707107 0.000000
f 3109/3109/3109 3110/3110/3110 3111/3111/3111
v -1.164904 1.747356 9.901686 0.28524 0.28754 0.26684
vt 0.690902 0.217870
vn -0.707107 -0.707107 -0.000000
v -1.747356 2.329809 9.319234 0.28524 0.28754 0.26684
vt 0.696606 0.212629
vn -0.707107 -0.707107 -0.000000
v -1.164904 1.747356 9.319234 0.28524 0.28754 0.26684
vt 0.695461 0.218240
vn -0.707107 -0.707107 -0.000000
f 3112/3112/3112 3113/3113/3113 3114/3114/3114
v -1.747356 2.329809 8.736782 0.28524 0.28754 0.26684
vt 0.701184 0.213000
vn -0.707107 -0.707107 0.000000
v -1.164904 1.747356 9.319234 0.28524 0.28754 0.26684
vt 0.695461 0.218240
vn -0.707107 -0.707107 0.000000
v -1.747356 2.329809 9.319234 0.28524 0.28754 0.26684
vt 0.696606 0.212629
vn -0.707107 -0.707107 0.000000
f 3115/3115/3115 3116/3116/3116 3117/3117/3117
v -1.164904 1.747356 9.319234 0.28524 0.28754 0.26684
vt 0.695461 0.218240
vn -0.707107 -0.707107 -0.000000
v -1.747356 2.329809 8.736782 0.28524 0.28754 0.26684
vt 0.701184 0.213000
vn -0.707107 -0.707107 -0.000000
v -1.164904 1.747356 8.736782 0.28524 0.28754 0.26684
vt 0.700020 0.218610
vn -0.707107 -0.707107 -0.000000
f 3118/3118/3118 3119/3119/3119 3120/3120/3120
v -1.747356 2.329809 8.154330 0.28524 0.28754 0.26684
vt 0.705763 0.213371
vn -0.707107 -0.707107 0.000000
v -1.164904 1.747356 8.736782 0.28524 0.28754 0.26684
vt 0.700020 0.218610
vn -0.707107 -0.707107 0.000000
v -1.747356 2.329809 8.736782 0.28524 0.28754 0.26684
vt 0.701184 0.213000
vn -0.707107 -0.707107 0.000000
f 3121/3121/3121 3122/3122/3122 3123/3123/3123
v -1.164904 1.747356 8.736782 0.28524 0.28754 0.26684
vt 0.700020 0.218610
vn -0.707107 -0.707107 -0.000000
v -1.747356 2.329809 8.154330 0.28524 0.28754 0.26684
vt 0.705763 0.213371
vn -0.707107 -0.707107 -0.000000
v -1.164904 1.747356 8.154330 0.28524 0.28754 0.26684
vt 0.704580 0.218980
vn -0.707107 -0.707107 -0.000000
f 3124/3124/3124 3125/3125/3125 3126/3126/3126
v -1.747356 2.329809 7.571878 0.28524 0.28754 0.26684
vt 0.710342 0.213742
vn -0.707107 -0.707107 0.000000
v -1.164904 1.747356 8.154330 0.28524 0.28754 0.26684
vt 0.704580 0.218980
vn -0.707107 -0.707107 0.000000
v -1.747356 2.329809 8.154330 0.28524 0.28754 0.26684
vt 0.705763 0.213371
vn -0.707107 -0.707107 0.000000
f 3127/3127/3127 3128/3128/3128 3129/3129/3129
v -1.164904 1.747356 8.154330 0.28524 0.28754 0.26684
vt 0.704580 0.218980
vn -0.707107 -0.707107 -0.000000
v -1.747356 2.329809 7.571878 0.28524 0.28754 0.26684
vt 0.710342 0.213742
vn -0.707107 -0.707107 -0.000000
v -1.164904 1.747356 7.571878 0.28524 0.28754 0.26684
vt 0.709140 0.219349
vn -0.707107 -0.707107 -0.000000
f 3130/3130/3130 3131/3131/3131 3132/3132/3132
v -1.747356 2.329809 6.989426 0.28524 0.28754 0.26684
vt 0.714922 0.214113
vn -0.707107 -0.707107 0.000000
v -1.164904 1.747356 7.571878 0.28524 0.28754 0.26684
vt 0.709140 0.219349
vn -0.707107 -0.707107 0.000000
v -1.747356 2.329809 7.571878 0.28524 0.28754 0.26684
vt 0.710342 0.213742
vn -0.707107 -0.707107 0.000000
f 3133/3133/3133 3134/3134/3134 3135/3135/3135
v -1.164904 1.747356 7.571878 0.28524 0.28754 0.26684
vt 0.709140 0.219349
vn -0.707107 -0.707107 -0.000000
v -1.747356 2.329809 6.989426 0.28524 0.28754 0.26684
vt 0.714922 0.214113
vn -0.707107 -0.707107 -0.000000
v -1.164904 1.747356 6.989426 0.28524 0.28754 0.26684
vt 0.713701 0.219719
vn -0.707107 -0.707107 -0.000000
f 3136/3136/3136 3137/3137/3137 3138/3138/3138
v -1.747356 2.329809 6.406973 0.28524 0.28754 0.26684
vt 0.719503 0.214484
vn -0.707107 -0.707107 0.000000
v -1.164904 1.747356 6.989426 0.28524 0.28754 0.26684
vt 0.713701 0.219719
vn -0.707107 -0.707107 0.000000
v -1.747356 2.329809 6.989426 0.28524 0.28754 0.26684
vt 0.714922 0.214113
vn -0.707107 -0.707107 0.000000
f 3139/3139/3139 3140/3140/3140 3141/3141/3141
v -1.164904 1.747356 6.989426 0.28524 0.28754 0.26684
vt 0.713701 0.219719
vn -0.707107 -0.707107 -0.000000
v -1.747356 2.329809 6.406973 0.28524 0.28754 0.26684
vt 0.719503 0.214484
vn -0.707107 -0.707107 -0.000000
v -1.164904 1.747356 6.406973 0.28524 0.28754 0.26684
vt 0.718262 0.220089
vn -0.707107 -0.707107 -0.000000
f 3142/3142/3142 3143/3143/3143 3144/3144/3144
v -1.747356 2.329809 5.824521 0.28524 0.28754 0.26684
vt 0.724083 0.214856
vn -0.707107 -0.707107 0.000000
v -1.164904 1.747356 6.406973 0.28524 0.28754 0.26684
vt 0.718262 0.220089
vn -0.707107 -0.707107 0.000000
v -1.747356 2.329809 6.406973 0.28524 0.28754 0.26684
vt 0.719503 0.214484
vn -0.707107 -0.707107 0.000000
f 3145/3145/3145 3146/3146/3146 3147/3147/3147
v -1.164904 1.747356 6.406973 0.28524 0.28754 0.26684
vt 0.718262 0.220089
vn -0.707107 -0.707107 -0.000000
v -1.747356 2.329809 5.824521 0.28524 0.28754 0.26684
vt 0.724083 0.214856
vn -0.707107 -0.707107 -0.000000
v -1.164904 1.747356 5.824521 0.28524 0.28754 0.26684
vt 0.722824 0.220459
vn -0.707107 -0.707107 -0.000000
f 3148/3148/3148 3149/3149/3149 3150/3150/3150
v -1.747356 2.329809 5.242069 0.28524 0.28754 0.26684
vt 0.728665 0.215227
vn -0.707107 -0.707107 0.000000
v -1.164904 1.747356 5.824521 0.28524 0.28754 0.26684
vt 0.722824 0.220459
vn -0.707107 -0.707107 0.000000
v -1.747356 2.329809 5.824521 0.28524 0.28754 0.26684
vt 0.724083 0.214856
vn -0.707107 -0.707107 0.000000
f 3151/3151/3151 3152/3152/3152 3153/3153/3153
v -1.164904 1.747356 5.824521 0.28524 0.28754 0.26684
vt 0.722824 0.220459
vn -0.707107 -0.707107 -0.000000
v -1.747356 2.329809 5.242069 0.28524 0.28754 0.26684
vt 0.728665 0.215227
vn -0.707107 -0.707107 -0.000000
v -1.164904 1.747356 5.242069 0.28524 0.28754 0.26684
vt 0.727386 0.220829
vn -0.707107 -0.707107 -0.000000
f 3154/3154/3154 3155/3155/3155 3156/3156/3156
v -1.747356 2.329809 4.659617 0.28524 0.28754 0.26684
vt 0.733247 0.215598
vn -0.707107 -0.707107 0.000000
v -1.164904 1.747356 5.242069 0.28524 0.28754 0.26684
vt 0.727386 0.220829
vn -0.707107 -0.707107 0.000000
v -1.747356 2.329809 5.242069 0.28524 0.28754 0.26684
vt 0.728665 0.215227
vn -0.707107 -0.707107 0.000000
f 3157/3157/3157 3158/3158/3158 3159/3159/3159
v -1.164904 1.747356 5.242069 0.28524 0.28754 0.26684
vt 0.727386 0.220829
vn -0.707107 -0.707107 -0.000000
v -1.747356 2.329809 4.659617 0.28524 0.28754 0.26684
vt 0.733247 0.215598
vn -0.707107 -0.707107 -0.000000
v -1.164904 1.747356 4.659617 0.28524 0.28754 0.26684
vt 0.731949 0.221199
vn -0.707107 -0.707107 -0.000000
f 3160/3160/3160 3161/3161/3161 3162/3162/3162
v -1.747356 2.329809 4.077165 0.28524 0.28754 0.26684
vt 0.737829 0.215969
vn -0.707107 -0.707107 0.000000
v -1.164904 1.747356 4.659617 0.28524 0.28754 0.26684
vt 0.731949 0.221199
vn -0.707107 -0.707107 0.000000
v -1.747356 2.329809 4.659617 0.28524 0.28754 0.26684
vt 0.733247 0.215598
vn -0.707107 -0.707107 0.000000
f 3163/3163/3163 3164/3164/3164 3165/3165/3165
v -1.164904 1.747356 4.659617 0.28524 0.28754 0.26684
vt 0.731949 0.221199
vn -0.707107 -0.707107 -0.000000
v -1.747356 2.329809 4.077165 0.28524 0.28754 0.26684
vt 0.737829 0.215969
vn -0.707107 -0.707107 -0.000000
v -1.164904 1.747356 4.077165 0.28524 0.28754 0.26684
vt 0.736512 0.221569
vn -0.707107 -0.707107 -0.000000
f 3166/3166/3166 3167/3167/3167 3168/3168/3168
v -1.747356 2.329809 3.494713 0.28524 0.28754 0.26684
vt 0.742412 0.216341
vn -0.707107 -0.707107 0.000000
v -1.164904 1.747356 4.077165 0.28524 0.28754 0.26684
vt 0.736512 0.221569
vn -0.707107 -0.707107 0.000000
v -1.747356 2.329809 4.077165 0.28524 0.28754 0.26684
vt 0.737829 0.215969
vn -0.707107 -0.707107 0.000000
f 3169/3169/3169 3170/3170/3170 3171/3171/3171
v -1.164904 1.747356 4.077165 0.28524 0.28754 0.26684
vt 0.736512 0.221569
vn -0.707107 -0.707107 -0.000000
v -1.747356 2.329809 3.494713 0.28524 0.28754 0.26684
vt 0.742412 0.216341
vn -0.707107 -0.707107 -0.000000
v -1.164904 1.747356 3.494713 0.28524 0.28754 0.26684
vt 0.741076 0.221939
vn -0.707107 -0.707107 -0.000000
f 3172/3172/3172 3173/3173/3173 3174/3174/3174
v -1.747356 2.329809 2.912261 0.28524 0.28754 0.26684
vt 0.746996 0.216712
vn -0.707107 -0.707107 0.000000
v -1.164904 1.747356 3.494713 0.28524 0.28754 0.26684
vt 0.741076 0.221939
vn -0.707107 -0.707107 0.000000
v -1.747356 2.329809 3.494713 0.28524 0.28754 0.26684
vt 0.742412 0.216341
vn -0.707107 -0.707107 0.000000
f 3175/3175/3175 3176/3176/3176 3177/3177/3177
v -1.164904 1.747356 3.494713 0.28524 0.28754 0.26684
vt 0.741076 0.221939
vn -0.707107 -0.707107 -0.000000
v -1.747356 2.329809 2.912261 0.28524 0.28754 0.26684
vt 0.746996 0.216712
vn -0.707107 -0.707107 -0.000000
v -1.164904 1.747356 2.912261 0.28524 0.28754 0.26684
vt 0.745640 0.222309
vn -0.707107 -0.707107 -0.000000
f 3178/3178/3178 3179/3179/3179 3180/3180/3180
v -1.747356 2.329809 2.329809 0.28524 0.28754 0.26684
vt 0.751580 0.217083
vn -0.707107 -0.707107 0.000000
v -1.164904 1.747356 2.912261 0.28524 0.28754 0.26684
vt 0.745640 0.222309
vn -0.707107 -0.707107 0.000000
v -1.747356 2.329809 2.912261 0.28524 0.28754 0.26684
vt 0.746996 0.216712
vn -0.707107 -0.707107 0.000000
f 3181/3181/3181 3182/3182/3182 3183/3183/3183
v -1.164904 1.747356 2.912261 0.28524 0.28754 0.26684
vt 0.745640 0.222309
vn -0.707107 -0.707107 -0.000000
v -1.747356 2.329809 2.329809 0.28524 0.28754 0.26684
vt 0.751580 0.217083
vn -0.707107 -0.707107 -0.000000
v -1.164904 1.747356 2.329809 0.28524 0.28754 0.26684
vt 0.750205 0.222679
vn -0.707107 -0.707107 -0.000000
f 3184/3184/3184 3185/3185/3185 3186/3186/3186
v -1.747356 2.329809 1.747356 0.28524 0.28754 0.26684
vt 0.756164 0.217455
vn -0.707107 -0.707107 0.000000
v -1.164904 1.747356 2.329809 0.28524 0.28754 0.26684
vt 0.750205 0.222679
vn -0.707107 -0.707107 0.000000
v -1.747356 2.329809 2.329809 0.28524 0.28754 0.26684
vt 0.751580 0.217083
vn -0.707107 -0.707107 0.000000
f 3187/3187/3187 3188/3188/3188 3189/3189/3189
v -1.164904 1.747356 2.329809 0.28524 0.28754 0.26684
vt 0.750205 0.222679
vn -0.707107 -0.707107 -0.000000
v -1.747356 2.329809 1.747356 0.28524 0.28754 0.26684
vt 0.756164 0.217455
vn -0.707107 -0.707107 -0.000000
v -1.164904 1.747356 1.747356 0.28524 0.28754 0.26684
vt 0.754770 0.223050
vn -0.707107 -0.707107 -0.000000
f 3190/3190/3190 3191/3191/3191 3192/3192/3192
v -1.747356 2.329809 1.164904 0.28524 0.28754 0.26684
vt 0.760749 0.217826
vn -0.707107 -0.707107 0.000000
v -1.164904 1.747356 1.747356 0.28524 0.28754 0.26684
vt 0.754770 0.223050
vn -0.707107 -0.707107 0.000000
v -1.747356 2.329809 1.747356 0.28524 0.28754 0.26684
vt 0.756164 0.217455
vn -0.707107 -0.707107 0.000000
f 3193/3193/3193 3194/3194/3194 3195/3195/3195
v -1.164904 1.747356 1.747356 0.28524 0.28754 0.26684
vt 0.754770 0.223050
vn -0.707107 -0.707107 -0.000000
v -1.747356 2.329809 1.164904 0.28524 0.28754 0.26684
vt 0.760749 0.217826
vn -0.707107 -0.707107 -0.000000
v -1.164904 1.747356 1.164904 0.28524 0.28754 0.26684
vt 0.759336 0.223420
vn -0.707107 -0.707107 -0.000000
f 3196/3196/3196 3197/3197/3197 3198/3198/3198
v 1.747356 2.912261 9.319234 0.26108 0.52005 0.63221
vt 0.227404 0.235277
vn 1.000000 0.000000 -0.000000
v 1.747356 2.912261 9.901686 0.26108 0.52005 0.63221
vt 0.224507 0.235096
vn 1.000000 0.000000 -0.000000
v 1.747356 2.329809 9.901686 0.26108 0.52005 0.63221
vt 0.225626 0.235957
vn 1.000000 0.000000 -0.000000
f 3199/3199/3199 3200/3200/3200 3201/3201/3201
v 1.747356 2.329809 9.901686 0.26108 0.52005 0.63221
vt 0.225626 0.235957
vn 1.000000 0.000000 0.000000
v 1.747356 2.329809 9.319234 0.26108 0.52005 0.63221
vt 0.228512 0.236137
vn 1.000000 0.000000 0.000000
v 1.747356 2.912261 9.319234 0.26108 0.52005 0.63221
vt 0.227404 0.235277
vn 1.000000 0.000000 0.000000
f 3202/3202/3202 3203/3203/3203 3204/3204/3204
v 1.747356 2.912261 8.736782 0.26108 0.52005 0.63221
vt 0.230302 0.235457
vn 1.000000 0.000000 -0.000000
v 1.747356 2.912261 9.319234 0.26108 0.52005 0.63221
vt 0.227404 0.235277
vn 1.000000 0.000000 -0.000000
v 1.747356 2.329809 9.319234 0.26108 0.52005 0.63221
vt 0.228512 0.236137
vn 1.000000 0.000000 -0.000000
f 3205/3205/3205 3206/3206/3206 3207/3207/3207
v 1.747356 2.329809 9.319234 0.26108 0.52005 0.63221
vt 0.228512 0.236137
vn 1.000000 0.000000 0.000000
v 1.747356 2.329809 8.736782 0.26108 0.52005 0.63221
vt 0.231399 0.236317
vn 1.000000 0.000000 0.000000
v 1.747356 2.912261 8.736782 0.26108 0.52005 0.63221
vt 0.230302 0.235457
vn 1.000000 0.000000 0.000000
f 3208/3208/3208 3209/3209/3209 3210/3210/3210
v 1.747356 2.912261 8.154330 0.26108 0.52005 0.63221
vt 0.233200 0.235638
vn 1.000000 0.000000 -0.000000
v 1.747356 2.912261 8.736782 0.26108 0.52005 0.63221
vt 0.230302 0.235457
vn 1.000000 0.000000 -0.000000
v 1.747356 2.329809 8.736782 0.26108 0.52005 0.63221
vt 0.231399 0.236317
vn 1.000000 0.000000 -0.000000
f 3211/3211/3211 3212/3212/3212 3213/3213/3213
v 1.747356 2.329809 8.736782 0.26108 0.52005 0.63221
vt 0.231399 0.236317
vn 1.000000 0.000000 0.000000
v 1.747356 2.329809 8.154330 0.26108 0.52005 0.63221
vt 0.234286 0.236497
vn 1.000000 0.000000 0.000000
v 1.747356 2.912261 8.154330 0.26108 0.52005 0.63221
vt 0.233200 0.235638
vn 1.000000 0.000000 0.000000
f 3214/3214/3214 3215/3215/3215 3216/3216/3216
v 1.747356 2.912261 7.571878 0.26108 0.52005 0.63221
vt 0.236098 0.235818
vn 1.000000 0.000000 -0.000000
v 1.747356 2.912261 8.154330 0.26108 0.52005 0.63221
vt 0.233200 0.235638
vn 1.000000 0.000000 -0.000000
v 1.747356 2.329809 8.154330 0.26108 0.52005 0.63221
vt 0.234286 0.236497
vn 1.000000 0.000000 -0.000000
f 3217/3217/3217 3218/3218/3218 3219/3219/3219
v 1.747356 2.329809 8.154330 0.26108 0.52005 0.63221
vt 0.234286 0.236497
vn 1.000000 0.000000 0.000000
v 1.747356 2.329809 7.571878 0.26108 0.52005 0.63221
vt 0.237173 0.236677
vn 1.000000 0.000000 0.000000
v 1.747356 2.912261 7.571878 0.26108 0.52005 0.63221
vt 0.236098 0.235818
vn 1.000000 0.000000 0.000000
f 3220/3220/3220 3221/3221/3221 3222/3222/3222
v 1.747356 2.912261 6.989426 0.26108 0.52005 0.63221
vt 0.238996 0.235999
vn 1.000000 0.000000 -0.000000
v 1.747356 2.912261 7.571878 0.26108 0.52005 0.63221
vt 0.236098 0.235818
vn 1.000000 0.000000 -0.000000
v 1.747356 2.329809 7.571878 0.26108 0.52005 0.63221
vt 0.237173 0.236677
vn 1.000000 0.000000 -0.000000
f 3223/3223/3223 3224/3224/3224 3225/3225/3225
v 1.747356 2.329809 7.571878 0.26108 0.52005 0.63221
vt 0.237173 0.236677
vn 1.000000 0.000000 0.000000
v 1.747356 2.329809 6.989426 0.26108 0.52005 0.63221
vt 0.240060 0.236857
vn 1.000000 0.000000 0.000000
v 1.747356 2.912261 6.989426 0.26108 0.52005 0.63221
vt 0.238996 0.235999
vn 1.000000 0.000000 0.000000
f 3226/3226/3226 3227/3227/3227 3228/3228/3228
v 1.747356 2.912261 6.406973 0.26108 0.52005 0.63221
vt 0.241895 0.236180
vn 1.000000 0.000000 -0.000000
v 1.747356 2.912261 6.989426 0.26108 0.52005 0.63221
vt 0.238996 0.235999
vn 1.000000 0.000000 -0.000000
v 1.747356 2.329809 6.989426 0.26108 0.52005 0.63221
vt 0.240060 0.236857
vn 1.000000 0.000000 -0.000000
f 3229/3229/3229 3230/3230/3230 3231/3231/3231
v 1.747356 2.329809 6.989426 0.26108 0.52005 0.63221
vt 0.240060 0.236857
vn 1.000000 0.000000 0.000000
v 1.747356 2.329809 6.406973 0.26108 0.52005 0.63221
vt 0.242947 0.237037
vn 1.000000 0.000000 0.000000
v 1.747356 2.912261 6.406973 0.26108 0.52005 0.63221
vt 0.241895 0.236180
vn 1.000000 0.000000 0.000000
f 3232/3232/3232 3233/3233/3233 3234/3234/3234
v 1.747356 2.912261 5.824521 0.26108 0.52005 0.63221
vt 0.244793 0.236360
vn 1.000000 0.000000 -0.000000
v 1.747356 2.912261 6.406973 0.26108 0.52005 0.63221
vt 0.241895 0.236180
vn 1.000000 0.000000 -0.000000
v 1.747356 2.329809 6.406973 0.26108 0.52005 0.63221
vt 0.242947 0.237037
vn 1.000000 0.000000 -0.000000
f 3235/3235/3235 3236/3236/3236 3237/3237/3237
v 1.747356 2.329809 6.406973 0.26108 0.52005 0.63221
vt 0.242947 0.237037
vn 1.000000 0.000000 0.000000
v 1.747356 2.329809 5.824521 0.26108 0.52005 0.63221
vt 0.245834 0.237217
vn 1.000000 0.000000 0.000000
v 1.747356 2.912261 5.824521 0.26108 0.52005 0.63221
vt 0.244793 0.236360
vn 1.000000 0.000000 0.000000
f 3238/3238/3238 3239/3239/3239 3240/3240/3240
v 1.747356 2.912261 5.242069 0.26108 0.52005 0.63221
vt 0.247692 0.236541
vn 1.000000 0.000000 -0.000000
v 1.747356 2.912261 5.824521 0.26108 0.52005 0.63221
vt 0.244793 0.236360
vn 1.000000 0.000000 -0.000000
v 1.747356 2.329809 5.824521 0.26108 0.52005 0.63221
vt 0.245834 0.237217
vn 1.000000 0.000000 -0.000000
f 3241/3241/3241 3242/3242/3242 3243/3243/3243
v 1.747356 2.329809 5.824521 0.26108 0.52005 0.63221
vt 0.245834 0.237217
vn 1.000000 0.000000 0.000000
v 1.747356 2.329809 5.242069 0.26108 0.52005 0.63221
vt 0.248722 0.237397
vn 1.000000 0.000000 0.000000
v 1.747356 2.912261 5.242069 0.26108 0.52005 0.63221
vt 0.247692 0.236541
vn 1.000000 0.000000 0.000000
f 3244/3244/3244 3245/3245/3245 3246/3246/3246
v 1.747356 2.912261 4.659617 0.26108 0.52005 0.63221
vt 0.250591 0.236722
vn 1.000000 0.000000 -0.000000
v 1.747356 2.912261 5.242069 0.26108 0.52005 0.63221
vt 0.247692 0.236541
vn 1.000000 0.000000 -0.000000
v 1.747356 2.329809 5.242069 0.26108 0.52005 0.63221
vt 0.248722 0.237397
vn 1.000000 0.000000 -0.000000
f 3247/3247/3247 3248/3248/3248 3249/3249/3249
v 1.747356 2.329809 5.242069 0.26108 0.52005 0.63221
vt 0.248722 0.237397
vn 1.000000 0.000000 0.000000
v 1.747356 2.329809 4.659617 0.26108 0.52005 0.63221
vt 0.251610 0.237577
vn 1.000000 0.000000 0.000000
v 1.747356 2.912261 4.659617 0.26108 0.52005 0.63221
vt 0.250591 0.236722
vn 1.000000 0.000000 0.000000
f 3250/3250/3250 3251/3251/3251 3252/3252/3252
v 1.747356 2.912261 4.077165 0.26108 0.52005 0.63221
vt 0.253491 0.236902
vn 1.000000 0.000000 -0.000000
v 1.747356 2.912261 4.659617 0.26108 0.52005 0.63221
vt 0.250591 0.236722
vn 1.000000 0.000000 -0.000000
v 1.747356 2.329809 4.659617 0.26108 0.52005 0.63221
vt 0.251610 0.237577
vn 1.000000 0.000000 -0.000000
f 3253/3253/3253 3254/3254/3254 3255/3255/3255
v 1.747356 2.329809 4.659617 0.26108 0.52005 0.63221
vt 0.251610 0.237577
vn 1.000000 0.000000 0.000000
v 1.747356 2.329809 4.077165 0.26108 0.52005 0.63221
vt 0.254498 0.237757
vn 1.000000 0.000000 0.000000
v 1.747356 2.912261 4.077165 0.26108 0.52005 0.63221
vt 0.253491 0.236902
vn 1.000000 0.000000 0.000000
f 3256/3256/3256 3257/3257/3257 3258/3258/3258
v 1.747356 2.912261 3.494713 0.26108 0.52005 0.63221
vt 0.256390 0.237083
vn 1.000000 0.000000 -0.000000
v 1.747356 2.912261 4.077165 0.26108 0.52005 0.63221
vt 0.253491 0.236902
vn 1.000000 0.000000 -0.000000
v 1.747356 2.329809 4.077165 0.26108 0.52005 0.63221
vt 0.254498 0.237757
vn 1.000000 0.000000 -0.000000
f 3259/3259/3259 3260/3260/3260 3261/3261/3261
v 1.747356 2.329809 4.077165 0.26108 0.52005 0.63221
vt 0.254498 0.237757
vn 1.000000 0.000000 0.000000
v 1.747356 2.329809 3.494713 0.26108 0.52005 0.63221
vt 0.257387 0.237937
vn 1.000000 0.000000 0.000000
v 1.747356 2.912261 3.494713 0.26108 0.52005 0.63221
vt 0.256390 0.237083
vn 1.000000 0.000000 0.000000
f 3262/3262/3262 3263/3263/3263 3264/3264/3264
v 1.747356 2.912261 2.912261 0.26108 0.52005 0.63221
vt 0.259290 0.237264
vn 1.000000 0.000000 -0.000000
v 1.747356 2.912261 3.494713 0.26108 0.52005 0.63221
vt 0.256390 0.237083
vn 1.000000 0.000000 -0.000000
v 1.747356 2.329809 3.494713 0.26108 0.52005 0.63221
vt 0.257387 0.237937
vn 1.000000 0.000000 -0.000000
f 3265/3265/3265 3266/3266/3266 3267/3267/3267
v 1.747356 2.329809 3.494713 0.26108 0.52005 0.63221
vt 0.257387 0.237937
vn 1.000000 0.000000 0.000000
v 1.747356 2.329809 2.912261 0.26108 0.52005 0.63221
vt 0.260275 0.238117
vn 1.000000 0.000000 0.000000
v 1.747356 2.912261 2.912261 0.26108 0.52005 0.63221
vt 0.259290 0.237264
vn 1.000000 0.000000 0.000000
f 3268/3268/3268 3269/3269/3269 3270/3270/3270
v 1.747356 2.912261 2.329809 0.26108 0.52005 0.63221
vt 0.262190 0.237444
vn 1.000000 0.000000 -0.000000
v 1.747356 2.912261 2.912261 0.26108 0.52005 0.63221
vt 0.259290 0.237264
vn 1.000000 0.000000 -0.000000
v 1.747356 2.329809 2.912261 0.26108 0.52005 0.63221
vt 0.260275 0.238117
vn 1.000000 0.000000 -0.000000
f 3271/3271/3271 3272/3272/3272 3273/3273/3273
v 1.747356 2.329809 2.912261 0.26108 0.52005 0.63221
vt 0.260275 0.238117
vn 1.000000 0.000000 0.000000
v 1.747356 2.329809 2.329809 0.26108 0.52005 0.63221
vt 0.263164 0.238297
vn 1.000000 0.000000 0.000000
v 1.747356 2.912261 2.329809 0.26108 0.52005 0.63221
vt 0.262190 0.237444
vn 1.000000 0.000000 0.000000
f 3274/3274/3274 3275/3275/3275 3276/3276/3276
v 1.747356 2.912261 1.747356 0.26108 0.52005 0.63221
vt 0.265090 0.237625
vn 1.000000 0.000000 -0.000000
v 1.747356 2.912261 2.329809 0.26108 0.52005 0.63221
vt 0.262190 0.237444
vn 1.000000 0.000000 -0.000000
v 1.747356 2.329809 2.329809 0.26108 0.52005 0.63221
vt 0.263164 0.238297
vn 1.000000 0.000000 -0.000000
f 3277/3277/3277 3278/3278/3278 3279/3279/3279
v 1.747356 2.329809 2.329809 0.26108 0.52005 0.63221
vt 0.263164 0.238297
vn 1.000000 0.000000 0.000000
v 1.747356 2.329809 1.747356 0.26108 0.52005 0.63221
vt 0.266053 0.238477
vn 1.000000 0.000000 0.000000
v 1.747356 2.912261 1.747356 0.26108 0.52005 0.63221
vt 0.265090 0.237625
vn 1.000000 0.000000 0.000000
f 3280/3280/3280 3281/3281/3281 3282/3282/3282
v 1.747356 2.912261 1.164904 0.26108 0.52005 0.63221
vt 0.267990 0.237806
vn 1.000000 0.000000 -0.000000
v 1.747356 2.912261 1.747356 0.26108 0.52005 0.63221
vt 0.265090 0.237625
vn 1.000000 0.000000 -0.000000
v 1.747356 2.329809 1.747356 0.26108 0.52005 0.63221
vt 0.266053 0.238477
vn 1.000000 0.000000 -0.000000
f 3283/3283/3283 3284/3284/3284 3285/3285/3285
v 1.747356 2.329809 1.747356 0.26108 0.52005 0.63221
vt 0.266053 0.238477
vn 1.000000 0.000000 0.000000
v 1.747356 2.329809 1.164904 0.26108 0.52005 0.63221
vt 0.268942 0.238657
vn 1.000000 0.000000 0.000000
v 1.747356 2.912261 1.164904 0.26108 0.52005 0.63221
vt 0.267990 0.237806
vn 1.000000 0.000000 0.000000
f 3286/3286/3286 3287/3287/3287 3288/3288/3288
v 1.747356 2.912261 10.484138 0.26108 0.52005 0.63221
vt 0.220567 0.234324
vn 1.000000 0.000000 0.000000
v 1.747356 2.912261 9.901686 0.26108 0.52005 0.63221
vt 0.221609 0.234915
vn 1.000000 0.000000 0.000000
v 1.747356 3.494713 9.901686 0.26108 0.52005 0.63221
vt 0.220673 0.232433
vn 1.000000 0.000000 0.000000
f 3289/3289/3289 3290/3290/3290 3291/3291/3291
v 1.747356 3.494713 9.901686 0.26108 0.52005 0.63221
vt 0.220673 0.232433
vn 1.000000 0.000000 -0.000000
v 1.747356 3.494713 10.484138 0.26108 0.52005 0.63221
vt 0.220036 0.232922
vn 1.000000 0.000000 -0.000000
v 1.747356 2.912261 10.484138 0.26108 0.52005 0.63221
vt 0.220567 0.234324
vn 1.000000 0.000000 -0.000000
f 3292/3292/3292 3293/3293/3293 3294/3294/3294
v -1.747356 2.912261 10.484138 0.26108 0.52005 0.63221
vt 0.222557 0.218469
vn -1.000000 0.000000 0.000000
v -1.747356 3.494713 9.901686 0.26108 0.52005 0.63221
vt 0.222510 0.217793
vn -1.000000 0.000000 0.000000
v -1.747356 2.912261 9.901686 0.26108 0.52005 0.63221
vt 0.223638 0.218722
vn -1.000000 0.000000 0.000000
f 3295/3295/3295 3296/3296/3296 3297/3297/3297
v -1.747356 3.494713 9.901686 0.26108 0.52005 0.63221
vt 0.222510 0.217793
vn -1.000000 0.000000 0.000000
v -1.747356 2.912261 10.484138 0.26108 0.52005 0.63221
vt 0.222557 0.218469
vn -1.000000 0.000000 0.000000
v -1.747356 3.494713 10.484138 0.26108 0.52005 0.63221
vt 0.221918 0.217944
vn -1.000000 0.000000 0.000000
f 3298/3298/3298 3299/3299/3299 3300/3300/3300
v 1.747356 3.494713 9.319234 0.26108 0.52005 0.63221
vt 0.224623 0.233208
vn 1.000000 0.000000 -0.000000
v 1.747356 3.494713 9.901686 0.26108 0.52005 0.63221
vt 0.223580 0.232614
vn 1.000000 0.000000 -0.000000
v 1.747356 2.912261 9.901686 0.26108 0.52005 0.63221
vt 0.224507 0.235096
vn 1.000000 0.000000 -0.000000
f 3301/3301/3301 3302/3302/3302 3303/3303/3303
v 1.747356 2.912261 9.901686 0.26108 0.52005 0.63221
vt 0.224507 0.235096
vn 1.000000 0.000000 0.000000
v 1.747356 2.912261 9.319234 0.26108 0.52005 0.63221
vt 0.225145 0.234610
vn 1.000000 0.000000 0.000000
v 1.747356 3.494713 9.319234 0.26108 0.52005 0.63221
vt 0.224623 0.233208
vn 1.000000 0.000000 0.000000
f 3304/3304/3304 3305/3305/3305 3306/3306/3306
v 1.747356 3.494713 8.736782 0.26108 0.52005 0.63221
vt 0.227529 0.233389
vn 1.000000 0.000000 -0.000000
v 1.747356 3.494713 9.319234 0.26108 0.52005 0.63221
vt 0.226488 0.232795
vn 1.000000 0.000000 -0.000000
v 1.747356 2.912261 9.319234 0.26108 0.52005 0.63221
vt 0.227404 0.235277
vn 1.000000 0.000000 -0.000000
f 3307/3307/3307 3308/3308/3308 3309/3309/3309
v 1.747356 2.912261 9.319234 0.26108 0.52005 0.63221
vt 0.227404 0.235277
vn 1.000000 0.000000 0.000000
v 1.747356 2.912261 8.736782 0.26108 0.52005 0.63221
vt 0.228044 0.234790
vn 1.000000 0.000000 0.000000
v 1.747356 3.494713 8.736782 0.26108 0.52005 0.63221
vt 0.227529 0.233389
vn 1.000000 0.000000 0.000000
f 3310/3310/3310 3311/3311/3311 3312/3312/3312
v 1.747356 3.494713 8.154330 0.26108 0.52005 0.63221
vt 0.230435 0.233570
vn 1.000000 0.000000 -0.000000
v 1.747356 3.494713 8.736782 0.26108 0.52005 0.63221
vt 0.229396 0.232976
vn 1.000000 0.000000 -0.000000
v 1.747356 2.912261 8.736782 0.26108 0.52005 0.63221
vt 0.230302 0.235457
vn 1.000000 0.000000 -0.000000
f 3313/3313/3313 3314/3314/3314 3315/3315/3315
v 1.747356 2.912261 8.736782 0.26108 0.52005 0.63221
vt 0.230302 0.235457
vn 1.000000 0.000000 0.000000
v 1.747356 2.912261 8.154330 0.26108 0.52005 0.63221
vt 0.230944 0.234971
vn 1.000000 0.000000 0.000000
v 1.747356 3.494713 8.154330 0.26108 0.52005 0.63221
vt 0.230435 0.233570
vn 1.000000 0.000000 0.000000
f 3316/3316/3316 3317/3317/3317 3318/3318/3318
v 1.747356 3.494713 7.571878 0.26108 0.52005 0.63221
vt 0.233341 0.233751
vn 1.000000 0.000000 -0.000000
v 1.747356 3.494713 8.154330 0.26108 0.52005 0.63221
vt 0.232304 0.233157
vn 1.000000 0.000000 -0.000000
v 1.747356 2.912261 8.154330 0.26108 0.52005 0.63221
vt 0.233200 0.235638
vn 1.000000 0.000000 -0.000000
f 3319/3319/3319 3320/3320/3320 3321/3321/3321
v 1.747356 2.912261 8.154330 0.26108 0.52005 0.63221
vt 0.233200 0.235638
vn 1.000000 0.000000 0.000000
v 1.747356 2.912261 7.571878 0.26108 0.52005 0.63221
vt 0.233845 0.235152
vn 1.000000 0.000000 0.000000
v 1.747356 3.494713 7.571878 0.26108 0.52005 0.63221
vt 0.233341 0.233751
vn 1.000000 0.000000 0.000000
f 3322/3322/3322 3323/3323/3323 3324/3324/3324
v 1.747356 3.494713 6.989426 0.26108 0.52005 0.63221
vt 0.236247 0.233932
vn 1.000000 0.000000 -0.000000
v 1.747356 3.494713 7.571878 0.26108 0.52005 0.63221
vt 0.235213 0.233339
vn 1.000000 0.000000 -0.000000
v 1.747356 2.912261 7.571878 0.26108 0.52005 0.63221
vt 0.236098 0.235818
vn 1.000000 0.000000 -0.000000
f 3325/3325/3325 3326/3326/3326 3327/3327/3327
v 1.747356 2.912261 7.571878 0.26108 0.52005 0.63221
vt 0.236098 0.235818
vn 1.000000 0.000000 0.000000
v 1.747356 2.912261 6.989426 0.26108 0.52005 0.63221
vt 0.236745 0.235333
vn 1.000000 0.000000 0.000000
v 1.747356 3.494713 6.989426 0.26108 0.52005 0.63221
vt 0.236247 0.233932
vn 1.000000 0.000000 0.000000
f 3328/3328/3328 3329/3329/3329 3330/3330/3330
v 1.747356 3.494713 6.406973 0.26108 0.52005 0.63221
vt 0.239153 0.234113
vn 1.000000 0.000000 -0.000000
v 1.747356 3.494713 6.989426 0.26108 0.52005 0.63221
vt 0.238121 0.233520
vn 1.000000 0.000000 -0.000000
v 1.747356 2.912261 6.989426 0.26108 0.52005 0.63221
vt 0.238996 0.235999
vn 1.000000 0.000000 -0.000000
f 3331/3331/3331 3332/3332/3332 3333/3333/3333
v 1.747356 2.912261 6.989426 0.26108 0.52005 0.63221
vt 0.238996 0.235999
vn 1.000000 0.000000 0.000000
v 1.747356 2.912261 6.406973 0.26108 0.52005 0.63221
vt 0.239646 0.235513
vn 1.000000 0.000000 0.000000
v 1.747356 3.494713 6.406973 0.26108 0.52005 0.63221
vt 0.239153 0.234113
vn 1.000000 0.000000 0.000000
f 3334/3334/3334 3335/3335/3335 3336/3336/3336
v 1.747356 3.494713 5.824521 0.26108 0.52005 0.63221
vt 0.242060 0.234294
vn 1.000000 0.000000 -0.000000
v 1.747356 3.494713 6.406973 0.26108 0.52005 0.63221
vt 0.241030 0.233701
vn 1.000000 0.000000 -0.000000
v 1.747356 2.912261 6.406973 0.26108 0.52005 0.63221
vt 0.241895 0.236180
vn 1.000000 0.000000 -0.000000
f 3337/3337/3337 3338/3338/3338 3339/3339/3339
v 1.747356 2.912261 6.406973 0.26108 0.52005 0.63221
vt 0.241895 0.236180
vn 1.000000 0.000000 0.000000
v 1.747356 2.912261 5.824521 0.26108 0.52005 0.63221
vt 0.242546 0.235694
vn 1.000000 0.000000 0.000000
v 1.747356 3.494713 5.824521 0.26108 0.52005 0.63221
vt 0.242060 0.234294
vn 1.000000 0.000000 0.000000
f 3340/3340/3340 3341/3341/3341 3342/3342/3342
v 1.747356 3.494713 5.242069 0.26108 0.52005 0.63221
vt 0.244967 0.234475
vn 1.000000 0.000000 -0.000000
v 1.747356 3.494713 5.824521 0.26108 0.52005 0.63221
vt 0.243939 0.233882
vn 1.000000 0.000000 -0.000000
v 1.747356 2.912261 5.824521 0.26108 0.52005 0.63221
vt 0.244793 0.236360
vn 1.000000 0.000000 -0.000000
f 3343/3343/3343 3344/3344/3344 3345/3345/3345
v 1.747356 2.912261 5.824521 0.26108 0.52005 0.63221
vt 0.244793 0.236360
vn 1.000000 0.000000 0.000000
v 1.747356 2.912261 5.242069 0.26108 0.52005 0.63221
vt 0.245447 0.235875
vn 1.000000 0.000000 0.000000
v 1.747356 3.494713 5.242069 0.26108 0.52005 0.63221
vt 0.244967 0.234475
vn 1.000000 0.000000 0.000000
f 3346/3346/3346 3347/3347/3347 3348/3348/3348
v -1.747356 3.494713 9.319234 0.26108 0.52005 0.63221
vt 0.226492 0.218228
vn -1.000000 0.000000 0.000000
v -1.747356 2.912261 9.901686 0.26108 0.52005 0.63221
vt 0.226527 0.218901
vn -1.000000 0.000000 0.000000
v -1.747356 3.494713 9.901686 0.26108 0.52005 0.63221
vt 0.225410 0.217973
vn -1.000000 0.000000 0.000000
f 3349/3349/3349 3350/3350/3350 3351/3351/3351
v -1.747356 2.912261 9.901686 0.26108 0.52005 0.63221
vt 0.226527 0.218901
vn -1.000000 0.000000 0.000000
v -1.747356 3.494713 9.319234 0.26108 0.52005 0.63221
vt 0.226492 0.218228
vn -1.000000 0.000000 0.000000
v -1.747356 2.912261 9.319234 0.26108 0.52005 0.63221
vt 0.227121 0.218752
vn -1.000000 0.000000 0.000000
f 3352/3352/3352 3353/3353/3353 3354/3354/3354
v -1.747356 3.494713 8.736782 0.26108 0.52005 0.63221
vt 0.229389 0.218408
vn -1.000000 0.000000 0.000000
v -1.747356 2.912261 9.319234 0.26108 0.52005 0.63221
vt 0.229415 0.219081
vn -1.000000 0.000000 0.000000
v -1.747356 3.494713 9.319234 0.26108 0.52005 0.63221
vt 0.228309 0.218154
vn -1.000000 0.000000 0.000000
f 3355/3355/3355 3356/3356/3356 3357/3357/3357
v -1.747356 2.912261 9.319234 0.26108 0.52005 0.63221
vt 0.229415 0.219081
vn -1.000000 0.000000 0.000000
v -1.747356 3.494713 8.736782 0.26108 0.52005 0.63221
vt 0.229389 0.218408
vn -1.000000 0.000000 0.000000
v -1.747356 2.912261 8.736782 0.26108 0.52005 0.63221
vt 0.230012 0.218932
vn -1.000000 0.000000 0.000000
f 3358/3358/3358 3359/3359/3359 3360/3360/3360
v -1.747356 3.494713 8.154330 0.26108 0.52005 0.63221
vt 0.232286 0.218588
vn -1.000000 0.000000 0.000000
v -1.747356 2.912261 8.736782 0.26108 0.52005 0.63221
vt 0.232304 0.219260
vn -1.000000 0.000000 0.000000
v -1.747356 3.494713 8.736782 0.26108 0.52005 0.63221
vt 0.231209 0.218334
vn -1.000000 0.000000 0.000000
f 3361/3361/3361 3362/3362/3362 3363/3363/3363
v -1.747356 2.912261 8.736782 0.26108 0.52005 0.63221
vt 0.232304 0.219260
vn -1.000000 0.000000 0.000000
v -1.747356 3.494713 8.154330 0.26108 0.52005 0.63221
vt 0.232286 0.218588
vn -1.000000 0.000000 0.000000
v -1.747356 2.912261 8.154330 0.26108 0.52005 0.63221
vt 0.232903 0.219111
vn -1.000000 0.000000 0.000000
f 3364/3364/3364 3365/3365/3365 3366/3366/3366
v -1.747356 3.494713 7.571878 0.26108 0.52005 0.63221
vt 0.235184 0.218768
vn -1.000000 0.000000 0.000000
v -1.747356 2.912261 8.154330 0.26108 0.52005 0.63221
vt 0.235192 0.219440
vn -1.000000 0.000000 0.000000
v -1.747356 3.494713 8.154330 0.26108 0.52005 0.63221
vt 0.234109 0.218514
vn -1.000000 0.000000 0.000000
f 3367/3367/3367 3368/3368/3368 3369/3369/3369
v -1.747356 2.912261 8.154330 0.26108 0.52005 0.63221
vt 0.235192 0.219440
vn -1.000000 0.000000 0.000000
v -1.747356 3.494713 7.571878 0.26108 0.52005 0.63221
vt 0.235184 0.218768
vn -1.000000 0.000000 0.000000
v -1.747356 2.912261 7.571878 0.26108 0.52005 0.63221
vt 0.235794 0.219291
vn -1.000000 0.000000 0.000000
f 3370/3370/3370 3371/3371/3371 3372/3372/3372
v -1.747356 3.494713 6.989426 0.26108 0.52005 0.63221
vt 0.238082 0.218948
vn -1.000000 0.000000 0.000000
v -1.747356 2.912261 7.571878 0.26108 0.52005 0.63221
vt 0.238081 0.219619
vn -1.000000 0.000000 0.000000
v -1.747356 3.494713 7.571878 0.26108 0.52005 0.63221
vt 0.237009 0.218694
vn -1.000000 0.000000 0.000000
f 3373/3373/3373 3374/3374/3374 3375/3375/3375
v -1.747356 2.912261 7.571878 0.26108 0.52005 0.63221
vt 0.238081 0.219619
vn -1.000000 0.000000 0.000000
v -1.747356 3.494713 6.989426 0.26108 0.52005 0.63221
vt 0.238082 0.218948
vn -1.000000 0.000000 0.000000
v -1.747356 2.912261 6.989426 0.26108 0.52005 0.63221
vt 0.238685 0.219470
vn -1.000000 0.000000 0.000000
f 3376/3376/3376 3377/3377/3377 3378/3378/3378
v -1.747356 3.494713 6.406973 0.26108 0.52005 0.63221
vt 0.240980 0.219128
vn -1.000000 0.000000 0.000000
v -1.747356 2.912261 6.989426 0.26108 0.52005 0.63221
vt 0.240970 0.219799
vn -1.000000 0.000000 0.000000
v -1.747356 3.494713 6.989426 0.26108 0.52005 0.63221
vt 0.239910 0.218874
vn -1.000000 0.000000 0.000000
f 3379/3379/3379 3380/3380/3380 3381/3381/3381
v -1.747356 2.912261 6.989426 0.26108 0.52005 0.63221
vt 0.240970 0.219799
vn -1.000000 0.000000 0.000000
v -1.747356 3.494713 6.406973 0.26108 0.52005 0.63221
vt 0.240980 0.219128
vn -1.000000 0.000000 0.000000
v -1.747356 2.912261 6.406973 0.26108 0.52005 0.63221
vt 0.241577 0.219650
vn -1.000000 0.000000 0.000000
f 3382/3382/3382 3383/3383/3383 3384/3384/3384
v -1.747356 3.494713 5.824521 0.26108 0.52005 0.63221
vt 0.243878 0.219308
vn -1.000000 0.000000 0.000000
v -1.747356 2.912261 6.406973 0.26108 0.52005 0.63221
vt 0.243860 0.219978
vn -1.000000 0.000000 0.000000
v -1.747356 3.494713 6.406973 0.26108 0.52005 0.63221
vt 0.242810 0.219054
vn -1.000000 0.000000 0.000000
f 3385/3385/3385 3386/3386/3386 3387/3387/3387
v -1.747356 2.912261 6.406973 0.26108 0.52005 0.63221
vt 0.243860 0.219978
vn -1.000000 0.000000 0.000000
v -1.747356 3.494713 5.824521 0.26108 0.52005 0.63221
vt 0.243878 0.219308
vn -1.000000 0.000000 0.000000
v -1.747356 2.912261 5.824521 0.26108 0.52005 0.63221
vt 0.244469 0.219830
vn -1.000000 0.000000 0.000000
f 3388/3388/3388 3389/3389/3389 3390/3390/3390
v -1.747356 3.494713 5.242069 0.26108 0.52005 0.63221
vt 0.246776 0.219488
vn -1.000000 0.000000 0.000000
v -1.747356 2.912261 5.824521 0.26108 0.52005 0.63221
vt 0.246749 0.220158
vn -1.000000 0.000000 0.000000
v -1.747356 3.494713 5.824521 0.26108 0.52005 0.63221
vt 0.245711 0.219234
vn -1.000000 0.000000 0.000000
f 3391/3391/3391 3392/3392/3392 3393/3393/3393
v -1.747356 2.912261 5.824521 0.26108 0.52005 0.63221
vt 0.246749 0.220158
vn -1.000000 0.000000 0.000000
v -1.747356 3.494713 5.242069 0.26108 0.52005 0.63221
vt 0.246776 0.219488
vn -1.000000 0.000000 0.000000
v -1.747356 2.912261 5.242069 0.26108 0.52005 0.63221
vt 0.247361 0.220009
vn -1.000000 0.000000 0.000000
f 3394/3394/3394 3395/3395/3395 3396/3396/3396
v -1.747356 2.912261 4.659617 0.28524 0.28754 0.26684
vt 0.691277 0.197685
vn -0.447214 0.000000 0.894427
v -1.747356 1.747356 4.659617 0.28524 0.28754 0.26684
vt 0.693768 0.199691
vn -0.447214 0.000000 0.894427
v -0.582452 1.747356 5.242069 0.28524 0.28754 0.26684
vt 0.680330 0.186554
vn -0.447214 0.000000 0.894427
f 3397/3397/3397 3398/3398/3398 3399/3399/3399
v -0.582452 1.747356 5.242069 0.28524 0.28754 0.26684
vt 0.680330 0.186554
vn -0.447214 0.000000 0.894427
v -0.582452 2.912261 5.242069 0.28524 0.28754 0.26684
vt 0.681248 0.189472
vn -0.447214 0.000000 0.894427
v -1.747356 2.912261 4.659617 0.28524 0.28754 0.26684
vt 0.691277 0.197685
vn -0.447214 0.000000 0.894427
f 3400/3400/3400 3401/3401/3401 3402/3402/3402
v -1.747356 1.164904 2.912261 0.28524 0.28754 0.26684
vt 0.715147 0.194660
vn -0.894427 0.000000 -0.447214
v -2.329809 1.747356 4.077165 0.28524 0.28754 0.26684
vt 0.697355 0.199832
vn -0.894427 0.000000 -0.447214
v -1.747356 1.747356 2.912261 0.28524 0.28754 0.26684
vt 0.713531 0.194235
vn -0.894427 0.000000 -0.447214
f 3403/3403/3403 3404/3404/3404 3405/3405/3405
v 0.000000 1.164904 5.242069 0.28524 0.28754 0.26684
vt 0.682153 0.175972
vn -0.000000 -1.000000 0.000000
v -0.582452 1.164904 5.242069 0.28524 0.28754 0.26684
vt 0.684997 0.185132
vn -0.000000 -1.000000 0.000000
v -0.582452 1.164904 2.912261 0.28524 0.28754 0.26684
vt 0.710455 0.180789
vn -0.000000 -1.000000 0.000000
f 3406/3406/3406 3407/3407/3407 3408/3408/3408
v -0.582452 1.164904 2.912261 0.28524 0.28754 0.26684
vt 0.710455 0.180789
vn 0.000000 -1.000000 0.000000
v 0.000000 1.164904 2.912261 0.28524 0.28754 0.26684
vt 0.708659 0.171447
vn 0.000000 -1.000000 0.000000
v 0.000000 1.164904 5.242069 0.28524 0.28754 0.26684
vt 0.682153 0.175972
vn 0.000000 -1.000000 0.000000
f 3409/3409/3409 3410/3410/3410 3411/3411/3411
v -1.747356 1.747356 4.659617 0.28524 0.28754 0.26684
vt 0.693768 0.199691
vn -0.447214 0.000000 0.894427
v -1.747356 1.164904 4.659617 0.28524 0.28754 0.26684
vt 0.694948 0.195221
vn -0.447214 0.000000 0.894427
v -0.582452 1.164904 5.242069 0.28524 0.28754 0.26684
vt 0.684997 0.185132
vn -0.447214 0.000000 0.894427
f 3412/3412/3412 3413/3413/3413 3414/3414/3414
v -0.582452 1.164904 5.242069 0.28524 0.28754 0.26684
vt 0.684997 0.185132
vn -0.447214 0.000000 0.894427
v -0.582452 1.747356 5.242069 0.28524 0.28754 0.26684
vt 0.680330 0.186554
vn -0.447214 0.000000 0.894427
v -1.747356 1.747356 4.659617 0.28524 0.28754 0.26684
vt 0.693768 0.199691
vn -0.447214 0.000000 0.894427
f 3415/3415/3415 3416/3416/3416 3417/3417/3417
v -1.747356 1.747356 2.912261 0.28524 0.28754 0.26684
vt 0.713531 0.194235
vn -0.894427 0.000000 -0.447214
v -2.329809 2.329809 4.077165 0.28524 0.28754 0.26684
vt 0.697496 0.200240
vn -0.894427 0.000000 -0.447214
v -1.747356 2.329809 2.912261 0.28524 0.28754 0.26684
vt 0.712920 0.195496
vn -0.894427 0.000000 -0.447214
f 3418/3418/3418 3419/3419/3419 3420/3420/3420
v -2.329809 2.329809 4.077165 0.28524 0.28754 0.26684
vt 0.697496 0.200240
vn -0.894427 -0.000000 -0.447214
v -1.747356 1.747356 2.912261 0.28524 0.28754 0.26684
vt 0.713531 0.194235
vn -0.894427 -0.000000 -0.447214
v -2.329809 1.747356 4.077165 0.28524 0.28754 0.26684
vt 0.697355 0.199832
vn -0.894427 -0.000000 -0.447214
f 3421/3421/3421 3422/3422/3422 3423/3423/3423
v -0.582452 2.912261 5.242069 0.28524 0.28754 0.26684
vt 0.681248 0.189472
vn -0.707107 0.000000 0.707107
v -0.582452 1.747356 5.242069 0.28524 0.28754 0.26684
vt 0.680330 0.186554
vn -0.707107 0.000000 0.707107
v 0.000000 1.747356 5.824521 0.28524 0.28754 0.26684
vt 0.675855 0.178352
vn -0.707107 0.000000 0.707107
f 3424/3424/3424 3425/3425/3425 3426/3426/3426
v 0.000000 1.747356 5.824521 0.28524 0.28754 0.26684
vt 0.675855 0.178352
vn 0.000000 0.447214 0.894427
v 0.000000 2.912261 5.242069 0.28524 0.28754 0.26684
vt 0.678362 0.179824
vn 0.000000 0.447214 0.894427
v -0.582452 2.912261 5.242069 0.28524 0.28754 0.26684
vt 0.681248 0.189472
vn 0.000000 0.447214 0.894427
f 3427/3427/3427 3428/3428/3428 3429/3429/3429
v -0.582452 1.164904 5.242069 0.28524 0.28754 0.26684
vt 0.684997 0.185132
vn 0.000000 -1.000000 0.000000
v -1.747356 1.164904 4.659617 0.28524 0.28754 0.26684
vt 0.694948 0.195221
vn 0.000000 -1.000000 0.000000
v -1.747356 1.164904 2.912261 0.28524 0.28754 0.26684
vt 0.714924 0.189347
vn 0.000000 -1.000000 0.000000
f 3430/3430/3430 3431/3431/3431 3432/3432/3432
v -1.747356 1.164904 2.912261 0.28524 0.28754 0.26684
vt 0.714924 0.189347
vn 0.000000 -1.000000 0.000000
v -0.582452 1.164904 2.912261 0.28524 0.28754 0.26684
vt 0.710455 0.180789
vn 0.000000 -1.000000 0.000000
v -0.582452 1.164904 5.242069 0.28524 0.28754 0.26684
vt 0.684997 0.185132
vn 0.000000 -1.000000 0.000000
f 3433/3433/3433 3434/3434/3434 3435/3435/3435
v -0.582452 1.747356 5.242069 0.28524 0.28754 0.26684
vt 0.680330 0.186554
vn 0.000000 0.000000 1.000000
v -0.582452 1.164904 5.242069 0.28524 0.28754 0.26684
vt 0.684997 0.185132
vn 0.000000 0.000000 1.000000
v 0.000000 1.164904 5.242069 0.28524 0.28754 0.26684
vt 0.682153 0.175972
vn 0.000000 0.000000 1.000000
f 3436/3436/3436 3437/3437/3437 3438/3438/3438
v 0.000000 1.164904 5.242069 0.28524 0.28754 0.26684
vt 0.682153 0.175972
vn -0.577350 -0.577350 0.577350
v 0.000000 1.747356 5.824521 0.28524 0.28754 0.26684
vt 0.675855 0.178352
vn -0.577350 -0.577350 0.577350
v -0.582452 1.747356 5.242069 0.28524 0.28754 0.26684
vt 0.680330 0.186554
vn -0.577350 -0.577350 0.577350
f 3439/3439/3439 3440/3440/3440 3441/3441/3441
v -1.747356 1.164904 1.164904 0.28524 0.28754 0.26684
vt 0.735506 0.191145
vn -1.000000 0.000000 0.000000
v -1.747356 1.747356 2.912261 0.28524 0.28754 0.26684
vt 0.713531 0.194235
vn -1.000000 0.000000 0.000000
v -1.747356 1.747356 1.164904 0.28524 0.28754 0.26684
vt 0.733823 0.190697
vn -1.000000 0.000000 0.000000
f 3442/3442/3442 3443/3443/3443 3444/3444/3444
v -1.747356 1.747356 2.912261 0.28524 0.28754 0.26684
vt 0.713531 0.194235
vn -1.000000 -0.000000 0.000000
v -1.747356 1.164904 1.164904 0.28524 0.28754 0.26684
vt 0.735506 0.191145
vn -1.000000 -0.000000 0.000000
v -1.747356 1.164904 2.912261 0.28524 0.28754 0.26684
vt 0.715147 0.194660
vn -1.000000 -0.000000 0.000000
f 3445/3445/3445 3446/3446/3446 3447/3447/3447
v 0.000000 2.912261 2.912261 0.28524 0.28754 0.26684
vt 0.704397 0.175321
vn 0.000000 1.000000 0.000000
v -0.582452 2.912261 0.582452 0.28524 0.28754 0.26684
vt 0.733591 0.180157
vn 0.000000 1.000000 0.000000
v -0.582452 2.912261 2.912261 0.28524 0.28754 0.26684
vt 0.706255 0.185152
vn 0.000000 1.000000 0.000000
f 3448/3448/3448 3449/3449/3449 3450/3450/3450
v -0.582452 2.912261 0.582452 0.28524 0.28754 0.26684
vt 0.733591 0.180157
vn 0.000000 1.000000 0.000000
v 0.000000 2.912261 2.912261 0.28524 0.28754 0.26684
vt 0.704397 0.175321
vn 0.000000 1.000000 0.000000
v 0.000000 2.912261 0.582452 0.28524 0.28754 0.26684
vt 0.732764 0.170123
vn 0.000000 1.000000 0.000000
f 3451/3451/3451 3452/3452/3452 3453/3453/3453
v 0.000000 2.912261 5.242069 0.28524 0.28754 0.26684
vt 0.678362 0.179824
vn 0.000000 1.000000 0.000000
v -0.582452 2.912261 2.912261 0.28524 0.28754 0.26684
vt 0.706255 0.185152
vn 0.000000 1.000000 0.000000
v -0.582452 2.912261 5.242069 0.28524 0.28754 0.26684
vt 0.681248 0.189472
vn 0.000000 1.000000 0.000000
f 3454/3454/3454 3455/3455/3455 3456/3456/3456
v -0.582452 2.912261 2.912261 0.28524 0.28754 0.26684
vt 0.706255 0.185152
vn 0.000000 1.000000 0.000000
v 0.000000 2.912261 5.242069 0.28524 0.28754 0.26684
vt 0.678362 0.179824
vn 0.000000 1.000000 0.000000
v 0.000000 2.912261 2.912261 0.28524 0.28754 0.26684
vt 0.704397 0.175321
vn 0.000000 1.000000 0.000000
f 3457/3457/3457 3458/3458/3458 3459/3459/3459
v 0.000000 1.164904 2.912261 0.28524 0.28754 0.26684
vt 0.708659 0.171447
vn -0.000000 -1.000000 0.000000
v -0.582452 1.164904 2.912261 0.28524 0.28754 0.26684
vt 0.710455 0.180789
vn -0.000000 -1.000000 0.000000
v -0.582452 1.164904 0.582452 0.28524 0.28754 0.26684
vt 0.737863 0.176074
vn -0.000000 -1.000000 0.000000
f 3460/3460/3460 3461/3461/3461 3462/3462/3462
v -0.582452 1.164904 0.582452 0.28524 0.28754 0.26684
vt 0.737863 0.176074
vn 0.000000 -1.000000 0.000000
v 0.000000 1.164904 0.582452 0.28524 0.28754 0.26684
vt 0.737120 0.166547
vn 0.000000 -1.000000 0.000000
v 0.000000 1.164904 2.912261 0.28524 0.28754 0.26684
vt 0.708659 0.171447
vn 0.000000 -1.000000 0.000000
f 3463/3463/3463 3464/3464/3464 3465/3465/3465
v -1.747356 1.747356 1.164904 0.28524 0.28754 0.26684
vt 0.733823 0.190697
vn -1.000000 0.000000 0.000000
v -1.747356 2.329809 2.912261 0.28524 0.28754 0.26684
vt 0.712920 0.195496
vn -1.000000 0.000000 0.000000
v -1.747356 2.329809 1.164904 0.28524 0.28754 0.26684
vt 0.733165 0.192014
vn -1.000000 0.000000 0.000000
f 3466/3466/3466 3467/3467/3467 3468/3468/3468
v -1.747356 2.329809 2.912261 0.28524 0.28754 0.26684
vt 0.712920 0.195496
vn -1.000000 -0.000000 0.000000
v -1.747356 1.747356 1.164904 0.28524 0.28754 0.26684
vt 0.733823 0.190697
vn -1.000000 -0.000000 0.000000
v -1.747356 1.747356 2.912261 0.28524 0.28754 0.26684
vt 0.713531 0.194235
vn -1.000000 -0.000000 0.000000
f 3469/3469/3469 3470/3470/3470 3471/3471/3471
v -0.582452 2.912261 2.912261 0.28524 0.28754 0.26684
vt 0.706255 0.185152
vn 0.000000 1.000000 0.000000
v -1.747356 2.912261 1.164904 0.28524 0.28754 0.26684
vt 0.731481 0.190675
vn 0.000000 1.000000 0.000000
v -1.747356 2.912261 2.912261 0.28524 0.28754 0.26684
vt 0.711370 0.194182
vn 0.000000 1.000000 0.000000
f 3472/3472/3472 3473/3473/3473 3474/3474/3474
v -1.747356 2.912261 1.164904 0.28524 0.28754 0.26684
vt 0.731481 0.190675
vn -0.000000 1.000000 0.000000
v -0.582452 2.912261 2.912261 0.28524 0.28754 0.26684
vt 0.706255 0.185152
vn -0.000000 1.000000 0.000000
v -0.582452 2.912261 0.582452 0.28524 0.28754 0.26684
vt 0.733591 0.180157
vn -0.000000 1.000000 0.000000
f 3475/3475/3475 3476/3476/3476 3477/3477/3477
v -0.582452 2.912261 5.242069 0.28524 0.28754 0.26684
vt 0.681248 0.189472
vn 0.000000 1.000000 0.000000
v -1.747356 2.912261 2.912261 0.28524 0.28754 0.26684
vt 0.711370 0.194182
vn 0.000000 1.000000 0.000000
v -1.747356 2.912261 4.659617 0.28524 0.28754 0.26684
vt 0.691277 0.197685
vn 0.000000 1.000000 0.000000
f 3478/3478/3478 3479/3479/3479 3480/3480/3480
v -1.747356 2.912261 2.912261 0.28524 0.28754 0.26684
vt 0.711370 0.194182
vn 0.000000 1.000000 0.000000
v -0.582452 2.912261 5.242069 0.28524 0.28754 0.26684
vt 0.681248 0.189472
vn 0.000000 1.000000 0.000000
v -0.582452 2.912261 2.912261 0.28524 0.28754 0.26684
vt 0.706255 0.185152
vn 0.000000 1.000000 0.000000
f 3481/3481/3481 3482/3482/3482 3483/3483/3483
v -0.582452 1.164904 2.912261 0.28524 0.28754 0.26684
vt 0.710455 0.180789
vn -0.000000 -1.000000 0.000000
v -1.747356 1.164904 2.912261 0.28524 0.28754 0.26684
vt 0.714924 0.189347
vn -0.000000 -1.000000 0.000000
v -1.747356 1.164904 1.164904 0.28524 0.28754 0.26684
vt 0.735283 0.185863
vn -0.000000 -1.000000 0.000000
f 3484/3484/3484 3485/3485/3485 3486/3486/3486
v -1.747356 1.164904 1.164904 0.28524 0.28754 0.26684
vt 0.735283 0.185863
vn 0.000000 -1.000000 0.000000
v -0.582452 1.164904 0.582452 0.28524 0.28754 0.26684
vt 0.737863 0.176074
vn 0.000000 -1.000000 0.000000
v -0.582452 1.164904 2.912261 0.28524 0.28754 0.26684
vt 0.710455 0.180789
vn 0.000000 -1.000000 0.000000
f 3487/3487/3487 3488/3488/3488 3489/3489/3489
v -1.747356 1.164904 4.077165 0.28524 0.28754 0.26684
vt 0.696864 0.198729
vn -1.000000 0.000000 0.000000
v -1.747356 1.747356 4.659617 0.28524 0.28754 0.26684
vt 0.693768 0.199691
vn -1.000000 0.000000 0.000000
v -1.747356 1.747356 4.077165 0.28524 0.28754 0.26684
vt 0.695606 0.199175
vn -1.000000 0.000000 0.000000
f 3490/3490/3490 3491/3491/3491 3492/3492/3492
v -1.747356 1.747356 4.659617 0.28524 0.28754 0.26684
vt 0.693768 0.199691
vn -1.000000 -0.000000 0.000000
v -1.747356 1.164904 4.077165 0.28524 0.28754 0.26684
vt 0.696864 0.198729
vn -1.000000 -0.000000 0.000000
v -1.747356 1.164904 4.659617 0.28524 0.28754 0.26684
vt 0.694948 0.195221
vn -1.000000 -0.000000 0.000000
f 3493/3493/3493 3494/3494/3494 3495/3495/3495
v -1.747356 1.747356 4.077165 0.28524 0.28754 0.26684
vt 0.695606 0.199175
vn -1.000000 0.000000 0.000000
v -1.747356 2.912261 4.659617 0.28524 0.28754 0.26684
vt 0.691277 0.197685
vn -1.000000 0.000000 0.000000
v -1.747356 2.329809 4.077165 0.28524 0.28754 0.26684
vt 0.694445 0.200046
vn -1.000000 0.000000 0.000000
f 3496/3496/3496 3497/3497/3497 3498/3498/3498
v -1.747356 2.912261 4.659617 0.28524 0.28754 0.26684
vt 0.691277 0.197685
vn -1.000000 -0.000000 0.000000
v -1.747356 1.747356 4.077165 0.28524 0.28754 0.26684
vt 0.695606 0.199175
vn -1.000000 -0.000000 0.000000
v -1.747356 1.747356 4.659617 0.28524 0.28754 0.26684
vt 0.693768 0.199691
vn -1.000000 -0.000000 0.000000
f 3499/3499/3499 3500/3500/3500 3501/3501/3501
v -1.747356 2.329809 4.077165 0.28524 0.28754 0.26684
vt 0.694445 0.200046
vn -1.000000 0.000000 0.000000
v -1.747356 2.912261 2.912261 0.28524 0.28754 0.26684
vt 0.711370 0.194182
vn -1.000000 0.000000 0.000000
v -1.747356 2.329809 2.912261 0.28524 0.28754 0.26684
vt 0.712507 0.194989
vn -1.000000 0.000000 0.000000
f 3502/3502/3502 3503/3503/3503 3504/3504/3504
v -1.747356 2.912261 2.912261 0.28524 0.28754 0.26684
vt 0.711370 0.194182
vn -1.000000 0.000000 0.000000
v -1.747356 2.329809 4.077165 0.28524 0.28754 0.26684
vt 0.694445 0.200046
vn -1.000000 0.000000 0.000000
v -1.747356 2.912261 4.659617 0.28524 0.28754 0.26684
vt 0.691277 0.197685
vn -1.000000 0.000000 0.000000
f 3505/3505/3505 3506/3506/3506 3507/3507/3507
v -1.747356 2.329809 2.912261 0.28524 0.28754 0.26684
vt 0.712507 0.194989
vn -1.000000 0.000000 0.000000
v -1.747356 2.912261 1.164904 0.28524 0.28754 0.26684
vt 0.731481 0.190675
vn -1.000000 0.000000 0.000000
v -1.747356 2.329809 1.164904 0.28524 0.28754 0.26684
vt 0.732768 0.191421
vn -1.000000 0.000000 0.000000
f 3508/3508/3508 3509/3509/3509 3510/3510/3510
v -1.747356 2.912261 1.164904 0.28524 0.28754 0.26684
vt 0.731481 0.190675
vn -1.000000 0.000000 0.000000
v -1.747356 2.329809 2.912261 0.28524 0.28754 0.26684
vt 0.712507 0.194989
vn -1.000000 0.000000 0.000000
v -1.747356 2.912261 2.912261 0.28524 0.28754 0.26684
vt 0.711370 0.194182
vn -1.000000 0.000000 0.000000
f 3511/3511/3511 3512/3512/3512 3513/3513/3513
v -1.747356 1.747356 4.077165 0.28524 0.28754 0.26684
vt 0.695606 0.199175
vn 0.000000 0.000000 1.000000
v -2.329809 1.747356 4.077165 0.28524 0.28754 0.26684
vt 0.698315 0.199681
vn 0.000000 0.000000 1.000000
v -1.747356 1.164904 4.077165 0.28524 0.28754 0.26684
vt 0.696864 0.198729
vn 0.000000 0.000000 1.000000
f 3514/3514/3514 3515/3515/3515 3516/3516/3516
v -1.747356 1.164904 2.912261 0.28524 0.28754 0.26684
vt 0.714981 0.192004
vn -0.707107 -0.707107 0.000000
v -1.747356 1.164904 4.077165 0.28524 0.28754 0.26684
vt 0.696864 0.198729
vn -0.707107 -0.707107 0.000000
v -2.329809 1.747356 4.077165 0.28524 0.28754 0.26684
vt 0.698315 0.199681
vn -0.707107 -0.707107 0.000000
f 3517/3517/3517 3518/3518/3518 3519/3519/3519
v -2.329809 1.747356 4.077165 0.28524 0.28754 0.26684
vt 0.697355 0.199832
vn 0.000000 0.000000 1.000000
v -1.747356 2.329809 4.077165 0.28524 0.28754 0.26684
vt 0.694445 0.200046
vn 0.000000 0.000000 1.000000
v -2.329809 2.329809 4.077165 0.28524 0.28754 0.26684
vt 0.697496 0.200240
vn 0.000000 0.000000 1.000000
f 3520/3520/3520 3521/3521/3521 3522/3522/3522
v -1.747356 2.329809 4.077165 0.28524 0.28754 0.26684
vt 0.694445 0.200046
vn 0.000000 0.000000 1.000000
v -2.329809 1.747356 4.077165 0.28524 0.28754 0.26684
vt 0.697355 0.199832
vn 0.000000 0.000000 1.000000
v -1.747356 1.747356 4.077165 0.28524 0.28754 0.26684
vt 0.695606 0.199175
vn 0.000000 0.000000 1.000000
f 3523/3523/3523 3524/3524/3524 3525/3525/3525
v -1.747356 2.329809 2.912261 0.28524 0.28754 0.26684
vt 0.712507 0.194989
vn 0.000000 1.000000 -0.000000
v -2.329809 2.329809 4.077165 0.28524 0.28754 0.26684
vt 0.697496 0.200240
vn 0.000000 1.000000 -0.000000
v -1.747356 2.329809 4.077165 0.28524 0.28754 0.26684
vt 0.694445 0.200046
vn 0.000000 1.000000 -0.000000
f 3526/3526/3526 3527/3527/3527 3528/3528/3528
