# Derivative; see ATTRIBUTION.md. Metres, Y up.
v 0.120758 3.992283 -14.721662 0.26108 0.52005 0.63221
vt 0.350512 0.233191
vn -0.000033 0.195632 -0.980677
v 0.029825 4.063398 -14.707472 0.26108 0.52005 0.63221
vt 0.350428 0.232578
vn -0.000033 0.195632 -0.980677
v 0.083567 4.038017 -14.712537 0.26108 0.52005 0.63221
vt 0.350448 0.232900
vn -0.000033 0.195632 -0.980677
f 1/1/1 2/2/2 3/3/3
v 0.029825 4.063398 -14.707472 0.26108 0.52005 0.63221
vt 0.350428 0.232578
vn 0.000000 0.195699 -0.980664
v -0.083567 4.038017 -14.712537 0.26108 0.52005 0.63221
vt 0.350529 0.232086
vn 0.000000 0.195699 -0.980664
v -0.029825 4.063398 -14.707472 0.26108 0.52005 0.63221
vt 0.350457 0.232287
vn 0.000000 0.195699 -0.980664
f 4/4/4 5/5/5 6/6/6
v -0.083567 4.038017 -14.712537 0.26108 0.52005 0.63221
vt 0.350529 0.232086
vn -0.000047 0.195695 -0.980665
v -0.134031 3.935254 -14.733041 0.26108 0.52005 0.63221
vt 0.350739 0.232086
vn -0.000047 0.195695 -0.980665
v -0.120758 3.992283 -14.721662 0.26108 0.52005 0.63221
vt 0.350630 0.232014
vn -0.000047 0.195695 -0.980665
f 7/7/7 8/8/8 9/9/9
v -0.134031 3.935254 -14.733041 0.26108 0.52005 0.63221
vt 0.350739 0.232086
vn -0.000000 0.195682 -0.980667
v -0.083567 3.832490 -14.753547 0.26108 0.52005 0.63221
vt 0.350899 0.232576
vn -0.000000 0.195682 -0.980667
v -0.120758 3.878224 -14.744421 0.26108 0.52005 0.63221
vt 0.350835 0.232287
vn -0.000000 0.195682 -0.980667
f 10/10/10 11/11/11 12/12/12
v -0.083567 3.832490 -14.753547 0.26108 0.52005 0.63221
vt 0.350899 0.232576
vn 0.000000 0.195655 -0.980673
v 0.029825 3.807109 -14.758611 0.26108 0.52005 0.63221
vt 0.350890 0.233189
vn 0.000000 0.195655 -0.980673
v -0.029825 3.807109 -14.758611 0.26108 0.52005 0.63221
vt 0.350919 0.232898
vn 0.000000 0.195655 -0.980673
f 13/13/13 14/14/14 15/15/15
v 0.029825 3.807109 -14.758611 0.26108 0.52005 0.63221
vt 0.350890 0.233189
vn -0.000022 0.195699 -0.980664
v 0.120758 3.878224 -14.744421 0.26108 0.52005 0.63221
vt 0.350717 0.233462
vn -0.000022 0.195699 -0.980664
v 0.083567 3.832490 -14.753547 0.26108 0.52005 0.63221
vt 0.350818 0.233390
vn -0.000022 0.195699 -0.980664
f 16/16/16 17/17/17 18/18/18
v 0.120758 3.878224 -14.744421 0.26108 0.52005 0.63221
vt 0.350717 0.233462
vn -0.000004 0.195683 -0.980667
v 0.120758 3.992283 -14.721662 0.26108 0.52005 0.63221
vt 0.350512 0.233191
vn -0.000004 0.195683 -0.980667
v 0.134031 3.935254 -14.733041 0.26108 0.52005 0.63221
vt 0.350608 0.233391
vn -0.000004 0.195683 -0.980667
f 19/19/19 20/20/20 21/21/21
v 0.120758 3.992283 -14.721662 0.26108 0.52005 0.63221
vt 0.350512 0.233191
vn 0.000005 0.195678 -0.980668
v -0.083567 4.038017 -14.712537 0.26108 0.52005 0.63221
vt 0.350529 0.232086
vn 0.000005 0.195678 -0.980668
v 0.029825 4.063398 -14.707472 0.26108 0.52005 0.63221
vt 0.350428 0.232578
vn 0.000005 0.195678 -0.980668
f 22/22/22 23/23/23 24/24/24
v -0.083567 4.038017 -14.712537 0.26108 0.52005 0.63221
vt 0.350529 0.232086
vn -0.000010 0.195677 -0.980668
v -0.083567 3.832490 -14.753547 0.26108 0.52005 0.63221
vt 0.350899 0.232576
vn -0.000010 0.195677 -0.980668
v -0.134031 3.935254 -14.733041 0.26108 0.52005 0.63221
vt 0.350739 0.232086
vn -0.000010 0.195677 -0.980668
f 25/25/25 26/26/26 27/27/27
v -0.083567 3.832490 -14.753547 0.26108 0.52005 0.63221
vt 0.350899 0.232576
vn 0.000003 0.195668 -0.980670
v 0.120758 3.878224 -14.744421 0.26108 0.52005 0.63221
vt 0.350717 0.233462
vn 0.000003 0.195668 -0.980670
v 0.029825 3.807109 -14.758611 0.26108 0.52005 0.63221
vt 0.350890 0.233189
vn 0.000003 0.195668 -0.980670
f 28/28/28 29/29/29 30/30/30
v 0.120758 3.878224 -14.744421 0.26108 0.52005 0.63221
vt 0.350717 0.233462
vn 0.000006 0.195683 -0.980667
v -0.083567 4.038017 -14.712537 0.26108 0.52005 0.63221
vt 0.350529 0.232086
vn 0.000006 0.195683 -0.980667
v 0.120758 3.992283 -14.721662 0.26108 0.52005 0.63221
vt 0.350512 0.233191
vn 0.000006 0.195683 -0.980667
f 31/31/31 32/32/32 33/33/33
v -0.083567 4.038017 -14.712537 0.26108 0.52005 0.63221
vt 0.350529 0.232086
vn 0.000001 0.195677 -0.980668
v 0.120758 3.878224 -14.744421 0.26108 0.52005 0.63221
vt 0.350717 0.233462
vn 0.000001 0.195677 -0.980668
v -0.083567 3.832490 -14.753547 0.26108 0.52005 0.63221
vt 0.350899 0.232576
vn 0.000001 0.195677 -0.980668
f 34/34/34 35/35/35 36/36/36
v -1.068077 3.896674 -9.611214 0.26108 0.52005 0.63221
vt 0.324635 0.225982
vn 0.000000 0.752338 0.658777
v 0.000000 4.097864 -9.840978 0.26108 0.52005 0.63221
vt 0.325101 0.230778
vn 0.000000 0.752338 0.658777
v -1.068077 4.097864 -9.840978 0.26108 0.52005 0.63221
vt 0.325647 0.225583
vn 0.000000 0.752338 0.658777
f 37/37/37 38/38/38 39/39/39
v 0.000000 4.097864 -9.840978 0.26108 0.52005 0.63221
vt 0.325101 0.230778
vn 0.000000 0.752338 0.658777
v -1.068077 3.896674 -9.611214 0.26108 0.52005 0.63221
vt 0.324635 0.225982
vn 0.000000 0.752338 0.658777
v 0.000000 3.896674 -9.611214 0.26108 0.52005 0.63221
vt 0.324088 0.231172
vn 0.000000 0.752338 0.658777
f 40/40/40 41/41/41 42/42/42
v -1.206782 4.092741 -12.316004 0.82273 0.82503 0.80433
vt 0.445165 0.774558
vn 0.001892 0.999968 -0.007829
v 0.000000 4.084755 -13.044410 0.82273 0.82503 0.80433
vt 0.451202 0.789789
vn 0.001892 0.999968 -0.007829
v -1.206782 4.084755 -13.336071 0.82273 0.82503 0.80433
vt 0.456614 0.776328
vn 0.001892 0.999968 -0.007829
f 43/43/43 44/44/44 45/45/45
v 0.000000 4.084755 -13.044410 0.82273 0.82503 0.80433
vt 0.451202 0.789789
vn 0.001394 0.999962 -0.008653
v -1.206782 4.092741 -12.316004 0.82273 0.82503 0.80433
vt 0.445165 0.774558
vn 0.001394 0.999962 -0.008653
v 0.000000 4.092741 -12.121565 0.82273 0.82503 0.80433
vt 0.440825 0.788184
vn 0.001394 0.999962 -0.008653
f 46/46/46 47/47/47 48/48/48
v 0.000000 3.695484 -11.198718 0.26108 0.52005 0.63221
vt 0.332508 0.232152
vn 0.000000 -1.000000 0.000000
v 0.000000 3.695484 -10.275871 0.26108 0.52005 0.63221
vt 0.327718 0.231854
vn 0.000000 -1.000000 0.000000
v -1.206782 3.695484 -10.505635 0.26108 0.52005 0.63221
vt 0.329522 0.226070
vn 0.000000 -1.000000 0.000000
f 49/49/49 50/50/50 51/51/51
v -1.206782 3.695484 -10.505635 0.26108 0.52005 0.63221
vt 0.329522 0.226070
vn 0.000000 -1.000000 0.000000
v -1.206782 3.695484 -11.295938 0.26108 0.52005 0.63221
vt 0.333619 0.226324
vn 0.000000 -1.000000 0.000000
v 0.000000 3.695484 -11.198718 0.26108 0.52005 0.63221
vt 0.332508 0.232152
vn 0.000000 -1.000000 0.000000
f 52/52/52 53/53/53 54/54/54
v 0.000000 3.978366 -13.044410 0.26108 0.52005 0.63221
vt 0.341860 0.232092
vn 0.234921 0.000000 -0.972014
v -1.206782 4.084755 -13.336071 0.26108 0.52005 0.63221
vt 0.343888 0.226068
vn 0.234921 0.000000 -0.972014
v 0.000000 4.084755 -13.044410 0.26108 0.52005 0.63221
vt 0.341774 0.231845
vn 0.234921 0.000000 -0.972014
f 55/55/55 56/56/56 57/57/57
v -1.206782 4.084755 -13.336071 0.26108 0.52005 0.63221
vt 0.343888 0.226068
vn 0.234921 0.000000 -0.972014
v 0.000000 3.978366 -13.044410 0.26108 0.52005 0.63221
vt 0.341860 0.232092
vn 0.234921 0.000000 -0.972014
v -1.206782 3.978366 -13.336071 0.26108 0.52005 0.63221
vt 0.343972 0.226318
vn 0.234921 0.000000 -0.972014
f 58/58/58 59/59/59 60/60/60
v -1.206782 4.097864 -11.295938 0.26108 0.52005 0.63221
vt 0.333277 0.225379
vn 0.000809 0.999987 -0.005021
v 0.000000 4.092741 -12.121565 0.26108 0.52005 0.63221
vt 0.336967 0.231528
vn 0.000809 0.999987 -0.005021
v -1.206782 4.092741 -12.316004 0.26108 0.52005 0.63221
vt 0.338581 0.225720
vn 0.000809 0.999987 -0.005021
f 61/61/61 62/62/62 63/63/63
v 0.000000 4.092741 -12.121565 0.26108 0.52005 0.63221
vt 0.336967 0.231528
vn 0.000447 0.999984 -0.005550
v -1.206782 4.097864 -11.295938 0.26108 0.52005 0.63221
vt 0.333277 0.225379
vn 0.000447 0.999984 -0.005550
v 0.000000 4.097864 -11.198718 0.26108 0.52005 0.63221
vt 0.332162 0.231218
vn 0.000447 0.999984 -0.005550
f 64/64/64 65/65/65 66/66/66
v -1.206782 4.097864 -10.505635 0.26108 0.52005 0.63221
vt 0.329171 0.225124
vn 0.000000 1.000000 0.000000
v 0.000000 4.097864 -11.198718 0.26108 0.52005 0.63221
vt 0.332162 0.231218
vn 0.000000 1.000000 0.000000
v -1.206782 4.097864 -11.295938 0.26108 0.52005 0.63221
vt 0.333277 0.225379
vn 0.000000 1.000000 0.000000
f 67/67/67 68/68/68 69/69/69
v 0.000000 4.097864 -11.198718 0.26108 0.52005 0.63221
vt 0.332162 0.231218
vn 0.000000 1.000000 -0.000000
v -1.206782 4.097864 -10.505635 0.26108 0.52005 0.63221
vt 0.329171 0.225124
vn 0.000000 1.000000 -0.000000
v 0.000000 4.097864 -10.275871 0.26108 0.52005 0.63221
vt 0.327363 0.230919
vn 0.000000 1.000000 -0.000000
f 70/70/70 71/71/71 72/72/72
v 0.000000 3.764449 -12.121565 0.26108 0.52005 0.63221
vt 0.337241 0.232290
vn 0.006004 -0.997201 -0.074522
v 0.000000 3.695484 -11.198718 0.26108 0.52005 0.63221
vt 0.332508 0.232152
vn 0.006004 -0.997201 -0.074522
v -1.206782 3.695484 -11.295938 0.26108 0.52005 0.63221
vt 0.333619 0.226324
vn 0.006004 -0.997201 -0.074522
f 73/73/73 74/74/74 75/75/75
v -1.206782 3.695484 -11.295938 0.26108 0.52005 0.63221
vt 0.333619 0.226324
vn 0.010868 -0.997663 -0.067451
v -1.206782 3.764449 -12.316004 0.26108 0.52005 0.63221
vt 0.338852 0.226491
vn 0.010868 -0.997663 -0.067451
v 0.000000 3.764449 -12.121565 0.26108 0.52005 0.63221
vt 0.337241 0.232290
vn 0.010868 -0.997663 -0.067451
f 76/76/76 77/77/77 78/78/78
v 0.000000 3.871977 -13.044410 0.82273 0.82503 0.80433
vt 0.451317 0.789420
vn 0.018644 -0.993108 -0.115715
v 0.000000 3.764449 -12.121565 0.82273 0.82503 0.80433
vt 0.441041 0.787622
vn 0.018644 -0.993108 -0.115715
v -1.206782 3.764449 -12.316004 0.82273 0.82503 0.80433
vt 0.445363 0.774047
vn 0.018644 -0.993108 -0.115715
f 79/79/79 80/80/80 81/81/81
v -1.206782 3.764449 -12.316004 0.82273 0.82503 0.80433
vt 0.445363 0.774047
vn 0.025328 -0.994171 -0.104798
v -1.206782 3.871977 -13.336071 0.82273 0.82503 0.80433
vt 0.456715 0.775992
vn 0.025328 -0.994171 -0.104798
v 0.000000 3.871977 -13.044410 0.82273 0.82503 0.80433
vt 0.451317 0.789420
vn 0.025328 -0.994171 -0.104798
f 82/82/82 83/83/83 84/84/84
v -1.068077 3.695484 -9.840978 0.26108 0.52005 0.63221
vt 0.326006 0.226528
vn 0.000000 -1.000000 -0.000000
v -1.206782 3.695484 -10.505635 0.26108 0.52005 0.63221
vt 0.329522 0.226070
vn 0.000000 -1.000000 -0.000000
v 0.000000 3.695484 -10.275871 0.26108 0.52005 0.63221
vt 0.327718 0.231854
vn 0.000000 -1.000000 -0.000000
f 85/85/85 86/86/86 87/87/87
v 0.000000 3.695484 -10.275871 0.26108 0.52005 0.63221
vt 0.327718 0.231854
vn 0.000000 -1.000000 0.000000
v 0.000000 3.695484 -9.840978 0.26108 0.52005 0.63221
vt 0.325461 0.231714
vn 0.000000 -1.000000 0.000000
v -1.068077 3.695484 -9.840978 0.26108 0.52005 0.63221
vt 0.326006 0.226528
vn 0.000000 -1.000000 0.000000
f 88/88/88 89/89/89 90/90/90
v -1.068077 4.097864 -9.840978 0.26108 0.52005 0.63221
vt 0.325647 0.225583
vn 0.000000 1.000000 0.000000
v 0.000000 4.097864 -10.275871 0.26108 0.52005 0.63221
vt 0.327363 0.230919
vn 0.000000 1.000000 0.000000
v -1.206782 4.097864 -10.505635 0.26108 0.52005 0.63221
vt 0.329171 0.225124
vn 0.000000 1.000000 0.000000
f 91/91/91 92/92/92 93/93/93
v 0.000000 4.097864 -10.275871 0.26108 0.52005 0.63221
vt 0.327363 0.230919
vn 0.000000 1.000000 -0.000000
v -1.068077 4.097864 -9.840978 0.26108 0.52005 0.63221
vt 0.325647 0.225583
vn 0.000000 1.000000 -0.000000
v 0.000000 4.097864 -9.840978 0.26108 0.52005 0.63221
vt 0.325101 0.230778
vn 0.000000 1.000000 -0.000000
f 94/94/94 95/95/95 96/96/96
v 0.000000 3.695484 -9.840978 0.26108 0.52005 0.63221
vt 0.325461 0.231714
vn 0.000000 -0.752338 0.658777
v 0.000000 3.896674 -9.611214 0.26108 0.52005 0.63221
vt 0.324088 0.231172
vn 0.000000 -0.752338 0.658777
v -1.068077 3.896674 -9.611214 0.26108 0.52005 0.63221
vt 0.324635 0.225982
vn 0.000000 -0.752338 0.658777
f 97/97/97 98/98/98 99/99/99
v -1.068077 3.896674 -9.611214 0.26108 0.52005 0.63221
vt 0.324635 0.225982
vn 0.000000 -0.752338 0.658777
v -1.068077 3.695484 -9.840978 0.26108 0.52005 0.63221
vt 0.326006 0.226528
vn 0.000000 -0.752338 0.658777
v 0.000000 3.695484 -9.840978 0.26108 0.52005 0.63221
vt 0.325461 0.231714
vn 0.000000 -0.752338 0.658777
f 100/100/100 101/101/101 102/102/102
v 0.000000 3.871977 -13.044410 0.26108 0.52005 0.63221
vt 0.341946 0.232339
vn 0.234921 0.000000 -0.972014
v -1.206782 3.978366 -13.336071 0.26108 0.52005 0.63221
vt 0.343972 0.226318
vn 0.234921 0.000000 -0.972014
v 0.000000 3.978366 -13.044410 0.26108 0.52005 0.63221
vt 0.341860 0.232092
vn 0.234921 0.000000 -0.972014
f 103/103/103 104/104/104 105/105/105
v -1.206782 3.978366 -13.336071 0.26108 0.52005 0.63221
vt 0.343972 0.226318
vn 0.234921 0.000000 -0.972014
v 0.000000 3.871977 -13.044410 0.26108 0.52005 0.63221
vt 0.341946 0.232339
vn 0.234921 0.000000 -0.972014
v -1.206782 3.871977 -13.336071 0.26108 0.52005 0.63221
vt 0.344057 0.226568
vn 0.234921 0.000000 -0.972014
f 106/106/106 107/107/107 108/108/108
v 0.000000 3.695484 -10.275871 0.26108 0.52005 0.63221
vt 0.327718 0.231854
vn 1.000000 0.000000 0.000000
v 0.000000 3.896674 -10.275871 0.26108 0.52005 0.63221
vt 0.327541 0.231387
vn 1.000000 0.000000 0.000000
v 0.000000 3.896674 -9.611214 0.26108 0.52005 0.63221
vt 0.324088 0.231172
vn 1.000000 0.000000 0.000000
f 109/109/109 110/110/110 111/111/111
v 0.000000 3.896674 -9.611214 0.26108 0.52005 0.63221
vt 0.324088 0.231172
vn 1.000000 0.000000 0.000000
v 0.000000 3.695484 -9.840978 0.26108 0.52005 0.63221
vt 0.325461 0.231714
vn 1.000000 0.000000 0.000000
v 0.000000 3.695484 -10.275871 0.26108 0.52005 0.63221
vt 0.327718 0.231854
vn 1.000000 0.000000 0.000000
f 112/112/112 113/113/113 114/114/114
v 0.000000 3.896674 -9.611214 0.26108 0.52005 0.63221
vt 0.324088 0.231172
vn 0.000000 0.752338 0.658777
v 1.068086 4.097864 -9.840978 0.26108 0.52005 0.63221
vt 0.324554 0.235984
vn 0.000000 0.752338 0.658777
v 0.000000 4.097864 -9.840978 0.26108 0.52005 0.63221
vt 0.325101 0.230778
vn 0.000000 0.752338 0.658777
f 115/115/115 116/116/116 117/117/117
v 1.068086 4.097864 -9.840978 0.26108 0.52005 0.63221
vt 0.324554 0.235984
vn 0.000000 0.752338 0.658777
v 0.000000 3.896674 -9.611214 0.26108 0.52005 0.63221
vt 0.324088 0.231172
vn 0.000000 0.752338 0.658777
v 1.068086 3.896674 -9.611214 0.26108 0.52005 0.63221
vt 0.323540 0.236373
vn 0.000000 0.752338 0.658777
f 118/118/118 119/119/119 120/120/120
v 0.000000 4.092741 -12.121565 0.82273 0.82503 0.80433
vt 0.440825 0.788184
vn -0.002091 0.999960 -0.008653
v 1.206790 4.084755 -13.336071 0.82273 0.82503 0.80433
vt 0.452339 0.804325
vn -0.002091 0.999960 -0.008653
v 0.000000 4.084755 -13.044410 0.82273 0.82503 0.80433
vt 0.451202 0.789789
vn -0.002091 0.999960 -0.008653
f 121/121/121 122/122/122 123/123/123
v 1.206790 4.084755 -13.336071 0.82273 0.82503 0.80433
vt 0.452339 0.804325
vn -0.001261 0.999969 -0.007829
v 0.000000 4.092741 -12.121565 0.82273 0.82503 0.80433
vt 0.440825 0.788184
vn -0.001261 0.999969 -0.007829
v 1.206790 4.092741 -12.316004 0.82273 0.82503 0.80433
vt 0.440848 0.802544
vn -0.001261 0.999969 -0.007829
f 124/124/124 125/125/125 126/126/126
v 1.206790 3.695484 -11.295938 0.26108 0.52005 0.63221
vt 0.332404 0.238056
vn 0.000000 -1.000000 0.000000
v 1.206790 3.695484 -10.505635 0.26108 0.52005 0.63221
vt 0.328298 0.237801
vn 0.000000 -1.000000 0.000000
v 0.000000 3.695484 -10.275871 0.26108 0.52005 0.63221
vt 0.327718 0.231854
vn 0.000000 -1.000000 0.000000
f 127/127/127 128/128/128 129/129/129
v 0.000000 3.695484 -10.275871 0.26108 0.52005 0.63221
vt 0.327718 0.231854
vn 0.000000 -1.000000 0.000000
v 0.000000 3.695484 -11.198718 0.26108 0.52005 0.63221
vt 0.332508 0.232152
vn 0.000000 -1.000000 0.000000
v 1.206790 3.695484 -11.295938 0.26108 0.52005 0.63221
vt 0.332404 0.238056
vn 0.000000 -1.000000 0.000000
f 130/130/130 131/131/131 132/132/132
v 1.206790 3.978366 -13.336071 0.26108 0.52005 0.63221
vt 0.342779 0.238069
vn -0.234920 0.000000 -0.972015
v 0.000000 4.084755 -13.044410 0.26108 0.52005 0.63221
vt 0.341774 0.231845
vn -0.234920 0.000000 -0.972015
v 1.206790 4.084755 -13.336071 0.26108 0.52005 0.63221
vt 0.342694 0.237825
vn -0.234920 0.000000 -0.972015
f 133/133/133 134/134/134 135/135/135
v 0.000000 4.084755 -13.044410 0.26108 0.52005 0.63221
vt 0.341774 0.231845
vn -0.234920 -0.000000 -0.972015
v 1.206790 3.978366 -13.336071 0.26108 0.52005 0.63221
vt 0.342779 0.238069
vn -0.234920 -0.000000 -0.972015
v 0.000000 3.978366 -13.044410 0.26108 0.52005 0.63221
vt 0.341860 0.232092
vn -0.234920 -0.000000 -0.972015
f 136/136/136 137/137/137 138/138/138
v 0.000000 4.097864 -11.198718 0.26108 0.52005 0.63221
vt 0.332162 0.231218
vn -0.000894 0.999984 -0.005550
v 1.206790 4.092741 -12.316004 0.26108 0.52005 0.63221
vt 0.337375 0.237475
vn -0.000894 0.999984 -0.005550
v 0.000000 4.092741 -12.121565 0.26108 0.52005 0.63221
vt 0.336967 0.231528
vn -0.000894 0.999984 -0.005550
f 139/139/139 140/140/140 141/141/141
v 1.206790 4.092741 -12.316004 0.26108 0.52005 0.63221
vt 0.337375 0.237475
vn -0.000405 0.999987 -0.005021
v 0.000000 4.097864 -11.198718 0.26108 0.52005 0.63221
vt 0.332162 0.231218
vn -0.000405 0.999987 -0.005021
v 1.206790 4.097864 -11.295938 0.26108 0.52005 0.63221
vt 0.332058 0.237133
vn -0.000405 0.999987 -0.005021
f 142/142/142 143/143/143 144/144/144
v 0.000000 4.097864 -10.275871 0.26108 0.52005 0.63221
vt 0.327363 0.230919
vn 0.000000 1.000000 0.000000
v 1.206790 4.097864 -11.295938 0.26108 0.52005 0.63221
vt 0.332058 0.237133
vn 0.000000 1.000000 0.000000
v 0.000000 4.097864 -11.198718 0.26108 0.52005 0.63221
vt 0.332162 0.231218
vn 0.000000 1.000000 0.000000
f 145/145/145 146/146/146 147/147/147
v 1.206790 4.097864 -11.295938 0.26108 0.52005 0.63221
vt 0.332058 0.237133
vn 0.000000 1.000000 -0.000000
v 0.000000 4.097864 -10.275871 0.26108 0.52005 0.63221
vt 0.327363 0.230919
vn 0.000000 1.000000 -0.000000
v 1.206790 4.097864 -10.505635 0.26108 0.52005 0.63221
vt 0.327943 0.236877
vn 0.000000 1.000000 -0.000000
f 148/148/148 149/149/149 150/150/150
v 1.206790 3.764449 -12.316004 0.26108 0.52005 0.63221
vt 0.337648 0.238229
vn -0.005434 -0.997708 -0.067454
v 1.206790 3.695484 -11.295938 0.26108 0.52005 0.63221
vt 0.332404 0.238056
vn -0.005434 -0.997708 -0.067454
v 0.000000 3.695484 -11.198718 0.26108 0.52005 0.63221
vt 0.332508 0.232152
vn -0.005434 -0.997708 -0.067454
f 151/151/151 152/152/152 153/153/153
v 0.000000 3.695484 -11.198718 0.26108 0.52005 0.63221
vt 0.332508 0.232152
vn -0.012006 -0.997147 -0.074518
v 0.000000 3.764449 -12.121565 0.26108 0.52005 0.63221
vt 0.337241 0.232290
vn -0.012006 -0.997147 -0.074518
v 1.206790 3.764449 -12.316004 0.26108 0.52005 0.63221
vt 0.337648 0.238229
vn -0.012006 -0.997147 -0.074518
f 154/154/154 155/155/155 156/156/156
v 1.206790 3.871977 -13.336071 0.82273 0.82503 0.80433
vt 0.452451 0.803920
vn -0.016888 -0.994348 -0.104817
v 1.206790 3.764449 -12.316004 0.82273 0.82503 0.80433
vt 0.441063 0.801928
vn -0.016888 -0.994348 -0.104817
v 0.000000 3.764449 -12.121565 0.82273 0.82503 0.80433
vt 0.441041 0.787622
vn -0.016888 -0.994348 -0.104817
f 157/157/157 158/158/158 159/159/159
v 0.000000 3.764449 -12.121565 0.82273 0.82503 0.80433
vt 0.441041 0.787622
vn -0.027960 -0.992892 -0.115689
v 0.000000 3.871977 -13.044410 0.82273 0.82503 0.80433
vt 0.451317 0.789420
vn -0.027960 -0.992892 -0.115689
v 1.206790 3.871977 -13.336071 0.82273 0.82503 0.80433
vt 0.452451 0.803920
vn -0.027960 -0.992892 -0.115689
f 160/160/160 161/161/161 162/162/162
v 0.000000 3.896674 -10.275871 0.26108 0.52005 0.63221
vt 0.327541 0.231387
vn 1.000000 0.000000 0.000000
v 0.000000 4.097864 -10.275871 0.26108 0.52005 0.63221
vt 0.327363 0.230919
vn 1.000000 0.000000 0.000000
v 0.000000 4.097864 -9.840978 0.26108 0.52005 0.63221
vt 0.325101 0.230778
vn 1.000000 0.000000 0.000000
f 163/163/163 164/164/164 165/165/165
v 0.000000 4.097864 -9.840978 0.26108 0.52005 0.63221
vt 0.325101 0.230778
vn 1.000000 0.000000 0.000000
v 0.000000 3.896674 -9.611214 0.26108 0.52005 0.63221
vt 0.324088 0.231172
vn 1.000000 0.000000 0.000000
v 0.000000 3.896674 -10.275871 0.26108 0.52005 0.63221
vt 0.327541 0.231387
vn 1.000000 0.000000 0.000000
f 166/166/166 167/167/167 168/168/168
v 0.000000 3.695484 -9.840978 0.26108 0.52005 0.63221
vt 0.325461 0.231714
vn 0.000000 -1.000000 0.000000
v 0.000000 3.695484 -10.275871 0.26108 0.52005 0.63221
vt 0.327718 0.231854
vn 0.000000 -1.000000 0.000000
v 1.206790 3.695484 -10.505635 0.26108 0.52005 0.63221
vt 0.328298 0.237801
vn 0.000000 -1.000000 0.000000
f 169/169/169 170/170/170 171/171/171
v 1.206790 3.695484 -10.505635 0.26108 0.52005 0.63221
vt 0.328298 0.237801
vn 0.000000 -1.000000 0.000000
v 1.068086 3.695484 -9.840978 0.26108 0.52005 0.63221
vt 0.324915 0.236910
vn 0.000000 -1.000000 0.000000
v 0.000000 3.695484 -9.840978 0.26108 0.52005 0.63221
vt 0.325461 0.231714
vn 0.000000 -1.000000 0.000000
f 172/172/172 173/173/173 174/174/174
v 0.000000 4.097864 -9.840978 0.26108 0.52005 0.63221
vt 0.325101 0.230778
vn 0.000000 1.000000 0.000000
v 1.206790 4.097864 -10.505635 0.26108 0.52005 0.63221
vt 0.327943 0.236877
vn 0.000000 1.000000 0.000000
v 0.000000 4.097864 -10.275871 0.26108 0.52005 0.63221
vt 0.327363 0.230919
vn 0.000000 1.000000 0.000000
f 175/175/175 176/176/176 177/177/177
v 1.206790 4.097864 -10.505635 0.26108 0.52005 0.63221
vt 0.327943 0.236877
vn 0.000000 1.000000 0.000000
v 0.000000 4.097864 -9.840978 0.26108 0.52005 0.63221
vt 0.325101 0.230778
vn 0.000000 1.000000 0.000000
v 1.068086 4.097864 -9.840978 0.26108 0.52005 0.63221
vt 0.324554 0.235984
vn 0.000000 1.000000 0.000000
f 178/178/178 179/179/179 180/180/180
v 1.068086 3.695484 -9.840978 0.26108 0.52005 0.63221
vt 0.324915 0.236910
vn 0.000000 -0.752338 0.658777
v 1.068086 3.896674 -9.611214 0.26108 0.52005 0.63221
vt 0.323540 0.236373
vn 0.000000 -0.752338 0.658777
v 0.000000 3.896674 -9.611214 0.26108 0.52005 0.63221
vt 0.324088 0.231172
vn 0.000000 -0.752338 0.658777
f 181/181/181 182/182/182 183/183/183
v 0.000000 3.896674 -9.611214 0.26108 0.52005 0.63221
vt 0.324088 0.231172
vn 0.000000 -0.752338 0.658777
v 0.000000 3.695484 -9.840978 0.26108 0.52005 0.63221
vt 0.325461 0.231714
vn 0.000000 -0.752338 0.658777
v 1.068086 3.695484 -9.840978 0.26108 0.52005 0.63221
vt 0.324915 0.236910
vn 0.000000 -0.752338 0.658777
f 184/184/184 185/185/185 186/186/186
v 1.206790 3.871977 -13.336071 0.26108 0.52005 0.63221
vt 0.342865 0.238313
vn -0.234920 0.000000 -0.972015
v 0.000000 3.978366 -13.044410 0.26108 0.52005 0.63221
vt 0.341860 0.232092
vn -0.234920 0.000000 -0.972015
v 1.206790 3.978366 -13.336071 0.26108 0.52005 0.63221
vt 0.342779 0.238069
vn -0.234920 0.000000 -0.972015
f 187/187/187 188/188/188 189/189/189
v 0.000000 3.978366 -13.044410 0.26108 0.52005 0.63221
vt 0.341860 0.232092
vn -0.234920 -0.000000 -0.972015
v 1.206790 3.871977 -13.336071 0.26108 0.52005 0.63221
vt 0.342865 0.238313
vn -0.234920 -0.000000 -0.972015
v 0.000000 3.871977 -13.044410 0.26108 0.52005 0.63221
vt 0.341946 0.232339
vn -0.234920 -0.000000 -0.972015
f 190/190/190 191/191/191 192/192/192
v 9.827687 2.654716 -2.626224 0.26108 0.52005 0.63221
vt 0.283784 0.279732
vn 0.978370 0.000000 -0.206860
v 9.909614 2.785849 -2.238741 0.26108 0.52005 0.63221
vt 0.281575 0.279736
vn 0.978370 0.000000 -0.206860
v 9.909614 2.518673 -2.238741 0.26108 0.52005 0.63221
vt 0.281874 0.280292
vn 0.978370 0.000000 -0.206860
f 193/193/193 194/194/194 195/195/195
v 9.909614 2.518673 -2.238741 0.26108 0.52005 0.63221
vt 0.281874 0.280292
vn 0.978370 0.000000 -0.206860
v 9.827687 2.591484 -2.626224 0.26108 0.52005 0.63221
vt 0.283855 0.279864
vn 0.978370 0.000000 -0.206860
v 9.827687 2.654716 -2.626224 0.26108 0.52005 0.63221
vt 0.283784 0.279732
vn 0.978370 0.000000 -0.206860
f 196/196/196 197/197/197 198/198/198
v 9.706082 2.654716 -2.626224 0.26108 0.52005 0.63221
vt 0.283851 0.279134
vn 0.000000 0.000000 -1.000000
v 9.827687 2.591484 -2.626224 0.26108 0.52005 0.63221
vt 0.283855 0.279864
vn 0.000000 0.000000 -1.000000
v 9.706082 2.591484 -2.626224 0.26108 0.52005 0.63221
vt 0.283922 0.279265
vn 0.000000 0.000000 -1.000000
f 199/199/199 200/200/200 201/201/201
v 9.827687 2.591484 -2.626224 0.26108 0.52005 0.63221
vt 0.283855 0.279864
vn 0.000000 0.000000 -1.000000
v 9.706082 2.654716 -2.626224 0.26108 0.52005 0.63221
vt 0.283851 0.279134
vn 0.000000 0.000000 -1.000000
v 9.827687 2.654716 -2.626224 0.26108 0.52005 0.63221
vt 0.283784 0.279732
vn 0.000000 0.000000 -1.000000
f 202/202/202 203/203/203 204/204/204
v 9.591752 2.785849 -0.966149 0.26108 0.52005 0.63221
vt 0.275125 0.277754
vn -1.000000 0.000000 0.000000
v 9.591752 2.854409 -1.878764 0.26108 0.52005 0.63221
vt 0.279799 0.277910
vn -1.000000 0.000000 0.000000
v 9.591752 2.785849 -1.878764 0.26108 0.52005 0.63221
vt 0.279876 0.278053
vn -1.000000 0.000000 0.000000
f 205/205/205 206/206/206 207/207/207
v 9.591752 2.854409 -1.878764 0.26108 0.52005 0.63221
vt 0.279799 0.277910
vn -1.000000 0.000000 0.000000
v 9.591752 2.785849 -0.966149 0.26108 0.52005 0.63221
vt 0.275125 0.277754
vn -1.000000 0.000000 0.000000
v 9.591752 2.854409 -0.966149 0.26108 0.52005 0.63221
vt 0.275045 0.277611
vn -1.000000 0.000000 0.000000
f 208/208/208 209/209/209 210/210/210
v 9.942017 2.854409 -1.878764 0.26108 0.52005 0.63221
vt 0.279604 0.279635
vn 0.000000 1.000000 -0.000000
v 9.591752 2.854409 -0.966149 0.26108 0.52005 0.63221
vt 0.275045 0.277611
vn 0.000000 1.000000 -0.000000
v 9.942017 2.854409 -0.966149 0.26108 0.52005 0.63221
vt 0.274849 0.279336
vn 0.000000 1.000000 -0.000000
f 211/211/211 212/212/212 213/213/213
v 9.591752 2.854409 -0.966149 0.26108 0.52005 0.63221
vt 0.275045 0.277611
vn 0.000000 1.000000 0.000000
v 9.942017 2.854409 -1.878764 0.26108 0.52005 0.63221
vt 0.279604 0.279635
vn 0.000000 1.000000 0.000000
v 9.591752 2.854409 -1.878764 0.26108 0.52005 0.63221
vt 0.279799 0.277910
vn 0.000000 1.000000 0.000000
f 214/214/214 215/215/215 216/216/216
v 9.591752 2.483863 -1.878764 0.26108 0.52005 0.63221
vt 0.280218 0.278683
vn 0.000000 -0.995357 -0.096250
v 9.624156 2.518673 -2.238741 0.26108 0.52005 0.63221
vt 0.282032 0.278887
vn 0.000000 -0.995357 -0.096250
v 9.909614 2.518673 -2.238741 0.26108 0.52005 0.63221
vt 0.281874 0.280292
vn 0.000000 -0.995357 -0.096250
f 217/217/217 218/218/218 219/219/219
v 9.909614 2.518673 -2.238741 0.26108 0.52005 0.63221
vt 0.281874 0.280292
vn 0.000000 -0.995357 -0.096250
v 9.942017 2.483863 -1.878764 0.26108 0.52005 0.63221
vt 0.280023 0.280406
vn 0.000000 -0.995357 -0.096250
v 9.591752 2.483863 -1.878764 0.26108 0.52005 0.63221
vt 0.280218 0.278683
vn 0.000000 -0.995357 -0.096250
f 220/220/220 221/221/221 222/222/222
v 9.942017 2.854409 -0.966149 0.26108 0.52005 0.63221
vt 0.274849 0.279336
vn 1.000000 0.000000 0.000000
v 9.942017 2.785849 -0.966149 0.26108 0.52005 0.63221
vt 0.274928 0.279479
vn 1.000000 0.000000 0.000000
v 9.942017 2.785849 -1.878764 0.26108 0.52005 0.63221
vt 0.279682 0.279778
vn 1.000000 0.000000 0.000000
f 223/223/223 224/224/224 225/225/225
v 9.942017 2.785849 -1.878764 0.26108 0.52005 0.63221
vt 0.279682 0.279778
vn 1.000000 0.000000 0.000000
v 9.942017 2.854409 -1.878764 0.26108 0.52005 0.63221
vt 0.279604 0.279635
vn 1.000000 0.000000 0.000000
v 9.942017 2.854409 -0.966149 0.26108 0.52005 0.63221
vt 0.274849 0.279336
vn 1.000000 0.000000 0.000000
f 226/226/226 227/227/227 228/228/228
v 9.706082 2.723275 -2.626224 0.26108 0.52005 0.63221
vt 0.283775 0.278991
vn 0.000000 0.000000 -1.000000
v 9.827687 2.654716 -2.626224 0.26108 0.52005 0.63221
vt 0.283784 0.279732
vn 0.000000 0.000000 -1.000000
v 9.706082 2.654716 -2.626224 0.26108 0.52005 0.63221
vt 0.283851 0.279134
vn 0.000000 0.000000 -1.000000
f 229/229/229 230/230/230 231/231/231
v 9.827687 2.654716 -2.626224 0.26108 0.52005 0.63221
vt 0.283784 0.279732
vn 0.000000 0.000000 -1.000000
v 9.706082 2.723275 -2.626224 0.26108 0.52005 0.63221
vt 0.283775 0.278991
vn 0.000000 0.000000 -1.000000
v 9.827687 2.723275 -2.626224 0.26108 0.52005 0.63221
vt 0.283708 0.279590
vn 0.000000 0.000000 -1.000000
f 232/232/232 233/233/233 234/234/234
v 9.591752 2.483863 -1.878764 0.26108 0.52005 0.63221
vt 0.280218 0.278683
vn -1.000000 0.000000 0.000000
v 9.591752 2.785849 -0.966149 0.26108 0.52005 0.63221
vt 0.275125 0.277754
vn -1.000000 0.000000 0.000000
v 9.591752 2.785849 -1.878764 0.26108 0.52005 0.63221
vt 0.279876 0.278053
vn -1.000000 0.000000 0.000000
f 235/235/235 236/236/236 237/237/237
v 9.591752 2.785849 -0.966149 0.26108 0.52005 0.63221
vt 0.275125 0.277754
vn -1.000000 -0.000000 0.000000
v 9.591752 2.483863 -1.878764 0.26108 0.52005 0.63221
vt 0.280218 0.278683
vn -1.000000 -0.000000 0.000000
v 9.591752 2.483863 -0.966149 0.26108 0.52005 0.63221
vt 0.275473 0.278385
vn -1.000000 -0.000000 0.000000
f 238/238/238 239/239/239 240/240/240
v 9.942017 2.483863 -0.966149 0.26108 0.52005 0.63221
vt 0.275277 0.280107
vn 1.000000 0.000000 0.000000
v 9.942017 2.483863 -1.878764 0.26108 0.52005 0.63221
vt 0.280023 0.280406
vn 1.000000 0.000000 0.000000
v 9.942017 2.785849 -1.878764 0.26108 0.52005 0.63221
vt 0.279682 0.279778
vn 1.000000 0.000000 0.000000
f 241/241/241 242/242/242 243/243/243
v 9.942017 2.785849 -1.878764 0.26108 0.52005 0.63221
vt 0.279682 0.279778
vn 1.000000 0.000000 -0.000000
v 9.942017 2.785849 -0.966149 0.26108 0.52005 0.63221
vt 0.274928 0.279479
vn 1.000000 0.000000 -0.000000
v 9.942017 2.483863 -0.966149 0.26108 0.52005 0.63221
vt 0.275277 0.280107
vn 1.000000 0.000000 -0.000000
f 244/244/244 245/245/245 246/246/246
v 9.706082 2.723275 -2.626224 0.26108 0.52005 0.63221
vt 0.283775 0.278991
vn -0.978371 0.000000 -0.206859
v 9.624156 2.785849 -2.238741 0.26108 0.52005 0.63221
vt 0.281733 0.278330
vn -0.978371 0.000000 -0.206859
v 9.624156 2.854409 -2.238741 0.26108 0.52005 0.63221
vt 0.281656 0.278187
vn -0.978371 0.000000 -0.206859
f 247/247/247 248/248/248 249/249/249
v 9.624156 2.785849 -2.238741 0.26108 0.52005 0.63221
vt 0.281733 0.278330
vn -0.978371 0.000000 -0.206859
v 9.706082 2.723275 -2.626224 0.26108 0.52005 0.63221
vt 0.283775 0.278991
vn -0.978371 0.000000 -0.206859
v 9.706082 2.654716 -2.626224 0.26108 0.52005 0.63221
vt 0.283851 0.279134
vn -0.978371 0.000000 -0.206859
f 250/250/250 251/251/251 252/252/252
v 9.827687 2.723275 -2.626224 0.26108 0.52005 0.63221
vt 0.283708 0.279590
vn 0.000000 0.947227 -0.320564
v 9.624156 2.854409 -2.238741 0.26108 0.52005 0.63221
vt 0.281656 0.278187
vn 0.000000 0.947227 -0.320564
v 9.909614 2.854409 -2.238741 0.26108 0.52005 0.63221
vt 0.281498 0.279593
vn 0.000000 0.947227 -0.320564
f 253/253/253 254/254/254 255/255/255
v 9.624156 2.854409 -2.238741 0.26108 0.52005 0.63221
vt 0.281656 0.278187
vn 0.000000 0.947227 -0.320564
v 9.827687 2.723275 -2.626224 0.26108 0.52005 0.63221
vt 0.283708 0.279590
vn 0.000000 0.947227 -0.320564
v 9.706082 2.723275 -2.626224 0.26108 0.52005 0.63221
vt 0.283775 0.278991
vn 0.000000 0.947227 -0.320564
f 256/256/256 257/257/257 258/258/258
v 9.591752 2.483863 -0.966149 0.26108 0.52005 0.63221
vt 0.275473 0.278385
vn 0.000000 -1.000000 0.000000
v 9.591752 2.483863 -1.878764 0.26108 0.52005 0.63221
vt 0.280218 0.278683
vn 0.000000 -1.000000 0.000000
v 9.942017 2.483863 -1.878764 0.26108 0.52005 0.63221
vt 0.280023 0.280406
vn 0.000000 -1.000000 0.000000
f 259/259/259 260/260/260 261/261/261
v 9.942017 2.483863 -1.878764 0.26108 0.52005 0.63221
vt 0.280023 0.280406
vn 0.000000 -1.000000 0.000000
v 9.942017 2.483863 -0.966149 0.26108 0.52005 0.63221
vt 0.275277 0.280107
vn 0.000000 -1.000000 0.000000
v 9.591752 2.483863 -0.966149 0.26108 0.52005 0.63221
vt 0.275473 0.278385
vn 0.000000 -1.000000 0.000000
f 262/262/262 263/263/263 264/264/264
v 9.827687 2.723275 -2.626224 0.26108 0.52005 0.63221
vt 0.283708 0.279590
vn 0.978370 0.000000 -0.206860
v 9.909614 2.854409 -2.238741 0.26108 0.52005 0.63221
vt 0.281498 0.279593
vn 0.978370 0.000000 -0.206860
v 9.909614 2.785849 -2.238741 0.26108 0.52005 0.63221
vt 0.281575 0.279736
vn 0.978370 0.000000 -0.206860
f 265/265/265 266/266/266 267/267/267
v 9.909614 2.785849 -2.238741 0.26108 0.52005 0.63221
vt 0.281575 0.279736
vn 0.978370 0.000000 -0.206860
v 9.827687 2.654716 -2.626224 0.26108 0.52005 0.63221
vt 0.283784 0.279732
vn 0.978370 0.000000 -0.206860
v 9.827687 2.723275 -2.626224 0.26108 0.52005 0.63221
vt 0.283708 0.279590
vn 0.978370 0.000000 -0.206860
f 268/268/268 269/269/269 270/270/270
v 9.624156 2.785849 -2.238741 0.26108 0.52005 0.63221
vt 0.281733 0.278330
vn -0.995973 0.000000 -0.089654
v 9.591752 2.483863 -1.878764 0.26108 0.52005 0.63221
vt 0.280218 0.278683
vn -0.995973 0.000000 -0.089654
v 9.591752 2.785849 -1.878764 0.26108 0.52005 0.63221
vt 0.279876 0.278053
vn -0.995973 0.000000 -0.089654
f 271/271/271 272/272/272 273/273/273
v 9.591752 2.483863 -1.878764 0.26108 0.52005 0.63221
vt 0.280218 0.278683
vn -0.995973 0.000000 -0.089654
v 9.624156 2.785849 -2.238741 0.26108 0.52005 0.63221
vt 0.281733 0.278330
vn -0.995973 0.000000 -0.089654
v 9.624156 2.518673 -2.238741 0.26108 0.52005 0.63221
vt 0.282032 0.278887
vn -0.995973 0.000000 -0.089654
f 274/274/274 275/275/275 276/276/276
v 9.942017 2.483863 -1.878764 0.26108 0.52005 0.63221
vt 0.280023 0.280406
vn 0.995973 0.000000 -0.089652
v 9.909614 2.518673 -2.238741 0.26108 0.52005 0.63221
vt 0.281874 0.280292
vn 0.995973 0.000000 -0.089652
v 9.909614 2.785849 -2.238741 0.26108 0.52005 0.63221
vt 0.281575 0.279736
vn 0.995973 0.000000 -0.089652
f 277/277/277 278/278/278 279/279/279
v 9.909614 2.785849 -2.238741 0.26108 0.52005 0.63221
vt 0.281575 0.279736
vn 0.995973 0.000000 -0.089652
v 9.942017 2.785849 -1.878764 0.26108 0.52005 0.63221
vt 0.279682 0.279778
vn 0.995973 0.000000 -0.089652
v 9.942017 2.483863 -1.878764 0.26108 0.52005 0.63221
vt 0.280023 0.280406
vn 0.995973 0.000000 -0.089652
f 280/280/280 281/281/281 282/282/282
v 9.827687 2.591484 -2.626224 0.26108 0.52005 0.63221
vt 0.283855 0.279864
vn 0.000000 -0.982799 -0.184676
v 9.909614 2.518673 -2.238741 0.26108 0.52005 0.63221
vt 0.281874 0.280292
vn 0.000000 -0.982799 -0.184676
v 9.624156 2.518673 -2.238741 0.26108 0.52005 0.63221
vt 0.282032 0.278887
vn 0.000000 -0.982799 -0.184676
f 283/283/283 284/284/284 285/285/285
v 9.624156 2.518673 -2.238741 0.26108 0.52005 0.63221
vt 0.282032 0.278887
vn 0.000000 -0.982799 -0.184676
v 9.706082 2.591484 -2.626224 0.26108 0.52005 0.63221
vt 0.283922 0.279265
vn 0.000000 -0.982799 -0.184676
v 9.827687 2.591484 -2.626224 0.26108 0.52005 0.63221
vt 0.283855 0.279864
vn 0.000000 -0.982799 -0.184676
f 286/286/286 287/287/287 288/288/288
v 9.591752 2.785849 -1.878764 0.26108 0.52005 0.63221
vt 0.279876 0.278053
vn -0.995973 0.000000 -0.089654
v 9.624156 2.854409 -2.238741 0.26108 0.52005 0.63221
vt 0.281656 0.278187
vn -0.995973 0.000000 -0.089654
v 9.624156 2.785849 -2.238741 0.26108 0.52005 0.63221
vt 0.281733 0.278330
vn -0.995973 0.000000 -0.089654
f 289/289/289 290/290/290 291/291/291
v 9.624156 2.854409 -2.238741 0.26108 0.52005 0.63221
vt 0.281656 0.278187
vn -0.995973 0.000000 -0.089654
v 9.591752 2.785849 -1.878764 0.26108 0.52005 0.63221
vt 0.279876 0.278053
vn -0.995973 0.000000 -0.089654
v 9.591752 2.854409 -1.878764 0.26108 0.52005 0.63221
vt 0.279799 0.277910
vn -0.995973 0.000000 -0.089654
f 292/292/292 293/293/293 294/294/294
v 9.591752 2.854409 -1.878764 0.26108 0.52005 0.63221
vt 0.279799 0.277910
vn 0.000000 1.000000 0.000000
v 9.909614 2.854409 -2.238741 0.26108 0.52005 0.63221
vt 0.281498 0.279593
vn 0.000000 1.000000 0.000000
v 9.624156 2.854409 -2.238741 0.26108 0.52005 0.63221
vt 0.281656 0.278187
vn 0.000000 1.000000 0.000000
f 295/295/295 296/296/296 297/297/297
v 9.909614 2.854409 -2.238741 0.26108 0.52005 0.63221
vt 0.281498 0.279593
vn 0.000000 1.000000 -0.000000
v 9.591752 2.854409 -1.878764 0.26108 0.52005 0.63221
vt 0.279799 0.277910
vn 0.000000 1.000000 -0.000000
v 9.942017 2.854409 -1.878764 0.26108 0.52005 0.63221
vt 0.279604 0.279635
vn 0.000000 1.000000 -0.000000
f 298/298/298 299/299/299 300/300/300
v 9.942017 2.785849 -1.878764 0.26108 0.52005 0.63221
vt 0.279682 0.279778
vn 0.995973 0.000000 -0.089652
v 9.909614 2.785849 -2.238741 0.26108 0.52005 0.63221
vt 0.281575 0.279736
vn 0.995973 0.000000 -0.089652
v 9.909614 2.854409 -2.238741 0.26108 0.52005 0.63221
vt 0.281498 0.279593
vn 0.995973 0.000000 -0.089652
f 301/301/301 302/302/302 303/303/303
v 9.909614 2.854409 -2.238741 0.26108 0.52005 0.63221
vt 0.281498 0.279593
vn 0.995973 0.000000 -0.089652
v 9.942017 2.854409 -1.878764 0.26108 0.52005 0.63221
vt 0.279604 0.279635
vn 0.995973 0.000000 -0.089652
v 9.942017 2.785849 -1.878764 0.26108 0.52005 0.63221
vt 0.279682 0.279778
vn 0.995973 0.000000 -0.089652
f 304/304/304 305/305/305 306/306/306
v 9.706082 2.654716 -2.626224 0.26108 0.52005 0.63221
vt 0.283851 0.279134
vn -0.978371 0.000000 -0.206859
v 9.624156 2.518673 -2.238741 0.26108 0.52005 0.63221
vt 0.282032 0.278887
vn -0.978371 0.000000 -0.206859
v 9.624156 2.785849 -2.238741 0.26108 0.52005 0.63221
vt 0.281733 0.278330
vn -0.978371 0.000000 -0.206859
f 307/307/307 308/308/308 309/309/309
v 9.624156 2.518673 -2.238741 0.26108 0.52005 0.63221
vt 0.282032 0.278887
vn -0.978371 0.000000 -0.206859
v 9.706082 2.654716 -2.626224 0.26108 0.52005 0.63221
vt 0.283851 0.279134
vn -0.978371 0.000000 -0.206859
v 9.706082 2.591484 -2.626224 0.26108 0.52005 0.63221
vt 0.283922 0.279265
vn -0.978371 0.000000 -0.206859
f 310/310/310 311/311/311 312/312/312
v -9.827687 2.591484 -2.626224 0.26108 0.52005 0.63221
vt 0.294503 0.184908
vn -0.978370 0.000000 -0.206860
v -9.909614 2.785849 -2.238741 0.26108 0.52005 0.63221
vt 0.292364 0.183907
vn -0.978370 0.000000 -0.206860
v -9.827687 2.654716 -2.626224 0.26108 0.52005 0.63221
vt 0.294437 0.184749
vn -0.978370 0.000000 -0.206860
f 313/313/313 314/314/314 315/315/315
v -9.909614 2.785849 -2.238741 0.26108 0.52005 0.63221
vt 0.292364 0.183907
vn -0.978370 -0.000000 -0.206860
v -9.827687 2.591484 -2.626224 0.26108 0.52005 0.63221
vt 0.294503 0.184908
vn -0.978370 -0.000000 -0.206860
v -9.909614 2.518673 -2.238741 0.26108 0.52005 0.63221
vt 0.292643 0.184582
vn -0.978370 -0.000000 -0.206860
f 316/316/316 317/317/317 318/318/318
v -9.706082 2.654716 -2.626224 0.26108 0.52005 0.63221
vt 0.294373 0.185326
vn -0.000000 0.000000 -1.000000
v -9.827687 2.591484 -2.626224 0.26108 0.52005 0.63221
vt 0.294503 0.184908
vn -0.000000 0.000000 -1.000000
v -9.827687 2.654716 -2.626224 0.26108 0.52005 0.63221
vt 0.294437 0.184749
vn -0.000000 0.000000 -1.000000
f 319/319/319 320/320/320 321/321/321
v -9.827687 2.591484 -2.626224 0.26108 0.52005 0.63221
vt 0.294503 0.184908
vn 0.000000 0.000000 -1.000000
v -9.706082 2.654716 -2.626224 0.26108 0.52005 0.63221
vt 0.294373 0.185326
vn 0.000000 0.000000 -1.000000
v -9.706082 2.591484 -2.626224 0.26108 0.52005 0.63221
vt 0.294438 0.185485
vn 0.000000 0.000000 -1.000000
f 322/322/322 323/323/323 324/324/324
v -9.591752 2.785849 -1.878764 0.26108 0.52005 0.63221
vt 0.290353 0.185302
vn 1.000000 0.000000 0.000000
v -9.591752 2.854409 -1.878764 0.26108 0.52005 0.63221
vt 0.290280 0.185129
vn 1.000000 0.000000 0.000000
v -9.591752 2.854409 -0.966149 0.26108 0.52005 0.63221
vt 0.285612 0.184841
vn 1.000000 0.000000 0.000000
f 325/325/325 326/326/326 327/327/327
v -9.591752 2.854409 -0.966149 0.26108 0.52005 0.63221
vt 0.285612 0.184841
vn 1.000000 0.000000 0.000000
v -9.591752 2.785849 -0.966149 0.26108 0.52005 0.63221
vt 0.285686 0.185014
vn 1.000000 0.000000 0.000000
v -9.591752 2.785849 -1.878764 0.26108 0.52005 0.63221
vt 0.290353 0.185302
vn 1.000000 0.000000 0.000000
f 328/328/328 329/329/329 330/330/330
v -9.942017 2.854409 -1.878764 0.26108 0.52005 0.63221
vt 0.290468 0.183466
vn 0.000000 1.000000 0.000000
v -9.591752 2.854409 -0.966149 0.26108 0.52005 0.63221
vt 0.285612 0.184841
vn 0.000000 1.000000 0.000000
v -9.591752 2.854409 -1.878764 0.26108 0.52005 0.63221
vt 0.290280 0.185129
vn 0.000000 1.000000 0.000000
f 331/331/331 332/332/332 333/333/333
v -9.591752 2.854409 -0.966149 0.26108 0.52005 0.63221
vt 0.285612 0.184841
vn 0.000000 1.000000 0.000000
v -9.942017 2.854409 -1.878764 0.26108 0.52005 0.63221
vt 0.290468 0.183466
vn 0.000000 1.000000 0.000000
v -9.942017 2.854409 -0.966149 0.26108 0.52005 0.63221
vt 0.285801 0.183178
vn 0.000000 1.000000 0.000000
f 334/334/334 335/335/335 336/336/336
v -9.909614 2.518673 -2.238741 0.26108 0.52005 0.63221
vt 0.292643 0.184582
vn 0.000000 -0.995357 -0.096250
v -9.624156 2.518673 -2.238741 0.26108 0.52005 0.63221
vt 0.292491 0.185935
vn 0.000000 -0.995357 -0.096250
v -9.591752 2.483863 -1.878764 0.26108 0.52005 0.63221
vt 0.290672 0.186063
vn 0.000000 -0.995357 -0.096250
f 337/337/337 338/338/338 339/339/339
v -9.591752 2.483863 -1.878764 0.26108 0.52005 0.63221
vt 0.290672 0.186063
vn -0.000000 -0.995357 -0.096250
v -9.942017 2.483863 -1.878764 0.26108 0.52005 0.63221
vt 0.290859 0.184403
vn -0.000000 -0.995357 -0.096250
v -9.909614 2.518673 -2.238741 0.26108 0.52005 0.63221
vt 0.292643 0.184582
vn -0.000000 -0.995357 -0.096250
f 340/340/340 341/341/341 342/342/342
v -9.942017 2.854409 -1.878764 0.26108 0.52005 0.63221
vt 0.290468 0.183466
vn -1.000000 0.000000 0.000000
v -9.942017 2.785849 -0.966149 0.26108 0.52005 0.63221
vt 0.285875 0.183352
vn -1.000000 0.000000 0.000000
v -9.942017 2.854409 -0.966149 0.26108 0.52005 0.63221
vt 0.285801 0.183178
vn -1.000000 0.000000 0.000000
f 343/343/343 344/344/344 345/345/345
v -9.942017 2.785849 -0.966149 0.26108 0.52005 0.63221
vt 0.285875 0.183352
vn -1.000000 0.000000 0.000000
v -9.942017 2.854409 -1.878764 0.26108 0.52005 0.63221
vt 0.290468 0.183466
vn -1.000000 0.000000 0.000000
v -9.942017 2.785849 -1.878764 0.26108 0.52005 0.63221
vt 0.290541 0.183640
vn -1.000000 0.000000 0.000000
f 346/346/346 347/347/347 348/348/348
v -9.706082 2.723275 -2.626224 0.26108 0.52005 0.63221
vt 0.294301 0.185153
vn -0.000000 0.000000 -1.000000
v -9.827687 2.654716 -2.626224 0.26108 0.52005 0.63221
vt 0.294437 0.184749
vn -0.000000 0.000000 -1.000000
v -9.827687 2.723275 -2.626224 0.26108 0.52005 0.63221
vt 0.294366 0.184576
vn -0.000000 0.000000 -1.000000
f 349/349/349 350/350/350 351/351/351
v -9.827687 2.654716 -2.626224 0.26108 0.52005 0.63221
vt 0.294437 0.184749
vn 0.000000 0.000000 -1.000000
v -9.706082 2.723275 -2.626224 0.26108 0.52005 0.63221
vt 0.294301 0.185153
vn 0.000000 0.000000 -1.000000
v -9.706082 2.654716 -2.626224 0.26108 0.52005 0.63221
vt 0.294373 0.185326
vn 0.000000 0.000000 -1.000000
f 352/352/352 353/353/353 354/354/354
v -9.591752 2.785849 -1.878764 0.26108 0.52005 0.63221
vt 0.290353 0.185302
vn 1.000000 0.000000 -0.000000
v -9.591752 2.785849 -0.966149 0.26108 0.52005 0.63221
vt 0.285686 0.185014
vn 1.000000 0.000000 -0.000000
v -9.591752 2.483863 -0.966149 0.26108 0.52005 0.63221
vt 0.286012 0.185775
vn 1.000000 0.000000 -0.000000
f 355/355/355 356/356/356 357/357/357
v -9.591752 2.483863 -0.966149 0.26108 0.52005 0.63221
vt 0.286012 0.185775
vn 1.000000 0.000000 0.000000
v -9.591752 2.483863 -1.878764 0.26108 0.52005 0.63221
vt 0.290672 0.186063
vn 1.000000 0.000000 0.000000
v -9.591752 2.785849 -1.878764 0.26108 0.52005 0.63221
vt 0.290353 0.185302
vn 1.000000 0.000000 0.000000
f 358/358/358 359/359/359 360/360/360
v -9.942017 2.785849 -0.966149 0.26108 0.52005 0.63221
vt 0.285875 0.183352
vn -1.000000 -0.000000 0.000000
v -9.942017 2.483863 -1.878764 0.26108 0.52005 0.63221
vt 0.290859 0.184403
vn -1.000000 -0.000000 0.000000
v -9.942017 2.483863 -0.966149 0.26108 0.52005 0.63221
vt 0.286201 0.184115
vn -1.000000 -0.000000 0.000000
f 361/361/361 362/362/362 363/363/363
v -9.942017 2.483863 -1.878764 0.26108 0.52005 0.63221
vt 0.290859 0.184403
vn -1.000000 0.000000 0.000000
v -9.942017 2.785849 -0.966149 0.26108 0.52005 0.63221
vt 0.285875 0.183352
vn -1.000000 0.000000 0.000000
v -9.942017 2.785849 -1.878764 0.26108 0.52005 0.63221
vt 0.290541 0.183640
vn -1.000000 0.000000 0.000000
f 364/364/364 365/365/365 366/366/366
v -9.624156 2.854409 -2.238741 0.26108 0.52005 0.63221
vt 0.292139 0.185089
vn 0.978371 0.000000 -0.206859
v -9.624156 2.785849 -2.238741 0.26108 0.52005 0.63221
vt 0.292211 0.185262
vn 0.978371 0.000000 -0.206859
v -9.706082 2.654716 -2.626224 0.26108 0.52005 0.63221
vt 0.294373 0.185326
vn 0.978371 0.000000 -0.206859
f 367/367/367 368/368/368 369/369/369
v -9.706082 2.654716 -2.626224 0.26108 0.52005 0.63221
vt 0.294373 0.185326
vn 0.978371 0.000000 -0.206859
v -9.706082 2.723275 -2.626224 0.26108 0.52005 0.63221
vt 0.294301 0.185153
vn 0.978371 0.000000 -0.206859
v -9.624156 2.854409 -2.238741 0.26108 0.52005 0.63221
vt 0.292139 0.185089
vn 0.978371 0.000000 -0.206859
f 370/370/370 371/371/371 372/372/372
v -9.827687 2.723275 -2.626224 0.26108 0.52005 0.63221
vt 0.294366 0.184576
vn 0.000000 0.947227 -0.320564
v -9.624156 2.854409 -2.238741 0.26108 0.52005 0.63221
vt 0.292139 0.185089
vn 0.000000 0.947227 -0.320564
v -9.706082 2.723275 -2.626224 0.26108 0.52005 0.63221
vt 0.294301 0.185153
vn 0.000000 0.947227 -0.320564
f 373/373/373 374/374/374 375/375/375
v -9.624156 2.854409 -2.238741 0.26108 0.52005 0.63221
vt 0.292139 0.185089
vn 0.000000 0.947227 -0.320564
v -9.827687 2.723275 -2.626224 0.26108 0.52005 0.63221
vt 0.294366 0.184576
vn 0.000000 0.947227 -0.320564
v -9.909614 2.854409 -2.238741 0.26108 0.52005 0.63221
vt 0.292292 0.183733
vn 0.000000 0.947227 -0.320564
f 376/376/376 377/377/377 378/378/378
v -9.942017 2.483863 -1.878764 0.26108 0.52005 0.63221
vt 0.290859 0.184403
vn 0.000000 -1.000000 0.000000
v -9.591752 2.483863 -1.878764 0.26108 0.52005 0.63221
vt 0.290672 0.186063
vn 0.000000 -1.000000 0.000000
v -9.591752 2.483863 -0.966149 0.26108 0.52005 0.63221
vt 0.286012 0.185775
vn 0.000000 -1.000000 0.000000
f 379/379/379 380/380/380 381/381/381
v -9.591752 2.483863 -0.966149 0.26108 0.52005 0.63221
vt 0.286012 0.185775
vn -0.000000 -1.000000 0.000000
v -9.942017 2.483863 -0.966149 0.26108 0.52005 0.63221
vt 0.286201 0.184115
vn -0.000000 -1.000000 0.000000
v -9.942017 2.483863 -1.878764 0.26108 0.52005 0.63221
vt 0.290859 0.184403
vn -0.000000 -1.000000 0.000000
f 382/382/382 383/383/383 384/384/384
v -9.827687 2.654716 -2.626224 0.26108 0.52005 0.63221
vt 0.294437 0.184749
vn -0.978370 0.000000 -0.206860
v -9.909614 2.854409 -2.238741 0.26108 0.52005 0.63221
vt 0.292292 0.183733
vn -0.978370 0.000000 -0.206860
v -9.827687 2.723275 -2.626224 0.26108 0.52005 0.63221
vt 0.294366 0.184576
vn -0.978370 0.000000 -0.206860
f 385/385/385 386/386/386 387/387/387
v -9.909614 2.854409 -2.238741 0.26108 0.52005 0.63221
vt 0.292292 0.183733
vn -0.978370 -0.000000 -0.206860
v -9.827687 2.654716 -2.626224 0.26108 0.52005 0.63221
vt 0.294437 0.184749
vn -0.978370 -0.000000 -0.206860
v -9.909614 2.785849 -2.238741 0.26108 0.52005 0.63221
vt 0.292364 0.183907
vn -0.978370 -0.000000 -0.206860
f 388/388/388 389/389/389 390/390/390
v -9.591752 2.785849 -1.878764 0.26108 0.52005 0.63221
vt 0.290353 0.185302
vn 0.995973 0.000000 -0.089654
v -9.591752 2.483863 -1.878764 0.26108 0.52005 0.63221
vt 0.290672 0.186063
vn 0.995973 0.000000 -0.089654
v -9.624156 2.518673 -2.238741 0.26108 0.52005 0.63221
vt 0.292491 0.185935
vn 0.995973 0.000000 -0.089654
f 391/391/391 392/392/392 393/393/393
v -9.624156 2.518673 -2.238741 0.26108 0.52005 0.63221
vt 0.292491 0.185935
vn 0.995973 0.000000 -0.089654
v -9.624156 2.785849 -2.238741 0.26108 0.52005 0.63221
vt 0.292211 0.185262
vn 0.995973 0.000000 -0.089654
v -9.591752 2.785849 -1.878764 0.26108 0.52005 0.63221
vt 0.290353 0.185302
vn 0.995973 0.000000 -0.089654
f 394/394/394 395/395/395 396/396/396
v -9.942017 2.785849 -1.878764 0.26108 0.52005 0.63221
vt 0.290541 0.183640
vn -0.995973 -0.000000 -0.089652
v -9.909614 2.518673 -2.238741 0.26108 0.52005 0.63221
vt 0.292643 0.184582
vn -0.995973 -0.000000 -0.089652
v -9.942017 2.483863 -1.878764 0.26108 0.52005 0.63221
vt 0.290859 0.184403
vn -0.995973 -0.000000 -0.089652
f 397/397/397 398/398/398 399/399/399
v -9.909614 2.518673 -2.238741 0.26108 0.52005 0.63221
vt 0.292643 0.184582
vn -0.995973 0.000000 -0.089652
v -9.942017 2.785849 -1.878764 0.26108 0.52005 0.63221
vt 0.290541 0.183640
vn -0.995973 0.000000 -0.089652
v -9.909614 2.785849 -2.238741 0.26108 0.52005 0.63221
vt 0.292364 0.183907
vn -0.995973 0.000000 -0.089652
f 400/400/400 401/401/401 402/402/402
v -9.624156 2.518673 -2.238741 0.26108 0.52005 0.63221
vt 0.292491 0.185935
vn -0.000000 -0.982799 -0.184676
v -9.909614 2.518673 -2.238741 0.26108 0.52005 0.63221
vt 0.292643 0.184582
vn -0.000000 -0.982799 -0.184676
v -9.827687 2.591484 -2.626224 0.26108 0.52005 0.63221
vt 0.294503 0.184908
vn -0.000000 -0.982799 -0.184676
f 403/403/403 404/404/404 405/405/405
v -9.827687 2.591484 -2.626224 0.26108 0.52005 0.63221
vt 0.294503 0.184908
vn 0.000000 -0.982799 -0.184676
v -9.706082 2.591484 -2.626224 0.26108 0.52005 0.63221
vt 0.294438 0.185485
vn 0.000000 -0.982799 -0.184676
v -9.624156 2.518673 -2.238741 0.26108 0.52005 0.63221
vt 0.292491 0.185935
vn 0.000000 -0.982799 -0.184676
f 406/406/406 407/407/407 408/408/408
v -9.624156 2.785849 -2.238741 0.26108 0.52005 0.63221
vt 0.292211 0.185262
vn 0.995973 0.000000 -0.089654
v -9.624156 2.854409 -2.238741 0.26108 0.52005 0.63221
vt 0.292139 0.185089
vn 0.995973 0.000000 -0.089654
v -9.591752 2.854409 -1.878764 0.26108 0.52005 0.63221
vt 0.290280 0.185129
vn 0.995973 0.000000 -0.089654
f 409/409/409 410/410/410 411/411/411
v -9.591752 2.854409 -1.878764 0.26108 0.52005 0.63221
vt 0.290280 0.185129
vn 0.995973 0.000000 -0.089654
v -9.591752 2.785849 -1.878764 0.26108 0.52005 0.63221
vt 0.290353 0.185302
vn 0.995973 0.000000 -0.089654
v -9.624156 2.785849 -2.238741 0.26108 0.52005 0.63221
vt 0.292211 0.185262
vn 0.995973 0.000000 -0.089654
f 412/412/412 413/413/413 414/414/414
v -9.591752 2.854409 -1.878764 0.26108 0.52005 0.63221
vt 0.290280 0.185129
vn 0.000000 1.000000 0.000000
v -9.909614 2.854409 -2.238741 0.26108 0.52005 0.63221
vt 0.292292 0.183733
vn 0.000000 1.000000 0.000000
v -9.942017 2.854409 -1.878764 0.26108 0.52005 0.63221
vt 0.290468 0.183466
vn 0.000000 1.000000 0.000000
f 415/415/415 416/416/416 417/417/417
v -9.909614 2.854409 -2.238741 0.26108 0.52005 0.63221
vt 0.292292 0.183733
vn 0.000000 1.000000 0.000000
v -9.591752 2.854409 -1.878764 0.26108 0.52005 0.63221
vt 0.290280 0.185129
vn 0.000000 1.000000 0.000000
v -9.624156 2.854409 -2.238741 0.26108 0.52005 0.63221
vt 0.292139 0.185089
vn 0.000000 1.000000 0.000000
f 418/418/418 419/419/419 420/420/420
v -9.942017 2.854409 -1.878764 0.26108 0.52005 0.63221
vt 0.290468 0.183466
vn -0.995973 -0.000000 -0.089652
v -9.909614 2.785849 -2.238741 0.26108 0.52005 0.63221
vt 0.292364 0.183907
vn -0.995973 -0.000000 -0.089652
v -9.942017 2.785849 -1.878764 0.26108 0.52005 0.63221
vt 0.290541 0.183640
vn -0.995973 -0.000000 -0.089652
f 421/421/421 422/422/422 423/423/423
v -9.909614 2.785849 -2.238741 0.26108 0.52005 0.63221
vt 0.292364 0.183907
vn -0.995973 0.000000 -0.089652
v -9.942017 2.854409 -1.878764 0.26108 0.52005 0.63221
vt 0.290468 0.183466
vn -0.995973 0.000000 -0.089652
v -9.909614 2.854409 -2.238741 0.26108 0.52005 0.63221
vt 0.292292 0.183733
vn -0.995973 0.000000 -0.089652
f 424/424/424 425/425/425 426/426/426
v -9.624156 2.785849 -2.238741 0.26108 0.52005 0.63221
vt 0.292211 0.185262
vn 0.978371 0.000000 -0.206859
v -9.624156 2.518673 -2.238741 0.26108 0.52005 0.63221
vt 0.292491 0.185935
vn 0.978371 0.000000 -0.206859
v -9.706082 2.591484 -2.626224 0.26108 0.52005 0.63221
vt 0.294438 0.185485
vn 0.978371 0.000000 -0.206859
f 427/427/427 428/428/428 429/429/429
v -9.706082 2.591484 -2.626224 0.26108 0.52005 0.63221
vt 0.294438 0.185485
vn 0.978371 0.000000 -0.206859
v -9.706082 2.654716 -2.626224 0.26108 0.52005 0.63221
vt 0.294373 0.185326
vn 0.978371 0.000000 -0.206859
v -9.624156 2.785849 -2.238741 0.26108 0.52005 0.63221
vt 0.292211 0.185262
vn 0.978371 0.000000 -0.206859
f 430/430/430 431/431/431 432/432/432
v 6.608085 2.419571 -1.651870 0.26108 0.52005 0.63221
vt 0.280765 0.264120
vn 0.978371 0.000000 -0.206859
v 6.690011 2.550704 -1.264387 0.26108 0.52005 0.63221
vt 0.278562 0.264113
vn 0.978371 0.000000 -0.206859
v 6.690011 2.283527 -1.264387 0.26108 0.52005 0.63221
vt 0.278865 0.264687
vn 0.978371 0.000000 -0.206859
f 433/433/433 434/434/434 435/435/435
v 6.690011 2.283527 -1.264387 0.26108 0.52005 0.63221
vt 0.278865 0.264687
vn 0.978371 0.000000 -0.206859
v 6.608085 2.356338 -1.651870 0.26108 0.52005 0.63221
vt 0.280836 0.264256
vn 0.978371 0.000000 -0.206859
v 6.608085 2.419571 -1.651870 0.26108 0.52005 0.63221
vt 0.280765 0.264120
vn 0.978371 0.000000 -0.206859
f 436/436/436 437/437/437 438/438/438
v 6.486480 2.419571 -1.651870 0.26108 0.52005 0.63221
vt 0.280832 0.263526
vn 0.000000 0.000000 -1.000000
v 6.608085 2.356338 -1.651870 0.26108 0.52005 0.63221
vt 0.280836 0.264256
vn 0.000000 0.000000 -1.000000
v 6.486480 2.356338 -1.651870 0.26108 0.52005 0.63221
vt 0.280903 0.263662
vn 0.000000 0.000000 -1.000000
f 439/439/439 440/440/440 441/441/441
v 6.608085 2.356338 -1.651870 0.26108 0.52005 0.63221
vt 0.280836 0.264256
vn 0.000000 0.000000 -1.000000
v 6.486480 2.419571 -1.651870 0.26108 0.52005 0.63221
vt 0.280832 0.263526
vn 0.000000 0.000000 -1.000000
v 6.608085 2.419571 -1.651870 0.26108 0.52005 0.63221
vt 0.280765 0.264120
vn 0.000000 0.000000 -1.000000
f 442/442/442 443/443/443 444/444/444
v 6.372150 2.248718 -0.904410 0.26108 0.52005 0.63221
vt 0.277217 0.263093
vn 0.000000 -0.995357 -0.096250
v 6.404553 2.283527 -1.264387 0.26108 0.52005 0.63221
vt 0.279023 0.263293
vn 0.000000 -0.995357 -0.096250
v 6.690011 2.283527 -1.264387 0.26108 0.52005 0.63221
vt 0.278865 0.264687
vn 0.000000 -0.995357 -0.096250
f 445/445/445 446/446/446 447/447/447
v 6.486480 2.488130 -1.651870 0.26108 0.52005 0.63221
vt 0.280755 0.263378
vn 0.000000 0.000000 -1.000000
v 6.608085 2.419571 -1.651870 0.26108 0.52005 0.63221
vt 0.280765 0.264120
vn 0.000000 0.000000 -1.000000
v 6.486480 2.419571 -1.651870 0.26108 0.52005 0.63221
vt 0.280832 0.263526
vn 0.000000 0.000000 -1.000000
f 448/448/448 449/449/449 450/450/450
v 6.608085 2.419571 -1.651870 0.26108 0.52005 0.63221
vt 0.280765 0.264120
vn 0.000000 0.000000 -1.000000
v 6.486480 2.488130 -1.651870 0.26108 0.52005 0.63221
vt 0.280755 0.263378
vn 0.000000 0.000000 -1.000000
v 6.608085 2.488130 -1.651870 0.26108 0.52005 0.63221
vt 0.280688 0.263973
vn 0.000000 0.000000 -1.000000
f 451/451/451 452/452/452 453/453/453
v 6.486480 2.488130 -1.651870 0.26108 0.52005 0.63221
vt 0.280755 0.263378
vn -0.978371 0.000000 -0.206859
v 6.404553 2.550704 -1.264387 0.26108 0.52005 0.63221
vt 0.278721 0.262717
vn -0.978371 0.000000 -0.206859
v 6.404553 2.619263 -1.264387 0.26108 0.52005 0.63221
vt 0.278643 0.262569
vn -0.978371 0.000000 -0.206859
f 454/454/454 455/455/455 456/456/456
v 6.404553 2.550704 -1.264387 0.26108 0.52005 0.63221
vt 0.278721 0.262717
vn -0.978371 0.000000 -0.206859
v 6.486480 2.488130 -1.651870 0.26108 0.52005 0.63221
vt 0.280755 0.263378
vn -0.978371 0.000000 -0.206859
v 6.486480 2.419571 -1.651870 0.26108 0.52005 0.63221
vt 0.280832 0.263526
vn -0.978371 0.000000 -0.206859
f 457/457/457 458/458/458 459/459/459
v 6.608085 2.488130 -1.651870 0.26108 0.52005 0.63221
vt 0.280688 0.263973
vn 0.000000 0.947227 -0.320564
v 6.404553 2.619263 -1.264387 0.26108 0.52005 0.63221
vt 0.278643 0.262569
vn 0.000000 0.947227 -0.320564
v 6.690011 2.619263 -1.264387 0.26108 0.52005 0.63221
vt 0.278485 0.263965
vn 0.000000 0.947227 -0.320564
f 460/460/460 461/461/461 462/462/462
v 6.404553 2.619263 -1.264387 0.26108 0.52005 0.63221
vt 0.278643 0.262569
vn 0.000000 0.947227 -0.320564
v 6.608085 2.488130 -1.651870 0.26108 0.52005 0.63221
vt 0.280688 0.263973
vn 0.000000 0.947227 -0.320564
v 6.486480 2.488130 -1.651870 0.26108 0.52005 0.63221
vt 0.280755 0.263378
vn 0.000000 0.947227 -0.320564
f 463/463/463 464/464/464 465/465/465
v 6.608085 2.488130 -1.651870 0.26108 0.52005 0.63221
vt 0.280688 0.263973
vn 0.978371 0.000000 -0.206859
v 6.690011 2.619263 -1.264387 0.26108 0.52005 0.63221
vt 0.278485 0.263965
vn 0.978371 0.000000 -0.206859
v 6.690011 2.550704 -1.264387 0.26108 0.52005 0.63221
vt 0.278562 0.264113
vn 0.978371 0.000000 -0.206859
f 466/466/466 467/467/467 468/468/468
v 6.690011 2.550704 -1.264387 0.26108 0.52005 0.63221
vt 0.278562 0.264113
vn 0.978371 0.000000 -0.206859
v 6.608085 2.419571 -1.651870 0.26108 0.52005 0.63221
vt 0.280765 0.264120
vn 0.978371 0.000000 -0.206859
v 6.608085 2.488130 -1.651870 0.26108 0.52005 0.63221
vt 0.280688 0.263973
vn 0.978371 0.000000 -0.206859
f 469/469/469 470/470/470 471/471/471
v 6.372150 2.248718 -0.904410 0.26108 0.52005 0.63221
vt 0.277217 0.263093
vn -0.995973 0.000000 -0.089652
v 6.404553 2.550704 -1.264387 0.26108 0.52005 0.63221
vt 0.278721 0.262717
vn -0.995973 0.000000 -0.089652
v 6.404553 2.283527 -1.264387 0.26108 0.52005 0.63221
vt 0.279023 0.263293
vn -0.995973 0.000000 -0.089652
f 472/472/472 473/473/473 474/474/474
v 6.722414 2.248718 -0.904410 0.26108 0.52005 0.63221
vt 0.277022 0.264803
vn 0.995973 0.000000 -0.089652
v 6.690011 2.283527 -1.264387 0.26108 0.52005 0.63221
vt 0.278865 0.264687
vn 0.995973 0.000000 -0.089652
v 6.690011 2.550704 -1.264387 0.26108 0.52005 0.63221
vt 0.278562 0.264113
vn 0.995973 0.000000 -0.089652
f 475/475/475 476/476/476 477/477/477
v 6.608085 2.356338 -1.651870 0.26108 0.52005 0.63221
vt 0.280836 0.264256
vn 0.000000 -0.982799 -0.184676
v 6.690011 2.283527 -1.264387 0.26108 0.52005 0.63221
vt 0.278865 0.264687
vn 0.000000 -0.982799 -0.184676
v 6.404553 2.283527 -1.264387 0.26108 0.52005 0.63221
vt 0.279023 0.263293
vn 0.000000 -0.982799 -0.184676
f 478/478/478 479/479/479 480/480/480
v 6.404553 2.283527 -1.264387 0.26108 0.52005 0.63221
vt 0.279023 0.263293
vn 0.000000 -0.982799 -0.184676
v 6.486480 2.356338 -1.651870 0.26108 0.52005 0.63221
vt 0.280903 0.263662
vn 0.000000 -0.982799 -0.184676
v 6.608085 2.356338 -1.651870 0.26108 0.52005 0.63221
vt 0.280836 0.264256
vn 0.000000 -0.982799 -0.184676
f 481/481/481 482/482/482 483/483/483
v 6.372150 2.550704 -0.904410 0.26108 0.52005 0.63221
vt 0.276873 0.262442
vn -0.995973 0.000000 -0.089652
v 6.404553 2.619263 -1.264387 0.26108 0.52005 0.63221
vt 0.278643 0.262569
vn -0.995973 0.000000 -0.089652
v 6.404553 2.550704 -1.264387 0.26108 0.52005 0.63221
vt 0.278721 0.262717
vn -0.995973 0.000000 -0.089652
f 484/484/484 485/485/485 486/486/486
v 6.372150 2.619263 -0.904410 0.26108 0.52005 0.63221
vt 0.276794 0.262294
vn 0.000000 1.000000 0.000000
v 6.690011 2.619263 -1.264387 0.26108 0.52005 0.63221
vt 0.278485 0.263965
vn 0.000000 1.000000 0.000000
v 6.404553 2.619263 -1.264387 0.26108 0.52005 0.63221
vt 0.278643 0.262569
vn 0.000000 1.000000 0.000000
f 487/487/487 488/488/488 489/489/489
v 6.722414 2.550704 -0.904410 0.26108 0.52005 0.63221
vt 0.276678 0.264154
vn 0.995973 0.000000 -0.089652
v 6.690011 2.550704 -1.264387 0.26108 0.52005 0.63221
vt 0.278562 0.264113
vn 0.995973 0.000000 -0.089652
v 6.690011 2.619263 -1.264387 0.26108 0.52005 0.63221
vt 0.278485 0.263965
vn 0.995973 0.000000 -0.089652
f 490/490/490 491/491/491 492/492/492
v 6.486480 2.419571 -1.651870 0.26108 0.52005 0.63221
vt 0.280832 0.263526
vn -0.978371 0.000000 -0.206859
v 6.404553 2.283527 -1.264387 0.26108 0.52005 0.63221
vt 0.279023 0.263293
vn -0.978371 0.000000 -0.206859
v 6.404553 2.550704 -1.264387 0.26108 0.52005 0.63221
vt 0.278721 0.262717
vn -0.978371 0.000000 -0.206859
f 493/493/493 494/494/494 495/495/495
v 6.404553 2.283527 -1.264387 0.26108 0.52005 0.63221
vt 0.279023 0.263293
vn -0.978371 0.000000 -0.206859
v 6.486480 2.419571 -1.651870 0.26108 0.52005 0.63221
vt 0.280832 0.263526
vn -0.978371 0.000000 -0.206859
v 6.486480 2.356338 -1.651870 0.26108 0.52005 0.63221
vt 0.280903 0.263662
vn -0.978371 0.000000 -0.206859
f 496/496/496 497/497/497 498/498/498
v -6.608085 2.356338 -1.651870 0.26108 0.52005 0.63221
vt 0.288045 0.200490
vn -0.978371 0.000000 -0.206859
v -6.690011 2.550704 -1.264387 0.26108 0.52005 0.63221
vt 0.285897 0.199500
vn -0.978371 0.000000 -0.206859
v -6.608085 2.419571 -1.651870 0.26108 0.52005 0.63221
vt 0.287978 0.200335
vn -0.978371 0.000000 -0.206859
f 499/499/499 500/500/500 501/501/501
v -6.690011 2.550704 -1.264387 0.26108 0.52005 0.63221
vt 0.285897 0.199500
vn -0.978371 -0.000000 -0.206859
v -6.608085 2.356338 -1.651870 0.26108 0.52005 0.63221
vt 0.288045 0.200490
vn -0.978371 -0.000000 -0.206859
v -6.690011 2.283527 -1.264387 0.26108 0.52005 0.63221
vt 0.286186 0.200155
vn -0.978371 -0.000000 -0.206859
f 502/502/502 503/503/503 504/504/504
v -6.486480 2.419571 -1.651870 0.26108 0.52005 0.63221
vt 0.287912 0.200914
vn -0.000000 0.000000 -1.000000
v -6.608085 2.356338 -1.651870 0.26108 0.52005 0.63221
vt 0.288045 0.200490
vn -0.000000 0.000000 -1.000000
v -6.608085 2.419571 -1.651870 0.26108 0.52005 0.63221
vt 0.287978 0.200335
vn -0.000000 0.000000 -1.000000
f 505/505/505 506/506/506 507/507/507
v -6.608085 2.356338 -1.651870 0.26108 0.52005 0.63221
vt 0.288045 0.200490
vn 0.000000 0.000000 -1.000000
v -6.486480 2.419571 -1.651870 0.26108 0.52005 0.63221
vt 0.287912 0.200914
vn 0.000000 0.000000 -1.000000
v -6.486480 2.356338 -1.651870 0.26108 0.52005 0.63221
vt 0.287980 0.201069
vn 0.000000 0.000000 -1.000000
f 508/508/508 509/509/509 510/510/510
v -6.690011 2.283527 -1.264387 0.26108 0.52005 0.63221
vt 0.286186 0.200155
vn 0.000000 -0.995357 -0.096250
v -6.404553 2.283527 -1.264387 0.26108 0.52005 0.63221
vt 0.286031 0.201515
vn 0.000000 -0.995357 -0.096250
v -6.372150 2.248718 -0.904410 0.26108 0.52005 0.63221
vt 0.284210 0.201640
vn 0.000000 -0.995357 -0.096250
f 511/511/511 512/512/512 513/513/513
v -6.486480 2.488130 -1.651870 0.26108 0.52005 0.63221
vt 0.287839 0.200747
vn -0.000000 0.000000 -1.000000
v -6.608085 2.419571 -1.651870 0.26108 0.52005 0.63221
vt 0.287978 0.200335
vn -0.000000 0.000000 -1.000000
v -6.608085 2.488130 -1.651870 0.26108 0.52005 0.63221
vt 0.287904 0.200167
vn -0.000000 0.000000 -1.000000
f 514/514/514 515/515/515 516/516/516
v -6.608085 2.419571 -1.651870 0.26108 0.52005 0.63221
vt 0.287978 0.200335
vn 0.000000 0.000000 -1.000000
v -6.486480 2.488130 -1.651870 0.26108 0.52005 0.63221
vt 0.287839 0.200747
vn 0.000000 0.000000 -1.000000
v -6.486480 2.419571 -1.651870 0.26108 0.52005 0.63221
vt 0.287912 0.200914
vn 0.000000 0.000000 -1.000000
f 517/517/517 518/518/518 519/519/519
v -6.404553 2.619263 -1.264387 0.26108 0.52005 0.63221
vt 0.285668 0.200694
vn 0.978371 0.000000 -0.206859
v -6.404553 2.550704 -1.264387 0.26108 0.52005 0.63221
vt 0.285742 0.200862
vn 0.978371 0.000000 -0.206859
v -6.486480 2.419571 -1.651870 0.26108 0.52005 0.63221
vt 0.287912 0.200914
vn 0.978371 0.000000 -0.206859
f 520/520/520 521/521/521 522/522/522
v -6.486480 2.419571 -1.651870 0.26108 0.52005 0.63221
vt 0.287912 0.200914
vn 0.978371 0.000000 -0.206859
v -6.486480 2.488130 -1.651870 0.26108 0.52005 0.63221
vt 0.287839 0.200747
vn 0.978371 0.000000 -0.206859
v -6.404553 2.619263 -1.264387 0.26108 0.52005 0.63221
vt 0.285668 0.200694
vn 0.978371 0.000000 -0.206859
f 523/523/523 524/524/524 525/525/525
v -6.608085 2.488130 -1.651870 0.26108 0.52005 0.63221
vt 0.287904 0.200167
vn 0.000000 0.947227 -0.320564
v -6.404553 2.619263 -1.264387 0.26108 0.52005 0.63221
vt 0.285668 0.200694
vn 0.000000 0.947227 -0.320564
v -6.486480 2.488130 -1.651870 0.26108 0.52005 0.63221
vt 0.287839 0.200747
vn 0.000000 0.947227 -0.320564
f 526/526/526 527/527/527 528/528/528
v -6.404553 2.619263 -1.264387 0.26108 0.52005 0.63221
vt 0.285668 0.200694
vn 0.000000 0.947227 -0.320564
v -6.608085 2.488130 -1.651870 0.26108 0.52005 0.63221
vt 0.287904 0.200167
vn 0.000000 0.947227 -0.320564
v -6.690011 2.619263 -1.264387 0.26108 0.52005 0.63221
vt 0.285823 0.199332
vn 0.000000 0.947227 -0.320564
f 529/529/529 530/530/530 531/531/531
v -6.608085 2.419571 -1.651870 0.26108 0.52005 0.63221
vt 0.287978 0.200335
vn -0.978371 0.000000 -0.206859
v -6.690011 2.619263 -1.264387 0.26108 0.52005 0.63221
vt 0.285823 0.199332
vn -0.978371 0.000000 -0.206859
v -6.608085 2.488130 -1.651870 0.26108 0.52005 0.63221
vt 0.287904 0.200167
vn -0.978371 0.000000 -0.206859
f 532/532/532 533/533/533 534/534/534
v -6.690011 2.619263 -1.264387 0.26108 0.52005 0.63221
vt 0.285823 0.199332
vn -0.978371 -0.000000 -0.206859
v -6.608085 2.419571 -1.651870 0.26108 0.52005 0.63221
vt 0.287978 0.200335
vn -0.978371 -0.000000 -0.206859
v -6.690011 2.550704 -1.264387 0.26108 0.52005 0.63221
vt 0.285897 0.199500
vn -0.978371 -0.000000 -0.206859
f 535/535/535 536/536/536 537/537/537
v -6.404553 2.283527 -1.264387 0.26108 0.52005 0.63221
vt 0.286031 0.201515
vn 0.995973 0.000000 -0.089652
v -6.404553 2.550704 -1.264387 0.26108 0.52005 0.63221
vt 0.285742 0.200862
vn 0.995973 0.000000 -0.089652
v -6.372150 2.550704 -0.904410 0.26108 0.52005 0.63221
vt 0.283881 0.200902
vn 0.995973 0.000000 -0.089652
f 538/538/538 539/539/539 540/540/540
v -6.690011 2.283527 -1.264387 0.26108 0.52005 0.63221
vt 0.286186 0.200155
vn -0.995973 0.000000 -0.089652
v -6.722414 2.550704 -0.904410 0.26108 0.52005 0.63221
vt 0.284071 0.199232
vn -0.995973 0.000000 -0.089652
v -6.690011 2.550704 -1.264387 0.26108 0.52005 0.63221
vt 0.285897 0.199500
vn -0.995973 0.000000 -0.089652
f 541/541/541 542/542/542 543/543/543
v -6.404553 2.283527 -1.264387 0.26108 0.52005 0.63221
vt 0.286031 0.201515
vn -0.000000 -0.982799 -0.184676
v -6.690011 2.283527 -1.264387 0.26108 0.52005 0.63221
vt 0.286186 0.200155
vn -0.000000 -0.982799 -0.184676
v -6.608085 2.356338 -1.651870 0.26108 0.52005 0.63221
vt 0.288045 0.200490
vn -0.000000 -0.982799 -0.184676
f 544/544/544 545/545/545 546/546/546
v -6.608085 2.356338 -1.651870 0.26108 0.52005 0.63221
vt 0.288045 0.200490
vn 0.000000 -0.982799 -0.184676
v -6.486480 2.356338 -1.651870 0.26108 0.52005 0.63221
vt 0.287980 0.201069
vn 0.000000 -0.982799 -0.184676
v -6.404553 2.283527 -1.264387 0.26108 0.52005 0.63221
vt 0.286031 0.201515
vn 0.000000 -0.982799 -0.184676
f 547/547/547 548/548/548 549/549/549
v -6.404553 2.550704 -1.264387 0.26108 0.52005 0.63221
vt 0.285742 0.200862
vn 0.995973 0.000000 -0.089652
v -6.404553 2.619263 -1.264387 0.26108 0.52005 0.63221
vt 0.285668 0.200694
vn 0.995973 0.000000 -0.089652
v -6.372150 2.619263 -0.904410 0.26108 0.52005 0.63221
vt 0.283806 0.200734
vn 0.995973 0.000000 -0.089652
f 550/550/550 551/551/551 552/552/552
v -6.690011 2.619263 -1.264387 0.26108 0.52005 0.63221
vt 0.285823 0.199332
vn 0.000000 1.000000 0.000000
v -6.372150 2.619263 -0.904410 0.26108 0.52005 0.63221
vt 0.283806 0.200734
vn 0.000000 1.000000 0.000000
v -6.404553 2.619263 -1.264387 0.26108 0.52005 0.63221
vt 0.285668 0.200694
vn 0.000000 1.000000 0.000000
f 553/553/553 554/554/554 555/555/555
v -6.690011 2.550704 -1.264387 0.26108 0.52005 0.63221
vt 0.285897 0.199500
vn -0.995973 0.000000 -0.089652
v -6.722414 2.619263 -0.904410 0.26108 0.52005 0.63221
vt 0.283996 0.199063
vn -0.995973 0.000000 -0.089652
v -6.690011 2.619263 -1.264387 0.26108 0.52005 0.63221
vt 0.285823 0.199332
vn -0.995973 0.000000 -0.089652
f 556/556/556 557/557/557 558/558/558
v -6.404553 2.550704 -1.264387 0.26108 0.52005 0.63221
vt 0.285742 0.200862
vn 0.978371 0.000000 -0.206859
v -6.404553 2.283527 -1.264387 0.26108 0.52005 0.63221
vt 0.286031 0.201515
vn 0.978371 0.000000 -0.206859
v -6.486480 2.356338 -1.651870 0.26108 0.52005 0.63221
vt 0.287980 0.201069
vn 0.978371 0.000000 -0.206859
f 559/559/559 560/560/560 561/561/561
v -6.486480 2.356338 -1.651870 0.26108 0.52005 0.63221
vt 0.287980 0.201069
vn 0.978371 0.000000 -0.206859
v -6.486480 2.419571 -1.651870 0.26108 0.52005 0.63221
vt 0.287912 0.200914
vn 0.978371 0.000000 -0.206859
v -6.404553 2.550704 -1.264387 0.26108 0.52005 0.63221
vt 0.285742 0.200862
vn 0.978371 0.000000 -0.206859
f 562/562/562 563/563/563 564/564/564
v 3.845841 2.199223 -1.129391 0.26108 0.52005 0.63221
vt 0.279834 0.250976
vn 0.000000 0.000000 -1.000000
v 3.967446 2.135990 -1.129391 0.26108 0.52005 0.63221
vt 0.279838 0.251706
vn 0.000000 0.000000 -1.000000
v 3.845841 2.135990 -1.129391 0.26108 0.52005 0.63221
vt 0.279905 0.251115
vn 0.000000 0.000000 -1.000000
f 565/565/565 566/566/566 567/567/567
v 3.967446 2.135990 -1.129391 0.26108 0.52005 0.63221
vt 0.279838 0.251706
vn 0.000000 0.000000 -1.000000
v 3.845841 2.199223 -1.129391 0.26108 0.52005 0.63221
vt 0.279834 0.250976
vn 0.000000 0.000000 -1.000000
v 3.967446 2.199223 -1.129391 0.26108 0.52005 0.63221
vt 0.279767 0.251566
vn 0.000000 0.000000 -1.000000
f 568/568/568 569/569/569 570/570/570
v 3.845841 2.267782 -1.129391 0.26108 0.52005 0.63221
vt 0.279757 0.250824
vn 0.000000 0.000000 -1.000000
v 3.967446 2.199223 -1.129391 0.26108 0.52005 0.63221
vt 0.279767 0.251566
vn 0.000000 0.000000 -1.000000
v 3.845841 2.199223 -1.129391 0.26108 0.52005 0.63221
vt 0.279834 0.250976
vn 0.000000 0.000000 -1.000000
f 571/571/571 572/572/572 573/573/573
v 3.967446 2.199223 -1.129391 0.26108 0.52005 0.63221
vt 0.279767 0.251566
vn 0.000000 0.000000 -1.000000
v 3.845841 2.267782 -1.129391 0.26108 0.52005 0.63221
vt 0.279757 0.250824
vn 0.000000 0.000000 -1.000000
v 3.967446 2.267782 -1.129391 0.26108 0.52005 0.63221
vt 0.279690 0.251415
vn 0.000000 0.000000 -1.000000
f 574/574/574 575/575/575 576/576/576
v -3.845841 2.199223 -1.129391 0.26108 0.52005 0.63221
vt 0.284045 0.213895
vn -0.000000 0.000000 -1.000000
v -3.967446 2.135990 -1.129391 0.26108 0.52005 0.63221
vt 0.284180 0.213463
vn -0.000000 0.000000 -1.000000
v -3.967446 2.199223 -1.129391 0.26108 0.52005 0.63221
vt 0.284111 0.213313
vn -0.000000 0.000000 -1.000000
f 577/577/577 578/578/578 579/579/579
v -3.967446 2.135990 -1.129391 0.26108 0.52005 0.63221
vt 0.284180 0.213463
vn 0.000000 0.000000 -1.000000
v -3.845841 2.199223 -1.129391 0.26108 0.52005 0.63221
vt 0.284045 0.213895
vn 0.000000 0.000000 -1.000000
v -3.845841 2.135990 -1.129391 0.26108 0.52005 0.63221
vt 0.284114 0.214045
vn 0.000000 0.000000 -1.000000
f 580/580/580 581/581/581 582/582/582
v -3.845841 2.267782 -1.129391 0.26108 0.52005 0.63221
vt 0.283970 0.213731
vn -0.000000 0.000000 -1.000000
v -3.967446 2.199223 -1.129391 0.26108 0.52005 0.63221
vt 0.284111 0.213313
vn -0.000000 0.000000 -1.000000
v -3.967446 2.267782 -1.129391 0.26108 0.52005 0.63221
vt 0.284036 0.213149
vn -0.000000 0.000000 -1.000000
f 583/583/583 584/584/584 585/585/585
v -3.967446 2.199223 -1.129391 0.26108 0.52005 0.63221
vt 0.284111 0.213313
vn 0.000000 0.000000 -1.000000
v -3.845841 2.267782 -1.129391 0.26108 0.52005 0.63221
vt 0.283970 0.213731
vn 0.000000 0.000000 -1.000000
v -3.845841 2.199223 -1.129391 0.26108 0.52005 0.63221
vt 0.284045 0.213895
vn 0.000000 0.000000 -1.000000
f 586/586/586 587/587/587 588/588/588
v 13.736420 3.074768 -2.579854 0.26108 0.52005 0.63221
vt 0.280901 0.298195
vn 1.000000 0.000000 0.000000
v 13.736420 3.229814 -2.579854 0.26108 0.52005 0.63221
vt 0.280725 0.297885
vn 1.000000 0.000000 0.000000
v 13.736420 3.152513 -2.314563 0.26108 0.52005 0.63221
vt 0.279423 0.297952
vn 1.000000 0.000000 0.000000
f 589/589/589 590/590/590 591/591/591
v 13.736420 3.152513 -2.314563 0.26108 0.52005 0.63221
vt 0.279423 0.297952
vn 1.000000 0.000000 0.000000
v 13.736420 3.074768 -2.255143 0.26108 0.52005 0.63221
vt 0.279201 0.298088
vn 1.000000 0.000000 0.000000
v 13.736420 3.074768 -2.579854 0.26108 0.52005 0.63221
vt 0.280901 0.298195
vn 1.000000 0.000000 0.000000
f 592/592/592 593/593/593 594/594/594
v 13.173198 3.208008 -2.498038 0.82273 0.82503 0.80433
vt 0.308584 0.923628
vn -0.058419 0.995028 -0.080666
v 13.736420 3.191429 -3.110435 0.82273 0.82503 0.80433
vt 0.314409 0.931386
vn -0.058419 0.995028 -0.080666
v 13.098712 3.171902 -2.889473 0.82273 0.82503 0.80433
vt 0.313233 0.923328
vn -0.058419 0.995028 -0.080666
f 595/595/595 596/596/596 597/597/597
v 13.736420 3.191429 -3.110435 0.82273 0.82503 0.80433
vt 0.314409 0.931386
vn -0.125567 0.981861 -0.142065
v 13.173198 3.208008 -2.498038 0.82273 0.82503 0.80433
vt 0.308584 0.923628
vn -0.125567 0.981861 -0.142065
v 13.736420 3.229814 -2.845144 0.82273 0.82503 0.80433
vt 0.311327 0.931037
vn -0.125567 0.981861 -0.142065
f 598/598/598 599/599/599 600/600/600
v 13.736420 3.074768 -2.255143 0.26108 0.52005 0.63221
vt 0.279201 0.298088
vn 0.749928 0.401704 0.525587
v 13.736420 3.152513 -2.314563 0.26108 0.52005 0.63221
vt 0.279423 0.297952
vn 0.749928 0.401704 0.525587
v 13.322171 3.141612 -1.715167 0.26108 0.52005 0.63221
vt 0.276529 0.295718
vn 0.749928 0.401704 0.525587
f 601/601/601 602/602/602 603/603/603
v 13.322171 3.141612 -1.715167 0.26108 0.52005 0.63221
vt 0.276529 0.295718
vn 0.760890 0.361280 0.539002
v 13.322171 3.052961 -1.655747 0.26108 0.52005 0.63221
vt 0.276321 0.295876
vn 0.760890 0.361280 0.539002
v 13.736420 3.074768 -2.255143 0.26108 0.52005 0.63221
vt 0.279201 0.298088
vn 0.760890 0.361280 0.539002
f 604/604/604 605/605/605 606/606/606
v 13.736420 3.052585 -3.289862 0.82273 0.82503 0.80433
vt 0.316728 0.931242
vn -0.184605 -0.777274 -0.601470
v 13.736420 2.913741 -3.110435 0.82273 0.82503 0.80433
vt 0.314993 0.930454
vn -0.184605 -0.777274 -0.601470
v 13.098712 2.894213 -2.889473 0.82273 0.82503 0.80433
vt 0.313819 0.922422
vn -0.184605 -0.777274 -0.601470
f 607/607/607 608/608/608 609/609/609
v 13.098712 2.894213 -2.889473 0.82273 0.82503 0.80433
vt 0.313819 0.922422
vn -0.224184 -0.729884 -0.645764
v 13.098712 3.052961 -3.068900 0.82273 0.82503 0.80433
vt 0.315508 0.923262
vn -0.224184 -0.729884 -0.645764
v 13.736420 3.052585 -3.289862 0.82273 0.82503 0.80433
vt 0.316728 0.931242
vn -0.224184 -0.729884 -0.645764
f 610/610/610 611/611/611 612/612/612
v 13.736420 2.919721 -2.579854 0.26108 0.52005 0.63221
vt 0.281076 0.298505
vn 0.433169 -0.865326 0.252142
v 13.736420 2.997022 -2.314563 0.26108 0.52005 0.63221
vt 0.279600 0.298263
vn 0.433169 -0.865326 0.252142
v 13.322171 2.964310 -1.715167 0.26108 0.52005 0.63221
vt 0.276734 0.296074
vn 0.433169 -0.865326 0.252142
f 613/613/613 614/614/614 615/615/615
v 13.322171 2.964310 -1.715167 0.26108 0.52005 0.63221
vt 0.276734 0.296074
vn 0.172148 -0.976078 0.132805
v 13.247685 2.897914 -2.106602 0.26108 0.52005 0.63221
vt 0.278899 0.295966
vn 0.172148 -0.976078 0.132805
v 13.736420 2.919721 -2.579854 0.26108 0.52005 0.63221
vt 0.281076 0.298505
vn 0.172148 -0.976078 0.132805
f 616/616/616 617/617/617 618/618/618
v 11.586430 2.756824 -1.365481 0.26108 0.52005 0.63221
vt 0.276121 0.287783
vn 0.145026 -0.979675 0.138577
v 13.247685 2.897914 -2.106602 0.26108 0.52005 0.63221
vt 0.278899 0.295966
vn 0.145026 -0.979675 0.138577
v 13.322171 2.964310 -1.715167 0.26108 0.52005 0.63221
vt 0.276734 0.296074
vn 0.145026 -0.979675 0.138577
f 619/619/619 620/620/620 621/621/621
v 13.322171 2.964310 -1.715167 0.26108 0.52005 0.63221
vt 0.276734 0.296074
vn 0.139761 -0.984075 0.109832
v 11.768456 2.832431 -0.919689 0.26108 0.52005 0.63221
vt 0.273605 0.288382
vn 0.139761 -0.984075 0.109832
v 11.586430 2.756824 -1.365481 0.26108 0.52005 0.63221
vt 0.276121 0.287783
vn 0.139761 -0.984075 0.109832
f 622/622/622 623/623/623 624/624/624
v 9.137359 2.938919 -1.663028 0.82273 0.82503 0.80433
vt 0.307867 0.873689
vn -0.266327 0.666431 -0.696376
v 11.118036 2.902195 -2.455678 0.82273 0.82503 0.80433
vt 0.312879 0.898260
vn -0.266327 0.666431 -0.696376
v 9.137359 2.751429 -1.842456 0.82273 0.82503 0.80433
vt 0.310275 0.873504
vn -0.266327 0.666431 -0.696376
f 625/625/625 626/626/626 627/627/627
v 11.118036 2.902195 -2.455678 0.82273 0.82503 0.80433
vt 0.312879 0.898260
vn -0.238671 0.738492 -0.630608
v 9.137359 2.938919 -1.663028 0.82273 0.82503 0.80433
vt 0.307867 0.873689
vn -0.238671 0.738492 -0.630608
v 11.118036 3.055411 -2.276251 0.82273 0.82503 0.80433
vt 0.310538 0.898396
vn -0.238671 0.738492 -0.630608
f 628/628/628 629/629/629 630/630/630
v 13.247685 3.208008 -2.106602 0.26108 0.52005 0.63221
vt 0.278544 0.295343
vn -0.034631 0.999378 0.006590
v 13.736420 3.229814 -2.845144 0.26108 0.52005 0.63221
vt 0.282115 0.297973
vn -0.034631 0.999378 0.006590
v 13.173198 3.208008 -2.498038 0.26108 0.52005 0.63221
vt 0.280636 0.295103
vn -0.034631 0.999378 0.006590
f 631/631/631 632/632/632 633/633/633
v 13.736420 3.229814 -2.845144 0.26108 0.52005 0.63221
vt 0.282115 0.297973
vn -0.044573 0.999006 0.000000
v 13.247685 3.208008 -2.106602 0.26108 0.52005 0.63221
vt 0.278544 0.295343
vn -0.044573 0.999006 0.000000
v 13.736420 3.229814 -2.579854 0.26108 0.52005 0.63221
vt 0.280725 0.297885
vn -0.044573 0.999006 0.000000
f 634/634/634 635/635/635 636/636/636
v 13.322171 3.141612 -1.715167 0.26108 0.52005 0.63221
vt 0.276529 0.295718
vn 0.099400 0.983981 0.147991
v 13.736420 3.229814 -2.579854 0.26108 0.52005 0.63221
vt 0.280725 0.297885
vn 0.099400 0.983981 0.147991
v 13.247685 3.208008 -2.106602 0.26108 0.52005 0.63221
vt 0.278544 0.295343
vn 0.099400 0.983981 0.147991
f 637/637/637 638/638/638 639/639/639
v 13.736420 3.229814 -2.579854 0.26108 0.52005 0.63221
vt 0.280725 0.297885
vn 0.354825 0.897604 0.261547
v 13.322171 3.141612 -1.715167 0.26108 0.52005 0.63221
vt 0.276529 0.295718
vn 0.354825 0.897604 0.261547
v 13.736420 3.152513 -2.314563 0.26108 0.52005 0.63221
vt 0.279423 0.297952
vn 0.354825 0.897604 0.261547
f 640/640/640 641/641/641 642/642/642
v 13.736420 2.919721 -2.845144 0.26108 0.52005 0.63221
vt 0.282464 0.298592
vn 0.044574 -0.999006 0.000000
v 13.736420 2.919721 -2.579854 0.26108 0.52005 0.63221
vt 0.281076 0.298505
vn 0.044574 -0.999006 0.000000
v 13.247685 2.897914 -2.106602 0.26108 0.52005 0.63221
vt 0.278899 0.295966
vn 0.044574 -0.999006 0.000000
f 643/643/643 644/644/644 645/645/645
v 13.247685 2.897914 -2.106602 0.26108 0.52005 0.63221
vt 0.278899 0.295966
vn 0.034632 -0.999378 -0.006590
v 13.173198 2.897914 -2.498038 0.26108 0.52005 0.63221
vt 0.280987 0.295726
vn 0.034632 -0.999378 -0.006590
v 13.736420 2.919721 -2.845144 0.26108 0.52005 0.63221
vt 0.282464 0.298592
vn 0.034632 -0.999378 -0.006590
f 646/646/646 647/647/647 648/648/648
v 13.736420 2.913741 -3.110435 0.82273 0.82503 0.80433
vt 0.314993 0.930454
vn 0.052524 -0.998366 0.022505
v 13.736420 2.919721 -2.845144 0.82273 0.82503 0.80433
vt 0.311990 0.929997
vn 0.052524 -0.998366 0.022505
v 13.173198 2.897914 -2.498038 0.82273 0.82503 0.80433
vt 0.309255 0.922616
vn 0.052524 -0.998366 0.022505
f 649/649/649 650/650/650 651/651/651
v 13.173198 2.897914 -2.498038 0.82273 0.82503 0.80433
vt 0.309255 0.922616
vn 0.031785 -0.999489 0.003403
v 13.098712 2.894213 -2.889473 0.82273 0.82503 0.80433
vt 0.313819 0.922422
vn 0.031785 -0.999489 0.003403
v 13.736420 2.913741 -3.110435 0.82273 0.82503 0.80433
vt 0.314993 0.930454
vn 0.031785 -0.999489 0.003403
f 652/652/652 653/653/653 654/654/654
v 11.369120 2.741646 -1.813488 0.26108 0.52005 0.63221
vt 0.278596 0.286888
vn 0.080515 -0.996636 -0.015321
v 13.173198 2.897914 -2.498038 0.26108 0.52005 0.63221
vt 0.280987 0.295726
vn 0.080515 -0.996636 -0.015321
v 13.247685 2.897914 -2.106602 0.26108 0.52005 0.63221
vt 0.278899 0.295966
vn 0.080515 -0.996636 -0.015321
f 655/655/655 656/656/656 657/657/657
v 13.247685 2.897914 -2.106602 0.26108 0.52005 0.63221
vt 0.278899 0.295966
vn 0.081968 -0.996617 -0.005994
v 11.586430 2.756824 -1.365481 0.26108 0.52005 0.63221
vt 0.276121 0.287783
vn 0.081968 -0.996617 -0.005994
v 11.369120 2.741646 -1.813488 0.26108 0.52005 0.63221
vt 0.278596 0.286888
vn 0.081968 -0.996617 -0.005994
f 658/658/658 659/659/659 660/660/660
v 11.118036 2.740682 -2.276251 0.82273 0.82503 0.80433
vt 0.311209 0.897463
vn 0.075747 -0.997115 -0.004985
v 13.098712 2.894213 -2.889473 0.82273 0.82503 0.80433
vt 0.313819 0.922422
vn 0.075747 -0.997115 -0.004985
v 13.173198 2.897914 -2.498038 0.82273 0.82503 0.80433
vt 0.309255 0.922616
vn 0.075747 -0.997115 -0.004985
f 661/661/661 662/662/662 663/663/663
v 13.173198 2.897914 -2.498038 0.82273 0.82503 0.80433
vt 0.309255 0.922616
vn 0.072247 -0.996696 -0.037124
v 11.369120 2.741646 -1.813488 0.82273 0.82503 0.80433
vt 0.305521 0.899596
vn 0.072247 -0.996696 -0.037124
v 11.118036 2.740682 -2.276251 0.82273 0.82503 0.80433
vt 0.311209 0.897463
vn 0.072247 -0.996696 -0.037124
f 664/664/664 665/665/665 666/666/666
v 13.322171 3.141612 -1.715167 0.26108 0.52005 0.63221
vt 0.276529 0.295718
vn 0.005859 0.992306 0.123670
v 11.586430 3.108279 -1.365481 0.26108 0.52005 0.63221
vt 0.275715 0.287064
vn 0.005859 0.992306 0.123670
v 11.768456 3.051646 -0.919689 0.26108 0.52005 0.63221
vt 0.273349 0.287934
vn 0.005859 0.992306 0.123670
f 667/667/667 668/668/668 669/669/669
v 11.586430 3.108279 -1.365481 0.26108 0.52005 0.63221
vt 0.275715 0.287064
vn 0.014218 0.986260 0.164587
v 13.322171 3.141612 -1.715167 0.26108 0.52005 0.63221
vt 0.276529 0.295718
vn 0.014218 0.986260 0.164587
v 13.247685 3.208008 -2.106602 0.26108 0.52005 0.63221
vt 0.278544 0.295343
vn 0.014218 0.986260 0.164587
f 670/670/670 671/671/671 672/672/672
v 13.322171 3.052961 -1.655747 0.26108 0.52005 0.63221
vt 0.276321 0.295876
vn 0.365806 0.518185 0.773091
v 13.322171 3.141612 -1.715167 0.26108 0.52005 0.63221
vt 0.276529 0.295718
vn 0.365806 0.518185 0.773091
v 11.768456 3.051646 -0.919689 0.26108 0.52005 0.63221
vt 0.273349 0.287934
vn 0.365806 0.518185 0.773091
f 673/673/673 674/674/674 675/675/675
v 11.768456 3.051646 -0.919689 0.26108 0.52005 0.63221
vt 0.273349 0.287934
vn 0.384149 0.440023 0.811671
v 11.768456 2.942038 -0.860268 0.26108 0.52005 0.63221
vt 0.273167 0.288139
vn 0.384149 0.440023 0.811671
v 13.322171 3.052961 -1.655747 0.26108 0.52005 0.63221
vt 0.276321 0.295876
vn 0.384149 0.440023 0.811671
f 676/676/676 677/677/677 678/678/678
v 11.118036 2.902195 -2.455678 0.82273 0.82503 0.80433
vt 0.312879 0.898260
vn -0.147878 -0.735064 -0.661674
v 11.118036 2.740682 -2.276251 0.82273 0.82503 0.80433
vt 0.311209 0.897463
vn -0.147878 -0.735064 -0.661674
v 9.137359 2.587152 -1.663028 0.82273 0.82503 0.80433
vt 0.308624 0.872749
vn -0.147878 -0.735064 -0.661674
f 679/679/679 680/680/680 681/681/681
v 9.137359 2.587152 -1.663028 0.82273 0.82503 0.80433
vt 0.308624 0.872749
vn -0.151170 -0.729083 -0.667522
v 9.137359 2.751429 -1.842456 0.82273 0.82503 0.80433
vt 0.310275 0.873504
vn -0.151170 -0.729083 -0.667522
v 11.118036 2.902195 -2.455678 0.82273 0.82503 0.80433
vt 0.312879 0.898260
vn -0.151170 -0.729083 -0.667522
f 682/682/682 683/683/683 684/684/684
v 13.098712 3.052961 -3.068900 0.82273 0.82503 0.80433
vt 0.315508 0.923262
vn -0.145532 -0.740974 -0.655575
v 13.098712 2.894213 -2.889473 0.82273 0.82503 0.80433
vt 0.313819 0.922422
vn -0.145532 -0.740974 -0.655575
v 11.118036 2.740682 -2.276251 0.82273 0.82503 0.80433
vt 0.311209 0.897463
vn -0.145532 -0.740974 -0.655575
f 685/685/685 686/686/686 687/687/687
v 11.118036 2.740682 -2.276251 0.82273 0.82503 0.80433
vt 0.311209 0.897463
vn -0.148882 -0.734952 -0.661574
v 11.118036 2.902195 -2.455678 0.82273 0.82503 0.80433
vt 0.312879 0.898260
vn -0.148882 -0.734952 -0.661574
v 13.098712 3.052961 -3.068900 0.82273 0.82503 0.80433
vt 0.315508 0.923262
vn -0.148882 -0.734952 -0.661574
f 688/688/688 689/689/689 690/690/690
v 9.137359 2.751429 -1.842456 0.82273 0.82503 0.80433
vt 0.310275 0.873504
vn -0.150175 -0.729195 -0.667625
v 9.137359 2.587152 -1.663028 0.82273 0.82503 0.80433
vt 0.308624 0.872749
vn -0.150175 -0.729195 -0.667625
v 7.156683 2.433621 -1.049806 0.82273 0.82503 0.80433
vt 0.306065 0.848278
vn -0.150175 -0.729195 -0.667625
f 691/691/691 692/692/692 693/693/693
v 7.156683 2.433621 -1.049806 0.82273 0.82503 0.80433
vt 0.306065 0.848278
vn -0.153411 -0.723252 -0.673328
v 7.156683 2.600663 -1.229233 0.82273 0.82503 0.80433
vt 0.307697 0.848990
vn -0.153411 -0.723252 -0.673328
v 9.137359 2.751429 -1.842456 0.82273 0.82503 0.80433
vt 0.310275 0.873504
vn -0.153411 -0.723252 -0.673328
f 694/694/694 695/695/695 696/696/696
v 9.565040 2.978194 -1.128938 0.26108 0.52005 0.63221
vt 0.275765 0.277273
vn -0.064515 0.997914 -0.002516
v 11.586430 3.108279 -1.365481 0.26108 0.52005 0.63221
vt 0.275715 0.287064
vn -0.064515 0.997914 -0.002516
v 11.369120 3.093101 -1.813488 0.26108 0.52005 0.63221
vt 0.278195 0.286167
vn -0.064515 0.997914 -0.002516
f 697/697/697 698/698/698 699/699/699
v 13.247685 3.208008 -2.106602 0.26108 0.52005 0.63221
vt 0.278544 0.295343
vn -0.061660 0.998090 -0.003906
v 11.369120 3.093101 -1.813488 0.26108 0.52005 0.63221
vt 0.278195 0.286167
vn -0.061660 0.998090 -0.003906
v 11.586430 3.108279 -1.365481 0.26108 0.52005 0.63221
vt 0.275715 0.287064
vn -0.061660 0.998090 -0.003906
f 700/700/700 701/701/701 702/702/702
v 11.369120 3.093101 -1.813488 0.26108 0.52005 0.63221
vt 0.278195 0.286167
vn -0.059295 0.998177 0.011283
v 13.247685 3.208008 -2.106602 0.26108 0.52005 0.63221
vt 0.278544 0.295343
vn -0.059295 0.998177 0.011283
v 13.173198 3.208008 -2.498038 0.26108 0.52005 0.63221
vt 0.280636 0.295103
vn -0.059295 0.998177 0.011283
f 703/703/703 704/704/704 705/705/705
v 11.369120 3.093101 -1.813488 0.82273 0.82503 0.80433
vt 0.304748 0.900647
vn -0.070067 0.997393 -0.017237
v 9.137359 2.938919 -1.663028 0.82273 0.82503 0.80433
vt 0.307867 0.873689
vn -0.070067 0.997393 -0.017237
v 9.565040 2.978194 -1.128938 0.82273 0.82503 0.80433
vt 0.300946 0.877861
vn -0.070067 0.997393 -0.017237
f 706/706/706 707/707/707 708/708/708
v 9.137359 2.938919 -1.663028 0.82273 0.82503 0.80433
vt 0.307867 0.873689
vn -0.071695 0.996531 -0.042264
v 11.369120 3.093101 -1.813488 0.82273 0.82503 0.80433
vt 0.304748 0.900647
vn -0.071695 0.996531 -0.042264
v 11.118036 3.055411 -2.276251 0.82273 0.82503 0.80433
vt 0.310538 0.898396
vn -0.071695 0.996531 -0.042264
f 709/709/709 710/710/710 711/711/711
v 13.173198 3.208008 -2.498038 0.82273 0.82503 0.80433
vt 0.308584 0.923628
vn -0.078148 0.996189 -0.038735
v 11.118036 3.055411 -2.276251 0.82273 0.82503 0.80433
vt 0.310538 0.898396
vn -0.078148 0.996189 -0.038735
v 11.369120 3.093101 -1.813488 0.82273 0.82503 0.80433
vt 0.304748 0.900647
vn -0.078148 0.996189 -0.038735
f 712/712/712 713/713/713 714/714/714
v 11.118036 3.055411 -2.276251 0.82273 0.82503 0.80433
vt 0.310538 0.898396
vn -0.081993 0.993726 -0.076060
v 13.173198 3.208008 -2.498038 0.82273 0.82503 0.80433
vt 0.308584 0.923628
vn -0.081993 0.993726 -0.076060
v 13.098712 3.171902 -2.889473 0.82273 0.82503 0.80433
vt 0.313233 0.923328
vn -0.081993 0.993726 -0.076060
f 715/715/715 716/716/716 717/717/717
v 7.156683 2.822428 -1.049806 0.82273 0.82503 0.80433
vt 0.305221 0.849205
vn -0.065220 0.997647 -0.021138
v 9.565040 2.978194 -1.128938 0.82273 0.82503 0.80433
vt 0.300946 0.877861
vn -0.065220 0.997647 -0.021138
v 9.137359 2.938919 -1.663028 0.82273 0.82503 0.80433
vt 0.307867 0.873689
vn -0.065220 0.997647 -0.021138
f 718/718/718 719/719/719 720/720/720
v 9.565040 2.585377 -1.128938 0.26108 0.52005 0.63221
vt 0.276218 0.278095
vn 0.083715 -0.996466 -0.006847
v 11.369120 2.741646 -1.813488 0.26108 0.52005 0.63221
vt 0.278596 0.286888
vn 0.083715 -0.996466 -0.006847
v 11.586430 2.756824 -1.365481 0.26108 0.52005 0.63221
vt 0.276121 0.287783
vn 0.083715 -0.996466 -0.006847
f 721/721/721 722/722/722 723/723/723
v 7.156683 2.433621 -1.049806 0.82273 0.82503 0.80433
vt 0.306065 0.848278
vn 0.061092 -0.996765 -0.052232
v 9.137359 2.587152 -1.663028 0.82273 0.82503 0.80433
vt 0.308624 0.872749
vn 0.061092 -0.996765 -0.052232
v 9.565040 2.585377 -1.128938 0.82273 0.82503 0.80433
vt 0.301822 0.876792
vn 0.061092 -0.996765 -0.052232
f 724/724/724 725/725/725 726/726/726
v 9.137359 2.587152 -1.663028 0.82273 0.82503 0.80433
vt 0.308624 0.872749
vn 0.066730 -0.997187 -0.034130
v 11.118036 2.740682 -2.276251 0.82273 0.82503 0.80433
vt 0.311209 0.897463
vn 0.066730 -0.997187 -0.034130
v 11.369120 2.741646 -1.813488 0.82273 0.82503 0.80433
vt 0.305521 0.899596
vn 0.066730 -0.997187 -0.034130
f 727/727/727 728/728/728 729/729/729
v 11.369120 2.741646 -1.813488 0.82273 0.82503 0.80433
vt 0.305521 0.899596
vn 0.065226 -0.996324 -0.055541
v 9.565040 2.585377 -1.128938 0.82273 0.82503 0.80433
vt 0.301822 0.876792
vn 0.065226 -0.996324 -0.055541
v 9.137359 2.587152 -1.663028 0.82273 0.82503 0.80433
vt 0.308624 0.872749
vn 0.065226 -0.996324 -0.055541
f 730/730/730 731/731/731 732/732/732
v 13.736420 2.919721 -2.579854 0.26108 0.52005 0.63221
vt 0.281076 0.298505
vn 1.000000 0.000000 0.000000
v 13.736420 3.074768 -2.579854 0.26108 0.52005 0.63221
vt 0.280901 0.298195
vn 1.000000 0.000000 0.000000
v 13.736420 3.074768 -2.255143 0.26108 0.52005 0.63221
vt 0.279201 0.298088
vn 1.000000 0.000000 0.000000
f 733/733/733 734/734/734 735/735/735
v 13.736420 3.074768 -2.255143 0.26108 0.52005 0.63221
vt 0.279201 0.298088
vn 1.000000 0.000000 0.000000
v 13.736420 2.997022 -2.314563 0.26108 0.52005 0.63221
vt 0.279600 0.298263
vn 1.000000 0.000000 0.000000
v 13.736420 2.919721 -2.579854 0.26108 0.52005 0.63221
vt 0.281076 0.298505
vn 1.000000 0.000000 0.000000
f 736/736/736 737/737/737 738/738/738
v 13.736420 2.997022 -2.314563 0.26108 0.52005 0.63221
vt 0.279600 0.298263
vn 0.763325 -0.392289 0.513269
v 13.736420 3.074768 -2.255143 0.26108 0.52005 0.63221
vt 0.279201 0.298088
vn 0.763325 -0.392289 0.513269
v 13.322171 3.052961 -1.655747 0.26108 0.52005 0.63221
vt 0.276321 0.295876
vn 0.763325 -0.392289 0.513269
f 739/739/739 740/740/740 741/741/741
v 13.322171 3.052961 -1.655747 0.26108 0.52005 0.63221
vt 0.276321 0.295876
vn 0.779865 -0.348511 0.519952
v 13.322171 2.964310 -1.715167 0.26108 0.52005 0.63221
vt 0.276734 0.296074
vn 0.779865 -0.348511 0.519952
v 13.736420 2.997022 -2.314563 0.26108 0.52005 0.63221
vt 0.279600 0.298263
vn 0.779865 -0.348511 0.519952
f 742/742/742 743/743/743 744/744/744
v 13.098712 3.171902 -2.889473 0.82273 0.82503 0.80433
vt 0.313233 0.923328
vn -0.187564 0.818708 -0.542713
v 13.736420 3.052585 -3.289862 0.82273 0.82503 0.80433
vt 0.316728 0.931242
vn -0.187564 0.818708 -0.542713
v 13.098712 3.052961 -3.068900 0.82273 0.82503 0.80433
vt 0.315508 0.923262
vn -0.187564 0.818708 -0.542713
f 745/745/745 746/746/746 747/747/747
v 13.736420 3.052585 -3.289862 0.82273 0.82503 0.80433
vt 0.316728 0.931242
vn -0.229938 0.769675 -0.595591
v 13.098712 3.171902 -2.889473 0.82273 0.82503 0.80433
vt 0.313233 0.923328
vn -0.229938 0.769675 -0.595591
v 13.736420 3.191429 -3.110435 0.82273 0.82503 0.80433
vt 0.314409 0.931386
vn -0.229938 0.769675 -0.595591
f 748/748/748 749/749/749 750/750/750
v 11.118036 3.055411 -2.276251 0.82273 0.82503 0.80433
vt 0.310538 0.898396
vn -0.250667 0.736190 -0.628642
v 13.098712 3.052961 -3.068900 0.82273 0.82503 0.80433
vt 0.315508 0.923262
vn -0.250667 0.736190 -0.628642
v 11.118036 2.902195 -2.455678 0.82273 0.82503 0.80433
vt 0.312879 0.898260
vn -0.250667 0.736190 -0.628642
f 751/751/751 752/752/752 753/753/753
v 13.098712 3.052961 -3.068900 0.82273 0.82503 0.80433
vt 0.315508 0.923262
vn -0.214939 0.814019 -0.539605
v 11.118036 3.055411 -2.276251 0.82273 0.82503 0.80433
vt 0.310538 0.898396
vn -0.214939 0.814019 -0.539605
v 13.098712 3.171902 -2.889473 0.82273 0.82503 0.80433
vt 0.313233 0.923328
vn -0.214939 0.814019 -0.539605
f 754/754/754 755/755/755 756/756/756
v 7.156683 2.822428 -1.049806 0.82273 0.82503 0.80433
vt 0.305221 0.849205
vn -0.277253 0.604336 -0.746933
v 9.137359 2.751429 -1.842456 0.82273 0.82503 0.80433
vt 0.310275 0.873504
vn -0.277253 0.604336 -0.746933
v 7.156683 2.600663 -1.229233 0.82273 0.82503 0.80433
vt 0.307697 0.848990
vn -0.277253 0.604336 -0.746933
f 757/757/757 758/758/758 759/759/759
v 9.137359 2.751429 -1.842456 0.82273 0.82503 0.80433
vt 0.310275 0.873504
vn -0.255564 0.668442 -0.698478
v 7.156683 2.822428 -1.049806 0.82273 0.82503 0.80433
vt 0.305221 0.849205
vn -0.255564 0.668442 -0.698478
v 9.137359 2.938919 -1.663028 0.82273 0.82503 0.80433
vt 0.307867 0.873689
vn -0.255564 0.668442 -0.698478
f 760/760/760 761/761/761 762/762/762
v 13.322171 2.964310 -1.715167 0.26108 0.52005 0.63221
vt 0.276734 0.296074
vn 0.421671 -0.504854 0.753204
v 13.322171 3.052961 -1.655747 0.26108 0.52005 0.63221
vt 0.276321 0.295876
vn 0.421671 -0.504854 0.753204
v 11.768456 2.942038 -0.860268 0.26108 0.52005 0.63221
vt 0.273167 0.288139
vn 0.421671 -0.504854 0.753204
f 763/763/763 764/764/764 765/765/765
v 11.768456 2.942038 -0.860268 0.26108 0.52005 0.63221
vt 0.273167 0.288139
vn 0.440414 -0.427881 0.789274
v 11.768456 2.832431 -0.919689 0.26108 0.52005 0.63221
vt 0.273605 0.288382
vn 0.440414 -0.427881 0.789274
v 13.322171 2.964310 -1.715167 0.26108 0.52005 0.63221
vt 0.276734 0.296074
vn 0.440414 -0.427881 0.789274
f 766/766/766 767/767/767 768/768/768
v 13.736420 3.074768 -2.845168 0.26108 0.52005 0.63221
vt 0.282290 0.298283
vn 1.000000 0.000000 0.000000
v 13.736420 3.229814 -2.845144 0.26108 0.52005 0.63221
vt 0.282115 0.297973
vn 1.000000 0.000000 0.000000
v 13.736420 3.229814 -2.579854 0.26108 0.52005 0.63221
vt 0.280725 0.297885
vn 1.000000 0.000000 0.000000
f 769/769/769 770/770/770 771/771/771
v 13.736420 3.229814 -2.579854 0.26108 0.52005 0.63221
vt 0.280725 0.297885
vn 1.000000 0.000000 0.000000
v 13.736420 3.074768 -2.579854 0.26108 0.52005 0.63221
vt 0.280901 0.298195
vn 1.000000 0.000000 0.000000
v 13.736420 3.074768 -2.845168 0.26108 0.52005 0.63221
vt 0.282290 0.298283
vn 1.000000 0.000000 0.000000
f 772/772/772 773/773/773 774/774/774
v 13.736420 2.913741 -3.110435 0.82273 0.82503 0.80433
vt 0.314993 0.930454
vn 1.000000 -0.000000 0.000000
v 13.736420 3.052585 -3.289862 0.82273 0.82503 0.80433
vt 0.316728 0.931242
vn 1.000000 -0.000000 0.000000
v 13.736420 3.074768 -2.845168 0.82273 0.82503 0.80433
vt 0.311659 0.930516
vn 1.000000 -0.000000 0.000000
f 775/775/775 776/776/776 777/777/777
v 13.736420 3.074768 -2.845168 0.82273 0.82503 0.80433
vt 0.311659 0.930516
vn 1.000000 0.000000 0.000000
v 13.736420 2.919721 -2.845144 0.82273 0.82503 0.80433
vt 0.311990 0.929997
vn 1.000000 0.000000 0.000000
v 13.736420 2.913741 -3.110435 0.82273 0.82503 0.80433
vt 0.314993 0.930454
vn 1.000000 0.000000 0.000000
f 778/778/778 779/779/779 780/780/780
v 13.736420 3.191429 -3.110435 0.82273 0.82503 0.80433
vt 0.314409 0.931386
vn 1.000000 0.000000 -0.000000
v 13.736420 3.229814 -2.845144 0.82273 0.82503 0.80433
vt 0.311327 0.931037
vn 1.000000 0.000000 -0.000000
v 13.736420 3.074768 -2.845168 0.82273 0.82503 0.80433
vt 0.311659 0.930516
vn 1.000000 0.000000 -0.000000
f 781/781/781 782/782/782 783/783/783
v 13.736420 3.074768 -2.845168 0.82273 0.82503 0.80433
vt 0.311659 0.930516
vn 1.000000 0.000000 0.000000
v 13.736420 3.052585 -3.289862 0.82273 0.82503 0.80433
vt 0.316728 0.931242
vn 1.000000 0.000000 0.000000
v 13.736420 3.191429 -3.110435 0.82273 0.82503 0.80433
vt 0.314409 0.931386
vn 1.000000 0.000000 0.000000
f 784/784/784 785/785/785 786/786/786
v 13.736420 2.919721 -2.579854 0.26108 0.52005 0.63221
vt 0.281076 0.298505
vn 1.000000 0.000000 0.000000
v 13.736420 2.919721 -2.845144 0.26108 0.52005 0.63221
vt 0.282464 0.298592
vn 1.000000 0.000000 0.000000
v 13.736420 3.074768 -2.845168 0.26108 0.52005 0.63221
vt 0.282290 0.298283
vn 1.000000 0.000000 0.000000
f 787/787/787 788/788/788 789/789/789
v 13.736420 3.074768 -2.845168 0.26108 0.52005 0.63221
vt 0.282290 0.298283
vn 1.000000 0.000000 -0.000000
v 13.736420 3.074768 -2.579854 0.26108 0.52005 0.63221
vt 0.280901 0.298195
vn 1.000000 0.000000 -0.000000
v 13.736420 2.919721 -2.579854 0.26108 0.52005 0.63221
vt 0.281076 0.298505
vn 1.000000 0.000000 -0.000000
f 790/790/790 791/791/791 792/792/792
v -13.736420 3.074768 -2.255143 0.26108 0.52005 0.63221
vt 0.294185 0.165062
vn -1.000000 0.000000 0.000000
v -13.736420 3.229814 -2.579854 0.26108 0.52005 0.63221
vt 0.295683 0.164757
vn -1.000000 0.000000 0.000000
v -13.736420 3.074768 -2.579854 0.26108 0.52005 0.63221
vt 0.295842 0.165164
vn -1.000000 0.000000 0.000000
f 793/793/793 794/794/794 795/795/795
v -13.736420 3.229814 -2.579854 0.26108 0.52005 0.63221
vt 0.295683 0.164757
vn -1.000000 0.000000 0.000000
v -13.736420 3.074768 -2.255143 0.26108 0.52005 0.63221
vt 0.294185 0.165062
vn -1.000000 0.000000 0.000000
v -13.736420 3.152513 -2.314563 0.26108 0.52005 0.63221
vt 0.294408 0.164877
vn -1.000000 0.000000 0.000000
f 796/796/796 797/797/797 798/798/798
v -13.173198 3.208008 -2.498038 0.82273 0.82503 0.80433
vt 0.359534 0.622479
vn 0.125567 0.981861 -0.142065
v -13.736420 3.191429 -3.110435 0.82273 0.82503 0.80433
vt 0.367250 0.617320
vn 0.125567 0.981861 -0.142065
v -13.736420 3.229814 -2.845144 0.82273 0.82503 0.80433
vt 0.364314 0.616873
vn 0.125567 0.981861 -0.142065
f 799/799/799 800/800/800 801/801/801
v -13.736420 3.191429 -3.110435 0.82273 0.82503 0.80433
vt 0.367250 0.617320
vn 0.058419 0.995028 -0.080666
v -13.173198 3.208008 -2.498038 0.82273 0.82503 0.80433
vt 0.359534 0.622479
vn 0.058419 0.995028 -0.080666
v -13.098712 3.171902 -2.889473 0.82273 0.82503 0.80433
vt 0.363702 0.623952
vn 0.058419 0.995028 -0.080666
f 802/802/802 803/803/803 804/804/804
v -13.322171 3.052961 -1.655747 0.26108 0.52005 0.63221
vt 0.290929 0.166886
vn -0.745244 0.404906 0.529776
v -13.736420 3.152513 -2.314563 0.26108 0.52005 0.63221
vt 0.294408 0.164877
vn -0.745244 0.404906 0.529776
v -13.736420 3.074768 -2.255143 0.26108 0.52005 0.63221
vt 0.294185 0.165062
vn -0.745244 0.404906 0.529776
f 805/805/805 806/806/806 807/807/807
v -13.736420 3.152513 -2.314563 0.26108 0.52005 0.63221
vt 0.294408 0.164877
vn -0.764852 0.358678 0.535119
v -13.322171 3.052961 -1.655747 0.26108 0.52005 0.63221
vt 0.290929 0.166886
vn -0.764852 0.358678 0.535119
v -13.322171 3.141612 -1.715167 0.26108 0.52005 0.63221
vt 0.291139 0.166673
vn -0.764852 0.358678 0.535119
f 808/808/808 809/809/809 810/810/810
v -13.098712 2.894213 -2.889473 0.82273 0.82503 0.80433
vt 0.364112 0.623990
vn 0.184605 -0.777274 -0.601470
v -13.736420 2.913741 -3.110435 0.82273 0.82503 0.80433
vt 0.367650 0.617378
vn 0.184605 -0.777274 -0.601470
v -13.736420 3.052585 -3.289862 0.82273 0.82503 0.80433
vt 0.369395 0.617646
vn 0.184605 -0.777274 -0.601470
f 811/811/811 812/812/812 813/813/813
v -13.736420 3.052585 -3.289862 0.82273 0.82503 0.80433
vt 0.369395 0.617646
vn 0.224184 -0.729884 -0.645764
v -13.098712 3.052961 -3.068900 0.82273 0.82503 0.80433
vt 0.365824 0.624266
vn 0.224184 -0.729884 -0.645764
v -13.098712 2.894213 -2.889473 0.82273 0.82503 0.80433
vt 0.364112 0.623990
vn 0.224184 -0.729884 -0.645764
f 814/814/814 815/815/815 816/816/816
v -13.322171 2.964310 -1.715167 0.26108 0.52005 0.63221
vt 0.291325 0.167136
vn -0.433169 -0.865326 0.252142
v -13.736420 2.997022 -2.314563 0.26108 0.52005 0.63221
vt 0.294569 0.165284
vn -0.433169 -0.865326 0.252142
v -13.736420 2.919721 -2.579854 0.26108 0.52005 0.63221
vt 0.296001 0.165569
vn -0.433169 -0.865326 0.252142
f 817/817/817 818/818/818 819/819/819
v -13.736420 2.919721 -2.579854 0.26108 0.52005 0.63221
vt 0.296001 0.165569
vn -0.172148 -0.976078 0.132805
v -13.247685 2.897914 -2.106602 0.26108 0.52005 0.63221
vt 0.293351 0.167783
vn -0.172148 -0.976078 0.132805
v -13.322171 2.964310 -1.715167 0.26108 0.52005 0.63221
vt 0.291325 0.167136
vn -0.172148 -0.976078 0.132805
f 820/820/820 821/821/821 822/822/822
v -13.322171 2.964310 -1.715167 0.26108 0.52005 0.63221
vt 0.291325 0.167136
vn -0.145026 -0.979675 0.138577
v -13.247685 2.897914 -2.106602 0.26108 0.52005 0.63221
vt 0.293351 0.167783
vn -0.145026 -0.979675 0.138577
v -11.586430 2.756824 -1.365481 0.26108 0.52005 0.63221
vt 0.288831 0.175762
vn -0.145026 -0.979675 0.138577
f 823/823/823 824/824/824 825/825/825
v -11.586430 2.756824 -1.365481 0.26108 0.52005 0.63221
vt 0.288831 0.175762
vn -0.139761 -0.984075 0.109832
v -11.768456 2.832431 -0.919689 0.26108 0.52005 0.63221
vt 0.286573 0.174567
vn -0.139761 -0.984075 0.109832
v -13.322171 2.964310 -1.715167 0.26108 0.52005 0.63221
vt 0.291325 0.167136
vn -0.139761 -0.984075 0.109832
f 826/826/826 827/827/827 828/828/828
v -9.137359 2.938919 -1.663028 0.82273 0.82503 0.80433
vt 0.343332 0.665564
vn 0.238671 0.738492 -0.630608
v -11.118036 2.902195 -2.455678 0.82273 0.82503 0.80433
vt 0.355725 0.645010
vn 0.238671 0.738492 -0.630608
v -11.118036 3.055411 -2.276251 0.82273 0.82503 0.80433
vt 0.353533 0.644726
vn 0.238671 0.738492 -0.630608
f 829/829/829 830/830/830 831/831/831
v -11.118036 2.902195 -2.455678 0.82273 0.82503 0.80433
vt 0.355725 0.645010
vn 0.266327 0.666431 -0.696376
v -9.137359 2.938919 -1.663028 0.82273 0.82503 0.80433
vt 0.343332 0.665564
vn 0.266327 0.666431 -0.696376
v -9.137359 2.751429 -1.842456 0.82273 0.82503 0.80433
vt 0.345602 0.665804
vn 0.266327 0.666431 -0.696376
f 832/832/832 833/833/833 834/834/834
v -13.247685 3.208008 -2.106602 0.26108 0.52005 0.63221
vt 0.293028 0.166974
vn 0.044573 0.999006 0.000000
v -13.736420 3.229814 -2.845144 0.26108 0.52005 0.63221
vt 0.297037 0.164841
vn 0.044573 0.999006 0.000000
v -13.736420 3.229814 -2.579854 0.26108 0.52005 0.63221
vt 0.295683 0.164757
vn 0.044573 0.999006 0.000000
f 835/835/835 836/836/836 837/837/837
v -13.736420 3.229814 -2.845144 0.26108 0.52005 0.63221
vt 0.297037 0.164841
vn 0.034631 0.999378 0.006590
v -13.247685 3.208008 -2.106602 0.26108 0.52005 0.63221
vt 0.293028 0.166974
vn 0.034631 0.999378 0.006590
v -13.173198 3.208008 -2.498038 0.26108 0.52005 0.63221
vt 0.294988 0.167449
vn 0.034631 0.999378 0.006590
f 838/838/838 839/839/839 840/840/840
v -13.322171 3.141612 -1.715167 0.26108 0.52005 0.63221
vt 0.291139 0.166673
vn -0.354825 0.897604 0.261547
v -13.736420 3.229814 -2.579854 0.26108 0.52005 0.63221
vt 0.295683 0.164757
vn -0.354825 0.897604 0.261547
v -13.736420 3.152513 -2.314563 0.26108 0.52005 0.63221
vt 0.294408 0.164877
vn -0.354825 0.897604 0.261547
f 841/841/841 842/842/842 843/843/843
v -13.736420 3.229814 -2.579854 0.26108 0.52005 0.63221
vt 0.295683 0.164757
vn -0.099400 0.983981 0.147991
v -13.322171 3.141612 -1.715167 0.26108 0.52005 0.63221
vt 0.291139 0.166673
vn -0.099400 0.983981 0.147991
v -13.247685 3.208008 -2.106602 0.26108 0.52005 0.63221
vt 0.293028 0.166974
vn -0.099400 0.983981 0.147991
f 844/844/844 845/845/845 846/846/846
v -13.247685 2.897914 -2.106602 0.26108 0.52005 0.63221
vt 0.293351 0.167783
vn -0.044574 -0.999006 0.000000
v -13.736420 2.919721 -2.579854 0.26108 0.52005 0.63221
vt 0.296001 0.165569
vn -0.044574 -0.999006 0.000000
v -13.736420 2.919721 -2.845144 0.26108 0.52005 0.63221
vt 0.297354 0.165652
vn -0.044574 -0.999006 0.000000
f 847/847/847 848/848/848 849/849/849
v -13.736420 2.919721 -2.845144 0.26108 0.52005 0.63221
vt 0.297354 0.165652
vn -0.034632 -0.999378 -0.006590
v -13.173198 2.897914 -2.498038 0.26108 0.52005 0.63221
vt 0.295308 0.168257
vn -0.034632 -0.999378 -0.006590
v -13.247685 2.897914 -2.106602 0.26108 0.52005 0.63221
vt 0.293351 0.167783
vn -0.034632 -0.999378 -0.006590
f 850/850/850 851/851/851 852/852/852
v -13.173198 2.897914 -2.498038 0.82273 0.82503 0.80433
vt 0.360006 0.622526
vn -0.052524 -0.998366 0.022505
v -13.736420 2.919721 -2.845144 0.82273 0.82503 0.80433
vt 0.364770 0.616938
vn -0.052524 -0.998366 0.022505
v -13.736420 2.913741 -3.110435 0.82273 0.82503 0.80433
vt 0.367650 0.617378
vn -0.052524 -0.998366 0.022505
f 853/853/853 854/854/854 855/855/855
v -13.736420 2.913741 -3.110435 0.82273 0.82503 0.80433
vt 0.367650 0.617378
vn -0.031785 -0.999489 0.003403
v -13.098712 2.894213 -2.889473 0.82273 0.82503 0.80433
vt 0.364112 0.623990
vn -0.031785 -0.999489 0.003403
v -13.173198 2.897914 -2.498038 0.82273 0.82503 0.80433
vt 0.360006 0.622526
vn -0.031785 -0.999489 0.003403
f 856/856/856 857/857/857 858/858/858
v -13.247685 2.897914 -2.106602 0.26108 0.52005 0.63221
vt 0.293351 0.167783
vn -0.080515 -0.996636 -0.015321
v -13.173198 2.897914 -2.498038 0.26108 0.52005 0.63221
vt 0.295308 0.168257
vn -0.080515 -0.996636 -0.015321
v -11.369120 2.741646 -1.813488 0.26108 0.52005 0.63221
vt 0.291018 0.176970
vn -0.080515 -0.996636 -0.015321
f 859/859/859 860/860/860 861/861/861
v -11.369120 2.741646 -1.813488 0.26108 0.52005 0.63221
vt 0.291018 0.176970
vn -0.081968 -0.996617 -0.005994
v -11.586430 2.756824 -1.365481 0.26108 0.52005 0.63221
vt 0.288831 0.175762
vn -0.081968 -0.996617 -0.005994
v -13.247685 2.897914 -2.106602 0.26108 0.52005 0.63221
vt 0.293351 0.167783
vn -0.081968 -0.996617 -0.005994
f 862/862/862 863/863/863 864/864/864
v -13.173198 2.897914 -2.498038 0.82273 0.82503 0.80433
vt 0.360006 0.622526
vn -0.075747 -0.997115 -0.004985
v -13.098712 2.894213 -2.889473 0.82273 0.82503 0.80433
vt 0.364112 0.623990
vn -0.075747 -0.997115 -0.004985
v -11.118036 2.740682 -2.276251 0.82273 0.82503 0.80433
vt 0.354033 0.644697
vn -0.075747 -0.997115 -0.004985
f 865/865/865 866/866/866 867/867/867
v -11.118036 2.740682 -2.276251 0.82273 0.82503 0.80433
vt 0.354033 0.644697
vn -0.072247 -0.996696 -0.037124
v -11.369120 2.741646 -1.813488 0.82273 0.82503 0.80433
vt 0.349486 0.641171
vn -0.072247 -0.996696 -0.037124
v -13.173198 2.897914 -2.498038 0.82273 0.82503 0.80433
vt 0.360006 0.622526
vn -0.072247 -0.996696 -0.037124
f 868/868/868 869/869/869 870/870/870
v -13.322171 3.141612 -1.715167 0.26108 0.52005 0.63221
vt 0.291139 0.166673
vn -0.014218 0.986260 0.164587
v -11.586430 3.108279 -1.365481 0.26108 0.52005 0.63221
vt 0.288457 0.174859
vn -0.014218 0.986260 0.164587
v -13.247685 3.208008 -2.106602 0.26108 0.52005 0.63221
vt 0.293028 0.166974
vn -0.014218 0.986260 0.164587
f 871/871/871 872/872/872 873/873/873
v -11.586430 3.108279 -1.365481 0.26108 0.52005 0.63221
vt 0.288457 0.174859
vn -0.005859 0.992306 0.123670
v -13.322171 3.141612 -1.715167 0.26108 0.52005 0.63221
vt 0.291139 0.166673
vn -0.005859 0.992306 0.123670
v -11.768456 3.051646 -0.919689 0.26108 0.52005 0.63221
vt 0.286337 0.174003
vn -0.005859 0.992306 0.123670
f 874/874/874 875/875/875 876/876/876
v -11.768456 3.051646 -0.919689 0.26108 0.52005 0.63221
vt 0.286337 0.174003
vn -0.365806 0.518185 0.773091
v -13.322171 3.141612 -1.715167 0.26108 0.52005 0.63221
vt 0.291139 0.166673
vn -0.365806 0.518185 0.773091
v -13.322171 3.052961 -1.655747 0.26108 0.52005 0.63221
vt 0.290929 0.166886
vn -0.365806 0.518185 0.773091
f 877/877/877 878/878/878 879/879/879
v -13.322171 3.052961 -1.655747 0.26108 0.52005 0.63221
vt 0.290929 0.166886
vn -0.384149 0.440023 0.811671
v -11.768456 2.942038 -0.860268 0.26108 0.52005 0.63221
vt 0.286152 0.174267
vn -0.384149 0.440023 0.811671
v -11.768456 3.051646 -0.919689 0.26108 0.52005 0.63221
vt 0.286337 0.174003
vn -0.384149 0.440023 0.811671
f 880/880/880 881/881/881 882/882/882
v -9.137359 2.587152 -1.663028 0.82273 0.82503 0.80433
vt 0.343931 0.665452
vn 0.147878 -0.735064 -0.661674
v -11.118036 2.740682 -2.276251 0.82273 0.82503 0.80433
vt 0.354033 0.644697
vn 0.147878 -0.735064 -0.661674
v -11.118036 2.902195 -2.455678 0.82273 0.82503 0.80433
vt 0.355725 0.645010
vn 0.147878 -0.735064 -0.661674
f 883/883/883 884/884/884 885/885/885
v -11.118036 2.902195 -2.455678 0.82273 0.82503 0.80433
vt 0.355725 0.645010
vn 0.151170 -0.729083 -0.667522
v -9.137359 2.751429 -1.842456 0.82273 0.82503 0.80433
vt 0.345602 0.665804
vn 0.151170 -0.729083 -0.667522
v -9.137359 2.587152 -1.663028 0.82273 0.82503 0.80433
vt 0.343931 0.665452
vn 0.151170 -0.729083 -0.667522
f 886/886/886 887/887/887 888/888/888
v -11.118036 2.740682 -2.276251 0.82273 0.82503 0.80433
vt 0.354033 0.644697
vn 0.145532 -0.740974 -0.655575
v -13.098712 2.894213 -2.889473 0.82273 0.82503 0.80433
vt 0.364112 0.623990
vn 0.145532 -0.740974 -0.655575
v -13.098712 3.052961 -3.068900 0.82273 0.82503 0.80433
vt 0.365824 0.624266
vn 0.145532 -0.740974 -0.655575
f 889/889/889 890/890/890 891/891/891
v -13.098712 3.052961 -3.068900 0.82273 0.82503 0.80433
vt 0.365824 0.624266
vn 0.148882 -0.734952 -0.661574
v -11.118036 2.902195 -2.455678 0.82273 0.82503 0.80433
vt 0.355725 0.645010
vn 0.148882 -0.734952 -0.661574
v -11.118036 2.740682 -2.276251 0.82273 0.82503 0.80433
vt 0.354033 0.644697
vn 0.148882 -0.734952 -0.661574
f 892/892/892 893/893/893 894/894/894
v -7.156683 2.433621 -1.049806 0.82273 0.82503 0.80433
vt 0.333806 0.686255
vn 0.150175 -0.729195 -0.667625
v -9.137359 2.587152 -1.663028 0.82273 0.82503 0.80433
vt 0.343931 0.665452
vn 0.150175 -0.729195 -0.667625
v -9.137359 2.751429 -1.842456 0.82273 0.82503 0.80433
vt 0.345602 0.665804
vn 0.150175 -0.729195 -0.667625
f 895/895/895 896/896/896 897/897/897
v -9.137359 2.751429 -1.842456 0.82273 0.82503 0.80433
vt 0.345602 0.665804
vn 0.153411 -0.723252 -0.673328
v -7.156683 2.600663 -1.229233 0.82273 0.82503 0.80433
vt 0.335455 0.686647
vn 0.153411 -0.723252 -0.673328
v -7.156683 2.433621 -1.049806 0.82273 0.82503 0.80433
vt 0.333806 0.686255
vn 0.153411 -0.723252 -0.673328
f 898/898/898 899/899/899 900/900/900
v -11.586430 3.108279 -1.365481 0.26108 0.52005 0.63221
vt 0.288457 0.174859
vn 0.064515 0.997914 -0.002516
v -9.565040 2.978194 -1.128938 0.26108 0.52005 0.63221
vt 0.286296 0.184707
vn 0.064515 0.997914 -0.002516
v -11.369120 3.093101 -1.813488 0.26108 0.52005 0.63221
vt 0.290647 0.176069
vn 0.064515 0.997914 -0.002516
f 901/901/901 902/902/902 903/903/903
v -13.247685 3.208008 -2.106602 0.26108 0.52005 0.63221
vt 0.293028 0.166974
vn 0.059295 0.998177 0.011283
v -11.369120 3.093101 -1.813488 0.26108 0.52005 0.63221
vt 0.290647 0.176069
vn 0.059295 0.998177 0.011283
v -13.173198 3.208008 -2.498038 0.26108 0.52005 0.63221
vt 0.294988 0.167449
vn 0.059295 0.998177 0.011283
f 904/904/904 905/905/905 906/906/906
v -11.369120 3.093101 -1.813488 0.26108 0.52005 0.63221
vt 0.290647 0.176069
vn 0.061660 0.998090 -0.003906
v -13.247685 3.208008 -2.106602 0.26108 0.52005 0.63221
vt 0.293028 0.166974
vn 0.061660 0.998090 -0.003906
v -11.586430 3.108279 -1.365481 0.26108 0.52005 0.63221
vt 0.288457 0.174859
vn 0.061660 0.998090 -0.003906
f 907/907/907 908/908/908 909/909/909
v -11.369120 3.093101 -1.813488 0.82273 0.82503 0.80433
vt 0.348909 0.641189
vn 0.071695 0.996531 -0.042264
v -9.137359 2.938919 -1.663028 0.82273 0.82503 0.80433
vt 0.343332 0.665564
vn 0.071695 0.996531 -0.042264
v -11.118036 3.055411 -2.276251 0.82273 0.82503 0.80433
vt 0.353533 0.644726
vn 0.071695 0.996531 -0.042264
f 910/910/910 911/911/911 912/912/912
v -9.137359 2.938919 -1.663028 0.82273 0.82503 0.80433
vt 0.343332 0.665564
vn 0.070067 0.997393 -0.017237
v -11.369120 3.093101 -1.813488 0.82273 0.82503 0.80433
vt 0.348909 0.641189
vn 0.070067 0.997393 -0.017237
v -9.565040 2.978194 -1.128938 0.82273 0.82503 0.80433
vt 0.338257 0.659948
vn 0.070067 0.997393 -0.017237
f 913/913/913 914/914/914 915/915/915
v -13.173198 3.208008 -2.498038 0.82273 0.82503 0.80433
vt 0.359534 0.622479
vn 0.081993 0.993726 -0.076060
v -11.118036 3.055411 -2.276251 0.82273 0.82503 0.80433
vt 0.353533 0.644726
vn 0.081993 0.993726 -0.076060
v -13.098712 3.171902 -2.889473 0.82273 0.82503 0.80433
vt 0.363702 0.623952
vn 0.081993 0.993726 -0.076060
f 916/916/916 917/917/917 918/918/918
v -11.118036 3.055411 -2.276251 0.82273 0.82503 0.80433
vt 0.353533 0.644726
vn 0.078148 0.996189 -0.038735
v -13.173198 3.208008 -2.498038 0.82273 0.82503 0.80433
vt 0.359534 0.622479
vn 0.078148 0.996189 -0.038735
v -11.369120 3.093101 -1.813488 0.82273 0.82503 0.80433
vt 0.348909 0.641189
vn 0.078148 0.996189 -0.038735
f 919/919/919 920/920/920 921/921/921
v -9.565040 2.978194 -1.128938 0.82273 0.82503 0.80433
vt 0.338257 0.659948
vn 0.065220 0.997647 -0.021138
v -7.156683 2.822428 -1.049806 0.82273 0.82503 0.80433
vt 0.333099 0.686468
vn 0.065220 0.997647 -0.021138
v -9.137359 2.938919 -1.663028 0.82273 0.82503 0.80433
vt 0.343332 0.665564
vn 0.065220 0.997647 -0.021138
f 922/922/922 923/923/923 924/924/924
v -11.586430 2.756824 -1.365481 0.26108 0.52005 0.63221
vt 0.288831 0.175762
vn -0.083715 -0.996466 -0.006847
v -11.369120 2.741646 -1.813488 0.26108 0.52005 0.63221
vt 0.291018 0.176970
vn -0.083715 -0.996466 -0.006847
v -9.565040 2.585377 -1.128938 0.26108 0.52005 0.63221
vt 0.286720 0.185698
vn -0.083715 -0.996466 -0.006847
f 925/925/925 926/926/926 927/927/927
v -9.565040 2.585377 -1.128938 0.82273 0.82503 0.80433
vt 0.338947 0.659846
vn -0.061092 -0.996765 -0.052232
v -9.137359 2.587152 -1.663028 0.82273 0.82503 0.80433
vt 0.343931 0.665452
vn -0.061092 -0.996765 -0.052232
v -7.156683 2.433621 -1.049806 0.82273 0.82503 0.80433
vt 0.333806 0.686255
vn -0.061092 -0.996765 -0.052232
f 928/928/928 929/929/929 930/930/930
v -11.369120 2.741646 -1.813488 0.82273 0.82503 0.80433
vt 0.349486 0.641171
vn -0.066730 -0.997187 -0.034130
v -11.118036 2.740682 -2.276251 0.82273 0.82503 0.80433
vt 0.354033 0.644697
vn -0.066730 -0.997187 -0.034130
v -9.137359 2.587152 -1.663028 0.82273 0.82503 0.80433
vt 0.343931 0.665452
vn -0.066730 -0.997187 -0.034130
f 931/931/931 932/932/932 933/933/933
v -9.137359 2.587152 -1.663028 0.82273 0.82503 0.80433
vt 0.343931 0.665452
vn -0.065226 -0.996324 -0.055541
v -9.565040 2.585377 -1.128938 0.82273 0.82503 0.80433
vt 0.338947 0.659846
vn -0.065226 -0.996324 -0.055541
v -11.369120 2.741646 -1.813488 0.82273 0.82503 0.80433
vt 0.349486 0.641171
vn -0.065226 -0.996324 -0.055541
f 934/934/934 935/935/935 936/936/936
v -13.736420 2.997022 -2.314563 0.26108 0.52005 0.63221
vt 0.294569 0.165284
vn -1.000000 0.000000 -0.000000
v -13.736420 3.074768 -2.579854 0.26108 0.52005 0.63221
vt 0.295842 0.165164
vn -1.000000 0.000000 -0.000000
v -13.736420 2.919721 -2.579854 0.26108 0.52005 0.63221
vt 0.296001 0.165569
vn -1.000000 0.000000 -0.000000
f 937/937/937 938/938/938 939/939/939
v -13.736420 3.074768 -2.579854 0.26108 0.52005 0.63221
vt 0.295842 0.165164
vn -1.000000 0.000000 0.000000
v -13.736420 2.997022 -2.314563 0.26108 0.52005 0.63221
vt 0.294569 0.165284
vn -1.000000 0.000000 0.000000
v -13.736420 3.074768 -2.255143 0.26108 0.52005 0.63221
vt 0.294185 0.165062
vn -1.000000 0.000000 0.000000
f 940/940/940 941/941/941 942/942/942
v -13.322171 2.964310 -1.715167 0.26108 0.52005 0.63221
vt 0.291325 0.167136
vn -0.767584 -0.389212 0.509243
v -13.736420 3.074768 -2.255143 0.26108 0.52005 0.63221
vt 0.294185 0.165062
vn -0.767584 -0.389212 0.509243
v -13.736420 2.997022 -2.314563 0.26108 0.52005 0.63221
vt 0.294569 0.165284
vn -0.767584 -0.389212 0.509243
f 943/943/943 944/944/944 945/945/945
v -13.736420 3.074768 -2.255143 0.26108 0.52005 0.63221
vt 0.294185 0.165062
vn -0.776232 -0.351017 0.523690
v -13.322171 2.964310 -1.715167 0.26108 0.52005 0.63221
vt 0.291325 0.167136
vn -0.776232 -0.351017 0.523690
v -13.322171 3.052961 -1.655747 0.26108 0.52005 0.63221
vt 0.290929 0.166886
vn -0.776232 -0.351017 0.523690
f 946/946/946 947/947/947 948/948/948
v -13.098712 3.171902 -2.889473 0.82273 0.82503 0.80433
vt 0.363702 0.623952
vn 0.229938 0.769675 -0.595591
v -13.736420 3.052585 -3.289862 0.82273 0.82503 0.80433
vt 0.369395 0.617646
vn 0.229938 0.769675 -0.595591
v -13.736420 3.191429 -3.110435 0.82273 0.82503 0.80433
vt 0.367250 0.617320
vn 0.229938 0.769675 -0.595591
f 949/949/949 950/950/950 951/951/951
v -13.736420 3.052585 -3.289862 0.82273 0.82503 0.80433
vt 0.369395 0.617646
vn 0.187564 0.818708 -0.542713
v -13.098712 3.171902 -2.889473 0.82273 0.82503 0.80433
vt 0.363702 0.623952
vn 0.187564 0.818708 -0.542713
v -13.098712 3.052961 -3.068900 0.82273 0.82503 0.80433
vt 0.365824 0.624266
vn 0.187564 0.818708 -0.542713
f 952/952/952 953/953/953 954/954/954
v -11.118036 3.055411 -2.276251 0.82273 0.82503 0.80433
vt 0.353533 0.644726
vn 0.214939 0.814019 -0.539605
v -13.098712 3.052961 -3.068900 0.82273 0.82503 0.80433
vt 0.365824 0.624266
vn 0.214939 0.814019 -0.539605
v -13.098712 3.171902 -2.889473 0.82273 0.82503 0.80433
vt 0.363702 0.623952
vn 0.214939 0.814019 -0.539605
f 955/955/955 956/956/956 957/957/957
v -13.098712 3.052961 -3.068900 0.82273 0.82503 0.80433
vt 0.365824 0.624266
vn 0.250667 0.736190 -0.628642
v -11.118036 3.055411 -2.276251 0.82273 0.82503 0.80433
vt 0.353533 0.644726
vn 0.250667 0.736190 -0.628642
v -11.118036 2.902195 -2.455678 0.82273 0.82503 0.80433
vt 0.355725 0.645010
vn 0.250667 0.736190 -0.628642
f 958/958/958 959/959/959 960/960/960
v -7.156683 2.822428 -1.049806 0.82273 0.82503 0.80433
vt 0.333099 0.686468
vn 0.255564 0.668442 -0.698478
v -9.137359 2.751429 -1.842456 0.82273 0.82503 0.80433
vt 0.345602 0.665804
vn 0.255564 0.668442 -0.698478
v -9.137359 2.938919 -1.663028 0.82273 0.82503 0.80433
vt 0.343332 0.665564
vn 0.255564 0.668442 -0.698478
f 961/961/961 962/962/962 963/963/963
v -9.137359 2.751429 -1.842456 0.82273 0.82503 0.80433
vt 0.345602 0.665804
vn 0.277253 0.604336 -0.746933
v -7.156683 2.822428 -1.049806 0.82273 0.82503 0.80433
vt 0.333099 0.686468
vn 0.277253 0.604336 -0.746933
v -7.156683 2.600663 -1.229233 0.82273 0.82503 0.80433
vt 0.335455 0.686647
vn 0.277253 0.604336 -0.746933
f 964/964/964 965/965/965 966/966/966
v -11.768456 2.942038 -0.860268 0.26108 0.52005 0.63221
vt 0.286152 0.174267
vn -0.421671 -0.504854 0.753204
v -13.322171 3.052961 -1.655747 0.26108 0.52005 0.63221
vt 0.290929 0.166886
vn -0.421671 -0.504854 0.753204
v -13.322171 2.964310 -1.715167 0.26108 0.52005 0.63221
vt 0.291325 0.167136
vn -0.421671 -0.504854 0.753204
f 967/967/967 968/968/968 969/969/969
v -13.322171 2.964310 -1.715167 0.26108 0.52005 0.63221
vt 0.291325 0.167136
vn -0.440414 -0.427881 0.789274
v -11.768456 2.832431 -0.919689 0.26108 0.52005 0.63221
vt 0.286573 0.174567
vn -0.440414 -0.427881 0.789274
v -11.768456 2.942038 -0.860268 0.26108 0.52005 0.63221
vt 0.286152 0.174267
vn -0.440414 -0.427881 0.789274
f 970/970/970 971/971/971 972/972/972
v -13.736420 3.074768 -2.579854 0.26108 0.52005 0.63221
vt 0.295842 0.165164
vn -1.000000 0.000000 0.000000
v -13.736420 3.229814 -2.845144 0.26108 0.52005 0.63221
vt 0.297037 0.164841
vn -1.000000 0.000000 0.000000
v -13.736420 3.074768 -2.845168 0.26108 0.52005 0.63221
vt 0.297196 0.165247
vn -1.000000 0.000000 0.000000
f 973/973/973 974/974/974 975/975/975
v -13.736420 3.229814 -2.845144 0.26108 0.52005 0.63221
vt 0.297037 0.164841
vn -1.000000 0.000000 0.000000
v -13.736420 3.074768 -2.579854 0.26108 0.52005 0.63221
vt 0.295842 0.165164
vn -1.000000 0.000000 0.000000
v -13.736420 3.229814 -2.579854 0.26108 0.52005 0.63221
vt 0.295683 0.164757
vn -1.000000 0.000000 0.000000
f 976/976/976 977/977/977 978/978/978
v -13.736420 2.919721 -2.845144 0.82273 0.82503 0.80433
vt 0.364770 0.616938
vn -1.000000 0.000000 -0.000000
v -13.736420 3.052585 -3.289862 0.82273 0.82503 0.80433
vt 0.369395 0.617646
vn -1.000000 0.000000 -0.000000
v -13.736420 2.913741 -3.110435 0.82273 0.82503 0.80433
vt 0.367650 0.617378
vn -1.000000 0.000000 -0.000000
f 979/979/979 980/980/980 981/981/981
v -13.736420 3.052585 -3.289862 0.82273 0.82503 0.80433
vt 0.369395 0.617646
vn -1.000000 0.000000 0.000000
v -13.736420 2.919721 -2.845144 0.82273 0.82503 0.80433
vt 0.364770 0.616938
vn -1.000000 0.000000 0.000000
v -13.736420 3.074768 -2.845168 0.82273 0.82503 0.80433
vt 0.364543 0.616906
vn -1.000000 0.000000 0.000000
f 982/982/982 983/983/983 984/984/984
v -13.736420 3.052585 -3.289862 0.82273 0.82503 0.80433
vt 0.369395 0.617646
vn -1.000000 0.000000 0.000000
v -13.736420 3.229814 -2.845144 0.82273 0.82503 0.80433
vt 0.364314 0.616873
vn -1.000000 0.000000 0.000000
v -13.736420 3.191429 -3.110435 0.82273 0.82503 0.80433
vt 0.367250 0.617320
vn -1.000000 0.000000 0.000000
f 985/985/985 986/986/986 987/987/987
v -13.736420 3.229814 -2.845144 0.82273 0.82503 0.80433
vt 0.364314 0.616873
vn -1.000000 0.000000 0.000000
v -13.736420 3.052585 -3.289862 0.82273 0.82503 0.80433
vt 0.369395 0.617646
vn -1.000000 0.000000 0.000000
v -13.736420 3.074768 -2.845168 0.82273 0.82503 0.80433
vt 0.364543 0.616906
vn -1.000000 0.000000 0.000000
f 988/988/988 989/989/989 990/990/990
v -13.736420 3.074768 -2.579854 0.26108 0.52005 0.63221
vt 0.295842 0.165164
vn -1.000000 -0.000000 0.000000
v -13.736420 2.919721 -2.845144 0.26108 0.52005 0.63221
vt 0.297354 0.165652
vn -1.000000 -0.000000 0.000000
v -13.736420 2.919721 -2.579854 0.26108 0.52005 0.63221
vt 0.296001 0.165569
vn -1.000000 -0.000000 0.000000
f 991/991/991 992/992/992 993/993/993
v -13.736420 2.919721 -2.845144 0.26108 0.52005 0.63221
vt 0.297354 0.165652
vn -1.000000 0.000000 0.000000
v -13.736420 3.074768 -2.579854 0.26108 0.52005 0.63221
vt 0.295842 0.165164
vn -1.000000 0.000000 0.000000
v -13.736420 3.074768 -2.845168 0.26108 0.52005 0.63221
vt 0.297196 0.165247
vn -1.000000 0.000000 0.000000
f 994/994/994 995/995/995 996/996/996
v 0.840503 2.412971 -3.083598 0.28524 0.28754 0.26684
vt 0.775320 0.151778
vn 0.137337 0.443544 -0.885668
v 0.000000 1.916332 -3.462649 0.28524 0.28754 0.26684
vt 0.782623 0.159881
vn 0.137337 0.443544 -0.885668
v 0.000000 2.412971 -3.213931 0.28524 0.28754 0.26684
vt 0.778108 0.161550
vn 0.137337 0.443544 -0.885668
f 997/997/997 998/998/998 999/999/999
v 0.000000 1.916332 -3.462649 0.28524 0.28754 0.26684
vt 0.782623 0.159881
vn 0.137337 0.443544 -0.885668
v 0.840503 2.412971 -3.083598 0.28524 0.28754 0.26684
vt 0.775320 0.151778
vn 0.137337 0.443544 -0.885668
v 0.840503 1.916332 -3.332316 0.28524 0.28754 0.26684
vt 0.779824 0.150049
vn 0.137337 0.443544 -0.885668
f 1000/1000/1000 1001/1001/1001 1002/1002/1002
v 0.000000 2.781760 0.619679 0.28524 0.28754 0.26684
vt 0.732764 0.170123
vn 0.014847 0.995295 -0.095746
v 0.840503 2.412971 -3.083598 0.28524 0.28754 0.26684
vt 0.775320 0.151778
vn 0.014847 0.995295 -0.095746
v 0.000000 2.412971 -3.213931 0.28524 0.28754 0.26684
vt 0.778108 0.161550
vn 0.014847 0.995295 -0.095746
f 1003/1003/1003 1004/1004/1004 1005/1005/1005
v 0.782586 1.677461 -3.083598 0.28524 0.28754 0.26684
vt 0.777791 0.150664
vn 0.114601 -0.716487 -0.688122
v 0.000000 1.677461 -3.213931 0.28524 0.28754 0.26684
vt 0.780511 0.159823
vn 0.114601 -0.716487 -0.688122
v 0.000000 1.916332 -3.462649 0.28524 0.28754 0.26684
vt 0.782623 0.159881
vn 0.114601 -0.716487 -0.688122
f 1006/1006/1006 1007/1007/1007 1008/1008/1008
v 0.000000 1.916332 -3.462649 0.28524 0.28754 0.26684
vt 0.782623 0.159881
vn 0.104834 -0.729349 -0.676062
v 0.840503 1.916332 -3.332316 0.28524 0.28754 0.26684
vt 0.779824 0.150049
vn 0.104834 -0.729349 -0.676062
v 0.782586 1.677461 -3.083598 0.28524 0.28754 0.26684
vt 0.777791 0.150664
vn 0.104834 -0.729349 -0.676062
f 1009/1009/1009 1010/1010/1010 1011/1011/1011
v 1.585576 1.905648 -2.186159 0.28524 0.28754 0.26684
vt 0.765342 0.143395
vn 0.810131 0.262515 -0.524188
v 0.840503 1.916332 -3.332316 0.28524 0.28754 0.26684
vt 0.779824 0.150049
vn 0.810131 0.262515 -0.524188
v 0.840503 2.412971 -3.083598 0.28524 0.28754 0.26684
vt 0.775320 0.151778
vn 0.810131 0.262515 -0.524188
f 1012/1012/1012 1013/1013/1013 1014/1014/1014
v 0.840503 2.412971 -3.083598 0.28524 0.28754 0.26684
vt 0.775320 0.151778
vn 0.769397 0.000000 -0.638770
v 1.585576 2.564799 -2.186159 0.28524 0.28754 0.26684
vt 0.763303 0.145068
vn 0.769397 0.000000 -0.638770
v 1.585576 1.905648 -2.186159 0.28524 0.28754 0.26684
vt 0.765342 0.143395
vn 0.769397 0.000000 -0.638770
f 1015/1015/1015 1016/1016/1016 1017/1017/1017
v 0.840503 2.781760 0.663123 0.28524 0.28754 0.26684
vt 0.730934 0.160239
vn -0.084504 0.991631 -0.097606
v 1.585576 2.564799 -2.186159 0.28524 0.28754 0.26684
vt 0.763303 0.145068
vn -0.084504 0.991631 -0.097606
v 0.840503 2.412971 -3.083598 0.28524 0.28754 0.26684
vt 0.775320 0.151778
vn -0.084504 0.991631 -0.097606
f 1018/1018/1018 1019/1019/1019 1020/1020/1020
v 1.433107 1.442833 -2.186159 0.28524 0.28754 0.26684
vt 0.767029 0.144051
vn 0.496871 -0.680813 -0.538157
v 0.782586 1.677461 -3.083598 0.28524 0.28754 0.26684
vt 0.777791 0.150664
vn 0.496871 -0.680813 -0.538157
v 0.840503 1.916332 -3.332316 0.28524 0.28754 0.26684
vt 0.779824 0.150049
vn 0.496871 -0.680813 -0.538157
f 1021/1021/1021 1022/1022/1022 1023/1023/1023
v 0.840503 1.916332 -3.332316 0.28524 0.28754 0.26684
vt 0.779824 0.150049
vn 0.807105 -0.265892 -0.527147
v 1.585576 1.905648 -2.186159 0.28524 0.28754 0.26684
vt 0.765342 0.143395
vn 0.807105 -0.265892 -0.527147
v 1.433107 1.442833 -2.186159 0.28524 0.28754 0.26684
vt 0.767029 0.144051
vn 0.807105 -0.265892 -0.527147
f 1024/1024/1024 1025/1025/1025 1026/1026/1026
v 0.000000 1.197178 0.619679 0.28524 0.28754 0.26684
vt 0.737120 0.166547
vn 0.020698 -0.992031 -0.124284
v 0.000000 1.677461 -3.213931 0.28524 0.28754 0.26684
vt 0.780511 0.159823
vn 0.020698 -0.992031 -0.124284
v 0.782586 1.677461 -3.083598 0.28524 0.28754 0.26684
vt 0.777791 0.150664
vn 0.020698 -0.992031 -0.124284
f 1027/1027/1027 1028/1028/1028 1029/1029/1029
v 0.782586 1.197178 0.663123 0.28524 0.28754 0.26684
vt 0.735355 0.157174
vn -0.179384 -0.975795 -0.125085
v 0.782586 1.677461 -3.083598 0.28524 0.28754 0.26684
vt 0.777791 0.150664
vn -0.179384 -0.975795 -0.125085
v 1.433107 1.442833 -2.186159 0.28524 0.28754 0.26684
vt 0.767029 0.144051
vn -0.179384 -0.975795 -0.125085
f 1030/1030/1030 1031/1031/1031 1032/1032/1032
v 1.905712 1.527528 -1.118646 0.28524 0.28754 0.26684
vt 0.753511 0.140741
vn 0.883170 -0.290951 -0.367910
v 1.433107 1.442833 -2.186159 0.28524 0.28754 0.26684
vt 0.767029 0.144051
vn 0.883170 -0.290951 -0.367910
v 1.585576 1.905648 -2.186159 0.28524 0.28754 0.26684
vt 0.765342 0.143395
vn 0.883170 -0.290951 -0.367910
f 1033/1033/1033 1034/1034/1034 1035/1035/1035
v 1.585576 1.905648 -2.186159 0.28524 0.28754 0.26684
vt 0.765342 0.143395
vn 0.934118 0.314581 -0.168706
v 1.811278 1.956697 -0.841270 0.28524 0.28754 0.26684
vt 0.749148 0.143557
vn 0.934118 0.314581 -0.168706
v 1.905712 1.527528 -1.118646 0.28524 0.28754 0.26684
vt 0.753511 0.140741
vn 0.934118 0.314581 -0.168706
f 1036/1036/1036 1037/1037/1037 1038/1038/1038
v 1.811278 1.956697 -0.841270 0.28524 0.28754 0.26684
vt 0.749148 0.143557
vn 0.986209 0.000000 -0.165507
v 1.585576 1.905648 -2.186159 0.28524 0.28754 0.26684
vt 0.765342 0.143395
vn 0.986209 0.000000 -0.165507
v 1.585576 2.564799 -2.186159 0.28524 0.28754 0.26684
vt 0.763303 0.145068
vn 0.986209 0.000000 -0.165507
f 1039/1039/1039 1040/1040/1040 1041/1041/1041
v 1.585576 2.564799 -2.186159 0.28524 0.28754 0.26684
vt 0.763303 0.145068
vn 0.984774 0.141181 -0.101430
v 1.811278 2.339693 -0.308177 0.28524 0.28754 0.26684
vt 0.741846 0.145616
vn 0.984774 0.141181 -0.101430
v 1.811278 1.956697 -0.841270 0.28524 0.28754 0.26684
vt 0.749148 0.143557
vn 0.984774 0.141181 -0.101430
f 1042/1042/1042 1043/1043/1043 1044/1044/1044
v -4.844078 4.317002 -13.558216 0.26108 0.52005 0.63221
vt 0.346645 0.207957
vn -1.000000 0.000000 0.000000
v -4.844078 4.386445 -13.399739 0.26108 0.52005 0.63221
vt 0.345769 0.207737
vn -1.000000 0.000000 0.000000
v -4.844078 4.386445 -13.558216 0.26108 0.52005 0.63221
vt 0.346591 0.207788
vn -1.000000 0.000000 0.000000
f 1045/1045/1045 1046/1046/1046 1047/1047/1047
v -4.844078 4.386445 -13.399739 0.26108 0.52005 0.63221
vt 0.345769 0.207737
vn -1.000000 -0.000000 0.000000
v -4.844078 4.317002 -13.558216 0.26108 0.52005 0.63221
vt 0.346645 0.207957
vn -1.000000 -0.000000 0.000000
v -4.844078 4.317002 -13.251671 0.26108 0.52005 0.63221
vt 0.345056 0.207859
vn -1.000000 -0.000000 0.000000
f 1048/1048/1048 1049/1049/1049 1050/1050/1050
v -4.496345 4.309290 -14.095173 0.26108 0.52005 0.63221
vt 0.349266 0.209829
vn 0.213871 0.000000 -0.976862
v -4.844078 4.422544 -14.171305 0.26108 0.52005 0.63221
vt 0.349743 0.207897
vn 0.213871 0.000000 -0.976862
v -4.496345 4.381492 -14.095173 0.26108 0.52005 0.63221
vt 0.349210 0.209654
vn 0.213871 0.000000 -0.976862
f 1051/1051/1051 1052/1052/1052 1053/1053/1053
v -4.844078 4.422544 -14.171305 0.26108 0.52005 0.63221
vt 0.349743 0.207897
vn 0.213871 0.000000 -0.976862
v -4.496345 4.309290 -14.095173 0.26108 0.52005 0.63221
vt 0.349266 0.209829
vn 0.213871 0.000000 -0.976862
v -4.844078 4.355067 -14.171305 0.26108 0.52005 0.63221
vt 0.349795 0.208061
vn 0.213871 0.000000 -0.976862
f 1054/1054/1054 1055/1055/1055 1056/1056/1056
v -1.554515 3.896674 -10.851022 0.26108 0.52005 0.63221
vt 0.331315 0.224021
vn -0.736755 0.508700 0.445440
v -1.206782 4.097864 -10.505635 0.26108 0.52005 0.63221
vt 0.329171 0.225124
vn -0.736755 0.508700 0.445440
v -1.554515 4.097864 -11.080784 0.26108 0.52005 0.63221
vt 0.332334 0.223620
vn -0.736755 0.508700 0.445440
f 1057/1057/1057 1058/1058/1058 1059/1059/1059
v -1.206782 4.097864 -10.505635 0.26108 0.52005 0.63221
vt 0.329171 0.225124
vn -0.736755 0.508701 0.445439
v -1.554515 3.896674 -10.851022 0.26108 0.52005 0.63221
vt 0.331315 0.224021
vn -0.736755 0.508701 0.445439
v -1.206782 3.896674 -10.275871 0.26108 0.52005 0.63221
vt 0.328154 0.225523
vn -0.736755 0.508701 0.445439
f 1060/1060/1060 1061/1061/1061 1062/1062/1062
v -2.060061 4.179017 -12.688103 0.82273 0.82503 0.80433
vt 0.450805 0.765488
vn 0.084873 0.995842 -0.033102
v -1.206782 4.084755 -13.336071 0.82273 0.82503 0.80433
vt 0.456614 0.776328
vn 0.084873 0.995842 -0.033102
v -2.312833 4.170027 -13.606645 0.82273 0.82503 0.80433
vt 0.461557 0.764162
vn 0.084873 0.995842 -0.033102
f 1063/1063/1063 1064/1064/1064 1065/1065/1065
v -1.206782 4.084755 -13.336071 0.82273 0.82503 0.80433
vt 0.456614 0.776328
vn 0.103955 0.994552 -0.007786
v -2.060061 4.179017 -12.688103 0.82273 0.82503 0.80433
vt 0.450805 0.765488
vn 0.103955 0.994552 -0.007786
v -1.206782 4.092741 -12.316004 0.82273 0.82503 0.80433
vt 0.445165 0.774558
vn 0.103955 0.994552 -0.007786
f 1066/1066/1066 1067/1067/1067 1068/1068/1068
v -1.206782 3.695484 -11.295938 0.26108 0.52005 0.63221
vt 0.333619 0.226324
vn 0.000000 -1.000000 0.000000
v -1.206782 3.695484 -10.505635 0.26108 0.52005 0.63221
vt 0.329522 0.226070
vn 0.000000 -1.000000 0.000000
v -1.554515 3.695484 -11.080784 0.26108 0.52005 0.63221
vt 0.332679 0.224569
vn 0.000000 -1.000000 0.000000
f 1069/1069/1069 1070/1070/1070 1071/1071/1071
v -1.554515 3.695484 -11.080784 0.26108 0.52005 0.63221
vt 0.332679 0.224569
vn -0.072618 -0.990430 -0.117366
v -1.807288 3.795637 -11.769563 0.26108 0.52005 0.63221
vt 0.336291 0.223330
vn -0.072618 -0.990430 -0.117366
v -1.206782 3.695484 -11.295938 0.26108 0.52005 0.63221
vt 0.333619 0.226324
vn -0.072618 -0.990430 -0.117366
f 1072/1072/1072 1073/1073/1073 1074/1074/1074
v -2.312833 4.074302 -13.606645 0.26108 0.52005 0.63221
vt 0.345846 0.220810
vn 0.218337 0.000000 -0.975873
v -4.496345 4.381492 -14.095173 0.26108 0.52005 0.63221
vt 0.349210 0.209654
vn 0.218337 0.000000 -0.975873
v -2.312833 4.170027 -13.606645 0.26108 0.52005 0.63221
vt 0.345770 0.220583
vn 0.218337 0.000000 -0.975873
f 1075/1075/1075 1076/1076/1076 1077/1077/1077
v -4.496345 4.381492 -14.095173 0.26108 0.52005 0.63221
vt 0.349210 0.209654
vn 0.218337 0.000000 -0.975873
v -2.312833 4.074302 -13.606645 0.26108 0.52005 0.63221
vt 0.345846 0.220810
vn 0.218337 0.000000 -0.975873
v -4.496345 4.309290 -14.095173 0.26108 0.52005 0.63221
vt 0.349266 0.209829
vn 0.218337 0.000000 -0.975873
f 1078/1078/1078 1079/1079/1079 1080/1080/1080
v -1.206782 3.978366 -13.336071 0.26108 0.52005 0.63221
vt 0.343972 0.226318
vn 0.237623 0.000000 -0.971357
v -2.312833 4.170027 -13.606645 0.26108 0.52005 0.63221
vt 0.345770 0.220583
vn 0.237623 0.000000 -0.971357
v -1.206782 4.084755 -13.336071 0.26108 0.52005 0.63221
vt 0.343888 0.226068
vn 0.237623 0.000000 -0.971357
f 1081/1081/1081 1082/1082/1082 1083/1083/1083
v -2.312833 4.170027 -13.606645 0.26108 0.52005 0.63221
vt 0.345770 0.220583
vn 0.237623 0.000000 -0.971357
v -1.206782 3.978366 -13.336071 0.26108 0.52005 0.63221
vt 0.343972 0.226318
vn 0.237623 0.000000 -0.971357
v -2.312833 4.074302 -13.606645 0.26108 0.52005 0.63221
vt 0.345846 0.220810
vn 0.237623 0.000000 -0.971357
f 1084/1084/1084 1085/1085/1085 1086/1086/1086
v -4.496345 4.279915 -12.773741 0.26108 0.52005 0.63221
vt 0.342436 0.209477
vn -0.131947 0.934783 0.329804
v -1.554515 4.097864 -11.080784 0.26108 0.52005 0.63221
vt 0.332334 0.223620
vn -0.131947 0.934783 0.329804
v -4.496345 4.360978 -13.003505 0.26108 0.52005 0.63221
vt 0.343563 0.209353
vn -0.131947 0.934783 0.329804
f 1087/1087/1087 1088/1088/1088 1089/1089/1089
v -1.554515 4.097864 -11.080784 0.26108 0.52005 0.63221
vt 0.332334 0.223620
vn -0.315563 0.713896 0.625118
v -4.496345 4.279915 -12.773741 0.26108 0.52005 0.63221
vt 0.342436 0.209477
vn -0.315563 0.713896 0.625118
v -1.554515 3.896674 -10.851022 0.26108 0.52005 0.63221
vt 0.331315 0.224021
vn -0.315563 0.713896 0.625118
f 1090/1090/1090 1091/1091/1091 1092/1092/1092
v -4.844078 4.317002 -13.251671 0.26108 0.52005 0.63221
vt 0.345056 0.207859
vn -0.385297 0.835472 0.391833
v -4.496345 4.360978 -13.003505 0.26108 0.52005 0.63221
vt 0.343563 0.209353
vn -0.385297 0.835472 0.391833
v -4.844078 4.386445 -13.399739 0.26108 0.52005 0.63221
vt 0.345769 0.207737
vn -0.385297 0.835472 0.391833
f 1093/1093/1093 1094/1094/1094 1095/1095/1095
v -4.496345 4.360978 -13.003505 0.26108 0.52005 0.63221
vt 0.343563 0.209353
vn -0.335972 0.888212 0.313373
v -4.844078 4.317002 -13.251671 0.26108 0.52005 0.63221
vt 0.345056 0.207859
vn -0.335972 0.888212 0.313373
v -4.496345 4.279915 -12.773741 0.26108 0.52005 0.63221
vt 0.342436 0.209477
vn -0.335972 0.888212 0.313373
f 1096/1096/1096 1097/1097/1097 1098/1098/1098
v -4.496345 4.352671 -13.654696 0.82273 0.82503 0.80433
vt 0.465846 0.739367
vn 0.081757 0.994526 0.065073
v -2.312833 4.170027 -13.606645 0.82273 0.82503 0.80433
vt 0.461557 0.764162
vn 0.081757 0.994526 0.065073
v -4.496345 4.381492 -14.095173 0.82273 0.82503 0.80433
vt 0.470772 0.740166
vn 0.081757 0.994526 0.065073
f 1099/1099/1099 1100/1100/1100 1101/1101/1101
v -2.312833 4.170027 -13.606645 0.82273 0.82503 0.80433
vt 0.461557 0.764162
vn 0.084029 0.995921 -0.032871
v -4.496345 4.352671 -13.654696 0.82273 0.82503 0.80433
vt 0.465846 0.739367
vn 0.084029 0.995921 -0.032871
v -2.060061 4.179017 -12.688103 0.82273 0.82503 0.80433
vt 0.450805 0.765488
vn 0.084029 0.995921 -0.032871
f 1102/1102/1102 1103/1103/1103 1104/1104/1104
v -4.844078 4.390545 -13.864760 0.82273 0.82503 0.80433
vt 0.468792 0.735786
vn 0.094264 0.990167 0.103361
v -4.496345 4.381492 -14.095173 0.82273 0.82503 0.80433
vt 0.470772 0.740166
vn 0.094264 0.990167 0.103361
v -4.844078 4.422544 -14.171305 0.82273 0.82503 0.80433
vt 0.472217 0.736353
vn 0.094264 0.990167 0.103361
f 1105/1105/1105 1106/1106/1106 1107/1107/1107
v -4.496345 4.381492 -14.095173 0.82273 0.82503 0.80433
vt 0.470772 0.740166
vn 0.069074 0.995483 0.065136
v -4.844078 4.390545 -13.864760 0.82273 0.82503 0.80433
vt 0.468792 0.735786
vn 0.069074 0.995483 0.065136
v -4.496345 4.352671 -13.654696 0.82273 0.82503 0.80433
vt 0.465846 0.739367
vn 0.069074 0.995483 0.065136
f 1108/1108/1108 1109/1109/1109 1110/1110/1110
v -1.807288 3.795637 -11.769563 0.26108 0.52005 0.63221
vt 0.336291 0.223330
vn -0.092553 -0.989621 -0.109932
v -1.554515 3.695484 -11.080784 0.26108 0.52005 0.63221
vt 0.332679 0.224569
vn -0.092553 -0.989621 -0.109932
v -4.496345 4.184200 -13.003505 0.26108 0.52005 0.63221
vt 0.343704 0.209783
vn -0.092553 -0.989621 -0.109932
f 1111/1111/1111 1112/1112/1112 1113/1113/1113
v -4.496345 4.184200 -13.003505 0.26108 0.52005 0.63221
vt 0.343704 0.209783
vn -0.137156 -0.990464 -0.012996
v -4.496345 4.186965 -13.214218 0.26108 0.52005 0.63221
vt 0.344794 0.209844
vn -0.137156 -0.990464 -0.012996
v -1.807288 3.795637 -11.769563 0.26108 0.52005 0.63221
vt 0.336291 0.223330
vn -0.137156 -0.990464 -0.012996
f 1114/1114/1114 1115/1115/1115 1116/1116/1116
v -4.496345 4.186965 -13.214218 0.26108 0.52005 0.63221
vt 0.344794 0.209844
vn -0.171680 -0.985068 -0.012925
v -4.496345 4.184200 -13.003505 0.26108 0.52005 0.63221
vt 0.343704 0.209783
vn -0.171680 -0.985068 -0.012925
v -4.844078 4.250003 -13.399739 0.26108 0.52005 0.63221
vt 0.345876 0.208070
vn -0.171680 -0.985068 -0.012925
f 1117/1117/1117 1118/1118/1118 1119/1119/1119
v -4.844078 4.250003 -13.399739 0.26108 0.52005 0.63221
vt 0.345876 0.208070
vn -0.178375 -0.983963 -0.000000
v -4.844078 4.250003 -13.558216 0.26108 0.52005 0.63221
vt 0.346698 0.208121
vn -0.178375 -0.983963 -0.000000
v -4.496345 4.186965 -13.214218 0.26108 0.52005 0.63221
vt 0.344794 0.209844
vn -0.178375 -0.983963 -0.000000
f 1120/1120/1120 1121/1121/1121 1122/1122/1122
v -4.844078 4.328327 -13.864760 0.26108 0.52005 0.63221
vt 0.348226 0.208028
vn -1.000000 0.000000 0.000000
v -4.844078 4.386445 -13.558216 0.26108 0.52005 0.63221
vt 0.346591 0.207788
vn -1.000000 0.000000 0.000000
v -4.844078 4.390545 -13.864760 0.26108 0.52005 0.63221
vt 0.348178 0.207876
vn -1.000000 0.000000 0.000000
f 1123/1123/1123 1124/1124/1124 1125/1125/1125
v -4.844078 4.386445 -13.558216 0.26108 0.52005 0.63221
vt 0.346591 0.207788
vn -1.000000 -0.000000 0.000000
v -4.844078 4.328327 -13.864760 0.26108 0.52005 0.63221
vt 0.348226 0.208028
vn -1.000000 -0.000000 0.000000
v -4.844078 4.317002 -13.558216 0.26108 0.52005 0.63221
vt 0.346645 0.207957
vn -1.000000 -0.000000 0.000000
f 1126/1126/1126 1127/1127/1127 1128/1128/1128
v -4.844078 4.355067 -14.171305 0.82273 0.82503 0.80433
vt 0.472237 0.736277
vn -1.000000 0.000000 0.000000
v -4.844078 4.390545 -13.864760 0.82273 0.82503 0.80433
vt 0.468792 0.735786
vn -1.000000 0.000000 0.000000
v -4.844078 4.422544 -14.171305 0.82273 0.82503 0.80433
vt 0.472217 0.736353
vn -1.000000 0.000000 0.000000
f 1129/1129/1129 1130/1130/1130 1131/1131/1131
v -4.844078 4.390545 -13.864760 0.82273 0.82503 0.80433
vt 0.468792 0.735786
vn -1.000000 -0.000000 0.000000
v -4.844078 4.355067 -14.171305 0.82273 0.82503 0.80433
vt 0.472237 0.736277
vn -1.000000 -0.000000 0.000000
v -4.844078 4.328327 -13.864760 0.82273 0.82503 0.80433
vt 0.468814 0.735716
vn -1.000000 -0.000000 0.000000
f 1132/1132/1132 1133/1133/1133 1134/1134/1134
v -1.807288 4.119987 -11.769563 0.26108 0.52005 0.63221
vt 0.336020 0.222563
vn 0.082697 0.995721 0.041232
v -1.206782 4.092741 -12.316004 0.26108 0.52005 0.63221
vt 0.338581 0.225720
vn 0.082697 0.995721 0.041232
v -2.060061 4.179017 -12.688103 0.26108 0.52005 0.63221
vt 0.340867 0.221492
vn 0.082697 0.995721 0.041232
f 1135/1135/1135 1136/1136/1136 1137/1137/1137
v -1.206782 4.092741 -12.316004 0.26108 0.52005 0.63221
vt 0.338581 0.225720
vn 0.040768 0.999156 -0.005017
v -1.807288 4.119987 -11.769563 0.26108 0.52005 0.63221
vt 0.336020 0.222563
vn 0.040768 0.999156 -0.005017
v -1.206782 4.097864 -11.295938 0.26108 0.52005 0.63221
vt 0.333277 0.225379
vn 0.040768 0.999156 -0.005017
f 1138/1138/1138 1139/1139/1139 1140/1140/1140
v -1.554515 4.097864 -11.080784 0.26108 0.52005 0.63221
vt 0.332334 0.223620
vn 0.016189 0.999527 0.026164
v -1.206782 4.097864 -11.295938 0.26108 0.52005 0.63221
vt 0.333277 0.225379
vn 0.016189 0.999527 0.026164
v -1.807288 4.119987 -11.769563 0.26108 0.52005 0.63221
vt 0.336020 0.222563
vn 0.016189 0.999527 0.026164
f 1141/1141/1141 1142/1142/1142 1143/1143/1143
v -1.206782 4.097864 -11.295938 0.26108 0.52005 0.63221
vt 0.333277 0.225379
vn 0.000000 1.000000 -0.000000
v -1.554515 4.097864 -11.080784 0.26108 0.52005 0.63221
vt 0.332334 0.223620
vn 0.000000 1.000000 -0.000000
v -1.206782 4.097864 -10.505635 0.26108 0.52005 0.63221
vt 0.329171 0.225124
vn 0.000000 1.000000 -0.000000
f 1144/1144/1144 1145/1145/1145 1146/1146/1146
v -1.206782 3.764449 -12.316004 0.26108 0.52005 0.63221
vt 0.338852 0.226491
vn -0.112481 -0.991391 -0.067027
v -1.206782 3.695484 -11.295938 0.26108 0.52005 0.63221
vt 0.333619 0.226324
vn -0.112481 -0.991391 -0.067027
v -1.807288 3.795637 -11.769563 0.26108 0.52005 0.63221
vt 0.336291 0.223330
vn -0.112481 -0.991391 -0.067027
f 1147/1147/1147 1148/1148/1148 1149/1149/1149
v -1.807288 3.795637 -11.769563 0.26108 0.52005 0.63221
vt 0.336291 0.223330
vn -0.101869 -0.993262 -0.055258
v -2.060061 3.872662 -12.688103 0.26108 0.52005 0.63221
vt 0.341116 0.222218
vn -0.101869 -0.993262 -0.055258
v -1.206782 3.764449 -12.316004 0.26108 0.52005 0.63221
vt 0.338852 0.226491
vn -0.101869 -0.993262 -0.055258
f 1150/1150/1150 1151/1151/1151 1152/1152/1152
v -1.206782 3.871977 -13.336071 0.82273 0.82503 0.80433
vt 0.456715 0.775992
vn -0.080148 -0.991291 -0.104494
v -1.206782 3.764449 -12.316004 0.82273 0.82503 0.80433
vt 0.445363 0.774047
vn -0.080148 -0.991291 -0.104494
v -2.060061 3.872662 -12.688103 0.82273 0.82503 0.80433
vt 0.450971 0.765043
vn -0.080148 -0.991291 -0.104494
f 1153/1153/1153 1154/1154/1154 1155/1155/1155
v -2.060061 3.872662 -12.688103 0.82273 0.82503 0.80433
vt 0.450971 0.765043
vn -0.072571 -0.992875 -0.094515
v -2.312833 3.978577 -13.606645 0.82273 0.82503 0.80433
vt 0.461638 0.763887
vn -0.072571 -0.992875 -0.094515
v -1.206782 3.871977 -13.336071 0.82273 0.82503 0.80433
vt 0.456715 0.775992
vn -0.072571 -0.992875 -0.094515
f 1156/1156/1156 1157/1157/1157 1158/1158/1158
v -4.496345 4.360978 -13.214218 0.26108 0.52005 0.63221
vt 0.344656 0.209421
vn 0.078504 0.996737 -0.018797
v -2.060061 4.179017 -12.688103 0.26108 0.52005 0.63221
vt 0.340867 0.221492
vn 0.078504 0.996737 -0.018797
v -4.496345 4.352671 -13.654696 0.26108 0.52005 0.63221
vt 0.346947 0.209582
vn 0.078504 0.996737 -0.018797
f 1159/1159/1159 1160/1160/1160 1161/1161/1161
v -2.060061 4.179017 -12.688103 0.26108 0.52005 0.63221
vt 0.340867 0.221492
vn 0.064449 0.996845 0.046326
v -4.496345 4.360978 -13.214218 0.26108 0.52005 0.63221
vt 0.344656 0.209421
vn 0.064449 0.996845 0.046326
v -1.807288 4.119987 -11.769563 0.26108 0.52005 0.63221
vt 0.336020 0.222563
vn 0.064449 0.996845 0.046326
f 1162/1162/1162 1163/1163/1163 1164/1164/1164
v -4.496345 4.360978 -13.003505 0.26108 0.52005 0.63221
vt 0.343563 0.209353
vn 0.089261 0.996008 0.000000
v -1.807288 4.119987 -11.769563 0.26108 0.52005 0.63221
vt 0.336020 0.222563
vn 0.089261 0.996008 0.000000
v -4.496345 4.360978 -13.214218 0.26108 0.52005 0.63221
vt 0.344656 0.209421
vn 0.089261 0.996008 0.000000
f 1165/1165/1165 1166/1166/1166 1167/1167/1167
v -1.807288 4.119987 -11.769563 0.26108 0.52005 0.63221
vt 0.336020 0.222563
vn 0.089680 0.995970 -0.000921
v -4.496345 4.360978 -13.003505 0.26108 0.52005 0.63221
vt 0.343563 0.209353
vn 0.089680 0.995970 -0.000921
v -1.554515 4.097864 -11.080784 0.26108 0.52005 0.63221
vt 0.332334 0.223620
vn 0.089680 0.995970 -0.000921
f 1168/1168/1168 1169/1169/1169 1170/1170/1170
v -4.844078 4.386445 -13.558216 0.26108 0.52005 0.63221
vt 0.346591 0.207788
vn 0.100319 0.994866 0.013303
v -4.496345 4.352671 -13.654696 0.26108 0.52005 0.63221
vt 0.346947 0.209582
vn 0.100319 0.994866 0.013303
v -4.844078 4.390545 -13.864760 0.26108 0.52005 0.63221
vt 0.348178 0.207876
vn 0.100319 0.994866 0.013303
f 1171/1171/1171 1172/1172/1172 1173/1173/1173
v -4.496345 4.352671 -13.654696 0.26108 0.52005 0.63221
vt 0.346947 0.209582
vn 0.091492 0.995629 -0.018776
v -4.844078 4.386445 -13.558216 0.26108 0.52005 0.63221
vt 0.346591 0.207788
vn 0.091492 0.995629 -0.018776
v -4.496345 4.360978 -13.214218 0.26108 0.52005 0.63221
vt 0.344656 0.209421
vn 0.091492 0.995629 -0.018776
f 1174/1174/1174 1175/1175/1175 1176/1176/1176
v -4.844078 4.386445 -13.399739 0.26108 0.52005 0.63221
vt 0.345769 0.207737
vn 0.073042 0.997329 0.000000
v -4.496345 4.360978 -13.214218 0.26108 0.52005 0.63221
vt 0.344656 0.209421
vn 0.073042 0.997329 0.000000
v -4.844078 4.386445 -13.558216 0.26108 0.52005 0.63221
vt 0.346591 0.207788
vn 0.073042 0.997329 0.000000
f 1177/1177/1177 1178/1178/1178 1179/1179/1179
v -4.496345 4.360978 -13.214218 0.26108 0.52005 0.63221
vt 0.344656 0.209421
vn 0.073042 0.997329 -0.000000
v -4.844078 4.386445 -13.399739 0.26108 0.52005 0.63221
vt 0.345769 0.207737
vn 0.073042 0.997329 -0.000000
v -4.496345 4.360978 -13.003505 0.26108 0.52005 0.63221
vt 0.343563 0.209353
vn 0.073042 0.997329 -0.000000
f 1180/1180/1180 1181/1181/1181 1182/1182/1182
v -2.060061 3.872662 -12.688103 0.26108 0.52005 0.63221
vt 0.341116 0.222218
vn -0.116944 -0.991829 -0.050989
v -1.807288 3.795637 -11.769563 0.26108 0.52005 0.63221
vt 0.336291 0.223330
vn -0.116944 -0.991829 -0.050989
v -4.496345 4.186965 -13.214218 0.26108 0.52005 0.63221
vt 0.344794 0.209844
vn -0.116944 -0.991829 -0.050989
f 1183/1183/1183 1184/1184/1184 1185/1185/1185
v -4.496345 4.186965 -13.214218 0.26108 0.52005 0.63221
vt 0.344794 0.209844
vn -0.124361 -0.992095 -0.016801
v -4.496345 4.194424 -13.654696 0.26108 0.52005 0.63221
vt 0.347071 0.209967
vn -0.124361 -0.992095 -0.016801
v -2.060061 3.872662 -12.688103 0.26108 0.52005 0.63221
vt 0.341116 0.222218
vn -0.124361 -0.992095 -0.016801
f 1186/1186/1186 1187/1187/1187 1188/1188/1188
v -2.312833 3.978577 -13.606645 0.82273 0.82503 0.80433
vt 0.461638 0.763887
vn -0.096078 -0.991486 -0.087886
v -2.060061 3.872662 -12.688103 0.82273 0.82503 0.80433
vt 0.450971 0.765043
vn -0.096078 -0.991486 -0.087886
v -4.496345 4.194424 -13.654696 0.82273 0.82503 0.80433
vt 0.465905 0.739184
vn -0.096078 -0.991486 -0.087886
f 1189/1189/1189 1190/1190/1190 1191/1191/1191
v -4.496345 4.194424 -13.654696 0.82273 0.82503 0.80433
vt 0.465905 0.739184
vn -0.095828 -0.990761 -0.095964
v -4.496345 4.237089 -14.095173 0.82273 0.82503 0.80433
vt 0.470818 0.739997
vn -0.095828 -0.990761 -0.095964
v -2.312833 3.978577 -13.606645 0.82273 0.82503 0.80433
vt 0.461638 0.763887
vn -0.095828 -0.990761 -0.095964
f 1192/1192/1192 1193/1193/1193 1194/1194/1194
v -4.496345 4.194424 -13.654696 0.26108 0.52005 0.63221
vt 0.347071 0.209967
vn -0.162324 -0.986596 -0.016708
v -4.496345 4.186965 -13.214218 0.26108 0.52005 0.63221
vt 0.344794 0.209844
vn -0.162324 -0.986596 -0.016708
v -4.844078 4.250003 -13.558216 0.26108 0.52005 0.63221
vt 0.346698 0.208121
vn -0.162324 -0.986596 -0.016708
f 1195/1195/1195 1196/1196/1196 1197/1197/1197
v -4.844078 4.250003 -13.558216 0.26108 0.52005 0.63221
vt 0.346698 0.208121
vn -0.166515 -0.985505 -0.032442
v -4.844078 4.260094 -13.864760 0.26108 0.52005 0.63221
vt 0.348279 0.208195
vn -0.166515 -0.985505 -0.032442
v -4.496345 4.194424 -13.654696 0.26108 0.52005 0.63221
vt 0.347071 0.209967
vn -0.166515 -0.985505 -0.032442
f 1198/1198/1198 1199/1199/1199 1200/1200/1200
v -4.496345 4.237089 -14.095173 0.82273 0.82503 0.80433
vt 0.470818 0.739997
vn -0.128652 -0.987070 -0.095607
v -4.496345 4.194424 -13.654696 0.82273 0.82503 0.80433
vt 0.465905 0.739184
vn -0.128652 -0.987070 -0.095607
v -4.844078 4.260094 -13.864760 0.82273 0.82503 0.80433
vt 0.468837 0.735639
vn -0.128652 -0.987070 -0.095607
f 1201/1201/1201 1202/1202/1202 1203/1203/1203
v -4.844078 4.260094 -13.864760 0.82273 0.82503 0.80433
vt 0.468837 0.735639
vn -0.124124 -0.988299 -0.088650
v -4.844078 4.287591 -14.171305 0.82273 0.82503 0.80433
vt 0.472257 0.736201
vn -0.124124 -0.988299 -0.088650
v -4.496345 4.237089 -14.095173 0.82273 0.82503 0.80433
vt 0.470818 0.739997
vn -0.124124 -0.988299 -0.088650
f 1204/1204/1204 1205/1205/1205 1206/1206/1206
v -1.068077 3.896674 -9.611214 0.26108 0.52005 0.63221
vt 0.324635 0.225982
vn -0.953312 -0.227197 0.198943
v -1.206782 3.695484 -10.505635 0.26108 0.52005 0.63221
vt 0.329522 0.226070
vn -0.953312 -0.227197 0.198943
v -1.068077 3.695484 -9.840978 0.26108 0.52005 0.63221
vt 0.326006 0.226528
vn -0.953312 -0.227197 0.198943
f 1207/1207/1207 1208/1208/1208 1209/1209/1209
v -1.206782 3.695484 -10.505635 0.26108 0.52005 0.63221
vt 0.329522 0.226070
vn -0.953312 -0.227197 0.198943
v -1.068077 3.896674 -9.611214 0.26108 0.52005 0.63221
vt 0.324635 0.225982
vn -0.953312 -0.227197 0.198943
v -1.206782 3.896674 -10.275871 0.26108 0.52005 0.63221
vt 0.328154 0.225523
vn -0.953312 -0.227197 0.198943
f 1210/1210/1210 1211/1211/1211 1212/1212/1212
v -4.844078 4.250003 -13.558216 0.26108 0.52005 0.63221
vt 0.346698 0.208121
vn -1.000000 0.000000 0.000000
v -4.844078 4.317002 -13.251671 0.26108 0.52005 0.63221
vt 0.345056 0.207859
vn -1.000000 0.000000 0.000000
v -4.844078 4.317002 -13.558216 0.26108 0.52005 0.63221
vt 0.346645 0.207957
vn -1.000000 0.000000 0.000000
f 1213/1213/1213 1214/1214/1214 1215/1215/1215
v -4.844078 4.317002 -13.251671 0.26108 0.52005 0.63221
vt 0.345056 0.207859
vn -1.000000 0.000000 0.000000
v -4.844078 4.250003 -13.558216 0.26108 0.52005 0.63221
vt 0.346698 0.208121
vn -1.000000 0.000000 0.000000
v -4.844078 4.250003 -13.399739 0.26108 0.52005 0.63221
vt 0.345876 0.208070
vn -1.000000 0.000000 0.000000
f 1216/1216/1216 1217/1217/1217 1218/1218/1218
v -4.496345 4.237089 -14.095173 0.26108 0.52005 0.63221
vt 0.349321 0.210005
vn 0.213871 0.000000 -0.976862
v -4.844078 4.355067 -14.171305 0.26108 0.52005 0.63221
vt 0.349795 0.208061
vn 0.213871 0.000000 -0.976862
v -4.496345 4.309290 -14.095173 0.26108 0.52005 0.63221
vt 0.349266 0.209829
vn 0.213871 0.000000 -0.976862
f 1219/1219/1219 1220/1220/1220 1221/1221/1221
v -4.844078 4.355067 -14.171305 0.26108 0.52005 0.63221
vt 0.349795 0.208061
vn 0.213871 0.000000 -0.976862
v -4.496345 4.237089 -14.095173 0.26108 0.52005 0.63221
vt 0.349321 0.210005
vn 0.213871 0.000000 -0.976862
v -4.844078 4.287591 -14.171305 0.26108 0.52005 0.63221
vt 0.349847 0.208226
vn 0.213871 0.000000 -0.976862
f 1222/1222/1222 1223/1223/1223 1224/1224/1224
v -1.554515 3.695484 -11.080784 0.26108 0.52005 0.63221
vt 0.332679 0.224569
vn -0.736756 -0.508699 0.445439
v -1.206782 3.896674 -10.275871 0.26108 0.52005 0.63221
vt 0.328154 0.225523
vn -0.736756 -0.508699 0.445439
v -1.554515 3.896674 -10.851022 0.26108 0.52005 0.63221
vt 0.331315 0.224021
vn -0.736756 -0.508699 0.445439
f 1225/1225/1225 1226/1226/1226 1227/1227/1227
v -1.206782 3.896674 -10.275871 0.26108 0.52005 0.63221
vt 0.328154 0.225523
vn -0.736754 -0.508702 0.445439
v -1.554515 3.695484 -11.080784 0.26108 0.52005 0.63221
vt 0.332679 0.224569
vn -0.736754 -0.508702 0.445439
v -1.206782 3.695484 -10.505635 0.26108 0.52005 0.63221
vt 0.329522 0.226070
vn -0.736754 -0.508702 0.445439
f 1228/1228/1228 1229/1229/1229 1230/1230/1230
v -2.312833 3.978577 -13.606645 0.26108 0.52005 0.63221
vt 0.345921 0.221038
vn 0.218337 0.000000 -0.975873
v -4.496345 4.309290 -14.095173 0.26108 0.52005 0.63221
vt 0.349266 0.209829
vn 0.218337 0.000000 -0.975873
v -2.312833 4.074302 -13.606645 0.26108 0.52005 0.63221
vt 0.345846 0.220810
vn 0.218337 0.000000 -0.975873
f 1231/1231/1231 1232/1232/1232 1233/1233/1233
v -4.496345 4.309290 -14.095173 0.26108 0.52005 0.63221
vt 0.349266 0.209829
vn 0.218337 0.000000 -0.975873
v -2.312833 3.978577 -13.606645 0.26108 0.52005 0.63221
vt 0.345921 0.221038
vn 0.218337 0.000000 -0.975873
v -4.496345 4.237089 -14.095173 0.26108 0.52005 0.63221
vt 0.349321 0.210005
vn 0.218337 0.000000 -0.975873
f 1234/1234/1234 1235/1235/1235 1236/1236/1236
v -1.206782 3.871977 -13.336071 0.26108 0.52005 0.63221
vt 0.344057 0.226568
vn 0.237623 0.000000 -0.971357
v -2.312833 4.074302 -13.606645 0.26108 0.52005 0.63221
vt 0.345846 0.220810
vn 0.237623 0.000000 -0.971357
v -1.206782 3.978366 -13.336071 0.26108 0.52005 0.63221
vt 0.343972 0.226318
vn 0.237623 0.000000 -0.971357
f 1237/1237/1237 1238/1238/1238 1239/1239/1239
v -2.312833 4.074302 -13.606645 0.26108 0.52005 0.63221
vt 0.345846 0.220810
vn 0.237623 0.000000 -0.971357
v -1.206782 3.871977 -13.336071 0.26108 0.52005 0.63221
vt 0.344057 0.226568
vn 0.237623 0.000000 -0.971357
v -2.312833 3.978577 -13.606645 0.26108 0.52005 0.63221
vt 0.345921 0.221038
vn 0.237623 0.000000 -0.971357
f 1240/1240/1240 1241/1241/1241 1242/1242/1242
v -1.554515 3.695484 -11.080784 0.26108 0.52005 0.63221
vt 0.332679 0.224569
vn -0.467309 -0.665136 0.582423
v -1.554515 3.896674 -10.851022 0.26108 0.52005 0.63221
vt 0.331315 0.224021
vn -0.467309 -0.665136 0.582423
v -4.496345 4.279915 -12.773741 0.26108 0.52005 0.63221
vt 0.342436 0.209477
vn -0.467309 -0.665136 0.582423
f 1243/1243/1243 1244/1244/1244 1245/1245/1245
v -4.496345 4.279915 -12.773741 0.26108 0.52005 0.63221
vt 0.342436 0.209477
vn -0.375131 -0.855693 0.356464
v -4.496345 4.184200 -13.003505 0.26108 0.52005 0.63221
vt 0.343704 0.209783
vn -0.375131 -0.855693 0.356464
v -1.554515 3.695484 -11.080784 0.26108 0.52005 0.63221
vt 0.332679 0.224569
vn -0.375131 -0.855693 0.356464
f 1246/1246/1246 1247/1247/1247 1248/1248/1248
v -4.496345 4.184200 -13.003505 0.26108 0.52005 0.63221
vt 0.343704 0.209783
vn -0.531205 -0.782095 0.325804
v -4.496345 4.279915 -12.773741 0.26108 0.52005 0.63221
vt 0.342436 0.209477
vn -0.531205 -0.782095 0.325804
v -4.844078 4.317002 -13.251671 0.26108 0.52005 0.63221
vt 0.345056 0.207859
vn -0.531205 -0.782095 0.325804
f 1249/1249/1249 1250/1250/1250 1251/1251/1251
v -4.844078 4.317002 -13.251671 0.26108 0.52005 0.63221
vt 0.345056 0.207859
vn -0.540340 -0.766617 0.346888
v -4.844078 4.250003 -13.399739 0.26108 0.52005 0.63221
vt 0.345876 0.208070
vn -0.540340 -0.766617 0.346888
v -4.496345 4.184200 -13.003505 0.26108 0.52005 0.63221
vt 0.343704 0.209783
vn -0.540340 -0.766617 0.346888
f 1252/1252/1252 1253/1253/1253 1254/1254/1254
v -4.844078 4.260094 -13.864760 0.26108 0.52005 0.63221
vt 0.348279 0.208195
vn -1.000000 0.000000 0.000000
v -4.844078 4.317002 -13.558216 0.26108 0.52005 0.63221
vt 0.346645 0.207957
vn -1.000000 0.000000 0.000000
v -4.844078 4.328327 -13.864760 0.26108 0.52005 0.63221
vt 0.348226 0.208028
vn -1.000000 0.000000 0.000000
f 1255/1255/1255 1256/1256/1256 1257/1257/1257
v -4.844078 4.317002 -13.558216 0.26108 0.52005 0.63221
vt 0.346645 0.207957
vn -1.000000 -0.000000 0.000000
v -4.844078 4.260094 -13.864760 0.26108 0.52005 0.63221
vt 0.348279 0.208195
vn -1.000000 -0.000000 0.000000
v -4.844078 4.250003 -13.558216 0.26108 0.52005 0.63221
vt 0.346698 0.208121
vn -1.000000 -0.000000 0.000000
f 1258/1258/1258 1259/1259/1259 1260/1260/1260
v -4.844078 4.287591 -14.171305 0.82273 0.82503 0.80433
vt 0.472257 0.736201
vn -1.000000 0.000000 0.000000
v -4.844078 4.328327 -13.864760 0.82273 0.82503 0.80433
vt 0.468814 0.735716
vn -1.000000 0.000000 0.000000
v -4.844078 4.355067 -14.171305 0.82273 0.82503 0.80433
vt 0.472237 0.736277
vn -1.000000 0.000000 0.000000
f 1261/1261/1261 1262/1262/1262 1263/1263/1263
v -4.844078 4.328327 -13.864760 0.82273 0.82503 0.80433
vt 0.468814 0.735716
vn -1.000000 -0.000000 0.000000
v -4.844078 4.287591 -14.171305 0.82273 0.82503 0.80433
vt 0.472257 0.736201
vn -1.000000 -0.000000 0.000000
v -4.844078 4.260094 -13.864760 0.82273 0.82503 0.80433
vt 0.468837 0.735639
vn -1.000000 -0.000000 0.000000
f 1264/1264/1264 1265/1265/1265 1266/1266/1266
v -1.068077 4.097864 -9.840978 0.26108 0.52005 0.63221
vt 0.325647 0.225583
vn -0.953312 0.227197 0.198943
v -1.206782 3.896674 -10.275871 0.26108 0.52005 0.63221
vt 0.328154 0.225523
vn -0.953312 0.227197 0.198943
v -1.068077 3.896674 -9.611214 0.26108 0.52005 0.63221
vt 0.324635 0.225982
vn -0.953312 0.227197 0.198943
f 1267/1267/1267 1268/1268/1268 1269/1269/1269
v -1.206782 3.896674 -10.275871 0.26108 0.52005 0.63221
vt 0.328154 0.225523
vn -0.953312 0.227197 0.198943
v -1.068077 4.097864 -9.840978 0.26108 0.52005 0.63221
vt 0.325647 0.225583
vn -0.953312 0.227197 0.198943
v -1.206782 4.097864 -10.505635 0.26108 0.52005 0.63221
vt 0.329171 0.225124
vn -0.953312 0.227197 0.198943
f 1270/1270/1270 1271/1271/1271 1272/1272/1272
v 4.844087 4.317002 -13.558216 0.26108 0.52005 0.63221
vt 0.341856 0.255203
vn 1.000000 0.000000 0.000000
v 4.844087 4.386445 -13.558216 0.26108 0.52005 0.63221
vt 0.341799 0.255049
vn 1.000000 0.000000 0.000000
v 4.844087 4.386445 -13.399739 0.26108 0.52005 0.63221
vt 0.340970 0.254997
vn 1.000000 0.000000 0.000000
f 1273/1273/1273 1274/1274/1274 1275/1275/1275
v 4.844087 4.386445 -13.399739 0.26108 0.52005 0.63221
vt 0.340970 0.254997
vn 1.000000 0.000000 0.000000
v 4.844087 4.317002 -13.251671 0.26108 0.52005 0.63221
vt 0.340252 0.255103
vn 1.000000 0.000000 0.000000
v 4.844087 4.317002 -13.558216 0.26108 0.52005 0.63221
vt 0.341856 0.255203
vn 1.000000 0.000000 0.000000
f 1276/1276/1276 1277/1277/1277 1278/1278/1278
v 4.844087 4.355067 -14.171305 0.26108 0.52005 0.63221
vt 0.345033 0.255319
vn -0.213871 0.000000 -0.976862
v 4.496353 4.381492 -14.095173 0.26108 0.52005 0.63221
vt 0.344786 0.253524
vn -0.213871 0.000000 -0.976862
v 4.844087 4.422544 -14.171305 0.26108 0.52005 0.63221
vt 0.344980 0.255169
vn -0.213871 0.000000 -0.976862
f 1279/1279/1279 1280/1280/1280 1281/1281/1281
v 4.496353 4.381492 -14.095173 0.26108 0.52005 0.63221
vt 0.344786 0.253524
vn -0.213871 -0.000000 -0.976862
v 4.844087 4.355067 -14.171305 0.26108 0.52005 0.63221
vt 0.345033 0.255319
vn -0.213871 -0.000000 -0.976862
v 4.496353 4.309290 -14.095173 0.26108 0.52005 0.63221
vt 0.344844 0.253685
vn -0.213871 -0.000000 -0.976862
f 1282/1282/1282 1283/1283/1283 1284/1284/1284
v 1.554524 3.896674 -10.851022 0.26108 0.52005 0.63221
vt 0.329741 0.239147
vn 0.736755 0.508700 0.445440
v 1.554524 4.097864 -11.080784 0.26108 0.52005 0.63221
vt 0.330762 0.238761
vn 0.736755 0.508700 0.445440
v 1.206790 4.097864 -10.505635 0.26108 0.52005 0.63221
vt 0.327943 0.236877
vn 0.736755 0.508700 0.445440
f 1285/1285/1285 1286/1286/1286 1287/1287/1287
v 1.206790 4.097864 -10.505635 0.26108 0.52005 0.63221
vt 0.327943 0.236877
vn 0.736754 0.508701 0.445439
v 1.206790 3.896674 -10.275871 0.26108 0.52005 0.63221
vt 0.326926 0.237265
vn 0.736754 0.508701 0.445439
v 1.554524 3.896674 -10.851022 0.26108 0.52005 0.63221
vt 0.329741 0.239147
vn 0.736754 0.508701 0.445439
f 1288/1288/1288 1289/1289/1289 1290/1290/1290
v 1.206790 4.092741 -12.316004 0.82273 0.82503 0.80433
vt 0.440848 0.802544
vn -0.078763 0.996863 -0.007804
v 2.312842 4.170027 -13.606645 0.82273 0.82503 0.80433
vt 0.453378 0.817879
vn -0.078763 0.996863 -0.007804
v 1.206790 4.084755 -13.336071 0.82273 0.82503 0.80433
vt 0.452339 0.804325
vn -0.078763 0.996863 -0.007804
f 1291/1291/1291 1292/1292/1292 1293/1293/1293
v 2.312842 4.170027 -13.606645 0.82273 0.82503 0.80433
vt 0.453378 0.817879
vn -0.118792 0.992014 -0.042399
v 1.206790 4.092741 -12.316004 0.82273 0.82503 0.80433
vt 0.440848 0.802544
vn -0.118792 0.992014 -0.042399
v 2.060069 4.179017 -12.688103 0.82273 0.82503 0.80433
vt 0.443454 0.813318
vn -0.118792 0.992014 -0.042399
f 1294/1294/1294 1295/1295/1295 1296/1296/1296
v 1.807297 3.795637 -11.769563 0.26108 0.52005 0.63221
vt 0.334479 0.240909
vn -0.497774 -0.813417 -0.300953
v 1.554524 3.695484 -11.080784 0.26108 0.52005 0.63221
vt 0.331110 0.239682
vn -0.497774 -0.813417 -0.300953
v 1.206790 3.695484 -10.505635 0.26108 0.52005 0.63221
vt 0.328298 0.237801
vn -0.497774 -0.813417 -0.300953
f 1297/1297/1297 1298/1298/1298 1299/1299/1299
v 1.206790 3.695484 -10.505635 0.26108 0.52005 0.63221
vt 0.328298 0.237801
vn 0.164509 -0.986376 0.000000
v 1.206790 3.695484 -11.295938 0.26108 0.52005 0.63221
vt 0.332404 0.238056
vn 0.164509 -0.986376 0.000000
v 1.807297 3.795637 -11.769563 0.26108 0.52005 0.63221
vt 0.334479 0.240909
vn 0.164509 -0.986376 0.000000
f 1300/1300/1300 1301/1301/1301 1302/1302/1302
v 4.496353 4.309290 -14.095173 0.26108 0.52005 0.63221
vt 0.344844 0.253685
vn -0.218337 0.000000 -0.975873
v 2.312842 4.170027 -13.606645 0.26108 0.52005 0.63221
vt 0.343487 0.243125
vn -0.218337 0.000000 -0.975873
v 4.496353 4.381492 -14.095173 0.26108 0.52005 0.63221
vt 0.344786 0.253524
vn -0.218337 0.000000 -0.975873
f 1303/1303/1303 1304/1304/1304 1305/1305/1305
v 2.312842 4.170027 -13.606645 0.26108 0.52005 0.63221
vt 0.343487 0.243125
vn -0.218337 -0.000000 -0.975873
v 4.496353 4.309290 -14.095173 0.26108 0.52005 0.63221
vt 0.344844 0.253685
vn -0.218337 -0.000000 -0.975873
v 2.312842 4.074302 -13.606645 0.26108 0.52005 0.63221
vt 0.343564 0.243342
vn -0.218337 -0.000000 -0.975873
f 1306/1306/1306 1307/1307/1307 1308/1308/1308
v 2.312842 4.074302 -13.606645 0.26108 0.52005 0.63221
vt 0.343564 0.243342
vn -0.237623 0.000000 -0.971357
v 1.206790 4.084755 -13.336071 0.26108 0.52005 0.63221
vt 0.342694 0.237825
vn -0.237623 0.000000 -0.971357
v 2.312842 4.170027 -13.606645 0.26108 0.52005 0.63221
vt 0.343487 0.243125
vn -0.237623 0.000000 -0.971357
f 1309/1309/1309 1310/1310/1310 1311/1311/1311
v 1.206790 4.084755 -13.336071 0.26108 0.52005 0.63221
vt 0.342694 0.237825
vn -0.237623 -0.000000 -0.971357
v 2.312842 4.074302 -13.606645 0.26108 0.52005 0.63221
vt 0.343564 0.243342
vn -0.237623 -0.000000 -0.971357
v 1.206790 3.978366 -13.336071 0.26108 0.52005 0.63221
vt 0.342779 0.238069
vn -0.237623 -0.000000 -0.971357
f 1312/1312/1312 1313/1313/1313 1314/1314/1314
v 1.554524 3.896674 -10.851022 0.26108 0.52005 0.63221
vt 0.329741 0.239147
vn 0.341444 0.707123 0.619188
v 4.496353 4.360978 -13.003505 0.26108 0.52005 0.63221
vt 0.339091 0.253213
vn 0.341444 0.707123 0.619188
v 1.554524 4.097864 -11.080784 0.26108 0.52005 0.63221
vt 0.330762 0.238761
vn 0.341444 0.707123 0.619188
f 1315/1315/1315 1316/1316/1316 1317/1317/1317
v 4.496353 4.360978 -13.003505 0.26108 0.52005 0.63221
vt 0.339091 0.253213
vn 0.094183 0.938836 0.331234
v 1.554524 3.896674 -10.851022 0.26108 0.52005 0.63221
vt 0.329741 0.239147
vn 0.094183 0.938836 0.331234
v 4.496353 4.279915 -12.773741 0.26108 0.52005 0.63221
vt 0.337957 0.253318
vn 0.094183 0.938836 0.331234
f 1318/1318/1318 1319/1319/1319 1320/1320/1320
v 4.496353 4.279915 -12.773741 0.26108 0.52005 0.63221
vt 0.337957 0.253318
vn 0.296145 0.900727 0.317788
v 4.844087 4.386445 -13.399739 0.26108 0.52005 0.63221
vt 0.340970 0.254997
vn 0.296145 0.900727 0.317788
v 4.496353 4.360978 -13.003505 0.26108 0.52005 0.63221
vt 0.339091 0.253213
vn 0.296145 0.900727 0.317788
f 1321/1321/1321 1322/1322/1322 1323/1323/1323
v 4.844087 4.386445 -13.399739 0.26108 0.52005 0.63221
vt 0.340970 0.254997
vn 0.437865 0.813967 0.381747
v 4.496353 4.279915 -12.773741 0.26108 0.52005 0.63221
vt 0.337957 0.253318
vn 0.437865 0.813967 0.381747
v 4.844087 4.317002 -13.251671 0.26108 0.52005 0.63221
vt 0.340252 0.255103
vn 0.437865 0.813967 0.381747
f 1324/1324/1324 1325/1325/1325 1326/1326/1326
v 2.060069 4.179017 -12.688103 0.82273 0.82503 0.80433
vt 0.443454 0.813318
vn -0.104873 0.993737 -0.038585
v 4.496353 4.381492 -14.095173 0.82273 0.82503 0.80433
vt 0.454906 0.844879
vn -0.104873 0.993737 -0.038585
v 2.312842 4.170027 -13.606645 0.82273 0.82503 0.80433
vt 0.453378 0.817879
vn -0.104873 0.993737 -0.038585
f 1327/1327/1327 1328/1328/1328 1329/1329/1329
v 4.496353 4.381492 -14.095173 0.82273 0.82503 0.80433
vt 0.454906 0.844879
vn -0.045176 0.996847 0.065225
v 2.060069 4.179017 -12.688103 0.82273 0.82503 0.80433
vt 0.443454 0.813318
vn -0.045176 0.996847 0.065225
v 4.496353 4.352671 -13.654696 0.82273 0.82503 0.80433
vt 0.449918 0.844024
vn -0.045176 0.996847 0.065225
f 1330/1330/1330 1331/1331/1331 1332/1332/1332
v 4.496353 4.352671 -13.654696 0.82273 0.82503 0.80433
vt 0.449918 0.844024
vn -0.102958 0.992563 0.064945
v 4.844087 4.422544 -14.171305 0.82273 0.82503 0.80433
vt 0.455129 0.849224
vn -0.102958 0.992563 0.064945
v 4.496353 4.381492 -14.095173 0.82273 0.82503 0.80433
vt 0.454906 0.844879
vn -0.102958 0.992563 0.064945
f 1333/1333/1333 1334/1334/1334 1335/1335/1335
v 4.844087 4.422544 -14.171305 0.82273 0.82503 0.80433
vt 0.455129 0.849224
vn -0.045559 0.993563 0.103715
v 4.496353 4.352671 -13.654696 0.82273 0.82503 0.80433
vt 0.449918 0.844024
vn -0.045559 0.993563 0.103715
v 4.844087 4.390545 -13.864760 0.82273 0.82503 0.80433
vt 0.451660 0.848598
vn -0.045559 0.993563 0.103715
f 1336/1336/1336 1337/1337/1337 1338/1338/1338
v 4.496353 4.186965 -13.214218 0.26108 0.52005 0.63221
vt 0.340337 0.253669
vn 0.155618 -0.987732 -0.012960
v 4.496353 4.184200 -13.003505 0.26108 0.52005 0.63221
vt 0.339238 0.253606
vn 0.155618 -0.987732 -0.012960
v 1.554524 3.695484 -11.080784 0.26108 0.52005 0.63221
vt 0.331110 0.239682
vn 0.155618 -0.987732 -0.012960
f 1339/1339/1339 1340/1340/1340 1341/1341/1341
v 1.554524 3.695484 -11.080784 0.26108 0.52005 0.63221
vt 0.331110 0.239682
vn 0.083127 -0.990059 -0.113455
v 1.807297 3.795637 -11.769563 0.26108 0.52005 0.63221
vt 0.334479 0.240909
vn 0.083127 -0.990059 -0.113455
v 4.496353 4.186965 -13.214218 0.26108 0.52005 0.63221
vt 0.340337 0.253669
vn 0.083127 -0.990059 -0.113455
f 1342/1342/1342 1343/1343/1343 1344/1344/1344
v 4.844087 4.250003 -13.558216 0.26108 0.52005 0.63221
vt 0.341910 0.255352
vn 0.185933 -0.982562 0.000000
v 4.844087 4.250003 -13.399739 0.26108 0.52005 0.63221
vt 0.341081 0.255300
vn 0.185933 -0.982562 0.000000
v 4.496353 4.184200 -13.003505 0.26108 0.52005 0.63221
vt 0.339238 0.253606
vn 0.185933 -0.982562 0.000000
f 1345/1345/1345 1346/1346/1346 1347/1347/1347
v 4.496353 4.184200 -13.003505 0.26108 0.52005 0.63221
vt 0.339238 0.253606
vn 0.165954 -0.986049 -0.012938
v 4.496353 4.186965 -13.214218 0.26108 0.52005 0.63221
vt 0.340337 0.253669
vn 0.165954 -0.986049 -0.012938
v 4.844087 4.250003 -13.558216 0.26108 0.52005 0.63221
vt 0.341910 0.255352
vn 0.165954 -0.986049 -0.012938
f 1348/1348/1348 1349/1349/1349 1350/1350/1350
v 4.844087 4.328327 -13.864760 0.26108 0.52005 0.63221
vt 0.343451 0.255278
vn 1.000000 0.000000 0.000000
v 4.844087 4.390545 -13.864760 0.26108 0.52005 0.63221
vt 0.343400 0.255140
vn 1.000000 0.000000 0.000000
v 4.844087 4.386445 -13.558216 0.26108 0.52005 0.63221
vt 0.341799 0.255049
vn 1.000000 0.000000 0.000000
f 1351/1351/1351 1352/1352/1352 1353/1353/1353
v 4.844087 4.386445 -13.558216 0.26108 0.52005 0.63221
vt 0.341799 0.255049
vn 1.000000 0.000000 0.000000
v 4.844087 4.317002 -13.558216 0.26108 0.52005 0.63221
vt 0.341856 0.255203
vn 1.000000 0.000000 0.000000
v 4.844087 4.328327 -13.864760 0.26108 0.52005 0.63221
vt 0.343451 0.255278
vn 1.000000 0.000000 0.000000
f 1354/1354/1354 1355/1355/1355 1356/1356/1356
v 4.844087 4.355067 -14.171305 0.82273 0.82503 0.80433
vt 0.455162 0.849059
vn 1.000000 0.000000 0.000000
v 4.844087 4.422544 -14.171305 0.82273 0.82503 0.80433
vt 0.455129 0.849224
vn 1.000000 0.000000 0.000000
v 4.844087 4.390545 -13.864760 0.82273 0.82503 0.80433
vt 0.451660 0.848598
vn 1.000000 0.000000 0.000000
f 1357/1357/1357 1358/1358/1358 1359/1359/1359
v 4.844087 4.390545 -13.864760 0.82273 0.82503 0.80433
vt 0.451660 0.848598
vn 1.000000 0.000000 0.000000
v 4.844087 4.328327 -13.864760 0.82273 0.82503 0.80433
vt 0.451693 0.848447
vn 1.000000 0.000000 0.000000
v 4.844087 4.355067 -14.171305 0.82273 0.82503 0.80433
vt 0.455162 0.849059
vn 1.000000 0.000000 0.000000
f 1360/1360/1360 1361/1361/1361 1362/1362/1362
v 1.206790 4.097864 -11.295938 0.26108 0.52005 0.63221
vt 0.332058 0.237133
vn -0.102752 0.994694 -0.004995
v 2.060069 4.179017 -12.688103 0.26108 0.52005 0.63221
vt 0.338815 0.241569
vn -0.102752 0.994694 -0.004995
v 1.206790 4.092741 -12.316004 0.26108 0.52005 0.63221
vt 0.337375 0.237475
vn -0.102752 0.994694 -0.004995
f 1363/1363/1363 1364/1364/1364 1365/1365/1365
v 2.060069 4.179017 -12.688103 0.26108 0.52005 0.63221
vt 0.338815 0.241569
vn 0.017636 0.997464 0.068954
v 1.206790 4.097864 -11.295938 0.26108 0.52005 0.63221
vt 0.332058 0.237133
vn 0.017636 0.997464 0.068954
v 1.807297 4.119987 -11.769563 0.26108 0.52005 0.63221
vt 0.334203 0.240169
vn 0.017636 0.997464 0.068954
f 1366/1366/1366 1367/1367/1367 1368/1368/1368
v 1.206790 4.097864 -10.505635 0.26108 0.52005 0.63221
vt 0.327943 0.236877
vn -0.036817 0.999322 0.000000
v 1.807297 4.119987 -11.769563 0.26108 0.52005 0.63221
vt 0.334203 0.240169
vn -0.036817 0.999322 0.000000
v 1.206790 4.097864 -11.295938 0.26108 0.52005 0.63221
vt 0.332058 0.237133
vn -0.036817 0.999322 0.000000
f 1369/1369/1369 1370/1370/1370 1371/1371/1371
v 1.807297 4.119987 -11.769563 0.26108 0.52005 0.63221
vt 0.334203 0.240169
vn 0.133525 0.987752 0.080729
v 1.206790 4.097864 -10.505635 0.26108 0.52005 0.63221
vt 0.327943 0.236877
vn 0.133525 0.987752 0.080729
v 1.554524 4.097864 -11.080784 0.26108 0.52005 0.63221
vt 0.330762 0.238761
vn 0.133525 0.987752 0.080729
f 1372/1372/1372 1373/1373/1373 1374/1374/1374
v 2.060069 3.872662 -12.688103 0.26108 0.52005 0.63221
vt 0.339068 0.242266
vn 0.127347 -0.990695 -0.048031
v 1.807297 3.795637 -11.769563 0.26108 0.52005 0.63221
vt 0.334479 0.240909
vn 0.127347 -0.990695 -0.048031
v 1.206790 3.695484 -11.295938 0.26108 0.52005 0.63221
vt 0.332404 0.238056
vn 0.127347 -0.990695 -0.048031
f 1375/1375/1375 1376/1376/1376 1377/1377/1377
v 1.206790 3.695484 -11.295938 0.26108 0.52005 0.63221
vt 0.332404 0.238056
vn 0.096661 -0.993050 -0.067139
v 1.206790 3.764449 -12.316004 0.26108 0.52005 0.63221
vt 0.337648 0.238229
vn 0.096661 -0.993050 -0.067139
v 2.060069 3.872662 -12.688103 0.26108 0.52005 0.63221
vt 0.339068 0.242266
vn 0.096661 -0.993050 -0.067139
f 1378/1378/1378 1379/1379/1379 1380/1380/1380
v 2.312842 3.978577 -13.606645 0.82273 0.82503 0.80433
vt 0.453477 0.817485
vn 0.086290 -0.992137 -0.090654
v 2.060069 3.872662 -12.688103 0.82273 0.82503 0.80433
vt 0.443647 0.812704
vn 0.086290 -0.992137 -0.090654
v 1.206790 3.764449 -12.316004 0.82273 0.82503 0.80433
vt 0.441063 0.801928
vn 0.086290 -0.992137 -0.090654
f 1381/1381/1381 1382/1382/1382 1383/1383/1383
v 1.206790 3.764449 -12.316004 0.82273 0.82503 0.80433
vt 0.441063 0.801928
vn 0.070030 -0.992048 -0.104574
v 1.206790 3.871977 -13.336071 0.82273 0.82503 0.80433
vt 0.452451 0.803920
vn 0.070030 -0.992048 -0.104574
v 2.312842 3.978577 -13.606645 0.82273 0.82503 0.80433
vt 0.453477 0.817485
vn 0.070030 -0.992048 -0.104574
f 1384/1384/1384 1385/1385/1385 1386/1386/1386
v 1.807297 4.119987 -11.769563 0.26108 0.52005 0.63221
vt 0.334203 0.240169
vn -0.051261 0.997433 0.049993
v 4.496353 4.352671 -13.654696 0.26108 0.52005 0.63221
vt 0.342505 0.253444
vn -0.051261 0.997433 0.049993
v 2.060069 4.179017 -12.688103 0.26108 0.52005 0.63221
vt 0.338815 0.241569
vn -0.051261 0.997433 0.049993
f 1387/1387/1387 1388/1388/1388 1389/1389/1389
v 4.496353 4.352671 -13.654696 0.26108 0.52005 0.63221
vt 0.342505 0.253444
vn -0.099241 0.994887 -0.018762
v 1.807297 4.119987 -11.769563 0.26108 0.52005 0.63221
vt 0.334203 0.240169
vn -0.099241 0.994887 -0.018762
v 4.496353 4.360978 -13.214218 0.26108 0.52005 0.63221
vt 0.340194 0.253282
vn -0.099241 0.994887 -0.018762
f 1390/1390/1390 1391/1391/1391 1392/1392/1392
v 1.554524 4.097864 -11.080784 0.26108 0.52005 0.63221
vt 0.330762 0.238761
vn -0.089769 0.995962 -0.000953
v 4.496353 4.360978 -13.214218 0.26108 0.52005 0.63221
vt 0.340194 0.253282
vn -0.089769 0.995962 -0.000953
v 1.807297 4.119987 -11.769563 0.26108 0.52005 0.63221
vt 0.334203 0.240169
vn -0.089769 0.995962 -0.000953
f 1393/1393/1393 1394/1394/1394 1395/1395/1395
v 4.496353 4.360978 -13.214218 0.26108 0.52005 0.63221
vt 0.340194 0.253282
vn -0.089084 0.996024 0.000000
v 1.554524 4.097864 -11.080784 0.26108 0.52005 0.63221
vt 0.330762 0.238761
vn -0.089084 0.996024 0.000000
v 4.496353 4.360978 -13.003505 0.26108 0.52005 0.63221
vt 0.339091 0.253213
vn -0.089084 0.996024 0.000000
f 1396/1396/1396 1397/1397/1397 1398/1398/1398
v 4.496353 4.360978 -13.214218 0.26108 0.52005 0.63221
vt 0.340194 0.253282
vn -0.119425 0.992667 -0.018720
v 4.844087 4.390545 -13.864760 0.26108 0.52005 0.63221
vt 0.343400 0.255140
vn -0.119425 0.992667 -0.018720
v 4.496353 4.352671 -13.654696 0.26108 0.52005 0.63221
vt 0.342505 0.253444
vn -0.119425 0.992667 -0.018720
f 1399/1399/1399 1400/1400/1400 1401/1401/1401
v 4.844087 4.390545 -13.864760 0.26108 0.52005 0.63221
vt 0.343400 0.255140
vn -0.059897 0.998115 0.013347
v 4.496353 4.360978 -13.214218 0.26108 0.52005 0.63221
vt 0.340194 0.253282
vn -0.059897 0.998115 0.013347
v 4.844087 4.386445 -13.558216 0.26108 0.52005 0.63221
vt 0.341799 0.255049
vn -0.059897 0.998115 0.013347
f 1402/1402/1402 1403/1403/1403 1404/1404/1404
v 4.496353 4.360978 -13.003505 0.26108 0.52005 0.63221
vt 0.339091 0.253213
vn -0.073042 0.997329 0.000000
v 4.844087 4.386445 -13.558216 0.26108 0.52005 0.63221
vt 0.341799 0.255049
vn -0.073042 0.997329 0.000000
v 4.496353 4.360978 -13.214218 0.26108 0.52005 0.63221
vt 0.340194 0.253282
vn -0.073042 0.997329 0.000000
f 1405/1405/1405 1406/1406/1406 1407/1407/1407
v 4.844087 4.386445 -13.558216 0.26108 0.52005 0.63221
vt 0.341799 0.255049
vn -0.073042 0.997329 0.000000
v 4.496353 4.360978 -13.003505 0.26108 0.52005 0.63221
vt 0.339091 0.253213
vn -0.073042 0.997329 0.000000
v 4.844087 4.386445 -13.399739 0.26108 0.52005 0.63221
vt 0.340970 0.254997
vn -0.073042 0.997329 0.000000
f 1408/1408/1408 1409/1409/1409 1410/1410/1410
v 4.496353 4.194424 -13.654696 0.26108 0.52005 0.63221
vt 0.342633 0.253796
vn 0.135157 -0.990682 -0.016777
v 4.496353 4.186965 -13.214218 0.26108 0.52005 0.63221
vt 0.340337 0.253669
vn 0.135157 -0.990682 -0.016777
v 1.807297 3.795637 -11.769563 0.26108 0.52005 0.63221
vt 0.334479 0.240909
vn 0.135157 -0.990682 -0.016777
f 1411/1411/1411 1412/1412/1412 1413/1413/1413
v 1.807297 3.795637 -11.769563 0.26108 0.52005 0.63221
vt 0.334479 0.240909
vn 0.110080 -0.992512 -0.052935
v 2.060069 3.872662 -12.688103 0.26108 0.52005 0.63221
vt 0.339068 0.242266
vn 0.110080 -0.992512 -0.052935
v 4.496353 4.194424 -13.654696 0.26108 0.52005 0.63221
vt 0.342633 0.253796
vn 0.110080 -0.992512 -0.052935
f 1414/1414/1414 1415/1415/1415 1416/1416/1416
v 4.496353 4.237089 -14.095173 0.82273 0.82503 0.80433
vt 0.454979 0.844535
vn 0.092804 -0.991046 -0.095992
v 4.496353 4.194424 -13.654696 0.82273 0.82503 0.80433
vt 0.450007 0.843649
vn 0.092804 -0.991046 -0.095992
v 2.060069 3.872662 -12.688103 0.82273 0.82503 0.80433
vt 0.443647 0.812704
vn 0.092804 -0.991046 -0.095992
f 1417/1417/1417 1418/1418/1418 1419/1419/1419
v 2.060069 3.872662 -12.688103 0.82273 0.82503 0.80433
vt 0.443647 0.812704
vn 0.097817 -0.991360 -0.087393
v 2.312842 3.978577 -13.606645 0.82273 0.82503 0.80433
vt 0.453477 0.817485
vn 0.097817 -0.991360 -0.087393
v 4.496353 4.237089 -14.095173 0.82273 0.82503 0.80433
vt 0.454979 0.844535
vn 0.097817 -0.991360 -0.087393
f 1420/1420/1420 1421/1421/1421 1422/1422/1422
v 4.844087 4.260094 -13.864760 0.26108 0.52005 0.63221
vt 0.343506 0.255429
vn 0.147022 -0.988598 -0.032543
v 4.844087 4.250003 -13.558216 0.26108 0.52005 0.63221
vt 0.341910 0.255352
vn 0.147022 -0.988598 -0.032543
v 4.496353 4.186965 -13.214218 0.26108 0.52005 0.63221
vt 0.340337 0.253669
vn 0.147022 -0.988598 -0.032543
f 1423/1423/1423 1424/1424/1424 1425/1425/1425
v 4.496353 4.186965 -13.214218 0.26108 0.52005 0.63221
vt 0.340337 0.253669
vn 0.175812 -0.984283 -0.016669
v 4.496353 4.194424 -13.654696 0.26108 0.52005 0.63221
vt 0.342633 0.253796
vn 0.175812 -0.984283 -0.016669
v 4.844087 4.260094 -13.864760 0.26108 0.52005 0.63221
vt 0.343506 0.255429
vn 0.175812 -0.984283 -0.016669
f 1426/1426/1426 1427/1427/1427 1428/1428/1428
v 4.844087 4.287591 -14.171305 0.82273 0.82503 0.80433
vt 0.455196 0.848895
vn 0.132934 -0.987162 -0.088548
v 4.844087 4.260094 -13.864760 0.82273 0.82503 0.80433
vt 0.451730 0.848281
vn 0.132934 -0.987162 -0.088548
v 4.496353 4.194424 -13.654696 0.82273 0.82503 0.80433
vt 0.450007 0.843649
vn 0.132934 -0.987162 -0.088548
f 1429/1429/1429 1430/1430/1430 1431/1431/1431
v 4.496353 4.194424 -13.654696 0.82273 0.82503 0.80433
vt 0.450007 0.843649
vn 0.122518 -0.987843 -0.095682
v 4.496353 4.237089 -14.095173 0.82273 0.82503 0.80433
vt 0.454979 0.844535
vn 0.122518 -0.987843 -0.095682
v 4.844087 4.287591 -14.171305 0.82273 0.82503 0.80433
vt 0.455196 0.848895
vn 0.122518 -0.987843 -0.095682
f 1432/1432/1432 1433/1433/1433 1434/1434/1434
v 1.068086 3.896674 -9.611214 0.26108 0.52005 0.63221
vt 0.323540 0.236373
vn 0.953312 -0.227197 0.198943
v 1.068086 3.695484 -9.840978 0.26108 0.52005 0.63221
vt 0.324915 0.236910
vn 0.953312 -0.227197 0.198943
v 1.206790 3.695484 -10.505635 0.26108 0.52005 0.63221
vt 0.328298 0.237801
vn 0.953312 -0.227197 0.198943
f 1435/1435/1435 1436/1436/1436 1437/1437/1437
v 1.206790 3.695484 -10.505635 0.26108 0.52005 0.63221
vt 0.328298 0.237801
vn 0.953312 -0.227197 0.198943
v 1.206790 3.896674 -10.275871 0.26108 0.52005 0.63221
vt 0.326926 0.237265
vn 0.953312 -0.227197 0.198943
v 1.068086 3.896674 -9.611214 0.26108 0.52005 0.63221
vt 0.323540 0.236373
vn 0.953312 -0.227197 0.198943
f 1438/1438/1438 1439/1439/1439 1440/1440/1440
v 4.844087 4.250003 -13.558216 0.26108 0.52005 0.63221
vt 0.341910 0.255352
vn 1.000000 0.000000 0.000000
v 4.844087 4.317002 -13.558216 0.26108 0.52005 0.63221
vt 0.341856 0.255203
vn 1.000000 0.000000 0.000000
v 4.844087 4.317002 -13.251671 0.26108 0.52005 0.63221
vt 0.340252 0.255103
vn 1.000000 0.000000 0.000000
f 1441/1441/1441 1442/1442/1442 1443/1443/1443
v 4.844087 4.317002 -13.251671 0.26108 0.52005 0.63221
vt 0.340252 0.255103
vn 1.000000 0.000000 0.000000
v 4.844087 4.250003 -13.399739 0.26108 0.52005 0.63221
vt 0.341081 0.255300
vn 1.000000 0.000000 0.000000
v 4.844087 4.250003 -13.558216 0.26108 0.52005 0.63221
vt 0.341910 0.255352
vn 1.000000 0.000000 0.000000
f 1444/1444/1444 1445/1445/1445 1446/1446/1446
v 4.844087 4.287591 -14.171305 0.26108 0.52005 0.63221
vt 0.345087 0.255469
vn -0.213871 0.000000 -0.976862
v 4.496353 4.309290 -14.095173 0.26108 0.52005 0.63221
vt 0.344844 0.253685
vn -0.213871 0.000000 -0.976862
v 4.844087 4.355067 -14.171305 0.26108 0.52005 0.63221
vt 0.345033 0.255319
vn -0.213871 0.000000 -0.976862
f 1447/1447/1447 1448/1448/1448 1449/1449/1449
v 4.496353 4.309290 -14.095173 0.26108 0.52005 0.63221
vt 0.344844 0.253685
vn -0.213871 -0.000000 -0.976862
v 4.844087 4.287591 -14.171305 0.26108 0.52005 0.63221
vt 0.345087 0.255469
vn -0.213871 -0.000000 -0.976862
v 4.496353 4.237089 -14.095173 0.26108 0.52005 0.63221
vt 0.344902 0.253845
vn -0.213871 -0.000000 -0.976862
f 1450/1450/1450 1451/1451/1451 1452/1452/1452
v 1.554524 3.695484 -11.080784 0.26108 0.52005 0.63221
vt 0.331110 0.239682
vn 0.736755 -0.508699 0.445440
v 1.554524 3.896674 -10.851022 0.26108 0.52005 0.63221
vt 0.329741 0.239147
vn 0.736755 -0.508699 0.445440
v 1.206790 3.896674 -10.275871 0.26108 0.52005 0.63221
vt 0.326926 0.237265
vn 0.736755 -0.508699 0.445440
f 1453/1453/1453 1454/1454/1454 1455/1455/1455
v 1.206790 3.896674 -10.275871 0.26108 0.52005 0.63221
vt 0.326926 0.237265
vn 0.736754 -0.508702 0.445440
v 1.206790 3.695484 -10.505635 0.26108 0.52005 0.63221
vt 0.328298 0.237801
vn 0.736754 -0.508702 0.445440
v 1.554524 3.695484 -11.080784 0.26108 0.52005 0.63221
vt 0.331110 0.239682
vn 0.736754 -0.508702 0.445440
f 1456/1456/1456 1457/1457/1457 1458/1458/1458
v 4.496353 4.237089 -14.095173 0.26108 0.52005 0.63221
vt 0.344902 0.253845
vn -0.218337 0.000000 -0.975873
v 2.312842 4.074302 -13.606645 0.26108 0.52005 0.63221
vt 0.343564 0.243342
vn -0.218337 0.000000 -0.975873
v 4.496353 4.309290 -14.095173 0.26108 0.52005 0.63221
vt 0.344844 0.253685
vn -0.218337 0.000000 -0.975873
f 1459/1459/1459 1460/1460/1460 1461/1461/1461
v 2.312842 4.074302 -13.606645 0.26108 0.52005 0.63221
vt 0.343564 0.243342
vn -0.218337 -0.000000 -0.975873
v 4.496353 4.237089 -14.095173 0.26108 0.52005 0.63221
vt 0.344902 0.253845
vn -0.218337 -0.000000 -0.975873
v 2.312842 3.978577 -13.606645 0.26108 0.52005 0.63221
vt 0.343641 0.243559
vn -0.218337 -0.000000 -0.975873
f 1462/1462/1462 1463/1463/1463 1464/1464/1464
v 2.312842 3.978577 -13.606645 0.26108 0.52005 0.63221
vt 0.343641 0.243559
vn -0.237623 0.000000 -0.971357
v 1.206790 3.978366 -13.336071 0.26108 0.52005 0.63221
vt 0.342779 0.238069
vn -0.237623 0.000000 -0.971357
v 2.312842 4.074302 -13.606645 0.26108 0.52005 0.63221
vt 0.343564 0.243342
vn -0.237623 0.000000 -0.971357
f 1465/1465/1465 1466/1466/1466 1467/1467/1467
v 1.206790 3.978366 -13.336071 0.26108 0.52005 0.63221
vt 0.342779 0.238069
vn -0.237623 -0.000000 -0.971357
v 2.312842 3.978577 -13.606645 0.26108 0.52005 0.63221
vt 0.343641 0.243559
vn -0.237623 -0.000000 -0.971357
v 1.206790 3.871977 -13.336071 0.26108 0.52005 0.63221
vt 0.342865 0.238313
vn -0.237623 -0.000000 -0.971357
f 1468/1468/1468 1469/1469/1469 1470/1470/1470
v 4.496353 4.184200 -13.003505 0.26108 0.52005 0.63221
vt 0.339238 0.253606
vn 0.348317 -0.865298 0.360465
v 4.496353 4.279915 -12.773741 0.26108 0.52005 0.63221
vt 0.337957 0.253318
vn 0.348317 -0.865298 0.360465
v 1.554524 3.896674 -10.851022 0.26108 0.52005 0.63221
vt 0.329741 0.239147
vn 0.348317 -0.865298 0.360465
f 1471/1471/1471 1472/1472/1472 1473/1473/1473
v 1.554524 3.896674 -10.851022 0.26108 0.52005 0.63221
vt 0.329741 0.239147
vn 0.485638 -0.657663 0.575878
v 1.554524 3.695484 -11.080784 0.26108 0.52005 0.63221
vt 0.331110 0.239682
vn 0.485638 -0.657663 0.575878
v 4.496353 4.184200 -13.003505 0.26108 0.52005 0.63221
vt 0.339238 0.253606
vn 0.485638 -0.657663 0.575878
f 1474/1474/1474 1475/1475/1475 1476/1476/1476
v 4.844087 4.250003 -13.399739 0.26108 0.52005 0.63221
vt 0.341081 0.255300
vn 0.553031 -0.759068 0.343472
v 4.844087 4.317002 -13.251671 0.26108 0.52005 0.63221
vt 0.340252 0.255103
vn 0.553031 -0.759068 0.343472
v 4.496353 4.279915 -12.773741 0.26108 0.52005 0.63221
vt 0.337957 0.253318
vn 0.553031 -0.759068 0.343472
f 1477/1477/1477 1478/1478/1478 1479/1479/1479
v 4.496353 4.279915 -12.773741 0.26108 0.52005 0.63221
vt 0.337957 0.253318
vn 0.522538 -0.787055 0.327870
v 4.496353 4.184200 -13.003505 0.26108 0.52005 0.63221
vt 0.339238 0.253606
vn 0.522538 -0.787055 0.327870
v 4.844087 4.250003 -13.399739 0.26108 0.52005 0.63221
vt 0.341081 0.255300
vn 0.522538 -0.787055 0.327870
f 1480/1480/1480 1481/1481/1481 1482/1482/1482
v 4.844087 4.260094 -13.864760 0.26108 0.52005 0.63221
vt 0.343506 0.255429
vn 1.000000 0.000000 0.000000
v 4.844087 4.328327 -13.864760 0.26108 0.52005 0.63221
vt 0.343451 0.255278
vn 1.000000 0.000000 0.000000
v 4.844087 4.317002 -13.558216 0.26108 0.52005 0.63221
vt 0.341856 0.255203
vn 1.000000 0.000000 0.000000
f 1483/1483/1483 1484/1484/1484 1485/1485/1485
v 4.844087 4.317002 -13.558216 0.26108 0.52005 0.63221
vt 0.341856 0.255203
vn 1.000000 0.000000 0.000000
v 4.844087 4.250003 -13.558216 0.26108 0.52005 0.63221
vt 0.341910 0.255352
vn 1.000000 0.000000 0.000000
v 4.844087 4.260094 -13.864760 0.26108 0.52005 0.63221
vt 0.343506 0.255429
vn 1.000000 0.000000 0.000000
f 1486/1486/1486 1487/1487/1487 1488/1488/1488
v 4.844087 4.287591 -14.171305 0.82273 0.82503 0.80433
vt 0.455196 0.848895
vn 1.000000 0.000000 0.000000
v 4.844087 4.355067 -14.171305 0.82273 0.82503 0.80433
vt 0.455162 0.849059
vn 1.000000 0.000000 0.000000
v 4.844087 4.328327 -13.864760 0.82273 0.82503 0.80433
vt 0.451693 0.848447
vn 1.000000 0.000000 0.000000
f 1489/1489/1489 1490/1490/1490 1491/1491/1491
v 4.844087 4.328327 -13.864760 0.82273 0.82503 0.80433
vt 0.451693 0.848447
vn 1.000000 0.000000 0.000000
v 4.844087 4.260094 -13.864760 0.82273 0.82503 0.80433
vt 0.451730 0.848281
vn 1.000000 0.000000 0.000000
v 4.844087 4.287591 -14.171305 0.82273 0.82503 0.80433
vt 0.455196 0.848895
vn 1.000000 0.000000 0.000000
f 1492/1492/1492 1493/1493/1493 1494/1494/1494
v 1.068086 4.097864 -9.840978 0.26108 0.52005 0.63221
vt 0.324554 0.235984
vn 0.953312 0.227197 0.198943
v 1.068086 3.896674 -9.611214 0.26108 0.52005 0.63221
vt 0.323540 0.236373
vn 0.953312 0.227197 0.198943
v 1.206790 3.896674 -10.275871 0.26108 0.52005 0.63221
vt 0.326926 0.237265
vn 0.953312 0.227197 0.198943
f 1495/1495/1495 1496/1496/1496 1497/1497/1497
v 1.206790 3.896674 -10.275871 0.26108 0.52005 0.63221
vt 0.326926 0.237265
vn 0.953312 0.227197 0.198943
v 1.206790 4.097864 -10.505635 0.26108 0.52005 0.63221
vt 0.327943 0.236877
vn 0.953312 0.227197 0.198943
v 1.068086 4.097864 -9.840978 0.26108 0.52005 0.63221
vt 0.324554 0.235984
vn 0.953312 0.227197 0.198943
f 1498/1498/1498 1499/1499/1499 1500/1500/1500
v 1.015289 1.910804 -6.921678 0.28524 0.28754 0.26684
vt 0.825471 0.244123
vn 0.430362 -0.893655 -0.127163
v 1.044572 1.725218 -5.518344 0.28524 0.28754 0.26684
vt 0.813496 0.244022
vn 0.430362 -0.893655 -0.127163
v 0.372804 1.401711 -5.518344 0.28524 0.28754 0.26684
vt 0.812889 0.239882
vn 0.430362 -0.893655 -0.127163
f 1501/1501/1501 1502/1502/1502 1503/1503/1503
v 0.372804 1.401711 -5.518344 0.28524 0.28754 0.26684
vt 0.812889 0.239882
vn 0.430362 -0.893655 -0.127163
v 0.362352 1.596366 -6.921678 0.28524 0.28754 0.26684
vt 0.824840 0.240092
vn 0.430362 -0.893655 -0.127163
v 1.015289 1.910804 -6.921678 0.28524 0.28754 0.26684
vt 0.825471 0.244123
vn 0.430362 -0.893655 -0.127163
f 1504/1504/1504 1505/1505/1505 1506/1506/1506
v 1.467135 2.477401 -6.921678 0.28524 0.28754 0.26684
vt 0.826842 0.245793
vn 0.778045 -0.620471 -0.098291
v 1.509451 2.308156 -5.518344 0.28524 0.28754 0.26684
vt 0.814841 0.245737
vn 0.778045 -0.620471 -0.098291
v 1.044572 1.725218 -5.518344 0.28524 0.28754 0.26684
vt 0.813496 0.244022
vn 0.778045 -0.620471 -0.098291
f 1507/1507/1507 1508/1508/1508 1509/1509/1509
v 1.044572 1.725218 -5.518344 0.28524 0.28754 0.26684
vt 0.813496 0.244022
vn 0.778045 -0.620471 -0.098291
v 1.015289 1.910804 -6.921678 0.28524 0.28754 0.26684
vt 0.825471 0.244123
vn 0.778045 -0.620471 -0.098291
v 1.467135 2.477401 -6.921678 0.28524 0.28754 0.26684
vt 0.826842 0.245793
vn 0.778045 -0.620471 -0.098291
f 1510/1510/1510 1511/1511/1511 1512/1512/1512
v 0.362352 1.596366 -6.921678 0.28524 0.28754 0.26684
vt 0.824840 0.240092
vn 0.000000 -0.990516 -0.137394
v 0.372804 1.401711 -5.518344 0.28524 0.28754 0.26684
vt 0.812889 0.239882
vn 0.000000 -0.990516 -0.137394
v -0.372804 1.401711 -5.518344 0.28524 0.28754 0.26684
vt 0.813129 0.234130
vn 0.000000 -0.990516 -0.137394
f 1513/1513/1513 1514/1514/1514 1515/1515/1515
v -0.372804 1.401711 -5.518344 0.28524 0.28754 0.26684
vt 0.813129 0.234130
vn 0.000000 -0.990516 -0.137394
v -0.362352 1.596366 -6.921678 0.28524 0.28754 0.26684
vt 0.825064 0.234492
vn 0.000000 -0.990516 -0.137394
v 0.362352 1.596366 -6.921678 0.28524 0.28754 0.26684
vt 0.824840 0.240092
vn 0.000000 -0.990516 -0.137394
f 1516/1516/1516 1517/1517/1517 1518/1518/1518
v 1.628397 3.183935 -6.921678 0.26108 0.52005 0.63221
vt 0.309956 0.239862
vn 0.973390 -0.222170 -0.056145
v 1.675364 3.035070 -5.518344 0.26108 0.52005 0.63221
vt 0.302810 0.239976
vn 0.973390 -0.222170 -0.056145
v 1.509451 2.308156 -5.518344 0.26108 0.52005 0.63221
vt 0.303627 0.240819
vn 0.973390 -0.222170 -0.056145
f 1519/1519/1519 1520/1520/1520 1521/1521/1521
v 1.509451 2.308156 -5.518344 0.26108 0.52005 0.63221
vt 0.303627 0.240819
vn 0.973390 -0.222170 -0.056145
v 1.467135 2.477401 -6.921678 0.26108 0.52005 0.63221
vt 0.310725 0.240683
vn 0.973390 -0.222170 -0.056145
v 1.628397 3.183935 -6.921678 0.26108 0.52005 0.63221
vt 0.309956 0.239862
vn 0.973390 -0.222170 -0.056145
f 1522/1522/1522 1523/1523/1523 1524/1524/1524
v -0.362352 1.596366 -6.921678 0.28524 0.28754 0.26684
vt 0.825064 0.234492
vn -0.430362 -0.893654 -0.127163
v -0.372804 1.401711 -5.518344 0.28524 0.28754 0.26684
vt 0.813129 0.234130
vn -0.430362 -0.893654 -0.127163
v -1.044572 1.725218 -5.518344 0.28524 0.28754 0.26684
vt 0.814168 0.227866
vn -0.430362 -0.893654 -0.127163
f 1525/1525/1525 1526/1526/1526 1527/1527/1527
v -1.044572 1.725218 -5.518344 0.28524 0.28754 0.26684
vt 0.814168 0.227866
vn -0.430362 -0.893655 -0.127163
v -1.015289 1.910804 -6.921678 0.28524 0.28754 0.26684
vt 0.826096 0.228394
vn -0.430362 -0.893655 -0.127163
v -0.362352 1.596366 -6.921678 0.28524 0.28754 0.26684
vt 0.825064 0.234492
vn -0.430362 -0.893655 -0.127163
f 1528/1528/1528 1529/1529/1529 1530/1530/1530
v 1.467135 3.890470 -6.921678 0.26108 0.52005 0.63221
vt 0.309353 0.237462
vn 0.974888 0.222512 -0.009024
v 1.509451 3.761983 -5.518344 0.26108 0.52005 0.63221
vt 0.302164 0.237509
vn 0.974888 0.222512 -0.009024
v 1.675364 3.035070 -5.518344 0.26108 0.52005 0.63221
vt 0.302810 0.239976
vn 0.974888 0.222512 -0.009024
f 1531/1531/1531 1532/1532/1532 1533/1533/1533
v 1.675364 3.035070 -5.518344 0.26108 0.52005 0.63221
vt 0.302810 0.239976
vn 0.974888 0.222512 -0.009024
v 1.628397 3.183935 -6.921678 0.26108 0.52005 0.63221
vt 0.309956 0.239862
vn 0.974888 0.222512 -0.009024
v 1.467135 3.890470 -6.921678 0.26108 0.52005 0.63221
vt 0.309353 0.237462
vn 0.974888 0.222512 -0.009024
f 1534/1534/1534 1535/1535/1535 1536/1536/1536
v -1.467135 2.477401 -6.921678 0.28524 0.28754 0.26684
vt 0.827745 0.222965
vn -0.778045 -0.620471 -0.098291
v -1.044572 1.725218 -5.518344 0.28524 0.28754 0.26684
vt 0.814168 0.227866
vn -0.778045 -0.620471 -0.098291
v -1.509451 2.308156 -5.518344 0.28524 0.28754 0.26684
vt 0.815811 0.222287
vn -0.778045 -0.620471 -0.098291
f 1537/1537/1537 1538/1538/1538 1539/1539/1539
v -1.044572 1.725218 -5.518344 0.28524 0.28754 0.26684
vt 0.814168 0.227866
vn -0.778045 -0.620471 -0.098291
v -1.467135 2.477401 -6.921678 0.28524 0.28754 0.26684
vt 0.827745 0.222965
vn -0.778045 -0.620471 -0.098291
v -1.015289 1.910804 -6.921678 0.28524 0.28754 0.26684
vt 0.826096 0.228394
vn -0.778045 -0.620471 -0.098291
f 1540/1540/1540 1541/1541/1541 1542/1542/1542
v 1.015289 4.457067 -6.921678 0.26108 0.52005 0.63221
vt 0.309036 0.233949
vn 0.781393 0.623140 0.033492
v 1.044572 4.344922 -5.518344 0.26108 0.52005 0.63221
vt 0.301820 0.233897
vn 0.781393 0.623140 0.033492
v 1.509451 3.761983 -5.518344 0.26108 0.52005 0.63221
vt 0.302164 0.237509
vn 0.781393 0.623140 0.033492
f 1543/1543/1543 1544/1544/1544 1545/1545/1545
v 1.509451 3.761983 -5.518344 0.26108 0.52005 0.63221
vt 0.302164 0.237509
vn 0.781393 0.623140 0.033492
v 1.467135 3.890470 -6.921678 0.26108 0.52005 0.63221
vt 0.309353 0.237462
vn 0.781393 0.623140 0.033492
v 1.015289 4.457067 -6.921678 0.26108 0.52005 0.63221
vt 0.309036 0.233949
vn 0.781393 0.623140 0.033492
f 1546/1546/1546 1547/1547/1547 1548/1548/1548
v -1.628397 3.183935 -6.921678 0.26108 0.52005 0.63221
vt 0.311660 0.224078
vn -0.973390 -0.222170 -0.056145
v -1.509451 2.308156 -5.518344 0.26108 0.52005 0.63221
vt 0.305217 0.226250
vn -0.973390 -0.222170 -0.056145
v -1.675364 3.035070 -5.518344 0.26108 0.52005 0.63221
vt 0.304584 0.223750
vn -0.973390 -0.222170 -0.056145
f 1549/1549/1549 1550/1550/1550 1551/1551/1551
v -1.509451 2.308156 -5.518344 0.26108 0.52005 0.63221
vt 0.305217 0.226250
vn -0.973390 -0.222170 -0.056145
v -1.628397 3.183935 -6.921678 0.26108 0.52005 0.63221
vt 0.311660 0.224078
vn -0.973390 -0.222170 -0.056145
v -1.467135 2.477401 -6.921678 0.26108 0.52005 0.63221
vt 0.312252 0.226508
vn -0.973390 -0.222170 -0.056145
f 1552/1552/1552 1553/1553/1553 1554/1554/1554
v 1.015289 4.457067 -6.921678 0.26108 0.52005 0.63221
vt 0.309036 0.233949
vn 0.433027 0.899189 0.062821
v 0.372804 4.668429 -5.518344 0.26108 0.52005 0.63221
vt 0.301850 0.229864
vn 0.433027 0.899189 0.062821
v 1.044572 4.344922 -5.518344 0.26108 0.52005 0.63221
vt 0.301820 0.233897
vn 0.433027 0.899189 0.062821
f 1555/1555/1555 1556/1556/1556 1557/1557/1557
v 0.372804 4.668429 -5.518344 0.26108 0.52005 0.63221
vt 0.301850 0.229864
vn 0.490609 0.866280 0.094140
v 1.015289 4.457067 -6.921678 0.26108 0.52005 0.63221
vt 0.309036 0.233949
vn 0.490609 0.866280 0.094140
v 0.346682 4.771505 -6.330716 0.26108 0.52005 0.63221
vt 0.305997 0.229758
vn 0.490609 0.866280 0.094140
f 1558/1558/1558 1559/1559/1559 1560/1560/1560
v -1.467135 3.890470 -6.921678 0.26108 0.52005 0.63221
vt 0.310895 0.223194
vn -0.974888 0.222512 -0.009024
v -1.675364 3.035070 -5.518344 0.26108 0.52005 0.63221
vt 0.304584 0.223750
vn -0.974888 0.222512 -0.009024
v -1.509451 3.761983 -5.518344 0.26108 0.52005 0.63221
vt 0.303770 0.222840
vn -0.974888 0.222512 -0.009024
f 1561/1561/1561 1562/1562/1562 1563/1563/1563
v -1.675364 3.035070 -5.518344 0.26108 0.52005 0.63221
vt 0.304584 0.223750
vn -0.974888 0.222512 -0.009024
v -1.467135 3.890470 -6.921678 0.26108 0.52005 0.63221
vt 0.310895 0.223194
vn -0.974888 0.222512 -0.009024
v -1.628397 3.183935 -6.921678 0.26108 0.52005 0.63221
vt 0.311660 0.224078
vn -0.974888 0.222512 -0.009024
f 1564/1564/1564 1565/1565/1565 1566/1566/1566
v 0.346682 4.771505 -6.330716 0.26108 0.52005 0.63221
vt 0.305997 0.229758
vn 0.000000 0.992046 0.125873
v -0.372804 4.668429 -5.518344 0.26108 0.52005 0.63221
vt 0.302249 0.226225
vn 0.000000 0.992046 0.125873
v 0.372804 4.668429 -5.518344 0.26108 0.52005 0.63221
vt 0.301850 0.229864
vn 0.000000 0.992046 0.125873
f 1567/1567/1567 1568/1568/1568 1569/1569/1569
v -0.372804 4.668429 -5.518344 0.26108 0.52005 0.63221
vt 0.302249 0.226225
vn 0.000000 0.992046 0.125873
v 0.346682 4.771505 -6.330716 0.26108 0.52005 0.63221
vt 0.305997 0.229758
vn 0.000000 0.992046 0.125873
v -0.346682 4.771505 -6.330716 0.26108 0.52005 0.63221
vt 0.306366 0.226373
vn 0.000000 0.992046 0.125873
f 1570/1570/1570 1571/1571/1571 1572/1572/1572
v -1.015289 4.457067 -6.921678 0.26108 0.52005 0.63221
vt 0.310107 0.224049
vn -0.781393 0.623140 0.033492
v -1.509451 3.761983 -5.518344 0.26108 0.52005 0.63221
vt 0.303770 0.222840
vn -0.781393 0.623140 0.033492
v -1.044572 4.344922 -5.518344 0.26108 0.52005 0.63221
vt 0.302935 0.223719
vn -0.781393 0.623140 0.033492
f 1573/1573/1573 1574/1574/1574 1575/1575/1575
v -1.509451 3.761983 -5.518344 0.26108 0.52005 0.63221
vt 0.303770 0.222840
vn -0.781393 0.623140 0.033492
v -1.015289 4.457067 -6.921678 0.26108 0.52005 0.63221
vt 0.310107 0.224049
vn -0.781393 0.623140 0.033492
v -1.467135 3.890470 -6.921678 0.26108 0.52005 0.63221
vt 0.310895 0.223194
vn -0.781393 0.623140 0.033492
f 1576/1576/1576 1577/1577/1577 1578/1578/1578
v -0.346682 4.771505 -6.330716 0.26108 0.52005 0.63221
vt 0.306366 0.226373
vn -0.431715 0.896465 0.099864
v -1.044572 4.344922 -5.518344 0.26108 0.52005 0.63221
vt 0.302935 0.223719
vn -0.431715 0.896465 0.099864
v -0.372804 4.668429 -5.518344 0.26108 0.52005 0.63221
vt 0.302249 0.226225
vn -0.431715 0.896465 0.099864
f 1579/1579/1579 1580/1580/1580 1581/1581/1581
v -1.044572 4.344922 -5.518344 0.26108 0.52005 0.63221
vt 0.302935 0.223719
vn -0.468205 0.881534 0.060676
v -0.346682 4.771505 -6.330716 0.26108 0.52005 0.63221
vt 0.306366 0.226373
vn -0.468205 0.881534 0.060676
v -1.015289 4.457067 -6.921678 0.26108 0.52005 0.63221
vt 0.310107 0.224049
vn -0.468205 0.881534 0.060676
f 1582/1582/1582 1583/1583/1583 1584/1584/1584
v 0.899317 2.410589 -9.442734 0.28524 0.28754 0.26684
vt 0.847572 0.243268
vn 0.425575 -0.883715 -0.194769
v 1.015289 1.910804 -6.921678 0.28524 0.28754 0.26684
vt 0.825471 0.244123
vn 0.425575 -0.883715 -0.194769
v 0.362352 1.596366 -6.921678 0.28524 0.28754 0.26684
vt 0.824840 0.240092
vn 0.425575 -0.883715 -0.194769
f 1585/1585/1585 1586/1586/1586 1587/1587/1587
v 0.362352 1.596366 -6.921678 0.28524 0.28754 0.26684
vt 0.824840 0.240092
vn 0.389623 -0.897442 -0.206860
v 0.320963 2.159498 -9.442734 0.28524 0.28754 0.26684
vt 0.847023 0.239593
vn 0.389623 -0.897442 -0.206860
v 0.899317 2.410589 -9.442734 0.28524 0.28754 0.26684
vt 0.847572 0.243268
vn 0.389623 -0.897442 -0.206860
f 1588/1588/1588 1589/1589/1589 1590/1590/1590
v 1.299550 2.863040 -9.442734 0.28524 0.28754 0.26684
vt 0.848751 0.244911
vn 0.773480 -0.616830 -0.145771
v 1.467135 2.477401 -6.921678 0.28524 0.28754 0.26684
vt 0.826842 0.245793
vn 0.773480 -0.616830 -0.145771
v 1.015289 1.910804 -6.921678 0.28524 0.28754 0.26684
vt 0.825471 0.244123
vn 0.773480 -0.616830 -0.145771
f 1591/1591/1591 1592/1592/1592 1593/1593/1593
v 1.015289 1.910804 -6.921678 0.28524 0.28754 0.26684
vt 0.825471 0.244123
vn 0.738918 -0.653639 -0.163572
v 0.899317 2.410589 -9.442734 0.28524 0.28754 0.26684
vt 0.847572 0.243268
vn 0.738918 -0.653639 -0.163572
v 1.299550 2.863040 -9.442734 0.28524 0.28754 0.26684
vt 0.848751 0.244911
vn 0.738918 -0.653639 -0.163572
f 1594/1594/1594 1595/1595/1595 1596/1596/1596
v 0.320963 2.159498 -9.442734 0.28524 0.28754 0.26684
vt 0.847023 0.239593
vn 0.000000 -0.975949 -0.217999
v 0.362352 1.596366 -6.921678 0.28524 0.28754 0.26684
vt 0.824840 0.240092
vn 0.000000 -0.975949 -0.217999
v -0.362352 1.596366 -6.921678 0.28524 0.28754 0.26684
vt 0.825064 0.234492
vn 0.000000 -0.975949 -0.217999
f 1597/1597/1597 1598/1598/1598 1599/1599/1599
v -0.362352 1.596366 -6.921678 0.28524 0.28754 0.26684
vt 0.825064 0.234492
vn 0.000000 -0.975949 -0.217999
v -0.320963 2.159498 -9.442734 0.28524 0.28754 0.26684
vt 0.847205 0.234608
vn 0.000000 -0.975949 -0.217999
v 0.320963 2.159498 -9.442734 0.28524 0.28754 0.26684
vt 0.847023 0.239593
vn 0.000000 -0.975949 -0.217999
f 1600/1600/1600 1601/1601/1601 1602/1602/1602
v 1.442392 3.427238 -9.442734 0.26108 0.52005 0.63221
vt 0.322898 0.239217
vn 0.970703 -0.221557 -0.093001
v 1.628397 3.183935 -6.921678 0.26108 0.52005 0.63221
vt 0.309956 0.239862
vn 0.970703 -0.221557 -0.093001
v 1.467135 2.477401 -6.921678 0.26108 0.52005 0.63221
vt 0.310725 0.240683
vn 0.970703 -0.221557 -0.093001
f 1603/1603/1603 1604/1604/1604 1605/1605/1605
v 1.467135 2.477401 -6.921678 0.26108 0.52005 0.63221
vt 0.310725 0.240683
vn 0.964411 -0.244166 -0.101458
v 1.299550 2.863040 -9.442734 0.26108 0.52005 0.63221
vt 0.323480 0.239808
vn 0.964411 -0.244166 -0.101458
v 1.442392 3.427238 -9.442734 0.26108 0.52005 0.63221
vt 0.322898 0.239217
vn 0.964411 -0.244166 -0.101458
f 1606/1606/1606 1607/1607/1607 1608/1608/1608
v -0.320963 2.159498 -9.442734 0.28524 0.28754 0.26684
vt 0.847205 0.234608
vn -0.424760 -0.882024 -0.203992
v -0.362352 1.596366 -6.921678 0.28524 0.28754 0.26684
vt 0.825064 0.234492
vn -0.424760 -0.882024 -0.203992
v -1.015289 1.910804 -6.921678 0.28524 0.28754 0.26684
vt 0.826096 0.228394
vn -0.424760 -0.882024 -0.203992
f 1609/1609/1609 1610/1610/1610 1611/1611/1611
v -1.015289 1.910804 -6.921678 0.28524 0.28754 0.26684
vt 0.826096 0.228394
vn -0.390491 -0.899441 -0.196272
v -0.899317 2.410589 -9.442734 0.28524 0.28754 0.26684
vt 0.848081 0.229275
vn -0.390491 -0.899441 -0.196272
v -0.320963 2.159498 -9.442734 0.28524 0.28754 0.26684
vt 0.847205 0.234608
vn -0.390491 -0.899441 -0.196272
f 1612/1612/1612 1613/1613/1613 1614/1614/1614
v 1.299550 3.991435 -9.442734 0.26108 0.52005 0.63221
vt 0.322459 0.237230
vn 0.973408 0.222174 -0.055809
v 1.467135 3.890470 -6.921678 0.26108 0.52005 0.63221
vt 0.309353 0.237462
vn 0.973408 0.222174 -0.055809
v 1.628397 3.183935 -6.921678 0.26108 0.52005 0.63221
vt 0.309956 0.239862
vn 0.973408 0.222174 -0.055809
f 1615/1615/1615 1616/1616/1616 1617/1617/1617
v 1.628397 3.183935 -6.921678 0.26108 0.52005 0.63221
vt 0.309956 0.239862
vn 0.968306 0.245153 -0.047783
v 1.442392 3.427238 -9.442734 0.26108 0.52005 0.63221
vt 0.322898 0.239217
vn 0.968306 0.245153 -0.047783
v 1.299550 3.991435 -9.442734 0.26108 0.52005 0.63221
vt 0.322459 0.237230
vn 0.968306 0.245153 -0.047783
f 1618/1618/1618 1619/1619/1619 1620/1620/1620
v -1.299550 2.863040 -9.442734 0.28524 0.28754 0.26684
vt 0.849485 0.224620
vn -0.773480 -0.616830 -0.145771
v -1.015289 1.910804 -6.921678 0.28524 0.28754 0.26684
vt 0.826096 0.228394
vn -0.773480 -0.616830 -0.145771
v -1.467135 2.477401 -6.921678 0.28524 0.28754 0.26684
vt 0.827745 0.222965
vn -0.773480 -0.616830 -0.145771
f 1621/1621/1621 1622/1622/1622 1623/1623/1623
v -1.015289 1.910804 -6.921678 0.28524 0.28754 0.26684
vt 0.826096 0.228394
vn -0.738918 -0.653639 -0.163572
v -1.299550 2.863040 -9.442734 0.28524 0.28754 0.26684
vt 0.849485 0.224620
vn -0.738918 -0.653639 -0.163572
v -0.899317 2.410589 -9.442734 0.28524 0.28754 0.26684
vt 0.848081 0.229275
vn -0.738918 -0.653639 -0.163572
f 1624/1624/1624 1625/1625/1625 1626/1626/1626
v 0.899317 4.443886 -9.442734 0.26108 0.52005 0.63221
vt 0.322252 0.234231
vn 0.781231 0.623011 -0.039195
v 1.015289 4.457067 -6.921678 0.26108 0.52005 0.63221
vt 0.309036 0.233949
vn 0.781231 0.623011 -0.039195
v 1.467135 3.890470 -6.921678 0.26108 0.52005 0.63221
vt 0.309353 0.237462
vn 0.781231 0.623011 -0.039195
f 1627/1627/1627 1628/1628/1628 1629/1629/1629
v 1.467135 3.890470 -6.921678 0.26108 0.52005 0.63221
vt 0.309353 0.237462
vn 0.748804 0.662384 -0.023248
v 1.299550 3.991435 -9.442734 0.26108 0.52005 0.63221
vt 0.322459 0.237230
vn 0.748804 0.662384 -0.023248
v 0.899317 4.443886 -9.442734 0.26108 0.52005 0.63221
vt 0.322252 0.234231
vn 0.748804 0.662384 -0.023248
f 1630/1630/1630 1631/1631/1631 1632/1632/1632
v -1.442392 3.427238 -9.442734 0.26108 0.52005 0.63221
vt 0.324374 0.225216
vn -0.970703 -0.221557 -0.093001
v -1.467135 2.477401 -6.921678 0.26108 0.52005 0.63221
vt 0.312252 0.226508
vn -0.970703 -0.221557 -0.093001
v -1.628397 3.183935 -6.921678 0.26108 0.52005 0.63221
vt 0.311660 0.224078
vn -0.970703 -0.221557 -0.093001
f 1633/1633/1633 1634/1634/1634 1635/1635/1635
v -1.467135 2.477401 -6.921678 0.26108 0.52005 0.63221
vt 0.312252 0.226508
vn -0.964411 -0.244166 -0.101458
v -1.442392 3.427238 -9.442734 0.26108 0.52005 0.63221
vt 0.324374 0.225216
vn -0.964411 -0.244166 -0.101458
v -1.299550 2.863040 -9.442734 0.26108 0.52005 0.63221
vt 0.324805 0.227226
vn -0.964411 -0.244166 -0.101458
f 1636/1636/1636 1637/1637/1637 1638/1638/1638
v 0.899317 4.443886 -9.442734 0.26108 0.52005 0.63221
vt 0.322252 0.234231
vn 0.408332 0.912530 -0.023555
v 0.346682 4.771505 -6.330716 0.26108 0.52005 0.63221
vt 0.305997 0.229758
vn 0.408332 0.912530 -0.023555
v 1.015289 4.457067 -6.921678 0.26108 0.52005 0.63221
vt 0.309036 0.233949
vn 0.408332 0.912530 -0.023555
f 1639/1639/1639 1640/1640/1640 1641/1641/1641
v 0.346682 4.771505 -6.330716 0.26108 0.52005 0.63221
vt 0.305997 0.229758
vn 0.344414 0.938065 -0.037594
v 0.899317 4.443886 -9.442734 0.26108 0.52005 0.63221
vt 0.322252 0.234231
vn 0.344414 0.938065 -0.037594
v 0.253374 4.636916 -10.543910 0.26108 0.52005 0.63221
vt 0.328153 0.230984
vn 0.344414 0.938065 -0.037594
f 1642/1642/1642 1643/1643/1643 1644/1644/1644
v -1.299550 3.991435 -9.442734 0.26108 0.52005 0.63221
vt 0.323793 0.224581
vn -0.973408 0.222174 -0.055809
v -1.628397 3.183935 -6.921678 0.26108 0.52005 0.63221
vt 0.311660 0.224078
vn -0.973408 0.222174 -0.055809
v -1.467135 3.890470 -6.921678 0.26108 0.52005 0.63221
vt 0.310895 0.223194
vn -0.973408 0.222174 -0.055809
f 1645/1645/1645 1646/1646/1646 1647/1647/1647
v -1.628397 3.183935 -6.921678 0.26108 0.52005 0.63221
vt 0.311660 0.224078
vn -0.968306 0.245153 -0.047783
v -1.299550 3.991435 -9.442734 0.26108 0.52005 0.63221
vt 0.323793 0.224581
vn -0.968306 0.245153 -0.047783
v -1.442392 3.427238 -9.442734 0.26108 0.52005 0.63221
vt 0.324374 0.225216
vn -0.968306 0.245153 -0.047783
f 1648/1648/1648 1649/1649/1649 1650/1650/1650
v 0.083397 9.536875 -13.324979 0.26108 0.52005 0.63221
vt 0.338684 0.219315
vn 0.000000 0.999762 0.021807
v -0.112093 9.518895 -12.500647 0.26108 0.52005 0.63221
vt 0.334389 0.218108
vn 0.000000 0.999762 0.021807
v 0.112093 9.518895 -12.500647 0.26108 0.52005 0.63221
vt 0.334273 0.219229
vn 0.000000 0.999762 0.021807
f 1651/1651/1651 1652/1652/1652 1653/1653/1653
v -0.112093 9.518895 -12.500647 0.26108 0.52005 0.63221
vt 0.334389 0.218108
vn 0.000000 0.999762 0.021807
v 0.083397 9.536875 -13.324979 0.26108 0.52005 0.63221
vt 0.338684 0.219315
vn 0.000000 0.999762 0.021807
v -0.083397 9.536875 -13.324979 0.26108 0.52005 0.63221
vt 0.338770 0.218481
vn 0.000000 0.999762 0.021807
f 1654/1654/1654 1655/1655/1655 1656/1656/1656
v -0.899317 4.443886 -9.442734 0.26108 0.52005 0.63221
vt 0.323179 0.225460
vn -0.781231 0.623011 -0.039195
v -1.467135 3.890470 -6.921678 0.26108 0.52005 0.63221
vt 0.310895 0.223194
vn -0.781231 0.623011 -0.039195
v -1.015289 4.457067 -6.921678 0.26108 0.52005 0.63221
vt 0.310107 0.224049
vn -0.781231 0.623011 -0.039195
f 1657/1657/1657 1658/1658/1658 1659/1659/1659
v -1.467135 3.890470 -6.921678 0.26108 0.52005 0.63221
vt 0.310895 0.223194
vn -0.748804 0.662384 -0.023248
v -0.899317 4.443886 -9.442734 0.26108 0.52005 0.63221
vt 0.323179 0.225460
vn -0.748804 0.662384 -0.023248
v -1.299550 3.991435 -9.442734 0.26108 0.52005 0.63221
vt 0.323793 0.224581
vn -0.748804 0.662384 -0.023248
f 1660/1660/1660 1661/1661/1661 1662/1662/1662
v -0.253374 4.636916 -10.543910 0.26108 0.52005 0.63221
vt 0.328412 0.228510
vn -0.397498 0.916812 -0.038090
v -1.015289 4.457067 -6.921678 0.26108 0.52005 0.63221
vt 0.310107 0.224049
vn -0.397498 0.916812 -0.038090
v -0.346682 4.771505 -6.330716 0.26108 0.52005 0.63221
vt 0.306366 0.226373
vn -0.397498 0.916812 -0.038090
f 1663/1663/1663 1664/1664/1664 1665/1665/1665
v -1.015289 4.457067 -6.921678 0.26108 0.52005 0.63221
vt 0.310107 0.224049
vn -0.316681 0.948331 -0.019526
v -0.253374 4.636916 -10.543910 0.26108 0.52005 0.63221
vt 0.328412 0.228510
vn -0.316681 0.948331 -0.019526
v -0.899317 4.443886 -9.442734 0.26108 0.52005 0.63221
vt 0.323179 0.225460
vn -0.316681 0.948331 -0.019526
f 1666/1666/1666 1667/1667/1667 1668/1668/1668
v 0.643817 2.805947 -11.291461 0.28524 0.28754 0.26684
vt 0.864029 0.241208
vn 0.386237 -0.889643 -0.243633
v 0.899317 2.410589 -9.442734 0.28524 0.28754 0.26684
vt 0.847572 0.243268
vn 0.386237 -0.889643 -0.243633
v 0.320963 2.159498 -9.442734 0.28524 0.28754 0.26684
vt 0.847023 0.239593
vn 0.386237 -0.889643 -0.243633
f 1669/1669/1669 1670/1670/1670 1671/1671/1671
v 0.320963 2.159498 -9.442734 0.28524 0.28754 0.26684
vt 0.847023 0.239593
vn 0.421973 -0.876235 -0.232704
v 0.229776 2.606555 -11.291461 0.28524 0.28754 0.26684
vt 0.863544 0.238636
vn 0.421973 -0.876235 -0.232704
v 0.643817 2.805947 -11.291461 0.28524 0.28754 0.26684
vt 0.864029 0.241208
vn 0.421973 -0.876235 -0.232704
f 1672/1672/1672 1673/1673/1673 1674/1674/1674
v 0.930343 3.165239 -11.291461 0.28524 0.28754 0.26684
vt 0.865031 0.242263
vn 0.725277 -0.641572 -0.249717
v 1.299550 2.863040 -9.442734 0.28524 0.28754 0.26684
vt 0.848751 0.244911
vn 0.725277 -0.641572 -0.249717
v 0.899317 2.410589 -9.442734 0.28524 0.28754 0.26684
vt 0.847572 0.243268
vn 0.725277 -0.641572 -0.249717
f 1675/1675/1675 1676/1676/1676 1677/1677/1677
v 0.899317 2.410589 -9.442734 0.28524 0.28754 0.26684
vt 0.847572 0.243268
vn 0.760003 -0.606082 -0.234648
v 0.643817 2.805947 -11.291461 0.28524 0.28754 0.26684
vt 0.864029 0.241208
vn 0.760003 -0.606082 -0.234648
v 0.930343 3.165239 -11.291461 0.28524 0.28754 0.26684
vt 0.865031 0.242263
vn 0.760003 -0.606082 -0.234648
f 1678/1678/1678 1679/1679/1679 1680/1680/1680
v 0.229776 2.606555 -11.291461 0.28524 0.28754 0.26684
vt 0.863544 0.238636
vn 0.000000 -0.971985 -0.235044
v 0.320963 2.159498 -9.442734 0.28524 0.28754 0.26684
vt 0.847023 0.239593
vn 0.000000 -0.971985 -0.235044
v -0.320963 2.159498 -9.442734 0.28524 0.28754 0.26684
vt 0.847205 0.234608
vn 0.000000 -0.971985 -0.235044
f 1681/1681/1681 1682/1682/1682 1683/1683/1683
v -0.320963 2.159498 -9.442734 0.28524 0.28754 0.26684
vt 0.847205 0.234608
vn 0.000000 -0.971985 -0.235044
v -0.229776 2.606555 -11.291461 0.28524 0.28754 0.26684
vt 0.863666 0.235054
vn 0.000000 -0.971985 -0.235044
v 0.229776 2.606555 -11.291461 0.28524 0.28754 0.26684
vt 0.863544 0.238636
vn 0.000000 -0.971985 -0.235044
f 1684/1684/1684 1685/1685/1685 1686/1686/1686
v 1.032603 3.613268 -11.291461 0.26108 0.52005 0.63221
vt 0.332539 0.237395
vn 0.942736 -0.238679 -0.232984
v 1.442392 3.427238 -9.442734 0.26108 0.52005 0.63221
vt 0.322898 0.239217
vn 0.942736 -0.238679 -0.232984
v 1.299550 2.863040 -9.442734 0.26108 0.52005 0.63221
vt 0.323480 0.239808
vn 0.942736 -0.238679 -0.232984
f 1687/1687/1687 1688/1688/1688 1689/1689/1689
v 1.299550 2.863040 -9.442734 0.26108 0.52005 0.63221
vt 0.323480 0.239808
vn 0.949897 -0.216808 -0.225143
v 0.930343 3.165239 -11.291461 0.26108 0.52005 0.63221
vt 0.332974 0.237923
vn 0.949897 -0.216808 -0.225143
v 1.032603 3.613268 -11.291461 0.26108 0.52005 0.63221
vt 0.332539 0.237395
vn 0.949897 -0.216808 -0.225143
f 1690/1690/1690 1691/1691/1691 1692/1692/1692
v -0.229776 2.606555 -11.291461 0.28524 0.28754 0.26684
vt 0.863666 0.235054
vn -0.387112 -0.891658 -0.234714
v -0.320963 2.159498 -9.442734 0.28524 0.28754 0.26684
vt 0.847205 0.234608
vn -0.387112 -0.891658 -0.234714
v -0.899317 2.410589 -9.442734 0.28524 0.28754 0.26684
vt 0.848081 0.229275
vn -0.387112 -0.891658 -0.234714
f 1693/1693/1693 1694/1694/1694 1695/1695/1695
v -0.899317 2.410589 -9.442734 0.28524 0.28754 0.26684
vt 0.848081 0.229275
vn -0.420667 -0.873523 -0.244944
v -0.643817 2.805947 -11.291461 0.28524 0.28754 0.26684
vt 0.864370 0.231156
vn -0.420667 -0.873523 -0.244944
v -0.229776 2.606555 -11.291461 0.28524 0.28754 0.26684
vt 0.863666 0.235054
vn -0.420667 -0.873523 -0.244944
f 1696/1696/1696 1697/1697/1697 1698/1698/1698
v 0.930343 4.061298 -11.291461 0.26108 0.52005 0.63221
vt 0.332206 0.235867
vn 0.953353 0.241367 -0.181272
v 1.299550 3.991435 -9.442734 0.26108 0.52005 0.63221
vt 0.322459 0.237230
vn 0.953353 0.241367 -0.181272
v 1.442392 3.427238 -9.442734 0.26108 0.52005 0.63221
vt 0.322898 0.239217
vn 0.953353 0.241367 -0.181272
f 1699/1699/1699 1700/1700/1700 1701/1701/1701
v 1.442392 3.427238 -9.442734 0.26108 0.52005 0.63221
vt 0.322898 0.239217
vn 0.957136 0.218460 -0.190176
v 1.032603 3.613268 -11.291461 0.26108 0.52005 0.63221
vt 0.332539 0.237395
vn 0.957136 0.218460 -0.190176
v 0.930343 4.061298 -11.291461 0.26108 0.52005 0.63221
vt 0.332206 0.235867
vn 0.957136 0.218460 -0.190176
f 1702/1702/1702 1703/1703/1703 1704/1704/1704
v -0.930343 3.165239 -11.291461 0.28524 0.28754 0.26684
vt 0.865521 0.227698
vn -0.725277 -0.641572 -0.249717
v -0.899317 2.410589 -9.442734 0.28524 0.28754 0.26684
vt 0.848081 0.229275
vn -0.725277 -0.641572 -0.249717
v -1.299550 2.863040 -9.442734 0.28524 0.28754 0.26684
vt 0.849485 0.224620
vn -0.725277 -0.641572 -0.249717
f 1705/1705/1705 1706/1706/1706 1707/1707/1707
v -0.899317 2.410589 -9.442734 0.28524 0.28754 0.26684
vt 0.848081 0.229275
vn -0.760003 -0.606082 -0.234648
v -0.930343 3.165239 -11.291461 0.28524 0.28754 0.26684
vt 0.865521 0.227698
vn -0.760003 -0.606082 -0.234648
v -0.643817 2.805947 -11.291461 0.28524 0.28754 0.26684
vt 0.864370 0.231156
vn -0.760003 -0.606082 -0.234648
f 1708/1708/1708 1709/1709/1709 1710/1710/1710
v 0.643817 4.420590 -11.291461 0.26108 0.52005 0.63221
vt 0.332042 0.233637
vn 0.744363 0.658456 -0.111171
v 0.899317 4.443886 -9.442734 0.26108 0.52005 0.63221
vt 0.322252 0.234231
vn 0.744363 0.658456 -0.111171
v 1.299550 3.991435 -9.442734 0.26108 0.52005 0.63221
vt 0.322459 0.237230
vn 0.744363 0.658456 -0.111171
f 1711/1711/1711 1712/1712/1712 1713/1713/1713
v 1.299550 3.991435 -9.442734 0.26108 0.52005 0.63221
vt 0.322459 0.237230
vn 0.775050 0.618082 -0.131427
v 0.930343 4.061298 -11.291461 0.26108 0.52005 0.63221
vt 0.332206 0.235867
vn 0.775050 0.618082 -0.131427
v 0.643817 4.420590 -11.291461 0.26108 0.52005 0.63221
vt 0.332042 0.233637
vn 0.775050 0.618082 -0.131427
f 1714/1714/1714 1715/1715/1715 1716/1716/1716
v -1.032603 3.613268 -11.291461 0.26108 0.52005 0.63221
vt 0.333579 0.227360
vn -0.942736 -0.238679 -0.232984
v -1.299550 2.863040 -9.442734 0.26108 0.52005 0.63221
vt 0.324805 0.227226
vn -0.942736 -0.238679 -0.232984
v -1.442392 3.427238 -9.442734 0.26108 0.52005 0.63221
vt 0.324374 0.225216
vn -0.942736 -0.238679 -0.232984
f 1717/1717/1717 1718/1718/1718 1719/1719/1719
v -1.299550 2.863040 -9.442734 0.26108 0.52005 0.63221
vt 0.324805 0.227226
vn -0.949897 -0.216808 -0.225143
v -1.032603 3.613268 -11.291461 0.26108 0.52005 0.63221
vt 0.333579 0.227360
vn -0.949897 -0.216808 -0.225143
v -0.930343 3.165239 -11.291461 0.26108 0.52005 0.63221
vt 0.333907 0.228901
vn -0.949897 -0.216808 -0.225143
f 1720/1720/1720 1721/1721/1721 1722/1722/1722
v 0.643817 4.420590 -11.291461 0.26108 0.52005 0.63221
vt 0.332042 0.233637
vn 0.385669 0.920352 -0.064898
v 0.253374 4.636916 -10.543910 0.26108 0.52005 0.63221
vt 0.328153 0.230984
vn 0.385669 0.920352 -0.064898
v 0.899317 4.443886 -9.442734 0.26108 0.52005 0.63221
vt 0.322252 0.234231
vn 0.385669 0.920352 -0.064898
f 1723/1723/1723 1724/1724/1724 1725/1725/1725
v 0.253374 4.636916 -10.543910 0.26108 0.52005 0.63221
vt 0.328153 0.230984
vn 0.433631 0.900445 -0.034087
v 0.643817 4.420590 -11.291461 0.26108 0.52005 0.63221
vt 0.332042 0.233637
vn 0.433631 0.900445 -0.034087
v 0.229776 4.619981 -11.291461 0.26108 0.52005 0.63221
vt 0.332079 0.231151
vn 0.433631 0.900445 -0.034087
f 1726/1726/1726 1727/1727/1727 1728/1728/1728
v -0.930343 4.061298 -11.291461 0.26108 0.52005 0.63221
vt 0.333145 0.226807
vn -0.953353 0.241367 -0.181272
v -1.442392 3.427238 -9.442734 0.26108 0.52005 0.63221
vt 0.324374 0.225216
vn -0.953353 0.241367 -0.181272
v -1.299550 3.991435 -9.442734 0.26108 0.52005 0.63221
vt 0.323793 0.224581
vn -0.953353 0.241367 -0.181272
f 1729/1729/1729 1730/1730/1730 1731/1731/1731
v -1.442392 3.427238 -9.442734 0.26108 0.52005 0.63221
vt 0.324374 0.225216
vn -0.957136 0.218460 -0.190176
v -0.930343 4.061298 -11.291461 0.26108 0.52005 0.63221
vt 0.333145 0.226807
vn -0.957136 0.218460 -0.190176
v -1.032603 3.613268 -11.291461 0.26108 0.52005 0.63221
vt 0.333579 0.227360
vn -0.957136 0.218460 -0.190176
f 1732/1732/1732 1733/1733/1733 1734/1734/1734
v 0.064030 9.533730 -13.435762 0.26108 0.52005 0.63221
vt 0.339290 0.219263
vn 0.000000 0.999597 -0.028377
v -0.083397 9.536875 -13.324979 0.26108 0.52005 0.63221
vt 0.338770 0.218481
vn 0.000000 0.999597 -0.028377
v 0.083397 9.536875 -13.324979 0.26108 0.52005 0.63221
vt 0.338684 0.219315
vn 0.000000 0.999597 -0.028377
f 1735/1735/1735 1736/1736/1736 1737/1737/1737
v -0.083397 9.536875 -13.324979 0.26108 0.52005 0.63221
vt 0.338770 0.218481
vn 0.000000 0.999597 -0.028377
v 0.064030 9.533730 -13.435762 0.26108 0.52005 0.63221
vt 0.339290 0.219263
vn 0.000000 0.999597 -0.028377
v -0.064030 9.533730 -13.435762 0.26108 0.52005 0.63221
vt 0.339355 0.218622
vn 0.000000 0.999597 -0.028377
f 1738/1738/1738 1739/1739/1739 1740/1740/1740
v -0.643817 4.420590 -11.291461 0.26108 0.52005 0.63221
vt 0.332693 0.227357
vn -0.744363 0.658456 -0.111171
v -1.299550 3.991435 -9.442734 0.26108 0.52005 0.63221
vt 0.323793 0.224581
vn -0.744363 0.658456 -0.111171
v -0.899317 4.443886 -9.442734 0.26108 0.52005 0.63221
vt 0.323179 0.225460
vn -0.744363 0.658456 -0.111171
f 1741/1741/1741 1742/1742/1742 1743/1743/1743
v -1.299550 3.991435 -9.442734 0.26108 0.52005 0.63221
vt 0.323793 0.224581
vn -0.775050 0.618082 -0.131427
v -0.643817 4.420590 -11.291461 0.26108 0.52005 0.63221
vt 0.332693 0.227357
vn -0.775050 0.618082 -0.131427
v -0.930343 4.061298 -11.291461 0.26108 0.52005 0.63221
vt 0.333145 0.226807
vn -0.775050 0.618082 -0.131427
f 1744/1744/1744 1745/1745/1745 1746/1746/1746
v -0.229776 4.619981 -11.291461 0.26108 0.52005 0.63221
vt 0.332312 0.228907
vn -0.335751 0.941409 -0.031926
v -0.899317 4.443886 -9.442734 0.26108 0.52005 0.63221
vt 0.323179 0.225460
vn -0.335751 0.941409 -0.031926
v -0.253374 4.636916 -10.543910 0.26108 0.52005 0.63221
vt 0.328412 0.228510
vn -0.335751 0.941409 -0.031926
f 1747/1747/1747 1748/1748/1748 1749/1749/1749
v -0.899317 4.443886 -9.442734 0.26108 0.52005 0.63221
vt 0.323179 0.225460
vn -0.432784 0.898687 -0.071137
v -0.229776 4.619981 -11.291461 0.26108 0.52005 0.63221
vt 0.332312 0.228907
vn -0.432784 0.898687 -0.071137
v -0.643817 4.420590 -11.291461 0.26108 0.52005 0.63221
vt 0.332693 0.227357
vn -0.432784 0.898687 -0.071137
f 1750/1750/1750 1751/1751/1751 1752/1752/1752
v 0.209091 3.678130 -14.704049 0.28524 0.28754 0.26684
vt 0.895135 0.237183
vn 0.414035 -0.859751 -0.299005
v 0.525355 3.109390 -12.630772 0.28524 0.28754 0.26684
vt 0.876052 0.240173
vn 0.414035 -0.859751 -0.299005
v 0.187497 2.946686 -12.630772 0.28524 0.28754 0.26684
vt 0.875634 0.238070
vn 0.414035 -0.859751 -0.299005
f 1753/1753/1753 1754/1754/1754 1755/1755/1755
v 0.187497 2.946686 -12.630772 0.28524 0.28754 0.26684
vt 0.875634 0.238070
vn 0.430550 -0.852548 -0.296291
v 0.074624 3.614626 -14.716721 0.28524 0.28754 0.26684
vt 0.895064 0.236348
vn 0.430550 -0.852548 -0.296291
v 0.209091 3.678130 -14.704049 0.28524 0.28754 0.26684
vt 0.895135 0.237183
vn 0.430550 -0.852548 -0.296291
f 1756/1756/1756 1757/1757/1757 1758/1758/1758
v 0.302146 3.792561 -14.681216 0.28524 0.28754 0.26684
vt 0.895298 0.237515
vn 0.750320 -0.598361 -0.281042
v 0.759160 3.402572 -12.630772 0.28524 0.28754 0.26684
vt 0.876903 0.241033
vn 0.750320 -0.598361 -0.281042
v 0.525355 3.109390 -12.630772 0.28524 0.28754 0.26684
vt 0.876052 0.240173
vn 0.750320 -0.598361 -0.281042
f 1759/1759/1759 1760/1760/1760 1761/1761/1761
v 0.525355 3.109390 -12.630772 0.28524 0.28754 0.26684
vt 0.876052 0.240173
vn 0.772071 -0.572981 -0.274954
v 0.209091 3.678130 -14.704049 0.28524 0.28754 0.26684
vt 0.895135 0.237183
vn 0.772071 -0.572981 -0.274954
v 0.302146 3.792561 -14.681216 0.28524 0.28754 0.26684
vt 0.895298 0.237515
vn 0.772071 -0.572981 -0.274954
f 1762/1762/1762 1763/1763/1763 1764/1764/1764
v 0.074624 3.614626 -14.716721 0.28524 0.28754 0.26684
vt 0.895064 0.236348
vn 0.000000 -0.952366 -0.304957
v 0.187497 2.946686 -12.630772 0.28524 0.28754 0.26684
vt 0.875634 0.238070
vn 0.000000 -0.952366 -0.304957
v -0.187497 2.946686 -12.630772 0.28524 0.28754 0.26684
vt 0.875728 0.235139
vn 0.000000 -0.952366 -0.304957
f 1765/1765/1765 1766/1766/1766 1767/1767/1767
v -0.187497 2.946686 -12.630772 0.28524 0.28754 0.26684
vt 0.875728 0.235139
vn 0.000000 -0.952366 -0.304957
v -0.074624 3.614626 -14.716721 0.28524 0.28754 0.26684
vt 0.895098 0.235175
vn 0.000000 -0.952366 -0.304957
v 0.074624 3.614626 -14.716721 0.28524 0.28754 0.26684
vt 0.895064 0.236348
vn 0.000000 -0.952366 -0.304957
f 1768/1768/1768 1769/1769/1769 1770/1770/1770
v 0.335356 3.935254 -14.652743 0.26108 0.52005 0.63221
vt 0.350093 0.234346
vn 0.942872 -0.215204 -0.254320
v 0.842604 3.768164 -12.630772 0.26108 0.52005 0.63221
vt 0.339463 0.236547
vn 0.942872 -0.215204 -0.254320
v 0.759160 3.402572 -12.630772 0.26108 0.52005 0.63221
vt 0.339804 0.236980
vn 0.942872 -0.215204 -0.254320
f 1771/1771/1771 1772/1772/1772 1773/1773/1773
v 0.759160 3.402572 -12.630772 0.26108 0.52005 0.63221
vt 0.339804 0.236980
vn 0.953832 -0.173010 -0.245502
v 0.302146 3.792561 -14.681216 0.26108 0.52005 0.63221
vt 0.350366 0.234523
vn 0.953832 -0.173010 -0.245502
v 0.335356 3.935254 -14.652743 0.26108 0.52005 0.63221
vt 0.350093 0.234346
vn 0.953832 -0.173010 -0.245502
f 1774/1774/1774 1775/1775/1775 1776/1776/1776
v -0.074624 3.614626 -14.716721 0.28524 0.28754 0.26684
vt 0.895098 0.235175
vn -0.414195 -0.860085 -0.297820
v -0.187497 2.946686 -12.630772 0.28524 0.28754 0.26684
vt 0.875728 0.235139
vn -0.414195 -0.860085 -0.297820
v -0.525355 3.109390 -12.630772 0.28524 0.28754 0.26684
vt 0.876315 0.231950
vn -0.414195 -0.860085 -0.297820
f 1777/1777/1777 1778/1778/1778 1779/1779/1779
v -0.525355 3.109390 -12.630772 0.28524 0.28754 0.26684
vt 0.876315 0.231950
vn -0.430381 -0.851596 -0.299261
v -0.209091 3.678130 -14.704049 0.28524 0.28754 0.26684
vt 0.895231 0.233894
vn -0.430381 -0.851596 -0.299261
v -0.074624 3.614626 -14.716721 0.28524 0.28754 0.26684
vt 0.895098 0.235175
vn -0.430381 -0.851596 -0.299261
f 1780/1780/1780 1781/1781/1781 1782/1782/1782
v 0.302146 4.077946 -14.624271 0.26108 0.52005 0.63221
vt 0.349851 0.233844
vn 0.950176 0.216872 -0.223901
v 0.759160 4.133756 -12.630772 0.26108 0.52005 0.63221
vt 0.339203 0.235298
vn 0.950176 0.216872 -0.223901
v 0.842604 3.768164 -12.630772 0.26108 0.52005 0.63221
vt 0.339463 0.236547
vn 0.950176 0.216872 -0.223901
f 1783/1783/1783 1784/1784/1784 1785/1785/1785
v 0.842604 3.768164 -12.630772 0.26108 0.52005 0.63221
vt 0.339463 0.236547
vn 0.941000 0.261798 -0.214432
v 0.335356 3.935254 -14.652743 0.26108 0.52005 0.63221
vt 0.350093 0.234346
vn 0.941000 0.261798 -0.214432
v 0.302146 4.077946 -14.624271 0.26108 0.52005 0.63221
vt 0.349851 0.233844
vn 0.941000 0.261798 -0.214432
f 1786/1786/1786 1787/1787/1787 1788/1788/1788
v -0.302146 3.792561 -14.681216 0.28524 0.28754 0.26684
vt 0.895436 0.232759
vn -0.750320 -0.598361 -0.281042
v -0.525355 3.109390 -12.630772 0.28524 0.28754 0.26684
vt 0.876315 0.231950
vn -0.750320 -0.598361 -0.281042
v -0.759160 3.402572 -12.630772 0.28524 0.28754 0.26684
vt 0.877283 0.229123
vn -0.750320 -0.598361 -0.281042
f 1789/1789/1789 1790/1790/1790 1791/1791/1791
v -0.525355 3.109390 -12.630772 0.28524 0.28754 0.26684
vt 0.876315 0.231950
vn -0.772071 -0.572981 -0.274954
v -0.302146 3.792561 -14.681216 0.28524 0.28754 0.26684
vt 0.895436 0.232759
vn -0.772071 -0.572981 -0.274954
v -0.209091 3.678130 -14.704049 0.28524 0.28754 0.26684
vt 0.895231 0.233894
vn -0.772071 -0.572981 -0.274954
f 1792/1792/1792 1793/1793/1793 1794/1794/1794
v 0.209091 4.192377 -14.601438 0.26108 0.52005 0.63221
vt 0.349689 0.233118
vn 0.766695 0.611420 -0.195818
v 0.525355 4.426938 -12.630772 0.26108 0.52005 0.63221
vt 0.339078 0.233478
vn 0.766695 0.611420 -0.195818
v 0.759160 4.133756 -12.630772 0.26108 0.52005 0.63221
vt 0.339203 0.235298
vn 0.766695 0.611420 -0.195818
f 1795/1795/1795 1796/1796/1796 1797/1797/1797
v 0.759160 4.133756 -12.630772 0.26108 0.52005 0.63221
vt 0.339203 0.235298
vn 0.743230 0.641974 -0.188360
v 0.302146 4.077946 -14.624271 0.26108 0.52005 0.63221
vt 0.349851 0.233844
vn 0.743230 0.641974 -0.188360
v 0.209091 4.192377 -14.601438 0.26108 0.52005 0.63221
vt 0.349689 0.233118
vn 0.743230 0.641974 -0.188360
f 1798/1798/1798 1799/1799/1799 1800/1800/1800
v -0.335356 3.935254 -14.652743 0.26108 0.52005 0.63221
vt 0.350420 0.231080
vn -0.942872 -0.215204 -0.254320
v -0.759160 3.402572 -12.630772 0.26108 0.52005 0.63221
vt 0.340557 0.229609
vn -0.942872 -0.215204 -0.254320
v -0.842604 3.768164 -12.630772 0.26108 0.52005 0.63221
vt 0.340301 0.228352
vn -0.942872 -0.215204 -0.254320
f 1801/1801/1801 1802/1802/1802 1803/1803/1803
v -0.759160 3.402572 -12.630772 0.26108 0.52005 0.63221
vt 0.340557 0.229609
vn -0.953832 -0.173010 -0.245502
v -0.335356 3.935254 -14.652743 0.26108 0.52005 0.63221
vt 0.350420 0.231080
vn -0.953832 -0.173010 -0.245502
v -0.302146 3.792561 -14.681216 0.26108 0.52005 0.63221
vt 0.350660 0.231583
vn -0.953832 -0.173010 -0.245502
f 1804/1804/1804 1805/1805/1805 1806/1806/1806
v 0.209091 4.192377 -14.601438 0.26108 0.52005 0.63221
vt 0.349689 0.233118
vn 0.427253 0.887198 -0.174168
v 0.187497 4.589641 -12.630772 0.26108 0.52005 0.63221
vt 0.339112 0.231450
vn 0.427253 0.887198 -0.174168
v 0.525355 4.426938 -12.630772 0.26108 0.52005 0.63221
vt 0.339078 0.233478
vn 0.427253 0.887198 -0.174168
f 1807/1807/1807 1808/1808/1808 1809/1809/1809
v 0.187497 4.589641 -12.630772 0.26108 0.52005 0.63221
vt 0.339112 0.231450
vn 0.406723 0.896389 -0.176245
v 0.209091 4.192377 -14.601438 0.26108 0.52005 0.63221
vt 0.349689 0.233118
vn 0.406723 0.896389 -0.176245
v 0.074624 4.255881 -14.588766 0.26108 0.52005 0.63221
vt 0.349640 0.232311
vn 0.406723 0.896389 -0.176245
f 1810/1810/1810 1811/1811/1811 1812/1812/1812
v -0.302146 4.077946 -14.624271 0.26108 0.52005 0.63221
vt 0.350146 0.230901
vn -0.950176 0.216872 -0.223901
v -0.842604 3.768164 -12.630772 0.26108 0.52005 0.63221
vt 0.340301 0.228352
vn -0.950176 0.216872 -0.223901
v -0.759160 4.133756 -12.630772 0.26108 0.52005 0.63221
vt 0.339960 0.227902
vn -0.950176 0.216872 -0.223901
f 1813/1813/1813 1814/1814/1814 1815/1815/1815
v -0.842604 3.768164 -12.630772 0.26108 0.52005 0.63221
vt 0.340301 0.228352
vn -0.941000 0.261798 -0.214432
v -0.302146 4.077946 -14.624271 0.26108 0.52005 0.63221
vt 0.350146 0.230901
vn -0.941000 0.261798 -0.214432
v -0.335356 3.935254 -14.652743 0.26108 0.52005 0.63221
vt 0.350420 0.231080
vn -0.941000 0.261798 -0.214432
f 1816/1816/1816 1817/1817/1817 1818/1818/1818
v 0.074624 4.255881 -14.588766 0.26108 0.52005 0.63221
vt 0.349640 0.232311
vn 0.000000 0.985781 -0.168036
v -0.187497 4.589641 -12.630772 0.26108 0.52005 0.63221
vt 0.339300 0.229619
vn 0.000000 0.985781 -0.168036
v 0.187497 4.589641 -12.630772 0.26108 0.52005 0.63221
vt 0.339112 0.231450
vn 0.000000 0.985781 -0.168036
f 1819/1819/1819 1820/1820/1820 1821/1821/1821
v -0.187497 4.589641 -12.630772 0.26108 0.52005 0.63221
vt 0.339300 0.229619
vn 0.000000 0.985781 -0.168036
v 0.074624 4.255881 -14.588766 0.26108 0.52005 0.63221
vt 0.349640 0.232311
vn 0.000000 0.985781 -0.168036
v -0.074624 4.255881 -14.588766 0.26108 0.52005 0.63221
vt 0.349713 0.231583
vn 0.000000 0.985781 -0.168036
f 1822/1822/1822 1823/1823/1823 1824/1824/1824
v -0.209091 4.192377 -14.601438 0.26108 0.52005 0.63221
vt 0.349894 0.231080
vn -0.766695 0.611420 -0.195818
v -0.759160 4.133756 -12.630772 0.26108 0.52005 0.63221
vt 0.339960 0.227902
vn -0.766695 0.611420 -0.195818
v -0.525355 4.426938 -12.630772 0.26108 0.52005 0.63221
vt 0.339603 0.228353
vn -0.766695 0.611420 -0.195818
f 1825/1825/1825 1826/1826/1826 1827/1827/1827
v -0.759160 4.133756 -12.630772 0.26108 0.52005 0.63221
vt 0.339960 0.227902
vn -0.743230 0.641974 -0.188360
v -0.209091 4.192377 -14.601438 0.26108 0.52005 0.63221
vt 0.349894 0.231080
vn -0.743230 0.641974 -0.188360
v -0.302146 4.077946 -14.624271 0.26108 0.52005 0.63221
vt 0.350146 0.230901
vn -0.743230 0.641974 -0.188360
f 1828/1828/1828 1829/1829/1829 1830/1830/1830
v -0.074624 4.255881 -14.588766 0.26108 0.52005 0.63221
vt 0.349713 0.231583
vn -0.427126 0.886935 -0.175810
v -0.525355 4.426938 -12.630772 0.26108 0.52005 0.63221
vt 0.339603 0.228353
vn -0.427126 0.886935 -0.175810
v -0.187497 4.589641 -12.630772 0.26108 0.52005 0.63221
vt 0.339300 0.229619
vn -0.427126 0.886935 -0.175810
f 1831/1831/1831 1832/1832/1832 1833/1833/1833
v -0.525355 4.426938 -12.630772 0.26108 0.52005 0.63221
vt 0.339603 0.228353
vn -0.407353 0.896903 -0.172129
v -0.074624 4.255881 -14.588766 0.26108 0.52005 0.63221
vt 0.349713 0.231583
vn -0.407353 0.896903 -0.172129
v -0.209091 4.192377 -14.601438 0.26108 0.52005 0.63221
vt 0.349894 0.231080
vn -0.407353 0.896903 -0.172129
f 1834/1834/1834 1835/1835/1835 1836/1836/1836
v 0.140871 4.108485 -14.680886 0.26108 0.52005 0.63221
vt 0.350201 0.233006
vn 0.200881 0.582523 -0.787600
v 0.074624 4.255881 -14.588766 0.26108 0.52005 0.63221
vt 0.349640 0.232311
vn 0.200881 0.582523 -0.787600
v 0.209091 4.192377 -14.601438 0.26108 0.52005 0.63221
vt 0.349689 0.233118
vn 0.200881 0.582523 -0.787600
f 1837/1837/1837 1838/1838/1838 1839/1839/1839
v 0.074624 4.255881 -14.588766 0.26108 0.52005 0.63221
vt 0.349640 0.232311
vn 0.209345 0.584179 -0.784162
v 0.140871 4.108485 -14.680886 0.26108 0.52005 0.63221
vt 0.350201 0.233006
vn 0.209345 0.584179 -0.784162
v 0.050276 4.151270 -14.673198 0.26108 0.52005 0.63221
vt 0.350172 0.232463
vn 0.209345 0.584179 -0.784162
f 1840/1840/1840 1841/1841/1841 1842/1842/1842
v 0.203565 4.031390 -14.694738 0.26108 0.52005 0.63221
vt 0.350302 0.233495
vn 0.363769 0.457694 -0.811288
v 0.209091 4.192377 -14.601438 0.26108 0.52005 0.63221
vt 0.349689 0.233118
vn 0.363769 0.457694 -0.811288
v 0.302146 4.077946 -14.624271 0.26108 0.52005 0.63221
vt 0.349851 0.233844
vn 0.363769 0.457694 -0.811288
f 1843/1843/1843 1844/1844/1844 1845/1845/1845
v 0.209091 4.192377 -14.601438 0.26108 0.52005 0.63221
vt 0.349689 0.233118
vn 0.380199 0.453967 -0.805830
v 0.203565 4.031390 -14.694738 0.26108 0.52005 0.63221
vt 0.350302 0.233495
vn 0.380199 0.453967 -0.805830
v 0.140871 4.108485 -14.680886 0.26108 0.52005 0.63221
vt 0.350201 0.233006
vn 0.380199 0.453967 -0.805830
f 1846/1846/1846 1847/1847/1847 1848/1848/1848
v 0.225940 3.935254 -14.712013 0.26108 0.52005 0.63221
vt 0.350454 0.233832
vn 0.457901 0.275246 -0.845320
v 0.302146 4.077946 -14.624271 0.26108 0.52005 0.63221
vt 0.349851 0.233844
vn 0.457901 0.275246 -0.845320
v 0.335356 3.935254 -14.652743 0.26108 0.52005 0.63221
vt 0.350093 0.234346
vn 0.457901 0.275246 -0.845320
f 1849/1849/1849 1850/1850/1850 1851/1851/1851
v 0.302146 4.077946 -14.624271 0.26108 0.52005 0.63221
vt 0.349851 0.233844
vn 0.476403 0.261708 -0.839374
v 0.225940 3.935254 -14.712013 0.26108 0.52005 0.63221
vt 0.350454 0.233832
vn 0.476403 0.261708 -0.839374
v 0.203565 4.031390 -14.694738 0.26108 0.52005 0.63221
vt 0.350302 0.233495
vn 0.476403 0.261708 -0.839374
f 1852/1852/1852 1853/1853/1853 1854/1854/1854
v 0.203565 3.839117 -14.729287 0.26108 0.52005 0.63221
vt 0.350628 0.233951
vn 0.463216 0.068499 -0.883594
v 0.335356 3.935254 -14.652743 0.26108 0.52005 0.63221
vt 0.350093 0.234346
vn 0.463216 0.068499 -0.883594
v 0.302146 3.792561 -14.681216 0.26108 0.52005 0.63221
vt 0.350366 0.234523
vn 0.463216 0.068499 -0.883594
f 1855/1855/1855 1856/1856/1856 1857/1857/1857
v 0.335356 3.935254 -14.652743 0.26108 0.52005 0.63221
vt 0.350093 0.234346
vn 0.475771 0.047080 -0.878308
v 0.203565 3.839117 -14.729287 0.26108 0.52005 0.63221
vt 0.350628 0.233951
vn 0.475771 0.047080 -0.878308
v 0.225940 3.935254 -14.712013 0.26108 0.52005 0.63221
vt 0.350454 0.233832
vn 0.475771 0.047080 -0.878308
f 1858/1858/1858 1859/1859/1859 1860/1860/1860
v 0.140871 3.762022 -14.743140 0.26108 0.52005 0.63221
vt 0.350790 0.233828
vn 0.375871 -0.122373 -0.918556
v 0.302146 3.792561 -14.681216 0.26108 0.52005 0.63221
vt 0.350366 0.234523
vn 0.375871 -0.122373 -0.918556
v 0.209091 3.678130 -14.704049 0.26108 0.52005 0.63221
vt 0.350618 0.234341
vn 0.375871 -0.122373 -0.918556
f 1861/1861/1861 1862/1862/1862 1863/1863/1863
v 0.302146 3.792561 -14.681216 0.26108 0.52005 0.63221
vt 0.350366 0.234523
vn 0.378286 -0.143283 -0.914533
v 0.140871 3.762022 -14.743140 0.26108 0.52005 0.63221
vt 0.350790 0.233828
vn 0.378286 -0.143283 -0.914533
v 0.203565 3.839117 -14.729287 0.26108 0.52005 0.63221
vt 0.350628 0.233951
vn 0.378286 -0.143283 -0.914533
f 1864/1864/1864 1865/1865/1865 1866/1866/1866
v 0.050276 3.719237 -14.750828 0.26108 0.52005 0.63221
vt 0.350906 0.233489
vn 0.210838 -0.258311 -0.942774
v 0.209091 3.678130 -14.704049 0.26108 0.52005 0.63221
vt 0.350618 0.234341
vn 0.210838 -0.258311 -0.942774
v 0.074624 3.614626 -14.716721 0.26108 0.52005 0.63221
vt 0.350797 0.233838
vn 0.210838 -0.258311 -0.942774
f 1867/1867/1867 1868/1868/1868 1869/1869/1869
v 0.209091 3.678130 -14.704049 0.26108 0.52005 0.63221
vt 0.350618 0.234341
vn 0.207181 -0.269722 -0.940386
v 0.050276 3.719237 -14.750828 0.26108 0.52005 0.63221
vt 0.350906 0.233489
vn 0.207181 -0.269722 -0.940386
v 0.140871 3.762022 -14.743140 0.26108 0.52005 0.63221
vt 0.350790 0.233828
vn 0.207181 -0.269722 -0.940386
f 1870/1870/1870 1871/1871/1871 1872/1872/1872
v -0.050276 3.719237 -14.750828 0.26108 0.52005 0.63221
vt 0.350955 0.233000
vn 0.000000 -0.309980 -0.950743
v 0.074624 3.614626 -14.716721 0.26108 0.52005 0.63221
vt 0.350797 0.233838
vn 0.000000 -0.309980 -0.950743
v -0.074624 3.614626 -14.716721 0.26108 0.52005 0.63221
vt 0.350870 0.233112
vn 0.000000 -0.309980 -0.950743
f 1873/1873/1873 1874/1874/1874 1875/1875/1875
v 0.074624 3.614626 -14.716721 0.26108 0.52005 0.63221
vt 0.350797 0.233838
vn 0.000000 -0.309980 -0.950743
v -0.050276 3.719237 -14.750828 0.26108 0.52005 0.63221
vt 0.350955 0.233000
vn 0.000000 -0.309980 -0.950743
v 0.050276 3.719237 -14.750828 0.26108 0.52005 0.63221
vt 0.350906 0.233489
vn 0.000000 -0.309980 -0.950743
f 1876/1876/1876 1877/1877/1877 1878/1878/1878
v -0.140871 3.762022 -14.743140 0.26108 0.52005 0.63221
vt 0.350927 0.232458
vn -0.213564 -0.264551 -0.940427
v -0.074624 3.614626 -14.716721 0.26108 0.52005 0.63221
vt 0.350870 0.233112
vn -0.213564 -0.264551 -0.940427
v -0.209091 3.678130 -14.704049 0.26108 0.52005 0.63221
vt 0.350821 0.232308
vn -0.213564 -0.264551 -0.940427
f 1879/1879/1879 1880/1880/1880 1881/1881/1881
v -0.074624 3.614626 -14.716721 0.26108 0.52005 0.63221
vt 0.350870 0.233112
vn -0.203108 -0.260470 -0.943876
v -0.140871 3.762022 -14.743140 0.26108 0.52005 0.63221
vt 0.350927 0.232458
vn -0.203108 -0.260470 -0.943876
v -0.050276 3.719237 -14.750828 0.26108 0.52005 0.63221
vt 0.350955 0.233000
vn -0.203108 -0.260470 -0.943876
f 1882/1882/1882 1883/1883/1883 1884/1884/1884
v -0.203565 3.839117 -14.729287 0.26108 0.52005 0.63221
vt 0.350827 0.231969
vn -0.384258 -0.130100 -0.914013
v -0.209091 3.678130 -14.704049 0.26108 0.52005 0.63221
vt 0.350821 0.232308
vn -0.384258 -0.130100 -0.914013
v -0.302146 3.792561 -14.681216 0.26108 0.52005 0.63221
vt 0.350660 0.231583
vn -0.384258 -0.130100 -0.914013
f 1885/1885/1885 1886/1886/1886 1887/1887/1887
v -0.209091 3.678130 -14.704049 0.26108 0.52005 0.63221
vt 0.350821 0.232308
vn -0.365762 -0.131880 -0.921317
v -0.203565 3.839117 -14.729287 0.26108 0.52005 0.63221
vt 0.350827 0.231969
vn -0.365762 -0.131880 -0.921317
v -0.140871 3.762022 -14.743140 0.26108 0.52005 0.63221
vt 0.350927 0.232458
vn -0.365762 -0.131880 -0.921317
f 1888/1888/1888 1889/1889/1889 1890/1890/1890
v -0.225940 3.935254 -14.712013 0.26108 0.52005 0.63221
vt 0.350674 0.231632
vn -0.475308 0.064460 -0.877455
v -0.302146 3.792561 -14.681216 0.26108 0.52005 0.63221
vt 0.350660 0.231583
vn -0.475308 0.064460 -0.877455
v -0.335356 3.935254 -14.652743 0.26108 0.52005 0.63221
vt 0.350420 0.231080
vn -0.475308 0.064460 -0.877455
f 1891/1891/1891 1892/1892/1892 1893/1893/1893
v -0.302146 3.792561 -14.681216 0.26108 0.52005 0.63221
vt 0.350660 0.231583
vn -0.457763 0.052922 -0.887498
v -0.225940 3.935254 -14.712013 0.26108 0.52005 0.63221
vt 0.350674 0.231632
vn -0.457763 0.052922 -0.887498
v -0.203565 3.839117 -14.729287 0.26108 0.52005 0.63221
vt 0.350827 0.231969
vn -0.457763 0.052922 -0.887498
f 1894/1894/1894 1895/1895/1895 1896/1896/1896
v -0.203565 4.031390 -14.694738 0.26108 0.52005 0.63221
vt 0.350500 0.231512
vn -0.468993 0.276525 -0.838796
v -0.335356 3.935254 -14.652743 0.26108 0.52005 0.63221
vt 0.350420 0.231080
vn -0.468993 0.276525 -0.838796
v -0.302146 4.077946 -14.624271 0.26108 0.52005 0.63221
vt 0.350146 0.230901
vn -0.468993 0.276525 -0.838796
f 1897/1897/1897 1898/1898/1898 1899/1899/1899
v -0.335356 3.935254 -14.652743 0.26108 0.52005 0.63221
vt 0.350420 0.231080
vn -0.459965 0.259635 -0.849130
v -0.203565 4.031390 -14.694738 0.26108 0.52005 0.63221
vt 0.350500 0.231512
vn -0.459965 0.259635 -0.849130
v -0.225940 3.935254 -14.712013 0.26108 0.52005 0.63221
vt 0.350674 0.231632
vn -0.459965 0.259635 -0.849130
f 1900/1900/1900 1901/1901/1901 1902/1902/1902
v -0.140871 4.108485 -14.680886 0.26108 0.52005 0.63221
vt 0.350338 0.231633
vn -0.370373 0.461980 -0.805853
v -0.302146 4.077946 -14.624271 0.26108 0.52005 0.63221
vt 0.350146 0.230901
vn -0.370373 0.461980 -0.805853
v -0.209091 4.192377 -14.601438 0.26108 0.52005 0.63221
vt 0.349894 0.231080
vn -0.370373 0.461980 -0.805853
f 1903/1903/1903 1904/1904/1904 1905/1905/1905
v -0.302146 4.077946 -14.624271 0.26108 0.52005 0.63221
vt 0.350146 0.230901
vn -0.370469 0.447511 -0.813933
v -0.140871 4.108485 -14.680886 0.26108 0.52005 0.63221
vt 0.350338 0.231633
vn -0.370469 0.447511 -0.813933
v -0.203565 4.031390 -14.694738 0.26108 0.52005 0.63221
vt 0.350500 0.231512
vn -0.370469 0.447511 -0.813933
f 1906/1906/1906 1907/1907/1907 1908/1908/1908
v -0.050276 4.151270 -14.673198 0.26108 0.52005 0.63221
vt 0.350221 0.231973
vn -0.202809 0.585993 -0.784526
v -0.209091 4.192377 -14.601438 0.26108 0.52005 0.63221
vt 0.349894 0.231080
vn -0.202809 0.585993 -0.784526
v -0.074624 4.255881 -14.588766 0.26108 0.52005 0.63221
vt 0.349713 0.231583
vn -0.202809 0.585993 -0.784526
f 1909/1909/1909 1910/1910/1910 1911/1911/1911
v -0.209091 4.192377 -14.601438 0.26108 0.52005 0.63221
vt 0.349894 0.231080
vn -0.206517 0.579011 -0.788731
v -0.050276 4.151270 -14.673198 0.26108 0.52005 0.63221
vt 0.350221 0.231973
vn -0.206517 0.579011 -0.788731
v -0.140871 4.108485 -14.680886 0.26108 0.52005 0.63221
vt 0.350338 0.231633
vn -0.206517 0.579011 -0.788731
f 1912/1912/1912 1913/1913/1913 1914/1914/1914
v 0.050276 4.151270 -14.673198 0.26108 0.52005 0.63221
vt 0.350172 0.232463
vn 0.000000 0.628061 -0.778164
v -0.074624 4.255881 -14.588766 0.26108 0.52005 0.63221
vt 0.349713 0.231583
vn 0.000000 0.628061 -0.778164
v 0.074624 4.255881 -14.588766 0.26108 0.52005 0.63221
vt 0.349640 0.232311
vn 0.000000 0.628061 -0.778164
f 1915/1915/1915 1916/1916/1916 1917/1917/1917
v -0.074624 4.255881 -14.588766 0.26108 0.52005 0.63221
vt 0.349713 0.231583
vn 0.000000 0.628061 -0.778164
v 0.050276 4.151270 -14.673198 0.26108 0.52005 0.63221
vt 0.350172 0.232463
vn 0.000000 0.628061 -0.778164
v -0.050276 4.151270 -14.673198 0.26108 0.52005 0.63221
vt 0.350221 0.231973
vn 0.000000 0.628061 -0.778164
f 1918/1918/1918 1919/1919/1919 1920/1920/1920
v 0.083567 4.038017 -14.712537 0.26108 0.52005 0.63221
vt 0.350448 0.232900
vn 0.085795 0.349324 -0.933066
v 0.050276 4.151270 -14.673198 0.26108 0.52005 0.63221
vt 0.350172 0.232463
vn 0.085795 0.349324 -0.933066
v 0.140871 4.108485 -14.680886 0.26108 0.52005 0.63221
vt 0.350201 0.233006
vn 0.085795 0.349324 -0.933066
f 1921/1921/1921 1922/1922/1922 1923/1923/1923
v 0.050276 4.151270 -14.673198 0.26108 0.52005 0.63221
vt 0.350172 0.232463
vn 0.075767 0.346981 -0.934807
v 0.083567 4.038017 -14.712537 0.26108 0.52005 0.63221
vt 0.350448 0.232900
vn 0.075767 0.346981 -0.934807
v 0.029825 4.063398 -14.707472 0.26108 0.52005 0.63221
vt 0.350428 0.232578
vn 0.075767 0.346981 -0.934807
f 1924/1924/1924 1925/1925/1925 1926/1926/1926
v 0.120758 3.992283 -14.721662 0.26108 0.52005 0.63221
vt 0.350512 0.233191
vn 0.163091 0.301423 -0.939439
v 0.140871 4.108485 -14.680886 0.26108 0.52005 0.63221
vt 0.350201 0.233006
vn 0.163091 0.301423 -0.939439
v 0.203565 4.031390 -14.694738 0.26108 0.52005 0.63221
vt 0.350302 0.233495
vn 0.163091 0.301423 -0.939439
f 1927/1927/1927 1928/1928/1928 1929/1929/1929
v 0.140871 4.108485 -14.680886 0.26108 0.52005 0.63221
vt 0.350201 0.233006
vn 0.144475 0.305278 -0.941240
v 0.120758 3.992283 -14.721662 0.26108 0.52005 0.63221
vt 0.350512 0.233191
vn 0.144475 0.305278 -0.941240
v 0.083567 4.038017 -14.712537 0.26108 0.52005 0.63221
vt 0.350448 0.232900
vn 0.144475 0.305278 -0.941240
f 1930/1930/1930 1931/1931/1931 1932/1932/1932
v 0.134031 3.935254 -14.733041 0.26108 0.52005 0.63221
vt 0.350608 0.233391
vn 0.217494 0.221437 -0.950611
v 0.203565 4.031390 -14.694738 0.26108 0.52005 0.63221
vt 0.350302 0.233495
vn 0.217494 0.221437 -0.950611
v 0.225940 3.935254 -14.712013 0.26108 0.52005 0.63221
vt 0.350454 0.233832
vn 0.217494 0.221437 -0.950611
f 1933/1933/1933 1934/1934/1934 1935/1935/1935
v 0.203565 4.031390 -14.694738 0.26108 0.52005 0.63221
vt 0.350302 0.233495
vn 0.197922 0.235909 -0.951406
v 0.134031 3.935254 -14.733041 0.26108 0.52005 0.63221
vt 0.350608 0.233391
vn 0.197922 0.235909 -0.951406
v 0.120758 3.992283 -14.721662 0.26108 0.52005 0.63221
vt 0.350512 0.233191
vn 0.197922 0.235909 -0.951406
f 1936/1936/1936 1937/1937/1937 1938/1938/1938
v 0.120758 3.878224 -14.744421 0.26108 0.52005 0.63221
vt 0.350717 0.233462
vn 0.232729 0.119259 -0.965202
v 0.225940 3.935254 -14.712013 0.26108 0.52005 0.63221
vt 0.350454 0.233832
vn 0.232729 0.119259 -0.965202
v 0.203565 3.839117 -14.729287 0.26108 0.52005 0.63221
vt 0.350628 0.233951
vn 0.232729 0.119259 -0.965202
f 1939/1939/1939 1940/1940/1940 1941/1941/1941
v 0.225940 3.935254 -14.712013 0.26108 0.52005 0.63221
vt 0.350454 0.233832
vn 0.220797 0.141178 -0.965048
v 0.120758 3.878224 -14.744421 0.26108 0.52005 0.63221
vt 0.350717 0.233462
vn 0.220797 0.141178 -0.965048
v 0.134031 3.935254 -14.733041 0.26108 0.52005 0.63221
vt 0.350608 0.233391
vn 0.220797 0.141178 -0.965048
f 1942/1942/1942 1943/1943/1943 1944/1944/1944
v 0.083567 3.832490 -14.753547 0.26108 0.52005 0.63221
vt 0.350818 0.233390
vn 0.197306 0.015692 -0.980216
v 0.203565 3.839117 -14.729287 0.26108 0.52005 0.63221
vt 0.350628 0.233951
vn 0.197306 0.015692 -0.980216
v 0.140871 3.762022 -14.743140 0.26108 0.52005 0.63221
vt 0.350790 0.233828
vn 0.197306 0.015692 -0.980216
f 1945/1945/1945 1946/1946/1946 1947/1947/1947
v 0.203565 3.839117 -14.729287 0.26108 0.52005 0.63221
vt 0.350628 0.233951
vn 0.196121 0.036047 -0.979917
v 0.083567 3.832490 -14.753547 0.26108 0.52005 0.63221
vt 0.350818 0.233390
vn 0.196121 0.036047 -0.979917
v 0.120758 3.878224 -14.744421 0.26108 0.52005 0.63221
vt 0.350717 0.233462
vn 0.196121 0.036047 -0.979917
f 1948/1948/1948 1949/1949/1949 1950/1950/1950
v 0.029825 3.807109 -14.758611 0.26108 0.52005 0.63221
vt 0.350890 0.233189
vn 0.113189 -0.061483 -0.991669
v 0.140871 3.762022 -14.743140 0.26108 0.52005 0.63221
vt 0.350790 0.233828
vn 0.113189 -0.061483 -0.991669
v 0.050276 3.719237 -14.750828 0.26108 0.52005 0.63221
vt 0.350906 0.233489
vn 0.113189 -0.061483 -0.991669
f 1951/1951/1951 1952/1952/1952 1953/1953/1953
v 0.140871 3.762022 -14.743140 0.26108 0.52005 0.63221
vt 0.350790 0.233828
vn 0.117493 -0.050917 -0.991768
v 0.029825 3.807109 -14.758611 0.26108 0.52005 0.63221
vt 0.350890 0.233189
vn 0.117493 -0.050917 -0.991768
v 0.083567 3.832490 -14.753547 0.26108 0.52005 0.63221
vt 0.350818 0.233390
vn 0.117493 -0.050917 -0.991768
f 1954/1954/1954 1955/1955/1955 1956/1956/1956
v -0.029825 3.807109 -14.758611 0.26108 0.52005 0.63221
vt 0.350919 0.232898
vn 0.000000 -0.088220 -0.996101
v 0.050276 3.719237 -14.750828 0.26108 0.52005 0.63221
vt 0.350906 0.233489
vn 0.000000 -0.088220 -0.996101
v -0.050276 3.719237 -14.750828 0.26108 0.52005 0.63221
vt 0.350955 0.233000
vn 0.000000 -0.088220 -0.996101
f 1957/1957/1957 1958/1958/1958 1959/1959/1959
v 0.050276 3.719237 -14.750828 0.26108 0.52005 0.63221
vt 0.350906 0.233489
vn 0.000000 -0.088220 -0.996101
v -0.029825 3.807109 -14.758611 0.26108 0.52005 0.63221
vt 0.350919 0.232898
vn 0.000000 -0.088220 -0.996101
v 0.029825 3.807109 -14.758611 0.26108 0.52005 0.63221
vt 0.350890 0.233189
vn 0.000000 -0.088220 -0.996101
f 1960/1960/1960 1961/1961/1961 1962/1962/1962
v -0.083567 3.832490 -14.753547 0.26108 0.52005 0.63221
vt 0.350899 0.232576
vn -0.110836 -0.056399 -0.992237
v -0.050276 3.719237 -14.750828 0.26108 0.52005 0.63221
vt 0.350955 0.233000
vn -0.110836 -0.056399 -0.992237
v -0.140871 3.762022 -14.743140 0.26108 0.52005 0.63221
vt 0.350927 0.232458
vn -0.110836 -0.056399 -0.992237
f 1963/1963/1963 1964/1964/1964 1965/1965/1965
v -0.050276 3.719237 -14.750828 0.26108 0.52005 0.63221
vt 0.350955 0.233000
vn -0.121449 -0.059485 -0.990814
v -0.083567 3.832490 -14.753547 0.26108 0.52005 0.63221
vt 0.350899 0.232576
vn -0.121449 -0.059485 -0.990814
v -0.029825 3.807109 -14.758611 0.26108 0.52005 0.63221
vt 0.350919 0.232898
vn -0.121449 -0.059485 -0.990814
f 1966/1966/1966 1967/1967/1967 1968/1968/1968
v -0.120758 3.878224 -14.744421 0.26108 0.52005 0.63221
vt 0.350835 0.232287
vn -0.189806 0.022035 -0.981574
v -0.140871 3.762022 -14.743140 0.26108 0.52005 0.63221
vt 0.350927 0.232458
vn -0.189806 0.022035 -0.981574
v -0.203565 3.839117 -14.729287 0.26108 0.52005 0.63221
vt 0.350827 0.231969
vn -0.189806 0.022035 -0.981574
f 1969/1969/1969 1970/1970/1970 1971/1971/1971
v -0.140871 3.762022 -14.743140 0.26108 0.52005 0.63221
vt 0.350927 0.232458
vn -0.208717 0.025351 -0.977648
v -0.120758 3.878224 -14.744421 0.26108 0.52005 0.63221
vt 0.350835 0.232287
vn -0.208717 0.025351 -0.977648
v -0.083567 3.832490 -14.753547 0.26108 0.52005 0.63221
vt 0.350899 0.232576
vn -0.208717 0.025351 -0.977648
f 1972/1972/1972 1973/1973/1973 1974/1974/1974
v -0.134031 3.935254 -14.733041 0.26108 0.52005 0.63221
vt 0.350739 0.232086
vn -0.221357 0.122317 -0.967492
v -0.203565 3.839117 -14.729287 0.26108 0.52005 0.63221
vt 0.350827 0.231969
vn -0.221357 0.122317 -0.967492
v -0.225940 3.935254 -14.712013 0.26108 0.52005 0.63221
vt 0.350674 0.231632
vn -0.221357 0.122317 -0.967492
f 1975/1975/1975 1976/1976/1976 1977/1977/1977
v -0.203565 3.839117 -14.729287 0.26108 0.52005 0.63221
vt 0.350827 0.231969
vn -0.239896 0.135971 -0.961229
v -0.134031 3.935254 -14.733041 0.26108 0.52005 0.63221
vt 0.350739 0.232086
vn -0.239896 0.135971 -0.961229
v -0.120758 3.878224 -14.744421 0.26108 0.52005 0.63221
vt 0.350835 0.232287
vn -0.239896 0.135971 -0.961229
f 1978/1978/1978 1979/1979/1979 1980/1980/1980
v -0.120758 3.992283 -14.721662 0.26108 0.52005 0.63221
vt 0.350630 0.232014
vn -0.206422 0.219388 -0.953551
v -0.225940 3.935254 -14.712013 0.26108 0.52005 0.63221
vt 0.350674 0.231632
vn -0.206422 0.219388 -0.953551
v -0.203565 4.031390 -14.694738 0.26108 0.52005 0.63221
vt 0.350500 0.231512
vn -0.206422 0.219388 -0.953551
f 1981/1981/1981 1982/1982/1982 1983/1983/1983
v -0.225940 3.935254 -14.712013 0.26108 0.52005 0.63221
vt 0.350674 0.231632
vn -0.216553 0.239266 -0.946497
v -0.120758 3.992283 -14.721662 0.26108 0.52005 0.63221
vt 0.350630 0.232014
vn -0.216553 0.239266 -0.946497
v -0.134031 3.935254 -14.733041 0.26108 0.52005 0.63221
vt 0.350739 0.232086
vn -0.216553 0.239266 -0.946497
f 1984/1984/1984 1985/1985/1985 1986/1986/1986
v -0.083567 4.038017 -14.712537 0.26108 0.52005 0.63221
vt 0.350529 0.232086
vn -0.156123 0.296264 -0.942260
v -0.203565 4.031390 -14.694738 0.26108 0.52005 0.63221
vt 0.350500 0.231512
vn -0.156123 0.296264 -0.942260
v -0.140871 4.108485 -14.680886 0.26108 0.52005 0.63221
vt 0.350338 0.231633
vn -0.156123 0.296264 -0.942260
f 1987/1987/1987 1988/1988/1988 1989/1989/1989
v -0.203565 4.031390 -14.694738 0.26108 0.52005 0.63221
vt 0.350500 0.231512
vn -0.156245 0.313905 -0.936510
v -0.083567 4.038017 -14.712537 0.26108 0.52005 0.63221
vt 0.350529 0.232086
vn -0.156245 0.313905 -0.936510
v -0.120758 3.992283 -14.721662 0.26108 0.52005 0.63221
vt 0.350630 0.232014
vn -0.156245 0.313905 -0.936510
f 1990/1990/1990 1991/1991/1991 1992/1992/1992
v -0.029825 4.063398 -14.707472 0.26108 0.52005 0.63221
vt 0.350457 0.232287
vn -0.083673 0.345144 -0.934813
v -0.140871 4.108485 -14.680886 0.26108 0.52005 0.63221
vt 0.350338 0.231633
vn -0.083673 0.345144 -0.934813
v -0.050276 4.151270 -14.673198 0.26108 0.52005 0.63221
vt 0.350221 0.231973
vn -0.083673 0.345144 -0.934813
f 1993/1993/1993 1994/1994/1994 1995/1995/1995
v -0.140871 4.108485 -14.680886 0.26108 0.52005 0.63221
vt 0.350338 0.231633
vn -0.079366 0.354014 -0.931867
v -0.029825 4.063398 -14.707472 0.26108 0.52005 0.63221
vt 0.350457 0.232287
vn -0.079366 0.354014 -0.931867
v -0.083567 4.038017 -14.712537 0.26108 0.52005 0.63221
vt 0.350529 0.232086
vn -0.079366 0.354014 -0.931867
f 1996/1996/1996 1997/1997/1997 1998/1998/1998
v 0.029825 4.063398 -14.707472 0.26108 0.52005 0.63221
vt 0.350428 0.232578
vn 0.000000 0.363381 -0.931641
v -0.050276 4.151270 -14.673198 0.26108 0.52005 0.63221
vt 0.350221 0.231973
vn 0.000000 0.363381 -0.931641
v 0.050276 4.151270 -14.673198 0.26108 0.52005 0.63221
vt 0.350172 0.232463
vn 0.000000 0.363381 -0.931641
f 1999/1999/1999 2000/2000/2000 2001/2001/2001
v -0.050276 4.151270 -14.673198 0.26108 0.52005 0.63221
vt 0.350221 0.231973
vn 0.000000 0.363381 -0.931641
v 0.029825 4.063398 -14.707472 0.26108 0.52005 0.63221
vt 0.350428 0.232578
vn 0.000000 0.363381 -0.931641
v -0.029825 4.063398 -14.707472 0.26108 0.52005 0.63221
vt 0.350457 0.232287
vn 0.000000 0.363381 -0.931641
f 2002/2002/2002 2003/2003/2003 2004/2004/2004
v 0.340557 4.775759 -6.921678 0.26108 0.52005 0.63221
vt 0.309080 0.229910
vn 0.000000 0.999974 0.007199
v -0.346682 4.771505 -6.330716 0.26108 0.52005 0.63221
vt 0.306366 0.226373
vn 0.000000 0.999974 0.007199
v 0.346682 4.771505 -6.330716 0.26108 0.52005 0.63221
vt 0.305997 0.229758
vn 0.000000 0.999974 0.007199
f 2005/2005/2005 2006/2006/2006 2007/2007/2007
v -0.346682 4.771505 -6.330716 0.26108 0.52005 0.63221
vt 0.306366 0.226373
vn 0.000000 0.999974 0.007199
v 0.340557 4.775759 -6.921678 0.26108 0.52005 0.63221
vt 0.309080 0.229910
vn 0.000000 0.999974 0.007199
v -0.340557 4.775759 -6.921678 0.26108 0.52005 0.63221
vt 0.309440 0.226584
vn 0.000000 0.999974 0.007199
f 2008/2008/2008 2009/2009/2009 2010/2010/2010
v 0.340557 4.775759 -6.921678 0.26108 0.52005 0.63221
vt 0.309080 0.229910
vn 0.957497 -0.288194 -0.011999
v 0.346682 4.771505 -6.330716 0.26108 0.52005 0.63221
vt 0.305997 0.229758
vn 0.957497 -0.288194 -0.011999
v 0.253374 4.636916 -10.543910 0.26108 0.52005 0.63221
vt 0.328153 0.230984
vn 0.957497 -0.288194 -0.011999
f 2011/2011/2011 2012/2012/2012 2013/2013/2013
v 0.253374 4.636916 -10.543910 0.26108 0.52005 0.63221
vt 0.328153 0.230984
vn 0.999710 0.000000 -0.024062
v 0.253374 4.735274 -10.543910 0.26108 0.52005 0.63221
vt 0.328066 0.230754
vn 0.999710 0.000000 -0.024062
v 0.340557 4.775759 -6.921678 0.26108 0.52005 0.63221
vt 0.309080 0.229910
vn 0.999710 0.000000 -0.024062
f 2014/2014/2014 2015/2015/2015 2016/2016/2016
v -0.340557 4.775759 -6.921678 0.26108 0.52005 0.63221
vt 0.309440 0.226584
vn -0.957497 -0.288194 -0.011999
v -0.253374 4.636916 -10.543910 0.26108 0.52005 0.63221
vt 0.328412 0.228510
vn -0.957497 -0.288194 -0.011999
v -0.346682 4.771505 -6.330716 0.26108 0.52005 0.63221
vt 0.306366 0.226373
vn -0.957497 -0.288194 -0.011999
f 2017/2017/2017 2018/2018/2018 2019/2019/2019
v -0.253374 4.636916 -10.543910 0.26108 0.52005 0.63221
vt 0.328412 0.228510
vn -0.999710 0.000000 -0.024062
v -0.340557 4.775759 -6.921678 0.26108 0.52005 0.63221
vt 0.309440 0.226584
vn -0.999710 0.000000 -0.024062
v -0.253374 4.735274 -10.543910 0.26108 0.52005 0.63221
vt 0.328325 0.228279
vn -0.999710 0.000000 -0.024062
f 2020/2020/2020 2021/2021/2021 2022/2022/2022
v 0.229776 4.718340 -11.291461 0.26108 0.52005 0.63221
vt 0.331994 0.230921
vn 0.999502 0.000000 -0.031552
v 0.253374 4.735274 -10.543910 0.26108 0.52005 0.63221
vt 0.328066 0.230754
vn 0.999502 0.000000 -0.031552
v 0.253374 4.636916 -10.543910 0.26108 0.52005 0.63221
vt 0.328153 0.230984
vn 0.999502 0.000000 -0.031552
f 2023/2023/2023 2024/2024/2024 2025/2025/2025
v 0.253374 4.636916 -10.543910 0.26108 0.52005 0.63221
vt 0.328153 0.230984
vn 0.999502 0.000000 -0.031552
v 0.229776 4.619981 -11.291461 0.26108 0.52005 0.63221
vt 0.332079 0.231151
vn 0.999502 0.000000 -0.031552
v 0.229776 4.718340 -11.291461 0.26108 0.52005 0.63221
vt 0.331994 0.230921
vn 0.999502 0.000000 -0.031552
f 2026/2026/2026 2027/2027/2027 2028/2028/2028
v -0.140188 4.687999 -12.630772 0.26108 0.52005 0.63221
vt 0.339195 0.229620
vn 0.000000 -0.000000 -1.000000
v 0.187497 4.589641 -12.630772 0.26108 0.52005 0.63221
vt 0.339112 0.231450
vn 0.000000 -0.000000 -1.000000
v -0.187497 4.589641 -12.630772 0.26108 0.52005 0.63221
vt 0.339300 0.229619
vn 0.000000 -0.000000 -1.000000
f 2029/2029/2029 2030/2030/2030 2031/2031/2031
v 0.187497 4.589641 -12.630772 0.26108 0.52005 0.63221
vt 0.339112 0.231450
vn 0.000000 0.000000 -1.000000
v -0.140188 4.687999 -12.630772 0.26108 0.52005 0.63221
vt 0.339195 0.229620
vn 0.000000 0.000000 -1.000000
v 0.140188 4.687999 -12.630772 0.26108 0.52005 0.63221
vt 0.339055 0.230989
vn 0.000000 0.000000 -1.000000
f 2032/2032/2032 2033/2033/2033 2034/2034/2034
v -0.229776 4.619981 -11.291461 0.82273 0.82503 0.80433
vt 0.431511 0.784953
vn -0.900517 0.433136 -0.038239
v -0.140188 4.687999 -12.630772 0.82273 0.82503 0.80433
vt 0.446444 0.788476
vn -0.900517 0.433136 -0.038239
v -0.187497 4.589641 -12.630772 0.82273 0.82503 0.80433
vt 0.446587 0.787754
vn -0.900517 0.433136 -0.038239
f 2035/2035/2035 2036/2036/2036 2037/2037/2037
v -0.140188 4.687999 -12.630772 0.82273 0.82503 0.80433
vt 0.446444 0.788476
vn -0.997770 0.000000 -0.066742
v -0.229776 4.619981 -11.291461 0.82273 0.82503 0.80433
vt 0.431511 0.784953
vn -0.997770 0.000000 -0.066742
v -0.229776 4.718340 -11.291461 0.82273 0.82503 0.80433
vt 0.431436 0.785119
vn -0.997770 0.000000 -0.066742
f 2038/2038/2038 2039/2039/2039 2040/2040/2040
v 0.316682 5.171735 -8.277198 0.26108 0.52005 0.63221
vt 0.315791 0.229304
vn 0.000000 0.959883 0.280402
v -0.340557 4.775759 -6.921678 0.26108 0.52005 0.63221
vt 0.309440 0.226584
vn 0.000000 0.959883 0.280402
v 0.340557 4.775759 -6.921678 0.26108 0.52005 0.63221
vt 0.309080 0.229910
vn 0.000000 0.959883 0.280402
f 2041/2041/2041 2042/2042/2042 2043/2043/2043
v -0.340557 4.775759 -6.921678 0.26108 0.52005 0.63221
vt 0.309440 0.226584
vn 0.000000 0.959883 0.280402
v 0.316682 5.171735 -8.277198 0.26108 0.52005 0.63221
vt 0.315791 0.229304
vn 0.000000 0.959883 0.280402
v -0.316682 5.171735 -8.277198 0.26108 0.52005 0.63221
vt 0.316122 0.226205
vn 0.000000 0.959883 0.280402
f 2044/2044/2044 2045/2045/2045 2046/2046/2046
v 0.316682 5.171735 -8.277198 0.26108 0.52005 0.63221
vt 0.315791 0.229304
vn 0.999490 -0.021275 -0.023819
v 0.340557 4.775759 -6.921678 0.26108 0.52005 0.63221
vt 0.309080 0.229910
vn 0.999490 -0.021275 -0.023819
v 0.253374 4.735274 -10.543910 0.26108 0.52005 0.63221
vt 0.328066 0.230754
vn 0.999490 -0.021275 -0.023819
f 2047/2047/2047 2048/2048/2048 2049/2049/2049
v 0.253374 4.735274 -10.543910 0.26108 0.52005 0.63221
vt 0.328066 0.230754
vn 0.999560 0.005927 -0.029058
v 0.235611 5.131251 -11.074144 0.26108 0.52005 0.63221
vt 0.330497 0.229912
vn 0.999560 0.005927 -0.029058
v 0.316682 5.171735 -8.277198 0.26108 0.52005 0.63221
vt 0.315791 0.229304
vn 0.999560 0.005927 -0.029058
f 2050/2050/2050 2051/2051/2051 2052/2052/2052
v -0.316682 5.171735 -8.277198 0.26108 0.52005 0.63221
vt 0.316122 0.226205
vn -0.999490 -0.021275 -0.023819
v -0.253374 4.735274 -10.543910 0.26108 0.52005 0.63221
vt 0.328325 0.228279
vn -0.999490 -0.021275 -0.023819
v -0.340557 4.775759 -6.921678 0.26108 0.52005 0.63221
vt 0.309440 0.226584
vn -0.999490 -0.021275 -0.023819
f 2053/2053/2053 2054/2054/2054 2055/2055/2055
v -0.253374 4.735274 -10.543910 0.26108 0.52005 0.63221
vt 0.328325 0.228279
vn -0.999560 0.005927 -0.029058
v -0.316682 5.171735 -8.277198 0.26108 0.52005 0.63221
vt 0.316122 0.226205
vn -0.999560 0.005927 -0.029058
v -0.235611 5.131251 -11.074144 0.26108 0.52005 0.63221
vt 0.330737 0.227606
vn -0.999560 0.005927 -0.029058
f 2056/2056/2056 2057/2057/2057 2058/2058/2058
v 0.180897 5.120262 -11.448690 0.26108 0.52005 0.63221
vt 0.332493 0.229792
vn 0.980036 -0.142159 -0.138995
v 0.235611 5.131251 -11.074144 0.26108 0.52005 0.63221
vt 0.330497 0.229912
vn 0.980036 -0.142159 -0.138995
v 0.253374 4.735274 -10.543910 0.26108 0.52005 0.63221
vt 0.328066 0.230754
vn 0.980036 -0.142159 -0.138995
f 2059/2059/2059 2060/2060/2060 2061/2061/2061
v 0.253374 4.735274 -10.543910 0.26108 0.52005 0.63221
vt 0.328066 0.230754
vn 0.993618 0.107612 -0.033804
v 0.229776 4.718340 -11.291461 0.26108 0.52005 0.63221
vt 0.331994 0.230921
vn 0.993618 0.107612 -0.033804
v 0.180897 5.120262 -11.448690 0.26108 0.52005 0.63221
vt 0.332493 0.229792
vn 0.993618 0.107612 -0.033804
f 2062/2062/2062 2063/2063/2063 2064/2064/2064
v -0.078645 5.083976 -12.685539 0.26108 0.52005 0.63221
vt 0.339123 0.229009
vn 0.000000 -0.137003 -0.990571
v 0.140188 4.687999 -12.630772 0.26108 0.52005 0.63221
vt 0.339055 0.230989
vn 0.000000 -0.137003 -0.990571
v -0.140188 4.687999 -12.630772 0.26108 0.52005 0.63221
vt 0.339195 0.229620
vn 0.000000 -0.137003 -0.990571
f 2065/2065/2065 2066/2066/2066 2067/2067/2067
v 0.140188 4.687999 -12.630772 0.26108 0.52005 0.63221
vt 0.339055 0.230989
vn 0.000000 -0.137003 -0.990571
v -0.078645 5.083976 -12.685539 0.26108 0.52005 0.63221
vt 0.339123 0.229009
vn 0.000000 -0.137003 -0.990571
v 0.078645 5.083976 -12.685539 0.26108 0.52005 0.63221
vt 0.339044 0.229779
vn 0.000000 -0.137003 -0.990571
f 2068/2068/2068 2069/2069/2069 2070/2070/2070
v -0.229776 4.718340 -11.291461 0.82273 0.82503 0.80433
vt 0.431436 0.785119
vn -0.987172 0.143844 -0.069291
v -0.078645 5.083976 -12.685539 0.82273 0.82503 0.80433
vt 0.446717 0.789985
vn -0.987172 0.143844 -0.069291
v -0.140188 4.687999 -12.630772 0.82273 0.82503 0.80433
vt 0.446444 0.788476
vn -0.987172 0.143844 -0.069291
f 2071/2071/2071 2072/2072/2072 2073/2073/2073
v -0.078645 5.083976 -12.685539 0.82273 0.82503 0.80433
vt 0.446717 0.789985
vn -0.992554 0.087602 -0.084626
v -0.229776 4.718340 -11.291461 0.82273 0.82503 0.80433
vt 0.431436 0.785119
vn -0.992554 0.087602 -0.084626
v -0.180897 5.120262 -11.448690 0.82273 0.82503 0.80433
vt 0.432822 0.786655
vn -0.992554 0.087602 -0.084626
f 2074/2074/2074 2075/2075/2075 2076/2076/2076
v -0.270494 7.828741 -10.703657 0.26108 0.52005 0.63221
vt 0.326405 0.220860
vn 0.000000 0.674345 0.738417
v -0.316682 5.171735 -8.277198 0.26108 0.52005 0.63221
vt 0.316122 0.226205
vn 0.000000 0.674345 0.738417
v 0.316682 5.171735 -8.277198 0.26108 0.52005 0.63221
vt 0.315791 0.229304
vn 0.000000 0.674345 0.738417
f 2077/2077/2077 2078/2078/2078 2079/2079/2079
v 0.316682 5.171735 -8.277198 0.26108 0.52005 0.63221
vt 0.315791 0.229304
vn 0.000000 0.674345 0.738417
v 0.270494 7.828741 -10.703657 0.26108 0.52005 0.63221
vt 0.326124 0.223541
vn 0.000000 0.674345 0.738417
v -0.270494 7.828741 -10.703657 0.26108 0.52005 0.63221
vt 0.326405 0.220860
vn 0.000000 0.674345 0.738417
f 2080/2080/2080 2081/2081/2081 2082/2082/2082
v 0.270494 7.828741 -10.703657 0.26108 0.52005 0.63221
vt 0.326124 0.223541
vn 0.999544 -0.008964 -0.028842
v 0.316682 5.171735 -8.277198 0.26108 0.52005 0.63221
vt 0.315791 0.229304
vn 0.999544 -0.008964 -0.028842
v 0.235611 5.131251 -11.074144 0.26108 0.52005 0.63221
vt 0.330497 0.229912
vn 0.999544 -0.008964 -0.028842
f 2083/2083/2083 2084/2084/2084 2085/2085/2085
v 0.235611 5.131251 -11.074144 0.26108 0.52005 0.63221
vt 0.330497 0.229912
vn 0.999156 -0.007371 -0.040409
v 0.201247 7.788257 -12.408471 0.26108 0.52005 0.63221
vt 0.335237 0.223857
vn 0.999156 -0.007371 -0.040409
v 0.270494 7.828741 -10.703657 0.26108 0.52005 0.63221
vt 0.326124 0.223541
vn 0.999156 -0.007371 -0.040409
f 2086/2086/2086 2087/2087/2087 2088/2088/2088
v -0.270494 7.828741 -10.703657 0.26108 0.52005 0.63221
vt 0.326405 0.220860
vn -0.999544 -0.008964 -0.028842
v -0.235611 5.131251 -11.074144 0.26108 0.52005 0.63221
vt 0.330737 0.227606
vn -0.999544 -0.008964 -0.028842
v -0.316682 5.171735 -8.277198 0.26108 0.52005 0.63221
vt 0.316122 0.226205
vn -0.999544 -0.008964 -0.028842
f 2089/2089/2089 2090/2090/2090 2091/2091/2091
v -0.235611 5.131251 -11.074144 0.26108 0.52005 0.63221
vt 0.330737 0.227606
vn -0.999156 -0.007371 -0.040409
v -0.270494 7.828741 -10.703657 0.26108 0.52005 0.63221
vt 0.326405 0.220860
vn -0.999156 -0.007371 -0.040409
v -0.201247 7.788257 -12.408471 0.26108 0.52005 0.63221
vt 0.335443 0.221862
vn -0.999156 -0.007371 -0.040409
f 2092/2092/2092 2093/2093/2093 2094/2094/2094
v 0.154513 7.777268 -12.636767 0.26108 0.52005 0.63221
vt 0.336481 0.223727
vn 0.976880 -0.085720 -0.195849
v 0.201247 7.788257 -12.408471 0.26108 0.52005 0.63221
vt 0.335237 0.223857
vn 0.976880 -0.085720 -0.195849
v 0.235611 5.131251 -11.074144 0.26108 0.52005 0.63221
vt 0.330497 0.229912
vn 0.976880 -0.085720 -0.195849
f 2095/2095/2095 2096/2096/2096 2097/2097/2097
v 0.235611 5.131251 -11.074144 0.26108 0.52005 0.63221
vt 0.330497 0.229912
vn 0.988278 -0.054032 -0.142784
v 0.180897 5.120262 -11.448690 0.26108 0.52005 0.63221
vt 0.332493 0.229792
vn 0.988278 -0.054032 -0.142784
v 0.154513 7.777268 -12.636767 0.26108 0.52005 0.63221
vt 0.336481 0.223727
vn 0.988278 -0.054032 -0.142784
f 2098/2098/2098 2099/2099/2099 2100/2100/2100
v -0.067175 7.740982 -13.390659 0.26108 0.52005 0.63221
vt 0.340622 0.222964
vn 0.000000 -0.256503 -0.966543
v 0.078645 5.083976 -12.685539 0.26108 0.52005 0.63221
vt 0.339044 0.229779
vn 0.000000 -0.256503 -0.966543
v -0.078645 5.083976 -12.685539 0.26108 0.52005 0.63221
vt 0.339123 0.229009
vn 0.000000 -0.256503 -0.966543
f 2101/2101/2101 2102/2102/2102 2103/2103/2103
v 0.078645 5.083976 -12.685539 0.26108 0.52005 0.63221
vt 0.339044 0.229779
vn 0.000000 -0.256503 -0.966543
v -0.067175 7.740982 -13.390659 0.26108 0.52005 0.63221
vt 0.340622 0.222964
vn 0.000000 -0.256503 -0.966543
v 0.067175 7.740982 -13.390659 0.26108 0.52005 0.63221
vt 0.340554 0.223630
vn 0.000000 -0.256503 -0.966543
f 2104/2104/2104 2105/2105/2105 2106/2106/2106
v -0.180897 5.120262 -11.448690 0.82273 0.82503 0.80433
vt 0.432822 0.786655
vn -0.996491 -0.017425 -0.081870
v -0.067175 7.740982 -13.390659 0.82273 0.82503 0.80433
vt 0.453322 0.796233
vn -0.996491 -0.017425 -0.081870
v -0.078645 5.083976 -12.685539 0.82273 0.82503 0.80433
vt 0.446717 0.789985
vn -0.996491 -0.017425 -0.081870
f 2107/2107/2107 2108/2108/2108 2109/2109/2109
v -0.067175 7.740982 -13.390659 0.82273 0.82503 0.80433
vt 0.453322 0.796233
vn -0.992755 -0.040693 -0.113052
v -0.180897 5.120262 -11.448690 0.82273 0.82503 0.80433
vt 0.432822 0.786655
vn -0.992755 -0.040693 -0.113052
v -0.154513 7.777268 -12.636767 0.82273 0.82503 0.80433
vt 0.444622 0.793864
vn -0.992755 -0.040693 -0.113052
f 2110/2110/2110 2111/2111/2111 2112/2112/2112
v -0.196894 9.218088 -11.866790 0.26108 0.52005 0.63221
vt 0.331309 0.218215
vn 0.000000 0.641923 0.766769
v -0.270494 7.828741 -10.703657 0.26108 0.52005 0.63221
vt 0.326405 0.220860
vn 0.000000 0.641923 0.766769
v 0.270494 7.828741 -10.703657 0.26108 0.52005 0.63221
vt 0.326124 0.223541
vn 0.000000 0.641923 0.766769
f 2113/2113/2113 2114/2114/2114 2115/2115/2115
v 0.270494 7.828741 -10.703657 0.26108 0.52005 0.63221
vt 0.326124 0.223541
vn 0.000000 0.641923 0.766769
v 0.196894 9.218088 -11.866790 0.26108 0.52005 0.63221
vt 0.331104 0.220180
vn 0.000000 0.641923 0.766769
v -0.196894 9.218088 -11.866790 0.26108 0.52005 0.63221
vt 0.331309 0.218215
vn 0.000000 0.641923 0.766769
f 2116/2116/2116 2117/2117/2117 2118/2118/2118
v 0.196894 9.218088 -11.866790 0.26108 0.52005 0.63221
vt 0.331104 0.220180
vn 0.998986 0.018581 -0.041018
v 0.270494 7.828741 -10.703657 0.26108 0.52005 0.63221
vt 0.326124 0.223541
vn 0.998986 0.018581 -0.041018
v 0.201247 7.788257 -12.408471 0.26108 0.52005 0.63221
vt 0.335237 0.223857
vn 0.998986 0.018581 -0.041018
f 2119/2119/2119 2120/2120/2120 2121/2121/2121
v 0.201247 7.788257 -12.408471 0.26108 0.52005 0.63221
vt 0.335237 0.223857
vn 0.998908 0.019179 -0.042597
v 0.146489 9.177604 -13.067030 0.26108 0.52005 0.63221
vt 0.337579 0.220426
vn 0.998908 0.019179 -0.042597
v 0.196894 9.218088 -11.866790 0.26108 0.52005 0.63221
vt 0.331104 0.220180
vn 0.998908 0.019179 -0.042597
f 2122/2122/2122 2123/2123/2123 2124/2124/2124
v -0.196894 9.218088 -11.866790 0.26108 0.52005 0.63221
vt 0.331309 0.218215
vn -0.998986 0.018581 -0.041018
v -0.201247 7.788257 -12.408471 0.26108 0.52005 0.63221
vt 0.335443 0.221862
vn -0.998986 0.018581 -0.041018
v -0.270494 7.828741 -10.703657 0.26108 0.52005 0.63221
vt 0.326405 0.220860
vn -0.998986 0.018581 -0.041018
f 2125/2125/2125 2126/2126/2126 2127/2127/2127
v -0.201247 7.788257 -12.408471 0.26108 0.52005 0.63221
vt 0.335443 0.221862
vn -0.998908 0.019179 -0.042597
v -0.196894 9.218088 -11.866790 0.26108 0.52005 0.63221
vt 0.331309 0.218215
vn -0.998908 0.019179 -0.042597
v -0.146489 9.177604 -13.067030 0.26108 0.52005 0.63221
vt 0.337729 0.218964
vn -0.998908 0.019179 -0.042597
f 2128/2128/2128 2129/2129/2129 2130/2130/2130
v 0.112471 9.166616 -13.227757 0.26108 0.52005 0.63221
vt 0.338464 0.220336
vn 0.977490 -0.057671 -0.202945
v 0.146489 9.177604 -13.067030 0.26108 0.52005 0.63221
vt 0.337579 0.220426
vn 0.977490 -0.057671 -0.202945
v 0.201247 7.788257 -12.408471 0.26108 0.52005 0.63221
vt 0.335237 0.223857
vn 0.977490 -0.057671 -0.202945
f 2131/2131/2131 2132/2132/2132 2133/2133/2133
v 0.201247 7.788257 -12.408471 0.26108 0.52005 0.63221
vt 0.335237 0.223857
vn 0.978740 -0.054493 -0.197733
v 0.154513 7.777268 -12.636767 0.26108 0.52005 0.63221
vt 0.336481 0.223727
vn 0.978740 -0.054493 -0.197733
v 0.112471 9.166616 -13.227757 0.26108 0.52005 0.63221
vt 0.338464 0.220336
vn 0.978740 -0.054493 -0.197733
f 2134/2134/2134 2135/2135/2135 2136/2136/2136
v -0.048897 9.130329 -13.758521 0.26108 0.52005 0.63221
vt 0.341413 0.219796
vn 0.000000 -0.255953 -0.966689
v 0.067175 7.740982 -13.390659 0.26108 0.52005 0.63221
vt 0.340554 0.223630
vn 0.000000 -0.255953 -0.966689
v -0.067175 7.740982 -13.390659 0.26108 0.52005 0.63221
vt 0.340622 0.222964
vn 0.000000 -0.255953 -0.966689
f 2137/2137/2137 2138/2138/2138 2139/2139/2139
v 0.067175 7.740982 -13.390659 0.26108 0.52005 0.63221
vt 0.340554 0.223630
vn 0.000000 -0.255953 -0.966689
v -0.048897 9.130329 -13.758521 0.26108 0.52005 0.63221
vt 0.341413 0.219796
vn 0.000000 -0.255953 -0.966689
v 0.048897 9.130329 -13.758521 0.26108 0.52005 0.63221
vt 0.341363 0.220284
vn 0.000000 -0.255953 -0.966689
f 2140/2140/2140 2141/2141/2141 2142/2142/2142
v -0.154513 7.777268 -12.636767 0.82273 0.82503 0.80433
vt 0.444622 0.793864
vn -0.993304 -0.017182 -0.114247
v -0.048897 9.130329 -13.758521 0.82273 0.82503 0.80433
vt 0.456911 0.799810
vn -0.993304 -0.017182 -0.114247
v -0.067175 7.740982 -13.390659 0.82273 0.82503 0.80433
vt 0.453322 0.796233
vn -0.993304 -0.017182 -0.114247
f 2143/2143/2143 2144/2144/2144 2145/2145/2145
v -0.048897 9.130329 -13.758521 0.82273 0.82503 0.80433
vt 0.456911 0.799810
vn -0.992865 -0.019962 -0.117559
v -0.154513 7.777268 -12.636767 0.82273 0.82503 0.80433
vt 0.444622 0.793864
vn -0.992865 -0.019962 -0.117559
v -0.112471 9.166616 -13.227757 0.82273 0.82503 0.80433
vt 0.450682 0.798109
vn -0.992865 -0.019962 -0.117559
f 2146/2146/2146 2147/2147/2147 2148/2148/2148
v 0.112093 9.518895 -12.500647 0.26108 0.52005 0.63221
vt 0.334273 0.219229
vn 0.000000 0.903430 0.428737
v -0.196894 9.218088 -11.866790 0.26108 0.52005 0.63221
vt 0.331309 0.218215
vn 0.000000 0.903430 0.428737
v 0.196894 9.218088 -11.866790 0.26108 0.52005 0.63221
vt 0.331104 0.220180
vn 0.000000 0.903430 0.428737
f 2149/2149/2149 2150/2150/2150 2151/2151/2151
v -0.196894 9.218088 -11.866790 0.26108 0.52005 0.63221
vt 0.331309 0.218215
vn 0.000000 0.903430 0.428737
v 0.112093 9.518895 -12.500647 0.26108 0.52005 0.63221
vt 0.334273 0.219229
vn 0.000000 0.903430 0.428737
v -0.112093 9.518895 -12.500647 0.26108 0.52005 0.63221
vt 0.334389 0.218108
vn 0.000000 0.903430 0.428737
f 2152/2152/2152 2153/2153/2153 2154/2154/2154
v 0.112093 9.518895 -12.500647 0.26108 0.52005 0.63221
vt 0.334273 0.219229
vn 0.982983 0.177511 -0.047268
v 0.196894 9.218088 -11.866790 0.26108 0.52005 0.63221
vt 0.331104 0.220180
vn 0.982983 0.177511 -0.047268
v 0.146489 9.177604 -13.067030 0.26108 0.52005 0.63221
vt 0.337579 0.220426
vn 0.982983 0.177511 -0.047268
f 2155/2155/2155 2156/2156/2156 2157/2157/2157
v 0.146489 9.177604 -13.067030 0.26108 0.52005 0.63221
vt 0.337579 0.220426
vn 0.988017 0.151180 -0.031096
v 0.083397 9.536875 -13.324979 0.26108 0.52005 0.63221
vt 0.338684 0.219315
vn 0.988017 0.151180 -0.031096
v 0.112093 9.518895 -12.500647 0.26108 0.52005 0.63221
vt 0.334273 0.219229
vn 0.988017 0.151180 -0.031096
f 2158/2158/2158 2159/2159/2159 2160/2160/2160
v -0.112093 9.518895 -12.500647 0.26108 0.52005 0.63221
vt 0.334389 0.218108
vn -0.982983 0.177511 -0.047268
v -0.146489 9.177604 -13.067030 0.26108 0.52005 0.63221
vt 0.337729 0.218964
vn -0.982983 0.177511 -0.047268
v -0.196894 9.218088 -11.866790 0.26108 0.52005 0.63221
vt 0.331309 0.218215
vn -0.982983 0.177511 -0.047268
f 2161/2161/2161 2162/2162/2162 2163/2163/2163
v -0.146489 9.177604 -13.067030 0.26108 0.52005 0.63221
vt 0.337729 0.218964
vn -0.988017 0.151180 -0.031096
v -0.112093 9.518895 -12.500647 0.26108 0.52005 0.63221
vt 0.334389 0.218108
vn -0.988017 0.151180 -0.031096
v -0.083397 9.536875 -13.324979 0.26108 0.52005 0.63221
vt 0.338770 0.218481
vn -0.988017 0.151180 -0.031096
f 2164/2164/2164 2165/2165/2165 2166/2166/2166
v 0.064030 9.533730 -13.435762 0.26108 0.52005 0.63221
vt 0.339290 0.219263
vn 0.983678 0.048293 -0.173336
v 0.083397 9.536875 -13.324979 0.26108 0.52005 0.63221
vt 0.338684 0.219315
vn 0.983678 0.048293 -0.173336
v 0.146489 9.177604 -13.067030 0.26108 0.52005 0.63221
vt 0.337579 0.220426
vn 0.983678 0.048293 -0.173336
f 2167/2167/2167 2168/2168/2168 2169/2169/2169
v 0.146489 9.177604 -13.067030 0.26108 0.52005 0.63221
vt 0.337579 0.220426
vn 0.978107 0.011327 -0.207792
v 0.112471 9.166616 -13.227757 0.26108 0.52005 0.63221
vt 0.338464 0.220336
vn 0.978107 0.011327 -0.207792
v 0.064030 9.533730 -13.435762 0.26108 0.52005 0.63221
vt 0.339290 0.219263
vn 0.978107 0.011327 -0.207792
f 2170/2170/2170 2171/2171/2171 2172/2172/2172
v -0.027837 9.523344 -13.801595 0.26108 0.52005 0.63221
vt 0.341304 0.218950
vn 0.000000 -0.108948 -0.994047
v 0.048897 9.130329 -13.758521 0.26108 0.52005 0.63221
vt 0.341363 0.220284
vn 0.000000 -0.108948 -0.994047
v -0.048897 9.130329 -13.758521 0.26108 0.52005 0.63221
vt 0.341413 0.219796
vn 0.000000 -0.108948 -0.994047
f 2173/2173/2173 2174/2174/2174 2175/2175/2175
v 0.048897 9.130329 -13.758521 0.26108 0.52005 0.63221
vt 0.341363 0.220284
vn 0.000000 -0.108948 -0.994047
v -0.027837 9.523344 -13.801595 0.26108 0.52005 0.63221
vt 0.341304 0.218950
vn 0.000000 -0.108948 -0.994047
v 0.027837 9.523344 -13.801595 0.26108 0.52005 0.63221
vt 0.341275 0.219229
vn 0.000000 -0.108948 -0.994047
f 2176/2176/2176 2177/2177/2177 2178/2178/2178
v -0.112471 9.166616 -13.227757 0.82273 0.82503 0.80433
vt 0.450682 0.798109
vn -0.991790 0.039826 -0.121518
v -0.027837 9.523344 -13.801595 0.82273 0.82503 0.80433
vt 0.457188 0.800927
vn -0.991790 0.039826 -0.121518
v -0.048897 9.130329 -13.758521 0.82273 0.82503 0.80433
vt 0.456911 0.799810
vn -0.991790 0.039826 -0.121518
f 2179/2179/2179 2180/2180/2180 2181/2181/2181
v -0.027837 9.523344 -13.801595 0.82273 0.82503 0.80433
vt 0.457188 0.800927
vn -0.992197 0.074111 -0.100265
v -0.112471 9.166616 -13.227757 0.82273 0.82503 0.80433
vt 0.450682 0.798109
vn -0.992197 0.074111 -0.100265
v -0.064030 9.533730 -13.435762 0.82273 0.82503 0.80433
vt 0.452868 0.799814
vn -0.992197 0.074111 -0.100265
f 2182/2182/2182 2183/2183/2183 2184/2184/2184
v 0.525355 3.109390 -12.630772 0.28524 0.28754 0.26684
vt 0.876052 0.240173
vn 0.421662 -0.875590 -0.235676
v 0.643817 2.805947 -11.291461 0.28524 0.28754 0.26684
vt 0.864029 0.241208
vn 0.421662 -0.875590 -0.235676
v 0.229776 2.606555 -11.291461 0.28524 0.28754 0.26684
vt 0.863544 0.238636
vn 0.421662 -0.875590 -0.235676
f 2185/2185/2185 2186/2186/2186 2187/2187/2187
v 0.229776 2.606555 -11.291461 0.28524 0.28754 0.26684
vt 0.863544 0.238636
vn 0.421662 -0.875590 -0.235676
v 0.187497 2.946686 -12.630772 0.28524 0.28754 0.26684
vt 0.875634 0.238070
vn 0.421662 -0.875590 -0.235676
v 0.525355 3.109390 -12.630772 0.28524 0.28754 0.26684
vt 0.876052 0.240173
vn 0.421662 -0.875590 -0.235676
f 2188/2188/2188 2189/2189/2189 2190/2190/2190
v 0.759160 3.402572 -12.630772 0.28524 0.28754 0.26684
vt 0.876903 0.241033
vn 0.765078 -0.610130 -0.205906
v 0.930343 3.165239 -11.291461 0.28524 0.28754 0.26684
vt 0.865031 0.242263
vn 0.765078 -0.610130 -0.205906
v 0.643817 2.805947 -11.291461 0.28524 0.28754 0.26684
vt 0.864029 0.241208
vn 0.765078 -0.610130 -0.205906
f 2191/2191/2191 2192/2192/2192 2193/2193/2193
v 0.643817 2.805947 -11.291461 0.28524 0.28754 0.26684
vt 0.864029 0.241208
vn 0.765078 -0.610130 -0.205907
v 0.525355 3.109390 -12.630772 0.28524 0.28754 0.26684
vt 0.876052 0.240173
vn 0.765078 -0.610130 -0.205907
v 0.759160 3.402572 -12.630772 0.28524 0.28754 0.26684
vt 0.876903 0.241033
vn 0.765078 -0.610130 -0.205907
f 2194/2194/2194 2195/2195/2195 2196/2196/2196
v 0.187497 2.946686 -12.630772 0.28524 0.28754 0.26684
vt 0.875634 0.238070
vn 0.000000 -0.969233 -0.246146
v 0.229776 2.606555 -11.291461 0.28524 0.28754 0.26684
vt 0.863544 0.238636
vn 0.000000 -0.969233 -0.246146
v -0.229776 2.606555 -11.291461 0.28524 0.28754 0.26684
vt 0.863666 0.235054
vn 0.000000 -0.969233 -0.246146
f 2197/2197/2197 2198/2198/2198 2199/2199/2199
v -0.229776 2.606555 -11.291461 0.28524 0.28754 0.26684
vt 0.863666 0.235054
vn 0.000000 -0.969233 -0.246146
v -0.187497 2.946686 -12.630772 0.28524 0.28754 0.26684
vt 0.875728 0.235139
vn 0.000000 -0.969233 -0.246146
v 0.187497 2.946686 -12.630772 0.28524 0.28754 0.26684
vt 0.875634 0.238070
vn 0.000000 -0.969233 -0.246146
f 2200/2200/2200 2201/2201/2201 2202/2202/2202
v 0.842604 3.768164 -12.630772 0.26108 0.52005 0.63221
vt 0.339463 0.236547
vn 0.962069 -0.219586 -0.161878
v 1.032603 3.613268 -11.291461 0.26108 0.52005 0.63221
vt 0.332539 0.237395
vn 0.962069 -0.219586 -0.161878
v 0.930343 3.165239 -11.291461 0.26108 0.52005 0.63221
vt 0.332974 0.237923
vn 0.962069 -0.219586 -0.161878
f 2203/2203/2203 2204/2204/2204 2205/2205/2205
v 0.930343 3.165239 -11.291461 0.26108 0.52005 0.63221
vt 0.332974 0.237923
vn 0.962069 -0.219586 -0.161878
v 0.759160 3.402572 -12.630772 0.26108 0.52005 0.63221
vt 0.339804 0.236980
vn 0.962069 -0.219586 -0.161878
v 0.842604 3.768164 -12.630772 0.26108 0.52005 0.63221
vt 0.339463 0.236547
vn 0.962069 -0.219586 -0.161878
f 2206/2206/2206 2207/2207/2207 2208/2208/2208
v -0.187497 2.946686 -12.630772 0.28524 0.28754 0.26684
vt 0.875728 0.235139
vn -0.421662 -0.875590 -0.235676
v -0.229776 2.606555 -11.291461 0.28524 0.28754 0.26684
vt 0.863666 0.235054
vn -0.421662 -0.875590 -0.235676
v -0.643817 2.805947 -11.291461 0.28524 0.28754 0.26684
vt 0.864370 0.231156
vn -0.421662 -0.875590 -0.235676
f 2209/2209/2209 2210/2210/2210 2211/2211/2211
v -0.643817 2.805947 -11.291461 0.28524 0.28754 0.26684
vt 0.864370 0.231156
vn -0.421662 -0.875590 -0.235676
v -0.525355 3.109390 -12.630772 0.28524 0.28754 0.26684
vt 0.876315 0.231950
vn -0.421662 -0.875590 -0.235676
v -0.187497 2.946686 -12.630772 0.28524 0.28754 0.26684
vt 0.875728 0.235139
vn -0.421662 -0.875590 -0.235676
f 2212/2212/2212 2213/2213/2213 2214/2214/2214
v 0.759160 4.133756 -12.630772 0.26108 0.52005 0.63221
vt 0.339203 0.235298
vn 0.968809 0.221124 -0.111865
v 0.930343 4.061298 -11.291461 0.26108 0.52005 0.63221
vt 0.332206 0.235867
vn 0.968809 0.221124 -0.111865
v 1.032603 3.613268 -11.291461 0.26108 0.52005 0.63221
vt 0.332539 0.237395
vn 0.968809 0.221124 -0.111865
f 2215/2215/2215 2216/2216/2216 2217/2217/2217
v 1.032603 3.613268 -11.291461 0.26108 0.52005 0.63221
vt 0.332539 0.237395
vn 0.968809 0.221124 -0.111865
v 0.842604 3.768164 -12.630772 0.26108 0.52005 0.63221
vt 0.339463 0.236547
vn 0.968809 0.221124 -0.111865
v 0.759160 4.133756 -12.630772 0.26108 0.52005 0.63221
vt 0.339203 0.235298
vn 0.968809 0.221124 -0.111865
f 2218/2218/2218 2219/2219/2219 2220/2220/2220
v -0.759160 3.402572 -12.630772 0.28524 0.28754 0.26684
vt 0.877283 0.229123
vn -0.765078 -0.610130 -0.205906
v -0.643817 2.805947 -11.291461 0.28524 0.28754 0.26684
vt 0.864370 0.231156
vn -0.765078 -0.610130 -0.205906
v -0.930343 3.165239 -11.291461 0.28524 0.28754 0.26684
vt 0.865521 0.227698
vn -0.765078 -0.610130 -0.205906
f 2221/2221/2221 2222/2222/2222 2223/2223/2223
v -0.643817 2.805947 -11.291461 0.28524 0.28754 0.26684
vt 0.864370 0.231156
vn -0.765078 -0.610130 -0.205907
v -0.759160 3.402572 -12.630772 0.28524 0.28754 0.26684
vt 0.877283 0.229123
vn -0.765078 -0.610130 -0.205907
v -0.525355 3.109390 -12.630772 0.28524 0.28754 0.26684
vt 0.876315 0.231950
vn -0.765078 -0.610130 -0.205907
f 2224/2224/2224 2225/2225/2225 2226/2226/2226
v 0.525355 4.426938 -12.630772 0.26108 0.52005 0.63221
vt 0.339078 0.233478
vn 0.780124 0.622128 -0.066054
v 0.643817 4.420590 -11.291461 0.26108 0.52005 0.63221
vt 0.332042 0.233637
vn 0.780124 0.622128 -0.066054
v 0.930343 4.061298 -11.291461 0.26108 0.52005 0.63221
vt 0.332206 0.235867
vn 0.780124 0.622128 -0.066054
f 2227/2227/2227 2228/2228/2228 2229/2229/2229
v 0.930343 4.061298 -11.291461 0.26108 0.52005 0.63221
vt 0.332206 0.235867
vn 0.780124 0.622129 -0.066054
v 0.759160 4.133756 -12.630772 0.26108 0.52005 0.63221
vt 0.339203 0.235298
vn 0.780124 0.622129 -0.066054
v 0.525355 4.426938 -12.630772 0.26108 0.52005 0.63221
vt 0.339078 0.233478
vn 0.780124 0.622129 -0.066054
f 2230/2230/2230 2231/2231/2231 2232/2232/2232
v -0.842604 3.768164 -12.630772 0.26108 0.52005 0.63221
vt 0.340301 0.228352
vn -0.962069 -0.219586 -0.161878
v -0.930343 3.165239 -11.291461 0.26108 0.52005 0.63221
vt 0.333907 0.228901
vn -0.962069 -0.219586 -0.161878
v -1.032603 3.613268 -11.291461 0.26108 0.52005 0.63221
vt 0.333579 0.227360
vn -0.962069 -0.219586 -0.161878
f 2233/2233/2233 2234/2234/2234 2235/2235/2235
v -0.930343 3.165239 -11.291461 0.26108 0.52005 0.63221
vt 0.333907 0.228901
vn -0.962069 -0.219586 -0.161878
v -0.842604 3.768164 -12.630772 0.26108 0.52005 0.63221
vt 0.340301 0.228352
vn -0.962069 -0.219586 -0.161878
v -0.759160 3.402572 -12.630772 0.26108 0.52005 0.63221
vt 0.340557 0.229609
vn -0.962069 -0.219586 -0.161878
f 2236/2236/2236 2237/2237/2237 2238/2238/2238
v 0.525355 4.426938 -12.630772 0.26108 0.52005 0.63221
vt 0.339078 0.233478
vn 0.433631 0.900445 -0.034087
v 0.229776 4.619981 -11.291461 0.26108 0.52005 0.63221
vt 0.332079 0.231151
vn 0.433631 0.900445 -0.034087
v 0.643817 4.420590 -11.291461 0.26108 0.52005 0.63221
vt 0.332042 0.233637
vn 0.433631 0.900445 -0.034087
f 2239/2239/2239 2240/2240/2240 2241/2241/2241
v 0.229776 4.619981 -11.291461 0.26108 0.52005 0.63221
vt 0.332079 0.231151
vn 0.433632 0.900445 -0.034087
v 0.525355 4.426938 -12.630772 0.26108 0.52005 0.63221
vt 0.339078 0.233478
vn 0.433632 0.900445 -0.034087
v 0.187497 4.589641 -12.630772 0.26108 0.52005 0.63221
vt 0.339112 0.231450
vn 0.433632 0.900445 -0.034087
f 2242/2242/2242 2243/2243/2243 2244/2244/2244
v -0.759160 4.133756 -12.630772 0.26108 0.52005 0.63221
vt 0.339960 0.227902
vn -0.968809 0.221124 -0.111865
v -1.032603 3.613268 -11.291461 0.26108 0.52005 0.63221
vt 0.333579 0.227360
vn -0.968809 0.221124 -0.111865
v -0.930343 4.061298 -11.291461 0.26108 0.52005 0.63221
vt 0.333145 0.226807
vn -0.968809 0.221124 -0.111865
f 2245/2245/2245 2246/2246/2246 2247/2247/2247
v -1.032603 3.613268 -11.291461 0.26108 0.52005 0.63221
vt 0.333579 0.227360
vn -0.968809 0.221124 -0.111865
v -0.759160 4.133756 -12.630772 0.26108 0.52005 0.63221
vt 0.339960 0.227902
vn -0.968809 0.221124 -0.111865
v -0.842604 3.768164 -12.630772 0.26108 0.52005 0.63221
vt 0.340301 0.228352
vn -0.968809 0.221124 -0.111865
f 2248/2248/2248 2249/2249/2249 2250/2250/2250
v 0.027837 9.523344 -13.801595 0.26108 0.52005 0.63221
vt 0.341275 0.219229
vn 0.000000 0.999597 -0.028380
v -0.064030 9.533730 -13.435762 0.26108 0.52005 0.63221
vt 0.339355 0.218622
vn 0.000000 0.999597 -0.028380
v 0.064030 9.533730 -13.435762 0.26108 0.52005 0.63221
vt 0.339290 0.219263
vn 0.000000 0.999597 -0.028380
f 2251/2251/2251 2252/2252/2252 2253/2253/2253
v -0.064030 9.533730 -13.435762 0.26108 0.52005 0.63221
vt 0.339355 0.218622
vn 0.000000 0.999597 -0.028380
v 0.027837 9.523344 -13.801595 0.26108 0.52005 0.63221
vt 0.341275 0.219229
vn 0.000000 0.999597 -0.028380
v -0.027837 9.523344 -13.801595 0.26108 0.52005 0.63221
vt 0.341304 0.218950
vn 0.000000 0.999597 -0.028380
f 2254/2254/2254 2255/2255/2255 2256/2256/2256
v -0.525355 4.426938 -12.630772 0.26108 0.52005 0.63221
vt 0.339603 0.228353
vn -0.780124 0.622128 -0.066054
v -0.930343 4.061298 -11.291461 0.26108 0.52005 0.63221
vt 0.333145 0.226807
vn -0.780124 0.622128 -0.066054
v -0.643817 4.420590 -11.291461 0.26108 0.52005 0.63221
vt 0.332693 0.227357
vn -0.780124 0.622128 -0.066054
f 2257/2257/2257 2258/2258/2258 2259/2259/2259
v -0.930343 4.061298 -11.291461 0.26108 0.52005 0.63221
vt 0.333145 0.226807
vn -0.780124 0.622129 -0.066054
v -0.525355 4.426938 -12.630772 0.26108 0.52005 0.63221
vt 0.339603 0.228353
vn -0.780124 0.622129 -0.066054
v -0.759160 4.133756 -12.630772 0.26108 0.52005 0.63221
vt 0.339960 0.227902
vn -0.780124 0.622129 -0.066054
f 2260/2260/2260 2261/2261/2261 2262/2262/2262
v -0.187497 4.589641 -12.630772 0.26108 0.52005 0.63221
vt 0.339300 0.229619
vn -0.433631 0.900445 -0.034087
v -0.643817 4.420590 -11.291461 0.26108 0.52005 0.63221
vt 0.332693 0.227357
vn -0.433631 0.900445 -0.034087
v -0.229776 4.619981 -11.291461 0.26108 0.52005 0.63221
vt 0.332312 0.228907
vn -0.433631 0.900445 -0.034087
f 2263/2263/2263 2264/2264/2264 2265/2265/2265
v -0.643817 4.420590 -11.291461 0.26108 0.52005 0.63221
vt 0.332693 0.227357
vn -0.433632 0.900445 -0.034087
v -0.187497 4.589641 -12.630772 0.26108 0.52005 0.63221
vt 0.339300 0.229619
vn -0.433632 0.900445 -0.034087
v -0.525355 4.426938 -12.630772 0.26108 0.52005 0.63221
vt 0.339603 0.228353
vn -0.433632 0.900445 -0.034087
f 2266/2266/2266 2267/2267/2267 2268/2268/2268
v 0.140188 4.687999 -12.630772 0.82273 0.82503 0.80433
vt 0.445940 0.791750
vn 0.997770 0.000000 -0.066742
v 0.229776 4.718340 -11.291461 0.82273 0.82503 0.80433
vt 0.430600 0.790484
vn 0.997770 0.000000 -0.066742
v 0.229776 4.619981 -11.291461 0.82273 0.82503 0.80433
vt 0.430676 0.790311
vn 0.997770 0.000000 -0.066742
f 2269/2269/2269 2270/2270/2270 2271/2271/2271
v 0.229776 4.619981 -11.291461 0.82273 0.82503 0.80433
vt 0.430676 0.790311
vn 0.900517 0.433136 -0.038239
v 0.187497 4.589641 -12.630772 0.82273 0.82503 0.80433
vt 0.445915 0.792128
vn 0.900517 0.433136 -0.038239
v 0.140188 4.687999 -12.630772 0.82273 0.82503 0.80433
vt 0.445940 0.791750
vn 0.900517 0.433136 -0.038239
f 2272/2272/2272 2273/2273/2273 2274/2274/2274
v -0.253374 4.636916 -10.543910 0.26108 0.52005 0.63221
vt 0.328412 0.228510
vn -0.999502 0.000000 -0.031552
v -0.229776 4.718340 -11.291461 0.26108 0.52005 0.63221
vt 0.332227 0.228677
vn -0.999502 0.000000 -0.031552
v -0.229776 4.619981 -11.291461 0.26108 0.52005 0.63221
vt 0.332312 0.228907
vn -0.999502 0.000000 -0.031552
f 2275/2275/2275 2276/2276/2276 2277/2277/2277
v -0.229776 4.718340 -11.291461 0.26108 0.52005 0.63221
vt 0.332227 0.228677
vn -0.999502 0.000000 -0.031552
v -0.253374 4.636916 -10.543910 0.26108 0.52005 0.63221
vt 0.328412 0.228510
vn -0.999502 0.000000 -0.031552
v -0.253374 4.735274 -10.543910 0.26108 0.52005 0.63221
vt 0.328325 0.228279
vn -0.999502 0.000000 -0.031552
f 2278/2278/2278 2279/2279/2279 2280/2280/2280
v 0.078645 5.083976 -12.685539 0.82273 0.82503 0.80433
vt 0.446433 0.791830
vn 0.992554 0.087602 -0.084626
v 0.180897 5.120262 -11.448690 0.82273 0.82503 0.80433
vt 0.432162 0.790899
vn 0.992554 0.087602 -0.084626
v 0.229776 4.718340 -11.291461 0.82273 0.82503 0.80433
vt 0.430600 0.790484
vn 0.992554 0.087602 -0.084626
f 2281/2281/2281 2282/2282/2282 2283/2283/2283
v 0.229776 4.718340 -11.291461 0.82273 0.82503 0.80433
vt 0.430600 0.790484
vn 0.987172 0.143844 -0.069291
v 0.140188 4.687999 -12.630772 0.82273 0.82503 0.80433
vt 0.445940 0.791750
vn 0.987172 0.143844 -0.069291
v 0.078645 5.083976 -12.685539 0.82273 0.82503 0.80433
vt 0.446433 0.791830
vn 0.987172 0.143844 -0.069291
f 2284/2284/2284 2285/2285/2285 2286/2286/2286
v -0.253374 4.735274 -10.543910 0.26108 0.52005 0.63221
vt 0.328325 0.228279
vn -0.993618 0.107612 -0.033804
v -0.180897 5.120262 -11.448690 0.26108 0.52005 0.63221
vt 0.332677 0.228021
vn -0.993618 0.107612 -0.033804
v -0.229776 4.718340 -11.291461 0.26108 0.52005 0.63221
vt 0.332227 0.228677
vn -0.993618 0.107612 -0.033804
f 2287/2287/2287 2288/2288/2288 2289/2289/2289
v -0.180897 5.120262 -11.448690 0.26108 0.52005 0.63221
vt 0.332677 0.228021
vn -0.980036 -0.142159 -0.138995
v -0.253374 4.735274 -10.543910 0.26108 0.52005 0.63221
vt 0.328325 0.228279
vn -0.980036 -0.142159 -0.138995
v -0.235611 5.131251 -11.074144 0.26108 0.52005 0.63221
vt 0.330737 0.227606
vn -0.980036 -0.142159 -0.138995
f 2290/2290/2290 2291/2291/2291 2292/2292/2292
v 0.067175 7.740982 -13.390659 0.82273 0.82503 0.80433
vt 0.453073 0.797861
vn 0.992755 -0.040693 -0.113052
v 0.154513 7.777268 -12.636767 0.82273 0.82503 0.80433
vt 0.444046 0.797606
vn 0.992755 -0.040693 -0.113052
v 0.180897 5.120262 -11.448690 0.82273 0.82503 0.80433
vt 0.432162 0.790899
vn 0.992755 -0.040693 -0.113052
f 2293/2293/2293 2294/2294/2294 2295/2295/2295
v 0.180897 5.120262 -11.448690 0.82273 0.82503 0.80433
vt 0.432162 0.790899
vn 0.996491 -0.017425 -0.081870
v 0.078645 5.083976 -12.685539 0.82273 0.82503 0.80433
vt 0.446433 0.791830
vn 0.996491 -0.017425 -0.081870
v 0.067175 7.740982 -13.390659 0.82273 0.82503 0.80433
vt 0.453073 0.797861
vn 0.996491 -0.017425 -0.081870
f 2296/2296/2296 2297/2297/2297 2298/2298/2298
v -0.235611 5.131251 -11.074144 0.26108 0.52005 0.63221
vt 0.330737 0.227606
vn -0.988278 -0.054032 -0.142784
v -0.154513 7.777268 -12.636767 0.26108 0.52005 0.63221
vt 0.336639 0.222195
vn -0.988278 -0.054032 -0.142784
v -0.180897 5.120262 -11.448690 0.26108 0.52005 0.63221
vt 0.332677 0.228021
vn -0.988278 -0.054032 -0.142784
f 2299/2299/2299 2300/2300/2300 2301/2301/2301
v -0.154513 7.777268 -12.636767 0.26108 0.52005 0.63221
vt 0.336639 0.222195
vn -0.976880 -0.085720 -0.195849
v -0.235611 5.131251 -11.074144 0.26108 0.52005 0.63221
vt 0.330737 0.227606
vn -0.976880 -0.085720 -0.195849
v -0.201247 7.788257 -12.408471 0.26108 0.52005 0.63221
vt 0.335443 0.221862
vn -0.976880 -0.085720 -0.195849
f 2302/2302/2302 2303/2303/2303 2304/2304/2304
v 0.048897 9.130329 -13.758521 0.82273 0.82503 0.80433
vt 0.456728 0.801015
vn 0.992865 -0.019962 -0.117559
v 0.112471 9.166616 -13.227757 0.82273 0.82503 0.80433
vt 0.450258 0.800881
vn 0.992865 -0.019962 -0.117559
v 0.154513 7.777268 -12.636767 0.82273 0.82503 0.80433
vt 0.444046 0.797606
vn 0.992865 -0.019962 -0.117559
f 2305/2305/2305 2306/2306/2306 2307/2307/2307
v 0.154513 7.777268 -12.636767 0.82273 0.82503 0.80433
vt 0.444046 0.797606
vn 0.993304 -0.017182 -0.114247
v 0.067175 7.740982 -13.390659 0.82273 0.82503 0.80433
vt 0.453073 0.797861
vn 0.993304 -0.017182 -0.114247
v 0.048897 9.130329 -13.758521 0.82273 0.82503 0.80433
vt 0.456728 0.801015
vn 0.993304 -0.017182 -0.114247
f 2308/2308/2308 2309/2309/2309 2310/2310/2310
v -0.201247 7.788257 -12.408471 0.26108 0.52005 0.63221
vt 0.335443 0.221862
vn -0.978740 -0.054493 -0.197733
v -0.112471 9.166616 -13.227757 0.26108 0.52005 0.63221
vt 0.338580 0.219214
vn -0.978740 -0.054493 -0.197733
v -0.154513 7.777268 -12.636767 0.26108 0.52005 0.63221
vt 0.336639 0.222195
vn -0.978740 -0.054493 -0.197733
f 2311/2311/2311 2312/2312/2312 2313/2313/2313
v -0.112471 9.166616 -13.227757 0.26108 0.52005 0.63221
vt 0.338580 0.219214
vn -0.977490 -0.057671 -0.202945
v -0.201247 7.788257 -12.408471 0.26108 0.52005 0.63221
vt 0.335443 0.221862
vn -0.977490 -0.057671 -0.202945
v -0.146489 9.177604 -13.067030 0.26108 0.52005 0.63221
vt 0.337729 0.218964
vn -0.977490 -0.057671 -0.202945
f 2314/2314/2314 2315/2315/2315 2316/2316/2316
v 0.027837 9.523344 -13.801595 0.82273 0.82503 0.80433
vt 0.457083 0.801616
vn 0.992197 0.074111 -0.100265
v 0.064030 9.533730 -13.435762 0.82273 0.82503 0.80433
vt 0.452626 0.801400
vn 0.992197 0.074111 -0.100265
v 0.112471 9.166616 -13.227757 0.82273 0.82503 0.80433
vt 0.450258 0.800881
vn 0.992197 0.074111 -0.100265
f 2317/2317/2317 2318/2318/2318 2319/2319/2319
v 0.112471 9.166616 -13.227757 0.82273 0.82503 0.80433
vt 0.450258 0.800881
vn 0.991790 0.039826 -0.121518
v 0.048897 9.130329 -13.758521 0.82273 0.82503 0.80433
vt 0.456728 0.801015
vn 0.991790 0.039826 -0.121518
v 0.027837 9.523344 -13.801595 0.82273 0.82503 0.80433
vt 0.457083 0.801616
vn 0.991790 0.039826 -0.121518
f 2320/2320/2320 2321/2321/2321 2322/2322/2322
v -0.146489 9.177604 -13.067030 0.26108 0.52005 0.63221
vt 0.337729 0.218964
vn -0.978107 0.011327 -0.207792
v -0.064030 9.533730 -13.435762 0.26108 0.52005 0.63221
vt 0.339355 0.218622
vn -0.978107 0.011327 -0.207792
v -0.112471 9.166616 -13.227757 0.26108 0.52005 0.63221
vt 0.338580 0.219214
vn -0.978107 0.011327 -0.207792
f 2323/2323/2323 2324/2324/2324 2325/2325/2325
v -0.064030 9.533730 -13.435762 0.26108 0.52005 0.63221
vt 0.339355 0.218622
vn -0.983678 0.048293 -0.173336
v -0.146489 9.177604 -13.067030 0.26108 0.52005 0.63221
vt 0.337729 0.218964
vn -0.983678 0.048293 -0.173336
v -0.083397 9.536875 -13.324979 0.26108 0.52005 0.63221
vt 0.338770 0.218481
vn -0.983678 0.048293 -0.173336
f 2326/2326/2326 2327/2327/2327 2328/2328/2328
v 1.044572 1.725218 -4.957653 0.28524 0.28754 0.26684
vt 0.808912 0.243649
vn 0.433884 -0.900969 0.000000
v 1.044572 1.725218 -4.396961 0.28524 0.28754 0.26684
vt 0.804329 0.243277
vn 0.433884 -0.900969 0.000000
v 0.372804 1.401711 -4.396961 0.28524 0.28754 0.26684
vt 0.803754 0.239139
vn 0.433884 -0.900969 0.000000
f 2329/2329/2329 2330/2330/2330 2331/2331/2331
v 0.372804 1.401711 -4.396961 0.28524 0.28754 0.26684
vt 0.803754 0.239139
vn 0.433884 -0.900969 0.000000
v 0.372804 1.401711 -4.957653 0.28524 0.28754 0.26684
vt 0.808321 0.239510
vn 0.433884 -0.900969 0.000000
v 1.044572 1.725218 -4.957653 0.28524 0.28754 0.26684
vt 0.808912 0.243649
vn 0.433884 -0.900969 0.000000
f 2332/2332/2332 2333/2333/2333 2334/2334/2334
v 1.044572 1.725218 -5.518344 0.28524 0.28754 0.26684
vt 0.813496 0.244022
vn 0.433884 -0.900969 0.000000
v 1.044572 1.725218 -4.957653 0.28524 0.28754 0.26684
vt 0.808912 0.243649
vn 0.433884 -0.900969 0.000000
v 0.372804 1.401711 -4.957653 0.28524 0.28754 0.26684
vt 0.808321 0.239510
vn 0.433884 -0.900969 0.000000
f 2335/2335/2335 2336/2336/2336 2337/2337/2337
v 0.372804 1.401711 -4.957653 0.28524 0.28754 0.26684
vt 0.808321 0.239510
vn 0.433884 -0.900969 0.000000
v 0.372804 1.401711 -5.518344 0.28524 0.28754 0.26684
vt 0.812889 0.239882
vn 0.433884 -0.900969 0.000000
v 1.044572 1.725218 -5.518344 0.28524 0.28754 0.26684
vt 0.813496 0.244022
vn 0.433884 -0.900969 0.000000
f 2338/2338/2338 2339/2339/2339 2340/2340/2340
v 1.044572 1.725218 -1.593504 0.28524 0.28754 0.26684
vt 0.781422 0.241414
vn 0.433884 -0.900969 0.000000
v 1.044572 1.725218 -1.032813 0.28524 0.28754 0.26684
vt 0.776842 0.241042
vn 0.433884 -0.900969 0.000000
v 0.372804 1.401711 -1.032813 0.28524 0.28754 0.26684
vt 0.776361 0.236914
vn 0.433884 -0.900969 0.000000
f 2341/2341/2341 2342/2342/2342 2343/2343/2343
v 0.372804 1.401711 -1.032813 0.28524 0.28754 0.26684
vt 0.776361 0.236914
vn 0.433884 -0.900969 0.000000
v 0.372804 1.401711 -1.593504 0.28524 0.28754 0.26684
vt 0.780925 0.237285
vn 0.433884 -0.900969 0.000000
v 1.044572 1.725218 -1.593504 0.28524 0.28754 0.26684
vt 0.781422 0.241414
vn 0.433884 -0.900969 0.000000
f 2344/2344/2344 2345/2345/2345 2346/2346/2346
v 1.044572 1.725218 -2.154196 0.28524 0.28754 0.26684
vt 0.786002 0.241787
vn 0.433884 -0.900969 0.000000
v 1.044572 1.725218 -1.593504 0.28524 0.28754 0.26684
vt 0.781422 0.241414
vn 0.433884 -0.900969 0.000000
v 0.372804 1.401711 -1.593504 0.28524 0.28754 0.26684
vt 0.780925 0.237285
vn 0.433884 -0.900969 0.000000
f 2347/2347/2347 2348/2348/2348 2349/2349/2349
v 0.372804 1.401711 -1.593504 0.28524 0.28754 0.26684
vt 0.780925 0.237285
vn 0.433884 -0.900969 0.000000
v 0.372804 1.401711 -2.154196 0.28524 0.28754 0.26684
vt 0.785490 0.237655
vn 0.433884 -0.900969 0.000000
v 1.044572 1.725218 -2.154196 0.28524 0.28754 0.26684
vt 0.786002 0.241787
vn 0.433884 -0.900969 0.000000
f 2350/2350/2350 2351/2351/2351 2352/2352/2352
v 1.044572 1.725218 -2.714887 0.28524 0.28754 0.26684
vt 0.790583 0.242159
vn 0.433884 -0.900969 0.000000
v 1.044572 1.725218 -2.154196 0.28524 0.28754 0.26684
vt 0.786002 0.241787
vn 0.433884 -0.900969 0.000000
v 0.372804 1.401711 -2.154196 0.28524 0.28754 0.26684
vt 0.785490 0.237655
vn 0.433884 -0.900969 0.000000
f 2353/2353/2353 2354/2354/2354 2355/2355/2355
v 0.372804 1.401711 -2.154196 0.28524 0.28754 0.26684
vt 0.785490 0.237655
vn 0.433884 -0.900969 0.000000
v 0.372804 1.401711 -2.714887 0.28524 0.28754 0.26684
vt 0.790055 0.238026
vn 0.433884 -0.900969 0.000000
v 1.044572 1.725218 -2.714887 0.28524 0.28754 0.26684
vt 0.790583 0.242159
vn 0.433884 -0.900969 0.000000
f 2356/2356/2356 2357/2357/2357 2358/2358/2358
v 1.044572 1.725218 -3.275579 0.28524 0.28754 0.26684
vt 0.795165 0.242532
vn 0.433884 -0.900969 0.000000
v 1.044572 1.725218 -2.714887 0.28524 0.28754 0.26684
vt 0.790583 0.242159
vn 0.433884 -0.900969 0.000000
v 0.372804 1.401711 -2.714887 0.28524 0.28754 0.26684
vt 0.790055 0.238026
vn 0.433884 -0.900969 0.000000
f 2359/2359/2359 2360/2360/2360 2361/2361/2361
v 0.372804 1.401711 -2.714887 0.28524 0.28754 0.26684
vt 0.790055 0.238026
vn 0.433884 -0.900969 0.000000
v 0.372804 1.401711 -3.275579 0.28524 0.28754 0.26684
vt 0.794621 0.238397
vn 0.433884 -0.900969 0.000000
v 1.044572 1.725218 -3.275579 0.28524 0.28754 0.26684
vt 0.795165 0.242532
vn 0.433884 -0.900969 0.000000
f 2362/2362/2362 2363/2363/2363 2364/2364/2364
v 1.044572 1.725218 -3.836270 0.28524 0.28754 0.26684
vt 0.799747 0.242904
vn 0.433884 -0.900969 0.000000
v 1.044572 1.725218 -3.275579 0.28524 0.28754 0.26684
vt 0.795165 0.242532
vn 0.433884 -0.900969 0.000000
v 0.372804 1.401711 -3.275579 0.28524 0.28754 0.26684
vt 0.794621 0.238397
vn 0.433884 -0.900969 0.000000
f 2365/2365/2365 2366/2366/2366 2367/2367/2367
v 0.372804 1.401711 -3.275579 0.28524 0.28754 0.26684
vt 0.794621 0.238397
vn 0.433884 -0.900969 0.000000
v 0.372804 1.401711 -3.836270 0.28524 0.28754 0.26684
vt 0.799187 0.238768
vn 0.433884 -0.900969 0.000000
v 1.044572 1.725218 -3.836270 0.28524 0.28754 0.26684
vt 0.799747 0.242904
vn 0.433884 -0.900969 0.000000
f 2368/2368/2368 2369/2369/2369 2370/2370/2370
v 1.044572 1.725218 -4.396961 0.28524 0.28754 0.26684
vt 0.804329 0.243277
vn 0.433884 -0.900969 0.000000
v 1.044572 1.725218 -3.836270 0.28524 0.28754 0.26684
vt 0.799747 0.242904
vn 0.433884 -0.900969 0.000000
v 0.372804 1.401711 -3.836270 0.28524 0.28754 0.26684
vt 0.799187 0.238768
vn 0.433884 -0.900969 0.000000
f 2371/2371/2371 2372/2372/2372 2373/2373/2373
v 0.372804 1.401711 -3.836270 0.28524 0.28754 0.26684
vt 0.799187 0.238768
vn 0.433884 -0.900969 0.000000
v 0.372804 1.401711 -4.396961 0.28524 0.28754 0.26684
vt 0.803754 0.239139
vn 0.433884 -0.900969 0.000000
v 1.044572 1.725218 -4.396961 0.28524 0.28754 0.26684
vt 0.804329 0.243277
vn 0.433884 -0.900969 0.000000
f 2374/2374/2374 2375/2375/2375 2376/2376/2376
v -0.372804 1.401711 -4.957653 0.28524 0.28754 0.26684
vt 0.808565 0.233759
vn -0.433884 -0.900969 0.000000
v -0.372804 1.401711 -4.396961 0.28524 0.28754 0.26684
vt 0.804002 0.233389
vn -0.433884 -0.900969 0.000000
v -1.044572 1.725218 -4.396961 0.28524 0.28754 0.26684
vt 0.805024 0.227125
vn -0.433884 -0.900969 0.000000
f 2377/2377/2377 2378/2378/2378 2379/2379/2379
v -1.044572 1.725218 -4.396961 0.28524 0.28754 0.26684
vt 0.805024 0.227125
vn -0.433884 -0.900969 -0.000000
v -1.044572 1.725218 -4.957653 0.28524 0.28754 0.26684
vt 0.809596 0.227495
vn -0.433884 -0.900969 -0.000000
v -0.372804 1.401711 -4.957653 0.28524 0.28754 0.26684
vt 0.808565 0.233759
vn -0.433884 -0.900969 -0.000000
f 2380/2380/2380 2381/2381/2381 2382/2382/2382
v -0.372804 1.401711 -5.518344 0.28524 0.28754 0.26684
vt 0.813129 0.234130
vn -0.433884 -0.900969 0.000000
v -0.372804 1.401711 -4.957653 0.28524 0.28754 0.26684
vt 0.808565 0.233759
vn -0.433884 -0.900969 0.000000
v -1.044572 1.725218 -4.957653 0.28524 0.28754 0.26684
vt 0.809596 0.227495
vn -0.433884 -0.900969 0.000000
f 2383/2383/2383 2384/2384/2384 2385/2385/2385
v -1.044572 1.725218 -4.957653 0.28524 0.28754 0.26684
vt 0.809596 0.227495
vn -0.433884 -0.900969 -0.000000
v -1.044572 1.725218 -5.518344 0.28524 0.28754 0.26684
vt 0.814168 0.227866
vn -0.433884 -0.900969 -0.000000
v -0.372804 1.401711 -5.518344 0.28524 0.28754 0.26684
vt 0.813129 0.234130
vn -0.433884 -0.900969 -0.000000
f 2386/2386/2386 2387/2387/2387 2388/2388/2388
v -0.372804 1.401711 -1.593504 0.28524 0.28754 0.26684
vt 0.781193 0.231538
vn -0.433884 -0.900969 0.000000
v -0.372804 1.401711 -1.032813 0.28524 0.28754 0.26684
vt 0.776633 0.231167
vn -0.433884 -0.900969 0.000000
v -1.044572 1.725218 -1.032813 0.28524 0.28754 0.26684
vt 0.777605 0.224901
vn -0.433884 -0.900969 0.000000
f 2389/2389/2389 2390/2390/2390 2391/2391/2391
v -1.044572 1.725218 -1.032813 0.28524 0.28754 0.26684
vt 0.777605 0.224901
vn -0.433884 -0.900969 -0.000000
v -1.044572 1.725218 -1.593504 0.28524 0.28754 0.26684
vt 0.782174 0.225272
vn -0.433884 -0.900969 -0.000000
v -0.372804 1.401711 -1.593504 0.28524 0.28754 0.26684
vt 0.781193 0.231538
vn -0.433884 -0.900969 -0.000000
f 2392/2392/2392 2393/2393/2393 2394/2394/2394
v -0.372804 1.401711 -2.154196 0.28524 0.28754 0.26684
vt 0.785754 0.231908
vn -0.433884 -0.900969 0.000000
v -0.372804 1.401711 -1.593504 0.28524 0.28754 0.26684
vt 0.781193 0.231538
vn -0.433884 -0.900969 0.000000
v -1.044572 1.725218 -1.593504 0.28524 0.28754 0.26684
vt 0.782174 0.225272
vn -0.433884 -0.900969 0.000000
f 2395/2395/2395 2396/2396/2396 2397/2397/2397
v -1.044572 1.725218 -1.593504 0.28524 0.28754 0.26684
vt 0.782174 0.225272
vn -0.433884 -0.900969 -0.000000
v -1.044572 1.725218 -2.154196 0.28524 0.28754 0.26684
vt 0.786743 0.225642
vn -0.433884 -0.900969 -0.000000
v -0.372804 1.401711 -2.154196 0.28524 0.28754 0.26684
vt 0.785754 0.231908
vn -0.433884 -0.900969 -0.000000
f 2398/2398/2398 2399/2399/2399 2400/2400/2400
v -0.372804 1.401711 -2.714887 0.28524 0.28754 0.26684
vt 0.790315 0.232278
vn -0.433884 -0.900969 0.000000
v -0.372804 1.401711 -2.154196 0.28524 0.28754 0.26684
vt 0.785754 0.231908
vn -0.433884 -0.900969 0.000000
v -1.044572 1.725218 -2.154196 0.28524 0.28754 0.26684
vt 0.786743 0.225642
vn -0.433884 -0.900969 0.000000
f 2401/2401/2401 2402/2402/2402 2403/2403/2403
v -1.044572 1.725218 -2.154196 0.28524 0.28754 0.26684
vt 0.786743 0.225642
vn -0.433884 -0.900969 -0.000000
v -1.044572 1.725218 -2.714887 0.28524 0.28754 0.26684
vt 0.791312 0.226013
vn -0.433884 -0.900969 -0.000000
v -0.372804 1.401711 -2.714887 0.28524 0.28754 0.26684
vt 0.790315 0.232278
vn -0.433884 -0.900969 -0.000000
f 2404/2404/2404 2405/2405/2405 2406/2406/2406
v -0.372804 1.401711 -3.275579 0.28524 0.28754 0.26684
vt 0.794877 0.232648
vn -0.433884 -0.900969 0.000000
v -0.372804 1.401711 -2.714887 0.28524 0.28754 0.26684
vt 0.790315 0.232278
vn -0.433884 -0.900969 0.000000
v -1.044572 1.725218 -2.714887 0.28524 0.28754 0.26684
vt 0.791312 0.226013
vn -0.433884 -0.900969 0.000000
f 2407/2407/2407 2408/2408/2408 2409/2409/2409
v -1.044572 1.725218 -2.714887 0.28524 0.28754 0.26684
vt 0.791312 0.226013
vn -0.433884 -0.900969 -0.000000
v -1.044572 1.725218 -3.275579 0.28524 0.28754 0.26684
vt 0.795882 0.226383
vn -0.433884 -0.900969 -0.000000
v -0.372804 1.401711 -3.275579 0.28524 0.28754 0.26684
vt 0.794877 0.232648
vn -0.433884 -0.900969 -0.000000
f 2410/2410/2410 2411/2411/2411 2412/2412/2412
v -0.372804 1.401711 -3.836270 0.28524 0.28754 0.26684
vt 0.799439 0.233019
vn -0.433884 -0.900969 0.000000
v -0.372804 1.401711 -3.275579 0.28524 0.28754 0.26684
vt 0.794877 0.232648
vn -0.433884 -0.900969 0.000000
v -1.044572 1.725218 -3.275579 0.28524 0.28754 0.26684
vt 0.795882 0.226383
vn -0.433884 -0.900969 0.000000
f 2413/2413/2413 2414/2414/2414 2415/2415/2415
v -1.044572 1.725218 -3.275579 0.28524 0.28754 0.26684
vt 0.795882 0.226383
vn -0.433884 -0.900969 -0.000000
v -1.044572 1.725218 -3.836270 0.28524 0.28754 0.26684
vt 0.800453 0.226754
vn -0.433884 -0.900969 -0.000000
v -0.372804 1.401711 -3.836270 0.28524 0.28754 0.26684
vt 0.799439 0.233019
vn -0.433884 -0.900969 -0.000000
f 2416/2416/2416 2417/2417/2417 2418/2418/2418
v -0.372804 1.401711 -4.396961 0.28524 0.28754 0.26684
vt 0.804002 0.233389
vn -0.433884 -0.900969 0.000000
v -0.372804 1.401711 -3.836270 0.28524 0.28754 0.26684
vt 0.799439 0.233019
vn -0.433884 -0.900969 0.000000
v -1.044572 1.725218 -3.836270 0.28524 0.28754 0.26684
vt 0.800453 0.226754
vn -0.433884 -0.900969 0.000000
f 2419/2419/2419 2420/2420/2420 2421/2421/2421
v -1.044572 1.725218 -3.836270 0.28524 0.28754 0.26684
vt 0.800453 0.226754
vn -0.433884 -0.900969 -0.000000
v -1.044572 1.725218 -4.396961 0.28524 0.28754 0.26684
vt 0.805024 0.227125
vn -0.433884 -0.900969 -0.000000
v -0.372804 1.401711 -4.396961 0.28524 0.28754 0.26684
vt 0.804002 0.233389
vn -0.433884 -0.900969 -0.000000
f 2422/2422/2422 2423/2423/2423 2424/2424/2424
v 1.044572 4.344922 -4.957653 0.26108 0.52005 0.63221
vt 0.298899 0.233715
vn 0.433884 0.900969 -0.000000
v 0.372804 4.668429 -4.396961 0.26108 0.52005 0.63221
vt 0.296002 0.229500
vn 0.433884 0.900969 -0.000000
v 1.044572 4.344922 -4.396961 0.26108 0.52005 0.63221
vt 0.295978 0.233534
vn 0.433884 0.900969 -0.000000
f 2425/2425/2425 2426/2426/2426 2427/2427/2427
v 0.372804 4.668429 -4.396961 0.26108 0.52005 0.63221
vt 0.296002 0.229500
vn 0.433884 0.900969 0.000000
v 1.044572 4.344922 -4.957653 0.26108 0.52005 0.63221
vt 0.298899 0.233715
vn 0.433884 0.900969 0.000000
v 0.372804 4.668429 -4.957653 0.26108 0.52005 0.63221
vt 0.298926 0.229682
vn 0.433884 0.900969 0.000000
f 2428/2428/2428 2429/2429/2429 2430/2430/2430
v 1.044572 4.344922 -5.518344 0.26108 0.52005 0.63221
vt 0.301820 0.233897
vn 0.433884 0.900969 -0.000000
v 0.372804 4.668429 -4.957653 0.26108 0.52005 0.63221
vt 0.298926 0.229682
vn 0.433884 0.900969 -0.000000
v 1.044572 4.344922 -4.957653 0.26108 0.52005 0.63221
vt 0.298899 0.233715
vn 0.433884 0.900969 -0.000000
f 2431/2431/2431 2432/2432/2432 2433/2433/2433
v 0.372804 4.668429 -4.957653 0.26108 0.52005 0.63221
vt 0.298926 0.229682
vn 0.433884 0.900969 0.000000
v 1.044572 4.344922 -5.518344 0.26108 0.52005 0.63221
vt 0.301820 0.233897
vn 0.433884 0.900969 0.000000
v 0.372804 4.668429 -5.518344 0.26108 0.52005 0.63221
vt 0.301850 0.229864
vn 0.433884 0.900969 0.000000
f 2434/2434/2434 2435/2435/2435 2436/2436/2436
v 1.044572 4.344922 -1.593504 0.26108 0.52005 0.63221
vt 0.281379 0.232625
vn 0.433884 0.900969 -0.000000
v 0.372804 4.668429 -1.032813 0.26108 0.52005 0.63221
vt 0.278466 0.228409
vn 0.433884 0.900969 -0.000000
v 1.044572 4.344922 -1.032813 0.26108 0.52005 0.63221
vt 0.278460 0.232443
vn 0.433884 0.900969 -0.000000
f 2437/2437/2437 2438/2438/2438 2439/2439/2439
v 0.372804 4.668429 -1.032813 0.26108 0.52005 0.63221
vt 0.278466 0.228409
vn 0.433884 0.900969 0.000000
v 1.044572 4.344922 -1.593504 0.26108 0.52005 0.63221
vt 0.281379 0.232625
vn 0.433884 0.900969 0.000000
v 0.372804 4.668429 -1.593504 0.26108 0.52005 0.63221
vt 0.281388 0.228591
vn 0.433884 0.900969 0.000000
f 2440/2440/2440 2441/2441/2441 2442/2442/2442
v 1.044572 4.344922 -2.154196 0.26108 0.52005 0.63221
vt 0.284299 0.232807
vn 0.433884 0.900969 -0.000000
v 0.372804 4.668429 -1.593504 0.26108 0.52005 0.63221
vt 0.281388 0.228591
vn 0.433884 0.900969 -0.000000
v 1.044572 4.344922 -1.593504 0.26108 0.52005 0.63221
vt 0.281379 0.232625
vn 0.433884 0.900969 -0.000000
f 2443/2443/2443 2444/2444/2444 2445/2445/2445
v 0.372804 4.668429 -1.593504 0.26108 0.52005 0.63221
vt 0.281388 0.228591
vn 0.433884 0.900969 0.000000
v 1.044572 4.344922 -2.154196 0.26108 0.52005 0.63221
vt 0.284299 0.232807
vn 0.433884 0.900969 0.000000
v 0.372804 4.668429 -2.154196 0.26108 0.52005 0.63221
vt 0.284311 0.228773
vn 0.433884 0.900969 0.000000
f 2446/2446/2446 2447/2447/2447 2448/2448/2448
v 1.044572 4.344922 -2.714887 0.26108 0.52005 0.63221
vt 0.287218 0.232988
vn 0.433884 0.900969 -0.000000
v 0.372804 4.668429 -2.154196 0.26108 0.52005 0.63221
vt 0.284311 0.228773
vn 0.433884 0.900969 -0.000000
v 1.044572 4.344922 -2.154196 0.26108 0.52005 0.63221
vt 0.284299 0.232807
vn 0.433884 0.900969 -0.000000
f 2449/2449/2449 2450/2450/2450 2451/2451/2451
v 0.372804 4.668429 -2.154196 0.26108 0.52005 0.63221
vt 0.284311 0.228773
vn 0.433884 0.900969 0.000000
v 1.044572 4.344922 -2.714887 0.26108 0.52005 0.63221
vt 0.287218 0.232988
vn 0.433884 0.900969 0.000000
v 0.372804 4.668429 -2.714887 0.26108 0.52005 0.63221
vt 0.287233 0.228955
vn 0.433884 0.900969 0.000000
f 2452/2452/2452 2453/2453/2453 2454/2454/2454
v 1.044572 4.344922 -3.275579 0.26108 0.52005 0.63221
vt 0.290138 0.233170
vn 0.433884 0.900969 -0.000000
v 0.372804 4.668429 -2.714887 0.26108 0.52005 0.63221
vt 0.287233 0.228955
vn 0.433884 0.900969 -0.000000
v 1.044572 4.344922 -2.714887 0.26108 0.52005 0.63221
vt 0.287218 0.232988
vn 0.433884 0.900969 -0.000000
f 2455/2455/2455 2456/2456/2456 2457/2457/2457
v 0.372804 4.668429 -2.714887 0.26108 0.52005 0.63221
vt 0.287233 0.228955
vn 0.433884 0.900969 0.000000
v 1.044572 4.344922 -3.275579 0.26108 0.52005 0.63221
vt 0.290138 0.233170
vn 0.433884 0.900969 0.000000
v 0.372804 4.668429 -3.275579 0.26108 0.52005 0.63221
vt 0.290156 0.229136
vn 0.433884 0.900969 0.000000
f 2458/2458/2458 2459/2459/2459 2460/2460/2460
v 1.044572 4.344922 -3.836270 0.26108 0.52005 0.63221
vt 0.293058 0.233352
vn 0.433884 0.900969 -0.000000
v 0.372804 4.668429 -3.275579 0.26108 0.52005 0.63221
vt 0.290156 0.229136
vn 0.433884 0.900969 -0.000000
v 1.044572 4.344922 -3.275579 0.26108 0.52005 0.63221
vt 0.290138 0.233170
vn 0.433884 0.900969 -0.000000
f 2461/2461/2461 2462/2462/2462 2463/2463/2463
v 0.372804 4.668429 -3.275579 0.26108 0.52005 0.63221
vt 0.290156 0.229136
vn 0.433884 0.900969 0.000000
v 1.044572 4.344922 -3.836270 0.26108 0.52005 0.63221
vt 0.293058 0.233352
vn 0.433884 0.900969 0.000000
v 0.372804 4.668429 -3.836270 0.26108 0.52005 0.63221
vt 0.293079 0.229318
vn 0.433884 0.900969 0.000000
f 2464/2464/2464 2465/2465/2465 2466/2466/2466
v 1.044572 4.344922 -4.396961 0.26108 0.52005 0.63221
vt 0.295978 0.233534
vn 0.433884 0.900969 -0.000000
v 0.372804 4.668429 -3.836270 0.26108 0.52005 0.63221
vt 0.293079 0.229318
vn 0.433884 0.900969 -0.000000
v 1.044572 4.344922 -3.836270 0.26108 0.52005 0.63221
vt 0.293058 0.233352
vn 0.433884 0.900969 -0.000000
f 2467/2467/2467 2468/2468/2468 2469/2469/2469
v 0.372804 4.668429 -3.836270 0.26108 0.52005 0.63221
vt 0.293079 0.229318
vn 0.433884 0.900969 0.000000
v 1.044572 4.344922 -4.396961 0.26108 0.52005 0.63221
vt 0.295978 0.233534
vn 0.433884 0.900969 0.000000
v 0.372804 4.668429 -4.396961 0.26108 0.52005 0.63221
vt 0.296002 0.229500
vn 0.433884 0.900969 0.000000
f 2470/2470/2470 2471/2471/2471 2472/2472/2472
v 0.372804 1.401711 -4.957653 0.28524 0.28754 0.26684
vt 0.808321 0.239510
vn 0.000000 -1.000000 0.000000
v 0.372804 1.401711 -4.396961 0.28524 0.28754 0.26684
vt 0.803754 0.239139
vn 0.000000 -1.000000 0.000000
v -0.372804 1.401711 -4.396961 0.28524 0.28754 0.26684
vt 0.804002 0.233389
vn 0.000000 -1.000000 0.000000
f 2473/2473/2473 2474/2474/2474 2475/2475/2475
v -0.372804 1.401711 -4.396961 0.28524 0.28754 0.26684
vt 0.804002 0.233389
vn 0.000000 -1.000000 0.000000
v -0.372804 1.401711 -4.957653 0.28524 0.28754 0.26684
vt 0.808565 0.233759
vn 0.000000 -1.000000 0.000000
v 0.372804 1.401711 -4.957653 0.28524 0.28754 0.26684
vt 0.808321 0.239510
vn 0.000000 -1.000000 0.000000
f 2476/2476/2476 2477/2477/2477 2478/2478/2478
v 0.372804 1.401711 -5.518344 0.28524 0.28754 0.26684
vt 0.812889 0.239882
vn 0.000000 -1.000000 0.000000
v 0.372804 1.401711 -4.957653 0.28524 0.28754 0.26684
vt 0.808321 0.239510
vn 0.000000 -1.000000 0.000000
v -0.372804 1.401711 -4.957653 0.28524 0.28754 0.26684
vt 0.808565 0.233759
vn 0.000000 -1.000000 0.000000
f 2479/2479/2479 2480/2480/2480 2481/2481/2481
v -0.372804 1.401711 -4.957653 0.28524 0.28754 0.26684
vt 0.808565 0.233759
vn 0.000000 -1.000000 0.000000
v -0.372804 1.401711 -5.518344 0.28524 0.28754 0.26684
vt 0.813129 0.234130
vn 0.000000 -1.000000 0.000000
v 0.372804 1.401711 -5.518344 0.28524 0.28754 0.26684
vt 0.812889 0.239882
vn 0.000000 -1.000000 0.000000
f 2482/2482/2482 2483/2483/2483 2484/2484/2484
v 0.372804 1.401711 -1.593504 0.28524 0.28754 0.26684
vt 0.780925 0.237285
vn 0.000000 -1.000000 0.000000
v 0.372804 1.401711 -1.032813 0.28524 0.28754 0.26684
vt 0.776361 0.236914
vn 0.000000 -1.000000 0.000000
v -0.372804 1.401711 -1.032813 0.28524 0.28754 0.26684
vt 0.776633 0.231167
vn 0.000000 -1.000000 0.000000
f 2485/2485/2485 2486/2486/2486 2487/2487/2487
v -0.372804 1.401711 -1.032813 0.28524 0.28754 0.26684
vt 0.776633 0.231167
vn 0.000000 -1.000000 0.000000
v -0.372804 1.401711 -1.593504 0.28524 0.28754 0.26684
vt 0.781193 0.231538
vn 0.000000 -1.000000 0.000000
v 0.372804 1.401711 -1.593504 0.28524 0.28754 0.26684
vt 0.780925 0.237285
vn 0.000000 -1.000000 0.000000
f 2488/2488/2488 2489/2489/2489 2490/2490/2490
v 0.372804 1.401711 -2.154196 0.28524 0.28754 0.26684
vt 0.785490 0.237655
vn 0.000000 -1.000000 0.000000
v 0.372804 1.401711 -1.593504 0.28524 0.28754 0.26684
vt 0.780925 0.237285
vn 0.000000 -1.000000 0.000000
v -0.372804 1.401711 -1.593504 0.28524 0.28754 0.26684
vt 0.781193 0.231538
vn 0.000000 -1.000000 0.000000
f 2491/2491/2491 2492/2492/2492 2493/2493/2493
v -0.372804 1.401711 -1.593504 0.28524 0.28754 0.26684
vt 0.781193 0.231538
vn 0.000000 -1.000000 0.000000
v -0.372804 1.401711 -2.154196 0.28524 0.28754 0.26684
vt 0.785754 0.231908
vn 0.000000 -1.000000 0.000000
v 0.372804 1.401711 -2.154196 0.28524 0.28754 0.26684
vt 0.785490 0.237655
vn 0.000000 -1.000000 0.000000
f 2494/2494/2494 2495/2495/2495 2496/2496/2496
v 0.372804 1.401711 -2.714887 0.28524 0.28754 0.26684
vt 0.790055 0.238026
vn 0.000000 -1.000000 0.000000
v 0.372804 1.401711 -2.154196 0.28524 0.28754 0.26684
vt 0.785490 0.237655
vn 0.000000 -1.000000 0.000000
v -0.372804 1.401711 -2.154196 0.28524 0.28754 0.26684
vt 0.785754 0.231908
vn 0.000000 -1.000000 0.000000
f 2497/2497/2497 2498/2498/2498 2499/2499/2499
v -0.372804 1.401711 -2.154196 0.28524 0.28754 0.26684
vt 0.785754 0.231908
vn 0.000000 -1.000000 0.000000
v -0.372804 1.401711 -2.714887 0.28524 0.28754 0.26684
vt 0.790315 0.232278
vn 0.000000 -1.000000 0.000000
v 0.372804 1.401711 -2.714887 0.28524 0.28754 0.26684
vt 0.790055 0.238026
vn 0.000000 -1.000000 0.000000
f 2500/2500/2500 2501/2501/2501 2502/2502/2502
v 0.372804 1.401711 -3.275579 0.28524 0.28754 0.26684
vt 0.794621 0.238397
vn 0.000000 -1.000000 0.000000
v 0.372804 1.401711 -2.714887 0.28524 0.28754 0.26684
vt 0.790055 0.238026
vn 0.000000 -1.000000 0.000000
v -0.372804 1.401711 -2.714887 0.28524 0.28754 0.26684
vt 0.790315 0.232278
vn 0.000000 -1.000000 0.000000
f 2503/2503/2503 2504/2504/2504 2505/2505/2505
v -0.372804 1.401711 -2.714887 0.28524 0.28754 0.26684
vt 0.790315 0.232278
vn 0.000000 -1.000000 0.000000
v -0.372804 1.401711 -3.275579 0.28524 0.28754 0.26684
vt 0.794877 0.232648
vn 0.000000 -1.000000 0.000000
v 0.372804 1.401711 -3.275579 0.28524 0.28754 0.26684
vt 0.794621 0.238397
vn 0.000000 -1.000000 0.000000
f 2506/2506/2506 2507/2507/2507 2508/2508/2508
v 0.372804 1.401711 -3.836270 0.28524 0.28754 0.26684
vt 0.799187 0.238768
vn 0.000000 -1.000000 0.000000
v 0.372804 1.401711 -3.275579 0.28524 0.28754 0.26684
vt 0.794621 0.238397
vn 0.000000 -1.000000 0.000000
v -0.372804 1.401711 -3.275579 0.28524 0.28754 0.26684
vt 0.794877 0.232648
vn 0.000000 -1.000000 0.000000
f 2509/2509/2509 2510/2510/2510 2511/2511/2511
v -0.372804 1.401711 -3.275579 0.28524 0.28754 0.26684
vt 0.794877 0.232648
vn 0.000000 -1.000000 0.000000
v -0.372804 1.401711 -3.836270 0.28524 0.28754 0.26684
vt 0.799439 0.233019
vn 0.000000 -1.000000 0.000000
v 0.372804 1.401711 -3.836270 0.28524 0.28754 0.26684
vt 0.799187 0.238768
vn 0.000000 -1.000000 0.000000
f 2512/2512/2512 2513/2513/2513 2514/2514/2514
v 0.372804 1.401711 -4.396961 0.28524 0.28754 0.26684
vt 0.803754 0.239139
vn 0.000000 -1.000000 0.000000
v 0.372804 1.401711 -3.836270 0.28524 0.28754 0.26684
vt 0.799187 0.238768
vn 0.000000 -1.000000 0.000000
v -0.372804 1.401711 -3.836270 0.28524 0.28754 0.26684
vt 0.799439 0.233019
vn 0.000000 -1.000000 0.000000
f 2515/2515/2515 2516/2516/2516 2517/2517/2517
v -0.372804 1.401711 -3.836270 0.28524 0.28754 0.26684
vt 0.799439 0.233019
vn 0.000000 -1.000000 0.000000
v -0.372804 1.401711 -4.396961 0.28524 0.28754 0.26684
vt 0.804002 0.233389
vn 0.000000 -1.000000 0.000000
v 0.372804 1.401711 -4.396961 0.28524 0.28754 0.26684
vt 0.803754 0.239139
vn 0.000000 -1.000000 0.000000
f 2518/2518/2518 2519/2519/2519 2520/2520/2520
v 0.372804 4.668429 -4.957653 0.26108 0.52005 0.63221
vt 0.298926 0.229682
vn 0.000000 1.000000 -0.000000
v -0.372804 4.668429 -4.396961 0.26108 0.52005 0.63221
vt 0.296406 0.225862
vn 0.000000 1.000000 -0.000000
v 0.372804 4.668429 -4.396961 0.26108 0.52005 0.63221
vt 0.296002 0.229500
vn 0.000000 1.000000 -0.000000
f 2521/2521/2521 2522/2522/2522 2523/2523/2523
v -0.372804 4.668429 -4.396961 0.26108 0.52005 0.63221
vt 0.296406 0.225862
vn 0.000000 1.000000 0.000000
v 0.372804 4.668429 -4.957653 0.26108 0.52005 0.63221
vt 0.298926 0.229682
vn 0.000000 1.000000 0.000000
v -0.372804 4.668429 -4.957653 0.26108 0.52005 0.63221
vt 0.299327 0.226044
vn 0.000000 1.000000 0.000000
f 2524/2524/2524 2525/2525/2525 2526/2526/2526
v 0.372804 4.668429 -5.518344 0.26108 0.52005 0.63221
vt 0.301850 0.229864
vn 0.000000 1.000000 -0.000000
v -0.372804 4.668429 -4.957653 0.26108 0.52005 0.63221
vt 0.299327 0.226044
vn 0.000000 1.000000 -0.000000
v 0.372804 4.668429 -4.957653 0.26108 0.52005 0.63221
vt 0.298926 0.229682
vn 0.000000 1.000000 -0.000000
f 2527/2527/2527 2528/2528/2528 2529/2529/2529
v -0.372804 4.668429 -4.957653 0.26108 0.52005 0.63221
vt 0.299327 0.226044
vn 0.000000 1.000000 0.000000
v 0.372804 4.668429 -5.518344 0.26108 0.52005 0.63221
vt 0.301850 0.229864
vn 0.000000 1.000000 0.000000
v -0.372804 4.668429 -5.518344 0.26108 0.52005 0.63221
vt 0.302249 0.226225
vn 0.000000 1.000000 0.000000
f 2530/2530/2530 2531/2531/2531 2532/2532/2532
v 0.372804 4.668429 -1.593504 0.26108 0.52005 0.63221
vt 0.281388 0.228591
vn 0.000000 1.000000 -0.000000
v -0.372804 4.668429 -1.032813 0.26108 0.52005 0.63221
vt 0.278882 0.224773
vn 0.000000 1.000000 -0.000000
v 0.372804 4.668429 -1.032813 0.26108 0.52005 0.63221
vt 0.278466 0.228409
vn 0.000000 1.000000 -0.000000
f 2533/2533/2533 2534/2534/2534 2535/2535/2535
v -0.372804 4.668429 -1.032813 0.26108 0.52005 0.63221
vt 0.278882 0.224773
vn 0.000000 1.000000 0.000000
v 0.372804 4.668429 -1.593504 0.26108 0.52005 0.63221
vt 0.281388 0.228591
vn 0.000000 1.000000 0.000000
v -0.372804 4.668429 -1.593504 0.26108 0.52005 0.63221
vt 0.281802 0.224955
vn 0.000000 1.000000 0.000000
f 2536/2536/2536 2537/2537/2537 2538/2538/2538
v 0.372804 4.668429 -2.154196 0.26108 0.52005 0.63221
vt 0.284311 0.228773
vn 0.000000 1.000000 -0.000000
v -0.372804 4.668429 -1.593504 0.26108 0.52005 0.63221
vt 0.281802 0.224955
vn 0.000000 1.000000 -0.000000
v 0.372804 4.668429 -1.593504 0.26108 0.52005 0.63221
vt 0.281388 0.228591
vn 0.000000 1.000000 -0.000000
f 2539/2539/2539 2540/2540/2540 2541/2541/2541
v -0.372804 4.668429 -1.593504 0.26108 0.52005 0.63221
vt 0.281802 0.224955
vn 0.000000 1.000000 0.000000
v 0.372804 4.668429 -2.154196 0.26108 0.52005 0.63221
vt 0.284311 0.228773
vn 0.000000 1.000000 0.000000
v -0.372804 4.668429 -2.154196 0.26108 0.52005 0.63221
vt 0.284722 0.225136
vn 0.000000 1.000000 0.000000
f 2542/2542/2542 2543/2543/2543 2544/2544/2544
v 0.372804 4.668429 -2.714887 0.26108 0.52005 0.63221
vt 0.287233 0.228955
vn 0.000000 1.000000 -0.000000
v -0.372804 4.668429 -2.154196 0.26108 0.52005 0.63221
vt 0.284722 0.225136
vn 0.000000 1.000000 -0.000000
v 0.372804 4.668429 -2.154196 0.26108 0.52005 0.63221
vt 0.284311 0.228773
vn 0.000000 1.000000 -0.000000
f 2545/2545/2545 2546/2546/2546 2547/2547/2547
v -0.372804 4.668429 -2.154196 0.26108 0.52005 0.63221
vt 0.284722 0.225136
vn 0.000000 1.000000 0.000000
v 0.372804 4.668429 -2.714887 0.26108 0.52005 0.63221
vt 0.287233 0.228955
vn 0.000000 1.000000 0.000000
v -0.372804 4.668429 -2.714887 0.26108 0.52005 0.63221
vt 0.287643 0.225318
vn 0.000000 1.000000 0.000000
f 2548/2548/2548 2549/2549/2549 2550/2550/2550
v 0.372804 4.668429 -3.275579 0.26108 0.52005 0.63221
vt 0.290156 0.229136
vn 0.000000 1.000000 -0.000000
v -0.372804 4.668429 -2.714887 0.26108 0.52005 0.63221
vt 0.287643 0.225318
vn 0.000000 1.000000 -0.000000
v 0.372804 4.668429 -2.714887 0.26108 0.52005 0.63221
vt 0.287233 0.228955
vn 0.000000 1.000000 -0.000000
f 2551/2551/2551 2552/2552/2552 2553/2553/2553
v -0.372804 4.668429 -2.714887 0.26108 0.52005 0.63221
vt 0.287643 0.225318
vn 0.000000 1.000000 0.000000
v 0.372804 4.668429 -3.275579 0.26108 0.52005 0.63221
vt 0.290156 0.229136
vn 0.000000 1.000000 0.000000
v -0.372804 4.668429 -3.275579 0.26108 0.52005 0.63221
vt 0.290564 0.225499
vn 0.000000 1.000000 0.000000
f 2554/2554/2554 2555/2555/2555 2556/2556/2556
v 0.372804 4.668429 -3.836270 0.26108 0.52005 0.63221
vt 0.293079 0.229318
vn 0.000000 1.000000 -0.000000
v -0.372804 4.668429 -3.275579 0.26108 0.52005 0.63221
vt 0.290564 0.225499
vn 0.000000 1.000000 -0.000000
v 0.372804 4.668429 -3.275579 0.26108 0.52005 0.63221
vt 0.290156 0.229136
vn 0.000000 1.000000 -0.000000
f 2557/2557/2557 2558/2558/2558 2559/2559/2559
v -0.372804 4.668429 -3.275579 0.26108 0.52005 0.63221
vt 0.290564 0.225499
vn 0.000000 1.000000 0.000000
v 0.372804 4.668429 -3.836270 0.26108 0.52005 0.63221
vt 0.293079 0.229318
vn 0.000000 1.000000 0.000000
v -0.372804 4.668429 -3.836270 0.26108 0.52005 0.63221
vt 0.293485 0.225681
vn 0.000000 1.000000 0.000000
f 2560/2560/2560 2561/2561/2561 2562/2562/2562
v 0.372804 4.668429 -4.396961 0.26108 0.52005 0.63221
vt 0.296002 0.229500
vn 0.000000 1.000000 -0.000000
v -0.372804 4.668429 -3.836270 0.26108 0.52005 0.63221
vt 0.293485 0.225681
vn 0.000000 1.000000 -0.000000
v 0.372804 4.668429 -3.836270 0.26108 0.52005 0.63221
vt 0.293079 0.229318
vn 0.000000 1.000000 -0.000000
f 2563/2563/2563 2564/2564/2564 2565/2565/2565
v -0.372804 4.668429 -3.836270 0.26108 0.52005 0.63221
vt 0.293485 0.225681
vn 0.000000 1.000000 0.000000
v 0.372804 4.668429 -4.396961 0.26108 0.52005 0.63221
vt 0.296002 0.229500
vn 0.000000 1.000000 0.000000
v -0.372804 4.668429 -4.396961 0.26108 0.52005 0.63221
vt 0.296406 0.225862
vn 0.000000 1.000000 0.000000
f 2566/2566/2566 2567/2567/2567 2568/2568/2568
v 1.545556 3.603797 -4.795399 0.52681 0.52911 0.50841
vt 0.784549 0.741444
vn 0.974928 0.222521 -0.000000
v 1.545556 3.603797 -4.559215 0.52681 0.52911 0.50841
vt 0.781656 0.741777
vn 0.974928 0.222521 -0.000000
v 1.639259 3.193255 -4.559215 0.52681 0.52911 0.50841
vt 0.780340 0.740950
vn 0.974928 0.222521 -0.000000
f 2569/2569/2569 2570/2570/2570 2571/2571/2571
v 1.639259 3.193255 -4.559215 0.52681 0.52911 0.50841
vt 0.780340 0.740950
vn 0.974928 0.222521 0.000000
v 1.639259 3.193255 -4.795399 0.52681 0.52911 0.50841
vt 0.783217 0.740619
vn 0.974928 0.222521 0.000000
v 1.545556 3.603797 -4.795399 0.52681 0.52911 0.50841
vt 0.784549 0.741444
vn 0.974928 0.222521 0.000000
f 2572/2572/2572 2573/2573/2573 2574/2574/2574
v 1.545556 3.603797 -5.356091 0.52681 0.52911 0.50841
vt 0.791417 0.740653
vn 0.974928 0.222521 -0.000000
v 1.545556 3.603797 -5.119906 0.52681 0.52911 0.50841
vt 0.788524 0.740986
vn 0.974928 0.222521 -0.000000
v 1.639259 3.193255 -5.119906 0.52681 0.52911 0.50841
vt 0.787172 0.740163
vn 0.974928 0.222521 -0.000000
f 2575/2575/2575 2576/2576/2576 2577/2577/2577
v 1.639259 3.193255 -5.119906 0.52681 0.52911 0.50841
vt 0.787172 0.740163
vn 0.974928 0.222521 0.000000
v 1.639259 3.193255 -5.356091 0.52681 0.52911 0.50841
vt 0.790050 0.739832
vn 0.974928 0.222521 0.000000
v 1.545556 3.603797 -5.356091 0.52681 0.52911 0.50841
vt 0.791417 0.740653
vn 0.974928 0.222521 0.000000
f 2578/2578/2578 2579/2579/2579 2580/2580/2580
v 1.545556 3.603797 -1.431251 0.52681 0.52911 0.50841
vt 0.743371 0.746186
vn 0.974928 0.222521 -0.000000
v 1.545556 3.603797 -1.195066 0.52681 0.52911 0.50841
vt 0.740483 0.746518
vn 0.974928 0.222521 -0.000000
v 1.639259 3.193255 -1.195066 0.52681 0.52911 0.50841
vt 0.739379 0.745668
vn 0.974928 0.222521 -0.000000
f 2581/2581/2581 2582/2582/2582 2583/2583/2583
v 1.639259 3.193255 -1.195066 0.52681 0.52911 0.50841
vt 0.739379 0.745668
vn 0.974928 0.222521 0.000000
v 1.639259 3.193255 -1.431251 0.52681 0.52911 0.50841
vt 0.742253 0.745337
vn 0.974928 0.222521 0.000000
v 1.545556 3.603797 -1.431251 0.52681 0.52911 0.50841
vt 0.743371 0.746186
vn 0.974928 0.222521 0.000000
f 2584/2584/2584 2585/2585/2585 2586/2586/2586
v 1.545556 3.603797 -1.991942 0.52681 0.52911 0.50841
vt 0.750230 0.745396
vn 0.974928 0.222521 -0.000000
v 1.545556 3.603797 -1.755758 0.52681 0.52911 0.50841
vt 0.747341 0.745729
vn 0.974928 0.222521 -0.000000
v 1.639259 3.193255 -1.755758 0.52681 0.52911 0.50841
vt 0.746202 0.744882
vn 0.974928 0.222521 -0.000000
f 2587/2587/2587 2588/2588/2588 2589/2589/2589
v 1.639259 3.193255 -1.755758 0.52681 0.52911 0.50841
vt 0.746202 0.744882
vn 0.974928 0.222521 0.000000
v 1.639259 3.193255 -1.991942 0.52681 0.52911 0.50841
vt 0.749076 0.744551
vn 0.974928 0.222521 0.000000
v 1.545556 3.603797 -1.991942 0.52681 0.52911 0.50841
vt 0.750230 0.745396
vn 0.974928 0.222521 0.000000
f 2590/2590/2590 2591/2591/2591 2592/2592/2592
v 1.545556 3.603797 -2.552633 0.52681 0.52911 0.50841
vt 0.757091 0.744606
vn 0.974928 0.222521 -0.000000
v 1.545556 3.603797 -2.316449 0.52681 0.52911 0.50841
vt 0.754201 0.744938
vn 0.974928 0.222521 -0.000000
v 1.639259 3.193255 -2.316449 0.52681 0.52911 0.50841
vt 0.753026 0.744096
vn 0.974928 0.222521 -0.000000
f 2593/2593/2593 2594/2594/2594 2595/2595/2595
v 1.639259 3.193255 -2.316449 0.52681 0.52911 0.50841
vt 0.753026 0.744096
vn 0.974928 0.222521 0.000000
v 1.639259 3.193255 -2.552633 0.52681 0.52911 0.50841
vt 0.755901 0.743765
vn 0.974928 0.222521 0.000000
v 1.545556 3.603797 -2.552633 0.52681 0.52911 0.50841
vt 0.757091 0.744606
vn 0.974928 0.222521 0.000000
f 2596/2596/2596 2597/2597/2597 2598/2598/2598
v 1.545556 3.603797 -3.113325 0.52681 0.52911 0.50841
vt 0.763953 0.743815
vn 0.974928 0.222521 -0.000000
v 1.545556 3.603797 -2.877141 0.52681 0.52911 0.50841
vt 0.761062 0.744148
vn 0.974928 0.222521 -0.000000
v 1.639259 3.193255 -2.877141 0.52681 0.52911 0.50841
vt 0.759852 0.743310
vn 0.974928 0.222521 -0.000000
f 2599/2599/2599 2600/2600/2600 2601/2601/2601
v 1.639259 3.193255 -2.877141 0.52681 0.52911 0.50841
vt 0.759852 0.743310
vn 0.974928 0.222521 0.000000
v 1.639259 3.193255 -3.113325 0.52681 0.52911 0.50841
vt 0.762728 0.742979
vn 0.974928 0.222521 0.000000
v 1.545556 3.603797 -3.113325 0.52681 0.52911 0.50841
vt 0.763953 0.743815
vn 0.974928 0.222521 0.000000
f 2602/2602/2602 2603/2603/2603 2604/2604/2604
v 1.545556 3.603797 -3.674017 0.52681 0.52911 0.50841
vt 0.770817 0.743025
vn 0.974928 0.222521 -0.000000
v 1.545556 3.603797 -3.437832 0.52681 0.52911 0.50841
vt 0.767925 0.743358
vn 0.974928 0.222521 -0.000000
v 1.639259 3.193255 -3.437832 0.52681 0.52911 0.50841
vt 0.766680 0.742524
vn 0.974928 0.222521 -0.000000
f 2605/2605/2605 2606/2606/2606 2607/2607/2607
v 1.639259 3.193255 -3.437832 0.52681 0.52911 0.50841
vt 0.766680 0.742524
vn 0.974928 0.222521 0.000000
v 1.639259 3.193255 -3.674017 0.52681 0.52911 0.50841
vt 0.769556 0.742193
vn 0.974928 0.222521 0.000000
v 1.545556 3.603797 -3.674017 0.52681 0.52911 0.50841
vt 0.770817 0.743025
vn 0.974928 0.222521 0.000000
f 2608/2608/2608 2609/2609/2609 2610/2610/2610
v 1.545556 3.603797 -4.234708 0.52681 0.52911 0.50841
vt 0.777682 0.742234
vn 0.974928 0.222521 -0.000000
v 1.545556 3.603797 -3.998524 0.52681 0.52911 0.50841
vt 0.774790 0.742567
vn 0.974928 0.222521 -0.000000
v 1.639259 3.193255 -3.998524 0.52681 0.52911 0.50841
vt 0.773509 0.741737
vn 0.974928 0.222521 -0.000000
f 2611/2611/2611 2612/2612/2612 2613/2613/2613
v 1.639259 3.193255 -3.998524 0.52681 0.52911 0.50841
vt 0.773509 0.741737
vn 0.974928 0.222521 0.000000
v 1.639259 3.193255 -4.234708 0.52681 0.52911 0.50841
vt 0.776386 0.741406
vn 0.974928 0.222521 0.000000
v 1.545556 3.603797 -4.234708 0.52681 0.52911 0.50841
vt 0.777682 0.742234
vn 0.974928 0.222521 0.000000
f 2614/2614/2614 2615/2615/2615 2616/2616/2616
v -1.044572 4.344922 -4.957653 0.26108 0.52005 0.63221
vt 0.300021 0.223537
vn -0.781831 0.623490 0.000000
v -1.509451 3.761983 -4.396961 0.26108 0.52005 0.63221
vt 0.297960 0.222480
vn -0.781831 0.623490 0.000000
v -1.044572 4.344922 -4.396961 0.26108 0.52005 0.63221
vt 0.297106 0.223356
vn -0.781831 0.623490 0.000000
f 2617/2617/2617 2618/2618/2618 2619/2619/2619
v -1.509451 3.761983 -4.396961 0.26108 0.52005 0.63221
vt 0.297960 0.222480
vn -0.781831 0.623490 0.000000
v -1.044572 4.344922 -4.957653 0.26108 0.52005 0.63221
vt 0.300021 0.223537
vn -0.781831 0.623490 0.000000
v -1.509451 3.761983 -4.957653 0.26108 0.52005 0.63221
vt 0.300865 0.222660
vn -0.781831 0.623490 0.000000
f 2620/2620/2620 2621/2621/2621 2622/2622/2622
v -1.044572 4.344922 -5.518344 0.26108 0.52005 0.63221
vt 0.302935 0.223719
vn -0.781831 0.623490 0.000000
v -1.509451 3.761983 -4.957653 0.26108 0.52005 0.63221
vt 0.300865 0.222660
vn -0.781831 0.623490 0.000000
v -1.044572 4.344922 -4.957653 0.26108 0.52005 0.63221
vt 0.300021 0.223537
vn -0.781831 0.623490 0.000000
f 2623/2623/2623 2624/2624/2624 2625/2625/2625
v -1.509451 3.761983 -4.957653 0.26108 0.52005 0.63221
vt 0.300865 0.222660
vn -0.781831 0.623490 0.000000
v -1.044572 4.344922 -5.518344 0.26108 0.52005 0.63221
vt 0.302935 0.223719
vn -0.781831 0.623490 0.000000
v -1.509451 3.761983 -5.518344 0.26108 0.52005 0.63221
vt 0.303770 0.222840
vn -0.781831 0.623490 0.000000
f 2626/2626/2626 2627/2627/2627 2628/2628/2628
v -1.044572 4.344922 -1.593504 0.26108 0.52005 0.63221
vt 0.282536 0.222451
vn -0.781831 0.623490 0.000000
v -1.509451 3.761983 -1.032813 0.26108 0.52005 0.63221
vt 0.280536 0.221397
vn -0.781831 0.623490 0.000000
v -1.044572 4.344922 -1.032813 0.26108 0.52005 0.63221
vt 0.279622 0.222270
vn -0.781831 0.623490 0.000000
f 2629/2629/2629 2630/2630/2630 2631/2631/2631
v -1.509451 3.761983 -1.032813 0.26108 0.52005 0.63221
vt 0.280536 0.221397
vn -0.781831 0.623490 0.000000
v -1.044572 4.344922 -1.593504 0.26108 0.52005 0.63221
vt 0.282536 0.222451
vn -0.781831 0.623490 0.000000
v -1.509451 3.761983 -1.593504 0.26108 0.52005 0.63221
vt 0.283440 0.221578
vn -0.781831 0.623490 0.000000
f 2632/2632/2632 2633/2633/2633 2634/2634/2634
v -1.044572 4.344922 -2.154196 0.26108 0.52005 0.63221
vt 0.285449 0.222632
vn -0.781831 0.623490 0.000000
v -1.509451 3.761983 -1.593504 0.26108 0.52005 0.63221
vt 0.283440 0.221578
vn -0.781831 0.623490 0.000000
v -1.044572 4.344922 -1.593504 0.26108 0.52005 0.63221
vt 0.282536 0.222451
vn -0.781831 0.623490 0.000000
f 2635/2635/2635 2636/2636/2636 2637/2637/2637
v -1.509451 3.761983 -1.593504 0.26108 0.52005 0.63221
vt 0.283440 0.221578
vn -0.781831 0.623490 0.000000
v -1.044572 4.344922 -2.154196 0.26108 0.52005 0.63221
vt 0.285449 0.222632
vn -0.781831 0.623490 0.000000
v -1.509451 3.761983 -2.154196 0.26108 0.52005 0.63221
vt 0.286343 0.221758
vn -0.781831 0.623490 0.000000
f 2638/2638/2638 2639/2639/2639 2640/2640/2640
v -1.044572 4.344922 -2.714887 0.26108 0.52005 0.63221
vt 0.288363 0.222813
vn -0.781831 0.623490 0.000000
v -1.509451 3.761983 -2.154196 0.26108 0.52005 0.63221
vt 0.286343 0.221758
vn -0.781831 0.623490 0.000000
v -1.044572 4.344922 -2.154196 0.26108 0.52005 0.63221
vt 0.285449 0.222632
vn -0.781831 0.623490 0.000000
f 2641/2641/2641 2642/2642/2642 2643/2643/2643
v -1.509451 3.761983 -2.154196 0.26108 0.52005 0.63221
vt 0.286343 0.221758
vn -0.781831 0.623490 0.000000
v -1.044572 4.344922 -2.714887 0.26108 0.52005 0.63221
vt 0.288363 0.222813
vn -0.781831 0.623490 0.000000
v -1.509451 3.761983 -2.714887 0.26108 0.52005 0.63221
vt 0.289247 0.221938
vn -0.781831 0.623490 0.000000
f 2644/2644/2644 2645/2645/2645 2646/2646/2646
v -1.044572 4.344922 -3.275579 0.26108 0.52005 0.63221
vt 0.291277 0.222994
vn -0.781831 0.623490 0.000000
v -1.509451 3.761983 -2.714887 0.26108 0.52005 0.63221
vt 0.289247 0.221938
vn -0.781831 0.623490 0.000000
v -1.044572 4.344922 -2.714887 0.26108 0.52005 0.63221
vt 0.288363 0.222813
vn -0.781831 0.623490 0.000000
f 2647/2647/2647 2648/2648/2648 2649/2649/2649
v -1.509451 3.761983 -2.714887 0.26108 0.52005 0.63221
vt 0.289247 0.221938
vn -0.781831 0.623490 0.000000
v -1.044572 4.344922 -3.275579 0.26108 0.52005 0.63221
vt 0.291277 0.222994
vn -0.781831 0.623490 0.000000
v -1.509451 3.761983 -3.275579 0.26108 0.52005 0.63221
vt 0.292151 0.222119
vn -0.781831 0.623490 0.000000
f 2650/2650/2650 2651/2651/2651 2652/2652/2652
v -1.044572 4.344922 -3.836270 0.26108 0.52005 0.63221
vt 0.294191 0.223175
vn -0.781831 0.623490 0.000000
v -1.509451 3.761983 -3.275579 0.26108 0.52005 0.63221
vt 0.292151 0.222119
vn -0.781831 0.623490 0.000000
v -1.044572 4.344922 -3.275579 0.26108 0.52005 0.63221
vt 0.291277 0.222994
vn -0.781831 0.623490 0.000000
f 2653/2653/2653 2654/2654/2654 2655/2655/2655
v -1.509451 3.761983 -3.275579 0.26108 0.52005 0.63221
vt 0.292151 0.222119
vn -0.781831 0.623490 0.000000
v -1.044572 4.344922 -3.836270 0.26108 0.52005 0.63221
vt 0.294191 0.223175
vn -0.781831 0.623490 0.000000
v -1.509451 3.761983 -3.836270 0.26108 0.52005 0.63221
vt 0.295056 0.222299
vn -0.781831 0.623490 0.000000
f 2656/2656/2656 2657/2657/2657 2658/2658/2658
v -1.044572 4.344922 -4.396961 0.26108 0.52005 0.63221
vt 0.297106 0.223356
vn -0.781831 0.623490 0.000000
v -1.509451 3.761983 -3.836270 0.26108 0.52005 0.63221
vt 0.295056 0.222299
vn -0.781831 0.623490 0.000000
v -1.044572 4.344922 -3.836270 0.26108 0.52005 0.63221
vt 0.294191 0.223175
vn -0.781831 0.623490 0.000000
f 2659/2659/2659 2660/2660/2660 2661/2661/2661
v -1.509451 3.761983 -3.836270 0.26108 0.52005 0.63221
vt 0.295056 0.222299
vn -0.781831 0.623490 0.000000
v -1.044572 4.344922 -4.396961 0.26108 0.52005 0.63221
vt 0.297106 0.223356
vn -0.781831 0.623490 0.000000
v -1.509451 3.761983 -4.396961 0.26108 0.52005 0.63221
vt 0.297960 0.222480
vn -0.781831 0.623490 0.000000
f 2662/2662/2662 2663/2663/2663 2664/2664/2664
v 1.044572 4.344922 -4.957653 0.26108 0.52005 0.63221
vt 0.298899 0.233715
vn 0.781831 0.623490 -0.000000
v 1.044572 4.344922 -4.396961 0.26108 0.52005 0.63221
vt 0.295978 0.233534
vn 0.781831 0.623490 -0.000000
v 1.509451 3.761983 -4.396961 0.26108 0.52005 0.63221
vt 0.296337 0.237146
vn 0.781831 0.623490 -0.000000
f 2665/2665/2665 2666/2666/2666 2667/2667/2667
v 1.509451 3.761983 -4.396961 0.26108 0.52005 0.63221
vt 0.296337 0.237146
vn 0.781831 0.623490 0.000000
v 1.509451 3.761983 -4.957653 0.26108 0.52005 0.63221
vt 0.299250 0.237327
vn 0.781831 0.623490 0.000000
v 1.044572 4.344922 -4.957653 0.26108 0.52005 0.63221
vt 0.298899 0.233715
vn 0.781831 0.623490 0.000000
f 2668/2668/2668 2669/2669/2669 2670/2670/2670
v 1.044572 4.344922 -5.518344 0.26108 0.52005 0.63221
vt 0.301820 0.233897
vn 0.781831 0.623490 -0.000000
v 1.044572 4.344922 -4.957653 0.26108 0.52005 0.63221
vt 0.298899 0.233715
vn 0.781831 0.623490 -0.000000
v 1.509451 3.761983 -4.957653 0.26108 0.52005 0.63221
vt 0.299250 0.237327
vn 0.781831 0.623490 -0.000000
f 2671/2671/2671 2672/2672/2672 2673/2673/2673
v 1.509451 3.761983 -4.957653 0.26108 0.52005 0.63221
vt 0.299250 0.237327
vn 0.781831 0.623490 0.000000
v 1.509451 3.761983 -5.518344 0.26108 0.52005 0.63221
vt 0.302164 0.237509
vn 0.781831 0.623490 0.000000
v 1.044572 4.344922 -5.518344 0.26108 0.52005 0.63221
vt 0.301820 0.233897
vn 0.781831 0.623490 0.000000
f 2674/2674/2674 2675/2675/2675 2676/2676/2676
v 1.044572 4.344922 -1.593504 0.26108 0.52005 0.63221
vt 0.281379 0.232625
vn 0.781831 0.623490 -0.000000
v 1.044572 4.344922 -1.032813 0.26108 0.52005 0.63221
vt 0.278460 0.232443
vn 0.781831 0.623490 -0.000000
v 1.509451 3.761983 -1.032813 0.26108 0.52005 0.63221
vt 0.278864 0.236058
vn 0.781831 0.623490 -0.000000
f 2677/2677/2677 2678/2678/2678 2679/2679/2679
v 1.509451 3.761983 -1.032813 0.26108 0.52005 0.63221
vt 0.278864 0.236058
vn 0.781831 0.623490 0.000000
v 1.509451 3.761983 -1.593504 0.26108 0.52005 0.63221
vt 0.281776 0.236239
vn 0.781831 0.623490 0.000000
v 1.044572 4.344922 -1.593504 0.26108 0.52005 0.63221
vt 0.281379 0.232625
vn 0.781831 0.623490 0.000000
f 2680/2680/2680 2681/2681/2681 2682/2682/2682
v 1.044572 4.344922 -2.154196 0.26108 0.52005 0.63221
vt 0.284299 0.232807
vn 0.781831 0.623490 -0.000000
v 1.044572 4.344922 -1.593504 0.26108 0.52005 0.63221
vt 0.281379 0.232625
vn 0.781831 0.623490 -0.000000
v 1.509451 3.761983 -1.593504 0.26108 0.52005 0.63221
vt 0.281776 0.236239
vn 0.781831 0.623490 -0.000000
f 2683/2683/2683 2684/2684/2684 2685/2685/2685
v 1.509451 3.761983 -1.593504 0.26108 0.52005 0.63221
vt 0.281776 0.236239
vn 0.781831 0.623490 0.000000
v 1.509451 3.761983 -2.154196 0.26108 0.52005 0.63221
vt 0.284688 0.236420
vn 0.781831 0.623490 0.000000
v 1.044572 4.344922 -2.154196 0.26108 0.52005 0.63221
vt 0.284299 0.232807
vn 0.781831 0.623490 0.000000
f 2686/2686/2686 2687/2687/2687 2688/2688/2688
v 1.044572 4.344922 -2.714887 0.26108 0.52005 0.63221
vt 0.287218 0.232988
vn 0.781831 0.623490 -0.000000
v 1.044572 4.344922 -2.154196 0.26108 0.52005 0.63221
vt 0.284299 0.232807
vn 0.781831 0.623490 -0.000000
v 1.509451 3.761983 -2.154196 0.26108 0.52005 0.63221
vt 0.284688 0.236420
vn 0.781831 0.623490 -0.000000
f 2689/2689/2689 2690/2690/2690 2691/2691/2691
v 1.509451 3.761983 -2.154196 0.26108 0.52005 0.63221
vt 0.284688 0.236420
vn 0.781831 0.623490 0.000000
v 1.509451 3.761983 -2.714887 0.26108 0.52005 0.63221
vt 0.287600 0.236602
vn 0.781831 0.623490 0.000000
v 1.044572 4.344922 -2.714887 0.26108 0.52005 0.63221
vt 0.287218 0.232988
vn 0.781831 0.623490 0.000000
f 2692/2692/2692 2693/2693/2693 2694/2694/2694
v 1.044572 4.344922 -3.275579 0.26108 0.52005 0.63221
vt 0.290138 0.233170
vn 0.781831 0.623490 -0.000000
v 1.044572 4.344922 -2.714887 0.26108 0.52005 0.63221
vt 0.287218 0.232988
vn 0.781831 0.623490 -0.000000
v 1.509451 3.761983 -2.714887 0.26108 0.52005 0.63221
vt 0.287600 0.236602
vn 0.781831 0.623490 -0.000000
f 2695/2695/2695 2696/2696/2696 2697/2697/2697
v 1.509451 3.761983 -2.714887 0.26108 0.52005 0.63221
vt 0.287600 0.236602
vn 0.781831 0.623490 0.000000
v 1.509451 3.761983 -3.275579 0.26108 0.52005 0.63221
vt 0.290512 0.236783
vn 0.781831 0.623490 0.000000
v 1.044572 4.344922 -3.275579 0.26108 0.52005 0.63221
vt 0.290138 0.233170
vn 0.781831 0.623490 0.000000
f 2698/2698/2698 2699/2699/2699 2700/2700/2700
v 1.044572 4.344922 -3.836270 0.26108 0.52005 0.63221
vt 0.293058 0.233352
vn 0.781831 0.623490 -0.000000
v 1.044572 4.344922 -3.275579 0.26108 0.52005 0.63221
vt 0.290138 0.233170
vn 0.781831 0.623490 -0.000000
v 1.509451 3.761983 -3.275579 0.26108 0.52005 0.63221
vt 0.290512 0.236783
vn 0.781831 0.623490 -0.000000
f 2701/2701/2701 2702/2702/2702 2703/2703/2703
v 1.509451 3.761983 -3.275579 0.26108 0.52005 0.63221
vt 0.290512 0.236783
vn 0.781831 0.623490 0.000000
v 1.509451 3.761983 -3.836270 0.26108 0.52005 0.63221
vt 0.293425 0.236965
vn 0.781831 0.623490 0.000000
v 1.044572 4.344922 -3.836270 0.26108 0.52005 0.63221
vt 0.293058 0.233352
vn 0.781831 0.623490 0.000000
f 2704/2704/2704 2705/2705/2705 2706/2706/2706
v 1.044572 4.344922 -4.396961 0.26108 0.52005 0.63221
vt 0.295978 0.233534
vn 0.781831 0.623490 -0.000000
v 1.044572 4.344922 -3.836270 0.26108 0.52005 0.63221
vt 0.293058 0.233352
vn 0.781831 0.623490 -0.000000
v 1.509451 3.761983 -3.836270 0.26108 0.52005 0.63221
vt 0.293425 0.236965
vn 0.781831 0.623490 -0.000000
f 2707/2707/2707 2708/2708/2708 2709/2709/2709
v 1.509451 3.761983 -3.836270 0.26108 0.52005 0.63221
vt 0.293425 0.236965
vn 0.781831 0.623490 0.000000
v 1.509451 3.761983 -4.396961 0.26108 0.52005 0.63221
vt 0.296337 0.237146
vn 0.781831 0.623490 0.000000
v 1.044572 4.344922 -4.396961 0.26108 0.52005 0.63221
vt 0.295978 0.233534
vn 0.781831 0.623490 0.000000
f 2710/2710/2710 2711/2711/2711 2712/2712/2712
v -1.545556 3.603797 -4.795399 0.52681 0.52911 0.50841
vt 0.781476 0.705221
vn -0.974928 0.222521 0.000000
v -1.639259 3.193255 -4.559215 0.52681 0.52911 0.50841
vt 0.777073 0.702718
vn -0.974928 0.222521 0.000000
v -1.545556 3.603797 -4.559215 0.52681 0.52911 0.50841
vt 0.778568 0.705558
vn -0.974928 0.222521 0.000000
f 2713/2713/2713 2714/2714/2714 2715/2715/2715
v -1.639259 3.193255 -4.559215 0.52681 0.52911 0.50841
vt 0.777073 0.702718
vn -0.974928 0.222521 0.000000
v -1.545556 3.603797 -4.795399 0.52681 0.52911 0.50841
vt 0.781476 0.705221
vn -0.974928 0.222521 0.000000
v -1.639259 3.193255 -4.795399 0.52681 0.52911 0.50841
vt 0.779967 0.702382
vn -0.974928 0.222521 0.000000
f 2716/2716/2716 2717/2717/2717 2718/2718/2718
v -1.545556 3.603797 -5.356091 0.52681 0.52911 0.50841
vt 0.788380 0.704422
vn -0.974928 0.222521 0.000000
v -1.639259 3.193255 -5.119906 0.52681 0.52911 0.50841
vt 0.783943 0.701922
vn -0.974928 0.222521 0.000000
v -1.545556 3.603797 -5.119906 0.52681 0.52911 0.50841
vt 0.785471 0.704759
vn -0.974928 0.222521 0.000000
f 2719/2719/2719 2720/2720/2720 2721/2721/2721
v -1.639259 3.193255 -5.119906 0.52681 0.52911 0.50841
vt 0.783943 0.701922
vn -0.974928 0.222521 0.000000
v -1.545556 3.603797 -5.356091 0.52681 0.52911 0.50841
vt 0.788380 0.704422
vn -0.974928 0.222521 0.000000
v -1.639259 3.193255 -5.356091 0.52681 0.52911 0.50841
vt 0.786837 0.701586
vn -0.974928 0.222521 0.000000
f 2722/2722/2722 2723/2723/2723 2724/2724/2724
v -1.545556 3.603797 -1.431251 0.52681 0.52911 0.50841
vt 0.740083 0.710014
vn -0.974928 0.222521 0.000000
v -1.639259 3.193255 -1.195066 0.52681 0.52911 0.50841
vt 0.735886 0.707488
vn -0.974928 0.222521 0.000000
v -1.545556 3.603797 -1.195066 0.52681 0.52911 0.50841
vt 0.737179 0.710350
vn -0.974928 0.222521 0.000000
f 2725/2725/2725 2726/2726/2726 2727/2727/2727
v -1.639259 3.193255 -1.195066 0.52681 0.52911 0.50841
vt 0.735886 0.707488
vn -0.974928 0.222521 0.000000
v -1.545556 3.603797 -1.431251 0.52681 0.52911 0.50841
vt 0.740083 0.710014
vn -0.974928 0.222521 0.000000
v -1.639259 3.193255 -1.431251 0.52681 0.52911 0.50841
vt 0.738776 0.707154
vn -0.974928 0.222521 0.000000
f 2728/2728/2728 2729/2729/2729 2730/2730/2730
v -1.545556 3.603797 -1.991942 0.52681 0.52911 0.50841
vt 0.746978 0.709215
vn -0.974928 0.222521 0.000000
v -1.639259 3.193255 -1.755758 0.52681 0.52911 0.50841
vt 0.742746 0.706694
vn -0.974928 0.222521 0.000000
v -1.545556 3.603797 -1.755758 0.52681 0.52911 0.50841
vt 0.744073 0.709552
vn -0.974928 0.222521 0.000000
f 2731/2731/2731 2732/2732/2732 2733/2733/2733
v -1.639259 3.193255 -1.755758 0.52681 0.52911 0.50841
vt 0.742746 0.706694
vn -0.974928 0.222521 0.000000
v -1.545556 3.603797 -1.991942 0.52681 0.52911 0.50841
vt 0.746978 0.709215
vn -0.974928 0.222521 0.000000
v -1.639259 3.193255 -1.991942 0.52681 0.52911 0.50841
vt 0.745637 0.706359
vn -0.974928 0.222521 0.000000
f 2734/2734/2734 2735/2735/2735 2736/2736/2736
v -1.545556 3.603797 -2.552633 0.52681 0.52911 0.50841
vt 0.753874 0.708417
vn -0.974928 0.222521 0.000000
v -1.639259 3.193255 -2.316449 0.52681 0.52911 0.50841
vt 0.749608 0.705899
vn -0.974928 0.222521 0.000000
v -1.545556 3.603797 -2.316449 0.52681 0.52911 0.50841
vt 0.750969 0.708753
vn -0.974928 0.222521 0.000000
f 2737/2737/2737 2738/2738/2738 2739/2739/2739
v -1.639259 3.193255 -2.316449 0.52681 0.52911 0.50841
vt 0.749608 0.705899
vn -0.974928 0.222521 0.000000
v -1.545556 3.603797 -2.552633 0.52681 0.52911 0.50841
vt 0.753874 0.708417
vn -0.974928 0.222521 0.000000
v -1.639259 3.193255 -2.552633 0.52681 0.52911 0.50841
vt 0.752500 0.705564
vn -0.974928 0.222521 0.000000
f 2740/2740/2740 2741/2741/2741 2742/2742/2742
v -1.545556 3.603797 -3.113325 0.52681 0.52911 0.50841
vt 0.760772 0.707618
vn -0.974928 0.222521 0.000000
v -1.639259 3.193255 -2.877141 0.52681 0.52911 0.50841
vt 0.756472 0.705104
vn -0.974928 0.222521 0.000000
v -1.545556 3.603797 -2.877141 0.52681 0.52911 0.50841
vt 0.757866 0.707955
vn -0.974928 0.222521 0.000000
f 2743/2743/2743 2744/2744/2744 2745/2745/2745
v -1.639259 3.193255 -2.877141 0.52681 0.52911 0.50841
vt 0.756472 0.705104
vn -0.974928 0.222521 0.000000
v -1.545556 3.603797 -3.113325 0.52681 0.52911 0.50841
vt 0.760772 0.707618
vn -0.974928 0.222521 0.000000
v -1.639259 3.193255 -3.113325 0.52681 0.52911 0.50841
vt 0.759364 0.704769
vn -0.974928 0.222521 0.000000
f 2746/2746/2746 2747/2747/2747 2748/2748/2748
v -1.545556 3.603797 -3.674017 0.52681 0.52911 0.50841
vt 0.767672 0.706819
vn -0.974928 0.222521 0.000000
v -1.639259 3.193255 -3.437832 0.52681 0.52911 0.50841
vt 0.763337 0.704309
vn -0.974928 0.222521 0.000000
v -1.545556 3.603797 -3.437832 0.52681 0.52911 0.50841
vt 0.764765 0.707156
vn -0.974928 0.222521 0.000000
f 2749/2749/2749 2750/2750/2750 2751/2751/2751
v -1.639259 3.193255 -3.437832 0.52681 0.52911 0.50841
vt 0.763337 0.704309
vn -0.974928 0.222521 0.000000
v -1.545556 3.603797 -3.674017 0.52681 0.52911 0.50841
vt 0.767672 0.706819
vn -0.974928 0.222521 0.000000
v -1.639259 3.193255 -3.674017 0.52681 0.52911 0.50841
vt 0.766230 0.703973
vn -0.974928 0.222521 0.000000
f 2752/2752/2752 2753/2753/2753 2754/2754/2754
v -1.545556 3.603797 -4.234708 0.52681 0.52911 0.50841
vt 0.774573 0.706020
vn -0.974928 0.222521 0.000000
v -1.639259 3.193255 -3.998524 0.52681 0.52911 0.50841
vt 0.770204 0.703513
vn -0.974928 0.222521 0.000000
v -1.545556 3.603797 -3.998524 0.52681 0.52911 0.50841
vt 0.771666 0.706357
vn -0.974928 0.222521 0.000000
f 2755/2755/2755 2756/2756/2756 2757/2757/2757
v -1.639259 3.193255 -3.998524 0.52681 0.52911 0.50841
vt 0.770204 0.703513
vn -0.974928 0.222521 0.000000
v -1.545556 3.603797 -4.234708 0.52681 0.52911 0.50841
vt 0.774573 0.706020
vn -0.974928 0.222521 0.000000
v -1.639259 3.193255 -4.234708 0.52681 0.52911 0.50841
vt 0.773097 0.703178
vn -0.974928 0.222521 0.000000
f 2758/2758/2758 2759/2759/2759 2760/2760/2760
v 1.509451 2.308156 -4.957653 0.28524 0.28754 0.26684
vt 0.810233 0.245362
vn 0.781831 -0.623490 0.000000
v 1.509451 2.308156 -4.396961 0.28524 0.28754 0.26684
vt 0.805625 0.244987
vn 0.781831 -0.623490 0.000000
v 1.044572 1.725218 -4.396961 0.28524 0.28754 0.26684
vt 0.804329 0.243277
vn 0.781831 -0.623490 0.000000
f 2761/2761/2761 2762/2762/2762 2763/2763/2763
v 1.044572 1.725218 -4.396961 0.28524 0.28754 0.26684
vt 0.804329 0.243277
vn 0.781831 -0.623490 0.000000
v 1.044572 1.725218 -4.957653 0.28524 0.28754 0.26684
vt 0.808912 0.243649
vn 0.781831 -0.623490 0.000000
v 1.509451 2.308156 -4.957653 0.28524 0.28754 0.26684
vt 0.810233 0.245362
vn 0.781831 -0.623490 0.000000
f 2764/2764/2764 2765/2765/2765 2766/2766/2766
v 1.509451 2.308156 -5.518344 0.28524 0.28754 0.26684
vt 0.814841 0.245737
vn 0.781831 -0.623490 0.000000
v 1.509451 2.308156 -4.957653 0.28524 0.28754 0.26684
vt 0.810233 0.245362
vn 0.781831 -0.623490 0.000000
v 1.044572 1.725218 -4.957653 0.28524 0.28754 0.26684
vt 0.808912 0.243649
vn 0.781831 -0.623490 0.000000
f 2767/2767/2767 2768/2768/2768 2769/2769/2769
v 1.044572 1.725218 -4.957653 0.28524 0.28754 0.26684
vt 0.808912 0.243649
vn 0.781831 -0.623490 0.000000
v 1.044572 1.725218 -5.518344 0.28524 0.28754 0.26684
vt 0.813496 0.244022
vn 0.781831 -0.623490 0.000000
v 1.509451 2.308156 -5.518344 0.28524 0.28754 0.26684
vt 0.814841 0.245737
vn 0.781831 -0.623490 0.000000
f 2770/2770/2770 2771/2771/2771 2772/2772/2772
v 1.509451 2.308156 -1.593504 0.28524 0.28754 0.26684
vt 0.782596 0.243115
vn 0.781831 -0.623490 0.000000
v 1.509451 2.308156 -1.032813 0.28524 0.28754 0.26684
vt 0.777992 0.242740
vn 0.781831 -0.623490 0.000000
v 1.044572 1.725218 -1.032813 0.28524 0.28754 0.26684
vt 0.776842 0.241042
vn 0.781831 -0.623490 0.000000
f 2773/2773/2773 2774/2774/2774 2775/2775/2775
v 1.044572 1.725218 -1.032813 0.28524 0.28754 0.26684
vt 0.776842 0.241042
vn 0.781831 -0.623490 0.000000
v 1.044572 1.725218 -1.593504 0.28524 0.28754 0.26684
vt 0.781422 0.241414
vn 0.781831 -0.623490 0.000000
v 1.509451 2.308156 -1.593504 0.28524 0.28754 0.26684
vt 0.782596 0.243115
vn 0.781831 -0.623490 0.000000
f 2776/2776/2776 2777/2777/2777 2778/2778/2778
v 1.509451 2.308156 -2.154196 0.28524 0.28754 0.26684
vt 0.787201 0.243489
vn 0.781831 -0.623490 0.000000
v 1.509451 2.308156 -1.593504 0.28524 0.28754 0.26684
vt 0.782596 0.243115
vn 0.781831 -0.623490 0.000000
v 1.044572 1.725218 -1.593504 0.28524 0.28754 0.26684
vt 0.781422 0.241414
vn 0.781831 -0.623490 0.000000
f 2779/2779/2779 2780/2780/2780 2781/2781/2781
v 1.044572 1.725218 -1.593504 0.28524 0.28754 0.26684
vt 0.781422 0.241414
vn 0.781831 -0.623490 0.000000
v 1.044572 1.725218 -2.154196 0.28524 0.28754 0.26684
vt 0.786002 0.241787
vn 0.781831 -0.623490 0.000000
v 1.509451 2.308156 -2.154196 0.28524 0.28754 0.26684
vt 0.787201 0.243489
vn 0.781831 -0.623490 0.000000
f 2782/2782/2782 2783/2783/2783 2784/2784/2784
v 1.509451 2.308156 -2.714887 0.28524 0.28754 0.26684
vt 0.791806 0.243864
vn 0.781831 -0.623490 0.000000
v 1.509451 2.308156 -2.154196 0.28524 0.28754 0.26684
vt 0.787201 0.243489
vn 0.781831 -0.623490 0.000000
v 1.044572 1.725218 -2.154196 0.28524 0.28754 0.26684
vt 0.786002 0.241787
vn 0.781831 -0.623490 0.000000
f 2785/2785/2785 2786/2786/2786 2787/2787/2787
v 1.044572 1.725218 -2.154196 0.28524 0.28754 0.26684
vt 0.786002 0.241787
vn 0.781831 -0.623490 0.000000
v 1.044572 1.725218 -2.714887 0.28524 0.28754 0.26684
vt 0.790583 0.242159
vn 0.781831 -0.623490 0.000000
v 1.509451 2.308156 -2.714887 0.28524 0.28754 0.26684
vt 0.791806 0.243864
vn 0.781831 -0.623490 0.000000
f 2788/2788/2788 2789/2789/2789 2790/2790/2790
v 1.509451 2.308156 -3.275579 0.28524 0.28754 0.26684
vt 0.796412 0.244238
vn 0.781831 -0.623490 0.000000
v 1.509451 2.308156 -2.714887 0.28524 0.28754 0.26684
vt 0.791806 0.243864
vn 0.781831 -0.623490 0.000000
v 1.044572 1.725218 -2.714887 0.28524 0.28754 0.26684
vt 0.790583 0.242159
vn 0.781831 -0.623490 0.000000
f 2791/2791/2791 2792/2792/2792 2793/2793/2793
v 1.044572 1.725218 -2.714887 0.28524 0.28754 0.26684
vt 0.790583 0.242159
vn 0.781831 -0.623490 0.000000
v 1.044572 1.725218 -3.275579 0.28524 0.28754 0.26684
vt 0.795165 0.242532
vn 0.781831 -0.623490 0.000000
v 1.509451 2.308156 -3.275579 0.28524 0.28754 0.26684
vt 0.796412 0.244238
vn 0.781831 -0.623490 0.000000
f 2794/2794/2794 2795/2795/2795 2796/2796/2796
v 1.509451 2.308156 -3.836270 0.28524 0.28754 0.26684
vt 0.801018 0.244613
vn 0.781831 -0.623490 0.000000
v 1.509451 2.308156 -3.275579 0.28524 0.28754 0.26684
vt 0.796412 0.244238
vn 0.781831 -0.623490 0.000000
v 1.044572 1.725218 -3.275579 0.28524 0.28754 0.26684
vt 0.795165 0.242532
vn 0.781831 -0.623490 0.000000
f 2797/2797/2797 2798/2798/2798 2799/2799/2799
v 1.044572 1.725218 -3.275579 0.28524 0.28754 0.26684
vt 0.795165 0.242532
vn 0.781831 -0.623490 0.000000
v 1.044572 1.725218 -3.836270 0.28524 0.28754 0.26684
vt 0.799747 0.242904
vn 0.781831 -0.623490 0.000000
v 1.509451 2.308156 -3.836270 0.28524 0.28754 0.26684
vt 0.801018 0.244613
vn 0.781831 -0.623490 0.000000
f 2800/2800/2800 2801/2801/2801 2802/2802/2802
v 1.509451 2.308156 -4.396961 0.28524 0.28754 0.26684
vt 0.805625 0.244987
vn 0.781831 -0.623490 0.000000
v 1.509451 2.308156 -3.836270 0.28524 0.28754 0.26684
vt 0.801018 0.244613
vn 0.781831 -0.623490 0.000000
v 1.044572 1.725218 -3.836270 0.28524 0.28754 0.26684
vt 0.799747 0.242904
vn 0.781831 -0.623490 0.000000
f 2803/2803/2803 2804/2804/2804 2805/2805/2805
v 1.044572 1.725218 -3.836270 0.28524 0.28754 0.26684
vt 0.799747 0.242904
vn 0.781831 -0.623490 0.000000
v 1.044572 1.725218 -4.396961 0.28524 0.28754 0.26684
vt 0.804329 0.243277
vn 0.781831 -0.623490 0.000000
v 1.509451 2.308156 -4.396961 0.28524 0.28754 0.26684
vt 0.805625 0.244987
vn 0.781831 -0.623490 0.000000
f 2806/2806/2806 2807/2807/2807 2808/2808/2808
v -0.372804 4.668429 -4.957653 0.26108 0.52005 0.63221
vt 0.299327 0.226044
vn -0.433884 0.900969 0.000000
v -1.044572 4.344922 -4.396961 0.26108 0.52005 0.63221
vt 0.297106 0.223356
vn -0.433884 0.900969 0.000000
v -0.372804 4.668429 -4.396961 0.26108 0.52005 0.63221
vt 0.296406 0.225862
vn -0.433884 0.900969 0.000000
f 2809/2809/2809 2810/2810/2810 2811/2811/2811
v -1.044572 4.344922 -4.396961 0.26108 0.52005 0.63221
vt 0.297106 0.223356
vn -0.433884 0.900969 0.000000
v -0.372804 4.668429 -4.957653 0.26108 0.52005 0.63221
vt 0.299327 0.226044
vn -0.433884 0.900969 0.000000
v -1.044572 4.344922 -4.957653 0.26108 0.52005 0.63221
vt 0.300021 0.223537
vn -0.433884 0.900969 0.000000
f 2812/2812/2812 2813/2813/2813 2814/2814/2814
v -0.372804 4.668429 -5.518344 0.26108 0.52005 0.63221
vt 0.302249 0.226225
vn -0.433884 0.900969 0.000000
v -1.044572 4.344922 -4.957653 0.26108 0.52005 0.63221
vt 0.300021 0.223537
vn -0.433884 0.900969 0.000000
v -0.372804 4.668429 -4.957653 0.26108 0.52005 0.63221
vt 0.299327 0.226044
vn -0.433884 0.900969 0.000000
f 2815/2815/2815 2816/2816/2816 2817/2817/2817
v -1.044572 4.344922 -4.957653 0.26108 0.52005 0.63221
vt 0.300021 0.223537
vn -0.433884 0.900969 0.000000
v -0.372804 4.668429 -5.518344 0.26108 0.52005 0.63221
vt 0.302249 0.226225
vn -0.433884 0.900969 0.000000
v -1.044572 4.344922 -5.518344 0.26108 0.52005 0.63221
vt 0.302935 0.223719
vn -0.433884 0.900969 0.000000
f 2818/2818/2818 2819/2819/2819 2820/2820/2820
v -0.372804 4.668429 -1.593504 0.26108 0.52005 0.63221
vt 0.281802 0.224955
vn -0.433884 0.900969 0.000000
v -1.044572 4.344922 -1.032813 0.26108 0.52005 0.63221
vt 0.279622 0.222270
vn -0.433884 0.900969 0.000000
v -0.372804 4.668429 -1.032813 0.26108 0.52005 0.63221
vt 0.278882 0.224773
vn -0.433884 0.900969 0.000000
f 2821/2821/2821 2822/2822/2822 2823/2823/2823
v -1.044572 4.344922 -1.032813 0.26108 0.52005 0.63221
vt 0.279622 0.222270
vn -0.433884 0.900969 0.000000
v -0.372804 4.668429 -1.593504 0.26108 0.52005 0.63221
vt 0.281802 0.224955
vn -0.433884 0.900969 0.000000
v -1.044572 4.344922 -1.593504 0.26108 0.52005 0.63221
vt 0.282536 0.222451
vn -0.433884 0.900969 0.000000
f 2824/2824/2824 2825/2825/2825 2826/2826/2826
v -0.372804 4.668429 -2.154196 0.26108 0.52005 0.63221
vt 0.284722 0.225136
vn -0.433884 0.900969 0.000000
v -1.044572 4.344922 -1.593504 0.26108 0.52005 0.63221
vt 0.282536 0.222451
vn -0.433884 0.900969 0.000000
v -0.372804 4.668429 -1.593504 0.26108 0.52005 0.63221
vt 0.281802 0.224955
vn -0.433884 0.900969 0.000000
f 2827/2827/2827 2828/2828/2828 2829/2829/2829
v -1.044572 4.344922 -1.593504 0.26108 0.52005 0.63221
vt 0.282536 0.222451
vn -0.433884 0.900969 0.000000
v -0.372804 4.668429 -2.154196 0.26108 0.52005 0.63221
vt 0.284722 0.225136
vn -0.433884 0.900969 0.000000
v -1.044572 4.344922 -2.154196 0.26108 0.52005 0.63221
vt 0.285449 0.222632
vn -0.433884 0.900969 0.000000
f 2830/2830/2830 2831/2831/2831 2832/2832/2832
v -0.372804 4.668429 -2.714887 0.26108 0.52005 0.63221
vt 0.287643 0.225318
vn -0.433884 0.900969 0.000000
v -1.044572 4.344922 -2.154196 0.26108 0.52005 0.63221
vt 0.285449 0.222632
vn -0.433884 0.900969 0.000000
v -0.372804 4.668429 -2.154196 0.26108 0.52005 0.63221
vt 0.284722 0.225136
vn -0.433884 0.900969 0.000000
f 2833/2833/2833 2834/2834/2834 2835/2835/2835
v -1.044572 4.344922 -2.154196 0.26108 0.52005 0.63221
vt 0.285449 0.222632
vn -0.433884 0.900969 0.000000
v -0.372804 4.668429 -2.714887 0.26108 0.52005 0.63221
vt 0.287643 0.225318
vn -0.433884 0.900969 0.000000
v -1.044572 4.344922 -2.714887 0.26108 0.52005 0.63221
vt 0.288363 0.222813
vn -0.433884 0.900969 0.000000
f 2836/2836/2836 2837/2837/2837 2838/2838/2838
v -0.372804 4.668429 -3.275579 0.26108 0.52005 0.63221
vt 0.290564 0.225499
vn -0.433884 0.900969 0.000000
v -1.044572 4.344922 -2.714887 0.26108 0.52005 0.63221
vt 0.288363 0.222813
vn -0.433884 0.900969 0.000000
v -0.372804 4.668429 -2.714887 0.26108 0.52005 0.63221
vt 0.287643 0.225318
vn -0.433884 0.900969 0.000000
f 2839/2839/2839 2840/2840/2840 2841/2841/2841
v -1.044572 4.344922 -2.714887 0.26108 0.52005 0.63221
vt 0.288363 0.222813
vn -0.433884 0.900969 0.000000
v -0.372804 4.668429 -3.275579 0.26108 0.52005 0.63221
vt 0.290564 0.225499
vn -0.433884 0.900969 0.000000
v -1.044572 4.344922 -3.275579 0.26108 0.52005 0.63221
vt 0.291277 0.222994
vn -0.433884 0.900969 0.000000
f 2842/2842/2842 2843/2843/2843 2844/2844/2844
v -0.372804 4.668429 -3.836270 0.26108 0.52005 0.63221
vt 0.293485 0.225681
vn -0.433884 0.900969 0.000000
v -1.044572 4.344922 -3.275579 0.26108 0.52005 0.63221
vt 0.291277 0.222994
vn -0.433884 0.900969 0.000000
v -0.372804 4.668429 -3.275579 0.26108 0.52005 0.63221
vt 0.290564 0.225499
vn -0.433884 0.900969 0.000000
f 2845/2845/2845 2846/2846/2846 2847/2847/2847
v -1.044572 4.344922 -3.275579 0.26108 0.52005 0.63221
vt 0.291277 0.222994
vn -0.433884 0.900969 0.000000
v -0.372804 4.668429 -3.836270 0.26108 0.52005 0.63221
vt 0.293485 0.225681
vn -0.433884 0.900969 0.000000
v -1.044572 4.344922 -3.836270 0.26108 0.52005 0.63221
vt 0.294191 0.223175
vn -0.433884 0.900969 0.000000
f 2848/2848/2848 2849/2849/2849 2850/2850/2850
v -0.372804 4.668429 -4.396961 0.26108 0.52005 0.63221
vt 0.296406 0.225862
vn -0.433884 0.900969 0.000000
v -1.044572 4.344922 -3.836270 0.26108 0.52005 0.63221
vt 0.294191 0.223175
vn -0.433884 0.900969 0.000000
v -0.372804 4.668429 -3.836270 0.26108 0.52005 0.63221
vt 0.293485 0.225681
vn -0.433884 0.900969 0.000000
f 2851/2851/2851 2852/2852/2852 2853/2853/2853
v -1.044572 4.344922 -3.836270 0.26108 0.52005 0.63221
vt 0.294191 0.223175
vn -0.433884 0.900969 0.000000
v -0.372804 4.668429 -4.396961 0.26108 0.52005 0.63221
vt 0.296406 0.225862
vn -0.433884 0.900969 0.000000
v -1.044572 4.344922 -4.396961 0.26108 0.52005 0.63221
vt 0.297106 0.223356
vn -0.433884 0.900969 0.000000
f 2854/2854/2854 2855/2855/2855 2856/2856/2856
v -1.675364 3.035070 -4.957653 0.26108 0.52005 0.63221
vt 0.301690 0.223571
vn -0.974928 -0.222521 0.000000
v -1.509451 2.308156 -4.396961 0.26108 0.52005 0.63221
vt 0.299451 0.225891
vn -0.974928 -0.222521 0.000000
v -1.675364 3.035070 -4.396961 0.26108 0.52005 0.63221
vt 0.298797 0.223391
vn -0.974928 -0.222521 0.000000
f 2857/2857/2857 2858/2858/2858 2859/2859/2859
v -1.509451 2.308156 -4.396961 0.26108 0.52005 0.63221
vt 0.299451 0.225891
vn -0.974928 -0.222521 -0.000000
v -1.675364 3.035070 -4.957653 0.26108 0.52005 0.63221
vt 0.301690 0.223571
vn -0.974928 -0.222521 -0.000000
v -1.509451 2.308156 -4.957653 0.26108 0.52005 0.63221
vt 0.302334 0.226070
vn -0.974928 -0.222521 -0.000000
f 2860/2860/2860 2861/2861/2861 2862/2862/2862
v -1.675364 3.035070 -5.518344 0.26108 0.52005 0.63221
vt 0.304584 0.223750
vn -0.974928 -0.222521 0.000000
v -1.509451 2.308156 -4.957653 0.26108 0.52005 0.63221
vt 0.302334 0.226070
vn -0.974928 -0.222521 0.000000
v -1.675364 3.035070 -4.957653 0.26108 0.52005 0.63221
vt 0.301690 0.223571
vn -0.974928 -0.222521 0.000000
f 2863/2863/2863 2864/2864/2864 2865/2865/2865
v -1.509451 2.308156 -4.957653 0.26108 0.52005 0.63221
vt 0.302334 0.226070
vn -0.974928 -0.222521 -0.000000
v -1.675364 3.035070 -5.518344 0.26108 0.52005 0.63221
vt 0.304584 0.223750
vn -0.974928 -0.222521 -0.000000
v -1.509451 2.308156 -5.518344 0.26108 0.52005 0.63221
vt 0.305217 0.226250
vn -0.974928 -0.222521 -0.000000
f 2866/2866/2866 2867/2867/2867 2868/2868/2868
v -1.675364 3.035070 -1.593504 0.26108 0.52005 0.63221
vt 0.284332 0.222492
vn -0.974928 -0.222521 0.000000
v -1.509451 2.308156 -1.032813 0.26108 0.52005 0.63221
vt 0.282156 0.224816
vn -0.974928 -0.222521 0.000000
v -1.675364 3.035070 -1.032813 0.26108 0.52005 0.63221
vt 0.281440 0.222313
vn -0.974928 -0.222521 0.000000
f 2869/2869/2869 2870/2870/2870 2871/2871/2871
v -1.509451 2.308156 -1.032813 0.26108 0.52005 0.63221
vt 0.282156 0.224816
vn -0.974928 -0.222521 -0.000000
v -1.675364 3.035070 -1.593504 0.26108 0.52005 0.63221
vt 0.284332 0.222492
vn -0.974928 -0.222521 -0.000000
v -1.509451 2.308156 -1.593504 0.26108 0.52005 0.63221
vt 0.285038 0.224995
vn -0.974928 -0.222521 -0.000000
f 2872/2872/2872 2873/2873/2873 2874/2874/2874
v -1.675364 3.035070 -2.154196 0.26108 0.52005 0.63221
vt 0.287225 0.222672
vn -0.974928 -0.222521 0.000000
v -1.509451 2.308156 -1.593504 0.26108 0.52005 0.63221
vt 0.285038 0.224995
vn -0.974928 -0.222521 0.000000
v -1.675364 3.035070 -1.593504 0.26108 0.52005 0.63221
vt 0.284332 0.222492
vn -0.974928 -0.222521 0.000000
f 2875/2875/2875 2876/2876/2876 2877/2877/2877
v -1.509451 2.308156 -1.593504 0.26108 0.52005 0.63221
vt 0.285038 0.224995
vn -0.974928 -0.222521 -0.000000
v -1.675364 3.035070 -2.154196 0.26108 0.52005 0.63221
vt 0.287225 0.222672
vn -0.974928 -0.222521 -0.000000
v -1.509451 2.308156 -2.154196 0.26108 0.52005 0.63221
vt 0.287920 0.225175
vn -0.974928 -0.222521 -0.000000
f 2878/2878/2878 2879/2879/2879 2880/2880/2880
v -1.675364 3.035070 -2.714887 0.26108 0.52005 0.63221
vt 0.290118 0.222852
vn -0.974928 -0.222521 0.000000
v -1.509451 2.308156 -2.154196 0.26108 0.52005 0.63221
vt 0.287920 0.225175
vn -0.974928 -0.222521 0.000000
v -1.675364 3.035070 -2.154196 0.26108 0.52005 0.63221
vt 0.287225 0.222672
vn -0.974928 -0.222521 0.000000
f 2881/2881/2881 2882/2882/2882 2883/2883/2883
v -1.509451 2.308156 -2.154196 0.26108 0.52005 0.63221
vt 0.287920 0.225175
vn -0.974928 -0.222521 -0.000000
v -1.675364 3.035070 -2.714887 0.26108 0.52005 0.63221
vt 0.290118 0.222852
vn -0.974928 -0.222521 -0.000000
v -1.509451 2.308156 -2.714887 0.26108 0.52005 0.63221
vt 0.290802 0.225354
vn -0.974928 -0.222521 -0.000000
f 2884/2884/2884 2885/2885/2885 2886/2886/2886
v -1.675364 3.035070 -3.275579 0.26108 0.52005 0.63221
vt 0.293010 0.223031
vn -0.974928 -0.222521 0.000000
v -1.509451 2.308156 -2.714887 0.26108 0.52005 0.63221
vt 0.290802 0.225354
vn -0.974928 -0.222521 0.000000
v -1.675364 3.035070 -2.714887 0.26108 0.52005 0.63221
vt 0.290118 0.222852
vn -0.974928 -0.222521 0.000000
f 2887/2887/2887 2888/2888/2888 2889/2889/2889
v -1.509451 2.308156 -2.714887 0.26108 0.52005 0.63221
vt 0.290802 0.225354
vn -0.974928 -0.222521 -0.000000
v -1.675364 3.035070 -3.275579 0.26108 0.52005 0.63221
vt 0.293010 0.223031
vn -0.974928 -0.222521 -0.000000
v -1.509451 2.308156 -3.275579 0.26108 0.52005 0.63221
vt 0.293685 0.225533
vn -0.974928 -0.222521 -0.000000
f 2890/2890/2890 2891/2891/2891 2892/2892/2892
v -1.675364 3.035070 -3.836270 0.26108 0.52005 0.63221
vt 0.295903 0.223211
vn -0.974928 -0.222521 0.000000
v -1.509451 2.308156 -3.275579 0.26108 0.52005 0.63221
vt 0.293685 0.225533
vn -0.974928 -0.222521 0.000000
v -1.675364 3.035070 -3.275579 0.26108 0.52005 0.63221
vt 0.293010 0.223031
vn -0.974928 -0.222521 0.000000
f 2893/2893/2893 2894/2894/2894 2895/2895/2895
v -1.509451 2.308156 -3.275579 0.26108 0.52005 0.63221
vt 0.293685 0.225533
vn -0.974928 -0.222521 -0.000000
v -1.675364 3.035070 -3.836270 0.26108 0.52005 0.63221
vt 0.295903 0.223211
vn -0.974928 -0.222521 -0.000000
v -1.509451 2.308156 -3.836270 0.26108 0.52005 0.63221
vt 0.296568 0.225712
vn -0.974928 -0.222521 -0.000000
f 2896/2896/2896 2897/2897/2897 2898/2898/2898
v -1.675364 3.035070 -4.396961 0.26108 0.52005 0.63221
vt 0.298797 0.223391
vn -0.974928 -0.222521 0.000000
v -1.509451 2.308156 -3.836270 0.26108 0.52005 0.63221
vt 0.296568 0.225712
vn -0.974928 -0.222521 0.000000
v -1.675364 3.035070 -3.836270 0.26108 0.52005 0.63221
vt 0.295903 0.223211
vn -0.974928 -0.222521 0.000000
f 2899/2899/2899 2900/2900/2900 2901/2901/2901
v -1.509451 2.308156 -3.836270 0.26108 0.52005 0.63221
vt 0.296568 0.225712
vn -0.974928 -0.222521 -0.000000
v -1.675364 3.035070 -4.396961 0.26108 0.52005 0.63221
vt 0.298797 0.223391
vn -0.974928 -0.222521 -0.000000
v -1.509451 2.308156 -4.396961 0.26108 0.52005 0.63221
vt 0.299451 0.225891
vn -0.974928 -0.222521 -0.000000
f 2902/2902/2902 2903/2903/2903 2904/2904/2904
v -1.509451 2.308156 -4.957653 0.28524 0.28754 0.26684
vt 0.811220 0.221915
vn -0.781831 -0.623490 0.000000
v -1.044572 1.725218 -4.396961 0.28524 0.28754 0.26684
vt 0.805024 0.227125
vn -0.781831 -0.623490 0.000000
v -1.509451 2.308156 -4.396961 0.28524 0.28754 0.26684
vt 0.806629 0.221544
vn -0.781831 -0.623490 0.000000
f 2905/2905/2905 2906/2906/2906 2907/2907/2907
v -1.044572 1.725218 -4.396961 0.28524 0.28754 0.26684
vt 0.805024 0.227125
vn -0.781831 -0.623490 -0.000000
v -1.509451 2.308156 -4.957653 0.28524 0.28754 0.26684
vt 0.811220 0.221915
vn -0.781831 -0.623490 -0.000000
v -1.044572 1.725218 -4.957653 0.28524 0.28754 0.26684
vt 0.809596 0.227495
vn -0.781831 -0.623490 -0.000000
f 2908/2908/2908 2909/2909/2909 2910/2910/2910
v -1.509451 2.308156 -5.518344 0.28524 0.28754 0.26684
vt 0.815811 0.222287
vn -0.781831 -0.623490 0.000000
v -1.044572 1.725218 -4.957653 0.28524 0.28754 0.26684
vt 0.809596 0.227495
vn -0.781831 -0.623490 0.000000
v -1.509451 2.308156 -4.957653 0.28524 0.28754 0.26684
vt 0.811220 0.221915
vn -0.781831 -0.623490 0.000000
f 2911/2911/2911 2912/2912/2912 2913/2913/2913
v -1.044572 1.725218 -4.957653 0.28524 0.28754 0.26684
vt 0.809596 0.227495
vn -0.781831 -0.623490 -0.000000
v -1.509451 2.308156 -5.518344 0.28524 0.28754 0.26684
vt 0.815811 0.222287
vn -0.781831 -0.623490 -0.000000
v -1.044572 1.725218 -5.518344 0.28524 0.28754 0.26684
vt 0.814168 0.227866
vn -0.781831 -0.623490 -0.000000
f 2914/2914/2914 2915/2915/2915 2916/2916/2916
v -1.509451 2.308156 -1.593504 0.28524 0.28754 0.26684
vt 0.783683 0.219684
vn -0.781831 -0.623490 0.000000
v -1.044572 1.725218 -1.032813 0.28524 0.28754 0.26684
vt 0.777605 0.224901
vn -0.781831 -0.623490 0.000000
v -1.509451 2.308156 -1.032813 0.28524 0.28754 0.26684
vt 0.779095 0.219313
vn -0.781831 -0.623490 0.000000
f 2917/2917/2917 2918/2918/2918 2919/2919/2919
v -1.044572 1.725218 -1.032813 0.28524 0.28754 0.26684
vt 0.777605 0.224901
vn -0.781831 -0.623490 -0.000000
v -1.509451 2.308156 -1.593504 0.28524 0.28754 0.26684
vt 0.783683 0.219684
vn -0.781831 -0.623490 -0.000000
v -1.044572 1.725218 -1.593504 0.28524 0.28754 0.26684
vt 0.782174 0.225272
vn -0.781831 -0.623490 -0.000000
f 2920/2920/2920 2921/2921/2921 2922/2922/2922
v -1.509451 2.308156 -2.154196 0.28524 0.28754 0.26684
vt 0.788271 0.220056
vn -0.781831 -0.623490 0.000000
v -1.044572 1.725218 -1.593504 0.28524 0.28754 0.26684
vt 0.782174 0.225272
vn -0.781831 -0.623490 0.000000
v -1.509451 2.308156 -1.593504 0.28524 0.28754 0.26684
vt 0.783683 0.219684
vn -0.781831 -0.623490 0.000000
f 2923/2923/2923 2924/2924/2924 2925/2925/2925
v -1.044572 1.725218 -1.593504 0.28524 0.28754 0.26684
vt 0.782174 0.225272
vn -0.781831 -0.623490 -0.000000
v -1.509451 2.308156 -2.154196 0.28524 0.28754 0.26684
vt 0.788271 0.220056
vn -0.781831 -0.623490 -0.000000
v -1.044572 1.725218 -2.154196 0.28524 0.28754 0.26684
vt 0.786743 0.225642
vn -0.781831 -0.623490 -0.000000
f 2926/2926/2926 2927/2927/2927 2928/2928/2928
v -1.509451 2.308156 -2.714887 0.28524 0.28754 0.26684
vt 0.792860 0.220428
vn -0.781831 -0.623490 0.000000
v -1.044572 1.725218 -2.154196 0.28524 0.28754 0.26684
vt 0.786743 0.225642
vn -0.781831 -0.623490 0.000000
v -1.509451 2.308156 -2.154196 0.28524 0.28754 0.26684
vt 0.788271 0.220056
vn -0.781831 -0.623490 0.000000
f 2929/2929/2929 2930/2930/2930 2931/2931/2931
v -1.044572 1.725218 -2.154196 0.28524 0.28754 0.26684
vt 0.786743 0.225642
vn -0.781831 -0.623490 -0.000000
v -1.509451 2.308156 -2.714887 0.28524 0.28754 0.26684
vt 0.792860 0.220428
vn -0.781831 -0.623490 -0.000000
v -1.044572 1.725218 -2.714887 0.28524 0.28754 0.26684
vt 0.791312 0.226013
vn -0.781831 -0.623490 -0.000000
f 2932/2932/2932 2933/2933/2933 2934/2934/2934
v -1.509451 2.308156 -3.275579 0.28524 0.28754 0.26684
vt 0.797449 0.220800
vn -0.781831 -0.623490 0.000000
v -1.044572 1.725218 -2.714887 0.28524 0.28754 0.26684
vt 0.791312 0.226013
vn -0.781831 -0.623490 0.000000
v -1.509451 2.308156 -2.714887 0.28524 0.28754 0.26684
vt 0.792860 0.220428
vn -0.781831 -0.623490 0.000000
f 2935/2935/2935 2936/2936/2936 2937/2937/2937
v -1.044572 1.725218 -2.714887 0.28524 0.28754 0.26684
vt 0.791312 0.226013
vn -0.781831 -0.623490 -0.000000
v -1.509451 2.308156 -3.275579 0.28524 0.28754 0.26684
vt 0.797449 0.220800
vn -0.781831 -0.623490 -0.000000
v -1.044572 1.725218 -3.275579 0.28524 0.28754 0.26684
vt 0.795882 0.226383
vn -0.781831 -0.623490 -0.000000
f 2938/2938/2938 2939/2939/2939 2940/2940/2940
v -1.509451 2.308156 -3.836270 0.28524 0.28754 0.26684
vt 0.802039 0.221172
vn -0.781831 -0.623490 0.000000
v -1.044572 1.725218 -3.275579 0.28524 0.28754 0.26684
vt 0.795882 0.226383
vn -0.781831 -0.623490 0.000000
v -1.509451 2.308156 -3.275579 0.28524 0.28754 0.26684
vt 0.797449 0.220800
vn -0.781831 -0.623490 0.000000
f 2941/2941/2941 2942/2942/2942 2943/2943/2943
v -1.044572 1.725218 -3.275579 0.28524 0.28754 0.26684
vt 0.795882 0.226383
vn -0.781831 -0.623490 -0.000000
v -1.509451 2.308156 -3.836270 0.28524 0.28754 0.26684
vt 0.802039 0.221172
vn -0.781831 -0.623490 -0.000000
v -1.044572 1.725218 -3.836270 0.28524 0.28754 0.26684
vt 0.800453 0.226754
vn -0.781831 -0.623490 -0.000000
f 2944/2944/2944 2945/2945/2945 2946/2946/2946
v -1.509451 2.308156 -4.396961 0.28524 0.28754 0.26684
vt 0.806629 0.221544
vn -0.781831 -0.623490 0.000000
v -1.044572 1.725218 -3.836270 0.28524 0.28754 0.26684
vt 0.800453 0.226754
vn -0.781831 -0.623490 0.000000
v -1.509451 2.308156 -3.836270 0.28524 0.28754 0.26684
vt 0.802039 0.221172
vn -0.781831 -0.623490 0.000000
f 2947/2947/2947 2948/2948/2948 2949/2949/2949
v -1.044572 1.725218 -3.836270 0.28524 0.28754 0.26684
vt 0.800453 0.226754
vn -0.781831 -0.623490 -0.000000
v -1.509451 2.308156 -4.396961 0.28524 0.28754 0.26684
vt 0.806629 0.221544
vn -0.781831 -0.623490 -0.000000
v -1.044572 1.725218 -4.396961 0.28524 0.28754 0.26684
vt 0.805024 0.227125
vn -0.781831 -0.623490 -0.000000
f 2950/2950/2950 2951/2951/2951 2952/2952/2952
v 1.675364 3.035070 -4.957653 0.26108 0.52005 0.63221
vt 0.299907 0.239795
vn 0.974928 -0.222521 0.000000
v 1.675364 3.035070 -4.396961 0.26108 0.52005 0.63221
vt 0.297005 0.239614
vn 0.974928 -0.222521 0.000000
v 1.509451 2.308156 -4.396961 0.26108 0.52005 0.63221
vt 0.297844 0.240458
vn 0.974928 -0.222521 0.000000
f 2953/2953/2953 2954/2954/2954 2955/2955/2955
v 1.509451 2.308156 -4.396961 0.26108 0.52005 0.63221
vt 0.297844 0.240458
vn 0.974928 -0.222521 0.000000
v 1.509451 2.308156 -4.957653 0.26108 0.52005 0.63221
vt 0.300736 0.240639
vn 0.974928 -0.222521 0.000000
v 1.675364 3.035070 -4.957653 0.26108 0.52005 0.63221
vt 0.299907 0.239795
vn 0.974928 -0.222521 0.000000
f 2956/2956/2956 2957/2957/2957 2958/2958/2958
v 1.675364 3.035070 -5.518344 0.26108 0.52005 0.63221
vt 0.302810 0.239976
vn 0.974928 -0.222521 0.000000
v 1.675364 3.035070 -4.957653 0.26108 0.52005 0.63221
vt 0.299907 0.239795
vn 0.974928 -0.222521 0.000000
v 1.509451 2.308156 -4.957653 0.26108 0.52005 0.63221
vt 0.300736 0.240639
vn 0.974928 -0.222521 0.000000
f 2959/2959/2959 2960/2960/2960 2961/2961/2961
v 1.509451 2.308156 -4.957653 0.26108 0.52005 0.63221
vt 0.300736 0.240639
vn 0.974928 -0.222521 0.000000
v 1.509451 2.308156 -5.518344 0.26108 0.52005 0.63221
vt 0.303627 0.240819
vn 0.974928 -0.222521 0.000000
v 1.675364 3.035070 -5.518344 0.26108 0.52005 0.63221
vt 0.302810 0.239976
vn 0.974928 -0.222521 0.000000
f 2962/2962/2962 2963/2963/2963 2964/2964/2964
v 1.675364 3.035070 -1.593504 0.26108 0.52005 0.63221
vt 0.282495 0.238710
vn 0.974928 -0.222521 0.000000
v 1.675364 3.035070 -1.032813 0.26108 0.52005 0.63221
vt 0.279594 0.238529
vn 0.974928 -0.222521 0.000000
v 1.509451 2.308156 -1.032813 0.26108 0.52005 0.63221
vt 0.280500 0.239377
vn 0.974928 -0.222521 0.000000
f 2965/2965/2965 2966/2966/2966 2967/2967/2967
v 1.509451 2.308156 -1.032813 0.26108 0.52005 0.63221
vt 0.280500 0.239377
vn 0.974928 -0.222521 0.000000
v 1.509451 2.308156 -1.593504 0.26108 0.52005 0.63221
vt 0.283391 0.239557
vn 0.974928 -0.222521 0.000000
v 1.675364 3.035070 -1.593504 0.26108 0.52005 0.63221
vt 0.282495 0.238710
vn 0.974928 -0.222521 0.000000
f 2968/2968/2968 2969/2969/2969 2970/2970/2970
v 1.675364 3.035070 -2.154196 0.26108 0.52005 0.63221
vt 0.285396 0.238891
vn 0.974928 -0.222521 0.000000
v 1.675364 3.035070 -1.593504 0.26108 0.52005 0.63221
vt 0.282495 0.238710
vn 0.974928 -0.222521 0.000000
v 1.509451 2.308156 -1.593504 0.26108 0.52005 0.63221
vt 0.283391 0.239557
vn 0.974928 -0.222521 0.000000
f 2971/2971/2971 2972/2972/2972 2973/2973/2973
v 1.509451 2.308156 -1.593504 0.26108 0.52005 0.63221
vt 0.283391 0.239557
vn 0.974928 -0.222521 0.000000
v 1.509451 2.308156 -2.154196 0.26108 0.52005 0.63221
vt 0.286281 0.239738
vn 0.974928 -0.222521 0.000000
v 1.675364 3.035070 -2.154196 0.26108 0.52005 0.63221
vt 0.285396 0.238891
vn 0.974928 -0.222521 0.000000
f 2974/2974/2974 2975/2975/2975 2976/2976/2976
v 1.675364 3.035070 -2.714887 0.26108 0.52005 0.63221
vt 0.288298 0.239072
vn 0.974928 -0.222521 0.000000
v 1.675364 3.035070 -2.154196 0.26108 0.52005 0.63221
vt 0.285396 0.238891
vn 0.974928 -0.222521 0.000000
v 1.509451 2.308156 -2.154196 0.26108 0.52005 0.63221
vt 0.286281 0.239738
vn 0.974928 -0.222521 0.000000
f 2977/2977/2977 2978/2978/2978 2979/2979/2979
v 1.509451 2.308156 -2.154196 0.26108 0.52005 0.63221
vt 0.286281 0.239738
vn 0.974928 -0.222521 0.000000
v 1.509451 2.308156 -2.714887 0.26108 0.52005 0.63221
vt 0.289172 0.239918
vn 0.974928 -0.222521 0.000000
v 1.675364 3.035070 -2.714887 0.26108 0.52005 0.63221
vt 0.288298 0.239072
vn 0.974928 -0.222521 0.000000
f 2980/2980/2980 2981/2981/2981 2982/2982/2982
v 1.675364 3.035070 -3.275579 0.26108 0.52005 0.63221
vt 0.291200 0.239252
vn 0.974928 -0.222521 0.000000
v 1.675364 3.035070 -2.714887 0.26108 0.52005 0.63221
vt 0.288298 0.239072
vn 0.974928 -0.222521 0.000000
v 1.509451 2.308156 -2.714887 0.26108 0.52005 0.63221
vt 0.289172 0.239918
vn 0.974928 -0.222521 0.000000
f 2983/2983/2983 2984/2984/2984 2985/2985/2985
v 1.509451 2.308156 -2.714887 0.26108 0.52005 0.63221
vt 0.289172 0.239918
vn 0.974928 -0.222521 0.000000
v 1.509451 2.308156 -3.275579 0.26108 0.52005 0.63221
vt 0.292062 0.240098
vn 0.974928 -0.222521 0.000000
v 1.675364 3.035070 -3.275579 0.26108 0.52005 0.63221
vt 0.291200 0.239252
vn 0.974928 -0.222521 0.000000
f 2986/2986/2986 2987/2987/2987 2988/2988/2988
v 1.675364 3.035070 -3.836270 0.26108 0.52005 0.63221
vt 0.294102 0.239433
vn 0.974928 -0.222521 0.000000
v 1.675364 3.035070 -3.275579 0.26108 0.52005 0.63221
vt 0.291200 0.239252
vn 0.974928 -0.222521 0.000000
v 1.509451 2.308156 -3.275579 0.26108 0.52005 0.63221
vt 0.292062 0.240098
vn 0.974928 -0.222521 0.000000
f 2989/2989/2989 2990/2990/2990 2991/2991/2991
v 1.509451 2.308156 -3.275579 0.26108 0.52005 0.63221
vt 0.292062 0.240098
vn 0.974928 -0.222521 0.000000
v 1.509451 2.308156 -3.836270 0.26108 0.52005 0.63221
vt 0.294953 0.240278
vn 0.974928 -0.222521 0.000000
v 1.675364 3.035070 -3.836270 0.26108 0.52005 0.63221
vt 0.294102 0.239433
vn 0.974928 -0.222521 0.000000
f 2992/2992/2992 2993/2993/2993 2994/2994/2994
v 1.675364 3.035070 -4.396961 0.26108 0.52005 0.63221
vt 0.297005 0.239614
vn 0.974928 -0.222521 0.000000
v 1.675364 3.035070 -3.836270 0.26108 0.52005 0.63221
vt 0.294102 0.239433
vn 0.974928 -0.222521 0.000000
v 1.509451 2.308156 -3.836270 0.26108 0.52005 0.63221
vt 0.294953 0.240278
vn 0.974928 -0.222521 0.000000
f 2995/2995/2995 2996/2996/2996 2997/2997/2997
v 1.509451 2.308156 -3.836270 0.26108 0.52005 0.63221
vt 0.294953 0.240278
vn 0.974928 -0.222521 0.000000
v 1.509451 2.308156 -4.396961 0.26108 0.52005 0.63221
vt 0.297844 0.240458
vn 0.974928 -0.222521 0.000000
v 1.675364 3.035070 -4.396961 0.26108 0.52005 0.63221
vt 0.297005 0.239614
vn 0.974928 -0.222521 0.000000
f 2998/2998/2998 2999/2999/2999 3000/3000/3000
v 1.545556 3.603797 -4.559215 0.26108 0.52005 0.63221
vt 0.297325 0.237737
vn 0.974928 0.222521 -0.000001
v 1.509451 3.761983 -4.396961 0.26108 0.52005 0.63221
vt 0.296337 0.237146
vn 0.974928 0.222521 -0.000001
v 1.675364 3.035070 -4.396961 0.26108 0.52005 0.63221
vt 0.297005 0.239614
vn 0.974928 0.222521 -0.000001
f 3001/3001/3001 3002/3002/3002 3003/3003/3003
v 1.675364 3.035070 -4.396961 0.26108 0.52005 0.63221
vt 0.297005 0.239614
vn 0.974928 0.222521 0.000000
v 1.639259 3.193255 -4.559215 0.26108 0.52005 0.63221
vt 0.297701 0.239131
vn 0.974928 0.222521 0.000000
v 1.545556 3.603797 -4.559215 0.26108 0.52005 0.63221
vt 0.297325 0.237737
vn 0.974928 0.222521 0.000000
f 3004/3004/3004 3005/3005/3005 3006/3006/3006
v 1.545556 3.603797 -4.795399 0.26108 0.52005 0.63221
vt 0.298551 0.237813
vn 0.974928 0.222520 0.000000
v 1.509451 3.761983 -4.957653 0.26108 0.52005 0.63221
vt 0.299250 0.237327
vn 0.974928 0.222520 0.000000
v 1.509451 3.761983 -4.396961 0.26108 0.52005 0.63221
vt 0.296337 0.237146
vn 0.974928 0.222520 0.000000
f 3007/3007/3007 3008/3008/3008 3009/3009/3009
v 1.509451 3.761983 -4.396961 0.26108 0.52005 0.63221
vt 0.296337 0.237146
vn 0.974928 0.222520 0.000000
v 1.545556 3.603797 -4.559215 0.26108 0.52005 0.63221
vt 0.297325 0.237737
vn 0.974928 0.222520 0.000000
v 1.545556 3.603797 -4.795399 0.26108 0.52005 0.63221
vt 0.298551 0.237813
vn 0.974928 0.222520 0.000000
f 3010/3010/3010 3011/3011/3011 3012/3012/3012
v 1.639259 3.193255 -4.795399 0.26108 0.52005 0.63221
vt 0.298924 0.239207
vn 0.974928 0.222521 0.000000
v 1.675364 3.035070 -4.957653 0.26108 0.52005 0.63221
vt 0.299907 0.239795
vn 0.974928 0.222521 0.000000
v 1.509451 3.761983 -4.957653 0.26108 0.52005 0.63221
vt 0.299250 0.237327
vn 0.974928 0.222521 0.000000
f 3013/3013/3013 3014/3014/3014 3015/3015/3015
v 1.509451 3.761983 -4.957653 0.26108 0.52005 0.63221
vt 0.299250 0.237327
vn 0.974928 0.222521 0.000001
v 1.545556 3.603797 -4.795399 0.26108 0.52005 0.63221
vt 0.298551 0.237813
vn 0.974928 0.222521 0.000001
v 1.639259 3.193255 -4.795399 0.26108 0.52005 0.63221
vt 0.298924 0.239207
vn 0.974928 0.222521 0.000001
f 3016/3016/3016 3017/3017/3017 3018/3018/3018
v 1.639259 3.193255 -4.559215 0.26108 0.52005 0.63221
vt 0.297701 0.239131
vn 0.974928 0.222521 0.000000
v 1.675364 3.035070 -4.396961 0.26108 0.52005 0.63221
vt 0.297005 0.239614
vn 0.974928 0.222521 0.000000
v 1.675364 3.035070 -4.957653 0.26108 0.52005 0.63221
vt 0.299907 0.239795
vn 0.974928 0.222521 0.000000
f 3019/3019/3019 3020/3020/3020 3021/3021/3021
v 1.675364 3.035070 -4.957653 0.26108 0.52005 0.63221
vt 0.299907 0.239795
vn 0.974928 0.222521 0.000000
v 1.639259 3.193255 -4.795399 0.26108 0.52005 0.63221
vt 0.298924 0.239207
vn 0.974928 0.222521 0.000000
v 1.639259 3.193255 -4.559215 0.26108 0.52005 0.63221
vt 0.297701 0.239131
vn 0.974928 0.222521 0.000000
f 3022/3022/3022 3023/3023/3023 3024/3024/3024
v 1.545556 3.603797 -5.119906 0.26108 0.52005 0.63221
vt 0.300236 0.237918
vn 0.974928 0.222521 -0.000001
v 1.509451 3.761983 -4.957653 0.26108 0.52005 0.63221
vt 0.299250 0.237327
vn 0.974928 0.222521 -0.000001
v 1.675364 3.035070 -4.957653 0.26108 0.52005 0.63221
vt 0.299907 0.239795
vn 0.974928 0.222521 -0.000001
f 3025/3025/3025 3026/3026/3026 3027/3027/3027
v 1.675364 3.035070 -4.957653 0.26108 0.52005 0.63221
vt 0.299907 0.239795
vn 0.974928 0.222521 0.000000
v 1.639259 3.193255 -5.119906 0.26108 0.52005 0.63221
vt 0.300605 0.239312
vn 0.974928 0.222521 0.000000
v 1.545556 3.603797 -5.119906 0.26108 0.52005 0.63221
vt 0.300236 0.237918
vn 0.974928 0.222521 0.000000
f 3028/3028/3028 3029/3029/3029 3030/3030/3030
v 1.545556 3.603797 -5.356091 0.26108 0.52005 0.63221
vt 0.301462 0.237995
vn 0.974928 0.222520 0.000000
v 1.509451 3.761983 -5.518344 0.26108 0.52005 0.63221
vt 0.302164 0.237509
vn 0.974928 0.222520 0.000000
v 1.509451 3.761983 -4.957653 0.26108 0.52005 0.63221
vt 0.299250 0.237327
vn 0.974928 0.222520 0.000000
f 3031/3031/3031 3032/3032/3032 3033/3033/3033
v 1.509451 3.761983 -4.957653 0.26108 0.52005 0.63221
vt 0.299250 0.237327
vn 0.974928 0.222520 0.000000
v 1.545556 3.603797 -5.119906 0.26108 0.52005 0.63221
vt 0.300236 0.237918
vn 0.974928 0.222520 0.000000
v 1.545556 3.603797 -5.356091 0.26108 0.52005 0.63221
vt 0.301462 0.237995
vn 0.974928 0.222520 0.000000
f 3034/3034/3034 3035/3035/3035 3036/3036/3036
v 1.639259 3.193255 -5.356091 0.26108 0.52005 0.63221
vt 0.301829 0.239388
vn 0.974928 0.222521 0.000000
v 1.675364 3.035070 -5.518344 0.26108 0.52005 0.63221
vt 0.302810 0.239976
vn 0.974928 0.222521 0.000000
v 1.509451 3.761983 -5.518344 0.26108 0.52005 0.63221
vt 0.302164 0.237509
vn 0.974928 0.222521 0.000000
f 3037/3037/3037 3038/3038/3038 3039/3039/3039
v 1.509451 3.761983 -5.518344 0.26108 0.52005 0.63221
vt 0.302164 0.237509
vn 0.974928 0.222521 0.000001
v 1.545556 3.603797 -5.356091 0.26108 0.52005 0.63221
vt 0.301462 0.237995
vn 0.974928 0.222521 0.000001
v 1.639259 3.193255 -5.356091 0.26108 0.52005 0.63221
vt 0.301829 0.239388
vn 0.974928 0.222521 0.000001
f 3040/3040/3040 3041/3041/3041 3042/3042/3042
v 1.639259 3.193255 -5.119906 0.26108 0.52005 0.63221
vt 0.300605 0.239312
vn 0.974928 0.222521 0.000000
v 1.675364 3.035070 -4.957653 0.26108 0.52005 0.63221
vt 0.299907 0.239795
vn 0.974928 0.222521 0.000000
v 1.675364 3.035070 -5.518344 0.26108 0.52005 0.63221
vt 0.302810 0.239976
vn 0.974928 0.222521 0.000000
f 3043/3043/3043 3044/3044/3044 3045/3045/3045
v 1.675364 3.035070 -5.518344 0.26108 0.52005 0.63221
vt 0.302810 0.239976
vn 0.974928 0.222521 0.000000
v 1.639259 3.193255 -5.356091 0.26108 0.52005 0.63221
vt 0.301829 0.239388
vn 0.974928 0.222521 0.000000
v 1.639259 3.193255 -5.119906 0.26108 0.52005 0.63221
vt 0.300605 0.239312
vn 0.974928 0.222521 0.000000
f 3046/3046/3046 3047/3047/3047 3048/3048/3048
v 1.545556 3.603797 -1.195066 0.26108 0.52005 0.63221
vt 0.279865 0.236649
vn 0.974928 0.222521 -0.000001
v 1.509451 3.761983 -1.032813 0.26108 0.52005 0.63221
vt 0.278864 0.236058
vn 0.974928 0.222521 -0.000001
v 1.675364 3.035070 -1.032813 0.26108 0.52005 0.63221
vt 0.279594 0.238529
vn 0.974928 0.222521 -0.000001
f 3049/3049/3049 3050/3050/3050 3051/3051/3051
v 1.675364 3.035070 -1.032813 0.26108 0.52005 0.63221
vt 0.279594 0.238529
vn 0.974928 0.222521 0.000000
v 1.639259 3.193255 -1.195066 0.26108 0.52005 0.63221
vt 0.280275 0.238045
vn 0.974928 0.222521 0.000000
v 1.545556 3.603797 -1.195066 0.26108 0.52005 0.63221
vt 0.279865 0.236649
vn 0.974928 0.222521 0.000000
f 3052/3052/3052 3053/3053/3053 3054/3054/3054
v 1.545556 3.603797 -1.431251 0.26108 0.52005 0.63221
vt 0.281091 0.236726
vn 0.974928 0.222520 0.000000
v 1.509451 3.761983 -1.593504 0.26108 0.52005 0.63221
vt 0.281776 0.236239
vn 0.974928 0.222520 0.000000
v 1.509451 3.761983 -1.032813 0.26108 0.52005 0.63221
vt 0.278864 0.236058
vn 0.974928 0.222520 0.000000
f 3055/3055/3055 3056/3056/3056 3057/3057/3057
v 1.509451 3.761983 -1.032813 0.26108 0.52005 0.63221
vt 0.278864 0.236058
vn 0.974928 0.222520 0.000000
v 1.545556 3.603797 -1.195066 0.26108 0.52005 0.63221
vt 0.279865 0.236649
vn 0.974928 0.222520 0.000000
v 1.545556 3.603797 -1.431251 0.26108 0.52005 0.63221
vt 0.281091 0.236726
vn 0.974928 0.222520 0.000000
f 3058/3058/3058 3059/3059/3059 3060/3060/3060
v 1.639259 3.193255 -1.431251 0.26108 0.52005 0.63221
vt 0.281499 0.238121
vn 0.974928 0.222521 0.000000
v 1.675364 3.035070 -1.593504 0.26108 0.52005 0.63221
vt 0.282495 0.238710
vn 0.974928 0.222521 0.000000
v 1.509451 3.761983 -1.593504 0.26108 0.52005 0.63221
vt 0.281776 0.236239
vn 0.974928 0.222521 0.000000
f 3061/3061/3061 3062/3062/3062 3063/3063/3063
v 1.509451 3.761983 -1.593504 0.26108 0.52005 0.63221
vt 0.281776 0.236239
vn 0.974928 0.222521 0.000001
v 1.545556 3.603797 -1.431251 0.26108 0.52005 0.63221
vt 0.281091 0.236726
vn 0.974928 0.222521 0.000001
v 1.639259 3.193255 -1.431251 0.26108 0.52005 0.63221
vt 0.281499 0.238121
vn 0.974928 0.222521 0.000001
f 3064/3064/3064 3065/3065/3065 3066/3066/3066
v 1.639259 3.193255 -1.195066 0.26108 0.52005 0.63221
vt 0.280275 0.238045
vn 0.974928 0.222521 0.000000
v 1.675364 3.035070 -1.032813 0.26108 0.52005 0.63221
vt 0.279594 0.238529
vn 0.974928 0.222521 0.000000
v 1.675364 3.035070 -1.593504 0.26108 0.52005 0.63221
vt 0.282495 0.238710
vn 0.974928 0.222521 0.000000
f 3067/3067/3067 3068/3068/3068 3069/3069/3069
v 1.675364 3.035070 -1.593504 0.26108 0.52005 0.63221
vt 0.282495 0.238710
vn 0.974928 0.222521 0.000000
v 1.639259 3.193255 -1.431251 0.26108 0.52005 0.63221
vt 0.281499 0.238121
vn 0.974928 0.222521 0.000000
v 1.639259 3.193255 -1.195066 0.26108 0.52005 0.63221
vt 0.280275 0.238045
vn 0.974928 0.222521 0.000000
f 3070/3070/3070 3071/3071/3071 3072/3072/3072
v 1.545556 3.603797 -1.755758 0.26108 0.52005 0.63221
vt 0.282775 0.236831
vn 0.974928 0.222521 -0.000001
v 1.509451 3.761983 -1.593504 0.26108 0.52005 0.63221
vt 0.281776 0.236239
vn 0.974928 0.222521 -0.000001
v 1.675364 3.035070 -1.593504 0.26108 0.52005 0.63221
vt 0.282495 0.238710
vn 0.974928 0.222521 -0.000001
f 3073/3073/3073 3074/3074/3074 3075/3075/3075
v 1.675364 3.035070 -1.593504 0.26108 0.52005 0.63221
vt 0.282495 0.238710
vn 0.974928 0.222521 0.000000
v 1.639259 3.193255 -1.755758 0.26108 0.52005 0.63221
vt 0.283179 0.238226
vn 0.974928 0.222521 0.000000
v 1.545556 3.603797 -1.755758 0.26108 0.52005 0.63221
vt 0.282775 0.236831
vn 0.974928 0.222521 0.000000
f 3076/3076/3076 3077/3077/3077 3078/3078/3078
v 1.545556 3.603797 -1.991942 0.26108 0.52005 0.63221
vt 0.284000 0.236907
vn 0.974928 0.222520 0.000000
v 1.509451 3.761983 -2.154196 0.26108 0.52005 0.63221
vt 0.284688 0.236420
vn 0.974928 0.222520 0.000000
v 1.509451 3.761983 -1.593504 0.26108 0.52005 0.63221
vt 0.281776 0.236239
vn 0.974928 0.222520 0.000000
f 3079/3079/3079 3080/3080/3080 3081/3081/3081
v 1.509451 3.761983 -1.593504 0.26108 0.52005 0.63221
vt 0.281776 0.236239
vn 0.974928 0.222520 0.000000
v 1.545556 3.603797 -1.755758 0.26108 0.52005 0.63221
vt 0.282775 0.236831
vn 0.974928 0.222520 0.000000
v 1.545556 3.603797 -1.991942 0.26108 0.52005 0.63221
vt 0.284000 0.236907
vn 0.974928 0.222520 0.000000
f 3082/3082/3082 3083/3083/3083 3084/3084/3084
v 1.639259 3.193255 -1.991942 0.26108 0.52005 0.63221
vt 0.284402 0.238302
vn 0.974928 0.222521 0.000000
v 1.675364 3.035070 -2.154196 0.26108 0.52005 0.63221
vt 0.285396 0.238891
vn 0.974928 0.222521 0.000000
v 1.509451 3.761983 -2.154196 0.26108 0.52005 0.63221
vt 0.284688 0.236420
vn 0.974928 0.222521 0.000000
f 3085/3085/3085 3086/3086/3086 3087/3087/3087
v 1.509451 3.761983 -2.154196 0.26108 0.52005 0.63221
vt 0.284688 0.236420
vn 0.974928 0.222521 0.000001
v 1.545556 3.603797 -1.991942 0.26108 0.52005 0.63221
vt 0.284000 0.236907
vn 0.974928 0.222521 0.000001
v 1.639259 3.193255 -1.991942 0.26108 0.52005 0.63221
vt 0.284402 0.238302
vn 0.974928 0.222521 0.000001
f 3088/3088/3088 3089/3089/3089 3090/3090/3090
v 1.639259 3.193255 -1.755758 0.26108 0.52005 0.63221
vt 0.283179 0.238226
vn 0.974928 0.222521 0.000000
v 1.675364 3.035070 -1.593504 0.26108 0.52005 0.63221
vt 0.282495 0.238710
vn 0.974928 0.222521 0.000000
v 1.675364 3.035070 -2.154196 0.26108 0.52005 0.63221
vt 0.285396 0.238891
vn 0.974928 0.222521 0.000000
f 3091/3091/3091 3092/3092/3092 3093/3093/3093
v 1.675364 3.035070 -2.154196 0.26108 0.52005 0.63221
vt 0.285396 0.238891
vn 0.974928 0.222521 0.000000
v 1.639259 3.193255 -1.991942 0.26108 0.52005 0.63221
vt 0.284402 0.238302
vn 0.974928 0.222521 0.000000
v 1.639259 3.193255 -1.755758 0.26108 0.52005 0.63221
vt 0.283179 0.238226
vn 0.974928 0.222521 0.000000
f 3094/3094/3094 3095/3095/3095 3096/3096/3096
v 1.545556 3.603797 -2.316449 0.26108 0.52005 0.63221
vt 0.285684 0.237012
vn 0.974928 0.222521 -0.000001
v 1.509451 3.761983 -2.154196 0.26108 0.52005 0.63221
vt 0.284688 0.236420
vn 0.974928 0.222521 -0.000001
v 1.675364 3.035070 -2.154196 0.26108 0.52005 0.63221
vt 0.285396 0.238891
vn 0.974928 0.222521 -0.000001
f 3097/3097/3097 3098/3098/3098 3099/3099/3099
v 1.675364 3.035070 -2.154196 0.26108 0.52005 0.63221
vt 0.285396 0.238891
vn 0.974928 0.222521 0.000000
v 1.639259 3.193255 -2.316449 0.26108 0.52005 0.63221
vt 0.286083 0.238407
vn 0.974928 0.222521 0.000000
v 1.545556 3.603797 -2.316449 0.26108 0.52005 0.63221
vt 0.285684 0.237012
vn 0.974928 0.222521 0.000000
f 3100/3100/3100 3101/3101/3101 3102/3102/3102
v 1.545556 3.603797 -2.552633 0.26108 0.52005 0.63221
vt 0.286910 0.237088
vn 0.974928 0.222520 0.000000
v 1.509451 3.761983 -2.714887 0.26108 0.52005 0.63221
vt 0.287600 0.236602
vn 0.974928 0.222520 0.000000
v 1.509451 3.761983 -2.154196 0.26108 0.52005 0.63221
vt 0.284688 0.236420
vn 0.974928 0.222520 0.000000
f 3103/3103/3103 3104/3104/3104 3105/3105/3105
v 1.509451 3.761983 -2.154196 0.26108 0.52005 0.63221
vt 0.284688 0.236420
vn 0.974928 0.222520 0.000000
v 1.545556 3.603797 -2.316449 0.26108 0.52005 0.63221
vt 0.285684 0.237012
vn 0.974928 0.222520 0.000000
v 1.545556 3.603797 -2.552633 0.26108 0.52005 0.63221
vt 0.286910 0.237088
vn 0.974928 0.222520 0.000000
f 3106/3106/3106 3107/3107/3107 3108/3108/3108
v 1.639259 3.193255 -2.552633 0.26108 0.52005 0.63221
vt 0.287306 0.238483
vn 0.974928 0.222521 0.000000
v 1.675364 3.035070 -2.714887 0.26108 0.52005 0.63221
vt 0.288298 0.239072
vn 0.974928 0.222521 0.000000
v 1.509451 3.761983 -2.714887 0.26108 0.52005 0.63221
vt 0.287600 0.236602
vn 0.974928 0.222521 0.000000
f 3109/3109/3109 3110/3110/3110 3111/3111/3111
v 1.509451 3.761983 -2.714887 0.26108 0.52005 0.63221
vt 0.287600 0.236602
vn 0.974928 0.222521 0.000001
v 1.545556 3.603797 -2.552633 0.26108 0.52005 0.63221
vt 0.286910 0.237088
vn 0.974928 0.222521 0.000001
v 1.639259 3.193255 -2.552633 0.26108 0.52005 0.63221
vt 0.287306 0.238483
vn 0.974928 0.222521 0.000001
f 3112/3112/3112 3113/3113/3113 3114/3114/3114
v 1.639259 3.193255 -2.316449 0.26108 0.52005 0.63221
vt 0.286083 0.238407
vn 0.974928 0.222521 0.000000
v 1.675364 3.035070 -2.154196 0.26108 0.52005 0.63221
vt 0.285396 0.238891
vn 0.974928 0.222521 0.000000
v 1.675364 3.035070 -2.714887 0.26108 0.52005 0.63221
vt 0.288298 0.239072
vn 0.974928 0.222521 0.000000
f 3115/3115/3115 3116/3116/3116 3117/3117/3117
v 1.675364 3.035070 -2.714887 0.26108 0.52005 0.63221
vt 0.288298 0.239072
vn 0.974928 0.222521 0.000000
v 1.639259 3.193255 -2.552633 0.26108 0.52005 0.63221
vt 0.287306 0.238483
vn 0.974928 0.222521 0.000000
v 1.639259 3.193255 -2.316449 0.26108 0.52005 0.63221
vt 0.286083 0.238407
vn 0.974928 0.222521 0.000000
f 3118/3118/3118 3119/3119/3119 3120/3120/3120
v 1.545556 3.603797 -2.877141 0.26108 0.52005 0.63221
vt 0.288594 0.237193
vn 0.974928 0.222521 -0.000001
v 1.509451 3.761983 -2.714887 0.26108 0.52005 0.63221
vt 0.287600 0.236602
vn 0.974928 0.222521 -0.000001
v 1.675364 3.035070 -2.714887 0.26108 0.52005 0.63221
vt 0.288298 0.239072
vn 0.974928 0.222521 -0.000001
f 3121/3121/3121 3122/3122/3122 3123/3123/3123
v 1.675364 3.035070 -2.714887 0.26108 0.52005 0.63221
vt 0.288298 0.239072
vn 0.974928 0.222521 0.000000
v 1.639259 3.193255 -2.877141 0.26108 0.52005 0.63221
vt 0.288987 0.238588
vn 0.974928 0.222521 0.000000
v 1.545556 3.603797 -2.877141 0.26108 0.52005 0.63221
vt 0.288594 0.237193
vn 0.974928 0.222521 0.000000
f 3124/3124/3124 3125/3125/3125 3126/3126/3126
v 1.545556 3.603797 -3.113325 0.26108 0.52005 0.63221
vt 0.289820 0.237270
vn 0.974928 0.222520 0.000000
v 1.509451 3.761983 -3.275579 0.26108 0.52005 0.63221
vt 0.290512 0.236783
vn 0.974928 0.222520 0.000000
v 1.509451 3.761983 -2.714887 0.26108 0.52005 0.63221
vt 0.287600 0.236602
vn 0.974928 0.222520 0.000000
f 3127/3127/3127 3128/3128/3128 3129/3129/3129
v 1.509451 3.761983 -2.714887 0.26108 0.52005 0.63221
vt 0.287600 0.236602
vn 0.974928 0.222520 0.000000
v 1.545556 3.603797 -2.877141 0.26108 0.52005 0.63221
vt 0.288594 0.237193
vn 0.974928 0.222520 0.000000
v 1.545556 3.603797 -3.113325 0.26108 0.52005 0.63221
vt 0.289820 0.237270
vn 0.974928 0.222520 0.000000
f 3130/3130/3130 3131/3131/3131 3132/3132/3132
v 1.639259 3.193255 -3.113325 0.26108 0.52005 0.63221
vt 0.290210 0.238664
vn 0.974928 0.222521 0.000000
v 1.675364 3.035070 -3.275579 0.26108 0.52005 0.63221
vt 0.291200 0.239252
vn 0.974928 0.222521 0.000000
v 1.509451 3.761983 -3.275579 0.26108 0.52005 0.63221
vt 0.290512 0.236783
vn 0.974928 0.222521 0.000000
f 3133/3133/3133 3134/3134/3134 3135/3135/3135
v 1.509451 3.761983 -3.275579 0.26108 0.52005 0.63221
vt 0.290512 0.236783
vn 0.974928 0.222521 0.000001
v 1.545556 3.603797 -3.113325 0.26108 0.52005 0.63221
vt 0.289820 0.237270
vn 0.974928 0.222521 0.000001
v 1.639259 3.193255 -3.113325 0.26108 0.52005 0.63221
vt 0.290210 0.238664
vn 0.974928 0.222521 0.000001
f 3136/3136/3136 3137/3137/3137 3138/3138/3138
v 1.639259 3.193255 -2.877141 0.26108 0.52005 0.63221
vt 0.288987 0.238588
vn 0.974928 0.222521 0.000000
v 1.675364 3.035070 -2.714887 0.26108 0.52005 0.63221
vt 0.288298 0.239072
vn 0.974928 0.222521 0.000000
v 1.675364 3.035070 -3.275579 0.26108 0.52005 0.63221
vt 0.291200 0.239252
vn 0.974928 0.222521 0.000000
f 3139/3139/3139 3140/3140/3140 3141/3141/3141
v 1.675364 3.035070 -3.275579 0.26108 0.52005 0.63221
vt 0.291200 0.239252
vn 0.974928 0.222521 0.000000
v 1.639259 3.193255 -3.113325 0.26108 0.52005 0.63221
vt 0.290210 0.238664
vn 0.974928 0.222521 0.000000
v 1.639259 3.193255 -2.877141 0.26108 0.52005 0.63221
vt 0.288987 0.238588
vn 0.974928 0.222521 0.000000
f 3142/3142/3142 3143/3143/3143 3144/3144/3144
v 1.545556 3.603797 -3.437832 0.26108 0.52005 0.63221
vt 0.291504 0.237374
vn 0.974928 0.222521 -0.000001
v 1.509451 3.761983 -3.275579 0.26108 0.52005 0.63221
vt 0.290512 0.236783
vn 0.974928 0.222521 -0.000001
v 1.675364 3.035070 -3.275579 0.26108 0.52005 0.63221
vt 0.291200 0.239252
vn 0.974928 0.222521 -0.000001
f 3145/3145/3145 3146/3146/3146 3147/3147/3147
v 1.675364 3.035070 -3.275579 0.26108 0.52005 0.63221
vt 0.291200 0.239252
vn 0.974928 0.222521 0.000000
v 1.639259 3.193255 -3.437832 0.26108 0.52005 0.63221
vt 0.291891 0.238769
vn 0.974928 0.222521 0.000000
v 1.545556 3.603797 -3.437832 0.26108 0.52005 0.63221
vt 0.291504 0.237374
vn 0.974928 0.222521 0.000000
f 3148/3148/3148 3149/3149/3149 3150/3150/3150
v 1.545556 3.603797 -3.674017 0.26108 0.52005 0.63221
vt 0.292730 0.237451
vn 0.974928 0.222520 0.000000
v 1.509451 3.761983 -3.836270 0.26108 0.52005 0.63221
vt 0.293425 0.236965
vn 0.974928 0.222520 0.000000
v 1.509451 3.761983 -3.275579 0.26108 0.52005 0.63221
vt 0.290512 0.236783
vn 0.974928 0.222520 0.000000
f 3151/3151/3151 3152/3152/3152 3153/3153/3153
v 1.509451 3.761983 -3.275579 0.26108 0.52005 0.63221
vt 0.290512 0.236783
vn 0.974928 0.222520 0.000000
v 1.545556 3.603797 -3.437832 0.26108 0.52005 0.63221
vt 0.291504 0.237374
vn 0.974928 0.222520 0.000000
v 1.545556 3.603797 -3.674017 0.26108 0.52005 0.63221
vt 0.292730 0.237451
vn 0.974928 0.222520 0.000000
f 3154/3154/3154 3155/3155/3155 3156/3156/3156
v 1.639259 3.193255 -3.674017 0.26108 0.52005 0.63221
vt 0.293115 0.238845
vn 0.974928 0.222521 0.000000
v 1.675364 3.035070 -3.836270 0.26108 0.52005 0.63221
vt 0.294102 0.239433
vn 0.974928 0.222521 0.000000
v 1.509451 3.761983 -3.836270 0.26108 0.52005 0.63221
vt 0.293425 0.236965
vn 0.974928 0.222521 0.000000
f 3157/3157/3157 3158/3158/3158 3159/3159/3159
v 1.509451 3.761983 -3.836270 0.26108 0.52005 0.63221
vt 0.293425 0.236965
vn 0.974928 0.222521 0.000001
v 1.545556 3.603797 -3.674017 0.26108 0.52005 0.63221
vt 0.292730 0.237451
vn 0.974928 0.222521 0.000001
v 1.639259 3.193255 -3.674017 0.26108 0.52005 0.63221
vt 0.293115 0.238845
vn 0.974928 0.222521 0.000001
f 3160/3160/3160 3161/3161/3161 3162/3162/3162
v 1.639259 3.193255 -3.437832 0.26108 0.52005 0.63221
vt 0.291891 0.238769
vn 0.974928 0.222521 0.000000
v 1.675364 3.035070 -3.275579 0.26108 0.52005 0.63221
vt 0.291200 0.239252
vn 0.974928 0.222521 0.000000
v 1.675364 3.035070 -3.836270 0.26108 0.52005 0.63221
vt 0.294102 0.239433
vn 0.974928 0.222521 0.000000
f 3163/3163/3163 3164/3164/3164 3165/3165/3165
v 1.675364 3.035070 -3.836270 0.26108 0.52005 0.63221
vt 0.294102 0.239433
vn 0.974928 0.222521 0.000000
v 1.639259 3.193255 -3.674017 0.26108 0.52005 0.63221
vt 0.293115 0.238845
vn 0.974928 0.222521 0.000000
v 1.639259 3.193255 -3.437832 0.26108 0.52005 0.63221
vt 0.291891 0.238769
vn 0.974928 0.222521 0.000000
f 3166/3166/3166 3167/3167/3167 3168/3168/3168
v 1.545556 3.603797 -3.998524 0.26108 0.52005 0.63221
vt 0.294415 0.237556
vn 0.974928 0.222521 -0.000001
v 1.509451 3.761983 -3.836270 0.26108 0.52005 0.63221
vt 0.293425 0.236965
vn 0.974928 0.222521 -0.000001
v 1.675364 3.035070 -3.836270 0.26108 0.52005 0.63221
vt 0.294102 0.239433
vn 0.974928 0.222521 -0.000001
f 3169/3169/3169 3170/3170/3170 3171/3171/3171
v 1.675364 3.035070 -3.836270 0.26108 0.52005 0.63221
vt 0.294102 0.239433
vn 0.974928 0.222521 0.000000
v 1.639259 3.193255 -3.998524 0.26108 0.52005 0.63221
vt 0.294796 0.238950
vn 0.974928 0.222521 0.000000
v 1.545556 3.603797 -3.998524 0.26108 0.52005 0.63221
vt 0.294415 0.237556
vn 0.974928 0.222521 0.000000
f 3172/3172/3172 3173/3173/3173 3174/3174/3174
v 1.545556 3.603797 -4.234708 0.26108 0.52005 0.63221
vt 0.295641 0.237632
vn 0.974928 0.222520 0.000000
v 1.509451 3.761983 -4.396961 0.26108 0.52005 0.63221
vt 0.296337 0.237146
vn 0.974928 0.222520 0.000000
v 1.509451 3.761983 -3.836270 0.26108 0.52005 0.63221
vt 0.293425 0.236965
vn 0.974928 0.222520 0.000000
f 3175/3175/3175 3176/3176/3176 3177/3177/3177
v 1.509451 3.761983 -3.836270 0.26108 0.52005 0.63221
vt 0.293425 0.236965
vn 0.974928 0.222520 0.000000
v 1.545556 3.603797 -3.998524 0.26108 0.52005 0.63221
vt 0.294415 0.237556
vn 0.974928 0.222520 0.000000
v 1.545556 3.603797 -4.234708 0.26108 0.52005 0.63221
vt 0.295641 0.237632
vn 0.974928 0.222520 0.000000
f 3178/3178/3178 3179/3179/3179 3180/3180/3180
v 1.639259 3.193255 -4.234708 0.26108 0.52005 0.63221
vt 0.296019 0.239026
vn 0.974928 0.222521 0.000000
v 1.675364 3.035070 -4.396961 0.26108 0.52005 0.63221
vt 0.297005 0.239614
vn 0.974928 0.222521 0.000000
v 1.509451 3.761983 -4.396961 0.26108 0.52005 0.63221
vt 0.296337 0.237146
vn 0.974928 0.222521 0.000000
f 3181/3181/3181 3182/3182/3182 3183/3183/3183
v 1.509451 3.761983 -4.396961 0.26108 0.52005 0.63221
vt 0.296337 0.237146
vn 0.974928 0.222521 0.000001
v 1.545556 3.603797 -4.234708 0.26108 0.52005 0.63221
vt 0.295641 0.237632
vn 0.974928 0.222521 0.000001
v 1.639259 3.193255 -4.234708 0.26108 0.52005 0.63221
vt 0.296019 0.239026
vn 0.974928 0.222521 0.000001
f 3184/3184/3184 3185/3185/3185 3186/3186/3186
v 1.639259 3.193255 -3.998524 0.26108 0.52005 0.63221
vt 0.294796 0.238950
vn 0.974928 0.222521 0.000000
v 1.675364 3.035070 -3.836270 0.26108 0.52005 0.63221
vt 0.294102 0.239433
vn 0.974928 0.222521 0.000000
v 1.675364 3.035070 -4.396961 0.26108 0.52005 0.63221
vt 0.297005 0.239614
vn 0.974928 0.222521 0.000000
f 3187/3187/3187 3188/3188/3188 3189/3189/3189
v 1.675364 3.035070 -4.396961 0.26108 0.52005 0.63221
vt 0.297005 0.239614
vn 0.974928 0.222521 0.000000
v 1.639259 3.193255 -4.234708 0.26108 0.52005 0.63221
vt 0.296019 0.239026
vn 0.974928 0.222521 0.000000
v 1.639259 3.193255 -3.998524 0.26108 0.52005 0.63221
vt 0.294796 0.238950
vn 0.974928 0.222521 0.000000
f 3190/3190/3190 3191/3191/3191 3192/3192/3192
v -1.545556 3.603797 -4.559215 0.26108 0.52005 0.63221
vt 0.298983 0.222731
vn -0.974928 0.222521 -0.000001
v -1.675364 3.035070 -4.396961 0.26108 0.52005 0.63221
vt 0.298797 0.223391
vn -0.974928 0.222521 -0.000001
v -1.509451 3.761983 -4.396961 0.26108 0.52005 0.63221
vt 0.297960 0.222480
vn -0.974928 0.222521 -0.000001
f 3193/3193/3193 3194/3194/3194 3195/3195/3195
v -1.675364 3.035070 -4.396961 0.26108 0.52005 0.63221
vt 0.298797 0.223391
vn -0.974928 0.222521 0.000000
v -1.545556 3.603797 -4.559215 0.26108 0.52005 0.63221
vt 0.298983 0.222731
vn -0.974928 0.222521 0.000000
v -1.639259 3.193255 -4.559215 0.26108 0.52005 0.63221
vt 0.299453 0.223245
vn -0.974928 0.222521 0.000000
f 3196/3196/3196 3197/3197/3197 3198/3198/3198
v -1.639259 3.193255 -4.559215 0.26108 0.52005 0.63221
vt 0.299453 0.223245
vn -0.974928 0.222521 0.000000
v -1.675364 3.035070 -4.957653 0.26108 0.52005 0.63221
vt 0.301690 0.223571
vn -0.974928 0.222521 0.000000
v -1.675364 3.035070 -4.396961 0.26108 0.52005 0.63221
vt 0.298797 0.223391
vn -0.974928 0.222521 0.000000
f 3199/3199/3199 3200/3200/3200 3201/3201/3201
v -1.675364 3.035070 -4.957653 0.26108 0.52005 0.63221
vt 0.301690 0.223571
vn -0.974928 0.222521 0.000000
v -1.639259 3.193255 -4.559215 0.26108 0.52005 0.63221
vt 0.299453 0.223245
vn -0.974928 0.222521 0.000000
v -1.639259 3.193255 -4.795399 0.26108 0.52005 0.63221
vt 0.300673 0.223321
vn -0.974928 0.222521 0.000000
f 3202/3202/3202 3203/3203/3203 3204/3204/3204
v -1.639259 3.193255 -4.795399 0.26108 0.52005 0.63221
vt 0.300673 0.223321
vn -0.974928 0.222521 0.000000
v -1.509451 3.761983 -4.957653 0.26108 0.52005 0.63221
vt 0.300865 0.222660
vn -0.974928 0.222521 0.000000
v -1.675364 3.035070 -4.957653 0.26108 0.52005 0.63221
vt 0.301690 0.223571
vn -0.974928 0.222521 0.000000
f 3205/3205/3205 3206/3206/3206 3207/3207/3207
v -1.509451 3.761983 -4.957653 0.26108 0.52005 0.63221
vt 0.300865 0.222660
vn -0.974928 0.222521 0.000001
v -1.639259 3.193255 -4.795399 0.26108 0.52005 0.63221
vt 0.300673 0.223321
vn -0.974928 0.222521 0.000001
v -1.545556 3.603797 -4.795399 0.26108 0.52005 0.63221
vt 0.300205 0.222807
vn -0.974928 0.222521 0.000001
f 3208/3208/3208 3209/3209/3209 3210/3210/3210
v -1.545556 3.603797 -4.795399 0.26108 0.52005 0.63221
vt 0.300205 0.222807
vn -0.974928 0.222520 0.000000
v -1.509451 3.761983 -4.396961 0.26108 0.52005 0.63221
vt 0.297960 0.222480
vn -0.974928 0.222520 0.000000
v -1.509451 3.761983 -4.957653 0.26108 0.52005 0.63221
vt 0.300865 0.222660
vn -0.974928 0.222520 0.000000
f 3211/3211/3211 3212/3212/3212 3213/3213/3213
v -1.509451 3.761983 -4.396961 0.26108 0.52005 0.63221
vt 0.297960 0.222480
vn -0.974928 0.222520 0.000000
v -1.545556 3.603797 -4.795399 0.26108 0.52005 0.63221
vt 0.300205 0.222807
vn -0.974928 0.222520 0.000000
v -1.545556 3.603797 -4.559215 0.26108 0.52005 0.63221
vt 0.298983 0.222731
vn -0.974928 0.222520 0.000000
f 3214/3214/3214 3215/3215/3215 3216/3216/3216
v -1.545556 3.603797 -5.119906 0.26108 0.52005 0.63221
vt 0.301885 0.222911
vn -0.974928 0.222521 -0.000001
v -1.675364 3.035070 -4.957653 0.26108 0.52005 0.63221
vt 0.301690 0.223571
vn -0.974928 0.222521 -0.000001
v -1.509451 3.761983 -4.957653 0.26108 0.52005 0.63221
vt 0.300865 0.222660
vn -0.974928 0.222521 -0.000001
f 3217/3217/3217 3218/3218/3218 3219/3219/3219
v -1.675364 3.035070 -4.957653 0.26108 0.52005 0.63221
vt 0.301690 0.223571
vn -0.974928 0.222521 0.000000
v -1.545556 3.603797 -5.119906 0.26108 0.52005 0.63221
vt 0.301885 0.222911
vn -0.974928 0.222521 0.000000
v -1.639259 3.193255 -5.119906 0.26108 0.52005 0.63221
vt 0.302349 0.223425
vn -0.974928 0.222521 0.000000
f 3220/3220/3220 3221/3221/3221 3222/3222/3222
v -1.639259 3.193255 -5.119906 0.26108 0.52005 0.63221
vt 0.302349 0.223425
vn -0.974928 0.222521 0.000000
v -1.675364 3.035070 -5.518344 0.26108 0.52005 0.63221
vt 0.304584 0.223750
vn -0.974928 0.222521 0.000000
v -1.675364 3.035070 -4.957653 0.26108 0.52005 0.63221
vt 0.301690 0.223571
vn -0.974928 0.222521 0.000000
f 3223/3223/3223 3224/3224/3224 3225/3225/3225
v -1.675364 3.035070 -5.518344 0.26108 0.52005 0.63221
vt 0.304584 0.223750
vn -0.974928 0.222521 0.000000
v -1.639259 3.193255 -5.119906 0.26108 0.52005 0.63221
vt 0.302349 0.223425
vn -0.974928 0.222521 0.000000
v -1.639259 3.193255 -5.356091 0.26108 0.52005 0.63221
vt 0.303569 0.223501
vn -0.974928 0.222521 0.000000
f 3226/3226/3226 3227/3227/3227 3228/3228/3228
v -1.639259 3.193255 -5.356091 0.26108 0.52005 0.63221
vt 0.303569 0.223501
vn -0.974928 0.222521 0.000000
v -1.509451 3.761983 -5.518344 0.26108 0.52005 0.63221
vt 0.303770 0.222840
vn -0.974928 0.222521 0.000000
v -1.675364 3.035070 -5.518344 0.26108 0.52005 0.63221
vt 0.304584 0.223750
vn -0.974928 0.222521 0.000000
f 3229/3229/3229 3230/3230/3230 3231/3231/3231
v -1.509451 3.761983 -5.518344 0.26108 0.52005 0.63221
vt 0.303770 0.222840
vn -0.974928 0.222521 0.000001
v -1.639259 3.193255 -5.356091 0.26108 0.52005 0.63221
vt 0.303569 0.223501
vn -0.974928 0.222521 0.000001
v -1.545556 3.603797 -5.356091 0.26108 0.52005 0.63221
vt 0.303107 0.222987
vn -0.974928 0.222521 0.000001
f 3232/3232/3232 3233/3233/3233 3234/3234/3234
v -1.545556 3.603797 -5.356091 0.26108 0.52005 0.63221
vt 0.303107 0.222987
vn -0.974928 0.222520 0.000000
v -1.509451 3.761983 -4.957653 0.26108 0.52005 0.63221
vt 0.300865 0.222660
vn -0.974928 0.222520 0.000000
v -1.509451 3.761983 -5.518344 0.26108 0.52005 0.63221
vt 0.303770 0.222840
vn -0.974928 0.222520 0.000000
f 3235/3235/3235 3236/3236/3236 3237/3237/3237
v -1.509451 3.761983 -4.957653 0.26108 0.52005 0.63221
vt 0.300865 0.222660
vn -0.974928 0.222520 0.000000
v -1.545556 3.603797 -5.356091 0.26108 0.52005 0.63221
vt 0.303107 0.222987
vn -0.974928 0.222520 0.000000
v -1.545556 3.603797 -5.119906 0.26108 0.52005 0.63221
vt 0.301885 0.222911
vn -0.974928 0.222520 0.000000
f 3238/3238/3238 3239/3239/3239 3240/3240/3240
v -1.545556 3.603797 -1.195066 0.26108 0.52005 0.63221
vt 0.281573 0.221649
vn -0.974928 0.222521 -0.000001
v -1.675364 3.035070 -1.032813 0.26108 0.52005 0.63221
vt 0.281440 0.222313
vn -0.974928 0.222521 -0.000001
v -1.509451 3.761983 -1.032813 0.26108 0.52005 0.63221
vt 0.280536 0.221397
vn -0.974928 0.222521 -0.000001
f 3241/3241/3241 3242/3242/3242 3243/3243/3243
v -1.675364 3.035070 -1.032813 0.26108 0.52005 0.63221
vt 0.281440 0.222313
vn -0.974928 0.222521 0.000000
v -1.545556 3.603797 -1.195066 0.26108 0.52005 0.63221
vt 0.281573 0.221649
vn -0.974928 0.222521 0.000000
v -1.639259 3.193255 -1.195066 0.26108 0.52005 0.63221
vt 0.282082 0.222166
vn -0.974928 0.222521 0.000000
f 3244/3244/3244 3245/3245/3245 3246/3246/3246
v -1.639259 3.193255 -1.195066 0.26108 0.52005 0.63221
vt 0.282082 0.222166
vn -0.974928 0.222521 0.000000
v -1.675364 3.035070 -1.593504 0.26108 0.52005 0.63221
vt 0.284332 0.222492
vn -0.974928 0.222521 0.000000
v -1.675364 3.035070 -1.032813 0.26108 0.52005 0.63221
vt 0.281440 0.222313
vn -0.974928 0.222521 0.000000
f 3247/3247/3247 3248/3248/3248 3249/3249/3249
v -1.675364 3.035070 -1.593504 0.26108 0.52005 0.63221
vt 0.284332 0.222492
vn -0.974928 0.222521 0.000000
v -1.639259 3.193255 -1.195066 0.26108 0.52005 0.63221
vt 0.282082 0.222166
vn -0.974928 0.222521 0.000000
v -1.639259 3.193255 -1.431251 0.26108 0.52005 0.63221
vt 0.283301 0.222242
vn -0.974928 0.222521 0.000000
f 3250/3250/3250 3251/3251/3251 3252/3252/3252
v -1.639259 3.193255 -1.431251 0.26108 0.52005 0.63221
vt 0.283301 0.222242
vn -0.974928 0.222521 0.000000
v -1.509451 3.761983 -1.593504 0.26108 0.52005 0.63221
vt 0.283440 0.221578
vn -0.974928 0.222521 0.000000
v -1.675364 3.035070 -1.593504 0.26108 0.52005 0.63221
vt 0.284332 0.222492
vn -0.974928 0.222521 0.000000
f 3253/3253/3253 3254/3254/3254 3255/3255/3255
v -1.509451 3.761983 -1.593504 0.26108 0.52005 0.63221
vt 0.283440 0.221578
vn -0.974928 0.222521 0.000001
v -1.639259 3.193255 -1.431251 0.26108 0.52005 0.63221
vt 0.283301 0.222242
vn -0.974928 0.222521 0.000001
v -1.545556 3.603797 -1.431251 0.26108 0.52005 0.63221
vt 0.282795 0.221725
vn -0.974928 0.222521 0.000001
f 3256/3256/3256 3257/3257/3257 3258/3258/3258
v -1.545556 3.603797 -1.431251 0.26108 0.52005 0.63221
vt 0.282795 0.221725
vn -0.974928 0.222520 0.000000
v -1.509451 3.761983 -1.032813 0.26108 0.52005 0.63221
vt 0.280536 0.221397
vn -0.974928 0.222520 0.000000
v -1.509451 3.761983 -1.593504 0.26108 0.52005 0.63221
vt 0.283440 0.221578
vn -0.974928 0.222520 0.000000
f 3259/3259/3259 3260/3260/3260 3261/3261/3261
v -1.509451 3.761983 -1.032813 0.26108 0.52005 0.63221
vt 0.280536 0.221397
vn -0.974928 0.222520 0.000000
v -1.545556 3.603797 -1.431251 0.26108 0.52005 0.63221
vt 0.282795 0.221725
vn -0.974928 0.222520 0.000000
v -1.545556 3.603797 -1.195066 0.26108 0.52005 0.63221
vt 0.281573 0.221649
vn -0.974928 0.222520 0.000000
f 3262/3262/3262 3263/3263/3263 3264/3264/3264
v -1.545556 3.603797 -1.755758 0.26108 0.52005 0.63221
vt 0.284474 0.221830
vn -0.974928 0.222521 -0.000001
v -1.675364 3.035070 -1.593504 0.26108 0.52005 0.63221
vt 0.284332 0.222492
vn -0.974928 0.222521 -0.000001
v -1.509451 3.761983 -1.593504 0.26108 0.52005 0.63221
vt 0.283440 0.221578
vn -0.974928 0.222521 -0.000001
f 3265/3265/3265 3266/3266/3266 3267/3267/3267
v -1.675364 3.035070 -1.593504 0.26108 0.52005 0.63221
vt 0.284332 0.222492
vn -0.974928 0.222521 0.000000
v -1.545556 3.603797 -1.755758 0.26108 0.52005 0.63221
vt 0.284474 0.221830
vn -0.974928 0.222521 0.000000
v -1.639259 3.193255 -1.755758 0.26108 0.52005 0.63221
vt 0.284977 0.222346
vn -0.974928 0.222521 0.000000
f 3268/3268/3268 3269/3269/3269 3270/3270/3270
v -1.639259 3.193255 -1.755758 0.26108 0.52005 0.63221
vt 0.284977 0.222346
vn -0.974928 0.222521 0.000000
v -1.675364 3.035070 -2.154196 0.26108 0.52005 0.63221
vt 0.287225 0.222672
vn -0.974928 0.222521 0.000000
v -1.675364 3.035070 -1.593504 0.26108 0.52005 0.63221
vt 0.284332 0.222492
vn -0.974928 0.222521 0.000000
f 3271/3271/3271 3272/3272/3272 3273/3273/3273
v -1.675364 3.035070 -2.154196 0.26108 0.52005 0.63221
vt 0.287225 0.222672
vn -0.974928 0.222521 0.000000
v -1.639259 3.193255 -1.755758 0.26108 0.52005 0.63221
vt 0.284977 0.222346
vn -0.974928 0.222521 0.000000
v -1.639259 3.193255 -1.991942 0.26108 0.52005 0.63221
vt 0.286196 0.222422
vn -0.974928 0.222521 0.000000
f 3274/3274/3274 3275/3275/3275 3276/3276/3276
v -1.639259 3.193255 -1.991942 0.26108 0.52005 0.63221
vt 0.286196 0.222422
vn -0.974928 0.222521 0.000000
v -1.509451 3.761983 -2.154196 0.26108 0.52005 0.63221
vt 0.286343 0.221758
vn -0.974928 0.222521 0.000000
v -1.675364 3.035070 -2.154196 0.26108 0.52005 0.63221
vt 0.287225 0.222672
vn -0.974928 0.222521 0.000000
f 3277/3277/3277 3278/3278/3278 3279/3279/3279
v -1.509451 3.761983 -2.154196 0.26108 0.52005 0.63221
vt 0.286343 0.221758
vn -0.974928 0.222521 0.000001
v -1.639259 3.193255 -1.991942 0.26108 0.52005 0.63221
vt 0.286196 0.222422
vn -0.974928 0.222521 0.000001
v -1.545556 3.603797 -1.991942 0.26108 0.52005 0.63221
vt 0.285696 0.221905
vn -0.974928 0.222521 0.000001
f 3280/3280/3280 3281/3281/3281 3282/3282/3282
v -1.545556 3.603797 -1.991942 0.26108 0.52005 0.63221
vt 0.285696 0.221905
vn -0.974928 0.222520 0.000000
v -1.509451 3.761983 -1.593504 0.26108 0.52005 0.63221
vt 0.283440 0.221578
vn -0.974928 0.222520 0.000000
v -1.509451 3.761983 -2.154196 0.26108 0.52005 0.63221
vt 0.286343 0.221758
vn -0.974928 0.222520 0.000000
f 3283/3283/3283 3284/3284/3284 3285/3285/3285
v -1.509451 3.761983 -1.593504 0.26108 0.52005 0.63221
vt 0.283440 0.221578
vn -0.974928 0.222520 0.000000
v -1.545556 3.603797 -1.991942 0.26108 0.52005 0.63221
vt 0.285696 0.221905
vn -0.974928 0.222520 0.000000
v -1.545556 3.603797 -1.755758 0.26108 0.52005 0.63221
vt 0.284474 0.221830
vn -0.974928 0.222520 0.000000
f 3286/3286/3286 3287/3287/3287 3288/3288/3288
v -1.545556 3.603797 -2.316449 0.26108 0.52005 0.63221
vt 0.287375 0.222010
vn -0.974928 0.222521 -0.000001
v -1.675364 3.035070 -2.154196 0.26108 0.52005 0.63221
vt 0.287225 0.222672
vn -0.974928 0.222521 -0.000001
v -1.509451 3.761983 -2.154196 0.26108 0.52005 0.63221
vt 0.286343 0.221758
vn -0.974928 0.222521 -0.000001
f 3289/3289/3289 3290/3290/3290 3291/3291/3291
v -1.675364 3.035070 -2.154196 0.26108 0.52005 0.63221
vt 0.287225 0.222672
vn -0.974928 0.222521 0.000000
v -1.545556 3.603797 -2.316449 0.26108 0.52005 0.63221
vt 0.287375 0.222010
vn -0.974928 0.222521 0.000000
v -1.639259 3.193255 -2.316449 0.26108 0.52005 0.63221
vt 0.287871 0.222526
vn -0.974928 0.222521 0.000000
f 3292/3292/3292 3293/3293/3293 3294/3294/3294
v -1.639259 3.193255 -2.316449 0.26108 0.52005 0.63221
vt 0.287871 0.222526
vn -0.974928 0.222521 0.000000
v -1.675364 3.035070 -2.714887 0.26108 0.52005 0.63221
vt 0.290118 0.222852
vn -0.974928 0.222521 0.000000
v -1.675364 3.035070 -2.154196 0.26108 0.52005 0.63221
vt 0.287225 0.222672
vn -0.974928 0.222521 0.000000
f 3295/3295/3295 3296/3296/3296 3297/3297/3297
v -1.675364 3.035070 -2.714887 0.26108 0.52005 0.63221
vt 0.290118 0.222852
vn -0.974928 0.222521 0.000000
v -1.639259 3.193255 -2.316449 0.26108 0.52005 0.63221
vt 0.287871 0.222526
vn -0.974928 0.222521 0.000000
v -1.639259 3.193255 -2.552633 0.26108 0.52005 0.63221
vt 0.289091 0.222602
vn -0.974928 0.222521 0.000000
f 3298/3298/3298 3299/3299/3299 3300/3300/3300
v -1.639259 3.193255 -2.552633 0.26108 0.52005 0.63221
vt 0.289091 0.222602
vn -0.974928 0.222521 0.000000
v -1.509451 3.761983 -2.714887 0.26108 0.52005 0.63221
vt 0.289247 0.221938
vn -0.974928 0.222521 0.000000
v -1.675364 3.035070 -2.714887 0.26108 0.52005 0.63221
vt 0.290118 0.222852
vn -0.974928 0.222521 0.000000
f 3301/3301/3301 3302/3302/3302 3303/3303/3303
v -1.509451 3.761983 -2.714887 0.26108 0.52005 0.63221
vt 0.289247 0.221938
vn -0.974928 0.222521 0.000001
v -1.639259 3.193255 -2.552633 0.26108 0.52005 0.63221
vt 0.289091 0.222602
vn -0.974928 0.222521 0.000001
v -1.545556 3.603797 -2.552633 0.26108 0.52005 0.63221
vt 0.288598 0.222086
vn -0.974928 0.222521 0.000001
f 3304/3304/3304 3305/3305/3305 3306/3306/3306
v -1.545556 3.603797 -2.552633 0.26108 0.52005 0.63221
vt 0.288598 0.222086
vn -0.974928 0.222520 0.000000
v -1.509451 3.761983 -2.154196 0.26108 0.52005 0.63221
vt 0.286343 0.221758
vn -0.974928 0.222520 0.000000
v -1.509451 3.761983 -2.714887 0.26108 0.52005 0.63221
vt 0.289247 0.221938
vn -0.974928 0.222520 0.000000
f 3307/3307/3307 3308/3308/3308 3309/3309/3309
v -1.509451 3.761983 -2.154196 0.26108 0.52005 0.63221
vt 0.286343 0.221758
vn -0.974928 0.222520 0.000000
v -1.545556 3.603797 -2.552633 0.26108 0.52005 0.63221
vt 0.288598 0.222086
vn -0.974928 0.222520 0.000000
v -1.545556 3.603797 -2.316449 0.26108 0.52005 0.63221
vt 0.287375 0.222010
vn -0.974928 0.222520 0.000000
f 3310/3310/3310 3311/3311/3311 3312/3312/3312
v -1.545556 3.603797 -2.877141 0.26108 0.52005 0.63221
vt 0.290277 0.222190
vn -0.974928 0.222521 -0.000001
v -1.675364 3.035070 -2.714887 0.26108 0.52005 0.63221
vt 0.290118 0.222852
vn -0.974928 0.222521 -0.000001
v -1.509451 3.761983 -2.714887 0.26108 0.52005 0.63221
vt 0.289247 0.221938
vn -0.974928 0.222521 -0.000001
f 3313/3313/3313 3314/3314/3314 3315/3315/3315
v -1.675364 3.035070 -2.714887 0.26108 0.52005 0.63221
vt 0.290118 0.222852
vn -0.974928 0.222521 0.000000
v -1.545556 3.603797 -2.877141 0.26108 0.52005 0.63221
vt 0.290277 0.222190
vn -0.974928 0.222521 0.000000
v -1.639259 3.193255 -2.877141 0.26108 0.52005 0.63221
vt 0.290767 0.222706
vn -0.974928 0.222521 0.000000
f 3316/3316/3316 3317/3317/3317 3318/3318/3318
v -1.639259 3.193255 -2.877141 0.26108 0.52005 0.63221
vt 0.290767 0.222706
vn -0.974928 0.222521 0.000000
v -1.675364 3.035070 -3.275579 0.26108 0.52005 0.63221
vt 0.293010 0.223031
vn -0.974928 0.222521 0.000000
v -1.675364 3.035070 -2.714887 0.26108 0.52005 0.63221
vt 0.290118 0.222852
vn -0.974928 0.222521 0.000000
f 3319/3319/3319 3320/3320/3320 3321/3321/3321
v -1.675364 3.035070 -3.275579 0.26108 0.52005 0.63221
vt 0.293010 0.223031
vn -0.974928 0.222521 0.000000
v -1.639259 3.193255 -2.877141 0.26108 0.52005 0.63221
vt 0.290767 0.222706
vn -0.974928 0.222521 0.000000
v -1.639259 3.193255 -3.113325 0.26108 0.52005 0.63221
vt 0.291986 0.222781
vn -0.974928 0.222521 0.000000
f 3322/3322/3322 3323/3323/3323 3324/3324/3324
v -1.639259 3.193255 -3.113325 0.26108 0.52005 0.63221
vt 0.291986 0.222781
vn -0.974928 0.222521 0.000000
v -1.509451 3.761983 -3.275579 0.26108 0.52005 0.63221
vt 0.292151 0.222119
vn -0.974928 0.222521 0.000000
v -1.675364 3.035070 -3.275579 0.26108 0.52005 0.63221
vt 0.293010 0.223031
vn -0.974928 0.222521 0.000000
f 3325/3325/3325 3326/3326/3326 3327/3327/3327
v -1.509451 3.761983 -3.275579 0.26108 0.52005 0.63221
vt 0.292151 0.222119
vn -0.974928 0.222521 0.000001
v -1.639259 3.193255 -3.113325 0.26108 0.52005 0.63221
vt 0.291986 0.222781
vn -0.974928 0.222521 0.000001
v -1.545556 3.603797 -3.113325 0.26108 0.52005 0.63221
vt 0.291499 0.222266
vn -0.974928 0.222521 0.000001
f 3328/3328/3328 3329/3329/3329 3330/3330/3330
v -1.545556 3.603797 -3.113325 0.26108 0.52005 0.63221
vt 0.291499 0.222266
vn -0.974928 0.222520 0.000000
v -1.509451 3.761983 -2.714887 0.26108 0.52005 0.63221
vt 0.289247 0.221938
vn -0.974928 0.222520 0.000000
v -1.509451 3.761983 -3.275579 0.26108 0.52005 0.63221
vt 0.292151 0.222119
vn -0.974928 0.222520 0.000000
f 3331/3331/3331 3332/3332/3332 3333/3333/3333
v -1.509451 3.761983 -2.714887 0.26108 0.52005 0.63221
vt 0.289247 0.221938
vn -0.974928 0.222520 0.000000
v -1.545556 3.603797 -3.113325 0.26108 0.52005 0.63221
vt 0.291499 0.222266
vn -0.974928 0.222520 0.000000
v -1.545556 3.603797 -2.877141 0.26108 0.52005 0.63221
vt 0.290277 0.222190
vn -0.974928 0.222520 0.000000
f 3334/3334/3334 3335/3335/3335 3336/3336/3336
v -1.545556 3.603797 -3.437832 0.26108 0.52005 0.63221
vt 0.293179 0.222370
vn -0.974928 0.222521 -0.000001
v -1.675364 3.035070 -3.275579 0.26108 0.52005 0.63221
vt 0.293010 0.223031
vn -0.974928 0.222521 -0.000001
v -1.509451 3.761983 -3.275579 0.26108 0.52005 0.63221
vt 0.292151 0.222119
vn -0.974928 0.222521 -0.000001
f 3337/3337/3337 3338/3338/3338 3339/3339/3339
v -1.675364 3.035070 -3.275579 0.26108 0.52005 0.63221
vt 0.293010 0.223031
vn -0.974928 0.222521 0.000000
v -1.545556 3.603797 -3.437832 0.26108 0.52005 0.63221
vt 0.293179 0.222370
vn -0.974928 0.222521 0.000000
v -1.639259 3.193255 -3.437832 0.26108 0.52005 0.63221
vt 0.293662 0.222885
vn -0.974928 0.222521 0.000000
f 3340/3340/3340 3341/3341/3341 3342/3342/3342
v -1.639259 3.193255 -3.437832 0.26108 0.52005 0.63221
vt 0.293662 0.222885
vn -0.974928 0.222521 0.000000
v -1.675364 3.035070 -3.836270 0.26108 0.52005 0.63221
vt 0.295903 0.223211
vn -0.974928 0.222521 0.000000
v -1.675364 3.035070 -3.275579 0.26108 0.52005 0.63221
vt 0.293010 0.223031
vn -0.974928 0.222521 0.000000
f 3343/3343/3343 3344/3344/3344 3345/3345/3345
v -1.675364 3.035070 -3.836270 0.26108 0.52005 0.63221
vt 0.295903 0.223211
vn -0.974928 0.222521 0.000000
v -1.639259 3.193255 -3.437832 0.26108 0.52005 0.63221
vt 0.293662 0.222885
vn -0.974928 0.222521 0.000000
v -1.639259 3.193255 -3.674017 0.26108 0.52005 0.63221
vt 0.294882 0.222961
vn -0.974928 0.222521 0.000000
f 3346/3346/3346 3347/3347/3347 3348/3348/3348
v -1.639259 3.193255 -3.674017 0.26108 0.52005 0.63221
vt 0.294882 0.222961
vn -0.974928 0.222521 0.000000
v -1.509451 3.761983 -3.836270 0.26108 0.52005 0.63221
vt 0.295056 0.222299
vn -0.974928 0.222521 0.000000
v -1.675364 3.035070 -3.836270 0.26108 0.52005 0.63221
vt 0.295903 0.223211
vn -0.974928 0.222521 0.000000
f 3349/3349/3349 3350/3350/3350 3351/3351/3351
v -1.509451 3.761983 -3.836270 0.26108 0.52005 0.63221
vt 0.295056 0.222299
vn -0.974928 0.222521 0.000001
v -1.639259 3.193255 -3.674017 0.26108 0.52005 0.63221
vt 0.294882 0.222961
vn -0.974928 0.222521 0.000001
v -1.545556 3.603797 -3.674017 0.26108 0.52005 0.63221
vt 0.294401 0.222446
vn -0.974928 0.222521 0.000001
f 3352/3352/3352 3353/3353/3353 3354/3354/3354
v -1.545556 3.603797 -3.674017 0.26108 0.52005 0.63221
vt 0.294401 0.222446
vn -0.974928 0.222520 0.000000
v -1.509451 3.761983 -3.275579 0.26108 0.52005 0.63221
vt 0.292151 0.222119
vn -0.974928 0.222520 0.000000
v -1.509451 3.761983 -3.836270 0.26108 0.52005 0.63221
vt 0.295056 0.222299
vn -0.974928 0.222520 0.000000
f 3355/3355/3355 3356/3356/3356 3357/3357/3357
v -1.509451 3.761983 -3.275579 0.26108 0.52005 0.63221
vt 0.292151 0.222119
vn -0.974928 0.222520 0.000000
v -1.545556 3.603797 -3.674017 0.26108 0.52005 0.63221
vt 0.294401 0.222446
vn -0.974928 0.222520 0.000000
v -1.545556 3.603797 -3.437832 0.26108 0.52005 0.63221
vt 0.293179 0.222370
vn -0.974928 0.222520 0.000000
f 3358/3358/3358 3359/3359/3359 3360/3360/3360
v -1.545556 3.603797 -3.998524 0.26108 0.52005 0.63221
vt 0.296080 0.222550
vn -0.974928 0.222521 -0.000001
v -1.675364 3.035070 -3.836270 0.26108 0.52005 0.63221
vt 0.295903 0.223211
vn -0.974928 0.222521 -0.000001
v -1.509451 3.761983 -3.836270 0.26108 0.52005 0.63221
vt 0.295056 0.222299
vn -0.974928 0.222521 -0.000001
f 3361/3361/3361 3362/3362/3362 3363/3363/3363
v -1.675364 3.035070 -3.836270 0.26108 0.52005 0.63221
vt 0.295903 0.223211
vn -0.974928 0.222521 0.000000
v -1.545556 3.603797 -3.998524 0.26108 0.52005 0.63221
vt 0.296080 0.222550
vn -0.974928 0.222521 0.000000
v -1.639259 3.193255 -3.998524 0.26108 0.52005 0.63221
vt 0.296557 0.223065
vn -0.974928 0.222521 0.000000
f 3364/3364/3364 3365/3365/3365 3366/3366/3366
v -1.639259 3.193255 -3.998524 0.26108 0.52005 0.63221
vt 0.296557 0.223065
vn -0.974928 0.222521 0.000000
v -1.675364 3.035070 -4.396961 0.26108 0.52005 0.63221
vt 0.298797 0.223391
vn -0.974928 0.222521 0.000000
v -1.675364 3.035070 -3.836270 0.26108 0.52005 0.63221
vt 0.295903 0.223211
vn -0.974928 0.222521 0.000000
f 3367/3367/3367 3368/3368/3368 3369/3369/3369
v -1.675364 3.035070 -4.396961 0.26108 0.52005 0.63221
vt 0.298797 0.223391
vn -0.974928 0.222521 0.000000
v -1.639259 3.193255 -3.998524 0.26108 0.52005 0.63221
vt 0.296557 0.223065
vn -0.974928 0.222521 0.000000
v -1.639259 3.193255 -4.234708 0.26108 0.52005 0.63221
vt 0.297777 0.223141
vn -0.974928 0.222521 0.000000
f 3370/3370/3370 3371/3371/3371 3372/3372/3372
v -1.639259 3.193255 -4.234708 0.26108 0.52005 0.63221
vt 0.297777 0.223141
vn -0.974928 0.222521 0.000000
v -1.509451 3.761983 -4.396961 0.26108 0.52005 0.63221
vt 0.297960 0.222480
vn -0.974928 0.222521 0.000000
v -1.675364 3.035070 -4.396961 0.26108 0.52005 0.63221
vt 0.298797 0.223391
vn -0.974928 0.222521 0.000000
f 3373/3373/3373 3374/3374/3374 3375/3375/3375
v -1.509451 3.761983 -4.396961 0.26108 0.52005 0.63221
vt 0.297960 0.222480
vn -0.974928 0.222521 0.000001
v -1.639259 3.193255 -4.234708 0.26108 0.52005 0.63221
vt 0.297777 0.223141
vn -0.974928 0.222521 0.000001
v -1.545556 3.603797 -4.234708 0.26108 0.52005 0.63221
vt 0.297303 0.222626
vn -0.974928 0.222521 0.000001
f 3376/3376/3376 3377/3377/3377 3378/3378/3378
v -1.545556 3.603797 -4.234708 0.26108 0.52005 0.63221
vt 0.297303 0.222626
vn -0.974928 0.222520 0.000000
v -1.509451 3.761983 -3.836270 0.26108 0.52005 0.63221
vt 0.295056 0.222299
vn -0.974928 0.222520 0.000000
v -1.509451 3.761983 -4.396961 0.26108 0.52005 0.63221
vt 0.297960 0.222480
vn -0.974928 0.222520 0.000000
f 3379/3379/3379 3380/3380/3380 3381/3381/3381
v -1.509451 3.761983 -3.836270 0.26108 0.52005 0.63221
vt 0.295056 0.222299
vn -0.974928 0.222520 0.000000
v -1.545556 3.603797 -4.234708 0.26108 0.52005 0.63221
vt 0.297303 0.222626
vn -0.974928 0.222520 0.000000
v -1.545556 3.603797 -3.998524 0.26108 0.52005 0.63221
vt 0.296080 0.222550
vn -0.974928 0.222520 0.000000
f 3382/3382/3382 3383/3383/3383 3384/3384/3384
v -0.840503 2.412971 -3.083598 0.28524 0.28754 0.26684
vt 0.777874 0.171823
vn -0.137337 0.443544 -0.885668
v 0.000000 1.916332 -3.462649 0.28524 0.28754 0.26684
vt 0.782623 0.159881
vn -0.137337 0.443544 -0.885668
v -0.840503 1.916332 -3.332316 0.28524 0.28754 0.26684
vt 0.782381 0.170216
vn -0.137337 0.443544 -0.885668
f 3385/3385/3385 3386/3386/3386 3387/3387/3387
v 0.000000 1.916332 -3.462649 0.28524 0.28754 0.26684
vt 0.782623 0.159881
vn -0.137337 0.443544 -0.885668
v -0.840503 2.412971 -3.083598 0.28524 0.28754 0.26684
vt 0.777874 0.171823
vn -0.137337 0.443544 -0.885668
v 0.000000 2.412971 -3.213931 0.28524 0.28754 0.26684
vt 0.778108 0.161550
vn -0.137337 0.443544 -0.885668
f 3388/3388/3388 3389/3389/3389 3390/3390/3390
v -0.840503 2.412971 -3.083598 0.28524 0.28754 0.26684
vt 0.777874 0.171823
vn -0.014847 0.995295 -0.095746
v 0.000000 2.781760 0.619679 0.28524 0.28754 0.26684
vt 0.732764 0.170123
vn -0.014847 0.995295 -0.095746
v 0.000000 2.412971 -3.213931 0.28524 0.28754 0.26684
vt 0.778108 0.161550
vn -0.014847 0.995295 -0.095746
f 3391/3391/3391 3392/3392/3392 3393/3393/3393
v 0.000000 1.916332 -3.462649 0.28524 0.28754 0.26684
vt 0.782623 0.159881
vn -0.114601 -0.716487 -0.688122
v 0.000000 1.677461 -3.213931 0.28524 0.28754 0.26684
vt 0.780511 0.159823
vn -0.114601 -0.716487 -0.688122
v -0.782586 1.677461 -3.083598 0.28524 0.28754 0.26684
vt 0.780183 0.169492
vn -0.114601 -0.716487 -0.688122
f 3394/3394/3394 3395/3395/3395 3396/3396/3396
v -0.782586 1.677461 -3.083598 0.28524 0.28754 0.26684
vt 0.780183 0.169492
vn -0.104834 -0.729349 -0.676062
v -0.840503 1.916332 -3.332316 0.28524 0.28754 0.26684
vt 0.782381 0.170216
vn -0.104834 -0.729349 -0.676062
v 0.000000 1.916332 -3.462649 0.28524 0.28754 0.26684
vt 0.782623 0.159881
vn -0.104834 -0.729349 -0.676062
f 3397/3397/3397 3398/3398/3398 3399/3399/3399
v -1.585576 2.564799 -2.186159 0.28524 0.28754 0.26684
vt 0.768166 0.182796
vn -0.838420 -0.000000 -0.545025
v -0.840503 1.916332 -3.332316 0.28524 0.28754 0.26684
vt 0.782381 0.170216
vn -0.838420 -0.000000 -0.545025
v -1.585576 1.905648 -2.186159 0.28524 0.28754 0.26684
vt 0.770231 0.181420
vn -0.838420 -0.000000 -0.545025
f 3400/3400/3400 3401/3401/3401 3402/3402/3402
v -0.840503 1.916332 -3.332316 0.28524 0.28754 0.26684
vt 0.782381 0.170216
vn -0.702011 0.318899 -0.636776
v -1.585576 2.564799 -2.186159 0.28524 0.28754 0.26684
vt 0.768166 0.182796
vn -0.702011 0.318899 -0.636776
v -0.840503 2.412971 -3.083598 0.28524 0.28754 0.26684
vt 0.777874 0.171823
vn -0.702011 0.318899 -0.636776
f 3403/3403/3403 3404/3404/3404 3405/3405/3405
v -1.585576 2.564799 -2.186159 0.28524 0.28754 0.26684
vt 0.768166 0.182796
vn 0.084504 0.991631 -0.097606
v -0.840503 2.781760 0.663123 0.28524 0.28754 0.26684
vt 0.733591 0.180157
vn 0.084504 0.991631 -0.097606
v -0.840503 2.412971 -3.083598 0.28524 0.28754 0.26684
vt 0.777874 0.171823
vn 0.084504 0.991631 -0.097606
f 3406/3406/3406 3407/3407/3407 3408/3408/3408
v -1.585576 1.905648 -2.186159 0.28524 0.28754 0.26684
vt 0.770231 0.181420
vn -0.752446 -0.247885 -0.610228
v -0.782586 1.677461 -3.083598 0.28524 0.28754 0.26684
vt 0.780183 0.169492
vn -0.752446 -0.247885 -0.610228
v -1.433107 1.442833 -2.186159 0.28524 0.28754 0.26684
vt 0.771466 0.178612
vn -0.752446 -0.247885 -0.610228
f 3409/3409/3409 3410/3410/3410 3411/3411/3411
v -0.782586 1.677461 -3.083598 0.28524 0.28754 0.26684
vt 0.780183 0.169492
vn -0.659997 -0.612696 -0.434750
v -1.585576 1.905648 -2.186159 0.28524 0.28754 0.26684
vt 0.770231 0.181420
vn -0.659997 -0.612696 -0.434750
v -0.840503 1.916332 -3.332316 0.28524 0.28754 0.26684
vt 0.782381 0.170216
vn -0.659997 -0.612696 -0.434750
f 3412/3412/3412 3413/3413/3413 3414/3414/3414
v -0.782586 1.677461 -3.083598 0.28524 0.28754 0.26684
vt 0.780183 0.169492
vn -0.020698 -0.992031 -0.124284
v 0.000000 1.677461 -3.213931 0.28524 0.28754 0.26684
vt 0.780511 0.159823
vn -0.020698 -0.992031 -0.124284
v 0.000000 1.197178 0.619679 0.28524 0.28754 0.26684
vt 0.737120 0.166547
vn -0.020698 -0.992031 -0.124284
f 3415/3415/3415 3416/3416/3416 3417/3417/3417
v -1.433107 1.442833 -2.186159 0.28524 0.28754 0.26684
vt 0.771466 0.178612
vn 0.179384 -0.975795 -0.125085
v -0.782586 1.677461 -3.083598 0.28524 0.28754 0.26684
vt 0.780183 0.169492
vn 0.179384 -0.975795 -0.125085
v -0.782586 1.197178 0.663123 0.28524 0.28754 0.26684
vt 0.737863 0.176074
vn 0.179384 -0.975795 -0.125085
f 3418/3418/3418 3419/3419/3419 3420/3420/3420
v -1.811278 1.956697 -0.841270 0.28524 0.28754 0.26684
vt 0.754818 0.186937
vn -0.811127 0.432762 -0.393434
v -1.433107 1.442833 -2.186159 0.28524 0.28754 0.26684
vt 0.771466 0.178612
vn -0.811127 0.432762 -0.393434
v -1.905712 1.527528 -1.118646 0.28524 0.28754 0.26684
vt 0.759480 0.186626
vn -0.811127 0.432762 -0.393434
f 3421/3421/3421 3422/3422/3422 3423/3423/3423
v -1.433107 1.442833 -2.186159 0.28524 0.28754 0.26684
vt 0.771466 0.178612
vn -0.939618 -0.309547 -0.145939
v -1.811278 1.956697 -0.841270 0.28524 0.28754 0.26684
vt 0.754818 0.186937
vn -0.939618 -0.309547 -0.145939
v -1.585576 1.905648 -2.186159 0.28524 0.28754 0.26684
vt 0.770231 0.181420
vn -0.939618 -0.309547 -0.145939
f 3424/3424/3424 3425/3425/3425 3426/3426/3426
v -1.811278 2.339693 -0.308177 0.28524 0.28754 0.26684
vt 0.747531 0.188786
vn -0.956854 0.235980 -0.169538
v -1.585576 1.905648 -2.186159 0.28524 0.28754 0.26684
vt 0.770231 0.181420
vn -0.956854 0.235980 -0.169538
v -1.811278 1.956697 -0.841270 0.28524 0.28754 0.26684
vt 0.754818 0.186937
vn -0.956854 0.235980 -0.169538
f 3427/3427/3427 3428/3428/3428 3429/3429/3429
v -1.585576 1.905648 -2.186159 0.28524 0.28754 0.26684
vt 0.770231 0.181420
vn -0.992855 0.000000 -0.119324
v -1.811278 2.339693 -0.308177 0.28524 0.28754 0.26684
vt 0.747531 0.188786
vn -0.992855 0.000000 -0.119324
v -1.585576 2.564799 -2.186159 0.28524 0.28754 0.26684
vt 0.768166 0.182796
vn -0.992855 0.000000 -0.119324
f 3430/3430/3430 3431/3431/3431 3432/3432/3432
