# Derivative; see ATTRIBUTION.md. Metres, Y up.
v 1.747356 -2.912261 12.231495 0.91030 0.91260 0.89190
vt 0.265803 0.395851
vn 0.577350 -0.577350 0.577350
v 2.329809 -2.329809 12.231495 0.91030 0.91260 0.89190
vt 0.287330 0.418724
vn 0.577350 -0.577350 0.577350
v 1.747356 -2.329809 12.813947 0.91030 0.91260 0.89190
vt 0.275859 0.423579
vn 0.577350 -0.577350 0.577350
f 1/1/1 2/2/2 3/3/3
v 1.747356 -2.912261 12.231495 0.91030 0.91260 0.89190
vt 0.265803 0.395851
vn 1.000000 0.000000 0.000000
v 1.747356 -2.329809 12.813947 0.91030 0.91260 0.89190
vt 0.275859 0.423579
vn 1.000000 0.000000 0.000000
v 1.747356 -2.912261 12.813947 0.91030 0.91260 0.89190
vt 0.258901 0.400365
vn 1.000000 0.000000 0.000000
f 4/4/4 5/5/5 6/6/6
v 2.329809 -3.494713 -14.561303 0.51775 0.29358 0.27288
vt 0.843432 0.376997
vn 0.000000 0.000000 -1.000000
v 1.747356 -3.494713 -14.561303 0.51775 0.29358 0.27288
vt 0.867947 0.354218
vn 0.000000 0.000000 -1.000000
v 2.329809 -2.912261 -14.561303 0.51775 0.29358 0.27288
vt 0.855564 0.387173
vn 0.000000 0.000000 -1.000000
f 7/7/7 8/8/8 9/9/9
v 2.329809 -3.494713 -14.561303 0.51775 0.29358 0.27288
vt 0.843432 0.376997
vn 1.000000 0.000000 0.000000
v 2.329809 -2.912261 -14.561303 0.51775 0.29358 0.27288
vt 0.855564 0.387173
vn 1.000000 0.000000 0.000000
v 2.329809 -2.912261 -13.978851 0.51775 0.29358 0.27288
vt 0.827687 0.398475
vn 1.000000 0.000000 0.000000
f 10/10/10 11/11/11 12/12/12
v 2.329809 -2.912261 9.319234 0.91030 0.91260 0.89190
vt 0.382530 0.378487
vn 1.000000 0.000000 0.000000
v 2.329809 -2.329809 9.901686 0.91030 0.91260 0.89190
vt 0.377174 0.405817
vn 1.000000 0.000000 0.000000
v 2.329809 -2.329809 11.066590 0.91030 0.91260 0.89190
vt 0.357204 0.408303
vn 1.000000 0.000000 0.000000
f 13/13/13 14/14/14 15/15/15
v 2.329809 -2.912261 9.319234 0.91030 0.91260 0.88586
vt 0.382530 0.378487
vn 1.000000 0.000000 0.000000
v 2.329809 -2.329809 11.066590 0.91030 0.91260 0.88586
vt 0.357204 0.408303
vn 1.000000 0.000000 0.000000
v 2.329809 -2.912261 11.066590 0.91030 0.91260 0.88586
vt 0.359386 0.381001
vn 1.000000 0.000000 0.000000
f 16/16/16 17/17/17 18/18/18
v 2.329809 -3.494713 -5.242069 0.91030 0.91260 0.88888
vt 0.658429 0.374216
vn 0.000000 -1.000000 0.000000
v 1.747356 -3.494713 -5.824521 0.91030 0.91260 0.88888
vt 0.658534 0.345687
vn 0.000000 -1.000000 0.000000
v 1.747356 -3.494713 -8.154330 0.91030 0.91260 0.88888
vt 0.704889 0.346338
vn 0.000000 -1.000000 0.000000
f 19/19/19 20/20/20 21/21/21
v 2.329809 -3.494713 -5.242069 0.51473 0.29660 0.28798
vt 0.658429 0.374216
vn 0.000000 -1.000000 -0.000000
v 1.747356 -3.494713 -8.154330 0.51473 0.29660 0.28798
vt 0.704889 0.346338
vn 0.000000 -1.000000 -0.000000
v 2.329809 -3.494713 -7.571878 0.51473 0.29660 0.28798
vt 0.700159 0.374449
vn 0.000000 -1.000000 -0.000000
f 22/22/22 23/23/23 24/24/24
v 2.329809 -3.494713 -8.736782 0.51775 0.29358 0.26684
vt 0.721178 0.374651
vn 0.707107 -0.707107 0.000000
v 2.912261 -2.912261 -8.154330 0.51775 0.29358 0.26684
vt 0.708882 0.403068
vn 0.707107 -0.707107 0.000000
v 2.912261 -2.912261 -6.989426 0.51775 0.29358 0.26684
vt 0.688262 0.402632
vn 0.707107 -0.707107 0.000000
f 25/25/25 26/26/26 27/27/27
v 2.329809 -3.494713 -8.736782 0.51775 0.29358 0.27288
vt 0.721178 0.374651
vn 0.707107 -0.707107 0.000000
v 2.912261 -2.912261 -6.989426 0.51775 0.29358 0.27288
vt 0.688262 0.402632
vn 0.707107 -0.707107 0.000000
v 2.329809 -3.494713 -7.571878 0.51775 0.29358 0.27288
vt 0.700159 0.374449
vn 0.707107 -0.707107 0.000000
f 28/28/28 29/29/29 30/30/30
v 2.329809 -3.494713 -11.066590 0.51775 0.29358 0.27288
vt 0.761223 0.375425
vn -0.000000 -1.000000 0.000000
v 1.747356 -3.494713 -11.066590 0.51775 0.29358 0.27288
vt 0.762495 0.346673
vn -0.000000 -1.000000 0.000000
v 1.747356 -3.494713 -12.231495 0.51775 0.29358 0.27288
vt 0.776314 0.346408
vn -0.000000 -1.000000 0.000000
f 31/31/31 32/32/32 33/33/33
v 2.329809 -3.494713 -11.066590 0.51775 0.29358 0.27288
vt 0.761223 0.375425
vn 0.000000 -1.000000 -0.000000
v 1.747356 -3.494713 -12.231495 0.51775 0.29358 0.27288
vt 0.776314 0.346408
vn 0.000000 -1.000000 -0.000000
v 2.329809 -3.494713 -12.231495 0.51775 0.29358 0.27288
vt 0.779557 0.375189
vn 0.000000 -1.000000 -0.000000
f 34/34/34 35/35/35 36/36/36
v 2.329809 -3.494713 -13.396399 0.51775 0.29358 0.27288
vt 0.806752 0.374185
vn 0.707107 -0.707107 0.000000
v 2.912261 -2.912261 -13.396399 0.51775 0.29358 0.27288
vt 0.805986 0.402877
vn 0.707107 -0.707107 0.000000
v 2.912261 -2.912261 -12.231495 0.51775 0.29358 0.27288
vt 0.781850 0.404490
vn 0.707107 -0.707107 0.000000
f 37/37/37 38/38/38 39/39/39
v 2.329809 -3.494713 -13.396399 0.51775 0.29358 0.27288
vt 0.806752 0.374185
vn 0.707107 -0.707107 0.000000
v 2.912261 -2.912261 -12.231495 0.51775 0.29358 0.27288
vt 0.781850 0.404490
vn 0.707107 -0.707107 0.000000
v 2.329809 -3.494713 -12.231495 0.51775 0.29358 0.27288
vt 0.779557 0.375189
vn 0.707107 -0.707107 0.000000
f 40/40/40 41/41/41 42/42/42
v 1.747356 -2.329809 -6.406973 0.75630 0.16072 0.14304
vt 0.681017 0.656426
vn 0.000000 1.000000 0.000000
v 1.747356 -2.329809 -5.824521 0.75630 0.16072 0.14304
vt 0.684374 0.655208
vn 0.000000 1.000000 0.000000
v 2.912261 -2.329809 -5.824521 0.75630 0.16072 0.14304
vt 0.683026 0.686161
vn 0.000000 1.000000 0.000000
f 43/43/43 44/44/44 45/45/45
v 1.747356 -2.329809 -6.406973 0.75328 0.15770 0.14002
vt 0.681017 0.656426
vn 0.000000 1.000000 0.000000
v 2.912261 -2.329809 -5.824521 0.75328 0.15770 0.14002
vt 0.683026 0.686161
vn 0.000000 1.000000 0.000000
v 2.912261 -2.329809 -6.406973 0.75328 0.15770 0.14002
vt 0.679160 0.685921
vn 0.000000 1.000000 0.000000
f 46/46/46 47/47/47 48/48/48
v 1.747356 -1.164904 -12.813947 0.75630 0.15166 0.14606
vt 0.547988 0.647748
vn 0.000000 1.000000 0.000000
v 1.747356 -1.164904 -12.231495 0.75630 0.15166 0.14606
vt 0.549225 0.647857
vn 0.000000 1.000000 0.000000
v 2.912261 -1.164904 -12.231495 0.75630 0.15166 0.14606
vt 0.546716 0.677188
vn 0.000000 1.000000 0.000000
f 49/49/49 50/50/50 51/51/51
v 1.747356 -1.164904 -12.813947 0.74422 0.17582 0.15512
vt 0.547988 0.647748
vn 0.000000 1.000000 0.000000
v 2.912261 -1.164904 -12.231495 0.74422 0.17582 0.15512
vt 0.546716 0.677188
vn 0.000000 1.000000 0.000000
v 2.912261 -1.164904 -12.813947 0.74422 0.17582 0.15512
vt 0.545533 0.677090
vn 0.000000 1.000000 0.000000
f 52/52/52 53/53/53 54/54/54
v 1.747356 -2.912261 12.231495 0.91030 0.91260 0.89190
vt 0.265803 0.395851
vn 0.707107 -0.707107 0.000000
v 1.747356 -2.912261 11.649043 0.91030 0.91260 0.89190
vt 0.272934 0.391868
vn 0.707107 -0.707107 0.000000
v 2.329809 -2.329809 11.649043 0.91030 0.91260 0.89190
vt 0.299223 0.417237
vn 0.707107 -0.707107 0.000000
f 55/55/55 56/56/56 57/57/57
v 1.747356 -2.912261 12.231495 0.91030 0.91260 0.89190
vt 0.265803 0.395851
vn 0.707107 -0.707107 0.000000
v 2.329809 -2.329809 11.649043 0.91030 0.91260 0.89190
vt 0.299223 0.417237
vn 0.707107 -0.707107 0.000000
v 2.329809 -2.329809 12.231495 0.91030 0.91260 0.89190
vt 0.287330 0.418724
vn 0.707107 -0.707107 0.000000
f 58/58/58 59/59/59 60/60/60
v 1.747356 -2.912261 12.231495 0.91030 0.91260 0.89190
vt 0.265803 0.395851
vn 1.000000 0.000000 -0.000000
v 1.747356 -2.912261 12.813947 0.91030 0.91260 0.89190
vt 0.234715 0.384525
vn 1.000000 0.000000 -0.000000
v 1.747356 -3.494713 12.231495 0.91030 0.91260 0.89190
vt 0.237007 0.373607
vn 1.000000 0.000000 -0.000000
f 61/61/61 62/62/62 63/63/63
v 2.329809 -3.494713 -13.396399 0.51775 0.29358 0.27288
vt 0.806752 0.374185
vn 0.000000 -1.000000 0.000000
v 2.329809 -3.494713 -12.231495 0.51775 0.29358 0.27288
vt 0.779557 0.375189
vn 0.000000 -1.000000 0.000000
v 1.747356 -3.494713 -12.231495 0.51775 0.29358 0.27288
vt 0.776314 0.346408
vn 0.000000 -1.000000 0.000000
f 64/64/64 65/65/65 66/66/66
v 2.329809 -3.494713 -13.396399 0.51775 0.29358 0.27288
vt 0.806752 0.374185
vn 0.534522 -0.801784 0.267261
v 1.747356 -3.494713 -12.231495 0.51775 0.29358 0.27288
vt 0.776314 0.346408
vn 0.534522 -0.801784 0.267261
v 1.747356 -4.077165 -13.978851 0.51775 0.29358 0.27288
vt 0.809313 0.344278
vn 0.534522 -0.801784 0.267261
f 67/67/67 68/68/68 69/69/69
v 2.329809 -3.494713 -14.561303 0.51775 0.29358 0.27288
vt 0.843432 0.376997
vn 0.577350 0.577350 -0.577350
v 2.329809 -2.912261 -13.978851 0.51775 0.29358 0.27288
vt 0.827687 0.398475
vn 0.577350 0.577350 -0.577350
v 2.912261 -2.912261 -13.396399 0.51775 0.29358 0.27288
vt 0.805986 0.402877
vn 0.577350 0.577350 -0.577350
f 70/70/70 71/71/71 72/72/72
v 2.329809 -3.494713 -14.561303 0.51775 0.29358 0.27288
vt 0.843432 0.376997
vn 0.707107 -0.707107 0.000000
v 2.912261 -2.912261 -13.396399 0.51775 0.29358 0.27288
vt 0.805986 0.402877
vn 0.707107 -0.707107 0.000000
v 2.329809 -3.494713 -13.396399 0.51775 0.29358 0.27288
vt 0.826479 0.375216
vn 0.707107 -0.707107 0.000000
f 73/73/73 74/74/74 75/75/75
v 2.329809 -1.747356 12.813947 0.91030 0.91260 0.89190
vt 0.314961 0.450574
vn 0.577350 -0.577350 0.577350
v 2.912261 -0.582452 13.396399 0.91030 0.91260 0.89190
vt 0.328411 0.492634
vn 0.577350 -0.577350 0.577350
v 2.329809 -0.582452 13.978851 0.91030 0.91260 0.89190
vt 0.310238 0.494059
vn 0.577350 -0.577350 0.577350
f 76/76/76 77/77/77 78/78/78
v 2.329809 -1.747356 12.813947 0.91030 0.91260 0.89190
vt 0.314961 0.450574
vn 1.000000 0.000000 0.000000
v 2.329809 -0.582452 13.978851 0.91030 0.91260 0.89190
vt 0.310238 0.494059
vn 1.000000 0.000000 0.000000
v 2.329809 -1.747356 13.396399 0.91030 0.91260 0.89190
vt 0.296537 0.454657
vn 1.000000 0.000000 0.000000
f 79/79/79 80/80/80 81/81/81
v 2.329809 -1.747356 12.813947 0.91030 0.91260 0.89190
vt 0.314961 0.450574
vn 0.707107 -0.707107 0.000000
v 2.329809 -1.747356 12.231495 0.91030 0.91260 0.89190
vt 0.329545 0.448434
vn 0.707107 -0.707107 0.000000
v 2.912261 -1.164904 12.813947 0.91030 0.91260 0.89190
vt 0.339070 0.490520
vn 0.707107 -0.707107 0.000000
f 82/82/82 83/83/83 84/84/84
v 2.329809 -1.747356 12.813947 0.91030 0.91260 0.89190
vt 0.314961 0.450574
vn 0.577350 -0.577350 0.577350
v 2.912261 -1.164904 12.813947 0.91030 0.91260 0.89190
vt 0.339070 0.490520
vn 0.577350 -0.577350 0.577350
v 2.912261 -0.582452 13.396399 0.91030 0.91260 0.89190
vt 0.328411 0.492634
vn 0.577350 -0.577350 0.577350
f 85/85/85 86/86/86 87/87/87
v 2.912261 -2.329809 -7.571878 0.91030 0.91260 0.89190
vt 0.692717 0.428738
vn 1.000000 0.000000 0.000000
v 2.912261 -1.747356 -6.989426 0.91030 0.91260 0.89190
vt 0.685888 0.450609
vn 1.000000 0.000000 0.000000
v 2.912261 -1.747356 -6.406973 0.91030 0.91260 0.89190
vt 0.672042 0.448939
vn 1.000000 0.000000 0.000000
f 88/88/88 89/89/89 90/90/90
v 2.912261 -2.329809 -7.571878 0.91030 0.91260 0.89190
vt 0.692717 0.428738
vn 1.000000 0.000000 0.000000
v 2.912261 -1.747356 -6.406973 0.91030 0.91260 0.89190
vt 0.672042 0.448939
vn 1.000000 0.000000 0.000000
v 2.912261 -2.329809 -6.406973 0.91030 0.91260 0.89190
vt 0.677719 0.427995
vn 1.000000 0.000000 0.000000
f 91/91/91 92/92/92 93/93/93
v 2.912261 -2.329809 -13.396399 0.51775 0.29358 0.27288
vt 0.803765 0.429749
vn 1.000000 -0.000000 0.000000
v 2.912261 -1.747356 -13.978851 0.51775 0.29358 0.27288
vt 0.805584 0.451431
vn 1.000000 -0.000000 0.000000
v 2.912261 -1.747356 -12.813947 0.51775 0.29358 0.27288
vt 0.790478 0.450253
vn 1.000000 -0.000000 0.000000
f 94/94/94 95/95/95 96/96/96
v 2.912261 -2.329809 -13.396399 0.51775 0.29358 0.27288
vt 0.803765 0.429749
vn 1.000000 0.000000 0.000000
v 2.912261 -1.747356 -12.813947 0.51775 0.29358 0.27288
vt 0.790478 0.450253
vn 1.000000 0.000000 0.000000
v 2.912261 -2.329809 -12.231495 0.51775 0.29358 0.27288
vt 0.781281 0.431372
vn 1.000000 0.000000 0.000000
f 97/97/97 98/98/98 99/99/99
v 2.912261 -2.329809 -14.561303 0.51775 0.29358 0.27288
vt 0.822623 0.427554
vn 1.000000 0.000000 0.000000
v 2.912261 -1.747356 -14.561303 0.51775 0.29358 0.27288
vt 0.818180 0.453263
vn 1.000000 0.000000 0.000000
v 2.912261 -1.747356 -13.978851 0.51775 0.29358 0.27288
vt 0.805584 0.451431
vn 1.000000 0.000000 0.000000
f 100/100/100 101/101/101 102/102/102
v 2.912261 -2.329809 -14.561303 0.51775 0.29358 0.27288
vt 0.822623 0.427554
vn 1.000000 0.000000 0.000000
v 2.912261 -1.747356 -13.978851 0.51775 0.29358 0.27288
vt 0.805584 0.451431
vn 1.000000 0.000000 0.000000
v 2.912261 -2.329809 -13.396399 0.51775 0.29358 0.27288
vt 0.803765 0.429749
vn 1.000000 0.000000 0.000000
f 103/103/103 104/104/104 105/105/105
v 2.329809 -2.329809 -14.561303 0.51775 0.29358 0.27288
vt 0.848458 0.427521
vn 0.000000 0.000000 -1.000000
v 2.329809 -1.747356 -14.561303 0.51775 0.29358 0.27288
vt 0.841155 0.453205
vn 0.000000 0.000000 -1.000000
v 2.912261 -1.747356 -14.561303 0.51775 0.29358 0.27288
vt 0.818180 0.453263
vn 0.000000 0.000000 -1.000000
f 106/106/106 107/107/107 108/108/108
v 2.329809 -2.329809 -14.561303 0.51775 0.29358 0.27288
vt 0.848458 0.427521
vn 0.000000 0.000000 -1.000000
v 2.912261 -1.747356 -14.561303 0.51775 0.29358 0.27288
vt 0.818180 0.453263
vn 0.000000 0.000000 -1.000000
v 2.912261 -2.329809 -14.561303 0.51775 0.29358 0.27288
vt 0.822623 0.427554
vn 0.000000 0.000000 -1.000000
f 109/109/109 110/110/110 111/111/111
v 2.912261 -2.329809 -6.406973 0.85293 0.84919 0.82245
vt 0.394343 0.465046
vn -1.000000 0.000000 0.000000
v 2.912261 -2.329809 -5.824521 0.85293 0.84919 0.82245
vt 0.399195 0.464919
vn -1.000000 0.000000 0.000000
v 2.912261 -1.164904 -6.406973 0.85293 0.84919 0.82245
vt 0.398328 0.491261
vn -1.000000 0.000000 0.000000
f 112/112/112 113/113/113 114/114/114
v 1.164904 -2.329809 11.649043 0.73214 0.16978 0.15512
vt 0.858047 0.647102
vn 0.000000 0.000000 -1.000000
v 1.164904 -1.164904 11.649043 0.73214 0.16978 0.15512
vt 0.942099 0.651369
vn 0.000000 0.000000 -1.000000
v 2.912261 -1.164904 11.649043 0.73214 0.16978 0.15512
vt 0.939502 0.695869
vn 0.000000 0.000000 -1.000000
f 115/115/115 116/116/116 117/117/117
v 1.164904 -2.329809 11.649043 0.74422 0.18185 0.15814
vt 0.858047 0.647102
vn 0.000000 0.000000 -1.000000
v 2.912261 -1.164904 11.649043 0.74422 0.18185 0.15814
vt 0.939502 0.695869
vn 0.000000 0.000000 -1.000000
v 2.329809 -1.747356 11.649043 0.74422 0.18185 0.15814
vt 0.862219 0.685606
vn 0.000000 0.000000 -1.000000
f 118/118/118 119/119/119 120/120/120
v 2.329809 -3.494713 -1.747356 0.51775 0.29358 0.27288
vt 0.593562 0.374240
vn 0.707107 -0.707107 0.000000
v 2.912261 -2.912261 -1.164904 0.51775 0.29358 0.27288
vt 0.582984 0.402281
vn 0.707107 -0.707107 0.000000
v 2.912261 -2.912261 3.494713 0.51775 0.29358 0.27288
vt 0.493763 0.402519
vn 0.707107 -0.707107 0.000000
f 121/121/121 122/122/122 123/123/123
v 2.329809 -3.494713 -1.747356 0.52077 0.29660 0.26986
vt 0.593562 0.374240
vn 0.707107 -0.707107 0.000000
v 2.912261 -2.912261 3.494713 0.52077 0.29660 0.26986
vt 0.493763 0.402519
vn 0.707107 -0.707107 0.000000
v 2.329809 -3.494713 2.912261 0.52077 0.29660 0.26986
vt 0.506285 0.374772
vn 0.707107 -0.707107 0.000000
f 124/124/124 125/125/125 126/126/126
v 2.329809 -2.912261 6.989426 0.70497 0.58648 0.55068
vt 0.428479 0.376047
vn 0.707107 -0.707107 0.000000
v 1.747356 -3.494713 7.571878 0.70497 0.58648 0.55068
vt 0.422692 0.348579
vn 0.707107 -0.707107 0.000000
v 1.747356 -3.494713 3.494713 0.70497 0.58648 0.55068
vt 0.496822 0.346583
vn 0.707107 -0.707107 0.000000
f 127/127/127 128/128/128 129/129/129
v 2.329809 -2.912261 6.989426 0.89520 0.85523 0.80131
vt 0.428479 0.376047
vn 0.140028 -0.980196 0.140028
v 1.747356 -3.494713 3.494713 0.89520 0.85523 0.80131
vt 0.496822 0.346583
vn 0.140028 -0.980196 0.140028
v 2.329809 -3.494713 2.912261 0.89520 0.85523 0.80131
vt 0.506285 0.374772
vn 0.140028 -0.980196 0.140028
f 130/130/130 131/131/131 132/132/132
v 2.912261 -2.329809 -1.164904 0.51171 0.29358 0.27288
vt 0.580534 0.426448
vn 1.000000 -0.000000 0.000000
v 2.912261 -1.747356 -1.747356 0.51171 0.29358 0.27288
vt 0.589395 0.443520
vn 1.000000 -0.000000 0.000000
v 2.912261 -1.747356 6.406973 0.51171 0.29358 0.27288
vt 0.439224 0.443476
vn 1.000000 -0.000000 0.000000
f 133/133/133 134/134/134 135/135/135
v 2.912261 -2.329809 -1.164904 0.91030 0.91260 0.89190
vt 0.580534 0.426448
vn 1.000000 0.000000 0.000000
v 2.912261 -1.747356 6.406973 0.91030 0.91260 0.89190
vt 0.439224 0.443476
vn 1.000000 0.000000 0.000000
v 2.912261 -2.329809 5.242069 0.91030 0.91260 0.89190
vt 0.462790 0.427088
vn 1.000000 0.000000 0.000000
f 136/136/136 137/137/137 138/138/138
v 2.329809 -1.747356 11.066590 0.91030 0.91260 0.88586
vt 0.636625 0.465559
vn -0.577350 0.577350 -0.577350
v 2.912261 -1.164904 11.066590 0.91030 0.91260 0.88586
vt 0.640390 0.487797
vn -0.577350 0.577350 -0.577350
v 2.912261 -1.747356 10.484138 0.91030 0.91260 0.88586
vt 0.631710 0.481059
vn -0.577350 0.577350 -0.577350
f 139/139/139 140/140/140 141/141/141
v 2.329809 -1.747356 11.066590 0.91030 0.91260 0.88888
vt 0.636625 0.465559
vn -0.408248 0.816497 -0.408248
v 2.912261 -1.747356 10.484138 0.91030 0.91260 0.88888
vt 0.631710 0.481059
vn -0.408248 0.816497 -0.408248
v 2.912261 -2.329809 9.319234 0.91030 0.91260 0.88888
vt 0.617414 0.463784
vn -0.408248 0.816497 -0.408248
f 142/142/142 143/143/143 144/144/144
v 2.329809 -3.494713 2.912261 0.51775 0.29358 0.27288
vt 0.506285 0.374772
vn 0.099015 -0.990148 0.099015
v 1.747356 -3.494713 3.494713 0.51775 0.29358 0.27288
vt 0.496822 0.346583
vn 0.099015 -0.990148 0.099015
v 1.747356 -4.077165 -2.329809 0.51775 0.29358 0.27288
vt 0.601029 0.345553
vn 0.099015 -0.990148 0.099015
f 145/145/145 146/146/146 147/147/147
v 2.329809 -3.494713 2.912261 0.51775 0.29358 0.27288
vt 0.506285 0.374772
vn 0.707107 -0.707107 0.000000
v 1.747356 -4.077165 -2.329809 0.51775 0.29358 0.27288
vt 0.601029 0.345553
vn 0.707107 -0.707107 0.000000
v 2.329809 -3.494713 -1.747356 0.51775 0.29358 0.27288
vt 0.593562 0.374240
vn 0.707107 -0.707107 0.000000
f 148/148/148 149/149/149 150/150/150
v 2.912261 -2.329809 9.319234 0.51171 0.29358 0.27288
vt 0.617414 0.463784
vn -1.000000 0.000000 0.000000
v 2.912261 -1.747356 10.484138 0.51171 0.29358 0.27288
vt 0.631710 0.481059
vn -1.000000 0.000000 0.000000
v 2.912261 -1.747356 -5.824521 0.51171 0.29358 0.27288
vt 0.404769 0.483276
vn -1.000000 0.000000 0.000000
f 151/151/151 152/152/152 153/153/153
v 2.912261 -2.329809 9.319234 0.91030 0.91260 0.88586
vt 0.617414 0.463784
vn -1.000000 0.000000 0.000000
v 2.912261 -1.747356 -5.824521 0.91030 0.91260 0.88586
vt 0.404769 0.483276
vn -1.000000 0.000000 0.000000
v 2.912261 -2.329809 -5.824521 0.91030 0.91260 0.88586
vt 0.404050 0.464773
vn -1.000000 0.000000 0.000000
f 154/154/154 155/155/155 156/156/156
v 2.329809 -3.494713 -5.242069 0.91030 0.91260 0.89190
vt 0.658429 0.374216
vn 0.707107 -0.707107 0.000000
v 2.912261 -2.912261 -5.242069 0.91030 0.91260 0.89190
vt 0.651091 0.402369
vn 0.707107 -0.707107 0.000000
v 2.912261 -2.912261 -1.164904 0.91030 0.91260 0.89190
vt 0.582984 0.402281
vn 0.707107 -0.707107 0.000000
f 157/157/157 158/158/158 159/159/159
v 2.329809 -3.494713 -5.242069 0.91030 0.91260 0.89190
vt 0.658429 0.374216
vn 0.707107 -0.707107 0.000000
v 2.912261 -2.912261 -1.164904 0.91030 0.91260 0.89190
vt 0.582984 0.402281
vn 0.707107 -0.707107 0.000000
v 2.329809 -3.494713 -1.747356 0.91030 0.91260 0.89190
vt 0.593562 0.374240
vn 0.707107 -0.707107 0.000000
f 160/160/160 161/161/161 162/162/162
v 2.912261 -2.329809 -5.242069 0.91030 0.91260 0.88888
vt 0.654385 0.427167
vn 1.000000 -0.000000 0.000000
v 2.912261 -1.747356 -5.824521 0.91030 0.91260 0.88888
vt 0.666929 0.445818
vn 1.000000 -0.000000 0.000000
v 2.912261 -1.747356 -1.747356 0.91030 0.91260 0.88888
vt 0.589395 0.443520
vn 1.000000 -0.000000 0.000000
f 163/163/163 164/164/164 165/165/165
v 2.912261 -2.329809 -5.242069 0.91030 0.91260 0.89190
vt 0.654385 0.427167
vn 1.000000 0.000000 0.000000
v 2.912261 -1.747356 -1.747356 0.91030 0.91260 0.89190
vt 0.589395 0.443520
vn 1.000000 0.000000 0.000000
v 2.912261 -2.329809 -1.164904 0.91030 0.91260 0.89190
vt 0.580534 0.426448
vn 1.000000 0.000000 0.000000
f 166/166/166 167/167/167 168/168/168
v 2.329809 -3.494713 -5.242069 0.91030 0.91260 0.89190
vt 0.658429 0.374216
vn 0.707107 -0.707107 0.000000
v 2.329809 -3.494713 -1.747356 0.91030 0.91260 0.89190
vt 0.593562 0.374240
vn 0.707107 -0.707107 0.000000
v 1.747356 -4.077165 -2.329809 0.91030 0.91260 0.89190
vt 0.601029 0.345553
vn 0.707107 -0.707107 0.000000
f 169/169/169 170/170/170 171/171/171
v 2.329809 -3.494713 -5.242069 0.91030 0.91260 0.89190
vt 0.658429 0.374216
vn 0.162221 -0.973329 -0.162221
v 1.747356 -4.077165 -2.329809 0.91030 0.91260 0.89190
vt 0.601029 0.345553
vn 0.162221 -0.973329 -0.162221
v 1.747356 -3.494713 -5.824521 0.91030 0.91260 0.89190
vt 0.658534 0.345687
vn 0.162221 -0.973329 -0.162221
f 172/172/172 173/173/173 174/174/174
v 2.912261 -2.329809 -5.824521 0.91030 0.91260 0.89190
vt 0.399195 0.464919
vn -1.000000 0.000000 0.000000
v 2.912261 -1.747356 -5.824521 0.91030 0.91260 0.89190
vt 0.404769 0.483276
vn -1.000000 0.000000 0.000000
v 2.912261 -1.164904 -6.406973 0.91030 0.91260 0.89190
vt 0.398328 0.491261
vn -1.000000 0.000000 0.000000
f 175/175/175 176/176/176 177/177/177
v 2.329809 -3.494713 -7.571878 0.91030 0.90656 0.89190
vt 0.700159 0.374449
vn 0.707107 -0.707107 0.000000
v 2.912261 -2.912261 -6.989426 0.91030 0.90656 0.89190
vt 0.688262 0.402632
vn 0.707107 -0.707107 0.000000
v 2.912261 -2.912261 -5.242069 0.91030 0.90656 0.89190
vt 0.651091 0.402369
vn 0.707107 -0.707107 0.000000
f 178/178/178 179/179/179 180/180/180
v 2.329809 -3.494713 -7.571878 0.91030 0.91260 0.89190
vt 0.700159 0.374449
vn 0.707107 -0.707107 0.000000
v 2.912261 -2.912261 -5.242069 0.91030 0.91260 0.89190
vt 0.651091 0.402369
vn 0.707107 -0.707107 0.000000
v 2.329809 -3.494713 -5.242069 0.91030 0.91260 0.89190
vt 0.658429 0.374216
vn 0.707107 -0.707107 0.000000
f 181/181/181 182/182/182 183/183/183
v 2.912261 -2.329809 -6.406973 0.91030 0.91260 0.89190
vt 0.677719 0.427995
vn 1.000000 0.000000 0.000000
v 2.912261 -1.747356 -6.406973 0.91030 0.91260 0.89190
vt 0.672042 0.448939
vn 1.000000 0.000000 0.000000
v 2.912261 -1.747356 -5.824521 0.91030 0.91260 0.89190
vt 0.666929 0.445818
vn 1.000000 0.000000 0.000000
f 184/184/184 185/185/185 186/186/186
v 2.912261 -2.329809 -6.406973 0.91030 0.91260 0.89190
vt 0.677719 0.427995
vn 1.000000 0.000000 0.000000
v 2.912261 -1.747356 -5.824521 0.91030 0.91260 0.89190
vt 0.666929 0.445818
vn 1.000000 0.000000 0.000000
v 2.912261 -2.329809 -5.242069 0.91030 0.91260 0.89190
vt 0.654385 0.427167
vn 1.000000 0.000000 0.000000
f 187/187/187 188/188/188 189/189/189
v 2.329809 -3.494713 2.912261 0.91030 0.91260 0.89190
vt 0.506285 0.374772
vn 0.655610 -0.749269 0.093659
v 2.912261 -2.912261 3.494713 0.91030 0.91260 0.89190
vt 0.493763 0.402519
vn 0.655610 -0.749269 0.093659
v 2.329809 -2.912261 7.571878 0.91030 0.91260 0.89190
vt 0.419181 0.403620
vn 0.655610 -0.749269 0.093659
f 190/190/190 191/191/191 192/192/192
v 2.329809 -3.494713 2.912261 0.91030 0.91260 0.88888
vt 0.506285 0.374772
vn -1.000000 0.000000 0.000000
v 2.329809 -2.912261 7.571878 0.91030 0.91260 0.88888
vt 0.419181 0.403620
vn -1.000000 0.000000 0.000000
v 2.329809 -2.912261 6.989426 0.91030 0.91260 0.88888
vt 0.428479 0.376047
vn -1.000000 0.000000 0.000000
f 193/193/193 194/194/194 195/195/195
v 2.912261 -2.329809 9.901686 0.91030 0.91260 0.89190
vt 0.381654 0.429134
vn 1.000000 0.000000 0.000000
v 2.912261 -2.329809 5.242069 0.91030 0.91260 0.89190
vt 0.462790 0.427088
vn 1.000000 0.000000 0.000000
v 2.912261 -1.747356 6.406973 0.91030 0.91260 0.89190
vt 0.439224 0.443476
vn 1.000000 0.000000 0.000000
f 196/196/196 197/197/197 198/198/198
v 2.912261 -2.329809 9.901686 0.90124 0.90052 0.88284
vt 0.381654 0.429134
vn 1.000000 -0.000000 0.000000
v 2.912261 -1.747356 6.406973 0.90124 0.90052 0.88284
vt 0.439224 0.443476
vn 1.000000 -0.000000 0.000000
v 2.912261 -1.747356 11.066590 0.90124 0.90052 0.88284
vt 0.361656 0.446229
vn 1.000000 -0.000000 0.000000
f 199/199/199 200/200/200 201/201/201
v 2.329809 -2.912261 6.989426 0.83179 0.76766 0.74092
vt 0.428479 0.376047
vn 0.707107 -0.707107 0.000000
v 2.329809 -2.912261 9.319234 0.83179 0.76766 0.74092
vt 0.382530 0.378487
vn 0.707107 -0.707107 0.000000
v 1.747356 -3.494713 9.901686 0.83179 0.76766 0.74092
vt 0.379102 0.351064
vn 0.707107 -0.707107 0.000000
f 202/202/202 203/203/203 204/204/204
v 2.329809 -2.912261 6.989426 0.90728 0.91260 0.87680
vt 0.428479 0.376047
vn 0.707107 -0.707107 0.000000
v 1.747356 -3.494713 9.901686 0.90728 0.91260 0.87680
vt 0.379102 0.351064
vn 0.707107 -0.707107 0.000000
v 1.747356 -3.494713 7.571878 0.90728 0.91260 0.87680
vt 0.422692 0.348579
vn 0.707107 -0.707107 0.000000
f 205/205/205 206/206/206 207/207/207
v 2.329809 -2.912261 6.989426 0.91030 0.91260 0.89190
vt 0.428479 0.376047
vn -1.000000 0.000000 0.000000
v 2.329809 -2.912261 7.571878 0.91030 0.91260 0.89190
vt 0.419181 0.403620
vn -1.000000 0.000000 0.000000
v 2.329809 -2.329809 9.901686 0.91030 0.91260 0.89190
vt 0.377174 0.405817
vn -1.000000 0.000000 0.000000
f 208/208/208 209/209/209 210/210/210
v 2.329809 -2.912261 6.989426 0.90426 0.91260 0.87982
vt 0.428479 0.376047
vn 1.000000 0.000000 0.000000
v 2.329809 -2.329809 9.901686 0.90426 0.91260 0.87982
vt 0.377174 0.405817
vn 1.000000 0.000000 0.000000
v 2.329809 -2.912261 9.319234 0.90426 0.91260 0.87982
vt 0.382530 0.378487
vn 1.000000 0.000000 0.000000
f 211/211/211 212/212/212 213/213/213
v 2.329809 -2.912261 9.319234 0.45132 0.27546 0.26080
vt 0.382530 0.378487
vn 0.707107 -0.707107 0.000000
v 2.329809 -2.912261 11.066590 0.45132 0.27546 0.26080
vt 0.359386 0.381001
vn 0.707107 -0.707107 0.000000
v 1.747356 -3.494713 11.066590 0.45132 0.27546 0.26080
vt 0.356492 0.353875
vn 0.707107 -0.707107 0.000000
f 214/214/214 215/215/215 216/216/216
v 2.329809 -2.912261 9.319234 0.80763 0.70425 0.69261
vt 0.382530 0.378487
vn 0.707107 -0.707107 0.000000
v 1.747356 -3.494713 11.066590 0.80763 0.70425 0.69261
vt 0.356492 0.353875
vn 0.707107 -0.707107 0.000000
v 1.747356 -3.494713 9.901686 0.80763 0.70425 0.69261
vt 0.379102 0.351064
vn 0.707107 -0.707107 0.000000
f 217/217/217 218/218/218 219/219/219
v 1.747356 -3.494713 -14.561303 0.51775 0.29358 0.27288
vt 0.867947 0.354218
vn 0.000000 -0.707107 -0.707107
v 1.747356 -4.077165 -13.978851 0.51775 0.29358 0.27288
vt 0.860517 0.347827
vn 0.000000 -0.707107 -0.707107
v 1.164904 -4.077165 -13.978851 0.51775 0.29358 0.27288
vt 0.902862 0.324287
vn 0.000000 -0.707107 -0.707107
f 220/220/220 221/221/221 222/222/222
v 1.747356 -3.494713 -14.561303 0.51775 0.29358 0.27288
vt 0.867947 0.354218
vn 0.707107 -0.707107 0.000000
v 1.164904 -4.077165 -13.978851 0.51775 0.29358 0.27288
vt 0.902862 0.324287
vn 0.707107 -0.707107 0.000000
v 1.164904 -4.077165 -14.561303 0.51775 0.29358 0.27288
vt 0.904510 0.334413
vn 0.707107 -0.707107 0.000000
f 223/223/223 224/224/224 225/225/225
v 1.747356 -2.912261 12.813947 0.91030 0.91260 0.89190
vt 0.234715 0.384525
vn 0.000000 -1.000000 0.000000
v 1.747356 -2.912261 13.396399 0.91030 0.91260 0.89190
vt 0.244143 0.409184
vn 0.000000 -1.000000 0.000000
v 1.164904 -2.912261 13.396399 0.91030 0.91260 0.89190
vt 0.213098 0.396673
vn 0.000000 -1.000000 0.000000
f 226/226/226 227/227/227 228/228/228
v 1.747356 -2.912261 12.813947 0.91030 0.91260 0.89190
vt 0.234715 0.384525
vn 0.577350 -0.577350 0.577350
v 1.164904 -2.912261 13.396399 0.91030 0.91260 0.89190
vt 0.213098 0.396673
vn 0.577350 -0.577350 0.577350
v 1.164904 -3.494713 12.813947 0.91030 0.91260 0.89190
vt 0.201481 0.364421
vn 0.577350 -0.577350 0.577350
f 229/229/229 230/230/230 231/231/231
v 1.164904 -4.077165 12.813947 0.91030 0.91260 0.89190
vt 0.183102 0.355659
vn 1.000000 -0.000000 0.000000
v 1.164904 -4.077165 12.231495 0.91030 0.91260 0.89190
vt 0.203119 0.351138
vn 1.000000 -0.000000 0.000000
v 1.164904 -3.494713 12.813947 0.91030 0.91260 0.89190
vt 0.201481 0.364421
vn 1.000000 -0.000000 0.000000
f 232/232/232 233/233/233 234/234/234
v 1.164904 -2.329809 -6.406973 0.18257 0.28150 0.34535
vt 0.681645 0.638883
vn 0.000000 1.000000 0.000000
v 1.164904 -2.329809 -5.824521 0.18257 0.28150 0.34535
vt 0.685037 0.638311
vn 0.000000 1.000000 0.000000
v 1.747356 -2.329809 -5.824521 0.18257 0.28150 0.34535
vt 0.684374 0.655208
vn 0.000000 1.000000 0.000000
f 235/235/235 236/236/236 237/237/237
v 1.164904 -2.329809 -6.406973 0.23391 0.23621 0.29100
vt 0.681645 0.638883
vn 0.000000 1.000000 0.000000
v 1.747356 -2.329809 -5.824521 0.23391 0.23621 0.29100
vt 0.684374 0.655208
vn 0.000000 1.000000 0.000000
v 1.747356 -2.329809 -6.406973 0.23391 0.23621 0.29100
vt 0.681017 0.656426
vn 0.000000 1.000000 0.000000
f 238/238/238 239/239/239 240/240/240
v 1.164904 0.582452 -12.813947 0.59626 0.59856 0.57786
vt 0.098174 0.585077
vn 0.000000 1.000000 0.000000
v 1.164904 0.582452 -12.231495 0.59626 0.59856 0.57786
vt 0.099260 0.586056
vn 0.000000 1.000000 0.000000
v 1.747356 0.582452 -12.231495 0.59626 0.59856 0.57786
vt 0.085413 0.602460
vn 0.000000 1.000000 0.000000
f 241/241/241 242/242/242 243/243/243
v 1.164904 0.582452 -12.813947 0.60230 0.60460 0.58390
vt 0.098174 0.585077
vn 0.000000 1.000000 0.000000
v 1.747356 0.582452 -12.231495 0.60230 0.60460 0.58390
vt 0.085413 0.602460
vn 0.000000 1.000000 0.000000
v 1.747356 0.582452 -12.813947 0.60230 0.60460 0.58390
vt 0.084303 0.601502
vn 0.000000 1.000000 0.000000
f 244/244/244 245/245/245 246/246/246
v 1.164904 -4.077165 -8.154330 0.51775 0.29358 0.27288
vt 0.709921 0.319769
vn 1.000000 0.000000 0.000000
v 1.164904 -4.659617 -8.154330 0.51775 0.29358 0.27288
vt 0.705482 0.307897
vn 1.000000 0.000000 0.000000
v 1.164904 -4.659617 -8.736782 0.51775 0.29358 0.27288
vt 0.710911 0.307954
vn 1.000000 0.000000 0.000000
f 247/247/247 248/248/248 249/249/249
v 1.164904 -4.077165 -8.154330 0.51775 0.29358 0.27288
vt 0.709921 0.319769
vn 1.000000 0.000000 0.000000
v 1.164904 -4.659617 -8.736782 0.51775 0.29358 0.27288
vt 0.710911 0.307954
vn 1.000000 0.000000 0.000000
v 1.164904 -4.077165 -8.736782 0.51775 0.29358 0.27288
vt 0.716155 0.319864
vn 1.000000 0.000000 0.000000
f 250/250/250 251/251/251 252/252/252
v 1.164904 -4.659617 -12.231495 0.52077 0.29056 0.26684
vt 0.774137 0.307531
vn 1.000000 0.000000 0.000000
v 1.164904 -4.659617 -13.978851 0.52077 0.29056 0.26684
vt 0.814877 0.305162
vn 1.000000 0.000000 0.000000
v 1.164904 -4.077165 -13.978851 0.52077 0.29056 0.26684
vt 0.814798 0.316055
vn 1.000000 0.000000 0.000000
f 253/253/253 254/254/254 255/255/255
v 1.164904 -4.659617 -12.231495 0.51775 0.29358 0.26684
vt 0.774137 0.307531
vn 1.000000 -0.000000 0.000000
v 1.164904 -4.077165 -13.978851 0.51775 0.29358 0.26684
vt 0.814798 0.316055
vn 1.000000 -0.000000 0.000000
v 1.164904 -4.077165 -11.649043 0.51775 0.29358 0.26684
vt 0.771894 0.319375
vn 1.000000 -0.000000 0.000000
f 256/256/256 257/257/257 258/258/258
v 1.747356 -2.329809 -15.143755 0.51775 0.29358 0.27288
vt 0.888756 0.430616
vn 0.000000 0.000000 -1.000000
v 1.164904 -2.329809 -15.143755 0.51775 0.29358 0.27288
vt 0.910934 0.429954
vn 0.000000 0.000000 -1.000000
v 1.164904 -1.747356 -15.143755 0.51775 0.29358 0.27288
vt 0.909384 0.451920
vn 0.000000 0.000000 -1.000000
f 259/259/259 260/260/260 261/261/261
v 1.747356 -2.329809 -15.143755 0.51775 0.29358 0.27288
vt 0.888756 0.430616
vn 0.000000 0.000000 -1.000000
v 1.164904 -1.747356 -15.143755 0.51775 0.29358 0.27288
vt 0.909384 0.451920
vn 0.000000 0.000000 -1.000000
v 1.747356 -1.747356 -15.143755 0.51775 0.29358 0.27288
vt 0.885241 0.451757
vn 0.000000 0.000000 -1.000000
f 262/262/262 263/263/263 264/264/264
v 2.912261 -2.329809 -6.406973 0.74422 0.16072 0.15210
vt 0.679160 0.685921
vn 0.000000 -0.000000 1.000000
v 2.912261 -1.164904 -6.406973 0.74422 0.16072 0.15210
vt 0.608214 0.682438
vn 0.000000 -0.000000 1.000000
v 1.747356 -1.164904 -6.406973 0.74422 0.16072 0.15210
vt 0.609778 0.653071
vn 0.000000 -0.000000 1.000000
f 265/265/265 266/266/266 267/267/267
v 2.912261 -2.329809 -6.406973 0.74120 0.20299 0.17927
vt 0.679160 0.685921
vn 0.000000 0.000000 1.000000
v 1.747356 -1.164904 -6.406973 0.74120 0.20299 0.17927
vt 0.609778 0.653071
vn 0.000000 0.000000 1.000000
v 1.747356 -2.329809 -6.406973 0.74120 0.20299 0.17927
vt 0.681017 0.656426
vn 0.000000 0.000000 1.000000
f 268/268/268 269/269/269 270/270/270
v 1.747356 -1.747356 13.978851 0.91030 0.90656 0.88888
vt 0.266192 0.446548
vn 0.577350 -0.577350 0.577350
v 1.747356 -1.164904 14.561303 0.91030 0.90656 0.88888
vt 0.281027 0.494012
vn 0.577350 -0.577350 0.577350
v 1.164904 -1.164904 15.143755 0.91030 0.90656 0.88888
vt 0.245889 0.494166
vn 0.577350 -0.577350 0.577350
f 271/271/271 272/272/272 273/273/273
v 1.747356 -1.747356 13.978851 0.91030 0.91260 0.89190
vt 0.266192 0.446548
vn 0.577350 -0.577350 0.577350
v 1.164904 -1.164904 15.143755 0.91030 0.91260 0.89190
vt 0.245889 0.494166
vn 0.577350 -0.577350 0.577350
v 1.164904 -1.747356 14.561303 0.91030 0.91260 0.89190
vt 0.233366 0.442124
vn 0.577350 -0.577350 0.577350
f 274/274/274 275/275/275 276/276/276
v 2.329809 -1.747356 11.066590 0.39697 0.27546 0.29704
vt 0.855748 0.687863
vn -0.254000 0.889001 -0.381000
v 2.912261 -2.329809 9.319234 0.39697 0.27546 0.29704
vt 0.840608 0.688702
vn -0.254000 0.889001 -0.381000
v 1.164904 -2.329809 10.484138 0.39697 0.27546 0.29704
vt 0.850111 0.647241
vn -0.254000 0.889001 -0.381000
f 277/277/277 278/278/278 279/279/279
v 2.329809 -1.747356 11.066590 0.26410 0.28754 0.31515
vt 0.855748 0.687863
vn -0.447214 0.894427 0.000000
v 1.164904 -2.329809 10.484138 0.26410 0.28754 0.31515
vt 0.850111 0.647241
vn -0.447214 0.894427 0.000000
v 1.164904 -2.329809 11.066590 0.26410 0.28754 0.31515
vt 0.854021 0.647211
vn -0.447214 0.894427 0.000000
f 280/280/280 281/281/281 282/282/282
v 2.912261 -2.329809 9.319234 0.74724 0.14864 0.13700
vt 0.840608 0.688702
vn 0.000000 1.000000 0.000000
v 2.912261 -2.329809 -5.824521 0.74724 0.14864 0.13700
vt 0.686554 0.686364
vn 0.000000 1.000000 0.000000
v 1.164904 -2.329809 -5.824521 0.74724 0.14864 0.13700
vt 0.687974 0.642152
vn 0.000000 1.000000 0.000000
f 283/283/283 284/284/284 285/285/285
v 2.912261 -2.329809 9.319234 0.75026 0.20299 0.17625
vt 0.840608 0.688702
vn 0.000000 1.000000 0.000000
v 1.164904 -2.329809 -5.824521 0.75026 0.20299 0.17625
vt 0.687974 0.642152
vn 0.000000 1.000000 0.000000
v 1.164904 -2.329809 10.484138 0.75026 0.20299 0.17625
vt 0.850111 0.647241
vn 0.000000 1.000000 0.000000
f 286/286/286 287/287/287 288/288/288
v 1.164904 -2.329809 11.649043 0.73516 0.15770 0.14606
vt 0.858047 0.647102
vn -0.447214 0.894427 0.000000
v 2.329809 -1.747356 11.649043 0.73516 0.15770 0.14606
vt 0.862219 0.685606
vn -0.447214 0.894427 0.000000
v 2.329809 -1.747356 11.066590 0.73516 0.15770 0.14606
vt 0.855748 0.687863
vn -0.447214 0.894427 0.000000
f 289/289/289 290/290/290 291/291/291
v 1.164904 -2.329809 11.649043 0.36677 0.28452 0.30610
vt 0.858047 0.647102
vn -0.447214 0.894427 0.000000
v 2.329809 -1.747356 11.066590 0.36677 0.28452 0.30610
vt 0.855748 0.687863
vn -0.447214 0.894427 0.000000
v 1.164904 -2.329809 11.066590 0.36677 0.28452 0.30610
vt 0.854021 0.647211
vn -0.447214 0.894427 0.000000
f 292/292/292 293/293/293 294/294/294
v 2.329809 -1.747356 12.813947 0.91030 0.91260 0.89190
vt 0.314961 0.450574
vn 0.707107 -0.707107 0.000000
v 2.329809 -1.747356 13.396399 0.91030 0.91260 0.89190
vt 0.296537 0.454657
vn 0.707107 -0.707107 0.000000
v 1.747356 -2.329809 12.813947 0.91030 0.91260 0.89190
vt 0.275859 0.423579
vn 0.707107 -0.707107 0.000000
f 295/295/295 296/296/296 297/297/297
v 2.329809 -1.747356 12.813947 0.91030 0.91260 0.89190
vt 0.314961 0.450574
vn 0.577350 -0.577350 0.577350
v 1.747356 -2.329809 12.813947 0.91030 0.91260 0.89190
vt 0.275859 0.423579
vn 0.577350 -0.577350 0.577350
v 2.329809 -2.329809 12.231495 0.91030 0.91260 0.89190
vt 0.287330 0.418724
vn 0.577350 -0.577350 0.577350
f 298/298/298 299/299/299 300/300/300
v 1.747356 -2.329809 -15.143755 0.51775 0.29358 0.27288
vt 0.888756 0.430616
vn 0.707107 0.000000 -0.707107
v 2.329809 -2.329809 -14.561303 0.51775 0.29358 0.27288
vt 0.848458 0.427521
vn 0.707107 0.000000 -0.707107
v 2.329809 -2.912261 -14.561303 0.51775 0.29358 0.27288
vt 0.855564 0.387173
vn 0.707107 0.000000 -0.707107
f 301/301/301 302/302/302 303/303/303
v 1.747356 -2.329809 -15.143755 0.51775 0.29358 0.27288
vt 0.888756 0.430616
vn 0.534522 -0.267261 -0.801784
v 2.329809 -2.912261 -14.561303 0.51775 0.29358 0.27288
vt 0.855564 0.387173
vn 0.534522 -0.267261 -0.801784
v 1.164904 -3.494713 -15.143755 0.51775 0.29358 0.27288
vt 0.894159 0.373420
vn 0.534522 -0.267261 -0.801784
f 304/304/304 305/305/305 306/306/306
v 1.164904 -2.912261 13.396399 0.91030 0.91260 0.89190
vt 0.213098 0.396673
vn 1.000000 0.000000 0.000000
v 1.164904 -1.747356 14.561303 0.91030 0.91260 0.89190
vt 0.233366 0.442124
vn 1.000000 0.000000 0.000000
v 1.164904 -2.329809 14.561303 0.91030 0.91260 0.89190
vt 0.215499 0.441148
vn 1.000000 0.000000 0.000000
f 307/307/307 308/308/308 309/309/309
v 2.912261 -1.747356 11.066590 0.91030 0.91260 0.89190
vt 0.357911 0.433305
vn 0.707107 -0.707107 0.000000
v 2.329809 -2.329809 11.066590 0.91030 0.91260 0.89190
vt 0.357204 0.408303
vn 0.707107 -0.707107 0.000000
v 2.329809 -2.329809 9.901686 0.91030 0.91260 0.89190
vt 0.377174 0.405817
vn 0.707107 -0.707107 0.000000
f 310/310/310 311/311/311 312/312/312
v 2.912261 -2.329809 -12.231495 0.51775 0.29358 0.27288
vt 0.781281 0.431372
vn 1.000000 0.000000 -0.000000
v 2.912261 -2.329809 -11.066590 0.51775 0.29358 0.27288
vt 0.760189 0.431882
vn 1.000000 0.000000 -0.000000
v 2.912261 -2.912261 -11.066590 0.51775 0.29358 0.27288
vt 0.761290 0.405030
vn 1.000000 0.000000 -0.000000
f 313/313/313 314/314/314 315/315/315
v 2.912261 -2.329809 -12.231495 0.51775 0.29358 0.27288
vt 0.781281 0.431372
vn 1.000000 0.000000 0.000000
v 2.912261 -2.912261 -11.066590 0.51775 0.29358 0.27288
vt 0.761290 0.405030
vn 1.000000 0.000000 0.000000
v 2.912261 -2.912261 -12.231495 0.51775 0.29358 0.27288
vt 0.781850 0.404490
vn 1.000000 0.000000 0.000000
f 316/316/316 317/317/317 318/318/318
v 2.912261 -2.329809 -13.396399 0.51775 0.29358 0.27288
vt 0.803765 0.429749
vn 1.000000 0.000000 -0.000000
v 2.912261 -2.329809 -12.231495 0.51775 0.29358 0.27288
vt 0.781281 0.431372
vn 1.000000 0.000000 -0.000000
v 2.912261 -2.912261 -12.231495 0.51775 0.29358 0.27288
vt 0.781850 0.404490
vn 1.000000 0.000000 -0.000000
f 319/319/319 320/320/320 321/321/321
v 2.912261 -2.329809 -13.396399 0.51775 0.29358 0.27288
vt 0.803765 0.429749
vn 1.000000 0.000000 0.000000
v 2.912261 -2.912261 -12.231495 0.51775 0.29358 0.27288
vt 0.781850 0.404490
vn 1.000000 0.000000 0.000000
v 2.912261 -2.912261 -13.396399 0.51775 0.29358 0.27288
vt 0.805986 0.402877
vn 1.000000 0.000000 0.000000
f 322/322/322 323/323/323 324/324/324
v 2.912261 -1.747356 11.066590 0.91030 0.91260 0.89190
vt 0.347483 0.439747
vn 0.707107 -0.707107 0.000000
v 2.912261 -1.747356 11.649043 0.91030 0.91260 0.89190
vt 0.340294 0.445079
vn 0.707107 -0.707107 0.000000
v 2.329809 -2.329809 11.649043 0.91030 0.91260 0.89190
vt 0.305944 0.414346
vn 0.707107 -0.707107 0.000000
f 325/325/325 326/326/326 327/327/327
v 2.912261 -1.747356 11.066590 0.91030 0.91260 0.89190
vt 0.347483 0.439747
vn 0.707107 -0.707107 0.000000
v 2.329809 -2.329809 11.649043 0.91030 0.91260 0.89190
vt 0.305944 0.414346
vn 0.707107 -0.707107 0.000000
v 2.329809 -2.329809 11.066590 0.91030 0.91260 0.89190
vt 0.313244 0.410737
vn 0.707107 -0.707107 0.000000
f 328/328/328 329/329/329 330/330/330
v 2.912261 -2.329809 -14.561303 0.51775 0.29358 0.27288
vt 0.822623 0.427554
vn 1.000000 0.000000 -0.000000
v 2.912261 -2.329809 -13.396399 0.51775 0.29358 0.27288
vt 0.803765 0.429749
vn 1.000000 0.000000 -0.000000
v 2.912261 -2.912261 -13.396399 0.51775 0.29358 0.27288
vt 0.805986 0.402877
vn 1.000000 0.000000 -0.000000
f 331/331/331 332/332/332 333/333/333
v 2.912261 -2.329809 -14.561303 0.51775 0.29358 0.27288
vt 0.822623 0.427554
vn 0.408248 -0.816497 -0.408248
v 2.912261 -2.912261 -13.396399 0.51775 0.29358 0.27288
vt 0.805986 0.402877
vn 0.408248 -0.816497 -0.408248
v 2.329809 -2.912261 -13.978851 0.51775 0.29358 0.27288
vt 0.827687 0.398475
vn 0.408248 -0.816497 -0.408248
f 334/334/334 335/335/335 336/336/336
v 2.912261 -2.329809 -1.164904 0.91030 0.88240 0.85868
vt 0.580534 0.426448
vn 1.000000 0.000000 -0.000000
v 2.912261 -2.329809 5.242069 0.91030 0.88240 0.85868
vt 0.462790 0.427088
vn 1.000000 0.000000 -0.000000
v 2.912261 -2.912261 3.494713 0.91030 0.88240 0.85868
vt 0.493763 0.402519
vn 1.000000 0.000000 -0.000000
f 337/337/337 338/338/338 339/339/339
v 2.912261 -2.329809 -1.164904 0.51775 0.29358 0.27288
vt 0.580534 0.426448
vn 1.000000 0.000000 0.000000
v 2.912261 -2.912261 3.494713 0.51775 0.29358 0.27288
vt 0.493763 0.402519
vn 1.000000 0.000000 0.000000
v 2.912261 -2.912261 -1.164904 0.51775 0.29358 0.27288
vt 0.582984 0.402281
vn 1.000000 0.000000 0.000000
f 340/340/340 341/341/341 342/342/342
v 2.912261 -2.329809 -5.242069 0.91030 0.91260 0.89190
vt 0.654385 0.427167
vn 1.000000 0.000000 -0.000000
v 2.912261 -2.329809 -1.164904 0.91030 0.91260 0.89190
vt 0.580534 0.426448
vn 1.000000 0.000000 -0.000000
v 2.912261 -2.912261 -1.164904 0.91030 0.91260 0.89190
vt 0.582984 0.402281
vn 1.000000 0.000000 -0.000000
f 343/343/343 344/344/344 345/345/345
v 2.912261 -2.329809 -5.242069 0.91030 0.91260 0.89190
vt 0.654385 0.427167
vn 1.000000 0.000000 0.000000
v 2.912261 -2.912261 -1.164904 0.91030 0.91260 0.89190
vt 0.582984 0.402281
vn 1.000000 0.000000 0.000000
v 2.912261 -2.912261 -5.242069 0.91030 0.91260 0.89190
vt 0.651091 0.402369
vn 1.000000 0.000000 0.000000
f 346/346/346 347/347/347 348/348/348
v 2.912261 -2.329809 -6.406973 0.91030 0.91260 0.89190
vt 0.677719 0.427995
vn 1.000000 0.000000 -0.000000
v 2.912261 -2.329809 -5.242069 0.91030 0.91260 0.89190
vt 0.654385 0.427167
vn 1.000000 0.000000 -0.000000
v 2.912261 -2.912261 -5.242069 0.91030 0.91260 0.89190
vt 0.651091 0.402369
vn 1.000000 0.000000 -0.000000
f 349/349/349 350/350/350 351/351/351
v 2.912261 -2.329809 -6.406973 0.91030 0.91260 0.89190
vt 0.677719 0.427995
vn 1.000000 0.000000 0.000000
v 2.912261 -2.912261 -5.242069 0.91030 0.91260 0.89190
vt 0.651091 0.402369
vn 1.000000 0.000000 0.000000
v 2.912261 -2.912261 -6.989426 0.91030 0.91260 0.89190
vt 0.688262 0.402632
vn 1.000000 0.000000 0.000000
f 352/352/352 353/353/353 354/354/354
v 2.912261 -2.329809 5.242069 0.59626 0.59856 0.57786
vt 0.462790 0.427088
vn 0.707107 -0.707107 0.000000
v 2.912261 -2.329809 9.901686 0.59626 0.59856 0.57786
vt 0.381654 0.429134
vn 0.707107 -0.707107 0.000000
v 2.329809 -2.912261 7.571878 0.59626 0.59856 0.57786
vt 0.419181 0.403620
vn 0.707107 -0.707107 0.000000
f 355/355/355 356/356/356 357/357/357
v 2.912261 -2.329809 5.242069 0.91030 0.91260 0.89190
vt 0.462790 0.427088
vn 0.911322 -0.390567 0.130189
v 2.329809 -2.912261 7.571878 0.91030 0.91260 0.89190
vt 0.419181 0.403620
vn 0.911322 -0.390567 0.130189
v 2.912261 -2.912261 3.494713 0.91030 0.91260 0.89190
vt 0.493763 0.402519
vn 0.911322 -0.390567 0.130189
f 358/358/358 359/359/359 360/360/360
v 2.912261 -2.329809 9.901686 0.91030 0.91260 0.89190
vt 0.381654 0.429134
vn 0.000000 -0.894427 0.447214
v 2.912261 -1.747356 11.066590 0.91030 0.91260 0.89190
vt 0.357911 0.433305
vn 0.000000 -0.894427 0.447214
v 2.329809 -2.329809 9.901686 0.91030 0.91260 0.89190
vt 0.377174 0.405817
vn 0.000000 -0.894427 0.447214
f 361/361/361 362/362/362 363/363/363
v 2.912261 -2.329809 9.901686 0.91030 0.91260 0.89190
vt 0.381654 0.429134
vn 0.000000 -0.970143 0.242536
v 2.329809 -2.329809 9.901686 0.91030 0.91260 0.89190
vt 0.377174 0.405817
vn 0.000000 -0.970143 0.242536
v 2.329809 -2.912261 7.571878 0.91030 0.91260 0.89190
vt 0.419181 0.403620
vn 0.000000 -0.970143 0.242536
f 364/364/364 365/365/365 366/366/366
v 1.747356 -2.329809 12.813947 0.91030 0.91260 0.89190
vt 0.275859 0.423579
vn 0.408248 -0.816497 0.408248
v 2.329809 -1.747356 13.396399 0.91030 0.91260 0.89190
vt 0.296537 0.454657
vn 0.408248 -0.816497 0.408248
v 1.747356 -1.747356 13.978851 0.91030 0.91260 0.89190
vt 0.266192 0.446548
vn 0.408248 -0.816497 0.408248
f 367/367/367 368/368/368 369/369/369
v 1.747356 -2.329809 12.813947 0.91030 0.91260 0.89190
vt 0.275859 0.423579
vn 1.000000 0.000000 -0.000000
v 1.747356 -1.747356 13.978851 0.91030 0.91260 0.89190
vt 0.266192 0.446548
vn 1.000000 0.000000 -0.000000
v 1.747356 -2.912261 13.396399 0.91030 0.91260 0.89190
vt 0.244143 0.409184
vn 1.000000 0.000000 -0.000000
f 370/370/370 371/371/371 372/372/372
v 0.582452 -4.659617 -14.561303 0.51775 0.29358 0.27288
vt 0.942199 0.318567
vn 0.577350 -0.577350 -0.577350
v 1.164904 -4.077165 -14.561303 0.51775 0.29358 0.27288
vt 0.922954 0.326676
vn 0.577350 -0.577350 -0.577350
v 1.164904 -4.659617 -13.978851 0.51775 0.29358 0.27288
vt 0.921432 0.315809
vn 0.577350 -0.577350 -0.577350
f 373/373/373 374/374/374 375/375/375
v 0.582452 -4.659617 -14.561303 0.51775 0.29358 0.27288
vt 0.942199 0.318567
vn 0.000000 -1.000000 0.000000
v 1.164904 -4.659617 -13.978851 0.51775 0.29358 0.27288
vt 0.921432 0.315809
vn 0.000000 -1.000000 0.000000
v 0.582452 -4.659617 -13.978851 0.51775 0.29358 0.27288
vt 0.941405 0.306993
vn 0.000000 -1.000000 0.000000
f 376/376/376 377/377/377 378/378/378
v 1.164904 -4.077165 12.813947 0.91030 0.91260 0.89190
vt 0.183102 0.355659
vn 0.801784 -0.267261 0.534522
v 1.164904 -2.912261 13.396399 0.91030 0.91260 0.89190
vt 0.195449 0.391044
vn 0.801784 -0.267261 0.534522
v 0.582452 -3.494713 13.978851 0.91030 0.91260 0.89190
vt 0.176838 0.385060
vn 0.801784 -0.267261 0.534522
f 379/379/379 380/380/380 381/381/381
v 1.164904 -4.077165 12.813947 0.91030 0.91260 0.89190
vt 0.183102 0.355659
vn 0.000000 -0.894427 0.447214
v 0.582452 -3.494713 13.978851 0.91030 0.91260 0.89190
vt 0.176838 0.385060
vn 0.000000 -0.894427 0.447214
v 0.582452 -4.077165 12.813947 0.91030 0.91260 0.89190
vt 0.164038 0.346404
vn 0.000000 -0.894427 0.447214
f 382/382/382 383/383/383 384/384/384
v 0.582452 -1.164904 -12.813947 0.85897 0.91260 0.89190
vt 0.550547 0.611590
vn -0.000000 1.000000 0.000000
v 1.164904 -1.164904 -12.813947 0.85897 0.91260 0.89190
vt 0.549336 0.630161
vn -0.000000 1.000000 0.000000
v 1.164904 -1.164904 -15.143755 0.85897 0.91260 0.89190
vt 0.525228 0.626600
vn -0.000000 1.000000 0.000000
f 385/385/385 386/386/386 387/387/387
v 0.582452 -1.164904 -12.813947 0.23693 0.29358 0.35139
vt 0.550547 0.611590
vn 0.000000 1.000000 0.000000
v 1.164904 -1.164904 -15.143755 0.23693 0.29358 0.35139
vt 0.525228 0.626600
vn 0.000000 1.000000 0.000000
v 0.582452 -1.164904 -15.143755 0.23693 0.29358 0.35139
vt 0.524825 0.610096
vn 0.000000 1.000000 0.000000
f 388/388/388 389/389/389 390/390/390
v 1.164904 -2.329809 -6.406973 0.15842 0.25735 0.32119
vt 0.681645 0.638883
vn 0.000000 -0.000000 1.000000
v 1.164904 -1.164904 -6.406973 0.15842 0.25735 0.32119
vt 0.610486 0.635574
vn 0.000000 -0.000000 1.000000
v 0.582452 -1.164904 -6.406973 0.15842 0.25735 0.32119
vt 0.611273 0.617081
vn 0.000000 -0.000000 1.000000
f 391/391/391 392/392/392 393/393/393
v 1.164904 -2.329809 -6.406973 0.17955 0.26942 0.34535
vt 0.681645 0.638883
vn 0.000000 0.000000 1.000000
v 0.582452 -1.164904 -6.406973 0.17955 0.26942 0.34535
vt 0.611273 0.617081
vn 0.000000 0.000000 1.000000
v 0.582452 -2.329809 -6.406973 0.17955 0.26942 0.34535
vt 0.682244 0.620363
vn 0.000000 0.000000 1.000000
f 394/394/394 395/395/395 396/396/396
v 1.164904 -2.329809 14.561303 0.90426 0.91260 0.88586
vt 0.215499 0.441148
vn 0.000000 -0.447214 0.894427
v 1.164904 -1.164904 15.143755 0.90426 0.91260 0.88586
vt 0.227680 0.495402
vn 0.000000 -0.447214 0.894427
v 0.582452 -1.164904 15.143755 0.90426 0.91260 0.88586
vt 0.208313 0.496612
vn 0.000000 -0.447214 0.894427
f 397/397/397 398/398/398 399/399/399
v 1.164904 -2.329809 14.561303 0.91030 0.91260 0.89190
vt 0.215499 0.441148
vn 0.000000 -0.447214 0.894427
v 0.582452 -1.164904 15.143755 0.91030 0.91260 0.89190
vt 0.208313 0.496612
vn 0.000000 -0.447214 0.894427
v 0.582452 -2.329809 14.561303 0.91030 0.91260 0.89190
vt 0.196739 0.440020
vn 0.000000 -0.447214 0.894427
f 400/400/400 401/401/401 402/402/402
v 1.164904 -2.329809 11.066590 0.16748 0.26942 0.32421
vt 0.854492 0.636935
vn 0.000000 1.000000 0.000000
v 1.164904 -2.329809 10.484138 0.16748 0.26942 0.32421
vt 0.850349 0.636863
vn 0.000000 1.000000 0.000000
v 0.582452 -2.329809 10.484138 0.16748 0.26942 0.32421
vt 0.850769 0.626011
vn 0.000000 1.000000 0.000000
f 403/403/403 404/404/404 405/405/405
v 1.164904 -2.329809 11.066590 0.16748 0.26640 0.33025
vt 0.854492 0.636935
vn 0.000000 1.000000 0.000000
v 0.582452 -2.329809 10.484138 0.16748 0.26640 0.33025
vt 0.850769 0.626011
vn 0.000000 1.000000 0.000000
v 0.582452 -2.329809 11.066590 0.16748 0.26640 0.33025
vt 0.855016 0.626157
vn 0.000000 1.000000 0.000000
f 406/406/406 407/407/407 408/408/408
v 0.582452 -4.659617 -3.494713 0.91030 0.89448 0.87076
vt 0.621920 0.294399
vn 0.000000 -1.000000 0.000000
v 1.164904 -4.659617 -3.494713 0.91030 0.89448 0.87076
vt 0.620529 0.306680
vn 0.000000 -1.000000 0.000000
v 1.164904 -4.659617 5.824521 0.91030 0.89448 0.87076
vt 0.447928 0.308219
vn 0.000000 -1.000000 0.000000
f 409/409/409 410/410/410 411/411/411
v 0.582452 -4.659617 -3.494713 0.91030 0.83711 0.81943
vt 0.621920 0.294399
vn 0.000000 -1.000000 0.000000
v 1.164904 -4.659617 5.824521 0.91030 0.83711 0.81943
vt 0.447928 0.308219
vn 0.000000 -1.000000 0.000000
v 0.582452 -4.659617 6.989426 0.91030 0.83711 0.81943
vt 0.432269 0.295944
vn 0.000000 -1.000000 0.000000
f 412/412/412 413/413/413 414/414/414
v 1.164904 -2.329809 10.484138 0.16748 0.26640 0.33025
vt 0.850349 0.636863
vn 0.000000 1.000000 0.000000
v 1.164904 -2.329809 -5.824521 0.16748 0.26640 0.33025
vt 0.688258 0.631658
vn 0.000000 1.000000 0.000000
v 0.582452 -2.329809 -5.824521 0.16748 0.26640 0.33025
vt 0.688582 0.620617
vn 0.000000 1.000000 0.000000
f 415/415/415 416/416/416 417/417/417
v 1.164904 -2.329809 10.484138 0.22787 0.29660 0.36347
vt 0.850349 0.636863
vn 0.000000 1.000000 0.000000
v 0.582452 -2.329809 -5.824521 0.22787 0.29660 0.36347
vt 0.688582 0.620617
vn 0.000000 1.000000 0.000000
v 0.582452 -2.329809 10.484138 0.22787 0.29660 0.36347
vt 0.850769 0.626011
vn 0.000000 1.000000 0.000000
f 418/418/418 419/419/419 420/420/420
v 1.164904 -4.659617 -5.824521 0.91030 0.91260 0.89190
vt 0.659457 0.307009
vn 0.000000 -1.000000 0.000000
v 1.164904 -4.659617 -3.494713 0.91030 0.91260 0.89190
vt 0.620529 0.306680
vn 0.000000 -1.000000 0.000000
v 0.582452 -4.659617 -3.494713 0.91030 0.91260 0.89190
vt 0.621920 0.294399
vn 0.000000 -1.000000 0.000000
f 421/421/421 422/422/422 423/423/423
v 1.164904 -4.659617 -5.824521 0.90426 0.91260 0.89190
vt 0.659457 0.307009
vn 0.000000 -1.000000 0.000000
v 0.582452 -4.659617 -3.494713 0.90426 0.91260 0.89190
vt 0.621920 0.294399
vn 0.000000 -1.000000 0.000000
v 0.582452 -4.659617 -5.824521 0.90426 0.91260 0.89190
vt 0.660678 0.294675
vn 0.000000 -1.000000 0.000000
f 424/424/424 425/425/425 426/426/426
v 0.582452 -4.659617 -8.154330 0.52379 0.27848 0.26684
vt 0.700769 0.295365
vn 0.000000 -1.000000 0.000000
v 1.164904 -4.659617 -8.154330 0.52379 0.27848 0.26684
vt 0.705482 0.307897
vn 0.000000 -1.000000 0.000000
v 1.164904 -4.659617 -5.824521 0.52379 0.27848 0.26684
vt 0.659457 0.307009
vn 0.000000 -1.000000 0.000000
f 427/427/427 428/428/428 429/429/429
v 0.582452 -4.659617 -8.154330 0.91030 0.90958 0.88586
vt 0.700769 0.295365
vn 0.000000 -1.000000 0.000000
v 1.164904 -4.659617 -5.824521 0.91030 0.90958 0.88586
vt 0.659457 0.307009
vn 0.000000 -1.000000 0.000000
v 0.582452 -4.659617 -5.824521 0.91030 0.90958 0.88586
vt 0.660678 0.294675
vn 0.000000 -1.000000 0.000000
f 430/430/430 431/431/431 432/432/432
v 0.582452 -4.659617 6.989426 0.60230 0.59856 0.57786
vt 0.432269 0.295944
vn 0.000000 -1.000000 0.000000
v 1.164904 -4.659617 5.824521 0.60230 0.59856 0.57786
vt 0.447928 0.308219
vn 0.000000 -1.000000 0.000000
v 1.164904 -4.659617 9.319234 0.60230 0.59856 0.57786
vt 0.390029 0.310315
vn 0.000000 -1.000000 0.000000
f 433/433/433 434/434/434 435/435/435
v 0.582452 -4.659617 6.989426 0.52077 0.29660 0.27590
vt 0.432269 0.295944
vn 0.000000 -1.000000 0.000000
v 1.164904 -4.659617 9.319234 0.52077 0.29660 0.27590
vt 0.390029 0.310315
vn 0.000000 -1.000000 0.000000
v 0.582452 -4.659617 9.901686 0.52077 0.29660 0.27590
vt 0.377613 0.297674
vn 0.000000 -1.000000 0.000000
f 436/436/436 437/437/437 438/438/438
v 0.582452 -4.659617 9.901686 0.51775 0.29358 0.27288
vt 0.377613 0.297674
vn 0.408248 -0.816497 0.408248
v 1.164904 -4.659617 9.319234 0.51775 0.29358 0.27288
vt 0.390029 0.310315
vn 0.408248 -0.816497 0.408248
v 1.164904 -4.077165 10.484138 0.51775 0.29358 0.27288
vt 0.363699 0.311910
vn 0.408248 -0.816497 0.408248
f 439/439/439 440/440/440 441/441/441
v 0.582452 -4.659617 9.901686 0.51775 0.29358 0.27288
vt 0.377613 0.297674
vn 0.707107 -0.707107 0.000000
v 1.164904 -4.077165 10.484138 0.51775 0.29358 0.27288
vt 0.363699 0.311910
vn 0.707107 -0.707107 0.000000
v 0.582452 -4.659617 11.066590 0.51775 0.29358 0.27288
vt 0.359098 0.298807
vn 0.707107 -0.707107 0.000000
f 442/442/442 443/443/443 444/444/444
v 0.582452 -4.659617 -14.561303 0.51775 0.29358 0.27288
vt 0.942199 0.318567
vn -0.000000 -0.447214 -0.894427
v -0.000000 -4.659617 -14.561303 0.51775 0.29358 0.27288
vt 0.979887 0.316941
vn -0.000000 -0.447214 -0.894427
v 0.000000 -3.494713 -15.143755 0.51775 0.29358 0.27288
vt 0.977837 0.362377
vn -0.000000 -0.447214 -0.894427
f 445/445/445 446/446/446 447/447/447
v 0.582452 -4.659617 -14.561303 0.51775 0.29358 0.27288
vt 0.942199 0.318567
vn 0.000000 -0.447214 -0.894427
v 0.000000 -3.494713 -15.143755 0.51775 0.29358 0.27288
vt 0.977837 0.362377
vn 0.000000 -0.447214 -0.894427
v 0.582452 -3.494713 -15.143755 0.51775 0.29358 0.27288
vt 0.936718 0.364698
vn 0.000000 -0.447214 -0.894427
f 448/448/448 449/449/449 450/450/450
v 0.000000 -4.077165 12.813947 0.91030 0.91260 0.89190
vt 0.126495 0.340214
vn 0.577350 -0.577350 0.577350
v 0.000000 -4.659617 12.231495 0.91030 0.91260 0.89190
vt 0.123643 0.322260
vn 0.577350 -0.577350 0.577350
v 0.582452 -4.077165 12.231495 0.91030 0.91260 0.89190
vt 0.164350 0.330789
vn 0.577350 -0.577350 0.577350
f 451/451/451 452/452/452 453/453/453
v 0.000000 -4.077165 12.813947 0.91030 0.91260 0.89190
vt 0.126495 0.340214
vn 0.000000 -1.000000 0.000000
v 0.582452 -4.077165 12.231495 0.91030 0.91260 0.89190
vt 0.164350 0.330789
vn 0.000000 -1.000000 0.000000
v 0.582452 -4.077165 12.813947 0.91030 0.91260 0.89190
vt 0.164038 0.346404
vn 0.000000 -1.000000 0.000000
f 454/454/454 455/455/455 456/456/456
v 0.000000 -2.329809 -6.406973 0.15540 0.26036 0.33025
vt 0.682836 0.599395
vn 0.000000 1.000000 0.000000
v 0.000000 -2.329809 -5.824521 0.15540 0.26036 0.33025
vt 0.686255 0.599548
vn 0.000000 1.000000 0.000000
v 0.582452 -2.329809 -5.824521 0.15540 0.26036 0.33025
vt 0.685590 0.620497
vn 0.000000 1.000000 0.000000
f 457/457/457 458/458/458 459/459/459
v 0.000000 -2.329809 -6.406973 0.16144 0.27546 0.33931
vt 0.682836 0.599395
vn 0.000000 1.000000 0.000000
v 0.582452 -2.329809 -5.824521 0.16144 0.27546 0.33931
vt 0.685590 0.620497
vn 0.000000 1.000000 0.000000
v 0.582452 -2.329809 -6.406973 0.16144 0.27546 0.33931
vt 0.682244 0.620363
vn 0.000000 1.000000 0.000000
f 460/460/460 461/461/461 462/462/462
v 0.000000 -4.659617 11.649043 0.51775 0.29358 0.27288
vt 0.345204 0.282122
vn 0.000000 -1.000000 0.000000
v 0.000000 -4.659617 11.066590 0.51775 0.29358 0.27288
vt 0.352928 0.281044
vn 0.000000 -1.000000 0.000000
v 0.582452 -4.659617 11.066590 0.51775 0.29358 0.27288
vt 0.359098 0.298807
vn 0.000000 -1.000000 0.000000
f 463/463/463 464/464/464 465/465/465
v 0.000000 -4.659617 11.649043 0.52077 0.29660 0.27590
vt 0.345204 0.282122
vn 0.000000 -1.000000 0.000000
v 0.582452 -4.659617 11.066590 0.52077 0.29660 0.27590
vt 0.359098 0.298807
vn 0.000000 -1.000000 0.000000
v 0.582452 -4.659617 11.649043 0.52077 0.29660 0.27590
vt 0.347121 0.300646
vn 0.000000 -1.000000 0.000000
f 466/466/466 467/467/467 468/468/468
v 0.000000 0.582452 -12.813947 0.19767 0.27848 0.32723
vt 0.518767 0.987645
vn 0.000000 1.000000 0.000000
v 0.000000 0.582452 -12.231495 0.19767 0.27848 0.32723
vt 0.518763 0.986454
vn 0.000000 1.000000 0.000000
v 0.582452 0.582452 -12.231495 0.19767 0.27848 0.32723
vt 0.539453 0.986389
vn 0.000000 1.000000 0.000000
f 469/469/469 470/470/470 471/471/471
v 0.000000 0.582452 -12.813947 0.19767 0.26942 0.33025
vt 0.518767 0.987645
vn 0.000000 1.000000 0.000000
v 0.582452 0.582452 -12.231495 0.19767 0.26942 0.33025
vt 0.539453 0.986389
vn 0.000000 1.000000 0.000000
v 0.582452 0.582452 -12.813947 0.19767 0.26942 0.33025
vt 0.539457 0.987580
vn 0.000000 1.000000 0.000000
f 472/472/472 473/473/473 474/474/474
v 0.582452 -0.582452 -15.143755 0.19163 0.27546 0.34535
vt 0.743612 0.951124
vn 0.000000 1.000000 0.000000
v 0.000000 -0.582452 -15.726207 0.19163 0.27546 0.34535
vt 0.766372 0.949789
vn 0.000000 1.000000 0.000000
v 0.000000 -0.582452 -15.143755 0.19163 0.27546 0.34535
vt 0.766391 0.951646
vn 0.000000 1.000000 0.000000
f 475/475/475 476/476/476 477/477/477
v 0.000000 -4.659617 -12.231495 0.91030 0.91260 0.88888
vt 0.782474 0.277524
vn 0.000000 -1.000000 0.000000
v 0.000000 -4.659617 -13.978851 0.91030 0.91260 0.88888
vt 0.812598 0.277509
vn 0.000000 -1.000000 0.000000
v 0.582452 -4.659617 -13.978851 0.91030 0.91260 0.88888
vt 0.815278 0.293654
vn 0.000000 -1.000000 0.000000
f 478/478/478 479/479/479 480/480/480
v 0.000000 -4.659617 -12.231495 0.91030 0.91260 0.89190
vt 0.782474 0.277524
vn 0.000000 -1.000000 0.000000
v 0.582452 -4.659617 -13.978851 0.91030 0.91260 0.89190
vt 0.815278 0.293654
vn 0.000000 -1.000000 0.000000
v 0.582452 -4.659617 -12.231495 0.91030 0.91260 0.89190
vt 0.776785 0.295062
vn 0.000000 -1.000000 0.000000
f 481/481/481 482/482/482 483/483/483
v 0.000000 -2.329809 -15.143755 0.51775 0.29358 0.27288
vt 0.977189 0.425844
vn 0.000000 0.000000 -1.000000
v 0.000000 -1.747356 -15.143755 0.51775 0.29358 0.27288
vt 0.976787 0.452965
vn 0.000000 0.000000 -1.000000
v 0.582452 -1.747356 -15.143755 0.51775 0.29358 0.27288
vt 0.934881 0.452061
vn 0.000000 0.000000 -1.000000
f 484/484/484 485/485/485 486/486/486
v 0.000000 -2.329809 -15.143755 0.51775 0.29358 0.27288
vt 0.977189 0.425844
vn 0.000000 0.000000 -1.000000
v 0.582452 -1.747356 -15.143755 0.51775 0.29358 0.27288
vt 0.934881 0.452061
vn 0.000000 0.000000 -1.000000
v 0.582452 -2.329809 -15.143755 0.51775 0.29358 0.27288
vt 0.934235 0.429209
vn 0.000000 0.000000 -1.000000
f 487/487/487 488/488/488 489/489/489
v 0.000000 -2.329809 14.561303 0.91030 0.91260 0.89190
vt 0.158940 0.440437
vn 0.000000 -0.447214 0.894427
v 0.000000 -3.494713 13.978851 0.91030 0.91260 0.89190
vt 0.139536 0.381825
vn 0.000000 -0.447214 0.894427
v 0.582452 -3.494713 13.978851 0.91030 0.91260 0.89190
vt 0.176838 0.385060
vn 0.000000 -0.447214 0.894427
f 490/490/490 491/491/491 492/492/492
v 0.000000 -2.329809 14.561303 0.91030 0.91260 0.89190
vt 0.158940 0.440437
vn 0.000000 -0.447214 0.894427
v 0.582452 -3.494713 13.978851 0.91030 0.91260 0.89190
vt 0.176838 0.385060
vn 0.000000 -0.447214 0.894427
v 0.582452 -2.329809 14.561303 0.91030 0.91260 0.89190
vt 0.196739 0.440020
vn 0.000000 -0.447214 0.894427
f 493/493/493 494/494/494 495/495/495
v 0.582452 -2.329809 -15.143755 0.51775 0.29358 0.27288
vt 0.934235 0.429209
vn 0.000000 0.000000 -1.000000
v 1.164904 -2.329809 -15.143755 0.51775 0.29358 0.27288
vt 0.910934 0.429954
vn 0.000000 0.000000 -1.000000
v 1.164904 -3.494713 -15.143755 0.51775 0.29358 0.27288
vt 0.914951 0.369189
vn 0.000000 0.000000 -1.000000
f 496/496/496 497/497/497 498/498/498
v 0.582452 -2.329809 -15.143755 0.51775 0.29358 0.27288
vt 0.934235 0.429209
vn 0.000000 0.000000 -1.000000
v 1.164904 -3.494713 -15.143755 0.51775 0.29358 0.27288
vt 0.914951 0.369189
vn 0.000000 0.000000 -1.000000
v 0.582452 -3.494713 -15.143755 0.51775 0.29358 0.27288
vt 0.936718 0.364698
vn 0.000000 0.000000 -1.000000
f 499/499/499 500/500/500 501/501/501
v 2.912261 -1.164904 -12.813947 0.52681 0.29358 0.26986
vt 0.780226 0.480898
vn 1.000000 0.000000 -0.000000
v 2.912261 -1.164904 -12.231495 0.52681 0.29358 0.26986
vt 0.778574 0.480857
vn 1.000000 0.000000 -0.000000
v 2.912261 -1.747356 -11.649043 0.52681 0.29358 0.26986
vt 0.772541 0.449940
vn 1.000000 0.000000 -0.000000
f 502/502/502 503/503/503 504/504/504
v 2.912261 -1.164904 -12.813947 0.51775 0.29358 0.27288
vt 0.780226 0.480898
vn 1.000000 0.000000 0.000000
v 2.912261 -1.747356 -11.649043 0.51775 0.29358 0.27288
vt 0.772541 0.449940
vn 1.000000 0.000000 0.000000
v 2.912261 -1.747356 -12.813947 0.51775 0.29358 0.27288
vt 0.790478 0.450253
vn 1.000000 0.000000 0.000000
f 505/505/505 506/506/506 507/507/507
v 2.912261 -1.164904 -13.978851 0.51775 0.29358 0.27288
vt 0.806779 0.481417
vn 1.000000 0.000000 -0.000000
v 2.912261 -1.164904 -12.813947 0.51775 0.29358 0.27288
vt 0.780226 0.480898
vn 1.000000 0.000000 -0.000000
v 2.912261 -1.747356 -12.813947 0.51775 0.29358 0.27288
vt 0.790478 0.450253
vn 1.000000 0.000000 -0.000000
f 508/508/508 509/509/509 510/510/510
v 2.912261 -1.164904 -13.978851 0.51775 0.29358 0.27288
vt 0.806779 0.481417
vn 1.000000 0.000000 0.000000
v 2.912261 -1.747356 -12.813947 0.51775 0.29358 0.27288
vt 0.790478 0.450253
vn 1.000000 0.000000 0.000000
v 2.912261 -1.747356 -13.978851 0.51775 0.29358 0.27288
vt 0.805584 0.451431
vn 1.000000 0.000000 0.000000
f 511/511/511 512/512/512 513/513/513
v 2.912261 -1.164904 -14.561303 0.51775 0.29358 0.27288
vt 0.812491 0.481447
vn 1.000000 0.000000 -0.000000
v 2.912261 -1.164904 -13.978851 0.51775 0.29358 0.27288
vt 0.806779 0.481417
vn 1.000000 0.000000 -0.000000
v 2.912261 -1.747356 -13.978851 0.51775 0.29358 0.27288
vt 0.805584 0.451431
vn 1.000000 0.000000 -0.000000
f 514/514/514 515/515/515 516/516/516
v 2.912261 -1.164904 -14.561303 0.51775 0.29358 0.27288
vt 0.812491 0.481447
vn 1.000000 0.000000 0.000000
v 2.912261 -1.747356 -13.978851 0.51775 0.29358 0.27288
vt 0.805584 0.451431
vn 1.000000 0.000000 0.000000
v 2.912261 -1.747356 -14.561303 0.51775 0.29358 0.27288
vt 0.818180 0.453263
vn 1.000000 0.000000 0.000000
f 517/517/517 518/518/518 519/519/519
v 1.747356 -1.164904 -15.143755 0.51775 0.29358 0.27288
vt 0.880740 0.481781
vn 0.408248 -0.408248 -0.816497
v 2.912261 -1.164904 -14.561303 0.51775 0.29358 0.27288
vt 0.821239 0.481490
vn 0.408248 -0.408248 -0.816497
v 2.329809 -1.747356 -14.561303 0.51775 0.29358 0.27288
vt 0.841155 0.453205
vn 0.408248 -0.408248 -0.816497
f 520/520/520 521/521/521 522/522/522
v 1.747356 -1.164904 -15.143755 0.51775 0.29358 0.27288
vt 0.880740 0.481781
vn 0.707107 0.000000 -0.707107
v 2.329809 -1.747356 -14.561303 0.51775 0.29358 0.27288
vt 0.841155 0.453205
vn 0.707107 0.000000 -0.707107
v 1.747356 -1.747356 -15.143755 0.51775 0.29358 0.27288
vt 0.885241 0.451757
vn 0.707107 0.000000 -0.707107
f 523/523/523 524/524/524 525/525/525
v 2.912261 -1.747356 -6.406973 0.91030 0.91260 0.89190
vt 0.672042 0.448939
vn 1.000000 0.000000 0.000000
v 2.912261 -1.164904 -6.406973 0.91030 0.91260 0.89190
vt 0.668268 0.464160
vn 1.000000 0.000000 0.000000
v 2.912261 -1.747356 -5.824521 0.91030 0.91260 0.89190
vt 0.666929 0.445818
vn 1.000000 0.000000 0.000000
f 526/526/526 527/527/527 528/528/528
v 2.912261 -1.747356 10.484138 0.91030 0.91260 0.89190
vt 0.367690 0.454025
vn 1.000000 0.000000 0.000000
v 2.912261 -1.164904 11.066590 0.91030 0.91260 0.89190
vt 0.359127 0.462526
vn 1.000000 0.000000 0.000000
v 2.912261 -1.747356 11.066590 0.91030 0.91260 0.89190
vt 0.361656 0.446229
vn 1.000000 0.000000 0.000000
f 529/529/529 530/530/530 531/531/531
v 2.912261 -1.164904 11.066590 0.91030 0.91260 0.89190
vt 0.359127 0.462526
vn 1.000000 0.000000 -0.000000
v 2.912261 -1.164904 11.649043 0.91030 0.91260 0.89190
vt 0.351775 0.487548
vn 1.000000 0.000000 -0.000000
v 2.912261 -1.747356 11.066590 0.91030 0.91260 0.89190
vt 0.355263 0.450077
vn 1.000000 0.000000 -0.000000
f 532/532/532 533/533/533 534/534/534
v 0.582452 -1.747356 -15.143755 0.51775 0.29358 0.27288
vt 0.934881 0.452061
vn 0.000000 0.000000 -1.000000
v 0.582452 -1.164904 -15.143755 0.51775 0.29358 0.27288
vt 0.938278 0.482091
vn 0.000000 0.000000 -1.000000
v 1.164904 -1.164904 -15.143755 0.51775 0.29358 0.27288
vt 0.908699 0.481942
vn 0.000000 0.000000 -1.000000
f 535/535/535 536/536/536 537/537/537
v 0.582452 -1.747356 -15.143755 0.51775 0.29358 0.27288
vt 0.934881 0.452061
vn 0.000000 0.000000 -1.000000
v 1.164904 -1.164904 -15.143755 0.51775 0.29358 0.27288
vt 0.908699 0.481942
vn 0.000000 0.000000 -1.000000
v 1.164904 -1.747356 -15.143755 0.51775 0.29358 0.27288
vt 0.909384 0.451920
vn 0.000000 0.000000 -1.000000
f 538/538/538 539/539/539 540/540/540
v 2.329809 -2.912261 11.066590 0.91030 0.91260 0.89190
vt 0.278003 0.389046
vn 0.707107 0.000000 0.707107
v 1.747356 -2.912261 11.649043 0.91030 0.91260 0.89190
vt 0.272934 0.391868
vn 0.707107 0.000000 0.707107
v 1.747356 -3.494713 11.649043 0.91030 0.91260 0.89190
vt 0.241010 0.368838
vn 0.707107 0.000000 0.707107
f 541/541/541 542/542/542 543/543/543
v 2.329809 -2.912261 11.066590 0.91030 0.91260 0.89190
vt 0.278003 0.389046
vn 0.707107 -0.707107 0.000000
v 1.747356 -3.494713 11.649043 0.91030 0.91260 0.89190
vt 0.241010 0.368838
vn 0.707107 -0.707107 0.000000
v 1.747356 -3.494713 11.066590 0.91030 0.91260 0.89190
vt 0.244827 0.365153
vn 0.707107 -0.707107 0.000000
f 544/544/544 545/545/545 546/546/546
v 2.329809 -2.912261 11.066590 0.91030 0.91260 0.89190
vt 0.278003 0.389046
vn 1.000000 0.000000 0.000000
v 2.329809 -2.329809 11.066590 0.91030 0.91260 0.89190
vt 0.313244 0.410737
vn 1.000000 0.000000 0.000000
v 2.329809 -2.329809 11.649043 0.91030 0.91260 0.89190
vt 0.305944 0.414346
vn 1.000000 0.000000 0.000000
f 547/547/547 548/548/548 549/549/549
v 2.912261 -1.747356 11.649043 0.91030 0.91260 0.89190
vt 0.340294 0.445079
vn 1.000000 -0.000000 0.000000
v 2.912261 -1.747356 11.066590 0.91030 0.91260 0.89190
vt 0.347483 0.439747
vn 1.000000 -0.000000 0.000000
v 2.912261 -1.164904 11.649043 0.91030 0.91260 0.89190
vt 0.351775 0.487548
vn 1.000000 -0.000000 0.000000
f 550/550/550 551/551/551 552/552/552
v 2.912261 -1.747356 11.649043 0.91030 0.91260 0.89190
vt 0.340294 0.445079
vn 0.577350 -0.577350 0.577350
v 2.329809 -1.747356 12.231495 0.91030 0.91260 0.89190
vt 0.329545 0.448434
vn 0.577350 -0.577350 0.577350
v 2.329809 -2.329809 11.649043 0.91030 0.91260 0.89190
vt 0.299223 0.417237
vn 0.577350 -0.577350 0.577350
f 553/553/553 554/554/554 555/555/555
v 1.164904 -1.164904 -6.406973 0.68685 0.25735 0.22457
vt 0.841062 0.714029
vn 0.000000 -0.000000 1.000000
v 1.164904 -0.582452 -6.406973 0.68685 0.25735 0.22457
vt 0.840559 0.771806
vn 0.000000 -0.000000 1.000000
v 0.582452 -0.582452 -6.406973 0.68685 0.25735 0.22457
vt 0.819607 0.771622
vn 0.000000 -0.000000 1.000000
f 556/556/556 557/557/557 558/558/558
v 1.164904 -1.164904 -6.406973 0.76838 0.14562 0.12794
vt 0.841062 0.714029
vn 0.000000 0.000000 1.000000
v 0.582452 -0.582452 -6.406973 0.76838 0.14562 0.12794
vt 0.819607 0.771622
vn 0.000000 0.000000 1.000000
v 0.582452 -1.164904 -6.406973 0.76838 0.14562 0.12794
vt 0.820121 0.713845
vn 0.000000 0.000000 1.000000
f 559/559/559 560/560/560 561/561/561
v 1.164904 -1.164904 -12.813947 0.72006 0.18185 0.14606
vt 0.473658 0.709850
vn 0.000000 0.000000 -1.000000
v 1.164904 -0.582452 -12.813947 0.72006 0.18185 0.14606
vt 0.472773 0.767621
vn 0.000000 0.000000 -1.000000
v 1.747356 -0.582452 -12.813947 0.72006 0.18185 0.14606
vt 0.452894 0.767301
vn 0.000000 0.000000 -1.000000
f 562/562/562 563/563/563 564/564/564
v 1.164904 -1.164904 -12.813947 0.75026 0.17280 0.16115
vt 0.473658 0.709850
vn 0.000000 0.000000 -1.000000
v 1.747356 -0.582452 -12.813947 0.75026 0.17280 0.16115
vt 0.452894 0.767301
vn 0.000000 0.000000 -1.000000
v 1.747356 -1.164904 -12.813947 0.75026 0.17280 0.16115
vt 0.453799 0.709534
vn 0.000000 0.000000 -1.000000
f 565/565/565 566/566/566 567/567/567
v 0.000000 -1.164904 -12.813947 0.73818 0.17582 0.16719
vt 0.518201 0.710538
vn 0.000000 0.000000 -1.000000
v 0.000000 -0.582452 -12.813947 0.73818 0.17582 0.16719
vt 0.517380 0.768316
vn 0.000000 0.000000 -1.000000
v 0.582452 -0.582452 -12.813947 0.73818 0.17582 0.16719
vt 0.493742 0.767955
vn 0.000000 0.000000 -1.000000
f 568/568/568 569/569/569 570/570/570
v 0.000000 -1.164904 -12.813947 0.73516 0.21507 0.19135
vt 0.518201 0.710538
vn 0.000000 0.000000 -1.000000
v 0.582452 -0.582452 -12.813947 0.73516 0.21507 0.19135
vt 0.493742 0.767955
vn 0.000000 0.000000 -1.000000
v 0.582452 -1.164904 -12.813947 0.73516 0.21507 0.19135
vt 0.494598 0.710181
vn 0.000000 0.000000 -1.000000
f 571/571/571 572/572/572 573/573/573
v 2.329809 -3.494713 -10.484138 0.51775 0.29358 0.27288
vt 0.751094 0.375211
vn 0.707107 -0.707107 0.000000
v 2.329809 -3.494713 -11.066590 0.51775 0.29358 0.27288
vt 0.761223 0.375425
vn 0.707107 -0.707107 0.000000
v 2.912261 -2.912261 -11.066590 0.51775 0.29358 0.27288
vt 0.761290 0.405030
vn 0.707107 -0.707107 0.000000
f 574/574/574 575/575/575 576/576/576
v 2.329809 -3.494713 -10.484138 0.51775 0.29358 0.27288
vt 0.751094 0.375211
vn 0.707107 -0.707107 0.000000
v 2.912261 -2.912261 -11.066590 0.51775 0.29358 0.27288
vt 0.761290 0.405030
vn 0.707107 -0.707107 0.000000
v 2.912261 -2.912261 -10.484138 0.51775 0.29358 0.27288
vt 0.747437 0.404742
vn 0.707107 -0.707107 0.000000
f 577/577/577 578/578/578 579/579/579
v 2.329809 -3.494713 -9.901686 0.51775 0.29358 0.27288
vt 0.743287 0.375032
vn 0.000000 -1.000000 -0.000000
v 1.747356 -3.494713 -10.484138 0.51775 0.29358 0.27288
vt 0.750340 0.346673
vn 0.000000 -1.000000 -0.000000
v 2.329809 -3.494713 -10.484138 0.51775 0.29358 0.27288
vt 0.751094 0.375211
vn 0.000000 -1.000000 -0.000000
f 580/580/580 581/581/581 582/582/582
v 1.747356 -1.164904 -8.736782 0.67477 0.27244 0.24268
vt 0.584844 0.650990
vn -0.000000 1.000000 0.000000
v 2.912261 -1.164904 -8.736782 0.67477 0.27244 0.24268
vt 0.582482 0.680334
vn -0.000000 1.000000 0.000000
v 2.912261 -1.164904 -9.901686 0.67477 0.27244 0.24268
vt 0.569754 0.679210
vn -0.000000 1.000000 0.000000
f 583/583/583 584/584/584 585/585/585
v 1.747356 -1.164904 -8.736782 0.70497 0.23621 0.22457
vt 0.584844 0.650990
vn 0.000000 1.000000 0.000000
v 2.912261 -1.164904 -9.901686 0.70497 0.23621 0.22457
vt 0.569754 0.679210
vn 0.000000 1.000000 0.000000
v 1.747356 -1.164904 -9.901686 0.70497 0.23621 0.22457
vt 0.572249 0.649877
vn 0.000000 1.000000 0.000000
f 586/586/586 587/587/587 588/588/588
v 2.912261 -2.329809 -11.066590 0.51775 0.29358 0.27288
vt 0.760189 0.431882
vn 1.000000 -0.000000 0.000000
v 2.912261 -1.747356 -11.649043 0.51775 0.29358 0.27288
vt 0.772541 0.449940
vn 1.000000 -0.000000 0.000000
v 2.912261 -1.747356 -10.484138 0.51775 0.29358 0.27288
vt 0.750436 0.449604
vn 1.000000 -0.000000 0.000000
f 589/589/589 590/590/590 591/591/591
v 2.912261 -2.329809 -11.066590 0.51775 0.29358 0.27288
vt 0.760189 0.431882
vn 1.000000 0.000000 0.000000
v 2.912261 -1.747356 -10.484138 0.51775 0.29358 0.27288
vt 0.750436 0.449604
vn 1.000000 0.000000 0.000000
v 2.912261 -2.329809 -9.901686 0.51775 0.29358 0.27288
vt 0.742610 0.431341
vn 1.000000 0.000000 0.000000
f 592/592/592 593/593/593 594/594/594
v 0.582452 -4.659617 -10.484138 0.67175 0.56233 0.55068
vt 0.748430 0.295272
vn 0.000000 -1.000000 0.000000
v 0.582452 -4.659617 -11.649043 0.67175 0.56233 0.55068
vt 0.770979 0.295094
vn 0.000000 -1.000000 0.000000
v 1.164904 -4.659617 -11.649043 0.67175 0.56233 0.55068
vt 0.768596 0.307624
vn 0.000000 -1.000000 0.000000
f 595/595/595 596/596/596 597/597/597
v 0.582452 -4.659617 -10.484138 0.52681 0.28754 0.27288
vt 0.748430 0.295272
vn 0.000000 -1.000000 0.000000
v 1.164904 -4.659617 -11.649043 0.52681 0.28754 0.27288
vt 0.768596 0.307624
vn 0.000000 -1.000000 0.000000
v 1.164904 -4.659617 -10.484138 0.52681 0.28754 0.27288
vt 0.748282 0.307807
vn 0.000000 -1.000000 0.000000
f 598/598/598 599/599/599 600/600/600
v 2.912261 -2.329809 -9.319234 0.51775 0.29358 0.27288
vt 0.728345 0.430526
vn 1.000000 0.000000 0.000000
v 2.912261 -2.912261 -9.901686 0.51775 0.29358 0.27288
vt 0.736338 0.404218
vn 1.000000 0.000000 0.000000
v 2.912261 -2.912261 -10.484138 0.51775 0.29358 0.27288
vt 0.747437 0.404742
vn 1.000000 0.000000 0.000000
f 601/601/601 602/602/602 603/603/603
v 2.912261 -2.329809 -9.319234 0.51775 0.29358 0.27288
vt 0.728345 0.430526
vn 1.000000 0.000000 0.000000
v 2.912261 -2.912261 -10.484138 0.51775 0.29358 0.27288
vt 0.747437 0.404742
vn 1.000000 0.000000 0.000000
v 2.912261 -2.329809 -9.901686 0.51775 0.29358 0.27288
vt 0.742610 0.431341
vn 1.000000 0.000000 0.000000
f 604/604/604 605/605/605 606/606/606
v 2.912261 -1.164904 -9.901686 0.51775 0.29358 0.27288
vt 0.734733 0.480187
vn 1.000000 0.000000 0.000000
v 2.912261 -1.747356 -9.901686 0.51775 0.29358 0.27288
vt 0.733582 0.449406
vn 1.000000 0.000000 0.000000
v 2.912261 -1.747356 -10.484138 0.51775 0.29358 0.27288
vt 0.750436 0.449604
vn 1.000000 0.000000 0.000000
f 607/607/607 608/608/608 609/609/609
v 1.747356 -1.164904 -12.231495 0.17050 0.27546 0.34535
vt 0.388142 0.511380
vn 1.000000 0.000000 0.000000
v 1.747356 -0.582452 -12.231495 0.17050 0.27546 0.34535
vt 0.391999 0.579442
vn 1.000000 0.000000 0.000000
v 1.747356 -0.582452 -9.901686 0.17050 0.27546 0.34535
vt 0.361341 0.581124
vn 1.000000 0.000000 0.000000
f 610/610/610 611/611/611 612/612/612
v 1.747356 -1.164904 -12.231495 0.52077 0.28754 0.27892
vt 0.388142 0.511380
vn 1.000000 0.000000 0.000000
v 1.747356 -0.582452 -9.901686 0.52077 0.28754 0.27892
vt 0.361341 0.581124
vn 1.000000 0.000000 0.000000
v 1.747356 -1.164904 -9.901686 0.52077 0.28754 0.27892
vt 0.357472 0.513089
vn 1.000000 0.000000 0.000000
f 613/613/613 614/614/614 615/615/615
v 2.329809 -3.494713 -9.901686 0.51775 0.29358 0.27288
vt 0.733490 0.374849
vn 0.707107 -0.707107 0.000000
v 2.912261 -2.912261 -9.901686 0.51775 0.29358 0.27288
vt 0.736338 0.404218
vn 0.707107 -0.707107 0.000000
v 2.912261 -2.912261 -9.319234 0.51775 0.29358 0.27288
vt 0.724020 0.403650
vn 0.707107 -0.707107 0.000000
f 616/616/616 617/617/617 618/618/618
v 2.912261 -2.329809 -9.319234 0.51775 0.29358 0.27288
vt 0.728345 0.430526
vn 1.000000 -0.000000 0.000000
v 2.912261 -1.747356 -9.901686 0.51775 0.29358 0.27288
vt 0.733582 0.449406
vn 1.000000 -0.000000 0.000000
v 2.912261 -1.747356 -8.736782 0.51775 0.29358 0.27288
vt 0.712588 0.450012
vn 1.000000 -0.000000 0.000000
f 619/619/619 620/620/620 621/621/621
v 2.912261 -2.329809 -9.319234 0.51171 0.29358 0.27288
vt 0.728345 0.430526
vn 1.000000 0.000000 0.000000
v 2.912261 -1.747356 -8.736782 0.51171 0.29358 0.27288
vt 0.712588 0.450012
vn 1.000000 0.000000 0.000000
v 2.912261 -2.329809 -8.736782 0.51171 0.29358 0.27288
vt 0.711793 0.429630
vn 1.000000 0.000000 0.000000
f 622/622/622 623/623/623 624/624/624
v 0.582452 -4.659617 -10.484138 0.52681 0.29056 0.26080
vt 0.743040 0.295264
vn 0.000000 -1.000000 0.000000
v 1.164904 -4.659617 -10.484138 0.52681 0.29056 0.26080
vt 0.744109 0.307790
vn 0.000000 -1.000000 0.000000
v 1.164904 -4.659617 -9.901686 0.52681 0.29056 0.26080
vt 0.732537 0.307832
vn 0.000000 -1.000000 0.000000
f 625/625/625 626/626/626 627/627/627
v 0.582452 -4.659617 -10.484138 0.46038 0.27848 0.25174
vt 0.743040 0.295264
vn 0.000000 -1.000000 0.000000
v 1.164904 -4.659617 -9.901686 0.46038 0.27848 0.25174
vt 0.732537 0.307832
vn 0.000000 -1.000000 0.000000
v 0.582452 -4.659617 -9.319234 0.46038 0.27848 0.25174
vt 0.729654 0.295305
vn 0.000000 -1.000000 0.000000
f 628/628/628 629/629/629 630/630/630
v 1.747356 -1.164904 -9.901686 0.15238 0.26338 0.33025
vt 0.357472 0.513089
vn 1.000000 0.000000 0.000000
v 1.747356 -0.582452 -9.901686 0.15238 0.26338 0.33025
vt 0.361341 0.581124
vn 1.000000 0.000000 0.000000
v 1.747356 -0.582452 -8.736782 0.15238 0.26338 0.33025
vt 0.344551 0.582084
vn 1.000000 0.000000 0.000000
f 631/631/631 632/632/632 633/633/633
v 1.747356 -1.164904 -9.901686 0.16144 0.26942 0.31515
vt 0.357472 0.513089
vn 1.000000 0.000000 0.000000
v 1.747356 -0.582452 -8.736782 0.16144 0.26942 0.31515
vt 0.344551 0.582084
vn 1.000000 0.000000 0.000000
v 1.747356 -1.164904 -8.736782 0.16144 0.26942 0.31515
vt 0.340644 0.514050
vn 1.000000 0.000000 0.000000
f 634/634/634 635/635/635 636/636/636
v 2.329809 -3.494713 -8.736782 0.51775 0.29358 0.27288
vt 0.721178 0.374651
vn -0.000000 -1.000000 0.000000
v 1.747356 -3.494713 -8.736782 0.51775 0.29358 0.27288
vt 0.721122 0.346504
vn -0.000000 -1.000000 0.000000
v 1.747356 -3.494713 -9.901686 0.51775 0.29358 0.27288
vt 0.734996 0.346523
vn -0.000000 -1.000000 0.000000
f 637/637/637 638/638/638 639/639/639
v 2.329809 -3.494713 -8.736782 0.51775 0.29358 0.27288
vt 0.721178 0.374651
vn 0.000000 -1.000000 -0.000000
v 1.747356 -3.494713 -9.901686 0.51775 0.29358 0.27288
vt 0.734996 0.346523
vn 0.000000 -1.000000 -0.000000
v 2.329809 -3.494713 -9.901686 0.51775 0.29358 0.27288
vt 0.733490 0.374849
vn 0.000000 -1.000000 -0.000000
f 640/640/640 641/641/641 642/642/642
v 1.747356 -1.164904 -6.406973 0.72308 0.20601 0.20947
vt 0.608394 0.652884
vn -0.000000 1.000000 0.000000
v 2.912261 -1.164904 -6.406973 0.72308 0.20601 0.20947
vt 0.606358 0.682251
vn -0.000000 1.000000 0.000000
v 2.912261 -1.164904 -8.736782 0.72308 0.20601 0.20947
vt 0.582482 0.680334
vn -0.000000 1.000000 0.000000
f 643/643/643 644/644/644 645/645/645
v 1.747356 -1.164904 -6.406973 0.70799 0.23621 0.21249
vt 0.608394 0.652884
vn 0.000000 1.000000 0.000000
v 2.912261 -1.164904 -8.736782 0.70799 0.23621 0.21249
vt 0.582482 0.680334
vn 0.000000 1.000000 0.000000
v 1.747356 -1.164904 -8.736782 0.70799 0.23621 0.21249
vt 0.584844 0.650990
vn 0.000000 1.000000 0.000000
f 646/646/646 647/647/647 648/648/648
v 0.582452 2.912261 -6.406973 0.74120 0.22413 0.22759
vt 0.223876 0.834162
vn 0.000000 0.970143 -0.242536
v 1.164904 2.912261 -6.406973 0.74120 0.22413 0.22759
vt 0.202273 0.834141
vn 0.000000 0.970143 -0.242536
v 1.164904 2.329809 -8.736782 0.74120 0.22413 0.22759
vt 0.202551 0.774826
vn 0.000000 0.970143 -0.242536
f 649/649/649 650/650/650 651/651/651
v 0.582452 2.912261 -6.406973 0.67175 0.27244 0.22155
vt 0.223876 0.834162
vn 0.000000 0.970143 -0.242536
v 1.164904 2.329809 -8.736782 0.67175 0.27244 0.22155
vt 0.202551 0.774826
vn 0.000000 0.970143 -0.242536
v 0.582452 2.329809 -8.736782 0.67175 0.27244 0.22155
vt 0.224010 0.774801
vn 0.000000 0.970143 -0.242536
f 652/652/652 653/653/653 654/654/654
v 2.912261 -2.329809 -8.736782 0.51775 0.29358 0.27288
vt 0.711793 0.429630
vn 1.000000 0.000000 -0.000000
v 2.912261 -2.329809 -7.571878 0.51775 0.29358 0.27288
vt 0.692717 0.428738
vn 1.000000 0.000000 -0.000000
v 2.912261 -2.912261 -8.154330 0.51775 0.29358 0.27288
vt 0.708882 0.403068
vn 1.000000 0.000000 -0.000000
f 655/655/655 656/656/656 657/657/657
v 2.912261 -2.329809 -8.736782 0.51775 0.29358 0.26684
vt 0.711793 0.429630
vn 1.000000 0.000000 0.000000
v 2.912261 -2.912261 -8.154330 0.51775 0.29358 0.26684
vt 0.708882 0.403068
vn 1.000000 0.000000 0.000000
v 2.912261 -2.912261 -9.319234 0.51775 0.29358 0.26684
vt 0.724020 0.403650
vn 1.000000 0.000000 0.000000
f 658/658/658 659/659/659 660/660/660
v 2.912261 -1.164904 -6.406973 0.45736 0.26640 0.25476
vt 0.673044 0.479580
vn 1.000000 0.000000 0.000000
v 2.912261 -1.747356 -6.989426 0.45736 0.26640 0.25476
vt 0.685888 0.450609
vn 1.000000 0.000000 0.000000
v 2.912261 -1.747356 -8.736782 0.45736 0.26640 0.25476
vt 0.712588 0.450012
vn 1.000000 0.000000 0.000000
f 661/661/661 662/662/662 663/663/663
v 2.912261 -1.164904 -6.406973 0.51473 0.28754 0.27590
vt 0.673044 0.479580
vn 1.000000 0.000000 0.000000
v 2.912261 -1.747356 -8.736782 0.51473 0.28754 0.27590
vt 0.712588 0.450012
vn 1.000000 0.000000 0.000000
v 2.912261 -1.164904 -8.736782 0.51473 0.28754 0.27590
vt 0.715364 0.479997
vn 1.000000 0.000000 0.000000
f 664/664/664 665/665/665 666/666/666
v 2.329809 -3.494713 -8.736782 0.51775 0.29358 0.27288
vt 0.721178 0.374651
vn 0.707107 -0.707107 0.000000
v 2.329809 -3.494713 -9.901686 0.51775 0.29358 0.27288
vt 0.733490 0.374849
vn 0.707107 -0.707107 0.000000
v 2.912261 -2.912261 -9.319234 0.51775 0.29358 0.27288
vt 0.724020 0.403650
vn 0.707107 -0.707107 0.000000
f 667/667/667 668/668/668 669/669/669
v 2.329809 -3.494713 -8.736782 0.51775 0.29358 0.27288
vt 0.721178 0.374651
vn 0.707107 -0.707107 0.000000
v 2.912261 -2.912261 -9.319234 0.51775 0.29358 0.27288
vt 0.724020 0.403650
vn 0.707107 -0.707107 0.000000
v 2.912261 -2.912261 -8.154330 0.51775 0.29358 0.27288
vt 0.708882 0.403068
vn 0.707107 -0.707107 0.000000
f 670/670/670 671/671/671 672/672/672
v 2.912261 -2.329809 -8.736782 0.51775 0.29358 0.27288
vt 0.711793 0.429630
vn 1.000000 0.000000 0.000000
v 2.912261 -1.747356 -8.736782 0.51775 0.29358 0.27288
vt 0.712588 0.450012
vn 1.000000 0.000000 0.000000
v 2.912261 -1.747356 -6.989426 0.51775 0.29358 0.27288
vt 0.685888 0.450609
vn 1.000000 0.000000 0.000000
f 673/673/673 674/674/674 675/675/675
v 2.912261 -2.329809 -8.736782 0.51775 0.29358 0.27288
vt 0.711793 0.429630
vn 1.000000 0.000000 0.000000
v 2.912261 -1.747356 -6.989426 0.51775 0.29358 0.27288
vt 0.685888 0.450609
vn 1.000000 0.000000 0.000000
v 2.912261 -2.329809 -7.571878 0.51775 0.29358 0.27288
vt 0.692717 0.428738
vn 1.000000 0.000000 0.000000
f 676/676/676 677/677/677 678/678/678
v 0.582452 -4.659617 -9.319234 0.48755 0.30868 0.27288
vt 0.729654 0.295305
vn 0.000000 -1.000000 0.000000
v 1.164904 -4.659617 -9.901686 0.48755 0.30868 0.27288
vt 0.732537 0.307832
vn 0.000000 -1.000000 0.000000
v 1.164904 -4.659617 -8.736782 0.48755 0.30868 0.27288
vt 0.710911 0.307954
vn 0.000000 -1.000000 0.000000
f 679/679/679 680/680/680 681/681/681
v 0.582452 -4.659617 -9.319234 0.52077 0.29358 0.28194
vt 0.729654 0.295305
vn 0.000000 -1.000000 0.000000
v 1.164904 -4.659617 -8.736782 0.52077 0.29358 0.28194
vt 0.710911 0.307954
vn 0.000000 -1.000000 0.000000
v 0.582452 -4.659617 -8.154330 0.52077 0.29358 0.28194
vt 0.705402 0.295405
vn 0.000000 -1.000000 0.000000
f 682/682/682 683/683/683 684/684/684
v 1.747356 -1.164904 -8.736782 0.14634 0.26640 0.33629
vt 0.340644 0.514050
vn 1.000000 0.000000 0.000000
v 1.747356 -0.582452 -8.736782 0.14634 0.26640 0.33629
vt 0.344551 0.582084
vn 1.000000 0.000000 0.000000
v 1.747356 -0.582452 -6.406973 0.14634 0.26640 0.33629
vt 0.313044 0.583956
vn 1.000000 0.000000 0.000000
f 685/685/685 686/686/686 687/687/687
v 1.747356 -1.164904 -8.736782 0.18861 0.28754 0.35139
vt 0.340644 0.514050
vn 1.000000 0.000000 0.000000
v 1.747356 -0.582452 -6.406973 0.18861 0.28754 0.35139
vt 0.313044 0.583956
vn 1.000000 0.000000 0.000000
v 1.747356 -1.164904 -6.406973 0.18861 0.28754 0.35139
vt 0.309123 0.515899
vn 1.000000 0.000000 0.000000
f 688/688/688 689/689/689 690/690/690
v 2.329809 -3.494713 -7.571878 0.51775 0.29358 0.27288
vt 0.700159 0.374449
vn 0.000000 -1.000000 0.000000
v 1.747356 -3.494713 -8.154330 0.51775 0.29358 0.27288
vt 0.704889 0.346338
vn 0.000000 -1.000000 0.000000
v 1.747356 -3.494713 -8.736782 0.51775 0.29358 0.27288
vt 0.721122 0.346504
vn 0.000000 -1.000000 0.000000
f 691/691/691 692/692/692 693/693/693
v 2.329809 -3.494713 -7.571878 0.51775 0.29358 0.27288
vt 0.700159 0.374449
vn 0.000000 -1.000000 -0.000000
v 1.747356 -3.494713 -8.736782 0.51775 0.29358 0.27288
vt 0.721122 0.346504
vn 0.000000 -1.000000 -0.000000
v 2.329809 -3.494713 -8.736782 0.51775 0.29358 0.27288
vt 0.721178 0.374651
vn 0.000000 -1.000000 -0.000000
f 694/694/694 695/695/695 696/696/696
v 2.912261 -2.329809 -7.571878 0.57210 0.42644 0.39970
vt 0.692717 0.428738
vn 1.000000 0.000000 -0.000000
v 2.912261 -2.329809 -6.406973 0.57210 0.42644 0.39970
vt 0.677719 0.427995
vn 1.000000 0.000000 -0.000000
v 2.912261 -2.912261 -6.989426 0.57210 0.42644 0.39970
vt 0.688262 0.402632
vn 1.000000 0.000000 -0.000000
f 697/697/697 698/698/698 699/699/699
v 2.912261 -2.329809 -7.571878 0.51775 0.29358 0.27288
vt 0.692717 0.428738
vn 1.000000 0.000000 0.000000
v 2.912261 -2.912261 -6.989426 0.51775 0.29358 0.27288
vt 0.688262 0.402632
vn 1.000000 0.000000 0.000000
v 2.912261 -2.912261 -8.154330 0.51775 0.29358 0.27288
vt 0.708882 0.403068
vn 1.000000 0.000000 0.000000
f 700/700/700 701/701/701 702/702/702
v 2.912261 -1.164904 -6.406973 0.91030 0.91260 0.89190
vt 0.673044 0.479580
vn 1.000000 0.000000 0.000000
v 2.912261 -1.747356 -6.406973 0.91030 0.91260 0.89190
vt 0.672042 0.448939
vn 1.000000 0.000000 0.000000
v 2.912261 -1.747356 -6.989426 0.91030 0.91260 0.89190
vt 0.685888 0.450609
vn 1.000000 0.000000 0.000000
f 703/703/703 704/704/704 705/705/705
v 0.582452 1.164904 -6.406973 0.20975 0.27848 0.34535
vt 0.818407 0.906850
vn 0.000000 0.000000 1.000000
v 0.000000 1.164904 -6.406973 0.20975 0.27848 0.34535
vt 0.794802 0.906635
vn 0.000000 0.000000 1.000000
v 0.000000 0.582452 -6.406973 0.20975 0.27848 0.34535
vt 0.795252 0.855276
vn 0.000000 0.000000 1.000000
f 706/706/706 707/707/707 708/708/708
v 0.582452 1.164904 -6.406973 0.14936 0.27244 0.32723
vt 0.818407 0.906850
vn 0.000000 0.000000 1.000000
v 0.000000 0.582452 -6.406973 0.14936 0.27244 0.32723
vt 0.795252 0.855276
vn 0.000000 0.000000 1.000000
v 0.582452 0.582452 -6.406973 0.14936 0.27244 0.32723
vt 0.818863 0.855490
vn 0.000000 0.000000 1.000000
f 709/709/709 710/710/710 711/711/711
v 1.747356 1.164904 -6.406973 0.18861 0.27546 0.33629
vt 0.859261 0.907203
vn 0.000000 0.000000 1.000000
v 1.164904 1.164904 -6.406973 0.18861 0.27546 0.33629
vt 0.839372 0.907032
vn 0.000000 0.000000 1.000000
v 1.164904 0.582452 -6.406973 0.18861 0.27546 0.33629
vt 0.839829 0.855672
vn 0.000000 0.000000 1.000000
f 712/712/712 713/713/713 714/714/714
v 1.747356 1.164904 -6.406973 0.16748 0.26036 0.31817
vt 0.859261 0.907203
vn 0.000000 0.000000 1.000000
v 1.164904 0.582452 -6.406973 0.16748 0.26036 0.31817
vt 0.839829 0.855672
vn 0.000000 0.000000 1.000000
v 1.747356 0.582452 -6.406973 0.16748 0.26036 0.31817
vt 0.859722 0.855843
vn 0.000000 0.000000 1.000000
f 715/715/715 716/716/716 717/717/717
v 0.582452 1.164904 -9.901686 0.30940 0.29358 0.34233
vt 0.539164 0.897177
vn 0.000000 0.000000 -1.000000
v 1.164904 1.164904 -9.901686 0.30940 0.29358 0.34233
vt 0.557528 0.897119
vn 0.000000 0.000000 -1.000000
v 1.164904 0.582452 -9.901686 0.30940 0.29358 0.34233
vt 0.557672 0.942159
vn 0.000000 0.000000 -1.000000
f 718/718/718 719/719/719 720/720/720
v 0.582452 1.164904 -9.901686 0.50265 0.41135 0.38159
vt 0.539164 0.897177
vn 0.000000 0.000000 -1.000000
v 1.164904 0.582452 -9.901686 0.50265 0.41135 0.38159
vt 0.557672 0.942159
vn 0.000000 0.000000 -1.000000
v 0.582452 0.582452 -9.901686 0.50265 0.41135 0.38159
vt 0.539309 0.942217
vn 0.000000 0.000000 -1.000000
f 721/721/721 722/722/722 723/723/723
v 2.912261 1.164904 -8.736782 0.24297 0.29962 0.36951
vt 0.927291 0.907790
vn 1.000000 0.000000 -0.000000
v 2.912261 1.164904 -6.406973 0.24297 0.29962 0.36951
vt 0.900496 0.907539
vn 1.000000 0.000000 -0.000000
v 2.912261 0.582452 -6.406973 0.24297 0.29962 0.36951
vt 0.900990 0.856180
vn 1.000000 0.000000 -0.000000
f 724/724/724 725/725/725 726/726/726
v 2.912261 1.164904 -8.736782 0.19465 0.29056 0.36045
vt 0.927291 0.907790
vn 1.000000 0.000000 0.000000
v 2.912261 0.582452 -6.406973 0.19465 0.29056 0.36045
vt 0.900990 0.856180
vn 1.000000 0.000000 0.000000
v 2.912261 0.582452 -8.736782 0.19465 0.29056 0.36045
vt 0.927804 0.856403
vn 1.000000 0.000000 0.000000
f 727/727/727 728/728/728 729/729/729
v 0.582452 0.582452 -6.406973 0.51171 0.21507 0.22155
vt 0.819081 0.831170
vn 0.000000 0.000000 1.000000
v 0.000000 0.582452 -6.406973 0.51171 0.21507 0.22155
vt 0.795467 0.830956
vn 0.000000 0.000000 1.000000
v 0.000000 -0.582452 -6.406973 0.51171 0.21507 0.22155
vt 0.795999 0.771409
vn 0.000000 0.000000 1.000000
f 730/730/730 731/731/731 732/732/732
v 0.582452 0.582452 -6.406973 0.71101 0.18789 0.14606
vt 0.819081 0.831170
vn 0.000000 0.000000 1.000000
v 0.000000 -0.582452 -6.406973 0.71101 0.18789 0.14606
vt 0.795999 0.771409
vn 0.000000 0.000000 1.000000
v 0.582452 -0.582452 -6.406973 0.71101 0.18789 0.14606
vt 0.819607 0.771622
vn 0.000000 0.000000 1.000000
f 733/733/733 734/734/734 735/735/735
v 1.747356 0.582452 -6.406973 0.28524 0.24829 0.34233
vt 0.859935 0.831525
vn 0.000000 0.000000 1.000000
v 1.164904 0.582452 -6.406973 0.28524 0.24829 0.34233
vt 0.840045 0.831354
vn 0.000000 0.000000 1.000000
v 1.164904 -0.582452 -6.406973 0.28524 0.24829 0.34233
vt 0.840559 0.771806
vn 0.000000 0.000000 1.000000
f 736/736/736 737/737/737 738/738/738
v 1.747356 0.582452 -6.406973 0.76234 0.15468 0.15512
vt 0.859935 0.831525
vn 0.000000 0.000000 1.000000
v 1.164904 -0.582452 -6.406973 0.76234 0.15468 0.15512
vt 0.840559 0.771806
vn 0.000000 0.000000 1.000000
v 1.747356 -0.582452 -6.406973 0.76234 0.15468 0.15512
vt 0.860433 0.771976
vn 0.000000 0.000000 1.000000
f 739/739/739 740/740/740 741/741/741
v 0.582452 0.582452 -12.813947 0.60834 0.26640 0.25778
vt 0.492830 0.827502
vn 0.000000 0.000000 -1.000000
v 1.164904 0.582452 -12.813947 0.60834 0.26640 0.25778
vt 0.471846 0.827156
vn 0.000000 0.000000 -1.000000
v 1.164904 -0.582452 -12.813947 0.60834 0.26640 0.25778
vt 0.472773 0.767621
vn 0.000000 0.000000 -1.000000
f 742/742/742 743/743/743 744/744/744
v 0.582452 0.582452 -12.813947 0.75630 0.17582 0.15814
vt 0.492830 0.827502
vn 0.000000 0.000000 -1.000000
v 1.164904 -0.582452 -12.813947 0.75630 0.17582 0.15814
vt 0.472773 0.767621
vn 0.000000 0.000000 -1.000000
v 0.582452 -0.582452 -12.813947 0.75630 0.17582 0.15814
vt 0.493742 0.767955
vn 0.000000 0.000000 -1.000000
f 745/745/745 746/746/746 747/747/747
v 2.912261 0.582452 -12.813947 0.68987 0.23923 0.21249
vt 0.969782 0.832410
vn 1.000000 0.000000 -0.000000
v 2.912261 0.582452 -12.231495 0.68987 0.23923 0.21249
vt 0.968421 0.832400
vn 1.000000 0.000000 -0.000000
v 2.912261 -0.582452 -12.231495 0.68987 0.23923 0.21249
vt 0.968897 0.772851
vn 1.000000 0.000000 -0.000000
f 748/748/748 749/749/749 750/750/750
v 2.912261 0.582452 -12.813947 0.67175 0.26338 0.23061
vt 0.969782 0.832410
vn 1.000000 0.000000 0.000000
v 2.912261 -0.582452 -12.231495 0.67175 0.26338 0.23061
vt 0.968897 0.772851
vn 1.000000 0.000000 0.000000
v 2.912261 -0.582452 -12.813947 0.67175 0.26338 0.23061
vt 0.970257 0.772865
vn 1.000000 0.000000 0.000000
f 751/751/751 752/752/752 753/753/753
v 2.912261 0.582452 -8.736782 0.74120 0.16978 0.15814
vt 0.928013 0.832084
vn 1.000000 0.000000 -0.000000
v 2.912261 0.582452 -6.406973 0.74120 0.16978 0.15814
vt 0.901201 0.831861
vn 1.000000 0.000000 -0.000000
v 2.912261 -0.582452 -6.406973 0.74120 0.16978 0.15814
vt 0.901664 0.772314
vn 1.000000 0.000000 -0.000000
f 754/754/754 755/755/755 756/756/756
v 2.912261 0.582452 -8.736782 0.75328 0.17582 0.16417
vt 0.928013 0.832084
vn 1.000000 0.000000 0.000000
v 2.912261 -0.582452 -6.406973 0.75328 0.17582 0.16417
vt 0.901664 0.772314
vn 1.000000 0.000000 0.000000
v 2.912261 -0.582452 -8.736782 0.75328 0.17582 0.16417
vt 0.928484 0.772496
vn 1.000000 0.000000 0.000000
f 757/757/757 758/758/758 759/759/759
v 1.747356 0.582452 -12.231495 0.51775 0.29358 0.27288
vt 0.085413 0.602460
vn -0.000000 1.000000 0.000000
v 2.912261 0.582452 -12.231495 0.51775 0.29358 0.27288
vt 0.062317 0.631074
vn -0.000000 1.000000 0.000000
v 2.912261 0.582452 -12.813947 0.51775 0.29358 0.27288
vt 0.062202 0.629977
vn -0.000000 1.000000 0.000000
f 760/760/760 761/761/761 762/762/762
v 1.747356 0.582452 -12.231495 0.52077 0.29056 0.27288
vt 0.085413 0.602460
vn 0.000000 1.000000 0.000000
v 2.912261 0.582452 -12.813947 0.52077 0.29056 0.27288
vt 0.062202 0.629977
vn 0.000000 1.000000 0.000000
v 1.747356 0.582452 -12.813947 0.52077 0.29056 0.27288
vt 0.084303 0.601502
vn 0.000000 1.000000 0.000000
f 763/763/763 764/764/764 765/765/765
v 1.747356 1.164904 -9.901686 0.22787 0.29660 0.33025
vt 0.574944 0.897064
vn 0.000000 0.000000 -1.000000
v 2.912261 1.164904 -9.901686 0.22787 0.29660 0.33025
vt 0.604571 0.896969
vn 0.000000 0.000000 -1.000000
v 2.912261 0.582452 -9.901686 0.22787 0.29660 0.33025
vt 0.604715 0.942008
vn 0.000000 0.000000 -1.000000
f 766/766/766 767/767/767 768/768/768
v 1.747356 1.164904 -9.901686 0.39999 0.31170 0.33327
vt 0.574944 0.897064
vn 0.000000 0.000000 -1.000000
v 2.912261 0.582452 -9.901686 0.39999 0.31170 0.33327
vt 0.604715 0.942008
vn 0.000000 0.000000 -1.000000
v 1.747356 0.582452 -9.901686 0.39999 0.31170 0.33327
vt 0.575088 0.942104
vn 0.000000 0.000000 -1.000000
f 769/769/769 770/770/770 771/771/771
v 1.747356 1.164904 -6.406973 0.69289 0.76464 0.78017
vt 0.574828 0.861055
vn -0.000000 1.000000 0.000000
v 2.912261 1.164904 -6.406973 0.69289 0.76464 0.78017
vt 0.604455 0.860960
vn -0.000000 1.000000 0.000000
v 2.912261 1.164904 -8.736782 0.69289 0.76464 0.78017
vt 0.604531 0.884439
vn -0.000000 1.000000 0.000000
f 772/772/772 773/773/773 774/774/774
v 1.747356 1.164904 -6.406973 0.43924 0.47174 0.50841
vt 0.574828 0.861055
vn 0.000000 1.000000 0.000000
v 2.912261 1.164904 -8.736782 0.43924 0.47174 0.50841
vt 0.604531 0.884439
vn 0.000000 1.000000 0.000000
v 1.747356 1.164904 -8.736782 0.43924 0.47174 0.50841
vt 0.574905 0.884534
vn 0.000000 1.000000 0.000000
f 775/775/775 776/776/776 777/777/777
v 1.747356 -0.582452 -8.736782 0.75328 0.82503 0.83453
vt 0.344551 0.582084
vn 0.000000 -1.000000 0.000000
v 2.912261 -0.582452 -8.736782 0.75328 0.82503 0.83453
vt 0.346901 0.622738
vn 0.000000 -1.000000 0.000000
v 2.912261 -0.582452 -6.406973 0.75328 0.82503 0.83453
vt 0.315433 0.624531
vn 0.000000 -1.000000 0.000000
f 778/778/778 779/779/779 780/780/780
v 1.747356 -0.582452 -8.736782 0.16144 0.26640 0.33327
vt 0.344551 0.582084
vn 0.000000 -1.000000 0.000000
v 2.912261 -0.582452 -6.406973 0.16144 0.26640 0.33327
vt 0.315433 0.624531
vn 0.000000 -1.000000 0.000000
v 1.747356 -0.582452 -6.406973 0.16144 0.26640 0.33327
vt 0.313044 0.583956
vn 0.000000 -1.000000 0.000000
f 781/781/781 782/782/782 783/783/783
v 1.747356 -0.582452 -9.901686 0.16144 0.26640 0.33327
vt 0.361341 0.581124
vn 0.000000 -1.000000 0.000000
v 2.912261 -0.582452 -9.901686 0.16144 0.26640 0.33327
vt 0.363647 0.621777
vn 0.000000 -1.000000 0.000000
v 2.912261 -0.582452 -8.736782 0.16144 0.26640 0.33327
vt 0.346901 0.622738
vn 0.000000 -1.000000 0.000000
f 784/784/784 785/785/785 786/786/786
v 1.747356 -0.582452 -9.901686 0.15540 0.26640 0.33327
vt 0.361341 0.581124
vn 0.000000 -1.000000 0.000000
v 2.912261 -0.582452 -8.736782 0.15540 0.26640 0.33327
vt 0.346901 0.622738
vn 0.000000 -1.000000 0.000000
v 1.747356 -0.582452 -8.736782 0.15540 0.26640 0.33327
vt 0.344551 0.582084
vn 0.000000 -1.000000 0.000000
f 787/787/787 788/788/788 789/789/789
v 1.747356 -0.582452 -12.231495 0.16144 0.26036 0.32421
vt 0.391999 0.579442
vn 0.000000 -1.000000 0.000000
v 2.912261 -0.582452 -12.231495 0.16144 0.26036 0.32421
vt 0.394261 0.620029
vn 0.000000 -1.000000 0.000000
v 2.912261 -0.582452 -9.901686 0.16144 0.26036 0.32421
vt 0.363647 0.621777
vn 0.000000 -1.000000 0.000000
f 790/790/790 791/791/791 792/792/792
v 1.747356 -0.582452 -12.231495 0.15238 0.26338 0.33025
vt 0.391999 0.579442
vn 0.000000 -1.000000 0.000000
v 2.912261 -0.582452 -9.901686 0.15238 0.26338 0.33025
vt 0.363647 0.621777
vn 0.000000 -1.000000 0.000000
v 1.747356 -0.582452 -9.901686 0.15238 0.26338 0.33025
vt 0.361341 0.581124
vn 0.000000 -1.000000 0.000000
f 793/793/793 794/794/794 795/795/795
v 1.747356 0.582452 -12.813947 0.65061 0.25735 0.25476
vt 0.451960 0.826837
vn 0.000000 0.000000 -1.000000
v 2.912261 0.582452 -12.813947 0.65061 0.25735 0.25476
vt 0.418166 0.826311
vn 0.000000 0.000000 -1.000000
v 2.912261 -0.582452 -12.813947 0.65061 0.25735 0.25476
vt 0.419085 0.766765
vn 0.000000 0.000000 -1.000000
f 796/796/796 797/797/797 798/798/798
v 1.747356 0.582452 -12.813947 0.67175 0.24829 0.21249
vt 0.451960 0.826837
vn 0.000000 0.000000 -1.000000
v 2.912261 -0.582452 -12.813947 0.67175 0.24829 0.21249
vt 0.419085 0.766765
vn 0.000000 0.000000 -1.000000
v 1.747356 -0.582452 -12.813947 0.67175 0.24829 0.21249
vt 0.452894 0.767301
vn 0.000000 0.000000 -1.000000
f 799/799/799 800/800/800 801/801/801
v 2.329809 -3.494713 -10.484138 0.51775 0.29358 0.27288
vt 0.751094 0.375211
vn -0.000000 -1.000000 0.000000
v 1.747356 -3.494713 -10.484138 0.51775 0.29358 0.27288
vt 0.750340 0.346673
vn -0.000000 -1.000000 0.000000
v 1.747356 -3.494713 -11.066590 0.51775 0.29358 0.27288
vt 0.762495 0.346673
vn -0.000000 -1.000000 0.000000
f 802/802/802 803/803/803 804/804/804
v 2.329809 -3.494713 -10.484138 0.51775 0.29358 0.27288
vt 0.751094 0.375211
vn 0.000000 -1.000000 -0.000000
v 1.747356 -3.494713 -11.066590 0.51775 0.29358 0.27288
vt 0.762495 0.346673
vn 0.000000 -1.000000 -0.000000
v 2.329809 -3.494713 -11.066590 0.51775 0.29358 0.27288
vt 0.761223 0.375425
vn 0.000000 -1.000000 -0.000000
f 805/805/805 806/806/806 807/807/807
v 1.747356 -1.164904 -9.901686 0.75026 0.17582 0.14908
vt 0.572249 0.649877
vn -0.000000 1.000000 0.000000
v 2.912261 -1.164904 -9.901686 0.75026 0.17582 0.14908
vt 0.569754 0.679210
vn -0.000000 1.000000 0.000000
v 2.912261 -1.164904 -12.231495 0.75026 0.17582 0.14908
vt 0.546716 0.677188
vn -0.000000 1.000000 0.000000
f 808/808/808 809/809/809 810/810/810
v 1.747356 -1.164904 -9.901686 0.75630 0.15468 0.14002
vt 0.572249 0.649877
vn 0.000000 1.000000 0.000000
v 2.912261 -1.164904 -12.231495 0.75630 0.15468 0.14002
vt 0.546716 0.677188
vn 0.000000 1.000000 0.000000
v 1.747356 -1.164904 -12.231495 0.75630 0.15468 0.14002
vt 0.549225 0.647857
vn 0.000000 1.000000 0.000000
f 811/811/811 812/812/812 813/813/813
v 0.582452 0.582452 -9.901686 0.15842 0.27244 0.33025
vt 0.539381 0.963545
vn -0.000000 1.000000 0.000000
v 1.164904 0.582452 -9.901686 0.15842 0.27244 0.33025
vt 0.557744 0.963487
vn -0.000000 1.000000 0.000000
v 1.164904 0.582452 -12.231495 0.15842 0.27244 0.33025
vt 0.557817 0.986330
vn -0.000000 1.000000 0.000000
f 814/814/814 815/815/815 816/816/816
v 0.582452 0.582452 -9.901686 0.14030 0.25735 0.31214
vt 0.539381 0.963545
vn 0.000000 1.000000 0.000000
v 1.164904 0.582452 -12.231495 0.14030 0.25735 0.31214
vt 0.557817 0.986330
vn 0.000000 1.000000 0.000000
v 0.582452 0.582452 -12.231495 0.14030 0.25735 0.31214
vt 0.539453 0.986389
vn 0.000000 1.000000 0.000000
f 817/817/817 818/818/818 819/819/819
v 2.912261 -2.329809 -9.901686 0.51775 0.29358 0.27288
vt 0.742610 0.431341
vn 1.000000 0.000000 0.000000
v 2.912261 -2.912261 -10.484138 0.51775 0.29358 0.27288
vt 0.747437 0.404742
vn 1.000000 0.000000 0.000000
v 2.912261 -2.912261 -11.066590 0.51775 0.29358 0.27288
vt 0.761290 0.405030
vn 1.000000 0.000000 0.000000
f 820/820/820 821/821/821 822/822/822
v 2.912261 -2.329809 -9.901686 0.51775 0.29358 0.27288
vt 0.742610 0.431341
vn 1.000000 0.000000 0.000000
v 2.912261 -2.912261 -11.066590 0.51775 0.29358 0.27288
vt 0.761290 0.405030
vn 1.000000 0.000000 0.000000
v 2.912261 -2.329809 -11.066590 0.51775 0.29358 0.27288
vt 0.760189 0.431882
vn 1.000000 0.000000 0.000000
f 823/823/823 824/824/824 825/825/825
v 2.912261 -1.164904 -9.901686 0.51775 0.29358 0.27288
vt 0.737269 0.480178
vn 1.000000 0.000000 0.000000
v 2.912261 -1.747356 -10.484138 0.51775 0.29358 0.27288
vt 0.750436 0.449604
vn 1.000000 0.000000 0.000000
v 2.912261 -1.747356 -11.649043 0.51775 0.29358 0.27288
vt 0.772541 0.449940
vn 1.000000 0.000000 0.000000
f 826/826/826 827/827/827 828/828/828
v 2.912261 -1.164904 -9.901686 0.52077 0.29358 0.28194
vt 0.737269 0.480178
vn 1.000000 0.000000 0.000000
v 2.912261 -1.747356 -11.649043 0.52077 0.29358 0.28194
vt 0.772541 0.449940
vn 1.000000 0.000000 0.000000
v 2.912261 -1.164904 -12.231495 0.52077 0.29358 0.28194
vt 0.778574 0.480857
vn 1.000000 0.000000 0.000000
f 829/829/829 830/830/830 831/831/831
v 2.329809 -3.494713 -12.231495 0.51775 0.29358 0.27288
vt 0.779557 0.375189
vn 0.707107 -0.707107 0.000000
v 2.912261 -2.912261 -12.231495 0.51775 0.29358 0.27288
vt 0.781850 0.404490
vn 0.707107 -0.707107 0.000000
v 2.912261 -2.912261 -11.066590 0.51775 0.29358 0.27288
vt 0.761290 0.405030
vn 0.707107 -0.707107 0.000000
f 832/832/832 833/833/833 834/834/834
v 2.329809 -3.494713 -12.231495 0.51775 0.29358 0.27288
vt 0.779557 0.375189
vn 0.707107 -0.707107 0.000000
v 2.912261 -2.912261 -11.066590 0.51775 0.29358 0.27288
vt 0.761290 0.405030
vn 0.707107 -0.707107 0.000000
v 2.329809 -3.494713 -11.066590 0.51775 0.29358 0.27288
vt 0.761223 0.375425
vn 0.707107 -0.707107 0.000000
f 835/835/835 836/836/836 837/837/837
v 2.912261 -2.329809 -12.231495 0.51775 0.29358 0.27288
vt 0.781281 0.431372
vn 1.000000 -0.000000 0.000000
v 2.912261 -1.747356 -12.813947 0.51775 0.29358 0.27288
vt 0.790478 0.450253
vn 1.000000 -0.000000 0.000000
v 2.912261 -1.747356 -11.649043 0.51775 0.29358 0.27288
vt 0.772541 0.449940
vn 1.000000 -0.000000 0.000000
f 838/838/838 839/839/839 840/840/840
v 2.912261 -2.329809 -12.231495 0.51775 0.29358 0.27288
vt 0.781281 0.431372
vn 1.000000 0.000000 0.000000
v 2.912261 -1.747356 -11.649043 0.51775 0.29358 0.27288
vt 0.772541 0.449940
vn 1.000000 0.000000 0.000000
v 2.912261 -2.329809 -11.066590 0.51775 0.29358 0.27288
vt 0.760189 0.431882
vn 1.000000 0.000000 0.000000
f 841/841/841 842/842/842 843/843/843
v 0.582452 -4.659617 -11.649043 0.63250 0.52005 0.49029
vt 0.770979 0.295094
vn 0.000000 -1.000000 0.000000
v 0.582452 -4.659617 -12.231495 0.63250 0.52005 0.49029
vt 0.776785 0.295062
vn 0.000000 -1.000000 0.000000
v 1.164904 -4.659617 -12.231495 0.63250 0.52005 0.49029
vt 0.774137 0.307531
vn 0.000000 -1.000000 0.000000
f 844/844/844 845/845/845 846/846/846
v 0.582452 -4.659617 -11.649043 0.51171 0.29660 0.26684
vt 0.770979 0.295094
vn 0.000000 -1.000000 0.000000
v 1.164904 -4.659617 -12.231495 0.51171 0.29660 0.26684
vt 0.774137 0.307531
vn 0.000000 -1.000000 0.000000
v 1.164904 -4.659617 -11.649043 0.51171 0.29660 0.26684
vt 0.768596 0.307624
vn 0.000000 -1.000000 0.000000
f 847/847/847 848/848/848 849/849/849
v 1.747356 -1.164904 -12.813947 0.17955 0.27848 0.34233
vt 0.389730 0.511307
vn 1.000000 0.000000 0.000000
v 1.747356 -0.582452 -12.813947 0.17955 0.27848 0.34233
vt 0.393595 0.579392
vn 1.000000 0.000000 0.000000
v 1.747356 -0.582452 -12.231495 0.17955 0.27848 0.34233
vt 0.391999 0.579442
vn 1.000000 0.000000 0.000000
f 850/850/850 851/851/851 852/852/852
v 1.747356 -1.164904 -12.813947 0.52681 0.32680 0.28496
vt 0.389730 0.511307
vn 1.000000 0.000000 0.000000
v 1.747356 -0.582452 -12.231495 0.52681 0.32680 0.28496
vt 0.391999 0.579442
vn 1.000000 0.000000 0.000000
v 1.747356 -1.164904 -12.231495 0.52681 0.32680 0.28496
vt 0.388142 0.511380
vn 1.000000 0.000000 0.000000
f 853/853/853 854/854/854 855/855/855
v 2.912261 0.582452 -9.901686 0.70195 0.24225 0.22759
vt 0.942368 0.832198
vn 1.000000 0.000000 0.000000
v 2.912261 -0.582452 -9.901686 0.70195 0.24225 0.22759
vt 0.942837 0.772644
vn 1.000000 0.000000 0.000000
v 2.912261 -0.582452 -12.231495 0.70195 0.24225 0.22759
vt 0.968897 0.772851
vn 1.000000 0.000000 0.000000
f 856/856/856 857/857/857 858/858/858
v 2.912261 0.582452 -9.901686 0.71101 0.24527 0.23061
vt 0.942368 0.832198
vn 1.000000 0.000000 0.000000
v 2.912261 -0.582452 -12.231495 0.71101 0.24527 0.23061
vt 0.968897 0.772851
vn 1.000000 0.000000 0.000000
v 2.912261 0.582452 -12.231495 0.71101 0.24527 0.23061
vt 0.968421 0.832400
vn 1.000000 0.000000 0.000000
f 859/859/859 860/860/860 861/861/861
v 1.747356 0.582452 -9.901686 0.27316 0.27244 0.26684
vt 0.575160 0.963431
vn -0.000000 1.000000 0.000000
v 2.912261 0.582452 -9.901686 0.27316 0.27244 0.26684
vt 0.604787 0.963336
vn -0.000000 1.000000 0.000000
v 2.912261 0.582452 -12.231495 0.27316 0.27244 0.26684
vt 0.604860 0.986179
vn -0.000000 1.000000 0.000000
f 862/862/862 863/863/863 864/864/864
v 1.747356 0.582452 -9.901686 0.16446 0.26942 0.33025
vt 0.575160 0.963431
vn 0.000000 1.000000 0.000000
v 2.912261 0.582452 -12.231495 0.16446 0.26942 0.33025
vt 0.604860 0.986179
vn 0.000000 1.000000 0.000000
v 1.747356 0.582452 -12.231495 0.16446 0.26942 0.33025
vt 0.575233 0.986274
vn 0.000000 1.000000 0.000000
f 865/865/865 866/866/866 867/867/867
v 1.747356 -0.582452 -12.813947 0.17654 0.28452 0.34535
vt 0.393595 0.579392
vn 0.000000 -1.000000 0.000000
v 2.912261 -0.582452 -12.813947 0.17654 0.28452 0.34535
vt 0.395909 0.619479
vn 0.000000 -1.000000 0.000000
v 2.912261 -0.582452 -12.231495 0.17654 0.28452 0.34535
vt 0.394261 0.620029
vn 0.000000 -1.000000 0.000000
f 868/868/868 869/869/869 870/870/870
v 1.747356 -0.582452 -12.813947 0.16446 0.26942 0.33629
vt 0.393595 0.579392
vn 0.000000 -1.000000 0.000000
v 2.912261 -0.582452 -12.231495 0.16446 0.26942 0.33629
vt 0.394261 0.620029
vn 0.000000 -1.000000 0.000000
v 1.747356 -0.582452 -12.231495 0.16446 0.26942 0.33629
vt 0.391999 0.579442
vn 0.000000 -1.000000 0.000000
f 871/871/871 872/872/872 873/873/873
v 2.912261 -1.164904 -9.901686 0.72308 0.20601 0.17625
vt 0.367674 0.689798
vn -1.000000 0.000000 0.000000
v 2.912261 -1.164904 -8.736782 0.72308 0.20601 0.17625
vt 0.350716 0.690773
vn -1.000000 0.000000 0.000000
v 2.912261 -0.582452 -8.736782 0.72308 0.20601 0.17625
vt 0.349444 0.668313
vn -1.000000 0.000000 0.000000
f 874/874/874 875/875/875 876/876/876
v 2.912261 -1.164904 -9.901686 0.77744 0.21507 0.20041
vt 0.367674 0.689798
vn -1.000000 0.000000 0.000000
v 2.912261 -0.582452 -8.736782 0.77744 0.21507 0.20041
vt 0.349444 0.668313
vn -1.000000 0.000000 0.000000
v 2.912261 -0.582452 -9.901686 0.77744 0.21507 0.20041
vt 0.366378 0.667339
vn -1.000000 0.000000 0.000000
f 877/877/877 878/878/878 879/879/879
v 2.912261 -1.164904 -8.736782 0.52077 0.28754 0.28496
vt 0.715364 0.479997
vn 1.000000 0.000000 0.000000
v 2.912261 -1.164904 -9.901686 0.52077 0.28754 0.28496
vt 0.734733 0.480187
vn 1.000000 0.000000 0.000000
v 2.912261 -0.582452 -9.901686 0.52077 0.28754 0.28496
vt 0.733653 0.492005
vn 1.000000 0.000000 0.000000
f 880/880/880 881/881/881 882/882/882
v 2.912261 -1.164904 -8.736782 0.51171 0.29660 0.26080
vt 0.715364 0.479997
vn 1.000000 -0.000000 0.000000
v 2.912261 -0.582452 -9.901686 0.51171 0.29660 0.26080
vt 0.733653 0.492005
vn 1.000000 -0.000000 0.000000
v 2.912261 -0.582452 -8.736782 0.51171 0.29660 0.26080
vt 0.714339 0.491825
vn 1.000000 -0.000000 0.000000
f 883/883/883 884/884/884 885/885/885
v 2.912261 -1.164904 -12.813947 0.75026 0.14864 0.13096
vt 0.400053 0.687855
vn -1.000000 0.000000 0.000000
v 2.912261 -1.164904 -12.231495 0.75026 0.14864 0.13096
vt 0.398434 0.687962
vn -1.000000 0.000000 0.000000
v 2.912261 -0.582452 -12.231495 0.75026 0.14864 0.13096
vt 0.397098 0.664797
vn -1.000000 0.000000 0.000000
f 886/886/886 887/887/887 888/888/888
v 2.912261 -1.164904 -12.813947 0.75026 0.15166 0.14002
vt 0.400053 0.687855
vn -1.000000 0.000000 0.000000
v 2.912261 -0.582452 -12.231495 0.75026 0.15166 0.14002
vt 0.397098 0.664797
vn -1.000000 0.000000 0.000000
v 2.912261 -0.582452 -12.813947 0.75026 0.15166 0.14002
vt 0.398691 0.664662
vn -1.000000 0.000000 0.000000
f 889/889/889 890/890/890 891/891/891
v 2.912261 -1.164904 -12.231495 0.51171 0.29358 0.27288
vt 0.778574 0.480857
vn 1.000000 0.000000 0.000000
v 2.912261 -1.164904 -12.813947 0.51171 0.29358 0.27288
vt 0.780226 0.480898
vn 1.000000 0.000000 0.000000
v 2.912261 -0.582452 -12.813947 0.51171 0.29358 0.27288
vt 0.778767 0.493120
vn 1.000000 0.000000 0.000000
f 892/892/892 893/893/893 894/894/894
v 2.912261 -1.164904 -12.231495 0.51775 0.29056 0.27892
vt 0.778574 0.480857
vn 1.000000 -0.000000 0.000000
v 2.912261 -0.582452 -12.813947 0.51775 0.29056 0.27892
vt 0.778767 0.493120
vn 1.000000 -0.000000 0.000000
v 2.912261 -0.582452 -12.231495 0.51775 0.29056 0.27892
vt 0.777185 0.493045
vn 1.000000 -0.000000 0.000000
f 895/895/895 896/896/896 897/897/897
v 2.912261 -1.164904 -6.406973 0.91030 0.91260 0.89190
vt 0.319091 0.692507
vn -1.000000 0.000000 0.000000
v 2.912261 -0.582452 -6.406973 0.91030 0.91260 0.89190
vt 0.317761 0.668959
vn -1.000000 0.000000 0.000000
v 2.912261 -0.582452 -8.736782 0.91030 0.91260 0.89190
vt 0.349444 0.668313
vn -1.000000 0.000000 0.000000
f 898/898/898 899/899/899 900/900/900
v 2.912261 -1.164904 -6.406973 0.91030 0.83409 0.81641
vt 0.319091 0.692507
vn -1.000000 0.000000 0.000000
v 2.912261 -0.582452 -8.736782 0.91030 0.83409 0.81641
vt 0.349444 0.668313
vn -1.000000 0.000000 0.000000
v 2.912261 -1.164904 -8.736782 0.91030 0.83409 0.81641
vt 0.350716 0.690773
vn -1.000000 0.000000 0.000000
f 901/901/901 902/902/902 903/903/903
v 2.912261 -1.164904 -6.406973 0.51171 0.29660 0.26080
vt 0.673044 0.479580
vn 1.000000 0.000000 0.000000
v 2.912261 -1.164904 -8.736782 0.51171 0.29660 0.26080
vt 0.715364 0.479997
vn 1.000000 0.000000 0.000000
v 2.912261 -0.582452 -8.736782 0.51171 0.29660 0.26080
vt 0.714339 0.491825
vn 1.000000 0.000000 0.000000
f 904/904/904 905/905/905 906/906/906
v 2.912261 -1.164904 -6.406973 0.89218 0.89750 0.86170
vt 0.673044 0.479580
vn 1.000000 -0.000000 0.000000
v 2.912261 -0.582452 -8.736782 0.89218 0.89750 0.86170
vt 0.714339 0.491825
vn 1.000000 -0.000000 0.000000
v 2.912261 -0.582452 -6.406973 0.89218 0.89750 0.86170
vt 0.671540 0.491941
vn 1.000000 -0.000000 0.000000
f 907/907/907 908/908/908 909/909/909
v 2.912261 -0.582452 -9.901686 0.75630 0.15770 0.15512
vt 0.366378 0.667339
vn -1.000000 0.000000 -0.000000
v 2.912261 -0.582452 -12.231495 0.75630 0.15770 0.15512
vt 0.397098 0.664797
vn -1.000000 0.000000 -0.000000
v 2.912261 -1.164904 -12.231495 0.75630 0.15770 0.15512
vt 0.398434 0.687962
vn -1.000000 0.000000 -0.000000
f 910/910/910 911/911/911 912/912/912
v 2.912261 -0.582452 -9.901686 0.73818 0.19695 0.18229
vt 0.366378 0.667339
vn -1.000000 -0.000000 0.000000
v 2.912261 -1.164904 -12.231495 0.73818 0.19695 0.18229
vt 0.398434 0.687962
vn -1.000000 -0.000000 0.000000
v 2.912261 -1.164904 -9.901686 0.73818 0.19695 0.18229
vt 0.367674 0.689798
vn -1.000000 -0.000000 0.000000
f 913/913/913 914/914/914 915/915/915
v 2.912261 -0.582452 -9.901686 0.51171 0.29358 0.27288
vt 0.736036 0.492008
vn 1.000000 0.000000 0.000000
v 2.912261 -1.164904 -9.901686 0.51171 0.29358 0.27288
vt 0.737269 0.480178
vn 1.000000 0.000000 0.000000
v 2.912261 -1.164904 -12.231495 0.51171 0.29358 0.27288
vt 0.778574 0.480857
vn 1.000000 0.000000 0.000000
f 916/916/916 917/917/917 918/918/918
v 2.912261 -0.582452 -9.901686 0.52681 0.28754 0.27288
vt 0.736036 0.492008
vn 1.000000 0.000000 0.000000
v 2.912261 -1.164904 -12.231495 0.52681 0.28754 0.27288
vt 0.778574 0.480857
vn 1.000000 0.000000 0.000000
v 2.912261 -0.582452 -12.231495 0.52681 0.28754 0.27288
vt 0.777185 0.493045
vn 1.000000 0.000000 0.000000
f 919/919/919 920/920/920 921/921/921
v 2.329809 -1.747356 11.649043 0.91030 0.90656 0.87680
vt 0.644194 0.466066
vn -0.707107 0.707107 0.000000
v 2.912261 -1.164904 11.649043 0.91030 0.90656 0.87680
vt 0.650090 0.507895
vn -0.707107 0.707107 0.000000
v 2.912261 -1.164904 11.066590 0.91030 0.90656 0.87680
vt 0.640390 0.487797
vn -0.707107 0.707107 0.000000
f 922/922/922 923/923/923 924/924/924
v 2.329809 -1.747356 11.649043 0.91030 0.91260 0.88888
vt 0.644194 0.466066
vn -0.707107 0.707107 0.000000
v 2.912261 -1.164904 11.066590 0.91030 0.91260 0.88888
vt 0.640390 0.487797
vn -0.707107 0.707107 0.000000
v 2.329809 -1.747356 11.066590 0.91030 0.91260 0.88888
vt 0.636625 0.465559
vn -0.707107 0.707107 0.000000
f 925/925/925 926/926/926 927/927/927
v 0.000000 -2.329809 11.649043 0.16144 0.26036 0.33025
vt 0.860550 0.605583
vn 0.000000 0.000000 -1.000000
v 0.000000 -1.164904 11.649043 0.16144 0.26036 0.33025
vt 0.944485 0.608488
vn 0.000000 0.000000 -1.000000
v 0.582452 -1.164904 11.649043 0.16144 0.26036 0.33025
vt 0.943453 0.629592
vn 0.000000 0.000000 -1.000000
f 928/928/928 929/929/929 930/930/930
v 0.000000 -2.329809 11.649043 0.15540 0.26036 0.33025
vt 0.860550 0.605583
vn 0.000000 0.000000 -1.000000
v 0.582452 -1.164904 11.649043 0.15540 0.26036 0.33025
vt 0.943453 0.629592
vn 0.000000 0.000000 -1.000000
v 0.582452 -2.329809 11.649043 0.15540 0.26036 0.33025
vt 0.859454 0.626327
vn 0.000000 0.000000 -1.000000
f 931/931/931 932/932/932 933/933/933
v 2.912261 -1.164904 13.396399 0.73516 0.19393 0.17323
vt 0.959810 0.692252
vn 0.000000 1.000000 0.000000
v 2.912261 -1.164904 12.813947 0.73516 0.19393 0.17323
vt 0.952182 0.693770
vn 0.000000 1.000000 0.000000
v 1.164904 -1.164904 12.813947 0.73516 0.19393 0.17323
vt 0.953730 0.651608
vn 0.000000 1.000000 0.000000
f 934/934/934 935/935/935 936/936/936
v 2.912261 -1.164904 13.396399 0.74422 0.21507 0.17323
vt 0.959810 0.692252
vn 0.000000 1.000000 0.000000
v 1.164904 -1.164904 12.813947 0.74422 0.21507 0.17323
vt 0.953730 0.651608
vn 0.000000 1.000000 0.000000
v 1.164904 -1.164904 13.396399 0.74422 0.21507 0.17323
vt 0.961496 0.651914
vn 0.000000 1.000000 0.000000
f 937/937/937 938/938/938 939/939/939
v 0.582452 -1.164904 12.813947 0.14634 0.26640 0.33025
vt 0.954677 0.630068
vn 0.000000 1.000000 0.000000
v 0.000000 -1.164904 12.813947 0.14634 0.26640 0.33025
vt 0.955432 0.608823
vn 0.000000 1.000000 0.000000
v 0.000000 -1.164904 13.396399 0.14634 0.26640 0.33025
vt 0.963268 0.609084
vn 0.000000 1.000000 0.000000
f 940/940/940 941/941/941 942/942/942
v 0.582452 -1.164904 12.813947 0.14936 0.26942 0.33327
vt 0.954677 0.630068
vn 0.000000 1.000000 -0.000000
v 0.000000 -1.164904 13.396399 0.14936 0.26942 0.33327
vt 0.963268 0.609084
vn 0.000000 1.000000 -0.000000
v 0.582452 -1.164904 13.396399 0.14936 0.26942 0.33327
vt 0.962429 0.630415
vn 0.000000 1.000000 -0.000000
f 943/943/943 944/944/944 945/945/945
v 2.329809 -0.582452 13.978851 0.52077 0.29660 0.27590
vt 0.021188 0.395890
vn 0.000000 1.000000 0.000000
v 2.912261 -0.582452 13.396399 0.52077 0.29660 0.27590
vt 0.024935 0.386931
vn 0.000000 1.000000 0.000000
v 2.329809 -0.582452 13.396399 0.52077 0.29660 0.27590
vt 0.026498 0.389389
vn 0.000000 1.000000 0.000000
f 946/946/946 947/947/947 948/948/948
v 2.329809 -1.164904 13.978851 0.72912 0.20903 0.17927
vt 0.968327 0.684588
vn 0.000000 1.000000 0.000000
v 2.912261 -1.164904 13.396399 0.72912 0.20903 0.17927
vt 0.959810 0.692252
vn 0.000000 1.000000 0.000000
v 1.164904 -1.164904 13.396399 0.72912 0.20903 0.17927
vt 0.961496 0.651914
vn 0.000000 1.000000 0.000000
f 949/949/949 950/950/950 951/951/951
v 2.329809 -1.164904 13.978851 0.74422 0.16978 0.15814
vt 0.968327 0.684588
vn 0.000000 1.000000 0.000000
v 1.164904 -1.164904 13.396399 0.74422 0.16978 0.15814
vt 0.961496 0.651914
vn 0.000000 1.000000 0.000000
v 1.164904 -1.164904 13.978851 0.74422 0.16978 0.15814
vt 0.970147 0.652342
vn 0.000000 1.000000 0.000000
f 952/952/952 953/953/953 954/954/954
v 0.582452 -1.164904 13.396399 0.15540 0.26640 0.33931
vt 0.962429 0.630415
vn 0.000000 1.000000 0.000000
v 0.000000 -1.164904 13.396399 0.15540 0.26640 0.33931
vt 0.963268 0.609084
vn 0.000000 1.000000 0.000000
v 0.000000 -1.164904 13.978851 0.15540 0.26640 0.33931
vt 0.972282 0.609386
vn 0.000000 1.000000 0.000000
f 955/955/955 956/956/956 957/957/957
v 0.582452 -1.164904 13.396399 0.14634 0.26640 0.33025
vt 0.962429 0.630415
vn 0.000000 1.000000 -0.000000
v 0.000000 -1.164904 13.978851 0.14634 0.26640 0.33025
vt 0.972282 0.609386
vn 0.000000 1.000000 -0.000000
v 0.582452 -1.164904 13.978851 0.14634 0.26640 0.33025
vt 0.971237 0.630908
vn 0.000000 1.000000 -0.000000
f 958/958/958 959/959/959 960/960/960
v 1.164904 -1.164904 13.978851 0.75026 0.16374 0.13700
vt 0.970147 0.652342
vn 0.000000 1.000000 0.000000
v 1.164904 -1.164904 15.143755 0.75026 0.16374 0.13700
vt 0.978235 0.652759
vn 0.000000 1.000000 0.000000
v 1.747356 -1.164904 14.561303 0.75026 0.16374 0.13700
vt 0.974271 0.670117
vn 0.000000 1.000000 0.000000
f 961/961/961 962/962/962 963/963/963
v 1.164904 -1.164904 13.978851 0.75026 0.16978 0.14002
vt 0.970147 0.652342
vn 0.000000 1.000000 0.000000
v 1.747356 -1.164904 14.561303 0.75026 0.16978 0.14002
vt 0.974271 0.670117
vn 0.000000 1.000000 0.000000
v 2.329809 -1.164904 13.978851 0.75026 0.16978 0.14002
vt 0.968327 0.684588
vn 0.000000 1.000000 0.000000
f 964/964/964 965/965/965 966/966/966
v 0.582452 -1.164904 15.143755 0.15238 0.26338 0.33629
vt 0.981574 0.631493
vn 0.000000 1.000000 0.000000
v 0.582452 -1.164904 13.978851 0.15238 0.26338 0.33629
vt 0.971237 0.630908
vn 0.000000 1.000000 0.000000
v 0.000000 -1.164904 13.978851 0.15238 0.26338 0.33629
vt 0.972282 0.609386
vn 0.000000 1.000000 0.000000
f 967/967/967 968/968/968 969/969/969
v 0.582452 -1.164904 15.143755 0.15540 0.26640 0.33931
vt 0.981574 0.631493
vn 0.000000 1.000000 0.000000
v 0.000000 -1.164904 13.978851 0.15540 0.26640 0.33931
vt 0.972282 0.609386
vn 0.000000 1.000000 0.000000
v 0.000000 -1.164904 15.143755 0.15540 0.26640 0.33931
vt 0.983810 0.609784
vn 0.000000 1.000000 0.000000
f 970/970/970 971/971/971 972/972/972
v 1.747356 -3.494713 -14.561303 0.51775 0.29358 0.27288
vt 0.867947 0.354218
vn 0.577350 -0.577350 -0.577350
v 1.164904 -4.077165 -14.561303 0.51775 0.29358 0.27288
vt 0.904510 0.334413
vn 0.577350 -0.577350 -0.577350
v 1.164904 -3.494713 -15.143755 0.51775 0.29358 0.27288
vt 0.894159 0.373420
vn 0.577350 -0.577350 -0.577350
f 973/973/973 974/974/974 975/975/975
v 1.747356 -3.494713 -14.561303 0.51775 0.29358 0.27288
vt 0.867947 0.354218
vn 0.577350 -0.577350 -0.577350
v 1.164904 -3.494713 -15.143755 0.51775 0.29358 0.27288
vt 0.894159 0.373420
vn 0.577350 -0.577350 -0.577350
v 2.329809 -2.912261 -14.561303 0.51775 0.29358 0.27288
vt 0.855564 0.387173
vn 0.577350 -0.577350 -0.577350
f 976/976/976 977/977/977 978/978/978
v 1.164904 -4.077165 11.649043 0.91030 0.91260 0.89190
vt 0.207616 0.342270
vn 0.707107 -0.707107 0.000000
v 1.164904 -4.077165 11.066590 0.91030 0.91260 0.89190
vt 0.209006 0.341218
vn 0.707107 -0.707107 0.000000
v 1.747356 -3.494713 11.066590 0.91030 0.91260 0.89190
vt 0.249443 0.362633
vn 0.707107 -0.707107 0.000000
f 979/979/979 980/980/980 981/981/981
v 1.747356 -3.494713 -5.824521 0.91030 0.91260 0.89190
vt 0.658534 0.345687
vn 0.707107 -0.707107 0.000000
v 1.164904 -4.077165 -5.824521 0.91030 0.91260 0.89190
vt 0.658231 0.318692
vn 0.707107 -0.707107 0.000000
v 1.164904 -4.077165 -8.154330 0.91030 0.91260 0.89190
vt 0.709921 0.319769
vn 0.707107 -0.707107 0.000000
f 982/982/982 983/983/983 984/984/984
v 1.747356 -3.494713 -5.824521 0.51775 0.29358 0.27288
vt 0.658534 0.345687
vn 0.707107 -0.707107 0.000000
v 1.164904 -4.077165 -8.154330 0.51775 0.29358 0.27288
vt 0.709921 0.319769
vn 0.707107 -0.707107 0.000000
v 1.747356 -3.494713 -8.154330 0.51775 0.29358 0.27288
vt 0.704889 0.346338
vn 0.707107 -0.707107 0.000000
f 985/985/985 986/986/986 987/987/987
v 1.164904 -4.077165 -11.649043 0.51775 0.29358 0.27288
vt 0.766485 0.319524
vn 0.707107 -0.707107 0.000000
v 1.747356 -3.494713 -12.231495 0.51775 0.29358 0.27288
vt 0.776314 0.346408
vn 0.707107 -0.707107 0.000000
v 1.747356 -3.494713 -11.066590 0.51775 0.29358 0.27288
vt 0.762495 0.346673
vn 0.707107 -0.707107 0.000000
f 988/988/988 989/989/989 990/990/990
v 1.164904 -3.494713 12.813947 0.91030 0.91260 0.89190
vt 0.201481 0.364421
vn 0.577350 -0.577350 0.577350
v 1.164904 -4.077165 12.231495 0.91030 0.91260 0.89190
vt 0.203119 0.351138
vn 0.577350 -0.577350 0.577350
v 1.747356 -3.494713 12.231495 0.91030 0.91260 0.89190
vt 0.237007 0.373607
vn 0.577350 -0.577350 0.577350
f 991/991/991 992/992/992 993/993/993
v 1.164904 -3.494713 12.813947 0.91030 0.91260 0.89190
vt 0.201481 0.364421
vn 0.577350 -0.577350 0.577350
v 1.747356 -3.494713 12.231495 0.91030 0.91260 0.89190
vt 0.237007 0.373607
vn 0.577350 -0.577350 0.577350
v 1.747356 -2.912261 12.813947 0.91030 0.91260 0.89190
vt 0.234715 0.384525
vn 0.577350 -0.577350 0.577350
f 994/994/994 995/995/995 996/996/996
v 1.164904 -4.077165 -11.649043 0.51775 0.29358 0.27288
vt 0.771894 0.319375
vn 0.000000 -1.000000 0.000000
v 1.164904 -4.077165 -13.978851 0.51775 0.29358 0.27288
vt 0.814798 0.316055
vn 0.000000 -1.000000 0.000000
v 1.747356 -4.077165 -13.978851 0.51775 0.29358 0.27288
vt 0.809313 0.344278
vn 0.000000 -1.000000 0.000000
f 997/997/997 998/998/998 999/999/999
v 1.164904 -4.077165 -11.649043 0.51775 0.29358 0.27288
vt 0.771894 0.319375
vn 0.784465 -0.588348 0.196116
v 1.747356 -4.077165 -13.978851 0.51775 0.29358 0.27288
vt 0.809313 0.344278
vn 0.784465 -0.588348 0.196116
v 1.747356 -3.494713 -12.231495 0.51775 0.29358 0.27288
vt 0.776314 0.346408
vn 0.784465 -0.588348 0.196116
f 1000/1000/1000 1001/1001/1001 1002/1002/1002
v 1.747356 -2.329809 -15.143755 0.51775 0.29358 0.27288
vt 0.888756 0.430616
vn 0.707107 0.000000 -0.707107
v 1.747356 -1.747356 -15.143755 0.51775 0.29358 0.27288
vt 0.885241 0.451757
vn 0.707107 0.000000 -0.707107
v 2.329809 -1.747356 -14.561303 0.51775 0.29358 0.27288
vt 0.841155 0.453205
vn 0.707107 0.000000 -0.707107
f 1003/1003/1003 1004/1004/1004 1005/1005/1005
v 1.747356 -2.329809 -15.143755 0.51775 0.29358 0.27288
vt 0.888756 0.430616
vn 0.707107 0.000000 -0.707107
v 2.329809 -1.747356 -14.561303 0.51775 0.29358 0.27288
vt 0.841155 0.453205
vn 0.707107 0.000000 -0.707107
v 2.329809 -2.329809 -14.561303 0.51775 0.29358 0.27288
vt 0.848458 0.427521
vn 0.707107 0.000000 -0.707107
f 1006/1006/1006 1007/1007/1007 1008/1008/1008
v 1.747356 -3.494713 7.571878 0.60230 0.60460 0.56880
vt 0.422692 0.348579
vn 0.707107 -0.707107 0.000000
v 1.164904 -4.077165 8.736782 0.60230 0.60460 0.56880
vt 0.402126 0.322275
vn 0.707107 -0.707107 0.000000
v 1.164904 -4.077165 5.242069 0.60230 0.60460 0.56880
vt 0.462832 0.319809
vn 0.707107 -0.707107 0.000000
f 1009/1009/1009 1010/1010/1010 1011/1011/1011
v 1.747356 -3.494713 7.571878 0.91030 0.88542 0.84661
vt 0.422692 0.348579
vn 0.707107 -0.707107 0.000000
v 1.164904 -4.077165 5.242069 0.91030 0.88542 0.84661
vt 0.462832 0.319809
vn 0.707107 -0.707107 0.000000
v 1.747356 -3.494713 3.494713 0.91030 0.88542 0.84661
vt 0.496822 0.346583
vn 0.707107 -0.707107 0.000000
f 1012/1012/1012 1013/1013/1013 1014/1014/1014
v 1.747356 -3.494713 3.494713 0.51775 0.29358 0.27288
vt 0.496822 0.346583
vn 0.707107 -0.707107 0.000000
v 1.164904 -4.077165 5.242069 0.51775 0.29358 0.27288
vt 0.462832 0.319809
vn 0.707107 -0.707107 0.000000
v 1.164904 -4.077165 -3.494713 0.51775 0.29358 0.27288
vt 0.619128 0.318285
vn 0.707107 -0.707107 0.000000
f 1015/1015/1015 1016/1016/1016 1017/1017/1017
v 1.747356 -3.494713 3.494713 0.51775 0.29358 0.27288
vt 0.496822 0.346583
vn -0.195180 -0.975900 0.097590
v 1.164904 -4.077165 -3.494713 0.51775 0.29358 0.27288
vt 0.619128 0.318285
vn -0.195180 -0.975900 0.097590
v 1.747356 -4.077165 -2.329809 0.51775 0.29358 0.27288
vt 0.601029 0.345553
vn -0.195180 -0.975900 0.097590
f 1018/1018/1018 1019/1019/1019 1020/1020/1020
v 1.164904 -4.077165 -3.494713 0.91030 0.91260 0.89190
vt 0.619128 0.318285
vn 0.707107 -0.707107 0.000000
v 1.164904 -4.077165 -5.824521 0.91030 0.91260 0.89190
vt 0.658231 0.318692
vn 0.707107 -0.707107 0.000000
v 1.747356 -3.494713 -5.824521 0.91030 0.91260 0.89190
vt 0.658534 0.345687
vn 0.707107 -0.707107 0.000000
f 1021/1021/1021 1022/1022/1022 1023/1023/1023
v 1.164904 -4.077165 -3.494713 0.91030 0.91260 0.89190
vt 0.619128 0.318285
vn 0.312348 -0.937043 -0.156174
v 1.747356 -3.494713 -5.824521 0.91030 0.91260 0.89190
vt 0.658534 0.345687
vn 0.312348 -0.937043 -0.156174
v 1.747356 -4.077165 -2.329809 0.91030 0.91260 0.89190
vt 0.601029 0.345553
vn 0.312348 -0.937043 -0.156174
f 1024/1024/1024 1025/1025/1025 1026/1026/1026
v 1.164904 -4.077165 10.484138 0.50869 0.29660 0.27288
vt 0.368684 0.324374
vn 0.707107 -0.707107 0.000000
v 1.164904 -4.077165 8.736782 0.50869 0.29660 0.27288
vt 0.402126 0.322275
vn 0.707107 -0.707107 0.000000
v 1.747356 -3.494713 7.571878 0.50869 0.29660 0.27288
vt 0.422692 0.348579
vn 0.707107 -0.707107 0.000000
f 1027/1027/1027 1028/1028/1028 1029/1029/1029
v 1.164904 -4.077165 10.484138 0.64457 0.51099 0.52049
vt 0.368684 0.324374
vn 0.707107 -0.707107 0.000000
v 1.747356 -3.494713 7.571878 0.64457 0.51099 0.52049
vt 0.422692 0.348579
vn 0.707107 -0.707107 0.000000
v 1.747356 -3.494713 9.901686 0.64457 0.51099 0.52049
vt 0.379102 0.351064
vn 0.707107 -0.707107 0.000000
f 1030/1030/1030 1031/1031/1031 1032/1032/1032
v 1.164904 -4.077165 11.066590 0.91030 0.89448 0.87378
vt 0.349827 0.327381
vn 0.707107 -0.707107 0.000000
v 1.164904 -4.077165 10.484138 0.91030 0.89448 0.87378
vt 0.368684 0.324374
vn 0.707107 -0.707107 0.000000
v 1.747356 -3.494713 9.901686 0.91030 0.89448 0.87378
vt 0.379102 0.351064
vn 0.707107 -0.707107 0.000000
f 1033/1033/1033 1034/1034/1034 1035/1035/1035
v 1.164904 -4.077165 11.066590 0.90728 0.89146 0.88284
vt 0.349827 0.327381
vn 0.707107 -0.707107 0.000000
v 1.747356 -3.494713 9.901686 0.90728 0.89146 0.88284
vt 0.379102 0.351064
vn 0.707107 -0.707107 0.000000
v 1.747356 -3.494713 11.066590 0.90728 0.89146 0.88284
vt 0.356492 0.353875
vn 0.707107 -0.707107 0.000000
f 1036/1036/1036 1037/1037/1037 1038/1038/1038
v 2.329809 -3.494713 -14.561303 0.51775 0.29358 0.27288
vt 0.843432 0.376997
vn 0.707107 -0.707107 0.000000
v 2.329809 -3.494713 -13.396399 0.51775 0.29358 0.27288
vt 0.826479 0.375216
vn 0.707107 -0.707107 0.000000
v 1.747356 -4.077165 -13.978851 0.51775 0.29358 0.27288
vt 0.860517 0.347827
vn 0.707107 -0.707107 0.000000
f 1039/1039/1039 1040/1040/1040 1041/1041/1041
v 2.329809 -3.494713 -14.561303 0.51775 0.29358 0.27288
vt 0.843432 0.376997
vn -0.000000 -0.707107 -0.707107
v 1.747356 -4.077165 -13.978851 0.51775 0.29358 0.27288
vt 0.860517 0.347827
vn -0.000000 -0.707107 -0.707107
v 1.747356 -3.494713 -14.561303 0.51775 0.29358 0.27288
vt 0.867947 0.354218
vn -0.000000 -0.707107 -0.707107
f 1042/1042/1042 1043/1043/1043 1044/1044/1044
v 1.747356 -2.912261 12.813947 0.91030 0.91260 0.89190
vt 0.258901 0.400365
vn 1.000000 0.000000 0.000000
v 1.747356 -2.329809 12.813947 0.91030 0.91260 0.89190
vt 0.275859 0.423579
vn 1.000000 0.000000 0.000000
v 1.747356 -2.912261 13.396399 0.91030 0.91260 0.89190
vt 0.244143 0.409184
vn 1.000000 0.000000 0.000000
f 1045/1045/1045 1046/1046/1046 1047/1047/1047
v 2.329809 -1.747356 13.396399 0.86803 0.86127 0.86472
vt 0.296537 0.454657
vn 0.801784 -0.267261 0.534522
v 2.329809 -0.582452 13.978851 0.86803 0.86127 0.86472
vt 0.310238 0.494059
vn 0.801784 -0.267261 0.534522
v 1.747356 -1.164904 14.561303 0.86803 0.86127 0.86472
vt 0.281027 0.494012
vn 0.801784 -0.267261 0.534522
f 1048/1048/1048 1049/1049/1049 1050/1050/1050
v 2.329809 -1.747356 13.396399 0.91030 0.91260 0.89190
vt 0.296537 0.454657
vn 0.577350 -0.577350 0.577350
v 1.747356 -1.164904 14.561303 0.91030 0.91260 0.89190
vt 0.281027 0.494012
vn 0.577350 -0.577350 0.577350
v 1.747356 -1.747356 13.978851 0.91030 0.91260 0.89190
vt 0.266192 0.446548
vn 0.577350 -0.577350 0.577350
f 1051/1051/1051 1052/1052/1052 1053/1053/1053
v 2.329809 -2.329809 -14.561303 0.51775 0.29358 0.27288
vt 0.848458 0.427521
vn 0.000000 -0.707107 -0.707107
v 2.912261 -2.329809 -14.561303 0.51775 0.29358 0.27288
vt 0.822623 0.427554
vn 0.000000 -0.707107 -0.707107
v 2.329809 -2.912261 -13.978851 0.51775 0.29358 0.27288
vt 0.827687 0.398475
vn 0.000000 -0.707107 -0.707107
f 1054/1054/1054 1055/1055/1055 1056/1056/1056
v 2.329809 -2.329809 -14.561303 0.51775 0.29358 0.27288
vt 0.848458 0.427521
vn 1.000000 0.000000 0.000000
v 2.329809 -2.912261 -13.978851 0.51775 0.29358 0.27288
vt 0.827687 0.398475
vn 1.000000 0.000000 0.000000
v 2.329809 -2.912261 -14.561303 0.51775 0.29358 0.27288
vt 0.855564 0.387173
vn 1.000000 0.000000 0.000000
f 1057/1057/1057 1058/1058/1058 1059/1059/1059
v 1.164904 -1.747356 14.561303 0.91030 0.91260 0.89190
vt 0.233366 0.442124
vn 0.000000 -0.707107 0.707107
v 1.164904 -2.912261 13.396399 0.91030 0.91260 0.89190
vt 0.213098 0.396673
vn 0.000000 -0.707107 0.707107
v 1.747356 -2.912261 13.396399 0.91030 0.91260 0.89190
vt 0.244143 0.409184
vn 0.000000 -0.707107 0.707107
f 1060/1060/1060 1061/1061/1061 1062/1062/1062
v 1.164904 -1.747356 14.561303 0.91030 0.91260 0.89190
vt 0.233366 0.442124
vn 0.666667 -0.333333 0.666667
v 1.747356 -2.912261 13.396399 0.91030 0.91260 0.89190
vt 0.244143 0.409184
vn 0.666667 -0.333333 0.666667
v 1.747356 -1.747356 13.978851 0.91030 0.91260 0.89190
vt 0.266192 0.446548
vn 0.666667 -0.333333 0.666667
f 1063/1063/1063 1064/1064/1064 1065/1065/1065
v 2.912261 -1.164904 -14.561303 0.51775 0.29358 0.27288
vt 0.812491 0.481447
vn 0.000000 -0.000000 -1.000000
v 2.912261 -1.747356 -14.561303 0.51775 0.29358 0.27288
vt 0.818180 0.453263
vn 0.000000 -0.000000 -1.000000
v 2.329809 -1.747356 -14.561303 0.51775 0.29358 0.27288
vt 0.841155 0.453205
vn 0.000000 -0.000000 -1.000000
f 1066/1066/1066 1067/1067/1067 1068/1068/1068
v 1.164904 -4.077165 12.231495 0.91030 0.91260 0.89190
vt 0.203119 0.351138
vn 0.707107 -0.707107 0.000000
v 1.164904 -4.077165 11.649043 0.91030 0.91260 0.89190
vt 0.205112 0.346944
vn 0.707107 -0.707107 0.000000
v 1.747356 -3.494713 11.649043 0.91030 0.91260 0.89190
vt 0.241010 0.368838
vn 0.707107 -0.707107 0.000000
f 1069/1069/1069 1070/1070/1070 1071/1071/1071
v 1.164904 -4.077165 12.231495 0.91030 0.91260 0.89190
vt 0.203119 0.351138
vn 0.707107 -0.707107 0.000000
v 1.747356 -3.494713 11.649043 0.91030 0.91260 0.89190
vt 0.241010 0.368838
vn 0.707107 -0.707107 0.000000
v 1.747356 -3.494713 12.231495 0.91030 0.91260 0.89190
vt 0.237007 0.373607
vn 0.707107 -0.707107 0.000000
f 1072/1072/1072 1073/1073/1073 1074/1074/1074
v 1.164904 -4.077165 -9.901686 0.51775 0.29358 0.27288
vt 0.735316 0.319717
vn 0.707107 -0.707107 0.000000
v 1.164904 -4.077165 -10.484138 0.51775 0.29358 0.27288
vt 0.745182 0.319675
vn 0.707107 -0.707107 0.000000
v 1.747356 -3.494713 -10.484138 0.51775 0.29358 0.27288
vt 0.744368 0.346580
vn 0.707107 -0.707107 0.000000
f 1075/1075/1075 1076/1076/1076 1077/1077/1077
v 1.164904 -4.077165 -9.901686 0.51775 0.29358 0.27288
vt 0.735316 0.319717
vn 0.707107 -0.707107 0.000000
v 1.747356 -3.494713 -10.484138 0.51775 0.29358 0.27288
vt 0.744368 0.346580
vn 0.707107 -0.707107 0.000000
v 1.747356 -3.494713 -9.901686 0.51775 0.29358 0.27288
vt 0.734996 0.346523
vn 0.707107 -0.707107 0.000000
f 1078/1078/1078 1079/1079/1079 1080/1080/1080
v 1.164904 -4.077165 -8.736782 0.51775 0.29358 0.27288
vt 0.716155 0.319864
vn 0.707107 -0.707107 0.000000
v 1.164904 -4.077165 -9.901686 0.51775 0.29358 0.27288
vt 0.735316 0.319717
vn 0.707107 -0.707107 0.000000
v 1.747356 -3.494713 -9.901686 0.51775 0.29358 0.27288
vt 0.734996 0.346523
vn 0.707107 -0.707107 0.000000
f 1081/1081/1081 1082/1082/1082 1083/1083/1083
v 1.164904 -4.077165 -8.736782 0.51775 0.29358 0.27288
vt 0.716155 0.319864
vn 0.707107 -0.707107 0.000000
v 1.747356 -3.494713 -9.901686 0.51775 0.29358 0.27288
vt 0.734996 0.346523
vn 0.707107 -0.707107 0.000000
v 1.747356 -3.494713 -8.736782 0.51775 0.29358 0.27288
vt 0.721122 0.346504
vn 0.707107 -0.707107 0.000000
f 1084/1084/1084 1085/1085/1085 1086/1086/1086
v 1.164904 -4.077165 -8.154330 0.51775 0.29358 0.27288
vt 0.709921 0.319769
vn 0.707107 -0.707107 0.000000
v 1.164904 -4.077165 -8.736782 0.51775 0.29358 0.27288
vt 0.716155 0.319864
vn 0.707107 -0.707107 0.000000
v 1.747356 -3.494713 -8.736782 0.51775 0.29358 0.27288
vt 0.721122 0.346504
vn 0.707107 -0.707107 0.000000
f 1087/1087/1087 1088/1088/1088 1089/1089/1089
v 1.164904 -4.077165 -8.154330 0.51775 0.29358 0.27288
vt 0.709921 0.319769
vn 0.707107 -0.707107 0.000000
v 1.747356 -3.494713 -8.736782 0.51775 0.29358 0.27288
vt 0.721122 0.346504
vn 0.707107 -0.707107 0.000000
v 1.747356 -3.494713 -8.154330 0.51775 0.29358 0.27288
vt 0.704889 0.346338
vn 0.707107 -0.707107 0.000000
f 1090/1090/1090 1091/1091/1091 1092/1092/1092
v 1.164904 -4.077165 -10.484138 0.51775 0.29358 0.27288
vt 0.748223 0.319717
vn 0.707107 -0.707107 0.000000
v 1.164904 -4.077165 -11.649043 0.51775 0.29358 0.27288
vt 0.766485 0.319524
vn 0.707107 -0.707107 0.000000
v 1.747356 -3.494713 -11.066590 0.51775 0.29358 0.27288
vt 0.762495 0.346673
vn 0.707107 -0.707107 0.000000
f 1093/1093/1093 1094/1094/1094 1095/1095/1095
v 1.164904 -4.077165 -10.484138 0.51775 0.29358 0.27288
vt 0.748223 0.319717
vn 0.707107 -0.707107 0.000000
v 1.747356 -3.494713 -11.066590 0.51775 0.29358 0.27288
vt 0.762495 0.346673
vn 0.707107 -0.707107 0.000000
v 1.747356 -3.494713 -10.484138 0.51775 0.29358 0.27288
vt 0.750340 0.346673
vn 0.707107 -0.707107 0.000000
f 1096/1096/1096 1097/1097/1097 1098/1098/1098
v 2.912261 -1.164904 11.649043 0.91030 0.91260 0.89190
vt 0.026292 0.363557
vn 0.000000 0.000000 -1.000000
v 1.164904 -1.164904 11.649043 0.91030 0.91260 0.89190
vt 0.053239 0.338006
vn 0.000000 0.000000 -1.000000
v 1.164904 -0.582452 11.649043 0.91030 0.91260 0.89190
vt 0.063493 0.348478
vn 0.000000 0.000000 -1.000000
f 1099/1099/1099 1100/1100/1100 1101/1101/1101
v 2.912261 -1.164904 11.649043 0.91030 0.91260 0.89190
vt 0.026292 0.363557
vn 0.000000 0.000000 -1.000000
v 1.164904 -0.582452 11.649043 0.91030 0.91260 0.89190
vt 0.063493 0.348478
vn 0.000000 0.000000 -1.000000
v 2.912261 -0.582452 11.649043 0.91030 0.91260 0.89190
vt 0.036800 0.374247
vn 0.000000 0.000000 -1.000000
f 1102/1102/1102 1103/1103/1103 1104/1104/1104
v 1.164904 -1.164904 11.649043 0.91030 0.91260 0.89190
vt 0.073876 0.359543
vn 0.000000 0.000000 1.000000
v 2.912261 -1.164904 11.649043 0.91030 0.91260 0.89190
vt 0.047427 0.385705
vn 0.000000 0.000000 1.000000
v 2.912261 -0.582452 11.649043 0.91030 0.91260 0.89190
vt 0.036482 0.375675
vn 0.000000 0.000000 1.000000
f 1105/1105/1105 1106/1106/1106 1107/1107/1107
v 1.164904 -1.164904 11.649043 0.91030 0.91260 0.89190
vt 0.073876 0.359543
vn 0.000000 0.000000 1.000000
v 2.912261 -0.582452 11.649043 0.91030 0.91260 0.89190
vt 0.036482 0.375675
vn 0.000000 0.000000 1.000000
v 1.164904 -0.582452 11.649043 0.91030 0.91260 0.89190
vt 0.063819 0.348994
vn 0.000000 0.000000 1.000000
f 1108/1108/1108 1109/1109/1109 1110/1110/1110
v 2.912261 -1.164904 12.813947 0.75026 0.68613 0.65939
vt 0.042424 0.391903
vn -1.000000 0.000000 0.000000
v 2.912261 -0.582452 12.813947 0.75026 0.68613 0.65939
vt 0.030549 0.383447
vn -1.000000 0.000000 0.000000
v 2.912261 -0.582452 11.649043 0.75026 0.68613 0.65939
vt 0.036482 0.375675
vn -1.000000 0.000000 0.000000
f 1111/1111/1111 1112/1112/1112 1113/1113/1113
v 2.912261 -1.164904 12.813947 0.91030 0.85523 0.83151
vt 0.042424 0.391903
vn -1.000000 0.000000 0.000000
v 2.912261 -0.582452 11.649043 0.91030 0.85523 0.83151
vt 0.036482 0.375675
vn -1.000000 0.000000 0.000000
v 2.912261 -1.164904 11.649043 0.91030 0.85523 0.83151
vt 0.047427 0.385705
vn -1.000000 0.000000 0.000000
f 1114/1114/1114 1115/1115/1115 1116/1116/1116
v 2.912261 -1.164904 13.396399 0.52077 0.29660 0.27590
vt 0.039366 0.396600
vn -0.707107 0.000000 -0.707107
v 2.329809 -1.164904 13.978851 0.52077 0.29660 0.27590
vt 0.035430 0.404293
vn -0.707107 0.000000 -0.707107
v 2.329809 -0.582452 13.978851 0.52077 0.29660 0.27590
vt 0.021890 0.398700
vn -0.707107 0.000000 -0.707107
f 1117/1117/1117 1118/1118/1118 1119/1119/1119
v 2.912261 -1.164904 13.396399 0.52077 0.29660 0.27590
vt 0.039366 0.396600
vn -0.707107 -0.707107 0.000000
v 2.329809 -0.582452 13.978851 0.52077 0.29660 0.27590
vt 0.021890 0.398700
vn -0.707107 -0.707107 0.000000
v 2.329809 -0.582452 13.396399 0.52077 0.29660 0.27590
vt 0.026498 0.389389
vn -0.707107 -0.707107 0.000000
f 1120/1120/1120 1121/1121/1121 1122/1122/1122
v 2.329809 -1.164904 13.978851 0.52077 0.29660 0.26986
vt 0.035430 0.404293
vn -0.707107 0.000000 -0.707107
v 1.747356 -1.164904 14.561303 0.52077 0.29660 0.26986
vt 0.032733 0.416102
vn -0.707107 0.000000 -0.707107
v 1.747356 -0.582452 14.561303 0.52077 0.29660 0.26986
vt 0.018574 0.412106
vn -0.707107 0.000000 -0.707107
f 1123/1123/1123 1124/1124/1124 1125/1125/1125
v 2.329809 -1.164904 13.978851 0.52077 0.29660 0.27590
vt 0.035430 0.404293
vn -0.707107 0.000000 -0.707107
v 1.747356 -0.582452 14.561303 0.52077 0.29660 0.27590
vt 0.018574 0.412106
vn -0.707107 0.000000 -0.707107
v 2.329809 -0.582452 13.978851 0.52077 0.29660 0.27590
vt 0.021890 0.398700
vn -0.707107 0.000000 -0.707107
f 1126/1126/1126 1127/1127/1127 1128/1128/1128
v 1.747356 -1.164904 14.561303 0.49661 0.30264 0.27288
vt 0.032733 0.416102
vn -0.707107 0.000000 -0.707107
v 1.164904 -1.164904 15.143755 0.49661 0.30264 0.27288
vt 0.030895 0.429924
vn -0.707107 0.000000 -0.707107
v 1.164904 -0.582452 15.143755 0.49661 0.30264 0.27288
vt 0.016349 0.427562
vn -0.707107 0.000000 -0.707107
f 1129/1129/1129 1130/1130/1130 1131/1131/1131
v 1.747356 -1.164904 14.561303 0.52077 0.29962 0.26382
vt 0.032733 0.416102
vn -0.707107 0.000000 -0.707107
v 1.164904 -0.582452 15.143755 0.52077 0.29962 0.26382
vt 0.016349 0.427562
vn -0.707107 0.000000 -0.707107
v 1.747356 -0.582452 14.561303 0.52077 0.29962 0.26382
vt 0.018574 0.412106
vn -0.707107 0.000000 -0.707107
f 1132/1132/1132 1133/1133/1133 1134/1134/1134
v 0.000000 -1.164904 15.143755 0.19163 0.23017 0.28496
vt 0.028442 0.464313
vn 0.000000 0.000000 -1.000000
v 0.000000 -0.582452 15.143755 0.19163 0.23017 0.28496
vt 0.013809 0.465049
vn 0.000000 0.000000 -1.000000
v 0.582452 -0.582452 15.143755 0.19163 0.23017 0.28496
vt 0.014410 0.446674
vn 0.000000 0.000000 -1.000000
f 1135/1135/1135 1136/1136/1136 1137/1137/1137
v 0.000000 -1.164904 15.143755 0.47850 0.30566 0.30912
vt 0.028442 0.464313
vn 0.000000 0.000000 -1.000000
v 0.582452 -0.582452 15.143755 0.47850 0.30566 0.30912
vt 0.014410 0.446674
vn 0.000000 0.000000 -1.000000
v 0.582452 -1.164904 15.143755 0.47850 0.30566 0.30912
vt 0.029131 0.446324
vn 0.000000 0.000000 -1.000000
f 1138/1138/1138 1139/1139/1139 1140/1140/1140
v 0.582452 -1.164904 15.143755 0.15540 0.26640 0.33931
vt 0.208313 0.496612
vn 0.000000 0.000000 1.000000
v 1.164904 -1.164904 15.143755 0.15540 0.26640 0.33931
vt 0.227680 0.495402
vn 0.000000 0.000000 1.000000
v 1.164904 -0.582452 15.143755 0.15540 0.26640 0.33931
vt 0.230471 0.507580
vn 0.000000 0.000000 1.000000
f 1141/1141/1141 1142/1142/1142 1143/1143/1143
v 0.582452 -1.164904 15.143755 0.15842 0.27244 0.33629
vt 0.208313 0.496612
vn 0.000000 0.000000 1.000000
v 1.164904 -0.582452 15.143755 0.15842 0.27244 0.33629
vt 0.230471 0.507580
vn 0.000000 0.000000 1.000000
v 0.582452 -0.582452 15.143755 0.15842 0.27244 0.33629
vt 0.210726 0.508764
vn 0.000000 0.000000 1.000000
f 1144/1144/1144 1145/1145/1145 1146/1146/1146
v 1.164904 -1.164904 15.143755 0.43320 0.38115 0.35139
vt 0.245889 0.494166
vn 0.707107 0.000000 0.707107
v 1.747356 -1.164904 14.561303 0.43320 0.38115 0.35139
vt 0.281027 0.494012
vn 0.707107 0.000000 0.707107
v 1.747356 -0.582452 14.561303 0.43320 0.38115 0.35139
vt 0.284689 0.506188
vn 0.707107 0.000000 0.707107
f 1147/1147/1147 1148/1148/1148 1149/1149/1149
v 1.164904 -1.164904 15.143755 0.31242 0.31472 0.33327
vt 0.245889 0.494166
vn 0.707107 -0.000000 0.707107
v 1.747356 -0.582452 14.561303 0.31242 0.31472 0.33327
vt 0.284689 0.506188
vn 0.707107 -0.000000 0.707107
v 1.164904 -0.582452 15.143755 0.31242 0.31472 0.33327
vt 0.248884 0.506399
vn 0.707107 -0.000000 0.707107
f 1150/1150/1150 1151/1151/1151 1152/1152/1152
v 1.747356 -1.164904 14.561303 0.14332 0.26942 0.33025
vt 0.281027 0.494012
vn 0.707107 -0.000000 0.707107
v 2.329809 -0.582452 13.978851 0.14332 0.26942 0.33025
vt 0.315549 0.506051
vn 0.707107 -0.000000 0.707107
v 1.747356 -0.582452 14.561303 0.14332 0.26942 0.33025
vt 0.284689 0.506188
vn 0.707107 -0.000000 0.707107
f 1153/1153/1153 1154/1154/1154 1155/1155/1155
v 2.912261 -0.582452 13.396399 0.23089 0.24829 0.29100
vt 0.328411 0.492634
vn 1.000000 0.000000 0.000000
v 2.912261 -1.164904 12.813947 0.23089 0.24829 0.29100
vt 0.339070 0.490520
vn 1.000000 0.000000 0.000000
v 2.912261 -0.582452 12.813947 0.23089 0.24829 0.29100
vt 0.348578 0.502334
vn 1.000000 0.000000 0.000000
f 1156/1156/1156 1157/1157/1157 1158/1158/1158
v 0.000000 -1.164904 11.649043 0.91030 0.91260 0.89190
vt 0.108285 0.053714
vn 0.000000 0.000000 -1.000000
v 0.000000 -0.582452 11.649043 0.91030 0.91260 0.89190
vt 0.093609 0.053098
vn 0.000000 0.000000 -1.000000
v 0.582452 -0.582452 11.649043 0.91030 0.91260 0.89190
vt 0.094366 0.035405
vn 0.000000 0.000000 -1.000000
f 1159/1159/1159 1160/1160/1160 1161/1161/1161
v 0.000000 -1.164904 11.649043 0.91030 0.91260 0.89190
vt 0.108285 0.053714
vn 0.000000 0.000000 -1.000000
v 0.582452 -0.582452 11.649043 0.91030 0.91260 0.89190
vt 0.094366 0.035405
vn 0.000000 0.000000 -1.000000
v 0.582452 -1.164904 11.649043 0.91030 0.91260 0.89190
vt 0.109089 0.036090
vn 0.000000 0.000000 -1.000000
f 1162/1162/1162 1163/1163/1163 1164/1164/1164
v 1.164904 -2.329809 11.649043 0.17352 0.27244 0.32723
vt 0.858815 0.637066
vn 0.000000 1.000000 0.000000
v 1.164904 -2.329809 11.066590 0.17352 0.27244 0.32723
vt 0.854492 0.636935
vn 0.000000 1.000000 0.000000
v 0.582452 -2.329809 11.066590 0.17352 0.27244 0.32723
vt 0.855016 0.626157
vn 0.000000 1.000000 0.000000
f 1165/1165/1165 1166/1166/1166 1167/1167/1167
v 1.164904 -2.329809 11.649043 0.16446 0.26942 0.32421
vt 0.858815 0.637066
vn 0.000000 1.000000 0.000000
v 0.582452 -2.329809 11.066590 0.16446 0.26942 0.32421
vt 0.855016 0.626157
vn 0.000000 1.000000 0.000000
v 0.582452 -2.329809 11.649043 0.16446 0.26942 0.32421
vt 0.859454 0.626327
vn 0.000000 1.000000 0.000000
f 1168/1168/1168 1169/1169/1169 1170/1170/1170
v 1.747356 1.164904 -8.736782 0.16446 0.26942 0.33629
vt 0.154348 0.974225
vn 1.000000 0.000000 0.000000
v 1.747356 1.747356 -8.736782 0.16446 0.26942 0.33629
vt 0.153761 0.950357
vn 1.000000 0.000000 0.000000
v 1.747356 1.747356 -6.406973 0.16446 0.26942 0.33629
vt 0.181275 0.949689
vn 1.000000 0.000000 0.000000
f 1171/1171/1171 1172/1172/1172 1173/1173/1173
v 1.747356 1.164904 -8.736782 0.16144 0.26640 0.33327
vt 0.154348 0.974225
vn 1.000000 0.000000 0.000000
v 1.747356 1.747356 -6.406973 0.16144 0.26640 0.33327
vt 0.181275 0.949689
vn 1.000000 0.000000 0.000000
v 1.747356 1.164904 -6.406973 0.16144 0.26640 0.33327
vt 0.181602 0.973642
vn 1.000000 0.000000 0.000000
f 1174/1174/1174 1175/1175/1175 1176/1176/1176
v 1.164904 1.164904 -8.736782 0.17955 0.27546 0.32723
vt 0.134088 0.974710
vn 0.000000 0.000000 -1.000000
v 1.164904 1.747356 -8.736782 0.17955 0.27546 0.32723
vt 0.133476 0.950807
vn 0.000000 0.000000 -1.000000
v 1.747356 1.747356 -8.736782 0.17955 0.27546 0.32723
vt 0.153761 0.950357
vn 0.000000 0.000000 -1.000000
f 1177/1177/1177 1178/1178/1178 1179/1179/1179
v 1.164904 1.164904 -8.736782 0.19163 0.28150 0.34837
vt 0.134088 0.974710
vn 0.000000 0.000000 -1.000000
v 1.747356 1.747356 -8.736782 0.19163 0.28150 0.34837
vt 0.153761 0.950357
vn 0.000000 0.000000 -1.000000
v 1.747356 1.164904 -8.736782 0.19163 0.28150 0.34837
vt 0.154348 0.974225
vn 0.000000 0.000000 -1.000000
f 1180/1180/1180 1181/1181/1181 1182/1182/1182
v 0.000000 1.164904 -8.736782 0.51775 0.29358 0.27288
vt 0.088778 0.975854
vn 0.000000 0.000000 -1.000000
v 0.000000 1.747356 -8.736782 0.51775 0.29358 0.27288
vt 0.088142 0.951954
vn 0.000000 0.000000 -1.000000
v 0.582452 1.747356 -8.736782 0.51775 0.29358 0.27288
vt 0.112133 0.951331
vn 0.000000 0.000000 -1.000000
f 1183/1183/1183 1184/1184/1184 1185/1185/1185
v 0.000000 1.164904 -8.736782 0.51775 0.29358 0.27288
vt 0.088778 0.975854
vn 0.000000 0.000000 -1.000000
v 0.582452 1.747356 -8.736782 0.51775 0.29358 0.27288
vt 0.112133 0.951331
vn 0.000000 0.000000 -1.000000
v 0.582452 1.164904 -8.736782 0.51775 0.29358 0.27288
vt 0.112762 0.975233
vn 0.000000 0.000000 -1.000000
f 1186/1186/1186 1187/1187/1187 1188/1188/1188
v 0.582452 2.329809 -6.406973 0.15540 0.26036 0.33025
vt 0.224065 0.888679
vn 0.000000 0.000000 1.000000
v -0.000000 2.329809 -6.406973 0.15540 0.26036 0.33025
vt 0.247840 0.888765
vn 0.000000 0.000000 1.000000
v 0.000000 1.747356 -6.406973 0.15540 0.26036 0.33025
vt 0.247661 0.935884
vn 0.000000 0.000000 1.000000
f 1189/1189/1189 1190/1190/1190 1191/1191/1191
v 0.582452 2.329809 -6.406973 0.15540 0.26036 0.33025
vt 0.224065 0.888679
vn 0.000000 0.000000 1.000000
v 0.000000 1.747356 -6.406973 0.15540 0.26036 0.33025
vt 0.247661 0.935884
vn 0.000000 0.000000 1.000000
v 0.582452 1.747356 -6.406973 0.15540 0.26036 0.33025
vt 0.223632 0.935797
vn 0.000000 0.000000 1.000000
f 1192/1192/1192 1193/1193/1193 1194/1194/1194
v 1.747356 2.329809 -8.736782 0.17050 0.27546 0.34535
vt 0.152071 0.902420
vn 1.000000 0.000000 -0.000000
v 1.747356 2.912261 -5.824521 0.17050 0.27546 0.34535
vt 0.183650 0.873981
vn 1.000000 0.000000 -0.000000
v 1.747356 1.747356 -6.406973 0.17050 0.27546 0.34535
vt 0.181275 0.949689
vn 1.000000 0.000000 -0.000000
f 1195/1195/1195 1196/1196/1196 1197/1197/1197
v 1.747356 2.329809 -8.736782 0.14936 0.25433 0.31817
vt 0.152071 0.902420
vn 1.000000 0.000000 0.000000
v 1.747356 1.747356 -6.406973 0.14936 0.25433 0.31817
vt 0.181275 0.949689
vn 1.000000 0.000000 0.000000
v 1.747356 1.747356 -8.736782 0.14936 0.25433 0.31817
vt 0.153761 0.950357
vn 1.000000 0.000000 0.000000
f 1198/1198/1198 1199/1199/1199 1200/1200/1200
v 0.582452 2.329809 -8.736782 0.51171 0.28452 0.26684
vt 0.110753 0.903456
vn 0.000000 0.000000 -1.000000
v 1.164904 2.329809 -8.736782 0.51171 0.28452 0.26684
vt 0.132016 0.902904
vn 0.000000 0.000000 -1.000000
v 1.164904 1.747356 -8.736782 0.51171 0.28452 0.26684
vt 0.133476 0.950807
vn 0.000000 0.000000 -1.000000
f 1201/1201/1201 1202/1202/1202 1203/1203/1203
v 0.582452 2.329809 -8.736782 0.51775 0.29358 0.27288
vt 0.110753 0.903456
vn 0.000000 0.000000 -1.000000
v 1.164904 1.747356 -8.736782 0.51775 0.29358 0.27288
vt 0.133476 0.950807
vn 0.000000 0.000000 -1.000000
v 0.582452 1.747356 -8.736782 0.51775 0.29358 0.27288
vt 0.112133 0.951331
vn 0.000000 0.000000 -1.000000
f 1204/1204/1204 1205/1205/1205 1206/1206/1206
v 1.747356 -1.164904 -15.143755 0.69289 0.19091 0.17625
vt 0.525432 0.642319
vn 0.000000 1.000000 0.000000
v 1.747356 -1.164904 -12.813947 0.69289 0.19091 0.17625
vt 0.547988 0.647748
vn 0.000000 1.000000 0.000000
v 2.912261 -1.164904 -12.813947 0.69289 0.19091 0.17625
vt 0.545533 0.677090
vn 0.000000 1.000000 0.000000
f 1207/1207/1207 1208/1208/1208 1209/1209/1209
v 1.747356 -1.164904 -15.143755 0.72610 0.17884 0.15210
vt 0.525432 0.642319
vn 0.000000 1.000000 0.000000
v 2.912261 -1.164904 -12.813947 0.72610 0.17884 0.15210
vt 0.545533 0.677090
vn 0.000000 1.000000 0.000000
v 2.912261 -1.164904 -14.561303 0.72610 0.17884 0.15210
vt 0.525911 0.675272
vn 0.000000 1.000000 0.000000
f 1210/1210/1210 1211/1211/1211 1212/1212/1212
v 2.912261 -1.164904 -13.978851 0.51775 0.29358 0.26684
vt 0.806779 0.481417
vn 1.000000 0.000000 0.000000
v 2.912261 -1.164904 -14.561303 0.51775 0.29358 0.26684
vt 0.812491 0.481447
vn 1.000000 0.000000 0.000000
v 2.912261 -0.582452 -14.561303 0.51775 0.29358 0.26684
vt 0.811248 0.495894
vn 1.000000 0.000000 0.000000
f 1213/1213/1213 1214/1214/1214 1215/1215/1215
v 2.912261 -1.164904 -13.978851 0.49057 0.27848 0.26684
vt 0.806779 0.481417
vn 1.000000 -0.000000 0.000000
v 2.912261 -0.582452 -14.561303 0.49057 0.27848 0.26684
vt 0.811248 0.495894
vn 1.000000 -0.000000 0.000000
v 2.912261 -0.582452 -13.978851 0.49057 0.27848 0.26684
vt 0.806484 0.496316
vn 1.000000 -0.000000 0.000000
f 1216/1216/1216 1217/1217/1217 1218/1218/1218
v 2.912261 -1.164904 -14.561303 0.52077 0.29358 0.28798
vt 0.821239 0.481490
vn 0.447214 0.000000 -0.894427
v 1.747356 -1.164904 -15.143755 0.52077 0.29358 0.28798
vt 0.880740 0.481781
vn 0.447214 0.000000 -0.894427
v 1.747356 -0.582452 -15.143755 0.52077 0.29358 0.28798
vt 0.880206 0.496427
vn 0.447214 0.000000 -0.894427
f 1219/1219/1219 1220/1220/1220 1221/1221/1221
v 2.912261 -1.164904 -14.561303 0.39395 0.29660 0.30308
vt 0.821239 0.481490
vn 0.447214 0.000000 -0.894427
v 1.747356 -0.582452 -15.143755 0.39395 0.29660 0.30308
vt 0.880206 0.496427
vn 0.447214 0.000000 -0.894427
v 2.912261 -0.582452 -14.561303 0.39395 0.29660 0.30308
vt 0.820480 0.495979
vn 0.447214 0.000000 -0.894427
f 1222/1222/1222 1223/1223/1223 1224/1224/1224
v 1.164904 -1.164904 -15.143755 0.33355 0.27546 0.31515
vt 0.908699 0.481942
vn 0.000000 0.000000 -1.000000
v 1.164904 -0.582452 -15.143755 0.33355 0.27546 0.31515
vt 0.908219 0.496581
vn 0.000000 0.000000 -1.000000
v 1.747356 -0.582452 -15.143755 0.33355 0.27546 0.31515
vt 0.880206 0.496427
vn 0.000000 0.000000 -1.000000
f 1225/1225/1225 1226/1226/1226 1227/1227/1227
v 1.164904 -1.164904 -15.143755 0.47246 0.31170 0.29100
vt 0.908699 0.481942
vn 0.000000 0.000000 -1.000000
v 1.747356 -0.582452 -15.143755 0.47246 0.31170 0.29100
vt 0.880206 0.496427
vn 0.000000 0.000000 -1.000000
v 1.747356 -1.164904 -15.143755 0.47246 0.31170 0.29100
vt 0.880740 0.481781
vn 0.000000 0.000000 -1.000000
f 1228/1228/1228 1229/1229/1229 1230/1230/1230
v 0.000000 -1.164904 -15.726207 0.28222 0.25433 0.28496
vt 0.976310 0.482246
vn 0.707107 0.000000 -0.707107
v 0.000000 -0.582452 -15.726207 0.28222 0.25433 0.28496
vt 0.975895 0.496893
vn 0.707107 0.000000 -0.707107
v 0.582452 -0.582452 -15.143755 0.28222 0.25433 0.28496
vt 0.937840 0.496729
vn 0.707107 0.000000 -0.707107
f 1231/1231/1231 1232/1232/1232 1233/1233/1233
v 0.000000 -1.164904 -15.726207 0.48152 0.29660 0.27892
vt 0.976310 0.482246
vn 0.707107 0.000000 -0.707107
v 0.582452 -0.582452 -15.143755 0.48152 0.29660 0.27892
vt 0.937840 0.496729
vn 0.707107 0.000000 -0.707107
v 0.582452 -1.164904 -15.143755 0.48152 0.29660 0.27892
vt 0.938278 0.482091
vn 0.707107 0.000000 -0.707107
f 1234/1234/1234 1235/1235/1235 1236/1236/1236
v 1.164904 -1.164904 -15.143755 0.20069 0.28452 0.34535
vt 0.726814 0.975850
vn 0.000000 -0.000000 1.000000
v 1.164904 -0.582452 -15.143755 0.20069 0.28452 0.34535
vt 0.725823 0.953761
vn 0.000000 -0.000000 1.000000
v 0.582452 -0.582452 -15.143755 0.20069 0.28452 0.34535
vt 0.743550 0.952932
vn 0.000000 -0.000000 1.000000
f 1237/1237/1237 1238/1238/1238 1239/1239/1239
v 1.164904 -1.164904 -15.143755 0.20975 0.24829 0.29704
vt 0.726814 0.975850
vn 0.000000 0.000000 1.000000
v 0.582452 -0.582452 -15.143755 0.20975 0.24829 0.29704
vt 0.743550 0.952932
vn 0.000000 0.000000 1.000000
v 0.582452 -1.164904 -15.143755 0.20975 0.24829 0.29704
vt 0.744471 0.975076
vn 0.000000 0.000000 1.000000
f 1240/1240/1240 1241/1241/1241 1242/1242/1242
v 1.747356 -1.164904 -15.143755 0.40905 0.29962 0.33025
vt 0.710062 0.976613
vn -0.447214 0.000000 0.894427
v 2.912261 -1.164904 -14.561303 0.40905 0.29962 0.33025
vt 0.675255 0.978298
vn -0.447214 0.000000 0.894427
v 2.912261 -0.582452 -14.561303 0.40905 0.29962 0.33025
vt 0.674175 0.956234
vn -0.447214 0.000000 0.894427
f 1243/1243/1243 1244/1244/1244 1245/1245/1245
v 1.747356 -1.164904 -15.143755 0.42112 0.37813 0.38763
vt 0.710062 0.976613
vn -0.447214 0.000000 0.894427
v 2.912261 -0.582452 -14.561303 0.42112 0.37813 0.38763
vt 0.674175 0.956234
vn -0.447214 0.000000 0.894427
v 1.747356 -0.582452 -15.143755 0.42112 0.37813 0.38763
vt 0.709040 0.954507
vn -0.447214 0.000000 0.894427
f 1246/1246/1246 1247/1247/1247 1248/1248/1248
v 1.747356 1.164904 -6.406973 0.16144 0.26036 0.32421
vt 0.859261 0.907203
vn 0.000000 0.000000 1.000000
v 2.912261 1.164904 -6.406973 0.16144 0.26036 0.32421
vt 0.893072 0.907488
vn 0.000000 0.000000 1.000000
v 2.912261 1.747356 -6.406973 0.16144 0.26036 0.32421
vt 0.892869 0.931113
vn 0.000000 0.000000 1.000000
f 1249/1249/1249 1250/1250/1250 1251/1251/1251
v 1.747356 1.164904 -6.406973 0.19767 0.27546 0.33931
vt 0.859261 0.907203
vn 0.000000 0.000000 1.000000
v 2.912261 1.747356 -6.406973 0.19767 0.27546 0.33931
vt 0.892869 0.931113
vn 0.000000 0.000000 1.000000
v 1.747356 1.747356 -6.406973 0.19767 0.27546 0.33931
vt 0.859060 0.930830
vn 0.000000 0.000000 1.000000
f 1252/1252/1252 1253/1253/1253 1254/1254/1254
v 2.912261 1.164904 -6.406973 0.18257 0.28150 0.34535
vt 0.900496 0.907539
vn 1.000000 0.000000 0.000000
v 2.912261 1.164904 -8.736782 0.18257 0.28150 0.34535
vt 0.927291 0.907790
vn 1.000000 0.000000 0.000000
v 2.912261 1.747356 -8.736782 0.18257 0.28150 0.34535
vt 0.927068 0.931414
vn 1.000000 0.000000 0.000000
f 1255/1255/1255 1256/1256/1256 1257/1257/1257
v 2.912261 1.164904 -6.406973 0.18559 0.28452 0.34837
vt 0.900496 0.907539
vn 1.000000 -0.000000 0.000000
v 2.912261 1.747356 -8.736782 0.18559 0.28452 0.34837
vt 0.927068 0.931414
vn 1.000000 -0.000000 0.000000
v 2.912261 1.747356 -6.406973 0.18559 0.28452 0.34837
vt 0.900279 0.931168
vn 1.000000 -0.000000 0.000000
f 1258/1258/1258 1259/1259/1259 1260/1260/1260
v 2.912261 1.164904 -9.901686 0.14936 0.26942 0.33327
vt 0.939731 0.907906
vn 1.000000 0.000000 0.000000
v 2.912261 1.747356 -9.901686 0.14936 0.26942 0.33327
vt 0.939474 0.931532
vn 1.000000 0.000000 0.000000
v 2.912261 1.747356 -8.736782 0.14936 0.26942 0.33327
vt 0.927068 0.931414
vn 1.000000 0.000000 0.000000
f 1261/1261/1261 1262/1262/1262 1263/1263/1263
v 2.912261 1.164904 -9.901686 0.15238 0.26640 0.32421
vt 0.939731 0.907906
vn 1.000000 0.000000 0.000000
v 2.912261 1.747356 -8.736782 0.15238 0.26640 0.32421
vt 0.927068 0.931414
vn 1.000000 0.000000 0.000000
v 2.912261 1.164904 -8.736782 0.15238 0.26640 0.32421
vt 0.927291 0.907790
vn 1.000000 0.000000 0.000000
f 1264/1264/1264 1265/1265/1265 1266/1266/1266
v 2.912261 1.164904 -8.736782 0.91030 0.91260 0.89190
vt 0.047473 0.711972
vn -1.000000 0.000000 0.000000
v 2.912261 1.164904 -6.406973 0.91030 0.91260 0.89190
vt 0.074166 0.722762
vn -1.000000 0.000000 0.000000
v 2.912261 1.747356 -6.406973 0.91030 0.91260 0.89190
vt 0.064809 0.746472
vn -1.000000 0.000000 0.000000
f 1267/1267/1267 1268/1268/1268 1269/1269/1269
v 2.912261 1.164904 -8.736782 0.91030 0.91260 0.89190
vt 0.047473 0.711972
vn -1.000000 0.000000 0.000000
v 2.912261 1.747356 -6.406973 0.91030 0.91260 0.89190
vt 0.064809 0.746472
vn -1.000000 0.000000 0.000000
v 2.912261 1.747356 -8.736782 0.91030 0.91260 0.89190
vt 0.038084 0.735754
vn -1.000000 0.000000 0.000000
f 1270/1270/1270 1271/1271/1271 1272/1272/1272
v 2.912261 1.164904 -6.406973 0.91030 0.91260 0.89190
vt 0.074166 0.722762
vn 0.000000 0.000000 -1.000000
v 1.747356 1.164904 -6.406973 0.91030 0.91260 0.89190
vt 0.108018 0.735860
vn 0.000000 0.000000 -1.000000
v 1.747356 1.747356 -6.406973 0.91030 0.91260 0.89190
vt 0.098946 0.759453
vn 0.000000 0.000000 -1.000000
f 1273/1273/1273 1274/1274/1274 1275/1275/1275
v 2.912261 1.164904 -6.406973 0.91030 0.91260 0.89190
vt 0.074166 0.722762
vn 0.000000 0.000000 -1.000000
v 1.747356 1.747356 -6.406973 0.91030 0.91260 0.89190
vt 0.098946 0.759453
vn 0.000000 0.000000 -1.000000
v 2.912261 1.747356 -6.406973 0.91030 0.91260 0.89190
vt 0.064809 0.746472
vn 0.000000 0.000000 -1.000000
f 1276/1276/1276 1277/1277/1277 1278/1278/1278
v 2.912261 -1.164904 -13.978851 0.50869 0.29056 0.28194
vt 0.806779 0.481417
vn 1.000000 0.000000 0.000000
v 2.912261 -0.582452 -13.978851 0.50869 0.29056 0.28194
vt 0.806484 0.496316
vn 1.000000 0.000000 0.000000
v 2.912261 -0.582452 -12.813947 0.50869 0.29056 0.28194
vt 0.778767 0.493120
vn 1.000000 0.000000 0.000000
f 1279/1279/1279 1280/1280/1280 1281/1281/1281
v 2.912261 -1.164904 -13.978851 0.51775 0.29358 0.26684
vt 0.806779 0.481417
vn 1.000000 0.000000 0.000000
v 2.912261 -0.582452 -12.813947 0.51775 0.29358 0.26684
vt 0.778767 0.493120
vn 1.000000 0.000000 0.000000
v 2.912261 -1.164904 -12.813947 0.51775 0.29358 0.26684
vt 0.780226 0.480898
vn 1.000000 0.000000 0.000000
f 1282/1282/1282 1283/1283/1283 1284/1284/1284
v 2.912261 -1.164904 -14.561303 0.45434 0.29358 0.30610
vt 0.675255 0.978298
vn -1.000000 0.000000 0.000000
v 2.912261 -1.164904 -12.813947 0.45434 0.29358 0.30610
vt 0.654482 0.979320
vn -1.000000 0.000000 0.000000
v 2.912261 -0.582452 -12.813947 0.45434 0.29358 0.30610
vt 0.653576 0.960953
vn -1.000000 0.000000 0.000000
f 1285/1285/1285 1286/1286/1286 1287/1287/1287
v 2.912261 -1.164904 -14.561303 0.19465 0.25131 0.30912
vt 0.675255 0.978298
vn -1.000000 0.000000 0.000000
v 2.912261 -0.582452 -12.813947 0.19465 0.25131 0.30912
vt 0.653576 0.960953
vn -1.000000 0.000000 0.000000
v 2.912261 -0.582452 -14.561303 0.19465 0.25131 0.30912
vt 0.674175 0.956234
vn -1.000000 0.000000 0.000000
f 1288/1288/1288 1289/1289/1289 1290/1290/1290
v 1.747356 1.747356 -6.406973 0.23391 0.28754 0.33327
vt 0.859060 0.930830
vn 0.000000 0.000000 1.000000
v 1.164904 1.747356 -6.406973 0.23391 0.28754 0.33327
vt 0.839172 0.930603
vn 0.000000 0.000000 1.000000
v 1.164904 1.164904 -6.406973 0.23391 0.28754 0.33327
vt 0.839372 0.907032
vn 0.000000 0.000000 1.000000
f 1291/1291/1291 1292/1292/1292 1293/1293/1293
v 1.747356 1.747356 -6.406973 0.22787 0.29358 0.34233
vt 0.859060 0.930830
vn 0.000000 0.000000 1.000000
v 1.164904 1.164904 -6.406973 0.22787 0.29358 0.34233
vt 0.839372 0.907032
vn 0.000000 0.000000 1.000000
v 1.747356 1.164904 -6.406973 0.22787 0.29358 0.34233
vt 0.859261 0.907203
vn 0.000000 0.000000 1.000000
f 1294/1294/1294 1295/1295/1295 1296/1296/1296
v 2.329809 -3.494713 -9.901686 0.51775 0.29358 0.27288
vt 0.733490 0.374849
vn -0.000000 -1.000000 0.000000
v 1.747356 -3.494713 -9.901686 0.51775 0.29358 0.27288
vt 0.734996 0.346523
vn -0.000000 -1.000000 0.000000
v 1.747356 -3.494713 -10.484138 0.51775 0.29358 0.27288
vt 0.744368 0.346580
vn -0.000000 -1.000000 0.000000
f 1297/1297/1297 1298/1298/1298 1299/1299/1299
v 0.582452 1.164904 -8.736782 0.21277 0.27848 0.33327
vt 0.539128 0.884646
vn -0.000000 1.000000 0.000000
v 1.164904 1.164904 -8.736782 0.21277 0.27848 0.33327
vt 0.557490 0.884588
vn -0.000000 1.000000 0.000000
v 1.164904 1.164904 -9.901686 0.21277 0.27848 0.33327
vt 0.557525 0.895458
vn -0.000000 1.000000 0.000000
f 1300/1300/1300 1301/1301/1301 1302/1302/1302
v 0.582452 1.164904 -8.736782 0.19767 0.26338 0.27590
vt 0.539128 0.884646
vn 0.000000 1.000000 0.000000
v 1.164904 1.164904 -9.901686 0.19767 0.26338 0.27590
vt 0.557525 0.895458
vn 0.000000 1.000000 0.000000
v 0.582452 1.164904 -9.901686 0.19767 0.26338 0.27590
vt 0.539162 0.895515
vn 0.000000 1.000000 0.000000
f 1303/1303/1303 1304/1304/1304 1305/1305/1305
v 2.912261 -2.329809 -9.319234 0.51775 0.29358 0.27288
vt 0.728345 0.430526
vn 1.000000 0.000000 -0.000000
v 2.912261 -2.329809 -8.736782 0.51775 0.29358 0.27288
vt 0.711793 0.429630
vn 1.000000 0.000000 -0.000000
v 2.912261 -2.912261 -9.319234 0.51775 0.29358 0.27288
vt 0.724020 0.403650
vn 1.000000 0.000000 -0.000000
f 1306/1306/1306 1307/1307/1307 1308/1308/1308
v 2.912261 -2.329809 -9.319234 0.51775 0.29358 0.27288
vt 0.728345 0.430526
vn 1.000000 0.000000 0.000000
v 2.912261 -2.912261 -9.319234 0.51775 0.29358 0.27288
vt 0.724020 0.403650
vn 1.000000 0.000000 0.000000
v 2.912261 -2.912261 -9.901686 0.51775 0.29358 0.27288
vt 0.736338 0.404218
vn 1.000000 0.000000 0.000000
f 1309/1309/1309 1310/1310/1310 1311/1311/1311
v 2.912261 -1.164904 -8.736782 0.51775 0.29358 0.27288
vt 0.715364 0.479997
vn 1.000000 0.000000 0.000000
v 2.912261 -1.747356 -8.736782 0.51775 0.29358 0.27288
vt 0.712588 0.450012
vn 1.000000 0.000000 0.000000
v 2.912261 -1.747356 -9.901686 0.51775 0.29358 0.27288
vt 0.733582 0.449406
vn 1.000000 0.000000 0.000000
f 1312/1312/1312 1313/1313/1313 1314/1314/1314
v 2.912261 -1.164904 -8.736782 0.51775 0.29358 0.27288
vt 0.715364 0.479997
vn 1.000000 0.000000 0.000000
v 2.912261 -1.747356 -9.901686 0.51775 0.29358 0.27288
vt 0.733582 0.449406
vn 1.000000 0.000000 0.000000
v 2.912261 -1.164904 -9.901686 0.51775 0.29358 0.27288
vt 0.734733 0.480187
vn 1.000000 0.000000 0.000000
f 1315/1315/1315 1316/1316/1316 1317/1317/1317
v 2.329809 -3.494713 -10.484138 0.51775 0.29358 0.27288
vt 0.751094 0.375211
vn 0.707107 -0.707107 0.000000
v 2.912261 -2.912261 -10.484138 0.51775 0.29358 0.27288
vt 0.747437 0.404742
vn 0.707107 -0.707107 0.000000
v 2.912261 -2.912261 -9.901686 0.51775 0.29358 0.27288
vt 0.736338 0.404218
vn 0.707107 -0.707107 0.000000
f 1318/1318/1318 1319/1319/1319 1320/1320/1320
v 2.329809 -3.494713 -10.484138 0.51775 0.29358 0.27288
vt 0.751094 0.375211
vn 0.707107 -0.707107 0.000000
v 2.912261 -2.912261 -9.901686 0.51775 0.29358 0.27288
vt 0.736338 0.404218
vn 0.707107 -0.707107 0.000000
v 2.329809 -3.494713 -9.901686 0.51775 0.29358 0.27288
vt 0.743287 0.375032
vn 0.707107 -0.707107 0.000000
f 1321/1321/1321 1322/1322/1322 1323/1323/1323
v 2.912261 -2.329809 -9.901686 0.51775 0.29358 0.27288
vt 0.742610 0.431341
vn 1.000000 -0.000000 0.000000
v 2.912261 -1.747356 -10.484138 0.51775 0.29358 0.27288
vt 0.750436 0.449604
vn 1.000000 -0.000000 0.000000
v 2.912261 -1.747356 -9.901686 0.51775 0.29358 0.27288
vt 0.733582 0.449406
vn 1.000000 -0.000000 0.000000
f 1324/1324/1324 1325/1325/1325 1326/1326/1326
v 2.912261 -2.329809 -9.901686 0.51775 0.29358 0.27288
vt 0.742610 0.431341
vn 1.000000 0.000000 0.000000
v 2.912261 -1.747356 -9.901686 0.51775 0.29358 0.27288
vt 0.733582 0.449406
vn 1.000000 0.000000 0.000000
v 2.912261 -2.329809 -9.319234 0.51775 0.29358 0.27288
vt 0.728345 0.430526
vn 1.000000 0.000000 0.000000
f 1327/1327/1327 1328/1328/1328 1329/1329/1329
v 1.747356 1.164904 -8.736782 0.27618 0.34793 0.37857
vt 0.574905 0.884534
vn -0.000000 1.000000 0.000000
v 2.912261 1.164904 -8.736782 0.27618 0.34793 0.37857
vt 0.604531 0.884439
vn -0.000000 1.000000 0.000000
v 2.912261 1.164904 -9.901686 0.27618 0.34793 0.37857
vt 0.604566 0.895308
vn -0.000000 1.000000 0.000000
f 1330/1330/1330 1331/1331/1331 1332/1332/1332
v 1.747356 1.164904 -8.736782 0.85293 0.90052 0.89190
vt 0.574905 0.884534
vn 0.000000 1.000000 0.000000
v 2.912261 1.164904 -9.901686 0.85293 0.90052 0.89190
vt 0.604566 0.895308
vn 0.000000 1.000000 0.000000
v 1.747356 1.164904 -9.901686 0.85293 0.90052 0.89190
vt 0.574940 0.895403
vn 0.000000 1.000000 0.000000
f 1333/1333/1333 1334/1334/1334 1335/1335/1335
v 2.912261 1.164904 -8.736782 0.91030 0.91260 0.89190
vt 0.047473 0.711972
vn -1.000000 0.000000 0.000000
v 2.912261 1.747356 -8.736782 0.91030 0.91260 0.89190
vt 0.038084 0.735754
vn -1.000000 0.000000 0.000000
v 2.912261 1.747356 -9.901686 0.91030 0.91260 0.89190
vt 0.026523 0.730782
vn -1.000000 0.000000 0.000000
f 1336/1336/1336 1337/1337/1337 1338/1338/1338
v 2.912261 1.164904 -8.736782 0.91030 0.91260 0.89190
vt 0.047473 0.711972
vn -1.000000 0.000000 0.000000
v 2.912261 1.747356 -9.901686 0.91030 0.91260 0.89190
vt 0.026523 0.730782
vn -1.000000 0.000000 0.000000
v 2.912261 1.164904 -9.901686 0.91030 0.91260 0.89190
vt 0.034827 0.706941
vn -1.000000 0.000000 0.000000
f 1339/1339/1339 1340/1340/1340 1341/1341/1341
v 0.000000 1.164904 -9.901686 0.91030 0.91260 0.89190
vt 0.093409 0.803229
vn 0.000000 0.000000 -1.000000
v 0.000000 1.747356 -9.901686 0.91030 0.91260 0.89190
vt 0.092170 0.825405
vn 0.000000 0.000000 -1.000000
v 0.582452 1.747356 -9.901686 0.91030 0.91260 0.89190
vt 0.070041 0.824169
vn 0.000000 0.000000 -1.000000
f 1342/1342/1342 1343/1343/1343 1344/1344/1344
v 0.000000 1.164904 -9.901686 0.91030 0.91260 0.89190
vt 0.093409 0.803229
vn 0.000000 0.000000 -1.000000
v 0.582452 1.747356 -9.901686 0.91030 0.91260 0.89190
vt 0.070041 0.824169
vn 0.000000 0.000000 -1.000000
v 0.582452 1.164904 -9.901686 0.91030 0.91260 0.89190
vt 0.071281 0.801993
vn 0.000000 0.000000 -1.000000
f 1345/1345/1345 1346/1346/1346 1347/1347/1347
v 1.164904 1.164904 -9.901686 0.91030 0.91260 0.89190
vt 0.049049 0.847023
vn 0.000000 -0.000000 1.000000
v 1.164904 1.747356 -9.901686 0.91030 0.91260 0.89190
vt 0.050289 0.824848
vn 0.000000 -0.000000 1.000000
v 0.582452 1.747356 -9.901686 0.91030 0.91260 0.89190
vt 0.069942 0.825947
vn 0.000000 -0.000000 1.000000
f 1348/1348/1348 1349/1349/1349 1350/1350/1350
v 1.164904 1.164904 -9.901686 0.91030 0.91260 0.89190
vt 0.049049 0.847023
vn 0.000000 0.000000 1.000000
v 0.582452 1.747356 -9.901686 0.91030 0.91260 0.89190
vt 0.069942 0.825947
vn 0.000000 0.000000 1.000000
v 0.582452 1.164904 -9.901686 0.91030 0.91260 0.89190
vt 0.068702 0.848121
vn 0.000000 0.000000 1.000000
f 1351/1351/1351 1352/1352/1352 1353/1353/1353
v 1.164904 1.164904 -9.901686 0.91030 0.91260 0.89190
vt 0.051630 0.800895
vn 0.000000 0.000000 -1.000000
v 1.164904 1.747356 -9.901686 0.91030 0.91260 0.89190
vt 0.050389 0.823068
vn 0.000000 0.000000 -1.000000
v 1.747356 1.747356 -9.901686 0.91030 0.91260 0.89190
vt 0.031751 0.822026
vn 0.000000 0.000000 -1.000000
f 1354/1354/1354 1355/1355/1355 1356/1356/1356
v 1.164904 1.164904 -9.901686 0.91030 0.91260 0.89190
vt 0.051630 0.800895
vn 0.000000 0.000000 -1.000000
v 1.747356 1.747356 -9.901686 0.91030 0.91260 0.89190
vt 0.031751 0.822026
vn 0.000000 0.000000 -1.000000
v 1.747356 1.164904 -9.901686 0.91030 0.91260 0.89190
vt 0.032991 0.799852
vn 0.000000 0.000000 -1.000000
f 1357/1357/1357 1358/1358/1358 1359/1359/1359
v 0.582452 -4.659617 -14.561303 0.51775 0.29358 0.27288
vt 0.942199 0.318567
vn 0.000000 -1.000000 0.000000
v 0.582452 -4.659617 -13.978851 0.51775 0.29358 0.27288
vt 0.941405 0.306993
vn 0.000000 -1.000000 0.000000
v 0.000000 -4.659617 -13.978851 0.51775 0.29358 0.27288
vt 0.979810 0.300173
vn 0.000000 -1.000000 0.000000
f 1360/1360/1360 1361/1361/1361 1362/1362/1362
v 0.582452 -4.659617 -14.561303 0.51775 0.29358 0.27288
vt 0.942199 0.318567
vn 0.000000 -1.000000 0.000000
v 0.000000 -4.659617 -13.978851 0.51775 0.29358 0.27288
vt 0.979810 0.300173
vn 0.000000 -1.000000 0.000000
v -0.000000 -4.659617 -14.561303 0.51775 0.29358 0.27288
vt 0.979887 0.316941
vn 0.000000 -1.000000 0.000000
f 1363/1363/1363 1364/1364/1364 1365/1365/1365
v 0.582452 -4.077165 12.813947 0.91030 0.91260 0.89190
vt 0.164038 0.346404
vn 0.000000 -0.894427 0.447214
v 0.582452 -3.494713 13.978851 0.91030 0.91260 0.89190
vt 0.176838 0.385060
vn 0.000000 -0.894427 0.447214
v 0.000000 -3.494713 13.978851 0.91030 0.91260 0.89190
vt 0.139536 0.381825
vn 0.000000 -0.894427 0.447214
f 1366/1366/1366 1367/1367/1367 1368/1368/1368
v 0.582452 -4.077165 12.813947 0.91030 0.91260 0.89190
vt 0.164038 0.346404
vn 0.000000 -0.894427 0.447214
v 0.000000 -3.494713 13.978851 0.91030 0.91260 0.89190
vt 0.139536 0.381825
vn 0.000000 -0.894427 0.447214
v 0.000000 -4.077165 12.813947 0.91030 0.91260 0.89190
vt 0.126495 0.340214
vn 0.000000 -0.894427 0.447214
f 1369/1369/1369 1370/1370/1370 1371/1371/1371
v 0.582452 -4.659617 11.649043 0.91030 0.91260 0.89190
vt 0.165508 0.321311
vn 0.000000 -1.000000 0.000000
v 0.582452 -4.659617 12.231495 0.91030 0.91260 0.89190
vt 0.164635 0.326060
vn 0.000000 -1.000000 0.000000
v 0.000000 -4.659617 12.231495 0.91030 0.91260 0.89190
vt 0.124032 0.316256
vn 0.000000 -1.000000 0.000000
f 1372/1372/1372 1373/1373/1373 1374/1374/1374
v 0.582452 -4.659617 11.649043 0.91030 0.91260 0.89190
vt 0.165508 0.321311
vn 0.000000 -1.000000 0.000000
v 0.000000 -4.659617 12.231495 0.91030 0.91260 0.89190
vt 0.124032 0.316256
vn 0.000000 -1.000000 0.000000
v 0.000000 -4.659617 11.649043 0.91030 0.91260 0.89190
vt 0.125121 0.311738
vn 0.000000 -1.000000 0.000000
f 1375/1375/1375 1376/1376/1376 1377/1377/1377
v 0.000000 -1.164904 -12.813947 0.17352 0.25131 0.27892
vt 0.551613 0.590653
vn -0.000000 1.000000 0.000000
v 0.582452 -1.164904 -12.813947 0.17352 0.25131 0.27892
vt 0.550547 0.611590
vn -0.000000 1.000000 0.000000
v 0.582452 -1.164904 -15.143755 0.17352 0.25131 0.27892
vt 0.524825 0.610096
vn -0.000000 1.000000 0.000000
f 1378/1378/1378 1379/1379/1379 1380/1380/1380
v 0.000000 -1.164904 -12.813947 0.22485 0.28754 0.35139
vt 0.551613 0.590653
vn 0.000000 1.000000 0.000000
v 0.582452 -1.164904 -15.143755 0.22485 0.28754 0.35139
vt 0.524825 0.610096
vn 0.000000 1.000000 0.000000
v 0.000000 -1.164904 -15.143755 0.22485 0.28754 0.35139
vt 0.524102 0.589390
vn 0.000000 1.000000 0.000000
f 1381/1381/1381 1382/1382/1382 1383/1383/1383
v 0.582452 -2.329809 -6.406973 0.19465 0.28452 0.35743
vt 0.682244 0.620363
vn 0.000000 -0.000000 1.000000
v 0.582452 -1.164904 -6.406973 0.19465 0.28452 0.35743
vt 0.611273 0.617081
vn 0.000000 -0.000000 1.000000
v 0.000000 -1.164904 -6.406973 0.19465 0.28452 0.35743
vt 0.612158 0.596185
vn 0.000000 -0.000000 1.000000
f 1384/1384/1384 1385/1385/1385 1386/1386/1386
v 0.582452 -2.329809 -6.406973 0.20069 0.29056 0.36649
vt 0.682244 0.620363
vn 0.000000 0.000000 1.000000
v 0.000000 -1.164904 -6.406973 0.20069 0.29056 0.36649
vt 0.612158 0.596185
vn 0.000000 0.000000 1.000000
v 0.000000 -2.329809 -6.406973 0.20069 0.29056 0.36649
vt 0.682836 0.599395
vn 0.000000 0.000000 1.000000
f 1387/1387/1387 1388/1388/1388 1389/1389/1389
v 0.000000 -2.329809 14.561303 0.91030 0.91260 0.89190
vt 0.158940 0.440437
vn 0.000000 -0.447214 0.894427
v 0.582452 -2.329809 14.561303 0.91030 0.91260 0.89190
vt 0.196739 0.440020
vn 0.000000 -0.447214 0.894427
v 0.582452 -1.164904 15.143755 0.91030 0.91260 0.89190
vt 0.208313 0.496612
vn 0.000000 -0.447214 0.894427
f 1390/1390/1390 1391/1391/1391 1392/1392/1392
v 0.000000 -2.329809 14.561303 0.33657 0.28150 0.30912
vt 0.158940 0.440437
vn 0.577350 -0.577350 0.577350
v 0.582452 -1.164904 15.143755 0.33657 0.28150 0.30912
vt 0.208313 0.496612
vn 0.577350 -0.577350 0.577350
v 0.000000 -1.164904 15.726207 0.33657 0.28150 0.30912
vt 0.169521 0.499293
vn 0.577350 -0.577350 0.577350
f 1393/1393/1393 1394/1394/1394 1395/1395/1395
v 0.582452 -2.329809 11.066590 0.16748 0.26036 0.31817
vt 0.855016 0.626157
vn 0.000000 1.000000 0.000000
v 0.582452 -2.329809 10.484138 0.16748 0.26036 0.31817
vt 0.850769 0.626011
vn 0.000000 1.000000 0.000000
v 0.000000 -2.329809 10.484138 0.16748 0.26036 0.31817
vt 0.851620 0.605277
vn 0.000000 1.000000 0.000000
f 1396/1396/1396 1397/1397/1397 1398/1398/1398
v 0.582452 -2.329809 11.066590 0.18257 0.28150 0.33931
vt 0.855016 0.626157
vn 0.000000 1.000000 0.000000
v 0.000000 -2.329809 10.484138 0.18257 0.28150 0.33931
vt 0.851620 0.605277
vn 0.000000 1.000000 0.000000
v 0.000000 -2.329809 11.066590 0.18257 0.28150 0.33931
vt 0.856012 0.605428
vn 0.000000 1.000000 0.000000
f 1399/1399/1399 1400/1400/1400 1401/1401/1401
v 0.000000 -4.659617 -2.912261 0.91030 0.90958 0.89190
vt 0.613152 0.277217
vn 0.000000 -1.000000 0.000000
v 0.582452 -4.659617 -3.494713 0.91030 0.90958 0.89190
vt 0.621920 0.294399
vn 0.000000 -1.000000 0.000000
v 0.582452 -4.659617 6.989426 0.91030 0.90958 0.89190
vt 0.432269 0.295944
vn 0.000000 -1.000000 0.000000
f 1402/1402/1402 1403/1403/1403 1404/1404/1404
v 0.000000 -4.659617 -2.912261 0.90426 0.91260 0.89190
vt 0.613152 0.277217
vn 0.000000 -1.000000 0.000000
v 0.582452 -4.659617 6.989426 0.90426 0.91260 0.89190
vt 0.432269 0.295944
vn 0.000000 -1.000000 0.000000
v 0.000000 -4.659617 6.989426 0.90426 0.91260 0.89190
vt 0.423415 0.278547
vn 0.000000 -1.000000 0.000000
f 1405/1405/1405 1406/1406/1406 1407/1407/1407
v 0.582452 -2.329809 10.484138 0.15540 0.26036 0.33025
vt 0.850769 0.626011
vn 0.000000 1.000000 0.000000
v 0.582452 -2.329809 -5.824521 0.15540 0.26036 0.33025
vt 0.688582 0.620617
vn 0.000000 1.000000 0.000000
v 0.000000 -2.329809 -5.824521 0.15540 0.26036 0.33025
vt 0.689324 0.599672
vn 0.000000 1.000000 0.000000
f 1408/1408/1408 1409/1409/1409 1410/1410/1410
v 0.582452 -2.329809 10.484138 0.17654 0.26942 0.32119
vt 0.850769 0.626011
vn 0.000000 1.000000 0.000000
v 0.000000 -2.329809 -5.824521 0.17654 0.26942 0.32119
vt 0.689324 0.599672
vn 0.000000 1.000000 0.000000
v 0.000000 -2.329809 10.484138 0.17654 0.26942 0.32119
vt 0.851620 0.605277
vn 0.000000 1.000000 0.000000
f 1411/1411/1411 1412/1412/1412 1413/1413/1413
v 0.582452 -4.659617 -5.824521 0.19767 0.23923 0.27288
vt 0.660678 0.294675
vn 0.000000 -1.000000 0.000000
v 0.582452 -4.659617 -3.494713 0.19767 0.23923 0.27288
vt 0.621920 0.294399
vn 0.000000 -1.000000 0.000000
v 0.000000 -4.659617 -2.912261 0.19767 0.23923 0.27288
vt 0.613152 0.277217
vn 0.000000 -1.000000 0.000000
f 1414/1414/1414 1415/1415/1415 1416/1416/1416
v 0.582452 -4.659617 -5.824521 0.32148 0.34189 0.37857
vt 0.660678 0.294675
vn 0.000000 -1.000000 0.000000
v 0.000000 -4.659617 -2.912261 0.32148 0.34189 0.37857
vt 0.613152 0.277217
vn 0.000000 -1.000000 0.000000
v 0.000000 -4.659617 -5.824521 0.32148 0.34189 0.37857
vt 0.663241 0.277295
vn 0.000000 -1.000000 0.000000
f 1417/1417/1417 1418/1418/1418 1419/1419/1419
v 0.000000 -4.659617 -7.571878 0.56003 0.58648 0.59296
vt 0.690150 0.277533
vn 0.000000 -1.000000 0.000000
v 0.582452 -4.659617 -8.154330 0.56003 0.58648 0.59296
vt 0.700769 0.295365
vn 0.000000 -1.000000 0.000000
v 0.582452 -4.659617 -5.824521 0.56003 0.58648 0.59296
vt 0.660678 0.294675
vn 0.000000 -1.000000 0.000000
f 1420/1420/1420 1421/1421/1421 1422/1422/1422
v 0.000000 -4.659617 -7.571878 0.15238 0.26036 0.31515
vt 0.690150 0.277533
vn 0.000000 -1.000000 0.000000
v 0.582452 -4.659617 -5.824521 0.15238 0.26036 0.31515
vt 0.660678 0.294675
vn 0.000000 -1.000000 0.000000
v 0.000000 -4.659617 -5.824521 0.15238 0.26036 0.31515
vt 0.663241 0.277295
vn 0.000000 -1.000000 0.000000
f 1423/1423/1423 1424/1424/1424 1425/1425/1425
v 0.000000 -4.659617 6.989426 0.87708 0.78276 0.75300
vt 0.423415 0.278547
vn 0.000000 -1.000000 0.000000
v 0.582452 -4.659617 6.989426 0.87708 0.78276 0.75300
vt 0.432269 0.295944
vn 0.000000 -1.000000 0.000000
v 0.582452 -4.659617 9.901686 0.87708 0.78276 0.75300
vt 0.377613 0.297674
vn 0.000000 -1.000000 0.000000
f 1426/1426/1426 1427/1427/1427 1428/1428/1428
v 0.000000 -4.659617 6.989426 0.51473 0.29056 0.26986
vt 0.423415 0.278547
vn 0.000000 -1.000000 0.000000
v 0.582452 -4.659617 9.901686 0.51473 0.29056 0.26986
vt 0.377613 0.297674
vn 0.000000 -1.000000 0.000000
v 0.000000 -4.659617 10.484138 0.51473 0.29056 0.26986
vt 0.364023 0.280183
vn 0.000000 -1.000000 0.000000
f 1429/1429/1429 1430/1430/1430 1431/1431/1431
v 0.582452 -4.659617 9.901686 0.51775 0.29358 0.27288
vt 0.377613 0.297674
vn 0.000000 -1.000000 0.000000
v 0.582452 -4.659617 11.066590 0.51775 0.29358 0.27288
vt 0.359098 0.298807
vn 0.000000 -1.000000 0.000000
v 0.000000 -4.659617 11.066590 0.51775 0.29358 0.27288
vt 0.352928 0.281044
vn 0.000000 -1.000000 0.000000
f 1432/1432/1432 1433/1433/1433 1434/1434/1434
v 0.582452 -4.659617 9.901686 0.51775 0.29358 0.27288
vt 0.377613 0.297674
vn 0.000000 -1.000000 0.000000
v 0.000000 -4.659617 11.066590 0.51775 0.29358 0.27288
vt 0.352928 0.281044
vn 0.000000 -1.000000 0.000000
v 0.000000 -4.659617 10.484138 0.51775 0.29358 0.27288
vt 0.364023 0.280183
vn 0.000000 -1.000000 0.000000
f 1435/1435/1435 1436/1436/1436 1437/1437/1437
v 0.000000 -2.329809 -15.143755 0.51775 0.29358 0.27288
vt 0.977189 0.425844
vn 0.000000 0.000000 -1.000000
v 0.582452 -2.329809 -15.143755 0.51775 0.29358 0.27288
vt 0.934235 0.429209
vn 0.000000 0.000000 -1.000000
v 0.582452 -3.494713 -15.143755 0.51775 0.29358 0.27288
vt 0.936718 0.364698
vn 0.000000 0.000000 -1.000000
f 1438/1438/1438 1439/1439/1439 1440/1440/1440
v 0.000000 -2.329809 -15.143755 0.51775 0.29358 0.27288
vt 0.977189 0.425844
vn 0.000000 0.000000 -1.000000
v 0.582452 -3.494713 -15.143755 0.51775 0.29358 0.27288
vt 0.936718 0.364698
vn 0.000000 0.000000 -1.000000
v 0.000000 -3.494713 -15.143755 0.51775 0.29358 0.27288
vt 0.977837 0.362377
vn 0.000000 0.000000 -1.000000
f 1441/1441/1441 1442/1442/1442 1443/1443/1443
v 0.582452 -1.164904 -15.143755 0.51775 0.29358 0.27288
vt 0.938278 0.482091
vn 0.000000 -0.000000 -1.000000
v 0.582452 -1.747356 -15.143755 0.51775 0.29358 0.27288
vt 0.934881 0.452061
vn 0.000000 -0.000000 -1.000000
v 0.000000 -1.747356 -15.143755 0.51775 0.29358 0.27288
vt 0.976787 0.452965
vn 0.000000 -0.000000 -1.000000
f 1444/1444/1444 1445/1445/1445 1446/1446/1446
v 0.582452 -1.164904 -15.143755 0.50869 0.29056 0.26986
vt 0.938278 0.482091
vn 0.577350 -0.577350 -0.577350
v 0.000000 -1.747356 -15.143755 0.50869 0.29056 0.26986
vt 0.976787 0.452965
vn 0.577350 -0.577350 -0.577350
v 0.000000 -1.164904 -15.726207 0.50869 0.29056 0.26986
vt 0.976310 0.482246
vn 0.577350 -0.577350 -0.577350
f 1447/1447/1447 1448/1448/1448 1449/1449/1449
v 0.582452 -1.164904 -6.406973 0.71101 0.20601 0.18531
vt 0.820121 0.713845
vn 0.000000 -0.000000 1.000000
v 0.582452 -0.582452 -6.406973 0.71101 0.20601 0.18531
vt 0.819607 0.771622
vn 0.000000 -0.000000 1.000000
v 0.000000 -0.582452 -6.406973 0.71101 0.20601 0.18531
vt 0.795999 0.771409
vn 0.000000 -0.000000 1.000000
f 1450/1450/1450 1451/1451/1451 1452/1452/1452
v 0.582452 -1.164904 -6.406973 0.76234 0.16676 0.14908
vt 0.820121 0.713845
vn 0.000000 0.000000 1.000000
v 0.000000 -0.582452 -6.406973 0.76234 0.16676 0.14908
vt 0.795999 0.771409
vn 0.000000 0.000000 1.000000
v 0.000000 -1.164904 -6.406973 0.76234 0.16676 0.14908
vt 0.796515 0.713630
vn 0.000000 0.000000 1.000000
f 1453/1453/1453 1454/1454/1454 1455/1455/1455
v 0.582452 -4.659617 -11.649043 0.90728 0.90958 0.88888
vt 0.770979 0.295094
vn 0.000000 -1.000000 0.000000
v 0.582452 -4.659617 -10.484138 0.90728 0.90958 0.88888
vt 0.748430 0.295272
vn 0.000000 -1.000000 0.000000
v 0.000000 -4.659617 -10.484138 0.90728 0.90958 0.88888
vt 0.749197 0.277652
vn 0.000000 -1.000000 0.000000
f 1456/1456/1456 1457/1457/1457 1458/1458/1458
v 0.582452 -4.659617 -11.649043 0.91030 0.91260 0.89190
vt 0.770979 0.295094
vn 0.000000 -1.000000 0.000000
v 0.000000 -4.659617 -10.484138 0.91030 0.91260 0.89190
vt 0.749197 0.277652
vn 0.000000 -1.000000 0.000000
v 0.000000 -4.659617 -11.649043 0.91030 0.91260 0.89190
vt 0.772235 0.277583
vn 0.000000 -1.000000 0.000000
f 1459/1459/1459 1460/1460/1460 1461/1461/1461
v 0.000000 -4.659617 -9.901686 0.91030 0.91260 0.89190
vt 0.740104 0.277642
vn 0.000000 -1.000000 0.000000
v 0.582452 -4.659617 -10.484138 0.91030 0.91260 0.89190
vt 0.743040 0.295264
vn 0.000000 -1.000000 0.000000
v 0.582452 -4.659617 -9.319234 0.91030 0.91260 0.89190
vt 0.729654 0.295305
vn 0.000000 -1.000000 0.000000
f 1462/1462/1462 1463/1463/1463 1464/1464/1464
v 0.000000 -4.659617 -9.901686 0.90124 0.90052 0.88284
vt 0.740104 0.277642
vn 0.000000 -1.000000 0.000000
v 0.582452 -4.659617 -9.319234 0.90124 0.90052 0.88284
vt 0.729654 0.295305
vn 0.000000 -1.000000 0.000000
v 0.000000 -4.659617 -9.319234 0.90124 0.90052 0.88284
vt 0.723821 0.277626
vn 0.000000 -1.000000 0.000000
f 1465/1465/1465 1466/1466/1466 1467/1467/1467
v 0.000000 -4.659617 -9.319234 0.90728 0.89146 0.85566
vt 0.723821 0.277626
vn 0.000000 -1.000000 0.000000
v 0.582452 -4.659617 -9.319234 0.90728 0.89146 0.85566
vt 0.729654 0.295305
vn 0.000000 -1.000000 0.000000
v 0.582452 -4.659617 -8.154330 0.90728 0.89146 0.85566
vt 0.705402 0.295405
vn 0.000000 -1.000000 0.000000
f 1468/1468/1468 1469/1469/1469 1470/1470/1470
v 0.000000 -4.659617 -9.319234 0.71705 0.63782 0.61712
vt 0.723821 0.277626
vn 0.000000 -1.000000 0.000000
v 0.582452 -4.659617 -8.154330 0.71705 0.63782 0.61712
vt 0.705402 0.295405
vn 0.000000 -1.000000 0.000000
v 0.000000 -4.659617 -7.571878 0.71705 0.63782 0.61712
vt 0.697889 0.277594
vn 0.000000 -1.000000 0.000000
f 1471/1471/1471 1472/1472/1472 1473/1473/1473
v 0.582452 1.164904 -6.406973 0.16748 0.26942 0.32421
vt 0.818407 0.906850
vn 0.000000 -0.000000 1.000000
v 0.582452 1.747356 -6.406973 0.16748 0.26942 0.32421
vt 0.818204 0.930363
vn 0.000000 -0.000000 1.000000
v 0.000000 1.747356 -6.406973 0.16748 0.26942 0.32421
vt 0.794595 0.930149
vn 0.000000 -0.000000 1.000000
f 1474/1474/1474 1475/1475/1475 1476/1476/1476
v 0.582452 1.164904 -6.406973 0.16144 0.26036 0.32421
vt 0.818407 0.906850
vn 0.000000 0.000000 1.000000
v 0.000000 1.747356 -6.406973 0.16144 0.26036 0.32421
vt 0.794595 0.930149
vn 0.000000 0.000000 1.000000
v 0.000000 1.164904 -6.406973 0.16144 0.26036 0.32421
vt 0.794802 0.906635
vn 0.000000 0.000000 1.000000
f 1477/1477/1477 1478/1478/1478 1479/1479/1479
v 0.582452 1.164904 -9.901686 0.31242 0.28452 0.32421
vt 0.539164 0.897177
vn 0.000000 -0.000000 -1.000000
v 0.582452 0.582452 -9.901686 0.31242 0.28452 0.32421
vt 0.539309 0.942217
vn 0.000000 -0.000000 -1.000000
v 0.000000 0.582452 -9.901686 0.31242 0.28452 0.32421
vt 0.518626 0.942283
vn 0.000000 -0.000000 -1.000000
f 1480/1480/1480 1481/1481/1481 1482/1482/1482
v 0.582452 1.164904 -9.901686 0.15540 0.26338 0.31817
vt 0.539164 0.897177
vn -0.000000 0.000000 -1.000000
v 0.000000 0.582452 -9.901686 0.15540 0.26338 0.31817
vt 0.518626 0.942283
vn -0.000000 0.000000 -1.000000
v 0.000000 1.164904 -9.901686 0.15540 0.26338 0.31817
vt 0.518486 0.897243
vn -0.000000 0.000000 -1.000000
f 1483/1483/1483 1484/1484/1484 1485/1485/1485
v 0.582452 0.582452 -12.813947 0.71705 0.20601 0.17323
vt 0.492830 0.827502
vn 0.000000 -0.000000 -1.000000
v 0.582452 -0.582452 -12.813947 0.71705 0.20601 0.17323
vt 0.493742 0.767955
vn 0.000000 -0.000000 -1.000000
v 0.000000 -0.582452 -12.813947 0.71705 0.20601 0.17323
vt 0.517380 0.768316
vn 0.000000 -0.000000 -1.000000
f 1486/1486/1486 1487/1487/1487 1488/1488/1488
v 0.582452 0.582452 -12.813947 0.62042 0.19695 0.20947
vt 0.492830 0.827502
vn -0.000000 0.000000 -1.000000
v 0.000000 -0.582452 -12.813947 0.62042 0.19695 0.20947
vt 0.517380 0.768316
vn -0.000000 0.000000 -1.000000
v 0.000000 0.582452 -12.813947 0.62042 0.19695 0.20947
vt 0.516541 0.827862
vn -0.000000 0.000000 -1.000000
f 1489/1489/1489 1490/1490/1490 1491/1491/1491
v 0.582452 0.582452 -9.901686 0.19465 0.27244 0.33025
vt 0.539381 0.963545
vn 0.000000 1.000000 0.000000
v 0.582452 0.582452 -12.231495 0.19465 0.27244 0.33025
vt 0.539453 0.986389
vn 0.000000 1.000000 0.000000
v 0.000000 0.582452 -12.231495 0.19465 0.27244 0.33025
vt 0.518763 0.986454
vn 0.000000 1.000000 0.000000
f 1492/1492/1492 1493/1493/1493 1494/1494/1494
v 0.582452 0.582452 -9.901686 0.20069 0.27546 0.32723
vt 0.539381 0.963545
vn 0.000000 1.000000 0.000000
v 0.000000 0.582452 -12.231495 0.20069 0.27546 0.32723
vt 0.518763 0.986454
vn 0.000000 1.000000 0.000000
v 0.000000 0.582452 -9.901686 0.20069 0.27546 0.32723
vt 0.518692 0.963612
vn 0.000000 1.000000 0.000000
f 1495/1495/1495 1496/1496/1496 1497/1497/1497
v 0.582452 -4.659617 -12.231495 0.91030 0.91260 0.89190
vt 0.776785 0.295062
vn 0.000000 -1.000000 0.000000
v 0.582452 -4.659617 -11.649043 0.91030 0.91260 0.89190
vt 0.770979 0.295094
vn 0.000000 -1.000000 0.000000
v 0.000000 -4.659617 -11.649043 0.91030 0.91260 0.89190
vt 0.772235 0.277583
vn 0.000000 -1.000000 0.000000
f 1498/1498/1498 1499/1499/1499 1500/1500/1500
v 0.582452 -4.659617 -12.231495 0.91030 0.91260 0.89190
vt 0.776785 0.295062
vn 0.000000 -1.000000 0.000000
v 0.000000 -4.659617 -11.649043 0.91030 0.91260 0.89190
vt 0.772235 0.277583
vn 0.000000 -1.000000 0.000000
v 0.000000 -4.659617 -12.231495 0.91030 0.91260 0.89190
vt 0.782474 0.277524
vn 0.000000 -1.000000 0.000000
f 1501/1501/1501 1502/1502/1502 1503/1503/1503
v 0.582452 -0.582452 15.143755 0.15540 0.26036 0.33629
vt 0.013779 0.446643
vn 0.000000 1.000000 0.000000
v 0.000000 -0.582452 15.143755 0.15540 0.26036 0.33629
vt 0.013809 0.465049
vn 0.000000 1.000000 0.000000
v 0.000000 -0.582452 15.726207 0.15540 0.26036 0.33629
vt 0.013080 0.465050
vn 0.000000 1.000000 0.000000
f 1504/1504/1504 1505/1505/1505 1506/1506/1506
v 0.000000 -1.164904 15.726207 0.25203 0.28754 0.31817
vt 0.169521 0.499293
vn 0.707107 0.000000 0.707107
v 0.582452 -1.164904 15.143755 0.25203 0.28754 0.31817
vt 0.208313 0.496612
vn 0.707107 0.000000 0.707107
v 0.582452 -0.582452 15.143755 0.25203 0.28754 0.31817
vt 0.210726 0.508764
vn 0.707107 0.000000 0.707107
f 1507/1507/1507 1508/1508/1508 1509/1509/1509
v 0.000000 -1.164904 15.726207 0.23391 0.30868 0.35139
vt 0.169521 0.499293
vn 0.707107 -0.000000 0.707107
v 0.582452 -0.582452 15.143755 0.23391 0.30868 0.35139
vt 0.210726 0.508764
vn 0.707107 -0.000000 0.707107
v 0.000000 -0.582452 15.726207 0.23391 0.30868 0.35139
vt 0.172623 0.511463
vn 0.707107 -0.000000 0.707107
f 1510/1510/1510 1511/1511/1511 1512/1512/1512
v 0.000000 -1.164904 11.649043 0.91030 0.91260 0.89190
vt 0.078273 0.052452
vn 0.000000 0.000000 1.000000
v 0.582452 -1.164904 11.649043 0.91030 0.91260 0.89190
vt 0.078928 0.034804
vn 0.000000 0.000000 1.000000
v 0.582452 -0.582452 11.649043 0.91030 0.91260 0.89190
vt 0.093659 0.035363
vn 0.000000 0.000000 1.000000
f 1513/1513/1513 1514/1514/1514 1515/1515/1515
v 0.000000 -1.164904 11.649043 0.91030 0.91260 0.89190
vt 0.078273 0.052452
vn 0.000000 0.000000 1.000000
v 0.582452 -0.582452 11.649043 0.91030 0.91260 0.89190
vt 0.093659 0.035363
vn 0.000000 0.000000 1.000000
v 0.000000 -0.582452 11.649043 0.91030 0.91260 0.89190
vt 0.092950 0.053071
vn 0.000000 0.000000 1.000000
f 1516/1516/1516 1517/1517/1517 1518/1518/1518
v 0.582452 2.329809 -8.736782 0.51775 0.29358 0.27288
vt 0.110753 0.903456
vn 0.000000 -0.000000 -1.000000
v 0.582452 1.747356 -8.736782 0.51775 0.29358 0.27288
vt 0.112133 0.951331
vn 0.000000 -0.000000 -1.000000
v 0.000000 1.747356 -8.736782 0.51775 0.29358 0.27288
vt 0.088142 0.951954
vn 0.000000 -0.000000 -1.000000
f 1519/1519/1519 1520/1520/1520 1521/1521/1521
v 0.582452 2.329809 -8.736782 0.51775 0.29358 0.27288
vt 0.110753 0.903456
vn -0.000000 0.000000 -1.000000
v 0.000000 1.747356 -8.736782 0.51775 0.29358 0.27288
vt 0.088142 0.951954
vn -0.000000 0.000000 -1.000000
v 0.000000 2.329809 -8.736782 0.51775 0.29358 0.27288
vt 0.086799 0.904087
vn -0.000000 0.000000 -1.000000
f 1522/1522/1522 1523/1523/1523 1524/1524/1524
v 0.582452 -1.164904 -15.143755 0.18861 0.28754 0.35139
vt 0.744471 0.975076
vn 0.000000 -0.000000 1.000000
v 0.582452 -0.582452 -15.143755 0.18861 0.28754 0.35139
vt 0.743550 0.952932
vn 0.000000 -0.000000 1.000000
v 0.000000 -0.582452 -15.143755 0.18861 0.28754 0.35139
vt 0.766391 0.951646
vn 0.000000 -0.000000 1.000000
f 1525/1525/1525 1526/1526/1526 1527/1527/1527
v 0.582452 -1.164904 -15.143755 0.20673 0.26640 0.32421
vt 0.744471 0.975076
vn 0.000000 0.000000 1.000000
v 0.000000 -0.582452 -15.143755 0.20673 0.26640 0.32421
vt 0.766391 0.951646
vn 0.000000 0.000000 1.000000
v 0.000000 -1.164904 -15.143755 0.20673 0.26640 0.32421
vt 0.766621 0.974417
vn 0.000000 0.000000 1.000000
f 1528/1528/1528 1529/1529/1529 1530/1530/1530
v 0.582452 1.164904 -8.736782 0.83481 0.85523 0.85566
vt 0.539128 0.884646
vn 0.000000 1.000000 0.000000
v 0.582452 1.164904 -9.901686 0.83481 0.85523 0.85566
vt 0.539162 0.895515
vn 0.000000 1.000000 0.000000
v 0.000000 1.164904 -9.901686 0.83481 0.85523 0.85566
vt 0.518484 0.895579
vn 0.000000 1.000000 0.000000
f 1531/1531/1531 1532/1532/1532 1533/1533/1533
v 0.582452 1.164904 -8.736782 0.15842 0.21507 0.28496
vt 0.539128 0.884646
vn 0.000000 1.000000 0.000000
v 0.000000 1.164904 -9.901686 0.15842 0.21507 0.28496
vt 0.518484 0.895579
vn 0.000000 1.000000 0.000000
v 0.000000 1.164904 -8.736782 0.15842 0.21507 0.28496
vt 0.518450 0.884709
vn 0.000000 1.000000 0.000000
f 1534/1534/1534 1535/1535/1535 1536/1536/1536
v 0.000000 -4.659617 -10.484138 0.91030 0.91260 0.89190
vt 0.749197 0.277652
vn 0.000000 -1.000000 0.000000
v 0.582452 -4.659617 -10.484138 0.91030 0.91260 0.89190
vt 0.743040 0.295264
vn 0.000000 -1.000000 0.000000
v 0.000000 -4.659617 -9.901686 0.91030 0.91260 0.89190
vt 0.740104 0.277642
vn 0.000000 -1.000000 0.000000
f 1537/1537/1537 1538/1538/1538 1539/1539/1539
v 0.582452 1.164904 -9.901686 0.91030 0.91260 0.89190
vt 0.068702 0.848121
vn 0.000000 -0.000000 1.000000
v 0.582452 1.747356 -9.901686 0.91030 0.91260 0.89190
vt 0.069942 0.825947
vn 0.000000 -0.000000 1.000000
v 0.000000 1.747356 -9.901686 0.91030 0.91260 0.89190
vt 0.092071 0.827185
vn 0.000000 -0.000000 1.000000
f 1540/1540/1540 1541/1541/1541 1542/1542/1542
v 0.582452 1.164904 -9.901686 0.91030 0.91260 0.89190
vt 0.068702 0.848121
vn 0.000000 0.000000 1.000000
v 0.000000 1.747356 -9.901686 0.91030 0.91260 0.89190
vt 0.092071 0.827185
vn 0.000000 0.000000 1.000000
v 0.000000 1.164904 -9.901686 0.91030 0.91260 0.89190
vt 0.090831 0.849360
vn 0.000000 0.000000 1.000000
f 1543/1543/1543 1544/1544/1544 1545/1545/1545
v -1.747356 -2.329809 12.813947 0.91030 0.91260 0.89190
vt 0.269934 0.112009
vn -0.577350 -0.577350 0.577350
v -2.329809 -2.329809 12.231495 0.91030 0.91260 0.89190
vt 0.281980 0.116509
vn -0.577350 -0.577350 0.577350
v -1.747356 -2.912261 12.231495 0.91030 0.91260 0.89190
vt 0.265364 0.142412
vn -0.577350 -0.577350 0.577350
f 1546/1546/1546 1547/1547/1547 1548/1548/1548
v -1.747356 -2.329809 12.813947 0.91030 0.91260 0.89190
vt 0.269934 0.112009
vn -1.000000 -0.000000 0.000000
v -1.747356 -2.912261 12.231495 0.91030 0.91260 0.89190
vt 0.265364 0.142412
vn -1.000000 -0.000000 0.000000
v -1.747356 -2.912261 12.813947 0.91030 0.91260 0.89190
vt 0.257609 0.136933
vn -1.000000 -0.000000 0.000000
f 1549/1549/1549 1550/1550/1550 1551/1551/1551
v -2.329809 -3.494713 -14.561303 0.91030 0.91260 0.89190
vt 0.831507 0.153154
vn 0.000000 0.000000 -1.000000
v -2.329809 -2.912261 -14.561303 0.91030 0.91260 0.89190
vt 0.842704 0.142378
vn 0.000000 0.000000 -1.000000
v -1.747356 -3.494713 -14.561303 0.91030 0.91260 0.89190
vt 0.858744 0.176519
vn 0.000000 0.000000 -1.000000
f 1552/1552/1552 1553/1553/1553 1554/1554/1554
v -2.329809 -2.329809 11.066590 0.91030 0.91260 0.89190
vt 0.351390 0.127014
vn -1.000000 0.000000 -0.000000
v -2.329809 -2.329809 9.901686 0.91030 0.91260 0.89190
vt 0.370729 0.129438
vn -1.000000 0.000000 -0.000000
v -2.329809 -2.912261 9.901686 0.91030 0.91260 0.89190
vt 0.378110 0.159038
vn -1.000000 0.000000 -0.000000
f 1555/1555/1555 1556/1556/1556 1557/1557/1557
v -2.329809 -2.329809 11.066590 0.91030 0.91260 0.89190
vt 0.351390 0.127014
vn -1.000000 -0.000000 0.000000
v -2.329809 -2.912261 9.901686 0.91030 0.91260 0.89190
vt 0.378110 0.159038
vn -1.000000 -0.000000 0.000000
v -2.329809 -2.912261 11.066590 0.91030 0.91260 0.89190
vt 0.352921 0.155868
vn -1.000000 -0.000000 0.000000
f 1558/1558/1558 1559/1559/1559 1560/1560/1560
v -1.747356 -3.494713 -8.736782 0.90124 0.91260 0.88888
vt 0.707991 0.188478
vn 0.000000 -1.000000 0.000000
v -1.747356 -3.494713 -5.242069 0.90124 0.91260 0.88888
vt 0.651937 0.190118
vn 0.000000 -1.000000 0.000000
v -2.329809 -3.494713 -5.242069 0.90124 0.91260 0.88888
vt 0.647113 0.159552
vn 0.000000 -1.000000 0.000000
f 1561/1561/1561 1562/1562/1562 1563/1563/1563
v -1.747356 -3.494713 -8.736782 0.91030 0.91260 0.89190
vt 0.707991 0.188478
vn 0.000000 -1.000000 0.000000
v -2.329809 -3.494713 -5.242069 0.91030 0.91260 0.89190
vt 0.647113 0.159552
vn 0.000000 -1.000000 0.000000
v -2.329809 -3.494713 -8.736782 0.91030 0.91260 0.89190
vt 0.703851 0.158192
vn 0.000000 -1.000000 0.000000
f 1564/1564/1564 1565/1565/1565 1566/1566/1566
v -2.912261 -2.912261 -6.989426 0.91030 0.91260 0.89190
vt 0.678616 0.128419
vn -0.707107 -0.707107 -0.000000
v -2.912261 -2.912261 -8.154330 0.91030 0.91260 0.89190
vt 0.697949 0.127656
vn -0.707107 -0.707107 -0.000000
v -2.329809 -3.494713 -8.736782 0.91030 0.91260 0.89190
vt 0.709763 0.158026
vn -0.707107 -0.707107 -0.000000
f 1567/1567/1567 1568/1568/1568 1569/1569/1569
v -1.747356 -3.494713 -11.649043 0.90728 0.90958 0.88888
vt 0.764342 0.187547
vn 0.000000 -1.000000 0.000000
v -2.329809 -3.494713 -11.066590 0.90728 0.90958 0.88888
vt 0.755455 0.156440
vn 0.000000 -1.000000 0.000000
v -2.329809 -3.494713 -11.649043 0.90728 0.90958 0.88888
vt 0.761044 0.156385
vn 0.000000 -1.000000 0.000000
f 1570/1570/1570 1571/1571/1571 1572/1572/1572
v -2.912261 -2.912261 -12.231495 0.87105 0.88844 0.87680
vt 0.767689 0.124864
vn -0.707107 -0.707107 -0.000000
v -2.912261 -2.912261 -13.396399 0.87105 0.88844 0.87680
vt 0.792681 0.125960
vn -0.707107 -0.707107 -0.000000
v -2.329809 -3.494713 -13.978851 0.87105 0.88844 0.87680
vt 0.805936 0.156824
vn -0.707107 -0.707107 -0.000000
f 1573/1573/1573 1574/1574/1574 1575/1575/1575
v -2.912261 -2.912261 -12.231495 0.91030 0.91260 0.89190
vt 0.767689 0.124864
vn -0.707107 -0.707107 0.000000
v -2.329809 -3.494713 -13.978851 0.91030 0.91260 0.89190
vt 0.805936 0.156824
vn -0.707107 -0.707107 0.000000
v -2.329809 -3.494713 -11.649043 0.91030 0.91260 0.89190
vt 0.761044 0.156385
vn -0.707107 -0.707107 0.000000
f 1576/1576/1576 1577/1577/1577 1578/1578/1578
v -2.912261 -2.329809 -5.824521 0.21277 0.27244 0.31515
vt 0.690202 0.513000
vn -0.000000 1.000000 0.000000
v -1.747356 -2.329809 -5.824521 0.21277 0.27244 0.31515
vt 0.689003 0.543954
vn -0.000000 1.000000 0.000000
v -1.747356 -2.329809 -6.406973 0.21277 0.27244 0.31515
vt 0.685889 0.542465
vn -0.000000 1.000000 0.000000
f 1579/1579/1579 1580/1580/1580 1581/1581/1581
v -2.912261 -2.329809 -5.824521 0.25505 0.28754 0.33327
vt 0.690202 0.513000
vn 0.000000 1.000000 0.000000
v -1.747356 -2.329809 -6.406973 0.25505 0.28754 0.33327
vt 0.685889 0.542465
vn 0.000000 1.000000 0.000000
v -2.912261 -2.329809 -6.406973 0.25505 0.28754 0.33327
vt 0.686778 0.512941
vn 0.000000 1.000000 0.000000
f 1582/1582/1582 1583/1583/1583 1584/1584/1584
v -2.912261 -1.164904 -12.231495 0.52681 0.28754 0.27288
vt 0.556322 0.504837
vn -0.000000 1.000000 0.000000
v -1.747356 -1.164904 -12.231495 0.52681 0.28754 0.27288
vt 0.554334 0.534208
vn -0.000000 1.000000 0.000000
v -1.747356 -1.164904 -12.813947 0.52681 0.28754 0.27288
vt 0.553462 0.533993
vn -0.000000 1.000000 0.000000
f 1585/1585/1585 1586/1586/1586 1587/1587/1587
v -2.912261 -1.164904 -12.231495 0.29128 0.28754 0.33629
vt 0.556322 0.504837
vn 0.000000 1.000000 0.000000
v -1.747356 -1.164904 -12.813947 0.29128 0.28754 0.33629
vt 0.553462 0.533993
vn 0.000000 1.000000 0.000000
v -2.912261 -1.164904 -12.813947 0.29128 0.28754 0.33629
vt 0.555088 0.504690
vn 0.000000 1.000000 0.000000
f 1588/1588/1588 1589/1589/1589 1590/1590/1590
v -1.747356 -2.912261 12.231495 0.91030 0.91260 0.89190
vt 0.265364 0.142412
vn -0.707107 -0.707107 0.000000
v -2.329809 -2.329809 12.231495 0.91030 0.91260 0.89190
vt 0.281980 0.116509
vn -0.707107 -0.707107 0.000000
v -2.329809 -2.329809 11.649043 0.91030 0.91260 0.89190
vt 0.293696 0.117779
vn -0.707107 -0.707107 0.000000
f 1591/1591/1591 1592/1592/1592 1593/1593/1593
v -1.747356 -2.912261 12.231495 0.90124 0.90052 0.88284
vt 0.265364 0.142412
vn -0.707107 -0.707107 -0.000000
v -2.329809 -2.329809 11.649043 0.90124 0.90052 0.88284
vt 0.293696 0.117779
vn -0.707107 -0.707107 -0.000000
v -1.747356 -2.912261 11.649043 0.90124 0.90052 0.88284
vt 0.272262 0.145423
vn -0.707107 -0.707107 -0.000000
f 1594/1594/1594 1595/1595/1595 1596/1596/1596
v -1.747356 -2.912261 12.231495 0.91030 0.91260 0.89190
vt 0.265364 0.142412
vn -1.000000 0.000000 0.000000
v -1.747356 -3.494713 12.231495 0.91030 0.91260 0.89190
vt 0.241582 0.166924
vn -1.000000 0.000000 0.000000
v -1.747356 -2.912261 12.813947 0.91030 0.91260 0.89190
vt 0.236665 0.155365
vn -1.000000 0.000000 0.000000
f 1597/1597/1597 1598/1598/1598 1599/1599/1599
v -2.329809 -3.494713 -13.978851 0.91030 0.91260 0.89190
vt 0.805936 0.156824
vn -0.696311 -0.696311 0.174078
v -1.747356 -4.077165 -13.978851 0.91030 0.91260 0.89190
vt 0.809162 0.188774
vn -0.696311 -0.696311 0.174078
v -1.747356 -3.494713 -11.649043 0.91030 0.91260 0.89190
vt 0.764342 0.187547
vn -0.696311 -0.696311 0.174078
f 1600/1600/1600 1601/1601/1601 1602/1602/1602
v -2.329809 -3.494713 -13.978851 0.91030 0.91260 0.89190
vt 0.805936 0.156824
vn 0.000000 -1.000000 0.000000
v -1.747356 -3.494713 -11.649043 0.91030 0.91260 0.89190
vt 0.764342 0.187547
vn 0.000000 -1.000000 0.000000
v -2.329809 -3.494713 -11.649043 0.91030 0.91260 0.89190
vt 0.761044 0.156385
vn 0.000000 -1.000000 0.000000
f 1603/1603/1603 1604/1604/1604 1605/1605/1605
v -2.912261 -2.912261 -13.396399 0.84085 0.87033 0.85566
vt 0.792681 0.125960
vn -0.894427 0.000000 -0.447214
v -2.329809 -2.912261 -14.561303 0.84085 0.87033 0.85566
vt 0.814387 0.130962
vn -0.894427 0.000000 -0.447214
v -2.329809 -3.494713 -14.561303 0.84085 0.87033 0.85566
vt 0.831507 0.153154
vn -0.894427 0.000000 -0.447214
f 1606/1606/1606 1607/1607/1607 1608/1608/1608
v -2.912261 -2.912261 -13.396399 0.91030 0.91260 0.89190
vt 0.792681 0.125960
vn -0.707107 -0.707107 0.000000
v -2.329809 -3.494713 -14.561303 0.91030 0.91260 0.89190
vt 0.831507 0.153154
vn -0.707107 -0.707107 0.000000
v -2.329809 -3.494713 -13.978851 0.91030 0.91260 0.89190
vt 0.820642 0.154754
vn -0.707107 -0.707107 0.000000
f 1609/1609/1609 1610/1610/1610 1611/1611/1611
v -2.329809 -0.582452 13.978851 0.91030 0.91260 0.89190
vt 0.296350 0.035279
vn -0.577350 -0.577350 0.577350
v -2.912261 -0.582452 13.396399 0.91030 0.91260 0.89190
vt 0.315065 0.036387
vn -0.577350 -0.577350 0.577350
v -2.329809 -1.747356 12.813947 0.91030 0.91260 0.89190
vt 0.306052 0.081818
vn -0.577350 -0.577350 0.577350
f 1612/1612/1612 1613/1613/1613 1614/1614/1614
v -2.329809 -0.582452 13.978851 0.16748 0.28754 0.28798
vt 0.296350 0.035279
vn -1.000000 0.000000 0.000000
v -2.329809 -1.747356 12.813947 0.16748 0.28754 0.28798
vt 0.306052 0.081818
vn -1.000000 0.000000 0.000000
v -2.329809 -1.747356 13.396399 0.16748 0.28754 0.28798
vt 0.287414 0.078326
vn -1.000000 0.000000 0.000000
f 1615/1615/1615 1616/1616/1616 1617/1617/1617
v -2.329809 -1.747356 12.813947 0.91030 0.91260 0.89190
vt 0.306052 0.081818
vn -0.577350 -0.577350 0.577350
v -2.912261 -0.582452 13.396399 0.91030 0.91260 0.89190
vt 0.315065 0.036387
vn -0.577350 -0.577350 0.577350
v -2.912261 -1.164904 12.813947 0.91030 0.91260 0.89190
vt 0.326710 0.038420
vn -0.577350 -0.577350 0.577350
f 1618/1618/1618 1619/1619/1619 1620/1620/1620
v -2.329809 -1.747356 12.813947 0.91030 0.91260 0.89190
vt 0.306052 0.081818
vn -0.707107 -0.707107 -0.000000
v -2.912261 -1.164904 12.813947 0.91030 0.91260 0.89190
vt 0.326710 0.038420
vn -0.707107 -0.707107 -0.000000
v -2.329809 -1.747356 12.231495 0.91030 0.91260 0.89190
vt 0.320604 0.083788
vn -0.707107 -0.707107 -0.000000
f 1621/1621/1621 1622/1622/1622 1623/1623/1623
v -2.912261 -1.747356 -6.406973 0.91030 0.91260 0.89190
vt 0.655916 0.079063
vn -1.000000 0.000000 -0.000000
v -2.912261 -1.747356 -6.989426 0.91030 0.91260 0.89190
vt 0.669099 0.077074
vn -1.000000 0.000000 -0.000000
v -2.912261 -2.329809 -7.571878 0.91030 0.91260 0.89190
vt 0.678309 0.100432
vn -1.000000 0.000000 -0.000000
f 1624/1624/1624 1625/1625/1625 1626/1626/1626
v -2.912261 -1.747356 -6.406973 0.91030 0.91260 0.89190
vt 0.655916 0.079063
vn -1.000000 -0.000000 0.000000
v -2.912261 -2.329809 -7.571878 0.91030 0.91260 0.89190
vt 0.678309 0.100432
vn -1.000000 -0.000000 0.000000
v -2.912261 -2.329809 -6.406973 0.91030 0.91260 0.89190
vt 0.663888 0.101429
vn -1.000000 -0.000000 0.000000
f 1627/1627/1627 1628/1628/1628 1629/1629/1629
v -2.912261 -1.747356 -12.813947 0.91030 0.91260 0.89190
vt 0.770354 0.075534
vn -1.000000 0.000000 -0.000000
v -2.912261 -1.747356 -13.978851 0.91030 0.91260 0.89190
vt 0.784734 0.073955
vn -1.000000 0.000000 -0.000000
v -2.912261 -2.329809 -13.396399 0.91030 0.91260 0.89190
vt 0.786071 0.097267
vn -1.000000 0.000000 -0.000000
f 1630/1630/1630 1631/1631/1631 1632/1632/1632
v -2.912261 -1.747356 -12.813947 0.91030 0.90656 0.89190
vt 0.770354 0.075534
vn -1.000000 -0.000000 0.000000
v -2.912261 -2.329809 -13.396399 0.91030 0.90656 0.89190
vt 0.786071 0.097267
vn -1.000000 -0.000000 0.000000
v -2.912261 -2.329809 -12.231495 0.91030 0.90656 0.89190
vt 0.763919 0.095998
vn -1.000000 -0.000000 0.000000
f 1633/1633/1633 1634/1634/1634 1635/1635/1635
v -2.912261 -1.747356 -13.978851 0.90426 0.91260 0.89190
vt 0.784734 0.073955
vn -1.000000 0.000000 -0.000000
v -2.912261 -1.747356 -14.561303 0.90426 0.91260 0.89190
vt 0.796616 0.072534
vn -1.000000 0.000000 -0.000000
v -2.912261 -2.329809 -14.561303 0.90426 0.91260 0.89190
vt 0.804610 0.097348
vn -1.000000 0.000000 -0.000000
f 1636/1636/1636 1637/1637/1637 1638/1638/1638
v -2.912261 -1.747356 -13.978851 0.90124 0.91260 0.89190
vt 0.784734 0.073955
vn -1.000000 -0.000000 0.000000
v -2.912261 -2.329809 -14.561303 0.90124 0.91260 0.89190
vt 0.804610 0.097348
vn -1.000000 -0.000000 0.000000
v -2.912261 -2.329809 -13.396399 0.90124 0.91260 0.89190
vt 0.786071 0.097267
vn -1.000000 -0.000000 0.000000
f 1639/1639/1639 1640/1640/1640 1641/1641/1641
v -2.912261 -1.747356 -14.561303 0.91030 0.91260 0.89190
vt 0.796616 0.072534
vn 0.000000 0.000000 -1.000000
v -2.329809 -1.747356 -14.561303 0.91030 0.91260 0.89190
vt 0.818579 0.072107
vn 0.000000 0.000000 -1.000000
v -2.329809 -2.329809 -14.561303 0.91030 0.91260 0.89190
vt 0.830414 0.097727
vn 0.000000 0.000000 -1.000000
f 1642/1642/1642 1643/1643/1643 1644/1644/1644
v -2.912261 -1.747356 -14.561303 0.90426 0.91260 0.89190
vt 0.796616 0.072534
vn 0.000000 0.000000 -1.000000
v -2.329809 -2.329809 -14.561303 0.90426 0.91260 0.89190
vt 0.830414 0.097727
vn 0.000000 0.000000 -1.000000
v -2.912261 -2.329809 -14.561303 0.90426 0.91260 0.89190
vt 0.804610 0.097348
vn 0.000000 0.000000 -1.000000
f 1645/1645/1645 1646/1646/1646 1647/1647/1647
v -2.912261 -2.329809 -6.406973 0.91030 0.91260 0.89190
vt 0.372454 0.062085
vn 1.000000 0.000000 0.000000
v -2.912261 -1.164904 -6.406973 0.91030 0.91260 0.89190
vt 0.375226 0.037315
vn 1.000000 0.000000 0.000000
v -2.912261 -2.329809 -5.824521 0.91030 0.91260 0.89190
vt 0.377344 0.062172
vn 1.000000 0.000000 0.000000
f 1648/1648/1648 1649/1649/1649 1650/1650/1650
v -2.912261 -1.164904 11.649043 0.21881 0.29358 0.34535
vt 0.945827 0.520996
vn 0.000000 0.000000 -1.000000
v -1.164904 -1.164904 11.649043 0.21881 0.29358 0.34535
vt 0.945285 0.565537
vn 0.000000 0.000000 -1.000000
v -1.164904 -2.329809 11.649043 0.21881 0.29358 0.34535
vt 0.861185 0.564028
vn 0.000000 0.000000 -1.000000
f 1651/1651/1651 1652/1652/1652 1653/1653/1653
v -2.912261 -1.164904 11.649043 0.22485 0.31170 0.36347
vt 0.945827 0.520996
vn 0.000000 0.000000 -1.000000
v -1.164904 -2.329809 11.649043 0.22485 0.31170 0.36347
vt 0.861185 0.564028
vn 0.000000 0.000000 -1.000000
v -2.329809 -1.747356 11.649043 0.22485 0.31170 0.36347
vt 0.868088 0.525908
vn 0.000000 0.000000 -1.000000
f 1654/1654/1654 1655/1655/1655 1656/1656/1656
v -2.912261 -2.912261 3.494713 0.91030 0.91260 0.89190
vt 0.486685 0.131330
vn -0.707107 -0.707107 -0.000000
v -2.912261 -2.912261 -1.164904 0.91030 0.91260 0.89190
vt 0.575400 0.130364
vn -0.707107 -0.707107 -0.000000
v -2.329809 -3.494713 -2.912261 0.91030 0.91260 0.89190
vt 0.600000 0.160250
vn -0.707107 -0.707107 -0.000000
f 1657/1657/1657 1658/1658/1658 1659/1659/1659
v -2.912261 -2.912261 3.494713 0.91030 0.91260 0.89190
vt 0.486685 0.131330
vn -0.707107 -0.707107 0.000000
v -2.329809 -3.494713 -2.912261 0.91030 0.91260 0.89190
vt 0.600000 0.160250
vn -0.707107 -0.707107 0.000000
v -2.329809 -3.494713 2.912261 0.91030 0.91260 0.89190
vt 0.497365 0.161078
vn -0.707107 -0.707107 0.000000
f 1660/1660/1660 1661/1661/1661 1662/1662/1662
v -1.747356 -3.494713 3.494713 0.91030 0.91260 0.89190
vt 0.494358 0.191423
vn -0.707107 -0.707107 0.000000
v -1.747356 -3.494713 7.571878 0.91030 0.91260 0.89190
vt 0.418520 0.190719
vn -0.707107 -0.707107 0.000000
v -2.329809 -2.912261 7.571878 0.91030 0.91260 0.89190
vt 0.418885 0.161165
vn -0.707107 -0.707107 0.000000
f 1663/1663/1663 1664/1664/1664 1665/1665/1665
v -1.747356 -3.494713 3.494713 0.91030 0.91260 0.89190
vt 0.494358 0.191423
vn -0.123091 -0.984732 0.123091
v -2.329809 -2.912261 7.571878 0.91030 0.91260 0.89190
vt 0.418885 0.161165
vn -0.123091 -0.984732 0.123091
v -2.329809 -3.494713 2.912261 0.91030 0.91260 0.89190
vt 0.497365 0.161078
vn -0.123091 -0.984732 0.123091
f 1666/1666/1666 1667/1667/1667 1668/1668/1668
v -2.912261 -1.747356 6.406973 0.91030 0.91260 0.89190
vt 0.429387 0.088010
vn -1.000000 0.000000 -0.000000
v -2.912261 -1.747356 -1.747356 0.91030 0.91260 0.89190
vt 0.576140 0.085977
vn -1.000000 0.000000 -0.000000
v -2.912261 -2.329809 -1.164904 0.91030 0.91260 0.89190
vt 0.569230 0.104439
vn -1.000000 0.000000 -0.000000
f 1669/1669/1669 1670/1670/1670 1671/1671/1671
v -2.912261 -1.747356 6.406973 0.91030 0.91260 0.89190
vt 0.429387 0.088010
vn -1.000000 0.000000 0.000000
v -2.912261 -2.329809 -1.164904 0.91030 0.91260 0.89190
vt 0.569230 0.104439
vn -1.000000 0.000000 0.000000
v -2.912261 -2.329809 5.242069 0.91030 0.91260 0.89190
vt 0.453974 0.105329
vn -1.000000 0.000000 0.000000
f 1672/1672/1672 1673/1673/1673 1674/1674/1674
v -2.912261 -1.747356 10.484138 0.91030 0.91260 0.89190
vt 0.610649 0.045365
vn 0.577350 0.577350 -0.577350
v -2.912261 -1.164904 11.066590 0.91030 0.91260 0.89190
vt 0.619068 0.038946
vn 0.577350 0.577350 -0.577350
v -2.329809 -1.747356 11.066590 0.91030 0.91260 0.89190
vt 0.616331 0.059961
vn 0.577350 0.577350 -0.577350
f 1675/1675/1675 1676/1676/1676 1677/1677/1677
v -2.912261 -1.747356 10.484138 0.91030 0.91260 0.89190
vt 0.610649 0.045365
vn 0.408248 0.816497 -0.408248
v -2.329809 -1.747356 11.066590 0.91030 0.91260 0.89190
vt 0.616331 0.059961
vn 0.408248 0.816497 -0.408248
v -2.912261 -2.329809 9.319234 0.91030 0.91260 0.89190
vt 0.597076 0.061767
vn 0.408248 0.816497 -0.408248
f 1678/1678/1678 1679/1679/1679 1680/1680/1680
v -1.747356 -4.077165 -2.912261 0.91030 0.91260 0.89190
vt 0.605346 0.190951
vn -0.090167 -0.991837 0.090167
v -1.747356 -3.494713 3.494713 0.91030 0.91260 0.89190
vt 0.494358 0.191423
vn -0.090167 -0.991837 0.090167
v -2.329809 -3.494713 2.912261 0.91030 0.91260 0.89190
vt 0.497365 0.161078
vn -0.090167 -0.991837 0.090167
f 1681/1681/1681 1682/1682/1682 1683/1683/1683
v -1.747356 -4.077165 -2.912261 0.91030 0.91260 0.89190
vt 0.605346 0.190951
vn -0.707107 -0.707107 0.000000
v -2.329809 -3.494713 2.912261 0.91030 0.91260 0.89190
vt 0.497365 0.161078
vn -0.707107 -0.707107 0.000000
v -2.329809 -3.494713 -2.912261 0.91030 0.91260 0.89190
vt 0.600000 0.160250
vn -0.707107 -0.707107 0.000000
f 1684/1684/1684 1685/1685/1685 1686/1686/1686
v -2.912261 -1.747356 -5.824521 0.91030 0.91260 0.89190
vt 0.382088 0.044809
vn 1.000000 0.000000 -0.000000
v -2.912261 -1.747356 10.484138 0.91030 0.91260 0.89190
vt 0.610649 0.045365
vn 1.000000 0.000000 -0.000000
v -2.912261 -2.329809 9.319234 0.91030 0.91260 0.89190
vt 0.597076 0.061767
vn 1.000000 0.000000 -0.000000
f 1687/1687/1687 1688/1688/1688 1689/1689/1689
v -2.912261 -1.747356 -5.824521 0.91030 0.91260 0.89190
vt 0.382088 0.044809
vn 1.000000 0.000000 0.000000
v -2.912261 -2.329809 9.319234 0.91030 0.91260 0.89190
vt 0.597076 0.061767
vn 1.000000 0.000000 0.000000
v -2.912261 -2.329809 -5.824521 0.91030 0.91260 0.89190
vt 0.382239 0.062277
vn 1.000000 0.000000 0.000000
f 1690/1690/1690 1691/1691/1691 1692/1692/1692
v -2.912261 -2.912261 -1.164904 0.91030 0.91260 0.89190
vt 0.575400 0.130364
vn -0.707107 -0.707107 -0.000000
v -2.912261 -2.912261 -5.242069 0.91030 0.91260 0.89190
vt 0.642041 0.129280
vn -0.707107 -0.707107 -0.000000
v -2.329809 -3.494713 -5.242069 0.91030 0.91260 0.89190
vt 0.647113 0.159552
vn -0.707107 -0.707107 -0.000000
f 1693/1693/1693 1694/1694/1694 1695/1695/1695
v -2.912261 -2.912261 -1.164904 0.91030 0.91260 0.89190
vt 0.575400 0.130364
vn -0.707107 -0.707107 0.000000
v -2.329809 -3.494713 -5.242069 0.91030 0.91260 0.89190
vt 0.647113 0.159552
vn -0.707107 -0.707107 0.000000
v -2.329809 -3.494713 -2.912261 0.91030 0.91260 0.89190
vt 0.600000 0.160250
vn -0.707107 -0.707107 0.000000
f 1696/1696/1696 1697/1697/1697 1698/1698/1698
v -2.912261 -1.747356 -1.747356 0.91030 0.91260 0.89190
vt 0.576140 0.085977
vn -1.000000 0.000000 -0.000000
v -2.912261 -1.747356 -5.824521 0.91030 0.91260 0.89190
vt 0.651476 0.082443
vn -1.000000 0.000000 -0.000000
v -2.912261 -2.329809 -5.242069 0.91030 0.91260 0.89190
vt 0.641293 0.102634
vn -1.000000 0.000000 -0.000000
f 1699/1699/1699 1700/1700/1700 1701/1701/1701
v -2.912261 -1.747356 -1.747356 0.91030 0.91260 0.89190
vt 0.576140 0.085977
vn -1.000000 -0.000000 0.000000
v -2.912261 -2.329809 -5.242069 0.91030 0.91260 0.89190
vt 0.641293 0.102634
vn -1.000000 -0.000000 0.000000
v -2.912261 -2.329809 -1.164904 0.91030 0.91260 0.89190
vt 0.569230 0.104439
vn -1.000000 -0.000000 0.000000
f 1702/1702/1702 1703/1703/1703 1704/1704/1704
v -2.329809 -3.494713 -5.242069 0.91030 0.91260 0.89190
vt 0.647113 0.159552
vn 0.000000 -0.970143 -0.242536
v -1.747356 -3.494713 -5.242069 0.91030 0.91260 0.89190
vt 0.651937 0.190118
vn 0.000000 -0.970143 -0.242536
v -1.747356 -4.077165 -2.912261 0.91030 0.91260 0.89190
vt 0.605346 0.190951
vn 0.000000 -0.970143 -0.242536
f 1705/1705/1705 1706/1706/1706 1707/1707/1707
v -2.329809 -3.494713 -5.242069 0.91030 0.91260 0.89190
vt 0.647113 0.159552
vn -0.707107 -0.707107 0.000000
v -1.747356 -4.077165 -2.912261 0.91030 0.91260 0.89190
vt 0.605346 0.190951
vn -0.707107 -0.707107 0.000000
v -2.329809 -3.494713 -2.912261 0.91030 0.91260 0.89190
vt 0.600000 0.160250
vn -0.707107 -0.707107 0.000000
f 1708/1708/1708 1709/1709/1709 1710/1710/1710
v -2.912261 -2.329809 -5.824521 0.91030 0.91260 0.89190
vt 0.377344 0.062172
vn 1.000000 -0.000000 0.000000
v -2.912261 -1.164904 -6.406973 0.91030 0.91260 0.89190
vt 0.375226 0.037315
vn 1.000000 -0.000000 0.000000
v -2.912261 -1.747356 -5.824521 0.91030 0.91260 0.89190
vt 0.382088 0.044809
vn 1.000000 -0.000000 0.000000
f 1711/1711/1711 1712/1712/1712 1713/1713/1713
v -2.912261 -2.912261 -5.242069 0.91030 0.91260 0.89190
vt 0.642041 0.129280
vn -0.707107 -0.707107 -0.000000
v -2.912261 -2.912261 -6.989426 0.91030 0.91260 0.89190
vt 0.678616 0.128419
vn -0.707107 -0.707107 -0.000000
v -2.329809 -3.494713 -8.736782 0.91030 0.91260 0.89190
vt 0.703851 0.158192
vn -0.707107 -0.707107 -0.000000
f 1714/1714/1714 1715/1715/1715 1716/1716/1716
v -2.912261 -2.912261 -5.242069 0.91030 0.91260 0.89190
vt 0.642041 0.129280
vn -0.707107 -0.707107 0.000000
v -2.329809 -3.494713 -8.736782 0.91030 0.91260 0.89190
vt 0.703851 0.158192
vn -0.707107 -0.707107 0.000000
v -2.329809 -3.494713 -5.242069 0.91030 0.91260 0.89190
vt 0.647113 0.159552
vn -0.707107 -0.707107 0.000000
f 1717/1717/1717 1718/1718/1718 1719/1719/1719
v -2.912261 -1.747356 -5.824521 0.91030 0.91260 0.89190
vt 0.651476 0.082443
vn -1.000000 0.000000 -0.000000
v -2.912261 -1.747356 -6.406973 0.91030 0.91260 0.89190
vt 0.655916 0.079063
vn -1.000000 0.000000 -0.000000
v -2.912261 -2.329809 -6.406973 0.91030 0.91260 0.89190
vt 0.663888 0.101429
vn -1.000000 0.000000 -0.000000
f 1720/1720/1720 1721/1721/1721 1722/1722/1722
v -2.912261 -1.747356 -5.824521 0.91030 0.91260 0.89190
vt 0.651476 0.082443
vn -1.000000 -0.000000 0.000000
v -2.912261 -2.329809 -6.406973 0.91030 0.91260 0.89190
vt 0.663888 0.101429
vn -1.000000 -0.000000 0.000000
v -2.912261 -2.329809 -5.242069 0.91030 0.91260 0.89190
vt 0.641293 0.102634
vn -1.000000 -0.000000 0.000000
f 1723/1723/1723 1724/1724/1724 1725/1725/1725
v -2.912261 -2.912261 7.571878 0.72006 0.72236 0.70166
vt 0.411971 0.131265
vn -0.707107 -0.707107 -0.000000
v -2.912261 -2.912261 3.494713 0.72006 0.72236 0.70166
vt 0.486685 0.131330
vn -0.707107 -0.707107 -0.000000
v -2.329809 -3.494713 2.912261 0.72006 0.72236 0.70166
vt 0.497365 0.161078
vn -0.707107 -0.707107 -0.000000
f 1726/1726/1726 1727/1727/1727 1728/1728/1728
v -2.912261 -2.912261 7.571878 0.91030 0.91260 0.89190
vt 0.411971 0.131265
vn 0.000000 -0.992278 0.124035
v -2.329809 -3.494713 2.912261 0.91030 0.91260 0.89190
vt 0.497365 0.161078
vn 0.000000 -0.992278 0.124035
v -2.329809 -2.912261 7.571878 0.91030 0.91260 0.89190
vt 0.418885 0.161165
vn 0.000000 -0.992278 0.124035
f 1729/1729/1729 1730/1730/1730 1731/1731/1731
v -2.912261 -2.329809 9.901686 0.91030 0.91260 0.89190
vt 0.374032 0.104335
vn -1.000000 0.000000 0.000000
v -2.912261 -1.747356 11.066590 0.91030 0.91260 0.89190
vt 0.353345 0.086066
vn -1.000000 0.000000 0.000000
v -2.912261 -1.747356 6.406973 0.91030 0.91260 0.89190
vt 0.429387 0.088010
vn -1.000000 0.000000 0.000000
f 1732/1732/1732 1733/1733/1733 1734/1734/1734
v -2.912261 -2.329809 9.901686 0.90728 0.90958 0.88888
vt 0.374032 0.104335
vn -1.000000 0.000000 0.000000
v -2.912261 -1.747356 6.406973 0.90728 0.90958 0.88888
vt 0.429387 0.088010
vn -1.000000 0.000000 0.000000
v -2.912261 -2.329809 5.242069 0.90728 0.90958 0.88888
vt 0.453974 0.105329
vn -1.000000 0.000000 0.000000
f 1735/1735/1735 1736/1736/1736 1737/1737/1737
v -2.329809 -2.912261 7.571878 0.91030 0.91260 0.89190
vt 0.418885 0.161165
vn -0.707107 -0.707107 0.000000
v -1.747356 -3.494713 7.571878 0.91030 0.91260 0.89190
vt 0.418520 0.190719
vn -0.707107 -0.707107 0.000000
v -1.747356 -3.494713 9.901686 0.91030 0.91260 0.89190
vt 0.378916 0.188537
vn -0.707107 -0.707107 0.000000
f 1738/1738/1738 1739/1739/1739 1740/1740/1740
v -2.329809 -2.912261 7.571878 0.91030 0.91260 0.89190
vt 0.418885 0.161165
vn -0.707107 -0.707107 0.000000
v -1.747356 -3.494713 9.901686 0.91030 0.91260 0.89190
vt 0.378916 0.188537
vn -0.707107 -0.707107 0.000000
v -2.329809 -2.912261 9.901686 0.91030 0.91260 0.89190
vt 0.378110 0.159038
vn -0.707107 -0.707107 0.000000
f 1741/1741/1741 1742/1742/1742 1743/1743/1743
v -2.329809 -2.329809 9.901686 0.91030 0.91260 0.89190
vt 0.370729 0.129438
vn 0.000000 -0.970143 0.242536
v -2.912261 -2.912261 7.571878 0.91030 0.91260 0.89190
vt 0.411971 0.131265
vn 0.000000 -0.970143 0.242536
v -2.329809 -2.912261 7.571878 0.91030 0.91260 0.89190
vt 0.418885 0.161165
vn 0.000000 -0.970143 0.242536
f 1744/1744/1744 1745/1745/1745 1746/1746/1746
v -2.329809 -2.329809 9.901686 0.91030 0.91260 0.89190
vt 0.370729 0.129438
vn -1.000000 -0.000000 0.000000
v -2.329809 -2.912261 7.571878 0.91030 0.91260 0.89190
vt 0.418885 0.161165
vn -1.000000 -0.000000 0.000000
v -2.329809 -2.912261 9.901686 0.91030 0.91260 0.89190
vt 0.378110 0.159038
vn -1.000000 -0.000000 0.000000
f 1747/1747/1747 1748/1748/1748 1749/1749/1749
v -2.329809 -2.912261 9.901686 0.91030 0.91260 0.89190
vt 0.378110 0.159038
vn -0.707107 -0.707107 0.000000
v -1.747356 -3.494713 9.901686 0.91030 0.91260 0.89190
vt 0.378916 0.188537
vn -0.707107 -0.707107 0.000000
v -1.747356 -3.494713 11.066590 0.91030 0.91260 0.89190
vt 0.354829 0.185359
vn -0.707107 -0.707107 0.000000
f 1750/1750/1750 1751/1751/1751 1752/1752/1752
v -2.329809 -2.912261 9.901686 0.91030 0.91260 0.89190
vt 0.378110 0.159038
vn -0.707107 -0.707107 0.000000
v -1.747356 -3.494713 11.066590 0.91030 0.91260 0.89190
vt 0.354829 0.185359
vn -0.707107 -0.707107 0.000000
v -2.329809 -2.912261 11.066590 0.91030 0.91260 0.89190
vt 0.352921 0.155868
vn -0.707107 -0.707107 0.000000
f 1753/1753/1753 1754/1754/1754 1755/1755/1755
v -1.164904 -4.077165 -13.978851 0.68383 0.75860 0.76206
vt 0.895760 0.208025
vn -0.000000 -0.707107 -0.707107
v -1.747356 -4.077165 -13.978851 0.68383 0.75860 0.76206
vt 0.855389 0.183275
vn -0.000000 -0.707107 -0.707107
v -1.747356 -3.494713 -14.561303 0.68383 0.75860 0.76206
vt 0.858744 0.176519
vn -0.000000 -0.707107 -0.707107
f 1756/1756/1756 1757/1757/1757 1758/1758/1758
v -1.164904 -4.077165 -13.978851 0.16748 0.31472 0.33327
vt 0.895760 0.208025
vn -0.707107 -0.707107 -0.000000
v -1.747356 -3.494713 -14.561303 0.16748 0.31472 0.33327
vt 0.858744 0.176519
vn -0.707107 -0.707107 -0.000000
v -1.164904 -4.077165 -14.561303 0.16748 0.31472 0.33327
vt 0.897108 0.196252
vn -0.707107 -0.707107 -0.000000
f 1759/1759/1759 1760/1760/1760 1761/1761/1761
v -1.164904 -2.912261 13.396399 0.14030 0.30868 0.31515
vt 0.213348 0.141438
vn -0.000000 -1.000000 0.000000
v -1.747356 -2.912261 13.396399 0.14030 0.30868 0.31515
vt 0.240253 0.128535
vn -0.000000 -1.000000 0.000000
v -1.747356 -2.912261 12.813947 0.14030 0.30868 0.31515
vt 0.236665 0.155365
vn -0.000000 -1.000000 0.000000
f 1762/1762/1762 1763/1763/1763 1764/1764/1764
v -1.164904 -2.912261 13.396399 0.91030 0.91260 0.89190
vt 0.213348 0.141438
vn -0.577350 -0.577350 0.577350
v -1.747356 -2.912261 12.813947 0.91030 0.91260 0.89190
vt 0.236665 0.155365
vn -0.577350 -0.577350 0.577350
v -1.164904 -3.494713 12.813947 0.91030 0.91260 0.89190
vt 0.209850 0.175686
vn -0.577350 -0.577350 0.577350
f 1765/1765/1765 1766/1766/1766 1767/1767/1767
v -1.164904 -4.077165 12.231495 0.59626 0.59856 0.57786
vt 0.213197 0.190862
vn -1.000000 0.000000 0.000000
v -1.164904 -4.077165 12.813947 0.59626 0.59856 0.57786
vt 0.194003 0.185789
vn -1.000000 0.000000 0.000000
v -1.164904 -3.494713 12.813947 0.59626 0.59856 0.57786
vt 0.209850 0.175686
vn -1.000000 0.000000 0.000000
f 1768/1768/1768 1769/1769/1769 1770/1770/1770
v -1.747356 -2.329809 -5.824521 0.24599 0.29358 0.32723
vt 0.689003 0.543954
vn -0.000000 1.000000 0.000000
v -1.164904 -2.329809 -5.824521 0.24599 0.29358 0.32723
vt 0.688248 0.560776
vn -0.000000 1.000000 0.000000
v -1.164904 -2.329809 -6.406973 0.24599 0.29358 0.32723
vt 0.684953 0.559909
vn -0.000000 1.000000 0.000000
f 1771/1771/1771 1772/1772/1772 1773/1773/1773
v -1.747356 -2.329809 -5.824521 0.27618 0.33585 0.37857
vt 0.689003 0.543954
vn 0.000000 1.000000 0.000000
v -1.164904 -2.329809 -6.406973 0.27618 0.33585 0.37857
vt 0.684953 0.559909
vn 0.000000 1.000000 0.000000
v -1.747356 -2.329809 -6.406973 0.27618 0.33585 0.37857
vt 0.685889 0.542465
vn 0.000000 1.000000 0.000000
f 1774/1774/1774 1775/1775/1775 1776/1776/1776
v -1.747356 0.582452 -12.231495 0.16446 0.26942 0.33629
vt 0.241028 0.606501
vn -0.000000 1.000000 0.000000
v -1.164904 0.582452 -12.231495 0.16446 0.26942 0.33629
vt 0.225670 0.591656
vn -0.000000 1.000000 0.000000
v -1.164904 0.582452 -12.813947 0.16446 0.26942 0.33629
vt 0.226649 0.590570
vn -0.000000 1.000000 0.000000
f 1777/1777/1777 1778/1778/1778 1779/1779/1779
v -1.747356 0.582452 -12.231495 0.16144 0.26640 0.32723
vt 0.241028 0.606501
vn 0.000000 1.000000 0.000000
v -1.164904 0.582452 -12.813947 0.16144 0.26640 0.32723
vt 0.226649 0.590570
vn 0.000000 1.000000 0.000000
v -1.747356 0.582452 -12.813947 0.16144 0.26640 0.32723
vt 0.242031 0.605436
vn 0.000000 1.000000 0.000000
f 1780/1780/1780 1781/1781/1781 1782/1782/1782
v -1.164904 -4.077165 -8.154330 0.91030 0.91260 0.89190
vt 0.704658 0.217312
vn -1.000000 0.000000 -0.000000
v -1.164904 -4.077165 -8.736782 0.91030 0.91260 0.89190
vt 0.715423 0.216941
vn -1.000000 0.000000 -0.000000
v -1.164904 -4.659617 -8.736782 0.91030 0.91260 0.89190
vt 0.711553 0.229787
vn -1.000000 0.000000 -0.000000
f 1783/1783/1783 1784/1784/1784 1785/1785/1785
v -1.164904 -4.077165 -8.154330 0.91030 0.91260 0.89190
vt 0.704658 0.217312
vn -1.000000 -0.000000 0.000000
v -1.164904 -4.659617 -8.736782 0.91030 0.91260 0.89190
vt 0.711553 0.229787
vn -1.000000 -0.000000 0.000000
v -1.164904 -4.659617 -8.154330 0.91030 0.91260 0.89190
vt 0.701506 0.230094
vn -1.000000 -0.000000 0.000000
f 1786/1786/1786 1787/1787/1787 1788/1788/1788
v -1.164904 -4.077165 -13.978851 0.91030 0.91260 0.89190
vt 0.808708 0.218622
vn -1.000000 0.000000 0.000000
v -1.164904 -4.659617 -13.978851 0.91030 0.91260 0.89190
vt 0.809943 0.230498
vn -1.000000 0.000000 0.000000
v -1.164904 -4.659617 -12.231495 0.91030 0.91260 0.89190
vt 0.775706 0.229616
vn -1.000000 0.000000 0.000000
f 1789/1789/1789 1790/1790/1790 1791/1791/1791
v -1.164904 -4.077165 -13.978851 0.91030 0.91260 0.89190
vt 0.808708 0.218622
vn -1.000000 0.000000 0.000000
v -1.164904 -4.659617 -12.231495 0.91030 0.91260 0.89190
vt 0.775706 0.229616
vn -1.000000 0.000000 0.000000
v -1.164904 -4.077165 -12.231495 0.91030 0.91260 0.89190
vt 0.772202 0.217068
vn -1.000000 0.000000 0.000000
f 1792/1792/1792 1793/1793/1793 1794/1794/1794
v -1.747356 -2.329809 -15.143755 0.91030 0.91260 0.89190
vt 0.869676 0.098215
vn 0.000000 0.000000 -1.000000
v -1.747356 -1.747356 -15.143755 0.91030 0.91260 0.89190
vt 0.861643 0.071035
vn 0.000000 0.000000 -1.000000
v -1.164904 -1.747356 -15.143755 0.91030 0.91260 0.89190
vt 0.885164 0.070312
vn 0.000000 0.000000 -1.000000
f 1795/1795/1795 1796/1796/1796 1797/1797/1797
v -1.747356 -2.329809 -15.143755 0.91030 0.91260 0.89190
vt 0.869676 0.098215
vn 0.000000 0.000000 -1.000000
v -1.164904 -1.747356 -15.143755 0.91030 0.91260 0.89190
vt 0.885164 0.070312
vn 0.000000 0.000000 -1.000000
v -1.164904 -2.329809 -15.143755 0.91030 0.91260 0.89190
vt 0.891013 0.097989
vn 0.000000 0.000000 -1.000000
f 1798/1798/1798 1799/1799/1799 1800/1800/1800
v -1.747356 -1.164904 -6.406973 0.51171 0.29358 0.27288
vt 0.614691 0.538866
vn 0.000000 0.000000 1.000000
v -2.912261 -1.164904 -6.406973 0.51171 0.29358 0.27288
vt 0.616374 0.509439
vn 0.000000 0.000000 1.000000
v -2.912261 -2.329809 -6.406973 0.51171 0.29358 0.27288
vt 0.686778 0.512941
vn 0.000000 0.000000 1.000000
f 1801/1801/1801 1802/1802/1802 1803/1803/1803
v -1.747356 -1.164904 -6.406973 0.50869 0.29056 0.27590
vt 0.614691 0.538866
vn 0.000000 0.000000 1.000000
v -2.912261 -2.329809 -6.406973 0.50869 0.29056 0.27590
vt 0.686778 0.512941
vn 0.000000 0.000000 1.000000
v -1.747356 -2.329809 -6.406973 0.50869 0.29056 0.27590
vt 0.685889 0.542465
vn 0.000000 0.000000 1.000000
f 1804/1804/1804 1805/1805/1805 1806/1806/1806
v -1.164904 -1.164904 15.143755 0.91030 0.91260 0.89190
vt 0.232549 0.036733
vn -0.577350 -0.577350 0.577350
v -1.747356 -1.164904 14.561303 0.91030 0.91260 0.89190
vt 0.267263 0.036026
vn -0.577350 -0.577350 0.577350
v -1.747356 -1.747356 13.978851 0.91030 0.91260 0.89190
vt 0.258905 0.088288
vn -0.577350 -0.577350 0.577350
f 1807/1807/1807 1808/1808/1808 1809/1809/1809
v -1.164904 -1.164904 15.143755 0.14030 0.31774 0.32119
vt 0.232549 0.036733
vn -0.577350 -0.577350 0.577350
v -1.747356 -1.747356 13.978851 0.14030 0.31774 0.32119
vt 0.258905 0.088288
vn -0.577350 -0.577350 0.577350
v -1.164904 -1.747356 14.561303 0.14030 0.31774 0.32119
vt 0.227268 0.092401
vn -0.577350 -0.577350 0.577350
f 1810/1810/1810 1811/1811/1811 1812/1812/1812
v -1.164904 -2.329809 10.484138 0.19767 0.29056 0.35441
vt 0.853455 0.563342
vn 0.254000 0.889001 -0.381000
v -2.912261 -2.329809 9.319234 0.19767 0.29056 0.35441
vt 0.846929 0.521330
vn 0.254000 0.889001 -0.381000
v -2.329809 -1.747356 11.066590 0.19767 0.29056 0.35441
vt 0.861897 0.523219
vn 0.254000 0.889001 -0.381000
f 1813/1813/1813 1814/1814/1814 1815/1815/1815
v -1.164904 -2.329809 10.484138 0.15540 0.26036 0.33025
vt 0.853455 0.563342
vn 0.447214 0.894427 -0.000000
v -2.329809 -1.747356 11.066590 0.15540 0.26036 0.33025
vt 0.861897 0.523219
vn 0.447214 0.894427 -0.000000
v -1.164904 -2.329809 11.066590 0.15540 0.26036 0.33025
vt 0.857251 0.563642
vn 0.447214 0.894427 -0.000000
f 1816/1816/1816 1817/1817/1817 1818/1818/1818
v -1.164904 -2.329809 -5.824521 0.17955 0.27244 0.33931
vt 0.691455 0.557232
vn 0.000000 1.000000 0.000000
v -2.912261 -2.329809 -5.824521 0.17955 0.27244 0.33931
vt 0.693318 0.513030
vn 0.000000 1.000000 0.000000
v -2.912261 -2.329809 9.319234 0.17955 0.27244 0.33931
vt 0.846929 0.521330
vn 0.000000 1.000000 0.000000
f 1819/1819/1819 1820/1820/1820 1821/1821/1821
v -1.164904 -2.329809 -5.824521 0.17352 0.26036 0.32119
vt 0.691455 0.557232
vn 0.000000 1.000000 -0.000000
v -2.912261 -2.329809 9.319234 0.17352 0.26036 0.32119
vt 0.846929 0.521330
vn 0.000000 1.000000 -0.000000
v -1.164904 -2.329809 10.484138 0.17352 0.26036 0.32119
vt 0.853455 0.563342
vn 0.000000 1.000000 -0.000000
f 1822/1822/1822 1823/1823/1823 1824/1824/1824
v -1.164904 -2.329809 11.649043 0.15540 0.26036 0.33025
vt 0.861185 0.564028
vn 0.447214 0.894427 0.000000
v -1.164904 -2.329809 11.066590 0.15540 0.26036 0.33025
vt 0.857251 0.563642
vn 0.447214 0.894427 0.000000
v -2.329809 -1.747356 11.066590 0.15540 0.26036 0.33025
vt 0.861897 0.523219
vn 0.447214 0.894427 0.000000
f 1825/1825/1825 1826/1826/1826 1827/1827/1827
v -1.164904 -2.329809 11.649043 0.14634 0.26640 0.33025
vt 0.861185 0.564028
vn 0.447214 0.894427 0.000000
v -2.329809 -1.747356 11.066590 0.14634 0.26640 0.33025
vt 0.861897 0.523219
vn 0.447214 0.894427 0.000000
v -2.329809 -1.747356 11.649043 0.14634 0.26640 0.33025
vt 0.868088 0.525908
vn 0.447214 0.894427 0.000000
f 1828/1828/1828 1829/1829/1829 1830/1830/1830
v -1.747356 -2.329809 12.813947 0.14332 0.31170 0.32421
vt 0.269934 0.112009
vn -0.707107 -0.707107 0.000000
v -2.329809 -1.747356 13.396399 0.14332 0.31170 0.32421
vt 0.287414 0.078326
vn -0.707107 -0.707107 0.000000
v -2.329809 -1.747356 12.813947 0.14332 0.31170 0.32421
vt 0.306052 0.081818
vn -0.707107 -0.707107 0.000000
f 1831/1831/1831 1832/1832/1832 1833/1833/1833
v -1.747356 -2.329809 12.813947 0.14332 0.31170 0.32421
vt 0.269934 0.112009
vn -0.577350 -0.577350 0.577350
v -2.329809 -1.747356 12.813947 0.14332 0.31170 0.32421
vt 0.306052 0.081818
vn -0.577350 -0.577350 0.577350
v -2.329809 -2.329809 12.231495 0.14332 0.31170 0.32421
vt 0.281980 0.116509
vn -0.577350 -0.577350 0.577350
f 1834/1834/1834 1835/1835/1835 1836/1836/1836
v -2.329809 -2.912261 -14.561303 0.91030 0.91260 0.88888
vt 0.842704 0.142378
vn -0.707107 0.000000 -0.707107
v -2.329809 -2.329809 -14.561303 0.91030 0.91260 0.88888
vt 0.830414 0.097727
vn -0.707107 0.000000 -0.707107
v -1.747356 -2.329809 -15.143755 0.91030 0.91260 0.88888
vt 0.869676 0.098215
vn -0.707107 0.000000 -0.707107
f 1837/1837/1837 1838/1838/1838 1839/1839/1839
v -2.329809 -2.912261 -14.561303 0.91030 0.91260 0.89190
vt 0.842704 0.142378
vn -0.534522 -0.267261 -0.801784
v -1.747356 -2.329809 -15.143755 0.91030 0.91260 0.89190
vt 0.869676 0.098215
vn -0.534522 -0.267261 -0.801784
v -1.164904 -3.494713 -15.143755 0.91030 0.91260 0.89190
vt 0.882344 0.154790
vn -0.534522 -0.267261 -0.801784
f 1840/1840/1840 1841/1841/1841 1842/1842/1842
v -1.164904 -2.912261 13.396399 0.20069 0.33585 0.34837
vt 0.213348 0.141438
vn -1.000000 0.000000 0.000000
v -1.164904 -2.329809 14.561303 0.20069 0.33585 0.34837
vt 0.209840 0.093906
vn -1.000000 0.000000 0.000000
v -1.164904 -1.747356 14.561303 0.20069 0.33585 0.34837
vt 0.227268 0.092401
vn -1.000000 0.000000 0.000000
f 1843/1843/1843 1844/1844/1844 1845/1845/1845
v -2.329809 -2.329809 11.066590 0.91030 0.91260 0.89190
vt 0.351390 0.127014
vn -0.707107 -0.707107 -0.000000
v -2.912261 -1.747356 11.066590 0.91030 0.91260 0.89190
vt 0.349527 0.100090
vn -0.707107 -0.707107 -0.000000
v -2.329809 -2.329809 9.901686 0.91030 0.91260 0.89190
vt 0.370729 0.129438
vn -0.707107 -0.707107 -0.000000
f 1846/1846/1846 1847/1847/1847 1848/1848/1848
v -2.912261 -2.912261 -11.066590 0.90426 0.91260 0.89190
vt 0.747625 0.124722
vn -1.000000 0.000000 0.000000
v -2.912261 -2.329809 -11.066590 0.90426 0.91260 0.89190
vt 0.743321 0.095885
vn -1.000000 0.000000 0.000000
v -2.912261 -2.329809 -12.231495 0.90426 0.91260 0.89190
vt 0.763919 0.095998
vn -1.000000 0.000000 0.000000
f 1849/1849/1849 1850/1850/1850 1851/1851/1851
v -2.912261 -2.912261 -11.066590 0.14634 0.30264 0.30610
vt 0.747625 0.124722
vn -1.000000 0.000000 0.000000
v -2.912261 -2.329809 -12.231495 0.14634 0.30264 0.30610
vt 0.763919 0.095998
vn -1.000000 0.000000 0.000000
v -2.912261 -2.912261 -12.231495 0.14634 0.30264 0.30610
vt 0.767689 0.124864
vn -1.000000 0.000000 0.000000
f 1852/1852/1852 1853/1853/1853 1854/1854/1854
v -2.912261 -2.912261 -12.231495 0.89822 0.89146 0.87982
vt 0.767689 0.124864
vn -1.000000 0.000000 0.000000
v -2.912261 -2.329809 -12.231495 0.89822 0.89146 0.87982
vt 0.763919 0.095998
vn -1.000000 0.000000 0.000000
v -2.912261 -2.329809 -13.396399 0.89822 0.89146 0.87982
vt 0.786071 0.097267
vn -1.000000 0.000000 0.000000
f 1855/1855/1855 1856/1856/1856 1857/1857/1857
v -2.912261 -2.912261 -12.231495 0.85595 0.88844 0.87982
vt 0.767689 0.124864
vn -1.000000 0.000000 0.000000
v -2.912261 -2.329809 -13.396399 0.85595 0.88844 0.87982
vt 0.786071 0.097267
vn -1.000000 0.000000 0.000000
v -2.912261 -2.912261 -13.396399 0.85595 0.88844 0.87982
vt 0.792681 0.125960
vn -1.000000 0.000000 0.000000
f 1858/1858/1858 1859/1859/1859 1860/1860/1860
v -2.329809 -2.329809 11.649043 0.91030 0.91260 0.89190
vt 0.300313 0.120626
vn -0.707107 -0.707107 0.000000
v -2.912261 -1.747356 11.649043 0.91030 0.91260 0.89190
vt 0.331460 0.087232
vn -0.707107 -0.707107 0.000000
v -2.912261 -1.747356 11.066590 0.91030 0.91260 0.89190
vt 0.339225 0.093038
vn -0.707107 -0.707107 0.000000
f 1861/1861/1861 1862/1862/1862 1863/1863/1863
v -2.329809 -2.329809 11.649043 0.91030 0.91260 0.89190
vt 0.300313 0.120626
vn -0.707107 -0.707107 -0.000000
v -2.912261 -1.747356 11.066590 0.91030 0.91260 0.89190
vt 0.339225 0.093038
vn -0.707107 -0.707107 -0.000000
v -2.329809 -2.329809 11.066590 0.91030 0.91260 0.89190
vt 0.307260 0.124141
vn -0.707107 -0.707107 -0.000000
f 1864/1864/1864 1865/1865/1865 1866/1866/1866
v -2.912261 -2.912261 -13.396399 0.59928 0.62574 0.61712
vt 0.792681 0.125960
vn -1.000000 0.000000 0.000000
v -2.912261 -2.329809 -13.396399 0.59928 0.62574 0.61712
vt 0.786071 0.097267
vn -1.000000 0.000000 0.000000
v -2.912261 -2.329809 -14.561303 0.59928 0.62574 0.61712
vt 0.804610 0.097348
vn -1.000000 0.000000 0.000000
f 1867/1867/1867 1868/1868/1868 1869/1869/1869
v -2.912261 -2.912261 -13.396399 0.77140 0.79785 0.78923
vt 0.792681 0.125960
vn -0.666667 -0.666667 -0.333333
v -2.912261 -2.329809 -14.561303 0.77140 0.79785 0.78923
vt 0.804610 0.097348
vn -0.666667 -0.666667 -0.333333
v -2.329809 -2.912261 -14.561303 0.77140 0.79785 0.78923
vt 0.814387 0.130962
vn -0.666667 -0.666667 -0.333333
f 1870/1870/1870 1871/1871/1871 1872/1872/1872
v -2.912261 -2.912261 3.494713 0.59626 0.59856 0.57786
vt 0.486685 0.131330
vn -1.000000 0.000000 0.000000
v -2.912261 -2.329809 5.242069 0.59626 0.59856 0.57786
vt 0.453974 0.105329
vn -1.000000 0.000000 0.000000
v -2.912261 -2.329809 -1.164904 0.59626 0.59856 0.57786
vt 0.569230 0.104439
vn -1.000000 0.000000 0.000000
f 1873/1873/1873 1874/1874/1874 1875/1875/1875
v -2.912261 -2.912261 3.494713 0.59626 0.59856 0.57786
vt 0.486685 0.131330
vn -1.000000 0.000000 0.000000
v -2.912261 -2.329809 -1.164904 0.59626 0.59856 0.57786
vt 0.569230 0.104439
vn -1.000000 0.000000 0.000000
v -2.912261 -2.912261 -1.164904 0.59626 0.59856 0.57786
vt 0.575400 0.130364
vn -1.000000 0.000000 0.000000
f 1876/1876/1876 1877/1877/1877 1878/1878/1878
v -2.912261 -2.912261 -1.164904 0.59626 0.59856 0.57786
vt 0.575400 0.130364
vn -1.000000 0.000000 0.000000
v -2.912261 -2.329809 -1.164904 0.59626 0.59856 0.57786
vt 0.569230 0.104439
vn -1.000000 0.000000 0.000000
v -2.912261 -2.329809 -5.242069 0.59626 0.59856 0.57786
vt 0.641293 0.102634
vn -1.000000 0.000000 0.000000
f 1879/1879/1879 1880/1880/1880 1881/1881/1881
v -2.912261 -2.912261 -1.164904 0.60230 0.60460 0.58390
vt 0.575400 0.130364
vn -1.000000 0.000000 0.000000
v -2.912261 -2.329809 -5.242069 0.60230 0.60460 0.58390
vt 0.641293 0.102634
vn -1.000000 0.000000 0.000000
v -2.912261 -2.912261 -5.242069 0.60230 0.60460 0.58390
vt 0.642041 0.129280
vn -1.000000 0.000000 0.000000
f 1882/1882/1882 1883/1883/1883 1884/1884/1884
v -2.912261 -2.912261 -5.242069 0.91030 0.91260 0.89190
vt 0.642041 0.129280
vn -1.000000 0.000000 0.000000
v -2.912261 -2.329809 -5.242069 0.91030 0.91260 0.89190
vt 0.641293 0.102634
vn -1.000000 0.000000 0.000000
v -2.912261 -2.329809 -6.406973 0.91030 0.91260 0.89190
vt 0.663888 0.101429
vn -1.000000 0.000000 0.000000
f 1885/1885/1885 1886/1886/1886 1887/1887/1887
v -2.912261 -2.912261 -5.242069 0.88916 0.91260 0.89190
vt 0.642041 0.129280
vn -1.000000 0.000000 0.000000
v -2.912261 -2.329809 -6.406973 0.88916 0.91260 0.89190
vt 0.663888 0.101429
vn -1.000000 0.000000 0.000000
v -2.912261 -2.912261 -6.989426 0.88916 0.91260 0.89190
vt 0.678616 0.128419
vn -1.000000 0.000000 0.000000
f 1888/1888/1888 1889/1889/1889 1890/1890/1890
v -2.912261 -2.912261 7.571878 0.91030 0.91260 0.89190
vt 0.411971 0.131265
vn -1.000000 0.000000 0.000000
v -2.912261 -2.329809 9.901686 0.91030 0.91260 0.89190
vt 0.374032 0.104335
vn -1.000000 0.000000 0.000000
v -2.912261 -2.329809 5.242069 0.91030 0.91260 0.89190
vt 0.453974 0.105329
vn -1.000000 0.000000 0.000000
f 1891/1891/1891 1892/1892/1892 1893/1893/1893
v -2.912261 -2.912261 7.571878 0.60230 0.60460 0.58390
vt 0.411971 0.131265
vn -1.000000 0.000000 0.000000
v -2.912261 -2.329809 5.242069 0.60230 0.60460 0.58390
vt 0.453974 0.105329
vn -1.000000 0.000000 0.000000
v -2.912261 -2.912261 3.494713 0.60230 0.60460 0.58390
vt 0.486685 0.131330
vn -1.000000 0.000000 0.000000
f 1894/1894/1894 1895/1895/1895 1896/1896/1896
v -2.329809 -2.329809 9.901686 0.91030 0.91260 0.89190
vt 0.370729 0.129438
vn 0.000000 -0.894427 0.447214
v -2.912261 -1.747356 11.066590 0.91030 0.91260 0.89190
vt 0.349527 0.100090
vn 0.000000 -0.894427 0.447214
v -2.912261 -2.329809 9.901686 0.91030 0.91260 0.89190
vt 0.374032 0.104335
vn 0.000000 -0.894427 0.447214
f 1897/1897/1897 1898/1898/1898 1899/1899/1899
v -2.329809 -2.329809 9.901686 0.91030 0.91260 0.89190
vt 0.370729 0.129438
vn 0.000000 -0.970143 0.242536
v -2.912261 -2.329809 9.901686 0.91030 0.91260 0.89190
vt 0.374032 0.104335
vn 0.000000 -0.970143 0.242536
v -2.912261 -2.912261 7.571878 0.91030 0.91260 0.89190
vt 0.411971 0.131265
vn 0.000000 -0.970143 0.242536
f 1900/1900/1900 1901/1901/1901 1902/1902/1902
v -1.747356 -2.329809 12.813947 0.84387 0.89448 0.89190
vt 0.269934 0.112009
vn -1.000000 0.000000 0.000000
v -1.747356 -2.912261 13.396399 0.84387 0.89448 0.89190
vt 0.240253 0.128535
vn -1.000000 0.000000 0.000000
v -1.747356 -1.747356 13.978851 0.84387 0.89448 0.89190
vt 0.258905 0.088288
vn -1.000000 0.000000 0.000000
f 1903/1903/1903 1904/1904/1904 1905/1905/1905
v -1.747356 -2.329809 12.813947 0.14030 0.30868 0.32119
vt 0.269934 0.112009
vn -0.408248 -0.816497 0.408248
v -1.747356 -1.747356 13.978851 0.14030 0.30868 0.32119
vt 0.258905 0.088288
vn -0.408248 -0.816497 0.408248
v -2.329809 -1.747356 13.396399 0.14030 0.30868 0.32119
vt 0.287414 0.078326
vn -0.408248 -0.816497 0.408248
f 1906/1906/1906 1907/1907/1907 1908/1908/1908
v -0.582452 -4.659617 -14.561303 0.91030 0.90656 0.88586
vt 0.935489 0.209832
vn 0.000000 -1.000000 0.000000
v -0.582452 -4.659617 -13.978851 0.91030 0.90656 0.88586
vt 0.936694 0.225827
vn 0.000000 -1.000000 0.000000
v -1.164904 -4.659617 -13.978851 0.91030 0.90656 0.88586
vt 0.915596 0.216697
vn 0.000000 -1.000000 0.000000
f 1909/1909/1909 1910/1910/1910 1911/1911/1911
v -0.582452 -4.659617 -14.561303 0.91030 0.91260 0.88284
vt 0.935489 0.209832
vn -0.577350 -0.577350 -0.577350
v -1.164904 -4.659617 -13.978851 0.91030 0.91260 0.88284
vt 0.915596 0.216697
vn -0.577350 -0.577350 -0.577350
v -1.164904 -4.077165 -14.561303 0.91030 0.91260 0.88284
vt 0.915787 0.202858
vn -0.577350 -0.577350 -0.577350
f 1912/1912/1912 1913/1913/1913 1914/1914/1914
v -0.582452 -3.494713 13.978851 0.84689 0.84919 0.82849
vt 0.180720 0.155108
vn -0.801784 -0.267261 0.534522
v -1.164904 -2.912261 13.396399 0.84689 0.84919 0.82849
vt 0.197481 0.148054
vn -0.801784 -0.267261 0.534522
v -1.164904 -4.077165 12.813947 0.84689 0.84919 0.82849
vt 0.194003 0.185789
vn -0.801784 -0.267261 0.534522
f 1915/1915/1915 1916/1916/1916 1917/1917/1917
v -0.582452 -3.494713 13.978851 0.58720 0.58950 0.56880
vt 0.180720 0.155108
vn 0.000000 -0.894427 0.447214
v -1.164904 -4.077165 12.813947 0.58720 0.58950 0.56880
vt 0.194003 0.185789
vn 0.000000 -0.894427 0.447214
v -0.582452 -4.077165 12.813947 0.58720 0.58950 0.56880
vt 0.177293 0.196527
vn 0.000000 -0.894427 0.447214
f 1918/1918/1918 1919/1919/1919 1920/1920/1920
v -0.582452 -1.164904 -12.813947 0.14332 0.26338 0.32723
vt 0.552406 0.569757
vn 0.000000 1.000000 0.000000
v -0.582452 -1.164904 -15.143755 0.14332 0.26338 0.32723
vt 0.526657 0.568808
vn 0.000000 1.000000 0.000000
v -1.164904 -1.164904 -15.143755 0.14332 0.26338 0.32723
vt 0.528607 0.552279
vn 0.000000 1.000000 0.000000
f 1921/1921/1921 1922/1922/1922 1923/1923/1923
v -0.582452 -1.164904 -12.813947 0.15540 0.26640 0.33327
vt 0.552406 0.569757
vn 0.000000 1.000000 0.000000
v -1.164904 -1.164904 -15.143755 0.15540 0.26640 0.33327
vt 0.528607 0.552279
vn 0.000000 1.000000 0.000000
v -1.164904 -1.164904 -12.813947 0.15540 0.26640 0.33327
vt 0.552951 0.551263
vn 0.000000 1.000000 0.000000
f 1924/1924/1924 1925/1925/1925 1926/1926/1926
v -0.582452 -1.164904 -6.406973 0.16748 0.26640 0.33629
vt 0.613014 0.575232
vn 0.000000 0.000000 1.000000
v -1.164904 -1.164904 -6.406973 0.16748 0.26640 0.33629
vt 0.613814 0.556525
vn 0.000000 0.000000 1.000000
v -1.164904 -2.329809 -6.406973 0.16748 0.26640 0.33629
vt 0.684953 0.559909
vn 0.000000 0.000000 1.000000
f 1927/1927/1927 1928/1928/1928 1929/1929/1929
v -0.582452 -1.164904 -6.406973 0.16144 0.26640 0.32723
vt 0.613014 0.575232
vn 0.000000 0.000000 1.000000
v -1.164904 -2.329809 -6.406973 0.16144 0.26640 0.32723
vt 0.684953 0.559909
vn 0.000000 0.000000 1.000000
v -0.582452 -2.329809 -6.406973 0.16144 0.26640 0.32723
vt 0.683972 0.578455
vn 0.000000 0.000000 1.000000
f 1930/1930/1930 1931/1931/1931 1932/1932/1932
v -0.582452 -1.164904 15.143755 0.91030 0.91260 0.89190
vt 0.195047 0.035142
vn 0.000000 -0.447214 0.894427
v -1.164904 -1.164904 15.143755 0.91030 0.91260 0.89190
vt 0.214385 0.035913
vn 0.000000 -0.447214 0.894427
v -1.164904 -2.329809 14.561303 0.91030 0.91260 0.89190
vt 0.209840 0.093906
vn 0.000000 -0.447214 0.894427
f 1933/1933/1933 1934/1934/1934 1935/1935/1935
v -0.582452 -1.164904 15.143755 0.14634 0.27546 0.28194
vt 0.195047 0.035142
vn 0.000000 -0.447214 0.894427
v -1.164904 -2.329809 14.561303 0.14634 0.27546 0.28194
vt 0.209840 0.093906
vn 0.000000 -0.447214 0.894427
v -0.582452 -2.329809 14.561303 0.14634 0.27546 0.28194
vt 0.191488 0.095596
vn 0.000000 -0.447214 0.894427
f 1936/1936/1936 1937/1937/1937 1938/1938/1938
v -0.582452 -2.329809 10.484138 0.15540 0.26640 0.33327
vt 0.852380 0.584538
vn 0.000000 1.000000 0.000000
v -1.164904 -2.329809 10.484138 0.15540 0.26640 0.33327
vt 0.852852 0.573656
vn 0.000000 1.000000 0.000000
v -1.164904 -2.329809 11.066590 0.15540 0.26640 0.33327
vt 0.856932 0.573890
vn 0.000000 1.000000 0.000000
f 1939/1939/1939 1940/1940/1940 1941/1941/1941
v -0.582452 -2.329809 10.484138 0.17352 0.28452 0.35139
vt 0.852380 0.584538
vn 0.000000 1.000000 -0.000000
v -1.164904 -2.329809 11.066590 0.17352 0.28452 0.35139
vt 0.856932 0.573890
vn 0.000000 1.000000 -0.000000
v -0.582452 -2.329809 11.066590 0.17352 0.28452 0.35139
vt 0.856614 0.584712
vn 0.000000 1.000000 -0.000000
f 1942/1942/1942 1943/1943/1943 1944/1944/1944
v -0.582452 -4.659617 -2.912261 0.75026 0.76464 0.75300
vt 0.617061 0.245718
vn 0.000000 -1.000000 0.000000
v -0.582452 -4.659617 6.406973 0.75026 0.76464 0.75300
vt 0.444204 0.246676
vn 0.000000 -1.000000 0.000000
v -1.164904 -4.659617 5.824521 0.75026 0.76464 0.75300
vt 0.459427 0.233144
vn 0.000000 -1.000000 0.000000
f 1945/1945/1945 1946/1946/1946 1947/1947/1947
v -0.582452 -4.659617 -2.912261 0.91030 0.91260 0.89190
vt 0.617061 0.245718
vn 0.000000 -1.000000 0.000000
v -1.164904 -4.659617 5.824521 0.91030 0.91260 0.89190
vt 0.459427 0.233144
vn 0.000000 -1.000000 0.000000
v -1.164904 -4.659617 -2.912261 0.91030 0.91260 0.89190
vt 0.613470 0.232461
vn 0.000000 -1.000000 0.000000
f 1948/1948/1948 1949/1949/1949 1950/1950/1950
v -0.582452 -2.329809 -5.824521 0.24297 0.30868 0.36045
vt 0.690236 0.578741
vn 0.000000 1.000000 0.000000
v -1.164904 -2.329809 -5.824521 0.24297 0.30868 0.36045
vt 0.690854 0.567685
vn 0.000000 1.000000 0.000000
v -1.164904 -2.329809 10.484138 0.24297 0.30868 0.36045
vt 0.852852 0.573656
vn 0.000000 1.000000 0.000000
f 1951/1951/1951 1952/1952/1952 1953/1953/1953
v -0.582452 -2.329809 -5.824521 0.15238 0.26338 0.33025
vt 0.690236 0.578741
vn 0.000000 1.000000 -0.000000
v -1.164904 -2.329809 10.484138 0.15238 0.26338 0.33025
vt 0.852852 0.573656
vn 0.000000 1.000000 -0.000000
v -0.582452 -2.329809 10.484138 0.15238 0.26338 0.33025
vt 0.852380 0.584538
vn 0.000000 1.000000 -0.000000
f 1954/1954/1954 1955/1955/1955 1956/1956/1956
v -0.582452 -4.659617 -2.912261 0.64457 0.48985 0.49633
vt 0.617061 0.245718
vn -0.000000 -1.000000 0.000000
v -1.164904 -4.659617 -2.912261 0.64457 0.48985 0.49633
vt 0.613470 0.232461
vn -0.000000 -1.000000 0.000000
v -1.164904 -4.659617 -5.824521 0.64457 0.48985 0.49633
vt 0.661380 0.231469
vn -0.000000 -1.000000 0.000000
f 1957/1957/1957 1958/1958/1958 1959/1959/1959
v -0.582452 -4.659617 -2.912261 0.53285 0.30566 0.30006
vt 0.617061 0.245718
vn 0.000000 -1.000000 -0.000000
v -1.164904 -4.659617 -5.824521 0.53285 0.30566 0.30006
vt 0.661380 0.231469
vn 0.000000 -1.000000 -0.000000
v -0.582452 -4.659617 -5.824521 0.53285 0.30566 0.30006
vt 0.663826 0.244782
vn 0.000000 -1.000000 -0.000000
f 1960/1960/1960 1961/1961/1961 1962/1962/1962
v -0.582452 -4.659617 -7.571878 0.45434 0.28452 0.26080
vt 0.698070 0.243656
vn 0.000000 -1.000000 0.000000
v -0.582452 -4.659617 -5.824521 0.45434 0.28452 0.26080
vt 0.663826 0.244782
vn 0.000000 -1.000000 0.000000
v -1.164904 -4.659617 -5.824521 0.45434 0.28452 0.26080
vt 0.661380 0.231469
vn 0.000000 -1.000000 0.000000
f 1963/1963/1963 1964/1964/1964 1965/1965/1965
v -0.582452 -4.659617 -7.571878 0.48152 0.29358 0.29704
vt 0.698070 0.243656
vn -0.000000 -1.000000 0.000000
v -1.164904 -4.659617 -5.824521 0.48152 0.29358 0.29704
vt 0.661380 0.231469
vn -0.000000 -1.000000 0.000000
v -1.164904 -4.659617 -8.154330 0.48152 0.29358 0.29704
vt 0.701506 0.230094
vn -0.000000 -1.000000 0.000000
f 1966/1966/1966 1967/1967/1967 1968/1968/1968
v -0.582452 -4.659617 6.406973 0.91030 0.91260 0.89190
vt 0.444204 0.246676
vn 0.000000 -1.000000 0.000000
v -0.582452 -4.659617 9.901686 0.91030 0.91260 0.89190
vt 0.386676 0.245793
vn 0.000000 -1.000000 0.000000
v -1.164904 -4.659617 9.319234 0.91030 0.91260 0.89190
vt 0.397334 0.232039
vn 0.000000 -1.000000 0.000000
f 1969/1969/1969 1970/1970/1970 1971/1971/1971
v -0.582452 -4.659617 6.406973 0.91030 0.91260 0.89190
vt 0.444204 0.246676
vn -0.000000 -1.000000 0.000000
v -1.164904 -4.659617 9.319234 0.91030 0.91260 0.89190
vt 0.397334 0.232039
vn -0.000000 -1.000000 0.000000
v -1.164904 -4.659617 5.824521 0.91030 0.91260 0.89190
vt 0.459427 0.233144
vn -0.000000 -1.000000 0.000000
f 1972/1972/1972 1973/1973/1973 1974/1974/1974
v -0.582452 -4.659617 9.901686 0.91030 0.91260 0.89190
vt 0.386676 0.245793
vn -0.707107 -0.707107 0.000000
v -0.582452 -4.659617 11.066590 0.91030 0.91260 0.89190
vt 0.367829 0.244785
vn -0.707107 -0.707107 0.000000
v -1.164904 -4.077165 10.484138 0.91030 0.91260 0.89190
vt 0.371038 0.230567
vn -0.707107 -0.707107 0.000000
f 1975/1975/1975 1976/1976/1976 1977/1977/1977
v -0.582452 -4.659617 9.901686 0.91030 0.91260 0.89190
vt 0.386676 0.245793
vn -0.408248 -0.816497 0.408248
v -1.164904 -4.077165 10.484138 0.91030 0.91260 0.89190
vt 0.371038 0.230567
vn -0.408248 -0.816497 0.408248
v -1.164904 -4.659617 9.319234 0.91030 0.91260 0.89190
vt 0.397334 0.232039
vn -0.408248 -0.816497 0.408248
f 1978/1978/1978 1979/1979/1979 1980/1980/1980
v -0.582452 -4.659617 -14.561303 0.90426 0.91260 0.89190
vt 0.935489 0.209832
vn 0.000000 -0.447214 -0.894427
v -0.582452 -3.494713 -15.143755 0.90426 0.91260 0.89190
vt 0.925177 0.163376
vn 0.000000 -0.447214 -0.894427
v 0.000000 -3.494713 -15.143755 0.90426 0.91260 0.89190
vt 0.965587 0.165799
vn 0.000000 -0.447214 -0.894427
f 1981/1981/1981 1982/1982/1982 1983/1983/1983
v -0.582452 -4.659617 -14.561303 0.91030 0.91260 0.89190
vt 0.935489 0.209832
vn 0.000000 -0.447214 -0.894427
v 0.000000 -3.494713 -15.143755 0.91030 0.91260 0.89190
vt 0.965587 0.165799
vn 0.000000 -0.447214 -0.894427
v -0.000000 -4.659617 -14.561303 0.91030 0.91260 0.89190
vt 0.973057 0.214650
vn 0.000000 -0.447214 -0.894427
f 1984/1984/1984 1985/1985/1985 1986/1986/1986
v -0.582452 -4.077165 12.231495 0.91030 0.91260 0.89190
vt 0.180066 0.214052
vn -0.577350 -0.577350 0.577350
v 0.000000 -4.659617 12.231495 0.91030 0.91260 0.89190
vt 0.142472 0.225205
vn -0.577350 -0.577350 0.577350
v 0.000000 -4.077165 12.813947 0.91030 0.91260 0.89190
vt 0.141569 0.205791
vn -0.577350 -0.577350 0.577350
f 1987/1987/1987 1988/1988/1988 1989/1989/1989
v -0.582452 -4.077165 12.231495 0.88614 0.88844 0.86774
vt 0.180066 0.214052
vn 0.000000 -1.000000 0.000000
v 0.000000 -4.077165 12.813947 0.88614 0.88844 0.86774
vt 0.141569 0.205791
vn 0.000000 -1.000000 0.000000
v -0.582452 -4.077165 12.813947 0.88614 0.88844 0.86774
vt 0.177293 0.196527
vn 0.000000 -1.000000 0.000000
f 1990/1990/1990 1991/1991/1991 1992/1992/1992
v -0.582452 -2.329809 -5.824521 0.16144 0.26640 0.33327
vt 0.687284 0.578617
vn -0.000000 1.000000 0.000000
v 0.000000 -2.329809 -5.824521 0.16144 0.26640 0.33327
vt 0.686255 0.599548
vn -0.000000 1.000000 0.000000
v 0.000000 -2.329809 -6.406973 0.16144 0.26640 0.33327
vt 0.682836 0.599395
vn -0.000000 1.000000 0.000000
f 1993/1993/1993 1994/1994/1994 1995/1995/1995
v -0.582452 -2.329809 -5.824521 0.16446 0.26942 0.33629
vt 0.687284 0.578617
vn 0.000000 1.000000 0.000000
v 0.000000 -2.329809 -6.406973 0.16446 0.26942 0.33629
vt 0.682836 0.599395
vn 0.000000 1.000000 0.000000
v -0.582452 -2.329809 -6.406973 0.16446 0.26942 0.33629
vt 0.683972 0.578455
vn 0.000000 1.000000 0.000000
f 1996/1996/1996 1997/1997/1997 1998/1998/1998
v -0.582452 -4.659617 11.066590 0.91030 0.91260 0.89190
vt 0.367829 0.244785
vn 0.000000 -1.000000 0.000000
v 0.000000 -4.659617 11.066590 0.91030 0.91260 0.89190
vt 0.362746 0.264071
vn 0.000000 -1.000000 0.000000
v 0.000000 -4.659617 11.649043 0.91030 0.91260 0.89190
vt 0.355108 0.263049
vn 0.000000 -1.000000 0.000000
f 1999/1999/1999 2000/2000/2000 2001/2001/2001
v -0.582452 -4.659617 11.066590 0.91030 0.91260 0.89190
vt 0.367829 0.244785
vn 0.000000 -1.000000 0.000000
v 0.000000 -4.659617 11.649043 0.91030 0.91260 0.89190
vt 0.355108 0.263049
vn 0.000000 -1.000000 0.000000
v -0.582452 -4.659617 11.649043 0.91030 0.91260 0.89190
vt 0.356322 0.243255
vn 0.000000 -1.000000 0.000000
f 2002/2002/2002 2003/2003/2003 2004/2004/2004
v -0.582452 0.582452 -12.231495 0.20975 0.27848 0.35139
vt 0.498073 0.986519
vn -0.000000 1.000000 0.000000
v 0.000000 0.582452 -12.231495 0.20975 0.27848 0.35139
vt 0.518763 0.986454
vn -0.000000 1.000000 0.000000
v 0.000000 0.582452 -12.813947 0.20975 0.27848 0.35139
vt 0.518767 0.987645
vn -0.000000 1.000000 0.000000
f 2005/2005/2005 2006/2006/2006 2007/2007/2007
v -0.582452 0.582452 -12.231495 0.14030 0.25735 0.30610
vt 0.498073 0.986519
vn 0.000000 1.000000 0.000000
v 0.000000 0.582452 -12.813947 0.14030 0.25735 0.30610
vt 0.518767 0.987645
vn 0.000000 1.000000 0.000000
v -0.582452 0.582452 -12.813947 0.14030 0.25735 0.30610
vt 0.498077 0.987711
vn 0.000000 1.000000 0.000000
f 2008/2008/2008 2009/2009/2009 2010/2010/2010
v -0.582452 -4.659617 -7.571878 0.89520 0.91260 0.88586
vt 0.698070 0.243656
vn 0.000000 -1.000000 0.000000
v -0.582452 -4.659617 -8.154330 0.89520 0.91260 0.88586
vt 0.707408 0.243413
vn 0.000000 -1.000000 0.000000
v 0.000000 -4.659617 -7.571878 0.89520 0.91260 0.88586
vt 0.700673 0.262696
vn 0.000000 -1.000000 0.000000
f 2011/2011/2011 2012/2012/2012 2013/2013/2013
v -0.582452 -0.582452 -15.143755 0.17352 0.26640 0.31817
vt 0.789154 0.950665
vn -0.000000 1.000000 0.000000
v 0.000000 -0.582452 -15.143755 0.17352 0.26640 0.31817
vt 0.766391 0.951646
vn -0.000000 1.000000 0.000000
v 0.000000 -0.582452 -15.726207 0.17352 0.26640 0.31817
vt 0.766372 0.949789
vn -0.000000 1.000000 0.000000
f 2014/2014/2014 2015/2015/2015 2016/2016/2016
v -0.582452 -4.659617 -13.978851 0.91030 0.91260 0.89190
vt 0.811427 0.243128
vn 0.000000 -1.000000 0.000000
v 0.000000 -4.659617 -13.978851 0.91030 0.91260 0.89190
vt 0.813644 0.260827
vn 0.000000 -1.000000 0.000000
v 0.000000 -4.659617 -12.231495 0.91030 0.91260 0.89190
vt 0.784099 0.261423
vn 0.000000 -1.000000 0.000000
f 2017/2017/2017 2018/2018/2018 2019/2019/2019
v -0.582452 -4.659617 -13.978851 0.91030 0.91260 0.89190
vt 0.811427 0.243128
vn 0.000000 -1.000000 0.000000
v 0.000000 -4.659617 -12.231495 0.91030 0.91260 0.89190
vt 0.784099 0.261423
vn 0.000000 -1.000000 0.000000
v -0.582452 -4.659617 -12.231495 0.91030 0.91260 0.89190
vt 0.779574 0.242894
vn 0.000000 -1.000000 0.000000
f 2020/2020/2020 2021/2021/2021 2022/2022/2022
v -0.582452 -1.747356 -15.143755 0.91030 0.91260 0.89190
vt 0.910211 0.069562
vn 0.000000 0.000000 -1.000000
v 0.000000 -1.747356 -15.143755 0.91030 0.91260 0.89190
vt 0.951167 0.068410
vn 0.000000 0.000000 -1.000000
v 0.000000 -2.329809 -15.143755 0.91030 0.91260 0.89190
vt 0.955500 0.097559
vn 0.000000 0.000000 -1.000000
f 2023/2023/2023 2024/2024/2024 2025/2025/2025
v -0.582452 -1.747356 -15.143755 0.91030 0.91260 0.88586
vt 0.910211 0.069562
vn 0.000000 0.000000 -1.000000
v 0.000000 -2.329809 -15.143755 0.91030 0.91260 0.88586
vt 0.955500 0.097559
vn 0.000000 0.000000 -1.000000
v -0.582452 -2.329809 -15.143755 0.91030 0.91260 0.88586
vt 0.913612 0.097783
vn 0.000000 0.000000 -1.000000
f 2026/2026/2026 2027/2027/2027 2028/2028/2028
v -0.582452 -3.494713 13.978851 0.57512 0.57742 0.55672
vt 0.180720 0.155108
vn 0.000000 -0.447214 0.894427
v 0.000000 -3.494713 13.978851 0.57512 0.57742 0.55672
vt 0.144685 0.160504
vn 0.000000 -0.447214 0.894427
v 0.000000 -2.329809 14.561303 0.57512 0.57742 0.55672
vt 0.154445 0.096778
vn 0.000000 -0.447214 0.894427
f 2029/2029/2029 2030/2030/2030 2031/2031/2031
v -0.582452 -3.494713 13.978851 0.91030 0.91260 0.89190
vt 0.180720 0.155108
vn 0.000000 -0.447214 0.894427
v 0.000000 -2.329809 14.561303 0.91030 0.91260 0.89190
vt 0.154445 0.096778
vn 0.000000 -0.447214 0.894427
v -0.582452 -2.329809 14.561303 0.91030 0.91260 0.89190
vt 0.191488 0.095596
vn 0.000000 -0.447214 0.894427
f 2032/2032/2032 2033/2033/2033 2034/2034/2034
v -0.582452 -2.329809 -15.143755 0.91030 0.91260 0.89190
vt 0.913612 0.097783
vn 0.000000 -0.000000 -1.000000
v -0.582452 -3.494713 -15.143755 0.91030 0.91260 0.89190
vt 0.925177 0.163376
vn 0.000000 -0.000000 -1.000000
v -1.164904 -3.494713 -15.143755 0.91030 0.91260 0.89190
vt 0.903183 0.158941
vn 0.000000 -0.000000 -1.000000
f 2035/2035/2035 2036/2036/2036 2037/2037/2037
v -0.582452 -2.329809 -15.143755 0.91030 0.91260 0.89190
vt 0.913612 0.097783
vn -0.000000 0.000000 -1.000000
v -1.164904 -3.494713 -15.143755 0.91030 0.91260 0.89190
vt 0.903183 0.158941
vn -0.000000 0.000000 -1.000000
v -1.164904 -2.329809 -15.143755 0.91030 0.91260 0.89190
vt 0.891013 0.097989
vn -0.000000 0.000000 -1.000000
f 2038/2038/2038 2039/2039/2039 2040/2040/2040
v -2.912261 -1.747356 -11.649043 0.23391 0.30868 0.35139
vt 0.753074 0.076234
vn -1.000000 0.000000 0.000000
v -2.912261 -1.164904 -12.231495 0.23391 0.30868 0.35139
vt 0.754764 0.042887
vn -1.000000 0.000000 0.000000
v -2.912261 -1.164904 -12.813947 0.23391 0.30868 0.35139
vt 0.756073 0.042842
vn -1.000000 0.000000 0.000000
f 2041/2041/2041 2042/2042/2042 2043/2043/2043
v -2.912261 -1.747356 -11.649043 0.91030 0.91260 0.89190
vt 0.753074 0.076234
vn -1.000000 0.000000 0.000000
v -2.912261 -1.164904 -12.813947 0.91030 0.91260 0.89190
vt 0.756073 0.042842
vn -1.000000 0.000000 0.000000
v -2.912261 -1.747356 -12.813947 0.91030 0.91260 0.89190
vt 0.770354 0.075534
vn -1.000000 0.000000 0.000000
f 2044/2044/2044 2045/2045/2045 2046/2046/2046
v -2.912261 -1.747356 -12.813947 0.20673 0.26640 0.32421
vt 0.770354 0.075534
vn -1.000000 0.000000 0.000000
v -2.912261 -1.164904 -12.813947 0.20673 0.26640 0.32421
vt 0.756073 0.042842
vn -1.000000 0.000000 0.000000
v -2.912261 -1.164904 -13.978851 0.20673 0.26640 0.32421
vt 0.781681 0.041714
vn -1.000000 0.000000 0.000000
f 2047/2047/2047 2048/2048/2048 2049/2049/2049
v -2.912261 -1.747356 -12.813947 0.91030 0.91260 0.89190
vt 0.770354 0.075534
vn -1.000000 0.000000 0.000000
v -2.912261 -1.164904 -13.978851 0.91030 0.91260 0.89190
vt 0.781681 0.041714
vn -1.000000 0.000000 0.000000
v -2.912261 -1.747356 -13.978851 0.91030 0.91260 0.89190
vt 0.784734 0.073955
vn -1.000000 0.000000 0.000000
f 2050/2050/2050 2051/2051/2051 2052/2052/2052
v -2.912261 -1.747356 -13.978851 0.15238 0.24225 0.31515
vt 0.784734 0.073955
vn -1.000000 0.000000 0.000000
v -2.912261 -1.164904 -13.978851 0.15238 0.24225 0.31515
vt 0.781681 0.041714
vn -1.000000 0.000000 0.000000
v -2.912261 -1.164904 -14.561303 0.15238 0.24225 0.31515
vt 0.787061 0.041579
vn -1.000000 0.000000 0.000000
f 2053/2053/2053 2054/2054/2054 2055/2055/2055
v -2.912261 -1.747356 -13.978851 0.91030 0.91260 0.89190
vt 0.784734 0.073955
vn -1.000000 0.000000 0.000000
v -2.912261 -1.164904 -14.561303 0.91030 0.91260 0.89190
vt 0.787061 0.041579
vn -1.000000 0.000000 0.000000
v -2.912261 -1.747356 -14.561303 0.91030 0.91260 0.89190
vt 0.796616 0.072534
vn -1.000000 0.000000 0.000000
f 2056/2056/2056 2057/2057/2057 2058/2058/2058
v -2.329809 -1.747356 -14.561303 0.34563 0.31774 0.32119
vt 0.818579 0.072107
vn -0.408248 -0.408248 -0.816497
v -2.912261 -1.164904 -14.561303 0.34563 0.31774 0.32119
vt 0.795442 0.041358
vn -0.408248 -0.408248 -0.816497
v -1.747356 -1.164904 -15.143755 0.34563 0.31774 0.32119
vt 0.853376 0.039686
vn -0.408248 -0.408248 -0.816497
f 2059/2059/2059 2060/2060/2060 2061/2061/2061
v -2.329809 -1.747356 -14.561303 0.91030 0.91260 0.88586
vt 0.818579 0.072107
vn -0.707107 0.000000 -0.707107
v -1.747356 -1.164904 -15.143755 0.91030 0.91260 0.88586
vt 0.853376 0.039686
vn -0.707107 0.000000 -0.707107
v -1.747356 -1.747356 -15.143755 0.91030 0.91260 0.88586
vt 0.861643 0.071035
vn -0.707107 0.000000 -0.707107
f 2062/2062/2062 2063/2063/2063 2064/2064/2064
v -2.912261 -1.747356 -6.406973 0.91030 0.91260 0.89190
vt 0.655916 0.079063
vn -1.000000 0.000000 0.000000
v -2.912261 -1.747356 -5.824521 0.91030 0.91260 0.89190
vt 0.651476 0.082443
vn -1.000000 0.000000 0.000000
v -2.912261 -1.164904 -6.406973 0.91030 0.91260 0.89190
vt 0.651134 0.062725
vn -1.000000 0.000000 0.000000
f 2065/2065/2065 2066/2066/2066 2067/2067/2067
v -2.912261 -1.747356 11.066590 0.91030 0.91260 0.89190
vt 0.353345 0.086066
vn -1.000000 0.000000 0.000000
v -2.912261 -1.164904 11.066590 0.91030 0.91260 0.89190
vt 0.349455 0.068521
vn -1.000000 0.000000 0.000000
v -2.912261 -1.747356 10.484138 0.91030 0.91260 0.89190
vt 0.358544 0.077598
vn -1.000000 0.000000 0.000000
f 2068/2068/2068 2069/2069/2069 2070/2070/2070
v -2.912261 -1.747356 11.066590 0.91030 0.91260 0.89190
vt 0.348867 0.081714
vn -1.000000 0.000000 0.000000
v -2.912261 -1.164904 11.649043 0.91030 0.91260 0.89190
vt 0.339724 0.041619
vn -1.000000 0.000000 0.000000
v -2.912261 -1.164904 11.066590 0.91030 0.91260 0.89190
vt 0.349455 0.068521
vn -1.000000 0.000000 0.000000
f 2071/2071/2071 2072/2072/2072 2073/2073/2073
v -0.582452 -1.747356 -15.143755 0.89520 0.91260 0.89190
vt 0.910211 0.069562
vn 0.000000 0.000000 -1.000000
v -1.164904 -1.747356 -15.143755 0.89520 0.91260 0.89190
vt 0.885164 0.070312
vn 0.000000 0.000000 -1.000000
v -1.164904 -1.164904 -15.143755 0.89520 0.91260 0.89190
vt 0.880450 0.038873
vn 0.000000 0.000000 -1.000000
f 2074/2074/2074 2075/2075/2075 2076/2076/2076
v -0.582452 -1.747356 -15.143755 0.44226 0.31774 0.27892
vt 0.910211 0.069562
vn 0.000000 0.000000 -1.000000
v -1.164904 -1.164904 -15.143755 0.44226 0.31774 0.27892
vt 0.880450 0.038873
vn 0.000000 0.000000 -1.000000
v -0.582452 -1.164904 -15.143755 0.44226 0.31774 0.27892
vt 0.909337 0.038017
vn 0.000000 0.000000 -1.000000
f 2077/2077/2077 2078/2078/2078 2079/2079/2079
v -2.329809 -2.912261 11.066590 0.61136 0.61366 0.59296
vt 0.279378 0.149293
vn -0.707107 -0.707107 0.000000
v -1.747356 -3.494713 11.066590 0.61136 0.61366 0.59296
vt 0.251869 0.175685
vn -0.707107 -0.707107 0.000000
v -1.747356 -3.494713 11.649043 0.61136 0.61366 0.59296
vt 0.246169 0.171211
vn -0.707107 -0.707107 0.000000
f 2080/2080/2080 2081/2081/2081 2082/2082/2082
v -2.329809 -2.912261 11.066590 0.91030 0.91260 0.89190
vt 0.279378 0.149293
vn -0.707107 0.000000 0.707107
v -1.747356 -3.494713 11.649043 0.91030 0.91260 0.89190
vt 0.246169 0.171211
vn -0.707107 0.000000 0.707107
v -1.747356 -2.912261 11.649043 0.91030 0.91260 0.89190
vt 0.272262 0.145423
vn -0.707107 0.000000 0.707107
f 2083/2083/2083 2084/2084/2084 2085/2085/2085
v -2.329809 -2.912261 11.066590 0.90728 0.90958 0.88888
vt 0.279378 0.149293
vn -1.000000 0.000000 0.000000
v -2.329809 -2.329809 11.649043 0.90728 0.90958 0.88888
vt 0.300313 0.120626
vn -1.000000 0.000000 0.000000
v -2.329809 -2.329809 11.066590 0.90728 0.90958 0.88888
vt 0.307260 0.124141
vn -1.000000 0.000000 0.000000
f 2086/2086/2086 2087/2087/2087 2088/2088/2088
v -2.912261 -1.747356 11.649043 0.91030 0.91260 0.89190
vt 0.331460 0.087232
vn -1.000000 0.000000 0.000000
v -2.912261 -1.164904 11.649043 0.91030 0.91260 0.89190
vt 0.339724 0.041619
vn -1.000000 0.000000 0.000000
v -2.912261 -1.747356 11.066590 0.91030 0.91260 0.89190
vt 0.339225 0.093038
vn -1.000000 0.000000 0.000000
f 2089/2089/2089 2090/2090/2090 2091/2091/2091
v -2.912261 -1.747356 11.649043 0.91030 0.91260 0.88888
vt 0.331460 0.087232
vn -0.577350 -0.577350 0.577350
v -2.329809 -2.329809 11.649043 0.91030 0.91260 0.88888
vt 0.293696 0.117779
vn -0.577350 -0.577350 0.577350
v -2.329809 -1.747356 12.231495 0.91030 0.91260 0.88888
vt 0.320604 0.083788
vn -0.577350 -0.577350 0.577350
f 2092/2092/2092 2093/2093/2093 2094/2094/2094
v -0.582452 -0.582452 -6.406973 0.73818 0.16374 0.14606
vt 0.772389 0.771205
vn 0.000000 0.000000 1.000000
v -1.164904 -0.582452 -6.406973 0.73818 0.16374 0.14606
vt 0.751366 0.771018
vn 0.000000 0.000000 1.000000
v -1.164904 -1.164904 -6.406973 0.73818 0.16374 0.14606
vt 0.751902 0.713241
vn 0.000000 0.000000 1.000000
f 2095/2095/2095 2096/2096/2096 2097/2097/2097
v -0.582452 -0.582452 -6.406973 0.74120 0.18487 0.17927
vt 0.772389 0.771205
vn 0.000000 0.000000 1.000000
v -1.164904 -1.164904 -6.406973 0.74120 0.18487 0.17927
vt 0.751902 0.713241
vn 0.000000 0.000000 1.000000
v -0.582452 -1.164904 -6.406973 0.74120 0.18487 0.17927
vt 0.772908 0.713428
vn 0.000000 0.000000 1.000000
f 2098/2098/2098 2099/2099/2099 2100/2100/2100
v -1.747356 -0.582452 -12.813947 0.73818 0.20299 0.19135
vt 0.581928 0.769178
vn 0.000000 0.000000 -1.000000
v -1.164904 -0.582452 -12.813947 0.73818 0.20299 0.19135
vt 0.562080 0.768926
vn 0.000000 0.000000 -1.000000
v -1.164904 -1.164904 -12.813947 0.73818 0.20299 0.19135
vt 0.562810 0.711152
vn 0.000000 0.000000 -1.000000
f 2101/2101/2101 2102/2102/2102 2103/2103/2103
v -1.747356 -0.582452 -12.813947 0.74422 0.17884 0.17021
vt 0.581928 0.769178
vn 0.000000 0.000000 -1.000000
v -1.164904 -1.164904 -12.813947 0.74422 0.17884 0.17021
vt 0.562810 0.711152
vn 0.000000 0.000000 -1.000000
v -1.747356 -1.164904 -12.813947 0.74422 0.17884 0.17021
vt 0.582602 0.711394
vn 0.000000 0.000000 -1.000000
f 2104/2104/2104 2105/2105/2105 2106/2106/2106
v -0.582452 -0.582452 -12.813947 0.75630 0.15166 0.14606
vt 0.541024 0.768649
vn 0.000000 0.000000 -1.000000
v 0.000000 -0.582452 -12.813947 0.75630 0.15166 0.14606
vt 0.517380 0.768316
vn 0.000000 0.000000 -1.000000
v 0.000000 -1.164904 -12.813947 0.75630 0.15166 0.14606
vt 0.518201 0.710538
vn 0.000000 0.000000 -1.000000
f 2107/2107/2107 2108/2108/2108 2109/2109/2109
v -0.582452 -0.582452 -12.813947 0.75630 0.17582 0.15814
vt 0.541024 0.768649
vn 0.000000 0.000000 -1.000000
v 0.000000 -1.164904 -12.813947 0.75630 0.17582 0.15814
vt 0.518201 0.710538
vn 0.000000 0.000000 -1.000000
v -0.582452 -1.164904 -12.813947 0.75630 0.17582 0.15814
vt 0.541805 0.710873
vn 0.000000 0.000000 -1.000000
f 2110/2110/2110 2111/2111/2111 2112/2112/2112
v -2.329809 -3.494713 -10.484138 0.91030 0.91260 0.89190
vt 0.739346 0.156984
vn -0.707107 -0.707107 0.000000
v -2.912261 -2.912261 -10.484138 0.91030 0.91260 0.89190
vt 0.734545 0.125278
vn -0.707107 -0.707107 0.000000
v -2.912261 -2.912261 -11.066590 0.91030 0.91260 0.89190
vt 0.747625 0.124722
vn -0.707107 -0.707107 0.000000
f 2113/2113/2113 2114/2114/2114 2115/2115/2115
v -2.329809 -3.494713 -10.484138 0.91030 0.91260 0.89190
vt 0.739346 0.156984
vn -0.707107 -0.707107 -0.000000
v -2.912261 -2.912261 -11.066590 0.91030 0.91260 0.89190
vt 0.747625 0.124722
vn -0.707107 -0.707107 -0.000000
v -2.329809 -3.494713 -11.066590 0.91030 0.91260 0.89190
vt 0.755455 0.156440
vn -0.707107 -0.707107 -0.000000
f 2116/2116/2116 2117/2117/2117 2118/2118/2118
v -2.912261 -1.164904 -9.901686 0.46944 0.31472 0.29100
vt 0.579284 0.506629
vn 0.000000 1.000000 0.000000
v -2.912261 -1.164904 -8.736782 0.46944 0.31472 0.29100
vt 0.591725 0.507637
vn 0.000000 1.000000 0.000000
v -1.747356 -1.164904 -8.736782 0.46944 0.31472 0.29100
vt 0.589585 0.536997
vn 0.000000 1.000000 0.000000
f 2119/2119/2119 2120/2120/2120 2121/2121/2121
v -2.912261 -1.164904 -9.901686 0.51171 0.29056 0.29100
vt 0.579284 0.506629
vn 0.000000 1.000000 0.000000
v -1.747356 -1.164904 -8.736782 0.51171 0.29056 0.29100
vt 0.589585 0.536997
vn 0.000000 1.000000 0.000000
v -1.747356 -1.164904 -9.901686 0.51171 0.29056 0.29100
vt 0.577106 0.535987
vn 0.000000 1.000000 0.000000
f 2122/2122/2122 2123/2123/2123 2124/2124/2124
v -2.912261 -1.747356 -10.484138 0.91030 0.91260 0.89190
vt 0.731720 0.077026
vn -1.000000 0.000000 -0.000000
v -2.912261 -1.747356 -11.649043 0.91030 0.91260 0.89190
vt 0.753074 0.076234
vn -1.000000 0.000000 -0.000000
v -2.912261 -2.329809 -11.066590 0.91030 0.91260 0.89190
vt 0.743321 0.095885
vn -1.000000 0.000000 -0.000000
f 2125/2125/2125 2126/2126/2126 2127/2127/2127
v -2.912261 -1.747356 -10.484138 0.91030 0.91260 0.89190
vt 0.731720 0.077026
vn -1.000000 -0.000000 0.000000
v -2.912261 -2.329809 -11.066590 0.91030 0.91260 0.89190
vt 0.743321 0.095885
vn -1.000000 -0.000000 0.000000
v -2.912261 -2.329809 -9.901686 0.91030 0.91260 0.89190
vt 0.726320 0.096803
vn -1.000000 -0.000000 0.000000
f 2128/2128/2128 2129/2129/2129 2130/2130/2130
v -0.582452 -4.659617 -10.484138 0.90426 0.91260 0.89190
vt 0.749809 0.242898
vn -0.000000 -1.000000 0.000000
v -1.164904 -4.659617 -10.484138 0.90426 0.91260 0.89190
vt 0.748399 0.229382
vn -0.000000 -1.000000 0.000000
v -1.164904 -4.659617 -11.649043 0.90426 0.91260 0.89190
vt 0.766068 0.229212
vn -0.000000 -1.000000 0.000000
f 2131/2131/2131 2132/2132/2132 2133/2133/2133
v -0.582452 -4.659617 -10.484138 0.91030 0.91260 0.89190
vt 0.749809 0.242898
vn 0.000000 -1.000000 -0.000000
v -1.164904 -4.659617 -11.649043 0.91030 0.91260 0.89190
vt 0.766068 0.229212
vn 0.000000 -1.000000 -0.000000
v -0.582452 -4.659617 -11.649043 0.91030 0.91260 0.89190
vt 0.769714 0.242711
vn 0.000000 -1.000000 -0.000000
f 2134/2134/2134 2135/2135/2135 2136/2136/2136
v -2.912261 -2.912261 -10.484138 0.40905 0.50495 0.50841
vt 0.734545 0.125278
vn -1.000000 0.000000 0.000000
v -2.912261 -2.912261 -9.901686 0.40905 0.50495 0.50841
vt 0.724065 0.126013
vn -1.000000 0.000000 0.000000
v -2.912261 -2.329809 -9.319234 0.40905 0.50495 0.50841
vt 0.712613 0.097928
vn -1.000000 0.000000 0.000000
f 2137/2137/2137 2138/2138/2138 2139/2139/2139
v -2.912261 -2.912261 -10.484138 0.90124 0.90958 0.89190
vt 0.734545 0.125278
vn -1.000000 0.000000 0.000000
v -2.912261 -2.329809 -9.319234 0.90124 0.90958 0.89190
vt 0.712613 0.097928
vn -1.000000 0.000000 0.000000
v -2.912261 -2.329809 -9.901686 0.90124 0.90958 0.89190
vt 0.726320 0.096803
vn -1.000000 0.000000 0.000000
f 2140/2140/2140 2141/2141/2141 2142/2142/2142
v -2.912261 -1.747356 -10.484138 0.91030 0.91260 0.89190
vt 0.731720 0.077026
vn -1.000000 0.000000 0.000000
v -2.912261 -1.747356 -9.901686 0.91030 0.91260 0.89190
vt 0.715473 0.077543
vn -1.000000 0.000000 0.000000
v -2.912261 -1.164904 -9.901686 0.91030 0.91260 0.89190
vt 0.712667 0.044439
vn -1.000000 0.000000 0.000000
f 2143/2143/2143 2144/2144/2144 2145/2145/2145
v -1.747356 -0.582452 -9.901686 0.28524 0.29962 0.32421
vt 0.447495 0.575415
vn -1.000000 0.000000 -0.000000
v -1.747356 -0.582452 -12.231495 0.28524 0.29962 0.32421
vt 0.416386 0.576305
vn -1.000000 0.000000 -0.000000
v -1.747356 -1.164904 -12.231495 0.28524 0.29962 0.32421
vt 0.414459 0.507319
vn -1.000000 0.000000 -0.000000
f 2146/2146/2146 2147/2147/2147 2148/2148/2148
v -1.747356 -0.582452 -9.901686 0.51473 0.29962 0.27590
vt 0.447495 0.575415
vn -1.000000 -0.000000 0.000000
v -1.747356 -1.164904 -12.231495 0.51473 0.29962 0.27590
vt 0.414459 0.507319
vn -1.000000 -0.000000 0.000000
v -1.747356 -1.164904 -9.901686 0.51473 0.29962 0.27590
vt 0.445583 0.506449
vn -1.000000 -0.000000 0.000000
f 2149/2149/2149 2150/2150/2150 2151/2151/2151
v -2.329809 -3.494713 -9.901686 0.91030 0.91260 0.89190
vt 0.726850 0.157511
vn -0.707107 -0.707107 0.000000
v -2.912261 -2.912261 -9.319234 0.91030 0.91260 0.89190
vt 0.712171 0.126812
vn -0.707107 -0.707107 0.000000
v -2.912261 -2.912261 -9.901686 0.91030 0.91260 0.89190
vt 0.724065 0.126013
vn -0.707107 -0.707107 0.000000
f 2152/2152/2152 2153/2153/2153 2154/2154/2154
v -2.329809 -3.494713 -9.901686 0.91030 0.91260 0.89190
vt 0.726850 0.157511
vn -0.707107 -0.707107 -0.000000
v -2.912261 -2.912261 -9.901686 0.91030 0.91260 0.89190
vt 0.724065 0.126013
vn -0.707107 -0.707107 -0.000000
v -2.329809 -3.494713 -10.484138 0.91030 0.91260 0.89190
vt 0.736017 0.157187
vn -0.707107 -0.707107 -0.000000
f 2155/2155/2155 2156/2156/2156 2157/2157/2157
v -2.912261 -1.747356 -8.736782 0.91030 0.91260 0.89190
vt 0.695075 0.077258
vn -1.000000 0.000000 -0.000000
v -2.912261 -1.747356 -9.901686 0.91030 0.91260 0.89190
vt 0.715473 0.077543
vn -1.000000 0.000000 -0.000000
v -2.912261 -2.329809 -9.319234 0.91030 0.91260 0.89190
vt 0.712613 0.097928
vn -1.000000 0.000000 -0.000000
f 2158/2158/2158 2159/2159/2159 2160/2160/2160
v -2.912261 -1.747356 -8.736782 0.91030 0.91260 0.89190
vt 0.695075 0.077258
vn -1.000000 -0.000000 0.000000
v -2.912261 -2.329809 -9.319234 0.91030 0.91260 0.89190
vt 0.712613 0.097928
vn -1.000000 -0.000000 0.000000
v -2.912261 -2.329809 -8.736782 0.91030 0.91260 0.89190
vt 0.696692 0.099168
vn -1.000000 -0.000000 0.000000
f 2161/2161/2161 2162/2162/2162 2163/2163/2163
v -1.164904 -4.659617 -9.901686 0.91030 0.91260 0.89190
vt 0.731015 0.229570
vn 0.000000 -1.000000 0.000000
v -1.164904 -4.659617 -10.484138 0.91030 0.91260 0.89190
vt 0.742629 0.229443
vn 0.000000 -1.000000 0.000000
v -0.582452 -4.659617 -10.484138 0.91030 0.91260 0.89190
vt 0.742871 0.242982
vn 0.000000 -1.000000 0.000000
f 2164/2164/2164 2165/2165/2165 2166/2166/2166
v -1.164904 -4.659617 -9.901686 0.91030 0.91260 0.89190
vt 0.731015 0.229570
vn 0.000000 -1.000000 0.000000
v -0.582452 -4.659617 -10.484138 0.91030 0.91260 0.89190
vt 0.742871 0.242982
vn 0.000000 -1.000000 0.000000
v -0.582452 -4.659617 -9.319234 0.91030 0.91260 0.89190
vt 0.729479 0.243144
vn 0.000000 -1.000000 0.000000
f 2167/2167/2167 2168/2168/2168 2169/2169/2169
v -1.747356 -0.582452 -8.736782 0.27316 0.32378 0.34837
vt 0.464549 0.575005
vn -1.000000 0.000000 -0.000000
v -1.747356 -0.582452 -9.901686 0.27316 0.32378 0.34837
vt 0.447495 0.575415
vn -1.000000 0.000000 -0.000000
v -1.747356 -1.164904 -9.901686 0.27316 0.32378 0.34837
vt 0.445583 0.506449
vn -1.000000 0.000000 -0.000000
f 2170/2170/2170 2171/2171/2171 2172/2172/2172
v -1.747356 -0.582452 -8.736782 0.51775 0.29358 0.26684
vt 0.464549 0.575005
vn -1.000000 -0.000000 0.000000
v -1.747356 -1.164904 -9.901686 0.51775 0.29358 0.26684
vt 0.445583 0.506449
vn -1.000000 -0.000000 0.000000
v -1.747356 -1.164904 -8.736782 0.51775 0.29358 0.26684
vt 0.462673 0.506011
vn -1.000000 -0.000000 0.000000
f 2173/2173/2173 2174/2174/2174 2175/2175/2175
v -1.747356 -3.494713 -9.901686 0.91030 0.91260 0.89190
vt 0.731058 0.187934
vn 0.000000 -1.000000 0.000000
v -1.747356 -3.494713 -8.736782 0.91030 0.91260 0.89190
vt 0.714081 0.188257
vn 0.000000 -1.000000 0.000000
v -2.329809 -3.494713 -8.736782 0.91030 0.91260 0.89190
vt 0.709763 0.158026
vn 0.000000 -1.000000 0.000000
f 2176/2176/2176 2177/2177/2177 2178/2178/2178
v -1.747356 -3.494713 -9.901686 0.91030 0.91260 0.89190
vt 0.731058 0.187934
vn 0.000000 -1.000000 0.000000
v -2.329809 -3.494713 -8.736782 0.91030 0.91260 0.89190
vt 0.709763 0.158026
vn 0.000000 -1.000000 0.000000
v -2.329809 -3.494713 -9.901686 0.91030 0.91260 0.89190
vt 0.726850 0.157511
vn 0.000000 -1.000000 0.000000
f 2179/2179/2179 2180/2180/2180 2181/2181/2181
v -2.912261 -1.164904 -8.736782 0.47246 0.32680 0.33025
vt 0.591725 0.507637
vn 0.000000 1.000000 0.000000
v -2.912261 -1.164904 -6.406973 0.47246 0.32680 0.33025
vt 0.615128 0.509354
vn 0.000000 1.000000 0.000000
v -1.747356 -1.164904 -6.406973 0.47246 0.32680 0.33025
vt 0.613175 0.538727
vn 0.000000 1.000000 0.000000
f 2182/2182/2182 2183/2183/2183 2184/2184/2184
v -2.912261 -1.164904 -8.736782 0.52681 0.28754 0.27892
vt 0.591725 0.507637
vn 0.000000 1.000000 0.000000
v -1.747356 -1.164904 -6.406973 0.52681 0.28754 0.27892
vt 0.613175 0.538727
vn 0.000000 1.000000 0.000000
v -1.747356 -1.164904 -8.736782 0.52681 0.28754 0.27892
vt 0.589585 0.536997
vn 0.000000 1.000000 0.000000
f 2185/2185/2185 2186/2186/2186 2187/2187/2187
v -1.164904 2.329809 -8.736782 0.91030 0.91260 0.88586
vt 0.293699 0.775054
vn 0.000000 0.970143 -0.242536
v -1.164904 2.912261 -6.406973 0.91030 0.91260 0.88586
vt 0.293809 0.834366
vn 0.000000 0.970143 -0.242536
v -0.582452 2.912261 -6.406973 0.91030 0.91260 0.88586
vt 0.272127 0.834290
vn 0.000000 0.970143 -0.242536
f 2188/2188/2188 2189/2189/2189 2190/2190/2190
v -1.164904 2.329809 -8.736782 0.91030 0.90656 0.89190
vt 0.293699 0.775054
vn 0.000000 0.970143 -0.242536
v -0.582452 2.912261 -6.406973 0.91030 0.90656 0.89190
vt 0.272127 0.834290
vn 0.000000 0.970143 -0.242536
v -0.582452 2.329809 -8.736782 0.91030 0.90656 0.89190
vt 0.272149 0.774937
vn 0.000000 0.970143 -0.242536
f 2191/2191/2191 2192/2192/2192 2193/2193/2193
v -2.912261 -2.329809 -8.736782 0.91030 0.91260 0.89190
vt 0.696692 0.099168
vn -1.000000 -0.000000 0.000000
v -2.912261 -2.912261 -9.319234 0.91030 0.91260 0.89190
vt 0.712171 0.126812
vn -1.000000 -0.000000 0.000000
v -2.912261 -2.912261 -8.154330 0.91030 0.91260 0.89190
vt 0.697949 0.127656
vn -1.000000 -0.000000 0.000000
f 2194/2194/2194 2195/2195/2195 2196/2196/2196
v -2.912261 -2.329809 -8.736782 0.91030 0.91260 0.89190
vt 0.696692 0.099168
vn -1.000000 0.000000 0.000000
v -2.912261 -2.912261 -8.154330 0.91030 0.91260 0.89190
vt 0.697949 0.127656
vn -1.000000 0.000000 0.000000
v -2.912261 -2.329809 -7.571878 0.91030 0.91260 0.89190
vt 0.678309 0.100432
vn -1.000000 0.000000 0.000000
f 2197/2197/2197 2198/2198/2198 2199/2199/2199
v -2.912261 -1.747356 -8.736782 0.91030 0.91260 0.89190
vt 0.695075 0.077258
vn -1.000000 0.000000 0.000000
v -2.912261 -1.747356 -6.989426 0.91030 0.91260 0.89190
vt 0.669099 0.077074
vn -1.000000 0.000000 0.000000
v -2.912261 -1.164904 -6.406973 0.91030 0.91260 0.89190
vt 0.653258 0.046191
vn -1.000000 0.000000 0.000000
f 2200/2200/2200 2201/2201/2201 2202/2202/2202
v -2.912261 -1.747356 -8.736782 0.54795 0.51401 0.47217
vt 0.695075 0.077258
vn -1.000000 0.000000 0.000000
v -2.912261 -1.164904 -6.406973 0.54795 0.51401 0.47217
vt 0.653258 0.046191
vn -1.000000 0.000000 0.000000
v -2.912261 -1.164904 -8.736782 0.54795 0.51401 0.47217
vt 0.694118 0.044973
vn -1.000000 0.000000 0.000000
f 2203/2203/2203 2204/2204/2204 2205/2205/2205
v -2.329809 -3.494713 -8.736782 0.91030 0.91260 0.89190
vt 0.709763 0.158026
vn -0.707107 -0.707107 0.000000
v -2.912261 -2.912261 -8.154330 0.91030 0.91260 0.89190
vt 0.697949 0.127656
vn -0.707107 -0.707107 0.000000
v -2.912261 -2.912261 -9.319234 0.91030 0.91260 0.89190
vt 0.712171 0.126812
vn -0.707107 -0.707107 0.000000
f 2206/2206/2206 2207/2207/2207 2208/2208/2208
v -2.329809 -3.494713 -8.736782 0.91030 0.91260 0.89190
vt 0.709763 0.158026
vn -0.707107 -0.707107 -0.000000
v -2.912261 -2.912261 -9.319234 0.91030 0.91260 0.89190
vt 0.712171 0.126812
vn -0.707107 -0.707107 -0.000000
v -2.329809 -3.494713 -9.901686 0.91030 0.91260 0.89190
vt 0.726850 0.157511
vn -0.707107 -0.707107 -0.000000
f 2209/2209/2209 2210/2210/2210 2211/2211/2211
v -2.912261 -1.747356 -6.989426 0.91030 0.91260 0.89190
vt 0.669099 0.077074
vn -1.000000 0.000000 -0.000000
v -2.912261 -1.747356 -8.736782 0.91030 0.91260 0.89190
vt 0.695075 0.077258
vn -1.000000 0.000000 -0.000000
v -2.912261 -2.329809 -8.736782 0.91030 0.91260 0.89190
vt 0.696692 0.099168
vn -1.000000 0.000000 -0.000000
f 2212/2212/2212 2213/2213/2213 2214/2214/2214
v -2.912261 -1.747356 -6.989426 0.91030 0.91260 0.89190
vt 0.669099 0.077074
vn -1.000000 0.000000 0.000000
v -2.912261 -2.329809 -8.736782 0.91030 0.91260 0.89190
vt 0.696692 0.099168
vn -1.000000 0.000000 0.000000
v -2.912261 -2.329809 -7.571878 0.91030 0.91260 0.89190
vt 0.678309 0.100432
vn -1.000000 0.000000 0.000000
f 2215/2215/2215 2216/2216/2216 2217/2217/2217
v -1.164904 -4.659617 -8.736782 0.91030 0.91260 0.89190
vt 0.711553 0.229787
vn 0.000000 -1.000000 0.000000
v -1.164904 -4.659617 -9.901686 0.91030 0.91260 0.89190
vt 0.731015 0.229570
vn 0.000000 -1.000000 0.000000
v -0.582452 -4.659617 -9.319234 0.91030 0.91260 0.89190
vt 0.729479 0.243144
vn 0.000000 -1.000000 0.000000
f 2218/2218/2218 2219/2219/2219 2220/2220/2220
v -1.164904 -4.659617 -8.736782 0.91030 0.91260 0.89190
vt 0.711553 0.229787
vn 0.000000 -1.000000 0.000000
v -0.582452 -4.659617 -9.319234 0.91030 0.91260 0.89190
vt 0.729479 0.243144
vn 0.000000 -1.000000 0.000000
v -0.582452 -4.659617 -8.154330 0.91030 0.91260 0.89190
vt 0.707408 0.243413
vn 0.000000 -1.000000 0.000000
f 2221/2221/2221 2222/2222/2222 2223/2223/2223
v -1.747356 -0.582452 -6.406973 0.23089 0.30264 0.35441
vt 0.496513 0.574202
vn -1.000000 0.000000 -0.000000
v -1.747356 -0.582452 -8.736782 0.23089 0.30264 0.35441
vt 0.464549 0.575005
vn -1.000000 0.000000 -0.000000
v -1.747356 -1.164904 -8.736782 0.23089 0.30264 0.35441
vt 0.462673 0.506011
vn -1.000000 0.000000 -0.000000
f 2224/2224/2224 2225/2225/2225 2226/2226/2226
v -1.747356 -0.582452 -6.406973 0.52077 0.29660 0.27590
vt 0.496513 0.574202
vn -1.000000 -0.000000 0.000000
v -1.747356 -1.164904 -8.736782 0.52077 0.29660 0.27590
vt 0.462673 0.506011
vn -1.000000 -0.000000 0.000000
v -1.747356 -1.164904 -6.406973 0.52077 0.29660 0.27590
vt 0.494650 0.505194
vn -1.000000 -0.000000 0.000000
f 2227/2227/2227 2228/2228/2228 2229/2229/2229
v -2.912261 -2.329809 -7.571878 0.91030 0.91260 0.89190
vt 0.678309 0.100432
vn -1.000000 -0.000000 0.000000
v -2.912261 -2.912261 -8.154330 0.91030 0.91260 0.89190
vt 0.697949 0.127656
vn -1.000000 -0.000000 0.000000
v -2.912261 -2.912261 -6.989426 0.91030 0.91260 0.89190
vt 0.678616 0.128419
vn -1.000000 -0.000000 0.000000
f 2230/2230/2230 2231/2231/2231 2232/2232/2232
v -2.912261 -2.329809 -7.571878 0.91030 0.91260 0.89190
vt 0.678309 0.100432
vn -1.000000 0.000000 0.000000
v -2.912261 -2.912261 -6.989426 0.91030 0.91260 0.89190
vt 0.678616 0.128419
vn -1.000000 0.000000 0.000000
v -2.912261 -2.329809 -6.406973 0.91030 0.91260 0.89190
vt 0.663888 0.101429
vn -1.000000 0.000000 0.000000
f 2233/2233/2233 2234/2234/2234 2235/2235/2235
v -2.912261 -1.164904 -6.406973 0.91030 0.91260 0.89190
vt 0.653258 0.046191
vn -1.000000 -0.000000 0.000000
v -2.912261 -1.747356 -6.989426 0.91030 0.91260 0.89190
vt 0.669099 0.077074
vn -1.000000 -0.000000 0.000000
v -2.912261 -1.747356 -6.406973 0.91030 0.91260 0.89190
vt 0.655916 0.079063
vn -1.000000 -0.000000 0.000000
f 2236/2236/2236 2237/2237/2237 2238/2238/2238
v 0.000000 0.582452 -6.406973 0.16446 0.26640 0.32119
vt 0.795252 0.855276
vn 0.000000 -0.000000 1.000000
v 0.000000 1.164904 -6.406973 0.16446 0.26640 0.32119
vt 0.794802 0.906635
vn 0.000000 -0.000000 1.000000
v -0.582452 1.164904 -6.406973 0.16446 0.26640 0.32119
vt 0.771195 0.906435
vn 0.000000 -0.000000 1.000000
f 2239/2239/2239 2240/2240/2240 2241/2241/2241
v 0.000000 0.582452 -6.406973 0.20371 0.26640 0.33025
vt 0.795252 0.855276
vn 0.000000 0.000000 1.000000
v -0.582452 1.164904 -6.406973 0.20371 0.26640 0.33025
vt 0.771195 0.906435
vn 0.000000 0.000000 1.000000
v -0.582452 0.582452 -6.406973 0.20371 0.26640 0.33025
vt 0.771640 0.855074
vn 0.000000 0.000000 1.000000
f 2242/2242/2242 2243/2243/2243 2244/2244/2244
v -1.164904 0.582452 -6.406973 0.18257 0.27546 0.33629
vt 0.750602 0.854885
vn 0.000000 -0.000000 1.000000
v -1.164904 1.164904 -6.406973 0.18257 0.27546 0.33629
vt 0.750160 0.906245
vn 0.000000 -0.000000 1.000000
v -1.747356 1.164904 -6.406973 0.18257 0.27546 0.33629
vt 0.730334 0.906065
vn 0.000000 -0.000000 1.000000
f 2245/2245/2245 2246/2246/2246 2247/2247/2247
v -1.164904 0.582452 -6.406973 0.16144 0.26640 0.32723
vt 0.750602 0.854885
vn 0.000000 0.000000 1.000000
v -1.747356 1.164904 -6.406973 0.16144 0.26640 0.32723
vt 0.730334 0.906065
vn 0.000000 0.000000 1.000000
v -1.747356 0.582452 -6.406973 0.16144 0.26640 0.32723
vt 0.730770 0.854705
vn 0.000000 0.000000 1.000000
f 2248/2248/2248 2249/2249/2249 2250/2250/2250
v -1.164904 0.582452 -9.901686 0.14634 0.26640 0.33025
vt 0.479518 0.942401
vn 0.000000 0.000000 -1.000000
v -1.164904 1.164904 -9.901686 0.14634 0.26640 0.33025
vt 0.479384 0.897360
vn 0.000000 0.000000 -1.000000
v -0.582452 1.164904 -9.901686 0.14634 0.26640 0.33025
vt 0.497808 0.897304
vn 0.000000 0.000000 -1.000000
f 2251/2251/2251 2252/2252/2252 2253/2253/2253
v -1.164904 0.582452 -9.901686 0.37281 0.30264 0.34837
vt 0.479518 0.942401
vn 0.000000 0.000000 -1.000000
v -0.582452 1.164904 -9.901686 0.37281 0.30264 0.34837
vt 0.497808 0.897304
vn 0.000000 0.000000 -1.000000
v -0.582452 0.582452 -9.901686 0.37281 0.30264 0.34837
vt 0.497942 0.942346
vn 0.000000 0.000000 -1.000000
f 2254/2254/2254 2255/2255/2255 2256/2256/2256
v -2.912261 0.582452 -6.406973 0.15540 0.26942 0.32723
vt 0.689448 0.854305
vn -1.000000 0.000000 0.000000
v -2.912261 1.164904 -6.406973 0.15540 0.26942 0.32723
vt 0.689081 0.905663
vn -1.000000 0.000000 0.000000
v -2.912261 1.164904 -8.736782 0.15540 0.26942 0.32723
vt 0.662282 0.905451
vn -1.000000 0.000000 0.000000
f 2257/2257/2257 2258/2258/2258 2259/2259/2259
v -2.912261 0.582452 -6.406973 0.16446 0.25433 0.32723
vt 0.689448 0.854305
vn -1.000000 0.000000 0.000000
v -2.912261 1.164904 -8.736782 0.16446 0.25433 0.32723
vt 0.662282 0.905451
vn -1.000000 0.000000 0.000000
v -2.912261 0.582452 -8.736782 0.16446 0.25433 0.32723
vt 0.662604 0.854060
vn -1.000000 0.000000 0.000000
f 2260/2260/2260 2261/2261/2261 2262/2262/2262
v 0.000000 -0.582452 -6.406973 0.54191 0.20299 0.20645
vt 0.795999 0.771409
vn 0.000000 -0.000000 1.000000
v 0.000000 0.582452 -6.406973 0.54191 0.20299 0.20645
vt 0.795467 0.830956
vn 0.000000 -0.000000 1.000000
v -0.582452 0.582452 -6.406973 0.54191 0.20299 0.20645
vt 0.771851 0.830753
vn 0.000000 -0.000000 1.000000
f 2263/2263/2263 2264/2264/2264 2265/2265/2265
v 0.000000 -0.582452 -6.406973 0.73818 0.18185 0.17625
vt 0.795999 0.771409
vn 0.000000 0.000000 1.000000
v -0.582452 0.582452 -6.406973 0.73818 0.18185 0.17625
vt 0.771851 0.830753
vn 0.000000 0.000000 1.000000
v -0.582452 -0.582452 -6.406973 0.73818 0.18185 0.17625
vt 0.772389 0.771205
vn 0.000000 0.000000 1.000000
f 2266/2266/2266 2267/2267/2267 2268/2268/2268
v -1.164904 -0.582452 -6.406973 0.60230 0.28150 0.25476
vt 0.751366 0.771018
vn 0.000000 -0.000000 1.000000
v -1.164904 0.582452 -6.406973 0.60230 0.28150 0.25476
vt 0.750816 0.830566
vn 0.000000 -0.000000 1.000000
v -1.747356 0.582452 -6.406973 0.60230 0.28150 0.25476
vt 0.730986 0.830387
vn 0.000000 -0.000000 1.000000
f 2269/2269/2269 2270/2270/2270 2271/2271/2271
v -1.164904 -0.582452 -6.406973 0.75026 0.18185 0.16115
vt 0.751366 0.771018
vn 0.000000 0.000000 1.000000
v -1.747356 0.582452 -6.406973 0.75026 0.18185 0.16115
vt 0.730986 0.830387
vn 0.000000 0.000000 1.000000
v -1.747356 -0.582452 -6.406973 0.75026 0.18185 0.16115
vt 0.731553 0.770836
vn 0.000000 0.000000 1.000000
f 2272/2272/2272 2273/2273/2273 2274/2274/2274
v -1.164904 -0.582452 -12.813947 0.32148 0.21507 0.26382
vt 0.562080 0.768926
vn 0.000000 0.000000 -1.000000
v -1.164904 0.582452 -12.813947 0.32148 0.21507 0.26382
vt 0.561351 0.828465
vn 0.000000 0.000000 -1.000000
v -0.582452 0.582452 -12.813947 0.32148 0.21507 0.26382
vt 0.540272 0.828203
vn 0.000000 0.000000 -1.000000
f 2275/2275/2275 2276/2276/2276 2277/2277/2277
v -1.164904 -0.582452 -12.813947 0.74422 0.15468 0.13398
vt 0.562080 0.768926
vn 0.000000 0.000000 -1.000000
v -0.582452 0.582452 -12.813947 0.74422 0.15468 0.13398
vt 0.540272 0.828203
vn 0.000000 0.000000 -1.000000
v -0.582452 -0.582452 -12.813947 0.74422 0.15468 0.13398
vt 0.541024 0.768649
vn 0.000000 0.000000 -1.000000
f 2278/2278/2278 2279/2279/2279 2280/2280/2280
v -2.912261 -0.582452 -12.231495 0.36073 0.21507 0.24570
vt 0.622865 0.769735
vn -1.000000 0.000000 0.000000
v -2.912261 0.582452 -12.231495 0.36073 0.21507 0.24570
vt 0.622215 0.829287
vn -1.000000 0.000000 0.000000
v -2.912261 0.582452 -12.813947 0.36073 0.21507 0.24570
vt 0.620766 0.829257
vn -1.000000 0.000000 0.000000
f 2281/2281/2281 2282/2282/2282 2283/2283/2283
v -2.912261 -0.582452 -12.231495 0.72308 0.15468 0.13398
vt 0.622865 0.769735
vn -1.000000 0.000000 0.000000
v -2.912261 0.582452 -12.813947 0.72308 0.15468 0.13398
vt 0.620766 0.829257
vn -1.000000 0.000000 0.000000
v -2.912261 -0.582452 -12.813947 0.72308 0.15468 0.13398
vt 0.621457 0.769716
vn -1.000000 0.000000 0.000000
f 2284/2284/2284 2285/2285/2285 2286/2286/2286
v -2.912261 -0.582452 -6.406973 0.54493 0.24829 0.24570
vt 0.690278 0.770447
vn -1.000000 0.000000 0.000000
v -2.912261 0.582452 -6.406973 0.54493 0.24829 0.24570
vt 0.689660 0.829992
vn -1.000000 0.000000 0.000000
v -2.912261 0.582452 -8.736782 0.54493 0.24829 0.24570
vt 0.662815 0.829740
vn -1.000000 0.000000 0.000000
f 2287/2287/2287 2288/2288/2288 2289/2289/2289
v -2.912261 -0.582452 -6.406973 0.74120 0.15468 0.14606
vt 0.690278 0.770447
vn -1.000000 0.000000 0.000000
v -2.912261 0.582452 -8.736782 0.74120 0.15468 0.14606
vt 0.662815 0.829740
vn -1.000000 0.000000 0.000000
v -2.912261 -0.582452 -8.736782 0.74120 0.15468 0.14606
vt 0.663424 0.770155
vn -1.000000 0.000000 0.000000
f 2290/2290/2290 2291/2291/2291 2292/2292/2292
v -2.912261 0.582452 -12.813947 0.19163 0.28452 0.34233
vt 0.266984 0.631403
vn 0.000000 1.000000 0.000000
v -2.912261 0.582452 -12.231495 0.19163 0.28452 0.34233
vt 0.266977 0.632474
vn 0.000000 1.000000 0.000000
v -1.747356 0.582452 -12.231495 0.19163 0.28452 0.34233
vt 0.241028 0.606501
vn 0.000000 1.000000 0.000000
f 2293/2293/2293 2294/2294/2294 2295/2295/2295
v -2.912261 0.582452 -12.813947 0.19163 0.25433 0.33629
vt 0.266984 0.631403
vn 0.000000 1.000000 0.000000
v -1.747356 0.582452 -12.231495 0.19163 0.25433 0.33629
vt 0.241028 0.606501
vn 0.000000 1.000000 0.000000
v -1.747356 0.582452 -12.813947 0.19163 0.25433 0.33629
vt 0.242031 0.605436
vn 0.000000 1.000000 0.000000
f 2296/2296/2296 2297/2297/2297 2298/2298/2298
v -2.912261 0.582452 -9.901686 0.16446 0.26338 0.33327
vt 0.432532 0.942542
vn 0.000000 0.000000 -1.000000
v -2.912261 1.164904 -9.901686 0.16446 0.26338 0.33327
vt 0.432399 0.897498
vn 0.000000 0.000000 -1.000000
v -1.747356 1.164904 -9.901686 0.16446 0.26338 0.33327
vt 0.462026 0.897412
vn 0.000000 0.000000 -1.000000
f 2299/2299/2299 2300/2300/2300 2301/2301/2301
v -2.912261 0.582452 -9.901686 0.35469 0.29660 0.34233
vt 0.432532 0.942542
vn 0.000000 0.000000 -1.000000
v -1.747356 1.164904 -9.901686 0.35469 0.29660 0.34233
vt 0.462026 0.897412
vn 0.000000 0.000000 -1.000000
v -1.747356 0.582452 -9.901686 0.35469 0.29660 0.34233
vt 0.462160 0.942454
vn 0.000000 0.000000 -1.000000
f 2302/2302/2302 2303/2303/2303 2304/2304/2304
v -2.912261 1.164904 -8.736782 0.15238 0.26338 0.33025
vt 0.432362 0.884965
vn 0.000000 1.000000 0.000000
v -2.912261 1.164904 -6.406973 0.15238 0.26338 0.33025
vt 0.432293 0.861485
vn 0.000000 1.000000 0.000000
v -1.747356 1.164904 -6.406973 0.15238 0.26338 0.33025
vt 0.461920 0.861398
vn 0.000000 1.000000 0.000000
f 2305/2305/2305 2306/2306/2306 2307/2307/2307
v -2.912261 1.164904 -8.736782 0.15540 0.26640 0.33327
vt 0.432362 0.884965
vn 0.000000 1.000000 0.000000
v -1.747356 1.164904 -6.406973 0.15540 0.26640 0.33327
vt 0.461920 0.861398
vn 0.000000 1.000000 0.000000
v -1.747356 1.164904 -8.736782 0.15540 0.26640 0.33327
vt 0.461989 0.884878
vn 0.000000 1.000000 0.000000
f 2308/2308/2308 2309/2309/2309 2310/2310/2310
v -2.912261 -0.582452 -6.406973 0.14030 0.22413 0.26080
vt 0.497601 0.615331
vn 0.000000 -1.000000 0.000000
v -2.912261 -0.582452 -8.736782 0.14030 0.22413 0.26080
vt 0.465615 0.616354
vn 0.000000 -1.000000 0.000000
v -1.747356 -0.582452 -8.736782 0.14030 0.22413 0.26080
vt 0.464549 0.575005
vn 0.000000 -1.000000 0.000000
f 2311/2311/2311 2312/2312/2312 2313/2313/2313
v -2.912261 -0.582452 -6.406973 0.80159 0.83711 0.85265
vt 0.497601 0.615331
vn 0.000000 -1.000000 0.000000
v -1.747356 -0.582452 -8.736782 0.80159 0.83711 0.85265
vt 0.464549 0.575005
vn 0.000000 -1.000000 0.000000
v -1.747356 -0.582452 -6.406973 0.80159 0.83711 0.85265
vt 0.496513 0.574202
vn 0.000000 -1.000000 0.000000
f 2314/2314/2314 2315/2315/2315 2316/2316/2316
v -2.912261 -0.582452 -8.736782 0.14030 0.25735 0.33025
vt 0.465615 0.616354
vn 0.000000 -1.000000 0.000000
v -2.912261 -0.582452 -9.901686 0.14030 0.25735 0.33025
vt 0.448574 0.616540
vn 0.000000 -1.000000 0.000000
v -1.747356 -0.582452 -9.901686 0.14030 0.25735 0.33025
vt 0.447495 0.575415
vn 0.000000 -1.000000 0.000000
f 2317/2317/2317 2318/2318/2318 2319/2319/2319
v -2.912261 -0.582452 -8.736782 0.27618 0.35095 0.38763
vt 0.465615 0.616354
vn 0.000000 -1.000000 0.000000
v -1.747356 -0.582452 -9.901686 0.27618 0.35095 0.38763
vt 0.447495 0.575415
vn 0.000000 -1.000000 0.000000
v -1.747356 -0.582452 -8.736782 0.27618 0.35095 0.38763
vt 0.464549 0.575005
vn 0.000000 -1.000000 0.000000
f 2320/2320/2320 2321/2321/2321 2322/2322/2322
v -2.912261 -0.582452 -9.901686 0.31544 0.21507 0.23665
vt 0.448574 0.616540
vn 0.000000 -1.000000 0.000000
v -2.912261 -0.582452 -12.231495 0.31544 0.21507 0.23665
vt 0.417541 0.617440
vn 0.000000 -1.000000 0.000000
v -1.747356 -0.582452 -12.231495 0.31544 0.21507 0.23665
vt 0.416386 0.576305
vn 0.000000 -1.000000 0.000000
f 2323/2323/2323 2324/2324/2324 2325/2325/2325
v -2.912261 -0.582452 -9.901686 0.18257 0.28754 0.34837
vt 0.448574 0.616540
vn 0.000000 -1.000000 0.000000
v -1.747356 -0.582452 -12.231495 0.18257 0.28754 0.34837
vt 0.416386 0.576305
vn 0.000000 -1.000000 0.000000
v -1.747356 -0.582452 -9.901686 0.18257 0.28754 0.34837
vt 0.447495 0.575415
vn 0.000000 -1.000000 0.000000
f 2326/2326/2326 2327/2327/2327 2328/2328/2328
v -2.912261 -0.582452 -12.813947 0.34563 0.21507 0.26080
vt 0.615810 0.769626
vn 0.000000 0.000000 -1.000000
v -2.912261 0.582452 -12.813947 0.34563 0.21507 0.26080
vt 0.615077 0.829172
vn 0.000000 0.000000 -1.000000
v -1.747356 0.582452 -12.813947 0.34563 0.21507 0.26080
vt 0.581216 0.828724
vn 0.000000 0.000000 -1.000000
f 2329/2329/2329 2330/2330/2330 2331/2331/2331
v -2.912261 -0.582452 -12.813947 0.74120 0.17280 0.15210
vt 0.615810 0.769626
vn 0.000000 0.000000 -1.000000
v -1.747356 0.582452 -12.813947 0.74120 0.17280 0.15210
vt 0.581216 0.828724
vn 0.000000 0.000000 -1.000000
v -1.747356 -0.582452 -12.813947 0.74120 0.17280 0.15210
vt 0.581928 0.769178
vn 0.000000 0.000000 -1.000000
f 2332/2332/2332 2333/2333/2333 2334/2334/2334
v -1.747356 -3.494713 -11.649043 0.91030 0.91260 0.89190
vt 0.759099 0.187319
vn 0.000000 -1.000000 0.000000
v -1.747356 -3.494713 -10.484138 0.91030 0.91260 0.89190
vt 0.743096 0.187655
vn 0.000000 -1.000000 0.000000
v -2.329809 -3.494713 -10.484138 0.91030 0.91260 0.89190
vt 0.739346 0.156984
vn 0.000000 -1.000000 0.000000
f 2335/2335/2335 2336/2336/2336 2337/2337/2337
v -1.747356 -3.494713 -11.649043 0.91030 0.91260 0.89190
vt 0.759099 0.187319
vn 0.000000 -1.000000 0.000000
v -2.329809 -3.494713 -10.484138 0.91030 0.91260 0.89190
vt 0.739346 0.156984
vn 0.000000 -1.000000 0.000000
v -2.329809 -3.494713 -11.066590 0.91030 0.91260 0.89190
vt 0.755455 0.156440
vn 0.000000 -1.000000 0.000000
f 2338/2338/2338 2339/2339/2339 2340/2340/2340
v -2.912261 -1.164904 -12.231495 0.39999 0.29358 0.29704
vt 0.556322 0.504837
vn 0.000000 1.000000 0.000000
v -2.912261 -1.164904 -9.901686 0.39999 0.29358 0.29704
vt 0.579284 0.506629
vn 0.000000 1.000000 0.000000
v -1.747356 -1.164904 -9.901686 0.39999 0.29358 0.29704
vt 0.577106 0.535987
vn 0.000000 1.000000 0.000000
f 2341/2341/2341 2342/2342/2342 2343/2343/2343
v -2.912261 -1.164904 -12.231495 0.52681 0.28754 0.26684
vt 0.556322 0.504837
vn 0.000000 1.000000 0.000000
v -1.747356 -1.164904 -9.901686 0.52681 0.28754 0.26684
vt 0.577106 0.535987
vn 0.000000 1.000000 0.000000
v -1.747356 -1.164904 -12.231495 0.52681 0.28754 0.26684
vt 0.554334 0.534208
vn 0.000000 1.000000 0.000000
f 2344/2344/2344 2345/2345/2345 2346/2346/2346
v -1.164904 0.582452 -12.231495 0.20371 0.26640 0.33025
vt 0.479649 0.986575
vn 0.000000 1.000000 0.000000
v -1.164904 0.582452 -9.901686 0.20371 0.26640 0.33025
vt 0.479579 0.963731
vn 0.000000 1.000000 0.000000
v -0.582452 0.582452 -9.901686 0.20371 0.26640 0.33025
vt 0.498002 0.963675
vn 0.000000 1.000000 0.000000
f 2347/2347/2347 2348/2348/2348 2349/2349/2349
v -1.164904 0.582452 -12.231495 0.19767 0.26942 0.33025
vt 0.479649 0.986575
vn 0.000000 1.000000 0.000000
v -0.582452 0.582452 -9.901686 0.19767 0.26942 0.33025
vt 0.498002 0.963675
vn 0.000000 1.000000 0.000000
v -0.582452 0.582452 -12.231495 0.19767 0.26942 0.33025
vt 0.498073 0.986519
vn 0.000000 1.000000 0.000000
f 2350/2350/2350 2351/2351/2351 2352/2352/2352
v -2.912261 -2.912261 -11.066590 0.91030 0.91260 0.89190
vt 0.747625 0.124722
vn -1.000000 0.000000 0.000000
v -2.912261 -2.912261 -10.484138 0.91030 0.91260 0.89190
vt 0.734545 0.125278
vn -1.000000 0.000000 0.000000
v -2.912261 -2.329809 -9.901686 0.91030 0.91260 0.89190
vt 0.726320 0.096803
vn -1.000000 0.000000 0.000000
f 2353/2353/2353 2354/2354/2354 2355/2355/2355
v -2.912261 -2.912261 -11.066590 0.91030 0.91260 0.89190
vt 0.747625 0.124722
vn -1.000000 0.000000 0.000000
v -2.912261 -2.329809 -9.901686 0.91030 0.91260 0.89190
vt 0.726320 0.096803
vn -1.000000 0.000000 0.000000
v -2.912261 -2.329809 -11.066590 0.91030 0.91260 0.89190
vt 0.743321 0.095885
vn -1.000000 0.000000 0.000000
f 2356/2356/2356 2357/2357/2357 2358/2358/2358
v -2.912261 -1.747356 -11.649043 0.91030 0.91260 0.89190
vt 0.753074 0.076234
vn -1.000000 0.000000 0.000000
v -2.912261 -1.747356 -10.484138 0.91030 0.91260 0.89190
vt 0.731720 0.077026
vn -1.000000 0.000000 0.000000
v -2.912261 -1.164904 -9.901686 0.91030 0.91260 0.89190
vt 0.714816 0.044445
vn -1.000000 0.000000 0.000000
f 2359/2359/2359 2360/2360/2360 2361/2361/2361
v -2.912261 -1.747356 -11.649043 0.24297 0.28452 0.35441
vt 0.753074 0.076234
vn -1.000000 0.000000 0.000000
v -2.912261 -1.164904 -9.901686 0.24297 0.28452 0.35441
vt 0.714816 0.044445
vn -1.000000 0.000000 0.000000
v -2.912261 -1.164904 -12.231495 0.24297 0.28452 0.35441
vt 0.754764 0.042887
vn -1.000000 0.000000 0.000000
f 2362/2362/2362 2363/2363/2363 2364/2364/2364
v -2.912261 -2.912261 -11.066590 0.19163 0.29056 0.30610
vt 0.747625 0.124722
vn -0.707107 -0.707107 -0.000000
v -2.912261 -2.912261 -12.231495 0.19163 0.29056 0.30610
vt 0.767689 0.124864
vn -0.707107 -0.707107 -0.000000
v -2.329809 -3.494713 -11.649043 0.19163 0.29056 0.30610
vt 0.761044 0.156385
vn -0.707107 -0.707107 -0.000000
f 2365/2365/2365 2366/2366/2366 2367/2367/2367
v -2.912261 -2.912261 -11.066590 0.91030 0.91260 0.89190
vt 0.747625 0.124722
vn -0.707107 -0.707107 0.000000
v -2.329809 -3.494713 -11.649043 0.91030 0.91260 0.89190
vt 0.761044 0.156385
vn -0.707107 -0.707107 0.000000
v -2.329809 -3.494713 -11.066590 0.91030 0.91260 0.89190
vt 0.755455 0.156440
vn -0.707107 -0.707107 0.000000
f 2368/2368/2368 2369/2369/2369 2370/2370/2370
v -2.912261 -1.747356 -11.649043 0.91030 0.91260 0.89190
vt 0.753074 0.076234
vn -1.000000 0.000000 -0.000000
v -2.912261 -1.747356 -12.813947 0.91030 0.91260 0.89190
vt 0.770354 0.075534
vn -1.000000 0.000000 -0.000000
v -2.912261 -2.329809 -12.231495 0.91030 0.91260 0.89190
vt 0.763919 0.095998
vn -1.000000 0.000000 -0.000000
f 2371/2371/2371 2372/2372/2372 2373/2373/2373
v -2.912261 -1.747356 -11.649043 0.91030 0.91260 0.89190
vt 0.753074 0.076234
vn -1.000000 -0.000000 0.000000
v -2.912261 -2.329809 -12.231495 0.91030 0.91260 0.89190
vt 0.763919 0.095998
vn -1.000000 -0.000000 0.000000
v -2.912261 -2.329809 -11.066590 0.91030 0.91260 0.89190
vt 0.743321 0.095885
vn -1.000000 -0.000000 0.000000
f 2374/2374/2374 2375/2375/2375 2376/2376/2376
v -0.582452 -4.659617 -11.649043 0.91030 0.91260 0.89190
vt 0.769714 0.242711
vn -0.000000 -1.000000 0.000000
v -1.164904 -4.659617 -11.649043 0.91030 0.91260 0.89190
vt 0.766068 0.229212
vn -0.000000 -1.000000 0.000000
v -1.164904 -4.659617 -12.231495 0.91030 0.91260 0.89190
vt 0.775706 0.229616
vn -0.000000 -1.000000 0.000000
f 2377/2377/2377 2378/2378/2378 2379/2379/2379
v -0.582452 -4.659617 -11.649043 0.91030 0.91260 0.89190
vt 0.769714 0.242711
vn 0.000000 -1.000000 -0.000000
v -1.164904 -4.659617 -12.231495 0.91030 0.91260 0.89190
vt 0.775706 0.229616
vn 0.000000 -1.000000 -0.000000
v -0.582452 -4.659617 -12.231495 0.91030 0.91260 0.89190
vt 0.779574 0.242894
vn 0.000000 -1.000000 -0.000000
f 2380/2380/2380 2381/2381/2381 2382/2382/2382
v -1.747356 -0.582452 -12.231495 0.26410 0.33585 0.39668
vt 0.416386 0.576305
vn -1.000000 0.000000 -0.000000
v -1.747356 -0.582452 -12.813947 0.26410 0.33585 0.39668
vt 0.414765 0.576388
vn -1.000000 0.000000 -0.000000
v -1.747356 -1.164904 -12.813947 0.26410 0.33585 0.39668
vt 0.412833 0.507374
vn -1.000000 0.000000 -0.000000
f 2383/2383/2383 2384/2384/2384 2385/2385/2385
v -1.747356 -0.582452 -12.231495 0.52077 0.29660 0.27590
vt 0.416386 0.576305
vn -1.000000 -0.000000 0.000000
v -1.747356 -1.164904 -12.813947 0.52077 0.29660 0.27590
vt 0.412833 0.507374
vn -1.000000 -0.000000 0.000000
v -1.747356 -1.164904 -12.231495 0.52077 0.29660 0.27590
vt 0.414459 0.507319
vn -1.000000 -0.000000 0.000000
f 2386/2386/2386 2387/2387/2387 2388/2388/2388
v -2.912261 -0.582452 -12.231495 0.72610 0.17884 0.15814
vt 0.622865 0.769735
vn -1.000000 0.000000 0.000000
v -2.912261 -0.582452 -9.901686 0.72610 0.17884 0.15814
vt 0.649011 0.770035
vn -1.000000 0.000000 0.000000
v -2.912261 0.582452 -9.901686 0.72610 0.17884 0.15814
vt 0.648346 0.829589
vn -1.000000 0.000000 0.000000
f 2389/2389/2389 2390/2390/2390 2391/2391/2391
v -2.912261 -0.582452 -12.231495 0.41810 0.23017 0.27288
vt 0.622865 0.769735
vn -1.000000 0.000000 0.000000
v -2.912261 0.582452 -9.901686 0.41810 0.23017 0.27288
vt 0.648346 0.829589
vn -1.000000 0.000000 0.000000
v -2.912261 0.582452 -12.231495 0.41810 0.23017 0.27288
vt 0.622215 0.829287
vn -1.000000 0.000000 0.000000
f 2392/2392/2392 2393/2393/2393 2394/2394/2394
v -2.912261 0.582452 -12.231495 0.25203 0.29962 0.33931
vt 0.432661 0.986717
vn 0.000000 1.000000 0.000000
v -2.912261 0.582452 -9.901686 0.25203 0.29962 0.33931
vt 0.432593 0.963872
vn 0.000000 1.000000 0.000000
v -1.747356 0.582452 -9.901686 0.25203 0.29962 0.33931
vt 0.462220 0.963784
vn 0.000000 1.000000 0.000000
f 2395/2395/2395 2396/2396/2396 2397/2397/2397
v -2.912261 0.582452 -12.231495 0.27014 0.28150 0.30006
vt 0.432661 0.986717
vn 0.000000 1.000000 0.000000
v -1.747356 0.582452 -9.901686 0.27014 0.28150 0.30006
vt 0.462220 0.963784
vn 0.000000 1.000000 0.000000
v -1.747356 0.582452 -12.231495 0.27014 0.28150 0.30006
vt 0.462289 0.986628
vn 0.000000 1.000000 0.000000
f 2398/2398/2398 2399/2399/2399 2400/2400/2400
v -2.912261 -0.582452 -12.231495 0.15540 0.26338 0.32421
vt 0.417541 0.617440
vn 0.000000 -1.000000 0.000000
v -2.912261 -0.582452 -12.813947 0.15540 0.26338 0.32421
vt 0.415827 0.616998
vn 0.000000 -1.000000 0.000000
v -1.747356 -0.582452 -12.813947 0.15540 0.26338 0.32421
vt 0.414765 0.576388
vn 0.000000 -1.000000 0.000000
f 2401/2401/2401 2402/2402/2402 2403/2403/2403
v -2.912261 -0.582452 -12.231495 0.15540 0.26338 0.32421
vt 0.417541 0.617440
vn 0.000000 -1.000000 0.000000
v -1.747356 -0.582452 -12.813947 0.15540 0.26338 0.32421
vt 0.414765 0.576388
vn 0.000000 -1.000000 0.000000
v -1.747356 -0.582452 -12.231495 0.15540 0.26338 0.32421
vt 0.416386 0.576305
vn 0.000000 -1.000000 0.000000
f 2404/2404/2404 2405/2405/2405 2406/2406/2406
v -2.912261 -0.582452 -8.736782 0.73818 0.20601 0.17927
vt 0.465022 0.662610
vn 1.000000 0.000000 0.000000
v -2.912261 -1.164904 -8.736782 0.73818 0.20601 0.17927
vt 0.465599 0.685307
vn 1.000000 0.000000 0.000000
v -2.912261 -1.164904 -9.901686 0.73818 0.20601 0.17927
vt 0.448470 0.685604
vn 1.000000 0.000000 0.000000
f 2407/2407/2407 2408/2408/2408 2409/2409/2409
v -2.912261 -0.582452 -8.736782 0.74724 0.15770 0.14606
vt 0.465022 0.662610
vn 1.000000 0.000000 0.000000
v -2.912261 -1.164904 -9.901686 0.74724 0.15770 0.14606
vt 0.448470 0.685604
vn 1.000000 0.000000 0.000000
v -2.912261 -0.582452 -9.901686 0.74724 0.15770 0.14606
vt 0.447983 0.662752
vn 1.000000 0.000000 0.000000
f 2410/2410/2410 2411/2411/2411 2412/2412/2412
v -2.912261 -0.582452 -9.901686 0.50567 0.29358 0.27590
vt 0.710176 0.031758
vn -1.000000 0.000000 0.000000
v -2.912261 -1.164904 -9.901686 0.50567 0.29358 0.27590
vt 0.712667 0.044439
vn -1.000000 0.000000 0.000000
v -2.912261 -1.164904 -8.736782 0.50567 0.29358 0.27590
vt 0.694118 0.044973
vn -1.000000 0.000000 0.000000
f 2413/2413/2413 2414/2414/2414 2415/2415/2415
v -2.912261 -0.582452 -9.901686 0.51473 0.28754 0.27590
vt 0.710176 0.031758
vn -1.000000 0.000000 0.000000
v -2.912261 -1.164904 -8.736782 0.51473 0.28754 0.27590
vt 0.694118 0.044973
vn -1.000000 0.000000 0.000000
v -2.912261 -0.582452 -8.736782 0.51473 0.28754 0.27590
vt 0.691660 0.032274
vn -1.000000 0.000000 0.000000
f 2416/2416/2416 2417/2417/2417 2418/2418/2418
v -2.912261 -0.582452 -12.231495 0.76536 0.16072 0.15210
vt 0.416814 0.662839
vn 1.000000 0.000000 0.000000
v -2.912261 -1.164904 -12.231495 0.76536 0.16072 0.15210
vt 0.417373 0.686307
vn 1.000000 0.000000 0.000000
v -2.912261 -1.164904 -12.813947 0.76536 0.16072 0.15210
vt 0.415746 0.686341
vn 1.000000 0.000000 0.000000
f 2419/2419/2419 2420/2420/2420 2421/2421/2421
v -2.912261 -0.582452 -12.231495 0.72912 0.18185 0.15512
vt 0.416814 0.662839
vn 1.000000 0.000000 0.000000
v -2.912261 -1.164904 -12.813947 0.72912 0.18185 0.15512
vt 0.415746 0.686341
vn 1.000000 0.000000 0.000000
v -2.912261 -0.582452 -12.813947 0.72912 0.18185 0.15512
vt 0.415216 0.662815
vn 1.000000 0.000000 0.000000
f 2422/2422/2422 2423/2423/2423 2424/2424/2424
v -2.912261 -0.582452 -12.813947 0.51171 0.29358 0.27892
vt 0.752984 0.029743
vn -1.000000 0.000000 0.000000
v -2.912261 -1.164904 -12.813947 0.51171 0.29358 0.27892
vt 0.756073 0.042842
vn -1.000000 0.000000 0.000000
v -2.912261 -1.164904 -12.231495 0.51171 0.29358 0.27892
vt 0.754764 0.042887
vn -1.000000 0.000000 0.000000
f 2425/2425/2425 2426/2426/2426 2427/2427/2427
v -2.912261 -0.582452 -12.813947 0.51171 0.29358 0.27892
vt 0.752984 0.029743
vn -1.000000 0.000000 0.000000
v -2.912261 -1.164904 -12.231495 0.51171 0.29358 0.27892
vt 0.754764 0.042887
vn -1.000000 0.000000 0.000000
v -2.912261 -0.582452 -12.231495 0.51171 0.29358 0.27892
vt 0.751827 0.029825
vn -1.000000 0.000000 0.000000
f 2428/2428/2428 2429/2429/2429 2430/2430/2430
v -2.912261 -1.164904 -6.406973 0.75328 0.16978 0.15512
vt 0.497635 0.684275
vn 1.000000 0.000000 0.000000
v -2.912261 -1.164904 -8.736782 0.75328 0.16978 0.15512
vt 0.465599 0.685307
vn 1.000000 0.000000 0.000000
v -2.912261 -0.582452 -8.736782 0.75328 0.16978 0.15512
vt 0.465022 0.662610
vn 1.000000 0.000000 0.000000
f 2431/2431/2431 2432/2432/2432 2433/2433/2433
v -2.912261 -1.164904 -6.406973 0.75328 0.15166 0.13398
vt 0.497635 0.684275
vn 1.000000 -0.000000 0.000000
v -2.912261 -0.582452 -8.736782 0.75328 0.15166 0.13398
vt 0.465022 0.662610
vn 1.000000 -0.000000 0.000000
v -2.912261 -0.582452 -6.406973 0.75328 0.15166 0.13398
vt 0.496883 0.660378
vn 1.000000 -0.000000 0.000000
f 2434/2434/2434 2435/2435/2435 2436/2436/2436
v -2.912261 -0.582452 -8.736782 0.49661 0.30868 0.28194
vt 0.691660 0.032274
vn -1.000000 0.000000 0.000000
v -2.912261 -1.164904 -8.736782 0.49661 0.30868 0.28194
vt 0.694118 0.044973
vn -1.000000 0.000000 0.000000
v -2.912261 -1.164904 -6.406973 0.49661 0.30868 0.28194
vt 0.653258 0.046191
vn -1.000000 0.000000 0.000000
f 2437/2437/2437 2438/2438/2438 2439/2439/2439
v -2.912261 -0.582452 -8.736782 0.49359 0.29660 0.27590
vt 0.691660 0.032274
vn -1.000000 0.000000 0.000000
v -2.912261 -1.164904 -6.406973 0.49359 0.29660 0.27590
vt 0.653258 0.046191
vn -1.000000 0.000000 0.000000
v -2.912261 -0.582452 -6.406973 0.49359 0.29660 0.27590
vt 0.649963 0.032958
vn -1.000000 0.000000 0.000000
f 2440/2440/2440 2441/2441/2441 2442/2442/2442
v -2.912261 -1.164904 -12.231495 0.74724 0.16374 0.14304
vt 0.417373 0.686307
vn 1.000000 0.000000 0.000000
v -2.912261 -0.582452 -12.231495 0.74724 0.16374 0.14304
vt 0.416814 0.662839
vn 1.000000 0.000000 0.000000
v -2.912261 -0.582452 -9.901686 0.74724 0.16374 0.14304
vt 0.447983 0.662752
vn 1.000000 0.000000 0.000000
f 2443/2443/2443 2444/2444/2444 2445/2445/2445
v -2.912261 -1.164904 -12.231495 0.75630 0.16072 0.14304
vt 0.417373 0.686307
vn 1.000000 0.000000 0.000000
v -2.912261 -0.582452 -9.901686 0.75630 0.16072 0.14304
vt 0.447983 0.662752
vn 1.000000 0.000000 0.000000
v -2.912261 -1.164904 -9.901686 0.75630 0.16072 0.14304
vt 0.448470 0.685604
vn 1.000000 0.000000 0.000000
f 2446/2446/2446 2447/2447/2447 2448/2448/2448
v -2.912261 -0.582452 -9.901686 0.51473 0.29056 0.26986
vt 0.712133 0.031748
vn -1.000000 0.000000 -0.000000
v -2.912261 -0.582452 -12.231495 0.51473 0.29056 0.26986
vt 0.751827 0.029825
vn -1.000000 0.000000 -0.000000
v -2.912261 -1.164904 -12.231495 0.51473 0.29056 0.26986
vt 0.754764 0.042887
vn -1.000000 0.000000 -0.000000
f 2449/2449/2449 2450/2450/2450 2451/2451/2451
v -2.912261 -0.582452 -9.901686 0.51775 0.28754 0.26382
vt 0.712133 0.031748
vn -1.000000 -0.000000 0.000000
v -2.912261 -1.164904 -12.231495 0.51775 0.28754 0.26382
vt 0.754764 0.042887
vn -1.000000 -0.000000 0.000000
v -2.912261 -1.164904 -9.901686 0.51775 0.28754 0.26382
vt 0.714816 0.044445
vn -1.000000 -0.000000 0.000000
f 2452/2452/2452 2453/2453/2453 2454/2454/2454
v -2.912261 -1.164904 11.066590 0.91030 0.91260 0.89190
vt 0.619068 0.038946
vn 0.707107 0.707107 -0.000000
v -2.912261 -1.164904 11.649043 0.91030 0.91260 0.89190
vt 0.627882 0.019912
vn 0.707107 0.707107 -0.000000
v -2.329809 -1.747356 11.649043 0.91030 0.91260 0.89190
vt 0.623927 0.059432
vn 0.707107 0.707107 -0.000000
f 2455/2455/2455 2456/2456/2456 2457/2457/2457
v -2.912261 -1.164904 11.066590 0.91030 0.91260 0.89190
vt 0.619068 0.038946
vn 0.707107 0.707107 0.000000
v -2.329809 -1.747356 11.649043 0.91030 0.91260 0.89190
vt 0.623927 0.059432
vn 0.707107 0.707107 0.000000
v -2.329809 -1.747356 11.066590 0.91030 0.91260 0.89190
vt 0.616331 0.059961
vn 0.707107 0.707107 0.000000
f 2458/2458/2458 2459/2459/2459 2460/2460/2460
v -0.582452 -1.164904 11.649043 0.14634 0.26640 0.32421
vt 0.945013 0.587341
vn 0.000000 0.000000 -1.000000
v 0.000000 -1.164904 11.649043 0.14634 0.26640 0.32421
vt 0.944485 0.608488
vn 0.000000 0.000000 -1.000000
v 0.000000 -2.329809 11.649043 0.14634 0.26640 0.32421
vt 0.860550 0.605583
vn 0.000000 0.000000 -1.000000
f 2461/2461/2461 2462/2462/2462 2463/2463/2463
v -0.582452 -1.164904 11.649043 0.14332 0.24829 0.31515
vt 0.945013 0.587341
vn 0.000000 0.000000 -1.000000
v 0.000000 -2.329809 11.649043 0.14332 0.24829 0.31515
vt 0.860550 0.605583
vn 0.000000 0.000000 -1.000000
v -0.582452 -2.329809 11.649043 0.14332 0.24829 0.31515
vt 0.861013 0.584849
vn 0.000000 0.000000 -1.000000
f 2464/2464/2464 2465/2465/2465 2466/2466/2466
v -2.912261 -1.164904 13.396399 0.24599 0.30868 0.34233
vt 0.965439 0.525854
vn -0.000000 1.000000 0.000000
v -1.164904 -1.164904 13.396399 0.24599 0.30868 0.34233
vt 0.964496 0.566213
vn -0.000000 1.000000 0.000000
v -1.164904 -1.164904 12.813947 0.24599 0.30868 0.34233
vt 0.956783 0.566025
vn -0.000000 1.000000 0.000000
f 2467/2467/2467 2468/2468/2468 2469/2469/2469
v -2.912261 -1.164904 13.396399 0.19465 0.28452 0.32421
vt 0.965439 0.525854
vn 0.000000 1.000000 0.000000
v -1.164904 -1.164904 12.813947 0.19465 0.28452 0.32421
vt 0.956783 0.566025
vn 0.000000 1.000000 0.000000
v -2.912261 -1.164904 12.813947 0.19465 0.28452 0.32421
vt 0.957924 0.523844
vn 0.000000 1.000000 0.000000
f 2470/2470/2470 2471/2471/2471 2472/2472/2472
v 0.000000 -1.164904 13.396399 0.15238 0.26338 0.33629
vt 0.963268 0.609084
vn 0.000000 1.000000 0.000000
v 0.000000 -1.164904 12.813947 0.15238 0.26338 0.33629
vt 0.955432 0.608823
vn 0.000000 1.000000 0.000000
v -0.582452 -1.164904 12.813947 0.15238 0.26338 0.33629
vt 0.956208 0.587589
vn 0.000000 1.000000 0.000000
f 2473/2473/2473 2474/2474/2474 2475/2475/2475
v 0.000000 -1.164904 13.396399 0.15238 0.26338 0.33025
vt 0.963268 0.609084
vn 0.000000 1.000000 0.000000
v -0.582452 -1.164904 12.813947 0.15238 0.26338 0.33025
vt 0.956208 0.587589
vn 0.000000 1.000000 0.000000
v -0.582452 -1.164904 13.396399 0.15238 0.26338 0.33025
vt 0.963928 0.587740
vn 0.000000 1.000000 0.000000
f 2476/2476/2476 2477/2477/2477 2478/2478/2478
v -2.329809 -0.582452 13.978851 0.51775 0.29056 0.27892
vt 0.018914 0.533666
vn 0.000000 1.000000 0.000000
v -2.329809 -0.582452 13.396399 0.51775 0.29056 0.27892
vt 0.022908 0.541063
vn 0.000000 1.000000 0.000000
v -2.912261 -0.582452 13.396399 0.51775 0.29056 0.27892
vt 0.020968 0.543262
vn 0.000000 1.000000 0.000000
f 2479/2479/2479 2480/2480/2480 2481/2481/2481
v -2.329809 -1.164904 13.978851 0.23995 0.29660 0.33327
vt 0.973436 0.534067
vn -0.000000 1.000000 0.000000
v -1.164904 -1.164904 13.978851 0.23995 0.29660 0.33327
vt 0.973138 0.566366
vn -0.000000 1.000000 0.000000
v -1.164904 -1.164904 13.396399 0.23995 0.29660 0.33327
vt 0.964496 0.566213
vn -0.000000 1.000000 0.000000
f 2482/2482/2482 2483/2483/2483 2484/2484/2484
v -2.329809 -1.164904 13.978851 0.26108 0.31774 0.34837
vt 0.973436 0.534067
vn 0.000000 1.000000 0.000000
v -1.164904 -1.164904 13.396399 0.26108 0.31774 0.34837
vt 0.964496 0.566213
vn 0.000000 1.000000 0.000000
v -2.912261 -1.164904 13.396399 0.26108 0.31774 0.34837
vt 0.965439 0.525854
vn 0.000000 1.000000 0.000000
f 2485/2485/2485 2486/2486/2486 2487/2487/2487
v 0.000000 -1.164904 13.978851 0.15238 0.26338 0.33025
vt 0.972282 0.609386
vn 0.000000 1.000000 0.000000
v 0.000000 -1.164904 13.396399 0.15238 0.26338 0.33025
vt 0.963268 0.609084
vn 0.000000 1.000000 0.000000
v -0.582452 -1.164904 13.396399 0.15238 0.26338 0.33025
vt 0.963928 0.587740
vn 0.000000 1.000000 0.000000
f 2488/2488/2488 2489/2489/2489 2490/2490/2490
v 0.000000 -1.164904 13.978851 0.18559 0.29056 0.35743
vt 0.972282 0.609386
vn 0.000000 1.000000 0.000000
v -0.582452 -1.164904 13.396399 0.18559 0.29056 0.35743
vt 0.963928 0.587740
vn 0.000000 1.000000 0.000000
v -0.582452 -1.164904 13.978851 0.18559 0.29056 0.35743
vt 0.972743 0.587839
vn 0.000000 1.000000 0.000000
f 2491/2491/2491 2492/2492/2492 2493/2493/2493
v -1.747356 -1.164904 14.561303 0.20673 0.27244 0.32119
vt 0.978416 0.548902
vn -0.000000 1.000000 0.000000
v -1.164904 -1.164904 15.143755 0.20673 0.27244 0.32119
vt 0.981230 0.566493
vn -0.000000 1.000000 0.000000
v -1.164904 -1.164904 13.978851 0.20673 0.27244 0.32119
vt 0.973138 0.566366
vn -0.000000 1.000000 0.000000
f 2494/2494/2494 2495/2495/2495 2496/2496/2496
v -1.747356 -1.164904 14.561303 0.24297 0.30264 0.35743
vt 0.978416 0.548902
vn 0.000000 1.000000 0.000000
v -1.164904 -1.164904 13.978851 0.24297 0.30264 0.35743
vt 0.973138 0.566366
vn 0.000000 1.000000 0.000000
v -2.329809 -1.164904 13.978851 0.24297 0.30264 0.35743
vt 0.973436 0.534067
vn 0.000000 1.000000 0.000000
f 2497/2497/2497 2498/2498/2498 2499/2499/2499
v -0.582452 -1.164904 15.143755 0.16144 0.26640 0.32723
vt 0.983094 0.587966
vn -0.000000 1.000000 0.000000
v 0.000000 -1.164904 15.143755 0.16144 0.26640 0.32723
vt 0.983810 0.609784
vn -0.000000 1.000000 0.000000
v 0.000000 -1.164904 13.978851 0.16144 0.26640 0.32723
vt 0.972282 0.609386
vn -0.000000 1.000000 0.000000
f 2500/2500/2500 2501/2501/2501 2502/2502/2502
v -0.582452 -1.164904 15.143755 0.16144 0.27546 0.33931
vt 0.983094 0.587966
vn 0.000000 1.000000 0.000000
v 0.000000 -1.164904 13.978851 0.16144 0.27546 0.33931
vt 0.972282 0.609386
vn 0.000000 1.000000 0.000000
v -0.582452 -1.164904 13.978851 0.16144 0.27546 0.33931
vt 0.972743 0.587839
vn 0.000000 1.000000 0.000000
f 2503/2503/2503 2504/2504/2504 2505/2505/2505
v -1.747356 -3.494713 -14.561303 0.90426 0.91260 0.89190
vt 0.858744 0.176519
vn -0.577350 -0.577350 -0.577350
v -2.329809 -2.912261 -14.561303 0.90426 0.91260 0.89190
vt 0.842704 0.142378
vn -0.577350 -0.577350 -0.577350
v -1.164904 -3.494713 -15.143755 0.90426 0.91260 0.89190
vt 0.882344 0.154790
vn -0.577350 -0.577350 -0.577350
f 2506/2506/2506 2507/2507/2507 2508/2508/2508
v -1.747356 -3.494713 -14.561303 0.91030 0.91260 0.89190
vt 0.858744 0.176519
vn -0.577350 -0.577350 -0.577350
v -1.164904 -3.494713 -15.143755 0.91030 0.91260 0.89190
vt 0.882344 0.154790
vn -0.577350 -0.577350 -0.577350
v -1.164904 -4.077165 -14.561303 0.91030 0.91260 0.89190
vt 0.897108 0.196252
vn -0.577350 -0.577350 -0.577350
f 2509/2509/2509 2510/2510/2510 2511/2511/2511
v -1.747356 -3.494713 11.066590 0.59626 0.59856 0.57786
vt 0.253321 0.176747
vn -0.707107 -0.707107 0.000000
v -1.164904 -4.077165 11.066590 0.59626 0.59856 0.57786
vt 0.222111 0.202513
vn -0.707107 -0.707107 0.000000
v -1.164904 -4.077165 11.649043 0.59626 0.59856 0.57786
vt 0.219784 0.200635
vn -0.707107 -0.707107 0.000000
f 2512/2512/2512 2513/2513/2513 2514/2514/2514
v -1.747356 -3.494713 -5.242069 0.91030 0.90958 0.89190
vt 0.651937 0.190118
vn -0.707107 -0.707107 -0.000000
v -1.747356 -3.494713 -8.736782 0.91030 0.90958 0.89190
vt 0.707991 0.188478
vn -0.707107 -0.707107 -0.000000
v -1.164904 -4.077165 -8.154330 0.91030 0.90958 0.89190
vt 0.704658 0.217312
vn -0.707107 -0.707107 -0.000000
f 2515/2515/2515 2516/2516/2516 2517/2517/2517
v -1.747356 -3.494713 -5.242069 0.90728 0.90656 0.89190
vt 0.651937 0.190118
vn -0.707107 -0.707107 0.000000
v -1.164904 -4.077165 -8.154330 0.90728 0.90656 0.89190
vt 0.704658 0.217312
vn -0.707107 -0.707107 0.000000
v -1.164904 -4.077165 -5.824521 0.90728 0.90656 0.89190
vt 0.658962 0.218953
vn -0.707107 -0.707107 0.000000
f 2518/2518/2518 2519/2519/2519 2520/2520/2520
v -1.747356 -3.494713 -11.649043 0.14030 0.27244 0.27288
vt 0.764342 0.187547
vn -0.707107 -0.707107 0.000000
v -1.164904 -4.077165 -12.231495 0.14030 0.27244 0.27288
vt 0.772202 0.217068
vn -0.707107 -0.707107 0.000000
v -1.164904 -4.077165 -11.649043 0.14030 0.27244 0.27288
vt 0.762727 0.216481
vn -0.707107 -0.707107 0.000000
f 2521/2521/2521 2522/2522/2522 2523/2523/2523
v -1.747356 -3.494713 12.231495 0.59626 0.59856 0.57786
vt 0.241582 0.166924
vn -0.577350 -0.577350 0.577350
v -1.164904 -4.077165 12.231495 0.59626 0.59856 0.57786
vt 0.213197 0.190862
vn -0.577350 -0.577350 0.577350
v -1.164904 -3.494713 12.813947 0.59626 0.59856 0.57786
vt 0.209850 0.175686
vn -0.577350 -0.577350 0.577350
f 2524/2524/2524 2525/2525/2525 2526/2526/2526
v -1.747356 -3.494713 12.231495 0.61438 0.61668 0.59598
vt 0.241582 0.166924
vn -0.577350 -0.577350 0.577350
v -1.164904 -3.494713 12.813947 0.61438 0.61668 0.59598
vt 0.209850 0.175686
vn -0.577350 -0.577350 0.577350
v -1.747356 -2.912261 12.813947 0.61438 0.61668 0.59598
vt 0.236665 0.155365
vn -0.577350 -0.577350 0.577350
f 2527/2527/2527 2528/2528/2528 2529/2529/2529
v -1.747356 -4.077165 -13.978851 0.91030 0.91260 0.89190
vt 0.809162 0.188774
vn 0.000000 -1.000000 0.000000
v -1.164904 -4.077165 -13.978851 0.91030 0.91260 0.89190
vt 0.808708 0.218622
vn 0.000000 -1.000000 0.000000
v -1.164904 -4.077165 -12.231495 0.91030 0.91260 0.89190
vt 0.772202 0.217068
vn 0.000000 -1.000000 0.000000
f 2530/2530/2530 2531/2531/2531 2532/2532/2532
v -1.747356 -4.077165 -13.978851 0.91030 0.91260 0.89190
vt 0.809162 0.188774
vn -0.588348 -0.784465 0.196116
v -1.164904 -4.077165 -12.231495 0.91030 0.91260 0.89190
vt 0.772202 0.217068
vn -0.588348 -0.784465 0.196116
v -1.747356 -3.494713 -11.649043 0.91030 0.91260 0.89190
vt 0.764342 0.187547
vn -0.588348 -0.784465 0.196116
f 2533/2533/2533 2534/2534/2534 2535/2535/2535
v -2.329809 -1.747356 -14.561303 0.91030 0.91260 0.89190
vt 0.818579 0.072107
vn -0.707107 0.000000 -0.707107
v -1.747356 -1.747356 -15.143755 0.91030 0.91260 0.89190
vt 0.861643 0.071035
vn -0.707107 0.000000 -0.707107
v -1.747356 -2.329809 -15.143755 0.91030 0.91260 0.89190
vt 0.869676 0.098215
vn -0.707107 0.000000 -0.707107
f 2536/2536/2536 2537/2537/2537 2538/2538/2538
v -2.329809 -1.747356 -14.561303 0.91030 0.91260 0.89190
vt 0.818579 0.072107
vn -0.707107 -0.000000 -0.707107
v -1.747356 -2.329809 -15.143755 0.91030 0.91260 0.89190
vt 0.869676 0.098215
vn -0.707107 -0.000000 -0.707107
v -2.329809 -2.329809 -14.561303 0.91030 0.91260 0.89190
vt 0.830414 0.097727
vn -0.707107 -0.000000 -0.707107
f 2539/2539/2539 2540/2540/2540 2541/2541/2541
v -1.747356 -3.494713 7.571878 0.91030 0.91260 0.89190
vt 0.418520 0.190719
vn -0.707107 -0.707107 -0.000000
v -1.747356 -3.494713 3.494713 0.91030 0.91260 0.89190
vt 0.494358 0.191423
vn -0.707107 -0.707107 -0.000000
v -1.164904 -4.077165 4.659617 0.91030 0.91260 0.89190
vt 0.473698 0.220462
vn -0.707107 -0.707107 -0.000000
f 2542/2542/2542 2543/2543/2543 2544/2544/2544
v -1.747356 -3.494713 7.571878 0.91030 0.91260 0.89190
vt 0.418520 0.190719
vn -0.707107 -0.707107 0.000000
v -1.164904 -4.077165 4.659617 0.91030 0.91260 0.89190
vt 0.473698 0.220462
vn -0.707107 -0.707107 0.000000
v -1.164904 -4.077165 8.736782 0.91030 0.91260 0.89190
vt 0.407582 0.219101
vn -0.707107 -0.707107 0.000000
f 2545/2545/2545 2546/2546/2546 2547/2547/2547
v -1.747356 -3.494713 3.494713 0.91030 0.91260 0.89190
vt 0.494358 0.191423
vn 0.000000 -0.995893 0.090536
v -1.747356 -4.077165 -2.912261 0.91030 0.91260 0.89190
vt 0.605346 0.190951
vn 0.000000 -0.995893 0.090536
v -1.164904 -4.077165 -2.912261 0.91030 0.91260 0.89190
vt 0.609935 0.220013
vn 0.000000 -0.995893 0.090536
f 2548/2548/2548 2549/2549/2549 2550/2550/2550
v -1.747356 -3.494713 3.494713 0.77140 0.80087 0.78319
vt 0.494358 0.191423
vn -0.707107 -0.707107 0.000000
v -1.164904 -4.077165 -2.912261 0.77140 0.80087 0.78319
vt 0.609935 0.220013
vn -0.707107 -0.707107 0.000000
v -1.164904 -4.077165 4.659617 0.77140 0.80087 0.78319
vt 0.473698 0.220462
vn -0.707107 -0.707107 0.000000
f 2551/2551/2551 2552/2552/2552 2553/2553/2553
v -1.747356 -3.494713 -5.242069 0.91030 0.91260 0.89190
vt 0.651937 0.190118
vn -0.707107 -0.707107 0.000000
v -1.164904 -4.077165 -5.824521 0.91030 0.91260 0.89190
vt 0.658962 0.218953
vn -0.707107 -0.707107 0.000000
v -1.164904 -4.077165 -2.912261 0.91030 0.91260 0.89190
vt 0.609935 0.220013
vn -0.707107 -0.707107 0.000000
f 2554/2554/2554 2555/2555/2555 2556/2556/2556
v -1.747356 -3.494713 -5.242069 0.91030 0.91260 0.89190
vt 0.651937 0.190118
vn 0.000000 -0.970143 -0.242536
v -1.164904 -4.077165 -2.912261 0.91030 0.91260 0.89190
vt 0.609935 0.220013
vn 0.000000 -0.970143 -0.242536
v -1.747356 -4.077165 -2.912261 0.91030 0.91260 0.89190
vt 0.605346 0.190951
vn 0.000000 -0.970143 -0.242536
f 2557/2557/2557 2558/2558/2558 2559/2559/2559
v -1.747356 -3.494713 7.571878 0.91030 0.91260 0.89190
vt 0.418520 0.190719
vn -0.707107 -0.707107 0.000000
v -1.164904 -4.077165 8.736782 0.91030 0.91260 0.89190
vt 0.407582 0.219101
vn -0.707107 -0.707107 0.000000
v -1.164904 -4.077165 10.484138 0.91030 0.91260 0.89190
vt 0.374555 0.217134
vn -0.707107 -0.707107 0.000000
f 2560/2560/2560 2561/2561/2561 2562/2562/2562
v -1.747356 -3.494713 7.571878 0.91030 0.91260 0.89190
vt 0.418520 0.190719
vn -0.707107 -0.707107 0.000000
v -1.164904 -4.077165 10.484138 0.91030 0.91260 0.89190
vt 0.374555 0.217134
vn -0.707107 -0.707107 0.000000
v -1.747356 -3.494713 9.901686 0.91030 0.91260 0.89190
vt 0.378916 0.188537
vn -0.707107 -0.707107 0.000000
f 2563/2563/2563 2564/2564/2564 2565/2565/2565
v -1.747356 -3.494713 9.901686 0.91030 0.91260 0.89190
vt 0.378916 0.188537
vn -0.707107 -0.707107 0.000000
v -1.164904 -4.077165 10.484138 0.91030 0.91260 0.89190
vt 0.374555 0.217134
vn -0.707107 -0.707107 0.000000
v -1.164904 -4.077165 11.066590 0.91030 0.91260 0.89190
vt 0.355876 0.214565
vn -0.707107 -0.707107 0.000000
f 2566/2566/2566 2567/2567/2567 2568/2568/2568
v -1.747356 -3.494713 9.901686 0.91030 0.91260 0.89190
vt 0.378916 0.188537
vn -0.707107 -0.707107 0.000000
v -1.164904 -4.077165 11.066590 0.91030 0.91260 0.89190
vt 0.355876 0.214565
vn -0.707107 -0.707107 0.000000
v -1.747356 -3.494713 11.066590 0.91030 0.91260 0.89190
vt 0.354829 0.185359
vn -0.707107 -0.707107 0.000000
f 2569/2569/2569 2570/2570/2570 2571/2571/2571
v -1.747356 -4.077165 -13.978851 0.90728 0.90958 0.88888
vt 0.855389 0.183275
vn -0.707107 -0.707107 0.000000
v -2.329809 -3.494713 -13.978851 0.90728 0.90958 0.88888
vt 0.820642 0.154754
vn -0.707107 -0.707107 0.000000
v -2.329809 -3.494713 -14.561303 0.90728 0.90958 0.88888
vt 0.831507 0.153154
vn -0.707107 -0.707107 0.000000
f 2572/2572/2572 2573/2573/2573 2574/2574/2574
v -1.747356 -4.077165 -13.978851 0.91030 0.91260 0.88586
vt 0.855389 0.183275
vn 0.000000 -0.707107 -0.707107
v -2.329809 -3.494713 -14.561303 0.91030 0.91260 0.88586
vt 0.831507 0.153154
vn 0.000000 -0.707107 -0.707107
v -1.747356 -3.494713 -14.561303 0.91030 0.91260 0.88586
vt 0.858744 0.176519
vn 0.000000 -0.707107 -0.707107
f 2575/2575/2575 2576/2576/2576 2577/2577/2577
v -1.747356 -2.912261 13.396399 0.91030 0.91260 0.89190
vt 0.240253 0.128535
vn -1.000000 0.000000 0.000000
v -1.747356 -2.329809 12.813947 0.91030 0.91260 0.89190
vt 0.269934 0.112009
vn -1.000000 0.000000 0.000000
v -1.747356 -2.912261 12.813947 0.91030 0.91260 0.89190
vt 0.257609 0.136933
vn -1.000000 0.000000 0.000000
f 2578/2578/2578 2579/2579/2579 2580/2580/2580
v -1.747356 -1.164904 14.561303 0.91030 0.91260 0.89190
vt 0.267263 0.036026
vn -0.801784 -0.267261 0.534522
v -2.329809 -0.582452 13.978851 0.91030 0.91260 0.89190
vt 0.296350 0.035279
vn -0.801784 -0.267261 0.534522
v -2.329809 -1.747356 13.396399 0.91030 0.91260 0.89190
vt 0.287414 0.078326
vn -0.801784 -0.267261 0.534522
f 2581/2581/2581 2582/2582/2582 2583/2583/2583
v -1.747356 -1.164904 14.561303 0.14634 0.31774 0.32119
vt 0.267263 0.036026
vn -0.577350 -0.577350 0.577350
v -2.329809 -1.747356 13.396399 0.14634 0.31774 0.32119
vt 0.287414 0.078326
vn -0.577350 -0.577350 0.577350
v -1.747356 -1.747356 13.978851 0.14634 0.31774 0.32119
vt 0.258905 0.088288
vn -0.577350 -0.577350 0.577350
f 2584/2584/2584 2585/2585/2585 2586/2586/2586
v -2.329809 -2.329809 -14.561303 0.89218 0.90656 0.89190
vt 0.830414 0.097727
vn -0.000000 -0.000000 -1.000000
v -2.329809 -2.912261 -14.561303 0.89218 0.90656 0.89190
vt 0.814387 0.130962
vn -0.000000 -0.000000 -1.000000
v -2.912261 -2.329809 -14.561303 0.89218 0.90656 0.89190
vt 0.804610 0.097348
vn -0.000000 -0.000000 -1.000000
f 2587/2587/2587 2588/2588/2588 2589/2589/2589
v -1.747356 -2.912261 13.396399 0.91030 0.90958 0.89190
vt 0.240253 0.128535
vn 0.000000 -0.707107 0.707107
v -1.164904 -2.912261 13.396399 0.91030 0.90958 0.89190
vt 0.213348 0.141438
vn 0.000000 -0.707107 0.707107
v -1.164904 -1.747356 14.561303 0.91030 0.90958 0.89190
vt 0.227268 0.092401
vn 0.000000 -0.707107 0.707107
f 2590/2590/2590 2591/2591/2591 2592/2592/2592
v -1.747356 -2.912261 13.396399 0.14030 0.30868 0.32119
vt 0.240253 0.128535
vn -0.666667 -0.333333 0.666667
v -1.164904 -1.747356 14.561303 0.14030 0.30868 0.32119
vt 0.227268 0.092401
vn -0.666667 -0.333333 0.666667
v -1.747356 -1.747356 13.978851 0.14030 0.30868 0.32119
vt 0.258905 0.088288
vn -0.666667 -0.333333 0.666667
f 2593/2593/2593 2594/2594/2594 2595/2595/2595
v -2.329809 -1.747356 -14.561303 0.91030 0.91260 0.88586
vt 0.818579 0.072107
vn 0.000000 0.000000 -1.000000
v -2.912261 -1.747356 -14.561303 0.91030 0.91260 0.88586
vt 0.796616 0.072534
vn 0.000000 0.000000 -1.000000
v -2.912261 -1.164904 -14.561303 0.91030 0.91260 0.88586
vt 0.787061 0.041579
vn 0.000000 0.000000 -1.000000
f 2596/2596/2596 2597/2597/2597 2598/2598/2598
v -1.747356 -3.494713 11.649043 0.59626 0.59856 0.57786
vt 0.246169 0.171211
vn -0.707107 -0.707107 0.000000
v -1.164904 -4.077165 11.649043 0.59626 0.59856 0.57786
vt 0.216440 0.196155
vn -0.707107 -0.707107 0.000000
v -1.164904 -4.077165 12.231495 0.59626 0.59856 0.57786
vt 0.213197 0.190862
vn -0.707107 -0.707107 0.000000
f 2599/2599/2599 2600/2600/2600 2601/2601/2601
v -1.747356 -3.494713 11.649043 0.59626 0.59856 0.57786
vt 0.246169 0.171211
vn -0.707107 -0.707107 0.000000
v -1.164904 -4.077165 12.231495 0.59626 0.59856 0.57786
vt 0.213197 0.190862
vn -0.707107 -0.707107 0.000000
v -1.747356 -3.494713 12.231495 0.59626 0.59856 0.57786
vt 0.241582 0.166924
vn -0.707107 -0.707107 0.000000
f 2602/2602/2602 2603/2603/2603 2604/2604/2604
v -1.747356 -3.494713 -10.484138 0.91030 0.91260 0.88586
vt 0.740024 0.187750
vn -0.707107 -0.707107 0.000000
v -1.164904 -4.077165 -10.484138 0.91030 0.91260 0.88586
vt 0.742416 0.216681
vn -0.707107 -0.707107 0.000000
v -1.164904 -4.077165 -9.901686 0.91030 0.91260 0.88586
vt 0.732463 0.216776
vn -0.707107 -0.707107 0.000000
f 2605/2605/2605 2606/2606/2606 2607/2607/2607
v -1.747356 -3.494713 -10.484138 0.91030 0.91260 0.89190
vt 0.740024 0.187750
vn -0.707107 -0.707107 0.000000
v -1.164904 -4.077165 -9.901686 0.91030 0.91260 0.89190
vt 0.732463 0.216776
vn -0.707107 -0.707107 0.000000
v -1.747356 -3.494713 -9.901686 0.91030 0.91260 0.89190
vt 0.731058 0.187934
vn -0.707107 -0.707107 0.000000
f 2608/2608/2608 2609/2609/2609 2610/2610/2610
v -1.747356 -3.494713 -9.901686 0.91030 0.91260 0.89190
vt 0.731058 0.187934
vn -0.707107 -0.707107 0.000000
v -1.164904 -4.077165 -9.901686 0.91030 0.91260 0.89190
vt 0.732463 0.216776
vn -0.707107 -0.707107 0.000000
v -1.164904 -4.077165 -8.736782 0.91030 0.91260 0.89190
vt 0.715423 0.216941
vn -0.707107 -0.707107 0.000000
f 2611/2611/2611 2612/2612/2612 2613/2613/2613
v -1.747356 -3.494713 -9.901686 0.16144 0.31170 0.30912
vt 0.731058 0.187934
vn -0.707107 -0.707107 0.000000
v -1.164904 -4.077165 -8.736782 0.16144 0.31170 0.30912
vt 0.715423 0.216941
vn -0.707107 -0.707107 0.000000
v -1.747356 -3.494713 -8.736782 0.16144 0.31170 0.30912
vt 0.714081 0.188257
vn -0.707107 -0.707107 0.000000
f 2614/2614/2614 2615/2615/2615 2616/2616/2616
v -1.747356 -3.494713 -8.736782 0.58720 0.68311 0.67147
vt 0.714081 0.188257
vn -0.707107 -0.707107 0.000000
v -1.164904 -4.077165 -8.736782 0.58720 0.68311 0.67147
vt 0.715423 0.216941
vn -0.707107 -0.707107 0.000000
v -1.164904 -4.077165 -8.154330 0.58720 0.68311 0.67147
vt 0.704658 0.217312
vn -0.707107 -0.707107 0.000000
f 2617/2617/2617 2618/2618/2618 2619/2619/2619
v -1.747356 -3.494713 -11.649043 0.86199 0.91260 0.89190
vt 0.759099 0.187319
vn -0.707107 -0.707107 0.000000
v -1.164904 -4.077165 -11.649043 0.86199 0.91260 0.89190
vt 0.762727 0.216481
vn -0.707107 -0.707107 0.000000
v -1.164904 -4.077165 -10.484138 0.86199 0.91260 0.89190
vt 0.747111 0.216631
vn -0.707107 -0.707107 0.000000
f 2620/2620/2620 2621/2621/2621 2622/2622/2622
v -1.747356 -3.494713 -11.649043 0.91030 0.91260 0.89190
vt 0.759099 0.187319
vn -0.707107 -0.707107 0.000000
v -1.164904 -4.077165 -10.484138 0.91030 0.91260 0.89190
vt 0.747111 0.216631
vn -0.707107 -0.707107 0.000000
v -1.747356 -3.494713 -10.484138 0.91030 0.91260 0.89190
vt 0.743096 0.187655
vn -0.707107 -0.707107 0.000000
f 2623/2623/2623 2624/2624/2624 2625/2625/2625
v -2.912261 -1.164904 11.649043 0.52077 0.29660 0.27590
vt 0.021739 0.569194
vn 0.000000 0.000000 -1.000000
v -2.912261 -0.582452 11.649043 0.52077 0.29660 0.27590
vt 0.031646 0.557877
vn 0.000000 0.000000 -1.000000
v -1.164904 -0.582452 11.649043 0.52077 0.29660 0.27590
vt 0.059519 0.582482
vn 0.000000 0.000000 -1.000000
f 2626/2626/2626 2627/2627/2627 2628/2628/2628
v -2.912261 -1.164904 11.649043 0.52077 0.29660 0.27590
vt 0.021739 0.569194
vn 0.000000 0.000000 -1.000000
v -1.164904 -0.582452 11.649043 0.52077 0.29660 0.27590
vt 0.059519 0.582482
vn 0.000000 0.000000 -1.000000
v -1.164904 -1.164904 11.649043 0.52077 0.29660 0.27590
vt 0.049826 0.593382
vn 0.000000 0.000000 -1.000000
f 2629/2629/2629 2630/2630/2630 2631/2631/2631
v -1.164904 -1.164904 11.649043 0.61438 0.59252 0.54465
vt 0.069509 0.571412
vn 0.000000 -0.000000 1.000000
v -1.164904 -0.582452 11.649043 0.61438 0.59252 0.54465
vt 0.059764 0.582056
vn 0.000000 -0.000000 1.000000
v -2.912261 -0.582452 11.649043 0.61438 0.59252 0.54465
vt 0.031389 0.556246
vn 0.000000 -0.000000 1.000000
f 2632/2632/2632 2633/2633/2633 2634/2634/2634
v -1.164904 -1.164904 11.649043 0.60532 0.60158 0.58390
vt 0.069509 0.571412
vn 0.000000 0.000000 1.000000
v -2.912261 -0.582452 11.649043 0.60532 0.60158 0.58390
vt 0.031389 0.556246
vn 0.000000 0.000000 1.000000
v -2.912261 -1.164904 11.649043 0.60532 0.60158 0.58390
vt 0.042596 0.546398
vn 0.000000 0.000000 1.000000
f 2635/2635/2635 2636/2636/2636 2637/2637/2637
v -2.912261 -0.582452 11.649043 0.51473 0.29660 0.28798
vt 0.031389 0.556246
vn 1.000000 0.000000 -0.000000
v -2.912261 -0.582452 12.813947 0.51473 0.29660 0.28798
vt 0.026020 0.547730
vn 1.000000 0.000000 -0.000000
v -2.912261 -1.164904 12.813947 0.51473 0.29660 0.28798
vt 0.038601 0.540451
vn 1.000000 0.000000 -0.000000
f 2638/2638/2638 2639/2639/2639 2640/2640/2640
v -2.912261 -0.582452 11.649043 0.50265 0.30566 0.26986
vt 0.031389 0.556246
vn 1.000000 0.000000 0.000000
v -2.912261 -1.164904 12.813947 0.50265 0.30566 0.26986
vt 0.038601 0.540451
vn 1.000000 0.000000 0.000000
v -2.912261 -1.164904 11.649043 0.50265 0.30566 0.26986
vt 0.042596 0.546398
vn 1.000000 0.000000 0.000000
f 2641/2641/2641 2642/2642/2642 2643/2643/2643
v -2.912261 -1.164904 13.396399 0.51775 0.29056 0.27892
vt 0.036639 0.535753
vn 0.707107 -0.707107 0.000000
v -2.329809 -0.582452 13.396399 0.51775 0.29056 0.27892
vt 0.022908 0.541063
vn 0.707107 -0.707107 0.000000
v -2.329809 -0.582452 13.978851 0.51775 0.29056 0.27892
vt 0.020101 0.530971
vn 0.707107 -0.707107 0.000000
f 2644/2644/2644 2645/2645/2645 2646/2646/2646
v -2.912261 -1.164904 13.396399 0.52077 0.28754 0.27892
vt 0.036639 0.535753
vn 0.707107 0.000000 -0.707107
v -2.329809 -0.582452 13.978851 0.52077 0.28754 0.27892
vt 0.020101 0.530971
vn 0.707107 0.000000 -0.707107
v -2.329809 -1.164904 13.978851 0.52077 0.28754 0.27892
vt 0.034348 0.527572
vn 0.707107 0.000000 -0.707107
f 2647/2647/2647 2648/2648/2648 2649/2649/2649
v -2.329809 -1.164904 13.978851 0.52077 0.28754 0.27892
vt 0.034348 0.527572
vn 0.707107 0.000000 -0.707107
v -2.329809 -0.582452 13.978851 0.52077 0.28754 0.27892
vt 0.020101 0.530971
vn 0.707107 0.000000 -0.707107
v -1.747356 -0.582452 14.561303 0.52077 0.28754 0.27892
vt 0.019207 0.517221
vn 0.707107 0.000000 -0.707107
f 2650/2650/2650 2651/2651/2651 2652/2652/2652
v -2.329809 -1.164904 13.978851 0.52077 0.29056 0.27288
vt 0.034348 0.527572
vn 0.707107 0.000000 -0.707107
v -1.747356 -0.582452 14.561303 0.52077 0.29056 0.27288
vt 0.019207 0.517221
vn 0.707107 0.000000 -0.707107
v -1.747356 -1.164904 14.561303 0.52077 0.29056 0.27288
vt 0.033773 0.515101
vn 0.707107 0.000000 -0.707107
f 2653/2653/2653 2654/2654/2654 2655/2655/2655
v -1.747356 -1.164904 14.561303 0.50869 0.29962 0.26684
vt 0.033773 0.515101
vn 0.707107 0.000000 -0.707107
v -1.747356 -0.582452 14.561303 0.50869 0.29962 0.26684
vt 0.019207 0.517221
vn 0.707107 0.000000 -0.707107
v -1.164904 -0.582452 15.143755 0.50869 0.29962 0.26684
vt 0.018832 0.501785
vn 0.707107 0.000000 -0.707107
f 2656/2656/2656 2657/2657/2657 2658/2658/2658
v -1.747356 -1.164904 14.561303 0.52077 0.29056 0.27288
vt 0.033773 0.515101
vn 0.707107 0.000000 -0.707107
v -1.164904 -0.582452 15.143755 0.52077 0.29056 0.27288
vt 0.018832 0.501785
vn 0.707107 0.000000 -0.707107
v -1.164904 -1.164904 15.143755 0.52077 0.29056 0.27288
vt 0.033499 0.500397
vn 0.707107 0.000000 -0.707107
f 2659/2659/2659 2660/2660/2660 2661/2661/2661
v -0.582452 -0.582452 15.143755 0.47548 0.28754 0.28194
vt 0.016560 0.483136
vn 0.000000 0.000000 -1.000000
v 0.000000 -0.582452 15.143755 0.47548 0.28754 0.28194
vt 0.013809 0.465049
vn 0.000000 0.000000 -1.000000
v 0.000000 -1.164904 15.143755 0.47548 0.28754 0.28194
vt 0.028442 0.464313
vn 0.000000 0.000000 -1.000000
f 2662/2662/2662 2663/2663/2663 2664/2664/2664
v -0.582452 -0.582452 15.143755 0.51473 0.29056 0.26382
vt 0.016560 0.483136
vn 0.000000 0.000000 -1.000000
v 0.000000 -1.164904 15.143755 0.51473 0.29056 0.26382
vt 0.028442 0.464313
vn 0.000000 0.000000 -1.000000
v -0.582452 -1.164904 15.143755 0.51473 0.29056 0.26382
vt 0.031267 0.482417
vn 0.000000 0.000000 -1.000000
f 2665/2665/2665 2666/2666/2666 2667/2667/2667
v -0.582452 -1.164904 15.143755 0.91030 0.91260 0.89190
vt 0.195047 0.035142
vn 0.000000 -0.000000 1.000000
v -0.582452 -0.582452 15.143755 0.91030 0.91260 0.89190
vt 0.195532 0.022010
vn 0.000000 -0.000000 1.000000
v -1.164904 -0.582452 15.143755 0.91030 0.91260 0.89190
vt 0.215199 0.022757
vn 0.000000 -0.000000 1.000000
f 2668/2668/2668 2669/2669/2669 2670/2670/2670
v -0.582452 -1.164904 15.143755 0.91030 0.91260 0.89190
vt 0.195047 0.035142
vn 0.000000 0.000000 1.000000
v -1.164904 -0.582452 15.143755 0.91030 0.91260 0.89190
vt 0.215199 0.022757
vn 0.000000 0.000000 1.000000
v -1.164904 -1.164904 15.143755 0.91030 0.91260 0.89190
vt 0.214385 0.035913
vn 0.000000 0.000000 1.000000
f 2671/2671/2671 2672/2672/2672 2673/2673/2673
v -1.164904 -1.164904 15.143755 0.91030 0.91260 0.89190
vt 0.232549 0.036733
vn -0.707107 0.000000 0.707107
v -1.164904 -0.582452 15.143755 0.91030 0.91260 0.89190
vt 0.233591 0.023528
vn -0.707107 0.000000 0.707107
v -1.747356 -0.582452 14.561303 0.91030 0.91260 0.89190
vt 0.268990 0.022864
vn -0.707107 0.000000 0.707107
f 2674/2674/2674 2675/2675/2675 2676/2676/2676
v -1.164904 -1.164904 15.143755 0.91030 0.91260 0.89190
vt 0.232549 0.036733
vn -0.707107 0.000000 0.707107
v -1.747356 -0.582452 14.561303 0.91030 0.91260 0.89190
vt 0.268990 0.022864
vn -0.707107 0.000000 0.707107
v -1.747356 -1.164904 14.561303 0.91030 0.91260 0.89190
vt 0.267263 0.036026
vn -0.707107 0.000000 0.707107
f 2677/2677/2677 2678/2678/2678 2679/2679/2679
v -1.747356 -1.164904 14.561303 0.91030 0.91260 0.89190
vt 0.267263 0.036026
vn -0.707107 0.000000 0.707107
v -1.747356 -0.582452 14.561303 0.91030 0.91260 0.89190
vt 0.268990 0.022864
vn -0.707107 0.000000 0.707107
v -2.329809 -0.582452 13.978851 0.91030 0.91260 0.89190
vt 0.299581 0.022269
vn -0.707107 0.000000 0.707107
f 2680/2680/2680 2681/2681/2681 2682/2682/2682
v -2.912261 -0.582452 13.396399 0.91030 0.91260 0.89190
vt 0.315065 0.036387
vn -1.000000 0.000000 -0.000000
v -2.912261 -0.582452 12.813947 0.91030 0.91260 0.89190
vt 0.333202 0.025419
vn -1.000000 0.000000 -0.000000
v -2.912261 -1.164904 12.813947 0.91030 0.91260 0.89190
vt 0.326710 0.038420
vn -1.000000 0.000000 -0.000000
f 2683/2683/2683 2684/2684/2684 2685/2685/2685
v -0.582452 -0.582452 11.649043 0.91030 0.91260 0.89190
vt 0.092881 0.070793
vn 0.000000 0.000000 -1.000000
v 0.000000 -0.582452 11.649043 0.91030 0.91260 0.89190
vt 0.093609 0.053098
vn 0.000000 0.000000 -1.000000
v 0.000000 -1.164904 11.649043 0.91030 0.91260 0.89190
vt 0.108285 0.053714
vn 0.000000 0.000000 -1.000000
f 2686/2686/2686 2687/2687/2687 2688/2688/2688
v -0.582452 -0.582452 11.649043 0.91030 0.91260 0.89190
vt 0.092881 0.070793
vn 0.000000 0.000000 -1.000000
v 0.000000 -1.164904 11.649043 0.91030 0.91260 0.89190
vt 0.108285 0.053714
vn 0.000000 0.000000 -1.000000
v -0.582452 -1.164904 11.649043 0.91030 0.91260 0.89190
vt 0.107609 0.071344
vn 0.000000 0.000000 -1.000000
f 2689/2689/2689 2690/2690/2690 2691/2691/2691
v -0.582452 -2.329809 11.066590 0.15540 0.26640 0.33327
vt 0.856614 0.584712
vn 0.000000 1.000000 0.000000
v -1.164904 -2.329809 11.066590 0.15540 0.26640 0.33327
vt 0.856932 0.573890
vn 0.000000 1.000000 0.000000
v -1.164904 -2.329809 11.649043 0.15540 0.26640 0.33327
vt 0.861200 0.574065
vn 0.000000 1.000000 0.000000
f 2692/2692/2692 2693/2693/2693 2694/2694/2694
v -0.582452 -2.329809 11.066590 0.17352 0.28452 0.35139
vt 0.856614 0.584712
vn 0.000000 1.000000 -0.000000
v -1.164904 -2.329809 11.649043 0.17352 0.28452 0.35139
vt 0.861200 0.574065
vn 0.000000 1.000000 -0.000000
v -0.582452 -2.329809 11.649043 0.17352 0.28452 0.35139
vt 0.861013 0.584849
vn 0.000000 1.000000 -0.000000
f 2695/2695/2695 2696/2696/2696 2697/2697/2697
v -1.747356 1.747356 -6.406973 0.27014 0.33585 0.38461
vt 0.313650 0.950105
vn -1.000000 0.000000 -0.000000
v -1.747356 1.747356 -8.736782 0.27014 0.33585 0.38461
vt 0.340972 0.951404
vn -1.000000 0.000000 -0.000000
v -1.747356 1.164904 -8.736782 0.27014 0.33585 0.38461
vt 0.339771 0.975277
vn -1.000000 0.000000 -0.000000
f 2698/2698/2698 2699/2699/2699 2700/2700/2700
v -1.747356 1.747356 -6.406973 0.21579 0.29358 0.35139
vt 0.313650 0.950105
vn -1.000000 -0.000000 0.000000
v -1.747356 1.164904 -8.736782 0.21579 0.29358 0.35139
vt 0.339771 0.975277
vn -1.000000 -0.000000 0.000000
v -1.747356 1.164904 -6.406973 0.21579 0.29358 0.35139
vt 0.312592 0.973989
vn -1.000000 -0.000000 0.000000
f 2701/2701/2701 2702/2702/2702 2703/2703/2703
v -1.747356 1.747356 -8.736782 0.91030 0.91260 0.89190
vt 0.022702 0.953720
vn 0.000000 0.000000 -1.000000
v -1.164904 1.747356 -8.736782 0.91030 0.91260 0.89190
vt 0.042814 0.953166
vn 0.000000 0.000000 -1.000000
v -1.164904 1.164904 -8.736782 0.91030 0.91260 0.89190
vt 0.043462 0.977067
vn 0.000000 0.000000 -1.000000
f 2704/2704/2704 2705/2705/2705 2706/2706/2706
v -1.747356 1.747356 -8.736782 0.91030 0.91260 0.89190
vt 0.022702 0.953720
vn 0.000000 0.000000 -1.000000
v -1.164904 1.164904 -8.736782 0.91030 0.91260 0.89190
vt 0.043462 0.977067
vn 0.000000 0.000000 -1.000000
v -1.747356 1.164904 -8.736782 0.91030 0.91260 0.89190
vt 0.023353 0.977619
vn 0.000000 0.000000 -1.000000
f 2707/2707/2707 2708/2708/2708 2709/2709/2709
v -0.582452 1.747356 -8.736782 0.51775 0.29358 0.27288
vt 0.064169 0.952587
vn 0.000000 0.000000 -1.000000
v 0.000000 1.747356 -8.736782 0.51775 0.29358 0.27288
vt 0.088142 0.951954
vn 0.000000 0.000000 -1.000000
v 0.000000 1.164904 -8.736782 0.51775 0.29358 0.27288
vt 0.088778 0.975854
vn 0.000000 0.000000 -1.000000
f 2710/2710/2710 2711/2711/2711 2712/2712/2712
v -0.582452 1.747356 -8.736782 0.51775 0.29358 0.27288
vt 0.064169 0.952587
vn 0.000000 0.000000 -1.000000
v 0.000000 1.164904 -8.736782 0.51775 0.29358 0.27288
vt 0.088778 0.975854
vn 0.000000 0.000000 -1.000000
v -0.582452 1.164904 -8.736782 0.51775 0.29358 0.27288
vt 0.064809 0.976487
vn 0.000000 0.000000 -1.000000
f 2713/2713/2713 2714/2714/2714 2715/2715/2715
v 0.000000 1.747356 -6.406973 0.16144 0.26338 0.33931
vt 0.247661 0.935884
vn 0.000000 0.000000 1.000000
v -0.000000 2.329809 -6.406973 0.16144 0.26338 0.33931
vt 0.247840 0.888765
vn 0.000000 0.000000 1.000000
v -0.582452 2.329809 -6.406973 0.16144 0.26338 0.33931
vt 0.271619 0.888780
vn 0.000000 0.000000 1.000000
f 2716/2716/2716 2717/2717/2717 2718/2718/2718
v 0.000000 1.747356 -6.406973 0.16748 0.27244 0.33327
vt 0.247661 0.935884
vn 0.000000 0.000000 1.000000
v -0.582452 2.329809 -6.406973 0.16748 0.27244 0.33327
vt 0.271619 0.888780
vn 0.000000 0.000000 1.000000
v -0.582452 1.747356 -6.406973 0.16748 0.27244 0.33327
vt 0.271679 0.935895
vn 0.000000 0.000000 1.000000
f 2719/2719/2719 2720/2720/2720 2721/2721/2721
v -1.747356 1.747356 -6.406973 0.22787 0.28754 0.33931
vt 0.313650 0.950105
vn -1.000000 0.000000 0.000000
v -1.747356 2.912261 -5.824521 0.22787 0.28754 0.33931
vt 0.312181 0.874359
vn -1.000000 0.000000 0.000000
v -1.747356 2.329809 -8.736782 0.22787 0.28754 0.33931
vt 0.343561 0.903219
vn -1.000000 0.000000 0.000000
f 2722/2722/2722 2723/2723/2723 2724/2724/2724
v -1.747356 1.747356 -6.406973 0.25505 0.30566 0.33629
vt 0.313650 0.950105
vn -1.000000 0.000000 0.000000
v -1.747356 2.329809 -8.736782 0.25505 0.30566 0.33629
vt 0.343561 0.903219
vn -1.000000 0.000000 0.000000
v -1.747356 1.747356 -8.736782 0.25505 0.30566 0.33629
vt 0.340972 0.951404
vn -1.000000 0.000000 0.000000
f 2725/2725/2725 2726/2726/2726 2727/2727/2727
v -1.164904 1.747356 -8.736782 0.91030 0.91260 0.89190
vt 0.042814 0.953166
vn 0.000000 0.000000 -1.000000
v -1.164904 2.329809 -8.736782 0.91030 0.91260 0.89190
vt 0.041488 0.905299
vn 0.000000 0.000000 -1.000000
v -0.582452 2.329809 -8.736782 0.91030 0.91260 0.89190
vt 0.062843 0.904720
vn 0.000000 0.000000 -1.000000
f 2728/2728/2728 2729/2729/2729 2730/2730/2730
v -1.164904 1.747356 -8.736782 0.91030 0.91260 0.88586
vt 0.042814 0.953166
vn 0.000000 0.000000 -1.000000
v -0.582452 2.329809 -8.736782 0.91030 0.91260 0.88586
vt 0.062843 0.904720
vn 0.000000 0.000000 -1.000000
v -0.582452 1.747356 -8.736782 0.91030 0.91260 0.88586
vt 0.064169 0.952587
vn 0.000000 0.000000 -1.000000
f 2731/2731/2731 2732/2732/2732 2733/2733/2733
v -2.912261 -1.164904 -12.813947 0.52077 0.28754 0.28496
vt 0.555088 0.504690
vn -0.000000 1.000000 0.000000
v -1.747356 -1.164904 -12.813947 0.52077 0.28754 0.28496
vt 0.553462 0.533993
vn -0.000000 1.000000 0.000000
v -1.747356 -1.164904 -15.143755 0.52077 0.28754 0.28496
vt 0.530500 0.536564
vn -0.000000 1.000000 0.000000
f 2734/2734/2734 2735/2735/2735 2736/2736/2736
v -2.912261 -1.164904 -12.813947 0.39093 0.29358 0.29402
vt 0.555088 0.504690
vn 0.000000 1.000000 0.000000
v -1.747356 -1.164904 -15.143755 0.39093 0.29358 0.29402
vt 0.530500 0.536564
vn 0.000000 1.000000 0.000000
v -2.912261 -1.164904 -14.561303 0.39093 0.29358 0.29402
vt 0.535359 0.503860
vn 0.000000 1.000000 0.000000
f 2737/2737/2737 2738/2738/2738 2739/2739/2739
v -2.912261 -1.164904 -13.978851 0.51171 0.29660 0.26684
vt 0.781681 0.041714
vn -1.000000 0.000000 0.000000
v -2.912261 -0.582452 -13.978851 0.51171 0.29660 0.26684
vt 0.779229 0.025717
vn -1.000000 0.000000 0.000000
v -2.912261 -0.582452 -14.561303 0.51171 0.29660 0.26684
vt 0.783801 0.026083
vn -1.000000 0.000000 0.000000
f 2740/2740/2740 2741/2741/2741 2742/2742/2742
v -2.912261 -1.164904 -13.978851 0.51473 0.29962 0.27590
vt 0.781681 0.041714
vn -1.000000 0.000000 0.000000
v -2.912261 -0.582452 -14.561303 0.51473 0.29962 0.27590
vt 0.783801 0.026083
vn -1.000000 0.000000 0.000000
v -2.912261 -1.164904 -14.561303 0.51473 0.29962 0.27590
vt 0.787061 0.041579
vn -1.000000 0.000000 0.000000
f 2743/2743/2743 2744/2744/2744 2745/2745/2745
v -2.912261 -1.164904 -14.561303 0.52681 0.29358 0.28194
vt 0.795442 0.041358
vn -0.447214 0.000000 -0.894427
v -2.912261 -0.582452 -14.561303 0.52681 0.29358 0.28194
vt 0.792719 0.025803
vn -0.447214 0.000000 -0.894427
v -1.747356 -0.582452 -15.143755 0.52681 0.29358 0.28194
vt 0.850782 0.023961
vn -0.447214 0.000000 -0.894427
f 2746/2746/2746 2747/2747/2747 2748/2748/2748
v -2.912261 -1.164904 -14.561303 0.52077 0.29660 0.27590
vt 0.795442 0.041358
vn -0.447214 0.000000 -0.894427
v -1.747356 -0.582452 -15.143755 0.52077 0.29660 0.27590
vt 0.850782 0.023961
vn -0.447214 0.000000 -0.894427
v -1.747356 -1.164904 -15.143755 0.52077 0.29660 0.27590
vt 0.853376 0.039686
vn -0.447214 0.000000 -0.894427
f 2749/2749/2749 2750/2750/2750 2751/2751/2751
v -1.747356 -0.582452 -15.143755 0.51775 0.29358 0.27288
vt 0.850782 0.023961
vn 0.000000 0.000000 -1.000000
v -1.164904 -0.582452 -15.143755 0.51775 0.29358 0.27288
vt 0.877881 0.023151
vn 0.000000 0.000000 -1.000000
v -1.164904 -1.164904 -15.143755 0.51775 0.29358 0.27288
vt 0.880450 0.038873
vn 0.000000 0.000000 -1.000000
f 2752/2752/2752 2753/2753/2753 2754/2754/2754
v -1.747356 -0.582452 -15.143755 0.52077 0.29660 0.27590
vt 0.850782 0.023961
vn 0.000000 0.000000 -1.000000
v -1.164904 -1.164904 -15.143755 0.52077 0.29660 0.27590
vt 0.880450 0.038873
vn 0.000000 0.000000 -1.000000
v -1.747356 -1.164904 -15.143755 0.52077 0.29660 0.27590
vt 0.853376 0.039686
vn 0.000000 0.000000 -1.000000
f 2755/2755/2755 2756/2756/2756 2757/2757/2757
v -0.582452 -0.582452 -15.143755 0.90426 0.91260 0.89190
vt 0.906786 0.022294
vn -0.707107 0.000000 -0.707107
v 0.000000 -0.582452 -15.726207 0.90426 0.91260 0.89190
vt 0.943894 0.021213
vn -0.707107 0.000000 -0.707107
v 0.000000 -1.164904 -15.726207 0.90426 0.91260 0.89190
vt 0.946431 0.036946
vn -0.707107 0.000000 -0.707107
f 2758/2758/2758 2759/2759/2759 2760/2760/2760
v -0.582452 -0.582452 -15.143755 0.90124 0.87938 0.87982
vt 0.906786 0.022294
vn -0.707107 -0.000000 -0.707107
v 0.000000 -1.164904 -15.726207 0.90124 0.87938 0.87982
vt 0.946431 0.036946
vn -0.707107 -0.000000 -0.707107
v -0.582452 -1.164904 -15.143755 0.90124 0.87938 0.87982
vt 0.909337 0.038017
vn -0.707107 -0.000000 -0.707107
f 2761/2761/2761 2762/2762/2762 2763/2763/2763
v -0.582452 -0.582452 -15.143755 0.23391 0.29358 0.33025
vt 0.789252 0.952471
vn 0.000000 0.000000 1.000000
v -1.164904 -0.582452 -15.143755 0.23391 0.29358 0.33025
vt 0.807047 0.952943
vn 0.000000 0.000000 1.000000
v -1.164904 -1.164904 -15.143755 0.23391 0.29358 0.33025
vt 0.806503 0.975045
vn 0.000000 0.000000 1.000000
f 2764/2764/2764 2765/2765/2765 2766/2766/2766
v -0.582452 -0.582452 -15.143755 0.20673 0.29358 0.33931
vt 0.789252 0.952471
vn 0.000000 0.000000 1.000000
v -1.164904 -1.164904 -15.143755 0.20673 0.29358 0.33931
vt 0.806503 0.975045
vn 0.000000 0.000000 1.000000
v -0.582452 -1.164904 -15.143755 0.20673 0.29358 0.33931
vt 0.788779 0.974628
vn 0.000000 0.000000 1.000000
f 2767/2767/2767 2768/2768/2768 2769/2769/2769
v -1.747356 -1.164904 -15.143755 0.31242 0.29358 0.30912
vt 0.823211 0.975467
vn 0.447214 -0.000000 0.894427
v -1.747356 -0.582452 -15.143755 0.31242 0.29358 0.30912
vt 0.823782 0.953347
vn 0.447214 -0.000000 0.894427
v -2.912261 -0.582452 -14.561303 0.31242 0.29358 0.30912
vt 0.858672 0.954364
vn 0.447214 -0.000000 0.894427
f 2770/2770/2770 2771/2771/2771 2772/2772/2772
v -1.747356 -1.164904 -15.143755 0.46038 0.38719 0.36347
vt 0.823211 0.975467
vn 0.447214 0.000000 0.894427
v -2.912261 -0.582452 -14.561303 0.46038 0.38719 0.36347
vt 0.858672 0.954364
vn 0.447214 0.000000 0.894427
v -2.912261 -1.164904 -14.561303 0.46038 0.38719 0.36347
vt 0.858040 0.976443
vn 0.447214 0.000000 0.894427
f 2773/2773/2773 2774/2774/2774 2775/2775/2775
v -1.747356 1.164904 -6.406973 0.17352 0.27244 0.32723
vt 0.730334 0.906065
vn 0.000000 -0.000000 1.000000
v -1.747356 1.747356 -6.406973 0.17352 0.27244 0.32723
vt 0.730119 0.929692
vn 0.000000 -0.000000 1.000000
v -2.912261 1.747356 -6.406973 0.17352 0.27244 0.32723
vt 0.696305 0.929376
vn 0.000000 -0.000000 1.000000
f 2776/2776/2776 2777/2777/2777 2778/2778/2778
v -1.747356 1.164904 -6.406973 0.16446 0.26338 0.32723
vt 0.730334 0.906065
vn 0.000000 0.000000 1.000000
v -2.912261 1.747356 -6.406973 0.16446 0.26338 0.32723
vt 0.696305 0.929376
vn 0.000000 0.000000 1.000000
v -2.912261 1.164904 -6.406973 0.16446 0.26338 0.32723
vt 0.696520 0.905751
vn 0.000000 0.000000 1.000000
f 2779/2779/2779 2780/2780/2780 2781/2781/2781
v -2.912261 1.164904 -6.406973 0.15540 0.26942 0.32723
vt 0.689081 0.905663
vn -1.000000 0.000000 0.000000
v -2.912261 1.747356 -6.406973 0.15540 0.26942 0.32723
vt 0.688888 0.929295
vn -1.000000 0.000000 0.000000
v -2.912261 1.747356 -8.736782 0.15540 0.26942 0.32723
vt 0.662097 0.929075
vn -1.000000 0.000000 0.000000
f 2782/2782/2782 2783/2783/2783 2784/2784/2784
v -2.912261 1.164904 -6.406973 0.17654 0.28452 0.34535
vt 0.689081 0.905663
vn -1.000000 0.000000 0.000000
v -2.912261 1.747356 -8.736782 0.17654 0.28452 0.34535
vt 0.662097 0.929075
vn -1.000000 0.000000 0.000000
v -2.912261 1.164904 -8.736782 0.17654 0.28452 0.34535
vt 0.662282 0.905451
vn -1.000000 0.000000 0.000000
f 2785/2785/2785 2786/2786/2786 2787/2787/2787
v -2.912261 1.747356 -8.736782 0.18861 0.28754 0.35139
vt 0.662097 0.929075
vn -1.000000 0.000000 -0.000000
v -2.912261 1.747356 -9.901686 0.18861 0.28754 0.35139
vt 0.649691 0.928978
vn -1.000000 0.000000 -0.000000
v -2.912261 1.164904 -9.901686 0.18861 0.28754 0.35139
vt 0.649840 0.905351
vn -1.000000 0.000000 -0.000000
f 2788/2788/2788 2789/2789/2789 2790/2790/2790
v -2.912261 1.747356 -8.736782 0.20975 0.30264 0.36045
vt 0.662097 0.929075
vn -1.000000 -0.000000 0.000000
v -2.912261 1.164904 -9.901686 0.20975 0.30264 0.36045
vt 0.649840 0.905351
vn -1.000000 -0.000000 0.000000
v -2.912261 1.164904 -8.736782 0.20975 0.30264 0.36045
vt 0.662282 0.905451
vn -1.000000 -0.000000 0.000000
f 2791/2791/2791 2792/2792/2792 2793/2793/2793
v -2.912261 1.164904 -8.736782 0.91030 0.91260 0.89190
vt 0.285714 0.710695
vn 1.000000 0.000000 0.000000
v -2.912261 1.747356 -8.736782 0.91030 0.91260 0.89190
vt 0.295420 0.734348
vn 1.000000 0.000000 0.000000
v -2.912261 1.747356 -6.406973 0.91030 0.91260 0.89190
vt 0.268877 0.745405
vn 1.000000 0.000000 0.000000
f 2794/2794/2794 2795/2795/2795 2796/2796/2796
v -2.912261 1.164904 -8.736782 0.90426 0.91260 0.88586
vt 0.285714 0.710695
vn 1.000000 0.000000 0.000000
v -2.912261 1.747356 -6.406973 0.90426 0.91260 0.88586
vt 0.268877 0.745405
vn 1.000000 0.000000 0.000000
v -2.912261 1.164904 -6.406973 0.90426 0.91260 0.88586
vt 0.259135 0.721864
vn 1.000000 0.000000 0.000000
f 2797/2797/2797 2798/2798/2798 2799/2799/2799
v -2.912261 1.164904 -6.406973 0.90426 0.91260 0.88586
vt 0.259135 0.721864
vn 0.000000 0.000000 -1.000000
v -2.912261 1.747356 -6.406973 0.90426 0.91260 0.88586
vt 0.268877 0.745405
vn 0.000000 0.000000 -1.000000
v -1.747356 1.747356 -6.406973 0.90426 0.91260 0.88586
vt 0.235072 0.759050
vn 0.000000 0.000000 -1.000000
f 2800/2800/2800 2801/2801/2801 2802/2802/2802
v -2.912261 1.164904 -6.406973 0.69591 0.20903 0.20343
vt 0.259135 0.721864
vn 0.000000 0.000000 -1.000000
v -1.747356 1.747356 -6.406973 0.69591 0.20903 0.20343
vt 0.235072 0.759050
vn 0.000000 0.000000 -1.000000
v -1.747356 1.164904 -6.406973 0.69591 0.20903 0.20343
vt 0.225518 0.735630
vn 0.000000 0.000000 -1.000000
f 2803/2803/2803 2804/2804/2804 2805/2805/2805
v -2.912261 -1.164904 -13.978851 0.51171 0.29358 0.27288
vt 0.781681 0.041714
vn -1.000000 0.000000 0.000000
v -2.912261 -1.164904 -12.813947 0.51171 0.29358 0.27288
vt 0.756073 0.042842
vn -1.000000 0.000000 0.000000
v -2.912261 -0.582452 -12.813947 0.51171 0.29358 0.27288
vt 0.752984 0.029743
vn -1.000000 0.000000 0.000000
f 2806/2806/2806 2807/2807/2807 2808/2808/2808
v -2.912261 -1.164904 -13.978851 0.51473 0.29962 0.26986
vt 0.781681 0.041714
vn -1.000000 0.000000 0.000000
v -2.912261 -0.582452 -12.813947 0.51473 0.29962 0.26986
vt 0.752984 0.029743
vn -1.000000 0.000000 0.000000
v -2.912261 -0.582452 -13.978851 0.51473 0.29962 0.26986
vt 0.779229 0.025717
vn -1.000000 0.000000 0.000000
f 2809/2809/2809 2810/2810/2810 2811/2811/2811
v -2.912261 -0.582452 -12.813947 0.46038 0.37813 0.32421
vt 0.879360 0.958661
vn 1.000000 0.000000 0.000000
v -2.912261 -1.164904 -12.813947 0.46038 0.37813 0.32421
vt 0.878828 0.977042
vn 1.000000 0.000000 0.000000
v -2.912261 -1.164904 -14.561303 0.46038 0.37813 0.32421
vt 0.858040 0.976443
vn 1.000000 0.000000 0.000000
f 2812/2812/2812 2813/2813/2813 2814/2814/2814
v -2.912261 -0.582452 -12.813947 0.28826 0.33284 0.36045
vt 0.879360 0.958661
vn 1.000000 0.000000 0.000000
v -2.912261 -1.164904 -14.561303 0.28826 0.33284 0.36045
vt 0.858040 0.976443
vn 1.000000 0.000000 0.000000
v -2.912261 -0.582452 -14.561303 0.28826 0.33284 0.36045
vt 0.858672 0.954364
vn 1.000000 0.000000 0.000000
f 2815/2815/2815 2816/2816/2816 2817/2817/2817
v -1.164904 1.164904 -6.406973 0.15540 0.26338 0.32421
vt 0.750160 0.906245
vn 0.000000 -0.000000 1.000000
v -1.164904 1.747356 -6.406973 0.15540 0.26338 0.32421
vt 0.749944 0.929817
vn 0.000000 -0.000000 1.000000
v -1.747356 1.747356 -6.406973 0.15540 0.26338 0.32421
vt 0.730119 0.929692
vn 0.000000 -0.000000 1.000000
f 2818/2818/2818 2819/2819/2819 2820/2820/2820
v -1.164904 1.164904 -6.406973 0.15238 0.26338 0.33629
vt 0.750160 0.906245
vn 0.000000 0.000000 1.000000
v -1.747356 1.747356 -6.406973 0.15238 0.26338 0.33629
vt 0.730119 0.929692
vn 0.000000 0.000000 1.000000
v -1.747356 1.164904 -6.406973 0.15238 0.26338 0.33629
vt 0.730334 0.906065
vn 0.000000 0.000000 1.000000
f 2821/2821/2821 2822/2822/2822 2823/2823/2823
v -1.747356 -3.494713 -10.484138 0.91030 0.91260 0.89190
vt 0.740024 0.187750
vn 0.000000 -1.000000 0.000000
v -1.747356 -3.494713 -9.901686 0.91030 0.91260 0.89190
vt 0.731058 0.187934
vn 0.000000 -1.000000 0.000000
v -2.329809 -3.494713 -9.901686 0.91030 0.91260 0.89190
vt 0.726850 0.157511
vn 0.000000 -1.000000 0.000000
f 2824/2824/2824 2825/2825/2825 2826/2826/2826
v -1.747356 -3.494713 -10.484138 0.91030 0.91260 0.89190
vt 0.740024 0.187750
vn 0.000000 -1.000000 0.000000
v -2.329809 -3.494713 -9.901686 0.91030 0.91260 0.89190
vt 0.726850 0.157511
vn 0.000000 -1.000000 0.000000
v -2.329809 -3.494713 -10.484138 0.91030 0.91260 0.89190
vt 0.736017 0.157187
vn 0.000000 -1.000000 0.000000
f 2827/2827/2827 2828/2828/2828 2829/2829/2829
v -1.164904 1.164904 -9.901686 0.83481 0.86731 0.87076
vt 0.479381 0.895697
vn 0.000000 1.000000 0.000000
v -1.164904 1.164904 -8.736782 0.83481 0.86731 0.87076
vt 0.479349 0.884827
vn 0.000000 1.000000 0.000000
v -0.582452 1.164904 -8.736782 0.83481 0.86731 0.87076
vt 0.497772 0.884772
vn 0.000000 1.000000 0.000000
f 2830/2830/2830 2831/2831/2831 2832/2832/2832
v -1.164904 1.164904 -9.901686 0.19163 0.28452 0.34233
vt 0.479381 0.895697
vn 0.000000 1.000000 0.000000
v -0.582452 1.164904 -8.736782 0.19163 0.28452 0.34233
vt 0.497772 0.884772
vn 0.000000 1.000000 0.000000
v -0.582452 1.164904 -9.901686 0.19163 0.28452 0.34233
vt 0.497805 0.895641
vn 0.000000 1.000000 0.000000
f 2833/2833/2833 2834/2834/2834 2835/2835/2835
v -2.912261 -2.329809 -9.319234 0.15238 0.29962 0.35441
vt 0.712613 0.097928
vn -1.000000 -0.000000 0.000000
v -2.912261 -2.912261 -9.901686 0.15238 0.29962 0.35441
vt 0.724065 0.126013
vn -1.000000 -0.000000 0.000000
v -2.912261 -2.912261 -9.319234 0.15238 0.29962 0.35441
vt 0.712171 0.126812
vn -1.000000 -0.000000 0.000000
f 2836/2836/2836 2837/2837/2837 2838/2838/2838
v -2.912261 -2.329809 -9.319234 0.87708 0.90958 0.87680
vt 0.712613 0.097928
vn -1.000000 0.000000 0.000000
v -2.912261 -2.912261 -9.319234 0.87708 0.90958 0.87680
vt 0.712171 0.126812
vn -1.000000 0.000000 0.000000
v -2.912261 -2.329809 -8.736782 0.87708 0.90958 0.87680
vt 0.696692 0.099168
vn -1.000000 0.000000 0.000000
f 2839/2839/2839 2840/2840/2840 2841/2841/2841
v -2.912261 -1.747356 -9.901686 0.91030 0.91260 0.89190
vt 0.715473 0.077543
vn -1.000000 0.000000 0.000000
v -2.912261 -1.747356 -8.736782 0.91030 0.91260 0.89190
vt 0.695075 0.077258
vn -1.000000 0.000000 0.000000
v -2.912261 -1.164904 -8.736782 0.91030 0.91260 0.89190
vt 0.694118 0.044973
vn -1.000000 0.000000 0.000000
f 2842/2842/2842 2843/2843/2843 2844/2844/2844
v -2.912261 -1.747356 -9.901686 0.18257 0.28150 0.31214
vt 0.715473 0.077543
vn -1.000000 0.000000 0.000000
v -2.912261 -1.164904 -8.736782 0.18257 0.28150 0.31214
vt 0.694118 0.044973
vn -1.000000 0.000000 0.000000
v -2.912261 -1.164904 -9.901686 0.18257 0.28150 0.31214
vt 0.712667 0.044439
vn -1.000000 0.000000 0.000000
f 2845/2845/2845 2846/2846/2846 2847/2847/2847
v -2.912261 -2.912261 -9.901686 0.91030 0.91260 0.89190
vt 0.724065 0.126013
vn -0.707107 -0.707107 -0.000000
v -2.912261 -2.912261 -10.484138 0.91030 0.91260 0.89190
vt 0.734545 0.125278
vn -0.707107 -0.707107 -0.000000
v -2.329809 -3.494713 -10.484138 0.91030 0.91260 0.89190
vt 0.739346 0.156984
vn -0.707107 -0.707107 -0.000000
f 2848/2848/2848 2849/2849/2849 2850/2850/2850
v -2.912261 -1.747356 -9.901686 0.91030 0.91260 0.89190
vt 0.715473 0.077543
vn -1.000000 -0.000000 -0.000000
v -2.912261 -1.747356 -10.484138 0.91030 0.91260 0.89190
vt 0.731720 0.077026
vn -1.000000 -0.000000 -0.000000
v -2.912261 -2.329809 -9.901686 0.91030 0.91260 0.89190
vt 0.726320 0.096803
vn -1.000000 -0.000000 -0.000000
f 2851/2851/2851 2852/2852/2852 2853/2853/2853
v -2.912261 -1.747356 -9.901686 0.91030 0.91260 0.89190
vt 0.715473 0.077543
vn -1.000000 0.000000 0.000000
v -2.912261 -2.329809 -9.901686 0.91030 0.91260 0.89190
vt 0.726320 0.096803
vn -1.000000 0.000000 0.000000
v -2.912261 -2.329809 -9.319234 0.91030 0.91260 0.89190
vt 0.712613 0.097928
vn -1.000000 0.000000 0.000000
f 2854/2854/2854 2855/2855/2855 2856/2856/2856
v -2.912261 1.164904 -9.901686 0.15238 0.26338 0.33025
vt 0.432394 0.895835
vn 0.000000 1.000000 0.000000
v -2.912261 1.164904 -8.736782 0.15238 0.26338 0.33025
vt 0.432362 0.884965
vn 0.000000 1.000000 0.000000
v -1.747356 1.164904 -8.736782 0.15238 0.26338 0.33025
vt 0.461989 0.884878
vn 0.000000 1.000000 0.000000
f 2857/2857/2857 2858/2858/2858 2859/2859/2859
v -2.912261 1.164904 -9.901686 0.18861 0.29358 0.36045
vt 0.432394 0.895835
vn 0.000000 1.000000 0.000000
v -1.747356 1.164904 -8.736782 0.18861 0.29358 0.36045
vt 0.461989 0.884878
vn 0.000000 1.000000 0.000000
v -1.747356 1.164904 -9.901686 0.18861 0.29358 0.36045
vt 0.462021 0.895749
vn 0.000000 1.000000 0.000000
f 2860/2860/2860 2861/2861/2861 2862/2862/2862
v -2.912261 1.747356 -9.901686 0.91030 0.91260 0.89190
vt 0.306920 0.729267
vn 1.000000 0.000000 -0.000000
v -2.912261 1.747356 -8.736782 0.91030 0.91260 0.89190
vt 0.295420 0.734348
vn 1.000000 0.000000 -0.000000
v -2.912261 1.164904 -8.736782 0.91030 0.91260 0.89190
vt 0.285714 0.710695
vn 1.000000 0.000000 -0.000000
f 2863/2863/2863 2864/2864/2864 2865/2865/2865
v -2.912261 1.747356 -9.901686 0.90728 0.90958 0.88888
vt 0.306920 0.729267
vn 1.000000 0.000000 0.000000
v -2.912261 1.164904 -8.736782 0.90728 0.90958 0.88888
vt 0.285714 0.710695
vn 1.000000 0.000000 0.000000
v -2.912261 1.164904 -9.901686 0.90728 0.90958 0.88888
vt 0.298312 0.705533
vn 1.000000 0.000000 0.000000
f 2866/2866/2866 2867/2867/2867 2868/2868/2868
v -0.582452 1.747356 -9.901686 0.91030 0.91260 0.89190
vt 0.114298 0.826641
vn 0.000000 0.000000 -1.000000
v 0.000000 1.747356 -9.901686 0.91030 0.91260 0.89190
vt 0.092170 0.825405
vn 0.000000 0.000000 -1.000000
v 0.000000 1.164904 -9.901686 0.91030 0.91260 0.89190
vt 0.093409 0.803229
vn 0.000000 0.000000 -1.000000
f 2869/2869/2869 2870/2870/2870 2871/2871/2871
v -0.582452 1.747356 -9.901686 0.91030 0.91260 0.89190
vt 0.114298 0.826641
vn 0.000000 0.000000 -1.000000
v 0.000000 1.164904 -9.901686 0.91030 0.91260 0.89190
vt 0.093409 0.803229
vn 0.000000 0.000000 -1.000000
v -0.582452 1.164904 -9.901686 0.91030 0.91260 0.89190
vt 0.115536 0.804467
vn 0.000000 0.000000 -1.000000
f 2872/2872/2872 2873/2873/2873 2874/2874/2874
v -0.582452 1.747356 -9.901686 0.75630 0.16374 0.15210
vt 0.114198 0.828420
vn 0.000000 0.000000 1.000000
v -1.164904 1.747356 -9.901686 0.75630 0.16374 0.15210
vt 0.133915 0.829520
vn 0.000000 0.000000 1.000000
v -1.164904 1.164904 -9.901686 0.75630 0.16374 0.15210
vt 0.132679 0.851696
vn 0.000000 0.000000 1.000000
f 2875/2875/2875 2876/2876/2876 2877/2877/2877
v -0.582452 1.747356 -9.901686 0.76234 0.15166 0.14606
vt 0.114198 0.828420
vn 0.000000 0.000000 1.000000
v -1.164904 1.164904 -9.901686 0.76234 0.15166 0.14606
vt 0.132679 0.851696
vn 0.000000 0.000000 1.000000
v -0.582452 1.164904 -9.901686 0.76234 0.15166 0.14606
vt 0.112961 0.850595
vn 0.000000 0.000000 1.000000
f 2878/2878/2878 2879/2879/2879 2880/2880/2880
v -1.747356 1.747356 -9.901686 0.72308 0.24225 0.23363
vt 0.152585 0.828777
vn 0.000000 0.000000 -1.000000
v -1.164904 1.747356 -9.901686 0.72308 0.24225 0.23363
vt 0.134013 0.827741
vn 0.000000 0.000000 -1.000000
v -1.164904 1.164904 -9.901686 0.72308 0.24225 0.23363
vt 0.135250 0.805568
vn 0.000000 0.000000 -1.000000
f 2881/2881/2881 2882/2882/2882 2883/2883/2883
v -1.747356 1.747356 -9.901686 0.73214 0.18487 0.16417
vt 0.152585 0.828777
vn 0.000000 0.000000 -1.000000
v -1.164904 1.164904 -9.901686 0.73214 0.18487 0.16417
vt 0.135250 0.805568
vn 0.000000 0.000000 -1.000000
v -1.747356 1.164904 -9.901686 0.73214 0.18487 0.16417
vt 0.153823 0.806606
vn 0.000000 0.000000 -1.000000
f 2884/2884/2884 2885/2885/2885 2886/2886/2886
v 0.000000 -4.659617 -13.978851 0.91030 0.90656 0.88284
vt 0.975447 0.232658
vn -0.000000 -1.000000 0.000000
v -0.582452 -4.659617 -13.978851 0.91030 0.90656 0.88284
vt 0.936694 0.225827
vn -0.000000 -1.000000 0.000000
v -0.582452 -4.659617 -14.561303 0.91030 0.90656 0.88284
vt 0.935489 0.209832
vn -0.000000 -1.000000 0.000000
f 2887/2887/2887 2888/2888/2888 2889/2889/2889
v 0.000000 -4.659617 -13.978851 0.91030 0.90656 0.89190
vt 0.975447 0.232658
vn 0.000000 -1.000000 0.000000
v -0.582452 -4.659617 -14.561303 0.91030 0.90656 0.89190
vt 0.935489 0.209832
vn 0.000000 -1.000000 0.000000
v -0.000000 -4.659617 -14.561303 0.91030 0.90656 0.89190
vt 0.973057 0.214650
vn 0.000000 -1.000000 0.000000
f 2890/2890/2890 2891/2891/2891 2892/2892/2892
v 0.000000 -3.494713 13.978851 0.91030 0.91260 0.89190
vt 0.144685 0.160504
vn 0.000000 -0.894427 0.447214
v -0.582452 -3.494713 13.978851 0.91030 0.91260 0.89190
vt 0.180720 0.155108
vn 0.000000 -0.894427 0.447214
v -0.582452 -4.077165 12.813947 0.91030 0.91260 0.89190
vt 0.177293 0.196527
vn 0.000000 -0.894427 0.447214
f 2893/2893/2893 2894/2894/2894 2895/2895/2895
v 0.000000 -3.494713 13.978851 0.91030 0.91260 0.89190
vt 0.144685 0.160504
vn 0.000000 -0.894427 0.447214
v -0.582452 -4.077165 12.813947 0.91030 0.91260 0.89190
vt 0.177293 0.196527
vn 0.000000 -0.894427 0.447214
v 0.000000 -4.077165 12.813947 0.91030 0.91260 0.89190
vt 0.141569 0.205791
vn 0.000000 -0.894427 0.447214
f 2896/2896/2896 2897/2897/2897 2898/2898/2898
v 0.000000 -4.659617 12.231495 0.91030 0.91260 0.89190
vt 0.144216 0.231709
vn -0.000000 -1.000000 0.000000
v -0.582452 -4.659617 12.231495 0.91030 0.91260 0.89190
vt 0.181698 0.219883
vn -0.000000 -1.000000 0.000000
v -0.582452 -4.659617 11.649043 0.91030 0.91260 0.89190
vt 0.183446 0.224551
vn -0.000000 -1.000000 0.000000
f 2899/2899/2899 2900/2900/2900 2901/2901/2901
v 0.000000 -4.659617 12.231495 0.91030 0.91260 0.89190
vt 0.144216 0.231709
vn 0.000000 -1.000000 -0.000000
v -0.582452 -4.659617 11.649043 0.91030 0.91260 0.89190
vt 0.183446 0.224551
vn 0.000000 -1.000000 -0.000000
v 0.000000 -4.659617 11.649043 0.91030 0.91260 0.89190
vt 0.146350 0.236563
vn 0.000000 -1.000000 -0.000000
f 2902/2902/2902 2903/2903/2903 2904/2904/2904
v 0.000000 -1.164904 -12.813947 0.15540 0.26338 0.32421
vt 0.551613 0.590653
vn 0.000000 1.000000 0.000000
v 0.000000 -1.164904 -15.143755 0.15540 0.26338 0.32421
vt 0.524102 0.589390
vn 0.000000 1.000000 0.000000
v -0.582452 -1.164904 -15.143755 0.15540 0.26338 0.32421
vt 0.526657 0.568808
vn 0.000000 1.000000 0.000000
f 2905/2905/2905 2906/2906/2906 2907/2907/2907
v 0.000000 -1.164904 -12.813947 0.15540 0.26640 0.33931
vt 0.551613 0.590653
vn 0.000000 1.000000 0.000000
v -0.582452 -1.164904 -15.143755 0.15540 0.26640 0.33931
vt 0.526657 0.568808
vn 0.000000 1.000000 0.000000
v -0.582452 -1.164904 -12.813947 0.15540 0.26640 0.33931
vt 0.552406 0.569757
vn 0.000000 1.000000 0.000000
f 2908/2908/2908 2909/2909/2909 2910/2910/2910
v 0.000000 -1.164904 -6.406973 0.18861 0.29358 0.36045
vt 0.612158 0.596185
vn 0.000000 0.000000 1.000000
v -0.582452 -1.164904 -6.406973 0.18861 0.29358 0.36045
vt 0.613014 0.575232
vn 0.000000 0.000000 1.000000
v -0.582452 -2.329809 -6.406973 0.18861 0.29358 0.36045
vt 0.683972 0.578455
vn 0.000000 0.000000 1.000000
f 2911/2911/2911 2912/2912/2912 2913/2913/2913
v 0.000000 -1.164904 -6.406973 0.16144 0.26036 0.33025
vt 0.612158 0.596185
vn 0.000000 0.000000 1.000000
v -0.582452 -2.329809 -6.406973 0.16144 0.26036 0.33025
vt 0.683972 0.578455
vn 0.000000 0.000000 1.000000
v 0.000000 -2.329809 -6.406973 0.16144 0.26036 0.33025
vt 0.682836 0.599395
vn 0.000000 0.000000 1.000000
f 2914/2914/2914 2915/2915/2915 2916/2916/2916
v 0.000000 -2.329809 14.561303 0.91030 0.91260 0.89190
vt 0.154445 0.096778
vn -0.577350 -0.577350 0.577350
v 0.000000 -1.164904 15.726207 0.91030 0.91260 0.89190
vt 0.156700 0.033208
vn -0.577350 -0.577350 0.577350
v -0.582452 -1.164904 15.143755 0.91030 0.91260 0.89190
vt 0.195047 0.035142
vn -0.577350 -0.577350 0.577350
f 2917/2917/2917 2918/2918/2918 2919/2919/2919
v 0.000000 -2.329809 14.561303 0.91030 0.91260 0.89190
vt 0.154445 0.096778
vn 0.000000 -0.447214 0.894427
v -0.582452 -1.164904 15.143755 0.91030 0.91260 0.89190
vt 0.195047 0.035142
vn 0.000000 -0.447214 0.894427
v -0.582452 -2.329809 14.561303 0.91030 0.91260 0.89190
vt 0.191488 0.095596
vn 0.000000 -0.447214 0.894427
f 2920/2920/2920 2921/2921/2921 2922/2922/2922
v 0.000000 -2.329809 10.484138 0.16144 0.26640 0.33327
vt 0.851620 0.605277
vn 0.000000 1.000000 0.000000
v -0.582452 -2.329809 10.484138 0.16144 0.26640 0.33327
vt 0.852380 0.584538
vn 0.000000 1.000000 0.000000
v -0.582452 -2.329809 11.066590 0.16144 0.26640 0.33327
vt 0.856614 0.584712
vn 0.000000 1.000000 0.000000
f 2923/2923/2923 2924/2924/2924 2925/2925/2925
v 0.000000 -2.329809 10.484138 0.16144 0.26338 0.33931
vt 0.851620 0.605277
vn 0.000000 1.000000 -0.000000
v -0.582452 -2.329809 11.066590 0.16144 0.26338 0.33931
vt 0.856614 0.584712
vn 0.000000 1.000000 -0.000000
v 0.000000 -2.329809 11.066590 0.16144 0.26338 0.33931
vt 0.856012 0.605428
vn 0.000000 1.000000 -0.000000
f 2926/2926/2926 2927/2927/2927 2928/2928/2928
v 0.000000 -4.659617 -2.912261 0.91030 0.91260 0.89190
vt 0.617315 0.264325
vn 0.000000 -1.000000 0.000000
v 0.000000 -4.659617 6.989426 0.91030 0.91260 0.89190
vt 0.431737 0.265549
vn 0.000000 -1.000000 0.000000
v -0.582452 -4.659617 6.406973 0.91030 0.91260 0.89190
vt 0.444204 0.246676
vn 0.000000 -1.000000 0.000000
f 2929/2929/2929 2930/2930/2930 2931/2931/2931
v 0.000000 -4.659617 -2.912261 0.91030 0.91260 0.89190
vt 0.617315 0.264325
vn 0.000000 -1.000000 0.000000
v -0.582452 -4.659617 6.406973 0.91030 0.91260 0.89190
vt 0.444204 0.246676
vn 0.000000 -1.000000 0.000000
v -0.582452 -4.659617 -2.912261 0.91030 0.91260 0.89190
vt 0.617061 0.245718
vn 0.000000 -1.000000 0.000000
f 2932/2932/2932 2933/2933/2933 2934/2934/2934
v 0.000000 -2.329809 -5.824521 0.16144 0.26036 0.31817
vt 0.689324 0.599672
vn 0.000000 1.000000 0.000000
v -0.582452 -2.329809 -5.824521 0.16144 0.26036 0.31817
vt 0.690236 0.578741
vn 0.000000 1.000000 0.000000
v -0.582452 -2.329809 10.484138 0.16144 0.26036 0.31817
vt 0.852380 0.584538
vn 0.000000 1.000000 0.000000
f 2935/2935/2935 2936/2936/2936 2937/2937/2937
v 0.000000 -2.329809 -5.824521 0.16144 0.26640 0.32723
vt 0.689324 0.599672
vn 0.000000 1.000000 -0.000000
v -0.582452 -2.329809 10.484138 0.16144 0.26640 0.32723
vt 0.852380 0.584538
vn 0.000000 1.000000 -0.000000
v 0.000000 -2.329809 10.484138 0.16144 0.26640 0.32723
vt 0.851620 0.605277
vn 0.000000 1.000000 -0.000000
f 2938/2938/2938 2939/2939/2939 2940/2940/2940
v 0.000000 -4.659617 -2.912261 0.51775 0.29358 0.26684
vt 0.617315 0.264325
vn -0.000000 -1.000000 0.000000
v -0.582452 -4.659617 -2.912261 0.51775 0.29358 0.26684
vt 0.617061 0.245718
vn -0.000000 -1.000000 0.000000
v -0.582452 -4.659617 -5.824521 0.51775 0.29358 0.26684
vt 0.663826 0.244782
vn -0.000000 -1.000000 0.000000
f 2941/2941/2941 2942/2942/2942 2943/2943/2943
v 0.000000 -4.659617 -2.912261 0.43924 0.27546 0.26080
vt 0.617315 0.264325
vn 0.000000 -1.000000 -0.000000
v -0.582452 -4.659617 -5.824521 0.43924 0.27546 0.26080
vt 0.663826 0.244782
vn 0.000000 -1.000000 -0.000000
v 0.000000 -4.659617 -5.824521 0.43924 0.27546 0.26080
vt 0.666425 0.263511
vn 0.000000 -1.000000 -0.000000
f 2944/2944/2944 2945/2945/2945 2946/2946/2946
v 0.000000 -4.659617 -7.571878 0.54795 0.30566 0.30610
vt 0.692909 0.262870
vn 0.000000 -1.000000 0.000000
v 0.000000 -4.659617 -5.824521 0.54795 0.30566 0.30610
vt 0.666425 0.263511
vn 0.000000 -1.000000 0.000000
v -0.582452 -4.659617 -5.824521 0.54795 0.30566 0.30610
vt 0.663826 0.244782
vn 0.000000 -1.000000 0.000000
f 2947/2947/2947 2948/2948/2948 2949/2949/2949
v 0.000000 -4.659617 -7.571878 0.51171 0.29962 0.25476
vt 0.692909 0.262870
vn 0.000000 -1.000000 0.000000
v -0.582452 -4.659617 -5.824521 0.51171 0.29962 0.25476
vt 0.663826 0.244782
vn 0.000000 -1.000000 0.000000
v -0.582452 -4.659617 -7.571878 0.51171 0.29962 0.25476
vt 0.698070 0.243656
vn 0.000000 -1.000000 0.000000
f 2950/2950/2950 2951/2951/2951 2952/2952/2952
v 0.000000 -4.659617 6.989426 0.91030 0.91260 0.89190
vt 0.431737 0.265549
vn 0.000000 -1.000000 0.000000
v 0.000000 -4.659617 10.484138 0.91030 0.91260 0.89190
vt 0.373627 0.264801
vn 0.000000 -1.000000 0.000000
v -0.582452 -4.659617 9.901686 0.91030 0.91260 0.89190
vt 0.386676 0.245793
vn 0.000000 -1.000000 0.000000
f 2953/2953/2953 2954/2954/2954 2955/2955/2955
v 0.000000 -4.659617 6.989426 0.91030 0.91260 0.89190
vt 0.431737 0.265549
vn -0.000000 -1.000000 0.000000
v -0.582452 -4.659617 9.901686 0.91030 0.91260 0.89190
vt 0.386676 0.245793
vn -0.000000 -1.000000 0.000000
v -0.582452 -4.659617 6.406973 0.91030 0.91260 0.89190
vt 0.444204 0.246676
vn -0.000000 -1.000000 0.000000
f 2956/2956/2956 2957/2957/2957 2958/2958/2958
v 0.000000 -4.659617 11.066590 0.91030 0.91260 0.89190
vt 0.362746 0.264071
vn -0.000000 -1.000000 0.000000
v -0.582452 -4.659617 11.066590 0.91030 0.91260 0.89190
vt 0.367829 0.244785
vn -0.000000 -1.000000 0.000000
v -0.582452 -4.659617 9.901686 0.91030 0.91260 0.89190
vt 0.386676 0.245793
vn -0.000000 -1.000000 0.000000
f 2959/2959/2959 2960/2960/2960 2961/2961/2961
v 0.000000 -4.659617 11.066590 0.91030 0.91260 0.89190
vt 0.362746 0.264071
vn 0.000000 -1.000000 -0.000000
v -0.582452 -4.659617 9.901686 0.91030 0.91260 0.89190
vt 0.386676 0.245793
vn 0.000000 -1.000000 -0.000000
v 0.000000 -4.659617 10.484138 0.91030 0.91260 0.89190
vt 0.373627 0.264801
vn 0.000000 -1.000000 -0.000000
f 2962/2962/2962 2963/2963/2963 2964/2964/2964
v 0.000000 -2.329809 -15.143755 0.91030 0.90958 0.89190
vt 0.955500 0.097559
vn 0.000000 -0.000000 -1.000000
v 0.000000 -3.494713 -15.143755 0.91030 0.90958 0.89190
vt 0.965587 0.165799
vn 0.000000 -0.000000 -1.000000
v -0.582452 -3.494713 -15.143755 0.91030 0.90958 0.89190
vt 0.925177 0.163376
vn 0.000000 -0.000000 -1.000000
f 2965/2965/2965 2966/2966/2966 2967/2967/2967
v 0.000000 -2.329809 -15.143755 0.88614 0.91260 0.89190
vt 0.955500 0.097559
vn -0.000000 0.000000 -1.000000
v -0.582452 -3.494713 -15.143755 0.88614 0.91260 0.89190
vt 0.925177 0.163376
vn -0.000000 0.000000 -1.000000
v -0.582452 -2.329809 -15.143755 0.88614 0.91260 0.89190
vt 0.913612 0.097783
vn -0.000000 0.000000 -1.000000
f 2968/2968/2968 2969/2969/2969 2970/2970/2970
v 0.000000 -1.747356 -15.143755 0.91030 0.91260 0.89190
vt 0.951167 0.068410
vn 0.000000 0.000000 -1.000000
v -0.582452 -1.747356 -15.143755 0.91030 0.91260 0.89190
vt 0.910211 0.069562
vn 0.000000 0.000000 -1.000000
v -0.582452 -1.164904 -15.143755 0.91030 0.91260 0.89190
vt 0.909337 0.038017
vn 0.000000 0.000000 -1.000000
f 2971/2971/2971 2972/2972/2972 2973/2973/2973
v 0.000000 -1.747356 -15.143755 0.91030 0.91260 0.89190
vt 0.951167 0.068410
vn -0.577350 -0.577350 -0.577350
v -0.582452 -1.164904 -15.143755 0.91030 0.91260 0.89190
vt 0.909337 0.038017
vn -0.577350 -0.577350 -0.577350
v 0.000000 -1.164904 -15.726207 0.91030 0.91260 0.89190
vt 0.946431 0.036946
vn -0.577350 -0.577350 -0.577350
f 2974/2974/2974 2975/2975/2975 2976/2976/2976
v 0.000000 -0.582452 -6.406973 0.75328 0.15166 0.12794
vt 0.795999 0.771409
vn 0.000000 0.000000 1.000000
v -0.582452 -0.582452 -6.406973 0.75328 0.15166 0.12794
vt 0.772389 0.771205
vn 0.000000 0.000000 1.000000
v -0.582452 -1.164904 -6.406973 0.75328 0.15166 0.12794
vt 0.772908 0.713428
vn 0.000000 0.000000 1.000000
f 2977/2977/2977 2978/2978/2978 2979/2979/2979
v 0.000000 -0.582452 -6.406973 0.74724 0.18185 0.15210
vt 0.795999 0.771409
vn 0.000000 0.000000 1.000000
v -0.582452 -1.164904 -6.406973 0.74724 0.18185 0.15210
vt 0.772908 0.713428
vn 0.000000 0.000000 1.000000
v 0.000000 -1.164904 -6.406973 0.74724 0.18185 0.15210
vt 0.796515 0.713630
vn 0.000000 0.000000 1.000000
f 2980/2980/2980 2981/2981/2981 2982/2982/2982
v 0.000000 -4.659617 -10.484138 0.91030 0.91260 0.89190
vt 0.751285 0.261837
vn -0.000000 -1.000000 0.000000
v -0.582452 -4.659617 -10.484138 0.91030 0.91260 0.89190
vt 0.749809 0.242898
vn -0.000000 -1.000000 0.000000
v -0.582452 -4.659617 -11.649043 0.91030 0.91260 0.89190
vt 0.769714 0.242711
vn -0.000000 -1.000000 0.000000
f 2983/2983/2983 2984/2984/2984 2985/2985/2985
v 0.000000 -4.659617 -10.484138 0.91030 0.91260 0.89190
vt 0.751285 0.261837
vn 0.000000 -1.000000 -0.000000
v -0.582452 -4.659617 -11.649043 0.91030 0.91260 0.89190
vt 0.769714 0.242711
vn 0.000000 -1.000000 -0.000000
v 0.000000 -4.659617 -11.649043 0.91030 0.91260 0.89190
vt 0.773945 0.261536
vn 0.000000 -1.000000 -0.000000
f 2986/2986/2986 2987/2987/2987 2988/2988/2988
v 0.000000 -4.659617 -9.901686 0.91030 0.91260 0.89190
vt 0.742260 0.261986
vn 0.000000 -1.000000 0.000000
v 0.000000 -4.659617 -9.319234 0.91030 0.91260 0.89190
vt 0.726190 0.262256
vn 0.000000 -1.000000 0.000000
v -0.582452 -4.659617 -9.319234 0.91030 0.91260 0.89190
vt 0.729479 0.243144
vn 0.000000 -1.000000 0.000000
f 2989/2989/2989 2990/2990/2990 2991/2991/2991
v 0.000000 -4.659617 -9.901686 0.91030 0.91260 0.89190
vt 0.742260 0.261986
vn -0.000000 -1.000000 0.000000
v -0.582452 -4.659617 -9.319234 0.91030 0.91260 0.89190
vt 0.729479 0.243144
vn -0.000000 -1.000000 0.000000
v -0.582452 -4.659617 -10.484138 0.91030 0.91260 0.89190
vt 0.742871 0.242982
vn -0.000000 -1.000000 0.000000
f 2992/2992/2992 2993/2993/2993 2994/2994/2994
v 0.000000 -4.659617 -9.319234 0.90426 0.91260 0.89190
vt 0.726190 0.262256
vn 0.000000 -1.000000 0.000000
v 0.000000 -4.659617 -7.571878 0.90426 0.91260 0.89190
vt 0.700673 0.262696
vn 0.000000 -1.000000 0.000000
v -0.582452 -4.659617 -8.154330 0.90426 0.91260 0.89190
vt 0.707408 0.243413
vn 0.000000 -1.000000 0.000000
f 2995/2995/2995 2996/2996/2996 2997/2997/2997
v 0.000000 -4.659617 -9.319234 0.90426 0.91260 0.89190
vt 0.726190 0.262256
vn 0.000000 -1.000000 0.000000
v -0.582452 -4.659617 -8.154330 0.90426 0.91260 0.89190
vt 0.707408 0.243413
vn 0.000000 -1.000000 0.000000
v -0.582452 -4.659617 -9.319234 0.90426 0.91260 0.89190
vt 0.729479 0.243144
vn 0.000000 -1.000000 0.000000
f 2998/2998/2998 2999/2999/2999 3000/3000/3000
v 0.000000 1.747356 -6.406973 0.20975 0.28150 0.33931
vt 0.794595 0.930149
vn 0.000000 0.000000 1.000000
v -0.582452 1.747356 -6.406973 0.20975 0.28150 0.33931
vt 0.770983 0.929947
vn 0.000000 0.000000 1.000000
v -0.582452 1.164904 -6.406973 0.20975 0.28150 0.33931
vt 0.771195 0.906435
vn 0.000000 0.000000 1.000000
f 3001/3001/3001 3002/3002/3002 3003/3003/3003
v 0.000000 1.747356 -6.406973 0.20975 0.29962 0.36649
vt 0.794595 0.930149
vn 0.000000 0.000000 1.000000
v -0.582452 1.164904 -6.406973 0.20975 0.29962 0.36649
vt 0.771195 0.906435
vn 0.000000 0.000000 1.000000
v 0.000000 1.164904 -6.406973 0.20975 0.29962 0.36649
vt 0.794802 0.906635
vn 0.000000 0.000000 1.000000
f 3004/3004/3004 3005/3005/3005 3006/3006/3006
v 0.000000 0.582452 -9.901686 0.38791 0.29358 0.33327
vt 0.518626 0.942283
vn 0.000000 0.000000 -1.000000
v -0.582452 0.582452 -9.901686 0.38791 0.29358 0.33327
vt 0.497942 0.942346
vn 0.000000 0.000000 -1.000000
v -0.582452 1.164904 -9.901686 0.38791 0.29358 0.33327
vt 0.497808 0.897304
vn 0.000000 0.000000 -1.000000
f 3007/3007/3007 3008/3008/3008 3009/3009/3009
v 0.000000 0.582452 -9.901686 0.16748 0.26036 0.31817
vt 0.518626 0.942283
vn 0.000000 0.000000 -1.000000
v -0.582452 1.164904 -9.901686 0.16748 0.26036 0.31817
vt 0.497808 0.897304
vn 0.000000 0.000000 -1.000000
v 0.000000 1.164904 -9.901686 0.16748 0.26036 0.31817
vt 0.518486 0.897243
vn 0.000000 0.000000 -1.000000
f 3010/3010/3010 3011/3011/3011 3012/3012/3012
v 0.000000 -0.582452 -12.813947 0.73516 0.16072 0.14002
vt 0.517380 0.768316
vn 0.000000 0.000000 -1.000000
v -0.582452 -0.582452 -12.813947 0.73516 0.16072 0.14002
vt 0.541024 0.768649
vn 0.000000 0.000000 -1.000000
v -0.582452 0.582452 -12.813947 0.73516 0.16072 0.14002
vt 0.540272 0.828203
vn 0.000000 0.000000 -1.000000
f 3013/3013/3013 3014/3014/3014 3015/3015/3015
v 0.000000 -0.582452 -12.813947 0.56003 0.29660 0.26986
vt 0.517380 0.768316
vn 0.000000 0.000000 -1.000000
v -0.582452 0.582452 -12.813947 0.56003 0.29660 0.26986
vt 0.540272 0.828203
vn 0.000000 0.000000 -1.000000
v 0.000000 0.582452 -12.813947 0.56003 0.29660 0.26986
vt 0.516541 0.827862
vn 0.000000 0.000000 -1.000000
f 3016/3016/3016 3017/3017/3017 3018/3018/3018
v 0.000000 0.582452 -12.231495 0.14030 0.25735 0.30610
vt 0.518763 0.986454
vn 0.000000 1.000000 0.000000
v -0.582452 0.582452 -12.231495 0.14030 0.25735 0.30610
vt 0.498073 0.986519
vn 0.000000 1.000000 0.000000
v -0.582452 0.582452 -9.901686 0.14030 0.25735 0.30610
vt 0.498002 0.963675
vn 0.000000 1.000000 0.000000
f 3019/3019/3019 3020/3020/3020 3021/3021/3021
v 0.000000 0.582452 -12.231495 0.20673 0.27546 0.34837
vt 0.518763 0.986454
vn 0.000000 1.000000 -0.000000
v -0.582452 0.582452 -9.901686 0.20673 0.27546 0.34837
vt 0.498002 0.963675
vn 0.000000 1.000000 -0.000000
v 0.000000 0.582452 -9.901686 0.20673 0.27546 0.34837
vt 0.518692 0.963612
vn 0.000000 1.000000 -0.000000
f 3022/3022/3022 3023/3023/3023 3024/3024/3024
v 0.000000 -4.659617 -11.649043 0.91030 0.91260 0.89190
vt 0.773945 0.261536
vn -0.000000 -1.000000 0.000000
v -0.582452 -4.659617 -11.649043 0.91030 0.91260 0.89190
vt 0.769714 0.242711
vn -0.000000 -1.000000 0.000000
v -0.582452 -4.659617 -12.231495 0.91030 0.91260 0.89190
vt 0.779574 0.242894
vn -0.000000 -1.000000 0.000000
f 3025/3025/3025 3026/3026/3026 3027/3027/3027
v 0.000000 -4.659617 -11.649043 0.91030 0.91260 0.89190
vt 0.773945 0.261536
vn 0.000000 -1.000000 -0.000000
v -0.582452 -4.659617 -12.231495 0.91030 0.91260 0.89190
vt 0.779574 0.242894
vn 0.000000 -1.000000 -0.000000
v 0.000000 -4.659617 -12.231495 0.91030 0.91260 0.89190
vt 0.784099 0.261423
vn 0.000000 -1.000000 -0.000000
f 3028/3028/3028 3029/3029/3029 3030/3030/3030
v 0.000000 -0.582452 15.143755 0.16748 0.23923 0.29704
vt 0.013809 0.465049
vn 0.000000 1.000000 -0.000000
v -0.582452 -0.582452 15.143755 0.16748 0.23923 0.29704
vt 0.015943 0.483160
vn 0.000000 1.000000 -0.000000
v 0.000000 -0.582452 15.726207 0.16748 0.23923 0.29704
vt 0.013080 0.465050
vn 0.000000 1.000000 -0.000000
f 3031/3031/3031 3032/3032/3032 3033/3033/3033
v 0.000000 -1.164904 15.726207 0.91030 0.91260 0.89190
vt 0.156700 0.033208
vn -0.707107 0.000000 0.707107
v 0.000000 -0.582452 15.726207 0.91030 0.91260 0.89190
vt 0.157886 0.020062
vn -0.707107 0.000000 0.707107
v -0.582452 -0.582452 15.143755 0.91030 0.91260 0.89190
vt 0.195532 0.022010
vn -0.707107 0.000000 0.707107
f 3034/3034/3034 3035/3035/3035 3036/3036/3036
v 0.000000 -1.164904 15.726207 0.91030 0.91260 0.89190
vt 0.156700 0.033208
vn -0.707107 0.000000 0.707107
v -0.582452 -0.582452 15.143755 0.91030 0.91260 0.89190
vt 0.195532 0.022010
vn -0.707107 0.000000 0.707107
v -0.582452 -1.164904 15.143755 0.91030 0.91260 0.89190
vt 0.195047 0.035142
vn -0.707107 0.000000 0.707107
f 3037/3037/3037 3038/3038/3038 3039/3039/3039
v 0.000000 -1.164904 11.649043 0.91030 0.91260 0.89190
vt 0.078273 0.052452
vn 0.000000 -0.000000 1.000000
v 0.000000 -0.582452 11.649043 0.91030 0.91260 0.89190
vt 0.092950 0.053071
vn 0.000000 -0.000000 1.000000
v -0.582452 -0.582452 11.649043 0.91030 0.91260 0.89190
vt 0.092167 0.070776
vn 0.000000 -0.000000 1.000000
f 3040/3040/3040 3041/3041/3041 3042/3042/3042
v 0.000000 -1.164904 11.649043 0.91030 0.91260 0.89190
vt 0.078273 0.052452
vn 0.000000 0.000000 1.000000
v -0.582452 -0.582452 11.649043 0.91030 0.91260 0.89190
vt 0.092167 0.070776
vn 0.000000 0.000000 1.000000
v -0.582452 -1.164904 11.649043 0.91030 0.91260 0.89190
vt 0.077441 0.070094
vn 0.000000 0.000000 1.000000
f 3043/3043/3043 3044/3044/3044 3045/3045/3045
v 0.000000 -2.329809 11.066590 0.15540 0.26640 0.33327
vt 0.856012 0.605428
vn 0.000000 1.000000 0.000000
v -0.582452 -2.329809 11.066590 0.15540 0.26640 0.33327
vt 0.856614 0.584712
vn 0.000000 1.000000 0.000000
v -0.582452 -2.329809 11.649043 0.15540 0.26640 0.33327
vt 0.861013 0.584849
vn 0.000000 1.000000 0.000000
f 3046/3046/3046 3047/3047/3047 3048/3048/3048
v 0.000000 -2.329809 11.066590 0.16144 0.26338 0.33931
vt 0.856012 0.605428
vn 0.000000 1.000000 -0.000000
v -0.582452 -2.329809 11.649043 0.16144 0.26338 0.33931
vt 0.861013 0.584849
vn 0.000000 1.000000 -0.000000
v 0.000000 -2.329809 11.649043 0.16144 0.26338 0.33931
vt 0.860550 0.605583
vn 0.000000 1.000000 -0.000000
f 3049/3049/3049 3050/3050/3050 3051/3051/3051
v 0.000000 1.747356 -8.736782 0.50869 0.29660 0.27892
vt 0.088142 0.951954
vn 0.000000 0.000000 -1.000000
v -0.582452 1.747356 -8.736782 0.50869 0.29660 0.27892
vt 0.064169 0.952587
vn 0.000000 0.000000 -1.000000
v -0.582452 2.329809 -8.736782 0.50869 0.29660 0.27892
vt 0.062843 0.904720
vn 0.000000 0.000000 -1.000000
f 3052/3052/3052 3053/3053/3053 3054/3054/3054
v 0.000000 1.747356 -8.736782 0.51171 0.29962 0.27590
vt 0.088142 0.951954
vn 0.000000 0.000000 -1.000000
v -0.582452 2.329809 -8.736782 0.51171 0.29962 0.27590
vt 0.062843 0.904720
vn 0.000000 0.000000 -1.000000
v 0.000000 2.329809 -8.736782 0.51171 0.29962 0.27590
vt 0.086799 0.904087
vn 0.000000 0.000000 -1.000000
f 3055/3055/3055 3056/3056/3056 3057/3057/3057
v 0.000000 -0.582452 -15.143755 0.16446 0.24829 0.31214
vt 0.766391 0.951646
vn 0.000000 0.000000 1.000000
v -0.582452 -0.582452 -15.143755 0.16446 0.24829 0.31214
vt 0.789252 0.952471
vn 0.000000 0.000000 1.000000
v -0.582452 -1.164904 -15.143755 0.16446 0.24829 0.31214
vt 0.788779 0.974628
vn 0.000000 0.000000 1.000000
f 3058/3058/3058 3059/3059/3059 3060/3060/3060
v 0.000000 -0.582452 -15.143755 0.17654 0.26942 0.33327
vt 0.766391 0.951646
vn 0.000000 0.000000 1.000000
v -0.582452 -1.164904 -15.143755 0.17654 0.26942 0.33327
vt 0.788779 0.974628
vn 0.000000 0.000000 1.000000
v 0.000000 -1.164904 -15.143755 0.17654 0.26942 0.33327
vt 0.766621 0.974417
vn 0.000000 0.000000 1.000000
f 3061/3061/3061 3062/3062/3062 3063/3063/3063
v 0.000000 1.164904 -9.901686 0.53587 0.57440 0.58994
vt 0.518484 0.895579
vn 0.000000 1.000000 0.000000
v -0.582452 1.164904 -9.901686 0.53587 0.57440 0.58994
vt 0.497805 0.895641
vn 0.000000 1.000000 0.000000
v -0.582452 1.164904 -8.736782 0.53587 0.57440 0.58994
vt 0.497772 0.884772
vn 0.000000 1.000000 0.000000
f 3064/3064/3064 3065/3065/3065 3066/3066/3066
v 0.000000 1.164904 -9.901686 0.25505 0.32680 0.34535
vt 0.518484 0.895579
vn 0.000000 1.000000 -0.000000
v -0.582452 1.164904 -8.736782 0.25505 0.32680 0.34535
vt 0.497772 0.884772
vn 0.000000 1.000000 -0.000000
v 0.000000 1.164904 -8.736782 0.25505 0.32680 0.34535
vt 0.518450 0.884709
vn 0.000000 1.000000 -0.000000
f 3067/3067/3067 3068/3068/3068 3069/3069/3069
v 0.000000 -4.659617 -10.484138 0.91030 0.91260 0.89190
vt 0.751285 0.261837
vn 0.000000 -1.000000 0.000000
v 0.000000 -4.659617 -9.901686 0.91030 0.91260 0.89190
vt 0.742260 0.261986
vn 0.000000 -1.000000 0.000000
v -0.582452 -4.659617 -10.484138 0.91030 0.91260 0.89190
vt 0.742871 0.242982
vn 0.000000 -1.000000 0.000000
f 3070/3070/3070 3071/3071/3071 3072/3072/3072
v 0.000000 1.747356 -9.901686 0.91030 0.91260 0.89190
vt 0.092071 0.827185
vn 0.000000 0.000000 1.000000
v -0.582452 1.747356 -9.901686 0.91030 0.91260 0.89190
vt 0.114198 0.828420
vn 0.000000 0.000000 1.000000
v -0.582452 1.164904 -9.901686 0.91030 0.91260 0.89190
vt 0.112961 0.850595
vn 0.000000 0.000000 1.000000
f 3073/3073/3073 3074/3074/3074 3075/3075/3075
v 0.000000 1.747356 -9.901686 0.91030 0.91260 0.89190
vt 0.092071 0.827185
vn 0.000000 0.000000 1.000000
v -0.582452 1.164904 -9.901686 0.91030 0.91260 0.89190
vt 0.112961 0.850595
vn 0.000000 0.000000 1.000000
v 0.000000 1.164904 -9.901686 0.91030 0.91260 0.89190
vt 0.090831 0.849360
vn 0.000000 0.000000 1.000000
f 3076/3076/3076 3077/3077/3077 3078/3078/3078
v 1.747356 -2.912261 11.649043 0.91030 0.91260 0.89190
vt 0.272934 0.391868
vn 0.577350 -0.577350 0.577350
v 2.329809 -2.912261 11.066590 0.91030 0.91260 0.89190
vt 0.278003 0.389046
vn 0.577350 -0.577350 0.577350
v 2.329809 -2.329809 11.649043 0.91030 0.91260 0.89190
vt 0.305944 0.414346
vn 0.577350 -0.577350 0.577350
f 3079/3079/3079 3080/3080/3080 3081/3081/3081
v 2.329809 -1.747356 12.231495 0.91030 0.91260 0.89190
vt 0.329545 0.448434
vn 0.707107 0.000000 0.707107
v 2.912261 -1.747356 11.649043 0.91030 0.91260 0.89190
vt 0.340294 0.445079
vn 0.707107 0.000000 0.707107
v 2.912261 -1.164904 11.649043 0.91030 0.91260 0.89190
vt 0.354104 0.487833
vn 0.707107 0.000000 0.707107
f 3082/3082/3082 3083/3083/3083 3084/3084/3084
v 2.329809 -1.747356 12.231495 0.90728 0.90958 0.88888
vt 0.329545 0.448434
vn 0.707107 -0.707107 0.000000
v 2.912261 -1.164904 11.649043 0.90728 0.90958 0.88888
vt 0.354104 0.487833
vn 0.707107 -0.707107 0.000000
v 2.912261 -1.164904 12.813947 0.90728 0.90958 0.88888
vt 0.339070 0.490520
vn 0.707107 -0.707107 0.000000
f 3085/3085/3085 3086/3086/3086 3087/3087/3087
v 1.747356 -2.912261 11.649043 0.91030 0.91260 0.89190
vt 0.272934 0.391868
vn 1.000000 0.000000 -0.000000
v 1.747356 -2.912261 12.231495 0.91030 0.91260 0.89190
vt 0.265803 0.395851
vn 1.000000 0.000000 -0.000000
v 1.747356 -3.494713 12.231495 0.91030 0.91260 0.89190
vt 0.237007 0.373607
vn 1.000000 0.000000 -0.000000
f 3088/3088/3088 3089/3089/3089 3090/3090/3090
v 1.747356 -2.912261 11.649043 0.91030 0.91260 0.89190
vt 0.272934 0.391868
vn 1.000000 0.000000 0.000000
v 1.747356 -3.494713 12.231495 0.91030 0.91260 0.89190
vt 0.237007 0.373607
vn 1.000000 0.000000 0.000000
v 1.747356 -3.494713 11.649043 0.91030 0.91260 0.89190
vt 0.241010 0.368838
vn 1.000000 0.000000 0.000000
f 3091/3091/3091 3092/3092/3092 3093/3093/3093
v 2.912261 -1.164904 12.813947 0.77140 0.16676 0.15814
vt 0.952182 0.693770
vn 0.000000 1.000000 0.000000
v 2.912261 -1.164904 11.649043 0.77140 0.16676 0.15814
vt 0.941814 0.695825
vn 0.000000 1.000000 0.000000
v 1.164904 -1.164904 11.649043 0.77140 0.16676 0.15814
vt 0.943190 0.651109
vn 0.000000 1.000000 0.000000
f 3094/3094/3094 3095/3095/3095 3096/3096/3096
v 2.912261 -1.164904 12.813947 0.74724 0.15770 0.14002
vt 0.952182 0.693770
vn 0.000000 1.000000 0.000000
v 1.164904 -1.164904 11.649043 0.74724 0.15770 0.14002
vt 0.943190 0.651109
vn 0.000000 1.000000 0.000000
v 1.164904 -1.164904 12.813947 0.74724 0.15770 0.14002
vt 0.953730 0.651608
vn 0.000000 1.000000 0.000000
f 3097/3097/3097 3098/3098/3098 3099/3099/3099
v 0.582452 -1.164904 11.649043 0.16144 0.28150 0.34535
vt 0.944154 0.629580
vn 0.000000 1.000000 0.000000
v 0.000000 -1.164904 11.649043 0.16144 0.28150 0.34535
vt 0.944800 0.608448
vn 0.000000 1.000000 0.000000
v 0.000000 -1.164904 12.813947 0.16144 0.28150 0.34535
vt 0.955432 0.608823
vn 0.000000 1.000000 0.000000
f 3100/3100/3100 3101/3101/3101 3102/3102/3102
v 0.582452 -1.164904 11.649043 0.15238 0.26338 0.33025
vt 0.944154 0.629580
vn 0.000000 1.000000 -0.000000
v 0.000000 -1.164904 12.813947 0.15238 0.26338 0.33025
vt 0.955432 0.608823
vn 0.000000 1.000000 -0.000000
v 0.582452 -1.164904 12.813947 0.15238 0.26338 0.33025
vt 0.954677 0.630068
vn 0.000000 1.000000 -0.000000
f 3103/3103/3103 3104/3104/3104 3105/3105/3105
v 2.912261 -0.582452 12.813947 0.48755 0.28754 0.28194
vt 0.030549 0.383447
vn 0.000000 1.000000 -0.000000
v 2.329809 -0.582452 13.396399 0.48755 0.28754 0.28194
vt 0.026498 0.389389
vn 0.000000 1.000000 -0.000000
v 2.912261 -0.582452 13.396399 0.48755 0.28754 0.28194
vt 0.024935 0.386931
vn 0.000000 1.000000 -0.000000
f 3106/3106/3106 3107/3107/3107 3108/3108/3108
v 1.164904 -4.077165 11.649043 0.91030 0.91260 0.89190
vt 0.205112 0.346944
vn 0.707107 -0.707107 0.000000
v 1.747356 -3.494713 11.066590 0.91030 0.91260 0.89190
vt 0.244827 0.365153
vn 0.707107 -0.707107 0.000000
v 1.747356 -3.494713 11.649043 0.91030 0.91260 0.89190
vt 0.241010 0.368838
vn 0.707107 -0.707107 0.000000
f 3109/3109/3109 3110/3110/3110 3111/3111/3111
v 2.912261 -1.164904 13.396399 0.52077 0.29660 0.27590
vt 0.039366 0.396600
vn -0.577350 -0.577350 -0.577350
v 2.329809 -0.582452 13.396399 0.52077 0.29660 0.27590
vt 0.026498 0.389389
vn -0.577350 -0.577350 -0.577350
v 2.912261 -0.582452 12.813947 0.52077 0.29660 0.27590
vt 0.030549 0.383447
vn -0.577350 -0.577350 -0.577350
f 3112/3112/3112 3113/3113/3113 3114/3114/3114
v 2.912261 -1.164904 13.396399 0.52077 0.29660 0.27590
vt 0.039366 0.396600
vn -1.000000 0.000000 0.000000
v 2.912261 -0.582452 12.813947 0.52077 0.29660 0.27590
vt 0.030549 0.383447
vn -1.000000 0.000000 0.000000
v 2.912261 -1.164904 12.813947 0.52077 0.29660 0.27590
vt 0.042424 0.391903
vn -1.000000 0.000000 0.000000
f 3115/3115/3115 3116/3116/3116 3117/3117/3117
v 2.912261 -1.164904 12.813947 0.52681 0.42040 0.42990
vt 0.339070 0.490520
vn 1.000000 0.000000 0.000000
v 2.912261 -1.164904 11.649043 0.52681 0.42040 0.42990
vt 0.354104 0.487833
vn 1.000000 0.000000 0.000000
v 2.912261 -0.582452 11.649043 0.52681 0.42040 0.42990
vt 0.365651 0.498997
vn 1.000000 0.000000 0.000000
f 3118/3118/3118 3119/3119/3119 3120/3120/3120
v 2.912261 -1.164904 12.813947 0.23391 0.24527 0.29704
vt 0.339070 0.490520
vn 1.000000 -0.000000 0.000000
v 2.912261 -0.582452 11.649043 0.23391 0.24527 0.29704
vt 0.365651 0.498997
vn 1.000000 -0.000000 0.000000
v 2.912261 -0.582452 12.813947 0.23391 0.24527 0.29704
vt 0.348578 0.502334
vn 1.000000 -0.000000 0.000000
f 3121/3121/3121 3122/3122/3122 3123/3123/3123
v 0.582452 -4.659617 12.231495 0.91030 0.91260 0.89190
vt 0.164635 0.326060
vn 0.000000 -0.000000 1.000000
v 0.582452 -4.077165 12.231495 0.91030 0.91260 0.89190
vt 0.164350 0.330789
vn 0.000000 -0.000000 1.000000
v 0.000000 -4.659617 12.231495 0.91030 0.91260 0.89190
vt 0.123643 0.322260
vn 0.000000 -0.000000 1.000000
f 3124/3124/3124 3125/3125/3125 3126/3126/3126
v -2.329809 -2.329809 11.649043 0.76536 0.81295 0.79829
vt 0.300313 0.120626
vn -0.577350 -0.577350 0.577350
v -2.329809 -2.912261 11.066590 0.76536 0.81295 0.79829
vt 0.279378 0.149293
vn -0.577350 -0.577350 0.577350
v -1.747356 -2.912261 11.649043 0.76536 0.81295 0.79829
vt 0.272262 0.145423
vn -0.577350 -0.577350 0.577350
f 3127/3127/3127 3128/3128/3128 3129/3129/3129
v -2.912261 -1.164904 11.649043 0.91030 0.91260 0.89190
vt 0.342932 0.040977
vn -0.707107 0.000000 0.707107
v -2.912261 -1.747356 11.649043 0.91030 0.91260 0.89190
vt 0.331460 0.087232
vn -0.707107 0.000000 0.707107
v -2.329809 -1.747356 12.231495 0.91030 0.91260 0.89190
vt 0.320604 0.083788
vn -0.707107 0.000000 0.707107
f 3130/3130/3130 3131/3131/3131 3132/3132/3132
v -2.912261 -1.164904 11.649043 0.91030 0.91260 0.89190
vt 0.342932 0.040977
vn -0.707107 -0.707107 0.000000
v -2.329809 -1.747356 12.231495 0.91030 0.91260 0.89190
vt 0.320604 0.083788
vn -0.707107 -0.707107 0.000000
v -2.912261 -1.164904 12.813947 0.91030 0.91260 0.89190
vt 0.326710 0.038420
vn -0.707107 -0.707107 0.000000
f 3133/3133/3133 3134/3134/3134 3135/3135/3135
v -1.747356 -3.494713 12.231495 0.88916 0.91260 0.89190
vt 0.241582 0.166924
vn -1.000000 0.000000 0.000000
v -1.747356 -2.912261 12.231495 0.88916 0.91260 0.89190
vt 0.265364 0.142412
vn -1.000000 0.000000 0.000000
v -1.747356 -2.912261 11.649043 0.88916 0.91260 0.89190
vt 0.272262 0.145423
vn -1.000000 0.000000 0.000000
f 3136/3136/3136 3137/3137/3137 3138/3138/3138
v -1.747356 -3.494713 12.231495 0.91030 0.91260 0.89190
vt 0.241582 0.166924
vn -1.000000 0.000000 0.000000
v -1.747356 -2.912261 11.649043 0.91030 0.91260 0.89190
vt 0.272262 0.145423
vn -1.000000 0.000000 0.000000
v -1.747356 -3.494713 11.649043 0.91030 0.91260 0.89190
vt 0.246169 0.171211
vn -1.000000 0.000000 0.000000
f 3139/3139/3139 3140/3140/3140 3141/3141/3141
v -2.329809 -2.329809 12.231495 0.89218 0.91260 0.89190
vt 0.281980 0.116509
vn -1.000000 0.000000 0.000000
v -2.329809 -1.747356 12.813947 0.89218 0.91260 0.89190
vt 0.306052 0.081818
vn -1.000000 0.000000 0.000000
v -2.329809 -1.747356 12.231495 0.89218 0.91260 0.89190
vt 0.320604 0.083788
vn -1.000000 0.000000 0.000000
f 3142/3142/3142 3143/3143/3143 3144/3144/3144
v -2.329809 -2.329809 12.231495 0.36073 0.43550 0.43292
vt 0.281980 0.116509
vn -1.000000 0.000000 0.000000
v -2.329809 -1.747356 12.231495 0.36073 0.43550 0.43292
vt 0.320604 0.083788
vn -1.000000 0.000000 0.000000
v -2.329809 -2.329809 11.649043 0.36073 0.43550 0.43292
vt 0.293696 0.117779
vn -1.000000 0.000000 0.000000
f 3145/3145/3145 3146/3146/3146 3147/3147/3147
v -0.582452 -4.077165 12.231495 0.59626 0.59856 0.57786
vt 0.180066 0.214052
vn -0.000000 -1.000000 0.000000
v -1.164904 -4.077165 12.231495 0.59626 0.59856 0.57786
vt 0.197100 0.202125
vn -0.000000 -1.000000 0.000000
v -1.164904 -4.077165 11.649043 0.59626 0.59856 0.57786
vt 0.199723 0.207711
vn -0.000000 -1.000000 0.000000
f 3148/3148/3148 3149/3149/3149 3150/3150/3150
v -0.582452 -4.077165 12.231495 0.60834 0.61064 0.58994
vt 0.180066 0.214052
vn -0.707107 0.000000 0.707107
v -1.164904 -4.077165 11.649043 0.60834 0.61064 0.58994
vt 0.199723 0.207711
vn -0.707107 0.000000 0.707107
v -0.582452 -4.659617 12.231495 0.60834 0.61064 0.58994
vt 0.181698 0.219883
vn -0.707107 0.000000 0.707107
f 3151/3151/3151 3152/3152/3152 3153/3153/3153
v -1.164904 -1.164904 11.649043 0.24599 0.29660 0.34837
vt 0.946267 0.565842
vn 0.000000 1.000000 0.000000
v -2.912261 -1.164904 11.649043 0.24599 0.29660 0.34837
vt 0.947708 0.521134
vn 0.000000 1.000000 0.000000
v -2.912261 -1.164904 12.813947 0.24599 0.29660 0.34837
vt 0.957924 0.523844
vn 0.000000 1.000000 0.000000
f 3154/3154/3154 3155/3155/3155 3156/3156/3156
v -1.164904 -1.164904 11.649043 0.24901 0.30868 0.36045
vt 0.946267 0.565842
vn 0.000000 1.000000 -0.000000
v -2.912261 -1.164904 12.813947 0.24901 0.30868 0.36045
vt 0.957924 0.523844
vn 0.000000 1.000000 -0.000000
v -1.164904 -1.164904 12.813947 0.24901 0.30868 0.36045
vt 0.956783 0.566025
vn 0.000000 1.000000 -0.000000
f 3157/3157/3157 3158/3158/3158 3159/3159/3159
v -0.582452 -1.164904 12.813947 0.15238 0.26338 0.33629
vt 0.956208 0.587589
vn 0.000000 1.000000 0.000000
v -0.582452 -1.164904 11.649043 0.15238 0.26338 0.33629
vt 0.945695 0.587350
vn 0.000000 1.000000 0.000000
v -1.164904 -1.164904 11.649043 0.15238 0.26338 0.33629
vt 0.946055 0.576251
vn 0.000000 1.000000 0.000000
f 3160/3160/3160 3161/3161/3161 3162/3162/3162
v -0.582452 -1.164904 12.813947 0.14634 0.26640 0.33629
vt 0.956208 0.587589
vn 0.000000 1.000000 0.000000
v -1.164904 -1.164904 11.649043 0.14634 0.26640 0.33629
vt 0.946055 0.576251
vn 0.000000 1.000000 0.000000
v -1.164904 -1.164904 12.813947 0.14634 0.26640 0.33629
vt 0.956562 0.576431
vn 0.000000 1.000000 0.000000
f 3163/3163/3163 3164/3164/3164 3165/3165/3165
v 0.000000 -1.164904 12.813947 0.15238 0.26338 0.33629
vt 0.955432 0.608823
vn 0.000000 1.000000 0.000000
v 0.000000 -1.164904 11.649043 0.15238 0.26338 0.33629
vt 0.944800 0.608448
vn 0.000000 1.000000 0.000000
v -0.582452 -1.164904 11.649043 0.15238 0.26338 0.33629
vt 0.945695 0.587350
vn 0.000000 1.000000 0.000000
f 3166/3166/3166 3167/3167/3167 3168/3168/3168
v 0.000000 -1.164904 12.813947 0.15238 0.26338 0.33629
vt 0.955432 0.608823
vn 0.000000 1.000000 0.000000
v -0.582452 -1.164904 11.649043 0.15238 0.26338 0.33629
vt 0.945695 0.587350
vn 0.000000 1.000000 0.000000
v -0.582452 -1.164904 12.813947 0.15238 0.26338 0.33629
vt 0.956208 0.587589
vn 0.000000 1.000000 0.000000
f 3169/3169/3169 3170/3170/3170 3171/3171/3171
v -2.912261 -0.582452 13.396399 0.51775 0.29056 0.27892
vt 0.020968 0.543262
vn -0.000000 1.000000 0.000000
v -2.329809 -0.582452 13.396399 0.51775 0.29056 0.27892
vt 0.022908 0.541063
vn -0.000000 1.000000 0.000000
v -2.912261 -0.582452 12.813947 0.51775 0.29056 0.27892
vt 0.026020 0.547730
vn -0.000000 1.000000 0.000000
f 3172/3172/3172 3173/3173/3173 3174/3174/3174
v -1.747356 -3.494713 11.066590 0.59626 0.59856 0.57786
vt 0.251869 0.175685
vn -0.707107 -0.707107 0.000000
v -1.164904 -4.077165 11.649043 0.59626 0.59856 0.57786
vt 0.216440 0.196155
vn -0.707107 -0.707107 0.000000
v -1.747356 -3.494713 11.649043 0.59626 0.59856 0.57786
vt 0.246169 0.171211
vn -0.707107 -0.707107 0.000000
f 3175/3175/3175 3176/3176/3176 3177/3177/3177
v -2.329809 -0.582452 13.396399 0.52681 0.29358 0.28194
vt 0.022908 0.541063
vn 0.707107 -0.707107 0.000000
v -2.912261 -1.164904 13.396399 0.52681 0.29358 0.28194
vt 0.036639 0.535753
vn 0.707107 -0.707107 0.000000
v -2.912261 -1.164904 12.813947 0.52681 0.29358 0.28194
vt 0.038601 0.540451
vn 0.707107 -0.707107 0.000000
f 3178/3178/3178 3179/3179/3179 3180/3180/3180
v -2.329809 -0.582452 13.396399 0.51775 0.29056 0.27892
vt 0.022908 0.541063
vn 0.707107 0.000000 -0.707107
v -2.912261 -1.164904 12.813947 0.51775 0.29056 0.27892
vt 0.038601 0.540451
vn 0.707107 0.000000 -0.707107
v -2.912261 -0.582452 12.813947 0.51775 0.29056 0.27892
vt 0.026020 0.547730
vn 0.707107 0.000000 -0.707107
f 3181/3181/3181 3182/3182/3182 3183/3183/3183
v -2.912261 -0.582452 11.649043 0.91030 0.91260 0.89190
vt 0.350839 0.028276
vn -1.000000 0.000000 0.000000
v -2.912261 -1.164904 11.649043 0.91030 0.91260 0.89190
vt 0.342932 0.040977
vn -1.000000 0.000000 0.000000
v -2.912261 -1.164904 12.813947 0.91030 0.91260 0.89190
vt 0.326710 0.038420
vn -1.000000 0.000000 0.000000
f 3184/3184/3184 3185/3185/3185 3186/3186/3186
v -2.912261 -0.582452 11.649043 0.91030 0.91260 0.89190
vt 0.350839 0.028276
vn -1.000000 0.000000 0.000000
v -2.912261 -1.164904 12.813947 0.91030 0.91260 0.89190
vt 0.326710 0.038420
vn -1.000000 0.000000 0.000000
v -2.912261 -0.582452 12.813947 0.91030 0.91260 0.89190
vt 0.333202 0.025419
vn -1.000000 0.000000 0.000000
f 3187/3187/3187 3188/3188/3188 3189/3189/3189
v 0.000000 -4.659617 12.231495 0.82273 0.82503 0.80433
vt 0.142472 0.225205
vn 0.000000 0.000000 1.000000
v -0.582452 -4.077165 12.231495 0.82273 0.82503 0.80433
vt 0.180066 0.214052
vn 0.000000 0.000000 1.000000
v -0.582452 -4.659617 12.231495 0.82273 0.82503 0.80433
vt 0.181698 0.219883
vn 0.000000 0.000000 1.000000
f 3190/3190/3190 3191/3191/3191 3192/3192/3192
v 1.164904 -1.164904 13.396399 0.51775 0.28452 0.27590
vt 0.054363 0.456184
vn 1.000000 0.000000 0.000000
v 1.164904 -1.164904 12.813947 0.51775 0.28452 0.27590
vt 0.054675 0.446298
vn 1.000000 0.000000 0.000000
v 1.164904 -0.582452 12.813947 0.51775 0.28452 0.27590
vt 0.080746 0.444351
vn 1.000000 0.000000 0.000000
f 3193/3193/3193 3194/3194/3194 3195/3195/3195
v 1.164904 -1.164904 13.396399 0.60532 0.58950 0.55370
vt 0.054363 0.456184
vn 1.000000 -0.000000 0.000000
v 1.164904 -0.582452 12.813947 0.60532 0.58950 0.55370
vt 0.080746 0.444351
vn 1.000000 -0.000000 0.000000
v 1.164904 -0.582452 13.396399 0.60532 0.58950 0.55370
vt 0.080432 0.454237
vn 1.000000 -0.000000 0.000000
f 3196/3196/3196 3197/3197/3197 3198/3198/3198
v 0.582452 -1.164904 12.813947 0.59626 0.59856 0.57786
vt 0.134103 0.447724
vn -1.000000 0.000000 0.000000
v 0.582452 -1.164904 13.396399 0.59626 0.59856 0.57786
vt 0.133789 0.457679
vn -1.000000 0.000000 0.000000
v 0.582452 -0.582452 13.396399 0.59626 0.59856 0.57786
vt 0.107817 0.454697
vn -1.000000 0.000000 0.000000
f 3199/3199/3199 3200/3200/3200 3201/3201/3201
v 0.582452 -1.164904 12.813947 0.59626 0.59856 0.57786
vt 0.134103 0.447724
vn -1.000000 0.000000 0.000000
v 0.582452 -0.582452 13.396399 0.59626 0.59856 0.57786
vt 0.107817 0.454697
vn -1.000000 0.000000 0.000000
v 0.582452 -0.582452 12.813947 0.59626 0.59856 0.57786
vt 0.108130 0.444743
vn -1.000000 0.000000 0.000000
f 3202/3202/3202 3203/3203/3203 3204/3204/3204
v 1.164904 -1.164904 13.396399 0.59626 0.59856 0.57786
vt 0.093229 0.480598
vn 0.000000 -0.000000 1.000000
v 1.164904 -0.582452 13.396399 0.59626 0.59856 0.57786
vt 0.093762 0.454460
vn 0.000000 -0.000000 1.000000
v 0.582452 -0.582452 13.396399 0.59626 0.59856 0.57786
vt 0.107817 0.454697
vn 0.000000 -0.000000 1.000000
f 3205/3205/3205 3206/3206/3206 3207/3207/3207
v 1.164904 -1.164904 13.396399 0.59626 0.59856 0.57786
vt 0.093229 0.480598
vn 0.000000 0.000000 1.000000
v 0.582452 -0.582452 13.396399 0.59626 0.59856 0.57786
vt 0.107817 0.454697
vn 0.000000 0.000000 1.000000
v 0.582452 -1.164904 13.396399 0.59626 0.59856 0.57786
vt 0.107284 0.480835
vn 0.000000 0.000000 1.000000
f 3208/3208/3208 3209/3209/3209 3210/3210/3210
v -0.582452 -1.164904 13.396399 0.57814 0.55931 0.53861
vt 0.054054 0.530849
vn 1.000000 0.000000 0.000000
v -0.582452 -1.164904 12.813947 0.57814 0.55931 0.53861
vt 0.053960 0.520759
vn 1.000000 0.000000 0.000000
v -0.582452 -0.582452 12.813947 0.57814 0.55931 0.53861
vt 0.080319 0.518326
vn 1.000000 0.000000 0.000000
f 3211/3211/3211 3212/3212/3212 3213/3213/3213
v -0.582452 -1.164904 13.396399 0.56606 0.56233 0.53861
vt 0.054054 0.530849
vn 1.000000 -0.000000 0.000000
v -0.582452 -0.582452 12.813947 0.56606 0.56233 0.53861
vt 0.080319 0.518326
vn 1.000000 -0.000000 0.000000
v -0.582452 -0.582452 13.396399 0.56606 0.56233 0.53861
vt 0.080444 0.528416
vn 1.000000 -0.000000 0.000000
f 3214/3214/3214 3215/3215/3215 3216/3216/3216
v -1.164904 -1.164904 12.813947 0.59626 0.59856 0.57786
vt 0.094533 0.491874
vn 0.000000 0.000000 -1.000000
v -1.164904 -0.582452 12.813947 0.59626 0.59856 0.57786
vt 0.094595 0.518361
vn 0.000000 0.000000 -1.000000
v -0.582452 -0.582452 12.813947 0.59626 0.59856 0.57786
vt 0.080319 0.518326
vn 0.000000 0.000000 -1.000000
f 3217/3217/3217 3218/3218/3218 3219/3219/3219
v -1.164904 -1.164904 12.813947 0.59626 0.59856 0.57786
vt 0.094533 0.491874
vn 0.000000 0.000000 -1.000000
v -0.582452 -0.582452 12.813947 0.59626 0.59856 0.57786
vt 0.080319 0.518326
vn 0.000000 0.000000 -1.000000
v -0.582452 -1.164904 12.813947 0.59626 0.59856 0.57786
vt 0.080248 0.491842
vn 0.000000 0.000000 -1.000000
f 3220/3220/3220 3221/3221/3221 3222/3222/3222
v -1.164904 -1.164904 12.813947 0.59324 0.60158 0.58390
vt 0.134430 0.520799
vn -1.000000 0.000000 0.000000
v -1.164904 -1.164904 13.396399 0.59324 0.60158 0.58390
vt 0.134582 0.530819
vn -1.000000 0.000000 0.000000
v -1.164904 -0.582452 13.396399 0.59324 0.60158 0.58390
vt 0.108205 0.528412
vn -1.000000 0.000000 0.000000
f 3223/3223/3223 3224/3224/3224 3225/3225/3225
v -1.164904 -1.164904 12.813947 0.59626 0.59856 0.57786
vt 0.134430 0.520799
vn -1.000000 0.000000 0.000000
v -1.164904 -0.582452 13.396399 0.59626 0.59856 0.57786
vt 0.108205 0.528412
vn -1.000000 0.000000 0.000000
v -1.164904 -0.582452 12.813947 0.59626 0.59856 0.57786
vt 0.108054 0.518392
vn -1.000000 0.000000 0.000000
f 3226/3226/3226 3227/3227/3227 3228/3228/3228
v 1.747356 2.912261 -5.824521 0.15540 0.26942 0.32723
vt 0.183650 0.873981
vn 1.000000 0.000000 0.000000
v 1.747356 2.329809 -8.736782 0.15540 0.26942 0.32723
vt 0.151986 0.886726
vn 1.000000 0.000000 0.000000
v 1.747356 2.912261 -6.406973 0.15540 0.26942 0.32723
vt 0.181541 0.834361
vn 1.000000 0.000000 0.000000
f 3229/3229/3229 3230/3230/3230 3231/3231/3231
v -1.747356 2.329809 -8.736782 0.16446 0.26640 0.34233
vt 0.343561 0.903219
vn -1.000000 0.000000 0.000000
v -1.747356 2.912261 -5.824521 0.16446 0.26640 0.34233
vt 0.312181 0.874359
vn -1.000000 0.000000 0.000000
v -1.747356 2.912261 -6.406973 0.16446 0.26640 0.34233
vt 0.314503 0.834715
vn -1.000000 0.000000 0.000000
f 3232/3232/3232 3233/3233/3233 3234/3234/3234
v 0.000000 -2.329809 11.649043 0.16446 0.26640 0.32119
vt 0.860550 0.605583
vn -0.000000 1.000000 0.000000
v 0.582452 -2.329809 11.649043 0.16446 0.26640 0.32119
vt 0.859454 0.626327
vn -0.000000 1.000000 0.000000
v 0.582452 -2.329809 11.066590 0.16446 0.26640 0.32119
vt 0.858761 0.621726
vn -0.000000 1.000000 0.000000
f 3235/3235/3235 3236/3236/3236 3237/3237/3237
v 0.000000 -2.329809 11.649043 0.17654 0.27546 0.33931
vt 0.860550 0.605583
vn 0.000000 1.000000 0.000000
v 0.582452 -2.329809 11.066590 0.17654 0.27546 0.33931
vt 0.858761 0.621726
vn 0.000000 1.000000 0.000000
v 0.000000 -2.329809 11.066590 0.17654 0.27546 0.33931
vt 0.859390 0.610116
vn 0.000000 1.000000 0.000000
f 3238/3238/3238 3239/3239/3239 3240/3240/3240
v 0.582452 -2.329809 11.066590 0.42414 0.26640 0.25174
vt 0.308789 0.368181
vn 0.000000 -0.000000 1.000000
v 0.582452 0.582452 11.066590 0.42414 0.26640 0.25174
vt 0.313035 0.173222
vn 0.000000 -0.000000 1.000000
v 0.000000 -2.329809 11.066590 0.42414 0.26640 0.25174
vt 0.319879 0.367791
vn 0.000000 -0.000000 1.000000
f 3241/3241/3241 3242/3242/3242 3243/3243/3243
v 0.000000 -2.329809 11.066590 0.51473 0.29660 0.28194
vt 0.322390 0.367703
vn 0.000000 0.000000 -1.000000
v 0.582452 0.582452 11.066590 0.51473 0.29660 0.28194
vt 0.326639 0.172777
vn 0.000000 0.000000 -1.000000
v 0.582452 -2.329809 11.066590 0.51473 0.29660 0.28194
vt 0.333480 0.367313
vn 0.000000 0.000000 -1.000000
f 3244/3244/3244 3245/3245/3245 3246/3246/3246
v 0.582452 1.747356 11.066590 0.91030 0.91260 0.89190
vt 0.057497 0.301196
vn -1.000000 0.000000 0.000000
v 0.582452 1.164904 11.066590 0.91030 0.91260 0.89190
vt 0.037466 0.300491
vn -1.000000 0.000000 0.000000
v 0.582452 1.164904 11.649043 0.91030 0.91260 0.89190
vt 0.037614 0.296127
vn -1.000000 0.000000 0.000000
f 3247/3247/3247 3248/3248/3248 3249/3249/3249
v 0.582452 1.747356 11.066590 0.91030 0.91260 0.89190
vt 0.057497 0.301196
vn -1.000000 0.000000 0.000000
v 0.582452 1.164904 11.649043 0.91030 0.91260 0.89190
vt 0.037614 0.296127
vn -1.000000 0.000000 0.000000
v 0.582452 1.747356 11.649043 0.91030 0.91260 0.89190
vt 0.057649 0.296800
vn -1.000000 0.000000 0.000000
f 3250/3250/3250 3251/3251/3251 3252/3252/3252
v 0.582452 1.164904 11.066590 0.91030 0.91260 0.89190
vt 0.038376 0.271766
vn 1.000000 0.000000 0.000000
v 0.582452 1.747356 11.066590 0.91030 0.91260 0.89190
vt 0.058410 0.272309
vn 1.000000 0.000000 0.000000
v 0.582452 1.747356 11.649043 0.91030 0.91260 0.89190
vt 0.058285 0.276721
vn 1.000000 0.000000 0.000000
f 3253/3253/3253 3254/3254/3254 3255/3255/3255
v 0.582452 1.164904 11.066590 0.91030 0.91260 0.89190
vt 0.038376 0.271766
vn 1.000000 0.000000 0.000000
v 0.582452 1.747356 11.649043 0.91030 0.91260 0.89190
vt 0.058285 0.276721
vn 1.000000 0.000000 0.000000
v 0.582452 1.164904 11.649043 0.91030 0.91260 0.89190
vt 0.038256 0.276115
vn 1.000000 0.000000 0.000000
f 3256/3256/3256 3257/3257/3257 3258/3258/3258
v 0.582452 1.164904 11.066590 0.17352 0.26942 0.33327
vt 0.385627 0.841074
vn 0.000000 0.000000 1.000000
v 0.582452 0.582452 11.066590 0.17352 0.26942 0.33327
vt 0.400422 0.841873
vn 0.000000 0.000000 1.000000
v 1.164904 0.582452 11.066590 0.17352 0.26942 0.33327
vt 0.399413 0.859665
vn 0.000000 0.000000 1.000000
f 3259/3259/3259 3260/3260/3260 3261/3261/3261
v 0.582452 1.164904 11.066590 0.17654 0.28452 0.34535
vt 0.385627 0.841074
vn -0.000000 0.000000 1.000000
v 1.164904 0.582452 11.066590 0.17654 0.28452 0.34535
vt 0.399413 0.859665
vn -0.000000 0.000000 1.000000
v 1.164904 1.164904 11.066590 0.17654 0.28452 0.34535
vt 0.384614 0.858813
vn -0.000000 0.000000 1.000000
f 3262/3262/3262 3263/3263/3263 3264/3264/3264
v 0.582452 0.582452 11.066590 0.72006 0.20299 0.16719
vt 0.403107 0.774727
vn 0.000000 0.000000 -1.000000
v 0.582452 1.164904 11.066590 0.72006 0.20299 0.16719
vt 0.388307 0.774331
vn 0.000000 0.000000 -1.000000
v 1.164904 1.164904 11.066590 0.72006 0.20299 0.16719
vt 0.388739 0.756552
vn 0.000000 0.000000 -1.000000
f 3265/3265/3265 3266/3266/3266 3267/3267/3267
v 0.582452 0.582452 11.066590 0.76234 0.17884 0.15512
vt 0.403107 0.774727
vn 0.000000 0.000000 -1.000000
v 1.164904 1.164904 11.066590 0.76234 0.17884 0.15512
vt 0.388739 0.756552
vn 0.000000 0.000000 -1.000000
v 1.164904 0.582452 11.066590 0.76234 0.17884 0.15512
vt 0.403547 0.756927
vn 0.000000 0.000000 -1.000000
f 3268/3268/3268 3269/3269/3269 3270/3270/3270
v 0.582452 1.164904 11.066590 0.72308 0.19393 0.17323
vt 0.387871 0.788398
vn 0.000000 -0.000000 -1.000000
v 0.582452 0.582452 11.066590 0.72308 0.19393 0.17323
vt 0.402676 0.788865
vn 0.000000 -0.000000 -1.000000
v -0.000000 0.582452 11.066590 0.72308 0.19393 0.17323
vt 0.402099 0.806677
vn 0.000000 -0.000000 -1.000000
f 3271/3271/3271 3272/3272/3272 3273/3273/3273
v 0.582452 1.164904 11.066590 0.74422 0.17280 0.16719
vt 0.387871 0.788398
vn -0.000000 0.000000 -1.000000
v -0.000000 0.582452 11.066590 0.74422 0.17280 0.16719
vt 0.402099 0.806677
vn -0.000000 0.000000 -1.000000
v -0.000000 1.164904 11.066590 0.74422 0.17280 0.16719
vt 0.387297 0.806156
vn -0.000000 0.000000 -1.000000
f 3274/3274/3274 3275/3275/3275 3276/3276/3276
v 0.582452 0.582452 11.066590 0.16446 0.26942 0.33025
vt 0.401127 0.827745
vn 0.000000 -0.000000 1.000000
v 0.582452 1.164904 11.066590 0.16446 0.26942 0.33025
vt 0.386329 0.827020
vn 0.000000 -0.000000 1.000000
v -0.000000 1.164904 11.066590 0.16446 0.26942 0.33025
vt 0.387175 0.809290
vn 0.000000 -0.000000 1.000000
f 3277/3277/3277 3278/3278/3278 3279/3279/3279
v 0.582452 0.582452 11.066590 0.16446 0.26942 0.33025
vt 0.401127 0.827745
vn 0.000000 0.000000 1.000000
v -0.000000 1.164904 11.066590 0.16446 0.26942 0.33025
vt 0.387175 0.809290
vn 0.000000 0.000000 1.000000
v -0.000000 0.582452 11.066590 0.16446 0.26942 0.33025
vt 0.401963 0.809927
vn 0.000000 0.000000 1.000000
f 3280/3280/3280 3281/3281/3281 3282/3282/3282
v 0.582452 2.912261 -6.406973 0.74724 0.18185 0.17323
vt 0.223876 0.834162
vn 1.000000 0.000000 0.000000
v 0.582452 2.329809 -8.736782 0.74724 0.18185 0.17323
vt 0.232332 0.783139
vn 1.000000 0.000000 0.000000
v 0.582452 2.912261 -6.989426 0.74724 0.18185 0.17323
vt 0.232264 0.825877
vn 1.000000 0.000000 0.000000
f 3283/3283/3283 3284/3284/3284 3285/3285/3285
v -0.582452 2.329809 -8.736782 0.14634 0.26036 0.30006
vt 0.272149 0.774937
vn -1.000000 0.000000 0.000000
v -0.582452 2.912261 -6.406973 0.14634 0.26036 0.30006
vt 0.272127 0.834290
vn -1.000000 0.000000 0.000000
v -0.582452 2.912261 -6.989426 0.14634 0.26036 0.30006
vt 0.263769 0.825972
vn -1.000000 0.000000 0.000000
f 3286/3286/3286 3287/3287/3287 3288/3288/3288
v -0.582452 2.912261 -6.406973 0.22787 0.27848 0.34233
vt 0.272127 0.834290
vn -0.000000 1.000000 0.000000
v 0.000000 2.912261 -6.406973 0.22787 0.27848 0.34233
vt 0.247999 0.834141
vn -0.000000 1.000000 0.000000
v 0.000000 2.912261 -6.989426 0.22787 0.27848 0.34233
vt 0.248020 0.825837
vn -0.000000 1.000000 0.000000
f 3289/3289/3289 3290/3290/3290 3291/3291/3291
v -0.582452 2.912261 -6.406973 0.16748 0.26640 0.33629
vt 0.272127 0.834290
vn 0.000000 1.000000 0.000000
v 0.000000 2.912261 -6.989426 0.16748 0.26640 0.33629
vt 0.248020 0.825837
vn 0.000000 1.000000 0.000000
v -0.582452 2.912261 -6.989426 0.16748 0.26640 0.33629
vt 0.263769 0.825972
vn 0.000000 1.000000 0.000000
f 3292/3292/3292 3293/3293/3293 3294/3294/3294
v 0.000000 2.912261 -6.406973 0.74422 0.16978 0.15814
vt 0.247999 0.834141
vn -0.000000 1.000000 0.000000
v 0.582452 2.912261 -6.406973 0.74422 0.16978 0.15814
vt 0.223876 0.834162
vn -0.000000 1.000000 0.000000
v 0.582452 2.912261 -6.989426 0.74422 0.16978 0.15814
vt 0.232264 0.825877
vn -0.000000 1.000000 0.000000
f 3295/3295/3295 3296/3296/3296 3297/3297/3297
v 0.000000 2.912261 -6.406973 0.66269 0.28754 0.26382
vt 0.247999 0.834141
vn 0.000000 1.000000 0.000000
v 0.582452 2.912261 -6.989426 0.66269 0.28754 0.26382
vt 0.232264 0.825877
vn 0.000000 1.000000 0.000000
v 0.000000 2.912261 -6.989426 0.66269 0.28754 0.26382
vt 0.248020 0.825837
vn 0.000000 1.000000 0.000000
f 3298/3298/3298 3299/3299/3299 3300/3300/3300
v 0.582452 2.912261 -6.989426 0.71403 0.19997 0.17927
vt 0.109981 0.688729
vn 0.784465 0.588348 -0.196116
v 0.582452 2.329809 -8.736782 0.71403 0.19997 0.17927
vt 0.110623 0.638493
vn 0.784465 0.588348 -0.196116
v 0.000000 3.494713 -7.571878 0.71403 0.19997 0.17927
vt 0.154224 0.737688
vn 0.784465 0.588348 -0.196116
f 3301/3301/3301 3302/3302/3302 3303/3303/3303
v 0.582452 2.329809 -8.736782 0.75630 0.14260 0.14304
vt 0.110623 0.638493
vn 0.000000 0.707107 -0.707107
v -0.000000 2.329809 -8.736782 0.75630 0.14260 0.14304
vt 0.128138 0.632961
vn 0.000000 0.707107 -0.707107
v -0.000000 3.494713 -7.571878 0.75630 0.14260 0.14304
vt 0.160565 0.735687
vn 0.000000 0.707107 -0.707107
f 3304/3304/3304 3305/3305/3305 3306/3306/3306
v -0.000000 2.329809 -8.736782 0.71403 0.21809 0.17927
vt 0.128138 0.632961
vn 0.000000 0.707107 -0.707107
v -0.582452 2.329809 -8.736782 0.71403 0.21809 0.17927
vt 0.145657 0.627437
vn 0.000000 0.707107 -0.707107
v -0.000000 3.494713 -7.571878 0.71403 0.21809 0.17927
vt 0.166907 0.733687
vn 0.000000 0.707107 -0.707107
f 3307/3307/3307 3308/3308/3308 3309/3309/3309
v -0.582452 2.329809 -8.736782 0.76234 0.15468 0.15512
vt 0.145657 0.627437
vn -0.784465 0.588348 -0.196116
v -0.582452 2.912261 -6.989426 0.76234 0.15468 0.15512
vt 0.175027 0.668200
vn -0.784465 0.588348 -0.196116
v -0.000000 3.494713 -7.571878 0.76234 0.15468 0.15512
vt 0.171215 0.733026
vn -0.784465 0.588348 -0.196116
f 3310/3310/3310 3311/3311/3311 3312/3312/3312
v -0.582452 2.912261 -6.989426 0.75328 0.17582 0.15814
vt 0.175027 0.668200
vn -0.000000 0.707107 0.707107
v 0.000000 2.912261 -6.989426 0.75328 0.17582 0.15814
vt 0.192868 0.672561
vn -0.000000 0.707107 0.707107
v -0.000000 3.494713 -7.571878 0.75328 0.17582 0.15814
vt 0.177675 0.734608
vn -0.000000 0.707107 0.707107
f 3313/3313/3313 3314/3314/3314 3315/3315/3315
v 0.000000 2.912261 -6.989426 0.72912 0.21809 0.19135
vt 0.192868 0.672561
vn -0.000000 0.707107 0.707107
v 0.582452 2.912261 -6.989426 0.72912 0.21809 0.19135
vt 0.210707 0.676934
vn -0.000000 0.707107 0.707107
v 0.000000 3.494713 -7.571878 0.72912 0.21809 0.19135
vt 0.184131 0.736190
vn -0.000000 0.707107 0.707107
f 3316/3316/3316 3317/3317/3317 3318/3318/3318
v -0.582452 -3.494713 -15.143755 0.89822 0.91260 0.89190
vt 0.925177 0.163376
vn -0.408248 -0.408248 -0.816497
v -0.582452 -4.659617 -14.561303 0.89822 0.91260 0.89190
vt 0.935489 0.209832
vn -0.408248 -0.408248 -0.816497
v -1.164904 -4.077165 -14.561303 0.89822 0.91260 0.89190
vt 0.915787 0.202858
vn -0.408248 -0.408248 -0.816497
f 3319/3319/3319 3320/3320/3320 3321/3321/3321
v -0.582452 -3.494713 -15.143755 0.91030 0.90958 0.89190
vt 0.925177 0.163376
vn -0.000000 -0.707107 -0.707107
v -1.164904 -4.077165 -14.561303 0.91030 0.90958 0.89190
vt 0.915787 0.202858
vn -0.000000 -0.707107 -0.707107
v -1.164904 -3.494713 -15.143755 0.91030 0.90958 0.89190
vt 0.903183 0.158941
vn -0.000000 -0.707107 -0.707107
f 3322/3322/3322 3323/3323/3323 3324/3324/3324
v -1.164904 -4.077165 12.231495 0.57512 0.57742 0.55672
vt 0.197100 0.202125
vn 0.000000 -1.000000 0.000000
v -0.582452 -4.077165 12.231495 0.57512 0.57742 0.55672
vt 0.180066 0.214052
vn 0.000000 -1.000000 0.000000
v -0.582452 -4.077165 12.813947 0.57512 0.57742 0.55672
vt 0.177293 0.196527
vn 0.000000 -1.000000 0.000000
f 3325/3325/3325 3326/3326/3326 3327/3327/3327
v -1.164904 -4.077165 12.231495 0.59626 0.59856 0.57786
vt 0.197100 0.202125
vn 0.000000 -1.000000 0.000000
v -0.582452 -4.077165 12.813947 0.59626 0.59856 0.57786
vt 0.177293 0.196527
vn 0.000000 -1.000000 0.000000
v -1.164904 -4.077165 12.813947 0.59626 0.59856 0.57786
vt 0.194003 0.185789
vn 0.000000 -1.000000 0.000000
f 3328/3328/3328 3329/3329/3329 3330/3330/3330
v -1.164904 -2.329809 -5.824521 0.16144 0.26640 0.33327
vt 0.688248 0.560776
vn -0.000000 1.000000 0.000000
v -0.582452 -2.329809 -5.824521 0.16144 0.26640 0.33327
vt 0.687284 0.578617
vn -0.000000 1.000000 0.000000
v -0.582452 -2.329809 -6.406973 0.16144 0.26640 0.33327
vt 0.683972 0.578455
vn -0.000000 1.000000 0.000000
f 3331/3331/3331 3332/3332/3332 3333/3333/3333
v -1.164904 -2.329809 -5.824521 0.16144 0.26640 0.32723
vt 0.688248 0.560776
vn 0.000000 1.000000 0.000000
v -0.582452 -2.329809 -6.406973 0.16144 0.26640 0.32723
vt 0.683972 0.578455
vn 0.000000 1.000000 0.000000
v -1.164904 -2.329809 -6.406973 0.16144 0.26640 0.32723
vt 0.684953 0.559909
vn 0.000000 1.000000 0.000000
f 3334/3334/3334 3335/3335/3335 3336/3336/3336
v -1.164904 -4.077165 10.484138 0.91030 0.91260 0.89190
vt 0.371038 0.230567
vn -0.707107 -0.707107 0.000000
v -0.582452 -4.659617 11.066590 0.91030 0.91260 0.89190
vt 0.367829 0.244785
vn -0.707107 -0.707107 0.000000
v -0.582452 -4.659617 11.649043 0.91030 0.91260 0.89190
vt 0.356322 0.243255
vn -0.707107 -0.707107 0.000000
f 3337/3337/3337 3338/3338/3338 3339/3339/3339
v -1.164904 -4.077165 10.484138 0.91030 0.91260 0.89190
vt 0.371038 0.230567
vn -0.707107 -0.707107 0.000000
v -0.582452 -4.659617 11.649043 0.91030 0.91260 0.89190
vt 0.356322 0.243255
vn -0.707107 -0.707107 0.000000
v -1.164904 -4.077165 11.649043 0.91030 0.91260 0.89190
vt 0.355810 0.228495
vn -0.707107 -0.707107 0.000000
f 3340/3340/3340 3341/3341/3341 3342/3342/3342
v -0.582452 0.582452 -12.231495 0.16446 0.26942 0.33629
vt 0.209462 0.576172
vn 0.000000 1.000000 0.000000
v -0.582452 0.582452 -12.813947 0.16446 0.26942 0.33629
vt 0.209444 0.575206
vn 0.000000 1.000000 0.000000
v -1.164904 0.582452 -12.813947 0.16446 0.26942 0.33629
vt 0.226649 0.590570
vn 0.000000 1.000000 0.000000
f 3343/3343/3343 3344/3344/3344 3345/3345/3345
v -0.582452 0.582452 -12.231495 0.14936 0.25433 0.32421
vt 0.209462 0.576172
vn 0.000000 1.000000 0.000000
v -1.164904 0.582452 -12.813947 0.14936 0.25433 0.32421
vt 0.226649 0.590570
vn 0.000000 1.000000 0.000000
v -1.164904 0.582452 -12.231495 0.14936 0.25433 0.32421
vt 0.225670 0.591656
vn 0.000000 1.000000 0.000000
f 3346/3346/3346 3347/3347/3347 3348/3348/3348
v -0.582452 -4.659617 -8.154330 0.91030 0.91260 0.89190
vt 0.707408 0.243413
vn 0.000000 -1.000000 0.000000
v -0.582452 -4.659617 -7.571878 0.91030 0.91260 0.89190
vt 0.698070 0.243656
vn 0.000000 -1.000000 0.000000
v -1.164904 -4.659617 -8.154330 0.91030 0.91260 0.89190
vt 0.701506 0.230094
vn 0.000000 -1.000000 0.000000
f 3349/3349/3349 3350/3350/3350 3351/3351/3351
v -0.582452 -4.659617 -8.154330 0.91030 0.91260 0.89190
vt 0.707408 0.243413
vn -0.000000 -1.000000 0.000000
v -1.164904 -4.659617 -8.154330 0.91030 0.91260 0.89190
vt 0.701506 0.230094
vn -0.000000 -1.000000 0.000000
v -1.164904 -4.659617 -8.736782 0.91030 0.91260 0.89190
vt 0.711553 0.229787
vn -0.000000 -1.000000 0.000000
f 3352/3352/3352 3353/3353/3353 3354/3354/3354
v -1.164904 -4.659617 -13.978851 0.91030 0.91260 0.89190
vt 0.809943 0.230498
vn 0.000000 -1.000000 0.000000
v -0.582452 -4.659617 -13.978851 0.91030 0.91260 0.89190
vt 0.811427 0.243128
vn 0.000000 -1.000000 0.000000
v -0.582452 -4.659617 -12.231495 0.91030 0.91260 0.89190
vt 0.779574 0.242894
vn 0.000000 -1.000000 0.000000
f 3355/3355/3355 3356/3356/3356 3357/3357/3357
v -1.164904 -4.659617 -13.978851 0.91030 0.91260 0.89190
vt 0.809943 0.230498
vn 0.000000 -1.000000 0.000000
v -0.582452 -4.659617 -12.231495 0.91030 0.91260 0.89190
vt 0.779574 0.242894
vn 0.000000 -1.000000 0.000000
v -1.164904 -4.659617 -12.231495 0.91030 0.91260 0.89190
vt 0.775706 0.229616
vn 0.000000 -1.000000 0.000000
f 3358/3358/3358 3359/3359/3359 3360/3360/3360
v -0.582452 -1.747356 -15.143755 0.91030 0.91260 0.89190
vt 0.910211 0.069562
vn 0.000000 -0.000000 -1.000000
v -0.582452 -2.329809 -15.143755 0.91030 0.91260 0.89190
vt 0.913612 0.097783
vn 0.000000 -0.000000 -1.000000
v -1.164904 -2.329809 -15.143755 0.91030 0.91260 0.89190
vt 0.891013 0.097989
vn 0.000000 -0.000000 -1.000000
f 3361/3361/3361 3362/3362/3362 3363/3363/3363
v -0.582452 -1.747356 -15.143755 0.91030 0.91260 0.89190
vt 0.910211 0.069562
vn -0.000000 0.000000 -1.000000
v -1.164904 -2.329809 -15.143755 0.91030 0.91260 0.89190
vt 0.891013 0.097989
vn -0.000000 0.000000 -1.000000
v -1.164904 -1.747356 -15.143755 0.91030 0.91260 0.89190
vt 0.885164 0.070312
vn -0.000000 0.000000 -1.000000
f 3364/3364/3364 3365/3365/3365 3366/3366/3366
v -0.582452 -1.164904 11.649043 0.18861 0.29358 0.36045
vt 0.945013 0.587341
vn 0.000000 -0.000000 -1.000000
v -0.582452 -2.329809 11.649043 0.18861 0.29358 0.36045
vt 0.861013 0.584849
vn 0.000000 -0.000000 -1.000000
v -1.164904 -2.329809 11.649043 0.18861 0.29358 0.36045
vt 0.861200 0.574065
vn 0.000000 -0.000000 -1.000000
f 3367/3367/3367 3368/3368/3368 3369/3369/3369
v -0.582452 -1.164904 11.649043 0.15540 0.26036 0.33025
vt 0.945013 0.587341
vn -0.000000 0.000000 -1.000000
v -1.164904 -2.329809 11.649043 0.15540 0.26036 0.33025
vt 0.861200 0.574065
vn -0.000000 0.000000 -1.000000
v -1.164904 -1.164904 11.649043 0.15540 0.26036 0.33025
vt 0.945267 0.576179
vn -0.000000 0.000000 -1.000000
f 3370/3370/3370 3371/3371/3371 3372/3372/3372
v -1.164904 -2.912261 13.396399 0.91030 0.91260 0.89190
vt 0.197481 0.148054
vn -0.801784 -0.267261 0.534522
v -0.582452 -3.494713 13.978851 0.91030 0.91260 0.89190
vt 0.180720 0.155108
vn -0.801784 -0.267261 0.534522
v -0.582452 -2.329809 14.561303 0.91030 0.91260 0.89190
vt 0.191488 0.095596
vn -0.801784 -0.267261 0.534522
f 3373/3373/3373 3374/3374/3374 3375/3375/3375
v -1.164904 -2.912261 13.396399 0.87406 0.91260 0.88888
vt 0.197481 0.148054
vn 0.000000 -0.894427 0.447214
v -0.582452 -2.329809 14.561303 0.87406 0.91260 0.88888
vt 0.191488 0.095596
vn 0.000000 -0.894427 0.447214
v -1.164904 -2.329809 14.561303 0.87406 0.91260 0.88888
vt 0.209840 0.093906
vn 0.000000 -0.894427 0.447214
f 3376/3376/3376 3377/3377/3377 3378/3378/3378
v -1.164904 -4.077165 -13.978851 0.91030 0.91260 0.89190
vt 0.895760 0.208025
vn -1.000000 -0.000000 -0.000000
v -1.164904 -4.077165 -14.561303 0.91030 0.91260 0.89190
vt 0.915787 0.202858
vn -1.000000 -0.000000 -0.000000
v -1.164904 -4.659617 -13.978851 0.91030 0.91260 0.89190
vt 0.915596 0.216697
vn -1.000000 -0.000000 -0.000000
f 3379/3379/3379 3380/3380/3380 3381/3381/3381
v -1.164904 -2.912261 13.396399 0.60230 0.60460 0.58390
vt 0.197481 0.148054
vn -1.000000 0.000000 0.000000
v -1.164904 -3.494713 12.813947 0.60230 0.60460 0.58390
vt 0.209850 0.175686
vn -1.000000 0.000000 0.000000
v -1.164904 -4.077165 12.813947 0.60230 0.60460 0.58390
vt 0.194003 0.185789
vn -1.000000 0.000000 0.000000
f 3382/3382/3382 3383/3383/3383 3384/3384/3384
v -1.747356 -1.164904 -15.143755 0.32450 0.26036 0.30308
vt 0.530500 0.536564
vn 0.000000 1.000000 0.000000
v -1.747356 -1.164904 -12.813947 0.32450 0.26036 0.30308
vt 0.553462 0.533993
vn 0.000000 1.000000 0.000000
v -1.164904 -1.164904 -12.813947 0.32450 0.26036 0.30308
vt 0.552951 0.551263
vn 0.000000 1.000000 0.000000
f 3385/3385/3385 3386/3386/3386 3387/3387/3387
v -1.747356 -1.164904 -15.143755 0.20371 0.26942 0.32421
vt 0.530500 0.536564
vn 0.000000 1.000000 0.000000
v -1.164904 -1.164904 -12.813947 0.20371 0.26942 0.32421
vt 0.552951 0.551263
vn 0.000000 1.000000 0.000000
v -1.164904 -1.164904 -15.143755 0.20371 0.26942 0.32421
vt 0.528607 0.552279
vn 0.000000 1.000000 0.000000
f 3388/3388/3388 3389/3389/3389 3390/3390/3390
v -1.747356 -1.164904 -6.406973 0.20975 0.26036 0.31214
vt 0.614691 0.538866
vn 0.000000 0.000000 1.000000
v -1.747356 -2.329809 -6.406973 0.20975 0.26036 0.31214
vt 0.685889 0.542465
vn 0.000000 0.000000 1.000000
v -1.164904 -2.329809 -6.406973 0.20975 0.26036 0.31214
vt 0.684953 0.559909
vn 0.000000 0.000000 1.000000
f 3391/3391/3391 3392/3392/3392 3393/3393/3393
v -1.747356 -1.164904 -6.406973 0.16144 0.26640 0.32119
vt 0.614691 0.538866
vn -0.000000 0.000000 1.000000
v -1.164904 -2.329809 -6.406973 0.16144 0.26640 0.32119
vt 0.684953 0.559909
vn -0.000000 0.000000 1.000000
v -1.164904 -1.164904 -6.406973 0.16144 0.26640 0.32119
vt 0.613814 0.556525
vn -0.000000 0.000000 1.000000
f 3394/3394/3394 3395/3395/3395 3396/3396/3396
v -1.164904 -1.164904 15.143755 0.15238 0.31472 0.32119
vt 0.214385 0.035913
vn -1.000000 0.000000 0.000000
v -1.164904 -1.747356 14.561303 0.15238 0.31472 0.32119
vt 0.227268 0.092401
vn -1.000000 0.000000 0.000000
v -1.164904 -2.329809 14.561303 0.15238 0.31472 0.32119
vt 0.209840 0.093906
vn -1.000000 0.000000 0.000000
f 3397/3397/3397 3398/3398/3398 3399/3399/3399
v -1.164904 -4.077165 4.659617 0.91030 0.91260 0.89190
vt 0.473698 0.220462
vn -1.000000 0.000000 -0.000000
v -1.164904 -4.077165 -2.912261 0.91030 0.91260 0.89190
vt 0.609935 0.220013
vn -1.000000 0.000000 -0.000000
v -1.164904 -4.659617 -2.912261 0.91030 0.91260 0.89190
vt 0.613470 0.232461
vn -1.000000 0.000000 -0.000000
f 3400/3400/3400 3401/3401/3401 3402/3402/3402
v -1.164904 -4.077165 4.659617 0.14030 0.15770 0.14606
vt 0.473698 0.220462
vn -1.000000 -0.000000 0.000000
v -1.164904 -4.659617 -2.912261 0.14030 0.15770 0.14606
vt 0.613470 0.232461
vn -1.000000 -0.000000 0.000000
v -1.164904 -4.659617 5.824521 0.14030 0.15770 0.14606
vt 0.459427 0.233144
vn -1.000000 -0.000000 0.000000
f 3403/3403/3403 3404/3404/3404 3405/3405/3405
v -1.164904 -4.659617 -2.912261 0.91030 0.90656 0.88888
vt 0.613470 0.232461
vn -1.000000 0.000000 0.000000
v -1.164904 -4.077165 -2.912261 0.91030 0.90656 0.88888
vt 0.609935 0.220013
vn -1.000000 0.000000 0.000000
v -1.164904 -4.077165 -5.824521 0.91030 0.90656 0.88888
vt 0.658962 0.218953
vn -1.000000 0.000000 0.000000
f 3406/3406/3406 3407/3407/3407 3408/3408/3408
v -1.164904 -4.659617 -2.912261 0.88614 0.86127 0.84963
vt 0.613470 0.232461
vn -1.000000 0.000000 0.000000
v -1.164904 -4.077165 -5.824521 0.88614 0.86127 0.84963
vt 0.658962 0.218953
vn -1.000000 0.000000 0.000000
v -1.164904 -4.659617 -5.824521 0.88614 0.86127 0.84963
vt 0.661380 0.231469
vn -1.000000 0.000000 0.000000
f 3409/3409/3409 3410/3410/3410 3411/3411/3411
v -1.164904 -4.077165 -5.824521 0.90124 0.91260 0.89190
vt 0.658962 0.218953
vn -1.000000 0.000000 -0.000000
v -1.164904 -4.077165 -8.154330 0.90124 0.91260 0.89190
vt 0.704658 0.217312
vn -1.000000 0.000000 -0.000000
v -1.164904 -4.659617 -8.154330 0.90124 0.91260 0.89190
vt 0.701506 0.230094
vn -1.000000 0.000000 -0.000000
f 3412/3412/3412 3413/3413/3413 3414/3414/3414
v -1.164904 -4.077165 -5.824521 0.91030 0.91260 0.89190
vt 0.658962 0.218953
vn -1.000000 -0.000000 0.000000
v -1.164904 -4.659617 -8.154330 0.91030 0.91260 0.89190
vt 0.701506 0.230094
vn -1.000000 -0.000000 0.000000
v -1.164904 -4.659617 -5.824521 0.91030 0.91260 0.89190
vt 0.661380 0.231469
vn -1.000000 -0.000000 0.000000
f 3415/3415/3415 3416/3416/3416 3417/3417/3417
v -1.164904 -4.077165 8.736782 0.91030 0.91260 0.89190
vt 0.407582 0.219101
vn -1.000000 0.000000 -0.000000
v -1.164904 -4.077165 4.659617 0.91030 0.91260 0.89190
vt 0.473698 0.220462
vn -1.000000 0.000000 -0.000000
v -1.164904 -4.659617 5.824521 0.91030 0.91260 0.89190
vt 0.459427 0.233144
vn -1.000000 0.000000 -0.000000
f 3418/3418/3418 3419/3419/3419 3420/3420/3420
v -1.164904 -4.077165 8.736782 0.91030 0.91260 0.89190
vt 0.407582 0.219101
vn -1.000000 -0.000000 0.000000
v -1.164904 -4.659617 5.824521 0.91030 0.91260 0.89190
vt 0.459427 0.233144
vn -1.000000 -0.000000 0.000000
v -1.164904 -4.659617 9.319234 0.91030 0.91260 0.89190
vt 0.397334 0.232039
vn -1.000000 -0.000000 0.000000
f 3421/3421/3421 3422/3422/3422 3423/3423/3423
v -1.164904 -4.077165 10.484138 0.91030 0.91260 0.89190
vt 0.374555 0.217134
vn -1.000000 0.000000 -0.000000
v -1.164904 -4.077165 8.736782 0.91030 0.91260 0.89190
vt 0.407582 0.219101
vn -1.000000 0.000000 -0.000000
v -1.164904 -4.659617 9.319234 0.91030 0.91260 0.89190
vt 0.397334 0.232039
vn -1.000000 0.000000 -0.000000
f 3424/3424/3424 3425/3425/3425 3426/3426/3426
v -1.164904 -3.494713 -15.143755 0.14634 0.31774 0.31515
vt 0.882344 0.154790
vn 0.000000 0.000000 -1.000000
v -1.747356 -2.329809 -15.143755 0.14634 0.31774 0.31515
vt 0.869676 0.098215
vn 0.000000 0.000000 -1.000000
v -1.164904 -2.329809 -15.143755 0.14634 0.31774 0.31515
vt 0.891013 0.097989
vn 0.000000 0.000000 -1.000000
f 3427/3427/3427 3428/3428/3428 3429/3429/3429
v -1.747356 -1.747356 -15.143755 0.29430 0.25433 0.27590
vt 0.861643 0.071035
vn 0.000000 0.000000 -1.000000
v -1.747356 -1.164904 -15.143755 0.29430 0.25433 0.27590
vt 0.853376 0.039686
vn 0.000000 0.000000 -1.000000
v -1.164904 -1.164904 -15.143755 0.29430 0.25433 0.27590
vt 0.880450 0.038873
vn 0.000000 0.000000 -1.000000
f 3430/3430/3430 3431/3431/3431 3432/3432/3432
v -1.747356 -1.747356 -15.143755 0.91030 0.91260 0.88284
vt 0.861643 0.071035
vn 0.000000 0.000000 -1.000000
v -1.164904 -1.164904 -15.143755 0.91030 0.91260 0.88284
vt 0.880450 0.038873
vn 0.000000 0.000000 -1.000000
v -1.164904 -1.747356 -15.143755 0.91030 0.91260 0.88284
vt 0.885164 0.070312
vn 0.000000 0.000000 -1.000000
f 3433/3433/3433 3434/3434/3434 3435/3435/3435
v -1.164904 -4.077165 11.649043 0.59022 0.59252 0.57182
vt 0.202465 0.212320
vn -0.707107 -0.707107 0.000000
v -0.582452 -4.659617 11.649043 0.59022 0.59252 0.57182
vt 0.183446 0.224551
vn -0.707107 -0.707107 0.000000
v -0.582452 -4.659617 12.231495 0.59022 0.59252 0.57182
vt 0.181698 0.219883
vn -0.707107 -0.707107 0.000000
f 3436/3436/3436 3437/3437/3437 3438/3438/3438
v -1.747356 -0.582452 -6.406973 0.76838 0.19997 0.17927
vt 0.731553 0.770836
vn 0.000000 0.000000 1.000000
v -1.747356 -1.164904 -6.406973 0.76838 0.19997 0.17927
vt 0.732109 0.713057
vn 0.000000 0.000000 1.000000
v -1.164904 -1.164904 -6.406973 0.76838 0.19997 0.17927
vt 0.751902 0.713241
vn 0.000000 0.000000 1.000000
f 3439/3439/3439 3440/3440/3440 3441/3441/3441
v -1.747356 -0.582452 -6.406973 0.75630 0.14562 0.12492
vt 0.731553 0.770836
vn -0.000000 0.000000 1.000000
v -1.164904 -1.164904 -6.406973 0.75630 0.14562 0.12492
vt 0.751902 0.713241
vn -0.000000 0.000000 1.000000
v -1.164904 -0.582452 -6.406973 0.75630 0.14562 0.12492
vt 0.751366 0.771018
vn -0.000000 0.000000 1.000000
f 3442/3442/3442 3443/3443/3443 3444/3444/3444
v -0.582452 -0.582452 -12.813947 0.74422 0.16978 0.15210
vt 0.541024 0.768649
vn 0.000000 -0.000000 -1.000000
v -0.582452 -1.164904 -12.813947 0.74422 0.16978 0.15210
vt 0.541805 0.710873
vn 0.000000 -0.000000 -1.000000
v -1.164904 -1.164904 -12.813947 0.74422 0.16978 0.15210
vt 0.562810 0.711152
vn 0.000000 -0.000000 -1.000000
f 3445/3445/3445 3446/3446/3446 3447/3447/3447
v -0.582452 -0.582452 -12.813947 0.76234 0.15166 0.14002
vt 0.541024 0.768649
vn -0.000000 0.000000 -1.000000
v -1.164904 -1.164904 -12.813947 0.76234 0.15166 0.14002
vt 0.562810 0.711152
vn -0.000000 0.000000 -1.000000
v -1.164904 -0.582452 -12.813947 0.76234 0.15166 0.14002
vt 0.562080 0.768926
vn -0.000000 0.000000 -1.000000
f 3448/3448/3448 3449/3449/3449 3450/3450/3450
v -1.164904 -4.659617 -10.484138 0.91030 0.91260 0.89190
vt 0.748399 0.229382
vn -1.000000 0.000000 0.000000
v -1.164904 -4.077165 -10.484138 0.91030 0.91260 0.89190
vt 0.747111 0.216631
vn -1.000000 0.000000 0.000000
v -1.164904 -4.077165 -11.649043 0.91030 0.91260 0.89190
vt 0.762727 0.216481
vn -1.000000 0.000000 0.000000
f 3451/3451/3451 3452/3452/3452 3453/3453/3453
v -1.164904 -4.659617 -10.484138 0.91030 0.91260 0.89190
vt 0.748399 0.229382
vn -1.000000 0.000000 0.000000
v -1.164904 -4.077165 -11.649043 0.91030 0.91260 0.89190
vt 0.762727 0.216481
vn -1.000000 0.000000 0.000000
v -1.164904 -4.659617 -11.649043 0.91030 0.91260 0.89190
vt 0.766068 0.229212
vn -1.000000 0.000000 0.000000
f 3454/3454/3454 3455/3455/3455 3456/3456/3456
v -1.164904 -4.077165 -9.901686 0.91030 0.91260 0.88586
vt 0.732463 0.216776
vn -1.000000 0.000000 -0.000000
v -1.164904 -4.077165 -10.484138 0.91030 0.91260 0.88586
vt 0.742416 0.216681
vn -1.000000 0.000000 -0.000000
v -1.164904 -4.659617 -10.484138 0.91030 0.91260 0.88586
vt 0.742629 0.229443
vn -1.000000 0.000000 -0.000000
f 3457/3457/3457 3458/3458/3458 3459/3459/3459
v -1.164904 -4.077165 -9.901686 0.91030 0.91260 0.89190
vt 0.732463 0.216776
vn -1.000000 -0.000000 0.000000
v -1.164904 -4.659617 -10.484138 0.91030 0.91260 0.89190
vt 0.742629 0.229443
vn -1.000000 -0.000000 0.000000
v -1.164904 -4.659617 -9.901686 0.91030 0.91260 0.89190
vt 0.731015 0.229570
vn -1.000000 -0.000000 0.000000
f 3460/3460/3460 3461/3461/3461 3462/3462/3462
v -1.747356 2.329809 -8.736782 0.91030 0.91260 0.88888
vt 0.313900 0.775055
vn 0.000000 0.970143 -0.242536
v -1.747356 2.912261 -6.406973 0.91030 0.91260 0.88888
vt 0.314503 0.834715
vn 0.000000 0.970143 -0.242536
v -1.164904 2.912261 -6.406973 0.91030 0.91260 0.88888
vt 0.293809 0.834366
vn 0.000000 0.970143 -0.242536
f 3463/3463/3463 3464/3464/3464 3465/3465/3465
v -1.747356 2.329809 -8.736782 0.91030 0.91260 0.89190
vt 0.313900 0.775055
vn 0.000000 0.970143 -0.242536
v -1.164904 2.912261 -6.406973 0.91030 0.91260 0.89190
vt 0.293809 0.834366
vn 0.000000 0.970143 -0.242536
v -1.164904 2.329809 -8.736782 0.91030 0.91260 0.89190
vt 0.293699 0.775054
vn 0.000000 0.970143 -0.242536
f 3466/3466/3466 3467/3467/3467 3468/3468/3468
v -1.164904 -4.077165 -8.736782 0.91030 0.91260 0.89190
vt 0.715423 0.216941
vn -1.000000 0.000000 -0.000000
v -1.164904 -4.077165 -9.901686 0.91030 0.91260 0.89190
vt 0.732463 0.216776
vn -1.000000 0.000000 -0.000000
v -1.164904 -4.659617 -9.901686 0.91030 0.91260 0.89190
vt 0.731015 0.229570
vn -1.000000 0.000000 -0.000000
f 3469/3469/3469 3470/3470/3470 3471/3471/3471
v -1.164904 -4.077165 -8.736782 0.91030 0.91260 0.89190
vt 0.715423 0.216941
vn -1.000000 -0.000000 0.000000
v -1.164904 -4.659617 -9.901686 0.91030 0.91260 0.89190
vt 0.731015 0.229570
vn -1.000000 -0.000000 0.000000
v -1.164904 -4.659617 -8.736782 0.91030 0.91260 0.89190
vt 0.711553 0.229787
vn -1.000000 -0.000000 0.000000
f 3472/3472/3472 3473/3473/3473 3474/3474/3474
v -0.582452 0.582452 -6.406973 0.18257 0.28150 0.33931
vt 0.766390 0.860222
vn 0.000000 -0.000000 1.000000
v -0.582452 1.164904 -6.406973 0.18257 0.28150 0.33931
vt 0.766037 0.901193
vn 0.000000 -0.000000 1.000000
v -1.164904 1.164904 -6.406973 0.18257 0.28150 0.33931
vt 0.755416 0.901100
vn 0.000000 -0.000000 1.000000
f 3475/3475/3475 3476/3476/3476 3477/3477/3477
v -0.582452 0.582452 -6.406973 0.17955 0.27848 0.34233
vt 0.766390 0.860222
vn 0.000000 0.000000 1.000000
v -1.164904 1.164904 -6.406973 0.17955 0.27848 0.34233
vt 0.755416 0.901100
vn 0.000000 0.000000 1.000000
v -1.164904 0.582452 -6.406973 0.17955 0.27848 0.34233
vt 0.755769 0.860129
vn 0.000000 0.000000 1.000000
f 3478/3478/3478 3479/3479/3479 3480/3480/3480
v -1.747356 0.582452 -9.901686 0.17955 0.27546 0.34837
vt 0.462160 0.942454
vn 0.000000 0.000000 -1.000000
v -1.747356 1.164904 -9.901686 0.17955 0.27546 0.34837
vt 0.462026 0.897412
vn 0.000000 0.000000 -1.000000
v -1.164904 1.164904 -9.901686 0.17955 0.27546 0.34837
vt 0.479384 0.897360
vn 0.000000 0.000000 -1.000000
f 3481/3481/3481 3482/3482/3482 3483/3483/3483
v -1.747356 0.582452 -9.901686 0.30336 0.28754 0.33629
vt 0.462160 0.942454
vn 0.000000 0.000000 -1.000000
v -1.164904 1.164904 -9.901686 0.30336 0.28754 0.33629
vt 0.479384 0.897360
vn 0.000000 0.000000 -1.000000
v -1.164904 0.582452 -9.901686 0.30336 0.28754 0.33629
vt 0.479518 0.942401
vn 0.000000 0.000000 -1.000000
f 3484/3484/3484 3485/3485/3485 3486/3486/3486
v -0.582452 -0.000000 -6.406973 0.75630 0.15770 0.14908
vt 0.767145 0.776354
vn 0.000000 -0.000000 1.000000
v -0.582452 0.582452 -6.406973 0.75630 0.15770 0.14908
vt 0.766696 0.825513
vn 0.000000 -0.000000 1.000000
v -1.164904 0.582452 -6.406973 0.75630 0.15770 0.14908
vt 0.756075 0.825418
vn 0.000000 -0.000000 1.000000
f 3487/3487/3487 3488/3488/3488 3489/3489/3489
v -0.582452 -0.000000 -6.406973 0.73214 0.19091 0.17323
vt 0.767145 0.776354
vn 0.000000 0.000000 1.000000
v -1.164904 0.582452 -6.406973 0.73214 0.19091 0.17323
vt 0.756075 0.825418
vn 0.000000 0.000000 1.000000
v -1.164904 -0.000000 -6.406973 0.73214 0.19091 0.17323
vt 0.756525 0.776258
vn 0.000000 0.000000 1.000000
f 3490/3490/3490 3491/3491/3491 3492/3492/3492
v -1.747356 -0.582452 -12.813947 0.33657 0.20299 0.26080
vt 0.581928 0.769178
vn 0.000000 0.000000 -1.000000
v -1.747356 0.582452 -12.813947 0.33657 0.20299 0.26080
vt 0.581216 0.828724
vn 0.000000 0.000000 -1.000000
v -1.164904 0.582452 -12.813947 0.33657 0.20299 0.26080
vt 0.561351 0.828465
vn 0.000000 0.000000 -1.000000
f 3493/3493/3493 3494/3494/3494 3495/3495/3495
v -1.747356 -0.582452 -12.813947 0.73516 0.21205 0.17625
vt 0.581928 0.769178
vn 0.000000 0.000000 -1.000000
v -1.164904 0.582452 -12.813947 0.73516 0.21205 0.17625
vt 0.561351 0.828465
vn 0.000000 0.000000 -1.000000
v -1.164904 -0.582452 -12.813947 0.73516 0.21205 0.17625
vt 0.562080 0.768926
vn 0.000000 0.000000 -1.000000
f 3496/3496/3496 3497/3497/3497 3498/3498/3498
v -1.747356 0.582452 -12.231495 0.18861 0.25735 0.30308
vt 0.462289 0.986628
vn 0.000000 1.000000 0.000000
v -1.747356 0.582452 -9.901686 0.18861 0.25735 0.30308
vt 0.462220 0.963784
vn 0.000000 1.000000 0.000000
v -1.164904 0.582452 -9.901686 0.18861 0.25735 0.30308
vt 0.479579 0.963731
vn 0.000000 1.000000 0.000000
f 3499/3499/3499 3500/3500/3500 3501/3501/3501
v -1.747356 0.582452 -12.231495 0.20673 0.28150 0.31817
vt 0.462289 0.986628
vn 0.000000 1.000000 0.000000
v -1.164904 0.582452 -9.901686 0.20673 0.28150 0.31817
vt 0.479579 0.963731
vn 0.000000 1.000000 0.000000
v -1.164904 0.582452 -12.231495 0.20673 0.28150 0.31817
vt 0.479649 0.986575
vn 0.000000 1.000000 0.000000
f 3502/3502/3502 3503/3503/3503 3504/3504/3504
v -1.164904 -4.659617 -11.649043 0.14030 0.20903 0.21249
vt 0.766068 0.229212
vn -1.000000 0.000000 0.000000
v -1.164904 -4.077165 -11.649043 0.14030 0.20903 0.21249
vt 0.762727 0.216481
vn -1.000000 0.000000 0.000000
v -1.164904 -4.077165 -12.231495 0.14030 0.20903 0.21249
vt 0.772202 0.217068
vn -1.000000 0.000000 0.000000
f 3505/3505/3505 3506/3506/3506 3507/3507/3507
v -1.164904 -4.659617 -11.649043 0.91030 0.91260 0.89190
vt 0.766068 0.229212
vn -1.000000 0.000000 0.000000
v -1.164904 -4.077165 -12.231495 0.91030 0.91260 0.89190
vt 0.772202 0.217068
vn -1.000000 0.000000 0.000000
v -1.164904 -4.659617 -12.231495 0.91030 0.91260 0.89190
vt 0.775706 0.229616
vn -1.000000 0.000000 0.000000
f 3508/3508/3508 3509/3509/3509 3510/3510/3510
v -0.582452 -0.582452 13.396399 0.59626 0.60158 0.57182
vt 0.080444 0.528416
vn 0.000000 1.000000 0.000000
v -0.582452 -0.582452 12.813947 0.59626 0.60158 0.57182
vt 0.080319 0.518326
vn 0.000000 1.000000 0.000000
v -1.164904 -0.582452 12.813947 0.59626 0.60158 0.57182
vt 0.094595 0.518361
vn 0.000000 1.000000 0.000000
f 3511/3511/3511 3512/3512/3512 3513/3513/3513
v -0.582452 -0.582452 13.396399 0.59626 0.59856 0.57786
vt 0.080444 0.528416
vn 0.000000 1.000000 0.000000
v -1.164904 -0.582452 12.813947 0.59626 0.59856 0.57786
vt 0.094595 0.518361
vn 0.000000 1.000000 0.000000
v -1.164904 -0.582452 13.396399 0.59626 0.59856 0.57786
vt 0.094741 0.528414
vn 0.000000 1.000000 0.000000
f 3514/3514/3514 3515/3515/3515 3516/3516/3516
v -0.582452 -1.164904 13.978851 0.16446 0.26942 0.33025
vt 0.972743 0.587839
vn 0.000000 1.000000 0.000000
v -0.582452 -1.164904 13.396399 0.16446 0.26942 0.33025
vt 0.963928 0.587740
vn 0.000000 1.000000 0.000000
v -1.164904 -1.164904 13.396399 0.16446 0.26942 0.33025
vt 0.964191 0.576666
vn 0.000000 1.000000 0.000000
f 3517/3517/3517 3518/3518/3518 3519/3519/3519
v -0.582452 -1.164904 13.978851 0.16446 0.26942 0.33025
vt 0.972743 0.587839
vn 0.000000 1.000000 0.000000
v -1.164904 -1.164904 13.396399 0.16446 0.26942 0.33025
vt 0.964191 0.576666
vn 0.000000 1.000000 0.000000
v -1.164904 -1.164904 13.978851 0.16446 0.26942 0.33025
vt 0.972932 0.576781
vn 0.000000 1.000000 0.000000
f 3520/3520/3520 3521/3521/3521 3522/3522/3522
v -1.164904 -1.164904 15.143755 0.18861 0.29358 0.35441
vt 0.982123 0.576904
vn -0.000000 1.000000 0.000000
v -0.582452 -1.164904 15.143755 0.18861 0.29358 0.35441
vt 0.983094 0.587966
vn -0.000000 1.000000 0.000000
v -0.582452 -1.164904 13.978851 0.18861 0.29358 0.35441
vt 0.972743 0.587839
vn -0.000000 1.000000 0.000000
f 3523/3523/3523 3524/3524/3524 3525/3525/3525
v -1.164904 -1.164904 15.143755 0.16144 0.26640 0.32723
vt 0.982123 0.576904
vn 0.000000 1.000000 0.000000
v -0.582452 -1.164904 13.978851 0.16144 0.26640 0.32723
vt 0.972743 0.587839
vn 0.000000 1.000000 0.000000
v -1.164904 -1.164904 13.978851 0.16144 0.26640 0.32723
vt 0.972932 0.576781
vn 0.000000 1.000000 0.000000
f 3526/3526/3526 3527/3527/3527 3528/3528/3528
v -1.164904 -0.582452 15.143755 0.53285 0.29962 0.28194
vt 0.017707 0.492721
vn 0.000000 0.000000 -1.000000
v -0.582452 -0.582452 15.143755 0.53285 0.29962 0.28194
vt 0.016560 0.483136
vn 0.000000 0.000000 -1.000000
v -0.582452 -1.164904 15.143755 0.53285 0.29962 0.28194
vt 0.031267 0.482417
vn 0.000000 0.000000 -1.000000
f 3529/3529/3529 3530/3530/3530 3531/3531/3531
v -1.164904 -0.582452 15.143755 0.53285 0.28452 0.27892
vt 0.017707 0.492721
vn 0.000000 0.000000 -1.000000
v -0.582452 -1.164904 15.143755 0.53285 0.28452 0.27892
vt 0.031267 0.482417
vn 0.000000 0.000000 -1.000000
v -1.164904 -1.164904 15.143755 0.53285 0.28452 0.27892
vt 0.032382 0.491719
vn 0.000000 0.000000 -1.000000
f 3532/3532/3532 3533/3533/3533 3534/3534/3534
v -0.582452 1.747356 -8.736782 0.91030 0.89750 0.87076
vt 0.064169 0.952587
vn 0.000000 -0.000000 -1.000000
v -0.582452 1.164904 -8.736782 0.91030 0.89750 0.87076
vt 0.064809 0.976487
vn 0.000000 -0.000000 -1.000000
v -1.164904 1.164904 -8.736782 0.91030 0.89750 0.87076
vt 0.043462 0.977067
vn 0.000000 -0.000000 -1.000000
f 3535/3535/3535 3536/3536/3536 3537/3537/3537
v -0.582452 1.747356 -8.736782 0.91030 0.90958 0.89190
vt 0.064169 0.952587
vn -0.000000 0.000000 -1.000000
v -1.164904 1.164904 -8.736782 0.91030 0.90958 0.89190
vt 0.043462 0.977067
vn -0.000000 0.000000 -1.000000
v -1.164904 1.747356 -8.736782 0.91030 0.90958 0.89190
vt 0.042814 0.953166
vn -0.000000 0.000000 -1.000000
f 3538/3538/3538 3539/3539/3539 3540/3540/3540
v -0.582452 1.747356 -6.406973 0.18559 0.28452 0.34233
vt 0.271679 0.935895
vn 0.000000 -0.000000 1.000000
v -0.582452 2.329809 -6.406973 0.18559 0.28452 0.34233
vt 0.271619 0.888780
vn 0.000000 -0.000000 1.000000
v -1.164904 2.329809 -6.406973 0.18559 0.28452 0.34233
vt 0.292809 0.888760
vn 0.000000 -0.000000 1.000000
f 3541/3541/3541 3542/3542/3542 3543/3543/3543
v -0.582452 1.747356 -6.406973 0.16446 0.26942 0.32421
vt 0.271679 0.935895
vn 0.000000 0.000000 1.000000
v -1.164904 2.329809 -6.406973 0.16446 0.26942 0.32421
vt 0.292809 0.888760
vn 0.000000 0.000000 1.000000
v -1.164904 1.747356 -6.406973 0.16446 0.26942 0.32421
vt 0.293083 0.935846
vn 0.000000 0.000000 1.000000
f 3544/3544/3544 3545/3545/3545 3546/3546/3546
v -1.747356 1.747356 -8.736782 0.91030 0.91260 0.89190
vt 0.022702 0.953720
vn 0.000000 0.000000 -1.000000
v -1.747356 2.329809 -8.736782 0.91030 0.91260 0.89190
vt 0.021376 0.905853
vn 0.000000 0.000000 -1.000000
v -1.164904 2.329809 -8.736782 0.91030 0.91260 0.89190
vt 0.041488 0.905299
vn 0.000000 0.000000 -1.000000
f 3547/3547/3547 3548/3548/3548 3549/3549/3549
v -1.747356 1.747356 -8.736782 0.91030 0.91260 0.89190
vt 0.022702 0.953720
vn 0.000000 0.000000 -1.000000
v -1.164904 2.329809 -8.736782 0.91030 0.91260 0.89190
vt 0.041488 0.905299
vn 0.000000 0.000000 -1.000000
v -1.164904 1.747356 -8.736782 0.91030 0.91260 0.89190
vt 0.042814 0.953166
vn 0.000000 0.000000 -1.000000
f 3550/3550/3550 3551/3551/3551 3552/3552/3552
v -0.582452 -0.582452 -15.143755 0.52077 0.29660 0.27590
vt 0.906786 0.022294
vn 0.000000 -0.000000 -1.000000
v -0.582452 -1.164904 -15.143755 0.52077 0.29660 0.27590
vt 0.909337 0.038017
vn 0.000000 -0.000000 -1.000000
v -1.164904 -1.164904 -15.143755 0.52077 0.29660 0.27590
vt 0.880450 0.038873
vn 0.000000 -0.000000 -1.000000
f 3553/3553/3553 3554/3554/3554 3555/3555/3555
v -0.582452 -0.582452 -15.143755 0.51775 0.29358 0.27288
vt 0.906786 0.022294
vn -0.000000 0.000000 -1.000000
v -1.164904 -1.164904 -15.143755 0.51775 0.29358 0.27288
vt 0.880450 0.038873
vn -0.000000 0.000000 -1.000000
v -1.164904 -0.582452 -15.143755 0.51775 0.29358 0.27288
vt 0.877881 0.023151
vn -0.000000 0.000000 -1.000000
f 3556/3556/3556 3557/3557/3557 3558/3558/3558
v -1.747356 -0.582452 -15.143755 0.34865 0.26338 0.27288
vt 0.823782 0.953347
vn 0.000000 0.000000 1.000000
v -1.747356 -1.164904 -15.143755 0.34865 0.26338 0.27288
vt 0.823211 0.975467
vn 0.000000 0.000000 1.000000
v -1.164904 -1.164904 -15.143755 0.34865 0.26338 0.27288
vt 0.806503 0.975045
vn 0.000000 0.000000 1.000000
f 3559/3559/3559 3560/3560/3560 3561/3561/3561
v -1.747356 -0.582452 -15.143755 0.23089 0.28150 0.31214
vt 0.823782 0.953347
vn -0.000000 0.000000 1.000000
v -1.164904 -1.164904 -15.143755 0.23089 0.28150 0.31214
vt 0.806503 0.975045
vn -0.000000 0.000000 1.000000
v -1.164904 -0.582452 -15.143755 0.23089 0.28150 0.31214
vt 0.807047 0.952943
vn -0.000000 0.000000 1.000000
f 3562/3562/3562 3563/3563/3563 3564/3564/3564
v -0.582452 1.164904 -6.406973 0.19767 0.27546 0.33931
vt 0.771195 0.906435
vn 0.000000 -0.000000 1.000000
v -0.582452 1.747356 -6.406973 0.19767 0.27546 0.33931
vt 0.770983 0.929947
vn 0.000000 -0.000000 1.000000
v -1.164904 1.747356 -6.406973 0.19767 0.27546 0.33931
vt 0.749944 0.929817
vn 0.000000 -0.000000 1.000000
f 3565/3565/3565 3566/3566/3566 3567/3567/3567
v -0.582452 1.164904 -6.406973 0.16144 0.25735 0.33629
vt 0.771195 0.906435
vn 0.000000 0.000000 1.000000
v -1.164904 1.747356 -6.406973 0.16144 0.25735 0.33629
vt 0.749944 0.929817
vn 0.000000 0.000000 1.000000
v -1.164904 1.164904 -6.406973 0.16144 0.25735 0.33629
vt 0.750160 0.906245
vn 0.000000 0.000000 1.000000
f 3568/3568/3568 3569/3569/3569 3570/3570/3570
v -1.747356 1.164904 -9.901686 0.15540 0.26036 0.33629
vt 0.462021 0.895749
vn 0.000000 1.000000 0.000000
v -1.747356 1.164904 -8.736782 0.15540 0.26036 0.33629
vt 0.461989 0.884878
vn 0.000000 1.000000 0.000000
v -1.164904 1.164904 -8.736782 0.15540 0.26036 0.33629
vt 0.479349 0.884827
vn 0.000000 1.000000 0.000000
f 3571/3571/3571 3572/3572/3572 3573/3573/3573
v -1.747356 1.164904 -9.901686 0.14936 0.27244 0.32723
vt 0.462021 0.895749
vn 0.000000 1.000000 0.000000
v -1.164904 1.164904 -8.736782 0.14936 0.27244 0.32723
vt 0.479349 0.884827
vn 0.000000 1.000000 0.000000
v -1.164904 1.164904 -9.901686 0.14936 0.27244 0.32723
vt 0.479381 0.895697
vn 0.000000 1.000000 0.000000
f 3574/3574/3574 3575/3575/3575 3576/3576/3576
v -1.747356 1.747356 -9.901686 0.73818 0.16374 0.14002
vt 0.152493 0.830554
vn 0.000000 0.000000 1.000000
v -1.747356 1.164904 -9.901686 0.73818 0.16374 0.14002
vt 0.151257 0.852732
vn 0.000000 0.000000 1.000000
v -1.164904 1.164904 -9.901686 0.73818 0.16374 0.14002
vt 0.132679 0.851696
vn 0.000000 0.000000 1.000000
f 3577/3577/3577 3578/3578/3578 3579/3579/3579
v -1.747356 1.747356 -9.901686 0.75630 0.16072 0.14304
vt 0.152493 0.830554
vn -0.000000 0.000000 1.000000
v -1.164904 1.164904 -9.901686 0.75630 0.16072 0.14304
vt 0.132679 0.851696
vn -0.000000 0.000000 1.000000
v -1.164904 1.747356 -9.901686 0.75630 0.16072 0.14304
vt 0.133915 0.829520
vn -0.000000 0.000000 1.000000
f 3580/3580/3580 3581/3581/3581 3582/3582/3582
v -0.582452 1.747356 -9.901686 0.91030 0.91260 0.89190
vt 0.114298 0.826641
vn 0.000000 -0.000000 -1.000000
v -0.582452 1.164904 -9.901686 0.91030 0.91260 0.89190
vt 0.115536 0.804467
vn 0.000000 -0.000000 -1.000000
v -1.164904 1.164904 -9.901686 0.91030 0.91260 0.89190
vt 0.135250 0.805568
vn 0.000000 -0.000000 -1.000000
f 3583/3583/3583 3584/3584/3584 3585/3585/3585
v -0.582452 1.747356 -9.901686 0.91030 0.88240 0.86170
vt 0.114298 0.826641
vn -0.000000 0.000000 -1.000000
v -1.164904 1.164904 -9.901686 0.91030 0.88240 0.86170
vt 0.135250 0.805568
vn -0.000000 0.000000 -1.000000
v -1.164904 1.747356 -9.901686 0.91030 0.88240 0.86170
vt 0.134013 0.827741
vn -0.000000 0.000000 -1.000000
f 3586/3586/3586 3587/3587/3587 3588/3588/3588
v -0.582452 -1.164904 13.396399 0.59022 0.59252 0.57182
vt 0.080556 0.554904
vn 0.000000 -0.000000 1.000000
v -0.582452 -0.582452 13.396399 0.59022 0.59252 0.57182
vt 0.080444 0.528416
vn 0.000000 -0.000000 1.000000
v -1.164904 -0.582452 13.396399 0.59022 0.59252 0.57182
vt 0.094741 0.528414
vn 0.000000 -0.000000 1.000000
f 3589/3589/3589 3590/3590/3590 3591/3591/3591
v -0.582452 -1.164904 13.396399 0.59626 0.59856 0.57786
vt 0.080556 0.554904
vn 0.000000 0.000000 1.000000
v -1.164904 -0.582452 13.396399 0.59626 0.59856 0.57786
vt 0.094741 0.528414
vn 0.000000 0.000000 1.000000
v -1.164904 -1.164904 13.396399 0.59626 0.59856 0.57786
vt 0.094844 0.554900
vn 0.000000 0.000000 1.000000
f 3592/3592/3592 3593/3593/3593 3594/3594/3594
v 1.164904 -4.077165 -14.561303 0.51775 0.29358 0.27288
vt 0.922954 0.326676
vn 0.408248 -0.408248 -0.816497
v 0.582452 -4.659617 -14.561303 0.51775 0.29358 0.27288
vt 0.942199 0.318567
vn 0.408248 -0.408248 -0.816497
v 0.582452 -3.494713 -15.143755 0.51775 0.29358 0.27288
vt 0.936718 0.364698
vn 0.408248 -0.408248 -0.816497
f 3595/3595/3595 3596/3596/3596 3597/3597/3597
v 1.164904 -4.077165 -14.561303 0.51775 0.29358 0.27288
vt 0.922954 0.326676
vn 0.000000 -0.707107 -0.707107
v 0.582452 -3.494713 -15.143755 0.51775 0.29358 0.27288
vt 0.936718 0.364698
vn 0.000000 -0.707107 -0.707107
v 1.164904 -3.494713 -15.143755 0.51775 0.29358 0.27288
vt 0.914951 0.369189
vn 0.000000 -0.707107 -0.707107
f 3598/3598/3598 3599/3599/3599 3600/3600/3600
v 0.582452 -4.077165 12.813947 0.91030 0.91260 0.89190
vt 0.164038 0.346404
vn 0.000000 -1.000000 0.000000
v 0.582452 -4.077165 12.231495 0.91030 0.91260 0.89190
vt 0.164350 0.330789
vn 0.000000 -1.000000 0.000000
v 1.164904 -4.077165 12.231495 0.91030 0.91260 0.89190
vt 0.184261 0.341202
vn 0.000000 -1.000000 0.000000
f 3601/3601/3601 3602/3602/3602 3603/3603/3603
v 0.582452 -4.077165 12.813947 0.91030 0.91260 0.89190
vt 0.164038 0.346404
vn 0.000000 -1.000000 0.000000
v 1.164904 -4.077165 12.231495 0.91030 0.91260 0.89190
vt 0.184261 0.341202
vn 0.000000 -1.000000 0.000000
v 1.164904 -4.077165 12.813947 0.91030 0.91260 0.89190
vt 0.183102 0.355659
vn 0.000000 -1.000000 0.000000
f 3604/3604/3604 3605/3605/3605 3606/3606/3606
v 0.582452 -2.329809 -6.406973 0.15540 0.26036 0.33629
vt 0.682244 0.620363
vn 0.000000 1.000000 0.000000
v 0.582452 -2.329809 -5.824521 0.15540 0.26036 0.33629
vt 0.685590 0.620497
vn 0.000000 1.000000 0.000000
v 1.164904 -2.329809 -5.824521 0.15540 0.26036 0.33629
vt 0.685037 0.638311
vn 0.000000 1.000000 0.000000
f 3607/3607/3607 3608/3608/3608 3609/3609/3609
v 0.582452 -2.329809 -6.406973 0.15238 0.26338 0.33629
vt 0.682244 0.620363
vn 0.000000 1.000000 0.000000
v 1.164904 -2.329809 -5.824521 0.15238 0.26338 0.33629
vt 0.685037 0.638311
vn 0.000000 1.000000 0.000000
v 1.164904 -2.329809 -6.406973 0.15238 0.26338 0.33629
vt 0.681645 0.638883
vn 0.000000 1.000000 0.000000
f 3610/3610/3610 3611/3611/3611 3612/3612/3612
v 0.582452 -4.659617 11.649043 0.51775 0.29358 0.27288
vt 0.347121 0.300646
vn 0.707107 -0.707107 0.000000
v 0.582452 -4.659617 11.066590 0.51775 0.29358 0.27288
vt 0.359098 0.298807
vn 0.707107 -0.707107 0.000000
v 1.164904 -4.077165 10.484138 0.51775 0.29358 0.27288
vt 0.363699 0.311910
vn 0.707107 -0.707107 0.000000
f 3613/3613/3613 3614/3614/3614 3615/3615/3615
v 0.582452 -4.659617 11.649043 0.51775 0.29358 0.27288
vt 0.347121 0.300646
vn 0.707107 -0.707107 0.000000
v 1.164904 -4.077165 10.484138 0.51775 0.29358 0.27288
vt 0.363699 0.311910
vn 0.707107 -0.707107 0.000000
v 1.164904 -4.077165 11.649043 0.51775 0.29358 0.27288
vt 0.348158 0.314369
vn 0.707107 -0.707107 0.000000
f 3616/3616/3616 3617/3617/3617 3618/3618/3618
v 0.582452 0.582452 -12.813947 0.59626 0.59856 0.57786
vt 0.113739 0.568126
vn 0.000000 1.000000 0.000000
v 0.582452 0.582452 -12.231495 0.59626 0.59856 0.57786
vt 0.113816 0.569087
vn 0.000000 1.000000 0.000000
v 1.164904 0.582452 -12.231495 0.59626 0.59856 0.57786
vt 0.099260 0.586056
vn 0.000000 1.000000 0.000000
f 3619/3619/3619 3620/3620/3620 3621/3621/3621
v 0.582452 0.582452 -12.813947 0.59626 0.59856 0.57786
vt 0.113739 0.568126
vn 0.000000 1.000000 0.000000
v 1.164904 0.582452 -12.231495 0.59626 0.59856 0.57786
vt 0.099260 0.586056
vn 0.000000 1.000000 0.000000
v 1.164904 0.582452 -12.813947 0.59626 0.59856 0.57786
vt 0.098174 0.585077
vn 0.000000 1.000000 0.000000
f 3622/3622/3622 3623/3623/3623 3624/3624/3624
v 1.164904 -4.659617 -8.154330 0.51775 0.29358 0.27288
vt 0.705482 0.307897
vn -0.000000 -1.000000 -0.000000
v 0.582452 -4.659617 -8.154330 0.51775 0.29358 0.27288
vt 0.705402 0.295405
vn -0.000000 -1.000000 -0.000000
v 1.164904 -4.659617 -8.736782 0.51775 0.29358 0.27288
vt 0.710911 0.307954
vn -0.000000 -1.000000 -0.000000
f 3625/3625/3625 3626/3626/3626 3627/3627/3627
v 0.582452 -4.659617 -12.231495 0.55399 0.43550 0.42688
vt 0.776785 0.295062
vn 0.000000 -1.000000 0.000000
v 0.582452 -4.659617 -13.978851 0.55399 0.43550 0.42688
vt 0.815278 0.293654
vn 0.000000 -1.000000 0.000000
v 1.164904 -4.659617 -13.978851 0.55399 0.43550 0.42688
vt 0.814877 0.305162
vn 0.000000 -1.000000 0.000000
f 3628/3628/3628 3629/3629/3629 3630/3630/3630
v 0.582452 -4.659617 -12.231495 0.52681 0.30264 0.29100
vt 0.776785 0.295062
vn 0.000000 -1.000000 0.000000
v 1.164904 -4.659617 -13.978851 0.52681 0.30264 0.29100
vt 0.814877 0.305162
vn 0.000000 -1.000000 0.000000
v 1.164904 -4.659617 -12.231495 0.52681 0.30264 0.29100
vt 0.774137 0.307531
vn 0.000000 -1.000000 0.000000
f 3631/3631/3631 3632/3632/3632 3633/3633/3633
v 1.164904 -2.329809 -15.143755 0.51775 0.29358 0.27288
vt 0.910934 0.429954
vn 0.000000 0.000000 -1.000000
v 0.582452 -2.329809 -15.143755 0.51775 0.29358 0.27288
vt 0.934235 0.429209
vn 0.000000 0.000000 -1.000000
v 0.582452 -1.747356 -15.143755 0.51775 0.29358 0.27288
vt 0.934881 0.452061
vn 0.000000 0.000000 -1.000000
f 3634/3634/3634 3635/3635/3635 3636/3636/3636
v 1.164904 -2.329809 -15.143755 0.51775 0.29358 0.27288
vt 0.910934 0.429954
vn 0.000000 0.000000 -1.000000
v 0.582452 -1.747356 -15.143755 0.51775 0.29358 0.27288
vt 0.934881 0.452061
vn 0.000000 0.000000 -1.000000
v 1.164904 -1.747356 -15.143755 0.51775 0.29358 0.27288
vt 0.909384 0.451920
vn 0.000000 0.000000 -1.000000
f 3637/3637/3637 3638/3638/3638 3639/3639/3639
v 0.582452 -2.329809 11.649043 0.20673 0.29056 0.36045
vt 0.859454 0.626327
vn 0.000000 0.000000 -1.000000
v 0.582452 -1.164904 11.649043 0.20673 0.29056 0.36045
vt 0.943453 0.629592
vn 0.000000 0.000000 -1.000000
v 1.164904 -1.164904 11.649043 0.20673 0.29056 0.36045
vt 0.942871 0.640699
vn 0.000000 0.000000 -1.000000
f 3640/3640/3640 3641/3641/3641 3642/3642/3642
v 0.582452 -2.329809 11.649043 0.19163 0.27546 0.34535
vt 0.859454 0.626327
vn 0.000000 0.000000 -1.000000
v 1.164904 -1.164904 11.649043 0.19163 0.27546 0.34535
vt 0.942871 0.640699
vn 0.000000 0.000000 -1.000000
v 1.164904 -2.329809 11.649043 0.19163 0.27546 0.34535
vt 0.858815 0.637066
vn 0.000000 0.000000 -1.000000
f 3643/3643/3643 3644/3644/3644 3645/3645/3645
v 0.582452 -2.329809 14.561303 0.91030 0.91260 0.89190
vt 0.196739 0.440020
vn 0.801784 -0.267261 0.534522
v 0.582452 -3.494713 13.978851 0.91030 0.91260 0.89190
vt 0.176838 0.385060
vn 0.801784 -0.267261 0.534522
v 1.164904 -2.912261 13.396399 0.91030 0.91260 0.89190
vt 0.195449 0.391044
vn 0.801784 -0.267261 0.534522
f 3646/3646/3646 3647/3647/3647 3648/3648/3648
v 0.582452 -2.329809 14.561303 0.91030 0.91260 0.89190
vt 0.196739 0.440020
vn 0.000000 -0.894427 0.447214
v 1.164904 -2.912261 13.396399 0.91030 0.91260 0.89190
vt 0.195449 0.391044
vn 0.000000 -0.894427 0.447214
v 1.164904 -2.329809 14.561303 0.91030 0.91260 0.89190
vt 0.215499 0.441148
vn 0.000000 -0.894427 0.447214
f 3649/3649/3649 3650/3650/3650 3651/3651/3651
v 1.164904 -4.077165 -14.561303 0.51775 0.29358 0.27288
vt 0.922954 0.326676
vn 1.000000 0.000000 -0.000000
v 1.164904 -4.077165 -13.978851 0.51775 0.29358 0.27288
vt 0.902862 0.324287
vn 1.000000 0.000000 -0.000000
v 1.164904 -4.659617 -13.978851 0.51775 0.29358 0.27288
vt 0.921432 0.315809
vn 1.000000 0.000000 -0.000000
f 3652/3652/3652 3653/3653/3653 3654/3654/3654
v 1.164904 -3.494713 12.813947 0.91030 0.91260 0.89190
vt 0.201481 0.364421
vn 1.000000 0.000000 -0.000000
v 1.164904 -2.912261 13.396399 0.91030 0.91260 0.89190
vt 0.195449 0.391044
vn 1.000000 0.000000 -0.000000
v 1.164904 -4.077165 12.813947 0.91030 0.91260 0.89190
vt 0.183102 0.355659
vn 1.000000 0.000000 -0.000000
f 3655/3655/3655 3656/3656/3656 3657/3657/3657
v 1.164904 -1.164904 -12.813947 0.17955 0.25735 0.31515
vt 0.549336 0.630161
vn -0.000000 1.000000 0.000000
v 1.747356 -1.164904 -12.813947 0.17955 0.25735 0.31515
vt 0.547988 0.647748
vn -0.000000 1.000000 0.000000
v 1.747356 -1.164904 -15.143755 0.17955 0.25735 0.31515
vt 0.525432 0.642319
vn -0.000000 1.000000 0.000000
f 3658/3658/3658 3659/3659/3659 3660/3660/3660
v 1.164904 -1.164904 -12.813947 0.17352 0.26338 0.33025
vt 0.549336 0.630161
vn 0.000000 1.000000 0.000000
v 1.747356 -1.164904 -15.143755 0.17352 0.26338 0.33025
vt 0.525432 0.642319
vn 0.000000 1.000000 0.000000
v 1.164904 -1.164904 -15.143755 0.17352 0.26338 0.33025
vt 0.525228 0.626600
vn 0.000000 1.000000 0.000000
f 3661/3661/3661 3662/3662/3662 3663/3663/3663
v 1.747356 -2.329809 -6.406973 0.22787 0.28754 0.33931
vt 0.681017 0.656426
vn 0.000000 -0.000000 1.000000
v 1.747356 -1.164904 -6.406973 0.22787 0.28754 0.33931
vt 0.609778 0.653071
vn 0.000000 -0.000000 1.000000
v 1.164904 -1.164904 -6.406973 0.22787 0.28754 0.33931
vt 0.610486 0.635574
vn 0.000000 -0.000000 1.000000
f 3664/3664/3664 3665/3665/3665 3666/3666/3666
v 1.747356 -2.329809 -6.406973 0.22787 0.29962 0.35139
vt 0.681017 0.656426
vn 0.000000 0.000000 1.000000
v 1.164904 -1.164904 -6.406973 0.22787 0.29962 0.35139
vt 0.610486 0.635574
vn 0.000000 0.000000 1.000000
v 1.164904 -2.329809 -6.406973 0.22787 0.29962 0.35139
vt 0.681645 0.638883
vn 0.000000 0.000000 1.000000
f 3667/3667/3667 3668/3668/3668 3669/3669/3669
v 1.164904 -1.747356 14.561303 0.91030 0.91260 0.89190
vt 0.233366 0.442124
vn 1.000000 0.000000 -0.000000
v 1.164904 -1.164904 15.143755 0.91030 0.91260 0.89190
vt 0.227680 0.495402
vn 1.000000 0.000000 -0.000000
v 1.164904 -2.329809 14.561303 0.91030 0.91260 0.89190
vt 0.215499 0.441148
vn 1.000000 0.000000 -0.000000
f 3670/3670/3670 3671/3671/3671 3672/3672/3672
v 1.164904 -4.659617 -3.494713 0.51775 0.29358 0.27288
vt 0.620529 0.306680
vn 1.000000 0.000000 0.000000
v 1.164904 -4.077165 -3.494713 0.51775 0.29358 0.27288
vt 0.619128 0.318285
vn 1.000000 0.000000 0.000000
v 1.164904 -4.077165 5.242069 0.51775 0.29358 0.27288
vt 0.462832 0.319809
vn 1.000000 0.000000 0.000000
f 3673/3673/3673 3674/3674/3674 3675/3675/3675
v 1.164904 -4.659617 -3.494713 0.48454 0.27244 0.24872
vt 0.620529 0.306680
vn 1.000000 0.000000 0.000000
v 1.164904 -4.077165 5.242069 0.48454 0.27244 0.24872
vt 0.462832 0.319809
vn 1.000000 0.000000 0.000000
v 1.164904 -4.659617 5.824521 0.48454 0.27244 0.24872
vt 0.447928 0.308219
vn 1.000000 0.000000 0.000000
f 3676/3676/3676 3677/3677/3677 3678/3678/3678
v 1.164904 -4.077165 -5.824521 0.91030 0.91260 0.89190
vt 0.658231 0.318692
vn 1.000000 0.000000 -0.000000
v 1.164904 -4.077165 -3.494713 0.91030 0.91260 0.89190
vt 0.619128 0.318285
vn 1.000000 0.000000 -0.000000
v 1.164904 -4.659617 -3.494713 0.91030 0.91260 0.89190
vt 0.620529 0.306680
vn 1.000000 0.000000 -0.000000
f 3679/3679/3679 3680/3680/3680 3681/3681/3681
v 1.164904 -4.077165 -5.824521 0.91030 0.91260 0.89190
vt 0.658231 0.318692
vn 1.000000 0.000000 0.000000
v 1.164904 -4.659617 -3.494713 0.91030 0.91260 0.89190
vt 0.620529 0.306680
vn 1.000000 0.000000 0.000000
v 1.164904 -4.659617 -5.824521 0.91030 0.91260 0.89190
vt 0.659457 0.307009
vn 1.000000 0.000000 0.000000
f 3682/3682/3682 3683/3683/3683 3684/3684/3684
v 1.164904 -4.659617 -8.154330 0.51775 0.29358 0.27288
vt 0.705482 0.307897
vn 1.000000 0.000000 0.000000
v 1.164904 -4.077165 -8.154330 0.51775 0.29358 0.27288
vt 0.709921 0.319769
vn 1.000000 0.000000 0.000000
v 1.164904 -4.077165 -5.824521 0.51775 0.29358 0.27288
vt 0.658231 0.318692
vn 1.000000 0.000000 0.000000
f 3685/3685/3685 3686/3686/3686 3687/3687/3687
v 1.164904 -4.659617 -8.154330 0.91030 0.91260 0.89190
vt 0.705482 0.307897
vn 1.000000 0.000000 0.000000
v 1.164904 -4.077165 -5.824521 0.91030 0.91260 0.89190
vt 0.658231 0.318692
vn 1.000000 0.000000 0.000000
v 1.164904 -4.659617 -5.824521 0.91030 0.91260 0.89190
vt 0.659457 0.307009
vn 1.000000 0.000000 0.000000
f 3688/3688/3688 3689/3689/3689 3690/3690/3690
v 1.164904 -4.659617 5.824521 0.60230 0.59856 0.57786
vt 0.447928 0.308219
vn 1.000000 -0.000000 0.000000
v 1.164904 -4.077165 5.242069 0.60230 0.59856 0.57786
vt 0.462832 0.319809
vn 1.000000 -0.000000 0.000000
v 1.164904 -4.077165 8.736782 0.60230 0.59856 0.57786
vt 0.402126 0.322275
vn 1.000000 -0.000000 0.000000
f 3691/3691/3691 3692/3692/3692 3693/3693/3693
v 1.164904 -4.659617 5.824521 0.51171 0.30264 0.26382
vt 0.447928 0.308219
vn 1.000000 0.000000 0.000000
v 1.164904 -4.077165 8.736782 0.51171 0.30264 0.26382
vt 0.402126 0.322275
vn 1.000000 0.000000 0.000000
v 1.164904 -4.659617 9.319234 0.51171 0.30264 0.26382
vt 0.390029 0.310315
vn 1.000000 0.000000 0.000000
f 3694/3694/3694 3695/3695/3695 3696/3696/3696
v 1.164904 -4.659617 9.319234 0.51775 0.29358 0.27288
vt 0.390029 0.310315
vn 1.000000 -0.000000 0.000000
v 1.164904 -4.077165 8.736782 0.51775 0.29358 0.27288
vt 0.402126 0.322275
vn 1.000000 -0.000000 0.000000
v 1.164904 -4.077165 10.484138 0.51775 0.29358 0.27288
vt 0.368684 0.324374
vn 1.000000 -0.000000 0.000000
f 3697/3697/3697 3698/3698/3698 3699/3699/3699
v 1.164904 -2.329809 -15.143755 0.51775 0.29358 0.27288
vt 0.910934 0.429954
vn 0.000000 0.000000 -1.000000
v 1.747356 -2.329809 -15.143755 0.51775 0.29358 0.27288
vt 0.888756 0.430616
vn 0.000000 0.000000 -1.000000
v 1.164904 -3.494713 -15.143755 0.51775 0.29358 0.27288
vt 0.894159 0.373420
vn 0.000000 0.000000 -1.000000
f 3700/3700/3700 3701/3701/3701 3702/3702/3702
v 1.164904 -1.164904 -15.143755 0.51775 0.29358 0.27288
vt 0.908699 0.481942
vn 0.000000 0.000000 -1.000000
v 1.747356 -1.164904 -15.143755 0.51775 0.29358 0.27288
vt 0.880740 0.481781
vn 0.000000 0.000000 -1.000000
v 1.747356 -1.747356 -15.143755 0.51775 0.29358 0.27288
vt 0.885241 0.451757
vn 0.000000 0.000000 -1.000000
f 3703/3703/3703 3704/3704/3704 3705/3705/3705
v 1.164904 -1.164904 -15.143755 0.51775 0.29358 0.27288
vt 0.908699 0.481942
vn 0.000000 0.000000 -1.000000
v 1.747356 -1.747356 -15.143755 0.51775 0.29358 0.27288
vt 0.885241 0.451757
vn 0.000000 0.000000 -1.000000
v 1.164904 -1.747356 -15.143755 0.51775 0.29358 0.27288
vt 0.909384 0.451920
vn 0.000000 0.000000 -1.000000
f 3706/3706/3706 3707/3707/3707 3708/3708/3708
v 0.582452 -4.659617 12.231495 0.91030 0.91260 0.89190
vt 0.164635 0.326060
vn 0.707107 -0.707107 0.000000
v 0.582452 -4.659617 11.649043 0.91030 0.91260 0.89190
vt 0.165508 0.321311
vn 0.707107 -0.707107 0.000000
v 1.164904 -4.077165 11.649043 0.91030 0.91260 0.89190
vt 0.187491 0.331948
vn 0.707107 -0.707107 0.000000
f 3709/3709/3709 3710/3710/3710 3711/3711/3711
v 0.582452 -4.659617 12.231495 0.91030 0.91260 0.89190
vt 0.164635 0.326060
vn 0.707107 -0.707107 0.000000
v 1.164904 -4.077165 11.649043 0.91030 0.91260 0.89190
vt 0.187491 0.331948
vn 0.707107 -0.707107 0.000000
v 1.164904 -4.077165 12.231495 0.91030 0.91260 0.89190
vt 0.185603 0.336699
vn 0.707107 -0.707107 0.000000
f 3712/3712/3712 3713/3713/3713 3714/3714/3714
v 1.747356 -1.164904 -6.406973 0.69893 0.24829 0.22155
vt 0.860921 0.714200
vn 0.000000 -0.000000 1.000000
v 1.747356 -0.582452 -6.406973 0.69893 0.24829 0.22155
vt 0.860433 0.771976
vn 0.000000 -0.000000 1.000000
v 1.164904 -0.582452 -6.406973 0.69893 0.24829 0.22155
vt 0.840559 0.771806
vn 0.000000 -0.000000 1.000000
f 3715/3715/3715 3716/3716/3716 3717/3717/3717
v 1.747356 -1.164904 -6.406973 0.75932 0.14864 0.13398
vt 0.860921 0.714200
vn 0.000000 0.000000 1.000000
v 1.164904 -0.582452 -6.406973 0.75932 0.14864 0.13398
vt 0.840559 0.771806
vn 0.000000 0.000000 1.000000
v 1.164904 -1.164904 -6.406973 0.75932 0.14864 0.13398
vt 0.841062 0.714029
vn 0.000000 0.000000 1.000000
f 3718/3718/3718 3719/3719/3719 3720/3720/3720
v 0.582452 -1.164904 -12.813947 0.75630 0.14562 0.12492
vt 0.494598 0.710181
vn 0.000000 0.000000 -1.000000
v 0.582452 -0.582452 -12.813947 0.75630 0.14562 0.12492
vt 0.493742 0.767955
vn 0.000000 0.000000 -1.000000
v 1.164904 -0.582452 -12.813947 0.75630 0.14562 0.12492
vt 0.472773 0.767621
vn 0.000000 0.000000 -1.000000
f 3721/3721/3721 3722/3722/3722 3723/3723/3723
v 0.582452 -1.164904 -12.813947 0.71403 0.24527 0.20645
vt 0.494598 0.710181
vn 0.000000 0.000000 -1.000000
v 1.164904 -0.582452 -12.813947 0.71403 0.24527 0.20645
vt 0.472773 0.767621
vn 0.000000 0.000000 -1.000000
v 1.164904 -1.164904 -12.813947 0.71403 0.24527 0.20645
vt 0.473658 0.709850
vn 0.000000 0.000000 -1.000000
f 3724/3724/3724 3725/3725/3725 3726/3726/3726
v 1.164904 -4.077165 -11.649043 0.51775 0.29358 0.27288
vt 0.766485 0.319524
vn 1.000000 0.000000 -0.000000
v 1.164904 -4.077165 -10.484138 0.51775 0.29358 0.27288
vt 0.748223 0.319717
vn 1.000000 0.000000 -0.000000
v 1.164904 -4.659617 -10.484138 0.51775 0.29358 0.27288
vt 0.748282 0.307807
vn 1.000000 0.000000 -0.000000
f 3727/3727/3727 3728/3728/3728 3729/3729/3729
v 1.164904 -4.077165 -11.649043 0.51775 0.29358 0.27288
vt 0.766485 0.319524
vn 1.000000 0.000000 0.000000
v 1.164904 -4.659617 -10.484138 0.51775 0.29358 0.27288
vt 0.748282 0.307807
vn 1.000000 0.000000 0.000000
v 1.164904 -4.659617 -11.649043 0.51775 0.29358 0.27288
vt 0.768596 0.307624
vn 1.000000 0.000000 0.000000
f 3730/3730/3730 3731/3731/3731 3732/3732/3732
v 1.164904 -4.659617 -10.484138 0.51775 0.29358 0.27288
vt 0.744109 0.307790
vn 1.000000 0.000000 0.000000
v 1.164904 -4.077165 -10.484138 0.51775 0.29358 0.27288
vt 0.745182 0.319675
vn 1.000000 0.000000 0.000000
v 1.164904 -4.077165 -9.901686 0.51775 0.29358 0.27288
vt 0.735316 0.319717
vn 1.000000 0.000000 0.000000
f 3733/3733/3733 3734/3734/3734 3735/3735/3735
v 1.164904 -4.659617 -10.484138 0.51775 0.29358 0.27288
vt 0.744109 0.307790
vn 1.000000 0.000000 0.000000
v 1.164904 -4.077165 -9.901686 0.51775 0.29358 0.27288
vt 0.735316 0.319717
vn 1.000000 0.000000 0.000000
v 1.164904 -4.659617 -9.901686 0.51775 0.29358 0.27288
vt 0.732537 0.307832
vn 1.000000 0.000000 0.000000
f 3736/3736/3736 3737/3737/3737 3738/3738/3738
v 1.747356 2.912261 -6.406973 0.63250 0.28452 0.23061
vt 0.181541 0.834361
vn 0.000000 0.970143 -0.242536
v 1.747356 2.329809 -8.736782 0.63250 0.28452 0.23061
vt 0.182293 0.774750
vn 0.000000 0.970143 -0.242536
v 1.164904 2.329809 -8.736782 0.63250 0.28452 0.23061
vt 0.202551 0.774826
vn 0.000000 0.970143 -0.242536
f 3739/3739/3739 3740/3740/3740 3741/3741/3741
v 1.747356 2.912261 -6.406973 0.72308 0.19393 0.17323
vt 0.181541 0.834361
vn 0.000000 0.970143 -0.242536
v 1.164904 2.329809 -8.736782 0.72308 0.19393 0.17323
vt 0.202551 0.774826
vn 0.000000 0.970143 -0.242536
v 1.164904 2.912261 -6.406973 0.72308 0.19393 0.17323
vt 0.202273 0.834141
vn 0.000000 0.970143 -0.242536
f 3742/3742/3742 3743/3743/3743 3744/3744/3744
v 1.164904 -4.659617 -9.901686 0.51775 0.29358 0.27288
vt 0.732537 0.307832
vn 1.000000 0.000000 0.000000
v 1.164904 -4.077165 -9.901686 0.51775 0.29358 0.27288
vt 0.735316 0.319717
vn 1.000000 0.000000 0.000000
v 1.164904 -4.077165 -8.736782 0.51775 0.29358 0.27288
vt 0.716155 0.319864
vn 1.000000 0.000000 0.000000
f 3745/3745/3745 3746/3746/3746 3747/3747/3747
v 1.164904 -4.659617 -9.901686 0.51775 0.29358 0.27288
vt 0.732537 0.307832
vn 1.000000 0.000000 0.000000
v 1.164904 -4.077165 -8.736782 0.51775 0.29358 0.27288
vt 0.716155 0.319864
vn 1.000000 0.000000 0.000000
v 1.164904 -4.659617 -8.736782 0.51775 0.29358 0.27288
vt 0.710911 0.307954
vn 1.000000 0.000000 0.000000
f 3748/3748/3748 3749/3749/3749 3750/3750/3750
v 0.582452 1.164904 -6.406973 0.17955 0.27848 0.33629
vt 0.823655 0.901701
vn 0.000000 0.000000 1.000000
v 0.582452 0.582452 -6.406973 0.17955 0.27848 0.33629
vt 0.824019 0.860730
vn 0.000000 0.000000 1.000000
v 1.164904 0.582452 -6.406973 0.17955 0.27848 0.33629
vt 0.834573 0.860823
vn 0.000000 0.000000 1.000000
f 3751/3751/3751 3752/3752/3752 3753/3753/3753
v 0.582452 1.164904 -6.406973 0.21881 0.29358 0.34535
vt 0.823655 0.901701
vn -0.000000 0.000000 1.000000
v 1.164904 0.582452 -6.406973 0.21881 0.29358 0.34535
vt 0.834573 0.860823
vn -0.000000 0.000000 1.000000
v 1.164904 1.164904 -6.406973 0.21881 0.29358 0.34535
vt 0.834209 0.901794
vn -0.000000 0.000000 1.000000
f 3754/3754/3754 3755/3755/3755 3756/3756/3756
v 1.747356 1.164904 -9.901686 0.28524 0.27546 0.32119
vt 0.574944 0.897064
vn 0.000000 -0.000000 -1.000000
v 1.747356 0.582452 -9.901686 0.28524 0.27546 0.32119
vt 0.575088 0.942104
vn 0.000000 -0.000000 -1.000000
v 1.164904 0.582452 -9.901686 0.28524 0.27546 0.32119
vt 0.557672 0.942159
vn 0.000000 -0.000000 -1.000000
f 3757/3757/3757 3758/3758/3758 3759/3759/3759
v 1.747356 1.164904 -9.901686 0.15238 0.25735 0.32723
vt 0.574944 0.897064
vn -0.000000 0.000000 -1.000000
v 1.164904 0.582452 -9.901686 0.15238 0.25735 0.32723
vt 0.557672 0.942159
vn -0.000000 0.000000 -1.000000
v 1.164904 1.164904 -9.901686 0.15238 0.25735 0.32723
vt 0.557528 0.897119
vn -0.000000 0.000000 -1.000000
f 3760/3760/3760 3761/3761/3761 3762/3762/3762
v 0.582452 0.582452 -6.406973 0.72912 0.16676 0.14606
vt 0.824327 0.826021
vn 0.000000 0.000000 1.000000
v 0.582452 -0.000000 -6.406973 0.72912 0.16676 0.14606
vt 0.824757 0.776862
vn 0.000000 0.000000 1.000000
v 1.164904 -0.000000 -6.406973 0.72912 0.16676 0.14606
vt 0.835311 0.776955
vn 0.000000 0.000000 1.000000
f 3763/3763/3763 3764/3764/3764 3765/3765/3765
v 0.582452 0.582452 -6.406973 0.50567 0.21507 0.26684
vt 0.824327 0.826021
vn -0.000000 0.000000 1.000000
v 1.164904 -0.000000 -6.406973 0.50567 0.21507 0.26684
vt 0.835311 0.776955
vn -0.000000 0.000000 1.000000
v 1.164904 0.582452 -6.406973 0.50567 0.21507 0.26684
vt 0.834881 0.826114
vn -0.000000 0.000000 1.000000
f 3766/3766/3766 3767/3767/3767 3768/3768/3768
v 1.747356 0.582452 -12.813947 0.74724 0.15468 0.16417
vt 0.451960 0.826837
vn 0.000000 -0.000000 -1.000000
v 1.747356 -0.582452 -12.813947 0.74724 0.15468 0.16417
vt 0.452894 0.767301
vn 0.000000 -0.000000 -1.000000
v 1.164904 -0.582452 -12.813947 0.74724 0.15468 0.16417
vt 0.472773 0.767621
vn 0.000000 -0.000000 -1.000000
f 3769/3769/3769 3770/3770/3770 3771/3771/3771
v 1.747356 0.582452 -12.813947 0.59022 0.28150 0.26382
vt 0.451960 0.826837
vn -0.000000 0.000000 -1.000000
v 1.164904 -0.582452 -12.813947 0.59022 0.28150 0.26382
vt 0.472773 0.767621
vn -0.000000 0.000000 -1.000000
v 1.164904 0.582452 -12.813947 0.59022 0.28150 0.26382
vt 0.471846 0.827156
vn -0.000000 0.000000 -1.000000
f 3772/3772/3772 3773/3773/3773 3774/3774/3774
v 1.747356 0.582452 -9.901686 0.19465 0.28150 0.33629
vt 0.575160 0.963431
vn 0.000000 1.000000 0.000000
v 1.747356 0.582452 -12.231495 0.19465 0.28150 0.33629
vt 0.575233 0.986274
vn 0.000000 1.000000 0.000000
v 1.164904 0.582452 -12.231495 0.19465 0.28150 0.33629
vt 0.557817 0.986330
vn 0.000000 1.000000 0.000000
f 3775/3775/3775 3776/3776/3776 3777/3777/3777
v 1.747356 0.582452 -9.901686 0.17955 0.29358 0.35743
vt 0.575160 0.963431
vn 0.000000 1.000000 0.000000
v 1.164904 0.582452 -12.231495 0.17955 0.29358 0.35743
vt 0.557817 0.986330
vn 0.000000 1.000000 0.000000
v 1.164904 0.582452 -9.901686 0.17955 0.29358 0.35743
vt 0.557744 0.963487
vn 0.000000 1.000000 0.000000
f 3778/3778/3778 3779/3779/3779 3780/3780/3780
v 1.164904 -4.077165 -11.649043 0.51775 0.29358 0.26684
vt 0.771894 0.319375
vn 1.000000 0.000000 0.000000
v 1.164904 -4.659617 -11.649043 0.51775 0.29358 0.26684
vt 0.768596 0.307624
vn 1.000000 0.000000 0.000000
v 1.164904 -4.659617 -12.231495 0.51775 0.29358 0.26684
vt 0.774137 0.307531
vn 1.000000 0.000000 0.000000
f 3781/3781/3781 3782/3782/3782 3783/3783/3783
v 1.164904 -0.582452 12.813947 0.59626 0.59856 0.57786
vt 0.094076 0.444542
vn 0.000000 1.000000 0.000000
v 0.582452 -0.582452 12.813947 0.59626 0.59856 0.57786
vt 0.108130 0.444743
vn 0.000000 1.000000 0.000000
v 0.582452 -0.582452 13.396399 0.59626 0.59856 0.57786
vt 0.107817 0.454697
vn 0.000000 1.000000 0.000000
f 3784/3784/3784 3785/3785/3785 3786/3786/3786
v 1.164904 -0.582452 12.813947 0.59626 0.59856 0.57786
vt 0.094076 0.444542
vn 0.000000 1.000000 -0.000000
v 0.582452 -0.582452 13.396399 0.59626 0.59856 0.57786
vt 0.107817 0.454697
vn 0.000000 1.000000 -0.000000
v 1.164904 -0.582452 13.396399 0.59626 0.59856 0.57786
vt 0.093762 0.454460
vn 0.000000 1.000000 -0.000000
f 3787/3787/3787 3788/3788/3788 3789/3789/3789
v 1.164904 -1.164904 13.396399 0.15540 0.26640 0.33931
vt 0.961934 0.641427
vn 0.000000 1.000000 0.000000
v 0.582452 -1.164904 13.396399 0.15540 0.26640 0.33931
vt 0.962429 0.630415
vn 0.000000 1.000000 0.000000
v 0.582452 -1.164904 13.978851 0.15540 0.26640 0.33931
vt 0.971237 0.630908
vn 0.000000 1.000000 0.000000
f 3790/3790/3790 3791/3791/3791 3792/3792/3792
v 1.164904 -1.164904 13.396399 0.16446 0.26640 0.34233
vt 0.961934 0.641427
vn 0.000000 1.000000 -0.000000
v 0.582452 -1.164904 13.978851 0.16446 0.26640 0.34233
vt 0.971237 0.630908
vn 0.000000 1.000000 -0.000000
v 1.164904 -1.164904 13.978851 0.16446 0.26640 0.34233
vt 0.970664 0.641910
vn 0.000000 1.000000 -0.000000
f 3793/3793/3793 3794/3794/3794 3795/3795/3795
v 0.582452 -1.164904 13.978851 0.16144 0.26338 0.33931
vt 0.971237 0.630908
vn 0.000000 1.000000 0.000000
v 0.582452 -1.164904 15.143755 0.16144 0.26338 0.33931
vt 0.981574 0.631493
vn 0.000000 1.000000 0.000000
v 1.164904 -1.164904 15.143755 0.16144 0.26338 0.33931
vt 0.979845 0.642416
vn 0.000000 1.000000 0.000000
f 3796/3796/3796 3797/3797/3797 3798/3798/3798
v 0.582452 -1.164904 13.978851 0.15238 0.25735 0.33327
vt 0.971237 0.630908
vn 0.000000 1.000000 0.000000
v 1.164904 -1.164904 15.143755 0.15238 0.25735 0.33327
vt 0.979845 0.642416
vn 0.000000 1.000000 0.000000
v 1.164904 -1.164904 13.978851 0.15238 0.25735 0.33327
vt 0.970664 0.641910
vn 0.000000 1.000000 0.000000
f 3799/3799/3799 3800/3800/3800 3801/3801/3801
v 0.582452 -1.164904 15.143755 0.24599 0.27244 0.31817
vt 0.029131 0.446324
vn 0.000000 0.000000 -1.000000
v 0.582452 -0.582452 15.143755 0.24599 0.27244 0.31817
vt 0.014410 0.446674
vn 0.000000 0.000000 -1.000000
v 1.164904 -0.582452 15.143755 0.24599 0.27244 0.31817
vt 0.014965 0.436856
vn 0.000000 0.000000 -1.000000
f 3802/3802/3802 3803/3803/3803 3804/3804/3804
v 0.582452 -1.164904 15.143755 0.36677 0.29660 0.30006
vt 0.029131 0.446324
vn 0.000000 0.000000 -1.000000
v 1.164904 -0.582452 15.143755 0.36677 0.29660 0.30006
vt 0.014965 0.436856
vn 0.000000 0.000000 -1.000000
v 1.164904 -1.164904 15.143755 0.36677 0.29660 0.30006
vt 0.029647 0.437730
vn 0.000000 0.000000 -1.000000
f 3805/3805/3805 3806/3806/3806 3807/3807/3807
v 0.582452 1.164904 -8.736782 0.51775 0.29358 0.27288
vt 0.112762 0.975233
vn 0.000000 0.000000 -1.000000
v 0.582452 1.747356 -8.736782 0.51775 0.29358 0.27288
vt 0.112133 0.951331
vn 0.000000 0.000000 -1.000000
v 1.164904 1.747356 -8.736782 0.51775 0.29358 0.27288
vt 0.133476 0.950807
vn 0.000000 0.000000 -1.000000
f 3808/3808/3808 3809/3809/3809 3810/3810/3810
v 0.582452 1.164904 -8.736782 0.50869 0.29660 0.27288
vt 0.112762 0.975233
vn 0.000000 0.000000 -1.000000
v 1.164904 1.747356 -8.736782 0.50869 0.29660 0.27288
vt 0.133476 0.950807
vn 0.000000 0.000000 -1.000000
v 1.164904 1.164904 -8.736782 0.50869 0.29660 0.27288
vt 0.134088 0.974710
vn 0.000000 0.000000 -1.000000
f 3811/3811/3811 3812/3812/3812 3813/3813/3813
v 0.582452 2.329809 -6.406973 0.16748 0.26942 0.32421
vt 0.224065 0.888679
vn 0.000000 0.000000 1.000000
v 0.582452 1.747356 -6.406973 0.16748 0.26942 0.32421
vt 0.223632 0.935797
vn 0.000000 0.000000 1.000000
v 1.164904 1.747356 -6.406973 0.16748 0.26942 0.32421
vt 0.202268 0.935631
vn 0.000000 0.000000 1.000000
f 3814/3814/3814 3815/3815/3815 3816/3816/3816
v 0.582452 2.329809 -6.406973 0.16144 0.26640 0.33327
vt 0.224065 0.888679
vn -0.000000 0.000000 1.000000
v 1.164904 1.747356 -6.406973 0.16144 0.26640 0.33327
vt 0.202268 0.935631
vn -0.000000 0.000000 1.000000
v 1.164904 2.329809 -6.406973 0.16144 0.26640 0.33327
vt 0.202949 0.888541
vn -0.000000 0.000000 1.000000
f 3817/3817/3817 3818/3818/3818 3819/3819/3819
v 1.747356 2.329809 -8.736782 0.16446 0.26338 0.33327
vt 0.152071 0.902420
vn 0.000000 -0.000000 -1.000000
v 1.747356 1.747356 -8.736782 0.16446 0.26338 0.33327
vt 0.153761 0.950357
vn 0.000000 -0.000000 -1.000000
v 1.164904 1.747356 -8.736782 0.16446 0.26338 0.33327
vt 0.133476 0.950807
vn 0.000000 -0.000000 -1.000000
f 3820/3820/3820 3821/3821/3821 3822/3822/3822
v 1.747356 2.329809 -8.736782 0.14634 0.27244 0.32723
vt 0.152071 0.902420
vn -0.000000 0.000000 -1.000000
v 1.164904 1.747356 -8.736782 0.14634 0.27244 0.32723
vt 0.133476 0.950807
vn -0.000000 0.000000 -1.000000
v 1.164904 2.329809 -8.736782 0.14634 0.27244 0.32723
vt 0.132016 0.902904
vn -0.000000 0.000000 -1.000000
f 3823/3823/3823 3824/3824/3824 3825/3825/3825
v 0.582452 -1.164904 -15.143755 0.33054 0.28754 0.33025
vt 0.938278 0.482091
vn 0.000000 0.000000 -1.000000
v 0.582452 -0.582452 -15.143755 0.33054 0.28754 0.33025
vt 0.937840 0.496729
vn 0.000000 0.000000 -1.000000
v 1.164904 -0.582452 -15.143755 0.33054 0.28754 0.33025
vt 0.908219 0.496581
vn 0.000000 0.000000 -1.000000
f 3826/3826/3826 3827/3827/3827 3828/3828/3828
v 0.582452 -1.164904 -15.143755 0.48755 0.29358 0.28496
vt 0.938278 0.482091
vn 0.000000 0.000000 -1.000000
v 1.164904 -0.582452 -15.143755 0.48755 0.29358 0.28496
vt 0.908219 0.496581
vn 0.000000 0.000000 -1.000000
v 1.164904 -1.164904 -15.143755 0.48755 0.29358 0.28496
vt 0.908699 0.481942
vn 0.000000 0.000000 -1.000000
f 3829/3829/3829 3830/3830/3830 3831/3831/3831
v 1.747356 -1.164904 -15.143755 0.25505 0.29358 0.34837
vt 0.710062 0.976613
vn 0.000000 -0.000000 1.000000
v 1.747356 -0.582452 -15.143755 0.25505 0.29358 0.34837
vt 0.709040 0.954507
vn 0.000000 -0.000000 1.000000
v 1.164904 -0.582452 -15.143755 0.25505 0.29358 0.34837
vt 0.725823 0.953761
vn 0.000000 -0.000000 1.000000
f 3832/3832/3832 3833/3833/3833 3834/3834/3834
v 1.747356 -1.164904 -15.143755 0.40301 0.29358 0.31817
vt 0.710062 0.976613
vn 0.000000 0.000000 1.000000
v 1.164904 -0.582452 -15.143755 0.40301 0.29358 0.31817
vt 0.725823 0.953761
vn 0.000000 0.000000 1.000000
v 1.164904 -1.164904 -15.143755 0.40301 0.29358 0.31817
vt 0.726814 0.975850
vn 0.000000 0.000000 1.000000
f 3835/3835/3835 3836/3836/3836 3837/3837/3837
v 0.582452 1.747356 -6.406973 0.22183 0.31170 0.34233
vt 0.818204 0.930363
vn 0.000000 0.000000 1.000000
v 0.582452 1.164904 -6.406973 0.22183 0.31170 0.34233
vt 0.818407 0.906850
vn 0.000000 0.000000 1.000000
v 1.164904 1.164904 -6.406973 0.22183 0.31170 0.34233
vt 0.839372 0.907032
vn 0.000000 0.000000 1.000000
f 3838/3838/3838 3839/3839/3839 3840/3840/3840
v 0.582452 1.747356 -6.406973 0.27014 0.31774 0.35139
vt 0.818204 0.930363
vn -0.000000 0.000000 1.000000
v 1.164904 1.164904 -6.406973 0.27014 0.31774 0.35139
vt 0.839372 0.907032
vn -0.000000 0.000000 1.000000
v 1.164904 1.747356 -6.406973 0.27014 0.31774 0.35139
vt 0.839172 0.930603
vn -0.000000 0.000000 1.000000
f 3841/3841/3841 3842/3842/3842 3843/3843/3843
v 1.747356 1.164904 -8.736782 0.83179 0.87033 0.88586
vt 0.574905 0.884534
vn 0.000000 1.000000 0.000000
v 1.747356 1.164904 -9.901686 0.83179 0.87033 0.88586
vt 0.574940 0.895403
vn 0.000000 1.000000 0.000000
v 1.164904 1.164904 -9.901686 0.83179 0.87033 0.88586
vt 0.557525 0.895458
vn 0.000000 1.000000 0.000000
f 3844/3844/3844 3845/3845/3845 3846/3846/3846
v 1.747356 1.164904 -8.736782 0.21277 0.29056 0.34837
vt 0.574905 0.884534
vn 0.000000 1.000000 0.000000
v 1.164904 1.164904 -9.901686 0.21277 0.29056 0.34837
vt 0.557525 0.895458
vn 0.000000 1.000000 0.000000
v 1.164904 1.164904 -8.736782 0.21277 0.29056 0.34837
vt 0.557490 0.884588
vn 0.000000 1.000000 0.000000
f 3847/3847/3847 3848/3848/3848 3849/3849/3849
v 1.747356 1.164904 -9.901686 0.91030 0.91260 0.89190
vt 0.030410 0.845981
vn 0.000000 -0.000000 1.000000
v 1.747356 1.747356 -9.901686 0.91030 0.91260 0.89190
vt 0.031652 0.823806
vn 0.000000 -0.000000 1.000000
v 1.164904 1.747356 -9.901686 0.91030 0.91260 0.89190
vt 0.050289 0.824848
vn 0.000000 -0.000000 1.000000
f 3850/3850/3850 3851/3851/3851 3852/3852/3852
v 1.747356 1.164904 -9.901686 0.91030 0.91260 0.89190
vt 0.030410 0.845981
vn 0.000000 0.000000 1.000000
v 1.164904 1.747356 -9.901686 0.91030 0.91260 0.89190
vt 0.050289 0.824848
vn 0.000000 0.000000 1.000000
v 1.164904 1.164904 -9.901686 0.91030 0.91260 0.89190
vt 0.049049 0.847023
vn 0.000000 0.000000 1.000000
f 3853/3853/3853 3854/3854/3854 3855/3855/3855
v 0.582452 1.164904 -9.901686 0.91030 0.91260 0.89190
vt 0.071281 0.801993
vn 0.000000 0.000000 -1.000000
v 0.582452 1.747356 -9.901686 0.91030 0.91260 0.89190
vt 0.070041 0.824169
vn 0.000000 0.000000 -1.000000
v 1.164904 1.747356 -9.901686 0.91030 0.91260 0.89190
vt 0.050389 0.823068
vn 0.000000 0.000000 -1.000000
f 3856/3856/3856 3857/3857/3857 3858/3858/3858
v 0.582452 1.164904 -9.901686 0.91030 0.91260 0.89190
vt 0.071281 0.801993
vn 0.000000 0.000000 -1.000000
v 1.164904 1.747356 -9.901686 0.91030 0.91260 0.89190
vt 0.050389 0.823068
vn 0.000000 0.000000 -1.000000
v 1.164904 1.164904 -9.901686 0.91030 0.91260 0.89190
vt 0.051630 0.800895
vn 0.000000 0.000000 -1.000000
f 3859/3859/3859 3860/3860/3860 3861/3861/3861
v 0.582452 -4.077165 12.231495 0.91030 0.91260 0.89190
vt 0.164350 0.330789
vn -0.000000 0.000000 1.000000
v 0.582452 -4.659617 12.231495 0.91030 0.91260 0.89190
vt 0.164635 0.326060
vn -0.000000 0.000000 1.000000
v 1.164904 -4.077165 12.231495 0.91030 0.91260 0.89190
vt 0.185603 0.336699
vn -0.000000 0.000000 1.000000
f 3862/3862/3862 3863/3863/3863 3864/3864/3864
v 1.164904 -1.164904 11.649043 0.16144 0.26036 0.33025
vt 0.943692 0.640663
vn 0.000000 1.000000 0.000000
v 0.582452 -1.164904 11.649043 0.16144 0.26036 0.33025
vt 0.944154 0.629580
vn 0.000000 1.000000 0.000000
v 0.582452 -1.164904 12.813947 0.16144 0.26036 0.33025
vt 0.954677 0.630068
vn 0.000000 1.000000 0.000000
f 3865/3865/3865 3866/3866/3866 3867/3867/3867
v 1.164904 -1.164904 11.649043 0.16446 0.26338 0.33327
vt 0.943692 0.640663
vn 0.000000 1.000000 -0.000000
v 0.582452 -1.164904 12.813947 0.16446 0.26338 0.33327
vt 0.954677 0.630068
vn 0.000000 1.000000 -0.000000
v 1.164904 -1.164904 12.813947 0.16446 0.26338 0.33327
vt 0.954202 0.641197
vn 0.000000 1.000000 -0.000000
f 3868/3868/3868 3869/3869/3869 3870/3870/3870
v 0.582452 -1.164904 12.813947 0.58116 0.58346 0.56276
vt 0.108624 0.418604
vn 0.000000 0.000000 -1.000000
v 0.582452 -0.582452 12.813947 0.58116 0.58346 0.56276
vt 0.108130 0.444743
vn 0.000000 0.000000 -1.000000
v 1.164904 -0.582452 12.813947 0.58116 0.58346 0.56276
vt 0.094076 0.444542
vn 0.000000 0.000000 -1.000000
f 3871/3871/3871 3872/3872/3872 3873/3873/3873
v 0.582452 -1.164904 12.813947 0.91030 0.91260 0.89190
vt 0.108624 0.418604
vn 0.000000 0.000000 -1.000000
v 1.164904 -0.582452 12.813947 0.91030 0.91260 0.89190
vt 0.094076 0.444542
vn 0.000000 0.000000 -1.000000
v 1.164904 -1.164904 12.813947 0.91030 0.91260 0.89190
vt 0.094569 0.418403
vn 0.000000 0.000000 -1.000000
f 3874/3874/3874 3875/3875/3875 3876/3876/3876
v -1.164904 -0.582452 -6.406973 0.73516 0.21809 0.17927
vt 0.751366 0.771018
vn 0.000000 0.000000 1.000000
v -0.582452 -0.582452 -6.406973 0.73516 0.21809 0.17927
vt 0.772389 0.771205
vn 0.000000 0.000000 1.000000
v -0.582452 -0.000000 -6.406973 0.73516 0.21809 0.17927
vt 0.768781 0.774747
vn 0.000000 0.000000 1.000000
f 3877/3877/3877 3878/3878/3878 3879/3879/3879
v -1.164904 -0.582452 -6.406973 0.73818 0.16374 0.14606
vt 0.751366 0.771018
vn 0.000000 0.000000 1.000000
v -0.582452 -0.000000 -6.406973 0.73818 0.16374 0.14606
vt 0.768781 0.774747
vn 0.000000 0.000000 1.000000
v -1.164904 -0.000000 -6.406973 0.73818 0.16374 0.14606
vt 0.754916 0.774624
vn 0.000000 0.000000 1.000000
f 3880/3880/3880 3881/3881/3881 3882/3882/3882
v 0.582452 -0.582452 -6.406973 0.75026 0.16676 0.15210
vt 0.819607 0.771622
vn 0.000000 0.000000 1.000000
v 1.164904 -0.582452 -6.406973 0.75026 0.16676 0.15210
vt 0.840559 0.771806
vn 0.000000 0.000000 1.000000
v 1.164904 -0.000000 -6.406973 0.75026 0.16676 0.15210
vt 0.836948 0.775348
vn 0.000000 0.000000 1.000000
f 3883/3883/3883 3884/3884/3884 3885/3885/3885
v 0.582452 -0.582452 -6.406973 0.76838 0.17582 0.17927
vt 0.819607 0.771622
vn 0.000000 0.000000 1.000000
v 1.164904 -0.000000 -6.406973 0.76838 0.17582 0.17927
vt 0.836948 0.775348
vn 0.000000 0.000000 1.000000
v 0.582452 -0.000000 -6.406973 0.76838 0.17582 0.17927
vt 0.823151 0.775226
vn 0.000000 0.000000 1.000000
f 3886/3886/3886 3887/3887/3887 3888/3888/3888
v 1.747356 0.582452 -6.406973 0.23391 0.32680 0.38461
vt 0.859722 0.855843
vn 0.000000 0.000000 1.000000
v 2.912261 0.582452 -6.406973 0.23391 0.32680 0.38461
vt 0.893540 0.856129
vn 0.000000 0.000000 1.000000
v 2.329809 1.164904 -6.406973 0.23391 0.32680 0.38461
vt 0.886445 0.872125
vn 0.000000 0.000000 1.000000
f 3889/3889/3889 3890/3890/3890 3891/3891/3891
v 1.747356 0.582452 -6.406973 0.17955 0.27244 0.33931
vt 0.859722 0.855843
vn 0.000000 0.000000 1.000000
v 2.329809 1.164904 -6.406973 0.17955 0.27244 0.33931
vt 0.886445 0.872125
vn 0.000000 0.000000 1.000000
v 1.747356 1.164904 -6.406973 0.17955 0.27244 0.33931
vt 0.866524 0.871956
vn 0.000000 0.000000 1.000000
f 3892/3892/3892 3893/3893/3893 3894/3894/3894
v 2.912261 0.582452 -6.406973 0.16748 0.25433 0.31515
vt 0.893540 0.856129
vn 0.000000 -0.000000 1.000000
v 2.912261 1.164904 -6.406973 0.16748 0.25433 0.31515
vt 0.893072 0.907488
vn 0.000000 -0.000000 1.000000
v 2.329809 1.164904 -6.406973 0.16748 0.25433 0.31515
vt 0.886267 0.891377
vn 0.000000 -0.000000 1.000000
f 3895/3895/3895 3896/3896/3896 3897/3897/3897
v 1.747356 -0.582452 -6.406973 0.74422 0.16072 0.15210
vt 0.860433 0.771976
vn 0.000000 0.000000 1.000000
v 2.912261 -0.582452 -6.406973 0.74422 0.16072 0.15210
vt 0.894248 0.772256
vn 0.000000 0.000000 1.000000
v 2.329809 -0.000000 -6.406973 0.74422 0.16072 0.15210
vt 0.887149 0.790246
vn 0.000000 0.000000 1.000000
f 3898/3898/3898 3899/3899/3899 3900/3900/3900
v 1.747356 -0.582452 -6.406973 0.73214 0.17280 0.14304
vt 0.860433 0.771976
vn 0.000000 0.000000 1.000000
v 2.329809 -0.000000 -6.406973 0.73214 0.17280 0.14304
vt 0.887149 0.790246
vn 0.000000 0.000000 1.000000
v 1.747356 -0.000000 -6.406973 0.73214 0.17280 0.14304
vt 0.867228 0.790082
vn 0.000000 0.000000 1.000000
f 3901/3901/3901 3902/3902/3902 3903/3903/3903
v 2.912261 -0.582452 -6.406973 0.74422 0.19695 0.17021
vt 0.894248 0.772256
vn 0.000000 -0.000000 1.000000
v 2.912261 0.582452 -6.406973 0.74422 0.19695 0.17021
vt 0.893751 0.831808
vn 0.000000 -0.000000 1.000000
v 2.329809 0.000000 -6.406973 0.74422 0.19695 0.17021
vt 0.886950 0.813702
vn 0.000000 -0.000000 1.000000
f 3904/3904/3904 3905/3905/3905 3906/3906/3906
v 2.912261 0.582452 -6.406973 0.16748 0.25433 0.33629
vt 0.893751 0.831808
vn 0.000000 0.000000 1.000000
v 1.747356 0.582452 -6.406973 0.16748 0.25433 0.33629
vt 0.859935 0.831525
vn 0.000000 0.000000 1.000000
v 1.747356 0.000000 -6.406973 0.16748 0.25433 0.33629
vt 0.867028 0.813538
vn 0.000000 0.000000 1.000000
f 3907/3907/3907 3908/3908/3908 3909/3909/3909
v 2.912261 0.582452 -6.406973 0.49359 0.26640 0.30912
vt 0.893751 0.831808
vn 0.000000 0.000000 1.000000
v 1.747356 0.000000 -6.406973 0.49359 0.26640 0.30912
vt 0.867028 0.813538
vn 0.000000 0.000000 1.000000
v 2.329809 0.000000 -6.406973 0.49359 0.26640 0.30912
vt 0.886950 0.813702
vn 0.000000 0.000000 1.000000
f 3910/3910/3910 3911/3911/3911 3912/3912/3912
v -2.912261 1.164904 -6.406973 0.16144 0.26640 0.33327
vt 0.696520 0.905751
vn -0.000000 0.000000 1.000000
v -2.912261 0.582452 -6.406973 0.16144 0.26640 0.33327
vt 0.696942 0.854393
vn -0.000000 0.000000 1.000000
v -2.329809 1.164904 -6.406973 0.16144 0.26640 0.33327
vt 0.703764 0.870513
vn -0.000000 0.000000 1.000000
f 3913/3913/3913 3914/3914/3914 3915/3915/3915
v -2.912261 0.582452 -6.406973 0.15540 0.26640 0.33327
vt 0.696942 0.854393
vn 0.000000 0.000000 1.000000
v -1.747356 0.582452 -6.406973 0.15540 0.26640 0.33327
vt 0.730770 0.854705
vn 0.000000 0.000000 1.000000
v -1.747356 1.164904 -6.406973 0.15540 0.26640 0.33327
vt 0.723687 0.870695
vn 0.000000 0.000000 1.000000
f 3916/3916/3916 3917/3917/3917 3918/3918/3918
v -2.912261 0.582452 -6.406973 0.15238 0.26338 0.33629
vt 0.696942 0.854393
vn 0.000000 0.000000 1.000000
v -1.747356 1.164904 -6.406973 0.15238 0.26338 0.33629
vt 0.723687 0.870695
vn 0.000000 0.000000 1.000000
v -2.329809 1.164904 -6.406973 0.15238 0.26338 0.33629
vt 0.703764 0.870513
vn 0.000000 0.000000 1.000000
f 3919/3919/3919 3920/3920/3920 3921/3921/3921
v -1.747356 0.582452 -6.406973 0.16748 0.28754 0.35139
vt 0.730986 0.830387
vn 0.000000 0.000000 1.000000
v -2.912261 0.582452 -6.406973 0.16748 0.28754 0.35139
vt 0.697159 0.830071
vn 0.000000 0.000000 1.000000
v -2.329809 0.000000 -6.406973 0.16748 0.28754 0.35139
vt 0.704292 0.812090
vn 0.000000 0.000000 1.000000
f 3922/3922/3922 3923/3923/3923 3924/3924/3924
v -1.747356 0.582452 -6.406973 0.23995 0.29962 0.34837
vt 0.730986 0.830387
vn 0.000000 0.000000 1.000000
v -2.329809 0.000000 -6.406973 0.23995 0.29962 0.34837
vt 0.704292 0.812090
vn 0.000000 0.000000 1.000000
v -1.747356 0.000000 -6.406973 0.23995 0.29962 0.34837
vt 0.724216 0.812279
vn 0.000000 0.000000 1.000000
f 3925/3925/3925 3926/3926/3926 3927/3927/3927
v -2.912261 0.582452 -6.406973 0.68383 0.24527 0.23665
vt 0.697159 0.830071
vn 0.000000 0.000000 1.000000
v -2.912261 -0.582452 -6.406973 0.68383 0.24527 0.23665
vt 0.697725 0.770523
vn 0.000000 0.000000 1.000000
v -2.329809 -0.000000 -6.406973 0.68383 0.24527 0.23665
vt 0.704513 0.788635
vn 0.000000 0.000000 1.000000
f 3928/3928/3928 3929/3929/3929 3930/3930/3930
v -2.912261 -0.582452 -6.406973 0.74120 0.19091 0.14908
vt 0.697725 0.770523
vn 0.000000 0.000000 1.000000
v -1.747356 -0.582452 -6.406973 0.74120 0.19091 0.14908
vt 0.731553 0.770836
vn 0.000000 0.000000 1.000000
v -1.747356 -0.000000 -6.406973 0.74120 0.19091 0.14908
vt 0.724437 0.788821
vn 0.000000 0.000000 1.000000
f 3931/3931/3931 3932/3932/3932 3933/3933/3933
v -2.912261 -0.582452 -6.406973 0.75630 0.16978 0.17625
vt 0.697725 0.770523
vn 0.000000 0.000000 1.000000
v -1.747356 -0.000000 -6.406973 0.75630 0.16978 0.17625
vt 0.724437 0.788821
vn 0.000000 0.000000 1.000000
v -2.329809 -0.000000 -6.406973 0.75630 0.16978 0.17625
vt 0.704513 0.788635
vn 0.000000 0.000000 1.000000
f 3934/3934/3934 3935/3935/3935 3936/3936/3936
v 1.164904 2.912261 -5.824521 0.15540 0.26640 0.33931
vt 0.203190 0.873996
vn 0.000000 0.000000 1.000000
v 0.582452 2.912261 -5.824521 0.15540 0.26640 0.33931
vt 0.224164 0.874090
vn 0.000000 0.000000 1.000000
v 0.582452 2.329809 -5.824521 0.15540 0.26640 0.33931
vt 0.224106 0.886962
vn 0.000000 0.000000 1.000000
f 3937/3937/3937 3938/3938/3938 3939/3939/3939
v 1.164904 2.912261 -5.824521 0.15238 0.25735 0.32723
vt 0.203190 0.873996
vn 0.000000 0.000000 1.000000
v 0.582452 2.329809 -5.824521 0.15238 0.25735 0.32723
vt 0.224106 0.886962
vn 0.000000 0.000000 1.000000
v 1.164904 2.329809 -5.824521 0.15238 0.25735 0.32723
vt 0.203036 0.886879
vn 0.000000 0.000000 1.000000
f 3940/3940/3940 3941/3941/3941 3942/3942/3942
v 0.582452 2.912261 -5.824521 0.16748 0.26640 0.33025
vt 0.224164 0.874090
vn 0.000000 0.000000 1.000000
v 0.000000 2.912261 -5.824521 0.16748 0.26640 0.33025
vt 0.247898 0.874168
vn 0.000000 0.000000 1.000000
v 0.000000 2.329809 -5.824521 0.16748 0.26640 0.33025
vt 0.247857 0.887038
vn 0.000000 0.000000 1.000000
f 3943/3943/3943 3944/3944/3944 3945/3945/3945
v 0.582452 2.912261 -5.824521 0.14936 0.27244 0.32723
vt 0.224164 0.874090
vn 0.000000 0.000000 1.000000
v 0.000000 2.329809 -5.824521 0.14936 0.27244 0.32723
vt 0.247857 0.887038
vn 0.000000 0.000000 1.000000
v 0.582452 2.329809 -5.824521 0.14936 0.27244 0.32723
vt 0.224106 0.886962
vn 0.000000 0.000000 1.000000
f 3946/3946/3946 3947/3947/3947 3948/3948/3948
v 0.000000 2.912261 -5.824521 0.18861 0.28150 0.33931
vt 0.247898 0.874168
vn 0.000000 0.000000 1.000000
v -0.582452 2.912261 -5.824521 0.18861 0.28150 0.33931
vt 0.271633 0.874193
vn 0.000000 0.000000 1.000000
v -0.582452 2.329809 -5.824521 0.18861 0.28150 0.33931
vt 0.271607 0.887064
vn 0.000000 0.000000 1.000000
f 3949/3949/3949 3950/3950/3950 3951/3951/3951
v 0.000000 2.912261 -5.824521 0.17955 0.28150 0.33025
vt 0.247898 0.874168
vn 0.000000 0.000000 1.000000
v -0.582452 2.329809 -5.824521 0.17955 0.28150 0.33025
vt 0.271607 0.887064
vn 0.000000 0.000000 1.000000
v 0.000000 2.329809 -5.824521 0.17955 0.28150 0.33025
vt 0.247857 0.887038
vn 0.000000 0.000000 1.000000
f 3952/3952/3952 3953/3953/3953 3954/3954/3954
v -0.582452 2.912261 -5.824521 0.17654 0.27546 0.33327
vt 0.271633 0.874193
vn 0.000000 0.000000 1.000000
v -1.164904 2.912261 -5.824521 0.17654 0.27546 0.33327
vt 0.292684 0.874214
vn 0.000000 0.000000 1.000000
v -1.164904 2.329809 -5.824521 0.17654 0.27546 0.33327
vt 0.292742 0.887095
vn 0.000000 0.000000 1.000000
f 3955/3955/3955 3956/3956/3956 3957/3957/3957
v -0.582452 2.912261 -5.824521 0.16748 0.26640 0.33025
vt 0.271633 0.874193
vn 0.000000 0.000000 1.000000
v -1.164904 2.329809 -5.824521 0.16748 0.26640 0.33025
vt 0.292742 0.887095
vn 0.000000 0.000000 1.000000
v -0.582452 2.329809 -5.824521 0.16748 0.26640 0.33025
vt 0.271607 0.887064
vn 0.000000 0.000000 1.000000
f 3958/3958/3958 3959/3959/3959 3960/3960/3960
v -1.164904 2.912261 -5.824521 0.15540 0.26942 0.32119
vt 0.292684 0.874214
vn 0.000000 0.000000 1.000000
v -1.747356 2.912261 -5.824521 0.15540 0.26942 0.32119
vt 0.312181 0.874359
vn 0.000000 0.000000 1.000000
v -1.164904 2.329809 -5.824521 0.15540 0.26942 0.32119
vt 0.299883 0.887118
vn 0.000000 0.000000 1.000000
f 3961/3961/3961 3962/3962/3962 3963/3963/3963
v -1.747356 2.912261 -5.824521 0.15540 0.26338 0.32421
vt 0.312181 0.874359
vn 0.000000 -0.447214 0.894427
v -1.747356 1.747356 -6.406973 0.15540 0.26338 0.32421
vt 0.313650 0.950105
vn 0.000000 -0.447214 0.894427
v -1.164904 1.747356 -6.406973 0.15540 0.26338 0.32421
vt 0.300466 0.937484
vn 0.000000 -0.447214 0.894427
f 3964/3964/3964 3965/3965/3965 3966/3966/3966
v -1.747356 2.912261 -5.824521 0.16446 0.26640 0.32119
vt 0.312181 0.874359
vn -0.577350 -0.577350 0.577350
v -1.164904 1.747356 -6.406973 0.16446 0.26640 0.32119
vt 0.300466 0.937484
vn -0.577350 -0.577350 0.577350
v -1.164904 2.329809 -5.824521 0.16446 0.26640 0.32119
vt 0.299883 0.887118
vn -0.577350 -0.577350 0.577350
f 3967/3967/3967 3968/3968/3968 3969/3969/3969
v 1.747356 1.747356 -6.406973 0.15238 0.26338 0.33629
vt 0.181275 0.949689
vn 0.408248 -0.408248 0.816497
v 1.747356 2.912261 -5.824521 0.15238 0.26338 0.33629
vt 0.183650 0.873981
vn 0.408248 -0.408248 0.816497
v 1.164904 2.329809 -5.824521 0.15238 0.26338 0.33629
vt 0.195819 0.886854
vn 0.408248 -0.408248 0.816497
f 3970/3970/3970 3971/3971/3971 3972/3972/3972
v 1.747356 1.747356 -6.406973 0.15238 0.26338 0.33025
vt 0.181275 0.949689
vn 0.000000 -0.707107 0.707107
v 1.164904 2.329809 -5.824521 0.15238 0.26338 0.33025
vt 0.195819 0.886854
vn 0.000000 -0.707107 0.707107
v 1.164904 1.747356 -6.406973 0.15238 0.26338 0.33025
vt 0.194736 0.937212
vn 0.000000 -0.707107 0.707107
f 3973/3973/3973 3974/3974/3974 3975/3975/3975
v 1.747356 2.912261 -5.824521 0.16144 0.26640 0.33327
vt 0.183650 0.873981
vn 0.000000 0.000000 1.000000
v 1.164904 2.912261 -5.824521 0.16144 0.26640 0.33327
vt 0.203190 0.873996
vn 0.000000 0.000000 1.000000
v 1.164904 2.329809 -5.824521 0.16144 0.26640 0.33327
vt 0.203036 0.886879
vn 0.000000 0.000000 1.000000
f 3976/3976/3976 3977/3977/3977 3978/3978/3978
v 1.164904 2.329809 -5.824521 0.15238 0.26338 0.33025
vt 0.203036 0.886879
vn -0.000000 -1.000000 0.000000
v 0.582452 2.329809 -5.824521 0.15238 0.26338 0.33025
vt 0.224106 0.886962
vn -0.000000 -1.000000 0.000000
v 0.582452 2.329809 -6.406973 0.15238 0.26338 0.33025
vt 0.224065 0.888679
vn -0.000000 -1.000000 0.000000
f 3979/3979/3979 3980/3980/3980 3981/3981/3981
v 1.164904 2.329809 -5.824521 0.15238 0.25735 0.32723
vt 0.203036 0.886879
vn 0.000000 -1.000000 -0.000000
v 0.582452 2.329809 -6.406973 0.15238 0.25735 0.32723
vt 0.224065 0.888679
vn 0.000000 -1.000000 -0.000000
v 1.164904 2.329809 -6.406973 0.15238 0.25735 0.32723
vt 0.202949 0.888541
vn 0.000000 -1.000000 -0.000000
f 3982/3982/3982 3983/3983/3983 3984/3984/3984
v 0.582452 2.329809 -5.824521 0.17654 0.26942 0.33327
vt 0.224106 0.886962
vn -0.000000 -1.000000 0.000000
v 0.000000 2.329809 -5.824521 0.17654 0.26942 0.33327
vt 0.247857 0.887038
vn -0.000000 -1.000000 0.000000
v -0.000000 2.329809 -6.406973 0.17654 0.26942 0.33327
vt 0.247840 0.888765
vn -0.000000 -1.000000 0.000000
f 3985/3985/3985 3986/3986/3986 3987/3987/3987
v 0.582452 2.329809 -5.824521 0.15238 0.26640 0.32421
vt 0.224106 0.886962
vn 0.000000 -1.000000 -0.000000
v -0.000000 2.329809 -6.406973 0.15238 0.26640 0.32421
vt 0.247840 0.888765
vn 0.000000 -1.000000 -0.000000
v 0.582452 2.329809 -6.406973 0.15238 0.26640 0.32421
vt 0.224065 0.888679
vn 0.000000 -1.000000 -0.000000
f 3988/3988/3988 3989/3989/3989 3990/3990/3990
v 0.000000 2.329809 -5.824521 0.18257 0.28150 0.33931
vt 0.247857 0.887038
vn -0.000000 -1.000000 0.000000
v -0.582452 2.329809 -5.824521 0.18257 0.28150 0.33931
vt 0.271607 0.887064
vn -0.000000 -1.000000 0.000000
v -0.582452 2.329809 -6.406973 0.18257 0.28150 0.33931
vt 0.271619 0.888780
vn -0.000000 -1.000000 0.000000
f 3991/3991/3991 3992/3992/3992 3993/3993/3993
v 0.000000 2.329809 -5.824521 0.17955 0.27848 0.33629
vt 0.247857 0.887038
vn 0.000000 -1.000000 0.000000
v -0.582452 2.329809 -6.406973 0.17955 0.27848 0.33629
vt 0.271619 0.888780
vn 0.000000 -1.000000 0.000000
v -0.000000 2.329809 -6.406973 0.17955 0.27848 0.33629
vt 0.247840 0.888765
vn 0.000000 -1.000000 0.000000
f 3994/3994/3994 3995/3995/3995 3996/3996/3996
v -0.582452 2.329809 -5.824521 0.17050 0.26036 0.32723
vt 0.271607 0.887064
vn -0.000000 -1.000000 0.000000
v -1.164904 2.329809 -5.824521 0.17050 0.26036 0.32723
vt 0.292742 0.887095
vn -0.000000 -1.000000 0.000000
v -1.164904 2.329809 -6.406973 0.17050 0.26036 0.32723
vt 0.292809 0.888760
vn -0.000000 -1.000000 0.000000
f 3997/3997/3997 3998/3998/3998 3999/3999/3999
v -0.582452 2.329809 -5.824521 0.16144 0.26036 0.32421
vt 0.271607 0.887064
vn 0.000000 -1.000000 -0.000000
v -1.164904 2.329809 -6.406973 0.16144 0.26036 0.32421
vt 0.292809 0.888760
vn 0.000000 -1.000000 -0.000000
v -0.582452 2.329809 -6.406973 0.16144 0.26036 0.32421
vt 0.271619 0.888780
vn 0.000000 -1.000000 -0.000000
f 4000/4000/4000 4001/4001/4001 4002/4002/4002
v -1.164904 2.329809 -5.824521 0.16748 0.26036 0.31817
vt 0.299883 0.887118
vn 1.000000 0.000000 0.000000
v -1.164904 1.747356 -6.406973 0.16748 0.26036 0.31817
vt 0.298763 0.935828
vn 1.000000 0.000000 0.000000
v -1.164904 2.329809 -6.406973 0.16748 0.26036 0.31817
vt 0.298354 0.888746
vn 1.000000 0.000000 0.000000
f 4003/4003/4003 4004/4004/4004 4005/4005/4005
v 1.164904 1.747356 -6.406973 0.16446 0.26942 0.33629
vt 0.194736 0.937212
vn -1.000000 0.000000 0.000000
v 1.164904 2.329809 -5.824521 0.16446 0.26942 0.33629
vt 0.195819 0.886854
vn -1.000000 0.000000 0.000000
v 1.164904 2.329809 -6.406973 0.16446 0.26942 0.33629
vt 0.197337 0.888493
vn -1.000000 0.000000 0.000000
f 4006/4006/4006 4007/4007/4007 4008/4008/4008
v 0.582452 2.912261 -5.824521 0.15540 0.26640 0.33931
vt 0.224164 0.874090
vn -0.000000 1.000000 0.000000
v 1.164904 2.912261 -5.824521 0.15540 0.26640 0.33931
vt 0.203190 0.873996
vn -0.000000 1.000000 0.000000
v 1.164904 2.912261 -6.406973 0.15540 0.26640 0.33931
vt 0.203003 0.861121
vn -0.000000 1.000000 0.000000
f 4009/4009/4009 4010/4010/4010 4011/4011/4011
v 0.582452 2.912261 -5.824521 0.15238 0.26338 0.33629
vt 0.224164 0.874090
vn 0.000000 1.000000 0.000000
v 1.164904 2.912261 -6.406973 0.15238 0.26338 0.33629
vt 0.203003 0.861121
vn 0.000000 1.000000 0.000000
v 0.582452 2.912261 -6.406973 0.15238 0.26338 0.33629
vt 0.224141 0.861237
vn 0.000000 1.000000 0.000000
f 4012/4012/4012 4013/4013/4013 4014/4014/4014
v 1.164904 2.912261 -5.824521 0.14634 0.26640 0.33025
vt 0.203190 0.873996
vn -0.000000 1.000000 0.000000
v 1.747356 2.912261 -5.824521 0.14634 0.26640 0.33025
vt 0.183650 0.873981
vn -0.000000 1.000000 0.000000
v 1.164904 2.912261 -6.406973 0.14634 0.26640 0.33025
vt 0.195689 0.861121
vn -0.000000 1.000000 0.000000
f 4015/4015/4015 4016/4016/4016 4017/4017/4017
v 1.747356 2.912261 -5.824521 0.65665 0.20903 0.24872
vt 0.183650 0.873981
vn 0.000000 1.000000 0.000000
v 1.747356 2.912261 -6.406973 0.65665 0.20903 0.24872
vt 0.181541 0.834361
vn 0.000000 1.000000 0.000000
v 1.164904 2.912261 -6.406973 0.65665 0.20903 0.24872
vt 0.195151 0.846868
vn 0.000000 1.000000 0.000000
f 4018/4018/4018 4019/4019/4019 4020/4020/4020
v -1.747356 2.912261 -6.406973 0.19767 0.28452 0.37253
vt 0.314503 0.834715
vn 0.000000 1.000000 0.000000
v -1.747356 2.912261 -5.824521 0.19767 0.28452 0.37253
vt 0.312181 0.874359
vn 0.000000 1.000000 0.000000
v -1.164904 2.912261 -6.406973 0.19767 0.28452 0.37253
vt 0.300197 0.861387
vn 0.000000 1.000000 0.000000
f 4021/4021/4021 4022/4022/4022 4023/4023/4023
v -1.747356 2.912261 -5.824521 0.18257 0.26640 0.32723
vt 0.312181 0.874359
vn -0.000000 1.000000 0.000000
v -1.164904 2.912261 -5.824521 0.18257 0.26640 0.32723
vt 0.292684 0.874214
vn -0.000000 1.000000 0.000000
v -1.164904 2.912261 -6.406973 0.18257 0.26640 0.32723
vt 0.292946 0.861339
vn -0.000000 1.000000 0.000000
f 4024/4024/4024 4025/4025/4025 4026/4026/4026
v -1.164904 2.912261 -5.824521 0.19767 0.27546 0.33931
vt 0.292684 0.874214
vn -0.000000 1.000000 0.000000
v -0.582452 2.912261 -5.824521 0.19767 0.27546 0.33931
vt 0.271633 0.874193
vn -0.000000 1.000000 0.000000
v -0.582452 2.912261 -6.406973 0.19767 0.27546 0.33931
vt 0.271730 0.861341
vn -0.000000 1.000000 0.000000
f 4027/4027/4027 4028/4028/4028 4029/4029/4029
v -1.164904 2.912261 -5.824521 0.22787 0.29358 0.34837
vt 0.292684 0.874214
vn 0.000000 1.000000 0.000000
v -0.582452 2.912261 -6.406973 0.22787 0.29358 0.34837
vt 0.271730 0.861341
vn 0.000000 1.000000 0.000000
v -1.164904 2.912261 -6.406973 0.22787 0.29358 0.34837
vt 0.292946 0.861339
vn 0.000000 1.000000 0.000000
f 4030/4030/4030 4031/4031/4031 4032/4032/4032
v -0.582452 2.912261 -5.824521 0.20371 0.29660 0.35743
vt 0.271633 0.874193
vn -0.000000 1.000000 0.000000
v 0.000000 2.912261 -5.824521 0.20371 0.29660 0.35743
vt 0.247898 0.874168
vn -0.000000 1.000000 0.000000
v 0.000000 2.912261 -6.406973 0.20371 0.29660 0.35743
vt 0.247934 0.861316
vn -0.000000 1.000000 0.000000
f 4033/4033/4033 4034/4034/4034 4035/4035/4035
v -0.582452 2.912261 -5.824521 0.17955 0.26338 0.31817
vt 0.271633 0.874193
vn 0.000000 1.000000 0.000000
v 0.000000 2.912261 -6.406973 0.17955 0.26338 0.31817
vt 0.247934 0.861316
vn 0.000000 1.000000 0.000000
v -0.582452 2.912261 -6.406973 0.17955 0.26338 0.31817
vt 0.271730 0.861341
vn 0.000000 1.000000 0.000000
f 4036/4036/4036 4037/4037/4037 4038/4038/4038
v 0.000000 2.912261 -5.824521 0.15540 0.26640 0.33327
vt 0.247898 0.874168
vn -0.000000 1.000000 0.000000
v 0.582452 2.912261 -5.824521 0.15540 0.26640 0.33327
vt 0.224164 0.874090
vn -0.000000 1.000000 0.000000
v 0.582452 2.912261 -6.406973 0.15540 0.26640 0.33327
vt 0.224141 0.861237
vn -0.000000 1.000000 0.000000
f 4039/4039/4039 4040/4040/4040 4041/4041/4041
v 0.000000 2.912261 -5.824521 0.15540 0.26036 0.33025
vt 0.247898 0.874168
vn 0.000000 1.000000 0.000000
v 0.582452 2.912261 -6.406973 0.15540 0.26036 0.33025
vt 0.224141 0.861237
vn 0.000000 1.000000 0.000000
v 0.000000 2.912261 -6.406973 0.15540 0.26036 0.33025
vt 0.247934 0.861316
vn 0.000000 1.000000 0.000000
f 4042/4042/4042 4043/4043/4043 4044/4044/4044
v 2.912261 1.164904 -8.736782 0.15238 0.26640 0.32421
vt 0.927291 0.907790
vn 1.000000 0.000000 0.000000
v 2.912261 0.582452 -8.736782 0.15238 0.26640 0.32421
vt 0.927804 0.856403
vn 1.000000 0.000000 0.000000
v 2.912261 1.164904 -9.319234 0.15238 0.26640 0.32421
vt 0.930416 0.868111
vn 1.000000 0.000000 0.000000
f 4045/4045/4045 4046/4046/4046 4047/4047/4047
v 2.912261 0.582452 -8.736782 0.14936 0.26036 0.32723
vt 0.927804 0.856403
vn 1.000000 0.000000 0.000000
v 2.912261 0.582452 -9.901686 0.14936 0.26036 0.32723
vt 0.940259 0.856510
vn 1.000000 0.000000 0.000000
v 2.912261 1.164904 -9.901686 0.14936 0.26036 0.32723
vt 0.937440 0.868175
vn 1.000000 0.000000 0.000000
f 4048/4048/4048 4049/4049/4049 4050/4050/4050
v 2.912261 0.582452 -8.736782 0.17352 0.28452 0.35743
vt 0.927804 0.856403
vn 1.000000 0.000000 0.000000
v 2.912261 1.164904 -9.901686 0.17352 0.28452 0.35743
vt 0.937440 0.868175
vn 1.000000 0.000000 0.000000
v 2.912261 1.164904 -9.319234 0.17352 0.28452 0.35743
vt 0.930416 0.868111
vn 1.000000 0.000000 0.000000
f 4051/4051/4051 4052/4052/4052 4053/4053/4053
v 2.912261 0.582452 -9.901686 0.16446 0.26942 0.32421
vt 0.940465 0.832191
vn 1.000000 0.000000 -0.000000
v 2.912261 0.582452 -8.736782 0.16446 0.26942 0.32421
vt 0.928013 0.832084
vn 1.000000 0.000000 -0.000000
v 2.912261 0.000000 -9.319234 0.16446 0.26942 0.32421
vt 0.930848 0.818812
vn 1.000000 0.000000 -0.000000
f 4054/4054/4054 4055/4055/4055 4056/4056/4056
v 2.912261 0.582452 -9.901686 0.26108 0.25735 0.32119
vt 0.940465 0.832191
vn 1.000000 0.000000 0.000000
v 2.912261 0.000000 -9.319234 0.26108 0.25735 0.32119
vt 0.930848 0.818812
vn 1.000000 0.000000 0.000000
v 2.912261 0.000000 -9.901686 0.26108 0.25735 0.32119
vt 0.937872 0.818873
vn 1.000000 0.000000 0.000000
f 4057/4057/4057 4058/4058/4058 4059/4059/4059
v 2.912261 0.582452 -8.736782 0.73214 0.19695 0.17927
vt 0.928013 0.832084
vn 1.000000 0.000000 0.000000
v 2.912261 -0.582452 -8.736782 0.73214 0.19695 0.17927
vt 0.928484 0.772496
vn 1.000000 0.000000 0.000000
v 2.912261 -0.000000 -9.319234 0.73214 0.19695 0.17927
vt 0.931092 0.785816
vn 1.000000 0.000000 0.000000
f 4060/4060/4060 4061/4061/4061 4062/4062/4062
v 2.912261 -0.582452 -8.736782 0.71101 0.19997 0.20343
vt 0.928484 0.772496
vn 1.000000 0.000000 0.000000
v 2.912261 -0.582452 -9.901686 0.71101 0.19997 0.20343
vt 0.940932 0.772613
vn 1.000000 0.000000 0.000000
v 2.912261 -0.000000 -9.901686 0.71101 0.19997 0.20343
vt 0.938116 0.785876
vn 1.000000 0.000000 0.000000
f 4063/4063/4063 4064/4064/4064 4065/4065/4065
v 2.912261 -0.582452 -8.736782 0.71705 0.17582 0.16719
vt 0.928484 0.772496
vn 1.000000 0.000000 0.000000
v 2.912261 -0.000000 -9.901686 0.71705 0.17582 0.16719
vt 0.938116 0.785876
vn 1.000000 0.000000 0.000000
v 2.912261 -0.000000 -9.319234 0.71705 0.17582 0.16719
vt 0.931092 0.785816
vn 1.000000 0.000000 0.000000
f 4066/4066/4066 4067/4067/4067 4068/4068/4068
v -2.912261 0.582452 -9.901686 0.16446 0.26942 0.33025
vt 0.650107 0.853951
vn -1.000000 0.000000 0.000000
v -2.912261 0.582452 -8.736782 0.16446 0.26942 0.33025
vt 0.662604 0.854060
vn -1.000000 0.000000 0.000000
v -2.912261 1.164904 -9.319234 0.16446 0.26942 0.33025
vt 0.659799 0.865719
vn -1.000000 0.000000 0.000000
f 4069/4069/4069 4070/4070/4070 4071/4071/4071
v -2.912261 0.582452 -9.901686 0.15842 0.27244 0.33629
vt 0.650107 0.853951
vn -1.000000 0.000000 0.000000
v -2.912261 1.164904 -9.319234 0.15842 0.27244 0.33629
vt 0.659799 0.865719
vn -1.000000 0.000000 0.000000
v -2.912261 1.164904 -9.901686 0.15842 0.27244 0.33629
vt 0.652768 0.865667
vn -1.000000 0.000000 0.000000
f 4072/4072/4072 4073/4073/4073 4074/4074/4074
v -2.912261 0.582452 -8.736782 0.19465 0.27244 0.33629
vt 0.662604 0.854060
vn -1.000000 0.000000 0.000000
v -2.912261 1.164904 -8.736782 0.19465 0.27244 0.33629
vt 0.662282 0.905451
vn -1.000000 0.000000 0.000000
v -2.912261 1.164904 -9.319234 0.19465 0.27244 0.33629
vt 0.659638 0.893739
vn -1.000000 0.000000 0.000000
f 4075/4075/4075 4076/4076/4076 4077/4077/4077
v -2.912261 0.582452 -8.736782 0.17352 0.26942 0.33327
vt 0.662815 0.829740
vn -1.000000 0.000000 -0.000000
v -2.912261 0.582452 -9.901686 0.17352 0.26942 0.33327
vt 0.650318 0.829622
vn -1.000000 0.000000 -0.000000
v -2.912261 0.000000 -9.901686 0.17352 0.26942 0.33327
vt 0.653185 0.816353
vn -1.000000 0.000000 -0.000000
f 4078/4078/4078 4079/4079/4079 4080/4080/4080
v -2.912261 0.582452 -8.736782 0.16748 0.27244 0.33327
vt 0.662815 0.829740
vn -1.000000 0.000000 0.000000
v -2.912261 0.000000 -9.901686 0.16748 0.27244 0.33327
vt 0.653185 0.816353
vn -1.000000 0.000000 0.000000
v -2.912261 0.000000 -9.319234 0.16748 0.27244 0.33327
vt 0.660217 0.816421
vn -1.000000 0.000000 0.000000
f 4081/4081/4081 4082/4082/4082 4083/4083/4083
v -2.912261 -0.582452 -9.901686 0.77140 0.15166 0.14908
vt 0.650955 0.770043
vn -1.000000 0.000000 0.000000
v -2.912261 -0.582452 -8.736782 0.77140 0.15166 0.14908
vt 0.663424 0.770155
vn -1.000000 0.000000 0.000000
v -2.912261 -0.000000 -9.319234 0.77140 0.15166 0.14908
vt 0.660575 0.783425
vn -1.000000 0.000000 0.000000
f 4084/4084/4084 4085/4085/4085 4086/4086/4086
v -2.912261 -0.582452 -9.901686 0.73516 0.18185 0.15512
vt 0.650955 0.770043
vn -1.000000 0.000000 0.000000
v -2.912261 -0.000000 -9.319234 0.73516 0.18185 0.15512
vt 0.660575 0.783425
vn -1.000000 0.000000 0.000000
v -2.912261 -0.000000 -9.901686 0.73516 0.18185 0.15512
vt 0.653547 0.783358
vn -1.000000 0.000000 0.000000
f 4087/4087/4087 4088/4088/4088 4089/4089/4089
v -2.912261 -0.582452 -8.736782 0.68987 0.24225 0.19437
vt 0.663424 0.770155
vn -1.000000 0.000000 0.000000
v -2.912261 0.582452 -8.736782 0.68987 0.24225 0.19437
vt 0.662815 0.829740
vn -1.000000 0.000000 0.000000
v -2.912261 0.000000 -9.319234 0.68987 0.24225 0.19437
vt 0.660217 0.816421
vn -1.000000 0.000000 0.000000
f 4090/4090/4090 4091/4091/4091 4092/4092/4092
v 2.329809 -2.329809 12.231495 0.91030 0.91260 0.89190
vt 0.287330 0.418724
vn 1.000000 -0.000000 0.000000
v 2.329809 -2.329809 11.649043 0.91030 0.91260 0.89190
vt 0.299223 0.417237
vn 1.000000 -0.000000 0.000000
v 2.329809 -1.747356 12.231495 0.91030 0.91260 0.89190
vt 0.329545 0.448434
vn 1.000000 -0.000000 0.000000
f 4093/4093/4093 4094/4094/4094 4095/4095/4095
v 2.329809 -2.329809 12.231495 0.91030 0.91260 0.89190
vt 0.287330 0.418724
vn 1.000000 0.000000 0.000000
v 2.329809 -1.747356 12.231495 0.91030 0.91260 0.89190
vt 0.329545 0.448434
vn 1.000000 0.000000 0.000000
v 2.329809 -1.747356 12.813947 0.91030 0.91260 0.89190
vt 0.314961 0.450574
vn 1.000000 0.000000 0.000000
f 4096/4096/4096 4097/4097/4097 4098/4098/4098
