frame,timestamp_ms,wall_ms,stage,transition,tier
12,59.4823,10.9106,boot.first-measured,Idle,-1
13,224.5772,165.1739,boot.first-measured,Idle,-1
14,724.0871,499.5096,boot.first-measured,Idle,-1
15,1516.8252,792.7383,boot.first-measured,Idle,-1
16,1960.4435,443.6182,boot.first-measured,Covering,1
17,2109.6623,149.2189,boot.first-measured,Covering,1
18,2124.8526,15.1902,boot.first-measured,Covering,1
19,2142.3556,17.5031,boot.first-measured,Covering,1
20,2159.6101,17.2545,boot.first-measured,Covering,1
21,2179.006,19.3959,boot.first-measured,Covering,1
22,2200.6935,21.6875,boot.first-measured,Covering,1
23,2215.6259,14.9323,boot.first-measured,Covering,1
24,2230.848,15.2222,boot.first-measured,Covering,1
25,2244.4776,13.6296,boot.first-measured,Covering,1
26,2261.4553,16.9776,boot.first-measured,Covering,1
27,2277.5001,16.0448,boot.first-measured,Covering,1
28,2297.3648,19.8648,boot.first-measured,Covering,1
29,2315.7353,18.3705,boot.first-measured,Covering,1
30,2336.8451,21.1098,boot.first-measured,Covering,1
31,2344.8078,7.9627,boot.first-measured,Covering,1
32,2364.1596,19.3517,boot.first-measured,Covering,1
33,2377.9395,13.78,boot.first-measured,Covering,1
34,2397.4552,19.5157,boot.first-measured,Covering,1
35,2431.5457,34.0904,boot.first-measured,Covering,1
36,2438.0429,6.4973,boot.first-measured,Covering,1
37,2452.3152,14.2723,boot.first-measured,Covering,1
38,2468.9378,16.6225,boot.first-measured,Covering,1
39,2483.5765,14.6387,boot.first-measured,Covering,1
40,2500.4451,16.8687,boot.first-measured,Covering,1
41,2520.2191,19.774,boot.first-measured,Covering,1
42,2541.4466,21.2275,boot.first-measured,Covering,1
43,2560.4656,19.019,boot.first-measured,Covering,1
44,2585.8097,25.3441,boot.first-measured,Covering,1
45,2605.5475,19.7378,boot.first-measured,Covering,1
46,2628.2083,22.6608,boot.first-measured,Covering,1
47,2651.0202,22.8119,boot.first-measured,Covering,1
48,2671.0123,19.9921,boot.first-measured,Covering,1
49,2696.3162,25.3038,boot.first-measured,Covering,1
50,2717.2815,20.9653,boot.first-measured,Covering,1
51,2738.0281,20.7467,boot.first-measured,Covering,1
52,2763.3361,25.3079,boot.first-measured,Covering,1
53,2786.128,22.792,boot.first-measured,Covering,1
54,2804.2802,18.1522,boot.first-measured,Covering,1
55,2829.7196,25.4393,boot.first-measured,Covering,1
56,2852.2551,22.5355,boot.first-measured,Covering,1
57,2870.6289,18.3738,boot.first-measured,Covering,1
58,2895.994,25.3652,boot.first-measured,Covering,1
59,2918.3286,22.3346,boot.first-measured,Covering,1
60,2935.3811,17.0524,boot.first-measured,Covering,1
61,2954.7916,19.4104,boot.first-measured,Covering,1
62,2972.4824,17.691,boot.first-measured,Covering,1
63,3001.1344,28.652,boot.first-measured,Covering,1
64,3009.0082,7.8738,boot.first-measured,Covering,1
65,3027.0066,17.9984,boot.first-measured,Covering,1
66,3043.0512,16.0445,boot.first-measured,Covering,1
67,3060.5083,17.4572,boot.first-measured,Covering,1
68,3075.6051,15.0968,boot.first-measured,Covering,1
69,3103.7872,28.1822,boot.first-measured,Covering,1
70,3109.8995,6.1123,boot.first-measured,CoveredLoading,1
71,3127.414,17.5144,boot.first-measured,CoveredLoading,1
72,3143.9602,16.5461,boot.first-measured,CoveredLoading,1
73,3720.2546,576.2945,boot.first-measured,CoveredLoading,1
74,4435.337,715.0823,boot.first-measured,CoveredLoading,1
75,4478.5931,43.2562,boot.first-measured,CoveredLoading,1
76,4507.1402,28.5471,boot.first-measured,CoveredLoading,1
77,4540.4793,33.3391,boot.first-measured,CoveredLoading,1
78,4562.4736,21.9943,boot.first-measured,CoveredLoading,1
79,4590.6467,28.1732,boot.first-measured,CoveredLoading,1
80,4618.4887,27.8419,boot.first-measured,CoveredLoading,1
81,4664.6651,46.1763,boot.first-measured,CoveredLoading,1
82,4692.782,28.117,boot.first-measured,CoveredLoading,1
83,4737.7804,44.9985,boot.first-measured,CoveredLoading,1
84,4788.2907,50.5099,boot.first-measured,CoveredLoading,1
85,4800.2344,11.9441,boot.first-measured,CoveredLoading,1
86,4824.065,23.8305,boot.first-measured,CoveredLoading,1
87,4853.1129,29.0479,boot.first-measured,CoveredLoading,1
88,4883.8987,30.7859,boot.first-measured,CoveredLoading,1
89,4929.1935,45.2947,boot.first-measured,CoveredLoading,1
90,4944.9201,15.7265,boot.first-measured,CoveredLoading,1
91,4977.2292,32.3092,boot.first-measured,CoveredLoading,1
92,5017.8373,40.6081,boot.first-measured,CoveredLoading,1
93,5049.5765,31.7392,boot.first-measured,CoveredLoading,1
94,5082.3385,32.762,boot.first-measured,CoveredLoading,1
95,5134.0175,51.679,boot.first-measured,CoveredLoading,1
96,5162.1294,28.1119,boot.first-measured,Preparing,1
97,5204.4694,42.34,boot.first-measured,Preparing,1
98,5226.857,22.3877,boot.first-measured,Preparing,1
99,5260.0879,33.2308,boot.first-measured,Preparing,1
100,5299.5614,39.4735,boot.first-measured,Preparing,1
101,5331.8417,32.2803,boot.first-measured,Preparing,1
102,5361.9475,30.1058,boot.first-measured,Preparing,1
103,5394.2464,32.2988,boot.first-measured,Preparing,1
104,5428.2937,34.0474,boot.first-measured,Revealing,1
105,5465.9233,37.6296,boot.first-measured,Revealing,1
106,5506.7469,40.8236,boot.first-measured,Revealing,1
107,5533.1319,26.385,boot.first-measured,Revealing,1
108,5571.1919,38.06,boot.first-measured,Revealing,1
109,5597.895,26.7031,boot.first-measured,Revealing,1
110,5633.9164,36.0214,boot.first-measured,Revealing,1
111,5675.2086,41.2922,boot.first-measured,Revealing,1
112,5726.2606,51.052,boot.first-measured,Revealing,1
113,5743.1057,16.845,boot.first-measured,Revealing,1
114,5777.409,34.3034,boot.first-measured,Revealing,1
115,5810.9532,33.5441,boot.first-measured,Revealing,1
116,5844.5562,33.603,boot.first-measured,Revealing,1
117,5877.9142,33.3581,boot.first-measured,Revealing,1
118,5932.2312,54.3169,boot.first-measured,Revealing,1
119,5950.7432,18.5117,boot.first-measured,Revealing,1
120,5988.1175,37.3747,boot.first-measured,Revealing,1
121,6024.7626,36.6451,boot.first-measured,Revealing,1
122,6063.4473,38.6848,boot.first-measured,Revealing,1
123,6095.896,32.4486,boot.first-measured,Revealing,1
124,6160.4814,64.5854,boot.first-measured,Revealing,1
125,6178.5108,18.0294,boot.first-measured,Revealing,1
126,6222.6552,44.1443,boot.first-measured,Revealing,1
127,6261.1747,38.5196,boot.first-measured,Revealing,1
128,6302.0576,40.8828,boot.first-measured,Revealing,1
129,6341.0534,38.9959,boot.first-measured,Revealing,1
130,6378.8012,37.7479,boot.first-measured,Revealing,1
131,6412.096,33.2948,boot.first-measured,Revealing,1
132,6449.886,37.7898,boot.first-measured,Revealing,1
133,6500.6329,50.747,boot.first-measured,Revealing,1
134,6549.2775,48.6445,boot.first-measured,Revealing,1
135,6558.9041,9.6267,boot.first-measured,Revealing,1
136,6611.821,52.9169,boot.first-measured,Revealing,1
137,6627.4538,15.6328,boot.first-measured,Revealing,1
138,6664.4008,36.947,boot.first-measured,Revealing,1
139,6700.9487,36.5477,boot.first-measured,Revealing,1
140,6742.6113,41.6628,boot.first-measured,Revealing,1
141,6777.7323,35.121,boot.first-measured,Revealing,1
142,6823.293,45.5607,boot.first-measured,Revealing,1
143,6850.4459,27.1528,boot.first-measured,Idle,1
144,6887.6656,37.2198,boot.first-measured,Idle,1
145,7062.149,174.4833,menu.high.initial-load,Idle,2
146,7484.0341,421.8852,menu.high.initial-load,Idle,2
147,8288.3996,804.3653,menu.high.initial-load,Idle,2
148,8315.935,27.5355,menu.high.initial-load,Idle,2
149,8350.4206,34.4857,menu.high.initial-load,Idle,2
150,8376.0323,25.6117,menu.high.initial-load,Idle,2
151,8409.1448,33.1125,menu.high.initial-load,Idle,2
152,8435.8106,26.6657,menu.high.initial-load,Idle,2
153,8468.2747,32.4642,menu.high.initial-load,Idle,2
154,8500.4412,32.1663,menu.high.initial-load,Idle,2
155,8527.8481,27.4071,menu.high.initial-load,Idle,2
156,8561.1956,33.3473,menu.high.initial-load,Idle,2
157,8622.2799,61.0843,menu.high.initial-load,Idle,2
158,8634.1784,11.8987,menu.high.initial-load,Idle,2
159,8658.3628,24.1844,menu.high.initial-load,Idle,2
160,8690.6665,32.3037,menu.high.initial-load,Idle,2
161,8718.354,27.6875,menu.high.initial-load,Idle,2
162,8750.2192,31.8651,menu.high.initial-load,Idle,2
163,8777.9033,27.6841,menu.high.initial-load,Idle,2
164,8807.4825,29.5794,menu.high.initial-load,Idle,2
165,8851.9391,44.4565,menu.high.initial-load,Idle,2
166,8866.8119,14.8727,menu.high.initial-load,Idle,2
167,8894.8949,28.0831,menu.high.initial-load,Idle,2
168,8924.6244,29.7294,menu.high.initial-load,Idle,2
169,8952.3286,27.7041,menu.high.initial-load,Idle,2
170,8983.3631,31.0347,menu.high.initial-load,Idle,2
171,9011.0701,27.7069,menu.high.initial-load,Idle,2
172,9040.5866,29.5166,menu.high.initial-load,Idle,2
173,9068.736,28.1494,menu.high.initial-load,Idle,2
174,9096.5665,27.8304,menu.high.initial-load,Idle,2
175,9144.4126,47.8462,menu.high.initial-load,Idle,2
176,9158.4631,14.0504,menu.high.initial-load,Idle,2
177,9190.2299,31.7669,menu.high.initial-load,Idle,2
178,9217.046,26.8161,menu.high.initial-load,Idle,2
179,9244.6566,27.6106,menu.high.initial-load,Idle,2
180,9273.8578,29.2012,menu.high.initial-load,Idle,2
181,9314.1483,40.2905,menu.high.initial-load,Idle,2
182,9357.1687,43.0204,menu.high.initial-load,Idle,2
183,9368.9848,11.8161,menu.high.initial-load,Idle,2
184,9390.8348,21.8501,menu.high.initial-load,Idle,2
185,9418.6551,27.8202,menu.high.initial-load,Idle,2
186,9445.9416,27.2865,menu.high.initial-load,Idle,2
187,9476.2602,30.3186,menu.high.initial-load,Idle,2
188,9501.2623,25.0021,menu.high.initial-load,Idle,2
189,9529.0143,27.7519,menu.high.initial-load,Idle,2
190,9557.7452,28.731,menu.high.initial-load,Idle,2
191,9585.305,27.5597,menu.high.initial-load,Idle,2
192,9618.9425,33.6376,menu.high.steady,Idle,2
193,9641.0449,22.1024,menu.high.steady,Idle,2
194,9668.5802,27.5352,menu.high.steady,Idle,2
195,9700.0154,31.4352,menu.high.steady,Idle,2
196,9733.6344,33.619,menu.high.steady,Idle,2
197,9756.313,22.6786,menu.high.steady,Idle,2
198,9791.3562,35.0432,menu.high.steady,Idle,2
199,9818.3558,26.9997,menu.high.steady,Idle,2
200,9849.8023,31.4465,menu.high.steady,Idle,2
201,9874.8748,25.0724,menu.high.steady,Idle,2
202,9901.9904,27.1157,menu.high.steady,Idle,2
203,9946.7347,44.7442,menu.high.steady,Idle,2
204,9960.8293,14.0946,menu.high.steady,Idle,2
205,9989.9916,29.1624,menu.high.steady,Idle,2
206,10016.8542,26.8626,menu.high.steady,Idle,2
207,10043.8161,26.9619,menu.high.steady,Idle,2
208,10073.5106,29.6945,menu.high.steady,Idle,2
209,10113.255,39.7444,menu.high.steady,Idle,2
210,10127.5679,14.3128,menu.high.steady,Idle,2
211,10156.5876,29.0198,menu.high.steady,Idle,2
212,10183.556,26.9684,menu.high.steady,Idle,2
213,10210.9348,27.3787,menu.high.steady,Idle,2
214,10229.3436,18.4088,menu.high.steady,Idle,2
215,10258.1463,28.8027,menu.high.steady,Idle,2
216,10284.8634,26.7172,menu.high.steady,Idle,2
217,10312.4921,27.6287,menu.high.steady,Idle,2
218,10341.2682,28.7761,menu.high.steady,Idle,2
219,10384.7802,43.512,menu.high.steady,Idle,2
220,10424.2452,39.465,menu.high.steady,Idle,2
221,10433.8152,9.57,menu.high.steady,Idle,2
222,10457.5306,23.7154,menu.high.steady,Idle,2
223,10484.7511,27.2204,menu.high.steady,Idle,2
224,10507.0373,22.2863,menu.high.steady,Idle,2
225,10534.8662,27.8286,menu.high.steady,Idle,2
226,10562.4188,27.5529,menu.high.steady,Idle,2
227,10591.3503,28.9316,menu.high.steady,Idle,2
228,10618.962,27.6116,menu.high.steady,Idle,2
229,10650.042,31.0799,menu.high.steady,Idle,2
230,10677.2521,27.2103,menu.high.steady,Idle,2
231,10706.8547,29.6025,menu.high.steady,Idle,2
232,10734.3162,27.4614,menu.high.steady,Idle,2
233,10761.9635,27.6473,menu.high.steady,Idle,2
234,10791.3247,29.3613,menu.high.steady,Idle,2
235,10818.2262,26.9015,menu.high.steady,Idle,2
236,10862.5961,44.3699,menu.high.steady,Idle,2
237,10877.351,14.7549,menu.high.steady,Idle,2
238,10906.7867,29.4358,menu.high.steady,Idle,2
239,10933.8501,27.0632,menu.high.steady,Idle,2
240,10961.477,27.6267,menu.high.steady,Idle,2
241,10990.1004,28.6236,menu.high.steady,Idle,2
242,11018.3589,28.2585,menu.high.steady,Idle,2
243,11045.9972,27.6384,menu.high.steady,Idle,2
244,11074.8433,28.8461,menu.high.steady,Idle,2
245,11101.4271,26.5836,menu.high.steady,Idle,2
246,11146.0817,44.6548,menu.high.steady,Idle,2
247,11160.8163,14.7346,menu.high.steady,Idle,2
248,11189.9464,29.13,menu.high.steady,Idle,2
249,11216.567,26.6207,menu.high.steady,Idle,2
250,11241.6097,25.0426,menu.high.steady,Idle,2
251,11273.2591,31.6495,menu.high.steady,Idle,2
252,11312.9464,39.6874,menu.high.steady,Idle,2
253,11327.3647,14.4182,menu.high.steady,Idle,2
254,11356.4992,29.1345,menu.high.steady,Idle,2
255,11383.354,26.8548,menu.high.steady,Idle,2
256,11410.3496,26.9955,menu.high.steady,Idle,2
257,11439.8384,29.4888,menu.high.steady,Idle,2
258,11467.2471,27.4088,menu.high.steady,Idle,2
259,11494.7724,27.5253,menu.high.steady,Idle,2
260,11523.671,28.8985,menu.high.steady,Idle,2
261,11551.2762,27.6052,menu.high.steady,Idle,2
262,11594.8318,43.5557,menu.high.steady,Idle,2
263,11610.7527,15.9208,menu.high.steady,Idle,2
264,11634.7388,23.9861,menu.high.steady,Idle,2
265,11656.4459,21.7071,menu.high.steady,Idle,2
266,11682.527,26.0812,menu.high.steady,Idle,2
267,11711.5988,29.0717,menu.high.steady,Idle,2
268,11752.7786,41.1798,menu.high.steady,Idle,2
269,11786.0664,33.2879,menu.high.steady,Idle,2
270,11800.2839,14.2174,menu.high.steady,Idle,2
271,11819.6345,19.3506,menu.high.steady,Idle,2
272,11839.3347,19.7002,menu.high.steady,Idle,2
273,11860.6414,21.3064,menu.high.steady,Idle,2
274,11886.9064,26.2653,menu.high.steady,Idle,2
275,11914.7717,27.8655,menu.high.steady,Idle,2
276,11942.0402,27.2684,menu.high.steady,Idle,2
277,11973.1126,31.0725,menu.high.steady,Idle,2
278,11999.1877,26.0749,menu.high.steady,Idle,2
279,12024.8991,25.7115,menu.high.steady,Idle,2
280,12051.5245,26.6253,menu.high.steady,Idle,2
281,12082.644,31.1195,menu.high.steady,Idle,2
282,12108.7886,26.1447,menu.high.steady,Idle,2
283,12139.837,31.0484,menu.high.steady,Idle,2
284,12166.3227,26.4856,menu.high.steady,Idle,2
285,12191.9268,25.6042,menu.high.steady,Idle,2
286,12218.3761,26.4493,menu.high.steady,Idle,2
287,12249.7767,31.4003,menu.high.steady,Idle,2
288,12275.9582,26.1818,menu.high.steady,Idle,2
289,12306.5813,30.6231,menu.high.steady,Idle,2
290,12332.8986,26.3173,menu.high.steady,Idle,2
291,12361.7345,28.8359,menu.high.steady,Idle,2
292,12391.0603,29.3259,menu.high.steady,Idle,2
293,12417.6257,26.565,menu.high.steady,Idle,2
294,12445.3678,27.7424,menu.high.steady,Idle,2
295,12474.1483,28.7805,menu.high.steady,Idle,2
296,12499.2981,25.1496,menu.high.steady,Idle,2
297,12527.8236,28.5257,menu.high.steady,Idle,2
298,12557.0244,29.2007,menu.high.steady,Idle,2
299,12583.7272,26.7029,menu.high.steady,Idle,2
300,12611.4539,27.7267,menu.high.steady,Idle,2
301,12640.354,28.9,menu.high.steady,Idle,2
302,12667.2679,26.9139,menu.high.steady,Idle,2
303,12694.7273,27.4595,menu.high.steady,Idle,2
304,12723.7259,28.9984,menu.high.steady,Idle,2
305,12750.5907,26.8649,menu.high.steady,Idle,2
306,12778.446,27.8555,menu.high.steady,Idle,2
307,12807.2373,28.7912,menu.high.steady,Idle,2
308,12834.3272,27.0898,menu.high.steady,Idle,2
309,12861.8015,27.4744,menu.high.steady,Idle,2
310,12890.813,29.0115,menu.high.steady,Idle,2
311,12917.6011,26.788,menu.high.steady,Idle,2
312,12945.5234,27.9224,menu.high.steady,Idle,2
313,12974.0437,28.5203,menu.high.steady,Idle,2
314,13001.0654,27.0216,menu.high.steady,Idle,2
315,13028.9818,27.9165,menu.high.steady,Idle,2
316,13057.6066,28.6248,menu.high.steady,Idle,2
317,13084.1903,26.5836,menu.high.steady,Idle,2
318,13112.0506,27.8604,menu.high.steady,Idle,2
319,13140.5193,28.4686,menu.high.steady,Idle,2
320,13167.4802,26.9608,menu.high.steady,Idle,2
321,13194.8696,27.3896,menu.high.steady,Idle,2
322,13223.9387,29.0691,menu.high.steady,Idle,2
323,13250.8461,26.9074,menu.high.steady,Idle,2
324,13278.8712,28.025,menu.high.steady,Idle,2
325,13304.8426,25.9715,menu.high.steady,Idle,2
326,13333.5949,28.7522,menu.high.steady,Idle,2
327,13365.4079,31.813,menu.high.steady,Idle,2
328,13391.4187,26.0109,menu.high.steady,Idle,2
329,13416.3113,24.8925,menu.high.steady,Idle,2
330,13445.9543,29.6431,menu.high.steady,Idle,2
331,13474.4711,28.5168,menu.high.steady,Idle,2
332,13501.0402,26.5689,menu.high.steady,Idle,2
333,13528.9496,27.9095,menu.high.steady,Idle,2
334,13557.6022,28.6527,menu.high.steady,Idle,2
335,13582.8737,25.2712,menu.high.steady,Idle,2
336,13611.9772,29.1038,menu.high.steady,Idle,2
337,13640.5536,28.5765,menu.high.steady,Idle,2
338,13666.1769,25.6229,menu.high.steady,Idle,2
339,13694.7733,28.5967,menu.high.steady,Idle,2
340,13723.9727,29.1993,menu.high.steady,Idle,2
341,13750.6049,26.6323,menu.high.steady,Idle,2
342,13805.3698,54.7647,audit.snapshot.menu.high.steady,Idle,0
343,13818.194,12.8244,audit.snapshot.menu.high.steady,Idle,0
344,13833.1142,14.9201,audit.snapshot.menu.high.steady,Idle,0
345,13852.1708,19.0567,audit.snapshot.menu.high.steady,Idle,0
346,13876.6831,24.5123,audit.snapshot.menu.high.steady,Idle,0
347,13895.2309,18.5478,audit.snapshot.menu.high.steady,Idle,0
348,13916.9321,21.701,audit.snapshot.menu.high.steady,Idle,0
349,13951.832,34.9002,audit.snapshot.menu.high.steady,Idle,0
350,13960.1041,8.2721,audit.snapshot.menu.high.steady,Idle,0
351,13978.8747,18.7704,audit.snapshot.menu.high.steady,Idle,0
352,14000.4791,21.6044,audit.snapshot.menu.high.steady,Idle,0
353,14023.2082,22.7292,audit.snapshot.menu.high.steady,Idle,0
354,14043.3281,20.1198,audit.snapshot.menu.high.steady,Idle,0
355,14076.1768,32.8487,audit.snapshot.menu.high.steady,Idle,0
356,14090.5444,14.3677,audit.snapshot.menu.high.steady,Idle,0
357,14110.9563,20.4118,audit.snapshot.menu.high.steady,Idle,0
358,14132.4521,21.4958,audit.snapshot.menu.high.steady,Idle,0
359,14151.3377,18.8856,audit.snapshot.menu.high.steady,Idle,0
360,14173.5532,22.2156,audit.snapshot.menu.high.steady,Idle,0
361,14193.5149,19.9617,audit.snapshot.menu.high.steady,Idle,0
362,14212.0185,18.5036,audit.snapshot.menu.high.steady,Idle,0
363,14233.8163,21.7977,audit.snapshot.menu.high.steady,Idle,0
364,14256.3637,22.5475,audit.snapshot.menu.high.steady,Idle,0
365,14276.8453,20.4815,audit.snapshot.menu.high.steady,Idle,0
366,14294.7421,17.8969,audit.snapshot.menu.high.steady,Idle,0
367,14328.5914,33.8492,audit.snapshot.menu.high.steady,Idle,0
368,14360.8766,32.2853,audit.snapshot.menu.high.steady,Idle,0
369,14371.0108,10.1342,audit.snapshot.menu.high.steady,Idle,0
370,14389.5141,18.5034,audit.snapshot.menu.high.steady,Idle,0
371,14407.5496,18.0354,audit.snapshot.menu.high.steady,Idle,0
372,14427.6862,20.1364,menu.tier0.steady,Idle,0
373,14460.9374,33.2512,menu.tier0.steady,Idle,0
374,14475.9941,15.0568,menu.tier0.steady,Idle,0
375,14493.9834,17.9894,menu.tier0.steady,Idle,0
376,14515.7079,21.7129,menu.tier0.steady,Idle,0
377,14542.0265,26.3301,menu.tier0.steady,Idle,0
378,14560.4229,18.3966,menu.tier0.steady,Idle,0
379,14596.2581,35.835,menu.tier0.steady,Idle,0
380,14614.1574,17.8992,menu.tier0.steady,Idle,0
381,14634.4396,20.2823,menu.tier0.steady,Idle,0
382,14656.8151,22.3756,menu.tier0.steady,Idle,0
383,14676.6019,19.7868,menu.tier0.steady,Idle,0
384,14695.381,18.779,menu.tier0.steady,Idle,0
385,14717.2616,21.8807,menu.tier0.steady,Idle,0
386,14740.0312,22.7697,menu.tier0.steady,Idle,0
387,14760.0663,20.035,menu.tier0.steady,Idle,0
388,14778.0986,18.0323,menu.tier0.steady,Idle,0
389,14799.9177,21.819,menu.tier0.steady,Idle,0
390,14818.8257,18.908,menu.tier0.steady,Idle,0
391,14852.5795,33.7538,menu.tier0.steady,Idle,0
392,14883.0629,30.4833,menu.tier0.steady,Idle,0
393,14891.9205,8.8578,menu.tier0.steady,Idle,0
394,14910.3018,18.3813,menu.tier0.steady,Idle,0
395,14928.5707,18.269,menu.tier0.steady,Idle,0
396,14950.5987,22.028,menu.tier0.steady,Idle,0
397,14984.1423,33.5434,menu.tier0.steady,Idle,0
398,15011.4588,27.3165,menu.tier0.steady,Idle,0
399,15021.1367,9.678,menu.tier0.steady,Idle,0
400,15039.9795,18.8428,menu.tier0.steady,Idle,0
401,15059.7572,19.7777,menu.tier0.steady,Idle,0
402,15078.203,18.4458,menu.tier0.steady,Idle,0
403,15110.6069,32.4039,menu.tier0.steady,Idle,0
404,15126.5075,15.9005,menu.tier0.steady,Idle,0
405,15144.9476,18.4402,menu.tier0.steady,Idle,0
406,15166.7291,21.7813,menu.tier0.steady,Idle,0
407,15189.4091,22.6802,menu.tier0.steady,Idle,0
408,15209.5428,20.1336,menu.tier0.steady,Idle,0
409,15228.4523,18.9097,menu.tier0.steady,Idle,0
410,15255.8576,27.4051,menu.tier0.steady,Idle,0
411,15275.8656,20.008,menu.tier0.steady,Idle,0
412,15294.1576,18.2921,menu.tier0.steady,Idle,0
413,15315.5857,21.4281,menu.tier0.steady,Idle,0
414,15334.4678,18.8821,menu.tier0.steady,Idle,0
415,15365.4372,30.9694,menu.tier0.steady,Idle,0
416,15376.4304,10.9931,menu.tier0.steady,Idle,0
417,15394.8679,18.4375,menu.tier0.steady,Idle,0
418,15416.4466,21.5787,menu.tier0.steady,Idle,0
419,15435.3219,18.8753,menu.tier0.steady,Idle,0
420,15457.2494,21.9277,menu.tier0.steady,Idle,0
421,15492.4596,35.2101,menu.tier0.steady,Idle,0
422,15523.9356,31.4759,menu.tier0.steady,Idle,0
423,15533.4303,9.4948,menu.tier0.steady,Idle,0
424,15549.6903,16.2598,menu.tier0.steady,Idle,0
425,15568.2615,18.5713,menu.tier0.steady,Idle,0
426,15590.5564,22.295,menu.tier0.steady,Idle,0
427,15622.878,32.3214,menu.tier0.steady,Idle,0
428,15651.5683,28.6905,menu.tier0.steady,Idle,0
429,15660.3127,8.7443,menu.tier0.steady,Idle,0
430,15678.7997,18.4871,menu.tier0.steady,Idle,0
431,15700.5947,21.7949,menu.tier0.steady,Idle,0
432,15723.198,22.6035,menu.tier0.steady,Idle,0
433,15743.0776,19.8795,menu.tier0.steady,Idle,0
434,15761.3797,18.3021,menu.tier0.steady,Idle,0
435,15783.0212,21.6414,menu.tier0.steady,Idle,0
436,15801.852,18.8309,menu.tier0.steady,Idle,0
437,15824.0201,22.1681,menu.tier0.steady,Idle,0
438,15843.8571,19.837,menu.tier0.steady,Idle,0
439,15877.9641,34.107,menu.tier0.steady,Idle,0
440,15892.4561,14.492,menu.tier0.steady,Idle,0
441,15910.7969,18.3407,menu.tier0.steady,Idle,0
442,15932.4822,21.6853,menu.tier0.steady,Idle,0
443,15951.3385,18.8563,menu.tier0.steady,Idle,0
444,15984.4829,33.1444,menu.tier0.steady,Idle,0
445,16011.7366,27.2535,menu.tier0.steady,Idle,0
446,16024.4568,12.7205,menu.tier0.steady,Idle,0
447,16043.7134,19.2566,menu.tier0.steady,Idle,0
448,16061.465,17.7516,menu.tier0.steady,Idle,0
449,16083.5085,22.0434,menu.tier0.steady,Idle,0
450,16106.4677,22.9593,menu.tier0.steady,Idle,0
451,16126.3492,19.8814,menu.tier0.steady,Idle,0
452,16160.1968,33.8476,menu.tier0.steady,Idle,0
453,16172.8603,12.6636,menu.tier0.steady,Idle,0
454,16192.9309,20.0706,menu.tier0.steady,Idle,0
455,16211.6044,18.6735,menu.tier0.steady,Idle,0
456,16232.8818,21.2772,menu.tier0.steady,Idle,0
457,16251.6318,18.7502,menu.tier0.steady,Idle,0
458,16273.8004,22.1686,menu.tier0.steady,Idle,0
459,16293.8184,20.018,menu.tier0.steady,Idle,0
460,16315.5654,21.7468,menu.tier0.steady,Idle,0
461,16333.7706,18.2054,menu.tier0.steady,Idle,0
462,16361.198,27.4272,menu.tier0.steady,Idle,0
463,16375.5222,14.3244,menu.tier0.steady,Idle,0
464,16393.8149,18.2926,menu.tier0.steady,Idle,0
465,16415.6002,21.7854,menu.tier0.steady,Idle,0
466,16433.9361,18.3359,menu.tier0.steady,Idle,0
467,16456.7417,22.8056,menu.tier0.steady,Idle,0
468,16492.8344,36.0925,menu.tier0.steady,Idle,0
469,16523.659,30.8248,menu.tier0.steady,Idle,0
470,16533.741,10.082,menu.tier0.steady,Idle,0
471,16549.7406,15.9995,menu.tier0.steady,Idle,0
472,16566.3935,16.6529,menu.tier0.steady,Idle,0
473,16588.4642,22.0708,menu.tier0.steady,Idle,0
474,16610.6498,22.1856,menu.tier0.steady,Idle,0
475,16632.3473,21.6973,menu.tier0.steady,Idle,0
476,16651.3559,19.0088,menu.tier0.steady,Idle,0
477,16673.6101,22.2541,menu.tier0.steady,Idle,0
478,16709.446,35.836,menu.tier0.steady,Idle,0
479,16740.5243,31.0781,menu.tier0.steady,Idle,0
480,16750.4011,9.877,menu.tier0.steady,Idle,0
481,16765.8596,15.4584,menu.tier0.steady,Idle,0
482,16784.6512,18.7917,menu.tier0.steady,Idle,0
483,16806.8227,22.1715,menu.tier0.steady,Idle,0
484,16826.7583,19.9355,menu.tier0.steady,Idle,0
485,16845.1116,18.3534,menu.tier0.steady,Idle,0
486,16867.0557,21.9441,menu.tier0.steady,Idle,0
487,16889.6575,22.6018,menu.tier0.steady,Idle,0
488,16909.8324,20.1749,menu.tier0.steady,Idle,0
489,16928.2578,18.4254,menu.tier0.steady,Idle,0
490,16950.3438,22.086,menu.tier0.steady,Idle,0
491,16972.0916,21.7479,menu.tier0.steady,Idle,0
492,16993.5801,21.4885,leaves.tier0.normal.r1,Covering,0
493,17066.5054,72.9252,leaves.tier0.normal.r1,Covering,0
494,17092.0869,25.5814,leaves.tier0.normal.r1,Covering,0
495,17130.2176,38.1306,leaves.tier0.normal.r1,Covering,0
496,17149.4619,19.2443,leaves.tier0.normal.r1,Covering,0
497,17169.651,20.1892,leaves.tier0.normal.r1,Covering,0
498,17197.247,27.5961,leaves.tier0.normal.r1,Covering,0
499,17220.7979,23.5509,leaves.tier0.normal.r1,Covering,0
500,17244.6404,23.8423,leaves.tier0.normal.r1,Covering,0
501,17270.6061,25.966,leaves.tier0.normal.r1,Covering,0
502,17301.7994,31.1932,leaves.tier0.normal.r1,Covering,0
503,17317.502,15.7026,leaves.tier0.normal.r1,Covering,0
504,17344.8314,27.3292,leaves.tier0.normal.r1,Covering,0
505,17383.0626,38.2314,leaves.tier0.normal.r1,Covering,0
506,17394.4819,11.4193,leaves.tier0.normal.r1,Covering,0
507,17418.5298,24.0478,leaves.tier0.normal.r1,Covering,0
508,17443.916,25.3862,leaves.tier0.normal.r1,Covering,0
509,17467.08,23.1641,leaves.tier0.normal.r1,Covering,0
510,17493.0334,25.9533,leaves.tier0.normal.r1,Covering,0
511,17528.4245,35.3912,leaves.tier0.normal.r1,Covering,0
512,17543.6957,15.2711,leaves.tier0.normal.r1,Covering,0
513,17567.2251,23.5296,leaves.tier0.normal.r1,Covering,0
514,17591.1564,23.931,leaves.tier0.normal.r1,Covering,0
515,17617.0307,25.8744,leaves.tier0.normal.r1,Covering,0
516,17641.0473,24.0166,leaves.tier0.normal.r1,Covering,0
517,17666.2397,25.1925,leaves.tier0.normal.r1,Covering,0
518,17690.5394,24.2997,leaves.tier0.normal.r1,Covering,0
519,17712.2044,21.6649,leaves.tier0.normal.r1,Covering,0
520,17740.8243,28.62,leaves.tier0.normal.r1,Covering,0
521,17779.0666,38.2422,leaves.tier0.normal.r1,Covering,0
522,17799.9453,20.8788,leaves.tier0.normal.r1,Covering,0
523,17826.6691,26.7237,leaves.tier0.normal.r1,Covering,0
524,17856.2298,29.5608,leaves.tier0.normal.r1,Covering,0
525,17884.6666,28.4368,leaves.tier0.normal.r1,Covering,0
526,17917.0128,32.3462,leaves.tier0.normal.r1,Covering,0
527,17958.4117,41.3989,leaves.tier0.normal.r1,Covering,0
528,17976.6083,18.1965,leaves.tier0.normal.r1,Covering,0
529,18010.8761,34.2678,leaves.tier0.normal.r1,Covering,0
530,18044.9747,34.0987,leaves.tier0.normal.r1,Covering,0
531,18085.9774,41.0027,leaves.tier0.normal.r1,Covering,0
532,18127.2076,41.2302,leaves.tier0.normal.r1,Covering,0
533,18176.0804,48.8728,leaves.tier0.normal.r1,Covering,0
534,18203.6188,27.5383,leaves.tier0.normal.r1,Covering,0
535,18237.3577,33.739,leaves.tier0.normal.r1,Covering,0
536,18269.991,32.6331,leaves.tier0.normal.r1,Covering,0
537,18299.0771,29.0861,leaves.tier0.normal.r1,Covering,0
538,18339.3626,40.2856,leaves.tier0.normal.r1,Covering,0
539,18383.1849,43.8221,leaves.tier0.normal.r1,Covering,0
540,18393.0285,9.8439,leaves.tier0.normal.r1,Covering,0
541,18420.4825,27.4539,leaves.tier0.normal.r1,Covering,0
542,18449.2908,28.8083,leaves.tier0.normal.r1,Covering,0
543,18477.1287,27.838,leaves.tier0.normal.r1,Covering,0
544,18513.9437,36.815,leaves.tier0.normal.r1,Covering,0
545,18534.9665,21.0228,leaves.tier0.normal.r1,Covering,0
546,18569.1592,34.1926,leaves.tier0.normal.r1,Covering,0
547,18601.9243,32.765,leaves.tier0.normal.r1,CoveredLoading,0
548,18635.0537,33.1295,leaves.tier0.normal.r1,CoveredLoading,0
549,18668.3992,33.3455,audit.snapshot.leaves.tier0.normal.r1.covered,CoveredLoading,0
550,18715.1572,46.7579,leaves.tier0.normal.r1.hold,CoveredLoading,0
551,18735.945,20.788,leaves.tier0.normal.r1.hold,CoveredLoading,0
552,18765.4223,29.4772,leaves.tier0.normal.r1.hold,CoveredLoading,0
553,18798.1493,32.727,leaves.tier0.normal.r1.hold,CoveredLoading,0
554,18827.3583,29.2091,leaves.tier0.normal.r1.hold,CoveredLoading,0
555,18858.0947,30.7365,leaves.tier0.normal.r1.hold,CoveredLoading,0
556,18877.8013,19.7065,leaves.tier0.normal.r1.hold,CoveredLoading,0
557,18909.3034,31.502,leaves.tier0.normal.r1.hold,CoveredLoading,0
558,18936.9269,27.6236,leaves.tier0.normal.r1.hold,CoveredLoading,0
559,18975.5391,38.6122,leaves.tier0.normal.r1.hold,CoveredLoading,0
560,19000.9068,25.3675,leaves.tier0.normal.r1.hold,CoveredLoading,0
561,19030.755,29.8483,leaves.tier0.normal.r1.hold,CoveredLoading,0
562,19074.3857,43.6308,leaves.tier0.normal.r1.hold,CoveredLoading,0
563,19088.1315,13.7458,leaves.tier0.normal.r1.hold,CoveredLoading,0
564,19120.13,31.9985,leaves.tier0.normal.r1.hold,CoveredLoading,0
565,19152.6049,32.4749,leaves.tier0.normal.r1.hold,CoveredLoading,0
566,19187.1556,34.5507,leaves.tier0.normal.r1.hold,CoveredLoading,0
567,19219.743,32.5873,leaves.tier0.normal.r1.hold,CoveredLoading,0
568,19268.13,48.3871,leaves.tier0.normal.r1.hold,CoveredLoading,0
569,19284.9518,16.8217,leaves.tier0.normal.r1.reveal,Preparing,0
570,19317.4104,32.4587,leaves.tier0.normal.r1.reveal,Preparing,0
571,19349.1307,31.7203,leaves.tier0.normal.r1.reveal,Preparing,0
572,19380.0123,30.8816,leaves.tier0.normal.r1.reveal,Preparing,0
573,19416.5099,36.4976,leaves.tier0.normal.r1.reveal,Preparing,0
574,19453.2448,36.735,leaves.tier0.normal.r1.reveal,Preparing,0
575,19478.0991,24.8542,leaves.tier0.normal.r1.reveal,Preparing,0
576,19504.3692,26.2701,leaves.tier0.normal.r1.reveal,Preparing,0
577,19532.0767,27.7075,leaves.tier0.normal.r1.reveal,Preparing,0
578,19567.4641,35.3873,leaves.tier0.normal.r1.reveal,Revealing,0
579,19587.5166,20.0526,leaves.tier0.normal.r1.reveal,Revealing,0
580,19618.9437,31.4271,leaves.tier0.normal.r1.reveal,Revealing,0
581,19653.9746,35.0308,leaves.tier0.normal.r1.reveal,Revealing,0
582,19693.8807,39.9062,leaves.tier0.normal.r1.reveal,Revealing,0
583,19720.4238,26.543,leaves.tier0.normal.r1.reveal,Revealing,0
584,19753.9677,33.544,leaves.tier0.normal.r1.reveal,Revealing,0
585,19792.1191,38.1514,leaves.tier0.normal.r1.reveal,Revealing,0
586,19820.7252,28.6061,leaves.tier0.normal.r1.reveal,Revealing,0
587,19853.9048,33.1796,leaves.tier0.normal.r1.reveal,Revealing,0
588,19886.4788,32.574,leaves.tier0.normal.r1.reveal,Revealing,0
589,19919.7226,33.2437,leaves.tier0.normal.r1.reveal,Revealing,0
590,19952.589,32.8665,leaves.tier0.normal.r1.reveal,Revealing,0
591,19985.6807,33.0916,leaves.tier0.normal.r1.reveal,Revealing,0
592,20018.8912,33.2104,leaves.tier0.normal.r1.reveal,Revealing,0
593,20051.7346,32.8433,leaves.tier0.normal.r1.reveal,Revealing,0
594,20084.9755,33.2412,leaves.tier0.normal.r1.reveal,Revealing,0
595,20117.9484,32.9728,leaves.tier0.normal.r1.reveal,Revealing,0
596,20149.4782,31.5299,leaves.tier0.normal.r1.reveal,Revealing,0
597,20170.1864,20.7081,leaves.tier0.normal.r1.reveal,Revealing,0
598,20201.2683,31.0818,leaves.tier0.normal.r1.reveal,Revealing,0
599,20231.5506,30.2824,leaves.tier0.normal.r1.reveal,Revealing,0
600,20262.496,30.9454,leaves.tier0.normal.r1.reveal,Revealing,0
601,20278.7098,16.2137,leaves.tier0.normal.r1.reveal,Revealing,0
602,20306.8084,28.0988,leaves.tier0.normal.r1.reveal,Revealing,0
603,20332.6602,25.8518,leaves.tier0.normal.r1.reveal,Revealing,0
604,20353.9381,21.2779,leaves.tier0.normal.r1.reveal,Revealing,0
605,20376.8197,22.8816,leaves.tier0.normal.r1.reveal,Revealing,0
606,20406.9357,30.1159,leaves.tier0.normal.r1.reveal,Revealing,0
607,20426.7675,19.8319,leaves.tier0.normal.r1.reveal,Revealing,0
608,20462.4656,35.6982,leaves.tier0.normal.r1.reveal,Revealing,0
609,20477.0577,14.592,leaves.tier0.normal.r1.reveal,Revealing,0
610,20500.3656,23.3077,leaves.tier0.normal.r1.reveal,Revealing,0
611,20526.9568,26.5913,leaves.tier0.normal.r1.reveal,Revealing,0
612,20549.5274,22.5706,leaves.tier0.normal.r1.reveal,Revealing,0
613,20574.1633,24.6361,leaves.tier0.normal.r1.reveal,Revealing,0
614,20597.7475,23.5838,leaves.tier0.normal.r1.reveal,Revealing,0
615,20621.5868,23.8395,leaves.tier0.normal.r1.reveal,Revealing,0
616,20648.9881,27.4013,leaves.tier0.normal.r1.reveal,Revealing,0
617,20673.9656,24.9776,leaves.tier0.normal.r1.reveal,Revealing,0
618,20707.024,33.0584,leaves.tier0.normal.r1.reveal,Revealing,0
619,20724.2231,17.199,leaves.tier0.normal.r1.reveal,Revealing,0
620,20749.0185,24.7955,leaves.tier0.normal.r1.reveal,Revealing,0
621,20773.004,23.9855,leaves.tier0.normal.r1.reveal,Revealing,0
622,20799.919,26.915,leaves.tier0.normal.r1.reveal,Revealing,0
623,20824.7115,24.7924,leaves.tier0.normal.r1.reveal,Revealing,0
624,20849.2375,24.526,leaves.tier0.normal.r1.reveal,Revealing,0
625,20874.5333,25.2959,leaves.tier0.normal.r1.reveal,Revealing,0
626,20899.1732,24.6397,leaves.tier0.normal.r1.reveal,Revealing,0
627,20924.0691,24.8961,leaves.tier0.normal.r1.reveal,Revealing,0
628,20961.0413,36.9722,leaves.tier0.normal.r1.reveal,Revealing,0
629,20978.1033,17.062,leaves.tier0.normal.r1.reveal,Idle,0
630,21006.0545,27.9512,leaves.tier0.normal.r1.settle,Idle,0
631,21022.8978,16.8432,leaves.tier0.normal.r1.settle,Idle,0
632,21042.8843,19.9864,leaves.tier0.normal.r1.settle,Idle,0
633,21061.9792,19.0951,leaves.tier0.normal.r1.settle,Idle,0
634,21084.9404,22.9611,leaves.tier0.normal.r1.settle,Idle,0
635,21107.2271,22.2868,leaves.tier0.normal.r1.settle,Idle,0
636,21127.2498,20.0227,leaves.tier0.normal.r1.settle,Idle,0
637,21149.2843,22.0344,leaves.tier0.normal.r1.settle,Idle,0
638,21168.0547,18.7704,leaves.tier0.normal.r1.settle,Idle,0
639,21190.2703,22.2156,leaves.tier0.normal.r1.settle,Idle,0
640,21217.8972,27.627,leaves.tier0.normal.r1.settle,Idle,0
641,21256.0664,38.1692,leaves.tier0.normal.r1.settle,Idle,0
642,21265.45,9.3835,leaves.tier0.normal.r1.settle,Idle,0
643,21289.6793,24.2294,leaves.tier0.normal.r1.settle,Idle,0
644,21309.6324,19.9531,leaves.tier0.normal.r1.settle,Idle,0
645,21345.429,35.7967,leaves.tier0.reduced.r1,Covering,0
646,21367.8157,22.3866,leaves.tier0.reduced.r1,Covering,0
647,21383.3211,15.5053,leaves.tier0.reduced.r1,Covering,0
648,21406.8528,23.5318,leaves.tier0.reduced.r1,Covering,0
649,21435.2529,28.4001,leaves.tier0.reduced.r1,Covering,0
650,21449.8473,14.5941,leaves.tier0.reduced.r1,Covering,0
651,21475.5546,25.7077,leaves.tier0.reduced.r1,CoveredLoading,0
652,21499.9173,24.3623,leaves.tier0.reduced.r1,CoveredLoading,0
653,21518.7586,18.8415,audit.snapshot.leaves.tier0.reduced.r1.covered,CoveredLoading,0
654,21540.457,21.6984,leaves.tier0.reduced.r1.hold,CoveredLoading,0
655,21560.2032,19.7462,leaves.tier0.reduced.r1.hold,CoveredLoading,0
656,21582.321,22.1179,leaves.tier0.reduced.r1.hold,CoveredLoading,0
657,21601.4463,19.1252,leaves.tier0.reduced.r1.hold,CoveredLoading,0
658,21626.5675,25.1213,leaves.tier0.reduced.r1.hold,CoveredLoading,0
659,21652.8718,26.3044,leaves.tier0.reduced.r1.hold,CoveredLoading,0
660,21665.5233,12.6513,leaves.tier0.reduced.r1.hold,CoveredLoading,0
661,21683.6294,18.1059,leaves.tier0.reduced.r1.hold,CoveredLoading,0
662,21705.9901,22.3608,leaves.tier0.reduced.r1.hold,CoveredLoading,0
663,21744.875,38.8851,leaves.tier0.reduced.r1.hold,CoveredLoading,0
664,21754.9861,10.1111,leaves.tier0.reduced.r1.hold,CoveredLoading,0
665,21771.1611,16.175,leaves.tier0.reduced.r1.hold,CoveredLoading,0
666,21793.2709,22.1098,leaves.tier0.reduced.r1.hold,CoveredLoading,0
667,21810.746,17.4751,leaves.tier0.reduced.r1.hold,CoveredLoading,0
668,21831.1496,20.4035,leaves.tier0.reduced.r1.hold,CoveredLoading,0
669,21850.8275,19.6778,leaves.tier0.reduced.r1.hold,CoveredLoading,0
670,21873.3619,22.5346,leaves.tier0.reduced.r1.hold,CoveredLoading,0
671,21899.9017,26.5398,leaves.tier0.reduced.r1.hold,CoveredLoading,0
672,21916.2735,16.3716,leaves.tier0.reduced.r1.hold,CoveredLoading,0
673,21945.9798,29.7064,leaves.tier0.reduced.r1.reveal,Preparing,0
674,21959.1166,13.1369,leaves.tier0.reduced.r1.reveal,Preparing,0
675,21977.0617,17.9452,leaves.tier0.reduced.r1.reveal,Preparing,0
676,21999.0978,22.0358,leaves.tier0.reduced.r1.reveal,Preparing,0
677,22017.7805,18.6828,leaves.tier0.reduced.r1.reveal,Revealing,0
678,22039.5499,21.7694,leaves.tier0.reduced.r1.reveal,Revealing,0
679,22068.7633,29.2136,leaves.tier0.reduced.r1.reveal,Revealing,0
680,22083.3715,14.6079,leaves.tier0.reduced.r1.reveal,Revealing,0
681,22110.577,27.2056,leaves.tier0.reduced.r1.reveal,Revealing,0
682,22138.8199,28.2429,leaves.tier0.reduced.r1.reveal,Revealing,0
683,22163.0381,24.2183,leaves.tier0.reduced.r1.reveal,Revealing,0
684,22205.1199,42.0818,leaves.tier0.reduced.r1.reveal,Revealing,0
685,22213.9036,8.7837,leaves.tier0.reduced.r1.reveal,Idle,0
686,22240.0033,26.0997,leaves.tier0.reduced.r1.settle,Idle,0
687,22264.5516,24.5482,leaves.tier0.reduced.r1.settle,Idle,0
688,22283.1942,18.6427,leaves.tier0.reduced.r1.settle,Idle,0
689,22307.9631,24.7688,leaves.tier0.reduced.r1.settle,Idle,0
690,22332.5862,24.6231,leaves.tier0.reduced.r1.settle,Idle,0
691,22351.7812,19.195,leaves.tier0.reduced.r1.settle,Idle,0
692,22373.6952,21.9142,leaves.tier0.reduced.r1.settle,Idle,0
693,22393.606,19.9106,leaves.tier0.reduced.r1.settle,Idle,0
694,22415.9451,22.3391,leaves.tier0.reduced.r1.settle,Idle,0
695,22434.4672,18.5219,leaves.tier0.reduced.r1.settle,Idle,0
696,22456.9277,22.4608,leaves.tier0.reduced.r1.settle,Idle,0
697,22476.5269,19.599,leaves.tier0.reduced.r1.settle,Idle,0
698,22494.8182,18.2916,leaves.tier0.reduced.r1.settle,Idle,0
699,22516.7545,21.9362,leaves.tier0.reduced.r1.settle,Idle,0
700,22539.8872,23.1326,leaves.tier0.reduced.r1.settle,Idle,0
701,22560.2055,20.3184,leaves.tier0.normal.r2,Covering,0
702,22608.4833,48.2777,leaves.tier0.normal.r2,Covering,0
703,22628.036,19.5527,leaves.tier0.normal.r2,Covering,0
704,22656.1996,28.1637,leaves.tier0.normal.r2,Covering,0
705,22681.8508,25.6511,leaves.tier0.normal.r2,Covering,0
706,22713.7514,31.9005,leaves.tier0.normal.r2,Covering,0
707,22734.0096,20.2583,leaves.tier0.normal.r2,Covering,0
708,22778.4313,44.4217,leaves.tier0.normal.r2,Covering,0
709,22799.2336,20.8024,leaves.tier0.normal.r2,Covering,0
710,22823.836,24.6025,leaves.tier0.normal.r2,Covering,0
711,22849.1397,25.3035,leaves.tier0.normal.r2,Covering,0
712,22877.6561,28.5164,leaves.tier0.normal.r2,Covering,0
713,22912.551,34.895,leaves.tier0.normal.r2,Covering,0
714,22927.0904,14.5394,leaves.tier0.normal.r2,Covering,0
715,22949.0405,21.9501,leaves.tier0.normal.r2,Covering,0
716,22976.2811,27.2406,leaves.tier0.normal.r2,Covering,0
717,22999.2662,22.985,leaves.tier0.normal.r2,Covering,0
718,23023.8201,24.554,leaves.tier0.normal.r2,Covering,0
719,23048.8377,25.0175,leaves.tier0.normal.r2,Covering,0
720,23073.3768,24.5392,leaves.tier0.normal.r2,Covering,0
721,23094.6926,21.3157,leaves.tier0.normal.r2,Covering,0
722,23122.4656,27.7731,leaves.tier0.normal.r2,Covering,0
723,23143.7854,21.3199,leaves.tier0.normal.r2,Covering,0
724,23166.6945,22.9089,leaves.tier0.normal.r2,Covering,0
725,23191.079,24.3845,leaves.tier0.normal.r2,Covering,0
726,23215.9378,24.8589,leaves.tier0.normal.r2,Covering,0
727,23240.4069,24.469,leaves.tier0.normal.r2,Covering,0
728,23261.7674,21.3606,leaves.tier0.normal.r2,Covering,0
729,23302.0101,40.2427,leaves.tier0.normal.r2,Covering,0
730,23315.5262,13.5159,leaves.tier0.normal.r2,Covering,0
731,23341.9938,26.4678,leaves.tier0.normal.r2,Covering,0
732,23369.2645,27.2706,leaves.tier0.normal.r2,Covering,0
733,23401.3031,32.0387,leaves.tier0.normal.r2,Covering,0
734,23434.8847,33.5816,leaves.tier0.normal.r2,Covering,0
735,23468.2452,33.3603,leaves.tier0.normal.r2,Covering,0
736,23500.4299,32.1848,leaves.tier0.normal.r2,Covering,0
737,23535.9315,35.5016,leaves.tier0.normal.r2,Covering,0
738,23568.1736,32.2421,leaves.tier0.normal.r2,Covering,0
739,23613.4239,45.2502,leaves.tier0.normal.r2,Covering,0
740,23642.0101,28.5864,leaves.tier0.normal.r2,Covering,0
741,23667.4963,25.4861,leaves.tier0.normal.r2,Covering,0
742,23703.0035,35.5072,leaves.tier0.normal.r2,Covering,0
743,23742.5943,39.5908,leaves.tier0.normal.r2,Covering,0
744,23770.0718,27.4775,leaves.tier0.normal.r2,Covering,0
745,23804.6391,34.5673,leaves.tier0.normal.r2,Covering,0
746,23837.9572,33.318,leaves.tier0.normal.r2,Covering,0
747,23875.5249,37.5679,leaves.tier0.normal.r2,Covering,0
748,23904.337,28.812,leaves.tier0.normal.r2,Covering,0
749,23937.5312,33.1942,leaves.tier0.normal.r2,Covering,0
750,23971.0311,33.4999,leaves.tier0.normal.r2,Covering,0
751,24004.157,33.126,leaves.tier0.normal.r2,Covering,0
752,24034.9575,30.8005,leaves.tier0.normal.r2,Covering,0
753,24063.973,29.0156,leaves.tier0.normal.r2,Covering,0
754,24086.4605,22.4872,leaves.tier0.normal.r2,Covering,0
755,24118.6757,32.2154,leaves.tier0.normal.r2,Covering,0
756,24152.3991,33.7234,leaves.tier0.normal.r2,Covering,0
757,24181.8888,29.4898,leaves.tier0.normal.r2,CoveredLoading,0
758,24210.0108,28.1219,leaves.tier0.normal.r2,CoveredLoading,0
759,24249.3663,39.3555,audit.snapshot.leaves.tier0.normal.r2.covered,CoveredLoading,0
760,24268.2128,18.8464,leaves.tier0.normal.r2.hold,CoveredLoading,0
761,24301.4091,33.1963,leaves.tier0.normal.r2.hold,CoveredLoading,0
762,24334.6155,33.2063,leaves.tier0.normal.r2.hold,CoveredLoading,0
763,24360.4968,25.8815,leaves.tier0.normal.r2.hold,CoveredLoading,0
764,24387.0129,26.516,leaves.tier0.normal.r2.hold,CoveredLoading,0
765,24427.0732,40.0603,leaves.tier0.normal.r2.hold,CoveredLoading,0
766,24453.963,26.8897,leaves.tier0.normal.r2.hold,CoveredLoading,0
767,24486.2596,32.2968,leaves.tier0.normal.r2.hold,CoveredLoading,0
768,24519.6601,33.4003,leaves.tier0.normal.r2.hold,CoveredLoading,0
769,24562.9899,43.33,leaves.tier0.normal.r2.hold,CoveredLoading,0
770,24586.4019,23.412,leaves.tier0.normal.r2.hold,CoveredLoading,0
771,24619.0518,32.65,leaves.tier0.normal.r2.hold,CoveredLoading,0
772,24652.0415,32.9896,leaves.tier0.normal.r2.hold,CoveredLoading,0
773,24684.8928,32.8512,leaves.tier0.normal.r2.hold,CoveredLoading,0
774,24718.3896,33.4968,leaves.tier0.normal.r2.hold,CoveredLoading,0
775,24751.4119,33.0222,leaves.tier0.normal.r2.hold,CoveredLoading,0
776,24784.5756,33.1638,leaves.tier0.normal.r2.hold,CoveredLoading,0
777,24815.0341,30.4585,leaves.tier0.normal.r2.hold,CoveredLoading,0
778,24836.7423,21.7082,leaves.tier0.normal.r2.hold,CoveredLoading,0
779,24869.4078,32.6655,leaves.tier0.normal.r2.reveal,Preparing,0
780,24900.6897,31.2819,leaves.tier0.normal.r2.reveal,Preparing,0
781,24934.8613,34.1717,leaves.tier0.normal.r2.reveal,Preparing,0
782,24968.3483,33.4871,leaves.tier0.normal.r2.reveal,Preparing,0
783,25000.9002,32.5517,leaves.tier0.normal.r2.reveal,Preparing,0
784,25033.7108,32.8106,leaves.tier0.normal.r2.reveal,Preparing,0
785,25063.8229,30.1122,leaves.tier0.normal.r2.reveal,Preparing,0
786,25107.2435,43.4206,leaves.tier0.normal.r2.reveal,Preparing,0
787,25130.8679,23.6244,leaves.tier0.normal.r2.reveal,Revealing,0
788,25169.2816,38.4135,leaves.tier0.normal.r2.reveal,Revealing,0
789,25202.8449,33.5633,leaves.tier0.normal.r2.reveal,Revealing,0
790,25236.6911,33.8464,leaves.tier0.normal.r2.reveal,Revealing,0
791,25276.0075,39.3164,leaves.tier0.normal.r2.reveal,Revealing,0
792,25303.809,27.8015,leaves.tier0.normal.r2.reveal,Revealing,0
793,25337.4901,33.681,leaves.tier0.normal.r2.reveal,Revealing,0
794,25366.7666,29.2766,leaves.tier0.normal.r2.reveal,Revealing,0
795,25411.7578,44.991,leaves.tier0.normal.r2.reveal,Revealing,0
796,25434.475,22.7174,leaves.tier0.normal.r2.reveal,Revealing,0
797,25468.0412,33.5661,leaves.tier0.normal.r2.reveal,Revealing,0
798,25501.0826,33.0415,leaves.tier0.normal.r2.reveal,Revealing,0
799,25534.5796,33.497,leaves.tier0.normal.r2.reveal,Revealing,0
800,25566.6257,32.0461,leaves.tier0.normal.r2.reveal,Revealing,0
801,25597.5473,30.9215,leaves.tier0.normal.r2.reveal,Revealing,0
802,25618.6856,21.1383,leaves.tier0.normal.r2.reveal,Revealing,0
803,25651.5423,32.8568,leaves.tier0.normal.r2.reveal,Revealing,0
804,25686.25,34.7076,leaves.tier0.normal.r2.reveal,Revealing,0
805,25719.333,33.0829,leaves.tier0.normal.r2.reveal,Revealing,0
806,25751.7859,32.453,leaves.tier0.normal.r2.reveal,Revealing,0
807,25784.74,32.9541,leaves.tier0.normal.r2.reveal,Revealing,0
808,25813.3419,28.602,leaves.tier0.normal.r2.reveal,Revealing,0
809,25844.3584,31.0165,leaves.tier0.normal.r2.reveal,Revealing,0
810,25873.6203,29.2619,leaves.tier0.normal.r2.reveal,Revealing,0
811,25897.3504,23.73,leaves.tier0.normal.r2.reveal,Revealing,0
812,25923.775,26.4247,leaves.tier0.normal.r2.reveal,Revealing,0
813,25960.9049,37.1298,leaves.tier0.normal.r2.reveal,Revealing,0
814,25977.6664,16.7616,leaves.tier0.normal.r2.reveal,Revealing,0
815,26007.4037,29.7374,leaves.tier0.normal.r2.reveal,Revealing,0
816,26027.1866,19.7827,leaves.tier0.normal.r2.reveal,Revealing,0
817,26056.1371,28.9506,leaves.tier0.normal.r2.reveal,Revealing,0
818,26077.5943,21.4572,leaves.tier0.normal.r2.reveal,Revealing,0
819,26119.6119,42.0175,leaves.tier0.normal.r2.reveal,Revealing,0
820,26155.9118,36.2999,leaves.tier0.normal.r2.reveal,Revealing,0
821,26164.9519,9.0402,leaves.tier0.normal.r2.reveal,Revealing,0
822,26183.7482,18.7963,leaves.tier0.normal.r2.reveal,Revealing,0
823,26210.0505,26.3023,leaves.tier0.normal.r2.reveal,Revealing,0
824,26233.0838,23.0333,leaves.tier0.normal.r2.reveal,Revealing,0
825,26263.7374,30.6536,leaves.tier0.normal.r2.reveal,Revealing,0
826,26282.6735,18.9361,leaves.tier0.normal.r2.reveal,Revealing,0
827,26307.3559,24.6824,leaves.tier0.normal.r2.reveal,Revealing,0
828,26332.2034,24.8475,leaves.tier0.normal.r2.reveal,Revealing,0
829,26355.1423,22.9389,leaves.tier0.normal.r2.reveal,Revealing,0
830,26381.8866,26.7442,leaves.tier0.normal.r2.reveal,Revealing,0
831,26417.2641,35.3775,leaves.tier0.normal.r2.reveal,Revealing,0
832,26431.714,14.4498,leaves.tier0.normal.r2.reveal,Revealing,0
833,26456.8163,25.1025,leaves.tier0.normal.r2.reveal,Revealing,0
834,26478.1424,21.3261,leaves.tier0.normal.r2.reveal,Revealing,0
835,26506.2212,28.0788,leaves.tier0.normal.r2.reveal,Revealing,0
836,26543.4537,37.2324,leaves.tier0.normal.r2.reveal,Revealing,0
837,26560.6622,17.2086,leaves.tier0.normal.r2.reveal,Idle,0
838,26586.7961,26.1339,leaves.tier0.normal.r2.settle,Idle,0
839,26601.3619,14.5655,leaves.tier0.normal.r2.settle,Idle,0
840,26625.6262,24.2646,leaves.tier0.normal.r2.settle,Idle,0
841,26643.5315,17.9052,leaves.tier0.normal.r2.settle,Idle,0
842,26664.0036,20.4722,leaves.tier0.normal.r2.settle,Idle,0
843,26683.738,19.7344,leaves.tier0.normal.r2.settle,Idle,0
844,26706.6652,22.9272,leaves.tier0.normal.r2.settle,Idle,0
845,26726.6265,19.9613,leaves.tier0.normal.r2.settle,Idle,0
846,26757.4347,30.8082,leaves.tier0.normal.r2.settle,Idle,0
847,26776.1164,18.6818,leaves.tier0.normal.r2.settle,Idle,0
848,26794.0241,17.9076,leaves.tier0.normal.r2.settle,Idle,0
849,26817.7371,23.713,leaves.tier0.normal.r2.settle,Idle,0
850,26861.7981,44.061,leaves.tier0.normal.r2.settle,Idle,0
851,26892.5474,30.7493,leaves.tier0.normal.r2.settle,Idle,0
852,26902.0894,9.542,leaves.tier0.normal.r2.settle,Idle,0
853,26916.7545,14.665,leaves.tier0.reduced.r2,Covering,0
854,26942.5162,25.7618,leaves.tier0.reduced.r2,Covering,0
855,26960.862,18.3456,leaves.tier0.reduced.r2,Covering,0
856,26995.7227,34.861,leaves.tier0.reduced.r2,Covering,0
857,27016.7784,21.0556,leaves.tier0.reduced.r2,Covering,0
858,27048.8513,32.0728,leaves.tier0.reduced.r2,Covering,0
859,27075.8916,27.0404,leaves.tier0.reduced.r2,CoveredLoading,0
860,27094.4733,18.5817,leaves.tier0.reduced.r2,CoveredLoading,0
861,27116.0245,21.551,audit.snapshot.leaves.tier0.reduced.r2.covered,CoveredLoading,0
862,27134.2686,18.2441,leaves.tier0.reduced.r2.hold,CoveredLoading,0
863,27156.6189,22.3506,leaves.tier0.reduced.r2.hold,CoveredLoading,0
864,27192.3007,35.6817,leaves.tier0.reduced.r2.hold,CoveredLoading,0
865,27211.3766,19.0758,leaves.tier0.reduced.r2.hold,CoveredLoading,0
866,27236.3177,24.9412,leaves.tier0.reduced.r2.hold,CoveredLoading,0
867,27261.0348,24.7171,leaves.tier0.reduced.r2.hold,CoveredLoading,0
868,27283.3329,22.2979,leaves.tier0.reduced.r2.hold,CoveredLoading,0
869,27301.6747,18.3419,leaves.tier0.reduced.r2.hold,CoveredLoading,0
870,27323.7912,22.1166,leaves.tier0.reduced.r2.hold,CoveredLoading,0
871,27343.9833,20.1922,leaves.tier0.reduced.r2.hold,CoveredLoading,0
872,27362.2888,18.3055,leaves.tier0.reduced.r2.hold,CoveredLoading,0
873,27383.9542,21.6652,leaves.tier0.reduced.r2.hold,CoveredLoading,0
874,27414.0462,30.092,leaves.tier0.reduced.r2.hold,CoveredLoading,0
875,27428.1516,14.1054,leaves.tier0.reduced.r2.hold,CoveredLoading,0
876,27450.1366,21.9848,leaves.tier0.reduced.r2.hold,CoveredLoading,0
877,27468.391,18.2548,leaves.tier0.reduced.r2.hold,CoveredLoading,0
878,27492.4944,24.1032,leaves.tier0.reduced.r2.hold,CoveredLoading,0
879,27511.387,18.8927,leaves.tier0.reduced.r2.hold,CoveredLoading,0
880,27533.2039,21.8168,leaves.tier0.reduced.r2.hold,CoveredLoading,0
881,27551.4761,18.2722,leaves.tier0.reduced.r2.reveal,Preparing,0
882,27574.2463,22.7702,leaves.tier0.reduced.r2.reveal,Preparing,0
883,27594.1079,19.8617,leaves.tier0.reduced.r2.reveal,Preparing,0
884,27623.4511,29.3432,leaves.tier0.reduced.r2.reveal,Preparing,0
885,27642.2146,18.7635,leaves.tier0.reduced.r2.reveal,Revealing,0
886,27662.1955,19.9809,leaves.tier0.reduced.r2.reveal,Revealing,0
887,27685.3304,23.1349,leaves.tier0.reduced.r2.reveal,Revealing,0
888,27711.6148,26.2844,leaves.tier0.reduced.r2.reveal,Revealing,0
889,27737.7976,26.1828,leaves.tier0.reduced.r2.reveal,Revealing,0
890,27758.7937,20.996,leaves.tier0.reduced.r2.reveal,Revealing,0
891,27777.9343,19.1407,leaves.tier0.reduced.r2.reveal,Revealing,0
892,27812.2273,34.2929,leaves.tier0.reduced.r2.reveal,Revealing,0
893,27847.417,35.1897,leaves.tier0.reduced.r2.reveal,Idle,0
894,27858.6659,11.249,leaves.tier0.reduced.r2.settle,Idle,0
895,27877.7601,19.0941,leaves.tier0.reduced.r2.settle,Idle,0
896,27900.1251,22.3651,leaves.tier0.reduced.r2.settle,Idle,0
897,27918.1944,18.0693,leaves.tier0.reduced.r2.settle,Idle,0
898,27942.6828,24.4884,leaves.tier0.reduced.r2.settle,Idle,0
899,27961.3336,18.6508,leaves.tier0.reduced.r2.settle,Idle,0
900,27983.0861,21.7524,leaves.tier0.reduced.r2.settle,Idle,0
901,28006.2042,23.1183,leaves.tier0.reduced.r2.settle,Idle,0
902,28026.0959,19.8915,leaves.tier0.reduced.r2.settle,Idle,0
903,28044.6954,18.5996,leaves.tier0.reduced.r2.settle,Idle,0
904,28073.6371,28.9417,leaves.tier0.reduced.r2.settle,Idle,0
905,28106.0591,32.422,leaves.tier0.reduced.r2.settle,Idle,0
906,28118.3245,12.2654,leaves.tier0.reduced.r2.settle,Idle,0
907,28140.4114,22.0868,leaves.tier0.reduced.r2.settle,Idle,0
908,28160.6798,20.2685,leaves.tier0.reduced.r2.settle,Idle,0
909,28179.7898,19.11,route.tier0.menu-camp,Covering,0
910,28225.0968,45.3069,route.tier0.menu-camp,Covering,0
911,28249.2274,24.1307,route.tier0.menu-camp,Covering,0
912,28280.8883,31.6607,route.tier0.menu-camp,Covering,0
913,28300.7531,19.865,route.tier0.menu-camp,Covering,0
914,28327.1753,26.4221,route.tier0.menu-camp,Covering,0
915,28359.0692,31.894,route.tier0.menu-camp,Covering,0
916,28373.5265,14.4573,route.tier0.menu-camp,Covering,0
917,28399.8042,26.2777,route.tier0.menu-camp,Covering,0
918,28423.656,23.8518,route.tier0.menu-camp,Covering,0
919,28450.4112,26.7552,route.tier0.menu-camp,Covering,0
920,28481.3202,30.9089,route.tier0.menu-camp,Covering,0
921,28505.6863,24.3662,route.tier0.menu-camp,Covering,0
922,28532.4257,26.7393,route.tier0.menu-camp,Covering,0
923,28559.5662,27.1406,route.tier0.menu-camp,Covering,0
924,28582.6244,23.0581,route.tier0.menu-camp,Covering,0
925,28623.7169,41.0926,route.tier0.menu-camp,Covering,0
926,28659.6689,35.952,route.tier0.menu-camp,Covering,0
927,28669.3111,9.6421,route.tier0.menu-camp,Covering,0
928,28690.323,21.0119,route.tier0.menu-camp,Covering,0
929,28716.7416,26.4186,route.tier0.menu-camp,Covering,0
930,28740.5745,23.833,route.tier0.menu-camp,Covering,0
931,28766.2164,25.6419,route.tier0.menu-camp,Covering,0
932,28789.5393,23.3228,route.tier0.menu-camp,Covering,0
933,28816.2501,26.7109,route.tier0.menu-camp,Covering,0
934,28839.2716,23.0215,route.tier0.menu-camp,Covering,0
935,28879.5451,40.2735,route.tier0.menu-camp,Covering,0
936,28893.9573,14.4122,route.tier0.menu-camp,Covering,0
937,28922.9796,29.0223,route.tier0.menu-camp,Covering,0
938,28949.8535,26.8738,route.tier0.menu-camp,Covering,0
939,28975.7311,25.8777,route.tier0.menu-camp,Covering,0
940,29007.8813,32.1502,route.tier0.menu-camp,Covering,0
941,29036.7915,28.9102,route.tier0.menu-camp,Covering,0
942,29070.5294,33.7378,route.tier0.menu-camp,Covering,0
943,29104.7913,34.2618,route.tier0.menu-camp,Covering,0
944,29138.1919,33.4007,route.tier0.menu-camp,Covering,0
945,29193.6809,55.4892,route.tier0.menu-camp,Covering,0
946,29216.9163,23.2353,route.tier0.menu-camp,Covering,0
947,29237.2753,20.359,route.tier0.menu-camp,Covering,0
948,29265.6956,28.4203,route.tier0.menu-camp,Covering,0
949,29302.9228,37.2272,route.tier0.menu-camp,Covering,0
950,29342.885,39.9621,route.tier0.menu-camp,Covering,0
951,29371.4023,28.5174,route.tier0.menu-camp,Covering,0
952,29402.1378,30.7355,route.tier0.menu-camp,Covering,0
953,29436.7365,34.5987,route.tier0.menu-camp,Covering,0
954,29469.0264,32.2899,route.tier0.menu-camp,Covering,0
955,29512.916,43.8896,route.tier0.menu-camp,Covering,0
956,29535.0566,22.1405,route.tier0.menu-camp,Covering,0
957,29563.9041,28.8476,route.tier0.menu-camp,Covering,0
958,29596.6513,32.7472,route.tier0.menu-camp,Covering,0
959,29626.8504,30.1991,route.tier0.menu-camp,Covering,0
960,29657.3877,30.5373,route.tier0.menu-camp,Covering,0
961,29682.4554,25.0677,route.tier0.menu-camp,Covering,0
962,29703.0836,20.6282,route.tier0.menu-camp,Covering,0
963,29728.5908,25.5072,route.tier0.menu-camp,Covering,0
964,29751.6772,23.0862,route.tier0.menu-camp,Covering,0
965,29788.1837,36.5067,route.tier0.menu-camp,CoveredLoading,0
966,29823.7085,35.5247,route.tier0.menu-camp,CoveredLoading,0
967,30010.0557,186.3473,route.tier0.menu-camp,CoveredLoading,0
968,30539.3118,529.2559,route.tier0.menu-camp,CoveredLoading,0
969,30565.9769,26.6654,route.tier0.menu-camp,CoveredLoading,0
970,30585.4854,19.5083,route.tier0.menu-camp,CoveredLoading,0
971,30621.1215,35.6362,route.tier0.menu-camp,CoveredLoading,0
972,30633.125,12.0036,route.tier0.menu-camp,CoveredLoading,0
973,30657.874,24.7489,route.tier0.menu-camp,CoveredLoading,0
974,30696.192,38.3179,route.tier0.menu-camp,CoveredLoading,0
975,30710.8138,14.6218,route.tier0.menu-camp,CoveredLoading,0
976,30740.223,29.4093,route.tier0.menu-camp,CoveredLoading,0
977,30779.0872,38.8642,route.tier0.menu-camp,CoveredLoading,0
978,30836.5475,57.46,route.tier0.menu-camp,CoveredLoading,0
979,30848.0154,11.4682,route.tier0.menu-camp,CoveredLoading,0
980,30887.7832,39.7679,route.tier0.menu-camp,CoveredLoading,0
981,30928.822,41.0388,route.tier0.menu-camp,CoveredLoading,0
982,30941.5177,12.6956,route.tier0.menu-camp,CoveredLoading,0
983,30966.7357,25.2181,route.tier0.menu-camp,CoveredLoading,0
984,31016.9136,50.1779,route.tier0.menu-camp,CoveredLoading,0
985,31031.9625,15.0487,route.tier0.menu-camp,CoveredLoading,0
986,31059.6444,27.6821,route.tier0.menu-camp,CoveredLoading,0
987,31100.6468,41.0023,route.tier0.menu-camp,CoveredLoading,0
988,31113.9623,13.3152,route.tier0.menu-camp,CoveredLoading,0
989,31143.3963,29.4342,route.tier0.menu-camp,CoveredLoading,0
990,31189.5552,46.1587,route.tier0.menu-camp,CoveredLoading,0
991,31231.5644,42.0095,route.tier0.menu-camp,CoveredLoading,0
992,31242.5087,10.9444,route.tier0.menu-camp,CoveredLoading,0
993,31285.2297,42.7209,route.tier0.menu-camp,CoveredLoading,0
994,31302.0391,16.8094,route.tier0.menu-camp,CoveredLoading,0
995,31332.0775,30.0384,route.tier0.menu-camp,CoveredLoading,0
996,31377.2483,45.1708,route.tier0.menu-camp,CoveredLoading,0
997,31392.9008,15.6525,route.tier0.menu-camp,CoveredLoading,0
998,31420.3042,27.4034,route.tier0.menu-camp,CoveredLoading,0
999,31476.4813,56.1771,route.tier0.menu-camp,CoveredLoading,0
1000,31493.215,16.7336,route.tier0.menu-camp,CoveredLoading,0
1001,31523.6719,30.4571,route.tier0.menu-camp,CoveredLoading,0
1002,31572.0977,48.4257,route.tier0.menu-camp,CoveredLoading,0
1003,31581.6275,9.5298,route.tier0.menu-camp,CoveredLoading,0
1004,31614.4117,32.7841,route.tier0.menu-camp,Preparing,0
1005,31662.7366,48.325,route.tier0.menu-camp,Preparing,0
1006,31678.0008,15.2641,route.tier0.menu-camp,Preparing,0
1007,31715.1337,37.1329,route.tier0.menu-camp,Preparing,0
1008,31765.1365,50.0029,route.tier0.menu-camp,Preparing,0
1009,31808.8451,43.7086,route.tier0.menu-camp,Preparing,0
1010,31821.672,12.8269,route.tier0.menu-camp,Preparing,0
1011,31861.6084,39.9365,route.tier0.menu-camp,Revealing,0
1012,31876.8911,15.2826,route.tier0.menu-camp,Revealing,0
1013,31909.1071,32.216,route.tier0.menu-camp,Revealing,0
1014,31960.7774,51.6703,route.tier0.menu-camp,Revealing,0
1015,31978.5831,17.8057,route.tier0.menu-camp,Revealing,0
1016,32009.4046,30.8215,route.tier0.menu-camp,Revealing,0
1017,32063.4066,54.002,route.tier0.menu-camp,Revealing,0
1018,32080.0338,16.6272,route.tier0.menu-camp,Revealing,0
1019,32110.4655,30.4316,route.tier0.menu-camp,Revealing,0
1020,32161.5379,51.0725,route.tier0.menu-camp,Revealing,0
1021,32176.0976,14.5597,route.tier0.menu-camp,Revealing,0
1022,32208.5024,32.4046,route.tier0.menu-camp,Revealing,0
1023,32259.5821,51.0799,route.tier0.menu-camp,Revealing,0
1024,32275.4545,15.8724,route.tier0.menu-camp,Revealing,0
1025,32307.2011,31.7466,route.tier0.menu-camp,Revealing,0
1026,32355.6054,48.4044,route.tier0.menu-camp,Revealing,0
1027,32411.3819,55.7765,route.tier0.menu-camp,Revealing,0
1028,32421.1282,9.7462,route.tier0.menu-camp,Revealing,0
1029,32478.3844,57.2562,route.tier0.menu-camp,Revealing,0
1030,32500.8692,22.4847,route.tier0.menu-camp,Revealing,0
1031,32536.9045,36.0354,route.tier0.menu-camp,Revealing,0
1032,32574.4999,37.5954,route.tier0.menu-camp,Revealing,0
1033,32610.6173,36.1174,route.tier0.menu-camp,Revealing,0
1034,32644.7572,34.1399,route.tier0.menu-camp,Revealing,0
1035,32698.6134,53.8562,route.tier0.menu-camp,Revealing,0
1036,32719.0469,20.4335,route.tier0.menu-camp,Revealing,0
1037,32745.8335,26.7865,route.tier0.menu-camp,Revealing,0
1038,32805.0964,59.263,route.tier0.menu-camp,Revealing,0
1039,32813.627,8.5305,route.tier0.menu-camp,Revealing,0
1040,32840.6444,27.0175,route.tier0.menu-camp,Revealing,0
1041,32890.7433,50.0989,route.tier0.menu-camp,Revealing,0
1042,32933.7517,43.0084,route.tier0.menu-camp,Revealing,0
1043,32943.1516,9.3999,route.tier0.menu-camp,Revealing,0
1044,32992.4302,49.2784,route.tier0.menu-camp,Revealing,0
1045,33027.654,35.2239,route.tier0.menu-camp,Revealing,0
1046,33036.5675,8.9136,route.tier0.menu-camp,Revealing,0
1047,33090.3127,53.7452,route.tier0.menu-camp,Revealing,0
1048,33100.6859,10.3732,route.tier0.menu-camp,Revealing,0
1049,33133.7316,33.0456,route.tier0.menu-camp,Revealing,0
1050,33178.1348,44.4033,route.tier0.menu-camp,Revealing,0
1051,33192.646,14.5112,route.tier0.menu-camp,Revealing,0
1052,33226.4165,33.7705,route.tier0.menu-camp,Revealing,0
1053,33277.1536,50.7371,route.tier0.menu-camp,Idle,0
1054,33296.2723,19.1187,audit.snapshot.route.tier0.menu-camp.ready,Idle,0
1055,33314.9462,18.6739,audit.snapshot.route.tier0.menu-camp.ready,Idle,0
1056,33363.1254,48.179,audit.snapshot.route.tier0.menu-camp.ready,Idle,0
1057,33394.0077,30.8824,audit.snapshot.route.tier0.menu-camp.ready,Idle,0
1058,33407.5552,13.5475,audit.snapshot.route.tier0.menu-camp.ready,Idle,0
1059,33443.2222,35.6669,audit.snapshot.route.tier0.menu-camp.ready,Idle,0
1060,33473.3662,30.1442,audit.snapshot.route.tier0.menu-camp.ready,Idle,0
1061,33482.342,8.9758,audit.snapshot.route.tier0.menu-camp.ready,Idle,0
1062,33521.1145,38.7725,audit.snapshot.route.tier0.menu-camp.ready,Idle,0
1063,33549.4026,28.2881,audit.snapshot.route.tier0.menu-camp.ready,Idle,0
1064,33558.9932,9.5906,audit.snapshot.route.tier0.menu-camp.ready,Idle,0
1065,33595.4553,36.4621,audit.snapshot.route.tier0.menu-camp.ready,Idle,0
1066,33604.9852,9.53,audit.snapshot.route.tier0.menu-camp.ready,Idle,0
1067,33625.319,20.3337,audit.snapshot.route.tier0.menu-camp.ready,Idle,0
1068,33661.819,36.5,audit.snapshot.route.tier0.menu-camp.ready,Idle,0
1069,33692.8197,31.0007,audit.snapshot.route.tier0.menu-camp.ready,Idle,0
1070,33701.7766,8.9569,audit.snapshot.route.tier0.menu-camp.ready,Idle,0
1071,33737.6952,35.9186,audit.snapshot.route.tier0.menu-camp.ready,Idle,0
1072,33770.849,33.1538,audit.snapshot.route.tier0.menu-camp.ready,Idle,0
1073,33779.8278,8.9787,audit.snapshot.route.tier0.menu-camp.ready,Idle,0
1074,33817.9607,38.133,audit.snapshot.route.tier0.menu-camp.ready,Idle,0
1075,33857.4899,39.5292,audit.snapshot.route.tier0.menu-camp.ready,Idle,0
1076,33867.2513,9.7614,audit.snapshot.route.tier0.menu-camp.ready,Idle,0
1077,33904.4653,37.2139,audit.snapshot.route.tier0.menu-camp.ready,Idle,0
1078,33915.9546,11.4894,audit.snapshot.route.tier0.menu-camp.ready,Idle,0
1079,33938.0506,22.0958,audit.snapshot.route.tier0.menu-camp.ready,Idle,0
1080,33975.6782,37.6277,audit.snapshot.route.tier0.menu-camp.ready,Idle,0
1081,33987.3108,11.6325,audit.snapshot.route.tier0.menu-camp.ready,Idle,0
1082,34007.2492,19.9384,audit.snapshot.route.tier0.menu-camp.ready,Idle,0
1083,34043.6443,36.3953,audit.snapshot.route.tier0.menu-camp.ready,Idle,0
1084,34074.7912,31.1469,camp.summer.tier0.empty,Idle,0
1085,34083.8112,9.0201,camp.summer.tier0.empty,Idle,0
1086,34121.3781,37.5667,camp.summer.tier0.empty,Idle,0
1087,34149.516,28.1379,camp.summer.tier0.empty,Idle,0
1088,34162.6405,13.1246,camp.summer.tier0.empty,Idle,0
1089,34207.4798,44.8393,camp.summer.tier0.empty,Idle,0
1090,34216.2953,8.8155,camp.summer.tier0.empty,Idle,0
1091,34237.8322,21.5369,camp.summer.tier0.empty,Idle,0
1092,34274.7457,36.9134,camp.summer.tier0.empty,Idle,0
1093,34306.338,31.5925,camp.summer.tier0.empty,Idle,0
1094,34315.347,9.0089,camp.summer.tier0.empty,Idle,0
1095,34353.5057,38.1587,camp.summer.tier0.empty,Idle,0
1096,34383.2217,29.716,camp.summer.tier0.empty,Idle,0
1097,34392.1032,8.8815,camp.summer.tier0.empty,Idle,0
1098,34429.3459,37.2426,camp.summer.tier0.empty,Idle,0
1099,34442.6713,13.3253,camp.summer.tier0.empty,Idle,0
1100,34469.7831,27.112,camp.summer.tier0.empty,Idle,0
1101,34507.5709,37.7877,camp.summer.tier0.empty,Idle,0
1102,34538.3396,30.7688,camp.summer.tier0.empty,Idle,0
1103,34547.1635,8.8239,camp.summer.tier0.empty,Idle,0
1104,34587.7648,40.6014,camp.summer.tier0.empty,Idle,0
1105,34616.1905,28.4256,camp.summer.tier0.empty,Idle,0
1106,34625.2507,9.0602,camp.summer.tier0.empty,Idle,0
1107,34660.4393,35.1885,camp.summer.tier0.empty,Idle,0
1108,34690.6276,30.1884,camp.summer.tier0.empty,Idle,0
1109,34700.2109,9.5834,camp.summer.tier0.empty,Idle,0
1110,34730.3488,30.1377,camp.summer.tier0.empty,Idle,0
1111,34739.7876,9.439,camp.summer.tier0.empty,Idle,0
1112,34760.9601,21.1724,camp.summer.tier0.empty,Idle,0
1113,34783.3236,22.3635,camp.summer.tier0.empty,Idle,0
1114,34807.0214,23.6977,camp.summer.tier0.empty,Idle,0
1115,34828.594,21.5727,camp.summer.tier0.empty,Idle,0
1116,34871.5509,42.9569,camp.summer.tier0.empty,Idle,0
1117,34900.4359,28.885,camp.summer.tier0.empty,Idle,0
1118,34910.1846,9.7487,camp.summer.tier0.empty,Idle,0
1119,34949.571,39.3863,camp.summer.tier0.empty,Idle,0
1120,34976.4852,26.9143,camp.summer.tier0.empty,Idle,0
1121,34985.5396,9.0543,camp.summer.tier0.empty,Idle,0
1122,35026.4645,40.9249,camp.summer.tier0.empty,Idle,0
1123,35038.2787,11.8143,camp.summer.tier0.empty,Idle,0
1124,35061.0639,22.7853,camp.summer.tier0.empty,Idle,0
1125,35083.509,22.445,camp.summer.tier0.empty,Idle,0
1126,35106.9631,23.4541,camp.summer.tier0.empty,Idle,0
1127,35128.193,21.2299,camp.summer.tier0.empty,Idle,0
1128,35166.057,37.864,camp.summer.tier0.empty,Idle,0
1129,35194.5285,28.4715,camp.summer.tier0.empty,Idle,0
1130,35203.3387,8.8102,camp.summer.tier0.empty,Idle,0
1131,35239.8139,36.4751,camp.summer.tier0.empty,Idle,0
1132,35271.0897,31.2759,camp.summer.tier0.empty,Idle,0
1133,35280.0114,8.9217,camp.summer.tier0.empty,Idle,0
1134,35321.2404,41.229,camp.summer.tier0.empty,Idle,0
1135,35349.4814,28.241,camp.summer.tier0.empty,Idle,0
1136,35358.0301,8.5488,camp.summer.tier0.empty,Idle,0
1137,35394.2039,36.1736,camp.summer.tier0.empty,Idle,0
1138,35426.4919,32.2881,camp.summer.tier0.empty,Idle,0
1139,35435.2059,8.714,camp.summer.tier0.empty,Idle,0
1140,35474.8276,39.6218,camp.summer.tier0.empty,Idle,0
1141,35484.1758,9.3481,camp.summer.tier0.empty,Idle,0
1142,35505.9504,21.7746,camp.summer.tier0.empty,Idle,0
1143,35539.1589,33.2084,camp.summer.tier0.empty,Idle,0
1144,35553.1131,13.9542,camp.summer.tier0.empty,Idle,0
1145,35573.763,20.65,camp.summer.tier0.empty,Idle,0
1146,35609.801,36.038,camp.summer.tier0.empty,Idle,0
1147,35650.0925,40.2915,camp.summer.tier0.empty,Idle,0
1148,35659.0441,8.9516,camp.summer.tier0.empty,Idle,0
1149,35695.444,36.3998,camp.summer.tier0.empty,Idle,0
1150,35725.5096,30.0658,camp.summer.tier0.empty,Idle,0
1151,35734.958,9.4482,camp.summer.tier0.empty,Idle,0
1152,35771.5324,36.5745,camp.summer.tier0.empty,Idle,0
1153,35807.4667,35.9344,camp.summer.tier0.empty,Idle,0
1154,35816.4955,9.0287,camp.summer.tier0.empty,Idle,0
1155,35861.7737,45.2782,camp.summer.tier0.empty,Idle,0
1156,35871.2067,9.433,camp.summer.tier0.empty,Idle,0
1157,35892.0382,20.8315,camp.summer.tier0.empty,Idle,0
1158,35928.4905,36.4523,camp.summer.tier0.empty,Idle,0
1159,35959.8532,31.3627,camp.summer.tier0.empty,Idle,0
1160,35968.8966,9.0434,camp.summer.tier0.empty,Idle,0
1161,36004.5924,35.6958,camp.summer.tier0.empty,Idle,0
1162,36037.591,32.9986,camp.summer.tier0.empty,Idle,0
1163,36046.9666,9.3756,camp.summer.tier0.empty,Idle,0
1164,36087.7982,40.8317,camp.summer.tier0.empty,Idle,0
1165,36116.5957,28.7975,camp.summer.tier0.empty,Idle,0
1166,36125.4372,8.8414,camp.summer.tier0.empty,Idle,0
1167,36161.7992,36.362,camp.summer.tier0.empty,Idle,0
1168,36171.1731,9.374,camp.summer.tier0.empty,Idle,0
1169,36191.8226,20.6495,camp.summer.tier0.empty,Idle,0
1170,36231.197,39.3742,camp.summer.tier0.empty,Idle,0
1171,36270.7811,39.5842,camp.summer.tier0.empty,Idle,0
1172,36280.3054,9.5243,camp.summer.tier0.empty,Idle,0
1173,36320.4073,40.102,camp.summer.tier0.empty,Idle,0
1174,36329.9354,9.528,camp.summer.tier0.empty,Idle,0
1175,36359.7593,29.8239,camp.summer.tier0.empty,Idle,0
1176,36412.1486,52.3894,camp.summer.tier0.empty,Idle,0
1177,36457.2924,45.1438,camp.summer.tier0.empty,Idle,0
1178,36466.9977,9.7052,camp.summer.tier0.empty,Idle,0
1179,36506.14,39.1423,camp.summer.tier0.empty,Idle,0
1180,36542.1229,35.9829,camp.summer.tier0.empty,Idle,0
1181,36551.9009,9.7778,camp.summer.tier0.empty,Idle,0
1182,36595.6223,43.7216,camp.summer.tier0.empty,Idle,0
1183,36608.8351,13.2127,camp.summer.tier0.empty,Idle,0
1184,36640.6133,31.7783,camp.summer.tier0.empty,Idle,0
1185,36678.8718,38.2585,camp.summer.tier0.empty,Idle,0
1186,36690.6862,11.8144,camp.summer.tier0.empty,Idle,0
1187,36716.575,25.8888,camp.summer.tier0.empty,Idle,0
1188,36763.4186,46.8435,camp.summer.tier0.empty,Idle,0
1189,36808.8308,45.4123,camp.summer.tier0.empty,Idle,0
1190,36818.4355,9.6046,camp.summer.tier0.empty,Idle,0
1191,36875.1568,56.7213,camp.summer.tier0.empty,Idle,0
1192,36884.4527,9.2959,camp.summer.tier0.empty,Idle,0
1193,36912.5393,28.0867,camp.summer.tier0.empty,Idle,0
1194,36963.2002,50.6609,camp.summer.tier0.empty,Idle,0
1195,37003.092,39.8919,camp.summer.tier0.empty,Idle,0
1196,37012.3664,9.2743,camp.summer.tier0.empty,Idle,0
1197,37061.1141,48.7477,camp.summer.tier0.empty,Idle,0
1198,37080.246,19.1318,camp.summer.tier0.empty,Idle,0
1199,37104.1255,23.8796,camp.summer.tier0.empty,Idle,0
1200,37131.9294,27.8039,camp.summer.tier0.empty,Idle,0
1201,37157.8333,25.9039,camp.summer.tier0.empty,Idle,0
1202,37180.6321,22.7989,camp.summer.tier0.empty,Idle,0
1203,37229.3434,48.7112,camp.summer.tier0.empty,Idle,0
1204,37315.0425,85.6991,audit.snapshot.camp.summer.tier0.empty,Idle,0
1205,37340.533,25.4904,audit.snapshot.camp.summer.tier0.empty,Idle,0
1206,37381.8686,41.3355,audit.snapshot.camp.summer.tier0.empty,Idle,0
1207,37410.8757,29.0072,audit.snapshot.camp.summer.tier0.empty,Idle,0
1208,37420.5485,9.6728,audit.snapshot.camp.summer.tier0.empty,Idle,0
1209,37459.6579,39.1094,audit.snapshot.camp.summer.tier0.empty,Idle,0
1210,37472.8146,13.1568,audit.snapshot.camp.summer.tier0.empty,Idle,0
1211,37489.9724,17.1578,audit.snapshot.camp.summer.tier0.empty,Idle,0
1212,37526.598,36.6255,audit.snapshot.camp.summer.tier0.empty,Idle,0
1213,37556.6692,30.0714,audit.snapshot.camp.summer.tier0.empty,Idle,0
1214,37567.7949,11.1256,audit.snapshot.camp.summer.tier0.empty,Idle,0
1215,37602.313,34.5181,audit.snapshot.camp.summer.tier0.empty,Idle,0
1216,37611.1318,8.8189,audit.snapshot.camp.summer.tier0.empty,Idle,0
1217,37634.2164,23.0845,audit.snapshot.camp.summer.tier0.empty,Idle,0
1218,37670.1701,35.9537,audit.snapshot.camp.summer.tier0.empty,Idle,0
1219,37701.9882,31.8181,audit.snapshot.camp.summer.tier0.empty,Idle,0
1220,37713.9335,11.9453,audit.snapshot.camp.summer.tier0.empty,Idle,0
1221,37750.3868,36.4532,audit.snapshot.camp.summer.tier0.empty,Idle,0
1222,37781.4641,31.0774,audit.snapshot.camp.summer.tier0.empty,Idle,0
1223,37790.7567,9.2926,audit.snapshot.camp.summer.tier0.empty,Idle,0
1224,37822.7897,32.033,audit.snapshot.camp.summer.tier0.empty,Idle,0
1225,37832.0924,9.3027,audit.snapshot.camp.summer.tier0.empty,Idle,0
1226,37853.9448,21.8522,audit.snapshot.camp.summer.tier0.empty,Idle,0
1227,37894.4882,40.5436,audit.snapshot.camp.summer.tier0.empty,Idle,0
1228,37923.3789,28.8907,audit.snapshot.camp.summer.tier0.empty,Idle,0
1229,37932.5668,9.1879,audit.snapshot.camp.summer.tier0.empty,Idle,0
1230,37969.1452,36.5783,audit.snapshot.camp.summer.tier0.empty,Idle,0
1231,38000.3058,31.1608,audit.snapshot.camp.summer.tier0.empty,Idle,0
1232,38009.4916,9.1857,audit.snapshot.camp.summer.tier0.empty,Idle,0
1233,38051.3008,41.8092,audit.snapshot.camp.summer.tier0.empty,Idle,0
1234,38074.2375,22.9366,camp.summer.tier0.solved,Idle,0
1235,38103.0879,28.8505,camp.summer.tier0.solved,Idle,0
1236,38112.2067,9.1188,camp.summer.tier0.solved,Idle,0
1237,38134.2617,22.0549,camp.summer.tier0.solved,Idle,0
1238,38156.5739,22.3124,camp.summer.tier0.solved,Idle,0
1239,38193.0127,36.4388,camp.summer.tier0.solved,Idle,0
1240,38208.4681,15.4553,camp.summer.tier0.solved,Idle,0
1241,38227.6846,19.2165,camp.summer.tier0.solved,Idle,0
1242,38266.2529,38.5681,camp.summer.tier0.solved,Idle,0
1243,38298.4842,32.2315,camp.summer.tier0.solved,Idle,0
1244,38308.7105,10.2262,camp.summer.tier0.solved,Idle,0
1245,38339.5137,30.8033,camp.summer.tier0.solved,Idle,0
1246,38357.4716,17.958,camp.summer.tier0.solved,Idle,0
1247,38376.8554,19.3837,camp.summer.tier0.solved,Idle,0
1248,38420.5835,43.7282,camp.summer.tier0.solved,Idle,0
1249,38431.4238,10.8402,camp.summer.tier0.solved,Idle,0
1250,38450.179,18.7552,camp.summer.tier0.solved,Idle,0
1251,38473.7139,23.5349,camp.summer.tier0.solved,Idle,0
1252,38494.5317,20.8179,camp.summer.tier0.solved,Idle,0
1253,38526.7735,32.2417,camp.summer.tier0.solved,Idle,0
1254,38561.2836,34.5101,camp.summer.tier0.solved,Idle,0
1255,38592.2999,31.0162,camp.summer.tier0.solved,Idle,0
1256,38602.7527,10.453,camp.summer.tier0.solved,Idle,0
1257,38629.8257,27.0729,camp.summer.tier0.solved,Idle,0
1258,38650.038,20.2123,camp.summer.tier0.solved,Idle,0
1259,38673.8999,23.8619,camp.summer.tier0.solved,Idle,0
1260,38710.7737,36.8738,camp.summer.tier0.solved,Idle,0
1261,38720.7683,9.9946,camp.summer.tier0.solved,Idle,0
1262,38741.5828,20.8145,camp.summer.tier0.solved,Idle,0
1263,38778.2703,36.6874,camp.summer.tier0.solved,Idle,0
1264,38809.9729,31.7027,camp.summer.tier0.solved,Idle,0
1265,38819.3398,9.367,camp.summer.tier0.solved,Idle,0
1266,38839.8496,20.5097,camp.summer.tier0.solved,Idle,0
1267,38867.3956,27.546,camp.summer.tier0.solved,Idle,0
1268,38882.9296,15.5341,camp.summer.tier0.solved,Idle,0
1269,38921.934,39.0042,camp.summer.tier0.solved,Idle,0
1270,38950.0321,28.0982,camp.summer.tier0.solved,Idle,0
1271,38968.5353,18.5032,camp.summer.tier0.solved,Idle,0
1272,38977.7528,9.2175,camp.summer.tier0.solved,Idle,0
1273,39003.8952,26.1422,camp.summer.tier0.solved,Idle,0
1274,39024.9517,21.0567,camp.summer.tier0.solved,Idle,0
1275,39061.5182,36.5665,camp.summer.tier0.solved,Idle,0
1276,39085.52,24.0018,camp.summer.tier0.solved,Idle,0
1277,39096.3661,10.846,camp.summer.tier0.solved,Idle,0
1278,39116.5498,20.1837,camp.summer.tier0.solved,Idle,0
1279,39145.2525,28.7028,camp.summer.tier0.solved,Idle,0
1280,39169.9629,24.7104,camp.summer.tier0.solved,Idle,0
1281,39191.2046,21.2417,camp.summer.tier0.solved,Idle,0
1282,39229.0972,37.8926,camp.summer.tier0.solved,Idle,0
1283,39255.6699,26.5727,camp.summer.tier0.solved,Idle,0
1284,39291.6438,35.9736,camp.summer.tier0.solved,Idle,0
1285,39301.1931,9.5497,camp.summer.tier0.solved,Idle,0
1286,39324.5065,23.3133,camp.summer.tier0.solved,Idle,0
1287,39341.1272,16.6207,camp.summer.tier0.solved,Idle,0
1288,39364.0666,22.9394,camp.summer.tier0.solved,Idle,0
1289,39387.8092,23.7426,camp.summer.tier0.solved,Idle,0
1290,39426.0061,38.1969,camp.summer.tier0.solved,Idle,0
1291,39436.4527,10.4466,camp.summer.tier0.solved,Idle,0
1292,39457.9755,21.5228,camp.summer.tier0.solved,Idle,0
1293,39477.2468,19.2713,camp.summer.tier0.solved,Idle,0
1294,39509.7525,32.5057,camp.summer.tier0.solved,Idle,0
1295,39528.3389,18.5863,camp.summer.tier0.solved,Idle,0
1296,39553.5129,25.1741,camp.summer.tier0.solved,Idle,0
1297,39579.4335,25.9206,camp.summer.tier0.solved,Idle,0
1298,39603.4638,24.0303,camp.summer.tier0.solved,Idle,0
1299,39624.6241,21.1604,camp.summer.tier0.solved,Idle,0
1300,39643.8801,19.2559,camp.summer.tier0.solved,Idle,0
1301,39688.825,44.9448,camp.summer.tier0.solved,Idle,0
1302,39716.4825,27.6577,camp.summer.tier0.solved,Idle,0
1303,39726.3617,9.8791,camp.summer.tier0.solved,Idle,0
1304,39762.3251,35.9634,camp.summer.tier0.solved,Idle,0
1305,39777.6336,15.3084,camp.summer.tier0.solved,Idle,0
1306,39798.0964,20.463,camp.summer.tier0.solved,Idle,0
1307,39844.4786,46.382,camp.summer.tier0.solved,Idle,0
1308,39857.3226,12.844,camp.summer.tier0.solved,Idle,0
1309,39884.8869,27.5643,camp.summer.tier0.solved,Idle,0
1310,39912.9187,28.0319,camp.summer.tier0.solved,Idle,0
1311,39943.9717,31.0531,camp.summer.tier0.solved,Idle,0
1312,39953.3666,9.3949,camp.summer.tier0.solved,Idle,0
1313,39992.2593,38.8927,camp.summer.tier0.solved,Idle,0
1314,40021.4204,29.1609,camp.summer.tier0.solved,Idle,0
1315,40031.586,10.1657,camp.summer.tier0.solved,Idle,0
1316,40063.9145,32.3285,camp.summer.tier0.solved,Idle,0
1317,40073.4403,9.5258,camp.summer.tier0.solved,Idle,0
1318,40094.6033,21.1629,camp.summer.tier0.solved,Idle,0
1319,40131.1103,36.5071,camp.summer.tier0.solved,Idle,0
1320,40164.3641,33.2538,camp.summer.tier0.solved,Idle,0
1321,40174.7921,10.428,camp.summer.tier0.solved,Idle,0
1322,40217.5573,42.7651,camp.summer.tier0.solved,Idle,0
1323,40228.3543,10.797,camp.summer.tier0.solved,Idle,0
1324,40249.2481,20.894,camp.summer.tier0.solved,Idle,0
1325,40288.1103,38.8621,camp.summer.tier0.solved,Idle,0
1326,40305.1163,17.0059,camp.summer.tier0.solved,Idle,0
1327,40322.2982,17.182,camp.summer.tier0.solved,Idle,0
1328,40363.1523,40.8541,camp.summer.tier0.solved,Idle,0
1329,40407.9965,44.8441,camp.summer.tier0.solved,Idle,0
1330,40425.9251,17.9287,camp.summer.tier0.solved,Idle,0
1331,40468.4275,42.5025,camp.summer.tier0.solved,Idle,0
1332,40478.2982,9.8707,camp.summer.tier0.solved,Idle,0
1333,40509.8417,31.5432,camp.summer.tier0.solved,Idle,0
1334,40562.3132,52.4716,camp.summer.tier0.solved,Idle,0
1335,40575.4571,13.1439,camp.summer.tier0.solved,Idle,0
1336,40605.7749,30.3179,camp.summer.tier0.solved,Idle,0
1337,40651.8752,46.1003,camp.summer.tier0.solved,Idle,0
1338,40664.5466,12.6714,camp.summer.tier0.solved,Idle,0
1339,40682.2047,17.6582,camp.summer.tier0.solved,Idle,0
1340,40729.7171,47.5123,camp.summer.tier0.solved,Idle,0
1341,40774.6243,44.9072,camp.summer.tier0.solved,Idle,0
1342,40791.7668,17.1425,camp.summer.tier0.solved,Idle,0
1343,40828.103,36.3362,camp.summer.tier0.solved,Idle,0
1344,40839.2199,11.1169,camp.summer.tier0.solved,Idle,0
1345,40861.5319,22.3121,camp.summer.tier0.solved,Idle,0
1346,40912.1751,50.643,camp.summer.tier0.solved,Idle,0
1347,40925.386,13.2109,camp.summer.tier0.solved,Idle,0
1348,40955.7063,30.3204,camp.summer.tier0.solved,Idle,0
1349,40996.6539,40.9476,camp.summer.tier0.solved,Idle,0
1350,41012.2567,15.6028,camp.summer.tier0.solved,Idle,0
1351,41041.1917,28.9349,camp.summer.tier0.solved,Idle,0
1352,41083.8888,42.6971,camp.summer.tier0.solved,Idle,0
1353,41098.0856,14.1969,camp.summer.tier0.solved,Idle,0
1354,41137.6167,39.5312,route.tier0.camp-menu,Covering,0
1355,41195.1463,57.5296,route.tier0.camp-menu,Covering,0
1356,41211.0154,15.8689,route.tier0.camp-menu,Covering,0
1357,41255.9612,44.9453,route.tier0.camp-menu,Covering,0
1358,41276.2196,20.259,route.tier0.camp-menu,Covering,0
1359,41312.9347,36.7151,route.tier0.camp-menu,Covering,0
1360,41362.2933,49.3586,route.tier0.camp-menu,Covering,0
1361,41403.997,41.7033,route.tier0.camp-menu,Covering,0
1362,41416.1706,12.1739,route.tier0.camp-menu,Covering,0
1363,41444.9526,28.7821,route.tier0.camp-menu,Covering,0
1364,41471.9958,27.0432,route.tier0.camp-menu,Covering,0
1365,41494.2207,22.2248,route.tier0.camp-menu,Covering,0
1366,41532.7998,38.5792,route.tier0.camp-menu,Covering,0
1367,41552.0459,19.246,route.tier0.camp-menu,Covering,0
1368,41573.3928,21.347,route.tier0.camp-menu,Covering,0
1369,41611.5282,38.1354,route.tier0.camp-menu,Covering,0
1370,41626.1956,14.6673,route.tier0.camp-menu,Covering,0
1371,41663.6107,37.4152,route.tier0.camp-menu,Covering,0
1372,41683.5104,19.8997,route.tier0.camp-menu,Covering,0
1373,41708.942,25.4316,route.tier0.camp-menu,Covering,0
1374,41738.4361,29.494,route.tier0.camp-menu,Covering,0
1375,41767.5215,29.0855,route.tier0.camp-menu,Covering,0
1376,41801.2495,33.7278,route.tier0.camp-menu,Covering,0
1377,41840.8272,39.5778,route.tier0.camp-menu,Covering,0
1378,41850.8581,10.031,route.tier0.camp-menu,Covering,0
1379,41879.0904,28.2323,route.tier0.camp-menu,Covering,0
1380,41917.6281,38.5376,route.tier0.camp-menu,Covering,0
1381,41933.0564,15.4284,route.tier0.camp-menu,Covering,0
1382,41965.2963,32.24,route.tier0.camp-menu,Covering,0
1383,42007.2955,41.9991,route.tier0.camp-menu,Covering,0
1384,42033.1133,25.8178,route.tier0.camp-menu,Covering,0
1385,42066.2415,33.1282,route.tier0.camp-menu,Covering,0
1386,42113.6343,47.3928,route.tier0.camp-menu,Covering,0
1387,42142.226,28.5917,route.tier0.camp-menu,Covering,0
1388,42170.0598,27.8336,route.tier0.camp-menu,Covering,0
1389,42200.9933,30.9337,route.tier0.camp-menu,Covering,0
1390,42238.3555,37.3622,route.tier0.camp-menu,Covering,0
1391,42288.5179,50.1623,route.tier0.camp-menu,Covering,0
1392,42328.5732,40.0553,route.tier0.camp-menu,Covering,0
1393,42349.2349,20.6616,route.tier0.camp-menu,Covering,0
1394,42378.0351,28.8003,route.tier0.camp-menu,Covering,0
1395,42422.8734,44.8384,route.tier0.camp-menu,Covering,0
1396,42444.9749,22.1014,route.tier0.camp-menu,Covering,0
1397,42477.4355,32.4607,route.tier0.camp-menu,Covering,0
1398,42527.8728,50.4371,route.tier0.camp-menu,Covering,0
1399,42553.2561,25.3835,route.tier0.camp-menu,Covering,0
1400,42576.9314,23.6753,route.tier0.camp-menu,Covering,0
1401,42609.7768,32.8454,route.tier0.camp-menu,Covering,0
1402,42642.2776,32.5007,route.tier0.camp-menu,Covering,0
1403,42679.2108,36.9332,route.tier0.camp-menu,Covering,0
1404,42725.7677,46.5569,route.tier0.camp-menu,CoveredLoading,0
1405,42741.9843,16.2167,route.tier0.camp-menu,CoveredLoading,0
1406,43046.0817,304.0975,route.tier0.camp-menu,CoveredLoading,0
1407,43764.4134,718.3314,route.tier0.camp-menu,CoveredLoading,0
1408,43787.6779,23.2647,route.tier0.camp-menu,CoveredLoading,0
1409,43813.3612,25.6832,route.tier0.camp-menu,CoveredLoading,0
1410,43834.6693,21.3082,route.tier0.camp-menu,CoveredLoading,0
1411,43858.6374,23.9679,route.tier0.camp-menu,CoveredLoading,0
1412,43884.2738,25.6365,route.tier0.camp-menu,CoveredLoading,0
1413,43904.6621,20.3884,route.tier0.camp-menu,CoveredLoading,0
1414,43931.9455,27.2834,route.tier0.camp-menu,CoveredLoading,0
1415,43952.3035,20.3579,route.tier0.camp-menu,CoveredLoading,0
1416,43974.4968,22.1933,route.tier0.camp-menu,CoveredLoading,0
1417,44021.0661,46.569,route.tier0.camp-menu,CoveredLoading,0
1418,44032.5728,11.507,route.tier0.camp-menu,CoveredLoading,0
1419,44051.1878,18.6152,route.tier0.camp-menu,CoveredLoading,0
1420,44071.2677,20.0798,route.tier0.camp-menu,CoveredLoading,0
1421,44098.4469,27.1792,route.tier0.camp-menu,CoveredLoading,0
1422,44118.8033,20.3564,route.tier0.camp-menu,CoveredLoading,0
1423,44146.3505,27.5471,route.tier0.camp-menu,CoveredLoading,0
1424,44176.994,30.6436,route.tier0.camp-menu,CoveredLoading,0
1425,44205.862,28.8681,route.tier0.camp-menu,CoveredLoading,0
1426,44236.2737,30.4116,route.tier0.camp-menu,CoveredLoading,0
1427,44268.0776,31.8037,route.tier0.camp-menu,CoveredLoading,0
1428,44297.2929,29.2155,route.tier0.camp-menu,CoveredLoading,0
1429,44329.5679,32.275,route.tier0.camp-menu,CoveredLoading,0
1430,44358.1962,28.6283,route.tier0.camp-menu,CoveredLoading,0
1431,44382.6691,24.4729,route.tier0.camp-menu,CoveredLoading,0
1432,44409.3591,26.69,route.tier0.camp-menu,CoveredLoading,0
1433,44437.1363,27.7772,route.tier0.camp-menu,CoveredLoading,0
1434,44469.3038,32.1675,route.tier0.camp-menu,CoveredLoading,0
1435,44501.5408,32.2369,route.tier0.camp-menu,CoveredLoading,0
1436,44528.2985,26.7579,route.tier0.camp-menu,CoveredLoading,0
1437,44551.4112,23.1126,route.tier0.camp-menu,CoveredLoading,0
1438,44580.2736,28.8625,route.tier0.camp-menu,CoveredLoading,0
1439,44612.7484,32.4746,route.tier0.camp-menu,CoveredLoading,0
1440,44656.2338,43.4855,route.tier0.camp-menu,CoveredLoading,0
1441,44667.593,11.3591,route.tier0.camp-menu,CoveredLoading,0
1442,44691.0257,23.4328,route.tier0.camp-menu,CoveredLoading,0
1443,44712.2436,21.2179,route.tier0.camp-menu,CoveredLoading,0
1444,44742.1793,29.9357,route.tier0.camp-menu,CoveredLoading,0
1445,44767.1045,24.925,route.tier0.camp-menu,CoveredLoading,0
1446,44790.4633,23.359,route.tier0.camp-menu,CoveredLoading,0
1447,44811.8265,21.3631,route.tier0.camp-menu,CoveredLoading,0
1448,44835.9933,24.1669,route.tier0.camp-menu,CoveredLoading,0
1449,44857.871,21.8777,route.tier0.camp-menu,CoveredLoading,0
1450,44884.4921,26.621,route.tier0.camp-menu,Preparing,0
1451,44909.9419,25.4498,route.tier0.camp-menu,Preparing,0
1452,44933.6686,23.7267,route.tier0.camp-menu,Preparing,0
1453,44959.6474,25.9788,route.tier0.camp-menu,Preparing,0
1454,44987.1979,27.5505,route.tier0.camp-menu,Preparing,0
1455,45011.4369,24.2391,route.tier0.camp-menu,Preparing,0
1456,45034.2236,22.7866,route.tier0.camp-menu,Preparing,0
1457,45058.1679,23.9443,route.tier0.camp-menu,Preparing,0
1458,45082.8712,24.7033,route.tier0.camp-menu,Preparing,0
1459,45108.7506,25.8795,route.tier0.camp-menu,Preparing,0
1460,45133.5583,24.8076,route.tier0.camp-menu,Revealing,0
1461,45160.7921,27.2339,route.tier0.camp-menu,Revealing,0
1462,45183.7552,22.9631,route.tier0.camp-menu,Revealing,0
1463,45215.8507,32.0954,route.tier0.camp-menu,Revealing,0
1464,45244.7055,28.8549,route.tier0.camp-menu,Revealing,0
1465,45275.854,31.1484,route.tier0.camp-menu,Revealing,0
1466,45299.6519,23.7978,route.tier0.camp-menu,Revealing,0
1467,45322.1865,22.5348,route.tier0.camp-menu,Revealing,0
1468,45349.3462,27.1597,route.tier0.camp-menu,Revealing,0
1469,45368.2179,18.8717,route.tier0.camp-menu,Revealing,0
1470,45406.8758,38.6578,route.tier0.camp-menu,Revealing,0
1471,45443.6046,36.729,route.tier0.camp-menu,Revealing,0
1472,45452.2698,8.665,route.tier0.camp-menu,Revealing,0
1473,45469.8647,17.595,route.tier0.camp-menu,Revealing,0
1474,45501.0367,31.172,route.tier0.camp-menu,Revealing,0
1475,45530.5828,29.5461,route.tier0.camp-menu,Revealing,0
1476,45552.4035,21.8207,route.tier0.camp-menu,Revealing,0
1477,45584.7211,32.3176,route.tier0.camp-menu,Revealing,0
1478,45609.4872,24.7661,route.tier0.camp-menu,Revealing,0
1479,45633.2886,23.8013,route.tier0.camp-menu,Revealing,0
1480,45655.3725,22.0841,route.tier0.camp-menu,Revealing,0
1481,45682.6027,27.2301,route.tier0.camp-menu,Revealing,0
1482,45701.2039,18.6012,route.tier0.camp-menu,Revealing,0
1483,45727.9446,26.7407,route.tier0.camp-menu,Revealing,0
1484,45750.8795,22.9349,route.tier0.camp-menu,Revealing,0
1485,45774.1478,23.2683,route.tier0.camp-menu,Revealing,0
1486,45795.4134,21.2656,route.tier0.camp-menu,Revealing,0
1487,45817.1991,21.7857,route.tier0.camp-menu,Revealing,0
1488,45835.4299,18.2308,route.tier0.camp-menu,Revealing,0
1489,45860.5457,25.1158,route.tier0.camp-menu,Revealing,0
1490,45883.9781,23.4323,route.tier0.camp-menu,Revealing,0
1491,45905.4358,21.4578,route.tier0.camp-menu,Revealing,0
1492,45922.4284,16.9926,route.tier0.camp-menu,Revealing,0
1493,45940.5799,18.1514,route.tier0.camp-menu,Revealing,0
1494,45958.0207,17.4408,route.tier0.camp-menu,Revealing,0
1495,45976.8382,18.8176,route.tier0.camp-menu,Revealing,0
1496,46001.5389,24.7007,route.tier0.camp-menu,Revealing,0
1497,46027.1031,25.5641,route.tier0.camp-menu,Revealing,0
1498,46042.7372,15.6341,route.tier0.camp-menu,Revealing,0
1499,46061.2067,18.4696,route.tier0.camp-menu,Revealing,0
1500,46077.557,16.3503,route.tier0.camp-menu,Revealing,0
1501,46097.623,20.066,route.tier0.camp-menu,Revealing,0
1502,46115.6243,18.0012,route.tier0.camp-menu,Revealing,0
1503,46132.4178,16.7935,route.tier0.camp-menu,Revealing,0
1504,46150.3074,17.8897,route.tier0.camp-menu,Revealing,0
1505,46173.2754,22.9678,route.tier0.camp-menu,Revealing,0
1506,46193.1816,19.9063,route.tier0.camp-menu,Revealing,0
1507,46209.8384,16.6569,route.tier0.camp-menu,Revealing,0
1508,46228.0986,18.2602,route.tier0.camp-menu,Revealing,0
1509,46244.3368,16.2383,route.tier0.camp-menu,Revealing,0
1510,46264.2611,19.9241,route.tier0.camp-menu,Revealing,0
1511,46281.9698,17.7088,route.tier0.camp-menu,Revealing,0
1512,46299.4637,17.4937,route.tier0.camp-menu,Revealing,0
1513,46317.7171,18.2535,route.tier0.camp-menu,Revealing,0
1514,46342.864,25.1468,route.tier0.camp-menu,Revealing,0
1515,46360.6212,17.7574,route.tier0.camp-menu,Revealing,0
1516,46389.116,28.4948,route.tier0.camp-menu,Revealing,0
1517,46403.6877,14.5717,route.tier0.camp-menu,Revealing,0
1518,46431.9348,28.247,route.tier0.camp-menu,Revealing,0
1519,46440.4998,8.5652,route.tier0.camp-menu,Revealing,0
1520,46458.5341,18.0341,route.tier0.camp-menu,Revealing,0
1521,46474.6512,16.1172,route.tier0.camp-menu,Revealing,0
1522,46492.8708,18.2196,route.tier0.camp-menu,Revealing,0
1523,46509.5998,16.729,route.tier0.camp-menu,Revealing,0
1524,46528.8675,19.2676,route.tier0.camp-menu,Idle,0
1525,46549.6769,20.8094,audit.snapshot.route.tier0.camp-menu.ready,Idle,0
1526,46560.6474,10.9706,audit.snapshot.route.tier0.camp-menu.ready,Idle,0
1527,46575.7554,15.1079,audit.snapshot.route.tier0.camp-menu.ready,Idle,0
1528,46592.6956,16.9402,audit.snapshot.route.tier0.camp-menu.ready,Idle,0
1529,46607.7561,15.0606,audit.snapshot.route.tier0.camp-menu.ready,Idle,0
1530,46624.1623,16.4062,audit.snapshot.route.tier0.camp-menu.ready,Idle,0
1531,46643.4377,19.2754,audit.snapshot.route.tier0.camp-menu.ready,Idle,0
1532,46660.1279,16.6901,audit.snapshot.route.tier0.camp-menu.ready,Idle,0
1533,46691.4214,31.2936,audit.snapshot.route.tier0.camp-menu.ready,Idle,0
1534,46701.2626,9.8411,audit.snapshot.route.tier0.camp-menu.ready,Idle,0
1535,46726.9952,25.7327,audit.snapshot.route.tier0.camp-menu.ready,Idle,0
1536,46736.6268,9.6315,audit.snapshot.route.tier0.camp-menu.ready,Idle,0
1537,46748.6271,12.0004,audit.snapshot.route.tier0.camp-menu.ready,Idle,0
1538,46764.977,16.3499,audit.snapshot.route.tier0.camp-menu.ready,Idle,0
1539,46784.7101,19.733,audit.snapshot.route.tier0.camp-menu.ready,Idle,0
1540,46800.017,15.307,audit.snapshot.route.tier0.camp-menu.ready,Idle,0
1541,46828.3438,28.3269,audit.snapshot.route.tier0.camp-menu.ready,Idle,0
1542,46861.7344,33.3903,audit.snapshot.route.tier0.camp-menu.ready,Idle,0
1543,46894.8722,33.1379,audit.snapshot.route.tier0.camp-menu.ready,Idle,0
1544,46928.3893,33.5172,audit.snapshot.route.tier0.camp-menu.ready,Idle,0
1545,46961.7824,33.393,audit.snapshot.route.tier0.camp-menu.ready,Idle,0
1546,46994.7112,32.9289,audit.snapshot.route.tier0.camp-menu.ready,Idle,0
1547,47013.1789,18.4677,audit.snapshot.route.tier0.camp-menu.ready,Idle,0
1548,47066.8359,53.657,audit.snapshot.route.tier0.camp-menu.ready,Idle,0
1549,47096.7942,29.9583,audit.snapshot.route.tier0.camp-menu.ready,Idle,0
1550,47128.5354,31.7411,audit.snapshot.route.tier0.camp-menu.ready,Idle,0
1551,47146.6195,18.0841,audit.snapshot.route.tier0.camp-menu.ready,Idle,0
1552,47180.0243,33.4048,audit.snapshot.route.tier0.camp-menu.ready,Idle,0
1553,47211.3663,31.3421,audit.snapshot.route.tier0.camp-menu.ready,Idle,0
1554,47246.8568,35.4905,audit.snapshot.route.tier0.camp-menu.ready,Idle,0
1555,47343.8948,97.0379,audit.snapshot.route.tier0.camp-menu.ready,Idle,1
1556,47359.5161,15.6214,audit.snapshot.route.tier0.camp-menu.ready,Idle,1
1557,47375.7146,16.1985,audit.snapshot.route.tier0.camp-menu.ready,Idle,1
1558,47393.9894,18.2748,audit.snapshot.route.tier0.camp-menu.ready,Idle,1
1559,47410.2945,16.3051,audit.snapshot.route.tier0.camp-menu.ready,Idle,1
1560,47474.5531,64.2586,audit.snapshot.route.tier0.camp-menu.ready,Idle,1
1561,47493.4484,18.8952,audit.snapshot.route.tier0.camp-menu.ready,Idle,1
1562,47509.1681,15.7198,audit.snapshot.route.tier0.camp-menu.ready,Idle,1
1563,47564.8781,55.71,audit.snapshot.route.tier0.camp-menu.ready,Idle,1
1564,47583.6687,18.7906,audit.snapshot.route.tier0.camp-menu.ready,Idle,1
1565,47614.571,30.9023,audit.snapshot.route.tier0.camp-menu.ready,Idle,1
1566,47623.371,8.8001,audit.snapshot.route.tier0.camp-menu.ready,Idle,1
1567,47637.0785,13.7074,audit.snapshot.route.tier0.camp-menu.ready,Idle,1
1568,47653.6028,16.5242,audit.snapshot.route.tier0.camp-menu.ready,Idle,1
1569,47678.2463,24.6436,audit.snapshot.route.tier0.camp-menu.ready,Idle,1
1570,47696.7786,18.5323,audit.snapshot.route.tier0.camp-menu.ready,Idle,1
1571,47714.354,17.5755,audit.snapshot.route.tier0.camp-menu.ready,Idle,1
1572,47731.1738,16.8197,audit.snapshot.route.tier0.camp-menu.ready,Idle,1
1573,47748.6628,17.4891,audit.snapshot.route.tier0.camp-menu.ready,Idle,1
1574,47768.574,19.9112,audit.snapshot.route.tier0.camp-menu.ready,Idle,1
1575,47782.7479,14.1739,audit.snapshot.route.tier0.camp-menu.ready,Idle,1
1576,47800.9165,18.1684,audit.snapshot.route.tier0.camp-menu.ready,Idle,1
1577,47817.1957,16.2794,audit.snapshot.route.tier0.camp-menu.ready,Idle,1
1578,47834.7923,17.5966,audit.snapshot.route.tier0.camp-menu.ready,Idle,1
1579,47852.8587,18.0663,audit.snapshot.route.tier0.camp-menu.ready,Idle,1
1580,47877.3868,24.5281,audit.snapshot.route.tier0.camp-menu.ready,Idle,1
1581,47895.7676,18.3807,audit.snapshot.route.tier0.camp-menu.ready,Idle,1
1582,47913.6684,17.901,audit.snapshot.route.tier0.camp-menu.ready,Idle,1
1583,47929.8695,16.2008,audit.snapshot.route.tier0.camp-menu.ready,Idle,1
1584,47947.644,17.7747,audit.snapshot.route.tier0.camp-menu.ready,Idle,1
1585,47970.9518,23.3078,menu.tier1.steady,Idle,1
1586,48007.7688,36.817,menu.tier1.steady,Idle,1
1587,48037.1956,29.4268,menu.tier1.steady,Idle,1
1588,48046.7306,9.5351,menu.tier1.steady,Idle,1
1589,48062.9204,16.1897,menu.tier1.steady,Idle,1
1590,48078.2598,15.3392,menu.tier1.steady,Idle,1
1591,48097.4306,19.1707,menu.tier1.steady,Idle,1
1592,48115.9784,18.5481,menu.tier1.steady,Idle,1
1593,48131.4476,15.4692,menu.tier1.steady,Idle,1
1594,48163.7607,32.313,menu.tier1.steady,Idle,1
1595,48172.6134,8.8528,menu.tier1.steady,Idle,1
1596,48190.3971,17.7837,menu.tier1.steady,Idle,1
1597,48214.0789,23.6818,menu.tier1.steady,Idle,1
1598,48235.5224,21.4435,menu.tier1.steady,Idle,1
1599,48260.2696,24.7471,menu.tier1.steady,Idle,1
1600,48281.5017,21.2322,menu.tier1.steady,Idle,1
1601,48302.52,21.0183,menu.tier1.steady,Idle,1
1602,48327.1161,24.5961,menu.tier1.steady,Idle,1
1603,48348.4621,21.346,menu.tier1.steady,Idle,1
1604,48369.4601,20.9979,menu.tier1.steady,Idle,1
1605,48428.4483,58.9883,menu.tier1.steady,Idle,1
1606,48447.3034,18.855,menu.tier1.steady,Idle,1
1607,48466.0872,18.7839,menu.tier1.steady,Idle,1
1608,48521.7703,55.6828,menu.tier1.steady,Idle,1
1609,48541.0341,19.2641,menu.tier1.steady,Idle,1
1610,48560.3269,19.2928,menu.tier1.steady,Idle,1
1611,48581.4524,21.1255,menu.tier1.steady,Idle,1
1612,48602.687,21.2346,menu.tier1.steady,Idle,1
1613,48627.2821,24.5951,menu.tier1.steady,Idle,1
1614,48648.5356,21.2534,menu.tier1.steady,Idle,1
1615,48666.6004,18.0648,menu.tier1.steady,Idle,1
1616,48682.6757,16.0754,menu.tier1.steady,Idle,1
1617,48700.5669,17.8913,menu.tier1.steady,Idle,1
1618,48716.7934,16.2264,menu.tier1.steady,Idle,1
1619,48734.6774,17.884,menu.tier1.steady,Idle,1
1620,48754.4108,19.7335,menu.tier1.steady,Idle,1
1621,48777.0381,22.6272,menu.tier1.steady,Idle,1
1622,48807.8111,30.773,menu.tier1.steady,Idle,1
1623,48833.6165,25.8054,menu.tier1.steady,Idle,1
1624,48842.1816,8.5651,menu.tier1.steady,Idle,1
1625,48860.2952,18.1135,menu.tier1.steady,Idle,1
1626,48876.1201,15.825,menu.tier1.steady,Idle,1
1627,48894.2103,18.0901,menu.tier1.steady,Idle,1
1628,48910.4276,16.2174,menu.tier1.steady,Idle,1
1629,48927.984,17.5564,menu.tier1.steady,Idle,1
1630,48944.0202,16.0362,menu.tier1.steady,Idle,1
1631,48962.3334,18.3129,menu.tier1.steady,Idle,1
1632,48980.3927,18.0594,menu.tier1.steady,Idle,1
1633,49001.6907,21.2982,menu.tier1.steady,Idle,1
1634,49023.6106,21.9199,menu.tier1.steady,Idle,1
1635,49041.027,17.4164,menu.tier1.steady,Idle,1
1636,49058.9263,17.8992,menu.tier1.steady,Idle,1
1637,49075.5086,16.5824,menu.tier1.steady,Idle,1
1638,49092.8918,17.3832,menu.tier1.steady,Idle,1
1639,49108.8701,15.9782,menu.tier1.steady,Idle,1
1640,49132.0292,23.1592,menu.tier1.steady,Idle,1
1641,49151.0499,19.0206,menu.tier1.steady,Idle,1
1642,49168.8216,17.7717,menu.tier1.steady,Idle,1
1643,49186.2698,17.4483,menu.tier1.steady,Idle,1
1644,49203.9328,17.663,menu.tier1.steady,Idle,1
1645,49220.352,16.4186,menu.tier1.steady,Idle,1
1646,49240.6706,20.3193,menu.tier1.steady,Idle,1
1647,49255.6215,14.9508,menu.tier1.steady,Idle,1
1648,49274.1706,18.5492,menu.tier1.steady,Idle,1
1649,49314.6491,40.4784,menu.tier1.steady,Idle,1
1650,49323.0842,8.4351,menu.tier1.steady,Idle,1
1651,49334.811,11.7268,menu.tier1.steady,Idle,1
1652,49352.7675,17.9565,menu.tier1.steady,Idle,1
1653,49370.367,17.5993,menu.tier1.steady,Idle,1
1654,49386.3378,15.971,menu.tier1.steady,Idle,1
1655,49404.23,17.8922,menu.tier1.steady,Idle,1
1656,49421.7481,17.5182,menu.tier1.steady,Idle,1
1657,49479.6062,57.858,menu.tier1.steady,Idle,1
1658,49507.7951,28.1889,menu.tier1.steady,Idle,1
1659,49564.3661,56.5709,menu.tier1.steady,Idle,1
1660,49582.3708,18.0048,menu.tier1.steady,Idle,1
1661,49599.5763,17.2054,menu.tier1.steady,Idle,1
1662,49615.4036,15.8274,menu.tier1.steady,Idle,1
1663,49633.4194,18.0158,menu.tier1.steady,Idle,1
1664,49649.6281,16.2087,menu.tier1.steady,Idle,1
1665,49673.8943,24.2662,menu.tier1.steady,Idle,1
1666,49693.9481,20.0538,menu.tier1.steady,Idle,1
1667,49710.0613,16.1131,menu.tier1.steady,Idle,1
1668,49728.5104,18.4492,menu.tier1.steady,Idle,1
1669,49744.0877,15.5773,menu.tier1.steady,Idle,1
1670,49762.3318,18.2442,menu.tier1.steady,Idle,1
1671,49780.4386,18.1067,menu.tier1.steady,Idle,1
1672,49797.0374,16.5987,menu.tier1.steady,Idle,1
1673,49814.477,17.4396,menu.tier1.steady,Idle,1
1674,49837.2344,22.7575,menu.tier1.steady,Idle,1
1675,49859.071,21.8366,menu.tier1.steady,Idle,1
1676,49883.3495,24.2785,menu.tier1.steady,Idle,1
1677,49915.8966,32.547,menu.tier1.steady,Idle,1
1678,49924.5033,8.6069,menu.tier1.steady,Idle,1
1679,49956.8062,32.3028,menu.tier1.steady,Idle,1
1680,49965.7426,8.9364,menu.tier1.steady,Idle,1
1681,49980.7779,15.0353,menu.tier1.steady,Idle,1
1682,49997.1997,16.4218,menu.tier1.steady,Idle,1
1683,50014.8155,17.6159,menu.tier1.steady,Idle,1
1684,50032.9869,18.1713,menu.tier1.steady,Idle,1
1685,50049.3991,16.4122,menu.tier1.steady,Idle,1
1686,50067.1644,17.7653,menu.tier1.steady,Idle,1
1687,50083.4086,16.2442,menu.tier1.steady,Idle,1
1688,50101.4859,18.0774,menu.tier1.steady,Idle,1
1689,50119.0865,17.6005,menu.tier1.steady,Idle,1
1690,50135.4541,16.3676,menu.tier1.steady,Idle,1
1691,50154.5814,19.1273,menu.tier1.steady,Idle,1
1692,50189.9772,35.3958,menu.tier1.steady,Idle,1
1693,50214.7322,24.755,menu.tier1.steady,Idle,1
1694,50227.3812,12.6491,menu.tier1.steady,Idle,1
1695,50248.3454,20.9641,menu.tier1.steady,Idle,1
1696,50266.5162,18.1708,menu.tier1.steady,Idle,1
1697,50282.6607,16.1445,menu.tier1.steady,Idle,1
1698,50300.6368,17.9761,menu.tier1.steady,Idle,1
1699,50316.8302,16.1933,menu.tier1.steady,Idle,1
1700,50343.9377,27.1076,menu.tier1.steady,Idle,1
1701,50361.7744,17.8367,menu.tier1.steady,Idle,1
1702,50377.9671,16.1927,menu.tier1.steady,Idle,1
1703,50398.0354,20.0682,menu.tier1.steady,Idle,1
1704,50413.9044,15.8691,menu.tier1.steady,Idle,1
1705,50433.5609,19.6565,leaves.tier1.normal.r1,Covering,1
1706,50647.3951,213.8342,leaves.tier1.normal.r1,Covering,1
1707,50672.0124,24.6172,leaves.tier1.normal.r1,Covering,1
1708,50695.1204,23.1081,leaves.tier1.normal.r1,Covering,1
1709,50712.619,17.4986,leaves.tier1.normal.r1,Covering,1
1710,50745.513,32.894,leaves.tier1.normal.r1,Covering,1
1711,50765.5461,20.0329,leaves.tier1.normal.r1,Covering,1
1712,50788.3688,22.8229,leaves.tier1.normal.r1,Covering,1
1713,50808.4829,20.1141,leaves.tier1.normal.r1,Covering,1
1714,50832.4275,23.9446,leaves.tier1.normal.r1,Covering,1
1715,50858.2716,25.8441,leaves.tier1.normal.r1,Covering,1
1716,50876.0983,17.8268,leaves.tier1.normal.r1,Covering,1
1717,50897.6294,21.531,leaves.tier1.normal.r1,Covering,1
1718,50917.161,19.5316,leaves.tier1.normal.r1,Covering,1
1719,50939.5697,22.4087,leaves.tier1.normal.r1,Covering,1
1720,50959.0337,19.464,leaves.tier1.normal.r1,Covering,1
1721,50976.7769,17.7432,leaves.tier1.normal.r1,Covering,1
1722,50998.0972,21.3203,leaves.tier1.normal.r1,Covering,1
1723,51020.5766,22.4793,leaves.tier1.normal.r1,Covering,1
1724,51040.1212,19.5446,leaves.tier1.normal.r1,Covering,1
1725,51059.4346,19.3135,leaves.tier1.normal.r1,Covering,1
1726,51077.3239,17.8892,leaves.tier1.normal.r1,Covering,1
1727,51098.911,21.5872,leaves.tier1.normal.r1,Covering,1
1728,51123.4099,24.4988,leaves.tier1.normal.r1,Covering,1
1729,51149.1159,25.7061,leaves.tier1.normal.r1,Covering,1
1730,51172.8154,23.6995,leaves.tier1.normal.r1,Covering,1
1731,51205.6823,32.8669,leaves.tier1.normal.r1,Covering,1
1732,51218.9693,13.2871,leaves.tier1.normal.r1,Covering,1
1733,51243.2907,24.3214,leaves.tier1.normal.r1,Covering,1
1734,51268.267,24.9762,leaves.tier1.normal.r1,Covering,1
1735,51300.8369,32.5699,leaves.tier1.normal.r1,Covering,1
1736,51330.2611,29.4241,leaves.tier1.normal.r1,Covering,1
1737,51359.2273,28.9659,leaves.tier1.normal.r1,Covering,1
1738,51386.0883,26.8614,leaves.tier1.normal.r1,Covering,1
1739,51420.2868,34.1985,leaves.tier1.normal.r1,Covering,1
1740,51450.9037,30.6168,leaves.tier1.normal.r1,Covering,1
1741,51476.5831,25.6796,leaves.tier1.normal.r1,Covering,1
1742,51504.5442,27.961,leaves.tier1.normal.r1,Covering,1
1743,51537.4567,32.9126,leaves.tier1.normal.r1,Covering,1
1744,51576.3995,38.9428,leaves.tier1.normal.r1,Covering,1
1745,51602.7543,26.3547,leaves.tier1.normal.r1,Covering,1
1746,51634.2758,31.5215,leaves.tier1.normal.r1,Covering,1
1747,51673.4636,39.1878,leaves.tier1.normal.r1,Covering,1
1748,51690.8411,17.3775,leaves.tier1.normal.r1,Covering,1
1749,51717.8019,26.9608,leaves.tier1.normal.r1,Covering,1
1750,51743.2066,25.4047,leaves.tier1.normal.r1,Covering,1
1751,51773.5555,30.3489,leaves.tier1.normal.r1,Covering,1
1752,51802.7806,29.2251,leaves.tier1.normal.r1,Covering,1
1753,51832.5898,29.8091,leaves.tier1.normal.r1,Covering,1
1754,51859.5988,27.0091,leaves.tier1.normal.r1,Covering,1
1755,51885.3956,25.7967,leaves.tier1.normal.r1,Covering,1
1756,51910.5374,25.1419,leaves.tier1.normal.r1,Covering,1
1757,51936.1026,25.5652,leaves.tier1.normal.r1,Covering,1
1758,51965.2539,29.1513,leaves.tier1.normal.r1,Covering,1
1759,51992.088,26.8341,leaves.tier1.normal.r1,Covering,1
1760,52021.2582,29.1701,leaves.tier1.normal.r1,Covering,1
1761,52049.9891,28.7309,leaves.tier1.normal.r1,CoveredLoading,1
1762,52075.3056,25.3165,leaves.tier1.normal.r1,CoveredLoading,1
1763,52101.1519,25.8464,audit.snapshot.leaves.tier1.normal.r1.covered,CoveredLoading,1
1764,52125.0319,23.88,leaves.tier1.normal.r1.hold,CoveredLoading,1
1765,52158.0324,33.0004,leaves.tier1.normal.r1.hold,CoveredLoading,1
1766,52182.9747,24.9422,leaves.tier1.normal.r1.hold,CoveredLoading,1
1767,52240.0832,57.1086,leaves.tier1.normal.r1.hold,CoveredLoading,1
1768,52254.4692,14.386,leaves.tier1.normal.r1.hold,CoveredLoading,1
1769,52291.8358,37.3667,leaves.tier1.normal.r1.hold,CoveredLoading,1
1770,52320.8941,29.0583,leaves.tier1.normal.r1.hold,CoveredLoading,1
1771,52358.4465,37.5523,leaves.tier1.normal.r1.hold,CoveredLoading,1
1772,52387.5447,29.0982,leaves.tier1.normal.r1.hold,CoveredLoading,1
1773,52425.5019,37.9572,leaves.tier1.normal.r1.hold,CoveredLoading,1
1774,52454.2404,28.7386,leaves.tier1.normal.r1.hold,CoveredLoading,1
1775,52492.2033,37.9629,leaves.tier1.normal.r1.hold,CoveredLoading,1
1776,52523.5963,31.3929,leaves.tier1.normal.r1.hold,CoveredLoading,1
1777,52550.2049,26.6087,leaves.tier1.normal.r1.hold,CoveredLoading,1
1778,52580.8473,30.6424,leaves.tier1.normal.r1.hold,CoveredLoading,1
1779,52618.0516,37.2042,leaves.tier1.normal.r1.hold,CoveredLoading,1
1780,52650.5281,32.4766,leaves.tier1.normal.r1.hold,CoveredLoading,1
1781,52676.2431,25.715,leaves.tier1.normal.r1.hold,CoveredLoading,1
1782,52702.6255,26.3823,leaves.tier1.normal.r1.hold,CoveredLoading,1
1783,52730.1906,27.5652,leaves.tier1.normal.r1.reveal,Preparing,1
1784,52761.7076,31.517,leaves.tier1.normal.r1.reveal,Preparing,1
1785,52796.2726,34.5649,leaves.tier1.normal.r1.reveal,Preparing,1
1786,52818.3504,22.0779,leaves.tier1.normal.r1.reveal,Preparing,1
1787,52841.3126,22.9622,leaves.tier1.normal.r1.reveal,Preparing,1
1788,52867.8945,26.5819,leaves.tier1.normal.r1.reveal,Preparing,1
1789,52897.7785,29.884,leaves.tier1.normal.r1.reveal,Preparing,1
1790,52920.5011,22.7226,leaves.tier1.normal.r1.reveal,Preparing,1
1791,52953.5374,33.0363,leaves.tier1.normal.r1.reveal,Preparing,1
1792,52982.5295,28.9921,leaves.tier1.normal.r1.reveal,Revealing,1
1793,53003.966,21.4365,leaves.tier1.normal.r1.reveal,Revealing,1
1794,53032.9532,28.9872,leaves.tier1.normal.r1.reveal,Revealing,1
1795,53058.4592,25.5059,leaves.tier1.normal.r1.reveal,Revealing,1
1796,53086.6469,28.1878,leaves.tier1.normal.r1.reveal,Revealing,1
1797,53117.2321,30.5852,leaves.tier1.normal.r1.reveal,Revealing,1
1798,53141.3428,24.1107,leaves.tier1.normal.r1.reveal,Revealing,1
1799,53167.0047,25.6617,leaves.tier1.normal.r1.reveal,Revealing,1
1800,53196.8651,29.8606,leaves.tier1.normal.r1.reveal,Revealing,1
1801,53228.9284,32.0633,leaves.tier1.normal.r1.reveal,Revealing,1
1802,53253.712,24.7835,leaves.tier1.normal.r1.reveal,Revealing,1
1803,53282.8188,29.107,leaves.tier1.normal.r1.reveal,Revealing,1
1804,53313.8819,31.0629,leaves.tier1.normal.r1.reveal,Revealing,1
1805,53343.1636,29.2817,leaves.tier1.normal.r1.reveal,Revealing,1
1806,53368.8535,25.6899,leaves.tier1.normal.r1.reveal,Revealing,1
1807,53396.7689,27.9155,leaves.tier1.normal.r1.reveal,Revealing,1
1808,53424.0455,27.2766,leaves.tier1.normal.r1.reveal,Revealing,1
1809,53450.3887,26.3431,leaves.tier1.normal.r1.reveal,Revealing,1
1810,53483.0187,32.6301,leaves.tier1.normal.r1.reveal,Revealing,1
1811,53510.5809,27.5621,leaves.tier1.normal.r1.reveal,Revealing,1
1812,53537.1479,26.5671,leaves.tier1.normal.r1.reveal,Revealing,1
1813,53564.6259,27.478,leaves.tier1.normal.r1.reveal,Revealing,1
1814,53587.3634,22.7375,leaves.tier1.normal.r1.reveal,Revealing,1
1815,53615.3705,28.0071,leaves.tier1.normal.r1.reveal,Revealing,1
1816,53636.4535,21.0829,leaves.tier1.normal.r1.reveal,Revealing,1
1817,53664.059,27.6054,leaves.tier1.normal.r1.reveal,Revealing,1
1818,53684.9497,20.8908,leaves.tier1.normal.r1.reveal,Revealing,1
1819,53707.5937,22.6441,leaves.tier1.normal.r1.reveal,Revealing,1
1820,53728.3189,20.7251,leaves.tier1.normal.r1.reveal,Revealing,1
1821,53749.9673,21.6485,leaves.tier1.normal.r1.reveal,Revealing,1
1822,53777.4457,27.4784,leaves.tier1.normal.r1.reveal,Revealing,1
1823,53795.1228,17.6771,leaves.tier1.normal.r1.reveal,Revealing,1
1824,53816.0029,20.8801,leaves.tier1.normal.r1.reveal,Revealing,1
1825,53839.9917,23.9888,leaves.tier1.normal.r1.reveal,Revealing,1
1826,53866.5294,26.5377,leaves.tier1.normal.r1.reveal,Revealing,1
1827,53882.0266,15.4972,leaves.tier1.normal.r1.reveal,Revealing,1
1828,53905.7575,23.7309,leaves.tier1.normal.r1.reveal,Revealing,1
1829,53925.3143,19.5568,leaves.tier1.normal.r1.reveal,Revealing,1
1830,53943.1289,17.8146,leaves.tier1.normal.r1.reveal,Revealing,1
1831,53964.5951,21.4662,leaves.tier1.normal.r1.reveal,Revealing,1
1832,53983.4208,18.8257,leaves.tier1.normal.r1.reveal,Revealing,1
1833,54006.3178,22.897,leaves.tier1.normal.r1.reveal,Revealing,1
1834,54025.3948,19.077,leaves.tier1.normal.r1.reveal,Revealing,1
1835,54043.5464,18.1515,leaves.tier1.normal.r1.reveal,Revealing,1
1836,54068.075,24.5287,leaves.tier1.normal.r1.reveal,Revealing,1
1837,54093.2908,25.2158,leaves.tier1.normal.r1.reveal,Revealing,1
1838,54111.2569,17.9661,leaves.tier1.normal.r1.reveal,Revealing,1
1839,54137.1596,25.9027,leaves.tier1.normal.r1.reveal,Revealing,1
1840,54155.3152,18.1556,leaves.tier1.normal.r1.reveal,Revealing,1
1841,54175.0049,19.6897,leaves.tier1.normal.r1.reveal,Revealing,1
1842,54194.4917,19.4868,leaves.tier1.normal.r1.reveal,Revealing,1
1843,54215.6452,21.1535,leaves.tier1.normal.r1.reveal,Revealing,1
1844,54243.2964,27.6512,leaves.tier1.normal.r1.reveal,Revealing,1
1845,54265.9555,22.6591,leaves.tier1.normal.r1.reveal,Revealing,1
1846,54283.4871,17.5316,leaves.tier1.normal.r1.reveal,Revealing,1
1847,54306.3091,22.822,leaves.tier1.normal.r1.reveal,Revealing,1
1848,54325.4787,19.1696,leaves.tier1.normal.r1.reveal,Revealing,1
1849,54343.4303,17.9517,leaves.tier1.normal.r1.reveal,Revealing,1
1850,54365.0327,21.6021,leaves.tier1.normal.r1.reveal,Revealing,1
1851,54385.5014,20.4688,leaves.tier1.normal.r1.reveal,Idle,1
1852,54408.1792,22.6779,leaves.tier1.normal.r1.settle,Idle,1
1853,54427.2742,19.095,leaves.tier1.normal.r1.settle,Idle,1
1854,54450.1228,22.8485,leaves.tier1.normal.r1.settle,Idle,1
1855,54471.3254,21.2025,leaves.tier1.normal.r1.settle,Idle,1
1856,54487.6836,16.3584,leaves.tier1.normal.r1.settle,Idle,1
1857,54512.2372,24.5536,leaves.tier1.normal.r1.settle,Idle,1
1858,54542.338,30.1008,leaves.tier1.normal.r1.settle,Idle,1
1859,54574.7534,32.4154,leaves.tier1.normal.r1.settle,Idle,1
1860,54583.2578,8.5044,leaves.tier1.normal.r1.settle,Idle,1
1861,54597.2051,13.9472,leaves.tier1.normal.r1.settle,Idle,1
1862,54611.4923,14.2873,leaves.tier1.normal.r1.settle,Idle,1
1863,54638.6802,27.1879,leaves.tier1.normal.r1.settle,Idle,1
1864,54658.0564,19.3762,leaves.tier1.normal.r1.settle,Idle,1
1865,54674.1765,16.1201,leaves.tier1.normal.r1.settle,Idle,1
1866,54691.7989,17.6224,leaves.tier1.normal.r1.settle,Idle,1
1867,54709.199,17.4001,leaves.tier1.reduced.r1,Covering,1
1868,54733.5612,24.3622,leaves.tier1.reduced.r1,Covering,1
1869,54764.3879,30.8267,leaves.tier1.reduced.r1,Covering,1
1870,54791.0101,26.6221,leaves.tier1.reduced.r1,Covering,1
1871,54800.8829,9.8729,leaves.tier1.reduced.r1,Covering,1
1872,54811.4126,10.5297,leaves.tier1.reduced.r1,Covering,1
1873,54838.904,27.4914,leaves.tier1.reduced.r1,Covering,1
1874,54858.8685,19.9645,leaves.tier1.reduced.r1,CoveredLoading,1
1875,54874.7906,15.9221,leaves.tier1.reduced.r1,CoveredLoading,1
1876,54894.2653,19.4747,audit.snapshot.leaves.tier1.reduced.r1.covered,CoveredLoading,1
1877,54923.8503,29.585,leaves.tier1.reduced.r1.hold,CoveredLoading,1
1878,54939.7364,15.8861,leaves.tier1.reduced.r1.hold,CoveredLoading,1
1879,54955.1669,15.4305,leaves.tier1.reduced.r1.hold,CoveredLoading,1
1880,54973.1907,18.0238,leaves.tier1.reduced.r1.hold,CoveredLoading,1
1881,54988.5363,15.3456,leaves.tier1.reduced.r1.hold,CoveredLoading,1
1882,55006.4262,17.8899,leaves.tier1.reduced.r1.hold,CoveredLoading,1
1883,55030.3653,23.9391,leaves.tier1.reduced.r1.hold,CoveredLoading,1
1884,55064.3897,34.0244,leaves.tier1.reduced.r1.hold,CoveredLoading,1
1885,55073.3502,8.9605,leaves.tier1.reduced.r1.hold,CoveredLoading,1
1886,55091.0307,17.6805,leaves.tier1.reduced.r1.hold,CoveredLoading,1
1887,55107.3054,16.2747,leaves.tier1.reduced.r1.hold,CoveredLoading,1
1888,55132.8495,25.5441,leaves.tier1.reduced.r1.hold,CoveredLoading,1
1889,55150.3075,17.458,leaves.tier1.reduced.r1.hold,CoveredLoading,1
1890,55172.8823,22.5747,leaves.tier1.reduced.r1.hold,CoveredLoading,1
1891,55196.8159,23.9336,leaves.tier1.reduced.r1.hold,CoveredLoading,1
1892,55209.0272,12.2115,leaves.tier1.reduced.r1.hold,CoveredLoading,1
1893,55226.7916,17.7643,leaves.tier1.reduced.r1.hold,CoveredLoading,1
1894,55245.2391,18.4475,leaves.tier1.reduced.r1.hold,CoveredLoading,1
1895,55264.3112,19.072,leaves.tier1.reduced.r1.hold,CoveredLoading,1
1896,55278.1645,13.8534,leaves.tier1.reduced.r1.reveal,Preparing,1
1897,55300.9473,22.7828,leaves.tier1.reduced.r1.reveal,Preparing,1
1898,55324.4034,23.4561,leaves.tier1.reduced.r1.reveal,Preparing,1
1899,55358.1485,33.7451,leaves.tier1.reduced.r1.reveal,Preparing,1
1900,55384.8278,26.6794,leaves.tier1.reduced.r1.reveal,Revealing,1
1901,55411.075,26.2471,leaves.tier1.reduced.r1.reveal,Revealing,1
1902,55419.5238,8.4488,leaves.tier1.reduced.r1.reveal,Revealing,1
1903,55437.6361,18.1123,leaves.tier1.reduced.r1.reveal,Revealing,1
1904,55454.3363,16.7001,leaves.tier1.reduced.r1.reveal,Revealing,1
1905,55472.7725,18.4363,leaves.tier1.reduced.r1.reveal,Revealing,1
1906,55492.2705,19.4979,leaves.tier1.reduced.r1.reveal,Revealing,1
1907,55511.9369,19.6666,leaves.tier1.reduced.r1.reveal,Revealing,1
1908,55535.8442,23.9071,leaves.tier1.reduced.r1.reveal,Revealing,1
1909,55552.6835,16.8394,leaves.tier1.reduced.r1.reveal,Revealing,1
1910,55567.505,14.8214,leaves.tier1.reduced.r1.reveal,Idle,1
1911,55590.9573,23.4522,leaves.tier1.reduced.r1.settle,Idle,1
1912,55607.0388,16.0816,leaves.tier1.reduced.r1.settle,Idle,1
1913,55624.8412,17.8025,leaves.tier1.reduced.r1.settle,Idle,1
1914,55641.0807,16.2395,leaves.tier1.reduced.r1.settle,Idle,1
1915,55663.9558,22.8751,leaves.tier1.reduced.r1.settle,Idle,1
1916,55675.7942,11.8383,leaves.tier1.reduced.r1.settle,Idle,1
1917,55698.6475,22.8534,leaves.tier1.reduced.r1.settle,Idle,1
1918,55717.8829,19.2354,leaves.tier1.reduced.r1.settle,Idle,1
1919,55738.218,20.335,leaves.tier1.reduced.r1.settle,Idle,1
1920,55761.3582,23.1403,leaves.tier1.reduced.r1.settle,Idle,1
1921,55781.2142,19.856,leaves.tier1.reduced.r1.settle,Idle,1
1922,55797.4833,16.2691,leaves.tier1.reduced.r1.settle,Idle,1
1923,55827.4452,29.9619,leaves.tier1.reduced.r1.settle,Idle,1
1924,55859.1867,31.7412,leaves.tier1.reduced.r1.settle,Idle,1
1925,55868.1827,8.9962,leaves.tier1.reduced.r1.settle,Idle,1
1926,55902.6776,34.495,leaves.tier1.normal.r2,Covering,1
1927,55949.0492,46.3716,leaves.tier1.normal.r2,Covering,1
1928,55975.4217,26.3725,leaves.tier1.normal.r2,Covering,1
1929,55994.7491,19.3274,leaves.tier1.normal.r2,Covering,1
1930,56017.2464,22.4973,leaves.tier1.normal.r2,Covering,1
1931,56042.2905,25.0441,leaves.tier1.normal.r2,Covering,1
1932,56072.7795,30.489,leaves.tier1.normal.r2,Covering,1
1933,56088.6107,15.8312,leaves.tier1.normal.r2,Covering,1
1934,56108.3037,19.6928,leaves.tier1.normal.r2,Covering,1
1935,56126.8693,18.5657,leaves.tier1.normal.r2,Covering,1
1936,56148.5948,21.7256,leaves.tier1.normal.r2,Covering,1
1937,56172.0477,23.4528,leaves.tier1.normal.r2,Covering,1
1938,56212.9898,40.9421,leaves.tier1.normal.r2,Covering,1
1939,56237.4579,24.4677,leaves.tier1.normal.r2,Covering,1
1940,56266.7286,29.2712,leaves.tier1.normal.r2,Covering,1
1941,56293.6606,26.932,leaves.tier1.normal.r2,Covering,1
1942,56322.6476,28.9869,leaves.tier1.normal.r2,Covering,1
1943,56344.9885,22.3409,leaves.tier1.normal.r2,Covering,1
1944,56373.641,28.6525,leaves.tier1.normal.r2,Covering,1
1945,56399.8038,26.1629,leaves.tier1.normal.r2,Covering,1
1946,56426.9782,27.1743,leaves.tier1.normal.r2,Covering,1
1947,56455.827,28.8489,leaves.tier1.normal.r2,Covering,1
1948,56482.2884,26.4615,leaves.tier1.normal.r2,Covering,1
1949,56509.4596,27.1711,leaves.tier1.normal.r2,Covering,1
1950,56531.0586,21.599,leaves.tier1.normal.r2,Covering,1
1951,56550.1601,19.1015,leaves.tier1.normal.r2,Covering,1
1952,56577.0963,26.9361,leaves.tier1.normal.r2,Covering,1
1953,56606.1094,29.0132,leaves.tier1.normal.r2,Covering,1
1954,56632.9668,26.8574,leaves.tier1.normal.r2,Covering,1
1955,56659.6149,26.6481,leaves.tier1.normal.r2,Covering,1
1956,56682.7716,23.1567,leaves.tier1.normal.r2,Covering,1
1957,56707.9356,25.1639,leaves.tier1.normal.r2,Covering,1
1958,56732.9116,24.9761,leaves.tier1.normal.r2,Covering,1
1959,56758.5216,25.61,leaves.tier1.normal.r2,Covering,1
1960,56785.6119,27.0902,leaves.tier1.normal.r2,Covering,1
1961,56811.5432,25.9314,leaves.tier1.normal.r2,Covering,1
1962,56841.7439,30.2007,leaves.tier1.normal.r2,Covering,1
1963,56867.5532,25.8093,leaves.tier1.normal.r2,Covering,1
1964,56898.6764,31.1232,leaves.tier1.normal.r2,Covering,1
1965,56921.6263,22.9498,leaves.tier1.normal.r2,Covering,1
1966,56952.0703,30.444,leaves.tier1.normal.r2,Covering,1
1967,56985.0115,32.9413,leaves.tier1.normal.r2,Covering,1
1968,57027.1587,42.1473,leaves.tier1.normal.r2,Covering,1
1969,57050.8968,23.738,leaves.tier1.normal.r2,Covering,1
1970,57077.1057,26.2089,leaves.tier1.normal.r2,Covering,1
1971,57107.4628,30.3571,leaves.tier1.normal.r2,Covering,1
1972,57135.1659,27.7031,leaves.tier1.normal.r2,Covering,1
1973,57162.8737,27.7077,leaves.tier1.normal.r2,Covering,1
1974,57187.5163,24.6427,leaves.tier1.normal.r2,Covering,1
1975,57216.3682,28.8519,leaves.tier1.normal.r2,Covering,1
1976,57242.9078,26.5396,leaves.tier1.normal.r2,Covering,1
1977,57268.5643,25.6566,leaves.tier1.normal.r2,Covering,1
1978,57295.8807,27.3162,leaves.tier1.normal.r2,Covering,1
1979,57320.4419,24.5613,leaves.tier1.normal.r2,Covering,1
1980,57349.2525,28.8105,leaves.tier1.normal.r2,Covering,1
1981,57375.2093,25.9567,leaves.tier1.normal.r2,Covering,1
1982,57401.8548,26.6456,leaves.tier1.normal.r2,Covering,1
1983,57425.5503,23.6956,leaves.tier1.normal.r2,Covering,1
1984,57451.6559,26.1056,leaves.tier1.normal.r2,Covering,1
1985,57476.9876,25.3317,leaves.tier1.normal.r2,CoveredLoading,1
1986,57503.8321,26.8444,leaves.tier1.normal.r2,CoveredLoading,1
1987,57529.4584,25.6263,audit.snapshot.leaves.tier1.normal.r2.covered,CoveredLoading,1
1988,57553.6922,24.2338,leaves.tier1.normal.r2.hold,CoveredLoading,1
1989,57582.7635,29.0714,leaves.tier1.normal.r2.hold,CoveredLoading,1
1990,57608.2938,25.5303,leaves.tier1.normal.r2.hold,CoveredLoading,1
1991,57633.0172,24.7235,leaves.tier1.normal.r2.hold,CoveredLoading,1
1992,57659.8121,26.7947,leaves.tier1.normal.r2.hold,CoveredLoading,1
1993,57699.0879,39.2759,leaves.tier1.normal.r2.hold,CoveredLoading,1
1994,57718.9511,19.8557,leaves.tier1.normal.r2.hold,CoveredLoading,1
1995,57749.067,30.1233,leaves.tier1.normal.r2.hold,CoveredLoading,1
1996,57776.9483,27.8814,leaves.tier1.normal.r2.hold,CoveredLoading,1
1997,57801.9133,24.965,leaves.tier1.normal.r2.hold,CoveredLoading,1
1998,57828.6301,26.7167,leaves.tier1.normal.r2.hold,CoveredLoading,1
1999,57852.9256,24.2956,leaves.tier1.normal.r2.hold,CoveredLoading,1
2000,57878.0797,25.1541,leaves.tier1.normal.r2.hold,CoveredLoading,1
2001,57907.0849,29.0051,leaves.tier1.normal.r2.hold,CoveredLoading,1
2002,57931.5987,24.5139,leaves.tier1.normal.r2.hold,CoveredLoading,1
2003,57956.7933,25.1945,leaves.tier1.normal.r2.hold,CoveredLoading,1
2004,57993.1817,36.3885,leaves.tier1.normal.r2.hold,CoveredLoading,1
2005,58010.0596,16.8779,leaves.tier1.normal.r2.hold,CoveredLoading,1
2006,58035.0324,24.9727,leaves.tier1.normal.r2.hold,CoveredLoading,1
2007,58061.7297,26.6973,leaves.tier1.normal.r2.reveal,Preparing,1
2008,58084.1236,22.394,leaves.tier1.normal.r2.reveal,Preparing,1
2009,58115.8842,31.7607,leaves.tier1.normal.r2.reveal,Preparing,1
2010,58143.2986,27.4142,leaves.tier1.normal.r2.reveal,Preparing,1
2011,58167.6452,24.3466,leaves.tier1.normal.r2.reveal,Preparing,1
2012,58190.0245,22.3794,leaves.tier1.normal.r2.reveal,Preparing,1
2013,58216.3136,26.2891,leaves.tier1.normal.r2.reveal,Preparing,1
2014,58241.3827,25.0691,leaves.tier1.normal.r2.reveal,Preparing,1
2015,58268.9013,27.5186,leaves.tier1.normal.r2.reveal,Preparing,1
2016,58300.9644,32.0631,leaves.tier1.normal.r2.reveal,Preparing,1
2017,58324.577,23.6125,leaves.tier1.normal.r2.reveal,Revealing,1
2018,58350.5993,26.0223,leaves.tier1.normal.r2.reveal,Revealing,1
2019,58376.0979,25.4987,leaves.tier1.normal.r2.reveal,Revealing,1
2020,58401.0918,24.9939,leaves.tier1.normal.r2.reveal,Revealing,1
2021,58429.5051,28.4132,leaves.tier1.normal.r2.reveal,Revealing,1
2022,58466.2824,36.7772,leaves.tier1.normal.r2.reveal,Revealing,1
2023,58482.7736,16.4914,leaves.tier1.normal.r2.reveal,Revealing,1
2024,58504.782,22.0084,leaves.tier1.normal.r2.reveal,Revealing,1
2025,58536.311,31.5288,leaves.tier1.normal.r2.reveal,Revealing,1
2026,58563.8215,27.5107,leaves.tier1.normal.r2.reveal,Revealing,1
2027,58595.9788,32.1573,leaves.tier1.normal.r2.reveal,Revealing,1
2028,58620.3815,24.4027,leaves.tier1.normal.r2.reveal,Revealing,1
2029,58649.5225,29.1409,leaves.tier1.normal.r2.reveal,Revealing,1
2030,58683.8805,34.3581,leaves.tier1.normal.r2.reveal,Revealing,1
2031,58710.544,26.6634,leaves.tier1.normal.r2.reveal,Revealing,1
2032,58736.0902,25.5463,leaves.tier1.normal.r2.reveal,Revealing,1
2033,58767.2026,31.1122,leaves.tier1.normal.r2.reveal,Revealing,1
2034,58791.0903,23.8879,leaves.tier1.normal.r2.reveal,Revealing,1
2035,58817.7706,26.6803,leaves.tier1.normal.r2.reveal,Revealing,1
2036,58843.8788,26.1081,leaves.tier1.normal.r2.reveal,Revealing,1
2037,58876.871,32.9923,leaves.tier1.normal.r2.reveal,Revealing,1
2038,58903.0549,26.1838,leaves.tier1.normal.r2.reveal,Revealing,1
2039,58931.9261,28.8713,leaves.tier1.normal.r2.reveal,Revealing,1
2040,58956.7252,24.7991,leaves.tier1.normal.r2.reveal,Revealing,1
2041,58982.0489,25.3236,leaves.tier1.normal.r2.reveal,Revealing,1
2042,59006.4365,24.3876,leaves.tier1.normal.r2.reveal,Revealing,1
2043,59028.4208,21.9843,leaves.tier1.normal.r2.reveal,Revealing,1
2044,59050.8033,22.3825,leaves.tier1.normal.r2.reveal,Revealing,1
2045,59078.5202,27.717,leaves.tier1.normal.r2.reveal,Revealing,1
2046,59104.6324,26.112,leaves.tier1.normal.r2.reveal,Revealing,1
2047,59124.8507,20.2186,leaves.tier1.normal.r2.reveal,Revealing,1
2048,59142.7365,17.8857,leaves.tier1.normal.r2.reveal,Revealing,1
2049,59167.152,24.4155,leaves.tier1.normal.r2.reveal,Revealing,1
2050,59191.1318,23.9797,leaves.tier1.normal.r2.reveal,Revealing,1
2051,59209.0099,17.8779,leaves.tier1.normal.r2.reveal,Revealing,1
2052,59233.2789,24.2692,leaves.tier1.normal.r2.reveal,Revealing,1
2053,59258.7151,25.4362,leaves.tier1.normal.r2.reveal,Revealing,1
2054,59276.8565,18.1414,leaves.tier1.normal.r2.reveal,Revealing,1
2055,59298.1436,21.2872,leaves.tier1.normal.r2.reveal,Revealing,1
2056,59317.4137,19.27,leaves.tier1.normal.r2.reveal,Revealing,1
2057,59339.7726,22.359,leaves.tier1.normal.r2.reveal,Revealing,1
2058,59359.0823,19.3097,leaves.tier1.normal.r2.reveal,Revealing,1
2059,59376.9191,17.8368,leaves.tier1.normal.r2.reveal,Revealing,1
2060,59400.0346,23.1155,leaves.tier1.normal.r2.reveal,Revealing,1
2061,59420.5407,20.5061,leaves.tier1.normal.r2.reveal,Revealing,1
2062,59440.2485,19.7077,leaves.tier1.normal.r2.reveal,Revealing,1
2063,59459.928,19.6795,leaves.tier1.normal.r2.reveal,Revealing,1
2064,59478.0721,18.1441,leaves.tier1.normal.r2.reveal,Revealing,1
2065,59499.2193,21.1471,leaves.tier1.normal.r2.reveal,Revealing,1
2066,59521.9875,22.7684,leaves.tier1.normal.r2.reveal,Revealing,1
2067,59540.9826,18.9951,leaves.tier1.normal.r2.reveal,Revealing,1
2068,59560.6299,19.6473,leaves.tier1.normal.r2.reveal,Revealing,1
2069,59578.9949,18.3649,leaves.tier1.normal.r2.reveal,Revealing,1
2070,59609.2796,30.2848,leaves.tier1.normal.r2.reveal,Revealing,1
2071,59630.6637,21.3841,leaves.tier1.normal.r2.reveal,Revealing,1
2072,59649.6755,19.0118,leaves.tier1.normal.r2.reveal,Revealing,1
2073,59672.3113,22.6358,leaves.tier1.normal.r2.reveal,Revealing,1
2074,59691.8125,19.5012,leaves.tier1.normal.r2.reveal,Revealing,1
2075,59709.4811,17.6686,leaves.tier1.normal.r2.reveal,Revealing,1
2076,59735.0211,25.5399,leaves.tier1.normal.r2.reveal,Idle,1
2077,59765.1821,30.1611,leaves.tier1.normal.r2.settle,Idle,1
2078,59789.1844,24.0021,leaves.tier1.normal.r2.settle,Idle,1
2079,59805.6156,16.4313,leaves.tier1.normal.r2.settle,Idle,1
2080,59823.2045,17.5889,leaves.tier1.normal.r2.settle,Idle,1
2081,59843.847,20.6426,leaves.tier1.normal.r2.settle,Idle,1
2082,59864.1397,20.2926,leaves.tier1.normal.r2.settle,Idle,1
2083,59881.7792,17.6395,leaves.tier1.normal.r2.settle,Idle,1
2084,59898.5023,16.7232,leaves.tier1.normal.r2.settle,Idle,1
2085,59915.9756,17.4732,leaves.tier1.normal.r2.settle,Idle,1
2086,59939.5431,23.5676,leaves.tier1.normal.r2.settle,Idle,1
2087,59959.007,19.4639,leaves.tier1.normal.r2.settle,Idle,1
2088,59975.4849,16.4779,leaves.tier1.normal.r2.settle,Idle,1
2089,59992.9368,17.4519,leaves.tier1.normal.r2.settle,Idle,1
2090,60009.364,16.427,leaves.tier1.normal.r2.settle,Idle,1
2091,60027.0798,17.716,leaves.tier1.normal.r2.settle,Idle,1
2092,60044.6422,17.5624,leaves.tier1.reduced.r2,Covering,1
2093,60068.1994,23.557,leaves.tier1.reduced.r2,Covering,1
2094,60081.7581,13.559,leaves.tier1.reduced.r2,Covering,1
2095,60101.7142,19.9558,leaves.tier1.reduced.r2,Covering,1
2096,60120.2647,18.5507,leaves.tier1.reduced.r2,Covering,1
2097,60142.4229,22.1582,leaves.tier1.reduced.r2,Covering,1
2098,60165.1489,22.7258,leaves.tier1.reduced.r2,Covering,1
2099,60189.0379,23.8892,leaves.tier1.reduced.r2,Covering,1
2100,60217.0064,27.9685,leaves.tier1.reduced.r2,CoveredLoading,1
2101,60233.5895,16.5831,leaves.tier1.reduced.r2,CoveredLoading,1
2102,60272.4017,38.8122,audit.snapshot.leaves.tier1.reduced.r2.covered,CoveredLoading,1
2103,60284.7534,12.3517,leaves.tier1.reduced.r2.hold,CoveredLoading,1
2104,60309.7859,25.0325,leaves.tier1.reduced.r2.hold,CoveredLoading,1
2105,60332.186,22.3999,leaves.tier1.reduced.r2.hold,CoveredLoading,1
2106,60351.2012,19.0155,leaves.tier1.reduced.r2.hold,CoveredLoading,1
2107,60371.317,20.1158,leaves.tier1.reduced.r2.hold,CoveredLoading,1
2108,60388.9046,17.5875,leaves.tier1.reduced.r2.hold,CoveredLoading,1
2109,60409.6221,20.7175,leaves.tier1.reduced.r2.hold,CoveredLoading,1
2110,60439.193,29.5709,leaves.tier1.reduced.r2.hold,CoveredLoading,1
2111,60456.2505,17.0575,leaves.tier1.reduced.r2.hold,CoveredLoading,1
2112,60477.3057,21.0552,leaves.tier1.reduced.r2.hold,CoveredLoading,1
2113,60499.9138,22.6081,leaves.tier1.reduced.r2.hold,CoveredLoading,1
2114,60521.5213,21.6074,leaves.tier1.reduced.r2.hold,CoveredLoading,1
2115,60543.8626,22.3414,leaves.tier1.reduced.r2.hold,CoveredLoading,1
2116,60566.222,22.3594,leaves.tier1.reduced.r2.hold,CoveredLoading,1
2117,60589.3347,23.1127,leaves.tier1.reduced.r2.hold,CoveredLoading,1
2118,60610.2995,20.9648,leaves.tier1.reduced.r2.hold,CoveredLoading,1
2119,60633.7346,23.4348,leaves.tier1.reduced.r2.hold,CoveredLoading,1
2120,60656.5235,22.7893,leaves.tier1.reduced.r2.hold,CoveredLoading,1
2121,60678.8661,22.3426,leaves.tier1.reduced.r2.hold,CoveredLoading,1
2122,60690.6532,11.7871,leaves.tier1.reduced.r2.reveal,Preparing,1
2123,60706.7074,16.0539,leaves.tier1.reduced.r2.reveal,Preparing,1
2124,60724.8715,18.1643,leaves.tier1.reduced.r2.reveal,Preparing,1
2125,60740.8304,15.9588,leaves.tier1.reduced.r2.reveal,Preparing,1
2126,60758.1506,17.3203,leaves.tier1.reduced.r2.reveal,Preparing,1
2127,60774.1094,15.9588,leaves.tier1.reduced.r2.reveal,Preparing,1
2128,60791.9765,17.867,leaves.tier1.reduced.r2.reveal,Revealing,1
2129,60807.6681,15.6917,leaves.tier1.reduced.r2.reveal,Revealing,1
2130,60827.5976,19.9293,leaves.tier1.reduced.r2.reveal,Revealing,1
2131,60862.1525,34.5549,leaves.tier1.reduced.r2.reveal,Revealing,1
2132,60909.3702,47.2179,leaves.tier1.reduced.r2.reveal,Revealing,1
2133,60918.6528,9.2826,leaves.tier1.reduced.r2.reveal,Revealing,1
2134,60943.3031,24.6503,leaves.tier1.reduced.r2.reveal,Revealing,1
2135,60960.5713,17.2682,leaves.tier1.reduced.r2.reveal,Revealing,1
2136,60987.7376,27.1662,leaves.tier1.reduced.r2.reveal,Idle,1
2137,61011.6606,23.9231,leaves.tier1.reduced.r2.settle,Idle,1
2138,61030.7898,19.1292,leaves.tier1.reduced.r2.settle,Idle,1
2139,61052.5739,21.7841,leaves.tier1.reduced.r2.settle,Idle,1
2140,61065.7823,13.2084,leaves.tier1.reduced.r2.settle,Idle,1
2141,61086.4472,20.6649,leaves.tier1.reduced.r2.settle,Idle,1
2142,61117.0486,30.6014,leaves.tier1.reduced.r2.settle,Idle,1
2143,61137.4161,20.3675,leaves.tier1.reduced.r2.settle,Idle,1
2144,61150.7154,13.2993,leaves.tier1.reduced.r2.settle,Idle,1
2145,61171.6334,20.918,leaves.tier1.reduced.r2.settle,Idle,1
2146,61210.2177,38.5844,leaves.tier1.reduced.r2.settle,Idle,1
2147,61218.7559,8.5382,leaves.tier1.reduced.r2.settle,Idle,1
2148,61232.0255,13.2695,leaves.tier1.reduced.r2.settle,Idle,1
2149,61249.4146,17.3892,leaves.tier1.reduced.r2.settle,Idle,1
2150,61276.6494,27.2346,leaves.tier1.reduced.r2.settle,Idle,1
2151,61290.0254,13.3761,leaves.tier1.reduced.r2.settle,Idle,1
2152,61311.7338,21.7084,route.tier1.menu-camp,Covering,1
2153,61363.3035,51.5697,route.tier1.menu-camp,Covering,1
2154,61388.7586,25.4551,route.tier1.menu-camp,Covering,1
2155,61407.8899,19.1313,route.tier1.menu-camp,Covering,1
2156,61428.5521,20.6621,route.tier1.menu-camp,Covering,1
2157,61449.8,21.2477,route.tier1.menu-camp,Covering,1
2158,61484.0398,34.2401,route.tier1.menu-camp,Covering,1
2159,61500.4666,16.4267,route.tier1.menu-camp,Covering,1
2160,61523.7924,23.326,route.tier1.menu-camp,Covering,1
2161,61544.8553,21.0628,route.tier1.menu-camp,Covering,1
2162,61570.4618,25.6063,route.tier1.menu-camp,Covering,1
2163,61590.3493,19.8877,route.tier1.menu-camp,Covering,1
2164,61615.2393,24.89,route.tier1.menu-camp,Covering,1
2165,61631.9824,16.7431,route.tier1.menu-camp,Covering,1
2166,61654.6539,22.6715,route.tier1.menu-camp,Covering,1
2167,61674.1253,19.4713,route.tier1.menu-camp,Covering,1
2168,61705.9799,31.8545,route.tier1.menu-camp,Covering,1
2169,61735.1462,29.1665,route.tier1.menu-camp,Covering,1
2170,61744.022,8.8758,route.tier1.menu-camp,Covering,1
2171,61766.6245,22.6026,route.tier1.menu-camp,Covering,1
2172,61787.3788,20.7542,route.tier1.menu-camp,Covering,1
2173,61806.984,19.6052,route.tier1.menu-camp,Covering,1
2174,61826.3372,19.3532,route.tier1.menu-camp,Covering,1
2175,61844.1195,17.7824,route.tier1.menu-camp,Covering,1
2176,61865.3236,21.204,route.tier1.menu-camp,Covering,1
2177,61884.5418,19.2182,route.tier1.menu-camp,Covering,1
2178,61906.8441,22.3021,route.tier1.menu-camp,Covering,1
2179,61926.8349,19.991,route.tier1.menu-camp,Covering,1
2180,61945.0261,18.1912,route.tier1.menu-camp,Covering,1
2181,61967.6278,22.6016,route.tier1.menu-camp,Covering,1
2182,61989.0137,21.386,route.tier1.menu-camp,Covering,1
2183,62016.3182,27.3045,route.tier1.menu-camp,Covering,1
2184,62039.5812,23.263,route.tier1.menu-camp,Covering,1
2185,62061.7562,22.175,route.tier1.menu-camp,Covering,1
2186,62100.6013,38.8451,route.tier1.menu-camp,Covering,1
2187,62140.7687,40.1674,route.tier1.menu-camp,Covering,1
2188,62156.6555,15.8868,route.tier1.menu-camp,Covering,1
2189,62176.6619,20.0063,route.tier1.menu-camp,Covering,1
2190,62204.1071,27.4453,route.tier1.menu-camp,Covering,1
2191,62235.8647,31.7576,route.tier1.menu-camp,Covering,1
2192,62269.1266,33.2619,route.tier1.menu-camp,Covering,1
2193,62297.8551,28.7285,route.tier1.menu-camp,Covering,1
2194,62321.6864,23.8313,route.tier1.menu-camp,Covering,1
2195,62359.0138,37.3274,route.tier1.menu-camp,Covering,1
2196,62386.4229,27.4091,route.tier1.menu-camp,Covering,1
2197,62415.9038,29.4809,route.tier1.menu-camp,Covering,1
2198,62439.649,23.7452,route.tier1.menu-camp,Covering,1
2199,62475.8778,36.2288,route.tier1.menu-camp,Covering,1
2200,62501.6603,25.7825,route.tier1.menu-camp,Covering,1
2201,62533.8018,32.1414,route.tier1.menu-camp,Covering,1
2202,62559.8125,26.0108,route.tier1.menu-camp,Covering,1
2203,62591.3291,31.5166,route.tier1.menu-camp,Covering,1
2204,62617.8331,26.504,route.tier1.menu-camp,Covering,1
2205,62645.8684,28.0353,route.tier1.menu-camp,Covering,1
2206,62674.7532,28.8849,route.tier1.menu-camp,Covering,1
2207,62700.3688,25.6155,route.tier1.menu-camp,Covering,1
2208,62730.3304,29.9615,route.tier1.menu-camp,Covering,1
2209,62753.5928,23.2623,route.tier1.menu-camp,Covering,1
2210,62783.0262,29.4336,route.tier1.menu-camp,Covering,1
2211,62808.6728,25.6466,route.tier1.menu-camp,Covering,1
2212,62841.1911,32.5183,route.tier1.menu-camp,Covering,1
2213,62868.3005,27.1094,route.tier1.menu-camp,Covering,1
2214,62895.1426,26.842,route.tier1.menu-camp,Covering,1
2215,62919.3971,24.2545,route.tier1.menu-camp,CoveredLoading,1
2216,62953.0344,33.6372,route.tier1.menu-camp,CoveredLoading,1
2217,63158.4789,205.4448,route.tier1.menu-camp,CoveredLoading,1
2218,63700.7549,542.2757,route.tier1.menu-camp,CoveredLoading,1
2219,63729.368,28.613,route.tier1.menu-camp,CoveredLoading,1
2220,63758.3112,28.9435,route.tier1.menu-camp,CoveredLoading,1
2221,63792.6833,34.3721,route.tier1.menu-camp,CoveredLoading,1
2222,63827.9554,35.2721,route.tier1.menu-camp,CoveredLoading,1
2223,63857.2518,29.2964,route.tier1.menu-camp,CoveredLoading,1
2224,63900.0864,42.8346,route.tier1.menu-camp,CoveredLoading,1
2225,63933.0231,32.9366,route.tier1.menu-camp,CoveredLoading,1
2226,63949.0265,16.0035,route.tier1.menu-camp,CoveredLoading,1
2227,63977.8669,28.8403,route.tier1.menu-camp,CoveredLoading,1
2228,64042.1275,64.2604,route.tier1.menu-camp,CoveredLoading,1
2229,64052.5437,10.4165,route.tier1.menu-camp,CoveredLoading,1
2230,64076.4554,23.9117,route.tier1.menu-camp,CoveredLoading,1
2231,64123.4247,46.9693,route.tier1.menu-camp,CoveredLoading,1
2232,64136.9578,13.5331,route.tier1.menu-camp,CoveredLoading,1
2233,64183.7792,46.8214,route.tier1.menu-camp,CoveredLoading,1
2234,64237.6137,53.8345,route.tier1.menu-camp,CoveredLoading,1
2235,64268.3422,30.7285,route.tier1.menu-camp,CoveredLoading,1
2236,64331.7644,63.4222,route.tier1.menu-camp,CoveredLoading,1
2237,64363.8314,32.067,route.tier1.menu-camp,CoveredLoading,1
2238,64428.6291,64.7977,route.tier1.menu-camp,CoveredLoading,1
2239,64451.0751,22.4459,route.tier1.menu-camp,CoveredLoading,1
2240,64496.5626,45.4875,route.tier1.menu-camp,CoveredLoading,1
2241,64527.9315,31.3689,route.tier1.menu-camp,CoveredLoading,1
2242,64591.0452,63.1138,route.tier1.menu-camp,CoveredLoading,1
2243,64610.5626,19.5173,route.tier1.menu-camp,CoveredLoading,1
2244,64674.6564,64.0939,route.tier1.menu-camp,CoveredLoading,1
2245,64687.8957,13.2393,route.tier1.menu-camp,CoveredLoading,1
2246,64728.1898,40.294,route.tier1.menu-camp,CoveredLoading,1
2247,64754.1342,25.9445,route.tier1.menu-camp,CoveredLoading,1
2248,64787.3696,33.2354,route.tier1.menu-camp,CoveredLoading,1
2249,64820.9051,33.5355,route.tier1.menu-camp,CoveredLoading,1
2250,64875.7091,54.8039,route.tier1.menu-camp,CoveredLoading,1
2251,64910.7626,35.0535,route.tier1.menu-camp,CoveredLoading,1
2252,64927.8272,17.0646,route.tier1.menu-camp,CoveredLoading,1
2253,64961.6312,33.804,route.tier1.menu-camp,CoveredLoading,1
2254,65005.3216,43.6904,route.tier1.menu-camp,Preparing,1
2255,65046.8285,41.507,route.tier1.menu-camp,Preparing,1
2256,65077.815,30.9864,route.tier1.menu-camp,Preparing,1
2257,65114.3069,36.492,route.tier1.menu-camp,Preparing,1
2258,65168.2303,53.9234,route.tier1.menu-camp,Preparing,1
2259,65206.6212,38.3908,route.tier1.menu-camp,Preparing,1
2260,65219.1192,12.4981,route.tier1.menu-camp,Revealing,1
2261,65252.9678,33.8486,route.tier1.menu-camp,Revealing,1
2262,65295.2226,42.2548,route.tier1.menu-camp,Revealing,1
2263,65333.7197,38.4971,route.tier1.menu-camp,Revealing,1
2264,65369.7213,36.0016,route.tier1.menu-camp,Revealing,1
2265,65396.9371,27.2158,route.tier1.menu-camp,Revealing,1
2266,65451.169,54.2318,route.tier1.menu-camp,Revealing,1
2267,65467.4941,16.3252,route.tier1.menu-camp,Revealing,1
2268,65501.4327,33.9384,route.tier1.menu-camp,Revealing,1
2269,65537.8156,36.383,route.tier1.menu-camp,Revealing,1
2270,65580.1782,42.3627,route.tier1.menu-camp,Revealing,1
2271,65633.8842,53.7058,route.tier1.menu-camp,Revealing,1
2272,65654.378,20.494,route.tier1.menu-camp,Revealing,1
2273,65691.1138,36.7357,route.tier1.menu-camp,Revealing,1
2274,65752.2086,61.0949,route.tier1.menu-camp,Revealing,1
2275,65784.2032,31.9947,route.tier1.menu-camp,Revealing,1
2276,65818.3941,34.1908,route.tier1.menu-camp,Revealing,1
2277,65866.517,48.1229,route.tier1.menu-camp,Revealing,1
2278,65924.5148,57.9979,route.tier1.menu-camp,Revealing,1
2279,65973.902,49.3871,route.tier1.menu-camp,Revealing,1
2280,66027.3225,53.4201,route.tier1.menu-camp,Revealing,1
2281,66037.6673,10.3452,route.tier1.menu-camp,Revealing,1
2282,66093.4521,55.7848,route.tier1.menu-camp,Revealing,1
2283,66121.7954,28.3433,route.tier1.menu-camp,Revealing,1
2284,66142.4604,20.6648,route.tier1.menu-camp,Revealing,1
2285,66182.928,40.4678,route.tier1.menu-camp,Revealing,1
2286,66227.9092,44.9812,route.tier1.menu-camp,Revealing,1
2287,66280.0962,52.187,route.tier1.menu-camp,Revealing,1
2288,66294.4199,14.3236,route.tier1.menu-camp,Revealing,1
2289,66327.0373,32.6174,route.tier1.menu-camp,Revealing,1
2290,66384.9196,57.8824,route.tier1.menu-camp,Revealing,1
2291,66411.7235,26.8039,route.tier1.menu-camp,Revealing,1
2292,66444.4661,32.7425,route.tier1.menu-camp,Revealing,1
2293,66475.684,31.218,route.tier1.menu-camp,Revealing,1
2294,66524.1264,48.4422,route.tier1.menu-camp,Revealing,1
2295,66569.2594,45.1332,route.tier1.menu-camp,Revealing,1
2296,66589.2117,19.9524,route.tier1.menu-camp,Revealing,1
2297,66625.2145,36.0028,route.tier1.menu-camp,Revealing,1
2298,66677.0603,51.8456,route.tier1.menu-camp,Idle,1
2299,66697.0416,19.9812,audit.snapshot.route.tier1.menu-camp.ready,Idle,1
2300,66723.7418,26.7004,audit.snapshot.route.tier1.menu-camp.ready,Idle,1
2301,66744.9653,21.2233,audit.snapshot.route.tier1.menu-camp.ready,Idle,1
2302,66779.5543,34.5892,audit.snapshot.route.tier1.menu-camp.ready,Idle,1
2303,66818.6708,39.1164,audit.snapshot.route.tier1.menu-camp.ready,Idle,1
2304,66830.1078,11.4371,audit.snapshot.route.tier1.menu-camp.ready,Idle,1
2305,66857.8125,27.7046,audit.snapshot.route.tier1.menu-camp.ready,Idle,1
2306,66898.1394,40.3269,audit.snapshot.route.tier1.menu-camp.ready,Idle,1
2307,66913.42,15.2806,audit.snapshot.route.tier1.menu-camp.ready,Idle,1
2308,66938.8431,25.4232,audit.snapshot.route.tier1.menu-camp.ready,Idle,1
2309,66961.6018,22.7586,audit.snapshot.route.tier1.menu-camp.ready,Idle,1
2310,66996.6647,35.0629,audit.snapshot.route.tier1.menu-camp.ready,Idle,1
2311,67036.1649,39.5003,audit.snapshot.route.tier1.menu-camp.ready,Idle,1
2312,67073.747,37.582,audit.snapshot.route.tier1.menu-camp.ready,Idle,1
2313,67083.0483,9.3013,audit.snapshot.route.tier1.menu-camp.ready,Idle,1
2314,67122.8792,39.831,audit.snapshot.route.tier1.menu-camp.ready,Idle,1
2315,67140.5279,17.6487,audit.snapshot.route.tier1.menu-camp.ready,Idle,1
2316,67160.3015,19.7736,audit.snapshot.route.tier1.menu-camp.ready,Idle,1
2317,67196.451,36.1493,audit.snapshot.route.tier1.menu-camp.ready,Idle,1
2318,67222.9919,26.5411,audit.snapshot.route.tier1.menu-camp.ready,Idle,1
2319,67261.8224,38.8305,audit.snapshot.route.tier1.menu-camp.ready,Idle,1
2320,67276.5434,14.7209,audit.snapshot.route.tier1.menu-camp.ready,Idle,1
2321,67306.2091,29.6655,audit.snapshot.route.tier1.menu-camp.ready,Idle,1
2322,67345.1477,38.9389,audit.snapshot.route.tier1.menu-camp.ready,Idle,1
2323,67363.9671,18.8194,audit.snapshot.route.tier1.menu-camp.ready,Idle,1
2324,67387.7322,23.7651,audit.snapshot.route.tier1.menu-camp.ready,Idle,1
2325,67409.1,21.3676,audit.snapshot.route.tier1.menu-camp.ready,Idle,1
2326,67445.9803,36.8805,audit.snapshot.route.tier1.menu-camp.ready,Idle,1
2327,67483.881,37.9007,audit.snapshot.route.tier1.menu-camp.ready,Idle,1
2328,67523.8642,39.9832,audit.snapshot.route.tier1.menu-camp.ready,Idle,1
2329,67534.9207,11.0564,camp.summer.tier1.empty,Idle,1
2330,67577.7758,42.8552,camp.summer.tier1.empty,Idle,1
2331,67597.6897,19.9138,camp.summer.tier1.empty,Idle,1
2332,67617.9707,20.2809,camp.summer.tier1.empty,Idle,1
2333,67643.6044,25.6339,camp.summer.tier1.empty,Idle,1
2334,67679.0492,35.4448,camp.summer.tier1.empty,Idle,1
2335,67728.2372,49.188,camp.summer.tier1.empty,Idle,1
2336,67749.2017,20.9644,camp.summer.tier1.empty,Idle,1
2337,67771.088,21.8864,camp.summer.tier1.empty,Idle,1
2338,67822.7682,51.6802,camp.summer.tier1.empty,Idle,1
2339,67840.1812,17.4129,camp.summer.tier1.empty,Idle,1
2340,67864.0254,23.8443,camp.summer.tier1.empty,Idle,1
2341,67893.8941,29.8687,camp.summer.tier1.empty,Idle,1
2342,67930.805,36.9108,camp.summer.tier1.empty,Idle,1
2343,67975.0783,44.2732,camp.summer.tier1.empty,Idle,1
2344,67987.061,11.9829,camp.summer.tier1.empty,Idle,1
2345,68010.1108,23.0498,camp.summer.tier1.empty,Idle,1
2346,68062.6899,52.579,camp.summer.tier1.empty,Idle,1
2347,68080.3444,17.6546,camp.summer.tier1.empty,Idle,1
2348,68105.8296,25.4853,camp.summer.tier1.empty,Idle,1
2349,68128.6038,22.7739,camp.summer.tier1.empty,Idle,1
2350,68165.3463,36.7427,camp.summer.tier1.empty,Idle,1
2351,68206.5204,41.1739,camp.summer.tier1.empty,Idle,1
2352,68243.0636,36.5434,camp.summer.tier1.empty,Idle,1
2353,68253.1533,10.0897,camp.summer.tier1.empty,Idle,1
2354,68294.3433,41.1898,camp.summer.tier1.empty,Idle,1
2355,68314.9442,20.6011,camp.summer.tier1.empty,Idle,1
2356,68339.2009,24.2566,camp.summer.tier1.empty,Idle,1
2357,68365.6331,26.4321,camp.summer.tier1.empty,Idle,1
2358,68405.7066,40.0737,camp.summer.tier1.empty,Idle,1
2359,68443.3353,37.6286,camp.summer.tier1.empty,Idle,1
2360,68457.6169,14.2816,camp.summer.tier1.empty,Idle,1
2361,68478.1098,20.493,camp.summer.tier1.empty,Idle,1
2362,68525.4866,47.3768,camp.summer.tier1.empty,Idle,1
2363,68546.099,20.6124,camp.summer.tier1.empty,Idle,1
2364,68572.0714,25.9724,camp.summer.tier1.empty,Idle,1
2365,68594.772,22.7006,camp.summer.tier1.empty,Idle,1
2366,68629.2426,34.4705,camp.summer.tier1.empty,Idle,1
2367,68668.3232,39.0806,camp.summer.tier1.empty,Idle,1
2368,68680.5559,12.2328,camp.summer.tier1.empty,Idle,1
2369,68711.0718,30.5159,camp.summer.tier1.empty,Idle,1
2370,68756.45,45.3782,camp.summer.tier1.empty,Idle,1
2371,68793.8652,37.4151,camp.summer.tier1.empty,Idle,1
2372,68803.9677,10.1026,camp.summer.tier1.empty,Idle,1
2373,68829.7548,25.787,camp.summer.tier1.empty,Idle,1
2374,68865.0175,35.2626,camp.summer.tier1.empty,Idle,1
2375,68913.5495,48.5321,camp.summer.tier1.empty,Idle,1
2376,68927.4499,13.9005,camp.summer.tier1.empty,Idle,1
2377,68962.2728,34.8228,camp.summer.tier1.empty,Idle,1
2378,69016.6613,54.3886,camp.summer.tier1.empty,Idle,1
2379,69032.481,15.8197,camp.summer.tier1.empty,Idle,1
2380,69064.3287,31.8477,camp.summer.tier1.empty,Idle,1
2381,69099.6599,35.3311,camp.summer.tier1.empty,Idle,1
2382,69144.358,44.6981,camp.summer.tier1.empty,Idle,1
2383,69176.5869,32.2289,camp.summer.tier1.empty,Idle,1
2384,69205.0088,28.4221,camp.summer.tier1.empty,Idle,1
2385,69233.3987,28.3898,camp.summer.tier1.empty,Idle,1
2386,69279.9773,46.5786,camp.summer.tier1.empty,Idle,1
2387,69310.0355,30.0582,camp.summer.tier1.empty,Idle,1
2388,69344.598,34.5625,camp.summer.tier1.empty,Idle,1
2389,69354.0142,9.4162,camp.summer.tier1.empty,Idle,1
2390,69381.2924,27.2782,camp.summer.tier1.empty,Idle,1
2391,69410.4535,29.161,camp.summer.tier1.empty,Idle,1
2392,69441.3966,30.943,camp.summer.tier1.empty,Idle,1
2393,69470.5007,29.1043,camp.summer.tier1.empty,Idle,1
2394,69510.46,39.9518,camp.summer.tier1.empty,Idle,1
2395,69540.3344,29.8819,camp.summer.tier1.empty,Idle,1
2396,69549.9884,9.6539,camp.summer.tier1.empty,Idle,1
2397,69575.1391,25.1508,camp.summer.tier1.empty,Idle,1
2398,69611.6774,36.5382,camp.summer.tier1.empty,Idle,1
2399,69645.3672,33.6899,camp.summer.tier1.empty,Idle,1
2400,69676.11,30.7428,camp.summer.tier1.empty,Idle,1
2401,69705.7469,29.6369,camp.summer.tier1.empty,Idle,1
2402,69744.7875,39.0406,camp.summer.tier1.empty,Idle,1
2403,69775.8212,31.0337,camp.summer.tier1.empty,Idle,1
2404,69811.2246,35.4034,camp.summer.tier1.empty,Idle,1
2405,69820.9451,9.7205,camp.summer.tier1.empty,Idle,1
2406,69861.7139,40.7688,camp.summer.tier1.empty,Idle,1
2407,69893.6347,31.9208,camp.summer.tier1.empty,Idle,1
2408,69911.43,17.7953,camp.summer.tier1.empty,Idle,1
2409,69945.224,33.794,camp.summer.tier1.empty,Idle,1
2410,69990.3298,45.1057,camp.summer.tier1.empty,Idle,1
2411,70013.2662,22.9365,camp.summer.tier1.empty,Idle,1
2412,70025.765,12.4989,camp.summer.tier1.empty,Idle,1
2413,70055.1102,29.345,camp.summer.tier1.empty,Idle,1
2414,70094.3723,39.2622,camp.summer.tier1.empty,Idle,1
2415,70123.2509,28.8786,camp.summer.tier1.empty,Idle,1
2416,70142.149,18.898,camp.summer.tier1.empty,Idle,1
2417,70175.8945,33.7456,camp.summer.tier1.empty,Idle,1
2418,70218.0756,42.1811,camp.summer.tier1.empty,Idle,1
2419,70244.504,26.4284,camp.summer.tier1.empty,Idle,1
2420,70282.0556,37.5516,camp.summer.tier1.empty,Idle,1
2421,70291.5936,9.538,camp.summer.tier1.empty,Idle,1
2422,70329.5428,37.9492,camp.summer.tier1.empty,Idle,1
2423,70358.1982,28.6554,camp.summer.tier1.empty,Idle,1
2424,70376.7906,18.5922,camp.summer.tier1.empty,Idle,1
2425,70406.8131,30.0227,camp.summer.tier1.empty,Idle,1
2426,70456.2304,49.4173,camp.summer.tier1.empty,Idle,1
2427,70479.9857,23.7552,camp.summer.tier1.empty,Idle,1
2428,70492.5739,12.5883,camp.summer.tier1.empty,Idle,1
2429,70520.0664,27.4925,camp.summer.tier1.empty,Idle,1
2430,70548.2803,28.214,camp.summer.tier1.empty,Idle,1
2431,70581.8841,33.6037,camp.summer.tier1.empty,Idle,1
2432,70605.8704,23.9863,camp.summer.tier1.empty,Idle,1
2433,70631.722,25.8516,camp.summer.tier1.empty,Idle,1
2434,70674.1913,42.4693,camp.summer.tier1.empty,Idle,1
2435,70699.9757,25.7845,camp.summer.tier1.empty,Idle,1
2436,70737.935,37.9592,camp.summer.tier1.empty,Idle,1
2437,70747.6505,9.7155,camp.summer.tier1.empty,Idle,1
2438,70778.3324,30.6819,camp.summer.tier1.empty,Idle,1
2439,70804.8658,26.5333,camp.summer.tier1.empty,Idle,1
2440,70827.0832,22.2174,camp.summer.tier1.empty,Idle,1
2441,70854.568,27.4849,camp.summer.tier1.empty,Idle,1
2442,70895.456,40.888,camp.summer.tier1.empty,Idle,1
2443,70915.9624,20.5064,camp.summer.tier1.empty,Idle,1
2444,70931.8417,15.8794,camp.summer.tier1.empty,Idle,1
2445,70959.5274,27.6855,camp.summer.tier1.empty,Idle,1
2446,70995.7123,36.1848,camp.summer.tier1.empty,Idle,1
2447,71020.138,24.4258,camp.summer.tier1.empty,Idle,1
2448,71042.7771,22.6391,camp.summer.tier1.empty,Idle,1
2449,71155.2047,112.4277,audit.snapshot.camp.summer.tier1.empty,Idle,1
2450,71195.0707,39.866,audit.snapshot.camp.summer.tier1.empty,Idle,1
2451,71208.8239,13.7531,audit.snapshot.camp.summer.tier1.empty,Idle,1
2452,71245.4573,36.6334,audit.snapshot.camp.summer.tier1.empty,Idle,1
2453,71259.5846,14.1274,audit.snapshot.camp.summer.tier1.empty,Idle,1
2454,71289.1136,29.529,audit.snapshot.camp.summer.tier1.empty,Idle,1
2455,71323.3245,34.2109,audit.snapshot.camp.summer.tier1.empty,Idle,1
2456,71344.147,20.8223,audit.snapshot.camp.summer.tier1.empty,Idle,1
2457,71373.4678,29.321,audit.snapshot.camp.summer.tier1.empty,Idle,1
2458,71398.8558,25.388,audit.snapshot.camp.summer.tier1.empty,Idle,1
2459,71426.0331,27.1772,audit.snapshot.camp.summer.tier1.empty,Idle,1
2460,71468.8508,42.8177,audit.snapshot.camp.summer.tier1.empty,Idle,1
2461,71506.4708,37.6199,audit.snapshot.camp.summer.tier1.empty,Idle,1
2462,71519.1115,12.6409,audit.snapshot.camp.summer.tier1.empty,Idle,1
2463,71546.9513,27.8397,audit.snapshot.camp.summer.tier1.empty,Idle,1
2464,71574.486,27.5347,audit.snapshot.camp.summer.tier1.empty,Idle,1
2465,71604.1167,29.6308,audit.snapshot.camp.summer.tier1.empty,Idle,1
2466,71651.3472,47.2305,audit.snapshot.camp.summer.tier1.empty,Idle,1
2467,71662.6861,11.3388,audit.snapshot.camp.summer.tier1.empty,Idle,1
2468,71706.5909,43.9047,audit.snapshot.camp.summer.tier1.empty,Idle,1
2469,71741.7221,35.1313,audit.snapshot.camp.summer.tier1.empty,Idle,1
2470,71753.5698,11.8478,audit.snapshot.camp.summer.tier1.empty,Idle,1
2471,71782.2975,28.7277,audit.snapshot.camp.summer.tier1.empty,Idle,1
2472,71810.496,28.1985,audit.snapshot.camp.summer.tier1.empty,Idle,1
2473,71840.8701,30.3741,audit.snapshot.camp.summer.tier1.empty,Idle,1
2474,71880.0149,39.1448,audit.snapshot.camp.summer.tier1.empty,Idle,1
2475,71894.876,14.861,audit.snapshot.camp.summer.tier1.empty,Idle,1
2476,71944.0635,49.1874,audit.snapshot.camp.summer.tier1.empty,Idle,1
2477,71957.6908,13.6274,audit.snapshot.camp.summer.tier1.empty,Idle,1
2478,72002.1702,44.4794,audit.snapshot.camp.summer.tier1.empty,Idle,1
2479,72015.4676,13.2974,camp.summer.tier1.solved,Idle,1
2480,72060.5275,45.0599,camp.summer.tier1.solved,Idle,1
2481,72074.804,14.2766,camp.summer.tier1.solved,Idle,1
2482,72104.4428,29.6388,camp.summer.tier1.solved,Idle,1
2483,72144.2436,39.8008,camp.summer.tier1.solved,Idle,1
2484,72191.3959,47.1524,camp.summer.tier1.solved,Idle,1
2485,72201.4894,10.0934,camp.summer.tier1.solved,Idle,1
2486,72223.784,22.2946,camp.summer.tier1.solved,Idle,1
2487,72245.6395,21.8555,camp.summer.tier1.solved,Idle,1
2488,72275.0206,29.381,camp.summer.tier1.solved,Idle,1
2489,72304.7941,29.7735,camp.summer.tier1.solved,Idle,1
2490,72333.2495,28.4555,camp.summer.tier1.solved,Idle,1
2491,72388.9917,55.7422,camp.summer.tier1.solved,Idle,1
2492,72400.0074,11.0157,camp.summer.tier1.solved,Idle,1
2493,72441.7065,41.6991,camp.summer.tier1.solved,Idle,1
2494,72476.7119,35.0054,camp.summer.tier1.solved,Idle,1
2495,72488.4946,11.7827,camp.summer.tier1.solved,Idle,1
2496,72508.4538,19.9592,camp.summer.tier1.solved,Idle,1
2497,72555.1323,46.6784,camp.summer.tier1.solved,Idle,1
2498,72567.0258,11.8936,camp.summer.tier1.solved,Idle,1
2499,72612.55,45.5242,camp.summer.tier1.solved,Idle,1
2500,72627.6704,15.1203,camp.summer.tier1.solved,Idle,1
2501,72660.5144,32.8441,camp.summer.tier1.solved,Idle,1
2502,72688.3328,27.8184,camp.summer.tier1.solved,Idle,1
2503,72729.8501,41.5172,camp.summer.tier1.solved,Idle,1
2504,72742.8983,13.0482,camp.summer.tier1.solved,Idle,1
2505,72794.9915,52.0932,camp.summer.tier1.solved,Idle,1
2506,72833.0337,38.0422,camp.summer.tier1.solved,Idle,1
2507,72845.2453,12.2115,camp.summer.tier1.solved,Idle,1
2508,72897.231,51.9859,camp.summer.tier1.solved,Idle,1
2509,72911.1207,13.8896,camp.summer.tier1.solved,Idle,1
2510,72947.5505,36.4299,camp.summer.tier1.solved,Idle,1
2511,72980.4311,32.8805,camp.summer.tier1.solved,Idle,1
2512,73016.9441,36.5131,camp.summer.tier1.solved,Idle,1
2513,73049.8447,32.9006,camp.summer.tier1.solved,Idle,1
2514,73094.6915,44.8467,camp.summer.tier1.solved,Idle,1
2515,73125.9153,31.2239,camp.summer.tier1.solved,Idle,1
2516,73179.7152,53.7999,camp.summer.tier1.solved,Idle,1
2517,73194.131,14.4158,camp.summer.tier1.solved,Idle,1
2518,73226.687,32.556,camp.summer.tier1.solved,Idle,1
2519,73264.1658,37.4787,camp.summer.tier1.solved,Idle,1
2520,73292.1107,27.945,camp.summer.tier1.solved,Idle,1
2521,73315.3183,23.2077,camp.summer.tier1.solved,Idle,1
2522,73343.1227,27.8043,camp.summer.tier1.solved,Idle,1
2523,73371.7816,28.6589,camp.summer.tier1.solved,Idle,1
2524,73403.8324,32.0507,camp.summer.tier1.solved,Idle,1
2525,73440.847,37.0146,camp.summer.tier1.solved,Idle,1
2526,73487.1325,46.2856,camp.summer.tier1.solved,Idle,1
2527,73498.4389,11.3064,camp.summer.tier1.solved,Idle,1
2528,73524.7622,26.3233,camp.summer.tier1.solved,Idle,1
2529,73563.3892,38.627,camp.summer.tier1.solved,Idle,1
2530,73594.3227,30.9333,camp.summer.tier1.solved,Idle,1
2531,73614.9516,20.6291,camp.summer.tier1.solved,Idle,1
2532,73642.294,27.3423,camp.summer.tier1.solved,Idle,1
2533,73676.5049,34.2109,camp.summer.tier1.solved,Idle,1
2534,73711.4145,34.9097,camp.summer.tier1.solved,Idle,1
2535,73738.2809,26.8664,camp.summer.tier1.solved,Idle,1
2536,73761.2544,22.9735,camp.summer.tier1.solved,Idle,1
2537,73790.8296,29.5752,camp.summer.tier1.solved,Idle,1
2538,73812.523,21.6933,camp.summer.tier1.solved,Idle,1
2539,73858.8119,46.289,camp.summer.tier1.solved,Idle,1
2540,73883.7713,24.9593,camp.summer.tier1.solved,Idle,1
2541,73906.3446,22.5734,camp.summer.tier1.solved,Idle,1
2542,73931.7599,25.4153,camp.summer.tier1.solved,Idle,1
2543,73960.2136,28.4535,camp.summer.tier1.solved,Idle,1
2544,73998.5571,38.3436,camp.summer.tier1.solved,Idle,1
2545,74035.0092,36.4522,camp.summer.tier1.solved,Idle,1
2546,74046.1582,11.1489,camp.summer.tier1.solved,Idle,1
2547,74073.3483,27.1903,camp.summer.tier1.solved,Idle,1
2548,74098.8403,25.4918,camp.summer.tier1.solved,Idle,1
2549,74131.4349,32.5946,camp.summer.tier1.solved,Idle,1
2550,74158.8268,27.392,camp.summer.tier1.solved,Idle,1
2551,74177.4935,18.6665,camp.summer.tier1.solved,Idle,1
2552,74206.8288,29.3354,camp.summer.tier1.solved,Idle,1
2553,74233.4176,26.5888,camp.summer.tier1.solved,Idle,1
2554,74264.6753,31.2578,camp.summer.tier1.solved,Idle,1
2555,74300.4301,35.7548,camp.summer.tier1.solved,Idle,1
2556,74338.1553,37.7252,camp.summer.tier1.solved,Idle,1
2557,74349.3953,11.24,camp.summer.tier1.solved,Idle,1
2558,74373.449,24.0537,camp.summer.tier1.solved,Idle,1
2559,74408.0411,34.5921,camp.summer.tier1.solved,Idle,1
2560,74429.0123,20.9711,camp.summer.tier1.solved,Idle,1
2561,74458.0934,29.081,camp.summer.tier1.solved,Idle,1
2562,74481.7398,23.6466,camp.summer.tier1.solved,Idle,1
2563,74527.6266,45.8867,camp.summer.tier1.solved,Idle,1
2564,74545.1492,17.5227,camp.summer.tier1.solved,Idle,1
2565,74576.3147,31.1655,camp.summer.tier1.solved,Idle,1
2566,74606.2698,29.9551,camp.summer.tier1.solved,Idle,1
2567,74633.2236,26.9538,camp.summer.tier1.solved,Idle,1
2568,74658.4626,25.239,camp.summer.tier1.solved,Idle,1
2569,74695.9746,37.512,camp.summer.tier1.solved,Idle,1
2570,74724.9691,28.9944,camp.summer.tier1.solved,Idle,1
2571,74747.9213,22.9523,camp.summer.tier1.solved,Idle,1
2572,74775.0876,27.1664,camp.summer.tier1.solved,Idle,1
2573,74809.9934,34.9057,camp.summer.tier1.solved,Idle,1
2574,74842.7694,32.7759,camp.summer.tier1.solved,Idle,1
2575,74867.0813,24.312,camp.summer.tier1.solved,Idle,1
2576,74892.051,24.9696,camp.summer.tier1.solved,Idle,1
2577,74915.4147,23.3638,camp.summer.tier1.solved,Idle,1
2578,74963.1882,47.7734,camp.summer.tier1.solved,Idle,1
2579,74990.7362,27.5481,camp.summer.tier1.solved,Idle,1
2580,75009.1195,18.3833,camp.summer.tier1.solved,Idle,1
2581,75043.7075,34.5879,camp.summer.tier1.solved,Idle,1
2582,75073.2922,29.5848,camp.summer.tier1.solved,Idle,1
2583,75098.5057,25.2136,camp.summer.tier1.solved,Idle,1
2584,75130.6373,32.1314,camp.summer.tier1.solved,Idle,1
2585,75154.6839,24.0467,camp.summer.tier1.solved,Idle,1
2586,75176.1527,21.4687,camp.summer.tier1.solved,Idle,1
2587,75223.2478,47.0951,camp.summer.tier1.solved,Idle,1
2588,75239.5322,16.2844,camp.summer.tier1.solved,Idle,1
2589,75274.2533,34.7212,camp.summer.tier1.solved,Idle,1
2590,75299.9482,25.6949,camp.summer.tier1.solved,Idle,1
2591,75330.3577,30.4094,camp.summer.tier1.solved,Idle,1
2592,75364.971,34.6134,camp.summer.tier1.solved,Idle,1
2593,75392.2816,27.3106,camp.summer.tier1.solved,Idle,1
2594,75425.2021,32.9204,camp.summer.tier1.solved,Idle,1
2595,75443.4747,18.2727,camp.summer.tier1.solved,Idle,1
2596,75473.254,29.7793,camp.summer.tier1.solved,Idle,1
2597,75496.5264,23.2724,camp.summer.tier1.solved,Idle,1
2598,75525.9542,29.4277,camp.summer.tier1.solved,Idle,1
2599,75563.9543,38.0002,route.tier1.camp-menu,Covering,1
2600,75610.0275,46.0732,route.tier1.camp-menu,Covering,1
2601,75647.6635,37.636,route.tier1.camp-menu,Covering,1
2602,75698.0128,50.3493,route.tier1.camp-menu,Covering,1
2603,75728.8564,30.8436,route.tier1.camp-menu,Covering,1
2604,75747.2202,18.3638,route.tier1.camp-menu,Covering,1
2605,75796.3013,49.0811,route.tier1.camp-menu,Covering,1
2606,75828.7626,32.4613,route.tier1.camp-menu,Covering,1
2607,75863.1835,34.4209,route.tier1.camp-menu,Covering,1
2608,75875.8108,12.6273,route.tier1.camp-menu,Covering,1
2609,75908.6456,32.8348,route.tier1.camp-menu,Covering,1
2610,75945.7678,37.1221,route.tier1.camp-menu,Covering,1
2611,75973.5855,27.8178,route.tier1.camp-menu,Covering,1
2612,76005.2215,31.6359,route.tier1.camp-menu,Covering,1
2613,76035.4447,30.2233,route.tier1.camp-menu,Covering,1
2614,76084.9871,49.5423,route.tier1.camp-menu,Covering,1
2615,76098.3954,13.4084,route.tier1.camp-menu,Covering,1
2616,76126.9387,28.5433,route.tier1.camp-menu,Covering,1
2617,76158.4044,31.4657,route.tier1.camp-menu,Covering,1
2618,76206.3468,47.9424,route.tier1.camp-menu,Covering,1
2619,76255.0583,48.7115,route.tier1.camp-menu,Covering,1
2620,76271.9186,16.8602,route.tier1.camp-menu,Covering,1
2621,76306.3757,34.4573,route.tier1.camp-menu,Covering,1
2622,76346.5952,40.2194,route.tier1.camp-menu,Covering,1
2623,76366.731,20.1357,route.tier1.camp-menu,Covering,1
2624,76401.5562,34.8253,route.tier1.camp-menu,Covering,1
2625,76457.2529,55.6965,route.tier1.camp-menu,Covering,1
2626,76491.8653,34.6125,route.tier1.camp-menu,Covering,1
2627,76528.1351,36.2699,route.tier1.camp-menu,Covering,1
2628,76567.165,39.0298,route.tier1.camp-menu,Covering,1
2629,76603.0279,35.8628,route.tier1.camp-menu,Covering,1
2630,76662.3484,59.3206,route.tier1.camp-menu,Covering,1
2631,76694.8186,32.4703,route.tier1.camp-menu,Covering,1
2632,76727.8925,33.0739,route.tier1.camp-menu,Covering,1
2633,76762.5087,34.6162,route.tier1.camp-menu,Covering,1
2634,76802.57,40.0613,route.tier1.camp-menu,Covering,1
2635,76857.8681,55.2981,route.tier1.camp-menu,Covering,1
2636,76887.4301,29.562,route.tier1.camp-menu,Covering,1
2637,76947.0911,59.661,route.tier1.camp-menu,Covering,1
2638,76970.9085,23.8174,route.tier1.camp-menu,Covering,1
2639,77019.7833,48.8748,route.tier1.camp-menu,Covering,1
2640,77079.1179,59.3345,route.tier1.camp-menu,Covering,1
2641,77146.3364,67.2186,route.tier1.camp-menu,Covering,1
2642,77169.4775,23.1412,route.tier1.camp-menu,CoveredLoading,1
2643,77218.2137,48.7361,route.tier1.camp-menu,CoveredLoading,1
2644,77492.1717,273.958,route.tier1.camp-menu,CoveredLoading,1
2645,78253.5423,761.3704,route.tier1.camp-menu,CoveredLoading,1
2646,78292.8591,39.3169,route.tier1.camp-menu,CoveredLoading,1
2647,78328.3169,35.4578,route.tier1.camp-menu,CoveredLoading,1
2648,78350.6322,22.3153,route.tier1.camp-menu,CoveredLoading,1
2649,78374.2649,23.6326,route.tier1.camp-menu,CoveredLoading,1
2650,78401.4967,27.2319,route.tier1.camp-menu,CoveredLoading,1
2651,78427.5202,26.0237,route.tier1.camp-menu,CoveredLoading,1
2652,78452.9026,25.3823,route.tier1.camp-menu,CoveredLoading,1
2653,78479.2145,26.3119,route.tier1.camp-menu,CoveredLoading,1
2654,78509.0226,29.808,route.tier1.camp-menu,CoveredLoading,1
2655,78553.427,44.4043,route.tier1.camp-menu,CoveredLoading,1
2656,78568.3523,14.9255,route.tier1.camp-menu,CoveredLoading,1
2657,78585.4916,17.1393,route.tier1.camp-menu,CoveredLoading,1
2658,78616.5508,31.0592,route.tier1.camp-menu,CoveredLoading,1
2659,78647.3776,30.8268,route.tier1.camp-menu,CoveredLoading,1
2660,78677.3184,29.9408,route.tier1.camp-menu,CoveredLoading,1
2661,78703.958,26.6396,route.tier1.camp-menu,CoveredLoading,1
2662,78733.0362,29.0781,route.tier1.camp-menu,CoveredLoading,1
2663,78754.2051,21.169,route.tier1.camp-menu,CoveredLoading,1
2664,78783.1458,28.9407,route.tier1.camp-menu,CoveredLoading,1
2665,78808.307,25.1612,route.tier1.camp-menu,CoveredLoading,1
2666,78833.4352,25.1282,route.tier1.camp-menu,CoveredLoading,1
2667,78859.193,25.7577,route.tier1.camp-menu,CoveredLoading,1
2668,78885.3849,26.1921,route.tier1.camp-menu,CoveredLoading,1
2669,78910.9915,25.6065,route.tier1.camp-menu,CoveredLoading,1
2670,78936.4114,25.4198,route.tier1.camp-menu,CoveredLoading,1
2671,78975.9805,39.5693,route.tier1.camp-menu,CoveredLoading,1
2672,79006.3591,30.3785,route.tier1.camp-menu,CoveredLoading,1
2673,79021.1216,14.7625,route.tier1.camp-menu,CoveredLoading,1
2674,79049.8446,28.7229,route.tier1.camp-menu,CoveredLoading,1
2675,79075.1469,25.3024,route.tier1.camp-menu,CoveredLoading,1
2676,79100.5346,25.3878,route.tier1.camp-menu,CoveredLoading,1
2677,79125.7858,25.251,route.tier1.camp-menu,CoveredLoading,1
2678,79152.1115,26.3258,route.tier1.camp-menu,CoveredLoading,1
2679,79176.6711,24.5595,route.tier1.camp-menu,CoveredLoading,1
2680,79204.3078,27.6368,route.tier1.camp-menu,CoveredLoading,1
2681,79234.9085,30.6006,route.tier1.camp-menu,CoveredLoading,1
2682,79262.7327,27.8243,route.tier1.camp-menu,CoveredLoading,1
2683,79286.3913,23.6585,route.tier1.camp-menu,CoveredLoading,1
2684,79311.7126,25.3213,route.tier1.camp-menu,CoveredLoading,1
2685,79337.5211,25.8085,route.tier1.camp-menu,CoveredLoading,1
2686,79363.0055,25.4844,route.tier1.camp-menu,CoveredLoading,1
2687,79386.7787,23.7733,route.tier1.camp-menu,CoveredLoading,1
2688,79422.7918,36.013,route.tier1.camp-menu,Preparing,1
2689,79456.4869,33.6951,route.tier1.camp-menu,Preparing,1
2690,79484.1784,27.6915,route.tier1.camp-menu,Preparing,1
2691,79513.4355,29.2571,route.tier1.camp-menu,Preparing,1
2692,79536.2681,22.8326,route.tier1.camp-menu,Preparing,1
2693,79564.5961,28.3279,route.tier1.camp-menu,Preparing,1
2694,79585.1442,20.5482,route.tier1.camp-menu,Preparing,1
2695,79609.4173,24.2731,route.tier1.camp-menu,Preparing,1
2696,79633.6644,24.2472,route.tier1.camp-menu,Preparing,1
2697,79661.8744,28.21,route.tier1.camp-menu,Revealing,1
2698,79685.954,24.0796,route.tier1.camp-menu,Revealing,1
2699,79711.613,25.659,route.tier1.camp-menu,Revealing,1
2700,79738.5068,26.8937,route.tier1.camp-menu,Revealing,1
2701,79768.6638,30.1571,route.tier1.camp-menu,Revealing,1
2702,79798.9897,30.3258,route.tier1.camp-menu,Revealing,1
2703,79858.9609,59.9713,route.tier1.camp-menu,Revealing,1
2704,79881.2168,22.2558,route.tier1.camp-menu,Revealing,1
2705,79939.6279,58.4111,route.tier1.camp-menu,Revealing,1
2706,79958.6393,19.0116,route.tier1.camp-menu,Revealing,1
2707,79983.7058,25.0662,route.tier1.camp-menu,Revealing,1
2708,80999.6104,1015.9047,route.tier1.camp-menu,Revealing,1
2709,81015.5881,15.9778,route.tier1.camp-menu,Revealing,1
2710,81042.2074,26.6193,route.tier1.camp-menu,Revealing,1
2711,81067.0839,24.8764,route.tier1.camp-menu,Idle,1
2712,81097.9995,30.9156,audit.snapshot.route.tier1.camp-menu.ready,Idle,1
2713,81117.2468,19.2475,audit.snapshot.route.tier1.camp-menu.ready,Idle,1
2714,81141.0189,23.772,audit.snapshot.route.tier1.camp-menu.ready,Idle,1
2715,81160.8679,19.849,audit.snapshot.route.tier1.camp-menu.ready,Idle,1
2716,81176.7897,15.9219,audit.snapshot.route.tier1.camp-menu.ready,Idle,1
2717,81199.2675,22.4776,audit.snapshot.route.tier1.camp-menu.ready,Idle,1
2718,81229.0915,29.8241,audit.snapshot.route.tier1.camp-menu.ready,Idle,1
2719,81242.0924,13.0007,audit.snapshot.route.tier1.camp-menu.ready,Idle,1
2720,81256.7135,14.6212,audit.snapshot.route.tier1.camp-menu.ready,Idle,1
2721,81272.9908,16.2774,audit.snapshot.route.tier1.camp-menu.ready,Idle,1
2722,81288.4628,15.4721,audit.snapshot.route.tier1.camp-menu.ready,Idle,1
2723,81306.691,18.2281,audit.snapshot.route.tier1.camp-menu.ready,Idle,1
2724,81326.5424,19.8515,audit.snapshot.route.tier1.camp-menu.ready,Idle,1
2725,81348.4868,21.9444,audit.snapshot.route.tier1.camp-menu.ready,Idle,1
2726,81366.2468,17.7599,audit.snapshot.route.tier1.camp-menu.ready,Idle,1
2727,81382.9962,16.7495,audit.snapshot.route.tier1.camp-menu.ready,Idle,1
2728,81406.1454,23.1491,audit.snapshot.route.tier1.camp-menu.ready,Idle,1
2729,81425.64,19.4945,audit.snapshot.route.tier1.camp-menu.ready,Idle,1
2730,81441.8415,16.2016,audit.snapshot.route.tier1.camp-menu.ready,Idle,1
2731,81459.4418,17.6003,audit.snapshot.route.tier1.camp-menu.ready,Idle,1
2732,81475.4613,16.0196,audit.snapshot.route.tier1.camp-menu.ready,Idle,1
2733,81493.4785,18.0171,audit.snapshot.route.tier1.camp-menu.ready,Idle,1
2734,81509.26,15.7815,audit.snapshot.route.tier1.camp-menu.ready,Idle,1
2735,81527.1375,17.8774,audit.snapshot.route.tier1.camp-menu.ready,Idle,1
2736,81543.3021,16.1647,audit.snapshot.route.tier1.camp-menu.ready,Idle,1
2737,81561.0762,17.7741,audit.snapshot.route.tier1.camp-menu.ready,Idle,1
2738,81577.2034,16.1271,audit.snapshot.route.tier1.camp-menu.ready,Idle,1
2739,81600.1756,22.9723,audit.snapshot.route.tier1.camp-menu.ready,Idle,1
2740,81622.1923,22.0166,audit.snapshot.route.tier1.camp-menu.ready,Idle,1
2741,81640.4588,18.2666,audit.snapshot.route.tier1.camp-menu.ready,Idle,1
2742,81686.5045,46.0458,audit.snapshot.route.tier1.camp-menu.ready,Idle,2
2743,81698.882,12.3774,audit.snapshot.route.tier1.camp-menu.ready,Idle,2
2744,81715.5742,16.6923,audit.snapshot.route.tier1.camp-menu.ready,Idle,2
2745,81733.4049,17.8306,audit.snapshot.route.tier1.camp-menu.ready,Idle,2
2746,81749.485,16.0802,audit.snapshot.route.tier1.camp-menu.ready,Idle,2
2747,81770.5301,21.0448,audit.snapshot.route.tier1.camp-menu.ready,Idle,2
2748,81787.9183,17.3884,audit.snapshot.route.tier1.camp-menu.ready,Idle,2
2749,81828.8724,40.9541,audit.snapshot.route.tier1.camp-menu.ready,Idle,2
2750,81838.0436,9.1713,audit.snapshot.route.tier1.camp-menu.ready,Idle,2
2751,81859.1331,21.0894,audit.snapshot.route.tier1.camp-menu.ready,Idle,2
2752,81877.2194,18.0863,audit.snapshot.route.tier1.camp-menu.ready,Idle,2
2753,81900.9597,23.7403,audit.snapshot.route.tier1.camp-menu.ready,Idle,2
2754,81925.919,24.9592,audit.snapshot.route.tier1.camp-menu.ready,Idle,2
2755,81943.4009,17.482,audit.snapshot.route.tier1.camp-menu.ready,Idle,2
2756,81966.0385,22.6377,audit.snapshot.route.tier1.camp-menu.ready,Idle,2
2757,81983.9044,17.8658,audit.snapshot.route.tier1.camp-menu.ready,Idle,2
2758,82005.2198,21.3154,audit.snapshot.route.tier1.camp-menu.ready,Idle,2
2759,82022.5042,17.2845,audit.snapshot.route.tier1.camp-menu.ready,Idle,2
2760,82041.9285,19.4242,audit.snapshot.route.tier1.camp-menu.ready,Idle,2
2761,82060.9718,19.0433,audit.snapshot.route.tier1.camp-menu.ready,Idle,2
2762,82082.4986,21.5268,audit.snapshot.route.tier1.camp-menu.ready,Idle,2
2763,82105.7371,23.2385,audit.snapshot.route.tier1.camp-menu.ready,Idle,2
2764,82121.9386,16.2015,audit.snapshot.route.tier1.camp-menu.ready,Idle,2
2765,82141.6033,19.6647,audit.snapshot.route.tier1.camp-menu.ready,Idle,2
2766,82165.1614,23.5581,audit.snapshot.route.tier1.camp-menu.ready,Idle,2
2767,82188.4582,23.2968,audit.snapshot.route.tier1.camp-menu.ready,Idle,2
2768,82220.6332,32.175,audit.snapshot.route.tier1.camp-menu.ready,Idle,2
2769,82244.4026,23.7695,audit.snapshot.route.tier1.camp-menu.ready,Idle,2
2770,82253.2486,8.8459,audit.snapshot.route.tier1.camp-menu.ready,Idle,2
2771,82271.8068,18.5582,audit.snapshot.route.tier1.camp-menu.ready,Idle,2
2772,82289.1148,17.3081,menu.tier2.steady,Idle,2
2773,82308.6862,19.5713,menu.tier2.steady,Idle,2
2774,82327.6025,18.9163,menu.tier2.steady,Idle,2
2775,82348.4573,20.8549,menu.tier2.steady,Idle,2
2776,82370.829,22.3716,menu.tier2.steady,Idle,2
2777,82388.355,17.526,menu.tier2.steady,Idle,2
2778,82415.185,26.83,menu.tier2.steady,Idle,2
2779,82434.6409,19.4559,menu.tier2.steady,Idle,2
2780,82454.8024,20.1615,menu.tier2.steady,Idle,2
2781,82482.4982,27.6958,menu.tier2.steady,Idle,2
2782,82505.8454,23.3472,menu.tier2.steady,Idle,2
2783,82533.502,27.6566,menu.tier2.steady,Idle,2
2784,82554.8687,21.3668,menu.tier2.steady,Idle,2
2785,82574.5052,19.6365,menu.tier2.steady,Idle,2
2786,82593.5451,19.0398,menu.tier2.steady,Idle,2
2787,82611.2163,17.6712,menu.tier2.steady,Idle,2
2788,82632.8281,21.6119,menu.tier2.steady,Idle,2
2789,82655.0795,22.2513,menu.tier2.steady,Idle,2
2790,82678.9264,23.8468,menu.tier2.steady,Idle,2
2791,82699.6071,20.6808,menu.tier2.steady,Idle,2
2792,82734.6634,35.0563,menu.tier2.steady,Idle,2
2793,82772.8798,38.2163,menu.tier2.steady,Idle,2
2794,82781.6941,8.8145,menu.tier2.steady,Idle,2
2795,82800.6639,18.9697,menu.tier2.steady,Idle,2
2796,82816.2339,15.5699,menu.tier2.steady,Idle,2
2797,82839.4097,23.1759,menu.tier2.steady,Idle,2
2798,82856.5898,17.1802,menu.tier2.steady,Idle,2
2799,82876.315,19.7252,menu.tier2.steady,Idle,2
2800,82898.8823,22.5672,menu.tier2.steady,Idle,2
2801,82916.4092,17.5268,menu.tier2.steady,Idle,2
2802,82941.3363,24.9272,menu.tier2.steady,Idle,2
2803,82965.8868,24.5505,menu.tier2.steady,Idle,2
2804,82983.0014,17.1147,menu.tier2.steady,Idle,2
2805,83004.8955,21.894,menu.tier2.steady,Idle,2
2806,83022.2807,17.385,menu.tier2.steady,Idle,2
2807,83041.7466,19.4661,menu.tier2.steady,Idle,2
2808,83060.6824,18.9358,menu.tier2.steady,Idle,2
2809,83078.6556,17.9731,menu.tier2.steady,Idle,2
2810,83099.7244,21.0689,menu.tier2.steady,Idle,2
2811,83123.489,23.7647,menu.tier2.steady,Idle,2
2812,83148.4454,24.9563,menu.tier2.steady,Idle,2
2813,83177.0738,28.6284,menu.tier2.steady,Idle,2
2814,83192.3423,15.2685,menu.tier2.steady,Idle,2
2815,83210.3859,18.0433,menu.tier2.steady,Idle,2
2816,83235.7128,25.3272,menu.tier2.steady,Idle,2
2817,83261.3559,25.6431,menu.tier2.steady,Idle,2
2818,83285.0188,23.6628,menu.tier2.steady,Idle,2
2819,83307.0092,21.9905,menu.tier2.steady,Idle,2
2820,83327.6545,20.6453,menu.tier2.steady,Idle,2
2821,83356.5042,28.8497,menu.tier2.steady,Idle,2
2822,83381.3678,24.8636,menu.tier2.steady,Idle,2
2823,83407.8239,26.4561,menu.tier2.steady,Idle,2
2824,83434.0992,26.2751,menu.tier2.steady,Idle,2
2825,83465.8816,31.7825,menu.tier2.steady,Idle,2
2826,83494.0515,28.17,menu.tier2.steady,Idle,2
2827,83523.1143,29.0627,menu.tier2.steady,Idle,2
2828,83548.6241,25.5098,menu.tier2.steady,Idle,2
2829,83573.9565,25.3324,menu.tier2.steady,Idle,2
2830,83600.2848,26.3284,menu.tier2.steady,Idle,2
2831,83624.0625,23.7777,menu.tier2.steady,Idle,2
2832,83656.2125,32.15,menu.tier2.steady,Idle,2
2833,83681.8491,25.6365,menu.tier2.steady,Idle,2
2834,83707.2099,25.3609,menu.tier2.steady,Idle,2
2835,83733.2082,25.9983,menu.tier2.steady,Idle,2
2836,83774.0822,40.874,menu.tier2.steady,Idle,2
2837,83802.17,28.0876,menu.tier2.steady,Idle,2
2838,83816.829,14.6591,menu.tier2.steady,Idle,2
2839,83842.0059,25.1771,menu.tier2.steady,Idle,2
2840,83872.8114,30.8054,menu.tier2.steady,Idle,2
2841,83899.1838,26.3723,menu.tier2.steady,Idle,2
2842,83924.6442,25.4605,menu.tier2.steady,Idle,2
2843,83950.7906,26.1464,menu.tier2.steady,Idle,2
2844,83978.5728,27.7822,menu.tier2.steady,Idle,2
2845,84007.3398,28.7667,menu.tier2.steady,Idle,2
2846,84033.5088,26.1692,menu.tier2.steady,Idle,2
2847,84058.3639,24.8552,menu.tier2.steady,Idle,2
2848,84085.0877,26.7236,menu.tier2.steady,Idle,2
2849,84115.3899,30.3024,menu.tier2.steady,Idle,2
2850,84139.628,24.2379,menu.tier2.steady,Idle,2
2851,84158.9426,19.3148,menu.tier2.steady,Idle,2
2852,84184.047,25.1043,menu.tier2.steady,Idle,2
2853,84211.4635,27.4166,menu.tier2.steady,Idle,2
2854,84240.5166,29.053,menu.tier2.steady,Idle,2
2855,84266.3727,25.8561,menu.tier2.steady,Idle,2
2856,84291.529,25.1563,menu.tier2.steady,Idle,2
2857,84317.8352,26.3063,menu.tier2.steady,Idle,2
2858,84345.0849,27.2497,menu.tier2.steady,Idle,2
2859,84385.9746,40.8896,menu.tier2.steady,Idle,2
2860,84412.3097,26.3352,menu.tier2.steady,Idle,2
2861,84428.0699,15.7602,menu.tier2.steady,Idle,2
2862,84456.7634,28.6936,menu.tier2.steady,Idle,2
2863,84482.4992,25.7357,menu.tier2.steady,Idle,2
2864,84507.8345,25.3354,menu.tier2.steady,Idle,2
2865,84532.5503,24.7156,menu.tier2.steady,Idle,2
2866,84560.8484,28.2982,menu.tier2.steady,Idle,2
2867,84589.9658,29.1174,menu.tier2.steady,Idle,2
2868,84614.0106,24.0447,menu.tier2.steady,Idle,2
2869,84641.0363,27.0257,menu.tier2.steady,Idle,2
2870,84667.058,26.0218,menu.tier2.steady,Idle,2
2871,84692.2675,25.2095,menu.tier2.steady,Idle,2
2872,84722.9262,30.6587,menu.tier2.steady,Idle,2
2873,84749.6394,26.713,menu.tier2.steady,Idle,2
2874,84774.5512,24.9119,menu.tier2.steady,Idle,2
2875,84806.0841,31.5328,menu.tier2.steady,Idle,2
2876,84832.8476,26.7637,menu.tier2.steady,Idle,2
2877,84853.3256,20.4779,menu.tier2.steady,Idle,2
2878,84871.6303,18.3048,menu.tier2.steady,Idle,2
2879,84893.6422,22.0119,menu.tier2.steady,Idle,2
2880,84925.1972,31.555,menu.tier2.steady,Idle,2
2881,84943.967,18.7698,menu.tier2.steady,Idle,2
2882,84979.2871,35.3201,menu.tier2.steady,Idle,2
2883,85010.8767,31.5896,menu.tier2.steady,Idle,2
2884,85031.9194,21.0426,menu.tier2.steady,Idle,2
2885,85056.3719,24.4526,menu.tier2.steady,Idle,2
2886,85078.2237,21.8518,menu.tier2.steady,Idle,2
2887,85105.7883,27.5646,menu.tier2.steady,Idle,2
2888,85127.7264,21.9382,menu.tier2.steady,Idle,2
2889,85155.4849,27.7584,menu.tier2.steady,Idle,2
2890,85177.188,21.7031,menu.tier2.steady,Idle,2
2891,85205.2097,28.0218,menu.tier2.steady,Idle,2
2892,85228.6037,23.3939,leaves.tier2.normal.r1,Covering,2
2893,85326.2115,97.6078,leaves.tier2.normal.r1,Covering,2
2894,85347.9456,21.7341,leaves.tier2.normal.r1,Covering,2
2895,85371.8984,23.9528,leaves.tier2.normal.r1,Covering,2
2896,85405.5133,33.6149,leaves.tier2.normal.r1,Covering,2
2897,85425.1957,19.6823,leaves.tier2.normal.r1,Covering,2
2898,85444.0168,18.8212,leaves.tier2.normal.r1,Covering,2
2899,85474.0817,30.0647,leaves.tier2.normal.r1,Covering,2
2900,85500.6367,26.5552,leaves.tier2.normal.r1,Covering,2
2901,85530.2711,29.6344,leaves.tier2.normal.r1,Covering,2
2902,85550.0806,19.8095,leaves.tier2.normal.r1,Covering,2
2903,85574.0632,23.9826,leaves.tier2.normal.r1,Covering,2
2904,85594.7298,20.6666,leaves.tier2.normal.r1,Covering,2
2905,85617.0845,22.3547,leaves.tier2.normal.r1,Covering,2
2906,85647.1181,30.0335,leaves.tier2.normal.r1,Covering,2
2907,85665.1799,18.0618,leaves.tier2.normal.r1,Covering,2
2908,85685.1806,20.0009,leaves.tier2.normal.r1,Covering,2
2909,85708.115,22.9342,leaves.tier2.normal.r1,Covering,2
2910,85732.2602,24.1453,leaves.tier2.normal.r1,Covering,2
2911,85754.3777,22.1175,leaves.tier2.normal.r1,Covering,2
2912,85777.8815,23.5039,leaves.tier2.normal.r1,Covering,2
2913,85797.4078,19.5262,leaves.tier2.normal.r1,Covering,2
2914,85821.9687,24.5609,leaves.tier2.normal.r1,Covering,2
2915,85849.847,27.8783,leaves.tier2.normal.r1,Covering,2
2916,85873.6456,23.7986,leaves.tier2.normal.r1,Covering,2
2917,85894.7812,21.1356,leaves.tier2.normal.r1,Covering,2
2918,85917.3728,22.5916,leaves.tier2.normal.r1,Covering,2
2919,85940.1662,22.7931,leaves.tier2.normal.r1,Covering,2
2920,85963.6956,23.5297,leaves.tier2.normal.r1,Covering,2
2921,85989.8034,26.1077,leaves.tier2.normal.r1,Covering,2
2922,86012.8935,23.0901,leaves.tier2.normal.r1,Covering,2
2923,86040.6283,27.7349,leaves.tier2.normal.r1,Covering,2
2924,86068.1395,27.5112,leaves.tier2.normal.r1,Covering,2
2925,86096.9146,28.775,leaves.tier2.normal.r1,Covering,2
2926,86126.5162,29.6017,leaves.tier2.normal.r1,Covering,2
2927,86154.9611,28.4449,leaves.tier2.normal.r1,Covering,2
2928,86184.983,30.0219,leaves.tier2.normal.r1,Covering,2
2929,86214.7826,29.7996,leaves.tier2.normal.r1,Covering,2
2930,86243.9407,29.1578,leaves.tier2.normal.r1,Covering,2
2931,86276.2281,32.2877,leaves.tier2.normal.r1,Covering,2
2932,86310.2345,34.0062,leaves.tier2.normal.r1,Covering,2
2933,86343.6,33.3657,leaves.tier2.normal.r1,Covering,2
2934,86378.5012,34.9012,leaves.tier2.normal.r1,Covering,2
2935,86405.5037,27.0026,leaves.tier2.normal.r1,Covering,2
2936,86451.8071,46.3033,leaves.tier2.normal.r1,Covering,2
2937,86487.2967,35.4896,leaves.tier2.normal.r1,Covering,2
2938,86527.127,39.8303,leaves.tier2.normal.r1,Covering,2
2939,86563.0648,35.9378,leaves.tier2.normal.r1,Covering,2
2940,86588.2956,25.2307,leaves.tier2.normal.r1,Covering,2
2941,86624.6331,36.3376,leaves.tier2.normal.r1,Covering,2
2942,86652.5294,27.8962,leaves.tier2.normal.r1,Covering,2
2943,86697.539,45.0095,leaves.tier2.normal.r1,Covering,2
2944,86736.7499,39.2109,leaves.tier2.normal.r1,Covering,2
2945,86775.5248,38.775,leaves.tier2.normal.r1,Covering,2
2946,86804.0296,28.5047,leaves.tier2.normal.r1,Covering,2
2947,86841.9366,37.9071,leaves.tier2.normal.r1,CoveredLoading,2
2948,86868.8222,26.8856,leaves.tier2.normal.r1,CoveredLoading,2
2949,86906.105,37.2829,audit.snapshot.leaves.tier2.normal.r1.covered,CoveredLoading,2
2950,86937.8277,31.7226,leaves.tier2.normal.r1.hold,CoveredLoading,2
2951,86977.2891,39.4615,leaves.tier2.normal.r1.hold,CoveredLoading,2
2952,87009.4049,32.1158,leaves.tier2.normal.r1.hold,CoveredLoading,2
2953,87048.381,38.9761,leaves.tier2.normal.r1.hold,CoveredLoading,2
2954,87077.0698,28.6888,leaves.tier2.normal.r1.hold,CoveredLoading,2
2955,87124.0384,46.9685,leaves.tier2.normal.r1.hold,CoveredLoading,2
2956,87150.7849,26.7465,leaves.tier2.normal.r1.hold,CoveredLoading,2
2957,87177.5506,26.7658,leaves.tier2.normal.r1.hold,CoveredLoading,2
2958,87216.0088,38.4582,leaves.tier2.normal.r1.hold,CoveredLoading,2
2959,87252.0695,36.0606,leaves.tier2.normal.r1.hold,CoveredLoading,2
2960,87284.8628,32.7933,leaves.tier2.normal.r1.hold,CoveredLoading,2
2961,87313.7992,28.9365,leaves.tier2.normal.r1.hold,CoveredLoading,2
2962,87349.2769,35.4777,leaves.tier2.normal.r1.hold,CoveredLoading,2
2963,87368.8749,19.598,leaves.tier2.normal.r1.hold,CoveredLoading,2
2964,87400.6319,31.7569,leaves.tier2.normal.r1.hold,CoveredLoading,2
2965,87435.8432,35.2112,leaves.tier2.normal.r1.hold,CoveredLoading,2
2966,87476.9235,41.0805,leaves.tier2.normal.r1.hold,CoveredLoading,2
2967,87507.1247,30.2012,leaves.tier2.normal.r1.hold,CoveredLoading,2
2968,87534.2622,27.1373,leaves.tier2.normal.r1.hold,CoveredLoading,2
2969,87570.4157,36.1537,leaves.tier2.normal.r1.reveal,Preparing,2
2970,87614.3984,43.9824,leaves.tier2.normal.r1.reveal,Preparing,2
2971,87640.4218,26.0236,leaves.tier2.normal.r1.reveal,Preparing,2
2972,87680.729,40.3073,leaves.tier2.normal.r1.reveal,Preparing,2
2973,87705.018,24.289,leaves.tier2.normal.r1.reveal,Preparing,2
2974,87735.795,30.7769,leaves.tier2.normal.r1.reveal,Preparing,2
2975,87777.3772,41.5823,leaves.tier2.normal.r1.reveal,Preparing,2
2976,87815.2635,37.8861,leaves.tier2.normal.r1.reveal,Revealing,2
2977,87837.1025,21.8392,leaves.tier2.normal.r1.reveal,Revealing,2
2978,87881.2252,44.1225,leaves.tier2.normal.r1.reveal,Revealing,2
2979,87921.6884,40.4634,leaves.tier2.normal.r1.reveal,Revealing,2
2980,87951.2147,29.5264,leaves.tier2.normal.r1.reveal,Revealing,2
2981,87970.826,19.6112,leaves.tier2.normal.r1.reveal,Revealing,2
2982,88003.1404,32.3143,leaves.tier2.normal.r1.reveal,Revealing,2
2983,88043.3455,40.2052,leaves.tier2.normal.r1.reveal,Revealing,2
2984,88070.8769,27.5312,leaves.tier2.normal.r1.reveal,Revealing,2
2985,88114.3876,43.511,leaves.tier2.normal.r1.reveal,Revealing,2
2986,88135.2941,20.9064,leaves.tier2.normal.r1.reveal,Revealing,2
2987,88175.6434,40.3493,leaves.tier2.normal.r1.reveal,Revealing,2
2988,88217.9655,42.3221,leaves.tier2.normal.r1.reveal,Revealing,2
2989,88244.2742,26.3088,leaves.tier2.normal.r1.reveal,Revealing,2
2990,88276.1249,31.8506,leaves.tier2.normal.r1.reveal,Revealing,2
2991,88303.8222,27.6972,leaves.tier2.normal.r1.reveal,Revealing,2
2992,88358.8102,54.9882,leaves.tier2.normal.r1.reveal,Revealing,2
2993,88381.2146,22.4043,leaves.tier2.normal.r1.reveal,Revealing,2
2994,88408.9662,27.7515,leaves.tier2.normal.r1.reveal,Revealing,2
2995,88448.2961,39.33,leaves.tier2.normal.r1.reveal,Revealing,2
2996,88475.5552,27.2591,leaves.tier2.normal.r1.reveal,Revealing,2
2997,88517.2204,41.6651,leaves.tier2.normal.r1.reveal,Revealing,2
2998,88551.9011,34.6807,leaves.tier2.normal.r1.reveal,Revealing,2
2999,88583.2473,31.3462,leaves.tier2.normal.r1.reveal,Revealing,2
3000,88618.1308,34.8836,leaves.tier2.normal.r1.reveal,Revealing,2
3001,88652.0752,33.9443,leaves.tier2.normal.r1.reveal,Revealing,2
3002,88691.7807,39.7057,leaves.tier2.normal.r1.reveal,Revealing,2
3003,88722.0131,30.2324,leaves.tier2.normal.r1.reveal,Revealing,2
3004,88755.3358,33.3225,leaves.tier2.normal.r1.reveal,Revealing,2
3005,88784.9843,29.6485,leaves.tier2.normal.r1.reveal,Revealing,2
3006,88817.4783,32.494,leaves.tier2.normal.r1.reveal,Revealing,2
3007,88847.7613,30.2831,leaves.tier2.normal.r1.reveal,Revealing,2
3008,88876.9106,29.1493,leaves.tier2.normal.r1.reveal,Revealing,2
3009,88910.3609,33.4504,leaves.tier2.normal.r1.reveal,Revealing,2
3010,88943.8372,33.4762,leaves.tier2.normal.r1.reveal,Revealing,2
3011,88977.3292,33.4921,leaves.tier2.normal.r1.reveal,Revealing,2
3012,89010.6861,33.3568,leaves.tier2.normal.r1.reveal,Revealing,2
3013,89044.2302,33.5441,leaves.tier2.normal.r1.reveal,Revealing,2
3014,89078.0343,33.8041,leaves.tier2.normal.r1.reveal,Revealing,2
3015,89111.3213,33.2869,leaves.tier2.normal.r1.reveal,Revealing,2
3016,89145.17,33.8488,leaves.tier2.normal.r1.reveal,Revealing,2
3017,89178.4418,33.2718,leaves.tier2.normal.r1.reveal,Revealing,2
3018,89213.1303,34.6885,leaves.tier2.normal.r1.reveal,Idle,2
3019,89247.4478,34.3175,leaves.tier2.normal.r1.settle,Idle,2
3020,89273.2032,25.7555,leaves.tier2.normal.r1.settle,Idle,2
3021,89301.1946,27.9912,leaves.tier2.normal.r1.settle,Idle,2
3022,89332.2623,31.0677,leaves.tier2.normal.r1.settle,Idle,2
3023,89356.7844,24.522,leaves.tier2.normal.r1.settle,Idle,2
3024,89383.08,26.2956,leaves.tier2.normal.r1.settle,Idle,2
3025,89411.9157,28.8359,leaves.tier2.normal.r1.settle,Idle,2
3026,89456.4264,44.5107,leaves.tier2.normal.r1.settle,Idle,2
3027,89475.9017,19.4753,leaves.tier2.normal.r1.settle,Idle,2
3028,89501.1812,25.2794,leaves.tier2.normal.r1.settle,Idle,2
3029,89552.0183,50.8371,leaves.tier2.normal.r1.settle,Idle,2
3030,89566.1547,14.1366,leaves.tier2.normal.r1.settle,Idle,2
3031,89594.8875,28.7327,leaves.tier2.normal.r1.settle,Idle,2
3032,89623.3104,28.4229,leaves.tier2.normal.r1.settle,Idle,2
3033,89650.3148,27.0044,leaves.tier2.normal.r1.settle,Idle,2
3034,89679.4798,29.165,leaves.tier2.reduced.r1,Covering,2
3035,89731.1949,51.715,leaves.tier2.reduced.r1,Covering,2
3036,89761.2512,30.0564,leaves.tier2.reduced.r1,Covering,2
3037,89794.2426,32.9914,leaves.tier2.reduced.r1,Covering,2
3038,89825.5097,31.2671,leaves.tier2.reduced.r1,CoveredLoading,2
3039,89850.8109,25.3012,leaves.tier2.reduced.r1,CoveredLoading,2
3040,89895.1757,44.3647,audit.snapshot.leaves.tier2.reduced.r1.covered,CoveredLoading,2
3041,89910.7572,15.5816,leaves.tier2.reduced.r1.hold,CoveredLoading,2
3042,89938.9158,28.1586,leaves.tier2.reduced.r1.hold,CoveredLoading,2
3043,89966.3936,27.4777,leaves.tier2.reduced.r1.hold,CoveredLoading,2
3044,89990.3245,23.9311,leaves.tier2.reduced.r1.hold,CoveredLoading,2
3045,90016.5995,26.2749,leaves.tier2.reduced.r1.hold,CoveredLoading,2
3046,90049.4808,32.8812,leaves.tier2.reduced.r1.hold,CoveredLoading,2
3047,90070.8073,21.3266,leaves.tier2.reduced.r1.hold,CoveredLoading,2
3048,90100.601,29.7938,leaves.tier2.reduced.r1.hold,CoveredLoading,2
3049,90136.2386,35.6375,leaves.tier2.reduced.r1.hold,CoveredLoading,2
3050,90155.3982,19.1596,leaves.tier2.reduced.r1.hold,CoveredLoading,2
3051,90210.2531,54.8548,leaves.tier2.reduced.r1.hold,CoveredLoading,2
3052,90227.0455,16.7924,leaves.tier2.reduced.r1.hold,CoveredLoading,2
3053,90255.2646,28.2192,leaves.tier2.reduced.r1.hold,CoveredLoading,2
3054,90282.2349,26.9703,leaves.tier2.reduced.r1.hold,CoveredLoading,2
3055,90306.7916,24.5565,leaves.tier2.reduced.r1.hold,CoveredLoading,2
3056,90333.9638,27.1725,leaves.tier2.reduced.r1.hold,CoveredLoading,2
3057,90361.4395,27.4755,leaves.tier2.reduced.r1.hold,CoveredLoading,2
3058,90389.3598,27.9204,leaves.tier2.reduced.r1.hold,CoveredLoading,2
3059,90418.6123,29.2524,leaves.tier2.reduced.r1.hold,CoveredLoading,2
3060,90444.5083,25.896,leaves.tier2.reduced.r1.reveal,Preparing,2
3061,90470.5542,26.046,leaves.tier2.reduced.r1.reveal,Preparing,2
3062,90498.5505,27.9963,leaves.tier2.reduced.r1.reveal,Preparing,2
3063,90527.2173,28.6667,leaves.tier2.reduced.r1.reveal,Preparing,2
3064,90560.7824,33.5652,leaves.tier2.reduced.r1.reveal,Revealing,2
3065,90586.9101,26.1276,leaves.tier2.reduced.r1.reveal,Revealing,2
3066,90627.3072,40.3971,leaves.tier2.reduced.r1.reveal,Revealing,2
3067,90658.6777,31.3704,leaves.tier2.reduced.r1.reveal,Revealing,2
3068,90684.6018,25.9244,leaves.tier2.reduced.r1.reveal,Revealing,2
3069,90723.3909,38.789,leaves.tier2.reduced.r1.reveal,Revealing,2
3070,90743.994,20.6031,leaves.tier2.reduced.r1.reveal,Idle,2
3071,90775.2825,31.2885,leaves.tier2.reduced.r1.settle,Idle,2
3072,90798.2453,22.9629,leaves.tier2.reduced.r1.settle,Idle,2
3073,90824.7634,26.518,leaves.tier2.reduced.r1.settle,Idle,2
3074,90852.9005,28.1371,leaves.tier2.reduced.r1.settle,Idle,2
3075,90880.7936,27.8932,leaves.tier2.reduced.r1.settle,Idle,2
3076,90907.0122,26.2185,leaves.tier2.reduced.r1.settle,Idle,2
3077,90934.1458,27.1336,leaves.tier2.reduced.r1.settle,Idle,2
3078,90961.696,27.5501,leaves.tier2.reduced.r1.settle,Idle,2
3079,90997.4786,35.7828,leaves.tier2.reduced.r1.settle,Idle,2
3080,91021.9773,24.4986,leaves.tier2.reduced.r1.settle,Idle,2
3081,91055.6163,33.6391,leaves.tier2.reduced.r1.settle,Idle,2
3082,91105.2902,49.6738,leaves.tier2.reduced.r1.settle,Idle,2
3083,91140.4209,35.1305,leaves.tier2.reduced.r1.settle,Idle,2
3084,91149.9771,9.5564,leaves.tier2.reduced.r1.settle,Idle,2
3085,91173.6815,23.7043,leaves.tier2.reduced.r1.settle,Idle,2
3086,91202.1107,28.4292,leaves.tier2.normal.r2,Covering,2
3087,91259.8303,57.7197,leaves.tier2.normal.r2,Covering,2
3088,91288.0164,28.1862,leaves.tier2.normal.r2,Covering,2
3089,91323.4757,35.4591,leaves.tier2.normal.r2,Covering,2
3090,91356.4996,33.024,leaves.tier2.normal.r2,Covering,2
3091,91406.186,49.6864,leaves.tier2.normal.r2,Covering,2
3092,91431.4414,25.2553,leaves.tier2.normal.r2,Covering,2
3093,91461.6721,30.2308,leaves.tier2.normal.r2,Covering,2
3094,91513.5675,51.8955,leaves.tier2.normal.r2,Covering,2
3095,91547.0853,33.5177,leaves.tier2.normal.r2,Covering,2
3096,91577.2802,30.1948,leaves.tier2.normal.r2,Covering,2
3097,91610.8791,33.5989,leaves.tier2.normal.r2,Covering,2
3098,91644.1163,33.2373,leaves.tier2.normal.r2,Covering,2
3099,91674.0943,29.9779,leaves.tier2.normal.r2,Covering,2
3100,91708.1857,34.0909,leaves.tier2.normal.r2,Covering,2
3101,91744.1852,35.9996,leaves.tier2.normal.r2,Covering,2
3102,91777.5969,33.4121,leaves.tier2.normal.r2,Covering,2
3103,91810.8375,33.2407,leaves.tier2.normal.r2,Covering,2
3104,91843.6767,32.8392,leaves.tier2.normal.r2,Covering,2
3105,91876.8565,33.1797,leaves.tier2.normal.r2,Covering,2
3106,91907.3177,30.4613,leaves.tier2.normal.r2,Covering,2
3107,91944.1373,36.8195,leaves.tier2.normal.r2,Covering,2
3108,91979.1192,34.982,leaves.tier2.normal.r2,Covering,2
3109,92017.7385,38.6193,leaves.tier2.normal.r2,Covering,2
3110,92053.4755,35.737,leaves.tier2.normal.r2,Covering,2
3111,92097.6454,44.1699,leaves.tier2.normal.r2,Covering,2
3112,92126.4678,28.8224,leaves.tier2.normal.r2,Covering,2
3113,92155.0814,28.6137,leaves.tier2.normal.r2,Covering,2
3114,92187.303,32.2215,leaves.tier2.normal.r2,Covering,2
3115,92228.2915,40.9885,leaves.tier2.normal.r2,Covering,2
3116,92260.3772,32.0857,leaves.tier2.normal.r2,Covering,2
3117,92288.3519,27.9746,leaves.tier2.normal.r2,Covering,2
3118,92322.0089,33.657,leaves.tier2.normal.r2,Covering,2
3119,92372.1292,50.1204,leaves.tier2.normal.r2,Covering,2
3120,92399.6739,27.5447,leaves.tier2.normal.r2,Covering,2
3121,92433.5523,33.8784,leaves.tier2.normal.r2,Covering,2
3122,92460.4961,26.9438,leaves.tier2.normal.r2,Covering,2
3123,92492.6633,32.167,leaves.tier2.normal.r2,Covering,2
3124,92535.5376,42.8744,leaves.tier2.normal.r2,Covering,2
3125,92571.3408,35.8032,leaves.tier2.normal.r2,Covering,2
3126,92603.3546,32.0138,leaves.tier2.normal.r2,Covering,2
3127,92638.5952,35.2408,leaves.tier2.normal.r2,Covering,2
3128,92669.1369,30.5415,leaves.tier2.normal.r2,Covering,2
3129,92723.3048,54.168,leaves.tier2.normal.r2,Covering,2
3130,92743.1377,19.833,leaves.tier2.normal.r2,Covering,2
3131,92770.237,27.0992,leaves.tier2.normal.r2,Covering,2
3132,92813.9203,43.6833,leaves.tier2.normal.r2,CoveredLoading,2
3133,92842.05,28.1297,leaves.tier2.normal.r2,CoveredLoading,2
3134,92881.0272,38.9771,audit.snapshot.leaves.tier2.normal.r2.covered,CoveredLoading,2
3135,92909.1921,28.165,leaves.tier2.normal.r2.hold,CoveredLoading,2
3136,92948.3382,39.1461,leaves.tier2.normal.r2.hold,CoveredLoading,2
3137,92976.5099,28.1717,leaves.tier2.normal.r2.hold,CoveredLoading,2
3138,93004.0329,27.5229,leaves.tier2.normal.r2.hold,CoveredLoading,2
3139,93058.2124,54.1796,leaves.tier2.normal.r2.hold,CoveredLoading,2
3140,93080.5879,22.3753,leaves.tier2.normal.r2.hold,CoveredLoading,2
3141,93108.5966,28.0089,leaves.tier2.normal.r2.hold,CoveredLoading,2
3142,93160.0952,51.4986,leaves.tier2.normal.r2.hold,CoveredLoading,2
3143,93183.4975,23.4023,leaves.tier2.normal.r2.hold,CoveredLoading,2
3144,93202.1941,18.6964,leaves.tier2.normal.r2.hold,CoveredLoading,2
3145,93237.5481,35.3542,leaves.tier2.normal.r2.hold,CoveredLoading,2
3146,93280.9763,43.4209,leaves.tier2.normal.r2.hold,CoveredLoading,2
3147,93308.4109,27.4419,leaves.tier2.normal.r2.hold,CoveredLoading,2
3148,93348.5225,40.1116,leaves.tier2.normal.r2.hold,CoveredLoading,2
3149,93376.0959,27.5734,leaves.tier2.normal.r2.hold,CoveredLoading,2
3150,93403.3671,27.2712,leaves.tier2.normal.r2.hold,CoveredLoading,2
3151,93442.9889,39.6218,leaves.tier2.normal.r2.hold,CoveredLoading,2
3152,93470.3259,27.337,leaves.tier2.normal.r2.hold,CoveredLoading,2
3153,93510.3324,40.0064,leaves.tier2.normal.r2.hold,CoveredLoading,2
3154,93537.4419,27.1095,leaves.tier2.normal.r2.reveal,Preparing,2
3155,93576.8974,39.4555,leaves.tier2.normal.r2.reveal,Preparing,2
3156,93612.3358,35.4385,leaves.tier2.normal.r2.reveal,Preparing,2
3157,93649.3157,36.98,leaves.tier2.normal.r2.reveal,Preparing,2
3158,93668.3082,18.9924,leaves.tier2.normal.r2.reveal,Preparing,2
3159,93717.9034,49.5952,leaves.tier2.normal.r2.reveal,Preparing,2
3160,93743.2744,25.371,leaves.tier2.normal.r2.reveal,Preparing,2
3161,93769.2987,26.0242,leaves.tier2.normal.r2.reveal,Preparing,2
3162,93809.9696,40.671,leaves.tier2.normal.r2.reveal,Revealing,2
3163,93837.3139,27.3443,leaves.tier2.normal.r2.reveal,Revealing,2
3164,93876.4387,39.1248,leaves.tier2.normal.r2.reveal,Revealing,2
3165,93909.0612,32.6224,leaves.tier2.normal.r2.reveal,Revealing,2
3166,93954.9743,45.9133,leaves.tier2.normal.r2.reveal,Revealing,2
3167,93981.8009,26.8265,leaves.tier2.normal.r2.reveal,Revealing,2
3168,94011.0029,29.202,leaves.tier2.normal.r2.reveal,Revealing,2
3169,94043.3488,32.3457,leaves.tier2.normal.r2.reveal,Revealing,2
3170,94070.7879,27.4393,leaves.tier2.normal.r2.reveal,Revealing,2
3171,94110.6791,39.8912,leaves.tier2.normal.r2.reveal,Revealing,2
3172,94141.8628,31.1836,leaves.tier2.normal.r2.reveal,Revealing,2
3173,94182.0345,40.1717,leaves.tier2.normal.r2.reveal,Revealing,2
3174,94210.2135,28.1791,leaves.tier2.normal.r2.reveal,Revealing,2
3175,94241.7828,31.5694,leaves.tier2.normal.r2.reveal,Revealing,2
3176,94280.9477,39.1648,leaves.tier2.normal.r2.reveal,Revealing,2
3177,94299.8373,18.8896,leaves.tier2.normal.r2.reveal,Revealing,2
3178,94338.1903,38.353,leaves.tier2.normal.r2.reveal,Revealing,2
3179,94369.4613,31.271,leaves.tier2.normal.r2.reveal,Revealing,2
3180,94409.4549,39.9936,leaves.tier2.normal.r2.reveal,Revealing,2
3181,94436.4199,26.9651,leaves.tier2.normal.r2.reveal,Revealing,2
3182,94475.6243,39.2043,leaves.tier2.normal.r2.reveal,Revealing,2
3183,94517.298,41.6736,leaves.tier2.normal.r2.reveal,Revealing,2
3184,94547.3861,30.0882,leaves.tier2.normal.r2.reveal,Revealing,2
3185,94572.8122,25.4261,leaves.tier2.normal.r2.reveal,Revealing,2
3186,94605.4188,32.6066,leaves.tier2.normal.r2.reveal,Revealing,2
3187,94634.3792,28.9604,leaves.tier2.normal.r2.reveal,Revealing,2
3188,94668.9562,34.577,leaves.tier2.normal.r2.reveal,Revealing,2
3189,94707.7326,38.7764,leaves.tier2.normal.r2.reveal,Revealing,2
3190,94733.8516,26.119,leaves.tier2.normal.r2.reveal,Revealing,2
3191,94767.1869,33.3354,leaves.tier2.normal.r2.reveal,Revealing,2
3192,94800.1639,32.9768,leaves.tier2.normal.r2.reveal,Revealing,2
3193,94833.3444,33.1805,leaves.tier2.normal.r2.reveal,Revealing,2
3194,94862.9633,29.619,leaves.tier2.normal.r2.reveal,Revealing,2
3195,94896.2416,33.2783,leaves.tier2.normal.r2.reveal,Revealing,2
3196,94929.2559,33.0141,leaves.tier2.normal.r2.reveal,Revealing,2
3197,94962.4139,33.1581,leaves.tier2.normal.r2.reveal,Revealing,2
3198,94995.8496,33.4358,leaves.tier2.normal.r2.reveal,Revealing,2
3199,95028.949,33.0994,leaves.tier2.normal.r2.reveal,Revealing,2
3200,95061.9041,32.9551,leaves.tier2.normal.r2.reveal,Revealing,2
3201,95094.4805,32.5764,leaves.tier2.normal.r2.reveal,Revealing,2
3202,95127.8387,33.3582,leaves.tier2.normal.r2.reveal,Revealing,2
3203,95161.0465,33.2077,leaves.tier2.normal.r2.reveal,Revealing,2
3204,95193.8489,32.8026,leaves.tier2.normal.r2.reveal,Revealing,2
3205,95228.2086,34.3596,leaves.tier2.normal.r2.reveal,Idle,2
3206,95260.5821,32.3735,leaves.tier2.normal.r2.settle,Idle,2
3207,95286.6181,26.036,leaves.tier2.normal.r2.settle,Idle,2
3208,95315.7889,29.1707,leaves.tier2.normal.r2.settle,Idle,2
3209,95344.5621,28.7733,leaves.tier2.normal.r2.settle,Idle,2
3210,95372.646,28.0837,leaves.tier2.normal.r2.settle,Idle,2
3211,95408.1609,35.5151,leaves.tier2.normal.r2.settle,Idle,2
3212,95432.7113,24.5502,leaves.tier2.normal.r2.settle,Idle,2
3213,95462.9193,30.2082,leaves.tier2.normal.r2.settle,Idle,2
3214,95511.9284,49.0091,leaves.tier2.normal.r2.settle,Idle,2
3215,95527.4102,15.4818,leaves.tier2.normal.r2.settle,Idle,2
3216,95555.6829,28.2728,leaves.tier2.normal.r2.settle,Idle,2
3217,95582.9268,27.2437,leaves.tier2.normal.r2.settle,Idle,2
3218,95607.8784,24.9518,leaves.tier2.normal.r2.settle,Idle,2
3219,95638.7988,30.9203,leaves.tier2.normal.r2.settle,Idle,2
3220,95666.1082,27.3094,leaves.tier2.normal.r2.settle,Idle,2
3221,95692.0367,25.9286,leaves.tier2.reduced.r2,Covering,2
3222,95726.6878,34.651,leaves.tier2.reduced.r2,Covering,2
3223,95756.3126,29.6248,leaves.tier2.reduced.r2,Covering,2
3224,95788.5142,32.2014,leaves.tier2.reduced.r2,Covering,2
3225,95829.7989,41.2849,leaves.tier2.reduced.r2,Covering,2
3226,95844.3583,14.5594,leaves.tier2.reduced.r2,CoveredLoading,2
3227,95873.3919,29.0336,leaves.tier2.reduced.r2,CoveredLoading,2
3228,95906.9273,33.5353,audit.snapshot.leaves.tier2.reduced.r2.covered,CoveredLoading,2
3229,95934.1281,27.2007,leaves.tier2.reduced.r2.hold,CoveredLoading,2
3230,95961.4935,27.3656,leaves.tier2.reduced.r2.hold,CoveredLoading,2
3231,95989.9638,28.4703,leaves.tier2.reduced.r2.hold,CoveredLoading,2
3232,96024.7631,34.7994,leaves.tier2.reduced.r2.hold,CoveredLoading,2
3233,96049.1693,24.4059,leaves.tier2.reduced.r2.hold,CoveredLoading,2
3234,96097.8085,48.6393,leaves.tier2.reduced.r2.hold,CoveredLoading,2
3235,96139.0481,41.2395,leaves.tier2.reduced.r2.hold,CoveredLoading,2
3236,96148.9725,9.9245,leaves.tier2.reduced.r2.hold,CoveredLoading,2
3237,96172.7622,23.7898,leaves.tier2.reduced.r2.hold,CoveredLoading,2
3238,96213.0076,40.2453,leaves.tier2.reduced.r2.hold,CoveredLoading,2
3239,96232.1856,19.178,leaves.tier2.reduced.r2.hold,CoveredLoading,2
3240,96256.8846,24.6991,leaves.tier2.reduced.r2.hold,CoveredLoading,2
3241,96283.8764,26.9917,leaves.tier2.reduced.r2.hold,CoveredLoading,2
3242,96311.4678,27.5916,leaves.tier2.reduced.r2.hold,CoveredLoading,2
3243,96339.57,28.102,leaves.tier2.reduced.r2.hold,CoveredLoading,2
3244,96366.854,27.2841,leaves.tier2.reduced.r2.hold,CoveredLoading,2
3245,96394.2482,27.3942,leaves.tier2.reduced.r2.hold,CoveredLoading,2
3246,96422.7138,28.4657,leaves.tier2.reduced.r2.hold,CoveredLoading,2
3247,96449.6687,26.9548,leaves.tier2.reduced.r2.hold,CoveredLoading,2
3248,96476.8515,27.1828,leaves.tier2.reduced.r2.reveal,Preparing,2
3249,96501.3622,24.5107,leaves.tier2.reduced.r2.reveal,Preparing,2
3250,96532.3462,30.9837,leaves.tier2.reduced.r2.reveal,Preparing,2
3251,96559.3885,27.0426,leaves.tier2.reduced.r2.reveal,Revealing,2
3252,96582.8368,23.4483,leaves.tier2.reduced.r2.reveal,Revealing,2
3253,96610.6785,27.8416,leaves.tier2.reduced.r2.reveal,Revealing,2
3254,96634.9037,24.2253,leaves.tier2.reduced.r2.reveal,Revealing,2
3255,96669.7955,34.8918,leaves.tier2.reduced.r2.reveal,Revealing,2
3256,96693.8832,24.0877,leaves.tier2.reduced.r2.reveal,Revealing,2
3257,96726.2538,32.3706,leaves.tier2.reduced.r2.reveal,Revealing,2
3258,96750.9355,24.6817,leaves.tier2.reduced.r2.reveal,Idle,2
3259,96795.6861,44.7505,leaves.tier2.reduced.r2.settle,Idle,2
3260,96811.0786,15.3926,leaves.tier2.reduced.r2.settle,Idle,2
3261,96840.2693,29.1907,leaves.tier2.reduced.r2.settle,Idle,2
3262,96876.1383,35.869,leaves.tier2.reduced.r2.settle,Idle,2
3263,96901.2665,25.1279,leaves.tier2.reduced.r2.settle,Idle,2
3264,96934.8866,33.62,leaves.tier2.reduced.r2.settle,Idle,2
3265,96967.6272,32.7408,leaves.tier2.reduced.r2.settle,Idle,2
3266,96994.5397,26.9128,leaves.tier2.reduced.r2.settle,Idle,2
3267,97023.1275,28.5877,leaves.tier2.reduced.r2.settle,Idle,2
3268,97067.8959,44.7684,leaves.tier2.reduced.r2.settle,Idle,2
3269,97106.2198,38.3239,leaves.tier2.reduced.r2.settle,Idle,2
3270,97115.5843,9.3645,leaves.tier2.reduced.r2.settle,Idle,2
3271,97140.3269,24.7425,leaves.tier2.reduced.r2.settle,Idle,2
3272,97166.9633,26.6365,leaves.tier2.reduced.r2.settle,Idle,2
3273,97194.5181,27.5548,leaves.tier2.reduced.r2.settle,Idle,2
3274,97224.4417,29.9236,route.tier2.menu-camp,Covering,2
3275,97291.9861,67.5443,route.tier2.menu-camp,Covering,2
3276,97344.595,52.6088,route.tier2.menu-camp,Covering,2
3277,97370.2021,25.6073,route.tier2.menu-camp,Covering,2
3278,97410.9075,40.7054,route.tier2.menu-camp,Covering,2
3279,97444.358,33.4505,route.tier2.menu-camp,Covering,2
3280,97477.4718,33.1138,route.tier2.menu-camp,Covering,2
3281,97512.0242,34.5524,route.tier2.menu-camp,Covering,2
3282,97552.391,40.3668,route.tier2.menu-camp,Covering,2
3283,97577.9962,25.6052,route.tier2.menu-camp,Covering,2
3284,97613.4147,35.4185,route.tier2.menu-camp,Covering,2
3285,97634.5189,21.1041,route.tier2.menu-camp,Covering,2
3286,97666.7327,32.2137,route.tier2.menu-camp,Covering,2
3287,97700.1298,33.3973,route.tier2.menu-camp,Covering,2
3288,97733.236,33.1062,route.tier2.menu-camp,Covering,2
3289,97762.5209,29.2849,route.tier2.menu-camp,Covering,2
3290,97796.012,33.4911,route.tier2.menu-camp,Covering,2
3291,97828.4789,32.467,route.tier2.menu-camp,Covering,2
3292,97861.2962,32.8172,route.tier2.menu-camp,Covering,2
3293,97894.4597,33.1635,route.tier2.menu-camp,Covering,2
3294,97927.8288,33.3691,route.tier2.menu-camp,Covering,2
3295,97961.7665,33.9377,route.tier2.menu-camp,Covering,2
3296,97999.3768,37.6102,route.tier2.menu-camp,Covering,2
3297,98031.4991,32.1224,route.tier2.menu-camp,Covering,2
3298,98062.032,30.5329,route.tier2.menu-camp,Covering,2
3299,98093.453,31.4209,route.tier2.menu-camp,Covering,2
3300,98122.0355,28.5825,route.tier2.menu-camp,Covering,2
3301,98153.7252,31.6898,route.tier2.menu-camp,Covering,2
3302,98194.4319,40.7066,route.tier2.menu-camp,Covering,2
3303,98226.3625,31.9307,route.tier2.menu-camp,Covering,2
3304,98255.2757,28.9132,route.tier2.menu-camp,Covering,2
3305,98285.721,30.4452,route.tier2.menu-camp,Covering,2
3306,98327.1011,41.3802,route.tier2.menu-camp,Covering,2
3307,98360.3664,33.2652,route.tier2.menu-camp,Covering,2
3308,98417.2323,56.8659,route.tier2.menu-camp,Covering,2
3309,98451.7741,34.5419,route.tier2.menu-camp,Covering,2
3310,98477.7905,26.0164,route.tier2.menu-camp,Covering,2
3311,98506.9269,29.1364,route.tier2.menu-camp,Covering,2
3312,98551.3571,44.4302,route.tier2.menu-camp,Covering,2
3313,98581.1087,29.7516,route.tier2.menu-camp,Covering,2
3314,98609.7384,28.6297,route.tier2.menu-camp,Covering,2
3315,98637.5766,27.8382,route.tier2.menu-camp,Covering,2
3316,98681.416,43.8394,route.tier2.menu-camp,Covering,2
3317,98709.5185,28.1023,route.tier2.menu-camp,Covering,2
3318,98737.2266,27.7083,route.tier2.menu-camp,Covering,2
3319,98780.463,43.2365,route.tier2.menu-camp,Covering,2
3320,98808.4658,28.0027,route.tier2.menu-camp,CoveredLoading,2
3321,98847.5726,39.1068,route.tier2.menu-camp,CoveredLoading,2
3322,99085.9526,238.3801,route.tier2.menu-camp,CoveredLoading,2
3323,99723.9645,638.0116,route.tier2.menu-camp,CoveredLoading,2
3324,99748.0553,24.0909,route.tier2.menu-camp,CoveredLoading,2
3325,99808.2244,60.1691,route.tier2.menu-camp,CoveredLoading,2
3326,99835.931,27.7067,route.tier2.menu-camp,CoveredLoading,2
3327,99896.3377,60.4067,route.tier2.menu-camp,CoveredLoading,2
3328,99936.748,40.4102,route.tier2.menu-camp,CoveredLoading,2
3329,100012.7145,75.9664,route.tier2.menu-camp,CoveredLoading,2
3330,100036.8934,24.179,route.tier2.menu-camp,CoveredLoading,2
3331,100105.2094,68.3161,route.tier2.menu-camp,CoveredLoading,2
3332,100135.7068,30.4973,route.tier2.menu-camp,CoveredLoading,2
3333,100237.4622,101.755,route.tier2.menu-camp,CoveredLoading,2
3334,100256.0173,18.5557,route.tier2.menu-camp,CoveredLoading,2
3335,100312.5486,56.5311,route.tier2.menu-camp,CoveredLoading,2
3336,100378.7403,66.1918,route.tier2.menu-camp,CoveredLoading,2
3337,100424.807,46.0667,route.tier2.menu-camp,CoveredLoading,2
3338,100492.3023,67.4953,route.tier2.menu-camp,CoveredLoading,2
3339,100531.8319,39.5295,route.tier2.menu-camp,CoveredLoading,2
3340,100597.877,66.045,route.tier2.menu-camp,CoveredLoading,2
3341,100632.0959,34.2191,route.tier2.menu-camp,CoveredLoading,2
3342,100673.1608,41.0649,route.tier2.menu-camp,CoveredLoading,2
3343,100721.1116,47.9508,route.tier2.menu-camp,CoveredLoading,2
3344,100775.8016,54.6899,route.tier2.menu-camp,CoveredLoading,2
3345,100852.2456,76.4442,route.tier2.menu-camp,CoveredLoading,2
3346,100878.964,26.7181,route.tier2.menu-camp,CoveredLoading,2
3347,100929.2115,50.2478,route.tier2.menu-camp,CoveredLoading,2
3348,100979.9077,50.6961,route.tier2.menu-camp,CoveredLoading,2
3349,101047.1026,67.1947,route.tier2.menu-camp,CoveredLoading,2
3350,101119.2049,72.1025,route.tier2.menu-camp,CoveredLoading,2
3351,101158.6634,39.4585,route.tier2.menu-camp,CoveredLoading,2
3352,101196.489,37.8256,route.tier2.menu-camp,CoveredLoading,2
3353,101280.0076,83.5186,route.tier2.menu-camp,CoveredLoading,2
3354,101320.8257,40.818,route.tier2.menu-camp,CoveredLoading,2
3355,101385.9975,65.1719,route.tier2.menu-camp,CoveredLoading,2
3356,101415.1959,29.1983,route.tier2.menu-camp,CoveredLoading,2
3357,101481.2639,66.0681,route.tier2.menu-camp,CoveredLoading,2
3358,101552.7861,71.5221,route.tier2.menu-camp,CoveredLoading,2
3359,101595.4983,42.7123,route.tier2.menu-camp,Preparing,2
3360,101644.5766,49.0783,route.tier2.menu-camp,Preparing,2
3361,101720.26,75.6833,route.tier2.menu-camp,Preparing,2
3362,101757.3637,37.1035,route.tier2.menu-camp,Preparing,2
3363,101831.2127,73.8493,route.tier2.menu-camp,Preparing,2
3364,101858.6316,27.4189,route.tier2.menu-camp,Revealing,2
3365,101925.0921,66.4605,route.tier2.menu-camp,Revealing,2
3366,101997.3785,72.2863,route.tier2.menu-camp,Revealing,2
3367,102043.9049,46.5264,route.tier2.menu-camp,Revealing,2
3368,102087.1608,43.256,route.tier2.menu-camp,Revealing,2
3369,102169.3765,82.2156,route.tier2.menu-camp,Revealing,2
3370,102207.6008,38.2245,route.tier2.menu-camp,Revealing,2
3371,102263.5633,55.9622,route.tier2.menu-camp,Revealing,2
3372,102292.9056,29.3425,route.tier2.menu-camp,Revealing,2
3373,102349.0969,56.1913,route.tier2.menu-camp,Revealing,2
3374,102411.1837,62.0867,route.tier2.menu-camp,Revealing,2
3375,102449.6919,38.5083,route.tier2.menu-camp,Revealing,2
3376,102495.9495,46.2576,route.tier2.menu-camp,Revealing,2
3377,102577.8955,81.946,route.tier2.menu-camp,Revealing,2
3378,102614.1797,36.2841,route.tier2.menu-camp,Revealing,2
3379,102679.5756,65.3959,route.tier2.menu-camp,Revealing,2
3380,102707.4092,27.8338,route.tier2.menu-camp,Revealing,2
3381,102763.1996,55.7903,route.tier2.menu-camp,Revealing,2
3382,102830.2428,67.0432,route.tier2.menu-camp,Revealing,2
3383,102865.6686,35.4258,route.tier2.menu-camp,Revealing,2
3384,102905.5322,39.8636,route.tier2.menu-camp,Revealing,2
3385,102978.029,72.4966,route.tier2.menu-camp,Revealing,2
3386,103012.1811,34.1523,route.tier2.menu-camp,Revealing,2
3387,103054.9701,42.789,route.tier2.menu-camp,Revealing,2
3388,103125.1535,70.1834,route.tier2.menu-camp,Revealing,2
3389,103157.3214,32.1678,route.tier2.menu-camp,Revealing,2
3390,103194.5719,37.2504,route.tier2.menu-camp,Revealing,2
3391,103243.6001,49.0284,route.tier2.menu-camp,Revealing,2
3392,103294.0827,50.4826,route.tier2.menu-camp,Idle,2
3393,103361.6777,67.595,audit.snapshot.route.tier2.menu-camp.ready,Idle,2
3394,103401.4138,39.736,audit.snapshot.route.tier2.menu-camp.ready,Idle,2
3395,103425.133,23.7192,audit.snapshot.route.tier2.menu-camp.ready,Idle,2
3396,103461.6577,36.5248,audit.snapshot.route.tier2.menu-camp.ready,Idle,2
3397,103514.5223,52.8646,audit.snapshot.route.tier2.menu-camp.ready,Idle,2
3398,103549.694,35.1716,audit.snapshot.route.tier2.menu-camp.ready,Idle,2
3399,103592.7743,43.0803,audit.snapshot.route.tier2.menu-camp.ready,Idle,2
3400,103633.095,40.3208,audit.snapshot.route.tier2.menu-camp.ready,Idle,2
3401,103698.3401,65.2451,audit.snapshot.route.tier2.menu-camp.ready,Idle,2
3402,103744.465,46.1248,audit.snapshot.route.tier2.menu-camp.ready,Idle,2
3403,103760.6602,16.1952,audit.snapshot.route.tier2.menu-camp.ready,Idle,2
3404,103802.6097,41.9496,audit.snapshot.route.tier2.menu-camp.ready,Idle,2
3405,103876.3203,73.7105,audit.snapshot.route.tier2.menu-camp.ready,Idle,2
3406,103887.7769,11.4567,audit.snapshot.route.tier2.menu-camp.ready,Idle,2
3407,103928.3678,40.5909,audit.snapshot.route.tier2.menu-camp.ready,Idle,2
3408,103971.6193,43.2515,audit.snapshot.route.tier2.menu-camp.ready,Idle,2
3409,104040.7579,69.1384,audit.snapshot.route.tier2.menu-camp.ready,Idle,2
3410,104055.0352,14.2775,audit.snapshot.route.tier2.menu-camp.ready,Idle,2
3411,104098.8766,43.8413,audit.snapshot.route.tier2.menu-camp.ready,Idle,2
3412,104138.7773,39.9009,audit.snapshot.route.tier2.menu-camp.ready,Idle,2
3413,104191.0651,52.2877,audit.snapshot.route.tier2.menu-camp.ready,Idle,2
3414,104221.5394,30.4744,audit.snapshot.route.tier2.menu-camp.ready,Idle,2
3415,104261.0402,39.5007,audit.snapshot.route.tier2.menu-camp.ready,Idle,2
3416,104304.9968,43.9566,audit.snapshot.route.tier2.menu-camp.ready,Idle,2
3417,104372.6186,67.6218,audit.snapshot.route.tier2.menu-camp.ready,Idle,2
3418,104388.1204,15.5017,audit.snapshot.route.tier2.menu-camp.ready,Idle,2
3419,104428.3718,40.2513,audit.snapshot.route.tier2.menu-camp.ready,Idle,2
3420,104471.5657,43.1941,audit.snapshot.route.tier2.menu-camp.ready,Idle,2
3421,104527.0463,55.4805,audit.snapshot.route.tier2.menu-camp.ready,Idle,2
3422,104560.3182,33.2719,audit.snapshot.route.tier2.menu-camp.ready,Idle,2
3423,104602.0938,41.7756,camp.summer.tier2.empty,Idle,2
3424,104637.7549,35.6611,camp.summer.tier2.empty,Idle,2
3425,104705.4076,67.6528,camp.summer.tier2.empty,Idle,2
3426,104720.9756,15.5681,camp.summer.tier2.empty,Idle,2
3427,104767.49,46.5143,camp.summer.tier2.empty,Idle,2
3428,104815.3985,47.9085,camp.summer.tier2.empty,Idle,2
3429,104877.7154,62.3169,camp.summer.tier2.empty,Idle,2
3430,104910.7602,33.0448,camp.summer.tier2.empty,Idle,2
3431,104954.9683,44.2081,camp.summer.tier2.empty,Idle,2
3432,104994.9758,40.0074,camp.summer.tier2.empty,Idle,2
3433,105063.4212,68.4454,camp.summer.tier2.empty,Idle,2
3434,105083.6861,20.265,camp.summer.tier2.empty,Idle,2
3435,105141.186,57.4999,camp.summer.tier2.empty,Idle,2
3436,105169.0092,27.8232,camp.summer.tier2.empty,Idle,2
3437,105221.5913,52.5821,camp.summer.tier2.empty,Idle,2
3438,105251.3614,29.77,camp.summer.tier2.empty,Idle,2
3439,105294.2576,42.8963,camp.summer.tier2.empty,Idle,2
3440,105337.761,43.5032,camp.summer.tier2.empty,Idle,2
3441,105405.3344,67.5736,camp.summer.tier2.empty,Idle,2
3442,105460.6233,55.2889,camp.summer.tier2.empty,Idle,2
3443,105477.8525,17.229,camp.summer.tier2.empty,Idle,2
3444,105503.9031,26.0508,camp.summer.tier2.empty,Idle,2
3445,105546.6758,42.7725,camp.summer.tier2.empty,Idle,2
3446,105587.9857,41.31,camp.summer.tier2.empty,Idle,2
3447,105645.7138,57.7282,camp.summer.tier2.empty,Idle,2
3448,105677.0342,31.3204,camp.summer.tier2.empty,Idle,2
3449,105745.5789,68.5447,camp.summer.tier2.empty,Idle,2
3450,105766.3899,20.811,camp.summer.tier2.empty,Idle,2
3451,105809.2389,42.849,camp.summer.tier2.empty,Idle,2
3452,105849.9902,40.7512,camp.summer.tier2.empty,Idle,2
3453,105899.774,49.7838,camp.summer.tier2.empty,Idle,2
3454,105931.2022,31.4282,camp.summer.tier2.empty,Idle,2
3455,105975.5414,44.3393,camp.summer.tier2.empty,Idle,2
3456,106016.0443,40.5027,camp.summer.tier2.empty,Idle,2
3457,106080.1617,64.1176,camp.summer.tier2.empty,Idle,2
3458,106100.299,20.1372,camp.summer.tier2.empty,Idle,2
3459,106137.781,37.482,camp.summer.tier2.empty,Idle,2
3460,106174.5311,36.7502,camp.summer.tier2.empty,Idle,2
3461,106229.3764,54.8453,camp.summer.tier2.empty,Idle,2
3462,106270.84,41.4636,camp.summer.tier2.empty,Idle,2
3463,106310.0335,39.1935,camp.summer.tier2.empty,Idle,2
3464,106350.9165,40.883,camp.summer.tier2.empty,Idle,2
3465,106421.9722,71.0557,camp.summer.tier2.empty,Idle,2
3466,106437.8663,15.8942,camp.summer.tier2.empty,Idle,2
3467,106477.4781,39.6117,camp.summer.tier2.empty,Idle,2
3468,106521.4698,43.9916,camp.summer.tier2.empty,Idle,2
3469,106573.7746,52.3047,camp.summer.tier2.empty,Idle,2
3470,106604.5156,30.7412,camp.summer.tier2.empty,Idle,2
3471,106643.8147,39.2991,camp.summer.tier2.empty,Idle,2
3472,106688.0412,44.2265,camp.summer.tier2.empty,Idle,2
3473,106755.5426,67.5014,camp.summer.tier2.empty,Idle,2
3474,106771.1863,15.6438,camp.summer.tier2.empty,Idle,2
3475,106810.4272,39.2408,camp.summer.tier2.empty,Idle,2
3476,106855.1735,44.7464,camp.summer.tier2.empty,Idle,2
3477,106911.404,56.2303,camp.summer.tier2.empty,Idle,2
3478,106944.4547,33.0508,camp.summer.tier2.empty,Idle,2
3479,107000.8157,56.3608,camp.summer.tier2.empty,Idle,2
3480,107027.7569,26.9414,camp.summer.tier2.empty,Idle,2
3481,107097.1024,69.3455,camp.summer.tier2.empty,Idle,2
3482,107116.0696,18.9671,camp.summer.tier2.empty,Idle,2
3483,107169.9188,53.8493,camp.summer.tier2.empty,Idle,2
3484,107195.2714,25.3526,camp.summer.tier2.empty,Idle,2
3485,107247.8827,52.6112,camp.summer.tier2.empty,Idle,2
3486,107283.4818,35.5992,camp.summer.tier2.empty,Idle,2
3487,107342.1627,58.6807,camp.summer.tier2.empty,Idle,2
3488,107370.775,28.6125,camp.summer.tier2.empty,Idle,2
3489,107431.1765,60.4015,camp.summer.tier2.empty,Idle,2
3490,107454.1737,22.9971,camp.summer.tier2.empty,Idle,2
3491,107493.5859,39.4122,camp.summer.tier2.empty,Idle,2
3492,107562.8069,69.2211,camp.summer.tier2.empty,Idle,2
3493,107588.0979,25.291,camp.summer.tier2.empty,Idle,2
3494,107621.1622,33.0642,camp.summer.tier2.empty,Idle,2
3495,107685.2123,64.0503,camp.summer.tier2.empty,Idle,2
3496,107704.4071,19.1947,camp.summer.tier2.empty,Idle,2
3497,107768.4678,64.0606,camp.summer.tier2.empty,Idle,2
3498,107787.8591,19.3914,camp.summer.tier2.empty,Idle,2
3499,107827.0947,39.2355,camp.summer.tier2.empty,Idle,2
3500,107871.3015,44.2069,camp.summer.tier2.empty,Idle,2
3501,107943.5478,72.2463,camp.summer.tier2.empty,Idle,2
3502,107978.7437,35.1959,camp.summer.tier2.empty,Idle,2
3503,107999.5173,20.7736,camp.summer.tier2.empty,Idle,2
3504,108042.2222,42.7049,camp.summer.tier2.empty,Idle,2
3505,108103.6363,61.4141,camp.summer.tier2.empty,Idle,2
3506,108131.3804,27.7441,camp.summer.tier2.empty,Idle,2
3507,108166.7539,35.3735,camp.summer.tier2.empty,Idle,2
3508,108209.465,42.7111,camp.summer.tier2.empty,Idle,2
3509,108262.6436,53.1786,camp.summer.tier2.empty,Idle,2
3510,108324.4928,61.849,camp.summer.tier2.empty,Idle,2
3511,108342.4983,18.0057,camp.summer.tier2.empty,Idle,2
3512,108411.3776,68.8794,camp.summer.tier2.empty,Idle,2
3513,108447.518,36.1401,camp.summer.tier2.empty,Idle,2
3514,108479.0758,31.558,camp.summer.tier2.empty,Idle,2
3515,108516.5911,37.5154,camp.summer.tier2.empty,Idle,2
3516,108581.2963,64.7051,camp.summer.tier2.empty,Idle,2
3517,108609.5068,28.2101,camp.summer.tier2.empty,Idle,2
3518,108664.0623,54.5558,camp.summer.tier2.empty,Idle,2
3519,108684.2057,20.1434,camp.summer.tier2.empty,Idle,2
3520,108739.3044,55.0988,camp.summer.tier2.empty,Idle,2
3521,108795.1374,55.8331,camp.summer.tier2.empty,Idle,2
3522,108823.0216,27.884,camp.summer.tier2.empty,Idle,2
3523,108856.432,33.4105,camp.summer.tier2.empty,Idle,2
3524,108924.4368,68.0048,camp.summer.tier2.empty,Idle,2
3525,108948.3098,23.8727,camp.summer.tier2.empty,Idle,2
3526,109007.8443,59.5348,camp.summer.tier2.empty,Idle,2
3527,109026.3714,18.527,camp.summer.tier2.empty,Idle,2
3528,109065.5494,39.178,camp.summer.tier2.empty,Idle,2
3529,109132.2484,66.699,camp.summer.tier2.empty,Idle,2
3530,109163.1148,30.8664,camp.summer.tier2.empty,Idle,2
3531,109227.5309,64.4162,camp.summer.tier2.empty,Idle,2
3532,109244.554,17.0231,camp.summer.tier2.empty,Idle,2
3533,109297.6402,53.0861,camp.summer.tier2.empty,Idle,2
3534,109358.4701,60.8298,camp.summer.tier2.empty,Idle,2
3535,109382.5008,24.0309,camp.summer.tier2.empty,Idle,2
3536,109421.496,38.9952,camp.summer.tier2.empty,Idle,2
3537,109485.5931,64.0971,camp.summer.tier2.empty,Idle,2
3538,109513.1157,27.5225,camp.summer.tier2.empty,Idle,2
3539,109577.9602,64.8447,camp.summer.tier2.empty,Idle,2
3540,109594.8056,16.8453,camp.summer.tier2.empty,Idle,2
3541,109648.5509,53.745,camp.summer.tier2.empty,Idle,2
3542,109708.3297,59.7791,camp.summer.tier2.empty,Idle,2
3543,109796.0949,87.7652,audit.snapshot.camp.summer.tier2.empty,Idle,2
3544,109832.3826,36.2875,audit.snapshot.camp.summer.tier2.empty,Idle,2
3545,109874.1366,41.7542,audit.snapshot.camp.summer.tier2.empty,Idle,2
3546,109936.4688,62.3322,audit.snapshot.camp.summer.tier2.empty,Idle,2
3547,109958.2101,21.7413,audit.snapshot.camp.summer.tier2.empty,Idle,2
3548,110004.9657,46.7556,audit.snapshot.camp.summer.tier2.empty,Idle,2
3549,110040.0897,35.124,audit.snapshot.camp.summer.tier2.empty,Idle,2
3550,110111.2162,71.1265,audit.snapshot.camp.summer.tier2.empty,Idle,2
3551,110128.0277,16.8115,audit.snapshot.camp.summer.tier2.empty,Idle,2
3552,110172.7931,44.7654,audit.snapshot.camp.summer.tier2.empty,Idle,2
3553,110225.8412,53.0481,audit.snapshot.camp.summer.tier2.empty,Idle,2
3554,110280.6512,54.8099,audit.snapshot.camp.summer.tier2.empty,Idle,2
3555,110300.7693,20.1182,audit.snapshot.camp.summer.tier2.empty,Idle,2
3556,110344.1239,43.3545,audit.snapshot.camp.summer.tier2.empty,Idle,2
3557,110396.9605,52.8367,audit.snapshot.camp.summer.tier2.empty,Idle,2
3558,110461.6472,64.6865,audit.snapshot.camp.summer.tier2.empty,Idle,2
3559,110482.4522,20.8051,audit.snapshot.camp.summer.tier2.empty,Idle,2
3560,110523.6736,41.2215,audit.snapshot.camp.summer.tier2.empty,Idle,2
3561,110567.2188,43.5451,audit.snapshot.camp.summer.tier2.empty,Idle,2
3562,110634.9473,67.7286,audit.snapshot.camp.summer.tier2.empty,Idle,2
3563,110664.2009,29.2535,audit.snapshot.camp.summer.tier2.empty,Idle,2
3564,110701.0571,36.8562,audit.snapshot.camp.summer.tier2.empty,Idle,2
3565,110743.9621,42.9051,audit.snapshot.camp.summer.tier2.empty,Idle,2
3566,110812.6693,68.7071,audit.snapshot.camp.summer.tier2.empty,Idle,2
3567,110832.4807,19.8114,audit.snapshot.camp.summer.tier2.empty,Idle,2
3568,110875.986,43.5054,audit.snapshot.camp.summer.tier2.empty,Idle,2
3569,110917.4403,41.4542,audit.snapshot.camp.summer.tier2.empty,Idle,2
3570,110985.1655,67.7252,audit.snapshot.camp.summer.tier2.empty,Idle,2
3571,111028.8242,43.6589,audit.snapshot.camp.summer.tier2.empty,Idle,2
3572,111049.6313,20.8069,audit.snapshot.camp.summer.tier2.empty,Idle,2
3573,111099.4362,49.8048,camp.summer.tier2.solved,Idle,2
3574,111143.1956,43.7596,camp.summer.tier2.solved,Idle,2
3575,111218.9353,75.7395,camp.summer.tier2.solved,Idle,2
3576,111237.9212,18.986,camp.summer.tier2.solved,Idle,2
3577,111277.8258,39.9047,camp.summer.tier2.solved,Idle,2
3578,111346.347,68.5212,camp.summer.tier2.solved,Idle,2
3579,111367.3183,20.9713,camp.summer.tier2.solved,Idle,2
3580,111435.4885,68.1702,camp.summer.tier2.solved,Idle,2
3581,111454.9672,19.4786,camp.summer.tier2.solved,Idle,2
3582,111494.6333,39.6661,camp.summer.tier2.solved,Idle,2
3583,111547.3899,52.7566,camp.summer.tier2.solved,Idle,2
3584,111584.1441,36.7542,camp.summer.tier2.solved,Idle,2
3585,111651.6956,67.5514,camp.summer.tier2.solved,Idle,2
3586,111671.352,19.6566,camp.summer.tier2.solved,Idle,2
3587,111711.9763,40.6242,camp.summer.tier2.solved,Idle,2
3588,111780.3037,68.3274,camp.summer.tier2.solved,Idle,2
3589,111829.0409,48.7374,camp.summer.tier2.solved,Idle,2
3590,111844.7332,15.6847,camp.summer.tier2.solved,Idle,2
3591,111889.3667,44.641,camp.summer.tier2.solved,Idle,2
3592,111933.675,44.3081,camp.summer.tier2.solved,Idle,2
3593,111997.7721,64.0972,camp.summer.tier2.solved,Idle,2
3594,112021.2996,23.5276,camp.summer.tier2.solved,Idle,2
3595,112061.8007,40.5012,camp.summer.tier2.solved,Idle,2
3596,112114.371,52.5701,camp.summer.tier2.solved,Idle,2
3597,112178.2529,63.882,camp.summer.tier2.solved,Idle,2
3598,112207.9115,29.6585,camp.summer.tier2.solved,Idle,2
3599,112239.2088,31.2973,camp.summer.tier2.solved,Idle,2
3600,112282.3798,43.171,camp.summer.tier2.solved,Idle,2
3601,112347.7324,65.3527,camp.summer.tier2.solved,Idle,2
3602,112371.1466,23.4142,camp.summer.tier2.solved,Idle,2
3603,112422.6689,51.5222,camp.summer.tier2.solved,Idle,2
3604,112452.8482,30.1795,camp.summer.tier2.solved,Idle,2
3605,112494.4896,41.6413,camp.summer.tier2.solved,Idle,2
3606,112548.2921,53.8025,camp.summer.tier2.solved,Idle,2
3607,112581.4066,33.1145,camp.summer.tier2.solved,Idle,2
3608,112644.9889,63.5823,camp.summer.tier2.solved,Idle,2
3609,112664.214,19.2251,camp.summer.tier2.solved,Idle,2
3610,112709.4307,45.2167,camp.summer.tier2.solved,Idle,2
3611,112763.1258,53.695,camp.summer.tier2.solved,Idle,2
3612,112828.0769,64.9511,camp.summer.tier2.solved,Idle,2
3613,112844.8587,16.7818,camp.summer.tier2.solved,Idle,2
3614,112885.6002,40.7416,camp.summer.tier2.solved,Idle,2
3615,112922.7301,37.1299,camp.summer.tier2.solved,Idle,2
3616,112995.3037,72.5736,camp.summer.tier2.solved,Idle,2
3617,113041.2493,45.9456,camp.summer.tier2.solved,Idle,2
3618,113059.3358,18.0865,camp.summer.tier2.solved,Idle,2
3619,113100.801,41.4652,camp.summer.tier2.solved,Idle,2
3620,113168.1912,67.3902,camp.summer.tier2.solved,Idle,2
3621,113197.0325,28.8413,camp.summer.tier2.solved,Idle,2
3622,113238.0202,40.9877,camp.summer.tier2.solved,Idle,2
3623,113277.5099,39.4897,camp.summer.tier2.solved,Idle,2
3624,113346.1865,68.6767,camp.summer.tier2.solved,Idle,2
3625,113394.713,48.5263,camp.summer.tier2.solved,Idle,2
3626,113427.5609,32.848,camp.summer.tier2.solved,Idle,2
3627,113461.5549,33.994,camp.summer.tier2.solved,Idle,2
3628,113530.2915,68.7366,camp.summer.tier2.solved,Idle,2
3629,113554.4054,24.1139,camp.summer.tier2.solved,Idle,2
3630,113593.7621,39.3567,camp.summer.tier2.solved,Idle,2
3631,113647.6822,53.92,camp.summer.tier2.solved,Idle,2
3632,113711.3885,63.7064,camp.summer.tier2.solved,Idle,2
3633,113728.1824,16.7939,camp.summer.tier2.solved,Idle,2
3634,113772.4243,44.2419,camp.summer.tier2.solved,Idle,2
3635,113816.1041,43.6797,camp.summer.tier2.solved,Idle,2
3636,113880.9188,64.8147,camp.summer.tier2.solved,Idle,2
3637,113904.5719,23.6532,camp.summer.tier2.solved,Idle,2
3638,113944.3815,39.8097,camp.summer.tier2.solved,Idle,2
3639,113988.4652,44.0836,camp.summer.tier2.solved,Idle,2
3640,114052.8483,64.3831,camp.summer.tier2.solved,Idle,2
3641,114080.532,27.6837,camp.summer.tier2.solved,Idle,2
3642,114117.2631,36.731,camp.summer.tier2.solved,Idle,2
3643,114160.6363,43.3733,camp.summer.tier2.solved,Idle,2
3644,114205.3531,44.7168,camp.summer.tier2.solved,Idle,2
3645,114244.7976,39.4445,camp.summer.tier2.solved,Idle,2
3646,114322.1914,77.3938,camp.summer.tier2.solved,Idle,2
3647,114337.9801,15.7886,camp.summer.tier2.solved,Idle,2
3648,114378.026,40.0459,camp.summer.tier2.solved,Idle,2
3649,114422.4038,44.3779,camp.summer.tier2.solved,Idle,2
3650,114477.7942,55.3904,camp.summer.tier2.solved,Idle,2
3651,114528.0098,50.2156,camp.summer.tier2.solved,Idle,2
3652,114565.8244,37.8146,camp.summer.tier2.solved,Idle,2
3653,114609.1718,43.3474,camp.summer.tier2.solved,Idle,2
3654,114651.0348,41.8629,camp.summer.tier2.solved,Idle,2
3655,114694.2685,43.2338,camp.summer.tier2.solved,Idle,2
3656,114747.0561,52.7876,camp.summer.tier2.solved,Idle,2
3657,114784.3041,37.248,camp.summer.tier2.solved,Idle,2
3658,114827.1562,42.8521,camp.summer.tier2.solved,Idle,2
3659,114880.3965,53.2403,camp.summer.tier2.solved,Idle,2
3660,114929.6914,49.2949,camp.summer.tier2.solved,Idle,2
3661,114979.5867,49.8953,camp.summer.tier2.solved,Idle,2
3662,115021.079,41.4923,camp.summer.tier2.solved,Idle,2
3663,115060.8955,39.8165,camp.summer.tier2.solved,Idle,2
3664,115113.547,52.6514,camp.summer.tier2.solved,Idle,2
3665,115163.6856,50.1386,camp.summer.tier2.solved,Idle,2
3666,115212.8661,49.1806,camp.summer.tier2.solved,Idle,2
3667,115252.6859,39.8198,camp.summer.tier2.solved,Idle,2
3668,115318.6865,66.0006,camp.summer.tier2.solved,Idle,2
3669,115365.1721,46.4856,camp.summer.tier2.solved,Idle,2
3670,115412.2906,47.1182,camp.summer.tier2.solved,Idle,2
3671,115453.2686,40.9783,camp.summer.tier2.solved,Idle,2
3672,115540.0812,86.8126,camp.summer.tier2.solved,Idle,2
3673,115554.9758,14.8946,camp.summer.tier2.solved,Idle,2
3674,115623.5558,68.58,camp.summer.tier2.solved,Idle,2
3675,115637.8372,14.2814,camp.summer.tier2.solved,Idle,2
3676,115677.9802,40.143,camp.summer.tier2.solved,Idle,2
3677,115748.2253,70.2451,camp.summer.tier2.solved,Idle,2
3678,115767.436,19.2105,camp.summer.tier2.solved,Idle,2
3679,115810.3343,42.8985,camp.summer.tier2.solved,Idle,2
3680,115854.6038,44.2695,camp.summer.tier2.solved,Idle,2
3681,115894.7388,40.135,camp.summer.tier2.solved,Idle,2
3682,115940.2415,45.5027,camp.summer.tier2.solved,Idle,2
3683,115998.6683,58.4267,camp.summer.tier2.solved,Idle,2
3684,116045.2297,46.5615,camp.summer.tier2.solved,Idle,2
3685,116098.365,53.1353,camp.summer.tier2.solved,Idle,2
3686,116121.064,22.6988,camp.summer.tier2.solved,Idle,2
3687,116161.2317,40.168,camp.summer.tier2.solved,Idle,2
3688,116205.3684,44.1365,camp.summer.tier2.solved,Idle,2
3689,116274.4843,69.1161,camp.summer.tier2.solved,Idle,2
3690,116289.451,14.9665,camp.summer.tier2.solved,Idle,2
3691,116333.8875,44.4364,camp.summer.tier2.solved,Idle,2
3692,116401.8366,67.9493,camp.summer.tier2.solved,Idle,2
3693,116424.1477,22.3111,route.tier2.camp-menu,Covering,2
3694,116498.8138,74.6661,route.tier2.camp-menu,Covering,2
3695,116536.3007,37.4868,route.tier2.camp-menu,Covering,2
3696,116592.9018,56.6012,route.tier2.camp-menu,Covering,2
3697,116630.4726,37.5707,route.tier2.camp-menu,Covering,2
3698,116679.6674,49.1949,route.tier2.camp-menu,Covering,2
3699,116751.0264,71.359,route.tier2.camp-menu,Covering,2
3700,116802.933,51.9065,route.tier2.camp-menu,Covering,2
3701,116828.0449,25.112,route.tier2.camp-menu,Covering,2
3702,116878.186,50.1411,route.tier2.camp-menu,Covering,2
3703,116926.9042,48.7181,route.tier2.camp-menu,Covering,2
3704,117005.9689,79.0648,route.tier2.camp-menu,Covering,2
3705,117026.2344,20.2655,route.tier2.camp-menu,Covering,2
3706,117076.5739,50.3395,route.tier2.camp-menu,Covering,2
3707,117122.0795,45.5056,route.tier2.camp-menu,Covering,2
3708,117167.5522,45.4727,route.tier2.camp-menu,Covering,2
3709,117245.46,77.9078,route.tier2.camp-menu,Covering,2
3710,117296.8484,51.3884,route.tier2.camp-menu,Covering,2
3711,117326.102,29.2536,route.tier2.camp-menu,Covering,2
3712,117369.1648,43.0627,route.tier2.camp-menu,Covering,2
3713,117436.5755,67.4108,route.tier2.camp-menu,Covering,2
3714,117488.5576,51.9821,route.tier2.camp-menu,Covering,2
3715,117530.772,42.2144,route.tier2.camp-menu,Covering,2
3716,117578.3848,47.6127,route.tier2.camp-menu,Covering,2
3717,117732.2322,153.8476,route.tier2.camp-menu,Covering,2
3718,117771.8439,39.6117,route.tier2.camp-menu,Covering,2
3719,117825.0121,53.1679,route.tier2.camp-menu,Covering,2
3720,117847.4168,22.4048,route.tier2.camp-menu,Covering,2
3721,117888.3849,40.9682,route.tier2.camp-menu,Covering,2
3722,117963.1141,74.7292,route.tier2.camp-menu,Covering,2
3723,118005.6251,42.511,route.tier2.camp-menu,Covering,2
3724,118058.992,53.3668,route.tier2.camp-menu,CoveredLoading,2
3725,118098.0412,39.0494,route.tier2.camp-menu,CoveredLoading,2
3726,118445.1996,347.1583,route.tier2.camp-menu,CoveredLoading,2
3727,119297.879,852.6786,route.tier2.camp-menu,CoveredLoading,2
3728,119322.4487,24.5705,route.tier2.camp-menu,CoveredLoading,2
3729,119359.832,37.3833,route.tier2.camp-menu,CoveredLoading,2
3730,119396.8907,37.0587,route.tier2.camp-menu,CoveredLoading,2
3731,119437.8531,40.9623,route.tier2.camp-menu,CoveredLoading,2
3732,119482.2062,44.3533,route.tier2.camp-menu,CoveredLoading,2
3733,119514.3915,32.1851,route.tier2.camp-menu,CoveredLoading,2
3734,119543.3223,28.9309,route.tier2.camp-menu,CoveredLoading,2
3735,119575.1736,31.8513,route.tier2.camp-menu,CoveredLoading,2
3736,119618.715,43.5413,route.tier2.camp-menu,CoveredLoading,2
3737,119700.5976,81.8825,route.tier2.camp-menu,CoveredLoading,2
3738,119717.5887,16.9913,route.tier2.camp-menu,CoveredLoading,2
3739,119753.5629,35.9742,route.tier2.camp-menu,CoveredLoading,2
3740,119800.6094,47.0464,route.tier2.camp-menu,CoveredLoading,2
3741,119836.074,35.4647,route.tier2.camp-menu,CoveredLoading,2
3742,119865.5117,29.4378,route.tier2.camp-menu,CoveredLoading,2
3743,119886.2803,20.7686,route.tier2.camp-menu,CoveredLoading,2
3744,119926.667,40.3865,route.tier2.camp-menu,CoveredLoading,2
3745,119978.4949,51.828,route.tier2.camp-menu,CoveredLoading,2
3746,120004.256,25.7611,route.tier2.camp-menu,CoveredLoading,2
3747,120044.0923,39.8363,route.tier2.camp-menu,CoveredLoading,2
3748,120075.1505,31.0582,route.tier2.camp-menu,CoveredLoading,2
3749,120115.0642,39.9138,route.tier2.camp-menu,CoveredLoading,2
3750,120143.4973,28.4331,route.tier2.camp-menu,CoveredLoading,2
3751,120173.1634,29.666,route.tier2.camp-menu,CoveredLoading,2
3752,120217.3583,44.1948,route.tier2.camp-menu,CoveredLoading,2
3753,120254.3518,36.9935,route.tier2.camp-menu,CoveredLoading,2
3754,120287.1449,32.793,route.tier2.camp-menu,CoveredLoading,2
3755,120330.8363,43.6917,route.tier2.camp-menu,CoveredLoading,2
3756,120358.7984,27.962,route.tier2.camp-menu,CoveredLoading,2
3757,120405.426,46.6276,route.tier2.camp-menu,CoveredLoading,2
3758,120422.2792,16.8531,route.tier2.camp-menu,CoveredLoading,2
3759,120468.8945,46.6153,route.tier2.camp-menu,CoveredLoading,2
3760,120505.1486,36.2541,route.tier2.camp-menu,CoveredLoading,2
3761,120547.6586,42.5101,route.tier2.camp-menu,CoveredLoading,2
3762,120575.8952,28.2365,route.tier2.camp-menu,CoveredLoading,2
3763,120614.2764,38.3812,route.tier2.camp-menu,CoveredLoading,2
3764,120648.0557,33.7794,route.tier2.camp-menu,CoveredLoading,2
3765,120676.4822,28.4264,route.tier2.camp-menu,CoveredLoading,2
3766,120715.8835,39.4014,route.tier2.camp-menu,CoveredLoading,2
3767,120739.9246,24.0411,route.tier2.camp-menu,CoveredLoading,2
3768,120768.4095,28.4847,route.tier2.camp-menu,CoveredLoading,2
3769,120794.2113,25.802,route.tier2.camp-menu,CoveredLoading,2
3770,120833.3454,39.134,route.tier2.camp-menu,Preparing,2
3771,120867.3769,34.0316,route.tier2.camp-menu,Preparing,2
3772,120888.3363,20.9593,route.tier2.camp-menu,Preparing,2
3773,120926.9151,38.5789,route.tier2.camp-menu,Preparing,2
3774,120957.9842,31.069,route.tier2.camp-menu,Preparing,2
3775,120997.8855,39.9013,route.tier2.camp-menu,Preparing,2
3776,121026.1605,28.2752,route.tier2.camp-menu,Preparing,2
3777,121053.8873,27.7267,route.tier2.camp-menu,Preparing,2
3778,121097.2031,43.3158,route.tier2.camp-menu,Revealing,2
3779,121125.9825,28.7793,route.tier2.camp-menu,Revealing,2
3780,121168.1355,42.1532,route.tier2.camp-menu,Revealing,2
3781,121210.3898,42.2542,route.tier2.camp-menu,Revealing,2
3782,121240.4077,30.0178,route.tier2.camp-menu,Revealing,2
3783,121269.3827,28.9749,route.tier2.camp-menu,Revealing,2
3784,121317.4807,48.0982,route.tier2.camp-menu,Revealing,2
3785,121347.6913,30.2105,route.tier2.camp-menu,Revealing,2
3786,121376.4354,28.7442,route.tier2.camp-menu,Revealing,2
3787,121408.3314,31.896,route.tier2.camp-menu,Revealing,2
3788,121448.6714,40.34,route.tier2.camp-menu,Revealing,2
3789,121480.6553,31.9839,route.tier2.camp-menu,Revealing,2
3790,121500.9625,20.3071,route.tier2.camp-menu,Revealing,2
3791,121542.8904,41.9279,route.tier2.camp-menu,Revealing,2
3792,121571.3381,28.4478,route.tier2.camp-menu,Revealing,2
3793,121615.3101,43.972,route.tier2.camp-menu,Revealing,2
3794,121647.3059,31.9958,route.tier2.camp-menu,Revealing,2
3795,121680.9382,33.6323,route.tier2.camp-menu,Revealing,2
3796,121709.5152,28.5768,route.tier2.camp-menu,Revealing,2
3797,121760.595,51.0801,route.tier2.camp-menu,Revealing,2
3798,121782.5986,22.0035,route.tier2.camp-menu,Revealing,2
3799,121813.7997,31.201,route.tier2.camp-menu,Revealing,2
3800,121835.1218,21.3221,route.tier2.camp-menu,Revealing,2
3801,121872.6075,37.4859,route.tier2.camp-menu,Revealing,2
3802,121906.3393,33.7317,route.tier2.camp-menu,Revealing,2
3803,121941.4508,35.1115,route.tier2.camp-menu,Revealing,2
3804,121987.0546,45.6037,route.tier2.camp-menu,Revealing,2
3805,122012.085,25.0304,route.tier2.camp-menu,Revealing,2
3806,122046.1182,34.0333,route.tier2.camp-menu,Revealing,2
3807,122083.0418,36.9235,route.tier2.camp-menu,Revealing,2
3808,122113.2393,30.1976,route.tier2.camp-menu,Revealing,2
3809,122150.1195,36.88,route.tier2.camp-menu,Revealing,2
3810,122183.2071,33.0877,route.tier2.camp-menu,Revealing,2
3811,122216.341,33.1339,route.tier2.camp-menu,Revealing,2
3812,122249.5052,33.1643,route.tier2.camp-menu,Revealing,2
3813,122282.8355,33.3303,route.tier2.camp-menu,Revealing,2
3814,122316.4295,33.5939,route.tier2.camp-menu,Revealing,2
3815,122349.7341,33.3046,route.tier2.camp-menu,Revealing,2
3816,122382.9188,33.1847,route.tier2.camp-menu,Revealing,2
3817,122429.5082,46.5894,route.tier2.camp-menu,Revealing,2
3818,122450.3533,20.8452,route.tier2.camp-menu,Revealing,2
3819,122484.1199,33.7666,route.tier2.camp-menu,Revealing,2
3820,122518.5185,34.3986,route.tier2.camp-menu,Idle,2
3821,122554.155,35.6363,audit.snapshot.route.tier2.camp-menu.ready,Idle,2
3822,122575.0495,20.8947,audit.snapshot.route.tier2.camp-menu.ready,Idle,2
3823,122606.8871,31.8376,audit.snapshot.route.tier2.camp-menu.ready,Idle,2
3824,122639.0641,32.1769,audit.snapshot.route.tier2.camp-menu.ready,Idle,2
3825,122666.0894,27.0253,audit.snapshot.route.tier2.camp-menu.ready,Idle,2
3826,122690.9899,24.9007,audit.snapshot.route.tier2.camp-menu.ready,Idle,2
3827,122722.8537,31.8638,audit.snapshot.route.tier2.camp-menu.ready,Idle,2
3828,122750.266,27.4121,audit.snapshot.route.tier2.camp-menu.ready,Idle,2
3829,122782.3159,32.05,audit.snapshot.route.tier2.camp-menu.ready,Idle,2
3830,122807.5918,25.276,audit.snapshot.route.tier2.camp-menu.ready,Idle,2
3831,122839.1053,31.5135,audit.snapshot.route.tier2.camp-menu.ready,Idle,2
3832,122866.3754,27.27,audit.snapshot.route.tier2.camp-menu.ready,Idle,2
3833,122894.5304,28.1548,audit.snapshot.route.tier2.camp-menu.ready,Idle,2
3834,122923.3491,28.8188,audit.snapshot.route.tier2.camp-menu.ready,Idle,2
3835,122951.1223,27.7731,audit.snapshot.route.tier2.camp-menu.ready,Idle,2
3836,122982.8847,31.7626,audit.snapshot.route.tier2.camp-menu.ready,Idle,2
3837,123007.7772,24.8926,audit.snapshot.route.tier2.camp-menu.ready,Idle,2
3838,123039.3077,31.5304,audit.snapshot.route.tier2.camp-menu.ready,Idle,2
3839,123067.1374,27.8296,audit.snapshot.route.tier2.camp-menu.ready,Idle,2
3840,123110.0694,42.9321,audit.snapshot.route.tier2.camp-menu.ready,Idle,2
3841,123133.4078,23.3384,audit.snapshot.route.tier2.camp-menu.ready,Idle,2
3842,123160.7524,27.3444,audit.snapshot.route.tier2.camp-menu.ready,Idle,2
3843,123189.0375,28.2851,audit.snapshot.route.tier2.camp-menu.ready,Idle,2
3844,123218.2754,29.2381,audit.snapshot.route.tier2.camp-menu.ready,Idle,2
3845,123249.7955,31.5201,audit.snapshot.route.tier2.camp-menu.ready,Idle,2
3846,123274.0361,24.2406,audit.snapshot.route.tier2.camp-menu.ready,Idle,2
3847,123306.0282,31.992,audit.snapshot.route.tier2.camp-menu.ready,Idle,2
3848,123334.0878,28.0597,audit.snapshot.route.tier2.camp-menu.ready,Idle,2
3849,123361.3407,27.2529,audit.snapshot.route.tier2.camp-menu.ready,Idle,2
3850,123389.6247,28.2841,audit.snapshot.route.tier2.camp-menu.ready,Idle,2
3851,123419.5796,29.9548,route.high.normal.r1.menu-camp,Covering,2
3852,123479.9383,60.3586,route.high.normal.r1.menu-camp,Covering,2
3853,123520.9834,41.045,route.high.normal.r1.menu-camp,Covering,2
3854,123545.8967,24.9136,route.high.normal.r1.menu-camp,Covering,2
3855,123589.137,43.2402,route.high.normal.r1.menu-camp,Covering,2
3856,123622.7516,33.6146,route.high.normal.r1.menu-camp,Covering,2
3857,123656.9261,34.1745,route.high.normal.r1.menu-camp,Covering,2
3858,123692.5678,35.6417,route.high.normal.r1.menu-camp,Covering,2
3859,123734.2608,41.6929,route.high.normal.r1.menu-camp,Covering,2
3860,123761.181,26.9203,route.high.normal.r1.menu-camp,Covering,2
3861,123794.9506,33.7696,route.high.normal.r1.menu-camp,Covering,2
3862,123828.5149,33.5643,route.high.normal.r1.menu-camp,Covering,2
3863,123861.4267,32.9118,route.high.normal.r1.menu-camp,Covering,2
3864,123894.7239,33.2972,route.high.normal.r1.menu-camp,Covering,2
3865,123928.0941,33.3702,route.high.normal.r1.menu-camp,Covering,2
3866,123961.4749,33.3808,route.high.normal.r1.menu-camp,Covering,2
3867,124011.833,50.3581,route.high.normal.r1.menu-camp,Covering,2
3868,124033.5229,21.6898,route.high.normal.r1.menu-camp,Covering,2
3869,124066.8348,33.3121,route.high.normal.r1.menu-camp,Covering,2
3870,124100.3574,33.5225,route.high.normal.r1.menu-camp,Covering,2
3871,124133.9832,33.6258,route.high.normal.r1.menu-camp,Covering,2
3872,124168.2428,34.2596,route.high.normal.r1.menu-camp,Covering,2
3873,124203.1752,34.9324,route.high.normal.r1.menu-camp,Covering,2
3874,124242.8837,39.7084,route.high.normal.r1.menu-camp,Covering,2
3875,124287.9155,45.0319,route.high.normal.r1.menu-camp,Covering,2
3876,124315.2735,27.3579,route.high.normal.r1.menu-camp,Covering,2
3877,124372.1372,56.8638,route.high.normal.r1.menu-camp,Covering,2
3878,124386.1618,14.0245,route.high.normal.r1.menu-camp,Covering,2
3879,124464.8705,78.7088,route.high.normal.r1.menu-camp,Covering,2
3880,124533.3178,68.4471,route.high.normal.r1.menu-camp,Covering,2
3881,124553.6678,20.3502,route.high.normal.r1.menu-camp,Covering,2
3882,124628.2808,74.613,route.high.normal.r1.menu-camp,Covering,2
3883,124666.1978,37.9171,route.high.normal.r1.menu-camp,Covering,2
3884,124678.5643,12.3663,route.high.normal.r1.menu-camp,Covering,2
3885,124718.8222,40.2581,route.high.normal.r1.menu-camp,Covering,2
3886,124748.2818,29.4593,route.high.normal.r1.menu-camp,Covering,2
3887,124790.2222,41.9407,route.high.normal.r1.menu-camp,Covering,2
3888,124814.7643,24.5421,route.high.normal.r1.menu-camp,Covering,2
3889,124843.4339,28.6693,route.high.normal.r1.menu-camp,Covering,2
3890,124875.6383,32.2045,route.high.normal.r1.menu-camp,Covering,2
3891,124917.759,42.1208,route.high.normal.r1.menu-camp,Covering,2
3892,124957.8066,40.0476,route.high.normal.r1.menu-camp,Covering,2
3893,124982.5605,24.754,route.high.normal.r1.menu-camp,Covering,2
3894,125014.5264,31.9658,route.high.normal.r1.menu-camp,CoveredLoading,2
3895,125043.6465,29.1201,route.high.normal.r1.menu-camp,CoveredLoading,2
3896,125280.4223,236.7759,route.high.normal.r1.menu-camp,CoveredLoading,2
3897,126011.2409,730.8186,route.high.normal.r1.menu-camp,CoveredLoading,2
3898,126059.2605,48.0196,route.high.normal.r1.menu-camp,CoveredLoading,2
3899,126109.9567,50.6961,route.high.normal.r1.menu-camp,CoveredLoading,2
3900,126128.1362,18.1795,route.high.normal.r1.menu-camp,CoveredLoading,2
3901,126152.0093,23.8732,route.high.normal.r1.menu-camp,CoveredLoading,2
3902,126203.8391,51.8296,route.high.normal.r1.menu-camp,CoveredLoading,2
3903,126252.9463,49.1073,route.high.normal.r1.menu-camp,CoveredLoading,2
3904,126323.6303,70.684,route.high.normal.r1.menu-camp,CoveredLoading,2
3905,126373.542,49.9117,route.high.normal.r1.menu-camp,CoveredLoading,2
3906,126400.6213,27.0793,route.high.normal.r1.menu-camp,CoveredLoading,2
3907,126499.4552,98.8332,route.high.normal.r1.menu-camp,CoveredLoading,2
3908,126527.3717,27.9172,route.high.normal.r1.menu-camp,CoveredLoading,2
3909,126552.9477,25.576,route.high.normal.r1.menu-camp,CoveredLoading,2
3910,126640.4398,87.4921,route.high.normal.r1.menu-camp,CoveredLoading,2
3911,126690.202,49.762,route.high.normal.r1.menu-camp,CoveredLoading,2
3912,126730.037,39.8352,route.high.normal.r1.menu-camp,CoveredLoading,2
3913,126788.866,58.8289,route.high.normal.r1.menu-camp,CoveredLoading,2
3914,126845.8746,57.0086,route.high.normal.r1.menu-camp,CoveredLoading,2
3915,126886.3155,40.4408,route.high.normal.r1.menu-camp,CoveredLoading,2
3916,126936.1973,49.8819,route.high.normal.r1.menu-camp,CoveredLoading,2
3917,126992.6623,56.4651,route.high.normal.r1.menu-camp,CoveredLoading,2
3918,127063.8018,71.1395,route.high.normal.r1.menu-camp,CoveredLoading,2
3919,127134.2973,70.4955,route.high.normal.r1.menu-camp,CoveredLoading,2
3920,127151.8869,17.5897,route.high.normal.r1.menu-camp,CoveredLoading,2
3921,127204.6062,52.7192,route.high.normal.r1.menu-camp,CoveredLoading,2
3922,127285.272,80.6657,route.high.normal.r1.menu-camp,CoveredLoading,2
3923,127793.8945,508.6226,route.high.normal.r1.menu-camp,CoveredLoading,2
3924,127877.7243,83.8298,route.high.normal.r1.menu-camp,CoveredLoading,2
3925,127892.1376,14.4133,route.high.normal.r1.menu-camp,CoveredLoading,2
3926,127954.9526,62.815,route.high.normal.r1.menu-camp,CoveredLoading,2
3927,127987.1379,32.1853,route.high.normal.r1.menu-camp,CoveredLoading,2
3928,128046.448,59.3102,route.high.normal.r1.menu-camp,CoveredLoading,2
3929,128130.2199,83.7717,route.high.normal.r1.menu-camp,CoveredLoading,2
3930,128153.333,23.1133,route.high.normal.r1.menu-camp,CoveredLoading,2
3931,128204.5791,51.246,route.high.normal.r1.menu-camp,CoveredLoading,2
3932,128293.3363,88.7571,route.high.normal.r1.menu-camp,CoveredLoading,2
3933,128316.0661,22.7299,route.high.normal.r1.menu-camp,Preparing,2
3934,128362.4211,46.355,route.high.normal.r1.menu-camp,Preparing,2
3935,128421.3584,58.9373,route.high.normal.r1.menu-camp,Preparing,2
3936,128493.7774,72.419,route.high.normal.r1.menu-camp,Preparing,2
3937,128517.6601,23.8827,route.high.normal.r1.menu-camp,Preparing,2
3938,128567.6125,49.9524,route.high.normal.r1.menu-camp,Preparing,2
3939,128615.8141,48.2016,route.high.normal.r1.menu-camp,Revealing,2
3940,128702.5613,86.7472,route.high.normal.r1.menu-camp,Revealing,2
3941,128728.5067,25.9453,route.high.normal.r1.menu-camp,Revealing,2
3942,128772.7508,44.2442,route.high.normal.r1.menu-camp,Revealing,2
3943,128845.3739,72.6231,route.high.normal.r1.menu-camp,Revealing,2
3944,128910.386,65.0121,route.high.normal.r1.menu-camp,Revealing,2
3945,128934.9506,24.5643,route.high.normal.r1.menu-camp,Revealing,2
3946,128985.1755,50.2251,route.high.normal.r1.menu-camp,Revealing,2
3947,129061.4383,76.2629,route.high.normal.r1.menu-camp,Revealing,2
3948,129111.6957,50.2575,route.high.normal.r1.menu-camp,Revealing,2
3949,129159.1022,47.4064,route.high.normal.r1.menu-camp,Revealing,2
3950,129214.6723,55.5702,route.high.normal.r1.menu-camp,Revealing,2
3951,129252.0997,37.4273,route.high.normal.r1.menu-camp,Revealing,2
3952,129339.1366,87.0369,route.high.normal.r1.menu-camp,Revealing,2
3953,129356.6886,17.552,route.high.normal.r1.menu-camp,Revealing,2
3954,129400.4576,43.7689,route.high.normal.r1.menu-camp,Revealing,2
3955,129473.3621,72.9046,route.high.normal.r1.menu-camp,Revealing,2
3956,129495.9066,22.5444,route.high.normal.r1.menu-camp,Revealing,2
3957,129553.4935,57.587,route.high.normal.r1.menu-camp,Revealing,2
3958,129593.031,39.5375,route.high.normal.r1.menu-camp,Revealing,2
3959,129640.3161,47.2851,route.high.normal.r1.menu-camp,Revealing,2
3960,129697.0821,56.766,route.high.normal.r1.menu-camp,Revealing,2
3961,129716.8285,19.7463,route.high.normal.r1.menu-camp,Revealing,2
3962,129762.1385,45.3101,route.high.normal.r1.menu-camp,Revealing,2
3963,129837.9727,75.8343,route.high.normal.r1.menu-camp,Revealing,2
3964,129884.901,46.9282,route.high.normal.r1.menu-camp,Revealing,2
3965,129905.6191,20.7181,route.high.normal.r1.menu-camp,Revealing,2
3966,129954.6297,49.0107,route.high.normal.r1.menu-camp,Revealing,2
3967,130014.598,59.9682,route.high.normal.r1.menu-camp,Revealing,2
3968,130051.435,36.837,route.high.normal.r1.menu-camp,Idle,2
3969,130101.0432,49.6081,audit.snapshot.route.high.normal.r1.menu-camp.ready,Idle,2
3970,130138.3809,37.3379,audit.snapshot.route.high.normal.r1.menu-camp.ready,Idle,2
3971,130205.4614,67.0802,audit.snapshot.route.high.normal.r1.menu-camp.ready,Idle,2
3972,130230.3787,24.9174,audit.snapshot.route.high.normal.r1.menu-camp.ready,Idle,2
3973,130265.87,35.4914,audit.snapshot.route.high.normal.r1.menu-camp.ready,Idle,2
3974,130309.0506,43.1806,audit.snapshot.route.high.normal.r1.menu-camp.ready,Idle,2
3975,130362.0424,52.9918,audit.snapshot.route.high.normal.r1.menu-camp.ready,Idle,2
3976,130411.314,49.2716,audit.snapshot.route.high.normal.r1.menu-camp.ready,Idle,2
3977,130445.1173,33.8033,audit.snapshot.route.high.normal.r1.menu-camp.ready,Idle,2
3978,130488.4392,43.3219,audit.snapshot.route.high.normal.r1.menu-camp.ready,Idle,2
3979,130556.3187,67.8795,audit.snapshot.route.high.normal.r1.menu-camp.ready,Idle,2
3980,130580.5721,24.2533,audit.snapshot.route.high.normal.r1.menu-camp.ready,Idle,2
3981,130615.8998,35.3278,audit.snapshot.route.high.normal.r1.menu-camp.ready,Idle,2
3982,130659.725,43.8252,audit.snapshot.route.high.normal.r1.menu-camp.ready,Idle,2
3983,130719.2894,59.5644,audit.snapshot.route.high.normal.r1.menu-camp.ready,Idle,2
3984,130772.3892,53.0998,audit.snapshot.route.high.normal.r1.menu-camp.ready,Idle,2
3985,130788.4928,16.1036,audit.snapshot.route.high.normal.r1.menu-camp.ready,Idle,2
3986,130828.9058,40.413,audit.snapshot.route.high.normal.r1.menu-camp.ready,Idle,2
3987,130897.7972,68.8913,audit.snapshot.route.high.normal.r1.menu-camp.ready,Idle,2
3988,130944.8911,47.0941,audit.snapshot.route.high.normal.r1.menu-camp.ready,Idle,2
3989,130963.4333,18.5421,route.high.normal.r1.camp-menu,Covering,2
3990,131023.1256,59.6922,route.high.normal.r1.camp-menu,Covering,2
3991,131087.0342,63.9087,route.high.normal.r1.camp-menu,Covering,2
3992,131111.0626,24.0282,route.high.normal.r1.camp-menu,Covering,2
3993,131168.8233,57.7609,route.high.normal.r1.camp-menu,Covering,2
3994,131215.7446,46.9213,route.high.normal.r1.camp-menu,Covering,2
3995,131296.76,81.0154,route.high.normal.r1.camp-menu,Covering,2
3996,131322.1877,25.4277,route.high.normal.r1.camp-menu,Covering,2
3997,131374.3555,52.1678,route.high.normal.r1.camp-menu,Covering,2
3998,131412.4212,38.0657,route.high.normal.r1.camp-menu,Covering,2
3999,131490.3352,77.9139,route.high.normal.r1.camp-menu,Covering,2
4000,131509.4971,19.1621,route.high.normal.r1.camp-menu,Covering,2
4001,131588.2794,78.7822,route.high.normal.r1.camp-menu,Covering,2
4002,131600.445,12.1655,route.high.normal.r1.camp-menu,Covering,2
4003,131674.1668,73.7219,route.high.normal.r1.camp-menu,Covering,2
4004,131694.5877,20.4209,route.high.normal.r1.camp-menu,Covering,2
4005,131754.6722,60.0845,route.high.normal.r1.camp-menu,Covering,2
4006,131793.7076,39.0354,route.high.normal.r1.camp-menu,Covering,2
4007,131879.5215,85.8139,route.high.normal.r1.camp-menu,Covering,2
4008,131903.1455,23.6239,route.high.normal.r1.camp-menu,Covering,2
4009,131960.1147,56.9694,route.high.normal.r1.camp-menu,Covering,2
4010,132038.4812,78.3664,route.high.normal.r1.camp-menu,Covering,2
4011,132078.9942,40.513,route.high.normal.r1.camp-menu,Covering,2
4012,132123.66,44.6658,route.high.normal.r1.camp-menu,Covering,2
4013,132154.0023,30.3421,route.high.normal.r1.camp-menu,Covering,2
4014,132210.2178,56.2156,route.high.normal.r1.camp-menu,Covering,2
4015,132246.7216,36.5038,route.high.normal.r1.camp-menu,Covering,2
4016,132312.3239,65.6024,route.high.normal.r1.camp-menu,Covering,2
4017,132336.4538,24.13,route.high.normal.r1.camp-menu,Covering,2
4018,132449.0478,112.5937,route.high.normal.r1.camp-menu,Covering,2
4019,132504.7224,55.6748,route.high.normal.r1.camp-menu,Covering,2
4020,132560.8653,56.1429,route.high.normal.r1.camp-menu,Covering,2
4021,132573.0816,12.2163,route.high.normal.r1.camp-menu,CoveredLoading,2
4022,132639.7132,66.6316,route.high.normal.r1.camp-menu,CoveredLoading,2
4023,132964.8921,325.1789,route.high.normal.r1.camp-menu,CoveredLoading,2
4024,133976.2496,1011.3576,route.high.normal.r1.camp-menu,CoveredLoading,2
4025,134029.8178,53.5681,route.high.normal.r1.camp-menu,CoveredLoading,2
4026,134045.417,15.5992,route.high.normal.r1.camp-menu,CoveredLoading,2
4027,134084.1557,38.7387,route.high.normal.r1.camp-menu,CoveredLoading,2
4028,134136.3796,52.2239,route.high.normal.r1.camp-menu,CoveredLoading,2
4029,134165.0041,28.6246,route.high.normal.r1.camp-menu,CoveredLoading,2
4030,134194.1086,29.1044,route.high.normal.r1.camp-menu,CoveredLoading,2
4031,134225.4241,31.3155,route.high.normal.r1.camp-menu,CoveredLoading,2
4032,134265.9753,40.5513,route.high.normal.r1.camp-menu,CoveredLoading,2
4033,134297.8049,31.8295,route.high.normal.r1.camp-menu,CoveredLoading,2
4034,134361.4295,63.6243,route.high.normal.r1.camp-menu,CoveredLoading,2
4035,134373.6462,12.217,route.high.normal.r1.camp-menu,CoveredLoading,2
4036,134428.5168,54.8706,route.high.normal.r1.camp-menu,CoveredLoading,2
4037,134453.5605,25.0436,route.high.normal.r1.camp-menu,CoveredLoading,2
4038,134497.6408,44.0804,route.high.normal.r1.camp-menu,CoveredLoading,2
4039,134526.4133,28.7725,route.high.normal.r1.camp-menu,CoveredLoading,2
4040,134554.3954,27.9821,route.high.normal.r1.camp-menu,CoveredLoading,2
4041,134598.3445,43.9491,route.high.normal.r1.camp-menu,CoveredLoading,2
4042,134626.4959,28.1515,route.high.normal.r1.camp-menu,CoveredLoading,2
4043,134653.3997,26.9036,route.high.normal.r1.camp-menu,CoveredLoading,2
4044,134698.6871,45.2876,route.high.normal.r1.camp-menu,CoveredLoading,2
4045,134726.3969,27.7097,route.high.normal.r1.camp-menu,CoveredLoading,2
4046,134754.8787,28.4816,route.high.normal.r1.camp-menu,CoveredLoading,2
4047,134784.8115,29.933,route.high.normal.r1.camp-menu,CoveredLoading,2
4048,134822.3578,37.5463,route.high.normal.r1.camp-menu,CoveredLoading,2
4049,134859.8056,37.4479,route.high.normal.r1.camp-menu,CoveredLoading,2
4050,134887.7273,27.9216,route.high.normal.r1.camp-menu,CoveredLoading,2
4051,134931.4028,43.6755,route.high.normal.r1.camp-menu,CoveredLoading,2
4052,134957.1124,25.7096,route.high.normal.r1.camp-menu,CoveredLoading,2
4053,135003.1341,46.0217,route.high.normal.r1.camp-menu,CoveredLoading,2
4054,135042.9094,39.7753,route.high.normal.r1.camp-menu,CoveredLoading,2
4055,135081.938,39.0285,route.high.normal.r1.camp-menu,CoveredLoading,2
4056,135109.9458,28.0078,route.high.normal.r1.camp-menu,CoveredLoading,2
4057,135137.9503,28.0045,route.high.normal.r1.camp-menu,CoveredLoading,2
4058,135180.9566,43.0064,route.high.normal.r1.camp-menu,CoveredLoading,2
4059,135208.9534,27.9968,route.high.normal.r1.camp-menu,CoveredLoading,2
4060,135247.8494,38.8961,route.high.normal.r1.camp-menu,CoveredLoading,2
4061,135275.681,27.8315,route.high.normal.r1.camp-menu,CoveredLoading,2
4062,135320.8272,45.1462,route.high.normal.r1.camp-menu,CoveredLoading,2
4063,135360.1275,39.3003,route.high.normal.r1.camp-menu,CoveredLoading,2
4064,135388.1521,28.0244,route.high.normal.r1.camp-menu,CoveredLoading,2
4065,135431.2941,43.1422,route.high.normal.r1.camp-menu,CoveredLoading,2
4066,135458.7632,27.4691,route.high.normal.r1.camp-menu,CoveredLoading,2
4067,135499.687,40.9238,route.high.normal.r1.camp-menu,Preparing,2
4068,135541.5048,41.8178,route.high.normal.r1.camp-menu,Preparing,2
4069,135564.3691,22.8643,route.high.normal.r1.camp-menu,Preparing,2
4070,135592.9478,28.5787,route.high.normal.r1.camp-menu,Preparing,2
4071,135620.6619,27.714,route.high.normal.r1.camp-menu,Preparing,2
4072,135664.1867,43.525,route.high.normal.r1.camp-menu,Preparing,2
4073,135692.8407,28.6539,route.high.normal.r1.camp-menu,Preparing,2
4074,135720.302,27.4612,route.high.normal.r1.camp-menu,Preparing,2
4075,135760.0896,39.7877,route.high.normal.r1.camp-menu,Revealing,2
4076,135791.1938,31.1042,route.high.normal.r1.camp-menu,Revealing,2
4077,135830.9669,39.7731,route.high.normal.r1.camp-menu,Revealing,2
4078,135860.5886,29.6217,route.high.normal.r1.camp-menu,Revealing,2
4079,135896.8899,36.3013,route.high.normal.r1.camp-menu,Revealing,2
4080,135932.038,35.1482,route.high.normal.r1.camp-menu,Revealing,2
4081,135960.9759,28.9379,route.high.normal.r1.camp-menu,Revealing,2
4082,135992.5949,31.6189,route.high.normal.r1.camp-menu,Revealing,2
4083,136021.2088,28.614,route.high.normal.r1.camp-menu,Revealing,2
4084,136064.4408,43.232,route.high.normal.r1.camp-menu,Revealing,2
4085,136092.8152,28.3744,route.high.normal.r1.camp-menu,Revealing,2
4086,136121.2298,28.4145,route.high.normal.r1.camp-menu,Revealing,2
4087,136151.8928,30.663,route.high.normal.r1.camp-menu,Revealing,2
4088,136187.4192,35.5264,route.high.normal.r1.camp-menu,Revealing,2
4089,136227.3591,39.94,route.high.normal.r1.camp-menu,Revealing,2
4090,136258.9517,31.5922,route.high.normal.r1.camp-menu,Revealing,2
4091,136299.0302,40.0788,route.high.normal.r1.camp-menu,Revealing,2
4092,136331.3282,32.2979,route.high.normal.r1.camp-menu,Revealing,2
4093,136359.5893,28.2612,route.high.normal.r1.camp-menu,Revealing,2
4094,136387.0447,27.4554,route.high.normal.r1.camp-menu,Revealing,2
4095,136426.0771,39.0324,route.high.normal.r1.camp-menu,Revealing,2
4096,136452.6272,26.55,route.high.normal.r1.camp-menu,Revealing,2
4097,136490.4309,37.8038,route.high.normal.r1.camp-menu,Revealing,2
4098,136524.6759,34.245,route.high.normal.r1.camp-menu,Revealing,2
4099,136573.3245,48.6486,route.high.normal.r1.camp-menu,Revealing,2
4100,136594.2882,20.9635,route.high.normal.r1.camp-menu,Revealing,2
4101,136624.2455,29.9575,route.high.normal.r1.camp-menu,Revealing,2
4102,136651.4937,27.2481,route.high.normal.r1.camp-menu,Revealing,2
4103,136684.6825,33.1889,route.high.normal.r1.camp-menu,Revealing,2
4104,136717.2028,32.5202,route.high.normal.r1.camp-menu,Revealing,2
4105,136748.1658,30.9631,route.high.normal.r1.camp-menu,Revealing,2
4106,136779.4607,31.2949,route.high.normal.r1.camp-menu,Revealing,2
4107,136829.4599,49.9992,route.high.normal.r1.camp-menu,Revealing,2
4108,136850.8865,21.4265,route.high.normal.r1.camp-menu,Revealing,2
4109,136883.6431,32.7566,route.high.normal.r1.camp-menu,Revealing,2
4110,136916.9123,33.2692,route.high.normal.r1.camp-menu,Revealing,2
4111,136946.3785,29.4662,route.high.normal.r1.camp-menu,Revealing,2
4112,136983.5662,37.1878,route.high.normal.r1.camp-menu,Revealing,2
4113,137013.1091,29.5429,route.high.normal.r1.camp-menu,Revealing,2
4114,137050.1412,37.032,route.high.normal.r1.camp-menu,Revealing,2
4115,137079.2195,29.0784,route.high.normal.r1.camp-menu,Revealing,2
4116,137128.937,49.7175,route.high.normal.r1.camp-menu,Revealing,2
4117,137154.0845,25.1471,route.high.normal.r1.camp-menu,Idle,2
4118,137190.3726,36.2885,audit.snapshot.route.high.normal.r1.camp-menu.ready,Idle,2
4119,137212.0663,21.6938,audit.snapshot.route.high.normal.r1.camp-menu.ready,Idle,2
4120,137240.0837,28.0173,audit.snapshot.route.high.normal.r1.camp-menu.ready,Idle,2
4121,137268.5766,28.4928,audit.snapshot.route.high.normal.r1.camp-menu.ready,Idle,2
4122,137299.3732,30.7966,audit.snapshot.route.high.normal.r1.camp-menu.ready,Idle,2
4123,137323.6508,24.2777,audit.snapshot.route.high.normal.r1.camp-menu.ready,Idle,2
4124,137352.4599,28.8091,audit.snapshot.route.high.normal.r1.camp-menu.ready,Idle,2
4125,137383.2548,30.7948,audit.snapshot.route.high.normal.r1.camp-menu.ready,Idle,2
4126,137410.4157,27.161,audit.snapshot.route.high.normal.r1.camp-menu.ready,Idle,2
4127,137439.0273,28.6115,audit.snapshot.route.high.normal.r1.camp-menu.ready,Idle,2
4128,137466.7186,27.6914,audit.snapshot.route.high.normal.r1.camp-menu.ready,Idle,2
4129,137493.9669,27.2482,audit.snapshot.route.high.normal.r1.camp-menu.ready,Idle,2
4130,137522.5869,28.6201,audit.snapshot.route.high.normal.r1.camp-menu.ready,Idle,2
4131,137550.0264,27.4395,audit.snapshot.route.high.normal.r1.camp-menu.ready,Idle,2
4132,137577.3428,27.3163,audit.snapshot.route.high.normal.r1.camp-menu.ready,Idle,2
4133,137605.7451,28.4023,audit.snapshot.route.high.normal.r1.camp-menu.ready,Idle,2
4134,137634.9041,29.1591,audit.snapshot.route.high.normal.r1.camp-menu.ready,Idle,2
4135,137666.0001,31.096,audit.snapshot.route.high.normal.r1.camp-menu.ready,Idle,2
4136,137690.3431,24.3431,audit.snapshot.route.high.normal.r1.camp-menu.ready,Idle,2
4137,137718.2389,27.8957,audit.snapshot.route.high.normal.r1.camp-menu.ready,Idle,2
4138,137750.4051,32.1662,route.high.reduced.r1.menu-camp,Covering,2
4139,137780.863,30.4578,route.high.reduced.r1.menu-camp,Covering,2
4140,137817.6844,36.8215,route.high.reduced.r1.menu-camp,Covering,2
4141,137844.1029,26.4186,route.high.reduced.r1.menu-camp,Covering,2
4142,137877.5844,33.4813,route.high.reduced.r1.menu-camp,Covering,2
4143,137906.1564,28.572,route.high.reduced.r1.menu-camp,CoveredLoading,2
4144,137934.4182,28.2619,route.high.reduced.r1.menu-camp,CoveredLoading,2
4145,138175.6909,241.2728,route.high.reduced.r1.menu-camp,CoveredLoading,2
4146,138891.8083,716.1171,route.high.reduced.r1.menu-camp,CoveredLoading,2
4147,138926.9741,35.166,route.high.reduced.r1.menu-camp,CoveredLoading,2
4148,138967.3068,40.3327,route.high.reduced.r1.menu-camp,CoveredLoading,2
4149,138981.6624,14.3555,route.high.reduced.r1.menu-camp,CoveredLoading,2
4150,139016.055,34.3927,route.high.reduced.r1.menu-camp,CoveredLoading,2
4151,139062.789,46.734,route.high.reduced.r1.menu-camp,CoveredLoading,2
4152,139095.1608,32.3717,route.high.reduced.r1.menu-camp,CoveredLoading,2
4153,139122.5583,27.3976,route.high.reduced.r1.menu-camp,CoveredLoading,2
4154,139180.0482,57.4899,route.high.reduced.r1.menu-camp,CoveredLoading,2
4155,139193.6246,13.5765,route.high.reduced.r1.menu-camp,CoveredLoading,2
4156,139265.8715,72.2465,route.high.reduced.r1.menu-camp,CoveredLoading,2
4157,139285.3755,19.5043,route.high.reduced.r1.menu-camp,CoveredLoading,2
4158,139324.8046,39.4291,route.high.reduced.r1.menu-camp,CoveredLoading,2
4159,139354.6353,29.8307,route.high.reduced.r1.menu-camp,CoveredLoading,2
4160,139404.1808,49.5455,route.high.reduced.r1.menu-camp,CoveredLoading,2
4161,139438.3219,34.1412,route.high.reduced.r1.menu-camp,CoveredLoading,2
4162,139487.2982,48.9762,route.high.reduced.r1.menu-camp,CoveredLoading,2
4163,139537.8593,50.5611,route.high.reduced.r1.menu-camp,CoveredLoading,2
4164,139579.9333,42.074,route.high.reduced.r1.menu-camp,CoveredLoading,2
4165,139629.2164,49.2832,route.high.reduced.r1.menu-camp,CoveredLoading,2
4166,139663.1056,33.8891,route.high.reduced.r1.menu-camp,CoveredLoading,2
4167,139698.8696,35.7639,route.high.reduced.r1.menu-camp,CoveredLoading,2
4168,139728.5241,29.6546,route.high.reduced.r1.menu-camp,CoveredLoading,2
4169,139771.5213,42.9972,route.high.reduced.r1.menu-camp,CoveredLoading,2
4170,139830.2872,58.7658,route.high.reduced.r1.menu-camp,CoveredLoading,2
4171,139872.5516,42.2642,route.high.reduced.r1.menu-camp,CoveredLoading,2
4172,139886.4277,13.8763,route.high.reduced.r1.menu-camp,CoveredLoading,2
4173,139930.1299,43.7022,route.high.reduced.r1.menu-camp,CoveredLoading,2
4174,139978.0079,47.878,route.high.reduced.r1.menu-camp,CoveredLoading,2
4175,140007.4468,29.439,route.high.reduced.r1.menu-camp,CoveredLoading,2
4176,140038.3707,30.9236,route.high.reduced.r1.menu-camp,CoveredLoading,2
4177,140077.3876,39.0172,route.high.reduced.r1.menu-camp,CoveredLoading,2
4178,140145.044,67.6564,route.high.reduced.r1.menu-camp,CoveredLoading,2
4179,140193.7762,48.7323,route.high.reduced.r1.menu-camp,CoveredLoading,2
4180,140213.9182,20.1419,route.high.reduced.r1.menu-camp,CoveredLoading,2
4181,140250.065,36.1467,route.high.reduced.r1.menu-camp,CoveredLoading,2
4182,140316.3816,66.3167,route.high.reduced.r1.menu-camp,Preparing,2
4183,140345.7887,29.4071,route.high.reduced.r1.menu-camp,Preparing,2
4184,140383.9329,38.1442,route.high.reduced.r1.menu-camp,Revealing,2
4185,140451.1775,67.2445,route.high.reduced.r1.menu-camp,Revealing,2
4186,140490.4726,39.2952,route.high.reduced.r1.menu-camp,Revealing,2
4187,140539.2633,48.7907,route.high.reduced.r1.menu-camp,Revealing,2
4188,140563.7373,24.474,route.high.reduced.r1.menu-camp,Idle,2
4189,140607.9029,44.1656,audit.snapshot.route.high.reduced.r1.menu-camp.ready,Idle,2
4190,140665.5286,57.6257,audit.snapshot.route.high.reduced.r1.menu-camp.ready,Idle,2
4191,140696.0703,30.5417,audit.snapshot.route.high.reduced.r1.menu-camp.ready,Idle,2
4192,140760.0417,63.9714,audit.snapshot.route.high.reduced.r1.menu-camp.ready,Idle,2
4193,140775.9549,15.9132,audit.snapshot.route.high.reduced.r1.menu-camp.ready,Idle,2
4194,140837.0767,61.1217,audit.snapshot.route.high.reduced.r1.menu-camp.ready,Idle,2
4195,140890.0106,52.9339,audit.snapshot.route.high.reduced.r1.menu-camp.ready,Idle,2
4196,140943.008,52.9975,audit.snapshot.route.high.reduced.r1.menu-camp.ready,Idle,2
4197,140957.7302,14.7222,audit.snapshot.route.high.reduced.r1.menu-camp.ready,Idle,2
4198,141011.9611,54.2309,audit.snapshot.route.high.reduced.r1.menu-camp.ready,Idle,2
4199,141043.9615,32.0005,audit.snapshot.route.high.reduced.r1.menu-camp.ready,Idle,2
4200,141076.939,32.9774,audit.snapshot.route.high.reduced.r1.menu-camp.ready,Idle,2
4201,141117.8405,40.9014,audit.snapshot.route.high.reduced.r1.menu-camp.ready,Idle,2
4202,141180.7405,62.9,audit.snapshot.route.high.reduced.r1.menu-camp.ready,Idle,2
4203,141229.2738,48.5334,audit.snapshot.route.high.reduced.r1.menu-camp.ready,Idle,2
4204,141254.7976,25.5238,audit.snapshot.route.high.reduced.r1.menu-camp.ready,Idle,2
4205,141284.1573,29.3596,audit.snapshot.route.high.reduced.r1.menu-camp.ready,Idle,2
4206,141346.9975,62.8402,audit.snapshot.route.high.reduced.r1.menu-camp.ready,Idle,2
4207,141378.2447,31.2472,audit.snapshot.route.high.reduced.r1.menu-camp.ready,Idle,2
4208,141440.6084,62.3638,audit.snapshot.route.high.reduced.r1.menu-camp.ready,Idle,2
4209,141457.8542,17.2458,route.high.reduced.r1.camp-menu,Covering,2
4210,141524.4237,66.5694,route.high.reduced.r1.camp-menu,Covering,2
4211,141575.6576,51.234,route.high.reduced.r1.camp-menu,Covering,2
4212,141609.6158,33.9583,route.high.reduced.r1.camp-menu,Covering,2
4213,141645.4287,35.8127,route.high.reduced.r1.camp-menu,CoveredLoading,2
4214,141713.4455,68.0169,route.high.reduced.r1.camp-menu,CoveredLoading,2
4215,142014.3369,300.8914,route.high.reduced.r1.camp-menu,CoveredLoading,2
4216,142927.9071,913.57,route.high.reduced.r1.camp-menu,CoveredLoading,2
4217,142953.7702,25.8633,route.high.reduced.r1.camp-menu,CoveredLoading,2
4218,142983.9985,30.2283,route.high.reduced.r1.camp-menu,CoveredLoading,2
4219,143009.5408,25.5423,route.high.reduced.r1.camp-menu,CoveredLoading,2
4220,143039.3768,29.836,route.high.reduced.r1.camp-menu,CoveredLoading,2
4221,143067.4857,28.1088,route.high.reduced.r1.camp-menu,CoveredLoading,2
4222,143100.3929,32.9073,route.high.reduced.r1.camp-menu,CoveredLoading,2
4223,143124.7746,24.3818,route.high.reduced.r1.camp-menu,CoveredLoading,2
4224,143156.4205,31.6457,route.high.reduced.r1.camp-menu,CoveredLoading,2
4225,143184.6742,28.2536,route.high.reduced.r1.camp-menu,CoveredLoading,2
4226,143244.3764,59.7021,route.high.reduced.r1.camp-menu,CoveredLoading,2
4227,143257.6862,13.3101,route.high.reduced.r1.camp-menu,CoveredLoading,2
4228,143284.3498,26.6635,route.high.reduced.r1.camp-menu,CoveredLoading,2
4229,143311.0533,26.7036,route.high.reduced.r1.camp-menu,CoveredLoading,2
4230,143339.5288,28.4755,route.high.reduced.r1.camp-menu,CoveredLoading,2
4231,143367.6492,28.1203,route.high.reduced.r1.camp-menu,CoveredLoading,2
4232,143408.9767,41.3275,route.high.reduced.r1.camp-menu,CoveredLoading,2
4233,143434.4741,25.4974,route.high.reduced.r1.camp-menu,CoveredLoading,2
4234,143456.6722,22.1982,route.high.reduced.r1.camp-menu,CoveredLoading,2
4235,143485.5729,28.9004,route.high.reduced.r1.camp-menu,CoveredLoading,2
4236,143516.6558,31.083,route.high.reduced.r1.camp-menu,CoveredLoading,2
4237,143540.5136,23.858,route.high.reduced.r1.camp-menu,CoveredLoading,2
4238,143568.8887,28.375,route.high.reduced.r1.camp-menu,CoveredLoading,2
4239,143596.1799,27.2913,route.high.reduced.r1.camp-menu,CoveredLoading,2
4240,143640.6454,44.4655,route.high.reduced.r1.camp-menu,CoveredLoading,2
4241,143651.8105,11.165,route.high.reduced.r1.camp-menu,CoveredLoading,2
4242,143678.2676,26.4572,route.high.reduced.r1.camp-menu,CoveredLoading,2
4243,143706.4397,28.1721,route.high.reduced.r1.camp-menu,CoveredLoading,2
4244,143734.8204,28.3807,route.high.reduced.r1.camp-menu,CoveredLoading,2
4245,143761.8362,27.0158,route.high.reduced.r1.camp-menu,CoveredLoading,2
4246,143789.7645,27.9283,route.high.reduced.r1.camp-menu,CoveredLoading,2
4247,143817.9485,28.1839,route.high.reduced.r1.camp-menu,CoveredLoading,2
4248,143844.8305,26.8822,route.high.reduced.r1.camp-menu,CoveredLoading,2
4249,143868.2619,23.4313,route.high.reduced.r1.camp-menu,CoveredLoading,2
4250,143893.7953,25.5335,route.high.reduced.r1.camp-menu,CoveredLoading,2
4251,143922.5175,28.7221,route.high.reduced.r1.camp-menu,CoveredLoading,2
4252,143950.2598,27.7423,route.high.reduced.r1.camp-menu,CoveredLoading,2
4253,143990.22,39.9603,route.high.reduced.r1.camp-menu,CoveredLoading,2
4254,144032.5881,42.368,route.high.reduced.r1.camp-menu,CoveredLoading,2
4255,144044.3443,11.7562,route.high.reduced.r1.camp-menu,CoveredLoading,2
4256,144075.5852,31.2409,route.high.reduced.r1.camp-menu,CoveredLoading,2
4257,144098.7613,23.1761,route.high.reduced.r1.camp-menu,CoveredLoading,2
4258,144123.3874,24.626,route.high.reduced.r1.camp-menu,CoveredLoading,2
4259,144152.0485,28.6611,route.high.reduced.r1.camp-menu,Preparing,2
4260,144185.995,33.9465,route.high.reduced.r1.camp-menu,Preparing,2
4261,144213.9535,27.9586,route.high.reduced.r1.camp-menu,Preparing,2
4262,144233.1777,19.224,route.high.reduced.r1.camp-menu,Revealing,2
4263,144265.9706,32.7929,route.high.reduced.r1.camp-menu,Revealing,2
4264,144292.5623,26.5917,route.high.reduced.r1.camp-menu,Revealing,2
4265,144321.6574,29.0953,route.high.reduced.r1.camp-menu,Revealing,2
4266,144349.7362,28.0788,route.high.reduced.r1.camp-menu,Revealing,2
4267,144376.7538,27.0174,route.high.reduced.r1.camp-menu,Revealing,2
4268,144408.9583,32.2047,route.high.reduced.r1.camp-menu,Revealing,2
4269,144438.3112,29.3529,route.high.reduced.r1.camp-menu,Idle,2
4270,144469.7251,31.4139,audit.snapshot.route.high.reduced.r1.camp-menu.ready,Idle,2
4271,144489.6067,19.8816,audit.snapshot.route.high.reduced.r1.camp-menu.ready,Idle,2
4272,144518.1308,28.5241,audit.snapshot.route.high.reduced.r1.camp-menu.ready,Idle,2
4273,144544.8779,26.7471,audit.snapshot.route.high.reduced.r1.camp-menu.ready,Idle,2
4274,144580.7419,35.864,audit.snapshot.route.high.reduced.r1.camp-menu.ready,Idle,2
4275,144600.3798,19.6379,audit.snapshot.route.high.reduced.r1.camp-menu.ready,Idle,2
4276,144624.3126,23.9329,audit.snapshot.route.high.reduced.r1.camp-menu.ready,Idle,2
4277,144653.6505,29.3378,audit.snapshot.route.high.reduced.r1.camp-menu.ready,Idle,2
4278,144682.7191,29.0686,audit.snapshot.route.high.reduced.r1.camp-menu.ready,Idle,2
4279,144706.3001,23.5808,audit.snapshot.route.high.reduced.r1.camp-menu.ready,Idle,2
4280,144734.4052,28.1053,audit.snapshot.route.high.reduced.r1.camp-menu.ready,Idle,2
4281,144761.0285,26.6233,audit.snapshot.route.high.reduced.r1.camp-menu.ready,Idle,2
4282,144805.5919,44.5632,audit.snapshot.route.high.reduced.r1.camp-menu.ready,Idle,2
4283,144816.4282,10.8365,audit.snapshot.route.high.reduced.r1.camp-menu.ready,Idle,2
4284,144840.3877,23.9593,audit.snapshot.route.high.reduced.r1.camp-menu.ready,Idle,2
4285,144869.578,29.1905,audit.snapshot.route.high.reduced.r1.camp-menu.ready,Idle,2
4286,144900.2792,30.7012,audit.snapshot.route.high.reduced.r1.camp-menu.ready,Idle,2
4287,144923.8937,23.6144,audit.snapshot.route.high.reduced.r1.camp-menu.ready,Idle,2
4288,144951.8207,27.9271,audit.snapshot.route.high.reduced.r1.camp-menu.ready,Idle,2
4289,144982.6137,30.7929,audit.snapshot.route.high.reduced.r1.camp-menu.ready,Idle,2
4290,145007.5027,24.8892,route.high.normal.r2.menu-camp,Covering,2
4291,145070.4446,62.9418,route.high.normal.r2.menu-camp,Covering,2
4292,145103.4292,32.9845,route.high.normal.r2.menu-camp,Covering,2
4293,145134.1373,30.7082,route.high.normal.r2.menu-camp,Covering,2
4294,145168.0556,33.9182,route.high.normal.r2.menu-camp,Covering,2
4295,145200.319,32.2635,route.high.normal.r2.menu-camp,Covering,2
4296,145245.2903,44.9713,route.high.normal.r2.menu-camp,Covering,2
4297,145269.0097,23.7192,route.high.normal.r2.menu-camp,Covering,2
4298,145308.1172,39.1077,route.high.normal.r2.menu-camp,Covering,2
4299,145335.4525,27.3351,route.high.normal.r2.menu-camp,Covering,2
4300,145371.5909,36.1386,route.high.normal.r2.menu-camp,Covering,2
4301,145401.5376,29.9467,route.high.normal.r2.menu-camp,Covering,2
4302,145431.4456,29.908,route.high.normal.r2.menu-camp,Covering,2
4303,145462.2545,30.8089,route.high.normal.r2.menu-camp,Covering,2
4304,145511.7724,49.5179,route.high.normal.r2.menu-camp,Covering,2
4305,145533.3624,21.5897,route.high.normal.r2.menu-camp,Covering,2
4306,145562.1185,28.7564,route.high.normal.r2.menu-camp,Covering,2
4307,145594.2669,32.1484,route.high.normal.r2.menu-camp,Covering,2
4308,145627.2892,33.0222,route.high.normal.r2.menu-camp,Covering,2
4309,145660.3387,33.0496,route.high.normal.r2.menu-camp,Covering,2
4310,145693.1912,32.8524,route.high.normal.r2.menu-camp,Covering,2
4311,145726.7829,33.5916,route.high.normal.r2.menu-camp,Covering,2
4312,145757.1461,30.3634,route.high.normal.r2.menu-camp,Covering,2
4313,145810.1646,53.0186,route.high.normal.r2.menu-camp,Covering,2
4314,145835.5153,25.3506,route.high.normal.r2.menu-camp,Covering,2
4315,145874.8574,39.3421,route.high.normal.r2.menu-camp,Covering,2
4316,145914.6903,39.833,route.high.normal.r2.menu-camp,Covering,2
4317,145943.2529,28.5625,route.high.normal.r2.menu-camp,Covering,2
4318,145970.237,26.984,route.high.normal.r2.menu-camp,Covering,2
4319,146005.1763,34.9393,route.high.normal.r2.menu-camp,Covering,2
4320,146037.1389,31.9627,route.high.normal.r2.menu-camp,Covering,2
4321,146077.9993,40.8604,route.high.normal.r2.menu-camp,Covering,2
4322,146118.6005,40.6012,route.high.normal.r2.menu-camp,Covering,2
4323,146148.348,29.7475,route.high.normal.r2.menu-camp,Covering,2
4324,146170.1055,21.7575,route.high.normal.r2.menu-camp,Covering,2
4325,146209.8294,39.7239,route.high.normal.r2.menu-camp,Covering,2
4326,146238.1252,28.2957,route.high.normal.r2.menu-camp,Covering,2
4327,146281.068,42.943,route.high.normal.r2.menu-camp,Covering,2
4328,146323.3159,42.2478,route.high.normal.r2.menu-camp,Covering,2
4329,146343.7677,20.4518,route.high.normal.r2.menu-camp,Covering,2
4330,146374.8669,31.0992,route.high.normal.r2.menu-camp,Covering,2
4331,146415.0403,40.1733,route.high.normal.r2.menu-camp,Covering,2
4332,146442.7149,27.6747,route.high.normal.r2.menu-camp,Covering,2
4333,146470.7802,28.0653,route.high.normal.r2.menu-camp,Covering,2
4334,146510.6226,39.8424,route.high.normal.r2.menu-camp,Covering,2
4335,146541.7096,31.087,route.high.normal.r2.menu-camp,Covering,2
4336,146581.1705,39.4609,route.high.normal.r2.menu-camp,Covering,2
4337,146608.2494,27.0788,route.high.normal.r2.menu-camp,CoveredLoading,2
4338,146647.4581,39.2087,route.high.normal.r2.menu-camp,CoveredLoading,2
4339,146872.5964,225.1384,route.high.normal.r2.menu-camp,CoveredLoading,2
4340,147593.5806,720.984,route.high.normal.r2.menu-camp,CoveredLoading,2
4341,147618.8637,25.283,route.high.normal.r2.menu-camp,CoveredLoading,2
4342,147662.4333,43.5699,route.high.normal.r2.menu-camp,CoveredLoading,2
4343,147724.0793,61.646,route.high.normal.r2.menu-camp,CoveredLoading,2
4344,147760.9843,36.9049,route.high.normal.r2.menu-camp,CoveredLoading,2
4345,147800.5309,39.5467,route.high.normal.r2.menu-camp,CoveredLoading,2
4346,147863.9164,63.3855,route.high.normal.r2.menu-camp,CoveredLoading,2
4347,147909.2935,45.3771,route.high.normal.r2.menu-camp,CoveredLoading,2
4348,147946.0845,36.7909,route.high.normal.r2.menu-camp,CoveredLoading,2
4349,147971.9738,25.8893,route.high.normal.r2.menu-camp,CoveredLoading,2
4350,148093.0811,121.1073,route.high.normal.r2.menu-camp,CoveredLoading,2
4351,148133.6756,40.5946,route.high.normal.r2.menu-camp,CoveredLoading,2
4352,148212.7306,79.055,route.high.normal.r2.menu-camp,CoveredLoading,2
4353,148259.9814,47.2508,route.high.normal.r2.menu-camp,CoveredLoading,2
4354,148312.6544,52.673,route.high.normal.r2.menu-camp,CoveredLoading,2
4355,148353.1943,40.54,route.high.normal.r2.menu-camp,CoveredLoading,2
4356,148440.0223,86.8279,route.high.normal.r2.menu-camp,CoveredLoading,2
4357,148467.2155,27.1932,route.high.normal.r2.menu-camp,CoveredLoading,2
4358,148513.2746,46.0591,route.high.normal.r2.menu-camp,CoveredLoading,2
4359,148602.4743,89.1995,route.high.normal.r2.menu-camp,CoveredLoading,2
4360,148619.1095,16.6354,route.high.normal.r2.menu-camp,CoveredLoading,2
4361,148670.8333,51.7236,route.high.normal.r2.menu-camp,CoveredLoading,2
4362,148720.9715,50.1383,route.high.normal.r2.menu-camp,CoveredLoading,2
4363,148796.5358,75.5644,route.high.normal.r2.menu-camp,CoveredLoading,2
4364,148837.7378,41.2019,route.high.normal.r2.menu-camp,CoveredLoading,2
4365,148869.769,32.0312,route.high.normal.r2.menu-camp,CoveredLoading,2
4366,148937.7795,68.0106,route.high.normal.r2.menu-camp,CoveredLoading,2
4367,148975.2256,37.4461,route.high.normal.r2.menu-camp,CoveredLoading,2
4368,149038.0149,62.7893,route.high.normal.r2.menu-camp,CoveredLoading,2
4369,149079.8394,41.8245,route.high.normal.r2.menu-camp,CoveredLoading,2
4370,149137.3202,57.4809,route.high.normal.r2.menu-camp,CoveredLoading,2
4371,149197.6191,60.2988,route.high.normal.r2.menu-camp,CoveredLoading,2
4372,149237.4121,39.7929,route.high.normal.r2.menu-camp,CoveredLoading,2
4373,149271.3021,33.8901,route.high.normal.r2.menu-camp,CoveredLoading,2
4374,149348.3806,77.0785,route.high.normal.r2.menu-camp,CoveredLoading,2
4375,149387.0204,38.6398,route.high.normal.r2.menu-camp,CoveredLoading,2
4376,149458.0261,71.0057,route.high.normal.r2.menu-camp,Preparing,2
4377,149502.5214,44.4953,route.high.normal.r2.menu-camp,Preparing,2
4378,149559.8341,57.3126,route.high.normal.r2.menu-camp,Preparing,2
4379,149617.8843,58.0503,route.high.normal.r2.menu-camp,Preparing,2
4380,149653.6903,35.806,route.high.normal.r2.menu-camp,Preparing,2
4381,149686.7632,33.0728,route.high.normal.r2.menu-camp,Revealing,2
4382,149768.8491,82.086,route.high.normal.r2.menu-camp,Revealing,2
4383,149803.3787,34.5296,route.high.normal.r2.menu-camp,Revealing,2
4384,149863.4906,60.1118,route.high.normal.r2.menu-camp,Revealing,2
4385,149890.0647,26.5742,route.high.normal.r2.menu-camp,Revealing,2
4386,149957.5435,67.4787,route.high.normal.r2.menu-camp,Revealing,2
4387,150012.2535,54.7101,route.high.normal.r2.menu-camp,Revealing,2
4388,150055.3741,43.1206,route.high.normal.r2.menu-camp,Revealing,2
4389,150097.05,41.6759,route.high.normal.r2.menu-camp,Revealing,2
4390,150145.5023,48.4523,route.high.normal.r2.menu-camp,Revealing,2
4391,150183.7668,38.2645,route.high.normal.r2.menu-camp,Revealing,2
4392,150246.3481,62.5809,route.high.normal.r2.menu-camp,Revealing,2
4393,150295.0231,48.6754,route.high.normal.r2.menu-camp,Revealing,2
4394,150356.435,61.4118,route.high.normal.r2.menu-camp,Revealing,2
4395,150413.6863,57.2514,route.high.normal.r2.menu-camp,Revealing,2
4396,150449.689,36.0026,route.high.normal.r2.menu-camp,Revealing,2
4397,150497.0728,47.3839,route.high.normal.r2.menu-camp,Revealing,2
4398,150563.0472,65.9743,route.high.normal.r2.menu-camp,Revealing,2
4399,150597.1698,34.1226,route.high.normal.r2.menu-camp,Revealing,2
4400,150661.7998,64.6301,route.high.normal.r2.menu-camp,Revealing,2
4401,150687.9374,26.1376,route.high.normal.r2.menu-camp,Revealing,2
4402,150745.0697,57.1323,route.high.normal.r2.menu-camp,Revealing,2
4403,150808.6104,63.5407,route.high.normal.r2.menu-camp,Revealing,2
4404,150844.2783,35.6679,route.high.normal.r2.menu-camp,Revealing,2
4405,150895.259,50.9806,route.high.normal.r2.menu-camp,Revealing,2
4406,150963.7389,68.48,route.high.normal.r2.menu-camp,Revealing,2
4407,150997.0166,33.2777,route.high.normal.r2.menu-camp,Revealing,2
4408,151061.7998,64.7832,route.high.normal.r2.menu-camp,Revealing,2
4409,151086.7473,24.9474,route.high.normal.r2.menu-camp,Idle,2
4410,151143.5815,56.8343,audit.snapshot.route.high.normal.r2.menu-camp.ready,Idle,2
4411,151202.4753,58.8937,audit.snapshot.route.high.normal.r2.menu-camp.ready,Idle,2
4412,151229.0188,26.5436,audit.snapshot.route.high.normal.r2.menu-camp.ready,Idle,2
4413,151266.9996,37.9804,audit.snapshot.route.high.normal.r2.menu-camp.ready,Idle,2
4414,151330.7529,63.7536,audit.snapshot.route.high.normal.r2.menu-camp.ready,Idle,2
4415,151362.0977,31.3449,audit.snapshot.route.high.normal.r2.menu-camp.ready,Idle,2
4416,151420.7224,58.6247,audit.snapshot.route.high.normal.r2.menu-camp.ready,Idle,2
4417,151441.9551,21.2326,audit.snapshot.route.high.normal.r2.menu-camp.ready,Idle,2
4418,151491.7574,49.8025,audit.snapshot.route.high.normal.r2.menu-camp.ready,Idle,2
4419,151546.4014,54.6438,audit.snapshot.route.high.normal.r2.menu-camp.ready,Idle,2
4420,151578.2731,31.8718,audit.snapshot.route.high.normal.r2.menu-camp.ready,Idle,2
4421,151629.4689,51.1958,audit.snapshot.route.high.normal.r2.menu-camp.ready,Idle,2
4422,151685.4967,56.0279,audit.snapshot.route.high.normal.r2.menu-camp.ready,Idle,2
4423,151712.5447,27.0479,audit.snapshot.route.high.normal.r2.menu-camp.ready,Idle,2
4424,151770.3741,57.8293,audit.snapshot.route.high.normal.r2.menu-camp.ready,Idle,2
4425,151792.1823,21.8083,audit.snapshot.route.high.normal.r2.menu-camp.ready,Idle,2
4426,151841.6908,49.5085,audit.snapshot.route.high.normal.r2.menu-camp.ready,Idle,2
4427,151884.9193,43.2284,audit.snapshot.route.high.normal.r2.menu-camp.ready,Idle,2
4428,151903.072,18.1528,audit.snapshot.route.high.normal.r2.menu-camp.ready,Idle,2
4429,151934.321,31.2491,audit.snapshot.route.high.normal.r2.menu-camp.ready,Idle,2
4430,152003.8526,69.5315,route.high.normal.r2.camp-menu,Covering,2
4431,152073.9546,70.102,route.high.normal.r2.camp-menu,Covering,2
4432,152129.7685,55.8139,route.high.normal.r2.camp-menu,Covering,2
4433,152155.2769,25.5084,route.high.normal.r2.camp-menu,Covering,2
4434,152234.8226,79.5455,route.high.normal.r2.camp-menu,Covering,2
4435,152250.5244,15.702,route.high.normal.r2.camp-menu,Covering,2
4436,152310.3263,59.8017,route.high.normal.r2.camp-menu,Covering,2
4437,152362.2532,51.9271,route.high.normal.r2.camp-menu,Covering,2
4438,152423.4109,61.1577,route.high.normal.r2.camp-menu,Covering,2
4439,152476.442,53.0311,route.high.normal.r2.camp-menu,Covering,2
4440,152513.9433,37.5013,route.high.normal.r2.camp-menu,Covering,2
4441,152538.8342,24.8909,route.high.normal.r2.camp-menu,Covering,2
4442,152595.0673,56.2331,route.high.normal.r2.camp-menu,Covering,2
4443,152634.7761,39.7089,route.high.normal.r2.camp-menu,Covering,2
4444,152694.6182,59.8421,route.high.normal.r2.camp-menu,Covering,2
4445,152734.2111,39.5928,route.high.normal.r2.camp-menu,Covering,2
4446,152811.277,77.0659,route.high.normal.r2.camp-menu,Covering,2
4447,152836.7378,25.4608,route.high.normal.r2.camp-menu,Covering,2
4448,152911.8294,75.0916,route.high.normal.r2.camp-menu,Covering,2
4449,152937.4785,25.6491,route.high.normal.r2.camp-menu,Covering,2
4450,153004.0331,66.5545,route.high.normal.r2.camp-menu,Covering,2
4451,153036.3313,32.2984,route.high.normal.r2.camp-menu,Covering,2
4452,153104.4292,68.0977,route.high.normal.r2.camp-menu,Covering,2
4453,153159.1306,54.7016,route.high.normal.r2.camp-menu,Covering,2
4454,153209.5553,50.4246,route.high.normal.r2.camp-menu,Covering,2
4455,153236.2471,26.6918,route.high.normal.r2.camp-menu,Covering,2
4456,153310.0897,73.8426,route.high.normal.r2.camp-menu,Covering,2
4457,153362.9395,52.8498,route.high.normal.r2.camp-menu,Covering,2
4458,153398.6687,35.7292,route.high.normal.r2.camp-menu,Covering,2
4459,153438.5756,39.9066,route.high.normal.r2.camp-menu,Covering,2
4460,153496.8389,58.2636,route.high.normal.r2.camp-menu,Covering,2
4461,153567.9343,71.0953,route.high.normal.r2.camp-menu,Covering,2
4462,153618.0611,50.1269,route.high.normal.r2.camp-menu,CoveredLoading,2
4463,153642.3069,24.2458,route.high.normal.r2.camp-menu,CoveredLoading,2
4464,153999.7476,357.4408,route.high.normal.r2.camp-menu,CoveredLoading,2
4465,155016.7994,1017.0512,route.high.normal.r2.camp-menu,CoveredLoading,2
4466,155051.3995,34.6005,route.high.normal.r2.camp-menu,CoveredLoading,2
4467,155091.3135,39.914,route.high.normal.r2.camp-menu,CoveredLoading,2
4468,155125.2784,33.9649,route.high.normal.r2.camp-menu,CoveredLoading,2
4469,155168.7985,43.5202,route.high.normal.r2.camp-menu,CoveredLoading,2
4470,155208.7103,39.9118,route.high.normal.r2.camp-menu,CoveredLoading,2
4471,155248.1467,39.4364,route.high.normal.r2.camp-menu,CoveredLoading,2
4472,155276.5816,28.4347,route.high.normal.r2.camp-menu,CoveredLoading,2
4473,155304.3375,27.7558,route.high.normal.r2.camp-menu,CoveredLoading,2
4474,155351.2906,46.9534,route.high.normal.r2.camp-menu,CoveredLoading,2
4475,155433.0152,81.7243,route.high.normal.r2.camp-menu,CoveredLoading,2
4476,155452.7996,19.7847,route.high.normal.r2.camp-menu,CoveredLoading,2
4477,155476.3662,23.5666,route.high.normal.r2.camp-menu,CoveredLoading,2
4478,155504.3534,27.9871,route.high.normal.r2.camp-menu,CoveredLoading,2
4479,155548.1523,43.799,route.high.normal.r2.camp-menu,CoveredLoading,2
4480,155575.947,27.7947,route.high.normal.r2.camp-menu,CoveredLoading,2
4481,155621.8132,45.8661,route.high.normal.r2.camp-menu,CoveredLoading,2
4482,155647.4898,25.6766,route.high.normal.r2.camp-menu,CoveredLoading,2
4483,155675.6863,28.1966,route.high.normal.r2.camp-menu,CoveredLoading,2
4484,155715.2863,39.5999,route.high.normal.r2.camp-menu,CoveredLoading,2
4485,155742.9476,27.6614,route.high.normal.r2.camp-menu,CoveredLoading,2
4486,155794.1058,51.1582,route.high.normal.r2.camp-menu,CoveredLoading,2
4487,155819.8876,25.7817,route.high.normal.r2.camp-menu,CoveredLoading,2
4488,155851.8787,31.9911,route.high.normal.r2.camp-menu,CoveredLoading,2
4489,155878.2999,26.4212,route.high.normal.r2.camp-menu,CoveredLoading,2
4490,155913.0654,34.7656,route.high.normal.r2.camp-menu,CoveredLoading,2
4491,155951.7261,38.6607,route.high.normal.r2.camp-menu,CoveredLoading,2
4492,155987.8114,36.0853,route.high.normal.r2.camp-menu,CoveredLoading,2
4493,156031.1634,43.352,route.high.normal.r2.camp-menu,CoveredLoading,2
4494,156052.2657,21.1024,route.high.normal.r2.camp-menu,CoveredLoading,2
4495,156104.1656,51.8998,route.high.normal.r2.camp-menu,CoveredLoading,2
4496,156135.2866,31.121,route.high.normal.r2.camp-menu,CoveredLoading,2
4497,156171.2655,35.9789,route.high.normal.r2.camp-menu,CoveredLoading,2
4498,156214.8357,43.5702,route.high.normal.r2.camp-menu,CoveredLoading,2
4499,156242.451,27.6153,route.high.normal.r2.camp-menu,CoveredLoading,2
4500,156292.7093,50.2583,route.high.normal.r2.camp-menu,CoveredLoading,2
4501,156314.5038,21.7945,route.high.normal.r2.camp-menu,CoveredLoading,2
4502,156342.2545,27.7507,route.high.normal.r2.camp-menu,CoveredLoading,2
4503,156381.5841,39.3296,route.high.normal.r2.camp-menu,CoveredLoading,2
4504,156409.241,27.6569,route.high.normal.r2.camp-menu,CoveredLoading,2
4505,156448.0123,38.7713,route.high.normal.r2.camp-menu,CoveredLoading,2
4506,156468.7593,20.7469,route.high.normal.r2.camp-menu,CoveredLoading,2
4507,156503.9403,35.181,route.high.normal.r2.camp-menu,CoveredLoading,2
4508,156544.3283,40.3882,route.high.normal.r2.camp-menu,Preparing,2
4509,156592.6001,48.2717,route.high.normal.r2.camp-menu,Preparing,2
4510,156626.556,33.9559,route.high.normal.r2.camp-menu,Preparing,2
4511,156675.6326,49.0765,route.high.normal.r2.camp-menu,Preparing,2
4512,156697.6722,22.0397,route.high.normal.r2.camp-menu,Preparing,2
4513,156725.2439,27.5717,route.high.normal.r2.camp-menu,Preparing,2
4514,156773.5641,48.3202,route.high.normal.r2.camp-menu,Preparing,2
4515,156798.5872,25.0231,route.high.normal.r2.camp-menu,Revealing,2
4516,156825.7691,27.1819,route.high.normal.r2.camp-menu,Revealing,2
4517,156865.4078,39.6386,route.high.normal.r2.camp-menu,Revealing,2
4518,156897.5418,32.1341,route.high.normal.r2.camp-menu,Revealing,2
4519,156944.8039,47.2621,route.high.normal.r2.camp-menu,Revealing,2
4520,156970.4443,25.6403,route.high.normal.r2.camp-menu,Revealing,2
4521,157008.0309,37.5868,route.high.normal.r2.camp-menu,Revealing,2
4522,157032.7552,24.7242,route.high.normal.r2.camp-menu,Revealing,2
4523,157068.9995,36.2443,route.high.normal.r2.camp-menu,Revealing,2
4524,157108.0434,39.0439,route.high.normal.r2.camp-menu,Revealing,2
4525,157132.7817,24.7383,route.high.normal.r2.camp-menu,Revealing,2
4526,157170.6175,37.8358,route.high.normal.r2.camp-menu,Revealing,2
4527,157214.6718,44.0543,route.high.normal.r2.camp-menu,Revealing,2
4528,157242.9058,28.2341,route.high.normal.r2.camp-menu,Revealing,2
4529,157270.4831,27.5771,route.high.normal.r2.camp-menu,Revealing,2
4530,157308.5846,38.1016,route.high.normal.r2.camp-menu,Revealing,2
4531,157335.4105,26.8259,route.high.normal.r2.camp-menu,Revealing,2
4532,157373.3588,37.9482,route.high.normal.r2.camp-menu,Revealing,2
4533,157415.2564,41.8977,route.high.normal.r2.camp-menu,Revealing,2
4534,157442.8015,27.545,route.high.normal.r2.camp-menu,Revealing,2
4535,157469.512,26.7104,route.high.normal.r2.camp-menu,Revealing,2
4536,157508.5303,39.0185,route.high.normal.r2.camp-menu,Revealing,2
4537,157545.7487,37.2184,route.high.normal.r2.camp-menu,Revealing,2
4538,157578.6037,32.8551,route.high.normal.r2.camp-menu,Revealing,2
4539,157611.5098,32.906,route.high.normal.r2.camp-menu,Revealing,2
4540,157644.37,32.8601,route.high.normal.r2.camp-menu,Revealing,2
4541,157677.0399,32.6701,route.high.normal.r2.camp-menu,Revealing,2
4542,157710.4567,33.4167,route.high.normal.r2.camp-menu,Revealing,2
4543,157743.4208,32.9642,route.high.normal.r2.camp-menu,Revealing,2
4544,157789.1593,45.7384,route.high.normal.r2.camp-menu,Revealing,2
4545,157810.4401,21.2807,route.high.normal.r2.camp-menu,Revealing,2
4546,157840.4125,29.9725,route.high.normal.r2.camp-menu,Revealing,2
4547,157873.7952,33.3827,route.high.normal.r2.camp-menu,Revealing,2
4548,157923.2257,49.4305,route.high.normal.r2.camp-menu,Revealing,2
4549,157939.9124,16.6867,route.high.normal.r2.camp-menu,Revealing,2
4550,157973.1068,33.1943,route.high.normal.r2.camp-menu,Revealing,2
4551,158006.3806,33.274,route.high.normal.r2.camp-menu,Revealing,2
4552,158039.863,33.4824,route.high.normal.r2.camp-menu,Revealing,2
4553,158072.9477,33.0846,route.high.normal.r2.camp-menu,Revealing,2
4554,158101.1367,28.1888,route.high.normal.r2.camp-menu,Revealing,2
4555,158128.3115,27.1749,route.high.normal.r2.camp-menu,Revealing,2
4556,158160.9635,32.6521,route.high.normal.r2.camp-menu,Revealing,2
4557,158194.1209,33.1574,route.high.normal.r2.camp-menu,Revealing,2
4558,158244.5715,50.4507,route.high.normal.r2.camp-menu,Idle,2
4559,158268.9187,24.3471,audit.snapshot.route.high.normal.r2.camp-menu.ready,Idle,2
4560,158289.5161,20.5974,audit.snapshot.route.high.normal.r2.camp-menu.ready,Idle,2
4561,158329.6102,40.0941,audit.snapshot.route.high.normal.r2.camp-menu.ready,Idle,2
4562,158363.3225,33.7123,audit.snapshot.route.high.normal.r2.camp-menu.ready,Idle,2
4563,158378.1414,14.8189,audit.snapshot.route.high.normal.r2.camp-menu.ready,Idle,2
4564,158406.1431,28.0017,audit.snapshot.route.high.normal.r2.camp-menu.ready,Idle,2
4565,158433.4295,27.2864,audit.snapshot.route.high.normal.r2.camp-menu.ready,Idle,2
4566,158457.7513,24.3218,audit.snapshot.route.high.normal.r2.camp-menu.ready,Idle,2
4567,158486.8244,29.0731,audit.snapshot.route.high.normal.r2.camp-menu.ready,Idle,2
4568,158529.8434,43.0189,audit.snapshot.route.high.normal.r2.camp-menu.ready,Idle,2
4569,158543.8884,14.0451,audit.snapshot.route.high.normal.r2.camp-menu.ready,Idle,2
4570,158572.33,28.4415,audit.snapshot.route.high.normal.r2.camp-menu.ready,Idle,2
4571,158599.3796,27.0496,audit.snapshot.route.high.normal.r2.camp-menu.ready,Idle,2
4572,158639.091,39.7114,audit.snapshot.route.high.normal.r2.camp-menu.ready,Idle,2
4573,158655.4054,16.3145,audit.snapshot.route.high.normal.r2.camp-menu.ready,Idle,2
4574,158682.9225,27.5171,audit.snapshot.route.high.normal.r2.camp-menu.ready,Idle,2
4575,158707.0194,24.0969,audit.snapshot.route.high.normal.r2.camp-menu.ready,Idle,2
4576,158738.2186,31.1992,audit.snapshot.route.high.normal.r2.camp-menu.ready,Idle,2
4577,158765.4457,27.2269,audit.snapshot.route.high.normal.r2.camp-menu.ready,Idle,2
4578,158789.8392,24.3937,audit.snapshot.route.high.normal.r2.camp-menu.ready,Idle,2
4579,158819.0853,29.2461,route.high.reduced.r2.menu-camp,Covering,2
4580,158854.087,35.0015,route.high.reduced.r2.menu-camp,Covering,2
4581,158876.9657,22.8789,route.high.reduced.r2.menu-camp,Covering,2
4582,158908.9626,31.9969,route.high.reduced.r2.menu-camp,Covering,2
4583,158938.4015,29.4389,route.high.reduced.r2.menu-camp,Covering,2
4584,158969.7286,31.327,route.high.reduced.r2.menu-camp,CoveredLoading,2
4585,159011.4715,41.743,route.high.reduced.r2.menu-camp,CoveredLoading,2
4586,159238.4036,226.9321,route.high.reduced.r2.menu-camp,CoveredLoading,2
4587,159967.5811,729.177,route.high.reduced.r2.menu-camp,CoveredLoading,2
4588,159996.8192,29.2386,route.high.reduced.r2.menu-camp,CoveredLoading,2
4589,160018.645,21.8259,route.high.reduced.r2.menu-camp,CoveredLoading,2
4590,160063.3376,44.6925,route.high.reduced.r2.menu-camp,CoveredLoading,2
4591,160092.7986,29.4611,route.high.reduced.r2.menu-camp,CoveredLoading,2
4592,160121.2375,28.4388,route.high.reduced.r2.menu-camp,CoveredLoading,2
4593,160155.2825,34.045,route.high.reduced.r2.menu-camp,CoveredLoading,2
4594,160202.7252,47.4427,route.high.reduced.r2.menu-camp,CoveredLoading,2
4595,160243.5954,40.8702,route.high.reduced.r2.menu-camp,CoveredLoading,2
4596,160288.904,45.3086,route.high.reduced.r2.menu-camp,CoveredLoading,2
4597,160340.0802,51.1758,route.high.reduced.r2.menu-camp,CoveredLoading,2
4598,160373.6002,33.5201,route.high.reduced.r2.menu-camp,CoveredLoading,2
4599,160396.5626,22.9628,route.high.reduced.r2.menu-camp,CoveredLoading,2
4600,160427.9551,31.3924,route.high.reduced.r2.menu-camp,CoveredLoading,2
4601,160483.6163,55.6612,route.high.reduced.r2.menu-camp,CoveredLoading,2
4602,160511.7867,28.1704,route.high.reduced.r2.menu-camp,CoveredLoading,2
4603,160561.4787,49.692,route.high.reduced.r2.menu-camp,CoveredLoading,2
4604,160593.3025,31.8238,route.high.reduced.r2.menu-camp,CoveredLoading,2
4605,160660.0504,66.7479,route.high.reduced.r2.menu-camp,CoveredLoading,2
4606,160697.0871,37.0366,route.high.reduced.r2.menu-camp,CoveredLoading,2
4607,160744.1294,47.0425,route.high.reduced.r2.menu-camp,CoveredLoading,2
4608,160765.3085,21.179,route.high.reduced.r2.menu-camp,CoveredLoading,2
4609,160795.0576,29.7492,route.high.reduced.r2.menu-camp,CoveredLoading,2
4610,160869.0069,73.9492,route.high.reduced.r2.menu-camp,CoveredLoading,2
4611,160896.1426,27.1358,route.high.reduced.r2.menu-camp,CoveredLoading,2
4612,160956.4377,60.2951,route.high.reduced.r2.menu-camp,CoveredLoading,2
4613,160991.7606,35.3228,route.high.reduced.r2.menu-camp,CoveredLoading,2
4614,161016.3356,24.575,route.high.reduced.r2.menu-camp,CoveredLoading,2
4615,161050.8327,34.4971,route.high.reduced.r2.menu-camp,CoveredLoading,2
4616,161098.5158,47.6829,route.high.reduced.r2.menu-camp,CoveredLoading,2
4617,161141.9607,43.4451,route.high.reduced.r2.menu-camp,CoveredLoading,2
4618,161205.9235,63.9628,route.high.reduced.r2.menu-camp,CoveredLoading,2
4619,161217.6858,11.7623,route.high.reduced.r2.menu-camp,CoveredLoading,2
4620,161256.2273,38.5415,route.high.reduced.r2.menu-camp,CoveredLoading,2
4621,161320.3048,64.0775,route.high.reduced.r2.menu-camp,CoveredLoading,2
4622,161346.4761,26.1714,route.high.reduced.r2.menu-camp,CoveredLoading,2
4623,161386.9427,40.4665,route.high.reduced.r2.menu-camp,Preparing,2
4624,161436.8783,49.9356,route.high.reduced.r2.menu-camp,Preparing,2
4625,161479.7722,42.8939,route.high.reduced.r2.menu-camp,Revealing,2
4626,161547.9293,68.157,route.high.reduced.r2.menu-camp,Revealing,2
4627,161567.1029,19.1736,route.high.reduced.r2.menu-camp,Revealing,2
4628,161634.7475,67.6445,route.high.reduced.r2.menu-camp,Revealing,2
4629,161676.7846,42.0374,route.high.reduced.r2.menu-camp,Idle,2
4630,161712.1209,35.3362,audit.snapshot.route.high.reduced.r2.menu-camp.ready,Idle,2
4631,161743.347,31.2261,audit.snapshot.route.high.reduced.r2.menu-camp.ready,Idle,2
4632,161796.5659,53.2189,audit.snapshot.route.high.reduced.r2.menu-camp.ready,Idle,2
4633,161845.0166,48.4506,audit.snapshot.route.high.reduced.r2.menu-camp.ready,Idle,2
4634,161910.0115,64.995,audit.snapshot.route.high.reduced.r2.menu-camp.ready,Idle,2
4635,161921.787,11.7755,audit.snapshot.route.high.reduced.r2.menu-camp.ready,Idle,2
4636,161961.2145,39.4272,audit.snapshot.route.high.reduced.r2.menu-camp.ready,Idle,2
4637,162027.8077,66.5935,audit.snapshot.route.high.reduced.r2.menu-camp.ready,Idle,2
4638,162054.0673,26.2596,audit.snapshot.route.high.reduced.r2.menu-camp.ready,Idle,2
4639,162088.0596,33.9923,audit.snapshot.route.high.reduced.r2.menu-camp.ready,Idle,2
4640,162132.984,44.9243,audit.snapshot.route.high.reduced.r2.menu-camp.ready,Idle,2
4641,162177.8922,44.9083,audit.snapshot.route.high.reduced.r2.menu-camp.ready,Idle,2
4642,162240.8355,62.9433,audit.snapshot.route.high.reduced.r2.menu-camp.ready,Idle,2
4643,162263.4132,22.5776,audit.snapshot.route.high.reduced.r2.menu-camp.ready,Idle,2
4644,162326.2143,62.8012,audit.snapshot.route.high.reduced.r2.menu-camp.ready,Idle,2
4645,162362.8555,36.6412,audit.snapshot.route.high.reduced.r2.menu-camp.ready,Idle,2
4646,162396.4003,33.5447,audit.snapshot.route.high.reduced.r2.menu-camp.ready,Idle,2
4647,162432.0294,35.6286,audit.snapshot.route.high.reduced.r2.menu-camp.ready,Idle,2
4648,162482.2482,50.2193,audit.snapshot.route.high.reduced.r2.menu-camp.ready,Idle,2
4649,162527.9063,45.6583,audit.snapshot.route.high.reduced.r2.menu-camp.ready,Idle,2
4650,162595.1131,67.2066,route.high.reduced.r2.camp-menu,Covering,2
4651,162613.1634,18.0503,route.high.reduced.r2.camp-menu,Covering,2
4652,162658.0434,44.8801,route.high.reduced.r2.camp-menu,Covering,2
4653,162719.4247,61.3812,route.high.reduced.r2.camp-menu,Covering,2
4654,162749.9777,30.5531,route.high.reduced.r2.camp-menu,CoveredLoading,2
4655,162789.298,39.3203,route.high.reduced.r2.camp-menu,CoveredLoading,2
4656,163129.871,340.573,route.high.reduced.r2.camp-menu,CoveredLoading,2
4657,164072.1001,942.2287,route.high.reduced.r2.camp-menu,CoveredLoading,2
4658,164111.4938,39.3941,route.high.reduced.r2.camp-menu,CoveredLoading,2
4659,164133.6323,22.1386,route.high.reduced.r2.camp-menu,CoveredLoading,2
4660,164159.5377,25.9053,route.high.reduced.r2.camp-menu,CoveredLoading,2
4661,164185.3324,25.7947,route.high.reduced.r2.camp-menu,CoveredLoading,2
4662,164217.3077,31.9752,route.high.reduced.r2.camp-menu,CoveredLoading,2
4663,164245.5272,28.2195,route.high.reduced.r2.camp-menu,CoveredLoading,2
4664,164273.8594,28.3323,route.high.reduced.r2.camp-menu,CoveredLoading,2
4665,164327.1378,53.2784,route.high.reduced.r2.camp-menu,CoveredLoading,2
4666,164367.9359,40.7981,route.high.reduced.r2.camp-menu,CoveredLoading,2
4667,164379.1514,11.2154,route.high.reduced.r2.camp-menu,CoveredLoading,2
4668,164419.9245,40.7731,route.high.reduced.r2.camp-menu,CoveredLoading,2
4669,164444.3877,24.4633,route.high.reduced.r2.camp-menu,CoveredLoading,2
4670,164475.845,31.4573,route.high.reduced.r2.camp-menu,CoveredLoading,2
4671,164500.7146,24.8695,route.high.reduced.r2.camp-menu,CoveredLoading,2
4672,164530.5024,29.7878,route.high.reduced.r2.camp-menu,CoveredLoading,2
4673,164578.7876,48.2853,route.high.reduced.r2.camp-menu,CoveredLoading,2
4674,164599.9345,21.1468,route.high.reduced.r2.camp-menu,CoveredLoading,2
4675,164623.9165,23.982,route.high.reduced.r2.camp-menu,CoveredLoading,2
4676,164656.4095,32.4931,route.high.reduced.r2.camp-menu,CoveredLoading,2
4677,164683.0605,26.651,route.high.reduced.r2.camp-menu,CoveredLoading,2
4678,164710.9664,27.906,route.high.reduced.r2.camp-menu,CoveredLoading,2
4679,164739.6915,28.7249,route.high.reduced.r2.camp-menu,CoveredLoading,2
4680,164766.9391,27.2477,route.high.reduced.r2.camp-menu,CoveredLoading,2
4681,164794.5558,27.6167,route.high.reduced.r2.camp-menu,CoveredLoading,2
4682,164822.8635,28.3077,route.high.reduced.r2.camp-menu,CoveredLoading,2
4683,164859.2429,36.3794,route.high.reduced.r2.camp-menu,CoveredLoading,2
4684,164873.2919,14.049,route.high.reduced.r2.camp-menu,CoveredLoading,2
4685,164901.6192,28.3272,route.high.reduced.r2.camp-menu,CoveredLoading,2
4686,164945.7874,44.1682,route.high.reduced.r2.camp-menu,CoveredLoading,2
4687,164961.2786,15.4913,route.high.reduced.r2.camp-menu,CoveredLoading,2
4688,164989.4545,28.1759,route.high.reduced.r2.camp-menu,CoveredLoading,2
4689,165016.0481,26.5936,route.high.reduced.r2.camp-menu,CoveredLoading,2
4690,165041.0554,25.0072,route.high.reduced.r2.camp-menu,CoveredLoading,2
4691,165072.4184,31.3632,route.high.reduced.r2.camp-menu,CoveredLoading,2
4692,165100.6398,28.2213,route.high.reduced.r2.camp-menu,CoveredLoading,2
4693,165123.8345,23.1947,route.high.reduced.r2.camp-menu,CoveredLoading,2
4694,165151.3002,27.4656,route.high.reduced.r2.camp-menu,CoveredLoading,2
4695,165178.5698,27.2697,route.high.reduced.r2.camp-menu,CoveredLoading,2
4696,165206.4198,27.85,route.high.reduced.r2.camp-menu,CoveredLoading,2
4697,165234.5793,28.1595,route.high.reduced.r2.camp-menu,CoveredLoading,2
4698,165261.6677,27.0884,route.high.reduced.r2.camp-menu,CoveredLoading,2
4699,165291.6531,29.9854,route.high.reduced.r2.camp-menu,CoveredLoading,2
4700,165318.4257,26.7648,route.high.reduced.r2.camp-menu,Preparing,2
4701,165353.3368,34.9189,route.high.reduced.r2.camp-menu,Preparing,2
4702,165372.7937,19.457,route.high.reduced.r2.camp-menu,Preparing,2
4703,165401.778,28.9842,route.high.reduced.r2.camp-menu,Revealing,2
4704,165429.16,27.382,route.high.reduced.r2.camp-menu,Revealing,2
4705,165459.4539,30.2939,route.high.reduced.r2.camp-menu,Revealing,2
4706,165486.0645,26.6105,route.high.reduced.r2.camp-menu,Revealing,2
4707,165507.2947,21.2303,route.high.reduced.r2.camp-menu,Revealing,2
4708,165526.0321,18.7374,route.high.reduced.r2.camp-menu,Revealing,2
4709,165548.3179,22.2857,route.high.reduced.r2.camp-menu,Revealing,2
4710,165568.2272,19.9093,route.high.reduced.r2.camp-menu,Revealing,2
4711,165595.2878,27.0606,route.high.reduced.r2.camp-menu,Idle,2
4712,165633.7305,38.4426,audit.snapshot.route.high.reduced.r2.camp-menu.ready,Idle,2
4713,165650.9924,17.2619,audit.snapshot.route.high.reduced.r2.camp-menu.ready,Idle,2
4714,165667.9671,16.9747,audit.snapshot.route.high.reduced.r2.camp-menu.ready,Idle,2
4715,165711.6792,43.7123,audit.snapshot.route.high.reduced.r2.camp-menu.ready,Idle,2
4716,165727.5261,15.8469,audit.snapshot.route.high.reduced.r2.camp-menu.ready,Idle,2
4717,165749.2084,21.6823,audit.snapshot.route.high.reduced.r2.camp-menu.ready,Idle,2
4718,165772.8957,23.6873,audit.snapshot.route.high.reduced.r2.camp-menu.ready,Idle,2
4719,165799.7936,26.8979,audit.snapshot.route.high.reduced.r2.camp-menu.ready,Idle,2
4720,165824.6883,24.8945,audit.snapshot.route.high.reduced.r2.camp-menu.ready,Idle,2
4721,165869.0825,44.3944,audit.snapshot.route.high.reduced.r2.camp-menu.ready,Idle,2
4722,165882.2402,13.1576,audit.snapshot.route.high.reduced.r2.camp-menu.ready,Idle,2
4723,165907.0707,24.8306,audit.snapshot.route.high.reduced.r2.camp-menu.ready,Idle,2
4724,165934.0327,26.9619,audit.snapshot.route.high.reduced.r2.camp-menu.ready,Idle,2
4725,165961.478,27.4454,audit.snapshot.route.high.reduced.r2.camp-menu.ready,Idle,2
4726,166006.4508,44.9727,audit.snapshot.route.high.reduced.r2.camp-menu.ready,Idle,2
4727,166040.9736,34.5229,audit.snapshot.route.high.reduced.r2.camp-menu.ready,Idle,2
4728,166050.6141,9.6403,audit.snapshot.route.high.reduced.r2.camp-menu.ready,Idle,2
4729,166074.1606,23.5467,audit.snapshot.route.high.reduced.r2.camp-menu.ready,Idle,2
4730,166100.8207,26.6602,audit.snapshot.route.high.reduced.r2.camp-menu.ready,Idle,2
4731,166124.4511,23.6303,audit.snapshot.route.high.reduced.r2.camp-menu.ready,Idle,2
4732,166150.1588,25.7076,route.high.normal.r3.menu-camp,Covering,2
4733,166212.6612,62.5025,route.high.normal.r3.menu-camp,Covering,2
4734,166253.6459,40.9847,route.high.normal.r3.menu-camp,Covering,2
4735,166278.5582,24.9123,route.high.normal.r3.menu-camp,Covering,2
4736,166313.9757,35.4176,route.high.normal.r3.menu-camp,Covering,2
4737,166327.4326,13.4569,route.high.normal.r3.menu-camp,Covering,2
4738,166360.8999,33.4671,route.high.normal.r3.menu-camp,Covering,2
4739,166394.2917,33.3918,route.high.normal.r3.menu-camp,Covering,2
4740,166427.6273,33.3358,route.high.normal.r3.menu-camp,Covering,2
4741,166460.3589,32.7315,route.high.normal.r3.menu-camp,Covering,2
4742,166493.5363,33.1774,route.high.normal.r3.menu-camp,Covering,2
4743,166527.101,33.5647,route.high.normal.r3.menu-camp,Covering,2
4744,166560.3048,33.2038,route.high.normal.r3.menu-camp,Covering,2
4745,166594.1068,33.802,route.high.normal.r3.menu-camp,Covering,2
4746,166627.0542,32.9474,route.high.normal.r3.menu-camp,Covering,2
4747,166657.3472,30.2931,route.high.normal.r3.menu-camp,Covering,2
4748,166693.4371,36.0898,route.high.normal.r3.menu-camp,Covering,2
4749,166726.8928,33.4557,route.high.normal.r3.menu-camp,Covering,2
4750,166777.3867,50.4939,route.high.normal.r3.menu-camp,Covering,2
4751,166795.6348,18.2481,route.high.normal.r3.menu-camp,Covering,2
4752,166828.393,32.7583,route.high.normal.r3.menu-camp,Covering,2
4753,166861.0371,32.6439,route.high.normal.r3.menu-camp,Covering,2
4754,166894.5137,33.4767,route.high.normal.r3.menu-camp,Covering,2
4755,166929.4165,34.9028,route.high.normal.r3.menu-camp,Covering,2
4756,166967.0474,37.6308,route.high.normal.r3.menu-camp,Covering,2
4757,167003.0478,36.0005,route.high.normal.r3.menu-camp,Covering,2
4758,167043.2444,40.1966,route.high.normal.r3.menu-camp,Covering,2
4759,167071.3211,28.0767,route.high.normal.r3.menu-camp,Covering,2
4760,167117.8766,46.5555,route.high.normal.r3.menu-camp,Covering,2
4761,167144.4744,26.5978,route.high.normal.r3.menu-camp,Covering,2
4762,167177.542,33.0676,route.high.normal.r3.menu-camp,Covering,2
4763,167209.6219,32.0799,route.high.normal.r3.menu-camp,Covering,2
4764,167248.502,38.8801,route.high.normal.r3.menu-camp,Covering,2
4765,167277.3472,28.8453,route.high.normal.r3.menu-camp,Covering,2
4766,167308.7378,31.3905,route.high.normal.r3.menu-camp,Covering,2
4767,167359.3656,50.6278,route.high.normal.r3.menu-camp,Covering,2
4768,167384.5011,25.1355,route.high.normal.r3.menu-camp,Covering,2
4769,167424.555,40.0539,route.high.normal.r3.menu-camp,Covering,2
4770,167448.3796,23.8244,route.high.normal.r3.menu-camp,Covering,2
4771,167474.8395,26.4596,route.high.normal.r3.menu-camp,Covering,2
4772,167501.4506,26.6116,route.high.normal.r3.menu-camp,Covering,2
4773,167537.265,35.8143,route.high.normal.r3.menu-camp,Covering,2
4774,167580.7833,43.5184,route.high.normal.r3.menu-camp,Covering,2
4775,167623.9879,43.2046,route.high.normal.r3.menu-camp,Covering,2
4776,167648.5198,24.532,route.high.normal.r3.menu-camp,Covering,2
4777,167676.2386,27.7187,route.high.normal.r3.menu-camp,Covering,2
4778,167703.6126,27.3739,route.high.normal.r3.menu-camp,Covering,2
4779,167743.1827,39.5702,route.high.normal.r3.menu-camp,Covering,2
4780,167770.6054,27.4227,route.high.normal.r3.menu-camp,CoveredLoading,2
4781,167810.4803,39.8749,route.high.normal.r3.menu-camp,CoveredLoading,2
4782,168061.812,251.3317,route.high.normal.r3.menu-camp,CoveredLoading,2
4783,168816.8423,755.0302,route.high.normal.r3.menu-camp,CoveredLoading,2
4784,168851.8921,35.0499,route.high.normal.r3.menu-camp,CoveredLoading,2
4785,168896.6841,44.792,route.high.normal.r3.menu-camp,CoveredLoading,2
4786,168920.7193,24.035,route.high.normal.r3.menu-camp,CoveredLoading,2
4787,168991.1723,70.453,route.high.normal.r3.menu-camp,CoveredLoading,2
4788,169029.676,38.5039,route.high.normal.r3.menu-camp,CoveredLoading,2
4789,169053.2497,23.5736,route.high.normal.r3.menu-camp,CoveredLoading,2
4790,169103.2325,49.9829,route.high.normal.r3.menu-camp,CoveredLoading,2
4791,169160.07,56.8375,route.high.normal.r3.menu-camp,CoveredLoading,2
4792,169181.2022,21.1322,route.high.normal.r3.menu-camp,CoveredLoading,2
4793,169256.3946,75.192,route.high.normal.r3.menu-camp,CoveredLoading,2
4794,169294.9865,38.5921,route.high.normal.r3.menu-camp,CoveredLoading,2
4795,169327.3358,32.3495,route.high.normal.r3.menu-camp,CoveredLoading,2
4796,169395.7535,68.4177,route.high.normal.r3.menu-camp,CoveredLoading,2
4797,169447.1082,51.3547,route.high.normal.r3.menu-camp,CoveredLoading,2
4798,169495.6215,48.5133,route.high.normal.r3.menu-camp,CoveredLoading,2
4799,169554.4716,58.8498,route.high.normal.r3.menu-camp,CoveredLoading,2
4800,169609.7546,55.2833,route.high.normal.r3.menu-camp,CoveredLoading,2
4801,169635.0077,25.253,route.high.normal.r3.menu-camp,CoveredLoading,2
4802,169719.5192,84.5115,route.high.normal.r3.menu-camp,CoveredLoading,2
4803,169763.5977,44.0787,route.high.normal.r3.menu-camp,CoveredLoading,2
4804,169817.4429,53.8451,route.high.normal.r3.menu-camp,CoveredLoading,2
4805,169837.0624,19.6193,route.high.normal.r3.menu-camp,CoveredLoading,2
4806,169913.5499,76.4878,route.high.normal.r3.menu-camp,CoveredLoading,2
4807,169957.1983,43.6483,route.high.normal.r3.menu-camp,CoveredLoading,2
4808,170014.6625,57.4641,route.high.normal.r3.menu-camp,CoveredLoading,2
4809,170074.3272,59.6647,route.high.normal.r3.menu-camp,CoveredLoading,2
4810,170111.7708,37.4437,route.high.normal.r3.menu-camp,CoveredLoading,2
4811,170151.9694,40.1986,route.high.normal.r3.menu-camp,CoveredLoading,2
4812,170179.7949,27.8255,route.high.normal.r3.menu-camp,CoveredLoading,2
4813,170217.838,38.0431,route.high.normal.r3.menu-camp,CoveredLoading,2
4814,170270.0667,52.2287,route.high.normal.r3.menu-camp,CoveredLoading,2
4815,170337.0517,66.985,route.high.normal.r3.menu-camp,CoveredLoading,2
4816,170402.368,65.3162,route.high.normal.r3.menu-camp,CoveredLoading,2
4817,170462.2081,59.8403,route.high.normal.r3.menu-camp,CoveredLoading,2
4818,170487.0678,24.8596,route.high.normal.r3.menu-camp,CoveredLoading,2
4819,170571.1539,84.086,route.high.normal.r3.menu-camp,Preparing,2
4820,170606.4357,35.2819,route.high.normal.r3.menu-camp,Preparing,2
4821,170677.6909,71.2552,route.high.normal.r3.menu-camp,Preparing,2
4822,170702.4349,24.744,route.high.normal.r3.menu-camp,Preparing,2
4823,170768.8359,66.4009,route.high.normal.r3.menu-camp,Preparing,2
4824,170830.696,61.8601,route.high.normal.r3.menu-camp,Revealing,2
4825,170858.5513,27.8554,route.high.normal.r3.menu-camp,Revealing,2
4826,170913.9143,55.363,route.high.normal.r3.menu-camp,Revealing,2
4827,170985.4377,71.5234,route.high.normal.r3.menu-camp,Revealing,2
4828,171020.1241,34.6864,route.high.normal.r3.menu-camp,Revealing,2
4829,171065.8244,45.7004,route.high.normal.r3.menu-camp,Revealing,2
4830,171122.5623,56.7378,route.high.normal.r3.menu-camp,Revealing,2
4831,171166.4573,43.8948,route.high.normal.r3.menu-camp,Revealing,2
4832,171230.3362,63.8792,route.high.normal.r3.menu-camp,Revealing,2
4833,171278.3264,47.9902,route.high.normal.r3.menu-camp,Revealing,2
4834,171304.4528,26.1263,route.high.normal.r3.menu-camp,Revealing,2
4835,171385.1312,80.6784,route.high.normal.r3.menu-camp,Revealing,2
4836,171426.3031,41.1718,route.high.normal.r3.menu-camp,Revealing,2
4837,171481.2903,54.9873,route.high.normal.r3.menu-camp,Revealing,2
4838,171523.7199,42.4295,route.high.normal.r3.menu-camp,Revealing,2
4839,171581.0022,57.2824,route.high.normal.r3.menu-camp,Revealing,2
4840,171646.1024,65.1003,route.high.normal.r3.menu-camp,Revealing,2
4841,171696.9329,50.8305,route.high.normal.r3.menu-camp,Revealing,2
4842,171717.7061,20.7729,route.high.normal.r3.menu-camp,Revealing,2
4843,171792.0035,74.2975,route.high.normal.r3.menu-camp,Revealing,2
4844,171824.8716,32.8681,route.high.normal.r3.menu-camp,Revealing,2
4845,171869.7793,44.9078,route.high.normal.r3.menu-camp,Revealing,2
4846,171919.4599,49.6806,route.high.normal.r3.menu-camp,Revealing,2
4847,171985.1495,65.6896,route.high.normal.r3.menu-camp,Revealing,2
4848,172028.6536,43.5041,route.high.normal.r3.menu-camp,Revealing,2
4849,172078.4083,49.7547,route.high.normal.r3.menu-camp,Revealing,2
4850,172100.9174,22.509,route.high.normal.r3.menu-camp,Revealing,2
4851,172178.3256,77.4082,route.high.normal.r3.menu-camp,Revealing,2
4852,172208.1746,29.849,route.high.normal.r3.menu-camp,Idle,2
4853,172252.4606,44.286,audit.snapshot.route.high.normal.r3.menu-camp.ready,Idle,2
4854,172284.7351,32.2746,audit.snapshot.route.high.normal.r3.menu-camp.ready,Idle,2
4855,172351.9329,67.1977,audit.snapshot.route.high.normal.r3.menu-camp.ready,Idle,2
4856,172400.8291,48.8962,audit.snapshot.route.high.normal.r3.menu-camp.ready,Idle,2
4857,172435.3383,34.5092,audit.snapshot.route.high.normal.r3.menu-camp.ready,Idle,2
4858,172465.57,30.2317,audit.snapshot.route.high.normal.r3.menu-camp.ready,Idle,2
4859,172519.7157,54.1457,audit.snapshot.route.high.normal.r3.menu-camp.ready,Idle,2
4860,172546.3042,26.5886,audit.snapshot.route.high.normal.r3.menu-camp.ready,Idle,2
4861,172595.0582,48.7539,audit.snapshot.route.high.normal.r3.menu-camp.ready,Idle,2
4862,172628.5108,33.4527,audit.snapshot.route.high.normal.r3.menu-camp.ready,Idle,2
4863,172680.6016,52.0907,audit.snapshot.route.high.normal.r3.menu-camp.ready,Idle,2
4864,172740.6721,60.0706,audit.snapshot.route.high.normal.r3.menu-camp.ready,Idle,2
4865,172781.5866,40.9145,audit.snapshot.route.high.normal.r3.menu-camp.ready,Idle,2
4866,172834.3913,52.8047,audit.snapshot.route.high.normal.r3.menu-camp.ready,Idle,2
4867,172869.8239,35.4326,audit.snapshot.route.high.normal.r3.menu-camp.ready,Idle,2
4868,172922.1871,52.3632,audit.snapshot.route.high.normal.r3.menu-camp.ready,Idle,2
4869,172944.6233,22.4361,audit.snapshot.route.high.normal.r3.menu-camp.ready,Idle,2
4870,173002.9515,58.3283,audit.snapshot.route.high.normal.r3.menu-camp.ready,Idle,2
4871,173031.2497,28.2981,audit.snapshot.route.high.normal.r3.menu-camp.ready,Idle,2
4872,173090.6476,59.3979,audit.snapshot.route.high.normal.r3.menu-camp.ready,Idle,2
4873,173132.1161,41.4686,route.high.normal.r3.camp-menu,Covering,2
4874,173195.8315,63.7154,route.high.normal.r3.camp-menu,Covering,2
4875,173259.6558,63.8243,route.high.normal.r3.camp-menu,Covering,2
4876,173292.9001,33.2443,route.high.normal.r3.camp-menu,Covering,2
4877,173369.4087,76.5086,route.high.normal.r3.camp-menu,Covering,2
4878,173417.585,48.1762,route.high.normal.r3.camp-menu,Covering,2
4879,173447.444,29.8592,route.high.normal.r3.camp-menu,Covering,2
4880,173508.9425,61.4984,route.high.normal.r3.camp-menu,Covering,2
4881,173557.2507,48.3082,route.high.normal.r3.camp-menu,Covering,2
4882,173587.615,30.3641,route.high.normal.r3.camp-menu,Covering,2
4883,173646.4804,58.8656,route.high.normal.r3.camp-menu,Covering,2
4884,173697.4525,50.9721,route.high.normal.r3.camp-menu,Covering,2
4885,173731.0285,33.5758,route.high.normal.r3.camp-menu,Covering,2
4886,173794.6807,63.6524,route.high.normal.r3.camp-menu,Covering,2
4887,173855.9325,61.2519,route.high.normal.r3.camp-menu,Covering,2
4888,173896.3705,40.4378,route.high.normal.r3.camp-menu,Covering,2
4889,173950.6375,54.267,route.high.normal.r3.camp-menu,Covering,2
4890,173983.2391,32.6018,route.high.normal.r3.camp-menu,Covering,2
4891,174043.3866,60.1475,route.high.normal.r3.camp-menu,Covering,2
4892,174082.1355,38.7488,route.high.normal.r3.camp-menu,Covering,2
4893,174132.9235,50.7879,route.high.normal.r3.camp-menu,Covering,2
4894,174193.1651,60.2416,route.high.normal.r3.camp-menu,Covering,2
4895,174220.3107,27.1456,route.high.normal.r3.camp-menu,Covering,2
4896,174298.3696,78.0589,route.high.normal.r3.camp-menu,Covering,2
4897,174342.6888,44.3193,route.high.normal.r3.camp-menu,Covering,2
4898,174381.0978,38.409,route.high.normal.r3.camp-menu,Covering,2
4899,174437.5873,56.4895,route.high.normal.r3.camp-menu,Covering,2
4900,174511.0678,73.4805,route.high.normal.r3.camp-menu,Covering,2
4901,174546.7841,35.7163,route.high.normal.r3.camp-menu,Covering,2
4902,174591.529,44.7449,route.high.normal.r3.camp-menu,Covering,2
4903,174675.9411,84.4122,route.high.normal.r3.camp-menu,Covering,2
4904,174701.0768,25.1356,route.high.normal.r3.camp-menu,CoveredLoading,2
4905,174779.8699,78.7931,route.high.normal.r3.camp-menu,CoveredLoading,2
4906,175125.6493,345.7794,route.high.normal.r3.camp-menu,CoveredLoading,2
4907,176160.8672,1035.2177,route.high.normal.r3.camp-menu,CoveredLoading,2
4908,176187.7479,26.8809,route.high.normal.r3.camp-menu,CoveredLoading,2
4909,176228.0004,40.2525,route.high.normal.r3.camp-menu,CoveredLoading,2
4910,176267.1252,39.1247,route.high.normal.r3.camp-menu,CoveredLoading,2
4911,176306.0397,38.9146,route.high.normal.r3.camp-menu,CoveredLoading,2
4912,176343.6403,37.6005,route.high.normal.r3.camp-menu,CoveredLoading,2
4913,176374.9139,31.2736,route.high.normal.r3.camp-menu,CoveredLoading,2
4914,176427.4052,52.4914,route.high.normal.r3.camp-menu,CoveredLoading,2
4915,176449.3038,21.8985,route.high.normal.r3.camp-menu,CoveredLoading,2
4916,176481.3984,32.0946,route.high.normal.r3.camp-menu,CoveredLoading,2
4917,176544.8862,63.4876,route.high.normal.r3.camp-menu,CoveredLoading,2
4918,176556.5936,11.7078,route.high.normal.r3.camp-menu,CoveredLoading,2
4919,176612.6881,56.0944,route.high.normal.r3.camp-menu,CoveredLoading,2
4920,176637.0577,24.3696,route.high.normal.r3.camp-menu,CoveredLoading,2
4921,176681.4017,44.3439,route.high.normal.r3.camp-menu,CoveredLoading,2
4922,176709.547,28.1454,route.high.normal.r3.camp-menu,CoveredLoading,2
4923,176759.7327,50.1857,route.high.normal.r3.camp-menu,CoveredLoading,2
4924,176792.0208,32.288,route.high.normal.r3.camp-menu,CoveredLoading,2
4925,176826.3495,34.3288,route.high.normal.r3.camp-menu,CoveredLoading,2
4926,176854.9446,28.5951,route.high.normal.r3.camp-menu,CoveredLoading,2
4927,176898.0991,43.1545,route.high.normal.r3.camp-menu,CoveredLoading,2
4928,176926.1974,28.0983,route.high.normal.r3.camp-menu,CoveredLoading,2
4929,176954.6281,28.4307,route.high.normal.r3.camp-menu,CoveredLoading,2
4930,176997.97,43.3419,route.high.normal.r3.camp-menu,CoveredLoading,2
4931,177026.6277,28.6578,route.high.normal.r3.camp-menu,CoveredLoading,2
4932,177054.5664,27.9385,route.high.normal.r3.camp-menu,CoveredLoading,2
4933,177098.1318,43.5655,route.high.normal.r3.camp-menu,CoveredLoading,2
4934,177126.1084,27.9766,route.high.normal.r3.camp-menu,CoveredLoading,2
4935,177154.5161,28.4076,route.high.normal.r3.camp-menu,CoveredLoading,2
4936,177207.4975,52.9815,route.high.normal.r3.camp-menu,CoveredLoading,2
4937,177232.0536,24.5561,route.high.normal.r3.camp-menu,CoveredLoading,2
4938,177265.0737,33.0201,route.high.normal.r3.camp-menu,CoveredLoading,2
4939,177293.775,28.701,route.high.normal.r3.camp-menu,CoveredLoading,2
4940,177321.148,27.3733,route.high.normal.r3.camp-menu,CoveredLoading,2
4941,177364.786,43.638,route.high.normal.r3.camp-menu,CoveredLoading,2
4942,177392.1267,27.3407,route.high.normal.r3.camp-menu,CoveredLoading,2
4943,177431.6486,39.522,route.high.normal.r3.camp-menu,CoveredLoading,2
4944,177459.447,27.7982,route.high.normal.r3.camp-menu,CoveredLoading,2
4945,177511.0375,51.5905,route.high.normal.r3.camp-menu,CoveredLoading,2
4946,177535.7622,24.7246,route.high.normal.r3.camp-menu,CoveredLoading,2
4947,177565.4464,29.6844,route.high.normal.r3.camp-menu,CoveredLoading,2
4948,177592.4877,27.0413,route.high.normal.r3.camp-menu,CoveredLoading,2
4949,177634.8866,42.3988,route.high.normal.r3.camp-menu,CoveredLoading,2
4950,177697.4132,62.5266,route.high.normal.r3.camp-menu,Preparing,2
4951,177728.2433,30.8301,route.high.normal.r3.camp-menu,Preparing,2
4952,177765.1739,36.9307,route.high.normal.r3.camp-menu,Preparing,2
4953,177801.8983,36.7243,route.high.normal.r3.camp-menu,Preparing,2
4954,177831.0067,29.1085,route.high.normal.r3.camp-menu,Preparing,2
4955,177859.1277,28.121,route.high.normal.r3.camp-menu,Preparing,2
4956,177886.7358,27.6081,route.high.normal.r3.camp-menu,Preparing,2
4957,177926.6015,39.8657,route.high.normal.r3.camp-menu,Revealing,2
4958,177958.0358,31.4343,route.high.normal.r3.camp-menu,Revealing,2
4959,177998.0055,39.9697,route.high.normal.r3.camp-menu,Revealing,2
4960,178041.8113,43.8058,route.high.normal.r3.camp-menu,Revealing,2
4961,178064.5169,22.7054,route.high.normal.r3.camp-menu,Revealing,2
4962,178092.3557,27.8391,route.high.normal.r3.camp-menu,Revealing,2
4963,178120.7387,28.3827,route.high.normal.r3.camp-menu,Revealing,2
4964,178158.3933,37.6548,route.high.normal.r3.camp-menu,Revealing,2
4965,178184.6341,26.2408,route.high.normal.r3.camp-menu,Revealing,2
4966,178218.5984,33.9643,route.high.normal.r3.camp-menu,Revealing,2
4967,178257.8086,39.2101,route.high.normal.r3.camp-menu,Revealing,2
4968,178298.8858,41.0772,route.high.normal.r3.camp-menu,Revealing,2
4969,178321.4955,22.6098,route.high.normal.r3.camp-menu,Revealing,2
4970,178371.1019,49.6065,route.high.normal.r3.camp-menu,Revealing,2
4971,178391.6407,20.5387,route.high.normal.r3.camp-menu,Revealing,2
4972,178416.478,24.8373,route.high.normal.r3.camp-menu,Revealing,2
4973,178453.493,37.0149,route.high.normal.r3.camp-menu,Revealing,2
4974,178485.5438,32.0508,route.high.normal.r3.camp-menu,Revealing,2
4975,178527.0469,41.5032,route.high.normal.r3.camp-menu,Revealing,2
4976,178557.7248,30.6779,route.high.normal.r3.camp-menu,Revealing,2
4977,178600.6414,42.9165,route.high.normal.r3.camp-menu,Revealing,2
4978,178635.9285,35.2872,route.high.normal.r3.camp-menu,Revealing,2
4979,178672.6148,36.6863,route.high.normal.r3.camp-menu,Revealing,2
4980,178707.1602,34.5454,route.high.normal.r3.camp-menu,Revealing,2
4981,178740.4702,33.3099,route.high.normal.r3.camp-menu,Revealing,2
4982,178777.1324,36.6622,route.high.normal.r3.camp-menu,Revealing,2
4983,178826.9853,49.8529,route.high.normal.r3.camp-menu,Revealing,2
4984,178849.8784,22.8932,route.high.normal.r3.camp-menu,Revealing,2
4985,178897.9448,48.0663,route.high.normal.r3.camp-menu,Revealing,2
4986,178915.3905,17.4456,route.high.normal.r3.camp-menu,Revealing,2
4987,178950.495,35.1046,route.high.normal.r3.camp-menu,Revealing,2
4988,178983.5697,33.0746,route.high.normal.r3.camp-menu,Revealing,2
4989,179012.5374,28.9679,route.high.normal.r3.camp-menu,Revealing,2
4990,179045.8389,33.3016,route.high.normal.r3.camp-menu,Revealing,2
4991,179079.5902,33.7511,route.high.normal.r3.camp-menu,Revealing,2
4992,179113.3279,33.7377,route.high.normal.r3.camp-menu,Revealing,2
4993,179150.3092,36.9813,route.high.normal.r3.camp-menu,Revealing,2
4994,179183.4642,33.1551,route.high.normal.r3.camp-menu,Revealing,2
4995,179208.8643,25.4,route.high.normal.r3.camp-menu,Revealing,2
4996,179239.9406,31.0763,route.high.normal.r3.camp-menu,Revealing,2
4997,179273.1143,33.1738,route.high.normal.r3.camp-menu,Revealing,2
4998,179306.5616,33.4473,route.high.normal.r3.camp-menu,Revealing,2
4999,179340.9688,34.4073,route.high.normal.r3.camp-menu,Idle,2
5000,179376.3442,35.3753,audit.snapshot.route.high.normal.r3.camp-menu.ready,Idle,2
5001,179402.7493,26.4051,audit.snapshot.route.high.normal.r3.camp-menu.ready,Idle,2
5002,179433.7123,30.9628,audit.snapshot.route.high.normal.r3.camp-menu.ready,Idle,2
5003,179460.8044,27.0924,audit.snapshot.route.high.normal.r3.camp-menu.ready,Idle,2
5004,179502.1316,41.327,audit.snapshot.route.high.normal.r3.camp-menu.ready,Idle,2
5005,179517.0205,14.889,audit.snapshot.route.high.normal.r3.camp-menu.ready,Idle,2
5006,179544.2245,27.204,audit.snapshot.route.high.normal.r3.camp-menu.ready,Idle,2
5007,179573.0364,28.8119,audit.snapshot.route.high.normal.r3.camp-menu.ready,Idle,2
5008,179600.6547,27.6183,audit.snapshot.route.high.normal.r3.camp-menu.ready,Idle,2
5009,179627.8638,27.2091,audit.snapshot.route.high.normal.r3.camp-menu.ready,Idle,2
5010,179656.1358,28.272,audit.snapshot.route.high.normal.r3.camp-menu.ready,Idle,2
5011,179684.3028,28.167,audit.snapshot.route.high.normal.r3.camp-menu.ready,Idle,2
5012,179711.1856,26.8828,audit.snapshot.route.high.normal.r3.camp-menu.ready,Idle,2
5013,179739.7201,28.5345,audit.snapshot.route.high.normal.r3.camp-menu.ready,Idle,2
5014,179768.0795,28.3593,audit.snapshot.route.high.normal.r3.camp-menu.ready,Idle,2
5015,179799.2563,31.1768,audit.snapshot.route.high.normal.r3.camp-menu.ready,Idle,2
5016,179823.393,24.1367,audit.snapshot.route.high.normal.r3.camp-menu.ready,Idle,2
5017,179869.4473,46.0543,audit.snapshot.route.high.normal.r3.camp-menu.ready,Idle,2
5018,179906.537,37.0899,audit.snapshot.route.high.normal.r3.camp-menu.ready,Idle,2
5019,179917.9837,11.4464,audit.snapshot.route.high.normal.r3.camp-menu.ready,Idle,2
5020,179940.6892,22.7055,route.high.reduced.r3.menu-camp,Covering,2
5021,179979.8383,39.1493,route.high.reduced.r3.menu-camp,Covering,2
5022,180017.8834,38.0451,route.high.reduced.r3.menu-camp,Covering,2
5023,180044.0077,26.1242,route.high.reduced.r3.menu-camp,Covering,2
5024,180078.4735,34.4659,route.high.reduced.r3.menu-camp,Covering,2
5025,180106.199,27.7253,route.high.reduced.r3.menu-camp,CoveredLoading,2
5026,180134.6362,28.4374,route.high.reduced.r3.menu-camp,CoveredLoading,2
5027,180417.7286,283.0925,route.high.reduced.r3.menu-camp,CoveredLoading,2
5028,181359.2796,941.5509,route.high.reduced.r3.menu-camp,CoveredLoading,2
5029,181431.5254,72.2459,route.high.reduced.r3.menu-camp,CoveredLoading,2
5030,181475.0311,43.5057,route.high.reduced.r3.menu-camp,CoveredLoading,2
5031,181495.9888,20.9575,route.high.reduced.r3.menu-camp,CoveredLoading,2
5032,181546.064,50.0753,route.high.reduced.r3.menu-camp,CoveredLoading,2
5033,181569.8606,23.7966,route.high.reduced.r3.menu-camp,CoveredLoading,2
5034,181599.9646,30.104,route.high.reduced.r3.menu-camp,CoveredLoading,2
5035,181651.4752,51.5106,route.high.reduced.r3.menu-camp,CoveredLoading,2
5036,181680.7246,29.2494,route.high.reduced.r3.menu-camp,CoveredLoading,2
5037,181718.3254,37.6008,route.high.reduced.r3.menu-camp,CoveredLoading,2
5038,181770.9849,52.6592,route.high.reduced.r3.menu-camp,CoveredLoading,2
5039,181794.5431,23.5585,route.high.reduced.r3.menu-camp,CoveredLoading,2
5040,181842.4221,47.8791,route.high.reduced.r3.menu-camp,CoveredLoading,2
5041,181880.4893,38.0671,route.high.reduced.r3.menu-camp,CoveredLoading,2
5042,181910.3958,29.9064,route.high.reduced.r3.menu-camp,CoveredLoading,2
5043,181963.3798,52.984,route.high.reduced.r3.menu-camp,CoveredLoading,2
5044,181996.6473,33.2676,route.high.reduced.r3.menu-camp,CoveredLoading,2
5045,182028.304,31.6567,route.high.reduced.r3.menu-camp,CoveredLoading,2
5046,182095.8899,67.5858,route.high.reduced.r3.menu-camp,CoveredLoading,2
5047,182136.3807,40.4908,route.high.reduced.r3.menu-camp,CoveredLoading,2
5048,182163.4929,27.1122,route.high.reduced.r3.menu-camp,CoveredLoading,2
5049,182229.028,65.5352,route.high.reduced.r3.menu-camp,CoveredLoading,2
5050,182269.6392,40.6111,route.high.reduced.r3.menu-camp,CoveredLoading,2
5051,182311.4526,41.8134,route.high.reduced.r3.menu-camp,CoveredLoading,2
5052,182347.1331,35.6805,route.high.reduced.r3.menu-camp,CoveredLoading,2
5053,182379.41,32.2771,route.high.reduced.r3.menu-camp,CoveredLoading,2
5054,182402.0298,22.6197,route.high.reduced.r3.menu-camp,CoveredLoading,2
5055,182464.1988,62.1689,route.high.reduced.r3.menu-camp,CoveredLoading,2
5056,182488.4436,24.2449,route.high.reduced.r3.menu-camp,CoveredLoading,2
5057,182531.8605,43.4163,route.high.reduced.r3.menu-camp,CoveredLoading,2
5058,182577.8844,46.0246,route.high.reduced.r3.menu-camp,CoveredLoading,2
5059,182625.6076,47.7227,route.high.reduced.r3.menu-camp,CoveredLoading,2
5060,182660.43,34.8228,route.high.reduced.r3.menu-camp,CoveredLoading,2
5061,182717.493,57.063,route.high.reduced.r3.menu-camp,CoveredLoading,2
5062,182731.0531,13.56,route.high.reduced.r3.menu-camp,CoveredLoading,2
5063,182787.6891,56.6361,route.high.reduced.r3.menu-camp,CoveredLoading,2
5064,182830.8726,43.1835,route.high.reduced.r3.menu-camp,Preparing,2
5065,182901.2924,70.4196,route.high.reduced.r3.menu-camp,Preparing,2
5066,182920.5381,19.2458,route.high.reduced.r3.menu-camp,Revealing,2
5067,182993.8457,73.3077,route.high.reduced.r3.menu-camp,Revealing,2
5068,183029.11,35.2643,route.high.reduced.r3.menu-camp,Revealing,2
5069,183061.7449,32.6349,route.high.reduced.r3.menu-camp,Revealing,2
5070,183108.0253,46.2804,route.high.reduced.r3.menu-camp,Revealing,2
5071,183160.5735,52.5482,route.high.reduced.r3.menu-camp,Idle,2
5072,183194.9161,34.3426,audit.snapshot.route.high.reduced.r3.menu-camp.ready,Idle,2
5073,183260.4676,65.5514,audit.snapshot.route.high.reduced.r3.menu-camp.ready,Idle,2
5074,183296.2499,35.7823,audit.snapshot.route.high.reduced.r3.menu-camp.ready,Idle,2
5075,183342.7247,46.4749,audit.snapshot.route.high.reduced.r3.menu-camp.ready,Idle,2
5076,183379.4137,36.6889,audit.snapshot.route.high.reduced.r3.menu-camp.ready,Idle,2
5077,183411.2379,31.8243,audit.snapshot.route.high.reduced.r3.menu-camp.ready,Idle,2
5078,183444.3042,33.0663,audit.snapshot.route.high.reduced.r3.menu-camp.ready,Idle,2
5079,183514.1873,69.8832,audit.snapshot.route.high.reduced.r3.menu-camp.ready,Idle,2
5080,183536.956,22.7686,audit.snapshot.route.high.reduced.r3.menu-camp.ready,Idle,2
5081,183584.2463,47.2903,audit.snapshot.route.high.reduced.r3.menu-camp.ready,Idle,2
5082,183604.4964,20.25,audit.snapshot.route.high.reduced.r3.menu-camp.ready,Idle,2
5083,183663.3688,58.8725,audit.snapshot.route.high.reduced.r3.menu-camp.ready,Idle,2
5084,183707.9099,44.541,audit.snapshot.route.high.reduced.r3.menu-camp.ready,Idle,2
5085,183744.904,36.9942,audit.snapshot.route.high.reduced.r3.menu-camp.ready,Idle,2
5086,183792.9298,48.0258,audit.snapshot.route.high.reduced.r3.menu-camp.ready,Idle,2
5087,183811.6798,18.75,audit.snapshot.route.high.reduced.r3.menu-camp.ready,Idle,2
5088,183846.4787,34.7987,audit.snapshot.route.high.reduced.r3.menu-camp.ready,Idle,2
5089,183897.416,50.9375,audit.snapshot.route.high.reduced.r3.menu-camp.ready,Idle,2
5090,183912.3142,14.8982,audit.snapshot.route.high.reduced.r3.menu-camp.ready,Idle,2
5091,183975.1723,62.8582,audit.snapshot.route.high.reduced.r3.menu-camp.ready,Idle,2
5092,183999.9429,24.7706,route.high.reduced.r3.camp-menu,Covering,2
5093,184021.9835,22.0404,route.high.reduced.r3.camp-menu,Covering,2
5094,184044.9004,22.917,route.high.reduced.r3.camp-menu,Covering,2
5095,184093.0038,48.1034,route.high.reduced.r3.camp-menu,Covering,2
5096,184130.0471,37.0432,route.high.reduced.r3.camp-menu,Covering,2
5097,184170.1036,40.0566,route.high.reduced.r3.camp-menu,CoveredLoading,2
5098,184180.2595,10.1559,route.high.reduced.r3.camp-menu,CoveredLoading,2
5099,184507.0984,326.8389,route.high.reduced.r3.camp-menu,CoveredLoading,2
5100,185653.4557,1146.3572,route.high.reduced.r3.camp-menu,CoveredLoading,2
5101,185676.5859,23.1303,route.high.reduced.r3.camp-menu,CoveredLoading,2
5102,185700.3044,23.7185,route.high.reduced.r3.camp-menu,CoveredLoading,2
5103,185724.6834,24.3789,route.high.reduced.r3.camp-menu,CoveredLoading,2
5104,185737.8616,13.1783,route.high.reduced.r3.camp-menu,CoveredLoading,2
5105,185767.1434,29.2817,route.high.reduced.r3.camp-menu,CoveredLoading,2
5106,185790.2561,23.1128,route.high.reduced.r3.camp-menu,CoveredLoading,2
5107,185816.1752,25.9192,route.high.reduced.r3.camp-menu,CoveredLoading,2
5108,185843.3244,27.1491,route.high.reduced.r3.camp-menu,CoveredLoading,2
5109,185867.59,24.2656,route.high.reduced.r3.camp-menu,CoveredLoading,2
5110,185925.1235,57.5333,route.high.reduced.r3.camp-menu,CoveredLoading,2
5111,185936.0541,10.9308,route.high.reduced.r3.camp-menu,CoveredLoading,2
5112,185957.3974,21.3434,route.high.reduced.r3.camp-menu,CoveredLoading,2
5113,185983.768,26.3705,route.high.reduced.r3.camp-menu,CoveredLoading,2
5114,186011.1935,27.4255,route.high.reduced.r3.camp-menu,CoveredLoading,2
5115,186051.5569,40.3634,route.high.reduced.r3.camp-menu,CoveredLoading,2
5116,186089.8515,38.2946,route.high.reduced.r3.camp-menu,CoveredLoading,2
5117,186100.7413,10.8898,route.high.reduced.r3.camp-menu,CoveredLoading,2
5118,186123.3092,22.5679,route.high.reduced.r3.camp-menu,CoveredLoading,2
5119,186148.9548,25.6456,route.high.reduced.r3.camp-menu,CoveredLoading,2
5120,186174.035,25.0802,route.high.reduced.r3.camp-menu,CoveredLoading,2
5121,186207.0128,32.9778,route.high.reduced.r3.camp-menu,CoveredLoading,2
5122,186221.6385,14.6256,route.high.reduced.r3.camp-menu,CoveredLoading,2
5123,186242.5879,20.9495,route.high.reduced.r3.camp-menu,CoveredLoading,2
5124,186273.1928,30.6048,route.high.reduced.r3.camp-menu,CoveredLoading,2
5125,186289.6538,16.4611,route.high.reduced.r3.camp-menu,CoveredLoading,2
5126,186308.4807,18.827,route.high.reduced.r3.camp-menu,CoveredLoading,2
5127,186330.9995,22.5187,route.high.reduced.r3.camp-menu,CoveredLoading,2
5128,186347.9278,16.9282,route.high.reduced.r3.camp-menu,CoveredLoading,2
5129,186366.9153,18.9877,route.high.reduced.r3.camp-menu,CoveredLoading,2
5130,186387.2421,20.3266,route.high.reduced.r3.camp-menu,CoveredLoading,2
5131,186405.9414,18.6994,route.high.reduced.r3.camp-menu,CoveredLoading,2
5132,186423.8629,17.9215,route.high.reduced.r3.camp-menu,CoveredLoading,2
5133,186444.3349,20.4721,route.high.reduced.r3.camp-menu,CoveredLoading,2
5134,186461.5814,17.2464,route.high.reduced.r3.camp-menu,CoveredLoading,2
5135,186482.893,21.3115,route.high.reduced.r3.camp-menu,CoveredLoading,2
5136,186511.0257,28.1328,route.high.reduced.r3.camp-menu,CoveredLoading,2
5137,186541.4857,30.46,route.high.reduced.r3.camp-menu,CoveredLoading,2
5138,186568.4218,26.936,route.high.reduced.r3.camp-menu,CoveredLoading,2
5139,186579.4844,11.0628,route.high.reduced.r3.camp-menu,CoveredLoading,2
5140,186596.035,16.5505,route.high.reduced.r3.camp-menu,CoveredLoading,2
5141,186617.1517,21.1166,route.high.reduced.r3.camp-menu,CoveredLoading,2
5142,186638.5624,21.4107,route.high.reduced.r3.camp-menu,CoveredLoading,2
5143,186658.3534,19.7911,route.high.reduced.r3.camp-menu,Preparing,2
5144,186684.2318,25.8784,route.high.reduced.r3.camp-menu,Preparing,2
5145,186697.275,13.0432,route.high.reduced.r3.camp-menu,Preparing,2
5146,186718.0283,20.7532,route.high.reduced.r3.camp-menu,Preparing,2
5147,186743.3822,25.354,route.high.reduced.r3.camp-menu,Preparing,2
5148,186760.7672,17.385,route.high.reduced.r3.camp-menu,Revealing,2
5149,186781.4898,20.7227,route.high.reduced.r3.camp-menu,Revealing,2
5150,186801.6294,20.1394,route.high.reduced.r3.camp-menu,Revealing,2
5151,186821.4597,19.8304,route.high.reduced.r3.camp-menu,Revealing,2
5152,186842.0503,20.5906,route.high.reduced.r3.camp-menu,Revealing,2
5153,186859.8209,17.7707,route.high.reduced.r3.camp-menu,Revealing,2
5154,186884.006,24.1851,route.high.reduced.r3.camp-menu,Revealing,2
5155,186903.9918,19.9857,route.high.reduced.r3.camp-menu,Revealing,2
5156,186922.1655,18.1736,route.high.reduced.r3.camp-menu,Revealing,2
5157,186954.1716,32.0061,route.high.reduced.r3.camp-menu,Revealing,2
5158,186966.7864,12.615,route.high.reduced.r3.camp-menu,Idle,2
5159,186994.4689,27.6824,audit.snapshot.route.high.reduced.r3.camp-menu.ready,Idle,2
5160,187015.4059,20.9369,audit.snapshot.route.high.reduced.r3.camp-menu.ready,Idle,2
5161,187034.5881,19.1822,audit.snapshot.route.high.reduced.r3.camp-menu.ready,Idle,2
5162,187055.1497,20.5616,audit.snapshot.route.high.reduced.r3.camp-menu.ready,Idle,2
5163,187086.7831,31.6334,audit.snapshot.route.high.reduced.r3.camp-menu.ready,Idle,2
5164,187118.4262,31.6432,audit.snapshot.route.high.reduced.r3.camp-menu.ready,Idle,2
5165,187127.2577,8.8316,audit.snapshot.route.high.reduced.r3.camp-menu.ready,Idle,2
5166,187150.8763,23.6186,audit.snapshot.route.high.reduced.r3.camp-menu.ready,Idle,2
5167,187186.951,36.0745,audit.snapshot.route.high.reduced.r3.camp-menu.ready,Idle,2
5168,187198.4542,11.5033,audit.snapshot.route.high.reduced.r3.camp-menu.ready,Idle,2
5169,187225.8797,27.4255,audit.snapshot.route.high.reduced.r3.camp-menu.ready,Idle,2
5170,187240.5459,14.6663,audit.snapshot.route.high.reduced.r3.camp-menu.ready,Idle,2
5171,187256.6103,16.0643,audit.snapshot.route.high.reduced.r3.camp-menu.ready,Idle,2
5172,187277.0093,20.399,audit.snapshot.route.high.reduced.r3.camp-menu.ready,Idle,2
5173,187294.3474,17.3382,audit.snapshot.route.high.reduced.r3.camp-menu.ready,Idle,2
5174,187314.9299,20.5824,audit.snapshot.route.high.reduced.r3.camp-menu.ready,Idle,2
5175,187333.9812,19.0513,audit.snapshot.route.high.reduced.r3.camp-menu.ready,Idle,2
5176,187354.1825,20.2012,audit.snapshot.route.high.reduced.r3.camp-menu.ready,Idle,2
5177,187372.8957,18.7134,audit.snapshot.route.high.reduced.r3.camp-menu.ready,Idle,2
5178,187404.5805,31.6848,audit.snapshot.route.high.reduced.r3.camp-menu.ready,Idle,2
5179,187436.3997,31.8192,route.high.to-spring,Covering,2
5180,187489.4113,53.0115,route.high.to-spring,Covering,2
5181,187511.1967,21.7854,route.high.to-spring,Covering,2
5182,187530.7813,19.5846,route.high.to-spring,Covering,2
5183,187550.7618,19.9805,route.high.to-spring,Covering,2
5184,187586.9861,36.2243,route.high.to-spring,Covering,2
5185,187622.7977,35.8116,route.high.to-spring,Covering,2
5186,187640.9052,18.1074,route.high.to-spring,Covering,2
5187,187666.1022,25.1971,route.high.to-spring,Covering,2
5188,187688.5007,22.3984,route.high.to-spring,Covering,2
5189,187710.9751,22.4745,route.high.to-spring,Covering,2
5190,187733.4845,22.5093,route.high.to-spring,Covering,2
5191,187756.1423,22.6579,route.high.to-spring,Covering,2
5192,187779.1069,22.9646,route.high.to-spring,Covering,2
5193,187803.9483,24.8414,route.high.to-spring,Covering,2
5194,187823.5448,19.5966,route.high.to-spring,Covering,2
5195,187848.6456,25.1007,route.high.to-spring,Covering,2
5196,187871.7361,23.0906,route.high.to-spring,Covering,2
5197,187892.4887,20.7525,route.high.to-spring,Covering,2
5198,187916.1713,23.6826,route.high.to-spring,Covering,2
5199,187939.0675,22.8962,route.high.to-spring,Covering,2
5200,187960.4678,21.3928,route.high.to-spring,Covering,2
5201,187986.707,26.2467,route.high.to-spring,Covering,2
5202,188020.8512,34.1441,route.high.to-spring,Covering,2
5203,188037.2388,16.3878,route.high.to-spring,Covering,2
5204,188056.618,19.379,route.high.to-spring,Covering,2
5205,188082.0152,25.3973,route.high.to-spring,Covering,2
5206,188105.1259,23.1106,route.high.to-spring,Covering,2
5207,188126.6422,21.5164,route.high.to-spring,Covering,2
5208,188155.9207,29.2785,route.high.to-spring,Covering,2
5209,188192.3664,36.4457,route.high.to-spring,Covering,2
5210,188211.0675,18.7012,route.high.to-spring,Covering,2
5211,188236.8772,25.8097,route.high.to-spring,Covering,2
5212,188263.8556,26.9783,route.high.to-spring,Covering,2
5213,188287.1976,23.3419,route.high.to-spring,Covering,2
5214,188312.2034,25.0059,route.high.to-spring,Covering,2
5215,188352.2159,40.0124,route.high.to-spring,Covering,2
5216,188375.9748,23.7589,route.high.to-spring,Covering,2
5217,188403.6944,27.7195,route.high.to-spring,Covering,2
5218,188434.1039,30.4097,route.high.to-spring,Covering,2
5219,188467.8017,33.6978,route.high.to-spring,Covering,2
5220,188498.966,31.1643,route.high.to-spring,Covering,2
5221,188532.9222,33.9562,route.high.to-spring,Covering,2
5222,188565.791,32.8688,route.high.to-spring,Covering,2
5223,188608.7885,42.9974,route.high.to-spring,Covering,2
5224,188642.3381,33.5497,route.high.to-spring,Covering,2
5225,188661.5325,19.1942,route.high.to-spring,Covering,2
5226,188691.2121,29.6798,route.high.to-spring,Covering,2
5227,188720.4065,29.1943,route.high.to-spring,Covering,2
5228,188750.8473,30.4409,route.high.to-spring,Covering,2
5229,188781.5818,30.7346,route.high.to-spring,Covering,2
5230,188807.7447,26.1628,route.high.to-spring,Covering,2
5231,188834.4734,26.7287,route.high.to-spring,Covering,2
5232,188857.7249,23.2515,route.high.to-spring,Covering,2
5233,188897.1377,39.4128,route.high.to-spring,Covering,2
5234,188917.2191,20.0814,route.high.to-spring,Covering,2
5235,188945.889,28.6699,route.high.to-spring,Covering,2
5236,188974.028,28.1391,route.high.to-spring,Covering,2
5237,188998.8165,24.7884,route.high.to-spring,Covering,2
5238,189027.0876,28.271,route.high.to-spring,CoveredLoading,2
5239,189058.1058,31.0183,route.high.to-spring,CoveredLoading,2
5240,189303.2287,245.1228,route.high.to-spring,CoveredLoading,2
5241,190120.5361,817.3071,route.high.to-spring,CoveredLoading,2
5242,190148.4745,27.9388,route.high.to-spring,CoveredLoading,2
5243,190194.1371,45.6626,route.high.to-spring,CoveredLoading,2
5244,190251.1899,57.0529,route.high.to-spring,CoveredLoading,2
5245,190280.9138,29.7238,route.high.to-spring,CoveredLoading,2
5246,190321.0272,40.1133,route.high.to-spring,CoveredLoading,2
5247,190371.8882,50.861,route.high.to-spring,CoveredLoading,2
5248,190421.8016,49.9134,route.high.to-spring,CoveredLoading,2
5249,190495.7146,73.9131,route.high.to-spring,CoveredLoading,2
5250,190522.3785,26.6638,route.high.to-spring,CoveredLoading,2
5251,190623.9031,101.5245,route.high.to-spring,CoveredLoading,2
5252,190635.7896,11.8867,route.high.to-spring,CoveredLoading,2
5253,190675.5528,39.7629,route.high.to-spring,CoveredLoading,2
5254,190710.6315,35.079,route.high.to-spring,CoveredLoading,2
5255,190761.8626,51.2311,route.high.to-spring,CoveredLoading,2
5256,190845.6651,83.8024,route.high.to-spring,CoveredLoading,2
5257,190875.2764,29.6115,route.high.to-spring,CoveredLoading,2
5258,190910.5403,35.2639,route.high.to-spring,CoveredLoading,2
5259,190952.0097,41.4693,route.high.to-spring,CoveredLoading,2
5260,190993.6039,41.5942,route.high.to-spring,CoveredLoading,2
5261,191040.3252,46.7212,route.high.to-spring,CoveredLoading,2
5262,191071.4963,31.1711,route.high.to-spring,CoveredLoading,2
5263,191126.7773,55.2811,route.high.to-spring,CoveredLoading,2
5264,191160.7813,34.004,route.high.to-spring,Preparing,2
5265,191213.7709,52.9896,route.high.to-spring,Preparing,2
5266,191241.0817,27.3108,route.high.to-spring,Preparing,2
5267,191307.5696,66.4879,route.high.to-spring,Preparing,2
5268,191337.9902,30.4206,route.high.to-spring,Preparing,2
5269,191368.7736,30.7834,route.high.to-spring,Preparing,2
5270,191403.3153,34.5417,route.high.to-spring,Revealing,2
5271,191446.0845,42.7692,route.high.to-spring,Revealing,2
5272,191509.2556,63.171,route.high.to-spring,Revealing,2
5273,191528.3932,19.1378,route.high.to-spring,Revealing,2
5274,191585.0711,56.6778,route.high.to-spring,Revealing,2
5275,191605.016,19.9448,route.high.to-spring,Revealing,2
5276,191672.897,67.8811,route.high.to-spring,Revealing,2
5277,191688.2662,15.3692,route.high.to-spring,Revealing,2
5278,191746.0259,57.7597,route.high.to-spring,Revealing,2
5279,191770.3985,24.3726,route.high.to-spring,Revealing,2
5280,191820.8395,50.4407,route.high.to-spring,Revealing,2
5281,191853.9264,33.0871,route.high.to-spring,Revealing,2
5282,191894.0044,40.0781,route.high.to-spring,Revealing,2
5283,191931.4629,37.4586,route.high.to-spring,Revealing,2
5284,191970.6228,39.1598,route.high.to-spring,Revealing,2
5285,192025.9594,55.3367,route.high.to-spring,Revealing,2
5286,192057.0128,31.0533,route.high.to-spring,Revealing,2
5287,192098.6752,41.6624,route.high.to-spring,Revealing,2
5288,192135.6956,37.0204,route.high.to-spring,Revealing,2
5289,192195.4708,59.7751,route.high.to-spring,Revealing,2
5290,192211.306,15.8353,route.high.to-spring,Revealing,2
5291,192242.605,31.2989,route.high.to-spring,Revealing,2
5292,192279.386,36.7811,route.high.to-spring,Revealing,2
5293,192305.0664,25.6804,route.high.to-spring,Revealing,2
5294,192333.0047,27.9383,route.high.to-spring,Revealing,2
5295,192378.2739,45.2692,route.high.to-spring,Revealing,2
5296,192392.7312,14.4573,route.high.to-spring,Revealing,2
5297,192422.9628,30.2316,route.high.to-spring,Revealing,2
5298,192449.5671,26.6043,route.high.to-spring,Revealing,2
5299,192480.0288,30.4617,route.high.to-spring,Revealing,2
5300,192525.7886,45.7598,route.high.to-spring,Revealing,2
5301,192540.7203,14.9316,route.high.to-spring,Revealing,2
5302,192584.4674,43.7472,route.high.to-spring,Revealing,2
5303,192598.4337,13.9663,route.high.to-spring,Revealing,2
5304,192634.8099,36.3763,route.high.to-spring,Revealing,2
5305,192654.2638,19.4537,route.high.to-spring,Revealing,2
5306,192678.0185,23.7546,route.high.to-spring,Revealing,2
5307,192713.7495,35.7308,route.high.to-spring,Revealing,2
5308,192748.8683,35.1192,route.high.to-spring,Revealing,2
5309,192773.4684,24.5999,route.high.to-spring,Revealing,2
5310,192802.8031,29.3349,route.high.to-spring,Idle,2
5311,192878.4743,75.6713,audit.snapshot.route.high.to-spring.ready,Idle,2
5312,192895.4582,16.9838,audit.snapshot.route.high.to-spring.ready,Idle,2
5313,192922.5797,27.1215,audit.snapshot.route.high.to-spring.ready,Idle,2
5314,192952.3397,29.7598,audit.snapshot.route.high.to-spring.ready,Idle,2
5315,192992.7854,40.4458,audit.snapshot.route.high.to-spring.ready,Idle,2
5316,193031.1517,38.3663,audit.snapshot.route.high.to-spring.ready,Idle,2
5317,193050.3516,19.2,audit.snapshot.route.high.to-spring.ready,Idle,2
5318,193062.6291,12.2776,audit.snapshot.route.high.to-spring.ready,Idle,2
5319,193107.9156,45.2864,audit.snapshot.route.high.to-spring.ready,Idle,2
5320,193120.396,12.4804,audit.snapshot.route.high.to-spring.ready,Idle,2
5321,193167.4745,47.0785,audit.snapshot.route.high.to-spring.ready,Idle,2
5322,193179.6884,12.2139,audit.snapshot.route.high.to-spring.ready,Idle,2
5323,193200.5087,20.8203,audit.snapshot.route.high.to-spring.ready,Idle,2
5324,193229.486,28.9773,audit.snapshot.route.high.to-spring.ready,Idle,2
5325,193257.5953,28.1092,audit.snapshot.route.high.to-spring.ready,Idle,2
5326,193284.8355,27.2404,audit.snapshot.route.high.to-spring.ready,Idle,2
5327,193332.8737,48.0381,audit.snapshot.route.high.to-spring.ready,Idle,2
5328,193358.0682,25.1945,audit.snapshot.route.high.to-spring.ready,Idle,2
5329,193392.9796,34.9114,audit.snapshot.route.high.to-spring.ready,Idle,2
5330,193405.6059,12.6264,audit.snapshot.route.high.to-spring.ready,Idle,2
5331,193444.6283,39.0223,audit.snapshot.route.high.to-spring.ready,Idle,2
5332,193456.2146,11.5863,audit.snapshot.route.high.to-spring.ready,Idle,2
5333,193480.2669,24.0523,audit.snapshot.route.high.to-spring.ready,Idle,2
5334,193507.7807,27.5138,audit.snapshot.route.high.to-spring.ready,Idle,2
5335,193533.2256,25.4449,audit.snapshot.route.high.to-spring.ready,Idle,2
5336,193560.1079,26.8823,audit.snapshot.route.high.to-spring.ready,Idle,2
5337,193584.1768,24.069,audit.snapshot.route.high.to-spring.ready,Idle,2
5338,193609.5157,25.3389,audit.snapshot.route.high.to-spring.ready,Idle,2
5339,193633.7107,24.1948,audit.snapshot.route.high.to-spring.ready,Idle,2
5340,193661.0202,27.3096,audit.snapshot.route.high.to-spring.ready,Idle,2
5341,193689.2356,28.2154,audit.snapshot.route.high.to-spring.ready,Idle,2
5342,193714.3081,25.0726,audit.snapshot.route.high.to-spring.ready,Idle,2
5343,193743.4823,29.1741,audit.snapshot.route.high.to-spring.ready,Idle,2
5344,193768.2434,24.7611,audit.snapshot.route.high.to-spring.ready,Idle,2
5345,193793.541,25.2976,audit.snapshot.route.high.to-spring.ready,Idle,2
5346,193817.6805,24.1395,audit.snapshot.route.high.to-spring.ready,Idle,2
5347,193856.85,39.1695,audit.snapshot.route.high.to-spring.ready,Idle,2
5348,193889.1447,32.2947,audit.snapshot.route.high.to-spring.ready,Idle,2
5349,193904.4117,15.2671,audit.snapshot.route.high.to-spring.ready,Idle,2
5350,193947.0602,42.6483,audit.snapshot.route.high.to-spring.ready,Idle,2
5351,193989.2792,42.2189,audit.snapshot.route.high.to-spring.ready,Idle,2
5352,194011.8951,22.616,audit.snapshot.route.high.to-spring.ready,Idle,2
5353,194041.6249,29.7299,audit.snapshot.route.high.to-spring.ready,Idle,2
5354,194076.36,34.7351,audit.snapshot.route.high.to-spring.ready,Idle,2
5355,194124.2156,47.8555,audit.snapshot.route.high.to-spring.ready,Idle,2
5356,194175.0502,50.8347,camp.spring.high.solved,Idle,2
5357,194185.2933,10.2431,camp.spring.high.solved,Idle,2
5358,194225.3544,40.0611,camp.spring.high.solved,Idle,2
5359,194259.7752,34.4208,camp.spring.high.solved,Idle,2
5360,194289.4002,29.6249,camp.spring.high.solved,Idle,2
5361,194325.2248,35.8247,camp.spring.high.solved,Idle,2
5362,194359.0167,33.7919,camp.spring.high.solved,Idle,2
5363,194391.364,32.3474,camp.spring.high.solved,Idle,2
5364,194425.612,34.2478,camp.spring.high.solved,Idle,2
5365,194484.2729,58.661,camp.spring.high.solved,Idle,2
5366,194495.8174,11.5445,camp.spring.high.solved,Idle,2
5367,194532.9615,37.1441,camp.spring.high.solved,Idle,2
5368,194557.4087,24.4472,camp.spring.high.solved,Idle,2
5369,194616.8501,59.4414,camp.spring.high.solved,Idle,2
5370,194650.8201,33.97,camp.spring.high.solved,Idle,2
5371,194666.2781,15.458,camp.spring.high.solved,Idle,2
5372,194716.52,50.2419,camp.spring.high.solved,Idle,2
5373,194755.2776,38.7575,camp.spring.high.solved,Idle,2
5374,194772.7445,17.4667,camp.spring.high.solved,Idle,2
5375,194789.8273,17.083,camp.spring.high.solved,Idle,2
5376,194811.5184,21.691,camp.spring.high.solved,Idle,2
5377,194857.4293,45.911,camp.spring.high.solved,Idle,2
5378,194878.6587,21.2296,camp.spring.high.solved,Idle,2
5379,194908.2276,29.5688,camp.spring.high.solved,Idle,2
5380,194940.2541,32.0265,camp.spring.high.solved,Idle,2
5381,194964.5089,24.2547,camp.spring.high.solved,Idle,2
5382,194987.3303,22.8213,camp.spring.high.solved,Idle,2
5383,195014.4403,27.1103,camp.spring.high.solved,Idle,2
5384,195041.88,27.4396,camp.spring.high.solved,Idle,2
5385,195083.2889,41.4088,camp.spring.high.solved,Idle,2
5386,195113.7702,30.4815,camp.spring.high.solved,Idle,2
5387,195127.8148,14.0445,camp.spring.high.solved,Idle,2
5388,195155.8886,28.0737,camp.spring.high.solved,Idle,2
5389,195185.9169,30.0284,camp.spring.high.solved,Idle,2
5390,195211.5052,25.5881,camp.spring.high.solved,Idle,2
5391,195240.9682,29.4632,camp.spring.high.solved,Idle,2
5392,195282.3247,41.3565,camp.spring.high.solved,Idle,2
5393,195310.4289,28.1041,camp.spring.high.solved,Idle,2
5394,195334.5847,24.1558,camp.spring.high.solved,Idle,2
5395,195345.7555,11.171,camp.spring.high.solved,Idle,2
5396,195379.9686,34.213,camp.spring.high.solved,Idle,2
5397,195403.99,24.0214,camp.spring.high.solved,Idle,2
5398,195427.2915,23.3015,camp.spring.high.solved,Idle,2
5399,195463.902,36.6104,camp.spring.high.solved,Idle,2
5400,195491.7807,27.8788,camp.spring.high.solved,Idle,2
5401,195528.1981,36.4174,camp.spring.high.solved,Idle,2
5402,195577.7412,49.5431,camp.spring.high.solved,Idle,2
5403,195601.8041,24.0629,camp.spring.high.solved,Idle,2
5404,195627.9402,26.1361,camp.spring.high.solved,Idle,2
5405,195677.524,49.5838,camp.spring.high.solved,Idle,2
5406,195700.5375,23.0135,camp.spring.high.solved,Idle,2
5407,195756.2053,55.6678,camp.spring.high.solved,Idle,2
5408,195771.6233,15.4178,camp.spring.high.solved,Idle,2
5409,195804.8745,33.2514,camp.spring.high.solved,Idle,2
5410,195832.6717,27.7971,camp.spring.high.solved,Idle,2
5411,195864.7069,32.0352,camp.spring.high.solved,Idle,2
5412,195899.9557,35.2489,camp.spring.high.solved,Idle,2
5413,195945.6142,45.6585,camp.spring.high.solved,Idle,2
5414,195978.4038,32.7896,camp.spring.high.solved,Idle,2
5415,196018.9214,40.5176,camp.spring.high.solved,Idle,2
5416,196045.0506,26.1291,camp.spring.high.solved,Idle,2
5417,196054.3099,9.2594,camp.spring.high.solved,Idle,2
5418,196089.1968,34.8869,camp.spring.high.solved,Idle,2
5419,196111.1191,21.9221,camp.spring.high.solved,Idle,2
5420,196142.5234,31.4045,camp.spring.high.solved,Idle,2
5421,196180.0958,37.5724,camp.spring.high.solved,Idle,2
5422,196204.5049,24.409,camp.spring.high.solved,Idle,2
5423,196227.7416,23.2368,camp.spring.high.solved,Idle,2
5424,196271.0734,43.3318,camp.spring.high.solved,Idle,2
5425,196290.8795,19.806,camp.spring.high.solved,Idle,2
5426,196311.7619,20.8825,camp.spring.high.solved,Idle,2
5427,196339.493,27.7311,camp.spring.high.solved,Idle,2
5428,196364.6587,25.1657,camp.spring.high.solved,Idle,2
5429,196410.5457,45.887,camp.spring.high.solved,Idle,2
5430,196424.235,13.6893,camp.spring.high.solved,Idle,2
5431,196455.2218,30.9869,camp.spring.high.solved,Idle,2
5432,196485.1264,29.9045,camp.spring.high.solved,Idle,2
5433,196511.3729,26.2465,camp.spring.high.solved,Idle,2
5434,196539.2402,27.8674,camp.spring.high.solved,Idle,2
5435,196564.4984,25.2581,camp.spring.high.solved,Idle,2
5436,196604.2895,39.791,camp.spring.high.solved,Idle,2
5437,196628.4574,24.168,camp.spring.high.solved,Idle,2
5438,196656.8768,28.4194,camp.spring.high.solved,Idle,2
5439,196670.3474,13.4707,camp.spring.high.solved,Idle,2
5440,196700.459,30.1114,camp.spring.high.solved,Idle,2
5441,196721.9361,21.4772,camp.spring.high.solved,Idle,2
5442,196767.1317,45.1956,camp.spring.high.solved,Idle,2
5443,196804.6025,37.4708,camp.spring.high.solved,Idle,2
5444,196813.4121,8.8096,camp.spring.high.solved,Idle,2
5445,196851.3552,37.9432,camp.spring.high.solved,Idle,2
5446,196864.9173,13.562,camp.spring.high.solved,Idle,2
5447,196892.1538,27.2365,camp.spring.high.solved,Idle,2
5448,196921.3456,29.1918,camp.spring.high.solved,Idle,2
5449,196943.2285,21.883,camp.spring.high.solved,Idle,2
5450,196971.9291,28.7005,camp.spring.high.solved,Idle,2
5451,197012.6009,40.6717,camp.spring.high.solved,Idle,2
5452,197053.6331,41.0322,camp.spring.high.solved,Idle,2
5453,197078.5095,24.8765,camp.spring.high.solved,Idle,2
5454,197088.8425,10.333,camp.spring.high.solved,Idle,2
5455,197118.0131,29.1706,camp.spring.high.solved,Idle,2
5456,197156.8253,38.8122,camp.spring.high.solved,Idle,2
5457,197177.9293,21.1041,camp.spring.high.solved,Idle,2
5458,197221.9387,44.0093,camp.spring.high.solved,Idle,2
5459,197247.4554,25.5167,camp.spring.high.solved,Idle,2
5460,197258.4476,10.9922,camp.spring.high.solved,Idle,2
5461,197301.3274,42.8798,camp.spring.high.solved,Idle,2
5462,197318.671,17.3437,camp.spring.high.solved,Idle,2
5463,197344.4485,25.7775,camp.spring.high.solved,Idle,2
5464,197366.8651,22.4165,camp.spring.high.solved,Idle,2
5465,197415.3165,48.4514,camp.spring.high.solved,Idle,2
5466,197451.1094,35.7928,camp.spring.high.solved,Idle,2
5467,197475.7681,24.6588,camp.spring.high.solved,Idle,2
5468,197486.8809,11.1128,camp.spring.high.solved,Idle,2
5469,197520.6236,33.7426,camp.spring.high.solved,Idle,2
5470,197547.6023,26.9789,camp.spring.high.solved,Idle,2
5471,197570.8963,23.2939,camp.spring.high.solved,Idle,2
5472,197594.2021,23.3058,camp.spring.high.solved,Idle,2
5473,197637.4776,43.2756,camp.spring.high.solved,Idle,2
5474,197666.3267,28.8489,camp.spring.high.solved,Idle,2
5475,197704.9663,38.6396,camp.spring.high.solved,Idle,2
5476,197728.0014,23.0351,camp.spring.high.solved,Idle,2
5477,197739.9773,11.976,camp.spring.high.solved,Idle,2
5478,197770.0061,30.0287,camp.spring.high.solved,Idle,2
5479,197787.887,17.881,camp.spring.high.solved,Idle,2
5480,197828.2093,40.3222,camp.spring.high.solved,Idle,2
5481,197856.9021,28.6929,camp.spring.high.solved,Idle,2
5482,197887.1788,30.2767,camp.spring.high.solved,Idle,2
5483,197898.4814,11.3027,camp.spring.high.solved,Idle,2
5484,197929.8669,31.3854,camp.spring.high.solved,Idle,2
5485,197954.3463,24.4795,camp.spring.high.solved,Idle,2
5486,197981.1826,26.8362,camp.spring.high.solved,Idle,2
5487,198008.2024,27.0198,camp.spring.high.solved,Idle,2
5488,198032.0213,23.8189,camp.spring.high.solved,Idle,2
5489,198074.905,42.8837,camp.spring.high.solved,Idle,2
5490,198105.5902,30.6851,camp.spring.high.solved,Idle,2
5491,198124.1749,18.5847,camp.spring.high.solved,Idle,2
5492,198160.693,36.5182,camp.spring.high.solved,Idle,2
5493,198192.141,31.4479,camp.spring.high.solved,Idle,2
5494,198250.5322,58.3913,camp.spring.high.solved,Idle,2
5495,198280.9039,30.3717,camp.spring.high.solved,Idle,2
5496,198321.5489,40.6451,camp.spring.high.solved,Idle,2
5497,198333.074,11.525,camp.spring.high.solved,Idle,2
5498,198359.1196,26.0456,camp.spring.high.solved,Idle,2
5499,198387.2752,28.1555,camp.spring.high.solved,Idle,2
5500,198422.3438,35.0686,camp.spring.high.solved,Idle,2
5501,198444.2937,21.95,camp.spring.high.solved,Idle,2
5502,198488.6247,44.331,camp.spring.high.solved,Idle,2
5503,198515.7479,27.1233,camp.spring.high.solved,Idle,2
5504,198541.3532,25.6052,camp.spring.high.solved,Idle,2
5505,198573.1482,31.795,camp.spring.high.solved,Idle,2
5506,198585.8582,12.71,camp.spring.high.solved,Idle,2
5507,198611.1942,25.336,camp.spring.high.solved,Idle,2
5508,198633.0573,21.8631,camp.spring.high.solved,Idle,2
5509,198658.5666,25.5093,camp.spring.high.solved,Idle,2
5510,198685.76,27.1934,camp.spring.high.solved,Idle,2
5511,198730.447,44.687,camp.spring.high.solved,Idle,2
5512,198743.9849,13.5379,camp.spring.high.solved,Idle,2
5513,198776.9379,32.953,camp.spring.high.solved,Idle,2
5514,198805.9961,29.058,camp.spring.high.solved,Idle,2
5515,198829.3661,23.3702,camp.spring.high.solved,Idle,2
5516,198859.3377,29.9716,camp.spring.high.solved,Idle,2
5517,198911.6583,52.3207,camp.spring.high.solved,Idle,2
5518,198952.1596,40.5012,camp.spring.high.solved,Idle,2
5519,198960.9939,8.8342,camp.spring.high.solved,Idle,2
5520,198987.6458,26.6521,camp.spring.high.solved,Idle,2
5521,199013.9627,26.3169,camp.spring.high.solved,Idle,2
5522,199047.1044,33.1416,camp.spring.high.solved,Idle,2
5523,199071.0253,23.9208,camp.spring.high.solved,Idle,2
5524,199114.2212,43.196,camp.spring.high.solved,Idle,2
5525,199153.5243,39.3029,camp.spring.high.solved,Idle,2
5526,199166.5832,13.059,camp.spring.high.solved,Idle,2
5527,199207.9718,41.3886,camp.spring.high.solved,Idle,2
5528,199225.4756,17.5036,camp.spring.high.solved,Idle,2
5529,199245.2061,19.7307,camp.spring.high.solved,Idle,2
5530,199274.9534,29.7475,camp.spring.high.solved,Idle,2
5531,199298.2009,23.2474,camp.spring.high.solved,Idle,2
5532,199324.7745,26.5736,camp.spring.high.solved,Idle,2
5533,199380.2558,55.4814,camp.spring.high.solved,Idle,2
5534,199425.1872,44.9312,camp.spring.high.solved,Idle,2
5535,199438.175,12.9879,camp.spring.high.solved,Idle,2
5536,199482.2318,44.0568,route.high.to-autumn,Covering,2
5537,199543.1559,60.9241,route.high.to-autumn,Covering,2
5538,199595.3329,52.177,route.high.to-autumn,Covering,2
5539,199635.5301,40.1972,route.high.to-autumn,Covering,2
5540,199660.9127,25.3826,route.high.to-autumn,Covering,2
5541,199701.6752,40.7626,route.high.to-autumn,Covering,2
5542,199743.4848,41.8095,route.high.to-autumn,Covering,2
5543,199780.7577,37.2729,route.high.to-autumn,Covering,2
5544,199828.1823,47.4246,route.high.to-autumn,Covering,2
5545,199858.7391,30.5568,route.high.to-autumn,Covering,2
5546,199913.8328,55.0936,route.high.to-autumn,Covering,2
5547,199954.9332,41.1004,route.high.to-autumn,Covering,2
5548,199963.9746,9.0416,route.high.to-autumn,Covering,2
5549,199994.413,30.4383,route.high.to-autumn,Covering,2
5550,200025.6104,31.1974,route.high.to-autumn,Covering,2
5551,200051.63,26.0196,route.high.to-autumn,Covering,2
5552,200081.2189,29.5889,route.high.to-autumn,Covering,2
5553,200110.6456,29.4267,route.high.to-autumn,Covering,2
5554,200143.7576,33.112,route.high.to-autumn,Covering,2
5555,200201.5992,57.8415,route.high.to-autumn,Covering,2
5556,200216.6002,15.0011,route.high.to-autumn,Covering,2
5557,200257.2258,40.6256,route.high.to-autumn,Covering,2
5558,200294.1603,36.9345,route.high.to-autumn,Covering,2
5559,200339.4402,45.28,route.high.to-autumn,Covering,2
5560,200355.3249,15.8847,route.high.to-autumn,Covering,2
5561,200394.9366,39.6116,route.high.to-autumn,Covering,2
5562,200433.964,39.0275,route.high.to-autumn,Covering,2
5563,200472.1332,38.1691,route.high.to-autumn,Covering,2
5564,200512.4962,40.3629,route.high.to-autumn,Covering,2
5565,200550.246,37.7498,route.high.to-autumn,Covering,2
5566,200608.8514,58.6056,route.high.to-autumn,Covering,2
5567,200629.4404,20.5888,route.high.to-autumn,Covering,2
5568,200680.4333,50.993,route.high.to-autumn,Covering,2
5569,200723.5811,43.1476,route.high.to-autumn,Covering,2
5570,200745.1468,21.5659,route.high.to-autumn,Covering,2
5571,200780.8592,35.7124,route.high.to-autumn,Covering,2
5572,200823.1788,42.3196,route.high.to-autumn,Covering,2
5573,200851.5698,28.3911,route.high.to-autumn,Covering,2
5574,200890.2944,38.7245,route.high.to-autumn,Covering,2
5575,200927.2914,36.9969,route.high.to-autumn,Covering,2
5576,200963.0148,35.7235,route.high.to-autumn,Covering,2
5577,201011.639,48.6242,route.high.to-autumn,Covering,2
5578,201034.8518,23.2127,route.high.to-autumn,Covering,2
5579,201077.3274,42.4757,route.high.to-autumn,CoveredLoading,2
5580,201113.0812,35.7538,route.high.to-autumn,CoveredLoading,2
5581,201403.0029,289.9217,route.high.to-autumn,CoveredLoading,2
5582,202189.4815,786.4784,route.high.to-autumn,CoveredLoading,2
5583,202209.302,19.8207,route.high.to-autumn,CoveredLoading,2
5584,202250.249,40.947,route.high.to-autumn,CoveredLoading,2
5585,202285.2731,35.0241,route.high.to-autumn,CoveredLoading,2
5586,202327.6198,42.3467,route.high.to-autumn,CoveredLoading,2
5587,202346.467,18.847,route.high.to-autumn,CoveredLoading,2
5588,202366.2694,19.8026,route.high.to-autumn,CoveredLoading,2
5589,202407.928,41.6586,route.high.to-autumn,CoveredLoading,2
5590,202444.004,36.076,route.high.to-autumn,CoveredLoading,2
5591,202477.827,33.823,route.high.to-autumn,CoveredLoading,2
5592,202495.6921,17.8649,route.high.to-autumn,CoveredLoading,2
5593,202529.1799,33.4879,route.high.to-autumn,CoveredLoading,2
5594,202575.2603,46.0805,route.high.to-autumn,CoveredLoading,2
5595,202596.6773,21.417,route.high.to-autumn,CoveredLoading,2
5596,202639.9032,43.2258,route.high.to-autumn,CoveredLoading,2
5597,202676.2521,36.3489,route.high.to-autumn,CoveredLoading,2
5598,202707.782,31.53,route.high.to-autumn,CoveredLoading,2
5599,202736.0806,28.2986,route.high.to-autumn,CoveredLoading,2
5600,202784.9694,48.8887,route.high.to-autumn,CoveredLoading,2
5601,202827.6922,42.7228,route.high.to-autumn,CoveredLoading,2
5602,202863.7976,36.1055,route.high.to-autumn,CoveredLoading,2
5603,202893.8702,30.0725,route.high.to-autumn,CoveredLoading,2
5604,202927.6342,33.764,route.high.to-autumn,CoveredLoading,2
5605,202978.8137,51.1795,route.high.to-autumn,CoveredLoading,2
5606,202994.2417,15.428,route.high.to-autumn,CoveredLoading,2
5607,203039.4331,45.1916,route.high.to-autumn,CoveredLoading,2
5608,203080.0678,40.6345,route.high.to-autumn,CoveredLoading,2
5609,203103.7232,23.6555,route.high.to-autumn,CoveredLoading,2
5610,203149.6742,45.951,route.high.to-autumn,CoveredLoading,2
5611,203183.1658,33.4915,route.high.to-autumn,CoveredLoading,2
5612,203202.4674,19.3017,route.high.to-autumn,CoveredLoading,2
5613,203237.6941,35.2267,route.high.to-autumn,CoveredLoading,2
5614,203284.6749,46.9808,route.high.to-autumn,CoveredLoading,2
5615,203304.7606,20.0857,route.high.to-autumn,CoveredLoading,2
5616,203353.0205,48.2599,route.high.to-autumn,CoveredLoading,2
5617,203390.161,37.1405,route.high.to-autumn,CoveredLoading,2
5618,203404.6001,14.4391,route.high.to-autumn,CoveredLoading,2
5619,203439.0526,34.4525,route.high.to-autumn,CoveredLoading,2
5620,203500.6542,61.6015,route.high.to-autumn,CoveredLoading,2
5621,203531.0664,30.4123,route.high.to-autumn,CoveredLoading,2
5622,203594.9087,63.8424,route.high.to-autumn,CoveredLoading,2
5623,203617.8531,22.9442,route.high.to-autumn,CoveredLoading,2
5624,203659.3441,41.4911,route.high.to-autumn,CoveredLoading,2
5625,203706.4021,47.058,route.high.to-autumn,Preparing,2
5626,203769.3393,62.9371,route.high.to-autumn,Preparing,2
5627,203809.6431,40.3038,route.high.to-autumn,Preparing,2
5628,203859.0338,49.3908,route.high.to-autumn,Preparing,2
5629,203892.6108,33.577,route.high.to-autumn,Preparing,2
5630,203935.1314,42.5205,route.high.to-autumn,Preparing,2
5631,203970.684,35.5525,route.high.to-autumn,Revealing,2
5632,204024.5591,53.8753,route.high.to-autumn,Revealing,2
5633,204040.8743,16.3152,route.high.to-autumn,Revealing,2
5634,204094.4895,53.615,route.high.to-autumn,Revealing,2
5635,204134.2093,39.72,route.high.to-autumn,Revealing,2
5636,204154.4438,20.2345,route.high.to-autumn,Revealing,2
5637,204194.5693,40.1254,route.high.to-autumn,Revealing,2
5638,204245.8053,51.2362,route.high.to-autumn,Revealing,2
5639,204264.8022,18.9967,route.high.to-autumn,Revealing,2
5640,204308.8001,43.998,route.high.to-autumn,Revealing,2
5641,204345.8459,37.0458,route.high.to-autumn,Revealing,2
5642,204382.1768,36.3309,route.high.to-autumn,Revealing,2
5643,204419.8518,37.6749,route.high.to-autumn,Revealing,2
5644,204479.3793,59.5276,route.high.to-autumn,Revealing,2
5645,204503.2589,23.8796,route.high.to-autumn,Revealing,2
5646,204562.6828,59.4238,route.high.to-autumn,Revealing,2
5647,204606.9189,44.2362,route.high.to-autumn,Revealing,2
5648,204619.1543,12.2354,route.high.to-autumn,Revealing,2
5649,204659.181,40.0267,route.high.to-autumn,Revealing,2
5650,204686.501,27.32,route.high.to-autumn,Revealing,2
5651,204721.6163,35.1153,route.high.to-autumn,Revealing,2
5652,204767.9844,46.3681,route.high.to-autumn,Revealing,2
5653,204795.7515,27.7671,route.high.to-autumn,Revealing,2
5654,204815.4333,19.6818,route.high.to-autumn,Revealing,2
5655,204844.3354,28.9022,route.high.to-autumn,Revealing,2
5656,204880.6375,36.302,route.high.to-autumn,Revealing,2
5657,204921.9171,41.2796,route.high.to-autumn,Revealing,2
5658,204953.5765,31.6595,route.high.to-autumn,Revealing,2
5659,204980.8456,27.269,route.high.to-autumn,Revealing,2
5660,205022.238,41.3924,route.high.to-autumn,Revealing,2
5661,205039.8157,17.5776,route.high.to-autumn,Revealing,2
5662,205063.5933,23.7777,route.high.to-autumn,Revealing,2
5663,205104.4971,40.9038,route.high.to-autumn,Revealing,2
5664,205143.9273,39.4302,route.high.to-autumn,Revealing,2
5665,205175.8141,31.8868,route.high.to-autumn,Revealing,2
5666,205190.9069,15.0929,route.high.to-autumn,Revealing,2
5667,205223.6161,32.7091,route.high.to-autumn,Revealing,2
5668,205252.5162,28.9002,route.high.to-autumn,Revealing,2
5669,205280.9447,28.4283,route.high.to-autumn,Revealing,2
5670,205328.3257,47.3812,route.high.to-autumn,Revealing,2
5671,205359.2351,30.9092,route.high.to-autumn,Revealing,2
5672,205371.85,12.615,route.high.to-autumn,Idle,2
5673,205466.9591,95.1091,audit.snapshot.route.high.to-autumn.ready,Idle,2
5674,205487.0344,20.0753,audit.snapshot.route.high.to-autumn.ready,Idle,2
5675,205522.9423,35.9079,audit.snapshot.route.high.to-autumn.ready,Idle,2
5676,205556.6811,33.7387,audit.snapshot.route.high.to-autumn.ready,Idle,2
5677,205586.8377,30.1566,audit.snapshot.route.high.to-autumn.ready,Idle,2
5678,205597.2569,10.4193,audit.snapshot.route.high.to-autumn.ready,Idle,2
5679,205632.5257,35.2687,audit.snapshot.route.high.to-autumn.ready,Idle,2
5680,205654.9381,22.4122,audit.snapshot.route.high.to-autumn.ready,Idle,2
5681,205678.3385,23.4006,audit.snapshot.route.high.to-autumn.ready,Idle,2
5682,205702.9738,24.635,audit.snapshot.route.high.to-autumn.ready,Idle,2
5683,205727.4262,24.4528,audit.snapshot.route.high.to-autumn.ready,Idle,2
5684,205766.0737,38.6474,audit.snapshot.route.high.to-autumn.ready,Idle,2
5685,205811.8163,45.7427,audit.snapshot.route.high.to-autumn.ready,Idle,2
5686,205863.7486,51.9323,audit.snapshot.route.high.to-autumn.ready,Idle,2
5687,205882.5208,18.7721,audit.snapshot.route.high.to-autumn.ready,Idle,2
5688,205945.1458,62.6251,audit.snapshot.route.high.to-autumn.ready,Idle,2
5689,205966.4129,21.2671,audit.snapshot.route.high.to-autumn.ready,Idle,2
5690,206001.051,34.638,audit.snapshot.route.high.to-autumn.ready,Idle,2
5691,206039.0819,38.031,audit.snapshot.route.high.to-autumn.ready,Idle,2
5692,206072.075,32.9931,audit.snapshot.route.high.to-autumn.ready,Idle,2
5693,206115.3589,43.2837,audit.snapshot.route.high.to-autumn.ready,Idle,2
5694,206164.6789,49.3201,audit.snapshot.route.high.to-autumn.ready,Idle,2
5695,206210.4545,45.7758,audit.snapshot.route.high.to-autumn.ready,Idle,2
5696,206256.5755,46.1209,audit.snapshot.route.high.to-autumn.ready,Idle,2
5697,206272.8067,16.2312,audit.snapshot.route.high.to-autumn.ready,Idle,2
5698,206308.4082,35.6015,audit.snapshot.route.high.to-autumn.ready,Idle,2
5699,206340.2173,31.8091,audit.snapshot.route.high.to-autumn.ready,Idle,2
5700,206376.3909,36.1735,audit.snapshot.route.high.to-autumn.ready,Idle,2
5701,206410.7948,34.4041,audit.snapshot.route.high.to-autumn.ready,Idle,2
5702,206463.5059,52.7109,audit.snapshot.route.high.to-autumn.ready,Idle,2
5703,206483.4482,19.9422,audit.snapshot.route.high.to-autumn.ready,Idle,2
5704,206538.0039,54.5559,audit.snapshot.route.high.to-autumn.ready,Idle,2
5705,206556.2619,18.258,audit.snapshot.route.high.to-autumn.ready,Idle,2
5706,206592.5578,36.2959,audit.snapshot.route.high.to-autumn.ready,Idle,2
5707,206627.117,34.5592,audit.snapshot.route.high.to-autumn.ready,Idle,2
5708,206661.2396,34.1227,audit.snapshot.route.high.to-autumn.ready,Idle,2
5709,206700.2979,39.0581,audit.snapshot.route.high.to-autumn.ready,Idle,2
5710,206753.8414,53.5436,audit.snapshot.route.high.to-autumn.ready,Idle,2
5711,206795.4882,41.6468,audit.snapshot.route.high.to-autumn.ready,Idle,2
5712,206831.4739,35.9856,audit.snapshot.route.high.to-autumn.ready,Idle,2
5713,206847.9934,16.5195,audit.snapshot.route.high.to-autumn.ready,Idle,2
5714,206887.7325,39.7392,audit.snapshot.route.high.to-autumn.ready,Idle,2
5715,206923.0607,35.3282,audit.snapshot.route.high.to-autumn.ready,Idle,2
5716,206959.3542,36.2934,audit.snapshot.route.high.to-autumn.ready,Idle,2
5717,206993.6175,34.2634,audit.snapshot.route.high.to-autumn.ready,Idle,2
5718,207028.2048,34.5873,camp.autumn.high.solved,Idle,2
5719,207067.0444,38.8395,camp.autumn.high.solved,Idle,2
5720,207113.5957,46.5514,camp.autumn.high.solved,Idle,2
5721,207154.7836,41.1879,camp.autumn.high.solved,Idle,2
5722,207201.8794,47.0958,camp.autumn.high.solved,Idle,2
5723,207233.1723,31.2929,camp.autumn.high.solved,Idle,2
5724,207271.9258,38.7535,camp.autumn.high.solved,Idle,2
5725,207306.4808,34.555,camp.autumn.high.solved,Idle,2
5726,207361.403,54.9222,camp.autumn.high.solved,Idle,2
5727,207399.3757,37.9726,camp.autumn.high.solved,Idle,2
5728,207428.6409,29.2653,camp.autumn.high.solved,Idle,2
5729,207460.5744,31.9334,camp.autumn.high.solved,Idle,2
5730,207497.3422,36.7678,camp.autumn.high.solved,Idle,2
5731,207527.512,30.17,camp.autumn.high.solved,Idle,2
5732,207566.3606,38.8484,camp.autumn.high.solved,Idle,2
5733,207600.7086,34.348,camp.autumn.high.solved,Idle,2
5734,207639.0764,38.3679,camp.autumn.high.solved,Idle,2
5735,207694.1037,55.0273,camp.autumn.high.solved,Idle,2
5736,207710.0782,15.9745,camp.autumn.high.solved,Idle,2
5737,207757.9497,47.8715,camp.autumn.high.solved,Idle,2
5738,207783.3664,25.4167,camp.autumn.high.solved,Idle,2
5739,207821.6541,38.2876,camp.autumn.high.solved,Idle,2
5740,207859.5402,37.8861,camp.autumn.high.solved,Idle,2
5741,207913.8904,54.3501,camp.autumn.high.solved,Idle,2
5742,207932.8671,18.9768,camp.autumn.high.solved,Idle,2
5743,207971.7156,38.8486,camp.autumn.high.solved,Idle,2
5744,208006.2394,34.5239,camp.autumn.high.solved,Idle,2
5745,208042.7092,36.4697,camp.autumn.high.solved,Idle,2
5746,208077.1614,34.452,camp.autumn.high.solved,Idle,2
5747,208111.3977,34.2365,camp.autumn.high.solved,Idle,2
5748,208158.7263,47.3286,camp.autumn.high.solved,Idle,2
5749,208188.3181,29.5918,camp.autumn.high.solved,Idle,2
5750,208244.0524,55.7342,camp.autumn.high.solved,Idle,2
5751,208274.0179,29.9656,camp.autumn.high.solved,Idle,2
5752,208288.4179,14.3998,camp.autumn.high.solved,Idle,2
5753,208324.991,36.5733,camp.autumn.high.solved,Idle,2
5754,208359.8375,34.8464,camp.autumn.high.solved,Idle,2
5755,208410.9066,51.0692,camp.autumn.high.solved,Idle,2
5756,208429.7397,18.833,camp.autumn.high.solved,Idle,2
5757,208485.046,55.3063,camp.autumn.high.solved,Idle,2
5758,208500.1375,15.0916,camp.autumn.high.solved,Idle,2
5759,208545.9581,45.8206,camp.autumn.high.solved,Idle,2
5760,208641.4148,95.4567,camp.autumn.high.solved,Idle,2
5761,208676.5572,35.1424,camp.autumn.high.solved,Idle,2
5762,208744.5503,67.9931,camp.autumn.high.solved,Idle,2
5763,208774.042,29.4917,camp.autumn.high.solved,Idle,2
5764,209851.9186,1077.8765,camp.autumn.high.solved,Idle,2
5765,209881.1314,29.2127,camp.autumn.high.solved,Idle,2
5766,209904.5691,23.4379,camp.autumn.high.solved,Idle,2
5767,209927.4652,22.8961,camp.autumn.high.solved,Idle,2
5768,209980.8883,53.4231,camp.autumn.high.solved,Idle,2
5769,210000.3092,19.4209,camp.autumn.high.solved,Idle,2
5770,210046.5485,46.2392,camp.autumn.high.solved,Idle,2
5771,210077.414,30.8656,camp.autumn.high.solved,Idle,2
5772,210116.1933,38.7792,camp.autumn.high.solved,Idle,2
5773,210173.1296,56.9364,camp.autumn.high.solved,Idle,2
5774,210196.7046,23.5748,camp.autumn.high.solved,Idle,2
5775,210246.213,49.5085,camp.autumn.high.solved,Idle,2
5776,210267.1589,20.9458,camp.autumn.high.solved,Idle,2
5777,210305.8227,38.664,camp.autumn.high.solved,Idle,2
5778,210341.7984,35.9757,camp.autumn.high.solved,Idle,2
5779,210376.2172,34.4188,camp.autumn.high.solved,Idle,2
5780,210424.6347,48.4174,camp.autumn.high.solved,Idle,2
5781,210467.5373,42.9027,camp.autumn.high.solved,Idle,2
5782,210483.4005,15.8632,camp.autumn.high.solved,Idle,2
5783,210522.1991,38.7984,camp.autumn.high.solved,Idle,2
5784,210558.6819,36.483,camp.autumn.high.solved,Idle,2
5785,210612.1545,53.4726,camp.autumn.high.solved,Idle,2
5786,210628.8532,16.6986,camp.autumn.high.solved,Idle,2
5787,210666.4768,37.6237,camp.autumn.high.solved,Idle,2
5788,210705.2913,38.8146,camp.autumn.high.solved,Idle,2
5789,210742.2827,36.9913,camp.autumn.high.solved,Idle,2
5790,210776.141,33.8583,camp.autumn.high.solved,Idle,2
5791,210810.5849,34.4439,camp.autumn.high.solved,Idle,2
5792,210849.216,38.6311,camp.autumn.high.solved,Idle,2
5793,210884.0224,34.8063,camp.autumn.high.solved,Idle,2
5794,210922.7431,38.7207,camp.autumn.high.solved,Idle,2
5795,210965.1828,42.4397,camp.autumn.high.solved,Idle,2
5796,210992.932,27.7492,camp.autumn.high.solved,Idle,2
5797,211027.4541,34.5222,camp.autumn.high.solved,Idle,2
5798,211078.9715,51.5174,camp.autumn.high.solved,Idle,2
5799,211113.9841,35.0126,camp.autumn.high.solved,Idle,2
5800,211144.7887,30.8046,camp.autumn.high.solved,Idle,2
5801,211206.7729,61.9842,camp.autumn.high.solved,Idle,2
5802,211218.7407,11.9678,camp.autumn.high.solved,Idle,2
5803,211254.3735,35.6326,camp.autumn.high.solved,Idle,2
5804,211291.7812,37.4079,camp.autumn.high.solved,Idle,2
5805,211326.1052,34.3239,camp.autumn.high.solved,Idle,2
5806,211360.787,34.6819,camp.autumn.high.solved,Idle,2
5807,211395.9372,35.1503,camp.autumn.high.solved,Idle,2
5808,211430.7749,34.8376,camp.autumn.high.solved,Idle,2
5809,211484.9256,54.1507,camp.autumn.high.solved,Idle,2
5810,211505.6809,20.7553,camp.autumn.high.solved,Idle,2
5811,211558.9757,53.2948,camp.autumn.high.solved,Idle,2
5812,211576.0703,17.0945,camp.autumn.high.solved,Idle,2
5813,211611.0414,34.9712,camp.autumn.high.solved,Idle,2
5814,211649.2291,38.1877,camp.autumn.high.solved,Idle,2
5815,211684.3122,35.0831,camp.autumn.high.solved,Idle,2
5816,211736.8772,52.5648,camp.autumn.high.solved,Idle,2
5817,211777.7822,40.9051,camp.autumn.high.solved,Idle,2
5818,211794.6685,16.8864,camp.autumn.high.solved,Idle,2
5819,211833.0169,38.3484,camp.autumn.high.solved,Idle,2
5820,211872.0346,39.0177,camp.autumn.high.solved,Idle,2
5821,211906.7224,34.6877,camp.autumn.high.solved,Idle,2
5822,211942.7559,36.0336,camp.autumn.high.solved,Idle,2
5823,211984.5383,41.7824,camp.autumn.high.solved,Idle,2
5824,212033.8293,49.291,camp.autumn.high.solved,Idle,2
5825,212072.2673,38.4379,camp.autumn.high.solved,Idle,2
5826,212088.3807,16.1135,camp.autumn.high.solved,Idle,2
5827,212137.023,48.6423,camp.autumn.high.solved,Idle,2
5828,212158.7438,21.7207,camp.autumn.high.solved,Idle,2
5829,212193.1408,34.3971,camp.autumn.high.solved,Idle,2
5830,212228.2028,35.062,camp.autumn.high.solved,Idle,2
5831,212266.322,38.1192,camp.autumn.high.solved,Idle,2
5832,212313.6721,47.3501,camp.autumn.high.solved,Idle,2
5833,212362.1752,48.5031,camp.autumn.high.solved,Idle,2
5834,212378.1651,15.9899,camp.autumn.high.solved,Idle,2
5835,212440.5487,62.3836,camp.autumn.high.solved,Idle,2
5836,212455.9882,15.4395,camp.autumn.high.solved,Idle,2
5837,212492.643,36.6546,camp.autumn.high.solved,Idle,2
5838,212526.5813,33.9385,camp.autumn.high.solved,Idle,2
5839,212561.4757,34.8944,camp.autumn.high.solved,Idle,2
5840,212625.5244,64.0486,camp.autumn.high.solved,Idle,2
5841,212663.3788,37.8545,camp.autumn.high.solved,Idle,2
5842,212684.2991,20.9203,camp.autumn.high.solved,Idle,2
5843,212722.5847,38.2855,camp.autumn.high.solved,Idle,2
5844,212764.754,42.1692,camp.autumn.high.solved,Idle,2
5845,212792.7143,27.9603,camp.autumn.high.solved,Idle,2
5846,212827.2749,34.5608,camp.autumn.high.solved,Idle,2
5847,212866.3853,39.1101,camp.autumn.high.solved,Idle,2
5848,212899.828,33.4428,camp.autumn.high.solved,Idle,2
5849,212960.5886,60.7608,camp.autumn.high.solved,Idle,2
5850,212976.389,15.8003,camp.autumn.high.solved,Idle,2
5851,213011.763,35.3741,camp.autumn.high.solved,Idle,2
5852,213049.9949,38.2317,camp.autumn.high.solved,Idle,2
5853,213095.6928,45.698,camp.autumn.high.solved,Idle,2
5854,213126.8068,31.1141,camp.autumn.high.solved,Idle,2
5855,213161.8769,35.0702,camp.autumn.high.solved,Idle,2
5856,213199.6452,37.7682,camp.autumn.high.solved,Idle,2
5857,213258.3909,58.7457,camp.autumn.high.solved,Idle,2
5858,213280.6239,22.233,camp.autumn.high.solved,Idle,2
5859,213311.2794,30.6554,camp.autumn.high.solved,Idle,2
5860,213359.7975,48.5182,camp.autumn.high.solved,Idle,2
5861,213387.9222,28.1246,camp.autumn.high.solved,Idle,2
5862,213433.9416,46.0194,camp.autumn.high.solved,Idle,2
5863,213477.3476,43.4061,camp.autumn.high.solved,Idle,2
5864,213508.6671,31.3195,camp.autumn.high.solved,Idle,2
5865,213549.955,41.2878,camp.autumn.high.solved,Idle,2
5866,213608.2424,58.2875,camp.autumn.high.solved,Idle,2
5867,213625.591,17.3486,camp.autumn.high.solved,Idle,2
5868,213678.8147,53.2237,camp.autumn.high.solved,Idle,2
5869,213708.3855,29.5708,camp.autumn.high.solved,Idle,2
5870,213736.4862,28.1007,camp.autumn.high.solved,Idle,2
5871,213781.0182,44.5315,camp.autumn.high.solved,Idle,2
5872,213808.9556,27.9378,camp.autumn.high.solved,Idle,2
5873,213854.4429,45.4874,camp.autumn.high.solved,Idle,2
5874,213878.201,23.7581,camp.autumn.high.solved,Idle,2
5875,213925.6653,47.4643,camp.autumn.high.solved,Idle,2
5876,213955.4633,29.798,camp.autumn.high.solved,Idle,2
5877,214003.7865,48.3232,camp.autumn.high.solved,Idle,2
5878,214046.6561,42.8695,camp.autumn.high.solved,Idle,2
5879,214089.3625,42.7065,camp.autumn.high.solved,Idle,2
5880,214138.9957,49.6332,camp.autumn.high.solved,Idle,2
5881,214151.8305,12.8348,camp.autumn.high.solved,Idle,2
5882,214182.5762,30.7455,camp.autumn.high.solved,Idle,2
5883,214240.464,57.8881,camp.autumn.high.solved,Idle,2
5884,214270.7849,30.3207,camp.autumn.high.solved,Idle,2
5885,214291.6655,20.8807,camp.autumn.high.solved,Idle,2
5886,214344.4877,52.8222,camp.autumn.high.solved,Idle,2
5887,214374.0532,29.5654,camp.autumn.high.solved,Idle,2
5888,214400.5014,26.4482,camp.autumn.high.solved,Idle,2
5889,214453.8816,53.3803,camp.autumn.high.solved,Idle,2
5890,214494.4143,40.5327,camp.autumn.high.solved,Idle,2
5891,214509.9945,15.5802,camp.autumn.high.solved,Idle,2
5892,214544.9298,34.9353,camp.autumn.high.solved,Idle,2
5893,214594.1569,49.227,camp.autumn.high.solved,Idle,2
5894,214625.3836,31.2268,camp.autumn.high.solved,Idle,2
5895,214665.621,40.2374,camp.autumn.high.solved,Idle,2
5896,214713.0564,47.4354,camp.autumn.high.solved,Idle,2
5897,214751.652,38.5956,camp.autumn.high.solved,Idle,2
5898,214781.8581,30.2061,route.high.to-winter,Covering,2
5899,214846.7984,64.9403,route.high.to-winter,Covering,2
5900,214884.5713,37.7729,route.high.to-winter,Covering,2
5901,214926.2721,41.7008,route.high.to-winter,Covering,2
5902,214984.6559,58.3838,route.high.to-winter,Covering,2
5903,215017.2193,32.5634,route.high.to-winter,Covering,2
5904,215079.5436,62.3243,route.high.to-winter,Covering,2
5905,215114.2926,34.7489,route.high.to-winter,Covering,2
5906,215157.5783,43.2858,route.high.to-winter,Covering,2
5907,215189.5734,31.995,route.high.to-winter,Covering,2
5908,215247.0569,57.4835,route.high.to-winter,Covering,2
5909,215272.5494,25.4925,route.high.to-winter,Covering,2
5910,215310.6699,38.1206,route.high.to-winter,Covering,2
5911,215350.9703,40.3003,route.high.to-winter,Covering,2
5912,215392.8205,41.8502,route.high.to-winter,Covering,2
5913,215431.1105,38.2901,route.high.to-winter,Covering,2
5914,215484.3133,53.2027,route.high.to-winter,Covering,2
5915,215521.3336,37.0204,route.high.to-winter,Covering,2
5916,215550.0343,28.7004,route.high.to-winter,Covering,2
5917,215598.5505,48.5163,route.high.to-winter,Covering,2
5918,215659.2205,60.6701,route.high.to-winter,Covering,2
5919,215685.8817,26.6612,route.high.to-winter,Covering,2
5920,215759.0586,73.177,route.high.to-winter,Covering,2
5921,215786.4902,27.4314,route.high.to-winter,Covering,2
5922,215858.2536,71.7636,route.high.to-winter,Covering,2
5923,215899.8528,41.599,route.high.to-winter,Covering,2
5924,215963.4324,63.5798,route.high.to-winter,Covering,2
5925,215993.047,29.6146,route.high.to-winter,Covering,2
5926,216062.6454,69.5984,route.high.to-winter,Covering,2
5927,216101.9473,39.3018,route.high.to-winter,Covering,2
5928,216167.0889,65.1417,route.high.to-winter,Covering,2
5929,216193.2309,26.142,route.high.to-winter,Covering,2
5930,216238.5979,45.3669,route.high.to-winter,Covering,2
5931,216310.8991,72.3013,route.high.to-winter,Covering,2
5932,216362.8325,51.9334,route.high.to-winter,Covering,2
5933,216387.0994,24.2669,route.high.to-winter,CoveredLoading,2
5934,216451.3559,64.2562,route.high.to-winter,CoveredLoading,2
5935,216761.7822,310.4265,route.high.to-winter,CoveredLoading,2
5936,217661.7174,899.9353,route.high.to-winter,CoveredLoading,2
5937,217679.2578,17.5404,route.high.to-winter,CoveredLoading,2
5938,217717.8645,38.6067,route.high.to-winter,CoveredLoading,2
5939,217784.516,66.6514,route.high.to-winter,CoveredLoading,2
5940,217811.7781,27.2623,route.high.to-winter,CoveredLoading,2
5941,217854.3474,42.5692,route.high.to-winter,CoveredLoading,2
5942,217901.2218,46.8744,route.high.to-winter,CoveredLoading,2
5943,217944.154,42.9318,route.high.to-winter,CoveredLoading,2
5944,217987.4256,43.272,route.high.to-winter,CoveredLoading,2
5945,218035.6892,48.2635,route.high.to-winter,CoveredLoading,2
5946,218076.8909,41.2018,route.high.to-winter,CoveredLoading,2
5947,218119.9522,43.0612,route.high.to-winter,CoveredLoading,2
5948,218184.549,64.597,route.high.to-winter,CoveredLoading,2
5949,218212.3986,27.8495,route.high.to-winter,CoveredLoading,2
5950,218253.8969,41.4983,route.high.to-winter,CoveredLoading,2
5951,218300.7349,46.8377,route.high.to-winter,CoveredLoading,2
5952,218342.1861,41.4516,route.high.to-winter,CoveredLoading,2
5953,218387.4758,45.2896,route.high.to-winter,CoveredLoading,2
5954,218429.8561,42.3803,route.high.to-winter,CoveredLoading,2
5955,218483.8648,54.0087,route.high.to-winter,CoveredLoading,2
5956,218518.6207,34.7558,route.high.to-winter,CoveredLoading,2
5957,218560.2061,41.5854,route.high.to-winter,CoveredLoading,2
5958,218603.4161,43.21,route.high.to-winter,CoveredLoading,2
5959,218650.4726,47.0566,route.high.to-winter,CoveredLoading,2
5960,218688.2103,37.7377,route.high.to-winter,CoveredLoading,2
5961,218735.3648,47.1544,route.high.to-winter,CoveredLoading,2
5962,218776.8213,41.4566,route.high.to-winter,CoveredLoading,2
5963,218820.387,43.5655,route.high.to-winter,CoveredLoading,2
5964,218880.3673,59.9805,route.high.to-winter,CoveredLoading,2
5965,218905.8301,25.4628,route.high.to-winter,CoveredLoading,2
5966,218951.9854,46.1552,route.high.to-winter,CoveredLoading,2
5967,219012.181,60.1957,route.high.to-winter,CoveredLoading,2
5968,219036.8325,24.6513,route.high.to-winter,CoveredLoading,2
5969,219084.1932,47.3609,route.high.to-winter,CoveredLoading,2
5970,219122.2781,38.0848,route.high.to-winter,CoveredLoading,2
5971,219154.9524,32.6744,route.high.to-winter,CoveredLoading,2
5972,219220.5491,65.5967,route.high.to-winter,Preparing,2
5973,219263.1995,42.6504,route.high.to-winter,Preparing,2
5974,219311.7564,48.5569,route.high.to-winter,Preparing,2
5975,219359.204,47.4477,route.high.to-winter,Preparing,2
5976,219400.3573,41.1531,route.high.to-winter,Preparing,2
5977,219445.207,44.8497,route.high.to-winter,Revealing,2
5978,219484.1749,38.968,route.high.to-winter,Revealing,2
5979,219528.2737,44.0988,route.high.to-winter,Revealing,2
5980,219562.5129,34.2391,route.high.to-winter,Revealing,2
5981,219610.5973,48.0844,route.high.to-winter,Revealing,2
5982,219658.6569,48.0597,route.high.to-winter,Revealing,2
5983,219700.5926,41.9358,route.high.to-winter,Revealing,2
5984,219745.8299,45.2372,route.high.to-winter,Revealing,2
5985,219794.1339,48.304,route.high.to-winter,Revealing,2
5986,219827.5201,33.3862,route.high.to-winter,Revealing,2
5987,219851.7938,24.2736,route.high.to-winter,Revealing,2
5988,219896.1761,44.3824,route.high.to-winter,Revealing,2
5989,219937.884,41.7079,route.high.to-winter,Revealing,2
5990,219987.6785,49.7944,route.high.to-winter,Revealing,2
5991,220051.9184,64.24,route.high.to-winter,Revealing,2
5992,220083.1742,31.2558,route.high.to-winter,Revealing,2
5993,220144.9884,61.8142,route.high.to-winter,Revealing,2
5994,220167.5436,22.5552,route.high.to-winter,Revealing,2
5995,220207.1045,39.5609,route.high.to-winter,Revealing,2
5996,220243.3215,36.2169,route.high.to-winter,Revealing,2
5997,220279.0286,35.7072,route.high.to-winter,Revealing,2
5998,220316.8628,37.8341,route.high.to-winter,Revealing,2
5999,220351.0037,34.1409,route.high.to-winter,Revealing,2
6000,220389.3577,38.3539,route.high.to-winter,Revealing,2
6001,220426.9708,37.6133,route.high.to-winter,Revealing,2
6002,220462.7555,35.7847,route.high.to-winter,Revealing,2
6003,220500.6456,37.8901,route.high.to-winter,Revealing,2
6004,220539.0645,38.4189,route.high.to-winter,Revealing,2
6005,220575.641,36.5765,route.high.to-winter,Revealing,2
6006,220628.1992,52.5582,route.high.to-winter,Revealing,2
6007,220649.3833,21.1841,route.high.to-winter,Revealing,2
6008,220684.5286,35.1453,route.high.to-winter,Revealing,2
6009,220722.283,37.7544,route.high.to-winter,Revealing,2
6010,220758.8599,36.5769,route.high.to-winter,Revealing,2
6011,220793.987,35.127,route.high.to-winter,Revealing,2
6012,220832.5307,38.5437,route.high.to-winter,Revealing,2
6013,220867.1559,34.6253,route.high.to-winter,Idle,2
6014,220960.5516,93.3958,audit.snapshot.route.high.to-winter.ready,Idle,2
6015,221001.0183,40.4667,audit.snapshot.route.high.to-winter.ready,Idle,2
6016,221021.8663,20.8479,audit.snapshot.route.high.to-winter.ready,Idle,2
6017,221054.6771,32.8108,audit.snapshot.route.high.to-winter.ready,Idle,2
6018,221088.0973,33.4202,audit.snapshot.route.high.to-winter.ready,Idle,2
6019,221117.5171,29.4198,audit.snapshot.route.high.to-winter.ready,Idle,2
6020,221150.8902,33.373,audit.snapshot.route.high.to-winter.ready,Idle,2
6021,221184.3755,33.4854,audit.snapshot.route.high.to-winter.ready,Idle,2
6022,221222.6958,38.3203,audit.snapshot.route.high.to-winter.ready,Idle,2
6023,221274.639,51.943,audit.snapshot.route.high.to-winter.ready,Idle,2
6024,221289.3182,14.6793,audit.snapshot.route.high.to-winter.ready,Idle,2
6025,221326.1311,36.813,audit.snapshot.route.high.to-winter.ready,Idle,2
6026,221359.3159,33.1849,audit.snapshot.route.high.to-winter.ready,Idle,2
6027,221412.2322,52.9162,audit.snapshot.route.high.to-winter.ready,Idle,2
6028,221426.1859,13.9535,audit.snapshot.route.high.to-winter.ready,Idle,2
6029,221479.7089,53.5231,audit.snapshot.route.high.to-winter.ready,Idle,2
6030,221493.5214,13.8126,audit.snapshot.route.high.to-winter.ready,Idle,2
6031,221526.8593,33.3379,audit.snapshot.route.high.to-winter.ready,Idle,2
6032,221560.2005,33.3412,audit.snapshot.route.high.to-winter.ready,Idle,2
6033,221593.3703,33.1698,audit.snapshot.route.high.to-winter.ready,Idle,2
6034,221645.0035,51.6332,audit.snapshot.route.high.to-winter.ready,Idle,2
6035,221661.1853,16.1817,audit.snapshot.route.high.to-winter.ready,Idle,2
6036,221694.9975,33.8123,audit.snapshot.route.high.to-winter.ready,Idle,2
6037,221727.7886,32.7911,audit.snapshot.route.high.to-winter.ready,Idle,2
6038,221761.5652,33.7767,audit.snapshot.route.high.to-winter.ready,Idle,2
6039,221794.8216,33.2564,audit.snapshot.route.high.to-winter.ready,Idle,2
6040,221827.37,32.5481,audit.snapshot.route.high.to-winter.ready,Idle,2
6041,221861.212,33.8421,audit.snapshot.route.high.to-winter.ready,Idle,2
6042,221895.0075,33.7956,audit.snapshot.route.high.to-winter.ready,Idle,2
6043,221928.3298,33.3223,audit.snapshot.route.high.to-winter.ready,Idle,2
6044,221973.7934,45.4636,audit.snapshot.route.high.to-winter.ready,Idle,2
6045,222012.1719,38.3785,audit.snapshot.route.high.to-winter.ready,Idle,2
6046,222059.2,47.0281,audit.snapshot.route.high.to-winter.ready,Idle,2
6047,222069.0487,9.8486,audit.snapshot.route.high.to-winter.ready,Idle,2
6048,222094.6687,25.6199,audit.snapshot.route.high.to-winter.ready,Idle,2
6049,222127.7379,33.0693,audit.snapshot.route.high.to-winter.ready,Idle,2
6050,222161.343,33.6052,audit.snapshot.route.high.to-winter.ready,Idle,2
6051,222194.8922,33.5492,audit.snapshot.route.high.to-winter.ready,Idle,2
6052,222227.4975,32.6053,audit.snapshot.route.high.to-winter.ready,Idle,2
6053,222261.2597,33.7621,audit.snapshot.route.high.to-winter.ready,Idle,2
6054,222294.5898,33.3303,audit.snapshot.route.high.to-winter.ready,Idle,2
6055,222345.6185,51.0287,audit.snapshot.route.high.to-winter.ready,Idle,2
6056,222361.4344,15.8158,audit.snapshot.route.high.to-winter.ready,Idle,2
6057,222394.8386,33.4042,audit.snapshot.route.high.to-winter.ready,Idle,2
6058,222437.4315,42.5929,audit.snapshot.route.high.to-winter.ready,Idle,2
6059,222461.1534,23.7219,camp.winter.high.solved,Idle,2
6060,222504.4114,43.258,camp.winter.high.solved,Idle,2
6061,222535.8239,31.4125,camp.winter.high.solved,Idle,2
6062,222568.3206,32.4967,camp.winter.high.solved,Idle,2
6063,222608.3686,40.048,camp.winter.high.solved,Idle,2
6064,222660.8066,52.4381,camp.winter.high.solved,Idle,2
6065,222676.0205,15.2138,camp.winter.high.solved,Idle,2
6066,222709.3582,33.3377,camp.winter.high.solved,Idle,2
6067,222742.7185,33.3603,camp.winter.high.solved,Idle,2
6068,222775.9756,33.2571,camp.winter.high.solved,Idle,2
6069,222809.7384,33.7628,camp.winter.high.solved,Idle,2
6070,222844.6062,34.8678,camp.winter.high.solved,Idle,2
6071,222877.6755,33.0694,camp.winter.high.solved,Idle,2
6072,222911.1834,33.5078,camp.winter.high.solved,Idle,2
6073,222945.9874,34.804,camp.winter.high.solved,Idle,2
6074,222979.8859,33.8983,camp.winter.high.solved,Idle,2
6075,223040.3628,60.4772,camp.winter.high.solved,Idle,2
6076,223076.4608,36.0977,camp.winter.high.solved,Idle,2
6077,223092.8637,16.4031,camp.winter.high.solved,Idle,2
6078,223126.2851,33.4214,camp.winter.high.solved,Idle,2
6079,223160.8914,34.6063,camp.winter.high.solved,Idle,2
6080,223199.9809,39.0895,camp.winter.high.solved,Idle,2
6081,223229.4077,29.4268,camp.winter.high.solved,Idle,2
6082,223263.3121,33.9042,camp.winter.high.solved,Idle,2
6083,223320.2829,56.9708,camp.winter.high.solved,Idle,2
6084,223336.1792,15.8964,camp.winter.high.solved,Idle,2
6085,223356.9306,20.7514,camp.winter.high.solved,Idle,2
6086,223383.3325,26.402,camp.winter.high.solved,Idle,2
6087,223423.6724,40.3398,camp.winter.high.solved,Idle,2
6088,223444.313,20.6405,camp.winter.high.solved,Idle,2
6089,223496.0066,51.6938,camp.winter.high.solved,Idle,2
6090,223512.8586,16.852,camp.winter.high.solved,Idle,2
6091,223545.8293,32.9707,camp.winter.high.solved,Idle,2
6092,223579.1008,33.2715,camp.winter.high.solved,Idle,2
6093,223612.5799,33.4791,camp.winter.high.solved,Idle,2
6094,223664.0003,51.4202,camp.winter.high.solved,Idle,2
6095,223678.9979,14.9978,camp.winter.high.solved,Idle,2
6096,223712.5499,33.552,camp.winter.high.solved,Idle,2
6097,223745.8595,33.3096,camp.winter.high.solved,Idle,2
6098,223779.3512,33.4916,camp.winter.high.solved,Idle,2
6099,223816.952,37.6008,camp.winter.high.solved,Idle,2
6100,223850.1502,33.1982,camp.winter.high.solved,Idle,2
6101,223898.6262,48.4761,camp.winter.high.solved,Idle,2
6102,223927.5004,28.8742,camp.winter.high.solved,Idle,2
6103,223959.9115,32.4111,camp.winter.high.solved,Idle,2
6104,223992.7067,32.7951,camp.winter.high.solved,Idle,2
6105,224025.393,32.6863,camp.winter.high.solved,Idle,2
6106,224076.1367,50.7438,camp.winter.high.solved,Idle,2
6107,224091.4703,15.3336,camp.winter.high.solved,Idle,2
6108,224124.6417,33.1713,camp.winter.high.solved,Idle,2
6109,224173.9179,49.2764,camp.winter.high.solved,Idle,2
6110,224188.6401,14.722,camp.winter.high.solved,Idle,2
6111,224221.5359,32.8959,camp.winter.high.solved,Idle,2
6112,224250.7855,29.2496,camp.winter.high.solved,Idle,2
6113,224281.2739,30.4883,camp.winter.high.solved,Idle,2
6114,224312.1478,30.8739,camp.winter.high.solved,Idle,2
6115,224344.4181,32.2704,camp.winter.high.solved,Idle,2
6116,224375.4031,30.985,camp.winter.high.solved,Idle,2
6117,224412.0604,36.6573,camp.winter.high.solved,Idle,2
6118,224449.2086,37.1482,camp.winter.high.solved,Idle,2
6119,224458.5773,9.3687,camp.winter.high.solved,Idle,2
6120,224481.6796,23.1023,camp.winter.high.solved,Idle,2
6121,224522.1379,40.4583,camp.winter.high.solved,Idle,2
6122,224555.6927,33.5548,camp.winter.high.solved,Idle,2
6123,224564.5335,8.8409,camp.winter.high.solved,Idle,2
6124,224609.9361,45.4025,camp.winter.high.solved,Idle,2
6125,224644.7665,34.8304,camp.winter.high.solved,Idle,2
6126,224654.0242,9.2576,camp.winter.high.solved,Idle,2
6127,224675.7412,21.7172,camp.winter.high.solved,Idle,2
6128,224699.168,23.4267,camp.winter.high.solved,Idle,2
6129,224722.3631,23.1951,camp.winter.high.solved,Idle,2
6130,224748.4297,26.0667,camp.winter.high.solved,Idle,2
6131,224773.9938,25.5641,camp.winter.high.solved,Idle,2
6132,224794.415,20.4212,camp.winter.high.solved,Idle,2
6133,224822.1285,27.7134,camp.winter.high.solved,Idle,2
6134,224846.2841,24.1556,camp.winter.high.solved,Idle,2
6135,224897.1681,50.8841,camp.winter.high.solved,Idle,2
6136,224907.4005,10.2322,camp.winter.high.solved,Idle,2
6137,224937.083,29.6826,camp.winter.high.solved,Idle,2
6138,224959.0552,21.9721,camp.winter.high.solved,Idle,2
6139,224985.7488,26.6935,camp.winter.high.solved,Idle,2
6140,225009.1891,23.4406,camp.winter.high.solved,Idle,2
6141,225032.5344,23.3451,camp.winter.high.solved,Idle,2
6142,225057.3356,24.8013,camp.winter.high.solved,Idle,2
6143,225081.8095,24.474,camp.winter.high.solved,Idle,2
6144,225107.4391,25.6295,camp.winter.high.solved,Idle,2
6145,225153.3853,45.9461,camp.winter.high.solved,Idle,2
6146,225187.4402,34.0549,camp.winter.high.solved,Idle,2
6147,225196.4829,9.0428,camp.winter.high.solved,Idle,2
6148,225221.056,24.5732,camp.winter.high.solved,Idle,2
6149,225258.7074,37.6513,camp.winter.high.solved,Idle,2
6150,225289.0669,30.3595,camp.winter.high.solved,Idle,2
6151,225298.1349,9.0681,camp.winter.high.solved,Idle,2
6152,225317.8211,19.6862,camp.winter.high.solved,Idle,2
6153,225353.5553,35.734,camp.winter.high.solved,Idle,2
6154,225383.2234,29.6681,camp.winter.high.solved,Idle,2
6155,225415.6791,32.4558,camp.winter.high.solved,Idle,2
6156,225425.8652,10.1862,camp.winter.high.solved,Idle,2
6157,225453.8279,27.9625,camp.winter.high.solved,Idle,2
6158,225481.7868,27.959,camp.winter.high.solved,Idle,2
6159,225507.3117,25.5248,camp.winter.high.solved,Idle,2
6160,225527.7575,20.4459,camp.winter.high.solved,Idle,2
6161,225567.4596,39.702,camp.winter.high.solved,Idle,2
6162,225577.6352,10.1757,camp.winter.high.solved,Idle,2
6163,225604.2052,26.5699,camp.winter.high.solved,Idle,2
6164,225626.3835,22.1784,camp.winter.high.solved,Idle,2
6165,225656.2083,29.8248,camp.winter.high.solved,Idle,2
6166,225683.2047,26.9964,camp.winter.high.solved,Idle,2
6167,225700.8222,17.6175,camp.winter.high.solved,Idle,2
6168,225741.4898,40.6677,camp.winter.high.solved,Idle,2
6169,225775.523,34.0331,camp.winter.high.solved,Idle,2
6170,225784.8386,9.3157,camp.winter.high.solved,Idle,2
6171,225811.2473,26.4087,camp.winter.high.solved,Idle,2
6172,225833.2512,22.0038,camp.winter.high.solved,Idle,2
6173,225854.279,21.0278,camp.winter.high.solved,Idle,2
6174,225881.726,27.4471,camp.winter.high.solved,Idle,2
6175,225905.4079,23.6818,camp.winter.high.solved,Idle,2
6176,225931.1342,25.7263,camp.winter.high.solved,Idle,2
6177,225951.7263,20.5922,camp.winter.high.solved,Idle,2
6178,225988.9051,37.1786,camp.winter.high.solved,Idle,2
6179,226015.6419,26.737,camp.winter.high.solved,Idle,2
6180,226027.6649,12.023,camp.winter.high.solved,Idle,2
6181,226056.4515,28.7865,camp.winter.high.solved,Idle,2
6182,226082.5644,26.1129,camp.winter.high.solved,Idle,2
6183,226108.4719,25.9075,camp.winter.high.solved,Idle,2
6184,226132.3603,23.8883,camp.winter.high.solved,Idle,2
6185,226178.6037,46.2435,camp.winter.high.solved,Idle,2
6186,226209.6208,31.0171,camp.winter.high.solved,Idle,2
6187,226219.225,9.6042,camp.winter.high.solved,Idle,2
6188,226241.1558,21.9308,camp.winter.high.solved,Idle,2
6189,226261.4504,20.2945,camp.winter.high.solved,Idle,2
6190,226287.9551,26.5049,camp.winter.high.solved,Idle,2
6191,226326.4997,38.5445,camp.winter.high.solved,Idle,2
6192,226340.5081,14.0085,camp.winter.high.solved,Idle,2
6193,226360.3951,19.8868,camp.winter.high.solved,Idle,2
6194,226386.8588,26.4638,camp.winter.high.solved,Idle,2
6195,226410.3463,23.4875,camp.winter.high.solved,Idle,2
6196,226447.6438,37.2975,camp.winter.high.solved,Idle,2
6197,226485.3847,37.7409,camp.winter.high.solved,Idle,2
6198,226510.2315,24.8468,camp.winter.high.solved,Idle,2
6199,226518.9374,8.7059,camp.winter.high.solved,Idle,2
6200,226542.5343,23.597,camp.winter.high.solved,Idle,2
6201,226574.3563,31.8219,camp.winter.high.solved,Idle,2
6202,226591.8107,17.4544,camp.winter.high.solved,Idle,2
6203,226615.2508,23.4402,camp.winter.high.solved,Idle,2
6204,226643.1354,27.8845,camp.winter.high.solved,Idle,2
6205,226674.5132,31.3777,camp.winter.high.solved,Idle,2
6206,226694.4033,19.8902,camp.winter.high.solved,Idle,2
6207,226734.4417,40.0383,camp.winter.high.solved,Idle,2
6208,226770.6539,36.2123,camp.winter.high.solved,Idle,2
6209,226779.4797,8.8259,camp.winter.high.solved,Idle,2
6210,226804.1363,24.6563,camp.winter.high.solved,Idle,2
6211,226842.5817,38.4456,camp.winter.high.solved,Idle,2
6212,226853.9673,11.3856,camp.winter.high.solved,Idle,2
6213,226877.2626,23.2953,camp.winter.high.solved,Idle,2
6214,226903.6835,26.4208,camp.winter.high.solved,Idle,2
6215,226926.2221,22.5387,camp.winter.high.solved,Idle,2
6216,226952.5582,26.336,camp.winter.high.solved,Idle,2
6217,226988.7658,36.2077,camp.winter.high.solved,Idle,2
6218,227025.3185,36.5527,camp.winter.high.solved,Idle,2
6219,227034.3275,9.009,camp.winter.high.solved,Idle,2
6220,227053.9693,19.6418,camp.winter.high.solved,Idle,2
6221,227077.5782,23.609,camp.winter.high.solved,Idle,2
6222,227104.2466,26.6683,camp.winter.high.solved,Idle,2
6223,227136.7771,32.5306,camp.winter.high.solved,Idle,2
6224,227159.0124,22.2352,camp.winter.high.solved,Idle,2
6225,227182.5568,23.5444,camp.winter.high.solved,Idle,2
6226,227208.8086,26.2518,camp.winter.high.solved,Idle,2
6227,227232.1117,23.3031,camp.winter.high.solved,Idle,2
6228,227261.5112,29.3996,camp.winter.high.solved,Idle,2
6229,227287.8854,26.3742,camp.winter.high.solved,Idle,2
6230,227311.6468,23.7613,camp.winter.high.solved,Idle,2
6231,227337.8309,26.1841,camp.winter.high.solved,Idle,2
6232,227359.9291,22.0983,camp.winter.high.solved,Idle,2
6233,227392.3298,32.4007,camp.winter.high.solved,Idle,2
6234,227411.6598,19.3298,camp.winter.high.solved,Idle,2
6235,227438.1878,26.5279,camp.winter.high.solved,Idle,2
6236,227460.1123,21.9246,camp.winter.high.solved,Idle,2
6237,227487.3,27.1878,camp.winter.high.solved,Idle,2
6238,227523.7792,36.4792,camp.winter.high.solved,Idle,2
6239,227538.45,14.6709,route.high.to-late-haven,Covering,2
6240,227596.7711,58.321,route.high.to-late-haven,Covering,2
6241,227630.7541,33.983,route.high.to-late-haven,Covering,2
6242,227658.6543,27.9002,route.high.to-late-haven,Covering,2
6243,227691.59,32.9357,route.high.to-late-haven,Covering,2
6244,227720.3307,28.7407,route.high.to-late-haven,Covering,2
6245,227756.0104,35.6795,route.high.to-late-haven,Covering,2
6246,227776.9952,20.9851,route.high.to-late-haven,Covering,2
6247,227807.4261,30.4308,route.high.to-late-haven,Covering,2
6248,227831.5756,24.1495,route.high.to-late-haven,Covering,2
6249,227865.7653,34.1896,route.high.to-late-haven,Covering,2
6250,227892.3098,26.5446,route.high.to-late-haven,Covering,2
6251,227916.9803,24.6705,route.high.to-late-haven,Covering,2
6252,227967.4747,50.4945,route.high.to-late-haven,Covering,2
6253,227985.0013,17.5265,route.high.to-late-haven,Covering,2
6254,228024.048,39.0467,route.high.to-late-haven,Covering,2
6255,228058.6012,34.5531,route.high.to-late-haven,Covering,2
6256,228096.7146,38.1135,route.high.to-late-haven,Covering,2
6257,228132.5936,35.879,route.high.to-late-haven,Covering,2
6258,228169.0825,36.4889,route.high.to-late-haven,Covering,2
6259,228195.1803,26.0978,route.high.to-late-haven,Covering,2
6260,228230.1097,34.9294,route.high.to-late-haven,Covering,2
6261,228271.8551,41.7452,route.high.to-late-haven,Covering,2
6262,228301.0305,29.1755,route.high.to-late-haven,Covering,2
6263,228331.0944,30.0639,route.high.to-late-haven,Covering,2
6264,228363.0134,31.9191,route.high.to-late-haven,Covering,2
6265,228396.6655,33.6521,route.high.to-late-haven,Covering,2
6266,228432.0652,35.3997,route.high.to-late-haven,Covering,2
6267,228470.5493,38.4841,route.high.to-late-haven,Covering,2
6268,228501.0412,30.4918,route.high.to-late-haven,Covering,2
6269,228529.1502,28.1091,route.high.to-late-haven,Covering,2
6270,228564.2234,35.0733,route.high.to-late-haven,Covering,2
6271,228611.304,47.0805,route.high.to-late-haven,Covering,2
6272,228635.2641,23.9601,route.high.to-late-haven,Covering,2
6273,228667.8035,32.5395,route.high.to-late-haven,Covering,2
6274,228714.2639,46.4604,route.high.to-late-haven,Covering,2
6275,228757.5997,43.3357,route.high.to-late-haven,Covering,2
6276,228777.6475,20.0479,route.high.to-late-haven,Covering,2
6277,228824.9599,47.3124,route.high.to-late-haven,Covering,2
6278,228845.9273,20.9673,route.high.to-late-haven,Covering,2
6279,228892.8431,46.9158,route.high.to-late-haven,Covering,2
6280,228930.3119,37.4687,route.high.to-late-haven,Covering,2
6281,228949.61,19.2982,route.high.to-late-haven,Covering,2
6282,228997.2095,47.5996,route.high.to-late-haven,Covering,2
6283,229016.935,19.7254,route.high.to-late-haven,Covering,2
6284,229053.0717,36.1367,route.high.to-late-haven,Covering,2
6285,229083.6565,30.5848,route.high.to-late-haven,Covering,2
6286,229120.8373,37.1808,route.high.to-late-haven,Covering,2
6287,229155.1278,34.2905,route.high.to-late-haven,CoveredLoading,2
6288,229193.5978,38.47,route.high.to-late-haven,CoveredLoading,2
6289,229466.6447,273.0469,route.high.to-late-haven,CoveredLoading,2
6290,230278.6438,811.9991,route.high.to-late-haven,CoveredLoading,2
6291,230305.9108,27.267,route.high.to-late-haven,CoveredLoading,2
6292,230320.6738,14.763,route.high.to-late-haven,CoveredLoading,2
6293,230350.6166,29.9427,route.high.to-late-haven,CoveredLoading,2
6294,230392.8934,42.2769,route.high.to-late-haven,CoveredLoading,2
6295,230411.7763,18.8828,route.high.to-late-haven,CoveredLoading,2
6296,230443.3745,31.5982,route.high.to-late-haven,CoveredLoading,2
6297,230474.2319,30.8574,route.high.to-late-haven,CoveredLoading,2
6298,230510.5465,36.3147,route.high.to-late-haven,CoveredLoading,2
6299,230547.5289,36.9823,route.high.to-late-haven,CoveredLoading,2
6300,230569.3304,21.8016,route.high.to-late-haven,CoveredLoading,2
6301,230608.1742,38.8438,route.high.to-late-haven,CoveredLoading,2
6302,230631.6874,23.5132,route.high.to-late-haven,CoveredLoading,2
6303,230664.7676,33.0802,route.high.to-late-haven,CoveredLoading,2
6304,230709.8508,45.0832,route.high.to-late-haven,CoveredLoading,2
6305,230726.5336,16.6828,route.high.to-late-haven,CoveredLoading,2
6306,230759.6287,33.0951,route.high.to-late-haven,CoveredLoading,2
6307,230809.9184,50.2896,route.high.to-late-haven,CoveredLoading,2
6308,230831.8437,21.9253,route.high.to-late-haven,CoveredLoading,2
6309,230878.5121,46.6684,route.high.to-late-haven,CoveredLoading,2
6310,230907.9038,29.3919,route.high.to-late-haven,CoveredLoading,2
6311,230948.3999,40.4959,route.high.to-late-haven,CoveredLoading,2
6312,230985.7738,37.374,route.high.to-late-haven,CoveredLoading,2
6313,231015.8986,30.1248,route.high.to-late-haven,CoveredLoading,2
6314,231034.5712,18.6726,route.high.to-late-haven,CoveredLoading,2
6315,231080.2659,45.6947,route.high.to-late-haven,CoveredLoading,2
6316,231097.5676,17.3017,route.high.to-late-haven,CoveredLoading,2
6317,231152.7727,55.2051,route.high.to-late-haven,CoveredLoading,2
6318,231171.0887,18.3159,route.high.to-late-haven,CoveredLoading,2
6319,231215.5571,44.4686,route.high.to-late-haven,CoveredLoading,2
6320,231261.1059,45.5487,route.high.to-late-haven,CoveredLoading,2
6321,231279.5749,18.469,route.high.to-late-haven,CoveredLoading,2
6322,231314.8828,35.3079,route.high.to-late-haven,CoveredLoading,2
6323,231368.7998,53.917,route.high.to-late-haven,CoveredLoading,2
6324,231386.0158,17.216,route.high.to-late-haven,CoveredLoading,2
6325,231443.9645,57.9485,route.high.to-late-haven,CoveredLoading,2
6326,231474.4163,30.4519,route.high.to-late-haven,CoveredLoading,2
6327,231507.5545,33.1382,route.high.to-late-haven,CoveredLoading,2
6328,231554.694,47.1394,route.high.to-late-haven,CoveredLoading,2
6329,231570.9563,16.2623,route.high.to-late-haven,CoveredLoading,2
6330,231610.8635,39.9073,route.high.to-late-haven,CoveredLoading,2
6331,231663.2674,52.4039,route.high.to-late-haven,CoveredLoading,2
6332,231685.7704,22.5031,route.high.to-late-haven,CoveredLoading,2
6333,231725.9,40.1296,route.high.to-late-haven,Preparing,2
6334,231770.1534,44.2533,route.high.to-late-haven,Preparing,2
6335,231813.9538,43.8005,route.high.to-late-haven,Preparing,2
6336,231854.9645,41.0107,route.high.to-late-haven,Preparing,2
6337,231880.6127,25.6481,route.high.to-late-haven,Preparing,2
6338,231912.5401,31.9274,route.high.to-late-haven,Preparing,2
6339,231963.2189,50.6789,route.high.to-late-haven,Preparing,2
6340,231987.2604,24.0415,route.high.to-late-haven,Revealing,2
6341,232059.425,72.1646,route.high.to-late-haven,Revealing,2
6342,232080.8501,21.4251,route.high.to-late-haven,Revealing,2
6343,232133.2952,52.445,route.high.to-late-haven,Revealing,2
6344,232201.5657,68.2705,route.high.to-late-haven,Revealing,2
6345,232242.1104,40.5448,route.high.to-late-haven,Revealing,2
6346,232281.7252,39.6148,route.high.to-late-haven,Revealing,2
6347,232318.49,36.7647,route.high.to-late-haven,Revealing,2
6348,232360.4032,41.9133,route.high.to-late-haven,Revealing,2
6349,232399.6174,39.2142,route.high.to-late-haven,Revealing,2
6350,232431.3526,31.7352,route.high.to-late-haven,Revealing,2
6351,232467.2257,35.8731,route.high.to-late-haven,Revealing,2
6352,232512.4925,45.2668,route.high.to-late-haven,Revealing,2
6353,232533.9173,21.4247,route.high.to-late-haven,Revealing,2
6354,232574.3379,40.4207,route.high.to-late-haven,Revealing,2
6355,232616.8341,42.4962,route.high.to-late-haven,Revealing,2
6356,232662.8296,45.9955,route.high.to-late-haven,Revealing,2
6357,232709.7196,46.89,route.high.to-late-haven,Revealing,2
6358,232757.7214,48.0018,route.high.to-late-haven,Revealing,2
6359,232766.1415,8.4202,route.high.to-late-haven,Revealing,2
6360,232811.1891,45.0475,route.high.to-late-haven,Revealing,2
6361,232825.6381,14.449,route.high.to-late-haven,Revealing,2
6362,232855.836,30.1979,route.high.to-late-haven,Revealing,2
6363,232894.613,38.777,route.high.to-late-haven,Revealing,2
6364,232930.2008,35.5878,route.high.to-late-haven,Revealing,2
6365,232982.7556,52.5548,route.high.to-late-haven,Revealing,2
6366,233026.4651,43.7095,route.high.to-late-haven,Revealing,2
6367,233034.9845,8.5195,route.high.to-late-haven,Revealing,2
6368,233080.1493,45.1647,route.high.to-late-haven,Revealing,2
6369,233093.5918,13.4424,route.high.to-late-haven,Revealing,2
6370,233141.3419,47.7501,route.high.to-late-haven,Revealing,2
6371,233169.1474,27.8056,route.high.to-late-haven,Revealing,2
6372,233212.5159,43.3685,route.high.to-late-haven,Revealing,2
6373,233247.1733,34.6574,route.high.to-late-haven,Revealing,2
6374,233265.3792,18.2058,route.high.to-late-haven,Revealing,2
6375,233291.7869,26.4078,route.high.to-late-haven,Revealing,2
6376,233340.4448,48.6579,route.high.to-late-haven,Revealing,2
6377,233354.3517,13.9069,route.high.to-late-haven,Revealing,2
6378,233385.8726,31.5209,route.high.to-late-haven,Revealing,2
6379,233424.6746,38.802,route.high.to-late-haven,Idle,2
6380,233541.6134,116.9388,audit.snapshot.route.high.to-late-haven.ready,Idle,2
6381,233570.976,29.3624,audit.snapshot.route.high.to-late-haven.ready,Idle,2
6382,233608.955,37.9792,audit.snapshot.route.high.to-late-haven.ready,Idle,2
6383,233617.9853,9.0302,audit.snapshot.route.high.to-late-haven.ready,Idle,2
6384,233660.2339,42.2486,audit.snapshot.route.high.to-late-haven.ready,Idle,2
6385,233674.3739,14.1402,audit.snapshot.route.high.to-late-haven.ready,Idle,2
6386,233720.2667,45.8926,audit.snapshot.route.high.to-late-haven.ready,Idle,2
6387,233736.6225,16.3558,audit.snapshot.route.high.to-late-haven.ready,Idle,2
6388,233777.856,41.2335,audit.snapshot.route.high.to-late-haven.ready,Idle,2
6389,233817.4538,39.5979,audit.snapshot.route.high.to-late-haven.ready,Idle,2
6390,233827.0325,9.5787,audit.snapshot.route.high.to-late-haven.ready,Idle,2
6391,233880.0016,52.9691,audit.snapshot.route.high.to-late-haven.ready,Idle,2
6392,233898.3548,18.3532,audit.snapshot.route.high.to-late-haven.ready,Idle,2
6393,233941.3285,42.9736,audit.snapshot.route.high.to-late-haven.ready,Idle,2
6394,233958.5316,17.2032,audit.snapshot.route.high.to-late-haven.ready,Idle,2
6395,233980.6776,22.146,audit.snapshot.route.high.to-late-haven.ready,Idle,2
6396,234010.9886,30.3109,audit.snapshot.route.high.to-late-haven.ready,Idle,2
6397,234039.9852,28.9967,audit.snapshot.route.high.to-late-haven.ready,Idle,2
6398,234083.8604,43.8752,audit.snapshot.route.high.to-late-haven.ready,Idle,2
6399,234095.9078,12.0474,audit.snapshot.route.high.to-late-haven.ready,Idle,2
6400,234143.0059,47.098,audit.snapshot.route.high.to-late-haven.ready,Idle,2
6401,234179.1755,36.1696,audit.snapshot.route.high.to-late-haven.ready,Idle,2
6402,234210.9703,31.7949,audit.snapshot.route.high.to-late-haven.ready,Idle,2
6403,234248.404,37.4336,audit.snapshot.route.high.to-late-haven.ready,Idle,2
6404,234258.0827,9.6788,audit.snapshot.route.high.to-late-haven.ready,Idle,2
6405,234301.507,43.4243,audit.snapshot.route.high.to-late-haven.ready,Idle,2
6406,234321.6941,20.1872,audit.snapshot.route.high.to-late-haven.ready,Idle,2
6407,234363.0811,41.3869,audit.snapshot.route.high.to-late-haven.ready,Idle,2
6408,234377.1903,14.1092,audit.snapshot.route.high.to-late-haven.ready,Idle,2
6409,234425.2362,48.0459,audit.snapshot.route.high.to-late-haven.ready,Idle,2
6410,234439.4747,14.2385,audit.snapshot.route.high.to-late-haven.ready,Idle,2
6411,234475.4106,35.9359,audit.snapshot.route.high.to-late-haven.ready,Idle,2
6412,234522.4225,47.0118,audit.snapshot.route.high.to-late-haven.ready,Idle,2
6413,234554.7473,32.3248,audit.snapshot.route.high.to-late-haven.ready,Idle,2
6414,234577.9806,23.2334,audit.snapshot.route.high.to-late-haven.ready,Idle,2
6415,234611.6399,33.6592,audit.snapshot.route.high.to-late-haven.ready,Idle,2
6416,234644.2347,32.5949,audit.snapshot.route.high.to-late-haven.ready,Idle,2
6417,234657.208,12.9733,audit.snapshot.route.high.to-late-haven.ready,Idle,2
6418,234688.3493,31.1413,audit.snapshot.route.high.to-late-haven.ready,Idle,2
6419,234734.7184,46.3691,audit.snapshot.route.high.to-late-haven.ready,Idle,2
6420,234755.4328,20.7144,audit.snapshot.route.high.to-late-haven.ready,Idle,2
6421,234796.0151,40.5823,audit.snapshot.route.high.to-late-haven.ready,Idle,2
6422,234828.057,32.0418,audit.snapshot.route.high.to-late-haven.ready,Idle,2
6423,234857.3171,29.2601,audit.snapshot.route.high.to-late-haven.ready,Idle,2
6424,234870.4401,13.1231,audit.snapshot.route.high.to-late-haven.ready,Idle,2
6425,234894.9138,24.4737,camp.late-haven.high.solved,Idle,2
6426,234944.4744,49.5606,camp.late-haven.high.solved,Idle,2
6427,234962.6303,18.1558,camp.late-haven.high.solved,Idle,2
6428,235012.6711,50.0409,camp.late-haven.high.solved,Idle,2
6429,235045.8244,33.1533,camp.late-haven.high.solved,Idle,2
6430,235081.1415,35.317,camp.late-haven.high.solved,Idle,2
6431,235100.922,19.7806,camp.late-haven.high.solved,Idle,2
6432,235132.7664,31.8444,camp.late-haven.high.solved,Idle,2
6433,235183.6279,50.8615,camp.late-haven.high.solved,Idle,2
6434,235202.7493,19.1214,camp.late-haven.high.solved,Idle,2
6435,235245.1047,42.3553,camp.late-haven.high.solved,Idle,2
6436,235285.3821,40.2776,camp.late-haven.high.solved,Idle,2
6437,235311.2029,25.8207,camp.late-haven.high.solved,Idle,2
6438,235322.3412,11.1383,camp.late-haven.high.solved,Idle,2
6439,235351.9851,29.6439,camp.late-haven.high.solved,Idle,2
6440,235397.0066,45.0215,camp.late-haven.high.solved,Idle,2
6441,235410.2178,13.2113,camp.late-haven.high.solved,Idle,2
6442,235458.08,47.862,camp.late-haven.high.solved,Idle,2
6443,235485.9561,27.8763,camp.late-haven.high.solved,Idle,2
6444,235515.438,29.4818,camp.late-haven.high.solved,Idle,2
6445,235555.2696,39.8316,camp.late-haven.high.solved,Idle,2
6446,235564.9996,9.7301,camp.late-haven.high.solved,Idle,2
6447,235609.5167,44.5169,camp.late-haven.high.solved,Idle,2
6448,235627.895,18.3783,camp.late-haven.high.solved,Idle,2
6449,235679.6514,51.7564,camp.late-haven.high.solved,Idle,2
6450,235691.9691,12.3178,camp.late-haven.high.solved,Idle,2
6451,235737.5086,45.5394,camp.late-haven.high.solved,Idle,2
6452,235777.9669,40.4507,camp.late-haven.high.solved,Idle,2
6453,235788.091,10.1318,camp.late-haven.high.solved,Idle,2
6454,235829.095,41.0039,camp.late-haven.high.solved,Idle,2
6455,235843.6371,14.5422,camp.late-haven.high.solved,Idle,2
6456,235891.3522,47.7151,camp.late-haven.high.solved,Idle,2
6457,235919.954,28.6018,camp.late-haven.high.solved,Idle,2
6458,235952.2956,32.3415,camp.late-haven.high.solved,Idle,2
6459,235998.8552,46.5595,camp.late-haven.high.solved,Idle,2
6460,236008.1532,9.2982,camp.late-haven.high.solved,Idle,2
6461,236063.7542,55.601,camp.late-haven.high.solved,Idle,2
6462,236089.2669,25.5128,camp.late-haven.high.solved,Idle,2
6463,236134.9252,45.6583,camp.late-haven.high.solved,Idle,2
6464,236153.929,19.0038,camp.late-haven.high.solved,Idle,2
6465,236212.8306,58.9015,camp.late-haven.high.solved,Idle,2
6466,236228.3764,15.5457,camp.late-haven.high.solved,Idle,2
6467,236263.7277,35.3514,camp.late-haven.high.solved,Idle,2
6468,236314.8412,51.1135,camp.late-haven.high.solved,Idle,2
6469,236330.7759,15.9347,camp.late-haven.high.solved,Idle,2
6470,236392.9722,62.1963,camp.late-haven.high.solved,Idle,2
6471,236429.6685,36.6963,camp.late-haven.high.solved,Idle,2
6472,236461.7796,32.1111,camp.late-haven.high.solved,Idle,2
6473,236473.6027,11.8232,camp.late-haven.high.solved,Idle,2
6474,236499.9665,26.3636,camp.late-haven.high.solved,Idle,2
6475,236544.0403,44.0739,camp.late-haven.high.solved,Idle,2
6476,236561.3543,17.314,camp.late-haven.high.solved,Idle,2
6477,236606.8959,45.5416,camp.late-haven.high.solved,Idle,2
6478,236645.7708,38.8749,camp.late-haven.high.solved,Idle,2
6479,236668.4341,22.6633,camp.late-haven.high.solved,Idle,2
6480,236679.3408,10.9068,camp.late-haven.high.solved,Idle,2
6481,236709.2985,29.9576,camp.late-haven.high.solved,Idle,2
6482,236755.9175,46.6189,camp.late-haven.high.solved,Idle,2
6483,236765.1235,9.2061,camp.late-haven.high.solved,Idle,2
6484,236813.0374,47.9139,camp.late-haven.high.solved,Idle,2
6485,236842.2969,29.2594,camp.late-haven.high.solved,Idle,2
6486,236877.1619,34.8651,camp.late-haven.high.solved,Idle,2
6487,236918.4152,41.2532,camp.late-haven.high.solved,Idle,2
6488,236928.0189,9.6038,camp.late-haven.high.solved,Idle,2
6489,236980.4551,52.4362,camp.late-haven.high.solved,Idle,2
6490,236997.2032,16.7481,camp.late-haven.high.solved,Idle,2
6491,237042.3027,45.0995,camp.late-haven.high.solved,Idle,2
6492,237081.8491,39.5464,camp.late-haven.high.solved,Idle,2
6493,237106.6422,24.7931,camp.late-haven.high.solved,Idle,2
6494,237123.2969,16.6548,camp.late-haven.high.solved,Idle,2
6495,237154.2317,30.9347,camp.late-haven.high.solved,Idle,2
6496,237196.9978,42.7661,camp.late-haven.high.solved,Idle,2
6497,237210.5999,13.602,camp.late-haven.high.solved,Idle,2
6498,237258.7104,48.1106,camp.late-haven.high.solved,Idle,2
6499,237289.0684,30.3579,camp.late-haven.high.solved,Idle,2
6500,237315.8195,26.751,camp.late-haven.high.solved,Idle,2
6501,237325.1662,9.3468,camp.late-haven.high.solved,Idle,2
6502,237352.111,26.9449,camp.late-haven.high.solved,Idle,2
6503,237395.5548,43.4438,camp.late-haven.high.solved,Idle,2
6504,237414.7205,19.1657,camp.late-haven.high.solved,Idle,2
6505,237462.1608,47.4403,camp.late-haven.high.solved,Idle,2
6506,237476.544,14.3832,camp.late-haven.high.solved,Idle,2
6507,237523.2564,46.7123,camp.late-haven.high.solved,Idle,2
6508,237559.8831,36.6268,camp.late-haven.high.solved,Idle,2
6509,237569.9738,10.0906,camp.late-haven.high.solved,Idle,2
6510,237612.243,42.2693,camp.late-haven.high.solved,Idle,2
6511,237624.7865,12.5435,camp.late-haven.high.solved,Idle,2
6512,237674.6747,49.8882,camp.late-haven.high.solved,Idle,2
6513,237700.9362,26.2614,camp.late-haven.high.solved,Idle,2
6514,237730.4408,29.5047,camp.late-haven.high.solved,Idle,2
6515,237748.0884,17.6477,camp.late-haven.high.solved,Idle,2
6516,237771.8931,23.8046,camp.late-haven.high.solved,Idle,2
6517,237816.2009,44.3076,camp.late-haven.high.solved,Idle,2
6518,237836.2268,20.0261,camp.late-haven.high.solved,Idle,2
6519,237874.2254,37.9986,camp.late-haven.high.solved,Idle,2
6520,237911.6076,37.382,camp.late-haven.high.solved,Idle,2
6521,237934.9849,23.3774,camp.late-haven.high.solved,Idle,2
6522,237947.9452,12.9604,camp.late-haven.high.solved,Idle,2
6523,237976.2852,28.3401,camp.late-haven.high.solved,Idle,2
6524,238022.8683,46.583,camp.late-haven.high.solved,Idle,2
6525,238033.1458,10.2776,camp.late-haven.high.solved,Idle,2
6526,238088.8591,55.7132,camp.late-haven.high.solved,Idle,2
6527,238128.8247,39.9655,camp.late-haven.high.solved,Idle,2
6528,238159.4434,30.6188,camp.late-haven.high.solved,Idle,2
6529,238197.8797,38.4363,camp.late-haven.high.solved,Idle,2
6530,238207.1801,9.3003,camp.late-haven.high.solved,Idle,2
6531,238247.0404,39.8604,camp.late-haven.high.solved,Idle,2
6532,238264.6081,17.5677,camp.late-haven.high.solved,Idle,2
6533,238307.8617,43.2536,camp.late-haven.high.solved,Idle,2
6534,238346.3106,38.4415,camp.late-haven.high.solved,Idle,2
6535,238367.6764,21.3733,camp.late-haven.high.solved,Idle,2
6536,238387.0065,19.3299,camp.late-haven.high.solved,Idle,2
6537,238410.0216,23.0151,camp.late-haven.high.solved,Idle,2
6538,238456.6761,46.6546,camp.late-haven.high.solved,Idle,2
6539,238465.6861,9.0098,camp.late-haven.high.solved,Idle,2
6540,238513.3253,47.6394,camp.late-haven.high.solved,Idle,2
6541,238541.3147,27.9894,camp.late-haven.high.solved,Idle,2
6542,238570.8202,29.5054,camp.late-haven.high.solved,Idle,2
6543,238579.6922,8.872,camp.late-haven.high.solved,Idle,2
6544,238608.462,28.7699,camp.late-haven.high.solved,Idle,2
6545,238661.1818,52.7198,camp.late-haven.high.solved,Idle,2
6546,238680.6262,19.4445,camp.late-haven.high.solved,Idle,2
6547,238722.7924,42.1661,camp.late-haven.high.solved,Idle,2
6548,238760.3345,37.5421,camp.late-haven.high.solved,Idle,2
6549,238781.8994,21.5649,camp.late-haven.high.solved,Idle,2
6550,238801.3384,19.4389,camp.late-haven.high.solved,Idle,2
6551,238824.4979,23.1597,camp.late-haven.high.solved,Idle,2
6552,238868.3064,43.8084,camp.late-haven.high.solved,Idle,2
6553,238880.4188,12.1124,camp.late-haven.high.solved,Idle,2
6554,238928.3223,47.9034,camp.late-haven.high.solved,Idle,2
6555,238956.159,27.8368,camp.late-haven.high.solved,Idle,2
6556,238986.0532,29.8942,camp.late-haven.high.solved,Idle,2
6557,238998.7565,12.7034,camp.late-haven.high.solved,Idle,2
6558,239022.1293,23.3728,camp.late-haven.high.solved,Idle,2
6559,239069.2935,47.1641,camp.late-haven.high.solved,Idle,2
6560,239089.3027,20.0092,camp.late-haven.high.solved,Idle,2
6561,239139.3892,50.0865,camp.late-haven.high.solved,Idle,2
6562,239177.9577,38.5685,camp.late-haven.high.solved,Idle,2
6563,239200.5472,22.5896,camp.late-haven.high.solved,Idle,2
6564,239211.1358,10.5886,camp.late-haven.high.solved,Idle,2
6565,239249.169,38.033,camp.late-haven.high.solved,Idle,2
6566,239295.2459,46.077,camp.late-haven.high.solved,Idle,2
6567,239309.19,13.9441,camp.late-haven.high.solved,Idle,2
6568,239357.3914,48.2014,camp.late-haven.high.solved,Idle,2
6569,239384.8372,27.4458,camp.late-haven.high.solved,Idle,2
6570,239416.1936,31.3563,camp.late-haven.high.solved,Idle,2
6571,239453.536,37.3425,camp.late-haven.high.solved,Idle,2
6572,239463.9837,10.4477,camp.late-haven.high.solved,Idle,2
6573,239521.1289,57.1451,camp.late-haven.high.solved,Idle,2
6574,239546.5943,25.4655,camp.late-haven.high.solved,Idle,2
6575,239597.0361,50.4417,camp.late-haven.high.solved,Idle,2
6576,239611.7116,14.6756,camp.late-haven.high.solved,Idle,2
6577,239662.7777,51.0662,camp.late-haven.high.solved,Idle,2
6578,239677.0344,14.2567,camp.late-haven.high.solved,Idle,2
6579,239714.6708,37.6363,camp.late-haven.high.solved,Idle,2
6580,239761.2564,46.5856,camp.late-haven.high.solved,Idle,2
6581,239775.1952,13.9388,camp.late-haven.high.solved,Idle,2
6582,239823.6271,48.4318,camp.late-haven.high.solved,Idle,2
6583,239856.3498,32.7228,camp.late-haven.high.solved,Idle,2
6584,239885.9829,29.6331,camp.late-haven.high.solved,Idle,2
6585,239921.5088,35.5259,camp.late-haven.high.solved,Idle,2
6586,239930.7393,9.2306,camp.late-haven.high.solved,Idle,2
6587,239980.3166,49.5772,camp.late-haven.high.solved,Idle,2
6588,240008.3545,28.0379,camp.late-haven.high.solved,Idle,2
6589,240060.7243,52.3698,camp.late-haven.high.solved,Idle,2
6590,240076.6676,15.9434,camp.late-haven.high.solved,Idle,2
6591,240135.4126,58.7448,camp.late-haven.high.solved,Idle,2
6592,240150.4102,14.9977,camp.late-haven.high.solved,Idle,2
6593,240196.3104,45.9002,camp.late-haven.high.solved,Idle,2
6594,240252.7316,56.4212,camp.late-haven.high.solved,Idle,2
6595,240267.2017,14.4702,camp.late-haven.high.solved,Idle,2
6596,240325.5737,58.3718,camp.late-haven.high.solved,Idle,2
6597,240368.5946,43.021,camp.late-haven.high.solved,Idle,2
6598,240396.9593,28.3645,camp.late-haven.high.solved,Idle,2
6599,240418.5894,21.6302,camp.late-haven.high.solved,Idle,2
6600,240442.8383,24.249,camp.late-haven.high.solved,Idle,2
6601,240494.2352,51.3969,camp.late-haven.high.solved,Idle,2
6602,240508.2876,14.0523,camp.late-haven.high.solved,Idle,2
6603,240554.2893,46.0018,camp.late-haven.high.solved,Idle,2
6604,240565.1063,10.8171,camp.late-haven.high.solved,Idle,2
6605,240614.9071,49.8007,route.high.final-camp-menu,Covering,2
6606,240677.1936,62.2865,route.high.final-camp-menu,Covering,2
6607,240707.4419,30.2483,route.high.final-camp-menu,Covering,2
6608,240750.4737,43.0317,route.high.final-camp-menu,Covering,2
6609,240776.0061,25.5324,route.high.final-camp-menu,Covering,2
6610,240818.6131,42.6071,route.high.final-camp-menu,Covering,2
6611,240832.9199,14.3068,route.high.final-camp-menu,Covering,2
6612,240884.2436,51.3237,route.high.final-camp-menu,Covering,2
6613,240924.0151,39.7715,route.high.final-camp-menu,Covering,2
6614,240976.4623,52.4473,route.high.final-camp-menu,Covering,2
6615,240997.5915,21.1291,route.high.final-camp-menu,Covering,2
6616,241014.8727,17.2812,route.high.final-camp-menu,Covering,2
6617,241072.5793,57.7066,route.high.final-camp-menu,Covering,2
6618,241086.6604,14.0811,route.high.final-camp-menu,Covering,2
6619,241144.5821,57.9217,route.high.final-camp-menu,Covering,2
6620,241169.183,24.6009,route.high.final-camp-menu,Covering,2
6621,241191.0771,21.8941,route.high.final-camp-menu,Covering,2
6622,241243.1685,52.0913,route.high.final-camp-menu,Covering,2
6623,241263.3102,20.1418,route.high.final-camp-menu,Covering,2
6624,241292.158,28.8478,route.high.final-camp-menu,Covering,2
6625,241330.8697,38.7117,route.high.final-camp-menu,Covering,2
6626,241359.5707,28.7009,route.high.final-camp-menu,Covering,2
6627,241428.3948,68.8242,route.high.final-camp-menu,Covering,2
6628,241451.3922,22.9974,route.high.final-camp-menu,Covering,2
6629,241529.4292,78.037,route.high.final-camp-menu,Covering,2
6630,241551.5752,22.1459,route.high.final-camp-menu,Covering,2
6631,241611.562,59.9869,route.high.final-camp-menu,Covering,2
6632,241632.5614,20.9994,route.high.final-camp-menu,Covering,2
6633,241693.8458,61.2843,route.high.final-camp-menu,Covering,2
6634,241734.4087,40.563,route.high.final-camp-menu,Covering,2
6635,241753.0632,18.6545,route.high.final-camp-menu,Covering,2
6636,241812.1733,59.1101,route.high.final-camp-menu,Covering,2
6637,241830.5814,18.4081,route.high.final-camp-menu,Covering,2
6638,241879.4913,48.9099,route.high.final-camp-menu,Covering,2
6639,241912.9574,33.4661,route.high.final-camp-menu,Covering,2
6640,241944.2205,31.2632,route.high.final-camp-menu,Covering,2
6641,241990.8419,46.6213,route.high.final-camp-menu,Covering,2
6642,242021.1976,30.3557,route.high.final-camp-menu,Covering,2
6643,242059.2796,38.082,route.high.final-camp-menu,Covering,2
6644,242096.6913,37.4117,route.high.final-camp-menu,Covering,2
6645,242162.0599,65.3686,route.high.final-camp-menu,Covering,2
6646,242182.306,20.246,route.high.final-camp-menu,CoveredLoading,2
6647,242234.4412,52.1353,route.high.final-camp-menu,CoveredLoading,2
6648,242585.7884,351.3474,route.high.final-camp-menu,CoveredLoading,2
6649,243608.7648,1022.9761,route.high.final-camp-menu,CoveredLoading,2
6650,243640.2141,31.4494,route.high.final-camp-menu,CoveredLoading,2
6651,243670.1185,29.9044,route.high.final-camp-menu,CoveredLoading,2
6652,243693.7598,23.6414,route.high.final-camp-menu,CoveredLoading,2
6653,243724.4295,30.6697,route.high.final-camp-menu,CoveredLoading,2
6654,243764.0707,39.6411,route.high.final-camp-menu,CoveredLoading,2
6655,243785.1159,21.0452,route.high.final-camp-menu,CoveredLoading,2
6656,243814.3439,29.228,route.high.final-camp-menu,CoveredLoading,2
6657,243845.1166,30.7728,route.high.final-camp-menu,CoveredLoading,2
6658,243871.2697,26.153,route.high.final-camp-menu,CoveredLoading,2
6659,243923.4932,52.2231,route.high.final-camp-menu,CoveredLoading,2
6660,243934.7661,11.2732,route.high.final-camp-menu,CoveredLoading,2
6661,243960.5731,25.8071,route.high.final-camp-menu,CoveredLoading,2
6662,244015.1588,54.5857,route.high.final-camp-menu,CoveredLoading,2
6663,244037.1835,22.0246,route.high.final-camp-menu,CoveredLoading,2
6664,244075.7587,38.5753,route.high.final-camp-menu,CoveredLoading,2
6665,244111.0343,35.2756,route.high.final-camp-menu,CoveredLoading,2
6666,244148.9456,37.9114,route.high.final-camp-menu,CoveredLoading,2
6667,244190.7623,41.8166,route.high.final-camp-menu,CoveredLoading,2
6668,244226.1344,35.3721,route.high.final-camp-menu,CoveredLoading,2
6669,244247.5972,21.4628,route.high.final-camp-menu,CoveredLoading,2
6670,244286.4087,38.8114,route.high.final-camp-menu,CoveredLoading,2
6671,244339.5,53.0914,route.high.final-camp-menu,CoveredLoading,2
6672,244360.2789,20.7789,route.high.final-camp-menu,CoveredLoading,2
6673,244390.8462,30.5672,route.high.final-camp-menu,CoveredLoading,2
6674,244417.343,26.4965,route.high.final-camp-menu,CoveredLoading,2
6675,244449.7102,32.3674,route.high.final-camp-menu,CoveredLoading,2
6676,244471.4205,21.7104,route.high.final-camp-menu,CoveredLoading,2
6677,244502.3677,30.947,route.high.final-camp-menu,CoveredLoading,2
6678,244528.9491,26.5817,route.high.final-camp-menu,CoveredLoading,2
6679,244554.2089,25.2598,route.high.final-camp-menu,CoveredLoading,2
6680,244584.5754,30.3664,route.high.final-camp-menu,CoveredLoading,2
6681,244615.0471,30.4718,route.high.final-camp-menu,CoveredLoading,2
6682,244639.5499,24.5028,route.high.final-camp-menu,CoveredLoading,2
6683,244666.8044,27.2545,route.high.final-camp-menu,CoveredLoading,2
6684,244706.9901,40.1857,route.high.final-camp-menu,CoveredLoading,2
6685,244721.401,14.411,route.high.final-camp-menu,CoveredLoading,2
6686,244755.2043,33.8031,route.high.final-camp-menu,CoveredLoading,2
6687,244786.9385,31.7343,route.high.final-camp-menu,CoveredLoading,2
6688,244814.86,27.9214,route.high.final-camp-menu,CoveredLoading,2
6689,244845.1743,30.3145,route.high.final-camp-menu,CoveredLoading,2
6690,244871.2509,26.0765,route.high.final-camp-menu,CoveredLoading,2
6691,244926.8563,55.6054,route.high.final-camp-menu,CoveredLoading,2
6692,244953.6555,26.7991,route.high.final-camp-menu,Preparing,2
6693,244994.1301,40.4747,route.high.final-camp-menu,Preparing,2
6694,245020.5319,26.4018,route.high.final-camp-menu,Preparing,2
6695,245053.7991,33.2672,route.high.final-camp-menu,Preparing,2
6696,245087.7437,33.9446,route.high.final-camp-menu,Preparing,2
6697,245126.3789,38.6352,route.high.final-camp-menu,Preparing,2
6698,245175.7939,49.415,route.high.final-camp-menu,Preparing,2
6699,245202.633,26.8391,route.high.final-camp-menu,Revealing,2
6700,245237.3112,34.6782,route.high.final-camp-menu,Revealing,2
6701,245275.4283,38.1171,route.high.final-camp-menu,Revealing,2
6702,245310.7626,35.3343,route.high.final-camp-menu,Revealing,2
6703,245351.7471,40.9845,route.high.final-camp-menu,Revealing,2
6704,245385.8461,34.099,route.high.final-camp-menu,Revealing,2
6705,245414.8505,29.0044,route.high.final-camp-menu,Revealing,2
6706,245453.4343,38.5838,route.high.final-camp-menu,Revealing,2
6707,245488.2737,34.8394,route.high.final-camp-menu,Revealing,2
6708,245544.1801,55.9064,route.high.final-camp-menu,Revealing,2
6709,245569.9257,25.7456,route.high.final-camp-menu,Revealing,2
6710,245623.5606,53.6348,route.high.final-camp-menu,Revealing,2
6711,245644.67,21.1094,route.high.final-camp-menu,Revealing,2
6712,245685.8193,41.1494,route.high.final-camp-menu,Revealing,2
6713,245721.3683,35.549,route.high.final-camp-menu,Revealing,2
6714,245753.371,32.0027,route.high.final-camp-menu,Revealing,2
6715,245787.1316,33.7606,route.high.final-camp-menu,Revealing,2
6716,245825.6064,38.4747,route.high.final-camp-menu,Revealing,2
6717,245860.3461,34.7398,route.high.final-camp-menu,Revealing,2
6718,245896.5827,36.2365,route.high.final-camp-menu,Revealing,2
6719,245925.0699,28.4873,route.high.final-camp-menu,Revealing,2
6720,245949.7703,24.7005,route.high.final-camp-menu,Revealing,2
6721,245973.2441,23.4737,route.high.final-camp-menu,Revealing,2
6722,245994.155,20.9109,route.high.final-camp-menu,Revealing,2
6723,246015.3357,21.1807,route.high.final-camp-menu,Revealing,2
6724,246041.1843,25.8486,route.high.final-camp-menu,Revealing,2
6725,246075.5108,34.3265,route.high.final-camp-menu,Revealing,2
6726,246085.0381,9.5271,route.high.final-camp-menu,Revealing,2
6727,246109.325,24.2871,route.high.final-camp-menu,Revealing,2
6728,246126.6403,17.3153,route.high.final-camp-menu,Revealing,2
6729,246156.6317,29.9914,route.high.final-camp-menu,Revealing,2
6730,246181.193,24.5612,route.high.final-camp-menu,Revealing,2
6731,246204.972,23.7791,route.high.final-camp-menu,Revealing,2
6732,246226.2356,21.2636,route.high.final-camp-menu,Revealing,2
6733,246248.828,22.5923,route.high.final-camp-menu,Revealing,2
6734,246272.4299,23.602,route.high.final-camp-menu,Revealing,2
6735,246293.918,21.4881,route.high.final-camp-menu,Revealing,2
6736,246319.4234,25.5054,route.high.final-camp-menu,Revealing,2
6737,246342.2024,22.779,route.high.final-camp-menu,Revealing,2
6738,246368.3769,26.1744,route.high.final-camp-menu,Revealing,2
6739,246387.4651,19.0882,route.high.final-camp-menu,Revealing,2
6740,246417.9178,30.4526,route.high.final-camp-menu,Revealing,2
6741,246433.4125,15.4949,route.high.final-camp-menu,Revealing,2
6742,246463.0701,29.6576,route.high.final-camp-menu,Revealing,2
6743,246481.8606,18.7904,route.high.final-camp-menu,Revealing,2
6744,246505.1111,23.2506,route.high.final-camp-menu,Revealing,2
6745,246526.4919,21.3808,route.high.final-camp-menu,Revealing,2
6746,246559.9855,33.4934,route.high.final-camp-menu,Revealing,2
6747,246576.431,16.4457,route.high.final-camp-menu,Revealing,2
6748,246600.6766,24.2455,route.high.final-camp-menu,Idle,2
6749,246628.1286,27.4521,audit.snapshot.route.high.final-camp-menu.ready,Idle,2
6750,246650.1089,21.9802,audit.snapshot.route.high.final-camp-menu.ready,Idle,2
6751,246671.4502,21.3414,audit.snapshot.route.high.final-camp-menu.ready,Idle,2
6752,246690.6449,19.1947,audit.snapshot.route.high.final-camp-menu.ready,Idle,2
6753,246710.3995,19.7546,audit.snapshot.route.high.final-camp-menu.ready,Idle,2
6754,246727.9129,17.5133,audit.snapshot.route.high.final-camp-menu.ready,Idle,2
6755,246749.1572,21.2445,audit.snapshot.route.high.final-camp-menu.ready,Idle,2
6756,246768.2146,19.0572,audit.snapshot.route.high.final-camp-menu.ready,Idle,2
6757,246788.2116,19.9968,audit.snapshot.route.high.final-camp-menu.ready,Idle,2
6758,246806.8503,18.639,audit.snapshot.route.high.final-camp-menu.ready,Idle,2
6759,246825.8843,19.034,audit.snapshot.route.high.final-camp-menu.ready,Idle,2
6760,246846.9604,21.0761,audit.snapshot.route.high.final-camp-menu.ready,Idle,2
6761,246866.2595,19.2991,audit.snapshot.route.high.final-camp-menu.ready,Idle,2
6762,246886.5899,20.3304,audit.snapshot.route.high.final-camp-menu.ready,Idle,2
6763,246916.3448,29.7548,audit.snapshot.route.high.final-camp-menu.ready,Idle,2
6764,246944.4906,28.1459,audit.snapshot.route.high.final-camp-menu.ready,Idle,2
6765,246959.0727,14.5822,audit.snapshot.route.high.final-camp-menu.ready,Idle,2
6766,246980.5653,21.4926,audit.snapshot.route.high.final-camp-menu.ready,Idle,2
6767,246991.1669,10.6015,audit.snapshot.route.high.final-camp-menu.ready,Idle,2
6768,247010.6008,19.4339,audit.snapshot.route.high.final-camp-menu.ready,Idle,2
6769,247037.262,26.6612,audit.snapshot.route.high.final-camp-menu.ready,Idle,2
6770,247070.8674,33.6054,audit.snapshot.route.high.final-camp-menu.ready,Idle,2
6771,247089.1573,18.2899,audit.snapshot.route.high.final-camp-menu.ready,Idle,2
6772,247098.8572,9.6999,audit.snapshot.route.high.final-camp-menu.ready,Idle,2
6773,247123.5393,24.6822,audit.snapshot.route.high.final-camp-menu.ready,Idle,2
6774,247144.312,20.7726,audit.snapshot.route.high.final-camp-menu.ready,Idle,2
6775,247162.1912,17.8792,audit.snapshot.route.high.final-camp-menu.ready,Idle,2
6776,247183.3394,21.1482,audit.snapshot.route.high.final-camp-menu.ready,Idle,2
6777,247205.0713,21.7319,audit.snapshot.route.high.final-camp-menu.ready,Idle,2
6778,247222.0396,16.9682,audit.snapshot.route.high.final-camp-menu.ready,Idle,2
6779,247254.2497,32.2102,audit.snapshot.route.high.final-camp-menu.ready,Idle,2
6780,247282.5265,28.2769,audit.snapshot.route.high.final-camp-menu.ready,Idle,2
6781,247291.7649,9.2383,audit.snapshot.route.high.final-camp-menu.ready,Idle,2
6782,247310.8674,19.1025,audit.snapshot.route.high.final-camp-menu.ready,Idle,2
6783,247328.3457,17.4782,audit.snapshot.route.high.final-camp-menu.ready,Idle,2
6784,247349.4113,21.0656,audit.snapshot.route.high.final-camp-menu.ready,Idle,2
6785,247371.4208,22.0096,audit.snapshot.route.high.final-camp-menu.ready,Idle,2
6786,247388.4968,17.076,audit.snapshot.route.high.final-camp-menu.ready,Idle,2
6787,247421.1896,32.6928,audit.snapshot.route.high.final-camp-menu.ready,Idle,2
6788,247440.5163,19.3266,audit.snapshot.route.high.final-camp-menu.ready,Idle,2
6789,247470.0675,29.5513,audit.snapshot.route.high.final-camp-menu.ready,Idle,2
6790,247483.2583,13.1909,audit.snapshot.route.high.final-camp-menu.ready,Idle,2
6791,247508.1301,24.8717,audit.snapshot.route.high.final-camp-menu.ready,Idle,2
6792,247531.0922,22.9621,audit.snapshot.route.high.final-camp-menu.ready,Idle,2
6793,247548.2725,17.1803,audit.snapshot.route.high.final-camp-menu.ready,Idle,2
6794,248756.5737,1208.3012,ui.Levels.open,Idle,2
6795,248912.2984,155.7246,ui.Levels.open,Idle,2
6796,248939.8045,27.5062,ui.Levels.open,Idle,2
6797,248984.4355,44.6309,ui.Levels.open,Idle,2
6798,249082.0141,97.5785,ui.Levels.open,Idle,2
6799,249106.5156,24.5017,ui.Levels.open,Idle,2
6800,249124.2396,17.724,ui.Levels.open,Idle,2
6801,249140.0435,15.8038,ui.Levels.open,Idle,2
6802,249156.0933,16.0499,ui.Levels.open,Idle,2
6803,249171.8157,15.7225,ui.Levels.open,Idle,2
6804,249188.0393,16.2236,ui.Levels.open,Idle,2
6805,249203.4369,15.3975,ui.Levels.open,Idle,2
6806,249218.5834,15.1463,ui.Levels.open,Idle,2
6807,249235.6853,17.1022,ui.Levels.open,Idle,2
6808,249250.8323,15.1468,ui.Levels.open,Idle,2
6809,249276.558,25.7259,ui.Levels.open,Idle,2
6810,249293.4399,16.8816,ui.Levels.open,Idle,2
6811,249309.6257,16.186,ui.Levels.open,Idle,2
6812,249325.5346,15.9089,ui.Levels.open,Idle,2
6813,249341.8448,16.3101,ui.Levels.open,Idle,2
6814,249357.2832,15.4384,ui.Levels.open,Idle,2
6815,249380.3792,23.096,ui.Levels.open,Idle,2
6816,249396.5259,16.1468,ui.Levels.open,Idle,2
6817,249412.1232,15.5972,ui.Levels.open,Idle,2
6818,249428.1204,15.9973,ui.Levels.open,Idle,2
6819,249443.8308,15.7104,ui.Levels.open,Idle,2
6820,249461.0934,17.2626,ui.Levels.open,Idle,2
6821,249479.5622,18.4687,ui.Levels.open,Idle,2
6822,249501.0653,21.5031,ui.Levels.open,Idle,2
6823,249516.9067,15.8414,ui.Levels.open,Idle,2
6824,249532.897,15.9904,ui.Levels.steady,Idle,2
6825,249551.191,18.294,ui.Levels.steady,Idle,2
6826,249566.6575,15.4664,ui.Levels.steady,Idle,2
6827,249581.9364,15.279,ui.Levels.steady,Idle,2
6828,249598.2054,16.269,ui.Levels.steady,Idle,2
6829,249615.3908,17.1853,ui.Levels.steady,Idle,2
6830,249632.0442,16.6535,ui.Levels.steady,Idle,2
6831,249658.4114,26.3672,ui.Levels.steady,Idle,2
6832,249673.425,15.0136,ui.Levels.steady,Idle,2
6833,249688.5934,15.1684,ui.Levels.steady,Idle,2
6834,249703.671,15.0776,ui.Levels.steady,Idle,2
6835,249720.8432,17.1722,ui.Levels.steady,Idle,2
6836,249736.4761,15.6329,ui.Levels.steady,Idle,2
6837,249751.3256,14.8495,ui.Levels.steady,Idle,2
6838,249769.163,17.8373,ui.Levels.steady,Idle,2
6839,249791.8959,22.733,ui.Levels.steady,Idle,2
6840,249808.5239,16.628,ui.Levels.steady,Idle,2
6841,249823.2144,14.6904,ui.Levels.steady,Idle,2
6842,249837.774,14.5597,ui.Levels.steady,Idle,2
6843,249852.0207,14.2467,ui.Levels.steady,Idle,2
6844,249876.0967,24.076,ui.Levels.steady,Idle,2
6845,249891.5704,15.4737,ui.Levels.steady,Idle,2
6846,249905.8341,14.2637,ui.Levels.steady,Idle,2
6847,249920.0299,14.1882,ui.Levels.steady,Idle,2
6848,249941.6271,21.6047,ui.Levels.steady,Idle,2
6849,249957.1083,15.4813,ui.Levels.steady,Idle,2
6850,249972.4909,15.3826,ui.Levels.steady,Idle,2
6851,249995.5799,23.0891,ui.Levels.steady,Idle,2
6852,250010.6378,15.0577,ui.Levels.steady,Idle,2
6853,250025.606,14.9683,ui.Levels.steady,Idle,2
6854,250050.9859,25.3799,ui.Levels.steady,Idle,2
6855,250066.5058,15.5199,ui.Levels.steady,Idle,2
6856,250082.0761,15.5701,ui.Levels.steady,Idle,2
6857,250098.3861,16.3101,ui.Levels.steady,Idle,2
6858,250114.4836,16.0975,ui.Levels.steady,Idle,2
6859,250129.5455,15.062,ui.Levels.steady,Idle,2
6860,250144.6448,15.0993,ui.Levels.steady,Idle,2
6861,250160.0867,15.442,ui.Levels.steady,Idle,2
6862,250174.8887,14.8019,ui.Levels.steady,Idle,2
6863,250202.2361,27.3474,ui.Levels.steady,Idle,2
6864,250216.2889,14.0528,ui.Levels.steady,Idle,2
6865,250230.9353,14.6462,ui.Levels.steady,Idle,2
6866,250246.8499,15.9149,ui.Levels.steady,Idle,2
6867,250261.4447,14.5947,ui.Levels.steady,Idle,2
6868,250276.338,14.8933,ui.Levels.steady,Idle,2
6869,250291.7218,15.3837,ui.Levels.steady,Idle,2
6870,250314.2943,22.5726,ui.Levels.steady,Idle,2
6871,250330.3489,16.0547,ui.Levels.steady,Idle,2
6872,250345.0524,14.7034,ui.Levels.steady,Idle,2
6873,250359.5332,14.4808,ui.Levels.steady,Idle,2
6874,250374.528,14.9948,ui.Levels.steady,Idle,2
6875,250399.0355,24.5075,ui.Levels.steady,Idle,2
6876,250414.038,15.0025,ui.Levels.steady,Idle,2
6877,250428.8368,14.7988,ui.Levels.steady,Idle,2
6878,250443.8293,14.9926,ui.Levels.steady,Idle,2
6879,250459.8418,16.0124,ui.Levels.steady,Idle,2
6880,250476.0996,16.2578,ui.Levels.steady,Idle,2
6881,250492.573,16.4734,ui.Levels.steady,Idle,2
6882,250509.6107,17.0376,ui.Levels.steady,Idle,2
6883,250525.9992,16.3886,ui.Levels.steady,Idle,2
6884,250544.3685,18.3693,ui.Levels.steady,Idle,2
6885,250571.135,26.7665,ui.Levels.steady,Idle,2
6886,250585.5063,14.3713,ui.Levels.steady,Idle,2
6887,250607.516,22.0097,ui.Levels.steady,Idle,2
6888,250622.1869,14.671,ui.Levels.steady,Idle,2
6889,250636.5775,14.3905,ui.Levels.steady,Idle,2
6890,250650.7867,14.2092,ui.Levels.steady,Idle,2
6891,250674.7929,24.0062,ui.Levels.steady,Idle,2
6892,250689.5648,14.7719,ui.Levels.steady,Idle,2
6893,250703.3169,13.7521,ui.Levels.steady,Idle,2
6894,250716.7767,13.4599,ui.Levels.steady,Idle,2
6895,250731.59,14.813,ui.Levels.steady,Idle,2
6896,250754.8562,23.2663,ui.Levels.steady,Idle,2
6897,250770.4095,15.5533,ui.Levels.steady,Idle,2
6898,250785.3517,14.9423,ui.Levels.steady,Idle,2
6899,250800.3913,15.0396,ui.Levels.steady,Idle,2
6900,250815.466,15.0747,ui.Levels.steady,Idle,2
6901,250841.5212,26.0551,ui.Levels.steady,Idle,2
6902,250856.7696,15.2485,ui.Levels.steady,Idle,2
6903,250871.835,15.0654,ui.Levels.steady,Idle,2
6904,250888.1832,16.3482,ui.Levels.steady,Idle,2
6905,250902.931,14.7477,ui.Levels.steady,Idle,2
6906,250917.0063,14.0754,ui.Levels.steady,Idle,2
6907,250932.0112,15.0049,ui.Levels.steady,Idle,2
6908,250959.5662,27.5549,ui.Levels.steady,Idle,2
6909,250974.0791,14.513,ui.Levels.steady,Idle,2
6910,250988.7214,14.6423,ui.Levels.steady,Idle,2
6911,251004.1636,15.4421,ui.Levels.steady,Idle,2
6912,251018.0373,13.8735,ui.Levels.steady,Idle,2
6913,251034.9024,16.8653,ui.Levels.steady,Idle,2
6914,251054.7543,19.852,ui.Levels.steady,Idle,2
6915,251068.4775,13.7232,ui.Levels.steady,Idle,2
6916,251082.4042,13.9267,ui.Levels.steady,Idle,2
6917,251108.087,25.6829,ui.Levels.steady,Idle,2
6918,251124.5026,16.4155,ui.Levels.steady,Idle,2
6919,251138.5669,14.0642,ui.Levels.steady,Idle,2
6920,251153.5442,14.9774,ui.Levels.steady,Idle,2
6921,251167.3473,13.8031,ui.Levels.steady,Idle,2
6922,251188.2793,20.932,ui.Levels.steady,Idle,2
6923,251208.4691,20.1898,ui.Levels.steady,Idle,2
6924,251222.2135,13.7444,ui.Levels.steady,Idle,2
6925,251244.1135,21.9,ui.Levels.steady,Idle,2
6926,251257.6354,13.5218,ui.Levels.steady,Idle,2
6927,251270.7198,13.0844,ui.Levels.steady,Idle,2
6928,251292.2233,21.5035,ui.Levels.steady,Idle,2
6929,251306.5255,14.3022,ui.Levels.steady,Idle,2
6930,251320.9262,14.4008,ui.Levels.steady,Idle,2
6931,251341.2599,20.3337,ui.Levels.steady,Idle,2
6932,251354.7875,13.5276,ui.Levels.steady,Idle,2
6933,251370.0145,15.2271,ui.Levels.steady,Idle,2
6934,251390.7681,20.7535,ui.Levels.steady,Idle,2
6935,251405.0219,14.2538,ui.Levels.steady,Idle,2
6936,251426.6645,21.6426,ui.Levels.steady,Idle,2
6937,251441.0829,14.4183,ui.Levels.steady,Idle,2
6938,251457.5243,16.4414,ui.Levels.steady,Idle,2
6939,251471.8873,14.3631,ui.Levels.steady,Idle,2
6940,251486.3419,14.4546,ui.Levels.steady,Idle,2
6941,251508.0694,21.7272,ui.Levels.steady,Idle,2
6942,251522.0502,13.9812,ui.Levels.steady,Idle,2
6943,251538.6345,16.5843,ui.Levels.steady,Idle,2
6944,251620.7386,82.104,ui.map.scroll,Idle,2
6945,251698.0751,77.3364,ui.map.scroll,Idle,2
6946,251764.1973,66.122,ui.map.scroll,Idle,2
6947,251840.1924,75.9952,ui.map.scroll,Idle,2
6948,251901.4228,61.2307,ui.map.scroll,Idle,2
6949,251980.8365,79.4137,ui.map.scroll,Idle,2
6950,252042.8128,61.9762,ui.map.scroll,Idle,2
6951,252116.8939,74.0811,ui.map.scroll,Idle,2
6952,252167.4387,50.5449,ui.map.scroll,Idle,2
6953,252233.2941,65.8553,ui.map.scroll,Idle,2
6954,252306.6018,73.3078,ui.map.scroll,Idle,2
6955,252370.1448,63.5429,ui.map.scroll,Idle,2
6956,252447.9388,77.794,ui.map.scroll,Idle,2
6957,252521.691,73.7523,ui.map.scroll,Idle,2
6958,252593.3311,71.64,ui.map.scroll,Idle,2
6959,252680.3001,86.969,ui.map.scroll,Idle,2
6960,252756.1968,75.8968,ui.map.scroll,Idle,2
6961,252827.5575,71.3606,ui.map.scroll,Idle,2
6962,252894.8025,67.245,ui.map.scroll,Idle,2
6963,252986.6758,91.8733,ui.map.scroll,Idle,2
6964,253057.764,71.0882,ui.map.scroll,Idle,2
6965,253111.9543,54.1904,ui.map.scroll,Idle,2
6966,253192.8581,80.9038,ui.map.scroll,Idle,2
6967,253262.3277,69.4695,ui.map.scroll,Idle,2
6968,253354.5289,92.2012,ui.map.scroll,Idle,2
6969,253403.4859,48.957,ui.map.scroll,Idle,2
6970,253475.6835,72.1976,ui.map.scroll,Idle,2
6971,253578.8399,103.1564,ui.map.scroll,Idle,2
6972,253644.7145,65.8744,ui.map.scroll,Idle,2
6973,253716.1218,71.4075,ui.map.scroll,Idle,2
6974,253791.2695,75.1478,ui.map.scroll,Idle,2
6975,253874.0567,82.787,ui.map.scroll,Idle,2
6976,253945.5771,71.5206,ui.map.scroll,Idle,2
6977,254021.8164,76.2392,ui.map.scroll,Idle,2
6978,254083.3449,61.5283,ui.map.scroll,Idle,2
6979,254144.7287,61.384,ui.map.scroll,Idle,2
6980,254217.8009,73.072,ui.map.scroll,Idle,2
6981,254281.7452,63.9445,ui.map.scroll,Idle,2
6982,254351.9071,70.1619,ui.map.scroll,Idle,2
6983,254423.6667,71.7596,ui.map.scroll,Idle,2
6984,254492.2669,68.6002,ui.map.scroll,Idle,2
6985,254583.7744,91.5074,ui.map.scroll,Idle,2
6986,254644.4458,60.6715,ui.map.scroll,Idle,2
6987,254719.0968,74.651,ui.map.scroll,Idle,2
6988,254793.2973,74.2006,ui.map.scroll,Idle,2
6989,254872.3175,79.0201,ui.map.scroll,Idle,2
6990,254933.4671,61.1497,ui.map.scroll,Idle,2
6991,255009.5992,76.132,ui.map.scroll,Idle,2
6992,255093.8034,84.2043,ui.map.scroll,Idle,2
6993,255172.2976,78.4941,ui.map.scroll,Idle,2
6994,255247.6672,75.3696,ui.map.scroll,Idle,2
6995,255324.8863,77.2191,ui.map.scroll,Idle,2
6996,255437.8701,112.9838,ui.map.scroll,Idle,2
6997,255508.6129,70.7427,ui.map.scroll,Idle,2
6998,255597.1517,88.5388,ui.map.scroll,Idle,2
6999,255685.3909,88.2393,ui.map.scroll,Idle,2
7000,255756.3819,70.991,ui.map.scroll,Idle,2
7001,255845.9502,89.5684,ui.map.scroll,Idle,2
7002,255913.5597,67.6095,ui.map.scroll,Idle,2
7003,255963.3211,49.7613,ui.map.scroll,Idle,2
7004,256038.74,75.4187,ui.map.scroll,Idle,2
7005,256129.4509,90.7111,ui.map.scroll,Idle,2
7006,256205.2669,75.816,ui.map.scroll,Idle,2
7007,256260.1825,54.9155,ui.map.scroll,Idle,2
7008,256333.7539,73.5716,ui.map.scroll,Idle,2
7009,256401.8412,68.0872,ui.map.scroll,Idle,2
7010,256479.0443,77.2031,ui.map.scroll,Idle,2
7011,256550.3816,71.3373,ui.map.scroll,Idle,2
7012,256627.4732,77.0916,ui.map.scroll,Idle,2
7013,256721.0962,93.623,ui.map.scroll,Idle,2
7014,256801.7586,80.6625,ui.map.scroll,Idle,2
7015,256885.1342,83.3755,ui.map.scroll,Idle,2
7016,256962.9437,77.8095,ui.map.scroll,Idle,2
7017,257042.6382,79.6945,ui.map.scroll,Idle,2
7018,257138.968,96.3298,ui.map.scroll,Idle,2
7019,257223.9117,84.9437,ui.map.scroll,Idle,2
7020,257350.8907,126.9791,ui.map.scroll,Idle,2
7021,257435.8746,84.9838,ui.map.scroll,Idle,2
7022,257558.0401,122.1656,ui.map.scroll,Idle,2
7023,257665.5669,107.5267,ui.map.scroll,Idle,2
7024,257737.771,72.2041,ui.map.scroll,Idle,2
7025,257831.9378,94.1668,ui.map.scroll,Idle,2
7026,257923.8364,91.8986,ui.map.scroll,Idle,2
7027,258023.2189,99.3825,ui.map.scroll,Idle,2
7028,258077.9999,54.781,ui.map.scroll,Idle,2
7029,258165.4681,87.4682,ui.map.scroll,Idle,2
7030,258241.065,75.597,ui.map.scroll,Idle,2
7031,258337.7426,96.6774,ui.map.scroll,Idle,2
7032,258410.6512,72.9087,ui.map.scroll,Idle,2
7033,258469.5768,58.9256,ui.map.scroll,Idle,2
7034,258918.8275,449.2507,ui.Journeys.open,Idle,2
7035,258947.4986,28.671,ui.Journeys.open,Idle,2
7036,258976.053,28.5544,ui.Journeys.open,Idle,2
7037,259023.9167,47.8637,ui.Journeys.open,Idle,2
7038,259042.9292,19.0126,ui.Journeys.open,Idle,2
7039,259073.9018,30.9726,ui.Journeys.open,Idle,2
7040,259103.8615,29.9598,ui.Journeys.open,Idle,2
7041,259132.6519,28.7903,ui.Journeys.open,Idle,2
7042,259152.5605,19.9085,ui.Journeys.open,Idle,2
7043,259193.3442,40.7838,ui.Journeys.open,Idle,2
7044,259212.1731,18.829,ui.Journeys.open,Idle,2
7045,259242.6226,30.4494,ui.Journeys.open,Idle,2
7046,259289.5038,46.8812,ui.Journeys.open,Idle,2
7047,259304.7851,15.2813,ui.Journeys.open,Idle,2
7048,259325.5978,20.8127,ui.Journeys.open,Idle,2
7049,259350.348,24.7499,ui.Journeys.open,Idle,2
7050,259380.0292,29.6812,ui.Journeys.open,Idle,2
7051,259421.9121,41.8832,ui.Journeys.open,Idle,2
7052,259431.0249,9.1128,ui.Journeys.open,Idle,2
7053,259454.0411,23.0163,ui.Journeys.open,Idle,2
7054,259474.381,20.3398,ui.Journeys.open,Idle,2
7055,259494.9448,20.5637,ui.Journeys.open,Idle,2
7056,259522.0652,27.1204,ui.Journeys.open,Idle,2
7057,259545.511,23.4459,ui.Journeys.open,Idle,2
7058,259572.0386,26.5276,ui.Journeys.open,Idle,2
7059,259612.5613,40.5227,ui.Journeys.open,Idle,2
7060,259645.4943,32.933,ui.Journeys.open,Idle,2
7061,259659.5504,14.0561,ui.Journeys.open,Idle,2
7062,259685.8691,26.3187,ui.Journeys.open,Idle,2
7063,259717.4087,31.5395,ui.Journeys.open,Idle,2
7064,259747.9305,30.5218,ui.Journeys.steady,Idle,2
7065,259781.174,33.2435,ui.Journeys.steady,Idle,2
7066,259810.332,29.1579,ui.Journeys.steady,Idle,2
7067,259840.4846,30.1526,ui.Journeys.steady,Idle,2
7068,259880.123,39.6386,ui.Journeys.steady,Idle,2
7069,259898.818,18.6945,ui.Journeys.steady,Idle,2
7070,259923.2302,24.4125,ui.Journeys.steady,Idle,2
7071,259950.1685,26.9385,ui.Journeys.steady,Idle,2
7072,259990.3123,40.1438,ui.Journeys.steady,Idle,2
7073,260008.4659,18.1535,ui.Journeys.steady,Idle,2
7074,260036.7527,28.2869,ui.Journeys.steady,Idle,2
7075,260071.5845,34.8318,ui.Journeys.steady,Idle,2
7076,260095.6786,24.0941,ui.Journeys.steady,Idle,2
7077,260125.2266,29.5479,ui.Journeys.steady,Idle,2
7078,260161.6438,36.4172,ui.Journeys.steady,Idle,2
7079,260176.6643,15.0204,ui.Journeys.steady,Idle,2
7080,260194.2257,17.5616,ui.Journeys.steady,Idle,2
7081,260215.1092,20.8834,ui.Journeys.steady,Idle,2
7082,260238.146,23.0368,ui.Journeys.steady,Idle,2
7083,260267.2985,29.1523,ui.Journeys.steady,Idle,2
7084,260290.6626,23.3644,ui.Journeys.steady,Idle,2
7085,260320.6036,29.941,ui.Journeys.steady,Idle,2
7086,260352.95,32.3463,ui.Journeys.steady,Idle,2
7087,260385.0464,32.0964,ui.Journeys.steady,Idle,2
7088,260427.8096,42.7633,ui.Journeys.steady,Idle,2
7089,260452.1905,24.3808,ui.Journeys.steady,Idle,2
7090,260483.696,31.5056,ui.Journeys.steady,Idle,2
7091,260509.6611,25.9651,ui.Journeys.steady,Idle,2
7092,260538.3724,28.7113,ui.Journeys.steady,Idle,2
7093,260557.6278,19.2554,ui.Journeys.steady,Idle,2
7094,260593.8,36.1722,ui.Journeys.steady,Idle,2
7095,260609.2452,15.4451,ui.Journeys.steady,Idle,2
7096,260633.4422,24.1971,ui.Journeys.steady,Idle,2
7097,260653.8573,20.415,ui.Journeys.steady,Idle,2
7098,260678.2139,24.3567,ui.Journeys.steady,Idle,2
7099,260702.391,24.1771,ui.Journeys.steady,Idle,2
7100,260740.2567,37.8657,ui.Journeys.steady,Idle,2
7101,260777.455,37.198,ui.Journeys.steady,Idle,2
7102,260789.4995,12.0448,ui.Journeys.steady,Idle,2
7103,260821.8819,32.3824,ui.Journeys.steady,Idle,2
7104,260834.1348,12.2529,ui.Journeys.steady,Idle,2
7105,260854.7842,20.6495,ui.Journeys.steady,Idle,2
7106,260878.5602,23.7758,ui.Journeys.steady,Idle,2
7107,260911.3881,32.828,ui.Journeys.steady,Idle,2
7108,260935.6707,24.2826,ui.Journeys.steady,Idle,2
7109,260967.5456,31.8749,ui.Journeys.steady,Idle,2
7110,260991.0167,23.471,ui.Journeys.steady,Idle,2
7111,261017.3821,26.3654,ui.Journeys.steady,Idle,2
7112,261043.1021,25.7201,ui.Journeys.steady,Idle,2
7113,261090.8783,47.776,ui.Journeys.steady,Idle,2
7114,261103.7567,12.8786,ui.Journeys.steady,Idle,2
7115,261135.7505,31.9938,ui.Journeys.steady,Idle,2
7116,261168.6027,32.8521,ui.Journeys.steady,Idle,2
7117,261193.5905,24.9879,ui.Journeys.steady,Idle,2
7118,261224.9831,31.3926,ui.Journeys.steady,Idle,2
7119,261269.1753,44.1922,ui.Journeys.steady,Idle,2
7120,261284.7294,15.554,ui.Journeys.steady,Idle,2
7121,261314.9768,30.2475,ui.Journeys.steady,Idle,2
7122,261360.4155,45.4385,ui.Journeys.steady,Idle,2
7123,261375.5981,15.1829,ui.Journeys.steady,Idle,2
7124,261403.6789,28.0806,ui.Journeys.steady,Idle,2
7125,261435.7201,32.0412,ui.Journeys.steady,Idle,2
7126,261478.0116,42.2916,ui.Journeys.steady,Idle,2
7127,261502.1999,24.1883,ui.Journeys.steady,Idle,2
7128,261533.9217,31.7217,ui.Journeys.steady,Idle,2
7129,261559.3483,25.4267,ui.Journeys.steady,Idle,2
7130,261586.898,27.5497,ui.Journeys.steady,Idle,2
7131,261618.8951,31.9971,ui.Journeys.steady,Idle,2
7132,261662.3376,43.4425,ui.Journeys.steady,Idle,2
7133,261684.1342,21.7966,ui.Journeys.steady,Idle,2
7134,261709.3165,25.1823,ui.Journeys.steady,Idle,2
7135,261736.9555,27.639,ui.Journeys.steady,Idle,2
7136,261769.0438,32.0883,ui.Journeys.steady,Idle,2
7137,261797.6882,28.6443,ui.Journeys.steady,Idle,2
7138,261844.3879,46.6998,ui.Journeys.steady,Idle,2
7139,261866.5792,22.1913,ui.Journeys.steady,Idle,2
7140,261892.3421,25.763,ui.Journeys.steady,Idle,2
7141,261933.4858,41.1434,ui.Journeys.steady,Idle,2
7142,261966.095,32.6094,ui.Journeys.steady,Idle,2
7143,261976.1295,10.0345,ui.Journeys.steady,Idle,2
7144,262002.1366,26.0071,ui.Journeys.steady,Idle,2
7145,262022.376,20.2394,ui.Journeys.steady,Idle,2
7146,262050.517,28.141,ui.Journeys.steady,Idle,2
7147,262066.6564,16.1393,ui.Journeys.steady,Idle,2
7148,262098.5314,31.875,ui.Journeys.steady,Idle,2
7149,262114.2126,15.6813,ui.Journeys.steady,Idle,2
7150,262138.5106,24.298,ui.Journeys.steady,Idle,2
7151,262161.738,23.2272,ui.Journeys.steady,Idle,2
7152,262186.9269,25.189,ui.Journeys.steady,Idle,2
7153,262207.5672,20.6404,ui.Journeys.steady,Idle,2
7154,262241.1155,33.5483,ui.Journeys.steady,Idle,2
7155,262257.9674,16.8519,ui.Journeys.steady,Idle,2
7156,262283.2144,25.247,ui.Journeys.steady,Idle,2
7157,262301.9781,18.7638,ui.Journeys.steady,Idle,2
7158,262326.5716,24.5935,ui.Journeys.steady,Idle,2
7159,262353.9223,27.3506,ui.Journeys.steady,Idle,2
7160,262402.271,48.3487,ui.Journeys.steady,Idle,2
7161,262441.9725,39.7016,ui.Journeys.steady,Idle,2
7162,262452.0643,10.0917,ui.Journeys.steady,Idle,2
7163,262493.8405,41.7762,ui.Journeys.steady,Idle,2
7164,262509.1345,15.294,ui.Journeys.steady,Idle,2
7165,262535.9389,26.8043,ui.Journeys.steady,Idle,2
7166,262569.134,33.1951,ui.Journeys.steady,Idle,2
7167,262612.2752,43.1413,ui.Journeys.steady,Idle,2
7168,262634.0895,21.8142,ui.Journeys.steady,Idle,2
7169,262667.5047,33.4152,ui.Journeys.steady,Idle,2
7170,262692.5514,25.0468,ui.Journeys.steady,Idle,2
7171,262720.3623,27.8108,ui.Journeys.steady,Idle,2
7172,262752.7615,32.3993,ui.Journeys.steady,Idle,2
7173,262792.6455,39.8839,ui.Journeys.steady,Idle,2
7174,262807.1047,14.4592,ui.Journeys.steady,Idle,2
7175,262837.5251,30.4204,ui.Journeys.steady,Idle,2
7176,262869.193,31.668,ui.Journeys.steady,Idle,2
7177,262904.9881,35.7952,ui.Journeys.steady,Idle,2
7178,262932.7824,27.7941,ui.Journeys.steady,Idle,2
7179,262977.0176,44.2353,ui.Journeys.steady,Idle,2
7180,262999.8734,22.8556,ui.Journeys.steady,Idle,2
7181,263025.1951,25.3219,ui.Journeys.steady,Idle,2
7182,263075.3405,50.1453,ui.Journeys.steady,Idle,2
7183,263089.1578,13.8174,ui.Journeys.steady,Idle,2
7184,263294.529,205.3712,ui.Settings.open,Idle,2
7185,263321.2593,26.7303,ui.Settings.open,Idle,2
7186,263341.6528,20.3931,ui.Settings.open,Idle,2
7187,263369.0452,27.3924,ui.Settings.open,Idle,2
7188,263392.0891,23.0441,ui.Settings.open,Idle,2
7189,263414.1623,22.0735,ui.Settings.open,Idle,2
7190,263435.1091,20.9467,ui.Settings.open,Idle,2
7191,263457.1579,22.0487,ui.Settings.open,Idle,2
7192,263489.6718,32.514,ui.Settings.open,Idle,2
7193,263522.4229,32.7512,ui.Settings.open,Idle,2
7194,263533.1431,10.72,ui.Settings.open,Idle,2
7195,263551.6124,18.4694,ui.Settings.open,Idle,2
7196,263574.4537,22.8412,ui.Settings.open,Idle,2
7197,263597.5611,23.1075,ui.Settings.open,Idle,2
7198,263618.4922,20.9311,ui.Settings.open,Idle,2
7199,263640.9223,22.4301,ui.Settings.open,Idle,2
7200,263661.944,21.0217,ui.Settings.open,Idle,2
7201,263695.3824,33.4383,ui.Settings.open,Idle,2
7202,263709.3611,13.9787,ui.Settings.open,Idle,2
7203,263731.3498,21.9885,ui.Settings.open,Idle,2
7204,263753.3786,22.0291,ui.Settings.open,Idle,2
7205,263784.6188,31.2402,ui.Settings.open,Idle,2
7206,263809.1798,24.5609,ui.Settings.open,Idle,2
7207,263852.1731,42.9934,ui.Settings.open,Idle,2
7208,263867.3037,15.1304,ui.Settings.open,Idle,2
7209,263891.9595,24.656,ui.Settings.open,Idle,2
7210,263934.9883,43.0287,ui.Settings.open,Idle,2
7211,263950.5722,15.584,ui.Settings.open,Idle,2
7212,263975.5565,24.9843,ui.Settings.open,Idle,2
7213,264003.4626,27.9061,ui.Settings.open,Idle,2
7214,264046.2186,42.7559,ui.Settings.steady,Idle,2
7215,264068.0881,21.8697,ui.Settings.steady,Idle,2
7216,264093.5563,25.4681,ui.Settings.steady,Idle,2
7217,264122.6435,29.0871,ui.Settings.steady,Idle,2
7218,264152.5946,29.9509,ui.Settings.steady,Idle,2
7219,264190.2846,37.6903,ui.Settings.steady,Idle,2
7220,264214.77,24.4854,ui.Settings.steady,Idle,2
7221,264235.429,20.6587,ui.Settings.steady,Idle,2
7222,264262.12,26.6912,ui.Settings.steady,Idle,2
7223,264290.1833,28.0634,ui.Settings.steady,Idle,2
7224,264321.6814,31.498,ui.Settings.steady,Idle,2
7225,264340.7249,19.0436,ui.Settings.steady,Idle,2
7226,264369.7409,29.016,ui.Settings.steady,Idle,2
7227,264392.7313,22.9904,ui.Settings.steady,Idle,2
7228,264424.5584,31.8271,ui.Settings.steady,Idle,2
7229,264452.9449,28.3864,ui.Settings.steady,Idle,2
7230,264495.0252,42.0803,ui.Settings.steady,Idle,2
7231,264510.6774,15.6524,ui.Settings.steady,Idle,2
7232,264532.8362,22.1587,ui.Settings.steady,Idle,2
7233,264554.8485,22.0124,ui.Settings.steady,Idle,2
7234,264575.3038,20.4551,ui.Settings.steady,Idle,2
7235,264595.8541,20.5504,ui.Settings.steady,Idle,2
7236,264629.9271,34.073,ui.Settings.steady,Idle,2
7237,264647.7662,17.8391,ui.Settings.steady,Idle,2
7238,264664.6206,16.8544,ui.Settings.steady,Idle,2
7239,264702.5448,37.9242,ui.Settings.steady,Idle,2
7240,264732.9305,30.3854,ui.Settings.steady,Idle,2
7241,264745.322,12.3918,ui.Settings.steady,Idle,2
7242,264770.1051,24.7831,ui.Settings.steady,Idle,2
7243,264791.8807,21.7756,ui.Settings.steady,Idle,2
7244,264815.9807,24.1,ui.Settings.steady,Idle,2
7245,264835.3748,19.3941,ui.Settings.steady,Idle,2
7246,264869.5192,34.1443,ui.Settings.steady,Idle,2
7247,264883.4194,13.9003,ui.Settings.steady,Idle,2
7248,264906.3614,22.942,ui.Settings.steady,Idle,2
7249,264927.3535,20.9921,ui.Settings.steady,Idle,2
7250,264949.8693,22.5158,ui.Settings.steady,Idle,2
7251,264973.3056,23.4362,ui.Settings.steady,Idle,2
7252,265010.3089,37.0034,ui.Settings.steady,Idle,2
7253,265028.2141,17.9053,ui.Settings.steady,Idle,2
7254,265051.5615,23.3473,ui.Settings.steady,Idle,2
7255,265074.0224,22.4609,ui.Settings.steady,Idle,2
7256,265094.8163,20.7939,ui.Settings.steady,Idle,2
7257,265124.6152,29.7989,ui.Settings.steady,Idle,2
7258,265157.8322,33.217,ui.Settings.steady,Idle,2
7259,265172.7156,14.8833,ui.Settings.steady,Idle,2
7260,265193.2423,20.5268,ui.Settings.steady,Idle,2
7261,265228.4078,35.1655,ui.Settings.steady,Idle,2
7262,265243.6392,15.2314,ui.Settings.steady,Idle,2
7263,265265.9683,22.3291,ui.Settings.steady,Idle,2
7264,265288.1332,22.1649,ui.Settings.steady,Idle,2
7265,265323.3809,35.2477,ui.Settings.steady,Idle,2
7266,265340.9195,17.5385,ui.Settings.steady,Idle,2
7267,265361.7558,20.8364,ui.Settings.steady,Idle,2
7268,265385.3492,23.5934,ui.Settings.steady,Idle,2
7269,265407.289,21.9397,ui.Settings.steady,Idle,2
7270,265428.2868,20.9978,ui.Settings.steady,Idle,2
7271,265460.6427,32.356,ui.Settings.steady,Idle,2
7272,265477.2115,16.5688,ui.Settings.steady,Idle,2
7273,265494.9016,17.6901,ui.Settings.steady,Idle,2
7274,265517.1871,22.2855,ui.Settings.steady,Idle,2
7275,265542.1035,24.9164,ui.Settings.steady,Idle,2
7276,265561.4529,19.3494,ui.Settings.steady,Idle,2
7277,265596.2488,34.7959,ui.Settings.steady,Idle,2
7278,265611.2348,14.986,ui.Settings.steady,Idle,2
7279,265633.4455,22.2107,ui.Settings.steady,Idle,2
7280,265664.2514,30.8058,ui.Settings.steady,Idle,2
7281,265699.8305,35.5793,ui.Settings.steady,Idle,2
7282,265709.9066,10.076,ui.Settings.steady,Idle,2
7283,265728.5483,18.6417,ui.Settings.steady,Idle,2
7284,265749.8948,21.3465,ui.Settings.steady,Idle,2
7285,265770.2275,20.3327,ui.Settings.steady,Idle,2
7286,265793.2582,23.0307,ui.Settings.steady,Idle,2
7287,265826.8438,33.5856,ui.Settings.steady,Idle,2
7288,265842.6888,15.8374,ui.Settings.steady,Idle,2
7289,265860.9144,18.2332,ui.Settings.steady,Idle,2
7290,265883.4768,22.5624,ui.Settings.steady,Idle,2
7291,265906.739,23.2623,ui.Settings.steady,Idle,2
7292,265927.574,20.8349,ui.Settings.steady,Idle,2
7293,265959.5961,32.022,ui.Settings.steady,Idle,2
7294,265974.2153,14.6193,ui.Settings.steady,Idle,2
7295,265995.3774,21.162,ui.Settings.steady,Idle,2
7296,266018.3816,23.0042,ui.Settings.steady,Idle,2
7297,266040.7058,22.3148,ui.Settings.steady,Idle,2
7298,266061.4362,20.74,ui.Settings.steady,Idle,2
7299,266095.1332,33.6969,ui.Settings.steady,Idle,2
7300,266115.9901,20.857,ui.Settings.steady,Idle,2
7301,266140.6832,24.693,ui.Settings.steady,Idle,2
7302,266177.1334,36.4502,ui.Settings.steady,Idle,2
7303,266190.9887,13.8553,ui.Settings.steady,Idle,2
7304,266215.1736,24.1849,ui.Settings.steady,Idle,2
7305,266242.1981,27.0245,ui.Settings.steady,Idle,2
7306,266281.1058,38.9078,ui.Settings.steady,Idle,2
7307,266301.3232,20.2172,ui.Settings.steady,Idle,2
7308,266333.0849,31.7617,ui.Settings.steady,Idle,2
7309,266359.4473,26.3625,ui.Settings.steady,Idle,2
7310,266391.189,31.7417,ui.Settings.steady,Idle,2
7311,266418.8075,27.6185,ui.Settings.steady,Idle,2
7312,266456.119,37.3115,ui.Settings.steady,Idle,2
7313,266468.6396,12.5207,ui.Settings.steady,Idle,2
7314,266499.8053,31.1656,ui.Settings.steady,Idle,2
7315,266525.2326,25.4273,ui.Settings.steady,Idle,2
7316,266552.6703,27.4377,ui.Settings.steady,Idle,2
7317,266583.6741,31.0038,ui.Settings.steady,Idle,2
7318,266626.5837,42.9096,ui.Settings.steady,Idle,2
7319,266670.0556,43.4719,ui.Settings.steady,Idle,2
7320,266679.787,9.7314,ui.Settings.steady,Idle,2
7321,266723.7715,43.9844,ui.Settings.steady,Idle,2
7322,266735.2361,11.4646,ui.Settings.steady,Idle,2
7323,266763.3396,28.1036,ui.Settings.steady,Idle,2
7324,266792.0962,28.7566,ui.Settings.steady,Idle,2
7325,266830.9692,38.873,ui.Settings.steady,Idle,2
7326,266850.7781,19.8089,ui.Settings.steady,Idle,2
7327,266876.4257,25.6477,ui.Settings.steady,Idle,2
7328,266907.6843,31.2584,ui.Settings.steady,Idle,2
7329,266935.106,27.4218,ui.Settings.steady,Idle,2
7330,266965.8708,30.7648,ui.Settings.steady,Idle,2
7331,266996.8509,30.9801,ui.Settings.steady,Idle,2
7332,267012.9226,16.0716,ui.Settings.steady,Idle,2
7333,267042.0918,29.1692,ui.Settings.steady,Idle,2
7334,267298.4624,256.3706,ui.album.open,Idle,2
7335,267329.8317,31.3694,ui.album.open,Idle,2
7336,267352.2008,22.3691,ui.album.open,Idle,2
7337,267386.9859,34.7851,ui.album.open,Idle,2
7338,267402.1943,15.2084,ui.album.open,Idle,2
7339,267431.7884,29.5941,ui.album.open,Idle,2
7340,267450.2655,18.4769,ui.album.open,Idle,2
7341,267473.4022,23.1368,ui.album.open,Idle,2
7342,267493.09,19.6879,ui.album.open,Idle,2
7343,267520.9951,27.9051,ui.album.open,Idle,2
7344,267544.3599,23.3649,ui.album.open,Idle,2
7345,267590.8996,46.5396,ui.album.open,Idle,2
7346,267611.5922,20.6926,ui.album.open,Idle,2
7347,267634.7694,23.1772,ui.album.open,Idle,2
7348,267679.6175,44.8481,ui.album.open,Idle,2
7349,267695.1645,15.547,ui.album.open,Idle,2
7350,267718.3016,23.137,ui.album.open,Idle,2
7351,267764.9795,46.678,ui.album.open,Idle,2
7352,267780.1784,15.1988,ui.album.open,Idle,2
7353,267802.2761,22.0977,ui.album.open,Idle,2
7354,267826.8864,24.6104,ui.album.open,Idle,2
7355,267869.2782,42.3917,ui.album.open,Idle,2
7356,267908.5414,39.2634,ui.album.open,Idle,2
7357,267923.1991,14.6577,ui.album.open,Idle,2
7358,267945.5336,22.3343,ui.album.open,Idle,2
7359,267986.3092,40.7757,ui.album.open,Idle,2
7360,267999.3239,13.0147,ui.album.open,Idle,2
7361,268023.1606,23.8366,ui.album.open,Idle,2
7362,268076.4025,53.242,ui.album.open,Idle,2
7363,268128.3323,51.9297,ui.album.open,Idle,2
7364,268141.0471,12.715,ui.album.open,Idle,2
7365,268167.7067,26.6595,ui.album.open,Idle,2
7366,268191.4753,23.7686,ui.album.open,Idle,2
7367,268239.6717,48.1964,ui.album.open,Idle,2
7368,268255.3959,15.7241,ui.album.open,Idle,2
7369,268276.2663,20.8706,ui.album.open,Idle,2
7370,268299.4438,23.1774,ui.album.open,Idle,2
7371,268344.7466,45.3028,ui.album.open,Idle,2
7372,268359.0099,14.2633,ui.album.open,Idle,2
7373,268395.777,36.7671,ui.album.open,Idle,2
7374,268421.4238,25.6466,ui.album.open,Idle,2
7375,268463.7902,42.3666,ui.album.open,Idle,2
7376,268505.4402,41.6499,ui.album.open,Idle,2
7377,268517.3993,11.9591,ui.album.open,Idle,2
7378,268549.0481,31.6488,ui.album.open,Idle,2
7379,268588.2729,39.2248,ui.album.high.steady,Idle,2
7380,268600.931,12.6582,ui.album.high.steady,Idle,2
7381,268632.9439,32.013,ui.album.high.steady,Idle,2
7382,268652.9737,20.0297,ui.album.high.steady,Idle,2
7383,268710.502,57.5282,ui.album.high.steady,Idle,2
7384,268724.2843,13.7824,ui.album.high.steady,Idle,2
7385,268753.0978,28.8135,ui.album.high.steady,Idle,2
7386,268779.2693,26.1715,ui.album.high.steady,Idle,2
7387,268825.8509,46.5815,ui.album.high.steady,Idle,2
7388,268850.7626,24.9116,ui.album.high.steady,Idle,2
7389,268867.4422,16.6797,ui.album.high.steady,Idle,2
7390,268894.7274,27.2853,ui.album.high.steady,Idle,2
7391,268936.8083,42.0809,ui.album.high.steady,Idle,2
7392,268972.8492,36.0409,ui.album.high.steady,Idle,2
7393,268988.174,15.3248,ui.album.high.steady,Idle,2
7394,269011.3787,23.2047,ui.album.high.steady,Idle,2
7395,269059.2555,47.8768,ui.album.high.steady,Idle,2
7396,269074.1345,14.879,ui.album.high.steady,Idle,2
7397,269103.5802,29.4456,ui.album.high.steady,Idle,2
7398,269146.1505,42.5703,ui.album.high.steady,Idle,2
7399,269192.4432,46.2928,ui.album.high.steady,Idle,2
7400,269206.1503,13.7071,ui.album.high.steady,Idle,2
7401,269233.9393,27.7891,ui.album.high.steady,Idle,2
7402,269260.204,26.2646,ui.album.high.steady,Idle,2
7403,269307.8798,47.6758,ui.album.high.steady,Idle,2
7404,269320.5385,12.6587,ui.album.high.steady,Idle,2
7405,269346.2817,25.7432,ui.album.high.steady,Idle,2
7406,269374.4771,28.1955,ui.album.high.steady,Idle,2
7407,269417.5085,43.0313,ui.album.high.steady,Idle,2
7408,269436.3144,18.8058,ui.album.high.steady,Idle,2
7409,269458.1619,21.8476,ui.album.high.steady,Idle,2
7410,269488.314,30.1521,ui.album.high.steady,Idle,2
7411,269530.9142,42.6002,ui.album.high.steady,Idle,2
7412,269544.5841,13.6699,ui.album.high.steady,Idle,2
7413,269573.1254,28.5412,ui.album.high.steady,Idle,2
7414,269598.3077,25.1823,ui.album.high.steady,Idle,2
7415,269644.871,46.5634,ui.album.high.steady,Idle,2
7416,269682.783,37.912,ui.album.high.steady,Idle,2
7417,269696.883,14.1,ui.album.high.steady,Idle,2
7418,269721.2692,24.3861,ui.album.high.steady,Idle,2
7419,269763.3657,42.0964,ui.album.high.steady,Idle,2
7420,269778.0196,14.6541,ui.album.high.steady,Idle,2
7421,269806.4142,28.3946,ui.album.high.steady,Idle,2
7422,269841.6618,35.2476,ui.album.high.steady,Idle,2
7423,269881.2908,39.6289,ui.album.high.steady,Idle,2
7424,269894.821,13.5303,ui.album.high.steady,Idle,2
7425,269920.0529,25.2319,ui.album.high.steady,Idle,2
7426,269947.0984,27.0455,ui.album.high.steady,Idle,2
7427,269992.6115,45.513,ui.album.high.steady,Idle,2
7428,270006.4308,13.8195,ui.album.high.steady,Idle,2
7429,270033.9823,27.5515,ui.album.high.steady,Idle,2
7430,270059.695,25.7126,ui.album.high.steady,Idle,2
7431,270107.7211,48.026,ui.album.high.steady,Idle,2
7432,270131.4674,23.7464,ui.album.high.steady,Idle,2
7433,270155.6086,24.1411,ui.album.high.steady,Idle,2
7434,270183.177,27.5684,ui.album.high.steady,Idle,2
7435,270228.1851,45.0083,ui.album.high.steady,Idle,2
7436,270243.9528,15.7676,ui.album.high.steady,Idle,2
7437,270279.8484,35.8957,ui.album.high.steady,Idle,2
7438,270304.5668,24.7183,ui.album.high.steady,Idle,2
7439,270347.6234,43.0566,ui.album.high.steady,Idle,2
7440,270392.5719,44.9485,ui.album.high.steady,Idle,2
7441,270403.9606,11.3887,ui.album.high.steady,Idle,2
7442,270445.7301,41.7695,ui.album.high.steady,Idle,2
7443,270491.2545,45.5245,ui.album.high.steady,Idle,2
7444,270503.4587,12.204,ui.album.high.steady,Idle,2
7445,270534.5028,31.0441,ui.album.high.steady,Idle,2
7446,270564.1456,29.6429,ui.album.high.steady,Idle,2
7447,270614.0785,49.9329,ui.album.high.steady,Idle,2
7448,270632.7207,18.6421,ui.album.high.steady,Idle,2
7449,270667.1242,34.4036,ui.album.high.steady,Idle,2
7450,270705.6208,38.4966,ui.album.high.steady,Idle,2
7451,270761.5406,55.9198,ui.album.high.steady,Idle,2
7452,270792.1148,30.5742,ui.album.high.steady,Idle,2
7453,270816.9624,24.8475,ui.album.high.steady,Idle,2
7454,270849.1752,32.2129,ui.album.high.steady,Idle,2
7455,270908.0906,58.9153,ui.album.high.steady,Idle,2
7456,270924.6609,16.5702,ui.album.high.steady,Idle,2
7457,270964.8789,40.2182,ui.album.high.steady,Idle,2
7458,270994.1099,29.2308,ui.album.high.steady,Idle,2
7459,271052.104,57.9944,ui.album.high.steady,Idle,2
7460,271067.1185,15.0144,ui.album.high.steady,Idle,2
7461,271101.1561,34.0375,ui.album.high.steady,Idle,2
7462,271133.1812,32.0251,ui.album.high.steady,Idle,2
7463,271195.9569,62.7758,ui.album.high.steady,Idle,2
7464,271216.2684,20.3115,ui.album.high.steady,Idle,2
7465,271263.5103,47.2419,ui.album.high.steady,Idle,2
7466,271295.4118,31.9015,ui.album.high.steady,Idle,2
7467,271347.8999,52.4881,ui.album.high.steady,Idle,2
7468,271388.0069,40.1067,ui.album.high.steady,Idle,2
7469,271399.0247,11.018,ui.album.high.steady,Idle,2
7470,271424.6531,25.6285,ui.album.high.steady,Idle,2
7471,271468.8214,44.1683,ui.album.high.steady,Idle,2
7472,271479.2871,10.4657,ui.album.high.steady,Idle,2
7473,271513.8923,34.6052,ui.album.high.steady,Idle,2
7474,271530.6046,16.7124,ui.album.high.steady,Idle,2
7475,271579.7477,49.143,ui.album.high.steady,Idle,2
7476,271615.824,36.0759,ui.album.high.steady,Idle,2
7477,271633.5908,17.7672,ui.album.high.steady,Idle,2
7478,271663.3792,29.7883,ui.album.high.steady,Idle,2
7479,271700.5066,37.1274,ui.album.high.steady,Idle,2
7480,271712.8309,12.3244,ui.album.high.steady,Idle,2
7481,271743.0858,30.2548,ui.album.high.steady,Idle,2
7482,271771.3491,28.2633,ui.album.high.steady,Idle,2
7483,271813.5922,42.2432,ui.album.high.steady,Idle,2
7484,271827.1491,13.5569,ui.album.high.steady,Idle,2
7485,271854.0688,26.9197,ui.album.high.steady,Idle,2
7486,271882.1504,28.0814,ui.album.high.steady,Idle,2
7487,271928.1734,46.0232,ui.album.high.steady,Idle,2
7488,271949.7635,21.5901,ui.album.high.steady,Idle,2
7489,271974.8986,25.1351,ui.album.high.steady,Idle,2
7490,272000.8944,25.9959,ui.album.high.steady,Idle,2
7491,272046.9876,46.0931,ui.album.high.steady,Idle,2
7492,272060.6562,13.6687,ui.album.high.steady,Idle,2
7493,272095.1078,34.4515,ui.album.high.steady,Idle,2
7494,272124.1507,29.0429,ui.album.high.steady,Idle,2
7495,272173.5368,49.3861,ui.album.high.steady,Idle,2
7496,272211.5798,38.043,ui.album.high.steady,Idle,2
7497,272222.9555,11.3756,ui.album.high.steady,Idle,2
7498,272252.3138,29.3585,ui.album.high.steady,Idle,2
7499,272291.6395,39.3256,ui.album.high.steady,Idle,2
7500,272302.4241,10.7847,ui.album.high.steady,Idle,2
7501,272331.6402,29.216,ui.album.high.steady,Idle,2
7502,272358.2385,26.5983,ui.album.high.steady,Idle,2
7503,272406.9187,48.6802,ui.album.high.steady,Idle,2
7504,272445.5155,38.5968,ui.album.high.steady,Idle,2
7505,272456.5861,11.0705,ui.album.high.steady,Idle,2
7506,272480.8431,24.2571,ui.album.high.steady,Idle,2
7507,272523.1487,42.3055,ui.album.high.steady,Idle,2
7508,272543.7866,20.6379,ui.album.high.steady,Idle,2
7509,272567.1293,23.3427,ui.album.high.steady,Idle,2
7510,272594.7296,27.6005,ui.album.high.steady,Idle,2
7511,272640.8608,46.1311,ui.album.high.steady,Idle,2
7512,272651.8205,10.9595,ui.album.high.steady,Idle,2
7513,272685.612,33.7918,ui.album.high.steady,Idle,2
7514,272703.4976,17.8854,ui.album.high.steady,Idle,2
7515,272746.0399,42.5424,ui.album.high.steady,Idle,2
7516,272787.0943,41.0543,ui.album.high.steady,Idle,2
7517,272797.7772,10.6831,ui.album.high.steady,Idle,2
7518,272830.089,32.3116,ui.album.high.steady,Idle,2
7519,272872.5581,42.4692,ui.album.high.steady,Idle,2
7520,272883.2894,10.7312,ui.album.high.steady,Idle,2
7521,272911.0375,27.7482,ui.album.high.steady,Idle,2
7522,272939.222,28.1844,ui.album.high.steady,Idle,2
7523,272980.8407,41.6187,ui.album.high.steady,Idle,2
7524,272994.4116,13.5709,ui.album.high.steady,Idle,2
7525,273019.2539,24.8424,ui.album.high.steady,Idle,2
7526,273045.0553,25.8014,ui.album.high.steady,Idle,2
7527,273089.8328,44.7775,ui.album.high.steady,Idle,2
7528,273112.5779,22.7451,ui.album.high.steady,Idle,2
7529,273142.6671,30.0892,ui.album.rotate,Idle,2
7530,273170.8893,28.2223,ui.album.rotate,Idle,2
7531,273213.1741,42.2847,ui.album.rotate,Idle,2
7532,273253.6784,40.5042,ui.album.rotate,Idle,2
7533,273269.0616,15.3833,ui.album.rotate,Idle,2
7534,273288.6678,19.6062,ui.album.rotate,Idle,2
7535,273330.7059,42.0379,ui.album.rotate,Idle,2
7536,273352.17,21.4643,ui.album.rotate,Idle,2
7537,273378.1328,25.9629,ui.album.rotate,Idle,2
7538,273418.6944,40.5615,ui.album.rotate,Idle,2
7539,273459.2548,40.5603,ui.album.rotate,Idle,2
7540,273473.0368,13.7819,ui.album.rotate,Idle,2
7541,273496.75,23.7135,ui.album.rotate,Idle,2
7542,273520.9497,24.1994,ui.album.rotate,Idle,2
7543,273563.4161,42.4666,ui.album.rotate,Idle,2
7544,273576.254,12.8379,ui.album.rotate,Idle,2
7545,273604.6661,28.4121,ui.album.rotate,Idle,2
7546,273628.7501,24.084,ui.album.rotate,Idle,2
7547,273676.323,47.5729,ui.album.rotate,Idle,2
7548,273695.7393,19.4163,ui.album.rotate,Idle,2
7549,273721.1397,25.4004,ui.album.rotate,Idle,2
7550,273750.7285,29.5888,ui.album.rotate,Idle,2
7551,273793.4592,42.7307,ui.album.rotate,Idle,2
7552,273807.4759,14.0167,ui.album.rotate,Idle,2
7553,273838.8222,31.3464,ui.album.rotate,Idle,2
7554,273858.2405,19.4182,ui.album.rotate,Idle,2
7555,273905.3294,47.0889,ui.album.rotate,Idle,2
7556,273943.2988,37.9694,ui.album.rotate,Idle,2
7557,273954.8732,11.5744,ui.album.rotate,Idle,2
7558,273987.9233,33.0501,ui.album.rotate,Idle,2
7559,274031.0028,43.0795,ui.album.rotate,Idle,2
7560,274044.8853,13.8824,ui.album.rotate,Idle,2
7561,274074.0324,29.1471,ui.album.rotate,Idle,2
7562,274108.4561,34.4237,ui.album.rotate,Idle,2
7563,274159.0791,50.6232,ui.album.rotate,Idle,2
7564,274172.8261,13.7469,ui.album.rotate,Idle,2
7565,274199.3863,26.5602,ui.album.rotate,Idle,2
7566,274226.2476,26.8612,ui.album.rotate,Idle,2
7567,274268.138,41.8905,ui.album.rotate,Idle,2
7568,274287.7807,19.6427,ui.album.rotate,Idle,2
7569,274309.0968,21.3162,ui.album.rotate,Idle,2
7570,274332.9899,23.8929,ui.album.rotate,Idle,2
7571,274373.6478,40.658,ui.album.rotate,Idle,2
7572,274386.7637,13.1159,ui.album.rotate,Idle,2
7573,274413.1161,26.3524,ui.album.rotate,Idle,2
7574,274431.2463,18.1302,ui.album.rotate,Idle,2
7575,274463.3779,32.1317,ui.album.rotate,Idle,2
7576,274498.0604,34.6824,ui.album.rotate,Idle,2
7577,274526.7719,28.7115,ui.album.rotate,Idle,2
7578,274579.9772,53.2052,ui.album.rotate,Idle,2
7579,274599.2728,19.2956,ui.album.rotate,Idle,2
7580,274632.2149,32.9422,ui.album.rotate,Idle,2
7581,274676.8435,44.6286,ui.album.rotate,Idle,2
7582,274694.0961,17.2526,ui.album.rotate,Idle,2
7583,274737.6267,43.5306,ui.album.rotate,Idle,2
7584,274758.8225,21.1958,ui.album.rotate,Idle,2
7585,274790.6372,31.8146,ui.album.rotate,Idle,2
7586,274828.1153,37.4782,ui.album.rotate,Idle,2
7587,274853.6415,25.5261,ui.album.rotate,Idle,2
7588,274897.1881,43.5466,ui.album.rotate,Idle,2
7589,274922.6675,25.4794,ui.album.rotate,Idle,2
7590,274951.381,28.7136,ui.album.rotate,Idle,2
7591,274999.5944,48.2133,ui.album.rotate,Idle,2
7592,275043.8051,44.2108,ui.album.rotate,Idle,2
7593,275061.743,17.9379,ui.album.rotate,Idle,2
7594,275090.7785,29.0354,ui.album.rotate,Idle,2
7595,275123.8717,33.0933,ui.album.rotate,Idle,2
7596,275156.8066,32.9349,ui.album.rotate,Idle,2
7597,275186.7231,29.9163,ui.album.rotate,Idle,2
7598,275230.8109,44.088,ui.album.rotate,Idle,2
7599,275277.7518,46.9409,ui.album.rotate,Idle,2
7600,275295.0352,17.2833,ui.album.rotate,Idle,2
7601,275321.9142,26.8791,ui.album.rotate,Idle,2
7602,275348.3802,26.4659,ui.album.rotate,Idle,2
7603,275380.2945,31.9144,ui.album.rotate,Idle,2
7604,275401.0614,20.767,ui.album.rotate,Idle,2
7605,275434.3836,33.322,ui.album.rotate,Idle,2
7606,275457.9434,23.5599,ui.album.rotate,Idle,2
7607,275491.0457,33.1023,ui.album.rotate,Idle,2
7608,275522.5173,31.4716,ui.album.rotate,Idle,2
7609,275543.8121,21.2949,ui.album.rotate,Idle,2
7610,275568.9197,25.1074,ui.album.rotate,Idle,2
7611,275594.2721,25.3525,ui.album.rotate,Idle,2
7612,275619.0798,24.8077,ui.album.rotate,Idle,2
7613,275656.7749,37.6951,ui.album.rotate,Idle,2
7614,275676.535,19.76,ui.album.rotate,Idle,2
7615,275708.354,31.8191,ui.album.rotate,Idle,2
7616,275763.6188,55.2647,ui.album.rotate,Idle,2
7617,275788.4683,24.8494,ui.album.rotate,Idle,2
7618,275815.4386,26.9704,ui.album.rotate,Idle,2
7619,275850.4655,35.0269,ui.album.rotate,Idle,2
7620,275873.5934,23.128,ui.album.rotate,Idle,2
7621,275915.6797,42.0863,ui.album.rotate,Idle,2
7622,275943.6428,27.9631,ui.album.rotate,Idle,2
7623,275968.3791,24.7363,ui.album.rotate,Idle,2
7624,275995.7873,27.4082,ui.album.rotate,Idle,2
7625,276026.4291,30.6417,ui.album.rotate,Idle,2
7626,276063.2522,36.8232,ui.album.rotate,Idle,2
7627,276096.5087,33.2565,ui.album.rotate,Idle,2
7628,276132.8653,36.3566,ui.album.rotate,Idle,2
7629,276159.1292,26.2639,ui.album.rotate,Idle,2
7630,276187.1119,27.9826,ui.album.rotate,Idle,2
7631,276222.235,35.1232,ui.album.rotate,Idle,2
7632,276245.79,23.5551,ui.album.rotate,Idle,2
7633,276281.1866,35.3965,ui.album.rotate,Idle,2
7634,276306.1073,24.9207,ui.album.rotate,Idle,2
7635,276333.3537,27.2463,ui.album.rotate,Idle,2
7636,276370.9553,37.6017,ui.album.rotate,Idle,2
7637,276395.2052,24.2499,ui.album.rotate,Idle,2
7638,276430.5585,35.3532,ui.album.rotate,Idle,2
7639,276455.0891,24.5307,ui.album.rotate,Idle,2
7640,276484.3594,29.2702,ui.album.rotate,Idle,2
7641,276521.3552,36.9959,ui.album.rotate,Idle,2
7642,276543.875,22.5199,ui.album.rotate,Idle,2
7643,276578.2202,34.345,ui.album.rotate,Idle,2
7644,276603.6186,25.3985,ui.album.rotate,Idle,2
7645,276636.2038,32.5853,ui.album.rotate,Idle,2
7646,276664.8608,28.6569,ui.album.rotate,Idle,2
7647,276692.6418,27.781,ui.album.rotate,Idle,2
7648,276723.0434,30.4016,ui.album.rotate,Idle,2
7649,276759.4459,36.4025,audit.snapshot.ui.album.rotate,Idle,2
7650,276782.8873,23.4414,audit.snapshot.ui.album.rotate,Idle,2
7651,276816.0864,33.199,audit.snapshot.ui.album.rotate,Idle,2
7652,276844.5396,28.4533,audit.snapshot.ui.album.rotate,Idle,2
7653,276877.0635,32.5239,audit.snapshot.ui.album.rotate,Idle,2
7654,276898.5037,21.4402,audit.snapshot.ui.album.rotate,Idle,2
7655,276925.7069,27.2032,audit.snapshot.ui.album.rotate,Idle,2
7656,276948.943,23.2362,audit.snapshot.ui.album.rotate,Idle,2
7657,276983.4052,34.4621,audit.snapshot.ui.album.rotate,Idle,2
7658,277014.6573,31.2522,audit.snapshot.ui.album.rotate,Idle,2
7659,277035.7762,21.1186,audit.snapshot.ui.album.rotate,Idle,2
7660,277062.5613,26.7853,audit.snapshot.ui.album.rotate,Idle,2
7661,277085.4114,22.85,audit.snapshot.ui.album.rotate,Idle,2
7662,277116.8432,31.4319,audit.snapshot.ui.album.rotate,Idle,2
7663,277153.2867,36.4436,audit.snapshot.ui.album.rotate,Idle,2
7664,277174.552,21.2652,audit.snapshot.ui.album.rotate,Idle,2
7665,277199.7722,25.2202,audit.snapshot.ui.album.rotate,Idle,2
7666,277233.5083,33.7361,audit.snapshot.ui.album.rotate,Idle,2
7667,277259.6707,26.1624,audit.snapshot.ui.album.rotate,Idle,2
7668,277288.1722,28.5014,audit.snapshot.ui.album.rotate,Idle,2
7669,277309.2481,21.076,audit.snapshot.ui.album.rotate,Idle,2
7670,277334.2181,24.9701,audit.snapshot.ui.album.rotate,Idle,2
7671,277367.9579,33.7397,audit.snapshot.ui.album.rotate,Idle,2
7672,277394.6396,26.6817,audit.snapshot.ui.album.rotate,Idle,2
7673,277427.1202,32.4804,audit.snapshot.ui.album.rotate,Idle,2
7674,277448.8515,21.7315,audit.snapshot.ui.album.rotate,Idle,2
7675,277477.6867,28.8352,audit.snapshot.ui.album.rotate,Idle,2
7676,277500.7752,23.0886,audit.snapshot.ui.album.rotate,Idle,2
7677,277523.2205,22.4453,audit.snapshot.ui.album.rotate,Idle,2
7678,277555.7165,32.4959,audit.snapshot.ui.album.rotate,Idle,2
7679,277577.8566,22.1401,audit.snapshot.ui.album.rotate,Idle,2
7680,277601.0185,23.1619,audit.snapshot.ui.album.rotate,Idle,2
7681,277651.9848,50.9662,audit.snapshot.ui.album.rotate,Idle,2
7682,277662.8639,10.8792,audit.snapshot.ui.album.rotate,Idle,2
7683,277689.5698,26.7058,audit.snapshot.ui.album.rotate,Idle,2
7684,277711.9472,22.3775,audit.snapshot.ui.album.rotate,Idle,2
7685,277734.5004,22.5533,audit.snapshot.ui.album.rotate,Idle,2
7686,277768.3546,33.8541,audit.snapshot.ui.album.rotate,Idle,2
7687,277795.1518,26.7971,audit.snapshot.ui.album.rotate,Idle,2
7688,277824.3833,29.2315,audit.snapshot.ui.album.rotate,Idle,2
7689,277846.6738,22.2907,audit.snapshot.ui.album.rotate,Idle,2
7690,277869.3086,22.6347,audit.snapshot.ui.album.rotate,Idle,2
7691,277895.9632,26.6546,audit.snapshot.ui.album.rotate,Idle,2
7692,277918.8015,22.8383,audit.snapshot.ui.album.rotate,Idle,2
7693,277954.5424,35.7408,audit.snapshot.ui.album.rotate,Idle,2
7694,277981.6793,27.137,ui.album.quiet.high,Idle,2
7695,278002.282,20.6027,ui.album.quiet.high,Idle,2
7696,278028.7748,26.4927,ui.album.quiet.high,Idle,2
7697,278062.4999,33.7253,ui.album.quiet.high,Idle,2
7698,278085.4303,22.9304,ui.album.quiet.high,Idle,2
7699,278116.8346,31.4041,ui.album.quiet.high,Idle,2
7700,278147.7081,30.8737,ui.album.quiet.high,Idle,2
7701,278183.5863,35.878,ui.album.quiet.high,Idle,2
7702,278218.4526,34.8664,ui.album.quiet.high,Idle,2
7703,278244.429,25.9764,ui.album.quiet.high,Idle,2
7704,278267.4099,22.9809,ui.album.quiet.high,Idle,2
7705,278318.234,50.824,ui.album.quiet.high,Idle,2
7706,278346.3547,28.1208,ui.album.quiet.high,Idle,2
7707,278357.6908,11.3361,ui.album.quiet.high,Idle,2
7708,278383.9874,26.2967,ui.album.quiet.high,Idle,2
7709,278411.6634,27.6759,ui.album.quiet.high,Idle,2
7710,278452.9109,41.2475,ui.album.quiet.high,Idle,2
7711,278477.5194,24.6085,ui.album.quiet.high,Idle,2
7712,278501.0081,23.4886,ui.album.quiet.high,Idle,2
7713,278534.3049,33.2969,ui.album.quiet.high,Idle,2
7714,278567.6388,33.3339,ui.album.quiet.high,Idle,2
7715,278610.098,42.4593,ui.album.quiet.high,Idle,2
7716,278635.2813,25.1832,ui.album.quiet.high,Idle,2
7717,278668.4972,33.2159,ui.album.quiet.high,Idle,2
7718,278694.8467,26.3495,ui.album.quiet.high,Idle,2
7719,278728.5565,33.7098,ui.album.quiet.high,Idle,2
7720,278769.9508,41.3943,ui.album.quiet.high,Idle,2
7721,278797.601,27.6502,ui.album.quiet.high,Idle,2
7722,278826.4697,28.8687,ui.album.quiet.high,Idle,2
7723,278857.3288,30.8591,ui.album.quiet.high,Idle,2
7724,278891.1598,33.831,ui.album.quiet.high,Idle,2
7725,278935.1712,44.0113,ui.album.quiet.high,Idle,2
7726,278959.6934,24.522,ui.album.quiet.high,Idle,2
7727,278984.1427,24.4495,ui.album.quiet.high,Idle,2
7728,279013.5829,29.4404,ui.album.quiet.high,Idle,2
7729,279046.585,33.0021,ui.album.quiet.high,Idle,2
7730,279087.5801,40.9949,ui.album.quiet.high,Idle,2
7731,279113.3049,25.7249,ui.album.quiet.high,Idle,2
7732,279150.3252,37.0203,ui.album.quiet.high,Idle,2
7733,279174.5839,24.2587,ui.album.quiet.high,Idle,2
7734,279207.9759,33.392,ui.album.quiet.high,Idle,2
7735,279251.6506,43.6747,ui.album.quiet.high,Idle,2
7736,279275.005,23.3544,ui.album.quiet.high,Idle,2
7737,279307.8325,32.8275,ui.album.quiet.high,Idle,2
7738,279333.0378,25.2053,ui.album.quiet.high,Idle,2
7739,279355.8379,22.8,ui.album.quiet.high,Idle,2
7740,279382.4817,26.6438,ui.album.quiet.high,Idle,2
7741,279405.1749,22.6931,ui.album.quiet.high,Idle,2
7742,279433.4174,28.2427,ui.album.quiet.high,Idle,2
7743,279458.0114,24.594,ui.album.quiet.high,Idle,2
7744,279492.5637,34.5522,ui.album.quiet.high,Idle,2
7745,279522.8087,30.2451,ui.album.quiet.high,Idle,2
7746,279556.7946,33.9859,ui.album.quiet.high,Idle,2
7747,279577.4401,20.6455,ui.album.quiet.high,Idle,2
7748,279604.9161,27.476,ui.album.quiet.high,Idle,2
7749,279626.7676,21.8516,ui.album.quiet.high,Idle,2
7750,279667.3432,40.5754,ui.album.quiet.high,Idle,2
7751,279701.5429,34.1997,ui.album.quiet.high,Idle,2
7752,279714.1561,12.6134,ui.album.quiet.high,Idle,2
7753,279733.2396,19.0834,ui.album.quiet.high,Idle,2
7754,279765.063,31.8235,ui.album.quiet.high,Idle,2
7755,279784.8597,19.7965,ui.album.quiet.high,Idle,2
7756,279828.1078,43.2483,ui.album.quiet.high,Idle,2
7757,279842.5743,14.4665,ui.album.quiet.high,Idle,2
7758,279867.0413,24.4668,ui.album.quiet.high,Idle,2
7759,279892.9194,25.8781,ui.album.quiet.high,Idle,2
7760,279925.0715,32.1521,ui.album.quiet.high,Idle,2
7761,279953.3927,28.3213,ui.album.quiet.high,Idle,2
7762,279985.0883,31.6956,ui.album.quiet.high,Idle,2
7763,280005.8783,20.7899,ui.album.quiet.high,Idle,2
7764,280029.1158,23.2376,ui.album.quiet.high,Idle,2
7765,280075.5791,46.4633,ui.album.quiet.high,Idle,2
7766,280104.6884,29.1094,ui.album.quiet.high,Idle,2
7767,280117.1018,12.4132,ui.album.quiet.high,Idle,2
7768,280147.0536,29.9519,ui.album.quiet.high,Idle,2
7769,280180.8831,33.8295,ui.album.quiet.high,Idle,2
7770,280213.9347,33.0516,ui.album.quiet.high,Idle,2
7771,280237.133,23.1983,ui.album.quiet.high,Idle,2
7772,280259.0659,21.9329,ui.album.quiet.high,Idle,2
7773,280297.2584,38.1925,ui.album.quiet.high,Idle,2
7774,280310.116,12.8575,ui.album.quiet.high,Idle,2
7775,280335.3873,25.2713,ui.album.quiet.high,Idle,2
7776,280369.5737,34.1864,ui.album.quiet.high,Idle,2
7777,280401.6349,32.0613,ui.album.quiet.high,Idle,2
7778,280435.5906,33.9557,ui.album.quiet.high,Idle,2
7779,280450.4708,14.8802,ui.album.quiet.high,Idle,2
7780,280478.107,27.6363,ui.album.quiet.high,Idle,2
7781,280520.7444,42.6373,ui.album.quiet.high,Idle,2
7782,280537.4045,16.6601,ui.album.quiet.high,Idle,2
7783,280562.4512,25.0467,ui.album.quiet.high,Idle,2
7784,280587.8179,25.3665,ui.album.quiet.high,Idle,2
7785,280619.372,31.5543,ui.album.quiet.high,Idle,2
7786,280653.5231,34.1511,ui.album.quiet.high,Idle,2
7787,280698.6854,45.1624,ui.album.quiet.high,Idle,2
7788,280710.0073,11.3219,ui.album.quiet.high,Idle,2
7789,280749.0239,39.0165,ui.album.quiet.high,Idle,2
7790,280769.6033,20.5795,ui.album.quiet.high,Idle,2
7791,280788.7772,19.1738,ui.album.quiet.high,Idle,2
7792,280813.514,24.7368,ui.album.quiet.high,Idle,2
7793,280847.3737,33.8597,ui.album.quiet.high,Idle,2
7794,280886.8948,39.5211,ui.album.quiet.high,Idle,2
7795,280899.6527,12.7579,ui.album.quiet.high,Idle,2
7796,280930.394,30.7413,ui.album.quiet.high,Idle,2
7797,280973.9685,43.5743,ui.album.quiet.high,Idle,2
7798,280990.3268,16.3585,ui.album.quiet.high,Idle,2
7799,281013.2715,22.9447,ui.album.quiet.high,Idle,2
7800,281044.7646,31.4931,ui.album.quiet.high,Idle,2
7801,281077.1597,32.3951,ui.album.quiet.high,Idle,2
7802,281117.263,40.1031,ui.album.quiet.high,Idle,2
7803,281131.8759,14.6131,ui.album.quiet.high,Idle,2
7804,281159.0643,27.1884,ui.album.quiet.high,Idle,2
7805,281199.6071,40.5428,ui.album.quiet.high,Idle,2
7806,281219.6434,20.0363,ui.album.quiet.high,Idle,2
7807,281244.4199,24.7764,ui.album.quiet.high,Idle,2
7808,281267.532,23.1121,ui.album.quiet.high,Idle,2
7809,281301.5029,33.9708,ui.album.quiet.high,Idle,2
7810,281344.8374,43.3347,ui.album.quiet.high,Idle,2
7811,281381.857,37.0197,ui.album.quiet.high,Idle,2
7812,281392.6507,10.7936,ui.album.quiet.high,Idle,2
7813,281432.8505,40.1998,ui.album.quiet.high,Idle,2
7814,281449.7327,16.8822,ui.album.quiet.high,Idle,2
7815,281473.7608,24.0281,ui.album.quiet.high,Idle,2
7816,281498.5119,24.7511,ui.album.quiet.high,Idle,2
7817,281532.7435,34.2316,ui.album.quiet.high,Idle,2
7818,281578.062,45.3185,ui.album.quiet.high,Idle,2
7819,281589.1095,11.0475,ui.album.quiet.high,Idle,2
7820,281615.0568,25.9473,ui.album.quiet.high,Idle,2
7821,281657.735,42.6782,ui.album.quiet.high,Idle,2
7822,281676.4541,18.7191,ui.album.quiet.high,Idle,2
7823,281697.9653,21.5113,ui.album.quiet.high,Idle,2
7824,281729.9328,31.9673,ui.album.quiet.high,Idle,2
7825,281763.8283,33.8956,ui.album.quiet.high,Idle,2
7826,281799.8902,36.0619,ui.album.quiet.high,Idle,2
7827,281834.3156,34.4254,ui.album.quiet.high,Idle,2
7828,281844.4165,10.101,ui.album.quiet.high,Idle,2
7829,281883.1856,38.7689,ui.album.quiet.high,Idle,2
7830,281902.6556,19.47,ui.album.quiet.high,Idle,2
7831,281918.9018,16.2463,ui.album.quiet.high,Idle,2
7832,281947.1409,28.2391,ui.album.quiet.high,Idle,2
7833,281977.3901,30.249,ui.album.quiet.high,Idle,2
7834,282016.1581,38.768,ui.album.quiet.high,Idle,2
7835,282054.2585,38.1005,ui.album.quiet.high,Idle,2
7836,282065.6367,11.3783,ui.album.quiet.high,Idle,2
7837,282113.545,47.9083,ui.album.quiet.high,Idle,2
7838,282139.3878,25.8428,ui.album.quiet.high,Idle,2
7839,282158.5033,19.1155,ui.album.quiet.high,Idle,2
7840,282185.6201,27.1168,ui.album.quiet.high,Idle,2
7841,282215.2094,29.5892,ui.album.quiet.high,Idle,2
7842,282249.7498,34.5404,ui.album.quiet.high,Idle,2
7843,282261.1115,11.3619,ui.album.quiet.high,Idle,2
