frame,timestamp_ms,wall_ms,stage,transition,tier
12,71.7926,11.1368,boot.first-measured,Idle,-1
13,238.2672,166.5333,boot.first-measured,Idle,-1
14,810.3278,572.0603,boot.first-measured,Idle,-1
15,1687.4635,877.136,boot.first-measured,Idle,-1
16,2166.5299,479.0664,boot.first-measured,Covering,1
17,2300.217,133.687,boot.first-measured,Covering,1
18,2343.7673,43.5503,boot.first-measured,Covering,1
19,2349.3392,5.5719,boot.first-measured,Covering,1
20,2373.3664,24.0273,boot.first-measured,Covering,1
21,2396.6836,23.3172,boot.first-measured,Covering,1
22,2403.0695,6.3859,boot.first-measured,Covering,1
23,2418.4819,15.4123,boot.first-measured,Covering,1
24,2436.0639,17.582,boot.first-measured,Covering,1
25,2455.0856,19.0217,boot.first-measured,Covering,1
26,2473.7198,18.6342,boot.first-measured,Covering,1
27,2491.8149,18.095,boot.first-measured,Covering,1
28,2510.5236,18.7087,boot.first-measured,Covering,1
29,2532.5681,22.0447,boot.first-measured,Covering,1
30,2555.052,22.4837,boot.first-measured,Covering,1
31,2568.6671,13.6153,boot.first-measured,Covering,1
32,2592.5436,23.8763,boot.first-measured,Covering,1
33,2612.5006,19.9569,boot.first-measured,Covering,1
34,2631.0225,18.5222,boot.first-measured,Covering,1
35,2650.7843,19.7618,boot.first-measured,Covering,1
36,2668.7367,17.9522,boot.first-measured,Covering,1
37,2692.6174,23.8807,boot.first-measured,Covering,1
38,2712.8668,20.2496,boot.first-measured,Covering,1
39,2733.7607,20.8939,boot.first-measured,Covering,1
40,2750.6355,16.8748,boot.first-measured,Covering,1
41,2766.7366,16.101,boot.first-measured,Covering,1
42,2790.6362,23.8996,boot.first-measured,Covering,1
43,2807.3914,16.7551,boot.first-measured,Covering,1
44,2881.9698,74.5785,boot.first-measured,Covering,1
45,2913.603,31.633,boot.first-measured,Covering,1
46,2928.0899,14.4871,boot.first-measured,Covering,1
47,2944.3305,16.2406,boot.first-measured,Covering,1
48,3007.5063,63.1759,boot.first-measured,Covering,1
49,3023.9158,16.4094,boot.first-measured,Covering,1
50,3043.3866,19.4706,boot.first-measured,Covering,1
51,3064.4246,21.0382,boot.first-measured,Covering,1
52,3086.7984,22.3739,boot.first-measured,Covering,1
53,3108.255,21.4566,boot.first-measured,Covering,1
54,3132.5499,24.2949,boot.first-measured,Covering,1
55,3159.173,26.6231,boot.first-measured,Covering,1
56,3184.018,24.845,boot.first-measured,Covering,1
57,3208.9836,24.9653,boot.first-measured,Covering,1
58,3228.5643,19.581,boot.first-measured,Covering,1
59,3254.5314,25.9671,boot.first-measured,Covering,1
60,3268.0287,13.4973,boot.first-measured,Covering,1
61,3287.7234,19.6945,boot.first-measured,CoveredLoading,1
62,3301.1874,13.4642,boot.first-measured,CoveredLoading,1
63,3320.8511,19.6637,boot.first-measured,CoveredLoading,1
64,3514.3804,193.5294,boot.first-measured,CoveredLoading,1
65,3655.4702,141.0897,boot.first-measured,CoveredLoading,1
66,3839.9357,184.4655,boot.first-measured,CoveredLoading,1
67,4219.6034,379.6677,boot.first-measured,CoveredLoading,1
68,4257.3304,37.7268,boot.first-measured,CoveredLoading,1
69,4535.1452,277.8149,boot.first-measured,CoveredLoading,1
70,4609.4226,74.2771,boot.first-measured,CoveredLoading,1
71,4642.1697,32.7474,boot.first-measured,CoveredLoading,1
72,4677.1598,34.9901,boot.first-measured,CoveredLoading,1
73,4720.8303,43.6706,boot.first-measured,CoveredLoading,1
74,4761.8119,40.9815,boot.first-measured,CoveredLoading,1
75,4851.477,89.665,boot.first-measured,CoveredLoading,1
76,4874.5217,23.0448,boot.first-measured,CoveredLoading,1
77,4909.0527,34.5309,boot.first-measured,CoveredLoading,1
78,5000.1466,91.0941,boot.first-measured,CoveredLoading,1
79,5037.0371,36.8902,boot.first-measured,Preparing,1
80,5128.6666,91.6296,boot.first-measured,Preparing,1
81,5160.6104,31.944,boot.first-measured,Preparing,1
82,5194.2758,33.6653,boot.first-measured,Preparing,1
83,5240.6884,46.4126,boot.first-measured,Preparing,1
84,5283.3034,42.6151,boot.first-measured,Revealing,1
85,5316.3106,33.0072,boot.first-measured,Revealing,1
86,5359.8264,43.5157,boot.first-measured,Revealing,1
87,5412.493,52.6666,boot.first-measured,Revealing,1
88,5462.151,49.6581,boot.first-measured,Revealing,1
89,5491.7068,29.5556,boot.first-measured,Revealing,1
90,5543.2863,51.5797,boot.first-measured,Revealing,1
91,5587.7979,44.5116,boot.first-measured,Revealing,1
92,5621.2404,33.4425,boot.first-measured,Revealing,1
93,5655.3365,34.096,boot.first-measured,Revealing,1
94,5679.3887,24.0518,boot.first-measured,Revealing,1
95,5725.7219,46.3335,boot.first-measured,Revealing,1
96,5774.2249,48.503,boot.first-measured,Revealing,1
97,5821.4184,47.1936,boot.first-measured,Revealing,1
98,5857.113,35.6947,boot.first-measured,Revealing,1
99,5905.8699,48.7568,boot.first-measured,Revealing,1
100,5945.2434,39.3735,boot.first-measured,Revealing,1
101,5992.3038,47.0604,boot.first-measured,Revealing,1
102,6054.507,62.2031,boot.first-measured,Revealing,1
103,6085.992,31.4852,boot.first-measured,Revealing,1
104,6152.4581,66.466,boot.first-measured,Revealing,1
105,6176.1314,23.6734,boot.first-measured,Revealing,1
106,6217.7793,41.6479,boot.first-measured,Revealing,1
107,6246.5056,28.7262,boot.first-measured,Revealing,1
108,6284.9352,38.4297,boot.first-measured,Revealing,1
109,6323.7517,38.8165,boot.first-measured,Revealing,1
110,6358.7624,35.0105,boot.first-measured,Revealing,1
111,6397.4321,38.67,boot.first-measured,Revealing,1
112,6435.1314,37.699,boot.first-measured,Revealing,1
113,6474.0787,38.9474,boot.first-measured,Revealing,1
114,6506.9633,32.8846,boot.first-measured,Revealing,1
115,6546.7126,39.7494,boot.first-measured,Revealing,1
116,6585.3717,38.6591,boot.first-measured,Revealing,1
117,6624.33,38.9582,boot.first-measured,Revealing,1
118,6658.4062,34.0762,boot.first-measured,Revealing,1
119,6702.3643,43.9582,boot.first-measured,Idle,1
120,6742.7525,40.3882,boot.first-measured,Idle,1
121,6905.7782,163.0254,menu.high.initial-load,Idle,2
122,7000.004,94.2262,menu.high.initial-load,Idle,2
123,7168.1592,168.1549,menu.high.initial-load,Idle,2
124,7190.9608,22.8018,menu.high.initial-load,Idle,2
125,7222.4404,31.4793,menu.high.initial-load,Idle,2
126,7237.6568,15.2167,menu.high.initial-load,Idle,2
127,7420.4617,182.8048,menu.high.initial-load,Idle,2
128,7585.5054,165.0438,menu.high.initial-load,Idle,2
129,7609.3247,23.8192,menu.high.initial-load,Idle,2
130,7645.045,35.7204,menu.high.initial-load,Idle,2
131,7680.2614,35.2162,menu.high.initial-load,Idle,2
132,7714.4861,34.2249,menu.high.initial-load,Idle,2
133,7790.1767,75.6903,menu.high.initial-load,Idle,2
134,7823.6691,33.4927,menu.high.initial-load,Idle,2
135,7855.1571,31.4879,menu.high.initial-load,Idle,2
136,7889.2026,34.0454,menu.high.initial-load,Idle,2
137,7924.103,34.9005,menu.high.initial-load,Idle,2
138,7957.932,33.8291,menu.high.initial-load,Idle,2
139,7991.0796,33.1476,menu.high.initial-load,Idle,2
140,8017.1875,26.1078,menu.high.initial-load,Idle,2
141,8041.6589,24.4715,menu.high.initial-load,Idle,2
142,8076.0933,34.4344,menu.high.initial-load,Idle,2
143,8113.4851,37.3918,menu.high.initial-load,Idle,2
144,8148.0205,34.5354,menu.high.initial-load,Idle,2
145,8185.3142,37.2937,menu.high.initial-load,Idle,2
146,8223.6202,38.306,menu.high.initial-load,Idle,2
147,8258.5647,34.9445,menu.high.initial-load,Idle,2
148,8296.1196,37.5549,menu.high.initial-load,Idle,2
149,8330.2373,34.1177,menu.high.initial-load,Idle,2
150,8364.5044,34.2671,menu.high.initial-load,Idle,2
151,8402.1586,37.6541,menu.high.initial-load,Idle,2
152,8440.9342,38.7755,menu.high.initial-load,Idle,2
153,8475.1969,34.2627,menu.high.initial-load,Idle,2
154,8513.3142,38.1174,menu.high.initial-load,Idle,2
155,8547.4721,34.158,menu.high.initial-load,Idle,2
156,8581.9291,34.4569,menu.high.initial-load,Idle,2
157,8619.4962,37.5671,menu.high.initial-load,Idle,2
158,8655.4592,35.963,menu.high.initial-load,Idle,2
159,8691.8102,36.3511,menu.high.initial-load,Idle,2
160,8730.0592,38.249,menu.high.initial-load,Idle,2
161,8764.3507,34.2914,menu.high.initial-load,Idle,2
162,8802.3439,37.9933,menu.high.initial-load,Idle,2
163,8838.2669,35.923,menu.high.initial-load,Idle,2
164,8875.1647,36.8978,menu.high.initial-load,Idle,2
165,8913.2324,38.0677,menu.high.initial-load,Idle,2
166,8947.0007,33.7683,menu.high.initial-load,Idle,2
167,8981.4476,34.4469,menu.high.initial-load,Idle,2
168,9019.6459,38.1983,menu.high.steady,Idle,2
169,9057.4613,37.8153,menu.high.steady,Idle,2
170,9091.6641,34.2028,menu.high.steady,Idle,2
171,9130.0694,38.4053,menu.high.steady,Idle,2
172,9165.0722,35.003,menu.high.steady,Idle,2
173,9211.1716,46.0992,menu.high.steady,Idle,2
174,9243.9188,32.7473,menu.high.steady,Idle,2
175,9286.1819,42.2631,menu.high.steady,Idle,2
176,9324.5351,38.3531,menu.high.steady,Idle,2
177,9382.2461,57.7111,menu.high.steady,Idle,2
178,9396.5597,14.3136,menu.high.steady,Idle,2
179,9430.9645,34.4047,menu.high.steady,Idle,2
180,9493.1987,62.2343,menu.high.steady,Idle,2
181,9529.6971,36.4983,menu.high.steady,Idle,2
182,9541.1813,11.4842,menu.high.steady,Idle,2
183,9575.3591,34.1778,menu.high.steady,Idle,2
184,9636.4037,61.0447,menu.high.steady,Idle,2
185,9677.4789,41.0752,menu.high.steady,Idle,2
186,9691.0569,13.5779,menu.high.steady,Idle,2
187,9725.126,34.0692,menu.high.steady,Idle,2
188,9763.3035,38.1775,menu.high.steady,Idle,2
189,9797.479,34.1755,menu.high.steady,Idle,2
190,9858.4691,60.99,menu.high.steady,Idle,2
191,9873.055,14.5859,menu.high.steady,Idle,2
192,9907.5999,34.5449,menu.high.steady,Idle,2
193,9965.61,58.0103,menu.high.steady,Idle,2
194,10014.5457,48.9356,menu.high.steady,Idle,2
195,10027.0782,12.5323,menu.high.steady,Idle,2
196,10058.3859,31.3078,menu.high.steady,Idle,2
197,10097.1326,38.7467,menu.high.steady,Idle,2
198,10131.0669,33.9344,menu.high.steady,Idle,2
199,10193.2197,62.1528,menu.high.steady,Idle,2
200,10207.1024,13.8825,menu.high.steady,Idle,2
201,10242.0648,34.9625,menu.high.steady,Idle,2
202,10279.7528,37.6881,menu.high.steady,Idle,2
203,10314.0175,34.2646,menu.high.steady,Idle,2
204,10348.1237,34.1063,menu.high.steady,Idle,2
205,10385.4626,37.3389,menu.high.steady,Idle,2
206,10424.0798,38.6171,menu.high.steady,Idle,2
207,10458.9008,34.8211,menu.high.steady,Idle,2
208,10496.6492,37.7484,menu.high.steady,Idle,2
209,10531.4257,34.7765,menu.high.steady,Idle,2
210,10568.7063,37.2805,menu.high.steady,Idle,2
211,10607.1374,38.4312,menu.high.steady,Idle,2
212,10642.3215,35.1839,menu.high.steady,Idle,2
213,10679.8072,37.4858,menu.high.steady,Idle,2
214,10714.8111,35.0039,menu.high.steady,Idle,2
215,10752.5215,37.7104,menu.high.steady,Idle,2
216,10790.7729,38.2514,menu.high.steady,Idle,2
217,10825.0886,34.3157,menu.high.steady,Idle,2
218,10861.0576,35.969,menu.high.steady,Idle,2
219,10897.1557,36.0982,menu.high.steady,Idle,2
220,10929.5383,32.3825,menu.high.steady,Idle,2
221,10968.9008,39.3626,menu.high.steady,Idle,2
222,11007.2386,38.3377,menu.high.steady,Idle,2
223,11041.8137,34.5751,menu.high.steady,Idle,2
224,11080.2757,38.4621,menu.high.steady,Idle,2
225,11114.5409,34.2652,menu.high.steady,Idle,2
226,11152.1638,37.6228,menu.high.steady,Idle,2
227,11190.8037,38.64,menu.high.steady,Idle,2
228,11225.1745,34.3707,menu.high.steady,Idle,2
229,11263.5385,38.3641,menu.high.steady,Idle,2
230,11297.9251,34.3865,menu.high.steady,Idle,2
231,11335.4214,37.4964,menu.high.steady,Idle,2
232,11371.5457,36.1242,menu.high.steady,Idle,2
233,11407.9145,36.3689,menu.high.steady,Idle,2
234,11442.1942,34.2797,menu.high.steady,Idle,2
235,11477.5678,35.3736,menu.high.steady,Idle,2
236,11514.5014,36.9336,menu.high.steady,Idle,2
237,11552.1683,37.6668,menu.high.steady,Idle,2
238,11588.2352,36.067,menu.high.steady,Idle,2
239,11625.0617,36.8189,menu.high.steady,Idle,2
240,11658.7825,33.7283,menu.high.steady,Idle,2
241,11694.3191,35.5366,menu.high.steady,Idle,2
242,11731.328,37.009,menu.high.steady,Idle,2
243,11765.1044,33.7764,menu.high.steady,Idle,2
244,11802.9875,37.8831,menu.high.steady,Idle,2
245,11838.5535,35.5659,menu.high.steady,Idle,2
246,11875.4313,36.8779,menu.high.steady,Idle,2
247,11913.1393,37.7079,menu.high.steady,Idle,2
248,11947.7858,34.6466,menu.high.steady,Idle,2
249,11985.8671,38.0812,menu.high.steady,Idle,2
250,12024.5545,38.6869,menu.high.steady,Idle,2
251,12058.3789,33.8249,menu.high.steady,Idle,2
252,12096.5744,38.1955,menu.high.steady,Idle,2
253,12131.0175,34.4431,menu.high.steady,Idle,2
254,12168.846,37.8286,menu.high.steady,Idle,2
255,12204.9889,36.1429,menu.high.steady,Idle,2
256,12241.7305,36.7415,menu.high.steady,Idle,2
257,12275.7212,33.9907,menu.high.steady,Idle,2
258,12313.1675,37.4464,menu.high.steady,Idle,2
259,12348.1543,34.9868,menu.high.steady,Idle,2
260,12385.3735,37.2192,menu.high.steady,Idle,2
261,12423.8529,38.4794,menu.high.steady,Idle,2
262,12458.7605,34.9073,menu.high.steady,Idle,2
263,12496.3242,37.564,menu.high.steady,Idle,2
264,12530.7014,34.3771,menu.high.steady,Idle,2
265,12564.7539,34.0526,menu.high.steady,Idle,2
266,12602.5597,37.8058,menu.high.steady,Idle,2
267,12641.0161,38.4564,menu.high.steady,Idle,2
268,12675.2821,34.2658,menu.high.steady,Idle,2
269,12713.315,38.0331,menu.high.steady,Idle,2
270,12747.8236,34.5086,menu.high.steady,Idle,2
271,12781.7087,33.8851,menu.high.steady,Idle,2
272,12819.0815,37.3728,menu.high.steady,Idle,2
273,12857.2974,38.2159,menu.high.steady,Idle,2
274,12892.6776,35.38,menu.high.steady,Idle,2
275,12927.2708,34.5934,menu.high.steady,Idle,2
276,12964.2016,36.9308,menu.high.steady,Idle,2
277,12998.1002,33.8985,menu.high.steady,Idle,2
278,13035.7014,37.6013,menu.high.steady,Idle,2
279,13074.3898,38.6884,menu.high.steady,Idle,2
280,13109.2008,34.8109,menu.high.steady,Idle,2
281,13146.205,37.0043,menu.high.steady,Idle,2
282,13181.3264,35.1214,menu.high.steady,Idle,2
283,13218.8798,37.5534,menu.high.steady,Idle,2
284,13257.9787,39.0987,menu.high.steady,Idle,2
285,13318.499,60.5204,menu.high.steady,Idle,2
286,13358.499,40.0,menu.high.steady,Idle,2
287,13394.2194,35.7204,menu.high.steady,Idle,2
288,13434.0922,39.8729,menu.high.steady,Idle,2
289,13470.4423,36.3499,menu.high.steady,Idle,2
290,13512.3793,41.9372,menu.high.steady,Idle,2
291,13546.9687,34.5893,menu.high.steady,Idle,2
292,13584.2046,37.2359,menu.high.steady,Idle,2
293,13620.5647,36.3601,menu.high.steady,Idle,2
294,13658.5325,37.9679,menu.high.steady,Idle,2
295,13697.2024,38.6697,menu.high.steady,Idle,2
296,13735.1614,37.9593,menu.high.steady,Idle,2
297,13773.3869,38.2253,menu.high.steady,Idle,2
298,13813.2429,39.8561,menu.high.steady,Idle,2
299,13851.4476,38.2047,menu.high.steady,Idle,2
300,13891.7514,40.3037,menu.high.steady,Idle,2
301,13927.9645,36.2132,menu.high.steady,Idle,2
302,13967.0608,39.0961,menu.high.steady,Idle,2
303,14003.516,36.4554,menu.high.steady,Idle,2
304,14042.2295,38.7135,menu.high.steady,Idle,2
305,14079.966,37.7365,menu.high.steady,Idle,2
306,14117.183,37.2169,menu.high.steady,Idle,2
307,14153.9696,36.7867,menu.high.steady,Idle,2
308,14191.8241,37.8544,menu.high.steady,Idle,2
309,14228.1013,36.2773,menu.high.steady,Idle,2
310,14267.3407,39.2394,menu.high.steady,Idle,2
311,14303.4612,36.1204,menu.high.steady,Idle,2
312,14340.637,37.1759,menu.high.steady,Idle,2
313,14378.4019,37.7649,menu.high.steady,Idle,2
314,14417.0453,38.6433,menu.high.steady,Idle,2
315,14430.5155,13.4703,menu.high.steady,Idle,2
316,14464.5878,34.0723,menu.high.steady,Idle,2
317,14502.2793,37.6915,menu.high.steady,Idle,2
318,14567.8288,65.5493,audit.snapshot.menu.high.steady,Idle,0
319,14582.471,14.6424,audit.snapshot.menu.high.steady,Idle,0
320,14610.0184,27.5473,audit.snapshot.menu.high.steady,Idle,0
321,14630.9053,20.887,audit.snapshot.menu.high.steady,Idle,0
322,14656.8499,25.9446,audit.snapshot.menu.high.steady,Idle,0
323,14685.9049,29.0548,audit.snapshot.menu.high.steady,Idle,0
324,14722.321,36.4162,audit.snapshot.menu.high.steady,Idle,0
325,14741.7299,19.409,audit.snapshot.menu.high.steady,Idle,0
326,14768.3937,26.6637,audit.snapshot.menu.high.steady,Idle,0
327,14796.3085,27.9149,audit.snapshot.menu.high.steady,Idle,0
328,14824.073,27.7645,audit.snapshot.menu.high.steady,Idle,0
329,14850.6934,26.6204,audit.snapshot.menu.high.steady,Idle,0
330,14875.5156,24.8222,audit.snapshot.menu.high.steady,Idle,0
331,14902.3307,26.8151,audit.snapshot.menu.high.steady,Idle,0
332,14938.1093,35.7786,audit.snapshot.menu.high.steady,Idle,0
333,14956.45,18.3406,audit.snapshot.menu.high.steady,Idle,0
334,14986.0397,29.5897,audit.snapshot.menu.high.steady,Idle,0
335,15012.6251,26.5854,audit.snapshot.menu.high.steady,Idle,0
336,15052.3529,39.7279,audit.snapshot.menu.high.steady,Idle,0
337,15067.5162,15.1633,audit.snapshot.menu.high.steady,Idle,0
338,15095.9879,28.4717,audit.snapshot.menu.high.steady,Idle,0
339,15120.0083,24.0203,audit.snapshot.menu.high.steady,Idle,0
340,15147.4004,27.3922,audit.snapshot.menu.high.steady,Idle,0
341,15175.452,28.0515,audit.snapshot.menu.high.steady,Idle,0
342,15202.1316,26.6796,audit.snapshot.menu.high.steady,Idle,0
343,15230.3422,28.2106,audit.snapshot.menu.high.steady,Idle,0
344,15258.1465,27.8044,audit.snapshot.menu.high.steady,Idle,0
345,15285.0669,26.9204,audit.snapshot.menu.high.steady,Idle,0
346,15320.6013,35.5343,audit.snapshot.menu.high.steady,Idle,0
347,15341.761,21.1598,audit.snapshot.menu.high.steady,Idle,0
348,15368.5393,26.7783,menu.tier0.steady,Idle,0
349,15394.7685,26.2292,menu.tier0.steady,Idle,0
350,15424.8589,30.0904,menu.tier0.steady,Idle,0
351,15451.7078,26.8489,menu.tier0.steady,Idle,0
352,15479.8408,28.133,menu.tier0.steady,Idle,0
353,15514.9511,35.1102,menu.tier0.steady,Idle,0
354,15538.8656,23.9146,menu.tier0.steady,Idle,0
355,15574.7444,35.8787,menu.tier0.steady,Idle,0
356,15601.1095,26.365,menu.tier0.steady,Idle,0
357,15626.806,25.6967,menu.tier0.steady,Idle,0
358,15667.9166,41.1106,menu.tier0.steady,Idle,0
359,15690.7174,22.8008,menu.tier0.steady,Idle,0
360,15717.4222,26.7048,menu.tier0.steady,Idle,0
361,15746.069,28.6468,menu.tier0.steady,Idle,0
362,15769.6955,23.6264,menu.tier0.steady,Idle,0
363,15797.7421,28.0465,menu.tier0.steady,Idle,0
364,15825.5678,27.8258,menu.tier0.steady,Idle,0
365,15852.097,26.5293,menu.tier0.steady,Idle,0
366,15877.721,25.6239,menu.tier0.steady,Idle,0
367,15908.5777,30.8567,menu.tier0.steady,Idle,0
368,15935.3313,26.7538,menu.tier0.steady,Idle,0
369,15963.3391,28.0077,menu.tier0.steady,Idle,0
370,15991.5206,28.1816,menu.tier0.steady,Idle,0
371,16018.4466,26.9257,menu.tier0.steady,Idle,0
372,16046.3576,27.9112,menu.tier0.steady,Idle,0
373,16074.3329,27.9753,menu.tier0.steady,Idle,0
374,16117.7448,43.4119,menu.tier0.steady,Idle,0
375,16133.9367,16.1919,menu.tier0.steady,Idle,0
376,16162.5605,28.6238,menu.tier0.steady,Idle,0
377,16186.6979,24.1374,menu.tier0.steady,Idle,0
378,16214.1121,27.4142,menu.tier0.steady,Idle,0
379,16242.453,28.3408,menu.tier0.steady,Idle,0
380,16268.758,26.3051,menu.tier0.steady,Idle,0
381,16296.7984,28.0403,menu.tier0.steady,Idle,0
382,16337.456,40.6577,menu.tier0.steady,Idle,0
383,16379.7162,42.2602,menu.tier0.steady,Idle,0
384,16388.9196,9.2034,menu.tier0.steady,Idle,0
385,16413.1032,24.1836,menu.tier0.steady,Idle,0
386,16438.6581,25.5548,menu.tier0.steady,Idle,0
387,16467.4698,28.8117,menu.tier0.steady,Idle,0
388,16493.1127,25.643,menu.tier0.steady,Idle,0
389,16519.3049,26.1922,menu.tier0.steady,Idle,0
390,16555.2561,35.9512,menu.tier0.steady,Idle,0
391,16572.8678,17.6116,menu.tier0.steady,Idle,0
392,16601.1327,28.265,menu.tier0.steady,Idle,0
393,16629.3406,28.2078,menu.tier0.steady,Idle,0
394,16653.2808,23.9404,menu.tier0.steady,Idle,0
395,16684.0946,30.8137,menu.tier0.steady,Idle,0
396,16712.4677,28.373,menu.tier0.steady,Idle,0
397,16736.8731,24.4054,menu.tier0.steady,Idle,0
398,16761.7422,24.8693,menu.tier0.steady,Idle,0
399,16792.1531,30.4109,menu.tier0.steady,Idle,0
400,16818.8712,26.7178,menu.tier0.steady,Idle,0
401,16844.3691,25.4981,menu.tier0.steady,Idle,0
402,16872.6002,28.2309,menu.tier0.steady,Idle,0
403,16901.2531,28.6529,menu.tier0.steady,Idle,0
404,16929.2169,27.964,menu.tier0.steady,Idle,0
405,16952.8756,23.6587,menu.tier0.steady,Idle,0
406,16989.7079,36.8323,menu.tier0.steady,Idle,0
407,17005.7211,16.0131,menu.tier0.steady,Idle,0
408,17034.8475,29.1264,menu.tier0.steady,Idle,0
409,17060.3345,25.487,menu.tier0.steady,Idle,0
410,17103.6516,43.3172,menu.tier0.steady,Idle,0
411,17117.8304,14.1787,menu.tier0.steady,Idle,0
412,17143.1375,25.3071,menu.tier0.steady,Idle,0
413,17172.0417,28.9042,menu.tier0.steady,Idle,0
414,17200.7571,28.7155,menu.tier0.steady,Idle,0
415,17226.7527,25.9955,menu.tier0.steady,Idle,0
416,17252.392,25.6394,menu.tier0.steady,Idle,0
417,17280.8087,28.4167,menu.tier0.steady,Idle,0
418,17307.9644,27.1556,menu.tier0.steady,Idle,0
419,17334.9865,27.0221,menu.tier0.steady,Idle,0
420,17362.6977,27.7113,menu.tier0.steady,Idle,0
421,17390.9913,28.2936,menu.tier0.steady,Idle,0
422,17417.5906,26.5992,menu.tier0.steady,Idle,0
423,17443.1815,25.591,menu.tier0.steady,Idle,0
424,17469.2474,26.0658,menu.tier0.steady,Idle,0
425,17496.9619,27.7145,menu.tier0.steady,Idle,0
426,17524.8444,27.8827,menu.tier0.steady,Idle,0
427,17551.9916,27.1471,menu.tier0.steady,Idle,0
428,17579.2093,27.2177,menu.tier0.steady,Idle,0
429,17607.4348,28.2255,menu.tier0.steady,Idle,0
430,17634.3263,26.8915,menu.tier0.steady,Idle,0
431,17660.1174,25.7911,menu.tier0.steady,Idle,0
432,17686.1121,25.9947,menu.tier0.steady,Idle,0
433,17714.2424,28.1303,menu.tier0.steady,Idle,0
434,17741.8847,27.6423,menu.tier0.steady,Idle,0
435,17768.3589,26.4742,menu.tier0.steady,Idle,0
436,17793.7495,25.3904,menu.tier0.steady,Idle,0
437,17820.011,26.2617,menu.tier0.steady,Idle,0
438,17860.9565,40.9456,menu.tier0.steady,Idle,0
439,17877.001,16.0444,menu.tier0.steady,Idle,0
440,17905.1389,28.1378,menu.tier0.steady,Idle,0
441,17931.0513,25.9124,menu.tier0.steady,Idle,0
442,17971.9926,40.9414,menu.tier0.steady,Idle,0
443,17985.2008,13.2081,menu.tier0.steady,Idle,0
444,18010.5304,25.3296,menu.tier0.steady,Idle,0
445,18041.1193,30.589,menu.tier0.steady,Idle,0
446,18067.5421,26.4228,menu.tier0.steady,Idle,0
447,18093.4312,25.8891,menu.tier0.steady,Idle,0
448,18119.2147,25.7835,menu.tier0.steady,Idle,0
449,18147.0251,27.8104,menu.tier0.steady,Idle,0
450,18175.1599,28.1349,menu.tier0.steady,Idle,0
451,18201.8452,26.6852,menu.tier0.steady,Idle,0
452,18229.4395,27.5942,menu.tier0.steady,Idle,0
453,18257.4595,28.0201,menu.tier0.steady,Idle,0
454,18283.8821,26.4224,menu.tier0.steady,Idle,0
455,18306.9712,23.0893,menu.tier0.steady,Idle,0
456,18335.8481,28.8768,menu.tier0.steady,Idle,0
457,18364.1436,28.2954,menu.tier0.steady,Idle,0
458,18389.1725,25.0291,menu.tier0.steady,Idle,0
459,18417.7401,28.5674,menu.tier0.steady,Idle,0
460,18443.2581,25.5182,menu.tier0.steady,Idle,0
461,18469.5718,26.3137,menu.tier0.steady,Idle,0
462,18497.7259,28.1541,menu.tier0.steady,Idle,0
463,18523.4779,25.752,menu.tier0.steady,Idle,0
464,18551.5644,28.0865,menu.tier0.steady,Idle,0
465,18579.4497,27.8853,menu.tier0.steady,Idle,0
466,18607.2146,27.7648,menu.tier0.steady,Idle,0
467,18631.148,23.9334,menu.tier0.steady,Idle,0
468,18659.4562,28.3082,leaves.tier0.normal.r1,Covering,0
469,18743.7485,84.2924,leaves.tier0.normal.r1,Covering,0
470,18784.9757,41.2271,leaves.tier0.normal.r1,Covering,0
471,18803.8662,18.8906,leaves.tier0.normal.r1,Covering,0
472,18830.5705,26.7042,leaves.tier0.normal.r1,Covering,0
473,18864.8422,34.2718,leaves.tier0.normal.r1,Covering,0
474,18914.1483,49.3061,leaves.tier0.normal.r1,Covering,0
475,18930.6129,16.4646,leaves.tier0.normal.r1,Covering,0
476,18969.6555,39.0426,leaves.tier0.normal.r1,Covering,0
477,19001.2963,31.6407,leaves.tier0.normal.r1,Covering,0
478,19050.9505,49.6542,leaves.tier0.normal.r1,Covering,0
479,19073.7604,22.8099,leaves.tier0.normal.r1,Covering,0
480,19101.6464,27.8861,leaves.tier0.normal.r1,Covering,0
481,19134.4382,32.7917,leaves.tier0.normal.r1,Covering,0
482,19178.6958,44.2577,leaves.tier0.normal.r1,Covering,0
483,19194.0018,15.306,leaves.tier0.normal.r1,Covering,0
484,19229.7854,35.7836,leaves.tier0.normal.r1,Covering,0
485,19257.8527,28.0671,leaves.tier0.normal.r1,Covering,0
486,19303.9855,46.133,leaves.tier0.normal.r1,Covering,0
487,19323.5187,19.533,leaves.tier0.normal.r1,Covering,0
488,19356.2446,32.726,leaves.tier0.normal.r1,Covering,0
489,19386.0803,29.8358,leaves.tier0.normal.r1,Covering,0
490,19435.7031,49.6228,leaves.tier0.normal.r1,Covering,0
491,19458.9194,23.2163,leaves.tier0.normal.r1,Covering,0
492,19492.4114,33.4919,leaves.tier0.normal.r1,Covering,0
493,19531.0647,38.6533,leaves.tier0.normal.r1,Covering,0
494,19569.8618,38.7971,leaves.tier0.normal.r1,Covering,0
495,19592.7989,22.9371,leaves.tier0.normal.r1,Covering,0
496,19632.292,39.4932,leaves.tier0.normal.r1,Covering,0
497,19657.0294,24.7372,leaves.tier0.normal.r1,Covering,0
498,19715.7712,58.7419,leaves.tier0.normal.r1,Covering,0
499,19744.0835,28.3124,leaves.tier0.normal.r1,Covering,0
500,19784.0432,39.9597,leaves.tier0.normal.r1,Covering,0
501,19836.1023,52.059,leaves.tier0.normal.r1,Covering,0
502,19883.689,47.5866,leaves.tier0.normal.r1,Covering,0
503,19908.4392,24.7501,leaves.tier0.normal.r1,Covering,0
504,19934.6371,26.1982,leaves.tier0.normal.r1,Covering,0
505,19961.6923,27.0552,leaves.tier0.normal.r1,Covering,0
506,20015.5196,53.8272,leaves.tier0.normal.r1,Covering,0
507,20034.213,18.6935,leaves.tier0.normal.r1,Covering,0
508,20061.3544,27.1414,leaves.tier0.normal.r1,Covering,0
509,20101.1122,39.7578,leaves.tier0.normal.r1,Covering,0
510,20147.3375,46.2253,leaves.tier0.normal.r1,Covering,0
511,20167.3444,20.007,leaves.tier0.normal.r1,Covering,0
512,20193.6055,26.2607,leaves.tier0.normal.r1,Covering,0
513,20233.3776,39.7724,leaves.tier0.normal.r1,Covering,0
514,20271.7559,38.3783,leaves.tier0.normal.r1,CoveredLoading,0
515,20308.7447,36.9888,leaves.tier0.normal.r1,CoveredLoading,0
516,20326.5416,17.7968,audit.snapshot.leaves.tier0.normal.r1.covered,CoveredLoading,0
517,20341.9229,15.3814,leaves.tier0.normal.r1.hold,CoveredLoading,0
518,20361.3405,19.4174,leaves.tier0.normal.r1.hold,CoveredLoading,0
519,20384.069,22.7286,leaves.tier0.normal.r1.hold,CoveredLoading,0
520,20400.4922,16.4233,leaves.tier0.normal.r1.hold,CoveredLoading,0
521,20423.7769,23.2847,leaves.tier0.normal.r1.hold,CoveredLoading,0
522,20443.6833,19.9063,leaves.tier0.normal.r1.hold,CoveredLoading,0
523,20467.8526,24.1693,leaves.tier0.normal.r1.hold,CoveredLoading,0
524,20496.0982,28.2456,leaves.tier0.normal.r1.hold,CoveredLoading,0
525,20511.0089,14.9108,leaves.tier0.normal.r1.hold,CoveredLoading,0
526,20523.8776,12.8687,leaves.tier0.normal.r1.hold,CoveredLoading,0
527,20543.9731,20.0954,leaves.tier0.normal.r1.hold,CoveredLoading,0
528,20567.2787,23.3057,leaves.tier0.normal.r1.hold,CoveredLoading,0
529,20581.6345,14.3559,leaves.tier0.normal.r1.hold,CoveredLoading,0
530,20594.8171,13.1824,leaves.tier0.normal.r1.hold,CoveredLoading,0
531,20611.7119,16.8949,leaves.tier0.normal.r1.hold,CoveredLoading,0
532,20642.8986,31.1864,leaves.tier0.normal.r1.hold,CoveredLoading,0
533,20655.4402,12.5417,leaves.tier0.normal.r1.hold,CoveredLoading,0
534,20676.1168,20.6768,leaves.tier0.normal.r1.hold,CoveredLoading,0
535,20699.408,23.2911,leaves.tier0.normal.r1.hold,CoveredLoading,0
536,20732.3092,32.9013,leaves.tier0.normal.r1.reveal,Preparing,0
537,20750.836,18.5268,leaves.tier0.normal.r1.reveal,Preparing,0
538,20783.3904,32.5543,leaves.tier0.normal.r1.reveal,Preparing,0
539,20810.6731,27.2823,leaves.tier0.normal.r1.reveal,Preparing,0
540,20864.9491,54.2671,leaves.tier0.normal.r1.reveal,Preparing,0
541,20888.6462,23.7065,leaves.tier0.normal.r1.reveal,Preparing,0
542,20915.6591,27.0129,leaves.tier0.normal.r1.reveal,Preparing,0
543,20961.5317,45.8726,leaves.tier0.normal.r1.reveal,Preparing,0
544,21000.1056,38.5738,leaves.tier0.normal.r1.reveal,Revealing,0
545,21025.6597,25.5541,leaves.tier0.normal.r1.reveal,Revealing,0
546,21055.3494,29.6898,leaves.tier0.normal.r1.reveal,Revealing,0
547,21083.2493,27.8999,leaves.tier0.normal.r1.reveal,Revealing,0
548,21129.1085,45.8592,leaves.tier0.normal.r1.reveal,Revealing,0
549,21155.2756,26.1671,leaves.tier0.normal.r1.reveal,Revealing,0
550,21183.0276,27.752,leaves.tier0.normal.r1.reveal,Revealing,0
551,21210.5751,27.5473,leaves.tier0.normal.r1.reveal,Revealing,0
552,21250.2444,39.6695,leaves.tier0.normal.r1.reveal,Revealing,0
553,21277.0034,26.759,leaves.tier0.normal.r1.reveal,Revealing,0
554,21316.8732,39.8698,leaves.tier0.normal.r1.reveal,Revealing,0
555,21344.1058,27.2326,leaves.tier0.normal.r1.reveal,Revealing,0
556,21383.7732,39.6674,leaves.tier0.normal.r1.reveal,Revealing,0
557,21410.7591,26.9859,leaves.tier0.normal.r1.reveal,Revealing,0
558,21450.4301,39.671,leaves.tier0.normal.r1.reveal,Revealing,0
559,21477.1831,26.7529,leaves.tier0.normal.r1.reveal,Revealing,0
560,21517.3826,40.1995,leaves.tier0.normal.r1.reveal,Revealing,0
561,21543.9343,26.5517,leaves.tier0.normal.r1.reveal,Revealing,0
562,21583.4858,39.5516,leaves.tier0.normal.r1.reveal,Revealing,0
563,21610.1512,26.6652,leaves.tier0.normal.r1.reveal,Revealing,0
564,21648.4377,38.2867,leaves.tier0.normal.r1.reveal,Revealing,0
565,21686.8192,38.3815,leaves.tier0.normal.r1.reveal,Revealing,0
566,21724.2331,37.4139,leaves.tier0.normal.r1.reveal,Revealing,0
567,21758.2022,33.969,leaves.tier0.normal.r1.reveal,Revealing,0
568,21791.1455,32.9433,leaves.tier0.normal.r1.reveal,Revealing,0
569,21824.5833,33.4378,leaves.tier0.normal.r1.reveal,Revealing,0
570,21864.2573,39.6741,leaves.tier0.normal.r1.reveal,Revealing,0
571,21889.8435,25.586,leaves.tier0.normal.r1.reveal,Revealing,0
572,21923.1835,33.3401,leaves.tier0.normal.r1.reveal,Revealing,0
573,21952.2099,29.0264,leaves.tier0.normal.r1.reveal,Revealing,0
574,21984.7956,32.5858,leaves.tier0.normal.r1.reveal,Revealing,0
575,22017.4725,32.6769,leaves.tier0.normal.r1.reveal,Revealing,0
576,22059.434,41.9615,leaves.tier0.normal.r1.reveal,Revealing,0
577,22080.2459,20.8119,leaves.tier0.normal.r1.reveal,Revealing,0
578,22113.0698,32.8239,leaves.tier0.normal.r1.reveal,Revealing,0
579,22145.5339,32.464,leaves.tier0.normal.r1.reveal,Revealing,0
580,22187.5399,42.0061,leaves.tier0.normal.r1.reveal,Revealing,0
581,22206.7061,19.166,leaves.tier0.normal.r1.reveal,Revealing,0
582,22239.4048,32.6987,leaves.tier0.normal.r1.reveal,Revealing,0
583,22268.3601,28.9555,leaves.tier0.normal.r1.reveal,Revealing,0
584,22300.9035,32.5434,leaves.tier0.normal.r1.reveal,Revealing,0
585,22333.8548,32.9513,leaves.tier0.normal.r1.reveal,Revealing,0
586,22364.2084,30.3535,leaves.tier0.normal.r1.reveal,Revealing,0
587,22397.0769,32.8686,leaves.tier0.normal.r1.reveal,Idle,0
588,22442.3625,45.2855,leaves.tier0.normal.r1.settle,Idle,0
589,22480.3598,37.9974,leaves.tier0.normal.r1.settle,Idle,0
590,22488.9346,8.5746,leaves.tier0.normal.r1.settle,Idle,0
591,22513.781,24.8465,leaves.tier0.normal.r1.settle,Idle,0
592,22541.0927,27.3118,leaves.tier0.normal.r1.settle,Idle,0
593,22568.7125,27.6197,leaves.tier0.normal.r1.settle,Idle,0
594,22597.0962,28.3838,leaves.tier0.normal.r1.settle,Idle,0
595,22629.9023,32.8061,leaves.tier0.normal.r1.settle,Idle,0
596,22670.8931,40.9909,leaves.tier0.normal.r1.settle,Idle,0
597,22686.2406,15.3472,leaves.tier0.normal.r1.settle,Idle,0
598,22719.1353,32.8948,leaves.tier0.normal.r1.settle,Idle,0
599,22747.0167,27.8815,leaves.tier0.normal.r1.settle,Idle,0
600,22774.2274,27.2107,leaves.tier0.normal.r1.settle,Idle,0
601,22801.8817,27.6543,leaves.tier0.normal.r1.settle,Idle,0
602,22830.2452,28.3635,leaves.tier0.normal.r1.settle,Idle,0
603,22857.6493,27.404,leaves.tier0.reduced.r1,Covering,0
604,22893.0714,35.4222,leaves.tier0.reduced.r1,Covering,0
605,22916.7751,23.7037,leaves.tier0.reduced.r1,Covering,0
606,22946.6084,29.8333,leaves.tier0.reduced.r1,Covering,0
607,22977.7793,31.1709,leaves.tier0.reduced.r1,Covering,0
608,23001.7823,24.003,leaves.tier0.reduced.r1,CoveredLoading,0
609,23013.5984,11.8159,leaves.tier0.reduced.r1,CoveredLoading,0
610,23032.2061,18.6078,audit.snapshot.leaves.tier0.reduced.r1.covered,CoveredLoading,0
611,23053.2711,21.065,leaves.tier0.reduced.r1.hold,CoveredLoading,0
612,23069.7799,16.5088,leaves.tier0.reduced.r1.hold,CoveredLoading,0
613,23089.7373,19.9575,leaves.tier0.reduced.r1.hold,CoveredLoading,0
614,23099.1017,9.3642,leaves.tier0.reduced.r1.hold,CoveredLoading,0
615,23118.0536,18.9519,leaves.tier0.reduced.r1.hold,CoveredLoading,0
616,23134.6333,16.5799,leaves.tier0.reduced.r1.hold,CoveredLoading,0
617,23151.2767,16.6433,leaves.tier0.reduced.r1.hold,CoveredLoading,0
618,23167.4972,16.2206,leaves.tier0.reduced.r1.hold,CoveredLoading,0
619,23180.6002,13.1029,leaves.tier0.reduced.r1.hold,CoveredLoading,0
620,23201.011,20.4108,leaves.tier0.reduced.r1.hold,CoveredLoading,0
621,23212.2411,11.2301,leaves.tier0.reduced.r1.hold,CoveredLoading,0
622,23236.9155,24.6744,leaves.tier0.reduced.r1.hold,CoveredLoading,0
623,23246.7218,9.8065,leaves.tier0.reduced.r1.hold,CoveredLoading,0
624,23267.2397,20.5178,leaves.tier0.reduced.r1.hold,CoveredLoading,0
625,23285.3034,18.0636,leaves.tier0.reduced.r1.hold,CoveredLoading,0
626,23306.921,21.6177,leaves.tier0.reduced.r1.hold,CoveredLoading,0
627,23315.039,8.118,leaves.tier0.reduced.r1.hold,CoveredLoading,0
628,23334.2714,19.2321,leaves.tier0.reduced.r1.hold,CoveredLoading,0
629,23350.7774,16.5063,leaves.tier0.reduced.r1.hold,CoveredLoading,0
630,23362.2519,11.4745,leaves.tier0.reduced.r1.reveal,Preparing,0
631,23383.6564,21.4045,leaves.tier0.reduced.r1.reveal,Preparing,0
632,23408.6879,25.0315,leaves.tier0.reduced.r1.reveal,Preparing,0
633,23431.6918,23.0036,leaves.tier0.reduced.r1.reveal,Preparing,0
634,23468.2439,36.5524,leaves.tier0.reduced.r1.reveal,Revealing,0
635,23497.2778,29.0339,leaves.tier0.reduced.r1.reveal,Revealing,0
636,23533.4017,36.1238,leaves.tier0.reduced.r1.reveal,Revealing,0
637,23562.3004,28.8988,leaves.tier0.reduced.r1.reveal,Revealing,0
638,23590.9254,28.625,leaves.tier0.reduced.r1.reveal,Revealing,0
639,23618.3156,27.3901,leaves.tier0.reduced.r1.reveal,Revealing,0
640,23650.2977,31.9822,leaves.tier0.reduced.r1.reveal,Idle,0
641,23683.389,33.0914,leaves.tier0.reduced.r1.settle,Idle,0
642,23719.4465,36.0574,leaves.tier0.reduced.r1.settle,Idle,0
643,23742.5466,23.1,leaves.tier0.reduced.r1.settle,Idle,0
644,23769.4632,26.9167,leaves.tier0.reduced.r1.settle,Idle,0
645,23797.1874,27.7242,leaves.tier0.reduced.r1.settle,Idle,0
646,23825.5656,28.3778,leaves.tier0.reduced.r1.settle,Idle,0
647,23852.8331,27.2679,leaves.tier0.reduced.r1.settle,Idle,0
648,23888.3488,35.5156,leaves.tier0.reduced.r1.settle,Idle,0
649,23912.3585,24.0098,leaves.tier0.reduced.r1.settle,Idle,0
650,23963.7365,51.3779,leaves.tier0.reduced.r1.settle,Idle,0
651,23979.7447,16.0083,leaves.tier0.reduced.r1.settle,Idle,0
652,24008.0275,28.2827,leaves.tier0.reduced.r1.settle,Idle,0
653,24034.175,26.1476,leaves.tier0.reduced.r1.settle,Idle,0
654,24050.8984,16.7234,leaves.tier0.reduced.r1.settle,Idle,0
655,24075.6606,24.7619,leaves.tier0.reduced.r1.settle,Idle,0
656,24103.8215,28.1612,leaves.tier0.normal.r2,Covering,0
657,24152.9604,49.1388,leaves.tier0.normal.r2,Covering,0
658,24202.1135,49.1532,leaves.tier0.normal.r2,Covering,0
659,24224.0134,21.8998,leaves.tier0.normal.r2,Covering,0
660,24253.024,29.0107,leaves.tier0.normal.r2,Covering,0
661,24285.9852,32.9612,leaves.tier0.normal.r2,Covering,0
662,24335.3459,49.3606,leaves.tier0.normal.r2,Covering,0
663,24360.0171,24.6712,leaves.tier0.normal.r2,Covering,0
664,24396.934,36.917,leaves.tier0.normal.r2,Covering,0
665,24436.6599,39.7258,leaves.tier0.normal.r2,Covering,0
666,24484.8069,48.1471,leaves.tier0.normal.r2,Covering,0
667,24507.3018,22.4948,leaves.tier0.normal.r2,Covering,0
668,24536.7187,29.4169,leaves.tier0.normal.r2,Covering,0
669,24569.4115,32.6929,leaves.tier0.normal.r2,Covering,0
670,24618.1479,48.7364,leaves.tier0.normal.r2,Covering,0
671,24636.6622,18.5143,leaves.tier0.normal.r2,Covering,0
672,24669.7532,33.091,leaves.tier0.normal.r2,Covering,0
673,24702.1109,32.3577,leaves.tier0.normal.r2,Covering,0
674,24751.2333,49.1224,leaves.tier0.normal.r2,Covering,0
675,24769.8358,18.6025,leaves.tier0.normal.r2,Covering,0
676,24803.1282,33.2924,leaves.tier0.normal.r2,Covering,0
677,24836.6276,33.4993,leaves.tier0.normal.r2,Covering,0
678,24887.4822,50.8546,leaves.tier0.normal.r2,Covering,0
679,24909.2009,21.7187,leaves.tier0.normal.r2,Covering,0
680,24945.0493,35.8485,leaves.tier0.normal.r2,Covering,0
681,24983.9327,38.8833,leaves.tier0.normal.r2,Covering,0
682,25031.4138,47.4811,leaves.tier0.normal.r2,Covering,0
683,25051.8526,20.4389,leaves.tier0.normal.r2,Covering,0
684,25082.9728,31.1201,leaves.tier0.normal.r2,Covering,0
685,25123.8372,40.8645,leaves.tier0.normal.r2,Covering,0
686,25165.5269,41.6897,leaves.tier0.normal.r2,Covering,0
687,25184.2072,18.6801,leaves.tier0.normal.r2,Covering,0
688,25216.893,32.686,leaves.tier0.normal.r2,Covering,0
689,25263.1873,46.2943,leaves.tier0.normal.r2,Covering,0
690,25314.1134,50.9261,leaves.tier0.normal.r2,Covering,0
691,25333.9739,19.8605,leaves.tier0.normal.r2,Covering,0
692,25361.0309,27.057,leaves.tier0.normal.r2,Covering,0
693,25401.118,40.0871,leaves.tier0.normal.r2,Covering,0
694,25448.0221,46.9039,leaves.tier0.normal.r2,Covering,0
695,25467.4099,19.388,leaves.tier0.normal.r2,Covering,0
696,25494.5076,27.0976,leaves.tier0.normal.r2,Covering,0
697,25533.9342,39.4266,leaves.tier0.normal.r2,Covering,0
698,25581.3506,47.4165,leaves.tier0.normal.r2,Covering,0
699,25600.3255,18.9748,leaves.tier0.normal.r2,Covering,0
700,25626.8845,26.5591,leaves.tier0.normal.r2,Covering,0
701,25666.2087,39.3242,leaves.tier0.normal.r2,Covering,0
702,25704.9607,38.7519,leaves.tier0.normal.r2,CoveredLoading,0
703,25742.1773,37.2166,leaves.tier0.normal.r2,CoveredLoading,0
704,25754.2973,12.12,audit.snapshot.leaves.tier0.normal.r2.covered,CoveredLoading,0
705,25774.6201,20.3228,leaves.tier0.normal.r2.hold,CoveredLoading,0
706,25794.0814,19.4614,leaves.tier0.normal.r2.hold,CoveredLoading,0
707,25816.6875,22.606,leaves.tier0.normal.r2.hold,CoveredLoading,0
708,25833.1268,16.4394,leaves.tier0.normal.r2.hold,CoveredLoading,0
709,25853.2283,20.1015,leaves.tier0.normal.r2.hold,CoveredLoading,0
710,25875.1876,21.959,leaves.tier0.normal.r2.hold,CoveredLoading,0
711,25896.9176,21.7303,leaves.tier0.normal.r2.hold,CoveredLoading,0
712,25914.156,17.2385,leaves.tier0.normal.r2.hold,CoveredLoading,0
713,25935.3892,21.233,leaves.tier0.normal.r2.hold,CoveredLoading,0
714,25959.9133,24.5243,leaves.tier0.normal.r2.hold,CoveredLoading,0
715,25983.3096,23.3962,leaves.tier0.normal.r2.hold,CoveredLoading,0
716,26000.0813,16.7717,leaves.tier0.normal.r2.hold,CoveredLoading,0
717,26016.6673,16.586,leaves.tier0.normal.r2.hold,CoveredLoading,0
718,26033.2834,16.6157,leaves.tier0.normal.r2.hold,CoveredLoading,0
719,26050.3179,17.0349,leaves.tier0.normal.r2.hold,CoveredLoading,0
720,26066.6947,16.3767,leaves.tier0.normal.r2.hold,CoveredLoading,0
721,26083.4208,16.7262,leaves.tier0.normal.r2.hold,CoveredLoading,0
722,26100.297,16.8762,leaves.tier0.normal.r2.hold,CoveredLoading,0
723,26123.3452,23.0478,leaves.tier0.normal.r2.hold,CoveredLoading,0
724,26160.2791,36.9342,leaves.tier0.normal.r2.reveal,Preparing,0
725,26182.1723,21.8933,leaves.tier0.normal.r2.reveal,Preparing,0
726,26221.3696,39.1972,leaves.tier0.normal.r2.reveal,Preparing,0
727,26248.6819,27.3124,leaves.tier0.normal.r2.reveal,Preparing,0
728,26304.7671,56.0851,leaves.tier0.normal.r2.reveal,Preparing,0
729,26339.4287,34.6618,leaves.tier0.normal.r2.reveal,Preparing,0
730,26360.4412,21.0124,leaves.tier0.normal.r2.reveal,Preparing,0
731,26401.4034,40.9622,leaves.tier0.normal.r2.reveal,Preparing,0
732,26427.5023,26.0988,leaves.tier0.normal.r2.reveal,Revealing,0
733,26466.7765,39.2743,leaves.tier0.normal.r2.reveal,Revealing,0
734,26493.3825,26.606,leaves.tier0.normal.r2.reveal,Revealing,0
735,26532.4433,39.0608,leaves.tier0.normal.r2.reveal,Revealing,0
736,26578.5524,46.1091,leaves.tier0.normal.r2.reveal,Revealing,0
737,26604.5674,26.0149,leaves.tier0.normal.r2.reveal,Revealing,0
738,26632.6717,28.1044,leaves.tier0.normal.r2.reveal,Revealing,0
739,26671.8241,39.1524,leaves.tier0.normal.r2.reveal,Revealing,0
740,26699.2262,27.4021,leaves.tier0.normal.r2.reveal,Revealing,0
741,26738.5523,39.3261,leaves.tier0.normal.r2.reveal,Revealing,0
742,26765.9631,27.4107,leaves.tier0.normal.r2.reveal,Revealing,0
743,26805.0098,39.0469,leaves.tier0.normal.r2.reveal,Revealing,0
744,26847.5596,42.5496,leaves.tier0.normal.r2.reveal,Revealing,0
745,26872.1005,24.5411,leaves.tier0.normal.r2.reveal,Revealing,0
746,26899.8013,27.7007,leaves.tier0.normal.r2.reveal,Revealing,0
747,26938.5102,38.7089,leaves.tier0.normal.r2.reveal,Revealing,0
748,26985.467,46.9568,leaves.tier0.normal.r2.reveal,Revealing,0
749,27010.6486,25.1815,leaves.tier0.normal.r2.reveal,Revealing,0
750,27050.1577,39.5092,leaves.tier0.normal.r2.reveal,Revealing,0
751,27088.4617,38.3039,leaves.tier0.normal.r2.reveal,Revealing,0
752,27111.0332,22.5715,leaves.tier0.normal.r2.reveal,Revealing,0
753,27148.3924,37.3593,leaves.tier0.normal.r2.reveal,Revealing,0
754,27184.8948,36.5023,leaves.tier0.normal.r2.reveal,Revealing,0
755,27218.411,33.5163,leaves.tier0.normal.r2.reveal,Revealing,0
756,27250.7931,32.3821,leaves.tier0.normal.r2.reveal,Revealing,0
757,27284.2111,33.4179,leaves.tier0.normal.r2.reveal,Revealing,0
758,27320.8848,36.6738,leaves.tier0.normal.r2.reveal,Revealing,0
759,27351.1382,30.2534,leaves.tier0.normal.r2.reveal,Revealing,0
760,27401.3238,50.1856,leaves.tier0.normal.r2.reveal,Revealing,0
761,27423.4249,22.1009,leaves.tier0.normal.r2.reveal,Revealing,0
762,27451.7632,28.3385,leaves.tier0.normal.r2.reveal,Revealing,0
763,27484.4005,32.6372,leaves.tier0.normal.r2.reveal,Revealing,0
764,27534.5821,50.1817,leaves.tier0.normal.r2.reveal,Revealing,0
765,27556.868,22.2859,leaves.tier0.normal.r2.reveal,Revealing,0
766,27584.9144,28.0463,leaves.tier0.normal.r2.reveal,Revealing,0
767,27617.6327,32.7184,leaves.tier0.normal.r2.reveal,Revealing,0
768,27664.5391,46.9064,leaves.tier0.normal.r2.reveal,Revealing,0
769,27680.6103,16.0712,leaves.tier0.normal.r2.reveal,Revealing,0
770,27710.5469,29.9366,leaves.tier0.normal.r2.reveal,Revealing,0
771,27745.0947,34.5478,leaves.tier0.normal.r2.reveal,Revealing,0
772,27787.1645,42.0698,leaves.tier0.normal.r2.reveal,Revealing,0
773,27806.7508,19.5861,leaves.tier0.normal.r2.reveal,Revealing,0
774,27840.422,33.6713,leaves.tier0.normal.r2.reveal,Idle,0
775,27872.3593,31.937,leaves.tier0.normal.r2.settle,Idle,0
776,27913.8291,41.4702,leaves.tier0.normal.r2.settle,Idle,0
777,27924.3005,10.4713,leaves.tier0.normal.r2.settle,Idle,0
778,27952.3068,28.0064,leaves.tier0.normal.r2.settle,Idle,0
779,27988.305,35.9981,leaves.tier0.normal.r2.settle,Idle,0
780,28035.8633,47.5584,leaves.tier0.normal.r2.settle,Idle,0
781,28057.3937,21.5303,leaves.tier0.normal.r2.settle,Idle,0
782,28084.3154,26.9218,leaves.tier0.normal.r2.settle,Idle,0
783,28112.3692,28.0538,leaves.tier0.normal.r2.settle,Idle,0
784,28136.6506,24.2814,leaves.tier0.normal.r2.settle,Idle,0
785,28167.521,30.8703,leaves.tier0.normal.r2.settle,Idle,0
786,28196.3236,28.8027,leaves.tier0.normal.r2.settle,Idle,0
787,28236.3502,40.0265,leaves.tier0.normal.r2.settle,Idle,0
788,28251.8017,15.4516,leaves.tier0.normal.r2.settle,Idle,0
789,28279.691,27.8894,leaves.tier0.normal.r2.settle,Idle,0
790,28307.7199,28.0287,leaves.tier0.reduced.r2,Covering,0
791,28352.7532,45.0333,leaves.tier0.reduced.r2,Covering,0
792,28368.8428,16.0897,leaves.tier0.reduced.r2,Covering,0
793,28410.0859,41.2431,leaves.tier0.reduced.r2,Covering,0
794,28434.4202,24.3342,leaves.tier0.reduced.r2,Covering,0
795,28463.6756,29.2555,leaves.tier0.reduced.r2,CoveredLoading,0
796,28479.7976,16.122,leaves.tier0.reduced.r2,CoveredLoading,0
797,28501.0405,21.2428,audit.snapshot.leaves.tier0.reduced.r2.covered,CoveredLoading,0
798,28517.5822,16.5419,leaves.tier0.reduced.r2.hold,CoveredLoading,0
799,28534.1007,16.5183,leaves.tier0.reduced.r2.hold,CoveredLoading,0
800,28550.4889,16.3883,leaves.tier0.reduced.r2.hold,CoveredLoading,0
801,28567.0309,16.542,leaves.tier0.reduced.r2.hold,CoveredLoading,0
802,28588.455,21.4239,leaves.tier0.reduced.r2.hold,CoveredLoading,0
803,28601.9066,13.4518,leaves.tier0.reduced.r2.hold,CoveredLoading,0
804,28623.4924,21.5857,leaves.tier0.reduced.r2.hold,CoveredLoading,0
805,28633.4911,9.9988,leaves.tier0.reduced.r2.hold,CoveredLoading,0
806,28657.0045,23.5131,leaves.tier0.reduced.r2.hold,CoveredLoading,0
807,28665.4755,8.4713,leaves.tier0.reduced.r2.hold,CoveredLoading,0
808,28684.2394,18.7638,leaves.tier0.reduced.r2.hold,CoveredLoading,0
809,28700.6699,16.4306,leaves.tier0.reduced.r2.hold,CoveredLoading,0
810,28717.3244,16.6541,leaves.tier0.reduced.r2.hold,CoveredLoading,0
811,28739.6145,22.29,leaves.tier0.reduced.r2.hold,CoveredLoading,0
812,28751.466,11.852,leaves.tier0.reduced.r2.hold,CoveredLoading,0
813,28768.5788,17.1129,leaves.tier0.reduced.r2.hold,CoveredLoading,0
814,28785.0847,16.5058,leaves.tier0.reduced.r2.hold,CoveredLoading,0
815,28801.6793,16.5946,leaves.tier0.reduced.r2.hold,CoveredLoading,0
816,28818.3088,16.6294,leaves.tier0.reduced.r2.hold,CoveredLoading,0
817,28837.0652,18.7563,leaves.tier0.reduced.r2.reveal,Preparing,0
818,28857.1392,20.074,leaves.tier0.reduced.r2.reveal,Preparing,0
819,28874.9284,17.7894,leaves.tier0.reduced.r2.reveal,Preparing,0
820,28902.0868,27.1584,leaves.tier0.reduced.r2.reveal,Preparing,0
821,28930.4153,28.3285,leaves.tier0.reduced.r2.reveal,Revealing,0
822,28956.1291,25.7139,leaves.tier0.reduced.r2.reveal,Revealing,0
823,28985.59,29.4608,leaves.tier0.reduced.r2.reveal,Revealing,0
824,29025.1554,39.5652,leaves.tier0.reduced.r2.reveal,Revealing,0
825,29050.8026,25.6472,leaves.tier0.reduced.r2.reveal,Revealing,0
826,29090.29,39.4876,leaves.tier0.reduced.r2.reveal,Revealing,0
827,29133.4354,43.1454,leaves.tier0.reduced.r2.reveal,Idle,0
828,29143.7691,10.3337,leaves.tier0.reduced.r2.settle,Idle,0
829,29181.0462,37.2771,leaves.tier0.reduced.r2.settle,Idle,0
830,29209.2495,28.2032,leaves.tier0.reduced.r2.settle,Idle,0
831,29226.6026,17.3532,leaves.tier0.reduced.r2.settle,Idle,0
832,29245.6018,18.9992,leaves.tier0.reduced.r2.settle,Idle,0
833,29284.5726,38.9708,leaves.tier0.reduced.r2.settle,Idle,0
834,29300.5389,15.9663,leaves.tier0.reduced.r2.settle,Idle,0
835,29318.5585,18.0196,leaves.tier0.reduced.r2.settle,Idle,0
836,29351.1355,32.577,leaves.tier0.reduced.r2.settle,Idle,0
837,29392.7496,41.6141,leaves.tier0.reduced.r2.settle,Idle,0
838,29415.0674,22.3178,leaves.tier0.reduced.r2.settle,Idle,0
839,29434.8581,19.7907,leaves.tier0.reduced.r2.settle,Idle,0
840,29463.2984,28.4403,leaves.tier0.reduced.r2.settle,Idle,0
841,29503.1802,39.8818,leaves.tier0.reduced.r2.settle,Idle,0
842,29535.3511,32.1709,leaves.tier0.reduced.r2.settle,Idle,0
843,29551.7201,16.369,route.tier0.menu-camp,Covering,0
844,29602.3239,50.6038,route.tier0.menu-camp,Covering,0
845,29634.8474,32.5235,route.tier0.menu-camp,Covering,0
846,29676.0308,41.1833,route.tier0.menu-camp,Covering,0
847,29702.1463,26.1156,route.tier0.menu-camp,Covering,0
848,29741.1896,39.0431,route.tier0.menu-camp,Covering,0
849,29787.1363,45.9469,route.tier0.menu-camp,Covering,0
850,29821.4186,34.2822,route.tier0.menu-camp,Covering,0
851,29841.1538,19.7352,route.tier0.menu-camp,Covering,0
852,29880.3543,39.2006,route.tier0.menu-camp,Covering,0
853,29919.8098,39.4555,route.tier0.menu-camp,Covering,0
854,29953.4506,33.6407,route.tier0.menu-camp,Covering,0
855,29979.5165,26.066,route.tier0.menu-camp,Covering,0
856,30007.6831,28.1666,route.tier0.menu-camp,Covering,0
857,30052.1955,44.5124,route.tier0.menu-camp,Covering,0
858,30093.286,41.0905,route.tier0.menu-camp,Covering,0
859,30108.2217,14.9357,route.tier0.menu-camp,Covering,0
860,30140.2461,32.0244,route.tier0.menu-camp,Covering,0
861,30173.5021,33.256,route.tier0.menu-camp,Covering,0
862,30206.301,32.7989,route.tier0.menu-camp,Covering,0
863,30235.675,29.3739,route.tier0.menu-camp,Covering,0
864,30268.3947,32.7198,route.tier0.menu-camp,Covering,0
865,30309.8847,41.49,route.tier0.menu-camp,Covering,0
866,30335.0379,25.1532,route.tier0.menu-camp,Covering,0
867,30374.3814,39.3431,route.tier0.menu-camp,Covering,0
868,30409.1635,34.7824,route.tier0.menu-camp,Covering,0
869,30465.5225,56.3589,route.tier0.menu-camp,Covering,0
870,30484.884,19.3616,route.tier0.menu-camp,Covering,0
871,30512.9937,28.1097,route.tier0.menu-camp,Covering,0
872,30544.0994,31.1057,route.tier0.menu-camp,Covering,0
873,30584.5462,40.4469,route.tier0.menu-camp,Covering,0
874,30631.8557,47.3095,route.tier0.menu-camp,Covering,0
875,30651.6604,19.8048,route.tier0.menu-camp,Covering,0
876,30698.13,46.4695,route.tier0.menu-camp,Covering,0
877,30718.2997,20.1697,route.tier0.menu-camp,Covering,0
878,30767.0427,48.743,route.tier0.menu-camp,Covering,0
879,30793.5043,26.4614,route.tier0.menu-camp,Covering,0
880,30838.3251,44.8209,route.tier0.menu-camp,Covering,0
881,30865.5925,27.2675,route.tier0.menu-camp,Covering,0
882,30904.8437,39.2512,route.tier0.menu-camp,Covering,0
883,30930.2619,25.4181,route.tier0.menu-camp,Covering,0
884,30972.7444,42.4825,route.tier0.menu-camp,Covering,0
885,30999.1775,26.4331,route.tier0.menu-camp,Covering,0
886,31047.4998,48.3224,route.tier0.menu-camp,Covering,0
887,31071.2927,23.793,route.tier0.menu-camp,Covering,0
888,31113.2025,41.9097,route.tier0.menu-camp,Covering,0
889,31137.6412,24.4387,route.tier0.menu-camp,Covering,0
890,31176.573,38.9318,route.tier0.menu-camp,CoveredLoading,0
891,31198.6209,22.0479,route.tier0.menu-camp,CoveredLoading,0
892,31279.8281,81.2072,route.tier0.menu-camp,CoveredLoading,0
893,31373.7148,93.8863,route.tier0.menu-camp,CoveredLoading,0
894,31427.86,54.1456,route.tier0.menu-camp,CoveredLoading,0
895,31523.6063,95.7463,route.tier0.menu-camp,CoveredLoading,0
896,31546.5128,22.9065,route.tier0.menu-camp,CoveredLoading,0
897,31651.3317,104.8188,route.tier0.menu-camp,CoveredLoading,0
898,31683.2555,31.9239,route.tier0.menu-camp,CoveredLoading,0
899,31720.6865,37.431,route.tier0.menu-camp,CoveredLoading,0
900,31768.7117,48.0251,route.tier0.menu-camp,CoveredLoading,0
901,31786.8521,18.1406,route.tier0.menu-camp,CoveredLoading,0
902,31827.2041,40.3519,route.tier0.menu-camp,CoveredLoading,0
903,31906.3521,79.1476,route.tier0.menu-camp,CoveredLoading,0
904,31920.099,13.7474,route.tier0.menu-camp,CoveredLoading,0
905,31959.7433,39.6441,route.tier0.menu-camp,CoveredLoading,0
906,32022.0199,62.2766,route.tier0.menu-camp,CoveredLoading,0
907,32048.4765,26.4567,route.tier0.menu-camp,CoveredLoading,0
908,32088.7015,40.225,route.tier0.menu-camp,CoveredLoading,0
909,32147.0207,58.3192,route.tier0.menu-camp,CoveredLoading,0
910,32161.618,14.5973,route.tier0.menu-camp,CoveredLoading,0
911,32210.0315,48.4135,route.tier0.menu-camp,CoveredLoading,0
912,32277.0443,67.0127,route.tier0.menu-camp,CoveredLoading,0
913,32293.6711,16.6269,route.tier0.menu-camp,Preparing,0
914,32331.7277,38.0565,route.tier0.menu-camp,Preparing,0
915,32369.2569,37.529,route.tier0.menu-camp,Preparing,0
916,32410.3239,41.0673,route.tier0.menu-camp,Preparing,0
917,32458.0648,47.7408,route.tier0.menu-camp,Preparing,0
918,32510.8789,52.8141,route.tier0.menu-camp,Preparing,0
919,32541.727,30.8481,route.tier0.menu-camp,Preparing,0
920,32589.5413,47.8143,route.tier0.menu-camp,Revealing,0
921,32641.5529,52.0117,route.tier0.menu-camp,Revealing,0
922,32676.8514,35.2985,route.tier0.menu-camp,Revealing,0
923,32732.2742,55.4228,route.tier0.menu-camp,Revealing,0
924,32777.9273,45.6531,route.tier0.menu-camp,Revealing,0
925,32810.8762,32.9489,route.tier0.menu-camp,Revealing,0
926,32859.2853,48.4092,route.tier0.menu-camp,Revealing,0
927,32934.0347,74.7492,route.tier0.menu-camp,Revealing,0
928,32948.8139,14.7794,route.tier0.menu-camp,Revealing,0
929,32994.2983,45.4842,route.tier0.menu-camp,Revealing,0
930,33069.9928,75.6946,route.tier0.menu-camp,Revealing,0
931,33093.3187,23.3258,route.tier0.menu-camp,Revealing,0
932,33134.0705,40.7519,route.tier0.menu-camp,Revealing,0
933,33184.2555,50.185,route.tier0.menu-camp,Revealing,0
934,33198.6644,14.4088,route.tier0.menu-camp,Revealing,0
935,33240.7519,42.0876,route.tier0.menu-camp,Revealing,0
936,33297.6968,56.9449,route.tier0.menu-camp,Revealing,0
937,33325.2596,27.5625,route.tier0.menu-camp,Revealing,0
938,33363.6453,38.3859,route.tier0.menu-camp,Revealing,0
939,33420.9076,57.2623,route.tier0.menu-camp,Revealing,0
940,33477.8851,56.9776,route.tier0.menu-camp,Revealing,0
941,33488.2357,10.3506,route.tier0.menu-camp,Revealing,0
942,33552.4543,64.2186,route.tier0.menu-camp,Revealing,0
943,33567.31,14.8556,route.tier0.menu-camp,Revealing,0
944,33602.1593,34.8494,route.tier0.menu-camp,Revealing,0
945,33668.8906,66.7313,route.tier0.menu-camp,Revealing,0
946,33683.5607,14.6701,route.tier0.menu-camp,Revealing,0
947,33718.7125,35.1516,route.tier0.menu-camp,Revealing,0
948,33757.2338,38.5215,route.tier0.menu-camp,Revealing,0
949,33791.5196,34.2856,route.tier0.menu-camp,Revealing,0
950,33828.8136,37.2942,route.tier0.menu-camp,Revealing,0
951,33866.3561,37.5425,route.tier0.menu-camp,Revealing,0
952,33900.6957,34.3394,route.tier0.menu-camp,Revealing,0
953,33935.5899,34.8944,route.tier0.menu-camp,Revealing,0
954,34001.5355,65.9456,route.tier0.menu-camp,Revealing,0
955,34018.6339,17.0984,route.tier0.menu-camp,Idle,0
956,34058.9494,40.3155,audit.snapshot.route.tier0.menu-camp.ready,Idle,0
957,34105.5121,46.5626,audit.snapshot.route.tier0.menu-camp.ready,Idle,0
958,34120.5932,15.0811,audit.snapshot.route.tier0.menu-camp.ready,Idle,0
959,34141.1948,20.6011,audit.snapshot.route.tier0.menu-camp.ready,Idle,0
960,34186.5897,45.3955,audit.snapshot.route.tier0.menu-camp.ready,Idle,0
961,34216.9034,30.3134,audit.snapshot.route.tier0.menu-camp.ready,Idle,0
962,34245.3922,28.489,audit.snapshot.route.tier0.menu-camp.ready,Idle,0
963,34290.1549,44.7554,audit.snapshot.route.tier0.menu-camp.ready,Idle,0
964,34312.7159,22.5684,audit.snapshot.route.tier0.menu-camp.ready,Idle,0
965,34335.5881,22.8722,audit.snapshot.route.tier0.menu-camp.ready,Idle,0
966,34387.8083,52.2202,audit.snapshot.route.tier0.menu-camp.ready,Idle,0
967,34433.6053,45.797,audit.snapshot.route.tier0.menu-camp.ready,Idle,0
968,34445.319,11.7137,audit.snapshot.route.tier0.menu-camp.ready,Idle,0
969,34491.9866,46.6676,audit.snapshot.route.tier0.menu-camp.ready,Idle,0
970,34500.9063,8.9195,audit.snapshot.route.tier0.menu-camp.ready,Idle,0
971,34533.6385,32.7324,audit.snapshot.route.tier0.menu-camp.ready,Idle,0
972,34587.3213,53.6828,audit.snapshot.route.tier0.menu-camp.ready,Idle,0
973,34633.5897,46.2683,audit.snapshot.route.tier0.menu-camp.ready,Idle,0
974,34644.9283,11.3387,audit.snapshot.route.tier0.menu-camp.ready,Idle,0
975,34691.2115,46.2832,audit.snapshot.route.tier0.menu-camp.ready,Idle,0
976,34700.6463,9.4346,audit.snapshot.route.tier0.menu-camp.ready,Idle,0
977,34733.7027,33.0566,audit.snapshot.route.tier0.menu-camp.ready,Idle,0
978,34787.256,53.5532,audit.snapshot.route.tier0.menu-camp.ready,Idle,0
979,34799.7783,12.5224,audit.snapshot.route.tier0.menu-camp.ready,Idle,0
980,34832.774,32.9957,audit.snapshot.route.tier0.menu-camp.ready,Idle,0
981,34887.0665,54.2923,audit.snapshot.route.tier0.menu-camp.ready,Idle,0
982,34932.9748,45.9085,audit.snapshot.route.tier0.menu-camp.ready,Idle,0
983,34943.387,10.4122,audit.snapshot.route.tier0.menu-camp.ready,Idle,0
984,34976.6226,33.2354,audit.snapshot.route.tier0.menu-camp.ready,Idle,0
985,35001.2176,24.5949,audit.snapshot.route.tier0.menu-camp.ready,Idle,0
986,35033.8281,32.6108,camp.summer.tier0.empty,Idle,0
987,35086.8877,53.0595,camp.summer.tier0.empty,Idle,0
988,35100.0246,13.137,camp.summer.tier0.empty,Idle,0
989,35142.4173,42.3927,camp.summer.tier0.empty,Idle,0
990,35192.5932,50.1759,camp.summer.tier0.empty,Idle,0
991,35234.5802,41.9869,camp.summer.tier0.empty,Idle,0
992,35273.8199,39.2398,camp.summer.tier0.empty,Idle,0
993,35282.6984,8.8785,camp.summer.tier0.empty,Idle,0
994,35311.6188,28.9205,camp.summer.tier0.empty,Idle,0
995,35334.4918,22.8729,camp.summer.tier0.empty,Idle,0
996,35387.1347,52.6429,camp.summer.tier0.empty,Idle,0
997,35400.2793,13.1446,camp.summer.tier0.empty,Idle,0
998,35433.9173,33.6379,camp.summer.tier0.empty,Idle,0
999,35487.2967,53.3795,camp.summer.tier0.empty,Idle,0
1000,35533.3331,46.0364,camp.summer.tier0.empty,Idle,0
1001,35562.407,29.0738,camp.summer.tier0.empty,Idle,0
1002,35587.5416,25.1347,camp.summer.tier0.empty,Idle,0
1003,35601.0473,13.5057,camp.summer.tier0.empty,Idle,0
1004,35634.2513,33.2039,camp.summer.tier0.empty,Idle,0
1005,35688.1103,53.8589,camp.summer.tier0.empty,Idle,0
1006,35725.6281,37.5178,camp.summer.tier0.empty,Idle,0
1007,35739.2193,13.5909,camp.summer.tier0.empty,Idle,0
1008,35786.9484,47.7295,camp.summer.tier0.empty,Idle,0
1009,35801.306,14.3577,camp.summer.tier0.empty,Idle,0
1010,35833.9172,32.6112,camp.summer.tier0.empty,Idle,0
1011,35886.5321,52.6149,camp.summer.tier0.empty,Idle,0
1012,35901.3229,14.7908,camp.summer.tier0.empty,Idle,0
1013,35934.1446,32.8215,camp.summer.tier0.empty,Idle,0
1014,35996.8106,62.6661,camp.summer.tier0.empty,Idle,0
1015,36013.6087,16.7981,camp.summer.tier0.empty,Idle,0
1016,36035.0539,21.4453,camp.summer.tier0.empty,Idle,0
1017,36086.9581,51.9042,camp.summer.tier0.empty,Idle,0
1018,36101.1998,14.2417,camp.summer.tier0.empty,Idle,0
1019,36144.4859,43.2861,camp.summer.tier0.empty,Idle,0
1020,36186.5763,42.0904,camp.summer.tier0.empty,Idle,0
1021,36201.2485,14.6722,camp.summer.tier0.empty,Idle,0
1022,36253.5941,52.3456,camp.summer.tier0.empty,Idle,0
1023,36286.0114,32.4173,camp.summer.tier0.empty,Idle,0
1024,36301.0258,15.0144,camp.summer.tier0.empty,Idle,0
1025,36333.8291,32.8033,camp.summer.tier0.empty,Idle,0
1026,36386.0704,52.2413,camp.summer.tier0.empty,Idle,0
1027,36433.8838,47.8134,camp.summer.tier0.empty,Idle,0
1028,36444.2042,10.3205,camp.summer.tier0.empty,Idle,0
1029,36487.9872,43.7828,camp.summer.tier0.empty,Idle,0
1030,36508.2951,20.308,camp.summer.tier0.empty,Idle,0
1031,36533.7479,25.4528,camp.summer.tier0.empty,Idle,0
1032,36586.0798,52.3317,camp.summer.tier0.empty,Idle,0
1033,36620.5197,34.4401,camp.summer.tier0.empty,Idle,0
1034,36633.3961,12.8765,camp.summer.tier0.empty,Idle,0
1035,36685.7553,52.3591,camp.summer.tier0.empty,Idle,0
1036,36709.7871,24.0318,camp.summer.tier0.empty,Idle,0
1037,36733.6013,23.8142,camp.summer.tier0.empty,Idle,0
1038,36786.2099,52.6086,camp.summer.tier0.empty,Idle,0
1039,36820.0216,33.8117,camp.summer.tier0.empty,Idle,0
1040,36833.1882,13.1667,camp.summer.tier0.empty,Idle,0
1041,36885.7431,52.5548,camp.summer.tier0.empty,Idle,0
1042,36907.9334,22.1904,camp.summer.tier0.empty,Idle,0
1043,36933.5819,25.6484,camp.summer.tier0.empty,Idle,0
1044,36985.881,52.2991,camp.summer.tier0.empty,Idle,0
1045,37020.4029,34.5219,camp.summer.tier0.empty,Idle,0
1046,37066.7573,46.3543,camp.summer.tier0.empty,Idle,0
1047,37098.4848,31.7276,camp.summer.tier0.empty,Idle,0
1048,37108.1141,9.629,camp.summer.tier0.empty,Idle,0
1049,37134.7967,26.6828,camp.summer.tier0.empty,Idle,0
1050,37187.4759,52.6792,camp.summer.tier0.empty,Idle,0
1051,37201.2356,13.7598,camp.summer.tier0.empty,Idle,0
1052,37233.9281,32.6925,camp.summer.tier0.empty,Idle,0
1053,37286.1074,52.1793,camp.summer.tier0.empty,Idle,0
1054,37300.8939,14.7865,camp.summer.tier0.empty,Idle,0
1055,37333.7576,32.8637,camp.summer.tier0.empty,Idle,0
1056,37391.9938,58.236,camp.summer.tier0.empty,Idle,0
1057,37433.6068,41.6132,camp.summer.tier0.empty,Idle,0
1058,37444.9929,11.386,camp.summer.tier0.empty,Idle,0
1059,37487.5015,42.5087,camp.summer.tier0.empty,Idle,0
1060,37501.8695,14.368,camp.summer.tier0.empty,Idle,0
1061,37534.5595,32.69,camp.summer.tier0.empty,Idle,0
1062,37586.8798,52.3204,camp.summer.tier0.empty,Idle,0
1063,37601.1047,14.2247,camp.summer.tier0.empty,Idle,0
1064,37634.1661,33.0616,camp.summer.tier0.empty,Idle,0
1065,37686.3895,52.2232,camp.summer.tier0.empty,Idle,0
1066,37701.1568,14.7674,camp.summer.tier0.empty,Idle,0
1067,37733.9375,32.7805,camp.summer.tier0.empty,Idle,0
1068,37795.6462,61.7089,camp.summer.tier0.empty,Idle,0
1069,37834.6013,38.9551,camp.summer.tier0.empty,Idle,0
1070,37846.25,11.6486,camp.summer.tier0.empty,Idle,0
1071,37885.811,39.5611,camp.summer.tier0.empty,Idle,0
1072,37907.8412,22.0302,camp.summer.tier0.empty,Idle,0
1073,37940.5058,32.6645,camp.summer.tier0.empty,Idle,0
1074,37993.0622,52.5566,camp.summer.tier0.empty,Idle,0
1075,38027.3408,34.2785,camp.summer.tier0.empty,Idle,0
1076,38067.7596,40.4188,camp.summer.tier0.empty,Idle,0
1077,38084.8412,17.0816,camp.summer.tier0.empty,Idle,0
1078,38120.3069,35.4656,camp.summer.tier0.empty,Idle,0
1079,38151.2576,30.9508,camp.summer.tier0.empty,Idle,0
1080,38203.841,52.5834,camp.summer.tier0.empty,Idle,0
1081,38217.9169,14.0759,camp.summer.tier0.empty,Idle,0
1082,38251.3565,33.4396,camp.summer.tier0.empty,Idle,0
1083,38303.6379,52.2814,camp.summer.tier0.empty,Idle,0
1084,38316.4364,12.7985,camp.summer.tier0.empty,Idle,0
1085,38349.416,32.9796,camp.summer.tier0.empty,Idle,0
1086,38403.6113,54.1949,camp.summer.tier0.empty,Idle,0
1087,38416.8445,13.2336,camp.summer.tier0.empty,Idle,0
1088,38449.9677,33.1232,camp.summer.tier0.empty,Idle,0
1089,38502.7723,52.8047,camp.summer.tier0.empty,Idle,0
1090,38516.0009,13.2284,camp.summer.tier0.empty,Idle,0
1091,38549.1439,33.1431,camp.summer.tier0.empty,Idle,0
1092,38603.1597,54.0158,camp.summer.tier0.empty,Idle,0
1093,38650.0472,46.8875,camp.summer.tier0.empty,Idle,0
1094,38659.9512,9.8925,camp.summer.tier0.empty,Idle,0
1095,38707.9862,48.0465,camp.summer.tier0.empty,Idle,0
1096,38750.0903,42.1041,camp.summer.tier0.empty,Idle,0
1097,38759.776,9.6856,camp.summer.tier0.empty,Idle,0
1098,38803.9837,44.2075,camp.summer.tier0.empty,Idle,0
1099,38817.4057,13.4223,camp.summer.tier0.empty,Idle,0
1100,38850.4125,33.0068,camp.summer.tier0.empty,Idle,0
1101,38883.4303,33.0178,camp.summer.tier0.empty,Idle,0
1102,38915.9649,32.5346,camp.summer.tier0.empty,Idle,0
1103,38946.4959,30.531,camp.summer.tier0.empty,Idle,0
1104,39003.8745,57.3785,camp.summer.tier0.empty,Idle,0
1105,39016.9862,13.1118,camp.summer.tier0.empty,Idle,0
1106,39103.1457,86.1595,audit.snapshot.camp.summer.tier0.empty,Idle,0
1107,39133.7623,30.6166,audit.snapshot.camp.summer.tier0.empty,Idle,0
1108,39171.5563,37.794,audit.snapshot.camp.summer.tier0.empty,Idle,0
1109,39200.4831,28.9267,audit.snapshot.camp.summer.tier0.empty,Idle,0
1110,39253.1887,52.7057,audit.snapshot.camp.summer.tier0.empty,Idle,0
1111,39267.0863,13.8976,audit.snapshot.camp.summer.tier0.empty,Idle,0
1112,39305.3507,38.2645,audit.snapshot.camp.summer.tier0.empty,Idle,0
1113,39333.8719,28.5211,audit.snapshot.camp.summer.tier0.empty,Idle,0
1114,39367.0941,33.2221,audit.snapshot.camp.summer.tier0.empty,Idle,0
1115,39405.1617,38.0676,audit.snapshot.camp.summer.tier0.empty,Idle,0
1116,39438.6543,33.4926,audit.snapshot.camp.summer.tier0.empty,Idle,0
1117,39467.4016,28.7474,audit.snapshot.camp.summer.tier0.empty,Idle,0
1118,39500.8345,33.4329,audit.snapshot.camp.summer.tier0.empty,Idle,0
1119,39533.6788,32.8443,audit.snapshot.camp.summer.tier0.empty,Idle,0
1120,39572.4377,38.7584,audit.snapshot.camp.summer.tier0.empty,Idle,0
1121,39606.2487,33.8113,audit.snapshot.camp.summer.tier0.empty,Idle,0
1122,39633.557,27.3085,audit.snapshot.camp.summer.tier0.empty,Idle,0
1123,39667.2565,33.6995,audit.snapshot.camp.summer.tier0.empty,Idle,0
1124,39705.0406,37.784,audit.snapshot.camp.summer.tier0.empty,Idle,0
1125,39738.4234,33.3828,audit.snapshot.camp.summer.tier0.empty,Idle,0
1126,39766.8506,28.4273,audit.snapshot.camp.summer.tier0.empty,Idle,0
1127,39802.8969,36.0463,audit.snapshot.camp.summer.tier0.empty,Idle,0
1128,39843.9394,41.0425,audit.snapshot.camp.summer.tier0.empty,Idle,0
1129,39878.7136,34.7742,audit.snapshot.camp.summer.tier0.empty,Idle,0
1130,39912.2915,33.578,audit.snapshot.camp.summer.tier0.empty,Idle,0
1131,39934.1915,21.8999,audit.snapshot.camp.summer.tier0.empty,Idle,0
1132,39967.4608,33.2693,audit.snapshot.camp.summer.tier0.empty,Idle,0
1133,40006.15,38.6887,audit.snapshot.camp.summer.tier0.empty,Idle,0
1134,40034.0012,27.8517,audit.snapshot.camp.summer.tier0.empty,Idle,0
1135,40067.0618,33.0606,audit.snapshot.camp.summer.tier0.empty,Idle,0
1136,40105.4231,38.3611,camp.summer.tier0.solved,Idle,0
1137,40138.674,33.251,camp.summer.tier0.solved,Idle,0
1138,40167.3538,28.6799,camp.summer.tier0.solved,Idle,0
1139,40200.4774,33.1236,camp.summer.tier0.solved,Idle,0
1140,40243.9896,43.5122,camp.summer.tier0.solved,Idle,0
1141,40282.0945,38.1049,camp.summer.tier0.solved,Idle,0
1142,40320.2766,38.1821,camp.summer.tier0.solved,Idle,0
1143,40350.5846,30.3079,camp.summer.tier0.solved,Idle,0
1144,40383.5863,33.0019,camp.summer.tier0.solved,Idle,0
1145,40437.1218,53.5352,camp.summer.tier0.solved,Idle,0
1146,40483.8547,46.7331,camp.summer.tier0.solved,Idle,0
1147,40494.6303,10.7756,camp.summer.tier0.solved,Idle,0
1148,40518.6582,24.0279,camp.summer.tier0.solved,Idle,0
1149,40565.056,46.3977,camp.summer.tier0.solved,Idle,0
1150,40585.3409,20.285,camp.summer.tier0.solved,Idle,0
1151,40646.2456,60.9047,camp.summer.tier0.solved,Idle,0
1152,40656.3723,10.1267,camp.summer.tier0.solved,Idle,0
1153,40685.0793,28.707,camp.summer.tier0.solved,Idle,0
1154,40726.8343,41.755,camp.summer.tier0.solved,Idle,0
1155,40760.6494,33.8151,camp.summer.tier0.solved,Idle,0
1156,40784.5821,23.9327,camp.summer.tier0.solved,Idle,0
1157,40818.1929,33.6107,camp.summer.tier0.solved,Idle,0
1158,40851.2076,33.0148,camp.summer.tier0.solved,Idle,0
1159,40884.3196,33.1119,camp.summer.tier0.solved,Idle,0
1160,40927.254,42.9344,camp.summer.tier0.solved,Idle,0
1161,40950.5606,23.3065,camp.summer.tier0.solved,Idle,0
1162,40984.1119,33.5515,camp.summer.tier0.solved,Idle,0
1163,41017.1469,33.0348,camp.summer.tier0.solved,Idle,0
1164,41051.3461,34.1991,camp.summer.tier0.solved,Idle,0
1165,41084.5042,33.1584,camp.summer.tier0.solved,Idle,0
1166,41126.728,42.2235,camp.summer.tier0.solved,Idle,0
1167,41162.2896,35.5619,camp.summer.tier0.solved,Idle,0
1168,41184.0091,21.7195,camp.summer.tier0.solved,Idle,0
1169,41237.675,53.6658,camp.summer.tier0.solved,Idle,0
1170,41283.7428,46.0679,camp.summer.tier0.solved,Idle,0
1171,41296.1148,12.372,camp.summer.tier0.solved,Idle,0
1172,41319.0516,22.9368,camp.summer.tier0.solved,Idle,0
1173,41364.3141,45.2625,camp.summer.tier0.solved,Idle,0
1174,41385.098,20.7839,camp.summer.tier0.solved,Idle,0
1175,41418.3516,33.2536,camp.summer.tier0.solved,Idle,0
1176,41475.0788,56.7272,camp.summer.tier0.solved,Idle,0
1177,41494.3415,19.2627,camp.summer.tier0.solved,Idle,0
1178,41517.7079,23.3664,camp.summer.tier0.solved,Idle,0
1179,41550.8826,33.1746,camp.summer.tier0.solved,Idle,0
1180,41584.216,33.3335,camp.summer.tier0.solved,Idle,0
1181,41617.724,33.508,camp.summer.tier0.solved,Idle,0
1182,41651.1616,33.4376,camp.summer.tier0.solved,Idle,0
1183,41691.6168,40.4552,camp.summer.tier0.solved,Idle,0
1184,41717.2928,25.6759,camp.summer.tier0.solved,Idle,0
1185,41748.6226,31.3299,camp.summer.tier0.solved,Idle,0
1186,41778.8622,30.2396,camp.summer.tier0.solved,Idle,0
1187,41812.4826,33.6204,camp.summer.tier0.solved,Idle,0
1188,41853.6477,41.1651,camp.summer.tier0.solved,Idle,0
1189,41883.6429,29.995,camp.summer.tier0.solved,Idle,0
1190,41917.0248,33.3821,camp.summer.tier0.solved,Idle,0
1191,41950.4889,33.4641,camp.summer.tier0.solved,Idle,0
1192,41984.1807,33.6918,camp.summer.tier0.solved,Idle,0
1193,42022.3592,38.1784,camp.summer.tier0.solved,Idle,0
1194,42050.4412,28.082,camp.summer.tier0.solved,Idle,0
1195,42083.819,33.3779,camp.summer.tier0.solved,Idle,0
1196,42137.1905,53.3715,camp.summer.tier0.solved,Idle,0
1197,42150.6828,13.4923,camp.summer.tier0.solved,Idle,0
1198,42184.2097,33.5268,camp.summer.tier0.solved,Idle,0
1199,42217.4656,33.256,camp.summer.tier0.solved,Idle,0
1200,42263.8747,46.4091,camp.summer.tier0.solved,Idle,0
1201,42284.2228,20.3482,camp.summer.tier0.solved,Idle,0
1202,42317.6869,33.4639,camp.summer.tier0.solved,Idle,0
1203,42350.6121,32.9252,camp.summer.tier0.solved,Idle,0
1204,42389.0808,38.4687,camp.summer.tier0.solved,Idle,0
1205,42436.4518,47.3711,camp.summer.tier0.solved,Idle,0
1206,42451.0545,14.6027,camp.summer.tier0.solved,Idle,0
1207,42484.6513,33.5969,camp.summer.tier0.solved,Idle,0
1208,42534.2865,49.6351,camp.summer.tier0.solved,Idle,0
1209,42552.1667,17.8802,camp.summer.tier0.solved,Idle,0
1210,42585.214,33.0473,camp.summer.tier0.solved,Idle,0
1211,42618.5246,33.3106,camp.summer.tier0.solved,Idle,0
1212,42664.638,46.1134,camp.summer.tier0.solved,Idle,0
1213,42685.077,20.439,camp.summer.tier0.solved,Idle,0
1214,42742.9643,57.8873,camp.summer.tier0.solved,Idle,0
1215,42784.881,41.9167,camp.summer.tier0.solved,Idle,0
1216,42796.4315,11.5505,camp.summer.tier0.solved,Idle,0
1217,42835.1951,38.7636,camp.summer.tier0.solved,Idle,0
1218,42862.8345,27.6394,camp.summer.tier0.solved,Idle,0
1219,42895.8383,33.0037,camp.summer.tier0.solved,Idle,0
1220,42951.5859,55.7478,camp.summer.tier0.solved,Idle,0
1221,42972.2786,20.6926,camp.summer.tier0.solved,Idle,0
1222,43000.3309,28.0523,camp.summer.tier0.solved,Idle,0
1223,43033.2059,32.8749,camp.summer.tier0.solved,Idle,0
1224,43066.6821,33.4763,camp.summer.tier0.solved,Idle,0
1225,43105.1861,38.5039,camp.summer.tier0.solved,Idle,0
1226,43153.3437,48.1577,camp.summer.tier0.solved,Idle,0
1227,43167.6207,14.277,camp.summer.tier0.solved,Idle,0
1228,43200.8528,33.2321,camp.summer.tier0.solved,Idle,0
1229,43243.636,42.7831,camp.summer.tier0.solved,Idle,0
1230,43267.0441,23.4081,camp.summer.tier0.solved,Idle,0
1231,43300.4061,33.3621,camp.summer.tier0.solved,Idle,0
1232,43353.4448,53.0387,camp.summer.tier0.solved,Idle,0
1233,43378.2962,24.8515,camp.summer.tier0.solved,Idle,0
1234,43400.5628,22.2664,camp.summer.tier0.solved,Idle,0
1235,43447.7703,47.2076,camp.summer.tier0.solved,Idle,0
1236,43467.2404,19.4701,camp.summer.tier0.solved,Idle,0
1237,43509.0548,41.8143,camp.summer.tier0.solved,Idle,0
1238,43559.1446,50.0899,camp.summer.tier0.solved,Idle,0
1239,43569.2393,10.0947,camp.summer.tier0.solved,Idle,0
1240,43601.3145,32.0752,camp.summer.tier0.solved,Idle,0
1241,43645.0919,43.7774,camp.summer.tier0.solved,Idle,0
1242,43667.7879,22.696,camp.summer.tier0.solved,Idle,0
1243,43700.8912,33.1032,camp.summer.tier0.solved,Idle,0
1244,43754.3708,53.4796,camp.summer.tier0.solved,Idle,0
1245,43777.2021,22.8314,camp.summer.tier0.solved,Idle,0
1246,43801.055,23.8528,camp.summer.tier0.solved,Idle,0
1247,43853.5237,52.4688,camp.summer.tier0.solved,Idle,0
1248,43867.5647,14.041,camp.summer.tier0.solved,Idle,0
1249,43910.2109,42.6462,camp.summer.tier0.solved,Idle,0
1250,43953.3614,43.1505,camp.summer.tier0.solved,Idle,0
1251,44000.6308,47.2694,camp.summer.tier0.solved,Idle,0
1252,44012.1184,11.4875,camp.summer.tier0.solved,Idle,0
1253,44059.5768,47.4585,camp.summer.tier0.solved,Idle,0
1254,44073.3764,13.7995,camp.summer.tier0.solved,Idle,0
1255,44114.6148,41.2385,camp.summer.tier0.solved,Idle,0
1256,44160.4878,45.8729,route.tier0.camp-menu,Covering,0
1257,44210.4646,49.9769,route.tier0.camp-menu,Covering,0
1258,44240.4427,29.9781,route.tier0.camp-menu,Covering,0
1259,44301.4739,61.0312,route.tier0.camp-menu,Covering,0
1260,44325.7875,24.3136,route.tier0.camp-menu,Covering,0
1261,44371.7322,45.9446,route.tier0.camp-menu,Covering,0
1262,44407.1708,35.4386,route.tier0.camp-menu,Covering,0
1263,44443.9082,36.7375,route.tier0.camp-menu,Covering,0
1264,44489.3395,45.4313,route.tier0.camp-menu,Covering,0
1265,44547.406,58.0665,route.tier0.camp-menu,Covering,0
1266,44562.0581,14.6521,route.tier0.camp-menu,Covering,0
1267,44604.9254,42.8672,route.tier0.camp-menu,Covering,0
1268,44644.4616,39.5363,route.tier0.camp-menu,Covering,0
1269,44674.0839,29.6222,route.tier0.camp-menu,Covering,0
1270,44734.765,60.6812,route.tier0.camp-menu,Covering,0
1271,44749.7875,15.0225,route.tier0.camp-menu,Covering,0
1272,44785.535,35.7474,route.tier0.camp-menu,Covering,0
1273,44823.9782,38.443,route.tier0.camp-menu,Covering,0
1274,44869.9229,45.945,route.tier0.camp-menu,Covering,0
1275,44903.5069,33.584,route.tier0.camp-menu,Covering,0
1276,44943.4545,39.9476,route.tier0.camp-menu,Covering,0
1277,45000.4227,56.9682,route.tier0.camp-menu,Covering,0
1278,45037.4686,37.0458,route.tier0.camp-menu,Covering,0
1279,45074.3068,36.8383,route.tier0.camp-menu,Covering,0
1280,45125.4373,51.1304,route.tier0.camp-menu,Covering,0
1281,45144.8378,19.4005,route.tier0.camp-menu,Covering,0
1282,45178.0169,33.1791,route.tier0.camp-menu,Covering,0
1283,45230.8644,52.8476,route.tier0.camp-menu,Covering,0
1284,45264.5483,33.6839,route.tier0.camp-menu,Covering,0
1285,45303.5653,39.017,route.tier0.camp-menu,Covering,0
1286,45357.6617,54.0964,route.tier0.camp-menu,Covering,0
1287,45394.2102,36.5485,route.tier0.camp-menu,Covering,0
1288,45442.921,48.7107,route.tier0.camp-menu,Covering,0
1289,45497.4348,54.5138,route.tier0.camp-menu,Covering,0
1290,45527.5577,30.1229,route.tier0.camp-menu,Covering,0
1291,45576.6555,49.0978,route.tier0.camp-menu,Covering,0
1292,45637.3589,60.7035,route.tier0.camp-menu,Covering,0
1293,45676.4624,39.1035,route.tier0.camp-menu,Covering,0
1294,45723.0261,46.5636,route.tier0.camp-menu,Covering,0
1295,45766.7638,43.7378,route.tier0.camp-menu,CoveredLoading,0
1296,45793.182,26.4181,route.tier0.camp-menu,CoveredLoading,0
1297,45892.0584,98.8763,route.tier0.camp-menu,CoveredLoading,0
1298,46063.0545,170.9959,route.tier0.camp-menu,CoveredLoading,0
1299,46083.1048,20.0506,route.tier0.camp-menu,CoveredLoading,0
1300,46130.6637,47.559,route.tier0.camp-menu,CoveredLoading,0
1301,46148.4575,17.7938,route.tier0.camp-menu,CoveredLoading,0
1302,46209.589,61.1315,route.tier0.camp-menu,CoveredLoading,0
1303,46321.7789,112.1897,route.tier0.camp-menu,CoveredLoading,0
1304,46347.1148,25.3361,route.tier0.camp-menu,CoveredLoading,0
1305,46378.0766,30.9617,route.tier0.camp-menu,CoveredLoading,0
1306,46415.7001,37.6236,route.tier0.camp-menu,CoveredLoading,0
1307,46454.8484,39.1483,route.tier0.camp-menu,CoveredLoading,0
1308,46520.2617,65.4129,route.tier0.camp-menu,CoveredLoading,0
1309,46553.8207,33.5594,route.tier0.camp-menu,CoveredLoading,0
1310,46587.4638,33.6431,route.tier0.camp-menu,CoveredLoading,0
1311,46626.4813,39.0174,route.tier0.camp-menu,Preparing,0
1312,46661.2155,34.7342,route.tier0.camp-menu,Preparing,0
1313,46715.3116,54.0962,route.tier0.camp-menu,Preparing,0
1314,46731.8083,16.4967,route.tier0.camp-menu,Preparing,0
1315,46785.5611,53.7527,route.tier0.camp-menu,Preparing,0
1316,46812.7456,27.1846,route.tier0.camp-menu,Preparing,0
1317,46855.786,43.0402,route.tier0.camp-menu,Preparing,0
1318,46891.7571,35.9713,route.tier0.camp-menu,Revealing,0
1319,46932.3484,40.5912,route.tier0.camp-menu,Revealing,0
1320,46971.8061,39.4578,route.tier0.camp-menu,Revealing,0
1321,47000.5386,28.7325,route.tier0.camp-menu,Revealing,0
1322,47045.3238,44.7852,route.tier0.camp-menu,Revealing,0
1323,47071.3128,25.989,route.tier0.camp-menu,Revealing,0
1324,47118.5493,47.2364,route.tier0.camp-menu,Revealing,0
1325,47143.9313,25.3821,route.tier0.camp-menu,Revealing,0
1326,47182.6021,38.6708,route.tier0.camp-menu,Revealing,0
1327,47222.6317,40.0296,route.tier0.camp-menu,Revealing,0
1328,47249.4748,26.8431,route.tier0.camp-menu,Revealing,0
1329,47289.1265,39.6517,route.tier0.camp-menu,Revealing,0
1330,47316.4423,27.3158,route.tier0.camp-menu,Revealing,0
1331,47343.6715,27.2291,route.tier0.camp-menu,Revealing,0
1332,47393.4171,49.7457,route.tier0.camp-menu,Revealing,0
1333,47431.0463,37.6292,route.tier0.camp-menu,Revealing,0
1334,47450.3637,19.3173,route.tier0.camp-menu,Revealing,0
1335,47477.2152,26.8514,route.tier0.camp-menu,Revealing,0
1336,47516.1328,38.9178,route.tier0.camp-menu,Revealing,0
1337,47554.8209,38.688,route.tier0.camp-menu,Revealing,0
1338,47576.8253,22.0045,route.tier0.camp-menu,Revealing,0
1339,47613.8155,36.9902,route.tier0.camp-menu,Revealing,0
1340,47647.4988,33.6833,route.tier0.camp-menu,Revealing,0
1341,47698.7578,51.2588,route.tier0.camp-menu,Revealing,0
1342,47730.8865,32.1289,route.tier0.camp-menu,Revealing,0
1343,47747.6077,16.7212,route.tier0.camp-menu,Revealing,0
1344,47786.5893,38.9816,route.tier0.camp-menu,Revealing,0
1345,47817.6699,31.0806,route.tier0.camp-menu,Revealing,0
1346,47850.8774,33.2075,route.tier0.camp-menu,Revealing,0
1347,47883.9282,33.0508,route.tier0.camp-menu,Revealing,0
1348,47913.3835,29.4553,route.tier0.camp-menu,Revealing,0
1349,47946.1574,32.7738,route.tier0.camp-menu,Revealing,0
1350,47974.356,28.1986,route.tier0.camp-menu,Revealing,0
1351,48007.3693,33.0134,route.tier0.camp-menu,Revealing,0
1352,48040.3196,32.9502,route.tier0.camp-menu,Revealing,0
1353,48068.5562,28.2367,route.tier0.camp-menu,Revealing,0
1354,48100.8547,32.2984,route.tier0.camp-menu,Revealing,0
1355,48133.7223,32.8676,route.tier0.camp-menu,Revealing,0
1356,48163.5093,29.7869,route.tier0.camp-menu,Revealing,0
1357,48196.0949,32.5856,route.tier0.camp-menu,Revealing,0
1358,48224.3435,28.2487,route.tier0.camp-menu,Revealing,0
1359,48257.4896,33.1462,route.tier0.camp-menu,Revealing,0
1360,48299.1771,41.6875,route.tier0.camp-menu,Idle,0
1361,48320.1981,21.0208,audit.snapshot.route.tier0.camp-menu.ready,Idle,0
1362,48346.4489,26.251,audit.snapshot.route.tier0.camp-menu.ready,Idle,0
1363,48373.5301,27.0809,audit.snapshot.route.tier0.camp-menu.ready,Idle,0
1364,48400.9631,27.4332,audit.snapshot.route.tier0.camp-menu.ready,Idle,0
1365,48428.8369,27.8739,audit.snapshot.route.tier0.camp-menu.ready,Idle,0
1366,48456.5884,27.7515,audit.snapshot.route.tier0.camp-menu.ready,Idle,0
1367,48484.339,27.7506,audit.snapshot.route.tier0.camp-menu.ready,Idle,0
1368,48512.7774,28.4384,audit.snapshot.route.tier0.camp-menu.ready,Idle,0
1369,48536.2043,23.4268,audit.snapshot.route.tier0.camp-menu.ready,Idle,0
1370,48570.9883,34.7841,audit.snapshot.route.tier0.camp-menu.ready,Idle,0
1371,48591.5029,20.5146,audit.snapshot.route.tier0.camp-menu.ready,Idle,0
1372,48618.5065,27.0036,audit.snapshot.route.tier0.camp-menu.ready,Idle,0
1373,48646.5327,28.0262,audit.snapshot.route.tier0.camp-menu.ready,Idle,0
1374,48674.4569,27.9241,audit.snapshot.route.tier0.camp-menu.ready,Idle,0
1375,48701.082,26.6251,audit.snapshot.route.tier0.camp-menu.ready,Idle,0
1376,48729.1282,28.0463,audit.snapshot.route.tier0.camp-menu.ready,Idle,0
1377,48756.5079,27.3796,audit.snapshot.route.tier0.camp-menu.ready,Idle,0
1378,48792.6706,36.1626,audit.snapshot.route.tier0.camp-menu.ready,Idle,0
1379,48812.4084,19.738,audit.snapshot.route.tier0.camp-menu.ready,Idle,0
1380,48853.4964,41.088,audit.snapshot.route.tier0.camp-menu.ready,Idle,0
1381,48895.678,42.1815,audit.snapshot.route.tier0.camp-menu.ready,Idle,0
1382,48904.3773,8.6994,audit.snapshot.route.tier0.camp-menu.ready,Idle,0
1383,48929.4154,25.0381,audit.snapshot.route.tier0.camp-menu.ready,Idle,0
1384,48956.6186,27.2032,audit.snapshot.route.tier0.camp-menu.ready,Idle,0
1385,48983.9725,27.3539,audit.snapshot.route.tier0.camp-menu.ready,Idle,0
1386,49012.5819,28.6095,audit.snapshot.route.tier0.camp-menu.ready,Idle,0
1387,49036.604,24.022,audit.snapshot.route.tier0.camp-menu.ready,Idle,0
1388,49067.5608,30.9568,audit.snapshot.route.tier0.camp-menu.ready,Idle,0
1389,49095.8271,28.2664,audit.snapshot.route.tier0.camp-menu.ready,Idle,0
1390,49123.4062,27.5787,audit.snapshot.route.tier0.camp-menu.ready,Idle,0
1391,49185.1943,61.7882,audit.snapshot.route.tier0.camp-menu.ready,Idle,1
1392,49199.3034,14.1093,audit.snapshot.route.tier0.camp-menu.ready,Idle,1
1393,49232.7529,33.4495,audit.snapshot.route.tier0.camp-menu.ready,Idle,1
1394,49263.2655,30.5125,audit.snapshot.route.tier0.camp-menu.ready,Idle,1
1395,49296.9049,33.6395,audit.snapshot.route.tier0.camp-menu.ready,Idle,1
1396,49330.0563,33.1513,audit.snapshot.route.tier0.camp-menu.ready,Idle,1
1397,49371.6232,41.567,audit.snapshot.route.tier0.camp-menu.ready,Idle,1
1398,49396.8526,25.2294,audit.snapshot.route.tier0.camp-menu.ready,Idle,1
1399,49429.668,32.8154,audit.snapshot.route.tier0.camp-menu.ready,Idle,1
1400,49462.8917,33.2236,audit.snapshot.route.tier0.camp-menu.ready,Idle,1
1401,49492.139,29.2473,audit.snapshot.route.tier0.camp-menu.ready,Idle,1
1402,49524.6071,32.4681,audit.snapshot.route.tier0.camp-menu.ready,Idle,1
1403,49556.9969,32.3898,audit.snapshot.route.tier0.camp-menu.ready,Idle,1
1404,49590.237,33.2399,audit.snapshot.route.tier0.camp-menu.ready,Idle,1
1405,49623.0325,32.7956,audit.snapshot.route.tier0.camp-menu.ready,Idle,1
1406,49670.1161,47.0839,audit.snapshot.route.tier0.camp-menu.ready,Idle,1
1407,49685.2623,15.1461,audit.snapshot.route.tier0.camp-menu.ready,Idle,1
1408,49718.5314,33.269,audit.snapshot.route.tier0.camp-menu.ready,Idle,1
1409,49751.3767,32.8452,audit.snapshot.route.tier0.camp-menu.ready,Idle,1
1410,49780.6306,29.254,audit.snapshot.route.tier0.camp-menu.ready,Idle,1
1411,49813.168,32.5375,audit.snapshot.route.tier0.camp-menu.ready,Idle,1
1412,49861.5252,48.3572,audit.snapshot.route.tier0.camp-menu.ready,Idle,1
1413,49878.9636,17.4384,audit.snapshot.route.tier0.camp-menu.ready,Idle,1
1414,49908.0593,29.0956,audit.snapshot.route.tier0.camp-menu.ready,Idle,1
1415,49952.8957,44.8365,audit.snapshot.route.tier0.camp-menu.ready,Idle,1
1416,49979.2986,26.4029,audit.snapshot.route.tier0.camp-menu.ready,Idle,1
1417,50008.0693,28.7707,audit.snapshot.route.tier0.camp-menu.ready,Idle,1
1418,50041.3937,33.3242,audit.snapshot.route.tier0.camp-menu.ready,Idle,1
1419,50073.4834,32.0899,audit.snapshot.route.tier0.camp-menu.ready,Idle,1
1420,50105.0907,31.6072,audit.snapshot.route.tier0.camp-menu.ready,Idle,1
1421,50135.204,30.1134,menu.tier1.steady,Idle,1
1422,50168.099,32.895,menu.tier1.steady,Idle,1
1423,50201.3875,33.2885,menu.tier1.steady,Idle,1
1424,50230.7923,29.4048,menu.tier1.steady,Idle,1
1425,50263.1304,32.3381,menu.tier1.steady,Idle,1
1426,50292.4875,29.357,menu.tier1.steady,Idle,1
1427,50325.0752,32.5876,menu.tier1.steady,Idle,1
1428,50376.5005,51.4255,menu.tier1.steady,Idle,1
1429,50390.442,13.9415,menu.tier1.steady,Idle,1
1430,50425.8274,35.3853,menu.tier1.steady,Idle,1
1431,50476.2749,50.4475,menu.tier1.steady,Idle,1
1432,50496.1513,19.8765,menu.tier1.steady,Idle,1
1433,50523.769,27.6177,menu.tier1.steady,Idle,1
1434,50558.6499,34.8809,menu.tier1.steady,Idle,1
1435,50591.1169,32.4669,menu.tier1.steady,Idle,1
1436,50641.8794,50.7624,menu.tier1.steady,Idle,1
1437,50685.102,43.2228,menu.tier1.steady,Idle,1
1438,50695.584,10.4821,menu.tier1.steady,Idle,1
1439,50723.744,28.1598,menu.tier1.steady,Idle,1
1440,50756.2634,32.5195,menu.tier1.steady,Idle,1
1441,50785.5438,29.2804,menu.tier1.steady,Idle,1
1442,50818.096,32.5522,menu.tier1.steady,Idle,1
1443,50850.9753,32.8792,menu.tier1.steady,Idle,1
1444,50880.7958,29.8206,menu.tier1.steady,Idle,1
1445,50913.2718,32.4759,menu.tier1.steady,Idle,1
1446,50946.3864,33.1147,menu.tier1.steady,Idle,1
1447,50975.1214,28.7349,menu.tier1.steady,Idle,1
1448,51007.6748,32.5535,menu.tier1.steady,Idle,1
1449,51041.1982,33.5232,menu.tier1.steady,Idle,1
1450,51073.8309,32.6328,menu.tier1.steady,Idle,1
1451,51107.2427,33.4119,menu.tier1.steady,Idle,1
1452,51159.1639,51.921,menu.tier1.steady,Idle,1
1453,51173.2411,14.0774,menu.tier1.steady,Idle,1
1454,51228.0467,54.8056,menu.tier1.steady,Idle,1
1455,51241.6447,13.5978,menu.tier1.steady,Idle,1
1456,51285.2448,43.6002,menu.tier1.steady,Idle,1
1457,51299.0829,13.8381,menu.tier1.steady,Idle,1
1458,51325.1148,26.0319,menu.tier1.steady,Idle,1
1459,51385.1204,60.0056,menu.tier1.steady,Idle,1
1460,51424.5382,39.4179,menu.tier1.steady,Idle,1
1461,51435.3387,10.8005,menu.tier1.steady,Idle,1
1462,51491.16,55.8213,menu.tier1.steady,Idle,1
1463,51534.3938,43.2337,menu.tier1.steady,Idle,1
1464,51545.5051,11.1113,menu.tier1.steady,Idle,1
1465,51597.0524,51.5474,menu.tier1.steady,Idle,1
1466,51607.0361,9.9837,menu.tier1.steady,Idle,1
1467,51634.2887,27.2526,menu.tier1.steady,Idle,1
1468,51691.6578,57.3689,menu.tier1.steady,Idle,1
1469,51734.3329,42.6753,menu.tier1.steady,Idle,1
1470,51745.4975,11.1645,menu.tier1.steady,Idle,1
1471,51801.1641,55.6666,menu.tier1.steady,Idle,1
1472,51813.381,12.2169,menu.tier1.steady,Idle,1
1473,51840.2898,26.9089,menu.tier1.steady,Idle,1
1474,51901.6046,61.3149,menu.tier1.steady,Idle,1
1475,51941.5608,39.956,menu.tier1.steady,Idle,1
1476,51954.6985,13.1378,menu.tier1.steady,Idle,1
1477,52008.0443,53.3457,menu.tier1.steady,Idle,1
1478,52018.5212,10.477,menu.tier1.steady,Idle,1
1479,52051.1818,32.6605,menu.tier1.steady,Idle,1
1480,52108.9013,57.7195,menu.tier1.steady,Idle,1
1481,52151.0762,42.175,menu.tier1.steady,Idle,1
1482,52162.4358,11.3595,menu.tier1.steady,Idle,1
1483,52214.0585,51.6227,menu.tier1.steady,Idle,1
1484,52224.0758,10.0174,menu.tier1.steady,Idle,1
1485,52251.0375,26.9618,menu.tier1.steady,Idle,1
1486,52308.8808,57.8432,menu.tier1.steady,Idle,1
1487,52350.9148,42.0339,menu.tier1.steady,Idle,1
1488,52362.1798,11.2651,menu.tier1.steady,Idle,1
1489,52413.4427,51.2629,menu.tier1.steady,Idle,1
1490,52451.1811,37.7384,menu.tier1.steady,Idle,1
1491,52462.1326,10.9515,menu.tier1.steady,Idle,1
1492,52518.0045,55.8719,menu.tier1.steady,Idle,1
1493,52529.3903,11.3859,menu.tier1.steady,Idle,1
1494,52569.2927,39.9023,menu.tier1.steady,Idle,1
1495,52625.0128,55.7201,menu.tier1.steady,Idle,1
1496,52644.2269,19.2141,menu.tier1.steady,Idle,1
1497,52662.7493,18.5225,menu.tier1.steady,Idle,1
1498,52719.0401,56.2907,menu.tier1.steady,Idle,1
1499,52729.8213,10.7812,menu.tier1.steady,Idle,1
1500,52758.2869,28.4655,menu.tier1.steady,Idle,1
1501,52818.4032,60.1164,menu.tier1.steady,Idle,1
1502,52857.6864,39.2831,menu.tier1.steady,Idle,1
1503,52877.2482,19.5619,menu.tier1.steady,Idle,1
1504,52919.4826,42.2344,menu.tier1.steady,Idle,1
1505,52932.1898,12.7072,menu.tier1.steady,Idle,1
1506,52958.3944,26.2044,menu.tier1.steady,Idle,1
1507,52991.138,32.7436,menu.tier1.steady,Idle,1
1508,53021.8732,30.7352,menu.tier1.steady,Idle,1
1509,53054.7875,32.9144,menu.tier1.steady,Idle,1
1510,53085.325,30.5376,menu.tier1.steady,Idle,1
1511,53118.1476,32.8226,menu.tier1.steady,Idle,1
1512,53150.0031,31.8554,menu.tier1.steady,Idle,1
1513,53184.863,34.86,menu.tier1.steady,Idle,1
1514,53217.8741,33.011,menu.tier1.steady,Idle,1
1515,53250.8741,33.0001,menu.tier1.steady,Idle,1
1516,53280.9797,30.1056,menu.tier1.steady,Idle,1
1517,53313.9178,32.9381,menu.tier1.steady,Idle,1
1518,53344.6211,30.7033,menu.tier1.steady,Idle,1
1519,53373.8583,29.2371,menu.tier1.steady,Idle,1
1520,53406.3916,32.5334,menu.tier1.steady,Idle,1
1521,53457.0309,50.6393,menu.tier1.steady,Idle,1
1522,53474.7578,17.7269,menu.tier1.steady,Idle,1
1523,53503.526,28.7682,menu.tier1.steady,Idle,1
1524,53526.2327,22.7066,menu.tier1.steady,Idle,1
1525,53558.0774,31.8448,menu.tier1.steady,Idle,1
1526,53590.5809,32.5035,menu.tier1.steady,Idle,1
1527,53623.5153,32.9344,menu.tier1.steady,Idle,1
1528,53656.5916,33.0757,menu.tier1.steady,Idle,1
1529,53685.5306,28.9396,menu.tier1.steady,Idle,1
1530,53735.4573,49.9267,menu.tier1.steady,Idle,1
1531,53756.8603,21.4028,menu.tier1.steady,Idle,1
1532,53785.4632,28.6031,menu.tier1.steady,Idle,1
1533,53818.4223,32.9591,menu.tier1.steady,Idle,1
1534,53851.1256,32.703,menu.tier1.steady,Idle,1
1535,53880.5109,29.3856,menu.tier1.steady,Idle,1
1536,53912.8513,32.3403,menu.tier1.steady,Idle,1
1537,53942.0948,29.2434,menu.tier1.steady,Idle,1
1538,53974.4702,32.3755,menu.tier1.steady,Idle,1
1539,54026.325,51.8549,menu.tier1.steady,Idle,1
1540,54040.5105,14.1853,menu.tier1.steady,Idle,1
1541,54074.7474,34.2371,leaves.tier1.normal.r1,Covering,1
1542,54167.6966,92.9493,leaves.tier1.normal.r1,Covering,1
1543,54201.2973,33.6005,leaves.tier1.normal.r1,Covering,1
1544,54235.3113,34.0141,leaves.tier1.normal.r1,Covering,1
1545,54282.4476,47.1363,leaves.tier1.normal.r1,Covering,1
1546,54313.624,31.1764,leaves.tier1.normal.r1,Covering,1
1547,54361.2305,47.6064,leaves.tier1.normal.r1,Covering,1
1548,54419.0497,57.8193,leaves.tier1.normal.r1,Covering,1
1549,54440.0088,20.9591,leaves.tier1.normal.r1,Covering,1
1550,54479.9069,39.8981,leaves.tier1.normal.r1,Covering,1
1551,54514.4005,34.4936,leaves.tier1.normal.r1,Covering,1
1552,54551.0402,36.6397,leaves.tier1.normal.r1,Covering,1
1553,54585.2794,34.2392,leaves.tier1.normal.r1,Covering,1
1554,54622.1109,36.8312,leaves.tier1.normal.r1,Covering,1
1555,54658.0926,35.9818,leaves.tier1.normal.r1,Covering,1
1556,54695.7405,37.6481,leaves.tier1.normal.r1,Covering,1
1557,54730.0784,34.3379,leaves.tier1.normal.r1,Covering,1
1558,54764.9953,34.9168,leaves.tier1.normal.r1,Covering,1
1559,54802.1087,37.1135,leaves.tier1.normal.r1,Covering,1
1560,54841.4889,39.3801,leaves.tier1.normal.r1,Covering,1
1561,54881.3602,39.8714,leaves.tier1.normal.r1,Covering,1
1562,54921.3892,40.0288,leaves.tier1.normal.r1,Covering,1
1563,54943.5786,22.1894,leaves.tier1.normal.r1,Covering,1
1564,55003.7169,60.1385,leaves.tier1.normal.r1,Covering,1
1565,55028.6562,24.9392,leaves.tier1.normal.r1,Covering,1
1566,55081.0464,52.3904,leaves.tier1.normal.r1,Covering,1
1567,55105.1283,24.0818,leaves.tier1.normal.r1,Covering,1
1568,55138.4835,33.3552,leaves.tier1.normal.r1,Covering,1
1569,55171.9834,33.4999,leaves.tier1.normal.r1,Covering,1
1570,55206.584,34.6006,leaves.tier1.normal.r1,Covering,1
1571,55252.4887,45.9048,leaves.tier1.normal.r1,Covering,1
1572,55294.9122,42.4233,leaves.tier1.normal.r1,Covering,1
1573,55339.3984,44.4863,leaves.tier1.normal.r1,Covering,1
1574,55371.8626,32.4642,leaves.tier1.normal.r1,Covering,1
1575,55404.9061,33.0435,leaves.tier1.normal.r1,Covering,1
1576,55434.3555,29.4493,leaves.tier1.normal.r1,Covering,1
1577,55467.2337,32.8783,leaves.tier1.normal.r1,Covering,1
1578,55499.4939,32.2602,leaves.tier1.normal.r1,Covering,1
1579,55544.9931,45.4991,leaves.tier1.normal.r1,Covering,1
1580,55612.6547,67.6617,leaves.tier1.normal.r1,Covering,1
1581,55638.0472,25.3925,leaves.tier1.normal.r1,Covering,1
1582,55672.8126,34.7653,leaves.tier1.normal.r1,CoveredLoading,1
1583,55693.531,20.7183,leaves.tier1.normal.r1,CoveredLoading,1
1584,55716.4822,22.9514,audit.snapshot.leaves.tier1.normal.r1.covered,CoveredLoading,1
1585,55734.0755,17.5932,leaves.tier1.normal.r1.hold,CoveredLoading,1
1586,55754.4492,20.3738,leaves.tier1.normal.r1.hold,CoveredLoading,1
1587,55775.4891,21.0397,leaves.tier1.normal.r1.hold,CoveredLoading,1
1588,55792.7821,17.293,leaves.tier1.normal.r1.hold,CoveredLoading,1
1589,55818.1449,25.363,leaves.tier1.normal.r1.hold,CoveredLoading,1
1590,55841.0091,22.864,leaves.tier1.normal.r1.hold,CoveredLoading,1
1591,55859.2341,18.2251,leaves.tier1.normal.r1.hold,CoveredLoading,1
1592,55884.3508,25.1168,leaves.tier1.normal.r1.hold,CoveredLoading,1
1593,55901.1551,16.8043,leaves.tier1.normal.r1.hold,CoveredLoading,1
1594,55921.2671,20.1119,leaves.tier1.normal.r1.hold,CoveredLoading,1
1595,55935.6409,14.374,leaves.tier1.normal.r1.hold,CoveredLoading,1
1596,55958.7712,23.1301,leaves.tier1.normal.r1.hold,CoveredLoading,1
1597,55981.794,23.0229,leaves.tier1.normal.r1.hold,CoveredLoading,1
1598,56004.7005,22.9065,leaves.tier1.normal.r1.hold,CoveredLoading,1
1599,56018.8818,14.1812,leaves.tier1.normal.r1.hold,CoveredLoading,1
1600,56042.2418,23.3601,leaves.tier1.normal.r1.hold,CoveredLoading,1
1601,56073.045,30.8031,leaves.tier1.normal.r1.hold,CoveredLoading,1
1602,56089.321,16.2761,leaves.tier1.normal.r1.hold,CoveredLoading,1
1603,56106.6997,17.3785,leaves.tier1.normal.r1.hold,CoveredLoading,1
1604,56147.8146,41.1151,leaves.tier1.normal.r1.reveal,Preparing,1
1605,56170.2408,22.4261,leaves.tier1.normal.r1.reveal,Preparing,1
1606,56219.6678,49.4271,leaves.tier1.normal.r1.reveal,Preparing,1
1607,56257.7831,38.1152,leaves.tier1.normal.r1.reveal,Preparing,1
1608,56283.7241,25.941,leaves.tier1.normal.r1.reveal,Preparing,1
1609,56322.1475,38.4234,leaves.tier1.normal.r1.reveal,Preparing,1
1610,56365.4842,43.3367,leaves.tier1.normal.r1.reveal,Preparing,1
1611,56410.192,44.7079,leaves.tier1.normal.r1.reveal,Revealing,1
1612,56465.1941,55.0021,leaves.tier1.normal.r1.reveal,Revealing,1
1613,56489.8439,24.6498,leaves.tier1.normal.r1.reveal,Revealing,1
1614,56525.0171,35.1732,leaves.tier1.normal.r1.reveal,Revealing,1
1615,56550.8663,25.8492,leaves.tier1.normal.r1.reveal,Revealing,1
1616,56584.042,33.1757,leaves.tier1.normal.r1.reveal,Revealing,1
1617,56615.833,31.791,leaves.tier1.normal.r1.reveal,Revealing,1
1618,56681.3777,65.5447,leaves.tier1.normal.r1.reveal,Revealing,1
1619,56704.9334,23.5557,leaves.tier1.normal.r1.reveal,Revealing,1
1620,56734.8713,29.9379,leaves.tier1.normal.r1.reveal,Revealing,1
1621,56767.4112,32.54,leaves.tier1.normal.r1.reveal,Revealing,1
1622,56797.5622,30.1509,leaves.tier1.normal.r1.reveal,Revealing,1
1623,56845.0013,47.439,leaves.tier1.normal.r1.reveal,Revealing,1
1624,56889.1827,44.1815,leaves.tier1.normal.r1.reveal,Revealing,1
1625,56921.8893,32.7066,leaves.tier1.normal.r1.reveal,Revealing,1
1626,56966.6806,44.7913,leaves.tier1.normal.r1.reveal,Revealing,1
1627,56991.4148,24.7341,leaves.tier1.normal.r1.reveal,Revealing,1
1628,57044.2073,52.7926,leaves.tier1.normal.r1.reveal,Revealing,1
1629,57065.9908,21.7835,leaves.tier1.normal.r1.reveal,Revealing,1
1630,57108.7492,42.7584,leaves.tier1.normal.r1.reveal,Revealing,1
1631,57146.9684,38.2192,leaves.tier1.normal.r1.reveal,Revealing,1
1632,57185.5009,38.5324,leaves.tier1.normal.r1.reveal,Revealing,1
1633,57224.7091,39.2081,leaves.tier1.normal.r1.reveal,Revealing,1
1634,57263.9864,39.2775,leaves.tier1.normal.r1.reveal,Revealing,1
1635,57305.4501,41.4637,leaves.tier1.normal.r1.reveal,Revealing,1
1636,57341.1629,35.7128,leaves.tier1.normal.r1.reveal,Revealing,1
1637,57379.4354,38.2725,leaves.tier1.normal.r1.reveal,Revealing,1
1638,57413.6386,34.2032,leaves.tier1.normal.r1.reveal,Revealing,1
1639,57451.4333,37.7947,leaves.tier1.normal.r1.reveal,Revealing,1
1640,57490.3128,38.8794,leaves.tier1.normal.r1.reveal,Revealing,1
1641,57523.8798,33.567,leaves.tier1.normal.r1.reveal,Revealing,1
1642,57562.6347,38.755,leaves.tier1.normal.r1.reveal,Revealing,1
1643,57596.8446,34.2099,leaves.tier1.normal.r1.reveal,Revealing,1
1644,57652.1969,55.3522,leaves.tier1.normal.r1.reveal,Revealing,1
1645,57674.3851,22.1881,leaves.tier1.normal.r1.reveal,Revealing,1
1646,57712.7394,38.3543,leaves.tier1.normal.r1.reveal,Revealing,1
1647,57746.8288,34.0895,leaves.tier1.normal.r1.reveal,Revealing,1
1648,57781.4371,34.6084,leaves.tier1.normal.r1.reveal,Revealing,1
1649,57820.1749,38.7378,leaves.tier1.normal.r1.reveal,Idle,1
1650,57860.6794,40.5045,leaves.tier1.normal.r1.settle,Idle,1
1651,57885.5368,24.8573,leaves.tier1.normal.r1.settle,Idle,1
1652,57919.6944,34.1574,leaves.tier1.normal.r1.settle,Idle,1
1653,57954.0101,34.3159,leaves.tier1.normal.r1.settle,Idle,1
1654,57994.3462,40.3362,leaves.tier1.normal.r1.settle,Idle,1
1655,58019.664,25.3178,leaves.tier1.normal.r1.settle,Idle,1
1656,58058.8705,39.2064,leaves.tier1.normal.r1.settle,Idle,1
1657,58091.9759,33.1053,leaves.tier1.normal.r1.settle,Idle,1
1658,58124.4918,32.516,leaves.tier1.normal.r1.settle,Idle,1
1659,58157.5763,33.0844,leaves.tier1.normal.r1.settle,Idle,1
1660,58191.5592,33.983,leaves.tier1.normal.r1.settle,Idle,1
1661,58225.1148,33.5556,leaves.tier1.normal.r1.settle,Idle,1
1662,58257.4083,32.2936,leaves.tier1.normal.r1.settle,Idle,1
1663,58290.4857,33.0774,leaves.tier1.normal.r1.settle,Idle,1
1664,58323.5148,33.0291,leaves.tier1.normal.r1.settle,Idle,1
1665,58354.726,31.2112,leaves.tier1.reduced.r1,Covering,1
1666,58394.7279,40.0019,leaves.tier1.reduced.r1,Covering,1
1667,58431.0348,36.3069,leaves.tier1.reduced.r1,Covering,1
1668,58461.2186,30.1838,leaves.tier1.reduced.r1,Covering,1
1669,58494.7791,33.5606,leaves.tier1.reduced.r1,Covering,1
1670,58523.6379,28.8588,leaves.tier1.reduced.r1,CoveredLoading,1
1671,58546.661,23.023,leaves.tier1.reduced.r1,CoveredLoading,1
1672,58566.564,19.903,audit.snapshot.leaves.tier1.reduced.r1.covered,CoveredLoading,1
1673,58583.2638,16.6998,leaves.tier1.reduced.r1.hold,CoveredLoading,1
1674,58600.1596,16.8958,leaves.tier1.reduced.r1.hold,CoveredLoading,1
1675,58609.4368,9.2771,leaves.tier1.reduced.r1.hold,CoveredLoading,1
1676,58626.391,16.9541,leaves.tier1.reduced.r1.hold,CoveredLoading,1
1677,58645.4599,19.0691,leaves.tier1.reduced.r1.hold,CoveredLoading,1
1678,58668.4291,22.9692,leaves.tier1.reduced.r1.hold,CoveredLoading,1
1679,58677.9862,9.5571,leaves.tier1.reduced.r1.hold,CoveredLoading,1
1680,58702.2231,24.2369,leaves.tier1.reduced.r1.hold,CoveredLoading,1
1681,58711.4763,9.2532,leaves.tier1.reduced.r1.hold,CoveredLoading,1
1682,58734.0522,22.5757,leaves.tier1.reduced.r1.hold,CoveredLoading,1
1683,58744.8477,10.7955,leaves.tier1.reduced.r1.hold,CoveredLoading,1
1684,58766.8498,22.0021,leaves.tier1.reduced.r1.hold,CoveredLoading,1
1685,58776.9989,10.1492,leaves.tier1.reduced.r1.hold,CoveredLoading,1
1686,58793.8624,16.8635,leaves.tier1.reduced.r1.hold,CoveredLoading,1
1687,58812.5555,18.6932,leaves.tier1.reduced.r1.hold,CoveredLoading,1
1688,58826.1539,13.5983,leaves.tier1.reduced.r1.hold,CoveredLoading,1
1689,58846.0644,19.9105,leaves.tier1.reduced.r1.hold,CoveredLoading,1
1690,58864.835,18.7704,leaves.tier1.reduced.r1.hold,CoveredLoading,1
1691,58877.9731,13.1383,leaves.tier1.reduced.r1.hold,CoveredLoading,1
1692,58891.9873,14.0142,leaves.tier1.reduced.r1.reveal,Preparing,1
1693,58911.6325,19.6452,leaves.tier1.reduced.r1.reveal,Preparing,1
1694,58938.1767,26.5443,leaves.tier1.reduced.r1.reveal,Preparing,1
1695,58957.1631,18.9863,leaves.tier1.reduced.r1.reveal,Preparing,1
1696,58991.7695,34.6065,leaves.tier1.reduced.r1.reveal,Preparing,1
1697,59024.859,33.0894,leaves.tier1.reduced.r1.reveal,Revealing,1
1698,59066.2288,41.3699,leaves.tier1.reduced.r1.reveal,Revealing,1
1699,59101.6926,35.4637,leaves.tier1.reduced.r1.reveal,Revealing,1
1700,59140.6443,38.9518,leaves.tier1.reduced.r1.reveal,Revealing,1
1701,59185.688,45.0437,leaves.tier1.reduced.r1.reveal,Revealing,1
1702,59219.2798,33.5917,leaves.tier1.reduced.r1.reveal,Idle,1
1703,59255.8972,36.6175,leaves.tier1.reduced.r1.settle,Idle,1
1704,59292.6987,36.8015,leaves.tier1.reduced.r1.settle,Idle,1
1705,59319.7022,27.0035,leaves.tier1.reduced.r1.settle,Idle,1
1706,59359.8592,40.157,leaves.tier1.reduced.r1.settle,Idle,1
1707,59392.0523,32.193,leaves.tier1.reduced.r1.settle,Idle,1
1708,59422.9338,30.8816,leaves.tier1.reduced.r1.settle,Idle,1
1709,59455.6728,32.739,leaves.tier1.reduced.r1.settle,Idle,1
1710,59503.4223,47.7492,leaves.tier1.reduced.r1.settle,Idle,1
1711,59529.4289,26.0069,leaves.tier1.reduced.r1.settle,Idle,1
1712,59562.7387,33.3097,leaves.tier1.reduced.r1.settle,Idle,1
1713,59596.2924,33.5538,leaves.tier1.reduced.r1.settle,Idle,1
1714,59629.7278,33.4353,leaves.tier1.reduced.r1.settle,Idle,1
1715,59662.963,33.2352,leaves.tier1.reduced.r1.settle,Idle,1
1716,59714.7795,51.8165,leaves.tier1.reduced.r1.settle,Idle,1
1717,59729.488,14.7085,leaves.tier1.reduced.r1.settle,Idle,1
1718,59782.8888,53.4009,leaves.tier1.normal.r2,Covering,1
1719,59840.4871,57.5982,leaves.tier1.normal.r2,Covering,1
1720,59873.4134,32.9263,leaves.tier1.normal.r2,Covering,1
1721,59908.0541,34.6407,leaves.tier1.normal.r2,Covering,1
1722,59945.8399,37.7858,leaves.tier1.normal.r2,Covering,1
1723,59988.8959,43.056,leaves.tier1.normal.r2,Covering,1
1724,60026.3518,37.456,leaves.tier1.normal.r2,Covering,1
1725,60066.8739,40.522,leaves.tier1.normal.r2,Covering,1
1726,60114.6998,47.8259,leaves.tier1.normal.r2,Covering,1
1727,60146.8486,32.1489,leaves.tier1.normal.r2,Covering,1
1728,60185.1122,38.2635,leaves.tier1.normal.r2,Covering,1
1729,60219.7777,34.6655,leaves.tier1.normal.r2,Covering,1
1730,60257.793,38.0154,leaves.tier1.normal.r2,Covering,1
1731,60295.7145,37.9215,leaves.tier1.normal.r2,Covering,1
1732,60330.6061,34.8916,leaves.tier1.normal.r2,Covering,1
1733,60367.3873,36.7809,leaves.tier1.normal.r2,Covering,1
1734,60396.3856,28.9985,leaves.tier1.normal.r2,Covering,1
1735,60435.1411,38.7556,leaves.tier1.normal.r2,Covering,1
1736,60488.1138,52.9725,leaves.tier1.normal.r2,Covering,1
1737,60508.177,20.0634,leaves.tier1.normal.r2,Covering,1
1738,60548.8208,40.6439,leaves.tier1.normal.r2,Covering,1
1739,60590.6479,41.827,leaves.tier1.normal.r2,Covering,1
1740,60634.1663,43.5183,leaves.tier1.normal.r2,Covering,1
1741,60666.8016,32.6353,leaves.tier1.normal.r2,Covering,1
1742,60700.2437,33.4422,leaves.tier1.normal.r2,Covering,1
1743,60733.3685,33.1248,leaves.tier1.normal.r2,Covering,1
1744,60764.2307,30.8621,leaves.tier1.normal.r2,Covering,1
1745,60800.0498,35.819,leaves.tier1.normal.r2,Covering,1
1746,60833.2077,33.158,leaves.tier1.normal.r2,Covering,1
1747,60866.56,33.3523,leaves.tier1.normal.r2,Covering,1
1748,60912.0266,45.4666,leaves.tier1.normal.r2,Covering,1
1749,60968.2309,56.2044,leaves.tier1.normal.r2,Covering,1
1750,61009.3319,41.1008,leaves.tier1.normal.r2,Covering,1
1751,61059.3591,50.0273,leaves.tier1.normal.r2,Covering,1
1752,61091.7897,32.4305,leaves.tier1.normal.r2,Covering,1
1753,61125.051,33.2614,leaves.tier1.normal.r2,Covering,1
1754,61158.158,33.107,leaves.tier1.normal.r2,Covering,1
1755,61190.2078,32.0498,leaves.tier1.normal.r2,Covering,1
1756,61223.3154,33.1077,leaves.tier1.normal.r2,Covering,1
1757,61260.8605,37.5451,leaves.tier1.normal.r2,Covering,1
1758,61287.9607,27.1002,leaves.tier1.normal.r2,Covering,1
1759,61317.0198,29.0591,leaves.tier1.normal.r2,Covering,1
1760,61349.5469,32.5271,leaves.tier1.normal.r2,CoveredLoading,1
1761,61372.9016,23.3548,leaves.tier1.normal.r2,CoveredLoading,1
1762,61390.64,17.7383,audit.snapshot.leaves.tier1.normal.r2.covered,CoveredLoading,1
1763,61408.7414,18.1013,leaves.tier1.normal.r2.hold,CoveredLoading,1
1764,61433.2993,24.558,leaves.tier1.normal.r2.hold,CoveredLoading,1
1765,61457.4335,24.1341,leaves.tier1.normal.r2.hold,CoveredLoading,1
1766,61475.3562,17.9228,leaves.tier1.normal.r2.hold,CoveredLoading,1
1767,61500.6675,25.3113,leaves.tier1.normal.r2.hold,CoveredLoading,1
1768,61521.7336,21.0658,leaves.tier1.normal.r2.hold,CoveredLoading,1
1769,61539.3181,17.5847,leaves.tier1.normal.r2.hold,CoveredLoading,1
1770,61560.4227,21.1046,leaves.tier1.normal.r2.hold,CoveredLoading,1
1771,61576.3939,15.9712,leaves.tier1.normal.r2.hold,CoveredLoading,1
1772,61593.27,16.8762,leaves.tier1.normal.r2.hold,CoveredLoading,1
1773,61615.1296,21.8596,leaves.tier1.normal.r2.hold,CoveredLoading,1
1774,61632.672,17.5423,leaves.tier1.normal.r2.hold,CoveredLoading,1
1775,61650.247,17.5751,leaves.tier1.normal.r2.hold,CoveredLoading,1
1776,61666.7676,16.5206,leaves.tier1.normal.r2.hold,CoveredLoading,1
1777,61684.3637,17.5961,leaves.tier1.normal.r2.hold,CoveredLoading,1
1778,61704.6497,20.2861,leaves.tier1.normal.r2.hold,CoveredLoading,1
1779,61742.2482,37.5983,leaves.tier1.normal.r2.hold,CoveredLoading,1
1780,61751.3149,9.0668,leaves.tier1.normal.r2.hold,CoveredLoading,1
1781,61775.2438,23.9287,leaves.tier1.normal.r2.hold,CoveredLoading,1
1782,61796.5322,21.2885,leaves.tier1.normal.r2.reveal,Preparing,1
1783,61843.7063,47.1741,leaves.tier1.normal.r2.reveal,Preparing,1
1784,61900.8352,57.129,leaves.tier1.normal.r2.reveal,Preparing,1
1785,61933.2472,32.412,leaves.tier1.normal.r2.reveal,Preparing,1
1786,61973.0123,39.7651,leaves.tier1.normal.r2.reveal,Preparing,1
1787,61995.8282,22.8159,leaves.tier1.normal.r2.reveal,Preparing,1
1788,62033.2188,37.3906,leaves.tier1.normal.r2.reveal,Preparing,1
1789,62087.445,54.2262,leaves.tier1.normal.r2.reveal,Revealing,1
1790,62110.2056,22.7606,leaves.tier1.normal.r2.reveal,Revealing,1
1791,62151.1504,40.9448,leaves.tier1.normal.r2.reveal,Revealing,1
1792,62201.8484,50.698,leaves.tier1.normal.r2.reveal,Revealing,1
1793,62237.1627,35.3143,leaves.tier1.normal.r2.reveal,Revealing,1
1794,62258.8681,21.7054,leaves.tier1.normal.r2.reveal,Revealing,1
1795,62315.6122,56.7439,leaves.tier1.normal.r2.reveal,Revealing,1
1796,62344.9683,29.3562,leaves.tier1.normal.r2.reveal,Revealing,1
1797,62378.1992,33.231,leaves.tier1.normal.r2.reveal,Revealing,1
1798,62427.8996,49.7004,leaves.tier1.normal.r2.reveal,Revealing,1
1799,62472.7376,44.838,leaves.tier1.normal.r2.reveal,Revealing,1
1800,62520.2124,47.4748,leaves.tier1.normal.r2.reveal,Revealing,1
1801,62543.4279,23.2154,leaves.tier1.normal.r2.reveal,Revealing,1
1802,62590.0362,46.6084,leaves.tier1.normal.r2.reveal,Revealing,1
1803,62637.0487,47.0125,leaves.tier1.normal.r2.reveal,Revealing,1
1804,62679.9301,42.8814,leaves.tier1.normal.r2.reveal,Revealing,1
1805,62704.1324,24.2023,leaves.tier1.normal.r2.reveal,Revealing,1
1806,62745.5989,41.4663,leaves.tier1.normal.r2.reveal,Revealing,1
1807,62801.2897,55.691,leaves.tier1.normal.r2.reveal,Revealing,1
1808,62842.0347,40.7449,leaves.tier1.normal.r2.reveal,Revealing,1
1809,62856.0245,13.9899,leaves.tier1.normal.r2.reveal,Revealing,1
1810,62915.0744,59.0499,leaves.tier1.normal.r2.reveal,Revealing,1
1811,62931.2925,16.2181,leaves.tier1.normal.r2.reveal,Revealing,1
1812,62977.2416,45.9491,leaves.tier1.normal.r2.reveal,Revealing,1
1813,63026.281,49.0394,leaves.tier1.normal.r2.reveal,Revealing,1
1814,63074.226,47.9448,leaves.tier1.normal.r2.reveal,Revealing,1
1815,63098.3349,24.1091,leaves.tier1.normal.r2.reveal,Revealing,1
1816,63113.8655,15.5306,leaves.tier1.normal.r2.reveal,Revealing,1
1817,63151.0608,37.1953,leaves.tier1.normal.r2.reveal,Revealing,1
1818,63185.4854,34.4246,leaves.tier1.normal.r2.reveal,Revealing,1
1819,63246.3151,60.8297,leaves.tier1.normal.r2.reveal,Revealing,1
1820,63258.1974,11.8823,leaves.tier1.normal.r2.reveal,Revealing,1
1821,63314.6164,56.419,leaves.tier1.normal.r2.reveal,Revealing,1
1822,63330.4155,15.7991,leaves.tier1.normal.r2.reveal,Revealing,1
1823,63367.7993,37.3838,leaves.tier1.normal.r2.reveal,Revealing,1
1824,63402.4223,34.623,leaves.tier1.normal.r2.reveal,Revealing,1
1825,63440.5292,38.1067,leaves.tier1.normal.r2.reveal,Revealing,1
1826,63476.1363,35.6071,leaves.tier1.normal.r2.reveal,Idle,1
1827,63531.9321,55.796,leaves.tier1.normal.r2.settle,Idle,1
1828,63574.6171,42.6849,leaves.tier1.normal.r2.settle,Idle,1
1829,63585.6916,11.0746,leaves.tier1.normal.r2.settle,Idle,1
1830,63617.7661,32.0744,leaves.tier1.normal.r2.settle,Idle,1
1831,63660.8484,43.0824,leaves.tier1.normal.r2.settle,Idle,1
1832,63680.7209,19.8724,leaves.tier1.normal.r2.settle,Idle,1
1833,63747.9138,67.1929,leaves.tier1.normal.r2.settle,Idle,1
1834,63758.2983,10.3843,leaves.tier1.normal.r2.settle,Idle,1
1835,63786.3792,28.0812,leaves.tier1.normal.r2.settle,Idle,1
1836,63818.6164,32.2371,leaves.tier1.normal.r2.settle,Idle,1
1837,63851.2841,32.6678,leaves.tier1.normal.r2.settle,Idle,1
1838,63883.8274,32.5433,leaves.tier1.normal.r2.settle,Idle,1
1839,63914.0234,30.1957,leaves.tier1.normal.r2.settle,Idle,1
1840,63946.4446,32.4215,leaves.tier1.normal.r2.settle,Idle,1
1841,63989.8903,43.4455,leaves.tier1.normal.r2.settle,Idle,1
1842,64009.3335,19.4432,leaves.tier1.reduced.r2,Covering,1
1843,64035.8885,26.5551,leaves.tier1.reduced.r2,Covering,1
1844,64079.1429,43.2543,leaves.tier1.reduced.r2,Covering,1
1845,64109.1851,30.0422,leaves.tier1.reduced.r2,Covering,1
1846,64146.4577,37.2727,leaves.tier1.reduced.r2,Covering,1
1847,64179.2796,32.8219,leaves.tier1.reduced.r2,CoveredLoading,1
1848,64201.2359,21.9564,leaves.tier1.reduced.r2,CoveredLoading,1
1849,64209.9905,8.7546,audit.snapshot.leaves.tier1.reduced.r2.covered,CoveredLoading,1
1850,64233.1006,23.11,leaves.tier1.reduced.r2.hold,CoveredLoading,1
1851,64252.902,19.8015,leaves.tier1.reduced.r2.hold,CoveredLoading,1
1852,64263.6823,10.7804,leaves.tier1.reduced.r2.hold,CoveredLoading,1
1853,64284.6296,20.9472,leaves.tier1.reduced.r2.hold,CoveredLoading,1
1854,64302.7597,18.1301,leaves.tier1.reduced.r2.hold,CoveredLoading,1
1855,64311.1868,8.4272,leaves.tier1.reduced.r2.hold,CoveredLoading,1
1856,64335.5139,24.327,leaves.tier1.reduced.r2.hold,CoveredLoading,1
1857,64344.89,9.3761,leaves.tier1.reduced.r2.hold,CoveredLoading,1
1858,64366.8644,21.9744,leaves.tier1.reduced.r2.hold,CoveredLoading,1
1859,64384.3163,17.4518,leaves.tier1.reduced.r2.hold,CoveredLoading,1
1860,64400.8086,16.4924,leaves.tier1.reduced.r2.hold,CoveredLoading,1
1861,64417.6958,16.8872,leaves.tier1.reduced.r2.hold,CoveredLoading,1
1862,64434.3937,16.6978,leaves.tier1.reduced.r2.hold,CoveredLoading,1
1863,64451.1531,16.7594,leaves.tier1.reduced.r2.hold,CoveredLoading,1
1864,64467.8343,16.6813,leaves.tier1.reduced.r2.hold,CoveredLoading,1
1865,64484.5381,16.7038,leaves.tier1.reduced.r2.hold,CoveredLoading,1
1866,64501.1604,16.6222,leaves.tier1.reduced.r2.hold,CoveredLoading,1
1867,64517.9155,16.7552,leaves.tier1.reduced.r2.hold,CoveredLoading,1
1868,64534.7861,16.8706,leaves.tier1.reduced.r2.hold,CoveredLoading,1
1869,64545.8029,11.0168,leaves.tier1.reduced.r2.reveal,Preparing,1
1870,64573.9843,28.1813,leaves.tier1.reduced.r2.reveal,Preparing,1
1871,64607.1738,33.1895,leaves.tier1.reduced.r2.reveal,Preparing,1
1872,64636.5137,29.3399,leaves.tier1.reduced.r2.reveal,Preparing,1
1873,64668.7505,32.237,leaves.tier1.reduced.r2.reveal,Revealing,1
1874,64710.2013,41.4507,leaves.tier1.reduced.r2.reveal,Revealing,1
1875,64741.8929,31.6915,leaves.tier1.reduced.r2.reveal,Revealing,1
1876,64779.3033,37.4104,leaves.tier1.reduced.r2.reveal,Revealing,1
1877,64812.5028,33.1995,leaves.tier1.reduced.r2.reveal,Revealing,1
1878,64845.8291,33.3263,leaves.tier1.reduced.r2.reveal,Revealing,1
1879,64887.3822,41.5531,leaves.tier1.reduced.r2.reveal,Idle,1
1880,64921.7327,34.3504,leaves.tier1.reduced.r2.settle,Idle,1
1881,64951.0391,29.3065,leaves.tier1.reduced.r2.settle,Idle,1
1882,64981.5816,30.5426,leaves.tier1.reduced.r2.settle,Idle,1
1883,65013.8352,32.2536,leaves.tier1.reduced.r2.settle,Idle,1
1884,65047.0325,33.1973,leaves.tier1.reduced.r2.settle,Idle,1
1885,65079.6576,32.6252,leaves.tier1.reduced.r2.settle,Idle,1
1886,65112.8221,33.1644,leaves.tier1.reduced.r2.settle,Idle,1
1887,65153.9963,41.1742,leaves.tier1.reduced.r2.settle,Idle,1
1888,65193.829,39.8327,leaves.tier1.reduced.r2.settle,Idle,1
1889,65214.5152,20.6862,leaves.tier1.reduced.r2.settle,Idle,1
1890,65246.7497,32.2345,leaves.tier1.reduced.r2.settle,Idle,1
1891,65279.6184,32.8686,leaves.tier1.reduced.r2.settle,Idle,1
1892,65312.953,33.3347,leaves.tier1.reduced.r2.settle,Idle,1
1893,65346.1093,33.1564,leaves.tier1.reduced.r2.settle,Idle,1
1894,65375.7224,29.6129,leaves.tier1.reduced.r2.settle,Idle,1
1895,65410.591,34.8684,route.tier1.menu-camp,Covering,1
1896,65467.9056,57.3149,route.tier1.menu-camp,Covering,1
1897,65502.8897,34.984,route.tier1.menu-camp,Covering,1
1898,65541.1527,38.263,route.tier1.menu-camp,Covering,1
1899,65586.8202,45.6675,route.tier1.menu-camp,Covering,1
1900,65623.8303,37.0101,route.tier1.menu-camp,Covering,1
1901,65662.0421,38.2118,route.tier1.menu-camp,Covering,1
1902,65698.4014,36.3592,route.tier1.menu-camp,Covering,1
1903,65753.1328,54.7314,route.tier1.menu-camp,Covering,1
1904,65778.8751,25.7424,route.tier1.menu-camp,Covering,1
1905,65813.8954,35.0203,route.tier1.menu-camp,Covering,1
1906,65860.734,46.8387,route.tier1.menu-camp,Covering,1
1907,65886.6461,25.9121,route.tier1.menu-camp,Covering,1
1908,65924.5412,37.895,route.tier1.menu-camp,Covering,1
1909,65962.1364,37.5954,route.tier1.menu-camp,Covering,1
1910,65996.5586,34.4222,route.tier1.menu-camp,Covering,1
1911,66034.7865,38.2279,route.tier1.menu-camp,Covering,1
1912,66068.9196,34.133,route.tier1.menu-camp,Covering,1
1913,66107.561,38.6414,route.tier1.menu-camp,Covering,1
1914,66146.2431,38.6821,route.tier1.menu-camp,Covering,1
1915,66181.3777,35.1346,route.tier1.menu-camp,Covering,1
1916,66221.6478,40.2701,route.tier1.menu-camp,Covering,1
1917,66251.2966,29.6487,route.tier1.menu-camp,Covering,1
1918,66283.7595,32.463,route.tier1.menu-camp,Covering,1
1919,66331.7385,47.9788,route.tier1.menu-camp,Covering,1
1920,66356.1263,24.388,route.tier1.menu-camp,Covering,1
1921,66392.5537,36.4273,route.tier1.menu-camp,Covering,1
1922,66426.0897,33.5361,route.tier1.menu-camp,Covering,1
1923,66461.356,35.2662,route.tier1.menu-camp,Covering,1
1924,66515.0147,53.6587,route.tier1.menu-camp,Covering,1
1925,66550.9587,35.9438,route.tier1.menu-camp,Covering,1
1926,66590.6811,39.7227,route.tier1.menu-camp,Covering,1
1927,66632.7407,42.0596,route.tier1.menu-camp,Covering,1
1928,66656.1402,23.3995,route.tier1.menu-camp,Covering,1
1929,66689.2233,33.0831,route.tier1.menu-camp,Covering,1
1930,66722.243,33.0197,route.tier1.menu-camp,Covering,1
1931,66754.8696,32.6266,route.tier1.menu-camp,Covering,1
1932,66784.6347,29.765,route.tier1.menu-camp,Covering,1
1933,66817.1393,32.5047,route.tier1.menu-camp,Covering,1
1934,66850.0798,32.9405,route.tier1.menu-camp,Covering,1
1935,66894.8406,44.7608,route.tier1.menu-camp,Covering,1
1936,66938.5389,43.6983,route.tier1.menu-camp,Covering,1
1937,66967.581,29.042,route.tier1.menu-camp,Covering,1
1938,67000.0239,32.4429,route.tier1.menu-camp,CoveredLoading,1
1939,67017.0101,16.9863,route.tier1.menu-camp,CoveredLoading,1
1940,67090.9949,73.9847,route.tier1.menu-camp,CoveredLoading,1
1941,67203.7599,112.7648,route.tier1.menu-camp,CoveredLoading,1
1942,67251.0028,47.2431,route.tier1.menu-camp,CoveredLoading,1
1943,67334.5956,83.5929,route.tier1.menu-camp,CoveredLoading,1
1944,67348.9115,14.3158,route.tier1.menu-camp,CoveredLoading,1
1945,67452.5291,103.6176,route.tier1.menu-camp,CoveredLoading,1
1946,67482.4756,29.9466,route.tier1.menu-camp,CoveredLoading,1
1947,67521.4601,38.9845,route.tier1.menu-camp,CoveredLoading,1
1948,67561.1925,39.7324,route.tier1.menu-camp,CoveredLoading,1
1949,67609.1637,47.9712,route.tier1.menu-camp,CoveredLoading,1
1950,67676.3584,67.1946,route.tier1.menu-camp,CoveredLoading,1
1951,67746.754,70.3953,route.tier1.menu-camp,CoveredLoading,1
1952,67770.6984,23.9448,route.tier1.menu-camp,CoveredLoading,1
1953,67815.8337,45.1353,route.tier1.menu-camp,CoveredLoading,1
1954,67844.9302,29.0965,route.tier1.menu-camp,CoveredLoading,1
1955,67912.7561,67.8259,route.tier1.menu-camp,CoveredLoading,1
1956,67958.4476,45.6914,route.tier1.menu-camp,CoveredLoading,1
1957,68011.752,53.3044,route.tier1.menu-camp,CoveredLoading,1
1958,68097.0384,85.2864,route.tier1.menu-camp,CoveredLoading,1
1959,68119.0945,22.0562,route.tier1.menu-camp,CoveredLoading,1
1960,68160.6683,41.5738,route.tier1.menu-camp,CoveredLoading,1
1961,68227.526,66.8577,route.tier1.menu-camp,Preparing,1
1962,68265.12,37.594,route.tier1.menu-camp,Preparing,1
1963,68339.9306,74.8105,route.tier1.menu-camp,Preparing,1
1964,68377.7265,37.7959,route.tier1.menu-camp,Preparing,1
1965,68427.6424,49.916,route.tier1.menu-camp,Preparing,1
1966,68477.625,49.9824,route.tier1.menu-camp,Revealing,1
1967,68553.8441,76.2191,route.tier1.menu-camp,Revealing,1
1968,68581.1869,27.3429,route.tier1.menu-camp,Revealing,1
1969,68644.3053,63.1184,route.tier1.menu-camp,Revealing,1
1970,68683.0462,38.7409,route.tier1.menu-camp,Revealing,1
1971,68732.9676,49.9215,route.tier1.menu-camp,Revealing,1
1972,68771.1654,38.1978,route.tier1.menu-camp,Revealing,1
1973,68836.3735,65.2081,route.tier1.menu-camp,Revealing,1
1974,68860.0968,23.7232,route.tier1.menu-camp,Revealing,1
1975,68933.4562,73.3593,route.tier1.menu-camp,Revealing,1
1976,68957.1292,23.6732,route.tier1.menu-camp,Revealing,1
1977,69021.5561,64.4267,route.tier1.menu-camp,Revealing,1
1978,69061.5648,40.0089,route.tier1.menu-camp,Revealing,1
1979,69127.1201,65.5553,route.tier1.menu-camp,Revealing,1
1980,69160.4127,33.2925,route.tier1.menu-camp,Revealing,1
1981,69235.464,75.0514,route.tier1.menu-camp,Revealing,1
1982,69258.1575,22.6934,route.tier1.menu-camp,Revealing,1
1983,69324.4677,66.3103,route.tier1.menu-camp,Revealing,1
1984,69347.7749,23.3072,route.tier1.menu-camp,Revealing,1
1985,69402.9291,55.1542,route.tier1.menu-camp,Revealing,1
1986,69445.9679,43.0311,route.tier1.menu-camp,Revealing,1
1987,69499.2695,53.3092,route.tier1.menu-camp,Revealing,1
1988,69530.106,30.8365,route.tier1.menu-camp,Revealing,1
1989,69597.588,67.4822,route.tier1.menu-camp,Revealing,1
1990,69617.3701,19.782,route.tier1.menu-camp,Revealing,1
1991,69685.403,68.0329,route.tier1.menu-camp,Revealing,1
1992,69707.2291,21.826,route.tier1.menu-camp,Revealing,1
1993,69760.2421,53.0131,route.tier1.menu-camp,Revealing,1
1994,69791.2975,31.0554,route.tier1.menu-camp,Revealing,1
1995,69846.1855,54.8879,route.tier1.menu-camp,Revealing,1
1996,69881.1581,34.9727,route.tier1.menu-camp,Idle,1
1997,69942.4061,61.248,audit.snapshot.route.tier1.menu-camp.ready,Idle,1
1998,69957.5669,15.1607,audit.snapshot.route.tier1.menu-camp.ready,Idle,1
1999,70019.8654,62.2986,audit.snapshot.route.tier1.menu-camp.ready,Idle,1
2000,70035.4333,15.5679,audit.snapshot.route.tier1.menu-camp.ready,Idle,1
2001,70086.4032,50.9699,audit.snapshot.route.tier1.menu-camp.ready,Idle,1
2002,70118.8409,32.4376,audit.snapshot.route.tier1.menu-camp.ready,Idle,1
2003,70169.4623,50.6215,audit.snapshot.route.tier1.menu-camp.ready,Idle,1
2004,70202.4796,33.0173,audit.snapshot.route.tier1.menu-camp.ready,Idle,1
2005,70264.6347,62.1551,audit.snapshot.route.tier1.menu-camp.ready,Idle,1
2006,70279.2923,14.6576,audit.snapshot.route.tier1.menu-camp.ready,Idle,1
2007,70337.8339,58.5416,audit.snapshot.route.tier1.menu-camp.ready,Idle,1
2008,70357.0618,19.2277,audit.snapshot.route.tier1.menu-camp.ready,Idle,1
2009,70403.144,46.0824,audit.snapshot.route.tier1.menu-camp.ready,Idle,1
2010,70435.2477,32.1038,audit.snapshot.route.tier1.menu-camp.ready,Idle,1
2011,70485.6483,50.4005,audit.snapshot.route.tier1.menu-camp.ready,Idle,1
2012,70518.1727,32.5243,audit.snapshot.route.tier1.menu-camp.ready,Idle,1
2013,70580.8772,62.7046,audit.snapshot.route.tier1.menu-camp.ready,Idle,1
2014,70634.1719,53.2946,audit.snapshot.route.tier1.menu-camp.ready,Idle,1
2015,70661.0525,26.8807,audit.snapshot.route.tier1.menu-camp.ready,Idle,1
2016,70678.8749,17.8224,audit.snapshot.route.tier1.menu-camp.ready,Idle,1
2017,70723.4798,44.6048,audit.snapshot.route.tier1.menu-camp.ready,Idle,1
2018,70751.8978,28.4181,audit.snapshot.route.tier1.menu-camp.ready,Idle,1
2019,70802.4738,50.5759,audit.snapshot.route.tier1.menu-camp.ready,Idle,1
2020,70834.5226,32.0487,audit.snapshot.route.tier1.menu-camp.ready,Idle,1
2021,70893.2253,58.7029,audit.snapshot.route.tier1.menu-camp.ready,Idle,1
2022,70911.6554,18.4301,audit.snapshot.route.tier1.menu-camp.ready,Idle,1
2023,70970.2114,58.556,audit.snapshot.route.tier1.menu-camp.ready,Idle,1
2024,70986.4966,16.2852,audit.snapshot.route.tier1.menu-camp.ready,Idle,1
2025,71036.9824,50.4858,audit.snapshot.route.tier1.menu-camp.ready,Idle,1
2026,71068.5987,31.6162,audit.snapshot.route.tier1.menu-camp.ready,Idle,1
2027,71119.716,51.1174,camp.summer.tier1.empty,Idle,1
2028,71152.2371,32.5211,camp.summer.tier1.empty,Idle,1
2029,71214.0208,61.7837,camp.summer.tier1.empty,Idle,1
2030,71237.8599,23.8391,camp.summer.tier1.empty,Idle,1
2031,71309.2164,71.3565,camp.summer.tier1.empty,Idle,1
2032,71323.9241,14.7075,camp.summer.tier1.empty,Idle,1
2033,71369.8724,45.9485,camp.summer.tier1.empty,Idle,1
2034,71402.0971,32.2245,camp.summer.tier1.empty,Idle,1
2035,71454.639,52.5419,camp.summer.tier1.empty,Idle,1
2036,71486.5356,31.8965,camp.summer.tier1.empty,Idle,1
2037,71547.6337,61.0984,camp.summer.tier1.empty,Idle,1
2038,71562.3957,14.762,camp.summer.tier1.empty,Idle,1
2039,71621.1813,58.7855,camp.summer.tier1.empty,Idle,1
2040,71640.2838,19.1024,camp.summer.tier1.empty,Idle,1
2041,71686.4157,46.1321,camp.summer.tier1.empty,Idle,1
2042,71718.7293,32.3136,camp.summer.tier1.empty,Idle,1
2043,71768.9242,50.1948,camp.summer.tier1.empty,Idle,1
2044,71801.4507,32.5265,camp.summer.tier1.empty,Idle,1
2045,71860.214,58.7633,camp.summer.tier1.empty,Idle,1
2046,71878.7455,18.5315,camp.summer.tier1.empty,Idle,1
2047,71937.325,58.5796,camp.summer.tier1.empty,Idle,1
2048,71952.8384,15.5134,camp.summer.tier1.empty,Idle,1
2049,71991.8133,38.9748,camp.summer.tier1.empty,Idle,1
2050,72032.9377,41.1245,camp.summer.tier1.empty,Idle,1
2051,72077.8346,44.8967,camp.summer.tier1.empty,Idle,1
2052,72128.1695,50.335,camp.summer.tier1.empty,Idle,1
2053,72143.3867,15.2172,camp.summer.tier1.empty,Idle,1
2054,72183.4568,40.0702,camp.summer.tier1.empty,Idle,1
2055,72242.6412,59.1844,camp.summer.tier1.empty,Idle,1
2056,72269.2892,26.648,camp.summer.tier1.empty,Idle,1
2057,72302.3438,33.0546,camp.summer.tier1.empty,Idle,1
2058,72340.9937,38.6499,camp.summer.tier1.empty,Idle,1
2059,72388.154,47.1603,camp.summer.tier1.empty,Idle,1
2060,72442.4749,54.3208,camp.summer.tier1.empty,Idle,1
2061,72457.554,15.0791,camp.summer.tier1.empty,Idle,1
2062,72495.5807,38.0268,camp.summer.tier1.empty,Idle,1
2063,72553.7601,58.1793,camp.summer.tier1.empty,Idle,1
2064,72582.4085,28.6484,camp.summer.tier1.empty,Idle,1
2065,72608.7306,26.3221,camp.summer.tier1.empty,Idle,1
2066,72649.4113,40.6807,camp.summer.tier1.empty,Idle,1
2067,72692.1649,42.7536,camp.summer.tier1.empty,Idle,1
2068,72743.4033,51.2385,camp.summer.tier1.empty,Idle,1
2069,72762.0555,18.6522,camp.summer.tier1.empty,Idle,1
2070,72799.7441,37.6886,camp.summer.tier1.empty,Idle,1
2071,72860.3232,60.5791,camp.summer.tier1.empty,Idle,1
2072,72885.1559,24.8327,camp.summer.tier1.empty,Idle,1
2073,72917.6284,32.4726,camp.summer.tier1.empty,Idle,1
2074,72957.2876,39.6591,camp.summer.tier1.empty,Idle,1
2075,73003.7201,46.4324,camp.summer.tier1.empty,Idle,1
2076,73058.8615,55.1415,camp.summer.tier1.empty,Idle,1
2077,73072.5791,13.7173,camp.summer.tier1.empty,Idle,1
2078,73110.8605,38.2816,camp.summer.tier1.empty,Idle,1
2079,73171.492,60.6313,camp.summer.tier1.empty,Idle,1
2080,73196.326,24.8343,camp.summer.tier1.empty,Idle,1
2081,73222.9858,26.6597,camp.summer.tier1.empty,Idle,1
2082,73261.3297,38.344,camp.summer.tier1.empty,Idle,1
2083,73308.8176,47.4879,camp.summer.tier1.empty,Idle,1
2084,73358.4793,49.6617,camp.summer.tier1.empty,Idle,1
2085,73377.3658,18.8865,camp.summer.tier1.empty,Idle,1
2086,73416.7196,39.3538,camp.summer.tier1.empty,Idle,1
2087,73474.0257,57.306,camp.summer.tier1.empty,Idle,1
2088,73496.9858,22.9602,camp.summer.tier1.empty,Idle,1
2089,73523.2505,26.2644,camp.summer.tier1.empty,Idle,1
2090,73562.2242,38.974,camp.summer.tier1.empty,Idle,1
2091,73596.7226,34.4984,camp.summer.tier1.empty,Idle,1
2092,73646.0973,49.3747,camp.summer.tier1.empty,Idle,1
2093,73666.3248,20.2275,camp.summer.tier1.empty,Idle,1
2094,73701.5504,35.2256,camp.summer.tier1.empty,Idle,1
2095,73758.604,57.0536,camp.summer.tier1.empty,Idle,1
2096,73786.6975,28.0934,camp.summer.tier1.empty,Idle,1
2097,73818.6688,31.9714,camp.summer.tier1.empty,Idle,1
2098,73855.2432,36.5743,camp.summer.tier1.empty,Idle,1
2099,73904.2507,49.0069,camp.summer.tier1.empty,Idle,1
2100,73958.1626,53.912,camp.summer.tier1.empty,Idle,1
2101,73972.0229,13.8609,camp.summer.tier1.empty,Idle,1
2102,74010.713,38.6901,camp.summer.tier1.empty,Idle,1
2103,74072.2017,61.4887,camp.summer.tier1.empty,Idle,1
2104,74096.8166,24.6149,camp.summer.tier1.empty,Idle,1
2105,74122.343,25.5264,camp.summer.tier1.empty,Idle,1
2106,74160.2063,37.8631,camp.summer.tier1.empty,Idle,1
2107,74206.1591,45.953,camp.summer.tier1.empty,Idle,1
2108,74257.1715,51.0124,camp.summer.tier1.empty,Idle,1
2109,74310.2821,53.1106,camp.summer.tier1.empty,Idle,1
2110,74320.6757,10.3933,camp.summer.tier1.empty,Idle,1
2111,74378.3555,57.6801,camp.summer.tier1.empty,Idle,1
2112,74404.9845,26.629,camp.summer.tier1.empty,Idle,1
2113,74435.0171,30.0325,camp.summer.tier1.empty,Idle,1
2114,74472.0159,36.9988,camp.summer.tier1.empty,Idle,1
2115,74518.1554,46.1396,camp.summer.tier1.empty,Idle,1
2116,74572.1693,54.0138,camp.summer.tier1.empty,Idle,1
2117,74587.8143,15.645,camp.summer.tier1.empty,Idle,1
2118,74623.0205,35.2063,camp.summer.tier1.empty,Idle,1
2119,74683.8439,60.8234,camp.summer.tier1.empty,Idle,1
2120,74708.7541,24.9099,camp.summer.tier1.empty,Idle,1
2121,74736.1142,27.3604,camp.summer.tier1.empty,Idle,1
2122,74772.6725,36.5582,camp.summer.tier1.empty,Idle,1
2123,74822.5244,49.8519,camp.summer.tier1.empty,Idle,1
2124,74874.2956,51.7713,camp.summer.tier1.empty,Idle,1
2125,74888.3265,14.0309,camp.summer.tier1.empty,Idle,1
2126,74926.9009,38.5744,camp.summer.tier1.empty,Idle,1
2127,74987.669,60.7681,camp.summer.tier1.empty,Idle,1
2128,75013.024,25.355,camp.summer.tier1.empty,Idle,1
2129,75039.721,26.6969,camp.summer.tier1.empty,Idle,1
2130,75078.4198,38.6989,camp.summer.tier1.empty,Idle,1
2131,75125.8019,47.382,camp.summer.tier1.empty,Idle,1
2132,75176.6857,50.8838,camp.summer.tier1.empty,Idle,1
2133,75193.8594,17.1737,camp.summer.tier1.empty,Idle,1
2134,75233.6549,39.7954,camp.summer.tier1.empty,Idle,1
2135,75291.4815,57.8268,camp.summer.tier1.empty,Idle,1
2136,75317.4375,25.9561,camp.summer.tier1.empty,Idle,1
2137,75348.4442,31.0066,camp.summer.tier1.empty,Idle,1
2138,75385.2516,36.8073,camp.summer.tier1.empty,Idle,1
2139,75435.8448,50.5933,camp.summer.tier1.empty,Idle,1
2140,75490.4257,54.5809,camp.summer.tier1.empty,Idle,1
2141,75505.194,14.7683,camp.summer.tier1.empty,Idle,1
2142,75539.8531,34.659,camp.summer.tier1.empty,Idle,1
2143,75603.6896,63.8365,camp.summer.tier1.empty,Idle,1
2144,75629.649,25.9594,camp.summer.tier1.empty,Idle,1
2145,75655.915,26.2661,camp.summer.tier1.empty,Idle,1
2146,75694.1613,38.246,camp.summer.tier1.empty,Idle,1
2147,75784.8637,90.7027,audit.snapshot.camp.summer.tier1.empty,Idle,1
2148,75815.7145,30.8507,audit.snapshot.camp.summer.tier1.empty,Idle,1
2149,75850.8308,35.1163,audit.snapshot.camp.summer.tier1.empty,Idle,1
2150,75886.2905,35.4598,audit.snapshot.camp.summer.tier1.empty,Idle,1
2151,75923.1352,36.8445,audit.snapshot.camp.summer.tier1.empty,Idle,1
2152,75979.7368,56.6018,audit.snapshot.camp.summer.tier1.empty,Idle,1
2153,76001.5013,21.7645,audit.snapshot.camp.summer.tier1.empty,Idle,1
2154,76038.6429,37.1415,audit.snapshot.camp.summer.tier1.empty,Idle,1
2155,76073.6492,35.0064,audit.snapshot.camp.summer.tier1.empty,Idle,1
2156,76117.149,43.4998,audit.snapshot.camp.summer.tier1.empty,Idle,1
2157,76164.0685,46.9194,audit.snapshot.camp.summer.tier1.empty,Idle,1
2158,76189.4333,25.3649,audit.snapshot.camp.summer.tier1.empty,Idle,1
2159,76233.0985,43.6652,audit.snapshot.camp.summer.tier1.empty,Idle,1
2160,76268.1126,35.014,audit.snapshot.camp.summer.tier1.empty,Idle,1
2161,76329.1862,61.0737,audit.snapshot.camp.summer.tier1.empty,Idle,1
2162,76342.6398,13.4536,audit.snapshot.camp.summer.tier1.empty,Idle,1
2163,76384.4104,41.7706,audit.snapshot.camp.summer.tier1.empty,Idle,1
2164,76422.1481,37.7376,audit.snapshot.camp.summer.tier1.empty,Idle,1
2165,76460.6827,38.5347,audit.snapshot.camp.summer.tier1.empty,Idle,1
2166,76524.6595,63.9768,audit.snapshot.camp.summer.tier1.empty,Idle,1
2167,76572.9656,48.306,audit.snapshot.camp.summer.tier1.empty,Idle,1
2168,76604.2786,31.3129,audit.snapshot.camp.summer.tier1.empty,Idle,1
2169,76625.0525,20.774,audit.snapshot.camp.summer.tier1.empty,Idle,1
2170,76666.6948,41.6424,audit.snapshot.camp.summer.tier1.empty,Idle,1
2171,76701.0942,34.3993,audit.snapshot.camp.summer.tier1.empty,Idle,1
2172,76759.3488,58.2547,audit.snapshot.camp.summer.tier1.empty,Idle,1
2173,76777.1015,17.7527,audit.snapshot.camp.summer.tier1.empty,Idle,1
2174,76840.3393,63.2378,audit.snapshot.camp.summer.tier1.empty,Idle,1
2175,76854.4954,14.1561,audit.snapshot.camp.summer.tier1.empty,Idle,1
2176,76912.7275,58.2321,audit.snapshot.camp.summer.tier1.empty,Idle,1
2177,76932.9106,20.1831,camp.summer.tier1.solved,Idle,1
2178,76968.3092,35.3985,camp.summer.tier1.solved,Idle,1
2179,77014.2305,45.9214,camp.summer.tier1.solved,Idle,1
2180,77069.8382,55.6076,camp.summer.tier1.solved,Idle,1
2181,77091.3385,21.5004,camp.summer.tier1.solved,Idle,1
2182,77133.0598,41.7211,camp.summer.tier1.solved,Idle,1
2183,77168.834,35.7742,camp.summer.tier1.solved,Idle,1
2184,77231.3734,62.5396,camp.summer.tier1.solved,Idle,1
2185,77255.6787,24.3051,camp.summer.tier1.solved,Idle,1
2186,77289.7583,34.0795,camp.summer.tier1.solved,Idle,1
2187,77324.5022,34.7442,camp.summer.tier1.solved,Idle,1
2188,77387.3488,62.8466,camp.summer.tier1.solved,Idle,1
2189,77406.7574,19.4085,camp.summer.tier1.solved,Idle,1
2190,77453.8121,47.0548,camp.summer.tier1.solved,Idle,1
2191,77489.9546,36.1424,camp.summer.tier1.solved,Idle,1
2192,77548.3841,58.4296,camp.summer.tier1.solved,Idle,1
2193,77567.0572,18.6731,camp.summer.tier1.solved,Idle,1
2194,77607.329,40.2717,camp.summer.tier1.solved,Idle,1
2195,77641.9602,34.6312,camp.summer.tier1.solved,Idle,1
2196,77704.4603,62.5002,camp.summer.tier1.solved,Idle,1
2197,77723.6273,19.167,camp.summer.tier1.solved,Idle,1
2198,77770.2981,46.6708,camp.summer.tier1.solved,Idle,1
2199,77806.6375,36.3394,camp.summer.tier1.solved,Idle,1
2200,77868.3648,61.7273,camp.summer.tier1.solved,Idle,1
2201,77884.368,16.0032,camp.summer.tier1.solved,Idle,1
2202,77924.232,39.8639,camp.summer.tier1.solved,Idle,1
2203,77963.1302,38.8981,camp.summer.tier1.solved,Idle,1
2204,78021.6695,58.5391,camp.summer.tier1.solved,Idle,1
2205,78040.4274,18.7581,camp.summer.tier1.solved,Idle,1
2206,78087.1481,46.7209,camp.summer.tier1.solved,Idle,1
2207,78123.5558,36.4076,camp.summer.tier1.solved,Idle,1
2208,78184.98,61.4242,camp.summer.tier1.solved,Idle,1
2209,78201.1651,16.1853,camp.summer.tier1.solved,Idle,1
2210,78240.8598,39.6945,camp.summer.tier1.solved,Idle,1
2211,78279.4261,38.5665,camp.summer.tier1.solved,Idle,1
2212,78337.5676,58.1414,camp.summer.tier1.solved,Idle,1
2213,78357.0256,19.458,camp.summer.tier1.solved,Idle,1
2214,78404.09,47.0643,camp.summer.tier1.solved,Idle,1
2215,78439.7812,35.691,camp.summer.tier1.solved,Idle,1
2216,78498.481,58.7001,camp.summer.tier1.solved,Idle,1
2217,78516.2281,17.7472,camp.summer.tier1.solved,Idle,1
2218,78556.7932,40.5649,camp.summer.tier1.solved,Idle,1
2219,78591.5516,34.7584,camp.summer.tier1.solved,Idle,1
2220,78653.5211,61.9696,camp.summer.tier1.solved,Idle,1
2221,78673.4291,19.9079,camp.summer.tier1.solved,Idle,1
2222,78720.2874,46.8584,camp.summer.tier1.solved,Idle,1
2223,78756.807,36.5194,camp.summer.tier1.solved,Idle,1
2224,78815.3943,58.5875,camp.summer.tier1.solved,Idle,1
2225,78833.0277,17.6334,camp.summer.tier1.solved,Idle,1
2226,78868.759,35.7313,camp.summer.tier1.solved,Idle,1
2227,78906.0745,37.3154,camp.summer.tier1.solved,Idle,1
2228,78971.9805,65.9061,camp.summer.tier1.solved,Idle,1
2229,78987.9274,15.9468,camp.summer.tier1.solved,Idle,1
2230,79038.5915,50.6642,camp.summer.tier1.solved,Idle,1
2231,79066.9249,28.3334,camp.summer.tier1.solved,Idle,1
2232,79126.7833,59.8582,camp.summer.tier1.solved,Idle,1
2233,79141.4126,14.6294,camp.summer.tier1.solved,Idle,1
2234,79183.9301,42.5175,camp.summer.tier1.solved,Idle,1
2235,79223.4655,39.5349,camp.summer.tier1.solved,Idle,1
2236,79282.8162,59.3514,camp.summer.tier1.solved,Idle,1
2237,79300.2881,17.4718,camp.summer.tier1.solved,Idle,1
2238,79339.8511,39.5629,camp.summer.tier1.solved,Idle,1
2239,79374.6026,34.7516,camp.summer.tier1.solved,Idle,1
2240,79438.6026,63.9999,camp.summer.tier1.solved,Idle,1
2241,79457.0794,18.4768,camp.summer.tier1.solved,Idle,1
2242,79495.8823,38.803,camp.summer.tier1.solved,Idle,1
2243,79534.7847,38.9023,camp.summer.tier1.solved,Idle,1
2244,79574.3069,39.5222,camp.summer.tier1.solved,Idle,1
2245,79616.6845,42.3777,camp.summer.tier1.solved,Idle,1
2246,79645.6415,28.957,camp.summer.tier1.solved,Idle,1
2247,79684.5349,38.8934,camp.summer.tier1.solved,Idle,1
2248,79747.909,63.3741,camp.summer.tier1.solved,Idle,1
2249,79762.8319,14.9229,camp.summer.tier1.solved,Idle,1
2250,79802.3622,39.5303,camp.summer.tier1.solved,Idle,1
2251,79842.1229,39.7607,camp.summer.tier1.solved,Idle,1
2252,79908.6088,66.4859,camp.summer.tier1.solved,Idle,1
2253,79924.1179,15.5092,camp.summer.tier1.solved,Idle,1
2254,79972.7245,48.6062,camp.summer.tier1.solved,Idle,1
2255,80006.446,33.7217,camp.summer.tier1.solved,Idle,1
2256,80069.3107,62.8648,camp.summer.tier1.solved,Idle,1
2257,80089.6864,20.3756,camp.summer.tier1.solved,Idle,1
2258,80125.3152,35.6288,camp.summer.tier1.solved,Idle,1
2259,80167.3944,42.0793,camp.summer.tier1.solved,Idle,1
2260,80230.7048,63.3103,camp.summer.tier1.solved,Idle,1
2261,80254.3684,23.6637,camp.summer.tier1.solved,Idle,1
2262,80290.2458,35.8773,camp.summer.tier1.solved,Idle,1
2263,80325.0055,34.7598,camp.summer.tier1.solved,Idle,1
2264,80388.5407,63.5351,camp.summer.tier1.solved,Idle,1
2265,80407.1087,18.5681,camp.summer.tier1.solved,Idle,1
2266,80446.378,39.2693,camp.summer.tier1.solved,Idle,1
2267,80485.0698,38.6918,camp.summer.tier1.solved,Idle,1
2268,80552.1905,67.1205,camp.summer.tier1.solved,Idle,1
2269,80567.8357,15.6454,camp.summer.tier1.solved,Idle,1
2270,80620.0901,52.2545,camp.summer.tier1.solved,Idle,1
2271,80656.7925,36.7021,camp.summer.tier1.solved,Idle,1
2272,80695.7367,38.9444,camp.summer.tier1.solved,Idle,1
2273,80734.7153,38.9785,camp.summer.tier1.solved,Idle,1
2274,80774.7236,40.0083,camp.summer.tier1.solved,Idle,1
2275,80822.5472,47.8236,camp.summer.tier1.solved,Idle,1
2276,80881.5392,58.9921,camp.summer.tier1.solved,Idle,1
2277,80894.7118,13.1724,camp.summer.tier1.solved,Idle,1
2278,80934.8096,40.098,camp.summer.tier1.solved,Idle,1
2279,80974.3507,39.5409,camp.summer.tier1.solved,Idle,1
2280,81023.4159,49.0653,camp.summer.tier1.solved,Idle,1
2281,81056.4293,33.0133,camp.summer.tier1.solved,Idle,1
2282,81091.757,35.3278,camp.summer.tier1.solved,Idle,1
2283,81134.4849,42.728,camp.summer.tier1.solved,Idle,1
2284,81174.1847,39.6998,camp.summer.tier1.solved,Idle,1
2285,81223.0417,48.8569,camp.summer.tier1.solved,Idle,1
2286,81256.7368,33.6951,camp.summer.tier1.solved,Idle,1
2287,81291.5406,34.8039,camp.summer.tier1.solved,Idle,1
2288,81335.0922,43.5514,camp.summer.tier1.solved,Idle,1
2289,81375.0104,39.9183,camp.summer.tier1.solved,Idle,1
2290,81422.6132,47.6023,camp.summer.tier1.solved,Idle,1
2291,81456.5749,33.9621,camp.summer.tier1.solved,Idle,1
2292,81491.7459,35.1712,camp.summer.tier1.solved,Idle,1
2293,81534.0693,42.3234,camp.summer.tier1.solved,Idle,1
2294,81565.2065,31.1372,camp.summer.tier1.solved,Idle,1
2295,81610.8563,45.6498,camp.summer.tier1.solved,Idle,1
2296,81652.4905,41.6342,camp.summer.tier1.solved,Idle,1
2297,81688.2176,35.7267,route.tier1.camp-menu,Covering,1
2298,81771.3528,83.1356,route.tier1.camp-menu,Covering,1
2299,81818.9121,47.5593,route.tier1.camp-menu,Covering,1
2300,81879.5467,60.6346,route.tier1.camp-menu,Covering,1
2301,81938.1763,58.6294,route.tier1.camp-menu,Covering,1
2302,81960.8718,22.6956,route.tier1.camp-menu,Covering,1
2303,82013.2338,52.3621,route.tier1.camp-menu,Covering,1
2304,82050.8087,37.5748,route.tier1.camp-menu,Covering,1
2305,82106.2891,55.4803,route.tier1.camp-menu,Covering,1
2306,82141.4649,35.1759,route.tier1.camp-menu,Covering,1
2307,82198.3665,56.9017,route.tier1.camp-menu,Covering,1
2308,82230.095,31.7284,route.tier1.camp-menu,Covering,1
2309,82274.8544,44.7594,route.tier1.camp-menu,Covering,1
2310,82328.0964,53.242,route.tier1.camp-menu,Covering,1
2311,82363.1068,35.0104,route.tier1.camp-menu,Covering,1
2312,82419.4513,56.3446,route.tier1.camp-menu,Covering,1
2313,82458.81,39.3587,route.tier1.camp-menu,Covering,1
2314,82508.7319,49.9219,route.tier1.camp-menu,Covering,1
2315,82572.1906,63.4586,route.tier1.camp-menu,Covering,1
2316,82612.2115,40.021,route.tier1.camp-menu,Covering,1
2317,82675.5696,63.3581,route.tier1.camp-menu,Covering,1
2318,82707.9583,32.3886,route.tier1.camp-menu,Covering,1
2319,82761.5484,53.5901,route.tier1.camp-menu,Covering,1
2320,82827.9624,66.4141,route.tier1.camp-menu,Covering,1
2321,82860.027,32.0646,route.tier1.camp-menu,Covering,1
2322,82928.5305,68.5034,route.tier1.camp-menu,Covering,1
2323,82975.5294,46.999,route.tier1.camp-menu,Covering,1
2324,83046.9357,71.4063,route.tier1.camp-menu,Covering,1
2325,83082.2813,35.3455,route.tier1.camp-menu,Covering,1
2326,83113.377,31.0955,route.tier1.camp-menu,Covering,1
2327,83208.8706,95.4939,route.tier1.camp-menu,Covering,1
2328,83232.1091,23.2384,route.tier1.camp-menu,Covering,1
2329,83282.9867,50.8777,route.tier1.camp-menu,Covering,1
2330,83324.9575,41.9707,route.tier1.camp-menu,CoveredLoading,1
2331,83349.7533,24.7958,route.tier1.camp-menu,CoveredLoading,1
2332,83429.9824,80.2292,route.tier1.camp-menu,CoveredLoading,1
2333,83617.8678,187.8852,route.tier1.camp-menu,CoveredLoading,1
2334,83635.3854,17.5178,route.tier1.camp-menu,CoveredLoading,1
2335,83666.3412,30.9558,route.tier1.camp-menu,CoveredLoading,1
2336,83681.9624,15.6211,route.tier1.camp-menu,CoveredLoading,1
2337,83737.652,55.6897,route.tier1.camp-menu,CoveredLoading,1
2338,83848.4247,110.7726,route.tier1.camp-menu,CoveredLoading,1
2339,83873.7167,25.2921,route.tier1.camp-menu,CoveredLoading,1
2340,83918.0665,44.3498,route.tier1.camp-menu,CoveredLoading,1
2341,83942.6922,24.6256,route.tier1.camp-menu,CoveredLoading,1
2342,83999.5922,56.8999,route.tier1.camp-menu,CoveredLoading,1
2343,84080.6617,81.0694,route.tier1.camp-menu,CoveredLoading,1
2344,84119.9341,39.2727,route.tier1.camp-menu,CoveredLoading,1
2345,84158.0771,38.1428,route.tier1.camp-menu,CoveredLoading,1
2346,84198.1896,40.1127,route.tier1.camp-menu,Preparing,1
2347,84233.3527,35.1631,route.tier1.camp-menu,Preparing,1
2348,84271.0599,37.7072,route.tier1.camp-menu,Preparing,1
2349,84304.4521,33.3921,route.tier1.camp-menu,Preparing,1
2350,84333.4727,29.0207,route.tier1.camp-menu,Preparing,1
2351,84361.6622,28.1894,route.tier1.camp-menu,Preparing,1
2352,84409.9298,48.2675,route.tier1.camp-menu,Preparing,1
2353,84450.4481,40.5184,route.tier1.camp-menu,Revealing,1
2354,84482.0498,31.6018,route.tier1.camp-menu,Revealing,1
2355,84526.6666,44.6168,route.tier1.camp-menu,Revealing,1
2356,84569.154,42.4873,route.tier1.camp-menu,Revealing,1
2357,84609.136,39.982,route.tier1.camp-menu,Revealing,1
2358,84642.2812,33.145,route.tier1.camp-menu,Revealing,1
2359,84688.6866,46.4057,route.tier1.camp-menu,Revealing,1
2360,84715.2725,26.5858,route.tier1.camp-menu,Revealing,1
2361,84740.8259,25.5533,route.tier1.camp-menu,Revealing,1
2362,84784.0074,43.1817,route.tier1.camp-menu,Revealing,1
2363,84815.8957,31.8883,route.tier1.camp-menu,Revealing,1
2364,84860.836,44.9402,route.tier1.camp-menu,Revealing,1
2365,84905.0551,44.2193,route.tier1.camp-menu,Revealing,1
2366,84926.9949,21.9396,route.tier1.camp-menu,Revealing,1
2367,84967.5141,40.5193,route.tier1.camp-menu,Revealing,1
2368,84999.7254,32.2113,route.tier1.camp-menu,Revealing,1
2369,85028.3469,28.6215,route.tier1.camp-menu,Revealing,1
2370,85072.594,44.2471,route.tier1.camp-menu,Revealing,1
2371,85104.3182,31.7242,route.tier1.camp-menu,Revealing,1
2372,85132.8549,28.5368,route.tier1.camp-menu,Revealing,1
2373,85175.3363,42.4813,route.tier1.camp-menu,Revealing,1
2374,85212.8792,37.543,route.tier1.camp-menu,Revealing,1
2375,85247.747,34.8677,route.tier1.camp-menu,Revealing,1
2376,85284.696,36.949,route.tier1.camp-menu,Revealing,1
2377,85319.7885,35.0925,route.tier1.camp-menu,Revealing,1
2378,85365.705,45.9165,route.tier1.camp-menu,Revealing,1
2379,85397.6581,31.953,route.tier1.camp-menu,Revealing,1
2380,85435.0097,37.3516,route.tier1.camp-menu,Revealing,1
2381,85469.0308,34.0212,route.tier1.camp-menu,Revealing,1
2382,85505.7924,36.7615,route.tier1.camp-menu,Revealing,1
2383,85541.1004,35.3081,route.tier1.camp-menu,Revealing,1
2384,85578.9588,37.8583,route.tier1.camp-menu,Revealing,1
2385,85613.4896,34.5308,route.tier1.camp-menu,Revealing,1
2386,85647.8937,34.4042,route.tier1.camp-menu,Revealing,1
2387,85685.2577,37.364,route.tier1.camp-menu,Revealing,1
2388,85736.9193,51.6616,route.tier1.camp-menu,Revealing,1
2389,85785.7424,48.8231,route.tier1.camp-menu,Revealing,1
2390,85824.7592,39.0166,route.tier1.camp-menu,Revealing,1
2391,85860.5391,35.78,route.tier1.camp-menu,Idle,1
2392,85893.7652,33.2261,audit.snapshot.route.tier1.camp-menu.ready,Idle,1
2393,85927.1481,33.383,audit.snapshot.route.tier1.camp-menu.ready,Idle,1
2394,85959.2635,32.1154,audit.snapshot.route.tier1.camp-menu.ready,Idle,1
2395,85992.2077,32.9442,audit.snapshot.route.tier1.camp-menu.ready,Idle,1
2396,86030.3349,38.127,audit.snapshot.route.tier1.camp-menu.ready,Idle,1
2397,86059.1025,28.7678,audit.snapshot.route.tier1.camp-menu.ready,Idle,1
2398,86091.2939,32.1914,audit.snapshot.route.tier1.camp-menu.ready,Idle,1
2399,86125.5208,34.2267,audit.snapshot.route.tier1.camp-menu.ready,Idle,1
2400,86154.1808,28.6602,audit.snapshot.route.tier1.camp-menu.ready,Idle,1
2401,86186.753,32.5721,audit.snapshot.route.tier1.camp-menu.ready,Idle,1
2402,86219.321,32.5681,audit.snapshot.route.tier1.camp-menu.ready,Idle,1
2403,86252.3503,33.0294,audit.snapshot.route.tier1.camp-menu.ready,Idle,1
2404,86286.2549,33.9045,audit.snapshot.route.tier1.camp-menu.ready,Idle,1
2405,86319.2445,32.9896,audit.snapshot.route.tier1.camp-menu.ready,Idle,1
2406,86355.8948,36.6503,audit.snapshot.route.tier1.camp-menu.ready,Idle,1
2407,86398.2157,42.3209,audit.snapshot.route.tier1.camp-menu.ready,Idle,1
2408,86427.0011,28.7854,audit.snapshot.route.tier1.camp-menu.ready,Idle,1
2409,86462.8175,35.8164,audit.snapshot.route.tier1.camp-menu.ready,Idle,1
2410,86492.9591,30.1415,audit.snapshot.route.tier1.camp-menu.ready,Idle,1
2411,86524.6869,31.7278,audit.snapshot.route.tier1.camp-menu.ready,Idle,1
2412,86556.9047,32.2178,audit.snapshot.route.tier1.camp-menu.ready,Idle,1
2413,86586.663,29.7583,audit.snapshot.route.tier1.camp-menu.ready,Idle,1
2414,86620.0813,33.4184,audit.snapshot.route.tier1.camp-menu.ready,Idle,1
2415,86652.8293,32.748,audit.snapshot.route.tier1.camp-menu.ready,Idle,1
2416,86686.057,33.2277,audit.snapshot.route.tier1.camp-menu.ready,Idle,1
2417,86717.9114,31.8544,audit.snapshot.route.tier1.camp-menu.ready,Idle,1
2418,86752.3162,34.4048,audit.snapshot.route.tier1.camp-menu.ready,Idle,1
2419,86785.8192,33.503,audit.snapshot.route.tier1.camp-menu.ready,Idle,1
2420,86819.0959,33.2767,audit.snapshot.route.tier1.camp-menu.ready,Idle,1
2421,86852.6672,33.5713,audit.snapshot.route.tier1.camp-menu.ready,Idle,1
2422,86916.4641,63.7967,audit.snapshot.route.tier1.camp-menu.ready,Idle,2
2423,86952.8476,36.3836,audit.snapshot.route.tier1.camp-menu.ready,Idle,2
2424,86992.4656,39.6181,audit.snapshot.route.tier1.camp-menu.ready,Idle,2
2425,87031.1397,38.6741,audit.snapshot.route.tier1.camp-menu.ready,Idle,2
2426,87068.0603,36.9206,audit.snapshot.route.tier1.camp-menu.ready,Idle,2
2427,87108.3956,40.3353,audit.snapshot.route.tier1.camp-menu.ready,Idle,2
2428,87142.389,33.9933,audit.snapshot.route.tier1.camp-menu.ready,Idle,2
2429,87176.7596,34.3705,audit.snapshot.route.tier1.camp-menu.ready,Idle,2
2430,87217.8552,41.0957,audit.snapshot.route.tier1.camp-menu.ready,Idle,2
2431,87255.2861,37.4309,audit.snapshot.route.tier1.camp-menu.ready,Idle,2
2432,87288.8834,33.5974,audit.snapshot.route.tier1.camp-menu.ready,Idle,2
2433,87325.767,36.8835,audit.snapshot.route.tier1.camp-menu.ready,Idle,2
2434,87337.1501,11.3833,audit.snapshot.route.tier1.camp-menu.ready,Idle,2
2435,87373.5978,36.4476,audit.snapshot.route.tier1.camp-menu.ready,Idle,2
2436,87433.639,60.0412,audit.snapshot.route.tier1.camp-menu.ready,Idle,2
2437,87485.632,51.9929,audit.snapshot.route.tier1.camp-menu.ready,Idle,2
2438,87495.9145,10.2827,audit.snapshot.route.tier1.camp-menu.ready,Idle,2
2439,87529.2053,33.2908,audit.snapshot.route.tier1.camp-menu.ready,Idle,2
2440,87581.5774,52.372,audit.snapshot.route.tier1.camp-menu.ready,Idle,2
2441,87598.5042,16.9267,audit.snapshot.route.tier1.camp-menu.ready,Idle,2
2442,87635.995,37.4909,audit.snapshot.route.tier1.camp-menu.ready,Idle,2
2443,87673.6181,37.6229,audit.snapshot.route.tier1.camp-menu.ready,Idle,2
2444,87708.887,35.269,audit.snapshot.route.tier1.camp-menu.ready,Idle,2
2445,87746.5097,37.6228,audit.snapshot.route.tier1.camp-menu.ready,Idle,2
2446,87778.8607,32.351,audit.snapshot.route.tier1.camp-menu.ready,Idle,2
2447,87819.3324,40.4717,audit.snapshot.route.tier1.camp-menu.ready,Idle,2
2448,87857.492,38.1596,audit.snapshot.route.tier1.camp-menu.ready,Idle,2
2449,87891.8881,34.396,audit.snapshot.route.tier1.camp-menu.ready,Idle,2
2450,87930.1892,38.3011,audit.snapshot.route.tier1.camp-menu.ready,Idle,2
2451,87978.591,48.4019,audit.snapshot.route.tier1.camp-menu.ready,Idle,2
2452,88002.1255,23.5344,menu.tier2.steady,Idle,2
2453,88040.7078,38.5823,menu.tier2.steady,Idle,2
2454,88075.5794,34.8714,menu.tier2.steady,Idle,2
2455,88121.0125,45.4332,menu.tier2.steady,Idle,2
2456,88142.7943,21.7819,menu.tier2.steady,Idle,2
2457,88167.2517,24.4573,menu.tier2.steady,Idle,2
2458,88197.8336,30.582,menu.tier2.steady,Idle,2
2459,88219.4353,21.6016,menu.tier2.steady,Idle,2
2460,88239.8925,20.4572,menu.tier2.steady,Idle,2
2461,88272.6373,32.7448,menu.tier2.steady,Idle,2
2462,88309.2047,36.5676,menu.tier2.steady,Idle,2
2463,88346.3186,37.1139,menu.tier2.steady,Idle,2
2464,88381.0083,34.6897,menu.tier2.steady,Idle,2
2465,88418.8291,37.8208,menu.tier2.steady,Idle,2
2466,88457.4306,38.6015,menu.tier2.steady,Idle,2
2467,88492.2283,34.7974,menu.tier2.steady,Idle,2
2468,88529.5927,37.3647,menu.tier2.steady,Idle,2
2469,88564.1476,34.5548,menu.tier2.steady,Idle,2
2470,88602.5533,38.4057,menu.tier2.steady,Idle,2
2471,88641.1508,38.5976,menu.tier2.steady,Idle,2
2472,88675.739,34.5882,menu.tier2.steady,Idle,2
2473,88713.164,37.425,menu.tier2.steady,Idle,2
2474,88747.6483,34.4843,menu.tier2.steady,Idle,2
2475,88785.6359,37.9876,menu.tier2.steady,Idle,2
2476,88824.4085,38.7726,menu.tier2.steady,Idle,2
2477,88870.1682,45.7597,menu.tier2.steady,Idle,2
2478,88898.0157,27.8475,menu.tier2.steady,Idle,2
2479,88936.1975,38.1818,menu.tier2.steady,Idle,2
2480,88974.9225,38.725,menu.tier2.steady,Idle,2
2481,89009.2896,34.3672,menu.tier2.steady,Idle,2
2482,89046.7595,37.4698,menu.tier2.steady,Idle,2
2483,89080.8612,34.1016,menu.tier2.steady,Idle,2
2484,89118.6437,37.7826,menu.tier2.steady,Idle,2
2485,89157.5071,38.8633,menu.tier2.steady,Idle,2
2486,89192.034,34.527,menu.tier2.steady,Idle,2
2487,89229.8438,37.8097,menu.tier2.steady,Idle,2
2488,89264.293,34.4493,menu.tier2.steady,Idle,2
2489,89302.4332,38.1402,menu.tier2.steady,Idle,2
2490,89340.8944,38.4612,menu.tier2.steady,Idle,2
2491,89375.3426,34.4482,menu.tier2.steady,Idle,2
2492,89413.0982,37.7555,menu.tier2.steady,Idle,2
2493,89447.4495,34.3514,menu.tier2.steady,Idle,2
2494,89485.3558,37.9061,menu.tier2.steady,Idle,2
2495,89524.0922,38.7366,menu.tier2.steady,Idle,2
2496,89558.8123,34.7201,menu.tier2.steady,Idle,2
2497,89596.3701,37.5578,menu.tier2.steady,Idle,2
2498,89630.8038,34.4337,menu.tier2.steady,Idle,2
2499,89668.5458,37.7419,menu.tier2.steady,Idle,2
2500,89707.4825,38.9368,menu.tier2.steady,Idle,2
2501,89742.2883,34.8058,menu.tier2.steady,Idle,2
2502,89779.629,37.3407,menu.tier2.steady,Idle,2
2503,89836.4086,56.7796,menu.tier2.steady,Idle,2
2504,89857.5197,21.1111,menu.tier2.steady,Idle,2
2505,89903.2242,45.7045,menu.tier2.steady,Idle,2
2506,89931.3728,28.1485,menu.tier2.steady,Idle,2
2507,89969.1121,37.7394,menu.tier2.steady,Idle,2
2508,90007.1475,38.0354,menu.tier2.steady,Idle,2
2509,90042.409,35.2615,menu.tier2.steady,Idle,2
2510,90079.6887,37.2796,menu.tier2.steady,Idle,2
2511,90114.1304,34.4418,menu.tier2.steady,Idle,2
2512,90151.8823,37.7519,menu.tier2.steady,Idle,2
2513,90190.5855,38.7031,menu.tier2.steady,Idle,2
2514,90225.714,35.1284,menu.tier2.steady,Idle,2
2515,90262.8905,37.1765,menu.tier2.steady,Idle,2
2516,90297.5941,34.7036,menu.tier2.steady,Idle,2
2517,90335.4807,37.8868,menu.tier2.steady,Idle,2
2518,90373.9613,38.4804,menu.tier2.steady,Idle,2
2519,90421.1712,47.21,menu.tier2.steady,Idle,2
2520,90447.0506,25.8794,menu.tier2.steady,Idle,2
2521,90481.4471,34.3965,menu.tier2.steady,Idle,2
2522,90519.2149,37.7679,menu.tier2.steady,Idle,2
2523,90557.4833,38.2684,menu.tier2.steady,Idle,2
2524,90592.477,34.9936,menu.tier2.steady,Idle,2
2525,90629.5917,37.1149,menu.tier2.steady,Idle,2
2526,90664.2555,34.6636,menu.tier2.steady,Idle,2
2527,90702.1467,37.8912,menu.tier2.steady,Idle,2
2528,90731.7792,29.6326,menu.tier2.steady,Idle,2
2529,90763.0013,31.222,menu.tier2.steady,Idle,2
2530,90797.5107,34.5095,menu.tier2.steady,Idle,2
2531,90835.4328,37.922,menu.tier2.steady,Idle,2
2532,90874.0456,38.6128,menu.tier2.steady,Idle,2
2533,90920.2939,46.2483,menu.tier2.steady,Idle,2
2534,90948.0289,27.735,menu.tier2.steady,Idle,2
2535,90996.754,48.7251,menu.tier2.steady,Idle,2
2536,91052.1538,55.3998,menu.tier2.steady,Idle,2
2537,91096.456,44.3022,menu.tier2.steady,Idle,2
2538,91134.1566,37.7007,menu.tier2.steady,Idle,2
2539,91170.6435,36.4867,menu.tier2.steady,Idle,2
2540,91208.6153,37.9719,menu.tier2.steady,Idle,2
2541,91246.7796,38.1643,menu.tier2.steady,Idle,2
2542,91288.2908,41.5111,menu.tier2.steady,Idle,2
2543,91324.8561,36.5654,menu.tier2.steady,Idle,2
2544,91363.9924,39.1363,menu.tier2.steady,Idle,2
2545,91402.77,38.7775,menu.tier2.steady,Idle,2
2546,91485.0476,82.2778,menu.tier2.steady,Idle,2
2547,91526.8573,41.8097,menu.tier2.steady,Idle,2
2548,91600.7109,73.8535,menu.tier2.steady,Idle,2
2549,91643.0687,42.3577,menu.tier2.steady,Idle,2
2550,91679.4881,36.4195,menu.tier2.steady,Idle,2
2551,91716.8948,37.4067,menu.tier2.steady,Idle,2
2552,91754.2661,37.3714,menu.tier2.steady,Idle,2
2553,91792.9863,38.7201,menu.tier2.steady,Idle,2
2554,91830.2331,37.247,menu.tier2.steady,Idle,2
2555,91868.5424,38.3092,menu.tier2.steady,Idle,2
2556,91884.898,16.3556,menu.tier2.steady,Idle,2
2557,91920.0591,35.1611,menu.tier2.steady,Idle,2
2558,91958.278,38.2187,menu.tier2.steady,Idle,2
2559,91996.2291,37.9512,menu.tier2.steady,Idle,2
2560,92031.0335,34.8045,menu.tier2.steady,Idle,2
2561,92069.1519,38.1184,menu.tier2.steady,Idle,2
2562,92107.7861,38.6341,menu.tier2.steady,Idle,2
2563,92142.2226,34.4364,menu.tier2.steady,Idle,2
2564,92179.7091,37.4866,menu.tier2.steady,Idle,2
2565,92214.3837,34.6746,menu.tier2.steady,Idle,2
2566,92252.0683,37.6847,menu.tier2.steady,Idle,2
2567,92290.9139,38.8455,menu.tier2.steady,Idle,2
2568,92325.4708,34.5569,menu.tier2.steady,Idle,2
2569,92363.0362,37.5654,menu.tier2.steady,Idle,2
2570,92397.6919,34.6557,menu.tier2.steady,Idle,2
2571,92468.8102,71.1184,menu.tier2.steady,Idle,2
2572,92503.6973,34.8871,leaves.tier2.normal.r1,Covering,2
2573,92699.2716,195.5744,leaves.tier2.normal.r1,Covering,2
2574,92739.6729,40.4012,leaves.tier2.normal.r1,Covering,2
2575,92778.8911,39.2181,leaves.tier2.normal.r1,Covering,2
2576,92834.6113,55.7203,leaves.tier2.normal.r1,Covering,2
2577,92879.2207,44.6094,leaves.tier2.normal.r1,Covering,2
2578,92918.3848,39.1641,leaves.tier2.normal.r1,Covering,2
2579,92962.2219,43.8371,leaves.tier2.normal.r1,Covering,2
2580,93001.7678,39.5458,leaves.tier2.normal.r1,Covering,2
2581,93026.5941,24.8262,leaves.tier2.normal.r1,Covering,2
2582,93051.6414,25.0475,leaves.tier2.normal.r1,Covering,2
2583,93091.5866,39.9452,leaves.tier2.normal.r1,Covering,2
2584,93131.3968,39.8101,leaves.tier2.normal.r1,Covering,2
2585,93174.5265,43.1298,leaves.tier2.normal.r1,Covering,2
2586,93214.7029,40.1764,leaves.tier2.normal.r1,Covering,2
2587,93258.5909,43.8878,leaves.tier2.normal.r1,Covering,2
2588,93299.72,41.1293,leaves.tier2.normal.r1,Covering,2
2589,93333.1676,33.4476,leaves.tier2.normal.r1,Covering,2
2590,93367.5787,34.4111,leaves.tier2.normal.r1,Covering,2
2591,93405.6371,38.0584,leaves.tier2.normal.r1,Covering,2
2592,93472.7182,67.081,leaves.tier2.normal.r1,Covering,2
2593,93511.7038,38.9854,leaves.tier2.normal.r1,Covering,2
2594,93577.2717,65.5679,leaves.tier2.normal.r1,Covering,2
2595,93619.8337,42.5622,leaves.tier2.normal.r1,Covering,2
2596,93671.9946,52.161,leaves.tier2.normal.r1,Covering,2
2597,93705.4386,33.444,leaves.tier2.normal.r1,Covering,2
2598,93750.6208,45.1822,leaves.tier2.normal.r1,Covering,2
2599,93791.7332,41.1124,leaves.tier2.normal.r1,Covering,2
2600,93828.681,36.9477,leaves.tier2.normal.r1,Covering,2
2601,93868.6788,39.9978,leaves.tier2.normal.r1,Covering,2
2602,93906.8988,38.22,leaves.tier2.normal.r1,Covering,2
2603,93933.3553,26.4566,leaves.tier2.normal.r1,Covering,2
2604,93971.0716,37.7163,leaves.tier2.normal.r1,Covering,2
2605,94008.9687,37.8972,leaves.tier2.normal.r1,Covering,2
2606,94049.591,40.6222,leaves.tier2.normal.r1,Covering,2
2607,94095.8547,46.2637,leaves.tier2.normal.r1,CoveredLoading,2
2608,94116.4033,20.5486,leaves.tier2.normal.r1,CoveredLoading,2
2609,94133.0722,16.6689,audit.snapshot.leaves.tier2.normal.r1.covered,CoveredLoading,2
2610,94151.1446,18.0724,leaves.tier2.normal.r1.hold,CoveredLoading,2
2611,94172.0688,20.9242,leaves.tier2.normal.r1.hold,CoveredLoading,2
2612,94190.0061,17.9371,leaves.tier2.normal.r1.hold,CoveredLoading,2
2613,94213.1303,23.1243,leaves.tier2.normal.r1.hold,CoveredLoading,2
2614,94244.2342,31.104,leaves.tier2.normal.r1.hold,CoveredLoading,2
2615,94258.2006,13.9661,leaves.tier2.normal.r1.hold,CoveredLoading,2
2616,94283.237,25.0367,leaves.tier2.normal.r1.hold,CoveredLoading,2
2617,94302.934,19.6969,leaves.tier2.normal.r1.hold,CoveredLoading,2
2618,94326.4386,23.5046,leaves.tier2.normal.r1.hold,CoveredLoading,2
2619,94349.6843,23.2458,leaves.tier2.normal.r1.hold,CoveredLoading,2
2620,94367.6743,17.9899,leaves.tier2.normal.r1.hold,CoveredLoading,2
2621,94388.2808,20.6066,leaves.tier2.normal.r1.hold,CoveredLoading,2
2622,94406.0655,17.7846,leaves.tier2.normal.r1.hold,CoveredLoading,2
2623,94426.6798,20.6143,leaves.tier2.normal.r1.hold,CoveredLoading,2
2624,94449.6495,22.9698,leaves.tier2.normal.r1.hold,CoveredLoading,2
2625,94518.1957,68.5462,leaves.tier2.normal.r1.hold,CoveredLoading,2
2626,94532.7506,14.5549,leaves.tier2.normal.r1.hold,CoveredLoading,2
2627,94555.1603,22.4097,leaves.tier2.normal.r1.hold,CoveredLoading,2
2628,94572.9274,17.7669,leaves.tier2.normal.r1.hold,CoveredLoading,2
2629,94649.5465,76.6192,leaves.tier2.normal.r1.reveal,Preparing,2
2630,94695.1713,45.6248,leaves.tier2.normal.r1.reveal,Preparing,2
2631,94726.0272,30.856,leaves.tier2.normal.r1.reveal,Preparing,2
2632,94772.7304,46.7032,leaves.tier2.normal.r1.reveal,Preparing,2
2633,94807.0983,34.3679,leaves.tier2.normal.r1.reveal,Preparing,2
2634,94844.0625,36.9564,leaves.tier2.normal.r1.reveal,Preparing,2
2635,94893.0013,48.9465,leaves.tier2.normal.r1.reveal,Revealing,2
2636,94942.68,49.6786,leaves.tier2.normal.r1.reveal,Revealing,2
2637,94979.8005,37.1208,leaves.tier2.normal.r1.reveal,Revealing,2
2638,95037.4998,57.6991,leaves.tier2.normal.r1.reveal,Revealing,2
2639,95077.4306,39.9309,leaves.tier2.normal.r1.reveal,Revealing,2
2640,95117.3522,39.9216,leaves.tier2.normal.r1.reveal,Revealing,2
2641,95155.4457,38.0935,leaves.tier2.normal.r1.reveal,Revealing,2
2642,95189.8601,34.4144,leaves.tier2.normal.r1.reveal,Revealing,2
2643,95226.0858,36.2258,leaves.tier2.normal.r1.reveal,Revealing,2
2644,95282.238,56.1521,leaves.tier2.normal.r1.reveal,Revealing,2
2645,95307.4836,25.2456,leaves.tier2.normal.r1.reveal,Revealing,2
2646,95344.557,37.0734,leaves.tier2.normal.r1.reveal,Revealing,2
2647,95395.4207,50.8637,leaves.tier2.normal.r1.reveal,Revealing,2
2648,95445.4762,50.0555,leaves.tier2.normal.r1.reveal,Revealing,2
2649,95483.5588,38.0826,leaves.tier2.normal.r1.reveal,Revealing,2
2650,95517.2496,33.6908,leaves.tier2.normal.r1.reveal,Revealing,2
2651,95555.7333,38.4834,leaves.tier2.normal.r1.reveal,Revealing,2
2652,95598.8847,43.1516,leaves.tier2.normal.r1.reveal,Revealing,2
2653,95641.7289,42.8442,leaves.tier2.normal.r1.reveal,Revealing,2
2654,95686.3102,44.5814,leaves.tier2.normal.r1.reveal,Revealing,2
2655,95731.5568,45.2465,leaves.tier2.normal.r1.reveal,Revealing,2
2656,95782.3431,50.7862,leaves.tier2.normal.r1.reveal,Revealing,2
2657,95819.4623,37.1195,leaves.tier2.normal.r1.reveal,Revealing,2
2658,95862.4061,42.9437,leaves.tier2.normal.r1.reveal,Revealing,2
2659,95901.9192,39.513,leaves.tier2.normal.r1.reveal,Revealing,2
2660,95942.4844,40.5653,leaves.tier2.normal.r1.reveal,Revealing,2
2661,95979.7227,37.2383,leaves.tier2.normal.r1.reveal,Revealing,2
2662,96104.3708,124.6481,leaves.tier2.normal.r1.reveal,Revealing,2
2663,96122.5162,18.1453,leaves.tier2.normal.r1.reveal,Revealing,2
2664,96155.4917,32.9756,leaves.tier2.normal.r1.reveal,Revealing,2
2665,96197.2268,41.7351,leaves.tier2.normal.r1.reveal,Revealing,2
2666,96240.7194,43.4925,leaves.tier2.normal.r1.reveal,Revealing,2
2667,96280.5769,39.8575,leaves.tier2.normal.r1.reveal,Revealing,2
2668,96326.0712,45.4942,leaves.tier2.normal.r1.reveal,Idle,2
2669,96368.5302,42.4593,leaves.tier2.normal.r1.settle,Idle,2
2670,96405.2361,36.7057,leaves.tier2.normal.r1.settle,Idle,2
2671,96441.443,36.2067,leaves.tier2.normal.r1.settle,Idle,2
2672,96480.1154,38.6726,leaves.tier2.normal.r1.settle,Idle,2
2673,96514.1453,34.03,leaves.tier2.normal.r1.settle,Idle,2
2674,96548.5279,34.3826,leaves.tier2.normal.r1.settle,Idle,2
2675,96595.7282,47.2003,leaves.tier2.normal.r1.settle,Idle,2
2676,96623.1158,27.3875,leaves.tier2.normal.r1.settle,Idle,2
2677,96663.6729,40.5572,leaves.tier2.normal.r1.settle,Idle,2
2678,96677.7321,14.0592,leaves.tier2.normal.r1.settle,Idle,2
2679,96714.6352,36.9029,leaves.tier2.normal.r1.settle,Idle,2
2680,96752.224,37.5888,leaves.tier2.normal.r1.settle,Idle,2
2681,96790.9575,38.7336,leaves.tier2.normal.r1.settle,Idle,2
2682,96825.517,34.5596,leaves.tier2.normal.r1.settle,Idle,2
2683,96863.7561,38.239,leaves.tier2.normal.r1.settle,Idle,2
2684,96899.5815,35.8254,leaves.tier2.reduced.r1,Covering,2
2685,96946.3457,46.7642,leaves.tier2.reduced.r1,Covering,2
2686,96979.1954,32.8497,leaves.tier2.reduced.r1,Covering,2
2687,97028.7425,49.5471,leaves.tier2.reduced.r1,Covering,2
2688,97056.6279,27.8853,leaves.tier2.reduced.r1,CoveredLoading,2
2689,97075.0383,18.4105,leaves.tier2.reduced.r1,CoveredLoading,2
2690,97095.9006,20.8622,audit.snapshot.leaves.tier2.reduced.r1.covered,CoveredLoading,2
2691,97106.7672,10.8667,leaves.tier2.reduced.r1.hold,CoveredLoading,2
2692,97130.2375,23.4701,leaves.tier2.reduced.r1.hold,CoveredLoading,2
2693,97140.1016,9.8644,leaves.tier2.reduced.r1.hold,CoveredLoading,2
2694,97157.8253,17.7237,leaves.tier2.reduced.r1.hold,CoveredLoading,2
2695,97174.5687,16.7433,leaves.tier2.reduced.r1.hold,CoveredLoading,2
2696,97200.9552,26.3865,leaves.tier2.reduced.r1.hold,CoveredLoading,2
2697,97210.1478,9.1926,leaves.tier2.reduced.r1.hold,CoveredLoading,2
2698,97229.6551,19.5073,leaves.tier2.reduced.r1.hold,CoveredLoading,2
2699,97240.6417,10.9866,leaves.tier2.reduced.r1.hold,CoveredLoading,2
2700,97256.9592,16.3175,leaves.tier2.reduced.r1.hold,CoveredLoading,2
2701,97273.1659,16.2067,leaves.tier2.reduced.r1.hold,CoveredLoading,2
2702,97296.074,22.9082,leaves.tier2.reduced.r1.hold,CoveredLoading,2
2703,97316.256,20.182,leaves.tier2.reduced.r1.hold,CoveredLoading,2
2704,97324.772,8.5158,leaves.tier2.reduced.r1.hold,CoveredLoading,2
2705,97342.0717,17.2998,leaves.tier2.reduced.r1.hold,CoveredLoading,2
2706,97362.5828,20.5112,leaves.tier2.reduced.r1.hold,CoveredLoading,2
2707,97383.0498,20.467,leaves.tier2.reduced.r1.hold,CoveredLoading,2
2708,97391.3883,8.3385,leaves.tier2.reduced.r1.hold,CoveredLoading,2
2709,97407.9322,16.5439,leaves.tier2.reduced.r1.hold,CoveredLoading,2
2710,97452.5011,44.5689,leaves.tier2.reduced.r1.reveal,Preparing,2
2711,97463.5205,11.0194,leaves.tier2.reduced.r1.reveal,Preparing,2
2712,97495.7716,32.2511,leaves.tier2.reduced.r1.reveal,Preparing,2
2713,97529.993,34.2212,leaves.tier2.reduced.r1.reveal,Revealing,2
2714,97564.2426,34.2498,leaves.tier2.reduced.r1.reveal,Revealing,2
2715,97601.7764,37.5338,leaves.tier2.reduced.r1.reveal,Revealing,2
2716,97650.2572,48.4808,leaves.tier2.reduced.r1.reveal,Revealing,2
2717,97686.067,35.8097,leaves.tier2.reduced.r1.reveal,Revealing,2
2718,97734.9738,48.9068,leaves.tier2.reduced.r1.reveal,Idle,2
2719,97774.1493,39.1756,leaves.tier2.reduced.r1.settle,Idle,2
2720,97808.0239,33.8746,leaves.tier2.reduced.r1.settle,Idle,2
2721,97855.1243,47.1002,leaves.tier2.reduced.r1.settle,Idle,2
2722,97893.0783,37.9539,leaves.tier2.reduced.r1.settle,Idle,2
2723,97949.891,56.8127,leaves.tier2.reduced.r1.settle,Idle,2
2724,97969.1976,19.3068,leaves.tier2.reduced.r1.settle,Idle,2
2725,98007.4088,38.2112,leaves.tier2.reduced.r1.settle,Idle,2
2726,98041.8983,34.4895,leaves.tier2.reduced.r1.settle,Idle,2
2727,98080.303,38.4048,leaves.tier2.reduced.r1.settle,Idle,2
2728,98114.7844,34.4814,leaves.tier2.reduced.r1.settle,Idle,2
2729,98152.7061,37.9217,leaves.tier2.reduced.r1.settle,Idle,2
2730,98190.7228,38.0167,leaves.tier2.reduced.r1.settle,Idle,2
2731,98225.0524,34.3293,leaves.tier2.reduced.r1.settle,Idle,2
2732,98263.4161,38.364,leaves.tier2.reduced.r1.settle,Idle,2
2733,98298.0971,34.6809,leaves.tier2.reduced.r1.settle,Idle,2
2734,98337.1188,39.0217,leaves.tier2.normal.r2,Covering,2
2735,98405.4908,68.3719,leaves.tier2.normal.r2,Covering,2
2736,98442.728,37.2372,leaves.tier2.normal.r2,Covering,2
2737,98485.0669,42.339,leaves.tier2.normal.r2,Covering,2
2738,98534.5636,49.4967,leaves.tier2.normal.r2,Covering,2
2739,98577.5803,43.0167,leaves.tier2.normal.r2,Covering,2
2740,98626.8281,49.2478,leaves.tier2.normal.r2,Covering,2
2741,98677.0051,50.1771,leaves.tier2.normal.r2,Covering,2
2742,98712.7476,35.7424,leaves.tier2.normal.r2,Covering,2
2743,98753.6562,40.9086,leaves.tier2.normal.r2,Covering,2
2744,98797.5938,43.9376,leaves.tier2.normal.r2,Covering,2
2745,98850.4669,52.8731,leaves.tier2.normal.r2,Covering,2
2746,98874.3723,23.9055,leaves.tier2.normal.r2,Covering,2
2747,98917.955,43.5827,leaves.tier2.normal.r2,Covering,2
2748,98958.3456,40.3906,leaves.tier2.normal.r2,Covering,2
2749,99001.5198,43.174,leaves.tier2.normal.r2,Covering,2
2750,99039.9868,38.4671,leaves.tier2.normal.r2,Covering,2
2751,99085.055,45.0682,leaves.tier2.normal.r2,Covering,2
2752,99127.0882,42.0333,leaves.tier2.normal.r2,Covering,2
2753,99173.0018,45.9134,leaves.tier2.normal.r2,Covering,2
2754,99209.1745,36.1729,leaves.tier2.normal.r2,Covering,2
2755,99245.1641,35.9895,leaves.tier2.normal.r2,Covering,2
2756,99284.1921,39.028,leaves.tier2.normal.r2,Covering,2
2757,99323.4151,39.223,leaves.tier2.normal.r2,Covering,2
2758,99362.1705,38.7554,leaves.tier2.normal.r2,Covering,2
2759,99407.4766,45.3061,leaves.tier2.normal.r2,Covering,2
2760,99452.3733,44.8967,leaves.tier2.normal.r2,Covering,2
2761,99498.3547,45.9815,leaves.tier2.normal.r2,Covering,2
2762,99539.641,41.2863,leaves.tier2.normal.r2,Covering,2
2763,99566.6551,27.014,leaves.tier2.normal.r2,Covering,2
2764,99605.1573,38.5023,leaves.tier2.normal.r2,Covering,2
2765,99640.2812,35.1238,leaves.tier2.normal.r2,Covering,2
2766,99678.0423,37.7611,leaves.tier2.normal.r2,Covering,2
2767,99729.2639,51.2216,leaves.tier2.normal.r2,Covering,2
2768,99767.179,37.9152,leaves.tier2.normal.r2,Covering,2
2769,99805.2881,38.1092,leaves.tier2.normal.r2,Covering,2
2770,99840.0846,34.7964,leaves.tier2.normal.r2,Covering,2
2771,99878.4337,38.349,leaves.tier2.normal.r2,Covering,2
2772,99929.191,50.7573,leaves.tier2.normal.r2,CoveredLoading,2
2773,99954.915,25.7241,leaves.tier2.normal.r2,CoveredLoading,2
2774,99973.1522,18.2371,audit.snapshot.leaves.tier2.normal.r2.covered,CoveredLoading,2
2775,99993.2979,20.1457,leaves.tier2.normal.r2.hold,CoveredLoading,2
2776,100016.7002,23.4025,leaves.tier2.normal.r2.hold,CoveredLoading,2
2777,100034.4768,17.7765,leaves.tier2.normal.r2.hold,CoveredLoading,2
2778,100054.8952,20.4184,leaves.tier2.normal.r2.hold,CoveredLoading,2
2779,100073.1348,18.2395,leaves.tier2.normal.r2.hold,CoveredLoading,2
2780,100093.4742,20.3394,leaves.tier2.normal.r2.hold,CoveredLoading,2
2781,100116.6368,23.1627,leaves.tier2.normal.r2.hold,CoveredLoading,2
2782,100135.4046,18.7676,leaves.tier2.normal.r2.hold,CoveredLoading,2
2783,100158.8713,23.4668,leaves.tier2.normal.r2.hold,CoveredLoading,2
2784,100182.2871,23.4154,leaves.tier2.normal.r2.hold,CoveredLoading,2
2785,100216.5011,34.2145,leaves.tier2.normal.r2.hold,CoveredLoading,2
2786,100232.9653,16.4642,leaves.tier2.normal.r2.hold,CoveredLoading,2
2787,100252.3497,19.3844,leaves.tier2.normal.r2.hold,CoveredLoading,2
2788,100277.495,25.1453,leaves.tier2.normal.r2.hold,CoveredLoading,2
2789,100299.3934,21.8984,leaves.tier2.normal.r2.hold,CoveredLoading,2
2790,100316.3203,16.9269,leaves.tier2.normal.r2.hold,CoveredLoading,2
2791,100334.6815,18.3612,leaves.tier2.normal.r2.hold,CoveredLoading,2
2792,100355.2346,20.5528,leaves.tier2.normal.r2.hold,CoveredLoading,2
2793,100373.3005,18.0661,leaves.tier2.normal.r2.hold,CoveredLoading,2
2794,100390.9197,17.6193,leaves.tier2.normal.r2.reveal,Preparing,2
2795,100437.7362,46.8165,leaves.tier2.normal.r2.reveal,Preparing,2
2796,100485.4732,47.7369,leaves.tier2.normal.r2.reveal,Preparing,2
2797,100528.3621,42.8889,leaves.tier2.normal.r2.reveal,Preparing,2
2798,100566.4879,38.1259,leaves.tier2.normal.r2.reveal,Preparing,2
2799,100605.0907,38.6028,leaves.tier2.normal.r2.reveal,Preparing,2
2800,100639.1958,34.1051,leaves.tier2.normal.r2.reveal,Preparing,2
2801,100673.6484,34.4525,leaves.tier2.normal.r2.reveal,Revealing,2
2802,100709.2527,35.6043,leaves.tier2.normal.r2.reveal,Revealing,2
2803,100756.8162,47.5636,leaves.tier2.normal.r2.reveal,Revealing,2
2804,100784.7569,27.9407,leaves.tier2.normal.r2.reveal,Revealing,2
2805,100828.4069,43.65,leaves.tier2.normal.r2.reveal,Revealing,2
2806,100859.7727,31.3657,leaves.tier2.normal.r2.reveal,Revealing,2
2807,100912.2088,52.4361,leaves.tier2.normal.r2.reveal,Revealing,2
2808,100962.1663,49.9576,leaves.tier2.normal.r2.reveal,Revealing,2
2809,101036.2285,74.0622,leaves.tier2.normal.r2.reveal,Revealing,2
2810,101066.9831,30.7546,leaves.tier2.normal.r2.reveal,Revealing,2
2811,101104.691,37.7078,leaves.tier2.normal.r2.reveal,Revealing,2
2812,101139.4318,34.7408,leaves.tier2.normal.r2.reveal,Revealing,2
2813,101174.0668,34.635,leaves.tier2.normal.r2.reveal,Revealing,2
2814,101211.3982,37.3315,leaves.tier2.normal.r2.reveal,Revealing,2
2815,101262.1113,50.7131,leaves.tier2.normal.r2.reveal,Revealing,2
2816,101311.5367,49.4253,leaves.tier2.normal.r2.reveal,Revealing,2
2817,101359.0492,47.5126,leaves.tier2.normal.r2.reveal,Revealing,2
2818,101392.6345,33.5851,leaves.tier2.normal.r2.reveal,Revealing,2
2819,101436.7038,44.0694,leaves.tier2.normal.r2.reveal,Revealing,2
2820,101480.859,44.1549,leaves.tier2.normal.r2.reveal,Revealing,2
2821,101520.3477,39.4891,leaves.tier2.normal.r2.reveal,Revealing,2
2822,101565.1212,44.7735,leaves.tier2.normal.r2.reveal,Revealing,2
2823,101619.1123,53.9912,leaves.tier2.normal.r2.reveal,Revealing,2
2824,101652.082,32.9696,leaves.tier2.normal.r2.reveal,Revealing,2
2825,101692.2638,40.1818,leaves.tier2.normal.r2.reveal,Revealing,2
2826,101734.9496,42.6857,leaves.tier2.normal.r2.reveal,Revealing,2
2827,101768.4703,33.5209,leaves.tier2.normal.r2.reveal,Revealing,2
2828,101808.765,40.2945,leaves.tier2.normal.r2.reveal,Revealing,2
2829,101850.8046,42.0397,leaves.tier2.normal.r2.reveal,Revealing,2
2830,101887.3294,36.5247,leaves.tier2.normal.r2.reveal,Revealing,2
2831,101930.2966,42.9673,leaves.tier2.normal.r2.reveal,Revealing,2
2832,101969.4018,39.1052,leaves.tier2.normal.r2.reveal,Revealing,2
2833,102008.4021,39.0002,leaves.tier2.normal.r2.reveal,Revealing,2
2834,102050.9707,42.5687,leaves.tier2.normal.r2.reveal,Revealing,2
2835,102092.2791,41.3083,leaves.tier2.normal.r2.reveal,Idle,2
2836,102133.3881,41.1091,leaves.tier2.normal.r2.settle,Idle,2
2837,102172.7755,39.3872,leaves.tier2.normal.r2.settle,Idle,2
2838,102203.8581,31.0828,leaves.tier2.normal.r2.settle,Idle,2
2839,102247.5829,43.7248,leaves.tier2.normal.r2.settle,Idle,2
2840,102281.0754,33.4926,leaves.tier2.normal.r2.settle,Idle,2
2841,102315.0871,34.0116,leaves.tier2.normal.r2.settle,Idle,2
2842,102348.7995,33.7123,leaves.tier2.normal.r2.settle,Idle,2
2843,102385.4634,36.6639,leaves.tier2.normal.r2.settle,Idle,2
2844,102419.4846,34.0212,leaves.tier2.normal.r2.settle,Idle,2
2845,102453.3754,33.8908,leaves.tier2.normal.r2.settle,Idle,2
2846,102491.2681,37.8928,leaves.tier2.normal.r2.settle,Idle,2
2847,102525.4055,34.1373,leaves.tier2.normal.r2.settle,Idle,2
2848,102563.5407,38.1352,leaves.tier2.normal.r2.settle,Idle,2
2849,102597.4767,33.936,leaves.tier2.normal.r2.settle,Idle,2
2850,102631.8019,34.3252,leaves.tier2.normal.r2.settle,Idle,2
2851,102665.0118,33.2097,leaves.tier2.reduced.r2,Covering,2
2852,102709.1684,44.1567,leaves.tier2.reduced.r2,Covering,2
2853,102747.3589,38.1907,leaves.tier2.reduced.r2,Covering,2
2854,102789.8801,42.5203,leaves.tier2.reduced.r2,Covering,2
2855,102834.244,44.3648,leaves.tier2.reduced.r2,CoveredLoading,2
2856,102845.993,11.7491,leaves.tier2.reduced.r2,CoveredLoading,2
2857,102873.5149,27.5217,audit.snapshot.leaves.tier2.reduced.r2.covered,CoveredLoading,2
2858,102883.1102,9.5953,leaves.tier2.reduced.r2.hold,CoveredLoading,2
2859,102907.5146,24.4045,leaves.tier2.reduced.r2.hold,CoveredLoading,2
2860,102916.282,8.7673,leaves.tier2.reduced.r2.hold,CoveredLoading,2
2861,102936.1972,19.9153,leaves.tier2.reduced.r2.hold,CoveredLoading,2
2862,102945.2323,9.0352,leaves.tier2.reduced.r2.hold,CoveredLoading,2
2863,102967.8912,22.6588,leaves.tier2.reduced.r2.hold,CoveredLoading,2
2864,102976.716,8.8247,leaves.tier2.reduced.r2.hold,CoveredLoading,2
2865,102997.1381,20.4221,leaves.tier2.reduced.r2.hold,CoveredLoading,2
2866,103009.3332,12.1951,leaves.tier2.reduced.r2.hold,CoveredLoading,2
2867,103032.1042,22.771,leaves.tier2.reduced.r2.hold,CoveredLoading,2
2868,103052.935,20.8308,leaves.tier2.reduced.r2.hold,CoveredLoading,2
2869,103061.6754,8.7404,leaves.tier2.reduced.r2.hold,CoveredLoading,2
2870,103085.5496,23.8742,leaves.tier2.reduced.r2.hold,CoveredLoading,2
2871,103095.034,9.4845,leaves.tier2.reduced.r2.hold,CoveredLoading,2
2872,103116.9317,21.8977,leaves.tier2.reduced.r2.hold,CoveredLoading,2
2873,103134.025,17.0933,leaves.tier2.reduced.r2.hold,CoveredLoading,2
2874,103151.037,17.012,leaves.tier2.reduced.r2.hold,CoveredLoading,2
2875,103167.7436,16.7066,leaves.tier2.reduced.r2.hold,CoveredLoading,2
2876,103184.5335,16.7899,leaves.tier2.reduced.r2.hold,CoveredLoading,2
2877,103195.8168,11.2834,leaves.tier2.reduced.r2.reveal,Preparing,2
2878,103226.0955,30.2787,leaves.tier2.reduced.r2.reveal,Preparing,2
2879,103271.4221,45.3263,leaves.tier2.reduced.r2.reveal,Preparing,2
2880,103304.6724,33.2505,leaves.tier2.reduced.r2.reveal,Revealing,2
2881,103332.6356,27.9632,leaves.tier2.reduced.r2.reveal,Revealing,2
2882,103402.4479,69.8123,leaves.tier2.reduced.r2.reveal,Revealing,2
2883,103418.5124,16.0644,leaves.tier2.reduced.r2.reveal,Revealing,2
2884,103469.8343,51.322,leaves.tier2.reduced.r2.reveal,Revealing,2
2885,103502.4526,32.6183,leaves.tier2.reduced.r2.reveal,Idle,2
2886,103544.53,42.0774,leaves.tier2.reduced.r2.settle,Idle,2
2887,103575.6145,31.0845,leaves.tier2.reduced.r2.settle,Idle,2
2888,103613.6201,38.0057,leaves.tier2.reduced.r2.settle,Idle,2
2889,103648.1792,34.559,leaves.tier2.reduced.r2.settle,Idle,2
2890,103685.7108,37.5316,leaves.tier2.reduced.r2.settle,Idle,2
2891,103734.4877,48.7769,leaves.tier2.reduced.r2.settle,Idle,2
2892,103770.6585,36.1708,leaves.tier2.reduced.r2.settle,Idle,2
2893,103815.2266,44.568,leaves.tier2.reduced.r2.settle,Idle,2
2894,103852.5944,37.3679,leaves.tier2.reduced.r2.settle,Idle,2
2895,103890.7015,38.107,leaves.tier2.reduced.r2.settle,Idle,2
2896,103925.285,34.5836,leaves.tier2.reduced.r2.settle,Idle,2
2897,103982.3907,57.1057,leaves.tier2.reduced.r2.settle,Idle,2
2898,103997.7786,15.3878,leaves.tier2.reduced.r2.settle,Idle,2
2899,104035.5153,37.7368,leaves.tier2.reduced.r2.settle,Idle,2
2900,104073.824,38.3085,leaves.tier2.reduced.r2.settle,Idle,2
2901,104109.8022,35.9782,route.tier2.menu-camp,Covering,2
2902,104178.5212,68.7192,route.tier2.menu-camp,Covering,2
2903,104210.3131,31.7915,route.tier2.menu-camp,Covering,2
2904,104245.1111,34.7983,route.tier2.menu-camp,Covering,2
2905,104281.2061,36.0945,route.tier2.menu-camp,Covering,2
2906,104325.6095,44.4039,route.tier2.menu-camp,Covering,2
2907,104369.983,44.3735,route.tier2.menu-camp,Covering,2
2908,104419.5779,49.595,route.tier2.menu-camp,Covering,2
2909,104471.1772,51.5993,route.tier2.menu-camp,Covering,2
2910,104542.0677,70.8905,route.tier2.menu-camp,Covering,2
2911,104568.4602,26.3924,route.tier2.menu-camp,Covering,2
2912,104614.2466,45.7864,route.tier2.menu-camp,Covering,2
2913,104662.8717,48.6251,route.tier2.menu-camp,Covering,2
2914,104709.16,46.2884,route.tier2.menu-camp,Covering,2
2915,104754.6987,45.5387,route.tier2.menu-camp,Covering,2
2916,104787.0202,32.3215,route.tier2.menu-camp,Covering,2
2917,104836.3356,49.3154,route.tier2.menu-camp,Covering,2
2918,104886.954,50.6183,route.tier2.menu-camp,Covering,2
2919,104932.2039,45.25,route.tier2.menu-camp,Covering,2
2920,104976.7633,44.5591,route.tier2.menu-camp,Covering,2
2921,105029.4357,52.6726,route.tier2.menu-camp,Covering,2
2922,105067.3104,37.8747,route.tier2.menu-camp,Covering,2
2923,105116.7167,49.4063,route.tier2.menu-camp,Covering,2
2924,105149.2613,32.5446,route.tier2.menu-camp,Covering,2
2925,105177.6496,28.3882,route.tier2.menu-camp,Covering,2
2926,105208.3974,30.7479,route.tier2.menu-camp,Covering,2
2927,105261.6406,53.2432,route.tier2.menu-camp,Covering,2
2928,105304.4879,42.8474,route.tier2.menu-camp,Covering,2
2929,105338.5815,34.0936,route.tier2.menu-camp,Covering,2
2930,105374.146,35.5645,route.tier2.menu-camp,Covering,2
2931,105412.0612,37.9151,route.tier2.menu-camp,Covering,2
2932,105450.1319,38.0708,route.tier2.menu-camp,Covering,2
2933,105501.0282,50.8963,route.tier2.menu-camp,Covering,2
2934,105527.2023,26.1741,route.tier2.menu-camp,Covering,2
2935,105567.1615,39.9591,route.tier2.menu-camp,Covering,2
2936,105604.8511,37.6895,route.tier2.menu-camp,Covering,2
2937,105639.024,34.1731,route.tier2.menu-camp,Covering,2
2938,105673.6568,34.6326,route.tier2.menu-camp,Covering,2
2939,105709.4609,35.8043,route.tier2.menu-camp,CoveredLoading,2
2940,105734.3215,24.8606,route.tier2.menu-camp,CoveredLoading,2
2941,105819.2811,84.9598,route.tier2.menu-camp,CoveredLoading,2
2942,105958.1793,138.8977,route.tier2.menu-camp,CoveredLoading,2
2943,106012.6589,54.4799,route.tier2.menu-camp,CoveredLoading,2
2944,106111.3163,98.6574,route.tier2.menu-camp,CoveredLoading,2
2945,106132.7467,21.4303,route.tier2.menu-camp,CoveredLoading,2
2946,106230.155,97.4084,route.tier2.menu-camp,CoveredLoading,2
2947,106263.5699,33.4149,route.tier2.menu-camp,CoveredLoading,2
2948,106293.7667,30.1968,route.tier2.menu-camp,CoveredLoading,2
2949,106401.8054,108.0386,route.tier2.menu-camp,CoveredLoading,2
2950,106430.0438,28.2383,route.tier2.menu-camp,CoveredLoading,2
2951,106461.5805,31.5367,route.tier2.menu-camp,CoveredLoading,2
2952,106568.3998,106.8192,route.tier2.menu-camp,CoveredLoading,2
2953,106605.974,37.5744,route.tier2.menu-camp,CoveredLoading,2
2954,106639.5797,33.6056,route.tier2.menu-camp,CoveredLoading,2
2955,106691.2069,51.6272,route.tier2.menu-camp,CoveredLoading,2
2956,106772.1805,80.9736,route.tier2.menu-camp,CoveredLoading,2
2957,106819.5897,47.4094,route.tier2.menu-camp,CoveredLoading,2
2958,106843.9964,24.4066,route.tier2.menu-camp,CoveredLoading,2
2959,106918.2965,74.3002,route.tier2.menu-camp,CoveredLoading,2
2960,106982.6679,64.3713,route.tier2.menu-camp,CoveredLoading,2
2961,107021.7871,39.1193,route.tier2.menu-camp,CoveredLoading,2
2962,107061.0705,39.2833,route.tier2.menu-camp,CoveredLoading,2
2963,107110.4947,49.4241,route.tier2.menu-camp,CoveredLoading,2
2964,107169.1831,58.6885,route.tier2.menu-camp,Preparing,2
2965,107208.311,39.128,route.tier2.menu-camp,Preparing,2
2966,107270.7266,62.4155,route.tier2.menu-camp,Preparing,2
2967,107311.1794,40.4528,route.tier2.menu-camp,Preparing,2
2968,107386.0075,74.8282,route.tier2.menu-camp,Preparing,2
2969,107411.2627,25.2551,route.tier2.menu-camp,Revealing,2
2970,107486.6131,75.3504,route.tier2.menu-camp,Revealing,2
2971,107515.1326,28.5195,route.tier2.menu-camp,Revealing,2
2972,107572.974,57.8415,route.tier2.menu-camp,Revealing,2
2973,107609.2606,36.2866,route.tier2.menu-camp,Revealing,2
2974,107656.9926,47.7319,route.tier2.menu-camp,Revealing,2
2975,107692.9332,35.9407,route.tier2.menu-camp,Revealing,2
2976,107759.6122,66.6789,route.tier2.menu-camp,Revealing,2
2977,107776.7869,17.1748,route.tier2.menu-camp,Revealing,2
2978,107826.0241,49.2371,route.tier2.menu-camp,Revealing,2
2979,107883.9746,57.9505,route.tier2.menu-camp,Revealing,2
2980,107915.1779,31.2034,route.tier2.menu-camp,Revealing,2
2981,107943.7067,28.5288,route.tier2.menu-camp,Revealing,2
2982,107984.4717,40.765,route.tier2.menu-camp,Revealing,2
2983,108024.8283,40.3566,route.tier2.menu-camp,Revealing,2
2984,108086.4235,61.5952,route.tier2.menu-camp,Revealing,2
2985,108106.7443,20.3208,route.tier2.menu-camp,Revealing,2
2986,108140.5294,33.7851,route.tier2.menu-camp,Revealing,2
2987,108178.3879,37.8584,route.tier2.menu-camp,Revealing,2
2988,108217.4605,39.0727,route.tier2.menu-camp,Revealing,2
2989,108267.8495,50.3889,route.tier2.menu-camp,Revealing,2
2990,108282.3341,14.4846,route.tier2.menu-camp,Revealing,2
2991,108321.8456,39.5116,route.tier2.menu-camp,Revealing,2
2992,108369.8692,48.0236,route.tier2.menu-camp,Revealing,2
2993,108389.669,19.7999,route.tier2.menu-camp,Revealing,2
2994,108416.7002,27.0311,route.tier2.menu-camp,Revealing,2
2995,108450.3281,33.6278,route.tier2.menu-camp,Revealing,2
2996,108497.0642,46.7362,route.tier2.menu-camp,Revealing,2
2997,108538.5408,41.4766,route.tier2.menu-camp,Revealing,2
2998,108555.8398,17.299,route.tier2.menu-camp,Revealing,2
2999,108585.4297,29.5898,route.tier2.menu-camp,Revealing,2
3000,108637.6812,52.2515,route.tier2.menu-camp,Revealing,2
3001,108661.3232,23.6421,route.tier2.menu-camp,Revealing,2
3002,108684.4259,23.1027,route.tier2.menu-camp,Revealing,2
3003,108717.5257,33.0998,route.tier2.menu-camp,Revealing,2
3004,108763.67,46.144,route.tier2.menu-camp,Revealing,2
3005,108809.9275,46.2578,route.tier2.menu-camp,Revealing,2
3006,108834.7495,24.8219,route.tier2.menu-camp,Idle,2
3007,108877.6036,42.8542,audit.snapshot.route.tier2.menu-camp.ready,Idle,2
3008,108921.2743,43.6707,audit.snapshot.route.tier2.menu-camp.ready,Idle,2
3009,108947.3154,26.0409,audit.snapshot.route.tier2.menu-camp.ready,Idle,2
3010,108969.7624,22.4469,audit.snapshot.route.tier2.menu-camp.ready,Idle,2
3011,109002.5036,32.7412,audit.snapshot.route.tier2.menu-camp.ready,Idle,2
3012,109038.5277,36.0243,audit.snapshot.route.tier2.menu-camp.ready,Idle,2
3013,109103.5417,65.0141,audit.snapshot.route.tier2.menu-camp.ready,Idle,2
3014,109128.7706,25.2289,audit.snapshot.route.tier2.menu-camp.ready,Idle,2
3015,109168.4783,39.7076,audit.snapshot.route.tier2.menu-camp.ready,Idle,2
3016,109236.4141,67.9359,audit.snapshot.route.tier2.menu-camp.ready,Idle,2
3017,109270.4476,34.0335,audit.snapshot.route.tier2.menu-camp.ready,Idle,2
3018,109308.4768,38.0291,audit.snapshot.route.tier2.menu-camp.ready,Idle,2
3019,109352.0227,43.546,audit.snapshot.route.tier2.menu-camp.ready,Idle,2
3020,109405.3812,53.3584,audit.snapshot.route.tier2.menu-camp.ready,Idle,2
3021,109469.5228,64.1416,audit.snapshot.route.tier2.menu-camp.ready,Idle,2
3022,109490.4813,20.9586,audit.snapshot.route.tier2.menu-camp.ready,Idle,2
3023,109533.6609,43.1795,audit.snapshot.route.tier2.menu-camp.ready,Idle,2
3024,109603.127,69.4661,audit.snapshot.route.tier2.menu-camp.ready,Idle,2
3025,109636.1556,33.0285,audit.snapshot.route.tier2.menu-camp.ready,Idle,2
3026,109674.0085,37.8529,audit.snapshot.route.tier2.menu-camp.ready,Idle,2
3027,109716.8934,42.8851,audit.snapshot.route.tier2.menu-camp.ready,Idle,2
3028,109770.4373,53.5439,audit.snapshot.route.tier2.menu-camp.ready,Idle,2
3029,109835.8582,65.4209,audit.snapshot.route.tier2.menu-camp.ready,Idle,2
3030,109857.1458,21.2876,audit.snapshot.route.tier2.menu-camp.ready,Idle,2
3031,109900.1898,43.044,audit.snapshot.route.tier2.menu-camp.ready,Idle,2
3032,109969.2205,69.0306,audit.snapshot.route.tier2.menu-camp.ready,Idle,2
3033,110002.4227,33.2024,audit.snapshot.route.tier2.menu-camp.ready,Idle,2
3034,110040.6308,38.208,audit.snapshot.route.tier2.menu-camp.ready,Idle,2
3035,110083.5477,42.9168,audit.snapshot.route.tier2.menu-camp.ready,Idle,2
3036,110137.1554,53.6077,audit.snapshot.route.tier2.menu-camp.ready,Idle,2
3037,110202.7985,65.6432,camp.summer.tier2.empty,Idle,2
3038,110234.85,32.0515,camp.summer.tier2.empty,Idle,2
3039,110284.1249,49.2749,camp.summer.tier2.empty,Idle,2
3040,110352.5036,68.3787,camp.summer.tier2.empty,Idle,2
3041,110386.0157,33.5121,camp.summer.tier2.empty,Idle,2
3042,110424.8458,38.8301,camp.summer.tier2.empty,Idle,2
3043,110468.2503,43.4045,camp.summer.tier2.empty,Idle,2
3044,110522.2453,53.9949,camp.summer.tier2.empty,Idle,2
3045,110586.5112,64.266,camp.summer.tier2.empty,Idle,2
3046,110607.5917,21.0806,camp.summer.tier2.empty,Idle,2
3047,110651.3762,43.7843,camp.summer.tier2.empty,Idle,2
3048,110720.9562,69.5798,camp.summer.tier2.empty,Idle,2
3049,110742.8698,21.9139,camp.summer.tier2.empty,Idle,2
3050,110786.3252,43.4553,camp.summer.tier2.empty,Idle,2
3051,110833.5427,47.2176,camp.summer.tier2.empty,Idle,2
3052,110914.0742,80.5315,camp.summer.tier2.empty,Idle,2
3053,110969.7002,55.626,camp.summer.tier2.empty,Idle,2
3054,110981.1793,11.4788,camp.summer.tier2.empty,Idle,2
3055,111019.4284,38.2493,camp.summer.tier2.empty,Idle,2
3056,111098.0171,78.5888,camp.summer.tier2.empty,Idle,2
3057,111111.8062,13.7891,camp.summer.tier2.empty,Idle,2
3058,111152.5299,40.7237,camp.summer.tier2.empty,Idle,2
3059,111196.2813,43.7514,camp.summer.tier2.empty,Idle,2
3060,111253.424,57.1427,camp.summer.tier2.empty,Idle,2
3061,111292.0319,38.6077,camp.summer.tier2.empty,Idle,2
3062,111335.8583,43.8264,camp.summer.tier2.empty,Idle,2
3063,111383.0204,47.1623,camp.summer.tier2.empty,Idle,2
3064,111452.4311,69.4107,camp.summer.tier2.empty,Idle,2
3065,111498.0898,45.6587,camp.summer.tier2.empty,Idle,2
3066,111517.0213,18.9315,camp.summer.tier2.empty,Idle,2
3067,111563.3212,46.2998,camp.summer.tier2.empty,Idle,2
3068,111621.2217,57.9006,camp.summer.tier2.empty,Idle,2
3069,111671.1958,49.974,camp.summer.tier2.empty,Idle,2
3070,111707.4477,36.2519,camp.summer.tier2.empty,Idle,2
3071,111750.458,43.0104,camp.summer.tier2.empty,Idle,2
3072,111820.1475,69.6896,camp.summer.tier2.empty,Idle,2
3073,111865.4859,45.3383,camp.summer.tier2.empty,Idle,2
3074,111884.2859,18.7999,camp.summer.tier2.empty,Idle,2
3075,111929.1849,44.899,camp.summer.tier2.empty,Idle,2
3076,111986.8332,57.6484,camp.summer.tier2.empty,Idle,2
3077,112036.759,49.9258,camp.summer.tier2.empty,Idle,2
3078,112075.4105,38.6515,camp.summer.tier2.empty,Idle,2
3079,112118.8876,43.4771,camp.summer.tier2.empty,Idle,2
3080,112189.0807,70.1932,camp.summer.tier2.empty,Idle,2
3081,112236.2682,47.1875,camp.summer.tier2.empty,Idle,2
3082,112257.198,20.9297,camp.summer.tier2.empty,Idle,2
3083,112301.0541,43.856,camp.summer.tier2.empty,Idle,2
3084,112357.4163,56.3622,camp.summer.tier2.empty,Idle,2
3085,112404.2889,46.8726,camp.summer.tier2.empty,Idle,2
3086,112440.5788,36.2899,camp.summer.tier2.empty,Idle,2
3087,112483.823,43.2441,camp.summer.tier2.empty,Idle,2
3088,112553.4657,69.6429,camp.summer.tier2.empty,Idle,2
3089,112601.6612,48.1955,camp.summer.tier2.empty,Idle,2
3090,112619.0152,17.354,camp.summer.tier2.empty,Idle,2
3091,112666.1624,47.1472,camp.summer.tier2.empty,Idle,2
3092,112719.6352,53.4728,camp.summer.tier2.empty,Idle,2
3093,112769.3636,49.7284,camp.summer.tier2.empty,Idle,2
3094,112807.8143,38.4507,camp.summer.tier2.empty,Idle,2
3095,112850.9923,43.178,camp.summer.tier2.empty,Idle,2
3096,112919.9835,68.9911,camp.summer.tier2.empty,Idle,2
3097,112965.1887,45.2053,camp.summer.tier2.empty,Idle,2
3098,112983.7562,18.5675,camp.summer.tier2.empty,Idle,2
3099,113026.6803,42.924,camp.summer.tier2.empty,Idle,2
3100,113076.3135,49.6333,camp.summer.tier2.empty,Idle,2
3101,113121.8074,45.4939,camp.summer.tier2.empty,Idle,2
3102,113155.4828,33.6754,camp.summer.tier2.empty,Idle,2
3103,113200.7267,45.2439,camp.summer.tier2.empty,Idle,2
3104,113269.768,69.0413,camp.summer.tier2.empty,Idle,2
3105,113309.8493,40.0812,camp.summer.tier2.empty,Idle,2
3106,113333.2253,23.3761,camp.summer.tier2.empty,Idle,2
3107,113372.2892,39.0638,camp.summer.tier2.empty,Idle,2
3108,113425.8567,53.5676,camp.summer.tier2.empty,Idle,2
3109,113470.489,44.6323,camp.summer.tier2.empty,Idle,2
3110,113509.8185,39.3295,camp.summer.tier2.empty,Idle,2
3111,113551.6214,41.8029,camp.summer.tier2.empty,Idle,2
3112,113620.8663,69.2448,camp.summer.tier2.empty,Idle,2
3113,113668.8785,48.0123,camp.summer.tier2.empty,Idle,2
3114,113688.2335,19.3548,camp.summer.tier2.empty,Idle,2
3115,113733.085,44.8517,camp.summer.tier2.empty,Idle,2
3116,113786.5198,53.4348,camp.summer.tier2.empty,Idle,2
3117,113835.9651,49.4453,camp.summer.tier2.empty,Idle,2
3118,113872.0238,36.0586,camp.summer.tier2.empty,Idle,2
3119,113917.0104,44.9867,camp.summer.tier2.empty,Idle,2
3120,113983.1072,66.0968,camp.summer.tier2.empty,Idle,2
3121,114025.3433,42.2361,camp.summer.tier2.empty,Idle,2
3122,114043.7883,18.445,camp.summer.tier2.empty,Idle,2
3123,114088.4903,44.7019,camp.summer.tier2.empty,Idle,2
3124,114140.5606,52.0703,camp.summer.tier2.empty,Idle,2
3125,114186.7222,46.1616,camp.summer.tier2.empty,Idle,2
3126,114222.5262,35.804,camp.summer.tier2.empty,Idle,2
3127,114267.9717,45.4456,camp.summer.tier2.empty,Idle,2
3128,114339.8626,71.8901,camp.summer.tier2.empty,Idle,2
3129,114386.7073,46.8455,camp.summer.tier2.empty,Idle,2
3130,114405.7974,19.0901,camp.summer.tier2.empty,Idle,2
3131,114451.2345,45.4371,camp.summer.tier2.empty,Idle,2
3132,114505.215,53.9805,camp.summer.tier2.empty,Idle,2
3133,114553.772,48.5568,camp.summer.tier2.empty,Idle,2
3134,114592.8516,39.0797,camp.summer.tier2.empty,Idle,2
3135,114634.8578,42.0063,camp.summer.tier2.empty,Idle,2
3136,114703.32,68.4622,camp.summer.tier2.empty,Idle,2
3137,114750.5745,47.2545,camp.summer.tier2.empty,Idle,2
3138,114766.2664,15.6919,camp.summer.tier2.empty,Idle,2
3139,114810.7525,44.4861,camp.summer.tier2.empty,Idle,2
3140,114869.8821,59.1296,camp.summer.tier2.empty,Idle,2
3141,114919.704,49.8219,camp.summer.tier2.empty,Idle,2
3142,114963.7571,44.0531,camp.summer.tier2.empty,Idle,2
3143,115010.4987,46.7416,camp.summer.tier2.empty,Idle,2
3144,115076.4245,65.9258,camp.summer.tier2.empty,Idle,2
3145,115121.9758,45.5512,camp.summer.tier2.empty,Idle,2
3146,115139.2277,17.2519,camp.summer.tier2.empty,Idle,2
3147,115184.5765,45.3489,camp.summer.tier2.empty,Idle,2
3148,115238.6057,54.0292,camp.summer.tier2.empty,Idle,2
3149,115286.5666,47.9608,camp.summer.tier2.empty,Idle,2
3150,115326.4563,39.8897,camp.summer.tier2.empty,Idle,2
3151,115368.4453,41.989,camp.summer.tier2.empty,Idle,2
3152,115438.7759,70.3307,camp.summer.tier2.empty,Idle,2
3153,115485.7182,46.9423,camp.summer.tier2.empty,Idle,2
3154,115505.1393,19.421,camp.summer.tier2.empty,Idle,2
3155,115550.2921,45.1529,camp.summer.tier2.empty,Idle,2
3156,115607.1692,56.877,camp.summer.tier2.empty,Idle,2
3157,115702.001,94.8319,audit.snapshot.camp.summer.tier2.empty,Idle,2
3158,115734.7923,32.7912,audit.snapshot.camp.summer.tier2.empty,Idle,2
3159,115782.4574,47.6651,audit.snapshot.camp.summer.tier2.empty,Idle,2
3160,115821.6735,39.2162,audit.snapshot.camp.summer.tier2.empty,Idle,2
3161,115874.0574,52.3838,audit.snapshot.camp.summer.tier2.empty,Idle,2
3162,115920.9605,46.903,audit.snapshot.camp.summer.tier2.empty,Idle,2
3163,115960.4187,39.4584,audit.snapshot.camp.summer.tier2.empty,Idle,2
3164,116002.2077,41.789,audit.snapshot.camp.summer.tier2.empty,Idle,2
3165,116045.2517,43.044,audit.snapshot.camp.summer.tier2.empty,Idle,2
3166,116105.0919,59.8401,audit.snapshot.camp.summer.tier2.empty,Idle,2
3167,116154.5736,49.4817,audit.snapshot.camp.summer.tier2.empty,Idle,2
3168,116193.4236,38.8501,audit.snapshot.camp.summer.tier2.empty,Idle,2
3169,116235.5561,42.1325,audit.snapshot.camp.summer.tier2.empty,Idle,2
3170,116278.268,42.7118,audit.snapshot.camp.summer.tier2.empty,Idle,2
3171,116337.6757,59.4075,audit.snapshot.camp.summer.tier2.empty,Idle,2
3172,116388.7568,51.0814,audit.snapshot.camp.summer.tier2.empty,Idle,2
3173,116426.9204,38.1636,audit.snapshot.camp.summer.tier2.empty,Idle,2
3174,116469.2311,42.3106,audit.snapshot.camp.summer.tier2.empty,Idle,2
3175,116512.1961,42.9651,audit.snapshot.camp.summer.tier2.empty,Idle,2
3176,116573.8031,61.607,audit.snapshot.camp.summer.tier2.empty,Idle,2
3177,116626.3079,52.5048,audit.snapshot.camp.summer.tier2.empty,Idle,2
3178,116660.9979,34.69,audit.snapshot.camp.summer.tier2.empty,Idle,2
3179,116705.5892,44.5913,audit.snapshot.camp.summer.tier2.empty,Idle,2
3180,116748.1627,42.5735,audit.snapshot.camp.summer.tier2.empty,Idle,2
3181,116804.1453,55.9825,audit.snapshot.camp.summer.tier2.empty,Idle,2
3182,116854.6284,50.4828,audit.snapshot.camp.summer.tier2.empty,Idle,2
3183,116891.796,37.168,audit.snapshot.camp.summer.tier2.empty,Idle,2
3184,116935.5876,43.7916,audit.snapshot.camp.summer.tier2.empty,Idle,2
3185,116976.7147,41.1271,audit.snapshot.camp.summer.tier2.empty,Idle,2
3186,117022.7043,45.9894,audit.snapshot.camp.summer.tier2.empty,Idle,2
3187,117070.8112,48.107,camp.summer.tier2.solved,Idle,2
3188,117120.9043,50.0931,camp.summer.tier2.solved,Idle,2
3189,117167.8293,46.9251,camp.summer.tier2.solved,Idle,2
3190,117216.9152,49.0858,camp.summer.tier2.solved,Idle,2
3191,117271.0461,54.131,camp.summer.tier2.solved,Idle,2
3192,117320.6853,49.6392,camp.summer.tier2.solved,Idle,2
3193,117362.1612,41.4758,camp.summer.tier2.solved,Idle,2
3194,117406.9162,44.7549,camp.summer.tier2.solved,Idle,2
3195,117450.5114,43.5953,camp.summer.tier2.solved,Idle,2
3196,117504.0753,53.564,camp.summer.tier2.solved,Idle,2
3197,117553.8734,49.7981,camp.summer.tier2.solved,Idle,2
3198,117595.5532,41.6798,camp.summer.tier2.solved,Idle,2
3199,117635.8493,40.2962,camp.summer.tier2.solved,Idle,2
3200,117683.2202,47.3708,camp.summer.tier2.solved,Idle,2
3201,117736.9662,53.746,camp.summer.tier2.solved,Idle,2
3202,117787.4472,50.481,camp.summer.tier2.solved,Idle,2
3203,117828.8459,41.3987,camp.summer.tier2.solved,Idle,2
3204,117869.0251,40.1792,camp.summer.tier2.solved,Idle,2
3205,117913.8135,44.7883,camp.summer.tier2.solved,Idle,2
3206,117969.6364,55.823,camp.summer.tier2.solved,Idle,2
3207,118020.6265,50.9901,camp.summer.tier2.solved,Idle,2
3208,118062.1978,41.5713,camp.summer.tier2.solved,Idle,2
3209,118107.0129,44.815,camp.summer.tier2.solved,Idle,2
3210,118150.4065,43.3937,camp.summer.tier2.solved,Idle,2
3211,118203.7221,53.3155,camp.summer.tier2.solved,Idle,2
3212,118253.8883,50.1663,camp.summer.tier2.solved,Idle,2
3213,118295.3397,41.4514,camp.summer.tier2.solved,Idle,2
3214,118335.6969,40.3571,camp.summer.tier2.solved,Idle,2
3215,118380.5547,44.8578,camp.summer.tier2.solved,Idle,2
3216,118436.961,56.4064,camp.summer.tier2.solved,Idle,2
3217,118487.5139,50.5528,camp.summer.tier2.solved,Idle,2
3218,118528.6442,41.1304,camp.summer.tier2.solved,Idle,2
3219,118568.7869,40.1426,camp.summer.tier2.solved,Idle,2
3220,118613.9935,45.2067,camp.summer.tier2.solved,Idle,2
3221,118670.5242,56.5307,camp.summer.tier2.solved,Idle,2
3222,118721.2876,50.7634,camp.summer.tier2.solved,Idle,2
3223,118762.0229,40.7353,camp.summer.tier2.solved,Idle,2
3224,118802.1327,40.1098,camp.summer.tier2.solved,Idle,2
3225,118847.6945,45.5617,camp.summer.tier2.solved,Idle,2
3226,118903.9307,56.236,camp.summer.tier2.solved,Idle,2
3227,118954.0894,50.159,camp.summer.tier2.solved,Idle,2
3228,118995.1617,41.0723,camp.summer.tier2.solved,Idle,2
3229,119035.7521,40.5904,camp.summer.tier2.solved,Idle,2
3230,119080.592,44.8398,camp.summer.tier2.solved,Idle,2
3231,119136.778,56.1861,camp.summer.tier2.solved,Idle,2
3232,119187.4309,50.6529,camp.summer.tier2.solved,Idle,2
3233,119228.5263,41.0954,camp.summer.tier2.solved,Idle,2
3234,119268.7887,40.2624,camp.summer.tier2.solved,Idle,2
3235,119313.8883,45.0995,camp.summer.tier2.solved,Idle,2
3236,119370.3127,56.4244,camp.summer.tier2.solved,Idle,2
3237,119421.5418,51.2292,camp.summer.tier2.solved,Idle,2
3238,119463.3869,41.845,camp.summer.tier2.solved,Idle,2
3239,119502.2943,38.9074,camp.summer.tier2.solved,Idle,2
3240,119547.5184,45.2242,camp.summer.tier2.solved,Idle,2
3241,119603.7411,56.2227,camp.summer.tier2.solved,Idle,2
3242,119654.0822,50.3411,camp.summer.tier2.solved,Idle,2
3243,119695.5396,41.4574,camp.summer.tier2.solved,Idle,2
3244,119735.8348,40.2952,camp.summer.tier2.solved,Idle,2
3245,119783.0928,47.2579,camp.summer.tier2.solved,Idle,2
3246,119836.9156,53.8229,camp.summer.tier2.solved,Idle,2
3247,119882.6771,45.7615,camp.summer.tier2.solved,Idle,2
3248,119917.2003,34.5232,camp.summer.tier2.solved,Idle,2
3249,119962.5073,45.3069,camp.summer.tier2.solved,Idle,2
3250,120002.0968,39.5895,camp.summer.tier2.solved,Idle,2
3251,120056.2682,54.1714,camp.summer.tier2.solved,Idle,2
3252,120104.122,47.8539,camp.summer.tier2.solved,Idle,2
3253,120145.6097,41.4877,camp.summer.tier2.solved,Idle,2
3254,120185.5549,39.9452,camp.summer.tier2.solved,Idle,2
3255,120230.5627,45.0077,camp.summer.tier2.solved,Idle,2
3256,120287.2035,56.6409,camp.summer.tier2.solved,Idle,2
3257,120337.2834,50.0799,camp.summer.tier2.solved,Idle,2
3258,120378.6725,41.3891,camp.summer.tier2.solved,Idle,2
3259,120419.007,40.3345,camp.summer.tier2.solved,Idle,2
3260,120464.1889,45.1819,camp.summer.tier2.solved,Idle,2
3261,120515.4002,51.2114,camp.summer.tier2.solved,Idle,2
3262,120555.6334,40.2329,camp.summer.tier2.solved,Idle,2
3263,120595.3965,39.7633,camp.summer.tier2.solved,Idle,2
3264,120635.6723,40.2758,camp.summer.tier2.solved,Idle,2
3265,120680.5052,44.8327,camp.summer.tier2.solved,Idle,2
3266,120736.7967,56.2917,camp.summer.tier2.solved,Idle,2
3267,120787.5201,50.7234,camp.summer.tier2.solved,Idle,2
3268,120828.6833,41.1632,camp.summer.tier2.solved,Idle,2
3269,120868.7609,40.0776,camp.summer.tier2.solved,Idle,2
3270,120913.9201,45.1592,camp.summer.tier2.solved,Idle,2
3271,120970.3199,56.3999,camp.summer.tier2.solved,Idle,2
3272,121022.3392,52.019,camp.summer.tier2.solved,Idle,2
3273,121061.6928,39.3537,camp.summer.tier2.solved,Idle,2
3274,121101.7832,40.0904,camp.summer.tier2.solved,Idle,2
3275,121147.0643,45.2812,camp.summer.tier2.solved,Idle,2
3276,121202.7434,55.6791,camp.summer.tier2.solved,Idle,2
3277,121253.3302,50.5868,camp.summer.tier2.solved,Idle,2
3278,121295.3654,42.0352,camp.summer.tier2.solved,Idle,2
3279,121335.7439,40.3785,camp.summer.tier2.solved,Idle,2
3280,121383.0687,47.3248,camp.summer.tier2.solved,Idle,2
3281,121436.5475,53.4787,camp.summer.tier2.solved,Idle,2
3282,121487.5179,50.9705,camp.summer.tier2.solved,Idle,2
3283,121528.7725,41.2544,camp.summer.tier2.solved,Idle,2
3284,121568.8348,40.0624,camp.summer.tier2.solved,Idle,2
3285,121616.9126,48.0776,camp.summer.tier2.solved,Idle,2
3286,121671.2656,54.3531,camp.summer.tier2.solved,Idle,2
3287,121726.8719,55.6065,camp.summer.tier2.solved,Idle,2
3288,121767.9188,41.0469,camp.summer.tier2.solved,Idle,2
3289,121817.5826,49.6638,camp.summer.tier2.solved,Idle,2
3290,121863.5801,45.9975,camp.summer.tier2.solved,Idle,2
3291,121928.6979,65.1177,camp.summer.tier2.solved,Idle,2
3292,121963.7006,35.0026,camp.summer.tier2.solved,Idle,2
3293,122041.8599,78.1595,camp.summer.tier2.solved,Idle,2
3294,122061.6408,19.7809,camp.summer.tier2.solved,Idle,2
3295,122112.4041,50.7633,camp.summer.tier2.solved,Idle,2
3296,122152.7494,40.3452,camp.summer.tier2.solved,Idle,2
3297,122225.7256,72.9761,camp.summer.tier2.solved,Idle,2
3298,122245.4289,19.7035,camp.summer.tier2.solved,Idle,2
3299,122285.6475,40.2186,camp.summer.tier2.solved,Idle,2
3300,122330.7867,45.1392,camp.summer.tier2.solved,Idle,2
3301,122402.8051,72.0184,camp.summer.tier2.solved,Idle,2
3302,122436.0834,33.2782,camp.summer.tier2.solved,Idle,2
3303,122474.8086,38.7252,camp.summer.tier2.solved,Idle,2
3304,122518.6071,43.7986,camp.summer.tier2.solved,Idle,2
3305,122588.4653,69.8579,camp.summer.tier2.solved,Idle,2
3306,122612.179,23.714,camp.summer.tier2.solved,Idle,2
3307,122667.2686,55.0896,route.tier2.camp-menu,Covering,2
3308,122727.6964,60.4278,route.tier2.camp-menu,Covering,2
3309,122793.0135,65.3171,route.tier2.camp-menu,Covering,2
3310,122817.9552,24.9417,route.tier2.camp-menu,Covering,2
3311,122894.0918,76.1366,route.tier2.camp-menu,Covering,2
3312,122928.2411,34.1492,route.tier2.camp-menu,Covering,2
3313,123002.7832,74.5422,route.tier2.camp-menu,Covering,2
3314,123029.769,26.9858,route.tier2.camp-menu,Covering,2
3315,123079.7091,49.9401,route.tier2.camp-menu,Covering,2
3316,123129.6421,49.933,route.tier2.camp-menu,Covering,2
3317,123204.4419,74.7997,route.tier2.camp-menu,Covering,2
3318,123233.2406,28.7988,route.tier2.camp-menu,Covering,2
3319,123306.3573,73.1165,route.tier2.camp-menu,Covering,2
3320,123333.3168,26.9597,route.tier2.camp-menu,Covering,2
3321,123405.5264,72.2092,route.tier2.camp-menu,Covering,2
3322,123434.1688,28.6428,route.tier2.camp-menu,Covering,2
3323,123487.0016,52.8328,route.tier2.camp-menu,Covering,2
3324,123543.2381,56.2364,route.tier2.camp-menu,Covering,2
3325,123618.3374,75.0994,route.tier2.camp-menu,Covering,2
3326,123645.9196,27.5821,route.tier2.camp-menu,Covering,2
3327,123694.3113,48.3917,route.tier2.camp-menu,Covering,2
3328,123754.6485,60.3372,route.tier2.camp-menu,Covering,2
3329,123820.7117,66.0632,route.tier2.camp-menu,Covering,2
3330,123854.6544,33.9428,route.tier2.camp-menu,Covering,2
3331,123909.1998,54.5453,route.tier2.camp-menu,Covering,2
3332,123962.2634,53.0636,route.tier2.camp-menu,Covering,2
3333,124037.2998,75.0361,route.tier2.camp-menu,Covering,2
3334,124066.4524,29.153,route.tier2.camp-menu,Covering,2
3335,124111.1945,44.742,route.tier2.camp-menu,Covering,2
3336,124177.7265,66.5321,route.tier2.camp-menu,Covering,2
3337,124242.9369,65.2102,route.tier2.camp-menu,Covering,2
3338,124269.8582,26.9215,route.tier2.camp-menu,CoveredLoading,2
3339,124293.5318,23.6736,route.tier2.camp-menu,CoveredLoading,2
3340,124377.4819,83.9501,route.tier2.camp-menu,CoveredLoading,2
3341,124562.2613,184.7792,route.tier2.camp-menu,CoveredLoading,2
3342,124579.2724,17.0113,route.tier2.camp-menu,CoveredLoading,2
3343,124610.502,31.2295,route.tier2.camp-menu,CoveredLoading,2
3344,124630.3281,19.8262,route.tier2.camp-menu,CoveredLoading,2
3345,124684.88,54.5517,route.tier2.camp-menu,CoveredLoading,2
3346,124791.0984,106.2186,route.tier2.camp-menu,CoveredLoading,2
3347,124818.0906,26.992,route.tier2.camp-menu,CoveredLoading,2
3348,124860.5143,42.424,route.tier2.camp-menu,CoveredLoading,2
3349,124911.3825,50.8681,route.tier2.camp-menu,CoveredLoading,2
3350,124959.0678,47.6853,route.tier2.camp-menu,CoveredLoading,2
3351,125045.18,86.1119,route.tier2.camp-menu,CoveredLoading,2
3352,125061.5154,16.3357,route.tier2.camp-menu,CoveredLoading,2
3353,125095.2298,33.7144,route.tier2.camp-menu,CoveredLoading,2
3354,125142.8705,47.6407,route.tier2.camp-menu,CoveredLoading,2
3355,125178.6702,35.7997,route.tier2.camp-menu,Preparing,2
3356,125249.4992,70.829,route.tier2.camp-menu,Preparing,2
3357,125276.3039,26.8046,route.tier2.camp-menu,Preparing,2
3358,125312.0175,35.7137,route.tier2.camp-menu,Preparing,2
3359,125361.2567,49.2392,route.tier2.camp-menu,Preparing,2
3360,125409.2841,48.0274,route.tier2.camp-menu,Preparing,2
3361,125444.6125,35.3284,route.tier2.camp-menu,Revealing,2
3362,125492.8291,48.2165,route.tier2.camp-menu,Revealing,2
3363,125528.4121,35.5829,route.tier2.camp-menu,Revealing,2
3364,125580.8179,52.4059,route.tier2.camp-menu,Revealing,2
3365,125639.8182,59.0003,route.tier2.camp-menu,Revealing,2
3366,125679.7916,39.9733,route.tier2.camp-menu,Revealing,2
3367,125716.8565,37.065,route.tier2.camp-menu,Revealing,2
3368,125755.4073,38.5507,route.tier2.camp-menu,Revealing,2
3369,125803.0595,47.6524,route.tier2.camp-menu,Revealing,2
3370,125833.1798,30.1203,route.tier2.camp-menu,Revealing,2
3371,125872.28,39.1002,route.tier2.camp-menu,Revealing,2
3372,125909.8868,37.6068,route.tier2.camp-menu,Revealing,2
3373,125945.7381,35.8513,route.tier2.camp-menu,Revealing,2
3374,125995.7487,50.0104,route.tier2.camp-menu,Revealing,2
3375,126045.8587,50.1101,route.tier2.camp-menu,Revealing,2
3376,126095.5487,49.69,route.tier2.camp-menu,Revealing,2
3377,126144.2648,48.716,route.tier2.camp-menu,Revealing,2
3378,126188.296,44.0313,route.tier2.camp-menu,Revealing,2
3379,126219.761,31.4651,route.tier2.camp-menu,Revealing,2
3380,126264.2905,44.5295,route.tier2.camp-menu,Revealing,2
3381,126303.2407,38.9502,route.tier2.camp-menu,Revealing,2
3382,126348.5786,45.3378,route.tier2.camp-menu,Revealing,2
3383,126396.2682,47.6897,route.tier2.camp-menu,Revealing,2
3384,126431.3607,35.0925,route.tier2.camp-menu,Revealing,2
3385,126493.7148,62.3541,route.tier2.camp-menu,Revealing,2
3386,126514.1561,20.4413,route.tier2.camp-menu,Revealing,2
3387,126553.465,39.3088,route.tier2.camp-menu,Revealing,2
3388,126597.2703,43.8053,route.tier2.camp-menu,Revealing,2
3389,126636.2093,38.9391,route.tier2.camp-menu,Revealing,2
3390,126704.2595,68.0501,route.tier2.camp-menu,Revealing,2
3391,126722.6376,18.3781,route.tier2.camp-menu,Revealing,2
3392,126767.5435,44.9059,route.tier2.camp-menu,Revealing,2
3393,126834.8881,67.3447,route.tier2.camp-menu,Revealing,2
3394,126881.6868,46.7987,route.tier2.camp-menu,Idle,2
3395,126901.1999,19.513,audit.snapshot.route.tier2.camp-menu.ready,Idle,2
3396,126936.0054,34.8056,audit.snapshot.route.tier2.camp-menu.ready,Idle,2
3397,126974.2928,38.2873,audit.snapshot.route.tier2.camp-menu.ready,Idle,2
3398,127009.1137,34.8209,audit.snapshot.route.tier2.camp-menu.ready,Idle,2
3399,127068.8927,59.7791,audit.snapshot.route.tier2.camp-menu.ready,Idle,2
3400,127084.6334,15.7407,audit.snapshot.route.tier2.camp-menu.ready,Idle,2
3401,127119.3481,34.7146,audit.snapshot.route.tier2.camp-menu.ready,Idle,2
3402,127157.6449,38.2968,audit.snapshot.route.tier2.camp-menu.ready,Idle,2
3403,127192.498,34.8532,audit.snapshot.route.tier2.camp-menu.ready,Idle,2
3404,127252.4837,59.9857,audit.snapshot.route.tier2.camp-menu.ready,Idle,2
3405,127267.4681,14.9844,audit.snapshot.route.tier2.camp-menu.ready,Idle,2
3406,127302.2053,34.7372,audit.snapshot.route.tier2.camp-menu.ready,Idle,2
3407,127366.6201,64.4148,audit.snapshot.route.tier2.camp-menu.ready,Idle,2
3408,127380.0874,13.4673,audit.snapshot.route.tier2.camp-menu.ready,Idle,2
3409,127414.5794,34.492,audit.snapshot.route.tier2.camp-menu.ready,Idle,2
3410,127477.0941,62.5146,audit.snapshot.route.tier2.camp-menu.ready,Idle,2
3411,127524.3333,47.2392,audit.snapshot.route.tier2.camp-menu.ready,Idle,2
3412,127534.9817,10.6485,audit.snapshot.route.tier2.camp-menu.ready,Idle,2
3413,127573.255,38.2728,audit.snapshot.route.tier2.camp-menu.ready,Idle,2
3414,127607.53,34.2753,audit.snapshot.route.tier2.camp-menu.ready,Idle,2
3415,127642.8948,35.365,audit.snapshot.route.tier2.camp-menu.ready,Idle,2
3416,127702.667,59.772,audit.snapshot.route.tier2.camp-menu.ready,Idle,2
3417,127717.7579,15.0911,audit.snapshot.route.tier2.camp-menu.ready,Idle,2
3418,127751.9272,34.1693,audit.snapshot.route.tier2.camp-menu.ready,Idle,2
3419,127818.0937,66.1665,audit.snapshot.route.tier2.camp-menu.ready,Idle,2
3420,127855.9565,37.8627,audit.snapshot.route.tier2.camp-menu.ready,Idle,2
3421,127867.5632,11.6068,audit.snapshot.route.tier2.camp-menu.ready,Idle,2
3422,127897.624,30.0608,audit.snapshot.route.tier2.camp-menu.ready,Idle,2
3423,127934.5967,36.9727,audit.snapshot.route.tier2.camp-menu.ready,Idle,2
3424,127996.4815,61.8847,audit.snapshot.route.tier2.camp-menu.ready,Idle,2
3425,128046.2143,49.733,route.high.normal.r1.menu-camp,Covering,2
3426,128103.0256,56.8112,route.high.normal.r1.menu-camp,Covering,2
3427,128139.241,36.2153,route.high.normal.r1.menu-camp,Covering,2
3428,128180.4017,41.1607,route.high.normal.r1.menu-camp,Covering,2
3429,128219.7473,39.3457,route.high.normal.r1.menu-camp,Covering,2
3430,128283.3699,63.6226,route.high.normal.r1.menu-camp,Covering,2
3431,128321.6313,38.2614,route.high.normal.r1.menu-camp,Covering,2
3432,128373.5854,51.9542,route.high.normal.r1.menu-camp,Covering,2
3433,128408.7326,35.147,route.high.normal.r1.menu-camp,Covering,2
3434,128451.7541,43.0215,route.high.normal.r1.menu-camp,Covering,2
3435,128492.0135,40.2595,route.high.normal.r1.menu-camp,Covering,2
3436,128534.6934,42.6799,route.high.normal.r1.menu-camp,Covering,2
3437,128574.7838,40.0904,route.high.normal.r1.menu-camp,Covering,2
3438,128617.4946,42.7108,route.high.normal.r1.menu-camp,Covering,2
3439,128658.0743,40.5796,route.high.normal.r1.menu-camp,Covering,2
3440,128701.2505,43.1763,route.high.normal.r1.menu-camp,Covering,2
3441,128741.4825,40.232,route.high.normal.r1.menu-camp,Covering,2
3442,128784.6747,43.1922,route.high.normal.r1.menu-camp,Covering,2
3443,128826.5612,41.8865,route.high.normal.r1.menu-camp,Covering,2
3444,128884.8125,58.2513,route.high.normal.r1.menu-camp,Covering,2
3445,128916.0967,31.2841,route.high.normal.r1.menu-camp,Covering,2
3446,128966.7583,50.6616,route.high.normal.r1.menu-camp,Covering,2
3447,129001.8438,35.0856,route.high.normal.r1.menu-camp,Covering,2
3448,129041.6183,39.7745,route.high.normal.r1.menu-camp,Covering,2
3449,129073.1222,31.5039,route.high.normal.r1.menu-camp,Covering,2
3450,129098.6108,25.4886,route.high.normal.r1.menu-camp,Covering,2
3451,129127.6191,29.0083,route.high.normal.r1.menu-camp,Covering,2
3452,129159.973,32.3537,route.high.normal.r1.menu-camp,Covering,2
3453,129218.1517,58.1789,route.high.normal.r1.menu-camp,Covering,2
3454,129277.032,58.8803,route.high.normal.r1.menu-camp,Covering,2
3455,129305.2014,28.1694,route.high.normal.r1.menu-camp,Covering,2
3456,129340.4831,35.2817,route.high.normal.r1.menu-camp,Covering,2
3457,129378.4261,37.943,route.high.normal.r1.menu-camp,Covering,2
3458,129426.8237,48.3976,route.high.normal.r1.menu-camp,Covering,2
3459,129476.6544,49.8306,route.high.normal.r1.menu-camp,Covering,2
3460,129529.0193,52.3648,route.high.normal.r1.menu-camp,Covering,2
3461,129578.6513,49.6322,route.high.normal.r1.menu-camp,Covering,2
3462,129628.2415,49.5901,route.high.normal.r1.menu-camp,CoveredLoading,2
3463,129654.4688,26.2274,route.high.normal.r1.menu-camp,CoveredLoading,2
3464,129724.7135,70.2447,route.high.normal.r1.menu-camp,CoveredLoading,2
3465,129847.7919,123.0781,route.high.normal.r1.menu-camp,CoveredLoading,2
3466,129894.2016,46.41,route.high.normal.r1.menu-camp,CoveredLoading,2
3467,129976.1441,81.9425,route.high.normal.r1.menu-camp,CoveredLoading,2
3468,129996.892,20.7479,route.high.normal.r1.menu-camp,CoveredLoading,2
3469,130080.7573,83.8652,route.high.normal.r1.menu-camp,CoveredLoading,2
3470,130108.3617,27.6045,route.high.normal.r1.menu-camp,CoveredLoading,2
3471,130143.8565,35.4947,route.high.normal.r1.menu-camp,CoveredLoading,2
3472,130227.6864,83.83,route.high.normal.r1.menu-camp,CoveredLoading,2
3473,130280.4919,52.8055,route.high.normal.r1.menu-camp,CoveredLoading,2
3474,130297.7603,17.2685,route.high.normal.r1.menu-camp,CoveredLoading,2
3475,130397.6451,99.8844,route.high.normal.r1.menu-camp,CoveredLoading,2
3476,130421.5806,23.9358,route.high.normal.r1.menu-camp,CoveredLoading,2
3477,130449.9864,28.4058,route.high.normal.r1.menu-camp,CoveredLoading,2
3478,130508.1051,58.1186,route.high.normal.r1.menu-camp,CoveredLoading,2
3479,130585.9936,77.8885,route.high.normal.r1.menu-camp,CoveredLoading,2
3480,130629.1037,43.11,route.high.normal.r1.menu-camp,CoveredLoading,2
3481,130693.4539,64.3503,route.high.normal.r1.menu-camp,CoveredLoading,2
3482,130765.4167,71.9629,route.high.normal.r1.menu-camp,CoveredLoading,2
3483,130804.8856,39.4688,route.high.normal.r1.menu-camp,Preparing,2
3484,130854.1188,49.2334,route.high.normal.r1.menu-camp,Preparing,2
3485,130935.8379,81.719,route.high.normal.r1.menu-camp,Preparing,2
3486,130960.3677,24.5298,route.high.normal.r1.menu-camp,Preparing,2
3487,131020.0696,59.7019,route.high.normal.r1.menu-camp,Preparing,2
3488,131076.1404,56.0708,route.high.normal.r1.menu-camp,Revealing,2
3489,131154.3663,78.2259,route.high.normal.r1.menu-camp,Revealing,2
3490,131185.6293,31.263,route.high.normal.r1.menu-camp,Revealing,2
3491,131248.1858,62.5565,route.high.normal.r1.menu-camp,Revealing,2
3492,131293.69,45.5041,route.high.normal.r1.menu-camp,Revealing,2
3493,131381.8466,88.1567,route.high.normal.r1.menu-camp,Revealing,2
3494,131408.8431,26.9964,route.high.normal.r1.menu-camp,Revealing,2
3495,131458.4755,49.6325,route.high.normal.r1.menu-camp,Revealing,2
3496,131511.0119,52.5364,route.high.normal.r1.menu-camp,Revealing,2
3497,131587.2643,76.2524,route.high.normal.r1.menu-camp,Revealing,2
3498,131616.3052,29.0408,route.high.normal.r1.menu-camp,Revealing,2
3499,131671.607,55.3019,route.high.normal.r1.menu-camp,Revealing,2
3500,131716.0212,44.4139,route.high.normal.r1.menu-camp,Revealing,2
3501,131781.5477,65.5269,route.high.normal.r1.menu-camp,Revealing,2
3502,131817.6291,36.0814,route.high.normal.r1.menu-camp,Revealing,2
3503,131867.2109,49.5818,route.high.normal.r1.menu-camp,Revealing,2
3504,131916.3263,49.1153,route.high.normal.r1.menu-camp,Revealing,2
3505,131989.7313,73.4049,route.high.normal.r1.menu-camp,Revealing,2
3506,132021.4653,31.7341,route.high.normal.r1.menu-camp,Revealing,2
3507,132078.1366,56.6713,route.high.normal.r1.menu-camp,Revealing,2
3508,132116.4875,38.351,route.high.normal.r1.menu-camp,Revealing,2
3509,132171.6272,55.1395,route.high.normal.r1.menu-camp,Revealing,2
3510,132212.8063,41.1791,route.high.normal.r1.menu-camp,Revealing,2
3511,132258.2864,45.48,route.high.normal.r1.menu-camp,Revealing,2
3512,132305.931,47.6446,route.high.normal.r1.menu-camp,Revealing,2
3513,132381.7828,75.852,route.high.normal.r1.menu-camp,Revealing,2
3514,132402.6303,20.8475,route.high.normal.r1.menu-camp,Revealing,2
3515,132466.9684,64.3378,route.high.normal.r1.menu-camp,Revealing,2
3516,132505.041,38.0729,route.high.normal.r1.menu-camp,Idle,2
3517,132569.0134,63.9724,audit.snapshot.route.high.normal.r1.menu-camp.ready,Idle,2
3518,132602.1711,33.1576,audit.snapshot.route.high.normal.r1.menu-camp.ready,Idle,2
3519,132646.7979,44.6269,audit.snapshot.route.high.normal.r1.menu-camp.ready,Idle,2
3520,132688.6306,41.8326,audit.snapshot.route.high.normal.r1.menu-camp.ready,Idle,2
3521,132755.2062,66.5756,audit.snapshot.route.high.normal.r1.menu-camp.ready,Idle,2
3522,132774.4261,19.22,audit.snapshot.route.high.normal.r1.menu-camp.ready,Idle,2
3523,132827.2807,52.8545,audit.snapshot.route.high.normal.r1.menu-camp.ready,Idle,2
3524,132856.0988,28.8181,audit.snapshot.route.high.normal.r1.menu-camp.ready,Idle,2
3525,132909.2618,53.1629,audit.snapshot.route.high.normal.r1.menu-camp.ready,Idle,2
3526,132939.581,30.3193,audit.snapshot.route.high.normal.r1.menu-camp.ready,Idle,2
3527,132984.2284,44.6475,audit.snapshot.route.high.normal.r1.menu-camp.ready,Idle,2
3528,133022.8783,38.6499,audit.snapshot.route.high.normal.r1.menu-camp.ready,Idle,2
3529,133092.7247,69.8464,audit.snapshot.route.high.normal.r1.menu-camp.ready,Idle,2
3530,133111.8994,19.1747,audit.snapshot.route.high.normal.r1.menu-camp.ready,Idle,2
3531,133162.0198,50.1204,audit.snapshot.route.high.normal.r1.menu-camp.ready,Idle,2
3532,133195.2813,33.2612,audit.snapshot.route.high.normal.r1.menu-camp.ready,Idle,2
3533,133248.0245,52.7435,audit.snapshot.route.high.normal.r1.menu-camp.ready,Idle,2
3534,133278.748,30.7235,audit.snapshot.route.high.normal.r1.menu-camp.ready,Idle,2
3535,133347.9951,69.247,audit.snapshot.route.high.normal.r1.menu-camp.ready,Idle,2
3536,133362.8822,14.8872,audit.snapshot.route.high.normal.r1.menu-camp.ready,Idle,2
3537,133431.8846,69.0024,route.high.normal.r1.camp-menu,Covering,2
3538,133501.4937,69.609,route.high.normal.r1.camp-menu,Covering,2
3539,133541.0414,39.5478,route.high.normal.r1.camp-menu,Covering,2
3540,133590.9505,49.8982,route.high.normal.r1.camp-menu,Covering,2
3541,133653.1557,62.2161,route.high.normal.r1.camp-menu,Covering,2
3542,133712.9072,59.7513,route.high.normal.r1.camp-menu,Covering,2
3543,133759.559,46.652,route.high.normal.r1.camp-menu,Covering,2
3544,133800.4089,40.8499,route.high.normal.r1.camp-menu,Covering,2
3545,133849.9341,49.5251,route.high.normal.r1.camp-menu,Covering,2
3546,133896.6366,46.7025,route.high.normal.r1.camp-menu,Covering,2
3547,133954.4413,57.8047,route.high.normal.r1.camp-menu,Covering,2
3548,133996.1289,41.6876,route.high.normal.r1.camp-menu,Covering,2
3549,134056.7451,60.6161,route.high.normal.r1.camp-menu,Covering,2
3550,134091.1326,34.3877,route.high.normal.r1.camp-menu,Covering,2
3551,134141.1384,50.0058,route.high.normal.r1.camp-menu,Covering,2
3552,134174.1936,33.055,route.high.normal.r1.camp-menu,Covering,2
3553,134254.5481,80.3545,route.high.normal.r1.camp-menu,Covering,2
3554,134283.0084,28.4605,route.high.normal.r1.camp-menu,Covering,2
3555,134339.3956,56.3872,route.high.normal.r1.camp-menu,Covering,2
3556,134383.6904,44.2948,route.high.normal.r1.camp-menu,Covering,2
3557,134428.0644,44.374,route.high.normal.r1.camp-menu,Covering,2
3558,134488.3404,60.276,route.high.normal.r1.camp-menu,Covering,2
3559,134551.931,63.5907,route.high.normal.r1.camp-menu,Covering,2
3560,134579.7995,27.8684,route.high.normal.r1.camp-menu,Covering,2
3561,134665.7366,85.937,route.high.normal.r1.camp-menu,Covering,2
3562,134692.8017,27.0652,route.high.normal.r1.camp-menu,Covering,2
3563,134755.2488,62.4471,route.high.normal.r1.camp-menu,Covering,2
3564,134795.5104,40.2615,route.high.normal.r1.camp-menu,Covering,2
3565,134854.3161,58.8059,route.high.normal.r1.camp-menu,Covering,2
3566,134895.0736,40.7574,route.high.normal.r1.camp-menu,Covering,2
3567,134954.2234,59.1498,route.high.normal.r1.camp-menu,Covering,2
3568,135010.2383,56.0149,route.high.normal.r1.camp-menu,CoveredLoading,2
3569,135036.8801,26.6418,route.high.normal.r1.camp-menu,CoveredLoading,2
3570,135121.1345,84.2544,route.high.normal.r1.camp-menu,CoveredLoading,2
3571,135325.8632,204.7285,route.high.normal.r1.camp-menu,CoveredLoading,2
3572,135344.4611,18.598,route.high.normal.r1.camp-menu,CoveredLoading,2
3573,135376.6407,32.1797,route.high.normal.r1.camp-menu,CoveredLoading,2
3574,135397.3174,20.6767,route.high.normal.r1.camp-menu,CoveredLoading,2
3575,135453.8238,56.5062,route.high.normal.r1.camp-menu,CoveredLoading,2
3576,135544.5026,90.679,route.high.normal.r1.camp-menu,CoveredLoading,2
3577,135570.2907,25.7881,route.high.normal.r1.camp-menu,CoveredLoading,2
3578,135609.6177,39.327,route.high.normal.r1.camp-menu,CoveredLoading,2
3579,135645.2672,35.6493,route.high.normal.r1.camp-menu,CoveredLoading,2
3580,135695.2767,50.0096,route.high.normal.r1.camp-menu,CoveredLoading,2
3581,135781.8321,86.555,route.high.normal.r1.camp-menu,CoveredLoading,2
3582,135828.3244,46.4927,route.high.normal.r1.camp-menu,CoveredLoading,2
3583,135854.1328,25.8085,route.high.normal.r1.camp-menu,CoveredLoading,2
3584,135887.8976,33.7648,route.high.normal.r1.camp-menu,Preparing,2
3585,135922.6328,34.7351,route.high.normal.r1.camp-menu,Preparing,2
3586,135959.2162,36.5834,route.high.normal.r1.camp-menu,Preparing,2
3587,135994.8049,35.5888,route.high.normal.r1.camp-menu,Preparing,2
3588,136042.9737,48.1688,route.high.normal.r1.camp-menu,Preparing,2
3589,136097.9998,55.026,route.high.normal.r1.camp-menu,Preparing,2
3590,136132.0391,34.0391,route.high.normal.r1.camp-menu,Revealing,2
3591,136178.771,46.7321,route.high.normal.r1.camp-menu,Revealing,2
3592,136228.0902,49.3193,route.high.normal.r1.camp-menu,Revealing,2
3593,136279.2855,51.1953,route.high.normal.r1.camp-menu,Revealing,2
3594,136324.269,44.9834,route.high.normal.r1.camp-menu,Revealing,2
3595,136366.7248,42.4559,route.high.normal.r1.camp-menu,Revealing,2
3596,136405.2402,38.5155,route.high.normal.r1.camp-menu,Revealing,2
3597,136442.7704,37.5301,route.high.normal.r1.camp-menu,Revealing,2
3598,136478.9094,36.139,route.high.normal.r1.camp-menu,Revealing,2
3599,136529.1076,50.1982,route.high.normal.r1.camp-menu,Revealing,2
3600,136566.3425,37.2349,route.high.normal.r1.camp-menu,Revealing,2
3601,136601.2864,34.9439,route.high.normal.r1.camp-menu,Revealing,2
3602,136639.24,37.9535,route.high.normal.r1.camp-menu,Revealing,2
3603,136682.5556,43.3157,route.high.normal.r1.camp-menu,Revealing,2
3604,136708.0674,25.5117,route.high.normal.r1.camp-menu,Revealing,2
3605,136746.1804,38.1125,route.high.normal.r1.camp-menu,Revealing,2
3606,136783.7143,37.5345,route.high.normal.r1.camp-menu,Revealing,2
3607,136816.5783,32.8639,route.high.normal.r1.camp-menu,Revealing,2
3608,136849.0854,32.5073,route.high.normal.r1.camp-menu,Revealing,2
3609,136910.9164,61.8308,route.high.normal.r1.camp-menu,Revealing,2
3610,136935.8497,24.9334,route.high.normal.r1.camp-menu,Revealing,2
3611,136975.763,39.9131,route.high.normal.r1.camp-menu,Revealing,2
3612,137019.363,43.6002,route.high.normal.r1.camp-menu,Revealing,2
3613,137066.5342,47.1712,route.high.normal.r1.camp-menu,Revealing,2
3614,137103.9336,37.3994,route.high.normal.r1.camp-menu,Revealing,2
3615,137147.9981,44.0645,route.high.normal.r1.camp-menu,Revealing,2
3616,137190.8357,42.8375,route.high.normal.r1.camp-menu,Revealing,2
3617,137230.8997,40.0641,route.high.normal.r1.camp-menu,Revealing,2
3618,137270.366,39.4663,route.high.normal.r1.camp-menu,Revealing,2
3619,137336.4838,66.1178,route.high.normal.r1.camp-menu,Revealing,2
3620,137381.3841,44.9004,route.high.normal.r1.camp-menu,Revealing,2
3621,137397.8553,16.4711,route.high.normal.r1.camp-menu,Revealing,2
3622,137437.729,39.8737,route.high.normal.r1.camp-menu,Revealing,2
3623,137492.6246,54.8956,route.high.normal.r1.camp-menu,Revealing,2
3624,137535.0868,42.4622,route.high.normal.r1.camp-menu,Revealing,2
3625,137559.2614,24.1746,route.high.normal.r1.camp-menu,Idle,2
3626,137600.5061,41.2447,audit.snapshot.route.high.normal.r1.camp-menu.ready,Idle,2
3627,137634.8607,34.3547,audit.snapshot.route.high.normal.r1.camp-menu.ready,Idle,2
3628,137696.8129,61.9519,audit.snapshot.route.high.normal.r1.camp-menu.ready,Idle,2
3629,137735.5068,38.6941,audit.snapshot.route.high.normal.r1.camp-menu.ready,Idle,2
3630,137775.5494,40.0426,audit.snapshot.route.high.normal.r1.camp-menu.ready,Idle,2
3631,137790.2669,14.7172,audit.snapshot.route.high.normal.r1.camp-menu.ready,Idle,2
3632,137824.7017,34.435,audit.snapshot.route.high.normal.r1.camp-menu.ready,Idle,2
3633,137859.0957,34.394,audit.snapshot.route.high.normal.r1.camp-menu.ready,Idle,2
3634,137919.8626,60.767,audit.snapshot.route.high.normal.r1.camp-menu.ready,Idle,2
3635,137934.9009,15.0383,audit.snapshot.route.high.normal.r1.camp-menu.ready,Idle,2
3636,137969.2048,34.3039,audit.snapshot.route.high.normal.r1.camp-menu.ready,Idle,2
3637,138030.6549,61.45,audit.snapshot.route.high.normal.r1.camp-menu.ready,Idle,2
3638,138068.4424,37.7876,audit.snapshot.route.high.normal.r1.camp-menu.ready,Idle,2
3639,138084.5122,16.0698,audit.snapshot.route.high.normal.r1.camp-menu.ready,Idle,2
3640,138119.2545,34.7423,audit.snapshot.route.high.normal.r1.camp-menu.ready,Idle,2
3641,138168.7479,49.4934,audit.snapshot.route.high.normal.r1.camp-menu.ready,Idle,2
3642,138209.1029,40.355,audit.snapshot.route.high.normal.r1.camp-menu.ready,Idle,2
3643,138223.8891,14.7861,audit.snapshot.route.high.normal.r1.camp-menu.ready,Idle,2
3644,138258.4788,34.5896,audit.snapshot.route.high.normal.r1.camp-menu.ready,Idle,2
3645,138319.8777,61.3991,audit.snapshot.route.high.normal.r1.camp-menu.ready,Idle,2
3646,138360.106,40.2283,route.high.reduced.r1.menu-camp,Covering,2
3647,138381.781,21.675,route.high.reduced.r1.menu-camp,Covering,2
3648,138426.3988,44.6178,route.high.reduced.r1.menu-camp,Covering,2
3649,138463.5681,37.1693,route.high.reduced.r1.menu-camp,Covering,2
3650,138507.1193,43.5508,route.high.reduced.r1.menu-camp,CoveredLoading,2
3651,138528.8821,21.7632,route.high.reduced.r1.menu-camp,CoveredLoading,2
3652,138603.5281,74.6459,route.high.reduced.r1.menu-camp,CoveredLoading,2
3653,138724.3321,120.8037,route.high.reduced.r1.menu-camp,CoveredLoading,2
3654,138774.0335,49.7017,route.high.reduced.r1.menu-camp,CoveredLoading,2
3655,138861.5189,87.4855,route.high.reduced.r1.menu-camp,CoveredLoading,2
3656,138875.2456,13.7267,route.high.reduced.r1.menu-camp,CoveredLoading,2
3657,138952.5936,77.3479,route.high.reduced.r1.menu-camp,CoveredLoading,2
3658,138977.9612,25.3676,route.high.reduced.r1.menu-camp,CoveredLoading,2
3659,139020.5454,42.5843,route.high.reduced.r1.menu-camp,CoveredLoading,2
3660,139043.3844,22.839,route.high.reduced.r1.menu-camp,CoveredLoading,2
3661,139088.0032,44.6188,route.high.reduced.r1.menu-camp,CoveredLoading,2
3662,139119.2622,31.259,route.high.reduced.r1.menu-camp,CoveredLoading,2
3663,139206.1232,86.8605,route.high.reduced.r1.menu-camp,CoveredLoading,2
3664,139221.1543,15.0316,route.high.reduced.r1.menu-camp,CoveredLoading,2
3665,139282.5122,61.3579,route.high.reduced.r1.menu-camp,CoveredLoading,2
3666,139300.4913,17.9791,route.high.reduced.r1.menu-camp,CoveredLoading,2
3667,139361.6445,61.1532,route.high.reduced.r1.menu-camp,CoveredLoading,2
3668,139383.481,21.8365,route.high.reduced.r1.menu-camp,CoveredLoading,2
3669,139444.2472,60.7662,route.high.reduced.r1.menu-camp,CoveredLoading,2
3670,139513.9964,69.7492,route.high.reduced.r1.menu-camp,CoveredLoading,2
3671,139530.4865,16.4901,route.high.reduced.r1.menu-camp,CoveredLoading,2
3672,139573.0189,42.5322,route.high.reduced.r1.menu-camp,CoveredLoading,2
3673,139661.1756,88.1567,route.high.reduced.r1.menu-camp,Preparing,2
3674,139679.8332,18.6577,route.high.reduced.r1.menu-camp,Revealing,2
3675,139728.433,48.5999,route.high.reduced.r1.menu-camp,Revealing,2
3676,139803.9553,75.5223,route.high.reduced.r1.menu-camp,Revealing,2
3677,139837.3792,33.4239,route.high.reduced.r1.menu-camp,Revealing,2
3678,139878.4639,41.0846,route.high.reduced.r1.menu-camp,Revealing,2
3679,139920.939,42.4751,route.high.reduced.r1.menu-camp,Idle,2
3680,139970.316,49.3771,audit.snapshot.route.high.reduced.r1.menu-camp.ready,Idle,2
3681,140037.1243,66.8083,audit.snapshot.route.high.reduced.r1.menu-camp.ready,Idle,2
3682,140057.9097,20.7854,audit.snapshot.route.high.reduced.r1.menu-camp.ready,Idle,2
3683,140100.8578,42.9481,audit.snapshot.route.high.reduced.r1.menu-camp.ready,Idle,2
3684,140168.543,67.6852,audit.snapshot.route.high.reduced.r1.menu-camp.ready,Idle,2
3685,140198.7323,30.1893,audit.snapshot.route.high.reduced.r1.menu-camp.ready,Idle,2
3686,140230.1611,31.4287,audit.snapshot.route.high.reduced.r1.menu-camp.ready,Idle,2
3687,140274.3077,44.1466,audit.snapshot.route.high.reduced.r1.menu-camp.ready,Idle,2
3688,140316.4959,42.1882,audit.snapshot.route.high.reduced.r1.menu-camp.ready,Idle,2
3689,140381.7119,65.2161,audit.snapshot.route.high.reduced.r1.menu-camp.ready,Idle,2
3690,140400.1038,18.3919,audit.snapshot.route.high.reduced.r1.menu-camp.ready,Idle,2
3691,140440.9539,40.8501,audit.snapshot.route.high.reduced.r1.menu-camp.ready,Idle,2
3692,140504.7981,63.8441,audit.snapshot.route.high.reduced.r1.menu-camp.ready,Idle,2
3693,140538.2076,33.4096,audit.snapshot.route.high.reduced.r1.menu-camp.ready,Idle,2
3694,140573.972,35.7644,audit.snapshot.route.high.reduced.r1.menu-camp.ready,Idle,2
3695,140616.9988,43.0268,audit.snapshot.route.high.reduced.r1.menu-camp.ready,Idle,2
3696,140657.8573,40.8585,audit.snapshot.route.high.reduced.r1.menu-camp.ready,Idle,2
3697,140726.2247,68.3673,audit.snapshot.route.high.reduced.r1.menu-camp.ready,Idle,2
3698,140745.0035,18.7789,audit.snapshot.route.high.reduced.r1.menu-camp.ready,Idle,2
3699,140785.0697,40.0662,audit.snapshot.route.high.reduced.r1.menu-camp.ready,Idle,2
3700,140841.9547,56.8849,route.high.reduced.r1.camp-menu,Covering,2
3701,140900.7224,58.7678,route.high.reduced.r1.camp-menu,Covering,2
3702,140946.0048,45.2824,route.high.reduced.r1.camp-menu,Covering,2
3703,140985.0074,39.0026,route.high.reduced.r1.camp-menu,CoveredLoading,2
3704,141000.2622,15.2546,route.high.reduced.r1.camp-menu,CoveredLoading,2
3705,141085.4969,85.2349,route.high.reduced.r1.camp-menu,CoveredLoading,2
3706,141283.3555,197.8583,route.high.reduced.r1.camp-menu,CoveredLoading,2
3707,141300.5939,17.2384,route.high.reduced.r1.camp-menu,CoveredLoading,2
3708,141330.026,29.4324,route.high.reduced.r1.camp-menu,CoveredLoading,2
3709,141340.4458,10.4196,route.high.reduced.r1.camp-menu,CoveredLoading,2
3710,141394.5069,54.0611,route.high.reduced.r1.camp-menu,CoveredLoading,2
3711,141476.6745,82.1677,route.high.reduced.r1.camp-menu,CoveredLoading,2
3712,141501.7581,25.0838,route.high.reduced.r1.camp-menu,CoveredLoading,2
3713,141536.7042,34.946,route.high.reduced.r1.camp-menu,CoveredLoading,2
3714,141574.0314,37.3272,route.high.reduced.r1.camp-menu,CoveredLoading,2
3715,141625.3647,51.3333,route.high.reduced.r1.camp-menu,CoveredLoading,2
3716,141680.0423,54.6773,route.high.reduced.r1.camp-menu,CoveredLoading,2
3717,141713.4311,33.3891,route.high.reduced.r1.camp-menu,CoveredLoading,2
3718,141741.249,27.8178,route.high.reduced.r1.camp-menu,CoveredLoading,2
3719,141773.2175,31.9679,route.high.reduced.r1.camp-menu,Preparing,2
3720,141809.0396,35.8227,route.high.reduced.r1.camp-menu,Preparing,2
3721,141842.3452,33.3057,route.high.reduced.r1.camp-menu,Preparing,2
3722,141880.0256,37.6804,route.high.reduced.r1.camp-menu,Revealing,2
3723,141913.7824,33.7568,route.high.reduced.r1.camp-menu,Revealing,2
3724,141950.8987,37.1163,route.high.reduced.r1.camp-menu,Revealing,2
3725,141985.3408,34.442,route.high.reduced.r1.camp-menu,Revealing,2
3726,142021.6319,36.291,route.high.reduced.r1.camp-menu,Revealing,2
3727,142061.8272,40.1954,route.high.reduced.r1.camp-menu,Revealing,2
3728,142094.4203,32.5932,route.high.reduced.r1.camp-menu,Idle,2
3729,142137.9178,43.4975,audit.snapshot.route.high.reduced.r1.camp-menu.ready,Idle,2
3730,142174.295,36.3771,audit.snapshot.route.high.reduced.r1.camp-menu.ready,Idle,2
3731,142227.7633,53.4684,audit.snapshot.route.high.reduced.r1.camp-menu.ready,Idle,2
3732,142246.6351,18.8718,audit.snapshot.route.high.reduced.r1.camp-menu.ready,Idle,2
3733,142281.2236,34.5885,audit.snapshot.route.high.reduced.r1.camp-menu.ready,Idle,2
3734,142315.5511,34.3275,audit.snapshot.route.high.reduced.r1.camp-menu.ready,Idle,2
3735,142352.2363,36.6851,audit.snapshot.route.high.reduced.r1.camp-menu.ready,Idle,2
3736,142391.0999,38.8636,audit.snapshot.route.high.reduced.r1.camp-menu.ready,Idle,2
3737,142424.2075,33.1077,audit.snapshot.route.high.reduced.r1.camp-menu.ready,Idle,2
3738,142458.6855,34.478,audit.snapshot.route.high.reduced.r1.camp-menu.ready,Idle,2
3739,142496.4354,37.7498,audit.snapshot.route.high.reduced.r1.camp-menu.ready,Idle,2
3740,142530.8078,34.3725,audit.snapshot.route.high.reduced.r1.camp-menu.ready,Idle,2
3741,142565.4755,34.6676,audit.snapshot.route.high.reduced.r1.camp-menu.ready,Idle,2
3742,142602.2014,36.726,audit.snapshot.route.high.reduced.r1.camp-menu.ready,Idle,2
3743,142640.3238,38.122,audit.snapshot.route.high.reduced.r1.camp-menu.ready,Idle,2
3744,142684.0569,43.7335,audit.snapshot.route.high.reduced.r1.camp-menu.ready,Idle,2
3745,142714.3391,30.2821,audit.snapshot.route.high.reduced.r1.camp-menu.ready,Idle,2
3746,142748.4432,34.1042,audit.snapshot.route.high.reduced.r1.camp-menu.ready,Idle,2
3747,142782.3136,33.8704,audit.snapshot.route.high.reduced.r1.camp-menu.ready,Idle,2
3748,142818.799,36.4854,audit.snapshot.route.high.reduced.r1.camp-menu.ready,Idle,2
3749,142860.2821,41.4831,route.high.normal.r2.menu-camp,Covering,2
3750,142915.9339,55.6518,route.high.normal.r2.menu-camp,Covering,2
3751,142962.9835,47.0496,route.high.normal.r2.menu-camp,Covering,2
3752,142997.0619,34.0783,route.high.normal.r2.menu-camp,Covering,2
3753,143036.0752,39.0134,route.high.normal.r2.menu-camp,Covering,2
3754,143079.7528,43.6776,route.high.normal.r2.menu-camp,Covering,2
3755,143119.7523,39.9996,route.high.normal.r2.menu-camp,Covering,2
3756,143167.1616,47.4092,route.high.normal.r2.menu-camp,Covering,2
3757,143216.8543,49.6925,route.high.normal.r2.menu-camp,Covering,2
3758,143241.6046,24.7503,route.high.normal.r2.menu-camp,Covering,2
3759,143281.2219,39.6174,route.high.normal.r2.menu-camp,Covering,2
3760,143320.5984,39.3766,route.high.normal.r2.menu-camp,Covering,2
3761,143364.0221,43.4237,route.high.normal.r2.menu-camp,Covering,2
3762,143403.2647,39.2425,route.high.normal.r2.menu-camp,Covering,2
3763,143443.7247,40.4601,route.high.normal.r2.menu-camp,Covering,2
3764,143485.4424,41.7177,route.high.normal.r2.menu-camp,Covering,2
3765,143544.102,58.6596,route.high.normal.r2.menu-camp,Covering,2
3766,143567.6152,23.5132,route.high.normal.r2.menu-camp,Covering,2
3767,143604.6403,37.025,route.high.normal.r2.menu-camp,Covering,2
3768,143626.4407,21.8004,route.high.normal.r2.menu-camp,Covering,2
3769,143671.5181,45.0775,route.high.normal.r2.menu-camp,Covering,2
3770,143692.6508,21.1326,route.high.normal.r2.menu-camp,Covering,2
3771,143741.2453,48.5946,route.high.normal.r2.menu-camp,Covering,2
3772,143768.6311,27.3856,route.high.normal.r2.menu-camp,Covering,2
3773,143809.2387,40.6078,route.high.normal.r2.menu-camp,Covering,2
3774,143846.0494,36.8106,route.high.normal.r2.menu-camp,Covering,2
3775,143884.5752,38.5259,route.high.normal.r2.menu-camp,Covering,2
3776,143923.8575,39.2823,route.high.normal.r2.menu-camp,Covering,2
3777,143962.8085,38.951,route.high.normal.r2.menu-camp,Covering,2
3778,144022.1153,59.3068,route.high.normal.r2.menu-camp,Covering,2
3779,144066.7997,44.6843,route.high.normal.r2.menu-camp,Covering,2
3780,144105.2894,38.4898,route.high.normal.r2.menu-camp,Covering,2
3781,144142.586,37.2966,route.high.normal.r2.menu-camp,Covering,2
3782,144178.7201,36.134,route.high.normal.r2.menu-camp,Covering,2
3783,144226.7777,48.0577,route.high.normal.r2.menu-camp,Covering,2
3784,144276.9988,50.2211,route.high.normal.r2.menu-camp,Covering,2
3785,144312.7344,35.7356,route.high.normal.r2.menu-camp,Covering,2
3786,144342.4473,29.7129,route.high.normal.r2.menu-camp,Covering,2
3787,144388.3763,45.929,route.high.normal.r2.menu-camp,Covering,2
3788,144410.3334,21.957,route.high.normal.r2.menu-camp,Covering,2
3789,144460.1415,49.8082,route.high.normal.r2.menu-camp,CoveredLoading,2
3790,144483.4362,23.2947,route.high.normal.r2.menu-camp,CoveredLoading,2
3791,144572.0196,88.5835,route.high.normal.r2.menu-camp,CoveredLoading,2
3792,144715.8083,143.7883,route.high.normal.r2.menu-camp,CoveredLoading,2
3793,144762.5157,46.7077,route.high.normal.r2.menu-camp,CoveredLoading,2
3794,144849.4533,86.9376,route.high.normal.r2.menu-camp,CoveredLoading,2
3795,144865.0235,15.5698,route.high.normal.r2.menu-camp,CoveredLoading,2
3796,144943.7354,78.7122,route.high.normal.r2.menu-camp,CoveredLoading,2
3797,144991.6772,47.9417,route.high.normal.r2.menu-camp,CoveredLoading,2
3798,145027.4653,35.7883,route.high.normal.r2.menu-camp,CoveredLoading,2
3799,145060.5833,33.1179,route.high.normal.r2.menu-camp,CoveredLoading,2
3800,145136.3145,75.7313,route.high.normal.r2.menu-camp,CoveredLoading,2
3801,145162.4028,26.0882,route.high.normal.r2.menu-camp,CoveredLoading,2
3802,145264.9148,102.5117,route.high.normal.r2.menu-camp,CoveredLoading,2
3803,145282.6054,17.6908,route.high.normal.r2.menu-camp,CoveredLoading,2
3804,145337.8753,55.27,route.high.normal.r2.menu-camp,CoveredLoading,2
3805,145378.655,40.7798,route.high.normal.r2.menu-camp,CoveredLoading,2
3806,145429.6818,51.0267,route.high.normal.r2.menu-camp,CoveredLoading,2
3807,145533.6957,104.0139,route.high.normal.r2.menu-camp,CoveredLoading,2
3808,145554.255,20.5594,route.high.normal.r2.menu-camp,CoveredLoading,2
3809,145611.5198,57.2647,route.high.normal.r2.menu-camp,CoveredLoading,2
3810,145688.4265,76.9067,route.high.normal.r2.menu-camp,CoveredLoading,2
3811,145753.1774,64.751,route.high.normal.r2.menu-camp,Preparing,2
3812,145794.8969,41.7195,route.high.normal.r2.menu-camp,Preparing,2
3813,145891.9333,97.0365,route.high.normal.r2.menu-camp,Preparing,2
3814,145913.1271,21.1937,route.high.normal.r2.menu-camp,Preparing,2
3815,145960.0003,46.8731,route.high.normal.r2.menu-camp,Preparing,2
3816,146020.3164,60.3162,route.high.normal.r2.menu-camp,Revealing,2
3817,146076.6487,56.3322,route.high.normal.r2.menu-camp,Revealing,2
3818,146128.2477,51.5991,route.high.normal.r2.menu-camp,Revealing,2
3819,146219.4316,91.1839,route.high.normal.r2.menu-camp,Revealing,2
3820,146247.7028,28.2711,route.high.normal.r2.menu-camp,Revealing,2
3821,146303.8166,56.114,route.high.normal.r2.menu-camp,Revealing,2
3822,146391.8764,88.0596,route.high.normal.r2.menu-camp,Revealing,2
3823,146412.4258,20.5494,route.high.normal.r2.menu-camp,Revealing,2
3824,146470.6422,58.2165,route.high.normal.r2.menu-camp,Revealing,2
3825,146562.0278,91.3855,route.high.normal.r2.menu-camp,Revealing,2
3826,146577.343,15.3152,route.high.normal.r2.menu-camp,Revealing,2
3827,146623.7148,46.3717,route.high.normal.r2.menu-camp,Revealing,2
3828,146704.4875,80.7728,route.high.normal.r2.menu-camp,Revealing,2
3829,146734.7673,30.2798,route.high.normal.r2.menu-camp,Revealing,2
3830,146784.0506,49.2834,route.high.normal.r2.menu-camp,Revealing,2
3831,146833.8359,49.7851,route.high.normal.r2.menu-camp,Revealing,2
3832,146885.3465,51.5108,route.high.normal.r2.menu-camp,Revealing,2
3833,146938.0788,52.7323,route.high.normal.r2.menu-camp,Revealing,2
3834,146983.7099,45.6311,route.high.normal.r2.menu-camp,Revealing,2
3835,147033.1643,49.4543,route.high.normal.r2.menu-camp,Revealing,2
3836,147103.4994,70.3351,route.high.normal.r2.menu-camp,Revealing,2
3837,147129.3013,25.8019,route.high.normal.r2.menu-camp,Revealing,2
3838,147188.28,58.9787,route.high.normal.r2.menu-camp,Revealing,2
3839,147229.2748,40.9948,route.high.normal.r2.menu-camp,Revealing,2
3840,147286.6574,57.3827,route.high.normal.r2.menu-camp,Revealing,2
3841,147329.0951,42.4377,route.high.normal.r2.menu-camp,Revealing,2
3842,147375.1462,46.051,route.high.normal.r2.menu-camp,Revealing,2
3843,147423.8661,48.7199,route.high.normal.r2.menu-camp,Idle,2
3844,147492.959,69.0927,audit.snapshot.route.high.normal.r2.menu-camp.ready,Idle,2
3845,147512.3444,19.3857,audit.snapshot.route.high.normal.r2.menu-camp.ready,Idle,2
3846,147568.2106,55.8662,audit.snapshot.route.high.normal.r2.menu-camp.ready,Idle,2
3847,147602.2551,34.0445,audit.snapshot.route.high.normal.r2.menu-camp.ready,Idle,2
3848,147655.2488,52.9933,audit.snapshot.route.high.normal.r2.menu-camp.ready,Idle,2
3849,147688.3563,33.1079,audit.snapshot.route.high.normal.r2.menu-camp.ready,Idle,2
3850,147733.3598,45.0034,audit.snapshot.route.high.normal.r2.menu-camp.ready,Idle,2
3851,147774.6821,41.3223,audit.snapshot.route.high.normal.r2.menu-camp.ready,Idle,2
3852,147838.6083,63.9263,audit.snapshot.route.high.normal.r2.menu-camp.ready,Idle,2
3853,147861.424,22.8157,audit.snapshot.route.high.normal.r2.menu-camp.ready,Idle,2
3854,147910.9575,49.5334,audit.snapshot.route.high.normal.r2.menu-camp.ready,Idle,2
3855,147945.1617,34.2043,audit.snapshot.route.high.normal.r2.menu-camp.ready,Idle,2
3856,147998.1651,53.0034,audit.snapshot.route.high.normal.r2.menu-camp.ready,Idle,2
3857,148029.3815,31.2164,audit.snapshot.route.high.normal.r2.menu-camp.ready,Idle,2
3858,148073.5204,44.1387,audit.snapshot.route.high.normal.r2.menu-camp.ready,Idle,2
3859,148113.1871,39.6669,audit.snapshot.route.high.normal.r2.menu-camp.ready,Idle,2
3860,148176.838,63.6508,audit.snapshot.route.high.normal.r2.menu-camp.ready,Idle,2
3861,148196.9848,20.1469,audit.snapshot.route.high.normal.r2.menu-camp.ready,Idle,2
3862,148252.1268,55.142,audit.snapshot.route.high.normal.r2.menu-camp.ready,Idle,2
3863,148289.7902,37.6634,audit.snapshot.route.high.normal.r2.menu-camp.ready,Idle,2
3864,148341.9147,52.1245,route.high.normal.r2.camp-menu,Covering,2
3865,148397.8571,55.9424,route.high.normal.r2.camp-menu,Covering,2
3866,148464.4248,66.5677,route.high.normal.r2.camp-menu,Covering,2
3867,148518.5314,54.1066,route.high.normal.r2.camp-menu,Covering,2
3868,148541.9358,23.4043,route.high.normal.r2.camp-menu,Covering,2
3869,148588.0797,46.144,route.high.normal.r2.camp-menu,Covering,2
3870,148666.5321,78.4525,route.high.normal.r2.camp-menu,Covering,2
3871,148693.212,26.6798,route.high.normal.r2.camp-menu,Covering,2
3872,148733.7148,40.5028,route.high.normal.r2.camp-menu,Covering,2
3873,148783.4071,49.6922,route.high.normal.r2.camp-menu,Covering,2
3874,148854.0978,70.6908,route.high.normal.r2.camp-menu,Covering,2
3875,148904.5574,50.4595,route.high.normal.r2.camp-menu,Covering,2
3876,148921.9874,17.4301,route.high.normal.r2.camp-menu,Covering,2
3877,148969.1365,47.149,route.high.normal.r2.camp-menu,Covering,2
3878,149018.3416,49.2052,route.high.normal.r2.camp-menu,Covering,2
3879,149066.99,48.6485,route.high.normal.r2.camp-menu,Covering,2
3880,149117.0613,50.0712,route.high.normal.r2.camp-menu,Covering,2
3881,149197.2388,80.1776,route.high.normal.r2.camp-menu,Covering,2
3882,149251.199,53.9602,route.high.normal.r2.camp-menu,Covering,2
3883,149277.866,26.6668,route.high.normal.r2.camp-menu,Covering,2
3884,149328.2956,50.4296,route.high.normal.r2.camp-menu,Covering,2
3885,149376.2056,47.91,route.high.normal.r2.camp-menu,Covering,2
3886,149437.281,61.0755,route.high.normal.r2.camp-menu,Covering,2
3887,149527.7018,90.4208,route.high.normal.r2.camp-menu,Covering,2
3888,149553.3608,25.659,route.high.normal.r2.camp-menu,Covering,2
3889,149608.4422,55.0813,route.high.normal.r2.camp-menu,Covering,2
3890,149649.6503,41.2082,route.high.normal.r2.camp-menu,Covering,2
3891,149706.3615,56.7113,route.high.normal.r2.camp-menu,Covering,2
3892,149749.3364,42.9748,route.high.normal.r2.camp-menu,Covering,2
3893,149826.1589,76.8224,route.high.normal.r2.camp-menu,Covering,2
3894,149876.5194,50.3606,route.high.normal.r2.camp-menu,Covering,2
3895,149903.7437,27.2243,route.high.normal.r2.camp-menu,CoveredLoading,2
3896,149927.654,23.9102,route.high.normal.r2.camp-menu,CoveredLoading,2
3897,150030.3812,102.7274,route.high.normal.r2.camp-menu,CoveredLoading,2
3898,150245.5628,215.1813,route.high.normal.r2.camp-menu,CoveredLoading,2
3899,150263.1328,17.5702,route.high.normal.r2.camp-menu,CoveredLoading,2
3900,150295.2675,32.1347,route.high.normal.r2.camp-menu,CoveredLoading,2
3901,150312.8593,17.5917,route.high.normal.r2.camp-menu,CoveredLoading,2
3902,150369.9006,57.0414,route.high.normal.r2.camp-menu,CoveredLoading,2
3903,150450.8398,80.9391,route.high.normal.r2.camp-menu,CoveredLoading,2
3904,150475.1302,24.2905,route.high.normal.r2.camp-menu,CoveredLoading,2
3905,150509.7912,34.661,route.high.normal.r2.camp-menu,CoveredLoading,2
3906,150561.5112,51.7199,route.high.normal.r2.camp-menu,CoveredLoading,2
3907,150612.0482,50.5371,route.high.normal.r2.camp-menu,CoveredLoading,2
3908,150699.1047,87.0559,route.high.normal.r2.camp-menu,CoveredLoading,2
3909,150731.0324,31.9283,route.high.normal.r2.camp-menu,CoveredLoading,2
3910,150766.7035,35.671,route.high.normal.r2.camp-menu,CoveredLoading,2
3911,150797.6105,30.9072,route.high.normal.r2.camp-menu,Preparing,2
3912,150824.684,27.0733,route.high.normal.r2.camp-menu,Preparing,2
3913,150874.7156,50.0317,route.high.normal.r2.camp-menu,Preparing,2
3914,150908.5408,33.8253,route.high.normal.r2.camp-menu,Preparing,2
3915,150944.4081,35.8671,route.high.normal.r2.camp-menu,Preparing,2
3916,150992.6926,48.2845,route.high.normal.r2.camp-menu,Preparing,2
3917,151027.6369,34.9442,route.high.normal.r2.camp-menu,Preparing,2
3918,151077.4755,49.8387,route.high.normal.r2.camp-menu,Revealing,2
3919,151123.9331,46.4577,route.high.normal.r2.camp-menu,Revealing,2
3920,151163.4292,39.4961,route.high.normal.r2.camp-menu,Revealing,2
3921,151220.6965,57.2673,route.high.normal.r2.camp-menu,Revealing,2
3922,151266.1961,45.4996,route.high.normal.r2.camp-menu,Revealing,2
3923,151316.3761,50.1799,route.high.normal.r2.camp-menu,Revealing,2
3924,151360.9265,44.5503,route.high.normal.r2.camp-menu,Revealing,2
3925,151406.6521,45.7257,route.high.normal.r2.camp-menu,Revealing,2
3926,151442.7054,36.0534,route.high.normal.r2.camp-menu,Revealing,2
3927,151493.5331,50.8276,route.high.normal.r2.camp-menu,Revealing,2
3928,151549.0691,55.5361,route.high.normal.r2.camp-menu,Revealing,2
3929,151573.6664,24.5973,route.high.normal.r2.camp-menu,Revealing,2
3930,151611.5265,37.86,route.high.normal.r2.camp-menu,Revealing,2
3931,151662.5681,51.0416,route.high.normal.r2.camp-menu,Revealing,2
3932,151711.7877,49.2196,route.high.normal.r2.camp-menu,Revealing,2
3933,151760.4792,48.6915,route.high.normal.r2.camp-menu,Revealing,2
3934,151804.7881,44.3089,route.high.normal.r2.camp-menu,Revealing,2
3935,151837.3126,32.5244,route.high.normal.r2.camp-menu,Revealing,2
3936,151881.2707,43.9582,route.high.normal.r2.camp-menu,Revealing,2
3937,151922.4051,41.1346,route.high.normal.r2.camp-menu,Revealing,2
3938,151960.7824,38.3772,route.high.normal.r2.camp-menu,Revealing,2
3939,151997.5018,36.7194,route.high.normal.r2.camp-menu,Revealing,2
3940,152037.1531,39.6513,route.high.normal.r2.camp-menu,Revealing,2
3941,152080.8201,43.6669,route.high.normal.r2.camp-menu,Revealing,2
3942,152124.3652,43.545,route.high.normal.r2.camp-menu,Revealing,2
3943,152183.2909,58.9259,route.high.normal.r2.camp-menu,Revealing,2
3944,152230.9251,47.6342,route.high.normal.r2.camp-menu,Revealing,2
3945,152248.0419,17.1168,route.high.normal.r2.camp-menu,Revealing,2
3946,152287.2064,39.1645,route.high.normal.r2.camp-menu,Revealing,2
3947,152353.4616,66.2551,route.high.normal.r2.camp-menu,Revealing,2
3948,152397.6924,44.2308,route.high.normal.r2.camp-menu,Revealing,2
3949,152414.288,16.5958,route.high.normal.r2.camp-menu,Revealing,2
3950,152457.5425,43.2543,route.high.normal.r2.camp-menu,Revealing,2
3951,152522.3576,64.815,route.high.normal.r2.camp-menu,Idle,2
3952,152559.4503,37.0928,audit.snapshot.route.high.normal.r2.camp-menu.ready,Idle,2
3953,152608.8148,49.3645,audit.snapshot.route.high.normal.r2.camp-menu.ready,Idle,2
3954,152618.8501,10.0354,audit.snapshot.route.high.normal.r2.camp-menu.ready,Idle,2
3955,152668.562,49.7118,audit.snapshot.route.high.normal.r2.camp-menu.ready,Idle,2
3956,152719.981,51.4192,audit.snapshot.route.high.normal.r2.camp-menu.ready,Idle,2
3957,152759.4233,39.4422,audit.snapshot.route.high.normal.r2.camp-menu.ready,Idle,2
3958,152796.4128,36.9895,audit.snapshot.route.high.normal.r2.camp-menu.ready,Idle,2
3959,152833.74,37.3272,audit.snapshot.route.high.normal.r2.camp-menu.ready,Idle,2
3960,152847.4279,13.6879,audit.snapshot.route.high.normal.r2.camp-menu.ready,Idle,2
3961,152881.9885,34.5606,audit.snapshot.route.high.normal.r2.camp-menu.ready,Idle,2
3962,152945.5438,63.5553,audit.snapshot.route.high.normal.r2.camp-menu.ready,Idle,2
3963,152980.7726,35.2286,audit.snapshot.route.high.normal.r2.camp-menu.ready,Idle,2
3964,153029.7482,48.9758,audit.snapshot.route.high.normal.r2.camp-menu.ready,Idle,2
3965,153040.7701,11.0218,audit.snapshot.route.high.normal.r2.camp-menu.ready,Idle,2
3966,153073.484,32.7139,audit.snapshot.route.high.normal.r2.camp-menu.ready,Idle,2
3967,153134.0071,60.5232,audit.snapshot.route.high.normal.r2.camp-menu.ready,Idle,2
3968,153174.2496,40.2425,audit.snapshot.route.high.normal.r2.camp-menu.ready,Idle,2
3969,153207.6744,33.4248,audit.snapshot.route.high.normal.r2.camp-menu.ready,Idle,2
3970,153240.2514,32.5769,audit.snapshot.route.high.normal.r2.camp-menu.ready,Idle,2
3971,153257.1861,16.9347,audit.snapshot.route.high.normal.r2.camp-menu.ready,Idle,2
3972,153293.3865,36.2005,route.high.reduced.r2.menu-camp,Covering,2
3973,153362.8412,69.4547,route.high.reduced.r2.menu-camp,Covering,2
3974,153374.6728,11.8315,route.high.reduced.r2.menu-camp,Covering,2
3975,153436.0445,61.3718,route.high.reduced.r2.menu-camp,Covering,2
3976,153458.8446,22.8001,route.high.reduced.r2.menu-camp,CoveredLoading,2
3977,153479.2836,20.4389,route.high.reduced.r2.menu-camp,CoveredLoading,2
3978,153569.9601,90.6766,route.high.reduced.r2.menu-camp,CoveredLoading,2
3979,153711.6198,141.6593,route.high.reduced.r2.menu-camp,CoveredLoading,2
3980,153761.0291,49.4097,route.high.reduced.r2.menu-camp,CoveredLoading,2
3981,153843.4615,82.4323,route.high.reduced.r2.menu-camp,CoveredLoading,2
3982,153855.8791,12.4176,route.high.reduced.r2.menu-camp,CoveredLoading,2
3983,153934.8825,79.0035,route.high.reduced.r2.menu-camp,CoveredLoading,2
3984,153962.8008,27.9183,route.high.reduced.r2.menu-camp,CoveredLoading,2
3985,153996.7254,33.9246,route.high.reduced.r2.menu-camp,CoveredLoading,2
3986,154038.7499,42.0243,route.high.reduced.r2.menu-camp,CoveredLoading,2
3987,154067.8514,29.1017,route.high.reduced.r2.menu-camp,CoveredLoading,2
3988,154103.5661,35.7147,route.high.reduced.r2.menu-camp,CoveredLoading,2
3989,154183.5426,79.9762,route.high.reduced.r2.menu-camp,CoveredLoading,2
3990,154202.836,19.2937,route.high.reduced.r2.menu-camp,CoveredLoading,2
3991,154237.7396,34.9035,route.high.reduced.r2.menu-camp,CoveredLoading,2
3992,154263.4036,25.6639,route.high.reduced.r2.menu-camp,CoveredLoading,2
3993,154291.6183,28.2145,route.high.reduced.r2.menu-camp,CoveredLoading,2
3994,154354.6819,63.064,route.high.reduced.r2.menu-camp,CoveredLoading,2
3995,154377.059,22.3771,route.high.reduced.r2.menu-camp,CoveredLoading,2
3996,154429.5779,52.5182,route.high.reduced.r2.menu-camp,CoveredLoading,2
3997,154509.2429,79.6657,route.high.reduced.r2.menu-camp,CoveredLoading,2
3998,154525.1844,15.9415,route.high.reduced.r2.menu-camp,CoveredLoading,2
3999,154567.7689,42.5845,route.high.reduced.r2.menu-camp,CoveredLoading,2
4000,154648.5934,80.8244,route.high.reduced.r2.menu-camp,Preparing,2
4001,154666.5941,18.0008,route.high.reduced.r2.menu-camp,Revealing,2
4002,154711.7917,45.1975,route.high.reduced.r2.menu-camp,Revealing,2
4003,154762.6034,50.8118,route.high.reduced.r2.menu-camp,Revealing,2
4004,154818.591,55.9876,route.high.reduced.r2.menu-camp,Revealing,2
4005,154856.7612,38.1702,route.high.reduced.r2.menu-camp,Revealing,2
4006,154906.0428,49.2815,route.high.reduced.r2.menu-camp,Idle,2
4007,154941.5636,35.5209,audit.snapshot.route.high.reduced.r2.menu-camp.ready,Idle,2
4008,155005.0586,63.4949,audit.snapshot.route.high.reduced.r2.menu-camp.ready,Idle,2
4009,155028.3508,23.2923,audit.snapshot.route.high.reduced.r2.menu-camp.ready,Idle,2
4010,155068.013,39.6622,audit.snapshot.route.high.reduced.r2.menu-camp.ready,Idle,2
4011,155112.5497,44.5364,audit.snapshot.route.high.reduced.r2.menu-camp.ready,Idle,2
4012,155175.9256,63.3761,audit.snapshot.route.high.reduced.r2.menu-camp.ready,Idle,2
4013,155196.4376,20.512,audit.snapshot.route.high.reduced.r2.menu-camp.ready,Idle,2
4014,155236.0285,39.591,audit.snapshot.route.high.reduced.r2.menu-camp.ready,Idle,2
4015,155280.5371,44.5086,audit.snapshot.route.high.reduced.r2.menu-camp.ready,Idle,2
4016,155349.2535,68.7163,audit.snapshot.route.high.reduced.r2.menu-camp.ready,Idle,2
4017,155366.8712,17.6178,audit.snapshot.route.high.reduced.r2.menu-camp.ready,Idle,2
4018,155411.9825,45.1113,audit.snapshot.route.high.reduced.r2.menu-camp.ready,Idle,2
4019,155451.9978,40.0152,audit.snapshot.route.high.reduced.r2.menu-camp.ready,Idle,2
4020,155521.3753,69.3776,audit.snapshot.route.high.reduced.r2.menu-camp.ready,Idle,2
4021,155545.221,23.8457,audit.snapshot.route.high.reduced.r2.menu-camp.ready,Idle,2
4022,155585.2177,39.9967,audit.snapshot.route.high.reduced.r2.menu-camp.ready,Idle,2
4023,155630.0939,44.8761,audit.snapshot.route.high.reduced.r2.menu-camp.ready,Idle,2
4024,155699.3775,69.2835,audit.snapshot.route.high.reduced.r2.menu-camp.ready,Idle,2
4025,155717.075,17.6976,audit.snapshot.route.high.reduced.r2.menu-camp.ready,Idle,2
4026,155762.0752,45.0003,audit.snapshot.route.high.reduced.r2.menu-camp.ready,Idle,2
4027,155804.055,41.9798,route.high.reduced.r2.camp-menu,Covering,2
4028,155883.1176,79.0626,route.high.reduced.r2.camp-menu,Covering,2
4029,155901.5551,18.4375,route.high.reduced.r2.camp-menu,Covering,2
4030,155949.5613,48.0061,route.high.reduced.r2.camp-menu,Covering,2
4031,155991.2363,41.675,route.high.reduced.r2.camp-menu,CoveredLoading,2
4032,156008.3548,17.1186,route.high.reduced.r2.camp-menu,CoveredLoading,2
4033,156083.6989,75.3441,route.high.reduced.r2.camp-menu,CoveredLoading,2
4034,156289.7553,206.0486,route.high.reduced.r2.camp-menu,CoveredLoading,2
4035,156309.0822,19.3347,route.high.reduced.r2.camp-menu,CoveredLoading,2
4036,156340.5148,31.4325,route.high.reduced.r2.camp-menu,CoveredLoading,2
4037,156354.2227,13.7078,route.high.reduced.r2.camp-menu,CoveredLoading,2
4038,156411.9212,57.6987,route.high.reduced.r2.camp-menu,CoveredLoading,2
4039,156493.3959,81.4747,route.high.reduced.r2.camp-menu,CoveredLoading,2
4040,156515.8153,22.4193,route.high.reduced.r2.camp-menu,CoveredLoading,2
4041,156547.7296,31.9143,route.high.reduced.r2.camp-menu,CoveredLoading,2
4042,156581.3511,33.6216,route.high.reduced.r2.camp-menu,CoveredLoading,2
4043,156615.2992,33.9481,route.high.reduced.r2.camp-menu,CoveredLoading,2
4044,156694.5493,79.2497,route.high.reduced.r2.camp-menu,CoveredLoading,2
4045,156710.8874,16.3385,route.high.reduced.r2.camp-menu,CoveredLoading,2
4046,156743.8777,32.9903,route.high.reduced.r2.camp-menu,CoveredLoading,2
4047,156773.9533,30.0752,route.high.reduced.r2.camp-menu,CoveredLoading,2
4048,156808.4991,34.5462,route.high.reduced.r2.camp-menu,Preparing,2
4049,156842.0561,33.5569,route.high.reduced.r2.camp-menu,Preparing,2
4050,156881.128,39.0716,route.high.reduced.r2.camp-menu,Preparing,2
4051,156914.4977,33.37,route.high.reduced.r2.camp-menu,Revealing,2
4052,156951.344,36.8464,route.high.reduced.r2.camp-menu,Revealing,2
4053,156990.6306,39.2866,route.high.reduced.r2.camp-menu,Revealing,2
4054,157028.2046,37.574,route.high.reduced.r2.camp-menu,Revealing,2
4055,157081.8288,53.6242,route.high.reduced.r2.camp-menu,Revealing,2
4056,157103.167,21.3382,route.high.reduced.r2.camp-menu,Idle,2
4057,157151.8193,48.6523,audit.snapshot.route.high.reduced.r2.camp-menu.ready,Idle,2
4058,157181.8888,30.0696,audit.snapshot.route.high.reduced.r2.camp-menu.ready,Idle,2
4059,157219.2942,37.4052,audit.snapshot.route.high.reduced.r2.camp-menu.ready,Idle,2
4060,157256.3085,37.0144,audit.snapshot.route.high.reduced.r2.camp-menu.ready,Idle,2
4061,157292.0655,35.757,audit.snapshot.route.high.reduced.r2.camp-menu.ready,Idle,2
4062,157330.6072,38.5416,audit.snapshot.route.high.reduced.r2.camp-menu.ready,Idle,2
4063,157364.3173,33.7101,audit.snapshot.route.high.reduced.r2.camp-menu.ready,Idle,2
4064,157401.7165,37.3993,audit.snapshot.route.high.reduced.r2.camp-menu.ready,Idle,2
4065,157437.695,35.9784,audit.snapshot.route.high.reduced.r2.camp-menu.ready,Idle,2
4066,157473.8135,36.1186,audit.snapshot.route.high.reduced.r2.camp-menu.ready,Idle,2
4067,157508.2406,34.427,audit.snapshot.route.high.reduced.r2.camp-menu.ready,Idle,2
4068,157545.8561,37.6156,audit.snapshot.route.high.reduced.r2.camp-menu.ready,Idle,2
4069,157581.0246,35.1684,audit.snapshot.route.high.reduced.r2.camp-menu.ready,Idle,2
4070,157612.2672,31.2425,audit.snapshot.route.high.reduced.r2.camp-menu.ready,Idle,2
4071,157648.7393,36.4723,audit.snapshot.route.high.reduced.r2.camp-menu.ready,Idle,2
4072,157685.7828,37.0434,audit.snapshot.route.high.reduced.r2.camp-menu.ready,Idle,2
4073,157721.6736,35.8909,audit.snapshot.route.high.reduced.r2.camp-menu.ready,Idle,2
4074,157756.541,34.8673,audit.snapshot.route.high.reduced.r2.camp-menu.ready,Idle,2
4075,157791.5074,34.9664,audit.snapshot.route.high.reduced.r2.camp-menu.ready,Idle,2
4076,157826.7664,35.2591,audit.snapshot.route.high.reduced.r2.camp-menu.ready,Idle,2
4077,157866.336,39.5696,route.high.normal.r3.menu-camp,Covering,2
4078,157923.4952,57.1592,route.high.normal.r3.menu-camp,Covering,2
4079,157979.491,55.9955,route.high.normal.r3.menu-camp,Covering,2
4080,157997.6853,18.1944,route.high.normal.r3.menu-camp,Covering,2
4081,158052.4807,54.7956,route.high.normal.r3.menu-camp,Covering,2
4082,158088.1793,35.6986,route.high.normal.r3.menu-camp,Covering,2
4083,158124.5807,36.4013,route.high.normal.r3.menu-camp,Covering,2
4084,158174.4839,49.9032,route.high.normal.r3.menu-camp,Covering,2
4085,158206.502,32.0182,route.high.normal.r3.menu-camp,Covering,2
4086,158239.7646,33.2626,route.high.normal.r3.menu-camp,Covering,2
4087,158273.9784,34.2138,route.high.normal.r3.menu-camp,Covering,2
4088,158308.385,34.4066,route.high.normal.r3.menu-camp,Covering,2
4089,158346.6038,38.2188,route.high.normal.r3.menu-camp,Covering,2
4090,158380.9818,34.378,route.high.normal.r3.menu-camp,Covering,2
4091,158416.7639,35.7818,route.high.normal.r3.menu-camp,Covering,2
4092,158450.6871,33.9235,route.high.normal.r3.menu-camp,Covering,2
4093,158485.1674,34.4803,route.high.normal.r3.menu-camp,Covering,2
4094,158519.686,34.5186,route.high.normal.r3.menu-camp,Covering,2
4095,158557.4719,37.786,route.high.normal.r3.menu-camp,Covering,2
4096,158591.0995,33.6275,route.high.normal.r3.menu-camp,Covering,2
4097,158622.0895,30.9899,route.high.normal.r3.menu-camp,Covering,2
4098,158653.8608,31.7714,route.high.normal.r3.menu-camp,Covering,2
4099,158682.985,29.1241,route.high.normal.r3.menu-camp,Covering,2
4100,158716.5701,33.5852,route.high.normal.r3.menu-camp,Covering,2
4101,158750.1509,33.5808,route.high.normal.r3.menu-camp,Covering,2
4102,158784.5124,34.3613,route.high.normal.r3.menu-camp,Covering,2
4103,158825.0997,40.5875,route.high.normal.r3.menu-camp,Covering,2
4104,158858.8581,33.7584,route.high.normal.r3.menu-camp,Covering,2
4105,158893.1882,34.3301,route.high.normal.r3.menu-camp,Covering,2
4106,158926.1535,32.9652,route.high.normal.r3.menu-camp,Covering,2
4107,158960.9385,34.7851,route.high.normal.r3.menu-camp,Covering,2
4108,159017.7301,56.7916,route.high.normal.r3.menu-camp,Covering,2
4109,159061.1845,43.4544,route.high.normal.r3.menu-camp,Covering,2
4110,159108.4828,47.2984,route.high.normal.r3.menu-camp,Covering,2
4111,159144.7799,36.2971,route.high.normal.r3.menu-camp,Covering,2
4112,159183.1642,38.3842,route.high.normal.r3.menu-camp,Covering,2
4113,159227.3042,44.1399,route.high.normal.r3.menu-camp,Covering,2
4114,159267.7988,40.4946,route.high.normal.r3.menu-camp,Covering,2
4115,159318.0576,50.2589,route.high.normal.r3.menu-camp,Covering,2
4116,159366.2275,48.1699,route.high.normal.r3.menu-camp,Covering,2
4117,159400.7033,34.4757,route.high.normal.r3.menu-camp,Covering,2
4118,159443.6659,42.9627,route.high.normal.r3.menu-camp,Covering,2
4119,159482.888,39.2222,route.high.normal.r3.menu-camp,CoveredLoading,2
4120,159500.4584,17.5703,route.high.normal.r3.menu-camp,CoveredLoading,2
4121,159598.6597,98.2014,route.high.normal.r3.menu-camp,CoveredLoading,2
4122,159745.3051,146.6451,route.high.normal.r3.menu-camp,CoveredLoading,2
4123,159789.412,44.1071,route.high.normal.r3.menu-camp,CoveredLoading,2
4124,159868.7414,79.3293,route.high.normal.r3.menu-camp,CoveredLoading,2
4125,159882.692,13.9507,route.high.normal.r3.menu-camp,CoveredLoading,2
4126,159955.7398,73.0478,route.high.normal.r3.menu-camp,CoveredLoading,2
4127,159980.4725,24.7327,route.high.normal.r3.menu-camp,CoveredLoading,2
4128,160016.5226,36.0501,route.high.normal.r3.menu-camp,CoveredLoading,2
4129,160044.7227,28.2001,route.high.normal.r3.menu-camp,CoveredLoading,2
4130,160102.2205,57.4978,route.high.normal.r3.menu-camp,CoveredLoading,2
4131,160122.325,20.1045,route.high.normal.r3.menu-camp,CoveredLoading,2
4132,160189.8542,67.529,route.high.normal.r3.menu-camp,CoveredLoading,2
4133,160204.6359,14.7819,route.high.normal.r3.menu-camp,CoveredLoading,2
4134,160260.5801,55.9442,route.high.normal.r3.menu-camp,CoveredLoading,2
4135,160275.362,14.7819,route.high.normal.r3.menu-camp,CoveredLoading,2
4136,160307.3293,31.9673,route.high.normal.r3.menu-camp,CoveredLoading,2
4137,160342.902,35.5727,route.high.normal.r3.menu-camp,CoveredLoading,2
4138,160401.0044,58.1024,route.high.normal.r3.menu-camp,CoveredLoading,2
4139,160438.5031,37.4987,route.high.normal.r3.menu-camp,CoveredLoading,2
4140,160470.6635,32.1605,route.high.normal.r3.menu-camp,CoveredLoading,2
4141,160529.1229,58.4593,route.high.normal.r3.menu-camp,Preparing,2
4142,160548.4333,19.3103,route.high.normal.r3.menu-camp,Preparing,2
4143,160587.4319,38.9988,route.high.normal.r3.menu-camp,Preparing,2
4144,160639.2521,51.82,route.high.normal.r3.menu-camp,Preparing,2
4145,160669.503,30.251,route.high.normal.r3.menu-camp,Preparing,2
4146,160731.2271,61.7241,route.high.normal.r3.menu-camp,Preparing,2
4147,160752.0686,20.8416,route.high.normal.r3.menu-camp,Revealing,2
4148,160788.4131,36.3444,route.high.normal.r3.menu-camp,Revealing,2
4149,160824.5907,36.1776,route.high.normal.r3.menu-camp,Revealing,2
4150,160882.0289,57.4382,route.high.normal.r3.menu-camp,Revealing,2
4151,160905.9772,23.9483,route.high.normal.r3.menu-camp,Revealing,2
4152,160938.2631,32.2859,route.high.normal.r3.menu-camp,Revealing,2
4153,160975.5561,37.293,route.high.normal.r3.menu-camp,Revealing,2
4154,161016.489,40.9329,route.high.normal.r3.menu-camp,Revealing,2
4155,161060.8677,44.3785,route.high.normal.r3.menu-camp,Revealing,2
4156,161100.7494,39.8819,route.high.normal.r3.menu-camp,Revealing,2
4157,161138.0732,37.3237,route.high.normal.r3.menu-camp,Revealing,2
4158,161187.4507,49.3776,route.high.normal.r3.menu-camp,Revealing,2
4159,161213.7441,26.2931,route.high.normal.r3.menu-camp,Revealing,2
4160,161255.8893,42.1455,route.high.normal.r3.menu-camp,Revealing,2
4161,161314.6884,58.7991,route.high.normal.r3.menu-camp,Revealing,2
4162,161329.6185,14.93,route.high.normal.r3.menu-camp,Revealing,2
4163,161369.8558,40.2373,route.high.normal.r3.menu-camp,Revealing,2
4164,161405.6108,35.7548,route.high.normal.r3.menu-camp,Revealing,2
4165,161440.4868,34.8761,route.high.normal.r3.menu-camp,Revealing,2
4166,161497.4644,56.9778,route.high.normal.r3.menu-camp,Revealing,2
4167,161547.0386,49.5742,route.high.normal.r3.menu-camp,Revealing,2
4168,161561.867,14.8282,route.high.normal.r3.menu-camp,Revealing,2
4169,161585.9236,24.0568,route.high.normal.r3.menu-camp,Revealing,2
4170,161626.4918,40.5682,route.high.normal.r3.menu-camp,Revealing,2
4171,161651.4475,24.9557,route.high.normal.r3.menu-camp,Revealing,2
4172,161694.0023,42.5548,route.high.normal.r3.menu-camp,Revealing,2
4173,161727.9181,33.9157,route.high.normal.r3.menu-camp,Revealing,2
4174,161781.8912,53.9732,route.high.normal.r3.menu-camp,Revealing,2
4175,161798.9928,17.1016,route.high.normal.r3.menu-camp,Revealing,2
4176,161851.157,52.1642,route.high.normal.r3.menu-camp,Revealing,2
4177,161865.8924,14.7354,route.high.normal.r3.menu-camp,Revealing,2
4178,161917.2742,51.3813,route.high.normal.r3.menu-camp,Revealing,2
4179,161938.7053,21.4315,route.high.normal.r3.menu-camp,Revealing,2
4180,161960.9627,22.2575,route.high.normal.r3.menu-camp,Revealing,2
4181,161994.8122,33.8494,route.high.normal.r3.menu-camp,Revealing,2
4182,162049.593,54.7809,route.high.normal.r3.menu-camp,Revealing,2
4183,162070.1077,20.5144,route.high.normal.r3.menu-camp,Revealing,2
4184,162101.968,31.8603,route.high.normal.r3.menu-camp,Revealing,2
4185,162138.0504,36.0826,route.high.normal.r3.menu-camp,Revealing,2
4186,162202.7067,64.6563,route.high.normal.r3.menu-camp,Idle,2
4187,162230.3787,27.672,audit.snapshot.route.high.normal.r3.menu-camp.ready,Idle,2
4188,162271.8626,41.484,audit.snapshot.route.high.normal.r3.menu-camp.ready,Idle,2
4189,162307.1899,35.3273,audit.snapshot.route.high.normal.r3.menu-camp.ready,Idle,2
4190,162371.4489,64.2589,audit.snapshot.route.high.normal.r3.menu-camp.ready,Idle,2
4191,162391.2471,19.7983,audit.snapshot.route.high.normal.r3.menu-camp.ready,Idle,2
4192,162442.5043,51.2572,audit.snapshot.route.high.normal.r3.menu-camp.ready,Idle,2
4193,162457.185,14.6807,audit.snapshot.route.high.normal.r3.menu-camp.ready,Idle,2
4194,162520.9029,63.7176,audit.snapshot.route.high.normal.r3.menu-camp.ready,Idle,2
4195,162539.5421,18.6395,audit.snapshot.route.high.normal.r3.menu-camp.ready,Idle,2
4196,162583.9825,44.4404,audit.snapshot.route.high.normal.r3.menu-camp.ready,Idle,2
4197,162629.2201,45.2372,audit.snapshot.route.high.normal.r3.menu-camp.ready,Idle,2
4198,162696.7374,67.5178,audit.snapshot.route.high.normal.r3.menu-camp.ready,Idle,2
4199,162717.7792,21.0417,audit.snapshot.route.high.normal.r3.menu-camp.ready,Idle,2
4200,162787.5004,69.7212,audit.snapshot.route.high.normal.r3.menu-camp.ready,Idle,2
4201,162805.0979,17.5975,audit.snapshot.route.high.normal.r3.menu-camp.ready,Idle,2
4202,162850.4359,45.3379,audit.snapshot.route.high.normal.r3.menu-camp.ready,Idle,2
4203,162895.3241,44.8883,audit.snapshot.route.high.normal.r3.menu-camp.ready,Idle,2
4204,162935.7631,40.4389,audit.snapshot.route.high.normal.r3.menu-camp.ready,Idle,2
4205,162981.319,45.5559,audit.snapshot.route.high.normal.r3.menu-camp.ready,Idle,2
4206,163053.3903,72.0713,audit.snapshot.route.high.normal.r3.menu-camp.ready,Idle,2
4207,163076.3502,22.96,route.high.normal.r3.camp-menu,Covering,2
4208,163145.301,68.9508,route.high.normal.r3.camp-menu,Covering,2
4209,163216.9034,71.6024,route.high.normal.r3.camp-menu,Covering,2
4210,163233.7612,16.8578,route.high.normal.r3.camp-menu,Covering,2
4211,163305.1371,71.3758,route.high.normal.r3.camp-menu,Covering,2
4212,163339.7888,34.6517,route.high.normal.r3.camp-menu,Covering,2
4213,163394.6102,54.8213,route.high.normal.r3.camp-menu,Covering,2
4214,163451.1151,56.5051,route.high.normal.r3.camp-menu,Covering,2
4215,163521.6448,70.5296,route.high.normal.r3.camp-menu,Covering,2
4216,163546.6821,25.0374,route.high.normal.r3.camp-menu,Covering,2
4217,163595.4622,48.7801,route.high.normal.r3.camp-menu,Covering,2
4218,163670.3624,74.9002,route.high.normal.r3.camp-menu,Covering,2
4219,163715.647,45.2844,route.high.normal.r3.camp-menu,Covering,2
4220,163740.5279,24.8811,route.high.normal.r3.camp-menu,Covering,2
4221,163786.0082,45.4803,route.high.normal.r3.camp-menu,Covering,2
4222,163869.8557,83.8475,route.high.normal.r3.camp-menu,Covering,2
4223,163918.6253,48.7696,route.high.normal.r3.camp-menu,Covering,2
4224,163948.514,29.8886,route.high.normal.r3.camp-menu,Covering,2
4225,164005.0517,56.5378,route.high.normal.r3.camp-menu,Covering,2
4226,164058.1681,53.1164,route.high.normal.r3.camp-menu,Covering,2
4227,164103.8805,45.7124,route.high.normal.r3.camp-menu,Covering,2
4228,164134.1486,30.2681,route.high.normal.r3.camp-menu,Covering,2
4229,164176.6843,42.5357,route.high.normal.r3.camp-menu,Covering,2
4230,164260.9145,84.2301,route.high.normal.r3.camp-menu,Covering,2
4231,164310.7896,49.8751,route.high.normal.r3.camp-menu,Covering,2
4232,164339.7526,28.9631,route.high.normal.r3.camp-menu,Covering,2
4233,164383.3783,43.6256,route.high.normal.r3.camp-menu,Covering,2
4234,164442.1572,58.7788,route.high.normal.r3.camp-menu,Covering,2
4235,164501.9182,59.7611,route.high.normal.r3.camp-menu,Covering,2
4236,164526.2033,24.285,route.high.normal.r3.camp-menu,Covering,2
4237,164588.9937,62.7903,route.high.normal.r3.camp-menu,Covering,2
4238,164676.5655,87.572,route.high.normal.r3.camp-menu,Covering,2
4239,164694.8392,18.2736,route.high.normal.r3.camp-menu,CoveredLoading,2
4240,164721.4117,26.5726,route.high.normal.r3.camp-menu,CoveredLoading,2
4241,164835.2963,113.8848,route.high.normal.r3.camp-menu,CoveredLoading,2
4242,165080.6008,245.3041,route.high.normal.r3.camp-menu,CoveredLoading,2
4243,165098.8437,18.2431,route.high.normal.r3.camp-menu,CoveredLoading,2
4244,165137.2884,38.4447,route.high.normal.r3.camp-menu,CoveredLoading,2
4245,165163.0847,25.7964,route.high.normal.r3.camp-menu,CoveredLoading,2
4246,165224.9246,61.8399,route.high.normal.r3.camp-menu,CoveredLoading,2
4247,165308.181,83.2562,route.high.normal.r3.camp-menu,CoveredLoading,2
4248,165336.2015,28.0207,route.high.normal.r3.camp-menu,CoveredLoading,2
4249,165376.6239,40.4223,route.high.normal.r3.camp-menu,CoveredLoading,2
4250,165428.127,51.5031,route.high.normal.r3.camp-menu,CoveredLoading,2
4251,165476.1639,48.0369,route.high.normal.r3.camp-menu,CoveredLoading,2
4252,165564.9203,88.756,route.high.normal.r3.camp-menu,CoveredLoading,2
4253,165581.3337,16.4139,route.high.normal.r3.camp-menu,CoveredLoading,2
4254,165617.2669,35.933,route.high.normal.r3.camp-menu,CoveredLoading,2
4255,165654.7213,37.4545,route.high.normal.r3.camp-menu,CoveredLoading,2
4256,165688.4857,33.7644,route.high.normal.r3.camp-menu,Preparing,2
4257,165722.4115,33.9259,route.high.normal.r3.camp-menu,Preparing,2
4258,165756.489,34.0775,route.high.normal.r3.camp-menu,Preparing,2
4259,165783.3194,26.8304,route.high.normal.r3.camp-menu,Preparing,2
4260,165815.0619,31.7425,route.high.normal.r3.camp-menu,Preparing,2
4261,165841.8287,26.7666,route.high.normal.r3.camp-menu,Preparing,2
4262,165892.0392,50.2107,route.high.normal.r3.camp-menu,Preparing,2
4263,165952.197,60.1577,route.high.normal.r3.camp-menu,Preparing,2
4264,165981.1666,28.9697,route.high.normal.r3.camp-menu,Revealing,2
4265,166030.0171,48.8505,route.high.normal.r3.camp-menu,Revealing,2
4266,166078.424,48.4067,route.high.normal.r3.camp-menu,Revealing,2
4267,166131.7463,53.3224,route.high.normal.r3.camp-menu,Revealing,2
4268,166187.3116,55.5654,route.high.normal.r3.camp-menu,Revealing,2
4269,166226.7878,39.4762,route.high.normal.r3.camp-menu,Revealing,2
4270,166266.9302,40.1424,route.high.normal.r3.camp-menu,Revealing,2
4271,166305.3444,38.4142,route.high.normal.r3.camp-menu,Revealing,2
4272,166340.1954,34.851,route.high.normal.r3.camp-menu,Revealing,2
4273,166378.2933,38.0979,route.high.normal.r3.camp-menu,Revealing,2
4274,166429.1949,50.9015,route.high.normal.r3.camp-menu,Revealing,2
4275,166476.6268,47.4319,route.high.normal.r3.camp-menu,Revealing,2
4276,166505.0353,28.4085,route.high.normal.r3.camp-menu,Revealing,2
4277,166539.3893,34.3541,route.high.normal.r3.camp-menu,Revealing,2
4278,166566.2914,26.902,route.high.normal.r3.camp-menu,Revealing,2
4279,166612.5231,46.2317,route.high.normal.r3.camp-menu,Revealing,2
4280,166661.6695,49.1465,route.high.normal.r3.camp-menu,Revealing,2
4281,166708.6315,46.962,route.high.normal.r3.camp-menu,Revealing,2
4282,166741.7888,33.1572,route.high.normal.r3.camp-menu,Revealing,2
4283,166785.5038,43.7151,route.high.normal.r3.camp-menu,Revealing,2
4284,166823.3017,37.7979,route.high.normal.r3.camp-menu,Revealing,2
4285,166865.7163,42.4146,route.high.normal.r3.camp-menu,Revealing,2
4286,166916.6951,50.9788,route.high.normal.r3.camp-menu,Revealing,2
4287,166954.4274,37.7321,route.high.normal.r3.camp-menu,Revealing,2
4288,166999.1955,44.7682,route.high.normal.r3.camp-menu,Revealing,2
4289,167041.7574,42.5619,route.high.normal.r3.camp-menu,Revealing,2
4290,167081.3005,39.5431,route.high.normal.r3.camp-menu,Revealing,2
4291,167147.2993,65.9989,route.high.normal.r3.camp-menu,Revealing,2
4292,167187.2034,39.9041,route.high.normal.r3.camp-menu,Revealing,2
4293,167207.3787,20.1753,route.high.normal.r3.camp-menu,Revealing,2
4294,167247.1867,39.808,route.high.normal.r3.camp-menu,Revealing,2
4295,167313.665,66.4783,route.high.normal.r3.camp-menu,Revealing,2
4296,167353.3975,39.7324,route.high.normal.r3.camp-menu,Revealing,2
4297,167375.5302,22.1328,route.high.normal.r3.camp-menu,Idle,2
4298,167416.9808,41.4506,audit.snapshot.route.high.normal.r3.camp-menu.ready,Idle,2
4299,167448.7266,31.7458,audit.snapshot.route.high.normal.r3.camp-menu.ready,Idle,2
4300,167513.3576,64.631,audit.snapshot.route.high.normal.r3.camp-menu.ready,Idle,2
4301,167550.0416,36.684,audit.snapshot.route.high.normal.r3.camp-menu.ready,Idle,2
4302,167586.0178,35.9762,audit.snapshot.route.high.normal.r3.camp-menu.ready,Idle,2
4303,167601.5551,15.5373,audit.snapshot.route.high.normal.r3.camp-menu.ready,Idle,2
4304,167638.4506,36.8954,audit.snapshot.route.high.normal.r3.camp-menu.ready,Idle,2
4305,167673.2425,34.792,audit.snapshot.route.high.normal.r3.camp-menu.ready,Idle,2
4306,167735.2955,62.053,audit.snapshot.route.high.normal.r3.camp-menu.ready,Idle,2
4307,167751.3723,16.0768,audit.snapshot.route.high.normal.r3.camp-menu.ready,Idle,2
4308,167785.4809,34.1086,audit.snapshot.route.high.normal.r3.camp-menu.ready,Idle,2
4309,167847.9014,62.4205,audit.snapshot.route.high.normal.r3.camp-menu.ready,Idle,2
4310,167884.4385,36.5371,audit.snapshot.route.high.normal.r3.camp-menu.ready,Idle,2
4311,167897.5322,13.0937,audit.snapshot.route.high.normal.r3.camp-menu.ready,Idle,2
4312,167931.8138,34.2815,audit.snapshot.route.high.normal.r3.camp-menu.ready,Idle,2
4313,167996.0891,64.2754,audit.snapshot.route.high.normal.r3.camp-menu.ready,Idle,2
4314,168031.3685,35.2793,audit.snapshot.route.high.normal.r3.camp-menu.ready,Idle,2
4315,168075.5088,44.1403,audit.snapshot.route.high.normal.r3.camp-menu.ready,Idle,2
4316,168103.1127,27.604,audit.snapshot.route.high.normal.r3.camp-menu.ready,Idle,2
4317,168123.7818,20.6691,audit.snapshot.route.high.normal.r3.camp-menu.ready,Idle,2
4318,168158.2256,34.4437,route.high.reduced.r3.menu-camp,Covering,2
4319,168202.3471,44.1215,route.high.reduced.r3.menu-camp,Covering,2
4320,168238.7433,36.3961,route.high.reduced.r3.menu-camp,Covering,2
4321,168302.3287,63.5855,route.high.reduced.r3.menu-camp,Covering,2
4322,168340.1134,37.7849,route.high.reduced.r3.menu-camp,CoveredLoading,2
4323,168355.6283,15.5148,route.high.reduced.r3.menu-camp,CoveredLoading,2
4324,168446.2873,90.6591,route.high.reduced.r3.menu-camp,CoveredLoading,2
4325,168647.8729,201.5854,route.high.reduced.r3.menu-camp,CoveredLoading,2
4326,168705.4888,57.6159,route.high.reduced.r3.menu-camp,CoveredLoading,2
4327,168803.8509,98.3621,route.high.reduced.r3.menu-camp,CoveredLoading,2
4328,168819.2654,15.4147,route.high.reduced.r3.menu-camp,CoveredLoading,2
4329,168907.048,87.7824,route.high.reduced.r3.menu-camp,CoveredLoading,2
4330,168973.8245,66.7766,route.high.reduced.r3.menu-camp,CoveredLoading,2
4331,168997.0137,23.1891,route.high.reduced.r3.menu-camp,CoveredLoading,2
4332,169047.6277,50.614,route.high.reduced.r3.menu-camp,CoveredLoading,2
4333,169064.2316,16.6037,route.high.reduced.r3.menu-camp,CoveredLoading,2
4334,169100.4361,36.2047,route.high.reduced.r3.menu-camp,CoveredLoading,2
4335,169166.4244,65.9881,route.high.reduced.r3.menu-camp,CoveredLoading,2
4336,169670.7319,504.3077,route.high.reduced.r3.menu-camp,CoveredLoading,2
4337,169749.5677,78.8359,route.high.reduced.r3.menu-camp,CoveredLoading,2
4338,169773.9779,24.4102,route.high.reduced.r3.menu-camp,CoveredLoading,2
4339,169836.9391,62.961,route.high.reduced.r3.menu-camp,CoveredLoading,2
4340,169858.264,21.325,route.high.reduced.r3.menu-camp,CoveredLoading,2
4341,169893.158,34.894,route.high.reduced.r3.menu-camp,CoveredLoading,2
4342,169969.1974,76.0395,route.high.reduced.r3.menu-camp,CoveredLoading,2
4343,170002.5655,33.3681,route.high.reduced.r3.menu-camp,CoveredLoading,2
4344,170040.5216,37.9561,route.high.reduced.r3.menu-camp,CoveredLoading,2
4345,170089.4068,48.8851,route.high.reduced.r3.menu-camp,CoveredLoading,2
4346,170145.0733,55.6666,route.high.reduced.r3.menu-camp,Preparing,2
4347,170176.5387,31.4654,route.high.reduced.r3.menu-camp,Preparing,2
4348,170212.386,35.8473,route.high.reduced.r3.menu-camp,Revealing,2
4349,170252.0909,39.7049,route.high.reduced.r3.menu-camp,Revealing,2
4350,170298.8069,46.716,route.high.reduced.r3.menu-camp,Revealing,2
4351,170339.3921,40.5852,route.high.reduced.r3.menu-camp,Revealing,2
4352,170383.1409,43.7487,route.high.reduced.r3.menu-camp,Revealing,2
4353,170426.0462,42.9053,route.high.reduced.r3.menu-camp,Idle,2
4354,170494.5736,68.5274,audit.snapshot.route.high.reduced.r3.menu-camp.ready,Idle,2
4355,170516.1781,21.6046,audit.snapshot.route.high.reduced.r3.menu-camp.ready,Idle,2
4356,170555.1027,38.9243,audit.snapshot.route.high.reduced.r3.menu-camp.ready,Idle,2
4357,170599.6907,44.5881,audit.snapshot.route.high.reduced.r3.menu-camp.ready,Idle,2
4358,170636.3254,36.6349,audit.snapshot.route.high.reduced.r3.menu-camp.ready,Idle,2
4359,170679.8996,43.5742,audit.snapshot.route.high.reduced.r3.menu-camp.ready,Idle,2
4360,170722.634,42.7342,audit.snapshot.route.high.reduced.r3.menu-camp.ready,Idle,2
4361,170762.8219,40.1879,audit.snapshot.route.high.reduced.r3.menu-camp.ready,Idle,2
4362,170832.1795,69.3578,audit.snapshot.route.high.reduced.r3.menu-camp.ready,Idle,2
4363,170850.6742,18.4947,audit.snapshot.route.high.reduced.r3.menu-camp.ready,Idle,2
4364,170888.6466,37.9723,audit.snapshot.route.high.reduced.r3.menu-camp.ready,Idle,2
4365,170933.7449,45.0984,audit.snapshot.route.high.reduced.r3.menu-camp.ready,Idle,2
4366,170987.729,53.984,audit.snapshot.route.high.reduced.r3.menu-camp.ready,Idle,2
4367,171017.9089,30.18,audit.snapshot.route.high.reduced.r3.menu-camp.ready,Idle,2
4368,171061.3399,43.431,audit.snapshot.route.high.reduced.r3.menu-camp.ready,Idle,2
4369,171100.7423,39.4023,audit.snapshot.route.high.reduced.r3.menu-camp.ready,Idle,2
4370,171168.6581,67.9158,audit.snapshot.route.high.reduced.r3.menu-camp.ready,Idle,2
4371,171185.1931,16.5351,audit.snapshot.route.high.reduced.r3.menu-camp.ready,Idle,2
4372,171228.6922,43.4991,audit.snapshot.route.high.reduced.r3.menu-camp.ready,Idle,2
4373,171268.3081,39.6159,audit.snapshot.route.high.reduced.r3.menu-camp.ready,Idle,2
4374,171314.6106,46.3025,route.high.reduced.r3.camp-menu,Covering,2
4375,171361.4973,46.8867,route.high.reduced.r3.camp-menu,Covering,2
4376,171398.8582,37.3609,route.high.reduced.r3.camp-menu,Covering,2
4377,171438.0372,39.1789,route.high.reduced.r3.camp-menu,Covering,2
4378,171483.0675,45.0303,route.high.reduced.r3.camp-menu,CoveredLoading,2
4379,171498.2835,15.2162,route.high.reduced.r3.camp-menu,CoveredLoading,2
4380,171583.7835,85.4999,route.high.reduced.r3.camp-menu,CoveredLoading,2
4381,171806.9579,223.1742,route.high.reduced.r3.camp-menu,CoveredLoading,2
4382,171824.5452,17.5875,route.high.reduced.r3.camp-menu,CoveredLoading,2
4383,171854.7782,30.2329,route.high.reduced.r3.camp-menu,CoveredLoading,2
4384,171870.4053,15.6271,route.high.reduced.r3.camp-menu,CoveredLoading,2
4385,171922.6465,52.2412,route.high.reduced.r3.camp-menu,CoveredLoading,2
4386,172009.5841,86.9374,route.high.reduced.r3.camp-menu,CoveredLoading,2
4387,172035.8642,26.2804,route.high.reduced.r3.camp-menu,CoveredLoading,2
4388,172087.2616,51.3974,route.high.reduced.r3.camp-menu,CoveredLoading,2
4389,172125.3294,38.0678,route.high.reduced.r3.camp-menu,CoveredLoading,2
4390,172145.3665,20.0372,route.high.reduced.r3.camp-menu,CoveredLoading,2
4391,172210.3971,65.0302,route.high.reduced.r3.camp-menu,CoveredLoading,2
4392,172225.7371,15.3403,route.high.reduced.r3.camp-menu,CoveredLoading,2
4393,172258.4175,32.6804,route.high.reduced.r3.camp-menu,CoveredLoading,2
4394,172279.9273,21.5097,route.high.reduced.r3.camp-menu,CoveredLoading,2
4395,172313.1168,33.1896,route.high.reduced.r3.camp-menu,Preparing,2
4396,172347.4489,34.3321,route.high.reduced.r3.camp-menu,Preparing,2
4397,172380.5711,33.1221,route.high.reduced.r3.camp-menu,Preparing,2
4398,172414.3841,33.8131,route.high.reduced.r3.camp-menu,Revealing,2
4399,172448.0835,33.6994,route.high.reduced.r3.camp-menu,Revealing,2
4400,172488.9126,40.8291,route.high.reduced.r3.camp-menu,Revealing,2
4401,172535.7301,46.8175,route.high.reduced.r3.camp-menu,Revealing,2
4402,172567.2643,31.5342,route.high.reduced.r3.camp-menu,Revealing,2
4403,172603.3619,36.0976,route.high.reduced.r3.camp-menu,Idle,2
4404,172643.993,40.6311,audit.snapshot.route.high.reduced.r3.camp-menu.ready,Idle,2
4405,172672.836,28.8429,audit.snapshot.route.high.reduced.r3.camp-menu.ready,Idle,2
4406,172707.8339,34.9981,audit.snapshot.route.high.reduced.r3.camp-menu.ready,Idle,2
4407,172741.7634,33.9295,audit.snapshot.route.high.reduced.r3.camp-menu.ready,Idle,2
4408,172779.8362,38.0726,audit.snapshot.route.high.reduced.r3.camp-menu.ready,Idle,2
4409,172814.1868,34.3507,audit.snapshot.route.high.reduced.r3.camp-menu.ready,Idle,2
4410,172848.1338,33.947,audit.snapshot.route.high.reduced.r3.camp-menu.ready,Idle,2
4411,172881.488,33.3542,audit.snapshot.route.high.reduced.r3.camp-menu.ready,Idle,2
4412,172915.028,33.54,audit.snapshot.route.high.reduced.r3.camp-menu.ready,Idle,2
4413,172952.0061,36.978,audit.snapshot.route.high.reduced.r3.camp-menu.ready,Idle,2
4414,173001.6405,49.6344,audit.snapshot.route.high.reduced.r3.camp-menu.ready,Idle,2
4415,173048.8411,47.2007,audit.snapshot.route.high.reduced.r3.camp-menu.ready,Idle,2
4416,173064.1404,15.2992,audit.snapshot.route.high.reduced.r3.camp-menu.ready,Idle,2
4417,173097.8093,33.669,audit.snapshot.route.high.reduced.r3.camp-menu.ready,Idle,2
4418,173131.3268,33.5174,audit.snapshot.route.high.reduced.r3.camp-menu.ready,Idle,2
4419,173168.7036,37.3769,audit.snapshot.route.high.reduced.r3.camp-menu.ready,Idle,2
4420,173205.7295,37.0259,audit.snapshot.route.high.reduced.r3.camp-menu.ready,Idle,2
4421,173238.9274,33.1979,audit.snapshot.route.high.reduced.r3.camp-menu.ready,Idle,2
4422,173272.584,33.6566,audit.snapshot.route.high.reduced.r3.camp-menu.ready,Idle,2
4423,173305.987,33.4028,audit.snapshot.route.high.reduced.r3.camp-menu.ready,Idle,2
4424,173340.8557,34.8689,route.high.to-spring,Covering,2
4425,173400.898,60.0424,route.high.to-spring,Covering,2
4426,173437.4604,36.5623,route.high.to-spring,Covering,2
4427,173455.6417,18.1811,route.high.to-spring,Covering,2
4428,173517.9165,62.275,route.high.to-spring,Covering,2
4429,173547.3387,29.422,route.high.to-spring,Covering,2
4430,173578.4065,31.068,route.high.to-spring,Covering,2
4431,173619.7668,41.3602,route.high.to-spring,Covering,2
4432,173661.1745,41.4079,route.high.to-spring,Covering,2
4433,173691.3061,30.1314,route.high.to-spring,Covering,2
4434,173734.957,43.6509,route.high.to-spring,Covering,2
4435,173773.4645,38.5075,route.high.to-spring,Covering,2
4436,173813.677,40.2124,route.high.to-spring,Covering,2
4437,173853.0889,39.4121,route.high.to-spring,Covering,2
4438,173895.4439,42.355,route.high.to-spring,Covering,2
4439,173934.696,39.2521,route.high.to-spring,Covering,2
4440,173973.6534,38.9574,route.high.to-spring,Covering,2
4441,174013.4467,39.7933,route.high.to-spring,Covering,2
4442,174053.5893,40.1426,route.high.to-spring,Covering,2
4443,174095.3691,41.7798,route.high.to-spring,Covering,2
4444,174136.5233,41.1542,route.high.to-spring,Covering,2
4445,174178.5885,42.0652,route.high.to-spring,Covering,2
4446,174217.136,38.5474,route.high.to-spring,Covering,2
4447,174244.5818,27.4459,route.high.to-spring,Covering,2
4448,174293.8169,49.2351,route.high.to-spring,Covering,2
4449,174334.7098,40.8929,route.high.to-spring,Covering,2
4450,174362.6792,27.9694,route.high.to-spring,Covering,2
4451,174401.2153,38.536,route.high.to-spring,Covering,2
4452,174467.7282,66.5128,route.high.to-spring,Covering,2
4453,174504.1253,36.3972,route.high.to-spring,Covering,2
4454,174545.474,41.3487,route.high.to-spring,Covering,2
4455,174576.9926,31.5186,route.high.to-spring,Covering,2
4456,174601.3523,24.3597,route.high.to-spring,Covering,2
4457,174639.8485,38.4963,route.high.to-spring,Covering,2
4458,174666.965,27.1165,route.high.to-spring,Covering,2
4459,174694.4232,27.4582,route.high.to-spring,Covering,2
4460,174744.8616,50.4383,route.high.to-spring,Covering,2
4461,174790.8032,45.9417,route.high.to-spring,Covering,2
4462,174817.5676,26.7643,route.high.to-spring,Covering,2
4463,174855.4307,37.8632,route.high.to-spring,Covering,2
4464,174878.32,22.889,route.high.to-spring,Covering,2
4465,174926.6405,48.3206,route.high.to-spring,Covering,2
4466,174973.5069,46.8666,route.high.to-spring,CoveredLoading,2
4467,174983.0226,9.5157,route.high.to-spring,CoveredLoading,2
4468,175089.2987,106.2761,route.high.to-spring,CoveredLoading,2
4469,175267.6302,178.3311,route.high.to-spring,CoveredLoading,2
4470,175309.681,42.0511,route.high.to-spring,CoveredLoading,2
4471,175387.6801,77.9992,route.high.to-spring,CoveredLoading,2
4472,175406.7543,19.0742,route.high.to-spring,CoveredLoading,2
4473,175480.3154,73.561,route.high.to-spring,CoveredLoading,2
4474,175512.4813,32.166,route.high.to-spring,CoveredLoading,2
4475,175560.6197,48.1384,route.high.to-spring,CoveredLoading,2
4476,175594.0315,33.4117,route.high.to-spring,CoveredLoading,2
4477,175643.3399,49.3084,route.high.to-spring,CoveredLoading,2
4478,175692.599,49.2592,route.high.to-spring,CoveredLoading,2
4479,175796.2165,103.6171,route.high.to-spring,CoveredLoading,2
4480,175813.621,17.405,route.high.to-spring,CoveredLoading,2
4481,175849.0016,35.3805,route.high.to-spring,CoveredLoading,2
4482,175893.6261,44.6244,route.high.to-spring,CoveredLoading,2
4483,175944.6208,50.9946,route.high.to-spring,Preparing,2
4484,175992.0193,47.3987,route.high.to-spring,Preparing,2
4485,176031.6323,39.613,route.high.to-spring,Preparing,2
4486,176078.441,46.8087,route.high.to-spring,Preparing,2
4487,176128.3278,49.8867,route.high.to-spring,Preparing,2
4488,176193.3206,64.9928,route.high.to-spring,Preparing,2
4489,176231.5787,38.2581,route.high.to-spring,Revealing,2
4490,176278.2663,46.6876,route.high.to-spring,Revealing,2
4491,176334.5137,56.2474,route.high.to-spring,Revealing,2
4492,176390.5077,55.9941,route.high.to-spring,Revealing,2
4493,176430.8945,40.3867,route.high.to-spring,Revealing,2
4494,176459.6695,28.775,route.high.to-spring,Revealing,2
4495,176513.8535,54.184,route.high.to-spring,Revealing,2
4496,176557.8376,43.9839,route.high.to-spring,Revealing,2
4497,176609.225,51.3876,route.high.to-spring,Revealing,2
4498,176659.0059,49.7809,route.high.to-spring,Revealing,2
4499,176710.4647,51.4587,route.high.to-spring,Revealing,2
4500,176761.1231,50.6584,route.high.to-spring,Revealing,2
4501,176793.5606,32.4376,route.high.to-spring,Revealing,2
4502,176843.3838,49.8232,route.high.to-spring,Revealing,2
4503,176895.6248,52.241,route.high.to-spring,Revealing,2
4504,176947.6918,52.0671,route.high.to-spring,Revealing,2
4505,176992.6591,44.9672,route.high.to-spring,Revealing,2
4506,177041.292,48.6327,route.high.to-spring,Revealing,2
4507,177111.7686,70.4768,route.high.to-spring,Revealing,2
4508,177138.2157,26.4467,route.high.to-spring,Revealing,2
4509,177176.919,38.7037,route.high.to-spring,Revealing,2
4510,177222.2822,45.3632,route.high.to-spring,Revealing,2
4511,177267.5111,45.2289,route.high.to-spring,Revealing,2
4512,177319.239,51.728,route.high.to-spring,Revealing,2
4513,177356.4828,37.2438,route.high.to-spring,Revealing,2
4514,177400.5384,44.0556,route.high.to-spring,Revealing,2
4515,177440.2112,39.6728,route.high.to-spring,Revealing,2
4516,177484.4827,44.2715,route.high.to-spring,Revealing,2
4517,177524.7301,40.2474,route.high.to-spring,Revealing,2
4518,177596.6251,71.8947,route.high.to-spring,Revealing,2
4519,177615.2835,18.6587,route.high.to-spring,Idle,2
4520,177677.6682,62.3847,audit.snapshot.route.high.to-spring.ready,Idle,2
4521,177715.0533,37.3851,audit.snapshot.route.high.to-spring.ready,Idle,2
4522,177750.8367,35.7834,audit.snapshot.route.high.to-spring.ready,Idle,2
4523,177789.9574,39.1206,audit.snapshot.route.high.to-spring.ready,Idle,2
4524,177829.7251,39.7678,audit.snapshot.route.high.to-spring.ready,Idle,2
4525,177868.5227,38.7976,audit.snapshot.route.high.to-spring.ready,Idle,2
4526,177906.2153,37.6926,audit.snapshot.route.high.to-spring.ready,Idle,2
4527,177946.45,40.2347,audit.snapshot.route.high.to-spring.ready,Idle,2
4528,177978.6648,32.2147,audit.snapshot.route.high.to-spring.ready,Idle,2
4529,178017.7425,39.0778,audit.snapshot.route.high.to-spring.ready,Idle,2
4530,178056.7679,39.0253,audit.snapshot.route.high.to-spring.ready,Idle,2
4531,178096.6028,39.835,audit.snapshot.route.high.to-spring.ready,Idle,2
4532,178135.4497,38.847,audit.snapshot.route.high.to-spring.ready,Idle,2
4533,178201.6614,66.2115,audit.snapshot.route.high.to-spring.ready,Idle,2
4534,178216.8767,15.2154,audit.snapshot.route.high.to-spring.ready,Idle,2
4535,178255.47,38.5933,audit.snapshot.route.high.to-spring.ready,Idle,2
4536,178285.5463,30.0762,audit.snapshot.route.high.to-spring.ready,Idle,2
4537,178324.138,38.5918,audit.snapshot.route.high.to-spring.ready,Idle,2
4538,178366.3612,42.2232,audit.snapshot.route.high.to-spring.ready,Idle,2
4539,178402.1089,35.7477,audit.snapshot.route.high.to-spring.ready,Idle,2
4540,178440.3495,38.2404,audit.snapshot.route.high.to-spring.ready,Idle,2
4541,178482.8126,42.4633,audit.snapshot.route.high.to-spring.ready,Idle,2
4542,178518.86,36.0474,audit.snapshot.route.high.to-spring.ready,Idle,2
4543,178557.7215,38.8615,audit.snapshot.route.high.to-spring.ready,Idle,2
4544,178599.6461,41.9246,audit.snapshot.route.high.to-spring.ready,Idle,2
4545,178635.0489,35.4027,audit.snapshot.route.high.to-spring.ready,Idle,2
4546,178673.5616,38.5127,audit.snapshot.route.high.to-spring.ready,Idle,2
4547,178716.1327,42.5712,audit.snapshot.route.high.to-spring.ready,Idle,2
4548,178751.6459,35.5132,audit.snapshot.route.high.to-spring.ready,Idle,2
4549,178790.5273,38.8813,audit.snapshot.route.high.to-spring.ready,Idle,2
4550,178837.8129,47.2853,audit.snapshot.route.high.to-spring.ready,Idle,2
4551,178868.8922,31.0796,audit.snapshot.route.high.to-spring.ready,Idle,2
4552,178907.4488,38.5566,audit.snapshot.route.high.to-spring.ready,Idle,2
4553,178949.6737,42.225,audit.snapshot.route.high.to-spring.ready,Idle,2
4554,178998.5101,48.8364,audit.snapshot.route.high.to-spring.ready,Idle,2
4555,179024.3425,25.8324,audit.snapshot.route.high.to-spring.ready,Idle,2
4556,179066.4009,42.0584,audit.snapshot.route.high.to-spring.ready,Idle,2
4557,179102.06,35.6589,audit.snapshot.route.high.to-spring.ready,Idle,2
4558,179140.2661,38.2063,audit.snapshot.route.high.to-spring.ready,Idle,2
4559,179182.9669,42.7008,audit.snapshot.route.high.to-spring.ready,Idle,2
4560,179218.3098,35.3429,audit.snapshot.route.high.to-spring.ready,Idle,2
4561,179256.0683,37.7585,audit.snapshot.route.high.to-spring.ready,Idle,2
4562,179299.7514,43.6831,audit.snapshot.route.high.to-spring.ready,Idle,2
4563,179335.7911,36.0396,audit.snapshot.route.high.to-spring.ready,Idle,2
4564,179374.1902,38.3991,audit.snapshot.route.high.to-spring.ready,Idle,2
4565,179440.8484,66.6582,camp.spring.high.solved,Idle,2
4566,179490.6909,49.8426,camp.spring.high.solved,Idle,2
4567,179500.9079,10.217,camp.spring.high.solved,Idle,2
4568,179545.431,44.5232,camp.spring.high.solved,Idle,2
4569,179575.3988,29.9676,camp.spring.high.solved,Idle,2
4570,179613.2841,37.8854,camp.spring.high.solved,Idle,2
4571,179656.9994,43.7151,camp.spring.high.solved,Idle,2
4572,179704.4692,47.4698,camp.spring.high.solved,Idle,2
4573,179735.7681,31.2991,camp.spring.high.solved,Idle,2
4574,179772.3214,36.553,camp.spring.high.solved,Idle,2
4575,179807.6367,35.3155,camp.spring.high.solved,Idle,2
4576,179850.0194,42.3828,camp.spring.high.solved,Idle,2
4577,179900.08,50.0606,camp.spring.high.solved,Idle,2
4578,179933.2639,33.1839,camp.spring.high.solved,Idle,2
4579,179969.5164,36.2526,camp.spring.high.solved,Idle,2
4580,180007.3354,37.8188,camp.spring.high.solved,Idle,2
4581,180049.6981,42.3628,camp.spring.high.solved,Idle,2
4582,180085.2409,35.5427,camp.spring.high.solved,Idle,2
4583,180152.0446,66.8037,camp.spring.high.solved,Idle,2
4584,180166.3416,14.2971,camp.spring.high.solved,Idle,2
4585,180202.1318,35.7901,camp.spring.high.solved,Idle,2
4586,180240.0367,37.905,camp.spring.high.solved,Idle,2
4587,180282.7787,42.742,camp.spring.high.solved,Idle,2
4588,180319.0261,36.2475,camp.spring.high.solved,Idle,2
4589,180357.2384,38.2123,camp.spring.high.solved,Idle,2
4590,180399.8337,42.5952,camp.spring.high.solved,Idle,2
4591,180435.5238,35.6901,camp.spring.high.solved,Idle,2
4592,180473.7569,38.2331,camp.spring.high.solved,Idle,2
4593,180516.2871,42.5302,camp.spring.high.solved,Idle,2
4594,180552.1787,35.8915,camp.spring.high.solved,Idle,2
4595,180602.8905,50.7119,camp.spring.high.solved,Idle,2
4596,180635.7742,32.8836,camp.spring.high.solved,Idle,2
4597,180673.8488,38.0746,camp.spring.high.solved,Idle,2
4598,180716.3086,42.4598,camp.spring.high.solved,Idle,2
4599,180764.2102,47.9016,camp.spring.high.solved,Idle,2
4600,180790.372,26.1618,camp.spring.high.solved,Idle,2
4601,180832.8978,42.5259,camp.spring.high.solved,Idle,2
4602,180868.601,35.703,camp.spring.high.solved,Idle,2
4603,180907.0398,38.439,camp.spring.high.solved,Idle,2
4604,180950.055,43.0151,camp.spring.high.solved,Idle,2
4605,180985.1689,35.114,camp.spring.high.solved,Idle,2
4606,181023.3477,38.1788,camp.spring.high.solved,Idle,2
4607,181066.0367,42.689,camp.spring.high.solved,Idle,2
4608,181102.1061,36.0694,camp.spring.high.solved,Idle,2
4609,181140.4011,38.295,camp.spring.high.solved,Idle,2
4610,181206.9932,66.592,camp.spring.high.solved,Idle,2
4611,181218.3266,11.3336,camp.spring.high.solved,Idle,2
4612,181257.2246,38.8978,camp.spring.high.solved,Idle,2
4613,181299.647,42.4225,camp.spring.high.solved,Idle,2
4614,181335.3608,35.7138,camp.spring.high.solved,Idle,2
4615,181373.8179,38.4571,camp.spring.high.solved,Idle,2
4616,181416.6145,42.7966,camp.spring.high.solved,Idle,2
4617,181464.1177,47.5032,camp.spring.high.solved,Idle,2
4618,181490.0922,25.9744,camp.spring.high.solved,Idle,2
4619,181533.0418,42.9495,camp.spring.high.solved,Idle,2
4620,181569.3721,36.3304,camp.spring.high.solved,Idle,2
4621,181607.413,38.0409,camp.spring.high.solved,Idle,2
4622,181655.7708,48.3579,camp.spring.high.solved,Idle,2
4623,181685.5272,29.7562,camp.spring.high.solved,Idle,2
4624,181724.1233,38.5963,camp.spring.high.solved,Idle,2
4625,181766.3974,42.2739,camp.spring.high.solved,Idle,2
4626,181801.8119,35.4146,camp.spring.high.solved,Idle,2
4627,181839.9154,38.1036,camp.spring.high.solved,Idle,2
4628,181904.1886,64.2731,camp.spring.high.solved,Idle,2
4629,181956.7415,52.553,camp.spring.high.solved,Idle,2
4630,181966.4193,9.6778,camp.spring.high.solved,Idle,2
4631,182001.6375,35.2182,camp.spring.high.solved,Idle,2
4632,182039.9306,38.293,camp.spring.high.solved,Idle,2
4633,182082.8934,42.9629,camp.spring.high.solved,Idle,2
4634,182118.5376,35.644,camp.spring.high.solved,Idle,2
4635,182151.1837,32.646,camp.spring.high.solved,Idle,2
4636,182189.7337,38.5503,camp.spring.high.solved,Idle,2
4637,182232.4476,42.7139,camp.spring.high.solved,Idle,2
4638,182268.5732,36.1256,camp.spring.high.solved,Idle,2
4639,182306.5768,38.0035,camp.spring.high.solved,Idle,2
4640,182354.2334,47.6566,camp.spring.high.solved,Idle,2
4641,182385.503,31.2697,camp.spring.high.solved,Idle,2
4642,182424.0458,38.5428,camp.spring.high.solved,Idle,2
4643,182466.2085,42.1625,camp.spring.high.solved,Idle,2
4644,182513.9027,47.6943,camp.spring.high.solved,Idle,2
4645,182540.0111,26.1085,camp.spring.high.solved,Idle,2
4646,182583.0891,43.0779,camp.spring.high.solved,Idle,2
4647,182618.7619,35.6729,camp.spring.high.solved,Idle,2
4648,182657.4886,38.7266,camp.spring.high.solved,Idle,2
4649,182699.8607,42.3722,camp.spring.high.solved,Idle,2
4650,182735.4765,35.6158,camp.spring.high.solved,Idle,2
4651,182773.6019,38.1254,camp.spring.high.solved,Idle,2
4652,182816.197,42.595,camp.spring.high.solved,Idle,2
4653,182852.1146,35.9177,camp.spring.high.solved,Idle,2
4654,182890.7648,38.6502,camp.spring.high.solved,Idle,2
4655,182957.5785,66.8136,camp.spring.high.solved,Idle,2
4656,182968.8244,11.2459,camp.spring.high.solved,Idle,2
4657,183007.0909,38.2665,camp.spring.high.solved,Idle,2
4658,183050.0787,42.9878,camp.spring.high.solved,Idle,2
4659,183085.3218,35.2431,camp.spring.high.solved,Idle,2
4660,183123.4342,38.1125,camp.spring.high.solved,Idle,2
4661,183166.109,42.6746,camp.spring.high.solved,Idle,2
4662,183214.8337,48.7249,camp.spring.high.solved,Idle,2
4663,183240.2652,25.4315,camp.spring.high.solved,Idle,2
4664,183282.9588,42.6936,camp.spring.high.solved,Idle,2
4665,183318.4421,35.4833,camp.spring.high.solved,Idle,2
4666,183356.6377,38.1955,camp.spring.high.solved,Idle,2
4667,183404.8795,48.2419,camp.spring.high.solved,Idle,2
4668,183435.5084,30.6287,camp.spring.high.solved,Idle,2
4669,183476.4453,40.9371,camp.spring.high.solved,Idle,2
4670,183524.5599,48.1146,camp.spring.high.solved,Idle,2
4671,183557.1339,32.574,camp.spring.high.solved,Idle,2
4672,183599.9953,42.8613,camp.spring.high.solved,Idle,2
4673,183666.4866,66.4914,camp.spring.high.solved,Idle,2
4674,183717.3438,50.8571,camp.spring.high.solved,Idle,2
4675,183726.8581,9.5145,camp.spring.high.solved,Idle,2
4676,183761.2228,34.3646,camp.spring.high.solved,Idle,2
4677,183799.8945,38.6718,camp.spring.high.solved,Idle,2
4678,183839.6357,39.741,camp.spring.high.solved,Idle,2
4679,183878.8251,39.1891,camp.spring.high.solved,Idle,2
4680,183916.7133,37.8886,camp.spring.high.solved,Idle,2
4681,183956.378,39.6647,camp.spring.high.solved,Idle,2
4682,183999.4194,43.0414,camp.spring.high.solved,Idle,2
4683,184035.5659,36.1465,camp.spring.high.solved,Idle,2
4684,184073.6724,38.1064,camp.spring.high.solved,Idle,2
4685,184121.1836,47.5113,camp.spring.high.solved,Idle,2
4686,184152.5687,31.3851,camp.spring.high.solved,Idle,2
4687,184191.0419,38.4732,camp.spring.high.solved,Idle,2
4688,184233.0991,42.0572,camp.spring.high.solved,Idle,2
4689,184280.752,47.653,camp.spring.high.solved,Idle,2
4690,184305.4509,24.6987,camp.spring.high.solved,Idle,2
4691,184349.7412,44.2903,camp.spring.high.solved,Idle,2
4692,184385.1276,35.3865,camp.spring.high.solved,Idle,2
4693,184423.7041,38.5765,camp.spring.high.solved,Idle,2
4694,184466.2898,42.5856,camp.spring.high.solved,Idle,2
4695,184502.2263,35.9365,camp.spring.high.solved,Idle,2
4696,184540.2594,38.0331,camp.spring.high.solved,Idle,2
4697,184583.0208,42.7614,camp.spring.high.solved,Idle,2
4698,184618.75,35.7292,camp.spring.high.solved,Idle,2
4699,184657.2259,38.4758,camp.spring.high.solved,Idle,2
4700,184723.9574,66.7317,camp.spring.high.solved,Idle,2
4701,184734.9066,10.9492,camp.spring.high.solved,Idle,2
4702,184773.8073,38.9007,camp.spring.high.solved,Idle,2
4703,184816.7048,42.8974,camp.spring.high.solved,Idle,2
4704,184851.9107,35.206,camp.spring.high.solved,Idle,2
4705,184890.1656,38.2549,camp.spring.high.solved,Idle,2
4706,184932.5544,42.3888,camp.spring.high.solved,Idle,2
4707,184981.4841,48.9298,camp.spring.high.solved,Idle,2
4708,185006.6977,25.2135,camp.spring.high.solved,Idle,2
4709,185049.6666,42.9689,camp.spring.high.solved,Idle,2
4710,185085.2141,35.5475,camp.spring.high.solved,Idle,2
4711,185123.7339,38.5198,camp.spring.high.solved,Idle,2
4712,185171.614,47.8801,camp.spring.high.solved,Idle,2
4713,185205.3398,33.7257,camp.spring.high.solved,Idle,2
4714,185245.8552,40.5153,camp.spring.high.solved,Idle,2
4715,185283.4605,37.6055,camp.spring.high.solved,Idle,2
4716,185318.6058,35.1452,camp.spring.high.solved,Idle,2
4717,185357.2845,38.6788,camp.spring.high.solved,Idle,2
4718,185423.838,66.5535,camp.spring.high.solved,Idle,2
4719,185473.5781,49.7401,camp.spring.high.solved,Idle,2
4720,185483.5324,9.9542,camp.spring.high.solved,Idle,2
4721,185518.8298,35.2974,camp.spring.high.solved,Idle,2
4722,185556.8013,37.9717,camp.spring.high.solved,Idle,2
4723,185599.4021,42.6007,camp.spring.high.solved,Idle,2
4724,185635.2885,35.8864,camp.spring.high.solved,Idle,2
4725,185673.9631,38.6745,camp.spring.high.solved,Idle,2
4726,185716.4021,42.439,camp.spring.high.solved,Idle,2
4727,185752.3071,35.9051,camp.spring.high.solved,Idle,2
4728,185790.6497,38.3427,camp.spring.high.solved,Idle,2
4729,185833.6814,43.0316,camp.spring.high.solved,Idle,2
4730,185878.6104,44.929,camp.spring.high.solved,Idle,2
4731,185907.462,28.8517,camp.spring.high.solved,Idle,2
4732,185950.2788,42.8167,camp.spring.high.solved,Idle,2
4733,185986.4499,36.1712,camp.spring.high.solved,Idle,2
4734,186036.5674,50.1175,camp.spring.high.solved,Idle,2
4735,186069.2084,32.641,camp.spring.high.solved,Idle,2
4736,186111.3962,42.1877,camp.spring.high.solved,Idle,2
4737,186150.8788,39.4827,camp.spring.high.solved,Idle,2
4738,186186.3655,35.4866,camp.spring.high.solved,Idle,2
4739,186228.7987,42.433,camp.spring.high.solved,Idle,2
4740,186267.2635,38.4651,camp.spring.high.solved,Idle,2
4741,186306.3222,39.0587,camp.spring.high.solved,Idle,2
4742,186340.9968,34.6745,camp.spring.high.solved,Idle,2
4743,186383.9324,42.9355,camp.spring.high.solved,Idle,2
4744,186422.5588,38.6264,camp.spring.high.solved,Idle,2
4745,186488.8711,66.3124,route.high.to-autumn,Covering,2
4746,186577.3997,88.5286,route.high.to-autumn,Covering,2
4747,186589.5352,12.1356,route.high.to-autumn,Covering,2
4748,186625.0542,35.5188,route.high.to-autumn,Covering,2
4749,186680.354,55.2999,route.high.to-autumn,Covering,2
4750,186718.2212,37.8672,route.high.to-autumn,Covering,2
4751,186762.7182,44.497,route.high.to-autumn,Covering,2
4752,186813.8533,51.135,route.high.to-autumn,Covering,2
4753,186847.2607,33.4075,route.high.to-autumn,Covering,2
4754,186890.8747,43.614,route.high.to-autumn,Covering,2
4755,186935.8688,44.9941,route.high.to-autumn,Covering,2
4756,186980.1616,44.2927,route.high.to-autumn,Covering,2
4757,187036.8011,56.6396,route.high.to-autumn,Covering,2
4758,187074.5741,37.773,route.high.to-autumn,Covering,2
4759,187119.7101,45.1361,route.high.to-autumn,Covering,2
4760,187164.8986,45.1883,route.high.to-autumn,Covering,2
4761,187209.4061,44.5077,route.high.to-autumn,Covering,2
4762,187258.5579,49.1517,route.high.to-autumn,Covering,2
4763,187336.7293,78.1714,route.high.to-autumn,Covering,2
4764,187360.1554,23.4262,route.high.to-autumn,Covering,2
4765,187411.8871,51.7313,route.high.to-autumn,Covering,2
4766,187467.3911,55.5043,route.high.to-autumn,Covering,2
4767,187510.6899,43.2988,route.high.to-autumn,Covering,2
4768,187585.0935,74.4037,route.high.to-autumn,Covering,2
4769,187609.8558,24.7622,route.high.to-autumn,Covering,2
4770,187658.3408,48.4851,route.high.to-autumn,Covering,2
4771,187695.1839,36.843,route.high.to-autumn,Covering,2
4772,187750.7275,55.5436,route.high.to-autumn,Covering,2
4773,187793.2481,42.5206,route.high.to-autumn,Covering,2
4774,187857.1811,63.933,route.high.to-autumn,Covering,2
4775,187899.5089,42.3279,route.high.to-autumn,Covering,2
4776,187945.8099,46.301,route.high.to-autumn,Covering,2
4777,187989.3395,43.5295,route.high.to-autumn,Covering,2
4778,188073.7871,84.4475,route.high.to-autumn,Covering,2
4779,188093.6296,19.8425,route.high.to-autumn,CoveredLoading,2
4780,188123.4874,29.8578,route.high.to-autumn,CoveredLoading,2
4781,188205.2162,81.7214,route.high.to-autumn,CoveredLoading,2
4782,188391.3549,186.1459,route.high.to-autumn,CoveredLoading,2
4783,188439.2348,47.88,route.high.to-autumn,CoveredLoading,2
4784,188525.8084,86.5738,route.high.to-autumn,CoveredLoading,2
4785,188545.2417,19.4332,route.high.to-autumn,CoveredLoading,2
4786,188616.0194,70.7778,route.high.to-autumn,CoveredLoading,2
4787,188653.3144,37.295,route.high.to-autumn,CoveredLoading,2
4788,188676.6365,23.322,route.high.to-autumn,CoveredLoading,2
4789,188726.2715,49.635,route.high.to-autumn,CoveredLoading,2
4790,188775.1892,48.9176,route.high.to-autumn,CoveredLoading,2
4791,188825.8998,50.7107,route.high.to-autumn,CoveredLoading,2
4792,188874.4464,48.5466,route.high.to-autumn,CoveredLoading,2
4793,188924.7519,50.3054,route.high.to-autumn,CoveredLoading,2
4794,188975.5437,50.792,route.high.to-autumn,CoveredLoading,2
4795,189025.3752,49.8314,route.high.to-autumn,Preparing,2
4796,189074.2877,48.9124,route.high.to-autumn,Preparing,2
4797,189125.7504,51.4627,route.high.to-autumn,Preparing,2
4798,189193.1575,67.4072,route.high.to-autumn,Preparing,2
4799,189226.8218,33.6644,route.high.to-autumn,Preparing,2
4800,189294.9056,68.0838,route.high.to-autumn,Revealing,2
4801,189326.4581,31.5525,route.high.to-autumn,Revealing,2
4802,189377.4733,51.0151,route.high.to-autumn,Revealing,2
4803,189440.0346,62.5612,route.high.to-autumn,Revealing,2
4804,189516.0392,76.0047,route.high.to-autumn,Revealing,2
4805,189542.0672,26.0281,route.high.to-autumn,Revealing,2
4806,189598.0714,56.0041,route.high.to-autumn,Revealing,2
4807,189611.6876,13.6161,route.high.to-autumn,Revealing,2
4808,189654.145,42.4575,route.high.to-autumn,Revealing,2
4809,189699.3541,45.2091,route.high.to-autumn,Revealing,2
4810,189771.321,71.967,route.high.to-autumn,Revealing,2
4811,189807.0349,35.714,route.high.to-autumn,Revealing,2
4812,189836.107,29.0721,route.high.to-autumn,Revealing,2
4813,189905.2502,69.1431,route.high.to-autumn,Revealing,2
4814,189946.0516,40.8015,route.high.to-autumn,Revealing,2
4815,189980.4681,34.4163,route.high.to-autumn,Revealing,2
4816,190036.2911,55.8231,route.high.to-autumn,Revealing,2
4817,190085.3301,49.039,route.high.to-autumn,Revealing,2
4818,190203.9394,118.6093,route.high.to-autumn,Revealing,2
4819,190249.2184,45.279,route.high.to-autumn,Revealing,2
4820,190282.7098,33.4913,route.high.to-autumn,Revealing,2
4821,190297.3728,14.6631,route.high.to-autumn,Revealing,2
4822,190339.8714,42.4986,route.high.to-autumn,Revealing,2
4823,190383.6467,43.7752,route.high.to-autumn,Revealing,2
4824,190422.9734,39.3268,route.high.to-autumn,Revealing,2
4825,190487.4995,64.5262,route.high.to-autumn,Revealing,2
4826,190506.3729,18.8734,route.high.to-autumn,Revealing,2
4827,190564.2739,57.9009,route.high.to-autumn,Revealing,2
4828,190589.8795,25.6057,route.high.to-autumn,Revealing,2
4829,190633.2664,43.3868,route.high.to-autumn,Revealing,2
4830,190673.747,40.4804,route.high.to-autumn,Idle,2
4831,190788.7383,114.9916,audit.snapshot.route.high.to-autumn.ready,Idle,2
4832,190818.5367,29.7984,audit.snapshot.route.high.to-autumn.ready,Idle,2
4833,190856.0378,37.501,audit.snapshot.route.high.to-autumn.ready,Idle,2
4834,190891.2618,35.224,audit.snapshot.route.high.to-autumn.ready,Idle,2
4835,190933.033,41.771,audit.snapshot.route.high.to-autumn.ready,Idle,2
4836,190977.2804,44.2476,audit.snapshot.route.high.to-autumn.ready,Idle,2
4837,191006.4751,29.1947,audit.snapshot.route.high.to-autumn.ready,Idle,2
4838,191045.6775,39.2023,audit.snapshot.route.high.to-autumn.ready,Idle,2
4839,191084.3201,38.6428,audit.snapshot.route.high.to-autumn.ready,Idle,2
4840,191119.1742,34.8541,audit.snapshot.route.high.to-autumn.ready,Idle,2
4841,191157.6363,38.4621,audit.snapshot.route.high.to-autumn.ready,Idle,2
4842,191205.5934,47.957,audit.snapshot.route.high.to-autumn.ready,Idle,2
4843,191236.1769,30.5835,audit.snapshot.route.high.to-autumn.ready,Idle,2
4844,191274.0808,37.904,audit.snapshot.route.high.to-autumn.ready,Idle,2
4845,191313.2141,39.1331,audit.snapshot.route.high.to-autumn.ready,Idle,2
4846,191359.3457,46.1317,audit.snapshot.route.high.to-autumn.ready,Idle,2
4847,191388.841,29.4952,audit.snapshot.route.high.to-autumn.ready,Idle,2
4848,191424.0624,35.2216,audit.snapshot.route.high.to-autumn.ready,Idle,2
4849,191466.7414,42.6789,audit.snapshot.route.high.to-autumn.ready,Idle,2
4850,191501.7797,35.0383,audit.snapshot.route.high.to-autumn.ready,Idle,2
4851,191539.501,37.7213,audit.snapshot.route.high.to-autumn.ready,Idle,2
4852,191588.1846,48.6836,audit.snapshot.route.high.to-autumn.ready,Idle,2
4853,191617.3266,29.142,audit.snapshot.route.high.to-autumn.ready,Idle,2
4854,191652.512,35.1852,audit.snapshot.route.high.to-autumn.ready,Idle,2
4855,191703.1949,50.6831,audit.snapshot.route.high.to-autumn.ready,Idle,2
4856,191744.6355,41.4405,audit.snapshot.route.high.to-autumn.ready,Idle,2
4857,191773.0572,28.4217,audit.snapshot.route.high.to-autumn.ready,Idle,2
4858,191811.461,38.4037,audit.snapshot.route.high.to-autumn.ready,Idle,2
4859,191849.859,38.3982,audit.snapshot.route.high.to-autumn.ready,Idle,2
4860,191884.9347,35.0756,audit.snapshot.route.high.to-autumn.ready,Idle,2
4861,191922.0039,37.0694,audit.snapshot.route.high.to-autumn.ready,Idle,2
4862,191958.6189,36.6148,audit.snapshot.route.high.to-autumn.ready,Idle,2
4863,192001.8024,43.1836,audit.snapshot.route.high.to-autumn.ready,Idle,2
4864,192039.4956,37.6932,audit.snapshot.route.high.to-autumn.ready,Idle,2
4865,192086.9087,47.4132,audit.snapshot.route.high.to-autumn.ready,Idle,2
4866,192132.8827,45.974,audit.snapshot.route.high.to-autumn.ready,Idle,2
4867,192157.6145,24.7317,audit.snapshot.route.high.to-autumn.ready,Idle,2
4868,192197.6621,40.0476,audit.snapshot.route.high.to-autumn.ready,Idle,2
4869,192235.7012,38.0389,audit.snapshot.route.high.to-autumn.ready,Idle,2
4870,192292.2545,56.5536,audit.snapshot.route.high.to-autumn.ready,Idle,2
4871,192311.421,19.1665,audit.snapshot.route.high.to-autumn.ready,Idle,2
4872,192346.8783,35.4572,audit.snapshot.route.high.to-autumn.ready,Idle,2
4873,192385.3538,38.4755,audit.snapshot.route.high.to-autumn.ready,Idle,2
4874,192423.2531,37.8994,audit.snapshot.route.high.to-autumn.ready,Idle,2
4875,192482.6509,59.3977,audit.snapshot.route.high.to-autumn.ready,Idle,2
4876,192500.4015,17.7507,camp.autumn.high.solved,Idle,2
4877,192535.6902,35.2886,camp.autumn.high.solved,Idle,2
4878,192573.3461,37.6559,camp.autumn.high.solved,Idle,2
4879,192633.7389,60.3928,camp.autumn.high.solved,Idle,2
4880,192686.3324,52.5934,camp.autumn.high.solved,Idle,2
4881,192701.7741,15.4418,camp.autumn.high.solved,Idle,2
4882,192735.1446,33.3703,camp.autumn.high.solved,Idle,2
4883,192773.7718,38.6274,camp.autumn.high.solved,Idle,2
4884,192813.2825,39.5106,camp.autumn.high.solved,Idle,2
4885,192851.3298,38.0474,camp.autumn.high.solved,Idle,2
4886,192889.3498,38.02,camp.autumn.high.solved,Idle,2
4887,192928.9854,39.6356,camp.autumn.high.solved,Idle,2
4888,192985.5343,56.5489,camp.autumn.high.solved,Idle,2
4889,193005.5513,20.0169,camp.autumn.high.solved,Idle,2
4890,193044.5966,39.0454,camp.autumn.high.solved,Idle,2
4891,193083.1384,38.5417,camp.autumn.high.solved,Idle,2
4892,193119.3131,36.1746,camp.autumn.high.solved,Idle,2
4893,193169.458,50.145,camp.autumn.high.solved,Idle,2
4894,193201.4692,32.0113,camp.autumn.high.solved,Idle,2
4895,193239.4593,37.9902,camp.autumn.high.solved,Idle,2
4896,193278.8846,39.425,camp.autumn.high.solved,Idle,2
4897,193317.6265,38.7421,camp.autumn.high.solved,Idle,2
4898,193352.9818,35.3553,camp.autumn.high.solved,Idle,2
4899,193391.2255,38.2438,camp.autumn.high.solved,Idle,2
4900,193430.4807,39.2551,camp.autumn.high.solved,Idle,2
4901,193468.4003,37.9195,camp.autumn.high.solved,Idle,2
4902,193507.3006,38.9002,camp.autumn.high.solved,Idle,2
4903,193546.0904,38.7899,camp.autumn.high.solved,Idle,2
4904,193585.6515,39.5611,camp.autumn.high.solved,Idle,2
4905,193631.5406,45.8892,camp.autumn.high.solved,Idle,2
4906,193663.1407,31.6,camp.autumn.high.solved,Idle,2
4907,193702.0717,38.9311,camp.autumn.high.solved,Idle,2
4908,193740.4169,38.3452,camp.autumn.high.solved,Idle,2
4909,193779.6947,39.2778,camp.autumn.high.solved,Idle,2
4910,193818.4563,38.7616,camp.autumn.high.solved,Idle,2
4911,193856.0693,37.6129,camp.autumn.high.solved,Idle,2
4912,193894.8632,38.7939,camp.autumn.high.solved,Idle,2
4913,193933.3624,38.4992,camp.autumn.high.solved,Idle,2
4914,193968.6193,35.257,camp.autumn.high.solved,Idle,2
4915,194006.4946,37.8753,camp.autumn.high.solved,Idle,2
4916,194045.9169,39.4223,camp.autumn.high.solved,Idle,2
4917,194084.0598,38.1429,camp.autumn.high.solved,Idle,2
4918,194122.3225,38.2627,camp.autumn.high.solved,Idle,2
4919,194156.2734,33.9508,camp.autumn.high.solved,Idle,2
4920,194219.3682,63.0949,camp.autumn.high.solved,Idle,2
4921,194274.568,55.1997,camp.autumn.high.solved,Idle,2
4922,194288.6428,14.0748,camp.autumn.high.solved,Idle,2
4923,194322.6378,33.9951,camp.autumn.high.solved,Idle,2
4924,194371.737,49.099,camp.autumn.high.solved,Idle,2
4925,194401.1463,29.4096,camp.autumn.high.solved,Idle,2
4926,194436.4141,35.2678,camp.autumn.high.solved,Idle,2
4927,194474.5175,38.1033,camp.autumn.high.solved,Idle,2
4928,194513.523,39.0055,camp.autumn.high.solved,Idle,2
4929,194552.2874,38.7644,camp.autumn.high.solved,Idle,2
4930,194603.3453,51.058,camp.autumn.high.solved,Idle,2
4931,194635.3741,32.0287,camp.autumn.high.solved,Idle,2
4932,194673.4074,38.0334,camp.autumn.high.solved,Idle,2
4933,194712.8478,39.4402,camp.autumn.high.solved,Idle,2
4934,194750.4666,37.6188,camp.autumn.high.solved,Idle,2
4935,194786.4703,36.0038,camp.autumn.high.solved,Idle,2
4936,194824.6521,38.1817,camp.autumn.high.solved,Idle,2
4937,194863.5529,38.901,camp.autumn.high.solved,Idle,2
4938,194901.7132,38.1602,camp.autumn.high.solved,Idle,2
4939,194940.578,38.8647,camp.autumn.high.solved,Idle,2
4940,195021.5903,81.0124,camp.autumn.high.solved,Idle,2
4941,195071.6941,50.1039,camp.autumn.high.solved,Idle,2
4942,195102.7226,31.0284,camp.autumn.high.solved,Idle,2
4943,195138.8697,36.147,camp.autumn.high.solved,Idle,2
4944,195155.9061,17.0365,camp.autumn.high.solved,Idle,2
4945,195185.4329,29.5268,camp.autumn.high.solved,Idle,2
4946,195223.5858,38.1529,camp.autumn.high.solved,Idle,2
4947,195263.6399,40.054,camp.autumn.high.solved,Idle,2
4948,195300.8051,37.1653,camp.autumn.high.solved,Idle,2
4949,195339.0915,38.2864,camp.autumn.high.solved,Idle,2
4950,195387.6507,48.5592,camp.autumn.high.solved,Idle,2
4951,195418.8042,31.1535,camp.autumn.high.solved,Idle,2
4952,195484.3569,65.5527,camp.autumn.high.solved,Idle,2
4953,195501.4871,17.1301,camp.autumn.high.solved,Idle,2
4954,195539.5858,38.0988,camp.autumn.high.solved,Idle,2
4955,195578.1907,38.6049,camp.autumn.high.solved,Idle,2
4956,195617.0132,38.8225,camp.autumn.high.solved,Idle,2
4957,195652.1675,35.1543,camp.autumn.high.solved,Idle,2
4958,195690.5592,38.3916,camp.autumn.high.solved,Idle,2
4959,195730.2863,39.7272,camp.autumn.high.solved,Idle,2
4960,195787.2106,56.9243,camp.autumn.high.solved,Idle,2
4961,195831.9851,44.7745,camp.autumn.high.solved,Idle,2
4962,195846.4562,14.471,camp.autumn.high.solved,Idle,2
4963,195885.1177,38.6615,camp.autumn.high.solved,Idle,2
4964,195923.1772,38.0596,camp.autumn.high.solved,Idle,2
4965,195962.3282,39.1509,camp.autumn.high.solved,Idle,2
4966,196001.0349,38.7068,camp.autumn.high.solved,Idle,2
4967,196039.4402,38.4053,camp.autumn.high.solved,Idle,2
4968,196124.0581,84.618,camp.autumn.high.solved,Idle,2
4969,196138.0674,14.0092,camp.autumn.high.solved,Idle,2
4970,196169.3071,31.2397,camp.autumn.high.solved,Idle,2
4971,196219.6109,50.3038,camp.autumn.high.solved,Idle,2
4972,196252.7143,33.1034,camp.autumn.high.solved,Idle,2
4973,196320.81,68.0958,camp.autumn.high.solved,Idle,2
4974,196363.8985,43.0884,camp.autumn.high.solved,Idle,2
4975,196405.2346,41.3361,camp.autumn.high.solved,Idle,2
4976,196422.1533,16.9187,camp.autumn.high.solved,Idle,2
4977,196461.6535,39.5002,camp.autumn.high.solved,Idle,2
4978,196519.3019,57.6484,camp.autumn.high.solved,Idle,2
4979,196550.6403,31.3384,camp.autumn.high.solved,Idle,2
4980,196603.3043,52.664,camp.autumn.high.solved,Idle,2
4981,196619.4466,16.1422,camp.autumn.high.solved,Idle,2
4982,196657.4892,38.0427,camp.autumn.high.solved,Idle,2
4983,196699.8007,42.3115,camp.autumn.high.solved,Idle,2
4984,196734.996,35.1952,camp.autumn.high.solved,Idle,2
4985,196774.1581,39.1623,camp.autumn.high.solved,Idle,2
4986,196813.1515,38.9933,camp.autumn.high.solved,Idle,2
4987,196871.2391,58.0876,camp.autumn.high.solved,Idle,2
4988,196903.645,32.4059,camp.autumn.high.solved,Idle,2
4989,196952.7558,49.1106,camp.autumn.high.solved,Idle,2
4990,196993.334,40.5783,camp.autumn.high.solved,Idle,2
4991,197022.5923,29.2584,camp.autumn.high.solved,Idle,2
4992,197058.2619,35.6697,camp.autumn.high.solved,Idle,2
4993,197100.8487,42.5868,camp.autumn.high.solved,Idle,2
4994,197136.8387,35.99,camp.autumn.high.solved,Idle,2
4995,197176.1382,39.2993,camp.autumn.high.solved,Idle,2
4996,197216.6755,40.5374,camp.autumn.high.solved,Idle,2
4997,197269.9021,53.2265,camp.autumn.high.solved,Idle,2
4998,197292.4837,22.5817,camp.autumn.high.solved,Idle,2
4999,197334.2703,41.7866,camp.autumn.high.solved,Idle,2
5000,197372.5215,38.2512,camp.autumn.high.solved,Idle,2
5001,197407.2713,34.7498,camp.autumn.high.solved,Idle,2
5002,197449.707,42.4357,camp.autumn.high.solved,Idle,2
5003,197484.8899,35.1827,camp.autumn.high.solved,Idle,2
5004,197541.5596,56.6699,camp.autumn.high.solved,Idle,2
5005,197561.4284,19.8686,camp.autumn.high.solved,Idle,2
5006,197605.0635,43.6353,camp.autumn.high.solved,Idle,2
5007,197635.9726,30.9091,camp.autumn.high.solved,Idle,2
5008,197686.7394,50.7668,camp.autumn.high.solved,Idle,2
5009,197719.0356,32.2962,camp.autumn.high.solved,Idle,2
5010,197758.2207,39.1851,camp.autumn.high.solved,Idle,2
5011,197799.8709,41.6503,camp.autumn.high.solved,Idle,2
5012,197835.4379,35.5669,camp.autumn.high.solved,Idle,2
5013,197892.2598,56.8219,camp.autumn.high.solved,Idle,2
5014,197913.3795,21.1198,camp.autumn.high.solved,Idle,2
5015,197950.8545,37.4748,camp.autumn.high.solved,Idle,2
5016,197999.6271,48.7727,camp.autumn.high.solved,Idle,2
5017,198029.1228,29.4956,camp.autumn.high.solved,Idle,2
5018,198066.6559,37.5333,camp.autumn.high.solved,Idle,2
5019,198101.6378,34.9817,camp.autumn.high.solved,Idle,2
5020,198139.5368,37.8991,camp.autumn.high.solved,Idle,2
5021,198174.5983,35.0615,camp.autumn.high.solved,Idle,2
5022,198236.1293,61.5311,camp.autumn.high.solved,Idle,2
5023,198252.9334,16.804,camp.autumn.high.solved,Idle,2
5024,198305.7375,52.8041,camp.autumn.high.solved,Idle,2
5025,198373.8513,68.1138,camp.autumn.high.solved,Idle,2
5026,198389.3184,15.4672,camp.autumn.high.solved,Idle,2
5027,198437.1845,47.866,camp.autumn.high.solved,Idle,2
5028,198466.9759,29.7914,camp.autumn.high.solved,Idle,2
5029,198501.8119,34.8361,camp.autumn.high.solved,Idle,2
5030,198540.3396,38.5276,camp.autumn.high.solved,Idle,2
5031,198578.7944,38.4547,camp.autumn.high.solved,Idle,2
5032,198616.7656,37.9713,camp.autumn.high.solved,Idle,2
5033,198661.1533,44.3877,camp.autumn.high.solved,Idle,2
5034,198689.9694,28.8161,camp.autumn.high.solved,Idle,2
5035,198728.6876,38.718,camp.autumn.high.solved,Idle,2
5036,198772.1253,43.438,camp.autumn.high.solved,Idle,2
5037,198802.7017,30.5764,camp.autumn.high.solved,Idle,2
5038,198841.6676,38.9657,camp.autumn.high.solved,Idle,2
5039,198883.7591,42.0916,camp.autumn.high.solved,Idle,2
5040,198937.0654,53.3063,camp.autumn.high.solved,Idle,2
5041,198956.2904,19.225,camp.autumn.high.solved,Idle,2
5042,198997.3771,41.0867,camp.autumn.high.solved,Idle,2
5043,199043.6483,46.2713,camp.autumn.high.solved,Idle,2
5044,199072.1154,28.4671,camp.autumn.high.solved,Idle,2
5045,199121.6419,49.5265,camp.autumn.high.solved,Idle,2
5046,199150.2028,28.5608,camp.autumn.high.solved,Idle,2
5047,199186.7129,36.5102,camp.autumn.high.solved,Idle,2
5048,199229.1263,42.4132,camp.autumn.high.solved,Idle,2
5049,199285.9871,56.8609,camp.autumn.high.solved,Idle,2
5050,199305.4468,19.4597,camp.autumn.high.solved,Idle,2
5051,199342.0836,36.6369,camp.autumn.high.solved,Idle,2
5052,199380.3465,38.2628,camp.autumn.high.solved,Idle,2
5053,199441.4367,61.0902,camp.autumn.high.solved,Idle,2
5054,199473.7391,32.3025,camp.autumn.high.solved,Idle,2
5055,199507.3319,33.5927,camp.autumn.high.solved,Idle,2
5056,199548.5182,41.1863,route.high.to-winter,Covering,2
5057,199656.5695,108.0514,route.high.to-winter,Covering,2
5058,199687.0811,30.5116,route.high.to-winter,Covering,2
5059,199719.4553,32.374,route.high.to-winter,Covering,2
5060,199769.5403,50.0851,route.high.to-winter,Covering,2
5061,199824.3463,54.806,route.high.to-winter,Covering,2
5062,199882.5771,58.2308,route.high.to-winter,Covering,2
5063,199935.4283,52.8512,route.high.to-winter,Covering,2
5064,199956.2926,20.8643,route.high.to-winter,Covering,2
5065,200003.3279,47.0352,route.high.to-winter,Covering,2
5066,200050.6179,47.29,route.high.to-winter,Covering,2
5067,200090.76,40.1421,route.high.to-winter,Covering,2
5068,200136.1165,45.3566,route.high.to-winter,Covering,2
5069,200180.4749,44.3583,route.high.to-winter,Covering,2
5070,200225.1389,44.6641,route.high.to-winter,Covering,2
5071,200287.4864,62.3475,route.high.to-winter,Covering,2
5072,200354.064,66.5776,route.high.to-winter,Covering,2
5073,200399.823,45.7589,route.high.to-winter,Covering,2
5074,200428.6321,28.8092,route.high.to-winter,Covering,2
5075,200460.3595,31.7274,route.high.to-winter,Covering,2
5076,200512.6236,52.2639,route.high.to-winter,Covering,2
5077,200559.2662,46.6428,route.high.to-winter,Covering,2
5078,200610.288,51.0217,route.high.to-winter,Covering,2
5079,200663.0204,52.7325,route.high.to-winter,Covering,2
5080,200711.1234,48.1027,route.high.to-winter,Covering,2
5081,200748.8833,37.7602,route.high.to-winter,Covering,2
5082,200774.2365,25.3532,route.high.to-winter,Covering,2
5083,200811.1193,36.8828,route.high.to-winter,Covering,2
5084,200860.4106,49.2913,route.high.to-winter,Covering,2
5085,200889.1872,28.7766,route.high.to-winter,Covering,2
5086,200929.421,40.2338,route.high.to-winter,Covering,2
5087,200976.921,47.5,route.high.to-winter,Covering,2
5088,201027.3124,50.3906,route.high.to-winter,Covering,2
5089,201093.8622,66.5507,route.high.to-winter,Covering,2
5090,201120.389,26.5267,route.high.to-winter,CoveredLoading,2
5091,201143.7449,23.3558,route.high.to-winter,CoveredLoading,2
5092,201253.2822,109.5373,route.high.to-winter,CoveredLoading,2
5093,201460.8065,207.5245,route.high.to-winter,CoveredLoading,2
5094,201511.6222,50.8156,route.high.to-winter,CoveredLoading,2
5095,201605.0893,93.4671,route.high.to-winter,CoveredLoading,2
5096,201618.7643,13.675,route.high.to-winter,CoveredLoading,2
5097,201691.8687,73.1044,route.high.to-winter,CoveredLoading,2
5098,201717.0456,25.1769,route.high.to-winter,CoveredLoading,2
5099,201782.0066,64.961,route.high.to-winter,CoveredLoading,2
5100,201803.2692,21.2626,route.high.to-winter,CoveredLoading,2
5101,201845.0077,41.7384,route.high.to-winter,CoveredLoading,2
5102,201891.4865,46.4789,route.high.to-winter,CoveredLoading,2
5103,201941.3351,49.8486,route.high.to-winter,CoveredLoading,2
5104,201987.4054,46.0704,route.high.to-winter,CoveredLoading,2
5105,202029.2503,41.8449,route.high.to-winter,CoveredLoading,2
5106,202076.5524,47.3019,route.high.to-winter,CoveredLoading,2
5107,202125.1297,48.5774,route.high.to-winter,CoveredLoading,2
5108,202170.091,44.9613,route.high.to-winter,CoveredLoading,2
5109,202211.353,41.262,route.high.to-winter,Preparing,2
5110,202259.513,48.16,route.high.to-winter,Preparing,2
5111,202308.2191,48.706,route.high.to-winter,Preparing,2
5112,202353.871,45.6519,route.high.to-winter,Preparing,2
5113,202394.8336,40.9626,route.high.to-winter,Preparing,2
5114,202443.0753,48.2417,route.high.to-winter,Preparing,2
5115,202491.548,48.4728,route.high.to-winter,Revealing,2
5116,202536.7622,45.2142,route.high.to-winter,Revealing,2
5117,202580.5315,43.7693,route.high.to-winter,Revealing,2
5118,202652.8274,72.2959,route.high.to-winter,Revealing,2
5119,202682.6445,29.8171,route.high.to-winter,Revealing,2
5120,202732.2733,49.6288,route.high.to-winter,Revealing,2
5121,202777.1371,44.8638,route.high.to-winter,Revealing,2
5122,202826.1902,49.053,route.high.to-winter,Revealing,2
5123,202894.4925,68.3024,route.high.to-winter,Revealing,2
5124,202924.7528,30.2603,route.high.to-winter,Revealing,2
5125,202971.2582,46.5053,route.high.to-winter,Revealing,2
5126,203005.4,34.1419,route.high.to-winter,Revealing,2
5127,203042.3215,36.9215,route.high.to-winter,Revealing,2
5128,203092.2443,49.9227,route.high.to-winter,Revealing,2
5129,203136.826,44.5819,route.high.to-winter,Revealing,2
5130,203181.1108,44.2848,route.high.to-winter,Revealing,2
5131,203246.885,65.7742,route.high.to-winter,Revealing,2
5132,203286.7062,39.8212,route.high.to-winter,Revealing,2
5133,203332.1374,45.4311,route.high.to-winter,Revealing,2
5134,203385.25,53.1126,route.high.to-winter,Revealing,2
5135,203409.6374,24.3873,route.high.to-winter,Revealing,2
5136,203452.2319,42.5946,route.high.to-winter,Revealing,2
5137,203493.3387,41.1068,route.high.to-winter,Revealing,2
5138,203534.0356,40.6969,route.high.to-winter,Revealing,2
5139,203570.4247,36.3891,route.high.to-winter,Revealing,2
5140,203613.683,43.258,route.high.to-winter,Revealing,2
5141,203652.6946,39.0119,route.high.to-winter,Revealing,2
5142,203692.7835,40.089,route.high.to-winter,Revealing,2
5143,203730.7979,38.0143,route.high.to-winter,Revealing,2
5144,203769.872,39.0742,route.high.to-winter,Revealing,2
5145,203809.485,39.6129,route.high.to-winter,Revealing,2
5146,203844.9203,35.4353,route.high.to-winter,Revealing,2
5147,203888.1717,43.2513,route.high.to-winter,Idle,2
5148,204005.3802,117.2084,audit.snapshot.route.high.to-winter.ready,Idle,2
5149,204035.253,29.873,audit.snapshot.route.high.to-winter.ready,Idle,2
5150,204069.4888,34.2358,audit.snapshot.route.high.to-winter.ready,Idle,2
5151,204127.8248,58.336,audit.snapshot.route.high.to-winter.ready,Idle,2
5152,204165.5546,37.7299,audit.snapshot.route.high.to-winter.ready,Idle,2
5153,204179.1958,13.6411,audit.snapshot.route.high.to-winter.ready,Idle,2
5154,204235.4901,56.2944,audit.snapshot.route.high.to-winter.ready,Idle,2
5155,204250.6991,15.2088,audit.snapshot.route.high.to-winter.ready,Idle,2
5156,204285.4436,34.7446,audit.snapshot.route.high.to-winter.ready,Idle,2
5157,204323.1074,37.6637,audit.snapshot.route.high.to-winter.ready,Idle,2
5158,204359.0975,35.99,audit.snapshot.route.high.to-winter.ready,Idle,2
5159,204395.2599,36.1626,audit.snapshot.route.high.to-winter.ready,Idle,2
5160,204432.4419,37.182,audit.snapshot.route.high.to-winter.ready,Idle,2
5161,204466.5651,34.1232,audit.snapshot.route.high.to-winter.ready,Idle,2
5162,204500.3267,33.7616,audit.snapshot.route.high.to-winter.ready,Idle,2
5163,204535.1084,34.7817,audit.snapshot.route.high.to-winter.ready,Idle,2
5164,204573.3118,38.2033,audit.snapshot.route.high.to-winter.ready,Idle,2
5165,204625.5158,52.204,audit.snapshot.route.high.to-winter.ready,Idle,2
5166,204644.902,19.3863,audit.snapshot.route.high.to-winter.ready,Idle,2
5167,204682.8039,37.9018,audit.snapshot.route.high.to-winter.ready,Idle,2
5168,204716.7219,33.9181,audit.snapshot.route.high.to-winter.ready,Idle,2
5169,204750.5447,33.8228,audit.snapshot.route.high.to-winter.ready,Idle,2
5170,204785.2441,34.6992,audit.snapshot.route.high.to-winter.ready,Idle,2
5171,204822.8929,37.6489,audit.snapshot.route.high.to-winter.ready,Idle,2
5172,204857.1199,34.2271,audit.snapshot.route.high.to-winter.ready,Idle,2
5173,204894.9961,37.8761,audit.snapshot.route.high.to-winter.ready,Idle,2
5174,204929.0815,34.0855,audit.snapshot.route.high.to-winter.ready,Idle,2
5175,204966.4378,37.3563,audit.snapshot.route.high.to-winter.ready,Idle,2
5176,205000.3986,33.9607,audit.snapshot.route.high.to-winter.ready,Idle,2
5177,205035.108,34.7095,audit.snapshot.route.high.to-winter.ready,Idle,2
5178,205072.7095,37.6015,audit.snapshot.route.high.to-winter.ready,Idle,2
5179,205107.4993,34.7898,audit.snapshot.route.high.to-winter.ready,Idle,2
5180,205144.8347,37.3354,audit.snapshot.route.high.to-winter.ready,Idle,2
5181,205182.3401,37.5054,audit.snapshot.route.high.to-winter.ready,Idle,2
5182,205227.2249,44.8847,audit.snapshot.route.high.to-winter.ready,Idle,2
5183,205250.2804,23.0556,audit.snapshot.route.high.to-winter.ready,Idle,2
5184,205303.9928,53.7123,audit.snapshot.route.high.to-winter.ready,Idle,2
5185,205335.1249,31.1321,audit.snapshot.route.high.to-winter.ready,Idle,2
5186,205361.7841,26.6593,audit.snapshot.route.high.to-winter.ready,Idle,2
5187,205399.2391,37.4549,audit.snapshot.route.high.to-winter.ready,Idle,2
5188,205433.336,34.0969,audit.snapshot.route.high.to-winter.ready,Idle,2
5189,205467.1674,33.8315,audit.snapshot.route.high.to-winter.ready,Idle,2
5190,205501.7334,34.566,audit.snapshot.route.high.to-winter.ready,Idle,2
5191,205539.3111,37.5776,audit.snapshot.route.high.to-winter.ready,Idle,2
5192,205573.7676,34.4565,audit.snapshot.route.high.to-winter.ready,Idle,2
5193,205611.4417,37.6741,camp.winter.high.solved,Idle,2
5194,205645.5467,34.1051,camp.winter.high.solved,Idle,2
5195,205690.1498,44.603,camp.winter.high.solved,Idle,2
5196,205735.7648,45.615,camp.winter.high.solved,Idle,2
5197,205774.8549,39.0901,camp.winter.high.solved,Idle,2
5198,205798.7186,23.8638,camp.winter.high.solved,Idle,2
5199,205833.6491,34.9305,camp.winter.high.solved,Idle,2
5200,205872.8121,39.163,camp.winter.high.solved,Idle,2
5201,205906.6376,33.8255,camp.winter.high.solved,Idle,2
5202,205940.8873,34.2497,camp.winter.high.solved,Idle,2
5203,205978.597,37.7097,camp.winter.high.solved,Idle,2
5204,206016.0107,37.4137,camp.winter.high.solved,Idle,2
5205,206050.0051,33.9943,camp.winter.high.solved,Idle,2
5206,206083.5247,33.5197,camp.winter.high.solved,Idle,2
5207,206118.6609,35.1362,camp.winter.high.solved,Idle,2
5208,206156.2523,37.5912,camp.winter.high.solved,Idle,2
5209,206190.2738,34.0217,camp.winter.high.solved,Idle,2
5210,206248.0312,57.7574,camp.winter.high.solved,Idle,2
5211,206270.5989,22.5676,camp.winter.high.solved,Idle,2
5212,206289.134,18.5352,camp.winter.high.solved,Idle,2
5213,206323.1557,34.0216,camp.winter.high.solved,Idle,2
5214,206379.1527,55.997,camp.winter.high.solved,Idle,2
5215,206421.3667,42.2141,camp.winter.high.solved,Idle,2
5216,206431.7764,10.4097,camp.winter.high.solved,Idle,2
5217,206466.3132,34.5367,camp.winter.high.solved,Idle,2
5218,206500.2355,33.9224,camp.winter.high.solved,Idle,2
5219,206534.1655,33.9301,camp.winter.high.solved,Idle,2
5220,206568.5623,34.3967,camp.winter.high.solved,Idle,2
5221,206606.4696,37.9074,camp.winter.high.solved,Idle,2
5222,206640.0938,33.6241,camp.winter.high.solved,Idle,2
5223,206679.1519,39.0581,camp.winter.high.solved,Idle,2
5224,206736.0379,56.8861,camp.winter.high.solved,Idle,2
5225,206750.6022,14.5642,camp.winter.high.solved,Idle,2
5226,206813.6493,63.0471,camp.winter.high.solved,Idle,2
5227,206863.3772,49.728,camp.winter.high.solved,Idle,2
5228,206874.0507,10.6735,camp.winter.high.solved,Idle,2
5229,206946.6869,72.6361,camp.winter.high.solved,Idle,2
5230,206959.8929,13.2059,camp.winter.high.solved,Idle,2
5231,207001.7554,41.8625,camp.winter.high.solved,Idle,2
5232,207040.9732,39.2178,camp.winter.high.solved,Idle,2
5233,207078.7395,37.7664,camp.winter.high.solved,Idle,2
5234,207112.2526,33.5128,camp.winter.high.solved,Idle,2
5235,207146.6756,34.4233,camp.winter.high.solved,Idle,2
5236,207190.4932,43.8176,camp.winter.high.solved,Idle,2
5237,207230.2966,39.8034,camp.winter.high.solved,Idle,2
5238,207268.486,38.1894,camp.winter.high.solved,Idle,2
5239,207316.4156,47.9295,camp.winter.high.solved,Idle,2
5240,207350.7551,34.3395,camp.winter.high.solved,Idle,2
5241,207407.399,56.644,camp.winter.high.solved,Idle,2
5242,207423.6915,16.2924,camp.winter.high.solved,Idle,2
5243,207470.7292,47.0378,camp.winter.high.solved,Idle,2
5244,207508.0753,37.3461,camp.winter.high.solved,Idle,2
5245,207553.448,45.3728,camp.winter.high.solved,Idle,2
5246,207590.1031,36.655,camp.winter.high.solved,Idle,2
5247,207634.8164,44.7133,camp.winter.high.solved,Idle,2
5248,207668.912,34.0956,camp.winter.high.solved,Idle,2
5249,207706.5388,37.6268,camp.winter.high.solved,Idle,2
5250,207740.4534,33.9146,camp.winter.high.solved,Idle,2
5251,207774.4944,34.0409,camp.winter.high.solved,Idle,2
5252,207812.4089,37.9144,camp.winter.high.solved,Idle,2
5253,207851.4001,38.9913,camp.winter.high.solved,Idle,2
5254,207914.9726,63.5725,camp.winter.high.solved,Idle,2
5255,207933.0441,18.0715,camp.winter.high.solved,Idle,2
5256,207974.5178,41.4738,camp.winter.high.solved,Idle,2
5257,208016.8076,42.2898,camp.winter.high.solved,Idle,2
5258,208050.7612,33.9535,camp.winter.high.solved,Idle,2
5259,208085.0146,34.2535,camp.winter.high.solved,Idle,2
5260,208119.2277,34.2131,camp.winter.high.solved,Idle,2
5261,208156.595,37.3674,camp.winter.high.solved,Idle,2
5262,208190.0337,33.4387,camp.winter.high.solved,Idle,2
5263,208224.4589,34.4251,camp.winter.high.solved,Idle,2
5264,208261.7811,37.3222,camp.winter.high.solved,Idle,2
5265,208296.6839,34.9028,camp.winter.high.solved,Idle,2
5266,208334.5163,37.8324,camp.winter.high.solved,Idle,2
5267,208368.0257,33.5093,camp.winter.high.solved,Idle,2
5268,208401.0643,33.0387,camp.winter.high.solved,Idle,2
5269,208454.1274,53.0631,camp.winter.high.solved,Idle,2
5270,208472.4693,18.3418,camp.winter.high.solved,Idle,2
5271,208506.0534,33.5842,camp.winter.high.solved,Idle,2
5272,208539.6768,33.6234,camp.winter.high.solved,Idle,2
5273,208573.7167,34.0399,camp.winter.high.solved,Idle,2
5274,208607.8465,34.1298,camp.winter.high.solved,Idle,2
5275,208645.0211,37.1746,camp.winter.high.solved,Idle,2
5276,208680.1918,35.1706,camp.winter.high.solved,Idle,2
5277,208717.5356,37.3439,camp.winter.high.solved,Idle,2
5278,208751.3635,33.828,camp.winter.high.solved,Idle,2
5279,208785.8907,34.5271,camp.winter.high.solved,Idle,2
5280,208822.4083,36.5176,camp.winter.high.solved,Idle,2
5281,208856.0346,33.6263,camp.winter.high.solved,Idle,2
5282,208889.731,33.6962,camp.winter.high.solved,Idle,2
5283,208923.8605,34.1296,camp.winter.high.solved,Idle,2
5284,208958.0356,34.1751,camp.winter.high.solved,Idle,2
5285,209004.5632,46.5277,camp.winter.high.solved,Idle,2
5286,209052.5693,48.0061,camp.winter.high.solved,Idle,2
5287,209082.5219,29.9526,camp.winter.high.solved,Idle,2
5288,209106.5018,23.9799,camp.winter.high.solved,Idle,2
5289,209140.5615,34.0597,camp.winter.high.solved,Idle,2
5290,209178.2462,37.6846,camp.winter.high.solved,Idle,2
5291,209216.2862,38.04,camp.winter.high.solved,Idle,2
5292,209250.0756,33.7894,camp.winter.high.solved,Idle,2
5293,209284.0306,33.9551,camp.winter.high.solved,Idle,2
5294,209318.9325,34.9019,camp.winter.high.solved,Idle,2
5295,209356.018,37.0855,camp.winter.high.solved,Idle,2
5296,209389.4298,33.4117,camp.winter.high.solved,Idle,2
5297,209423.6449,34.2151,camp.winter.high.solved,Idle,2
5298,209457.5794,33.9346,camp.winter.high.solved,Idle,2
5299,209510.4068,52.8275,camp.winter.high.solved,Idle,2
5300,209528.1476,17.7404,camp.winter.high.solved,Idle,2
5301,209585.2761,57.1288,camp.winter.high.solved,Idle,2
5302,209601.0537,15.7776,camp.winter.high.solved,Idle,2
5303,209635.3365,34.2828,camp.winter.high.solved,Idle,2
5304,209676.4866,41.1501,camp.winter.high.solved,Idle,2
5305,209714.4032,37.9166,camp.winter.high.solved,Idle,2
5306,209740.9525,26.5492,camp.winter.high.solved,Idle,2
5307,209778.9625,38.01,camp.winter.high.solved,Idle,2
5308,209816.6186,37.6563,camp.winter.high.solved,Idle,2
5309,209870.5028,53.8841,camp.winter.high.solved,Idle,2
5310,209884.6127,14.1099,camp.winter.high.solved,Idle,2
5311,209922.1844,37.5716,camp.winter.high.solved,Idle,2
5312,209955.727,33.5427,camp.winter.high.solved,Idle,2
5313,209989.4002,33.6731,camp.winter.high.solved,Idle,2
5314,210023.4541,34.0538,camp.winter.high.solved,Idle,2
5315,210056.8205,33.3666,camp.winter.high.solved,Idle,2
5316,210090.8276,34.007,camp.winter.high.solved,Idle,2
5317,210137.5147,46.6872,camp.winter.high.solved,Idle,2
5318,210166.1949,28.6802,camp.winter.high.solved,Idle,2
5319,210200.4118,34.2168,camp.winter.high.solved,Idle,2
5320,210233.7204,33.3088,camp.winter.high.solved,Idle,2
5321,210267.1921,33.4716,camp.winter.high.solved,Idle,2
5322,210301.7849,34.5928,camp.winter.high.solved,Idle,2
5323,210338.855,37.0701,camp.winter.high.solved,Idle,2
5324,210372.7264,33.8714,camp.winter.high.solved,Idle,2
5325,210406.2718,33.5454,camp.winter.high.solved,Idle,2
5326,210440.5228,34.251,camp.winter.high.solved,Idle,2
5327,210474.0982,33.5754,camp.winter.high.solved,Idle,2
5328,210509.0652,34.9671,camp.winter.high.solved,Idle,2
5329,210548.2081,39.1427,camp.winter.high.solved,Idle,2
5330,210586.2247,38.0167,camp.winter.high.solved,Idle,2
5331,210617.4867,31.2619,camp.winter.high.solved,Idle,2
5332,210674.9054,57.4189,camp.winter.high.solved,Idle,2
5333,210690.2219,15.3164,camp.winter.high.solved,Idle,2
5334,210735.0436,44.8215,camp.winter.high.solved,Idle,2
5335,210773.8334,38.79,camp.winter.high.solved,Idle,2
5336,210807.5169,33.6835,camp.winter.high.solved,Idle,2
5337,210842.0289,34.5121,camp.winter.high.solved,Idle,2
5338,210879.6791,37.6501,camp.winter.high.solved,Idle,2
5339,210957.8019,78.1227,camp.winter.high.solved,Idle,2
5340,211018.1521,60.3503,camp.winter.high.solved,Idle,2
5341,211052.2386,34.0865,camp.winter.high.solved,Idle,2
5342,211062.1572,9.9186,camp.winter.high.solved,Idle,2
5343,211110.6917,48.5345,camp.winter.high.solved,Idle,2
5344,211149.9666,39.2748,camp.winter.high.solved,Idle,2
5345,211168.6879,18.7212,camp.winter.high.solved,Idle,2
5346,211213.2667,44.579,camp.winter.high.solved,Idle,2
5347,211251.6021,38.3353,camp.winter.high.solved,Idle,2
5348,211296.4616,44.8595,camp.winter.high.solved,Idle,2
5349,211333.0365,36.575,camp.winter.high.solved,Idle,2
5350,211367.3399,34.3034,camp.winter.high.solved,Idle,2
5351,211400.7097,33.3698,camp.winter.high.solved,Idle,2
5352,211435.1579,34.4482,camp.winter.high.solved,Idle,2
5353,211472.8521,37.6942,camp.winter.high.solved,Idle,2
5354,211525.5042,52.6521,camp.winter.high.solved,Idle,2
5355,211540.0427,14.5385,camp.winter.high.solved,Idle,2
5356,211574.0628,34.0201,camp.winter.high.solved,Idle,2
5357,211611.509,37.4461,camp.winter.high.solved,Idle,2
5358,211668.5755,57.0666,camp.winter.high.solved,Idle,2
5359,211684.3572,15.7817,camp.winter.high.solved,Idle,2
5360,211718.3641,34.0069,camp.winter.high.solved,Idle,2
5361,211755.3659,37.0017,camp.winter.high.solved,Idle,2
5362,211789.5796,34.2135,camp.winter.high.solved,Idle,2
5363,211823.3092,33.73,camp.winter.high.solved,Idle,2
5364,211857.1098,33.8005,camp.winter.high.solved,Idle,2
5365,211895.3509,38.241,camp.winter.high.solved,Idle,2
5366,211932.8371,37.4862,camp.winter.high.solved,Idle,2
5367,211967.1632,34.3262,camp.winter.high.solved,Idle,2
5368,212001.8445,34.6813,camp.winter.high.solved,Idle,2
5369,212035.7706,33.9261,camp.winter.high.solved,Idle,2
5370,212072.5594,36.7888,camp.winter.high.solved,Idle,2
5371,212106.3008,33.7412,camp.winter.high.solved,Idle,2
5372,212140.2258,33.9252,camp.winter.high.solved,Idle,2
5373,212176.295,36.069,route.high.to-late-haven,Covering,2
5374,212243.7751,67.4801,route.high.to-late-haven,Covering,2
5375,212274.2906,30.5157,route.high.to-late-haven,Covering,2
5376,212317.3459,43.0553,route.high.to-late-haven,Covering,2
5377,212370.4658,53.1199,route.high.to-late-haven,Covering,2
5378,212395.2506,24.7848,route.high.to-late-haven,Covering,2
5379,212426.7549,31.5042,route.high.to-late-haven,Covering,2
5380,212460.5472,33.7923,route.high.to-late-haven,Covering,2
5381,212504.5318,43.9846,route.high.to-late-haven,Covering,2
5382,212541.2495,36.7177,route.high.to-late-haven,Covering,2
5383,212583.9025,42.6531,route.high.to-late-haven,Covering,2
5384,212642.2076,58.3052,route.high.to-late-haven,Covering,2
5385,212662.5337,20.326,route.high.to-late-haven,Covering,2
5386,212726.2338,63.7,route.high.to-late-haven,Covering,2
5387,212762.8869,36.6532,route.high.to-late-haven,Covering,2
5388,212783.1587,20.2718,route.high.to-late-haven,Covering,2
5389,212822.7063,39.5475,route.high.to-late-haven,Covering,2
5390,212858.2797,35.5735,route.high.to-late-haven,Covering,2
5391,212901.666,43.3863,route.high.to-late-haven,Covering,2
5392,212941.0021,39.3358,route.high.to-late-haven,Covering,2
5393,212985.3312,44.3294,route.high.to-late-haven,Covering,2
5394,213026.7651,41.4338,route.high.to-late-haven,Covering,2
5395,213077.7595,50.9944,route.high.to-late-haven,Covering,2
5396,213127.2731,49.5135,route.high.to-late-haven,Covering,2
5397,213177.463,50.1901,route.high.to-late-haven,Covering,2
5398,213228.2482,50.785,route.high.to-late-haven,Covering,2
5399,213284.178,55.93,route.high.to-late-haven,Covering,2
5400,213330.2618,46.0837,route.high.to-late-haven,Covering,2
5401,213387.4211,57.1593,route.high.to-late-haven,Covering,2
5402,213428.5031,41.0819,route.high.to-late-haven,Covering,2
5403,213470.6684,42.1655,route.high.to-late-haven,Covering,2
5404,213509.0382,38.3695,route.high.to-late-haven,Covering,2
5405,213544.763,35.7243,route.high.to-late-haven,Covering,2
5406,213592.0093,47.2471,route.high.to-late-haven,Covering,2
5407,213640.5015,48.4922,route.high.to-late-haven,Covering,2
5408,213691.3997,50.8982,route.high.to-late-haven,Covering,2
5409,213732.6411,41.2413,route.high.to-late-haven,Covering,2
5410,213770.3593,37.7182,route.high.to-late-haven,CoveredLoading,2
5411,213793.9356,23.576,route.high.to-late-haven,CoveredLoading,2
5412,213893.2686,99.3334,route.high.to-late-haven,CoveredLoading,2
5413,214089.7106,196.4416,route.high.to-late-haven,CoveredLoading,2
5414,214135.9059,46.1956,route.high.to-late-haven,CoveredLoading,2
5415,214221.0515,85.1457,route.high.to-late-haven,CoveredLoading,2
5416,214236.1391,15.0876,route.high.to-late-haven,CoveredLoading,2
5417,214312.4465,76.3073,route.high.to-late-haven,CoveredLoading,2
5418,214336.6159,24.1695,route.high.to-late-haven,CoveredLoading,2
5419,214376.2865,39.6706,route.high.to-late-haven,CoveredLoading,2
5420,214458.5841,82.2975,route.high.to-late-haven,CoveredLoading,2
5421,214486.1355,27.5515,route.high.to-late-haven,CoveredLoading,2
5422,214511.5247,25.3892,route.high.to-late-haven,CoveredLoading,2
5423,214544.7435,33.2188,route.high.to-late-haven,CoveredLoading,2
5424,214604.7322,59.9886,route.high.to-late-haven,CoveredLoading,2
5425,214629.1146,24.3823,route.high.to-late-haven,CoveredLoading,2
5426,214678.999,49.8845,route.high.to-late-haven,CoveredLoading,2
5427,214724.4384,45.4393,route.high.to-late-haven,CoveredLoading,2
5428,214796.494,72.0558,route.high.to-late-haven,CoveredLoading,2
5429,214819.9062,23.4122,route.high.to-late-haven,CoveredLoading,2
5430,214870.506,50.5998,route.high.to-late-haven,CoveredLoading,2
5431,214948.0862,77.5801,route.high.to-late-haven,CoveredLoading,2
5432,214982.7071,34.621,route.high.to-late-haven,CoveredLoading,2
5433,215010.3394,27.6322,route.high.to-late-haven,CoveredLoading,2
5434,215062.2382,51.8989,route.high.to-late-haven,CoveredLoading,2
5435,215115.8113,53.5731,route.high.to-late-haven,CoveredLoading,2
5436,215177.7213,61.9098,route.high.to-late-haven,CoveredLoading,2
5437,215214.3682,36.647,route.high.to-late-haven,Preparing,2
5438,215264.2092,49.8411,route.high.to-late-haven,Preparing,2
5439,215331.7122,67.503,route.high.to-late-haven,Preparing,2
5440,215379.814,48.1018,route.high.to-late-haven,Preparing,2
5441,215412.0221,32.208,route.high.to-late-haven,Preparing,2
5442,215465.3443,53.3223,route.high.to-late-haven,Preparing,2
5443,215515.9586,50.6143,route.high.to-late-haven,Revealing,2
5444,215598.8061,82.8475,route.high.to-late-haven,Revealing,2
5445,215653.4199,54.6138,route.high.to-late-haven,Revealing,2
5446,215685.865,32.4451,route.high.to-late-haven,Revealing,2
5447,215751.7289,65.8639,route.high.to-late-haven,Revealing,2
5448,215775.2368,23.5078,route.high.to-late-haven,Revealing,2
5449,215828.6334,53.3966,route.high.to-late-haven,Revealing,2
5450,215882.8495,54.2161,route.high.to-late-haven,Revealing,2
5451,215926.8024,43.953,route.high.to-late-haven,Revealing,2
5452,216013.3431,86.5407,route.high.to-late-haven,Revealing,2
5453,216032.8998,19.5567,route.high.to-late-haven,Revealing,2
5454,216077.4786,44.5788,route.high.to-late-haven,Revealing,2
5455,216139.4308,61.9522,route.high.to-late-haven,Revealing,2
5456,216193.1366,53.7058,route.high.to-late-haven,Revealing,2
5457,216230.8535,37.7169,route.high.to-late-haven,Revealing,2
5458,216276.1267,45.2731,route.high.to-late-haven,Revealing,2
5459,216340.3614,64.2348,route.high.to-late-haven,Revealing,2
5460,216370.8044,30.4429,route.high.to-late-haven,Revealing,2
5461,216390.2892,19.4848,route.high.to-late-haven,Revealing,2
5462,216438.2716,47.9826,route.high.to-late-haven,Revealing,2
5463,216506.3805,68.1089,route.high.to-late-haven,Revealing,2
5464,216553.0344,46.6538,route.high.to-late-haven,Revealing,2
5465,216574.5236,21.4892,route.high.to-late-haven,Revealing,2
5466,216618.9888,44.4651,route.high.to-late-haven,Revealing,2
5467,216663.5657,44.577,route.high.to-late-haven,Revealing,2
5468,216722.585,59.0193,route.high.to-late-haven,Revealing,2
5469,216763.7492,41.1642,route.high.to-late-haven,Revealing,2
5470,216804.8846,41.1354,route.high.to-late-haven,Revealing,2
5471,216859.7795,54.8949,route.high.to-late-haven,Revealing,2
5472,216904.7318,44.9523,route.high.to-late-haven,Revealing,2
5473,216971.0444,66.3125,route.high.to-late-haven,Idle,2
5474,217125.5216,154.4772,audit.snapshot.route.high.to-late-haven.ready,Idle,2
5475,217156.0613,30.5397,audit.snapshot.route.high.to-late-haven.ready,Idle,2
5476,217199.6226,43.5613,audit.snapshot.route.high.to-late-haven.ready,Idle,2
5477,217239.7066,40.0841,audit.snapshot.route.high.to-late-haven.ready,Idle,2
5478,217280.2435,40.5368,audit.snapshot.route.high.to-late-haven.ready,Idle,2
5479,217337.8231,57.5796,audit.snapshot.route.high.to-late-haven.ready,Idle,2
5480,217377.652,39.8289,audit.snapshot.route.high.to-late-haven.ready,Idle,2
5481,217416.7172,39.0652,audit.snapshot.route.high.to-late-haven.ready,Idle,2
5482,217449.7688,33.0517,audit.snapshot.route.high.to-late-haven.ready,Idle,2
5483,217492.4489,42.68,audit.snapshot.route.high.to-late-haven.ready,Idle,2
5484,217535.2006,42.7517,audit.snapshot.route.high.to-late-haven.ready,Idle,2
5485,217578.6091,43.4083,audit.snapshot.route.high.to-late-haven.ready,Idle,2
5486,217618.8944,40.2855,audit.snapshot.route.high.to-late-haven.ready,Idle,2
5487,217660.664,41.7697,audit.snapshot.route.high.to-late-haven.ready,Idle,2
5488,217713.1697,52.5056,audit.snapshot.route.high.to-late-haven.ready,Idle,2
5489,217754.6691,41.4995,audit.snapshot.route.high.to-late-haven.ready,Idle,2
5490,217790.8012,36.1318,audit.snapshot.route.high.to-late-haven.ready,Idle,2
5491,217830.3517,39.5508,audit.snapshot.route.high.to-late-haven.ready,Idle,2
5492,217872.5295,42.1778,audit.snapshot.route.high.to-late-haven.ready,Idle,2
5493,217916.986,44.4564,audit.snapshot.route.high.to-late-haven.ready,Idle,2
5494,217971.3205,54.3345,audit.snapshot.route.high.to-late-haven.ready,Idle,2
5495,218004.7406,33.42,audit.snapshot.route.high.to-late-haven.ready,Idle,2
5496,218056.511,51.7705,audit.snapshot.route.high.to-late-haven.ready,Idle,2
5497,218121.0329,64.5219,audit.snapshot.route.high.to-late-haven.ready,Idle,2
5498,218138.2235,17.1907,audit.snapshot.route.high.to-late-haven.ready,Idle,2
5499,218178.0981,39.8745,audit.snapshot.route.high.to-late-haven.ready,Idle,2
5500,218218.5959,40.4979,audit.snapshot.route.high.to-late-haven.ready,Idle,2
5501,218258.55,39.9541,audit.snapshot.route.high.to-late-haven.ready,Idle,2
5502,218315.7472,57.1972,audit.snapshot.route.high.to-late-haven.ready,Idle,2
5503,218344.4372,28.69,audit.snapshot.route.high.to-late-haven.ready,Idle,2
5504,218410.809,66.3715,audit.snapshot.route.high.to-late-haven.ready,Idle,2
5505,218437.8662,27.0575,audit.snapshot.route.high.to-late-haven.ready,Idle,2
5506,218474.1509,36.2847,audit.snapshot.route.high.to-late-haven.ready,Idle,2
5507,218513.9114,39.7604,audit.snapshot.route.high.to-late-haven.ready,Idle,2
5508,218554.7937,40.8824,audit.snapshot.route.high.to-late-haven.ready,Idle,2
5509,218596.6657,41.8719,audit.snapshot.route.high.to-late-haven.ready,Idle,2
5510,218653.0449,56.3792,audit.snapshot.route.high.to-late-haven.ready,Idle,2
5511,218712.2707,59.2259,audit.snapshot.route.high.to-late-haven.ready,Idle,2
5512,218738.484,26.2133,audit.snapshot.route.high.to-late-haven.ready,Idle,2
5513,218785.477,46.993,audit.snapshot.route.high.to-late-haven.ready,Idle,2
5514,218818.8059,33.3288,audit.snapshot.route.high.to-late-haven.ready,Idle,2
5515,218860.4735,41.6677,audit.snapshot.route.high.to-late-haven.ready,Idle,2
5516,218901.0419,40.5684,audit.snapshot.route.high.to-late-haven.ready,Idle,2
5517,218939.0352,37.9931,audit.snapshot.route.high.to-late-haven.ready,Idle,2
5518,219002.1028,63.0678,audit.snapshot.route.high.to-late-haven.ready,Idle,2
5519,219018.1114,16.0086,camp.late-haven.high.solved,Idle,2
5520,219071.1828,53.0712,camp.late-haven.high.solved,Idle,2
5521,219119.2524,48.0698,camp.late-haven.high.solved,Idle,2
5522,219155.042,35.7895,camp.late-haven.high.solved,Idle,2
5523,219204.1571,49.1149,camp.late-haven.high.solved,Idle,2
5524,219246.593,42.4362,camp.late-haven.high.solved,Idle,2
5525,219307.6854,61.0924,camp.late-haven.high.solved,Idle,2
5526,219323.7382,16.0527,camp.late-haven.high.solved,Idle,2
5527,219363.741,40.0029,camp.late-haven.high.solved,Idle,2
5528,219405.2675,41.5261,camp.late-haven.high.solved,Idle,2
5529,219450.3835,45.1163,camp.late-haven.high.solved,Idle,2
5530,219483.9374,33.5539,camp.late-haven.high.solved,Idle,2
5531,219517.724,33.7865,camp.late-haven.high.solved,Idle,2
5532,219569.851,52.1272,camp.late-haven.high.solved,Idle,2
5533,219616.1572,46.3062,camp.late-haven.high.solved,Idle,2
5534,219629.674,13.5168,camp.late-haven.high.solved,Idle,2
5535,219673.7981,44.124,camp.late-haven.high.solved,Idle,2
5536,219721.8013,48.0032,camp.late-haven.high.solved,Idle,2
5537,219769.5763,47.7751,camp.late-haven.high.solved,Idle,2
5538,219805.2288,35.6525,camp.late-haven.high.solved,Idle,2
5539,219841.4434,36.2146,camp.late-haven.high.solved,Idle,2
5540,219883.7456,42.3022,camp.late-haven.high.solved,Idle,2
5541,219948.8187,65.0731,camp.late-haven.high.solved,Idle,2
5542,219966.4397,17.621,camp.late-haven.high.solved,Idle,2
5543,220007.3635,40.9237,camp.late-haven.high.solved,Idle,2
5544,220046.8074,39.4439,camp.late-haven.high.solved,Idle,2
5545,220090.5967,43.7893,camp.late-haven.high.solved,Idle,2
5546,220158.62,68.0233,camp.late-haven.high.solved,Idle,2
5547,220213.5974,54.9774,camp.late-haven.high.solved,Idle,2
5548,220224.4177,10.8203,camp.late-haven.high.solved,Idle,2
5549,220261.848,37.4304,camp.late-haven.high.solved,Idle,2
5550,220301.8504,40.0024,camp.late-haven.high.solved,Idle,2
5551,220345.331,43.4806,camp.late-haven.high.solved,Idle,2
5552,220392.065,46.734,camp.late-haven.high.solved,Idle,2
5553,220452.4576,60.3926,camp.late-haven.high.solved,Idle,2
5554,220467.6937,15.2361,camp.late-haven.high.solved,Idle,2
5555,220535.3563,67.6626,camp.late-haven.high.solved,Idle,2
5556,220551.3187,15.9624,camp.late-haven.high.solved,Idle,2
5557,220589.5925,38.2736,camp.late-haven.high.solved,Idle,2
5558,220634.1658,44.5734,camp.late-haven.high.solved,Idle,2
5559,220702.1469,67.9812,camp.late-haven.high.solved,Idle,2
5560,220735.5568,33.4098,camp.late-haven.high.solved,Idle,2
5561,220763.2252,27.6685,camp.late-haven.high.solved,Idle,2
5562,220830.9334,67.7082,camp.late-haven.high.solved,Idle,2
5563,220846.6355,15.702,camp.late-haven.high.solved,Idle,2
5564,220890.4726,43.8372,camp.late-haven.high.solved,Idle,2
5565,220930.4937,40.0211,camp.late-haven.high.solved,Idle,2
5566,220997.7395,67.2458,camp.late-haven.high.solved,Idle,2
5567,221042.2344,44.4948,camp.late-haven.high.solved,Idle,2
5568,221056.6308,14.3964,camp.late-haven.high.solved,Idle,2
5569,221121.0845,64.4538,camp.late-haven.high.solved,Idle,2
5570,221140.3789,19.2943,camp.late-haven.high.solved,Idle,2
5571,221183.332,42.9532,camp.late-haven.high.solved,Idle,2
5572,221224.2524,40.9203,camp.late-haven.high.solved,Idle,2
5573,221263.6974,39.445,camp.late-haven.high.solved,Idle,2
5574,221307.0471,43.3498,camp.late-haven.high.solved,Idle,2
5575,221346.5945,39.5473,camp.late-haven.high.solved,Idle,2
5576,221419.0358,72.4414,camp.late-haven.high.solved,Idle,2
5577,221435.1825,16.1465,camp.late-haven.high.solved,Idle,2
5578,221478.8904,43.708,camp.late-haven.high.solved,Idle,2
5579,221518.0475,39.1571,camp.late-haven.high.solved,Idle,2
5580,221585.7272,67.6798,camp.late-haven.high.solved,Idle,2
5581,221630.304,44.5769,camp.late-haven.high.solved,Idle,2
5582,221644.9956,14.6915,camp.late-haven.high.solved,Idle,2
5583,221710.7926,65.7969,camp.late-haven.high.solved,Idle,2
5584,221728.3281,17.5356,camp.late-haven.high.solved,Idle,2
5585,221762.2876,33.9595,camp.late-haven.high.solved,Idle,2
5586,221801.962,39.6744,camp.late-haven.high.solved,Idle,2
5587,221871.3048,69.3427,camp.late-haven.high.solved,Idle,2
5588,221887.2296,15.9247,camp.late-haven.high.solved,Idle,2
5589,221923.1205,35.891,camp.late-haven.high.solved,Idle,2
5590,221970.8577,47.7372,camp.late-haven.high.solved,Idle,2
5591,222019.8663,49.0086,camp.late-haven.high.solved,Idle,2
5592,222067.5193,47.6531,camp.late-haven.high.solved,Idle,2
5593,222078.5442,11.0249,camp.late-haven.high.solved,Idle,2
5594,222116.4523,37.9082,camp.late-haven.high.solved,Idle,2
5595,222157.3587,40.9063,camp.late-haven.high.solved,Idle,2
5596,222220.6344,63.2757,camp.late-haven.high.solved,Idle,2
5597,222264.6974,44.063,camp.late-haven.high.solved,Idle,2
5598,222303.9368,39.2394,camp.late-haven.high.solved,Idle,2
5599,222323.3882,19.4514,camp.late-haven.high.solved,Idle,2
5600,222360.7008,37.3126,camp.late-haven.high.solved,Idle,2
5601,222407.0293,46.3283,camp.late-haven.high.solved,Idle,2
5602,222471.3533,64.3239,camp.late-haven.high.solved,Idle,2
5603,222490.052,18.6987,camp.late-haven.high.solved,Idle,2
5604,222555.8549,65.8024,camp.late-haven.high.solved,Idle,2
5605,222598.5377,42.6835,camp.late-haven.high.solved,Idle,2
5606,222616.4156,17.878,camp.late-haven.high.solved,Idle,2
5607,222657.2319,40.8161,camp.late-haven.high.solved,Idle,2
5608,222697.274,40.0423,camp.late-haven.high.solved,Idle,2
5609,222768.4465,71.1724,camp.late-haven.high.solved,Idle,2
5610,222808.5851,40.1387,camp.late-haven.high.solved,Idle,2
5611,222851.5523,42.9672,camp.late-haven.high.solved,Idle,2
5612,222867.9537,16.4014,camp.late-haven.high.solved,Idle,2
5613,222906.4802,38.5265,camp.late-haven.high.solved,Idle,2
5614,222950.8954,44.4152,camp.late-haven.high.solved,Idle,2
5615,222992.0265,41.1311,camp.late-haven.high.solved,Idle,2
5616,223034.4129,42.3864,camp.late-haven.high.solved,Idle,2
5617,223102.1005,67.6876,camp.late-haven.high.solved,Idle,2
5618,223150.4391,48.3386,camp.late-haven.high.solved,Idle,2
5619,223162.501,12.0618,camp.late-haven.high.solved,Idle,2
5620,223219.5662,57.0652,camp.late-haven.high.solved,Idle,2
5621,223250.75,31.1839,camp.late-haven.high.solved,Idle,2
5622,223291.1632,40.4129,camp.late-haven.high.solved,Idle,2
5623,223333.9647,42.8017,camp.late-haven.high.solved,Idle,2
5624,223374.2365,40.2718,camp.late-haven.high.solved,Idle,2
5625,223416.7344,42.498,camp.late-haven.high.solved,Idle,2
5626,223457.2301,40.4956,camp.late-haven.high.solved,Idle,2
5627,223521.9349,64.7047,camp.late-haven.high.solved,Idle,2
5628,223552.096,30.1613,camp.late-haven.high.solved,Idle,2
5629,223589.6888,37.5926,camp.late-haven.high.solved,Idle,2
5630,223629.7854,40.0969,camp.late-haven.high.solved,Idle,2
5631,223700.2373,70.4518,camp.late-haven.high.solved,Idle,2
5632,223716.2959,16.0587,camp.late-haven.high.solved,Idle,2
5633,223757.2355,40.9394,camp.late-haven.high.solved,Idle,2
5634,223820.6755,63.44,camp.late-haven.high.solved,Idle,2
5635,223840.369,19.6936,camp.late-haven.high.solved,Idle,2
5636,223883.4261,43.0571,camp.late-haven.high.solved,Idle,2
5637,223923.7556,40.3292,camp.late-haven.high.solved,Idle,2
5638,223987.8462,64.0909,camp.late-haven.high.solved,Idle,2
5639,224007.1516,19.3053,camp.late-haven.high.solved,Idle,2
5640,224050.1703,43.0188,camp.late-haven.high.solved,Idle,2
5641,224115.4446,65.2741,camp.late-haven.high.solved,Idle,2
5642,224133.0896,17.6452,camp.late-haven.high.solved,Idle,2
5643,224173.471,40.3812,camp.late-haven.high.solved,Idle,2
5644,224222.7727,49.3015,camp.late-haven.high.solved,Idle,2
5645,224281.6278,58.8555,camp.late-haven.high.solved,Idle,2
5646,224300.1094,18.4816,camp.late-haven.high.solved,Idle,2
5647,224340.5773,40.4676,camp.late-haven.high.solved,Idle,2
5648,224404.4731,63.8959,camp.late-haven.high.solved,Idle,2
5649,224423.8631,19.39,camp.late-haven.high.solved,Idle,2
5650,224466.6615,42.7986,camp.late-haven.high.solved,Idle,2
5651,224507.2373,40.5757,camp.late-haven.high.solved,Idle,2
5652,224571.1723,63.9351,camp.late-haven.high.solved,Idle,2
5653,224590.7292,19.5565,camp.late-haven.high.solved,Idle,2
5654,224633.1823,42.4535,camp.late-haven.high.solved,Idle,2
5655,224699.2944,66.1118,camp.late-haven.high.solved,Idle,2
5656,224716.4083,17.1143,camp.late-haven.high.solved,Idle,2
5657,224757.1913,40.7827,camp.late-haven.high.solved,Idle,2
5658,224799.807,42.6159,camp.late-haven.high.solved,Idle,2
5659,224867.6531,67.8461,camp.late-haven.high.solved,Idle,2
5660,224893.4893,25.8361,camp.late-haven.high.solved,Idle,2
5661,224924.739,31.2497,camp.late-haven.high.solved,Idle,2
5662,224992.0774,67.3384,camp.late-haven.high.solved,Idle,2
5663,225008.2725,16.1951,camp.late-haven.high.solved,Idle,2
5664,225050.7933,42.5208,camp.late-haven.high.solved,Idle,2
5665,225089.724,38.9307,camp.late-haven.high.solved,Idle,2
5666,225132.266,42.5419,camp.late-haven.high.solved,Idle,2
5667,225172.9709,40.7051,camp.late-haven.high.solved,Idle,2
5668,225217.9956,45.0247,camp.late-haven.high.solved,Idle,2
5669,225285.6187,67.623,camp.late-haven.high.solved,Idle,2
5670,225301.6753,16.0567,camp.late-haven.high.solved,Idle,2
5671,225343.4734,41.798,camp.late-haven.high.solved,Idle,2
5672,225384.9041,41.4308,camp.late-haven.high.solved,Idle,2
5673,225452.7691,67.8649,camp.late-haven.high.solved,Idle,2
5674,225468.4927,15.7238,camp.late-haven.high.solved,Idle,2
5675,225507.0309,38.538,camp.late-haven.high.solved,Idle,2
5676,225562.7075,55.6766,camp.late-haven.high.solved,Idle,2
5677,225581.9909,19.2835,camp.late-haven.high.solved,Idle,2
5678,225624.8835,42.8926,camp.late-haven.high.solved,Idle,2
5679,225667.6453,42.7618,camp.late-haven.high.solved,Idle,2
5680,225735.1087,67.4634,camp.late-haven.high.solved,Idle,2
5681,225751.4605,16.3518,camp.late-haven.high.solved,Idle,2
5682,225791.2589,39.7984,camp.late-haven.high.solved,Idle,2
5683,225857.9849,66.726,camp.late-haven.high.solved,Idle,2
5684,225887.9986,30.0137,camp.late-haven.high.solved,Idle,2
5685,225917.6823,29.6837,camp.late-haven.high.solved,Idle,2
5686,225958.0921,40.4098,camp.late-haven.high.solved,Idle,2
5687,226024.9938,66.9017,camp.late-haven.high.solved,Idle,2
5688,226044.7085,19.7147,camp.late-haven.high.solved,Idle,2
5689,226091.2463,46.5378,camp.late-haven.high.solved,Idle,2
5690,226128.8052,37.5588,camp.late-haven.high.solved,Idle,2
5691,226173.0034,44.1982,camp.late-haven.high.solved,Idle,2
5692,226187.5195,14.5162,camp.late-haven.high.solved,Idle,2
5693,226223.4915,35.972,camp.late-haven.high.solved,Idle,2
5694,226291.5433,68.0518,camp.late-haven.high.solved,Idle,2
5695,226307.0296,15.4863,camp.late-haven.high.solved,Idle,2
5696,226349.926,42.8963,camp.late-haven.high.solved,Idle,2
5697,226414.7565,64.8306,camp.late-haven.high.solved,Idle,2
5698,226430.3246,15.5681,camp.late-haven.high.solved,Idle,2
5699,226476.5388,46.2141,route.high.final-camp-menu,Covering,2
5700,226552.5693,76.0306,route.high.final-camp-menu,Covering,2
5701,226613.6419,61.0726,route.high.final-camp-menu,Covering,2
5702,226663.5157,49.8737,route.high.final-camp-menu,Covering,2
5703,226683.5123,19.9967,route.high.final-camp-menu,Covering,2
5704,226753.0143,69.502,route.high.final-camp-menu,Covering,2
5705,226777.1866,24.1723,route.high.final-camp-menu,Covering,2
5706,226832.3331,55.1466,route.high.final-camp-menu,Covering,2
5707,226874.4121,42.0787,route.high.final-camp-menu,Covering,2
5708,226927.5284,53.1165,route.high.final-camp-menu,Covering,2
5709,226972.3327,44.8043,route.high.final-camp-menu,Covering,2
5710,227023.4535,51.1207,route.high.final-camp-menu,Covering,2
5711,227094.3562,70.9028,route.high.final-camp-menu,Covering,2
5712,227116.5913,22.235,route.high.final-camp-menu,Covering,2
5713,227162.6675,46.0763,route.high.final-camp-menu,Covering,2
5714,227208.2213,45.5538,route.high.final-camp-menu,Covering,2
5715,227286.271,78.0498,route.high.final-camp-menu,Covering,2
5716,227310.0795,23.8083,route.high.final-camp-menu,Covering,2
5717,227380.706,70.6265,route.high.final-camp-menu,Covering,2
5718,227446.9318,66.2257,route.high.final-camp-menu,Covering,2
5719,227471.0454,24.1138,route.high.final-camp-menu,Covering,2
5720,227510.4135,39.368,route.high.final-camp-menu,Covering,2
5721,227561.8512,51.4375,route.high.final-camp-menu,Covering,2
5722,227596.0078,34.1565,route.high.final-camp-menu,Covering,2
5723,227643.2274,47.22,route.high.final-camp-menu,Covering,2
5724,227695.7156,52.4882,route.high.final-camp-menu,Covering,2
5725,227768.558,72.8424,route.high.final-camp-menu,Covering,2
5726,227794.2916,25.7335,route.high.final-camp-menu,Covering,2
5727,227849.6292,55.3377,route.high.final-camp-menu,Covering,2
5728,227894.014,44.3847,route.high.final-camp-menu,Covering,2
5729,227974.4133,80.3994,route.high.final-camp-menu,Covering,2
5730,227999.582,25.1686,route.high.final-camp-menu,Covering,2
5731,228042.7939,43.2119,route.high.final-camp-menu,Covering,2
5732,228095.1544,52.3604,route.high.final-camp-menu,CoveredLoading,2
5733,228121.2554,26.1012,route.high.final-camp-menu,CoveredLoading,2
5734,228202.0573,80.8019,route.high.final-camp-menu,CoveredLoading,2
5735,228469.4018,267.3443,route.high.final-camp-menu,CoveredLoading,2
5736,228489.7269,20.3252,route.high.final-camp-menu,CoveredLoading,2
5737,228522.227,32.5,route.high.final-camp-menu,CoveredLoading,2
5738,228547.5741,25.3473,route.high.final-camp-menu,CoveredLoading,2
5739,228602.6976,55.1235,route.high.final-camp-menu,CoveredLoading,2
5740,228679.2098,76.5122,route.high.final-camp-menu,CoveredLoading,2
5741,228704.5655,25.3556,route.high.final-camp-menu,CoveredLoading,2
5742,228762.5355,57.9701,route.high.final-camp-menu,CoveredLoading,2
5743,228782.5292,19.9936,route.high.final-camp-menu,CoveredLoading,2
5744,228826.8951,44.3659,route.high.final-camp-menu,CoveredLoading,2
5745,228894.8213,67.926,route.high.final-camp-menu,CoveredLoading,2
5746,228927.1882,32.3672,route.high.final-camp-menu,CoveredLoading,2
5747,228960.8125,33.6244,route.high.final-camp-menu,CoveredLoading,2
5748,229004.6214,43.8088,route.high.final-camp-menu,Preparing,2
5749,229050.6964,46.075,route.high.final-camp-menu,Preparing,2
5750,229077.5133,26.8168,route.high.final-camp-menu,Preparing,2
5751,229125.09,47.5768,route.high.final-camp-menu,Preparing,2
5752,229159.1776,34.0875,route.high.final-camp-menu,Preparing,2
5753,229194.2035,35.0258,route.high.final-camp-menu,Preparing,2
5754,229241.9577,47.7543,route.high.final-camp-menu,Preparing,2
5755,229285.7015,43.7439,route.high.final-camp-menu,Revealing,2
5756,229331.2757,45.5741,route.high.final-camp-menu,Revealing,2
5757,229386.4322,55.1566,route.high.final-camp-menu,Revealing,2
5758,229416.2694,29.8372,route.high.final-camp-menu,Revealing,2
5759,229450.2904,34.021,route.high.final-camp-menu,Revealing,2
5760,229487.6511,37.3607,route.high.final-camp-menu,Revealing,2
5761,229521.653,34.002,route.high.final-camp-menu,Revealing,2
5762,229568.7549,47.1019,route.high.final-camp-menu,Revealing,2
5763,229599.9357,31.1806,route.high.final-camp-menu,Revealing,2
5764,229633.8983,33.9628,route.high.final-camp-menu,Revealing,2
5765,229671.8621,37.9637,route.high.final-camp-menu,Revealing,2
5766,229706.2568,34.3947,route.high.final-camp-menu,Revealing,2
5767,229743.0741,36.8173,route.high.final-camp-menu,Revealing,2
5768,229789.4723,46.3982,route.high.final-camp-menu,Revealing,2
5769,229826.1085,36.6362,route.high.final-camp-menu,Revealing,2
5770,229872.4267,46.3182,route.high.final-camp-menu,Revealing,2
5771,229909.6376,37.2109,route.high.final-camp-menu,Revealing,2
5772,229943.3189,33.6808,route.high.final-camp-menu,Revealing,2
5773,229987.1979,43.8795,route.high.final-camp-menu,Revealing,2
5774,230031.5133,44.3154,route.high.final-camp-menu,Revealing,2
5775,230074.7761,43.2628,route.high.final-camp-menu,Revealing,2
5776,230113.9735,39.1974,route.high.final-camp-menu,Revealing,2
5777,230150.3097,36.336,route.high.final-camp-menu,Revealing,2
5778,230176.7334,26.4238,route.high.final-camp-menu,Revealing,2
5779,230204.5997,27.8663,route.high.final-camp-menu,Revealing,2
5780,230231.2211,26.6214,route.high.final-camp-menu,Revealing,2
5781,230265.9702,34.749,route.high.final-camp-menu,Revealing,2
5782,230305.1463,39.1761,route.high.final-camp-menu,Revealing,2
5783,230349.0501,43.904,route.high.final-camp-menu,Revealing,2
5784,230370.2198,21.1696,route.high.final-camp-menu,Revealing,2
5785,230413.964,43.7442,route.high.final-camp-menu,Revealing,2
5786,230470.1974,56.2334,route.high.final-camp-menu,Revealing,2
5787,230520.5458,50.3485,route.high.final-camp-menu,Revealing,2
5788,230552.1888,31.643,route.high.final-camp-menu,Revealing,2
5789,230607.7202,55.5314,route.high.final-camp-menu,Revealing,2
5790,230618.7951,11.0749,route.high.final-camp-menu,Revealing,2
5791,230655.7825,36.9873,route.high.final-camp-menu,Revealing,2
5792,230696.7468,40.9643,route.high.final-camp-menu,Idle,2
5793,230739.084,42.3373,audit.snapshot.route.high.final-camp-menu.ready,Idle,2
5794,230784.3745,45.2904,audit.snapshot.route.high.final-camp-menu.ready,Idle,2
5795,230847.0326,62.6582,audit.snapshot.route.high.final-camp-menu.ready,Idle,2
5796,230885.8997,38.8671,audit.snapshot.route.high.final-camp-menu.ready,Idle,2
5797,230899.4756,13.5759,audit.snapshot.route.high.final-camp-menu.ready,Idle,2
5798,230930.1389,30.6632,audit.snapshot.route.high.final-camp-menu.ready,Idle,2
5799,230993.6583,63.5191,audit.snapshot.route.high.final-camp-menu.ready,Idle,2
5800,231025.0428,31.3847,audit.snapshot.route.high.final-camp-menu.ready,Idle,2
5801,231072.7579,47.7153,audit.snapshot.route.high.final-camp-menu.ready,Idle,2
5802,231082.5293,9.7714,audit.snapshot.route.high.final-camp-menu.ready,Idle,2
5803,231113.4023,30.873,audit.snapshot.route.high.final-camp-menu.ready,Idle,2
5804,231147.6989,34.2966,audit.snapshot.route.high.final-camp-menu.ready,Idle,2
5805,231181.0589,33.3599,audit.snapshot.route.high.final-camp-menu.ready,Idle,2
5806,231237.5826,56.5238,audit.snapshot.route.high.final-camp-menu.ready,Idle,2
5807,231279.0466,41.464,audit.snapshot.route.high.final-camp-menu.ready,Idle,2
5808,231302.0619,23.0153,audit.snapshot.route.high.final-camp-menu.ready,Idle,2
5809,231348.1344,46.0724,audit.snapshot.route.high.final-camp-menu.ready,Idle,2
5810,231364.0559,15.9216,audit.snapshot.route.high.final-camp-menu.ready,Idle,2
5811,231397.6776,33.6216,audit.snapshot.route.high.final-camp-menu.ready,Idle,2
5812,231431.5098,33.8323,audit.snapshot.route.high.final-camp-menu.ready,Idle,2
5813,231490.9228,59.413,audit.snapshot.route.high.final-camp-menu.ready,Idle,2
5814,231529.5204,38.5976,audit.snapshot.route.high.final-camp-menu.ready,Idle,2
5815,231574.0139,44.4935,audit.snapshot.route.high.final-camp-menu.ready,Idle,2
5816,231583.6899,9.676,audit.snapshot.route.high.final-camp-menu.ready,Idle,2
5817,231615.1601,31.4702,audit.snapshot.route.high.final-camp-menu.ready,Idle,2
5818,231652.1383,36.9782,audit.snapshot.route.high.final-camp-menu.ready,Idle,2
5819,231690.2263,38.088,audit.snapshot.route.high.final-camp-menu.ready,Idle,2
5820,231751.6227,61.3963,audit.snapshot.route.high.final-camp-menu.ready,Idle,2
5821,231791.2064,39.5838,audit.snapshot.route.high.final-camp-menu.ready,Idle,2
5822,231815.0843,23.8779,audit.snapshot.route.high.final-camp-menu.ready,Idle,2
5823,231841.112,26.0276,audit.snapshot.route.high.final-camp-menu.ready,Idle,2
5824,231874.6914,33.5795,audit.snapshot.route.high.final-camp-menu.ready,Idle,2
5825,231934.7197,60.0284,audit.snapshot.route.high.final-camp-menu.ready,Idle,2
5826,231948.0414,13.3214,audit.snapshot.route.high.final-camp-menu.ready,Idle,2
5827,232012.3521,64.3109,audit.snapshot.route.high.final-camp-menu.ready,Idle,2
5828,232054.7447,42.3926,audit.snapshot.route.high.final-camp-menu.ready,Idle,2
5829,232065.787,11.0421,audit.snapshot.route.high.final-camp-menu.ready,Idle,2
5830,232096.3341,30.5473,audit.snapshot.route.high.final-camp-menu.ready,Idle,2
5831,232130.3027,33.9685,audit.snapshot.route.high.final-camp-menu.ready,Idle,2
5832,232186.7863,56.4837,audit.snapshot.route.high.final-camp-menu.ready,Idle,2
5833,232228.7896,42.0033,audit.snapshot.route.high.final-camp-menu.ready,Idle,2
5834,232253.821,25.0314,audit.snapshot.route.high.final-camp-menu.ready,Idle,2
5835,232273.5318,19.7108,audit.snapshot.route.high.final-camp-menu.ready,Idle,2
5836,232307.8539,34.3221,audit.snapshot.route.high.final-camp-menu.ready,Idle,2
5837,232345.9334,38.0794,audit.snapshot.route.high.final-camp-menu.ready,Idle,2
5838,232391.4179,45.4846,ui.Levels.open,Idle,2
5839,232409.0895,17.6715,ui.Levels.open,Idle,2
5840,232706.2133,297.1238,ui.Levels.open,Idle,2
5841,232876.551,170.3378,ui.Levels.open,Idle,2
5842,232897.4766,20.9255,ui.Levels.open,Idle,2
5843,232939.409,41.9325,ui.Levels.open,Idle,2
5844,233013.678,74.2688,ui.Levels.open,Idle,2
5845,233032.5436,18.8657,ui.Levels.open,Idle,2
5846,233045.8709,13.3271,ui.Levels.open,Idle,2
5847,233062.4689,16.5983,ui.Levels.open,Idle,2
5848,233078.7102,16.2413,ui.Levels.open,Idle,2
5849,233094.774,16.0637,ui.Levels.open,Idle,2
5850,233110.8708,16.0969,ui.Levels.open,Idle,2
5851,233127.2408,16.3698,ui.Levels.open,Idle,2
5852,233139.4528,12.2122,ui.Levels.open,Idle,2
5853,233155.9077,16.4546,ui.Levels.open,Idle,2
5854,233185.3551,29.4475,ui.Levels.open,Idle,2
5855,233201.298,15.9427,ui.Levels.open,Idle,2
5856,233215.7399,14.4422,ui.Levels.open,Idle,2
5857,233228.8627,13.1229,ui.Levels.open,Idle,2
5858,233244.7069,15.8441,ui.Levels.open,Idle,2
5859,233261.43,16.723,ui.Levels.open,Idle,2
5860,233279.636,18.2061,ui.Levels.open,Idle,2
5861,233296.0619,16.4259,ui.Levels.open,Idle,2
5862,233312.2405,16.1784,ui.Levels.open,Idle,2
5863,233329.5727,17.3325,ui.Levels.open,Idle,2
5864,233344.7086,15.1358,ui.Levels.open,Idle,2
5865,233377.7496,33.0406,ui.Levels.open,Idle,2
5866,233388.1603,10.4113,ui.Levels.open,Idle,2
5867,233401.0847,12.9243,ui.Levels.open,Idle,2
5868,233417.456,16.3713,ui.Levels.steady,Idle,2
5869,233433.7189,16.2629,ui.Levels.steady,Idle,2
5870,233449.6782,15.9593,ui.Levels.steady,Idle,2
5871,233465.8308,16.1527,ui.Levels.steady,Idle,2
5872,233491.4305,25.5995,ui.Levels.steady,Idle,2
5873,233501.7895,10.3592,ui.Levels.steady,Idle,2
5874,233514.1356,12.346,ui.Levels.steady,Idle,2
5875,233535.7081,21.5724,ui.Levels.steady,Idle,2
5876,233562.2418,26.5337,ui.Levels.steady,Idle,2
5877,233574.4973,12.2554,ui.Levels.steady,Idle,2
5878,233585.6931,11.196,ui.Levels.steady,Idle,2
5879,233601.6577,15.9645,ui.Levels.steady,Idle,2
5880,233617.4852,15.8276,ui.Levels.steady,Idle,2
5881,233645.4872,28.002,ui.Levels.steady,Idle,2
5882,233659.789,14.3018,ui.Levels.steady,Idle,2
5883,233668.6773,8.8883,ui.Levels.steady,Idle,2
5884,233684.3245,15.647,ui.Levels.steady,Idle,2
5885,233700.6917,16.3674,ui.Levels.steady,Idle,2
5886,233717.0045,16.3125,ui.Levels.steady,Idle,2
5887,233733.0363,16.0321,ui.Levels.steady,Idle,2
5888,233749.3772,16.3409,ui.Levels.steady,Idle,2
5889,233763.3635,13.9862,ui.Levels.steady,Idle,2
5890,233779.0198,15.6558,ui.Levels.steady,Idle,2
5891,233811.3763,32.3571,ui.Levels.steady,Idle,2
5892,233821.3075,9.9309,ui.Levels.steady,Idle,2
5893,233834.4707,13.1635,ui.Levels.steady,Idle,2
5894,233851.8009,17.3302,ui.Levels.steady,Idle,2
5895,233867.8624,16.0615,ui.Levels.steady,Idle,2
5896,233884.2605,16.398,ui.Levels.steady,Idle,2
5897,233900.8023,16.5418,ui.Levels.steady,Idle,2
5898,233917.1881,16.3859,ui.Levels.steady,Idle,2
5899,233933.2971,16.1091,ui.Levels.steady,Idle,2
5900,233949.7441,16.4468,ui.Levels.steady,Idle,2
5901,233966.5103,16.7662,ui.Levels.steady,Idle,2
5902,233995.839,29.3288,ui.Levels.steady,Idle,2
5903,234004.6589,8.8199,ui.Levels.steady,Idle,2
5904,234017.6932,13.0342,ui.Levels.steady,Idle,2
5905,234034.5837,16.8906,ui.Levels.steady,Idle,2
5906,234050.8305,16.2468,ui.Levels.steady,Idle,2
5907,234067.1405,16.31,ui.Levels.steady,Idle,2
5908,234082.8176,15.6771,ui.Levels.steady,Idle,2
5909,234112.1749,29.3573,ui.Levels.steady,Idle,2
5910,234122.3115,10.1366,ui.Levels.steady,Idle,2
5911,234150.9392,28.6276,ui.Levels.steady,Idle,2
5912,234163.876,12.9369,ui.Levels.steady,Idle,2
5913,234174.5237,10.6477,ui.Levels.steady,Idle,2
5914,234189.5694,15.0457,ui.Levels.steady,Idle,2
5915,234206.0768,16.5074,ui.Levels.steady,Idle,2
5916,234222.4907,16.4139,ui.Levels.steady,Idle,2
5917,234236.0861,13.5954,ui.Levels.steady,Idle,2
5918,234252.5976,16.5115,ui.Levels.steady,Idle,2
5919,234268.7007,16.1031,ui.Levels.steady,Idle,2
5920,234285.3882,16.6874,ui.Levels.steady,Idle,2
5921,234301.2133,15.8251,ui.Levels.steady,Idle,2
5922,234317.463,16.2498,ui.Levels.steady,Idle,2
5923,234333.8977,16.4347,ui.Levels.steady,Idle,2
5924,234350.3731,16.4754,ui.Levels.steady,Idle,2
5925,234366.6035,16.2303,ui.Levels.steady,Idle,2
5926,234382.8803,16.2769,ui.Levels.steady,Idle,2
5927,234412.3,29.4197,ui.Levels.steady,Idle,2
5928,234420.7049,8.405,ui.Levels.steady,Idle,2
5929,234434.4686,13.7633,ui.Levels.steady,Idle,2
5930,234450.9691,16.5006,ui.Levels.steady,Idle,2
5931,234467.2143,16.2454,ui.Levels.steady,Idle,2
5932,234483.3152,16.1008,ui.Levels.steady,Idle,2
5933,234499.6103,16.2952,ui.Levels.steady,Idle,2
5934,234516.0449,16.4346,ui.Levels.steady,Idle,2
5935,234545.3209,29.276,ui.Levels.steady,Idle,2
5936,234562.8485,17.5275,ui.Levels.steady,Idle,2
5937,234573.1715,10.3231,ui.Levels.steady,Idle,2
5938,234588.5367,15.3652,ui.Levels.steady,Idle,2
5939,234605.5198,16.983,ui.Levels.steady,Idle,2
5940,234618.7424,13.2226,ui.Levels.steady,Idle,2
5941,234634.8117,16.0694,ui.Levels.steady,Idle,2
5942,234651.1457,16.334,ui.Levels.steady,Idle,2
5943,234667.418,16.2723,ui.Levels.steady,Idle,2
5944,234684.0604,16.6424,ui.Levels.steady,Idle,2
5945,234700.2057,16.1452,ui.Levels.steady,Idle,2
5946,234732.8911,32.6855,ui.Levels.steady,Idle,2
5947,234742.3942,9.5031,ui.Levels.steady,Idle,2
5948,234767.9695,25.5752,ui.Levels.steady,Idle,2
5949,234777.0243,9.0546,ui.Levels.steady,Idle,2
5950,234789.8729,12.8487,ui.Levels.steady,Idle,2
5951,234806.3834,16.5106,ui.Levels.steady,Idle,2
5952,234822.8952,16.5119,ui.Levels.steady,Idle,2
5953,234839.824,16.9288,ui.Levels.steady,Idle,2
5954,234855.6773,15.8533,ui.Levels.steady,Idle,2
5955,234869.2054,13.5282,ui.Levels.steady,Idle,2
5956,234885.4939,16.2884,ui.Levels.steady,Idle,2
5957,234901.8327,16.3388,ui.Levels.steady,Idle,2
5958,234918.5441,16.7112,ui.Levels.steady,Idle,2
5959,234934.5301,15.9862,ui.Levels.steady,Idle,2
5960,234950.8283,16.2981,ui.Levels.steady,Idle,2
5961,234967.2524,16.4242,ui.Levels.steady,Idle,2
5962,234997.4762,30.2238,ui.Levels.steady,Idle,2
5963,235006.6471,9.1709,ui.Levels.steady,Idle,2
5964,235022.9195,16.2724,ui.Levels.steady,Idle,2
5965,235039.4788,16.5592,ui.Levels.steady,Idle,2
5966,235055.9083,16.4296,ui.Levels.steady,Idle,2
5967,235072.6838,16.7754,ui.Levels.steady,Idle,2
5968,235088.8445,16.1607,ui.Levels.steady,Idle,2
5969,235102.8451,14.0007,ui.Levels.steady,Idle,2
5970,235119.1322,16.2871,ui.Levels.steady,Idle,2
5971,235135.1745,16.0422,ui.Levels.steady,Idle,2
5972,235151.6338,16.4593,ui.Levels.steady,Idle,2
5973,235170.1799,18.5463,ui.Levels.steady,Idle,2
5974,235201.0846,30.9046,ui.Levels.steady,Idle,2
5975,235212.2114,11.1267,ui.Levels.steady,Idle,2
5976,235223.2839,11.0725,ui.Levels.steady,Idle,2
5977,235239.7176,16.4336,ui.Levels.steady,Idle,2
5978,235256.853,17.1355,ui.Levels.steady,Idle,2
5979,235272.8299,15.977,ui.Levels.steady,Idle,2
5980,235289.144,16.314,ui.Levels.steady,Idle,2
5981,235319.0555,29.9116,ui.Levels.steady,Idle,2
5982,235330.0865,11.031,ui.Levels.steady,Idle,2
5983,235344.3843,14.2978,ui.Levels.steady,Idle,2
5984,235358.0601,13.6758,ui.Levels.steady,Idle,2
5985,235372.1081,14.0478,ui.Levels.steady,Idle,2
5986,235390.1161,18.0081,ui.Levels.steady,Idle,2
5987,235406.5246,16.4085,ui.Levels.steady,Idle,2
5988,235457.567,51.0425,ui.map.scroll,Idle,2
5989,235595.7367,138.1697,ui.map.scroll,Idle,2
5990,235678.7998,83.063,ui.map.scroll,Idle,2
5991,235766.8005,88.0008,ui.map.scroll,Idle,2
5992,235880.3563,113.5558,ui.map.scroll,Idle,2
5993,235979.6753,99.3189,ui.map.scroll,Idle,2
5994,236064.3189,84.6437,ui.map.scroll,Idle,2
5995,236144.1814,79.8624,ui.map.scroll,Idle,2
5996,236230.0488,85.8674,ui.map.scroll,Idle,2
5997,236319.9572,89.9084,ui.map.scroll,Idle,2
5998,236403.1354,83.1783,ui.map.scroll,Idle,2
5999,236474.8593,71.7239,ui.map.scroll,Idle,2
6000,236574.0366,99.1773,ui.map.scroll,Idle,2
6001,236662.0437,88.0071,ui.map.scroll,Idle,2
6002,236732.0455,70.0018,ui.map.scroll,Idle,2
6003,236830.9738,98.9282,ui.map.scroll,Idle,2
6004,236911.3708,80.3971,ui.map.scroll,Idle,2
6005,237008.295,96.9241,ui.map.scroll,Idle,2
6006,237089.8005,81.5056,ui.map.scroll,Idle,2
6007,237203.308,113.5074,ui.map.scroll,Idle,2
6008,237315.0525,111.7446,ui.map.scroll,Idle,2
6009,237395.9891,80.9366,ui.map.scroll,Idle,2
6010,237482.8481,86.859,ui.map.scroll,Idle,2
6011,237554.5152,71.6671,ui.map.scroll,Idle,2
6012,237655.4546,100.9393,ui.map.scroll,Idle,2
6013,237754.97,99.5155,ui.map.scroll,Idle,2
6014,237841.3649,86.3949,ui.map.scroll,Idle,2
6015,237930.3901,89.0252,ui.map.scroll,Idle,2
6016,238011.4068,81.0164,ui.map.scroll,Idle,2
6017,238118.5687,107.1621,ui.map.scroll,Idle,2
6018,238199.656,81.0874,ui.map.scroll,Idle,2
6019,238286.4675,86.8115,ui.map.scroll,Idle,2
6020,238369.9527,83.4852,ui.map.scroll,Idle,2
6021,238478.5904,108.6377,ui.map.scroll,Idle,2
6022,238560.8867,82.2962,ui.map.scroll,Idle,2
6023,238620.7407,59.8541,ui.map.scroll,Idle,2
6024,238692.6761,71.9353,ui.map.scroll,Idle,2
6025,238753.6103,60.9342,ui.map.scroll,Idle,2
6026,238857.7074,104.0972,ui.map.scroll,Idle,2
6027,238934.4366,76.7291,ui.map.scroll,Idle,2
6028,239014.0281,79.5915,ui.map.scroll,Idle,2
6029,239096.6834,82.6553,ui.map.scroll,Idle,2
6030,239182.7583,86.0746,ui.map.scroll,Idle,2
6031,239263.2235,80.4656,ui.map.scroll,Idle,2
6032,239349.2596,86.0361,ui.map.scroll,Idle,2
6033,239422.5536,73.2941,ui.map.scroll,Idle,2
6034,239499.8717,77.318,ui.map.scroll,Idle,2
6035,239621.1739,121.3022,ui.map.scroll,Idle,2
6036,239711.6012,90.4273,ui.map.scroll,Idle,2
6037,239796.272,84.6706,ui.map.scroll,Idle,2
6038,239904.7739,108.5021,ui.map.scroll,Idle,2
6039,239977.7347,72.9608,ui.map.scroll,Idle,2
6040,240066.676,88.9412,ui.map.scroll,Idle,2
6041,240141.866,75.1901,ui.map.scroll,Idle,2
6042,240238.5739,96.7079,ui.map.scroll,Idle,2
6043,240318.8597,80.2859,ui.map.scroll,Idle,2
6044,240398.379,79.5192,ui.map.scroll,Idle,2
6045,240493.5314,95.1523,ui.map.scroll,Idle,2
6046,240562.3812,68.8499,ui.map.scroll,Idle,2
6047,240651.2347,88.8535,ui.map.scroll,Idle,2
6048,240759.1412,107.9065,ui.map.scroll,Idle,2
6049,240835.051,75.9098,ui.map.scroll,Idle,2
6050,240920.9056,85.8545,ui.map.scroll,Idle,2
6051,240988.8964,67.9909,ui.map.scroll,Idle,2
6052,241077.8325,88.9361,ui.map.scroll,Idle,2
6053,241149.6463,71.8138,ui.map.scroll,Idle,2
6054,241246.1975,96.5511,ui.map.scroll,Idle,2
6055,241320.6466,74.4493,ui.map.scroll,Idle,2
6056,241400.003,79.3562,ui.map.scroll,Idle,2
6057,241497.6902,97.6872,ui.map.scroll,Idle,2
6058,241569.1302,71.4401,ui.map.scroll,Idle,2
6059,241658.6614,89.5311,ui.map.scroll,Idle,2
6060,241782.791,124.1297,ui.map.scroll,Idle,2
6061,241853.1958,70.4048,ui.map.scroll,Idle,2
6062,241960.7036,107.5078,ui.map.scroll,Idle,2
6063,242064.1897,103.4861,ui.map.scroll,Idle,2
6064,242150.8247,86.635,ui.map.scroll,Idle,2
6065,242233.0769,82.2522,ui.map.scroll,Idle,2
6066,242320.0184,86.9416,ui.map.scroll,Idle,2
6067,242403.7536,83.735,ui.map.scroll,Idle,2
6068,242472.8517,69.0981,ui.map.scroll,Idle,2
6069,242572.5679,99.7161,ui.map.scroll,Idle,2
6070,242647.2859,74.7182,ui.map.scroll,Idle,2
6071,242747.6746,100.3885,ui.map.scroll,Idle,2
6072,242864.0393,116.3647,ui.map.scroll,Idle,2
6073,242958.3081,94.2689,ui.map.scroll,Idle,2
6074,243031.43,73.122,ui.map.scroll,Idle,2
6075,243110.7272,79.2971,ui.map.scroll,Idle,2
6076,243168.7803,58.0532,ui.map.scroll,Idle,2
6077,243219.4928,50.7125,ui.map.scroll,Idle,2
6078,243240.7576,21.2648,ui.Journeys.open,Idle,2
6079,243280.9301,40.1724,ui.Journeys.open,Idle,2
6080,243687.5793,406.6493,ui.Journeys.open,Idle,2
6081,243728.0562,40.4768,ui.Journeys.open,Idle,2
6082,243770.7215,42.6654,ui.Journeys.open,Idle,2
6083,243811.0043,40.2826,ui.Journeys.open,Idle,2
6084,243859.1548,48.1507,ui.Journeys.open,Idle,2
6085,243879.3569,20.2021,ui.Journeys.open,Idle,2
6086,243917.1309,37.774,ui.Journeys.open,Idle,2
6087,243947.656,30.5251,ui.Journeys.open,Idle,2
6088,243983.4661,35.8101,ui.Journeys.open,Idle,2
6089,244015.3032,31.8371,ui.Journeys.open,Idle,2
6090,244054.5211,39.2179,ui.Journeys.open,Idle,2
6091,244082.0393,27.5182,ui.Journeys.open,Idle,2
6092,244123.0185,40.9791,ui.Journeys.open,Idle,2
6093,244148.514,25.4956,ui.Journeys.open,Idle,2
6094,244191.4858,42.9716,ui.Journeys.open,Idle,2
6095,244227.6709,36.1852,ui.Journeys.open,Idle,2
6096,244281.5628,53.892,ui.Journeys.open,Idle,2
6097,244299.6576,18.0948,ui.Journeys.open,Idle,2
6098,244327.441,27.7833,ui.Journeys.open,Idle,2
6099,244411.4066,83.9652,ui.Journeys.open,Idle,2
6100,244454.6886,43.2824,ui.Journeys.open,Idle,2
6101,244464.7773,10.0888,ui.Journeys.open,Idle,2
6102,244494.8824,30.1051,ui.Journeys.open,Idle,2
6103,244537.7796,42.8969,ui.Journeys.open,Idle,2
6104,244578.0375,40.2582,ui.Journeys.open,Idle,2
6105,244641.6315,63.5939,ui.Journeys.open,Idle,2
6106,244660.6661,19.0346,ui.Journeys.open,Idle,2
6107,244699.4546,38.7885,ui.Journeys.open,Idle,2
6108,244727.4881,28.0335,ui.Journeys.steady,Idle,2
6109,244774.5567,47.0686,ui.Journeys.steady,Idle,2
6110,244819.7384,45.1818,ui.Journeys.steady,Idle,2
6111,244855.9752,36.2368,ui.Journeys.steady,Idle,2
6112,244877.9116,21.9363,ui.Journeys.steady,Idle,2
6113,244931.5788,53.6673,ui.Journeys.steady,Idle,2
6114,244959.832,28.2532,ui.Journeys.steady,Idle,2
6115,244999.4302,39.5981,ui.Journeys.steady,Idle,2
6116,245042.3592,42.9289,ui.Journeys.steady,Idle,2
6117,245077.8219,35.4629,ui.Journeys.steady,Idle,2
6118,245117.6955,39.8735,ui.Journeys.steady,Idle,2
6119,245147.9294,30.234,ui.Journeys.steady,Idle,2
6120,245189.6055,41.6761,ui.Journeys.steady,Idle,2
6121,245227.8285,38.223,ui.Journeys.steady,Idle,2
6122,245254.574,26.7455,ui.Journeys.steady,Idle,2
6123,245282.17,27.596,ui.Journeys.steady,Idle,2
6124,245321.192,39.022,ui.Journeys.steady,Idle,2
6125,245361.0334,39.8412,ui.Journeys.steady,Idle,2
6126,245387.6406,26.607,ui.Journeys.steady,Idle,2
6127,245415.4757,27.8354,ui.Journeys.steady,Idle,2
6128,245455.0224,39.5467,ui.Journeys.steady,Idle,2
6129,245488.8305,33.8082,ui.Journeys.steady,Idle,2
6130,245510.1717,21.3412,ui.Journeys.steady,Idle,2
6131,245548.3698,38.1981,ui.Journeys.steady,Idle,2
6132,245582.3057,33.9359,ui.Journeys.steady,Idle,2
6133,245628.1441,45.8384,ui.Journeys.steady,Idle,2
6134,245650.2248,22.0806,ui.Journeys.steady,Idle,2
6135,245689.913,39.6883,ui.Journeys.steady,Idle,2
6136,245723.5237,33.6106,ui.Journeys.steady,Idle,2
6137,245768.6037,45.0801,ui.Journeys.steady,Idle,2
6138,245799.3473,30.7436,ui.Journeys.steady,Idle,2
6139,245833.2191,33.8718,ui.Journeys.steady,Idle,2
6140,245868.01,34.7908,ui.Journeys.steady,Idle,2
6141,245894.027,26.017,ui.Journeys.steady,Idle,2
6142,245921.7337,27.7068,ui.Journeys.steady,Idle,2
6143,245957.8558,36.122,ui.Journeys.steady,Idle,2
6144,245975.5698,17.7141,ui.Journeys.steady,Idle,2
6145,246004.8102,29.2402,ui.Journeys.steady,Idle,2
6146,246041.4105,36.6004,ui.Journeys.steady,Idle,2
6147,246056.3857,14.9753,ui.Journeys.steady,Idle,2
6148,246083.2189,26.8332,ui.Journeys.steady,Idle,2
6149,246110.5217,27.3028,ui.Journeys.steady,Idle,2
6150,246137.0805,26.5588,ui.Journeys.steady,Idle,2
6151,246162.7071,25.6265,ui.Journeys.steady,Idle,2
6152,246191.2552,28.5481,ui.Journeys.steady,Idle,2
6153,246215.1608,23.9056,ui.Journeys.steady,Idle,2
6154,246242.2061,27.045,ui.Journeys.steady,Idle,2
6155,246279.6005,37.3948,ui.Journeys.steady,Idle,2
6156,246301.2129,21.6124,ui.Journeys.steady,Idle,2
6157,246327.4111,26.1981,ui.Journeys.steady,Idle,2
6158,246369.0806,41.6696,ui.Journeys.steady,Idle,2
6159,246409.2837,40.2026,ui.Journeys.steady,Idle,2
6160,246419.1635,9.8803,ui.Journeys.steady,Idle,2
6161,246443.2231,24.0595,ui.Journeys.steady,Idle,2
6162,246464.3051,21.082,ui.Journeys.steady,Idle,2
6163,246489.8087,25.5037,ui.Journeys.steady,Idle,2
6164,246532.1971,42.3883,ui.Journeys.steady,Idle,2
6165,246549.4736,17.2765,ui.Journeys.steady,Idle,2
6166,246579.7183,30.2439,ui.Journeys.steady,Idle,2
6167,246610.2413,30.5239,ui.Journeys.steady,Idle,2
6168,246634.9909,24.7496,ui.Journeys.steady,Idle,2
6169,246661.0179,26.0269,ui.Journeys.steady,Idle,2
6170,246688.831,27.813,ui.Journeys.steady,Idle,2
6171,246713.6477,24.817,ui.Journeys.steady,Idle,2
6172,246741.7181,28.0704,ui.Journeys.steady,Idle,2
6173,246780.6607,38.9425,ui.Journeys.steady,Idle,2
6174,246797.4538,16.7931,ui.Journeys.steady,Idle,2
6175,246827.5544,30.1005,ui.Journeys.steady,Idle,2
6176,246851.2618,23.7073,ui.Journeys.steady,Idle,2
6177,246878.3867,27.1249,ui.Journeys.steady,Idle,2
6178,246906.0636,27.6769,ui.Journeys.steady,Idle,2
6179,246934.0747,28.0111,ui.Journeys.steady,Idle,2
6180,246959.2281,25.1536,ui.Journeys.steady,Idle,2
6181,246988.6268,29.3987,ui.Journeys.steady,Idle,2
6182,247014.0999,25.473,ui.Journeys.steady,Idle,2
6183,247047.0702,32.9704,ui.Journeys.steady,Idle,2
6184,247076.336,29.2658,ui.Journeys.steady,Idle,2
6185,247106.2891,29.9531,ui.Journeys.steady,Idle,2
6186,247140.3537,34.0644,ui.Journeys.steady,Idle,2
6187,247178.5482,38.1947,ui.Journeys.steady,Idle,2
6188,247224.4566,45.9084,ui.Journeys.steady,Idle,2
6189,247238.8056,14.3489,ui.Journeys.steady,Idle,2
6190,247273.8608,35.0553,ui.Journeys.steady,Idle,2
6191,247307.7393,33.8785,ui.Journeys.steady,Idle,2
6192,247345.7781,38.0385,ui.Journeys.steady,Idle,2
6193,247376.5127,30.7348,ui.Journeys.steady,Idle,2
6194,247406.0805,29.5679,ui.Journeys.steady,Idle,2
6195,247441.4425,35.3619,ui.Journeys.steady,Idle,2
6196,247479.2874,37.845,ui.Journeys.steady,Idle,2
6197,247509.9132,30.6255,ui.Journeys.steady,Idle,2
6198,247558.2752,48.3623,ui.Journeys.steady,Idle,2
6199,247573.2097,14.9345,ui.Journeys.steady,Idle,2
6200,247605.0924,31.8826,ui.Journeys.steady,Idle,2
6201,247632.3337,27.2412,ui.Journeys.steady,Idle,2
6202,247666.421,34.0875,ui.Journeys.steady,Idle,2
6203,247700.3134,33.8924,ui.Journeys.steady,Idle,2
6204,247738.3048,37.9913,ui.Journeys.steady,Idle,2
6205,247777.9355,39.6307,ui.Journeys.steady,Idle,2
6206,247812.2722,34.3366,ui.Journeys.steady,Idle,2
6207,247862.8727,50.6007,ui.Journeys.steady,Idle,2
6208,247877.4172,14.5444,ui.Journeys.steady,Idle,2
6209,247906.9938,29.5767,ui.Journeys.steady,Idle,2
6210,247934.199,27.205,ui.Journeys.steady,Idle,2
6211,247969.8397,35.6408,ui.Journeys.steady,Idle,2
6212,247992.8815,23.0418,ui.Journeys.steady,Idle,2
6213,248019.725,26.8436,ui.Journeys.steady,Idle,2
6214,248045.4463,25.7213,ui.Journeys.steady,Idle,2
6215,248073.4523,28.006,ui.Journeys.steady,Idle,2
6216,248097.6331,24.1803,ui.Journeys.steady,Idle,2
6217,248132.6583,35.0257,ui.Journeys.steady,Idle,2
6218,248147.5036,14.8452,ui.Journeys.steady,Idle,2
6219,248171.6042,24.1007,ui.Journeys.steady,Idle,2
6220,248202.141,30.5364,ui.Journeys.steady,Idle,2
6221,248228.4789,26.3382,ui.Journeys.steady,Idle,2
6222,248267.0759,38.5968,ui.Journeys.steady,Idle,2
6223,248284.9887,17.9131,ui.Journeys.steady,Idle,2
6224,248313.6085,28.6198,ui.Journeys.steady,Idle,2
6225,248339.9376,26.3291,ui.Journeys.steady,Idle,2
6226,248368.8468,28.9092,ui.Journeys.steady,Idle,2
6227,248395.0628,26.216,ui.Journeys.steady,Idle,2
6228,248430.4592,35.3963,ui.Settings.open,Idle,2
6229,248465.2728,34.8137,ui.Settings.open,Idle,2
6230,248589.8374,124.5645,ui.Settings.open,Idle,2
6231,248635.0124,45.1751,ui.Settings.open,Idle,2
6232,248661.2567,26.244,ui.Settings.open,Idle,2
6233,248705.3488,44.0923,ui.Settings.open,Idle,2
6234,248733.2771,27.9284,ui.Settings.open,Idle,2
6235,248764.1524,30.8749,ui.Settings.open,Idle,2
6236,248807.6743,43.5222,ui.Settings.open,Idle,2
6237,248864.9647,57.2905,ui.Settings.open,Idle,2
6238,248884.089,19.1243,ui.Settings.open,Idle,2
6239,248924.2922,40.2032,ui.Settings.open,Idle,2
6240,248960.5118,36.2195,ui.Settings.open,Idle,2
6241,248999.041,38.5219,ui.Settings.open,Idle,2
6242,249041.1398,42.1061,ui.Settings.open,Idle,2
6243,249077.6052,36.4654,ui.Settings.open,Idle,2
6244,249115.6953,38.0902,ui.Settings.open,Idle,2
6245,249158.3841,42.6888,ui.Settings.open,Idle,2
6246,249193.7054,35.3213,ui.Settings.open,Idle,2
6247,249254.0482,60.3428,ui.Settings.open,Idle,2
6248,249276.1765,22.1279,ui.Settings.open,Idle,2
6249,249314.733,38.5569,ui.Settings.open,Idle,2
6250,249353.5342,38.801,ui.Settings.open,Idle,2
6251,249392.8819,39.3476,ui.Settings.open,Idle,2
6252,249431.5088,38.6272,ui.Settings.open,Idle,2
6253,249469.7373,38.2285,ui.Settings.open,Idle,2
6254,249508.6237,38.8863,ui.Settings.open,Idle,2
6255,249544.4869,35.8632,ui.Settings.open,Idle,2
6256,249609.2156,64.7284,ui.Settings.open,Idle,2
6257,249626.2212,17.0059,ui.Settings.open,Idle,2
6258,249664.3057,38.0845,ui.Settings.steady,Idle,2
6259,249703.5167,39.211,ui.Settings.steady,Idle,2
6260,249754.9109,51.3943,ui.Settings.steady,Idle,2
6261,249784.2983,29.3874,ui.Settings.steady,Idle,2
6262,249815.4314,31.1331,ui.Settings.steady,Idle,2
6263,249857.6439,42.2125,ui.Settings.steady,Idle,2
6264,249894.2409,36.5966,ui.Settings.steady,Idle,2
6265,249932.4852,38.2446,ui.Settings.steady,Idle,2
6266,249991.2166,58.7315,ui.Settings.steady,Idle,2
6267,250010.5863,19.3697,ui.Settings.steady,Idle,2
6268,250049.0198,38.4334,ui.Settings.steady,Idle,2
6269,250091.4435,42.4236,ui.Settings.steady,Idle,2
6270,250127.4678,36.0245,ui.Settings.steady,Idle,2
6271,250166.1675,38.6998,ui.Settings.steady,Idle,2
6272,250225.6827,59.5149,ui.Settings.steady,Idle,2
6273,250242.1761,16.4935,ui.Settings.steady,Idle,2
6274,250282.4255,40.2495,ui.Settings.steady,Idle,2
6275,250333.2351,50.8096,ui.Settings.steady,Idle,2
6276,250353.4754,20.2403,ui.Settings.steady,Idle,2
6277,250393.1434,39.6678,ui.Settings.steady,Idle,2
6278,250452.5948,59.4514,ui.Settings.steady,Idle,2
6279,250476.3153,23.7205,ui.Settings.steady,Idle,2
6280,250514.7135,38.3984,ui.Settings.steady,Idle,2
6281,250571.5988,56.8853,ui.Settings.steady,Idle,2
6282,250593.3385,21.7396,ui.Settings.steady,Idle,2
6283,250631.5287,38.1901,ui.Settings.steady,Idle,2
6284,250688.2761,56.7475,ui.Settings.steady,Idle,2
6285,250709.8556,21.5795,ui.Settings.steady,Idle,2
6286,250748.2209,38.3654,ui.Settings.steady,Idle,2
6287,250804.8686,56.6475,ui.Settings.steady,Idle,2
6288,250826.5112,21.6428,ui.Settings.steady,Idle,2
6289,250865.1281,38.6168,ui.Settings.steady,Idle,2
6290,250922.0403,56.9123,ui.Settings.steady,Idle,2
6291,250943.2537,21.213,ui.Settings.steady,Idle,2
6292,250981.4898,38.2364,ui.Settings.steady,Idle,2
6293,251027.3428,45.853,ui.Settings.steady,Idle,2
6294,251047.7978,20.4551,ui.Settings.steady,Idle,2
6295,251090.1306,42.3328,ui.Settings.steady,Idle,2
6296,251143.6742,53.5435,ui.Settings.steady,Idle,2
6297,251164.4867,20.8126,ui.Settings.steady,Idle,2
6298,251207.1047,42.6179,ui.Settings.steady,Idle,2
6299,251261.1394,54.0347,ui.Settings.steady,Idle,2
6300,251281.2756,20.1362,ui.Settings.steady,Idle,2
6301,251320.2924,39.0169,ui.Settings.steady,Idle,2
6302,251378.2535,57.9608,ui.Settings.steady,Idle,2
6303,251398.3231,20.0699,ui.Settings.steady,Idle,2
6304,251437.0584,38.7353,ui.Settings.steady,Idle,2
6305,251498.4352,61.3768,ui.Settings.steady,Idle,2
6306,251515.5574,17.1223,ui.Settings.steady,Idle,2
6307,251554.6824,39.1249,ui.Settings.steady,Idle,2
6308,251602.5207,47.8383,ui.Settings.steady,Idle,2
6309,251626.9928,24.4719,ui.Settings.steady,Idle,2
6310,251665.7466,38.7539,ui.Settings.steady,Idle,2
6311,251726.3611,60.6144,ui.Settings.steady,Idle,2
6312,251743.6952,17.3341,ui.Settings.steady,Idle,2
6313,251782.2464,38.5515,ui.Settings.steady,Idle,2
6314,251833.2822,51.0357,ui.Settings.steady,Idle,2
6315,251853.9324,20.65,ui.Settings.steady,Idle,2
6316,251893.9589,40.0265,ui.Settings.steady,Idle,2
6317,251953.3396,59.3809,ui.Settings.steady,Idle,2
6318,251976.1033,22.7637,ui.Settings.steady,Idle,2
6319,252014.7077,38.6044,ui.Settings.steady,Idle,2
6320,252072.1373,57.4296,ui.Settings.steady,Idle,2
6321,252093.077,20.9396,ui.Settings.steady,Idle,2
6322,252131.5502,38.4733,ui.Settings.steady,Idle,2
6323,252188.6443,57.094,ui.Settings.steady,Idle,2
6324,252209.703,21.0587,ui.Settings.steady,Idle,2
6325,252248.1797,38.4766,ui.Settings.steady,Idle,2
6326,252305.2839,57.1044,ui.Settings.steady,Idle,2
6327,252326.7133,21.4294,ui.Settings.steady,Idle,2
6328,252365.307,38.5937,ui.Settings.steady,Idle,2
6329,252425.3127,60.0056,ui.Settings.steady,Idle,2
6330,252443.4729,18.1603,ui.Settings.steady,Idle,2
6331,252482.0221,38.5492,ui.Settings.steady,Idle,2
6332,252541.9551,59.9328,ui.Settings.steady,Idle,2
6333,252560.1359,18.1809,ui.Settings.steady,Idle,2
6334,252598.7833,38.6475,ui.Settings.steady,Idle,2
6335,252658.4496,59.6663,ui.Settings.steady,Idle,2
6336,252677.0265,18.5768,ui.Settings.steady,Idle,2
6337,252715.3729,38.3465,ui.Settings.steady,Idle,2
6338,252773.8366,58.4637,ui.Settings.steady,Idle,2
6339,252793.3822,19.5455,ui.Settings.steady,Idle,2
6340,252831.6173,38.2351,ui.Settings.steady,Idle,2
6341,252891.876,60.2588,ui.Settings.steady,Idle,2
6342,252910.2486,18.3726,ui.Settings.steady,Idle,2
6343,252948.9096,38.661,ui.Settings.steady,Idle,2
6344,253008.3099,59.4003,ui.Settings.steady,Idle,2
6345,253026.7527,18.4426,ui.Settings.steady,Idle,2
6346,253065.4863,38.7338,ui.Settings.steady,Idle,2
6347,253125.3238,59.8374,ui.Settings.steady,Idle,2
6348,253143.2473,17.9236,ui.Settings.steady,Idle,2
6349,253182.1049,38.8576,ui.Settings.steady,Idle,2
6350,253243.548,61.4428,ui.Settings.steady,Idle,2
6351,253260.176,16.6281,ui.Settings.steady,Idle,2
6352,253298.6173,38.4414,ui.Settings.steady,Idle,2
6353,253354.9937,56.3765,ui.Settings.steady,Idle,2
6354,253376.81,21.8162,ui.Settings.steady,Idle,2
6355,253414.8829,38.0656,ui.Settings.steady,Idle,2
6356,253471.5882,56.7126,ui.Settings.steady,Idle,2
6357,253493.0254,21.4373,ui.Settings.steady,Idle,2
6358,253531.2272,38.2016,ui.Settings.steady,Idle,2
6359,253588.3405,57.1134,ui.Settings.steady,Idle,2
6360,253610.023,21.6826,ui.Settings.steady,Idle,2
6361,253648.372,38.349,ui.Settings.steady,Idle,2
6362,253708.176,59.804,ui.Settings.steady,Idle,2
6363,253726.7657,18.5897,ui.Settings.steady,Idle,2
6364,253765.1922,38.4265,ui.Settings.steady,Idle,2
6365,253822.2374,57.0452,ui.Settings.steady,Idle,2
6366,253843.5057,21.2682,ui.Settings.steady,Idle,2
6367,253881.8311,38.3254,ui.Settings.steady,Idle,2
6368,253938.2362,56.4052,ui.Settings.steady,Idle,2
6369,253960.3108,22.0745,ui.Settings.steady,Idle,2
6370,253998.6531,38.3422,ui.Settings.steady,Idle,2
6371,254054.8486,56.1957,ui.Settings.steady,Idle,2
6372,254076.5548,21.706,ui.Settings.steady,Idle,2
6373,254114.7086,38.1539,ui.Settings.steady,Idle,2
6374,254171.7609,57.0524,ui.Settings.steady,Idle,2
6375,254193.3084,21.5475,ui.Settings.steady,Idle,2
6376,254231.7393,38.4309,ui.Settings.steady,Idle,2
6377,254291.5417,59.8024,ui.Settings.steady,Idle,2
6378,254484.7351,193.1934,ui.album.open,Idle,2
6379,254522.4576,37.7225,ui.album.open,Idle,2
6380,254621.8294,99.3718,ui.album.open,Idle,2
6381,254654.5733,32.7439,ui.album.open,Idle,2
6382,254709.9849,55.4115,ui.album.open,Idle,2
6383,254741.1283,31.143,ui.album.open,Idle,2
6384,254794.3576,53.2298,ui.album.open,Idle,2
6385,254849.1731,54.8155,ui.album.open,Idle,2
6386,254893.0089,43.8357,ui.album.open,Idle,2
6387,254911.7876,18.7788,ui.album.open,Idle,2
6388,254970.4622,58.6746,ui.album.open,Idle,2
6389,255025.0321,54.5698,ui.album.open,Idle,2
6390,255071.2299,46.198,ui.album.open,Idle,2
6391,255128.1099,56.8798,ui.album.open,Idle,2
6392,255155.9842,27.8744,ui.album.open,Idle,2
6393,255196.3702,40.386,ui.album.open,Idle,2
6394,255236.5661,40.1958,ui.album.open,Idle,2
6395,255281.6494,45.0833,ui.album.open,Idle,2
6396,255323.0611,41.4117,ui.album.open,Idle,2
6397,255353.0838,30.0227,ui.album.open,Idle,2
6398,255396.1944,43.1107,ui.album.open,Idle,2
6399,255445.2759,49.0815,ui.album.open,Idle,2
6400,255486.8166,41.5407,ui.album.open,Idle,2
6401,255519.967,33.1504,ui.album.open,Idle,2
6402,255563.3573,43.3901,ui.album.open,Idle,2
6403,255616.2076,52.8504,ui.album.open,Idle,2
6404,255660.9704,44.7629,ui.album.open,Idle,2
6405,255691.0394,30.069,ui.album.open,Idle,2
6406,255730.3168,39.2774,ui.album.open,Idle,2
6407,255785.7719,55.4551,ui.album.open,Idle,2
6408,255832.7012,46.9292,ui.album.open,Idle,2
6409,255864.6839,31.9828,ui.album.open,Idle,2
6410,255907.1967,42.5128,ui.album.open,Idle,2
6411,255955.5483,48.3516,ui.album.open,Idle,2
6412,256002.5412,46.993,ui.album.open,Idle,2
6413,256036.6529,34.1116,ui.album.open,Idle,2
6414,256079.5627,42.9097,ui.album.open,Idle,2
6415,256127.6638,48.1012,ui.album.open,Idle,2
6416,256170.5135,42.8496,ui.album.open,Idle,2
6417,256203.3303,32.8166,ui.album.open,Idle,2
6418,256246.7666,43.4365,ui.album.open,Idle,2
6419,256298.4514,51.6848,ui.album.open,Idle,2
6420,256339.5073,41.056,ui.album.open,Idle,2
6421,256369.7782,30.271,ui.album.open,Idle,2
6422,256414.8092,45.0308,ui.album.open,Idle,2
6423,256470.6575,55.8484,ui.album.high.steady,Idle,2
6424,256518.8272,48.1696,ui.album.high.steady,Idle,2
6425,256554.3949,35.5678,ui.album.high.steady,Idle,2
6426,256576.5658,22.1708,ui.album.high.steady,Idle,2
6427,256635.7903,59.2246,ui.album.high.steady,Idle,2
6428,256682.5074,46.7171,ui.album.high.steady,Idle,2
6429,256714.5022,31.9948,ui.album.high.steady,Idle,2
6430,256757.141,42.6388,ui.album.high.steady,Idle,2
6431,256805.4501,48.3091,ui.album.high.steady,Idle,2
6432,256849.328,43.8779,ui.album.high.steady,Idle,2
6433,256881.4359,32.1078,ui.album.high.steady,Idle,2
6434,256924.4106,42.9747,ui.album.high.steady,Idle,2
6435,256972.7302,48.3197,ui.album.high.steady,Idle,2
6436,257019.2903,46.5601,ui.album.high.steady,Idle,2
6437,257053.3863,34.0959,ui.album.high.steady,Idle,2
6438,257096.9596,43.5733,ui.album.high.steady,Idle,2
6439,257148.2008,51.2413,ui.album.high.steady,Idle,2
6440,257189.1838,40.9829,ui.album.high.steady,Idle,2
6441,257220.0032,30.8195,ui.album.high.steady,Idle,2
6442,257263.5069,43.5038,ui.album.high.steady,Idle,2
6443,257315.5802,52.0732,ui.album.high.steady,Idle,2
6444,257356.2132,40.6329,ui.album.high.steady,Idle,2
6445,257387.2593,31.0461,ui.album.high.steady,Idle,2
6446,257430.2574,42.9982,ui.album.high.steady,Idle,2
6447,257485.2343,54.9769,ui.album.high.steady,Idle,2
6448,257532.8837,47.6495,ui.album.high.steady,Idle,2
6449,257565.2552,32.3714,ui.album.high.steady,Idle,2
6450,257607.7844,42.5291,ui.album.high.steady,Idle,2
6451,257660.4306,52.6463,ui.album.high.steady,Idle,2
6452,257702.7648,42.3342,ui.album.high.steady,Idle,2
6453,257736.6822,33.9174,ui.album.high.steady,Idle,2
6454,257780.3211,43.6388,ui.album.high.steady,Idle,2
6455,257835.0462,54.7253,ui.album.high.steady,Idle,2
6456,257883.1308,48.0845,ui.album.high.steady,Idle,2
6457,257918.9085,35.7775,ui.album.high.steady,Idle,2
6458,257962.1837,43.2753,ui.album.high.steady,Idle,2
6459,258012.1301,49.9465,ui.album.high.steady,Idle,2
6460,258052.8587,40.7287,ui.album.high.steady,Idle,2
6461,258086.7195,33.8606,ui.album.high.steady,Idle,2
6462,258130.1812,43.4618,ui.album.high.steady,Idle,2
6463,258185.3258,55.1446,ui.album.high.steady,Idle,2
6464,258232.8717,47.5459,ui.album.high.steady,Idle,2
6465,258265.3355,32.4638,ui.album.high.steady,Idle,2
6466,258307.8845,42.549,ui.album.high.steady,Idle,2
6467,258360.6213,52.7368,ui.album.high.steady,Idle,2
6468,258402.9712,42.3498,ui.album.high.steady,Idle,2
6469,258436.5762,33.6051,ui.album.high.steady,Idle,2
6470,258479.067,42.4908,ui.album.high.steady,Idle,2
6471,258529.0041,49.9372,ui.album.high.steady,Idle,2
6472,258570.7333,41.7292,ui.album.high.steady,Idle,2
6473,258607.1609,36.4275,ui.album.high.steady,Idle,2
6474,258646.4088,39.2478,ui.album.high.steady,Idle,2
6475,258702.2911,55.8824,ui.album.high.steady,Idle,2
6476,258752.3631,50.072,ui.album.high.steady,Idle,2
6477,258790.3443,37.9811,ui.album.high.steady,Idle,2
6478,258830.0415,39.6972,ui.album.high.steady,Idle,2
6479,258885.2735,55.2321,ui.album.high.steady,Idle,2
6480,258936.8877,51.6142,ui.album.high.steady,Idle,2
6481,258973.7716,36.8839,ui.album.high.steady,Idle,2
6482,259013.0115,39.2398,ui.album.high.steady,Idle,2
6483,259069.4503,56.4389,ui.album.high.steady,Idle,2
6484,259119.2424,49.7921,ui.album.high.steady,Idle,2
6485,259156.9914,37.7489,ui.album.high.steady,Idle,2
6486,259196.3883,39.3968,ui.album.high.steady,Idle,2
6487,259249.0648,52.6767,ui.album.high.steady,Idle,2
6488,259293.6863,44.6214,ui.album.high.steady,Idle,2
6489,259323.6786,29.9922,ui.album.high.steady,Idle,2
6490,259353.3986,29.7201,ui.album.high.steady,Idle,2
6491,259394.057,40.6585,ui.album.high.steady,Idle,2
6492,259423.9706,29.906,ui.album.high.steady,Idle,2
6493,259446.6299,22.6669,ui.album.high.steady,Idle,2
6494,259493.199,46.569,ui.album.high.steady,Idle,2
6495,259539.3135,46.1145,ui.album.high.steady,Idle,2
6496,259571.7483,32.4348,ui.album.high.steady,Idle,2
6497,259597.281,25.5328,ui.album.high.steady,Idle,2
6498,259627.4992,30.2182,ui.album.high.steady,Idle,2
6499,259677.9143,50.4152,ui.album.high.steady,Idle,2
6500,259720.3012,42.3868,ui.album.high.steady,Idle,2
6501,259756.8088,36.5075,ui.album.high.steady,Idle,2
6502,259796.2157,39.407,ui.album.high.steady,Idle,2
6503,259835.6047,39.389,ui.album.high.steady,Idle,2
6504,259893.4601,57.8554,ui.album.high.steady,Idle,2
6505,259914.6564,21.1963,ui.album.high.steady,Idle,2
6506,259985.0031,70.3467,ui.album.high.steady,Idle,2
6507,260007.4241,22.4211,ui.album.high.steady,Idle,2
6508,260057.3469,49.9227,ui.album.high.steady,Idle,2
6509,260113.886,56.5391,ui.album.high.steady,Idle,2
6510,260129.4671,15.5811,ui.album.high.steady,Idle,2
6511,260169.0499,39.5829,ui.album.high.steady,Idle,2
6512,260235.5672,66.5171,ui.album.high.steady,Idle,2
6513,260256.8192,21.2521,ui.album.high.steady,Idle,2
6514,260296.246,39.4268,ui.album.high.steady,Idle,2
6515,260359.524,63.2778,ui.album.high.steady,Idle,2
6516,260387.3848,27.861,ui.album.high.steady,Idle,2
6517,260423.4099,36.0251,ui.album.high.steady,Idle,2
6518,260487.6573,64.2473,ui.album.high.steady,Idle,2
6519,260507.1874,19.5302,ui.album.high.steady,Idle,2
6520,260564.8278,57.6404,ui.album.high.steady,Idle,2
6521,260614.5596,49.7318,ui.album.high.steady,Idle,2
6522,260631.4009,16.8412,ui.album.high.steady,Idle,2
6523,260674.2741,42.8733,ui.album.high.steady,Idle,2
6524,260737.8594,63.5853,ui.album.high.steady,Idle,2
6525,260757.1364,19.277,ui.album.high.steady,Idle,2
6526,260796.9883,39.8519,ui.album.high.steady,Idle,2
6527,260860.5466,63.5582,ui.album.high.steady,Idle,2
6528,260888.1775,27.6309,ui.album.high.steady,Idle,2
6529,260923.6073,35.4299,ui.album.high.steady,Idle,2
6530,260987.1327,63.5252,ui.album.high.steady,Idle,2
6531,261007.2057,20.0731,ui.album.high.steady,Idle,2
6532,261055.8917,48.686,ui.album.high.steady,Idle,2
6533,261114.2292,58.3376,ui.album.high.steady,Idle,2
6534,261129.7929,15.5637,ui.album.high.steady,Idle,2
6535,261172.9912,43.1983,ui.album.high.steady,Idle,2
6536,261237.6812,64.69,ui.album.high.steady,Idle,2
6537,261257.0743,19.3932,ui.album.high.steady,Idle,2
6538,261296.9815,39.907,ui.album.high.steady,Idle,2
6539,261362.6686,65.6872,ui.album.high.steady,Idle,2
6540,261389.0517,26.3831,ui.album.high.steady,Idle,2
6541,261419.9592,30.9074,ui.album.high.steady,Idle,2
6542,261487.2086,67.2495,ui.album.high.steady,Idle,2
6543,261507.022,19.8133,ui.album.high.steady,Idle,2
6544,261555.5528,48.5309,ui.album.high.steady,Idle,2
6545,261611.082,55.5292,ui.album.high.steady,Idle,2
6546,261668.1469,57.0648,ui.album.high.steady,Idle,2
6547,261680.9541,12.8073,ui.album.high.steady,Idle,2
6548,261738.7348,57.7807,ui.album.high.steady,Idle,2
6549,261757.4245,18.6897,ui.album.high.steady,Idle,2
6550,261797.0524,39.6279,ui.album.high.steady,Idle,2
6551,261860.2522,63.1997,ui.album.high.steady,Idle,2
6552,261887.9769,27.7248,ui.album.high.steady,Idle,2
6553,261923.6757,35.6987,ui.album.high.steady,Idle,2
6554,261987.475,63.7994,ui.album.high.steady,Idle,2
6555,262005.1022,17.6272,ui.album.high.steady,Idle,2
6556,262055.2849,50.1828,ui.album.high.steady,Idle,2
6557,262110.5339,55.2488,ui.album.high.steady,Idle,2
6558,262125.8878,15.3539,ui.album.high.steady,Idle,2
6559,262168.2669,42.3792,ui.album.high.steady,Idle,2
6560,262237.3891,69.1222,ui.album.high.steady,Idle,2
6561,262257.0485,19.6594,ui.album.high.steady,Idle,2
6562,262297.3195,40.2708,ui.album.high.steady,Idle,2
6563,262360.1516,62.8323,ui.album.high.steady,Idle,2
6564,262388.1824,28.0308,ui.album.high.steady,Idle,2
6565,262423.7493,35.5668,ui.album.high.steady,Idle,2
6566,262487.3016,63.5524,ui.album.high.steady,Idle,2
6567,262507.0862,19.7846,ui.album.high.steady,Idle,2
6568,262555.779,48.6928,ui.album.high.steady,Idle,2
6569,262609.8383,54.0593,ui.album.high.steady,Idle,2
6570,262625.8362,15.9978,ui.album.high.steady,Idle,2
6571,262665.458,39.6219,ui.album.high.steady,Idle,2
6572,262737.2433,71.7853,ui.album.high.steady,Idle,2
6573,262756.9353,19.6921,ui.album.rotate,Idle,2
6574,262796.5971,39.6617,ui.album.rotate,Idle,2
6575,262858.7479,62.1508,ui.album.rotate,Idle,2
6576,262888.1601,29.4123,ui.album.rotate,Idle,2
6577,262919.7155,31.5553,ui.album.rotate,Idle,2
6578,262988.7469,69.0311,ui.album.rotate,Idle,2
6579,263017.5266,28.78,ui.album.rotate,Idle,2
6580,263072.2244,54.6978,ui.album.rotate,Idle,2
6581,263139.0094,66.785,ui.album.rotate,Idle,2
6582,263156.8367,17.8274,ui.album.rotate,Idle,2
6583,263195.8324,38.9954,ui.album.rotate,Idle,2
6584,263258.2859,62.4537,ui.album.rotate,Idle,2
6585,263274.6785,16.3925,ui.album.rotate,Idle,2
6586,263313.4904,38.812,ui.album.rotate,Idle,2
6587,263377.3035,63.8131,ui.album.rotate,Idle,2
6588,263405.08,27.7765,ui.album.rotate,Idle,2
6589,263493.4963,88.4162,ui.album.rotate,Idle,2
6590,263542.7409,49.2443,ui.album.rotate,Idle,2
6591,263616.1401,73.3995,ui.album.rotate,Idle,2
6592,263655.4994,39.3593,ui.album.rotate,Idle,2
6593,263705.0583,49.5589,ui.album.rotate,Idle,2
6594,263729.6183,24.56,ui.album.rotate,Idle,2
6595,263772.7683,43.15,ui.album.rotate,Idle,2
6596,263838.0094,65.2412,ui.album.rotate,Idle,2
6597,263856.7689,18.7595,ui.album.rotate,Idle,2
6598,263892.424,35.6549,ui.album.rotate,Idle,2
6599,263954.627,62.2031,ui.album.rotate,Idle,2
6600,263974.2019,19.5749,ui.album.rotate,Idle,2
6601,264013.4918,39.29,ui.album.rotate,Idle,2
6602,264076.2058,62.7139,ui.album.rotate,Idle,2
6603,264090.9665,14.7608,ui.album.rotate,Idle,2
6604,264130.1601,39.1936,ui.album.rotate,Idle,2
6605,264193.8475,63.6874,ui.album.rotate,Idle,2
6606,264235.8252,41.9776,ui.album.rotate,Idle,2
6607,264257.7509,21.9257,ui.album.rotate,Idle,2
6608,264319.9159,62.1651,ui.album.rotate,Idle,2
6609,264338.6357,18.7196,ui.album.rotate,Idle,2
6610,264376.7754,38.1399,ui.album.rotate,Idle,2
6611,264437.744,60.9686,ui.album.rotate,Idle,2
6612,264457.104,19.36,ui.album.rotate,Idle,2
6613,264518.9361,61.8321,ui.album.rotate,Idle,2
6614,264602.2237,83.2875,ui.album.rotate,Idle,2
6615,264623.4804,21.2568,ui.album.rotate,Idle,2
6616,264648.2511,24.7707,ui.album.rotate,Idle,2
6617,264739.226,90.9748,ui.album.rotate,Idle,2
6618,264792.6227,53.3968,ui.album.rotate,Idle,2
6619,264806.0879,13.4652,ui.album.rotate,Idle,2
6620,264840.7367,34.6488,ui.album.rotate,Idle,2
6621,264902.3771,61.6404,ui.album.rotate,Idle,2
6622,264923.5914,21.2142,ui.album.rotate,Idle,2
6623,264985.8238,62.2325,ui.album.rotate,Idle,2
6624,265006.7776,20.9538,ui.album.rotate,Idle,2
6625,265054.305,47.5274,ui.album.rotate,Idle,2
6626,265085.8316,31.5265,ui.album.rotate,Idle,2
6627,265124.8618,39.0302,ui.album.rotate,Idle,2
6628,265163.6759,38.814,ui.album.rotate,Idle,2
6629,265221.069,57.3933,ui.album.rotate,Idle,2
6630,265259.6668,38.5978,ui.album.rotate,Idle,2
6631,265274.7804,15.1136,ui.album.rotate,Idle,2
6632,265310.5893,35.8089,ui.album.rotate,Idle,2
6633,265369.9773,59.3879,ui.album.rotate,Idle,2
6634,265389.4066,19.4293,ui.album.rotate,Idle,2
6635,265424.1018,34.6953,ui.album.rotate,Idle,2
6636,265484.8623,60.7604,ui.album.rotate,Idle,2
6637,265527.2351,42.3728,ui.album.rotate,Idle,2
6638,265541.4097,14.1746,ui.album.rotate,Idle,2
6639,265643.8634,102.4535,ui.album.rotate,Idle,2
6640,265665.7276,21.8645,ui.album.rotate,Idle,2
6641,265754.8963,89.1686,ui.album.rotate,Idle,2
6642,265801.6222,46.726,ui.album.rotate,Idle,2
6643,265823.6221,21.9999,ui.album.rotate,Idle,2
6644,265859.2308,35.6086,ui.album.rotate,Idle,2
6645,265920.8237,61.5929,ui.album.rotate,Idle,2
6646,265940.7033,19.8795,ui.album.rotate,Idle,2
6647,265976.5017,35.7985,ui.album.rotate,Idle,2
6648,266036.6518,60.1502,ui.album.rotate,Idle,2
6649,266071.388,34.7362,ui.album.rotate,Idle,2
6650,266112.9173,41.5292,ui.album.rotate,Idle,2
6651,266169.311,56.3938,ui.album.rotate,Idle,2
6652,266190.2282,20.9172,ui.album.rotate,Idle,2
6653,266226.4481,36.2199,ui.album.rotate,Idle,2
6654,266287.1738,60.7256,ui.album.rotate,Idle,2
6655,266306.8887,19.715,ui.album.rotate,Idle,2
6656,266354.739,47.8503,ui.album.rotate,Idle,2
6657,266408.4939,53.7548,ui.album.rotate,Idle,2
6658,266424.0298,15.536,ui.album.rotate,Idle,2
6659,266463.111,39.0811,ui.album.rotate,Idle,2
6660,266536.752,73.6411,ui.album.rotate,Idle,2
6661,266565.6087,28.8567,ui.album.rotate,Idle,2
6662,266598.2493,32.6405,ui.album.rotate,Idle,2
6663,266679.4407,81.1915,ui.album.rotate,Idle,2
6664,266703.9909,24.55,ui.album.rotate,Idle,2
6665,266791.7763,87.7854,ui.album.rotate,Idle,2
6666,266843.2025,51.4262,ui.album.rotate,Idle,2
6667,266859.0636,15.8612,ui.album.rotate,Idle,2
6668,266908.9154,49.8519,ui.album.rotate,Idle,2
6669,266960.8846,51.9692,ui.album.rotate,Idle,2
6670,266981.4057,20.521,ui.album.rotate,Idle,2
6671,267028.1301,46.7245,ui.album.rotate,Idle,2
6672,267086.8399,58.7097,ui.album.rotate,Idle,2
6673,267106.9537,20.1138,ui.album.rotate,Idle,2
6674,267148.9902,42.0365,ui.album.rotate,Idle,2
6675,267209.1675,60.1774,ui.album.rotate,Idle,2
6676,267238.9923,29.8248,ui.album.rotate,Idle,2
6677,267279.919,40.9267,ui.album.rotate,Idle,2
6678,267337.5036,57.5847,ui.album.rotate,Idle,2
6679,267356.86,19.3564,ui.album.rotate,Idle,2
6680,267405.8172,48.9571,ui.album.rotate,Idle,2
6681,267464.6964,58.8791,ui.album.rotate,Idle,2
6682,267518.976,54.2797,ui.album.rotate,Idle,2
6683,267531.3092,12.3331,ui.album.rotate,Idle,2
6684,267589.4662,58.1571,ui.album.rotate,Idle,2
6685,267617.574,28.1078,ui.album.rotate,Idle,2
6686,267658.1061,40.5321,ui.album.rotate,Idle,2
6687,267720.8372,62.7311,ui.album.rotate,Idle,2
6688,267752.3908,31.5536,ui.album.rotate,Idle,2
6689,267786.5027,34.1119,ui.album.rotate,Idle,2
6690,267852.3378,65.8351,ui.album.rotate,Idle,2
6691,267873.5541,21.2162,ui.album.rotate,Idle,2
6692,267921.6971,48.143,ui.album.rotate,Idle,2
6693,267977.3052,55.6081,audit.snapshot.ui.album.rotate,Idle,2
6694,267996.0207,18.7155,audit.snapshot.ui.album.rotate,Idle,2
6695,268039.3617,43.3408,audit.snapshot.ui.album.rotate,Idle,2
6696,268102.7055,63.3441,audit.snapshot.ui.album.rotate,Idle,2
6697,268122.8983,20.1926,audit.snapshot.ui.album.rotate,Idle,2
6698,268158.0996,35.2014,audit.snapshot.ui.album.rotate,Idle,2
6699,268219.1828,61.0832,audit.snapshot.ui.album.rotate,Idle,2
6700,268248.421,29.2384,audit.snapshot.ui.album.rotate,Idle,2
6701,268279.2725,30.8514,audit.snapshot.ui.album.rotate,Idle,2
6702,268336.3225,57.05,audit.snapshot.ui.album.rotate,Idle,2
6703,268361.2768,24.9543,audit.snapshot.ui.album.rotate,Idle,2
6704,268404.2281,42.9513,audit.snapshot.ui.album.rotate,Idle,2
6705,268459.8074,55.5791,audit.snapshot.ui.album.rotate,Idle,2
6706,268474.1431,14.3359,audit.snapshot.ui.album.rotate,Idle,2
6707,268512.3799,38.2368,audit.snapshot.ui.album.rotate,Idle,2
6708,268570.066,57.6861,audit.snapshot.ui.album.rotate,Idle,2
6709,268586.139,16.073,audit.snapshot.ui.album.rotate,Idle,2
6710,268628.0116,41.8725,audit.snapshot.ui.album.rotate,Idle,2
6711,268685.5091,57.4977,audit.snapshot.ui.album.rotate,Idle,2
6712,268715.247,29.7379,audit.snapshot.ui.album.rotate,Idle,2
6713,268746.1875,30.9404,audit.snapshot.ui.album.rotate,Idle,2
6714,268803.1352,56.9478,audit.snapshot.ui.album.rotate,Idle,2
6715,268819.5356,16.4002,audit.snapshot.ui.album.rotate,Idle,2
6716,268869.8893,50.3537,audit.snapshot.ui.album.rotate,Idle,2
6717,268924.7903,54.901,audit.snapshot.ui.album.rotate,Idle,2
6718,268940.2872,15.497,audit.snapshot.ui.album.rotate,Idle,2
6719,268979.1759,38.8886,audit.snapshot.ui.album.rotate,Idle,2
6720,269036.441,57.2652,audit.snapshot.ui.album.rotate,Idle,2
6721,269065.463,29.0221,audit.snapshot.ui.album.rotate,Idle,2
6722,269097.0101,31.5469,audit.snapshot.ui.album.rotate,Idle,2
6723,269154.0628,57.0528,audit.snapshot.ui.album.rotate,Idle,2
6724,269173.3919,19.329,audit.snapshot.ui.album.rotate,Idle,2
6725,269211.8322,38.4403,audit.snapshot.ui.album.rotate,Idle,2
6726,269269.4575,57.6254,audit.snapshot.ui.album.rotate,Idle,2
6727,269289.9152,20.4576,audit.snapshot.ui.album.rotate,Idle,2
6728,269336.633,46.7179,audit.snapshot.ui.album.rotate,Idle,2
6729,269392.0707,55.4377,audit.snapshot.ui.album.rotate,Idle,2
6730,269406.6026,14.5319,audit.snapshot.ui.album.rotate,Idle,2
6731,269445.6259,39.0231,audit.snapshot.ui.album.rotate,Idle,2
6732,269502.8414,57.2156,audit.snapshot.ui.album.rotate,Idle,2
6733,269522.8749,20.0336,audit.snapshot.ui.album.rotate,Idle,2
6734,269558.3198,35.4447,audit.snapshot.ui.album.rotate,Idle,2
6735,269619.0677,60.7481,audit.snapshot.ui.album.rotate,Idle,2
6736,269648.6664,29.5987,audit.snapshot.ui.album.rotate,Idle,2
6737,269679.4414,30.775,audit.snapshot.ui.album.rotate,Idle,2
6738,269737.0298,57.5884,ui.album.quiet.high,Idle,2
6739,269766.7174,29.6876,ui.album.quiet.high,Idle,2
6740,269821.9918,55.2742,ui.album.quiet.high,Idle,2
6741,269876.0702,54.0785,ui.album.quiet.high,Idle,2
6742,269890.327,14.2569,ui.album.quiet.high,Idle,2
6743,269925.872,35.5444,ui.album.quiet.high,Idle,2
6744,269986.4051,60.5337,ui.album.quiet.high,Idle,2
6745,270006.249,19.8439,ui.album.quiet.high,Idle,2
6746,270041.7783,35.5291,ui.album.quiet.high,Idle,2
6747,270102.3402,60.5622,ui.album.quiet.high,Idle,2
6748,270130.5093,28.1688,ui.album.quiet.high,Idle,2
6749,270156.4075,25.8983,ui.album.quiet.high,Idle,2
6750,270219.0337,62.6263,ui.album.quiet.high,Idle,2
6751,270235.7263,16.6925,ui.album.quiet.high,Idle,2
6752,270286.3755,50.6493,ui.album.quiet.high,Idle,2
6753,270341.5542,55.1787,ui.album.quiet.high,Idle,2
6754,270358.9814,17.427,ui.album.quiet.high,Idle,2
6755,270405.3828,46.4016,ui.album.quiet.high,Idle,2
6756,270464.1294,58.7466,ui.album.quiet.high,Idle,2
6757,270479.2662,15.1368,ui.album.quiet.high,Idle,2
6758,270522.5363,43.2701,ui.album.quiet.high,Idle,2
6759,270574.5626,52.0263,ui.album.quiet.high,Idle,2
6760,270590.2176,15.6549,ui.album.quiet.high,Idle,2
6761,270625.5797,35.3622,ui.album.quiet.high,Idle,2
6762,270686.4849,60.9052,ui.album.quiet.high,Idle,2
6763,270715.1321,28.6472,ui.album.quiet.high,Idle,2
6764,270747.3102,32.1781,ui.album.quiet.high,Idle,2
6765,270807.4611,60.151,ui.album.quiet.high,Idle,2
6766,270823.8855,16.4243,ui.album.quiet.high,Idle,2
6767,270871.1281,47.2425,ui.album.quiet.high,Idle,2
6768,270924.4846,53.3566,ui.album.quiet.high,Idle,2
6769,270940.3831,15.8984,ui.album.quiet.high,Idle,2
6770,270976.403,36.0199,ui.album.quiet.high,Idle,2
6771,271036.8838,60.4809,ui.album.quiet.high,Idle,2
6772,271052.9395,16.0557,ui.album.quiet.high,Idle,2
6773,271094.7531,41.8136,ui.album.quiet.high,Idle,2
6774,271152.3022,57.5491,ui.album.quiet.high,Idle,2
6775,271181.7948,29.4925,ui.album.quiet.high,Idle,2
6776,271210.975,29.1803,ui.album.quiet.high,Idle,2
6777,271270.1068,59.1318,ui.album.quiet.high,Idle,2
6778,271286.1825,16.0758,ui.album.quiet.high,Idle,2
6779,271337.0774,50.8948,ui.album.quiet.high,Idle,2
6780,271391.3787,54.3012,ui.album.quiet.high,Idle,2
6781,271445.1559,53.7773,ui.album.quiet.high,Idle,2
6782,271456.0288,10.8728,ui.album.quiet.high,Idle,2
6783,271509.3609,53.3321,ui.album.quiet.high,Idle,2
6784,271523.6783,14.3174,ui.album.quiet.high,Idle,2
6785,271562.2791,38.6009,ui.album.quiet.high,Idle,2
6786,271619.4404,57.1612,ui.album.quiet.high,Idle,2
6787,271648.5237,29.0834,ui.album.quiet.high,Idle,2
6788,271679.2684,30.7446,ui.album.quiet.high,Idle,2
6789,271736.6636,57.3953,ui.album.quiet.high,Idle,2
6790,271752.9327,16.2692,ui.album.quiet.high,Idle,2
6791,271803.2843,50.3514,ui.album.quiet.high,Idle,2
6792,271857.8459,54.5617,ui.album.quiet.high,Idle,2
6793,271873.5648,15.7189,ui.album.quiet.high,Idle,2
6794,271912.2552,38.6904,ui.album.quiet.high,Idle,2
6795,271969.7182,57.463,ui.album.quiet.high,Idle,2
6796,271986.3353,16.617,ui.album.quiet.high,Idle,2
6797,272029.6717,43.3363,ui.album.quiet.high,Idle,2
6798,272086.2189,56.5474,ui.album.quiet.high,Idle,2
6799,272118.2162,31.9974,ui.album.quiet.high,Idle,2
6800,272151.8045,33.5882,ui.album.quiet.high,Idle,2
6801,272209.2561,57.4516,ui.album.quiet.high,Idle,2
6802,272225.4601,16.204,ui.album.quiet.high,Idle,2
6803,272272.4998,47.0397,ui.album.quiet.high,Idle,2
6804,272324.6235,52.1235,ui.album.quiet.high,Idle,2
6805,272340.3267,15.7034,ui.album.quiet.high,Idle,2
6806,272378.9253,38.5985,ui.album.quiet.high,Idle,2
6807,272436.966,58.0408,ui.album.quiet.high,Idle,2
6808,272452.9889,16.0229,ui.album.quiet.high,Idle,2
6809,272495.0627,42.0738,ui.album.quiet.high,Idle,2
6810,272552.4939,57.4312,ui.album.quiet.high,Idle,2
6811,272582.0719,29.578,ui.album.quiet.high,Idle,2
6812,272612.9146,30.8427,ui.album.quiet.high,Idle,2
6813,272670.3351,57.4205,ui.album.quiet.high,Idle,2
6814,272690.0028,19.6676,ui.album.quiet.high,Idle,2
6815,272736.782,46.7793,ui.album.quiet.high,Idle,2
6816,272793.1619,56.3799,ui.album.quiet.high,Idle,2
6817,272807.2554,14.0934,ui.album.quiet.high,Idle,2
6818,272845.8009,38.5456,ui.album.quiet.high,Idle,2
6819,272903.2873,57.4864,ui.album.quiet.high,Idle,2
6820,272919.8809,16.5936,ui.album.quiet.high,Idle,2
6821,272962.0812,42.2001,ui.album.quiet.high,Idle,2
6822,273020.1211,58.04,ui.album.quiet.high,Idle,2
6823,273049.9902,29.869,ui.album.quiet.high,Idle,2
6824,273081.1781,31.188,ui.album.quiet.high,Idle,2
6825,273141.853,60.675,ui.album.quiet.high,Idle,2
6826,273157.3652,15.5122,ui.album.quiet.high,Idle,2
6827,273204.6589,47.2937,ui.album.quiet.high,Idle,2
6828,273258.0313,53.3724,ui.album.quiet.high,Idle,2
6829,273273.7504,15.7191,ui.album.quiet.high,Idle,2
6830,273312.6618,38.9113,ui.album.quiet.high,Idle,2
6831,273370.0515,57.3897,ui.album.quiet.high,Idle,2
6832,273386.2031,16.1517,ui.album.quiet.high,Idle,2
6833,273428.419,42.2158,ui.album.quiet.high,Idle,2
6834,273486.5047,58.0858,ui.album.quiet.high,Idle,2
6835,273516.4722,29.9675,ui.album.quiet.high,Idle,2
6836,273547.2355,30.7632,ui.album.quiet.high,Idle,2
6837,273607.7927,60.5573,ui.album.quiet.high,Idle,2
6838,273623.464,15.6713,ui.album.quiet.high,Idle,2
6839,273671.0666,47.6026,ui.album.quiet.high,Idle,2
6840,273720.7837,49.7171,ui.album.quiet.high,Idle,2
6841,273740.0326,19.2488,ui.album.quiet.high,Idle,2
6842,273779.5834,39.5509,ui.album.quiet.high,Idle,2
6843,273836.7051,57.1217,ui.album.quiet.high,Idle,2
6844,273852.7247,16.0197,ui.album.quiet.high,Idle,2
6845,273891.8092,39.0839,ui.album.quiet.high,Idle,2
6846,273952.2252,60.4165,ui.album.quiet.high,Idle,2
6847,273981.8652,29.64,ui.album.quiet.high,Idle,2
6848,274013.0644,31.1992,ui.album.quiet.high,Idle,2
6849,274078.0635,64.9991,ui.album.quiet.high,Idle,2
6850,274094.8086,16.7449,ui.album.quiet.high,Idle,2
6851,274137.2179,42.4093,ui.album.quiet.high,Idle,2
6852,274192.5393,55.3214,ui.album.quiet.high,Idle,2
6853,274218.9702,26.4309,ui.album.quiet.high,Idle,2
6854,274248.275,29.3049,ui.album.quiet.high,Idle,2
6855,274304.6292,56.3541,ui.album.quiet.high,Idle,2
6856,274323.7282,19.0992,ui.album.quiet.high,Idle,2
6857,274362.7513,39.023,ui.album.quiet.high,Idle,2
6858,274467.9475,105.1962,ui.album.quiet.high,Idle,2
6859,274489.4214,21.474,ui.album.quiet.high,Idle,2
6860,274566.6909,77.2693,ui.album.quiet.high,Idle,2
6861,274609.9569,43.2662,ui.album.quiet.high,Idle,2
6862,274656.7028,46.7459,ui.album.quiet.high,Idle,2
6863,274671.1677,14.4649,ui.album.quiet.high,Idle,2
6864,274724.8991,53.7312,ui.album.quiet.high,Idle,2
6865,274740.2023,15.3034,ui.album.quiet.high,Idle,2
6866,274775.4048,35.2024,ui.album.quiet.high,Idle,2
6867,274836.1364,60.7317,ui.album.quiet.high,Idle,2
6868,274852.9787,16.8422,ui.album.quiet.high,Idle,2
6869,274893.4802,40.5015,ui.album.quiet.high,Idle,2
6870,274953.3715,59.8914,ui.album.quiet.high,Idle,2
6871,274986.3849,33.0134,ui.album.quiet.high,Idle,2
6872,275018.1532,31.7682,ui.album.quiet.high,Idle,2
6873,275083.6227,65.4696,ui.album.quiet.high,Idle,2
6874,275105.2188,21.5961,ui.album.quiet.high,Idle,2
6875,275153.1328,47.914,ui.album.quiet.high,Idle,2
6876,275209.2803,56.1474,ui.album.quiet.high,Idle,2
6877,275223.8357,14.5555,ui.album.quiet.high,Idle,2
6878,275285.8014,61.9656,ui.album.quiet.high,Idle,2
6879,275320.5166,34.7153,ui.album.quiet.high,Idle,2
6880,275339.8654,19.3488,ui.album.quiet.high,Idle,2
6881,275378.3895,38.5241,ui.album.quiet.high,Idle,2
6882,275490.5758,112.1863,ui.album.quiet.high,Idle,2
6883,275515.7574,25.1815,ui.album.quiet.high,Idle,2
6884,275614.7804,99.023,ui.album.quiet.high,Idle,2
6885,275654.3405,39.5602,ui.album.quiet.high,Idle,2
6886,275673.4101,19.0696,ui.album.quiet.high,Idle,2
6887,275708.2676,34.8574,ui.album.quiet.high,Idle,2
