# Original Quiet Camp environment study; NOT a downloaded Sketchfab donor
# Units: metres; Y up; no external geometry or textures
mtllib palette.mtl
o ua_power_pylon_fallen
v -0.1140989 5.1136581 -1.8635057
v -0.1301841 5.1125333 -1.7345095
v 3.4924369 4.9147528 -1.2845095
v -0.1140989 5.1136581 -1.8635057
v 3.4924369 4.9147528 -1.2845095
v 3.5085221 4.9158775 -1.4135057
v -0.1301841 5.1125333 -1.7345095
v -0.1370244 4.9827285 -1.7364943
v 3.4855966 4.7849480 -1.2864943
v -0.1301841 5.1125333 -1.7345095
v 3.4855966 4.7849480 -1.2864943
v 3.4924369 4.9147528 -1.2845095
v -0.1370244 4.9827285 -1.7364943
v -0.1209392 4.9838533 -1.8654905
v 3.5016818 4.7860728 -1.4154905
v -0.1370244 4.9827285 -1.7364943
v 3.5016818 4.7860728 -1.4154905
v 3.4855966 4.7849480 -1.2864943
v -0.1209392 4.9838533 -1.8654905
v -0.1140989 5.1136581 -1.8635057
v 3.5085221 4.9158775 -1.4135057
v -0.1209392 4.9838533 -1.8654905
v 3.5085221 4.9158775 -1.4135057
v 3.5016818 4.7860728 -1.4154905
v -0.1301841 5.1125333 1.7345095
v -0.1140989 5.1136581 1.8635057
v 3.5085221 4.9158775 1.4135057
v -0.1301841 5.1125333 1.7345095
v 3.5085221 4.9158775 1.4135057
v 3.4924369 4.9147528 1.2845095
v -0.1140989 5.1136581 1.8635057
v -0.1209392 4.9838533 1.8654905
v 3.5016818 4.7860728 1.4154905
v -0.1140989 5.1136581 1.8635057
v 3.5016818 4.7860728 1.4154905
v 3.5085221 4.9158775 1.4135057
v -0.1209392 4.9838533 1.8654905
v -0.1370244 4.9827285 1.7364943
v 3.4855966 4.7849480 1.2864943
v -0.1209392 4.9838533 1.8654905
v 3.4855966 4.7849480 1.2864943
v 3.5016818 4.7860728 1.4154905
v -0.1370244 4.9827285 1.7364943
v -0.1301841 5.1125333 1.7345095
v 3.4924369 4.9147528 1.2845095
v -0.1370244 4.9827285 1.7364943
v 3.4924369 4.9147528 1.2845095
v 3.4855966 4.7849480 1.2864943
v 0.1211848 1.5213199 -1.8654905
v 0.1050995 1.5201951 -1.7364943
v 3.6649397 2.2202222 -1.2864943
v 0.1211848 1.5213199 -1.8654905
v 3.6649397 2.2202222 -1.2864943
v 3.6810249 2.2213470 -1.4154905
v 0.1050995 1.5201951 -1.7364943
v 0.1299385 1.3926056 -1.7345095
v 3.6897787 2.0926327 -1.2845095
v 0.1050995 1.5201951 -1.7364943
v 3.6897787 2.0926327 -1.2845095
v 3.6649397 2.2202222 -1.2864943
v 0.1299385 1.3926056 -1.7345095
v 0.1460238 1.3937304 -1.8635057
v 3.7058640 2.0937575 -1.4135057
v 0.1299385 1.3926056 -1.7345095
v 3.7058640 2.0937575 -1.4135057
v 3.6897787 2.0926327 -1.2845095
v 0.1460238 1.3937304 -1.8635057
v 0.1211848 1.5213199 -1.8654905
v 3.6810249 2.2213470 -1.4154905
v 0.1460238 1.3937304 -1.8635057
v 3.6810249 2.2213470 -1.4154905
v 3.7058640 2.0937575 -1.4135057
v 0.1050995 1.5201951 1.7364943
v 0.1211848 1.5213199 1.8654905
v 3.6810249 2.2213470 1.4154905
v 0.1050995 1.5201951 1.7364943
v 3.6810249 2.2213470 1.4154905
v 3.6649397 2.2202222 1.2864943
v 0.1211848 1.5213199 1.8654905
v 0.1460238 1.3937304 1.8635057
v 3.7058640 2.0937575 1.4135057
v 0.1211848 1.5213199 1.8654905
v 3.7058640 2.0937575 1.4135057
v 3.6810249 2.2213470 1.4154905
v 0.1460238 1.3937304 1.8635057
v 0.1299385 1.3926056 1.7345095
v 3.6897787 2.0926327 1.2845095
v 0.1460238 1.3937304 1.8635057
v 3.6897787 2.0926327 1.2845095
v 3.7058640 2.0937575 1.4135057
v 0.1299385 1.3926056 1.7345095
v 0.1050995 1.5201951 1.7364943
v 3.6649397 2.2202222 1.2864943
v 0.1299385 1.3926056 1.7345095
v 3.6649397 2.2202222 1.2864943
v 3.6897787 2.0926327 1.2845095
v -0.1549536 5.0175533 -1.7479442
v -0.1540164 5.0041510 -1.8419894
v 3.6569471 2.1129476 -1.3919894
v -0.1549536 5.0175533 -1.7479442
v 3.6569471 2.1129476 -1.3919894
v 3.6560099 2.1263499 -1.2979442
v -0.1540164 5.0041510 -1.8419894
v -0.0961697 5.0788333 -1.8520558
v 3.7147937 2.1876298 -1.4020558
v -0.1540164 5.0041510 -1.8419894
v 3.7147937 2.1876298 -1.4020558
v 3.6569471 2.1129476 -1.3919894
v -0.0961697 5.0788333 -1.8520558
v -0.0971069 5.0922356 -1.7580106
v 3.7138565 2.2010321 -1.3080106
v -0.0961697 5.0788333 -1.8520558
v 3.7138565 2.2010321 -1.3080106
v 3.7147937 2.1876298 -1.4020558
v -0.0971069 5.0922356 -1.7580106
v -0.1549536 5.0175533 -1.7479442
v 3.6560099 2.1263499 -1.2979442
v -0.0971069 5.0922356 -1.7580106
v 3.6560099 2.1263499 -1.2979442
v 3.7138565 2.2010321 -1.3080106
v 0.0912543 1.4966162 -1.8419894
v 0.0921915 1.4832139 -1.7479442
v 3.4636892 4.8766640 -1.2979442
v 0.0912543 1.4966162 -1.8419894
v 3.4636892 4.8766640 -1.2979442
v 3.4627520 4.8900663 -1.3919894
v 0.0921915 1.4832139 -1.7479442
v 0.1598690 1.4173092 -1.7580106
v 3.5313666 4.8107593 -1.3080106
v 0.0921915 1.4832139 -1.7479442
v 3.5313666 4.8107593 -1.3080106
v 3.4636892 4.8766640 -1.2979442
v 0.1598690 1.4173092 -1.7580106
v 0.1589318 1.4307115 -1.8520558
v 3.5304295 4.8241616 -1.4020558
v 0.1598690 1.4173092 -1.7580106
v 3.5304295 4.8241616 -1.4020558
v 3.5313666 4.8107593 -1.3080106
v 0.1589318 1.4307115 -1.8520558
v 0.0912543 1.4966162 -1.8419894
v 3.4627520 4.8900663 -1.3919894
v 0.1589318 1.4307115 -1.8520558
v 3.4627520 4.8900663 -1.3919894
v 3.5304295 4.8241616 -1.4020558
v -0.1598717 5.0878860 -1.7580499
v -0.1533114 4.9940699 -1.7714850
v 3.4693096 4.7962894 1.3785150
v -0.1598717 5.0878860 -1.7580499
v 3.4693096 4.7962894 1.3785150
v 3.4627493 4.8901055 1.3919501
v -0.1533114 4.9940699 -1.7714850
v -0.0912516 5.0085006 -1.8419501
v 3.5313694 4.8107201 1.3080499
v -0.1533114 4.9940699 -1.7714850
v 3.5313694 4.8107201 1.3080499
v 3.4693096 4.7962894 1.3785150
v -0.0912516 5.0085006 -1.8419501
v -0.0978119 5.1023167 -1.8285150
v 3.5248091 4.9045362 1.3214850
v -0.0912516 5.0085006 -1.8419501
v 3.5248091 4.9045362 1.3214850
v 3.5313694 4.8107201 1.3080499
v -0.0978119 5.1023167 -1.8285150
v -0.1598717 5.0878860 -1.7580499
v 3.4627493 4.8901055 1.3919501
v -0.0978119 5.1023167 -1.8285150
v 3.4627493 4.8901055 1.3919501
v 3.5248091 4.9045362 1.3214850
v -0.1533114 4.9940699 1.7714850
v -0.1598717 5.0878860 1.7580499
v 3.4627493 4.8901055 -1.3919501
v -0.1533114 4.9940699 1.7714850
v 3.4627493 4.8901055 -1.3919501
v 3.4693096 4.7962894 -1.3785150
v -0.1598717 5.0878860 1.7580499
v -0.0978119 5.1023167 1.8285150
v 3.5248091 4.9045362 -1.3214850
v -0.1598717 5.0878860 1.7580499
v 3.5248091 4.9045362 -1.3214850
v 3.4627493 4.8901055 -1.3919501
v -0.0978119 5.1023167 1.8285150
v -0.0912516 5.0085006 1.8419501
v 3.5313694 4.8107201 -1.3080499
v -0.0978119 5.1023167 1.8285150
v 3.5313694 4.8107201 -1.3080499
v 3.5248091 4.9045362 -1.3214850
v -0.0912516 5.0085006 1.8419501
v -0.1533114 4.9940699 1.7714850
v 3.4693096 4.7962894 -1.3785150
v -0.0912516 5.0085006 1.8419501
v 3.4693096 4.7962894 -1.3785150
v 3.5313694 4.8107201 -1.3080499
v -0.1540164 5.0041510 1.8419894
v -0.1549536 5.0175533 1.7479442
v 3.6560099 2.1263499 1.2979442
v -0.1540164 5.0041510 1.8419894
v 3.6560099 2.1263499 1.2979442
v 3.6569471 2.1129476 1.3919894
v -0.1549536 5.0175533 1.7479442
v -0.0971069 5.0922356 1.7580106
v 3.7138565 2.2010321 1.3080106
v -0.1549536 5.0175533 1.7479442
v 3.7138565 2.2010321 1.3080106
v 3.6560099 2.1263499 1.2979442
v -0.0971069 5.0922356 1.7580106
v -0.0961697 5.0788333 1.8520558
v 3.7147937 2.1876298 1.4020558
v -0.0971069 5.0922356 1.7580106
v 3.7147937 2.1876298 1.4020558
v 3.7138565 2.2010321 1.3080106
v -0.0961697 5.0788333 1.8520558
v -0.1540164 5.0041510 1.8419894
v 3.6569471 2.1129476 1.3919894
v -0.0961697 5.0788333 1.8520558
v 3.6569471 2.1129476 1.3919894
v 3.7147937 2.1876298 1.4020558
v 0.0921915 1.4832139 1.7479442
v 0.0912543 1.4966162 1.8419894
v 3.4627520 4.8900663 1.3919894
v 0.0921915 1.4832139 1.7479442
v 3.4627520 4.8900663 1.3919894
v 3.4636892 4.8766640 1.2979442
v 0.0912543 1.4966162 1.8419894
v 0.1589318 1.4307115 1.8520558
v 3.5304295 4.8241616 1.4020558
v 0.0912543 1.4966162 1.8419894
v 3.5304295 4.8241616 1.4020558
v 3.4627520 4.8900663 1.3919894
v 0.1589318 1.4307115 1.8520558
v 0.1598690 1.4173092 1.7580106
v 3.5313666 4.8107593 1.3080106
v 0.1589318 1.4307115 1.8520558
v 3.5313666 4.8107593 1.3080106
v 3.5304295 4.8241616 1.4020558
v 0.1598690 1.4173092 1.7580106
v 0.0921915 1.4832139 1.7479442
v 3.4636892 4.8766640 1.2979442
v 0.1598690 1.4173092 1.7580106
v 3.4636892 4.8766640 1.2979442
v 3.5313666 4.8107593 1.3080106
v 0.0905494 1.5066974 -1.7714850
v 0.0971097 1.4128812 -1.7580499
v 3.6569498 2.1129084 1.3919501
v 0.0905494 1.5066974 -1.7714850
v 3.6569498 2.1129084 1.3919501
v 3.6503896 2.2067245 1.3785150
v 0.0971097 1.4128812 -1.7580499
v 0.1605739 1.4072281 -1.8285150
v 3.7204141 2.1072552 1.3214850
v 0.0971097 1.4128812 -1.7580499
v 3.7204141 2.1072552 1.3214850
v 3.6569498 2.1129084 1.3919501
v 0.1605739 1.4072281 -1.8285150
v 0.1540136 1.5010442 -1.8419501
v 3.7138538 2.2010713 1.3080499
v 0.1605739 1.4072281 -1.8285150
v 3.7138538 2.2010713 1.3080499
v 3.7204141 2.1072552 1.3214850
v 0.1540136 1.5010442 -1.8419501
v 0.0905494 1.5066974 -1.7714850
v 3.6503896 2.2067245 1.3785150
v 0.1540136 1.5010442 -1.8419501
v 3.6503896 2.2067245 1.3785150
v 3.7138538 2.2010713 1.3080499
v 0.0971097 1.4128812 1.7580499
v 0.0905494 1.5066974 1.7714850
v 3.6503896 2.2067245 -1.3785150
v 0.0971097 1.4128812 1.7580499
v 3.6503896 2.2067245 -1.3785150
v 3.6569498 2.1129084 -1.3919501
v 0.0905494 1.5066974 1.7714850
v 0.1540136 1.5010442 1.8419501
v 3.7138538 2.2010713 -1.3080499
v 0.0905494 1.5066974 1.7714850
v 3.7138538 2.2010713 -1.3080499
v 3.6503896 2.2067245 -1.3785150
v 0.1540136 1.5010442 1.8419501
v 0.1605739 1.4072281 1.8285150
v 3.7204141 2.1072552 -1.3214850
v 0.1540136 1.5010442 1.8419501
v 3.7204141 2.1072552 -1.3214850
v 3.7138538 2.2010713 -1.3080499
v 0.1605739 1.4072281 1.8285150
v 0.0971097 1.4128812 1.7580499
v 3.6569498 2.1129084 -1.3919501
v 0.1605739 1.4072281 1.8285150
v 3.6569498 2.1129084 -1.3919501
v 3.7204141 2.1072552 -1.3214850
v 3.4446872 4.8467506 -1.2975000
v 3.4446872 4.8467506 -1.4025000
v 3.6330297 2.1533276 -1.4025000
v 3.4446872 4.8467506 -1.2975000
v 3.6330297 2.1533276 -1.4025000
v 3.6330297 2.1533276 -1.2975000
v 3.4446872 4.8467506 -1.4025000
v 3.5494315 4.8540750 -1.4025000
v 3.7377739 2.1606521 -1.4025000
v 3.4446872 4.8467506 -1.4025000
v 3.7377739 2.1606521 -1.4025000
v 3.6330297 2.1533276 -1.4025000
v 3.5494315 4.8540750 -1.4025000
v 3.5494315 4.8540750 -1.2975000
v 3.7377739 2.1606521 -1.2975000
v 3.5494315 4.8540750 -1.4025000
v 3.7377739 2.1606521 -1.2975000
v 3.7377739 2.1606521 -1.4025000
v 3.5494315 4.8540750 -1.2975000
v 3.4446872 4.8467506 -1.2975000
v 3.6330297 2.1533276 -1.2975000
v 3.5494315 4.8540750 -1.2975000
v 3.6330297 2.1533276 -1.2975000
v 3.7377739 2.1606521 -1.2975000
v 3.4410250 4.8991227 -1.3500000
v 3.4483494 4.7943785 -1.3500000
v 3.4483494 4.7943785 1.3500000
v 3.4410250 4.8991227 -1.3500000
v 3.4483494 4.7943785 1.3500000
v 3.4410250 4.8991227 1.3500000
v 3.4483494 4.7943785 -1.3500000
v 3.5530937 4.8017029 -1.3500000
v 3.5530937 4.8017029 1.3500000
v 3.4483494 4.7943785 -1.3500000
v 3.5530937 4.8017029 1.3500000
v 3.4483494 4.7943785 1.3500000
v 3.5530937 4.8017029 -1.3500000
v 3.5457692 4.9064471 -1.3500000
v 3.5457692 4.9064471 1.3500000
v 3.5530937 4.8017029 -1.3500000
v 3.5457692 4.9064471 1.3500000
v 3.5530937 4.8017029 1.3500000
v 3.5457692 4.9064471 -1.3500000
v 3.4410250 4.8991227 -1.3500000
v 3.4410250 4.8991227 1.3500000
v 3.5457692 4.9064471 -1.3500000
v 3.4410250 4.8991227 1.3500000
v 3.5457692 4.9064471 1.3500000
v 3.4446872 4.8467506 1.4025000
v 3.4446872 4.8467506 1.2975000
v 3.6330297 2.1533276 1.2975000
v 3.4446872 4.8467506 1.4025000
v 3.6330297 2.1533276 1.2975000
v 3.6330297 2.1533276 1.4025000
v 3.4446872 4.8467506 1.2975000
v 3.5494315 4.8540750 1.2975000
v 3.7377739 2.1606521 1.2975000
v 3.4446872 4.8467506 1.2975000
v 3.7377739 2.1606521 1.2975000
v 3.6330297 2.1533276 1.2975000
v 3.5494315 4.8540750 1.2975000
v 3.5494315 4.8540750 1.4025000
v 3.7377739 2.1606521 1.4025000
v 3.5494315 4.8540750 1.2975000
v 3.7377739 2.1606521 1.4025000
v 3.7377739 2.1606521 1.2975000
v 3.5494315 4.8540750 1.4025000
v 3.4446872 4.8467506 1.4025000
v 3.6330297 2.1533276 1.4025000
v 3.5494315 4.8540750 1.4025000
v 3.6330297 2.1533276 1.4025000
v 3.7377739 2.1606521 1.4025000
v 3.6293675 2.2056997 -1.3500000
v 3.6366919 2.1009555 -1.3500000
v 3.6366919 2.1009555 1.3500000
v 3.6293675 2.2056997 -1.3500000
v 3.6366919 2.1009555 1.3500000
v 3.6293675 2.2056997 1.3500000
v 3.6366919 2.1009555 -1.3500000
v 3.7414361 2.1082799 -1.3500000
v 3.7414361 2.1082799 1.3500000
v 3.6366919 2.1009555 -1.3500000
v 3.7414361 2.1082799 1.3500000
v 3.6366919 2.1009555 1.3500000
v 3.7414361 2.1082799 -1.3500000
v 3.7341117 2.2130242 -1.3500000
v 3.7341117 2.2130242 1.3500000
v 3.7414361 2.1082799 -1.3500000
v 3.7341117 2.2130242 1.3500000
v 3.7414361 2.1082799 1.3500000
v 3.7341117 2.2130242 -1.3500000
v 3.6293675 2.2056997 -1.3500000
v 3.6293675 2.2056997 1.3500000
v 3.7341117 2.2130242 -1.3500000
v 3.6293675 2.2056997 1.3500000
v 3.7341117 2.2130242 1.3500000
v 3.5057115 4.9158400 -1.4139876
v 3.4924801 4.9149148 -1.2846661
v 7.4108825 4.7879394 -0.8846661
v 3.5057115 4.9158400 -1.4139876
v 7.4108825 4.7879394 -0.8846661
v 7.4241139 4.7888646 -1.0139876
v 3.4924801 4.9149148 -1.2846661
v 3.4884072 4.7849856 -1.2860124
v 7.4068096 4.6580102 -0.8860124
v 3.4924801 4.9149148 -1.2846661
v 7.4068096 4.6580102 -0.8860124
v 7.4108825 4.7879394 -0.8846661
v 3.4884072 4.7849856 -1.2860124
v 3.5016386 4.7859108 -1.4153339
v 7.4200410 4.6589354 -1.0153339
v 3.4884072 4.7849856 -1.2860124
v 7.4200410 4.6589354 -1.0153339
v 7.4068096 4.6580102 -0.8860124
v 3.5016386 4.7859108 -1.4153339
v 3.5057115 4.9158400 -1.4139876
v 7.4241139 4.7888646 -1.0139876
v 3.5016386 4.7859108 -1.4153339
v 7.4241139 4.7888646 -1.0139876
v 7.4200410 4.6589354 -1.0153339
v 3.4924801 4.9149148 1.2846661
v 3.5057115 4.9158400 1.4139876
v 7.4241139 4.7888646 1.0139876
v 3.4924801 4.9149148 1.2846661
v 7.4241139 4.7888646 1.0139876
v 7.4108825 4.7879394 0.8846661
v 3.5057115 4.9158400 1.4139876
v 3.5016386 4.7859108 1.4153339
v 7.4200410 4.6589354 1.0153339
v 3.5057115 4.9158400 1.4139876
v 7.4200410 4.6589354 1.0153339
v 7.4241139 4.7888646 1.0139876
v 3.5016386 4.7859108 1.4153339
v 3.4884072 4.7849856 1.2860124
v 7.4068096 4.6580102 0.8860124
v 3.5016386 4.7859108 1.4153339
v 7.4068096 4.6580102 0.8860124
v 7.4200410 4.6589354 1.0153339
v 3.4884072 4.7849856 1.2860124
v 3.4924801 4.9149148 1.2846661
v 7.4108825 4.7879394 0.8846661
v 3.4884072 4.7849856 1.2860124
v 7.4108825 4.7879394 0.8846661
v 7.4068096 4.6580102 0.8860124
v 3.6809596 2.2215014 -1.4153339
v 3.6677281 2.2205762 -1.2860124
v 7.5303253 2.8916520 -0.8860124
v 3.6809596 2.2215014 -1.4153339
v 7.5303253 2.8916520 -0.8860124
v 7.5435568 2.8925773 -1.0153339
v 3.6677281 2.2205762 -1.2860124
v 3.6898441 2.0924783 -1.2846661
v 7.5524413 2.7635541 -0.8846661
v 3.6677281 2.2205762 -1.2860124
v 7.5524413 2.7635541 -0.8846661
v 7.5303253 2.8916520 -0.8860124
v 3.6898441 2.0924783 -1.2846661
v 3.7030755 2.0934035 -1.4139876
v 7.5656727 2.7644794 -1.0139876
v 3.6898441 2.0924783 -1.2846661
v 7.5656727 2.7644794 -1.0139876
v 7.5524413 2.7635541 -0.8846661
v 3.7030755 2.0934035 -1.4139876
v 3.6809596 2.2215014 -1.4153339
v 7.5435568 2.8925773 -1.0153339
v 3.7030755 2.0934035 -1.4139876
v 7.5435568 2.8925773 -1.0153339
v 7.5656727 2.7644794 -1.0139876
v 3.6677281 2.2205762 1.2860124
v 3.6809596 2.2215014 1.4153339
v 7.5435568 2.8925773 1.0153339
v 3.6677281 2.2205762 1.2860124
v 7.5435568 2.8925773 1.0153339
v 7.5303253 2.8916520 0.8860124
v 3.6809596 2.2215014 1.4153339
v 3.7030755 2.0934035 1.4139876
v 7.5656727 2.7644794 1.0139876
v 3.6809596 2.2215014 1.4153339
v 7.5656727 2.7644794 1.0139876
v 7.5435568 2.8925773 1.0153339
v 3.7030755 2.0934035 1.4139876
v 3.6898441 2.0924783 1.2846661
v 7.5524413 2.7635541 0.8846661
v 3.7030755 2.0934035 1.4139876
v 7.5524413 2.7635541 0.8846661
v 7.5656727 2.7644794 1.0139876
v 3.6898441 2.0924783 1.2846661
v 3.6677281 2.2205762 1.2860124
v 7.5303253 2.8916520 0.8860124
v 3.6898441 2.0924783 1.2846661
v 7.5303253 2.8916520 0.8860124
v 7.5524413 2.7635541 0.8846661
v 3.4749556 4.8167742 -1.2962192
v 3.4760910 4.8005365 -1.3898144
v 7.5270307 2.7781894 -0.9898144
v 3.4749556 4.8167742 -1.2962192
v 7.5270307 2.7781894 -0.9898144
v 7.5258952 2.7944272 -0.8962192
v 3.4760910 4.8005365 -1.3898144
v 3.5191631 4.8840513 -1.4037808
v 7.5701028 2.8617043 -1.0037808
v 3.4760910 4.8005365 -1.3898144
v 7.5701028 2.8617043 -1.0037808
v 7.5270307 2.7781894 -0.9898144
v 3.5191631 4.8840513 -1.4037808
v 3.5180277 4.9002891 -1.3101856
v 7.5689674 2.8779420 -0.9101856
v 3.5191631 4.8840513 -1.4037808
v 7.5689674 2.8779420 -0.9101856
v 7.5701028 2.8617043 -1.0037808
v 3.5180277 4.9002891 -1.3101856
v 3.4749556 4.8167742 -1.2962192
v 7.5258952 2.7944272 -0.8962192
v 3.5180277 4.9002891 -1.3101856
v 7.5258952 2.7944272 -0.8962192
v 7.5689674 2.8779420 -0.9101856
v 3.6576961 2.2034625 -1.3898144
v 3.6588316 2.1872248 -1.2962192
v 7.3888915 4.7536723 -0.8962192
v 3.6576961 2.2034625 -1.3898144
v 7.3888915 4.7536723 -0.8962192
v 7.3877560 4.7699101 -0.9898144
v 3.6588316 2.1872248 -1.2962192
v 3.7131075 2.1105172 -1.3101856
v 7.4431674 4.6769647 -0.9101856
v 3.6588316 2.1872248 -1.2962192
v 7.4431674 4.6769647 -0.9101856
v 7.3888915 4.7536723 -0.8962192
v 3.7131075 2.1105172 -1.3101856
v 3.7119721 2.1267549 -1.4037808
v 7.4420320 4.6932025 -1.0037808
v 3.7131075 2.1105172 -1.3101856
v 7.4420320 4.6932025 -1.0037808
v 7.4431674 4.6769647 -0.9101856
v 3.7119721 2.1267549 -1.4037808
v 3.6576961 2.2034625 -1.3898144
v 7.3877560 4.7699101 -0.9898144
v 3.7119721 2.1267549 -1.4037808
v 7.3877560 4.7699101 -0.9898144
v 7.4420320 4.6932025 -1.0037808
v 3.4699450 4.8884283 -1.3017079
v 3.4764739 4.7950612 -1.3179853
v 7.3948763 4.6680858 0.9820147
v 3.4699450 4.8884283 -1.3017079
v 7.3948763 4.6680858 0.9820147
v 7.3883474 4.7614530 0.9982921
v 3.4764739 4.7950612 -1.3179853
v 3.5241737 4.8123972 -1.3982921
v 7.4425761 4.6854218 0.9017079
v 3.4764739 4.7950612 -1.3179853
v 7.4425761 4.6854218 0.9017079
v 7.3948763 4.6680858 0.9820147
v 3.5241737 4.8123972 -1.3982921
v 3.5176448 4.9057643 -1.3820147
v 7.4360472 4.7787890 0.9179853
v 3.5241737 4.8123972 -1.3982921
v 7.4360472 4.7787890 0.9179853
v 7.4425761 4.6854218 0.9017079
v 3.5176448 4.9057643 -1.3820147
v 3.4699450 4.8884283 -1.3017079
v 7.3883474 4.7614530 0.9982921
v 3.5176448 4.9057643 -1.3820147
v 7.3883474 4.7614530 0.9982921
v 7.4360472 4.7787890 0.9179853
v 3.4764739 4.7950612 1.3179853
v 3.4699450 4.8884283 1.3017079
v 7.3883474 4.7614530 -0.9982921
v 3.4764739 4.7950612 1.3179853
v 7.3883474 4.7614530 -0.9982921
v 7.3948763 4.6680858 -0.9820147
v 3.4699450 4.8884283 1.3017079
v 3.5176448 4.9057643 1.3820147
v 7.4360472 4.7787890 -0.9179853
v 3.4699450 4.8884283 1.3017079
v 7.4360472 4.7787890 -0.9179853
v 7.3883474 4.7614530 -0.9982921
v 3.5176448 4.9057643 1.3820147
v 3.5241737 4.8123972 1.3982921
v 7.4425761 4.6854218 -0.9017079
v 3.5176448 4.9057643 1.3820147
v 7.4425761 4.6854218 -0.9017079
v 7.4360472 4.7787890 -0.9179853
v 3.5241737 4.8123972 1.3982921
v 3.4764739 4.7950612 1.3179853
v 7.3948763 4.6680858 -0.9820147
v 3.5241737 4.8123972 1.3982921
v 7.3948763 4.6680858 -0.9820147
v 7.4425761 4.6854218 -0.9017079
v 3.4760910 4.8005365 1.3898144
v 3.4749556 4.8167742 1.2962192
v 7.5258952 2.7944272 0.8962192
v 3.4760910 4.8005365 1.3898144
v 7.5258952 2.7944272 0.8962192
v 7.5270307 2.7781894 0.9898144
v 3.4749556 4.8167742 1.2962192
v 3.5180277 4.9002891 1.3101856
v 7.5689674 2.8779420 0.9101856
v 3.4749556 4.8167742 1.2962192
v 7.5689674 2.8779420 0.9101856
v 7.5258952 2.7944272 0.8962192
v 3.5180277 4.9002891 1.3101856
v 3.5191631 4.8840513 1.4037808
v 7.5701028 2.8617043 1.0037808
v 3.5180277 4.9002891 1.3101856
v 7.5701028 2.8617043 1.0037808
v 7.5689674 2.8779420 0.9101856
v 3.5191631 4.8840513 1.4037808
v 3.4760910 4.8005365 1.3898144
v 7.5270307 2.7781894 0.9898144
v 3.5191631 4.8840513 1.4037808
v 7.5270307 2.7781894 0.9898144
v 7.5701028 2.8617043 1.0037808
v 3.6588316 2.1872248 1.2962192
v 3.6576961 2.2034625 1.3898144
v 7.3877560 4.7699101 0.9898144
v 3.6588316 2.1872248 1.2962192
v 7.3877560 4.7699101 0.9898144
v 7.3888915 4.7536723 0.8962192
v 3.6576961 2.2034625 1.3898144
v 3.7119721 2.1267549 1.4037808
v 7.4420320 4.6932025 1.0037808
v 3.6576961 2.2034625 1.3898144
v 7.4420320 4.6932025 1.0037808
v 7.3877560 4.7699101 0.9898144
v 3.7119721 2.1267549 1.4037808
v 3.7131075 2.1105172 1.3101856
v 7.4431674 4.6769647 0.9101856
v 3.7119721 2.1267549 1.4037808
v 7.4431674 4.6769647 0.9101856
v 7.4420320 4.6932025 1.0037808
v 3.7131075 2.1105172 1.3101856
v 3.6588316 2.1872248 1.2962192
v 7.3888915 4.7536723 0.8962192
v 3.7131075 2.1105172 1.3101856
v 7.3888915 4.7536723 0.8962192
v 7.4431674 4.6769647 0.9101856
v 3.6573132 2.2089378 -1.3179853
v 3.6638421 2.1155707 -1.3017079
v 7.5264393 2.7866465 0.9982921
v 3.6573132 2.2089378 -1.3179853
v 7.5264393 2.7866465 0.9982921
v 7.5199104 2.8800137 0.9820147
v 3.6638421 2.1155707 -1.3017079
v 3.7134904 2.1050419 -1.3820147
v 7.5760876 2.7761178 0.9179853
v 3.6638421 2.1155707 -1.3017079
v 7.5760876 2.7761178 0.9179853
v 7.5264393 2.7866465 0.9982921
v 3.7134904 2.1050419 -1.3820147
v 3.7069615 2.1984090 -1.3982921
v 7.5695587 2.8694849 0.9017079
v 3.7134904 2.1050419 -1.3820147
v 7.5695587 2.8694849 0.9017079
v 7.5760876 2.7761178 0.9179853
v 3.7069615 2.1984090 -1.3982921
v 3.6573132 2.2089378 -1.3179853
v 7.5199104 2.8800137 0.9820147
v 3.7069615 2.1984090 -1.3982921
v 7.5199104 2.8800137 0.9820147
v 7.5695587 2.8694849 0.9017079
v 3.6638421 2.1155707 1.3017079
v 3.6573132 2.2089378 1.3179853
v 7.5199104 2.8800137 -0.9820147
v 3.6638421 2.1155707 1.3017079
v 7.5199104 2.8800137 -0.9820147
v 7.5264393 2.7866465 -0.9982921
v 3.6573132 2.2089378 1.3179853
v 3.7069615 2.1984090 1.3982921
v 7.5695587 2.8694849 -0.9017079
v 3.6573132 2.2089378 1.3179853
v 7.5695587 2.8694849 -0.9017079
v 7.5199104 2.8800137 -0.9820147
v 3.7069615 2.1984090 1.3982921
v 3.7134904 2.1050419 1.3820147
v 7.5760876 2.7761178 -0.9179853
v 3.7069615 2.1984090 1.3982921
v 7.5760876 2.7761178 -0.9179853
v 7.5695587 2.8694849 -0.9017079
v 3.7134904 2.1050419 1.3820147
v 3.6638421 2.1155707 1.3017079
v 7.5264393 2.7866465 -0.9982921
v 3.7134904 2.1050419 1.3820147
v 7.5264393 2.7866465 -0.9982921
v 7.5760876 2.7761178 -0.9179853
v 7.3630896 4.7197752 -0.8975000
v 7.3630896 4.7197752 -1.0025000
v 7.4956269 2.8244035 -1.0025000
v 7.3630896 4.7197752 -0.8975000
v 7.4956269 2.8244035 -1.0025000
v 7.4956269 2.8244035 -0.8975000
v 7.3630896 4.7197752 -1.0025000
v 7.4678338 4.7270996 -1.0025000
v 7.6003711 2.8317279 -1.0025000
v 7.3630896 4.7197752 -1.0025000
v 7.6003711 2.8317279 -1.0025000
v 7.4956269 2.8244035 -1.0025000
v 7.4678338 4.7270996 -1.0025000
v 7.4678338 4.7270996 -0.8975000
v 7.6003711 2.8317279 -0.8975000
v 7.4678338 4.7270996 -1.0025000
v 7.6003711 2.8317279 -0.8975000
v 7.6003711 2.8317279 -1.0025000
v 7.4678338 4.7270996 -0.8975000
v 7.3630896 4.7197752 -0.8975000
v 7.4956269 2.8244035 -0.8975000
v 7.4678338 4.7270996 -0.8975000
v 7.4956269 2.8244035 -0.8975000
v 7.6003711 2.8317279 -0.8975000
v 7.3594274 4.7721473 -0.9500000
v 7.3667518 4.6674031 -0.9500000
v 7.3667518 4.6674031 0.9500000
v 7.3594274 4.7721473 -0.9500000
v 7.3667518 4.6674031 0.9500000
v 7.3594274 4.7721473 0.9500000
v 7.3667518 4.6674031 -0.9500000
v 7.4714961 4.6747275 -0.9500000
v 7.4714961 4.6747275 0.9500000
v 7.3667518 4.6674031 -0.9500000
v 7.4714961 4.6747275 0.9500000
v 7.3667518 4.6674031 0.9500000
v 7.4714961 4.6747275 -0.9500000
v 7.4641716 4.7794717 -0.9500000
v 7.4641716 4.7794717 0.9500000
v 7.4714961 4.6747275 -0.9500000
v 7.4641716 4.7794717 0.9500000
v 7.4714961 4.6747275 0.9500000
v 7.4641716 4.7794717 -0.9500000
v 7.3594274 4.7721473 -0.9500000
v 7.3594274 4.7721473 0.9500000
v 7.4641716 4.7794717 -0.9500000
v 7.3594274 4.7721473 0.9500000
v 7.4641716 4.7794717 0.9500000
v 7.3630896 4.7197752 1.0025000
v 7.3630896 4.7197752 0.8975000
v 7.4956269 2.8244035 0.8975000
v 7.3630896 4.7197752 1.0025000
v 7.4956269 2.8244035 0.8975000
v 7.4956269 2.8244035 1.0025000
v 7.3630896 4.7197752 0.8975000
v 7.4678338 4.7270996 0.8975000
v 7.6003711 2.8317279 0.8975000
v 7.3630896 4.7197752 0.8975000
v 7.6003711 2.8317279 0.8975000
v 7.4956269 2.8244035 0.8975000
v 7.4678338 4.7270996 0.8975000
v 7.4678338 4.7270996 1.0025000
v 7.6003711 2.8317279 1.0025000
v 7.4678338 4.7270996 0.8975000
v 7.6003711 2.8317279 1.0025000
v 7.6003711 2.8317279 0.8975000
v 7.4678338 4.7270996 1.0025000
v 7.3630896 4.7197752 1.0025000
v 7.4956269 2.8244035 1.0025000
v 7.4678338 4.7270996 1.0025000
v 7.4956269 2.8244035 1.0025000
v 7.6003711 2.8317279 1.0025000
v 7.4919647 2.8767756 -0.9500000
v 7.4992891 2.7720314 -0.9500000
v 7.4992891 2.7720314 0.9500000
v 7.4919647 2.8767756 -0.9500000
v 7.4992891 2.7720314 0.9500000
v 7.4919647 2.8767756 0.9500000
v 7.4992891 2.7720314 -0.9500000
v 7.6040334 2.7793558 -0.9500000
v 7.6040334 2.7793558 0.9500000
v 7.4992891 2.7720314 -0.9500000
v 7.6040334 2.7793558 0.9500000
v 7.4992891 2.7720314 0.9500000
v 7.6040334 2.7793558 -0.9500000
v 7.5967089 2.8841000 -0.9500000
v 7.5967089 2.8841000 0.9500000
v 7.6040334 2.7793558 -0.9500000
v 7.5967089 2.8841000 0.9500000
v 7.6040334 2.7793558 0.9500000
v 7.5967089 2.8841000 -0.9500000
v 7.4919647 2.8767756 -0.9500000
v 7.4919647 2.8767756 0.9500000
v 7.5967089 2.8841000 -0.9500000
v 7.4919647 2.8767756 0.9500000
v 7.5967089 2.8841000 0.9500000
v 7.4265787 4.7888992 -1.0135701
v 7.4108456 4.7877991 -0.8845304
v 10.1272882 4.6469454 -0.5545304
v 7.4265787 4.7888992 -1.0135701
v 10.1272882 4.6469454 -0.5545304
v 10.1430213 4.6480456 -0.6835701
v 7.4108456 4.7877991 -0.8845304
v 7.4043447 4.6579756 -0.8864299
v 10.1207873 4.5171219 -0.5564299
v 7.4108456 4.7877991 -0.8845304
v 10.1207873 4.5171219 -0.5564299
v 10.1272882 4.6469454 -0.5545304
v 7.4043447 4.6579756 -0.8864299
v 7.4200778 4.6590758 -1.0154696
v 10.1365204 4.5182221 -0.6854696
v 7.4043447 4.6579756 -0.8864299
v 10.1365204 4.5182221 -0.6854696
v 10.1207873 4.5171219 -0.5564299
v 7.4200778 4.6590758 -1.0154696
v 7.4265787 4.7888992 -1.0135701
v 10.1430213 4.6480456 -0.6835701
v 7.4200778 4.6590758 -1.0154696
v 10.1430213 4.6480456 -0.6835701
v 10.1365204 4.5182221 -0.6854696
v 7.4108456 4.7877991 0.8845304
v 7.4265787 4.7888992 1.0135701
v 10.1430213 4.6480456 0.6835701
v 7.4108456 4.7877991 0.8845304
v 10.1430213 4.6480456 0.6835701
v 10.1272882 4.6469454 0.5545304
v 7.4265787 4.7888992 1.0135701
v 7.4200778 4.6590758 1.0154696
v 10.1365204 4.5182221 0.6854696
v 7.4265787 4.7888992 1.0135701
v 10.1365204 4.5182221 0.6854696
v 10.1430213 4.6480456 0.6835701
v 7.4200778 4.6590758 1.0154696
v 7.4043447 4.6579756 0.8864299
v 10.1207873 4.5171219 0.5564299
v 7.4200778 4.6590758 1.0154696
v 10.1207873 4.5171219 0.5564299
v 10.1365204 4.5182221 0.6854696
v 7.4043447 4.6579756 0.8864299
v 7.4108456 4.7877991 0.8845304
v 10.1272882 4.6469454 0.5545304
v 7.4043447 4.6579756 0.8864299
v 10.1272882 4.6469454 0.5545304
v 10.1207873 4.5171219 0.5564299
v 7.5436128 2.8924434 -1.0154696
v 7.5278797 2.8913433 -0.8864299
v 10.1982830 3.4088819 -0.5564299
v 7.5436128 2.8924434 -1.0154696
v 10.1982830 3.4088819 -0.5564299
v 10.2140161 3.4099820 -0.6854696
v 7.5278797 2.8913433 -0.8864299
v 7.5523853 2.7636880 -0.8845304
v 10.2227885 3.2812266 -0.5545304
v 7.5278797 2.8913433 -0.8864299
v 10.2227885 3.2812266 -0.5545304
v 10.1982830 3.4088819 -0.5564299
v 7.5523853 2.7636880 -0.8845304
v 7.5681184 2.7647882 -1.0135701
v 10.2385217 3.2823268 -0.6835701
v 7.5523853 2.7636880 -0.8845304
v 10.2385217 3.2823268 -0.6835701
v 10.2227885 3.2812266 -0.5545304
v 7.5681184 2.7647882 -1.0135701
v 7.5436128 2.8924434 -1.0154696
v 10.2140161 3.4099820 -0.6854696
v 7.5681184 2.7647882 -1.0135701
v 10.2140161 3.4099820 -0.6854696
v 10.2385217 3.2823268 -0.6835701
v 7.5278797 2.8913433 0.8864299
v 7.5436128 2.8924434 1.0154696
v 10.2140161 3.4099820 0.6854696
v 7.5278797 2.8913433 0.8864299
v 10.2140161 3.4099820 0.6854696
v 10.1982830 3.4088819 0.5564299
v 7.5436128 2.8924434 1.0154696
v 7.5681184 2.7647882 1.0135701
v 10.2385217 3.2823268 0.6835701
v 7.5436128 2.8924434 1.0154696
v 10.2385217 3.2823268 0.6835701
v 10.2140161 3.4099820 0.6854696
v 7.5681184 2.7647882 1.0135701
v 7.5523853 2.7636880 0.8845304
v 10.2227885 3.2812266 0.5545304
v 7.5681184 2.7647882 1.0135701
v 10.2227885 3.2812266 0.5545304
v 10.2385217 3.2823268 0.6835701
v 7.5523853 2.7636880 0.8845304
v 7.5278797 2.8913433 0.8864299
v 10.1982830 3.4088819 0.5564299
v 7.5523853 2.7636880 0.8845304
v 10.1982830 3.4088819 0.5564299
v 10.2227885 3.2812266 0.5545304
v 7.3933631 4.6916269 -0.8951161
v 7.3947262 4.6721334 -0.9880846
v 10.1976668 3.2943003 -0.6580846
v 7.3933631 4.6916269 -0.8951161
v 10.1976668 3.2943003 -0.6580846
v 10.1963037 3.3137939 -0.5651161
v 7.3947262 4.6721334 -0.9880846
v 7.4375604 4.7552479 -1.0048839
v 10.2405010 3.3774148 -0.6748839
v 7.3947262 4.6721334 -0.9880846
v 10.2405010 3.3774148 -0.6748839
v 10.1976668 3.2943003 -0.6580846
v 7.4375604 4.7552479 -1.0048839
v 7.4361973 4.7747414 -0.9119154
v 10.2391379 3.3969083 -0.5819154
v 7.4375604 4.7552479 -1.0048839
v 10.2391379 3.3969083 -0.5819154
v 10.2405010 3.3774148 -0.6748839
v 7.4361973 4.7747414 -0.9119154
v 7.3933631 4.6916269 -0.8951161
v 10.1963037 3.3137939 -0.5651161
v 7.4361973 4.7747414 -0.9119154
v 10.1963037 3.3137939 -0.5651161
v 10.2391379 3.3969083 -0.5819154
v 7.5203252 2.8759846 -0.9880846
v 7.5216883 2.8564911 -0.8951161
v 10.1055936 4.6110091 -0.5651161
v 7.5203252 2.8759846 -0.9880846
v 10.1055936 4.6110091 -0.5651161
v 10.1042304 4.6305026 -0.6580846
v 7.5216883 2.8564911 -0.8951161
v 7.5756729 2.7801468 -0.9119154
v 10.1595782 4.5346649 -0.5819154
v 7.5216883 2.8564911 -0.8951161
v 10.1595782 4.5346649 -0.5819154
v 10.1055936 4.6110091 -0.5651161
v 7.5756729 2.7801468 -0.9119154
v 7.5743098 2.7996404 -1.0048839
v 10.1582150 4.5541584 -0.6748839
v 7.5756729 2.7801468 -0.9119154
v 10.1582150 4.5541584 -0.6748839
v 10.1595782 4.5346649 -0.5819154
v 7.5743098 2.7996404 -1.0048839
v 7.5203252 2.8759846 -0.9880846
v 10.1042304 4.6305026 -0.6580846
v 7.5743098 2.7996404 -1.0048839
v 10.1042304 4.6305026 -0.6580846
v 10.1582150 4.5541584 -0.6748839
v 7.3886004 4.7597367 -0.9002674
v 7.3950855 4.6669946 -0.9198085
v 10.1115281 4.5261410 0.6501915
v 7.3886004 4.7597367 -0.9002674
v 10.1115281 4.5261410 0.6501915
v 10.1050430 4.6188830 0.6697326
v 7.3950855 4.6669946 -0.9198085
v 7.4423231 4.6871381 -0.9997326
v 10.1587656 4.5462845 0.5702674
v 7.3950855 4.6669946 -0.9198085
v 10.1587656 4.5462845 0.5702674
v 10.1115281 4.5261410 0.6501915
v 7.4423231 4.6871381 -0.9997326
v 7.4358379 4.7798802 -0.9801915
v 10.1522805 4.6390265 0.5898085
v 7.4423231 4.6871381 -0.9997326
v 10.1522805 4.6390265 0.5898085
v 10.1587656 4.5462845 0.5702674
v 7.4358379 4.7798802 -0.9801915
v 7.3886004 4.7597367 -0.9002674
v 10.1050430 4.6188830 0.6697326
v 7.4358379 4.7798802 -0.9801915
v 10.1050430 4.6188830 0.6697326
v 10.1522805 4.6390265 0.5898085
v 7.3950855 4.6669946 0.9198085
v 7.3886004 4.7597367 0.9002674
v 10.1050430 4.6188830 -0.6697326
v 7.3950855 4.6669946 0.9198085
v 10.1050430 4.6188830 -0.6697326
v 10.1115281 4.5261410 -0.6501915
v 7.3886004 4.7597367 0.9002674
v 7.4358379 4.7798802 0.9801915
v 10.1522805 4.6390265 -0.5898085
v 7.3886004 4.7597367 0.9002674
v 10.1522805 4.6390265 -0.5898085
v 10.1050430 4.6188830 -0.6697326
v 7.4358379 4.7798802 0.9801915
v 7.4423231 4.6871381 0.9997326
v 10.1587656 4.5462845 -0.5702674
v 7.4358379 4.7798802 0.9801915
v 10.1587656 4.5462845 -0.5702674
v 10.1522805 4.6390265 -0.5898085
v 7.4423231 4.6871381 0.9997326
v 7.3950855 4.6669946 0.9198085
v 10.1115281 4.5261410 -0.6501915
v 7.4423231 4.6871381 0.9997326
v 10.1115281 4.5261410 -0.6501915
v 10.1587656 4.5462845 -0.5702674
v 7.3947262 4.6721334 0.9880846
v 7.3933631 4.6916269 0.8951161
v 10.1963037 3.3137939 0.5651161
v 7.3947262 4.6721334 0.9880846
v 10.1963037 3.3137939 0.5651161
v 10.1976668 3.2943003 0.6580846
v 7.3933631 4.6916269 0.8951161
v 7.4361973 4.7747414 0.9119154
v 10.2391379 3.3969083 0.5819154
v 7.3933631 4.6916269 0.8951161
v 10.2391379 3.3969083 0.5819154
v 10.1963037 3.3137939 0.5651161
v 7.4361973 4.7747414 0.9119154
v 7.4375604 4.7552479 1.0048839
v 10.2405010 3.3774148 0.6748839
v 7.4361973 4.7747414 0.9119154
v 10.2405010 3.3774148 0.6748839
v 10.2391379 3.3969083 0.5819154
v 7.4375604 4.7552479 1.0048839
v 7.3947262 4.6721334 0.9880846
v 10.1976668 3.2943003 0.6580846
v 7.4375604 4.7552479 1.0048839
v 10.1976668 3.2943003 0.6580846
v 10.2405010 3.3774148 0.6748839
v 7.5216883 2.8564911 0.8951161
v 7.5203252 2.8759846 0.9880846
v 10.1042304 4.6305026 0.6580846
v 7.5216883 2.8564911 0.8951161
v 10.1042304 4.6305026 0.6580846
v 10.1055936 4.6110091 0.5651161
v 7.5203252 2.8759846 0.9880846
v 7.5743098 2.7996404 1.0048839
v 10.1582150 4.5541584 0.6748839
v 7.5203252 2.8759846 0.9880846
v 10.1582150 4.5541584 0.6748839
v 10.1042304 4.6305026 0.6580846
v 7.5743098 2.7996404 1.0048839
v 7.5756729 2.7801468 0.9119154
v 10.1595782 4.5346649 0.5819154
v 7.5743098 2.7996404 1.0048839
v 10.1595782 4.5346649 0.5819154
v 10.1582150 4.5541584 0.6748839
v 7.5756729 2.7801468 0.9119154
v 7.5216883 2.8564911 0.8951161
v 10.1055936 4.6110091 0.5651161
v 7.5756729 2.7801468 0.9119154
v 10.1055936 4.6110091 0.5651161
v 10.1595782 4.5346649 0.5819154
v 7.5199658 2.8811234 -0.9198085
v 7.5264510 2.7883813 -0.9002674
v 10.1968543 3.3059199 0.6697326
v 7.5199658 2.8811234 -0.9198085
v 10.1968543 3.3059199 0.6697326
v 10.1903691 3.3986620 0.6501915
v 7.5264510 2.7883813 -0.9002674
v 7.5760322 2.7750080 -0.9801915
v 10.2464355 3.2925467 0.5898085
v 7.5264510 2.7883813 -0.9002674
v 10.2464355 3.2925467 0.5898085
v 10.1968543 3.3059199 0.6697326
v 7.5760322 2.7750080 -0.9801915
v 7.5695471 2.8677501 -0.9997326
v 10.2399504 3.3852887 0.5702674
v 7.5760322 2.7750080 -0.9801915
v 10.2399504 3.3852887 0.5702674
v 10.2464355 3.2925467 0.5898085
v 7.5695471 2.8677501 -0.9997326
v 7.5199658 2.8811234 -0.9198085
v 10.1903691 3.3986620 0.6501915
v 7.5695471 2.8677501 -0.9997326
v 10.1903691 3.3986620 0.6501915
v 10.2399504 3.3852887 0.5702674
v 7.5264510 2.7883813 0.9002674
v 7.5199658 2.8811234 0.9198085
v 10.1903691 3.3986620 -0.6501915
v 7.5264510 2.7883813 0.9002674
v 10.1903691 3.3986620 -0.6501915
v 10.1968543 3.3059199 -0.6697326
v 7.5199658 2.8811234 0.9198085
v 7.5695471 2.8677501 0.9997326
v 10.2399504 3.3852887 -0.5702674
v 7.5199658 2.8811234 0.9198085
v 10.2399504 3.3852887 -0.5702674
v 10.1903691 3.3986620 -0.6501915
v 7.5695471 2.8677501 0.9997326
v 7.5760322 2.7750080 0.9801915
v 10.2464355 3.2925467 -0.5898085
v 7.5695471 2.8677501 0.9997326
v 10.2464355 3.2925467 -0.5898085
v 10.2399504 3.3852887 -0.5702674
v 7.5760322 2.7750080 0.9801915
v 7.5264510 2.7883813 0.9002674
v 10.1968543 3.3059199 -0.6697326
v 7.5760322 2.7750080 0.9801915
v 10.1968543 3.3059199 -0.6697326
v 10.2464355 3.2925467 -0.5898085
v 10.0795322 4.5789215 -0.5675000
v 10.0795322 4.5789215 -0.6725000
v 10.1660302 3.3419421 -0.6725000
v 10.0795322 4.5789215 -0.5675000
v 10.1660302 3.3419421 -0.6725000
v 10.1660302 3.3419421 -0.5675000
v 10.0795322 4.5789215 -0.6725000
v 10.1842764 4.5862460 -0.6725000
v 10.2707744 3.3492665 -0.6725000
v 10.0795322 4.5789215 -0.6725000
v 10.2707744 3.3492665 -0.6725000
v 10.1660302 3.3419421 -0.6725000
v 10.1842764 4.5862460 -0.6725000
v 10.1842764 4.5862460 -0.5675000
v 10.2707744 3.3492665 -0.5675000
v 10.1842764 4.5862460 -0.6725000
v 10.2707744 3.3492665 -0.5675000
v 10.2707744 3.3492665 -0.6725000
v 10.1842764 4.5862460 -0.5675000
v 10.0795322 4.5789215 -0.5675000
v 10.1660302 3.3419421 -0.5675000
v 10.1842764 4.5862460 -0.5675000
v 10.1660302 3.3419421 -0.5675000
v 10.2707744 3.3492665 -0.5675000
v 10.0758700 4.6312936 -0.6200000
v 10.0831944 4.5265494 -0.6200000
v 10.0831944 4.5265494 0.6200000
v 10.0758700 4.6312936 -0.6200000
v 10.0831944 4.5265494 0.6200000
v 10.0758700 4.6312936 0.6200000
v 10.0831944 4.5265494 -0.6200000
v 10.1879386 4.5338739 -0.6200000
v 10.1879386 4.5338739 0.6200000
v 10.0831944 4.5265494 -0.6200000
v 10.1879386 4.5338739 0.6200000
v 10.0831944 4.5265494 0.6200000
v 10.1879386 4.5338739 -0.6200000
v 10.1806142 4.6386181 -0.6200000
v 10.1806142 4.6386181 0.6200000
v 10.1879386 4.5338739 -0.6200000
v 10.1806142 4.6386181 0.6200000
v 10.1879386 4.5338739 0.6200000
v 10.1806142 4.6386181 -0.6200000
v 10.0758700 4.6312936 -0.6200000
v 10.0758700 4.6312936 0.6200000
v 10.1806142 4.6386181 -0.6200000
v 10.0758700 4.6312936 0.6200000
v 10.1806142 4.6386181 0.6200000
v 10.0795322 4.5789215 0.6725000
v 10.0795322 4.5789215 0.5675000
v 10.1660302 3.3419421 0.5675000
v 10.0795322 4.5789215 0.6725000
v 10.1660302 3.3419421 0.5675000
v 10.1660302 3.3419421 0.6725000
v 10.0795322 4.5789215 0.5675000
v 10.1842764 4.5862460 0.5675000
v 10.2707744 3.3492665 0.5675000
v 10.0795322 4.5789215 0.5675000
v 10.2707744 3.3492665 0.5675000
v 10.1660302 3.3419421 0.5675000
v 10.1842764 4.5862460 0.5675000
v 10.1842764 4.5862460 0.6725000
v 10.2707744 3.3492665 0.6725000
v 10.1842764 4.5862460 0.5675000
v 10.2707744 3.3492665 0.6725000
v 10.2707744 3.3492665 0.5675000
v 10.1842764 4.5862460 0.6725000
v 10.0795322 4.5789215 0.6725000
v 10.1660302 3.3419421 0.6725000
v 10.1842764 4.5862460 0.6725000
v 10.1660302 3.3419421 0.6725000
v 10.2707744 3.3492665 0.6725000
v 10.1623680 3.3943142 -0.6200000
v 10.1696924 3.2895700 -0.6200000
v 10.1696924 3.2895700 0.6200000
v 10.1623680 3.3943142 -0.6200000
v 10.1696924 3.2895700 0.6200000
v 10.1623680 3.3943142 0.6200000
v 10.1696924 3.2895700 -0.6200000
v 10.2744367 3.2968944 -0.6200000
v 10.2744367 3.2968944 0.6200000
v 10.1696924 3.2895700 -0.6200000
v 10.2744367 3.2968944 0.6200000
v 10.1696924 3.2895700 0.6200000
v 10.2744367 3.2968944 -0.6200000
v 10.2671122 3.4016387 -0.6200000
v 10.2671122 3.4016387 0.6200000
v 10.2744367 3.2968944 -0.6200000
v 10.2671122 3.4016387 0.6200000
v 10.2744367 3.2968944 0.6200000
v 10.2671122 3.4016387 -0.6200000
v 10.1623680 3.3943142 -0.6200000
v 10.1623680 3.3943142 0.6200000
v 10.2671122 3.4016387 -0.6200000
v 10.1623680 3.3943142 0.6200000
v 10.2671122 3.4016387 0.6200000
v 10.1352232 4.6478552 -0.6846422
v 10.1273640 4.6473057 -0.5548812
v 12.9324020 4.6730379 -0.3848812
v 10.1352232 4.6478552 -0.6846422
v 12.9324020 4.6730379 -0.3848812
v 12.9402611 4.6735875 -0.5146422
v 10.1273640 4.6473057 -0.5548812
v 10.1285854 4.5173123 -0.5553578
v 12.9336234 4.5430445 -0.3853578
v 10.1273640 4.6473057 -0.5548812
v 12.9336234 4.5430445 -0.3853578
v 12.9324020 4.6730379 -0.3848812
v 10.1285854 4.5173123 -0.5553578
v 10.1364446 4.5178618 -0.6851188
v 12.9414825 4.5435941 -0.5151188
v 10.1285854 4.5173123 -0.5553578
v 12.9414825 4.5435941 -0.5151188
v 12.9336234 4.5430445 -0.3853578
v 10.1364446 4.5178618 -0.6851188
v 10.1352232 4.6478552 -0.6846422
v 12.9402611 4.6735875 -0.5146422
v 10.1364446 4.5178618 -0.6851188
v 12.9402611 4.6735875 -0.5146422
v 12.9414825 4.5435941 -0.5151188
v 10.1273640 4.6473057 0.5548812
v 10.1352232 4.6478552 0.6846422
v 12.9402611 4.6735875 0.5146422
v 10.1273640 4.6473057 0.5548812
v 12.9402611 4.6735875 0.5146422
v 12.9324020 4.6730379 0.3848812
v 10.1352232 4.6478552 0.6846422
v 10.1364446 4.5178618 0.6851188
v 12.9414825 4.5435941 0.5151188
v 10.1352232 4.6478552 0.6846422
v 12.9414825 4.5435941 0.5151188
v 12.9402611 4.6735875 0.5146422
v 10.1364446 4.5178618 0.6851188
v 10.1285854 4.5173123 0.5553578
v 12.9336234 4.5430445 0.3853578
v 10.1364446 4.5178618 0.6851188
v 12.9336234 4.5430445 0.3853578
v 12.9414825 4.5435941 0.5151188
v 10.1285854 4.5173123 0.5553578
v 10.1273640 4.6473057 0.5548812
v 12.9324020 4.6730379 0.3848812
v 10.1285854 4.5173123 0.5553578
v 12.9324020 4.6730379 0.3848812
v 12.9336234 4.5430445 0.3853578
v 10.2138909 3.4103283 -0.6851188
v 10.2060317 3.4097787 -0.5553578
v 12.9873524 3.7746827 -0.3853578
v 10.2138909 3.4103283 -0.6851188
v 12.9873524 3.7746827 -0.3853578
v 12.9952116 3.7752323 -0.5151188
v 10.2060317 3.4097787 -0.5553578
v 10.2229138 3.2808804 -0.5548812
v 13.0042345 3.6457844 -0.3848812
v 10.2060317 3.4097787 -0.5553578
v 13.0042345 3.6457844 -0.3848812
v 12.9873524 3.7746827 -0.3853578
v 10.2229138 3.2808804 -0.5548812
v 10.2307729 3.2814300 -0.6846422
v 13.0120937 3.6463340 -0.5146422
v 10.2229138 3.2808804 -0.5548812
v 13.0120937 3.6463340 -0.5146422
v 13.0042345 3.6457844 -0.3848812
v 10.2307729 3.2814300 -0.6846422
v 10.2138909 3.4103283 -0.6851188
v 12.9952116 3.7752323 -0.5151188
v 10.2307729 3.2814300 -0.6846422
v 12.9952116 3.7752323 -0.5151188
v 13.0120937 3.6463340 -0.5146422
v 10.2060317 3.4097787 0.5553578
v 10.2138909 3.4103283 0.6851188
v 12.9952116 3.7752323 0.5151188
v 10.2060317 3.4097787 0.5553578
v 12.9952116 3.7752323 0.5151188
v 12.9873524 3.7746827 0.3853578
v 10.2138909 3.4103283 0.6851188
v 10.2307729 3.2814300 0.6846422
v 13.0120937 3.6463340 0.5146422
v 10.2138909 3.4103283 0.6851188
v 13.0120937 3.6463340 0.5146422
v 12.9952116 3.7752323 0.5151188
v 10.2307729 3.2814300 0.6846422
v 10.2229138 3.2808804 0.5548812
v 13.0042345 3.6457844 0.3848812
v 10.2307729 3.2814300 0.6846422
v 13.0042345 3.6457844 0.3848812
v 13.0120937 3.6463340 0.5146422
v 10.2229138 3.2808804 0.5548812
v 10.2060317 3.4097787 0.5553578
v 12.9873524 3.7746827 0.3853578
v 10.2229138 3.2808804 0.5548812
v 12.9873524 3.7746827 0.3853578
v 13.0042345 3.6457844 0.3848812
v 10.1485365 4.6282361 -0.6663868
v 10.1427932 4.6278345 -0.5715614
v 13.0106120 3.7557591 -0.4015614
v 10.1485365 4.6282361 -0.6663868
v 13.0106120 3.7557591 -0.4015614
v 13.0163552 3.7561607 -0.4963868
v 10.1427932 4.6278345 -0.5715614
v 10.1152721 4.5369314 -0.5736132
v 12.9830909 3.6648560 -0.4036132
v 10.1427932 4.6278345 -0.5715614
v 12.9830909 3.6648560 -0.4036132
v 13.0106120 3.7557591 -0.4015614
v 10.1152721 4.5369314 -0.5736132
v 10.1210154 4.5373330 -0.6684386
v 12.9888341 3.6652576 -0.4984386
v 10.1152721 4.5369314 -0.5736132
v 12.9888341 3.6652576 -0.4984386
v 12.9830909 3.6648560 -0.4036132
v 10.1210154 4.5373330 -0.6684386
v 10.1485365 4.6282361 -0.6663868
v 13.0163552 3.7561607 -0.4963868
v 10.1210154 4.5373330 -0.6684386
v 13.0163552 3.7561607 -0.4963868
v 12.9888341 3.6652576 -0.4984386
v 10.2013217 3.3888993 -0.6684386
v 10.1955784 3.3884977 -0.5736132
v 12.9141183 4.6512093 -0.4036132
v 10.2013217 3.3888993 -0.6684386
v 12.9141183 4.6512093 -0.4036132
v 12.9198616 4.6516109 -0.4984386
v 10.1955784 3.3884977 -0.5736132
v 10.2354830 3.3023094 -0.5715614
v 12.9540229 4.5650211 -0.4015614
v 10.1955784 3.3884977 -0.5736132
v 12.9540229 4.5650211 -0.4015614
v 12.9141183 4.6512093 -0.4036132
v 10.2354830 3.3023094 -0.5715614
v 10.2412262 3.3027110 -0.6663868
v 12.9597661 4.5654227 -0.4963868
v 10.2354830 3.3023094 -0.5715614
v 12.9597661 4.5654227 -0.4963868
v 12.9540229 4.5650211 -0.4015614
v 10.2412262 3.3027110 -0.6663868
v 10.2013217 3.3888993 -0.6684386
v 12.9198616 4.6516109 -0.4984386
v 10.2412262 3.3027110 -0.6663868
v 12.9198616 4.6516109 -0.4984386
v 12.9597661 4.5654227 -0.4963868
v 10.1480171 4.6312501 -0.6634105
v 10.1141879 4.6288845 -0.5746693
v 12.9192258 4.6546167 0.4953307
v 10.1480171 4.6312501 -0.6634105
v 12.9192258 4.6546167 0.4953307
v 12.9530550 4.6569823 0.4065895
v 10.1141879 4.6288845 -0.5746693
v 10.1157915 4.5339174 -0.5765895
v 12.9208295 4.5596497 0.4934105
v 10.1141879 4.6288845 -0.5746693
v 12.9208295 4.5596497 0.4934105
v 12.9192258 4.6546167 0.4953307
v 10.1157915 4.5339174 -0.5765895
v 10.1496207 4.5362830 -0.6653307
v 12.9546587 4.5620152 0.4046693
v 10.1157915 4.5339174 -0.5765895
v 12.9546587 4.5620152 0.4046693
v 12.9208295 4.5596497 0.4934105
v 10.1496207 4.5362830 -0.6653307
v 10.1480171 4.6312501 -0.6634105
v 12.9530550 4.6569823 0.4065895
v 10.1496207 4.5362830 -0.6653307
v 12.9530550 4.6569823 0.4065895
v 12.9546587 4.5620152 0.4046693
v 10.1141879 4.6288845 0.5746693
v 10.1480171 4.6312501 0.6634105
v 12.9530550 4.6569823 -0.4065895
v 10.1141879 4.6288845 0.5746693
v 12.9530550 4.6569823 -0.4065895
v 12.9192258 4.6546167 -0.4953307
v 10.1480171 4.6312501 0.6634105
v 10.1496207 4.5362830 0.6653307
v 12.9546587 4.5620152 -0.4046693
v 10.1480171 4.6312501 0.6634105
v 12.9546587 4.5620152 -0.4046693
v 12.9530550 4.6569823 -0.4065895
v 10.1496207 4.5362830 0.6653307
v 10.1157915 4.5339174 0.5765895
v 12.9208295 4.5596497 -0.4934105
v 10.1496207 4.5362830 0.6653307
v 12.9208295 4.5596497 -0.4934105
v 12.9546587 4.5620152 -0.4046693
v 10.1157915 4.5339174 0.5765895
v 10.1141879 4.6288845 0.5746693
v 12.9192258 4.6546167 -0.4953307
v 10.1157915 4.5339174 0.5765895
v 12.9192258 4.6546167 -0.4953307
v 12.9208295 4.5596497 -0.4934105
v 10.1427932 4.6278345 0.5715614
v 10.1485365 4.6282361 0.6663868
v 13.0163552 3.7561607 0.4963868
v 10.1427932 4.6278345 0.5715614
v 13.0163552 3.7561607 0.4963868
v 13.0106120 3.7557591 0.4015614
v 10.1485365 4.6282361 0.6663868
v 10.1210154 4.5373330 0.6684386
v 12.9888341 3.6652576 0.4984386
v 10.1485365 4.6282361 0.6663868
v 12.9888341 3.6652576 0.4984386
v 13.0163552 3.7561607 0.4963868
v 10.1210154 4.5373330 0.6684386
v 10.1152721 4.5369314 0.5736132
v 12.9830909 3.6648560 0.4036132
v 10.1210154 4.5373330 0.6684386
v 12.9830909 3.6648560 0.4036132
v 12.9888341 3.6652576 0.4984386
v 10.1152721 4.5369314 0.5736132
v 10.1427932 4.6278345 0.5715614
v 13.0106120 3.7557591 0.4015614
v 10.1152721 4.5369314 0.5736132
v 13.0106120 3.7557591 0.4015614
v 12.9830909 3.6648560 0.4036132
v 10.1955784 3.3884977 0.5736132
v 10.2013217 3.3888993 0.6684386
v 12.9198616 4.6516109 0.4984386
v 10.1955784 3.3884977 0.5736132
v 12.9198616 4.6516109 0.4984386
v 12.9141183 4.6512093 0.4036132
v 10.2013217 3.3888993 0.6684386
v 10.2412262 3.3027110 0.6663868
v 12.9597661 4.5654227 0.4963868
v 10.2013217 3.3888993 0.6684386
v 12.9597661 4.5654227 0.4963868
v 12.9198616 4.6516109 0.4984386
v 10.2412262 3.3027110 0.6663868
v 10.2354830 3.3023094 0.5715614
v 12.9540229 4.5650211 0.4015614
v 10.2412262 3.3027110 0.6663868
v 12.9540229 4.5650211 0.4015614
v 12.9597661 4.5654227 0.4963868
v 10.2354830 3.3023094 0.5715614
v 10.1955784 3.3884977 0.5736132
v 12.9141183 4.6512093 0.4036132
v 10.2354830 3.3023094 0.5715614
v 12.9141183 4.6512093 0.4036132
v 12.9540229 4.5650211 0.4015614
v 10.2295025 3.3939201 -0.6653307
v 10.1956733 3.3915546 -0.5765895
v 12.9769941 3.7564586 0.4934105
v 10.2295025 3.3939201 -0.6653307
v 12.9769941 3.7564586 0.4934105
v 13.0108233 3.7588241 0.4046693
v 10.1956733 3.3915546 -0.5765895
v 10.2073021 3.2972885 -0.5746693
v 12.9886229 3.6621925 0.4953307
v 10.1956733 3.3915546 -0.5765895
v 12.9886229 3.6621925 0.4953307
v 12.9769941 3.7564586 0.4934105
v 10.2073021 3.2972885 -0.5746693
v 10.2411313 3.2996541 -0.6634105
v 13.0224521 3.6645581 0.4065895
v 10.2073021 3.2972885 -0.5746693
v 13.0224521 3.6645581 0.4065895
v 12.9886229 3.6621925 0.4953307
v 10.2411313 3.2996541 -0.6634105
v 10.2295025 3.3939201 -0.6653307
v 13.0108233 3.7588241 0.4046693
v 10.2411313 3.2996541 -0.6634105
v 13.0108233 3.7588241 0.4046693
v 13.0224521 3.6645581 0.4065895
v 10.1956733 3.3915546 0.5765895
v 10.2295025 3.3939201 0.6653307
v 13.0108233 3.7588241 -0.4046693
v 10.1956733 3.3915546 0.5765895
v 13.0108233 3.7588241 -0.4046693
v 12.9769941 3.7564586 -0.4934105
v 10.2295025 3.3939201 0.6653307
v 10.2411313 3.2996541 0.6634105
v 13.0224521 3.6645581 -0.4065895
v 10.2295025 3.3939201 0.6653307
v 13.0224521 3.6645581 -0.4065895
v 13.0108233 3.7588241 -0.4046693
v 10.2411313 3.2996541 0.6634105
v 10.2073021 3.2972885 0.5746693
v 12.9886229 3.6621925 -0.4953307
v 10.2411313 3.2996541 0.6634105
v 12.9886229 3.6621925 -0.4953307
v 13.0224521 3.6645581 -0.4065895
v 10.2073021 3.2972885 0.5746693
v 10.1956733 3.3915546 0.5765895
v 12.9769941 3.7564586 -0.4934105
v 10.2073021 3.2972885 0.5746693
v 12.9769941 3.7564586 -0.4934105
v 12.9886229 3.6621925 -0.4953307
v 12.8845701 4.6046538 -0.3975000
v 12.8845701 4.6046538 -0.5025000
v 12.9473510 3.7068461 -0.5025000
v 12.8845701 4.6046538 -0.3975000
v 12.9473510 3.7068461 -0.5025000
v 12.9473510 3.7068461 -0.3975000
v 12.8845701 4.6046538 -0.5025000
v 12.9893144 4.6119782 -0.5025000
v 13.0520952 3.7141706 -0.5025000
v 12.8845701 4.6046538 -0.5025000
v 13.0520952 3.7141706 -0.5025000
v 12.9473510 3.7068461 -0.5025000
v 12.9893144 4.6119782 -0.5025000
v 12.9893144 4.6119782 -0.3975000
v 13.0520952 3.7141706 -0.3975000
v 12.9893144 4.6119782 -0.5025000
v 13.0520952 3.7141706 -0.3975000
v 13.0520952 3.7141706 -0.5025000
v 12.9893144 4.6119782 -0.3975000
v 12.8845701 4.6046538 -0.3975000
v 12.9473510 3.7068461 -0.3975000
v 12.9893144 4.6119782 -0.3975000
v 12.9473510 3.7068461 -0.3975000
v 13.0520952 3.7141706 -0.3975000
v 12.8809079 4.6570259 -0.4500000
v 12.8882323 4.5522817 -0.4500000
v 12.8882323 4.5522817 0.4500000
v 12.8809079 4.6570259 -0.4500000
v 12.8882323 4.5522817 0.4500000
v 12.8809079 4.6570259 0.4500000
v 12.8882323 4.5522817 -0.4500000
v 12.9929766 4.5596061 -0.4500000
v 12.9929766 4.5596061 0.4500000
v 12.8882323 4.5522817 -0.4500000
v 12.9929766 4.5596061 0.4500000
v 12.8882323 4.5522817 0.4500000
v 12.9929766 4.5596061 -0.4500000
v 12.9856521 4.6643503 -0.4500000
v 12.9856521 4.6643503 0.4500000
v 12.9929766 4.5596061 -0.4500000
v 12.9856521 4.6643503 0.4500000
v 12.9929766 4.5596061 0.4500000
v 12.9856521 4.6643503 -0.4500000
v 12.8809079 4.6570259 -0.4500000
v 12.8809079 4.6570259 0.4500000
v 12.9856521 4.6643503 -0.4500000
v 12.8809079 4.6570259 0.4500000
v 12.9856521 4.6643503 0.4500000
v 12.8845701 4.6046538 0.5025000
v 12.8845701 4.6046538 0.3975000
v 12.9473510 3.7068461 0.3975000
v 12.8845701 4.6046538 0.5025000
v 12.9473510 3.7068461 0.3975000
v 12.9473510 3.7068461 0.5025000
v 12.8845701 4.6046538 0.3975000
v 12.9893144 4.6119782 0.3975000
v 13.0520952 3.7141706 0.3975000
v 12.8845701 4.6046538 0.3975000
v 13.0520952 3.7141706 0.3975000
v 12.9473510 3.7068461 0.3975000
v 12.9893144 4.6119782 0.3975000
v 12.9893144 4.6119782 0.5025000
v 13.0520952 3.7141706 0.5025000
v 12.9893144 4.6119782 0.3975000
v 13.0520952 3.7141706 0.5025000
v 13.0520952 3.7141706 0.3975000
v 12.9893144 4.6119782 0.5025000
v 12.8845701 4.6046538 0.5025000
v 12.9473510 3.7068461 0.5025000
v 12.9893144 4.6119782 0.5025000
v 12.9473510 3.7068461 0.5025000
v 13.0520952 3.7141706 0.5025000
v 12.9436887 3.7592182 -0.4500000
v 12.9510132 3.6544740 -0.4500000
v 12.9510132 3.6544740 0.4500000
v 12.9436887 3.7592182 -0.4500000
v 12.9510132 3.6544740 0.4500000
v 12.9436887 3.7592182 0.4500000
v 12.9510132 3.6544740 -0.4500000
v 13.0557574 3.6617984 -0.4500000
v 13.0557574 3.6617984 0.4500000
v 12.9510132 3.6544740 -0.4500000
v 13.0557574 3.6617984 0.4500000
v 12.9510132 3.6544740 0.4500000
v 13.0557574 3.6617984 -0.4500000
v 13.0484330 3.7665427 -0.4500000
v 13.0484330 3.7665427 0.4500000
v 13.0557574 3.6617984 -0.4500000
v 13.0484330 3.7665427 0.4500000
v 13.0557574 3.6617984 0.4500000
v 13.0484330 3.7665427 -0.4500000
v 12.9436887 3.7592182 -0.4500000
v 12.9436887 3.7592182 0.4500000
v 13.0484330 3.7665427 -0.4500000
v 12.9436887 3.7592182 0.4500000
v 13.0484330 3.7665427 0.4500000
v 12.9371598 4.6734462 -0.5148691
v 12.9324079 4.6731139 -0.3849564
v 15.9327733 4.7726513 -0.2749564
v 12.9371598 4.6734462 -0.5148691
v 15.9327733 4.7726513 -0.2749564
v 15.9375251 4.7729836 -0.4048691
v 12.9324079 4.6731139 -0.3849564
v 12.9367247 4.5431857 -0.3851309
v 15.9370901 4.6427231 -0.2751309
v 12.9324079 4.6731139 -0.3849564
v 15.9370901 4.6427231 -0.2751309
v 15.9327733 4.7726513 -0.2749564
v 12.9367247 4.5431857 -0.3851309
v 12.9414766 4.5435180 -0.5150436
v 15.9418419 4.6430554 -0.4050436
v 12.9367247 4.5431857 -0.3851309
v 15.9418419 4.6430554 -0.4050436
v 15.9370901 4.6427231 -0.2751309
v 12.9414766 4.5435180 -0.5150436
v 12.9371598 4.6734462 -0.5148691
v 15.9375251 4.7729836 -0.4048691
v 12.9414766 4.5435180 -0.5150436
v 15.9375251 4.7729836 -0.4048691
v 15.9418419 4.6430554 -0.4050436
v 12.9324079 4.6731139 0.3849564
v 12.9371598 4.6734462 0.5148691
v 15.9375251 4.7729836 0.4048691
v 12.9324079 4.6731139 0.3849564
v 15.9375251 4.7729836 0.4048691
v 15.9327733 4.7726513 0.2749564
v 12.9371598 4.6734462 0.5148691
v 12.9414766 4.5435180 0.5150436
v 15.9418419 4.6430554 0.4050436
v 12.9371598 4.6734462 0.5148691
v 15.9418419 4.6430554 0.4050436
v 15.9375251 4.7729836 0.4048691
v 12.9414766 4.5435180 0.5150436
v 12.9367247 4.5431857 0.3851309
v 15.9370901 4.6427231 0.2751309
v 12.9414766 4.5435180 0.5150436
v 15.9370901 4.6427231 0.2751309
v 15.9418419 4.6430554 0.4050436
v 12.9367247 4.5431857 0.3851309
v 12.9324079 4.6731139 0.3849564
v 15.9327733 4.7726513 0.2749564
v 12.9367247 4.5431857 0.3851309
v 15.9327733 4.7726513 0.2749564
v 15.9370901 4.6427231 0.2751309
v 12.9951951 3.7753067 -0.5150436
v 12.9904433 3.7749745 -0.3851309
v 15.9754622 4.0939759 -0.2751309
v 12.9951951 3.7753067 -0.5150436
v 15.9754622 4.0939759 -0.2751309
v 15.9802141 4.0943082 -0.4050436
v 12.9904433 3.7749745 -0.3851309
v 13.0042510 3.6457099 -0.3849564
v 15.9892699 3.9647114 -0.2749564
v 12.9904433 3.7749745 -0.3851309
v 15.9892699 3.9647114 -0.2749564
v 15.9754622 4.0939759 -0.2751309
v 13.0042510 3.6457099 -0.3849564
v 13.0090029 3.6460422 -0.5148691
v 15.9940218 3.9650437 -0.4048691
v 13.0042510 3.6457099 -0.3849564
v 15.9940218 3.9650437 -0.4048691
v 15.9892699 3.9647114 -0.2749564
v 13.0090029 3.6460422 -0.5148691
v 12.9951951 3.7753067 -0.5150436
v 15.9802141 4.0943082 -0.4050436
v 13.0090029 3.6460422 -0.5148691
v 15.9802141 4.0943082 -0.4050436
v 15.9940218 3.9650437 -0.4048691
v 12.9904433 3.7749745 0.3851309
v 12.9951951 3.7753067 0.5150436
v 15.9802141 4.0943082 0.4050436
v 12.9904433 3.7749745 0.3851309
v 15.9802141 4.0943082 0.4050436
v 15.9754622 4.0939759 0.2751309
v 12.9951951 3.7753067 0.5150436
v 13.0090029 3.6460422 0.5148691
v 15.9940218 3.9650437 0.4048691
v 12.9951951 3.7753067 0.5150436
v 15.9940218 3.9650437 0.4048691
v 15.9802141 4.0943082 0.4050436
v 13.0090029 3.6460422 0.5148691
v 13.0042510 3.6457099 0.3849564
v 15.9892699 3.9647114 0.2749564
v 13.0090029 3.6460422 0.5148691
v 15.9892699 3.9647114 0.2749564
v 15.9940218 3.9650437 0.4048691
v 13.0042510 3.6457099 0.3849564
v 12.9904433 3.7749745 0.3851309
v 15.9754622 4.0939759 0.2751309
v 13.0042510 3.6457099 0.3849564
v 15.9754622 4.0939759 0.2751309
v 15.9892699 3.9647114 0.2749564
v 12.9475250 4.6551042 -0.4970252
v 12.9440525 4.6548614 -0.4020890
v 15.9918522 4.0760552 -0.2920890
v 12.9475250 4.6551042 -0.4970252
v 15.9918522 4.0760552 -0.2920890
v 15.9953248 4.0762981 -0.3870252
v 12.9440525 4.6548614 -0.4020890
v 12.9263595 4.5615277 -0.4029748
v 15.9741593 3.9827216 -0.2929748
v 12.9440525 4.6548614 -0.4020890
v 15.9741593 3.9827216 -0.2929748
v 15.9918522 4.0760552 -0.2920890
v 12.9263595 4.5615277 -0.4029748
v 12.9298320 4.5617706 -0.4979110
v 15.9776318 3.9829644 -0.3879110
v 12.9263595 4.5615277 -0.4029748
v 15.9776318 3.9829644 -0.3879110
v 15.9741593 3.9827216 -0.2929748
v 12.9298320 4.5617706 -0.4979110
v 12.9475250 4.6551042 -0.4970252
v 15.9953248 4.0762981 -0.3870252
v 12.9298320 4.5617706 -0.4979110
v 15.9953248 4.0762981 -0.3870252
v 15.9776318 3.9829644 -0.3879110
v 12.9862042 3.7556112 -0.4979110
v 12.9827316 3.7553684 -0.4029748
v 15.9203162 4.7527134 -0.2929748
v 12.9862042 3.7556112 -0.4979110
v 15.9203162 4.7527134 -0.2929748
v 15.9237887 4.7529563 -0.3879110
v 12.9827316 3.7553684 -0.4029748
v 13.0132420 3.6654054 -0.4020890
v 15.9508265 4.6627505 -0.2920890
v 12.9827316 3.7553684 -0.4029748
v 15.9508265 4.6627505 -0.2920890
v 15.9203162 4.7527134 -0.2929748
v 13.0132420 3.6654054 -0.4020890
v 13.0167145 3.6656483 -0.4970252
v 15.9542990 4.6629933 -0.3870252
v 13.0132420 3.6654054 -0.4020890
v 15.9542990 4.6629933 -0.3870252
v 15.9508265 4.6627505 -0.2920890
v 13.0167145 3.6656483 -0.4970252
v 12.9862042 3.7556112 -0.4979110
v 15.9237887 4.7529563 -0.3879110
v 13.0167145 3.6656483 -0.4970252
v 15.9237887 4.7529563 -0.3879110
v 15.9542990 4.6629933 -0.3870252
v 12.9473211 4.6566278 -0.4955054
v 12.9231881 4.6549403 -0.4036373
v 15.9235535 4.7544777 0.3863627
v 12.9473211 4.6566278 -0.4955054
v 15.9235535 4.7544777 0.3863627
v 15.9476865 4.7561652 0.2944946
v 12.9231881 4.6549403 -0.4036373
v 12.9265634 4.5600041 -0.4044946
v 15.9269287 4.6595415 0.3855054
v 12.9231881 4.6549403 -0.4036373
v 15.9269287 4.6595415 0.3855054
v 15.9235535 4.7544777 0.3863627
v 12.9265634 4.5600041 -0.4044946
v 12.9506964 4.5616917 -0.4963627
v 15.9510617 4.6612291 0.2936373
v 12.9265634 4.5600041 -0.4044946
v 15.9510617 4.6612291 0.2936373
v 15.9269287 4.6595415 0.3855054
v 12.9506964 4.5616917 -0.4963627
v 12.9473211 4.6566278 -0.4955054
v 15.9476865 4.7561652 0.2944946
v 12.9506964 4.5616917 -0.4963627
v 15.9476865 4.7561652 0.2944946
v 15.9510617 4.6612291 0.2936373
v 12.9231881 4.6549403 0.4036373
v 12.9473211 4.6566278 0.4955054
v 15.9476865 4.7561652 -0.2944946
v 12.9231881 4.6549403 0.4036373
v 15.9476865 4.7561652 -0.2944946
v 15.9235535 4.7544777 -0.3863627
v 12.9473211 4.6566278 0.4955054
v 12.9506964 4.5616917 0.4963627
v 15.9510617 4.6612291 -0.2936373
v 12.9473211 4.6566278 0.4955054
v 15.9510617 4.6612291 -0.2936373
v 15.9476865 4.7561652 -0.2944946
v 12.9506964 4.5616917 0.4963627
v 12.9265634 4.5600041 0.4044946
v 15.9269287 4.6595415 -0.3855054
v 12.9506964 4.5616917 0.4963627
v 15.9269287 4.6595415 -0.3855054
v 15.9510617 4.6612291 -0.2936373
v 12.9265634 4.5600041 0.4044946
v 12.9231881 4.6549403 0.4036373
v 15.9235535 4.7544777 -0.3863627
v 12.9265634 4.5600041 0.4044946
v 15.9235535 4.7544777 -0.3863627
v 15.9269287 4.6595415 -0.3855054
v 12.9440525 4.6548614 0.4020890
v 12.9475250 4.6551042 0.4970252
v 15.9953248 4.0762981 0.3870252
v 12.9440525 4.6548614 0.4020890
v 15.9953248 4.0762981 0.3870252
v 15.9918522 4.0760552 0.2920890
v 12.9475250 4.6551042 0.4970252
v 12.9298320 4.5617706 0.4979110
v 15.9776318 3.9829644 0.3879110
v 12.9475250 4.6551042 0.4970252
v 15.9776318 3.9829644 0.3879110
v 15.9953248 4.0762981 0.3870252
v 12.9298320 4.5617706 0.4979110
v 12.9263595 4.5615277 0.4029748
v 15.9741593 3.9827216 0.2929748
v 12.9298320 4.5617706 0.4979110
v 15.9741593 3.9827216 0.2929748
v 15.9776318 3.9829644 0.3879110
v 12.9263595 4.5615277 0.4029748
v 12.9440525 4.6548614 0.4020890
v 15.9918522 4.0760552 0.2920890
v 12.9263595 4.5615277 0.4029748
v 15.9918522 4.0760552 0.2920890
v 15.9741593 3.9827216 0.2929748
v 12.9827316 3.7553684 0.4029748
v 12.9862042 3.7556112 0.4979110
v 15.9237887 4.7529563 0.3879110
v 12.9827316 3.7553684 0.4029748
v 15.9237887 4.7529563 0.3879110
v 15.9203162 4.7527134 0.2929748
v 12.9862042 3.7556112 0.4979110
v 13.0167145 3.6656483 0.4970252
v 15.9542990 4.6629933 0.3870252
v 12.9862042 3.7556112 0.4979110
v 15.9542990 4.6629933 0.3870252
v 15.9237887 4.7529563 0.3879110
v 13.0167145 3.6656483 0.4970252
v 13.0132420 3.6654054 0.4020890
v 15.9508265 4.6627505 0.2920890
v 13.0167145 3.6656483 0.4970252
v 15.9508265 4.6627505 0.2920890
v 15.9542990 4.6629933 0.3870252
v 13.0132420 3.6654054 0.4020890
v 12.9827316 3.7553684 0.4029748
v 15.9203162 4.7527134 0.2929748
v 13.0132420 3.6654054 0.4020890
v 15.9203162 4.7527134 0.2929748
v 15.9508265 4.6627505 0.2920890
v 13.0068545 3.7585931 -0.4963627
v 12.9827215 3.7569056 -0.4044946
v 15.9677404 4.0759070 0.3855054
v 13.0068545 3.7585931 -0.4963627
v 15.9677404 4.0759070 0.3855054
v 15.9918734 4.0775946 0.2936373
v 12.9827215 3.7569056 -0.4044946
v 12.9925917 3.6624236 -0.4036373
v 15.9776106 3.9814250 0.3863627
v 12.9827215 3.7569056 -0.4044946
v 15.9776106 3.9814250 0.3863627
v 15.9677404 4.0759070 0.3855054
v 12.9925917 3.6624236 -0.4036373
v 13.0167247 3.6641111 -0.4955054
v 16.0017436 3.9831126 0.2944946
v 12.9925917 3.6624236 -0.4036373
v 16.0017436 3.9831126 0.2944946
v 15.9776106 3.9814250 0.3863627
v 13.0167247 3.6641111 -0.4955054
v 13.0068545 3.7585931 -0.4963627
v 15.9918734 4.0775946 0.2936373
v 13.0167247 3.6641111 -0.4955054
v 15.9918734 4.0775946 0.2936373
v 16.0017436 3.9831126 0.2944946
v 12.9827215 3.7569056 0.4044946
v 13.0068545 3.7585931 0.4963627
v 15.9918734 4.0775946 -0.2936373
v 12.9827215 3.7569056 0.4044946
v 15.9918734 4.0775946 -0.2936373
v 15.9677404 4.0759070 -0.3855054
v 13.0068545 3.7585931 0.4963627
v 13.0167247 3.6641111 0.4955054
v 16.0017436 3.9831126 -0.2944946
v 13.0068545 3.7585931 0.4963627
v 16.0017436 3.9831126 -0.2944946
v 15.9918734 4.0775946 -0.2936373
v 13.0167247 3.6641111 0.4955054
v 12.9925917 3.6624236 0.4036373
v 15.9776106 3.9814250 -0.3863627
v 13.0167247 3.6641111 0.4955054
v 15.9776106 3.9814250 -0.3863627
v 16.0017436 3.9831126 -0.2944946
v 12.9925917 3.6624236 0.4036373
v 12.9827215 3.7569056 0.4044946
v 15.9677404 4.0759070 -0.3855054
v 12.9925917 3.6624236 0.4036373
v 15.9677404 4.0759070 -0.3855054
v 15.9776106 3.9814250 -0.3863627
v 9.7634441 7.8448279 0.0950000
v 9.7634441 7.8448279 -0.0950000
v 10.3075446 0.0638283 -0.0950000
v 9.7634441 7.8448279 0.0950000
v 10.3075446 0.0638283 -0.0950000
v 10.3075446 0.0638283 0.0950000
v 9.7634441 7.8448279 -0.0950000
v 10.0427620 7.8643597 -0.0950000
v 10.5868625 0.0833601 -0.0950000
v 9.7634441 7.8448279 -0.0950000
v 10.5868625 0.0833601 -0.0950000
v 10.3075446 0.0638283 -0.0950000
v 10.0427620 7.8643597 -0.0950000
v 10.0427620 7.8643597 0.0950000
v 10.5868625 0.0833601 0.0950000
v 10.0427620 7.8643597 -0.0950000
v 10.5868625 0.0833601 0.0950000
v 10.5868625 0.0833601 -0.0950000
v 10.0427620 7.8643597 0.0950000
v 9.7634441 7.8448279 0.0950000
v 10.3075446 0.0638283 0.0950000
v 10.0427620 7.8643597 0.0950000
v 10.3075446 0.0638283 0.0950000
v 10.5868625 0.0833601 0.0950000
v 10.0427620 7.8643597 0.0950000
v 10.0427620 7.8643597 -0.0950000
v 9.7634441 7.8448279 -0.0950000
v 10.0427620 7.8643597 0.0950000
v 9.7634441 7.8448279 -0.0950000
v 9.7634441 7.8448279 0.0950000
v 10.3075446 0.0638283 0.0950000
v 10.3075446 0.0638283 -0.0950000
v 10.5868625 0.0833601 -0.0950000
v 10.3075446 0.0638283 0.0950000
v 10.5868625 0.0833601 -0.0950000
v 10.5868625 0.0833601 0.0950000
v 9.0999832 4.3542123 -0.0475000
v 9.0999832 4.3542123 0.0475000
v 9.8743265 7.6161738 0.0475000
v 9.0999832 4.3542123 -0.0475000
v 9.8743265 7.6161738 0.0475000
v 9.8743265 7.6161738 -0.0475000
v 9.0999832 4.3542123 0.0475000
v 9.1924145 4.3322704 0.0475000
v 9.9667579 7.5942319 0.0475000
v 9.0999832 4.3542123 0.0475000
v 9.9667579 7.5942319 0.0475000
v 9.8743265 7.6161738 0.0475000
v 9.1924145 4.3322704 0.0475000
v 9.1924145 4.3322704 -0.0475000
v 9.9667579 7.5942319 -0.0475000
v 9.1924145 4.3322704 0.0475000
v 9.9667579 7.5942319 -0.0475000
v 9.9667579 7.5942319 0.0475000
v 9.1924145 4.3322704 -0.0475000
v 9.0999832 4.3542123 -0.0475000
v 9.8743265 7.6161738 -0.0475000
v 9.1924145 4.3322704 -0.0475000
v 9.8743265 7.6161738 -0.0475000
v 9.9667579 7.5942319 -0.0475000
v 9.8512005 7.4499877 0.0000000
v 9.8386444 7.6295492 0.1800000
v 9.0405931 7.5737440 0.1800000
v 9.8512005 7.4499877 0.0000000
v 9.0405931 7.5737440 0.1800000
v 9.0531493 7.3941825 0.0000000
v 9.0405931 7.5737440 0.0000000
v 9.0531493 7.3941825 0.0000000
v 9.0405931 7.5737440 0.1800000
v 9.8386444 7.6295492 0.0000000
v 9.8386444 7.6295492 0.1800000
v 9.8512005 7.4499877 0.0000000
v 9.8386444 7.6295492 0.1800000
v 9.8260882 7.8091108 0.0000000
v 9.0280370 7.7533056 0.0000000
v 9.8386444 7.6295492 0.1800000
v 9.0280370 7.7533056 0.0000000
v 9.0405931 7.5737440 0.1800000
v 9.0405931 7.5737440 0.0000000
v 9.0405931 7.5737440 0.1800000
v 9.0280370 7.7533056 0.0000000
v 9.8386444 7.6295492 0.0000000
v 9.8260882 7.8091108 0.0000000
v 9.8386444 7.6295492 0.1800000
v 9.8260882 7.8091108 0.0000000
v 9.8386444 7.6295492 -0.1800000
v 9.0405931 7.5737440 -0.1800000
v 9.8260882 7.8091108 0.0000000
v 9.0405931 7.5737440 -0.1800000
v 9.0280370 7.7533056 0.0000000
v 9.0405931 7.5737440 0.0000000
v 9.0280370 7.7533056 0.0000000
v 9.0405931 7.5737440 -0.1800000
v 9.8386444 7.6295492 0.0000000
v 9.8386444 7.6295492 -0.1800000
v 9.8260882 7.8091108 0.0000000
v 9.8386444 7.6295492 -0.1800000
v 9.8512005 7.4499877 0.0000000
v 9.0531493 7.3941825 0.0000000
v 9.8386444 7.6295492 -0.1800000
v 9.0531493 7.3941825 0.0000000
v 9.0405931 7.5737440 -0.1800000
v 9.0405931 7.5737440 0.0000000
v 9.0405931 7.5737440 -0.1800000
v 9.0531493 7.3941825 0.0000000
v 9.8386444 7.6295492 0.0000000
v 9.8512005 7.4499877 0.0000000
v 9.8386444 7.6295492 -0.1800000
v 9.2946049 7.3459080 0.0000000
v 9.2775146 7.5903112 0.2450000
v 9.2226486 7.5864746 0.2450000
v 9.2946049 7.3459080 0.0000000
v 9.2226486 7.5864746 0.2450000
v 9.2397389 7.3420714 0.0000000
v 9.2775146 7.5903112 0.2450000
v 9.2604243 7.8347144 0.0000000
v 9.2055582 7.8308778 0.0000000
v 9.2775146 7.5903112 0.2450000
v 9.2055582 7.8308778 0.0000000
v 9.2226486 7.5864746 0.2450000
v 9.2604243 7.8347144 0.0000000
v 9.2775146 7.5903112 -0.2450000
v 9.2226486 7.5864746 -0.2450000
v 9.2604243 7.8347144 0.0000000
v 9.2226486 7.5864746 -0.2450000
v 9.2055582 7.8308778 0.0000000
v 9.2775146 7.5903112 -0.2450000
v 9.2946049 7.3459080 0.0000000
v 9.2397389 7.3420714 0.0000000
v 9.2775146 7.5903112 -0.2450000
v 9.2397389 7.3420714 0.0000000
v 9.2226486 7.5864746 -0.2450000
v 9.6337767 7.3696252 0.0000000
v 9.6166864 7.6140284 0.2450000
v 9.5618203 7.6101918 0.2450000
v 9.6337767 7.3696252 0.0000000
v 9.5618203 7.6101918 0.2450000
v 9.5789107 7.3657886 0.0000000
v 9.6166864 7.6140284 0.2450000
v 9.5995960 7.8584316 0.0000000
v 9.5447300 7.8545950 0.0000000
v 9.6166864 7.6140284 0.2450000
v 9.5447300 7.8545950 0.0000000
v 9.5618203 7.6101918 0.2450000
v 9.5995960 7.8584316 0.0000000
v 9.6166864 7.6140284 -0.2450000
v 9.5618203 7.6101918 -0.2450000
v 9.5995960 7.8584316 0.0000000
v 9.5618203 7.6101918 -0.2450000
v 9.5447300 7.8545950 0.0000000
v 9.6166864 7.6140284 -0.2450000
v 9.6337767 7.3696252 0.0000000
v 9.5789107 7.3657886 0.0000000
v 9.6166864 7.6140284 -0.2450000
v 9.5789107 7.3657886 0.0000000
v 9.5618203 7.6101918 -0.2450000
v 9.1647406 3.4281376 0.0475000
v 9.1647406 3.4281376 -0.0475000
v 10.3855254 0.3056891 -0.0475000
v 9.1647406 3.4281376 0.0475000
v 10.3855254 0.3056891 -0.0475000
v 10.3855254 0.3056891 0.0475000
v 9.1647406 3.4281376 -0.0475000
v 9.2532187 3.4627299 -0.0475000
v 10.4740035 0.3402814 -0.0475000
v 9.1647406 3.4281376 -0.0475000
v 10.4740035 0.3402814 -0.0475000
v 10.3855254 0.3056891 -0.0475000
v 9.2532187 3.4627299 -0.0475000
v 9.2532187 3.4627299 0.0475000
v 10.4740035 0.3402814 0.0475000
v 9.2532187 3.4627299 -0.0475000
v 10.4740035 0.3402814 0.0475000
v 10.4740035 0.3402814 -0.0475000
v 9.2532187 3.4627299 0.0475000
v 9.1647406 3.4281376 0.0475000
v 10.3855254 0.3056891 0.0475000
v 9.2532187 3.4627299 0.0475000
v 10.3855254 0.3056891 0.0475000
v 10.4740035 0.3402814 0.0475000
v 10.3646082 0.1079163 0.0000000
v 10.3520520 0.2874778 0.1800000
v 9.5540008 0.2316726 0.1800000
v 10.3646082 0.1079163 0.0000000
v 9.5540008 0.2316726 0.1800000
v 9.5665569 0.0521111 0.0000000
v 9.5540008 0.2316726 0.0000000
v 9.5665569 0.0521111 0.0000000
v 9.5540008 0.2316726 0.1800000
v 10.3520520 0.2874778 0.0000000
v 10.3520520 0.2874778 0.1800000
v 10.3646082 0.1079163 0.0000000
v 10.3520520 0.2874778 0.1800000
v 10.3394958 0.4670393 0.0000000
v 9.5414446 0.4112342 0.0000000
v 10.3520520 0.2874778 0.1800000
v 9.5414446 0.4112342 0.0000000
v 9.5540008 0.2316726 0.1800000
v 9.5540008 0.2316726 0.0000000
v 9.5540008 0.2316726 0.1800000
v 9.5414446 0.4112342 0.0000000
v 10.3520520 0.2874778 0.0000000
v 10.3394958 0.4670393 0.0000000
v 10.3520520 0.2874778 0.1800000
v 10.3394958 0.4670393 0.0000000
v 10.3520520 0.2874778 -0.1800000
v 9.5540008 0.2316726 -0.1800000
v 10.3394958 0.4670393 0.0000000
v 9.5540008 0.2316726 -0.1800000
v 9.5414446 0.4112342 0.0000000
v 9.5540008 0.2316726 0.0000000
v 9.5414446 0.4112342 0.0000000
v 9.5540008 0.2316726 -0.1800000
v 10.3520520 0.2874778 0.0000000
v 10.3520520 0.2874778 -0.1800000
v 10.3394958 0.4670393 0.0000000
v 10.3520520 0.2874778 -0.1800000
v 10.3646082 0.1079163 0.0000000
v 9.5665569 0.0521111 0.0000000
v 10.3520520 0.2874778 -0.1800000
v 9.5665569 0.0521111 0.0000000
v 9.5540008 0.2316726 -0.1800000
v 9.5540008 0.2316726 0.0000000
v 9.5540008 0.2316726 -0.1800000
v 9.5665569 0.0521111 0.0000000
v 10.3520520 0.2874778 0.0000000
v 10.3646082 0.1079163 0.0000000
v 10.3520520 0.2874778 -0.1800000
v 9.8080126 0.0038366 0.0000000
v 9.7909222 0.2482398 0.2450000
v 9.7360562 0.2444032 0.2450000
v 9.8080126 0.0038366 0.0000000
v 9.7360562 0.2444032 0.2450000
v 9.7531465 0.0000000 0.0000000
v 9.7909222 0.2482398 0.2450000
v 9.7738319 0.4926430 0.0000000
v 9.7189659 0.4888064 0.0000000
v 9.7909222 0.2482398 0.2450000
v 9.7189659 0.4888064 0.0000000
v 9.7360562 0.2444032 0.2450000
v 9.7738319 0.4926430 0.0000000
v 9.7909222 0.2482398 -0.2450000
v 9.7360562 0.2444032 -0.2450000
v 9.7738319 0.4926430 0.0000000
v 9.7360562 0.2444032 -0.2450000
v 9.7189659 0.4888064 0.0000000
v 9.7909222 0.2482398 -0.2450000
v 9.8080126 0.0038366 0.0000000
v 9.7531465 0.0000000 0.0000000
v 9.7909222 0.2482398 -0.2450000
v 9.7531465 0.0000000 0.0000000
v 9.7360562 0.2444032 -0.2450000
v 10.1471843 0.0275538 0.0000000
v 10.1300940 0.2719570 0.2450000
v 10.0752280 0.2681204 0.2450000
v 10.1471843 0.0275538 0.0000000
v 10.0752280 0.2681204 0.2450000
v 10.0923183 0.0237172 0.0000000
v 10.1300940 0.2719570 0.2450000
v 10.1130037 0.5163602 0.0000000
v 10.0581377 0.5125236 0.0000000
v 10.1300940 0.2719570 0.2450000
v 10.0581377 0.5125236 0.0000000
v 10.0752280 0.2681204 0.2450000
v 10.1130037 0.5163602 0.0000000
v 10.1300940 0.2719570 -0.2450000
v 10.0752280 0.2681204 -0.2450000
v 10.1130037 0.5163602 0.0000000
v 10.0752280 0.2681204 -0.2450000
v 10.0581377 0.5125236 0.0000000
v 10.1300940 0.2719570 -0.2450000
v 10.1471843 0.0275538 0.0000000
v 10.0923183 0.0237172 0.0000000
v 10.1300940 0.2719570 -0.2450000
v 10.0923183 0.0237172 0.0000000
v 10.0752280 0.2681204 -0.2450000
v 12.5880139 7.5912422 0.0950000
v 12.5880139 7.5912422 -0.0950000
v 13.0693335 0.7080503 -0.0950000
v 12.5880139 7.5912422 0.0950000
v 13.0693335 0.7080503 -0.0950000
v 13.0693335 0.7080503 0.0950000
v 12.5880139 7.5912422 -0.0950000
v 12.8673318 7.6107740 -0.0950000
v 13.3486515 0.7275821 -0.0950000
v 12.5880139 7.5912422 -0.0950000
v 13.3486515 0.7275821 -0.0950000
v 13.0693335 0.7080503 -0.0950000
v 12.8673318 7.6107740 -0.0950000
v 12.8673318 7.6107740 0.0950000
v 13.3486515 0.7275821 0.0950000
v 12.8673318 7.6107740 -0.0950000
v 13.3486515 0.7275821 0.0950000
v 13.3486515 0.7275821 -0.0950000
v 12.8673318 7.6107740 0.0950000
v 12.5880139 7.5912422 0.0950000
v 13.0693335 0.7080503 0.0950000
v 12.8673318 7.6107740 0.0950000
v 13.0693335 0.7080503 0.0950000
v 13.3486515 0.7275821 0.0950000
v 12.8673318 7.6107740 0.0950000
v 12.8673318 7.6107740 -0.0950000
v 12.5880139 7.5912422 -0.0950000
v 12.8673318 7.6107740 0.0950000
v 12.5880139 7.5912422 -0.0950000
v 12.5880139 7.5912422 0.0950000
v 13.0693335 0.7080503 0.0950000
v 13.0693335 0.7080503 -0.0950000
v 13.3486515 0.7275821 -0.0950000
v 13.0693335 0.7080503 0.0950000
v 13.3486515 0.7275821 -0.0950000
v 13.3486515 0.7275821 0.0950000
v 11.8937144 4.5516388 -0.0475000
v 11.8937144 4.5516388 0.0475000
v 12.6994481 7.3646964 0.0475000
v 11.8937144 4.5516388 -0.0475000
v 12.6994481 7.3646964 0.0475000
v 12.6994481 7.3646964 -0.0475000
v 11.8937144 4.5516388 0.0475000
v 11.9850420 4.5254802 0.0475000
v 12.7907757 7.3385378 0.0475000
v 11.8937144 4.5516388 0.0475000
v 12.7907757 7.3385378 0.0475000
v 12.6994481 7.3646964 0.0475000
v 11.9850420 4.5254802 0.0475000
v 11.9850420 4.5254802 -0.0475000
v 12.7907757 7.3385378 -0.0475000
v 11.9850420 4.5254802 0.0475000
v 12.7907757 7.3385378 -0.0475000
v 12.7907757 7.3385378 0.0475000
v 11.9850420 4.5254802 -0.0475000
v 11.8937144 4.5516388 -0.0475000
v 12.6994481 7.3646964 -0.0475000
v 11.9850420 4.5254802 -0.0475000
v 12.6994481 7.3646964 -0.0475000
v 12.7907757 7.3385378 -0.0475000
v 12.6757703 7.1964020 0.0000000
v 12.6632141 7.3759635 0.1800000
v 11.8651629 7.3201583 0.1800000
v 12.6757703 7.1964020 0.0000000
v 11.8651629 7.3201583 0.1800000
v 11.8777190 7.1405968 0.0000000
v 11.8651629 7.3201583 0.0000000
v 11.8777190 7.1405968 0.0000000
v 11.8651629 7.3201583 0.1800000
v 12.6632141 7.3759635 0.0000000
v 12.6632141 7.3759635 0.1800000
v 12.6757703 7.1964020 0.0000000
v 12.6632141 7.3759635 0.1800000
v 12.6506580 7.5555251 0.0000000
v 11.8526067 7.4997199 0.0000000
v 12.6632141 7.3759635 0.1800000
v 11.8526067 7.4997199 0.0000000
v 11.8651629 7.3201583 0.1800000
v 11.8651629 7.3201583 0.0000000
v 11.8651629 7.3201583 0.1800000
v 11.8526067 7.4997199 0.0000000
v 12.6632141 7.3759635 0.0000000
v 12.6506580 7.5555251 0.0000000
v 12.6632141 7.3759635 0.1800000
v 12.6506580 7.5555251 0.0000000
v 12.6632141 7.3759635 -0.1800000
v 11.8651629 7.3201583 -0.1800000
v 12.6506580 7.5555251 0.0000000
v 11.8651629 7.3201583 -0.1800000
v 11.8526067 7.4997199 0.0000000
v 11.8651629 7.3201583 0.0000000
v 11.8526067 7.4997199 0.0000000
v 11.8651629 7.3201583 -0.1800000
v 12.6632141 7.3759635 0.0000000
v 12.6632141 7.3759635 -0.1800000
v 12.6506580 7.5555251 0.0000000
v 12.6632141 7.3759635 -0.1800000
v 12.6757703 7.1964020 0.0000000
v 11.8777190 7.1405968 0.0000000
v 12.6632141 7.3759635 -0.1800000
v 11.8777190 7.1405968 0.0000000
v 11.8651629 7.3201583 -0.1800000
v 11.8651629 7.3201583 0.0000000
v 11.8651629 7.3201583 -0.1800000
v 11.8777190 7.1405968 0.0000000
v 12.6632141 7.3759635 0.0000000
v 12.6757703 7.1964020 0.0000000
v 12.6632141 7.3759635 -0.1800000
v 12.1191747 7.0923223 0.0000000
v 12.1020843 7.3367255 0.2450000
v 12.0472183 7.3328889 0.2450000
v 12.1191747 7.0923223 0.0000000
v 12.0472183 7.3328889 0.2450000
v 12.0643087 7.0884857 0.0000000
v 12.1020843 7.3367255 0.2450000
v 12.0849940 7.5811287 0.0000000
v 12.0301280 7.5772921 0.0000000
v 12.1020843 7.3367255 0.2450000
v 12.0301280 7.5772921 0.0000000
v 12.0472183 7.3328889 0.2450000
v 12.0849940 7.5811287 0.0000000
v 12.1020843 7.3367255 -0.2450000
v 12.0472183 7.3328889 -0.2450000
v 12.0849940 7.5811287 0.0000000
v 12.0472183 7.3328889 -0.2450000
v 12.0301280 7.5772921 0.0000000
v 12.1020843 7.3367255 -0.2450000
v 12.1191747 7.0923223 0.0000000
v 12.0643087 7.0884857 0.0000000
v 12.1020843 7.3367255 -0.2450000
v 12.0643087 7.0884857 0.0000000
v 12.0472183 7.3328889 -0.2450000
v 12.4583465 7.1160395 0.0000000
v 12.4412561 7.3604427 0.2450000
v 12.3863901 7.3566061 0.2450000
v 12.4583465 7.1160395 0.0000000
v 12.3863901 7.3566061 0.2450000
v 12.4034804 7.1122029 0.0000000
v 12.4412561 7.3604427 0.2450000
v 12.4241658 7.6048459 0.0000000
v 12.3692998 7.6010093 0.0000000
v 12.4412561 7.3604427 0.2450000
v 12.3692998 7.6010093 0.0000000
v 12.3863901 7.3566061 0.2450000
v 12.4241658 7.6048459 0.0000000
v 12.4412561 7.3604427 -0.2450000
v 12.3863901 7.3566061 -0.2450000
v 12.4241658 7.6048459 0.0000000
v 12.3863901 7.3566061 -0.2450000
v 12.3692998 7.6010093 0.0000000
v 12.4412561 7.3604427 -0.2450000
v 12.4583465 7.1160395 0.0000000
v 12.4034804 7.1122029 0.0000000
v 12.4412561 7.3604427 -0.2450000
v 12.4034804 7.1122029 0.0000000
v 12.3863901 7.3566061 -0.2450000
v 11.9587599 3.6214447 0.0475000
v 11.9587599 3.6214447 -0.0475000
v 13.1481543 0.9479000 -0.0475000
v 11.9587599 3.6214447 0.0475000
v 13.1481543 0.9479000 -0.0475000
v 13.1481543 0.9479000 0.0475000
v 11.9587599 3.6214447 -0.0475000
v 12.0455581 3.6600591 -0.0475000
v 13.2349525 0.9865144 -0.0475000
v 11.9587599 3.6214447 -0.0475000
v 13.2349525 0.9865144 -0.0475000
v 13.1481543 0.9479000 -0.0475000
v 12.0455581 3.6600591 -0.0475000
v 12.0455581 3.6600591 0.0475000
v 13.2349525 0.9865144 0.0475000
v 12.0455581 3.6600591 -0.0475000
v 13.2349525 0.9865144 0.0475000
v 13.2349525 0.9865144 -0.0475000
v 12.0455581 3.6600591 0.0475000
v 11.9587599 3.6214447 0.0475000
v 13.1481543 0.9479000 0.0475000
v 12.0455581 3.6600591 0.0475000
v 13.1481543 0.9479000 0.0475000
v 13.2349525 0.9865144 0.0475000
v 13.1263971 0.7521382 0.0000000
v 13.1138409 0.9316998 0.1800000
v 12.3157897 0.8758946 0.1800000
v 13.1263971 0.7521382 0.0000000
v 12.3157897 0.8758946 0.1800000
v 12.3283459 0.6963331 0.0000000
v 12.3157897 0.8758946 0.0000000
v 12.3283459 0.6963331 0.0000000
v 12.3157897 0.8758946 0.1800000
v 13.1138409 0.9316998 0.0000000
v 13.1138409 0.9316998 0.1800000
v 13.1263971 0.7521382 0.0000000
v 13.1138409 0.9316998 0.1800000
v 13.1012848 1.1112613 0.0000000
v 12.3032335 1.0554561 0.0000000
v 13.1138409 0.9316998 0.1800000
v 12.3032335 1.0554561 0.0000000
v 12.3157897 0.8758946 0.1800000
v 12.3157897 0.8758946 0.0000000
v 12.3157897 0.8758946 0.1800000
v 12.3032335 1.0554561 0.0000000
v 13.1138409 0.9316998 0.0000000
v 13.1012848 1.1112613 0.0000000
v 13.1138409 0.9316998 0.1800000
v 13.1012848 1.1112613 0.0000000
v 13.1138409 0.9316998 -0.1800000
v 12.3157897 0.8758946 -0.1800000
v 13.1012848 1.1112613 0.0000000
v 12.3157897 0.8758946 -0.1800000
v 12.3032335 1.0554561 0.0000000
v 12.3157897 0.8758946 0.0000000
v 12.3032335 1.0554561 0.0000000
v 12.3157897 0.8758946 -0.1800000
v 13.1138409 0.9316998 0.0000000
v 13.1138409 0.9316998 -0.1800000
v 13.1012848 1.1112613 0.0000000
v 13.1138409 0.9316998 -0.1800000
v 13.1263971 0.7521382 0.0000000
v 12.3283459 0.6963331 0.0000000
v 13.1138409 0.9316998 -0.1800000
v 12.3283459 0.6963331 0.0000000
v 12.3157897 0.8758946 -0.1800000
v 12.3157897 0.8758946 0.0000000
v 12.3157897 0.8758946 -0.1800000
v 12.3283459 0.6963331 0.0000000
v 13.1138409 0.9316998 0.0000000
v 13.1263971 0.7521382 0.0000000
v 13.1138409 0.9316998 -0.1800000
v 12.5698015 0.6480586 0.0000000
v 12.5527112 0.8924617 0.2450000
v 12.4978451 0.8886251 0.2450000
v 12.5698015 0.6480586 0.0000000
v 12.4978451 0.8886251 0.2450000
v 12.5149355 0.6442219 0.0000000
v 12.5527112 0.8924617 0.2450000
v 12.5356208 1.1368649 0.0000000
v 12.4807548 1.1330283 0.0000000
v 12.5527112 0.8924617 0.2450000
v 12.4807548 1.1330283 0.0000000
v 12.4978451 0.8886251 0.2450000
v 12.5356208 1.1368649 0.0000000
v 12.5527112 0.8924617 -0.2450000
v 12.4978451 0.8886251 -0.2450000
v 12.5356208 1.1368649 0.0000000
v 12.4978451 0.8886251 -0.2450000
v 12.4807548 1.1330283 0.0000000
v 12.5527112 0.8924617 -0.2450000
v 12.5698015 0.6480586 0.0000000
v 12.5149355 0.6442219 0.0000000
v 12.5527112 0.8924617 -0.2450000
v 12.5149355 0.6442219 0.0000000
v 12.4978451 0.8886251 -0.2450000
v 12.9089733 0.6717758 0.0000000
v 12.8918829 0.9161789 0.2450000
v 12.8370169 0.9123423 0.2450000
v 12.9089733 0.6717758 0.0000000
v 12.8370169 0.9123423 0.2450000
v 12.8541073 0.6679392 0.0000000
v 12.8918829 0.9161789 0.2450000
v 12.8747926 1.1605821 0.0000000
v 12.8199266 1.1567455 0.0000000
v 12.8918829 0.9161789 0.2450000
v 12.8199266 1.1567455 0.0000000
v 12.8370169 0.9123423 0.2450000
v 12.8747926 1.1605821 0.0000000
v 12.8918829 0.9161789 -0.2450000
v 12.8370169 0.9123423 -0.2450000
v 12.8747926 1.1605821 0.0000000
v 12.8370169 0.9123423 -0.2450000
v 12.8199266 1.1567455 0.0000000
v 12.8918829 0.9161789 -0.2450000
v 12.9089733 0.6717758 0.0000000
v 12.8541073 0.6679392 0.0000000
v 12.8918829 0.9161789 -0.2450000
v 12.8541073 0.6679392 0.0000000
v 12.8370169 0.9123423 -0.2450000
v 15.4265349 7.1381437 0.0950000
v 15.4265349 7.1381437 -0.0950000
v 15.8171712 1.5517850 -0.0950000
v 15.4265349 7.1381437 0.0950000
v 15.8171712 1.5517850 -0.0950000
v 15.8171712 1.5517850 0.0950000
v 15.4265349 7.1381437 -0.0950000
v 15.7058528 7.1576755 -0.0950000
v 16.0964891 1.5713169 -0.0950000
v 15.4265349 7.1381437 -0.0950000
v 16.0964891 1.5713169 -0.0950000
v 15.8171712 1.5517850 -0.0950000
v 15.7058528 7.1576755 -0.0950000
v 15.7058528 7.1576755 0.0950000
v 16.0964891 1.5713169 0.0950000
v 15.7058528 7.1576755 -0.0950000
v 16.0964891 1.5713169 0.0950000
v 16.0964891 1.5713169 -0.0950000
v 15.7058528 7.1576755 0.0950000
v 15.4265349 7.1381437 0.0950000
v 15.8171712 1.5517850 0.0950000
v 15.7058528 7.1576755 0.0950000
v 15.8171712 1.5517850 0.0950000
v 16.0964891 1.5713169 0.0950000
v 15.7058528 7.1576755 0.0950000
v 15.7058528 7.1576755 -0.0950000
v 15.4265349 7.1381437 -0.0950000
v 15.7058528 7.1576755 0.0950000
v 15.4265349 7.1381437 -0.0950000
v 15.4265349 7.1381437 0.0950000
v 15.8171712 1.5517850 0.0950000
v 15.8171712 1.5517850 -0.0950000
v 16.0964891 1.5713169 -0.0950000
v 15.8171712 1.5517850 0.0950000
v 16.0964891 1.5713169 -0.0950000
v 16.0964891 1.5713169 0.0950000
v 14.6883516 4.7512582 -0.0475000
v 14.6883516 4.7512582 0.0475000
v 15.5394270 6.9158991 0.0475000
v 14.6883516 4.7512582 -0.0475000
v 15.5394270 6.9158991 0.0475000
v 15.5394270 6.9158991 -0.0475000
v 14.6883516 4.7512582 0.0475000
v 14.7767635 4.7164971 0.0475000
v 15.6278389 6.8811381 0.0475000
v 14.6883516 4.7512582 0.0475000
v 15.6278389 6.8811381 0.0475000
v 15.5394270 6.9158991 0.0475000
v 14.7767635 4.7164971 0.0475000
v 14.7767635 4.7164971 -0.0475000
v 15.6278389 6.8811381 -0.0475000
v 14.7767635 4.7164971 0.0475000
v 15.6278389 6.8811381 -0.0475000
v 15.6278389 6.8811381 0.0475000
v 14.7767635 4.7164971 -0.0475000
v 14.6883516 4.7512582 -0.0475000
v 15.5394270 6.9158991 -0.0475000
v 14.7767635 4.7164971 -0.0475000
v 15.5394270 6.9158991 -0.0475000
v 15.6278389 6.8811381 -0.0475000
v 15.5142913 6.7433035 0.0000000
v 15.5017352 6.9228650 0.1800000
v 14.7036839 6.8670598 0.1800000
v 15.5142913 6.7433035 0.0000000
v 14.7036839 6.8670598 0.1800000
v 14.7162401 6.6874983 0.0000000
v 14.7036839 6.8670598 0.0000000
v 14.7162401 6.6874983 0.0000000
v 14.7036839 6.8670598 0.1800000
v 15.5017352 6.9228650 0.0000000
v 15.5017352 6.9228650 0.1800000
v 15.5142913 6.7433035 0.0000000
v 15.5017352 6.9228650 0.1800000
v 15.4891790 7.1024266 0.0000000
v 14.6911278 7.0466214 0.0000000
v 15.5017352 6.9228650 0.1800000
v 14.6911278 7.0466214 0.0000000
v 14.7036839 6.8670598 0.1800000
v 14.7036839 6.8670598 0.0000000
v 14.7036839 6.8670598 0.1800000
v 14.6911278 7.0466214 0.0000000
v 15.5017352 6.9228650 0.0000000
v 15.4891790 7.1024266 0.0000000
v 15.5017352 6.9228650 0.1800000
v 15.4891790 7.1024266 0.0000000
v 15.5017352 6.9228650 -0.1800000
v 14.7036839 6.8670598 -0.1800000
v 15.4891790 7.1024266 0.0000000
v 14.7036839 6.8670598 -0.1800000
v 14.6911278 7.0466214 0.0000000
v 14.7036839 6.8670598 0.0000000
v 14.6911278 7.0466214 0.0000000
v 14.7036839 6.8670598 -0.1800000
v 15.5017352 6.9228650 0.0000000
v 15.5017352 6.9228650 -0.1800000
v 15.4891790 7.1024266 0.0000000
v 15.5017352 6.9228650 -0.1800000
v 15.5142913 6.7433035 0.0000000
v 14.7162401 6.6874983 0.0000000
v 15.5017352 6.9228650 -0.1800000
v 14.7162401 6.6874983 0.0000000
v 14.7036839 6.8670598 -0.1800000
v 14.7036839 6.8670598 0.0000000
v 14.7036839 6.8670598 -0.1800000
v 14.7162401 6.6874983 0.0000000
v 15.5017352 6.9228650 0.0000000
v 15.5142913 6.7433035 0.0000000
v 15.5017352 6.9228650 -0.1800000
v 14.9576957 6.6392238 0.0000000
v 14.9406054 6.8836270 0.2450000
v 14.8857394 6.8797904 0.2450000
v 14.9576957 6.6392238 0.0000000
v 14.8857394 6.8797904 0.2450000
v 14.9028297 6.6353872 0.0000000
v 14.9406054 6.8836270 0.2450000
v 14.9235151 7.1280302 0.0000000
v 14.8686490 7.1241936 0.0000000
v 14.9406054 6.8836270 0.2450000
v 14.8686490 7.1241936 0.0000000
v 14.8857394 6.8797904 0.2450000
v 14.9235151 7.1280302 0.0000000
v 14.9406054 6.8836270 -0.2450000
v 14.8857394 6.8797904 -0.2450000
v 14.9235151 7.1280302 0.0000000
v 14.8857394 6.8797904 -0.2450000
v 14.8686490 7.1241936 0.0000000
v 14.9406054 6.8836270 -0.2450000
v 14.9576957 6.6392238 0.0000000
v 14.9028297 6.6353872 0.0000000
v 14.9406054 6.8836270 -0.2450000
v 14.9028297 6.6353872 0.0000000
v 14.8857394 6.8797904 -0.2450000
v 15.2968675 6.6629410 0.0000000
v 15.2797772 6.9073442 0.2450000
v 15.2249111 6.9035076 0.2450000
v 15.2968675 6.6629410 0.0000000
v 15.2249111 6.9035076 0.2450000
v 15.2420015 6.6591044 0.0000000
v 15.2797772 6.9073442 0.2450000
v 15.2626868 7.1517474 0.0000000
v 15.2078208 7.1479108 0.0000000
v 15.2797772 6.9073442 0.2450000
v 15.2078208 7.1479108 0.0000000
v 15.2249111 6.9035076 0.2450000
v 15.2626868 7.1517474 0.0000000
v 15.2797772 6.9073442 -0.2450000
v 15.2249111 6.9035076 -0.2450000
v 15.2626868 7.1517474 0.0000000
v 15.2249111 6.9035076 -0.2450000
v 15.2078208 7.1479108 0.0000000
v 15.2797772 6.9073442 -0.2450000
v 15.2968675 6.6629410 0.0000000
v 15.2420015 6.6591044 0.0000000
v 15.2797772 6.9073442 -0.2450000
v 15.2420015 6.6591044 0.0000000
v 15.2249111 6.9035076 -0.2450000
v 14.7539815 3.8127063 0.0475000
v 14.7539815 3.8127063 -0.0475000
v 15.8980342 1.7875783 -0.0475000
v 14.7539815 3.8127063 0.0475000
v 15.8980342 1.7875783 -0.0475000
v 15.8980342 1.7875783 0.0475000
v 14.7539815 3.8127063 -0.0475000
v 14.8366952 3.8594337 -0.0475000
v 15.9807479 1.8343056 -0.0475000
v 14.7539815 3.8127063 -0.0475000
v 15.9807479 1.8343056 -0.0475000
v 15.8980342 1.7875783 -0.0475000
v 14.8366952 3.8594337 -0.0475000
v 14.8366952 3.8594337 0.0475000
v 15.9807479 1.8343056 0.0475000
v 14.8366952 3.8594337 -0.0475000
v 15.9807479 1.8343056 0.0475000
v 15.9807479 1.8343056 -0.0475000
v 14.8366952 3.8594337 0.0475000
v 14.7539815 3.8127063 0.0475000
v 15.8980342 1.7875783 0.0475000
v 14.8366952 3.8594337 0.0475000
v 15.8980342 1.7875783 0.0475000
v 15.9807479 1.8343056 0.0475000
v 15.8742347 1.5958730 0.0000000
v 15.8616786 1.7754345 0.1800000
v 15.0636273 1.7196293 0.1800000
v 15.8742347 1.5958730 0.0000000
v 15.0636273 1.7196293 0.1800000
v 15.0761835 1.5400678 0.0000000
v 15.0636273 1.7196293 0.0000000
v 15.0761835 1.5400678 0.0000000
v 15.0636273 1.7196293 0.1800000
v 15.8616786 1.7754345 0.0000000
v 15.8616786 1.7754345 0.1800000
v 15.8742347 1.5958730 0.0000000
v 15.8616786 1.7754345 0.1800000
v 15.8491224 1.9549961 0.0000000
v 15.0510712 1.8991909 0.0000000
v 15.8616786 1.7754345 0.1800000
v 15.0510712 1.8991909 0.0000000
v 15.0636273 1.7196293 0.1800000
v 15.0636273 1.7196293 0.0000000
v 15.0636273 1.7196293 0.1800000
v 15.0510712 1.8991909 0.0000000
v 15.8616786 1.7754345 0.0000000
v 15.8491224 1.9549961 0.0000000
v 15.8616786 1.7754345 0.1800000
v 15.8491224 1.9549961 0.0000000
v 15.8616786 1.7754345 -0.1800000
v 15.0636273 1.7196293 -0.1800000
v 15.8491224 1.9549961 0.0000000
v 15.0636273 1.7196293 -0.1800000
v 15.0510712 1.8991909 0.0000000
v 15.0636273 1.7196293 0.0000000
v 15.0510712 1.8991909 0.0000000
v 15.0636273 1.7196293 -0.1800000
v 15.8616786 1.7754345 0.0000000
v 15.8616786 1.7754345 -0.1800000
v 15.8491224 1.9549961 0.0000000
v 15.8616786 1.7754345 -0.1800000
v 15.8742347 1.5958730 0.0000000
v 15.0761835 1.5400678 0.0000000
v 15.8616786 1.7754345 -0.1800000
v 15.0761835 1.5400678 0.0000000
v 15.0636273 1.7196293 -0.1800000
v 15.0636273 1.7196293 0.0000000
v 15.0636273 1.7196293 -0.1800000
v 15.0761835 1.5400678 0.0000000
v 15.8616786 1.7754345 0.0000000
v 15.8742347 1.5958730 0.0000000
v 15.8616786 1.7754345 -0.1800000
v 15.3176391 1.4917933 0.0000000
v 15.3005488 1.7361965 0.2450000
v 15.2456828 1.7323599 0.2450000
v 15.3176391 1.4917933 0.0000000
v 15.2456828 1.7323599 0.2450000
v 15.2627731 1.4879567 0.0000000
v 15.3005488 1.7361965 0.2450000
v 15.2834585 1.9805997 0.0000000
v 15.2285924 1.9767631 0.0000000
v 15.3005488 1.7361965 0.2450000
v 15.2285924 1.9767631 0.0000000
v 15.2456828 1.7323599 0.2450000
v 15.2834585 1.9805997 0.0000000
v 15.3005488 1.7361965 -0.2450000
v 15.2456828 1.7323599 -0.2450000
v 15.2834585 1.9805997 0.0000000
v 15.2456828 1.7323599 -0.2450000
v 15.2285924 1.9767631 0.0000000
v 15.3005488 1.7361965 -0.2450000
v 15.3176391 1.4917933 0.0000000
v 15.2627731 1.4879567 0.0000000
v 15.3005488 1.7361965 -0.2450000
v 15.2627731 1.4879567 0.0000000
v 15.2456828 1.7323599 -0.2450000
v 15.6568109 1.5155105 0.0000000
v 15.6397206 1.7599137 0.2450000
v 15.5848545 1.7560771 0.2450000
v 15.6568109 1.5155105 0.0000000
v 15.5848545 1.7560771 0.2450000
v 15.6019449 1.5116739 0.0000000
v 15.6397206 1.7599137 0.2450000
v 15.6226302 2.0043169 0.0000000
v 15.5677642 2.0004803 0.0000000
v 15.6397206 1.7599137 0.2450000
v 15.5677642 2.0004803 0.0000000
v 15.5848545 1.7560771 0.2450000
v 15.6226302 2.0043169 0.0000000
v 15.6397206 1.7599137 -0.2450000
v 15.5848545 1.7560771 -0.2450000
v 15.6226302 2.0043169 0.0000000
v 15.5848545 1.7560771 -0.2450000
v 15.5677642 2.0004803 0.0000000
v 15.6397206 1.7599137 -0.2450000
v 15.6568109 1.5155105 0.0000000
v 15.6019449 1.5116739 0.0000000
v 15.6397206 1.7599137 -0.2450000
v 15.6019449 1.5116739 0.0000000
v 15.5848545 1.7560771 -0.2450000
v -0.1447447 5.3225234 -2.0750000
v 0.0348168 5.3350796 -2.0750000
v 0.0731829 4.7864193 -2.0750000
v -0.1447447 5.3225234 -2.0750000
v 0.0731829 4.7864193 -2.0750000
v -0.1063786 4.7738632 -2.0750000
v -0.1447447 5.3225234 -1.5250000
v -0.1063786 4.7738632 -1.5250000
v 0.0731829 4.7864193 -1.5250000
v -0.1447447 5.3225234 -1.5250000
v 0.0731829 4.7864193 -1.5250000
v 0.0348168 5.3350796 -1.5250000
v -0.1447447 5.3225234 -2.0750000
v -0.1447447 5.3225234 -1.5250000
v 0.0348168 5.3350796 -1.5250000
v -0.1447447 5.3225234 -2.0750000
v 0.0348168 5.3350796 -1.5250000
v 0.0348168 5.3350796 -2.0750000
v -0.1063786 4.7738632 -2.0750000
v 0.0731829 4.7864193 -2.0750000
v 0.0731829 4.7864193 -1.5250000
v -0.1063786 4.7738632 -2.0750000
v 0.0731829 4.7864193 -1.5250000
v -0.1063786 4.7738632 -1.5250000
v -0.1447447 5.3225234 -2.0750000
v -0.1063786 4.7738632 -2.0750000
v -0.1063786 4.7738632 -1.5250000
v -0.1447447 5.3225234 -2.0750000
v -0.1063786 4.7738632 -1.5250000
v -0.1447447 5.3225234 -1.5250000
v 0.0348168 5.3350796 -2.0750000
v 0.0348168 5.3350796 -1.5250000
v 0.0731829 4.7864193 -1.5250000
v 0.0348168 5.3350796 -2.0750000
v 0.0731829 4.7864193 -1.5250000
v 0.0731829 4.7864193 -2.0750000
v -0.1447447 5.3225234 1.5250000
v 0.0348168 5.3350796 1.5250000
v 0.0731829 4.7864193 1.5250000
v -0.1447447 5.3225234 1.5250000
v 0.0731829 4.7864193 1.5250000
v -0.1063786 4.7738632 1.5250000
v -0.1447447 5.3225234 2.0750000
v -0.1063786 4.7738632 2.0750000
v 0.0731829 4.7864193 2.0750000
v -0.1447447 5.3225234 2.0750000
v 0.0731829 4.7864193 2.0750000
v 0.0348168 5.3350796 2.0750000
v -0.1447447 5.3225234 1.5250000
v -0.1447447 5.3225234 2.0750000
v 0.0348168 5.3350796 2.0750000
v -0.1447447 5.3225234 1.5250000
v 0.0348168 5.3350796 2.0750000
v 0.0348168 5.3350796 1.5250000
v -0.1063786 4.7738632 1.5250000
v 0.0731829 4.7864193 1.5250000
v 0.0731829 4.7864193 2.0750000
v -0.1063786 4.7738632 1.5250000
v 0.0731829 4.7864193 2.0750000
v -0.1063786 4.7738632 2.0750000
v -0.1447447 5.3225234 1.5250000
v -0.1063786 4.7738632 1.5250000
v -0.1063786 4.7738632 2.0750000
v -0.1447447 5.3225234 1.5250000
v -0.1063786 4.7738632 2.0750000
v -0.1447447 5.3225234 2.0750000
v 0.0348168 5.3350796 1.5250000
v 0.0348168 5.3350796 2.0750000
v 0.0731829 4.7864193 2.0750000
v 0.0348168 5.3350796 1.5250000
v 0.0731829 4.7864193 2.0750000
v 0.0731829 4.7864193 1.5250000
v 0.1063786 1.7312928 -2.0750000
v 0.2859402 1.7438490 -2.0750000
v 0.3243062 1.1951888 -2.0750000
v 0.1063786 1.7312928 -2.0750000
v 0.3243062 1.1951888 -2.0750000
v 0.1447447 1.1826326 -2.0750000
v 0.1063786 1.7312928 -1.5250000
v 0.1447447 1.1826326 -1.5250000
v 0.3243062 1.1951888 -1.5250000
v 0.1063786 1.7312928 -1.5250000
v 0.3243062 1.1951888 -1.5250000
v 0.2859402 1.7438490 -1.5250000
v 0.1063786 1.7312928 -2.0750000
v 0.1063786 1.7312928 -1.5250000
v 0.2859402 1.7438490 -1.5250000
v 0.1063786 1.7312928 -2.0750000
v 0.2859402 1.7438490 -1.5250000
v 0.2859402 1.7438490 -2.0750000
v 0.1447447 1.1826326 -2.0750000
v 0.3243062 1.1951888 -2.0750000
v 0.3243062 1.1951888 -1.5250000
v 0.1447447 1.1826326 -2.0750000
v 0.3243062 1.1951888 -1.5250000
v 0.1447447 1.1826326 -1.5250000
v 0.1063786 1.7312928 -2.0750000
v 0.1447447 1.1826326 -2.0750000
v 0.1447447 1.1826326 -1.5250000
v 0.1063786 1.7312928 -2.0750000
v 0.1447447 1.1826326 -1.5250000
v 0.1063786 1.7312928 -1.5250000
v 0.2859402 1.7438490 -2.0750000
v 0.2859402 1.7438490 -1.5250000
v 0.3243062 1.1951888 -1.5250000
v 0.2859402 1.7438490 -2.0750000
v 0.3243062 1.1951888 -1.5250000
v 0.3243062 1.1951888 -2.0750000
v 0.1063786 1.7312928 1.5250000
v 0.2859402 1.7438490 1.5250000
v 0.3243062 1.1951888 1.5250000
v 0.1063786 1.7312928 1.5250000
v 0.3243062 1.1951888 1.5250000
v 0.1447447 1.1826326 1.5250000
v 0.1063786 1.7312928 2.0750000
v 0.1447447 1.1826326 2.0750000
v 0.3243062 1.1951888 2.0750000
v 0.1063786 1.7312928 2.0750000
v 0.3243062 1.1951888 2.0750000
v 0.2859402 1.7438490 2.0750000
v 0.1063786 1.7312928 1.5250000
v 0.1063786 1.7312928 2.0750000
v 0.2859402 1.7438490 2.0750000
v 0.1063786 1.7312928 1.5250000
v 0.2859402 1.7438490 2.0750000
v 0.2859402 1.7438490 1.5250000
v 0.1447447 1.1826326 1.5250000
v 0.3243062 1.1951888 1.5250000
v 0.3243062 1.1951888 2.0750000
v 0.1447447 1.1826326 1.5250000
v 0.3243062 1.1951888 2.0750000
v 0.1447447 1.1826326 2.0750000
v 0.1063786 1.7312928 1.5250000
v 0.1447447 1.1826326 1.5250000
v 0.1447447 1.1826326 2.0750000
v 0.1063786 1.7312928 1.5250000
v 0.1447447 1.1826326 2.0750000
v 0.1063786 1.7312928 2.0750000
v 0.2859402 1.7438490 1.5250000
v 0.2859402 1.7438490 2.0750000
v 0.3243062 1.1951888 2.0750000
v 0.2859402 1.7438490 1.5250000
v 0.3243062 1.1951888 2.0750000
v 0.3243062 1.1951888 1.5250000
vn 0.0526174 0.9984980 0.0152676
vn 0.0526174 0.9984980 0.0152676
vn -0.1237326 -0.0086522 0.9922779
vn -0.1237326 -0.0086522 0.9922779
vn -0.0526174 -0.9984980 -0.0152676
vn -0.0526174 -0.9984980 -0.0152676
vn 0.1237326 0.0086522 -0.9922779
vn 0.1237326 0.0086522 -0.9922779
vn 0.0526174 0.9984980 -0.0152676
vn 0.0526174 0.9984980 -0.0152676
vn 0.1237326 0.0086522 0.9922779
vn 0.1237326 0.0086522 0.9922779
vn -0.0526174 -0.9984980 0.0152676
vn -0.0526174 -0.9984980 0.0152676
vn -0.1237326 -0.0086522 -0.9922779
vn -0.1237326 -0.0086522 -0.9922779
vn -0.1910694 0.9814578 -0.0152676
vn -0.1910694 0.9814578 -0.0152676
vn -0.1237326 -0.0086522 0.9922779
vn -0.1237326 -0.0086522 0.9922779
vn 0.1910694 -0.9814578 0.0152676
vn 0.1910694 -0.9814578 0.0152676
vn 0.1237326 0.0086522 -0.9922779
vn 0.1237326 0.0086522 -0.9922779
vn -0.1910694 0.9814578 0.0152676
vn -0.1910694 0.9814578 0.0152676
vn 0.1237326 0.0086522 0.9922779
vn 0.1237326 0.0086522 0.9922779
vn 0.1910694 -0.9814578 -0.0152676
vn 0.1910694 -0.9814578 -0.0152676
vn -0.1237326 -0.0086522 -0.9922779
vn -0.1237326 -0.0086522 -0.9922779
vn -0.6089119 -0.7861286 0.1059626
vn -0.6089119 -0.7861286 0.1059626
vn 0.0098651 -0.1410769 -0.9899495
vn 0.0098651 -0.1410769 -0.9899495
vn 0.6089119 0.7861286 -0.1059626
vn 0.6089119 0.7861286 -0.1059626
vn -0.0098651 0.1410769 0.9899495
vn -0.0098651 0.1410769 0.9899495
vn -0.7123940 0.6937339 0.1059626
vn -0.7123940 0.6937339 0.1059626
vn 0.0098651 -0.1410769 0.9899495
vn 0.0098651 -0.1410769 0.9899495
vn 0.7123940 -0.6937339 -0.1059626
vn 0.7123940 -0.6937339 -0.1059626
vn -0.0098651 0.1410769 -0.9899495
vn -0.0098651 0.1410769 -0.9899495
vn -0.6532614 -0.1519018 0.7417381
vn -0.6532614 -0.1519018 0.7417381
vn 0.0690554 -0.9875380 -0.1414214
vn 0.0690554 -0.9875380 -0.1414214
vn 0.6532614 0.1519018 -0.7417381
vn 0.6532614 0.1519018 -0.7417381
vn -0.0690554 0.9875380 0.1414214
vn -0.0690554 0.9875380 0.1414214
vn -0.6532614 -0.1519018 -0.7417381
vn -0.6532614 -0.1519018 -0.7417381
vn -0.0690554 0.9875380 -0.1414214
vn -0.0690554 0.9875380 -0.1414214
vn 0.6532614 0.1519018 0.7417381
vn 0.6532614 0.1519018 0.7417381
vn 0.0690554 -0.9875380 0.1414214
vn 0.0690554 -0.9875380 0.1414214
vn -0.6089119 -0.7861286 -0.1059626
vn -0.6089119 -0.7861286 -0.1059626
vn -0.0098651 0.1410769 -0.9899495
vn -0.0098651 0.1410769 -0.9899495
vn 0.6089119 0.7861286 0.1059626
vn 0.6089119 0.7861286 0.1059626
vn 0.0098651 -0.1410769 0.9899495
vn 0.0098651 -0.1410769 0.9899495
vn -0.7123940 0.6937339 -0.1059626
vn -0.7123940 0.6937339 -0.1059626
vn -0.0098651 0.1410769 0.9899495
vn -0.0098651 0.1410769 0.9899495
vn 0.7123940 -0.6937339 0.1059626
vn 0.7123940 -0.6937339 0.1059626
vn 0.0098651 -0.1410769 -0.9899495
vn 0.0098651 -0.1410769 -0.9899495
vn -0.6680445 0.0595071 0.7417381
vn -0.6680445 0.0595071 0.7417381
vn 0.0690554 -0.9875380 0.1414214
vn 0.0690554 -0.9875380 0.1414214
vn 0.6680445 -0.0595071 -0.7417381
vn 0.6680445 -0.0595071 -0.7417381
vn -0.0690554 0.9875380 -0.1414214
vn -0.0690554 0.9875380 -0.1414214
vn -0.6680445 0.0595071 -0.7417381
vn -0.6680445 0.0595071 -0.7417381
vn -0.0690554 0.9875380 0.1414214
vn -0.0690554 0.9875380 0.1414214
vn 0.6680445 -0.0595071 0.7417381
vn 0.6680445 -0.0595071 0.7417381
vn 0.0690554 -0.9875380 -0.1414214
vn 0.0690554 -0.9875380 -0.1414214
vn -0.9975641 -0.0697565 0.0000000
vn -0.9975641 -0.0697565 0.0000000
vn 0.0000000 0.0000000 -1.0000000
vn 0.0000000 0.0000000 -1.0000000
vn 0.9975641 0.0697565 0.0000000
vn 0.9975641 0.0697565 0.0000000
vn 0.0000000 0.0000000 1.0000000
vn 0.0000000 0.0000000 1.0000000
vn -0.9975641 -0.0697565 0.0000000
vn -0.9975641 -0.0697565 0.0000000
vn 0.0697565 -0.9975641 0.0000000
vn 0.0697565 -0.9975641 0.0000000
vn 0.9975641 0.0697565 0.0000000
vn 0.9975641 0.0697565 0.0000000
vn -0.0697565 0.9975641 0.0000000
vn -0.0697565 0.9975641 0.0000000
vn -0.9975641 -0.0697565 0.0000000
vn -0.9975641 -0.0697565 0.0000000
vn 0.0000000 0.0000000 -1.0000000
vn 0.0000000 0.0000000 -1.0000000
vn 0.9975641 0.0697565 0.0000000
vn 0.9975641 0.0697565 0.0000000
vn 0.0000000 0.0000000 1.0000000
vn 0.0000000 0.0000000 1.0000000
vn -0.9975641 -0.0697565 0.0000000
vn -0.9975641 -0.0697565 0.0000000
vn 0.0697565 -0.9975641 0.0000000
vn 0.0697565 -0.9975641 0.0000000
vn 0.9975641 0.0697565 0.0000000
vn 0.9975641 0.0697565 0.0000000
vn -0.0697565 0.9975641 0.0000000
vn -0.0697565 0.9975641 0.0000000
vn 0.0313301 0.9994554 0.0103561
vn 0.0313301 0.9994554 0.0103561
vn -0.1017803 -0.0071172 0.9947814
vn -0.1017803 -0.0071172 0.9947814
vn -0.0313301 -0.9994554 -0.0103561
vn -0.0313301 -0.9994554 -0.0103561
vn 0.1017803 0.0071172 -0.9947814
vn 0.1017803 0.0071172 -0.9947814
vn 0.0313301 0.9994554 -0.0103561
vn 0.0313301 0.9994554 -0.0103561
vn 0.1017803 0.0071172 0.9947814
vn 0.1017803 0.0071172 0.9947814
vn -0.0313301 -0.9994554 0.0103561
vn -0.0313301 -0.9994554 0.0103561
vn -0.1017803 -0.0071172 -0.9947814
vn -0.1017803 -0.0071172 -0.9947814
vn -0.1701225 0.9853685 -0.0103561
vn -0.1701225 0.9853685 -0.0103561
vn -0.1017803 -0.0071172 0.9947814
vn -0.1017803 -0.0071172 0.9947814
vn 0.1701225 -0.9853685 0.0103561
vn 0.1701225 -0.9853685 0.0103561
vn 0.1017803 0.0071172 -0.9947814
vn 0.1017803 0.0071172 -0.9947814
vn -0.1701225 0.9853685 0.0103561
vn -0.1701225 0.9853685 0.0103561
vn 0.1017803 0.0071172 0.9947814
vn 0.1017803 0.0071172 0.9947814
vn 0.1701225 -0.9853685 -0.0103561
vn 0.1701225 -0.9853685 -0.0103561
vn -0.1017803 -0.0071172 -0.9947814
vn -0.1017803 -0.0071172 -0.9947814
vn -0.4533908 -0.8791038 0.1470148
vn -0.4533908 -0.8791038 0.1470148
vn 0.0119522 -0.1709238 -0.9852118
vn 0.0119522 -0.1709238 -0.9852118
vn 0.4533908 0.8791038 -0.1470148
vn 0.4533908 0.8791038 -0.1470148
vn -0.0119522 0.1709238 0.9852118
vn -0.0119522 0.1709238 0.9852118
vn -0.5713260 0.8074486 0.1470148
vn -0.5713260 0.8074486 0.1470148
vn 0.0119522 -0.1709238 0.9852118
vn 0.0119522 -0.1709238 0.9852118
vn 0.5713260 -0.8074486 -0.1470148
vn 0.5713260 -0.8074486 -0.1470148
vn -0.0119522 0.1709238 -0.9852118
vn -0.0119522 0.1709238 -0.9852118
vn -0.5021032 -0.1824843 0.8453354
vn -0.5021032 -0.1824843 0.8453354
vn 0.0687249 -0.9828118 -0.1713412
vn 0.0687249 -0.9828118 -0.1713412
vn 0.5021032 0.1824843 -0.8453354
vn 0.5021032 0.1824843 -0.8453354
vn -0.0687249 0.9828118 0.1713412
vn -0.0687249 0.9828118 0.1713412
vn -0.5021032 -0.1824843 -0.8453354
vn -0.5021032 -0.1824843 -0.8453354
vn -0.0687249 0.9828118 -0.1713412
vn -0.0687249 0.9828118 -0.1713412
vn 0.5021032 0.1824843 0.8453354
vn 0.5021032 0.1824843 0.8453354
vn 0.0687249 -0.9828118 0.1713412
vn 0.0687249 -0.9828118 0.1713412
vn -0.4533908 -0.8791038 -0.1470148
vn -0.4533908 -0.8791038 -0.1470148
vn -0.0119522 0.1709238 -0.9852118
vn -0.0119522 0.1709238 -0.9852118
vn 0.4533908 0.8791038 0.1470148
vn 0.4533908 0.8791038 0.1470148
vn 0.0119522 -0.1709238 0.9852118
vn 0.0119522 -0.1709238 0.9852118
vn -0.5713260 0.8074486 -0.1470148
vn -0.5713260 0.8074486 -0.1470148
vn -0.0119522 0.1709238 0.9852118
vn -0.0119522 0.1709238 0.9852118
vn 0.5713260 -0.8074486 0.1470148
vn 0.5713260 -0.8074486 0.1470148
vn 0.0119522 -0.1709238 -0.9852118
vn 0.0119522 -0.1709238 -0.9852118
vn -0.5226137 0.1108291 0.8453354
vn -0.5226137 0.1108291 0.8453354
vn 0.0687249 -0.9828118 0.1713412
vn 0.0687249 -0.9828118 0.1713412
vn 0.5226137 -0.1108291 -0.8453354
vn 0.5226137 -0.1108291 -0.8453354
vn -0.0687249 0.9828118 -0.1713412
vn -0.0687249 0.9828118 -0.1713412
vn -0.5226137 0.1108291 -0.8453354
vn -0.5226137 0.1108291 -0.8453354
vn -0.0687249 0.9828118 0.1713412
vn -0.0687249 0.9828118 0.1713412
vn 0.5226137 -0.1108291 0.8453354
vn 0.5226137 -0.1108291 0.8453354
vn 0.0687249 -0.9828118 -0.1713412
vn 0.0687249 -0.9828118 -0.1713412
vn -0.9975641 -0.0697565 0.0000000
vn -0.9975641 -0.0697565 0.0000000
vn 0.0000000 0.0000000 -1.0000000
vn 0.0000000 0.0000000 -1.0000000
vn 0.9975641 0.0697565 0.0000000
vn 0.9975641 0.0697565 0.0000000
vn 0.0000000 0.0000000 1.0000000
vn 0.0000000 0.0000000 1.0000000
vn -0.9975641 -0.0697565 0.0000000
vn -0.9975641 -0.0697565 0.0000000
vn 0.0697565 -0.9975641 0.0000000
vn 0.0697565 -0.9975641 0.0000000
vn 0.9975641 0.0697565 0.0000000
vn 0.9975641 0.0697565 0.0000000
vn -0.0697565 0.9975641 0.0000000
vn -0.0697565 0.9975641 0.0000000
vn -0.9975641 -0.0697565 0.0000000
vn -0.9975641 -0.0697565 0.0000000
vn 0.0000000 0.0000000 -1.0000000
vn 0.0000000 0.0000000 -1.0000000
vn 0.9975641 0.0697565 0.0000000
vn 0.9975641 0.0697565 0.0000000
vn 0.0000000 0.0000000 1.0000000
vn 0.0000000 0.0000000 1.0000000
vn -0.9975641 -0.0697565 0.0000000
vn -0.9975641 -0.0697565 0.0000000
vn 0.0697565 -0.9975641 0.0000000
vn 0.0697565 -0.9975641 0.0000000
vn 0.9975641 0.0697565 0.0000000
vn 0.9975641 0.0697565 0.0000000
vn -0.0697565 0.9975641 0.0000000
vn -0.0697565 0.9975641 0.0000000
vn 0.0500068 0.9986420 0.0146113
vn 0.0500068 0.9986420 0.0146113
vn -0.1210239 -0.0084628 0.9926135
vn -0.1210239 -0.0084628 0.9926135
vn -0.0500068 -0.9986420 -0.0146113
vn -0.0500068 -0.9986420 -0.0146113
vn 0.1210239 0.0084628 -0.9926135
vn 0.1210239 0.0084628 -0.9926135
vn 0.0500068 0.9986420 -0.0146113
vn 0.0500068 0.9986420 -0.0146113
vn 0.1210239 0.0084628 0.9926135
vn 0.1210239 0.0084628 0.9926135
vn -0.0500068 -0.9986420 0.0146113
vn -0.0500068 -0.9986420 0.0146113
vn -0.1210239 -0.0084628 -0.9926135
vn -0.1210239 -0.0084628 -0.9926135
vn -0.1885043 0.9819637 -0.0146113
vn -0.1885043 0.9819637 -0.0146113
vn -0.1210239 -0.0084628 0.9926135
vn -0.1210239 -0.0084628 0.9926135
vn 0.1885043 -0.9819637 0.0146113
vn 0.1885043 -0.9819637 0.0146113
vn 0.1210239 0.0084628 -0.9926135
vn 0.1210239 0.0084628 -0.9926135
vn -0.1885043 0.9819637 0.0146113
vn -0.1885043 0.9819637 0.0146113
vn 0.1210239 0.0084628 0.9926135
vn 0.1210239 0.0084628 0.9926135
vn 0.1885043 -0.9819637 -0.0146113
vn 0.1885043 -0.9819637 -0.0146113
vn -0.1210239 -0.0084628 -0.9926135
vn -0.1210239 -0.0084628 -0.9926135
vn -0.4508861 -0.8748892 0.1768350
vn -0.4508861 -0.8748892 0.1768350
vn 0.0143487 -0.2051953 -0.9786159
vn 0.0143487 -0.2051953 -0.9786159
vn 0.4508861 0.8748892 -0.1768350
vn 0.4508861 0.8748892 -0.1768350
vn -0.0143487 0.2051953 0.9786159
vn -0.0143487 0.2051953 0.9786159
vn -0.5682591 0.8036236 0.1768350
vn -0.5682591 0.8036236 0.1768350
vn 0.0143487 -0.2051953 0.9786159
vn 0.0143487 -0.2051953 0.9786159
vn 0.5682591 -0.8036236 -0.1768350
vn 0.5682591 -0.8036236 -0.1768350
vn -0.0143487 0.2051953 -0.9786159
vn -0.0143487 0.2051953 -0.9786159
vn -0.4972372 -0.2120370 0.8413058
vn -0.4972372 -0.2120370 0.8413058
vn 0.0682648 -0.9762320 -0.2056963
vn 0.0682648 -0.9762320 -0.2056963
vn 0.4972372 0.2120370 -0.8413058
vn 0.4972372 0.2120370 -0.8413058
vn -0.0682648 0.9762320 0.2056963
vn -0.0682648 0.9762320 0.2056963
vn -0.4972372 -0.2120370 -0.8413058
vn -0.4972372 -0.2120370 -0.8413058
vn -0.0682648 0.9762320 -0.2056963
vn -0.0682648 0.9762320 -0.2056963
vn 0.4972372 0.2120370 0.8413058
vn 0.4972372 0.2120370 0.8413058
vn 0.0682648 -0.9762320 0.2056963
vn 0.0682648 -0.9762320 0.2056963
vn -0.4508861 -0.8748892 -0.1768350
vn -0.4508861 -0.8748892 -0.1768350
vn -0.0143487 0.2051953 -0.9786159
vn -0.0143487 0.2051953 -0.9786159
vn 0.4508861 0.8748892 0.1768350
vn 0.4508861 0.8748892 0.1768350
vn 0.0143487 -0.2051953 0.9786159
vn 0.0143487 -0.2051953 0.9786159
vn -0.5682591 0.8036236 -0.1768350
vn -0.5682591 0.8036236 -0.1768350
vn -0.0143487 0.2051953 0.9786159
vn -0.0143487 0.2051953 0.9786159
vn 0.5682591 -0.8036236 0.1768350
vn 0.5682591 -0.8036236 0.1768350
vn 0.0143487 -0.2051953 -0.9786159
vn 0.0143487 -0.2051953 -0.9786159
vn -0.5219080 0.1407714 0.8413058
vn -0.5219080 0.1407714 0.8413058
vn 0.0682648 -0.9762320 0.2056963
vn 0.0682648 -0.9762320 0.2056963
vn 0.5219080 -0.1407714 -0.8413058
vn 0.5219080 -0.1407714 -0.8413058
vn -0.0682648 0.9762320 -0.2056963
vn -0.0682648 0.9762320 -0.2056963
vn -0.5219080 0.1407714 -0.8413058
vn -0.5219080 0.1407714 -0.8413058
vn -0.0682648 0.9762320 0.2056963
vn -0.0682648 0.9762320 0.2056963
vn 0.5219080 -0.1407714 0.8413058
vn 0.5219080 -0.1407714 0.8413058
vn 0.0682648 -0.9762320 -0.2056963
vn 0.0682648 -0.9762320 -0.2056963
vn -0.9975641 -0.0697565 0.0000000
vn -0.9975641 -0.0697565 0.0000000
vn 0.0000000 0.0000000 -1.0000000
vn 0.0000000 0.0000000 -1.0000000
vn 0.9975641 0.0697565 0.0000000
vn 0.9975641 0.0697565 0.0000000
vn 0.0000000 0.0000000 1.0000000
vn 0.0000000 0.0000000 1.0000000
vn -0.9975641 -0.0697565 0.0000000
vn -0.9975641 -0.0697565 0.0000000
vn 0.0697565 -0.9975641 0.0000000
vn 0.0697565 -0.9975641 0.0000000
vn 0.9975641 0.0697565 0.0000000
vn 0.9975641 0.0697565 0.0000000
vn -0.0697565 0.9975641 0.0000000
vn -0.0697565 0.9975641 0.0000000
vn -0.9975641 -0.0697565 0.0000000
vn -0.9975641 -0.0697565 0.0000000
vn 0.0000000 0.0000000 -1.0000000
vn 0.0000000 0.0000000 -1.0000000
vn 0.9975641 0.0697565 0.0000000
vn 0.9975641 0.0697565 0.0000000
vn 0.0000000 0.0000000 1.0000000
vn 0.0000000 0.0000000 1.0000000
vn -0.9975641 -0.0697565 0.0000000
vn -0.9975641 -0.0697565 0.0000000
vn 0.0697565 -0.9975641 0.0000000
vn 0.0697565 -0.9975641 0.0000000
vn 0.9975641 0.0697565 0.0000000
vn 0.9975641 0.0697565 0.0000000
vn -0.0697565 0.9975641 0.0000000
vn -0.0697565 0.9975641 0.0000000
vn -0.0093953 0.9999491 0.0036660
vn -0.0093953 0.9999491 0.0036660
vn -0.0604551 -0.0042274 0.9981620
vn -0.0604551 -0.0042274 0.9981620
vn 0.0093953 -0.9999491 -0.0036660
vn 0.0093953 -0.9999491 -0.0036660
vn 0.0604551 0.0042274 -0.9981620
vn 0.0604551 0.0042274 -0.9981620
vn -0.0093953 0.9999491 -0.0036660
vn -0.0093953 0.9999491 -0.0036660
vn 0.0604551 0.0042274 0.9981620
vn 0.0604551 0.0042274 0.9981620
vn 0.0093953 -0.9999491 0.0036660
vn 0.0093953 -0.9999491 0.0036660
vn -0.0604551 -0.0042274 -0.9981620
vn -0.0604551 -0.0042274 -0.9981620
vn -0.1298622 0.9915253 -0.0036660
vn -0.1298622 0.9915253 -0.0036660
vn -0.0604551 -0.0042274 0.9981620
vn -0.0604551 -0.0042274 0.9981620
vn 0.1298622 -0.9915253 0.0036660
vn 0.1298622 -0.9915253 0.0036660
vn 0.0604551 0.0042274 -0.9981620
vn 0.0604551 0.0042274 -0.9981620
vn -0.1298622 0.9915253 0.0036660
vn -0.1298622 0.9915253 0.0036660
vn 0.0604551 0.0042274 0.9981620
vn 0.0604551 0.0042274 0.9981620
vn 0.1298622 -0.9915253 -0.0036660
vn 0.1298622 -0.9915253 -0.0036660
vn -0.0604551 -0.0042274 -0.9981620
vn -0.0604551 -0.0042274 -0.9981620
vn 0.2896959 0.9568750 0.0215984
vn 0.2896959 0.9568750 0.0215984
vn -0.0604551 -0.0042274 0.9981620
vn -0.0604551 -0.0042274 0.9981620
vn -0.2896959 -0.9568750 -0.0215984
vn -0.2896959 -0.9568750 -0.0215984
vn 0.0604551 0.0042274 -0.9981620
vn 0.0604551 0.0042274 -0.9981620
vn -0.4200479 0.9072449 -0.0215984
vn -0.4200479 0.9072449 -0.0215984
vn -0.0604551 -0.0042274 0.9981620
vn -0.0604551 -0.0042274 0.9981620
vn 0.4200479 -0.9072449 0.0215984
vn 0.4200479 -0.9072449 0.0215984
vn 0.0604551 0.0042274 -0.9981620
vn 0.0604551 0.0042274 -0.9981620
vn -0.0168806 0.9996532 0.0202126
vn -0.0168806 0.9996532 0.0202126
vn -0.3560967 -0.0249007 0.9341173
vn -0.3560967 -0.0249007 0.9341173
vn 0.0168806 -0.9996532 -0.0202126
vn 0.0168806 -0.9996532 -0.0202126
vn 0.3560967 0.0249007 -0.9341173
vn 0.3560967 0.0249007 -0.9341173
vn -0.0168806 0.9996532 -0.0202126
vn -0.0168806 0.9996532 -0.0202126
vn 0.3560967 0.0249007 0.9341173
vn 0.3560967 0.0249007 0.9341173
vn 0.0168806 -0.9996532 0.0202126
vn 0.0168806 -0.9996532 0.0202126
vn -0.3560967 -0.0249007 -0.9341173
vn -0.3560967 -0.0249007 -0.9341173
vn 0.2896959 0.9568750 -0.0215984
vn 0.2896959 0.9568750 -0.0215984
vn 0.0604551 0.0042274 0.9981620
vn 0.0604551 0.0042274 0.9981620
vn -0.2896959 -0.9568750 0.0215984
vn -0.2896959 -0.9568750 0.0215984
vn -0.0604551 -0.0042274 -0.9981620
vn -0.0604551 -0.0042274 -0.9981620
vn -0.4200479 0.9072449 0.0215984
vn -0.4200479 0.9072449 0.0215984
vn 0.0604551 0.0042274 0.9981620
vn 0.0604551 0.0042274 0.9981620
vn 0.4200479 -0.9072449 -0.0215984
vn 0.4200479 -0.9072449 -0.0215984
vn -0.0604551 -0.0042274 -0.9981620
vn -0.0604551 -0.0042274 -0.9981620
vn -0.1224085 0.9922740 -0.0202126
vn -0.1224085 0.9922740 -0.0202126
vn -0.3560967 -0.0249007 0.9341173
vn -0.3560967 -0.0249007 0.9341173
vn 0.1224085 -0.9922740 0.0202126
vn 0.1224085 -0.9922740 0.0202126
vn 0.3560967 0.0249007 -0.9341173
vn 0.3560967 0.0249007 -0.9341173
vn -0.1224085 0.9922740 0.0202126
vn -0.1224085 0.9922740 0.0202126
vn 0.3560967 0.0249007 0.9341173
vn 0.3560967 0.0249007 0.9341173
vn 0.1224085 -0.9922740 -0.0202126
vn 0.1224085 -0.9922740 -0.0202126
vn -0.3560967 -0.0249007 -0.9341173
vn -0.3560967 -0.0249007 -0.9341173
vn -0.9975641 -0.0697565 0.0000000
vn -0.9975641 -0.0697565 0.0000000
vn 0.0000000 0.0000000 -1.0000000
vn 0.0000000 0.0000000 -1.0000000
vn 0.9975641 0.0697565 0.0000000
vn 0.9975641 0.0697565 0.0000000
vn 0.0000000 0.0000000 1.0000000
vn 0.0000000 0.0000000 1.0000000
vn -0.9975641 -0.0697565 0.0000000
vn -0.9975641 -0.0697565 0.0000000
vn 0.0697565 -0.9975641 0.0000000
vn 0.0697565 -0.9975641 0.0000000
vn 0.9975641 0.0697565 0.0000000
vn 0.9975641 0.0697565 0.0000000
vn -0.0697565 0.9975641 0.0000000
vn -0.0697565 0.9975641 0.0000000
vn -0.9975641 -0.0697565 0.0000000
vn -0.9975641 -0.0697565 0.0000000
vn 0.0000000 0.0000000 -1.0000000
vn 0.0000000 0.0000000 -1.0000000
vn 0.9975641 0.0697565 0.0000000
vn 0.9975641 0.0697565 0.0000000
vn 0.0000000 0.0000000 1.0000000
vn 0.0000000 0.0000000 1.0000000
vn -0.9975641 -0.0697565 0.0000000
vn -0.9975641 -0.0697565 0.0000000
vn 0.0697565 -0.9975641 0.0000000
vn 0.0697565 -0.9975641 0.0000000
vn 0.9975641 0.0697565 0.0000000
vn 0.9975641 0.0697565 0.0000000
vn -0.0697565 0.9975641 0.0000000
vn -0.0697565 0.9975641 0.0000000
vn -0.0332060 0.9994476 0.0013417
vn -0.0332060 0.9994476 0.0013417
vn -0.0365528 -0.0025560 0.9993285
vn -0.0365528 -0.0025560 0.9993285
vn 0.0332060 -0.9994476 -0.0013417
vn 0.0332060 -0.9994476 -0.0013417
vn 0.0365528 0.0025560 -0.9993285
vn 0.0365528 0.0025560 -0.9993285
vn -0.0332060 0.9994476 -0.0013417
vn -0.0332060 0.9994476 -0.0013417
vn 0.0365528 0.0025560 0.9993285
vn 0.0365528 0.0025560 0.9993285
vn 0.0332060 -0.9994476 0.0013417
vn 0.0332060 -0.9994476 0.0013417
vn -0.0365528 -0.0025560 -0.9993285
vn -0.0365528 -0.0025560 -0.9993285
vn -0.1062134 0.9943424 -0.0013417
vn -0.1062134 0.9943424 -0.0013417
vn -0.0365528 -0.0025560 0.9993285
vn -0.0365528 -0.0025560 0.9993285
vn 0.1062134 -0.9943424 0.0013417
vn 0.1062134 -0.9943424 0.0013417
vn 0.0365528 0.0025560 -0.9993285
vn 0.0365528 0.0025560 -0.9993285
vn -0.1062134 0.9943424 0.0013417
vn -0.1062134 0.9943424 0.0013417
vn 0.0365528 0.0025560 0.9993285
vn 0.0365528 0.0025560 0.9993285
vn 0.1062134 -0.9943424 -0.0013417
vn 0.1062134 -0.9943424 -0.0013417
vn -0.0365528 -0.0025560 -0.9993285
vn -0.0365528 -0.0025560 -0.9993285
vn 0.1862419 0.9824597 0.0093251
vn 0.1862419 0.9824597 0.0093251
vn -0.0365528 -0.0025560 0.9993285
vn -0.0365528 -0.0025560 0.9993285
vn -0.1862419 -0.9824597 -0.0093251
vn -0.1862419 -0.9824597 -0.0093251
vn 0.0365528 0.0025560 -0.9993285
vn 0.0365528 0.0025560 -0.9993285
vn -0.3211613 0.9469786 -0.0093251
vn -0.3211613 0.9469786 -0.0093251
vn -0.0365528 -0.0025560 0.9993285
vn -0.0365528 -0.0025560 0.9993285
vn 0.3211613 -0.9469786 0.0093251
vn 0.3211613 -0.9469786 0.0093251
vn 0.0365528 0.0025560 -0.9993285
vn 0.0365528 0.0025560 -0.9993285
vn -0.0355288 0.9993279 0.0090237
vn -0.0355288 0.9993279 0.0090237
vn -0.2540316 -0.0177636 0.9670328
vn -0.2540316 -0.0177636 0.9670328
vn 0.0355288 -0.9993279 -0.0090237
vn 0.0355288 -0.9993279 -0.0090237
vn 0.2540316 0.0177636 -0.9670328
vn 0.2540316 0.0177636 -0.9670328
vn -0.0355288 0.9993279 -0.0090237
vn -0.0355288 0.9993279 -0.0090237
vn 0.2540316 0.0177636 0.9670328
vn 0.2540316 0.0177636 0.9670328
vn 0.0355288 -0.9993279 0.0090237
vn 0.0355288 -0.9993279 0.0090237
vn -0.2540316 -0.0177636 -0.9670328
vn -0.2540316 -0.0177636 -0.9670328
vn 0.1862419 0.9824597 -0.0093251
vn 0.1862419 0.9824597 -0.0093251
vn 0.0365528 0.0025560 0.9993285
vn 0.0365528 0.0025560 0.9993285
vn -0.1862419 -0.9824597 0.0093251
vn -0.1862419 -0.9824597 0.0093251
vn -0.0365528 -0.0025560 -0.9993285
vn -0.0365528 -0.0025560 -0.9993285
vn -0.3211613 0.9469786 0.0093251
vn -0.3211613 0.9469786 0.0093251
vn 0.0365528 0.0025560 0.9993285
vn 0.0365528 0.0025560 0.9993285
vn 0.3211613 -0.9469786 -0.0093251
vn 0.3211613 -0.9469786 -0.0093251
vn -0.0365528 -0.0025560 -0.9993285
vn -0.0365528 -0.0025560 -0.9993285
vn -0.1038966 0.9945472 -0.0090237
vn -0.1038966 0.9945472 -0.0090237
vn -0.2540316 -0.0177636 0.9670328
vn -0.2540316 -0.0177636 0.9670328
vn 0.1038966 -0.9945472 0.0090237
vn 0.1038966 -0.9945472 0.0090237
vn 0.2540316 0.0177636 -0.9670328
vn 0.2540316 0.0177636 -0.9670328
vn -0.1038966 0.9945472 0.0090237
vn -0.1038966 0.9945472 0.0090237
vn 0.2540316 0.0177636 0.9670328
vn 0.2540316 0.0177636 0.9670328
vn 0.1038966 -0.9945472 -0.0090237
vn 0.1038966 -0.9945472 -0.0090237
vn -0.2540316 -0.0177636 -0.9670328
vn -0.2540316 -0.0177636 -0.9670328
vn -0.9975641 -0.0697565 0.0000000
vn -0.9975641 -0.0697565 0.0000000
vn 0.0000000 0.0000000 -1.0000000
vn 0.0000000 0.0000000 -1.0000000
vn 0.9975641 0.0697565 0.0000000
vn 0.9975641 0.0697565 0.0000000
vn 0.0000000 0.0000000 1.0000000
vn 0.0000000 0.0000000 1.0000000
vn -0.0697565 0.9975641 0.0000000
vn -0.0697565 0.9975641 0.0000000
vn 0.0697565 -0.9975641 0.0000000
vn 0.0697565 -0.9975641 0.0000000
vn -0.9729615 0.2309673 0.0000000
vn -0.9729615 0.2309673 0.0000000
vn 0.0000000 0.0000000 1.0000000
vn 0.0000000 0.0000000 1.0000000
vn 0.9729615 -0.2309673 0.0000000
vn 0.9729615 -0.2309673 0.0000000
vn 0.0000000 0.0000000 -1.0000000
vn 0.0000000 0.0000000 -1.0000000
vn 0.0493253 -0.7053843 0.7071068
vn 0.0493253 -0.7053843 0.7071068
vn -0.9975641 -0.0697565 0.0000000
vn 0.9975641 0.0697565 0.0000000
vn -0.0493253 0.7053843 0.7071068
vn -0.0493253 0.7053843 0.7071068
vn -0.9975641 -0.0697565 0.0000000
vn 0.9975641 0.0697565 0.0000000
vn -0.0493253 0.7053843 -0.7071068
vn -0.0493253 0.7053843 -0.7071068
vn -0.9975641 -0.0697565 0.0000000
vn 0.9975641 0.0697565 0.0000000
vn 0.0493253 -0.7053843 -0.7071068
vn 0.0493253 -0.7053843 -0.7071068
vn -0.9975641 -0.0697565 0.0000000
vn 0.9975641 0.0697565 0.0000000
vn 0.0493253 -0.7053843 0.7071068
vn 0.0493253 -0.7053843 0.7071068
vn -0.0493253 0.7053843 0.7071068
vn -0.0493253 0.7053843 0.7071068
vn -0.0493253 0.7053843 -0.7071068
vn -0.0493253 0.7053843 -0.7071068
vn 0.0493253 -0.7053843 -0.7071068
vn 0.0493253 -0.7053843 -0.7071068
vn 0.0493253 -0.7053843 0.7071068
vn 0.0493253 -0.7053843 0.7071068
vn -0.0493253 0.7053843 0.7071068
vn -0.0493253 0.7053843 0.7071068
vn -0.0493253 0.7053843 -0.7071068
vn -0.0493253 0.7053843 -0.7071068
vn 0.0493253 -0.7053843 -0.7071068
vn 0.0493253 -0.7053843 -0.7071068
vn -0.9313483 -0.3641296 0.0000000
vn -0.9313483 -0.3641296 0.0000000
vn 0.0000000 0.0000000 -1.0000000
vn 0.0000000 0.0000000 -1.0000000
vn 0.9313483 0.3641296 0.0000000
vn 0.9313483 0.3641296 0.0000000
vn 0.0000000 0.0000000 1.0000000
vn 0.0000000 0.0000000 1.0000000
vn 0.0493253 -0.7053843 0.7071068
vn 0.0493253 -0.7053843 0.7071068
vn -0.9975641 -0.0697565 0.0000000
vn 0.9975641 0.0697565 0.0000000
vn -0.0493253 0.7053843 0.7071068
vn -0.0493253 0.7053843 0.7071068
vn -0.9975641 -0.0697565 0.0000000
vn 0.9975641 0.0697565 0.0000000
vn -0.0493253 0.7053843 -0.7071068
vn -0.0493253 0.7053843 -0.7071068
vn -0.9975641 -0.0697565 0.0000000
vn 0.9975641 0.0697565 0.0000000
vn 0.0493253 -0.7053843 -0.7071068
vn 0.0493253 -0.7053843 -0.7071068
vn -0.9975641 -0.0697565 0.0000000
vn 0.9975641 0.0697565 0.0000000
vn 0.0493253 -0.7053843 0.7071068
vn 0.0493253 -0.7053843 0.7071068
vn -0.0493253 0.7053843 0.7071068
vn -0.0493253 0.7053843 0.7071068
vn -0.0493253 0.7053843 -0.7071068
vn -0.0493253 0.7053843 -0.7071068
vn 0.0493253 -0.7053843 -0.7071068
vn 0.0493253 -0.7053843 -0.7071068
vn 0.0493253 -0.7053843 0.7071068
vn 0.0493253 -0.7053843 0.7071068
vn -0.0493253 0.7053843 0.7071068
vn -0.0493253 0.7053843 0.7071068
vn -0.0493253 0.7053843 -0.7071068
vn -0.0493253 0.7053843 -0.7071068
vn 0.0493253 -0.7053843 -0.7071068
vn 0.0493253 -0.7053843 -0.7071068
vn -0.9975641 -0.0697565 0.0000000
vn -0.9975641 -0.0697565 0.0000000
vn 0.0000000 0.0000000 -1.0000000
vn 0.0000000 0.0000000 -1.0000000
vn 0.9975641 0.0697565 0.0000000
vn 0.9975641 0.0697565 0.0000000
vn 0.0000000 0.0000000 1.0000000
vn 0.0000000 0.0000000 1.0000000
vn -0.0697565 0.9975641 0.0000000
vn -0.0697565 0.9975641 0.0000000
vn 0.0697565 -0.9975641 0.0000000
vn 0.0697565 -0.9975641 0.0000000
vn -0.9613429 0.2753539 0.0000000
vn -0.9613429 0.2753539 0.0000000
vn 0.0000000 0.0000000 1.0000000
vn 0.0000000 0.0000000 1.0000000
vn 0.9613429 -0.2753539 0.0000000
vn 0.9613429 -0.2753539 0.0000000
vn 0.0000000 0.0000000 -1.0000000
vn 0.0000000 0.0000000 -1.0000000
vn 0.0493253 -0.7053843 0.7071068
vn 0.0493253 -0.7053843 0.7071068
vn -0.9975641 -0.0697565 0.0000000
vn 0.9975641 0.0697565 0.0000000
vn -0.0493253 0.7053843 0.7071068
vn -0.0493253 0.7053843 0.7071068
vn -0.9975641 -0.0697565 0.0000000
vn 0.9975641 0.0697565 0.0000000
vn -0.0493253 0.7053843 -0.7071068
vn -0.0493253 0.7053843 -0.7071068
vn -0.9975641 -0.0697565 0.0000000
vn 0.9975641 0.0697565 0.0000000
vn 0.0493253 -0.7053843 -0.7071068
vn 0.0493253 -0.7053843 -0.7071068
vn -0.9975641 -0.0697565 0.0000000
vn 0.9975641 0.0697565 0.0000000
vn 0.0493253 -0.7053843 0.7071068
vn 0.0493253 -0.7053843 0.7071068
vn -0.0493253 0.7053843 0.7071068
vn -0.0493253 0.7053843 0.7071068
vn -0.0493253 0.7053843 -0.7071068
vn -0.0493253 0.7053843 -0.7071068
vn 0.0493253 -0.7053843 -0.7071068
vn 0.0493253 -0.7053843 -0.7071068
vn 0.0493253 -0.7053843 0.7071068
vn 0.0493253 -0.7053843 0.7071068
vn -0.0493253 0.7053843 0.7071068
vn -0.0493253 0.7053843 0.7071068
vn -0.0493253 0.7053843 -0.7071068
vn -0.0493253 0.7053843 -0.7071068
vn 0.0493253 -0.7053843 -0.7071068
vn 0.0493253 -0.7053843 -0.7071068
vn -0.9136653 -0.4064673 0.0000000
vn -0.9136653 -0.4064673 0.0000000
vn 0.0000000 0.0000000 -1.0000000
vn 0.0000000 0.0000000 -1.0000000
vn 0.9136653 0.4064673 0.0000000
vn 0.9136653 0.4064673 0.0000000
vn 0.0000000 0.0000000 1.0000000
vn 0.0000000 0.0000000 1.0000000
vn 0.0493253 -0.7053843 0.7071068
vn 0.0493253 -0.7053843 0.7071068
vn -0.9975641 -0.0697565 0.0000000
vn 0.9975641 0.0697565 0.0000000
vn -0.0493253 0.7053843 0.7071068
vn -0.0493253 0.7053843 0.7071068
vn -0.9975641 -0.0697565 0.0000000
vn 0.9975641 0.0697565 0.0000000
vn -0.0493253 0.7053843 -0.7071068
vn -0.0493253 0.7053843 -0.7071068
vn -0.9975641 -0.0697565 0.0000000
vn 0.9975641 0.0697565 0.0000000
vn 0.0493253 -0.7053843 -0.7071068
vn 0.0493253 -0.7053843 -0.7071068
vn -0.9975641 -0.0697565 0.0000000
vn 0.9975641 0.0697565 0.0000000
vn 0.0493253 -0.7053843 0.7071068
vn 0.0493253 -0.7053843 0.7071068
vn -0.0493253 0.7053843 0.7071068
vn -0.0493253 0.7053843 0.7071068
vn -0.0493253 0.7053843 -0.7071068
vn -0.0493253 0.7053843 -0.7071068
vn 0.0493253 -0.7053843 -0.7071068
vn 0.0493253 -0.7053843 -0.7071068
vn 0.0493253 -0.7053843 0.7071068
vn 0.0493253 -0.7053843 0.7071068
vn -0.0493253 0.7053843 0.7071068
vn -0.0493253 0.7053843 0.7071068
vn -0.0493253 0.7053843 -0.7071068
vn -0.0493253 0.7053843 -0.7071068
vn 0.0493253 -0.7053843 -0.7071068
vn 0.0493253 -0.7053843 -0.7071068
vn -0.9975641 -0.0697565 0.0000000
vn -0.9975641 -0.0697565 0.0000000
vn 0.0000000 0.0000000 -1.0000000
vn 0.0000000 0.0000000 -1.0000000
vn 0.9975641 0.0697565 0.0000000
vn 0.9975641 0.0697565 0.0000000
vn 0.0000000 0.0000000 1.0000000
vn 0.0000000 0.0000000 1.0000000
vn -0.0697565 0.9975641 0.0000000
vn -0.0697565 0.9975641 0.0000000
vn 0.0697565 -0.9975641 0.0000000
vn 0.0697565 -0.9975641 0.0000000
vn -0.9306518 0.3659059 0.0000000
vn -0.9306518 0.3659059 0.0000000
vn 0.0000000 0.0000000 1.0000000
vn 0.0000000 0.0000000 1.0000000
vn 0.9306518 -0.3659059 0.0000000
vn 0.9306518 -0.3659059 0.0000000
vn 0.0000000 0.0000000 -1.0000000
vn 0.0000000 0.0000000 -1.0000000
vn 0.0493253 -0.7053843 0.7071068
vn 0.0493253 -0.7053843 0.7071068
vn -0.9975641 -0.0697565 0.0000000
vn 0.9975641 0.0697565 0.0000000
vn -0.0493253 0.7053843 0.7071068
vn -0.0493253 0.7053843 0.7071068
vn -0.9975641 -0.0697565 0.0000000
vn 0.9975641 0.0697565 0.0000000
vn -0.0493253 0.7053843 -0.7071068
vn -0.0493253 0.7053843 -0.7071068
vn -0.9975641 -0.0697565 0.0000000
vn 0.9975641 0.0697565 0.0000000
vn 0.0493253 -0.7053843 -0.7071068
vn 0.0493253 -0.7053843 -0.7071068
vn -0.9975641 -0.0697565 0.0000000
vn 0.9975641 0.0697565 0.0000000
vn 0.0493253 -0.7053843 0.7071068
vn 0.0493253 -0.7053843 0.7071068
vn -0.0493253 0.7053843 0.7071068
vn -0.0493253 0.7053843 0.7071068
vn -0.0493253 0.7053843 -0.7071068
vn -0.0493253 0.7053843 -0.7071068
vn 0.0493253 -0.7053843 -0.7071068
vn 0.0493253 -0.7053843 -0.7071068
vn 0.0493253 -0.7053843 0.7071068
vn 0.0493253 -0.7053843 0.7071068
vn -0.0493253 0.7053843 0.7071068
vn -0.0493253 0.7053843 0.7071068
vn -0.0493253 0.7053843 -0.7071068
vn -0.0493253 0.7053843 -0.7071068
vn 0.0493253 -0.7053843 -0.7071068
vn 0.0493253 -0.7053843 -0.7071068
vn -0.8706705 -0.4918666 0.0000000
vn -0.8706705 -0.4918666 0.0000000
vn 0.0000000 0.0000000 -1.0000000
vn 0.0000000 0.0000000 -1.0000000
vn 0.8706705 0.4918666 0.0000000
vn 0.8706705 0.4918666 0.0000000
vn 0.0000000 0.0000000 1.0000000
vn 0.0000000 0.0000000 1.0000000
vn 0.0493253 -0.7053843 0.7071068
vn 0.0493253 -0.7053843 0.7071068
vn -0.9975641 -0.0697565 0.0000000
vn 0.9975641 0.0697565 0.0000000
vn -0.0493253 0.7053843 0.7071068
vn -0.0493253 0.7053843 0.7071068
vn -0.9975641 -0.0697565 0.0000000
vn 0.9975641 0.0697565 0.0000000
vn -0.0493253 0.7053843 -0.7071068
vn -0.0493253 0.7053843 -0.7071068
vn -0.9975641 -0.0697565 0.0000000
vn 0.9975641 0.0697565 0.0000000
vn 0.0493253 -0.7053843 -0.7071068
vn 0.0493253 -0.7053843 -0.7071068
vn -0.9975641 -0.0697565 0.0000000
vn 0.9975641 0.0697565 0.0000000
vn 0.0493253 -0.7053843 0.7071068
vn 0.0493253 -0.7053843 0.7071068
vn -0.0493253 0.7053843 0.7071068
vn -0.0493253 0.7053843 0.7071068
vn -0.0493253 0.7053843 -0.7071068
vn -0.0493253 0.7053843 -0.7071068
vn 0.0493253 -0.7053843 -0.7071068
vn 0.0493253 -0.7053843 -0.7071068
vn 0.0493253 -0.7053843 0.7071068
vn 0.0493253 -0.7053843 0.7071068
vn -0.0493253 0.7053843 0.7071068
vn -0.0493253 0.7053843 0.7071068
vn -0.0493253 0.7053843 -0.7071068
vn -0.0493253 0.7053843 -0.7071068
vn 0.0493253 -0.7053843 -0.7071068
vn 0.0493253 -0.7053843 -0.7071068
vn 0.0000000 0.0000000 -1.0000000
vn 0.0000000 0.0000000 -1.0000000
vn 0.0000000 0.0000000 1.0000000
vn 0.0000000 0.0000000 1.0000000
vn -0.0697565 0.9975641 0.0000000
vn -0.0697565 0.9975641 0.0000000
vn 0.0697565 -0.9975641 0.0000000
vn 0.0697565 -0.9975641 0.0000000
vn -0.9975641 -0.0697565 0.0000000
vn -0.9975641 -0.0697565 0.0000000
vn 0.9975641 0.0697565 0.0000000
vn 0.9975641 0.0697565 0.0000000
vn 0.0000000 0.0000000 -1.0000000
vn 0.0000000 0.0000000 -1.0000000
vn 0.0000000 0.0000000 1.0000000
vn 0.0000000 0.0000000 1.0000000
vn -0.0697565 0.9975641 0.0000000
vn -0.0697565 0.9975641 0.0000000
vn 0.0697565 -0.9975641 0.0000000
vn 0.0697565 -0.9975641 0.0000000
vn -0.9975641 -0.0697565 0.0000000
vn -0.9975641 -0.0697565 0.0000000
vn 0.9975641 0.0697565 0.0000000
vn 0.9975641 0.0697565 0.0000000
vn 0.0000000 0.0000000 -1.0000000
vn 0.0000000 0.0000000 -1.0000000
vn 0.0000000 0.0000000 1.0000000
vn 0.0000000 0.0000000 1.0000000
vn -0.0697565 0.9975641 0.0000000
vn -0.0697565 0.9975641 0.0000000
vn 0.0697565 -0.9975641 0.0000000
vn 0.0697565 -0.9975641 0.0000000
vn -0.9975641 -0.0697565 0.0000000
vn -0.9975641 -0.0697565 0.0000000
vn 0.9975641 0.0697565 0.0000000
vn 0.9975641 0.0697565 0.0000000
vn 0.0000000 0.0000000 -1.0000000
vn 0.0000000 0.0000000 -1.0000000
vn 0.0000000 0.0000000 1.0000000
vn 0.0000000 0.0000000 1.0000000
vn -0.0697565 0.9975641 0.0000000
vn -0.0697565 0.9975641 0.0000000
vn 0.0697565 -0.9975641 0.0000000
vn 0.0697565 -0.9975641 0.0000000
vn -0.9975641 -0.0697565 0.0000000
vn -0.9975641 -0.0697565 0.0000000
vn 0.9975641 0.0697565 0.0000000
vn 0.9975641 0.0697565 0.0000000
usemtl rust
f 1//1 2//1 3//1
usemtl rust
f 4//2 5//2 6//2
usemtl rust
f 7//3 8//3 9//3
usemtl rust
f 10//4 11//4 12//4
usemtl rust
f 13//5 14//5 15//5
usemtl rust
f 16//6 17//6 18//6
usemtl rust
f 19//7 20//7 21//7
usemtl rust
f 22//8 23//8 24//8
usemtl rust
f 25//9 26//9 27//9
usemtl rust
f 28//10 29//10 30//10
usemtl rust
f 31//11 32//11 33//11
usemtl rust
f 34//12 35//12 36//12
usemtl rust
f 37//13 38//13 39//13
usemtl rust
f 40//14 41//14 42//14
usemtl rust
f 43//15 44//15 45//15
usemtl rust
f 46//16 47//16 48//16
usemtl rust
f 49//17 50//17 51//17
usemtl rust
f 52//18 53//18 54//18
usemtl rust
f 55//19 56//19 57//19
usemtl rust
f 58//20 59//20 60//20
usemtl rust
f 61//21 62//21 63//21
usemtl rust
f 64//22 65//22 66//22
usemtl rust
f 67//23 68//23 69//23
usemtl rust
f 70//24 71//24 72//24
usemtl rust
f 73//25 74//25 75//25
usemtl rust
f 76//26 77//26 78//26
usemtl rust
f 79//27 80//27 81//27
usemtl rust
f 82//28 83//28 84//28
usemtl rust
f 85//29 86//29 87//29
usemtl rust
f 88//30 89//30 90//30
usemtl rust
f 91//31 92//31 93//31
usemtl rust
f 94//32 95//32 96//32
usemtl wood_dark
f 97//33 98//33 99//33
usemtl wood_dark
f 100//34 101//34 102//34
usemtl wood_dark
f 103//35 104//35 105//35
usemtl wood_dark
f 106//36 107//36 108//36
usemtl wood_dark
f 109//37 110//37 111//37
usemtl wood_dark
f 112//38 113//38 114//38
usemtl wood_dark
f 115//39 116//39 117//39
usemtl wood_dark
f 118//40 119//40 120//40
usemtl wood_dark
f 121//41 122//41 123//41
usemtl wood_dark
f 124//42 125//42 126//42
usemtl wood_dark
f 127//43 128//43 129//43
usemtl wood_dark
f 130//44 131//44 132//44
usemtl wood_dark
f 133//45 134//45 135//45
usemtl wood_dark
f 136//46 137//46 138//46
usemtl wood_dark
f 139//47 140//47 141//47
usemtl wood_dark
f 142//48 143//48 144//48
usemtl rust
f 145//49 146//49 147//49
usemtl rust
f 148//50 149//50 150//50
usemtl rust
f 151//51 152//51 153//51
usemtl rust
f 154//52 155//52 156//52
usemtl rust
f 157//53 158//53 159//53
usemtl rust
f 160//54 161//54 162//54
usemtl rust
f 163//55 164//55 165//55
usemtl rust
f 166//56 167//56 168//56
usemtl rust
f 169//57 170//57 171//57
usemtl rust
f 172//58 173//58 174//58
usemtl rust
f 175//59 176//59 177//59
usemtl rust
f 178//60 179//60 180//60
usemtl rust
f 181//61 182//61 183//61
usemtl rust
f 184//62 185//62 186//62
usemtl rust
f 187//63 188//63 189//63
usemtl rust
f 190//64 191//64 192//64
usemtl wood_dark
f 193//65 194//65 195//65
usemtl wood_dark
f 196//66 197//66 198//66
usemtl wood_dark
f 199//67 200//67 201//67
usemtl wood_dark
f 202//68 203//68 204//68
usemtl wood_dark
f 205//69 206//69 207//69
usemtl wood_dark
f 208//70 209//70 210//70
usemtl wood_dark
f 211//71 212//71 213//71
usemtl wood_dark
f 214//72 215//72 216//72
usemtl wood_dark
f 217//73 218//73 219//73
usemtl wood_dark
f 220//74 221//74 222//74
usemtl wood_dark
f 223//75 224//75 225//75
usemtl wood_dark
f 226//76 227//76 228//76
usemtl wood_dark
f 229//77 230//77 231//77
usemtl wood_dark
f 232//78 233//78 234//78
usemtl wood_dark
f 235//79 236//79 237//79
usemtl wood_dark
f 238//80 239//80 240//80
usemtl rust
f 241//81 242//81 243//81
usemtl rust
f 244//82 245//82 246//82
usemtl rust
f 247//83 248//83 249//83
usemtl rust
f 250//84 251//84 252//84
usemtl rust
f 253//85 254//85 255//85
usemtl rust
f 256//86 257//86 258//86
usemtl rust
f 259//87 260//87 261//87
usemtl rust
f 262//88 263//88 264//88
usemtl rust
f 265//89 266//89 267//89
usemtl rust
f 268//90 269//90 270//90
usemtl rust
f 271//91 272//91 273//91
usemtl rust
f 274//92 275//92 276//92
usemtl rust
f 277//93 278//93 279//93
usemtl rust
f 280//94 281//94 282//94
usemtl rust
f 283//95 284//95 285//95
usemtl rust
f 286//96 287//96 288//96
usemtl rust
f 289//97 290//97 291//97
usemtl rust
f 292//98 293//98 294//98
usemtl rust
f 295//99 296//99 297//99
usemtl rust
f 298//100 299//100 300//100
usemtl rust
f 301//101 302//101 303//101
usemtl rust
f 304//102 305//102 306//102
usemtl rust
f 307//103 308//103 309//103
usemtl rust
f 310//104 311//104 312//104
usemtl rust
f 313//105 314//105 315//105
usemtl rust
f 316//106 317//106 318//106
usemtl rust
f 319//107 320//107 321//107
usemtl rust
f 322//108 323//108 324//108
usemtl rust
f 325//109 326//109 327//109
usemtl rust
f 328//110 329//110 330//110
usemtl rust
f 331//111 332//111 333//111
usemtl rust
f 334//112 335//112 336//112
usemtl rust
f 337//113 338//113 339//113
usemtl rust
f 340//114 341//114 342//114
usemtl rust
f 343//115 344//115 345//115
usemtl rust
f 346//116 347//116 348//116
usemtl rust
f 349//117 350//117 351//117
usemtl rust
f 352//118 353//118 354//118
usemtl rust
f 355//119 356//119 357//119
usemtl rust
f 358//120 359//120 360//120
usemtl rust
f 361//121 362//121 363//121
usemtl rust
f 364//122 365//122 366//122
usemtl rust
f 367//123 368//123 369//123
usemtl rust
f 370//124 371//124 372//124
usemtl rust
f 373//125 374//125 375//125
usemtl rust
f 376//126 377//126 378//126
usemtl rust
f 379//127 380//127 381//127
usemtl rust
f 382//128 383//128 384//128
usemtl rust
f 385//129 386//129 387//129
usemtl rust
f 388//130 389//130 390//130
usemtl rust
f 391//131 392//131 393//131
usemtl rust
f 394//132 395//132 396//132
usemtl rust
f 397//133 398//133 399//133
usemtl rust
f 400//134 401//134 402//134
usemtl rust
f 403//135 404//135 405//135
usemtl rust
f 406//136 407//136 408//136
usemtl rust
f 409//137 410//137 411//137
usemtl rust
f 412//138 413//138 414//138
usemtl rust
f 415//139 416//139 417//139
usemtl rust
f 418//140 419//140 420//140
usemtl rust
f 421//141 422//141 423//141
usemtl rust
f 424//142 425//142 426//142
usemtl rust
f 427//143 428//143 429//143
usemtl rust
f 430//144 431//144 432//144
usemtl rust
f 433//145 434//145 435//145
usemtl rust
f 436//146 437//146 438//146
usemtl rust
f 439//147 440//147 441//147
usemtl rust
f 442//148 443//148 444//148
usemtl rust
f 445//149 446//149 447//149
usemtl rust
f 448//150 449//150 450//150
usemtl rust
f 451//151 452//151 453//151
usemtl rust
f 454//152 455//152 456//152
usemtl rust
f 457//153 458//153 459//153
usemtl rust
f 460//154 461//154 462//154
usemtl rust
f 463//155 464//155 465//155
usemtl rust
f 466//156 467//156 468//156
usemtl rust
f 469//157 470//157 471//157
usemtl rust
f 472//158 473//158 474//158
usemtl rust
f 475//159 476//159 477//159
usemtl rust
f 478//160 479//160 480//160
usemtl wood_dark
f 481//161 482//161 483//161
usemtl wood_dark
f 484//162 485//162 486//162
usemtl wood_dark
f 487//163 488//163 489//163
usemtl wood_dark
f 490//164 491//164 492//164
usemtl wood_dark
f 493//165 494//165 495//165
usemtl wood_dark
f 496//166 497//166 498//166
usemtl wood_dark
f 499//167 500//167 501//167
usemtl wood_dark
f 502//168 503//168 504//168
usemtl wood_dark
f 505//169 506//169 507//169
usemtl wood_dark
f 508//170 509//170 510//170
usemtl wood_dark
f 511//171 512//171 513//171
usemtl wood_dark
f 514//172 515//172 516//172
usemtl wood_dark
f 517//173 518//173 519//173
usemtl wood_dark
f 520//174 521//174 522//174
usemtl wood_dark
f 523//175 524//175 525//175
usemtl wood_dark
f 526//176 527//176 528//176
usemtl rust
f 529//177 530//177 531//177
usemtl rust
f 532//178 533//178 534//178
usemtl rust
f 535//179 536//179 537//179
usemtl rust
f 538//180 539//180 540//180
usemtl rust
f 541//181 542//181 543//181
usemtl rust
f 544//182 545//182 546//182
usemtl rust
f 547//183 548//183 549//183
usemtl rust
f 550//184 551//184 552//184
usemtl rust
f 553//185 554//185 555//185
usemtl rust
f 556//186 557//186 558//186
usemtl rust
f 559//187 560//187 561//187
usemtl rust
f 562//188 563//188 564//188
usemtl rust
f 565//189 566//189 567//189
usemtl rust
f 568//190 569//190 570//190
usemtl rust
f 571//191 572//191 573//191
usemtl rust
f 574//192 575//192 576//192
usemtl wood_dark
f 577//193 578//193 579//193
usemtl wood_dark
f 580//194 581//194 582//194
usemtl wood_dark
f 583//195 584//195 585//195
usemtl wood_dark
f 586//196 587//196 588//196
usemtl wood_dark
f 589//197 590//197 591//197
usemtl wood_dark
f 592//198 593//198 594//198
usemtl wood_dark
f 595//199 596//199 597//199
usemtl wood_dark
f 598//200 599//200 600//200
usemtl wood_dark
f 601//201 602//201 603//201
usemtl wood_dark
f 604//202 605//202 606//202
usemtl wood_dark
f 607//203 608//203 609//203
usemtl wood_dark
f 610//204 611//204 612//204
usemtl wood_dark
f 613//205 614//205 615//205
usemtl wood_dark
f 616//206 617//206 618//206
usemtl wood_dark
f 619//207 620//207 621//207
usemtl wood_dark
f 622//208 623//208 624//208
usemtl rust
f 625//209 626//209 627//209
usemtl rust
f 628//210 629//210 630//210
usemtl rust
f 631//211 632//211 633//211
usemtl rust
f 634//212 635//212 636//212
usemtl rust
f 637//213 638//213 639//213
usemtl rust
f 640//214 641//214 642//214
usemtl rust
f 643//215 644//215 645//215
usemtl rust
f 646//216 647//216 648//216
usemtl rust
f 649//217 650//217 651//217
usemtl rust
f 652//218 653//218 654//218
usemtl rust
f 655//219 656//219 657//219
usemtl rust
f 658//220 659//220 660//220
usemtl rust
f 661//221 662//221 663//221
usemtl rust
f 664//222 665//222 666//222
usemtl rust
f 667//223 668//223 669//223
usemtl rust
f 670//224 671//224 672//224
usemtl rust
f 673//225 674//225 675//225
usemtl rust
f 676//226 677//226 678//226
usemtl rust
f 679//227 680//227 681//227
usemtl rust
f 682//228 683//228 684//228
usemtl rust
f 685//229 686//229 687//229
usemtl rust
f 688//230 689//230 690//230
usemtl rust
f 691//231 692//231 693//231
usemtl rust
f 694//232 695//232 696//232
usemtl rust
f 697//233 698//233 699//233
usemtl rust
f 700//234 701//234 702//234
usemtl rust
f 703//235 704//235 705//235
usemtl rust
f 706//236 707//236 708//236
usemtl rust
f 709//237 710//237 711//237
usemtl rust
f 712//238 713//238 714//238
usemtl rust
f 715//239 716//239 717//239
usemtl rust
f 718//240 719//240 720//240
usemtl rust
f 721//241 722//241 723//241
usemtl rust
f 724//242 725//242 726//242
usemtl rust
f 727//243 728//243 729//243
usemtl rust
f 730//244 731//244 732//244
usemtl rust
f 733//245 734//245 735//245
usemtl rust
f 736//246 737//246 738//246
usemtl rust
f 739//247 740//247 741//247
usemtl rust
f 742//248 743//248 744//248
usemtl rust
f 745//249 746//249 747//249
usemtl rust
f 748//250 749//250 750//250
usemtl rust
f 751//251 752//251 753//251
usemtl rust
f 754//252 755//252 756//252
usemtl rust
f 757//253 758//253 759//253
usemtl rust
f 760//254 761//254 762//254
usemtl rust
f 763//255 764//255 765//255
usemtl rust
f 766//256 767//256 768//256
usemtl rust
f 769//257 770//257 771//257
usemtl rust
f 772//258 773//258 774//258
usemtl rust
f 775//259 776//259 777//259
usemtl rust
f 778//260 779//260 780//260
usemtl rust
f 781//261 782//261 783//261
usemtl rust
f 784//262 785//262 786//262
usemtl rust
f 787//263 788//263 789//263
usemtl rust
f 790//264 791//264 792//264
usemtl rust
f 793//265 794//265 795//265
usemtl rust
f 796//266 797//266 798//266
usemtl rust
f 799//267 800//267 801//267
usemtl rust
f 802//268 803//268 804//268
usemtl rust
f 805//269 806//269 807//269
usemtl rust
f 808//270 809//270 810//270
usemtl rust
f 811//271 812//271 813//271
usemtl rust
f 814//272 815//272 816//272
usemtl rust
f 817//273 818//273 819//273
usemtl rust
f 820//274 821//274 822//274
usemtl rust
f 823//275 824//275 825//275
usemtl rust
f 826//276 827//276 828//276
usemtl rust
f 829//277 830//277 831//277
usemtl rust
f 832//278 833//278 834//278
usemtl rust
f 835//279 836//279 837//279
usemtl rust
f 838//280 839//280 840//280
usemtl rust
f 841//281 842//281 843//281
usemtl rust
f 844//282 845//282 846//282
usemtl rust
f 847//283 848//283 849//283
usemtl rust
f 850//284 851//284 852//284
usemtl rust
f 853//285 854//285 855//285
usemtl rust
f 856//286 857//286 858//286
usemtl rust
f 859//287 860//287 861//287
usemtl rust
f 862//288 863//288 864//288
usemtl wood_dark
f 865//289 866//289 867//289
usemtl wood_dark
f 868//290 869//290 870//290
usemtl wood_dark
f 871//291 872//291 873//291
usemtl wood_dark
f 874//292 875//292 876//292
usemtl wood_dark
f 877//293 878//293 879//293
usemtl wood_dark
f 880//294 881//294 882//294
usemtl wood_dark
f 883//295 884//295 885//295
usemtl wood_dark
f 886//296 887//296 888//296
usemtl wood_dark
f 889//297 890//297 891//297
usemtl wood_dark
f 892//298 893//298 894//298
usemtl wood_dark
f 895//299 896//299 897//299
usemtl wood_dark
f 898//300 899//300 900//300
usemtl wood_dark
f 901//301 902//301 903//301
usemtl wood_dark
f 904//302 905//302 906//302
usemtl wood_dark
f 907//303 908//303 909//303
usemtl wood_dark
f 910//304 911//304 912//304
usemtl rust
f 913//305 914//305 915//305
usemtl rust
f 916//306 917//306 918//306
usemtl rust
f 919//307 920//307 921//307
usemtl rust
f 922//308 923//308 924//308
usemtl rust
f 925//309 926//309 927//309
usemtl rust
f 928//310 929//310 930//310
usemtl rust
f 931//311 932//311 933//311
usemtl rust
f 934//312 935//312 936//312
usemtl rust
f 937//313 938//313 939//313
usemtl rust
f 940//314 941//314 942//314
usemtl rust
f 943//315 944//315 945//315
usemtl rust
f 946//316 947//316 948//316
usemtl rust
f 949//317 950//317 951//317
usemtl rust
f 952//318 953//318 954//318
usemtl rust
f 955//319 956//319 957//319
usemtl rust
f 958//320 959//320 960//320
usemtl wood_dark
f 961//321 962//321 963//321
usemtl wood_dark
f 964//322 965//322 966//322
usemtl wood_dark
f 967//323 968//323 969//323
usemtl wood_dark
f 970//324 971//324 972//324
usemtl wood_dark
f 973//325 974//325 975//325
usemtl wood_dark
f 976//326 977//326 978//326
usemtl wood_dark
f 979//327 980//327 981//327
usemtl wood_dark
f 982//328 983//328 984//328
usemtl wood_dark
f 985//329 986//329 987//329
usemtl wood_dark
f 988//330 989//330 990//330
usemtl wood_dark
f 991//331 992//331 993//331
usemtl wood_dark
f 994//332 995//332 996//332
usemtl wood_dark
f 997//333 998//333 999//333
usemtl wood_dark
f 1000//334 1001//334 1002//334
usemtl wood_dark
f 1003//335 1004//335 1005//335
usemtl wood_dark
f 1006//336 1007//336 1008//336
usemtl rust
f 1009//337 1010//337 1011//337
usemtl rust
f 1012//338 1013//338 1014//338
usemtl rust
f 1015//339 1016//339 1017//339
usemtl rust
f 1018//340 1019//340 1020//340
usemtl rust
f 1021//341 1022//341 1023//341
usemtl rust
f 1024//342 1025//342 1026//342
usemtl rust
f 1027//343 1028//343 1029//343
usemtl rust
f 1030//344 1031//344 1032//344
usemtl rust
f 1033//345 1034//345 1035//345
usemtl rust
f 1036//346 1037//346 1038//346
usemtl rust
f 1039//347 1040//347 1041//347
usemtl rust
f 1042//348 1043//348 1044//348
usemtl rust
f 1045//349 1046//349 1047//349
usemtl rust
f 1048//350 1049//350 1050//350
usemtl rust
f 1051//351 1052//351 1053//351
usemtl rust
f 1054//352 1055//352 1056//352
usemtl rust
f 1057//353 1058//353 1059//353
usemtl rust
f 1060//354 1061//354 1062//354
usemtl rust
f 1063//355 1064//355 1065//355
usemtl rust
f 1066//356 1067//356 1068//356
usemtl rust
f 1069//357 1070//357 1071//357
usemtl rust
f 1072//358 1073//358 1074//358
usemtl rust
f 1075//359 1076//359 1077//359
usemtl rust
f 1078//360 1079//360 1080//360
usemtl rust
f 1081//361 1082//361 1083//361
usemtl rust
f 1084//362 1085//362 1086//362
usemtl rust
f 1087//363 1088//363 1089//363
usemtl rust
f 1090//364 1091//364 1092//364
usemtl rust
f 1093//365 1094//365 1095//365
usemtl rust
f 1096//366 1097//366 1098//366
usemtl rust
f 1099//367 1100//367 1101//367
usemtl rust
f 1102//368 1103//368 1104//368
usemtl rust
f 1105//369 1106//369 1107//369
usemtl rust
f 1108//370 1109//370 1110//370
usemtl rust
f 1111//371 1112//371 1113//371
usemtl rust
f 1114//372 1115//372 1116//372
usemtl rust
f 1117//373 1118//373 1119//373
usemtl rust
f 1120//374 1121//374 1122//374
usemtl rust
f 1123//375 1124//375 1125//375
usemtl rust
f 1126//376 1127//376 1128//376
usemtl rust
f 1129//377 1130//377 1131//377
usemtl rust
f 1132//378 1133//378 1134//378
usemtl rust
f 1135//379 1136//379 1137//379
usemtl rust
f 1138//380 1139//380 1140//380
usemtl rust
f 1141//381 1142//381 1143//381
usemtl rust
f 1144//382 1145//382 1146//382
usemtl rust
f 1147//383 1148//383 1149//383
usemtl rust
f 1150//384 1151//384 1152//384
usemtl rust
f 1153//385 1154//385 1155//385
usemtl rust
f 1156//386 1157//386 1158//386
usemtl rust
f 1159//387 1160//387 1161//387
usemtl rust
f 1162//388 1163//388 1164//388
usemtl rust
f 1165//389 1166//389 1167//389
usemtl rust
f 1168//390 1169//390 1170//390
usemtl rust
f 1171//391 1172//391 1173//391
usemtl rust
f 1174//392 1175//392 1176//392
usemtl rust
f 1177//393 1178//393 1179//393
usemtl rust
f 1180//394 1181//394 1182//394
usemtl rust
f 1183//395 1184//395 1185//395
usemtl rust
f 1186//396 1187//396 1188//396
usemtl rust
f 1189//397 1190//397 1191//397
usemtl rust
f 1192//398 1193//398 1194//398
usemtl rust
f 1195//399 1196//399 1197//399
usemtl rust
f 1198//400 1199//400 1200//400
usemtl rust
f 1201//401 1202//401 1203//401
usemtl rust
f 1204//402 1205//402 1206//402
usemtl rust
f 1207//403 1208//403 1209//403
usemtl rust
f 1210//404 1211//404 1212//404
usemtl rust
f 1213//405 1214//405 1215//405
usemtl rust
f 1216//406 1217//406 1218//406
usemtl rust
f 1219//407 1220//407 1221//407
usemtl rust
f 1222//408 1223//408 1224//408
usemtl rust
f 1225//409 1226//409 1227//409
usemtl rust
f 1228//410 1229//410 1230//410
usemtl rust
f 1231//411 1232//411 1233//411
usemtl rust
f 1234//412 1235//412 1236//412
usemtl rust
f 1237//413 1238//413 1239//413
usemtl rust
f 1240//414 1241//414 1242//414
usemtl rust
f 1243//415 1244//415 1245//415
usemtl rust
f 1246//416 1247//416 1248//416
usemtl wood_dark
f 1249//417 1250//417 1251//417
usemtl wood_dark
f 1252//418 1253//418 1254//418
usemtl wood_dark
f 1255//419 1256//419 1257//419
usemtl wood_dark
f 1258//420 1259//420 1260//420
usemtl wood_dark
f 1261//421 1262//421 1263//421
usemtl wood_dark
f 1264//422 1265//422 1266//422
usemtl wood_dark
f 1267//423 1268//423 1269//423
usemtl wood_dark
f 1270//424 1271//424 1272//424
usemtl wood_dark
f 1273//425 1274//425 1275//425
usemtl wood_dark
f 1276//426 1277//426 1278//426
usemtl wood_dark
f 1279//427 1280//427 1281//427
usemtl wood_dark
f 1282//428 1283//428 1284//428
usemtl wood_dark
f 1285//429 1286//429 1287//429
usemtl wood_dark
f 1288//430 1289//430 1290//430
usemtl wood_dark
f 1291//431 1292//431 1293//431
usemtl wood_dark
f 1294//432 1295//432 1296//432
usemtl rust
f 1297//433 1298//433 1299//433
usemtl rust
f 1300//434 1301//434 1302//434
usemtl rust
f 1303//435 1304//435 1305//435
usemtl rust
f 1306//436 1307//436 1308//436
usemtl rust
f 1309//437 1310//437 1311//437
usemtl rust
f 1312//438 1313//438 1314//438
usemtl rust
f 1315//439 1316//439 1317//439
usemtl rust
f 1318//440 1319//440 1320//440
usemtl rust
f 1321//441 1322//441 1323//441
usemtl rust
f 1324//442 1325//442 1326//442
usemtl rust
f 1327//443 1328//443 1329//443
usemtl rust
f 1330//444 1331//444 1332//444
usemtl rust
f 1333//445 1334//445 1335//445
usemtl rust
f 1336//446 1337//446 1338//446
usemtl rust
f 1339//447 1340//447 1341//447
usemtl rust
f 1342//448 1343//448 1344//448
usemtl wood_dark
f 1345//449 1346//449 1347//449
usemtl wood_dark
f 1348//450 1349//450 1350//450
usemtl wood_dark
f 1351//451 1352//451 1353//451
usemtl wood_dark
f 1354//452 1355//452 1356//452
usemtl wood_dark
f 1357//453 1358//453 1359//453
usemtl wood_dark
f 1360//454 1361//454 1362//454
usemtl wood_dark
f 1363//455 1364//455 1365//455
usemtl wood_dark
f 1366//456 1367//456 1368//456
usemtl wood_dark
f 1369//457 1370//457 1371//457
usemtl wood_dark
f 1372//458 1373//458 1374//458
usemtl wood_dark
f 1375//459 1376//459 1377//459
usemtl wood_dark
f 1378//460 1379//460 1380//460
usemtl wood_dark
f 1381//461 1382//461 1383//461
usemtl wood_dark
f 1384//462 1385//462 1386//462
usemtl wood_dark
f 1387//463 1388//463 1389//463
usemtl wood_dark
f 1390//464 1391//464 1392//464
usemtl rust
f 1393//465 1394//465 1395//465
usemtl rust
f 1396//466 1397//466 1398//466
usemtl rust
f 1399//467 1400//467 1401//467
usemtl rust
f 1402//468 1403//468 1404//468
usemtl rust
f 1405//469 1406//469 1407//469
usemtl rust
f 1408//470 1409//470 1410//470
usemtl rust
f 1411//471 1412//471 1413//471
usemtl rust
f 1414//472 1415//472 1416//472
usemtl rust
f 1417//473 1418//473 1419//473
usemtl rust
f 1420//474 1421//474 1422//474
usemtl rust
f 1423//475 1424//475 1425//475
usemtl rust
f 1426//476 1427//476 1428//476
usemtl rust
f 1429//477 1430//477 1431//477
usemtl rust
f 1432//478 1433//478 1434//478
usemtl rust
f 1435//479 1436//479 1437//479
usemtl rust
f 1438//480 1439//480 1440//480
usemtl rust
f 1441//481 1442//481 1443//481
usemtl rust
f 1444//482 1445//482 1446//482
usemtl rust
f 1447//483 1448//483 1449//483
usemtl rust
f 1450//484 1451//484 1452//484
usemtl rust
f 1453//485 1454//485 1455//485
usemtl rust
f 1456//486 1457//486 1458//486
usemtl rust
f 1459//487 1460//487 1461//487
usemtl rust
f 1462//488 1463//488 1464//488
usemtl rust
f 1465//489 1466//489 1467//489
usemtl rust
f 1468//490 1469//490 1470//490
usemtl rust
f 1471//491 1472//491 1473//491
usemtl rust
f 1474//492 1475//492 1476//492
usemtl rust
f 1477//493 1478//493 1479//493
usemtl rust
f 1480//494 1481//494 1482//494
usemtl rust
f 1483//495 1484//495 1485//495
usemtl rust
f 1486//496 1487//496 1488//496
usemtl rust
f 1489//497 1490//497 1491//497
usemtl rust
f 1492//498 1493//498 1494//498
usemtl rust
f 1495//499 1496//499 1497//499
usemtl rust
f 1498//500 1499//500 1500//500
usemtl rust
f 1501//501 1502//501 1503//501
usemtl rust
f 1504//502 1505//502 1506//502
usemtl rust
f 1507//503 1508//503 1509//503
usemtl rust
f 1510//504 1511//504 1512//504
usemtl rust
f 1513//505 1514//505 1515//505
usemtl rust
f 1516//506 1517//506 1518//506
usemtl rust
f 1519//507 1520//507 1521//507
usemtl rust
f 1522//508 1523//508 1524//508
usemtl rust
f 1525//509 1526//509 1527//509
usemtl rust
f 1528//510 1529//510 1530//510
usemtl rust
f 1531//511 1532//511 1533//511
usemtl rust
f 1534//512 1535//512 1536//512
usemtl rust
f 1537//513 1538//513 1539//513
usemtl rust
f 1540//514 1541//514 1542//514
usemtl rust
f 1543//515 1544//515 1545//515
usemtl rust
f 1546//516 1547//516 1548//516
usemtl rust
f 1549//517 1550//517 1551//517
usemtl rust
f 1552//518 1553//518 1554//518
usemtl rust
f 1555//519 1556//519 1557//519
usemtl rust
f 1558//520 1559//520 1560//520
usemtl rust
f 1561//521 1562//521 1563//521
usemtl rust
f 1564//522 1565//522 1566//522
usemtl rust
f 1567//523 1568//523 1569//523
usemtl rust
f 1570//524 1571//524 1572//524
usemtl rust
f 1573//525 1574//525 1575//525
usemtl rust
f 1576//526 1577//526 1578//526
usemtl rust
f 1579//527 1580//527 1581//527
usemtl rust
f 1582//528 1583//528 1584//528
usemtl rust
f 1585//529 1586//529 1587//529
usemtl rust
f 1588//530 1589//530 1590//530
usemtl rust
f 1591//531 1592//531 1593//531
usemtl rust
f 1594//532 1595//532 1596//532
usemtl rust
f 1597//533 1598//533 1599//533
usemtl rust
f 1600//534 1601//534 1602//534
usemtl rust
f 1603//535 1604//535 1605//535
usemtl rust
f 1606//536 1607//536 1608//536
usemtl rust
f 1609//537 1610//537 1611//537
usemtl rust
f 1612//538 1613//538 1614//538
usemtl rust
f 1615//539 1616//539 1617//539
usemtl rust
f 1618//540 1619//540 1620//540
usemtl rust
f 1621//541 1622//541 1623//541
usemtl rust
f 1624//542 1625//542 1626//542
usemtl rust
f 1627//543 1628//543 1629//543
usemtl rust
f 1630//544 1631//544 1632//544
usemtl wood_dark
f 1633//545 1634//545 1635//545
usemtl wood_dark
f 1636//546 1637//546 1638//546
usemtl wood_dark
f 1639//547 1640//547 1641//547
usemtl wood_dark
f 1642//548 1643//548 1644//548
usemtl wood_dark
f 1645//549 1646//549 1647//549
usemtl wood_dark
f 1648//550 1649//550 1650//550
usemtl wood_dark
f 1651//551 1652//551 1653//551
usemtl wood_dark
f 1654//552 1655//552 1656//552
usemtl wood_dark
f 1657//553 1658//553 1659//553
usemtl wood_dark
f 1660//554 1661//554 1662//554
usemtl wood_dark
f 1663//555 1664//555 1665//555
usemtl wood_dark
f 1666//556 1667//556 1668//556
usemtl wood_dark
f 1669//557 1670//557 1671//557
usemtl wood_dark
f 1672//558 1673//558 1674//558
usemtl wood_dark
f 1675//559 1676//559 1677//559
usemtl wood_dark
f 1678//560 1679//560 1680//560
usemtl rust
f 1681//561 1682//561 1683//561
usemtl rust
f 1684//562 1685//562 1686//562
usemtl rust
f 1687//563 1688//563 1689//563
usemtl rust
f 1690//564 1691//564 1692//564
usemtl rust
f 1693//565 1694//565 1695//565
usemtl rust
f 1696//566 1697//566 1698//566
usemtl rust
f 1699//567 1700//567 1701//567
usemtl rust
f 1702//568 1703//568 1704//568
usemtl rust
f 1705//569 1706//569 1707//569
usemtl rust
f 1708//570 1709//570 1710//570
usemtl rust
f 1711//571 1712//571 1713//571
usemtl rust
f 1714//572 1715//572 1716//572
usemtl rust
f 1717//573 1718//573 1719//573
usemtl rust
f 1720//574 1721//574 1722//574
usemtl rust
f 1723//575 1724//575 1725//575
usemtl rust
f 1726//576 1727//576 1728//576
usemtl wood_dark
f 1729//577 1730//577 1731//577
usemtl wood_dark
f 1732//578 1733//578 1734//578
usemtl wood_dark
f 1735//579 1736//579 1737//579
usemtl wood_dark
f 1738//580 1739//580 1740//580
usemtl wood_dark
f 1741//581 1742//581 1743//581
usemtl wood_dark
f 1744//582 1745//582 1746//582
usemtl wood_dark
f 1747//583 1748//583 1749//583
usemtl wood_dark
f 1750//584 1751//584 1752//584
usemtl wood_dark
f 1753//585 1754//585 1755//585
usemtl wood_dark
f 1756//586 1757//586 1758//586
usemtl wood_dark
f 1759//587 1760//587 1761//587
usemtl wood_dark
f 1762//588 1763//588 1764//588
usemtl wood_dark
f 1765//589 1766//589 1767//589
usemtl wood_dark
f 1768//590 1769//590 1770//590
usemtl wood_dark
f 1771//591 1772//591 1773//591
usemtl wood_dark
f 1774//592 1775//592 1776//592
usemtl rust
f 1777//593 1778//593 1779//593
usemtl rust
f 1780//594 1781//594 1782//594
usemtl rust
f 1783//595 1784//595 1785//595
usemtl rust
f 1786//596 1787//596 1788//596
usemtl rust
f 1789//597 1790//597 1791//597
usemtl rust
f 1792//598 1793//598 1794//598
usemtl rust
f 1795//599 1796//599 1797//599
usemtl rust
f 1798//600 1799//600 1800//600
usemtl rust
f 1801//601 1802//601 1803//601
usemtl rust
f 1804//602 1805//602 1806//602
usemtl rust
f 1807//603 1808//603 1809//603
usemtl rust
f 1810//604 1811//604 1812//604
usemtl rust
f 1813//605 1814//605 1815//605
usemtl rust
f 1816//606 1817//606 1818//606
usemtl rust
f 1819//607 1820//607 1821//607
usemtl rust
f 1822//608 1823//608 1824//608
usemtl rust
f 1825//609 1826//609 1827//609
usemtl rust
f 1828//610 1829//610 1830//610
usemtl rust
f 1831//611 1832//611 1833//611
usemtl rust
f 1834//612 1835//612 1836//612
usemtl rust
f 1837//613 1838//613 1839//613
usemtl rust
f 1840//614 1841//614 1842//614
usemtl rust
f 1843//615 1844//615 1845//615
usemtl rust
f 1846//616 1847//616 1848//616
usemtl rust
f 1849//617 1850//617 1851//617
usemtl rust
f 1852//618 1853//618 1854//618
usemtl rust
f 1855//619 1856//619 1857//619
usemtl rust
f 1858//620 1859//620 1860//620
usemtl wood_dark
f 1861//621 1862//621 1863//621
usemtl wood_dark
f 1864//622 1865//622 1866//622
usemtl wood_dark
f 1867//623 1868//623 1869//623
usemtl wood_dark
f 1870//624 1871//624 1872//624
usemtl wood_dark
f 1873//625 1874//625 1875//625
usemtl wood_dark
f 1876//626 1877//626 1878//626
usemtl wood_dark
f 1879//627 1880//627 1881//627
usemtl wood_dark
f 1882//628 1883//628 1884//628
usemtl insulator
f 1885//629 1886//629 1887//629
usemtl insulator
f 1888//630 1889//630 1890//630
usemtl insulator
f 1891//631 1892//631 1893//631
usemtl insulator
f 1894//632 1895//632 1896//632
usemtl insulator
f 1897//633 1898//633 1899//633
usemtl insulator
f 1900//634 1901//634 1902//634
usemtl insulator
f 1903//635 1904//635 1905//635
usemtl insulator
f 1906//636 1907//636 1908//636
usemtl insulator
f 1909//637 1910//637 1911//637
usemtl insulator
f 1912//638 1913//638 1914//638
usemtl insulator
f 1915//639 1916//639 1917//639
usemtl insulator
f 1918//640 1919//640 1920//640
usemtl insulator
f 1921//641 1922//641 1923//641
usemtl insulator
f 1924//642 1925//642 1926//642
usemtl insulator
f 1927//643 1928//643 1929//643
usemtl insulator
f 1930//644 1931//644 1932//644
usemtl insulator
f 1933//645 1934//645 1935//645
usemtl insulator
f 1936//646 1937//646 1938//646
usemtl insulator
f 1939//647 1940//647 1941//647
usemtl insulator
f 1942//648 1943//648 1944//648
usemtl insulator
f 1945//649 1946//649 1947//649
usemtl insulator
f 1948//650 1949//650 1950//650
usemtl insulator
f 1951//651 1952//651 1953//651
usemtl insulator
f 1954//652 1955//652 1956//652
usemtl insulator
f 1957//653 1958//653 1959//653
usemtl insulator
f 1960//654 1961//654 1962//654
usemtl insulator
f 1963//655 1964//655 1965//655
usemtl insulator
f 1966//656 1967//656 1968//656
usemtl insulator
f 1969//657 1970//657 1971//657
usemtl insulator
f 1972//658 1973//658 1974//658
usemtl insulator
f 1975//659 1976//659 1977//659
usemtl insulator
f 1978//660 1979//660 1980//660
usemtl wood_dark
f 1981//661 1982//661 1983//661
usemtl wood_dark
f 1984//662 1985//662 1986//662
usemtl wood_dark
f 1987//663 1988//663 1989//663
usemtl wood_dark
f 1990//664 1991//664 1992//664
usemtl wood_dark
f 1993//665 1994//665 1995//665
usemtl wood_dark
f 1996//666 1997//666 1998//666
usemtl wood_dark
f 1999//667 2000//667 2001//667
usemtl wood_dark
f 2002//668 2003//668 2004//668
usemtl insulator
f 2005//669 2006//669 2007//669
usemtl insulator
f 2008//670 2009//670 2010//670
usemtl insulator
f 2011//671 2012//671 2013//671
usemtl insulator
f 2014//672 2015//672 2016//672
usemtl insulator
f 2017//673 2018//673 2019//673
usemtl insulator
f 2020//674 2021//674 2022//674
usemtl insulator
f 2023//675 2024//675 2025//675
usemtl insulator
f 2026//676 2027//676 2028//676
usemtl insulator
f 2029//677 2030//677 2031//677
usemtl insulator
f 2032//678 2033//678 2034//678
usemtl insulator
f 2035//679 2036//679 2037//679
usemtl insulator
f 2038//680 2039//680 2040//680
usemtl insulator
f 2041//681 2042//681 2043//681
usemtl insulator
f 2044//682 2045//682 2046//682
usemtl insulator
f 2047//683 2048//683 2049//683
usemtl insulator
f 2050//684 2051//684 2052//684
usemtl insulator
f 2053//685 2054//685 2055//685
usemtl insulator
f 2056//686 2057//686 2058//686
usemtl insulator
f 2059//687 2060//687 2061//687
usemtl insulator
f 2062//688 2063//688 2064//688
usemtl insulator
f 2065//689 2066//689 2067//689
usemtl insulator
f 2068//690 2069//690 2070//690
usemtl insulator
f 2071//691 2072//691 2073//691
usemtl insulator
f 2074//692 2075//692 2076//692
usemtl insulator
f 2077//693 2078//693 2079//693
usemtl insulator
f 2080//694 2081//694 2082//694
usemtl insulator
f 2083//695 2084//695 2085//695
usemtl insulator
f 2086//696 2087//696 2088//696
usemtl insulator
f 2089//697 2090//697 2091//697
usemtl insulator
f 2092//698 2093//698 2094//698
usemtl insulator
f 2095//699 2096//699 2097//699
usemtl insulator
f 2098//700 2099//700 2100//700
usemtl rust
f 2101//701 2102//701 2103//701
usemtl rust
f 2104//702 2105//702 2106//702
usemtl rust
f 2107//703 2108//703 2109//703
usemtl rust
f 2110//704 2111//704 2112//704
usemtl rust
f 2113//705 2114//705 2115//705
usemtl rust
f 2116//706 2117//706 2118//706
usemtl rust
f 2119//707 2120//707 2121//707
usemtl rust
f 2122//708 2123//708 2124//708
usemtl rust
f 2125//709 2126//709 2127//709
usemtl rust
f 2128//710 2129//710 2130//710
usemtl rust
f 2131//711 2132//711 2133//711
usemtl rust
f 2134//712 2135//712 2136//712
usemtl wood_dark
f 2137//713 2138//713 2139//713
usemtl wood_dark
f 2140//714 2141//714 2142//714
usemtl wood_dark
f 2143//715 2144//715 2145//715
usemtl wood_dark
f 2146//716 2147//716 2148//716
usemtl wood_dark
f 2149//717 2150//717 2151//717
usemtl wood_dark
f 2152//718 2153//718 2154//718
usemtl wood_dark
f 2155//719 2156//719 2157//719
usemtl wood_dark
f 2158//720 2159//720 2160//720
usemtl insulator
f 2161//721 2162//721 2163//721
usemtl insulator
f 2164//722 2165//722 2166//722
usemtl insulator
f 2167//723 2168//723 2169//723
usemtl insulator
f 2170//724 2171//724 2172//724
usemtl insulator
f 2173//725 2174//725 2175//725
usemtl insulator
f 2176//726 2177//726 2178//726
usemtl insulator
f 2179//727 2180//727 2181//727
usemtl insulator
f 2182//728 2183//728 2184//728
usemtl insulator
f 2185//729 2186//729 2187//729
usemtl insulator
f 2188//730 2189//730 2190//730
usemtl insulator
f 2191//731 2192//731 2193//731
usemtl insulator
f 2194//732 2195//732 2196//732
usemtl insulator
f 2197//733 2198//733 2199//733
usemtl insulator
f 2200//734 2201//734 2202//734
usemtl insulator
f 2203//735 2204//735 2205//735
usemtl insulator
f 2206//736 2207//736 2208//736
usemtl insulator
f 2209//737 2210//737 2211//737
usemtl insulator
f 2212//738 2213//738 2214//738
usemtl insulator
f 2215//739 2216//739 2217//739
usemtl insulator
f 2218//740 2219//740 2220//740
usemtl insulator
f 2221//741 2222//741 2223//741
usemtl insulator
f 2224//742 2225//742 2226//742
usemtl insulator
f 2227//743 2228//743 2229//743
usemtl insulator
f 2230//744 2231//744 2232//744
usemtl insulator
f 2233//745 2234//745 2235//745
usemtl insulator
f 2236//746 2237//746 2238//746
usemtl insulator
f 2239//747 2240//747 2241//747
usemtl insulator
f 2242//748 2243//748 2244//748
usemtl insulator
f 2245//749 2246//749 2247//749
usemtl insulator
f 2248//750 2249//750 2250//750
usemtl insulator
f 2251//751 2252//751 2253//751
usemtl insulator
f 2254//752 2255//752 2256//752
usemtl wood_dark
f 2257//753 2258//753 2259//753
usemtl wood_dark
f 2260//754 2261//754 2262//754
usemtl wood_dark
f 2263//755 2264//755 2265//755
usemtl wood_dark
f 2266//756 2267//756 2268//756
usemtl wood_dark
f 2269//757 2270//757 2271//757
usemtl wood_dark
f 2272//758 2273//758 2274//758
usemtl wood_dark
f 2275//759 2276//759 2277//759
usemtl wood_dark
f 2278//760 2279//760 2280//760
usemtl insulator
f 2281//761 2282//761 2283//761
usemtl insulator
f 2284//762 2285//762 2286//762
usemtl insulator
f 2287//763 2288//763 2289//763
usemtl insulator
f 2290//764 2291//764 2292//764
usemtl insulator
f 2293//765 2294//765 2295//765
usemtl insulator
f 2296//766 2297//766 2298//766
usemtl insulator
f 2299//767 2300//767 2301//767
usemtl insulator
f 2302//768 2303//768 2304//768
usemtl insulator
f 2305//769 2306//769 2307//769
usemtl insulator
f 2308//770 2309//770 2310//770
usemtl insulator
f 2311//771 2312//771 2313//771
usemtl insulator
f 2314//772 2315//772 2316//772
usemtl insulator
f 2317//773 2318//773 2319//773
usemtl insulator
f 2320//774 2321//774 2322//774
usemtl insulator
f 2323//775 2324//775 2325//775
usemtl insulator
f 2326//776 2327//776 2328//776
usemtl insulator
f 2329//777 2330//777 2331//777
usemtl insulator
f 2332//778 2333//778 2334//778
usemtl insulator
f 2335//779 2336//779 2337//779
usemtl insulator
f 2338//780 2339//780 2340//780
usemtl insulator
f 2341//781 2342//781 2343//781
usemtl insulator
f 2344//782 2345//782 2346//782
usemtl insulator
f 2347//783 2348//783 2349//783
usemtl insulator
f 2350//784 2351//784 2352//784
usemtl insulator
f 2353//785 2354//785 2355//785
usemtl insulator
f 2356//786 2357//786 2358//786
usemtl insulator
f 2359//787 2360//787 2361//787
usemtl insulator
f 2362//788 2363//788 2364//788
usemtl insulator
f 2365//789 2366//789 2367//789
usemtl insulator
f 2368//790 2369//790 2370//790
usemtl insulator
f 2371//791 2372//791 2373//791
usemtl insulator
f 2374//792 2375//792 2376//792
usemtl rust
f 2377//793 2378//793 2379//793
usemtl rust
f 2380//794 2381//794 2382//794
usemtl rust
f 2383//795 2384//795 2385//795
usemtl rust
f 2386//796 2387//796 2388//796
usemtl rust
f 2389//797 2390//797 2391//797
usemtl rust
f 2392//798 2393//798 2394//798
usemtl rust
f 2395//799 2396//799 2397//799
usemtl rust
f 2398//800 2399//800 2400//800
usemtl rust
f 2401//801 2402//801 2403//801
usemtl rust
f 2404//802 2405//802 2406//802
usemtl rust
f 2407//803 2408//803 2409//803
usemtl rust
f 2410//804 2411//804 2412//804
usemtl wood_dark
f 2413//805 2414//805 2415//805
usemtl wood_dark
f 2416//806 2417//806 2418//806
usemtl wood_dark
f 2419//807 2420//807 2421//807
usemtl wood_dark
f 2422//808 2423//808 2424//808
usemtl wood_dark
f 2425//809 2426//809 2427//809
usemtl wood_dark
f 2428//810 2429//810 2430//810
usemtl wood_dark
f 2431//811 2432//811 2433//811
usemtl wood_dark
f 2434//812 2435//812 2436//812
usemtl insulator
f 2437//813 2438//813 2439//813
usemtl insulator
f 2440//814 2441//814 2442//814
usemtl insulator
f 2443//815 2444//815 2445//815
usemtl insulator
f 2446//816 2447//816 2448//816
usemtl insulator
f 2449//817 2450//817 2451//817
usemtl insulator
f 2452//818 2453//818 2454//818
usemtl insulator
f 2455//819 2456//819 2457//819
usemtl insulator
f 2458//820 2459//820 2460//820
usemtl insulator
f 2461//821 2462//821 2463//821
usemtl insulator
f 2464//822 2465//822 2466//822
usemtl insulator
f 2467//823 2468//823 2469//823
usemtl insulator
f 2470//824 2471//824 2472//824
usemtl insulator
f 2473//825 2474//825 2475//825
usemtl insulator
f 2476//826 2477//826 2478//826
usemtl insulator
f 2479//827 2480//827 2481//827
usemtl insulator
f 2482//828 2483//828 2484//828
usemtl insulator
f 2485//829 2486//829 2487//829
usemtl insulator
f 2488//830 2489//830 2490//830
usemtl insulator
f 2491//831 2492//831 2493//831
usemtl insulator
f 2494//832 2495//832 2496//832
usemtl insulator
f 2497//833 2498//833 2499//833
usemtl insulator
f 2500//834 2501//834 2502//834
usemtl insulator
f 2503//835 2504//835 2505//835
usemtl insulator
f 2506//836 2507//836 2508//836
usemtl insulator
f 2509//837 2510//837 2511//837
usemtl insulator
f 2512//838 2513//838 2514//838
usemtl insulator
f 2515//839 2516//839 2517//839
usemtl insulator
f 2518//840 2519//840 2520//840
usemtl insulator
f 2521//841 2522//841 2523//841
usemtl insulator
f 2524//842 2525//842 2526//842
usemtl insulator
f 2527//843 2528//843 2529//843
usemtl insulator
f 2530//844 2531//844 2532//844
usemtl wood_dark
f 2533//845 2534//845 2535//845
usemtl wood_dark
f 2536//846 2537//846 2538//846
usemtl wood_dark
f 2539//847 2540//847 2541//847
usemtl wood_dark
f 2542//848 2543//848 2544//848
usemtl wood_dark
f 2545//849 2546//849 2547//849
usemtl wood_dark
f 2548//850 2549//850 2550//850
usemtl wood_dark
f 2551//851 2552//851 2553//851
usemtl wood_dark
f 2554//852 2555//852 2556//852
usemtl insulator
f 2557//853 2558//853 2559//853
usemtl insulator
f 2560//854 2561//854 2562//854
usemtl insulator
f 2563//855 2564//855 2565//855
usemtl insulator
f 2566//856 2567//856 2568//856
usemtl insulator
f 2569//857 2570//857 2571//857
usemtl insulator
f 2572//858 2573//858 2574//858
usemtl insulator
f 2575//859 2576//859 2577//859
usemtl insulator
f 2578//860 2579//860 2580//860
usemtl insulator
f 2581//861 2582//861 2583//861
usemtl insulator
f 2584//862 2585//862 2586//862
usemtl insulator
f 2587//863 2588//863 2589//863
usemtl insulator
f 2590//864 2591//864 2592//864
usemtl insulator
f 2593//865 2594//865 2595//865
usemtl insulator
f 2596//866 2597//866 2598//866
usemtl insulator
f 2599//867 2600//867 2601//867
usemtl insulator
f 2602//868 2603//868 2604//868
usemtl insulator
f 2605//869 2606//869 2607//869
usemtl insulator
f 2608//870 2609//870 2610//870
usemtl insulator
f 2611//871 2612//871 2613//871
usemtl insulator
f 2614//872 2615//872 2616//872
usemtl insulator
f 2617//873 2618//873 2619//873
usemtl insulator
f 2620//874 2621//874 2622//874
usemtl insulator
f 2623//875 2624//875 2625//875
usemtl insulator
f 2626//876 2627//876 2628//876
usemtl insulator
f 2629//877 2630//877 2631//877
usemtl insulator
f 2632//878 2633//878 2634//878
usemtl insulator
f 2635//879 2636//879 2637//879
usemtl insulator
f 2638//880 2639//880 2640//880
usemtl insulator
f 2641//881 2642//881 2643//881
usemtl insulator
f 2644//882 2645//882 2646//882
usemtl insulator
f 2647//883 2648//883 2649//883
usemtl insulator
f 2650//884 2651//884 2652//884
usemtl concrete
f 2653//885 2654//885 2655//885
usemtl concrete
f 2656//886 2657//886 2658//886
usemtl concrete
f 2659//887 2660//887 2661//887
usemtl concrete
f 2662//888 2663//888 2664//888
usemtl concrete
f 2665//889 2666//889 2667//889
usemtl concrete
f 2668//890 2669//890 2670//890
usemtl concrete
f 2671//891 2672//891 2673//891
usemtl concrete
f 2674//892 2675//892 2676//892
usemtl concrete
f 2677//893 2678//893 2679//893
usemtl concrete
f 2680//894 2681//894 2682//894
usemtl concrete
f 2683//895 2684//895 2685//895
usemtl concrete
f 2686//896 2687//896 2688//896
usemtl concrete
f 2689//897 2690//897 2691//897
usemtl concrete
f 2692//898 2693//898 2694//898
usemtl concrete
f 2695//899 2696//899 2697//899
usemtl concrete
f 2698//900 2699//900 2700//900
usemtl concrete
f 2701//901 2702//901 2703//901
usemtl concrete
f 2704//902 2705//902 2706//902
usemtl concrete
f 2707//903 2708//903 2709//903
usemtl concrete
f 2710//904 2711//904 2712//904
usemtl concrete
f 2713//905 2714//905 2715//905
usemtl concrete
f 2716//906 2717//906 2718//906
usemtl concrete
f 2719//907 2720//907 2721//907
usemtl concrete
f 2722//908 2723//908 2724//908
usemtl concrete
f 2725//909 2726//909 2727//909
usemtl concrete
f 2728//910 2729//910 2730//910
usemtl concrete
f 2731//911 2732//911 2733//911
usemtl concrete
f 2734//912 2735//912 2736//912
usemtl concrete
f 2737//913 2738//913 2739//913
usemtl concrete
f 2740//914 2741//914 2742//914
usemtl concrete
f 2743//915 2744//915 2745//915
usemtl concrete
f 2746//916 2747//916 2748//916
usemtl concrete
f 2749//917 2750//917 2751//917
usemtl concrete
f 2752//918 2753//918 2754//918
usemtl concrete
f 2755//919 2756//919 2757//919
usemtl concrete
f 2758//920 2759//920 2760//920
usemtl concrete
f 2761//921 2762//921 2763//921
usemtl concrete
f 2764//922 2765//922 2766//922
usemtl concrete
f 2767//923 2768//923 2769//923
usemtl concrete
f 2770//924 2771//924 2772//924
usemtl concrete
f 2773//925 2774//925 2775//925
usemtl concrete
f 2776//926 2777//926 2778//926
usemtl concrete
f 2779//927 2780//927 2781//927
usemtl concrete
f 2782//928 2783//928 2784//928
usemtl concrete
f 2785//929 2786//929 2787//929
usemtl concrete
f 2788//930 2789//930 2790//930
usemtl concrete
f 2791//931 2792//931 2793//931
usemtl concrete
f 2794//932 2795//932 2796//932
