displayId,id,titleUk,categoryUk,fitUk,descriptionUk,path,triangles,sourceHash,dioramaStudyUses
M0001,m_0045ffb477e043a46950af7e617beb06,Збірка персонажів,персонажі,потребує адаптації,Збірка персонажів. Габарити джерела: 2.05 × 1.96 × 0.65 м (ширина × висота × глибина). Збірка має накладені фігури; для окремого персонажа вибрати prefab.,Assets/PolygonBattleRoyale/Models/Characters/Characters.fbx,35248,ac2097ccf1240bb6328580cc64a59ac241f0b5ebe01e632461fec6dea7700e71,
M0002,m_10e3b3f7b80daf24591cfb93ae877964,Ранець · варіант 01,персонажний реквізит,резерв,Ранець · варіант 01. Габарити джерела: 0.28 × 0.41 × 0.17 м (ширина × висота × глибина). Цивільні каремати/ранці можливі після адаптації кольорів; не основа ландшафту.,Assets/PolygonBattleRoyale/Models/Characters/SM_Char_Attach_Bag_01.fbx,254,769e4cd87cd5f879c5b693bf5cd7a4b398ea19a7d1e252bb466d00f3c61294cc,
M0003,m_63fb39b816daf3a45baef4ff791a5de6,Ранець · варіант 02,персонажний реквізит,резерв,Ранець · варіант 02. Габарити джерела: 0.30 × 0.45 × 0.20 м (ширина × висота × глибина). Цивільні каремати/ранці можливі після адаптації кольорів; не основа ландшафту.,Assets/PolygonBattleRoyale/Models/Characters/SM_Char_Attach_Bag_02.fbx,444,49c4e8f95a7b999dc9dae8937a929c40546905fa8e5bd518e4611a5a14e294cf,
M0004,m_c3f19aa421dbf2c419745b1bfca505e1,Ранець · варіант 03,персонажний реквізит,резерв,Ранець · варіант 03. Габарити джерела: 0.45 × 0.52 × 0.25 м (ширина × висота × глибина). Цивільні каремати/ранці можливі після адаптації кольорів; не основа ландшафту.,Assets/PolygonBattleRoyale/Models/Characters/SM_Char_Attach_Bag_03.fbx,574,e9d2cd3e6b376bd1d246a4f86ce094742e5f09f15b7b6c71c7afdf77fdda9330,
M0005,m_42275688c4eb205469ae282a673b9399,Скручений каремат · варіант 01,персонажний реквізит,резерв,Скручений каремат · варіант 01. Габарити джерела: 0.45 × 0.19 × 0.12 м (ширина × висота × глибина). Цивільні каремати/ранці можливі після адаптації кольорів; не основа ландшафту.,Assets/PolygonBattleRoyale/Models/Characters/SM_Char_Attach_Bedroll_01.fbx,400,6b52df4ba8030074331bab9932ff510cb3a3a60f8507da54bdb2e64f7041a39b,
M0006,m_16dbb4dbc99141a409bb01efcf03b61f,Скручений каремат · варіант 02,персонажний реквізит,резерв,Скручений каремат · варіант 02. Габарити джерела: 0.50 × 0.15 × 0.14 м (ширина × висота × глибина). Цивільні каремати/ранці можливі після адаптації кольорів; не основа ландшафту.,Assets/PolygonBattleRoyale/Models/Characters/SM_Char_Attach_Bedroll_02.fbx,400,297209a97130bd117dee5bcc04c44275bc605623ee12e9787d706529c31dd3a7,
M0007,m_ead87eb22243fa242976f1bb3df57672,Бронежилет · варіант 01,бойовий реквізит,виключено зі стилю,"Бронежилет · варіант 01. Габарити джерела: 0.39 × 0.56 × 0.34 м (ширина × висота × глибина). Зберегти в бібліотеці, не включати в перші 12 затишних діорам.",Assets/PolygonBattleRoyale/Models/Characters/SM_Char_Attach_Female_Armor_01.fbx,432,8dbfb91888b639033601ece19fb6cda72830cfa3fc518350f7511e30f72a059c,
M0008,m_d8e971fcf8266844889abb1221be7714,Бронежилет · варіант 02,бойовий реквізит,виключено зі стилю,"Бронежилет · варіант 02. Габарити джерела: 0.40 × 0.56 × 0.34 м (ширина × висота × глибина). Зберегти в бібліотеці, не включати в перші 12 затишних діорам.",Assets/PolygonBattleRoyale/Models/Characters/SM_Char_Attach_Female_Armor_02.fbx,448,da1b565cf928aa614d7d2fd94e56e481e16d73fd81781908002b105a8b6d874c,
M0009,m_2f2ff143482b98642a02a64984ae72c6,Бронежилет · варіант 03,бойовий реквізит,виключено зі стилю,"Бронежилет · варіант 03. Габарити джерела: 0.60 × 0.65 × 0.35 м (ширина × висота × глибина). Зберегти в бібліотеці, не включати в перші 12 затишних діорам.",Assets/PolygonBattleRoyale/Models/Characters/SM_Char_Attach_Female_Armor_03.fbx,1063,f0043f6f31ebc892462d84830b1e705e1450110aee0a22dadfb0a6fc82e017f9,
M0010,m_3307ae356a855f9409d14bf5e848be64,Шолом · варіант 01,бойовий реквізит,виключено зі стилю,"Шолом · варіант 01. Габарити джерела: 0.34 × 0.33 × 0.37 м (ширина × висота × глибина). Зберегти в бібліотеці, не включати в перші 12 затишних діорам.",Assets/PolygonBattleRoyale/Models/Characters/SM_Char_Attach_Helmet_01.fbx,354,02f1b637ff3439f749986b47c7328cd447a648231c0c9476b050a974379ffb45,
M0011,m_16367e117872cf84891f305e2b0f8a37,Шолом · варіант 02,бойовий реквізит,виключено зі стилю,"Шолом · варіант 02. Габарити джерела: 0.31 × 0.27 × 0.38 м (ширина × висота × глибина). Зберегти в бібліотеці, не включати в перші 12 затишних діорам.",Assets/PolygonBattleRoyale/Models/Characters/SM_Char_Attach_Helmet_02.fbx,176,31b42456c885703327b26c4306019e3b217700c5dd43cd1feb2ae7f11274d6b4,
M0012,m_2e1e9afd53aa9df4ab7bd2e4f350eab5,Шолом · варіант 03,бойовий реквізит,виключено зі стилю,"Шолом · варіант 03. Габарити джерела: 0.28 × 0.36 × 0.15 м (ширина × висота × глибина). Зберегти в бібліотеці, не включати в перші 12 затишних діорам.",Assets/PolygonBattleRoyale/Models/Characters/SM_Char_Attach_Helmet_03.fbx,220,35e4e18f4069fbe295a173614b0fd226a331a32f8f30588759aa9f85bda03192,
M0013,m_7f3ff7d12f807b44c8f1ec63b62d814b,Бронежилет · варіант 01,бойовий реквізит,виключено зі стилю,"Бронежилет · варіант 01. Габарити джерела: 0.44 × 0.55 × 0.35 м (ширина × висота × глибина). Зберегти в бібліотеці, не включати в перші 12 затишних діорам.",Assets/PolygonBattleRoyale/Models/Characters/SM_Char_Attach_Male_Armor_01.fbx,430,24b1602bc7000feb7e84568bf2078e8eace513917de591c8154fb6976f9bc18d,
M0014,m_63395104c32c64e4f8270ac5a6a55780,Бронежилет · варіант 02,бойовий реквізит,виключено зі стилю,"Бронежилет · варіант 02. Габарити джерела: 0.45 × 0.56 × 0.36 м (ширина × висота × глибина). Зберегти в бібліотеці, не включати в перші 12 затишних діорам.",Assets/PolygonBattleRoyale/Models/Characters/SM_Char_Attach_Male_Armor_02.fbx,448,4fd74dfecd0bcad9330a7fe96145561ebc1f37a2cfafa0d1d9c82a8928c3622b,
M0015,m_ef43bc9dfae515146a0543d4143a51da,Бронежилет · варіант 03,бойовий реквізит,виключено зі стилю,"Бронежилет · варіант 03. Габарити джерела: 0.60 × 0.65 × 0.38 м (ширина × висота × глибина). Зберегти в бібліотеці, не включати в перші 12 затишних діорам.",Assets/PolygonBattleRoyale/Models/Characters/SM_Char_Attach_Male_Armor_03.fbx,1063,ae1cb195a31a47adb7e12ad64797ab099a3f682d743f157e7588eefc7f2f431f,
M0016,m_e011db342606078439bcc091bd235e69,Бронежилет · варіант 01,бойовий реквізит,виключено зі стилю,"Бронежилет · варіант 01. Габарити джерела: 0.44 × 0.13 × 0.57 м (ширина × висота × глибина). Зберегти в бібліотеці, не включати в перші 12 затишних діорам.",Assets/PolygonBattleRoyale/Models/Characters/SM_PickUp_Armor_01.fbx,428,e3f95f21d23eb1cff00f1fc0d8347cd96017a46c85d7d06e5c2a13bdc673256c,
M0017,m_ba07778564f493f45b827233331b6c49,Бронежилет · варіант 02,бойовий реквізит,виключено зі стилю,"Бронежилет · варіант 02. Габарити джерела: 0.47 × 0.11 × 0.54 м (ширина × висота × глибина). Зберегти в бібліотеці, не включати в перші 12 затишних діорам.",Assets/PolygonBattleRoyale/Models/Characters/SM_PickUp_Armor_02.fbx,444,ebdf31ea2dad974ee93f631f94198e68773413e65f9da4e62734d818956ce2ba,
M0018,m_8eea04aa9606f924b921b36867d71060,Бронежилет · варіант 03,бойовий реквізит,виключено зі стилю,"Бронежилет · варіант 03. Габарити джерела: 0.60 × 0.16 × 0.66 м (ширина × висота × глибина). Зберегти в бібліотеці, не включати в перші 12 затишних діорам.",Assets/PolygonBattleRoyale/Models/Characters/SM_PickUp_Armor_03.fbx,1059,bc779ae6a2bc7d525bbd3ec1df14313bb15fbdac8c364a7b30b6d10e7c049f19,
M0019,m_99c42e85cfad1574694894850e1081d9,Ранець · варіант 01,персонажний реквізит,резерв,Ранець · варіант 01. Габарити джерела: 0.28 × 0.14 × 0.41 м (ширина × висота × глибина). Цивільні каремати/ранці можливі після адаптації кольорів; не основа ландшафту.,Assets/PolygonBattleRoyale/Models/Characters/SM_PickUp_Bag_01.fbx,254,0e8c56d39b11da7154b5cc5bb62db5ed689945ebdedcb636aa1b0852451fe261,
M0020,m_df43318af2868c6438511f8e4fd74727,Ранець · варіант 02,персонажний реквізит,резерв,Ранець · варіант 02. Габарити джерела: 0.32 × 0.17 × 0.46 м (ширина × висота × глибина). Цивільні каремати/ранці можливі після адаптації кольорів; не основа ландшафту.,Assets/PolygonBattleRoyale/Models/Characters/SM_PickUp_Bag_02.fbx,444,2e77aa9b73b5d128fb2d9c15566c48d1123fc3b2304c992132d6c4294f61fa26,
M0021,m_063cba390bf5fdc4e98d887b4c3ba235,Ранець · варіант 03,персонажний реквізит,резерв,Ранець · варіант 03. Габарити джерела: 0.47 × 0.22 × 0.56 м (ширина × висота × глибина). Цивільні каремати/ранці можливі після адаптації кольорів; не основа ландшафту.,Assets/PolygonBattleRoyale/Models/Characters/SM_PickUp_Bag_03.fbx,574,7e34c9340f90b48c2062741e3d6095c67554807f89a7d2758bc9f7622bf32f7e,
M0022,m_3026cbf18a414bf47b5889e5096cd0a9,Колізійна оболонка: будинок,службова геометрія,службове,Колізійна оболонка: будинок. Габарити джерела: 10.93 × 7.54 × 10.11 м (ширина × висота × глибина). Колізії; не показувати як декоративний об’єкт.,Assets/PolygonBattleRoyale/Models/CollisionCustom/SM_Bld_House_01_C_Collision.fbx,372,a1ec1fdc993dc7de23e1487f57b3740774c6368005062e36ecb5d99b21e5d891,
M0023,m_6881e9d1b75124142bc6ca1ddb4305e4,Колізійна оболонка: будинок,службова геометрія,службове,Колізійна оболонка: будинок. Габарити джерела: 13.36 × 7.26 × 12.50 м (ширина × висота × глибина). Колізії; не показувати як декоративний об’єкт.,Assets/PolygonBattleRoyale/Models/CollisionCustom/SM_Bld_House_02_C_Collision.fbx,564,1c2b9681e5723920890075f382ce4b9a2cd61189763cce27f1af6c6520eb5660,
M0024,m_e3b763a5b36f8b8459e93748d103d67a,Колізійна оболонка: будинок,службова геометрія,службове,Колізійна оболонка: будинок. Габарити джерела: 5.56 × 6.66 × 10.50 м (ширина × висота × глибина). Колізії; не показувати як декоративний об’єкт.,Assets/PolygonBattleRoyale/Models/CollisionCustom/SM_Bld_House_03_C_Collision.fbx,380,39e3ddf0058e07dcad6eb217ba2b76fb5358e6bdaaf2c9dbd3ed7e880cd4f741,
M0025,m_e2efa764cf969844782fae6af78f8f14,Колізійна оболонка: будинок,службова геометрія,службове,Колізійна оболонка: будинок. Габарити джерела: 3.29 × 3.62 × 5.06 м (ширина × висота × глибина). Колізії; не показувати як декоративний об’єкт.,Assets/PolygonBattleRoyale/Models/CollisionCustom/SM_Bld_SmallBuilding_01_C_Collision.fbx,96,6c01efc2cb45a52f62a8ba30f33145b96b97bbbfceab9a5dc39d39a9911e8eba,
M0026,m_aac1eef2ea84eba4da6bb9cc3cd44700,Колізійна оболонка: будинок,службова геометрія,службове,Колізійна оболонка: будинок. Габарити джерела: 3.29 × 3.62 × 5.05 м (ширина × висота × глибина). Колізії; не показувати як декоративний об’єкт.,Assets/PolygonBattleRoyale/Models/CollisionCustom/SM_Bld_SmallBuilding_02_C_Collision.fbx,96,f33d48e35745290122389bd711247311d8afb62d136cabe51cbf58052dbbb475,
M0027,m_db34398713477ea4db6d9992ff8afc9d,Колізійна оболонка: будинок,службова геометрія,службове,Колізійна оболонка: будинок. Габарити джерела: 10.48 × 3.89 × 7.11 м (ширина × висота × глибина). Колізії; не показувати як декоративний об’єкт.,Assets/PolygonBattleRoyale/Models/CollisionCustom/SM_Bld_SmallBuilding_03_C_Collision.fbx,156,751cc749b251b626fbad259045b35b92f8245e4bf91089b19c406a8f19d77630,
M0028,m_a0b303c1523c6424dbeec793b63d5d4c,Колізійна оболонка: намет,службова геометрія,службове,Колізійна оболонка: намет. Габарити джерела: 5.71 × 3.96 × 8.25 м (ширина × висота × глибина). Колізії; не показувати як декоративний об’єкт.,Assets/PolygonBattleRoyale/Models/CollisionCustom/SM_Bld_Tent_01_C_Collision.fbx,104,b68ebb4b2b1205c72224e9eb23fce86627b56163b306414f71f001e47d921592,
M0029,m_579481c2d85cb0948833475f0b463ad8,Колізійна оболонка: намет,службова геометрія,службове,Колізійна оболонка: намет. Габарити джерела: 5.44 × 3.58 × 8.78 м (ширина × висота × глибина). Колізії; не показувати як декоративний об’єкт.,Assets/PolygonBattleRoyale/Models/CollisionCustom/SM_Bld_Tent_02_C_Collision.fbx,140,0ca69e8b63973bfd4711a1a7da2ad5383b0def3d2165c9f00685000ee8b3104c,
M0030,m_2c9a0532593445e42aa507fc8ec86185,Колізійна оболонка: склад,службова геометрія,службове,Колізійна оболонка: склад. Габарити джерела: 21.71 × 9.21 × 22.61 м (ширина × висота × глибина). Колізії; не показувати як декоративний об’єкт.,Assets/PolygonBattleRoyale/Models/CollisionCustom/SM_Bld_Warehouse_01_C_Collision.fbx,128,99e8a66e87a00088eb9d8a5a49d5557a7559057343c47e0bf869e74abb2f172b,
M0031,m_06d63280c502dd9419303cd3983b2eff,Колізійна оболонка: невелика хатина,службова геометрія,службове,Колізійна оболонка: невелика хатина. Габарити джерела: 4.41 × 3.93 × 6.04 м (ширина × висота × глибина). Колізії; не показувати як декоративний об’єкт.,Assets/PolygonBattleRoyale/Models/CollisionCustom/SM_Bld_WoodenShack_01_C_Collision.fbx,160,12a516116dc06d2e2100dfd0f3e2f3b1a0a641db7293336a4f9ebf07e15308ef,
M0032,m_bfee5c24fcc49ea4a8fbf0ea832c6bcd,Колізійна оболонка: висока вежа,службова геометрія,службове,Колізійна оболонка: висока вежа. Габарити джерела: 2.23 × 7.03 × 2.57 м (ширина × висота × глибина). Колізії; не показувати як декоративний об’єкт.,Assets/PolygonBattleRoyale/Models/CollisionCustom/SM_Prop_GuardTower_01_Collision.fbx,132,f89d7c78171f75d25197e43527f791c3f3d9f630ca13b55a9041bffda145c490,
M0033,m_089c2c0dc152e8d40a9d4e76fe8b44ae,Колізійна оболонка: літак,службова геометрія,службове,Колізійна оболонка: літак. Габарити джерела: 45.26 × 12.09 × 35.59 м (ширина × висота × глибина). Колізії; не показувати як декоративний об’єкт.,Assets/PolygonBattleRoyale/Models/CollisionCustom/SM_Veh_Plane_Destroyed_01_C_Collision.fbx,644,f5b5f73b71ca74365f82a3296f2fe68fbf0fe935eba55b88613c47a307b5afdf,
M0034,m_f6fc603ff7134df4aae6e87dabbf2d0b,Геометрія спецефекту,помилка матеріалу,блоковано,Геометрія спецефекту. Габарити джерела: 1237.29 × 150.94 × 1237.29 м (ширина × висота × глибина). Рожевий native render; виправити shader і повторити огляд перед використанням.,Assets/PolygonBattleRoyale/Models/DamageZone.fbx,480,1e0908f4b81b170c0640ba75334860acd216d57e21a02a224e8ad2bf6ab7c821,
M0035,m_b8f667044e70585f8cf681fe31a86162,Геометрія спецефекту,FX / атмосфера,контекст FX,"Геометрія спецефекту. Габарити джерела: 0.01 × 0.01 × 1.28 м (ширина × висота × глибина). Оглянуто лише геометрію. Анімація, прозорість і повний ефект потребують окремої сцени.",Assets/PolygonBattleRoyale/Models/FX_Bullet_Trail.fbx,8,c8aea643788bc5b84f65cb71dbae9562df5a8bb33404fa1621efc5e9fb202552,
M0036,m_43ddaab132724d84da05417edb4be053,Будинок · варіант 01,додатковий реквізит,резерв,Будинок · варіант 01. Габарити джерела: 10.97 × 7.59 × 10.44 м (ширина × висота × глибина). Зберегти для окремого контексту після затвердження основних 12 композицій.,Assets/PolygonBattleRoyale/Models/SM_Bld_House_01.fbx,5884,9a36cd28a2e860922ba8a31fa0258b1edec9a10758f158711c182c114a5ae957,
M0037,m_7d544dc08cd4dcc4e8329b1eb3d3260f,Будинок · варіант 02,додатковий реквізит,резерв,Будинок · варіант 02. Габарити джерела: 13.38 × 7.20 × 12.48 м (ширина × висота × глибина). Зберегти для окремого контексту після затвердження основних 12 композицій.,Assets/PolygonBattleRoyale/Models/SM_Bld_House_02.fbx,6512,fa31846021f7e0821029e1b618de5f70be0931abb7e694501cd74896a92b8ede,
M0038,m_2398a3fac2efa174997ec25cedd97fc3,Будинок · варіант 03,додатковий реквізит,резерв,Будинок · варіант 03. Габарити джерела: 5.62 × 6.65 × 10.61 м (ширина × висота × глибина). Зберегти для окремого контексту після затвердження основних 12 композицій.,Assets/PolygonBattleRoyale/Models/SM_Bld_House_03.fbx,4730,739fe06788a87f59c27f73fa3423ee03cd205a946ea20798874d575bb9b3cacc,
M0039,m_0fc6608da52f10540aec9c0c903dd15d,Будинок · варіант 01,додатковий реквізит,резерв,Будинок · варіант 01. Габарити джерела: 0.89 × 1.48 × 0.00 м (ширина × висота × глибина). Зберегти для окремого контексту після затвердження основних 12 композицій.,Assets/PolygonBattleRoyale/Models/SM_Bld_House_Glass_01.fbx,4,ff583ea6e5fbaeced5d028468abb46a3de172825666f2712ca109b0fc23ca95f,
M0040,m_1c14ac8aeaf77914b8d82523ae153a4d,Будинок · варіант 01,додатковий реквізит,резерв,Будинок · варіант 01. Габарити джерела: 3.41 × 3.66 × 5.10 м (ширина × висота × глибина). Зберегти для окремого контексту після затвердження основних 12 композицій.,Assets/PolygonBattleRoyale/Models/SM_Bld_SmallBuilding_01.fbx,1634,fbe9b94758b0694ed2cfb09a25b71aae89f7ca4853ec051c66116f24e29d887b,
M0041,m_55f4384a17f522548bd5a0ede744d387,Будинок · варіант 02,додатковий реквізит,резерв,Будинок · варіант 02. Габарити джерела: 3.22 × 3.65 × 5.40 м (ширина × висота × глибина). Зберегти для окремого контексту після затвердження основних 12 композицій.,Assets/PolygonBattleRoyale/Models/SM_Bld_SmallBuilding_02.fbx,1452,e3d814e0f8415c180d9c2adf1a3d0a4408cc72ccd223bd52fc0f4a63c075fb24,
M0042,m_99db12fcf1eb82f46900e4fff2a71266,Будинок · варіант 03,додатковий реквізит,резерв,Будинок · варіант 03. Габарити джерела: 10.70 × 3.89 × 7.10 м (ширина × висота × глибина). Зберегти для окремого контексту після затвердження основних 12 композицій.,Assets/PolygonBattleRoyale/Models/SM_Bld_SmallBuilding_03.fbx,3072,cc2b21ec1aa66394ee7990d4c3c38ed7a0d6f2fb0c506abe38267ac8b5e6b07d,
M0043,m_66e60ed452560eb41b70ea400c7a577b,Намет · варіант 01,додатковий реквізит,резерв,Намет · варіант 01. Габарити джерела: 7.76 × 3.87 × 8.97 м (ширина × висота × глибина). Зберегти для окремого контексту після затвердження основних 12 композицій.,Assets/PolygonBattleRoyale/Models/SM_Bld_Tent_01.fbx,1112,cf3025e67b51ecb1a627ac351f34a891c5fe51a9931bfb00cb4e1bfa0c6b9fea,
M0044,m_76e2fdbfa4117ce4cb9f82f2a0df4926,Намет · варіант 02,додатковий реквізит,резерв,Намет · варіант 02. Габарити джерела: 5.53 × 3.55 × 9.03 м (ширина × висота × глибина). Зберегти для окремого контексту після затвердження основних 12 композицій.,Assets/PolygonBattleRoyale/Models/SM_Bld_Tent_02.fbx,432,dabc155f3084af79c37e26d5b708aebd93f5d84f4f97ca0a751564e7668adf61,
M0045,m_4be346e3f7710eb43a6c627c8d07903f,Склад · варіант 01,додатковий реквізит,резерв,Склад · варіант 01. Габарити джерела: 21.72 × 9.16 × 22.61 м (ширина × висота × глибина). Зберегти для окремого контексту після затвердження основних 12 композицій.,Assets/PolygonBattleRoyale/Models/SM_Bld_Warehouse_01.fbx,4558,454ead86d0e298eca4b712b21cf654be4779d7a2112759a068aefa28f977aff3,
M0046,m_3bf7a8c4c120f584f8a5ca9ffc412f5a,Архітектурна деталь · варіант 01,додатковий реквізит,резерв,Архітектурна деталь · варіант 01. Габарити джерела: 0.75 × 1.15 × 0.07 м (ширина × висота × глибина). Зберегти для окремого контексту після затвердження основних 12 композицій.,Assets/PolygonBattleRoyale/Models/SM_Bld_Window_Bars_01.fbx,40,bf42e9a9fdf18b97600a5c5c3b3e5e675fc10d309eb8c4762f9e6627c88cfa75,
M0047,m_9078fad21019e0141bb2fe97b2b0e0b9,Невелика хатина · варіант 01,додатковий реквізит,резерв,Невелика хатина · варіант 01. Габарити джерела: 4.53 × 3.94 × 6.22 м (ширина × висота × глибина). Зберегти для окремого контексту після затвердження основних 12 композицій.,Assets/PolygonBattleRoyale/Models/SM_Bld_WoodenShack_01.fbx,3501,326f158b46bc100385ec0bbae697ec11902cc9971cceb94268314ffb9a8e4c09,
M0048,m_962d5455d32327449b124c2b63d0ff03,Ранець,персонажний реквізит,резерв,Ранець. Габарити джерела: 0.28 × 0.41 × 0.17 м (ширина × висота × глибина). Цивільні каремати/ранці можливі після адаптації кольорів; не основа ландшафту.,Assets/PolygonBattleRoyale/Models/SM_Char_Attach_Bag_Lvl1.fbx,254,e272bdb35246985973b18e50f77f7542e3b6d3f69327f8a15c0883ed362a2b08,
M0049,m_f8033a124f820234384223a33191f9f0,Ранець,персонажний реквізит,резерв,Ранець. Габарити джерела: 0.30 × 0.45 × 0.20 м (ширина × висота × глибина). Цивільні каремати/ранці можливі після адаптації кольорів; не основа ландшафту.,Assets/PolygonBattleRoyale/Models/SM_Char_Attach_Bag_Lvl2.fbx,444,ea116851da97a661553708d6807cfa4944318f18de19ff3895e812fbd5cd18d5,
M0050,m_ffa1002ad511e7c478b01c4ef10df2a2,Ранець,персонажний реквізит,резерв,Ранець. Габарити джерела: 0.45 × 0.52 × 0.25 м (ширина × висота × глибина). Цивільні каремати/ранці можливі після адаптації кольорів; не основа ландшафту.,Assets/PolygonBattleRoyale/Models/SM_Char_Attach_Bag_Lvl3.fbx,574,9e42ac6b54ee54fdde343faf170d8575cd2a6edb5fcbfbfff8dedac6b7d8bfbc,
M0051,m_43b77ffcfe5bb2e4cb7c89bbfb8fa4ee,Зброя або бойовий реквізит · варіант 01,бойовий реквізит,виключено зі стилю,"Зброя або бойовий реквізит · варіант 01. Габарити джерела: 0.07 × 0.07 × 0.02 м (ширина × висота × глибина). Зберегти в бібліотеці, не включати в перші 12 затишних діорам.",Assets/PolygonBattleRoyale/Models/SM_Chr_Attach_Ammo_01.fbx,764,07dcbe03aebd1dc760740319662f64d6cafad4a37b4d6af396b0a5f8d6c6ef03,
M0052,m_5b0b4402694aa2b4186d1b6094658ba6,Борода · варіант 02,персонажний реквізит,резерв,Борода · варіант 02. Габарити джерела: 0.25 × 0.18 × 0.14 м (ширина × висота × глибина). Цивільні каремати/ранці можливі після адаптації кольорів; не основа ландшафту.,Assets/PolygonBattleRoyale/Models/SM_Chr_Attach_Beard_02.fbx,200,c374e7d1d69a320b47563d642581d695ecf7f829e47173a660f272f5e0aaec61,
M0053,m_c1ba765bc77a9ff4ca089845ab41bb9e,Борода · варіант 03,персонажний реквізит,резерв,Борода · варіант 03. Габарити джерела: 0.21 × 0.15 × 0.09 м (ширина × висота × глибина). Цивільні каремати/ранці можливі після адаптації кольорів; не основа ландшафту.,Assets/PolygonBattleRoyale/Models/SM_Chr_Attach_Beard_03.fbx,172,0494ce946e31bd13e55ab81d1b582667e081ccf6b95a3835f9e278ea39822e3a,
M0054,m_843f9616e5b242045a733017160aff46,Борода · варіант 04,персонажний реквізит,резерв,Борода · варіант 04. Габарити джерела: 0.23 × 0.35 × 0.16 м (ширина × висота × глибина). Цивільні каремати/ранці можливі після адаптації кольорів; не основа ландшафту.,Assets/PolygonBattleRoyale/Models/SM_Chr_Attach_Beard_04.fbx,334,0551f979f5d58c3ab762c753ba8c44fc09ce1906db353fb7c323a55cf8a674a6,
M0055,m_afdbbcb3f47e88f4ba779314c83d523f,Борода · варіант 05,персонажний реквізит,резерв,Борода · варіант 05. Габарити джерела: 0.22 × 0.13 × 0.13 м (ширина × висота × глибина). Цивільні каремати/ранці можливі після адаптації кольорів; не основа ландшафту.,Assets/PolygonBattleRoyale/Models/SM_Chr_Attach_Beard_05.fbx,206,0a192ed896822ed4ddb3f926a299a2998c24f023dc205d83e014d640a3d10918,
M0056,m_fa2376092f8167246a26214ab80a7cb6,Борода · варіант 06,персонажний реквізит,резерв,Борода · варіант 06. Габарити джерела: 0.26 × 0.22 × 0.15 м (ширина × висота × глибина). Цивільні каремати/ранці можливі після адаптації кольорів; не основа ландшафту.,Assets/PolygonBattleRoyale/Models/SM_Chr_Attach_Beard_06.fbx,300,404b5bdebfa92ffa372f0a3d11aa87f0ed7f1d5d7ec6ad2b14f677861a7b2115,
M0057,m_4631becc1c06884469acc8a4a697dd77,Борода · варіант 07,персонажний реквізит,резерв,Борода · варіант 07. Габарити джерела: 0.12 × 0.13 × 0.05 м (ширина × висота × глибина). Цивільні каремати/ранці можливі після адаптації кольорів; не основа ландшафту.,Assets/PolygonBattleRoyale/Models/SM_Chr_Attach_Beard_07.fbx,86,9b9d63110768e1e2174714837af3a8c334d1bb7145ea4c520d307cba24522283,
M0058,m_8044def7f2b040949ad328f8ac65e8f2,Скручений каремат · варіант 01,персонажний реквізит,резерв,Скручений каремат · варіант 01. Габарити джерела: 0.50 × 0.15 × 0.14 м (ширина × висота × глибина). Цивільні каремати/ранці можливі після адаптації кольорів; не основа ландшафту.,Assets/PolygonBattleRoyale/Models/SM_Chr_Attach_Bedroll_01.fbx,400,5fafe34be28f30d4eb80f4de3cb4cea67f0d06de194b722313d1be7a6ece92c2,
M0059,m_2fcf3878be85cb649a4e231cd64b01c2,Аксесуар персонажа · варіант 01,персонажний реквізит,резерв,Аксесуар персонажа · варіант 01. Габарити джерела: 0.34 × 0.25 × 0.23 м (ширина × висота × глибина). Цивільні каремати/ранці можливі після адаптації кольорів; не основа ландшафту.,Assets/PolygonBattleRoyale/Models/SM_Chr_Attach_Earmuffs_01.fbx,326,0850e1484bdc692c967495384bed65d7189806fbc0dea4d3544d642d7b2fe14e,
M0060,m_1eb961c9ebf78cd45b27d556a5964cb3,Шеврон · варіант 01,персонажний реквізит,резерв,Шеврон · варіант 01. Габарити джерела: 0.22 × 0.10 × 0.11 м (ширина × висота × глибина). Цивільні каремати/ранці можливі після адаптації кольорів; не основа ландшафту.,Assets/PolygonBattleRoyale/Models/SM_Chr_Attach_Eyepatch_01.fbx,58,34152dceb4606c7030f9b8a44ffc0494fe136f7c9644549118445255f1f14bba,
M0061,m_cf4b0448ec04ca5408786bf4f6cd0926,Маска · варіант 01,персонажний реквізит,резерв,Маска · варіант 01. Габарити джерела: 0.29 × 0.19 × 0.26 м (ширина × висота × глибина). Цивільні каремати/ранці можливі після адаптації кольорів; не основа ландшафту.,Assets/PolygonBattleRoyale/Models/SM_Chr_Attach_Facemask_01.fbx,78,fe5c5f75637e7e58b510d6b48c267012595c39a7125b4d590b3a00ddb6be01aa,
M0062,m_34ebfc6862179cd4db7827a5c8d86e76,Маска · варіант 02,персонажний реквізит,резерв,Маска · варіант 02. Габарити джерела: 0.29 × 0.22 × 0.27 м (ширина × висота × глибина). Цивільні каремати/ранці можливі після адаптації кольорів; не основа ландшафту.,Assets/PolygonBattleRoyale/Models/SM_Chr_Attach_Facemask_02.fbx,78,3a60f4c6f3ae97ab3928891b92b18aca6c2f84419c25a210cfd897b5138b905c,
M0063,m_a07899f1d5f18554e80e600b7301781b,Маска · варіант 03,персонажний реквізит,резерв,Маска · варіант 03. Габарити джерела: 0.29 × 0.19 × 0.26 м (ширина × висота × глибина). Цивільні каремати/ранці можливі після адаптації кольорів; не основа ландшафту.,Assets/PolygonBattleRoyale/Models/SM_Chr_Attach_Facemask_03.fbx,78,a87fa4cebf7dbb2ace86777b3e218d00fa2525bede7fe85774aa1ed730d0cd60,
M0064,m_46317a2bb8c9f2040a7e3baab4720a6f,Зачіска · варіант 01,персонажний реквізит,резерв,Зачіска · варіант 01. Габарити джерела: 0.26 × 0.35 × 0.27 м (ширина × висота × глибина). Цивільні каремати/ранці можливі після адаптації кольорів; не основа ландшафту.,Assets/PolygonBattleRoyale/Models/SM_Chr_Attach_Female_01.fbx,242,74a7ddf0eb54d586f94a07b4dd720457c81f5785f8d1ca462a4a4ae8bbcdf1b3,
M0065,m_4f13fb4a8bb13ba4882da650f22c91bb,Зачіска · варіант 02,персонажний реквізит,резерв,Зачіска · варіант 02. Габарити джерела: 0.36 × 0.34 × 0.31 м (ширина × висота × глибина). Цивільні каремати/ранці можливі після адаптації кольорів; не основа ландшафту.,Assets/PolygonBattleRoyale/Models/SM_Chr_Attach_Female_02.fbx,184,f8d8b4ff95afa1833d2317cc9f1b9d69d4317995b2805d57204bb76f31e43e78,
M0066,m_3f7f8a30312aff2499b31478228dac7c,Зачіска · варіант 01,персонажний реквізит,резерв,Зачіска · варіант 01. Габарити джерела: 0.26 × 0.32 × 0.27 м (ширина × висота × глибина). Цивільні каремати/ранці можливі після адаптації кольорів; не основа ландшафту.,Assets/PolygonBattleRoyale/Models/SM_Chr_Attach_Female_Default_Hair_01.fbx,204,8db3c30bc38f512bd37de835778a39cdb1411229dba75a8a8665e26870c7cbbd,
M0067,m_133222c51963f9045b5b5eb42f866d80,Зачіска · варіант 01,персонажний реквізит,резерв,Зачіска · варіант 01. Габарити джерела: 0.26 × 0.42 × 0.43 м (ширина × висота × глибина). Цивільні каремати/ранці можливі після адаптації кольорів; не основа ландшафту.,Assets/PolygonBattleRoyale/Models/SM_Chr_Attach_Female_Hair_01.fbx,314,be395eabc0480b61ac5f11922e32cee9218ef5da77a0af356359762418038287,
M0068,m_c10770891c6b7614b89f637e2e0aacbe,Зачіска · варіант 01,персонажний реквізит,резерв,Зачіска · варіант 01. Габарити джерела: 0.56 × 0.38 × 0.27 м (ширина × висота × глибина). Цивільні каремати/ранці можливі після адаптації кольорів; не основа ландшафту.,Assets/PolygonBattleRoyale/Models/SM_Chr_Attach_Female_Hair_Pigtails_01.fbx,524,a609cd5c0602db216060c68c00940a0d518504133ad2d0b651a8e1571b855590,
M0069,m_b2661c706fe5385429fea0535986fa75,Маска · варіант 01,персонажний реквізит,резерв,Маска · варіант 01. Габарити джерела: 0.32 × 0.37 × 0.39 м (ширина × висота × глибина). Цивільні каремати/ранці можливі після адаптації кольорів; не основа ландшафту.,Assets/PolygonBattleRoyale/Models/SM_Chr_Attach_GasMask_01.fbx,674,6b262b13f4ce984ee54135634eb362fd76fb9b67f57321412df9e1b00eda667e,
M0070,m_cdbdf703bdb42624e923c7e4c62c5ea8,Окуляри · варіант 01,персонажний реквізит,резерв,Окуляри · варіант 01. Габарити джерела: 0.24 × 0.07 × 0.18 м (ширина × висота × глибина). Цивільні каремати/ранці можливі після адаптації кольорів; не основа ландшафту.,Assets/PolygonBattleRoyale/Models/SM_Chr_Attach_Glasses_01.fbx,124,4ce2024a7cd3b7fca3fa160b8d67432249a62eaa832700b48b975ce54d5d1160,
M0071,m_d6fc6b2d1584f1d47b74587e7a1204f5,Головний убір · варіант 01,персонажний реквізит,резерв,Головний убір · варіант 01. Габарити джерела: 0.32 × 0.36 × 0.33 м (ширина × висота × глибина). Цивільні каремати/ранці можливі після адаптації кольорів; не основа ландшафту.,Assets/PolygonBattleRoyale/Models/SM_Chr_Attach_Hat_Bandana_01.fbx,324,38269462e128dba76de3241dc3aa51a9bd59fd5efbdceb12c424b29f3f9ee762,
M0072,m_406dc60223847384fb357f568ed7c9d4,Головний убір · варіант 01,персонажний реквізит,резерв,Головний убір · варіант 01. Габарити джерела: 0.31 × 0.21 × 0.31 м (ширина × висота × глибина). Цивільні каремати/ранці можливі після адаптації кольорів; не основа ландшафту.,Assets/PolygonBattleRoyale/Models/SM_Chr_Attach_Hat_Beanie_01.fbx,150,ad855a6817590aa431aae7f0bd3869e99341d85d2d5fc3900a1717c27afa492b,
M0073,m_21d22835c7dee9448894854b5ab4ba3e,Головний убір · варіант 01,персонажний реквізит,резерв,Головний убір · варіант 01. Габарити джерела: 0.46 × 0.42 × 0.43 м (ширина × висота × глибина). Цивільні каремати/ранці можливі після адаптації кольорів; не основа ландшафту.,Assets/PolygonBattleRoyale/Models/SM_Chr_Attach_Hat_Beer_01.fbx,1370,1d80d8a29390df409448091d89111e22fe22d7956f0c4b3ae06f5acd3b36df1d,
M0074,m_d3176bc2153ccb24b8585744a6267574,Головний убір · варіант 01,персонажний реквізит,резерв,Головний убір · варіант 01. Габарити джерела: 0.35 × 0.49 × 0.18 м (ширина × висота × глибина). Цивільні каремати/ранці можливі після адаптації кольорів; не основа ландшафту.,Assets/PolygonBattleRoyale/Models/SM_Chr_Attach_Hat_Bunny_01.fbx,240,bdb5ce2ff0e54c067794ec361d4bfdaf142bca4ba8cd8cc2e775ba5eadfca3b2,
M0075,m_6a41033f96ab78c4eb9c3b8c0fd56e3e,Головний убір · варіант 01,персонажний реквізит,резерв,Головний убір · варіант 01. Габарити джерела: 0.27 × 0.17 × 0.43 м (ширина × висота × глибина). Цивільні каремати/ранці можливі після адаптації кольорів; не основа ландшафту.,Assets/PolygonBattleRoyale/Models/SM_Chr_Attach_Hat_Cap_01.fbx,116,20d3844ccd5334cae251ee99e34c59cac17369a258a58b27d104be908625ed1d,
M0076,m_94c78e485402dc843a700e68d87737b8,Головний убір · варіант 01,персонажний реквізит,резерв,Головний убір · варіант 01. Габарити джерела: 0.35 × 0.24 × 0.40 м (ширина × висота × глибина). Цивільні каремати/ранці можливі після адаптації кольорів; не основа ландшафту.,Assets/PolygonBattleRoyale/Models/SM_Chr_Attach_Hat_Captian_01.fbx,196,40edb3a293a0fd8c24e5988f3e352111fecc8e9782840f394bebb8af8ed938dc,
M0077,m_593e2d822395bb7468fb257c72b344fe,Головний убір · варіант 01,персонажний реквізит,резерв,Головний убір · варіант 01. Габарити джерела: 0.49 × 0.29 × 0.46 м (ширина × висота × глибина). Цивільні каремати/ранці можливі після адаптації кольорів; не основа ландшафту.,Assets/PolygonBattleRoyale/Models/SM_Chr_Attach_Hat_Cowboy_01.fbx,100,42da1a2bab981a206d64620293629aa070b526915181a73b9394ae157bffb2a5,
M0078,m_297777aaa5dd5f040a99e3be88c304c7,Головний убір · варіант 01,персонажний реквізит,резерв,Головний убір · варіант 01. Габарити джерела: 0.36 × 0.37 × 0.38 м (ширина × висота × глибина). Цивільні каремати/ранці можливі після адаптації кольорів; не основа ландшафту.,Assets/PolygonBattleRoyale/Models/SM_Chr_Attach_Hat_Crown_01.fbx,630,35dd8ced2a4e077d3dd18538b03b051bc7daa243b1b16433ebb461ae92737f21,
M0079,m_0c59f781bb19d72449c27a86489a704f,Головний убір · варіант 01,персонажний реквізит,резерв,Головний убір · варіант 01. Габарити джерела: 0.41 × 0.35 × 0.42 м (ширина × висота × глибина). Цивільні каремати/ранці можливі після адаптації кольорів; не основа ландшафту.,Assets/PolygonBattleRoyale/Models/SM_Chr_Attach_Hat_Cupcake_01.fbx,378,265089078c63014bbf6a817216c6db404f2467fcc5d109859db3446492f1633f,
M0080,m_337fc3a9230648e49930044a2eea2a08,Головний убір · варіант 01,персонажний реквізит,резерв,Головний убір · варіант 01. Габарити джерела: 0.39 × 0.36 × 0.34 м (ширина × висота × глибина). Цивільні каремати/ранці можливі після адаптації кольорів; не основа ландшафту.,Assets/PolygonBattleRoyale/Models/SM_Chr_Attach_Hat_Elf_01.fbx,385,851129c29583232593a40a0ed80f45e7a85b4558b16000421f5101994fadf7b8,
M0081,m_ec219c82a1045af4ba306f80339f64e4,Головний убір · варіант 01,персонажний реквізит,резерв,Головний убір · варіант 01. Габарити джерела: 0.17 × 0.16 × 0.17 м (ширина × висота × глибина). Цивільні каремати/ранці можливі після адаптації кольорів; не основа ландшафту.,Assets/PolygonBattleRoyale/Models/SM_Chr_Attach_Hat_Fez_01.fbx,84,f8604ed8232812ffe683255d6d9ea4763fd8bd506c52cea3780c9fea458184df,
M0082,m_4db587b31adf33a43b6f9b7cb4f6f00d,Головний убір · варіант 01,персонажний реквізит,резерв,Головний убір · варіант 01. Габарити джерела: 0.39 × 0.19 × 0.38 м (ширина × висота × глибина). Цивільні каремати/ранці можливі після адаптації кольорів; не основа ландшафту.,Assets/PolygonBattleRoyale/Models/SM_Chr_Attach_Hat_FlatTop_01.fbx,138,f86352b780a80896f55be69ef96a16ef5e1fce0f46efeb59acba621f0e3182f6,
M0083,m_d7fb5d0e84d68b04ab161d395ed967f2,Головний убір · варіант 01,персонажний реквізит,резерв,Головний убір · варіант 01. Габарити джерела: 0.31 × 0.35 × 0.37 м (ширина × висота × глибина). Цивільні каремати/ранці можливі після адаптації кольорів; не основа ландшафту.,Assets/PolygonBattleRoyale/Models/SM_Chr_Attach_Hat_Football_01.fbx,868,e9596efaad99c9cce3ea8ff7fc0bf6ea615bc5238f060e4880a9546dc42f6844,
M0084,m_3bc97bda0e16bee4992b75cb0b2a1637,Головний убір · варіант 01,персонажний реквізит,резерв,Головний убір · варіант 01. Габарити джерела: 0.32 × 0.60 × 0.32 м (ширина × висота × глибина). Цивільні каремати/ранці можливі після адаптації кольорів; не основа ландшафту.,Assets/PolygonBattleRoyale/Models/SM_Chr_Attach_Hat_IceCream_01.fbx,286,6c6b0375a25d44cafef1be18fb6d040eac1a3f72e4d1c4ec8b5b6449d64546f0,
M0085,m_25520fa1a47af9640a7181c96c16526b,Головний убір · варіант 01,персонажний реквізит,резерв,Головний убір · варіант 01. Габарити джерела: 0.43 × 0.38 × 0.48 м (ширина × висота × глибина). Цивільні каремати/ранці можливі після адаптації кольорів; не основа ландшафту.,Assets/PolygonBattleRoyale/Models/SM_Chr_Attach_Hat_Irish_01.fbx,148,8bc75fc79f61ba38d994b19765c8b192b1df1c47d5baaad86b381f11949b8026,
M0086,m_fe2097a8ccd47e9438f81fbd04329506,Головний убір · варіант 01,персонажний реквізит,резерв,Головний убір · варіант 01. Габарити джерела: 0.29 × 0.54 × 0.54 м (ширина × висота × глибина). Цивільні каремати/ранці можливі після адаптації кольорів; не основа ландшафту.,Assets/PolygonBattleRoyale/Models/SM_Chr_Attach_Hat_Knight_01.fbx,524,90adbbf9bbc2fef56e9a6984e2ba836141667e9844062b246620253ef9f4e8b0,
M0087,m_22e5ac2c39f6b744d8be248df4f77c0b,Головний убір · варіант 01,персонажний реквізит,резерв,Головний убір · варіант 01. Габарити джерела: 0.61 × 0.28 × 0.58 м (ширина × висота × глибина). Цивільні каремати/ранці можливі після адаптації кольорів; не основа ландшафту.,Assets/PolygonBattleRoyale/Models/SM_Chr_Attach_Hat_Mexican_01.fbx,222,8aebf13d0e54406f540cb5060f542cac93d3f08e769dcb2a31bf8bcebf96bb49,
M0088,m_9c2cda8ea60423448a3f86a1e94bc82a,Головний убір · варіант 01,персонажний реквізит,резерв,Головний убір · варіант 01. Габарити джерела: 0.28 × 0.17 × 0.38 м (ширина × висота × глибина). Цивільні каремати/ранці можливі після адаптації кольорів; не основа ландшафту.,Assets/PolygonBattleRoyale/Models/SM_Chr_Attach_Hat_Mil_01.fbx,104,fe22a2e89a7e8d24c33e113190058ba1db8498b191d0e1d12b2f3f17a4c1b8f0,
M0089,m_647e16b6c1fd043408356f1e65ec0cc0,Головний убір · варіант 01,персонажний реквізит,резерв,Головний убір · варіант 01. Габарити джерела: 0.13 × 0.22 × 0.13 м (ширина × висота × глибина). Цивільні каремати/ранці можливі після адаптації кольорів; не основа ландшафту.,Assets/PolygonBattleRoyale/Models/SM_Chr_Attach_Hat_Party_01.fbx,144,3466ad9d79baa4467edff175fa87b3bfd31121fffb224a53acf272475ba1ea9f,
M0090,m_069663e548609ba44b8cdc865d992edc,Головний убір · варіант 01,персонажний реквізит,резерв,Головний убір · варіант 01. Габарити джерела: 0.52 × 0.30 × 0.46 м (ширина × висота × глибина). Цивільні каремати/ранці можливі після адаптації кольорів; не основа ландшафту.,Assets/PolygonBattleRoyale/Models/SM_Chr_Attach_Hat_Pot_01.fbx,154,570c9772fe4363eb362d2953918244fc6dc37f7a5fde9e8ad8584385c75017ad,
M0091,m_4d27f21e52f1e4740a34d897021853ac,Головний убір · варіант 01,персонажний реквізит,резерв,Головний убір · варіант 01. Габарити джерела: 0.37 × 0.39 × 0.34 м (ширина × висота × глибина). Цивільні каремати/ранці можливі після адаптації кольорів; не основа ландшафту.,Assets/PolygonBattleRoyale/Models/SM_Chr_Attach_Hat_Racoon_01.fbx,204,282a1b7dad762bb370a4c70d6e8eeff8d272db32921b1979c12f0672c2e7cdab,
M0092,m_12c46932a9bc07247b19ce81dd7f331d,Модуль дороги або тротуару · варіант 01,персонажний реквізит,резерв,Модуль дороги або тротуару · варіант 01. Габарити джерела: 0.52 × 0.57 × 0.48 м (ширина × висота × глибина). Цивільні каремати/ранці можливі після адаптації кольорів; не основа ландшафту.,Assets/PolygonBattleRoyale/Models/SM_Chr_Attach_Hat_Roadcone_01.fbx,80,da83f3d1bd414c1b5700a38bb72fc05ce32708b9bb0ff89b8ca258e7d6a659d4,
M0093,m_500e69b6dd161754caa345468d4df35f,Головний убір · варіант 01,персонажний реквізит,резерв,Головний убір · варіант 01. Габарити джерела: 0.35 × 0.55 × 0.45 м (ширина × висота × глибина). Цивільні каремати/ранці можливі після адаптації кольорів; не основа ландшафту.,Assets/PolygonBattleRoyale/Models/SM_Chr_Attach_Hat_Roman_01.fbx,480,a193ab2aa52ad14a66bde1b29a23a623c9abe24db83bb86b885875ab0e449557,
M0094,m_9e3c6ae111488d841946fbb5cd6ff2bf,Головний убір · варіант 01,персонажний реквізит,резерв,Головний убір · варіант 01. Габарити джерела: 0.54 × 0.39 × 0.47 м (ширина × висота × глибина). Цивільні каремати/ранці можливі після адаптації кольорів; не основа ландшафту.,Assets/PolygonBattleRoyale/Models/SM_Chr_Attach_Hat_Samurai_01.fbx,336,d346f1ac08ae6d0a63dc938bf066aaa88b4d8be9c0fee8efe4ac6a7e92bd200d,
M0095,m_72c3065ddef31f346b01516f7490d6ea,Головний убір · варіант 01,персонажний реквізит,резерв,Головний убір · варіант 01. Габарити джерела: 0.36 × 0.44 × 0.46 м (ширина × висота × глибина). Цивільні каремати/ранці можливі після адаптації кольорів; не основа ландшафту.,Assets/PolygonBattleRoyale/Models/SM_Chr_Attach_Hat_Shark_01.fbx,382,696e4dd36ed1aceec50326ce348a72cbd0d3a492002fcf8e4f1de0e31830aa47,
M0096,m_9c653cb21a833f44ead8d0a6285abe4c,Головний убір · варіант 01,персонажний реквізит,резерв,Головний убір · варіант 01. Габарити джерела: 0.32 × 0.50 × 0.34 м (ширина × висота × глибина). Цивільні каремати/ранці можливі після адаптації кольорів; не основа ландшафту.,Assets/PolygonBattleRoyale/Models/SM_Chr_Attach_Hat_Squid_01.fbx,352,610990ddc7b00a9c7da03ef529666bdaf5fe9ec1f199581aed8d896977a7645e,
M0097,m_9791e0bc787af4246930451ad26fdc37,Головний убір · варіант 01,персонажний реквізит,резерв,Головний убір · варіант 01. Габарити джерела: 0.34 × 0.34 × 0.34 м (ширина × висота × глибина). Цивільні каремати/ранці можливі після адаптації кольорів; не основа ландшафту.,Assets/PolygonBattleRoyale/Models/SM_Chr_Attach_Hat_Tacticle_01.fbx,580,c5b4dc513c7845278e0add703596d998a4388045b44a171760b12403ac314eed,
M0098,m_a7aae20fea6d5d74e9a98666320f6d30,Головний убір · варіант 01,персонажний реквізит,резерв,Головний убір · варіант 01. Габарити джерела: 0.36 × 0.21 × 0.36 м (ширина × висота × глибина). Цивільні каремати/ранці можливі після адаптації кольорів; не основа ландшафту.,Assets/PolygonBattleRoyale/Models/SM_Chr_Attach_Hat_Turban_01.fbx,114,6e459fc779fd0a021924a6d7283bf9ab079bf323b338a6dacfc82da0b7e91bce,
M0099,m_9dcd4d3f1bfbcce4dbc16741ad5e5879,Головний убір · варіант 01,персонажний реквізит,резерв,Головний убір · варіант 01. Габарити джерела: 0.32 × 0.38 × 0.39 м (ширина × висота × глибина). Цивільні каремати/ранці можливі після адаптації кольорів; не основа ландшафту.,Assets/PolygonBattleRoyale/Models/SM_Chr_Attach_Hat_Unicorn_01.fbx,408,19f9da26606078e333d60591abcd2923e7b490bd488b5542b6510c3834c8f48a,
M0100,m_9c95e0f59272e9440a22ceb09dc982a3,Зачіска · варіант 01,персонажний реквізит,резерв,Зачіска · варіант 01. Габарити джерела: 0.25 × 0.23 × 0.25 м (ширина × висота × глибина). Цивільні каремати/ранці можливі після адаптації кольорів; не основа ландшафту.,Assets/PolygonBattleRoyale/Models/SM_Chr_Attach_Male_Default_Hair_01.fbx,154,af83464681bfd0d73617b9ae72337e325a506b2091c34d0813829ee79d167177,
M0101,m_2728dc2ef47c15046a790f0beb621bf4,Зачіска · варіант 01,персонажний реквізит,резерв,Зачіска · варіант 01. Габарити джерела: 0.30 × 0.24 × 0.29 м (ширина × висота × глибина). Цивільні каремати/ранці можливі після адаптації кольорів; не основа ландшафту.,Assets/PolygonBattleRoyale/Models/SM_Chr_Attach_Male_Hair_01.fbx,177,1d55c6b9dfeb872f0dbb6e634c5f95ed505da0483091e50131e1fb332b240b2e,
M0102,m_ff50aaf0c2c8dc74bb090fb2c5fd1bcd,Зачіска · варіант 02,персонажний реквізит,резерв,Зачіска · варіант 02. Габарити джерела: 0.28 × 0.24 × 0.29 м (ширина × висота × глибина). Цивільні каремати/ранці можливі після адаптації кольорів; не основа ландшафту.,Assets/PolygonBattleRoyale/Models/SM_Chr_Attach_Male_Hair_02.fbx,118,ad8d51ee06e646d8527110d9fb3553b8c720720ba3e74a21dc17225695f62f1e,
M0103,m_94224a98d86530d4eb38b51c723d4bdd,Зачіска · варіант 03,персонажний реквізит,резерв,Зачіска · варіант 03. Габарити джерела: 0.29 × 0.31 × 0.29 м (ширина × висота × глибина). Цивільні каремати/ранці можливі після адаптації кольорів; не основа ландшафту.,Assets/PolygonBattleRoyale/Models/SM_Chr_Attach_Male_Hair_03.fbx,292,9eda375bb2ff3cebfdb47f40104882a9a9859f622c6f104328bb514f47c179e9,
M0104,m_59ec8bfc713213447bbf469d6c88c610,Зачіска · варіант 04,персонажний реквізит,резерв,Зачіска · варіант 04. Габарити джерела: 0.49 × 0.49 × 0.46 м (ширина × висота × глибина). Цивільні каремати/ранці можливі після адаптації кольорів; не основа ландшафту.,Assets/PolygonBattleRoyale/Models/SM_Chr_Attach_Male_Hair_04.fbx,238,3890ac0702939f044a074a0872393bd2ee5a2a1908d8879e19623098693a02b2,
M0105,m_1f7e88c37ca280d4fb642e6d5ee5b30a,Зачіска · варіант 05,персонажний реквізит,резерв,Зачіска · варіант 05. Габарити джерела: 0.20 × 0.27 × 0.42 м (ширина × висота × глибина). Цивільні каремати/ранці можливі після адаптації кольорів; не основа ландшафту.,Assets/PolygonBattleRoyale/Models/SM_Chr_Attach_Male_Hair_05.fbx,338,c1c2293779d8f767c10851935e912865b33998b534e90a4ab7d0c5e46a3030cd,
M0106,m_a45581dac9142b4409d44ceb6560fa63,Зачіска · варіант 06,персонажний реквізит,резерв,Зачіска · варіант 06. Габарити джерела: 0.31 × 0.24 × 0.32 м (ширина × висота × глибина). Цивільні каремати/ранці можливі після адаптації кольорів; не основа ландшафту.,Assets/PolygonBattleRoyale/Models/SM_Chr_Attach_Male_Hair_06.fbx,158,53331c9fee8a09b2288600bd450c8273d7668174f0a1a8e2ecd058e1f3a7e189,
M0107,m_f72a01a9316259f44b297e4febf273a0,Зачіска · варіант 07,персонажний реквізит,резерв,Зачіска · варіант 07. Габарити джерела: 0.11 × 0.33 × 0.32 м (ширина × висота × глибина). Цивільні каремати/ранці можливі після адаптації кольорів; не основа ландшафту.,Assets/PolygonBattleRoyale/Models/SM_Chr_Attach_Male_Hair_07.fbx,62,3c5c9e4b42b85e1a3c6f62483c1732b05a7d8a994976a18481c0bcd3c71ece79,
M0108,m_946c1a3faae42bb4fb0bd47ce9452157,Тактична кишеня · варіант 01,персонажний реквізит,резерв,Тактична кишеня · варіант 01. Габарити джерела: 0.08 × 0.19 × 0.07 м (ширина × висота × глибина). Цивільні каремати/ранці можливі після адаптації кольорів; не основа ландшафту.,Assets/PolygonBattleRoyale/Models/SM_Chr_Attach_Pouch_01.fbx,274,d314d5189782a58cc0a49997b5385b41de47fb351f98dba39637d1e500f7e6f1,
M0109,m_fecffd4ed95d4f2419dd0414399c2a3b,Тактична кишеня · варіант 02,персонажний реквізит,резерв,Тактична кишеня · варіант 02. Габарити джерела: 0.14 × 0.19 × 0.07 м (ширина × висота × глибина). Цивільні каремати/ранці можливі після адаптації кольорів; не основа ландшафту.,Assets/PolygonBattleRoyale/Models/SM_Chr_Attach_Pouch_02.fbx,318,5730c95eb35700eb577ef22fb00bca36e3e55e3a799ea8880f89fb199c00fe48,
M0110,m_bf662ddb51a2bed4d94e05bf3081228e,Тактична кишеня · варіант 03,персонажний реквізит,резерв,Тактична кишеня · варіант 03. Габарити джерела: 0.14 × 0.14 × 0.07 м (ширина × висота × глибина). Цивільні каремати/ранці можливі після адаптації кольорів; не основа ландшафту.,Assets/PolygonBattleRoyale/Models/SM_Chr_Attach_Pouch_03.fbx,326,1eab0e95ab03d84631c0455e47591c80da6a7efe20af25c3e673333515fafe93,
M0111,m_ad0597e498d01654990b8bcd975bde39,Тактична кишеня · варіант 04,персонажний реквізит,резерв,Тактична кишеня · варіант 04. Габарити джерела: 0.06 × 0.11 × 0.06 м (ширина × висота × глибина). Цивільні каремати/ранці можливі після адаптації кольорів; не основа ландшафту.,Assets/PolygonBattleRoyale/Models/SM_Chr_Attach_Pouch_04.fbx,326,d4bd29bdefcacdb529956b4196910c99a71c652eb777a29df1b0e61f6d8196ea,
M0112,m_a561e650231d22f45aa6c0f53d595330,Тактична кишеня · варіант 05,персонажний реквізит,резерв,Тактична кишеня · варіант 05. Габарити джерела: 0.11 × 0.22 × 0.06 м (ширина × висота × глибина). Цивільні каремати/ранці можливі після адаптації кольорів; не основа ландшафту.,Assets/PolygonBattleRoyale/Models/SM_Chr_Attach_Pouch_05.fbx,206,ea0c652eb38c870a7f2bbf3a569d718d0b3615ffb5c10d69e9291e9a2c0295a0,
M0113,m_b78e1c48ad540654587c4ccd925308f7,Тактична кишеня · варіант 06,персонажний реквізит,резерв,Тактична кишеня · варіант 06. Габарити джерела: 0.11 × 0.25 × 0.08 м (ширина × висота × глибина). Цивільні каремати/ранці можливі після адаптації кольорів; не основа ландшафту.,Assets/PolygonBattleRoyale/Models/SM_Chr_Attach_Pouch_06.fbx,254,2bb321ca3a5f144e2acafd1920d59389c32af5520fdf9b5d3b2e8cf36d040a9b,
M0114,m_e0e89e81ac7dbb94a94521447908041d,Тактична кишеня · варіант 07,персонажний реквізит,резерв,Тактична кишеня · варіант 07. Габарити джерела: 0.31 × 0.21 × 0.15 м (ширина × висота × глибина). Цивільні каремати/ранці можливі після адаптації кольорів; не основа ландшафту.,Assets/PolygonBattleRoyale/Models/SM_Chr_Attach_Pouch_07.fbx,646,fd5065368095572ca5d4d11c84fed00d27c611346863de7bd0bf398b281ff3c4,
M0115,m_da683dfbfcc610d4485fcf35eeb52756,Тактична кишеня · варіант 08,персонажний реквізит,резерв,Тактична кишеня · варіант 08. Габарити джерела: 0.11 × 0.26 × 0.08 м (ширина × висота × глибина). Цивільні каремати/ранці можливі після адаптації кольорів; не основа ландшафту.,Assets/PolygonBattleRoyale/Models/SM_Chr_Attach_Pouch_08.fbx,240,c18eed895881b8a233aa0a695e483039db35db8516ec7de6e77de92ff61db62c,
M0116,m_82821dc427faa0542bc52cc9fa97e5f0,Шарф · варіант 01,персонажний реквізит,резерв,Шарф · варіант 01. Габарити джерела: 0.34 × 0.19 × 0.26 м (ширина × висота × глибина). Цивільні каремати/ранці можливі після адаптації кольорів; не основа ландшафту.,Assets/PolygonBattleRoyale/Models/SM_Chr_Attach_Scarf_01.fbx,80,adea08c93fb48a6c43b698eefe4fd75f48f773fdf6bc519f96178af62b118266,
M0117,m_4b3ab7a5c71cb33449fd4602a177fb73,Шарф · варіант 02,персонажний реквізит,резерв,Шарф · варіант 02. Габарити джерела: 0.34 × 0.30 × 0.30 м (ширина × висота × глибина). Цивільні каремати/ранці можливі після адаптації кольорів; не основа ландшафту.,Assets/PolygonBattleRoyale/Models/SM_Chr_Attach_Scarf_02.fbx,136,b5053317bd2437f06efa931a82ce8dcdc9f4fa69497d82480e8f6f48faccbf2c,
M0118,m_1811907655e334d4e98716b81a2824e9,Шеврон · варіант 01,персонажний реквізит,резерв,Шеврон · варіант 01. Габарити джерела: 0.15 × 0.09 × 0.02 м (ширина × висота × глибина). Цивільні каремати/ранці можливі після адаптації кольорів; не основа ландшафту.,Assets/PolygonBattleRoyale/Models/SM_Chr_Patch_Flag_01.fbx,22,c8fe9175dd00462ba1f21cf5955df66593aae4c23aa9a1865b85c17d6583ad0b,
M0119,m_a4368afc94fb3a048b5b95c820ed6c8a,Шеврон · варіант 01,персонажний реквізит,резерв,Шеврон · варіант 01. Габарити джерела: 0.11 × 0.09 × 0.02 м (ширина × висота × глибина). Цивільні каремати/ранці можливі після адаптації кольорів; не основа ландшафту.,Assets/PolygonBattleRoyale/Models/SM_Chr_Patch_Leaf_01.fbx,22,2128bc21ae5a970ebd26815af1e14029452a5204c90d6eb0af18f5881003625a,
M0120,m_a1a5465a0a2a0244aae40aa7e8b9a184,Шеврон · варіант 01,персонажний реквізит,резерв,Шеврон · варіант 01. Габарити джерела: 0.12 × 0.14 × 0.02 м (ширина × висота × глибина). Цивільні каремати/ранці можливі після адаптації кольорів; не основа ландшафту.,Assets/PolygonBattleRoyale/Models/SM_Chr_Patch_Medic_01.fbx,48,0ffe8aebe5542f4c0b2a6b6634bc561e3414a272aac461f9bbdaa188acbe2298,
M0121,m_a220382767cf94a4caeb12538e106bf2,Шеврон · варіант 02,персонажний реквізит,резерв,Шеврон · варіант 02. Габарити джерела: 0.12 × 0.10 × 0.02 м (ширина × висота × глибина). Цивільні каремати/ранці можливі після адаптації кольорів; не основа ландшафту.,Assets/PolygonBattleRoyale/Models/SM_Chr_Patch_Medic_02.fbx,22,ed55911de5379820858c9431261de0857560f162a70ae312d9d824164b92a8b8,
M0122,m_d976bf13649db974fae58e13c6b54ee9,Шеврон · варіант 01,персонажний реквізит,резерв,Шеврон · варіант 01. Габарити джерела: 0.13 × 0.05 × 0.02 м (ширина × висота × глибина). Цивільні каремати/ранці можливі після адаптації кольорів; не основа ландшафту.,Assets/PolygonBattleRoyale/Models/SM_Chr_Patch_Rank_01.fbx,62,8e49d4d3794156840570bcd233c730bc529341d46f9b96dddcf643fb2c48a29e,
M0123,m_79b2fcac207245c4297dd0ca0a381e79,Шеврон · варіант 02,персонажний реквізит,резерв,Шеврон · варіант 02. Габарити джерела: 0.13 × 0.08 × 0.02 м (ширина × висота × глибина). Цивільні каремати/ранці можливі після адаптації кольорів; не основа ландшафту.,Assets/PolygonBattleRoyale/Models/SM_Chr_Patch_Rank_02.fbx,62,433ed18e06fc760dd0ab4401a8503f76e73a6b56e3429f04d04103e8258e1a08,
M0124,m_46d6cabb5d4f5f94ea3fee38873b8d84,Шеврон · варіант 03,персонажний реквізит,резерв,Шеврон · варіант 03. Габарити джерела: 0.13 × 0.10 × 0.02 м (ширина × висота × глибина). Цивільні каремати/ранці можливі після адаптації кольорів; не основа ландшафту.,Assets/PolygonBattleRoyale/Models/SM_Chr_Patch_Rank_03.fbx,62,6d6797f41fa1ac9dc445f10eb3bdccff3ab696e8bd94f7eaabdc0066e4ecb540,
M0125,m_61676258fcad34c4d9583a20d74d8397,Шеврон · варіант 01,персонажний реквізит,резерв,Шеврон · варіант 01. Габарити джерела: 0.12 × 0.14 × 0.02 м (ширина × висота × глибина). Цивільні каремати/ранці можливі після адаптації кольорів; не основа ландшафту.,Assets/PolygonBattleRoyale/Models/SM_Chr_Patch_Star_01.fbx,48,e7a40889585a2177e0e25d7f64e4a1550e68249e4b63ad047369c3a60a418d50,
M0126,m_f2b40a88b2ac4474b9cc562974e78db6,Шеврон · варіант 02,персонажний реквізит,резерв,Шеврон · варіант 02. Габарити джерела: 0.12 × 0.14 × 0.02 м (ширина × висота × глибина). Цивільні каремати/ранці можливі після адаптації кольорів; не основа ландшафту.,Assets/PolygonBattleRoyale/Models/SM_Chr_Patch_Star_02.fbx,48,6844c091982ad78c3e554c014a50b5886983c6c38746881a0216cb971a3a610f,
M0127,m_8a01f76951beee8439c85fa02b861a90,Піщаний берег · варіант 01,природа,кандидат,"Піщаний берег · варіант 01. Габарити джерела: 32.57 × 3.21 × 32.34 м (ширина × висота × глибина). Природний край, тло або малий акцент. Зберегти відкритий центр і прохід до галявини.",Assets/PolygonBattleRoyale/Models/SM_Env_Beach_01.fbx,569,db80cbecce371944b57d83ac4c837845deb4530186db8f9b31987ba7ec9eb31b,
M0128,m_5d621615d28289740b6faf8741dd275c,Піщаний берег · варіант 01,природа,кандидат,"Піщаний берег · варіант 01. Габарити джерела: 37.11 × 3.21 × 18.13 м (ширина × висота × глибина). Природний край, тло або малий акцент. Зберегти відкритий центр і прохід до галявини.",Assets/PolygonBattleRoyale/Models/SM_Env_Beach_Staight_01.fbx,369,7e35098a0f7c726cf6e177e691afa761d433713ed063f2e414c3cfc29659e4bf,
M0129,m_82965ee4d06b25c469820e00177b2903,Піщаний берег · варіант 02,природа,кандидат,"Піщаний берег · варіант 02. Габарити джерела: 44.14 × 3.21 × 18.47 м (ширина × висота × глибина). Природний край, тло або малий акцент. Зберегти відкритий центр і прохід до галявини.",Assets/PolygonBattleRoyale/Models/SM_Env_Beach_Staight_02.fbx,368,dd57236745e792c66b6158f95a14938ba765b3e1a9e5bb8a5cb83e50aed72b8a,
M0130,m_cfe04afaedf707442a06c4bd60e63d59,Міст · варіант 01,побут / туризм,кандидат,Міст · варіант 01. Габарити джерела: 0.11 × 0.03 × 0.05 м (ширина × висота × глибина). Один-два побутові акценти біля краю галявини; огорожі/настили мають власника й реальний підхід.,Assets/PolygonBattleRoyale/Models/SM_Env_Bridge_01.fbx,722,41c2c4720e20f75b4073dc81a46e27760410ded5ab8c90e26fb4559de2d6b9ea,
M0131,m_26c89bdcc7f97d548abd992f623c96a7,Міст · варіант 02,побут / туризм,кандидат,Міст · варіант 02. Габарити джерела: 11.00 × 2.79 × 5.00 м (ширина × висота × глибина). Один-два побутові акценти біля краю галявини; огорожі/настили мають власника й реальний підхід.,Assets/PolygonBattleRoyale/Models/SM_Env_Bridge_02.fbx,734,b54c140df5df5886682a9ee8100fe3f04036780e391b82a488746f1056b74d28,
M0132,m_d745b13401dd943438b4a3964e339171,Міст · варіант 01,побут / туризм,кандидат,Міст · варіант 01. Габарити джерела: 11.00 × 2.88 × 3.97 м (ширина × висота × глибина). Один-два побутові акценти біля краю галявини; огорожі/настили мають власника й реальний підхід.,Assets/PolygonBattleRoyale/Models/SM_Env_Bridge_Broken_01.fbx,796,c85e664282166f7858a5fb2476b675e4c1dec679a4c4d03ceec6284ada83aef0,
M0133,m_e5264b893aca21f46814e1c8c687b8ce,Міст · варіант 01,побут / туризм,кандидат,Міст · варіант 01. Габарити джерела: 11.36 × 7.90 × 3.35 м (ширина × висота × глибина). Один-два побутові акценти біля краю галявини; огорожі/настили мають власника й реальний підхід.,Assets/PolygonBattleRoyale/Models/SM_Env_Bridge_Support_01.fbx,172,937704f258a3e1f67c591c4d7f07980fe997f3e3da989d90e42909b87325fd1e,
M0134,m_1fae48495be93f44a956df845a775656,Кущ · варіант 01,природа,кандидат,"Кущ · варіант 01. Габарити джерела: 1.62 × 1.46 × 1.57 м (ширина × висота × глибина). Природний край, тло або малий акцент. Зберегти відкритий центр і прохід до галявини.",Assets/PolygonBattleRoyale/Models/SM_Env_Bush_01.fbx,294,b64167e3ee949320245462d546748e96068446b544b663d3752230a8e0de0c09,
M0135,m_bc207702110a19249a5268637c89c597,Кущ · варіант 02,природа,кандидат,"Кущ · варіант 02. Габарити джерела: 1.23 × 1.56 × 1.08 м (ширина × висота × глибина). Природний край, тло або малий акцент. Зберегти відкритий центр і прохід до галявини.",Assets/PolygonBattleRoyale/Models/SM_Env_Bush_02.fbx,200,a5ec4504e5f8173b290d9391d48bb346fc68669aec653ed26daeb3b1874f3ac6,
M0136,m_04bbdaa8bfe69504ea83e5ea21471860,Кущ · варіант 03,природа,кандидат,"Кущ · варіант 03. Габарити джерела: 1.34 × 1.49 × 1.37 м (ширина × висота × глибина). Природний край, тло або малий акцент. Зберегти відкритий центр і прохід до галявини.",Assets/PolygonBattleRoyale/Models/SM_Env_Bush_03.fbx,100,0600b2dd615ba2e6318813bfc65d43a6bcc1091146f057bbfb0f78e39eccf718,
M0137,m_3743645f000788c469dd53eef871faa7,Кущ · варіант 04,природа,кандидат,"Кущ · варіант 04. Габарити джерела: 1.49 × 0.90 × 1.49 м (ширина × висота × глибина). Природний край, тло або малий акцент. Зберегти відкритий центр і прохід до галявини.",Assets/PolygonBattleRoyale/Models/SM_Env_Bush_04.fbx,234,2b2a638fff8608ccba3c71bcfb776ed9355bf23aa26f3da23e8f5f5696db068c,
M0138,m_9cf516fcfe75b57419dd3d2cc6ca4b16,Бетонний будівельний модуль · варіант 01,додатковий реквізит,резерв,Бетонний будівельний модуль · варіант 01. Габарити джерела: 5.00 × 0.07 × 5.00 м (ширина × висота × глибина). Зберегти для окремого контексту після затвердження основних 12 композицій.,Assets/PolygonBattleRoyale/Models/SM_Env_Concrete_Base_01.fbx,228,237baf2d1b67b9722c523bf10270efe6a67912559c100d82c46faa6eb342e3b2,
M0139,m_20c1daff182f6a046a31cda86113a34d,Ґрунтова колія · варіант 01,додатковий реквізит,резерв,Ґрунтова колія · варіант 01. Габарити джерела: 21.58 × 1.62 × 35.87 м (ширина × висота × глибина). Зберегти для окремого контексту після затвердження основних 12 композицій.,Assets/PolygonBattleRoyale/Models/SM_Env_DirtRoad_End_01.fbx,318,74818dc774d3dff15b5f9a88263abf76f1415a0a9284c2f8ba37c886a1c25a68,
M0140,m_7385ddfc375da8d4183aef6a4b052c4f,Ґрунтова колія · варіант 01,додатковий реквізит,резерв,Ґрунтова колія · варіант 01. Габарити джерела: 18.10 × 1.77 × 51.89 м (ширина × висота × глибина). Зберегти для окремого контексту після затвердження основних 12 композицій.,Assets/PolygonBattleRoyale/Models/SM_Env_DirtRoad_Straight_01.fbx,407,1da56073f11004bc7a1a47e88aead3b1e7a10a0ba2c075b3a19cd4a180354556,
M0141,m_63e678f1eb5f48b43a49a863d6dc905d,Дерев’яний настил або його деталь · варіант 01,побут / туризм,кандидат,Дерев’яний настил або його деталь · варіант 01. Габарити джерела: 3.37 × 0.28 × 5.12 м (ширина × висота × глибина). Один-два побутові акценти біля краю галявини; огорожі/настили мають власника й реальний підхід.,Assets/PolygonBattleRoyale/Models/SM_Env_Dock_01.fbx,928,0b362368794b75517bf94bb37d13aba5adfebc8d0db4c6e0689fdbba6c8ad1ba,
M0142,m_e8b485f430728ae4294efc40544d66e4,Дерев’яний настил або його деталь · варіант 01,побут / туризм,кандидат,Дерев’яний настил або його деталь · варіант 01. Габарити джерела: 4.05 × 4.06 × 0.74 м (ширина × висота × глибина). Один-два побутові акценти біля краю галявини; огорожі/настили мають власника й реальний підхід.,Assets/PolygonBattleRoyale/Models/SM_Env_Dock_Poles_01.fbx,504,9d07e5f989bc7f44a7e89057c6eb631d0656114ebdafa110bf55d562375f6571,
M0143,m_9dd83bf60f6cbd44688da0e8dc7ea2ea,Трав’яні пучки · варіант 01,природа,кандидат,"Трав’яні пучки · варіант 01. Габарити джерела: 19.25 × 0.52 × 20.74 м (ширина × висота × глибина). Природний край, тло або малий акцент. Зберегти відкритий центр і прохід до галявини.",Assets/PolygonBattleRoyale/Models/SM_Env_Grass_Circle_01.fbx,439,ac7479d31d98d8f983fea50289f18ef63976f0e5e0a83c1de137928a4fb9d380,
M0144,m_3b3ff3a247167ab479e01d4cff496979,Трав’яні пучки · варіант 02,природа,кандидат,"Трав’яні пучки · варіант 02. Габарити джерела: 9.34 × 0.26 × 9.59 м (ширина × висота × глибина). Природний край, тло або малий акцент. Зберегти відкритий центр і прохід до галявини.",Assets/PolygonBattleRoyale/Models/SM_Env_Grass_Circle_02.fbx,200,9029cf73f5fb8a92c38ca717b58a31b7dd1beb8a7bee9dc9d8da6d8b12e09a4f,
M0145,m_e330da6f6bba5a64697a4388734c932e,Трав’яні пучки · варіант 01,природа,кандидат,"Трав’яні пучки · варіант 01. Габарити джерела: 20.74 × 0.52 × 19.23 м (ширина × висота × глибина). Природний край, тло або малий акцент. Зберегти відкритий центр і прохід до галявини.",Assets/PolygonBattleRoyale/Models/SM_Env_Grass_Square_01.fbx,555,4226602a708f96b409b1619a38f1af45e4133d34a7072014bdddb3b6779399a4,
M0146,m_c717a32e320fb1e44940217baba11876,Човен · варіант 01,додатковий реквізит,резерв,Човен · варіант 01. Габарити джерела: 0.74 × 0.65 × 0.36 м (ширина × висота × глибина). Зберегти для окремого контексту після затвердження основних 12 композицій.,Assets/PolygonBattleRoyale/Models/SM_Env_Port_Boat_Tie_01.fbx,132,197d6dfd7d7da5ab24694a5734f3fd0d7d82434d567609febac03be1e12e73c6,
M0147,m_f209fcf9d78e09246ae32e5e4e231e8d,Бетонний будівельний модуль · варіант 01,додатковий реквізит,резерв,Бетонний будівельний модуль · варіант 01. Габарити джерела: 2.00 × 3.65 × 2.00 м (ширина × висота × глибина). Зберегти для окремого контексту після затвердження основних 12 композицій.,Assets/PolygonBattleRoyale/Models/SM_Env_Port_Concrete_Slab_01.fbx,54,9196d72831210cecbec50cda2fdb72c687f162ffa14ab153ca8b91134f0cbc46,
M0148,m_30c9e2bb27bcd924a8907d3d8f20c2f9,Бетонний будівельний модуль · варіант 01,додатковий реквізит,резерв,Бетонний будівельний модуль · варіант 01. Габарити джерела: 2.00 × 3.91 × 0.30 м (ширина × висота × глибина). Зберегти для окремого контексту після затвердження основних 12 композицій.,Assets/PolygonBattleRoyale/Models/SM_Env_Port_Wall_01.fbx,62,90c132d4f95d88ed6b8f5b49120fbf8bd9d1159ce9235e075d10d6bf012dc150,
M0149,m_ad0b10a25194cca449aa8e0b3e6592da,Бетонний будівельний модуль · варіант 02,додатковий реквізит,резерв,Бетонний будівельний модуль · варіант 02. Габарити джерела: 2.00 × 3.91 × 0.30 м (ширина × висота × глибина). Зберегти для окремого контексту після затвердження основних 12 композицій.,Assets/PolygonBattleRoyale/Models/SM_Env_Port_Wall_02.fbx,58,53de368de95d213fe0257858fc5277ae4090171b6fb942681482fa3840e25611,
M0150,m_8ab522562fa79854e8d588e9f2956d79,Бетонний будівельний модуль · варіант 01,додатковий реквізит,резерв,Бетонний будівельний модуль · варіант 01. Габарити джерела: 0.51 × 4.05 × 0.51 м (ширина × висота × глибина). Зберегти для окремого контексту після затвердження основних 12 композицій.,Assets/PolygonBattleRoyale/Models/SM_Env_Port_Wall_Corner_01.fbx,64,500729d01ae292a796d780296904a24d1eb231908bfda7bde2e1fd058201db0c,
M0151,m_0db4d3d252bba3740bfb1b1e7e7827ad,Модуль дороги або тротуару · варіант 01,додатковий реквізит,резерв,Модуль дороги або тротуару · варіант 01. Габарити джерела: 20.00 × 0.76 × 20.56 м (ширина × висота × глибина). Зберегти для окремого контексту після затвердження основних 12 композицій.,Assets/PolygonBattleRoyale/Models/SM_Env_Road_Corner_01.fbx,1119,f20f72dfbd854b7d14ff3c00c2cc0d23efc62eb39049fa56d75de6c83cfbe542,
M0152,m_4744466dc3d458a459426a190cf9fb81,Модуль дороги або тротуару · варіант 02,додатковий реквізит,резерв,Модуль дороги або тротуару · варіант 02. Габарити джерела: 15.57 × 0.75 × 15.36 м (ширина × висота × глибина). Зберегти для окремого контексту після затвердження основних 12 композицій.,Assets/PolygonBattleRoyale/Models/SM_Env_Road_Corner_02.fbx,622,02069df33c37ba3c90fdadbf2c5a14f6070d2f5f73868f6e0eaafbe6524236c9,
M0153,m_21078f0bc96a9e64186cffb22a362879,Модуль дороги або тротуару · варіант 01,додатковий реквізит,резерв,Модуль дороги або тротуару · варіант 01. Габарити джерела: 10.00 × 0.00 × 10.00 м (ширина × висота × глибина). Зберегти для окремого контексту після затвердження основних 12 композицій.,Assets/PolygonBattleRoyale/Models/SM_Env_Road_Cross_01.fbx,40,2033355974a7e09d33105ec900a2b92c32503a364b9c926230f5066b3cb3bafc,
M0154,m_36389b5934eb33046b6328f92b17e260,Модуль дороги або тротуару · варіант 01,додатковий реквізит,резерв,Модуль дороги або тротуару · варіант 01. Габарити джерела: 20.00 × 0.71 × 5.02 м (ширина × висота × глибина). Зберегти для окремого контексту після затвердження основних 12 композицій.,Assets/PolygonBattleRoyale/Models/SM_Env_Road_Straight_01.fbx,334,90d690a20ee0c4d37b1a997cf9087b495775dd507bfb070439c2e6d83b3912fe,
M0155,m_3912a742a5af58d4ea1ab357b334dd82,Модуль дороги або тротуару · варіант 02,додатковий реквізит,резерв,Модуль дороги або тротуару · варіант 02. Габарити джерела: 20.20 × 0.70 × 5.00 м (ширина × висота × глибина). Зберегти для окремого контексту після затвердження основних 12 композицій.,Assets/PolygonBattleRoyale/Models/SM_Env_Road_Straight_02.fbx,310,87817eeda72eebc07c27ab10159c184c2edae8dae3b6503e6bbe73a36d2089f3,
M0156,m_4aabb9e51cdaa424b9df2d25cceb672a,Модуль дороги або тротуару · варіант 03,додатковий реквізит,резерв,Модуль дороги або тротуару · варіант 03. Габарити джерела: 20.11 × 0.67 × 5.00 м (ширина × висота × глибина). Зберегти для окремого контексту після затвердження основних 12 композицій.,Assets/PolygonBattleRoyale/Models/SM_Env_Road_Straight_03.fbx,226,374e0c54b934511f15925d78d8d95a2e7c2e7a367a3edd9ba6141de053afa830,
M0157,m_cb153355387d36e41983df1b150792e0,Модуль дороги або тротуару · варіант 01,додатковий реквізит,резерв,Модуль дороги або тротуару · варіант 01. Габарити джерела: 20.00 × 0.67 × 5.00 м (ширина × висота × глибина). Зберегти для окремого контексту після затвердження основних 12 композицій.,Assets/PolygonBattleRoyale/Models/SM_Env_Road_Straight_Damaged_01.fbx,303,a211a27c74827e41e4afcb2af5e99fea5bcd99243a2ff6be3e1f9c3df4252220,
M0158,m_a6622b24cfc2d7944aed41ec0df7b2c6,Модуль дороги або тротуару · варіант 02,додатковий реквізит,резерв,Модуль дороги або тротуару · варіант 02. Габарити джерела: 20.20 × 0.70 × 5.00 м (ширина × висота × глибина). Зберегти для окремого контексту після затвердження основних 12 композицій.,Assets/PolygonBattleRoyale/Models/SM_Env_Road_Straight_Damaged_02.fbx,402,396f11e7631bd7df6e20d13cc50c7e65c813679b7652fdad0da03594d6605f8e,
M0159,m_cb3172ec90db16b4fa289142291ec7e9,Модуль дороги або тротуару · варіант 03,додатковий реквізит,резерв,Модуль дороги або тротуару · варіант 03. Габарити джерела: 20.11 × 0.71 × 5.02 м (ширина × висота × глибина). Зберегти для окремого контексту після затвердження основних 12 композицій.,Assets/PolygonBattleRoyale/Models/SM_Env_Road_Straight_Damaged_03.fbx,394,ccdb6009356a621091c6088b5b43a68eab06c0b56b45e69c60014e090825cae4,
M0160,m_fe9ee33a330ddd843a7ef89d326db751,Модуль дороги або тротуару · варіант 01,додатковий реквізит,резерв,Модуль дороги або тротуару · варіант 01. Габарити джерела: 20.00 × 0.96 × 10.62 м (ширина × висота × глибина). Зберегти для окремого контексту після затвердження основних 12 композицій.,Assets/PolygonBattleRoyale/Models/SM_Env_Road_Straight_End_01.fbx,521,ac659d6cf70c520a025c7b4cbc0afcf58577bae3776ca1728a3bf91eb2765d08,
M0161,m_184d759bebf957349a507e1faa535cec,Модуль дороги або тротуару · варіант 01,додатковий реквізит,резерв,Модуль дороги або тротуару · варіант 01. Габарити джерела: 10.00 × 0.67 × 15.30 м (ширина × висота × глибина). Зберегти для окремого контексту після затвердження основних 12 композицій.,Assets/PolygonBattleRoyale/Models/SM_Env_Road_T_01.fbx,240,dc9857447a2860ff969330ee0bd17a235d1ac6b317d5d5d9b0c784fd5a8d741c,
M0162,m_002a0ff73c41da6479e88f642f808c12,Гранчастий валун · варіант 01,природа,кандидат,"Гранчастий валун · варіант 01. Габарити джерела: 2.64 × 1.58 × 2.33 м (ширина × висота × глибина). Природний край, тло або малий акцент. Зберегти відкритий центр і прохід до галявини.",Assets/PolygonBattleRoyale/Models/SM_Env_Rock_01.fbx,138,cdab3b7e7b9ad817726e163c4816784404df6ff86960c88255cfc4d52e9cad0d,
M0163,m_31ce66c3106c968438b796eac467ae7a,Гранчастий валун · варіант 02,природа,кандидат,"Гранчастий валун · варіант 02. Габарити джерела: 5.25 × 3.21 × 5.19 м (ширина × висота × глибина). Природний край, тло або малий акцент. Зберегти відкритий центр і прохід до галявини.",Assets/PolygonBattleRoyale/Models/SM_Env_Rock_02.fbx,228,d737c4c03225ef88004de5b424f0094c8747e487037f25aa7ccdbaf6c136665c,
M0164,m_1b3a4f73be6360f41befead8a3452c61,Група каміння · варіант 01,додатковий реквізит,резерв,Група каміння · варіант 01. Габарити джерела: 1.09 × 0.28 × 1.61 м (ширина × висота × глибина). Зберегти для окремого контексту після затвердження основних 12 композицій.,Assets/PolygonBattleRoyale/Models/SM_Env_Rubble_Pebbles_01.fbx,238,6fa6600e2314b56d3e37280bdac98755e3d5c09012dfa804231db7f8160e17b1,
M0165,m_232e10ed4be659c43a7f0ea5faaaee8d,Група каміння · варіант 02,додатковий реквізит,резерв,Група каміння · варіант 02. Габарити джерела: 1.92 × 0.28 × 1.91 м (ширина × висота × глибина). Зберегти для окремого контексту після затвердження основних 12 композицій.,Assets/PolygonBattleRoyale/Models/SM_Env_Rubble_Pebbles_02.fbx,168,1eb74c115ca153a574a26507b7304dadc1453c40439d42234718a08e84a12624,
M0166,m_1e2df2c0ddd5a3644aa0858bf3a56a26,Група каміння · варіант 03,додатковий реквізит,резерв,Група каміння · варіант 03. Габарити джерела: 2.26 × 0.16 × 1.92 м (ширина × висота × глибина). Зберегти для окремого контексту після затвердження основних 12 композицій.,Assets/PolygonBattleRoyale/Models/SM_Env_Rubble_Pebbles_03.fbx,242,ca2b37dea9e6d36e8f86b6d96a0ff3d0b6435ed9678f27d5cb91e9ba520cdf33,
M0167,m_6936f1eee0579354fa7a97029f45ab32,Деревина або уламки · варіант 01,додатковий реквізит,резерв,Деревина або уламки · варіант 01. Габарити джерела: 6.64 × 0.51 × 3.59 м (ширина × висота × глибина). Зберегти для окремого контексту після затвердження основних 12 композицій.,Assets/PolygonBattleRoyale/Models/SM_Env_Rubble_Pile_01.fbx,1144,63d835039aba127d88b68957be93c1c9c18bb26c55478767b2f65543b4914d04,
M0168,m_32699ced6ec8de54caf52aad6339896e,Деревина або уламки · варіант 02,додатковий реквізит,резерв,Деревина або уламки · варіант 02. Габарити джерела: 3.79 × 0.45 × 6.48 м (ширина × висота × глибина). Зберегти для окремого контексту після затвердження основних 12 композицій.,Assets/PolygonBattleRoyale/Models/SM_Env_Rubble_Pile_02.fbx,588,de3f0615c7a5a78d7b7852965e5938a8a6eaae0729812380a57848dfd21a8688,
M0169,m_2fa600a3b3a799a489076cd83f9cc02a,Деревина або уламки · варіант 01,додатковий реквізит,резерв,Деревина або уламки · варіант 01. Габарити джерела: 3.26 × 0.09 × 1.60 м (ширина × висота × глибина). Зберегти для окремого контексту після затвердження основних 12 композицій.,Assets/PolygonBattleRoyale/Models/SM_Env_Rubble_Plank_01.fbx,194,cb4c6c2bce2a2f41fc879c526a7cbfefa8aebe0ae7179387454ed4dd8cbfeba9,
M0170,m_7467ccfa59dbdb643a9d5c8b7433cf0d,Деревина або уламки · варіант 02,додатковий реквізит,резерв,Деревина або уламки · варіант 02. Габарити джерела: 2.06 × 0.14 × 1.50 м (ширина × висота × глибина). Зберегти для окремого контексту після затвердження основних 12 композицій.,Assets/PolygonBattleRoyale/Models/SM_Env_Rubble_Plank_02.fbx,186,cba86c928756cd560345fbc7159e52154b91e747afcae22c81e24b4bbbe4ae8b,
M0171,m_e50b031e5ba3f4341b3177343192967d,Деревина або уламки · варіант 03,додатковий реквізит,резерв,Деревина або уламки · варіант 03. Габарити джерела: 2.39 × 0.18 × 2.24 м (ширина × висота × глибина). Зберегти для окремого контексту після затвердження основних 12 композицій.,Assets/PolygonBattleRoyale/Models/SM_Env_Rubble_Plank_03.fbx,190,6eeed2ede906fe45781458f4c3794dda2728917c5fd29542bd5aec251f95613c,
M0172,m_bc681e3023d51504babe7ea934a6301a,Гранчастий валун · варіант 01,додатковий реквізит,резерв,Гранчастий валун · варіант 01. Габарити джерела: 0.72 × 0.32 × 0.77 м (ширина × висота × глибина). Зберегти для окремого контексту після затвердження основних 12 композицій.,Assets/PolygonBattleRoyale/Models/SM_Env_Rubble_Stone_01.fbx,34,60fdf1953c92db0fb9c362f4463b2a04ec44592d7ae67e733196d276384e9476,
M0173,m_827bed4f36dd9f048b433e3a60771eec,Гранчастий валун · варіант 02,додатковий реквізит,резерв,Гранчастий валун · варіант 02. Габарити джерела: 0.24 × 0.15 × 0.26 м (ширина × висота × глибина). Зберегти для окремого контексту після затвердження основних 12 композицій.,Assets/PolygonBattleRoyale/Models/SM_Env_Rubble_Stone_02.fbx,24,ba628fb786545f49fd3e88cd37548904ffb70015bce37e9f06cd90034f39bb6f,
M0174,m_2fb675b4d0646934db7621b9fe3d4043,Хмарний або атмосферний елемент · варіант 01,FX / атмосфера,контекст FX,"Хмарний або атмосферний елемент · варіант 01. Габарити джерела: 6.72 × 1.28 × 1.95 м (ширина × висота × глибина). Оглянуто лише геометрію. Анімація, прозорість і повний ефект потребують окремої сцени.",Assets/PolygonBattleRoyale/Models/SM_Generic_Cloud_01.fbx,280,bfe6fc290b1499783108264ff5c27f8d7b341bf4a0ab56ec48f464db5f3d7554,
M0175,m_4807fe4185d56e245a9191e51c671d54,Хмарний або атмосферний елемент · варіант 02,FX / атмосфера,контекст FX,"Хмарний або атмосферний елемент · варіант 02. Габарити джерела: 7.34 × 1.33 × 2.85 м (ширина × висота × глибина). Оглянуто лише геометрію. Анімація, прозорість і повний ефект потребують окремої сцени.",Assets/PolygonBattleRoyale/Models/SM_Generic_Cloud_02.fbx,252,ab97ee2e91352e7ee3c2c086c618230526efdcd05a264ab3c19cb015cc7e2947,
M0176,m_145925091ed4f5940b7815a53c51b7c5,Хмарний або атмосферний елемент · варіант 03,FX / атмосфера,контекст FX,"Хмарний або атмосферний елемент · варіант 03. Габарити джерела: 7.18 × 1.54 × 3.34 м (ширина × висота × глибина). Оглянуто лише геометрію. Анімація, прозорість і повний ефект потребують окремої сцени.",Assets/PolygonBattleRoyale/Models/SM_Generic_Cloud_03.fbx,490,711928240ccc633bed95ae873b4e527ec9ada4d49aa93b490ce02662f7c2a3d0,
M0177,m_c034d4bf4292498489576088b8524e36,Хмарний або атмосферний елемент · варіант 04,FX / атмосфера,контекст FX,"Хмарний або атмосферний елемент · варіант 04. Габарити джерела: 5.04 × 1.12 × 1.66 м (ширина × висота × глибина). Оглянуто лише геометрію. Анімація, прозорість і повний ефект потребують окремої сцени.",Assets/PolygonBattleRoyale/Models/SM_Generic_Cloud_04.fbx,200,d6e5a645d50537b768617ca13cb2da2f4cea079ca484d231c595482e211854eb,
M0178,m_2d6815261c46f16419739eb86e8fb250,Трав’яні пучки · варіант 01,природа,кандидат,"Трав’яні пучки · варіант 01. Габарити джерела: 22.61 × 5.57 × 22.35 м (ширина × висота × глибина). Природний край, тло або малий акцент. Зберегти відкритий центр і прохід до галявини.",Assets/PolygonBattleRoyale/Models/SM_Generic_Mountains_Grass_01.fbx,2251,77fa937a5d88bdfe35a9323fde89cfa1e7f3bf8f6da8be3e677bfe16f4e6dd74,
M0179,m_84f865d1a6137314185ef8122409ad58,Трав’яні пучки · варіант 02,природа,кандидат,"Трав’яні пучки · варіант 02. Габарити джерела: 14.50 × 5.54 × 14.49 м (ширина × висота × глибина). Природний край, тло або малий акцент. Зберегти відкритий центр і прохід до галявини.",Assets/PolygonBattleRoyale/Models/SM_Generic_Mountains_Grass_02.fbx,498,a690857ceffd6371f84ecf8e85e44550cc0e237060c05ebf3009d52b0d929cee,
M0180,m_0a63dd49ca733764797d7aad4d13ad6c,Дальній гірський силует · варіант 01,природа,кандидат,"Дальній гірський силует · варіант 01. Габарити джерела: 20.77 × 10.31 × 20.10 м (ширина × висота × глибина). Природний край, тло або малий акцент. Зберегти відкритий центр і прохід до галявини.",Assets/PolygonBattleRoyale/Models/SM_Generic_Mountains_Snow_01.fbx,1115,947fcf6c1bb8a3c1025b197efcae2fb2393ceb9354309d30475ed9b06e7aaaca,
M0181,m_e30bdc5e268f9e34bb6528ed6571b058,М’який пагорб · варіант 01,природа,кандидат,"М’який пагорб · варіант 01. Габарити джерела: 39.08 × 5.00 × 21.97 м (ширина × висота × глибина). Природний край, тло або малий акцент. Зберегти відкритий центр і прохід до галявини.",Assets/PolygonBattleRoyale/Models/SM_Generic_Mountains_Soft_01.fbx,270,65501408a4295c19c16fa5dacd3e39da4699d61e0a82662b81e02b9cfd6623b9,
M0182,m_8489ce2dffeaaf54891f0e86431bc302,Група каміння · варіант 01,природа,кандидат,"Група каміння · варіант 01. Габарити джерела: 1.31 × 0.09 × 1.63 м (ширина × висота × глибина). Природний край, тло або малий акцент. Зберегти відкритий центр і прохід до галявини.",Assets/PolygonBattleRoyale/Models/SM_Generic_Small_Rocks_01.fbx,180,15f2888f1e193e885fc7e8520731fe14c4cfe3d98bdbc849d3b831ed88844c0f,
M0183,m_83604a40974ee764896f7fbef0401fe7,Група каміння · варіант 02,природа,кандидат,"Група каміння · варіант 02. Габарити джерела: 0.36 × 0.10 × 0.74 м (ширина × висота × глибина). Природний край, тло або малий акцент. Зберегти відкритий центр і прохід до галявини.",Assets/PolygonBattleRoyale/Models/SM_Generic_Small_Rocks_02.fbx,56,e7466310f5c8da31f38f4e080ad6c9573f85e707250bde5ff00dfab0b866d429,
M0184,m_8a38c47555bb4de48a9fbcfe46f5a45e,Сухе дерево · варіант 01,природа,кандидат,"Сухе дерево · варіант 01. Габарити джерела: 2.03 × 5.24 × 3.00 м (ширина × висота × глибина). Природний край, тло або малий акцент. Зберегти відкритий центр і прохід до галявини.",Assets/PolygonBattleRoyale/Models/SM_Generic_TreeDead_01.fbx,306,e36fc967b1d24fc541ebb3a4d0cf6807f41c0fbc4008053e107c62ae9487bd9d,
M0185,m_c14b6857e27c4f04ab9129a6b6646ca8,Пень із корінням · варіант 01,природа,кандидат,"Пень із корінням · варіант 01. Габарити джерела: 0.78 × 0.50 × 0.82 м (ширина × висота × глибина). Природний край, тло або малий акцент. Зберегти відкритий центр і прохід до галявини.",Assets/PolygonBattleRoyale/Models/SM_Generic_TreeStump_01.fbx,228,ffe7318033aa1dfe9bae7f629bee16f7fbe6b04ccb0684f594638bc499a55767,
M0186,m_ffc63fecea48ed3418c6689c532819c0,Дерево · варіант 01,природа,кандидат,"Дерево · варіант 01. Габарити джерела: 1.81 × 3.30 × 1.70 м (ширина × висота × глибина). Природний край, тло або малий акцент. Зберегти відкритий центр і прохід до галявини.",Assets/PolygonBattleRoyale/Models/SM_Generic_Tree_01.fbx,598,d046ed888378abd8fe951894fda8018b0326d362c1eaf33614d7219257119e57,
M0187,m_bf5b2ebf1cacbe54e9b59dc8c0f78eb3,Дерево · варіант 02,природа,кандидат,"Дерево · варіант 02. Габарити джерела: 1.39 × 3.51 × 1.47 м (ширина × висота × глибина). Природний край, тло або малий акцент. Зберегти відкритий центр і прохід до галявини.",Assets/PolygonBattleRoyale/Models/SM_Generic_Tree_02.fbx,288,1fddbc7944f98fd3470f8104f0f8dcb3e9484a86c024e6f162e23e09abf62d06,D06;D09;D11
M0188,m_2f7e0aa439a901b4a9757ecb86240adc,Дерево · варіант 03,природа,кандидат,"Дерево · варіант 03. Габарити джерела: 1.73 × 3.49 × 1.54 м (ширина × висота × глибина). Природний край, тло або малий акцент. Зберегти відкритий центр і прохід до галявини.",Assets/PolygonBattleRoyale/Models/SM_Generic_Tree_03.fbx,266,9824ab1b6353264e44ad4316d6a4b308599b7961ac9d5954e46b2ce8aed53cb8,
M0189,m_fb72c742ade8526468381ba864289832,Дерево · варіант 04,природа,кандидат,"Дерево · варіант 04. Габарити джерела: 1.82 × 3.22 × 1.54 м (ширина × висота × глибина). Природний край, тло або малий акцент. Зберегти відкритий центр і прохід до галявини.",Assets/PolygonBattleRoyale/Models/SM_Generic_Tree_04.fbx,316,130ddb2dc11491249069eaed4491b72d42c9a386c9aad525dc2ed72067a8618c,
M0190,m_d09567ae18b924c4aa2d055360ee9605,Трав’яні пучки · варіант 01,природа,кандидат,"Трав’яні пучки · варіант 01. Габарити джерела: 2.81 × 0.92 × 2.16 м (ширина × висота × глибина). Природний край, тло або малий акцент. Зберегти відкритий центр і прохід до галявини.",Assets/PolygonBattleRoyale/Models/SM_Gerneric_Grass_Patch_01.fbx,602,9fb72fcad5f95628b2111661e7499ee4cad1c59bb4ccb299aaccfa4165370816,
M0191,m_404bc724ddbad4a4f90aca2ea0afdd37,Трав’яні пучки · варіант 02,природа,кандидат,"Трав’яні пучки · варіант 02. Габарити джерела: 1.11 × 1.16 × 1.29 м (ширина × висота × глибина). Природний край, тло або малий акцент. Зберегти відкритий центр і прохід до галявини.",Assets/PolygonBattleRoyale/Models/SM_Gerneric_Grass_Patch_02.fbx,238,2f4f381be3da1714d6e59a35f8064ff0528beec78adc6b11fd0fc72050897a7d,
M0192,m_226fade7a2d95bc797f043051b3381c0,Геометрія спецефекту · варіант 01,FX / атмосфера,контекст FX,"Геометрія спецефекту · варіант 01. Габарити джерела: 0.19 × 0.15 × 0.19 м (ширина × висота × глибина). Оглянуто лише геометрію. Анімація, прозорість і повний ефект потребують окремої сцени.",Assets/PolygonBattleRoyale/Models/SM_Particle_Smoke_01.fbx,32,1f9189584c5748bae7acf85ce9468faf050c53cc8eba856fa0f27457c854dcfe,
M0193,m_051abf347bf52bc429d7f0a5c5708a2e,Зброя або бойовий реквізит · варіант 01,бойовий реквізит,виключено зі стилю,"Зброя або бойовий реквізит · варіант 01. Габарити джерела: 0.45 × 0.30 × 0.20 м (ширина × висота × глибина). Зберегти в бібліотеці, не включати в перші 12 затишних діорам.",Assets/PolygonBattleRoyale/Models/SM_Prop_AmmoBox_01.fbx,364,d3c957778e5541857f69a1515438cb741701e27bc0ef9313b3f8c427ccdb443d,
M0194,m_ef2da15e4d1e5424fa1809242c45ca96,Медичний реквізит · варіант 01,додатковий реквізит,резерв,Медичний реквізит · варіант 01. Габарити джерела: 0.13 × 0.13 × 0.16 м (ширина × висота × глибина). Зберегти для окремого контексту після затвердження основних 12 композицій.,Assets/PolygonBattleRoyale/Models/SM_Prop_Bandage_01.fbx,152,5468d63a01dd9aa67b393021911b4893816ff6152ede566a599c4b0c9e69650d,
M0195,m_ebe82577e2b37114492820d81253bc29,Медичний реквізит · варіант 02,додатковий реквізит,резерв,Медичний реквізит · варіант 02. Габарити джерела: 0.26 × 0.07 × 0.20 м (ширина × висота × глибина). Зберегти для окремого контексту після затвердження основних 12 композицій.,Assets/PolygonBattleRoyale/Models/SM_Prop_Bandage_02.fbx,198,d4c12a9159246bd7af3014bb0dceff298c799e0271577cf4b96c3881a3da5f49,
M0196,m_0acbe6231ba03f5479a1f15c0ad08050,Бочка або балон · варіант 01,додатковий реквізит,резерв,Бочка або балон · варіант 01. Габарити джерела: 0.66 × 0.91 × 0.57 м (ширина × висота × глибина). Зберегти для окремого контексту після затвердження основних 12 композицій.,Assets/PolygonBattleRoyale/Models/SM_Prop_Barrel_01.fbx,296,3b3ceb31ab05c0c001e37a6373f15a83ffd1ec59d9c17a837060105480a0a694,
M0197,m_87c90ddca00eecf42b81500be32a114a,Бочка або балон · варіант 02,додатковий реквізит,резерв,Бочка або балон · варіант 02. Габарити джерела: 0.66 × 0.91 × 0.57 м (ширина × висота × глибина). Зберегти для окремого контексту після затвердження основних 12 композицій.,Assets/PolygonBattleRoyale/Models/SM_Prop_Barrel_02.fbx,372,8ba59c705ae21c0cff26a866297d2bc337361ad4008f8f41a4c5269d0f002093,
M0198,m_243bdd112be7f9e418878f002a5a8452,Дорожній бар’єр або огородження · варіант 01,бойовий реквізит,виключено зі стилю,"Дорожній бар’єр або огородження · варіант 01. Габарити джерела: 1.86 × 0.92 × 0.42 м (ширина × висота × глибина). Зберегти в бібліотеці, не включати в перші 12 затишних діорам.",Assets/PolygonBattleRoyale/Models/SM_Prop_Barricade_01.fbx,316,94662597e9c2b7c07e81f7292ad7180be4f61cc6430ba15ce0739e7e98725100,
M0199,m_84f44527bab84114e94b62f341448f9a,Дорожній бар’єр або огородження · варіант 01,бойовий реквізит,виключено зі стилю,"Дорожній бар’єр або огородження · варіант 01. Габарити джерела: 1.12 × 1.07 × 1.12 м (ширина × висота × глибина). Зберегти в бібліотеці, не включати в перші 12 затишних діорам.",Assets/PolygonBattleRoyale/Models/SM_Prop_Barrier_01.fbx,282,eaf9ffa39ba967330791e5af1fe5143cb0885fb7cae98e8bff477fc977b309f2,
M0200,m_1c28d1614222e5642a0f92a71adc312b,Дорожній бар’єр або огородження · варіант 02,бойовий реквізит,виключено зі стилю,"Дорожній бар’єр або огородження · варіант 02. Габарити джерела: 1.12 × 1.07 × 1.12 м (ширина × висота × глибина). Зберегти в бібліотеці, не включати в перші 12 затишних діорам.",Assets/PolygonBattleRoyale/Models/SM_Prop_Barrier_02.fbx,282,4aa86fda7e23899fd623de74bcbc1bdd0132aac364c3092a3d22cbbfe115b9d7,
M0201,m_b413ebeaea125024bb58b0b4c00714f0,Дорожній бар’єр або огородження · варіант 03,бойовий реквізит,виключено зі стилю,"Дорожній бар’єр або огородження · варіант 03. Габарити джерела: 1.15 × 1.07 × 1.15 м (ширина × висота × глибина). Зберегти в бібліотеці, не включати в перші 12 затишних діорам.",Assets/PolygonBattleRoyale/Models/SM_Prop_Barrier_03.fbx,282,e6e08085fe29414bcb64f8d7d6c14e803b1ea008fa7c4ac813bf67d1831c0ea4,
M0202,m_5c4da54c443dbd241a7a2ee9464ebae3,Дорожній бар’єр або огородження · варіант 04,бойовий реквізит,виключено зі стилю,"Дорожній бар’єр або огородження · варіант 04. Габарити джерела: 5.50 × 2.13 × 1.39 м (ширина × висота × глибина). Зберегти в бібліотеці, не включати в перші 12 затишних діорам.",Assets/PolygonBattleRoyale/Models/SM_Prop_Barrier_04.fbx,1872,f21af96f8369b7311d2e283d59bc689b2e5fe4321c8f64c18f9e3baed0ac4921,
M0203,m_a29c9161de01ce743b985b4f4ed4a423,Дорожній бар’єр або огородження · варіант 01,бойовий реквізит,виключено зі стилю,"Дорожній бар’єр або огородження · варіант 01. Габарити джерела: 7.06 × 0.56 × 2.14 м (ширина × висота × глибина). Зберегти в бібліотеці, не включати в перші 12 затишних діорам.",Assets/PolygonBattleRoyale/Models/SM_Prop_Barrier_Dirt_01.fbx,248,83b128c8c9e1d7a0d3500198fb74b72358bbb80ff37f07b471c1fe27db06a183,
M0204,m_e619dad8a47d8084c9f471fc6c94a052,Огорожа спеціального призначення · варіант 01,бойовий реквізит,виключено зі стилю,"Огорожа спеціального призначення · варіант 01. Габарити джерела: 2.00 × 2.78 × 0.51 м (ширина × висота × глибина). Зберегти в бібліотеці, не включати в перші 12 затишних діорам.",Assets/PolygonBattleRoyale/Models/SM_Prop_BaseWall_01.fbx,662,89c44fd96f102ce7eec42df8e3d552ead093ac05be3fdad99e5ede73c9faa5e6,
M0205,m_26af6840ccf037547b0d887e07934fb2,Огорожа спеціального призначення · варіант 01,бойовий реквізит,виключено зі стилю,"Огорожа спеціального призначення · варіант 01. Габарити джерела: 2.00 × 2.83 × 0.63 м (ширина × висота × глибина). Зберегти в бібліотеці, не включати в перші 12 затишних діорам.",Assets/PolygonBattleRoyale/Models/SM_Prop_BaseWall_Broken_01.fbx,616,b24888b8938a8aa09a0a37c9344cc7749151299135373c4b366531c23dad712e,
M0206,m_b5b1061290ec0b949965f99f26cba5dc,Огорожа спеціального призначення · варіант 02,бойовий реквізит,виключено зі стилю,"Огорожа спеціального призначення · варіант 02. Габарити джерела: 2.00 × 1.37 × 0.51 м (ширина × висота × глибина). Зберегти в бібліотеці, не включати в перші 12 затишних діорам.",Assets/PolygonBattleRoyale/Models/SM_Prop_BaseWall_Broken_02.fbx,236,24a9f1c177c7745d8b33b287a670bde382c1e5f050caa796dde2910f552dd53a,
M0207,m_303c7aba4a2026f49bbe492d4c131ac1,Огорожа спеціального призначення · варіант 01,бойовий реквізит,виключено зі стилю,"Огорожа спеціального призначення · варіант 01. Габарити джерела: 0.71 × 2.36 × 0.71 м (ширина × висота × глибина). Зберегти в бібліотеці, не включати в перші 12 затишних діорам.",Assets/PolygonBattleRoyale/Models/SM_Prop_BaseWall_Post_01.fbx,78,c0e3f9d23ef923eff42947ab33c1646291b3481960bbe9964e2013baf241b194,
M0208,m_d0a6b07fbcc3a1444b66f1502502271e,Меблі або обладнання · варіант 01,додатковий реквізит,резерв,Меблі або обладнання · варіант 01. Габарити джерела: 1.86 × 1.51 × 1.75 м (ширина × висота × глибина). Зберегти для окремого контексту після затвердження основних 12 композицій.,Assets/PolygonBattleRoyale/Models/SM_Prop_Benchpress_01.fbx,628,5d5ff02045c127c2f94f2836e038584b460a014bf11f1d2215a6dd0d6c4395c2,
M0209,m_49cd97c2c50d0374c926d7dc1a6a0375,Зброя або бойовий реквізит · варіант 01,бойовий реквізит,виключено зі стилю,"Зброя або бойовий реквізит · варіант 01. Габарити джерела: 0.54 × 0.14 × 0.46 м (ширина × висота × глибина). Зберегти в бібліотеці, не включати в перші 12 затишних діорам.",Assets/PolygonBattleRoyale/Models/SM_Prop_BriefcaseBomb_01.fbx,1284,2794711279394c0d1691262a7a977ef64d4cbc28d719d84702e32b149415c557,
M0210,m_3bf8bdd3756fba14782d4f35552a15f5,Меблі або обладнання · варіант 01,додатковий реквізит,резерв,Меблі або обладнання · варіант 01. Габарити джерела: 1.40 × 2.35 × 2.37 м (ширина × висота × глибина). Зберегти для окремого контексту після затвердження основних 12 композицій.,Assets/PolygonBattleRoyale/Models/SM_Prop_BunkBed_01.fbx,1093,2febd9744a7c88184d87d4a1d0777d8a9f13e30da390904c57da4993e1d91fd3,
M0211,m_4ab5220a76a11af4dbec73922dde99f3,Зброя або бойовий реквізит · варіант 01,бойовий реквізит,виключено зі стилю,"Зброя або бойовий реквізит · варіант 01. Габарити джерела: 0.29 × 0.07 × 0.17 м (ширина × висота × глибина). Зберегти в бібліотеці, не включати в перші 12 затишних діорам.",Assets/PolygonBattleRoyale/Models/SM_Prop_C4_01.fbx,326,6a8c9ce70844310624db751883980a0351224d53a7fca6c08fb2b81b05e7f9d7,
M0212,m_ef228bdd216b67546b80529f731b1b2f,Зброя або бойовий реквізит · варіант 02,бойовий реквізит,виключено зі стилю,"Зброя або бойовий реквізит · варіант 02. Габарити джерела: 0.27 × 0.04 × 0.08 м (ширина × висота × глибина). Зберегти в бібліотеці, не включати в перші 12 затишних діорам.",Assets/PolygonBattleRoyale/Models/SM_Prop_C4_02.fbx,44,3e45adbc3c043dcf923e6b0bd79bc57d6fba0596c95c7503dba43a66bee3f7eb,
M0213,m_e669c48cd2f376e4b93512d8bf822af5,Транспортний засіб · варіант 01,додатковий реквізит,резерв,Транспортний засіб · варіант 01. Габарити джерела: 0.50 × 0.47 × 0.50 м (ширина × висота × глибина). Зберегти для окремого контексту після затвердження основних 12 композицій.,Assets/PolygonBattleRoyale/Models/SM_Prop_CardboardBox_01.fbx,106,d9b8b1efd5a7d8b214deb66ba72e259df986d3989789e0b9af9f57179154b3de,
M0214,m_fad6f621863526f48b1018aea9efd7a7,Бетонний будівельний модуль · варіант 01,додатковий реквізит,резерв,Бетонний будівельний модуль · варіант 01. Габарити джерела: 0.44 × 0.24 × 0.27 м (ширина × висота × глибина). Зберегти для окремого контексту після затвердження основних 12 композицій.,Assets/PolygonBattleRoyale/Models/SM_Prop_Cinderblock_01.fbx,60,54535d5bb44473d693547dada15de788725a97866a80e6068873f4407a34f8e1,
M0215,m_1e67ccc675476db4a9d8a0e67b45bb5d,Бетонний будівельний модуль · варіант 01,додатковий реквізит,резерв,Бетонний будівельний модуль · варіант 01. Габарити джерела: 2.50 × 1.08 × 0.27 м (ширина × висота × глибина). Зберегти для окремого контексту після затвердження основних 12 композицій.,Assets/PolygonBattleRoyale/Models/SM_Prop_Cinderblock_Wall_01.fbx,368,0aabb2a4e7dea7b6884a4fa6777ab1f3056571cabc5ef891130b59a2b7ddcefd,
M0216,m_9364ecb2970303449bdca4151ff2e916,Вантажний контейнер · варіант 01,додатковий реквізит,резерв,Вантажний контейнер · варіант 01. Габарити джерела: 2.45 × 2.61 × 6.19 м (ширина × висота × глибина). Зберегти для окремого контексту після затвердження основних 12 композицій.,Assets/PolygonBattleRoyale/Models/SM_Prop_Container_01.fbx,3514,be62bbd4594ed8f013415324e7441923023a0477fa566471645f56621ed3db04,
M0217,m_19e0112a50b7fe743b90ae1524a8acdf,Вантажний контейнер · варіант 01,додатковий реквізит,резерв,Вантажний контейнер · варіант 01. Габарити джерела: 2.45 × 2.61 × 3.14 м (ширина × висота × глибина). Зберегти для окремого контексту після затвердження основних 12 композицій.,Assets/PolygonBattleRoyale/Models/SM_Prop_Container_Small_01.fbx,3090,d52a79ea399c56ed2fd949b057c0a3e3cde21455e438fe0bf8f839d729e279b0,
M0218,m_20a12fd566547c444b86b7f0b7614e7b,Дерев’яний ящик · варіант 01,побут / туризм,кандидат,Дерев’яний ящик · варіант 01. Габарити джерела: 1.26 × 0.55 × 0.79 м (ширина × висота × глибина). Один-два побутові акценти біля краю галявини; огорожі/настили мають власника й реальний підхід.,Assets/PolygonBattleRoyale/Models/SM_Prop_Crate_01.fbx,460,36ed8802adbd14793232b9b89595aaff685e33bc8432c10f011771e7bcf7e945,
M0219,m_2f13748cbcb178d4ea78c3a15e2e2960,Дерев’яний ящик · варіант 01,побут / туризм,кандидат,Дерев’яний ящик · варіант 01. Габарити джерела: 0.81 × 0.79 × 0.81 м (ширина × висота × глибина). Один-два побутові акценти біля краю галявини; огорожі/настили мають власника й реальний підхід.,Assets/PolygonBattleRoyale/Models/SM_Prop_Crate_Large_01.fbx,288,9dbde90de8af6b8bba93b2855c390d15715d00ee18f4303042dff9a925582946,
M0220,m_879e3107fd36a454c920fefb0c279770,Дерев’яний ящик · варіант 01,побут / туризм,кандидат,Дерев’яний ящик · варіант 01. Габарити джерела: 0.72 × 0.44 × 0.49 м (ширина × висота × глибина). Один-два побутові акценти біля краю галявини; огорожі/настили мають власника й реальний підхід.,Assets/PolygonBattleRoyale/Models/SM_Prop_Crate_Medical_01.fbx,912,0eee51eedba3084fb939fa92f7c098297b267376ddb2e268c3ef0645cb15e01a,
M0221,m_288b42701c4799046a7c2086a1248155,Дерев’яний ящик · варіант 01,побут / туризм,кандидат,Дерев’яний ящик · варіант 01. Габарити джерела: 0.82 × 0.31 × 0.44 м (ширина × висота × глибина). Один-два побутові акценти біля краю галявини; огорожі/настили мають власника й реальний підхід.,Assets/PolygonBattleRoyale/Models/SM_Prop_Crate_Small_01.fbx,314,465c4f80c39b275a53263c7ccad4dbf1cbeb6b31d82dfecebf669253c544eeb3,
M0222,m_1a82239eb98b56943a1ee577f956fbb4,Парашутний вантаж або купол · варіант 01,бойовий реквізит,виключено зі стилю,"Парашутний вантаж або купол · варіант 01. Габарити джерела: 4.44 × 6.69 × 4.44 м (ширина × висота × глибина). Зберегти в бібліотеці, не включати в перші 12 затишних діорам.",Assets/PolygonBattleRoyale/Models/SM_Prop_EmergencyDrop_01.fbx,3742,5d89f79986cdd0bb23109faff32e1670e063b76d42a57247d4d3d9a886ceedcf,
M0223,m_3340773abaa372742a16bd1fb7966a3b,Дерев’яний ящик · варіант 01,бойовий реквізит,виключено зі стилю,"Дерев’яний ящик · варіант 01. Габарити джерела: 1.31 × 0.53 × 0.80 м (ширина × висота × глибина). Зберегти в бібліотеці, не включати в перші 12 затишних діорам.",Assets/PolygonBattleRoyale/Models/SM_Prop_EmergencyDrop_Crate_01.fbx,1088,e35bc28549867990ffa5e6b01ddcd41dd8e3ce1c2c5afabdcfacba2d2ba0ad0a,
M0224,m_48e82450e1c04ab42b3cdf8609959c94,Медичний реквізит · варіант 01,додатковий реквізит,резерв,Медичний реквізит · варіант 01. Габарити джерела: 0.36 × 0.07 × 0.32 м (ширина × висота × глибина). Зберегти для окремого контексту після затвердження основних 12 композицій.,Assets/PolygonBattleRoyale/Models/SM_Prop_Gauze_01.fbx,70,f4da3934ac0451d8d92aadbd4cefaa5b9ec2ee3818c3b2dab128f3d4e24b4109,
M0225,m_095edcbcc8bbd4246b3ebf8dde09015a,Електрообладнання · варіант 01,додатковий реквізит,резерв,Електрообладнання · варіант 01. Габарити джерела: 0.61 × 0.58 × 0.91 м (ширина × висота × глибина). Зберегти для окремого контексту після затвердження основних 12 композицій.,Assets/PolygonBattleRoyale/Models/SM_Prop_Generator_01.fbx,652,aada907fab8929e328d00abff2b1e8fc05360e1878b9969c4654f33fb18cc2b6,
M0226,m_d527d71f2ee3ff9438e1294fa6515aed,Висока вежа · варіант 01,бойовий реквізит,виключено зі стилю,"Висока вежа · варіант 01. Габарити джерела: 2.28 × 6.99 × 2.65 м (ширина × висота × глибина). Зберегти в бібліотеці, не включати в перші 12 затишних діорам.",Assets/PolygonBattleRoyale/Models/SM_Prop_GuardTower_01.fbx,1408,de6088db73efb38eaabcf7d344c36c7736254d69bb06fe8a8fe82c3e9a33470d,
M0227,m_185176e71606ac241941b710534d09f8,Голова-манекен,додатковий реквізит,резерв,Голова-манекен. Габарити джерела: 0.34 × 0.42 × 0.28 м (ширина × висота × глибина). Зберегти для окремого контексту після затвердження основних 12 композицій.,Assets/PolygonBattleRoyale/Models/SM_Prop_HeadBase_Black.fbx,184,630e52050ceadf8ea7be6dab02fd02499d6845952aab9d01dd8fc5a87341b732,
M0228,m_42fcbf9b299740c479ca4f9941c880a3,Голова-манекен,додатковий реквізит,резерв,Голова-манекен. Габарити джерела: 0.34 × 0.42 × 0.28 м (ширина × висота × глибина). Зберегти для окремого контексту після затвердження основних 12 композицій.,Assets/PolygonBattleRoyale/Models/SM_Prop_HeadBase_Grey.fbx,184,afd0fd95c1d0a49e370843aadf8f9d23c01099bfe5082bbd2e8cf89a8566aa35,
M0229,m_2099adf688f1b0f4b81998409ecfe58e,Голова-манекен,додатковий реквізит,резерв,Голова-манекен. Габарити джерела: 0.34 × 0.42 × 0.28 м (ширина × висота × глибина). Зберегти для окремого контексту після затвердження основних 12 композицій.,Assets/PolygonBattleRoyale/Models/SM_Prop_HeadBase_Skin.fbx,184,32afea285a65ae70893ec819f9f9666674f8734705db30edaa01b7f66819ea3f,
M0230,m_34fabbb620b42264793420076cef0411,Голова-манекен,додатковий реквізит,резерв,Голова-манекен. Габарити джерела: 0.34 × 0.42 × 0.28 м (ширина × висота × глибина). Зберегти для окремого контексту після затвердження основних 12 композицій.,Assets/PolygonBattleRoyale/Models/SM_Prop_HeadBase_White.fbx,184,31a0fcd969ba2e39d86d466e13d2ce362ed5bcbf54912f9d11cceb650c6fa76d,
M0231,m_ec7eabee49254cf48b0749ba85746f37,Іржавий хвилястий лист · варіант 01,додатковий реквізит,резерв,Іржавий хвилястий лист · варіант 01. Габарити джерела: 1.10 × 0.21 × 2.63 м (ширина × висота × глибина). Зберегти для окремого контексту після затвердження основних 12 композицій.,Assets/PolygonBattleRoyale/Models/SM_Prop_Iron_Sheet_01.fbx,204,20d89559988549257e0f72b8ea3b6f86385b16956b93b4646af97491ded30af2,
M0232,m_52ce33661b9a79f4cabe58f1f423f784,Іржавий хвилястий лист · варіант 02,додатковий реквізит,резерв,Іржавий хвилястий лист · варіант 02. Габарити джерела: 1.11 × 0.38 × 2.63 м (ширина × висота × глибина). Зберегти для окремого контексту після затвердження основних 12 композицій.,Assets/PolygonBattleRoyale/Models/SM_Prop_Iron_Sheet_02.fbx,204,66df9681b5ee5540cd2c4a3af834a08d302d7a5b40dbbd0b598884e089e56601,
M0233,m_057cf592b5bb475459e6fdb52e896335,Іржавий хвилястий лист · варіант 03,додатковий реквізит,резерв,Іржавий хвилястий лист · варіант 03. Габарити джерела: 1.11 × 0.30 × 2.62 м (ширина × висота × глибина). Зберегти для окремого контексту після затвердження основних 12 композицій.,Assets/PolygonBattleRoyale/Models/SM_Prop_Iron_Sheet_03.fbx,204,87d4dae57cb20dc9103197261a50f036297b795e5d6d4000b0d667d813a549de,
M0234,m_018a076dbeef6de47a81b37d67116248,Ключ або замок · варіант 01,додатковий реквізит,резерв,Ключ або замок · варіант 01. Габарити джерела: 0.03 × 0.12 × 0.26 м (ширина × висота × глибина). Зберегти для окремого контексту після затвердження основних 12 композицій.,Assets/PolygonBattleRoyale/Models/SM_Prop_Key_01.fbx,358,d8dbe6f1ab69ff280ce7bd9a38238d351ba928d453dd184c27bb1bee64007eeb,
M0235,m_742d1184537226e41b10bf9e75cad2ce,Ключ або замок · варіант 02,додатковий реквізит,резерв,Ключ або замок · варіант 02. Габарити джерела: 0.02 × 0.12 × 0.24 м (ширина × висота × глибина). Зберегти для окремого контексту після затвердження основних 12 композицій.,Assets/PolygonBattleRoyale/Models/SM_Prop_Key_02.fbx,274,9f02571426854a970d2402ca1bda4681b502ae6bf958524d93083ba549f0c1fc,
M0236,m_73019bb5f22f73145a1faac0d9f1e68a,Ключ або замок · варіант 03,додатковий реквізит,резерв,Ключ або замок · варіант 03. Габарити джерела: 0.02 × 0.09 × 0.23 м (ширина × висота × глибина). Зберегти для окремого контексту після затвердження основних 12 композицій.,Assets/PolygonBattleRoyale/Models/SM_Prop_Key_03.fbx,188,35bc938570d70759fd4507d19e3b193a927443488f0459e1b8c0ac5ce238300a,
M0237,m_db9173992e5fa7047a7d51b3da481ffa,Медичний реквізит · варіант 01,додатковий реквізит,резерв,Медичний реквізит · варіант 01. Габарити джерела: 0.48 × 0.13 × 0.39 м (ширина × висота × глибина). Зберегти для окремого контексту після затвердження основних 12 композицій.,Assets/PolygonBattleRoyale/Models/SM_Prop_MedicalBox_01.fbx,154,b36a260a293bd8c461b8911f8f3eac9110b4b49273068b25697f44ba2107e4cd,
M0238,m_49ad48ecb0ef72446a1d0c3c6d0b54df,Медичний реквізит · варіант 02,додатковий реквізит,резерв,Медичний реквізит · варіант 02. Габарити джерела: 0.35 × 0.12 × 0.36 м (ширина × висота × глибина). Зберегти для окремого контексту після затвердження основних 12 композицій.,Assets/PolygonBattleRoyale/Models/SM_Prop_MedicalBox_02.fbx,196,451a04b66d5a60a53838b9dd31cebacfe355f281ad618ead95460fd62a6babf7,
M0239,m_51f280217127e2d45b6d3f64cc218e9c,Зброя або бойовий реквізит · варіант 01,бойовий реквізит,виключено зі стилю,"Зброя або бойовий реквізит · варіант 01. Габарити джерела: 0.90 × 0.75 × 0.45 м (ширина × висота × глибина). Зберегти в бібліотеці, не включати в перші 12 затишних діорам.",Assets/PolygonBattleRoyale/Models/SM_Prop_MissileStack_01.fbx,740,460e7151b306c1465928961bf85934cc44e7739d2bf253d7726ec32c16805ec5,
M0240,m_ec64ca486236e694796ece9c8276b9ab,Шприц · варіант 01,додатковий реквізит,резерв,Шприц · варіант 01. Габарити джерела: 0.21 × 0.06 × 0.46 м (ширина × висота × глибина). Зберегти для окремого контексту після затвердження основних 12 композицій.,Assets/PolygonBattleRoyale/Models/SM_Prop_Needle_01.fbx,352,16919be0aca3204a424cb4b70c51e75dfea2a236037053029426ab18769af911,
M0241,m_1a9b15436c6fd1d43a7478f72dde8e0a,Ключ або замок · варіант 01,додатковий реквізит,резерв,Ключ або замок · варіант 01. Габарити джерела: 0.07 × 0.19 × 0.12 м (ширина × висота × глибина). Зберегти для окремого контексту після затвердження основних 12 композицій.,Assets/PolygonBattleRoyale/Models/SM_Prop_Padlock_01.fbx,164,b30713fdb289e633b9a7507c66371f45ded6b5b008dc51e2cb61324c3d2c5c0d,
M0242,m_ea6ca25dd576d6b4e91460b211721c82,Ключ або замок · варіант 02,додатковий реквізит,резерв,Ключ або замок · варіант 02. Габарити джерела: 0.07 × 0.19 × 0.12 м (ширина × висота × глибина). Зберегти для окремого контексту після затвердження основних 12 композицій.,Assets/PolygonBattleRoyale/Models/SM_Prop_Padlock_02.fbx,164,ab3cdf827a0ac31db087bad5c430aba8ca98546efc69ba48a07b382975286567,
M0243,m_fc88cb2b0d4fb704ea6ea4ce16582ce2,Дерев’яний піддон · варіант 01,побут / туризм,кандидат,Дерев’яний піддон · варіант 01. Габарити джерела: 2.01 × 1.42 × 1.68 м (ширина × висота × глибина). Один-два побутові акценти біля краю галявини; огорожі/настили мають власника й реальний підхід.,Assets/PolygonBattleRoyale/Models/SM_Prop_PalletStack_01.fbx,1176,62b58f1a3e6143f531e3aba10b29a7ec356314bf1cf78c4ef06273cfb4cf0b04,
M0244,m_cecc52f1106c3644b82812f74ac79286,Дерев’яний піддон · варіант 01,побут / туризм,кандидат,Дерев’яний піддон · варіант 01. Габарити джерела: 1.44 × 0.23 × 1.42 м (ширина × висота × глибина). Один-два побутові акценти біля краю галявини; огорожі/настили мають власника й реальний підхід.,Assets/PolygonBattleRoyale/Models/SM_Prop_Pallet_01.fbx,294,b25fd166d795c4ad48bded24e7a85569949afbc79c30067e1defa655f9aaf5f0,
M0245,m_9cc3dcffd7a7aaa4aa0f9cde59cfbf63,Дерев’яний піддон · варіант 01,побут / туризм,кандидат,Дерев’яний піддон · варіант 01. Габарити джерела: 1.44 × 1.18 × 1.52 м (ширина × висота × глибина). Один-два побутові акценти біля краю галявини; огорожі/настили мають власника й реальний підхід.,Assets/PolygonBattleRoyale/Models/SM_Prop_Pallet_Loaded_01.fbx,1522,049e9591e92074712220d079c1bc963c240283632afcd9c0cdb5886e95c12921,
M0246,m_39f64bdd932a1ee4cad8aab514a6d8e9,Дерев’яний піддон · варіант 02,побут / туризм,кандидат,Дерев’яний піддон · варіант 02. Габарити джерела: 1.44 × 1.14 × 1.42 м (ширина × висота × глибина). Один-два побутові акценти біля краю галявини; огорожі/настили мають власника й реальний підхід.,Assets/PolygonBattleRoyale/Models/SM_Prop_Pallet_Loaded_02.fbx,1654,04f8368283a882320e0acbd0897a013e15c2ec358deefdf42aaefd7dcacb0c3d,
M0247,m_62641c67b421ba649a660234bee13cea,Парашутний вантаж або купол · варіант 01,бойовий реквізит,виключено зі стилю,"Парашутний вантаж або купол · варіант 01. Габарити джерела: 6.78 × 5.23 × 3.00 м (ширина × висота × глибина). Зберегти в бібліотеці, не включати в перші 12 затишних діорам.",Assets/PolygonBattleRoyale/Models/SM_Prop_Parachute_01.fbx,1448,0b616da5a54f37d0a02c02c14cbd98e735327ab127afe191ee56e981bebd2590,
M0248,m_6ca2d6cac62ca3043b5cec0763236abd,Медичний реквізит · варіант 01,додатковий реквізит,резерв,Медичний реквізит · варіант 01. Габарити джерела: 0.15 × 0.24 × 0.15 м (ширина × висота × глибина). Зберегти для окремого контексту після затвердження основних 12 композицій.,Assets/PolygonBattleRoyale/Models/SM_Prop_Pills_01.fbx,160,c9f561456023a681c117593ec6b048c7c3bc90f34b6931edc0404a2af9128873,
M0249,m_f77e04c974feb9c479244ebffb74f415,Медичний реквізит · варіант 02,додатковий реквізит,резерв,Медичний реквізит · варіант 02. Габарити джерела: 0.17 × 0.01 × 0.10 м (ширина × висота × глибина). Зберегти для окремого контексту після затвердження основних 12 композицій.,Assets/PolygonBattleRoyale/Models/SM_Prop_Pills_02.fbx,188,a71ccfac7f58c2b18545466a446af42ed8967f1bffe862851dc80db778fe7100,
M0250,m_d035ef1ac12f6d0448076837c92b34ff,Господарський туалет · варіант 01,додатковий реквізит,резерв,Господарський туалет · варіант 01. Габарити джерела: 1.63 × 3.14 × 1.57 м (ширина × висота × глибина). Зберегти для окремого контексту після затвердження основних 12 композицій.,Assets/PolygonBattleRoyale/Models/SM_Prop_Portaloo_01.fbx,928,e49aaf33aaaf7eb22786d8a6a6cffa01e1b9f041b957115762af40b901bafa8d,
M0251,m_649cdb096bebdef4abb39e2cbdc25f98,Бочка або балон · варіант 01,додатковий реквізит,резерв,Бочка або балон · варіант 01. Габарити джерела: 0.35 × 0.53 × 0.35 м (ширина × висота × глибина). Зберегти для окремого контексту після затвердження основних 12 композицій.,Assets/PolygonBattleRoyale/Models/SM_Prop_Propane_01.fbx,544,cd519482e52de6344877362d0e635abcb565c56e4732943046cffb47e20d8ea5,
M0252,m_6010d38429bf59c4397f9626148d4177,Бочка або балон · варіант 01,додатковий реквізит,резерв,Бочка або балон · варіант 01. Габарити джерела: 0.23 × 1.45 × 0.23 м (ширина × висота × глибина). Зберегти для окремого контексту після затвердження основних 12 композицій.,Assets/PolygonBattleRoyale/Models/SM_Prop_Propane_Tall_01.fbx,332,17f4e26dad20e24547bae15613315447dbeef44cb8b42f74ededa8b9499992b8,
M0253,m_948a050d985c2da41825e861d514d385,Висока вежа · варіант 01,додатковий реквізит,резерв,Висока вежа · варіант 01. Габарити джерела: 2.36 × 12.74 × 1.99 м (ширина × висота × глибина). Зберегти для окремого контексту після затвердження основних 12 композицій.,Assets/PolygonBattleRoyale/Models/SM_Prop_RadioTower_01.fbx,2128,269101ab715962fe695ee9f8986d56b3e32b4c02d15616de2acbbb47aa2dfdfa,
M0254,m_2e2c2ad958492c04b800304568dad0d3,Стіл із навісом · варіант 01,бойовий реквізит,виключено зі стилю,"Стіл із навісом · варіант 01. Габарити джерела: 2.52 × 2.33 × 1.64 м (ширина × висота × глибина). Зберегти в бібліотеці, не включати в перші 12 затишних діорам.",Assets/PolygonBattleRoyale/Models/SM_Prop_Range_Trable_01.fbx,204,089073feb4d4342d853199099cf6411a9b59232c383dd31bd91d5fd934fd887d,
M0255,m_b9ff90c77d2846b4ab3c1016b039b4e4,Огорожа спеціального призначення · варіант 01,бойовий реквізит,виключено зі стилю,"Огорожа спеціального призначення · варіант 01. Габарити джерела: 1.50 × 2.12 × 0.16 м (ширина × висота × глибина). Зберегти в бібліотеці, не включати в перші 12 затишних діорам.",Assets/PolygonBattleRoyale/Models/SM_Prop_Range_Wall_01.fbx,178,dbd6a06cb07335b61f8eec8a7dc4eb43a0239650e096105374170a28dfa2eebd,
M0256,m_03794ae1543d78e4f9490ea2ee93ab46,Огорожа спеціального призначення · варіант 02,бойовий реквізит,виключено зі стилю,"Огорожа спеціального призначення · варіант 02. Габарити джерела: 1.50 × 2.12 × 0.16 м (ширина × висота × глибина). Зберегти в бібліотеці, не включати в перші 12 затишних діорам.",Assets/PolygonBattleRoyale/Models/SM_Prop_Range_Wall_02.fbx,312,190601071cead5d0d1e93a31479a7bff9ac42a73dc3ff49102fc12b1088116c4,
M0257,m_acae2c4ac155acf4bb68387d6da09eea,Огорожа спеціального призначення · варіант 03,бойовий реквізит,виключено зі стилю,"Огорожа спеціального призначення · варіант 03. Габарити джерела: 1.50 × 2.12 × 0.16 м (ширина × висота × глибина). Зберегти в бібліотеці, не включати в перші 12 затишних діорам.",Assets/PolygonBattleRoyale/Models/SM_Prop_Range_Wall_03.fbx,214,1b1747242063970f73a1fb98064e9bdbc2f2e96c7e3d77e849b5aefbca55fdc3,
M0258,m_db8bc3d166184ac4d85181169931b8e5,Огорожа спеціального призначення · варіант 01,бойовий реквізит,виключено зі стилю,"Огорожа спеціального призначення · варіант 01. Габарити джерела: 1.50 × 2.12 × 0.16 м (ширина × висота × глибина). Зберегти в бібліотеці, не включати в перші 12 затишних діорам.",Assets/PolygonBattleRoyale/Models/SM_Prop_Range_Wall_Door_01.fbx,144,eef9d0cc5544dcb15fe6968581182b533508588b71af7f06ae9b546938fe8c55,
M0259,m_ef84424f872715e49aa8fc8407209614,Огорожа спеціального призначення · варіант 01,бойовий реквізит,виключено зі стилю,"Огорожа спеціального призначення · варіант 01. Габарити джерела: 1.50 × 2.12 × 0.16 м (ширина × висота × глибина). Зберегти в бібліотеці, не включати в перші 12 затишних діорам.",Assets/PolygonBattleRoyale/Models/SM_Prop_Range_Wall_Half_01.fbx,112,d8042c0beccb09b6f0220078b9796a70383c911fbf817e7611619b61c698045b,
M0260,m_490e2f2a131f4cb4da4e972ff5108d0a,Огорожа спеціального призначення · варіант 01,бойовий реквізит,виключено зі стилю,"Огорожа спеціального призначення · варіант 01. Габарити джерела: 0.24 × 2.19 × 0.24 м (ширина × висота × глибина). Зберегти в бібліотеці, не включати в перші 12 затишних діорам.",Assets/PolygonBattleRoyale/Models/SM_Prop_Range_Wall_Post_01.fbx,50,e46457c999808e74c451ccf8dcd39c1095f2ef6ed889b608ad2949a5d7285a37,
M0261,m_5c1ef6aff58fcec4da97d75a7258c82c,Огорожа спеціального призначення · варіант 01,бойовий реквізит,виключено зі стилю,"Огорожа спеціального призначення · варіант 01. Габарити джерела: 1.50 × 2.12 × 0.16 м (ширина × висота × глибина). Зберегти в бібліотеці, не включати в перші 12 затишних діорам.",Assets/PolygonBattleRoyale/Models/SM_Prop_Range_Wall_Window_01.fbx,200,330c1e948fa11dff96f3e134094c2d9c92e4dce2c82f603b6efbc954ce4910c7,
M0262,m_3044d69a6f3b71b4583ba75d5a1f10e8,Сміття або контейнер · варіант 01,додатковий реквізит,резерв,Сміття або контейнер · варіант 01. Габарити джерела: 0.22 × 0.06 × 0.36 м (ширина × висота × глибина). Зберегти для окремого контексту після затвердження основних 12 композицій.,Assets/PolygonBattleRoyale/Models/SM_Prop_Rubbish_Bottle_01.fbx,60,307fe8f8f5b6fbb9cf825152958a3eff9a8a1722120d12aacd7e4ea5052a50d8,
M0263,m_546f08ca328075140a6c23eaee8ec481,Сміття або контейнер · варіант 01,додатковий реквізит,резерв,Сміття або контейнер · варіант 01. Габарити джерела: 0.16 × 0.02 × 0.25 м (ширина × висота × глибина). Зберегти для окремого контексту після затвердження основних 12 композицій.,Assets/PolygonBattleRoyale/Models/SM_Prop_Rubbish_Can_01.fbx,52,b8cd306dd14169a963c60fb76e639f381280f8cd6df918708f9c76976cb61ccf,
M0264,m_360bd567e3d209e4080dd1a15dcb318d,Сміття або контейнер · варіант 02,додатковий реквізит,резерв,Сміття або контейнер · варіант 02. Габарити джерела: 0.22 × 0.01 × 0.25 м (ширина × висота × глибина). Зберегти для окремого контексту після затвердження основних 12 композицій.,Assets/PolygonBattleRoyale/Models/SM_Prop_Rubbish_Can_02.fbx,32,bbae67e8b1a3e28f0176958fd4fb1cba419c95eff0639f3620db75ed11d3b70f,
M0265,m_9a929c1453bb04a438bb127212894bfb,Сміття або контейнер · варіант 01,додатковий реквізит,резерв,Сміття або контейнер · варіант 01. Габарити джерела: 0.19 × 0.00 × 0.30 м (ширина × висота × глибина). Зберегти для окремого контексту після затвердження основних 12 композицій.,Assets/PolygonBattleRoyale/Models/SM_Prop_Rubbish_Paper_01.fbx,2,a0ba0aed12f70c88dd2ceace55532ec0880ce82362b65df2746326c25fb24324,
M0266,m_9117695763b87a6408b13f4bae4fe2f7,Сміття або контейнер · варіант 02,додатковий реквізит,резерв,Сміття або контейнер · варіант 02. Габарити джерела: 0.19 × 0.00 × 0.30 м (ширина × висота × глибина). Зберегти для окремого контексту після затвердження основних 12 композицій.,Assets/PolygonBattleRoyale/Models/SM_Prop_Rubbish_Paper_02.fbx,2,ca720732ec0f7d0c2442712f8af6576efc26c38bbc2e40f8ae538580860ef163,
M0267,m_61167d7283e4b8244a70ba5abc513828,Сміття або контейнер · варіант 03,додатковий реквізит,резерв,Сміття або контейнер · варіант 03. Габарити джерела: 0.21 × 0.02 × 0.19 м (ширина × висота × глибина). Зберегти для окремого контексту після затвердження основних 12 композицій.,Assets/PolygonBattleRoyale/Models/SM_Prop_Rubbish_Paper_03.fbx,32,dbbf12e69a96ee8ed450e3f4cc5680d5fa6534de1390981bac345c5151c4c82e,
M0268,m_25fb9f08b288cd14e988bf133ad7786f,Сміття або контейнер · варіант 01,додатковий реквізит,резерв,Сміття або контейнер · варіант 01. Габарити джерела: 1.70 × 0.02 × 0.95 м (ширина × висота × глибина). Зберегти для окремого контексту після затвердження основних 12 композицій.,Assets/PolygonBattleRoyale/Models/SM_Prop_Rubbish_Papers_01.fbx,24,dba834d6840bf8ea6b9f24e8b1ab856cd00655ad8093871cd4a521967f8d76c4,
M0269,m_210401f6f1de6b245bc2910ef0def0fe,Сміття або контейнер · варіант 02,додатковий реквізит,резерв,Сміття або контейнер · варіант 02. Габарити джерела: 1.05 × 0.02 × 0.56 м (ширина × висота × глибина). Зберегти для окремого контексту після затвердження основних 12 композицій.,Assets/PolygonBattleRoyale/Models/SM_Prop_Rubbish_Papers_02.fbx,10,9727f7f219dd1e20d49f541be3fd067945604fe92cb52052b5bece462f57cd15,
M0270,m_971808212c0ad90408e1b773621016fe,Сміття або контейнер · варіант 03,додатковий реквізит,резерв,Сміття або контейнер · варіант 03. Габарити джерела: 0.53 × 0.02 × 0.55 м (ширина × висота × глибина). Зберегти для окремого контексту після затвердження основних 12 композицій.,Assets/PolygonBattleRoyale/Models/SM_Prop_Rubbish_Papers_03.fbx,14,329a3c0e4e6216104744a2bb594f9543c5e29e69131afbe9fd99a3477992736f,
M0271,m_dd0939519861f2748b7f356f7b66d799,Дерев’яний ящик · варіант 01,додатковий реквізит,резерв,Дерев’яний ящик · варіант 01. Габарити джерела: 0.69 × 0.38 × 0.47 м (ширина × висота × глибина). Зберегти для окремого контексту після затвердження основних 12 композицій.,Assets/PolygonBattleRoyale/Models/SM_Prop_Slatbox_01.fbx,244,d6dc8c25c20d05840d53301be5cd68d0f37bb8f1199584d79aa65f6505b109ea,
M0272,m_d3585230c10eea04388d270d7ae11c54,Ліхтар або світлофор · варіант 01,додатковий реквізит,резерв,Ліхтар або світлофор · варіант 01. Габарити джерела: 1.04 × 6.42 × 0.38 м (ширина × висота × глибина). Зберегти для окремого контексту після затвердження основних 12 композицій.,Assets/PolygonBattleRoyale/Models/SM_Prop_Spotlight_01.fbx,216,b4a0a4d54f8c283e036b07b6fe7372268e80f3f761b5ab6f076642695d26d207,
M0273,m_e874fcb166c47a845bfa3ed051d68bb7,Танк · варіант 01,бойовий реквізит,виключено зі стилю,"Танк · варіант 01. Габарити джерела: 1.61 × 1.31 × 1.50 м (ширина × висота × глибина). Зберегти в бібліотеці, не включати в перші 12 затишних діорам.",Assets/PolygonBattleRoyale/Models/SM_Prop_TankTrap_01.fbx,96,55aeb673273dfec6eaca25f0d04738b538955965fad4a974e189ad7d6d41d616,
M0274,m_75120fa4e60d8734183d9c6f43d8fc9e,Зброя або бойовий реквізит · варіант 01,бойовий реквізит,виключено зі стилю,"Зброя або бойовий реквізит · варіант 01. Габарити джерела: 0.60 × 1.72 × 0.18 м (ширина × висота × глибина). Зберегти в бібліотеці, не включати в перші 12 затишних діорам.",Assets/PolygonBattleRoyale/Models/SM_Prop_Target_01.fbx,220,6437e1bbe4616ad23cb9db252998659336fd6706ca7b68e1a9a9af21a00c2b2e,
M0275,m_701a5843999f49646a26cf1f211d55b8,Шина · варіант 01,додатковий реквізит,резерв,Шина · варіант 01. Габарити джерела: 1.08 × 0.72 × 0.73 м (ширина × висота × глибина). Зберегти для окремого контексту після затвердження основних 12 композицій.,Assets/PolygonBattleRoyale/Models/SM_Prop_TireStack_01.fbx,576,0b08015c95d73625f479c75b2b32ffe22caf7f888279172d2784cf7cf14a2949,
M0276,m_9e3991007a877d74a901aac20e9c75c4,Шина · варіант 01,додатковий реквізит,резерв,Шина · варіант 01. Габарити джерела: 0.72 × 0.22 × 0.72 м (ширина × висота × глибина). Зберегти для окремого контексту після затвердження основних 12 композицій.,Assets/PolygonBattleRoyale/Models/SM_Prop_Tire_01.fbx,192,560a719f8d55285f91dc9450bd1cd24de4c66535c505c71ee53a86a7bbfa58a7,
M0277,m_a665184da2667004194283dae9e81c81,Електрообладнання · варіант 01,додатковий реквізит,резерв,Електрообладнання · варіант 01. Габарити джерела: 3.23 × 2.46 × 2.08 м (ширина × висота × глибина). Зберегти для окремого контексту після затвердження основних 12 композицій.,Assets/PolygonBattleRoyale/Models/SM_Prop_Transformer_01.fbx,2090,511815a207ef7e87d1d9a1d0ff94ed2021a72730a7347b74f7fbaa30da82409a,
M0278,m_678da64fbb9b6784bb18b7789deaf2c5,Зброя або бойовий реквізит · варіант 01,бойовий реквізит,виключено зі стилю,"Зброя або бойовий реквізит · варіант 01. Габарити джерела: 1.21 × 0.14 × 0.46 м (ширина × висота × глибина). Зберегти в бібліотеці, не включати в перші 12 затишних діорам.",Assets/PolygonBattleRoyale/Models/SM_Prop_WeaponCase_01.fbx,736,aa7f9c757f4f36a86e6d329c03a650a3c0d7458c7957bc63ad6800cc2604a78b,
M0279,m_167ce1292cf7b7446b2814b8eb9b153e,Огорожа спеціального призначення · варіант 01,бойовий реквізит,виключено зі стилю,"Огорожа спеціального призначення · варіант 01. Габарити джерела: 0.02 × 0.03 × 0.00 м (ширина × висота × глибина). Зберегти в бібліотеці, не включати в перші 12 затишних діорам.",Assets/PolygonBattleRoyale/Models/SM_Prop_WireFence_01.fbx,656,bb5cd6db42355aecce35071cca0056f1166c4f78266547573c7b47ca14a538df,
M0280,m_63d554a26f4036e46964f34464d41b67,Огорожа спеціального призначення · варіант 02,бойовий реквізит,виключено зі стилю,"Огорожа спеціального призначення · варіант 02. Габарити джерела: 0.02 × 0.03 × 0.00 м (ширина × висота × глибина). Зберегти в бібліотеці, не включати в перші 12 затишних діорам.",Assets/PolygonBattleRoyale/Models/SM_Prop_WireFence_02.fbx,676,ab53285468af22eb8ed1ace35258137f95479bec03e183e43079c6ee35f2b9f8,
M0281,m_d84c6681841e4d74bbfffe9a40b12f28,Дерев’яна котушка · варіант 01,побут / туризм,кандидат,Дерев’яна котушка · варіант 01. Габарити джерела: 1.56 × 1.02 × 1.56 м (ширина × висота × глибина). Один-два побутові акценти біля краю галявини; огорожі/настили мають власника й реальний підхід.,Assets/PolygonBattleRoyale/Models/SM_Prop_Wirespool_01.fbx,430,8524ffe19ccdbeb869721794b100137435979accdaf263d0c5a707ebe944e800,
M0282,m_0888785e9ad551f46985a0f409d91e18,Дерев’яна котушка · варіант 02,побут / туризм,кандидат,Дерев’яна котушка · варіант 02. Габарити джерела: 1.56 × 1.02 × 1.56 м (ширина × висота × глибина). Один-два побутові акценти біля краю галявини; огорожі/настили мають власника й реальний підхід.,Assets/PolygonBattleRoyale/Models/SM_Prop_Wirespool_02.fbx,258,0eee9652cbb70098b223e373b2e597db8868e6342a44ee095be53f66456fb81a,
M0283,m_9d782c4d446ea5f48a7d57d6888ef815,Деревина або уламки · варіант 01,додатковий реквізит,резерв,Деревина або уламки · варіант 01. Габарити джерела: 3.47 × 0.07 × 0.51 м (ширина × висота × глибина). Зберегти для окремого контексту після затвердження основних 12 композицій.,Assets/PolygonBattleRoyale/Models/SM_Prop_WoodPlank_01.fbx,84,397fe63a7de6e36e0df2fb6489227c7d9a88f58b13a51d5fdc835a3f07e8dd8c,
M0284,m_61acac545cb3c0e4994e3fc8c50c55c9,Бронежилет · варіант 01,бойовий реквізит,виключено зі стилю,"Бронежилет · варіант 01. Габарити джерела: 2.51 × 2.43 × 4.76 м (ширина × висота × глибина). Зберегти в бібліотеці, не включати в перші 12 затишних діорам.",Assets/PolygonBattleRoyale/Models/SM_Veh_Armored_Car_01.fbx,7980,dfd9737abe906a1c594b5a9f8c6a218f5b6aada67cadad4398db8f80071de98b,
M0285,m_372cd8638996b4d409a38bb08ce61a0a,Бронежилет · варіант 01,бойовий реквізит,виключено зі стилю,"Бронежилет · варіант 01. Габарити джерела: 3.10 × 2.44 × 4.88 м (ширина × висота × глибина). Зберегти в бібліотеці, не включати в перші 12 затишних діорам.",Assets/PolygonBattleRoyale/Models/SM_Veh_Armored_Car_Destroyed_01.fbx,7860,13a5007bebc0ce61aa8881c997bd833b2213d5f95e0c4eb327565bdc3fc5e220,
M0286,m_cd5b51d00e7b63648903f00bfee5785c,Транспортний засіб · варіант 01,додатковий реквізит,резерв,Транспортний засіб · варіант 01. Габарити джерела: 0.82 × 1.58 × 2.32 м (ширина × висота × глибина). Зберегти для окремого контексту після затвердження основних 12 композицій.,Assets/PolygonBattleRoyale/Models/SM_Veh_Bike_01.fbx,5134,94209d50ad4de323892a98f549a3a2cf1c786c71a5fd14a68fbcdc1edd266247,
M0287,m_17d77ff376769764e8dee173c4943b6e,Транспортний засіб · варіант 01,додатковий реквізит,резерв,Транспортний засіб · варіант 01. Габарити джерела: 0.97 × 1.17 × 2.20 м (ширина × висота × глибина). Зберегти для окремого контексту після затвердження основних 12 композицій.,Assets/PolygonBattleRoyale/Models/SM_Veh_Bike_Destroyed_01.fbx,5134,129c975828f540ac8224f94f43a44b179ea1ed89b9e91094d9e123789bbbc4e9,
M0288,m_7fa1ac34d03b07e418720d331cd687d9,Човен · варіант 01,додатковий реквізит,резерв,Човен · варіант 01. Габарити джерела: 3.45 × 3.23 × 8.35 м (ширина × висота × глибина). Зберегти для окремого контексту після затвердження основних 12 композицій.,Assets/PolygonBattleRoyale/Models/SM_Veh_Boat_01.fbx,2210,652b11c4b479957e789df033f65555f26b90b718b6b15b0c7c773b757dc8406b,
M0289,m_7be19305a11b2c545b842e9d876c54d9,Човен · варіант 01,додатковий реквізит,резерв,Човен · варіант 01. Габарити джерела: 3.45 × 3.16 × 8.36 м (ширина × висота × глибина). Зберегти для окремого контексту після затвердження основних 12 композицій.,Assets/PolygonBattleRoyale/Models/SM_Veh_Boat_Destroyed_01.fbx,2210,d07a6bc503d015e34ad77e958d1a9bd893baca32ec945be2c27c8e3343d9587a,
M0290,m_97a28237f06108d43b54c0682707f2fb,Транспортний засіб · варіант 01,додатковий реквізит,резерв,Транспортний засіб · варіант 01. Габарити джерела: 2.40 × 2.44 × 4.79 м (ширина × висота × глибина). Зберегти для окремого контексту після затвердження основних 12 композицій.,Assets/PolygonBattleRoyale/Models/SM_Veh_Buggy_01.fbx,6539,d33a0ad5911713c63251f78770dab8e6ff733d0c95a591c4f746f0f64006dac6,
M0291,m_526c7278be65a144fbb9cee512652bd4,Транспортний засіб · варіант 01,додатковий реквізит,резерв,Транспортний засіб · варіант 01. Габарити джерела: 2.41 × 2.50 × 4.79 м (ширина × висота × глибина). Зберегти для окремого контексту після затвердження основних 12 композицій.,Assets/PolygonBattleRoyale/Models/SM_Veh_Buggy_Destroyed_01.fbx,6533,636ad496f33f4ab2d39572c7ab6a5fe0d9a9d7d1b56911009ce09b5316b30546,
M0292,m_74fb4d2cb5877d7488b5b45e275e081a,Транспортний засіб · варіант 01,додатковий реквізит,резерв,Транспортний засіб · варіант 01. Габарити джерела: 2.06 × 1.60 × 4.58 м (ширина × висота × глибина). Зберегти для окремого контексту після затвердження основних 12 композицій.,Assets/PolygonBattleRoyale/Models/SM_Veh_Car_01.fbx,6147,db508d32c0795c0f54a15498094af5f16c1c55ff919271d2107f2e085ddb5ec7,
M0293,m_7cfe832f81f12244080b0765f9f9d731,Транспортний засіб · варіант 01,додатковий реквізит,резерв,Транспортний засіб · варіант 01. Габарити джерела: 2.06 × 1.60 × 4.58 м (ширина × висота × глибина). Зберегти для окремого контексту після затвердження основних 12 композицій.,Assets/PolygonBattleRoyale/Models/SM_Veh_Car_Clean_01.fbx,5949,a05071aeca6d9916cc5e9af5284fe9cea8d6a0eb8181f0544133abf1b8f6be53,
M0294,m_3d3ea7b36d7124a48be3f0bce36d5bfd,Транспортний засіб · варіант 01,додатковий реквізит,резерв,Транспортний засіб · варіант 01. Габарити джерела: 2.09 × 1.52 × 4.58 м (ширина × висота × глибина). Зберегти для окремого контексту після затвердження основних 12 композицій.,Assets/PolygonBattleRoyale/Models/SM_Veh_Car_Destroyed_01.fbx,6136,6de76568b4eb0e02cee14923d3f4886479ab6634957fb1dd49719e1805c47d57,
M0295,m_2ae4241dbe2748c4e92c93fa9806ec66,Транспортний засіб · варіант 01,додатковий реквізит,резерв,Транспортний засіб · варіант 01. Габарити джерела: 0.49 × 0.18 × 0.01 м (ширина × висота × глибина). Зберегти для окремого контексту після затвердження основних 12 композицій.,Assets/PolygonBattleRoyale/Models/SM_Veh_Car_Plate_01.fbx,94,601ba3bf240bd04f3407d9bf77de8e157ad78b5d98c0505861813d744e5ef321,
M0296,m_c320518cb7c7589488f285d78c81b5fe,Бронежилет · варіант 01,бойовий реквізит,виключено зі стилю,"Бронежилет · варіант 01. Габарити джерела: 2.51 × 1.75 × 4.66 м (ширина × висота × глибина). Зберегти в бібліотеці, не включати в перші 12 затишних діорам.",Assets/PolygonBattleRoyale/Models/SM_Veh_Light_Armored_Car_01.fbx,7839,7b2f043301091de81800a89ae6e4377760afb5bb87a7e8725461809e7c8cf5ac,
M0297,m_7d2ae054691ed2d4baaab93d4c023a38,Транспортний засіб · варіант 01,додатковий реквізит,резерв,Транспортний засіб · варіант 01. Габарити джерела: 2.49 × 1.77 × 4.71 м (ширина × висота × глибина). Зберегти для окремого контексту після затвердження основних 12 композицій.,Assets/PolygonBattleRoyale/Models/SM_Veh_Light_Car_Destroyed_01.fbx,7709,6d3d6cb4eeb7f70cb723846f3b5bbf3d2469fbb67da5ad486f2510d40342add7,
M0298,m_c463152d6e4d2bf438a1d6b1c2f4b579,Літак · варіант 01,додатковий реквізит,резерв,Літак · варіант 01. Габарити джерела: 44.03 × 12.28 × 33.28 м (ширина × висота × глибина). Зберегти для окремого контексту після затвердження основних 12 композицій.,Assets/PolygonBattleRoyale/Models/SM_Veh_Plane_01.fbx,9758,5b5bcd269dd5933c06bdc9de57b54ef5fb74c5a015d7c5db1107f7a7a9e1d8ac,
M0299,m_4682e67e862cfb041829f0e8b78e0826,Літак · варіант 01,додатковий реквізит,резерв,Літак · варіант 01. Габарити джерела: 45.31 × 12.70 × 59.66 м (ширина × висота × глибина). Зберегти для окремого контексту після затвердження основних 12 композицій.,Assets/PolygonBattleRoyale/Models/SM_Veh_Plane_Destroyed_01.fbx,11237,a41ddcf005331c17412ca0ced23fcc4248e275ef09480af9211b47c48ede1cb3,
M0300,m_2f1d3345bc24a234f802714760eaf37f,Танк · варіант 01,бойовий реквізит,виключено зі стилю,"Танк · варіант 01. Габарити джерела: 3.74 × 4.56 × 10.09 м (ширина × висота × глибина). Зберегти в бібліотеці, не включати в перші 12 затишних діорам.",Assets/PolygonBattleRoyale/Models/SM_Veh_Tank_Russia_01.fbx,15169,dd2fd5e081c7a8ab4b41bde887c47873ee5cb7207d153272b7e4d80882dba4e6,
M0301,m_239ff63f1fe2df94b958577b84106941,Танк · варіант 01,бойовий реквізит,виключено зі стилю,"Танк · варіант 01. Габарити джерела: 3.88 × 3.28 × 9.76 м (ширина × висота × глибина). Зберегти в бібліотеці, не включати в перші 12 затишних діорам.",Assets/PolygonBattleRoyale/Models/SM_Veh_Tank_Russia_Destroyed_01.fbx,15065,c6e2ac43a2d12562dd128ed426b92e48446fd7a3e9026576c1eb09e34a58906c,
M0302,m_1e70f83fd953e9e49adb1026cf90f1ca,Танк · варіант 01,бойовий реквізит,виключено зі стилю,"Танк · варіант 01. Габарити джерела: 3.78 × 4.33 × 9.98 м (ширина × висота × глибина). Зберегти в бібліотеці, не включати в перші 12 затишних діорам.",Assets/PolygonBattleRoyale/Models/SM_Veh_Tank_USA_01.fbx,8004,f9483a8bf96d5eaef76b671ccddb416e44b8f62888bb800381e048c39a9a2737,
M0303,m_b579b5dc244ffdf41a98fc0bf2d5f991,Танк · варіант 01,бойовий реквізит,виключено зі стилю,"Танк · варіант 01. Габарити джерела: 5.86 × 3.81 × 9.04 м (ширина × висота × глибина). Зберегти в бібліотеці, не включати в перші 12 затишних діорам.",Assets/PolygonBattleRoyale/Models/SM_Veh_Tank_USA_Destroyed_01.fbx,8044,78db5ad20e155fa626ced464ac88b72306351d10086ebffe4c5ed63ca2c704bb,
M0304,m_7a7eaa68c7413f24396e2b83a1e47d4c,Транспортний засіб · варіант 01,додатковий реквізит,резерв,Транспортний засіб · варіант 01. Габарити джерела: 3.05 × 3.16 × 7.05 м (ширина × висота × глибина). Зберегти для окремого контексту після затвердження основних 12 композицій.,Assets/PolygonBattleRoyale/Models/SM_Veh_Truck_01.fbx,12601,549e06d26871c4410c50ce42f5ed81ec0cc34b9a8445f22c13eac771a95e7047,
M0305,m_63d99043e3d52b94ea9f04f8378e9a2a,Транспортний засіб · варіант 01,додатковий реквізит,резерв,Транспортний засіб · варіант 01. Габарити джерела: 3.06 × 3.03 × 7.45 м (ширина × висота × глибина). Зберегти для окремого контексту після затвердження основних 12 композицій.,Assets/PolygonBattleRoyale/Models/SM_Veh_Truck_Destroyed_01.fbx,12595,23c8790c95b01e2d124468ba10945aef3019d127ba9585654efa3a991eaa87d9,
M0306,m_a2d566024dd150318df901e3d072e5f7,Зброя або бойовий реквізит · варіант 01,бойовий реквізит,виключено зі стилю,"Зброя або бойовий реквізит · варіант 01. Габарити джерела: 0.01 × 0.01 × 0.06 м (ширина × висота × глибина). Зберегти в бібліотеці, не включати в перші 12 затишних діорам.",Assets/PolygonBattleRoyale/Models/SM_Wep_Ammo_BulletLarge_01.fbx,44,767cc18f18d7796846af6795951206a137bb24888b0611618c018d8185a06872,
M0307,m_4da6d824b66270c4f81e4bfb30d330fd,Зброя або бойовий реквізит · варіант 01,бойовий реквізит,виключено зі стилю,"Зброя або бойовий реквізит · варіант 01. Габарити джерела: 0.04 × 0.13 × 0.06 м (ширина × висота × глибина). Зберегти в бібліотеці, не включати в перші 12 затишних діорам.",Assets/PolygonBattleRoyale/Models/SM_Wep_Attachment_Grip_01.fbx,112,26ccaa8fd597cd401cfce24871e079e5e7d178e2ffb6c4262b16f715732bc819,
M0308,m_e2462e9d8992c7540a2cc5e821d147fc,Зброя або бойовий реквізит · варіант 01,бойовий реквізит,виключено зі стилю,"Зброя або бойовий реквізит · варіант 01. Габарити джерела: 0.06 × 0.06 × 0.12 м (ширина × висота × глибина). Зберегти в бібліотеці, не включати в перші 12 затишних діорам.",Assets/PolygonBattleRoyale/Models/SM_Wep_Attachment_Redot_01.fbx,142,1bcd2b1e091fc44e7f2ff35c7a34cb60c7344e624f367c7c1681f0ebd72bd2d9,
M0309,m_b8fc134665877924d9b5dacfbad7681a,Зброя або бойовий реквізит · варіант 01,бойовий реквізит,виключено зі стилю,"Зброя або бойовий реквізит · варіант 01. Габарити джерела: 0.05 × 0.05 × 0.21 м (ширина × висота × глибина). Зберегти в бібліотеці, не включати в перші 12 затишних діорам.",Assets/PolygonBattleRoyale/Models/SM_Wep_Attachment_Silencer_01.fbx,176,1313c2d298816b83fc5cbe28b676b61b098a30ef2b83df753e0886ebd61be99a,
M0310,m_c770b7d9f08e3364391a4edd19bca954,Зброя або бойовий реквізит · варіант 01,бойовий реквізит,виключено зі стилю,"Зброя або бойовий реквізит · варіант 01. Габарити джерела: 0.07 × 0.95 × 0.07 м (ширина × висота × глибина). Зберегти в бібліотеці, не включати в перші 12 затишних діорам.",Assets/PolygonBattleRoyale/Models/SM_Wep_Bat_01.fbx,112,3029145484ea24dab2fc66522398deea04a18907c548ef10bc77872ebbf01ba7,
M0311,m_851ccb37a25a2be49a2df0aa45a61045,Зброя або бойовий реквізит · варіант 01,бойовий реквізит,виключено зі стилю,"Зброя або бойовий реквізит · варіант 01. Габарити джерела: 0.01 × 0.01 × 0.07 м (ширина × висота × глибина). Зберегти в бібліотеці, не включати в перші 12 затишних діорам.",Assets/PolygonBattleRoyale/Models/SM_Wep_Bullet_Ammo_01.fbx,108,f92bb7441bdea02a109bfd736f91aa338bf478e5a3815aca83379ab88d3e5448,
M0312,m_fc08895cacfaac24a9d55ce1469e68c9,Зброя або бойовий реквізит · варіант 02,бойовий реквізит,виключено зі стилю,"Зброя або бойовий реквізит · варіант 02. Габарити джерела: 0.02 × 0.01 × 0.07 м (ширина × висота × глибина). Зберегти в бібліотеці, не включати в перші 12 затишних діорам.",Assets/PolygonBattleRoyale/Models/SM_Wep_Bullet_Ammo_02.fbx,252,907dda8e00c57117a7ab81aaf9cf17af27cff280f2830285d99c9323c7121f4a,
M0313,m_488e50edf28e8e848ab9e28e29419088,Зброя або бойовий реквізит · варіант 01,бойовий реквізит,виключено зі стилю,"Зброя або бойовий реквізит · варіант 01. Габарити джерела: 0.17 × 0.06 × 0.11 м (ширина × висота × глибина). Зберегти в бібліотеці, не включати в перші 12 затишних діорам.",Assets/PolygonBattleRoyale/Models/SM_Wep_Bullet_Ammo_Box_01.fbx,90,b2706c3892205e4fbf99634e0f3af50ddfc73ebc05e220d547d8601146bb6365,
M0314,m_60201869746d13145a400a0495dea671,Зброя або бойовий реквізит · варіант 02,бойовий реквізит,виключено зі стилю,"Зброя або бойовий реквізит · варіант 02. Габарити джерела: 0.17 × 0.06 × 0.11 м (ширина × висота × глибина). Зберегти в бібліотеці, не включати в перші 12 затишних діорам.",Assets/PolygonBattleRoyale/Models/SM_Wep_Bullet_Ammo_Box_02.fbx,90,52ceb1e2ec53691cba49c160995c943c6723a2e22d8d8e2e6bc62a01d4c88fb6,
M0315,m_c7bd6857815228a45b63c3daf31885b9,Зброя або бойовий реквізит · варіант 01,бойовий реквізит,виключено зі стилю,"Зброя або бойовий реквізит · варіант 01. Габарити джерела: 0.12 × 0.07 × 0.12 м (ширина × висота × глибина). Зберегти в бібліотеці, не включати в перші 12 затишних діорам.",Assets/PolygonBattleRoyale/Models/SM_Wep_Bullet_Ammo_Pile_01.fbx,432,e9767c0733263c695959853ef65766f307d5161a1eb65911e4b8fb90b3e058f1,
M0316,m_1a1f1ca657bb9164eb6fb6bc76ec63b4,Зачіска · варіант 01,бойовий реквізит,виключено зі стилю,"Зачіска · варіант 01. Габарити джерела: 0.00 × 0.00 × 0.00 м (ширина × висота × глибина). Зберегти в бібліотеці, не включати в перші 12 затишних діорам.",Assets/PolygonBattleRoyale/Models/SM_Wep_Crosshair_01.fbx,24,02730645ce0e447931b41e0d787452ce3b3c126310e1cf5763a3fd705491e4dd,
M0317,m_d2da2a1366cfcf642aa14f8880c69f83,Зачіска · варіант 02,бойовий реквізит,виключено зі стилю,"Зачіска · варіант 02. Габарити джерела: 0.01 × 0.01 × 0.00 м (ширина × висота × глибина). Зберегти в бібліотеці, не включати в перші 12 затишних діорам.",Assets/PolygonBattleRoyale/Models/SM_Wep_Crosshair_02.fbx,48,4ced27bf802729dce07557e0766a7ff30c8e2ab93b4238430ca81980db6649f1,
M0318,m_71d88d260d3bd6140bbbb8b1f6a9bca7,Зачіска · варіант 03,бойовий реквізит,виключено зі стилю,"Зачіска · варіант 03. Габарити джерела: 0.01 × 0.01 × 0.00 м (ширина × висота × глибина). Зберегти в бібліотеці, не включати в перші 12 затишних діорам.",Assets/PolygonBattleRoyale/Models/SM_Wep_Crosshair_03.fbx,20,e6795ba32a17b18e9eeb825867dac418a0d21ac704a7b4cb01adf91258ae0f34,
M0319,m_98bcd8aa5ff45824d8e7f79b955dfbcc,Зачіска · варіант 04,бойовий реквізит,виключено зі стилю,"Зачіска · варіант 04. Габарити джерела: 0.01 × 0.01 × 0.00 м (ширина × висота × глибина). Зберегти в бібліотеці, не включати в перші 12 затишних діорам.",Assets/PolygonBattleRoyale/Models/SM_Wep_Crosshair_04.fbx,72,2725423c4f04e6cd26f6597c3f120729661e183de66f5e838e86c0f7a5ada287,
M0320,m_b3a5c8dd950c34d4396dcdea3ebdb2d9,Зачіска · варіант 05,бойовий реквізит,виключено зі стилю,"Зачіска · варіант 05. Габарити джерела: 0.01 × 0.01 × 0.00 м (ширина × висота × глибина). Зберегти в бібліотеці, не включати в перші 12 затишних діорам.",Assets/PolygonBattleRoyale/Models/SM_Wep_Crosshair_05.fbx,72,eb5e2b1cc6e6947d6426b077c59f3de0fdb245ab0929a14f0d911ba6ab165535,
M0321,m_dacc42cfe6fdf3548b8738c739e4969c,Зачіска · варіант 01,бойовий реквізит,виключено зі стилю,"Зачіска · варіант 01. Габарити джерела: 0.05 × 0.05 × 0.00 м (ширина × висота × глибина). Зберегти в бібліотеці, не включати в перші 12 затишних діорам.",Assets/PolygonBattleRoyale/Models/SM_Wep_Crosshair_Sniper_01.fbx,152,ccc8206cc3e9f75a983687304522dd7ee9374f43209b743dbaa630fe6928923a,
M0322,m_a035398e3bfdfd44a9f7978bf1f6b574,Зброя або бойовий реквізит · варіант 01,бойовий реквізит,виключено зі стилю,"Зброя або бойовий реквізит · варіант 01. Габарити джерела: 0.07 × 0.99 × 0.25 м (ширина × висота × глибина). Зберегти в бібліотеці, не включати в перші 12 затишних діорам.",Assets/PolygonBattleRoyale/Models/SM_Wep_Crowbar_01.fbx,140,60d2cac891a9e4577d76b3a08ba95c0392db799eb43ed4a58a7b3321f87d0283,
M0323,m_113a6a871f8774c4aad2f7808e49b2e9,Зброя або бойовий реквізит · варіант 01,бойовий реквізит,виключено зі стилю,"Зброя або бойовий реквізит · варіант 01. Габарити джерела: 0.08 × 0.98 × 0.33 м (ширина × висота × глибина). Зберегти в бібліотеці, не включати в перші 12 затишних діорам.",Assets/PolygonBattleRoyale/Models/SM_Wep_Fireaxe_01.fbx,232,db6d1ac3fba708b30e3b31b97db3dd5c8fcd330b639091ac168a05b2044c0450,
M0324,m_30b1721f2df7ebb4d94b6e165791ee16,Зброя або бойовий реквізит · варіант 01,бойовий реквізит,виключено зі стилю,"Зброя або бойовий реквізит · варіант 01. Габарити джерела: 0.05 × 0.05 × 0.10 м (ширина × висота × глибина). Зберегти в бібліотеці, не включати в перші 12 затишних діорам.",Assets/PolygonBattleRoyale/Models/SM_Wep_Flare_Ammo_01.fbx,128,89b7ea8cf35f152763e2017163c5d34132f51244bbbb7b1797070048c72833a6,
M0325,m_b945fc7164617984c9a7d253f5cdfab7,Зброя або бойовий реквізит · варіант 01,бойовий реквізит,виключено зі стилю,"Зброя або бойовий реквізит · варіант 01. Габарити джерела: 0.09 × 0.13 × 0.10 м (ширина × висота × глибина). Зберегти в бібліотеці, не включати в перші 12 затишних діорам.",Assets/PolygonBattleRoyale/Models/SM_Wep_Grenade_01.fbx,300,87bff7912e0555e557b2502bc06d5648f98159f4c26bc0eb6c9d3c66f62b2f9d,
M0326,m_cb0c191bcc7b46c4199a6928a0225374,Зброя або бойовий реквізит · варіант 01,бойовий реквізит,виключено зі стилю,"Зброя або бойовий реквізит · варіант 01. Габарити джерела: 0.05 × 0.05 × 0.10 м (ширина × висота × глибина). Зберегти в бібліотеці, не включати в перші 12 затишних діорам.",Assets/PolygonBattleRoyale/Models/SM_Wep_Grenade_Ammo_01.fbx,224,139ddad8ca50fd42284d5ca6ff87f6ac189cb5e1c177667877b36d50704670ff,
M0327,m_c3b07e50b6c3d754d943f061e0ce088c,Зброя або бойовий реквізит · варіант 01,бойовий реквізит,виключено зі стилю,"Зброя або бойовий реквізит · варіант 01. Габарити джерела: 0.22 × 0.09 × 0.14 м (ширина × висота × глибина). Зберегти в бібліотеці, не включати в перші 12 затишних діорам.",Assets/PolygonBattleRoyale/Models/SM_Wep_Grenade_Ammo_Box_01.fbx,72,b84427adebfb51e1bcbf1fe3fb054e8d80c21e71ed16077055de6a83b998e53e,
M0328,m_cb0450618fa02fc44adab2ef67d67d47,Зброя або бойовий реквізит · варіант 01,бойовий реквізит,виключено зі стилю,"Зброя або бойовий реквізит · варіант 01. Габарити джерела: 0.11 × 0.11 × 0.23 м (ширина × висота × глибина). Зберегти в бібліотеці, не включати в перші 12 затишних діорам.",Assets/PolygonBattleRoyale/Models/SM_Wep_Grenade_Ammo_Pile_01.fbx,672,c3abc51c5007597bbcce8614daf0be5708ae60be03c652965ea1fc62c303d732,
M0329,m_2ba97cbdd0d9a934f8a49a498393a993,Зброя або бойовий реквізит · варіант 01,бойовий реквізит,виключено зі стилю,"Зброя або бойовий реквізит · варіант 01. Габарити джерела: 0.21 × 0.39 × 0.82 м (ширина × висота × глибина). Зберегти в бібліотеці, не включати в перші 12 затишних діорам.",Assets/PolygonBattleRoyale/Models/SM_Wep_Grenade_Launcher_01.fbx,5258,086d6d6b9c9d892a9f1cce6f0ce9ca4350c957433081874963ec8190b2834be2,
M0330,m_f6a4e11b44548df4bbbe8f1ec1a86310,Зброя або бойовий реквізит · варіант 01,бойовий реквізит,виключено зі стилю,"Зброя або бойовий реквізит · варіант 01. Габарити джерела: 0.06 × 0.17 × 0.08 м (ширина × висота × глибина). Зберегти в бібліотеці, не включати в перші 12 затишних діорам.",Assets/PolygonBattleRoyale/Models/SM_Wep_Grenade_Smoke_01.fbx,206,30a9967bc891119495793b97a23b926951c7a9157d276e0e163ee57e48ba760b,
M0331,m_36893df50df1cc34aab188ecc413329e,Зброя або бойовий реквізит · варіант 01,бойовий реквізит,виключено зі стилю,"Зброя або бойовий реквізит · варіант 01. Габарити джерела: 0.04 × 1.01 × 0.09 м (ширина × висота × глибина). Зберегти в бібліотеці, не включати в перші 12 затишних діорам.",Assets/PolygonBattleRoyale/Models/SM_Wep_Machete_01.fbx,228,08efccd358be66f855343dc2796721089745c6dc4755d4c7ce446860d33dacde,
M0332,m_446a4ba815eeb394d8c23498cae46bf4,Зброя або бойовий реквізит · варіант 01,бойовий реквізит,виключено зі стилю,"Зброя або бойовий реквізит · варіант 01. Габарити джерела: 0.17 × 0.31 × 1.02 м (ширина × висота × глибина). Зберегти в бібліотеці, не включати в перші 12 затишних діорам.",Assets/PolygonBattleRoyale/Models/SM_Wep_MachineGun_01.fbx,6664,4d68d2083a9066d8d7a5566ba3124a9e5688744afda3e32f445a4c06d591642c,
M0333,m_cfea764e1a49a6840aa6167482ca3399,Зброя або бойовий реквізит · варіант 01,бойовий реквізит,виключено зі стилю,"Зброя або бойовий реквізит · варіант 01. Габарити джерела: 0.42 × 0.75 × 0.08 м (ширина × висота × глибина). Зберегти в бібліотеці, не включати в перші 12 затишних діорам.",Assets/PolygonBattleRoyale/Models/SM_Wep_Pan_01.fbx,218,b76729981b3dd1d58ce9f74fa0535ff444107bbf316ceca277d1eb63510740b1,
M0334,m_e78472d180f26c943a8ec484ba2faa19,Зброя або бойовий реквізит · варіант 01,бойовий реквізит,виключено зі стилю,"Зброя або бойовий реквізит · варіант 01. Габарити джерела: 0.12 × 0.98 × 0.80 м (ширина × висота × глибина). Зберегти в бібліотеці, не включати в перші 12 затишних діорам.",Assets/PolygonBattleRoyale/Models/SM_Wep_Pickaxe_01.fbx,372,2e60e30c81ab7753efd2608da851b30950e642733fb4667064139e7c7f9ce25e,
M0335,m_5c8cb43d7d087134f8cbdd3aa1b1ee8e,Зброя або бойовий реквізит · варіант 01,бойовий реквізит,виключено зі стилю,"Зброя або бойовий реквізит · варіант 01. Габарити джерела: 0.01 × 0.03 × 0.01 м (ширина × висота × глибина). Зберегти в бібліотеці, не включати в перші 12 затишних діорам.",Assets/PolygonBattleRoyale/Models/SM_Wep_Pistol_Ammo_01.fbx,108,b82f1ff9470178e7c5aad58581f4572fcf2185bb03b494581d77050437b5d21d,
M0336,m_67503b6e25e0f904d9baa6765d69723c,Зброя або бойовий реквізит · варіант 01,бойовий реквізит,виключено зі стилю,"Зброя або бойовий реквізит · варіант 01. Габарити джерела: 0.12 × 0.04 × 0.07 м (ширина × висота × глибина). Зберегти в бібліотеці, не включати в перші 12 затишних діорам.",Assets/PolygonBattleRoyale/Models/SM_Wep_Pistol_Ammo_Box_01.fbx,84,cf5e794530c172078859882b6fb3ad441b5c0aa47facf70257bb999ec6b97eb3,
M0337,m_33b293941d24ec845b8c6136509906cd,Зброя або бойовий реквізит · варіант 01,бойовий реквізит,виключено зі стилю,"Зброя або бойовий реквізит · варіант 01. Габарити джерела: 0.07 × 0.03 × 0.10 м (ширина × висота × глибина). Зберегти в бібліотеці, не включати в перші 12 затишних діорам.",Assets/PolygonBattleRoyale/Models/SM_Wep_Pistol_Ammo_Pile_01.fbx,432,4034636f7fa772e34eaaad0b6e25e396c9e85b261d2ec15ee656aec63a301d89,
M0338,m_4c28b327b75b720438935fd437645d78,Зброя або бойовий реквізит · варіант 01,бойовий реквізит,виключено зі стилю,"Зброя або бойовий реквізит · варіант 01. Габарити джерела: 0.01 × 0.01 × 0.05 м (ширина × висота × глибина). Зберегти в бібліотеці, не включати в перші 12 затишних діорам.",Assets/PolygonBattleRoyale/Models/SM_Wep_Pistol_Bullet_01.fbx,96,4fbfd20537a6ab07d9112852c5fc917a8e75830be8d60716fee12c1099056a24,
M0339,m_8365483f576e61b4ab0c7cecb76f4870,Зброя або бойовий реквізит · варіант 01,бойовий реквізит,виключено зі стилю,"Зброя або бойовий реквізит · варіант 01. Габарити джерела: 0.06 × 0.20 × 0.28 м (ширина × висота × глибина). Зберегти в бібліотеці, не включати в перші 12 затишних діорам.",Assets/PolygonBattleRoyale/Models/SM_Wep_Pistol_Flare_01.fbx,714,c1d514d196dfd3ec18570c76fef05ac8b8192e88dbb05b7d4100d7f2f3df79a2,
M0340,m_10ba6e179a5dfc349b65fe9848acea31,Зброя або бойовий реквізит · варіант 01,бойовий реквізит,виключено зі стилю,"Зброя або бойовий реквізит · варіант 01. Габарити джерела: 0.05 × 0.21 × 0.39 м (ширина × висота × глибина). Зберегти в бібліотеці, не включати в перші 12 затишних діорам.",Assets/PolygonBattleRoyale/Models/SM_Wep_Pistol_Heavy_01.fbx,1160,fb33072de93f91674223e74356b56923bb1c864da50baa1c99c56b99afa53c60,
M0341,m_4079e2051e4345248b3eb3283c25022d,Зброя або бойовий реквізит · варіант 01,бойовий реквізит,виключено зі стилю,"Зброя або бойовий реквізит · варіант 01. Габарити джерела: 0.06 × 0.21 × 0.47 м (ширина × висота × глибина). Зберегти в бібліотеці, не включати в перші 12 затишних діорам.",Assets/PolygonBattleRoyale/Models/SM_Wep_Pistol_Revolver_01.fbx,2244,4c1500d3b049250ed13b2cd8fba331b55fe02ccaf676be584920c9bb981f9532,
M0342,m_23c2975d69d5d72449c7ca8599779e90,Зброя або бойовий реквізит · варіант 01,бойовий реквізит,виключено зі стилю,"Зброя або бойовий реквізит · варіант 01. Габарити джерела: 0.17 × 0.36 × 1.84 м (ширина × висота × глибина). Зберегти в бібліотеці, не включати в перші 12 затишних діорам.",Assets/PolygonBattleRoyale/Models/SM_Wep_RPG_01.fbx,2394,381e508b8819c782899c577ce0b336ddbc088ecb5747f1f46b1a54d7639d2ac8,
M0343,m_c241436f24f965e4f932f73f536951a4,Гранчастий валун · варіант 01,бойовий реквізит,виключено зі стилю,"Гранчастий валун · варіант 01. Габарити джерела: 0.24 × 0.24 × 1.04 м (ширина × висота × глибина). Зберегти в бібліотеці, не включати в перші 12 затишних діорам.",Assets/PolygonBattleRoyale/Models/SM_Wep_RPG_Rocket_Active_01.fbx,590,ea3162e6774f5ad7cd2e2784d9fad0ec7c08b7785a9ff720a224427e4f0e126a,
M0344,m_cdefdc5c18023db43b1bd8417da053ee,Зброя або бойовий реквізит · варіант 01,бойовий реквізит,виключено зі стилю,"Зброя або бойовий реквізит · варіант 01. Габарити джерела: 0.06 × 0.18 × 0.26 м (ширина × висота × глибина). Зберегти в бібліотеці, не включати в перші 12 затишних діорам.",Assets/PolygonBattleRoyale/Models/SM_Wep_Revolver_Snub_01.fbx,2158,8d1812a3da9e321c9dd3cd90e6baa567f96199615f522b98a016af9a39d71324,
M0345,m_88fdeec172a3e9340bbdc5ab683e009e,Зброя або бойовий реквізит · варіант 01,бойовий реквізит,виключено зі стилю,"Зброя або бойовий реквізит · варіант 01. Габарити джерела: 0.07 × 0.33 × 1.05 м (ширина × висота × глибина). Зберегти в бібліотеці, не включати в перші 12 затишних діорам.",Assets/PolygonBattleRoyale/Models/SM_Wep_Rifle_Assault_01.fbx,2906,ea79444be9fcfb5a2b9c88ee6a04bc59ab41cd291bb6b02c77eef94aaad69ff1,
M0346,m_49a29c6e3aadff54691ab084ad47989b,Зброя або бойовий реквізит · варіант 02,бойовий реквізит,виключено зі стилю,"Зброя або бойовий реквізит · варіант 02. Габарити джерела: 0.05 × 0.29 × 0.76 м (ширина × висота × глибина). Зберегти в бібліотеці, не включати в перші 12 затишних діорам.",Assets/PolygonBattleRoyale/Models/SM_Wep_Rifle_Assault_02.fbx,1662,eb461c0a8a15335f3bf69c960e53372444d0d5072cd2b88313b59f5c8de097f0,
M0347,m_bfcc82f419f1e3a4abeb8da721e79d12,Зброя або бойовий реквізит · варіант 03,бойовий реквізит,виключено зі стилю,"Зброя або бойовий реквізит · варіант 03. Габарити джерела: 0.07 × 0.29 × 1.04 м (ширина × висота × глибина). Зберегти в бібліотеці, не включати в перші 12 затишних діорам.",Assets/PolygonBattleRoyale/Models/SM_Wep_Rifle_Assault_03.fbx,2001,3c754ff817c7c02c5a7f42a373cf3956ad761e382d119a4ddb4bdd7b0a9966de,
M0348,m_997054e5bd4c877459a07703fb07c047,Зброя або бойовий реквізит · варіант 04,бойовий реквізит,виключено зі стилю,"Зброя або бойовий реквізит · варіант 04. Габарити джерела: 0.08 × 0.29 × 1.07 м (ширина × висота × глибина). Зберегти в бібліотеці, не включати в перші 12 затишних діорам.",Assets/PolygonBattleRoyale/Models/SM_Wep_Rifle_Assault_04.fbx,1834,ba6306330ac429746e5ec72cd0b6d9addd9c341f998547e3f17806f7e18aaed0,
M0349,m_03f0a441e16711b48b66ed5af159940f,Зброя або бойовий реквізит · варіант 05,бойовий реквізит,виключено зі стилю,"Зброя або бойовий реквізит · варіант 05. Габарити джерела: 0.08 × 0.30 × 0.81 м (ширина × висота × глибина). Зберегти в бібліотеці, не включати в перші 12 затишних діорам.",Assets/PolygonBattleRoyale/Models/SM_Wep_Rifle_Assault_05.fbx,1764,62a64e9aa6104c42e125fb306fad9cac6fb99731335adffbcf80b3783c0e7350,
M0350,m_4e5c9ab4a30f0544992b132b6c22b6b9,Зброя або бойовий реквізит · варіант 01,бойовий реквізит,виключено зі стилю,"Зброя або бойовий реквізит · варіант 01. Габарити джерела: 0.65 × 1.07 × 0.18 м (ширина × висота × глибина). Зберегти в бібліотеці, не включати в перші 12 затишних діорам.",Assets/PolygonBattleRoyale/Models/SM_Wep_RiotShield_01.fbx,390,f0c21da848dd9ab831c7911a437d87d8002df7f6965a76866aa148b8b8de8f21,
M0351,m_8d2e374bfca5d6449af9fc2cdfd38e6d,Зброя або бойовий реквізит · варіант 01,бойовий реквізит,виключено зі стилю,"Зброя або бойовий реквізит · варіант 01. Габарити джерела: 0.08 × 0.23 × 1.21 м (ширина × висота × глибина). Зберегти в бібліотеці, не включати в перші 12 затишних діорам.",Assets/PolygonBattleRoyale/Models/SM_Wep_Shotgun_01.fbx,1988,ba632a17dbc9a836f803171278e5342d6a5b32f65a765bc024858685495d9a52,
M0352,m_4c38f27c027f60b4e818c4ee2d79f6d9,Зброя або бойовий реквізит · варіант 01,бойовий реквізит,виключено зі стилю,"Зброя або бойовий реквізит · варіант 01. Габарити джерела: 0.02 × 0.05 × 0.02 м (ширина × висота × глибина). Зберегти в бібліотеці, не включати в перші 12 затишних діорам.",Assets/PolygonBattleRoyale/Models/SM_Wep_Shotgun_Ammo_01.fbx,158,b6b3d6d475d80ebebba5681eeb7eb20757bb66376e2bbdd1fdbdfb9fa4af54b7,
M0353,m_475adb592c0e7e044a88658effb84cf9,Зброя або бойовий реквізит · варіант 01,бойовий реквізит,виключено зі стилю,"Зброя або бойовий реквізит · варіант 01. Габарити джерела: 0.16 × 0.06 × 0.10 м (ширина × висота × глибина). Зберегти в бібліотеці, не включати в перші 12 затишних діорам.",Assets/PolygonBattleRoyale/Models/SM_Wep_Shotgun_Ammo_Box_01.fbx,76,50258c66ff28520ecd075ab9481867df15b226510a0ee27efd15ede016650766,
M0354,m_99ff9bd617d8d6240a7ec93322d32b95,Зброя або бойовий реквізит · варіант 01,бойовий реквізит,виключено зі стилю,"Зброя або бойовий реквізит · варіант 01. Габарити джерела: 0.08 × 0.06 × 0.20 м (ширина × висота × глибина). Зберегти в бібліотеці, не включати в перші 12 затишних діорам.",Assets/PolygonBattleRoyale/Models/SM_Wep_Shotgun_Ammo_Pile_01.fbx,474,e9969c822d7b96d9192b1135db3477e01d0826c9d5b40202956370ed4af41821,
M0355,m_7f53e6d1896da0f48947e4cf096a68d5,Зброя або бойовий реквізит · варіант 01,бойовий реквізит,виключено зі стилю,"Зброя або бойовий реквізит · варіант 01. Габарити джерела: 0.10 × 0.29 × 1.14 м (ширина × висота × глибина). Зберегти в бібліотеці, не включати в перші 12 затишних діорам.",Assets/PolygonBattleRoyale/Models/SM_Wep_Sniper_01.fbx,4406,f08a9c242622bcd0374b3091a3060b2a5347b72a1cfeb57e05ddc9598648c859,
M0356,m_7c3c28c2bd92ac24fb0f640748858ea9,Зброя або бойовий реквізит · варіант 01,бойовий реквізит,виключено зі стилю,"Зброя або бойовий реквізит · варіант 01. Габарити джерела: 0.19 × 0.39 × 1.84 м (ширина × висота × глибина). Зберегти в бібліотеці, не включати в перші 12 затишних діорам.",Assets/PolygonBattleRoyale/Models/SM_Wep_Sniper_Heavy_01.fbx,4651,6d0f8f005476b38871cf11500c8ee377489f1cde442363f28b712f90fd979914,
M0357,m_2ccca7b73df113548a62d6caa4ffb6b1,Зброя або бойовий реквізит · варіант 01,бойовий реквізит,виключено зі стилю,"Зброя або бойовий реквізит · варіант 01. Габарити джерела: 0.08 × 0.27 × 1.49 м (ширина × висота × глибина). Зберегти в бібліотеці, не включати в перші 12 затишних діорам.",Assets/PolygonBattleRoyale/Models/SM_Wep_Sniper_Lite_01.fbx,2307,786f00d71a473ae4d73b1dcecff8b456ef9ec363fb59929efc25963bcf0f2f47,
M0358,m_0dd5d94fdbd23d547b6bf16cb52f208a,Зброя або бойовий реквізит · варіант 01,бойовий реквізит,виключено зі стилю,"Зброя або бойовий реквізит · варіант 01. Габарити джерела: 0.07 × 0.25 × 1.31 м (ширина × висота × глибина). Зберегти в бібліотеці, не включати в перші 12 затишних діорам.",Assets/PolygonBattleRoyale/Models/SM_Wep_Sniper_Mil_01.fbx,1335,1d8f3f082b4e77f3dcb0673dd35ba301719e6d8198f07166b56a615aaf610cca,
M0359,m_019306bfc39e00a4e98ec0d4f5c13dc1,Зброя або бойовий реквізит · варіант 01,бойовий реквізит,виключено зі стилю,"Зброя або бойовий реквізит · варіант 01. Габарити джерела: 0.08 × 0.24 × 0.68 м (ширина × висота × глибина). Зберегти в бібліотеці, не включати в перші 12 затишних діорам.",Assets/PolygonBattleRoyale/Models/SM_Wep_SubMGun_01.fbx,1532,3bb81107208efc761bbe5088ec393fd33078b927777f1446c9827f2315626053,
M0360,m_219d6ed6485f29449922ad24628238ef,Зброя або бойовий реквізит · варіант 01,бойовий реквізит,виключено зі стилю,"Зброя або бойовий реквізит · варіант 01. Габарити джерела: 0.07 × 0.34 × 0.50 м (ширина × висота × глибина). Зберегти в бібліотеці, не включати в перші 12 затишних діорам.",Assets/PolygonBattleRoyale/Models/SM_Wep_SubMGun_Lite_01.fbx,1888,a44fae4222a891febea21f734c1a6495688a9b46228f77216d98c808908d0fe4,
M0361,m_897b34267f422c1499700402763d096e,Збірка персонажів,персонажі,потребує адаптації,Збірка персонажів. Габарити джерела: 2.05 × 1.98 × 0.59 м (ширина × висота × глибина). Збірка має накладені фігури; для окремого персонажа вибрати prefab.,Assets/PolygonCity/Models/Characters.fbx,17135,55f0e1f0081e2e2bcaa54e27870e674b412232c14edcd70bcd14634ea29adae7,
M0362,m_27d2d47fe6c269243a9fa526d47ec957,Колізійна оболонка: модуль цегляного житла,службова геометрія,службове,Колізійна оболонка: модуль цегляного житла. Габарити джерела: 5.04 × 4.15 × 9.90 м (ширина × висота × глибина). Колізії; не показувати як декоративний об’єкт.,Assets/PolygonCity/Models/Collisions/SM_Bld_Apartment_Stairs_01_Collision.fbx,168,4786a805942e95c5520e4de14f3359dede202a5d4176c4412b012923bf1b89ab,
M0363,m_d727ed3d685501b45af77bdb4fb61185,Колізійна оболонка: модуль цегляного житла,службова геометрія,службове,Колізійна оболонка: модуль цегляного житла. Габарити джерела: 5.04 × 3.94 × 9.90 м (ширина × висота × глибина). Колізії; не показувати як декоративний об’єкт.,Assets/PolygonCity/Models/Collisions/SM_Bld_Apartment_Stairs_02_Collision.fbx,168,b4b10ddc209c7083c1aba3630aa193e4b0bcb62e08d9fb138a1d4b8174d64864,
M0364,m_2d700aadc684b324492f69c4c4f08534,Колізійна оболонка: модуль цегляного житла,службова геометрія,службове,Колізійна оболонка: модуль цегляного житла. Габарити джерела: 10.08 × 4.17 × 10.01 м (ширина × висота × глибина). Колізії; не показувати як декоративний об’єкт.,Assets/PolygonCity/Models/Collisions/SM_Bld_Apartment_Stairs_Corner_01_Collision.fbx,312,08c1e70a966346142dc9bc97446e7a040291b9951b3878ee2634659f289ab2e4,
M0365,m_9a6392eaeb343b5489564f7bef139925,Колізійна оболонка: модуль дороги або тротуару,службова геометрія,службове,Колізійна оболонка: модуль дороги або тротуару. Габарити джерела: 10.00 × 1.00 × 5.00 м (ширина × висота × глибина). Колізії; не показувати як декоративний об’єкт.,Assets/PolygonCity/Models/Collisions/SM_Env_Sidewalk_Construction_01_Collision.fbx,70,b00f6767351cdc23eb33e2cc5367019637cff3aea398212a13909506166b5c58,
M0366,m_91028badc63f59f43a9c5bda64fbd608,Збірка персонажів,персонажі,потребує адаптації,Збірка персонажів. Габарити джерела: 2.05 × 1.98 × 0.59 м (ширина × висота × глибина). Збірка має накладені фігури; для окремого персонажа вибрати prefab.,Assets/PolygonCity/Models/FixedScaleCharacters/Characters.fbx,17143,1a8acc6d7f41479987d92bd694a4eb2399617e3c1ece48aa682b3f97f6730100,
M0367,m_7e4c9c6a708282549adc005136e459f2,Модуль цегляного житла · варіант 01,місто / інфраструктура,резерв,Модуль цегляного житла · варіант 01. Габарити джерела: 5.00 × 3.00 × 5.20 м (ширина × висота × глибина). Майбутня околиця або містечко; англомовні написи адаптувати. Не використовувати випадкові модулі.,Assets/PolygonCity/Models/SM_Bld_Apartment_01.fbx,456,803dd016744007ac889020746c8c0ae03ee6f2e52b40384bbc53c303904d65bf,
M0368,m_7e542005a33c314419c59e77105281fe,Модуль цегляного житла · варіант 02,місто / інфраструктура,резерв,Модуль цегляного житла · варіант 02. Габарити джерела: 5.17 × 3.00 × 5.21 м (ширина × висота × глибина). Майбутня околиця або містечко; англомовні написи адаптувати. Не використовувати випадкові модулі.,Assets/PolygonCity/Models/SM_Bld_Apartment_02.fbx,1032,fc94eb29c5929d3eb92e8a9e73533f67b630130251ff56e06c6e7c09f88ac864,
M0369,m_29880c5e7c1ab104ca8f6bb2b16a79c1,Модуль цегляного житла · варіант 03,місто / інфраструктура,резерв,Модуль цегляного житла · варіант 03. Габарити джерела: 5.28 × 3.00 × 5.50 м (ширина × висота × глибина). Майбутня околиця або містечко; англомовні написи адаптувати. Не використовувати випадкові модулі.,Assets/PolygonCity/Models/SM_Bld_Apartment_03.fbx,500,e493e972e00740933d0c53c401d69809dde4687d8231c611c80bff3713155f7b,
M0370,m_06d3ff1c6175c8447aef8efdf3667d75,Модуль цегляного житла · варіант 01,місто / інфраструктура,резерв,Модуль цегляного житла · варіант 01. Габарити джерела: 5.20 × 3.00 × 5.20 м (ширина × висота × глибина). Майбутня околиця або містечко; англомовні написи адаптувати. Не використовувати випадкові модулі.,Assets/PolygonCity/Models/SM_Bld_Apartment_Corner_01.fbx,884,aafac23d6c8ee2f31139e4badadeb45fd430f3cce7d8c10a24dee5156403a146,
M0371,m_7d25cfa8321eccd438d23d1194e46bd9,Модуль цегляного житла · варіант 02,місто / інфраструктура,резерв,Модуль цегляного житла · варіант 02. Габарити джерела: 5.21 × 3.00 × 5.21 м (ширина × висота × глибина). Майбутня околиця або містечко; англомовні написи адаптувати. Не використовувати випадкові модулі.,Assets/PolygonCity/Models/SM_Bld_Apartment_Corner_02.fbx,1948,68f7b5c5fd06cd7c8f4e9f0544f6fef3e4bd2b5a2a3b3840efdc788789244368,
M0372,m_215c55a401db928499ce6ba99a369d07,Модуль цегляного житла · варіант 03,місто / інфраструктура,резерв,Модуль цегляного житла · варіант 03. Габарити джерела: 5.49 × 3.00 × 5.50 м (ширина × висота × глибина). Майбутня околиця або містечко; англомовні написи адаптувати. Не використовувати випадкові модулі.,Assets/PolygonCity/Models/SM_Bld_Apartment_Corner_03.fbx,902,15a49e8e06926bcd03eefa6c1679542716ed8c3333176e3a6b975716cdc2b7e3,
M0373,m_b4e92f91613439040b43108a49a4f3b3,Модуль цегляного житла · варіант 01,місто / інфраструктура,резерв,Модуль цегляного житла · варіант 01. Габарити джерела: 5.10 × 3.00 × 5.58 м (ширина × висота × глибина). Майбутня околиця або містечко; англомовні написи адаптувати. Не використовувати випадкові модулі.,Assets/PolygonCity/Models/SM_Bld_Apartment_Door_01.fbx,629,93fbe84a45cf8dc333e594d3e2e54bf6aa1cdc4d067f410849633a18ab55f777,
M0374,m_f48e21b468431224285ea1023b046d10,Модуль цегляного житла · варіант 02,місто / інфраструктура,резерв,Модуль цегляного житла · варіант 02. Габарити джерела: 5.11 × 3.00 × 5.12 м (ширина × висота × глибина). Майбутня околиця або містечко; англомовні написи адаптувати. Не використовувати випадкові модулі.,Assets/PolygonCity/Models/SM_Bld_Apartment_Door_02.fbx,616,5c5c4c44dbc88dd68565c52754cda522452d0961178481453b14f9d22c8d848c,
M0375,m_f35208ca6691ecf4a8d08eeaaa90beda,Модуль цегляного житла · варіант 01,місто / інфраструктура,резерв,Модуль цегляного житла · варіант 01. Габарити джерела: 5.58 × 3.00 × 5.58 м (ширина × висота × глибина). Майбутня околиця або містечко; англомовні написи адаптувати. Не використовувати випадкові модулі.,Assets/PolygonCity/Models/SM_Bld_Apartment_Door_Corner_01.fbx,1162,5e9c7523eb68f16934702e8e080f39f2dd3dc5836b479300ea31bbe191627b76,
M0376,m_a5e18c6ed29761c42a91151011d03b39,Модуль цегляного житла · варіант 02,місто / інфраструктура,резерв,Модуль цегляного житла · варіант 02. Габарити джерела: 5.12 × 3.00 × 5.12 м (ширина × висота × глибина). Майбутня околиця або містечко; англомовні написи адаптувати. Не використовувати випадкові модулі.,Assets/PolygonCity/Models/SM_Bld_Apartment_Door_Corner_02.fbx,1188,cdc390aa741c2d5971624f22707e4078f70b061b0abe02dc0b6c4b7a4b8226c1,
M0377,m_f286c71f1970ade409f13a3fa171a2a3,Модуль цегляного житла · варіант 01,місто / інфраструктура,резерв,Модуль цегляного житла · варіант 01. Габарити джерела: 5.31 × 0.50 × 5.92 м (ширина × висота × глибина). Майбутня околиця або містечко; англомовні написи адаптувати. Не використовувати випадкові модулі.,Assets/PolygonCity/Models/SM_Bld_Apartment_Roof_01.fbx,140,8344242d04074f7d844ada0c46f614c8a88388dc4db2281f2e49357dbbd22da0,
M0378,m_099ca36ee26636c4594f1f502ff193b5,Модуль цегляного житла · варіант 02,місто / інфраструктура,резерв,Модуль цегляного житла · варіант 02. Габарити джерела: 5.25 × 0.74 × 5.49 м (ширина × висота × глибина). Майбутня околиця або містечко; англомовні написи адаптувати. Не використовувати випадкові модулі.,Assets/PolygonCity/Models/SM_Bld_Apartment_Roof_02.fbx,164,5bc5a86f95bb193030f10416a1cec29822c1bc0bb881cb2ec8cc94612a0d1e29,
M0379,m_1680ed3bbc402e245983636443985aff,Модуль цегляного житла · варіант 03,місто / інфраструктура,резерв,Модуль цегляного житла · варіант 03. Габарити джерела: 5.31 × 0.74 × 5.62 м (ширина × висота × глибина). Майбутня околиця або містечко; англомовні написи адаптувати. Не використовувати випадкові модулі.,Assets/PolygonCity/Models/SM_Bld_Apartment_Roof_03.fbx,140,76b981bb168f3f889e8d85553157f429ced487c43c09f822830a82f4a8bc934f,
M0380,m_bbde8de1b2547d54cb932fa9ac4ce702,Модуль цегляного житла · варіант 01,місто / інфраструктура,резерв,Модуль цегляного житла · варіант 01. Габарити джерела: 5.90 × 0.50 × 5.92 м (ширина × висота × глибина). Майбутня околиця або містечко; англомовні написи адаптувати. Не використовувати випадкові модулі.,Assets/PolygonCity/Models/SM_Bld_Apartment_Roof_Corner_01.fbx,200,78959444bf7a4d5d246cfa071d0497bb6bb6415e01fabd7ab79af7de45d85100,
M0381,m_e7cf38253a217fe4cabf427066511634,Модуль цегляного житла · варіант 02,місто / інфраструктура,резерв,Модуль цегляного житла · варіант 02. Габарити джерела: 5.61 × 0.74 × 5.62 м (ширина × висота × глибина). Майбутня околиця або містечко; англомовні написи адаптувати. Не використовувати випадкові модулі.,Assets/PolygonCity/Models/SM_Bld_Apartment_Roof_Corner_02.fbx,204,0ac1ec823278e82f823925fd9492e544556e7968258d3febb20c2f0c16474c74,
M0382,m_d538fa79d8588ee42ab4601b7d0dfa49,Модуль цегляного житла · варіант 03,місто / інфраструктура,резерв,Модуль цегляного житла · варіант 03. Габарити джерела: 5.46 × 0.74 × 5.49 м (ширина × висота × глибина). Майбутня околиця або містечко; англомовні написи адаптувати. Не використовувати випадкові модулі.,Assets/PolygonCity/Models/SM_Bld_Apartment_Roof_Corner_03.fbx,260,5c6020e7eced1d1d1b953f12772e5d1cf03e42e6f6f5578432ef77b0fe350a69,
M0383,m_702411931968ddf488d1b4a073900bce,Модуль цегляного житла · варіант 01,місто / інфраструктура,резерв,Модуль цегляного житла · варіант 01. Габарити джерела: 5.00 × 9.00 × 5.20 м (ширина × висота × глибина). Майбутня околиця або містечко; англомовні написи адаптувати. Не використовувати випадкові модулі.,Assets/PolygonCity/Models/SM_Bld_Apartment_Stack_01.fbx,1360,bee5894a9d594d315281150a50838008436ee37424cf353c3876ca1453dd5bae,
M0384,m_9722dd2ac8fdbbb4aa8de708ed3effa5,Модуль цегляного житла · варіант 02,місто / інфраструктура,резерв,Модуль цегляного житла · варіант 02. Габарити джерела: 5.17 × 9.00 × 5.21 м (ширина × висота × глибина). Майбутня околиця або містечко; англомовні написи адаптувати. Не використовувати випадкові модулі.,Assets/PolygonCity/Models/SM_Bld_Apartment_Stack_02.fbx,3072,2292fd0ebf8294ca0dd42fccaa42879dbe237842b9b251f8b93a520877e44c0e,
M0385,m_5028e3428c0f0eb48a8a1cda0783e024,Модуль цегляного житла · варіант 03,місто / інфраструктура,резерв,Модуль цегляного житла · варіант 03. Габарити джерела: 5.28 × 9.00 × 5.50 м (ширина × висота × глибина). Майбутня околиця або містечко; англомовні написи адаптувати. Не використовувати випадкові модулі.,Assets/PolygonCity/Models/SM_Bld_Apartment_Stack_03.fbx,1384,d1f5fcb63dacfac621b0661e600b80793b97125223c2f02fa2a0e78dff38b0db,
M0386,m_0beaec8e55b5039469901d884770d7e2,Модуль цегляного житла · варіант 01,місто / інфраструктура,резерв,Модуль цегляного житла · варіант 01. Габарити джерела: 5.28 × 4.05 × 10.31 м (ширина × висота × глибина). Майбутня околиця або містечко; англомовні написи адаптувати. Не використовувати випадкові модулі.,Assets/PolygonCity/Models/SM_Bld_Apartment_Stairs_01.fbx,1331,078356f459c40586a8236cc9f2872e15cc2159db647e792a434f420bf69e9cf1,
M0387,m_9c729cfae9636a24dadc4b4363ba5958,Модуль цегляного житла · варіант 02,місто / інфраструктура,резерв,Модуль цегляного житла · варіант 02. Габарити джерела: 5.28 × 3.82 × 10.18 м (ширина × висота × глибина). Майбутня околиця або містечко; англомовні написи адаптувати. Не використовувати випадкові модулі.,Assets/PolygonCity/Models/SM_Bld_Apartment_Stairs_02.fbx,1104,a0f7ca3b6c5c45d286ef668c1941cfc391471460ed03d683641a10b5060c289c,
M0388,m_8ed874164139d9e44b53c643fb440d7b,Модуль цегляного житла · варіант 03,місто / інфраструктура,резерв,Модуль цегляного житла · варіант 03. Габарити джерела: 5.00 × 2.39 × 5.53 м (ширина × висота × глибина). Майбутня околиця або містечко; англомовні написи адаптувати. Не використовувати випадкові модулі.,Assets/PolygonCity/Models/SM_Bld_Apartment_Stairs_03.fbx,580,f1f5e9bbfe2c6d31f8c1f8c844da11c8e7a6c8bb82bf58bc4a725d4e8e0265d8,
M0389,m_35bc2f51d3d7aae41adf7ae636dbd289,Модуль цегляного житла · варіант 01,місто / інфраструктура,резерв,Модуль цегляного житла · варіант 01. Габарити джерела: 10.14 × 3.82 × 10.26 м (ширина × висота × глибина). Майбутня околиця або містечко; англомовні написи адаптувати. Не використовувати випадкові модулі.,Assets/PolygonCity/Models/SM_Bld_Apartment_Stairs_Corner_01.fbx,2680,6e84ef5e1309072568641d9f039b25bc3824d6f501e534d76f2d20c4ad964d59,
M0390,m_ff5cbf6f60105054b93e3851b435ab4b,Модуль цегляного житла · варіант 01,місто / інфраструктура,резерв,Модуль цегляного житла · варіант 01. Габарити джерела: 2.28 × 3.25 × 4.50 м (ширина × висота × глибина). Майбутня околиця або містечко; англомовні написи адаптувати. Не використовувати випадкові модулі.,Assets/PolygonCity/Models/SM_Bld_Apartment_Stairs_Planter_01.fbx,68,7ee314f2c89e50dd1765ae494d064ccc038cc37dc82b6a121dfd557aa017bd3a,
M0391,m_ea6e40021f37f144fa8e4f7e623b42dc,Модуль цегляного житла · варіант 02,місто / інфраструктура,резерв,Модуль цегляного житла · варіант 02. Габарити джерела: 2.28 × 1.91 × 2.33 м (ширина × висота × глибина). Майбутня околиця або містечко; англомовні написи адаптувати. Не використовувати випадкові модулі.,Assets/PolygonCity/Models/SM_Bld_Apartment_Stairs_Planter_02.fbx,60,d3b56ce0e33fb3de17334e8bd901c16a7c75ef9ec7e6ebabacddd7b3992ef33f,
M0392,m_656a25f9dbad3b748ae83a38e9faafff,Адміністративна будівля · варіант 01,місто / інфраструктура,резерв,Адміністративна будівля · варіант 01. Габарити джерела: 20.09 × 8.75 × 17.63 м (ширина × висота × глибина). Майбутня околиця або містечко; англомовні написи адаптувати. Не використовувати випадкові модулі.,Assets/PolygonCity/Models/SM_Bld_CityHall_01.fbx,12604,73e031da47b1873adafc6a8406e9e83454ca9530371bc7f3bd5af52af3738159,
M0393,m_c5d1b207bc56fc74aa36626309762e1e,Архітектурна деталь · варіант 01,місто / інфраструктура,резерв,Архітектурна деталь · варіант 01. Габарити джерела: 4.83 × 1.07 × 1.00 м (ширина × висота × глибина). Майбутня околиця або містечко; англомовні написи адаптувати. Не використовувати випадкові модулі.,Assets/PolygonCity/Models/SM_Bld_Cover_01.fbx,172,b8a50b831e03d7722bf9e3966fe2eb435ad1c5576322dd69f2cb65292eb69f59,
M0394,m_48a3233d1ebdf9042a723d37dc2071ac,Архітектурна деталь · варіант 02,місто / інфраструктура,резерв,Архітектурна деталь · варіант 02. Габарити джерела: 1.37 × 0.97 × 0.70 м (ширина × висота × глибина). Майбутня околиця або містечко; англомовні написи адаптувати. Не використовувати випадкові модулі.,Assets/PolygonCity/Models/SM_Bld_Cover_02.fbx,76,b147e8fb14802e047c1807684db47b4ebee0e7845681c9649e7d12c36b3ffcbc,
M0395,m_4fa6704011bcf2943995d62b635382b5,Архітектурна деталь · варіант 01,місто / інфраструктура,резерв,Архітектурна деталь · варіант 01. Габарити джерела: 3.25 × 1.49 × 1.64 м (ширина × висота × глибина). Майбутня околиця або містечко; англомовні написи адаптувати. Не використовувати випадкові модулі.,Assets/PolygonCity/Models/SM_Bld_FireEscape_01.fbx,512,0c1721167fe2410391ec712717cf1a19157f684c469abb09221e374169d98f53,
M0396,m_4cb0686ca55c21f4d9bfa80ddbdc3a71,Архітектурна деталь · варіант 02,місто / інфраструктура,резерв,Архітектурна деталь · варіант 02. Габарити джерела: 3.25 × 3.61 × 1.64 м (ширина × висота × глибина). Майбутня околиця або містечко; англомовні написи адаптувати. Не використовувати випадкові модулі.,Assets/PolygonCity/Models/SM_Bld_FireEscape_02.fbx,848,2684197fd549246ae5bb7cb55a9e4756cb91f27e8b1aa2c00bd3d6b31b125548,
M0397,m_59006a4f2d7571643a502d2171ef2eff,Архітектурна деталь · варіант 03,місто / інфраструктура,резерв,Архітектурна деталь · варіант 03. Габарити джерела: 4.25 × 3.80 × 1.76 м (ширина × висота × глибина). Майбутня околиця або містечко; англомовні написи адаптувати. Не використовувати випадкові модулі.,Assets/PolygonCity/Models/SM_Bld_FireEscape_03.fbx,894,0b356ddb63d0deb25b43f967355fffa3ea374dc410a276b27787de85e5df4977,
M0398,m_f96e358f88629694aad150ee78c51964,Модуль офісної будівлі · варіант 01,місто / інфраструктура,резерв,Модуль офісної будівлі · варіант 01. Габарити джерела: 20.46 × 15.00 × 20.46 м (ширина × висота × глибина). Майбутня околиця або містечко; англомовні написи адаптувати. Не використовувати випадкові модулі.,Assets/PolygonCity/Models/SM_Bld_OfficeOctagon_01.fbx,6464,5383f08471125e827e52564a392863cca72125fefd047204edb7de11122f8db9,
M0399,m_6250c134c92a2804abb4f7462c71506d,Модуль офісної будівлі · варіант 01,місто / інфраструктура,резерв,Модуль офісної будівлі · варіант 01. Габарити джерела: 20.78 × 3.90 × 20.78 м (ширина × висота × глибина). Майбутня околиця або містечко; англомовні написи адаптувати. Не використовувати випадкові модулі.,Assets/PolygonCity/Models/SM_Bld_OfficeOctagon_Base_01.fbx,6864,4c8202fec40083e95dadb90c7907bc74ac08011cbd7459a9dc256d8e48358186,
M0400,m_5ce680b1f9968574db18a2f0a5f0aa6a,Модуль офісної будівлі · варіант 01,місто / інфраструктура,резерв,Модуль офісної будівлі · варіант 01. Габарити джерела: 20.46 × 3.00 × 20.46 м (ширина × висота × глибина). Майбутня околиця або містечко; англомовні написи адаптувати. Не використовувати випадкові модулі.,Assets/PolygonCity/Models/SM_Bld_OfficeOctagon_Floor_01.fbx,1408,e7539b9308952c1c183a5ab3d7a00b65056cb27f24dbf806d951063a5587e4a2,
M0401,m_208b49ebb94e8974ebc6f5df383f73c3,Модуль офісної будівлі · варіант 01,місто / інфраструктура,резерв,Модуль офісної будівлі · варіант 01. Габарити джерела: 20.46 × 5.38 × 20.46 м (ширина × висота × глибина). Майбутня околиця або містечко; англомовні написи адаптувати. Не використовувати випадкові модулі.,Assets/PolygonCity/Models/SM_Bld_OfficeOctagon_Roof_01.fbx,3824,fcbbc34eb222daa97d97a021e63368479eeb78406fc152a13e0774e5db1dd74f,
M0402,m_2da9c860dcb22094393cb1a0387bbae6,Модуль офісної будівлі · варіант 01,місто / інфраструктура,резерв,Модуль офісної будівлі · варіант 01. Габарити джерела: 16.09 × 25.25 × 16.12 м (ширина × висота × глибина). Майбутня околиця або містечко; англомовні написи адаптувати. Не використовувати випадкові модулі.,Assets/PolygonCity/Models/SM_Bld_OfficeOld_Large_01.fbx,17936,5a08c8343c27cfedcdb3d53e298f533f72ae1da30eae7fab3bfa1da1553b590e,
M0403,m_478293f9216023149a616987abc93aa7,Модуль офісної будівлі · варіант 02,місто / інфраструктура,резерв,Модуль офісної будівлі · варіант 02. Габарити джерела: 16.09 × 25.25 × 16.12 м (ширина × висота × глибина). Майбутня околиця або містечко; англомовні написи адаптувати. Не використовувати випадкові модулі.,Assets/PolygonCity/Models/SM_Bld_OfficeOld_Large_02.fbx,5189,b43138323a00c5c68190325e0a24a0b3ff4f9156674f5bc7fa8bc71e7694c796,
M0404,m_1406f07f731908d43b95721164c05f40,Модуль офісної будівлі · варіант 01,місто / інфраструктура,резерв,Модуль офісної будівлі · варіант 01. Габарити джерела: 15.94 × 6.00 × 15.94 м (ширина × висота × глибина). Майбутня околиця або містечко; англомовні написи адаптувати. Не використовувати випадкові модулі.,Assets/PolygonCity/Models/SM_Bld_OfficeOld_Large_Base_01.fbx,7776,886aadf89076d32ec2af39a56bee9c3525a8976e3a4bfc1421780721df76c0dc,
M0405,m_67df907a56f352442ad399bd23d94faf,Модуль офісної будівлі · варіант 01,місто / інфраструктура,резерв,Модуль офісної будівлі · варіант 01. Габарити джерела: 15.00 × 3.19 × 15.00 м (ширина × висота × глибина). Майбутня околиця або містечко; англомовні написи адаптувати. Не використовувати випадкові модулі.,Assets/PolygonCity/Models/SM_Bld_OfficeOld_Large_Floor_01.fbx,1488,2e606c90724a4dd6195327da53bc82cba54f7b290c8ac4b360b67264a4e1e15f,
M0406,m_bdc3503f533aa6f459eaa8ec14ede7f1,Модуль офісної будівлі · варіант 01,місто / інфраструктура,резерв,Модуль офісної будівлі · варіант 01. Габарити джерела: 16.09 × 4.23 × 16.12 м (ширина × висота × глибина). Майбутня околиця або містечко; англомовні написи адаптувати. Не використовувати випадкові модулі.,Assets/PolygonCity/Models/SM_Bld_OfficeOld_Large_Roof_01.fbx,2734,68470688b972235f6a48d9f3ae4aa03fb4ede624a95c324c7b1bfd15c0e64543,
M0407,m_fcdaf2910a36e674c91140e32f4bb4ba,Модуль офісної будівлі · варіант 01,місто / інфраструктура,резерв,Модуль офісної будівлі · варіант 01. Габарити джерела: 11.12 × 25.24 × 11.20 м (ширина × висота × глибина). Майбутня околиця або містечко; англомовні написи адаптувати. Не використовувати випадкові модулі.,Assets/PolygonCity/Models/SM_Bld_OfficeOld_Small_01.fbx,11748,6248cfb9b918d1ee799f1c93ff8a365c62bc6aff980bba5a570dd75fabf3bdfb,
M0408,m_fc7f4877a4437904aa76f1a59182c3eb,Модуль офісної будівлі · варіант 02,місто / інфраструктура,резерв,Модуль офісної будівлі · варіант 02. Габарити джерела: 11.12 × 25.25 × 11.20 м (ширина × висота × глибина). Майбутня околиця або містечко; англомовні написи адаптувати. Не використовувати випадкові модулі.,Assets/PolygonCity/Models/SM_Bld_OfficeOld_Small_02.fbx,3574,599c9461ae21d0bd4f70c7aa7dc3968eed79e0bd4995d43f4b7461f5832b540f,
M0409,m_12484a3c17bc7e341b87d12282794c63,Модуль офісної будівлі · варіант 01,місто / інфраструктура,резерв,Модуль офісної будівлі · варіант 01. Габарити джерела: 10.94 × 6.00 × 10.94 м (ширина × висота × глибина). Майбутня околиця або містечко; англомовні написи адаптувати. Не використовувати випадкові модулі.,Assets/PolygonCity/Models/SM_Bld_OfficeOld_Small_Base_01.fbx,4756,58677c6c41d992bc113ff07f2f98cf9198fe7d93e237655066a54219e5aa7288,
M0410,m_0b7e3566e3869724ca4b6d9e449e2e8f,Модуль офісної будівлі · варіант 01,місто / інфраструктура,резерв,Модуль офісної будівлі · варіант 01. Габарити джерела: 10.00 × 3.19 × 10.00 м (ширина × висота × глибина). Майбутня околиця або містечко; англомовні написи адаптувати. Не використовувати випадкові модулі.,Assets/PolygonCity/Models/SM_Bld_OfficeOld_Small_Floor_01.fbx,1032,383672d747af158dde8053a604214c3edea4ad8f502d0cbb657d02d008c93943,
M0411,m_14c76b3839bbe2847b38722447fc49ab,Модуль офісної будівлі · варіант 01,місто / інфраструктура,резерв,Модуль офісної будівлі · варіант 01. Габарити джерела: 11.12 × 4.22 × 11.20 м (ширина × висота × глибина). Майбутня околиця або містечко; англомовні написи адаптувати. Не використовувати випадкові модулі.,Assets/PolygonCity/Models/SM_Bld_OfficeOld_Small_Roof_01.fbx,1882,c93846be277c40f9164edf0b22ce20059343a55af49fb7193688300aa0346c7e,
M0412,m_67aa945c78b7397468aea0d3ba64f441,Модуль офісної будівлі · варіант 01,місто / інфраструктура,резерв,Модуль офісної будівлі · варіант 01. Габарити джерела: 22.04 × 38.36 × 22.05 м (ширина × висота × глибина). Майбутня околиця або містечко; англомовні написи адаптувати. Не використовувати випадкові модулі.,Assets/PolygonCity/Models/SM_Bld_OfficeRound_01.fbx,4290,c2320b3cb807d7d891430786318e95257231ad8f2eed943608acbc5f35ab8aa9,
M0413,m_6c0954960dd77674fb652e4958628bbf,Модуль офісної будівлі · варіант 02,місто / інфраструктура,резерв,Модуль офісної будівлі · варіант 02. Габарити джерела: 22.04 × 9.01 × 22.05 м (ширина × висота × глибина). Майбутня околиця або містечко; англомовні написи адаптувати. Не використовувати випадкові модулі.,Assets/PolygonCity/Models/SM_Bld_OfficeRound_02.fbx,990,bdb316fc46f376dfca9b17ab0942244340689fb3437bfb5d121dd940f9c2c0a3,
M0414,m_ee06d42c7e708844c9442c11a25d3a0c,Модуль офісної будівлі · варіант 03,місто / інфраструктура,резерв,Модуль офісної будівлі · варіант 03. Габарити джерела: 22.04 × 38.36 × 22.05 м (ширина × висота × глибина). Майбутня околиця або містечко; англомовні написи адаптувати. Не використовувати випадкові модулі.,Assets/PolygonCity/Models/SM_Bld_OfficeRound_03.fbx,4306,bc1bf1be2f05a546490d53477205cde214416fd0995084deffe1e73b564ffe0f,
M0415,m_d827d378d5e2eba45a6867d7348f22f3,Модуль офісної будівлі · варіант 04,місто / інфраструктура,резерв,Модуль офісної будівлі · варіант 04. Габарити джерела: 22.04 × 8.96 × 22.05 м (ширина × висота × глибина). Майбутня околиця або містечко; англомовні написи адаптувати. Не використовувати випадкові модулі.,Assets/PolygonCity/Models/SM_Bld_OfficeRound_04.fbx,998,df10a8a354760e58a8940cd72d2cc1a257c448a46a97a5a95b3abea6e9a4af26,
M0416,m_cb3684e034b0818468149778f9f61d12,Модуль офісної будівлі · варіант 01,місто / інфраструктура,резерв,Модуль офісної будівлі · варіант 01. Габарити джерела: 22.97 × 6.19 × 23.05 м (ширина × висота × глибина). Майбутня околиця або містечко; англомовні написи адаптувати. Не використовувати випадкові модулі.,Assets/PolygonCity/Models/SM_Bld_OfficeRound_Base_01.fbx,1980,42652dec04e8940715efc39528f1c31b75b076ef5c21cd638d47673634ea80a9,
M0417,m_64d51cb3a511a9d4282ca944fdc00faa,Модуль офісної будівлі · варіант 01,місто / інфраструктура,резерв,Модуль офісної будівлі · варіант 01. Габарити джерела: 22.97 × 1.15 × 23.05 м (ширина × висота × глибина). Майбутня околиця або містечко; англомовні написи адаптувати. Не використовувати випадкові модулі.,Assets/PolygonCity/Models/SM_Bld_OfficeRound_Roof_01.fbx,390,2b77e8c23c50332b690a944329bf31df40d2e7f1e9fbbbe2878c4b2a376d04a7,
M0418,m_97a41753a685efc43b2def492fb0dea5,Модуль офісної будівлі · варіант 01,місто / інфраструктура,резерв,Модуль офісної будівлі · варіант 01. Габарити джерела: 15.00 × 30.00 × 15.00 м (ширина × висота × глибина). Майбутня околиця або містечко; англомовні написи адаптувати. Не використовувати випадкові модулі.,Assets/PolygonCity/Models/SM_Bld_OfficeSquare_01.fbx,3840,3dfd0d41a66dfc0ffef57347b1b5f4e0d5875843343c0a913e373e189429aa2a,
M0419,m_3cef9c1a9db2c2742a95549ce0028baf,Модуль офісної будівлі · варіант 02,місто / інфраструктура,резерв,Модуль офісної будівлі · варіант 02. Габарити джерела: 15.00 × 9.01 × 15.00 м (ширина × висота × глибина). Майбутня околиця або містечко; англомовні написи адаптувати. Не використовувати випадкові модулі.,Assets/PolygonCity/Models/SM_Bld_OfficeSquare_02.fbx,960,5b6b7599163fd6cf29d5d1bb8a464a1cfeca0ae1f31ad0b971287205e218ec36,
M0420,m_445a221c4fea9cf4296c5bedd40aa0ba,Модуль офісної будівлі · варіант 03,місто / інфраструктура,резерв,Модуль офісної будівлі · варіант 03. Габарити джерела: 15.00 × 30.00 × 15.00 м (ширина × висота × глибина). Майбутня околиця або містечко; англомовні написи адаптувати. Не використовувати випадкові модулі.,Assets/PolygonCity/Models/SM_Bld_OfficeSquare_03.fbx,3852,8ea576ce4beb72db174481e36d27cbc3c96b8e2fb73684238c3b61e37a8395ad,
M0421,m_6f5ed5991003ad440b76def73800b440,Модуль офісної будівлі · варіант 04,місто / інфраструктура,резерв,Модуль офісної будівлі · варіант 04. Габарити джерела: 15.00 × 7.50 × 15.00 м (ширина × висота × глибина). Майбутня околиця або містечко; англомовні написи адаптувати. Не використовувати випадкові модулі.,Assets/PolygonCity/Models/SM_Bld_OfficeSquare_04.fbx,960,a6398ec5869cd19f494d4dfa0f222ad81895fc49f6b6eee4ebd7b92a948ad147,
M0422,m_4d4ef4bd4ca5c7b41ba293cd161b871e,Модуль офісної будівлі · варіант 01,місто / інфраструктура,резерв,Модуль офісної будівлі · варіант 01. Габарити джерела: 15.28 × 3.53 × 15.28 м (ширина × висота × глибина). Майбутня околиця або містечко; англомовні написи адаптувати. Не використовувати випадкові модулі.,Assets/PolygonCity/Models/SM_Bld_OfficeSquare_Base_01.fbx,2284,a2a9b528919839aaeec7238e80f53f81f4083d849209e229582739d3ea28603f,
M0423,m_846da82b18a9c344e81e6d8ff9f4c204,Модуль офісної будівлі · варіант 01,місто / інфраструктура,резерв,Модуль офісної будівлі · варіант 01. Габарити джерела: 15.55 × 0.64 × 15.55 м (ширина × висота × глибина). Майбутня околиця або містечко; англомовні написи адаптувати. Не використовувати випадкові модулі.,Assets/PolygonCity/Models/SM_Bld_OfficeSquare_Roof_01.fbx,50,6e5d5200a7e8a22a3d898cf47ab42d3bac73485421f85939e5d7f18b4cc56122,
M0424,m_d92689e911db2084e82bed65fea7be3c,Вихід на дах · варіант 01,місто / інфраструктура,резерв,Вихід на дах · варіант 01. Габарити джерела: 2.76 × 2.74 × 2.85 м (ширина × висота × глибина). Майбутня околиця або містечко; англомовні написи адаптувати. Не використовувати випадкові модулі.,Assets/PolygonCity/Models/SM_Bld_Roof_Access_01.fbx,410,1734a9b5616f6185e4b50060a87428a3cb7b035a75f0e2713a060200fd60d220,
M0425,m_d875b9ce96fd6cf4bb90e507580835d9,Модуль магазину · варіант 01,місто / інфраструктура,резерв,Модуль магазину · варіант 01. Габарити джерела: 5.00 × 3.05 × 5.54 м (ширина × висота × глибина). Майбутня околиця або містечко; англомовні написи адаптувати. Не використовувати випадкові модулі.,Assets/PolygonCity/Models/SM_Bld_Shop_01.fbx,478,bed09a81eb24357c983387be4c1582964f57c050b93c40c8e097917836ea575b,
M0426,m_88e975ccc0a823e45881be9718fd83de,Модуль магазину · варіант 02,місто / інфраструктура,резерв,Модуль магазину · варіант 02. Габарити джерела: 5.00 × 3.30 × 5.43 м (ширина × висота × глибина). Майбутня околиця або містечко; англомовні написи адаптувати. Не використовувати випадкові модулі.,Assets/PolygonCity/Models/SM_Bld_Shop_02.fbx,718,982e9ecfa2fdb92d672030b800e7e4b77e46d4f9908c882f962ef44b2f44c4b4,
M0427,m_cabf262b9c587ab4cb3cb6dae282959b,Модуль магазину · варіант 03,місто / інфраструктура,резерв,Модуль магазину · варіант 03. Габарити джерела: 10.09 × 3.08 × 5.49 м (ширина × висота × глибина). Майбутня околиця або містечко; англомовні написи адаптувати. Не використовувати випадкові модулі.,Assets/PolygonCity/Models/SM_Bld_Shop_03.fbx,677,0e1436d222f41f962012de9ef2645468264e9a7b0ebf43fdb62f7633aa6fb9b4,
M0428,m_df75d1a69c99b944998e075e30c98272,Модуль магазину · варіант 04,місто / інфраструктура,резерв,Модуль магазину · варіант 04. Габарити джерела: 5.11 × 3.17 × 5.89 м (ширина × висота × глибина). Майбутня околиця або містечко; англомовні написи адаптувати. Не використовувати випадкові модулі.,Assets/PolygonCity/Models/SM_Bld_Shop_04.fbx,484,545dc134a09822274c5336b756ae2e7a1ee9eaa1c1bd92a9e6a81f7b6934ab97,
M0429,m_3c61d7aa61eefe24d8bba4e86f649b12,Модуль магазину · варіант 05,місто / інфраструктура,резерв,Модуль магазину · варіант 05. Габарити джерела: 5.11 × 3.00 × 5.22 м (ширина × висота × глибина). Майбутня околиця або містечко; англомовні написи адаптувати. Не використовувати випадкові модулі.,Assets/PolygonCity/Models/SM_Bld_Shop_05.fbx,162,62af4731f8b89d20104768ea4e10111b9599cdaff46170b26d8e099a720df1c9,
M0430,m_c618fb9b55da6284a8d11a0498208066,Модуль магазину · варіант 06,місто / інфраструктура,резерв,Модуль магазину · варіант 06. Габарити джерела: 5.18 × 3.00 × 5.88 м (ширина × висота × глибина). Майбутня околиця або містечко; англомовні написи адаптувати. Не використовувати випадкові модулі.,Assets/PolygonCity/Models/SM_Bld_Shop_06.fbx,264,a66cd066e65879d08f57e7eaea1a7598371a1ab20abb9d5aa66ccba2e22831d2,
M0431,m_fd288f04e290fec4da09f82785ea46e0,Модуль магазину · варіант 01,місто / інфраструктура,резерв,Модуль магазину · варіант 01. Габарити джерела: 5.38 × 3.00 × 5.40 м (ширина × висота × глибина). Майбутня околиця або містечко; англомовні написи адаптувати. Не використовувати випадкові модулі.,Assets/PolygonCity/Models/SM_Bld_Shop_Corner_01.fbx,687,e2f161f52515a8ab44626b7d387f28ed3c2a4cf217296bade023da5effdb1a68,
M0432,m_1e49b63f0f0c0864e997789a8d3d01be,Модуль магазину · варіант 02,місто / інфраструктура,резерв,Модуль магазину · варіант 02. Габарити джерела: 5.33 × 3.00 × 5.33 м (ширина × висота × глибина). Майбутня околиця або містечко; англомовні написи адаптувати. Не використовувати випадкові модулі.,Assets/PolygonCity/Models/SM_Bld_Shop_Corner_02.fbx,550,48a51698088707ba945f4b0a703041de584348a0874548ce595849a002eb25e6,
M0433,m_85fd6b4fdb4f8e6468e1b450382d2bd8,Модуль магазину · варіант 01,місто / інфраструктура,резерв,Модуль магазину · варіант 01. Габарити джерела: 4.57 × 0.30 × 2.81 м (ширина × висота × глибина). Майбутня околиця або містечко; англомовні написи адаптувати. Не використовувати випадкові модулі.,Assets/PolygonCity/Models/SM_Bld_Shop_Cover_01.fbx,120,f7989124161df6d2e1882ba8e200aaa14f6775920bb9c38a0e84f2107551b8b0,
M0434,m_1ff02d60dcd4dc84ab0232c49a6bceb7,Модуль магазину · варіант 02,місто / інфраструктура,резерв,Модуль магазину · варіант 02. Габарити джерела: 4.71 × 1.20 × 3.24 м (ширина × висота × глибина). Майбутня околиця або містечко; англомовні написи адаптувати. Не використовувати випадкові модулі.,Assets/PolygonCity/Models/SM_Bld_Shop_Cover_02.fbx,212,308404c32fe69e4b5e066931c27aad66fa56f4d92933b0cd05f221edbb75cd01,
M0435,m_39fd12d83ae175a40bf1b85cd999bd1a,Модуль магазину · варіант 03,місто / інфраструктура,резерв,Модуль магазину · варіант 03. Габарити джерела: 5.00 × 1.76 × 3.50 м (ширина × висота × глибина). Майбутня околиця або містечко; англомовні написи адаптувати. Не використовувати випадкові модулі.,Assets/PolygonCity/Models/SM_Bld_Shop_Cover_03.fbx,123,f62fd5435570a4a51b326c814cc77f43246241eab202d1a9577c491336508cd5,
M0436,m_8039f4a8add4c31439927020a862d765,Модуль магазину · варіант 04,місто / інфраструктура,резерв,Модуль магазину · варіант 04. Габарити джерела: 5.10 × 0.66 × 0.73 м (ширина × висота × глибина). Майбутня околиця або містечко; англомовні написи адаптувати. Не використовувати випадкові модулі.,Assets/PolygonCity/Models/SM_Bld_Shop_Cover_04.fbx,268,b0b8c66572231322d11e34cb7d057630cd4780a65674529f9a716ae5ab623a4c,
M0437,m_7527607bd8ad1944f8b80bdd85fecab6,Модуль магазину · варіант 05,місто / інфраструктура,резерв,Модуль магазину · варіант 05. Габарити джерела: 5.39 × 0.68 × 5.39 м (ширина × висота × глибина). Майбутня околиця або містечко; англомовні написи адаптувати. Не використовувати випадкові модулі.,Assets/PolygonCity/Models/SM_Bld_Shop_Cover_05.fbx,520,72efd1da7b3b4e4b307ab7e07cbf998917893fb0506c1573c37d89c6e2a9066e,
M0438,m_5aa957f68d38ec446a4d583b0fec6f60,Архітектурна деталь · варіант 01,місто / інфраструктура,резерв,Архітектурна деталь · варіант 01. Габарити джерела: 2.66 × 21.31 × 2.66 м (ширина × висота × глибина). Майбутня околиця або містечко; англомовні написи адаптувати. Не використовувати випадкові модулі.,Assets/PolygonCity/Models/SM_Bld_Spire_01.fbx,88,713dbe08a7f947980d77f56547a78b8ef8b3e7aa03723daaa3ac6f32801869af,
M0439,m_26af0a0b3f41b964f81f83742925c1e9,Станційна будівля · варіант 01,місто / інфраструктура,резерв,Станційна будівля · варіант 01. Габарити джерела: 9.97 × 8.58 × 9.97 м (ширина × висота × глибина). Майбутня околиця або містечко; англомовні написи адаптувати. Не використовувати випадкові модулі.,Assets/PolygonCity/Models/SM_Bld_Station_01.fbx,4124,722908d7fd0de41ee85dbcb299222b14ab2eeed78b47815918c2ded16969398d,
M0440,m_7b1d6beb9b2e7d848ac14f6af1ad146d,Станційна будівля · варіант 02,місто / інфраструктура,резерв,Станційна будівля · варіант 02. Габарити джерела: 8.77 × 8.58 × 9.37 м (ширина × висота × глибина). Майбутня околиця або містечко; англомовні написи адаптувати. Не використовувати випадкові модулі.,Assets/PolygonCity/Models/SM_Bld_Station_02.fbx,1527,70470715359bb2a5a8401de2f1bf0afc71b8a7ad57b8fb0fbead007a1a32f15f,
M0441,m_168e74101463c284aa63c2f769939413,Станційна будівля · варіант 03,місто / інфраструктура,резерв,Станційна будівля · варіант 03. Габарити джерела: 10.78 × 5.74 × 5.91 м (ширина × висота × глибина). Майбутня околиця або містечко; англомовні написи адаптувати. Не використовувати випадкові модулі.,Assets/PolygonCity/Models/SM_Bld_Station_03.fbx,1984,236e29e4317eb3b58ddd950853c8cf35a423a1ce0903f026e9593896350a9690,
M0442,m_be785ecb1f2526b4086b9ec3b75481f2,Міст · варіант 01,місто / інфраструктура,резерв,Міст · варіант 01. Габарити джерела: 5.20 × 3.47 × 5.00 м (ширина × висота × глибина). Майбутня околиця або містечко; англомовні написи адаптувати. Не використовувати випадкові модулі.,Assets/PolygonCity/Models/SM_Env_Bridge_Edge_01.fbx,356,ab1ce45b5da4106e89588bfc0acc4eed0f15cfb3ed2b32e46d19d066ea70ff44,
M0443,m_c192f5bb29ae7ce4f881593bb1968c80,Міст · варіант 01,місто / інфраструктура,резерв,Міст · варіант 01. Габарити джерела: 0.96 × 1.87 × 0.92 м (ширина × висота × глибина). Майбутня околиця або містечко; англомовні написи адаптувати. Не використовувати випадкові модулі.,Assets/PolygonCity/Models/SM_Env_Bridge_Pillar_01.fbx,296,8e7de99508d7b4c024ad98d5fbfc03985c396e29ca5954587383987b4d261ba2,
M0444,m_756006661a52eeb4b839a6bd64eb4cf4,Міст · варіант 01,місто / інфраструктура,резерв,Міст · варіант 01. Габарити джерела: 23.38 × 3.60 × 3.35 м (ширина × висота × глибина). Майбутня околиця або містечко; англомовні написи адаптувати. Не використовувати випадкові модулі.,Assets/PolygonCity/Models/SM_Env_Bridge_Support_01.fbx,172,b47c6d60b040b9fdc432405b36635813843229f0f3e16f585d23594b9b32e71f,
M0445,m_7a8d178a35915044ea1966d30603db1a,Міст · варіант 01,місто / інфраструктура,резерв,Міст · варіант 01. Габарити джерела: 5.00 × 0.65 × 5.00 м (ширина × висота × глибина). Майбутня околиця або містечко; англомовні написи адаптувати. Не використовувати випадкові модулі.,Assets/PolygonCity/Models/SM_Env_Bridge_Underside_01.fbx,12,fe393c01c0450b39a8c7d2eb03c061dac1d674e672ee1ea5ebc348a1bae1ddfa,
M0446,m_325fca8c4d923254e8e22e94c0fec7ba,Міст · варіант 01,місто / інфраструктура,резерв,Міст · варіант 01. Габарити джерела: 5.00 × 3.96 × 1.29 м (ширина × висота × глибина). Майбутня околиця або містечко; англомовні написи адаптувати. Не використовувати випадкові модулі.,Assets/PolygonCity/Models/SM_Env_Bridge_Wall_01.fbx,33,6afaed741404c18a5c1ea303a68d78a88851fa086ca75d846a787c2f761f7c96,
M0447,m_b03970f60f30c6446a3073a546bcd606,Хмарний або атмосферний елемент · варіант 01,FX / атмосфера,контекст FX,"Хмарний або атмосферний елемент · варіант 01. Габарити джерела: 16.70 × 4.13 × 4.02 м (ширина × висота × глибина). Оглянуто лише геометрію. Анімація, прозорість і повний ефект потребують окремої сцени.",Assets/PolygonCity/Models/SM_Env_Cloud_01.fbx,280,9c6e370bd3fe345a85dc9c28366d57c9a156bb2fec032b08ebcef9d561182657,
M0448,m_42b532ce52305ed4a8b0e93dbff6f9a7,Хмарний або атмосферний елемент · варіант 02,FX / атмосфера,контекст FX,"Хмарний або атмосферний елемент · варіант 02. Габарити джерела: 18.23 × 4.26 × 6.43 м (ширина × висота × глибина). Оглянуто лише геометрію. Анімація, прозорість і повний ефект потребують окремої сцени.",Assets/PolygonCity/Models/SM_Env_Cloud_02.fbx,252,8387496edbb25c3299de74d8968794c58acb253b133166e90d9727f8200d23fc,
M0449,m_ad202308899f3494eb77470fedb895e9,Хмарний або атмосферний елемент · варіант 03,FX / атмосфера,контекст FX,"Хмарний або атмосферний елемент · варіант 03. Габарити джерела: 17.58 × 4.96 × 9.72 м (ширина × висота × глибина). Оглянуто лише геометрію. Анімація, прозорість і повний ефект потребують окремої сцени.",Assets/PolygonCity/Models/SM_Env_Cloud_03.fbx,490,f0e4fe9a8f5254fa024283049c6fdd43b7b9711b788f679b0cf4ac77c292dfde,
M0450,m_b37a3cb77b4f69b4abb4ba8ba494180e,Дерев’яна огорожа або ворітця · варіант 01,місто / інфраструктура,резерв,Дерев’яна огорожа або ворітця · варіант 01. Габарити джерела: 5.00 × 2.14 × 0.44 м (ширина × висота × глибина). Майбутня околиця або містечко; англомовні написи адаптувати. Не використовувати випадкові модулі.,Assets/PolygonCity/Models/SM_Env_Fence_01.fbx,716,69288ec6e9195f360bbad771f39d7f9c9754285061d5b03d399470e4c627a9a8,
M0451,m_a29081923b79b0943a8cb435acdcb4b9,Дерев’яна огорожа або ворітця · варіант 01,місто / інфраструктура,резерв,Дерев’яна огорожа або ворітця · варіант 01. Габарити джерела: 0.71 × 2.89 × 0.71 м (ширина × висота × глибина). Майбутня околиця або містечко; англомовні написи адаптувати. Не використовувати випадкові модулі.,Assets/PolygonCity/Models/SM_Env_Fence_End_01.fbx,286,afd1692af4b768d6f6c7ae437afc5f21561335e5c43e35647af1c98130385490,
M0452,m_175f710fa4d544a4183b4e410ca6c016,Декоративна рослина або квіткова скринька · варіант 01,місто / інфраструктура,резерв,Декоративна рослина або квіткова скринька · варіант 01. Габарити джерела: 0.23 × 0.17 × 0.22 м (ширина × висота × глибина). Майбутня околиця або містечко; англомовні написи адаптувати. Не використовувати випадкові модулі.,Assets/PolygonCity/Models/SM_Env_Flower_01.fbx,94,a3041406ea096399ef35861dab5c7cac273296f6bd6115b96aa20b9468969f22,
M0453,m_602b7629d0bc3f4488da25a302966862,Трав’яні пучки · варіант 01,місто / інфраструктура,резерв,Трав’яні пучки · варіант 01. Габарити джерела: 5.00 × 0.26 × 5.00 м (ширина × висота × глибина). Майбутня околиця або містечко; англомовні написи адаптувати. Не використовувати випадкові модулі.,Assets/PolygonCity/Models/SM_Env_GrassPath_Corner_01.fbx,363,c67264afcf639cc3a1e536ef4d620ef74f7832c21ea4b56f1acb505cb33ccebe,
M0454,m_e76b994765a9bd24da1b215505b251a1,Трав’яні пучки · варіант 01,місто / інфраструктура,резерв,Трав’яні пучки · варіант 01. Габарити джерела: 5.00 × 0.25 × 5.00 м (ширина × висота × глибина). Майбутня околиця або містечко; англомовні написи адаптувати. Не використовувати випадкові модулі.,Assets/PolygonCity/Models/SM_Env_GrassPath_Junction_01.fbx,384,e4e12aac057b5d97a1fc6882181671fd954ea85f00cf48929850cd1a29b7c89e,
M0455,m_7b7b77ab314d27a4b88812f19caa23cc,Трав’яні пучки · варіант 01,місто / інфраструктура,резерв,Трав’яні пучки · варіант 01. Габарити джерела: 5.00 × 0.25 × 5.00 м (ширина × висота × глибина). Майбутня околиця або містечко; англомовні написи адаптувати. Не використовувати випадкові модулі.,Assets/PolygonCity/Models/SM_Env_GrassPath_Straight_01.fbx,254,09db32fef2ebe4f2b572cc07f3b54b11b9ad61216ab10b1de10cb8a36c11cf46,
M0456,m_c2fdda222670b6844b5d0e049c3604c2,Трав’яні пучки · варіант 01,місто / інфраструктура,резерв,Трав’яні пучки · варіант 01. Габарити джерела: 5.00 × 0.25 × 5.00 м (ширина × висота × глибина). Майбутня околиця або містечко; англомовні написи адаптувати. Не використовувати випадкові модулі.,Assets/PolygonCity/Models/SM_Env_GrassPath_T_01.fbx,324,0868677be8dedc7fb487563f43bfd37a2b0e4b85639ed13c06608dd0e77865b4,
M0457,m_24e62eff11865724fbbab3ac5fffb303,Трав’яні пучки · варіант 01,місто / інфраструктура,резерв,Трав’яні пучки · варіант 01. Габарити джерела: 5.00 × 0.14 × 5.00 м (ширина × висота × глибина). Майбутня околиця або містечко; англомовні написи адаптувати. Не використовувати випадкові модулі.,Assets/PolygonCity/Models/SM_Env_Grass_01.fbx,112,b67d23c8849839816b324e84501d12101f3d653e6d88a97ce9831764f5d67344,
M0458,m_4c7272b4664cf1b4daa318cbdfa87683,Водна поверхня · варіант 01,місто / інфраструктура,резерв,Водна поверхня · варіант 01. Габарити джерела: 30.00 × 0.43 × 30.00 м (ширина × висота × глибина). Майбутня околиця або містечко; англомовні написи адаптувати. Не використовувати випадкові модулі.,Assets/PolygonCity/Models/SM_Env_Ocean_Tile_01.fbx,800,cd3550eebc6b8836552303342522d7311a33207ed06fd56727d97cd08dd4941e,
M0459,m_3b1219c182fe0b842bdebca39c806019,Доріжка · варіант 01,місто / інфраструктура,резерв,Доріжка · варіант 01. Габарити джерела: 3.75 × 0.17 × 3.75 м (ширина × висота × глибина). Майбутня околиця або містечко; англомовні написи адаптувати. Не використовувати випадкові модулі.,Assets/PolygonCity/Models/SM_Env_Path_Corner_01.fbx,216,3d87642d3ade9ee63ce3160e906e20c98d3432e299d551b8c39e39ba2af0ae1f,
M0460,m_5d1b42cd152f14b469b0ce028887da06,Доріжка · варіант 01,місто / інфраструктура,резерв,Доріжка · варіант 01. Габарити джерела: 5.00 × 0.17 × 5.00 м (ширина × висота × глибина). Майбутня околиця або містечко; англомовні написи адаптувати. Не використовувати випадкові модулі.,Assets/PolygonCity/Models/SM_Env_Path_Junction_01.fbx,316,604f075af07ee1ec62c009a2140b7c78a4aba38c4e66063019481b518609d812,
M0461,m_d1948c7c60c53a64985bd4f705d5f9c8,Доріжка · варіант 01,місто / інфраструктура,резерв,Доріжка · варіант 01. Габарити джерела: 2.50 × 0.17 × 5.00 м (ширина × висота × глибина). Майбутня околиця або містечко; англомовні написи адаптувати. Не використовувати випадкові модулі.,Assets/PolygonCity/Models/SM_Env_Path_Straight_01.fbx,174,f9f84ecd67941db7f029e588e5933cda245609ed5bbb83c58e9a1b5f0a400b27,
M0462,m_15f8f21af947fae4bb1e50ab80798382,Доріжка · варіант 01,місто / інфраструктура,резерв,Доріжка · варіант 01. Габарити джерела: 5.00 × 0.17 × 3.75 м (ширина × висота × глибина). Майбутня околиця або містечко; англомовні написи адаптувати. Не використовувати випадкові модулі.,Assets/PolygonCity/Models/SM_Env_Path_T_01.fbx,250,28fb1cdce9624ef728b83bbb671b4f9d3d0227e1a98c15ebe6fb03fe5c8d6f02,
M0463,m_3ae7387e133e89f4d8f6abba42078519,Модуль дороги або тротуару · варіант 01,місто / інфраструктура,резерв,Модуль дороги або тротуару · варіант 01. Габарити джерела: 5.00 × 0.00 × 5.00 м (ширина × висота × глибина). Майбутня околиця або містечко; англомовні написи адаптувати. Не використовувати випадкові модулі.,Assets/PolygonCity/Models/SM_Env_Road_01.fbx,25,603eac065b8f9426feb394e0a1689b939afc778cbb9f8273e8fd6c7896a40cb4,
M0464,m_9aa786dd3f793a84a8a8852a66498c63,Модуль дороги або тротуару · варіант 02,місто / інфраструктура,резерв,Модуль дороги або тротуару · варіант 02. Габарити джерела: 5.00 × 0.00 × 5.00 м (ширина × висота × глибина). Майбутня околиця або містечко; англомовні написи адаптувати. Не використовувати випадкові модулі.,Assets/PolygonCity/Models/SM_Env_Road_02.fbx,14,d75dc94582a228decf55387539469bfd2071862ddabbd0237030581aa7fb4a5f,
M0465,m_34a549e11005e7140990d2fbe8ccd147,Модуль дороги або тротуару · варіант 03,місто / інфраструктура,резерв,Модуль дороги або тротуару · варіант 03. Габарити джерела: 5.00 × 0.00 × 5.00 м (ширина × висота × глибина). Майбутня околиця або містечко; англомовні написи адаптувати. Не використовувати випадкові модулі.,Assets/PolygonCity/Models/SM_Env_Road_03.fbx,52,b721b0c7c606340b4dade43b87746ec5c7c86eee60d60974db44e262737441bd,
M0466,m_24e4fc04a1a6ed94d9357a621f9f2a93,Модуль дороги або тротуару · варіант 01,місто / інфраструктура,резерв,Модуль дороги або тротуару · варіант 01. Габарити джерела: 5.00 × 0.00 × 5.00 м (ширина × висота × глибина). Майбутня околиця або містечко; англомовні написи адаптувати. Не використовувати випадкові модулі.,Assets/PolygonCity/Models/SM_Env_Road_Arrow_01.fbx,54,90dcc7ea9b1bd784c6e29a5046b52334866ef4a3300d5126da98bce61db97b19,
M0467,m_749e90ffcfddbb84eaaca7621ff5847d,Модуль дороги або тротуару · варіант 02,місто / інфраструктура,резерв,Модуль дороги або тротуару · варіант 02. Габарити джерела: 5.00 × 0.00 × 5.00 м (ширина × висота × глибина). Майбутня околиця або містечко; англомовні написи адаптувати. Не використовувати випадкові модулі.,Assets/PolygonCity/Models/SM_Env_Road_Arrow_02.fbx,64,beffb7b6eb653ee608ad30da1edfb6defc6c9931e32df96a7d90303dddca5f41,
M0468,m_0c2fe4d052626324a96a952b8e93c92e,Модуль дороги або тротуару · варіант 01,місто / інфраструктура,резерв,Модуль дороги або тротуару · варіант 01. Габарити джерела: 5.00 × 0.00 × 5.00 м (ширина × висота × глибина). Майбутня околиця або містечко; англомовні написи адаптувати. Не використовувати випадкові модулі.,Assets/PolygonCity/Models/SM_Env_Road_Bare_01.fbx,2,2fc9c035b5bc5a432a514f86a00dbdeb6abd828a63921fe79419c940587901cc,
M0469,m_9dc48fcca887642458c8c753be8c035f,Модуль дороги або тротуару · варіант 01,місто / інфраструктура,резерв,Модуль дороги або тротуару · варіант 01. Габарити джерела: 5.00 × 0.00 × 5.00 м (ширина × висота × глибина). Майбутня околиця або містечко; англомовні написи адаптувати. Не використовувати випадкові модулі.,Assets/PolygonCity/Models/SM_Env_Road_Crossing_01.fbx,82,a8447a9da2c3c2ea186adf10d1d7b5483244ff7a70bf3d07af5fb092a77ee0ab,
M0470,m_e80e8ce71e5a18e49aa1ffadb362bad1,Модуль дороги або тротуару · варіант 01,місто / інфраструктура,резерв,Модуль дороги або тротуару · варіант 01. Габарити джерела: 5.00 × 0.00 × 5.00 м (ширина × висота × глибина). Майбутня околиця або містечко; англомовні написи адаптувати. Не використовувати випадкові модулі.,Assets/PolygonCity/Models/SM_Env_Road_Lines_01.fbx,10,ec52edde187ee38c425c9cfdb45cef967175dcb7efa864c73ffc097ad80b5ac4,
M0471,m_c79687ef0e388d044aeeb41736df7cd5,Модуль дороги або тротуару · варіант 02,місто / інфраструктура,резерв,Модуль дороги або тротуару · варіант 02. Габарити джерела: 5.00 × 0.00 × 5.00 м (ширина × висота × глибина). Майбутня околиця або містечко; англомовні написи адаптувати. Не використовувати випадкові модулі.,Assets/PolygonCity/Models/SM_Env_Road_Lines_02.fbx,20,d57e07e95b0607643e35dc6242a6d3bf57050ffb6a93c506fa028d86493cd900,
M0472,m_f922e8ee92c2c414883802ad8ea5372f,Модуль дороги або тротуару · варіант 01,місто / інфраструктура,резерв,Модуль дороги або тротуару · варіант 01. Габарити джерела: 5.00 × 0.00 × 5.00 м (ширина × висота × глибина). Майбутня околиця або містечко; англомовні написи адаптувати. Не використовувати випадкові модулі.,Assets/PolygonCity/Models/SM_Env_Road_Median_01.fbx,28,0d9d91a2dfd8e96cf2fabaa2b663e3c7735e082b87e9df18075ea29a1fc8b188,
M0473,m_ed2d91b1266839b41affc271ccea1efe,Модуль дороги або тротуару · варіант 02,місто / інфраструктура,резерв,Модуль дороги або тротуару · варіант 02. Габарити джерела: 5.00 × 0.00 × 5.00 м (ширина × висота × глибина). Майбутня околиця або містечко; англомовні написи адаптувати. Не використовувати випадкові модулі.,Assets/PolygonCity/Models/SM_Env_Road_Median_02.fbx,28,a1e2020791e82c8eaed53348dc67e9cf5a8e7cc20bc0fb6c7830c8d0ba2ff5e6,
M0474,m_437b7657e25fefd41be1a201bdabe4d5,Модуль дороги або тротуару · варіант 01,місто / інфраструктура,резерв,Модуль дороги або тротуару · варіант 01. Габарити джерела: 10.00 × 0.00 × 5.00 м (ширина × висота × глибина). Майбутня околиця або містечко; англомовні написи адаптувати. Не використовувати випадкові модулі.,Assets/PolygonCity/Models/SM_Env_Road_ParkingLines_01.fbx,29,77ee7bc205057bcef1acc71391bd9200322ae424ef99d14067d9b9b780479cbb,
M0475,m_4e878d01561e49e41be1e9bee4545a66,Модуль дороги або тротуару · варіант 01,місто / інфраструктура,резерв,Модуль дороги або тротуару · варіант 01. Габарити джерела: 1.79 × 0.07 × 1.82 м (ширина × висота × глибина). Майбутня околиця або містечко; англомовні написи адаптувати. Не використовувати випадкові модулі.,Assets/PolygonCity/Models/SM_Env_Road_Patch_01.fbx,64,567a3352d9a00e7345ecc66b0d10bfbb6bf5e7c6d1152ba327de95989b15d035,
M0476,m_7f48c615b634ed7429117e0361e155e1,Модуль дороги або тротуару · варіант 01,місто / інфраструктура,резерв,Модуль дороги або тротуару · варіант 01. Габарити джерела: 5.00 × 0.00 × 5.00 м (ширина × висота × глибина). Майбутня околиця або містечко; англомовні написи адаптувати. Не використовувати випадкові модулі.,Assets/PolygonCity/Models/SM_Env_Road_YellowLines_01.fbx,12,84c9a3678de6612ccce3d72b9ce2fe5dd99cba4071618a59186b435cf52b1169,
M0477,m_7571162363128f04bab09626d315bc80,Модуль дороги або тротуару · варіант 02,місто / інфраструктура,резерв,Модуль дороги або тротуару · варіант 02. Габарити джерела: 5.00 × 0.00 × 5.00 м (ширина × висота × глибина). Майбутня околиця або містечко; англомовні написи адаптувати. Не використовувати випадкові модулі.,Assets/PolygonCity/Models/SM_Env_Road_YellowLines_02.fbx,33,d60af250bd645cd9d9e8acc8df0c552583dad1537bbb45515041ab5c3840dd00,
M0478,m_1e6c3b705c9a0584b8be24361acd65ce,Модуль дороги або тротуару · варіант 01,місто / інфраструктура,резерв,Модуль дороги або тротуару · варіант 01. Габарити джерела: 5.00 × 0.03 × 5.00 м (ширина × висота × глибина). Майбутня околиця або містечко; англомовні написи адаптувати. Не використовувати випадкові модулі.,Assets/PolygonCity/Models/SM_Env_Sidewalk_01.fbx,38,1335cc99364d627a5f528d8120c7f0566f52c7ca6acc631ebddd40fc75c18320,
M0479,m_e38113ccf03e1de43904d13b5513059f,Модуль дороги або тротуару · варіант 01,місто / інфраструктура,резерв,Модуль дороги або тротуару · варіант 01. Габарити джерела: 10.00 × 1.17 × 5.06 м (ширина × висота × глибина). Майбутня околиця або містечко; англомовні написи адаптувати. Не використовувати випадкові модулі.,Assets/PolygonCity/Models/SM_Env_Sidewalk_Construction_01.fbx,1638,b6b97125b8361537aa2565114d4b9ecdb48fa04248889dd2012dc7a367e31981,
M0480,m_b0169016a10de9443a766b1871fecda8,Модуль дороги або тротуару · варіант 01,місто / інфраструктура,резерв,Модуль дороги або тротуару · варіант 01. Габарити джерела: 5.00 × 0.30 × 5.00 м (ширина × висота × глибина). Майбутня околиця або містечко; англомовні написи адаптувати. Не використовувати випадкові модулі.,Assets/PolygonCity/Models/SM_Env_Sidewalk_Corner_01.fbx,102,7a44eb1136ce743deed714b87af1d27ea7f84ad3bcd75f1c99da1f0954165dc1,
M0481,m_9b29d219491925b43b9b6aca4d398596,Модуль дороги або тротуару · варіант 02,місто / інфраструктура,резерв,Модуль дороги або тротуару · варіант 02. Габарити джерела: 5.00 × 0.30 × 5.00 м (ширина × висота × глибина). Майбутня околиця або містечко; англомовні написи адаптувати. Не використовувати випадкові модулі.,Assets/PolygonCity/Models/SM_Env_Sidewalk_Corner_02.fbx,76,651a345a8eafa387a3259002252f263ae9b3c39c7d4aede7c91c16961100e079,
M0482,m_334d1ea7958acde4083941927e6e1d78,Модуль дороги або тротуару · варіант 01,місто / інфраструктура,резерв,Модуль дороги або тротуару · варіант 01. Габарити джерела: 5.00 × 0.30 × 5.00 м (ширина × висота × глибина). Майбутня околиця або містечко; англомовні написи адаптувати. Не використовувати випадкові модулі.,Assets/PolygonCity/Models/SM_Env_Sidewalk_Dip_01.fbx,139,626148483a1779c5a1dc16809aacbd8283aeb4e4d08926787c5e7f10279656f0,
M0483,m_6b506b360e764ff48a511f0278060479,Модуль дороги або тротуару · варіант 01,місто / інфраструктура,резерв,Модуль дороги або тротуару · варіант 01. Габарити джерела: 5.00 × 0.30 × 5.00 м (ширина × висота × глибина). Майбутня околиця або містечко; англомовні написи адаптувати. Не використовувати випадкові модулі.,Assets/PolygonCity/Models/SM_Env_Sidewalk_Dip_Corner_01.fbx,164,e31157deb63defdd4eff533b7c25f4878507273e51763ed87023eed6ac351d11,
M0484,m_70be506fedeec4a4a846d4a211a475ca,Модуль дороги або тротуару · варіант 01,місто / інфраструктура,резерв,Модуль дороги або тротуару · варіант 01. Габарити джерела: 5.00 × 0.30 × 5.00 м (ширина × висота × глибина). Майбутня околиця або містечко; англомовні написи адаптувати. Не використовувати випадкові модулі.,Assets/PolygonCity/Models/SM_Env_Sidewalk_Grate_01.fbx,335,b12dead95ae397d1b6bd997e34faf09178ec8a87604c030cb5e1e495776ce8f0,
M0485,m_f72df1571ad339d418e328df7696f923,Модуль дороги або тротуару · варіант 02,місто / інфраструктура,резерв,Модуль дороги або тротуару · варіант 02. Габарити джерела: 5.00 × 0.11 × 5.00 м (ширина × висота × глибина). Майбутня околиця або містечко; англомовні написи адаптувати. Не використовувати випадкові модулі.,Assets/PolygonCity/Models/SM_Env_Sidewalk_Grate_02.fbx,272,ddcf83d30531e45c45e7bbe6636b6ce478db08bf5cc28a0bd387633f67368abf,
M0486,m_dc50cc97d6d851d4eacc6fc9bbedc86e,Модуль дороги або тротуару · варіант 01,місто / інфраструктура,резерв,Модуль дороги або тротуару · варіант 01. Габарити джерела: 5.00 × 1.20 × 5.00 м (ширина × висота × глибина). Майбутня околиця або містечко; англомовні написи адаптувати. Не використовувати випадкові модулі.,Assets/PolygonCity/Models/SM_Env_Sidewalk_Gutter_01.fbx,461,fc672896f2abfa6d0abf92a54d7f60d792e044963813487ccce7f46d5c75e691,
M0487,m_c28304d03e853774d9b89119d5a2d014,Модуль дороги або тротуару · варіант 01,місто / інфраструктура,резерв,Модуль дороги або тротуару · варіант 01. Габарити джерела: 10.00 × 0.30 × 5.00 м (ширина × висота × глибина). Майбутня околиця або містечко; англомовні написи адаптувати. Не використовувати випадкові модулі.,Assets/PolygonCity/Models/SM_Env_Sidewalk_Merger_01.fbx,106,8ba9ba4605958d4bc3e7cf8a73dfc275e563656f064adb63948e9d5c82f8ba0e,
M0488,m_a58280b6ae3734f4886bab1d634e14a8,Модуль дороги або тротуару · варіант 01,місто / інфраструктура,резерв,Модуль дороги або тротуару · варіант 01. Габарити джерела: 5.00 × 0.30 × 5.00 м (ширина × висота × глибина). Майбутня околиця або містечко; англомовні написи адаптувати. Не використовувати випадкові модулі.,Assets/PolygonCity/Models/SM_Env_Sidewalk_Panel_01.fbx,427,5dea370dbd7660a73881c3aec42bbf6d78680d3c2b323b1000c5ff5b61199a1b,
M0489,m_c8f356d3d7c302c4d94dffc52fc8e1d5,Модуль дороги або тротуару · варіант 02,місто / інфраструктура,резерв,Модуль дороги або тротуару · варіант 02. Габарити джерела: 5.00 × 0.09 × 5.00 м (ширина × висота × глибина). Майбутня околиця або містечко; англомовні написи адаптувати. Не використовувати випадкові модулі.,Assets/PolygonCity/Models/SM_Env_Sidewalk_Panel_02.fbx,390,892f24d8623b8e41874264930fde58836268f9c5faccd9325a3d8163d939e975,
M0490,m_c2eac8a3bde6a92458c72830f63d161f,Модуль дороги або тротуару · варіант 01,місто / інфраструктура,резерв,Модуль дороги або тротуару · варіант 01. Габарити джерела: 5.00 × 0.30 × 5.00 м (ширина × висота × глибина). Майбутня околиця або містечко; англомовні написи адаптувати. Не використовувати випадкові модулі.,Assets/PolygonCity/Models/SM_Env_Sidewalk_Straight_01.fbx,75,efd50df0dee35f36120c24979055eecffc26a99876cf7168f6525b7c4a3966f0,
M0491,m_323f8b248f4b18d42b053591f1627fe4,Модуль дороги або тротуару · варіант 02,місто / інфраструктура,резерв,Модуль дороги або тротуару · варіант 02. Габарити джерела: 5.00 × 0.30 × 5.00 м (ширина × висота × глибина). Майбутня околиця або містечко; англомовні написи адаптувати. Не використовувати випадкові модулі.,Assets/PolygonCity/Models/SM_Env_Sidewalk_Straight_02.fbx,75,d3e57d1ffda3eed15acb53de39ce18090270fe915d5b05937fa4ebc8674dba4d,
M0492,m_feaca7a0cbb9b1540940bac6ce5e5501,Дальній міський силует · варіант 01,місто / інфраструктура,резерв,Дальній міський силует · варіант 01. Габарити джерела: 476.16 × 42.29 × 476.16 м (ширина × висота × глибина). Майбутня околиця або містечко; англомовні написи адаптувати. Не використовувати випадкові модулі.,Assets/PolygonCity/Models/SM_Env_Skyline_01.fbx,384,c71d56be81c52a6ec70f266c8b59748afb785b7a1748f1cc88c6fb1daa4f693d,
M0493,m_f42eb9c026244e94693943290a18ae4a,Дерево · варіант 01,місто / інфраструктура,резерв,Дерево · варіант 01. Габарити джерела: 1.31 × 0.17 × 5.00 м (ширина × висота × глибина). Майбутня околиця або містечко; англомовні написи адаптувати. Не використовувати випадкові модулі.,Assets/PolygonCity/Models/SM_Env_Street_Divider_01.fbx,42,ec896ae70b5222c6c737039442c24a2b7f6e05916e8f8edc4785a463650a73fd,
M0494,m_4a1c11546ef36ec4daffee523cdf5ba5,Дерево · варіант 02,місто / інфраструктура,резерв,Дерево · варіант 02. Габарити джерела: 1.18 × 0.17 × 2.82 м (ширина × висота × глибина). Майбутня околиця або містечко; англомовні написи адаптувати. Не використовувати випадкові модулі.,Assets/PolygonCity/Models/SM_Env_Street_Divider_02.fbx,34,badcb8b1ae43eaecab6727ed861f1aa9e400dd35c7174df10aa1b97b57397fd6,
M0495,m_8bfbd72541b8c314d98c45881b486f0a,Вхід до метро · варіант 01,місто / інфраструктура,резерв,Вхід до метро · варіант 01. Габарити джерела: 5.00 × 10.11 × 15.40 м (ширина × висота × глибина). Майбутня околиця або містечко; англомовні написи адаптувати. Не використовувати випадкові модулі.,Assets/PolygonCity/Models/SM_Env_SubwayEntrance_01.fbx,709,01135e518eddcae6728f1ecb8f24d19ee26ca9bae1159ae07655c94741621400,
M0496,m_54f36abb5154f974fb48b19a74ad2d32,Вхід до метро · варіант 02,місто / інфраструктура,резерв,Вхід до метро · варіант 02. Габарити джерела: 5.00 × 5.66 × 8.26 м (ширина × висота × глибина). Майбутня околиця або містечко; англомовні написи адаптувати. Не використовувати випадкові модулі.,Assets/PolygonCity/Models/SM_Env_SubwayEntrance_02.fbx,667,2a7ddd298f1c40aa254e6cdf2ef387a144f976a665e275cb90f6fe84f7bb9bfb,
M0497,m_7099dfc2c2c03224387983f7ba0a1ec2,Дерево · варіант 01,природа,кандидат,"Дерево · варіант 01. Габарити джерела: 1.87 × 4.21 × 2.51 м (ширина × висота × глибина). Природний край, тло або малий акцент. Зберегти відкритий центр і прохід до галявини.",Assets/PolygonCity/Models/SM_Env_Tree_01.fbx,604,8048562d8c7f7b8f8b78d2e5ac91cae193f9150d82d27e0658846e83a336724c,
M0498,m_488874bf1c20e624f8e81079f86b26ba,Дерево · варіант 02,природа,кандидат,"Дерево · варіант 02. Габарити джерела: 2.24 × 4.68 × 1.54 м (ширина × висота × глибина). Природний край, тло або малий акцент. Зберегти відкритий центр і прохід до галявини.",Assets/PolygonCity/Models/SM_Env_Tree_02.fbx,680,abe1772080e7f88f7d82be2cebd7bc2bcbaf1cbdb65571f630a860641095c964,
M0499,m_9084f27c4de0b4646940b7277513c1de,Дерево · варіант 03,природа,кандидат,"Дерево · варіант 03. Габарити джерела: 2.22 × 3.85 × 1.89 м (ширина × висота × глибина). Природний край, тло або малий акцент. Зберегти відкритий центр і прохід до галявини.",Assets/PolygonCity/Models/SM_Env_Tree_03.fbx,316,2f9af01b89abb95562a79985b9209353acef8d7d0d8807bbe79788ecb6eabb1a,
M0500,m_b9fbb6f6668f7ff4cbc39c04c6b71894,Бетонний береговий модуль · варіант 01,місто / інфраструктура,резерв,Бетонний береговий модуль · варіант 01. Габарити джерела: 5.25 × 5.67 × 5.15 м (ширина × висота × глибина). Майбутня околиця або містечко; англомовні написи адаптувати. Не використовувати випадкові модулі.,Assets/PolygonCity/Models/SM_Env_WaterEdge_Corner_01.fbx,112,7b575457c816610e518aeb9d06bb462e3c99b6db8d7aa07df9598fc93d6e66d1,
M0501,m_2e93c3b6d6a3f4041bfa4ddf0e070766,Бетонний береговий модуль · варіант 02,місто / інфраструктура,резерв,Бетонний береговий модуль · варіант 02. Габарити джерела: 5.70 × 5.52 × 5.70 м (ширина × висота × глибина). Майбутня околиця або містечко; англомовні написи адаптувати. Не використовувати випадкові модулі.,Assets/PolygonCity/Models/SM_Env_WaterEdge_Corner_02.fbx,52,01b39cecb4ffe69e952d63811c4759d93b8d785e5f945e4a59759856d57470ca,
M0502,m_cc6ca95801c55744096d42eec7b7a49e,Труба або технічне обладнання · варіант 01,місто / інфраструктура,резерв,Труба або технічне обладнання · варіант 01. Габарити джерела: 2.18 × 2.18 × 1.00 м (ширина × висота × глибина). Майбутня околиця або містечко; англомовні написи адаптувати. Не використовувати випадкові модулі.,Assets/PolygonCity/Models/SM_Env_WaterEdge_Pipe_01.fbx,194,a25b09204fec69ef6142d4e042e17d5c53500a90201aa44c09551ecbf76a1f96,
M0503,m_27bf65190db556643904ee371814b40c,Гранчастий валун · варіант 01,місто / інфраструктура,резерв,Гранчастий валун · варіант 01. Габарити джерела: 4.54 × 1.92 × 6.01 м (ширина × висота × глибина). Майбутня околиця або містечко; англомовні написи адаптувати. Не використовувати випадкові модулі.,Assets/PolygonCity/Models/SM_Env_WaterEdge_Rock_01.fbx,107,176609c61c25ead1077ab5328ce6788374c7505c8846459075ec2603f8c13a99,
M0504,m_c4d97a49e1e0fe549bb681ba81d3e652,Бетонний береговий модуль · варіант 01,місто / інфраструктура,резерв,Бетонний береговий модуль · варіант 01. Габарити джерела: 6.36 × 6.50 × 4.72 м (ширина × висота × глибина). Майбутня околиця або містечко; англомовні написи адаптувати. Не використовувати випадкові модулі.,Assets/PolygonCity/Models/SM_Env_WaterEdge_Straight_01.fbx,262,e57dfce7d09250f2c6ab0c138dabddfc7a85f3409dd8a809a4b8569bfeebff30,
M0505,m_daf2f0d313f48734bac6e41b099ee68a,Бетонний береговий модуль · варіант 02,місто / інфраструктура,резерв,Бетонний береговий модуль · варіант 02. Габарити джерела: 5.65 × 5.52 × 4.02 м (ширина × висота × глибина). Майбутня околиця або містечко; англомовні написи адаптувати. Не використовувати випадкові модулі.,Assets/PolygonCity/Models/SM_Env_WaterEdge_Straight_02.fbx,64,a32057260250fba169761f67861bfc741c648d990fca1a4d31d040b5de90ce3c,
M0506,m_629dbe9aacf49f846833785b60e31854,Бетонний береговий модуль · варіант 03,місто / інфраструктура,резерв,Бетонний береговий модуль · варіант 03. Габарити джерела: 5.00 × 5.43 × 1.51 м (ширина × висота × глибина). Майбутня околиця або містечко; англомовні написи адаптувати. Не використовувати випадкові модулі.,Assets/PolygonCity/Models/SM_Env_WaterEdge_Straight_03.fbx,48,1b13168be5ed6eb6070b9bc03e9c1b4d339e9f60c74ff708e846d4d4ce53441b,
M0507,m_1a0516c444e57d74ead8cdd2fad24c3c,Міське технічне обладнання · варіант 01,місто / інфраструктура,резерв,Міське технічне обладнання · варіант 01. Габарити джерела: 1.13 × 1.54 × 0.52 м (ширина × висота × глибина). Майбутня околиця або містечко; англомовні написи адаптувати. Не використовувати випадкові модулі.,Assets/PolygonCity/Models/SM_Prop_ATM_01.fbx,418,4b23065e8d641580f255708aa64131023d51d35c9e6cb7b71a38de13f011dbb3,
M0508,m_3bc7921a1cf70574d8375ed93a8c0abf,Труба або технічне обладнання · варіант 01,місто / інфраструктура,резерв,Труба або технічне обладнання · варіант 01. Габарити джерела: 0.82 × 1.00 × 0.65 м (ширина × висота × глибина). Майбутня околиця або містечко; англомовні написи адаптувати. Не використовувати випадкові модулі.,Assets/PolygonCity/Models/SM_Prop_Aircon_01.fbx,224,28a6ca15a29bc805fa3a9db87ec96530b853cf76c682e638bcf85f63ff6d5fdd,
M0509,m_15700296a2b923d469c4aa4e752ccdfa,Дорожній бар’єр або огородження · варіант 01,бойовий реквізит,виключено зі стилю,"Дорожній бар’єр або огородження · варіант 01. Габарити джерела: 1.43 × 0.98 × 0.66 м (ширина × висота × глибина). Зберегти в бібліотеці, не включати в перші 12 затишних діорам.",Assets/PolygonCity/Models/SM_Prop_Barrier_01.fbx,262,7c909643fee50dff9037800c12311e79a2a2e5116c78959cb11fe860b9005d43,
M0510,m_89d69087cdc543c4e8e0a03e84ac5621,Вивіска або реклама · варіант 01,місто / інфраструктура,резерв,Вивіска або реклама · варіант 01. Габарити джерела: 4.43 × 2.35 × 0.82 м (ширина × висота × глибина). Майбутня околиця або містечко; англомовні написи адаптувати. Не використовувати випадкові модулі.,Assets/PolygonCity/Models/SM_Prop_Billboard_01.fbx,460,1fda7bcb5c68415e426b3d7abe5ad54c08e5c60c5f3104090bec84e2ca5e2c0b,
M0511,m_47eddd61ef5afcc4dbe6950be753f229,Вивіска або реклама · варіант 01,місто / інфраструктура,резерв,Вивіска або реклама · варіант 01. Габарити джерела: 0.61 × 6.90 × 0.61 м (ширина × висота × глибина). Майбутня околиця або містечко; англомовні написи адаптувати. Не використовувати випадкові модулі.,Assets/PolygonCity/Models/SM_Prop_Billboard_Pole_01.fbx,160,28577917c79f102f900e3634f825512e01e548221b45d29856d3017640d3afcf,
M0512,m_04118100bea46ec4bb6ff0dcb40eb907,Вивіска або реклама · варіант 01,місто / інфраструктура,резерв,Вивіска або реклама · варіант 01. Габарити джерела: 4.43 × 3.06 × 1.61 м (ширина × висота × глибина). Майбутня околиця або містечко; англомовні написи адаптувати. Не використовувати випадкові модулі.,Assets/PolygonCity/Models/SM_Prop_Billboard_Roof_01.fbx,674,6215eb97aa7b3527e974f84fa112f7fd61e47508596ca5657c9a634ec9d39bbf,
M0513,m_fecf1b0900c3c2e4ab67fdb4c302b31f,Вивіска або реклама · варіант 01,місто / інфраструктура,резерв,Вивіска або реклама · варіант 01. Габарити джерела: 4.19 × 2.03 × 0.12 м (ширина × висота × глибина). Майбутня околиця або містечко; англомовні написи адаптувати. Не використовувати випадкові модулі.,Assets/PolygonCity/Models/SM_Prop_Billboard_Sign_01.fbx,12,4612d7e64a375a1e87d9dafd5aacdfd2534734fb6e9cce96a65db33f415e0fc6,
M0514,m_3a65700e226cd8845893bf8b4c321649,Вивіска або реклама · варіант 02,місто / інфраструктура,резерв,Вивіска або реклама · варіант 02. Габарити джерела: 4.19 × 2.03 × 0.12 м (ширина × висота × глибина). Майбутня околиця або містечко; англомовні написи адаптувати. Не використовувати випадкові модулі.,Assets/PolygonCity/Models/SM_Prop_Billboard_Sign_02.fbx,12,fc5ceee157703e99563dc7be980d4528510449c77a83e435d79a525f6f953a78,
M0515,m_3f5b541fabe8ff346b2597b1e81e3f06,Вивіска або реклама · варіант 03,місто / інфраструктура,резерв,Вивіска або реклама · варіант 03. Габарити джерела: 4.19 × 2.03 × 0.12 м (ширина × висота × глибина). Майбутня околиця або містечко; англомовні написи адаптувати. Не використовувати випадкові модулі.,Assets/PolygonCity/Models/SM_Prop_Billboard_Sign_03.fbx,12,6385397f41116a9e01dab6e96bec863a8f15ca025fe8f5452b00b36b3c550e5e,
M0516,m_e6098de127c8e01479c503fc295feb2c,Вивіска або реклама · варіант 04,місто / інфраструктура,резерв,Вивіска або реклама · варіант 04. Габарити джерела: 4.19 × 2.03 × 0.12 м (ширина × висота × глибина). Майбутня околиця або містечко; англомовні написи адаптувати. Не використовувати випадкові модулі.,Assets/PolygonCity/Models/SM_Prop_Billboard_Sign_04.fbx,12,93a615924525a1402b7cc7145b7d7dd5d76f6c9d44e3d281b78056d584ec8311,
M0517,m_8f8f3ceac067a3445ae9e4e31b83435b,Вивіска або реклама · варіант 05,місто / інфраструктура,резерв,Вивіска або реклама · варіант 05. Габарити джерела: 4.19 × 2.03 × 0.12 м (ширина × висота × глибина). Майбутня околиця або містечко; англомовні написи адаптувати. Не використовувати випадкові модулі.,Assets/PolygonCity/Models/SM_Prop_Billboard_Sign_05.fbx,12,b0fdecf52c6560a1a8b72d4184ad237151cd80e3eb3ecf6482c0037dda9d38ba,
M0518,m_0dbccc3738da3a543a017b523898229c,Вивіска або реклама · варіант 06,місто / інфраструктура,резерв,Вивіска або реклама · варіант 06. Габарити джерела: 4.19 × 2.03 × 0.12 м (ширина × висота × глибина). Майбутня околиця або містечко; англомовні написи адаптувати. Не використовувати випадкові модулі.,Assets/PolygonCity/Models/SM_Prop_Billboard_Sign_06.fbx,12,7b301d3efcb317ff39642f07ae7b810c26d000d9db18164ed742e9d7a19d06a2,
M0519,m_05759b897bdc10d41918f713c2bcd5ae,Вивіска або реклама · варіант 07,місто / інфраструктура,резерв,Вивіска або реклама · варіант 07. Габарити джерела: 4.19 × 2.03 × 0.12 м (ширина × висота × глибина). Майбутня околиця або містечко; англомовні написи адаптувати. Не використовувати випадкові модулі.,Assets/PolygonCity/Models/SM_Prop_Billboard_Sign_07.fbx,12,baed14a6c0424871dc5279d0d2ab67dd9f8b3e5eff0c517fc396b7553921b461,
M0520,m_4058e4c91d93d4043a746212dd1e64d0,Міський харчовий реквізит · варіант 01,місто / інфраструктура,резерв,Міський харчовий реквізит · варіант 01. Габарити джерела: 0.33 × 0.20 × 0.29 м (ширина × висота × глибина). Майбутня околиця або містечко; англомовні написи адаптувати. Не використовувати випадкові модулі.,Assets/PolygonCity/Models/SM_Prop_Buger_01.fbx,156,c9da15b9027b6df3dda6679cb2a57a50c91b605fe850343734e753a57911a4d2,
M0521,m_1beca94c7e191af4da3b42a4db6c20ae,Зупинка або знак зупинки · варіант 01,місто / інфраструктура,резерв,Зупинка або знак зупинки · варіант 01. Габарити джерела: 4.51 × 3.07 × 1.57 м (ширина × висота × глибина). Майбутня околиця або містечко; англомовні написи адаптувати. Не використовувати випадкові модулі.,Assets/PolygonCity/Models/SM_Prop_BusStop_01.fbx,648,a26cbeda2b947b823f8948ad94e5e0b0e00fd07bf3011f6354f05396177330b9,
M0522,m_b8d96795f225e2b498836e1750485720,Транспортний засіб · варіант 01,місто / інфраструктура,резерв,Транспортний засіб · варіант 01. Габарити джерела: 0.60 × 0.51 × 0.60 м (ширина × висота × глибина). Майбутня околиця або містечко; англомовні написи адаптувати. Не використовувати випадкові модулі.,Assets/PolygonCity/Models/SM_Prop_CarboardBox_01.fbx,50,1734835f54ef1c347b5424ca464be8c1c1d09d60065eedb3426be89e013c9df8,
M0523,m_3d7a5f734b5844547aed9a0d62f1d8e1,Транспортний засіб · варіант 02,місто / інфраструктура,резерв,Транспортний засіб · варіант 02. Габарити джерела: 0.63 × 0.46 × 0.60 м (ширина × висота × глибина). Майбутня околиця або містечко; англомовні написи адаптувати. Не використовувати випадкові модулі.,Assets/PolygonCity/Models/SM_Prop_CarboardBox_02.fbx,52,a59659e1827816059db9e41b5ac9ae42602c34f0322a30b157955776091335e6,
M0524,m_00342b5aad272a14cadca03dabd84ec1,Транспортний засіб · варіант 03,місто / інфраструктура,резерв,Транспортний засіб · варіант 03. Габарити джерела: 0.98 × 0.78 × 1.07 м (ширина × висота × глибина). Майбутня околиця або містечко; англомовні написи адаптувати. Не використовувати випадкові модулі.,Assets/PolygonCity/Models/SM_Prop_CarboardBox_03.fbx,104,65054bbf9b0257ed9710836821790206ef79c48523feb523dae004597f3cbd35,
M0525,m_85d7bb05d092af74db07798e0264e75e,Транспортний засіб · варіант 04,місто / інфраструктура,резерв,Транспортний засіб · варіант 04. Габарити джерела: 0.84 × 0.70 × 1.05 м (ширина × висота × глибина). Майбутня околиця або містечко; англомовні написи адаптувати. Не використовувати випадкові модулі.,Assets/PolygonCity/Models/SM_Prop_CarboardBox_04.fbx,60,746c23c6ec3d1a2b1a78b2e639a596576c0f5f4c826a073cc003673ddea89ec7,
M0526,m_4c754cc944263d140a68f22b535bd973,Дорожній бар’єр або огородження · варіант 01,місто / інфраструктура,резерв,Дорожній бар’єр або огородження · варіант 01. Габарити джерела: 0.53 × 0.96 × 0.53 м (ширина × висота × глибина). Майбутня околиця або містечко; англомовні написи адаптувати. Не використовувати випадкові модулі.,Assets/PolygonCity/Models/SM_Prop_Cone_01.fbx,184,cce75750704c9db9dd80f59f5b7583e0d2066d3eed117e14ce369dde48b5d519,
M0527,m_8e297347e62e2944d9c28275a136ac24,Дорожній бар’єр або огородження · варіант 02,місто / інфраструктура,резерв,Дорожній бар’єр або огородження · варіант 02. Габарити джерела: 0.97 × 1.03 × 0.92 м (ширина × висота × глибина). Майбутня околиця або містечко; англомовні написи адаптувати. Не використовувати випадкові модулі.,Assets/PolygonCity/Models/SM_Prop_Cone_02.fbx,220,05637213144cfefcab72593842798bb17a5adc06447d9a7d8c29628f5f503722,
M0528,m_485e1e14e89b60e48a94387a2bf5782b,Лавка · варіант 01,місто / інфраструктура,резерв,Лавка · варіант 01. Габарити джерела: 1.83 × 1.06 × 1.13 м (ширина × висота × глибина). Майбутня околиця або містечко; англомовні написи адаптувати. Не використовувати випадкові модулі.,Assets/PolygonCity/Models/SM_Prop_Couch_01.fbx,378,8dd71661ebb3df61bc4aa84e42e6e7e310159b6587b8cfa069596ed736b613a5,
M0529,m_6a4427b535f508a4b838389f0927e007,Шезлонг · варіант 01,місто / інфраструктура,резерв,Шезлонг · варіант 01. Габарити джерела: 0.86 × 1.03 × 2.22 м (ширина × висота × глибина). Майбутня околиця або містечко; англомовні написи адаптувати. Не використовувати випадкові модулі.,Assets/PolygonCity/Models/SM_Prop_Deckchair_01.fbx,427,8480bc3fdd1f058f175580076cfa1075fd9e21d4a6a74a1dfcb19ec8d2996cdc,
M0530,m_46e2ced59c8b8024394bfcf3c53c8788,Архітектурна деталь · варіант 01,місто / інфраструктура,резерв,Архітектурна деталь · варіант 01. Габарити джерела: 1.43 × 2.62 × 0.50 м (ширина × висота × глибина). Майбутня околиця або містечко; англомовні написи адаптувати. Не використовувати випадкові модулі.,Assets/PolygonCity/Models/SM_Prop_Door_01.fbx,200,23d19706ed2e1a22f88601b316291eb8a5a3149f11751082fbd60736bc7023c2,
M0531,m_29e5eda72fa200c4b88f59745735bd5a,Архітектурна деталь · варіант 02,місто / інфраструктура,резерв,Архітектурна деталь · варіант 02. Габарити джерела: 1.54 × 2.62 × 0.46 м (ширина × висота × глибина). Майбутня околиця або містечко; англомовні написи адаптувати. Не використовувати випадкові модулі.,Assets/PolygonCity/Models/SM_Prop_Door_02.fbx,102,d1e456fb7ca86e4e1fe7190439df253cbb0ac96dd26a2c5b82d707c7456665ba,
M0532,m_a710d68ad8bbf854aa0aadc7e8649f50,Міський харчовий реквізит · варіант 01,місто / інфраструктура,резерв,Міський харчовий реквізит · варіант 01. Габарити джерела: 2.37 × 2.93 × 1.91 м (ширина × висота × глибина). Майбутня околиця або містечко; англомовні написи адаптувати. Не використовувати випадкові модулі.,Assets/PolygonCity/Models/SM_Prop_HotdogStand_01.fbx,1362,56b37e771bfe9fdb8fcdbabd873bca98a244078655395082bc5c59403eecf09f,
M0533,m_5d9585ddf62280a47a3f3b307292f21e,Пожежний гідрант · варіант 01,місто / інфраструктура,резерв,Пожежний гідрант · варіант 01. Габарити джерела: 0.55 × 1.05 × 0.54 м (ширина × висота × глибина). Майбутня околиця або містечко; англомовні написи адаптувати. Не використовувати випадкові модулі.,Assets/PolygonCity/Models/SM_Prop_Hydrant_01.fbx,400,b43f74efbb0d7a7fe9ab8f155c35bafcc5a433ee4971c147e7f3c6a705371bd0,
M0534,m_e7d9917a77297824fb07b199fc7abb47,Вивіска або реклама · варіант 01,місто / інфраструктура,резерв,Вивіска або реклама · варіант 01. Габарити джерела: 2.00 × 3.33 × 2.02 м (ширина × висота × глибина). Майбутня околиця або містечко; англомовні написи адаптувати. Не використовувати випадкові модулі.,Assets/PolygonCity/Models/SM_Prop_LargeSign_Beer_01.fbx,118,214a11bba04a53560b5a7a2ef00189e8319aa1dcacc3540f4ba165cf734137d7,
M0535,m_34ae0f9f79f5d734c9d4639692936e7a,Вивіска або реклама · варіант 01,місто / інфраструктура,резерв,Вивіска або реклама · варіант 01. Габарити джерела: 1.80 × 5.82 × 1.80 м (ширина × висота × глибина). Майбутня околиця або містечко; англомовні написи адаптувати. Не використовувати випадкові модулі.,Assets/PolygonCity/Models/SM_Prop_LargeSign_Bottle_01.fbx,244,365b0a8d454d28bf27c39fcd9068e02f818be85dc9122fe8aea6df511a48ba6f,
M0536,m_c7c278fb7b6a90243b01eaf42a855c62,Вивіска або реклама · варіант 01,місто / інфраструктура,резерв,Вивіска або реклама · варіант 01. Габарити джерела: 3.02 × 3.17 × 3.17 м (ширина × висота × глибина). Майбутня околиця або містечко; англомовні написи адаптувати. Не використовувати випадкові модулі.,Assets/PolygonCity/Models/SM_Prop_LargeSign_BowlingBall_01.fbx,80,61f4815afd2d5674ab25fd8b32c9fc7f8bb68224d6035d01483dd410ec2e5cd0,
M0537,m_8a3feb3a678b0744580b34e250d24606,Вивіска або реклама · варіант 01,місто / інфраструктура,резерв,Вивіска або реклама · варіант 01. Габарити джерела: 1.63 × 5.16 × 1.63 м (ширина × висота × глибина). Майбутня околиця або містечко; англомовні написи адаптувати. Не використовувати випадкові модулі.,Assets/PolygonCity/Models/SM_Prop_LargeSign_BowlingPin_01.fbx,208,1563a3e712b5f5f62e43607c56cfe1e8ad26332858bbfe7df3b94e56ee5b52c7,
M0538,m_9346d4a11ce62b5459ce3291fb4137bf,Вивіска або реклама · варіант 01,місто / інфраструктура,резерв,Вивіска або реклама · варіант 01. Габарити джерела: 3.72 × 2.18 × 3.72 м (ширина × висота × глибина). Майбутня околиця або містечко; англомовні написи адаптувати. Не використовувати випадкові модулі.,Assets/PolygonCity/Models/SM_Prop_LargeSign_Burger_01.fbx,492,e313971eec2f094eb76c526fd4d7292d84243036b5be23f0e1e2f180ad6ed849,
M0539,m_4cf61a1c8f76b9f48b3d1eecc06039da,Вивіска або реклама · варіант 01,місто / інфраструктура,резерв,Вивіска або реклама · варіант 01. Габарити джерела: 2.19 × 1.35 × 1.63 м (ширина × висота × глибина). Майбутня околиця або містечко; англомовні написи адаптувати. Не використовувати випадкові модулі.,Assets/PolygonCity/Models/SM_Prop_LargeSign_Coffee_01.fbx,344,fe370a24ca50c277224c545d0a513d31125070a2f541549fed8ac62b0a4d6690,
M0540,m_ad3742527981bcd4ea197974c7711d95,Вивіска або реклама · варіант 01,місто / інфраструктура,резерв,Вивіска або реклама · варіант 01. Габарити джерела: 3.82 × 1.35 × 3.82 м (ширина × висота × глибина). Майбутня околиця або містечко; англомовні написи адаптувати. Не використовувати випадкові модулі.,Assets/PolygonCity/Models/SM_Prop_LargeSign_Donut_01.fbx,456,0d7a34975874d9309919569ccd9364616f1cfd52520c2f6ea45beb68ac80f80e,
M0541,m_1b4a04dac569f844d94a3e9569e7af37,Вивіска або реклама · варіант 01,місто / інфраструктура,резерв,Вивіска або реклама · варіант 01. Габарити джерела: 2.10 × 6.38 × 0.38 м (ширина × висота × глибина). Майбутня околиця або містечко; англомовні написи адаптувати. Не використовувати випадкові модулі.,Assets/PolygonCity/Models/SM_Prop_LargeSign_Guitar_01.fbx,484,a8f913a4a4cd4380cb6e6bc5fa292937c9e52f627b8eba04885a3c9ec7f9b3c7,
M0542,m_49babb1ffc0fd7d41a6254a9a6ea6d03,Вивіска або реклама · варіант 01,місто / інфраструктура,резерв,Вивіска або реклама · варіант 01. Габарити джерела: 1.41 × 1.14 × 3.93 м (ширина × висота × глибина). Майбутня околиця або містечко; англомовні написи адаптувати. Не використовувати випадкові модулі.,Assets/PolygonCity/Models/SM_Prop_LargeSign_Hotdog_01.fbx,500,b61e27085b4c8aff13514338bc731e3bfdcd7ecab76e58b0f98b13eef6c69085,
M0543,m_337822653c124644889a72bcb9a74f94,Вивіска або реклама · варіант 01,місто / інфраструктура,резерв,Вивіска або реклама · варіант 01. Габарити джерела: 1.93 × 5.04 × 1.93 м (ширина × висота × глибина). Майбутня околиця або містечко; англомовні написи адаптувати. Не використовувати випадкові модулі.,Assets/PolygonCity/Models/SM_Prop_LargeSign_Icecream_01.fbx,188,ab96e37c79e819ba979590dea9e0dbcbc06dbb5d4c2f03a22e6a653f893a48d4,
M0544,m_f9d35889494f9214a8eb79b57db03640,Вивіска або реклама · варіант 01,місто / інфраструктура,резерв,Вивіска або реклама · варіант 01. Габарити джерела: 3.36 × 6.36 × 0.51 м (ширина × висота × глибина). Майбутня околиця або містечко; англомовні написи адаптувати. Не використовувати випадкові модулі.,Assets/PolygonCity/Models/SM_Prop_LargeSign_Lollypop_01.fbx,604,1374a02de1e960be239b2abfa94c52f07b94d0a6c59fe6cb3506e6d1855d89a8,
M0545,m_84246483d39d37a45a763afb9bd56849,Вивіска або реклама · варіант 01,місто / інфраструктура,резерв,Вивіска або реклама · варіант 01. Габарити джерела: 2.24 × 4.70 × 1.72 м (ширина × висота × глибина). Майбутня околиця або містечко; англомовні написи адаптувати. Не використовувати випадкові модулі.,Assets/PolygonCity/Models/SM_Prop_LargeSign_Milkshake_01.fbx,472,dfd14737141d2f7f3d81dfaa4b1ab8d2c56e12212be822d2105977737d416012,
M0546,m_fc5f8948a5a155549a03d2fced79a5e6,Вивіска або реклама · варіант 01,місто / інфраструктура,резерв,Вивіска або реклама · варіант 01. Габарити джерела: 2.95 × 3.60 × 2.52 м (ширина × висота × глибина). Майбутня околиця або містечко; англомовні написи адаптувати. Не використовувати випадкові модулі.,Assets/PolygonCity/Models/SM_Prop_LargeSign_Noodles_01.fbx,280,037b27561d036e282185893200de827db3aec11602b70d8c132a45ecbbb6e4c0,
M0547,m_8eb1e0ce59047ca44adcf1d3b18151d0,Вивіска або реклама · варіант 01,місто / інфраструктура,резерв,Вивіска або реклама · варіант 01. Габарити джерела: 3.37 × 0.56 × 2.96 м (ширина × висота × глибина). Майбутня околиця або містечко; англомовні написи адаптувати. Не використовувати випадкові модулі.,Assets/PolygonCity/Models/SM_Prop_LargeSign_Pizza_01.fbx,274,d2b0c50e21084cdf7b48ee51a28dda14d6fb57effc2db29261bb49de482e1ce0,
M0548,m_c2db775d9aea9744ba5bf12c09480b1c,Вивіска або реклама · варіант 01,місто / інфраструктура,резерв,Вивіска або реклама · варіант 01. Габарити джерела: 1.74 × 2.80 × 1.74 м (ширина × висота × глибина). Майбутня околиця або містечко; англомовні написи адаптувати. Не використовувати випадкові модулі.,Assets/PolygonCity/Models/SM_Prop_LargeSign_Popcorn_01.fbx,848,0428aef5e52c5f2321621b235e7e73490a039e929cbff5013c8059f566586610,
M0549,m_48c120eb615854d48b5632947a5468c6,Вивіска або реклама · варіант 01,місто / інфраструктура,резерв,Вивіска або реклама · варіант 01. Габарити джерела: 1.91 × 5.60 × 1.91 м (ширина × висота × глибина). Майбутня околиця або містечко; англомовні написи адаптувати. Не використовувати випадкові модулі.,Assets/PolygonCity/Models/SM_Prop_LargeSign_Soda_01.fbx,256,54e5605ac7264b99fa3226c8a9225dbfb710885f9d85717297b7e35fc1f56038,
M0550,m_45611d1f4c3c1ac4d9835ef85919eb8e,Вивіска або реклама · варіант 01,місто / інфраструктура,резерв,Вивіска або реклама · варіант 01. Габарити джерела: 1.22 × 2.22 × 3.70 м (ширина × висота × глибина). Майбутня околиця або містечко; англомовні написи адаптувати. Не використовувати випадкові модулі.,Assets/PolygonCity/Models/SM_Prop_LargeSign_Taco_01.fbx,374,24806ade05376ba8c44aae22d7f1fd7f621eef0aba385246081e4a8ea8d270bb,
M0551,m_35852e85aae20114fb7c82635087b31f,Ліхтар або світлофор · варіант 01,місто / інфраструктура,резерв,Ліхтар або світлофор · варіант 01. Габарити джерела: 0.40 × 0.92 × 6.28 м (ширина × висота × глибина). Майбутня околиця або містечко; англомовні написи адаптувати. Не використовувати випадкові модулі.,Assets/PolygonCity/Models/SM_Prop_LightPole_Arm_01.fbx,748,16959ec3254353c0e3f900f6cd0fadcd7e0eb5743ff5f121488d5380dacd5cdf,
M0552,m_4f59a66caa51dd342a8ba246d9d0264f,Ліхтар або світлофор · варіант 01,місто / інфраструктура,резерв,Ліхтар або світлофор · варіант 01. Габарити джерела: 0.35 × 6.48 × 2.48 м (ширина × висота × глибина). Майбутня околиця або містечко; англомовні написи адаптувати. Не використовувати випадкові модулі.,Assets/PolygonCity/Models/SM_Prop_LightPole_Base_01.fbx,348,b351e63709dc8ca714d54608d84fed9b97381a6965376dd3fe7a5b9fc3370322,
M0553,m_11a53405bf8df1743b8f665e72258cb7,Ліхтар або світлофор · варіант 02,місто / інфраструктура,резерв,Ліхтар або світлофор · варіант 02. Габарити джерела: 1.10 × 4.95 × 0.41 м (ширина × висота × глибина). Майбутня околиця або містечко; англомовні написи адаптувати. Не використовувати випадкові модулі.,Assets/PolygonCity/Models/SM_Prop_LightPole_Base_02.fbx,660,ab5eb57d866470ab82cdb15ba906de47fdc237b314e5d54cd42c8286ea6d64e0,
M0554,m_1c1345b159956db41b2c95e65f6dd86c,Ліхтар або світлофор · варіант 01,місто / інфраструктура,резерв,Ліхтар або світлофор · варіант 01. Габарити джерела: 0.23 × 0.53 × 0.39 м (ширина × висота × глибина). Майбутня околиця або містечко; англомовні написи адаптувати. Не використовувати випадкові модулі.,Assets/PolygonCity/Models/SM_Prop_LightPole_Box_01.fbx,44,b2adbe2a56fe102f657352d0e9320d1d6c827df99dbee78b5491987df11f8f0e,
M0555,m_0163278e6a1e5d74099ded2c752faa2c,Ліхтар або світлофор · варіант 01,місто / інфраструктура,резерв,Ліхтар або світлофор · варіант 01. Габарити джерела: 0.16 × 0.30 × 0.17 м (ширина × висота × глибина). Майбутня околиця або містечко; англомовні написи адаптувати. Не використовувати випадкові модулі.,Assets/PolygonCity/Models/SM_Prop_LightPole_CrossButton_01.fbx,66,2b9ce65e094976798b29ae00351a756d9d065ff0683de8e134b7ef39173b9d79,
M0556,m_3f89b1171e621dd4f99699d16c50e9bb,Ліхтар або світлофор · варіант 01,місто / інфраструктура,резерв,Ліхтар або світлофор · варіант 01. Габарити джерела: 0.45 × 0.40 × 0.31 м (ширина × висота × глибина). Майбутня околиця або містечко; англомовні написи адаптувати. Не використовувати випадкові модулі.,Assets/PolygonCity/Models/SM_Prop_LightPole_CrossLights_01.fbx,156,8c0977faf3592428ffcdb7f26e6b9760ebc6c0e58b0bb7251286617d01090a48,
M0557,m_00c03a792d6e37749a55d20bb0559506,Ліхтар або світлофор · варіант 01,місто / інфраструктура,резерв,Ліхтар або світлофор · варіант 01. Габарити джерела: 0.53 × 0.90 × 0.33 м (ширина × висота × глибина). Майбутня околиця або містечко; англомовні написи адаптувати. Не використовувати випадкові модулі.,Assets/PolygonCity/Models/SM_Prop_LightPole_Lights_01.fbx,390,68e3fb61f0e85a157f1906b5516bf2da040fef1a01fc7692dddb7fa2c6092b7c,
M0558,m_009d0f4e5f666794ab7c12a973d516ab,Ліхтар або світлофор · варіант 02,місто / інфраструктура,резерв,Ліхтар або світлофор · варіант 02. Габарити джерела: 0.33 × 0.90 × 0.41 м (ширина × висота × глибина). Майбутня околиця або містечко; англомовні написи адаптувати. Не використовувати випадкові модулі.,Assets/PolygonCity/Models/SM_Prop_LightPole_Lights_02.fbx,230,f06b99be7001f338dced04e62e2eb8911039435e198677452d1b06987ec635c0,
M0559,m_5fad272c34183d247a615caf29382c8d,Кронштейн ліхтаря · варіант 01,місто / інфраструктура,резерв,Кронштейн ліхтаря · варіант 01. Габарити джерела: 0.20 × 0.36 × 2.66 м (ширина × висота × глибина). Майбутня околиця або містечко; англомовні написи адаптувати. Не використовувати випадкові модулі.,Assets/PolygonCity/Models/SM_Prop_Light_Attachment_01.fbx,88,9a40b42bb3fbff748e8790b3b03416afe43d2f9d9328a8d24e9da222ba9748eb,
M0560,m_5d317239867200d4d9d76f9a99b39652,Поштова скринька · варіант 01,місто / інфраструктура,резерв,Поштова скринька · варіант 01. Габарити джерела: 0.67 × 1.22 × 0.59 м (ширина × висота × глибина). Майбутня околиця або містечко; англомовні написи адаптувати. Не використовувати випадкові модулі.,Assets/PolygonCity/Models/SM_Prop_Mailbox_01.fbx,409,69553cfa62101d285e72af2fad838143891f80c6d5c8dcae9e8b979afb525751,
M0561,m_dbbca7773291a2647aea17a83e39720a,Кришка люка · варіант 01,місто / інфраструктура,резерв,Кришка люка · варіант 01. Габарити джерела: 1.02 × 0.06 × 1.00 м (ширина × висота × глибина). Майбутня околиця або містечко; англомовні написи адаптувати. Не використовувати випадкові модулі.,Assets/PolygonCity/Models/SM_Prop_Manhole_01.fbx,258,7610b1f57c8ffec44a8793cc9707ffa6656ca57626974fc67a497b5e6e1c4235,
M0562,m_1e0d510f17a83f043a2e1e4619bf180c,Кришка люка · варіант 02,місто / інфраструктура,резерв,Кришка люка · варіант 02. Габарити джерела: 1.11 × 0.04 × 1.08 м (ширина × висота × глибина). Майбутня околиця або містечко; англомовні написи адаптувати. Не використовувати випадкові модулі.,Assets/PolygonCity/Models/SM_Prop_Manhole_02.fbx,442,19082e42286a6b79ac28f3ee739326a536eefb9003ab5404dccfc989b816249c,
M0563,m_5f4ac7e51a01dbd47aae19795a58cb74,Папір або газети · варіант 01,місто / інфраструктура,резерв,Папір або газети · варіант 01. Габарити джерела: 0.46 × 0.05 × 0.39 м (ширина × висота × глибина). Майбутня околиця або містечко; англомовні написи адаптувати. Не використовувати випадкові модулі.,Assets/PolygonCity/Models/SM_Prop_Newspaper_01.fbx,48,69ae4efd2c21164b2c2bf7d890d62f4817173a62969dd3e3a86c15cd56d601ec,
M0564,m_6c311a8ff9ef5904cbf88d1eea54aae8,Папір або газети · варіант 02,місто / інфраструктура,резерв,Папір або газети · варіант 02. Габарити джерела: 0.61 × 1.17 × 0.48 м (ширина × висота × глибина). Майбутня околиця або містечко; англомовні написи адаптувати. Не використовувати випадкові модулі.,Assets/PolygonCity/Models/SM_Prop_Newspaper_02.fbx,268,085d62fef33a1ae8af7903af69dda7cd3ea7181a07f6a6d472ec021cf1b2188d,
M0565,m_e23d4b62aad159148848bd34bcb3a354,Дерев’яний піддон · варіант 01,місто / інфраструктура,резерв,Дерев’яний піддон · варіант 01. Габарити джерела: 2.26 × 0.39 × 2.06 м (ширина × висота × глибина). Майбутня околиця або містечко; англомовні написи адаптувати. Не використовувати випадкові модулі.,Assets/PolygonCity/Models/SM_Prop_Pallet_01.fbx,228,82f7dc3d0b8de61bd0e59cdd05fa1b5df6710835eeda65655a4ceb363cead390,
M0566,m_53e09b135ce4f8d41a77e2e4d426e29a,Папір або газети · варіант 01,місто / інфраструктура,резерв,Папір або газети · варіант 01. Габарити джерела: 0.30 × 0.00 × 0.46 м (ширина × висота × глибина). Майбутня околиця або містечко; англомовні написи адаптувати. Не використовувати випадкові модулі.,Assets/PolygonCity/Models/SM_Prop_Paper_01.fbx,2,082167af6add1f6d24c52b16dcbeaa365e320d7c45b7d390dd848f742ef5c372,
M0567,m_a0f09514e6d8beb4bb4d670739f7f4fd,Папір або газети · варіант 02,місто / інфраструктура,резерв,Папір або газети · варіант 02. Габарити джерела: 0.30 × 0.00 × 0.46 м (ширина × висота × глибина). Майбутня околиця або містечко; англомовні написи адаптувати. Не використовувати випадкові модулі.,Assets/PolygonCity/Models/SM_Prop_Paper_02.fbx,2,b0c4304333b4f8f3baf398efd131893c3d116914a20f864305c3c92971c4c855,
M0568,m_4672e905a94e7c842a52305e53f0cd20,Папір або газети · варіант 03,місто / інфраструктура,резерв,Папір або газети · варіант 03. Габарити джерела: 0.30 × 0.00 × 0.46 м (ширина × висота × глибина). Майбутня околиця або містечко; англомовні написи адаптувати. Не використовувати випадкові модулі.,Assets/PolygonCity/Models/SM_Prop_Paper_03.fbx,5,aa76d14e3eb3b22feca6163c37b111dc5cf7cbed655d2d63e179c35e06a940c7,
M0569,m_f2bacc97b0f619e4ab69a9236a580b8d,Папір або газети · варіант 04,місто / інфраструктура,резерв,Папір або газети · варіант 04. Габарити джерела: 0.32 × 0.00 × 0.46 м (ширина × висота × глибина). Майбутня околиця або містечко; англомовні написи адаптувати. Не використовувати випадкові модулі.,Assets/PolygonCity/Models/SM_Prop_Paper_04.fbx,5,772f0df636a3ba265ac462eda6fd7ddf3d860c3a1c5aaf1f1b1abd90cf3bcbd4,
M0570,m_12dd4de43bde8f8448bcbf35c30bd744,Папір або газети · варіант 05,місто / інфраструктура,резерв,Папір або газети · варіант 05. Габарити джерела: 0.35 × 0.13 × 0.31 м (ширина × висота × глибина). Майбутня околиця або містечко; англомовні написи адаптувати. Не використовувати випадкові модулі.,Assets/PolygonCity/Models/SM_Prop_Paper_05.fbx,60,5c6b1c2971c732527a3a7a02285d5f8e80d1e0a9d339a908fc6ee8fb72de690e,
M0571,m_6080e80bbc45a324b832aec3f4cef3ad,Лавка · варіант 01,побут / туризм,кандидат,Лавка · варіант 01. Габарити джерела: 2.08 × 1.05 × 0.62 м (ширина × висота × глибина). Один-два побутові акценти біля краю галявини; огорожі/настили мають власника й реальний підхід.,Assets/PolygonCity/Models/SM_Prop_ParkBench_01.fbx,552,5e0e1fd24c1574f284d5fed656b2c1a0627088262b67798794e8fbba407d45dd,D05;D12
M0572,m_bc6d4e50475f85448a0345adc55750e0,Міське технічне обладнання · варіант 01,місто / інфраструктура,резерв,Міське технічне обладнання · варіант 01. Габарити джерела: 0.23 × 1.45 × 0.13 м (ширина × висота × глибина). Майбутня околиця або містечко; англомовні написи адаптувати. Не використовувати випадкові модулі.,Assets/PolygonCity/Models/SM_Prop_ParkingMeter_01.fbx,180,ef80eb8e4c32485108695d333b34c6f63f42a5d7e15aa1da1259f08e0264bd2c,
M0573,m_99c3dab35e27907458574549ef734d03,Міське технічне обладнання · варіант 02,місто / інфраструктура,резерв,Міське технічне обладнання · варіант 02. Габарити джерела: 0.77 × 1.87 × 0.53 м (ширина × висота × глибина). Майбутня околиця або містечко; англомовні написи адаптувати. Не використовувати випадкові модулі.,Assets/PolygonCity/Models/SM_Prop_ParkingMeter_02.fbx,310,68c9aeeec8868c518edbab96e5987a6013df53882feeed9dd0ac40e7378d3999,
M0574,m_55f6c07f374ffc04581eba7291c2d62e,Телефонний апарат · варіант 01,місто / інфраструктура,резерв,Телефонний апарат · варіант 01. Габарити джерела: 2.63 × 2.50 × 1.05 м (ширина × висота × глибина). Майбутня околиця або містечко; англомовні написи адаптувати. Не використовувати випадкові модулі.,Assets/PolygonCity/Models/SM_Prop_Phones_01.fbx,1036,52ca57a479d295b79850afd781dd5580e559dabe9f638c2fc031feb2ae5cad3a,
M0575,m_c454f6aff46058043ab43e59d0b536ec,Стіл із лавами · варіант 01,побут / туризм,кандидат,Стіл із лавами · варіант 01. Габарити джерела: 2.48 × 1.01 × 1.69 м (ширина × висота × глибина). Один-два побутові акценти біля краю галявини; огорожі/настили мають власника й реальний підхід.,Assets/PolygonCity/Models/SM_Prop_PicnicTable_01.fbx,322,0d956c34201956d4c960f7d9c1bc1c190503a10f71e2b772c19647a0da40c94e,
M0576,m_efde0704c0b00d74eaa18692b18b3253,Труба або технічне обладнання · варіант 01,місто / інфраструктура,резерв,Труба або технічне обладнання · варіант 01. Габарити джерела: 0.20 × 0.41 × 0.41 м (ширина × висота × глибина). Майбутня околиця або містечко; англомовні написи адаптувати. Не використовувати випадкові модулі.,Assets/PolygonCity/Models/SM_Prop_Pipe_Part_Connect_01.fbx,112,95136b41fb36ba10e66d1c8bc30f9e2dcddaf7747eee1634ae61494e8c1dbdaf,
M0577,m_abd37f546e0fac146a8fbdbf9324a0b2,Труба або технічне обладнання · варіант 01,місто / інфраструктура,резерв,Труба або технічне обладнання · варіант 01. Габарити джерела: 0.45 × 0.31 × 0.45 м (ширина × висота × глибина). Майбутня околиця або містечко; англомовні написи адаптувати. Не використовувати випадкові модулі.,Assets/PolygonCity/Models/SM_Prop_Pipe_Part_Corner_01.fbx,64,442259f0840f5e1cf1163cb513ce61357590a56e8dd2d1698285b5d415babd95,
M0578,m_1a0e9ff6b887f2a48a1b1ed08dd3ade1,Труба або технічне обладнання · варіант 01,місто / інфраструктура,резерв,Труба або технічне обладнання · варіант 01. Габарити джерела: 1.00 × 0.31 × 0.31 м (ширина × висота × глибина). Майбутня околиця або містечко; англомовні написи адаптувати. Не використовувати випадкові модулі.,Assets/PolygonCity/Models/SM_Prop_Pipe_Part_Straight_01.fbx,16,8a64610cb3384b11b9e02d2b28346e906f4a96b91b70d601a02aff200f7afa0d,
M0579,m_c30c0841723e49f4ebbac95faf3037df,Труба або технічне обладнання · варіант 01,місто / інфраструктура,резерв,Труба або технічне обладнання · варіант 01. Габарити джерела: 1.10 × 0.75 × 0.41 м (ширина × висота × глибина). Майбутня околиця або містечко; англомовні написи адаптувати. Не використовувати випадкові модулі.,Assets/PolygonCity/Models/SM_Prop_Pipe_Part_T_01.fbx,372,46f4d68ab0ca66f1df0da53afede379e79de6c5f34d459abc343909373c88e21,
M0580,m_4388c39b9105c144291f10c041847ae5,Труба або технічне обладнання · варіант 01,місто / інфраструктура,резерв,Труба або технічне обладнання · варіант 01. Габарити джерела: 4.46 × 7.05 × 0.50 м (ширина × висота × глибина). Майбутня околиця або містечко; англомовні написи адаптувати. Не використовувати випадкові модулі.,Assets/PolygonCity/Models/SM_Prop_Pipe_Present_01.fbx,3288,88e4c6cc7a6a7256d5c969a9f4d9190fdd59ab46f1fa9f16b3f6e168c52c53d0,
M0581,m_c084014e6a6351043b5aa8fe936eacf6,Труба або технічне обладнання · варіант 02,місто / інфраструктура,резерв,Труба або технічне обладнання · варіант 02. Габарити джерела: 4.07 × 6.91 × 3.17 м (ширина × висота × глибина). Майбутня околиця або містечко; англомовні написи адаптувати. Не використовувати випадкові модулі.,Assets/PolygonCity/Models/SM_Prop_Pipe_Present_02.fbx,3432,0aa1ba0dc1b883deb026142d1ec75b2cb32db7b67287d20463f455b2fd9fd707,
M0582,m_08360026170618b43b8ac93e6533f74b,Труба або технічне обладнання · варіант 03,місто / інфраструктура,резерв,Труба або технічне обладнання · варіант 03. Габарити джерела: 2.83 × 4.24 × 0.50 м (ширина × висота × глибина). Майбутня околиця або містечко; англомовні написи адаптувати. Не використовувати випадкові модулі.,Assets/PolygonCity/Models/SM_Prop_Pipe_Present_03.fbx,1144,b1d9cc3a37edb9e6b437179372f30167ff8dc6180b003e6e759974e5891b4fda,
M0583,m_555faddb0f4f8a64f942ddd15e67af9c,Труба або технічне обладнання · варіант 01,місто / інфраструктура,резерв,Труба або технічне обладнання · варіант 01. Габарити джерела: 0.15 × 4.00 × 0.39 м (ширина × висота × глибина). Майбутня околиця або містечко; англомовні написи адаптувати. Не використовувати випадкові модулі.,Assets/PolygonCity/Models/SM_Prop_Pipe_Small_01.fbx,288,e3d13d62412dfcee8e91d5e82f45ed170ec2d04e2db14a8fb389cfe320fe0470,
M0584,m_e767a6d8edb908a419553aeda66f5282,Труба або технічне обладнання · варіант 02,місто / інфраструктура,резерв,Труба або технічне обладнання · варіант 02. Габарити джерела: 1.34 × 3.60 × 0.39 м (ширина × висота × глибина). Майбутня околиця або містечко; англомовні написи адаптувати. Не використовувати випадкові модулі.,Assets/PolygonCity/Models/SM_Prop_Pipe_Small_02.fbx,736,97fe8a4da4b6fe759e40507690f35a5261a94d45f8ac3a1e0f9dea75893e2844,
M0585,m_aef168ecaa3393048ae8f2ab57d08e32,Декоративна рослина або квіткова скринька · варіант 01,додатковий реквізит,резерв,Декоративна рослина або квіткова скринька · варіант 01. Габарити джерела: 0.99 × 0.74 × 0.37 м (ширина × висота × глибина). Зберегти для окремого контексту після затвердження основних 12 композицій.,Assets/PolygonCity/Models/SM_Prop_PlanterWindow_01.fbx,491,146b9e11f16a614b60fe6c7b3772df3c960b5206fb84455ec1f70ad37dbf0224,
M0586,m_4d7b1e8b05acda04589c4052eaa97df3,Декоративна рослина або квіткова скринька · варіант 02,додатковий реквізит,резерв,Декоративна рослина або квіткова скринька · варіант 02. Габарити джерела: 0.87 × 0.74 × 0.33 м (ширина × висота × глибина). Зберегти для окремого контексту після затвердження основних 12 композицій.,Assets/PolygonCity/Models/SM_Prop_PlanterWindow_02.fbx,317,5b26a8cbd81ee3efb9b5bc2b87a9c3760610b204d9a589659e41efaf93fe88ea,
M0587,m_cf0b460e21946b344b5e5f3b4c27c0dc,Декоративна рослина або квіткова скринька · варіант 01,додатковий реквізит,резерв,Декоративна рослина або квіткова скринька · варіант 01. Габарити джерела: 2.30 × 0.81 × 0.70 м (ширина × висота × глибина). Зберегти для окремого контексту після затвердження основних 12 композицій.,Assets/PolygonCity/Models/SM_Prop_Planter_01.fbx,422,9f3ac3bea56b9f0286ef5f97b2a298659252fee5144e3d63921b99897fc4ba24,
M0588,m_c37665b78a5f59049a1b29a6129213f8,Декоративна рослина або квіткова скринька · варіант 02,додатковий реквізит,резерв,Декоративна рослина або квіткова скринька · варіант 02. Габарити джерела: 1.51 × 0.78 × 0.46 м (ширина × висота × глибина). Зберегти для окремого контексту після затвердження основних 12 композицій.,Assets/PolygonCity/Models/SM_Prop_Planter_02.fbx,479,a217e0af463e54a5bad5fec14ab41416380f2256fe3019e96f976cb6db2eab1b,
M0589,m_282879460138be34ead82c2c30d4b091,Поліцейський кийок · варіант 01,місто / інфраструктура,резерв,Поліцейський кийок · варіант 01. Габарити джерела: 0.04 × 0.61 × 0.18 м (ширина × висота × глибина). Майбутня околиця або містечко; англомовні написи адаптувати. Не використовувати випадкові модулі.,Assets/PolygonCity/Models/SM_Prop_Police_Baton_01.fbx,90,a87f18218d0d76b61fcd3b12682e714eab5ece651fedce8807c1a0ae15b8a322,
M0590,m_c16aa1108cc545242b35de129b42d962,Вивіска або реклама · варіант 01,місто / інфраструктура,резерв,Вивіска або реклама · варіант 01. Габарити джерела: 0.65 × 0.96 × 0.04 м (ширина × висота × глибина). Майбутня околиця або містечко; англомовні написи адаптувати. Не використовувати випадкові модулі.,Assets/PolygonCity/Models/SM_Prop_Poster_01.fbx,12,f5b6c06e33eb1a36f51145239189a405bfd85097f1dab0e9457241a2b07bfbbf,
M0591,m_8d9fd100d18193447bf37bd8380ef034,Вивіска або реклама · варіант 02,місто / інфраструктура,резерв,Вивіска або реклама · варіант 02. Габарити джерела: 0.66 × 0.96 × 0.04 м (ширина × висота × глибина). Майбутня околиця або містечко; англомовні написи адаптувати. Не використовувати випадкові модулі.,Assets/PolygonCity/Models/SM_Prop_Poster_02.fbx,12,84b29bf7e819d301253c7b891dfc9a66c304a5be861588acbbc39958b5e8aa86,
M0592,m_eedb3e89c519d8b48a77752541eecfb8,Вивіска або реклама · варіант 03,місто / інфраструктура,резерв,Вивіска або реклама · варіант 03. Габарити джерела: 0.66 × 0.96 × 0.04 м (ширина × висота × глибина). Майбутня околиця або містечко; англомовні написи адаптувати. Не використовувати випадкові модулі.,Assets/PolygonCity/Models/SM_Prop_Poster_03.fbx,12,00d1536cbb0b6cc1107b0fe9ba9830ffc74a9dd4f9793243f4aa70c622a5ee5b,
M0593,m_0855d8a5406ac9842a765dd14a9526c2,Вивіска або реклама · варіант 01,місто / інфраструктура,резерв,Вивіска або реклама · варіант 01. Габарити джерела: 0.84 × 1.19 × 0.20 м (ширина × висота × глибина). Майбутня околиця або містечко; англомовні написи адаптувати. Не використовувати випадкові модулі.,Assets/PolygonCity/Models/SM_Prop_Poster_Frame_01.fbx,150,cc7c04334b7a5d63de23385407421682fa4469d1510c44be0a4452bd7981ce45,
M0594,m_3f16a42493bfee3448c3a15e454ab2d9,Декоративна рослина або квіткова скринька · варіант 01,місто / інфраструктура,резерв,Декоративна рослина або квіткова скринька · варіант 01. Габарити джерела: 0.57 × 0.80 × 0.58 м (ширина × висота × глибина). Майбутня околиця або містечко; англомовні написи адаптувати. Не використовувати випадкові модулі.,Assets/PolygonCity/Models/SM_Prop_PotPlant_01.fbx,200,b5859c17aa186ebe1b28ad8db546dd5b9acfbda9086b4784753dc8b508223376,
M0595,m_e0797189bc2a81c4bb3d2a6c07cfc245,Декоративна рослина або квіткова скринька · варіант 02,місто / інфраструктура,резерв,Декоративна рослина або квіткова скринька · варіант 02. Габарити джерела: 0.69 × 1.56 × 0.64 м (ширина × висота × глибина). Майбутня околиця або містечко; англомовні написи адаптувати. Не використовувати випадкові модулі.,Assets/PolygonCity/Models/SM_Prop_PotPlant_02.fbx,552,6cc675d20a924da18c0c0e44b9a07376ae0ae84bdc89b59aff77bbfb9a940ca1,
M0596,m_ef227fb11c3c27d4bbc32bbc1f58d552,Електрообладнання · варіант 01,місто / інфраструктура,резерв,Електрообладнання · варіант 01. Габарити джерела: 1.97 × 1.90 × 0.83 м (ширина × висота × глибина). Майбутня околиця або містечко; англомовні написи адаптувати. Не використовувати випадкові модулі.,Assets/PolygonCity/Models/SM_Prop_PowerBox_01.fbx,364,8a539d0ba88492091ea68b9c254ebcf8124dd4a066751d38acef80d9d3b1ee98,
M0597,m_8ec5564ba55652046b25d9dd810e5313,Електрообладнання · варіант 01,місто / інфраструктура,резерв,Електрообладнання · варіант 01. Габарити джерела: 12.45 × 0.74 × 1.49 м (ширина × висота × глибина). Майбутня околиця або містечко; англомовні написи адаптувати. Не використовувати випадкові модулі.,Assets/PolygonCity/Models/SM_Prop_Power_Cables_01.fbx,168,4c3973aaaccf23c67aabf061f744c9527eb2fe65363ad115a73c4703737e1ec3,
M0598,m_d4acc74b0392b0b4693d11ba9b047397,Електрообладнання · варіант 02,місто / інфраструктура,резерв,Електрообладнання · варіант 02. Габарити джерела: 6.36 × 0.40 × 1.49 м (ширина × висота × глибина). Майбутня околиця або містечко; англомовні написи адаптувати. Не використовувати випадкові модулі.,Assets/PolygonCity/Models/SM_Prop_Power_Cables_02.fbx,96,4b2fc561c65e33e6277752665b8df3fad590978ff4e852a0d85955b52c3bc83e,
M0599,m_a6044e29b69ba7c48bad9d42235cbd3d,Електрообладнання · варіант 03,місто / інфраструктура,резерв,Електрообладнання · варіант 03. Габарити джерела: 0.06 × 0.61 × 13.49 м (ширина × висота × глибина). Майбутня околиця або містечко; англомовні написи адаптувати. Не використовувати випадкові модулі.,Assets/PolygonCity/Models/SM_Prop_Power_Cables_03.fbx,56,b230ca033ae763f023f6d4d1717c5ac1363cd69c504cc0106281fe23fc145bec,
M0600,m_77fb40c6132e8e145ab24a19d6e0aa63,Труба або технічне обладнання · варіант 01,місто / інфраструктура,резерв,Труба або технічне обладнання · варіант 01. Габарити джерела: 0.95 × 0.59 × 0.47 м (ширина × висота × глибина). Майбутня околиця або містечко; англомовні написи адаптувати. Не використовувати випадкові модулі.,Assets/PolygonCity/Models/SM_Prop_Roof_Aircon_01.fbx,188,2d3ec64006ce62c7c36599601caea109c60699dc2019ba7afa8746148722cc1f,
M0601,m_d29064c7c70e71a478765437ee714c29,Труба або технічне обладнання · варіант 02,місто / інфраструктура,резерв,Труба або технічне обладнання · варіант 02. Габарити джерела: 1.59 × 1.07 × 0.80 м (ширина × висота × глибина). Майбутня околиця або містечко; англомовні написи адаптувати. Не використовувати випадкові модулі.,Assets/PolygonCity/Models/SM_Prop_Roof_Aircon_02.fbx,338,247ef7468d670dff7edf3211ab64a0ac81568e679fbdf096439ae1d0ac680856,
M0602,m_ceb1d031ed4bfa74294360bded2096b7,Труба або технічне обладнання · варіант 03,місто / інфраструктура,резерв,Труба або технічне обладнання · варіант 03. Габарити джерела: 1.55 × 1.05 × 1.00 м (ширина × висота × глибина). Майбутня околиця або містечко; англомовні написи адаптувати. Не використовувати випадкові модулі.,Assets/PolygonCity/Models/SM_Prop_Roof_Aircon_03.fbx,292,07ccd7676638855bdcec687618137607ae19140c779a5449f072ec3e001c630e,
M0603,m_84cd96749b0e85646a98fe23fb183531,Міське технічне обладнання · варіант 01,місто / інфраструктура,резерв,Міське технічне обладнання · варіант 01. Габарити джерела: 1.21 × 1.34 × 0.68 м (ширина × висота × глибина). Майбутня околиця або містечко; англомовні написи адаптувати. Не використовувати випадкові модулі.,Assets/PolygonCity/Models/SM_Prop_SatDish_01.fbx,250,d35f9df64a415b4594b0e433a0a630184b3e2fff0b66ec97de95d3a8339c1ef2,
M0604,m_d16aaa008a6e19a4e9ee3a784361a888,Міське технічне обладнання · варіант 01,місто / інфраструктура,резерв,Міське технічне обладнання · варіант 01. Габарити джерела: 0.41 × 0.52 × 0.64 м (ширина × висота × глибина). Майбутня околиця або містечко; англомовні написи адаптувати. Не використовувати випадкові модулі.,Assets/PolygonCity/Models/SM_Prop_SecurityCamera_01.fbx,170,c5a51803071be902e9cd5517a94b64a5d6b66d692cc334384e77ebcfaa9cdcee,
M0605,m_cf90d4a549b39c943ba41e1e129f7de6,Міське технічне обладнання · варіант 01,місто / інфраструктура,резерв,Міське технічне обладнання · варіант 01. Габарити джерела: 0.28 × 0.49 × 0.89 м (ширина × висота × глибина). Майбутня околиця або містечко; англомовні написи адаптувати. Не використовувати випадкові модулі.,Assets/PolygonCity/Models/SM_Prop_SecurityCamera_Arm_01.fbx,164,b7ffb10b1d051b60b6a0ebf356e6d36f878653f08221cab8df8332cf14c460ea,
M0606,m_5c109fd8e0291834eae9ccbb4f4c649b,Модуль магазину · варіант 01,місто / інфраструктура,резерв,Модуль магазину · варіант 01. Габарити джерела: 5.00 × 1.58 × 0.96 м (ширина × висота × глибина). Майбутня околиця або містечко; англомовні написи адаптувати. Не використовувати випадкові модулі.,Assets/PolygonCity/Models/SM_Prop_ShopInterior_Cafe_01.fbx,728,9c9b89a6a4f096287642fbb236ef8caf4284ad4066212dab0b21dfe16fb610b7,
M0607,m_5fadc705003914e46801f1bc19a76107,Модуль магазину · варіант 01,місто / інфраструктура,резерв,Модуль магазину · варіант 01. Габарити джерела: 0.49 × 1.05 × 0.59 м (ширина × висота × глибина). Майбутня околиця або містечко; англомовні написи адаптувати. Не використовувати випадкові модулі.,Assets/PolygonCity/Models/SM_Prop_ShopInterior_Chair_01.fbx,104,69608080c0ba2715116d12431cb9134f8fa7dd3aa217095c15b75f5d8bd06552,
M0608,m_7c99b4e43e33d9a49b4ba2cf0ce776e9,Модуль магазину · варіант 01,місто / інфраструктура,резерв,Модуль магазину · варіант 01. Габарити джерела: 1.61 × 1.08 × 0.50 м (ширина × висота × глибина). Майбутня околиця або містечко; англомовні написи адаптувати. Не використовувати випадкові модулі.,Assets/PolygonCity/Models/SM_Prop_ShopInterior_Desk_01.fbx,302,afff8effc1889f4922c15bdf37ea0393c28634d9e4c2077ef52d82cada280e97,
M0609,m_f5a8dfd8843722a4ea0e48980bed3b4f,Модуль магазину · варіант 02,місто / інфраструктура,резерв,Модуль магазину · варіант 02. Габарити джерела: 2.49 × 1.25 × 1.28 м (ширина × висота × глибина). Майбутня околиця або містечко; англомовні написи адаптувати. Не використовувати випадкові модулі.,Assets/PolygonCity/Models/SM_Prop_ShopInterior_Desk_02.fbx,350,7e80bdee04c1b546e0d9fe36d0040ddedbf4ea26bbd9bc9919c278d017585ed0,
M0610,m_4b4dda27c09854041851fab1b2e17354,Модуль магазину · варіант 01,місто / інфраструктура,резерв,Модуль магазину · варіант 01. Габарити джерела: 0.64 × 1.18 × 0.64 м (ширина × висота × глибина). Майбутня околиця або містечко; англомовні написи адаптувати. Не використовувати випадкові модулі.,Assets/PolygonCity/Models/SM_Prop_ShopInterior_Display_01.fbx,84,7d27ee380a7531f898df193ee56ab4ea949c495c3471a3caf830dd864f5e4009,
M0611,m_19a733966acc36e44b627a36017aaf0a,Модуль магазину · варіант 02,місто / інфраструктура,резерв,Модуль магазину · варіант 02. Габарити джерела: 0.64 × 1.26 × 0.64 м (ширина × висота × глибина). Майбутня околиця або містечко; англомовні написи адаптувати. Не використовувати випадкові модулі.,Assets/PolygonCity/Models/SM_Prop_ShopInterior_Display_02.fbx,72,ec3d284194912ffa6ed1059d2bafa8e60b22f00d2363dddb4646f527063393a9,
M0612,m_cbb10bac1aa67344482814d97bba4728,Модуль магазину · варіант 01,місто / інфраструктура,резерв,Модуль магазину · варіант 01. Габарити джерела: 1.52 × 1.93 × 0.88 м (ширина × висота × глибина). Майбутня околиця або містечко; англомовні написи адаптувати. Не використовувати випадкові модулі.,Assets/PolygonCity/Models/SM_Prop_ShopInterior_Shelf_01.fbx,938,dce6c651bbfb87023644b616f3541cbb23d86775dbfe46bc5b92e1bdc0e37003,
M0613,m_059ca0c42d405144ca917f8427c95c78,Модуль магазину · варіант 02,місто / інфраструктура,резерв,Модуль магазину · варіант 02. Габарити джерела: 1.22 × 1.43 × 0.27 м (ширина × висота × глибина). Майбутня околиця або містечко; англомовні написи адаптувати. Не використовувати випадкові модулі.,Assets/PolygonCity/Models/SM_Prop_ShopInterior_Shelf_02.fbx,164,0ed03cb19e9fd46b4bfae6665a1b8ba87dc48bff11a266af9b588064d1424edb,
M0614,m_c9cac6c297c268445ae6c594399ab151,Модуль магазину · варіант 03,місто / інфраструктура,резерв,Модуль магазину · варіант 03. Габарити джерела: 1.22 × 0.78 × 0.27 м (ширина × висота × глибина). Майбутня околиця або містечко; англомовні написи адаптувати. Не використовувати випадкові модулі.,Assets/PolygonCity/Models/SM_Prop_ShopInterior_Shelf_03.fbx,82,82b7664029b78aa023348b7721207a9cb042d42fb5d6ad28f54c21585ab4e8d0,
M0615,m_0c78c1c25084ece4a90c739e64675450,Модуль магазину · варіант 04,місто / інфраструктура,резерв,Модуль магазину · варіант 04. Габарити джерела: 1.22 × 0.67 × 0.42 м (ширина × висота × глибина). Майбутня околиця або містечко; англомовні написи адаптувати. Не використовувати випадкові модулі.,Assets/PolygonCity/Models/SM_Prop_ShopInterior_Shelf_04.fbx,92,ec54fa8406205baa1859917c99bb062452b96d02e7316628c09264c45455fd84,
M0616,m_013bc7eb7c48f3e459b5a5b5ef95d33d,Модуль магазину · варіант 01,місто / інфраструктура,резерв,Модуль магазину · варіант 01. Габарити джерела: 1.18 × 0.95 × 1.17 м (ширина × висота × глибина). Майбутня околиця або містечко; англомовні написи адаптувати. Не використовувати випадкові модулі.,Assets/PolygonCity/Models/SM_Prop_ShopInterior_Table_01.fbx,164,c5f2410e31b46a575f82fca666081588b4820e0faf292c3fd08bad5814a08ccb,
M0617,m_5827dc2a06ebf7b4d8c309d5330a4b22,Модуль дороги або тротуару · варіант 01,місто / інфраструктура,резерв,Модуль дороги або тротуару · варіант 01. Габарити джерела: 3.21 × 1.12 × 0.21 м (ширина × висота × глибина). Майбутня околиця або містечко; англомовні написи адаптувати. Не використовувати випадкові модулі.,Assets/PolygonCity/Models/SM_Prop_SidewalkPoles_01.fbx,288,3f72b0f77d7cf1dfacd38f0c82b2369eb4d1bc90e7d76eb92afc9fce81d7641e,
M0618,m_1d53fda575ee880449329b3b0961e56b,Модуль дороги або тротуару · варіант 02,місто / інфраструктура,резерв,Модуль дороги або тротуару · варіант 02. Габарити джерела: 0.21 × 1.12 × 0.21 м (ширина × висота × глибина). Майбутня околиця або містечко; англомовні написи адаптувати. Не використовувати випадкові модулі.,Assets/PolygonCity/Models/SM_Prop_SidewalkPoles_02.fbx,72,7448201d2bc5eef3bee0adc8464bbd70f80392802020ea9ddbd8c7868486c291,
M0619,m_2e4cb62a3cd1c914eb9b837f091bb73d,Модуль дороги або тротуару · варіант 01,місто / інфраструктура,резерв,Модуль дороги або тротуару · варіант 01. Габарити джерела: 0.44 × 0.06 × 0.44 м (ширина × висота × глибина). Майбутня околиця або містечко; англомовні написи адаптувати. Не використовувати випадкові модулі.,Assets/PolygonCity/Models/SM_Prop_Sidewalk_Panel_01.fbx,72,78068e8057298a25fba7ce54a30797dc6dca06c7cb61958767ca375421dffbf4,
M0620,m_2629e10abd0d9194aaef0f0e2894ee59,Модуль дороги або тротуару · варіант 02,місто / інфраструктура,резерв,Модуль дороги або тротуару · варіант 02. Габарити джерела: 0.44 × 0.06 × 0.46 м (ширина × висота × глибина). Майбутня околиця або містечко; англомовні написи адаптувати. Не використовувати випадкові модулі.,Assets/PolygonCity/Models/SM_Prop_Sidewalk_Panel_02.fbx,104,251b84d3b38add7657ddbe762e2008be196c740c56d4f6c4aa53fdc6a0c96802,
M0621,m_842514ab0c92c8845a6f829f9c4f6122,Модуль дороги або тротуару · варіант 03,місто / інфраструктура,резерв,Модуль дороги або тротуару · варіант 03. Габарити джерела: 0.52 × 0.06 × 0.52 м (ширина × висота × глибина). Майбутня околиця або містечко; англомовні написи адаптувати. Не використовувати випадкові модулі.,Assets/PolygonCity/Models/SM_Prop_Sidewalk_Panel_03.fbx,136,10b2d54cbda03f37f7f31f05ea5bb72b742660fd93391a5a8dda3118ab9b7e88,
M0622,m_5a34818369d9efa488222453d95ac8e6,Модуль дороги або тротуару · варіант 04,місто / інфраструктура,резерв,Модуль дороги або тротуару · варіант 04. Габарити джерела: 0.74 × 0.06 × 0.74 м (ширина × висота × глибина). Майбутня околиця або містечко; англомовні написи адаптувати. Не використовувати випадкові модулі.,Assets/PolygonCity/Models/SM_Prop_Sidewalk_Panel_04.fbx,136,af2bd6638d603b11b7cee8efd9e43a4e6367bdaae32b030972f7e1692d30c77a,
M0623,m_af74b6415b060174cadca0c21bb0a02c,Модуль дороги або тротуару · варіант 05,місто / інфраструктура,резерв,Модуль дороги або тротуару · варіант 05. Габарити джерела: 0.74 × 0.06 × 0.74 м (ширина × висота × глибина). Майбутня околиця або містечко; англомовні написи адаптувати. Не використовувати випадкові модулі.,Assets/PolygonCity/Models/SM_Prop_Sidewalk_Panel_05.fbx,96,45f0c584774421e49f559fcb1711204e459ddcc25485ae48af709af2cb65bd6b,
M0624,m_09e6867afb767c24f9d68081e59eb4f3,Вивіска або реклама · варіант 01,місто / інфраструктура,резерв,Вивіска або реклама · варіант 01. Габарити джерела: 0.93 × 2.28 × 0.08 м (ширина × висота × глибина). Майбутня околиця або містечко; англомовні написи адаптувати. Не використовувати випадкові модулі.,Assets/PolygonCity/Models/SM_Prop_Sign_Arrow_01.fbx,72,f5b15483b56b16cf03f7f7c16348d9617f6eb30f38a31648dc915d175adfc679,
M0625,m_414863e3baaf77c47a3e5520eae09423,Вивіска або реклама · варіант 01,місто / інфраструктура,резерв,Вивіска або реклама · варіант 01. Габарити джерела: 2.51 × 0.86 × 0.33 м (ширина × висота × глибина). Майбутня околиця або містечко; англомовні написи адаптувати. Не використовувати випадкові модулі.,Assets/PolygonCity/Models/SM_Prop_Sign_Attachment_01.fbx,76,9e57f8b99d5966a694d9482cca23741fb16f236fa72ced0f1b0cce353ebbf9c1,
M0626,m_64e18860e16121e45bfcbe99d6d39ff1,Вивіска або реклама · варіант 02,місто / інфраструктура,резерв,Вивіска або реклама · варіант 02. Габарити джерела: 0.21 × 0.66 × 0.34 м (ширина × висота × глибина). Майбутня околиця або містечко; англомовні написи адаптувати. Не використовувати випадкові модулі.,Assets/PolygonCity/Models/SM_Prop_Sign_Attachment_02.fbx,44,8c7a1628f3fe820f3f370a94fd5f073b6dcfbdfb10e815390913f1c943421a6f,
M0627,m_7ce641d661454b145b61f863393cd02f,Вивіска або реклама · варіант 03,місто / інфраструктура,резерв,Вивіска або реклама · варіант 03. Габарити джерела: 0.62 × 0.58 × 1.22 м (ширина × висота × глибина). Майбутня околиця або містечко; англомовні написи адаптувати. Не використовувати випадкові модулі.,Assets/PolygonCity/Models/SM_Prop_Sign_Attachment_03.fbx,196,bbc53e24e781d3e6e6bf4dc7dbb3c10ebaea8202d68625c490c9b5e2db654f55,
M0628,m_ab4e26262ea1f6b48a853aea6db0dba5,Вивіска або реклама · варіант 01,місто / інфраструктура,резерв,Вивіска або реклама · варіант 01. Габарити джерела: 1.33 × 0.67 × 0.14 м (ширина × висота × глибина). Майбутня околиця або містечко; англомовні написи адаптувати. Не використовувати випадкові модулі.,Assets/PolygonCity/Models/SM_Prop_Sign_Bar_01.fbx,276,45e6393b13955e3c376235aec2ba813c9492ad9e828ca67917a0cfa4b075ef0e,
M0629,m_5f0e4c327d8690441aa685f5f4efbbb8,Вивіска або реклама · варіант 01,місто / інфраструктура,резерв,Вивіска або реклама · варіант 01. Габарити джерела: 0.32 × 0.95 × 0.47 м (ширина × висота × глибина). Майбутня околиця або містечко; англомовні написи адаптувати. Не використовувати випадкові модулі.,Assets/PolygonCity/Models/SM_Prop_Sign_Barber_01.fbx,448,4811a0389be0b18ae39b536895e0ab7ff7fd0d5c396b60de37a07a8377f81b29,
M0630,m_c57ff0f312699684daa27e572f3bb5e7,Зупинка або знак зупинки · варіант 01,місто / інфраструктура,резерв,Зупинка або знак зупинки · варіант 01. Габарити джерела: 0.57 × 3.75 × 0.10 м (ширина × висота × глибина). Майбутня околиця або містечко; англомовні написи адаптувати. Не використовувати випадкові модулі.,Assets/PolygonCity/Models/SM_Prop_Sign_Bustop_01.fbx,132,1e7aaf11f3f57f5afbacc921e93cd609bc6ca834545d1411052d3758eb1bd0d2,
M0631,m_f6cf256c471d7d748aaf1bd6359a1153,Вивіска або реклама · варіант 01,місто / інфраструктура,резерв,Вивіска або реклама · варіант 01. Габарити джерела: 1.35 × 0.55 × 0.11 м (ширина × висота × глибина). Майбутня околиця або містечко; англомовні написи адаптувати. Не використовувати випадкові модулі.,Assets/PolygonCity/Models/SM_Prop_Sign_Cafe_01.fbx,292,1d345b4184d0dbc6e235c465b4226b9010da146cc00268766983dac7c02cb79a,
M0632,m_a2961d164cfcfbd4dae9e171375da48a,Вивіска або реклама · варіант 01,місто / інфраструктура,резерв,Вивіска або реклама · варіант 01. Габарити джерела: 0.85 × 0.51 × 0.18 м (ширина × висота × глибина). Майбутня околиця або містечко; англомовні написи адаптувати. Не використовувати випадкові модулі.,Assets/PolygonCity/Models/SM_Prop_Sign_Chinese_Noodles_01.fbx,532,9a2d52a456b63739abe4ce08cfdaeaefd49667872d4b65184945ff02bc47a527,
M0633,m_0ae31783a812174488ad65c99a69b4c7,Вивіска або реклама · варіант 01,місто / інфраструктура,резерв,Вивіска або реклама · варіант 01. Габарити джерела: 0.30 × 1.55 × 0.14 м (ширина × висота × глибина). Майбутня околиця або містечко; англомовні написи адаптувати. Не використовувати випадкові модулі.,Assets/PolygonCity/Models/SM_Prop_Sign_DeliPizza_01.fbx,60,45e1467b50de222c20255a829aae5b35f282a666a2d5acce9eb5fdd5d84ff4c9,
M0634,m_e338455ceb4877e4298ad3f8118338b9,Вивіска або реклама · варіант 01,місто / інфраструктура,резерв,Вивіска або реклама · варіант 01. Габарити джерела: 1.00 × 0.44 × 0.06 м (ширина × висота × глибина). Майбутня околиця або містечко; англомовні написи адаптувати. Не використовувати випадкові модулі.,Assets/PolygonCity/Models/SM_Prop_Sign_Entrance_01.fbx,12,c3d534e8c00e4c15dfa0eeb20ae29a308218a43c5f8dcbf7c9b54b199b53cbef,
M0635,m_d3436b2b90577984586055c7c4da3b02,Вивіска або реклама · варіант 01,місто / інфраструктура,резерв,Вивіска або реклама · варіант 01. Габарити джерела: 4.20 × 0.45 × 0.09 м (ширина × висота × глибина). Майбутня околиця або містечко; англомовні написи адаптувати. Не використовувати випадкові модулі.,Assets/PolygonCity/Models/SM_Prop_Sign_FireDepartment_01.fbx,984,3c8eb1802133228090831bdc41ba0257624c07fe2caf9415925350ea0546d4df,
M0636,m_c3e14bed8b0a4ae448ce20f8764246d1,Вивіска або реклама · варіант 01,місто / інфраструктура,резерв,Вивіска або реклама · варіант 01. Габарити джерела: 0.86 × 2.18 × 0.13 м (ширина × висота × глибина). Майбутня околиця або містечко; англомовні написи адаптувати. Не використовувати випадкові модулі.,Assets/PolygonCity/Models/SM_Prop_Sign_GiveWay_01.fbx,144,8a8de7a7798616ce86228fe92e56fbf1c031869d118c2699a3c70c82367ee25d,
M0637,m_de2e9c076df30a943a2b7ecd0d1972f9,Вивіска або реклама · варіант 02,місто / інфраструктура,резерв,Вивіска або реклама · варіант 02. Габарити джерела: 0.86 × 2.18 × 0.13 м (ширина × висота × глибина). Майбутня околиця або містечко; англомовні написи адаптувати. Не використовувати випадкові модулі.,Assets/PolygonCity/Models/SM_Prop_Sign_GiveWay_02.fbx,148,ce80964cf402b2b6a5c90abcc7daa100efdc696361efca22a2ed152ca633608a,
M0638,m_01c5d01653d0e224c8f0b5cb8514fa1b,Вивіска або реклама · варіант 03,місто / інфраструктура,резерв,Вивіска або реклама · варіант 03. Габарити джерела: 0.95 × 2.22 × 0.13 м (ширина × висота × глибина). Майбутня околиця або містечко; англомовні написи адаптувати. Не використовувати випадкові модулі.,Assets/PolygonCity/Models/SM_Prop_Sign_GiveWay_03.fbx,158,02190ce0bd6bb00573d2f88d4bff2f76f996a44fd54f2778c53104756380ff5a,
M0639,m_ccf486970e7b564458fa149b4aba482e,Вивіска або реклама · варіант 01,місто / інфраструктура,резерв,Вивіска або реклама · варіант 01. Габарити джерела: 3.34 × 0.66 × 0.14 м (ширина × висота × глибина). Майбутня околиця або містечко; англомовні написи адаптувати. Не використовувати випадкові модулі.,Assets/PolygonCity/Models/SM_Prop_Sign_Hospital_01.fbx,526,38dcc1ac725754e8222c33439e98775b11c0bded15dcace2bccfd81baa3239a6,
M0640,m_99ae44b691c03d7439c97fdaed0c5744,Вивіска або реклама · варіант 01,місто / інфраструктура,резерв,Вивіска або реклама · варіант 01. Габарити джерела: 1.27 × 3.80 × 0.30 м (ширина × висота × глибина). Майбутня околиця або містечко; англомовні написи адаптувати. Не використовувати випадкові модулі.,Assets/PolygonCity/Models/SM_Prop_Sign_Hotel_01.fbx,448,8127fa3e7df79ffa639f95cfa64ec3a3021dd590d6d035d2208fc97475ea950e,
M0641,m_e9ee184bd1034a54185a81f9c1adc9ad,Вивіска або реклама · варіант 01,місто / інфраструктура,резерв,Вивіска або реклама · варіант 01. Габарити джерела: 0.44 × 1.72 × 0.12 м (ширина × висота × глибина). Майбутня околиця або містечко; англомовні написи адаптувати. Не використовувати випадкові модулі.,Assets/PolygonCity/Models/SM_Prop_Sign_Parking_01.fbx,116,344ef422cc774cb2b1054290efe58c557e82a00b0cecbba14f2854beea572669,
M0642,m_6e40202c10441b94684210497491be06,Вивіска або реклама · варіант 01,місто / інфраструктура,резерв,Вивіска або реклама · варіант 01. Габарити джерела: 2.21 × 0.70 × 0.14 м (ширина × висота × глибина). Майбутня околиця або містечко; англомовні написи адаптувати. Не використовувати випадкові модулі.,Assets/PolygonCity/Models/SM_Prop_Sign_Pizza_01.fbx,314,643ec041849cf2d7c1e2059a2296f854ae794ed5d717d3dd2716630a21307c2a,
M0643,m_d9cd651e881b90348ba24b8288a19c40,Вивіска або реклама · варіант 01,місто / інфраструктура,резерв,Вивіска або реклама · варіант 01. Габарити джерела: 1.94 × 0.55 × 0.13 м (ширина × висота × глибина). Майбутня околиця або містечко; англомовні написи адаптувати. Не використовувати випадкові модулі.,Assets/PolygonCity/Models/SM_Prop_Sign_Police_01.fbx,402,f0505d835d9825ce62d7336a939d4bd67f702b6f7ddd159928142a9be4389053,
M0644,m_22464015dfb6ed3478bf35dcbbe47ca5,Вивіска або реклама · варіант 01,місто / інфраструктура,резерв,Вивіска або реклама · варіант 01. Габарити джерела: 1.13 × 0.55 × 0.11 м (ширина × висота × глибина). Майбутня околиця або містечко; англомовні написи адаптувати. Не використовувати випадкові модулі.,Assets/PolygonCity/Models/SM_Prop_Sign_Pub_01.fbx,248,d6970c21347c252eb021d36fdbe94e554111d7dbc96df07066cf8f5a58b904f0,
M0645,m_cced21a6fa0e617488e45d54238991aa,Вивіска або реклама · варіант 01,місто / інфраструктура,резерв,Вивіска або реклама · варіант 01. Габарити джерела: 0.77 × 2.27 × 0.12 м (ширина × висота × глибина). Майбутня околиця або містечко; англомовні написи адаптувати. Не використовувати випадкові модулі.,Assets/PolygonCity/Models/SM_Prop_Sign_Stop_01.fbx,140,d9a825718fb55484a96599df65413443b7b9cf5061deb318efa83753353d3ab2,
M0646,m_97261735532c28545b8ff375dcacffc5,Дерево · варіант 01,місто / інфраструктура,резерв,Дерево · варіант 01. Габарити джерела: 1.28 × 0.02 × 0.37 м (ширина × висота × глибина). Майбутня околиця або містечко; англомовні написи адаптувати. Не використовувати випадкові модулі.,Assets/PolygonCity/Models/SM_Prop_Sign_Street_01.fbx,94,e7e0c5c5a012d7a41bc869632bd0543ee7d39e8e4d246a6c05759732304a71b5,
M0647,m_be1390febd9d41b47943619472f54bd8,Дерево · варіант 02,місто / інфраструктура,резерв,Дерево · варіант 02. Габарити джерела: 1.28 × 0.02 × 0.37 м (ширина × висота × глибина). Майбутня околиця або містечко; англомовні написи адаптувати. Не використовувати випадкові модулі.,Assets/PolygonCity/Models/SM_Prop_Sign_Street_02.fbx,94,22a1a09a53bda4c7ae5690f9320f263401a60130b91d35d8acb3eb36eaf49601,
M0648,m_05d0a85f2a434b84db887483f471fc87,Вивіска або реклама · варіант 01,місто / інфраструктура,резерв,Вивіска або реклама · варіант 01. Габарити джерела: 0.81 × 0.46 × 0.05 м (ширина × висота × глибина). Майбутня околиця або містечко; англомовні написи адаптувати. Не використовувати випадкові модулі.,Assets/PolygonCity/Models/SM_Prop_Sign_Warning_01.fbx,20,09c5cf4b77c8bf98189ead9dcda1ae9cc9dea4687901b9123c56babc1cb43363,
M0649,m_9b34ed2ae3da2b64d8678221f68a21df,Вивіска або реклама · варіант 01,місто / інфраструктура,резерв,Вивіска або реклама · варіант 01. Габарити джерела: 2.15 × 0.95 × 0.21 м (ширина × висота × глибина). Майбутня околиця або містечко; англомовні написи адаптувати. Не використовувати випадкові модулі.,Assets/PolygonCity/Models/SM_Prop_Sign_XXX_01.fbx,618,8a05a68dd5a93ed127611f5a3d5ac70305715db7bf6ad52de2d5a0f337dfc1eb,
M0650,m_7d7d28af9afa8d241ab34047420b9aa9,Сміття або контейнер · варіант 01,місто / інфраструктура,резерв,Сміття або контейнер · варіант 01. Габарити джерела: 2.43 × 2.92 × 1.31 м (ширина × висота × глибина). Майбутня околиця або містечко; англомовні написи адаптувати. Не використовувати випадкові модулі.,Assets/PolygonCity/Models/SM_Prop_Skip_01.fbx,1352,252765fe6df383b43697cce24541bdb9d0242ae8b7477350ad1f06af8f91b32b,
M0651,m_9dbbd76986b815748b9e5a9cb8ab9440,Сміття або контейнер · варіант 02,місто / інфраструктура,резерв,Сміття або контейнер · варіант 02. Габарити джерела: 2.43 × 1.85 × 1.32 м (ширина × висота × глибина). Майбутня околиця або містечко; англомовні написи адаптувати. Не використовувати випадкові модулі.,Assets/PolygonCity/Models/SM_Prop_Skip_02.fbx,1352,6b07c2fa4f3c374e634fb56d6850faf734c1e068530920b1ac12f63dd70bc365,
M0652,m_3ea1f81fede821944884acf69ebaabf0,Мансардне вікно · варіант 01,місто / інфраструктура,резерв,Мансардне вікно · варіант 01. Габарити джерела: 3.86 × 0.78 × 1.58 м (ширина × висота × глибина). Майбутня околиця або містечко; англомовні написи адаптувати. Не використовувати випадкові модулі.,Assets/PolygonCity/Models/SM_Prop_Skylight_01.fbx,328,9a09de62df5b634ae5526fa8d9977045bd6ca1a9224a266ac37a8bd8ad9e0961,
M0653,m_22ee60c0d728bce448ea6c935f8fc1a3,Телефон · варіант 01,місто / інфраструктура,резерв,Телефон · варіант 01. Габарити джерела: 0.14 × 0.03 × 0.26 м (ширина × висота × глибина). Майбутня околиця або містечко; англомовні написи адаптувати. Не використовувати випадкові модулі.,Assets/PolygonCity/Models/SM_Prop_SmartPhone_01.fbx,60,54f66e780e3b65441c183405a7da3624e16b1c897ea61d2c2c8f7ca2a6c96114,
M0654,m_ef02bf507640a5c41983490f1cd5231c,Міський харчовий реквізит · варіант 01,місто / інфраструктура,резерв,Міський харчовий реквізит · варіант 01. Габарити джерела: 0.22 × 0.45 × 0.20 м (ширина × висота × глибина). Майбутня околиця або містечко; англомовні написи адаптувати. Не використовувати випадкові модулі.,Assets/PolygonCity/Models/SM_Prop_Soda_01.fbx,66,8d165c2393197c3582ab7f783cdfe6197bcd5f81bc7c12635c027f425f8dbd43,
M0655,m_c2d12437849d77549afb888949f90b1f,Міський харчовий реквізит · варіант 02,місто / інфраструктура,резерв,Міський харчовий реквізит · варіант 02. Габарити джерела: 0.15 × 0.23 × 0.13 м (ширина × висота × глибина). Майбутня околиця або містечко; англомовні написи адаптувати. Не використовувати випадкові модулі.,Assets/PolygonCity/Models/SM_Prop_Soda_02.fbx,48,125db9d97b74f00998ee3634cef4efaf9643185af0b46e001211da5ea81c5bdc,
M0656,m_a8122e449c8c032449b43a121b66a11b,Міський харчовий реквізит · варіант 03,місто / інфраструктура,резерв,Міський харчовий реквізит · варіант 03. Габарити джерела: 0.23 × 0.15 × 0.25 м (ширина × висота × глибина). Майбутня околиця або містечко; англомовні написи адаптувати. Не використовувати випадкові модулі.,Assets/PolygonCity/Models/SM_Prop_Soda_03.fbx,60,fc5dcb1782bd5aa0c414f435fefb35f213955189579945fec85ba498a88b8e35,
M0657,m_9dfbead72f75a4340941e07def18db84,Дерев’яний стіл · варіант 02,побут / туризм,кандидат,Дерев’яний стіл · варіант 02. Габарити джерела: 1.20 × 0.59 × 1.20 м (ширина × висота × глибина). Один-два побутові акценти біля краю галявини; огорожі/настили мають власника й реальний підхід.,Assets/PolygonCity/Models/SM_Prop_Table_02.fbx,142,23e86ab2edc243c60590e69f063164c4d6cfb0914c5484a4bf2099f4dbd74356,
M0658,m_f7ca1756f660d3c41ba4d18c22ed9a05,Ліхтар або світлофор · варіант 01,місто / інфраструктура,резерв,Ліхтар або світлофор · варіант 01. Габарити джерела: 0.33 × 0.90 × 0.30 м (ширина × висота × глибина). Майбутня околиця або містечко; англомовні написи адаптувати. Не використовувати випадкові модулі.,Assets/PolygonCity/Models/SM_Prop_TrafficLight_01.fbx,214,9ef88ccafc424508fe9202c167be7bc2b14237f51b90b4b97984d76be49273c3,
M0659,m_1c6b66b9662e5614fa28535a720bc0c9,Ліхтар або світлофор · варіант 02,місто / інфраструктура,резерв,Ліхтар або світлофор · варіант 02. Габарити джерела: 0.33 × 1.08 × 0.37 м (ширина × висота × глибина). Майбутня околиця або містечко; англомовні написи адаптувати. Не використовувати випадкові модулі.,Assets/PolygonCity/Models/SM_Prop_TrafficLight_02.fbx,294,b71578dfdd194be6bbf28a182c02ad6d96fc347d37bf34c78e9ed45430dab7ec,
M0660,m_6631bb6f34c942344946843a32d0bc5c,Ліхтар або світлофор · варіант 03,місто / інфраструктура,резерв,Ліхтар або світлофор · варіант 03. Габарити джерела: 0.50 × 1.11 × 0.32 м (ширина × висота × глибина). Майбутня околиця або містечко; англомовні написи адаптувати. Не використовувати випадкові модулі.,Assets/PolygonCity/Models/SM_Prop_TrafficLight_03.fbx,242,be7da49d2c89c1b0953ad8fd5154235ba783fd3178c63780fea80d01a363234a,
M0661,m_2c2b464c511351647893fe73456d16d2,Ранець · варіант 01,місто / інфраструктура,резерв,Ранець · варіант 01. Габарити джерела: 0.61 × 0.90 × 0.83 м (ширина × висота × глибина). Майбутня околиця або містечко; англомовні написи адаптувати. Не використовувати випадкові модулі.,Assets/PolygonCity/Models/SM_Prop_TrashBag_01.fbx,128,81275d8cc054ea037c5a20fed9d72dee62573f21af18623f197217aba72f1ac2,
M0662,m_c05e66bcaa820dc4ea7e237fc8abde1d,Ранець · варіант 02,місто / інфраструктура,резерв,Ранець · варіант 02. Габарити джерела: 0.79 × 0.98 × 0.81 м (ширина × висота × глибина). Майбутня околиця або містечко; англомовні написи адаптувати. Не використовувати випадкові модулі.,Assets/PolygonCity/Models/SM_Prop_TrashBag_02.fbx,128,73df27eb0ef18f8d10bbcc126426d8811e843b48f13afa2ee86659e14ea464b1,
M0663,m_29d37754f17cfed4c9b307c246461f87,Ранець · варіант 03,місто / інфраструктура,резерв,Ранець · варіант 03. Габарити джерела: 0.71 × 0.77 × 0.85 м (ширина × висота × глибина). Майбутня околиця або містечко; англомовні написи адаптувати. Не використовувати випадкові модулі.,Assets/PolygonCity/Models/SM_Prop_TrashBag_03.fbx,128,2a7472b8a59df252483b427801a2778ebc8a32681ae32f3101c921e0327afe83,
M0664,m_368214160a364a141a3101d85f12c8f9,Сміття або контейнер · варіант 01,місто / інфраструктура,резерв,Сміття або контейнер · варіант 01. Габарити джерела: 0.73 × 0.87 × 0.73 м (ширина × висота × глибина). Майбутня околиця або містечко; англомовні написи адаптувати. Не використовувати випадкові модулі.,Assets/PolygonCity/Models/SM_Prop_TrashCan_01.fbx,380,6f875412c7c6162da83de661b08833f4091c926d53687780124ff450bc6f2a8c,
M0665,m_2d3db5aaac3bdde4f9ef1231d43b518f,Сміття або контейнер · варіант 01,місто / інфраструктура,резерв,Сміття або контейнер · варіант 01. Габарити джерела: 0.77 × 0.20 × 0.76 м (ширина × висота × глибина). Майбутня околиця або містечко; англомовні написи адаптувати. Не використовувати випадкові модулі.,Assets/PolygonCity/Models/SM_Prop_TrashCan_Lid_01.fbx,118,1742122b2c454dd4901faf1df79720f0356936860f83a16a25e7801531650f98,
M0666,m_7b5d88b5e52d8a04d8f7ecfcfbe4aabd,Сміття або контейнер · варіант 01,місто / інфраструктура,резерв,Сміття або контейнер · варіант 01. Габарити джерела: 0.65 × 1.18 × 0.65 м (ширина × висота × глибина). Майбутня околиця або містечко; англомовні написи адаптувати. Не використовувати випадкові модулі.,Assets/PolygonCity/Models/SM_Prop_Trashbin_01.fbx,584,7a9fb41d7094d811897fd352a53ecad068a0fed7e3cf192e056bf27129095214,
M0667,m_e072638a7adf61048bf7387ac8ee0a28,Сміття або контейнер · варіант 02,місто / інфраструктура,резерв,Сміття або контейнер · варіант 02. Габарити джерела: 0.72 × 1.59 × 0.58 м (ширина × висота × глибина). Майбутня околиця або містечко; англомовні написи адаптувати. Не використовувати випадкові модулі.,Assets/PolygonCity/Models/SM_Prop_Trashbin_02.fbx,244,fa8ebe0d40a4c725e8ac448313d40363a3c04c86cfcecb0be0ee53466095a2c1,
M0668,m_10ee53383b5f58b419286fb9a9b63476,Парасолька · варіант 01,місто / інфраструктура,резерв,Парасолька · варіант 01. Габарити джерела: 1.60 × 1.35 × 1.60 м (ширина × висота × глибина). Майбутня околиця або містечко; англомовні написи адаптувати. Не використовувати випадкові модулі.,Assets/PolygonCity/Models/SM_Prop_Umbrella_01.fbx,372,b784ded85064208e8dd55bf6afe6256bfdd2f9eafdd2efde3971a9988feabf89,
M0669,m_02fe97327541e744b86ecc4fdc0c6629,Труба або технічне обладнання · варіант 01,місто / інфраструктура,резерв,Труба або технічне обладнання · варіант 01. Габарити джерела: 2.93 × 0.80 × 2.93 м (ширина × висота × глибина). Майбутня околиця або містечко; англомовні написи адаптувати. Не використовувати випадкові модулі.,Assets/PolygonCity/Models/SM_Prop_Vents_Corner_01.fbx,288,a38eb265c839dd3d9f79f94971a4c43b8bbb25b37da8b4c2172563b6ac502049,
M0670,m_c4e1a30c7ce3cd04ba3678daa1921e3b,Труба або технічне обладнання · варіант 02,місто / інфраструктура,резерв,Труба або технічне обладнання · варіант 02. Габарити джерела: 2.93 × 0.80 × 2.93 м (ширина × висота × глибина). Майбутня околиця або містечко; англомовні написи адаптувати. Не використовувати випадкові модулі.,Assets/PolygonCity/Models/SM_Prop_Vents_Corner_02.fbx,358,ca1b8107368f11131710d5f721b17b0c56c7256b304c06ee7c5036855e4e3c95,
M0671,m_cddf7f8598401a84aa65f2118159e20d,Труба або технічне обладнання · варіант 01,місто / інфраструктура,резерв,Труба або технічне обладнання · варіант 01. Габарити джерела: 0.92 × 0.80 × 1.09 м (ширина × висота × глибина). Майбутня околиця або містечко; англомовні написи адаптувати. Не використовувати випадкові модулі.,Assets/PolygonCity/Models/SM_Prop_Vents_End_01.fbx,112,9eff2249e3d13f2654383be096fed9be863505de05bd01d9e7cdc0b09f0bd635,
M0672,m_15e1be82fb901994e9705b19c52b3443,Труба або технічне обладнання · варіант 01,місто / інфраструктура,резерв,Труба або технічне обладнання · варіант 01. Габарити джерела: 0.87 × 1.63 × 2.73 м (ширина × висота × глибина). Майбутня околиця або містечко; англомовні написи адаптувати. Не використовувати випадкові модулі.,Assets/PolygonCity/Models/SM_Prop_Vents_Exhaust_01.fbx,276,9f6feeb645b2f16aef798b469ea8944d07a8b3b8b230df540fc18ebcfabfc1e0,
M0673,m_87682a1625d49854c9b2d3eaa42691bc,Труба або технічне обладнання · варіант 01,місто / інфраструктура,резерв,Труба або технічне обладнання · варіант 01. Габарити джерела: 0.87 × 0.80 × 2.50 м (ширина × висота × глибина). Майбутня околиця або містечко; англомовні написи адаптувати. Не використовувати випадкові модулі.,Assets/PolygonCity/Models/SM_Prop_Vents_Straight_01.fbx,212,9a3e4fefe9e2809289891be6c35c84105acf5610f17e3357bb37f44a62b89bf3,
M0674,m_7093c3c7dbb349a4cbcc8e19e98d9bff,Труба або технічне обладнання · варіант 01,місто / інфраструктура,резерв,Труба або технічне обладнання · варіант 01. Габарити джерела: 1.75 × 0.80 × 2.50 м (ширина × висота × глибина). Майбутня околиця або містечко; англомовні написи адаптувати. Не використовувати випадкові модулі.,Assets/PolygonCity/Models/SM_Prop_Vents_Transition_01.fbx,264,ebf7430c74ff1d06284506b7133603a2e33e5c2879f045fe3fc8dc0dd496db72,
M0675,m_99a8ce9145ae2574e9159f6a98024c58,Труба або технічне обладнання · варіант 01,місто / інфраструктура,резерв,Труба або технічне обладнання · варіант 01. Габарити джерела: 1.75 × 0.80 × 2.50 м (ширина × висота × глибина). Майбутня околиця або містечко; англомовні написи адаптувати. Не використовувати випадкові модулі.,Assets/PolygonCity/Models/SM_Prop_Vents_Wide_01.fbx,216,4698c3e3a3b7b09be9db077b53c6158185cc523791ee12a14590e97702be4d4c,
M0676,m_b0956b19562cba94ea7fe3436c24a94d,Мотузка для білизни · варіант 01,побут / туризм,кандидат,Мотузка для білизни · варіант 01. Габарити джерела: 5.21 × 1.17 × 0.16 м (ширина × висота × глибина). Один-два побутові акценти біля краю галявини; огорожі/настили мають власника й реальний підхід.,Assets/PolygonCity/Models/SM_Prop_Washingline_01.fbx,776,5d1f541b4d033ef2e67a4518378e38786a8561445e526fdc8127680b1cebbbc1,
M0677,m_3d9641d680aa93b42944fdafeae2cccf,Мотузка для білизни · варіант 02,побут / туризм,кандидат,Мотузка для білизни · варіант 02. Габарити джерела: 5.21 × 1.38 × 0.19 м (ширина × висота × глибина). Один-два побутові акценти біля краю галявини; огорожі/настили мають власника й реальний підхід.,Assets/PolygonCity/Models/SM_Prop_Washingline_02.fbx,684,b7e3737da4c78fbdf4ef0ebba6692d7d40afbac800f434ac9d98c3f05255659e,
M0678,m_99bf790d2a4d96645af103eabf360362,Мотузка для білизни · варіант 03,побут / туризм,кандидат,Мотузка для білизни · варіант 03. Габарити джерела: 5.21 × 1.30 × 0.19 м (ширина × висота × глибина). Один-два побутові акценти біля краю галявини; огорожі/настили мають власника й реальний підхід.,Assets/PolygonCity/Models/SM_Prop_Washingline_03.fbx,584,e23f59ceb587cdfe164ac934055dac106bd890d73943bd8706578c0b16ff7a6a,
M0679,m_dfe820b365191534d8aadfc08238cfd0,Мотузка для білизни · варіант 04,місто / інфраструктура,резерв,Мотузка для білизни · варіант 04. Габарити джерела: 5.21 × 0.37 × 0.03 м (ширина × висота × глибина). Майбутня околиця або містечко; англомовні написи адаптувати. Не використовувати випадкові модулі.,Assets/PolygonCity/Models/SM_Prop_Washingline_04.fbx,68,90ad6d292d37d1feb918f816c0dfe366aa337b7034c0c73219cb2cbbf8e43aa0,
M0680,m_1752fd9a5846d8941b89c3f290d0f2e7,Дерев’яна водонапірна вежа · варіант 01,місто / інфраструктура,резерв,Дерев’яна водонапірна вежа · варіант 01. Габарити джерела: 2.42 × 5.51 × 2.42 м (ширина × висота × глибина). Майбутня околиця або містечко; англомовні написи адаптувати. Не використовувати випадкові модулі.,Assets/PolygonCity/Models/SM_Prop_Water_Tower_01.fbx,1520,f8c6fe3181f6b85891bed73d73fa5e83618b1d598fcec2d6855842714ef42d65,
M0681,m_f4a376bce1d8c3842bda863d13d9711e,Архітектурна деталь · варіант 01,місто / інфраструктура,резерв,Архітектурна деталь · варіант 01. Габарити джерела: 1.30 × 2.31 × 0.37 м (ширина × висота × глибина). Майбутня околиця або містечко; англомовні написи адаптувати. Не використовувати випадкові модулі.,Assets/PolygonCity/Models/SM_Prop_Window_01.fbx,114,4ed8ebecbe886269f7a6f4991b11feae6f1344086b0b13a50855c7de484740cd,
M0682,m_916b5bf2becb29f46b894a059d247f38,Транспортний засіб · варіант 01,місто / інфраструктура,резерв,Транспортний засіб · варіант 01. Габарити джерела: 2.47 × 2.58 × 5.09 м (ширина × висота × глибина). Майбутня околиця або містечко; англомовні написи адаптувати. Не використовувати випадкові модулі.,Assets/PolygonCity/Models/SM_Veh_Car_Ambo_01.fbx,6433,8babc553ae4eea881caa9fb85549fea52ca83a00085a9f98211e0bc903331384,
M0683,m_9e3e05b5e4951d64a9412bf0e557e6d3,Транспортний засіб · варіант 01,місто / інфраструктура,резерв,Транспортний засіб · варіант 01. Габарити джерела: 2.37 × 1.88 × 4.97 м (ширина × висота × глибина). Майбутня околиця або містечко; англомовні написи адаптувати. Не використовувати випадкові модулі.,Assets/PolygonCity/Models/SM_Veh_Car_Medium_01.fbx,6578,21712ccc9dd49084167d65f6958518770365881ca48163d73b97935dc3455b5f,
M0684,m_823ed423ae6ba0d4589ddb8fe51e7f14,Транспортний засіб · варіант 01,місто / інфраструктура,резерв,Транспортний засіб · варіант 01. Габарити джерела: 2.43 × 1.49 × 5.64 м (ширина × висота × глибина). Майбутня околиця або містечко; англомовні написи адаптувати. Не використовувати випадкові модулі.,Assets/PolygonCity/Models/SM_Veh_Car_Muscle_01.fbx,5876,5f6302b52046fbc02c6ed82d0a187ce09924b5ed97dcee699655fa4bc01514ff,
M0685,m_1b9e9f93cf8ada14b8dfb8c9c1b35002,Транспортний засіб · варіант 01,місто / інфраструктура,резерв,Транспортний засіб · варіант 01. Габарити джерела: 2.17 × 1.85 × 5.25 м (ширина × висота × глибина). Майбутня околиця або містечко; англомовні написи адаптувати. Не використовувати випадкові модулі.,Assets/PolygonCity/Models/SM_Veh_Car_Police_01.fbx,6418,686f2d3a217cdcd7c51f9b72dc187677d109d6c62abc40271a9e878a83296c12,
M0686,m_2dfd189627cfe43479265db2e35e552c,Транспортний засіб · варіант 01,місто / інфраструктура,резерв,Транспортний засіб · варіант 01. Габарити джерела: 2.17 × 1.64 × 5.18 м (ширина × висота × глибина). Майбутня околиця або містечко; англомовні написи адаптувати. Не використовувати випадкові модулі.,Assets/PolygonCity/Models/SM_Veh_Car_Sedan_01.fbx,5898,f65fcc50951026d4ad8091c9749010a299167c330c0042cef4c05e7d92bb1734,
M0687,m_5f72e1579cd001244802c30b332dae70,Транспортний засіб · варіант 01,місто / інфраструктура,резерв,Транспортний засіб · варіант 01. Габарити джерела: 2.07 × 1.73 × 4.08 м (ширина × висота × глибина). Майбутня околиця або містечко; англомовні написи адаптувати. Не використовувати випадкові модулі.,Assets/PolygonCity/Models/SM_Veh_Car_Small_01.fbx,5676,070ef9f0b5081986ee223612f1c9dd090918833e4bb23777519c9e20e4d35010,
M0688,m_db57e923d75cb6c4e936d5e8caaa9165,Транспортний засіб · варіант 01,місто / інфраструктура,резерв,Транспортний засіб · варіант 01. Габарити джерела: 2.17 × 1.72 × 5.18 м (ширина × висота × глибина). Майбутня околиця або містечко; англомовні написи адаптувати. Не використовувати випадкові модулі.,Assets/PolygonCity/Models/SM_Veh_Car_Taxi_01.fbx,6014,e468bc971460ea2183919d595a4837a9c2b26a77e8d6db10619313b855b5ce5b,
M0689,m_97982d8a36ff16f4a88f291ef2443e49,Транспортний засіб · варіант 01,місто / інфраструктура,резерв,Транспортний засіб · варіант 01. Габарити джерела: 2.47 × 2.03 × 5.04 м (ширина × висота × глибина). Майбутня околиця або містечко; англомовні написи адаптувати. Не використовувати випадкові модулі.,Assets/PolygonCity/Models/SM_Veh_Car_Van_01.fbx,5665,6913457d4273b8c5f68b7ea862b1dd312ed3d80201453bc16f98cae123bb3a52,
M0690,m_3664edb90975474449e99fc37279544a,Кермо · варіант 01,місто / інфраструктура,резерв,Кермо · варіант 01. Габарити джерела: 0.48 × 0.15 × 0.48 м (ширина × висота × глибина). Майбутня околиця або містечко; англомовні написи адаптувати. Не використовувати випадкові модулі.,Assets/PolygonCity/Models/SM_Veh_Steering_Wheel_01.fbx,374,a01c77ca76b01553f2e9d7c238928c33a159d4d1924bbcdf96b7e3a90c25ecd3,
M0691,m_336f7fb4be5ef5d458d1f403b3595756,Хмарний або атмосферний елемент · варіант 02,FX / атмосфера,контекст FX,"Хмарний або атмосферний елемент · варіант 02. Габарити джерела: 310.27 × 54.42 × 295.39 м (ширина × висота × глибина). Оглянуто лише геометрію. Анімація, прозорість і повний ефект потребують окремої сцени.",Assets/PolygonNatureBiomes/PNB_Core/Models/Env_CloudRing_Larger_02.fbx,18556,f33fb0f50d6f05a48b2e9d4b8a7d8f894dd7daeda89d08cf896edce60e7dbd12,
M0692,m_65b3037c0d89ade49a643720e46ea2f1,Хмарний або атмосферний елемент · варіант 01,FX / атмосфера,контекст FX,"Хмарний або атмосферний елемент · варіант 01. Габарити джерела: 277.46 × 26.06 × 259.42 м (ширина × висота × глибина). Оглянуто лише геометрію. Анімація, прозорість і повний ефект потребують окремої сцени.",Assets/PolygonNatureBiomes/PNB_Core/Models/SM_Env_Cloud_Ring_01.fbx,14456,0414c4f45c73af36a004af55e33c25855e3cb3d3df1ef67c34bf63471fbd6a6e,
M0693,m_eedcc2bfc694e2f4286178c2ca5a19ab,Хмарний або атмосферний елемент · варіант 02,FX / атмосфера,контекст FX,"Хмарний або атмосферний елемент · варіант 02. Габарити джерела: 310.27 × 54.42 × 295.39 м (ширина × висота × глибина). Оглянуто лише геометрію. Анімація, прозорість і повний ефект потребують окремої сцени.",Assets/PolygonNatureBiomes/PNB_Core/Models/SM_Env_Cloud_Ring_02.fbx,18556,610e6b7dffb6735502389fd7e49e0af9843b4d18d3ae5706019ee3247b865db2,
M0694,m_0a5b8883395c2c94898888395c221682,Хмарний або атмосферний елемент · варіант 01,FX / атмосфера,контекст FX,"Хмарний або атмосферний елемент · варіант 01. Габарити джерела: 70.17 × 3.94 × 70.17 м (ширина × висота × глибина). Оглянуто лише геометрію. Анімація, прозорість і повний ефект потребують окремої сцени.",Assets/PolygonNatureBiomes/PNB_Core/Models/SM_Env_Fog_Ring_01.fbx,48,af2f0f61402eeea2bc7b76c913c1ca11bde038d9b00e985239267ff96af704cc,
M0695,m_e05867e933dc6ca45a89c6daf5512752,Хмарний або атмосферний елемент · варіант 01,FX / атмосфера,контекст FX,"Хмарний або атмосферний елемент · варіант 01. Габарити джерела: 65.88 × 26.13 × 65.88 м (ширина × висота × глибина). Оглянуто лише геометрію. Анімація, прозорість і повний ефект потребують окремої сцени.",Assets/PolygonNatureBiomes/PNB_Core/Models/SM_Env_Skydome_01.fbx,160,480a1154ee48ad7503f0abd625236e39cb85c4123d846c074dda0b9488ebff4c,
M0696,m_c66960d310916cf4bb4246bbc76740bf,Водна поверхня · варіант 01,помилка матеріалу,блоковано,Водна поверхня · варіант 01. Габарити джерела: 50.00 × 0.00 × 50.00 м (ширина × висота × глибина). Рожевий native render; виправити shader і повторити огляд перед використанням.,Assets/PolygonNatureBiomes/PNB_Core/Models/SM_Env_Water_Plane_01.fbx,20000,47dbb745231ced49c8221637371c5cce15cbf6cc1f1aca161199382933dffed2,
M0697,m_b28e7e877fb630d448367fd9f86f0c52,Геометрія спецефекту · варіант 01,FX / атмосфера,контекст FX,"Геометрія спецефекту · варіант 01. Габарити джерела: 0.82 × 0.83 × 0.70 м (ширина × висота × глибина). Оглянуто лише геометрію. Анімація, прозорість і повний ефект потребують окремої сцени.",Assets/PolygonNatureBiomes/PNB_Meadow_Forest/FX/FX_Models/FX_Butterfly_Mesh_01.fbx,44,be0a111698b0c16c7429abe37d2c3524fd3acac15547b9da82d0e61ed19a3915,
M0698,m_d0569465ade40e34abd8aa8c17f30e11,Геометрія спецефекту · варіант 01,FX / атмосфера,контекст FX,"Геометрія спецефекту · варіант 01. Габарити джерела: 0.10 × 0.02 × 0.10 м (ширина × висота × глибина). Оглянуто лише геометрію. Анімація, прозорість і повний ефект потребують окремої сцени.",Assets/PolygonNatureBiomes/PNB_Meadow_Forest/FX/FX_Models/FX_Leaf_Meadows_01.fbx,4,91952d483ebe5032bc5fc3a359b9fd76e3b642d7f5fb2ee94feff515b216918f,
M0699,m_9b0621bef5440cd4c86dc9cc195a346c,Геометрія спецефекту · варіант 01,FX / атмосфера,контекст FX,"Геометрія спецефекту · варіант 01. Габарити джерела: 0.52 × 0.49 × 0.55 м (ширина × висота × глибина). Оглянуто лише геометрію. Анімація, прозорість і повний ефект потребують окремої сцени.",Assets/PolygonNatureBiomes/PNB_Meadow_Forest/FX/FX_Models/FX_Sphere_Meadows_01.fbx,46,1d07e8b767c4f7b2d62cef7f98319a72d49b97d8d47760eacbad0ee6ff62919e,
M0700,m_21165e3af93d48247a3e540cad48c575,Геометрія спецефекту · варіант 01,FX / атмосфера,контекст FX,"Геометрія спецефекту · варіант 01. Габарити джерела: 1.00 × 3.59 × 1.00 м (ширина × висота × глибина). Оглянуто лише геометрію. Анімація, прозорість і повний ефект потребують окремої сцени.",Assets/PolygonNatureBiomes/PNB_Meadow_Forest/FX/FX_Models/FX_SunShafts_Meadow_01.fbx,4,dd3b64324e635c3b8c6fdad0efb72ae06ba893ac53f6329028b9b7581855d75c,
M0701,m_3b300618946b45a48abefeea349d4e89,Колізійна оболонка: невелика хатина,службова геометрія,службове,Колізійна оболонка: невелика хатина. Габарити джерела: 5.56 × 4.02 × 8.12 м (ширина × висота × глибина). Колізії; не показувати як декоративний об’єкт.,Assets/PolygonNatureBiomes/PNB_Meadow_Forest/Models/Collision/SM_Bld_Stone_Cabin_01_Collision.fbx,472,bef44e6c91a450bd04d42cadaaca4953c5e7d57e2295d384e56f70cdce21f5da,
M0702,m_b1aa99ce0d3a7b2458733c30beef1098,Колізійна оболонка: дерев’яна огорожа або ворітця,службова геометрія,службове,Колізійна оболонка: дерев’яна огорожа або ворітця. Габарити джерела: 8.05 × 8.21 × 6.88 м (ширина × висота × глибина). Колізії; не показувати як декоративний об’єкт.,Assets/PolygonNatureBiomes/PNB_Meadow_Forest/Models/Collision/SM_Bld_Warpgate_01_Collision.fbx,288,da1e2cedf114ca64249c8b64dc32ea237729b39cb03588c1f9ffd671d88c8beb,
M0703,m_5019fdbddd35da14e8b8325ec9341c42,Колізійна оболонка: дерев’яний млин або його деталь,службова геометрія,службове,Колізійна оболонка: дерев’яний млин або його деталь. Габарити джерела: 9.48 × 9.48 × 1.56 м (ширина × висота × глибина). Колізії; не показувати як декоративний об’єкт.,Assets/PolygonNatureBiomes/PNB_Meadow_Forest/Models/Collision/SM_Bld_Windmill_01_Blades_01_Collision.fbx,72,34f35cc98ccffcf2dc5e5caff796f570b65aad6e4d479fbde31ebcffa9968826,
M0704,m_c3c36f1adc44ac1428dbee5737aaa932,Колізійна оболонка: дерев’яний млин або його деталь,службова геометрія,службове,Колізійна оболонка: дерев’яний млин або його деталь. Габарити джерела: 9.48 × 9.48 × 1.56 м (ширина × висота × глибина). Колізії; не показувати як декоративний об’єкт.,Assets/PolygonNatureBiomes/PNB_Meadow_Forest/Models/Collision/SM_Bld_Windmill_01_Blades_02_Collision.fbx,72,58d0de8674c3a41cc340ff7d315268b735d161803bd8645ad7f1e83567b8dd62,
M0705,m_365215b0306b97d45baa9a9034ccbae9,Колізійна оболонка: дерев’яний млин або його деталь,службова геометрія,службове,Колізійна оболонка: дерев’яний млин або його деталь. Габарити джерела: 5.80 × 10.38 × 6.80 м (ширина × висота × глибина). Колізії; не показувати як декоративний об’єкт.,Assets/PolygonNatureBiomes/PNB_Meadow_Forest/Models/Collision/SM_Bld_Windmill_01_Collision.fbx,249,e008819796d33da7f86c266122649584b803c9fc6b52ea02f62425bca32b3678,
M0706,m_4a94d53df9f67364488c54238cb7fd24,Колізійна оболонка: дерев’яний млин або його деталь,службова геометрія,службове,Колізійна оболонка: дерев’яний млин або його деталь. Габарити джерела: 9.48 × 9.48 × 2.05 м (ширина × висота × глибина). Колізії; не показувати як декоративний об’єкт.,Assets/PolygonNatureBiomes/PNB_Meadow_Forest/Models/Collision/SM_Bld_Windmill_02_Blades_01_Collision.fbx,72,d32036c3bbece10a6de7c0f1a6bec73bbcbf58d1938d7717f7ae2283daae8155,
M0707,m_1bc832cef86e7da48a8343f830803c07,Колізійна оболонка: дерев’яний млин або його деталь,службова геометрія,службове,Колізійна оболонка: дерев’яний млин або його деталь. Габарити джерела: 5.80 × 10.38 × 6.80 м (ширина × висота × глибина). Колізії; не показувати як декоративний об’єкт.,Assets/PolygonNatureBiomes/PNB_Meadow_Forest/Models/Collision/SM_Bld_Windmill_02_Collision.fbx,249,194d1cecf6001011f63d94a0e819f93fd0d49600b35373c7a476bec8360b2d9f,
M0708,m_57deee02a9b004e4d991f4e4481d561a,Колізійна оболонка: береза,службова геометрія,службове,Колізійна оболонка: береза. Габарити джерела: 1.10 × 5.78 × 1.62 м (ширина × висота × глибина). Колізії; не показувати як декоративний об’єкт.,Assets/PolygonNatureBiomes/PNB_Meadow_Forest/Models/Collision/SM_Env_Tree_Birch_01_Collision.fbx,180,c774ba965d74dd3201fc85b9cef66bdcf6e33a5773cf81cd4d8dd74c137a173f,
M0709,m_04b38fdc6a078e742ba87c52e9815e2a,Колізійна оболонка: береза,службова геометрія,службове,Колізійна оболонка: береза. Габарити джерела: 1.34 × 6.30 × 1.24 м (ширина × висота × глибина). Колізії; не показувати як декоративний об’єкт.,Assets/PolygonNatureBiomes/PNB_Meadow_Forest/Models/Collision/SM_Env_Tree_Birch_02_Collision.fbx,356,4c63e5a9866303be40ec2b18040f4f896f9a987d4b2f28d73333a5d58310899f,
M0710,m_525eee429f2e8db418d8b8c292252531,Колізійна оболонка: береза,службова геометрія,службове,Колізійна оболонка: береза. Габарити джерела: 0.64 × 3.37 × 0.58 м (ширина × висота × глибина). Колізії; не показувати як декоративний об’єкт.,Assets/PolygonNatureBiomes/PNB_Meadow_Forest/Models/Collision/SM_Env_Tree_Birch_03_Collision.fbx,280,32f1e3c2178d2c62cd54f6a6659ea9090b234550cd18b4556dd495584fbdd9d4,
M0711,m_56beabe49e553e14db86706e7e425be6,Колізійна оболонка: плодове дерево,службова геометрія,службове,Колізійна оболонка: плодове дерево. Габарити джерела: 1.25 × 3.00 × 1.78 м (ширина × висота × глибина). Колізії; не показувати як декоративний об’єкт.,Assets/PolygonNatureBiomes/PNB_Meadow_Forest/Models/Collision/SM_Env_Tree_Fruit_01_Collision.fbx,624,cc667a9ac0e856311db0723a6da456b6315d79dac3b3e440537b7757afb6a28f,
M0712,m_094e5b69c21d6b14b9559c01a1dac459,Колізійна оболонка: плодове дерево,службова геометрія,службове,Колізійна оболонка: плодове дерево. Габарити джерела: 1.62 × 3.11 × 1.39 м (ширина × висота × глибина). Колізії; не показувати як декоративний об’єкт.,Assets/PolygonNatureBiomes/PNB_Meadow_Forest/Models/Collision/SM_Env_Tree_Fruit_02_Collision.fbx,432,a18a20ab2c55f250f10038f08652aebde64c0394dfa3a720c844d79b24335558,
M0713,m_a80e2a767bb53b54fb5a6bccc28776da,Колізійна оболонка: плодове дерево,службова геометрія,службове,Колізійна оболонка: плодове дерево. Габарити джерела: 1.54 × 3.17 × 1.20 м (ширина × висота × глибина). Колізії; не показувати як декоративний об’єкт.,Assets/PolygonNatureBiomes/PNB_Meadow_Forest/Models/Collision/SM_Env_Tree_Fruit_03_Collision.fbx,648,5cf88574b2254f46bf45638fe1b75945d9f2472138015cc98effb6f7620f9f8b,
M0714,m_194c227c2d57b9043b4b82b21e2f8f46,Колізійна оболонка: лугове листяне дерево,службова геометрія,службове,Колізійна оболонка: лугове листяне дерево. Габарити джерела: 6.70 × 9.29 × 6.25 м (ширина × висота × глибина). Колізії; не показувати як декоративний об’єкт.,Assets/PolygonNatureBiomes/PNB_Meadow_Forest/Models/Collision/SM_Env_Tree_Meadow_01_Collision.fbx,960,3cdafce20556fae6a0517a16bdea53c5e29cafc7ec18597d0a4feee52b21092a,
M0715,m_baa8557ad70bd0047a3ca889d1abac71,Колізійна оболонка: лугове листяне дерево,службова геометрія,службове,Колізійна оболонка: лугове листяне дерево. Габарити джерела: 4.49 × 6.31 × 5.87 м (ширина × висота × глибина). Колізії; не показувати як декоративний об’єкт.,Assets/PolygonNatureBiomes/PNB_Meadow_Forest/Models/Collision/SM_Env_Tree_Meadow_02_Collision.fbx,984,05e1477effb41887ef4e054399a363a07e2b65dd96b0f5f4a2e20045a2ea2af8,
M0716,m_8aa74b947e75f2d41a318c5b45407154,Колізійна оболонка: будинок,службова геометрія,службове,Колізійна оболонка: будинок. Габарити джерела: 0.52 × 1.34 × 0.71 м (ширина × висота × глибина). Колізії; не показувати як декоративний об’єкт.,Assets/PolygonNatureBiomes/PNB_Meadow_Forest/Models/Collision/SM_Prop_Birdhouse_02_Collision.fbx,44,d28e2807353cc16178e2f296cec6b338823b1b5b737bd658220313692e9b4b56,
M0717,m_1d100ea0aa6adbf46b92c274bb819555,Колізійна оболонка: міст,службова геометрія,службове,Колізійна оболонка: міст. Габарити джерела: 3.01 × 6.54 × 10.16 м (ширина × висота × глибина). Колізії; не показувати як декоративний об’єкт.,Assets/PolygonNatureBiomes/PNB_Meadow_Forest/Models/Collision/SM_Prop_Bridge_01_Collision.fbx,168,b351d045097be7203d0f8df3ce36139caefa108fb6a66b6c3657804446ea19b4,
M0718,m_e0b71fe55760edd42acaad77d13c2e46,Колізійна оболонка: дерев’яна огорожа або ворітця,службова геометрія,службове,Колізійна оболонка: дерев’яна огорожа або ворітця. Габарити джерела: 1.51 × 1.29 × 0.16 м (ширина × висота × глибина). Колізії; не показувати як декоративний об’єкт.,Assets/PolygonNatureBiomes/PNB_Meadow_Forest/Models/Collision/SM_Prop_Gate_Small_01_Collision.fbx,24,a2893486aad8b7da8cacfd6d83dfd980cd1ddeb87bf6b8268d03b11acebf65d0,
M0719,m_614840f9fb4629c41add5967f0cfb519,Колізійна оболонка: дерев’яна огорожа або ворітця,службова геометрія,службове,Колізійна оболонка: дерев’яна огорожа або ворітця. Габарити джерела: 1.17 × 1.16 × 0.12 м (ширина × висота × глибина). Колізії; не показувати як декоративний об’єкт.,Assets/PolygonNatureBiomes/PNB_Meadow_Forest/Models/Collision/SM_Prop_Gate_Small_Door_01_Collision.fbx,20,9caf4e4e2f6bc729c083fab366b32ac6a273b33018da556ab89958e952ef20ef,
M0720,m_22e26267a9019d449aef388e08936d12,Колізійна оболонка: візок,службова геометрія,службове,Колізійна оболонка: візок. Габарити джерела: 1.41 × 1.12 × 2.76 м (ширина × висота × глибина). Колізії; не показувати як декоративний об’єкт.,Assets/PolygonNatureBiomes/PNB_Meadow_Forest/Models/Collision/SM_Prop_HandCart_01_Collision.fbx,148,4ff358ba81449965412f52ddd7fc559873efd91579310d8dc5c656ebc67c0cfa,
M0721,m_253f1b93e0633ce44a1e5384c20dc707,Колізійна оболонка: конов’язь,службова геометрія,службове,Колізійна оболонка: конов’язь. Габарити джерела: 2.51 × 1.18 × 0.15 м (ширина × висота × глибина). Колізії; не показувати як декоративний об’єкт.,Assets/PolygonNatureBiomes/PNB_Meadow_Forest/Models/Collision/SM_Prop_HorseHitch_01_Collision.fbx,36,7423eacf2a9cad7fdc7699f8852922ba09e48d06ed41c1c4a588ab2d15d36678,
M0722,m_59e614d882f9fe942be174bf133d9fcb,Колізійна оболонка: дерев’яна огорожа або ворітця,службова геометрія,службове,Колізійна оболонка: дерев’яна огорожа або ворітця. Габарити джерела: 2.59 × 1.57 × 0.16 м (ширина × висота × глибина). Колізії; не показувати як декоративний об’єкт.,Assets/PolygonNatureBiomes/PNB_Meadow_Forest/Models/Collision/SM_Prop_Meadow_Fence_01_Collision.fbx,24,7f33e69f4776a087a39f8ef35f7392fc66943274e848bfc4bdd5bd9f6cabec3f,
M0723,m_f255226b82379a44987921aed97beca8,Колізійна оболонка: дерев’яна огорожа або ворітця,службова геометрія,службове,Колізійна оболонка: дерев’яна огорожа або ворітця. Габарити джерела: 1.36 × 1.43 × 0.17 м (ширина × висота × глибина). Колізії; не показувати як декоративний об’єкт.,Assets/PolygonNatureBiomes/PNB_Meadow_Forest/Models/Collision/SM_Prop_Meadow_Fence_02_Collision.fbx,24,fa8bb89d72ba9b1318e5c20929fcb0b2365397bedf8990707301bb2f96b63a2c,
M0724,m_3a8132e3e21f33c42b08cef4e1f14cd0,Колізійна оболонка: дерев’яна огорожа або ворітця,службова геометрія,службове,Колізійна оболонка: дерев’яна огорожа або ворітця. Габарити джерела: 2.53 × 1.47 × 0.40 м (ширина × висота × глибина). Колізії; не показувати як декоративний об’єкт.,Assets/PolygonNatureBiomes/PNB_Meadow_Forest/Models/Collision/SM_Prop_Meadow_Fence_05_Collision.fbx,36,a3ddf90e9edf1ab3e9e1d4ab909bbadd018d3deb9dce0eb1ec30b6cdd7ac7688,
M0725,m_dd299441e366a8f40bf61b651cc29fb1,Колізійна оболонка: дерев’яна огорожа або ворітця,службова геометрія,службове,Колізійна оболонка: дерев’яна огорожа або ворітця. Габарити джерела: 2.55 × 1.50 × 0.44 м (ширина × висота × глибина). Колізії; не показувати як декоративний об’єкт.,Assets/PolygonNatureBiomes/PNB_Meadow_Forest/Models/Collision/SM_Prop_Meadow_Fence_06_Collision.fbx,36,837d17ee0d37c50dcf38a94a9f8b69e6bd38ee203bc9486a20ccd71d5df8a015,
M0726,m_3acea8d2655d0b749b4ec303bb2d0b62,Колізійна оболонка: дерев’яна огорожа або ворітця,службова геометрія,службове,Колізійна оболонка: дерев’яна огорожа або ворітця. Габарити джерела: 2.63 × 1.48 × 0.71 м (ширина × висота × глибина). Колізії; не показувати як декоративний об’єкт.,Assets/PolygonNatureBiomes/PNB_Meadow_Forest/Models/Collision/SM_Prop_Meadow_Fence_07_Collision.fbx,72,ba0d6b91c13445fd45a577917a4c058a1c89c6cc6b77331518e1d7d697344071,
M0727,m_205afdbcc1b5c204683187b6ae11cc54,Колізійна оболонка: дерев’яна огорожа або ворітця,службова геометрія,службове,Колізійна оболонка: дерев’яна огорожа або ворітця. Габарити джерела: 2.66 × 1.53 × 0.17 м (ширина × висота × глибина). Колізії; не показувати як декоративний об’єкт.,Assets/PolygonNatureBiomes/PNB_Meadow_Forest/Models/Collision/SM_Prop_Meadow_Fence_Gate_Set_01_Collision.fbx,24,f5d355973d3dc627d44efca06243cda7229ff98e2add2a9853b887779cc49c57,
M0728,m_90f4ce58291d0eb459f6614423e39d54,Колізійна оболонка: дерев’яна огорожа або ворітця,службова геометрія,службове,Колізійна оболонка: дерев’яна огорожа або ворітця. Габарити джерела: 1.43 × 1.53 × 0.19 м (ширина × висота × глибина). Колізії; не показувати як декоративний об’єкт.,Assets/PolygonNatureBiomes/PNB_Meadow_Forest/Models/Collision/SM_Prop_Meadow_Fence_Gate_Set_02_Collision.fbx,24,1fe03625be32c3936226ae309946594d3d31fbeeb29c7c77749c9e30f05cbf51,
M0729,m_ef62497b668807c4c9a885cf61825aca,Колізійна оболонка: опудало,службова геометрія,службове,Колізійна оболонка: опудало. Габарити джерела: 2.91 × 3.80 × 0.63 м (ширина × висота × глибина). Колізії; не показувати як декоративний об’єкт.,Assets/PolygonNatureBiomes/PNB_Meadow_Forest/Models/Collision/SM_Prop_ScareCrow_01_Collision.fbx,32,c57938a38a78caad8f974b60d289696e1c685971f9d5b3efdcc4b81e0b097106,
M0730,m_a4d9d84f525678b43bbb4b384d2474a1,Колізійна оболонка: вивіска або реклама,службова геометрія,службове,Колізійна оболонка: вивіска або реклама. Габарити джерела: 1.09 × 2.97 × 0.96 м (ширина × висота × глибина). Колізії; не показувати як декоративний об’єкт.,Assets/PolygonNatureBiomes/PNB_Meadow_Forest/Models/Collision/SM_Prop_Sign_01_Collision.fbx,60,80ae4dc55fbe4883f65086926761d60635359afde2f0adcdd6c6c662bd8e47a1,
M0731,m_fc250bc8836cd72428c8fc4b937940b5,Колізійна оболонка: вивіска або реклама,службова геометрія,службове,Колізійна оболонка: вивіска або реклама. Габарити джерела: 1.02 × 2.97 × 1.08 м (ширина × висота × глибина). Колізії; не показувати як декоративний об’єкт.,Assets/PolygonNatureBiomes/PNB_Meadow_Forest/Models/Collision/SM_Prop_Sign_02_Collision.fbx,48,2a8b7e53603dfdf484698474b00bdf4b50b7d8eda4ce8829511155be8db6ec12,
M0732,m_d78e0695554a2054da0e65dc089d66b2,Колізійна оболонка: вивіска або реклама,службова геометрія,службове,Колізійна оболонка: вивіска або реклама. Габарити джерела: 1.00 × 2.97 × 0.73 м (ширина × висота × глибина). Колізії; не показувати як декоративний об’єкт.,Assets/PolygonNatureBiomes/PNB_Meadow_Forest/Models/Collision/SM_Prop_Sign_03_Collision.fbx,36,31c692b349e83adec7e10497ff60affdeea94c0229ee8773b3938734921172c2,
M0733,m_c99f5f16eb412e04fbb0f02eca622d3d,Колізійна оболонка: кам’яна огорожа,службова геометрія,службове,Колізійна оболонка: кам’яна огорожа. Габарити джерела: 3.85 × 1.14 × 0.49 м (ширина × висота × глибина). Колізії; не показувати як декоративний об’єкт.,Assets/PolygonNatureBiomes/PNB_Meadow_Forest/Models/Collision/SM_Prop_Stonewall_End_01_Collision.fbx,32,300d9cdca461169500ea3f5a4d85c08b55a40a92fd818991f06f9cc452094136,
M0734,m_0ec0a32af9c47964ba89e420da2bc196,Колізійна оболонка: кам’яна огорожа,службова геометрія,службове,Колізійна оболонка: кам’яна огорожа. Габарити джерела: 0.73 × 1.23 × 0.73 м (ширина × висота × глибина). Колізії; не показувати як декоративний об’єкт.,Assets/PolygonNatureBiomes/PNB_Meadow_Forest/Models/Collision/SM_Prop_Stonewall_Pillar_01_Collision.fbx,12,4ff5e96bca58c5a567a79982fa30bf66e731c930b3c4f71e9dd68730609a4782,
M0735,m_44bde0856075fe9428ddf5e1666e5f7c,Колізійна оболонка: кам’яна огорожа,службова геометрія,службове,Колізійна оболонка: кам’яна огорожа. Габарити джерела: 0.86 × 1.23 × 0.86 м (ширина × висота × глибина). Колізії; не показувати як декоративний об’єкт.,Assets/PolygonNatureBiomes/PNB_Meadow_Forest/Models/Collision/SM_Prop_Stonewall_Pillar_02_Collision.fbx,12,bfafc0d41cbfbb94f2e7e5db736c1ce87114a5c1b912779d787a45550cca8dc9,
M0736,m_e026587fbd5faae41b0d86429343c974,Колізійна оболонка: кам’яна огорожа,службова геометрія,службове,Колізійна оболонка: кам’яна огорожа. Габарити джерела: 2.63 × 1.20 × 0.49 м (ширина × висота × глибина). Колізії; не показувати як декоративний об’єкт.,Assets/PolygonNatureBiomes/PNB_Meadow_Forest/Models/Collision/SM_Prop_Stonewall_Small_01_Collision.fbx,20,2cd6f7a04261d5d8199fb370911cdb96789bf4f66aa7c59af864f3d681b7b047,
M0737,m_400b673c9ac2050478e570686547612d,Колізійна оболонка: кам’яна огорожа,службова геометрія,службове,Колізійна оболонка: кам’яна огорожа. Габарити джерела: 2.63 × 1.15 × 0.49 м (ширина × висота × глибина). Колізії; не показувати як декоративний об’єкт.,Assets/PolygonNatureBiomes/PNB_Meadow_Forest/Models/Collision/SM_Prop_Stonewall_Small_02_Collision.fbx,20,d3cf0d1257cd916461d2b90a28b9fa16cae006d21df7b6eef06cd47e17b64fa3,
M0738,m_a64d67f30be286540a5edc6104a5cd8f,Колізійна оболонка: візок,службова геометрія,службове,Колізійна оболонка: візок. Габарити джерела: 3.40 × 2.24 × 5.41 м (ширина × висота × глибина). Колізії; не показувати як декоративний об’єкт.,Assets/PolygonNatureBiomes/PNB_Meadow_Forest/Models/Collision/SM_Prop_Wagon_Broken_01_Collision.fbx,168,003c3250a0b6d06dad5a3870a09ca97e4ab50e0ceb2658a71d44063a1e904db8,
M0739,m_d23d0243e2fe4f94fb7d85bc874275f8,Колізійна оболонка: криниця,службова геометрія,службове,Колізійна оболонка: криниця. Габарити джерела: 1.66 × 2.97 × 1.97 м (ширина × висота × глибина). Колізії; не показувати як декоративний об’єкт.,Assets/PolygonNatureBiomes/PNB_Meadow_Forest/Models/Collision/SM_Prop_Well_01_Collision.fbx,96,2337a30f6bc844672ee1f191416b0fc2af99ff8431191f727a0eb28164b2fa54,
M0740,m_b20ae94445bf8574e9700271f4dc8a9c,Колізійна оболонка: фантазійна споруда або реквізит,службова геометрія,службове,Колізійна оболонка: фантазійна споруда або реквізит. Габарити джерела: 2.12 × 2.10 × 3.83 м (ширина × висота × глибина). Колізії; не показувати як декоративний об’єкт.,Assets/PolygonNatureBiomes/PNB_Meadow_Forest/Models/Collision/SM_Veh_Steam_Car_01_Collision.fbx,180,e29aa0cbd41631f06ea12065bd292a0d06a80164b20e23e040ac2cac29049e56,
M0741,m_808d3d8b5942fae4ea185a4ab8467d42,Хмарний або атмосферний елемент · варіант 03,FX / атмосфера,контекст FX,"Хмарний або атмосферний елемент · варіант 03. Габарити джерела: 307.81 × 54.12 × 290.61 м (ширина × висота × глибина). Оглянуто лише геометрію. Анімація, прозорість і повний ефект потребують окремої сцени.",Assets/PolygonNatureBiomes/PNB_Meadow_Forest/Models/Env_CloudRing_Larger_01_Smooth_03.fbx,18556,f04444b7991884a13fe4450ed3eec08084050ad82fa327ec86ff512a3d576b09,
M0742,m_9c7fe3480b953d34b964f33c4dd0d930,Невелика хатина · варіант 01,додатковий реквізит,резерв,Невелика хатина · варіант 01. Габарити джерела: 5.99 × 4.04 × 8.11 м (ширина × висота × глибина). Зберегти для окремого контексту після затвердження основних 12 композицій.,Assets/PolygonNatureBiomes/PNB_Meadow_Forest/Models/SM_Bld_Stone_Cabin_01.fbx,10310,a3c14d2e308268b49e75eae166b02e2091d035d4d52958b9f710600f865cf5ae,D09
M0743,m_4b62e3e48a9696840aaefae05b6e228f,Дерев’яна огорожа або ворітця · варіант 01,фантазійне,резерв,Дерев’яна огорожа або ворітця · варіант 01. Габарити джерела: 8.31 × 8.27 × 6.83 м (ширина × висота × глибина). Не відповідає першому побутовому українському набору.,Assets/PolygonNatureBiomes/PNB_Meadow_Forest/Models/SM_Bld_Warpgate_01.fbx,6260,5934e5e7b35b775f7711889b002a531348c6c4b1a186a0a37566dde3f0bea8ee,
M0744,m_e5d5f5aef9f2be54ba3635c6831a993c,Дерев’яний млин або його деталь · варіант 01,додатковий реквізит,резерв,Дерев’яний млин або його деталь · варіант 01. Габарити джерела: 9.48 × 12.95 × 7.79 м (ширина × висота × глибина). Зберегти для окремого контексту після затвердження основних 12 композицій.,Assets/PolygonNatureBiomes/PNB_Meadow_Forest/Models/SM_Bld_Windmill_01.fbx,8919,c081de778deaaeddbeccc9eb1403fdc4fb8ec232feb4277a2fb6d3ba9f4eab3a,
M0745,m_e3380c618134fde41b0a2e610220eee3,Дерев’яний млин або його деталь · варіант 02,додатковий реквізит,резерв,Дерев’яний млин або його деталь · варіант 02. Габарити джерела: 9.61 × 13.03 × 8.26 м (ширина × висота × глибина). Зберегти для окремого контексту після затвердження основних 12 композицій.,Assets/PolygonNatureBiomes/PNB_Meadow_Forest/Models/SM_Bld_Windmill_02.fbx,9519,963c18e12d38b2d449c0f61853fb9edd5faa417f9abdb95c38680bb834fe3f66,
M0746,m_922c0062aa0f0fc4ba6f81b77c8cd38c,М’який пагорб · варіант 01,природа,кандидат,"М’який пагорб · варіант 01. Габарити джерела: 17.27 × 1.93 × 9.34 м (ширина × висота × глибина). Природний край, тло або малий акцент. Зберегти відкритий центр і прохід до галявини.",Assets/PolygonNatureBiomes/PNB_Meadow_Forest/Models/SM_Env_Background_Hill_01.fbx,128,b04d3fb65f4a6a1d1daecccdbabe318b55dffd54c54af0cf7e89f4fcd7901f1b,
M0747,m_e9179565111803741b6118bd8c31f6fe,Кущ · варіант 01,природа,кандидат,"Кущ · варіант 01. Габарити джерела: 2.68 × 2.88 × 2.44 м (ширина × висота × глибина). Природний край, тло або малий акцент. Зберегти відкритий центр і прохід до галявини.",Assets/PolygonNatureBiomes/PNB_Meadow_Forest/Models/SM_Env_Bush_01.fbx,3642,01b78bdcdbcb893b35184c58a477f1cdf7c3eda47506af469db4322c040a3a99,
M0748,m_c46cbbfae79dcf845b5df7528890fd87,Кущ · варіант 02,природа,кандидат,"Кущ · варіант 02. Габарити джерела: 5.02 × 2.57 × 4.87 м (ширина × висота × глибина). Природний край, тло або малий акцент. Зберегти відкритий центр і прохід до галявини.",Assets/PolygonNatureBiomes/PNB_Meadow_Forest/Models/SM_Env_Bush_02.fbx,3814,8675972719155bf84a366f6594b489285cd8c9d1093c168f9ac764a345f7cb54,
M0749,m_ad4679cc68dc5634b91baef53e0c14c1,Кущ · варіант 03,природа,кандидат,"Кущ · варіант 03. Габарити джерела: 5.92 × 3.43 × 4.11 м (ширина × висота × глибина). Природний край, тло або малий акцент. Зберегти відкритий центр і прохід до галявини.",Assets/PolygonNatureBiomes/PNB_Meadow_Forest/Models/SM_Env_Bush_03.fbx,10264,f69fa3d93532fce065f9ad003ab01ebd3cf5b352e74ff88915442e1ab22c3af7,
M0750,m_7c35331afba9a6a4b89be63ef9d0f64b,Жовті польові рослини · варіант 01,природа,кандидат,"Жовті польові рослини · варіант 01. Габарити джерела: 2.19 × 1.35 × 2.39 м (ширина × висота × глибина). Природний край, тло або малий акцент. Зберегти відкритий центр і прохід до галявини.",Assets/PolygonNatureBiomes/PNB_Meadow_Forest/Models/SM_Env_CropField_Clump_01.fbx,336,c3e7213a693c0fc3970466d7d47dcab5eb5feac74640f1ef1528bc380dda7b3d,
M0751,m_4a8e8a38028d0004986346ff4104b6f3,Жовті польові рослини · варіант 02,природа,кандидат,"Жовті польові рослини · варіант 02. Габарити джерела: 5.12 × 1.38 × 5.09 м (ширина × висота × глибина). Природний край, тло або малий акцент. Зберегти відкритий центр і прохід до галявини.",Assets/PolygonNatureBiomes/PNB_Meadow_Forest/Models/SM_Env_CropField_Clump_02.fbx,2264,76ffe2c6b0efc9e0d9f80c1bd72e77c9fbff53bc1830446b84582c56f750a9c2,
M0752,m_f4a055e81a74a6b4dafbdc0f279c2104,Декоративна рослина або квіткова скринька · варіант 01,природа,кандидат,"Декоративна рослина або квіткова скринька · варіант 01. Габарити джерела: 2.07 × 0.14 × 2.02 м (ширина × висота × глибина). Природний край, тло або малий акцент. Зберегти відкритий центр і прохід до галявини.",Assets/PolygonNatureBiomes/PNB_Meadow_Forest/Models/SM_Env_Flowers_Flat_01.fbx,18,a18eaa85ae2b7f0b5fbcff4ad4d7fad5cb7cc19869fa17e7c2a7a3d465fc5b3e,
M0753,m_36464bd41d6b62940b972c9bf64abb7e,Декоративна рослина або квіткова скринька · варіант 02,природа,кандидат,"Декоративна рослина або квіткова скринька · варіант 02. Габарити джерела: 2.16 × 0.15 × 2.07 м (ширина × висота × глибина). Природний край, тло або малий акцент. Зберегти відкритий центр і прохід до галявини.",Assets/PolygonNatureBiomes/PNB_Meadow_Forest/Models/SM_Env_Flowers_Flat_02.fbx,18,6b78088bf8a0aed40ef1db2d2e565d764a85014c3d08fb4d2cd19ce055c8bee4,
M0754,m_802491eaf6cae1644a489113545f158b,Декоративна рослина або квіткова скринька · варіант 03,природа,кандидат,"Декоративна рослина або квіткова скринька · варіант 03. Габарити джерела: 2.25 × 0.18 × 2.01 м (ширина × висота × глибина). Природний край, тло або малий акцент. Зберегти відкритий центр і прохід до галявини.",Assets/PolygonNatureBiomes/PNB_Meadow_Forest/Models/SM_Env_Flowers_Flat_03.fbx,8,ec99836e457514ce3ba30de681979ab4eef8a78904454f778c1acbfbeaf3aae0,
M0755,m_24d1e925132283841b67fa75a98e34e4,Кущ · варіант 01,природа,кандидат,"Кущ · варіант 01. Габарити джерела: 2.28 × 1.21 × 2.31 м (ширина × висота × глибина). Природний край, тло або малий акцент. Зберегти відкритий центр і прохід до галявини.",Assets/PolygonNatureBiomes/PNB_Meadow_Forest/Models/SM_Env_Grass_Bush_01.fbx,110,2dfc6071d33fea1ed871fe00ede5257c9c08f52483961a11882f64d271b225da,
M0756,m_ffa001780e4c26b4c8ecd6d9f780d254,Густий трав’яний килим · варіант 01,природа,потребує LOD,"Густий трав’яний килим · варіант 01. Габарити джерела: 33.95 × 3.99 × 34.49 м (ширина × висота × глибина). Source root містить густу геометрію та/або всі LOD. Для roadmap вибрати одну легку деталізацію, перевірити силует у малому масштабі.",Assets/PolygonNatureBiomes/PNB_Meadow_Forest/Models/SM_Env_Grass_Large_01.fbx,36612,bbd057ddfe54c61c1f4bb2b9083700b889c77cf3211e2b419066ac4a0da463f7,
M0757,m_f6e545fba3a8736479e732b4a7463114,Густий трав’яний килим · варіант 02,природа,потребує LOD,"Густий трав’яний килим · варіант 02. Габарити джерела: 33.20 × 3.46 × 34.59 м (ширина × висота × глибина). Source root містить густу геометрію та/або всі LOD. Для roadmap вибрати одну легку деталізацію, перевірити силует у малому масштабі.",Assets/PolygonNatureBiomes/PNB_Meadow_Forest/Models/SM_Env_Grass_Large_02.fbx,35200,381d338084ed60729f58b52661082985b3d6cb6f18b7be55708fff75bed98cb7,
M0758,m_4e6e29d5245c30e40bda17b4ccc10942,Густий трав’яний килим · варіант 03,природа,потребує LOD,"Густий трав’яний килим · варіант 03. Габарити джерела: 34.68 × 4.15 × 34.77 м (ширина × висота × глибина). Source root містить густу геометрію та/або всі LOD. Для roadmap вибрати одну легку деталізацію, перевірити силует у малому масштабі.",Assets/PolygonNatureBiomes/PNB_Meadow_Forest/Models/SM_Env_Grass_Large_03.fbx,37260,a08bdf00e93800d07bf06e49c55c4e3ee7036f04db342f7f7737b75d7c6c12a3,
M0759,m_5c956f0749599f44d8dac0b5a67cd253,Густий трав’яний килим · варіант 04,природа,потребує LOD,"Густий трав’яний килим · варіант 04. Габарити джерела: 34.01 × 3.42 × 34.24 м (ширина × висота × глибина). Source root містить густу геометрію та/або всі LOD. Для roadmap вибрати одну легку деталізацію, перевірити силует у малому масштабі.",Assets/PolygonNatureBiomes/PNB_Meadow_Forest/Models/SM_Env_Grass_Large_04.fbx,37422,117f854c243ffb1d4dc6d4a08805bc899285b361ba1cd1947f3b0d075b8ba2e5,
M0760,m_6ef04ddd4f7919b46978162e436a59bb,Трава середньої висоти · варіант 01,природа,кандидат,"Трава середньої висоти · варіант 01. Габарити джерела: 1.00 × 0.50 × 1.00 м (ширина × висота × глибина). Природний край, тло або малий акцент. Зберегти відкритий центр і прохід до галявини.",Assets/PolygonNatureBiomes/PNB_Meadow_Forest/Models/SM_Env_Grass_Med_Clump_01.fbx,10,2e02e60189d988f51e6d8e8ee63c83fbf1781e0b8f793a4cd60d6547a63da3e2,D01;D02;D03;D04;D05;D06;D07;D08;D09;D10;D12
M0761,m_107dbfde99eb46d4fa34191d42624fd4,Трава середньої висоти · варіант 02,природа,кандидат,"Трава середньої висоти · варіант 02. Габарити джерела: 1.79 × 0.53 × 1.46 м (ширина × висота × глибина). Природний край, тло або малий акцент. Зберегти відкритий центр і прохід до галявини.",Assets/PolygonNatureBiomes/PNB_Meadow_Forest/Models/SM_Env_Grass_Med_Clump_02.fbx,18,31ca17c54a2ad55a383aa544f59c93f14651e6390a4fb742b212a757eec2fff2,
M0762,m_4de463380a18f754bb8f189c9ce59b2c,Трава середньої висоти · варіант 03,природа,кандидат,"Трава середньої висоти · варіант 03. Габарити джерела: 1.89 × 0.53 × 1.90 м (ширина × висота × глибина). Природний край, тло або малий акцент. Зберегти відкритий центр і прохід до галявини.",Assets/PolygonNatureBiomes/PNB_Meadow_Forest/Models/SM_Env_Grass_Med_Clump_03.fbx,50,85b9dd9f7610588889f635b7dc3c71be9c4f99cc0ad1e6981a16f4d2e2f29261,
M0763,m_f4dc636daa9010043b02efef333745e0,Трава середньої висоти · варіант 01,природа,кандидат,"Трава середньої висоти · варіант 01. Габарити джерела: 1.00 × 0.50 × 0.00 м (ширина × висота × глибина). Природний край, тло або малий акцент. Зберегти відкритий центр і прохід до галявини.",Assets/PolygonNatureBiomes/PNB_Meadow_Forest/Models/SM_Env_Grass_Med_Plane_01.fbx,2,71bb6edad42a03f30d90c1a327d3092d2c785466a85691e28d69e315a1b9607b,
M0764,m_e634f5b2fed0d8447961cec24e960980,Низька трава · варіант 01,природа,кандидат,"Низька трава · варіант 01. Габарити джерела: 1.00 × 0.25 × 1.00 м (ширина × висота × глибина). Природний край, тло або малий акцент. Зберегти відкритий центр і прохід до галявини.",Assets/PolygonNatureBiomes/PNB_Meadow_Forest/Models/SM_Env_Grass_Short_Clump_01.fbx,10,c98060aea885f494d59a8c666665426c703ce6415320bb5168632d9be2255d62,
M0765,m_eae51c38b2041ae4e8e8f57e1d077693,Низька трава · варіант 02,природа,кандидат,"Низька трава · варіант 02. Габарити джерела: 1.79 × 0.27 × 1.46 м (ширина × висота × глибина). Природний край, тло або малий акцент. Зберегти відкритий центр і прохід до галявини.",Assets/PolygonNatureBiomes/PNB_Meadow_Forest/Models/SM_Env_Grass_Short_Clump_02.fbx,18,68c1f8b585ba5b9164cf4d1f6f9cc5733dab830c3eeb70894aefbddd225461d8,
M0766,m_483ef0b0e5e409e4b8dde51cd13de031,Низька трава · варіант 03,природа,кандидат,"Низька трава · варіант 03. Габарити джерела: 1.89 × 0.28 × 1.90 м (ширина × висота × глибина). Природний край, тло або малий акцент. Зберегти відкритий центр і прохід до галявини.",Assets/PolygonNatureBiomes/PNB_Meadow_Forest/Models/SM_Env_Grass_Short_Clump_03.fbx,50,43749f09b36fd00ccce32995367540814a81103b7ad75ea9680ff410efe7e002,
M0767,m_87fceaa3e3fa1d1479af4b4a4e85bb53,Низька трава · варіант 01,природа,кандидат,"Низька трава · варіант 01. Габарити джерела: 1.00 × 0.25 × 0.00 м (ширина × висота × глибина). Природний край, тло або малий акцент. Зберегти відкритий центр і прохід до галявини.",Assets/PolygonNatureBiomes/PNB_Meadow_Forest/Models/SM_Env_Grass_Short_Plane_01.fbx,2,5d2e6911c5e677c357e04363345d6b59d4600cc20f608af5930a1d2be09619f6,
M0768,m_cdfaaff26daa8e442ae0bcbc6cd3b339,Висока трава · варіант 01,природа,кандидат,"Висока трава · варіант 01. Габарити джерела: 1.00 × 1.00 × 1.00 м (ширина × висота × глибина). Природний край, тло або малий акцент. Зберегти відкритий центр і прохід до галявини.",Assets/PolygonNatureBiomes/PNB_Meadow_Forest/Models/SM_Env_Grass_Tall_Clump_01.fbx,10,dffbae2f8f8754bf0d7e7b276ce39093379c5e82ff691137dc015d8abf579dee,
M0769,m_7588533a2a5d31e448e9b29fd45abb52,Висока трава · варіант 02,природа,кандидат,"Висока трава · варіант 02. Габарити джерела: 1.79 × 1.07 × 1.46 м (ширина × висота × глибина). Природний край, тло або малий акцент. Зберегти відкритий центр і прохід до галявини.",Assets/PolygonNatureBiomes/PNB_Meadow_Forest/Models/SM_Env_Grass_Tall_Clump_02.fbx,18,e3616ccc550c902c7f148b8e68d08ee2214c775ef06fef95183a2711aba3fa13,
M0770,m_87990a367a53f854a9d07812ebf3b188,Висока трава · варіант 03,природа,кандидат,"Висока трава · варіант 03. Габарити джерела: 1.91 × 1.03 × 1.93 м (ширина × висота × глибина). Природний край, тло або малий акцент. Зберегти відкритий центр і прохід до галявини.",Assets/PolygonNatureBiomes/PNB_Meadow_Forest/Models/SM_Env_Grass_Tall_Clump_03.fbx,54,7456fbf2e55da45a0a2839f5419ea37bc0dfbdff9ef07699de06f05cb09cbebc,
M0771,m_b693ad5e90af5bc41bf944227bf64138,Висока трава · варіант 04,природа,кандидат,"Висока трава · варіант 04. Габарити джерела: 4.28 × 1.03 × 4.68 м (ширина × висота × глибина). Природний край, тло або малий акцент. Зберегти відкритий центр і прохід до галявини.",Assets/PolygonNatureBiomes/PNB_Meadow_Forest/Models/SM_Env_Grass_Tall_Clump_04.fbx,378,65f0e0f8dcf9a6b420b3a4919292412038092e00b7b8038e39ee3f0f76faddd5,
M0772,m_31c013eeff97a3242b4a40b49d10eeae,Висока трава · варіант 05,природа,кандидат,"Висока трава · варіант 05. Габарити джерела: 7.45 × 1.50 × 7.05 м (ширина × висота × глибина). Природний край, тло або малий акцент. Зберегти відкритий центр і прохід до галявини.",Assets/PolygonNatureBiomes/PNB_Meadow_Forest/Models/SM_Env_Grass_Tall_Clump_05.fbx,1026,893d9d4bf902f0259053e9d777e5935e8c8f6904c7a80e4eced93d44046549aa,
M0773,m_ba6915f513d75c64e99c212c252625c9,Висока трава · варіант 01,природа,кандидат,"Висока трава · варіант 01. Габарити джерела: 1.00 × 1.00 × 0.00 м (ширина × висота × глибина). Природний край, тло або малий акцент. Зберегти відкритий центр і прохід до галявини.",Assets/PolygonNatureBiomes/PNB_Meadow_Forest/Models/SM_Env_Grass_Tall_Plane_01.fbx,2,d8b46aa8856db1512a05283f111803c90deccb15283830b3cd725cc5e42bfc23,
M0774,m_690cb5676e6cfdf41998dd62847e1425,Земляний острів · варіант 01,природа,кандидат,"Земляний острів · варіант 01. Габарити джерела: 39.64 × 7.87 × 40.78 м (ширина × висота × глибина). Природний край, тло або малий акцент. Зберегти відкритий центр і прохід до галявини.",Assets/PolygonNatureBiomes/PNB_Meadow_Forest/Models/SM_Env_Ground_Cliff_Large_01.fbx,3129,729e4fe9875bad92e069815afdbadcc30d7950acc9683d9d5302e90e7a1d978b,
M0775,m_1260bbfdb6d05dd44909a480ea0350f5,Земляний острів · варіант 02,природа,кандидат,"Земляний острів · варіант 02. Габарити джерела: 41.47 × 6.68 × 42.67 м (ширина × висота × глибина). Природний край, тло або малий акцент. Зберегти відкритий центр і прохід до галявини.",Assets/PolygonNatureBiomes/PNB_Meadow_Forest/Models/SM_Env_Ground_Cliff_Large_02.fbx,3139,b75dfb35bd82111488b29722310598513ba7f82be190395f833fbbb305ec98c4,
M0776,m_f1af86d0d032f82428850a656fdf1c30,Трав’яні пучки · варіант 01,природа,кандидат,"Трав’яні пучки · варіант 01. Габарити джерела: 2.89 × 1.59 × 1.64 м (ширина × висота × глибина). Природний край, тло або малий акцент. Зберегти відкритий центр і прохід до галявини.",Assets/PolygonNatureBiomes/PNB_Meadow_Forest/Models/SM_Env_Ground_Cover_01.fbx,70,e1391578a2e0c6c6d9e3bacef39b98311575e20cc77366eb2e528aafc95a014e,
M0777,m_37f2d81e542c39f4baad3c94303c8fa0,Трав’яні пучки · варіант 02,природа,кандидат,"Трав’яні пучки · варіант 02. Габарити джерела: 1.91 × 0.57 × 1.91 м (ширина × висота × глибина). Природний край, тло або малий акцент. Зберегти відкритий центр і прохід до галявини.",Assets/PolygonNatureBiomes/PNB_Meadow_Forest/Models/SM_Env_Ground_Cover_02.fbx,92,7a6334410a63b34de45b39511e5c38966ea09825636b2ca9733dd39be9466419,
M0778,m_7661d846499946e40948fcf3e149fc4c,Трав’яні пучки · варіант 03,природа,кандидат,"Трав’яні пучки · варіант 03. Габарити джерела: 2.14 × 1.60 × 1.61 м (ширина × висота × глибина). Природний край, тло або малий акцент. Зберегти відкритий центр і прохід до галявини.",Assets/PolygonNatureBiomes/PNB_Meadow_Forest/Models/SM_Env_Ground_Cover_03.fbx,100,b3d9ef0f9e27ca4eae539f8ad80500b94845e3ed1699a3a3c23b75f34436da06,
M0779,m_330dce2842aacaa46ad499d912723b4f,М’який пагорб · варіант 01,природа,кандидат,"М’який пагорб · варіант 01. Габарити джерела: 36.64 × 3.21 × 37.30 м (ширина × висота × глибина). Природний край, тло або малий акцент. Зберегти відкритий центр і прохід до галявини.",Assets/PolygonNatureBiomes/PNB_Meadow_Forest/Models/SM_Env_Ground_Mound_Large_01.fbx,256,b5e0c5da2837d4b5bdae46de6e16f7c4bdbb55c1645d3d7a7109c71a63761182,
M0780,m_b4dccb02590039947a9b2a36830f272d,М’який пагорб · варіант 02,природа,кандидат,"М’який пагорб · варіант 02. Габарити джерела: 39.41 × 2.62 × 39.23 м (ширина × висота × глибина). Природний край, тло або малий акцент. Зберегти відкритий центр і прохід до галявини.",Assets/PolygonNatureBiomes/PNB_Meadow_Forest/Models/SM_Env_Ground_Mound_Large_02.fbx,324,ffcc87c68eacd35bc45a4fe72022bb11c3fa169c63e902a1105f0ad959ceef02,
M0781,m_1cc1e926c2a687f44b0d7bbb86fd60ec,М’який пагорб · варіант 03,природа,кандидат,"М’який пагорб · варіант 03. Габарити джерела: 36.64 × 3.15 × 37.30 м (ширина × висота × глибина). Природний край, тло або малий акцент. Зберегти відкритий центр і прохід до галявини.",Assets/PolygonNatureBiomes/PNB_Meadow_Forest/Models/SM_Env_Ground_Mound_Large_03.fbx,244,a2d140058f2f3549c719e39e6b50c68e1df1ea9ea8a068166e250040d40f467c,
M0782,m_f16626879be515c418b7466d2e22606b,М’який пагорб · варіант 04,природа,кандидат,"М’який пагорб · варіант 04. Габарити джерела: 37.28 × 3.37 × 37.96 м (ширина × висота × глибина). Природний край, тло або малий акцент. Зберегти відкритий центр і прохід до галявини.",Assets/PolygonNatureBiomes/PNB_Meadow_Forest/Models/SM_Env_Ground_Mound_Large_04.fbx,244,67de6cc7024854ddb0d5df53def0c5181e87ef93a5d65bd8c12d7fa1be9430b2,
M0783,m_0af10b901b5c1214e91bfb6c0fbd4640,Латаття · варіант 01,природа,кандидат,"Латаття · варіант 01. Габарити джерела: 3.42 × 0.20 × 2.89 м (ширина × висота × глибина). Природний край, тло або малий акцент. Зберегти відкритий центр і прохід до галявини.",Assets/PolygonNatureBiomes/PNB_Meadow_Forest/Models/SM_Env_Lillies_01.fbx,2108,0f55a4910c8512ba621b00ae41267f41cfd2cc0130098aea12f792b4c79bcbd8,
M0784,m_ad6557d985c740a478102f207060461f,Латаття · варіант 02,природа,кандидат,"Латаття · варіант 02. Габарити джерела: 3.24 × 0.18 × 1.78 м (ширина × висота × глибина). Природний край, тло або малий акцент. Зберегти відкритий центр і прохід до галявини.",Assets/PolygonNatureBiomes/PNB_Meadow_Forest/Models/SM_Env_Lillies_02.fbx,1194,e3ee52f331d8ba5eb5f8ca313a00e09853aaabad32483ca24ced6a07d7825a1e,
M0785,m_86708540169b8f74fbd26de2b0e3e3c0,Латаття · варіант 03,природа,кандидат,"Латаття · варіант 03. Габарити джерела: 2.05 × 0.20 × 4.35 м (ширина × висота × глибина). Природний край, тло або малий акцент. Зберегти відкритий центр і прохід до галявини.",Assets/PolygonNatureBiomes/PNB_Meadow_Forest/Models/SM_Env_Lillies_03.fbx,1651,0b3801712f587e789e627295a364413ca11f2760e1d8d4efa726d962446507e8,
M0786,m_0ba0b19100842ff43822017305247ca6,Жовті польові рослини · варіант 01,неоформлена геометрія,потребує матеріалу,Жовті польові рослини · варіант 01. Габарити джерела: 2.19 × 1.35 × 2.39 м (ширина × висота × глибина). У вихідній фотографії embedded material без потрібної палітри/текстури. Спершу прив’язати матеріал.,Assets/PolygonNatureBiomes/PNB_Meadow_Forest/Models/SM_Env_Rapeseed_Clump_01.fbx,336,8d423bbfa37a7bef9f93ec9de94adbef084b4445dd36b25bf2dcc721e592fbe5,
M0787,m_0dfc944766008844aa388c6afe023026,Жовті польові рослини · варіант 02,неоформлена геометрія,потребує матеріалу,Жовті польові рослини · варіант 02. Габарити джерела: 5.12 × 1.38 × 5.09 м (ширина × висота × глибина). У вихідній фотографії embedded material без потрібної палітри/текстури. Спершу прив’язати матеріал.,Assets/PolygonNatureBiomes/PNB_Meadow_Forest/Models/SM_Env_Rapeseed_Clump_02.fbx,2264,f57264dd0c495918388fafcaad97bfad0667241b55248a925339f2a68b185049,
M0788,m_5790f71e5fe759846a1f0ac174e64e47,Гранчастий валун · варіант 01,природа,кандидат,"Гранчастий валун · варіант 01. Габарити джерела: 2.26 × 1.04 × 1.73 м (ширина × висота × глибина). Природний край, тло або малий акцент. Зберегти відкритий центр і прохід до галявини.",Assets/PolygonNatureBiomes/PNB_Meadow_Forest/Models/SM_Env_Rock_01.fbx,196,7075a433dab6b92df08fbae5b1dcd58521a9cdc95b2b73b67b501845516ef4c6,
M0789,m_bd7baccd48ba89c4fae0f3bff540a867,Гранчастий валун · варіант 02,природа,кандидат,"Гранчастий валун · варіант 02. Габарити джерела: 2.44 × 1.49 × 2.00 м (ширина × висота × глибина). Природний край, тло або малий акцент. Зберегти відкритий центр і прохід до галявини.",Assets/PolygonNatureBiomes/PNB_Meadow_Forest/Models/SM_Env_Rock_02.fbx,214,16a75a6577f0739a60e04304bd30584bc7408f5e83b31a4c673cef85035e809d,
M0790,m_d67c7b3654d02dd4594b15fe2c12df1d,Гранчастий валун · варіант 03,природа,кандидат,"Гранчастий валун · варіант 03. Габарити джерела: 2.86 × 2.18 × 2.38 м (ширина × висота × глибина). Природний край, тло або малий акцент. Зберегти відкритий центр і прохід до галявини.",Assets/PolygonNatureBiomes/PNB_Meadow_Forest/Models/SM_Env_Rock_03.fbx,162,960a50db32630332d4784963ad89796f994cce48f835962820ba91d966d704ca,
M0791,m_2069d3b8764e1aa4f9d9652936fa5d08,Гранчастий валун · варіант 04,природа,кандидат,"Гранчастий валун · варіант 04. Габарити джерела: 3.29 × 3.27 × 3.48 м (ширина × висота × глибина). Природний край, тло або малий акцент. Зберегти відкритий центр і прохід до галявини.",Assets/PolygonNatureBiomes/PNB_Meadow_Forest/Models/SM_Env_Rock_04.fbx,538,053bed30b0531cb67151c01896a3dd5ee2c382248a67506cf7c300aec62b123b,
M0792,m_1d7c1c3dec417d2459d06c9391939b9b,Гранчастий валун · варіант 05,природа,кандидат,"Гранчастий валун · варіант 05. Габарити джерела: 3.55 × 2.53 × 3.73 м (ширина × висота × глибина). Природний край, тло або малий акцент. Зберегти відкритий центр і прохід до галявини.",Assets/PolygonNatureBiomes/PNB_Meadow_Forest/Models/SM_Env_Rock_05.fbx,572,4fe30f718962a4349f53e2264e856cc9108fb09589519b8a4a61ba31a81ea4bf,
M0793,m_b7fd673c92196ae46b999fef6cb59300,Гранчастий валун · варіант 06,природа,кандидат,"Гранчастий валун · варіант 06. Габарити джерела: 3.24 × 4.78 × 3.19 м (ширина × висота × глибина). Природний край, тло або малий акцент. Зберегти відкритий центр і прохід до галявини.",Assets/PolygonNatureBiomes/PNB_Meadow_Forest/Models/SM_Env_Rock_06.fbx,616,41eb4eb649f36791f1f02883a4db2dc193b87755158b3a097e3eaf6cdcf9503c,
M0794,m_714ba0de2c09f4a4fa1235d27b71efea,Вертикальна скеля · варіант 01,природа,кандидат,"Вертикальна скеля · варіант 01. Габарити джерела: 5.00 × 8.12 × 5.07 м (ширина × висота × глибина). Природний край, тло або малий акцент. Зберегти відкритий центр і прохід до галявини.",Assets/PolygonNatureBiomes/PNB_Meadow_Forest/Models/SM_Env_Rock_Cliff_01.fbx,460,76e82248f2683e351fd403fdc976971a40ebd974aab4497e6b54c3face5a50e3,
M0795,m_27bd3d1f8f2c1b4429ee6baacaa28ebe,Вертикальна скеля · варіант 02,природа,кандидат,"Вертикальна скеля · варіант 02. Габарити джерела: 11.85 × 8.18 × 7.99 м (ширина × висота × глибина). Природний край, тло або малий акцент. Зберегти відкритий центр і прохід до галявини.",Assets/PolygonNatureBiomes/PNB_Meadow_Forest/Models/SM_Env_Rock_Cliff_02.fbx,1262,637e13a972115d97eae861712074234ee0b32b81cb60a8de9c85570d814d754f,
M0796,m_6177f4665baace146a3dd9de9c3276b0,Вертикальна скеля · варіант 03,природа,кандидат,"Вертикальна скеля · варіант 03. Габарити джерела: 22.27 × 10.23 × 9.14 м (ширина × висота × глибина). Природний край, тло або малий акцент. Зберегти відкритий центр і прохід до галявини.",Assets/PolygonNatureBiomes/PNB_Meadow_Forest/Models/SM_Env_Rock_Cliff_03.fbx,3196,db61b383ee7c1acf7b6059dc512e0e8a3ea52a9e12e62db5c3afe24911649fdf,
M0797,m_d17e3fcded63b1640b8c608fee3b49c1,Гранчастий валун · варіант 01,природа,кандидат,"Гранчастий валун · варіант 01. Габарити джерела: 21.21 × 4.02 × 20.35 м (ширина × висота × глибина). Природний край, тло або малий акцент. Зберегти відкритий центр і прохід до галявини.",Assets/PolygonNatureBiomes/PNB_Meadow_Forest/Models/SM_Env_Rock_Ground_01.fbx,2219,8b768c65a3f6e8887527e05515f9c57305ed84eb734b3b67307961e5cf7a453c,
M0798,m_3c28b0642ec03384fb19fa724af32b79,Гранчастий валун · варіант 02,природа,кандидат,"Гранчастий валун · варіант 02. Габарити джерела: 12.02 × 1.78 × 6.27 м (ширина × висота × глибина). Природний край, тло або малий акцент. Зберегти відкритий центр і прохід до галявини.",Assets/PolygonNatureBiomes/PNB_Meadow_Forest/Models/SM_Env_Rock_Ground_02.fbx,392,4d915432e82ea78655139b922405a9440eae63bbffdb58e401c2c40849ff0e31,
M0799,m_ba9a99f2dd365084988fa2fa914e1952,Група каміння · варіант 01,природа,кандидат,"Група каміння · варіант 01. Габарити джерела: 13.38 × 3.34 × 10.33 м (ширина × висота × глибина). Природний край, тло або малий акцент. Зберегти відкритий центр і прохід до галявини.",Assets/PolygonNatureBiomes/PNB_Meadow_Forest/Models/SM_Env_Rock_Pile_01.fbx,2204,efa861b9c53b93acce2960a44d3afe7cdc916c6b8e4957cd34c0a2f649fef4f2,
M0800,m_e4a21c53e2096b743b12f962c4e76ba2,Група каміння · варіант 02,природа,кандидат,"Група каміння · варіант 02. Габарити джерела: 8.78 × 2.60 × 7.42 м (ширина × висота × глибина). Природний край, тло або малий акцент. Зберегти відкритий центр і прохід до галявини.",Assets/PolygonNatureBiomes/PNB_Meadow_Forest/Models/SM_Env_Rock_Pile_02.fbx,968,9e29cc2af7c43371aa9563d1991da13b4aed939927d194f8455bb2672df1ba97,
M0801,m_6ddb6dfb44fd3df4bbcfbc6fd8ae6e2e,Група каміння · варіант 03,природа,кандидат,"Група каміння · варіант 03. Габарити джерела: 6.70 × 2.47 × 5.71 м (ширина × висота × глибина). Природний край, тло або малий акцент. Зберегти відкритий центр і прохід до галявини.",Assets/PolygonNatureBiomes/PNB_Meadow_Forest/Models/SM_Env_Rock_Pile_03.fbx,932,e8fee29aeb08956cb371fb067da8adddf68c322ada959a1f99f50aeb177c393a,
M0802,m_f69bee75d2babeb43a50b88ec0b989cd,Група каміння · варіант 04,природа,кандидат,"Група каміння · варіант 04. Габарити джерела: 6.15 × 1.80 × 4.63 м (ширина × висота × глибина). Природний край, тло або малий акцент. Зберегти відкритий центр і прохід до галявини.",Assets/PolygonNatureBiomes/PNB_Meadow_Forest/Models/SM_Env_Rock_Pile_04.fbx,638,28dfd19ae6dad9484c12bb83e191656fdb8d7acbfec29e846036d19bcb6a1a24,
M0803,m_adda3a291aa81654b99e5d42562a4ee1,Група каміння · варіант 05,природа,кандидат,"Група каміння · варіант 05. Габарити джерела: 4.80 × 2.93 × 3.64 м (ширина × висота × глибина). Природний край, тло або малий акцент. Зберегти відкритий центр і прохід до галявини.",Assets/PolygonNatureBiomes/PNB_Meadow_Forest/Models/SM_Env_Rock_Pile_05.fbx,622,b466df334c91957ff73ddf488590892ec97ec64b371637127217e121ad85a29c,
M0804,m_00c4f41824ff13f45a8812ef9853ceea,Група каміння · варіант 06,природа,кандидат,"Група каміння · варіант 06. Габарити джерела: 7.92 × 3.64 × 4.62 м (ширина × висота × глибина). Природний край, тло або малий акцент. Зберегти відкритий центр і прохід до галявини.",Assets/PolygonNatureBiomes/PNB_Meadow_Forest/Models/SM_Env_Rock_Pile_06.fbx,1118,2699290478c81ce5f17f8819f156d86af222cc6c407277c7785679f2f22b0e67,
M0805,m_6314b66500ef26848a4a78a399424e00,Група каміння · варіант 07,природа,кандидат,"Група каміння · варіант 07. Габарити джерела: 9.92 × 7.36 × 5.89 м (ширина × висота × глибина). Природний край, тло або малий акцент. Зберегти відкритий центр і прохід до галявини.",Assets/PolygonNatureBiomes/PNB_Meadow_Forest/Models/SM_Env_Rock_Pile_07.fbx,1792,d47f404c03ec058923187e5c3628724fb8a7d6c615a188fc987f06500b080662,
M0806,m_05396c1b920f79d49be6030c58252771,Гранчастий валун · варіант 01,природа,кандидат,"Гранчастий валун · варіант 01. Габарити джерела: 2.87 × 2.30 × 3.14 м (ширина × висота × глибина). Природний край, тло або малий акцент. Зберегти відкритий центр і прохід до галявини.",Assets/PolygonNatureBiomes/PNB_Meadow_Forest/Models/SM_Env_Rock_Round_01.fbx,182,f6b22adfe57bf4018057f9caaf4cf7da8b48d0d09d55da846985039cacc76b47,
M0807,m_ecc18c391bd3e374c8fac27f09d4c916,Гранчастий валун · варіант 01,природа,кандидат,"Гранчастий валун · варіант 01. Габарити джерела: 0.33 × 0.26 × 0.34 м (ширина × висота × глибина). Природний край, тло або малий акцент. Зберегти відкритий центр і прохід до галявини.",Assets/PolygonNatureBiomes/PNB_Meadow_Forest/Models/SM_Env_Rock_Small_01.fbx,28,ac6dfb9a9b1428d4be7759865bd2cd9cec2a09517df12aff2c2f07e6e95495f2,D01;D02;D03;D04;D05;D06;D07;D08;D09;D10;D11;D12
M0808,m_52b62d3c7aa933948b50dc08c740abcb,Група каміння · варіант 01,природа,кандидат,"Група каміння · варіант 01. Габарити джерела: 0.90 × 0.19 × 1.10 м (ширина × висота × глибина). Природний край, тло або малий акцент. Зберегти відкритий центр і прохід до галявини.",Assets/PolygonNatureBiomes/PNB_Meadow_Forest/Models/SM_Env_Rock_Small_Pile_01.fbx,168,d77204268453338ccf4909dc9027e78949667a2c195709f5a114ea02973c7f88,
M0809,m_30ba267272d421148a925d9576d24be4,Група каміння · варіант 02,природа,кандидат,"Група каміння · варіант 02. Габарити джерела: 0.75 × 0.21 × 0.61 м (ширина × висота × глибина). Природний край, тло або малий акцент. Зберегти відкритий центр і прохід до галявини.",Assets/PolygonNatureBiomes/PNB_Meadow_Forest/Models/SM_Env_Rock_Small_Pile_02.fbx,168,c05601ebb83a848447fe9004bfdac60577bebbf27774cd6e1e6ac87d076306be,
M0810,m_fb9322e8d9afbfd4e866ced735c67405,Соняшник · варіант 01,природа,кандидат,"Соняшник · варіант 01. Габарити джерела: 0.79 × 1.65 × 0.80 м (ширина × висота × глибина). Природний край, тло або малий акцент. Зберегти відкритий центр і прохід до галявини.",Assets/PolygonNatureBiomes/PNB_Meadow_Forest/Models/SM_Env_Sunflower_01.fbx,2802,cf7be5b738f7e545294c13574d4b1999b58523cfc92fa478d3893cb101b2b41c,D03
M0811,m_60b800de2a1ea8946ae7a4459f77df5e,Береза · варіант 01,природа,кандидат,"Береза · варіант 01. Габарити джерела: 5.07 × 10.56 × 5.23 м (ширина × висота × глибина). Природний край, тло або малий акцент. Зберегти відкритий центр і прохід до галявини.",Assets/PolygonNatureBiomes/PNB_Meadow_Forest/Models/SM_Env_Tree_Birch_01.fbx,19776,b890fde59c37a5c64231e9910870b56148a50f2abe43865dc2e53051fed9130b,
M0812,m_d02afc6bc2148dd4a9e7d81b46df4b06,Береза · варіант 02,природа,кандидат,"Береза · варіант 02. Габарити джерела: 5.50 × 9.86 × 5.10 м (ширина × висота × глибина). Природний край, тло або малий акцент. Зберегти відкритий центр і прохід до галявини.",Assets/PolygonNatureBiomes/PNB_Meadow_Forest/Models/SM_Env_Tree_Birch_02.fbx,20237,2c2a4fcbb94de171a877f3d62b887650d5bf4db91c2ffa577c9635a3fa631f0e,
M0813,m_8716d682237b73641990a60363aedc25,Береза · варіант 03,природа,кандидат,"Береза · варіант 03. Габарити джерела: 3.05 × 5.23 × 2.37 м (ширина × висота × глибина). Природний край, тло або малий акцент. Зберегти відкритий центр і прохід до галявини.",Assets/PolygonNatureBiomes/PNB_Meadow_Forest/Models/SM_Env_Tree_Birch_03.fbx,5049,cbcd2bca896ece4acd1d4952d97ab351264dce614ffe2cb68e1987af29e5fa55,D05;D10
M0814,m_4e8aaaaf188060f48bc35472a587077f,Плодове дерево · варіант 01,природа,кандидат,"Плодове дерево · варіант 01. Габарити джерела: 5.31 × 6.15 × 5.27 м (ширина × висота × глибина). Природний край, тло або малий акцент. Зберегти відкритий центр і прохід до галявини.",Assets/PolygonNatureBiomes/PNB_Meadow_Forest/Models/SM_Env_Tree_Fruit_01.fbx,11576,68ee5cab25ef729eccc4c67b163216c83689cc4f28cab49cc7bae7bdf635a78b,
M0815,m_46aaa9e6190b79e448660714c13fce55,Окремі плоди для садового дерева · варіант 01,природа,кандидат,"Окремі плоди для садового дерева · варіант 01. Габарити джерела: 4.56 × 2.52 × 4.49 м (ширина × висота × глибина). Природний край, тло або малий акцент. Зберегти відкритий центр і прохід до галявини.",Assets/PolygonNatureBiomes/PNB_Meadow_Forest/Models/SM_Env_Tree_Fruit_01_Fruit_01.fbx,870,207e2b9f38481c397c706b37adf751a7933aa00142e7ef269d5a3e5b36eede2d,
M0816,m_e3cacad98fbea27469bc631a4edada6d,Плодове дерево · варіант 02,природа,кандидат,"Плодове дерево · варіант 02. Габарити джерела: 4.65 × 5.76 × 4.70 м (ширина × висота × глибина). Природний край, тло або малий акцент. Зберегти відкритий центр і прохід до галявини.",Assets/PolygonNatureBiomes/PNB_Meadow_Forest/Models/SM_Env_Tree_Fruit_02.fbx,9808,b90d1132e42583a90d14a14532932127f5090cfd64c402442e6e19c753d9ad3c,D01;D02;D03;D04;D07;D08;D12
M0817,m_60c2fa501544e6a47ab77906245d80db,Плодове дерево · варіант 03,природа,кандидат,"Плодове дерево · варіант 03. Габарити джерела: 3.96 × 4.66 × 4.30 м (ширина × висота × глибина). Природний край, тло або малий акцент. Зберегти відкритий центр і прохід до галявини.",Assets/PolygonNatureBiomes/PNB_Meadow_Forest/Models/SM_Env_Tree_Fruit_03.fbx,9447,88f481297ea8994d907cf934c24f95f712970040e04634189029106835251fd2,
M0818,m_d3aabde52cac58e4492b50752c6278cf,Лугове листяне дерево · варіант 01,природа,потребує LOD,"Лугове листяне дерево · варіант 01. Габарити джерела: 17.20 × 15.18 × 17.87 м (ширина × висота × глибина). Source root містить густу геометрію та/або всі LOD. Для roadmap вибрати одну легку деталізацію, перевірити силует у малому масштабі.",Assets/PolygonNatureBiomes/PNB_Meadow_Forest/Models/SM_Env_Tree_Meadow_01.fbx,44552,093d532e9b783088fd4cee3ddf0c6788f4dca65963e271e5bc07f25450747f35,
M0819,m_d2701d8c778596b4e8e12273bb231a53,Лугове листяне дерево · варіант 02,природа,кандидат,"Лугове листяне дерево · варіант 02. Габарити джерела: 8.99 × 8.94 × 10.14 м (ширина × висота × глибина). Природний край, тло або малий акцент. Зберегти відкритий центр і прохід до галявини.",Assets/PolygonNatureBiomes/PNB_Meadow_Forest/Models/SM_Env_Tree_Meadow_02.fbx,21848,7b75bb260da7f02674c81b79c5608dd9249fe883543df39c5934b0d62585a9f4,
M0820,m_470e0b57cd32e6d469848c020bba7a98,Водна поверхня · варіант 01,помилка матеріалу,блоковано,Водна поверхня · варіант 01. Габарити джерела: 5.00 × 0.10 × 10.00 м (ширина × висота × глибина). Рожевий native render; виправити shader і повторити огляд перед використанням.,Assets/PolygonNatureBiomes/PNB_Meadow_Forest/Models/SM_Env_Water_Plane_01.fbx,400,a2613c33b0689015f95d93cfd9d87dc1ae2af7ca1add9e1dc1322bc0f16a1781,
M0821,m_65b952eae7ce10949be7dadf43a46971,Польові квіти · варіант 01,природа,кандидат,"Польові квіти · варіант 01. Габарити джерела: 0.74 × 0.70 × 0.69 м (ширина × висота × глибина). Природний край, тло або малий акцент. Зберегти відкритий центр і прохід до галявини.",Assets/PolygonNatureBiomes/PNB_Meadow_Forest/Models/SM_Env_Wildflowers_01.fbx,2738,be4fd1c05cd5a74eaa2c347c347e97a5a3cf61cd7351e58ad5650dcb847da655,D01;D02;D03;D04;D06;D07;D08;D12
M0822,m_50b46edc962edfc4082cc1a47c6c2904,Польові квіти · варіант 02,природа,кандидат,"Польові квіти · варіант 02. Габарити джерела: 0.79 × 0.70 × 0.72 м (ширина × висота × глибина). Природний край, тло або малий акцент. Зберегти відкритий центр і прохід до галявини.",Assets/PolygonNatureBiomes/PNB_Meadow_Forest/Models/SM_Env_Wildflowers_02.fbx,3231,4797d8303398a6f66b25c30033a12603629eb962e643229f07b2a0531f433f2e,
M0823,m_9eb8c7434d3a3d7448c3c87b1e9b2677,Польові квіти · варіант 03,природа,кандидат,"Польові квіти · варіант 03. Габарити джерела: 0.79 × 0.70 × 0.74 м (ширина × висота × глибина). Природний край, тло або малий акцент. Зберегти відкритий центр і прохід до галявини.",Assets/PolygonNatureBiomes/PNB_Meadow_Forest/Models/SM_Env_Wildflowers_03.fbx,4382,aa70bf7d57ec3dda52b74b35e89e33e874f336fefd51829281a21c78135dfcfe,
M0824,m_36b688452b3e4d948bb0b9e6f7321737,Велике поле польових квітів · варіант 01,природа,потребує LOD,"Велике поле польових квітів · варіант 01. Габарити джерела: 17.80 × 0.70 × 18.52 м (ширина × висота × глибина). Source root містить густу геометрію та/або всі LOD. Для roadmap вибрати одну легку деталізацію, перевірити силует у малому масштабі.",Assets/PolygonNatureBiomes/PNB_Meadow_Forest/Models/SM_Env_Wildflowers_Patch_01.fbx,135100,f570ddebdbcb04002a527521b2b59480b310bf59b5fdb3fb178491c7683c6f22,
M0825,m_be08f1f5d0662cd4da4647237b9161cf,Велике поле польових квітів · варіант 02,природа,потребує LOD,"Велике поле польових квітів · варіант 02. Габарити джерела: 17.81 × 0.70 × 18.73 м (ширина × висота × глибина). Source root містить густу геометрію та/або всі LOD. Для roadmap вибрати одну легку деталізацію, перевірити силует у малому масштабі.",Assets/PolygonNatureBiomes/PNB_Meadow_Forest/Models/SM_Env_Wildflowers_Patch_02.fbx,178374,e7aef153ec7c3597139b1b50ba54ee2acb11b982c7af35348585cdb634071469,
M0826,m_429a2e9b1de952a48bbeeb8461ce8d2a,Велике поле польових квітів · варіант 03,природа,потребує LOD,"Велике поле польових квітів · варіант 03. Габарити джерела: 18.39 × 0.70 × 18.60 м (ширина × висота × глибина). Source root містить густу геометрію та/або всі LOD. Для roadmap вибрати одну легку деталізацію, перевірити силует у малому масштабі.",Assets/PolygonNatureBiomes/PNB_Meadow_Forest/Models/SM_Env_Wildflowers_Patch_03.fbx,211338,f81850598f3a5756e343974279fd154f74aadbb11e3a2582b2df4f84357447b6,
M0827,m_c0b8735cd1ee40d4c8406d39cf56238a,Будинок · варіант 01,побут / туризм,кандидат,Будинок · варіант 01. Габарити джерела: 0.62 × 0.86 × 0.62 м (ширина × висота × глибина). Один-два побутові акценти біля краю галявини; огорожі/настили мають власника й реальний підхід.,Assets/PolygonNatureBiomes/PNB_Meadow_Forest/Models/SM_Prop_Birdhouse_01.fbx,615,75c9230a7da58626e6bb29bdef77f1171d336d74a231bf4f15db9a8db97c5592,
M0828,m_006e96e0ce0005042b540ed4c1dcdcba,Будинок · варіант 02,побут / туризм,кандидат,Будинок · варіант 02. Габарити джерела: 0.53 × 1.33 × 0.73 м (ширина × висота × глибина). Один-два побутові акценти біля краю галявини; огорожі/настили мають власника й реальний підхід.,Assets/PolygonNatureBiomes/PNB_Meadow_Forest/Models/SM_Prop_Birdhouse_02.fbx,522,223b7b77811f77b414c00f31d301c0638f7607abd39a0ca164b5950b567e0465,
M0829,m_f7c339fc273e906428852356fabee0bf,Міст · варіант 01,побут / туризм,кандидат,Міст · варіант 01. Габарити джерела: 3.11 × 6.56 × 10.00 м (ширина × висота × глибина). Один-два побутові акценти біля краю галявини; огорожі/настили мають власника й реальний підхід.,Assets/PolygonNatureBiomes/PNB_Meadow_Forest/Models/SM_Prop_Bridge_01.fbx,1904,8f8baa2398e613b80d0dbe1ae0863bc84e910290127fba2f571fd1b6c0de9ec8,
M0830,m_dce70d8ea7fdfdb499880e804821cff6,Відро · варіант 01,побут / туризм,кандидат,Відро · варіант 01. Габарити джерела: 0.53 × 0.20 × 0.54 м (ширина × висота × глибина). Один-два побутові акценти біля краю галявини; огорожі/настили мають власника й реальний підхід.,Assets/PolygonNatureBiomes/PNB_Meadow_Forest/Models/SM_Prop_Camp_Bucket_01.fbx,158,2ee18b5ad08659e95919d6607f472437f24368882ec47963438e46c766a44d12,
M0831,m_609b546b2ad2a1145a241da7ae691366,Відро · варіант 02,побут / туризм,кандидат,Відро · варіант 02. Габарити джерела: 0.29 × 0.20 × 0.29 м (ширина × висота × глибина). Один-два побутові акценти біля краю галявини; огорожі/настили мають власника й реальний підхід.,Assets/PolygonNatureBiomes/PNB_Meadow_Forest/Models/SM_Prop_Camp_Bucket_02.fbx,140,120d8d0e02d8918a23871fd4a1825efe96d2f83503556c4972c5ddb251d491c2,
M0832,m_39ef728212264b44199ac7e0d103a965,Посудина · варіант 01,побут / туризм,кандидат,Посудина · варіант 01. Габарити джерела: 0.16 × 0.20 × 0.16 м (ширина × висота × глибина). Один-два побутові акценти біля краю галявини; огорожі/настили мають власника й реальний підхід.,Assets/PolygonNatureBiomes/PNB_Meadow_Forest/Models/SM_Prop_Camp_Can_01.fbx,146,ed03d3236ccf8b630fdc7b7e2018e1c3342b8788f9fa4d94556f66d93068d945,
M0833,m_873bef44444c71a4d92dab7b4d16e622,Посудина · варіант 02,побут / туризм,кандидат,Посудина · варіант 02. Габарити джерела: 0.25 × 0.24 × 0.16 м (ширина × висота × глибина). Один-два побутові акценти біля краю галявини; огорожі/настили мають власника й реальний підхід.,Assets/PolygonNatureBiomes/PNB_Meadow_Forest/Models/SM_Prop_Camp_Can_02.fbx,184,de22993ad82a54fe2c0fc3815830dd356bb443a90b48ee9db7430d167426c1a8,
M0834,m_f82f198572a6eb541ba06d2a7551b50e,Дерев’яний ящик · варіант 01,побут / туризм,кандидат,Дерев’яний ящик · варіант 01. Габарити джерела: 0.55 × 0.54 × 0.80 м (ширина × висота × глибина). Один-два побутові акценти біля краю галявини; огорожі/настили мають власника й реальний підхід.,Assets/PolygonNatureBiomes/PNB_Meadow_Forest/Models/SM_Prop_Camp_Crate_01.fbx,568,ff9d6d5e01ba2677ec0c4c830f7079e194bedc6ff7e8269feb1c26496927f664,D06
M0835,m_a923056539931bd43b21a8e6ec041493,Кострище або казанок · варіант 01,побут / туризм,кандидат,Кострище або казанок · варіант 01. Габарити джерела: 1.09 × 1.67 × 1.00 м (ширина × висота × глибина). Один-два побутові акценти біля краю галявини; огорожі/настили мають власника й реальний підхід.,Assets/PolygonNatureBiomes/PNB_Meadow_Forest/Models/SM_Prop_Camp_Fire_Tripod_01.fbx,540,22feca7c991df7675b5393dadfbccdbbd56fec8bfce33f61968d66d8b2259775,
M0836,m_ff530cef0dbcacd45b471db58fe133e1,Кострище або казанок · варіант 01,побут / туризм,кандидат,Кострище або казанок · варіант 01. Габарити джерела: 0.84 × 0.38 × 0.80 м (ширина × висота × глибина). Один-два побутові акценти біля краю галявини; огорожі/настили мають власника й реальний підхід.,Assets/PolygonNatureBiomes/PNB_Meadow_Forest/Models/SM_Prop_Camp_Fireplace_01.fbx,326,8ce6349d181a199bd0320add9f0e3482eec0ab908f2af6ff0fec80bde788d2cd,
M0837,m_2b5d82b4950d6024484b4cb1cd4d8a96,Кострище або казанок · варіант 02,побут / туризм,кандидат,Кострище або казанок · варіант 02. Габарити джерела: 0.84 × 0.38 × 0.80 м (ширина × висота × глибина). Один-два побутові акценти біля краю галявини; огорожі/настили мають власника й реальний підхід.,Assets/PolygonNatureBiomes/PNB_Meadow_Forest/Models/SM_Prop_Camp_Fireplace_02.fbx,326,142b227fe44afc1dcf5b746918fcd1121cc5e6e050274a8a4d5383e28f022eb4,
M0838,m_1ed043d7895ff9c42b52c81fa655d99f,Кострище або казанок · варіант 01,побут / туризм,кандидат,Кострище або казанок · варіант 01. Габарити джерела: 1.19 × 0.22 × 1.17 м (ширина × висота × глибина). Один-два побутові акценти біля краю галявини; огорожі/настили мають власника й реальний підхід.,Assets/PolygonNatureBiomes/PNB_Meadow_Forest/Models/SM_Prop_Camp_Fireplace_Stones_01.fbx,336,9839a80e19636791d6c9bc787bc2a8f14f0110a9316c132afed1a5ed0316e48a,
M0839,m_c31258417e0afd340a14607ddd63f399,Мішечок · варіант 01,побут / туризм,кандидат,Мішечок · варіант 01. Габарити джерела: 0.22 × 0.27 × 0.23 м (ширина × висота × глибина). Один-два побутові акценти біля краю галявини; огорожі/настили мають власника й реальний підхід.,Assets/PolygonNatureBiomes/PNB_Meadow_Forest/Models/SM_Prop_Camp_Pouch_01.fbx,100,287871911da93f4296b295f8570892c494750204d43aba2d1e3ad73ea911cde3,
M0840,m_9bdde5843d3f965449edcf5956b5b70a,Рама зі шкурою · варіант 01,побут / туризм,кандидат,Рама зі шкурою · варіант 01. Габарити джерела: 1.99 × 1.93 × 1.07 м (ширина × висота × глибина). Один-два побутові акценти біля краю галявини; огорожі/настили мають власника й реальний підхід.,Assets/PolygonNatureBiomes/PNB_Meadow_Forest/Models/SM_Prop_Camp_Tanning_Rack_01.fbx,1158,cbf41c85969ff52b449f5258abcbdedee588f81a8f515ac8184244d60f72b9b0,
M0841,m_43388087c44027e4b97f6d66e4469d24,Намет · варіант 01,побут / туризм,кандидат,Намет · варіант 01. Габарити джерела: 2.00 × 1.52 × 2.68 м (ширина × висота × глибина). Один-два побутові акценти біля краю галявини; огорожі/настили мають власника й реальний підхід.,Assets/PolygonNatureBiomes/PNB_Meadow_Forest/Models/SM_Prop_Camp_Tent_01.fbx,722,66ce17e21bbcdd4bbd520c54ccc891dd2721a0e168b5e4b0fdf29a324c19e519,
M0842,m_20720fd436010a94e8cb2c5b91ac5265,Дерев’яна огорожа або ворітця · варіант 01,побут / туризм,кандидат,Дерев’яна огорожа або ворітця · варіант 01. Габарити джерела: 1.52 × 1.30 × 0.20 м (ширина × висота × глибина). Один-два побутові акценти біля краю галявини; огорожі/настили мають власника й реальний підхід.,Assets/PolygonNatureBiomes/PNB_Meadow_Forest/Models/SM_Prop_Gate_Small_01.fbx,537,fdc8f2139474bf2fd4467c454afa61ca1200bbad0fcbdc45f01e7b786445a02d,
M0843,m_5c68e237753d2914eb87dce651000cff,Візок · варіант 01,побут / туризм,кандидат,Візок · варіант 01. Габарити джерела: 1.88 × 1.51 × 2.75 м (ширина × висота × глибина). Один-два побутові акценти біля краю галявини; огорожі/настили мають власника й реальний підхід.,Assets/PolygonNatureBiomes/PNB_Meadow_Forest/Models/SM_Prop_HandCart_01.fbx,2670,0e67269d81a854f7cc37a04555c258d1e07648f2b995de4044a497197ddf16ac,D02;D03;D09
M0844,m_8b552b1c09279ee4dba146f2512f84f0,Конов’язь · варіант 01,додатковий реквізит,резерв,Конов’язь · варіант 01. Габарити джерела: 2.53 × 1.20 × 0.23 м (ширина × висота × глибина). Зберегти для окремого контексту після затвердження основних 12 композицій.,Assets/PolygonNatureBiomes/PNB_Meadow_Forest/Models/SM_Prop_HorseHitch_01.fbx,590,266b4ea49aa7d3dd952b507ac1b5fab97252eb30962605ebff2175b0ac740fd5,
M0845,m_016e5937c991a3642b6737c51c5a3162,Повітряний змій · варіант 01,додатковий реквізит,резерв,Повітряний змій · варіант 01. Габарити джерела: 0.82 × 15.43 × 0.12 м (ширина × висота × глибина). Зберегти для окремого контексту після затвердження основних 12 композицій.,Assets/PolygonNatureBiomes/PNB_Meadow_Forest/Models/SM_Prop_Kite_01.fbx,194,f093ef4fcc7476e229b570b58194bcad8cf84c24f3a95509fed1191b333636bb,
M0846,m_32415cbe86895424eb3766e43bc117a1,Повітряний змій · варіант 02,додатковий реквізит,резерв,Повітряний змій · варіант 02. Габарити джерела: 1.45 × 16.42 × 0.95 м (ширина × висота × глибина). Зберегти для окремого контексту після затвердження основних 12 композицій.,Assets/PolygonNatureBiomes/PNB_Meadow_Forest/Models/SM_Prop_Kite_02.fbx,827,605cb70626a171b7ae91372b7421bc795ee01ac5e07e68cf878c7df4e276e9ba,
M0847,m_fe33c19721c46834882a943948d1a453,Повітряний змій · варіант 03,додатковий реквізит,резерв,Повітряний змій · варіант 03. Габарити джерела: 2.47 × 15.24 × 1.12 м (ширина × висота × глибина). Зберегти для окремого контексту після затвердження основних 12 композицій.,Assets/PolygonNatureBiomes/PNB_Meadow_Forest/Models/SM_Prop_Kite_03.fbx,754,72b1486595aacb166ae2f7020b702c8539fc13fe9ccc1ba60866f60963e38666,
M0848,m_64ac43fa38c08cc4eac907b45bec9fb0,Осіння гілка · варіант 01,природа,кандидат,"Осіння гілка · варіант 01. Габарити джерела: 0.40 × 0.19 × 1.43 м (ширина × висота × глибина). Природний край, тло або малий акцент. Зберегти відкритий центр і прохід до галявини.",Assets/PolygonNatureBiomes/PNB_Meadow_Forest/Models/SM_Prop_Leaves_Branch_01.fbx,204,2091d7def8326f19fa758a2fb1b8a846f62982e6296ab1bbadcb0a685a28e15a,
M0849,m_b53302b872cbe57409e52e8b25636d1e,Опале листя · варіант 01,природа,кандидат,"Опале листя · варіант 01. Габарити джерела: 1.94 × 0.12 × 2.77 м (ширина × висота × глибина). Природний край, тло або малий акцент. Зберегти відкритий центр і прохід до галявини.",Assets/PolygonNatureBiomes/PNB_Meadow_Forest/Models/SM_Prop_Leaves_Pile_01.fbx,355,08469ef493cce78acc7666707b7638cb19de15802c435f350da5b9ad814100f6,
M0850,m_c48c9dc65767e2b47ae40aae74427c81,Опале листя · варіант 02,природа,кандидат,"Опале листя · варіант 02. Габарити джерела: 1.51 × 0.10 × 1.24 м (ширина × висота × глибина). Природний край, тло або малий акцент. Зберегти відкритий центр і прохід до галявини.",Assets/PolygonNatureBiomes/PNB_Meadow_Forest/Models/SM_Prop_Leaves_Pile_02.fbx,285,623cce3d18624d320794020a7e9d06fcdccd61ef17ddd64f14eed54c02f01b55,
M0851,m_6778eaf6ee69ccd48b46f80dbb5151a9,Дерев’яна огорожа або ворітця · варіант 01,побут / туризм,кандидат,Дерев’яна огорожа або ворітця · варіант 01. Габарити джерела: 2.59 × 1.57 × 0.19 м (ширина × висота × глибина). Один-два побутові акценти біля краю галявини; огорожі/настили мають власника й реальний підхід.,Assets/PolygonNatureBiomes/PNB_Meadow_Forest/Models/SM_Prop_Meadow_Fence_01.fbx,238,bd571fb6599644ef83b008b5f9c2320c7e9827ef5875f76eb7588c0c65044a19,
M0852,m_fd8b00fa0c9130642bb34b5517ed7cd9,Дерев’яна огорожа або ворітця · варіант 02,побут / туризм,кандидат,Дерев’яна огорожа або ворітця · варіант 02. Габарити джерела: 1.36 × 1.52 × 0.20 м (ширина × висота × глибина). Один-два побутові акценти біля краю галявини; огорожі/настили мають власника й реальний підхід.,Assets/PolygonNatureBiomes/PNB_Meadow_Forest/Models/SM_Prop_Meadow_Fence_02.fbx,202,b772f1be34af6131837548ab52dc5926d7b4baf335099f1030346db22379c5e2,
M0853,m_ae369c07e7ed7444a983248cd2b0e02a,Дерев’яна огорожа або ворітця · варіант 03,побут / туризм,кандидат,Дерев’яна огорожа або ворітця · варіант 03. Габарити джерела: 2.68 × 1.52 × 0.21 м (ширина × висота × глибина). Один-два побутові акценти біля краю галявини; огорожі/настили мають власника й реальний підхід.,Assets/PolygonNatureBiomes/PNB_Meadow_Forest/Models/SM_Prop_Meadow_Fence_03.fbx,308,ba1177d330da66c0a2ca207c631fb33910f970b04a1f585ddaff2740bb8be9ba,
M0854,m_3ebe7bd6fbecb4c4ba8a2551fd0f9694,Дерев’яна огорожа або ворітця · варіант 04,побут / туризм,кандидат,Дерев’яна огорожа або ворітця · варіант 04. Габарити джерела: 1.46 × 1.52 × 0.21 м (ширина × висота × глибина). Один-два побутові акценти біля краю галявини; огорожі/настили мають власника й реальний підхід.,Assets/PolygonNatureBiomes/PNB_Meadow_Forest/Models/SM_Prop_Meadow_Fence_04.fbx,276,4277123a50f31bb0884a8df6173e67347ff556f4286c897037a8b7d49f5b5584,
M0855,m_02b07b77942f31b498b2bc42eea96b20,Дерев’яна огорожа або ворітця · варіант 05,побут / туризм,кандидат,Дерев’яна огорожа або ворітця · варіант 05. Габарити джерела: 2.52 × 1.51 × 0.40 м (ширина × висота × глибина). Один-два побутові акценти біля краю галявини; огорожі/настили мають власника й реальний підхід.,Assets/PolygonNatureBiomes/PNB_Meadow_Forest/Models/SM_Prop_Meadow_Fence_05.fbx,244,9a9b3e65dc7681333efd49d1bcd0be3076230112e597f6b9b29b95c914eaac17,
M0856,m_cb5f006e6c4a4ac48b83232e2e4c9970,Дерев’яна огорожа або ворітця · варіант 06,побут / туризм,кандидат,Дерев’яна огорожа або ворітця · варіант 06. Габарити джерела: 2.54 × 1.54 × 0.46 м (ширина × висота × глибина). Один-два побутові акценти біля краю галявини; огорожі/настили мають власника й реальний підхід.,Assets/PolygonNatureBiomes/PNB_Meadow_Forest/Models/SM_Prop_Meadow_Fence_06.fbx,242,845f74c15f52d12f38c89e6809edb2990d18671d85ef24c8221affc9f7ce7675,
M0857,m_c217dcc42b16db04cac05dea83941ce8,Дерев’яна огорожа або ворітця · варіант 07,побут / туризм,кандидат,Дерев’яна огорожа або ворітця · варіант 07. Габарити джерела: 2.66 × 1.51 × 0.92 м (ширина × висота × глибина). Один-два побутові акценти біля краю галявини; огорожі/настили мають власника й реальний підхід.,Assets/PolygonNatureBiomes/PNB_Meadow_Forest/Models/SM_Prop_Meadow_Fence_07.fbx,312,cba159128fedfb21ab3f51a762011ce6e648d2872e0c8735ae447cb25a7d4dc7,
M0858,m_1785871d7eaf1ec4c86a408866be11d6,Дерев’яна огорожа або ворітця · варіант 01,побут / туризм,кандидат,Дерев’яна огорожа або ворітця · варіант 01. Габарити джерела: 2.27 × 1.28 × 0.16 м (ширина × висота × глибина). Один-два побутові акценти біля краю галявини; огорожі/настили мають власника й реальний підхід.,Assets/PolygonNatureBiomes/PNB_Meadow_Forest/Models/SM_Prop_Meadow_Fence_Gate_01.fbx,590,e003b79b15317ecaffab7f63f00fa90d37dbf812c859a7e37b4bb6a39035d8e8,
M0859,m_a4c0fd5f30146254bbbf102a3546d81b,Дерев’яна огорожа або ворітця · варіант 02,побут / туризм,кандидат,Дерев’яна огорожа або ворітця · варіант 02. Габарити джерела: 1.01 × 1.21 × 0.16 м (ширина × висота × глибина). Один-два побутові акценти біля краю галявини; огорожі/настили мають власника й реальний підхід.,Assets/PolygonNatureBiomes/PNB_Meadow_Forest/Models/SM_Prop_Meadow_Fence_Gate_02.fbx,329,886c8456f3b5eec2afbcdd50e91e77c2937fc787de185c1cc2ae65e98444fe35,
M0860,m_52f94ce470cc3094fba6bdc47ee91245,Дерев’яна огорожа або ворітця · варіант 01,побут / туризм,кандидат,Дерев’яна огорожа або ворітця · варіант 01. Габарити джерела: 2.69 × 1.54 × 0.24 м (ширина × висота × глибина). Один-два побутові акценти біля краю галявини; огорожі/настили мають власника й реальний підхід.,Assets/PolygonNatureBiomes/PNB_Meadow_Forest/Models/SM_Prop_Meadow_Fence_Gate_Set_01.fbx,888,9d856fac71d7a2f3f1805cadbab8d0dd968d531ca6c2d0fb0563a5d6041c6991,
M0861,m_3cf2630443cfc514a98ac7ff65f8598c,Дерев’яна огорожа або ворітця · варіант 02,побут / туризм,кандидат,Дерев’яна огорожа або ворітця · варіант 02. Габарити джерела: 1.44 × 1.54 × 0.24 м (ширина × висота × глибина). Один-два побутові акценти біля краю галявини; огорожі/настили мають власника й реальний підхід.,Assets/PolygonNatureBiomes/PNB_Meadow_Forest/Models/SM_Prop_Meadow_Fence_Gate_Set_02.fbx,627,ffc2a3da8e42d5e8a48cd58df3e0e613fac95480bf403ee52678db387f96e891,
M0862,m_a349754f23d4347468467f1bbad05f7f,Дерев’яна огорожа або ворітця · варіант 01,побут / туризм,кандидат,Дерев’яна огорожа або ворітця · варіант 01. Габарити джерела: 0.21 × 1.51 × 0.20 м (ширина × висота × глибина). Один-два побутові акценти біля краю галявини; огорожі/настили мають власника й реальний підхід.,Assets/PolygonNatureBiomes/PNB_Meadow_Forest/Models/SM_Prop_Meadow_Fence_Post_01.fbx,74,60de24f33ee915a4a1dca0d8fe001fb2538ded0671bf7a520ccaccadf97358c1,
M0863,m_ba865902be5a1f841ae9fef009a55943,Дерев’яна огорожа або ворітця · варіант 02,побут / туризм,кандидат,Дерев’яна огорожа або ворітця · варіант 02. Габарити джерела: 0.23 × 1.51 × 0.19 м (ширина × висота × глибина). Один-два побутові акценти біля краю галявини; огорожі/настили мають власника й реальний підхід.,Assets/PolygonNatureBiomes/PNB_Meadow_Forest/Models/SM_Prop_Meadow_Fence_Post_02.fbx,132,b39fcb3b31cf61e9f7df2ad7e55f5d94efbb3250c7be2eddb24071c47ac77f34,
M0864,m_1b4942b7b356e2b4097f7622f79ca181,Дерев’яна огорожа або ворітця · варіант 03,побут / туризм,кандидат,Дерев’яна огорожа або ворітця · варіант 03. Габарити джерела: 0.34 × 1.54 × 0.24 м (ширина × висота × глибина). Один-два побутові акценти біля краю галявини; огорожі/настили мають власника й реальний підхід.,Assets/PolygonNatureBiomes/PNB_Meadow_Forest/Models/SM_Prop_Meadow_Fence_Post_03.fbx,166,dfa29fb9a882d69fa7c1de38c1337f58d4381d526a4591cfbe16cc95faf69e4c,
M0865,m_d88bb5accdbc3654cbb986b071313506,Дерев’яна огорожа або ворітця · варіант 01,побут / туризм,кандидат,Дерев’яна огорожа або ворітця · варіант 01. Габарити джерела: 2.38 × 0.14 × 0.12 м (ширина × висота × глибина). Один-два побутові акценти біля краю галявини; огорожі/настили мають власника й реальний підхід.,Assets/PolygonNatureBiomes/PNB_Meadow_Forest/Models/SM_Prop_Meadow_Fence_Railing_01.fbx,46,7ca4ab2209fbeb9bd2eadf29846bc577a23dd18d647b4ff56798e4e04b38e6fd,
M0866,m_ff5bcf63b0d2ee64cb1d932f2f2e9324,Казковий будиночок-гриб · варіант 01,фантазійне,резерв,Казковий будиночок-гриб · варіант 01. Габарити джерела: 0.38 × 0.59 × 0.39 м (ширина × висота × глибина). Не відповідає першому побутовому українському набору.,Assets/PolygonNatureBiomes/PNB_Meadow_Forest/Models/SM_Prop_MushroomHouse_01.fbx,1081,a19a87650925444b72b68a9721002be8effd469af7e451809f40a929b788f714,
M0867,m_20b920787bb3eaf488ef6e03a8a629a3,Казковий будиночок-гриб · варіант 02,фантазійне,резерв,Казковий будиночок-гриб · варіант 02. Габарити джерела: 0.43 × 0.48 × 0.40 м (ширина × висота × глибина). Не відповідає першому побутовому українському набору.,Assets/PolygonNatureBiomes/PNB_Meadow_Forest/Models/SM_Prop_MushroomHouse_02.fbx,977,9047c23a0a37416c0f50a8599097e1813e4fcf8df24f2515bc9cf77359a6e48c,
M0868,m_fc7c8173e269cbe4dbc0f76e8f9e1c84,Лісовий гриб · варіант 01,природа,кандидат,"Лісовий гриб · варіант 01. Габарити джерела: 0.07 × 0.27 × 0.06 м (ширина × висота × глибина). Природний край, тло або малий акцент. Зберегти відкритий центр і прохід до галявини.",Assets/PolygonNatureBiomes/PNB_Meadow_Forest/Models/SM_Prop_Mushroom_01.fbx,70,ceb190ea94b3c0ed94deca6300501f881d48619486619cf1e18f8d09838c4579,
M0869,m_daae1f85846bd444281ed75755536f6f,Лісовий гриб · варіант 02,природа,кандидат,"Лісовий гриб · варіант 02. Габарити джерела: 0.17 × 0.21 × 0.14 м (ширина × висота × глибина). Природний край, тло або малий акцент. Зберегти відкритий центр і прохід до галявини.",Assets/PolygonNatureBiomes/PNB_Meadow_Forest/Models/SM_Prop_Mushroom_02.fbx,54,7c7f7c778b6cb6d4c8b10eaf2e507eef00da1621fd428b5ccc81c9d6bfcf1d0e,
M0870,m_ca471ea0953c8104bb42bfd9dd63af54,Лісовий гриб · варіант 03,природа,кандидат,"Лісовий гриб · варіант 03. Габарити джерела: 0.11 × 0.21 × 0.09 м (ширина × висота × глибина). Природний край, тло або малий акцент. Зберегти відкритий центр і прохід до галявини.",Assets/PolygonNatureBiomes/PNB_Meadow_Forest/Models/SM_Prop_Mushroom_03.fbx,60,bfebc9b8eabb07279824b327ff6eadd872b5c7b3ddf54d10194c4aaeff12fb36,
M0871,m_5849dad3eb1c2244e98b0bd4be6c0161,Лісовий гриб · варіант 04,природа,кандидат,"Лісовий гриб · варіант 04. Габарити джерела: 0.09 × 0.15 × 0.08 м (ширина × висота × глибина). Природний край, тло або малий акцент. Зберегти відкритий центр і прохід до галявини.",Assets/PolygonNatureBiomes/PNB_Meadow_Forest/Models/SM_Prop_Mushroom_04.fbx,70,35c7ebc6f748f2abddc7f6c5b04a1d539faf0b1bc7f9311649eaaf822fb9a304,
M0872,m_5fee53319e302a147a5407c961f0eb11,Лісовий гриб · варіант 05,природа,кандидат,"Лісовий гриб · варіант 05. Габарити джерела: 0.20 × 0.20 × 0.20 м (ширина × висота × глибина). Природний край, тло або малий акцент. Зберегти відкритий центр і прохід до галявини.",Assets/PolygonNatureBiomes/PNB_Meadow_Forest/Models/SM_Prop_Mushroom_05.fbx,316,8b28426dd518ecae3875206819faa0f9b3bdaea5412cd7b9cae95a5a5cefc09c,
M0873,m_b0ef4d839151847409977fb7024622c4,Лісовий гриб · варіант 06,природа,кандидат,"Лісовий гриб · варіант 06. Габарити джерела: 0.13 × 0.20 × 0.13 м (ширина × висота × глибина). Природний край, тло або малий акцент. Зберегти відкритий центр і прохід до галявини.",Assets/PolygonNatureBiomes/PNB_Meadow_Forest/Models/SM_Prop_Mushroom_06.fbx,236,f2e7a2d4b31e8cf5e0ad9f6b8eefcc59f9a1f04557c047587a6d4db4fb74bc38,
M0874,m_9f8d5f9c061ea6b4ba831226796f2e61,Група лісових грибів · варіант 02,природа,кандидат,"Група лісових грибів · варіант 02. Габарити джерела: 0.23 × 0.21 × 0.23 м (ширина × висота × глибина). Природний край, тло або малий акцент. Зберегти відкритий центр і прохід до галявини.",Assets/PolygonNatureBiomes/PNB_Meadow_Forest/Models/SM_Prop_Mushroom_Group_02.fbx,270,ecf73a6d6c5200530552207258e8cdfbfb7f97ffe1b9ed654e81e0d6b64200ac,D05
M0875,m_3a367b2dcfbfebd4ba0496151dd0f44c,Група лісових грибів · варіант 03,природа,кандидат,"Група лісових грибів · варіант 03. Габарити джерела: 0.22 × 0.21 × 0.21 м (ширина × висота × глибина). Природний край, тло або малий акцент. Зберегти відкритий центр і прохід до галявини.",Assets/PolygonNatureBiomes/PNB_Meadow_Forest/Models/SM_Prop_Mushroom_Group_03.fbx,236,920f99ccd5f0c1202ce790338a4ebbcbc47641425634d518ba1685c7b97d5ce4,
M0876,m_d19b9db44cefad845bad07405198b235,Група лісових грибів · варіант 04,природа,кандидат,"Група лісових грибів · варіант 04. Габарити джерела: 0.26 × 0.25 × 0.31 м (ширина × висота × глибина). Природний край, тло або малий акцент. Зберегти відкритий центр і прохід до галявини.",Assets/PolygonNatureBiomes/PNB_Meadow_Forest/Models/SM_Prop_Mushroom_Group_04.fbx,290,139044154a5023d627ae08205698c9493f961dbf665a9f44f645e0c4200663cf,
M0877,m_38ad9b8e3c648004aab725e0ca72c0e0,Група лісових грибів · варіант 05,природа,кандидат,"Група лісових грибів · варіант 05. Габарити джерела: 0.36 × 0.22 × 0.32 м (ширина × висота × глибина). Природний край, тло або малий акцент. Зберегти відкритий центр і прохід до галявини.",Assets/PolygonNatureBiomes/PNB_Meadow_Forest/Models/SM_Prop_Mushroom_Group_05.fbx,1046,e3a4660158933744e984ab1842136d4e3d87bdff36c1e29d03d0860fb8c31600,
M0878,m_b0310d1434beee645b6964cbb7af9d26,Група лісових грибів · варіант 01,природа,кандидат,"Група лісових грибів · варіант 01. Габарити джерела: 1.19 × 0.26 × 1.10 м (ширина × висота × глибина). Природний край, тло або малий акцент. Зберегти відкритий центр і прохід до галявини.",Assets/PolygonNatureBiomes/PNB_Meadow_Forest/Models/SM_Prop_Mushroom_Sparse_01.fbx,992,cfe56c86c1392996b0ddbfb93c334d32924f794fe30cc07ade91a07d023b7bd0,
M0879,m_afd41c03f621df646a0ba5e687076a24,Група лісових грибів · варіант 02,природа,кандидат,"Група лісових грибів · варіант 02. Габарити джерела: 1.45 × 0.25 × 1.42 м (ширина × висота × глибина). Природний край, тло або малий акцент. Зберегти відкритий центр і прохід до галявини.",Assets/PolygonNatureBiomes/PNB_Meadow_Forest/Models/SM_Prop_Mushroom_Sparse_02.fbx,1080,95c2a6fd644c53f7cd16a9a05c95573e330d6dcb1ddbd02462a9c1a6537e8d39,
M0880,m_034710de3275695429bea208349a49a4,Група лісових грибів · варіант 03,природа,кандидат,"Група лісових грибів · варіант 03. Габарити джерела: 1.15 × 0.21 × 0.90 м (ширина × висота × глибина). Природний край, тло або малий акцент. Зберегти відкритий центр і прохід до галявини.",Assets/PolygonNatureBiomes/PNB_Meadow_Forest/Models/SM_Prop_Mushroom_Sparse_03.fbx,714,f0ee9b2ea64f7cfaab101b008d0c191b1d8c9fafcfb5fe18fd4179427fe5f45a,
M0881,m_4f9a0ce1bfc7c2e49aa8120d8f306363,Група лісових грибів · варіант 04,природа,кандидат,"Група лісових грибів · варіант 04. Габарити джерела: 1.68 × 0.25 × 1.18 м (ширина × висота × глибина). Природний край, тло або малий акцент. Зберегти відкритий центр і прохід до галявини.",Assets/PolygonNatureBiomes/PNB_Meadow_Forest/Models/SM_Prop_Mushroom_Sparse_04.fbx,870,f0755c317da47a21ee12870c88b11f43bf3b05c62fc4d208460e6e51b48d95f5,
M0882,m_0d86de0839baae64abd2e68ff9ca4b0f,Група лісових грибів · варіант 05,природа,кандидат,"Група лісових грибів · варіант 05. Габарити джерела: 1.73 × 0.22 × 1.32 м (ширина × висота × глибина). Природний край, тло або малий акцент. Зберегти відкритий центр і прохід до галявини.",Assets/PolygonNatureBiomes/PNB_Meadow_Forest/Models/SM_Prop_Mushroom_Sparse_05.fbx,4838,65c480af86561da4e53e9f91e25665a3086dbab643ccbff93c5b9c8a1f2924e5,
M0883,m_246b05381ca6f3e42a66f9e49912a2d7,Опудало · варіант 01,побут / туризм,кандидат,Опудало · варіант 01. Габарити джерела: 2.95 × 3.84 × 0.80 м (ширина × висота × глибина). Один-два побутові акценти біля краю галявини; огорожі/настили мають власника й реальний підхід.,Assets/PolygonNatureBiomes/PNB_Meadow_Forest/Models/SM_Prop_ScareCrow_01.fbx,3402,4c42ad4a7aa3bc19e424ba1699fce9d78e7f13452e0b2d6e4a2dff93781913d8,
M0884,m_0a3e8d4fb692aa9438743b1d6ec5e607,Фантазійна споруда або реквізит · варіант 01,фантазійне,резерв,Фантазійна споруда або реквізит · варіант 01. Габарити джерела: 5.36 × 0.33 × 2.06 м (ширина × висота × глибина). Не відповідає першому побутовому українському набору.,Assets/PolygonNatureBiomes/PNB_Meadow_Forest/Models/SM_Prop_SciFiCable_01.fbx,1296,dcf123aa88aeaa1d45cb9bb7edd22fa100609c40be0ad274ba22e573981282ea,
M0885,m_0e30f95068a7b6b428d7a768802094e4,Фантазійна споруда або реквізит · варіант 02,фантазійне,резерв,Фантазійна споруда або реквізит · варіант 02. Габарити джерела: 2.43 × 0.50 × 2.26 м (ширина × висота × глибина). Не відповідає першому побутовому українському набору.,Assets/PolygonNatureBiomes/PNB_Meadow_Forest/Models/SM_Prop_SciFiCable_02.fbx,1024,cc971d73896fd5c6214c3dc0f8a934d9681aa27c6c91fa5025f233afaed37707,
M0886,m_b35378a23a7b23c49935d8e92363fdec,Дерев’яний ящик · варіант 01,фантазійне,резерв,Дерев’яний ящик · варіант 01. Габарити джерела: 0.80 × 0.77 × 0.80 м (ширина × висота × глибина). Не відповідає першому побутовому українському набору.,Assets/PolygonNatureBiomes/PNB_Meadow_Forest/Models/SM_Prop_SciFiCrate_01.fbx,812,5277dd04ab01a427b4a0fdd7d3a90c2dce66e821d3e57f72a93e3cbec5e0fd51,
M0887,m_552a9f127f9115540b3fa3ffbbf502f9,Дерев’яний ящик · варіант 02,фантазійне,резерв,Дерев’яний ящик · варіант 02. Габарити джерела: 1.42 × 0.85 × 0.98 м (ширина × висота × глибина). Не відповідає першому побутовому українському набору.,Assets/PolygonNatureBiomes/PNB_Meadow_Forest/Models/SM_Prop_SciFiCrate_02.fbx,332,e0f45bf1e1b48d9f2aa6f89cfb823b2902063ffa04c969e12f5819d64ff44c59,
M0888,m_e9012a534ddfbeb418a2e08749804caa,Вивіска або реклама · варіант 01,додатковий реквізит,резерв,Вивіска або реклама · варіант 01. Габарити джерела: 1.06 × 2.96 × 0.96 м (ширина × висота × глибина). Зберегти для окремого контексту після затвердження основних 12 композицій.,Assets/PolygonNatureBiomes/PNB_Meadow_Forest/Models/SM_Prop_Sign_01.fbx,702,3194150fdce70da69b239274968fef2999cfc05882d2c7a1a8685e1eb9464dfa,
M0889,m_5d77d7858612e884397d242118336b0d,Вивіска або реклама · варіант 02,додатковий реквізит,резерв,Вивіска або реклама · варіант 02. Габарити джерела: 0.99 × 2.96 × 1.10 м (ширина × висота × глибина). Зберегти для окремого контексту після затвердження основних 12 композицій.,Assets/PolygonNatureBiomes/PNB_Meadow_Forest/Models/SM_Prop_Sign_02.fbx,558,2b022522958f11570eb9d7e857ff541ed96f98dfab94f83fea0cd8588a4ad3b9,
M0890,m_2c052e21113727f45bb4279ecc0a5f9b,Вивіска або реклама · варіант 03,додатковий реквізит,резерв,Вивіска або реклама · варіант 03. Габарити джерела: 0.98 × 2.96 × 0.69 м (ширина × висота × глибина). Зберегти для окремого контексту після затвердження основних 12 композицій.,Assets/PolygonNatureBiomes/PNB_Meadow_Forest/Models/SM_Prop_Sign_03.fbx,430,80dfc8d02d59681b6c4af40f544bb67fc6222b870be03e530b6599e0faa886f4,
M0891,m_1a8387bb556f4384d8a30b9f3a92e44f,Фантазійний кам’яний мотив · варіант 01,додатковий реквізит,резерв,Фантазійний кам’яний мотив · варіант 01. Габарити джерела: 5.55 × 4.02 × 2.60 м (ширина × висота × глибина). Зберегти для окремого контексту після затвердження основних 12 композицій.,Assets/PolygonNatureBiomes/PNB_Meadow_Forest/Models/SM_Prop_StoneArch_01.fbx,424,511a32af75825c91495467e5422a6edcc4e236be5786c211c7f6f43a8093dabe,
M0892,m_fde7fb4cd69b9204698813cfc10b0295,Кам’яна пірамідка · варіант 01,додатковий реквізит,резерв,Кам’яна пірамідка · варіант 01. Габарити джерела: 0.88 × 1.48 × 0.73 м (ширина × висота × глибина). Зберегти для окремого контексту після затвердження основних 12 композицій.,Assets/PolygonNatureBiomes/PNB_Meadow_Forest/Models/SM_Prop_StonePile_01.fbx,1144,c84b7cb95ffb61e9895bb25872c8579bb87c7d1deecc85eec51624a88f34f151,
M0893,m_6e465352bc11bf24783453f0e3ff51e2,Кам’яна пірамідка · варіант 02,додатковий реквізит,резерв,Кам’яна пірамідка · варіант 02. Габарити джерела: 0.56 × 0.88 × 0.62 м (ширина × висота × глибина). Зберегти для окремого контексту після затвердження основних 12 композицій.,Assets/PolygonNatureBiomes/PNB_Meadow_Forest/Models/SM_Prop_StonePile_02.fbx,232,2539aa0ebab87a1c40467da6832575ea80a74e213a5037c859df10fa7e62317e,
M0894,m_f0ea8af252e7766459a46d36572cd601,Кам’яна пірамідка · варіант 03,додатковий реквізит,резерв,Кам’яна пірамідка · варіант 03. Габарити джерела: 0.96 × 1.53 × 0.92 м (ширина × висота × глибина). Зберегти для окремого контексту після затвердження основних 12 композицій.,Assets/PolygonNatureBiomes/PNB_Meadow_Forest/Models/SM_Prop_StonePile_03.fbx,1788,67cd2fde8c54da10540cada3cbe78d0e86b66e456ea1151bc5782ba8ff5b291d,
M0895,m_f1f3c9e9c60d3904eaae4c9728389687,Фантазійний кам’яний мотив · варіант 01,фантазійне,резерв,Фантазійний кам’яний мотив · варіант 01. Габарити джерела: 1.33 × 3.33 × 0.57 м (ширина × висота × глибина). Не відповідає першому побутовому українському набору.,Assets/PolygonNatureBiomes/PNB_Meadow_Forest/Models/SM_Prop_StoneRunes_01.fbx,404,ee0bcca220751bc872d98eec663ec31d1181e20b1e52320f847991a03c3ed173,
M0896,m_06adf03ec6d90164b9aca4994b1c3047,Фантазійний кам’яний мотив · варіант 02,фантазійне,резерв,Фантазійний кам’яний мотив · варіант 02. Габарити джерела: 1.38 × 3.09 × 0.99 м (ширина × висота × глибина). Не відповідає першому побутовому українському набору.,Assets/PolygonNatureBiomes/PNB_Meadow_Forest/Models/SM_Prop_StoneRunes_02.fbx,416,03064f77f9bb75458fd18ca6206ad06ca2e72e36aa7793420aa50a7b1d33b7a3,
M0897,m_86b9ec4fbc3810545b89e4528c5cdab1,Фантазійний кам’яний мотив · варіант 03,фантазійне,резерв,Фантазійний кам’яний мотив · варіант 03. Габарити джерела: 1.56 × 3.49 × 1.01 м (ширина × висота × глибина). Не відповідає першому побутовому українському набору.,Assets/PolygonNatureBiomes/PNB_Meadow_Forest/Models/SM_Prop_StoneRunes_03.fbx,508,2f9e2df544557d0e5643102db8271964963dd7bff33a29e00589d9d68cebb381,
M0898,m_7f49dcc1a890ba04ca7db21e14565200,Фантазійний кам’яний мотив · варіант 01,додатковий реквізит,резерв,Фантазійний кам’яний мотив · варіант 01. Габарити джерела: 5.81 × 4.91 × 5.38 м (ширина × висота × глибина). Зберегти для окремого контексту після затвердження основних 12 композицій.,Assets/PolygonNatureBiomes/PNB_Meadow_Forest/Models/SM_Prop_StoneStack_01.fbx,612,e044b162f97a894d8cce83168304482549518774b95726ed0f80b431438fd4c1,
M0899,m_71189bb01f3431348b60b66e26f071e9,Фантазійний кам’яний мотив · варіант 02,додатковий реквізит,резерв,Фантазійний кам’яний мотив · варіант 02. Габарити джерела: 4.49 × 5.73 × 5.93 м (ширина × висота × глибина). Зберегти для окремого контексту після затвердження основних 12 композицій.,Assets/PolygonNatureBiomes/PNB_Meadow_Forest/Models/SM_Prop_StoneStack_02.fbx,412,0d75301e774716b9c8aec54179a829a5ef4dd76134aea10fbcd38e51b1c3dbad,
M0900,m_fc1ff258579f9ca4293e4a6adc064220,Кам’яна огорожа · варіант 01,неоформлена геометрія,потребує матеріалу,Кам’яна огорожа · варіант 01. Габарити джерела: 2.74 × 0.95 × 0.70 м (ширина × висота × глибина). У вихідній фотографії embedded material без потрібної палітри/текстури. Спершу прив’язати матеріал.,Assets/PolygonNatureBiomes/PNB_Meadow_Forest/Models/SM_Prop_StoneWall_01.fbx,2598,a05b36a5c77b2d7ab4fefdde019752b3eba72238dd262e46e6e101ed272b5e03,
M0901,m_f4a96ec3e11ffe3418b56bb51659ede7,Кам’яна огорожа · варіант 02,неоформлена геометрія,потребує матеріалу,Кам’яна огорожа · варіант 02. Габарити джерела: 2.74 × 0.93 × 0.65 м (ширина × висота × глибина). У вихідній фотографії embedded material без потрібної палітри/текстури. Спершу прив’язати матеріал.,Assets/PolygonNatureBiomes/PNB_Meadow_Forest/Models/SM_Prop_StoneWall_02.fbx,2126,f8d3e8a590685f21ed4dd92b6de4a12d63ef35ec973af0bc2507d1124677c6ce,
M0902,m_ecd1605b32806104e9c9b1e73ef1af09,Фантазійний кам’яний мотив · варіант 01,додатковий реквізит,резерв,Фантазійний кам’яний мотив · варіант 01. Габарити джерела: 1.33 × 3.09 × 1.09 м (ширина × висота × глибина). Зберегти для окремого контексту після затвердження основних 12 композицій.,Assets/PolygonNatureBiomes/PNB_Meadow_Forest/Models/SM_Prop_Stone_Hole_01.fbx,276,07cd708801b2c8aeafd0d1b911e238e74ae653a6b5a387a93d28cb015fe69b5d,
M0903,m_d487de4439e17044a9f05979d9bb1f58,Кам’яна огорожа · варіант 01,додатковий реквізит,резерв,Кам’яна огорожа · варіант 01. Габарити джерела: 4.28 × 1.26 × 0.76 м (ширина × висота × глибина). Зберегти для окремого контексту після затвердження основних 12 композицій.,Assets/PolygonNatureBiomes/PNB_Meadow_Forest/Models/SM_Prop_Stonewall_End_01.fbx,2870,c11ba04ef51fad504ac4f381b11ab79c1eb7f32ae6d6fadc5a4f96f209982b0f,
M0904,m_7aafc5b2cc9b0cd438c31758ae6d5c31,Кам’яна огорожа · варіант 01,додатковий реквізит,резерв,Кам’яна огорожа · варіант 01. Габарити джерела: 5.37 × 1.24 × 0.72 м (ширина × висота × глибина). Зберегти для окремого контексту після затвердження основних 12 композицій.,Assets/PolygonNatureBiomes/PNB_Meadow_Forest/Models/SM_Prop_Stonewall_Long_01.fbx,5188,4d93cf22230b7786d1dcab8d535c8d9970f1ff51eaff25535bee585027e8cad2,
M0905,m_4e821968559803a47a332022a0714fdc,Кам’яна огорожа · варіант 01,додатковий реквізит,резерв,Кам’яна огорожа · варіант 01. Габарити джерела: 0.82 × 1.38 × 1.00 м (ширина × висота × глибина). Зберегти для окремого контексту після затвердження основних 12 композицій.,Assets/PolygonNatureBiomes/PNB_Meadow_Forest/Models/SM_Prop_Stonewall_Pillar_01.fbx,574,33f5bb2ded82b33f31d867412ec42bc4521ae41c6bb692cf00d26d917cb6bbeb,
M0906,m_59fd1479fdad46b458ad8494546a9d77,Кам’яна огорожа · варіант 02,додатковий реквізит,резерв,Кам’яна огорожа · варіант 02. Габарити джерела: 0.91 × 1.42 × 1.05 м (ширина × висота × глибина). Зберегти для окремого контексту після затвердження основних 12 композицій.,Assets/PolygonNatureBiomes/PNB_Meadow_Forest/Models/SM_Prop_Stonewall_Pillar_02.fbx,746,dab099755a8b030c69268456fc768f4d284690224adbded2d036e66745670754,
M0907,m_6e3245a58743f6640b6b6bcebb649039,Кам’яна огорожа · варіант 01,додатковий реквізит,резерв,Кам’яна огорожа · варіант 01. Габарити джерела: 2.85 × 1.31 × 0.76 м (ширина × висота × глибина). Зберегти для окремого контексту після затвердження основних 12 композицій.,Assets/PolygonNatureBiomes/PNB_Meadow_Forest/Models/SM_Prop_Stonewall_Small_01.fbx,2598,67f9178a4af35b1d736369b49587b329b88a9064e18ab66df110b507637ec805,
M0908,m_9cdef8c31754beb4a84a935eef63a6db,Кам’яна огорожа · варіант 02,додатковий реквізит,резерв,Кам’яна огорожа · варіант 02. Габарити джерела: 2.85 × 1.20 × 0.71 м (ширина × висота × глибина). Зберегти для окремого контексту після затвердження основних 12 композицій.,Assets/PolygonNatureBiomes/PNB_Meadow_Forest/Models/SM_Prop_Stonewall_Small_02.fbx,2126,b45ce841edf956f2c6836783ebacf14feb536c2cb98ecf1500e1ada704022457,
M0909,m_0e91fe6da2449d242ae95e1e0beaad55,Меч · варіант 01,фантазійне,резерв,Меч · варіант 01. Габарити джерела: 0.47 × 2.20 × 0.10 м (ширина × висота × глибина). Не відповідає першому побутовому українському набору.,Assets/PolygonNatureBiomes/PNB_Meadow_Forest/Models/SM_Prop_Sword_01.fbx,754,bdd7df845a259d69542b003de2f20b4e12bed7964f3f973ff5fe1d04a9e2c761,
M0910,m_186227ddf486b294d9ec8d8c0e8dbb1c,Фантазійний кам’яний мотив · варіант 01,фантазійне,резерв,Фантазійний кам’яний мотив · варіант 01. Габарити джерела: 1.83 × 1.45 × 2.00 м (ширина × висота × глибина). Не відповідає першому побутовому українському набору.,Assets/PolygonNatureBiomes/PNB_Meadow_Forest/Models/SM_Prop_Sword_Stone_01.fbx,510,4460c8316f5cce6a9af7af34855e3452d3af3fefff66cea4d77ab27809136704,
M0911,m_ca89167edbcb370488934e62d752d65a,Візок · варіант 01,додатковий реквізит,резерв,Візок · варіант 01. Габарити джерела: 3.40 × 2.39 × 5.32 м (ширина × висота × глибина). Зберегти для окремого контексту після затвердження основних 12 композицій.,Assets/PolygonNatureBiomes/PNB_Meadow_Forest/Models/SM_Prop_Wagon_Broken_01.fbx,3914,19cc9990aee21bffa93fffa5952b624e2bbcbc312cd20238bc161823daf2c066,
M0912,m_8147e7d3466b25c4e802c0d9749aeb4e,Колесо водяного млина · варіант 01,додатковий реквізит,резерв,Колесо водяного млина · варіант 01. Габарити джерела: 3.02 × 3.60 × 3.61 м (ширина × висота × глибина). Зберегти для окремого контексту після затвердження основних 12 композицій.,Assets/PolygonNatureBiomes/PNB_Meadow_Forest/Models/SM_Prop_WaterWheel_01.fbx,4381,419cb88641c5d7eb3c0c51c8959c76a82a11cf616efbc519b0567379a3f1759e,
M0913,m_90217f29c4d809b469c43bfe5501e35f,Криниця · варіант 01,побут / туризм,кандидат,Криниця · варіант 01. Габарити джерела: 1.91 × 2.97 × 1.95 м (ширина × висота × глибина). Один-два побутові акценти біля краю галявини; огорожі/настили мають власника й реальний підхід.,Assets/PolygonNatureBiomes/PNB_Meadow_Forest/Models/SM_Prop_Well_01.fbx,1809,2bfdf737228748be1b7dea3b84bac5be7703de20696fba3fe16160d89d59a2f6,
M0914,m_126a93e1613760e41ac598a9931a49b3,Підвісний дерев’яний дзвіночок · варіант 01,побут / туризм,кандидат,Підвісний дерев’яний дзвіночок · варіант 01. Габарити джерела: 0.30 × 1.45 × 0.31 м (ширина × висота × глибина). Один-два побутові акценти біля краю галявини; огорожі/настили мають власника й реальний підхід.,Assets/PolygonNatureBiomes/PNB_Meadow_Forest/Models/SM_Prop_WindChime_01.fbx,851,4dd8276a3962a0417bf2db57df051b15f403e8029b2b57d5b35563171bb6d93a,
M0915,m_57e87781901d65c44b89f12dc444aae9,Підвісний дерев’яний дзвіночок · варіант 02,побут / туризм,кандидат,Підвісний дерев’яний дзвіночок · варіант 02. Габарити джерела: 0.48 × 1.64 × 0.45 м (ширина × висота × глибина). Один-два побутові акценти біля краю галявини; огорожі/настили мають власника й реальний підхід.,Assets/PolygonNatureBiomes/PNB_Meadow_Forest/Models/SM_Prop_WindChime_02.fbx,951,12778fcb3544c5316f02fbe23c51410e29dda932e96e362756d2ca45a0c78c5b,D09
M0916,m_4164a95e80764ee4ab3b922a43bddf71,Фантазійна споруда або реквізит · варіант 01,фантазійне,резерв,Фантазійна споруда або реквізит · варіант 01. Габарити джерела: 2.36 × 2.90 × 4.14 м (ширина × висота × глибина). Не відповідає першому побутовому українському набору.,Assets/PolygonNatureBiomes/PNB_Meadow_Forest/Models/SM_Veh_Steam_Car_01.fbx,13340,87d1ba8e042592f4a27e7a2978fad322ce15bb959b0282c766dd6326f858a4a4,
M0917,m_e33ed67108108ca40b5542ab70a7c053,Геометрія спецефекту · варіант 01,FX / атмосфера,контекст FX,"Геометрія спецефекту · варіант 01. Габарити джерела: 0.76 × 0.38 × 0.76 м (ширина × висота × глибина). Оглянуто лише геометрію. Анімація, прозорість і повний ефект потребують окремої сцени.",Assets/PolygonNatureBiomes/PNB_Swamp_Marshland/FX/FX_Models/FX_Bubble_01.fbx,56,edf5ccba88589079cd494b254ea705c3aeecf689724655bbd7454814e8f0159b,
M0918,m_fa95dce04548c8240adc7ac4757038cd,Геометрія спецефекту · варіант 01,FX / атмосфера,контекст FX,"Геометрія спецефекту · варіант 01. Габарити джерела: 0.29 × 0.14 × 0.24 м (ширина × висота × глибина). Оглянуто лише геометрію. Анімація, прозорість і повний ефект потребують окремої сцени.",Assets/PolygonNatureBiomes/PNB_Swamp_Marshland/FX/FX_Models/FX_Frog_Idle_Mesh_01.fbx,472,1478ed2800eb92e30602132e66c0238d5d7c8d38247e2b02517360ba010ba448,
M0919,m_8e8e5c92cc607b6429705b6e54d8f061,Геометрія спецефекту · варіант 01,FX / атмосфера,контекст FX,"Геометрія спецефекту · варіант 01. Габарити джерела: 0.23 × 0.13 × 0.64 м (ширина × висота × глибина). Оглянуто лише геометрію. Анімація, прозорість і повний ефект потребують окремої сцени.",Assets/PolygonNatureBiomes/PNB_Swamp_Marshland/FX/FX_Models/FX_Frog_Jump_Mesh_01.fbx,408,73f71652f7672843be7ce83f768d17a5993efe55dd6da7b53809124be2640def,
M0920,m_b9ede6251c4823a4fba46f3d6f3934a3,Геометрія спецефекту · варіант 01,FX / атмосфера,контекст FX,"Геометрія спецефекту · варіант 01. Габарити джерела: 0.10 × 0.02 × 0.10 м (ширина × висота × глибина). Оглянуто лише геометрію. Анімація, прозорість і повний ефект потребують окремої сцени.",Assets/PolygonNatureBiomes/PNB_Swamp_Marshland/FX/FX_Models/FX_Leaf_Swamp_01.fbx,4,7b80ac9570316999df87f7371686945bc71e10ce20d97b22980232dea689f576,
M0921,m_070b2bef4c962724c807fff611c6de7a,Геометрія спецефекту · варіант 01,FX / атмосфера,контекст FX,"Геометрія спецефекту · варіант 01. Габарити джерела: 0.10 × 0.02 × 0.10 м (ширина × висота × глибина). Оглянуто лише геометрію. Анімація, прозорість і повний ефект потребують окремої сцени.",Assets/PolygonNatureBiomes/PNB_Swamp_Marshland/FX/FX_Models/FX_Plane_01.fbx,4,e06ff9b818e417663765e1dc62e03086517695e412b4e19bab1cb444554ff9d9,
M0922,m_7426c40d2d26f3d4db045e2060880073,Геометрія спецефекту · варіант 01,FX / атмосфера,контекст FX,"Геометрія спецефекту · варіант 01. Габарити джерела: 1.38 × 1.30 × 1.46 м (ширина × висота × глибина). Оглянуто лише геометрію. Анімація, прозорість і повний ефект потребують окремої сцени.",Assets/PolygonNatureBiomes/PNB_Swamp_Marshland/FX/FX_Models/FX_Sphere_01.fbx,46,d9abf06b46d9eaa6a72d103ecedfccdd667ccd9ea11bfaf44014268ef95a9ab8,
M0923,m_2b06813c4561d0d4f9e758ea94a15e8b,Геометрія спецефекту · варіант 01,FX / атмосфера,контекст FX,"Геометрія спецефекту · варіант 01. Габарити джерела: 0.52 × 0.49 × 0.55 м (ширина × висота × глибина). Оглянуто лише геометрію. Анімація, прозорість і повний ефект потребують окремої сцени.",Assets/PolygonNatureBiomes/PNB_Swamp_Marshland/FX/FX_Models/FX_Sphere_Swamp_01.fbx,46,0e69b69303d148bc22388eea8469a4f571b10e12cecc3e9d6b1f7f2b16fda7f8,
M0924,m_696fea4529e91384ebe750cd0bf950cc,Геометрія спецефекту · варіант 01,FX / атмосфера,контекст FX,"Геометрія спецефекту · варіант 01. Габарити джерела: 1.00 × 3.59 × 1.00 м (ширина × висота × глибина). Оглянуто лише геометрію. Анімація, прозорість і повний ефект потребують окремої сцени.",Assets/PolygonNatureBiomes/PNB_Swamp_Marshland/FX/FX_Models/FX_SunShafts_Swamp_01.fbx,4,8b19bf8824fbdebb7cb2bb7455d07ad87ffc44db7027805c92a51b46427c4ac6,
M0925,m_43b6dd43c54cefb4388e86957eba68b7,Колізійна оболонка: господарський туалет,службова геометрія,службове,Колізійна оболонка: господарський туалет. Габарити джерела: 1.83 × 2.91 × 2.05 м (ширина × висота × глибина). Колізії; не показувати як декоративний об’єкт.,Assets/PolygonNatureBiomes/PNB_Swamp_Marshland/Models/Collision/SM_Bld_Outhouse_01_Collision.fbx,96,287edf0d986132987514bfcfa946abd9a91554ce698d3c093768dceaf1161418,
M0926,m_48df87384ab989b46820401e6d616a10,Колізійна оболонка: невелика хатина,службова геометрія,службове,Колізійна оболонка: невелика хатина. Габарити джерела: 4.85 × 5.78 × 2.28 м (ширина × висота × глибина). Колізії; не показувати як декоративний об’єкт.,Assets/PolygonNatureBiomes/PNB_Swamp_Marshland/Models/Collision/SM_Bld_Shack_Ruins_01_Collision.fbx,144,70b4ce1800e37721ca5bd85d04e9797e6ceeab109df9647fcd1be35f528344e3,
M0927,m_cb03cb005ef6ed244a57bd309417ce96,Колізійна оболонка: невелика хатина,службова геометрія,службове,Колізійна оболонка: невелика хатина. Габарити джерела: 5.20 × 6.43 × 4.23 м (ширина × висота × глибина). Колізії; не показувати як декоративний об’єкт.,Assets/PolygonNatureBiomes/PNB_Swamp_Marshland/Models/Collision/SM_Bld_Shack_Swamp_01_Collision.fbx,360,41d7fc6738445ee6c2266fa36715400d981f8c5bef966113f28b6cde278151d1,
M0928,m_e9a2899ec22f4e64a99decdc648d383d,Колізійна оболонка: колода або гілка,службова геометрія,службове,Колізійна оболонка: колода або гілка. Габарити джерела: 23.45 × 7.41 × 8.57 м (ширина × висота × глибина). Колізії; не показувати як декоративний об’єкт.,Assets/PolygonNatureBiomes/PNB_Swamp_Marshland/Models/Collision/SM_Env_Swamp_Log_01_Collision.fbx,892,f5c2cf143679eb287018c4f7130de5b475f73bb628b081222b3616e9f0cd16ec,
M0929,m_32b15d7facd58704a97b30615b580848,Колізійна оболонка: колода або гілка,службова геометрія,службове,Колізійна оболонка: колода або гілка. Габарити джерела: 11.76 × 2.49 × 3.88 м (ширина × висота × глибина). Колізії; не показувати як декоративний об’єкт.,Assets/PolygonNatureBiomes/PNB_Swamp_Marshland/Models/Collision/SM_Env_Swamp_Log_02_Collision.fbx,192,591d921c0736add8bfbd6ff12e3b1b62706e5b97cc1f0fb62c144d53eadd2cea,
M0930,m_c8f982f215f97f54f8f1225c16cdac00,Колізійна оболонка: корені або окремий стовбур,службова геометрія,службове,Колізійна оболонка: корені або окремий стовбур. Габарити джерела: 6.77 × 3.82 × 6.82 м (ширина × висота × глибина). Колізії; не показувати як декоративний об’єкт.,Assets/PolygonNatureBiomes/PNB_Swamp_Marshland/Models/Collision/SM_Env_Swamp_Tree_Root_Preset_01_Collision.fbx,116,93297f241eaa053c69ef503e5209604d3925c28d5c7a1b7947e61db1e24c5c8a,
M0931,m_5fc16bc419168b341b414c0e7b58230b,Колізійна оболонка: корені або окремий стовбур,службова геометрія,службове,Колізійна оболонка: корені або окремий стовбур. Габарити джерела: 7.42 × 3.86 × 4.25 м (ширина × висота × глибина). Колізії; не показувати як декоративний об’єкт.,Assets/PolygonNatureBiomes/PNB_Swamp_Marshland/Models/Collision/SM_Env_Swamp_Tree_Root_Preset_02_Collision.fbx,60,c7af2435bebb4805f55f73f2618d32a379a03b3b86f20bc47ecd183bc1a908ee,
M0932,m_dbf2553ceb7cc2745877ac77d9e19862,Колізійна оболонка: сухе дерево,службова геометрія,службове,Колізійна оболонка: сухе дерево. Габарити джерела: 1.57 × 8.89 × 1.39 м (ширина × висота × глибина). Колізії; не показувати як декоративний об’єкт.,Assets/PolygonNatureBiomes/PNB_Swamp_Marshland/Models/Collision/SM_Env_Tree_Dead_01_Collision.fbx,120,5b3de5beae09e5b662a169d8aec0c451d5a813c7a57e5c87952af87fe269a083,
M0933,m_0234cb767018c8d4d9382def6d07ca11,Колізійна оболонка: сухе дерево,службова геометрія,службове,Колізійна оболонка: сухе дерево. Габарити джерела: 5.06 × 13.94 × 5.13 м (ширина × висота × глибина). Колізії; не показувати як декоративний об’єкт.,Assets/PolygonNatureBiomes/PNB_Swamp_Marshland/Models/Collision/SM_Env_Tree_Dead_02_Collision.fbx,664,4e3245ffd0a2db161757e490e85ed1ac852823158bc9d285e3cda2a9a9466258,
M0934,m_4b7fd31375cc7bd4dbd57cb27b8b4192,Колізійна оболонка: мангрове дерево,службова геометрія,службове,Колізійна оболонка: мангрове дерево. Габарити джерела: 2.85 × 5.25 × 3.19 м (ширина × висота × глибина). Колізії; не показувати як декоративний об’єкт.,Assets/PolygonNatureBiomes/PNB_Swamp_Marshland/Models/Collision/SM_Env_Tree_Mangrove_01_Collision.fbx,164,3d97fdf47bc71273b4ff0a6de4819644cb2f7349336b26934d6566b9189e48d0,
M0935,m_ca074adb887655f44a7ab6300d76aa43,Колізійна оболонка: мангрове дерево,службова геометрія,службове,Колізійна оболонка: мангрове дерево. Габарити джерела: 2.85 × 4.48 × 3.19 м (ширина × висота × глибина). Колізії; не показувати як декоративний об’єкт.,Assets/PolygonNatureBiomes/PNB_Swamp_Marshland/Models/Collision/SM_Env_Tree_Mangrove_02_Collision.fbx,132,9fce91153d6c54346847d41ba95ec9b4c60418829bda3eca37d5b976ec622b13,
M0936,m_44d17ac91386b76498cff962e25fcc21,Колізійна оболонка: мангрове дерево,службова геометрія,службове,Колізійна оболонка: мангрове дерево. Габарити джерела: 2.29 × 3.79 × 2.54 м (ширина × висота × глибина). Колізії; не показувати як декоративний об’єкт.,Assets/PolygonNatureBiomes/PNB_Swamp_Marshland/Models/Collision/SM_Env_Tree_Mangrove_03_Collision.fbx,144,d3d131fbf3764084c644dcf419be865ecd082d604f26fa823bd81303e9c017ba,
M0937,m_0b96be0daf31f3045bfd94c92db6e2dc,Колізійна оболонка: дерево,службова геометрія,службове,Колізійна оболонка: дерево. Габарити джерела: 4.14 × 18.58 × 3.34 м (ширина × висота × глибина). Колізії; не показувати як декоративний об’єкт.,Assets/PolygonNatureBiomes/PNB_Swamp_Marshland/Models/Collision/SM_Env_Tree_Swamp_01_ALT_Collision.fbx,348,41751ab4d0dc4b890ce9c9218d339f57f400db333b945122e74914726d3819e3,
M0938,m_cb8c81fc73319884d90a572c793c47f1,Колізійна оболонка: дерево,службова геометрія,службове,Колізійна оболонка: дерево. Габарити джерела: 8.61 × 20.51 × 8.78 м (ширина × висота × глибина). Колізії; не показувати як декоративний об’єкт.,Assets/PolygonNatureBiomes/PNB_Swamp_Marshland/Models/Collision/SM_Env_Tree_Swamp_01_Collision.fbx,628,36ad28d35990607703463a5acbae5029d5d3f3d2f7ae591848fe597421132d21,
M0939,m_069e57f1acff47a499c18032f22a0285,Колізійна оболонка: дерево,службова геометрія,службове,Колізійна оболонка: дерево. Габарити джерела: 3.96 × 13.05 × 3.87 м (ширина × висота × глибина). Колізії; не показувати як декоративний об’єкт.,Assets/PolygonNatureBiomes/PNB_Swamp_Marshland/Models/Collision/SM_Env_Tree_Swamp_02_Collision.fbx,380,9c6a005271c9f9d71a37fc2e7d2feb60668026296dd30ea151db97ba46797d17,
M0940,m_3580cbc9955a78e4daa296a95ce408ab,Колізійна оболонка: дерево,службова геометрія,службове,Колізійна оболонка: дерево. Габарити джерела: 5.18 × 7.80 × 3.51 м (ширина × висота × глибина). Колізії; не показувати як декоративний об’єкт.,Assets/PolygonNatureBiomes/PNB_Swamp_Marshland/Models/Collision/SM_Env_Tree_Swamp_03_Collision.fbx,380,ba10c8980a52541573929d3ee3387ed3d61847bc3226d55355fea74258c6ca4a,
M0941,m_30adbc75586729d4f8c693739a51db12,Колізійна оболонка: дерево,службова геометрія,службове,Колізійна оболонка: дерево. Габарити джерела: 0.81 × 3.56 × 0.62 м (ширина × висота × глибина). Колізії; не показувати як декоративний об’єкт.,Assets/PolygonNatureBiomes/PNB_Swamp_Marshland/Models/Collision/SM_Env_Tree_Swamp_04_Collision.fbx,128,ae45360c687c352497443f0288547ecb5a0ffb5773c26e227f1c509f71bb07c9,
M0942,m_6f1cf8cb7beafba45a4e9da741986313,Колізійна оболонка: дерев’яна огорожа або ворітця,службова геометрія,службове,Колізійна оболонка: дерев’яна огорожа або ворітця. Габарити джерела: 2.41 × 1.11 × 1.17 м (ширина × висота × глибина). Колізії; не показувати як декоративний об’єкт.,Assets/PolygonNatureBiomes/PNB_Swamp_Marshland/Models/Collision/SM_Prop_Fence_03_Collision.fbx,68,7497ad7878d86e6c0e06755ef647d9a86f647c7d0779bf977a0aff1bb8619241,
M0943,m_319cf5ae7b0e7304fab3818681ae3b56,Колізійна оболонка: дерев’яний настил або його деталь,службова геометрія,службове,Колізійна оболонка: дерев’яний настил або його деталь. Габарити джерела: 2.07 × 2.66 × 2.25 м (ширина × висота × глибина). Колізії; не показувати як декоративний об’єкт.,Assets/PolygonNatureBiomes/PNB_Swamp_Marshland/Models/Collision/SM_Prop_Jetty_01_Collision.fbx,84,148dc27e54c949d102d3cee812cfeb87c14e5ce512f9ccd1ccf401a4a14177f4,
M0944,m_30d3874047c663544ad1347ac466df35,Колізійна оболонка: дерев’яний настил або його деталь,службова геометрія,службове,Колізійна оболонка: дерев’яний настил або його деталь. Габарити джерела: 2.11 × 2.73 × 4.22 м (ширина × висота × глибина). Колізії; не показувати як декоративний об’єкт.,Assets/PolygonNatureBiomes/PNB_Swamp_Marshland/Models/Collision/SM_Prop_Jetty_02_Collision.fbx,144,21228905bbc8899576545ebf9389aeafd11e5993abc79ef79e5a46c36e63eb93,
M0945,m_138191bf2e6f6bf42850d8347f85a372,Колізійна оболонка: дерев’яний настил або його деталь,службова геометрія,службове,Колізійна оболонка: дерев’яний настил або його деталь. Габарити джерела: 2.09 × 2.75 × 6.01 м (ширина × висота × глибина). Колізії; не показувати як декоративний об’єкт.,Assets/PolygonNatureBiomes/PNB_Swamp_Marshland/Models/Collision/SM_Prop_Jetty_03_Collision.fbx,180,6198f21cd7790be3d33c7eab5d7301d7b86c43a8f169bca6e306cacca208a62f,
M0946,m_cd8f257abfed1454fa3e05076ab41ff6,Колізійна оболонка: дерев’яний настил або його деталь,службова геометрія,службове,Колізійна оболонка: дерев’яний настил або його деталь. Габарити джерела: 1.97 × 2.67 × 1.62 м (ширина × висота × глибина). Колізії; не показувати як декоративний об’єкт.,Assets/PolygonNatureBiomes/PNB_Swamp_Marshland/Models/Collision/SM_Prop_Jetty_Broken_01_Collision.fbx,60,b587d24ea922559b2629ea801b51234c31e082843aa90a8cb2e0a210c3f4edb0,
M0947,m_74ab34ceb88e387499bc6914c5ee535d,Колізійна оболонка: дерев’яний настил або його деталь,службова геометрія,службове,Колізійна оболонка: дерев’яний настил або його деталь. Габарити джерела: 2.06 × 2.64 × 2.89 м (ширина × висота × глибина). Колізії; не показувати як декоративний об’єкт.,Assets/PolygonNatureBiomes/PNB_Swamp_Marshland/Models/Collision/SM_Prop_Jetty_Broken_02_Collision.fbx,96,939ffb41171dc84dc255b07f8989ee7057b3b1dbbaf275b6d129f2a64d84037e,
M0948,m_129925a09ae713d4c8ee8f6567102f4e,Колізійна оболонка: дерев’яний настил або його деталь,службова геометрія,службове,Колізійна оболонка: дерев’яний настил або його деталь. Габарити джерела: 0.77 × 1.27 × 6.04 м (ширина × висота × глибина). Колізії; не показувати як декоративний об’єкт.,Assets/PolygonNatureBiomes/PNB_Swamp_Marshland/Models/Collision/SM_Prop_Jetty_Plank_05_Collision.fbx,36,a1189128b20a587041674c2e246ad31400430b2b6787ced95c4974fd98043e06,
M0949,m_ff6eb6178cb64f44d9c7c99b6248ae9a,Колізійна оболонка: дерев’яний настил або його деталь,службова геометрія,службове,Колізійна оболонка: дерев’яний настил або його деталь. Габарити джерела: 2.06 × 3.14 × 4.45 м (ширина × висота × глибина). Колізії; не показувати як декоративний об’єкт.,Assets/PolygonNatureBiomes/PNB_Swamp_Marshland/Models/Collision/SM_Prop_Jetty_Stairs_01_Collision.fbx,84,9f33ac49e2f40f4c531bdb26b578aa125ff5c181715f094cd82357ed5bad8781,
M0950,m_040ff711de775f940ae7698d4b3e2007,Колізійна оболонка: дерев’яний настил або його деталь,службова геометрія,службове,Колізійна оболонка: дерев’яний настил або його деталь. Габарити джерела: 1.25 × 2.57 × 0.30 м (ширина × висота × глибина). Колізії; не показувати як декоративний об’єкт.,Assets/PolygonNatureBiomes/PNB_Swamp_Marshland/Models/Collision/SM_Prop_Jetty_Support_01_Collision.fbx,36,ef22b91d60a22a5d43bc55ccfbb55a2f86ee07ca0638d9c5972da41b471f2d8a,
M0951,m_e4da7fdb3bdefeb4185e6cbf39589753,Колізійна оболонка: дерев’яний настил або його деталь,службова геометрія,службове,Колізійна оболонка: дерев’яний настил або його деталь. Габарити джерела: 1.25 × 2.58 × 0.36 м (ширина × висота × глибина). Колізії; не показувати як декоративний об’єкт.,Assets/PolygonNatureBiomes/PNB_Swamp_Marshland/Models/Collision/SM_Prop_Jetty_Support_02_Collision.fbx,48,314f59344035a6e4978470478fd755bdf635f44fc365733609c66f48bde64a4b,
M0952,m_add1a1a82471cdd44949ef816f609f7c,Колізійна оболонка: пень із корінням,службова геометрія,службове,Колізійна оболонка: пень із корінням. Габарити джерела: 2.96 × 1.92 × 2.72 м (ширина × висота × глибина). Колізії; не показувати як декоративний об’єкт.,Assets/PolygonNatureBiomes/PNB_Swamp_Marshland/Models/Collision/SM_Prop_Stump_01_Collision.fbx,252,a09ff5854c39e4ee8de937f131fd25e62cd49ee8c7e62e67efe3e72d6da36804,
M0953,m_6a2899f4ab8021f4596e15425392393d,Колізійна оболонка: пень із корінням,службова геометрія,службове,Колізійна оболонка: пень із корінням. Габарити джерела: 2.96 × 1.78 × 2.72 м (ширина × висота × глибина). Колізії; не показувати як декоративний об’єкт.,Assets/PolygonNatureBiomes/PNB_Swamp_Marshland/Models/Collision/SM_Prop_Stump_02_Collision.fbx,252,e1202a8d39aef06720b51a25aa81429fcff0f004b452debe820a135ceaa5ca15,
M0954,m_2eedd43f772373841bd599de23cfd2a6,Колізійна оболонка: колода або гілка,службова геометрія,службове,Колізійна оболонка: колода або гілка. Габарити джерела: 4.35 × 3.82 × 13.98 м (ширина × висота × глибина). Колізії; не показувати як декоративний об’єкт.,Assets/PolygonNatureBiomes/PNB_Swamp_Marshland/Models/Collision/SM_Prop_Swamp_Log_05_Collision.fbx,252,0ded82388d6fde86767b67bb30c0a123d34fc0c28a82d94b4f213d2a639b6d60,
M0955,m_534eb6cbe59440341aa987771f5186f1,Колізійна оболонка: колода або гілка,службова геометрія,службове,Колізійна оболонка: колода або гілка. Габарити джерела: 3.21 × 2.93 × 11.73 м (ширина × висота × глибина). Колізії; не показувати як декоративний об’єкт.,Assets/PolygonNatureBiomes/PNB_Swamp_Marshland/Models/Collision/SM_Prop_Swamp_Log_06_Collision.fbx,66,1058d8b6e57fe3698eeaec4418e170ee7516aaa527f6f43356c13beaec144fa1,
M0956,m_d441eba5bd882684682994e79861fb79,Колізійна оболонка: колода або гілка,службова геометрія,службове,Колізійна оболонка: колода або гілка. Габарити джерела: 5.75 × 6.02 × 15.03 м (ширина × висота × глибина). Колізії; не показувати як декоративний об’єкт.,Assets/PolygonNatureBiomes/PNB_Swamp_Marshland/Models/Collision/SM_Prop_Swamp_Log_07_Collision.fbx,144,d70e49fcbf3a343863f2aa8d7f654fef99610911962f35db016a255846df2729,
M0957,m_361692e97ce033d468345955853ea4f7,Колізійна оболонка: моторошний реквізит,службова геометрія,службове,Колізійна оболонка: моторошний реквізит. Габарити джерела: 3.65 × 6.07 × 3.65 м (ширина × висота × глибина). Колізії; не показувати як декоративний об’єкт.,Assets/PolygonNatureBiomes/PNB_Swamp_Marshland/Models/Collision/SM_Prop_Swamp_RitualPyre_01_Collision.fbx,48,a9c8eda0cb7190ce6a0e87571fad30eb5c67889ab5010f7079064b5815459162,
M0958,m_dd1a76a6b5ccf6244afa228bac9eda40,Колізійна оболонка: пень із корінням,службова геометрія,службове,Колізійна оболонка: пень із корінням. Габарити джерела: 13.60 × 6.88 × 14.58 м (ширина × висота × глибина). Колізії; не показувати як декоративний об’єкт.,Assets/PolygonNatureBiomes/PNB_Swamp_Marshland/Models/Collision/SM_Prop_Swamp_Trunk_01_Collision.fbx,588,cb722a1984ca72ddd8c27d8393b40bca52f100aef1298eebed94499315892dd7,
M0959,m_b0e6a77c7868a164d9d8e6b0e9f9562b,Колізійна оболонка: дерево,службова геометрія,службове,Колізійна оболонка: дерево. Габарити джерела: 5.70 × 11.97 × 4.96 м (ширина × висота × глибина). Колізії; не показувати як декоративний об’єкт.,Assets/PolygonNatureBiomes/PNB_Swamp_Marshland/Models/Collision/SM_Prop_VineTree_01_Collision.fbx,126,0f353845b4def6f6a766c22d1f115498aa34f06d3779b5f65c23130a9c0e8232,
M0960,m_9fd87496dbf181c4a94ebd4894a728c3,Колізійна оболонка: дерев’яна діжка,службова геометрія,службове,Колізійна оболонка: дерев’яна діжка. Габарити джерела: 1.39 × 0.59 × 1.32 м (ширина × висота × глибина). Колізії; не показувати як декоративний об’єкт.,Assets/PolygonNatureBiomes/PNB_Swamp_Marshland/Models/Collision/SM_Prop_Wooden_Bath_01_Collision.fbx,160,878e029a22130f5728418ad9c3e7ebd6c35a2273a7c0fa9040dc3b11e4dcd6bf,
M0961,m_0f79f1b644bca174eb59bb409b5293a9,Колізійна оболонка: уламок або металобрухт,службова геометрія,службове,Колізійна оболонка: уламок або металобрухт. Габарити джерела: 8.42 × 2.71 × 4.94 м (ширина × висота × глибина). Колізії; не показувати як декоративний об’єкт.,Assets/PolygonNatureBiomes/PNB_Swamp_Marshland/Models/Collision/SM_Prop_Wreckage_01_Collision.fbx,24,0785794dc112db351d06d99ffc342c421941d895b625357d0c655664b0d63ad4,
M0962,m_636af1a917aaae248b34962dba75bc57,Колізійна оболонка: човен,службова геометрія,службове,Колізійна оболонка: човен. Габарити джерела: 2.44 × 2.31 × 4.76 м (ширина × висота × глибина). Колізії; не показувати як декоративний об’єкт.,Assets/PolygonNatureBiomes/PNB_Swamp_Marshland/Models/Collision/SM_Veh_Airboat_01_Collision.fbx,112,6859cc49cb0391fabb9c8c3681fb4820b744708b84f0d33c492d9c64ce46a00c,
M0963,m_e0ea361f75757ed499a328a3613d45ca,Колізійна оболонка: корені або окремий стовбур,службова геометрія,службове,Колізійна оболонка: корені або окремий стовбур. Габарити джерела: 4.33 × 2.41 × 4.45 м (ширина × висота × глибина). Колізії; не показувати як декоративний об’єкт.,Assets/PolygonNatureBiomes/PNB_Swamp_Marshland/Models/Collision/Swamp_Tree_Roots_01_Collision.fbx,472,12f905acc1fa53de4687ff237c4cd6855858e15c0894da50d74f20537b10f333,
M0964,m_e505f6e06127f2f42be186f348b4457d,Господарський туалет · варіант 01,додатковий реквізит,резерв,Господарський туалет · варіант 01. Габарити джерела: 1.94 × 2.91 × 2.11 м (ширина × висота × глибина). Зберегти для окремого контексту після затвердження основних 12 композицій.,Assets/PolygonNatureBiomes/PNB_Swamp_Marshland/Models/SM_Bld_Outhouse_01.fbx,3701,463e04ff8afe99e9b774a366ba9d4365d58410cf08146901aa574e85560c81c1,
M0965,m_61d00c29460596c489810ae22aec8868,Невелика хатина · варіант 01,додатковий реквізит,резерв,Невелика хатина · варіант 01. Габарити джерела: 5.43 × 5.84 × 2.26 м (ширина × висота × глибина). Зберегти для окремого контексту після затвердження основних 12 композицій.,Assets/PolygonNatureBiomes/PNB_Swamp_Marshland/Models/SM_Bld_Shack_Ruins_01.fbx,2714,869c0da2283f52bd0fa3cfc4b065248b112f51f82cbe428ab8084efb7285200c,
M0966,m_e1f1f2c793c75f54b8e25b4ac1ad1fb0,Невелика хатина · варіант 01,додатковий реквізит,резерв,Невелика хатина · варіант 01. Габарити джерела: 5.51 × 6.56 × 4.51 м (ширина × висота × глибина). Зберегти для окремого контексту після затвердження основних 12 композицій.,Assets/PolygonNatureBiomes/PNB_Swamp_Marshland/Models/SM_Bld_Shack_Swamp_01.fbx,12884,d307556aa5db5038c6c3876ad27349a095b55814be8f63e733e6f60df0273cbf,
M0967,m_8878355a6ddd8db48a9bd2b3bf5df5c2,М’який пагорб · варіант 01,природа,кандидат,"М’який пагорб · варіант 01. Габарити джерела: 17.27 × 1.93 × 9.34 м (ширина × висота × глибина). Природний край, тло або малий акцент. Зберегти відкритий центр і прохід до галявини.",Assets/PolygonNatureBiomes/PNB_Swamp_Marshland/Models/SM_Env_Background_Hill_01.fbx,128,b04d3fb65f4a6a1d1daecccdbabe318b55dffd54c54af0cf7e89f4fcd7901f1b,
M0968,m_97b8e1c1313d99d49bbe67da24138d0c,Плаский дальній ландшафт · варіант 01,природа,кандидат,"Плаский дальній ландшафт · варіант 01. Габарити джерела: 160.91 × 24.48 × 61.24 м (ширина × висота × глибина). Природний край, тло або малий акцент. Зберегти відкритий центр і прохід до галявини.",Assets/PolygonNatureBiomes/PNB_Swamp_Marshland/Models/SM_Env_Background_Land_01.fbx,82,73ce694574b94fe6ee2e03819586532c9d90e696cfe2aaf3e22c94a03cb66a65,
M0969,m_965d9701af6c9d44db594e172d11a9df,Плаский дальній силует дерев · варіант 01,природа,кандидат,"Плаский дальній силует дерев · варіант 01. Габарити джерела: 8.58 × 19.43 × 0.16 м (ширина × висота × глибина). Природний край, тло або малий акцент. Зберегти відкритий центр і прохід до галявини.",Assets/PolygonNatureBiomes/PNB_Swamp_Marshland/Models/SM_Env_Background_Tree_01.fbx,4,1f5d9297142e3f950395da00359e9b1d69242481396bd3b912c85c43261db612,
M0970,m_38c76ab0be0b4cb4880a24c8735ae973,Плаский дальній силует дерев · варіант 02,природа,кандидат,"Плаский дальній силует дерев · варіант 02. Габарити джерела: 8.58 × 19.43 × 0.16 м (ширина × висота × глибина). Природний край, тло або малий акцент. Зберегти відкритий центр і прохід до галявини.",Assets/PolygonNatureBiomes/PNB_Swamp_Marshland/Models/SM_Env_Background_Tree_02.fbx,4,cc9ba84b6473a2cb2d9354b3a9d21f50d9eb995993f263e4fe98a409d8c49950,
M0971,m_f4e138e132343db46957b8b719da2e95,Плаский дальній силует дерев · варіант 01,природа,кандидат,"Плаский дальній силует дерев · варіант 01. Габарити джерела: 160.37 × 30.41 × 63.76 м (ширина × висота × глибина). Природний край, тло або малий акцент. Зберегти відкритий центр і прохід до галявини.",Assets/PolygonNatureBiomes/PNB_Swamp_Marshland/Models/SM_Env_Background_Trees_01.fbx,160,a61dc3f2ea76e6b661bba8ba0b40d2ea350ed9fc6ae8a6d72be6e20483ebbdb7,
M0972,m_5f3509f3a0c28734aa014bbb8b1ab539,Голий терновий кущ · варіант 01,природа,кандидат,"Голий терновий кущ · варіант 01. Габарити джерела: 2.84 × 1.65 × 2.65 м (ширина × висота × глибина). Природний край, тло або малий акцент. Зберегти відкритий центр і прохід до галявини.",Assets/PolygonNatureBiomes/PNB_Swamp_Marshland/Models/SM_Env_Bush_Bramble_01.fbx,3142,ec326452d6b7dba267732ed4dfa9c686c89d6632b7332666c57daf5bef32466a,
M0973,m_18609e9b51d9f2a46ae5d3d3e362f96d,Голий терновий кущ · варіант 02,природа,кандидат,"Голий терновий кущ · варіант 02. Габарити джерела: 3.43 × 1.60 × 2.92 м (ширина × висота × глибина). Природний край, тло або малий акцент. Зберегти відкритий центр і прохід до галявини.",Assets/PolygonNatureBiomes/PNB_Swamp_Marshland/Models/SM_Env_Bush_Bramble_02.fbx,4454,da403838994bb512c01499b26cc6ac2a7a5038880159ea98888823fa858bcbb5,
M0974,m_ed58608aa5dee924ea380d69fa9b2b3b,Трав’яні пучки · варіант 01,природа,кандидат,"Трав’яні пучки · варіант 01. Габарити джерела: 4.28 × 1.25 × 4.68 м (ширина × висота × глибина). Природний край, тло або малий акцент. Зберегти відкритий центр і прохід до галявини.",Assets/PolygonNatureBiomes/PNB_Swamp_Marshland/Models/SM_Env_Grass_Swamp_01.fbx,378,830d88fa12aed2321b21b742acf906a0e3dbacc897e318f37caa4bc40dd9b44c,
M0975,m_7b4991e3ac57abd49a3537648035194b,Трав’яні пучки · варіант 02,природа,кандидат,"Трав’яні пучки · варіант 02. Габарити джерела: 1.79 × 0.83 × 1.46 м (ширина × висота × глибина). Природний край, тло або малий акцент. Зберегти відкритий центр і прохід до галявини.",Assets/PolygonNatureBiomes/PNB_Swamp_Marshland/Models/SM_Env_Grass_Swamp_02.fbx,18,3045661a903952fc4ca7cefb35bbb93503c95dbe65bedb1a10c376b7216e647c,
M0976,m_16151683499941544b154320291bf0e8,Трав’яні пучки · варіант 03,природа,кандидат,"Трав’яні пучки · варіант 03. Габарити джерела: 1.91 × 0.80 × 1.93 м (ширина × висота × глибина). Природний край, тло або малий акцент. Зберегти відкритий центр і прохід до галявини.",Assets/PolygonNatureBiomes/PNB_Swamp_Marshland/Models/SM_Env_Grass_Swamp_03.fbx,54,7e5c9b62f061cdc77dac11f8077ca833d98d74bd874a17dc2f1ed98366bcb416,
M0977,m_720ccbd63ca8b9d41b71733c0e6fa300,Висока трава · варіант 06,неоформлена геометрія,потребує матеріалу,Висока трава · варіант 06. Габарити джерела: 1.00 × 1.00 × 1.00 м (ширина × висота × глибина). У вихідній фотографії embedded material без потрібної палітри/текстури. Спершу прив’язати матеріал.,Assets/PolygonNatureBiomes/PNB_Swamp_Marshland/Models/SM_Env_Grass_Tall_Clump_06.fbx,10,dffbae2f8f8754bf0d7e7b276ce39093379c5e82ff691137dc015d8abf579dee,
M0978,m_7f227d6f13e3225408d9dbe3268dc6a0,Висока трава · варіант 07,неоформлена геометрія,потребує матеріалу,Висока трава · варіант 07. Габарити джерела: 1.79 × 1.07 × 1.46 м (ширина × висота × глибина). У вихідній фотографії embedded material без потрібної палітри/текстури. Спершу прив’язати матеріал.,Assets/PolygonNatureBiomes/PNB_Swamp_Marshland/Models/SM_Env_Grass_Tall_Clump_07.fbx,18,e3616ccc550c902c7f148b8e68d08ee2214c775ef06fef95183a2711aba3fa13,
M0979,m_9a4dd607ff1697f4ab0726a0a2b266e8,Висока трава · варіант 08,неоформлена геометрія,потребує матеріалу,Висока трава · варіант 08. Габарити джерела: 1.91 × 1.03 × 1.93 м (ширина × висота × глибина). У вихідній фотографії embedded material без потрібної палітри/текстури. Спершу прив’язати матеріал.,Assets/PolygonNatureBiomes/PNB_Swamp_Marshland/Models/SM_Env_Grass_Tall_Clump_08.fbx,54,7456fbf2e55da45a0a2839f5419ea37bc0dfbdff9ef07699de06f05cb09cbebc,
M0980,m_286f09a940eb2f84a944b9fb36f28684,Латаття · варіант 01,природа,кандидат,"Латаття · варіант 01. Габарити джерела: 4.26 × 0.10 × 4.26 м (ширина × висота × глибина). Природний край, тло або малий акцент. Зберегти відкритий центр і прохід до галявини.",Assets/PolygonNatureBiomes/PNB_Swamp_Marshland/Models/SM_Env_LillyPads_01.fbx,1658,e166012ed60e0b8ee35f3be79dfd0e19bc1b3663704f60b4eed0cda6bd5bbf8c,
M0981,m_63b41a026fbb51b41baf1f50b4664b9d,Латаття · варіант 02,природа,кандидат,"Латаття · варіант 02. Габарити джерела: 2.40 × 0.08 × 3.65 м (ширина × висота × глибина). Природний край, тло або малий акцент. Зберегти відкритий центр і прохід до галявини.",Assets/PolygonNatureBiomes/PNB_Swamp_Marshland/Models/SM_Env_LillyPads_02.fbx,647,4b193c2b6240d25f4d7a8e9891da24af72ac44653b3f7b1c68c25c91bcdf0376,
M0982,m_e22dab2329f80c14a98aa110e4f6a437,Латаття · варіант 03,природа,кандидат,"Латаття · варіант 03. Габарити джерела: 2.83 × 0.08 × 1.83 м (ширина × висота × глибина). Природний край, тло або малий акцент. Зберегти відкритий центр і прохід до галявини.",Assets/PolygonNatureBiomes/PNB_Swamp_Marshland/Models/SM_Env_LillyPads_03.fbx,462,cec4c5eb8cd01d77967b75d7becc7669de91c6b35d19bf39f10d168fc7e0f5cb,D07;D08
M0983,m_22fef40477e53ce44ae5eae38e4d51b6,Латаття · варіант 04,природа,кандидат,"Латаття · варіант 04. Габарити джерела: 1.71 × 0.07 × 2.37 м (ширина × висота × глибина). Природний край, тло або малий акцент. Зберегти відкритий центр і прохід до галявини.",Assets/PolygonNatureBiomes/PNB_Swamp_Marshland/Models/SM_Env_LillyPads_04.fbx,371,edf3422c8d0e6ccd9a8c4871e65a9b362fdcf4aa0aaf1e0de024afac9d2e454b,
M0984,m_5dc74c2db8e0d664da4001885ee1eaf0,Моховий горбок · варіант 01,природа,кандидат,"Моховий горбок · варіант 01. Габарити джерела: 1.98 × 0.52 × 2.22 м (ширина × висота × глибина). Природний край, тло або малий акцент. Зберегти відкритий центр і прохід до галявини.",Assets/PolygonNatureBiomes/PNB_Swamp_Marshland/Models/SM_Env_MossMound_01.fbx,268,43a1caebeb07c821830fd75920fbc87bf002ff943e362cc68bd4119f7583dd8a,
M0985,m_3fea9435a2b18c749a834b51b19269ac,Моховий горбок · варіант 02,природа,кандидат,"Моховий горбок · варіант 02. Габарити джерела: 1.20 × 0.47 × 0.98 м (ширина × висота × глибина). Природний край, тло або малий акцент. Зберегти відкритий центр і прохід до галявини.",Assets/PolygonNatureBiomes/PNB_Swamp_Marshland/Models/SM_Env_MossMound_02.fbx,71,95e35f7a28b36c711f6590c2efaabb541dd9822a7a1d505abad962a64d1bacab,
M0986,m_3dc213605868d1546b6a46c79dc2d592,Моховий горбок · варіант 03,природа,кандидат,"Моховий горбок · варіант 03. Габарити джерела: 2.07 × 0.51 × 1.35 м (ширина × висота × глибина). Природний край, тло або малий акцент. Зберегти відкритий центр і прохід до галявини.",Assets/PolygonNatureBiomes/PNB_Swamp_Marshland/Models/SM_Env_MossMound_03.fbx,141,e1731da23e72bb417cf736bb1d71202f2a408480f18b9e0c270dd1be33853eb9,
M0987,m_18b997c676e20544fb1bd0e51fe3a1fb,Прибережний рогіз · варіант 01,природа,кандидат,"Прибережний рогіз · варіант 01. Габарити джерела: 0.95 × 3.56 × 1.02 м (ширина × висота × глибина). Природний край, тло або малий акцент. Зберегти відкритий центр і прохід до галявини.",Assets/PolygonNatureBiomes/PNB_Swamp_Marshland/Models/SM_Env_Reeds_01.fbx,536,bcf63591e22609d58122466a6baec81f16fe7492e49f0a8abeeacaa583182322,D08
M0988,m_a255dd3cc65dc794fa6b30fb8ad44c71,Прибережний рогіз · варіант 02,природа,кандидат,"Прибережний рогіз · варіант 02. Габарити джерела: 1.14 × 3.47 × 1.19 м (ширина × висота × глибина). Природний край, тло або малий акцент. Зберегти відкритий центр і прохід до галявини.",Assets/PolygonNatureBiomes/PNB_Swamp_Marshland/Models/SM_Env_Reeds_02.fbx,836,0588e807cbf9423ae8c4ec5dd4786a08f165ff813f1b122b6e997649aad730e4,
M0989,m_a1ae2bbdd64cece44b5d9afb34047335,Гранчастий валун · варіант 01,природа,кандидат,"Гранчастий валун · варіант 01. Габарити джерела: 2.87 × 2.30 × 3.14 м (ширина × висота × глибина). Природний край, тло або малий акцент. Зберегти відкритий центр і прохід до галявини.",Assets/PolygonNatureBiomes/PNB_Swamp_Marshland/Models/SM_Env_Rock_Swamp_01.fbx,182,42f9a6f9cd5387bbb6e3ec020f020fca8ad55c02222ac741e8df8a07287b8277,
M0990,m_1a923ea058691b947b7125ab51199c80,Трав’яні пучки · варіант 01,природа,кандидат,"Трав’яні пучки · варіант 01. Габарити джерела: 6.32 × 4.65 × 5.59 м (ширина × висота × глибина). Природний край, тло або малий акцент. Зберегти відкритий центр і прохід до галявини.",Assets/PolygonNatureBiomes/PNB_Swamp_Marshland/Models/SM_Env_SwampGrass_Group_01.fbx,1374,53533f8a4d0b58ed6dceff73de8f3cb8aca573780fa5dce2d7b54796998ea212,
M0991,m_ee3ac0bfc58f7324fac2cd2c1b578b66,Трав’яні пучки · варіант 02,природа,кандидат,"Трав’яні пучки · варіант 02. Габарити джерела: 10.00 × 4.52 × 8.43 м (ширина × висота × глибина). Природний край, тло або малий акцент. Зберегти відкритий центр і прохід до галявини.",Assets/PolygonNatureBiomes/PNB_Swamp_Marshland/Models/SM_Env_SwampGrass_Group_02.fbx,4138,0a2a2dddb1d137fee81277bfee4364da15f4251287496deaa53b1dc612cb7c68,
M0992,m_31ba62e96699c96459a6684e7518c338,Трав’яні пучки · варіант 03,природа,кандидат,"Трав’яні пучки · варіант 03. Габарити джерела: 3.82 × 4.61 × 4.34 м (ширина × висота × глибина). Природний край, тло або малий акцент. Зберегти відкритий центр і прохід до галявини.",Assets/PolygonNatureBiomes/PNB_Swamp_Marshland/Models/SM_Env_SwampGrass_Group_03.fbx,2484,1b4b8c410909ea0c9138a8fc33c04efb3af02c250438a32991e53103684d2c54,
M0993,m_579628ca637887049b03fb5797269642,Трава середньої висоти · варіант 01,природа,кандидат,"Трава середньої висоти · варіант 01. Габарити джерела: 3.63 × 2.14 × 2.23 м (ширина × висота × глибина). Природний край, тло або малий акцент. Зберегти відкритий центр і прохід до галявини.",Assets/PolygonNatureBiomes/PNB_Swamp_Marshland/Models/SM_Env_SwampGrass_Medium_01.fbx,194,90c9a33eebe622d4cdaf942accd5b847d11276a84dda555e21df911c4d83ad92,
M0994,m_3bc4f16af6034eb41ad2fd5b79153c99,Трав’яні пучки · варіант 01,природа,кандидат,"Трав’яні пучки · варіант 01. Габарити джерела: 1.82 × 1.97 × 1.93 м (ширина × висота × глибина). Природний край, тло або малий акцент. Зберегти відкритий центр і прохід до галявини.",Assets/PolygonNatureBiomes/PNB_Swamp_Marshland/Models/SM_Env_SwampGrass_Small_01.fbx,126,168eeadf6722a42047e5024cd641f46c421dae73dabdf2f304309073961d110e,
M0995,m_3044145ce2dbd424cbbe59a33d6ced72,Висока трава · варіант 01,природа,кандидат,"Висока трава · варіант 01. Габарити джерела: 1.94 × 4.61 × 2.68 м (ширина × висота × глибина). Природний край, тло або малий акцент. Зберегти відкритий центр і прохід до галявини.",Assets/PolygonNatureBiomes/PNB_Swamp_Marshland/Models/SM_Env_SwampGrass_Tall_01.fbx,414,95c9131504c26ae5b4db9762a094d800852ffc90cd932ed9874a4c88f2c00ab4,
M0996,m_38e8d99defe02564abf830aebe7333d0,Широке болотне листя · варіант 01,природа,кандидат,"Широке болотне листя · варіант 01. Габарити джерела: 2.20 × 3.42 × 2.58 м (ширина × висота × глибина). Природний край, тло або малий акцент. Зберегти відкритий центр і прохід до галявини.",Assets/PolygonNatureBiomes/PNB_Swamp_Marshland/Models/SM_Env_Swamp_Leaves_01.fbx,924,6fa3c027ebea70ebf05de5de595cfb319215fad2f914e40b9592dc144d1a3ab4,
M0997,m_04b37b02a6232ac4aa777563392c31f5,Широке болотне листя · варіант 02,природа,кандидат,"Широке болотне листя · варіант 02. Габарити джерела: 3.53 × 3.33 × 4.09 м (ширина × висота × глибина). Природний край, тло або малий акцент. Зберегти відкритий центр і прохід до галявини.",Assets/PolygonNatureBiomes/PNB_Swamp_Marshland/Models/SM_Env_Swamp_Leaves_02.fbx,1260,0a7964b3948b514088029bf70106a959f04f4bb2c77fdc056983ea92f7e51e87,
M0998,m_f69a9eb2aae7d98439ac81a0ce74ddf3,Колода або гілка · варіант 01,природа,кандидат,"Колода або гілка · варіант 01. Габарити джерела: 23.55 × 7.50 × 7.79 м (ширина × висота × глибина). Природний край, тло або малий акцент. Зберегти відкритий центр і прохід до галявини.",Assets/PolygonNatureBiomes/PNB_Swamp_Marshland/Models/SM_Env_Swamp_Log_01.fbx,2296,b8cc9535b79a530a7617bbfe4fba6d15ae07847ae09fa40e201061dfaac31800,
M0999,m_4719948c183e6d84f8613e68f36ceab1,Колода або гілка · варіант 02,природа,кандидат,"Колода або гілка · варіант 02. Габарити джерела: 11.86 × 2.60 × 4.22 м (ширина × висота × глибина). Природний край, тло або малий акцент. Зберегти відкритий центр і прохід до галявини.",Assets/PolygonNatureBiomes/PNB_Swamp_Marshland/Models/SM_Env_Swamp_Log_02.fbx,684,dbef0e4c6a378d2169db6f85db6c072b4658e5115ffead8ba0cdfbb39d660491,
M1000,m_3f8736e9a647c5f49930853117350037,Пласка поверхнева рослинність · варіант 01,додатковий реквізит,резерв,Пласка поверхнева рослинність · варіант 01. Габарити джерела: 4.06 × 0.15 × 4.06 м (ширина × висота × глибина). Зберегти для окремого контексту після затвердження основних 12 композицій.,Assets/PolygonNatureBiomes/PNB_Swamp_Marshland/Models/SM_Env_Swamp_Scum_01.fbx,9629,4f5f3ddb5337f109624c0adc297206fa893d08082f3a9efd31917ecdddea38ed,
M1001,m_9e2058740ccba3b4ebe8e55f27201674,Пласка поверхнева рослинність · варіант 02,додатковий реквізит,резерв,Пласка поверхнева рослинність · варіант 02. Габарити джерела: 4.06 × 0.11 × 2.90 м (ширина × висота × глибина). Зберегти для окремого контексту після затвердження основних 12 композицій.,Assets/PolygonNatureBiomes/PNB_Swamp_Marshland/Models/SM_Env_Swamp_Scum_02.fbx,2869,c826525142e54db4026503070e3e075dabec2a4cb39b0c0378c39be5328767ae,
M1002,m_a23a6603a1a483e40b56dd2bb414660f,Пласка поверхнева рослинність · варіант 03,додатковий реквізит,резерв,Пласка поверхнева рослинність · варіант 03. Габарити джерела: 2.52 × 0.10 × 1.19 м (ширина × висота × глибина). Зберегти для окремого контексту після затвердження основних 12 композицій.,Assets/PolygonNatureBiomes/PNB_Swamp_Marshland/Models/SM_Env_Swamp_Scum_03.fbx,458,664cb6226c822088ef60062ad06992382c07f081add468396ffee2edc8a67a95,
M1003,m_d697151ff0432e24b883236ff1bf9cdf,Пласка поверхнева рослинність · варіант 04,додатковий реквізит,резерв,Пласка поверхнева рослинність · варіант 04. Габарити джерела: 2.35 × 0.11 × 1.81 м (ширина × висота × глибина). Зберегти для окремого контексту після затвердження основних 12 композицій.,Assets/PolygonNatureBiomes/PNB_Swamp_Marshland/Models/SM_Env_Swamp_Scum_04.fbx,870,c4b8254a65450ba8b6c8e483c001e971a5e9c81d5d0b392174f853ff3b14f282,
M1004,m_a084fb1c3df0e004a9d0874e2284591f,Корені або окремий стовбур · варіант 01,природа,кандидат,"Корені або окремий стовбур · варіант 01. Габарити джерела: 6.55 × 3.86 × 6.65 м (ширина × висота × глибина). Природний край, тло або малий акцент. Зберегти відкритий центр і прохід до галявини.",Assets/PolygonNatureBiomes/PNB_Swamp_Marshland/Models/SM_Env_Swamp_Tree_Root_Preset_01.fbx,1144,258a67ca6c3bf01f40c42a8f639436891cb9bd61a8dcc5f6022b6d79a1b56e22,
M1005,m_8ae06502d947ab0429c61be1bb1f6235,Корені або окремий стовбур · варіант 02,природа,кандидат,"Корені або окремий стовбур · варіант 02. Габарити джерела: 7.33 × 3.86 × 4.23 м (ширина × висота × глибина). Природний край, тло або малий акцент. Зберегти відкритий центр і прохід до галявини.",Assets/PolygonNatureBiomes/PNB_Swamp_Marshland/Models/SM_Env_Swamp_Tree_Root_Preset_02.fbx,572,4b8db1b51dadb5b501f4b643c046019fd8e525e8eba79b45091f0785551a96aa,
M1006,m_b6f9a1df380046f4980790b6b52ce7b1,Високі пухнасті злаки · варіант 01,географічний резерв,резерв,Високі пухнасті злаки · варіант 01. Габарити джерела: 2.66 × 5.19 × 1.48 м (ширина × висота × глибина). Мангри та екзотичні злаки не застосовувати до українських ставків.,Assets/PolygonNatureBiomes/PNB_Swamp_Marshland/Models/SM_Env_Toetoe_01.fbx,2332,94c4809e6a97d8f1419b39f3813b492f9eeb5819aed941674f563f94dfcf8187,
M1007,m_df93a7f6d3a28b94b9cb9253af49b750,Високі пухнасті злаки · варіант 02,географічний резерв,резерв,Високі пухнасті злаки · варіант 02. Габарити джерела: 1.86 × 5.13 × 1.71 м (ширина × висота × глибина). Мангри та екзотичні злаки не застосовувати до українських ставків.,Assets/PolygonNatureBiomes/PNB_Swamp_Marshland/Models/SM_Env_Toetoe_02.fbx,848,66c84906a943a15640f49d71d2ace2dbd52fd786467a2f0266a8493d5f5e2e18,
M1008,m_04c6f51a8c8083149bbf680c73d52003,Сухе дерево · варіант 01,природа,кандидат,"Сухе дерево · варіант 01. Габарити джерела: 1.40 × 9.14 × 1.26 м (ширина × висота × глибина). Природний край, тло або малий акцент. Зберегти відкритий центр і прохід до галявини.",Assets/PolygonNatureBiomes/PNB_Swamp_Marshland/Models/SM_Env_Tree_Dead_01.fbx,342,0c8bebb8f3e0a7aa1bd2ee395748ac125a39a7652b2d07486efd0c406ca1f620,
M1009,m_5228f6f7b7190b94c9b0377c064be908,Сухе дерево · варіант 02,природа,кандидат,"Сухе дерево · варіант 02. Габарити джерела: 5.15 × 14.83 × 5.22 м (ширина × висота × глибина). Природний край, тло або малий акцент. Зберегти відкритий центр і прохід до галявини.",Assets/PolygonNatureBiomes/PNB_Swamp_Marshland/Models/SM_Env_Tree_Dead_02.fbx,1826,5eccdf22de916a566ce3789ac94304aa9e09d8cd8c352d99364ac448da362b11,
M1010,m_853c31da23a0aaf4a92b548619ffe93f,Мангрове дерево · варіант 01,географічний резерв,резерв,Мангрове дерево · варіант 01. Габарити джерела: 3.58 × 8.47 × 3.92 м (ширина × висота × глибина). Мангри та екзотичні злаки не застосовувати до українських ставків.,Assets/PolygonNatureBiomes/PNB_Swamp_Marshland/Models/SM_Env_Tree_Mangrove_01.fbx,5580,41cf09be621b765f53a18dffe569605232b43632646e867e68384c55e0e96454,
M1011,m_da0ee1af3873889418451e088371552a,Мангрове дерево · варіант 02,географічний резерв,резерв,Мангрове дерево · варіант 02. Габарити джерела: 3.38 × 7.17 × 3.46 м (ширина × висота × глибина). Мангри та екзотичні злаки не застосовувати до українських ставків.,Assets/PolygonNatureBiomes/PNB_Swamp_Marshland/Models/SM_Env_Tree_Mangrove_02.fbx,5176,fa7e810de708a787deda84622a5b92cc4802c412c04ef38bd8cac40e1594c532,
M1012,m_8b8da3c799bceb0458206d51cbc8fdba,Мангрове дерево · варіант 03,географічний резерв,резерв,Мангрове дерево · варіант 03. Габарити джерела: 2.96 × 5.73 × 3.29 м (ширина × висота × глибина). Мангри та екзотичні злаки не застосовувати до українських ставків.,Assets/PolygonNatureBiomes/PNB_Swamp_Marshland/Models/SM_Env_Tree_Mangrove_03.fbx,5276,e3c29583ff036ff7fd538aae9826b30c9af29fb7f5cac0024a95f0be5ed31fec,
M1013,m_16fe5b9d2acae4b4b84fe93ac404f4d5,Дерево · варіант 01,природа,потребує LOD,"Дерево · варіант 01. Габарити джерела: 10.97 × 24.79 × 9.81 м (ширина × висота × глибина). Source root містить густу геометрію та/або всі LOD. Для roadmap вибрати одну легку деталізацію, перевірити силует у малому масштабі.",Assets/PolygonNatureBiomes/PNB_Swamp_Marshland/Models/SM_Env_Tree_Swamp_01.fbx,55081,1ee05c636c41974b7a2c961cd77417b6cdd6fa0325d02e2a37517140fe6cb197,
M1014,m_bd5c089bf052b1c46811c6b9c3431913,Дерево,природа,потребує LOD,"Дерево. Габарити джерела: 10.97 × 23.39 × 9.58 м (ширина × висота × глибина). Source root містить густу геометрію та/або всі LOD. Для roadmap вибрати одну легку деталізацію, перевірити силует у малому масштабі.",Assets/PolygonNatureBiomes/PNB_Swamp_Marshland/Models/SM_Env_Tree_Swamp_01_ALT.fbx,53805,6d8fad340e6e0324c7851a1dcf77bc57a0d402bc41a316e1b4b6598e2510d0c4,
M1015,m_4d36f1345be7b454badddfe6adc603b5,Дерево · варіант 02,природа,потребує LOD,"Дерево · варіант 02. Габарити джерела: 10.27 × 17.36 × 9.99 м (ширина × висота × глибина). Source root містить густу геометрію та/або всі LOD. Для roadmap вибрати одну легку деталізацію, перевірити силует у малому масштабі.",Assets/PolygonNatureBiomes/PNB_Swamp_Marshland/Models/SM_Env_Tree_Swamp_02.fbx,52477,f860a7d938dbe3b4360c40e24967b80615acd7bd56d4ea865a4de5e80e80283f,
M1016,m_7ec38685da3fc9941962a1d6c75a23f2,Дерево · варіант 03,природа,кандидат,"Дерево · варіант 03. Габарити джерела: 11.70 × 11.22 × 12.64 м (ширина × висота × глибина). Природний край, тло або малий акцент. Зберегти відкритий центр і прохід до галявини.",Assets/PolygonNatureBiomes/PNB_Swamp_Marshland/Models/SM_Env_Tree_Swamp_03.fbx,23158,f85425daa31ac8061fbfe6878e78717eaadf92d21b75120dfabe74124d56b537,
M1017,m_73dec23e375d77946ade94567ecf88df,Дерево · варіант 04,природа,кандидат,"Дерево · варіант 04. Габарити джерела: 4.21 × 5.84 × 3.77 м (ширина × висота × глибина). Природний край, тло або малий акцент. Зберегти відкритий центр і прохід до галявини.",Assets/PolygonNatureBiomes/PNB_Swamp_Marshland/Models/SM_Env_Tree_Swamp_04.fbx,6490,bd0e8d66e8d13911ec7d24a62223bfe3c56fa381bc9f090ea6c6d63ab6ca0bf8,
M1018,m_e9ff6cbe8f33034498e2d83c2db9f537,Бочка або балон · варіант 01,додатковий реквізит,резерв,Бочка або балон · варіант 01. Габарити джерела: 0.70 × 1.07 × 0.73 м (ширина × висота × глибина). Зберегти для окремого контексту після затвердження основних 12 композицій.,Assets/PolygonNatureBiomes/PNB_Swamp_Marshland/Models/SM_Prop_Barrel_01.fbx,374,9f5662971fee1845561f21d575b6d91cdc412630500b8ac7d7656f179a89c81f,
M1019,m_5c3becff09ff56d499f59209cd6cf30b,Бочка або балон · варіант 02,додатковий реквізит,резерв,Бочка або балон · варіант 02. Габарити джерела: 1.97 × 1.31 × 1.71 м (ширина × висота × глибина). Зберегти для окремого контексту після затвердження основних 12 композицій.,Assets/PolygonNatureBiomes/PNB_Swamp_Marshland/Models/SM_Prop_Barrel_02.fbx,1122,3159e93dc687cb16d5ef5a9b1012850b4f62839a6efda334875273a4b0d93931,
M1020,m_074d888b25f451f40b53ce04440946ef,Моторошний реквізит · варіант 01,моторошний реквізит,виключено зі стилю,Моторошний реквізит · варіант 01. Габарити джерела: 0.31 × 0.12 × 0.55 м (ширина × висота × глибина). Не використовувати в затишних діорамах.,Assets/PolygonNatureBiomes/PNB_Swamp_Marshland/Models/SM_Prop_Bone_01.fbx,94,99cd818bbd0a133acbcc746303e859ce3ddc8fceba82816ee467d9c9640e7af1,
M1021,m_0429d7490b84b30499d22475e72044e7,Моторошний реквізит · варіант 01,моторошний реквізит,виключено зі стилю,Моторошний реквізит · варіант 01. Габарити джерела: 0.28 × 0.17 × 0.27 м (ширина × висота × глибина). Не використовувати в затишних діорамах.,Assets/PolygonNatureBiomes/PNB_Swamp_Marshland/Models/SM_Prop_Bone_Feet_01.fbx,298,de3973108f1dd473a344895a962f8f3c9716bc188a54bf61b9e33409a3b217b6,
M1022,m_f53b80527085c12469d8560a49982f55,Моторошний реквізит · варіант 01,моторошний реквізит,виключено зі стилю,Моторошний реквізит · варіант 01. Габарити джерела: 0.26 × 0.09 × 0.34 м (ширина × висота × глибина). Не використовувати в затишних діорамах.,Assets/PolygonNatureBiomes/PNB_Swamp_Marshland/Models/SM_Prop_Bone_Hand_01.fbx,358,7ce1875502c50c5c9f58a8980c7aefc7a220ee35579a43809bb205cc4eee85eb,
M1023,m_2433f17f61c59014c9e994ec42cb0ca5,Моторошний реквізит · варіант 01,моторошний реквізит,виключено зі стилю,Моторошний реквізит · варіант 01. Габарити джерела: 0.41 × 0.17 × 0.29 м (ширина × висота × глибина). Не використовувати в затишних діорамах.,Assets/PolygonNatureBiomes/PNB_Swamp_Marshland/Models/SM_Prop_Bone_Hip_01.fbx,124,911c8eff40194ab6aac366ca6d1835f9772e7ab2ef37795d81656bbdf39e04db,
M1024,m_54a2e0163ca4a4844b59938fc8b57f20,Моторошний реквізит · варіант 01,моторошний реквізит,виключено зі стилю,Моторошний реквізит · варіант 01. Габарити джерела: 0.83 × 0.18 × 0.89 м (ширина × висота × глибина). Не використовувати в затишних діорамах.,Assets/PolygonNatureBiomes/PNB_Swamp_Marshland/Models/SM_Prop_Bone_Pile_01.fbx,424,038fbd345de335373d7a3b79d67eebeefacaddfef39e96921a9b26081cf98827,
M1025,m_295ff44038ac2d64b96bea9df2abfce0,Моторошний реквізит · варіант 02,моторошний реквізит,виключено зі стилю,Моторошний реквізит · варіант 02. Габарити джерела: 1.10 × 0.18 × 1.22 м (ширина × висота × глибина). Не використовувати в затишних діорамах.,Assets/PolygonNatureBiomes/PNB_Swamp_Marshland/Models/SM_Prop_Bone_Pile_02.fbx,1138,8c497cbbed98f5a632c459c19af5f56d0eeca692a574daecb9d054e52b58430b,
M1026,m_4c5ac0e78450f44459619106a09fd682,Моторошний реквізит · варіант 01,моторошний реквізит,виключено зі стилю,Моторошний реквізит · варіант 01. Габарити джерела: 0.61 × 0.37 × 0.74 м (ширина × висота × глибина). Не використовувати в затишних діорамах.,Assets/PolygonNatureBiomes/PNB_Swamp_Marshland/Models/SM_Prop_Bone_Ribcage_01.fbx,920,187dd117420b27b7e7befe35a6acf77e9e10a9513aecb919543198d17bd70c94,
M1027,m_2017eb80be0fcb14aa05bb7b86dd0799,Моторошний реквізит · варіант 01,моторошний реквізит,виключено зі стилю,Моторошний реквізит · варіант 01. Габарити джерела: 0.37 × 0.36 × 0.43 м (ширина × висота × глибина). Не використовувати в затишних діорамах.,Assets/PolygonNatureBiomes/PNB_Swamp_Marshland/Models/SM_Prop_Bone_Skull_01.fbx,388,ee61f0846f9ba72a5cd38b82e894df79d9c44b4f4acd2184ab08f01ab601e5ce,
M1028,m_62ecf934db091a543bc4b55e1fbc53d7,Моторошний реквізит · варіант 01,моторошний реквізит,виключено зі стилю,Моторошний реквізит · варіант 01. Габарити джерела: 0.22 × 0.22 × 0.99 м (ширина × висота × глибина). Не використовувати в затишних діорамах.,Assets/PolygonNatureBiomes/PNB_Swamp_Marshland/Models/SM_Prop_Bone_Spine_01.fbx,646,0a834a69f5d8e90bf14d6680c62f83447344361847aff9e7316d3cc06598863d,
M1029,m_ff268bae155488c45a586b792e82a901,Дерев’яне каное · варіант 01,побут / туризм,кандидат,Дерев’яне каное · варіант 01. Габарити джерела: 1.10 × 0.73 × 5.05 м (ширина × висота × глибина). Один-два побутові акценти біля краю галявини; огорожі/настили мають власника й реальний підхід.,Assets/PolygonNatureBiomes/PNB_Swamp_Marshland/Models/SM_Prop_Canoe_01.fbx,809,840bec9c10621a643efa12eba8dc3cb6e3359a5ff58c664010fc78d93c660a4d,D07
M1030,m_48db80e6a4ae5ac4d9f39b57548a2c72,Огорожа спеціального призначення · варіант 01,моторошний реквізит,виключено зі стилю,Огорожа спеціального призначення · варіант 01. Габарити джерела: 2.50 × 1.07 × 0.13 м (ширина × висота × глибина). Не використовувати в затишних діорамах.,Assets/PolygonNatureBiomes/PNB_Swamp_Marshland/Models/SM_Prop_CemeteryFence_01.fbx,502,26e732d25f727b6e090b2deafbbe538d116f69e7a9d18db48fcc52f8e29e40dd,
M1031,m_e2cdc7bd2cb766a488de0a19fb25bff2,Огорожа спеціального призначення · варіант 02,моторошний реквізит,виключено зі стилю,Огорожа спеціального призначення · варіант 02. Габарити джерела: 1.82 × 1.17 × 0.46 м (ширина × висота × глибина). Не використовувати в затишних діорамах.,Assets/PolygonNatureBiomes/PNB_Swamp_Marshland/Models/SM_Prop_CemeteryFence_02.fbx,328,f3d0306ff3149ba350c0d39757eae09661d1aa87f276287153f59b6e4bb760a4,
M1032,m_1938c0d605f72954cb5a223dfed9df4d,Огорожа спеціального призначення · варіант 01,моторошний реквізит,виключено зі стилю,Огорожа спеціального призначення · варіант 01. Габарити джерела: 0.21 × 1.32 × 0.21 м (ширина × висота × глибина). Не використовувати в затишних діорамах.,Assets/PolygonNatureBiomes/PNB_Swamp_Marshland/Models/SM_Prop_CemeteryFence_End_01.fbx,260,f99f2caf2419b30b9b03a7eb3a70496a469889a0861c9c02f8cbc873c45f337d,
M1033,m_59e15553c3960384f8891052c463162d,Дерев’яний ящик · варіант 01,побут / туризм,кандидат,Дерев’яний ящик · варіант 01. Габарити джерела: 1.07 × 1.11 × 1.07 м (ширина × висота × глибина). Один-два побутові акценти біля краю галявини; огорожі/настили мають власника й реальний підхід.,Assets/PolygonNatureBiomes/PNB_Swamp_Marshland/Models/SM_Prop_Crate_01.fbx,1211,9e9177d777adc06beabfcc0f8c810d5ec3f74cc97048cee780c07d787fcceb47,
M1034,m_7a1ef6945bf892345a109a988c53707b,Дерев’яний ящик · варіант 02,побут / туризм,кандидат,Дерев’яний ящик · варіант 02. Габарити джерела: 1.07 × 1.07 × 1.07 м (ширина × висота × глибина). Один-два побутові акценти біля краю галявини; огорожі/настили мають власника й реальний підхід.,Assets/PolygonNatureBiomes/PNB_Swamp_Marshland/Models/SM_Prop_Crate_02.fbx,967,92b870cd534ddf1b71d5877b0d172cf2a692a750383483017a3a08f0a74820cd,
M1035,m_7cba441fb75fca845a24a31c49ccc143,Ловець снів · варіант 01,моторошний реквізит,виключено зі стилю,Ловець снів · варіант 01. Габарити джерела: 0.55 × 1.54 × 0.10 м (ширина × висота × глибина). Не використовувати в затишних діорамах.,Assets/PolygonNatureBiomes/PNB_Swamp_Marshland/Models/SM_Prop_DreamCatcher_01.fbx,1870,f873761b025d67706f3608c2b3af2775b1f079bde72bb25fda56dc07d651bb7d,
M1036,m_529efa10eb201bb47a06dfd5e670d78a,Моторошний реквізит · варіант 01,моторошний реквізит,виключено зі стилю,Моторошний реквізит · варіант 01. Габарити джерела: 2.15 × 4.51 × 0.71 м (ширина × висота × глибина). Не використовувати в затишних діорамах.,Assets/PolygonNatureBiomes/PNB_Swamp_Marshland/Models/SM_Prop_Effigy_01.fbx,7444,68811d75e22b1c609ca58d7d0b5c286063c7474ab429aef7b3c85c419a77f0d8,
M1037,m_640e09808470a85419dc91943ceb800a,Моторошний реквізит · варіант 02,моторошний реквізит,виключено зі стилю,Моторошний реквізит · варіант 02. Габарити джерела: 1.36 × 3.67 × 0.70 м (ширина × висота × глибина). Не використовувати в затишних діорамах.,Assets/PolygonNatureBiomes/PNB_Swamp_Marshland/Models/SM_Prop_Effigy_02.fbx,3198,baf3141baa79b9b4b786d3e9c2b010d8be150fd261ced613d42343022f63f5d3,
M1038,m_2b1676d288dbccc4da712251826754c8,Дерев’яна огорожа або ворітця · варіант 01,побут / туризм,кандидат,Дерев’яна огорожа або ворітця · варіант 01. Габарити джерела: 1.82 × 1.32 × 0.22 м (ширина × висота × глибина). Один-два побутові акценти біля краю галявини; огорожі/настили мають власника й реальний підхід.,Assets/PolygonNatureBiomes/PNB_Swamp_Marshland/Models/SM_Prop_Fence_01.fbx,720,31dc95c0d7e518a3257c4ec519ef2c450fb0bd398898bbaf629eabc85620e2bb,
M1039,m_8d3e3757b65dc804d832e2d0b2447b64,Дерев’яна огорожа або ворітця · варіант 02,побут / туризм,кандидат,Дерев’яна огорожа або ворітця · варіант 02. Габарити джерела: 1.75 × 1.36 × 0.28 м (ширина × висота × глибина). Один-два побутові акценти біля краю галявини; огорожі/настили мають власника й реальний підхід.,Assets/PolygonNatureBiomes/PNB_Swamp_Marshland/Models/SM_Prop_Fence_02.fbx,427,502c702a5e5236ff24614c248a732db7faca40af7228d51856059fb796486399,
M1040,m_213556cf0c422184385ad2f4bcf49b09,Дерев’яна огорожа або ворітця · варіант 03,побут / туризм,кандидат,Дерев’яна огорожа або ворітця · варіант 03. Габарити джерела: 2.72 × 1.13 × 1.18 м (ширина × висота × глибина). Один-два побутові акценти біля краю галявини; огорожі/настили мають власника й реальний підхід.,Assets/PolygonNatureBiomes/PNB_Swamp_Marshland/Models/SM_Prop_Fence_03.fbx,436,027c4fdc341bb9d4d5626f37b7cc2953a7718594c788c2dccbfc48ec45210e15,
M1041,m_851790f4a0047bf44bb34448d113313b,Дерев’яна огорожа або ворітця · варіант 01,побут / туризм,кандидат,Дерев’яна огорожа або ворітця · варіант 01. Габарити джерела: 1.73 × 1.66 × 0.29 м (ширина × висота × глибина). Один-два побутові акценти біля краю галявини; огорожі/настили мають власника й реальний підхід.,Assets/PolygonNatureBiomes/PNB_Swamp_Marshland/Models/SM_Prop_Fence_Broken_01.fbx,384,a4cd75fb27a918a31b129c14fb53d0578baa8c8a27822803446a37f66a7d5bd2,
M1042,m_45b76785cc77c18458773fa884497907,Дерев’яний настил або його деталь · варіант 01,побут / туризм,кандидат,Дерев’яний настил або його деталь · варіант 01. Габарити джерела: 2.06 × 2.62 × 2.46 м (ширина × висота × глибина). Один-два побутові акценти біля краю галявини; огорожі/настили мають власника й реальний підхід.,Assets/PolygonNatureBiomes/PNB_Swamp_Marshland/Models/SM_Prop_Jetty_01.fbx,1184,2ec1a60bdc1ca32b765104ac85ae0e254f60f4781fa0a2eeecdc1e16a1e2557f,
M1043,m_5ce15b1aacb5f2245859049168ed5aa5,Дерев’яний настил або його деталь · варіант 02,побут / туризм,кандидат,Дерев’яний настил або його деталь · варіант 02. Габарити джерела: 2.03 × 2.74 × 4.28 м (ширина × висота × глибина). Один-два побутові акценти біля краю галявини; огорожі/настили мають власника й реальний підхід.,Assets/PolygonNatureBiomes/PNB_Swamp_Marshland/Models/SM_Prop_Jetty_02.fbx,2044,b070c3398e16f61d2b71cd1442b7ba0105a237a0fad2516339f6155b202d3757,
M1044,m_c05ec099b8fcdac45991783d7e79df9a,Дерев’яний настил або його деталь · варіант 03,побут / туризм,кандидат,Дерев’яний настил або його деталь · варіант 03. Габарити джерела: 2.07 × 2.74 × 6.15 м (ширина × висота × глибина). Один-два побутові акценти біля краю галявини; огорожі/настили мають власника й реальний підхід.,Assets/PolygonNatureBiomes/PNB_Swamp_Marshland/Models/SM_Prop_Jetty_03.fbx,2894,7dbe00500f96f22fecca79f49a68b72f1bc51d294963f4ab999b8bd5816d9753,
M1045,m_875a17401d558ab42b202cceb166812c,Дерев’яний настил або його деталь · варіант 01,побут / туризм,кандидат,Дерев’яний настил або його деталь · варіант 01. Габарити джерела: 2.01 × 2.61 × 2.35 м (ширина × висота × глибина). Один-два побутові акценти біля краю галявини; огорожі/настили мають власника й реальний підхід.,Assets/PolygonNatureBiomes/PNB_Swamp_Marshland/Models/SM_Prop_Jetty_Broken_01.fbx,870,6072fc8e880d8c7e1ac33e8f47c55b2b5c9b7111df7dd35978afcb864897ed54,
M1046,m_351672cb664a6d54c8eb906f252283fc,Дерев’яний настил або його деталь · варіант 02,побут / туризм,кандидат,Дерев’яний настил або його деталь · варіант 02. Габарити джерела: 2.08 × 2.63 × 3.43 м (ширина × висота × глибина). Один-два побутові акценти біля краю галявини; огорожі/настили мають власника й реальний підхід.,Assets/PolygonNatureBiomes/PNB_Swamp_Marshland/Models/SM_Prop_Jetty_Broken_02.fbx,1498,1306b7d690e2bbee67db92961119bd7751f709be4f7e7ad92e612d5b93673835,
M1047,m_363b3a857dd1ac94982c3dbf0fc223ae,Дерев’яний настил або його деталь · варіант 01,побут / туризм,кандидат,Дерев’яний настил або його деталь · варіант 01. Габарити джерела: 0.40 × 0.15 × 6.20 м (ширина × висота × глибина). Один-два побутові акценти біля краю галявини; огорожі/настили мають власника й реальний підхід.,Assets/PolygonNatureBiomes/PNB_Swamp_Marshland/Models/SM_Prop_Jetty_Plank_01.fbx,64,3dc4f6d65b31bff1c0bb9115e5762417a3ee4d11ad3cad3c38a40b32030a8fda,
M1048,m_434cb4b499a2a5e4292ad516e061deba,Дерев’яний настил або його деталь · варіант 02,побут / туризм,кандидат,Дерев’яний настил або його деталь · варіант 02. Габарити джерела: 0.64 × 0.19 × 5.86 м (ширина × висота × глибина). Один-два побутові акценти біля краю галявини; огорожі/настили мають власника й реальний підхід.,Assets/PolygonNatureBiomes/PNB_Swamp_Marshland/Models/SM_Prop_Jetty_Plank_02.fbx,60,7a887cee6fce5f3cc3a5e407afa07325ba9377ec085b7590470185334f221b17,
M1049,m_6db97e49ec868cb469f90759eb26062a,Дерев’яний настил або його деталь · варіант 03,побут / туризм,кандидат,Дерев’яний настил або його деталь · варіант 03. Габарити джерела: 0.76 × 0.19 × 6.10 м (ширина × висота × глибина). Один-два побутові акценти біля краю галявини; огорожі/настили мають власника й реальний підхід.,Assets/PolygonNatureBiomes/PNB_Swamp_Marshland/Models/SM_Prop_Jetty_Plank_03.fbx,126,34a0e5742f505e921a33b5ca9951f1cad682fee23dda5d45523906c552ee326d,
M1050,m_239fd90d9dca3fc429f650ec4d97dce5,Дерев’яний настил або його деталь · варіант 04,побут / туризм,кандидат,Дерев’яний настил або його деталь · варіант 04. Габарити джерела: 0.89 × 0.26 × 6.20 м (ширина × висота × глибина). Один-два побутові акценти біля краю галявини; огорожі/настили мають власника й реальний підхід.,Assets/PolygonNatureBiomes/PNB_Swamp_Marshland/Models/SM_Prop_Jetty_Plank_04.fbx,124,1da8c42f0b990f6530e401dd673e4029808a8db08b565e57f740b11dee314236,
M1051,m_3f8a23aa0313d5041bf09b1e8e66ea28,Дерев’яний настил або його деталь · варіант 05,побут / туризм,кандидат,Дерев’яний настил або його деталь · варіант 05. Габарити джерела: 0.76 × 1.27 × 6.05 м (ширина × висота × глибина). Один-два побутові акценти біля краю галявини; огорожі/настили мають власника й реальний підхід.,Assets/PolygonNatureBiomes/PNB_Swamp_Marshland/Models/SM_Prop_Jetty_Plank_05.fbx,126,a297657e54c31375e706c0c97d5e291f05d44bb59ece7d8d1415e706b6a1901a,
M1052,m_3fbfa520a3660c84283c0387d7d07f7c,Дерев’яний настил або його деталь · варіант 01,побут / туризм,кандидат,Дерев’яний настил або його деталь · варіант 01. Габарити джерела: 2.04 × 3.15 × 4.53 м (ширина × висота × глибина). Один-два побутові акценти біля краю галявини; огорожі/настили мають власника й реальний підхід.,Assets/PolygonNatureBiomes/PNB_Swamp_Marshland/Models/SM_Prop_Jetty_Stairs_01.fbx,1890,3759a182532ee4e73dbf512e007e728d7315e05900638c46e1be8d8acc0fa1ae,
M1053,m_af64341c8c065c646a93941af2bc4aac,Дерев’яний настил або його деталь · варіант 01,побут / туризм,кандидат,Дерев’яний настил або його деталь · варіант 01. Габарити джерела: 1.23 × 2.60 × 0.37 м (ширина × висота × глибина). Один-два побутові акценти біля краю галявини; огорожі/настили мають власника й реальний підхід.,Assets/PolygonNatureBiomes/PNB_Swamp_Marshland/Models/SM_Prop_Jetty_Support_01.fbx,376,46f81950e8c6b69b68f5afbf50641acaff0132509932ce5c19cbbb0a1e1cc77b,
M1054,m_2ab462ca219811e4ab3a68d6eca9c55c,Дерев’яний настил або його деталь · варіант 02,побут / туризм,кандидат,Дерев’яний настил або його деталь · варіант 02. Габарити джерела: 1.23 × 2.61 × 0.43 м (ширина × висота × глибина). Один-два побутові акценти біля краю галявини; огорожі/настили мають власника й реальний підхід.,Assets/PolygonNatureBiomes/PNB_Swamp_Marshland/Models/SM_Prop_Jetty_Support_02.fbx,374,36e49c6e687b80a9209e62cff5eb2026d92398e3cfb61f21d1a816d4d48e7c06,
M1055,m_4c9126e719d15a44f8dbda0a3835620e,Зачіска · варіант 01,додатковий реквізит,резерв,Зачіска · варіант 01. Габарити джерела: 0.56 × 0.91 × 0.52 м (ширина × висота × глибина). Зберегти для окремого контексту після затвердження основних 12 композицій.,Assets/PolygonNatureBiomes/PNB_Swamp_Marshland/Models/SM_Prop_Junk_Chair_01.fbx,502,0c84490aa2a13e7ba934e76f9366c7524e4d3536dd24048c27fd1817083c2591,
M1056,m_0772cf35f6488f6408785994cd063f02,Уламок або металобрухт · варіант 01,додатковий реквізит,резерв,Уламок або металобрухт · варіант 01. Габарити джерела: 0.92 × 0.75 × 0.71 м (ширина × висота × глибина). Зберегти для окремого контексту після затвердження основних 12 композицій.,Assets/PolygonNatureBiomes/PNB_Swamp_Marshland/Models/SM_Prop_Junk_Rusty_Engine_01.fbx,2106,62697dbee0a97fbd0ca4305908cb51af5eb6b37c1d17c78219d9a7fae9de4f9f,
M1057,m_90b1575f116bb30499c1d68eae26c89d,Уламок або металобрухт · варіант 01,додатковий реквізит,резерв,Уламок або металобрухт · варіант 01. Габарити джерела: 0.62 × 0.25 × 1.22 м (ширина × висота × глибина). Зберегти для окремого контексту після затвердження основних 12 композицій.,Assets/PolygonNatureBiomes/PNB_Swamp_Marshland/Models/SM_Prop_Junk_Rusty_Exhaust_01.fbx,196,cfb30d5a66172decfee674bca60cac12e1c8d422faea6aabf4b03e1f56586dc8,
M1058,m_838d0b2e2276f854fadce179da97eeae,Уламок або металобрухт · варіант 01,додатковий реквізит,резерв,Уламок або металобрухт · варіант 01. Габарити джерела: 0.15 × 1.00 × 1.00 м (ширина × висота × глибина). Зберегти для окремого контексту після затвердження основних 12 композицій.,Assets/PolygonNatureBiomes/PNB_Swamp_Marshland/Models/SM_Prop_Junk_Wheel_01.fbx,706,a96178c01a0397f041e74466bbaf320fd2ed0a92a324b1f799f0ac3953cf086e,
M1059,m_6b3ee1fdd7ea7e84b8d42c6ec2d1bff0,Труба або технічне обладнання · варіант 01,додатковий реквізит,резерв,Труба або технічне обладнання · варіант 01. Габарити джерела: 0.47 × 0.47 × 1.63 м (ширина × висота × глибина). Зберегти для окремого контексту після затвердження основних 12 композицій.,Assets/PolygonNatureBiomes/PNB_Swamp_Marshland/Models/SM_Prop_Sewerpipe_01.fbx,146,a05e056b16c21fa8668c648ec31ef70b89335d634a69ac565501ddac408d21d8,
M1060,m_44f811921b18ee2468f50395f3a167d4,Труба або технічне обладнання · варіант 01,додатковий реквізит,резерв,Труба або технічне обладнання · варіант 01. Габарити джерела: 1.13 × 0.47 × 1.25 м (ширина × висота × глибина). Зберегти для окремого контексту після затвердження основних 12 композицій.,Assets/PolygonNatureBiomes/PNB_Swamp_Marshland/Models/SM_Prop_Sewerpipe_Corner_01.fbx,230,1e83b6d23da4a50c103f7a65922fcfb22d6e67954f58e46f847b32fbc75bd0cb,
M1061,m_0ae3b75e72051b94a8c065ce128442a0,Труба або технічне обладнання · варіант 01,додатковий реквізит,резерв,Труба або технічне обладнання · варіант 01. Габарити джерела: 0.48 × 0.79 × 1.82 м (ширина × висота × глибина). Зберегти для окремого контексту після затвердження основних 12 композицій.,Assets/PolygonNatureBiomes/PNB_Swamp_Marshland/Models/SM_Prop_Sewerpipe_End_01.fbx,376,8148d4857bdaad6db2d5236ddcbfb5ff9bff5b332bf37aed37b6e99a669ddf9d,
M1062,m_e28917045706e694b8fd6171abde14a7,Труба або технічне обладнання · варіант 02,додатковий реквізит,резерв,Труба або технічне обладнання · варіант 02. Габарити джерела: 0.47 × 1.52 × 0.75 м (ширина × висота × глибина). Зберегти для окремого контексту після затвердження основних 12 композицій.,Assets/PolygonNatureBiomes/PNB_Swamp_Marshland/Models/SM_Prop_Sewerpipe_End_02.fbx,170,a21e209befe125795ce7a14f56fc5aa5e3a4d5cb259e5ce7758da2e400d13b80,
M1063,m_b08fc8569f6b47c42a947c88cf12de7a,Труба або технічне обладнання · варіант 01,додатковий реквізит,резерв,Труба або технічне обладнання · варіант 01. Габарити джерела: 0.17 × 0.61 × 1.55 м (ширина × висота × глибина). Зберегти для окремого контексту після затвердження основних 12 композицій.,Assets/PolygonNatureBiomes/PNB_Swamp_Marshland/Models/SM_Prop_Sewerpipe_Slime_01.fbx,117,0d5da7e11e23d88b1454435aa484ed58771d8d94eef929308766d46ab5fe4b3f,
M1064,m_51fc42b27939a414cba1c2ab7649a201,Труба або технічне обладнання · варіант 01,додатковий реквізит,резерв,Труба або технічне обладнання · варіант 01. Габарити джерела: 1.06 × 1.70 × 0.25 м (ширина × висота × глибина). Зберегти для окремого контексту після затвердження основних 12 композицій.,Assets/PolygonNatureBiomes/PNB_Swamp_Marshland/Models/SM_Prop_Sewerpipe_Stand_01.fbx,224,68e00acbb04962f724afbbe27ae0198a6458a8372f64bb7b6338735a6f23cd3d,
M1065,m_54bed0055772ff7498d226241028c0a8,Моторошний реквізит · варіант 01,моторошний реквізит,виключено зі стилю,Моторошний реквізит · варіант 01. Габарити джерела: 0.27 × 1.02 × 0.28 м (ширина × висота × глибина). Не використовувати в затишних діорамах.,Assets/PolygonNatureBiomes/PNB_Swamp_Marshland/Models/SM_Prop_Shrunken_Head_01.fbx,1058,16683fb63df1697a2b1c6d6408cee6f53386c61bea3c8809ea13ee11571257ee,
M1066,m_f59635659670a924088f3e4d8bee96fa,Моторошний реквізит · варіант 02,моторошний реквізит,виключено зі стилю,Моторошний реквізит · варіант 02. Габарити джерела: 0.38 × 1.11 × 0.29 м (ширина × висота × глибина). Не використовувати в затишних діорамах.,Assets/PolygonNatureBiomes/PNB_Swamp_Marshland/Models/SM_Prop_Shrunken_Head_02.fbx,1056,bb0dae73b1e7b49f19785ab9d2ff93d6755a938125944510cd8bcd76ccf9c3d3,
M1067,m_d7603beb6c622d0448d77af06a1b403b,Пень із корінням · варіант 01,неоформлена геометрія,потребує матеріалу,Пень із корінням · варіант 01. Габарити джерела: 3.03 × 1.96 × 2.62 м (ширина × висота × глибина). У вихідній фотографії embedded material без потрібної палітри/текстури. Спершу прив’язати матеріал.,Assets/PolygonNatureBiomes/PNB_Swamp_Marshland/Models/SM_Prop_Stump_01.fbx,1223,79e7eb1ad72ca5eba9682241e601059938193be4e2a650df4ab6207456f4e44a,
M1068,m_914d62d91acf4134fb0774e421af4599,Пень із корінням · варіант 02,неоформлена геометрія,потребує матеріалу,Пень із корінням · варіант 02. Габарити джерела: 3.03 × 1.66 × 2.62 м (ширина × висота × глибина). У вихідній фотографії embedded material без потрібної палітри/текстури. Спершу прив’язати матеріал.,Assets/PolygonNatureBiomes/PNB_Swamp_Marshland/Models/SM_Prop_Stump_02.fbx,869,ee800a03ad398cc98f4bfc0960e6cf317290dd2ac728ee9f42cb053ffa7134c1,
M1069,m_f4b9eb790c057ae4a91bc6ea016bab6c,Моторошне ліхтарне дерево · варіант 01,моторошний реквізит,виключено зі стилю,Моторошне ліхтарне дерево · варіант 01. Габарити джерела: 1.28 × 2.79 × 1.05 м (ширина × висота × глибина). Не використовувати в затишних діорамах.,Assets/PolygonNatureBiomes/PNB_Swamp_Marshland/Models/SM_Prop_Swamp_Lantern_01.fbx,4513,8581d267c4dc7c0155323085811a4488d4e7d8b79f8341fa2b2f5e294d5831e8,
M1070,m_0e6b25ee7e233254f9f926e843123c1c,Моторошне ліхтарне дерево · варіант 02,моторошний реквізит,виключено зі стилю,Моторошне ліхтарне дерево · варіант 02. Габарити джерела: 1.19 × 1.95 × 1.14 м (ширина × висота × глибина). Не використовувати в затишних діорамах.,Assets/PolygonNatureBiomes/PNB_Swamp_Marshland/Models/SM_Prop_Swamp_Lantern_02.fbx,4504,7f2af2bf3364c41b74b3f92458b161f81c118422a4052d62e3283a82f3680dc3,
M1071,m_957ce946a478a404383b0087e0074c98,Колода або гілка · варіант 01,природа,кандидат,"Колода або гілка · варіант 01. Габарити джерела: 3.02 × 3.31 × 11.40 м (ширина × висота × глибина). Природний край, тло або малий акцент. Зберегти відкритий центр і прохід до галявини.",Assets/PolygonNatureBiomes/PNB_Swamp_Marshland/Models/SM_Prop_Swamp_Log_01.fbx,1111,c9443f1458850ca4ce66164f7a35c980431128f9c25b59577d1e4a52dbc81f72,
M1072,m_920187560fc7c12498e4389e1c6ed942,Колода або гілка · варіант 02,природа,кандидат,"Колода або гілка · варіант 02. Габарити джерела: 2.22 × 2.13 × 6.89 м (ширина × висота × глибина). Природний край, тло або малий акцент. Зберегти відкритий центр і прохід до галявини.",Assets/PolygonNatureBiomes/PNB_Swamp_Marshland/Models/SM_Prop_Swamp_Log_02.fbx,576,9aec8b0068381932820d5e72943027b769520b3a5453662530a17787e0eee616,
M1073,m_c5deee9c04958064baeefc33bfcf453a,Колода або гілка · варіант 03,природа,кандидат,"Колода або гілка · варіант 03. Габарити джерела: 5.39 × 6.81 × 6.99 м (ширина × висота × глибина). Природний край, тло або малий акцент. Зберегти відкритий центр і прохід до галявини.",Assets/PolygonNatureBiomes/PNB_Swamp_Marshland/Models/SM_Prop_Swamp_Log_03.fbx,748,df13984af23d2de5108581b23c8b41466d05ff8d822bca2cb116b1656b4256a2,
M1074,m_53e5833f1207ba544aad7e3c8712cc21,Колода або гілка · варіант 04,природа,кандидат,"Колода або гілка · варіант 04. Габарити джерела: 1.75 × 1.82 × 8.26 м (ширина × висота × глибина). Природний край, тло або малий акцент. Зберегти відкритий центр і прохід до галявини.",Assets/PolygonNatureBiomes/PNB_Swamp_Marshland/Models/SM_Prop_Swamp_Log_04.fbx,308,5b0c9fc8e8c705c0aa06d25469f7002d4f2929477bfa4f902d7769c3acad3a42,
M1075,m_5b99f641081edaf46a127b60341c72dc,Колода або гілка · варіант 05,природа,кандидат,"Колода або гілка · варіант 05. Габарити джерела: 4.34 × 4.12 × 14.54 м (ширина × висота × глибина). Природний край, тло або малий акцент. Зберегти відкритий центр і прохід до галявини.",Assets/PolygonNatureBiomes/PNB_Swamp_Marshland/Models/SM_Prop_Swamp_Log_05.fbx,1258,52a330bbda8433e74ab4c2b4417646912fd0caa3c8d5f93fe1611ceb1d5e36b5,
M1076,m_9ed457dfb5a58ec4c968f6f0f3dae6ea,Колода або гілка · варіант 06,природа,кандидат,"Колода або гілка · варіант 06. Габарити джерела: 3.09 × 3.34 × 11.85 м (ширина × висота × глибина). Природний край, тло або малий акцент. Зберегти відкритий центр і прохід до галявини.",Assets/PolygonNatureBiomes/PNB_Swamp_Marshland/Models/SM_Prop_Swamp_Log_06.fbx,968,1f6180cc013b577ce32427109ceec207f6c3639039910f8c9a4fb73683aeaca6,
M1077,m_1947d65fe05d7c74c9652bb56184cbcd,Колода або гілка · варіант 07,природа,кандидат,"Колода або гілка · варіант 07. Габарити джерела: 5.85 × 6.48 × 15.46 м (ширина × висота × глибина). Природний край, тло або малий акцент. Зберегти відкритий центр і прохід до галявини.",Assets/PolygonNatureBiomes/PNB_Swamp_Marshland/Models/SM_Prop_Swamp_Log_07.fbx,1720,574de70f9e047738de8f9bf233c4fd3fdcdc778ede7d650d084d05b26f441005,
M1078,m_f25ce7d661678ca46a44afa583e8206b,Моторошний реквізит · варіант 01,моторошний реквізит,виключено зі стилю,Моторошний реквізит · варіант 01. Габарити джерела: 4.03 × 6.55 × 3.76 м (ширина × висота × глибина). Не використовувати в затишних діорамах.,Assets/PolygonNatureBiomes/PNB_Swamp_Marshland/Models/SM_Prop_Swamp_RitualPyre_01.fbx,26917,8f4ee8d71b4c8ca0afa4ec2873420faadc75396fbe44e95008495593630aa123,
M1079,m_919565e91bb43744a8a4849e103e2a89,Пень із корінням · варіант 01,додатковий реквізит,резерв,Пень із корінням · варіант 01. Габарити джерела: 13.76 × 7.33 × 14.58 м (ширина × висота × глибина). Зберегти для окремого контексту після затвердження основних 12 композицій.,Assets/PolygonNatureBiomes/PNB_Swamp_Marshland/Models/SM_Prop_Swamp_Trunk_01.fbx,3470,55cbffa43e858962defba987b749bb41b3289f0c49029dad19f324c7c884ef7c,
M1080,m_f4682c96ce02e6749815c20588a917da,Могильний камінь · варіант 01,моторошний реквізит,виключено зі стилю,Могильний камінь · варіант 01. Габарити джерела: 0.81 × 1.19 × 0.18 м (ширина × висота × глибина). Не використовувати в затишних діорамах.,Assets/PolygonNatureBiomes/PNB_Swamp_Marshland/Models/SM_Prop_Tombstone_01.fbx,696,563f4205107c4e950d3205c67762d7f4840c51b403f40a77337d708d269c410f,
M1081,m_b2abaf881e1f06c419d13dc863d8790c,Могильний камінь · варіант 02,моторошний реквізит,виключено зі стилю,Могильний камінь · варіант 02. Габарити джерела: 0.99 × 1.57 × 0.31 м (ширина × висота × глибина). Не використовувати в затишних діорамах.,Assets/PolygonNatureBiomes/PNB_Swamp_Marshland/Models/SM_Prop_Tombstone_02.fbx,843,1d95e8548034f98b8ec6d68dcf3d00a99f4c4803077b3c48ca0243506a6f6461,
M1082,m_1361b8ac3d9e1ce4994ec7bf1dfe1804,Могильний камінь · варіант 03,моторошний реквізит,виключено зі стилю,Могильний камінь · варіант 03. Габарити джерела: 0.77 × 1.26 × 0.17 м (ширина × висота × глибина). Не використовувати в затишних діорамах.,Assets/PolygonNatureBiomes/PNB_Swamp_Marshland/Models/SM_Prop_Tombstone_03.fbx,130,363cee2e44ee860d8a2b22f7140b47e970bb5ab5d0b79ecb2a1bb8018ccea0c5,
M1083,m_bedc410678e92664785abd9dcfa7d481,Могильний камінь · варіант 04,моторошний реквізит,виключено зі стилю,Могильний камінь · варіант 04. Габарити джерела: 0.76 × 1.61 × 0.52 м (ширина × висота × глибина). Не використовувати в затишних діорамах.,Assets/PolygonNatureBiomes/PNB_Swamp_Marshland/Models/SM_Prop_Tombstone_04.fbx,700,2bbe989195b0c91cffd646ff440f9ae99bfe27df0185070c2df23ebf60c124b7,
M1084,m_f0de0c7f605e3544088a73b73b529ec5,Дерево · варіант 01,природа,кандидат,"Дерево · варіант 01. Габарити джерела: 6.14 × 15.61 × 5.15 м (ширина × висота × глибина). Природний край, тло або малий акцент. Зберегти відкритий центр і прохід до галявини.",Assets/PolygonNatureBiomes/PNB_Swamp_Marshland/Models/SM_Prop_VineTree_01.fbx,5540,bd72ec2f5abab26fb5f193eb4a5e3c1bff1697e20f4f7e0cd2c8746c90942382,
M1085,m_c73d2d8e0ffd55a438399501925d31ee,Дерев’яна діжка · варіант 01,побут / туризм,кандидат,Дерев’яна діжка · варіант 01. Габарити джерела: 1.35 × 0.59 × 1.29 м (ширина × висота × глибина). Один-два побутові акценти біля краю галявини; огорожі/настили мають власника й реальний підхід.,Assets/PolygonNatureBiomes/PNB_Swamp_Marshland/Models/SM_Prop_Wooden_Bath_01.fbx,884,df90686a76babb0a1f09bb6b834ab35a0d688fb2553f38dcfb77bafc65e33ee5,
M1086,m_33fe47f7de403364eaad2059e1d6deb8,Граблі · варіант 01,побут / туризм,кандидат,Граблі · варіант 01. Габарити джерела: 0.59 × 0.24 × 1.98 м (ширина × висота × глибина). Один-два побутові акценти біля краю галявини; огорожі/настили мають власника й реальний підхід.,Assets/PolygonNatureBiomes/PNB_Swamp_Marshland/Models/SM_Prop_Wooden_Broom_01.fbx,256,b1d94a324242b085372e12993363f6956c9488eb92e41513b3344d8379f45057,
M1087,m_484f2771f67cb34449055e7d45cc0b29,Драбина · варіант 01,побут / туризм,кандидат,Драбина · варіант 01. Габарити джерела: 0.76 × 3.10 × 0.16 м (ширина × висота × глибина). Один-два побутові акценти біля краю галявини; огорожі/настили мають власника й реальний підхід.,Assets/PolygonNatureBiomes/PNB_Swamp_Marshland/Models/SM_Prop_Wooden_Ladder_01.fbx,342,fabbaa8dcdf6875fe4f268f1f18cc9bf295028af7dd83299a039f5d7504091d5,
M1088,m_8af25d023f4eb4b4c8fe4386306e1dcd,Дерев’яний стіл · варіант 01,побут / туризм,кандидат,Дерев’яний стіл · варіант 01. Габарити джерела: 1.51 × 0.89 × 0.94 м (ширина × висота × глибина). Один-два побутові акценти біля краю галявини; огорожі/настили мають власника й реальний підхід.,Assets/PolygonNatureBiomes/PNB_Swamp_Marshland/Models/SM_Prop_Wooden_Table_01.fbx,642,de0469262675cbe5614e080fdb1f3cef7906d42a56e57dee971e005e45c44c7e,
M1089,m_11005b327bcfb7a4e9d4cad2e770e0a9,Уламок або металобрухт · варіант 01,додатковий реквізит,резерв,Уламок або металобрухт · варіант 01. Габарити джерела: 9.95 × 2.57 × 4.91 м (ширина × висота × глибина). Зберегти для окремого контексту після затвердження основних 12 композицій.,Assets/PolygonNatureBiomes/PNB_Swamp_Marshland/Models/SM_Prop_Wreckage_01.fbx,990,aa9f5addad20ca697532b95f8d4a7f6f85e34e34b2f4a8471585dac08fea6c07,
M1090,m_3c9acf32ae61b434b95d100d645692fd,Уламок або металобрухт · варіант 02,додатковий реквізит,резерв,Уламок або металобрухт · варіант 02. Габарити джерела: 3.94 × 0.85 × 2.54 м (ширина × висота × глибина). Зберегти для окремого контексту після затвердження основних 12 композицій.,Assets/PolygonNatureBiomes/PNB_Swamp_Marshland/Models/SM_Prop_Wreckage_02.fbx,478,aecb94a2808d117d9045cc32f67a631cf9161b2c9cb65315aa6de4e8c33395fc,
M1091,m_c9e66c89e4ac4a34ca3ba44a52f96380,Уламок або металобрухт · варіант 03,додатковий реквізит,резерв,Уламок або металобрухт · варіант 03. Габарити джерела: 10.11 × 8.27 × 10.40 м (ширина × висота × глибина). Зберегти для окремого контексту після затвердження основних 12 композицій.,Assets/PolygonNatureBiomes/PNB_Swamp_Marshland/Models/SM_Prop_Wreckage_03.fbx,1714,a481db1da4c6f802a702c938bed72a7cc5e6261c45dbefbe12f804bdda9709a6,
M1092,m_597921e621354644f96d3316e566a6fa,Човен · варіант 01,додатковий реквізит,резерв,Човен · варіант 01. Габарити джерела: 2.39 × 2.37 × 5.16 м (ширина × висота × глибина). Зберегти для окремого контексту після затвердження основних 12 композицій.,Assets/PolygonNatureBiomes/PNB_Swamp_Marshland/Models/SM_Veh_Airboat_01.fbx,7888,f8bfc0881931d1b54d38180f3584f9d49629604eff442c2c8e373b91fd17ec26,
M1093,m_accbad37103355d44b984d8ad39de160,Дерево · варіант 01,природа,кандидат,"Дерево · варіант 01. Габарити джерела: 5.58 × 14.86 × 5.49 м (ширина × висота × глибина). Природний край, тло або малий акцент. Зберегти відкритий центр і прохід до галявини.",Assets/PolygonNatureBiomes/PNB_Swamp_Marshland/Models/Swamp_Tree_01.fbx,10785,2bf5092b5a67d4103de8101061456eaa8ba93a4a15a89102e3dc80f55fc26df1,
M1094,m_c42c0c7c366e6684d91193757bdb05cc,Дерево · варіант 02,природа,кандидат,"Дерево · варіант 02. Габарити джерела: 5.58 × 13.52 × 4.82 м (ширина × висота × глибина). Природний край, тло або малий акцент. Зберегти відкритий центр і прохід до галявини.",Assets/PolygonNatureBiomes/PNB_Swamp_Marshland/Models/Swamp_Tree_02.fbx,10155,2782e570f21dce3d0b0b7212bc7d6e7d934cd90bce9112d19662e41c30335ce9,
M1095,m_f8287a7855272384bbec6501a8cfd986,Дерево · варіант 03,природа,кандидат,"Дерево · варіант 03. Габарити джерела: 5.08 × 10.17 × 4.99 м (ширина × висота × глибина). Природний край, тло або малий акцент. Зберегти відкритий центр і прохід до галявини.",Assets/PolygonNatureBiomes/PNB_Swamp_Marshland/Models/Swamp_Tree_03.fbx,8236,d8a8114bc1d296b32fa4efa466e58cc1c0ce64eb5bfc35aa1708e163d0ebdfd5,
M1096,m_f73a5f90c3e11cc46aace8f1fd1d77fe,Дерево · варіант 04,природа,кандидат,"Дерево · варіант 04. Габарити джерела: 6.11 × 4.96 × 6.39 м (ширина × висота × глибина). Природний край, тло або малий акцент. Зберегти відкритий центр і прохід до галявини.",Assets/PolygonNatureBiomes/PNB_Swamp_Marshland/Models/Swamp_Tree_04.fbx,2958,23ec71819efc24ec341ee25f75480e4de4794d0229d513432729005959cd48d6,
M1097,m_803259da9fae3a24c92f88f9ba98f2fc,Дерево · варіант 05,природа,кандидат,"Дерево · варіант 05. Габарити джерела: 1.52 × 3.80 × 1.52 м (ширина × висота × глибина). Природний край, тло або малий акцент. Зберегти відкритий центр і прохід до галявини.",Assets/PolygonNatureBiomes/PNB_Swamp_Marshland/Models/Swamp_Tree_05.fbx,688,95a307a3f289f3f869eebdef22a5b7c4d0e855278869d60f7a072ce254b7ca5d,
M1098,m_e2c537ad2da062943b4aa400a5aee684,Плаский мох на дереві · варіант 01,природа,кандидат,"Плаский мох на дереві · варіант 01. Габарити джерела: 0.58 × 1.77 × 0.16 м (ширина × висота × глибина). Природний край, тло або малий акцент. Зберегти відкритий центр і прохід до галявини.",Assets/PolygonNatureBiomes/PNB_Swamp_Marshland/Models/Swamp_Tree_Beard_01.fbx,34,619eda6e8f718ef67e45a0732a872013b70a3685e13292c1daa68c5ec03703de,
M1099,m_c409d1abc0e080448a22ba5966b0ceda,Корені або окремий стовбур · варіант 01,природа,кандидат,"Корені або окремий стовбур · варіант 01. Габарити джерела: 0.64 × 2.26 × 0.60 м (ширина × висота × глибина). Природний край, тло або малий акцент. Зберегти відкритий центр і прохід до галявини.",Assets/PolygonNatureBiomes/PNB_Swamp_Marshland/Models/Swamp_Tree_Root_01.fbx,156,be85a2a4cdc71349dcf22419fac37a3af2086e2c341c61caa01ff383b32c237d,
M1100,m_a1be98ba6e324554b918f4c14a931813,Корені або окремий стовбур · варіант 02,природа,кандидат,"Корені або окремий стовбур · варіант 02. Габарити джерела: 0.55 × 1.58 × 0.58 м (ширина × висота × глибина). Природний край, тло або малий акцент. Зберегти відкритий центр і прохід до галявини.",Assets/PolygonNatureBiomes/PNB_Swamp_Marshland/Models/Swamp_Tree_Root_02.fbx,92,79a1a162554fe6f3da4aa2eb7d2c323ab4db40d32d1d42a1902b2f92e7ca6ef3,
M1101,m_15cc5f0ad610d1548928519ffc865684,Корені або окремий стовбур · варіант 03,природа,кандидат,"Корені або окремий стовбур · варіант 03. Габарити джерела: 0.42 × 1.81 × 0.49 м (ширина × висота × глибина). Природний край, тло або малий акцент. Зберегти відкритий центр і прохід до галявини.",Assets/PolygonNatureBiomes/PNB_Swamp_Marshland/Models/Swamp_Tree_Root_03.fbx,124,577f5584c636fd3b33f42cd430beebb051efa573d3ec0021a215fcad1db38f0d,
M1102,m_98e87cd1dfef0184d8a5e6cf0adfb126,Корені або окремий стовбур · варіант 04,природа,кандидат,"Корені або окремий стовбур · варіант 04. Габарити джерела: 0.34 × 1.92 × 0.39 м (ширина × висота × глибина). Природний край, тло або малий акцент. Зберегти відкритий центр і прохід до галявини.",Assets/PolygonNatureBiomes/PNB_Swamp_Marshland/Models/Swamp_Tree_Root_04.fbx,80,9e962475ba16a4336439e2318c0e3f67ba512dbf2fa665572c0ea9dddd8569ec,
M1103,m_b5b6bca6d78dd5d47ae33c4fff7a4fd2,Корені або окремий стовбур · варіант 05,природа,кандидат,"Корені або окремий стовбур · варіант 05. Габарити джерела: 0.25 × 0.57 × 0.29 м (ширина × висота × глибина). Природний край, тло або малий акцент. Зберегти відкритий центр і прохід до галявини.",Assets/PolygonNatureBiomes/PNB_Swamp_Marshland/Models/Swamp_Tree_Root_05.fbx,46,5bd2e5011ee580aaf03b08e023f0b94c92982b639ca4f7252013fe4bba5029af,
M1104,m_593e2b2afa39a504a9abddcd60194259,Корені або окремий стовбур · варіант 01,природа,кандидат,"Корені або окремий стовбур · варіант 01. Габарити джерела: 4.27 × 2.45 × 4.35 м (ширина × висота × глибина). Природний край, тло або малий акцент. Зберегти відкритий центр і прохід до галявини.",Assets/PolygonNatureBiomes/PNB_Swamp_Marshland/Models/Swamp_Tree_Roots_01.fbx,1048,eb7d650084f8db55dad95918fdfb4a9695d2017509f82da7eee5401c9c988f85,
M1105,m_30479c000e383a745bd05d57364b1f61,Геометрія спецефекту,FX / атмосфера,контекст FX,"Геометрія спецефекту. Габарити джерела: 1.00 × 0.00 × 1.00 м (ширина × висота × глибина). Оглянуто лише геометрію. Анімація, прозорість і повний ефект потребують окремої сцени.",Assets/PolygonParticles/Materials/FX_Plane_Particle.obj,2,184951022e76339cb4c975a32253b0d7af600d1df31ba90de61d22c2952df420,
M1106,m_5b500ac07e3486a48ba9900caae64fc4,Зброя або бойовий реквізит · варіант 01,FX / атмосфера,контекст FX,"Зброя або бойовий реквізит · варіант 01. Габарити джерела: 0.53 × 0.73 × 0.15 м (ширина × висота × глибина). Оглянуто лише геометрію. Анімація, прозорість і повний ефект потребують окремої сцени.",Assets/PolygonParticles/Models/FX_Ammo_01.fbx,480,c4bc61f3304c7eec42b7ac7739ca0a06b494651fe967d16ec0da0376542e7123,
M1107,m_6a52a887f336e794ba8205d3a77fb27c,Геометрія спецефекту · варіант 01,FX / атмосфера,контекст FX,"Геометрія спецефекту · варіант 01. Габарити джерела: 0.34 × 0.19 × 0.06 м (ширина × висота × глибина). Оглянуто лише геометрію. Анімація, прозорість і повний ефект потребують окремої сцени.",Assets/PolygonParticles/Models/FX_Arrow_01.fbx,44,47390f6dc189890b1955a4d11490bc19710b069b2ea10dbd2c3357866b8068b8,
M1108,m_7458e01912c97e64fa0518ea6abb8f88,Геометрія спецефекту · варіант 02,FX / атмосфера,контекст FX,"Геометрія спецефекту · варіант 02. Габарити джерела: 0.34 × 0.34 × 0.06 м (ширина × висота × глибина). Оглянуто лише геометрію. Анімація, прозорість і повний ефект потребують окремої сцени.",Assets/PolygonParticles/Models/FX_Arrow_02.fbx,88,9b1c31d91ae0a07a748fee4c9aa98eefea3291b2a75f7352e98af8ea4b17ebee,
M1109,m_91319d540e88354488b665f7aeab322e,Геометрія спецефекту,FX / атмосфера,контекст FX,"Геометрія спецефекту. Габарити джерела: 0.01 × 0.01 × 1.28 м (ширина × висота × глибина). Оглянуто лише геометрію. Анімація, прозорість і повний ефект потребують окремої сцени.",Assets/PolygonParticles/Models/FX_Bullet_Trail.fbx,8,c8aea643788bc5b84f65cb71dbae9562df5a8bb33404fa1621efc5e9fb202552,
M1110,m_3a39e5c96bdfa69419bbc849a8aba2d4,Геометрія спецефекту · варіант 01,FX / атмосфера,контекст FX,"Геометрія спецефекту · варіант 01. Габарити джерела: 0.04 × 0.04 × 16.53 м (ширина × висота × глибина). Оглянуто лише геометрію. Анімація, прозорість і повний ефект потребують окремої сцени.",Assets/PolygonParticles/Models/FX_Bullet_Trail_01.fbx,16,3d2eeed856c0b7e06a70e0bf1b168520ff7bd5dcc150022ff6e0fa21aadfc71b,
M1111,m_cd1be466bb5188941bd9078edd9becd0,Геометрія спецефекту · варіант 01,FX / атмосфера,контекст FX,"Геометрія спецефекту · варіант 01. Габарити джерела: 6.41 × 0.98 × 6.50 м (ширина × висота × глибина). Оглянуто лише геометрію. Анімація, прозорість і повний ефект потребують окремої сцени.",Assets/PolygonParticles/Models/FX_Cloud_Placement_01.fbx,81,0159c7be2fe4a8c31339554a762abe80c96713ca1204420be8a16a0c6494c022,
M1112,m_cec2b9851c870834f9b042c808cff53e,Геометрія спецефекту · варіант 01,FX / атмосфера,контекст FX,"Геометрія спецефекту · варіант 01. Габарити джерела: 0.41 × 0.03 × 0.40 м (ширина × висота × глибина). Оглянуто лише геометрію. Анімація, прозорість і повний ефект потребують окремої сцени.",Assets/PolygonParticles/Models/FX_Cone_01.fbx,28,4aa106483974ab0e823b0ad8b4eeb7e508542fef083877f7103248b37bdf57cc,
M1113,m_9dc298289ae195f4aab2ff40e02a219e,Геометрія спецефекту · варіант 02,FX / атмосфера,контекст FX,"Геометрія спецефекту · варіант 02. Габарити джерела: 0.15 × 0.18 × 0.14 м (ширина × висота × глибина). Оглянуто лише геометрію. Анімація, прозорість і повний ефект потребують окремої сцени.",Assets/PolygonParticles/Models/FX_Cone_02.fbx,14,ad12c69cd87fda28763a4409b242a3d8bbbe2bd5ba31b2e86a1010e0c9ef9d74,
M1114,m_97d2b5f212fdaea4c945e42da71da052,Геометрія спецефекту · варіант 01,FX / атмосфера,контекст FX,"Геометрія спецефекту · варіант 01. Габарити джерела: 0.09 × 0.33 × 0.09 м (ширина × висота × глибина). Оглянуто лише геометрію. Анімація, прозорість і повний ефект потребують окремої сцени.",Assets/PolygonParticles/Models/FX_CrystalShard_01.fbx,22,b94299d1239c0f64980a06c753a06d3e37d3347a60593f1eabf13a5504917c21,
M1115,m_9115d2cb5328f3344829360e8791a466,Геометрія спецефекту · варіант 01,FX / атмосфера,контекст FX,"Геометрія спецефекту · варіант 01. Габарити джерела: 0.23 × 0.74 × 0.24 м (ширина × висота × глибина). Оглянуто лише геометрію. Анімація, прозорість і повний ефект потребують окремої сцени.",Assets/PolygonParticles/Models/FX_Crystal_01.fbx,56,803dba446d65d34a633d99ebf6845529825d49edf8bb65d04c963d92099ab182,
M1116,m_2f044749c52662e4eaf732d9a5b34c85,Геометрія спецефекту · варіант 02,FX / атмосфера,контекст FX,"Геометрія спецефекту · варіант 02. Габарити джерела: 0.16 × 0.49 × 0.15 м (ширина × висота × глибина). Оглянуто лише геометрію. Анімація, прозорість і повний ефект потребують окремої сцени.",Assets/PolygonParticles/Models/FX_Crystal_02.fbx,40,73525ea1c2dd9077661fb215287892566f83b01ea266df27e7e198c9c4aa996f,
M1117,m_a2514e414ecf10a4e81bf67ca9f17722,Геометрія спецефекту · варіант 03,FX / атмосфера,контекст FX,"Геометрія спецефекту · варіант 03. Габарити джерела: 0.12 × 0.38 × 0.11 м (ширина × висота × глибина). Оглянуто лише геометрію. Анімація, прозорість і повний ефект потребують окремої сцени.",Assets/PolygonParticles/Models/FX_Crystal_03.fbx,38,8023855efa451f3babd87071fa9870f0e2be1767a331857cc5876351a843a748,
M1118,m_abe89b42422171342b6d1c35662f93c6,Геометрія спецефекту · варіант 04,FX / атмосфера,контекст FX,"Геометрія спецефекту · варіант 04. Габарити джерела: 0.08 × 0.27 × 0.08 м (ширина × висота × глибина). Оглянуто лише геометрію. Анімація, прозорість і повний ефект потребують окремої сцени.",Assets/PolygonParticles/Models/FX_Crystal_04.fbx,28,bbc2c313a5e1267cf41f62264a43ec9af31d41c95b7405541fa4a49a3e59fd11,
M1119,m_372ae975cf6643444ae1c6ef9cbd981f,Геометрія спецефекту · варіант 01,FX / атмосфера,контекст FX,"Геометрія спецефекту · варіант 01. Габарити джерела: 0.15 × 0.18 × 0.14 м (ширина × висота × глибина). Оглянуто лише геометрію. Анімація, прозорість і повний ефект потребують окремої сцени.",Assets/PolygonParticles/Models/FX_Cylinder_01.fbx,28,7b8bd86e59873f8d02ae55156f4a37fa5f8186e0724c0998563ebcb7e621c32e,
M1120,m_241e478857fef114eac8f58872ef0104,Геометрія спецефекту · варіант 02,FX / атмосфера,контекст FX,"Геометрія спецефекту · варіант 02. Габарити джерела: 0.14 × 0.15 × 0.18 м (ширина × висота × глибина). Оглянуто лише геометрію. Анімація, прозорість і повний ефект потребують окремої сцени.",Assets/PolygonParticles/Models/FX_Cylinder_02.fbx,28,471c76089306c42eadc387de74f6751aef3615a12753f8c6d29ffc60ff20f36e,
M1121,m_f60a3ae65039f97489ca0252463e0925,Геометрія спецефекту · варіант 01,FX / атмосфера,контекст FX,"Геометрія спецефекту · варіант 01. Габарити джерела: 0.26 × 0.59 × 0.30 м (ширина × висота × глибина). Оглянуто лише геометрію. Анімація, прозорість і повний ефект потребують окремої сцени.",Assets/PolygonParticles/Models/FX_Grenade_01.fbx,108,218f20aeecf71a4c50b61b4a5739363eac1cfaf08f7ecd87cf1f123bc95acfe6,
M1122,m_f6a35247c964ce24ea2b90233ddd7de0,Геометрія спецефекту · варіант 02,FX / атмосфера,контекст FX,"Геометрія спецефекту · варіант 02. Габарити джерела: 0.22 × 0.59 × 0.28 м (ширина × висота × глибина). Оглянуто лише геометрію. Анімація, прозорість і повний ефект потребують окремої сцени.",Assets/PolygonParticles/Models/FX_Grenade_02.fbx,108,9b585120d02f08fd5c1beb92920d90c007f4770fbe67e7437787e871edcdaafb,
M1123,m_72289dbe45f1e34419382fa20b9ad0cf,Геометрія спецефекту · варіант 03,FX / атмосфера,контекст FX,"Геометрія спецефекту · варіант 03. Габарити джерела: 0.26 × 0.59 × 0.30 м (ширина × висота × глибина). Оглянуто лише геометрію. Анімація, прозорість і повний ефект потребують окремої сцени.",Assets/PolygonParticles/Models/FX_Grenade_03.fbx,108,5d58e4ae884c5f48e5a5861bcdf8cc8e148a2650d90483817a62942c0f9a1d1d,
M1124,m_6d5a0bc0860313841bc19d04b364d8c0,Геометрія спецефекту · варіант 01,FX / атмосфера,контекст FX,"Геометрія спецефекту · варіант 01. Габарити джерела: 0.52 × 0.52 × 0.11 м (ширина × висота × глибина). Оглянуто лише геометрію. Анімація, прозорість і повний ефект потребують окремої сцени.",Assets/PolygonParticles/Models/FX_Healthcube_01.fbx,124,a6e20e05b6ec986317227bdfa5d6399cf833f115b2fdf59814ab7090293e083a,
M1125,m_14c8c21ade1af6a49968dac473c756f2,Геометрія спецефекту · варіант 01,FX / атмосфера,контекст FX,"Геометрія спецефекту · варіант 01. Габарити джерела: 0.65 × 0.60 × 0.09 м (ширина × висота × глибина). Оглянуто лише геометрію. Анімація, прозорість і повний ефект потребують окремої сцени.",Assets/PolygonParticles/Models/FX_Heart_01.fbx,176,fa13e6ef19854799cc15d720d3b60e313ea5b4c0e2e9bea89a952f721097d8f1,
M1126,m_21f9ef9f074f5304d9971cd99755a1b6,Геометрія спецефекту · варіант 01,FX / атмосфера,контекст FX,"Геометрія спецефекту · варіант 01. Габарити джерела: 0.06 × 0.01 × 0.06 м (ширина × висота × глибина). Оглянуто лише геометрію. Анімація, прозорість і повний ефект потребують окремої сцени.",Assets/PolygonParticles/Models/FX_Money_Coin_01.fbx,32,99f57b62e00670a918818ce10641aa25e94970b82b1d76d8965dfe64b84a2383,
M1127,m_3798343052282a14da592c41bfc00849,Геометрія спецефекту · варіант 01,FX / атмосфера,контекст FX,"Геометрія спецефекту · варіант 01. Габарити джерела: 0.24 × 0.06 × 0.11 м (ширина × висота × глибина). Оглянуто лише геометрію. Анімація, прозорість і повний ефект потребують окремої сцени.",Assets/PolygonParticles/Models/FX_Money_Note_01.fbx,28,451cd3117b519cb5dbba1e94d1149e9f402ebfe54b13faf17647f11eb710a69c,
M1128,m_3f944baf59b70184884a2e70d08fbc8a,Геометрія спецефекту · варіант 01,FX / атмосфера,контекст FX,"Геометрія спецефекту · варіант 01. Габарити джерела: 0.36 × 0.68 × 0.11 м (ширина × висота × глибина). Оглянуто лише геометрію. Анімація, прозорість і повний ефект потребують окремої сцени.",Assets/PolygonParticles/Models/FX_Question_01.fbx,124,a124af10dae9112a04b2df2068a462adb0a40582caeb68dfe61f8a6909cde39e,
M1129,m_d8ce0e1d424a10942b12ca0471197832,Геометрія спецефекту · варіант 01,FX / атмосфера,контекст FX,"Геометрія спецефекту · варіант 01. Габарити джерела: 0.94 × 0.10 × 0.91 м (ширина × висота × глибина). Оглянуто лише геометрію. Анімація, прозорість і повний ефект потребують окремої сцени.",Assets/PolygonParticles/Models/FX_Ring_01.fbx,162,4de91ab31c1a347be33bbc28476e974be5ddeacef419f5df5c4bb87116fc437d,
M1130,m_80d58589634d74c4db24453c22522574,Гранчастий валун · варіант 01,FX / атмосфера,контекст FX,"Гранчастий валун · варіант 01. Габарити джерела: 0.28 × 0.70 × 0.33 м (ширина × висота × глибина). Оглянуто лише геометрію. Анімація, прозорість і повний ефект потребують окремої сцени.",Assets/PolygonParticles/Models/FX_Shard_Rock_01.fbx,60,6e173eeed1637f098a071d89ca2d93ebbb824569204abb2a86c4a787215515d8,
M1131,m_229fc241a317bb44084236f392685781,Гранчастий валун · варіант 02,FX / атмосфера,контекст FX,"Гранчастий валун · варіант 02. Габарити джерела: 0.15 × 0.46 × 0.15 м (ширина × висота × глибина). Оглянуто лише геометрію. Анімація, прозорість і повний ефект потребують окремої сцени.",Assets/PolygonParticles/Models/FX_Shard_Rock_02.fbx,42,fb81eb414c07ead9582319da4751369dbd3a948779c47741c8251dc34ba4ca20,
M1132,m_cfd0443e83a32b649a2b2814020436cd,Гранчастий валун · варіант 03,FX / атмосфера,контекст FX,"Гранчастий валун · варіант 03. Габарити джерела: 0.14 × 0.33 × 0.13 м (ширина × висота × глибина). Оглянуто лише геометрію. Анімація, прозорість і повний ефект потребують окремої сцени.",Assets/PolygonParticles/Models/FX_Shard_Rock_03.fbx,40,8b66ee9f08368d4b11436fca82089e1cb837f3ce40a6768f888d3201b2a06906,
M1133,m_3951b21bc57173e47be7774cab60d47a,Гранчастий валун · варіант 04,FX / атмосфера,контекст FX,"Гранчастий валун · варіант 04. Габарити джерела: 0.11 × 0.23 × 0.11 м (ширина × висота × глибина). Оглянуто лише геометрію. Анімація, прозорість і повний ефект потребують окремої сцени.",Assets/PolygonParticles/Models/FX_Shard_Rock_04.fbx,22,fddf81e983ec2877e399d137830311c6282e862bccc85369bc358d9bcf2e55a2,
M1134,m_2e68dbddeabab79469c7e0ad08418c18,Гранчастий валун · варіант 01,FX / атмосфера,контекст FX,"Гранчастий валун · варіант 01. Габарити джерела: 0.08 × 0.15 × 0.08 м (ширина × висота × глибина). Оглянуто лише геометрію. Анімація, прозорість і повний ефект потребують окремої сцени.",Assets/PolygonParticles/Models/FX_Shard_Rock_Small_01.fbx,22,1efbd17f1d41072d667f2db5777e020a253f615322f3e746490bffa8c5e71b03,
M1135,m_796fd1b9bc60bbc4fa8f9cb6dccbb7c2,Моторошний реквізит · варіант 02,FX / атмосфера,контекст FX,"Моторошний реквізит · варіант 02. Габарити джерела: 0.48 × 0.58 × 0.52 м (ширина × висота × глибина). Оглянуто лише геометрію. Анімація, прозорість і повний ефект потребують окремої сцени.",Assets/PolygonParticles/Models/FX_Skull_02.fbx,184,8a083c5fefb2039a0be295a9ef8f7c08b27ae4877f80606c32200f68801596f4,
M1136,m_f870a2bb43691584296e16a56b98920b,Геометрія спецефекту · варіант 01,FX / атмосфера,контекст FX,"Геометрія спецефекту · варіант 01. Габарити джерела: 0.11 × 0.11 × 0.82 м (ширина × висота × глибина). Оглянуто лише геометрію. Анімація, прозорість і повний ефект потребують окремої сцени.",Assets/PolygonParticles/Models/FX_Spark_01.fbx,8,6999c2bc260a9a49445fc2bbaad5e1c75764ddc77088090a88a129c041c68843,
M1137,m_219de587148d8bb41a8e255859dafe53,Геометрія спецефекту,FX / атмосфера,контекст FX,"Геометрія спецефекту. Габарити джерела: 0.13 × 0.10 × 0.13 м (ширина × висота × глибина). Оглянуто лише геометрію. Анімація, прозорість і повний ефект потребують окремої сцени.",Assets/PolygonParticles/Models/FX_Sphere.fbx,28,bcf88eaf31da43bccf9eadfbc9d1ae1fc5aad3c5697f4e52822b1b1744e186c0,
M1138,m_319d9b31292d2e04f88a3599f04b7786,Геометрія спецефекту · варіант 01,FX / атмосфера,контекст FX,"Геометрія спецефекту · варіант 01. Габарити джерела: 1.07 × 1.10 × 1.08 м (ширина × висота × глибина). Оглянуто лише геометрію. Анімація, прозорість і повний ефект потребують окремої сцени.",Assets/PolygonParticles/Models/FX_Sphere_01.fbx,84,e7b09a913d0f4964fd4f6fe08d8a004e1409d73456cb85fb019fa7d4b6058686,
M1139,m_3d4c37fb8fc8e6a4cbfd5d1691942a72,Геометрія спецефекту · варіант 02,FX / атмосфера,контекст FX,"Геометрія спецефекту · варіант 02. Габарити джерела: 1.08 × 1.10 × 1.08 м (ширина × висота × глибина). Оглянуто лише геометрію. Анімація, прозорість і повний ефект потребують окремої сцени.",Assets/PolygonParticles/Models/FX_Sphere_02.fbx,180,bbaf337da17683975a419dd29b6e1212f6a125b0261a77a445e86c85714a15ef,
M1140,m_357d53aa062ebb04e8e5aaa195e1a5a4,Геометрія спецефекту · варіант 03,FX / атмосфера,контекст FX,"Геометрія спецефекту · варіант 03. Габарити джерела: 1.22 × 0.92 × 1.21 м (ширина × висота × глибина). Оглянуто лише геометрію. Анімація, прозорість і повний ефект потребують окремої сцени.",Assets/PolygonParticles/Models/FX_Sphere_03.fbx,28,3dcd2a28f59c9c4a3770d626b0a1dcf904113d24a4eb97997f3f233dca2c2b22,
M1141,m_24f5f033eb0f6b543a548b5e7268b7a5,Геометрія спецефекту · варіант 01,FX / атмосфера,контекст FX,"Геометрія спецефекту · варіант 01. Габарити джерела: 0.21 × 0.20 × 0.24 м (ширина × висота × глибина). Оглянуто лише геометрію. Анімація, прозорість і повний ефект потребують окремої сцени.",Assets/PolygonParticles/Models/FX_Sphere_Pivot_01.fbx,22,18c1f3f6738e4c075174cccf62fb7a389f061cac088ed67a97d8794416d99c7f,
M1142,m_ea8b579fee027444ba23862cc3cc5956,Геометрія спецефекту · варіант 01,FX / атмосфера,контекст FX,"Геометрія спецефекту · варіант 01. Габарити джерела: 1.33 × 1.13 × 1.33 м (ширина × висота × глибина). Оглянуто лише геометрію. Анімація, прозорість і повний ефект потребують окремої сцени.",Assets/PolygonParticles/Models/FX_Sphere_Puff_01.fbx,84,645a72b0e1f4a03c748c76e578ef249c9e2ef18d2644c407bbea005195427d14,
M1143,m_26e5fa40fa447fd429607f152a8eba31,Геометрія спецефекту · варіант 01,FX / атмосфера,контекст FX,"Геометрія спецефекту · варіант 01. Габарити джерела: 2.15 × 2.26 × 3.14 м (ширина × висота × глибина). Оглянуто лише геометрію. Анімація, прозорість і повний ефект потребують окремої сцени.",Assets/PolygonParticles/Models/FX_Sphere_Spikes_01.fbx,78,c4307d58b10be5fec8c2fd5133bb09f01b93d6db4020a325b1c84dfa9d8b358d,
M1144,m_fd71f565f844ac04b92d939242ffed9f,Геометрія спецефекту · варіант 02,FX / атмосфера,контекст FX,"Геометрія спецефекту · варіант 02. Габарити джерела: 2.15 × 1.77 × 2.93 м (ширина × висота × глибина). Оглянуто лише геометрію. Анімація, прозорість і повний ефект потребують окремої сцени.",Assets/PolygonParticles/Models/FX_Sphere_Spikes_02.fbx,76,5cb5b8ec5b19a1fc33c13b61fe0e00920df8be42416f1856abefd6c7c214b1b3,
M1145,m_e85294d06423fe64c8ff30e832f26a46,Геометрія спецефекту,FX / атмосфера,контекст FX,"Геометрія спецефекту. Габарити джерела: 0.01 × 0.02 × 0.02 м (ширина × висота × глибина). Оглянуто лише геометрію. Анімація, прозорість і повний ефект потребують окремої сцени.",Assets/PolygonParticles/Models/FX_Star.fbx,40,e6af3aed98ac89997d5a11b7fa2d7958f2a2441f1e4eca8952026f63e0d460e7,
M1146,m_a95782c1aa2915647a6294f31ef1dfb4,Геометрія спецефекту,FX / атмосфера,контекст FX,"Геометрія спецефекту. Габарити джерела: 0.01 × 0.02 × 0.02 м (ширина × висота × глибина). Оглянуто лише геометрію. Анімація, прозорість і повний ефект потребують окремої сцени.",Assets/PolygonParticles/Models/FX_Star_Pivot.fbx,40,3ac632108a6cd83cd8b93db0ba49cbb43aa51fca212539edd539fe82c9433554,
M1147,m_262ce25addbd16a4ea185c1f6797cf38,Геометрія спецефекту · варіант 01,FX / атмосфера,контекст FX,"Геометрія спецефекту · варіант 01. Габарити джерела: 3.20 × 1.23 × 3.20 м (ширина × висота × глибина). Оглянуто лише геометрію. Анімація, прозорість і повний ефект потребують окремої сцени.",Assets/PolygonParticles/Models/FX_Tower_01.fbx,212,e4dc0254fbbd9347e0c7b7389e92097a3def2008df624117dc53c989b9928137,
M1148,m_8ffd52849720fc94e85116e8a516870a,Геометрія спецефекту · варіант 01,FX / атмосфера,контекст FX,"Геометрія спецефекту · варіант 01. Габарити джерела: 0.37 × 0.42 × 0.37 м (ширина × висота × глибина). Оглянуто лише геометрію. Анімація, прозорість і повний ефект потребують окремої сцени.",Assets/PolygonParticles/Models/FX_Vine_01.fbx,308,29f4aceff113d399ee5eb45e0b046b38192a288dfc86023bddadd730a56063d6,
M1149,m_5c3970b909d28bc44862dc5b826d0a5e,Геометрія спецефекту · варіант 02,FX / атмосфера,контекст FX,"Геометрія спецефекту · варіант 02. Габарити джерела: 0.33 × 0.21 × 0.33 м (ширина × висота × глибина). Оглянуто лише геометрію. Анімація, прозорість і повний ефект потребують окремої сцени.",Assets/PolygonParticles/Models/FX_Vine_02.fbx,164,c9697508a0f6e57ed82454d3bdc1597e585cebdc1184460faffc7a6d8e1a558a,
M1150,m_f2d9cca9ec7e3e4468eb7a7e4f0db98d,Геометрія спецефекту · варіант 03,FX / атмосфера,контекст FX,"Геометрія спецефекту · варіант 03. Габарити джерела: 0.21 × 0.13 × 0.24 м (ширина × висота × глибина). Оглянуто лише геометрію. Анімація, прозорість і повний ефект потребують окремої сцени.",Assets/PolygonParticles/Models/FX_Vine_03.fbx,84,760ae5c0eb620644bee137f196da22d90dbb32561260d415bef3d97303bd8a90,
M1151,m_8f7555f2a39ae4d47acc3d1fde3b0066,Геометрія спецефекту · варіант 01,FX / атмосфера,контекст FX,"Геометрія спецефекту · варіант 01. Габарити джерела: 0.14 × 0.71 × 0.17 м (ширина × висота × глибина). Оглянуто лише геометрію. Анімація, прозорість і повний ефект потребують окремої сцени.",Assets/PolygonParticles/Models/FX_WoodChip_01.fbx,12,439ff1df9a7ba26e951650fc3815b2e037dcb8de058075f85ec56b2a161ef6f4,
M1152,m_860f45db46c9a3e4a9bc3a4d3c5dc882,Геометрія полум’я або світлового FX,додатковий реквізит,резерв,Геометрія полум’я або світлового FX. Габарити джерела: 0.12 × 0.21 × 0.10 м (ширина × висота × глибина). Зберегти для окремого контексту після затвердження основних 12 композицій.,Assets/PolygonParticles/Models/SM_Flame_FX.fbx,24,f2f38f19cae42147ddf8825f3c445d82d6780e04279034ae0ba99bf485941550,
M1153,m_42d285dbfe3e3b64189e747d4e5ab2b2,Моторошний реквізит · варіант 01,моторошний реквізит,виключено зі стилю,Моторошний реквізит · варіант 01. Габарити джерела: 0.10 × 0.08 × 0.15 м (ширина × висота × глибина). Не використовувати в затишних діорамах.,Assets/PolygonParticles/Models/SM_GoreChunk_01.fbx,76,a5d825cf6ad19f73f8c69b7dbfa1b27975e12bb3ad68005e3c66ce6098cf8e49,
M1154,m_7330bdfd8fa2561418b84fbde0d69547,Моторошний реквізит · варіант 02,моторошний реквізит,виключено зі стилю,Моторошний реквізит · варіант 02. Габарити джерела: 0.06 × 0.04 × 0.09 м (ширина × висота × глибина). Не використовувати в затишних діорамах.,Assets/PolygonParticles/Models/SM_GoreChunk_02.fbx,48,f43412ee03bab5d528fc10a54973bf66e15c1320d1caf219bfe44544a00eaf07,
M1155,m_f692cd1ae6eb2224f8a912dc75a9fe7e,Моторошний реквізит · варіант 03,моторошний реквізит,виключено зі стилю,Моторошний реквізит · варіант 03. Габарити джерела: 0.05 × 0.05 × 0.20 м (ширина × висота × глибина). Не використовувати в затишних діорамах.,Assets/PolygonParticles/Models/SM_GoreChunk_03.fbx,76,3d1a60897a9d6a970e47810c63b4f1495d2723d309c5212134c018775871772a,
M1156,m_280c0d6d103b97d44822e59f9aa95833,Моторошний реквізит · варіант 04,моторошний реквізит,виключено зі стилю,Моторошний реквізит · варіант 04. Габарити джерела: 0.10 × 0.08 × 0.21 м (ширина × висота × глибина). Не використовувати в затишних діорамах.,Assets/PolygonParticles/Models/SM_GoreChunk_04.fbx,92,6a999cd98b6888836993a54bac6e4aea81e7d130de5791177379e69c26edc4a8,
M1157,m_8297447ef77c7ab458f861bdd4a1885c,Геометрія полум’я або світлового FX,додатковий реквізит,резерв,Геометрія полум’я або світлового FX. Габарити джерела: 1.83 × 1.83 × 1.83 м (ширина × висота × глибина). Зберегти для окремого контексту після затвердження основних 12 композицій.,Assets/PolygonParticles/Models/SM_LightRayCube 1.fbx,10,7cd8fd5a37063d2cd9a9126b0ce0052389a04478c80a91e18c7871dd67f23e83,
M1158,m_0110c4e8145949244a8c41db8957bcdb,Геометрія полум’я або світлового FX,додатковий реквізит,резерв,Геометрія полум’я або світлового FX. Габарити джерела: 2.00 × 1.83 × 2.00 м (ширина × висота × глибина). Зберегти для окремого контексту після затвердження основних 12 композицій.,Assets/PolygonParticles/Models/SM_LightRayRound 1.fbx,96,e11ee539878008cc1a18fcc912a13f670742d216173507cca46f39457d2c27b2,
M1159,m_41e18b74cd8bd984b94d58c040bb66da,Геометрія спецефекту · варіант 01,FX / атмосфера,контекст FX,"Геометрія спецефекту · варіант 01. Габарити джерела: 0.19 × 0.15 × 0.19 м (ширина × висота × глибина). Оглянуто лише геометрію. Анімація, прозорість і повний ефект потребують окремої сцени.",Assets/PolygonParticles/Models/SM_Particle_Smoke_01.fbx,32,1f9189584c5748bae7acf85ce9468faf050c53cc8eba856fa0f27457c854dcfe,
M1160,m_047fc1cd24ff3e945872c4f22e03d106,Гранчастий валун · варіант 01,природа,кандидат,"Гранчастий валун · варіант 01. Габарити джерела: 0.33 × 0.23 × 0.34 м (ширина × висота × глибина). Природний край, тло або малий акцент. Зберегти відкритий центр і прохід до галявини.",Assets/PolygonParticles/Models/SM_Rock_01.fbx,50,3116200ca88b8ff2a8c5c87dd06aa06d4f960de3042c618ab80e1377e09df9d6,
M1161,m_6d06fcdaf34f1494f95db8a06d252963,Гранчастий валун · варіант 04,природа,кандидат,"Гранчастий валун · варіант 04. Габарити джерела: 0.63 × 0.28 × 0.40 м (ширина × висота × глибина). Природний край, тло або малий акцент. Зберегти відкритий центр і прохід до галявини.",Assets/PolygonParticles/Models/SM_Rock_04.fbx,66,dd5b6c522b2996592f1eea71683754687ab939b7070fbb513d997aea68c42e01,
M1162,m_9617305e7e2c7094fb534b7d3afc9a58,Зброя або бойовий реквізит · варіант 01,бойовий реквізит,виключено зі стилю,"Зброя або бойовий реквізит · варіант 01. Габарити джерела: 0.01 × 0.01 × 0.06 м (ширина × висота × глибина). Зберегти в бібліотеці, не включати в перші 12 затишних діорам.",Assets/PolygonParticles/Models/SM_Wep_Ammo_BulletLarge_01.fbx,44,767cc18f18d7796846af6795951206a137bb24888b0611618c018d8185a06872,
M1163,m_26e4a750d47e56a408d32a571488849e,Геометрія спецефекту,FX / атмосфера,контекст FX,"Геометрія спецефекту. Габарити джерела: 1.00 × 3.59 × 1.00 м (ширина × висота × глибина). Оглянуто лише геометрію. Анімація, прозорість і повний ефект потребують окремої сцени.",Assets/PolygonParticles/Models/SunShafts.fbx,4,c580e93743311c9905794d42239bcffbe552c641cfa529bec9d97867741f2a8a,
M1164,m_e66a77ecac0b51bb8df7ecb0411e0b1e,Стара хата,українська садиба,кандидат,"Стара хата. Габарити джерела: 5.40 × 4.05 × 6.73 м (ширина × висота × глибина). Цілісний двір із власною огорожею, воротами та підходом; зв’язати ролі одного власника.",Assets/QuietCamp/Authoring/Roadmap/Models/EnvironmentKit/ua_abandoned_house.obj,252,bd63aaf19d588e43a36ef5a44acc5102535d3cc1d5cb22534e72f5758f7af252,
M1165,m_8e2d48f6e7605e5887ea3746cc698618,Комора,українська садиба,кандидат,"Комора. Габарити джерела: 3.50 × 2.84 × 4.13 м (ширина × висота × глибина). Цілісний двір із власною огорожею, воротами та підходом; зв’язати ролі одного власника.",Assets/QuietCamp/Authoring/Roadmap/Models/EnvironmentKit/ua_barn.obj,216,b7a121b1be2ab16997f60253d09acaf74250cf823754506f2d7e85c954f03105,
M1166,m_eb200941667e53d1b97adf2377345475,Вулик,українська садиба,кандидат,"Вулик. Габарити джерела: 0.81 × 1.06 × 0.82 м (ширина × висота × глибина). Цілісний двір із власною огорожею, воротами та підходом; зв’язати ролі одного власника.",Assets/QuietCamp/Authoring/Roadmap/Models/EnvironmentKit/ua_beehive.obj,96,94d7c8c7bc153bbfea76e8e682530f8afb5ce76e6a721ef5ffd3ae40bbb055a2,D04
M1167,m_76aead5f4f2150ee89206eb376fbf4d3,Сільська зупинка — основа під мозаїку,українська садиба,кандидат,"Сільська зупинка — основа під мозаїку. Габарити джерела: 3.48 × 2.20 × 1.99 м (ширина × висота × глибина). Цілісний двір із власною огорожею, воротами та підходом; зв’язати ролі одного власника.",Assets/QuietCamp/Authoring/Roadmap/Models/EnvironmentKit/ua_bus_shelter_mosaic.obj,197,12c9c611914674e35129078e8e3767583e63d8daaf3033bd988e8a59289a66ac,D12
M1168,m_251cf2744f535baaa6edf5aa5cd7b474,Курка,українська садиба,кандидат,"Курка. Габарити джерела: 0.45 × 0.55 × 0.67 м (ширина × висота × глибина). Цілісний двір із власною огорожею, воротами та підходом; зв’язати ролі одного власника.",Assets/QuietCamp/Authoring/Roadmap/Models/EnvironmentKit/ua_chicken.obj,43,59cb9d8fe5b2dbb705abd257d49fc6298d5b3e2db0c7d076c3bd7fb00294b9b9,
M1169,m_ea3d7a653be2552d9fb13946c20cb864,Курник,українська садиба,кандидат,"Курник. Габарити джерела: 1.80 × 1.89 × 2.66 м (ширина × висота × глибина). Цілісний двір із власною огорожею, воротами та підходом; зв’язати ролі одного власника.",Assets/QuietCamp/Authoring/Roadmap/Models/EnvironmentKit/ua_chicken_coop.obj,240,46e4d27744504e86a74d909791e6f855eb6a7c4ea3bd6261a1079a1e50068176,
M1170,m_499dba7f3b285be38d477e8bad2946e6,Пошкоджена гребля,велика інфраструктура,резерв,Пошкоджена гребля. Габарити джерела: 33.10 × 6.84 × 7.05 м (ширина × висота × глибина). Окремий цілісний сюжетний ансамбль після затвердження стилю; не центр перших галявин.,Assets/QuietCamp/Authoring/Roadmap/Models/EnvironmentKit/ua_dam_breached.obj,288,714345cbfe4adf0bc70f3370066b22d556ee4bc69e783cec3f9c1c7771e73a07,
M1171,m_ba8a7ae3aaae5103adc8ecce0e87388f,Пошкоджена гребля · спрощений варіант,велика інфраструктура,резерв,Пошкоджена гребля · спрощений варіант. Габарити джерела: 33.10 × 6.42 × 4.60 м (ширина × висота × глибина). Окремий цілісний сюжетний ансамбль після затвердження стилю; не центр перших галявин.,Assets/QuietCamp/Authoring/Roadmap/Models/EnvironmentKit/ua_dam_breached_lod.obj,144,6224f0fe9aa896de2a2a48f92481fc51418760945b9a3d0b50e8c56ff24d4bc8,
M1172,m_3afb5109c9605c1c9383979f12cf1481,Польове різнотрав’я,природа,кандидат,"Польове різнотрав’я. Габарити джерела: 0.58 × 0.61 × 0.29 м (ширина × висота × глибина). Природний край, тло або малий акцент. Зберегти відкритий центр і прохід до галявини.",Assets/QuietCamp/Authoring/Roadmap/Models/EnvironmentKit/ua_field_weeds.obj,12,7e3f5bbec5a7252b37d5ff715caec0c3cbb079963cfbe127c1cc3d5864ddc2fd,
M1173,m_f66a6f02241c5a70a930cd56e64c7904,Польове різнотрав’я · спрощений варіант,природа,кандидат,"Польове різнотрав’я · спрощений варіант. Габарити джерела: 0.58 × 0.61 × 0.06 м (ширина × висота × глибина). Природний край, тло або малий акцент. Зберегти відкритий центр і прохід до галявини.",Assets/QuietCamp/Authoring/Roadmap/Models/EnvironmentKit/ua_field_weeds_lod.obj,6,33295ea037a8aa9af66850ec0235d8721ed52bba5ab73408bb5d2ce7be96d880,
M1174,m_345b1dcfc7c6568b955f273eff9952e1,Хатина лісника,українська садиба,кандидат,"Хатина лісника. Габарити джерела: 3.90 × 3.03 × 4.73 м (ширина × висота × глибина). Цілісний двір із власною огорожею, воротами та підходом; зв’язати ролі одного власника.",Assets/QuietCamp/Authoring/Roadmap/Models/EnvironmentKit/ua_forester_hut.obj,216,00c808b13426257b4a4ed257a94333d3d9360b5da6041158a42c3876180e3782,
M1175,m_94aa676c951254f3b925272593e0b0ea,Службова будівля греблі,велика інфраструктура,резерв,Службова будівля греблі. Габарити джерела: 4.05 × 2.78 × 3.80 м (ширина × висота × глибина). Окремий цілісний сюжетний ансамбль після затвердження стилю; не центр перших галявин.,Assets/QuietCamp/Authoring/Roadmap/Models/EnvironmentKit/ua_hydro_service_building.obj,72,b7ff896dffa118ace426250ea27d72dc3391ac46b81cd7342c593f67f8a0ee38,
M1176,m_dd554c9e1dff52d9bb654aec3dce5be3,Швартовий стовпчик,українська садиба,кандидат,"Швартовий стовпчик. Габарити джерела: 0.54 × 1.00 × 0.24 м (ширина × висота × глибина). Цілісний двір із власною огорожею, воротами та підходом; зв’язати ролі одного власника.",Assets/QuietCamp/Authoring/Roadmap/Models/EnvironmentKit/ua_mooring_post.obj,24,cbe8d3427bd029fb94fd4270907556b5d799e26c0990e7f458ff6e4d1f02e46e,D07
M1177,m_ad8e482bfbe95130b784981142392b75,Пошкоджений штахетник,українська садиба,кандидат,"Пошкоджений штахетник. Габарити джерела: 3.33 × 1.31 × 0.21 м (ширина × висота × глибина). Цілісний двір із власною огорожею, воротами та підходом; зв’язати ролі одного власника.",Assets/QuietCamp/Authoring/Roadmap/Models/EnvironmentKit/ua_picket_fence_damaged.obj,120,c6fd86b35d1a94d03a0edff37c9e13896cfe67e6cbaf02bdae5376c5aff2f5f5,
M1178,m_3660b9cbd7d654ef84cfb3ee88f70985,Дощана переправа,українська садиба,кандидат,"Дощана переправа. Габарити джерела: 1.85 × 0.46 × 5.06 м (ширина × висота × глибина). Цілісний двір із власною огорожею, воротами та підходом; зв’язати ролі одного власника.",Assets/QuietCamp/Authoring/Roadmap/Models/EnvironmentKit/ua_plank_bridge.obj,168,c0874cdc4d35a6742e17e8c3e9eece8fe91c31d0e8e57b9f26c51e55c7b8f3a4,D08
M1179,m_f845f274fb775ccd9c67a373cd347599,Тополя,природа,кандидат,"Тополя. Габарити джерела: 1.24 × 4.61 × 1.27 м (ширина × висота × глибина). Природний край, тло або малий акцент. Зберегти відкритий центр і прохід до галявини.",Assets/QuietCamp/Authoring/Roadmap/Models/EnvironmentKit/ua_poplar.obj,26,0dbc6220c0e01e8c44d9e64fde85995b8efff21d577b82bc820a15fbd7de7cce,
M1180,m_252efb34ee5c5e10a350562dbb8ab41e,Тополя · спрощений варіант,природа,кандидат,"Тополя · спрощений варіант. Габарити джерела: 1.18 × 4.61 × 1.24 м (ширина × висота × глибина). Природний край, тло або малий акцент. Зберегти відкритий центр і прохід до галявини.",Assets/QuietCamp/Authoring/Roadmap/Models/EnvironmentKit/ua_poplar_lod.obj,22,5fcb017f39fa62c5705d2e1e4aff9af2d1a728080f0fb0e0c8acdaf0448f6b6b,
M1181,m_7f3f5cb466a159de9844966364998864,Повалена електроопора,велика інфраструктура,резерв,Повалена електроопора. Габарити джерела: 16.26 × 7.86 × 4.15 м (ширина × висота × глибина). Окремий цілісний сюжетний ансамбль після затвердження стилю; не центр перших галявин.,Assets/QuietCamp/Authoring/Roadmap/Models/EnvironmentKit/ua_power_pylon_fallen.obj,932,39052e85efb84d0316c9267850b3e79b5215a0ad94ef4afb5d243f8acaad2a0f,
M1182,m_20f3252aa8455b30954456326670d6e0,Іржава електроопора,велика інфраструктура,резерв,Іржава електроопора. Габарити джерела: 7.85 × 16.05 × 4.15 м (ширина × висота × глибина). Окремий цілісний сюжетний ансамбль після затвердження стилю; не центр перших галявин.,Assets/QuietCamp/Authoring/Roadmap/Models/EnvironmentKit/ua_power_pylon_rusted.obj,932,4c8e41235975ef3ee9835b6437e4cfa48777e377b01e568e3c71d1fd69719afd,
M1183,m_15d6545cdc3e5339a8d4bd6b36b2da29,Пучок очерету,природа,кандидат,"Пучок очерету. Габарити джерела: 0.59 × 1.36 × 0.29 м (ширина × висота × глибина). Природний край, тло або малий акцент. Зберегти відкритий центр і прохід до галявини.",Assets/QuietCamp/Authoring/Roadmap/Models/EnvironmentKit/ua_reed_clump.obj,12,4c003fb3d5aaf1fc41a9daa0edc94e1d71369131838a110b7472d806c5b8a8a7,
M1184,m_09fa9fe0d1215e9fb4afec3373af9d5f,Пучок очерету · спрощений варіант,природа,кандидат,"Пучок очерету · спрощений варіант. Габарити джерела: 0.59 × 1.36 × 0.06 м (ширина × висота × глибина). Природний край, тло або малий акцент. Зберегти відкритий центр і прохід до галявини.",Assets/QuietCamp/Authoring/Roadmap/Models/EnvironmentKit/ua_reed_clump_lod.obj,6,6e8d43ed068fbdb910ef22ae788152dbf2c92952db09ab5756672757ffe6d0a2,
M1185,m_360648201d165b469def3eb1ff62aa46,Криниця-журавель,українська садиба,кандидат,"Криниця-журавель. Габарити джерела: 3.63 × 3.96 × 1.21 м (ширина × висота × глибина). Цілісний двір із власною огорожею, воротами та підходом; зв’язати ролі одного власника.",Assets/QuietCamp/Authoring/Roadmap/Models/EnvironmentKit/ua_well_sweep.obj,108,e98042ab2d9a7528645996ba334a888b13652f1a9ad6f47af7fe8ec1f886889a,
M1186,m_df584c6991d85f33a3ed36782788a752,Молода верба,природа,кандидат,"Молода верба. Габарити джерела: 2.12 × 2.83 × 1.76 м (ширина × висота × глибина). Природний край, тло або малий акцент. Зберегти відкритий центр і прохід до галявини.",Assets/QuietCamp/Authoring/Roadmap/Models/EnvironmentKit/ua_young_willow.obj,54,ded8b516585b788618d28241945ed068def2891d5ea6b582a38386405c857f85,D07;D08
M1187,m_eed6878294d950a4abc19d8d4e6f1312,Молода верба · спрощений варіант,природа,кандидат,"Молода верба · спрощений варіант. Габарити джерела: 1.19 × 2.62 × 1.26 м (ширина × висота × глибина). Природний край, тло або малий акцент. Зберегти відкритий центр і прохід до галявини.",Assets/QuietCamp/Authoring/Roadmap/Models/EnvironmentKit/ua_young_willow_lod.obj,22,feb0470a8ff300a5746e7c3d578ecdb50b544710fd2faf88ab5e8f87b0b5369e,
M1188,m_f8e58e0665b559eab95c564cc7a17d34,Передня частина вигаданого літака,велика інфраструктура,резерв,Передня частина вигаданого літака. Габарити джерела: 17.36 × 4.67 × 14.23 м (ширина × висота × глибина). Окремий цілісний сюжетний ансамбль після затвердження стилю; не центр перших галявин.,Assets/QuietCamp/Authoring/Roadmap/Models/StagingLandmarks/staging_aircraft_fore.obj,5956,3b5fe95a8f1d796b1037f5730c31201ade95314c6cd603a906e57952a465cda7,
M1189,m_1dea9794884a55d2b4ca6be86d2cba64,Передня частина вигаданого літака · спрощений варіант,велика інфраструктура,резерв,Передня частина вигаданого літака · спрощений варіант. Габарити джерела: 17.47 × 4.66 × 13.98 м (ширина × висота × глибина). Окремий цілісний сюжетний ансамбль після затвердження стилю; не центр перших галявин.,Assets/QuietCamp/Authoring/Roadmap/Models/StagingLandmarks/staging_aircraft_fore_coarse.obj,1176,586c7450c3a3e1e8c0dc0bb59ab17c346be46cccbbe7e327c37f155f082d5be2,
M1190,m_c7a2220fba485b8cbdfe18822948fc63,Передня частина вигаданого літака · спрощений варіант,велика інфраструктура,резерв,Передня частина вигаданого літака · спрощений варіант. Габарити джерела: 12.98 × 4.33 × 15.14 м (ширина × висота × глибина). Окремий цілісний сюжетний ансамбль після затвердження стилю; не центр перших галявин.,Assets/QuietCamp/Authoring/Roadmap/Models/StagingLandmarks/staging_aircraft_fore_silhouette.obj,160,bde5196bc7d5fe844009283ecf8588e5b224e260b8b3a5382554379cd4408514,
M1191,m_14e8fecef6ae5f7c8b20871f016ceb4a,Хвостова частина вигаданого літака,велика інфраструктура,резерв,Хвостова частина вигаданого літака. Габарити джерела: 27.47 × 8.34 × 15.42 м (ширина × висота × глибина). Окремий цілісний сюжетний ансамбль після затвердження стилю; не центр перших галявин.,Assets/QuietCamp/Authoring/Roadmap/Models/StagingLandmarks/staging_aircraft_tail.obj,1144,c64a668ed0ea1acdff8aade17956462d92f637778c57263a4af9300cd224a888,
M1192,m_163122a3244a59af8cbe691658f6983a,Хвостова частина вигаданого літака · спрощений варіант,велика інфраструктура,резерв,Хвостова частина вигаданого літака · спрощений варіант. Габарити джерела: 27.47 × 8.34 × 15.42 м (ширина × висота × глибина). Окремий цілісний сюжетний ансамбль після затвердження стилю; не центр перших галявин.,Assets/QuietCamp/Authoring/Roadmap/Models/StagingLandmarks/staging_aircraft_tail_coarse.obj,1144,c64a668ed0ea1acdff8aade17956462d92f637778c57263a4af9300cd224a888,
M1193,m_979e5a12770b56ad9a2668a2de12b492,Хвостова частина вигаданого літака · спрощений варіант,велика інфраструктура,резерв,Хвостова частина вигаданого літака · спрощений варіант. Габарити джерела: 26.62 × 8.32 × 14.97 м (ширина × висота × глибина). Окремий цілісний сюжетний ансамбль після затвердження стилю; не центр перших галявин.,Assets/QuietCamp/Authoring/Roadmap/Models/StagingLandmarks/staging_aircraft_tail_silhouette.obj,152,cfc4d62ffe01d3b8508823ba339dfd4a3972b9eb0f384575df01da9091bfe02d,
M1194,m_3c3dc539b9655b279fcbde6e0c6e2999,Вигадане вантажне судно,велика інфраструктура,резерв,Вигадане вантажне судно. Габарити джерела: 5.83 × 9.67 × 31.00 м (ширина × висота × глибина). Окремий цілісний сюжетний ансамбль після затвердження стилю; не центр перших галявин.,Assets/QuietCamp/Authoring/Roadmap/Models/StagingLandmarks/staging_cargo_ship.obj,1100,af97e8d61a5ef01c283fc33510a6c77335da65155f8bf664fe5d74a4f07c21ea,
M1195,m_afc6b6d80a6e5e1d9f7e44f959a2657b,Вигадане вантажне судно · спрощений варіант,велика інфраструктура,резерв,Вигадане вантажне судно · спрощений варіант. Габарити джерела: 5.83 × 9.65 × 30.99 м (ширина × висота × глибина). Окремий цілісний сюжетний ансамбль після затвердження стилю; не центр перших галявин.,Assets/QuietCamp/Authoring/Roadmap/Models/StagingLandmarks/staging_cargo_ship_coarse.obj,650,2b0c99377c8c655b90c99fc09c67e51a9fcb0c4c8f2d7cb9c7bc13702551b614,
M1196,m_1548ad301f8852e1b13f60196e62168f,Вигадане вантажне судно · спрощений варіант,велика інфраструктура,резерв,Вигадане вантажне судно · спрощений варіант. Габарити джерела: 5.83 × 9.63 × 30.97 м (ширина × висота × глибина). Окремий цілісний сюжетний ансамбль після затвердження стилю; не центр перших галявин.,Assets/QuietCamp/Authoring/Roadmap/Models/StagingLandmarks/staging_cargo_ship_silhouette.obj,300,52ddeee8aed89c7c3be7aced00478efe1be2a97064539a957cde699206835238,
M1197,m_06b22a714b21511a8fd227a2c7138a42,Сільська зупинка,українська садиба,кандидат,"Сільська зупинка. Габарити джерела: 3.48 × 2.20 × 1.99 м (ширина × висота × глибина). Цілісний двір із власною огорожею, воротами та підходом; зв’язати ролі одного власника.",Assets/QuietCamp/Authoring/Roadmap/Models/UkrainianRural/ua_bus_shelter.obj,192,cdabc5bc00d5d548c9a96efb90d137081bd9fbc89f062531942075219c30baa4,
M1198,m_f89c7f1cbadd58bb8caf7223e9c920b2,Бетонна огорожа,українська садиба,кандидат,"Бетонна огорожа. Габарити джерела: 3.52 × 1.66 × 0.25 м (ширина × висота × глибина). Цілісний двір із власною огорожею, воротами та підходом; зв’язати ролі одного власника.",Assets/QuietCamp/Authoring/Roadmap/Models/UkrainianRural/ua_concrete_fence.obj,300,cb39f1c6042ca9aca79b02cc2a7397e6591b5c8f92240fe4640dab6af535a695,
M1199,m_be38d7e4f3835085819a70507bbffb58,Ворота,українська садиба,кандидат,"Ворота. Габарити джерела: 3.66 × 1.88 × 0.97 м (ширина × висота × глибина). Цілісний двір із власною огорожею, воротами та підходом; зв’язати ролі одного власника.",Assets/QuietCamp/Authoring/Roadmap/Models/UkrainianRural/ua_gate.obj,312,b2eb6f773b58b8897c2a077994da3ada4ffcb76cc3fdf2b043d58b51a311769f,D01;D10;D11
M1200,m_92652ac14ef05618ac2dab45c4e81fa9,Садове дерево,персонажний реквізит,резерв,Садове дерево. Габарити джерела: 2.96 × 2.97 × 2.33 м (ширина × висота × глибина). Цивільні каремати/ранці можливі після адаптації кольорів; не основа ландшафту.,Assets/QuietCamp/Authoring/Roadmap/Models/UkrainianRural/ua_orchard_tree.obj,132,2d6ee1eb20d43df6f9719f5af88c490ee1cc18b09ee2228a3f25dfed43e02c7b,D01;D02;D04;D10;D11
M1201,m_05254e5b19a456fd85bae64be649a8b3,Штахетник,українська садиба,кандидат,"Штахетник. Габарити джерела: 3.33 × 1.32 × 0.17 м (ширина × висота × глибина). Цілісний двір із власною огорожею, воротами та підходом; зв’язати ролі одного власника.",Assets/QuietCamp/Authoring/Roadmap/Models/UkrainianRural/ua_picket_fence.obj,224,dda3f4b9c00edc467c891dc630c0336cb03cbf9d8429e4e8b7e153dc979f58e6,D10;D11
M1202,m_f0a8defdc16b5f578d947c20666ed191,Висока електроопора,велика інфраструктура,резерв,Висока електроопора. Габарити джерела: 7.85 × 16.05 × 4.15 м (ширина × висота × глибина). Окремий цілісний сюжетний ансамбль після затвердження стилю; не центр перших галявин.,Assets/QuietCamp/Authoring/Roadmap/Models/UkrainianRural/ua_power_pylon.obj,932,a544f189e1d4c0e583697b59d10285786081405c2b7888c9b31bd11cc2c5fc95,
M1203,m_31444083582057a1804fe27b3123b578,Сільський електростовп,велика інфраструктура,резерв,Сільський електростовп. Габарити джерела: 2.20 × 7.31 × 0.29 м (ширина × висота × глибина). Окремий цілісний сюжетний ансамбль після затвердження стилю; не центр перших галявин.,Assets/QuietCamp/Authoring/Roadmap/Models/UkrainianRural/ua_rural_pole.obj,120,34d1e8854b99d5ada60e59afa13fd8effbcdbef2bca46d2decd4a6bc5c4dc5c8,
M1204,m_f00d17d09707592bb9ac6b32084b6002,Група соняшників,природа,кандидат,"Група соняшників. Габарити джерела: 1.57 × 1.57 × 1.04 м (ширина × висота × глибина). Природний край, тло або малий акцент. Зберегти відкритий центр і прохід до галявини.",Assets/QuietCamp/Authoring/Roadmap/Models/UkrainianRural/ua_sunflower_patch.obj,405,957098843775ffe50822647303eff42fd21cbcab29e48125f6b29a7885028e3e,D03
M1205,m_a83f4d04ad1d5562b576fcacf8cd7bbb,Група соняшників · спрощений варіант,природа,кандидат,"Група соняшників · спрощений варіант. Габарити джерела: 1.54 × 1.52 × 0.90 м (ширина × висота × глибина). Природний край, тло або малий акцент. Зберегти відкритий центр і прохід до галявини.",Assets/QuietCamp/Authoring/Roadmap/Models/UkrainianRural/ua_sunflower_patch_lod.obj,116,87f7f1d764e29c5085b6a1643c04d52aa213ce4cc7726b414e2087bc9c6a7f61,
M1206,m_c4b656fe809f5a77af0f23c42b4a1272,Плетений тин,українська садиба,кандидат,"Плетений тин. Габарити джерела: 3.33 × 1.26 × 0.19 м (ширина × висота × глибина). Цілісний двір із власною огорожею, воротами та підходом; зв’язати ролі одного власника.",Assets/QuietCamp/Authoring/Roadmap/Models/UkrainianRural/ua_wattle_fence.obj,620,78f29d31cb34d73b9a5c7ac4828e405626826b8e9620ec261115ca03197437c8,D01
M1207,m_a6ebcbe6e619513f9870ed02ff073de9,Криниця,українська садиба,кандидат,"Криниця. Габарити джерела: 1.97 × 2.26 × 1.48 м (ширина × висота × глибина). Цілісний двір із власною огорожею, воротами та підходом; зв’язати ролі одного власника.",Assets/QuietCamp/Authoring/Roadmap/Models/UkrainianRural/ua_well.obj,140,b87af3cfa1adc795224b59f3aa32a963c6c85c7dee86fa4cb6906fdb274e004f,D01;D04;D10;D11
M1208,m_fdc43667238753feb44f26486a2f39b2,Пшеничний край,природа,кандидат,"Пшеничний край. Габарити джерела: 1.41 × 1.15 × 1.04 м (ширина × висота × глибина). Природний край, тло або малий акцент. Зберегти відкритий центр і прохід до галявини.",Assets/QuietCamp/Authoring/Roadmap/Models/UkrainianRural/ua_wheat_patch.obj,480,7577a37eda20b2b30841fe6380024e4800f003ccf7b8db0131b9dd338e1fc13d,D10
M1209,m_5d8d7f6cb76d54dcb50644e005b1f69c,Пшеничний край · спрощений варіант,природа,кандидат,"Пшеничний край · спрощений варіант. Габарити джерела: 1.39 × 1.09 × 0.98 м (ширина × висота × глибина). Природний край, тло або малий акцент. Зберегти відкритий центр і прохід до галявини.",Assets/QuietCamp/Authoring/Roadmap/Models/UkrainianRural/ua_wheat_patch_lod.obj,144,835dcc93438c48bc13573a2e2c78f7b7c2d27aa875f7934ee31d4404e09f3c67,
M1210,m_a8c01b0af0c25575b01bfb4e951a247a,Побілена українська хата,українська садиба,кандидат,"Побілена українська хата. Габарити джерела: 5.81 × 4.54 × 6.89 м (ширина × висота × глибина). Цілісний двір із власною огорожею, воротами та підходом; зв’язати ролі одного власника.",Assets/QuietCamp/Authoring/Roadmap/Models/UkrainianRural/ua_whitewashed_house.obj,604,9bcd15e94dc2d4539de3cd5af557f966c5a797802dcb31dbb51d0daef6d70fe6,D01;D10;D11
